full_name,position,team,age,bye_week,status,years_exp,player_id,espn_id,yahoo_id,sportradar_id,gsis_id,passing_yards_2024,passing_tds_2024,rushing_yards_2024,rushing_tds_2024,carries_2024,receptions_2024,receiving_yards_2024,receiving_tds_2024,targets_2024,passing_yards_2025,passing_tds_2025,rushing_yards_2025,rushing_tds_2025,carries_2025,receptions_2025,receiving_yards_2025,receiving_tds_2025,targets_2025,snap_share_2024,target_share_2024,snap_share_2025,target_share_2025,adp,adp_rank,ecr_rank,ecr_tier,sos_season,proj_points,custom_proj_points,proj_divergence,bonus_points,total_points,fp_total_points,vols,games,wk_mean,wk_std,boom_rate,bust_rate,consistency,is_rookie,draft_pick,availability,team_changed,team_stayed,cv_rel,new_hc_team,floor,ceiling,p10,p90,P_pos1,P_pos2,P_pos3,p_elite,p_startable,p_bust,floor_healthy,ceiling_healthy,xppg,xppg_diff,switched_team,regression,team_implied_total,team_env,overall_rank,pos_rank,pos_label,team_role,role_lead,role_env_ok,rank_ecr,proj_outlier,rank_composite,value_gap,market,risk_tier
Jahmyr Gibbs,RB,DET,24.0,6.0,Active,3.0,9221,,,fef9457e-6497-47de-9bf2-cc3b95929375,00-0039139,0.0,0.0,1412.0,16.0,250.0,52.0,517.0,4.0,63.0,0.0,0.0,1223.0,13.0,243.0,77.0,616.0,5.0,94.0,0.553,0.121,0.67,0.171,1.6,1.6,4.0,1.0,5 out of 5 stars,372.5,367.294,0.02,69.694,411.769,436.988,198.395,34.0,21.582,11.074,0.412,0.029,0.513,False,,0.879,False,True,0.572,False,297.697,533.052,212.97,608.647,0.733,0.152,0.04,0.316,0.91,0.09,324.835,489.825,18.082,3.487,False,Sustainable,26.1,1.136,1,1,RB1,RB1,279.5,True,2,False,1,1,fair,Balanced
Bijan Robinson,RB,ATL,24.0,11.0,Active,3.0,9509,,,f78d68c2-f9da-48e7-b954-26b69efd828d,00-0038542,0.0,0.0,1456.0,14.0,304.0,61.0,431.0,1.0,72.0,0.0,0.0,1478.0,7.0,287.0,79.0,820.0,4.0,103.0,0.754,0.134,0.782,0.198,2.7,2.7,2.0,1.0,2 out of 5 stars,370.1,357.603,0.054,70.741,401.511,428.344,188.137,34.0,21.015,8.509,0.529,0.0,0.405,False,,0.895,False,True,0.451,True,318.923,516.486,250.383,574.128,0.776,0.133,0.023,0.296,0.922,0.078,339.526,476.536,18.716,2.24,False,Sustainable,21.1,0.919,2,2,RB2,RB1,278.3,True,1,False,2,1,fair,Safe
Christian McCaffrey,RB,SF,30.0,8.0,Active,9.0,4034,3117251.0,30121.0,f96db0af-5e25-42d1-a07a-49b4e065b364,00-0033280,0.0,0.0,202.0,0.0,50.0,15.0,146.0,0.0,19.0,0.0,0.0,1202.0,10.0,311.0,102.0,924.0,7.0,129.0,0.722,0.037,0.831,0.235,6.2,6.2,8.0,2.0,2 out of 5 stars,342.4,346.881,0.019,67.083,389.988,413.964,176.614,21.0,22.21,8.935,0.571,0.0,0.402,False,,0.743,False,True,0.449,False,182.187,579.826,111.472,685.766,0.573,0.152,0.107,0.331,0.782,0.218,309.992,460.938,22.968,-1.047,False,Sustainable,25.0,1.089,3,3,RB3,RB1,299.7,True,5,False,3,3,fair,Injury Risk
Puka Nacua,WR,LAR,25.0,11.0,Active,3.0,9493,,,111be44d-7bc2-4cad-934d-c9e946293b2f,00-0039075,0.0,0.0,46.0,1.0,11.0,79.0,990.0,3.0,106.0,0.0,0.0,105.0,1.0,10.0,129.0,1715.0,10.0,166.0,0.697,0.196,0.682,0.286,3.7,3.7,3.0,1.0,1 out of 5 stars,355.5,355.929,0.001,43.04,361.963,398.97,147.59,27.0,21.615,10.178,0.519,0.074,0.471,False,,0.85,False,True,0.51,False,260.629,469.022,189.865,529.403,0.667,0.156,0.063,0.334,0.861,0.139,298.603,423.126,19.148,2.258,False,Sustainable,26.3,1.145,4,1,WR1,WR1,126.6,True,4,False,4,0,fair,Balanced
Ja'Marr Chase,WR,CIN,26.0,6.0,Active,5.0,7564,,,fa99e984-d63b-4ef4-a164-407f68a7eeaf,00-0036900,0.0,0.0,32.0,0.0,3.0,127.0,1708.0,17.0,175.0,0.0,0.0,14.0,0.0,3.0,125.0,1412.0,8.0,185.0,0.923,0.279,0.944,0.304,4.6,4.6,1.0,1.0,4 out of 5 stars,335.6,335.163,0.002,44.296,359.723,379.459,145.351,33.0,21.776,11.618,0.515,0.061,0.534,False,,0.892,False,True,0.578,False,278.899,449.761,229.243,502.038,0.694,0.176,0.051,0.292,0.902,0.098,295.494,419.905,18.953,2.762,False,Sustainable,26.0,1.132,5,2,WR2,WR1,124.7,True,3,False,5,0,fair,Balanced
Amon-Ra St. Brown,WR,DET,26.0,6.0,Active,5.0,7547,,,26ef0447-29b8-4dd1-9831-dcbf8132bb74,00-0036963,7.0,1.0,6.0,0.0,2.0,115.0,1263.0,12.0,141.0,0.0,0.0,9.0,0.0,3.0,117.0,1401.0,11.0,172.0,0.883,0.27,0.852,0.313,8.2,8.2,6.0,2.0,4 out of 5 stars,319.4,322.833,0.016,38.909,342.899,361.742,128.526,34.0,18.946,10.044,0.412,0.059,0.53,False,,0.901,False,True,0.574,False,268.132,426.625,223.986,474.243,0.639,0.212,0.068,0.231,0.895,0.105,281.87,399.84,17.773,1.481,False,Sustainable,26.1,1.136,7,3,WR3,WR1,121.1,True,6,False,6,1,fair,Balanced
Jonathan Taylor,RB,IND,27.0,13.0,Active,6.0,6813,4242335.0,32711.0,925195a4-06ba-4e37-ae7d-a3d6a5419139,00-0036223,0.0,0.0,1431.0,11.0,303.0,18.0,136.0,1.0,31.0,0.0,0.0,1585.0,18.0,323.0,46.0,378.0,2.0,55.0,0.803,0.063,0.826,0.104,8.2,8.2,10.0,2.0,4 out of 5 stars,309.7,307.89,0.009,69.761,350.979,377.651,137.605,31.0,19.645,11.137,0.355,0.065,0.567,False,,0.811,False,True,0.632,False,212.6,483.893,132.579,560.129,0.549,0.217,0.104,0.204,0.827,0.173,274.36,419.973,17.806,1.774,False,Sustainable,23.4,1.019,6,4,RB4,RB1,307.4,True,8,False,7,2,fair,Injury Risk
Jaxon Smith-Njigba,WR,SEA,24.0,11.0,Active,3.0,9488,,,6215db71-1e13-4c62-8f14-2005d33dee47,00-0038543,35.0,0.0,26.0,0.0,5.0,100.0,1130.0,6.0,137.0,0.0,0.0,36.0,0.0,7.0,119.0,1793.0,10.0,163.0,0.864,0.241,0.774,0.358,5.8,5.8,5.0,1.0,3 out of 5 stars,337.0,329.85,0.033,38.871,341.921,368.721,127.548,34.0,18.085,8.668,0.441,0.118,0.479,False,,0.909,False,True,0.519,False,271.253,421.298,230.38,468.901,0.642,0.221,0.064,0.213,0.904,0.096,281.069,398.843,15.406,2.481,False,Sustainable,24.7,1.076,8,4,WR4,WR1,146.5,True,7,False,8,-2,fair,Balanced
De'Von Achane,RB,MIA,24.0,6.0,Active,3.0,9226,,,a4ef921b-8767-4b4f-a651-7675c00f9af0,00-0039040,0.0,0.0,907.0,6.0,203.0,78.0,592.0,6.0,87.0,0.0,0.0,1350.0,8.0,238.0,67.0,488.0,4.0,85.0,0.624,0.153,0.754,0.184,12.8,12.8,13.0,3.0,3 out of 5 stars,310.3,298.401,0.061,63.319,325.657,361.72,112.283,33.0,18.87,8.207,0.394,0.091,0.435,False,,0.837,False,True,0.485,True,224.281,443.929,140.632,500.575,0.524,0.261,0.098,0.134,0.844,0.156,275.078,386.47,16.392,2.456,False,Sustainable,19.3,0.84,9,5,RB5,RB1,269.0,False,9,False,9,4,fair,Injury Risk
CeeDee Lamb,WR,DAL,27.0,14.0,Active,6.0,6786,4241389.0,32687.0,a72ea15b-5199-4101-a300-846e1c655add,00-0036358,0.0,0.0,70.0,0.0,14.0,101.0,1194.0,6.0,152.0,0.0,0.0,2.0,0.0,1.0,75.0,1077.0,3.0,117.0,0.802,0.244,0.729,0.193,10.5,10.5,7.0,2.0,2 out of 5 stars,273.5,287.256,0.076,35.377,308.562,322.633,94.189,28.0,16.582,7.245,0.25,0.071,0.437,False,,0.859,False,True,0.473,False,228.347,396.249,172.866,444.958,0.496,0.24,0.114,0.149,0.804,0.196,253.743,356.334,17.301,-0.719,False,Sustainable,25.6,1.115,18,5,WR5,WR1,48.0,True,13,False,10,-8,fair,Safe
James Cook,RB,BUF,26.0,7.0,Active,4.0,8138,,,ce5de0e5-9f76-42ee-b93a-3ef88af9b0a7,00-0037248,0.0,0.0,1009.0,16.0,207.0,32.0,258.0,2.0,38.0,0.0,0.0,1621.0,12.0,309.0,33.0,291.0,2.0,40.0,0.477,0.077,0.572,0.084,14.3,14.3,19.0,3.0,2 out of 5 stars,270.2,274.489,0.024,61.321,325.601,335.81,112.227,33.0,17.421,8.436,0.424,0.121,0.484,False,,0.887,False,True,0.54,True,254.068,422.95,194.394,471.719,0.529,0.319,0.071,0.094,0.899,0.101,272.688,387.61,14.25,2.794,False,Sustainable,26.3,1.145,10,6,RB6,RB1,214.3,True,11,False,11,4,fair,Balanced
Trey McBride,TE,ARI,26.0,14.0,Active,4.0,8130,,,734d54cc-c869-4e2f-a60f-c59c493f5110,00-0037744,0.0,0.0,2.0,1.0,1.0,111.0,1146.0,2.0,147.0,0.0,0.0,0.0,0.0,0.0,126.0,1239.0,11.0,169.0,0.898,0.281,0.914,0.274,18.2,18.2,17.0,3.0,2 out of 5 stars,264.2,256.118,0.05,33.534,278.898,289.652,101.75,33.0,16.961,7.854,0.515,0.0,0.463,False,,0.893,False,True,0.524,True,213.955,348.568,178.58,391.249,0.87,0.081,0.016,0.422,0.87,0.13,226.194,328.552,17.269,-0.308,False,Sustainable,18.8,0.819,12,1,TE1,TE1,229.5,True,12,False,12,6,fair,Balanced
Ashton Jeanty,RB,LV,22.0,13.0,Active,1.0,12527,,,320fc4b7-76c7-43af-bbfd-1a22ba8f78cb,00-0040122,,,,,,,,,,0.0,0.0,975.0,5.0,266.0,55.0,346.0,5.0,73.0,,,0.779,0.148,17.8,17.8,14.0,3.0,2 out of 5 stars,275.4,278.681,0.02,66.108,324.015,344.789,110.641,17.0,14.535,8.969,0.176,0.118,0.617,False,,0.854,False,True,0.688,True,232.42,435.725,151.28,492.082,0.52,0.281,0.091,0.119,0.859,0.141,268.453,387.993,14.645,-0.227,False,Sustainable,19.5,0.849,11,7,RB7,RB1,238.0,False,10,False,13,7,fair,Boom/Bust
Chase Brown,RB,CIN,26.0,6.0,Active,3.0,9224,,,d74ff06d-905d-4fed-8f98-b5f6d4549333,00-0038597,0.0,0.0,990.0,7.0,229.0,54.0,360.0,4.0,65.0,0.0,0.0,1019.0,6.0,232.0,69.0,437.0,5.0,88.0,0.628,0.104,,0.145,26.5,26.5,21.0,3.0,2 out of 5 stars,277.6,273.346,0.024,59.718,311.53,333.064,98.156,33.0,16.23,7.455,0.242,0.091,0.459,False,,0.845,False,True,0.512,False,208.01,415.854,138.319,477.432,0.44,0.303,0.131,0.099,0.826,0.174,246.653,370.749,16.137,0.085,False,Sustainable,26.0,1.132,14,9,RB9,RB1,181.2,True,14,False,14,12,VALUE,Injury Risk
Saquon Barkley,RB,PHI,29.0,10.0,Active,8.0,4866,3929630.0,30972.0,9811b753-347c-467a-b3cb-85937e71e2b9,00-0034844,0.0,0.0,2005.0,13.0,345.0,33.0,278.0,2.0,43.0,0.0,0.0,1140.0,7.0,280.0,37.0,273.0,2.0,50.0,0.734,0.103,0.783,0.108,17.1,17.1,26.0,4.0,4 out of 5 stars,266.0,270.278,0.025,66.996,309.897,337.274,96.523,32.0,18.238,10.176,0.25,0.062,0.558,False,,0.853,False,True,0.622,False,209.873,412.333,136.566,473.335,0.434,0.313,0.13,0.092,0.829,0.171,242.777,370.412,17.652,1.377,False,Sustainable,23.9,1.041,15,10,RB10,RB1,221.4,True,19,False,15,2,fair,Balanced
Justin Jefferson,WR,MIN,27.0,6.0,Active,6.0,6794,4262921.0,32692.0,4131d4ee-0318-4bb5-832a-4dec80668a4f,00-0036322,22.0,0.0,3.0,0.0,1.0,103.0,1533.0,10.0,154.0,0.0,0.0,7.0,0.0,2.0,84.0,1048.0,2.0,141.0,0.932,0.298,0.942,0.301,11.9,11.9,9.0,2.0,5 out of 5 stars,269.5,284.997,0.085,35.392,299.031,320.389,84.658,34.0,15.264,7.59,0.265,0.118,0.497,False,149.0,0.85,False,True,0.539,False,216.088,388.754,156.623,438.557,0.456,0.243,0.124,0.138,0.771,0.229,246.355,349.192,15.978,-0.841,False,Sustainable,22.6,0.984,21,6,WR6,WR1,120.0,True,15,False,16,-9,fair,Balanced
Derrick Henry,RB,BAL,32.0,13.0,Active,10.0,3198,3043078.0,29279.0,87c481c7-7414-43cc-82df-19ca0c2ae22e,00-0032764,0.0,0.0,1921.0,16.0,325.0,19.0,193.0,2.0,22.0,0.0,0.0,1595.0,16.0,307.0,15.0,150.0,0.0,21.0,0.574,0.048,0.545,0.052,20.5,20.5,37.0,5.0,3 out of 5 stars,272.9,272.887,0.001,57.538,308.214,330.425,94.84,34.0,18.35,9.216,0.382,0.029,0.502,False,,0.79,False,True,0.56,True,178.013,440.923,109.79,510.593,0.46,0.239,0.127,0.135,0.773,0.227,257.412,366.602,15.017,3.341,False,TD-lucky,25.9,1.128,17,11,RB11,RB1,165.6,True,21,False,17,4,fair,Injury Risk
Drake London,WR,ATL,25.0,11.0,Active,4.0,8112,,,5053f9ae-15d9-4730-833d-484886b6f890,00-0037238,0.0,0.0,-3.0,0.0,1.0,100.0,1271.0,9.0,158.0,0.0,0.0,0.0,0.0,0.0,68.0,919.0,7.0,112.0,0.897,0.293,0.907,0.216,19.8,19.8,11.0,2.0,3 out of 5 stars,289.4,275.798,0.073,31.628,292.044,307.426,77.671,29.0,16.645,9.789,0.207,0.103,0.588,False,,0.859,False,True,0.637,True,223.092,380.726,170.737,424.407,0.455,0.261,0.126,0.115,0.791,0.209,251.369,341.764,16.833,-0.188,False,Sustainable,21.1,0.919,23,7,WR7,WR1,195.5,True,18,False,18,-3,fair,Balanced
Brock Bowers,TE,LV,23.0,13.0,Active,2.0,11604,,,ad9fc7e3-0a6d-4e41-84c2-cf43b71aee13,00-0039338,0.0,0.0,13.0,0.0,5.0,112.0,1194.0,5.0,153.0,0.0,0.0,2.0,0.0,2.0,64.0,680.0,7.0,86.0,0.849,0.258,0.859,0.174,23.3,23.3,20.0,3.0,3 out of 5 stars,243.6,241.109,0.015,31.072,262.693,272.181,85.545,29.0,15.066,8.77,0.414,0.034,0.582,False,,0.836,False,True,0.659,True,182.112,345.41,134.54,394.93,0.773,0.143,0.038,0.361,0.773,0.227,210.111,311.533,13.377,1.758,False,Sustainable,19.5,0.849,20,2,TE2,TE1,167.2,False,20,False,19,3,fair,Injury Risk
Omarion Hampton,RB,LAC,23.0,7.0,Active,1.0,12507,,,3e1b7908-79ee-4a23-97b9-5190725a2e5e,00-0040666,,,,,,,,,,0.0,0.0,545.0,4.0,124.0,32.0,192.0,1.0,35.0,,,0.634,0.064,20.6,20.6,24.0,4.0,3 out of 5 stars,263.8,273.692,0.053,60.95,311.782,334.641,98.408,9.0,15.078,8.075,0.333,0.111,0.536,False,,,False,True,0.597,False,191.582,428.271,117.517,496.376,0.443,0.266,0.139,0.12,0.793,0.207,244.664,372.607,13.403,0.157,False,Sustainable,23.8,1.036,13,8,RB8,RB1,192.4,True,16,False,20,8,fair,Balanced
Rashee Rice,WR,KC,26.0,5.0,Active,3.0,10229,,,cbd73c09-da07-48b0-a0d6-f248dfa631b6,00-0039067,0.0,0.0,1.0,0.0,1.0,24.0,288.0,2.0,29.0,0.0,0.0,20.0,1.0,5.0,53.0,571.0,5.0,78.0,0.602,0.051,0.749,0.142,21.8,21.8,22.0,4.0,2 out of 5 stars,273.2,271.238,0.013,31.956,279.363,303.194,64.991,12.0,17.75,9.005,0.417,0.083,0.507,False,,0.716,False,True,0.549,False,125.525,424.88,74.227,502.066,0.406,0.129,0.091,0.208,0.584,0.416,229.611,326.656,17.44,2.105,False,Sustainable,23.8,1.036,27,8,WR8,WR1,103.7,True,25,False,21,-5,fair,Injury Risk
Josh Jacobs,RB,GB,28.0,11.0,Active,7.0,5850,4047365.0,31856.0,61694ab9-b099-408e-b48d-6a643dd069ec,00-0035700,0.0,0.0,1329.0,15.0,301.0,36.0,342.0,1.0,43.0,0.0,0.0,929.0,13.0,234.0,36.0,282.0,1.0,44.0,0.634,0.093,0.591,0.096,26.1,26.1,45.0,5.0,4 out of 5 stars,256.9,267.46,0.061,57.576,291.823,325.037,78.449,32.0,16.881,7.601,0.406,0.094,0.45,False,,0.845,False,True,0.502,False,197.3,388.709,129.496,445.074,0.37,0.335,0.158,0.065,0.803,0.197,231.966,347.847,15.641,0.774,False,Sustainable,24.7,1.076,22,13,RB13,RB1,222.1,True,29,False,22,4,fair,Injury Risk
Kenneth Walker,RB,KC,25.0,5.0,Active,4.0,8151,,,22ee9bac-a64c-4d44-94fc-51d775465b3b,00-0038134,0.0,0.0,573.0,7.0,153.0,46.0,299.0,1.0,53.0,0.0,0.0,1027.0,5.0,221.0,31.0,282.0,0.0,36.0,0.633,0.093,0.469,0.079,28.7,28.7,30.0,4.0,3 out of 5 stars,252.1,264.625,0.075,56.681,290.754,321.306,77.379,28.0,13.325,7.259,0.179,0.143,0.545,False,,0.828,True,False,0.607,False,174.372,400.366,109.366,470.606,0.366,0.288,0.173,0.091,0.753,0.247,216.615,356.162,13.965,0.48,True,Sustainable,23.8,1.036,24,14,RB14,RB1,204.5,True,26,False,23,5,fair,Injury Risk
A.J. Brown,WR,NE,29.0,11.0,Active,7.0,5859,4047646.0,31883.0,a9e580f2-1fbe-46fb-887c-c84089b507e4,00-0035676,0.0,0.0,0.0,0.0,0.0,67.0,1079.0,7.0,97.0,0.0,0.0,0.0,0.0,0.0,78.0,1003.0,7.0,121.0,0.866,0.232,0.907,0.261,26.2,26.2,15.0,3.0,2 out of 5 stars,257.4,251.404,0.035,28.724,269.763,280.128,55.39,28.0,15.614,8.36,0.321,0.143,0.535,False,,0.859,True,False,0.58,False,197.328,348.745,145.659,392.438,0.322,0.278,0.17,0.068,0.697,0.303,220.76,314.431,13.36,1.215,True,Sustainable,23.6,1.028,29,9,WR9,WR1,90.9,True,22,False,24,-3,fair,Balanced
Josh Allen,QB,BUF,30.0,7.0,Active,8.0,4984,3918298.0,30977.0,3069db07-aa43-4503-ab11-2ae5c0002721,00-0034857,3731.0,28.0,531.0,12.0,102.0,0.0,7.0,1.0,0.0,3668.0,25.0,579.0,14.0,112.0,0.0,0.0,0.0,0.0,0.891,,0.922,,22.9,22.9,23.0,4.0,3 out of 5 stars,372.1,416.063,0.01,9.049,420.38,425.112,95.6,32.0,26.739,12.185,0.656,0.156,0.456,False,,0.895,False,True,0.738,True,341.199,535.197,277.948,588.63,0.817,0.114,0.062,0.37,0.817,0.183,361.841,491.08,21.432,1.79,False,Sustainable,26.3,1.145,16,1,QB1,QB1,409.8,True,17,False,25,7,fair,Balanced
Kyren Williams,RB,LAR,25.0,11.0,Active,4.0,8150,,,19d44771-8f1d-4127-9b7d-230da137f15d,00-0037840,0.0,0.0,1299.0,14.0,316.0,34.0,182.0,2.0,40.0,0.0,0.0,1252.0,10.0,259.0,36.0,281.0,3.0,50.0,0.864,0.074,0.683,0.086,40.1,40.1,42.0,5.0,5 out of 5 stars,243.0,234.799,0.05,47.758,276.421,282.558,63.047,33.0,16.527,6.002,0.212,0.03,0.363,False,,0.845,False,True,0.405,False,188.401,366.452,124.365,417.668,0.314,0.353,0.187,0.044,0.781,0.219,221.619,326.679,15.384,0.942,False,Sustainable,26.3,1.145,28,17,RB17,RB1,99.6,True,32,False,26,12,VALUE,Injury Risk
Nico Collins,WR,HOU,27.0,8.0,Active,5.0,7569,,,bd56a50c-5fae-4ee2-8363-f74ae07b6887,00-0036554,0.0,0.0,0.0,0.0,0.0,68.0,1006.0,7.0,99.0,0.0,0.0,15.0,1.0,2.0,71.0,1117.0,6.0,120.0,0.662,0.181,0.772,0.217,27.7,27.7,12.0,3.0,3 out of 5 stars,248.7,248.621,0.004,30.074,265.961,278.696,51.588,27.0,16.178,6.764,0.296,0.037,0.418,False,,0.834,False,True,0.453,False,182.696,352.209,124.101,399.841,0.328,0.252,0.152,0.074,0.663,0.337,219.641,308.305,14.833,1.174,False,Sustainable,22.8,0.993,31,10,WR10,WR1,106.1,True,23,False,27,-3,fair,Injury Risk
Jeremiyah Love,RB,ARI,21.0,14.0,Active,0.0,13287,,,ca61f1e4-5a51-45b8-b8e3-f6564d9c2648,LOV121782,,,,,,,,,,,,,,,,,,,,,,,17.4,17.4,36.0,5.0,2 out of 5 stars,255.7,268.87,0.075,57.197,302.922,326.067,89.547,,,,,,,True,3.0,,False,False,1.0,True,160.653,481.441,101.727,608.358,0.425,0.214,0.16,0.196,0.728,0.272,203.252,441.586,,,False,,18.8,0.819,19,12,RB12,RB1,201.3,True,24,False,28,-2,fair,unknown
George Pickens,WR,DAL,25.0,14.0,Active,4.0,8137,,,018e8f25-54e5-44f1-967a-7ff237f1c52f,00-0037247,0.0,0.0,-6.0,0.0,2.0,59.0,900.0,3.0,103.0,0.0,0.0,0.0,0.0,0.0,93.0,1429.0,9.0,137.0,0.802,0.224,0.811,0.226,27.9,27.9,16.0,3.0,2 out of 5 stars,252.4,244.031,0.051,28.92,260.575,272.951,46.202,31.0,14.719,8.591,0.226,0.161,0.584,False,,0.884,False,True,0.632,False,198.834,328.901,160.929,368.33,0.258,0.305,0.207,0.039,0.682,0.318,213.741,305.877,13.81,0.94,False,Sustainable,25.6,1.115,34,12,WR12,WR2,-48.0,True,27,False,29,-6,fair,Balanced
Javonte Williams,RB,DAL,26.0,14.0,Active,5.0,7588,,,889dcdc5-3d88-45df-9677-5ad7ff87c011,00-0036997,0.0,0.0,513.0,4.0,139.0,52.0,346.0,0.0,70.0,0.0,0.0,1201.0,11.0,252.0,35.0,137.0,2.0,51.0,0.522,0.128,0.69,0.084,37.5,37.5,48.0,5.0,4 out of 5 stars,228.9,247.341,0.112,52.831,281.518,300.171,68.144,33.0,12.385,6.721,0.121,0.152,0.543,False,,0.879,False,True,0.605,False,201.432,366.415,147.812,417.113,0.313,0.385,0.184,0.041,0.817,0.183,221.03,337.213,13.623,-1.653,False,Buy-low,25.6,1.115,26,16,RB16,RB1,222.3,True,33,False,30,12,VALUE,Balanced
Breece Hall,RB,NYJ,25.0,13.0,Active,4.0,8155,,,db1053d7-3343-43a3-9aab-8353f10f1221,00-0038120,0.0,0.0,876.0,5.0,209.0,57.0,483.0,3.0,76.0,4.0,1.0,1065.0,4.0,243.0,36.0,350.0,1.0,48.0,0.724,0.129,0.644,0.102,32.6,32.6,40.0,5.0,3 out of 5 stars,253.6,264.09,0.063,59.856,288.379,323.946,75.005,32.0,14.205,7.979,0.219,0.188,0.562,False,,0.879,False,True,0.626,False,206.418,376.095,147.597,429.774,0.341,0.375,0.169,0.051,0.825,0.175,226.177,345.829,13.542,0.475,False,Sustainable,18.7,0.814,25,15,RB15,RB1,180.0,False,30,False,31,8,fair,Balanced
Chris Olave,WR,NO,26.0,8.0,Active,4.0,8144,,,2375d572-a36c-4365-bb3f-87e156526e2f,00-0037239,0.0,0.0,7.0,0.0,1.0,32.0,400.0,1.0,44.0,0.0,0.0,-3.0,0.0,1.0,100.0,1163.0,9.0,156.0,0.618,0.085,0.843,0.276,35.7,35.7,18.0,3.0,3 out of 5 stars,257.3,249.008,0.051,29.347,260.354,278.356,45.981,24.0,14.446,8.503,0.25,0.208,0.589,False,,0.817,False,True,0.638,False,167.591,352.311,108.018,403.692,0.317,0.225,0.151,0.079,0.626,0.374,212.117,306.37,13.987,0.375,False,Sustainable,21.6,0.941,35,13,WR13,WR1,64.0,True,28,False,32,1,fair,Injury Risk
Colston Loveland,TE,CHI,22.0,10.0,Active,1.0,12517,,,62cd2cd5-8b40-4ee6-bfb8-0083edd105a2,00-0040126,,,,,,,,,,0.0,0.0,-2.0,0.0,1.0,58.0,713.0,6.0,82.0,,,0.645,0.154,45.6,45.6,38.0,5.0,2 out of 5 stars,207.7,206.364,0.011,25.811,222.688,232.175,45.54,16.0,10.319,8.5,0.188,0.188,0.824,False,,0.851,False,True,0.933,False,154.728,292.091,119.577,334.123,0.639,0.255,0.058,0.188,0.639,0.361,174.316,267.637,10.973,0.049,False,Sustainable,24.6,1.071,36,3,TE3,TE1,157.7,True,35,False,33,10,fair,Boom/Bust
Cam Skattebo,RB,NYG,24.0,8.0,Active,1.0,12481,,,e1f0c72d-f4d0-4c24-93a4-8a12b9a2efd2,00-0040715,,,,,,,,,,0.0,0.0,410.0,5.0,101.0,24.0,207.0,2.0,32.0,,,0.522,0.064,44.2,44.2,55.0,6.0,4 out of 5 stars,244.3,241.677,0.016,52.346,265.325,294.023,51.951,8.0,15.962,8.73,0.25,0.125,0.547,False,,,False,True,0.61,True,170.981,368.094,105.301,422.309,0.308,0.326,0.182,0.046,0.742,0.258,220.495,317.259,14.4,1.562,False,Sustainable,22.1,0.962,30,18,RB18,RB1,133.8,True,40,False,34,14,VALUE,Balanced
Garrett Wilson,WR,NYJ,26.0,13.0,Active,4.0,8146,,,68d72fe0-79b2-4fdb-afd5-6c79676e77f3,00-0037740,0.0,0.0,5.0,0.0,2.0,101.0,1104.0,7.0,153.0,0.0,0.0,0.0,0.0,0.0,36.0,395.0,4.0,59.0,0.963,0.26,0.87,0.125,34.7,34.7,28.0,4.0,4 out of 5 stars,245.6,252.159,0.043,31.843,262.119,284.002,47.746,24.0,14.725,7.8,0.25,0.125,0.53,False,,0.825,False,True,0.574,False,175.522,348.862,119.244,397.17,0.314,0.241,0.156,0.072,0.643,0.357,214.957,305.575,14.159,0.482,False,Sustainable,18.7,0.814,33,11,WR11,WR1,139.5,False,31,False,35,2,fair,Injury Risk
Tyler Warren,TE,IND,24.0,13.0,Active,1.0,12518,,,c8fe3913-1210-4142-b9c1-c119ef702ca5,00-0040128,,,,,,,,,,0.0,0.0,8.0,1.0,6.0,76.0,817.0,4.0,112.0,,,0.838,0.211,46.8,46.8,53.0,6.0,3 out of 5 stars,201.7,205.729,0.03,26.788,218.938,232.517,41.791,17.0,11.088,4.878,0.235,0.059,0.44,False,,0.862,False,True,0.498,False,159.404,280.574,126.545,317.042,0.655,0.253,0.047,0.157,0.655,0.345,176.739,257.804,12.561,-1.472,False,Buy-low,23.4,1.019,38,4,TE4,TE1,185.9,True,42,False,36,9,fair,Safe
Travis Etienne,RB,NO,27.0,8.0,Active,5.0,7543,,,970693f0-0af4-4627-ac0c-bf519f7433ee,00-0036973,0.0,0.0,558.0,2.0,150.0,39.0,254.0,0.0,52.0,0.0,0.0,1107.0,7.0,260.0,36.0,292.0,6.0,52.0,0.539,0.1,0.601,0.095,47.4,47.4,47.0,5.0,3 out of 5 stars,235.1,238.399,0.024,53.642,261.968,292.041,48.594,32.0,12.066,6.475,0.094,0.188,0.537,False,,0.879,True,False,0.598,False,176.91,345.879,127.133,403.853,0.251,0.343,0.246,0.038,0.738,0.262,193.923,320.457,12.645,-0.321,True,Sustainable,21.6,0.941,32,19,RB19,RB1,109.9,True,36,False,37,15,VALUE,Balanced
Zay Flowers,WR,BAL,25.0,13.0,Active,3.0,9997,,,2b6d74b7-10fb-4f17-99c8-9bb557fb475b,00-0039064,0.0,0.0,56.0,0.0,9.0,74.0,1059.0,4.0,116.0,0.0,0.0,62.0,1.0,10.0,86.0,1211.0,5.0,118.0,0.746,0.254,0.865,0.29,42.6,42.6,34.0,4.0,4 out of 5 stars,243.5,239.605,0.025,29.999,253.792,269.604,39.419,34.0,13.494,7.565,0.206,0.206,0.561,False,,0.901,False,True,0.607,True,208.721,318.012,177.115,349.992,0.226,0.35,0.231,0.019,0.712,0.288,218.678,296.643,12.205,1.113,False,Sustainable,25.9,1.128,40,14,WR14,WR1,133.9,True,37,False,38,3,fair,Balanced
Malik Nabers,WR,NYG,23.0,8.0,Active,2.0,11632,,,55ef2022-50c2-465b-839e-c0f4c9e7c55c,00-0039337,0.0,0.0,2.0,0.0,5.0,109.0,1204.0,7.0,170.0,0.0,0.0,0.0,0.0,0.0,18.0,271.0,2.0,35.0,0.906,0.307,0.795,0.07,46.3,46.3,29.0,4.0,4 out of 5 stars,224.3,220.235,0.029,26.449,245.433,246.684,31.06,19.0,17.3,9.817,0.316,0.105,0.567,False,,0.747,False,True,0.615,True,127.44,366.045,78.491,422.74,0.325,0.166,0.116,0.106,0.553,0.447,210.339,287.398,17.628,-0.223,False,Sustainable,22.1,0.962,44,16,WR16,WR1,134.6,True,40,False,39,2,fair,Injury Risk
DeVonta Smith,WR,PHI,27.0,10.0,Active,5.0,7525,,,3555d07e-57ae-43de-97d5-b1b5bf055f17,00-0036912,0.0,0.0,1.0,0.0,1.0,68.0,833.0,8.0,89.0,0.0,0.0,0.0,0.0,0.0,77.0,1008.0,4.0,113.0,0.885,0.213,0.844,0.244,37.7,37.7,27.0,4.0,4 out of 5 stars,236.2,237.792,0.01,29.21,251.96,267.002,37.588,30.0,13.373,8.197,0.2,0.2,0.613,False,,0.867,False,True,0.664,False,185.844,323.782,142.515,364.171,0.238,0.278,0.206,0.036,0.63,0.37,204.274,296.229,11.253,1.809,False,Sustainable,23.9,1.041,41,15,WR15,WR1,70.9,True,34,False,40,-3,fair,Boom/Bust
Bucky Irving,RB,TB,23.0,10.0,Active,2.0,11584,,,c5249c6f-bd1b-4352-8228-de2bd499ca0d,00-0039361,0.0,0.0,1122.0,8.0,207.0,47.0,392.0,0.0,52.0,0.0,0.0,588.0,1.0,173.0,30.0,277.0,3.0,35.0,0.444,0.092,0.616,0.065,56.1,56.1,56.0,6.0,2 out of 5 stars,228.6,219.975,0.061,54.318,253.298,274.293,39.923,27.0,14.33,6.869,0.148,0.074,0.479,False,,0.809,False,True,0.535,False,149.189,351.875,91.844,411.285,0.257,0.3,0.211,0.04,0.678,0.322,198.01,302.63,13.458,0.8,False,Sustainable,23.3,1.015,39,21,RB21,RB1,39.9,True,43,False,41,17,VALUE,Injury Risk
Tetairoa McMillan,WR,CAR,23.0,5.0,Active,1.0,12526,,,874de000-586c-4999-ac12-02766563e200,00-0040124,,,,,,,,,,0.0,0.0,0.0,0.0,0.0,70.0,1014.0,7.0,122.0,,,0.872,0.254,39.7,39.7,25.0,4.0,2 out of 5 stars,227.2,233.923,0.045,26.294,245.186,260.217,30.814,17.0,12.553,7.067,0.059,0.118,0.563,False,,0.873,False,True,0.61,False,181.778,312.987,141.913,353.202,0.203,0.28,0.214,0.028,0.603,0.397,199.624,288.46,11.984,0.594,False,Sustainable,20.9,0.91,45,17,WR17,WR1,59.7,False,38,False,42,-5,fair,Balanced
Quinshon Judkins,RB,CLE,22.0,11.0,Active,1.0,12512,,,268c6ae2-278b-49f8-b7cd-b367944412f3,00-0040784,,,,,,,,,,0.0,0.0,827.0,7.0,230.0,26.0,171.0,0.0,36.0,,,0.505,0.069,52.3,52.3,60.0,6.0,3 out of 5 stars,213.7,220.187,0.043,56.187,255.797,276.374,42.423,14.0,11.986,6.664,0.143,0.286,0.556,False,,0.818,False,True,0.62,True,163.598,357.121,100.993,408.884,0.276,0.33,0.198,0.036,0.72,0.28,212.156,305.933,12.918,-0.789,False,Sustainable,18.9,0.823,37,20,RB20,RB1,138.3,False,44,False,43,15,VALUE,Injury Risk
Lamar Jackson,QB,BAL,29.0,13.0,Active,8.0,4881,3916387.0,31002.0,e06a9c07-453a-4bb0-a7e9-2c3a64166dad,00-0034796,4172.0,41.0,915.0,4.0,139.0,0.0,0.0,0.0,0.0,2549.0,21.0,349.0,2.0,67.0,0.0,0.0,0.0,0.0,0.965,,0.922,,40.5,40.5,32.0,4.0,3 out of 5 stars,324.6,371.775,0.017,-3.526,359.406,368.249,34.627,30.0,26.041,11.236,0.633,0.133,0.431,False,,0.869,False,True,0.699,True,280.423,468.133,201.872,519.428,0.651,0.25,0.089,0.187,0.651,0.349,308.98,418.627,18.179,3.583,False,Sustainable,25.9,1.128,42,2,QB2,QB1,349.9,True,39,False,44,-2,fair,Safe
D'Andre Swift,RB,CHI,27.0,10.0,Active,6.0,6790,4259545.0,32705.0,cc4b5f58-a11c-4450-a1df-617ad88336e4,00-0036275,0.0,0.0,959.0,6.0,253.0,42.0,386.0,0.0,52.0,0.0,0.0,1087.0,9.0,223.0,34.0,299.0,1.0,48.0,0.668,0.099,0.579,0.09,71.3,71.3,62.0,6.0,2 out of 5 stars,222.7,214.506,0.053,45.527,245.422,260.033,32.048,33.0,13.488,6.669,0.242,0.121,0.494,False,,0.879,False,True,0.551,False,174.062,319.747,124.742,368.342,0.184,0.366,0.283,0.016,0.719,0.281,191.011,295.043,13.22,0.123,False,Sustainable,24.6,1.071,43,22,RB22,RB1,58.8,True,48,False,45,28,VALUE,Balanced
Tee Higgins,WR,CIN,27.0,6.0,Active,6.0,6801,4239993.0,32703.0,7963b029-5de4-4541-b00a-44eefe4349af,00-0036410,0.0,0.0,0.0,0.0,0.0,73.0,911.0,10.0,109.0,0.0,0.0,0.0,0.0,0.0,59.0,846.0,11.0,98.0,0.791,0.174,0.809,0.161,55.9,55.9,31.0,4.0,4 out of 5 stars,221.3,219.215,0.015,24.544,235.022,243.759,20.649,27.0,16.063,9.415,0.222,0.074,0.586,False,,0.808,False,True,0.635,False,146.067,321.982,94.523,369.727,0.223,0.218,0.163,0.046,0.527,0.473,188.853,276.211,14.05,2.013,False,TD-lucky,26.0,1.132,59,21,WR21,WR2,-124.7,True,46,False,46,-3,fair,Injury Risk
Emeka Egbuka,WR,TB,23.0,10.0,Active,1.0,12514,,,00cea287-1fa0-4584-803f-59f546ef8722,00-0040129,,,,,,,,,,0.0,0.0,9.0,0.0,2.0,63.0,938.0,6.0,127.0,,,0.776,0.235,39.5,39.5,43.0,5.0,4 out of 5 stars,210.9,222.095,0.078,24.308,236.476,246.402,22.103,17.0,11.394,8.137,0.235,0.294,0.714,False,,0.873,False,True,0.773,False,173.103,303.204,136.598,344.029,0.174,0.255,0.226,0.023,0.548,0.452,189.312,279.698,13.97,-2.458,False,Buy-low,23.3,1.015,54,18,WR18,WR1,51.5,True,49,False,47,-14,REACH,Boom/Bust
Davante Adams,WR,LAR,33.0,11.0,Active,12.0,2133,16800.0,27581.0,e7d6ae25-bf15-4660-8b37-c37716551de3,00-0031381,0.0,0.0,0.0,0.0,0.0,85.0,1063.0,8.0,141.0,0.0,0.0,0.0,0.0,0.0,60.0,789.0,14.0,114.0,0.918,0.194,0.714,0.196,46.2,46.2,49.0,5.0,1 out of 5 stars,222.1,228.834,0.047,23.334,235.344,252.168,20.971,28.0,16.507,8.21,0.357,0.036,0.497,False,,0.759,False,True,0.539,False,123.647,333.101,77.544,378.053,0.253,0.19,0.131,0.048,0.514,0.486,200.816,258.979,17.528,-1.408,False,Buy-low,26.3,1.145,58,20,WR20,WR2,-126.6,True,54,False,48,-12,REACH,Injury Risk
Ladd McConkey,WR,LAC,24.0,7.0,Active,2.0,11635,,,473bc7e5-c393-4f21-9e49-3ffc16711238,00-0039915,0.0,0.0,0.0,0.0,0.0,82.0,1149.0,7.0,112.0,0.0,0.0,0.0,0.0,0.0,66.0,789.0,6.0,106.0,0.732,0.228,0.775,0.195,54.8,54.8,35.0,4.0,2 out of 5 stars,212.5,217.169,0.034,28.862,235.569,246.031,21.196,32.0,13.119,7.15,0.188,0.188,0.545,False,,0.874,False,True,0.59,False,175.471,300.94,137.888,337.461,0.164,0.262,0.235,0.019,0.553,0.447,191.363,275.544,12.079,1.548,False,Sustainable,23.8,1.036,57,19,WR19,WR1,56.9,True,47,False,49,-2,fair,Balanced
Harold Fannin,TE,CLE,22.0,11.0,Active,1.0,12506,,,8bdf2df7-b51c-4404-b153-8dc62b1e0845,00-0040663,,,,,,,,,,0.0,0.0,13.0,1.0,7.0,72.0,731.0,6.0,107.0,,,0.759,0.205,77.8,77.8,67.0,6.0,3 out of 5 stars,191.0,188.018,0.025,25.385,204.029,213.403,26.881,16.0,11.775,5.743,0.25,0.0,0.488,False,,0.851,False,True,0.552,True,143.844,265.336,110.533,301.37,0.569,0.304,0.07,0.116,0.569,0.431,162.613,242.218,9.911,1.739,False,Sustainable,18.9,0.823,48,5,TE5,TE1,186.8,False,53,False,50,30,VALUE,Balanced
Sam LaPorta,TE,DET,25.0,6.0,Active,3.0,10859,,,3059f1e5-1871-4458-9e90-9b9917874c61,00-0039065,0.0,0.0,0.0,0.0,0.0,60.0,726.0,7.0,83.0,0.0,0.0,0.0,0.0,0.0,40.0,489.0,3.0,49.0,0.849,0.159,0.907,0.089,68.2,68.2,90.0,7.0,3 out of 5 stars,183.0,186.878,0.029,23.624,198.631,210.502,21.483,25.0,11.26,5.654,0.32,0.08,0.502,False,,0.826,False,True,0.569,False,131.305,264.391,96.42,304.221,0.523,0.311,0.102,0.118,0.523,0.477,156.625,237.157,9.917,1.568,False,Sustainable,26.1,1.136,56,7,TE7,TE1,165.1,True,62,False,51,12,VALUE,Injury Risk
Joe Burrow,QB,CIN,29.0,6.0,Active,6.0,6770,3915511.0,32671.0,3023ac10-4e7f-425f-9fc5-2b8e6332c92e,00-0036442,4918.0,43.0,201.0,2.0,42.0,0.0,0.0,0.0,0.0,1809.0,17.0,41.0,0.0,14.0,0.0,0.0,0.0,0.0,0.995,,0.878,,59.5,59.5,44.0,5.0,3 out of 5 stars,310.6,367.378,0.005,-15.988,352.089,351.39,27.31,25.0,25.491,11.127,0.48,0.16,0.436,False,,0.777,False,True,0.707,False,194.718,502.121,118.839,581.639,0.531,0.269,0.187,0.24,0.531,0.469,287.415,411.33,20.398,0.284,False,Sustainable,26.0,1.132,47,3,QB3,QB1,340.5,True,45,False,52,12,VALUE,Injury Risk
Bhayshul Tuten,RB,JAX,23.0,7.0,Active,1.0,12490,,,26d4b13e-a555-4519-9356-cd16c65384e7,00-0040719,,,,,,,,,,0.0,0.0,307.0,5.0,83.0,10.0,79.0,2.0,14.0,,,0.211,0.026,76.2,76.2,74.0,7.0,4 out of 5 stars,208.4,204.185,0.028,57.212,237.915,261.397,24.541,15.0,6.04,4.726,0.0,0.533,0.783,False,,0.83,False,True,0.873,False,145.832,326.873,93.024,383.899,0.198,0.297,0.255,0.027,0.636,0.364,177.119,291.014,5.272,0.584,False,Sustainable,23.6,1.028,51,24,RB24,RB1,106.0,True,55,False,53,25,VALUE,Injury Risk
TreVeyon Henderson,RB,NE,23.0,11.0,Active,1.0,12529,,,0d9788e6-03ee-416d-8ba2-deb57037d209,00-0040734,,,,,,,,,,0.0,0.0,911.0,9.0,180.0,35.0,221.0,1.0,42.0,,,0.459,0.087,66.8,66.8,59.0,6.0,2 out of 5 stars,201.6,205.178,0.026,52.981,239.174,258.159,25.8,17.0,12.247,9.523,0.176,0.294,0.778,False,,0.854,False,True,0.867,False,155.165,321.238,104.111,376.926,0.185,0.32,0.273,0.022,0.658,0.342,179.123,292.41,9.952,0.624,False,Sustainable,23.6,1.028,49,23,RB23,RB1,32.1,True,50,False,54,18,VALUE,Boom/Bust
Kyle Pitts,TE,ATL,25.0,11.0,Active,5.0,7553,,,1f3deb24-9ff8-4769-8f42-825eff7742f6,00-0036970,0.0,0.0,0.0,0.0,0.0,47.0,602.0,4.0,74.0,0.0,0.0,0.0,0.0,0.0,88.0,928.0,5.0,118.0,0.62,0.137,0.88,0.227,65.4,65.4,80.0,7.0,3 out of 5 stars,195.8,188.778,0.056,24.231,198.918,213.01,21.77,34.0,10.059,8.724,0.206,0.265,0.867,False,,0.902,False,True,0.982,True,145.456,252.959,119.719,288.937,0.524,0.368,0.063,0.093,0.524,0.476,152.692,241.524,9.416,0.643,False,Sustainable,21.1,0.919,55,6,TE6,TE1,144.9,True,60,False,55,10,fair,Boom/Bust
Jalen Hurts,QB,PHI,27.0,10.0,Active,6.0,6904,4040715.0,32723.0,64bd0f02-6a5d-407e-98f1-fd02048ea21d,00-0036389,2903.0,18.0,630.0,14.0,150.0,0.0,0.0,0.0,0.0,3224.0,25.0,421.0,8.0,105.0,0.0,0.0,0.0,0.0,0.916,,0.976,,53.7,53.7,54.0,6.0,5 out of 5 stars,322.5,364.26,0.017,-10.403,348.738,353.858,23.959,31.0,23.167,9.082,0.387,0.129,0.392,False,,0.886,False,True,0.635,False,266.978,442.959,207.116,494.856,0.576,0.329,0.084,0.135,0.576,0.424,286.355,406.464,19.656,0.698,False,Sustainable,23.9,1.041,52,5,QB5,QB1,337.0,True,51,False,56,2,fair,Safe
Terry McLaurin,WR,WAS,30.0,7.0,Active,7.0,5927,3121422.0,31908.0,7e8c4641-2beb-4213-ba22-69fe0307005f,00-0035659,0.0,0.0,2.0,0.0,2.0,82.0,1096.0,13.0,117.0,0.0,0.0,0.0,0.0,0.0,38.0,582.0,3.0,60.0,0.805,0.232,0.704,0.139,60.2,60.2,41.0,5.0,2 out of 5 stars,214.8,217.551,0.019,25.849,233.974,243.401,19.601,27.0,14.222,7.161,0.259,0.148,0.504,False,,0.825,False,True,0.545,False,159.867,304.045,107.502,337.643,0.172,0.255,0.201,0.013,0.536,0.464,198.96,258.22,12.357,2.2,False,TD-lucky,23.3,1.015,60,22,WR22,WR1,101.9,False,52,False,57,0,fair,Injury Risk
Jaylen Waddle,WR,DEN,27.0,10.0,Active,5.0,7526,,,0ff9a975-669d-4851-a95d-ab28d9fc29c4,00-0036613,0.0,0.0,12.0,0.0,4.0,58.0,744.0,2.0,83.0,8.0,0.0,28.0,0.0,2.0,64.0,910.0,6.0,100.0,0.787,0.146,0.776,0.216,59.4,59.4,39.0,5.0,2 out of 5 stars,203.7,209.68,0.044,25.18,224.791,234.86,10.418,31.0,10.959,6.886,0.097,0.194,0.628,False,,0.859,True,False,0.681,False,160.864,292.011,119.173,332.203,0.142,0.232,0.215,0.018,0.485,0.515,179.359,266.156,10.356,0.806,True,Sustainable,22.0,0.958,71,23,WR23,WR1,13.2,True,56,False,58,-12,REACH,Boom/Bust
David Montgomery,RB,HOU,29.0,8.0,Active,7.0,5892,4035538.0,31905.0,1c9e1cd5-8cb1-4a15-a2c8-3a0c0fd5423c,00-0035685,3.0,1.0,775.0,12.0,185.0,36.0,341.0,0.0,38.0,3.0,1.0,716.0,8.0,158.0,24.0,192.0,0.0,29.0,0.419,0.073,0.371,0.053,73.0,73.0,66.0,6.0,4 out of 5 stars,192.0,191.284,0.003,43.114,231.099,234.398,17.725,31.0,12.73,6.674,0.161,0.161,0.524,False,,0.845,True,False,0.585,False,141.563,316.189,94.444,376.144,0.177,0.282,0.276,0.026,0.607,0.393,168.006,287.966,11.864,0.331,True,Sustainable,22.8,0.993,62,25,RB25,RB1,101.0,True,59,False,59,11,fair,Injury Risk
Travis Kelce,TE,KC,36.0,5.0,Active,13.0,1466,15847.0,26686.0,c3859e06-5f23-4302-a71b-04820a899d5f,00-0030506,0.0,0.0,1.0,0.0,1.0,97.0,823.0,3.0,133.0,0.0,0.0,1.0,0.0,1.0,76.0,851.0,5.0,108.0,0.846,0.233,0.819,0.197,100.0,100.0,101.0,8.0,4 out of 5 stars,185.7,179.979,0.05,22.583,194.245,202.562,17.097,33.0,11.776,6.912,0.303,0.121,0.587,False,,0.667,False,True,0.665,False,73.337,308.321,39.147,377.867,0.455,0.189,0.15,0.218,0.455,0.545,150.858,232.54,12.155,-0.347,False,Sustainable,23.8,1.036,65,8,TE8,TE1,129.7,True,72,False,60,35,VALUE,Injury Risk
Matthew Stafford,QB,LAR,38.0,11.0,Active,17.0,421,12483.0,9265.0,ade43b1a-0601-4672-83b6-d246bc066a19,00-0026498,3762.0,20.0,41.0,0.0,30.0,0.0,0.0,0.0,0.0,4707.0,46.0,1.0,0.0,29.0,0.0,0.0,0.0,0.0,1.0,,0.985,,79.0,79.0,103.0,8.0,3 out of 5 stars,294.0,359.873,0.033,-10.499,349.375,349.375,24.595,33.0,21.423,10.32,0.333,0.212,0.482,False,,0.886,False,True,0.78,False,264.513,445.464,202.196,497.467,0.575,0.326,0.089,0.14,0.575,0.425,283.178,408.927,18.091,-0.417,False,Sustainable,26.3,1.145,50,4,QB4,QB1,332.6,True,64,False,61,29,VALUE,Balanced
George Kittle,TE,SF,32.0,8.0,Active,9.0,4217,3040151.0,30259.0,2ada91b0-036e-454f-83c3-6d939ff584a9,00-0033288,0.0,0.0,0.0,0.0,0.0,78.0,1106.0,8.0,94.0,0.0,0.0,-3.0,0.0,1.0,57.0,628.0,7.0,69.0,0.866,0.183,0.812,0.125,87.3,87.3,115.0,8.0,3 out of 5 stars,167.2,181.583,0.123,22.065,189.583,203.648,12.435,26.0,15.312,7.347,0.5,0.077,0.48,False,,0.736,False,True,0.543,False,91.607,279.764,55.768,330.383,0.465,0.238,0.144,0.16,0.465,0.535,148.591,227.863,11.342,3.462,False,TD-lucky,25.0,1.089,68,9,TE9,TE1,146.0,True,79,False,62,19,VALUE,Injury Risk
Jameson Williams,WR,DET,25.0,6.0,Active,4.0,8148,,,590adb00-5598-47ad-b6d4-16a6c5519847,00-0037240,0.0,0.0,61.0,1.0,11.0,58.0,1001.0,7.0,91.0,0.0,0.0,12.0,0.0,6.0,65.0,1117.0,7.0,102.0,0.795,0.174,0.902,0.185,66.6,66.6,51.0,5.0,4 out of 5 stars,217.2,211.746,0.04,25.523,221.836,237.268,7.463,32.0,13.503,8.376,0.219,0.219,0.62,False,,0.85,False,True,0.672,False,152.904,291.48,110.448,333.774,0.144,0.217,0.206,0.021,0.47,0.53,175.412,264.196,11.795,1.335,False,TD-lucky,26.1,1.136,77,26,WR26,WR2,-121.1,True,63,False,63,-10,fair,Boom/Bust
Jayden Daniels,QB,WAS,25.0,7.0,Active,2.0,11566,,,bab8c65a-9fff-410d-8e34-dc2f636d890e,00-0039910,3568.0,25.0,891.0,6.0,148.0,0.0,0.0,0.0,0.0,1262.0,8.0,278.0,2.0,58.0,0.0,0.0,0.0,0.0,0.909,,0.903,,51.6,51.6,58.0,6.0,2 out of 5 stars,324.5,360.982,0.001,-11.082,342.367,349.9,17.588,24.0,22.171,10.622,0.333,0.167,0.479,False,,0.799,False,True,0.776,False,202.119,473.684,127.389,550.431,0.519,0.292,0.176,0.198,0.519,0.481,277.585,403.279,21.423,-1.331,False,Sustainable,23.3,1.015,63,7,QB7,QB1,328.0,False,57,False,64,-11,fair,Injury Risk
Carnell Tate,WR,TEN,21.0,9.0,Active,0.0,13279,,,a8693aee-cde4-464f-a0d8-355fb72c041d,TAT143045,,,,,,,,,,,,,,,,,,,,,,,67.9,67.9,63.0,6.0,3 out of 5 stars,181.4,199.931,0.145,23.717,210.095,223.648,-4.278,,,,,,,True,4.0,,False,False,1.0,True,149.184,311.122,104.924,361.463,0.197,0.202,0.18,0.045,0.492,0.508,173.922,282.867,,,False,,21.0,0.914,103,32,WR32,WR1,16.5,True,82,False,65,-35,REACH,unknown
Bo Nix,QB,DEN,26.0,10.0,Active,2.0,11563,,,f056c8ed-6ee5-492c-af11-3f7e3d97195c,00-0039732,3775.0,29.0,430.0,4.0,92.0,1.0,2.0,1.0,1.0,3931.0,25.0,356.0,5.0,83.0,0.0,0.0,0.0,1.0,0.988,,0.996,,97.9,97.9,102.0,8.0,3 out of 5 stars,297.7,343.772,0.021,3.626,347.398,347.398,22.619,34.0,21.354,9.425,0.324,0.176,0.441,False,,0.897,False,True,0.715,False,266.4,440.078,208.965,489.299,0.573,0.335,0.08,0.128,0.573,0.427,282.623,407.415,18.358,0.033,False,Sustainable,22.0,0.958,53,6,QB6,QB1,335.9,True,66,False,66,45,VALUE,Safe
Jaylen Warren,RB,PIT,27.0,9.0,Active,4.0,8228,,,7e397190-ca24-11ec-9f1c-b7114d38a85b,00-0037228,0.0,0.0,511.0,1.0,120.0,38.0,310.0,0.0,47.0,0.0,0.0,958.0,6.0,211.0,40.0,333.0,2.0,45.0,0.449,0.102,0.508,0.086,100.7,100.7,64.0,6.0,2 out of 5 stars,192.5,191.175,0.011,51.353,221.929,242.529,8.555,31.0,11.071,5.784,0.032,0.161,0.522,False,,0.87,False,True,0.583,True,163.596,293.783,117.271,332.895,0.114,0.36,0.329,0.006,0.66,0.34,180.743,268.534,10.779,-0.07,False,Sustainable,21.7,0.945,73,26,RB26,RB1,0.9,False,65,False,67,28,VALUE,Balanced
Drake Maye,QB,NE,23.0,11.0,Active,2.0,11564,,,d0c0630e-8925-4b81-a32b-e4146d95f01f,00-0039851,2276.0,15.0,421.0,2.0,54.0,0.0,0.0,0.0,0.0,4394.0,31.0,450.0,4.0,103.0,1.0,2.0,0.0,1.0,0.805,,0.958,,47.7,47.7,33.0,4.0,2 out of 5 stars,326.9,370.672,0.002,-25.91,332.173,344.763,7.393,30.0,21.037,8.62,0.3,0.1,0.41,False,,0.857,False,True,0.664,False,239.004,433.022,168.113,489.783,0.504,0.367,0.117,0.123,0.504,0.496,271.177,388.601,16.5,1.499,False,Sustainable,23.6,1.028,78,10,QB10,QB1,320.7,True,58,False,68,-30,REACH,Safe
Luther Burden,WR,CHI,22.0,10.0,Active,1.0,12519,,,a4c21977-c9d1-40f8-abee-0862dfab9195,00-0040735,,,,,,,,,,0.0,0.0,37.0,0.0,6.0,47.0,652.0,2.0,60.0,,,0.397,0.113,76.4,76.4,46.0,5.0,3 out of 5 stars,206.6,206.053,0.003,30.58,222.363,236.634,7.99,15.0,8.527,7.541,0.067,0.4,0.884,False,,0.849,False,True,0.958,False,150.549,294.14,107.09,340.682,0.156,0.203,0.201,0.028,0.464,0.536,172.287,266.953,7.348,0.894,False,Sustainable,24.6,1.071,74,24,WR24,WR1,6.5,True,61,False,69,2,fair,Injury Risk
DJ Moore,WR,BUF,29.0,7.0,Active,8.0,4983,3915416.0,30994.0,d8202e6d-d03b-4cd1-a793-ff8fd39d9755,00-0034827,0.0,0.0,75.0,0.0,14.0,98.0,966.0,6.0,140.0,2.0,1.0,79.0,1.0,15.0,50.0,682.0,6.0,85.0,0.938,0.266,0.848,0.16,70.1,70.1,52.0,6.0,4 out of 5 stars,205.0,207.171,0.014,23.617,214.373,230.788,0.0,34.0,12.126,7.87,0.235,0.265,0.649,False,,0.909,True,False,0.703,True,161.041,271.447,133.168,305.776,0.089,0.202,0.241,0.009,0.412,0.588,167.15,256.724,12.123,0.202,True,Sustainable,26.3,1.145,92,30,WR30,WR1,21.5,True,73,False,70,-22,REACH,Boom/Bust
Rome Odunze,WR,CHI,24.0,10.0,Active,2.0,11620,,,f64694e0-0381-11ef-973d-5176a0ecbee4,00-0039919,0.0,0.0,15.0,0.0,3.0,54.0,734.0,3.0,101.0,0.0,0.0,0.0,0.0,0.0,44.0,661.0,6.0,90.0,0.836,0.192,0.881,0.169,71.1,71.1,61.0,6.0,3 out of 5 stars,209.9,211.513,0.009,20.626,215.888,232.139,1.516,29.0,10.103,7.646,0.138,0.448,0.757,False,,0.845,False,True,0.82,False,144.571,286.837,104.414,330.343,0.137,0.193,0.202,0.023,0.432,0.568,167.203,259.543,12.141,-2.405,False,Buy-low,24.6,1.071,85,28,WR28,WR2,-6.5,True,69,False,71,-14,REACH,Injury Risk
Brock Purdy,QB,SF,26.0,8.0,Active,4.0,8183,,,d5aef708-ad61-4ab8-a637-62ff96e92040,00-0037834,3864.0,20.0,323.0,5.0,66.0,0.0,0.0,0.0,0.0,2167.0,20.0,147.0,3.0,33.0,0.0,0.0,0.0,0.0,0.989,,0.978,,101.8,101.8,94.0,7.0,1 out of 5 stars,306.2,344.406,0.014,-6.104,338.302,338.302,13.523,24.0,22.177,11.054,0.458,0.208,0.498,False,,0.819,False,True,0.807,False,215.636,459.425,137.488,529.178,0.516,0.316,0.154,0.172,0.516,0.484,273.585,398.546,19.092,-0.756,False,Sustainable,25.0,1.089,67,8,QB8,QB1,327.4,True,68,False,72,35,VALUE,Injury Risk
Tony Pollard,RB,TEN,29.0,9.0,Active,7.0,5967,3916148.0,31960.0,33b0227d-4c21-4e71-b4cd-be35f7db9123,00-0035261,0.0,0.0,1079.0,5.0,260.0,41.0,238.0,0.0,57.0,0.0,0.0,1082.0,5.0,242.0,33.0,206.0,0.0,41.0,0.678,0.112,0.625,0.077,86.9,86.9,89.0,7.0,3 out of 5 stars,191.1,188.978,0.019,46.695,220.409,235.672,7.035,33.0,11.955,5.488,0.061,0.121,0.459,False,,0.887,False,True,0.512,True,167.02,289.704,122.709,327.069,0.102,0.362,0.349,0.004,0.664,0.336,180.102,267.188,12.074,-0.362,False,Sustainable,21.0,0.914,79,28,RB28,RB1,60.6,True,78,False,72,8,fair,Balanced
Dak Prescott,QB,DAL,33.0,14.0,Active,10.0,3294,2577417.0,29369.0,86197778-8d4b-4eba-affe-08ef7be7c70b,00-0033077,1978.0,11.0,54.0,1.0,13.0,0.0,0.0,0.0,0.0,4552.0,30.0,177.0,2.0,53.0,0.0,0.0,0.0,0.0,0.911,,0.951,,91.2,91.2,83.0,7.0,2 out of 5 stars,306.0,348.559,0.026,-12.594,335.965,335.965,11.185,25.0,20.492,10.162,0.36,0.2,0.496,False,,0.836,False,True,0.803,False,225.574,450.606,145.686,511.76,0.514,0.331,0.143,0.153,0.514,0.486,271.755,394.395,19.266,-1.974,False,Buy-low,25.6,1.115,70,9,QB9,QB1,322.0,True,67,False,74,21,VALUE,Injury Risk
Parker Washington,WR,JAX,24.0,7.0,Active,3.0,9487,,,c05863ec-3414-4ae6-a8d2-830aed99b6d3,00-0038606,0.0,0.0,0.0,0.0,0.0,32.0,390.0,3.0,51.0,0.0,0.0,0.0,0.0,7.0,58.0,847.0,5.0,95.0,0.553,0.098,0.614,0.174,100.8,100.8,95.0,7.0,4 out of 5 stars,178.7,182.41,0.03,49.164,222.173,231.573,7.8,30.0,8.723,7.271,0.067,0.4,0.834,False,,0.8,False,True,0.903,False,131.674,307.814,84.528,358.919,0.19,0.192,0.16,0.041,0.464,0.536,172.831,266.685,10.374,-0.103,False,Sustainable,23.6,1.028,75,25,WR25,WR1,25.9,True,77,False,75,26,VALUE,Injury Risk
Rico Dowdle,RB,PIT,28.0,9.0,Active,6.0,7021,4038815.0,33100.0,bba755a2-63b6-4ac1-b806-0609816135de,00-0036139,0.0,0.0,1079.0,2.0,235.0,39.0,249.0,3.0,49.0,0.0,0.0,1076.0,6.0,236.0,39.0,297.0,1.0,50.0,0.575,0.079,0.561,0.104,106.4,106.4,88.0,7.0,2 out of 5 stars,184.5,184.65,0.001,45.951,221.078,230.601,7.704,33.0,12.73,7.747,0.152,0.212,0.609,False,,0.879,True,False,0.679,True,141.634,297.417,100.438,351.03,0.135,0.278,0.311,0.018,0.576,0.424,156.801,278.383,12.043,0.21,True,Sustainable,21.7,0.945,76,27,RB27,RB2,-0.9,False,76,False,76,30,VALUE,Boom/Bust
Jadarian Price,RB,SEA,22.0,11.0,Active,0.0,13286,,,17b64129-5118-4525-ac9a-d79ff5313568,PRI206342,,,,,,,,,,,,,,,,,,,,,,,75.0,75.0,78.0,7.0,4 out of 5 stars,187.5,189.913,0.02,42.795,210.706,232.708,-2.669,,,,,,,True,32.0,,False,False,1.0,False,99.177,329.63,62.469,437.408,0.202,0.178,0.211,0.074,0.484,0.516,123.249,312.348,,,False,,24.7,1.076,100,31,RB31,RB1,54.1,True,84,False,77,-25,REACH,unknown
Tucker Kraft,TE,GB,25.0,11.0,Active,3.0,9484,,,3a084c5f-6b9f-4703-a0c7-1566bc4b1129,00-0038996,0.0,0.0,6.0,0.0,3.0,50.0,707.0,7.0,70.0,0.0,0.0,3.0,0.0,1.0,32.0,489.0,6.0,44.0,0.858,0.151,0.86,0.096,109.5,109.5,68.0,6.0,2 out of 5 stars,168.4,164.434,0.038,19.852,181.185,184.287,4.038,25.0,11.22,7.744,0.24,0.16,0.69,False,,0.801,False,True,0.782,False,108.523,249.42,74.098,292.247,0.428,0.321,0.148,0.097,0.428,0.572,137.811,219.953,7.564,3.555,False,TD-lucky,24.7,1.076,82,10,TE10,TE1,136.3,True,71,False,78,28,VALUE,Injury Risk
Mike Evans,WR,SF,32.0,8.0,Active,12.0,2216,16737.0,27535.0,c48c21d9-0ae5-478c-ad34-30a660cfa9b8,00-0031408,0.0,0.0,0.0,0.0,0.0,74.0,1004.0,11.0,110.0,0.0,0.0,0.0,0.0,0.0,30.0,368.0,3.0,62.0,0.716,0.195,0.656,0.115,88.4,88.4,50.0,5.0,2 out of 5 stars,196.5,188.679,0.062,20.27,214.498,208.95,0.126,22.0,14.782,9.157,0.273,0.182,0.619,False,,0.733,True,False,0.671,False,101.215,313.823,62.284,360.942,0.2,0.172,0.128,0.036,0.438,0.562,178.802,240.0,15.341,-0.237,True,Sustainable,25.0,1.089,91,29,WR29,WR1,33.7,True,70,False,79,-3,fair,Injury Risk
Chuba Hubbard,RB,CAR,27.0,5.0,Active,5.0,7594,,,32205e74-b23f-420a-b312-465b29260745,00-0036555,0.0,0.0,1195.0,10.0,250.0,43.0,171.0,1.0,54.0,0.0,0.0,511.0,1.0,134.0,30.0,223.0,3.0,39.0,0.773,0.104,0.458,0.081,107.4,107.4,76.0,7.0,1 out of 5 stars,187.1,183.982,0.022,46.449,218.106,230.431,4.731,30.0,12.433,8.521,0.233,0.3,0.685,False,,0.862,False,True,0.764,False,142.008,292.224,98.157,342.524,0.124,0.286,0.313,0.013,0.58,0.42,162.422,269.824,12.686,-0.206,False,Sustainable,20.9,0.91,81,29,RB29,RB1,45.4,False,74,False,80,26,VALUE,Boom/Bust
Jake Ferguson,TE,DAL,27.0,14.0,Active,4.0,8110,,,f46eab3d-d7dd-4420-b3f9-6da9ac1308ab,00-0038041,0.0,0.0,0.0,0.0,0.0,59.0,494.0,0.0,86.0,0.0,0.0,1.0,0.0,1.0,82.0,600.0,8.0,102.0,0.653,0.138,0.667,0.168,107.5,107.5,104.0,8.0,2 out of 5 stars,167.7,166.415,0.015,22.075,177.834,188.49,0.687,31.0,9.629,6.16,0.194,0.161,0.64,False,,0.877,False,True,0.724,False,126.86,228.699,102.403,262.675,0.392,0.432,0.123,0.053,0.392,0.608,136.302,215.399,10.753,-1.317,False,Buy-low,25.6,1.115,90,11,TE11,TE1,145.2,True,87,False,81,18,fair,Boom/Bust
Alec Pierce,WR,IND,26.0,13.0,Active,4.0,8142,,,a67ee8f8-e9de-4fb9-90b6-edca2f83f6d8,00-0037664,0.0,0.0,0.0,0.0,0.0,37.0,824.0,7.0,69.0,0.0,0.0,0.0,0.0,0.0,47.0,1003.0,6.0,84.0,0.801,0.14,0.859,0.158,93.9,93.9,71.0,7.0,4 out of 5 stars,207.2,204.102,0.024,24.168,217.588,228.27,3.215,31.0,11.119,8.24,0.161,0.355,0.741,False,,0.884,False,True,0.803,False,157.976,279.631,125.614,318.131,0.114,0.209,0.229,0.014,0.44,0.56,168.995,261.086,9.639,1.48,False,TD-lucky,23.4,1.019,84,27,WR27,WR1,14.3,True,75,False,82,10,fair,Boom/Bust
DK Metcalf,WR,PIT,28.0,9.0,Active,7.0,5846,4047650.0,31896.0,754faf0f-40f7-45f0-b23b-6ce990ecaf26,00-0035640,0.0,0.0,0.0,0.0,0.0,66.0,992.0,5.0,108.0,0.0,0.0,12.0,1.0,2.0,59.0,850.0,6.0,99.0,0.86,0.19,0.873,0.19,86.3,86.3,73.0,7.0,3 out of 5 stars,194.7,196.33,0.005,23.106,209.919,219.436,-4.454,30.0,12.747,6.141,0.133,0.1,0.482,False,,0.867,False,True,0.522,True,157.523,274.288,120.599,308.734,0.094,0.217,0.238,0.007,0.434,0.566,175.501,250.822,12.183,0.224,False,Sustainable,21.7,0.945,104,33,WR33,WR1,4.0,False,85,False,83,-18,REACH,Balanced
Dallas Goedert,TE,PHI,31.0,10.0,Active,8.0,5022,3121023.0,31019.0,e8029983-87cf-49a2-bc04-04c8233a0630,00-0034351,0.0,0.0,0.0,0.0,0.0,42.0,496.0,2.0,52.0,0.0,0.0,0.0,0.0,0.0,60.0,591.0,11.0,82.0,0.65,0.124,0.846,0.177,99.5,99.5,120.0,8.0,4 out of 5 stars,179.2,177.314,0.014,21.103,177.148,198.417,0.0,25.0,11.548,7.028,0.24,0.08,0.609,False,,0.741,False,True,0.689,False,86.033,259.017,53.505,309.483,0.416,0.263,0.156,0.12,0.416,0.584,136.932,214.891,9.741,2.055,False,Sustainable,23.9,1.041,92,12,TE12,TE1,128.7,True,93,False,84,8,fair,Injury Risk
Patrick Mahomes,QB,KC,30.0,5.0,Active,9.0,4046,3139477.0,30123.0,11cad59d-90dd-449c-a839-dddaba4fe16c,00-0033873,3928.0,26.0,307.0,2.0,58.0,1.0,2.0,0.0,1.0,3587.0,22.0,422.0,5.0,64.0,1.0,-10.0,0.0,1.0,0.993,,0.974,,102.4,102.4,99.0,8.0,2 out of 5 stars,302.3,342.156,0.005,-11.213,330.684,330.943,5.905,30.0,22.023,8.763,0.367,0.067,0.398,False,,0.869,False,True,0.645,False,245.1,426.369,174.374,479.47,0.509,0.37,0.107,0.112,0.509,0.491,269.945,386.696,19.928,-0.744,False,Sustainable,23.8,1.036,80,11,QB11,QB1,319.4,True,81,False,85,22,VALUE,Safe
Courtland Sutton,WR,DEN,30.0,10.0,Active,8.0,5045,3128429.0,31010.0,b55ae5ba-593f-4560-9cab-14e10698e01d,00-0034348,30.0,1.0,0.0,0.0,0.0,81.0,1081.0,8.0,135.0,0.0,0.0,0.0,0.0,0.0,74.0,1017.0,7.0,124.0,0.852,0.246,0.854,0.212,85.7,85.7,72.0,7.0,2 out of 5 stars,204.4,203.839,0.003,22.84,211.589,226.679,-2.784,33.0,14.0,7.154,0.182,0.182,0.511,False,,0.867,False,True,0.553,False,159.704,261.622,125.736,290.825,0.056,0.205,0.267,0.002,0.396,0.604,176.409,236.525,13.722,-0.041,False,Sustainable,22.0,0.958,101,31,WR31,WR2,-13.2,True,83,False,86,-15,REACH,Balanced
Trevor Lawrence,QB,JAX,26.0,7.0,Active,5.0,7523,,,aaa8b42c-4d87-45f6-bfd2-e31cfed9a736,00-0036971,2045.0,11.0,119.0,3.0,26.0,0.0,-5.0,0.0,0.0,4007.0,29.0,359.0,9.0,82.0,0.0,0.0,0.0,0.0,0.902,,0.967,,93.2,93.2,75.0,7.0,4 out of 5 stars,304.0,338.26,0.016,-11.957,324.779,326.304,0.0,27.0,20.866,10.291,0.296,0.111,0.493,False,,0.844,False,True,0.799,False,222.528,430.853,146.228,491.608,0.478,0.368,0.138,0.121,0.478,0.522,263.033,382.989,19.481,-1.348,False,Sustainable,23.6,1.028,92,12,QB12,QB1,313.5,True,80,False,87,1,fair,Injury Risk
Jordyn Tyson,WR,NO,21.0,8.0,Active,0.0,13281,,,5368ab1c-5463-4326-86c0-17c06bf51c9d,TYS405541,,,,,,,,,,,,,,,,,,,,,,,97.0,97.0,85.0,7.0,3 out of 5 stars,172.4,181.769,0.078,21.404,196.372,203.174,-18.0,,,,,,,True,8.0,,False,False,1.0,False,136.416,292.858,97.473,342.934,0.153,0.181,0.172,0.033,0.423,0.577,158.815,266.126,,,False,,21.6,0.941,129,38,WR38,WR2,-64.0,True,102,False,88,-32,REACH,unknown
Marvin Harrison,WR,ARI,23.0,14.0,Active,2.0,11628,,,e8da21a8-796d-48a2-b644-57d08983ae01,00-0039849,0.0,0.0,0.0,0.0,0.0,62.0,885.0,8.0,116.0,0.0,0.0,0.0,0.0,0.0,41.0,608.0,4.0,73.0,0.786,0.222,0.712,0.118,84.8,84.8,70.0,6.0,2 out of 5 stars,197.2,195.083,0.016,22.235,204.739,217.317,-9.634,29.0,11.183,7.491,0.103,0.345,0.67,False,,0.845,False,True,0.725,True,144.806,274.936,101.774,313.425,0.103,0.194,0.208,0.012,0.403,0.597,166.654,247.281,12.299,-1.186,False,Buy-low,18.8,0.819,116,35,WR35,WR1,20.4,True,91,False,89,-31,REACH,Injury Risk
Jaxson Dart,QB,NYG,23.0,8.0,Active,1.0,12508,,,53848cba-bcad-4cd0-bb35-0a1f6ed111d1,00-0040691,,,,,,,,,,2272.0,15.0,487.0,9.0,86.0,0.0,0.0,0.0,0.0,,,0.836,,73.3,73.3,82.0,7.0,4 out of 5 stars,311.5,342.806,0.007,-23.476,319.33,319.33,-5.449,14.0,19.541,11.645,0.429,0.214,0.596,False,,0.841,False,True,0.965,True,226.188,429.598,149.572,483.651,0.49,0.359,0.137,0.115,0.49,0.51,268.864,377.396,15.712,1.686,False,Sustainable,22.1,0.962,106,13,QB13,QB1,309.5,True,90,False,90,-33,REACH,Injury Risk
Michael Pittman,WR,PIT,28.0,9.0,Active,6.0,6819,4035687.0,32704.0,1aefd5e2-1f85-471a-91a5-4aad4cf6fe6d,00-0036252,0.0,0.0,0.0,0.0,0.0,69.0,808.0,3.0,111.0,0.0,0.0,0.0,0.0,0.0,80.0,784.0,7.0,111.0,0.881,0.226,0.855,0.209,90.0,90.0,84.0,7.0,3 out of 5 stars,191.4,195.113,0.027,26.106,205.962,221.219,-8.411,33.0,11.158,6.718,0.121,0.303,0.602,False,,0.892,True,False,0.652,True,151.165,262.449,122.369,298.901,0.079,0.173,0.227,0.009,0.363,0.637,160.059,247.189,11.768,-0.583,True,Sustainable,21.7,0.945,113,34,WR34,WR2,-4.0,False,95,False,91,-23,REACH,Boom/Bust
Mark Andrews,TE,BAL,30.0,13.0,Active,8.0,5012,3116365.0,31056.0,0618f387-9b72-4270-8b8f-dec4cccc9e4a,00-0034753,0.0,0.0,5.0,0.0,4.0,55.0,673.0,11.0,69.0,0.0,0.0,48.0,1.0,10.0,48.0,422.0,5.0,70.0,0.611,0.151,0.617,0.172,119.8,119.8,133.0,9.0,4 out of 5 stars,164.8,167.703,0.028,19.238,171.835,186.941,-5.313,34.0,9.406,6.811,0.265,0.265,0.724,False,,0.813,False,True,0.82,True,105.079,234.941,73.071,275.963,0.377,0.352,0.164,0.072,0.377,0.623,129.892,209.836,8.309,0.98,False,Sustainable,25.9,1.128,105,13,TE13,TE1,145.4,True,106,False,92,15,fair,Injury Risk
Rhamondre Stevenson,RB,NE,28.0,11.0,Active,5.0,7611,,,6260e78a-64e2-4f7e-9bf8-39948a17a370,00-0036875,0.0,0.0,801.0,7.0,207.0,33.0,168.0,1.0,41.0,0.0,0.0,603.0,7.0,130.0,32.0,345.0,2.0,37.0,0.615,0.082,0.594,0.077,110.2,110.2,87.0,7.0,2 out of 5 stars,185.9,187.275,0.014,39.186,207.068,226.461,-6.307,29.0,12.369,8.532,0.172,0.31,0.69,False,,0.811,False,True,0.769,False,116.658,289.73,73.74,345.144,0.123,0.244,0.279,0.015,0.513,0.487,152.053,255.913,11.77,0.491,False,Sustainable,23.6,1.028,108,32,RB32,RB2,-32.1,True,92,False,93,2,fair,Injury Risk
Caleb Williams,QB,CHI,24.0,10.0,Active,2.0,11560,,,49d4b627-3f19-49a8-ae33-f539e0fb1f88,00-0039918,3541.0,20.0,489.0,0.0,81.0,0.0,0.0,0.0,0.0,3942.0,27.0,383.0,3.0,77.0,2.0,22.0,1.0,2.0,0.988,,0.991,,90.6,90.6,65.0,6.0,3 out of 5 stars,299.8,335.583,0.03,-15.934,315.8,319.65,-8.979,34.0,19.727,10.205,0.353,0.294,0.517,False,,0.897,False,True,0.838,False,240.011,399.988,191.099,448.997,0.439,0.448,0.101,0.069,0.439,0.561,255.056,372.914,18.536,-1.356,False,Sustainable,24.6,1.071,114,15,QB15,QB1,303.4,True,88,False,94,-23,REACH,Balanced
Dalton Kincaid,TE,BUF,26.0,7.0,Active,3.0,10236,,,b961fa15-0676-4948-b95f-56d06319d40e,00-0038933,0.0,0.0,0.0,0.0,0.0,44.0,448.0,2.0,75.0,0.0,0.0,0.0,0.0,0.0,39.0,571.0,5.0,49.0,0.57,0.152,0.374,0.102,135.7,135.7,109.0,8.0,3 out of 5 stars,159.4,156.843,0.026,18.218,165.327,175.061,-11.821,25.0,9.076,5.249,0.12,0.12,0.578,False,,0.818,False,True,0.655,True,104.698,223.806,73.558,260.839,0.339,0.38,0.175,0.052,0.339,0.661,126.441,200.98,8.536,0.534,False,Sustainable,26.3,1.145,120,16,TE16,TE1,85.3,True,107,False,95,16,fair,Injury Risk
Aaron Jones,RB,MIN,31.0,6.0,Active,9.0,4199,3042519.0,30295.0,27dd5b6e-ea65-4622-a6b4-460fd144407c,00-0033293,0.0,0.0,1138.0,5.0,255.0,51.0,408.0,2.0,62.0,0.0,0.0,548.0,2.0,132.0,28.0,199.0,1.0,41.0,0.632,0.12,0.551,0.088,118.5,118.5,105.0,8.0,4 out of 5 stars,174.8,182.624,0.066,39.074,201.653,221.697,-11.722,29.0,12.7,5.421,0.103,0.103,0.427,False,,0.733,False,True,0.476,False,89.497,302.515,53.314,365.435,0.153,0.218,0.203,0.025,0.472,0.528,151.914,246.861,13.914,-1.604,False,Buy-low,22.6,0.984,119,33,RB33,RB1,39.9,True,104,False,96,0,fair,Injury Risk
Kenny Gainwell,RB,TB,27.0,10.0,Active,5.0,7567,,,e2a5882a-dcc1-4800-889f-3b957b21834f,00-0036919,0.0,0.0,290.0,1.0,75.0,16.0,116.0,0.0,22.0,0.0,0.0,537.0,5.0,114.0,73.0,486.0,3.0,85.0,0.26,0.053,0.496,0.163,121.8,121.8,97.0,8.0,2 out of 5 stars,166.5,169.202,0.025,54.001,213.374,223.204,0.0,34.0,8.409,8.262,0.118,0.529,0.983,False,,0.887,True,False,1.096,False,99.092,256.587,67.27,320.816,0.092,0.164,0.252,0.018,0.371,0.629,109.755,246.511,8.357,-0.402,True,Sustainable,23.3,1.015,92,30,RB30,RB2,-39.9,True,86,False,97,30,fair,Boom/Bust
Isaiah Likely,TE,NYG,26.0,8.0,Active,4.0,8131,,,f9279edb-cfa7-4f7d-91df-b81cbf3e133e,00-0037838,0.0,0.0,0.0,0.0,0.0,42.0,477.0,6.0,58.0,0.0,0.0,0.0,0.0,0.0,27.0,307.0,1.0,36.0,0.594,0.127,0.559,0.088,126.8,126.8,122.0,8.0,3 out of 5 stars,165.3,158.486,0.067,20.137,169.614,178.622,-7.534,27.0,7.015,6.005,0.074,0.444,0.856,False,,0.818,True,False,0.969,True,87.86,224.841,62.233,279.819,0.31,0.322,0.22,0.078,0.31,0.69,105.548,208.444,6.6,0.936,True,Sustainable,22.1,0.962,110,14,TE14,TE1,93.4,True,105,False,98,17,fair,Injury Risk
Jared Goff,QB,DET,31.0,6.0,Active,10.0,3163,3046779.0,29235.0,aba8f925-ffbf-4654-bfa7-a25d3d237494,00-0033106,4629.0,37.0,56.0,0.0,35.0,1.0,7.0,1.0,1.0,4564.0,34.0,45.0,0.0,19.0,0.0,0.0,0.0,0.0,0.971,,0.985,,141.1,141.1,110.0,8.0,5 out of 5 stars,287.3,329.486,0.038,-12.933,316.553,316.553,-8.226,34.0,22.692,10.435,0.353,0.176,0.46,False,,0.911,False,True,0.745,False,246.715,394.337,205.179,442.866,0.437,0.465,0.086,0.06,0.437,0.563,257.087,373.751,17.241,0.892,False,Sustainable,26.1,1.136,112,14,QB14,QB1,306.1,True,99,False,99,29,VALUE,Balanced
Makai Lemon,WR,PHI,22.0,10.0,Active,0.0,13294,,,a6a64214-6f1d-4682-9559-287fb4fe7461,LEM694125,,,,,,,,,,,,,,,,,,,,,,,106.9,106.9,93.0,7.0,4 out of 5 stars,166.9,169.912,0.024,19.487,181.088,189.399,-33.285,,,,,,,True,20.0,,False,False,1.0,False,118.512,266.719,83.053,320.781,0.112,0.138,0.155,0.024,0.326,0.674,137.009,246.554,,,False,,23.9,1.041,157,49,WR49,WR2,-70.9,True,124,False,100,-50,REACH,unknown
Christian Watson,WR,GB,27.0,11.0,Active,4.0,8167,,,47d97f44-b4aa-46d2-816c-5b5a1fe48d46,00-0038124,0.0,0.0,23.0,0.0,4.0,29.0,620.0,2.0,53.0,0.0,0.0,3.0,0.0,1.0,35.0,611.0,6.0,55.0,0.591,0.114,0.677,0.12,97.3,97.3,57.0,6.0,5 out of 5 stars,190.9,187.636,0.025,20.064,197.939,207.7,-16.433,24.0,9.904,7.29,0.125,0.292,0.736,False,,0.758,False,True,0.797,False,99.773,285.377,62.134,342.41,0.146,0.15,0.139,0.035,0.367,0.633,150.264,242.553,9.161,0.851,False,Sustainable,24.7,1.076,127,37,WR37,WR1,9.3,True,94,False,101,-30,REACH,Injury Risk
Josh Downs,WR,IND,24.0,13.0,Active,3.0,9500,,,dd227f4a-0785-482d-a28b-f231c7f3b73f,00-0038997,0.0,0.0,12.0,0.0,1.0,72.0,803.0,5.0,107.0,0.0,0.0,-2.0,0.0,2.0,58.0,566.0,4.0,88.0,0.644,0.217,0.587,0.166,136.5,136.5,98.0,8.0,4 out of 5 stars,171.5,166.122,0.046,34.954,203.241,201.076,-11.131,30.0,10.73,6.301,0.067,0.3,0.587,False,,0.876,False,True,0.636,False,143.614,264.207,110.546,302.621,0.084,0.174,0.205,0.01,0.359,0.641,156.156,246.821,10.197,0.4,False,Sustainable,23.4,1.019,117,36,WR36,WR2,-14.3,True,97,False,102,20,fair,Balanced
Jakobi Meyers,WR,JAX,29.0,7.0,Active,7.0,5947,3916433.0,32231.0,73e194d1-a4b7-4de4-b1c2-3c24ef502918,00-0034960,0.0,0.0,23.0,0.0,2.0,87.0,1027.0,4.0,129.0,0.0,0.0,13.0,0.0,5.0,75.0,835.0,3.0,110.0,0.917,0.218,0.85,0.112,109.2,109.2,91.0,7.0,4 out of 5 stars,185.7,182.563,0.027,22.429,196.254,204.992,-18.118,31.0,12.703,5.347,0.097,0.0,0.421,False,,0.876,False,True,0.456,False,140.145,253.965,108.257,290.701,0.065,0.153,0.209,0.006,0.32,0.68,152.911,236.707,12.928,-0.553,False,Sustainable,23.6,1.028,130,39,WR39,WR2,-25.9,True,108,False,103,-21,REACH,Safe
Justin Herbert,QB,LAC,28.0,7.0,Active,6.0,6797,4038941.0,32676.0,f0a8f8e3-b9e9-46ed-85e4-eec6452a8a44,00-0036355,3870.0,23.0,306.0,2.0,69.0,0.0,0.0,0.0,0.0,3727.0,26.0,498.0,2.0,83.0,0.0,0.0,0.0,0.0,0.977,,0.968,,107.4,107.4,69.0,6.0,2 out of 5 stars,300.2,336.361,0.023,-20.624,309.954,315.737,-14.825,33.0,20.312,8.328,0.273,0.091,0.41,False,,0.869,False,True,0.664,False,226.493,400.68,165.626,449.892,0.424,0.435,0.127,0.071,0.424,0.576,252.621,362.757,17.11,-0.153,False,Sustainable,23.8,1.036,122,16,QB16,QB1,299.9,True,96,False,104,-15,REACH,Safe
J.K. Dobbins,RB,DEN,27.0,10.0,Active,6.0,6806,4241985.0,32725.0,a57b9914-4315-4295-98b4-9b348c52d6a1,00-0036158,0.0,0.0,905.0,9.0,195.0,32.0,153.0,0.0,38.0,0.0,0.0,772.0,4.0,153.0,11.0,37.0,0.0,14.0,0.634,0.077,0.511,0.024,119.8,119.8,107.0,8.0,2 out of 5 stars,174.7,171.717,0.028,39.263,197.086,210.98,-16.288,23.0,13.378,5.311,0.13,0.043,0.397,False,,,False,True,0.443,False,116.435,273.386,74.104,320.596,0.093,0.238,0.295,0.008,0.481,0.519,148.153,241.808,12.178,0.709,False,Sustainable,22.0,0.958,126,34,RB34,RB1,2.1,True,109,False,105,-6,fair,Safe
RJ Harvey,RB,DEN,25.0,10.0,Active,1.0,12489,,,fc6dbb83-b2b1-4962-b793-e79b2378b525,00-0040730,,,,,,,,,,0.0,0.0,540.0,7.0,146.0,47.0,356.0,5.0,58.0,,,0.421,0.099,123.0,123.0,79.0,7.0,2 out of 5 stars,179.2,170.045,0.078,39.666,194.945,209.71,-18.429,17.0,12.271,7.644,0.235,0.294,0.623,False,,0.854,False,True,0.695,False,122.145,262.891,82.598,312.151,0.082,0.222,0.324,0.007,0.467,0.533,141.625,242.682,11.368,0.637,False,Sustainable,22.0,0.958,132,35,RB35,RB2,-2.1,True,101,False,106,-9,fair,Boom/Bust
Wan'Dale Robinson,WR,TEN,25.0,9.0,Active,4.0,8126,,,582dfe0e-98f3-48a5-8a2d-a52baa926b05,00-0038117,0.0,0.0,18.0,0.0,3.0,93.0,699.0,3.0,140.0,0.0,0.0,5.0,0.0,3.0,92.0,1014.0,4.0,140.0,0.759,0.253,0.908,0.278,112.5,112.5,86.0,7.0,3 out of 5 stars,188.9,179.611,0.079,25.2,193.63,204.811,-20.743,33.0,12.139,6.569,0.121,0.152,0.541,False,,0.884,True,False,0.586,True,136.223,250.602,107.355,289.966,0.066,0.14,0.197,0.008,0.298,0.702,146.769,235.215,12.643,-0.503,True,Sustainable,21.0,0.914,138,41,WR41,WR2,-16.5,True,110,False,107,-26,REACH,Balanced
Khalil Shakir,WR,BUF,26.0,7.0,Active,4.0,8134,,,0ce9ddce-bdf6-469c-8a32-9cf0ed3714a4,00-0037261,0.0,0.0,4.0,0.0,2.0,76.0,821.0,4.0,100.0,0.0,0.0,5.0,0.0,1.0,72.0,719.0,4.0,95.0,0.613,0.202,0.598,0.198,133.2,133.2,114.0,8.0,4 out of 5 stars,173.8,170.691,0.024,29.671,192.914,200.363,-21.459,31.0,11.319,5.743,0.065,0.194,0.507,False,,0.876,False,True,0.55,True,143.973,253.676,110.681,287.608,0.058,0.158,0.222,0.004,0.323,0.677,156.782,234.065,10.411,1.136,False,TD-lucky,26.3,1.145,139,42,WR42,WR2,-21.5,True,119,False,108,-6,fair,Balanced
Brian Thomas,WR,JAX,23.0,7.0,Active,2.0,11631,,,271a233e-68b3-4261-a3aa-7667eaf9d3cc,00-0039893,0.0,0.0,48.0,0.0,6.0,87.0,1282.0,10.0,133.0,0.0,0.0,21.0,1.0,3.0,48.0,707.0,2.0,91.0,0.794,0.255,0.776,0.166,100.6,100.6,92.0,7.0,4 out of 5 stars,175.3,175.786,0.006,20.047,186.482,195.832,-27.89,31.0,13.51,7.586,0.226,0.161,0.562,False,,0.865,False,True,0.608,False,125.817,246.419,94.649,285.246,0.061,0.129,0.173,0.009,0.272,0.728,139.646,228.665,12.938,0.591,False,Sustainable,23.6,1.028,149,44,WR44,WR3,-35.7,True,117,False,109,-48,REACH,Balanced
Hunter Henry,TE,NE,31.0,11.0,Active,10.0,3214,3046439.0,29269.0,705899da-3c20-4bc3-b5d0-2e6e40655131,00-0033090,0.0,0.0,0.0,0.0,0.0,66.0,674.0,2.0,97.0,0.0,0.0,0.0,0.0,0.0,60.0,768.0,7.0,87.0,0.806,0.194,0.794,0.18,141.6,141.6,152.0,9.0,4 out of 5 stars,153.7,151.025,0.027,17.409,156.822,168.434,-20.326,33.0,9.824,6.537,0.152,0.242,0.665,False,,0.8,False,True,0.754,False,90.973,216.882,62.547,259.083,0.298,0.357,0.203,0.05,0.298,0.702,116.064,193.426,9.342,0.128,False,Sustainable,23.6,1.028,136,20,TE20,TE1,112.1,True,135,False,110,6,fair,Injury Risk
Jordan Love,QB,GB,27.0,11.0,Active,6.0,6804,4036378.0,32696.0,e5094779-e94f-4052-8597-bdbee3719f6b,00-0036264,3389.0,25.0,83.0,1.0,25.0,0.0,0.0,0.0,0.0,3381.0,23.0,199.0,0.0,47.0,0.0,0.0,0.0,0.0,0.917,,0.943,,159.8,159.8,117.0,8.0,4 out of 5 stars,267.5,309.768,0.011,-3.293,306.475,306.475,-18.304,30.0,18.633,9.125,0.2,0.233,0.49,False,,0.878,False,True,0.793,False,226.984,393.367,169.34,445.231,0.4,0.462,0.124,0.065,0.4,0.6,247.887,360.663,15.367,0.461,False,Sustainable,24.7,1.076,131,17,QB17,QB1,296.5,True,114,False,111,29,VALUE,Balanced
Brenton Strange,TE,JAX,25.0,7.0,Active,3.0,9480,,,94f135f7-9d54-4cbd-b560-fcaf83d414b0,00-0038935,0.0,0.0,0.0,0.0,0.0,40.0,411.0,2.0,53.0,0.0,0.0,0.0,0.0,0.0,46.0,540.0,3.0,60.0,0.542,0.102,0.748,0.11,166.3,166.3,146.0,9.0,3 out of 5 stars,151.4,145.438,0.06,18.273,160.088,163.711,-17.06,26.0,8.119,5.139,0.077,0.269,0.633,False,,0.75,False,True,0.717,False,79.654,233.507,49.368,279.07,0.339,0.295,0.18,0.077,0.339,0.661,121.881,194.823,7.47,0.382,False,Sustainable,23.6,1.028,128,17,TE17,TE1,132.4,True,123,False,112,38,fair,Injury Risk
T.J. Hockenson,TE,MIN,29.0,6.0,Active,7.0,5844,4036133.0,31840.0,bd1120b6-38b3-4225-a4b0-20660a149d0d,00-0035229,0.0,0.0,0.0,0.0,0.0,41.0,455.0,0.0,62.0,0.0,0.0,0.0,0.0,1.0,51.0,438.0,3.0,66.0,0.615,0.12,0.779,0.141,131.7,131.7,175.0,10.0,4 out of 5 stars,140.2,151.853,0.118,21.403,157.937,173.256,-19.21,25.0,7.972,4.475,0.12,0.2,0.561,False,,0.809,False,True,0.636,False,96.351,215.706,67.967,253.184,0.301,0.375,0.201,0.044,0.301,0.699,120.433,191.863,8.602,-0.267,False,Sustainable,22.6,0.984,134,18,TE18,TE1,109.4,True,143,False,113,-2,fair,Injury Risk
Juwan Johnson,TE,NO,29.0,8.0,Active,6.0,7002,3929645.0,33113.0,0226b03b-f91d-4223-9813-9fcd2e9c3acc,00-0036040,0.0,0.0,0.0,0.0,0.0,50.0,548.0,3.0,66.0,0.0,0.0,0.0,0.0,0.0,77.0,889.0,3.0,102.0,0.642,0.128,0.75,0.181,163.4,163.4,137.0,9.0,2 out of 5 stars,154.0,145.4,0.085,19.161,157.544,164.562,-19.603,32.0,9.584,4.39,0.156,0.125,0.458,False,,0.851,False,True,0.519,False,107.869,207.061,81.963,240.041,0.276,0.444,0.194,0.027,0.276,0.724,120.253,190.602,8.288,1.171,False,Sustainable,21.6,0.941,135,19,TE19,TE1,99.9,True,125,False,114,28,fair,Balanced
Rashid Shaheed,WR,SEA,27.0,11.0,Active,4.0,8676,,,e1ecc660-cc9f-11ec-952e-a10f2c98fc4d,00-0037545,0.0,0.0,29.0,0.0,6.0,20.0,349.0,3.0,41.0,0.0,0.0,69.0,0.0,9.0,59.0,687.0,2.0,92.0,0.757,0.079,0.609,0.117,156.7,156.7,149.0,9.0,3 out of 5 stars,144.0,140.428,0.038,54.959,195.387,195.387,-18.986,24.0,9.267,6.828,0.083,0.375,0.737,False,,0.808,False,True,0.798,False,114.548,271.053,75.132,321.865,0.113,0.149,0.157,0.022,0.342,0.658,144.702,238.974,9.554,-0.909,False,Sustainable,24.7,1.076,133,40,WR40,WR2,-146.5,True,131,False,115,24,fair,Injury Risk
Kenyon Sadiq,TE,NYJ,21.0,13.0,Active,0.0,13330,,,554e5567-f992-4071-8366-5fa5c316b07c,SAD482340,,,,,,,,,,,,,,,,,,,,,,,134.2,134.2,187.0,10.0,4 out of 5 stars,130.1,150.089,0.209,19.3,169.389,169.389,-7.759,,,,,,,True,16.0,,False,False,1.0,False,103.888,252.135,73.396,309.763,0.406,0.319,0.168,0.116,0.406,0.594,121.791,237.467,,,False,,18.7,0.814,111,15,TE15,TE1,87.8,False,128,False,116,23,VALUE,unknown
Kyle Monangai,RB,CHI,24.0,10.0,Active,1.0,12534,,,6edec23b-f938-40f7-a151-1db5374880dd,00-0040236,,,,,,,,,,0.0,0.0,783.0,5.0,169.0,18.0,164.0,0.0,30.0,,,0.409,0.056,123.0,123.0,96.0,8.0,2 out of 5 stars,155.8,168.15,0.112,37.078,186.585,205.228,-26.789,17.0,8.394,6.367,0.059,0.471,0.759,False,,0.854,False,True,0.846,False,114.687,254.639,76.489,302.022,0.07,0.201,0.313,0.007,0.419,0.581,132.76,234.083,9.441,-0.82,False,Sustainable,24.6,1.071,148,36,RB36,RB2,-58.8,True,118,False,117,-25,REACH,Boom/Bust
Michael Wilson,WR,ARI,26.0,14.0,Active,3.0,10232,,,b91be982-fccd-448e-869b-e9b5148a1730,00-0038559,0.0,0.0,7.0,0.0,1.0,47.0,548.0,4.0,71.0,0.0,0.0,0.0,0.0,0.0,78.0,1006.0,7.0,126.0,0.796,0.136,0.814,0.204,113.0,113.0,81.0,7.0,2 out of 5 stars,173.5,169.534,0.036,20.684,184.308,190.217,-30.065,33.0,10.518,8.471,0.121,0.273,0.805,False,,0.867,False,True,0.872,True,128.581,247.034,96.142,285.968,0.062,0.131,0.183,0.008,0.28,0.72,142.211,229.049,10.324,0.133,False,Sustainable,18.8,0.819,153,47,WR47,WR2,-20.4,True,115,False,118,-40,REACH,Boom/Bust
Chris Godwin,WR,TB,30.0,10.0,Active,9.0,4037,3116165.0,30197.0,baa61bb5-f8d0-4f90-bbe2-028576b8d33d,00-0033921,0.0,0.0,2.0,0.0,1.0,50.0,576.0,5.0,62.0,0.0,0.0,0.0,0.0,0.0,33.0,360.0,2.0,51.0,0.87,0.11,0.709,0.094,140.9,140.9,77.0,7.0,4 out of 5 stars,181.0,165.422,0.141,20.881,184.939,186.303,-29.433,16.0,13.675,9.069,0.25,0.25,0.663,False,,0.733,False,True,0.718,False,84.416,270.905,52.217,319.366,0.113,0.143,0.133,0.016,0.323,0.677,147.187,213.171,11.981,1.819,False,TD-lucky,23.3,1.015,151,46,WR46,WR2,-51.5,True,113,False,119,-10,fair,Injury Risk
Jayden Reed,WR,GB,26.0,11.0,Active,3.0,10222,,,23a306bc-5f77-4574-a575-bd599f243185,00-0039146,0.0,0.0,163.0,1.0,20.0,55.0,857.0,6.0,75.0,0.0,0.0,28.0,0.0,3.0,19.0,207.0,1.0,22.0,0.632,0.162,0.411,0.048,137.0,137.0,112.0,8.0,5 out of 5 stars,176.1,172.722,0.028,28.183,188.679,200.905,-25.694,22.0,11.25,7.732,0.091,0.182,0.687,False,,0.8,False,True,0.744,False,106.256,264.237,69.898,315.759,0.105,0.135,0.146,0.021,0.314,0.686,139.055,232.516,8.241,3.0,False,TD-lucky,24.7,1.076,146,43,WR43,WR2,-9.3,True,122,False,120,-9,fair,Injury Risk
Baker Mayfield,QB,TB,31.0,10.0,Active,8.0,4892,3052587.0,30971.0,30198d30-9769-4e10-ac86-b4c91d940802,00-0034855,4500.0,41.0,378.0,3.0,60.0,0.0,0.0,0.0,0.0,3693.0,26.0,382.0,1.0,55.0,0.0,0.0,0.0,0.0,0.985,,0.971,,149.7,149.7,119.0,8.0,2 out of 5 stars,281.7,314.28,0.034,-15.156,299.125,299.125,-25.654,34.0,22.815,9.11,0.412,0.118,0.399,False,,0.911,False,True,0.647,False,235.846,372.358,195.472,415.379,0.355,0.534,0.099,0.037,0.355,0.645,244.358,350.765,17.999,0.888,False,Sustainable,23.3,1.015,145,18,QB18,QB1,288.0,True,126,False,121,5,fair,Safe
KC Concepcion,WR,CLE,21.0,11.0,Active,0.0,13298,,,395b5873-4054-4190-913c-60b664d11e61,CON046719,,,,,,,,,,,,,,,,,,,,,,,144.0,144.0,126.0,9.0,3 out of 5 stars,145.5,154.993,0.096,19.556,174.549,174.549,-39.824,,,,,,,True,24.0,,False,False,1.0,True,113.17,258.684,79.873,309.828,0.094,0.128,0.152,0.021,0.3,0.7,132.582,237.484,,,False,,18.9,0.823,169,55,WR55,WR1,26.9,False,149,False,122,-25,REACH,unknown
Dalton Schultz,TE,HOU,30.0,8.0,Active,8.0,5001,3117256.0,31107.0,8caec1b4-e0b6-4a84-b8c8-617d6e91ef6a,00-0034383,0.0,0.0,0.0,0.0,0.0,53.0,532.0,2.0,85.0,0.0,0.0,0.0,0.0,0.0,82.0,777.0,3.0,106.0,0.782,0.155,0.711,0.192,167.8,167.8,161.0,10.0,4 out of 5 stars,148.7,138.763,0.11,18.432,151.665,157.194,-25.483,34.0,8.703,5.154,0.147,0.147,0.592,False,,0.855,False,True,0.671,False,101.154,201.31,76.903,233.586,0.244,0.432,0.226,0.024,0.244,0.756,113.259,187.302,8.724,-0.266,False,Sustainable,22.8,0.993,143,21,TE21,TE1,112.4,True,144,False,123,25,fair,Balanced
Ricky Pearsall,WR,SF,25.0,8.0,Active,2.0,11638,,,aca4c1b8-915f-4295-92e4-05b51feee6b1,00-0039916,0.0,0.0,45.0,0.0,3.0,31.0,400.0,3.0,46.0,0.0,0.0,-2.0,0.0,2.0,36.0,528.0,0.0,53.0,0.67,0.09,0.781,0.096,119.3,119.3,100.0,8.0,2 out of 5 stars,164.9,165.203,0.002,21.658,180.808,186.861,-33.565,20.0,9.105,8.16,0.05,0.45,0.896,False,,,False,True,0.971,False,109.183,246.341,76.98,296.123,0.08,0.112,0.14,0.017,0.259,0.741,126.814,228.795,9.183,-0.078,False,Sustainable,25.0,1.089,158,50,WR50,WR2,-33.7,True,129,False,124,-39,REACH,Boom/Bust
Brandon Aubrey,K,DAL,31.0,14.0,Active,3.0,11533,,,110e6fe0-1c34-11ee-8294-af17faac15de,00-0037692,0.0,0.0,0.0,0.0,0.0,0.0,0.0,0.0,0.0,0.0,0.0,6.0,0.0,1.0,0.0,0.0,0.0,0.0,,,,,85.2,85.2,193.0,10.0,2 out of 5 stars,153.0,42.173,0.0,133.779,175.952,175.952,27.345,34.0,11.724,6.481,0.353,0.088,0.553,False,,0.983,False,True,0.97,False,120.883,228.144,97.216,268.376,0.614,0.278,0.108,0.221,0.614,0.386,122.576,221.193,,,False,,25.6,1.115,46,1,K1,K1,0.0,True,89,True,125,39,VALUE,Balanced
Jordan Addison,WR,MIN,24.0,6.0,Active,3.0,9756,,,63fdd64e-1a23-4b77-9536-b1609f3a708c,00-0038994,0.0,0.0,20.0,1.0,3.0,63.0,875.0,9.0,99.0,0.0,0.0,81.0,1.0,2.0,42.0,610.0,3.0,79.0,0.817,0.191,0.851,0.169,120.7,120.7,106.0,8.0,5 out of 5 stars,167.1,169.214,0.017,20.201,178.997,189.415,-35.376,29.0,11.986,8.61,0.138,0.207,0.718,False,,0.867,False,True,0.778,False,115.331,239.482,85.865,283.726,0.062,0.111,0.152,0.01,0.246,0.754,128.732,224.253,11.872,-0.156,False,Sustainable,22.6,0.984,160,51,WR51,WR2,-120.0,True,134,False,126,-39,REACH,Boom/Bust
Oronde Gadsden,TE,LAC,23.0,7.0,Active,1.0,12493,,,6af50530-145a-4b34-946d-ce1a7f7d3166,00-0040189,,,,,,,,,,0.0,0.0,0.0,0.0,0.0,49.0,664.0,3.0,69.0,,,0.626,0.127,168.2,168.2,147.0,9.0,4 out of 5 stars,122.1,117.477,0.059,14.354,150.416,131.831,-26.731,15.0,8.893,7.619,0.133,0.333,0.857,False,,0.839,False,True,0.97,False,92.974,203.84,68.577,243.712,0.249,0.384,0.244,0.038,0.249,0.751,106.717,189.218,7.884,0.703,False,Sustainable,23.8,1.036,147,22,TE22,TE1,50.2,True,142,False,127,21,fair,Injury Risk
Rachaad White,RB,WAS,27.0,7.0,Active,4.0,8136,,,4d3f2f57-215c-4cb4-bf75-a7ecdcdded70,00-0037256,0.0,0.0,613.0,3.0,144.0,51.0,393.0,6.0,57.0,0.0,0.0,572.0,4.0,132.0,40.0,218.0,0.0,45.0,0.566,0.101,0.511,0.083,122.5,122.5,116.0,8.0,4 out of 5 stars,170.0,172.156,0.018,34.113,177.839,206.269,-35.535,32.0,10.894,6.738,0.094,0.25,0.618,False,,0.879,True,False,0.69,False,107.712,243.392,75.795,293.134,0.061,0.171,0.292,0.006,0.367,0.633,119.441,228.716,10.215,0.272,True,Sustainable,23.3,1.015,161,37,RB37,RB1,10.2,False,141,False,128,-38,REACH,Boom/Bust
Quentin Johnston,WR,LAC,24.0,7.0,Active,3.0,9754,,,e648bc98-bc81-44d0-8d4b-b9223c497ff4,00-0038544,0.0,0.0,6.0,0.0,3.0,55.0,711.0,8.0,91.0,0.0,0.0,7.0,0.0,2.0,51.0,735.0,8.0,84.0,0.708,0.185,0.769,0.154,144.2,144.2,111.0,8.0,2 out of 5 stars,169.7,165.88,0.036,18.631,178.627,184.512,-35.745,28.0,12.425,7.988,0.214,0.25,0.643,False,,0.859,False,True,0.696,False,115.753,238.924,84.388,282.062,0.061,0.109,0.152,0.01,0.241,0.759,130.104,222.748,11.036,0.66,False,Sustainable,23.8,1.036,163,53,WR53,WR2,-56.9,True,139,False,129,-19,REACH,Boom/Bust
Romeo Doubs,WR,NE,26.0,11.0,Active,4.0,8121,,,5f559fde-3a5f-4df6-99a2-cd1a4b103c68,00-0037816,0.0,0.0,0.0,0.0,0.0,46.0,601.0,4.0,72.0,0.0,0.0,0.0,0.0,0.0,55.0,724.0,6.0,85.0,0.774,0.155,0.776,0.185,146.2,146.2,127.0,9.0,2 out of 5 stars,164.3,168.54,0.04,23.223,178.826,191.763,-35.547,29.0,10.121,6.547,0.034,0.276,0.647,False,,0.867,True,False,0.701,False,117.538,237.322,88.878,278.589,0.055,0.109,0.156,0.009,0.236,0.764,130.003,221.256,10.435,0.12,True,Sustainable,23.6,1.028,162,52,WR52,WR2,-90.9,True,145,False,130,-16,REACH,Boom/Bust
Cameron Dicker,K,LAC,26.0,7.0,Active,4.0,8259,,,ac5dd0b0-d060-11ec-b677-29e0f2526162,00-0037224,0.0,0.0,0.0,0.0,0.0,0.0,0.0,0.0,0.0,0.0,0.0,0.0,0.0,0.0,0.0,0.0,0.0,0.0,,,,,110.0,110.0,202.0,11.0,2 out of 5 stars,144.1,37.07,0.0,129.537,166.607,166.607,18.0,34.0,10.5,5.059,0.324,0.118,0.482,False,,0.983,False,True,0.845,False,114.569,216.143,92.559,252.42,0.557,0.315,0.129,0.178,0.557,0.443,116.649,211.419,,,False,,23.8,1.036,61,2,K2,K1,0.0,True,97,True,131,49,VALUE,Balanced
Jason Myers,K,SEA,35.0,11.0,Active,11.0,2747,2473037.0,28378.0,7af4c94b-529b-4403-ab66-2bfed3fcf0c7,00-0031492,0.0,0.0,0.0,0.0,0.0,0.0,0.0,0.0,0.0,0.0,0.0,0.0,0.0,0.0,0.0,0.0,0.0,0.0,,,,,119.5,119.5,204.0,11.0,4 out of 5 stars,150.4,38.881,0.0,127.265,166.146,166.146,17.539,34.0,10.324,5.227,0.294,0.147,0.506,False,,0.973,False,True,0.888,False,114.628,216.095,92.013,251.401,0.553,0.318,0.129,0.179,0.553,0.447,116.416,210.155,,,False,,24.7,1.076,64,3,K3,K1,0.0,True,100,True,132,56,VALUE,Balanced
Xavier Worthy,WR,KC,23.0,5.0,Active,2.0,11624,,,52e049b1-0a7a-4e7f-9866-d2848e9cc478,00-0039894,0.0,0.0,104.0,3.0,20.0,59.0,638.0,6.0,98.0,0.0,0.0,87.0,0.0,11.0,42.0,532.0,1.0,73.0,0.641,0.171,0.706,0.133,139.9,139.9,123.0,8.0,2 out of 5 stars,167.2,170.618,0.029,21.061,175.659,191.678,-38.713,30.0,9.903,6.388,0.1,0.333,0.645,False,,0.855,False,True,0.699,False,112.385,236.444,80.791,278.4,0.054,0.108,0.151,0.008,0.233,0.767,127.382,218.318,10.961,0.057,False,Sustainable,23.8,1.036,166,54,WR54,WR2,-103.7,True,148,False,133,-26,REACH,Boom/Bust
Ka'imi Fairbairn,K,HOU,32.0,8.0,Active,10.0,3451,2971573.0,29792.0,203b60aa-cb94-499c-a4ca-d3c6b94dddc4,00-0032726,0.0,0.0,0.0,0.0,0.0,0.0,0.0,0.0,0.0,0.0,0.0,0.0,0.0,0.0,0.0,0.0,0.0,0.0,,,,,135.1,135.1,203.0,11.0,2 out of 5 stars,144.5,28.299,0.0,136.911,165.21,165.21,16.603,32.0,11.844,6.258,0.406,0.094,0.528,False,,0.924,False,True,0.927,False,111.566,215.893,89.892,254.309,0.539,0.319,0.142,0.177,0.539,0.461,115.979,209.112,,,False,,22.8,0.993,66,4,K4,K1,0.0,True,103,True,134,69,VALUE,Balanced
Chig Okonkwo,TE,WAS,26.0,7.0,Active,4.0,8210,,,14e11f9b-58c8-437f-abc0-a4e4df9a7c47,00-0037809,0.0,0.0,17.0,0.0,1.0,52.0,479.0,2.0,70.0,0.0,0.0,0.0,0.0,0.0,56.0,560.0,2.0,79.0,0.605,0.138,0.637,0.149,168.5,168.5,163.0,10.0,1 out of 5 stars,126.8,123.811,0.035,16.78,145.525,140.592,-31.623,33.0,7.2,4.546,0.061,0.364,0.631,False,,0.893,True,False,0.715,False,82.538,187.314,63.272,229.006,0.192,0.341,0.306,0.033,0.192,0.808,87.841,182.098,6.618,0.594,True,Sustainable,23.3,1.015,154,23,TE23,TE1,103.2,False,152,False,135,14,fair,Boom/Bust
Jonathon Brooks,RB,CAR,23.0,5.0,Active,2.0,11583,,,5c842941-844b-4f6a-bce4-26b377146674,00-0039344,0.0,0.0,22.0,0.0,9.0,3.0,23.0,0.0,3.0,,,,,,,,,,0.11,0.006,,,131.3,131.3,143.0,9.0,1 out of 5 stars,133.5,140.11,0.067,32.569,172.679,172.679,-40.695,,,,,,,True,,,False,False,1.0,False,69.74,249.819,43.624,339.617,0.109,0.122,0.184,0.036,0.314,0.686,86.984,237.985,,,False,,20.9,0.91,171,39,RB39,RB2,-45.4,False,157,False,136,-40,REACH,unknown
Kyler Murray,QB,MIN,28.0,6.0,Active,7.0,5849,3917315.0,31833.0,dd5a6b6e-ffae-45a5-b8e6-718a9251f374,00-0035228,3851.0,21.0,572.0,5.0,78.0,0.0,0.0,0.0,0.0,962.0,6.0,173.0,1.0,29.0,0.0,0.0,0.0,0.0,0.971,,0.988,,148.7,148.7,113.0,8.0,5 out of 5 stars,276.1,293.53,0.082,-8.865,284.665,284.665,-40.114,22.0,19.865,7.548,0.227,0.182,0.38,False,,0.735,True,False,0.615,False,121.21,414.824,73.111,506.491,0.335,0.303,0.332,0.124,0.335,0.665,204.917,339.094,18.266,-1.129,True,Sustainable,22.6,0.984,170,19,QB19,QB1,249.9,True,146,False,137,-21,REACH,Injury Risk
AJ Barner,TE,SEA,24.0,11.0,Active,2.0,11603,,,e96127b4-d381-43d4-b0ae-8790c706756f,00-0039793,0.0,0.0,0.0,0.0,0.0,30.0,245.0,4.0,38.0,0.0,0.0,14.0,1.0,10.0,52.0,519.0,6.0,68.0,0.451,0.067,0.773,0.149,169.0,169.0,188.0,10.0,3 out of 5 stars,130.0,119.553,0.132,15.299,143.564,134.853,-33.583,32.0,7.056,5.689,0.094,0.406,0.806,False,,0.866,False,True,0.913,False,90.735,191.384,69.952,229.515,0.206,0.389,0.279,0.029,0.206,0.794,99.658,182.701,6.004,1.193,False,Sustainable,24.7,1.076,159,25,TE25,TE1,80.3,True,164,False,138,10,fair,Boom/Bust
Eddy Pineiro,K,SF,30.0,8.0,Active,8.0,5189,4034949.0,31482.0,1c50997f-c56e-47f9-a750-33ab100ed28b,00-0034173,0.0,0.0,0.0,0.0,0.0,0.0,0.0,0.0,0.0,0.0,0.0,0.0,0.0,0.0,0.0,0.0,0.0,0.0,,,,,150.3,150.3,213.0,11.0,5 out of 5 stars,132.6,37.268,0.0,119.97,157.238,157.238,8.632,31.0,8.032,5.225,0.258,0.323,0.65,False,,0.941,False,True,1.142,False,107.311,205.104,85.771,241.444,0.494,0.347,0.159,0.143,0.494,0.506,109.694,197.865,,,False,,25.0,1.089,72,6,K6,K1,0.0,True,112,True,139,78,VALUE,Boom/Bust
Cam Little,K,JAX,22.0,7.0,Active,2.0,11786,,,42d90cdf-5494-4576-bc1e-4b5d3de99f5f,00-0039409,0.0,0.0,0.0,0.0,0.0,0.0,0.0,0.0,0.0,0.0,0.0,0.0,0.0,0.0,0.0,0.0,0.0,0.0,,,,,137.1,137.1,206.0,11.0,4 out of 5 stars,129.9,37.436,0.0,112.538,149.974,149.974,1.367,34.0,8.794,5.342,0.265,0.235,0.607,False,,0.98,False,True,1.066,False,103.921,194.537,83.423,227.413,0.446,0.379,0.176,0.111,0.446,0.554,104.921,188.819,,,False,,23.6,1.028,87,9,K9,K1,0.0,True,116,True,140,50,VALUE,Boom/Bust
Tyler Shough,QB,NO,26.0,8.0,Active,1.0,12545,,,94b8f9e1-3109-4429-8f71-4f79d7588237,00-0040743,,,,,,,,,,2384.0,10.0,186.0,3.0,45.0,0.0,0.0,0.0,0.0,,,0.835,,152.9,152.9,121.0,8.0,3 out of 5 stars,285.9,307.573,0.049,-27.807,279.766,279.766,-45.013,11.0,16.36,8.607,0.091,0.364,0.526,False,,,False,True,0.852,False,190.069,371.063,131.062,424.73,0.311,0.469,0.203,0.048,0.311,0.689,223.064,332.156,13.604,0.938,False,Sustainable,21.6,0.941,172,20,QB20,QB1,270.1,True,150,False,141,-19,REACH,Balanced
Pat Freiermuth,TE,PIT,27.0,9.0,Active,5.0,7600,,,04f0fefe-9d9d-44f5-94ea-6df2a42df3c6,00-0036894,0.0,0.0,0.0,0.0,0.0,65.0,653.0,7.0,78.0,0.0,0.0,0.0,0.0,0.0,41.0,486.0,4.0,54.0,0.693,0.17,0.504,0.103,168.7,168.7,237.0,11.0,2 out of 5 stars,133.9,135.503,0.015,17.718,144.456,153.221,-32.691,32.0,8.934,6.015,0.125,0.219,0.673,False,,0.834,False,True,0.762,True,89.644,194.743,64.665,232.605,0.217,0.385,0.259,0.03,0.217,0.783,103.595,181.964,6.45,2.121,False,TD-lucky,21.7,0.945,155,24,TE24,TE1,53.2,False,178,False,142,14,fair,Injury Risk
Alvin Kamara,RB,NO,31.0,8.0,Active,9.0,4035,3054850.0,30180.0,d9c857b2-97da-4fb8-a527-afbbb2a67413,00-0033906,0.0,0.0,950.0,6.0,228.0,68.0,543.0,2.0,89.0,0.0,0.0,471.0,1.0,131.0,33.0,186.0,0.0,39.0,0.709,0.172,0.637,0.069,156.4,156.4,141.0,9.0,3 out of 5 stars,123.5,123.999,0.002,28.094,152.093,152.093,-61.282,25.0,14.8,8.646,0.16,0.12,0.584,False,,0.716,False,True,0.651,False,61.237,232.851,35.058,291.32,0.062,0.137,0.201,0.008,0.294,0.706,106.755,192.542,15.84,-1.2,False,Buy-low,21.6,0.941,188,44,RB44,RB2,-109.9,True,166,False,143,-32,,Injury Risk
Tyler Loop,K,BAL,24.0,13.0,Active,1.0,12711,,,a6b8b5d3-a2f2-4532-ade3-dc122b6b240c,00-0040074,,,,,,,,,,0.0,0.0,0.0,0.0,0.0,0.0,0.0,0.0,0.0,,,,,161.8,161.8,214.0,11.0,3 out of 5 stars,132.0,40.37,0.0,109.218,149.589,149.589,0.982,17.0,8.294,4.027,0.176,0.235,0.486,False,,0.976,False,True,0.852,True,103.165,194.636,83.271,228.807,0.443,0.378,0.18,0.114,0.443,0.557,105.146,189.841,,,False,,25.9,1.128,88,10,K10,K1,0.0,True,121,True,144,74,VALUE,Balanced
Jalen Coker,WR,CAR,24.0,5.0,Active,2.0,11646,,,67977ab0-070b-11ef-978d-05d80704d329,00-0039491,19.0,0.0,0.0,0.0,0.0,32.0,478.0,2.0,46.0,0.0,0.0,0.0,0.0,0.0,33.0,394.0,3.0,43.0,0.664,0.089,0.694,0.09,161.6,161.6,131.0,9.0,2 out of 5 stars,152.7,149.268,0.037,19.018,168.811,168.285,-45.562,22.0,8.316,6.225,0.045,0.455,0.749,False,,,False,True,0.811,False,103.645,228.677,72.754,272.503,0.05,0.096,0.133,0.008,0.207,0.793,120.83,210.504,7.449,1.653,False,TD-lucky,20.9,0.91,173,56,WR56,WR3,-76.4,False,154,False,145,-11,fair,Boom/Bust
Travis Hunter,WR,JAX,23.0,7.0,Active,1.0,12530,,,4a975d4c-d7cd-45ef-b258-db45187140eb,00-0040718,,,,,,,,,,0.0,0.0,0.0,0.0,1.0,28.0,298.0,1.0,45.0,,,0.663,,118.5,118.5,157.0,10.0,4 out of 5 stars,111.6,111.803,0.001,13.629,115.726,125.433,-98.646,,,,,,,True,,,False,True,1.0,False,69.764,158.104,48.1,190.008,0.006,0.02,0.044,0.0,0.043,0.957,81.156,145.801,,,False,,23.6,1.028,227,77,WR77,WR4,-106.4,True,196,False,146,-108,,unknown
Jordan Mason,RB,MIN,27.0,6.0,Active,4.0,8408,,,af9f7390-ca80-11ec-97ae-e1573849d1a6,00-0037525,0.0,0.0,789.0,3.0,153.0,11.0,91.0,0.0,14.0,0.0,0.0,758.0,6.0,159.0,14.0,51.0,0.0,16.0,0.487,0.027,0.428,0.034,146.7,146.7,128.0,9.0,4 out of 5 stars,132.1,130.167,0.023,30.159,161.762,160.326,-51.612,28.0,8.854,6.644,0.107,0.429,0.75,False,,0.837,False,True,0.837,False,93.068,224.782,60.566,270.711,0.041,0.139,0.273,0.004,0.303,0.697,112.003,206.656,8.469,0.238,False,Sustainable,22.6,0.984,180,41,RB41,RB2,-39.9,True,158,False,147,-33,REACH,Injury Risk
Terrance Ferguson,TE,LAR,23.0,11.0,Active,1.0,12487,,,fdfc7b8e-a202-4459-91f8-be6e053e5d29,00-0040737,,,,,,,,,,0.0,0.0,0.0,0.0,1.0,11.0,231.0,3.0,25.0,,,0.367,0.043,166.7,166.7,241.0,11.0,4 out of 5 stars,109.3,126.733,0.219,13.976,140.709,140.709,-36.439,11.0,4.736,5.203,0.0,0.545,1.098,False,,,False,True,1.244,False,79.275,195.574,56.602,239.241,0.219,0.326,0.271,0.039,0.219,0.781,92.16,181.651,5.595,-1.364,False,Buy-low,26.3,1.145,164,26,TE26,TE1,58.4,True,185,False,148,3,fair,Boom/Bust
Jake Moody,K,WAS,26.0,7.0,Active,3.0,10937,,,e7a7eaea-0f77-42ab-b6a2-12ebcf51227c,00-0038562,0.0,0.0,0.0,0.0,0.0,0.0,0.0,0.0,0.0,0.0,0.0,0.0,0.0,0.0,0.0,0.0,0.0,0.0,,,,,169.9,169.9,,,,121.4,29.264,0.0,104.708,133.972,133.972,-14.635,23.0,8.391,6.058,0.261,0.261,0.722,False,,0.89,False,True,1.267,False,88.224,176.62,70.215,208.682,0.327,0.39,0.283,0.071,0.327,0.673,93.664,169.187,,,False,,23.3,1.015,121,21,K21,K1,0.0,False,111,False,149,49,fair,Boom/Bust
Sam Darnold,QB,SEA,29.0,11.0,Active,8.0,4943,3912547.0,30973.0,13d826c5-9b22-4e0a-a877-02d8c84c546b,00-0034869,4319.0,35.0,212.0,1.0,67.0,0.0,0.0,0.0,0.0,4048.0,25.0,95.0,0.0,35.0,0.0,0.0,0.0,0.0,0.994,,0.962,,163.8,163.8,136.0,9.0,4 out of 5 stars,266.4,294.147,0.055,-20.864,273.283,273.283,-51.496,34.0,19.982,10.16,0.324,0.294,0.508,False,,0.853,False,True,0.824,False,189.314,362.132,125.306,412.041,0.284,0.493,0.204,0.039,0.284,0.716,218.211,323.859,16.87,-0.571,False,Sustainable,24.7,1.076,177,21,QB21,QB1,262.0,True,159,False,150,-13,REACH,Balanced
Gunnar Helm,TE,TEN,23.0,9.0,Active,1.0,12502,,,beb69cba-f240-43ed-88d3-50d066cf55d4,00-0040584,,,,,,,,,,0.0,0.0,0.0,0.0,0.0,44.0,357.0,2.0,55.0,,,0.526,0.104,169.8,169.8,205.0,11.0,3 out of 5 stars,111.4,121.38,0.128,16.589,137.968,137.968,-39.18,16.0,5.731,3.989,0.0,0.5,0.696,False,,0.851,False,True,0.788,True,84.195,187.319,62.215,225.468,0.19,0.366,0.289,0.027,0.19,0.81,94.813,175.233,5.406,0.325,False,Sustainable,21.0,0.914,168,28,TE28,TE1,97.8,True,173,False,151,2,fair,Boom/Bust
Jayden Higgins,WR,HOU,23.0,8.0,Active,1.0,12484,,,f55444a9-ccad-4343-bb03-caca6ea3de99,00-0040130,,,,,,,,,,0.0,0.0,0.0,0.0,0.0,41.0,525.0,6.0,68.0,,,0.572,0.123,158.6,158.6,118.0,8.0,3 out of 5 stars,138.0,140.284,0.025,17.18,159.83,157.464,-54.543,17.0,7.618,5.371,0.0,0.412,0.705,False,,0.873,False,True,0.764,False,104.742,213.145,79.781,249.045,0.029,0.071,0.125,0.004,0.158,0.842,115.145,199.963,7.406,0.399,False,Sustainable,22.8,0.993,184,60,WR60,WR2,-106.1,True,156,False,152,-25,,Boom/Bust
Blake Corum,RB,LAR,25.0,11.0,Active,2.0,11586,,,93ba1da2-3679-4ddc-9687-0802349f9ee2,00-0039738,0.0,0.0,207.0,0.0,58.0,7.0,58.0,0.0,8.0,0.0,0.0,746.0,6.0,145.0,8.0,36.0,0.0,14.0,0.112,0.015,0.291,0.024,136.4,136.4,108.0,8.0,5 out of 5 stars,133.7,149.808,0.166,43.137,176.84,192.945,-36.534,32.0,4.866,5.416,0.031,0.812,1.113,False,,0.858,False,True,1.241,False,101.564,244.91,68.211,298.961,0.068,0.168,0.281,0.007,0.364,0.636,117.82,228.162,5.593,-0.408,False,Sustainable,26.3,1.145,165,38,RB38,RB2,-99.6,True,140,False,153,-29,REACH,Boom/Bust
Denzel Boston,WR,CLE,22.0,11.0,Active,0.0,13346,,,a17e4b32-20bb-4552-855e-0aa3cf0bafab,BOS677861,,,,,,,,,,,,,,,,,,,,,,,167.6,167.6,151.0,9.0,3 out of 5 stars,126.2,129.325,0.032,16.055,145.38,145.38,-68.993,,,,,,,True,39.0,,False,False,1.0,True,87.168,198.326,61.278,239.81,0.025,0.058,0.092,0.004,0.126,0.874,102.265,182.929,,,False,,18.9,0.823,193,63,WR63,WR3,-29.2,False,171,False,154,-25,,unknown
Zach Charbonnet,RB,SEA,25.0,11.0,Active,3.0,9753,,,7d7f1628-85a7-4633-9ffe-d82fc2761b00,00-0039165,0.0,0.0,569.0,8.0,135.0,42.0,340.0,1.0,52.0,0.0,0.0,730.0,12.0,184.0,20.0,144.0,0.0,24.0,0.527,0.091,0.484,0.053,155.6,155.6,134.0,9.0,4 out of 5 stars,123.0,129.145,0.074,27.498,156.643,156.643,-56.731,33.0,11.1,8.037,0.091,0.333,0.724,False,,0.879,False,True,0.807,False,97.07,211.584,68.901,254.09,0.029,0.114,0.279,0.002,0.261,0.739,108.452,198.068,10.322,0.428,False,Sustainable,24.7,1.076,186,43,RB43,RB2,-54.1,True,163,False,155,-30,,Boom/Bust
Matthew Golden,WR,GB,22.0,11.0,Active,1.0,12501,,,d1963360-c011-4764-9a36-9e627073f68f,00-0040667,,,,,,,,,,0.0,0.0,49.0,0.0,10.0,29.0,361.0,0.0,44.0,,,0.532,0.096,104.1,104.1,139.0,9.0,5 out of 5 stars,155.9,174.902,0.172,22.255,181.262,197.157,-33.111,14.0,5.0,4.301,0.0,0.643,0.86,False,,0.838,False,True,0.932,False,109.155,248.14,75.213,295.821,0.079,0.118,0.146,0.014,0.266,0.734,128.533,226.998,5.791,0.103,False,Sustainable,24.7,1.076,156,48,WR48,WR3,-16.7,True,146,False,156,-52,REACH,Injury Risk
Evan McPherson,K,CIN,27.0,6.0,Active,5.0,7839,,,acc143ed-53b2-49c9-81bc-16e6c98ffcae,00-0036854,0.0,0.0,0.0,0.0,0.0,0.0,0.0,0.0,0.0,0.0,0.0,0.0,0.0,0.0,0.0,0.0,0.0,0.0,,,,,168.6,168.6,219.0,11.0,2 out of 5 stars,128.7,40.391,0.0,105.165,145.556,145.556,-3.051,29.0,7.931,5.612,0.172,0.31,0.708,False,,0.941,False,True,1.242,False,99.173,189.674,79.771,222.862,0.413,0.381,0.206,0.101,0.413,0.587,102.354,184.59,,,False,,26.0,1.132,102,16,K16,K1,0.0,True,137,True,157,67,VALUE,Boom/Bust
Cairo Santos,K,CHI,34.0,10.0,Active,12.0,2020,17427.0,28227.0,d96ff17c-841a-4768-8e08-3a4cfcb7f717,00-0031203,0.0,0.0,0.0,0.0,0.0,0.0,0.0,0.0,0.0,0.0,0.0,0.0,0.0,0.0,0.0,0.0,0.0,0.0,,,,,166.2,166.2,224.0,11.0,0 out of 5 stars,132.8,36.258,0.0,113.29,149.549,149.549,0.942,32.0,7.75,4.813,0.188,0.219,0.621,False,,0.966,False,True,1.09,False,102.762,193.899,82.998,227.192,0.44,0.378,0.182,0.112,0.44,0.56,104.322,187.66,,,False,,24.6,1.071,89,11,K11,K1,0.0,True,127,True,158,77,VALUE,Boom/Bust
Tre Tucker,WR,LV,25.0,13.0,Active,3.0,10213,,,9beb72c5-5a81-413c-ada3-ff4854c95cf4,00-0038563,0.0,0.0,44.0,1.0,9.0,47.0,539.0,3.0,81.0,0.0,0.0,51.0,0.0,11.0,57.0,696.0,5.0,92.0,0.872,0.137,0.948,0.186,168.3,168.3,169.0,10.0,2 out of 5 stars,142.0,138.637,0.043,24.236,162.873,162.873,-51.5,34.0,8.559,7.55,0.059,0.529,0.882,False,,0.876,False,True,0.955,True,114.527,217.256,88.473,252.581,0.027,0.08,0.138,0.002,0.168,0.832,124.564,203.039,8.473,0.086,False,Sustainable,19.5,0.849,178,58,WR58,WR1,19.5,False,168,False,159,-10,fair,Boom/Bust
Tyjae Spears,RB,TEN,25.0,9.0,Active,3.0,9508,,,af71f149-7758-40b7-973a-9fe6320cf4f5,00-0039032,0.0,0.0,312.0,4.0,84.0,30.0,224.0,1.0,35.0,0.0,0.0,283.0,2.0,72.0,45.0,264.0,0.0,50.0,0.428,0.069,0.459,0.094,167.7,167.7,138.0,9.0,3 out of 5 stars,136.4,144.234,0.084,32.534,159.834,176.768,-53.54,25.0,9.012,6.757,0.12,0.32,0.75,False,,0.82,False,True,0.836,True,95.382,226.189,59.384,268.889,0.035,0.149,0.287,0.003,0.312,0.688,119.942,201.081,8.374,0.638,False,Sustainable,21.0,0.914,183,42,RB42,RB2,-60.6,True,161,False,160,-15,,Injury Risk
Jerry Jeudy,WR,CLE,27.0,11.0,Active,6.0,6783,4241463.0,32685.0,eaaa4a61-c2a7-4926-8e9b-3ec71be2f991,00-0036407,0.0,0.0,0.0,0.0,0.0,90.0,1229.0,4.0,145.0,0.0,0.0,5.0,0.0,1.0,50.0,602.0,2.0,106.0,0.897,0.229,0.845,0.203,162.5,162.5,148.0,9.0,3 out of 5 stars,144.7,140.055,0.056,17.631,147.634,157.686,-66.738,34.0,10.576,8.156,0.118,0.412,0.771,False,,0.901,False,True,0.835,True,108.121,194.031,86.762,222.21,0.009,0.04,0.1,0.0,0.091,0.909,113.796,184.188,11.25,-0.615,False,Sustainable,18.9,0.823,191,61,WR61,WR2,-26.9,False,169,False,161,-28,,Boom/Bust
Daniel Jones,QB,IND,29.0,13.0,Active,7.0,5870,3917792.0,31838.0,0042266b-cb28-4012-bfd2-06650badad97,00-0035710,2070.0,8.0,265.0,2.0,67.0,0.0,0.0,0.0,0.0,3101.0,19.0,164.0,5.0,45.0,0.0,0.0,0.0,0.0,0.979,,0.915,,161.8,161.8,153.0,9.0,4 out of 5 stars,250.8,297.117,0.092,-25.173,271.943,271.943,-52.836,23.0,18.423,8.598,0.217,0.261,0.467,False,,,False,True,0.756,False,184.394,360.996,123.003,412.548,0.284,0.481,0.216,0.041,0.284,0.716,216.744,321.955,17.855,-1.717,False,Sustainable,23.4,1.019,182,22,QB22,QB1,246.4,True,167,False,162,-20,,Balanced
C.J. Stroud,QB,HOU,24.0,8.0,Active,3.0,9758,,,7e91086f-9ca4-4bd9-a099-b88b2f37e6c6,00-0039163,3727.0,20.0,233.0,0.0,52.0,0.0,0.0,0.0,1.0,3041.0,19.0,209.0,1.0,48.0,0.0,0.0,0.0,0.0,0.931,,0.912,,166.5,166.5,135.0,9.0,4 out of 5 stars,260.7,289.65,0.016,-20.648,269.003,269.003,-55.777,31.0,16.61,7.409,0.129,0.29,0.446,False,,0.869,False,True,0.722,False,193.642,350.141,142.983,396.927,0.252,0.537,0.193,0.029,0.252,0.748,213.993,318.926,15.551,-1.78,False,Buy-low,22.8,0.993,185,23,QB23,QB1,258.0,True,162,False,163,-18,,Safe
Jake Bates,K,DET,27.0,6.0,Active,3.0,11539,,,3a724be0-3075-11ee-bdab-4565792ee2a3,00-0039172,0.0,0.0,0.0,0.0,0.0,0.0,0.0,0.0,0.0,0.0,0.0,0.0,0.0,0.0,0.0,0.0,0.0,0.0,,,,,155.1,155.1,234.0,11.0,5 out of 5 stars,135.9,44.81,0.0,105.263,150.074,150.074,1.467,34.0,9.265,3.76,0.265,0.029,0.406,False,,0.98,False,True,0.712,False,102.957,195.103,83.624,228.18,0.447,0.374,0.178,0.114,0.447,0.553,104.732,189.305,,,False,,26.1,1.136,86,8,K8,K1,0.0,True,130,True,164,69,VALUE,Safe
Harrison Mevis,K,LAR,24.0,11.0,Active,2.0,12015,,,663ada70-0717-11ef-94de-1b2fbd1e412b,00-0039498,,,,,,,,,,0.0,0.0,0.0,0.0,0.0,0.0,0.0,0.0,0.0,,,,,135.5,135.5,249.0,12.0,2 out of 5 stars,136.9,50.926,0.0,108.987,159.914,159.914,11.307,9.0,9.111,4.54,0.333,0.222,0.498,False,,,False,True,0.874,False,109.684,208.115,88.725,243.93,0.516,0.338,0.147,0.153,0.516,0.484,111.515,202.051,,,False,,26.3,1.145,69,5,K5,K1,0.0,True,120,True,165,66,VALUE,Balanced
Chase McLaughlin,K,TB,30.0,10.0,Active,7.0,6650,3150744.0,32417.0,12d28404-63e1-432f-adde-c93631a5c39c,00-0035358,0.0,0.0,0.0,0.0,0.0,0.0,0.0,0.0,0.0,0.0,0.0,0.0,0.0,0.0,0.0,0.0,0.0,0.0,,,,,168.2,168.2,235.0,11.0,3 out of 5 stars,132.9,31.585,0.0,117.022,148.607,148.607,0.0,34.0,9.853,5.615,0.206,0.147,0.57,False,,0.983,False,True,1.0,False,102.578,193.284,81.972,225.687,0.44,0.376,0.184,0.106,0.44,0.56,105.007,188.613,,,False,,23.3,1.015,92,12,K12,K1,0.0,True,136,True,166,76,VALUE,Balanced
Jacory Croskey-Merritt,RB,WAS,25.0,7.0,Active,1.0,12533,,,202b8be6-40d2-49ed-b256-312ac45ec70f,00-0040242,,,,,,,,,,0.0,0.0,805.0,8.0,175.0,9.0,68.0,0.0,13.0,,,0.395,0.03,139.9,139.9,125.0,8.0,4 out of 5 stars,143.6,148.012,0.04,35.326,167.599,183.338,-45.775,17.0,8.488,7.765,0.118,0.529,0.915,False,,0.854,False,True,1.02,False,98.846,229.954,67.626,279.432,0.049,0.146,0.278,0.005,0.321,0.679,114.335,213.873,7.813,0.44,False,Sustainable,23.3,1.015,174,40,RB40,RB2,-10.2,False,151,False,167,-34,REACH,Boom/Bust
Omar Cooper,WR,NYJ,22.0,13.0,Active,0.0,13276,,,72594204-b4a9-4f08-907d-029d8a425ddb,COO816508,,,,,,,,,,,,,,,,,,,,,,,168.9,168.9,155.0,9.0,4 out of 5 stars,120.4,108.898,0.158,13.68,122.578,122.578,-91.795,,,,,,,True,30.0,,False,False,1.0,False,79.408,181.008,56.354,217.258,0.015,0.038,0.071,0.002,0.083,0.917,93.366,168.491,,,False,,18.7,0.814,216,73,WR73,WR2,-139.5,False,189,False,168,-47,,unknown
Harrison Butker,K,KC,31.0,5.0,Active,9.0,4227,3055899.0,30346.0,4ceb866c-8eaf-49b5-9043-56228e43a2e5,00-0033303,0.0,0.0,0.0,0.0,0.0,0.0,0.0,0.0,0.0,0.0,0.0,0.0,0.0,0.0,0.0,0.0,0.0,0.0,,,,,150.9,150.9,245.0,11.0,5 out of 5 stars,131.8,34.958,0.0,117.23,152.188,152.188,3.581,30.0,8.233,4.216,0.167,0.267,0.512,False,,0.949,False,True,0.899,False,103.654,198.476,83.822,232.275,0.455,0.368,0.177,0.122,0.455,0.545,106.49,192.091,,,False,,23.8,1.036,83,7,K7,K1,0.0,True,132,True,169,68,VALUE,Balanced
Matt Gay,K,LV,32.0,13.0,Active,7.0,6083,4249087.0,31977.0,2b90e091-ef78-4753-93eb-0acf3632c206,00-0035269,0.0,0.0,0.0,0.0,0.0,0.0,0.0,0.0,0.0,0.0,0.0,0.0,0.0,0.0,0.0,0.0,0.0,0.0,,,,,169.6,169.6,,,,108.1,22.215,0.0,104.612,126.827,126.827,-21.78,28.0,8.036,4.212,0.179,0.179,0.524,False,,0.932,True,False,0.92,True,86.112,165.796,69.082,193.564,0.277,0.414,0.309,0.049,0.277,0.723,89.172,160.469,,,True,,19.5,0.849,140,26,K26,K1,0.0,False,133,False,170,30,fair,Balanced
Jalen McMillan,WR,TB,24.0,10.0,Active,2.0,11618,,,c2b25795-8c63-425a-8790-f6d626dbf0d3,00-0039855,0.0,0.0,43.0,0.0,4.0,37.0,461.0,8.0,58.0,0.0,0.0,1.0,0.0,1.0,12.0,178.0,0.0,15.0,0.708,0.103,0.515,0.028,167.0,167.0,165.0,10.0,4 out of 5 stars,133.8,132.904,0.008,16.192,146.962,149.096,-67.41,17.0,9.724,8.023,0.118,0.529,0.825,False,,,False,True,0.894,False,89.195,200.564,62.358,240.349,0.026,0.059,0.099,0.003,0.128,0.872,104.42,183.809,8.123,1.399,False,TD-lucky,23.3,1.015,192,62,WR62,WR3,-89.5,True,175,False,171,-25,,Boom/Bust
Calvin Ridley,WR,TEN,31.0,9.0,Active,8.0,4981,3925357.0,30996.0,926e2674-52d6-4cec-9991-46ee85cc8cfd,00-0034837,0.0,0.0,55.0,1.0,8.0,64.0,1017.0,4.0,120.0,0.0,0.0,0.0,0.0,0.0,17.0,303.0,0.0,36.0,0.813,0.237,0.571,0.068,167.5,167.5,184.0,10.0,3 out of 5 stars,152.4,147.008,0.055,16.704,141.658,163.712,-72.715,24.0,10.354,7.35,0.125,0.292,0.71,False,,0.775,False,True,0.769,True,79.764,200.242,50.651,229.102,0.006,0.052,0.117,0.0,0.11,0.89,118.158,163.65,10.613,-0.425,False,Sustainable,21.0,0.914,198,66,WR66,WR3,-68.4,True,186,False,172,-30,,Injury Risk
Tyrone Tracy,RB,NYG,26.0,8.0,Active,2.0,11655,,,fc6c7973-79a9-4974-855e-bc13400fe641,00-0039384,0.0,0.0,839.0,5.0,192.0,38.0,284.0,1.0,53.0,0.0,0.0,740.0,2.0,176.0,36.0,288.0,2.0,48.0,0.574,0.096,0.545,0.095,167.4,167.4,124.0,8.0,4 out of 5 stars,117.3,92.824,0.379,25.664,131.557,118.488,-81.817,32.0,10.909,7.438,0.125,0.25,0.682,False,,0.858,False,True,0.76,True,85.407,181.018,58.328,214.61,0.008,0.062,0.225,0.0,0.154,0.846,96.781,167.039,10.832,-0.11,False,Sustainable,22.1,0.962,207,48,RB48,RB2,-133.8,True,170,False,173,-40,,Boom/Bust
Andre Szmyt,K,CLE,27.0,11.0,Active,4.0,11261,,,25f0b180-ead8-11ed-86b8-630d0ad2d5af,00-0038428,,,,,,,,,,0.0,0.0,0.0,0.0,0.0,0.0,0.0,0.0,0.0,,,,,169.9,169.9,,,,102.0,21.401,0.0,101.558,122.96,122.96,-25.647,17.0,6.706,3.619,0.0,0.235,0.54,False,,0.976,False,True,0.947,True,84.809,159.34,68.847,186.245,0.245,0.424,0.33,0.04,0.245,0.755,86.394,155.18,,,False,,18.9,0.823,144,29,K29,K1,0.0,False,138,False,174,26,fair,Balanced
Jalen Nailor,WR,LV,27.0,13.0,Active,4.0,8180,,,3f9e3634-54d7-46a4-bf26-67274500c907,00-0037291,0.0,0.0,-4.0,0.0,3.0,28.0,414.0,6.0,42.0,0.0,0.0,13.0,0.0,2.0,29.0,444.0,4.0,53.0,0.52,0.081,0.654,0.113,169.5,169.5,212.0,11.0,2 out of 5 stars,125.7,118.643,0.087,13.421,143.394,132.064,-70.979,32.0,6.366,6.084,0.031,0.531,0.956,False,,0.775,True,False,1.035,True,71.497,206.169,44.397,254.272,0.04,0.066,0.093,0.007,0.149,0.851,99.704,181.394,6.006,0.418,True,Sustainable,19.5,0.849,196,65,WR65,WR2,-19.5,False,195,False,175,-26,,Injury Risk
Bryce Young,QB,CAR,25.0,5.0,Active,3.0,9228,,,38475bfa-9773-4c3b-9157-a0dbd576fa22,00-0039150,2403.0,15.0,249.0,6.0,43.0,0.0,0.0,0.0,0.0,3011.0,23.0,216.0,2.0,54.0,0.0,0.0,0.0,0.0,0.867,,0.968,,168.2,168.2,154.0,9.0,2 out of 5 stars,248.6,278.243,0.0,-24.875,253.368,253.368,-71.412,30.0,16.635,10.271,0.2,0.333,0.617,False,,0.869,False,True,1.0,False,177.584,331.997,129.592,379.609,0.198,0.535,0.245,0.023,0.198,0.802,196.19,305.437,14.337,-0.145,False,Sustainable,20.9,0.91,197,24,QB24,QB1,242.7,False,174,False,176,-29,,Boom/Bust
Woody Marks,RB,HOU,25.0,8.0,Active,1.0,12474,,,b900661b-b5df-47c8-819d-bb13b106a60b,00-0040583,,,,,,,,,,0.0,0.0,703.0,2.0,196.0,24.0,208.0,3.0,36.0,,,0.515,0.065,149.0,149.0,132.0,9.0,4 out of 5 stars,124.4,125.845,0.012,28.895,130.12,154.74,-83.254,16.0,9.069,6.935,0.062,0.312,0.765,False,,0.842,False,True,0.853,False,72.069,182.097,47.339,223.35,0.016,0.071,0.189,0.001,0.16,0.84,85.897,167.367,11.091,-1.874,False,Buy-low,22.8,0.993,210,50,RB50,RB2,-101.0,True,176,False,177,-61,,Injury Risk
Jauan Jennings,WR,MIN,29.0,6.0,Active,6.0,7049,3886598.0,32887.0,3ae9f0fa-c711-4663-80cf-4707856c07aa,00-0036259,0.0,0.0,0.0,0.0,0.0,77.0,975.0,6.0,113.0,0.0,0.0,0.0,0.0,0.0,55.0,643.0,9.0,90.0,0.744,0.22,0.821,0.164,169.4,169.4,150.0,9.0,5 out of 5 stars,133.9,120.804,0.164,14.659,135.629,135.463,-78.743,30.0,12.793,9.061,0.1,0.233,0.708,False,,0.842,True,False,0.767,False,84.122,183.959,59.093,219.364,0.013,0.04,0.076,0.002,0.087,0.913,98.316,170.346,12.129,0.332,True,Sustainable,22.6,0.984,203,70,WR70,WR3,-163.4,True,180,False,178,-34,,Injury Risk
Andy Borregales,K,NE,23.0,11.0,Active,1.0,12713,,,80dce1ba-c997-47e6-a37e-e92fefcbdc1b,00-0040200,,,,,,,,,,0.0,0.0,0.0,0.0,0.0,0.0,0.0,0.0,0.0,,,,,170.1,170.1,225.0,11.0,1 out of 5 stars,121.3,37.082,0.0,96.521,133.603,133.603,-15.004,17.0,8.765,4.381,0.235,0.118,0.5,False,,0.976,False,True,0.877,False,91.84,173.808,74.481,204.074,0.324,0.416,0.261,0.064,0.324,0.676,93.538,169.074,,,False,,23.6,1.028,124,23,K23,K1,0.0,True,155,True,179,46,fair,Balanced
Cade Otton,TE,TB,27.0,10.0,Active,4.0,8111,,,f23517bd-ae85-484a-8ecb-1f7a2d851e48,00-0038129,0.0,0.0,-4.0,0.0,1.0,59.0,600.0,4.0,87.0,0.0,0.0,0.0,0.0,0.0,59.0,572.0,1.0,81.0,0.929,0.155,0.935,0.15,170.3,170.3,240.0,11.0,2 out of 5 stars,131.7,112.465,0.256,14.603,129.347,127.067,-47.801,29.0,9.131,7.003,0.172,0.241,0.767,False,,0.86,False,True,0.869,False,78.551,175.384,58.705,211.478,0.153,0.335,0.328,0.02,0.153,0.847,87.103,165.612,9.434,-0.5,False,Sustainable,23.3,1.015,175,29,TE29,TE1,97.6,True,192,False,180,-5,fair,Boom/Bust
Chris Boswell,K,PIT,35.0,9.0,Active,12.0,1945,17372.0,28188.0,441eb531-1ec8-4f65-9174-78bc6adada63,00-0031136,0.0,0.0,0.0,0.0,0.0,0.0,0.0,0.0,0.0,0.0,0.0,0.0,0.0,0.0,0.0,0.0,0.0,0.0,,,,,162.0,162.0,253.0,12.0,4 out of 5 stars,118.2,28.462,0.0,114.602,143.064,143.064,-5.543,34.0,10.559,6.524,0.265,0.176,0.618,False,,0.973,False,True,1.084,True,98.208,185.792,79.264,217.955,0.397,0.394,0.209,0.089,0.397,0.603,100.088,180.355,,,False,,21.7,0.945,107,17,K17,K1,0.0,False,153,True,181,55,fair,Boom/Bust
Evan Engram,TE,DEN,31.0,10.0,Active,9.0,4066,3051876.0,30136.0,e21365af-8d66-416e-b0a5-8816d18fcfd9,00-0033881,0.0,0.0,0.0,0.0,0.0,47.0,365.0,1.0,64.0,0.0,0.0,7.0,0.0,1.0,50.0,461.0,1.0,76.0,0.72,0.123,0.421,0.13,170.2,170.2,252.0,12.0,4 out of 5 stars,116.7,110.062,0.091,14.818,124.88,124.88,-52.267,25.0,7.692,4.591,0.04,0.24,0.597,False,,0.766,False,True,0.676,False,61.486,179.707,40.406,221.875,0.167,0.285,0.268,0.029,0.167,0.833,85.511,159.701,8.374,-1.045,False,Buy-low,22.0,0.958,181,30,TE30,TE1,85.0,True,199,False,182,-11,,Injury Risk
Isiah Pacheco,RB,DET,27.0,6.0,Active,4.0,8205,,,3a25c037-fa30-4740-b742-ec8e4f1a2a25,00-0037197,0.0,0.0,310.0,1.0,83.0,12.0,79.0,0.0,16.0,0.0,0.0,462.0,1.0,118.0,19.0,101.0,1.0,26.0,0.476,0.028,0.517,0.047,157.8,157.8,144.0,9.0,5 out of 5 stars,115.9,120.382,0.058,27.94,132.254,148.322,-81.12,20.0,7.21,4.506,0.0,0.6,0.625,False,,0.753,True,False,0.697,False,43.576,169.447,26.335,225.187,0.028,0.064,0.128,0.005,0.143,0.857,64.404,153.951,8.61,-1.975,True,Buy-low,26.1,1.136,204,46,RB46,RB2,-279.5,True,177,False,183,-46,,Injury Risk
David Njoku,TE,LAC,30.0,7.0,Active,9.0,4033,3123076.0,30142.0,8f86fcea-90e8-49ea-bc78-5c7659313e57,00-0033885,0.0,0.0,0.0,0.0,0.0,64.0,505.0,5.0,97.0,0.0,0.0,0.0,0.0,0.0,33.0,293.0,4.0,48.0,0.749,0.153,0.639,0.092,170.0,170.0,228.0,11.0,4 out of 5 stars,98.4,89.488,0.145,10.706,100.194,100.194,-76.954,22.0,10.491,7.089,0.273,0.227,0.676,False,,0.762,True,False,0.765,False,38.621,140.071,24.115,187.338,0.096,0.168,0.248,0.022,0.096,0.904,52.755,129.479,10.502,0.171,True,Sustainable,23.8,1.036,201,32,TE32,TE2,-50.2,True,207,False,184,-31,,Injury Risk
Antonio Williams,WR,WAS,22.0,7.0,Active,0.0,13301,,,d80b6d95-5b56-4e52-9a19-05957961f506,WIL143106,,,,,,,,,,,,,,,,,,,,,,,169.6,169.6,210.0,11.0,2 out of 5 stars,126.1,117.782,0.105,14.272,132.054,132.054,-82.319,,,,,,,True,71.0,,False,False,1.0,False,72.7,166.154,50.026,200.982,0.008,0.028,0.055,0.001,0.059,0.941,85.172,153.934,,,False,,23.3,1.015,208,71,WR71,WR2,-101.9,False,203,False,185,-38,,unknown
Germie Bernard,WR,PIT,22.0,9.0,Active,0.0,13274,,,d37b698e-7a10-4363-a859-6937c7d3e6f6,BER218265,,,,,,,,,,,,,,,,,,,,,,,169.5,169.5,239.0,11.0,3 out of 5 stars,118.1,122.911,0.064,15.082,137.992,137.992,-76.381,,,,,,,True,47.0,,False,False,1.0,True,82.582,189.607,57.732,225.763,0.02,0.045,0.08,0.002,0.099,0.901,96.297,174.05,,,False,,21.7,0.945,200,68,WR68,WR3,-71.9,False,209,False,186,-30,,unknown
Chris Rodriguez,RB,JAX,26.0,7.0,Active,3.0,10219,,,ae5c4758-cb53-4f17-8763-b91381036af3,00-0038611,0.0,0.0,173.0,2.0,35.0,1.0,12.0,0.0,1.0,0.0,0.0,500.0,6.0,112.0,3.0,30.0,0.0,4.0,0.118,0.002,0.312,0.009,168.7,168.7,145.0,9.0,4 out of 5 stars,94.8,78.925,0.294,18.656,131.937,97.581,-81.438,19.0,6.5,5.38,0.0,0.526,0.828,False,,,True,False,0.923,False,48.416,165.461,31.279,217.444,0.025,0.058,0.127,0.005,0.135,0.865,60.507,153.976,6.669,0.192,True,Sustainable,23.6,1.028,205,47,RB47,RB2,-106.0,True,179,False,187,-36,,Boom/Bust
Aaron Rodgers,QB,PIT,42.0,9.0,Active,21.0,96,8439.0,7200.0,0ce48193-e2fa-466e-a986-33f751add206,00-0023459,3897.0,28.0,107.0,0.0,22.0,0.0,0.0,0.0,0.0,3322.0,24.0,61.0,1.0,21.0,1.0,-9.0,0.0,1.0,0.964,,0.957,,169.3,169.3,231.0,11.0,2 out of 5 stars,222.9,257.7,0.033,-20.891,236.808,236.808,-87.971,33.0,17.808,8.27,0.182,0.273,0.464,False,,0.769,False,True,0.752,True,127.562,346.884,77.916,403.445,0.232,0.396,0.345,0.035,0.232,0.768,197.056,282.641,14.835,-0.321,False,Sustainable,21.7,0.945,214,26,QB26,QB1,226.1,False,214,False,188,-45,,Injury Risk
Mason Taylor,TE,NYJ,22.0,13.0,Active,1.0,12498,,,07d2be51-73c2-4f26-81d5-bc6e9b88bff2,00-0040736,,,,,,,,,,0.0,0.0,0.0,0.0,0.0,44.0,369.0,1.0,65.0,,,0.811,0.138,170.0,170.0,244.0,11.0,4 out of 5 stars,97.7,71.505,0.52,10.05,81.555,81.555,-95.593,13.0,6.685,4.869,0.077,0.308,0.728,False,,,False,True,0.825,False,46.188,113.141,32.429,138.691,0.023,0.138,0.329,0.001,0.023,0.977,53.575,105.498,7.595,-0.756,False,Buy-low,18.7,0.814,224,37,TE37,TE2,-87.8,False,226,False,189,-54,,Boom/Bust
Malik Washington,WR,MIA,25.0,6.0,Active,2.0,11610,,,d7f4fd2c-ba4f-49ca-bd92-443a506e9eb4,00-0039880,0.0,0.0,25.0,1.0,5.0,26.0,223.0,0.0,36.0,0.0,0.0,110.0,1.0,17.0,46.0,317.0,3.0,65.0,0.447,0.063,0.57,0.141,170.1,170.1,209.0,11.0,3 out of 5 stars,106.9,103.967,0.042,62.41,166.377,166.377,-47.995,31.0,5.468,3.761,0.0,0.548,0.688,False,,0.865,False,True,0.745,True,116.663,223.296,87.676,257.849,0.031,0.09,0.15,0.002,0.187,0.813,129.253,206.85,5.996,-0.22,False,Sustainable,19.3,0.84,176,57,WR57,WR1,3.6,False,181,False,190,-6,fair,Boom/Bust
Brian Robinson,RB,ATL,27.0,11.0,Active,4.0,8154,,,795f636e-6f7f-4bc7-a346-2862272abead,00-0037746,0.0,0.0,799.0,8.0,187.0,20.0,159.0,0.0,25.0,0.0,0.0,400.0,2.0,92.0,8.0,25.0,0.0,12.0,0.516,0.05,0.167,0.022,169.0,169.0,166.0,10.0,2 out of 5 stars,93.0,92.842,0.004,30.385,123.227,123.227,-90.148,31.0,7.3,5.864,0.032,0.548,0.803,False,,0.853,True,False,0.896,True,47.38,153.035,31.469,201.602,0.017,0.048,0.111,0.004,0.109,0.891,56.059,145.605,8.506,-1.003,True,Sustainable,21.1,0.919,215,51,RB51,RB2,-278.3,True,193,False,191,-46,,Boom/Bust
Cam Ward,QB,TEN,24.0,9.0,Active,1.0,12522,,,3c76cab3-3df2-43dd-acaa-57e055bd32d0,00-0040676,,,,,,,,,,3169.0,15.0,159.0,2.0,39.0,0.0,0.0,0.0,0.0,,,0.946,,167.0,167.0,142.0,9.0,3 out of 5 stars,232.2,253.637,0.021,-39.316,214.321,214.321,-110.458,17.0,13.568,6.515,0.059,0.353,0.48,False,,0.876,False,True,0.778,True,161.762,281.792,121.057,316.715,0.075,0.555,0.346,0.002,0.075,0.925,177.123,257.639,12.062,-0.258,False,Sustainable,21.0,0.914,241,28,QB28,QB1,202.5,True,200,False,192,-74,,Balanced
Will Reichard,K,MIN,25.0,6.0,Active,2.0,11792,,,6f667582-b880-4c41-a105-59c347a36c0d,00-0039404,0.0,0.0,0.0,0.0,0.0,0.0,0.0,0.0,0.0,0.0,0.0,0.0,0.0,0.0,0.0,0.0,0.0,0.0,,,,,165.1,165.1,293.0,12.0,2 out of 5 stars,130.7,31.862,0.0,116.523,148.385,148.385,-0.222,30.0,10.067,5.003,0.3,0.133,0.497,False,,0.941,False,True,0.872,False,101.417,193.307,80.263,227.666,0.427,0.383,0.19,0.111,0.427,0.573,104.432,187.832,,,False,,22.6,0.984,97,13,K13,K1,0.0,True,160,True,193,68,VALUE,Balanced
Trey Smack,K,GB,23.0,11.0,Active,0.0,13545,,,fc5890c6-b22d-4b5b-8ca5-2722b077bc8b,SMA037753,,,,,,,,,,,,,,,,,,,,,,,169.5,169.5,432.0,15.0,4 out of 5 stars,125.4,35.091,0.0,110.95,146.04,146.04,-2.567,,,,,,,True,216.0,,False,False,1.0,False,95.624,180.261,77.354,211.175,0.363,0.406,0.231,0.078,0.363,0.637,97.729,175.524,,,False,,24.7,1.076,99,15,K15,K1,0.0,True,211,False,194,70,fair,unknown
Fernando Mendoza,QB,LV,22.0,13.0,Active,0.0,13269,,,b1ded115-092a-4199-9a55-cab9f4b5bb18,MEN516487,,,,,,,,,,,,,,,,,,,,,,,166.2,166.2,232.0,11.0,1 out of 5 stars,192.7,214.188,0.012,-15.655,198.533,198.533,-126.246,,,,,,,True,1.0,,False,False,1.0,True,117.338,304.89,77.017,379.739,0.154,0.36,0.453,0.04,0.154,0.846,138.507,285.072,,,False,,19.5,0.849,268,30,QB30,QB1,147.8,False,246,False,195,-102,,unknown
Spencer Shrader,K,IND,27.0,13.0,Active,2.0,12185,,,2d7fa2f0-07d6-11ef-b188-b11373ae105b,00-0039576,0.0,0.0,0.0,0.0,0.0,0.0,0.0,0.0,0.0,0.0,0.0,0.0,0.0,0.0,0.0,0.0,0.0,0.0,,,,,169.9,169.9,,,,76.5,23.0,0.0,64.134,87.134,87.134,-61.473,9.0,9.222,5.869,0.333,0.333,0.636,False,,,False,True,1.117,False,59.735,112.901,48.883,132.312,0.05,0.263,0.688,0.003,0.05,0.95,60.869,110.365,,,False,,23.4,1.019,189,31,K31,K2,-31.8,True,182,False,196,-19,,Boom/Bust
Tank Dell,WR,HOU,26.0,8.0,Active,3.0,9502,,,25e7b423-f716-4d1a-9623-cee3e7d822ab,00-0038977,0.0,0.0,43.0,0.0,9.0,51.0,667.0,3.0,81.0,,,,,,,,,,0.689,0.148,,,170.0,170.0,230.0,11.0,3 out of 5 stars,141.4,93.835,0.693,16.953,111.416,110.787,-102.957,14.0,10.0,6.406,0.071,0.214,0.641,False,,0.796,False,False,0.694,False,61.614,156.879,39.532,188.547,0.005,0.017,0.045,0.0,0.041,0.959,80.855,138.176,11.263,-1.263,False,Buy-low,22.8,0.993,232,79,WR79,WR4,-154.5,True,229,False,197,-62,,Injury Risk
Cooper Kupp,WR,SEA,33.0,11.0,Active,9.0,4039,2977187.0,30182.0,2806e915-c46f-492f-8a29-71d3a85e5620,00-0033908,0.0,0.0,10.0,0.0,2.0,67.0,710.0,6.0,100.0,0.0,0.0,0.0,0.0,0.0,47.0,593.0,2.0,70.0,0.815,0.185,0.756,0.154,168.6,168.6,226.0,11.0,3 out of 5 stars,125.1,109.143,0.214,13.547,109.907,122.69,-104.466,28.0,10.404,8.118,0.179,0.429,0.78,False,,0.717,False,True,0.845,False,46.996,163.148,28.03,195.791,0.002,0.022,0.053,0.0,0.047,0.953,85.805,127.523,10.313,0.081,False,Sustainable,24.7,1.076,234,81,WR81,WR3,-232.0,True,228,False,198,-65,,Injury Risk
Riley Patterson,K,MIA,26.0,6.0,Active,5.0,7922,,,deac735c-af0a-4f01-ada8-379ef66917ba,00-0036816,0.0,0.0,0.0,0.0,0.0,0.0,0.0,0.0,0.0,0.0,0.0,0.0,0.0,0.0,0.0,0.0,0.0,0.0,,,,,170.0,170.0,,,,73.0,16.3,0.0,68.261,84.561,84.561,-64.046,22.0,7.318,3.872,0.091,0.227,0.529,False,,0.865,False,True,0.928,True,54.392,112.645,42.506,133.875,0.055,0.239,0.706,0.005,0.055,0.945,59.36,107.258,,,False,,19.3,0.84,190,32,K32,K2,-48.0,False,184,False,199,-20,,Balanced
Wil Lutz,K,DEN,32.0,10.0,Active,10.0,3678,2985659.0,29754.0,c4cf84d0-6022-4ac1-a9ba-85587921c53f,00-0032569,0.0,0.0,0.0,0.0,0.0,0.0,0.0,0.0,0.0,0.0,0.0,0.0,0.0,0.0,0.0,0.0,0.0,0.0,,,,,170.2,170.2,281.0,12.0,1 out of 5 stars,128.4,34.777,0.0,106.978,141.755,141.755,-6.852,34.0,8.765,5.217,0.206,0.265,0.595,False,,0.983,False,True,1.045,False,97.681,183.971,78.81,215.763,0.383,0.401,0.216,0.085,0.383,0.617,99.232,178.904,,,False,,22.0,0.958,109,18,K18,K1,0.0,True,165,True,200,61,fair,Balanced
Malik Willis,QB,MIA,27.0,6.0,Active,4.0,8161,,,55aefcf9-4dfb-4994-883f-4d537a6f1ddb,00-0038128,550.0,3.0,138.0,1.0,20.0,0.0,0.0,0.0,0.0,422.0,3.0,123.0,2.0,22.0,0.0,0.0,0.0,0.0,0.464,,0.422,,166.6,166.6,129.0,9.0,3 out of 5 stars,270.9,273.383,0.093,-47.412,225.971,225.971,-98.808,10.0,11.898,11.83,0.2,0.6,0.994,False,,,True,False,1.61,True,114.029,308.564,74.844,388.824,0.164,0.345,0.46,0.046,0.164,0.836,135.65,289.173,7.053,3.445,True,TD-lucky,19.3,0.84,228,27,QB27,QB1,217.2,False,187,False,201,-61,,Boom/Bust
Adonai Mitchell,WR,NYJ,23.0,13.0,Active,2.0,11625,,,190dbc97-2b7c-4023-b6b0-5729b854b60b,00-0039890,24.0,0.0,6.0,0.0,4.0,23.0,312.0,0.0,55.0,0.0,0.0,-4.0,0.0,1.0,33.0,453.0,2.0,74.0,0.362,0.112,0.506,0.123,169.9,169.9,160.0,10.0,4 out of 5 stars,115.4,115.371,0.001,13.67,118.935,129.041,-95.438,33.0,4.414,5.485,0.03,0.788,1.243,False,,0.884,False,True,1.346,False,74.122,160.594,55.586,191.902,0.008,0.019,0.045,0.001,0.046,0.954,79.879,152.954,6.554,-2.262,False,Buy-low,18.7,0.814,222,75,WR75,WR3,-143.2,False,194,False,202,-52,,Boom/Bust
Tyler Allgeier,RB,ARI,26.0,14.0,Active,4.0,8132,,,f4529909-1a02-4f4b-a1f3-315cad100683,00-0037263,0.0,0.0,644.0,3.0,137.0,13.0,88.0,0.0,13.0,0.0,0.0,514.0,8.0,143.0,14.0,96.0,0.0,16.0,0.249,0.024,0.302,0.031,169.8,169.8,130.0,9.0,2 out of 5 stars,95.5,92.227,0.059,20.696,101.642,112.923,-111.732,34.0,6.682,4.814,0.0,0.559,0.72,False,,0.895,True,False,0.803,True,42.555,123.904,28.75,160.62,0.006,0.021,0.071,0.0,0.053,0.947,47.208,120.054,6.662,0.079,True,Sustainable,18.8,0.819,242,57,RB57,RB2,-201.3,True,197,False,203,-72,,Boom/Bust
Marvin Mims,WR,DEN,24.0,10.0,Active,3.0,9494,,,fcd780e6-6d43-4c2e-b740-59ae09911345,00-0038976,0.0,0.0,42.0,0.0,13.0,39.0,503.0,6.0,52.0,0.0,0.0,78.0,1.0,12.0,37.0,322.0,1.0,51.0,0.269,0.095,0.369,0.087,170.0,170.0,264.0,12.0,2 out of 5 stars,66.7,66.572,0.001,69.513,136.084,136.084,-78.288,32.0,6.828,7.453,0.094,0.656,1.092,False,,0.884,False,True,1.182,False,85.338,182.004,64.93,219.959,0.016,0.042,0.072,0.002,0.091,0.909,92.074,171.686,6.202,1.301,False,TD-lucky,22.0,0.958,202,69,WR69,WR3,-88.7,True,217,False,204,-32,,Boom/Bust
Darnell Mooney,WR,NYG,28.0,8.0,Active,6.0,7090,4040655.0,32843.0,bafe8df1-66b5-4200-8fb3-ff188c25a4e2,00-0036309,0.0,0.0,0.0,0.0,0.0,64.0,992.0,5.0,106.0,0.0,0.0,0.0,0.0,0.0,32.0,443.0,1.0,72.0,0.928,0.197,0.819,0.139,170.1,170.1,192.0,10.0,4 out of 5 stars,107.1,99.498,0.116,11.327,110.825,110.825,-103.547,31.0,8.887,7.215,0.065,0.484,0.812,False,,0.859,True,False,0.879,True,69.776,149.865,51.065,177.514,0.003,0.013,0.032,0.0,0.029,0.971,78.191,140.157,9.964,-1.077,True,Sustainable,22.1,0.962,233,80,WR80,WR2,-134.6,True,213,False,205,-63,,Boom/Bust
Theo Johnson,TE,NYG,25.0,8.0,Active,2.0,11597,,,a5d4bb1d-c130-47c2-808a-2dd1f85005fb,00-0039847,0.0,0.0,0.0,0.0,0.0,29.0,331.0,1.0,43.0,0.0,0.0,0.0,0.0,0.0,45.0,528.0,5.0,74.0,0.842,0.078,0.867,0.147,170.2,170.2,250.0,12.0,3 out of 5 stars,76.4,67.771,0.191,8.398,76.169,76.169,-100.979,26.0,7.535,5.259,0.077,0.269,0.698,False,,0.807,False,True,0.79,True,40.937,107.107,27.621,132.307,0.021,0.117,0.294,0.001,0.021,0.979,50.082,98.48,7.544,0.292,False,Sustainable,22.1,0.962,229,39,TE39,TE2,-93.4,True,235,False,206,-59,,Injury Risk
Colby Parkinson,TE,LAR,27.0,11.0,Active,6.0,6865,4242557.0,32803.0,1ea7affb-e5e7-491a-aaa3-55e200b2eb48,00-0036244,0.0,0.0,0.0,0.0,0.0,30.0,294.0,1.0,49.0,0.0,0.0,0.0,0.0,0.0,43.0,408.0,8.0,56.0,0.549,0.091,0.604,0.096,170.6,170.6,243.0,11.0,4 out of 5 stars,91.9,73.629,0.356,8.66,82.289,82.289,-94.858,30.0,6.573,6.04,0.067,0.433,0.919,False,,0.851,False,True,1.041,False,46.393,113.396,33.932,139.815,0.027,0.137,0.327,0.002,0.027,0.973,52.317,107.719,7.07,-0.111,False,Sustainable,26.3,1.145,221,36,TE36,TE2,-58.4,True,223,False,207,-50,,Boom/Bust
Geno Smith,QB,NYJ,35.0,13.0,Active,13.0,1373,15864.0,26662.0,cfc93f5e-105e-4a5e-88d3-f4279893cfa8,00-0030565,4320.0,21.0,272.0,2.0,53.0,0.0,0.0,0.0,0.0,3025.0,19.0,109.0,0.0,41.0,0.0,0.0,0.0,0.0,0.975,,0.965,,170.2,170.2,222.0,11.0,4 out of 5 stars,233.2,267.056,0.038,-25.984,241.072,241.072,-83.708,32.0,16.247,8.626,0.156,0.312,0.531,False,,0.878,True,False,0.86,False,146.834,315.472,106.628,375.059,0.165,0.444,0.368,0.031,0.165,0.835,162.292,295.528,14.244,-0.495,True,Sustainable,18.7,0.814,211,25,QB25,QB1,232.1,False,210,False,208,-41,,Balanced
Justice Hill,RB,BAL,28.0,13.0,Active,7.0,5995,4038441.0,31945.0,528e71ec-8fb3-4928-ace5-fc5ffbf26eb3,00-0034975,0.0,0.0,228.0,1.0,47.0,42.0,383.0,3.0,51.0,0.0,0.0,93.0,2.0,18.0,21.0,169.0,1.0,27.0,0.417,0.112,0.371,0.066,170.4,170.4,248.0,12.0,3 out of 5 stars,116.0,114.959,0.013,27.645,142.604,142.604,-70.77,25.0,7.692,7.101,0.08,0.48,0.923,False,,0.811,False,True,1.029,True,80.397,203.882,50.145,246.307,0.025,0.101,0.243,0.001,0.228,0.772,103.506,182.16,6.83,1.324,False,TD-lucky,25.9,1.128,195,45,RB45,RB2,-165.6,True,208,False,209,-25,,Injury Risk
Braelon Allen,RB,NYJ,22.0,13.0,Active,2.0,11576,,,d7f72deb-c1e2-47a2-b651-887f0e33dc44,00-0039794,0.0,0.0,334.0,2.0,92.0,19.0,148.0,1.0,27.0,0.0,0.0,76.0,1.0,18.0,2.0,17.0,0.0,3.0,0.26,0.046,0.232,0.006,169.2,169.2,164.0,10.0,3 out of 5 stars,91.4,86.625,0.085,21.763,108.388,108.388,-104.987,21.0,4.881,4.69,0.0,0.714,0.961,False,,0.751,False,True,1.071,False,45.582,161.444,27.883,206.195,0.014,0.051,0.135,0.001,0.119,0.881,69.237,141.282,4.951,-0.165,False,Sustainable,18.7,0.814,235,56,RB56,RB2,-180.0,False,206,False,210,-66,,Injury Risk
Keaton Mitchell,RB,LAC,24.0,7.0,Active,3.0,9511,,,16341d80-f01f-11ed-97df-a94b89ac5704,00-0038454,0.0,0.0,30.0,0.0,15.0,1.0,28.0,0.0,1.0,0.0,0.0,341.0,1.0,59.0,9.0,63.0,0.0,12.0,0.108,0.002,0.175,0.029,170.3,170.3,156.0,9.0,3 out of 5 stars,70.7,65.474,0.114,29.654,119.411,95.128,-93.964,17.0,3.659,3.273,0.0,0.765,0.894,False,,,True,False,0.997,False,41.756,148.659,26.612,201.272,0.02,0.047,0.102,0.004,0.107,0.893,52.424,142.023,4.416,0.026,True,Sustainable,23.8,1.036,218,52,RB52,RB2,-192.4,True,191,False,211,-48,,Boom/Bust
James Conner,RB,ARI,31.0,14.0,Active,9.0,4137,3045147.0,30218.0,28a084c0-14df-499f-bd1f-b975603626b7,00-0033553,0.0,0.0,1094.0,8.0,236.0,47.0,414.0,1.0,55.0,0.0,0.0,95.0,1.0,32.0,8.0,38.0,1.0,9.0,0.606,0.105,0.5,0.015,169.5,169.5,159.0,10.0,2 out of 5 stars,61.6,61.6,0.0,11.742,73.342,73.342,-140.032,19.0,15.005,7.375,0.211,0.105,0.492,False,,0.666,False,True,0.548,True,26.213,118.704,13.973,150.059,0.001,0.01,0.064,0.0,0.03,0.97,55.353,92.806,14.932,0.074,False,Sustainable,18.8,0.819,296,62,RB62,RB3,-229.6,True,241,False,212,-126,,Injury Risk
Dylan Sampson,RB,CLE,21.0,11.0,Active,1.0,12469,,,6ea71d26-623a-4178-a93a-215678244902,00-0040162,,,,,,,,,,0.0,0.0,175.0,0.0,65.0,33.0,271.0,2.0,40.0,,,0.265,0.077,170.4,170.4,140.0,9.0,3 out of 5 stars,107.9,92.326,0.242,26.183,117.466,118.509,-95.909,15.0,5.973,5.722,0.0,0.6,0.958,False,,0.83,False,True,1.068,True,68.014,166.791,43.27,201.288,0.007,0.047,0.167,0.0,0.116,0.884,82.894,151.142,5.958,-0.118,False,Sustainable,18.9,0.823,225,54,RB54,RB2,-138.3,False,190,False,213,-55,,Injury Risk
Jacoby Brissett,QB,ARI,33.0,14.0,Active,10.0,3257,2578570.0,29325.0,ad2258ab-67f0-41c2-bcf3-f3ba145187dc,00-0033119,826.0,2.0,62.0,0.0,15.0,0.0,0.0,0.0,0.0,3366.0,23.0,168.0,1.0,38.0,0.0,0.0,0.0,0.0,0.699,,0.857,,170.1,170.1,181.0,10.0,2 out of 5 stars,232.4,238.058,0.122,-30.94,207.118,207.118,-117.661,21.0,15.651,10.002,0.238,0.381,0.639,False,,0.676,False,True,1.035,True,81.194,334.995,45.09,405.217,0.202,0.286,0.446,0.043,0.202,0.798,167.612,251.632,14.965,-1.512,False,Sustainable,18.8,0.819,251,29,QB29,QB1,177.8,True,221,False,214,-81,,Injury Risk
Chimere Dike,WR,TEN,24.0,9.0,Active,1.0,12540,,,1e95c7fc-ecf7-4fcb-82d8-d77e2b6872d5,00-0040705,,,,,,,,,,0.0,0.0,18.0,0.0,11.0,48.0,423.0,4.0,74.0,,,0.593,0.14,170.8,170.8,198.0,11.0,3 out of 5 stars,74.8,42.418,0.984,57.7,100.117,100.117,-114.255,17.0,6.829,5.963,0.0,0.647,0.873,False,,0.873,False,True,0.946,True,70.184,134.36,53.484,155.607,0.0,0.003,0.013,0.0,0.008,0.992,76.366,125.454,7.622,-0.792,False,Sustainable,21.0,0.914,249,88,WR88,WR4,-110.0,True,227,False,215,-78,,Boom/Bust
Noah Gray,TE,KC,27.0,5.0,Active,5.0,7828,,,c97dfcb6-b999-476f-8487-f3848e92df17,00-0036637,0.0,0.0,-4.0,0.0,1.0,40.0,437.0,5.0,49.0,0.0,0.0,0.0,0.0,0.0,21.0,178.0,0.0,37.0,0.564,0.086,0.521,0.067,170.0,170.0,335.0,13.0,4 out of 5 stars,50.8,57.141,0.171,7.376,64.517,64.517,-112.631,30.0,5.07,5.178,0.067,0.5,1.021,False,,0.86,False,True,1.157,False,36.036,88.86,26.547,110.582,0.009,0.062,0.234,0.001,0.009,0.991,40.133,85.808,4.909,0.175,False,Sustainable,23.8,1.036,244,42,TE42,TE2,-129.7,True,263,False,216,-74,,Boom/Bust
Greg Dulcich,TE,MIA,26.0,6.0,Active,4.0,8172,,,b9e4a022-d15c-4cef-9879-170277f17207,00-0037252,0.0,0.0,0.0,0.0,0.0,5.0,28.0,0.0,12.0,0.0,0.0,-7.0,0.0,1.0,26.0,335.0,1.0,33.0,0.257,0.022,0.422,0.071,170.2,170.2,306.0,13.0,5 out of 5 stars,130.7,122.048,0.107,15.987,138.035,138.035,-39.113,13.0,5.585,4.244,0.077,0.385,0.76,False,,,False,True,0.861,True,80.45,189.662,56.483,230.223,0.198,0.352,0.27,0.032,0.198,0.802,94.225,175.358,6.332,-0.449,False,Sustainable,19.3,0.84,167,27,TE27,TE1,84.7,False,212,True,217,3,fair,Boom/Bust
Jaylin Noel,WR,HOU,23.0,8.0,Active,1.0,12536,,,c4bab22e-a89a-41f6-b03a-07073a72f41b,00-0040138,,,,,,,,,,0.0,0.0,12.0,0.0,6.0,26.0,292.0,2.0,35.0,,,0.26,0.063,170.8,170.8,186.0,10.0,3 out of 5 stars,56.2,86.057,0.577,43.93,129.988,129.988,-84.385,17.0,4.024,4.908,0.0,0.706,1.22,False,,0.873,False,True,1.321,False,79.03,176.842,58.234,213.985,0.015,0.035,0.066,0.002,0.079,0.921,87.491,167.705,3.998,0.277,False,Sustainable,22.8,0.993,212,72,WR72,WR3,-136.0,True,198,False,218,-41,,Boom/Bust
Ja'Kobi Lane,WR,BAL,22.0,13.0,Active,0.0,13293,,,ea285842-4fdf-4b27-bd73-6bfd916c6bc5,LAN311008,,,,,,,,,,,,,,,,,,,,,,,169.6,169.6,317.0,13.0,4 out of 5 stars,96.4,86.946,0.17,9.572,96.518,96.518,-117.855,,,,,,,True,80.0,,False,False,1.0,True,53.818,120.929,37.566,144.453,0.001,0.004,0.011,0.0,0.009,0.991,62.178,111.653,,,False,,25.9,1.128,253,91,WR91,WR3,-157.3,True,262,False,219,-83,,unknown
Rashod Bateman,WR,BAL,26.0,13.0,Active,5.0,7571,,,d9f8b92b-69d4-4d83-9bf2-106ee523efed,00-0036550,0.0,0.0,0.0,0.0,0.0,45.0,756.0,9.0,72.0,0.0,0.0,0.0,0.0,0.0,19.0,224.0,2.0,38.0,0.69,0.158,0.693,0.093,170.4,170.4,236.0,11.0,4 out of 5 stars,133.4,126.338,0.085,13.072,119.913,139.41,-94.46,29.0,7.862,6.795,0.069,0.517,0.864,False,,0.85,False,True,0.936,True,80.51,163.06,57.943,190.149,0.003,0.017,0.044,0.0,0.038,0.962,92.01,150.251,7.13,1.16,False,TD-lucky,25.9,1.128,219,74,WR74,WR2,-133.9,True,219,False,220,-49,,Boom/Bust
Mike Gesicki,TE,CIN,30.0,6.0,Active,8.0,4993,3116164.0,31012.0,1012cbe0-7eba-4169-bfca-183a0204e1a7,00-0034829,0.0,0.0,0.0,0.0,0.0,65.0,665.0,2.0,83.0,0.0,0.0,0.0,0.0,0.0,28.0,307.0,2.0,42.0,0.448,0.132,0.385,0.069,170.5,170.5,305.0,13.0,3 out of 5 stars,113.1,109.096,0.059,13.361,120.102,122.456,-57.046,28.0,7.65,6.791,0.143,0.393,0.888,False,,0.804,False,True,1.005,False,63.221,168.919,42.745,210.825,0.141,0.278,0.303,0.024,0.141,0.859,78.226,157.603,7.973,-0.394,False,Sustainable,26.0,1.132,187,31,TE31,TE1,67.4,True,222,True,221,-16,,Injury Risk
Darius Slayton,WR,NYG,29.0,8.0,Active,7.0,6149,3916945.0,32003.0,82ed30a5-54a8-4ed0-b040-99c3a78fb055,00-0035535,0.0,0.0,17.0,0.0,2.0,39.0,573.0,2.0,71.0,0.0,0.0,0.0,0.0,0.0,37.0,538.0,1.0,63.0,0.831,0.128,0.813,0.125,170.2,170.2,273.0,12.0,4 out of 5 stars,102.2,91.528,0.168,11.392,100.15,102.92,-114.223,30.0,6.893,5.437,0.033,0.467,0.789,False,,0.876,False,True,0.854,True,70.835,133.675,54.011,154.139,0.0,0.003,0.011,0.0,0.006,0.994,77.037,124.453,7.531,-0.571,False,Sustainable,22.1,0.962,248,87,WR87,WR3,-145.3,True,247,False,222,-78,,Boom/Bust
Tyler Higbee,TE,LAR,33.0,11.0,Active,10.0,3271,2573401.0,29344.0,0df7912d-9e81-47ea-b4f7-d04986df4ee8,00-0033110,0.0,0.0,0.0,0.0,0.0,8.0,66.0,2.0,12.0,0.0,0.0,0.0,0.0,0.0,25.0,281.0,3.0,36.0,0.327,0.022,0.555,0.062,169.9,169.9,336.0,13.0,4 out of 5 stars,71.2,49.763,0.602,5.953,55.716,55.716,-121.432,13.0,7.515,6.078,0.154,0.308,0.809,False,,0.588,False,True,0.916,False,13.268,91.62,4.924,124.126,0.022,0.085,0.166,0.002,0.022,0.978,35.936,72.702,6.951,1.244,False,TD-lucky,26.3,1.145,259,45,TE45,TE3,-85.0,True,274,False,223,-89,,Injury Risk
Emmett Johnson,RB,KC,22.0,5.0,Active,0.0,13337,,,ec3e0874-c2bc-49f6-b4b1-dfc874eecb9b,JOH224817,,,,,,,,,,,,,,,,,,,,,,,169.9,169.9,185.0,10.0,3 out of 5 stars,34.5,42.284,0.29,9.388,51.672,51.672,-161.702,,,,,,,True,161.0,,False,False,1.0,False,17.393,71.827,10.865,100.553,0.002,0.006,0.02,0.0,0.015,0.985,21.774,69.222,,,False,,23.8,1.036,361,78,RB78,RB4,-239.1,True,288,False,224,-191,,unknown
Nick Folk,K,ATL,41.0,11.0,Active,19.0,650,10621.0,8432.0,b37c621e-1125-4c35-bea0-fcabb1527060,00-0025565,0.0,0.0,0.0,0.0,0.0,0.0,0.0,0.0,0.0,0.0,0.0,0.0,0.0,0.0,0.0,0.0,0.0,0.0,,,,,169.8,169.8,371.0,14.0,0 out of 5 stars,128.5,30.406,0.0,116.258,146.664,146.664,-1.943,30.0,8.2,5.448,0.133,0.267,0.664,False,,0.879,True,False,1.166,True,96.256,193.931,75.604,230.221,0.41,0.368,0.222,0.116,0.41,0.59,102.88,184.621,,,True,,21.1,0.919,98,14,K14,K1,0.0,True,188,True,225,72,VALUE,Boom/Bust
Zachariah Branch,WR,ATL,22.0,11.0,Active,0.0,13320,,,41f192cd-cc4a-44bc-9c21-43a19ecfc86c,BRA531428,,,,,,,,,,,,,,,,,,,,,,,170.0,170.0,247.0,11.0,3 out of 5 stars,53.4,71.079,0.4,8.742,79.82,79.82,-134.552,,,,,,,True,79.0,,False,False,1.0,True,44.462,100.26,30.81,120.775,0.0,0.001,0.003,0.0,0.002,0.998,51.436,92.889,,,False,,21.1,0.919,285,107,WR107,WR3,-212.2,True,260,False,226,-115,,unknown
Eli Stowers,TE,PHI,23.0,10.0,Active,0.0,13349,,,287b7f15-ebe2-433f-af00-b1755576f8f8,STO806346,,,,,,,,,,,,,,,,,,,,,,,170.0,170.0,263.0,12.0,4 out of 5 stars,53.9,42.573,0.37,5.872,48.445,48.445,-128.702,,,,,,,True,54.0,,False,False,1.0,False,22.236,69.464,15.201,90.988,0.006,0.034,0.122,0.0,0.006,0.994,26.06,66.529,,,False,,23.9,1.041,274,51,TE51,TE2,-128.7,True,259,False,227,-104,,unknown
Tre' Harris,WR,LAC,24.0,7.0,Active,1.0,12509,,,a45328a1-7d0e-451a-8176-ea30f0e1c86f,00-0040727,,,,,,,,,,0.0,0.0,10.0,0.0,2.0,30.0,324.0,1.0,43.0,,,0.485,0.079,170.4,170.4,167.0,10.0,2 out of 5 stars,89.3,89.296,0.003,10.928,113.134,100.224,-101.239,16.0,4.338,2.876,0.0,0.75,0.663,False,,0.861,False,True,0.718,False,73.023,151.546,53.772,178.925,0.002,0.013,0.031,0.0,0.026,0.974,82.237,141.091,4.304,0.014,False,Sustainable,23.8,1.036,230,78,WR78,WR3,-122.4,True,202,False,228,-60,,Boom/Bust
Samaje Perine,RB,CIN,30.0,6.0,Active,9.0,4147,3116389.0,30227.0,e601812f-ce24-4e99-bee0-e33c1e9014e4,00-0033526,0.0,0.0,92.0,1.0,20.0,28.0,322.0,1.0,35.0,0.0,0.0,382.0,3.0,84.0,17.0,87.0,0.0,21.0,0.258,0.061,,0.035,170.6,170.6,279.0,12.0,2 out of 5 stars,96.2,97.285,0.012,33.035,130.32,130.32,-83.054,32.0,5.103,3.795,0.0,0.719,0.744,False,,0.844,False,True,0.829,False,73.316,181.466,48.369,220.277,0.015,0.067,0.194,0.001,0.16,0.84,86.481,166.98,4.535,0.18,False,Sustainable,26.0,1.132,209,49,RB49,RB2,-181.2,True,231,False,229,-38,,Injury Risk
Tank Bigsby,RB,PHI,23.0,10.0,Active,3.0,9225,,,2034916c-8062-46e3-8d0c-d0dec694e2d1,00-0038555,0.0,0.0,766.0,7.0,168.0,7.0,54.0,0.0,12.0,0.0,0.0,356.0,2.0,63.0,3.0,32.0,0.0,4.0,0.361,0.023,0.126,0.009,168.4,168.4,174.0,10.0,4 out of 5 stars,67.2,65.478,0.048,23.002,88.48,88.48,-124.894,31.0,5.961,6.964,0.065,0.645,1.168,False,,0.837,False,True,1.303,False,45.5,125.141,29.93,157.162,0.004,0.018,0.071,0.0,0.045,0.955,54.506,116.607,6.649,0.192,False,Sustainable,23.9,1.041,267,59,RB59,RB2,-221.4,True,233,False,230,-99,,Injury Risk
Jake Elliott,K,PHI,31.0,10.0,Active,9.0,4195,3050478.0,30266.0,059e5bb7-1842-4558-9aaf-77c352a21216,00-0033787,0.0,0.0,0.0,0.0,0.0,0.0,0.0,0.0,0.0,0.0,0.0,0.0,0.0,0.0,0.0,0.0,0.0,0.0,,,,,169.0,169.0,374.0,14.0,5 out of 5 stars,119.8,36.582,0.0,100.787,137.369,137.369,-11.238,34.0,7.294,4.674,0.147,0.324,0.641,False,,0.983,False,True,1.125,False,94.519,178.674,75.94,209.187,0.35,0.412,0.239,0.075,0.35,0.65,96.432,173.754,,,False,,23.9,1.041,118,20,K20,K1,0.0,True,201,True,231,51,fair,Boom/Bust
Jahan Dotson,WR,ATL,26.0,11.0,Active,4.0,8119,,,d4a7917d-f327-431b-9b87-83af341c3e21,00-0037741,0.0,0.0,13.0,0.0,1.0,19.0,216.0,0.0,33.0,0.0,0.0,0.0,0.0,0.0,18.0,262.0,1.0,36.0,0.582,0.079,0.569,0.078,170.2,170.2,337.0,13.0,3 out of 5 stars,84.1,84.053,0.006,12.478,96.531,96.531,-117.841,29.0,3.176,3.733,0.0,0.828,1.175,False,,0.867,True,False,1.273,True,58.566,131.478,43.241,158.216,0.002,0.008,0.019,0.0,0.016,0.984,65.409,124.282,4.012,-0.579,True,Sustainable,21.1,0.919,252,90,WR90,WR2,-195.5,True,269,False,232,-82,,Boom/Bust
John Metchie,WR,CAR,26.0,5.0,Active,4.0,8147,,,2995df34-ee81-4320-be1e-1c497b83c927,00-0037614,0.0,0.0,0.0,0.0,0.0,24.0,254.0,1.0,37.0,0.0,0.0,-5.0,0.0,3.0,33.0,274.0,2.0,48.0,0.462,0.068,0.461,0.093,170.0,170.0,361.0,14.0,2 out of 5 stars,162.7,162.3,0.0,23.2,185.5,185.5,-28.872,23.0,5.535,5.25,0.0,0.652,0.948,False,,0.791,True,False,1.027,False,98.144,263.562,63.175,320.017,0.11,0.123,0.138,0.026,0.302,0.698,131.251,232.704,6.222,-0.489,True,Sustainable,20.9,0.91,150,45,WR45,WR2,-59.7,False,218,True,233,20,fair,Injury Risk
Zane Gonzalez,K,MIA,31.0,6.0,Active,9.0,4233,3043234.0,30337.0,cd0f4ef0-9914-4125-be4d-804a72350ceb,00-0033862,0.0,0.0,0.0,0.0,0.0,0.0,0.0,0.0,0.0,0.0,0.0,0.0,0.0,0.0,0.0,0.0,0.0,0.0,,,,,170.0,170.0,365.0,14.0,2 out of 5 stars,115.4,21.815,0.0,110.731,132.546,132.546,-16.061,15.0,9.2,4.539,0.267,0.133,0.493,False,,,True,False,0.866,True,90.881,172.713,72.663,202.927,0.314,0.418,0.268,0.063,0.314,0.686,93.007,168.131,,,True,,19.3,0.84,125,24,K24,K1,48.0,False,205,True,234,45,fair,Balanced
Tyquan Thornton,WR,KC,25.0,5.0,Active,4.0,8188,,,74cda487-2026-42e0-ae32-77f3502cfb11,00-0038104,0.0,0.0,0.0,0.0,0.0,4.0,47.0,0.0,8.0,0.0,0.0,0.0,0.0,0.0,19.0,438.0,3.0,37.0,0.295,0.016,0.39,0.067,170.0,170.0,287.0,12.0,2 out of 5 stars,92.6,82.542,0.185,18.061,100.603,100.603,-113.77,16.0,5.594,5.414,0.0,0.562,0.968,False,,,False,True,1.048,False,59.898,137.737,40.657,165.938,0.002,0.009,0.025,0.0,0.021,0.979,70.051,127.567,5.946,0.021,False,Sustainable,23.8,1.036,246,86,WR86,WR3,-178.8,True,251,False,235,-76,,Boom/Bust
Jalen Tolbert,WR,MIA,27.0,6.0,Active,4.0,8117,,,c6fb9f3a-f8ff-4224-a5f6-4d2d09501c9c,00-0037666,0.0,0.0,0.0,0.0,0.0,49.0,610.0,7.0,79.0,0.0,0.0,0.0,0.0,0.0,18.0,203.0,1.0,34.0,0.758,0.127,0.513,0.056,170.2,170.2,343.0,14.0,3 out of 5 stars,66.4,81.386,0.296,12.001,93.387,93.387,-120.986,29.0,6.769,5.473,0.034,0.483,0.809,False,,0.842,True,False,0.876,True,57.172,127.41,40.43,151.425,0.001,0.004,0.014,0.0,0.01,0.99,66.279,117.653,7.222,-0.14,True,Sustainable,19.3,0.84,258,95,WR95,WR5,-73.0,False,275,False,236,-88,,Injury Risk
Tyler Bass,K,BUF,29.0,7.0,Active,6.0,7042,3917232.0,32858.0,bfccbff4-bc01-41ed-aa11-be976160504c,00-0036162,0.0,0.0,0.0,0.0,0.0,0.0,0.0,0.0,0.0,,,,,,,,,,,,,,169.8,169.8,383.0,14.0,2 out of 5 stars,123.5,42.335,0.0,96.762,139.096,139.096,-9.51,17.0,8.588,3.641,0.176,0.118,0.424,False,,0.98,False,False,0.744,True,95.532,181.362,77.126,212.516,0.364,0.404,0.232,0.081,0.364,0.636,97.107,176.146,,,False,,26.3,1.145,115,19,K19,K1,0.0,True,204,True,237,55,fair,Safe
Ryan Flournoy,WR,DAL,26.0,14.0,Active,2.0,11783,,,ebf6bc25-5e74-4588-86d6-5dadba3f9bcd,00-0039410,0.0,0.0,0.0,0.0,0.0,10.0,102.0,0.0,14.0,0.0,0.0,25.0,0.0,4.0,40.0,475.0,4.0,56.0,0.2,0.023,0.448,0.092,170.3,170.3,179.0,10.0,2 out of 5 stars,89.5,89.503,0.003,11.224,100.727,100.727,-113.646,24.0,5.592,6.382,0.042,0.583,1.141,False,,0.796,False,True,1.236,False,52.254,143.24,34.662,175.966,0.005,0.014,0.034,0.0,0.033,0.967,67.937,129.789,6.258,0.352,False,Sustainable,25.6,1.115,245,85,WR85,WR4,-207.8,True,215,False,238,-75,,Injury Risk
Ty Johnson,RB,BUF,28.0,7.0,Active,7.0,6039,3915411.0,32018.0,96e6687b-2b89-4dd9-98df-6e7507cd82cf,00-0035537,0.0,0.0,213.0,1.0,41.0,18.0,284.0,3.0,25.0,0.0,0.0,200.0,3.0,50.0,24.0,263.0,2.0,33.0,0.288,0.051,0.296,0.069,170.3,170.3,261.0,12.0,2 out of 5 stars,96.3,88.53,0.127,22.761,111.29,111.29,-102.084,34.0,5.647,5.054,0.0,0.647,0.895,False,,0.828,False,True,0.998,True,64.915,157.721,42.55,191.527,0.004,0.036,0.146,0.0,0.095,0.905,78.726,142.5,5.002,0.716,False,Sustainable,26.3,1.145,231,55,RB55,RB2,-214.3,True,237,False,239,-61,,Injury Risk
Darnell Washington,TE,PIT,24.0,9.0,Active,3.0,9479,,,1984b8b5-d206-4d6a-8204-c5dd0160e9f5,00-0038558,0.0,0.0,0.0,0.0,0.0,19.0,200.0,1.0,25.0,0.0,0.0,0.0,0.0,0.0,31.0,364.0,1.0,43.0,0.512,0.054,0.572,0.082,169.7,169.7,332.0,13.0,2 out of 5 stars,74.0,72.459,0.038,9.512,91.271,81.971,-85.877,26.0,4.554,3.01,0.0,0.462,0.661,False,,,False,True,0.748,True,51.248,126.567,37.051,155.088,0.04,0.186,0.349,0.003,0.04,0.96,61.123,118.135,4.544,-0.088,False,Sustainable,21.7,0.945,213,34,TE34,TE2,-53.2,False,245,True,240,-43,,Boom/Bust
Elijah Arroyo,TE,SEA,23.0,11.0,Active,1.0,12521,,,98bc7c8c-e6e4-4694-a0ef-d3f25274223e,00-0040739,,,,,,,,,,0.0,0.0,0.0,0.0,0.0,15.0,179.0,1.0,26.0,,,0.395,0.057,170.0,170.0,346.0,14.0,3 out of 5 stars,48.1,56.271,0.225,7.032,63.303,63.303,-113.845,13.0,2.992,3.542,0.0,0.692,1.184,False,,,False,True,1.341,False,32.325,89.38,22.606,113.38,0.011,0.069,0.212,0.001,0.011,0.989,38.063,84.588,3.921,-1.082,False,Buy-low,24.7,1.076,247,43,TE43,TE2,-80.3,True,268,False,241,-77,,Boom/Bust
Jonah Coleman,RB,DEN,22.0,10.0,Active,0.0,13345,,,0ff54d6c-4d2a-4974-9815-b889e7dc293e,COL293648,,,,,,,,,,,,,,,,,,,,,,,170.0,170.0,158.0,10.0,2 out of 5 stars,27.1,35.896,0.406,7.072,42.968,42.968,-170.406,,,,,,,True,108.0,,False,False,1.0,False,14.375,59.474,9.032,83.748,0.001,0.003,0.011,0.0,0.008,0.992,18.079,57.881,,,False,,22.0,0.958,392,83,RB83,RB3,-154.1,True,302,False,242,-222,,unknown
Jack Bech,WR,LV,23.0,13.0,Active,1.0,12483,,,01079767-a3a3-437d-b935-ea0ecb1fe68b,00-0040729,,,,,,,,,,0.0,0.0,0.0,0.0,0.0,20.0,224.0,0.0,29.0,,,0.398,0.059,170.8,170.8,246.0,11.0,2 out of 5 stars,99.5,94.07,0.09,12.049,106.12,106.12,-108.253,14.0,3.029,3.166,0.0,0.857,1.045,False,,0.838,False,True,1.132,True,67.395,146.586,46.56,172.799,0.002,0.01,0.03,0.0,0.022,0.978,79.531,133.624,3.405,0.128,False,Sustainable,19.5,0.849,239,83,WR83,WR3,-56.8,False,236,False,243,-68,,Injury Risk
Xavier Legette,WR,CAR,25.0,5.0,Active,2.0,11626,,,0bb0c37c-e76b-4529-92b0-b026be4f7d6c,00-0039342,0.0,0.0,24.0,0.0,6.0,49.0,497.0,4.0,84.0,0.0,0.0,0.0,0.0,1.0,35.0,363.0,3.0,64.0,0.698,0.162,0.679,0.133,170.2,170.2,276.0,12.0,2 out of 5 stars,70.7,70.77,0.007,10.694,81.464,81.464,-132.909,30.0,7.147,5.922,0.033,0.567,0.829,False,,0.855,False,True,0.897,False,51.102,110.078,36.751,131.308,0.0,0.001,0.005,0.0,0.003,0.997,57.876,102.489,8.299,-1.325,False,Buy-low,20.9,0.91,280,103,WR103,WR4,-163.7,False,265,False,244,-110,,Boom/Bust
Ryan Fitzgerald,K,CAR,25.0,5.0,Active,1.0,12961,,,7bf5a2e0-2512-11f0-9825-33176da47896,00-0040279,,,,,,,,,,0.0,0.0,0.0,0.0,0.0,0.0,0.0,0.0,0.0,,,,,169.9,169.9,385.0,14.0,0 out of 5 stars,107.0,24.675,0.0,101.634,126.308,126.308,-22.298,17.0,6.412,4.887,0.176,0.412,0.762,False,,0.976,False,True,1.338,False,87.016,163.862,69.746,191.962,0.27,0.424,0.306,0.046,0.27,0.73,88.574,159.755,,,False,,20.9,0.91,141,27,K27,K1,0.0,False,220,True,245,29,fair,Boom/Bust
Eli Raridon,TE,NE,22.0,11.0,Active,0.0,13421,,,aa71e3dc-07e5-4f99-ad1a-2f95ced64c28,RAR148318,,,,,,,,,,,,,,,,,,,,,,,169.9,169.9,378.0,14.0,4 out of 5 stars,46.5,39.517,0.243,5.241,44.757,44.757,-132.39,,,,,,,True,95.0,,False,False,1.0,False,18.958,58.71,12.99,77.142,0.003,0.019,0.083,0.0,0.003,0.997,22.242,56.248,,,False,,23.6,1.028,279,53,TE53,TE2,-112.1,True,309,False,246,-109,,unknown
Kayshon Boutte,WR,NE,24.0,11.0,Active,3.0,9504,,,9c054866-5e6c-460b-9af3-ebf91e7d0a3e,00-0038608,0.0,0.0,0.0,0.0,0.0,43.0,589.0,3.0,68.0,0.0,0.0,0.0,0.0,0.0,33.0,551.0,6.0,46.0,0.781,0.136,0.675,0.095,170.4,170.4,168.0,10.0,2 out of 5 stars,100.6,79.116,0.388,8.652,87.768,87.768,-126.605,29.0,8.414,7.008,0.103,0.483,0.833,False,,0.749,False,True,0.902,False,40.936,128.907,25.046,157.984,0.002,0.007,0.02,0.0,0.017,0.983,62.23,111.048,7.047,1.371,False,TD-lucky,23.6,1.028,269,99,WR99,WR3,-182.0,True,232,False,247,-99,,Injury Risk
Troy Franklin,WR,DEN,23.0,10.0,Active,2.0,11627,,,765dffd8-8112-4078-86a1-924ccebf1069,00-0039868,0.0,0.0,8.0,0.0,2.0,28.0,263.0,2.0,53.0,0.0,0.0,12.0,0.0,5.0,65.0,709.0,6.0,104.0,0.375,0.097,0.596,0.178,170.6,170.6,171.0,10.0,2 out of 5 stars,96.6,65.929,0.632,8.022,73.951,73.951,-140.422,33.0,7.279,6.585,0.091,0.576,0.905,False,,0.884,False,True,0.98,False,47.888,98.22,36.739,116.944,0.0,0.0,0.002,0.0,0.001,0.999,51.775,93.653,8.481,-0.905,False,Sustainable,22.0,0.958,298,111,WR111,WR5,-150.8,True,244,False,248,-127,,Boom/Bust
Jake Tonges,TE,SF,27.0,8.0,Active,4.0,8698,,,8d9236c0-ce09-11ec-9598-03840dd5f387,00-0037112,0.0,0.0,0.0,0.0,0.0,0.0,0.0,0.0,0.0,0.0,0.0,0.0,0.0,0.0,34.0,293.0,5.0,46.0,0.032,0.0,0.332,0.084,170.6,170.6,307.0,13.0,3 out of 5 stars,48.0,38.713,0.361,4.836,43.55,43.55,-133.598,12.0,7.775,6.865,0.167,0.333,0.883,False,,,False,True,1.0,False,23.634,60.757,16.582,74.863,0.0,0.012,0.085,0.0,0.0,1.0,27.851,56.671,8.428,1.081,False,Sustainable,25.0,1.089,283,54,TE54,TE2,-146.0,True,283,False,249,-112,,Boom/Bust
Blake Grupe,K,IND,27.0,13.0,Active,3.0,11058,,,2a1d4ce0-e6f6-11ed-abca-c7a3a205e21d,00-0038905,0.0,0.0,0.0,0.0,0.0,0.0,0.0,0.0,0.0,0.0,0.0,0.0,0.0,0.0,0.0,0.0,0.0,0.0,,,,,170.2,170.2,377.0,14.0,4 out of 5 stars,73.9,23.599,0.0,95.354,118.954,118.954,-29.653,33.0,7.97,5.665,0.212,0.303,0.711,False,,0.974,False,True,1.247,False,82.535,154.455,66.338,180.61,0.215,0.424,0.361,0.032,0.215,0.785,83.562,150.031,,,False,,23.4,1.019,152,30,K30,K1,31.8,True,225,True,250,18,fair,Boom/Bust
Isaac TeSlaa,WR,DET,24.0,6.0,Active,1.0,12535,,,41e5e4a9-f04c-462e-a1d1-e35a8115b974,00-0040669,,,,,,,,,,0.0,0.0,0.0,0.0,0.0,16.0,239.0,6.0,27.0,,,0.396,0.049,170.0,170.0,190.0,10.0,4 out of 5 stars,85.0,77.232,0.15,8.147,85.379,85.379,-128.993,14.0,5.421,5.606,0.0,0.571,1.034,False,,0.838,False,True,1.12,False,49.651,117.759,34.232,142.211,0.001,0.004,0.011,0.0,0.009,0.991,58.587,108.374,4.389,1.033,False,TD-lucky,26.1,1.136,276,101,WR101,WR3,-257.5,True,239,False,251,-106,,Injury Risk
Ja'Tavion Sanders,TE,CAR,23.0,5.0,Active,2.0,11600,,,ffd2ff3f-4b56-4232-be8e-bf163c29f406,00-0039356,0.0,0.0,0.0,0.0,0.0,33.0,342.0,1.0,43.0,0.0,0.0,0.0,0.0,0.0,29.0,190.0,1.0,34.0,0.561,0.083,0.483,0.071,170.0,170.0,355.0,14.0,2 out of 5 stars,67.6,73.812,0.134,10.014,83.826,83.826,-93.321,27.0,4.711,4.115,0.0,0.519,0.874,False,,0.817,False,True,0.989,False,44.818,117.575,31.119,146.375,0.034,0.151,0.312,0.003,0.034,0.966,54.081,108.944,4.887,0.005,False,Sustainable,20.9,0.91,217,35,TE35,TE1,13.5,False,256,True,252,-47,,Injury Risk
Joey Slye,K,TEN,30.0,9.0,Active,7.0,6528,3124084.0,32384.0,ef4998e0-c9ef-4afe-88ab-d09b48975a08,00-0035192,0.0,0.0,0.0,0.0,0.0,0.0,0.0,0.0,0.0,0.0,0.0,0.0,0.0,0.0,0.0,0.0,0.0,0.0,,,,,170.0,170.0,402.0,14.0,4 out of 5 stars,113.8,24.575,0.0,103.427,128.002,128.002,-20.605,33.0,7.848,5.641,0.212,0.303,0.719,False,,0.974,False,True,1.261,True,88.163,166.822,70.812,195.027,0.285,0.418,0.297,0.05,0.285,0.715,89.467,160.997,,,False,,21.0,0.914,137,25,K25,K1,0.0,True,224,True,253,33,fair,Boom/Bust
Daniel Bellinger,TE,TEN,25.0,9.0,Active,4.0,8225,,,42a1c03e-790e-46ba-b0d5-d304e44c02c7,00-0038115,0.0,0.0,0.0,0.0,0.0,14.0,125.0,0.0,17.0,0.0,0.0,0.0,0.0,0.0,19.0,286.0,2.0,26.0,0.331,0.031,0.499,0.052,170.0,170.0,392.0,14.0,3 out of 5 stars,51.9,35.524,0.635,4.675,40.199,40.199,-136.949,25.0,3.444,4.468,0.04,0.76,1.297,False,,0.801,True,False,1.469,True,14.269,55.847,9.346,76.806,0.005,0.023,0.074,0.001,0.005,0.995,17.669,53.483,3.72,0.812,True,Sustainable,21.0,0.914,292,59,TE59,TE2,-97.8,True,324,False,254,-122,,Injury Risk
Chad Ryland,K,ARI,26.0,14.0,Active,3.0,10955,,,c77efa70-0691-4a21-8064-a5880569b559,00-0038567,0.0,0.0,0.0,0.0,0.0,0.0,0.0,0.0,0.0,0.0,0.0,0.0,0.0,0.0,0.0,0.0,0.0,0.0,,,,,169.9,169.9,403.0,14.0,2 out of 5 stars,111.7,22.021,0.0,104.085,126.106,126.106,-22.501,30.0,8.5,4.74,0.167,0.267,0.558,False,,0.949,False,True,0.979,True,86.634,164.032,69.531,192.111,0.266,0.427,0.308,0.048,0.266,0.734,88.618,158.362,,,False,,18.8,0.819,142,28,K28,K1,0.0,True,230,True,255,28,fair,Balanced
Michael Mayer,TE,LV,25.0,13.0,Active,3.0,9482,,,31f4645a-7ccb-4633-8580-2fca361beb4f,00-0039066,0.0,0.0,0.0,0.0,0.0,21.0,156.0,0.0,32.0,0.0,0.0,0.0,0.0,0.0,35.0,328.0,1.0,50.0,0.63,0.054,0.618,0.101,170.1,170.1,356.0,14.0,3 out of 5 stars,90.1,84.131,0.108,11.389,95.521,95.521,-81.627,24.0,4.6,4.9,0.083,0.625,1.065,False,,,False,True,1.206,True,50.515,133.703,35.336,167.904,0.062,0.196,0.317,0.009,0.062,0.938,59.23,126.64,5.401,-0.601,False,Sustainable,19.5,0.849,206,33,TE33,TE2,-167.2,False,249,True,256,-36,,Boom/Bust
AJ Dillon,RB,CAR,28.0,5.0,Active,6.0,6828,4239934.0,32732.0,e10bfeb8-ea01-47bc-bfa8-45f6dcbf71b3,00-0036265,,,,,,,,,,0.0,0.0,60.0,0.0,12.0,3.0,21.0,0.0,3.0,,,0.119,0.006,170.0,170.0,448.0,15.0,1 out of 5 stars,94.5,94.5,0.0,24.284,118.784,118.784,-94.591,,,,,,,True,,0.751,True,False,1.0,False,36.31,176.369,21.386,253.581,0.053,0.066,0.108,0.017,0.166,0.834,52.099,166.366,,,True,,20.9,0.91,220,53,RB53,RB3,-99.3,False,290,False,257,-50,,Injury Risk
Brandon Aiyuk,WR,SF,28.0,8.0,Active,6.0,6803,4360438.0,32695.0,c90471cc-fa60-4416-9388-5aebb5d877eb,00-0036261,0.0,0.0,0.0,0.0,0.0,25.0,374.0,0.0,47.0,,,,,,,,,,0.761,0.092,,,170.4,170.4,182.0,10.0,2 out of 5 stars,,,,,143.905,,-70.468,,,,,,,True,,0.786,False,False,1.0,False,74.291,205.124,46.875,251.846,0.037,0.067,0.092,0.006,0.145,0.855,100.651,182.692,,,False,,25.0,1.089,194,64,WR64,WR3,-70.6,True,183,False,258,-24,,Injury Risk
Dawson Knox,TE,BUF,29.0,7.0,Active,7.0,5906,3930086.0,31928.0,5fb525c5-4e70-4ede-8c49-94ad0cf66b7d,00-0035689,0.0,0.0,0.0,0.0,0.0,22.0,311.0,1.0,33.0,0.0,0.0,0.0,0.0,0.0,36.0,417.0,4.0,49.0,0.601,0.067,0.583,0.102,169.8,169.8,359.0,14.0,3 out of 5 stars,79.0,71.697,0.148,8.335,80.031,80.031,-97.116,30.0,5.36,4.186,0.067,0.5,0.781,False,,0.809,False,True,0.884,True,42.782,112.363,29.416,139.867,0.029,0.13,0.305,0.002,0.029,0.971,52.375,104.547,5.235,0.007,False,Sustainable,26.3,1.145,226,38,TE38,TE2,-85.3,True,261,True,259,-56,,Injury Risk
Tory Horton,WR,SEA,23.0,11.0,Active,1.0,12497,,,66dd47a3-fb5d-434f-a580-b2069e2904f8,00-0040648,,,,,,,,,,0.0,0.0,0.0,0.0,0.0,13.0,161.0,5.0,22.0,,,0.481,0.048,170.6,170.6,262.0,12.0,3 out of 5 stars,94.4,75.035,0.379,20.134,95.169,95.169,-119.204,8.0,7.388,7.935,0.125,0.5,1.074,False,,,False,True,1.163,False,56.115,130.855,39.659,158.207,0.001,0.007,0.02,0.0,0.015,0.985,65.486,120.737,,,False,,24.7,1.076,255,93,WR93,WR4,-246.8,True,248,False,260,-84,,Boom/Bust
Christian Kirk,WR,SF,29.0,8.0,Active,8.0,4950,3895856.0,31017.0,ebcd87ce-218c-4144-810b-921c2f59d6e8,00-0034775,0.0,0.0,0.0,0.0,0.0,27.0,379.0,1.0,47.0,0.0,0.0,0.0,0.0,0.0,28.0,239.0,1.0,52.0,0.7,0.09,0.486,0.094,170.8,170.8,255.0,12.0,2 out of 5 stars,104.8,80.227,0.435,9.261,89.488,89.488,-124.885,19.0,6.779,5.673,0.0,0.526,0.837,False,,,True,False,0.906,False,54.4,122.141,38.262,145.962,0.0,0.004,0.012,0.0,0.008,0.992,63.179,112.109,8.89,-0.929,True,Sustainable,25.0,1.089,266,98,WR98,WR4,-125.0,True,254,False,261,-95,,Boom/Bust
Theo Wease,WR,MIA,25.0,6.0,Active,1.0,12860,,,277f6ff0-2442-11f0-ac20-e1591f73b631,00-0040311,,,,,,,,,,0.0,0.0,0.0,0.0,0.0,6.0,139.0,1.0,10.0,,,0.323,0.022,170.0,170.0,,,,145.3,145.3,0.0,17.47,162.77,162.77,-51.602,,,,,,,True,,,False,True,1.0,True,98.448,223.182,67.925,268.189,0.047,0.085,0.122,0.007,0.189,0.811,114.042,205.363,,,False,,19.3,0.84,179,59,WR59,WR2,-3.6,False,172,False,262,-9,fair,unknown
Malachi Fields,WR,NYG,22.0,8.0,Active,0.0,13285,,,ed9f9d96-d1e5-43bd-ac69-cbd29bb0b9bb,FIE775129,,,,,,,,,,,,,,,,,,,,,,,169.9,169.9,268.0,12.0,4 out of 5 stars,34.1,34.154,0.0,4.19,38.345,38.345,-176.028,,,,,,,True,74.0,,False,False,1.0,True,21.256,48.195,15.023,57.975,0.0,0.0,0.0,0.0,0.0,1.0,24.617,44.475,,,False,,22.1,0.962,405,142,WR142,WR6,-207.1,True,360,False,263,-235,,unknown
Pat Bryant,WR,DEN,23.0,10.0,Active,1.0,12492,,,2858209e-4aa7-4539-9901-99a4d881229c,00-0040134,,,,,,,,,,0.0,0.0,0.0,0.0,0.0,31.0,378.0,1.0,49.0,,,0.477,0.084,170.8,170.8,189.0,10.0,2 out of 5 stars,72.5,72.417,0.001,8.988,81.406,81.406,-132.967,13.0,5.754,4.136,0.0,0.538,0.719,False,,,False,True,0.779,False,50.127,110.895,34.812,131.919,0.0,0.001,0.005,0.0,0.003,0.997,58.4,101.249,6.402,-0.524,False,Sustainable,22.0,0.958,281,104,WR104,WR4,-143.4,True,242,False,264,-110,,Boom/Bust
Andrei Iosivas,WR,CIN,26.0,6.0,Active,3.0,10226,,,30c0df5e-bb77-4eee-8390-8fc13844e1c3,00-0038619,0.0,0.0,0.0,0.0,0.0,36.0,479.0,6.0,61.0,0.0,0.0,14.0,0.0,3.0,33.0,435.0,2.0,58.0,0.784,0.097,0.762,0.095,170.1,170.1,318.0,13.0,4 out of 5 stars,88.9,81.204,0.14,9.383,90.586,90.586,-123.787,32.0,6.556,5.027,0.0,0.562,0.767,False,,0.842,False,True,0.831,False,55.628,123.055,39.984,146.884,0.0,0.003,0.011,0.0,0.007,0.993,64.676,113.043,6.86,-0.304,False,Sustainable,26.0,1.132,264,97,WR97,WR3,-269.1,True,271,False,265,-94,,Injury Risk
Emari Demercado,RB,KC,27.0,5.0,Active,3.0,11199,,,44b4cbf0-e8fe-11ed-bc6e-a5c4d3ccbdd1,00-0038705,0.0,0.0,223.0,1.0,24.0,16.0,104.0,0.0,20.0,0.0,0.0,312.0,0.0,44.0,13.0,101.0,1.0,20.0,0.203,0.038,0.232,0.032,170.2,170.2,303.0,12.0,3 out of 5 stars,82.5,68.172,0.292,18.127,86.299,86.299,-127.075,25.0,4.6,4.437,0.0,0.72,0.965,False,,,True,False,1.076,False,29.603,108.286,18.317,146.305,0.006,0.019,0.053,0.001,0.044,0.956,37.62,102.453,4.178,0.531,True,Sustainable,23.8,1.036,270,60,RB60,RB2,-204.5,True,267,False,266,-100,,Boom/Bust
Cole Kmet,TE,CHI,27.0,10.0,Active,6.0,6826,4258595.0,32713.0,036feeb6-9a22-43c5-a8e3-7ac611d8ff49,00-0036290,0.0,0.0,0.0,0.0,0.0,47.0,474.0,4.0,55.0,0.0,0.0,0.0,0.0,0.0,30.0,347.0,2.0,48.0,0.872,0.105,0.714,0.09,169.8,169.8,362.0,14.0,2 out of 5 stars,66.3,57.845,0.21,7.097,64.941,64.941,-112.206,32.0,6.097,5.974,0.062,0.469,0.98,False,,0.877,False,True,1.11,False,37.335,88.884,28.363,109.588,0.008,0.06,0.233,0.0,0.008,0.992,40.93,86.118,5.668,0.735,False,Sustainable,24.6,1.071,243,41,TE41,TE2,-157.7,True,273,True,267,-73,,Boom/Bust
Cade York,K,NYJ,25.0,13.0,Active,4.0,8258,,,ddb98961-3c13-4f6b-9e9f-3bea91a080e8,00-0038097,0.0,0.0,0.0,0.0,0.0,0.0,0.0,0.0,0.0,,,,,,,,,,,,,,170.0,170.0,,,,36.0,-3.0,0.0,46.069,43.069,43.069,-105.538,,,,,,,True,,,False,False,1.0,False,29.678,56.051,23.805,65.424,0.0,0.007,0.992,0.0,0.0,1.0,30.118,54.317,,,True,,18.7,0.814,236,33,K33,K2,-90.6,False,234,False,268,-66,,unknown
KaVontae Turpin,WR,DAL,29.0,14.0,Active,4.0,8917,,,2dfd63d0-0e8a-11ed-a8f4-191ad3c6932a,00-0037801,0.0,0.0,92.0,0.0,16.0,31.0,420.0,2.0,52.0,0.0,0.0,89.0,0.0,17.0,26.0,396.0,2.0,38.0,0.267,0.084,0.355,0.063,169.8,169.8,373.0,14.0,2 out of 5 stars,63.7,63.525,0.003,75.696,139.22,139.22,-75.153,32.0,5.647,4.74,0.0,0.594,0.839,False,,0.884,False,True,0.909,False,91.001,185.156,69.407,217.411,0.013,0.036,0.082,0.001,0.084,0.916,98.62,175.531,5.79,0.1,False,Sustainable,25.6,1.115,199,67,WR67,WR3,-169.3,True,250,True,269,-29,,Boom/Bust
Justin Joly,TE,DEN,22.0,10.0,Active,0.0,13400,,,014c6825-61ca-486d-9c4d-ca0968b58888,JOL735174,,,,,,,,,,,,,,,,,,,,,,,170.0,170.0,364.0,14.0,4 out of 5 stars,28.5,28.5,0.0,3.769,32.269,32.269,-144.878,,,,,,,True,152.0,,False,False,1.0,False,14.055,44.131,9.592,57.857,0.0,0.005,0.034,0.0,0.0,1.0,16.361,41.854,,,False,,22.0,0.958,311,72,TE72,TE3,-92.6,True,327,False,270,-141,,unknown
Mike Washington,RB,LV,23.0,13.0,Active,0.0,13305,,,b783f45a-16ea-4145-9f3a-fafaa1bb0058,WAS569019,,,,,,,,,,,,,,,,,,,,,,,170.1,170.1,201.0,11.0,2 out of 5 stars,77.7,69.032,0.178,17.012,86.045,86.045,-127.329,,,,,,,True,122.0,,False,False,1.0,True,29.101,119.866,18.423,166.685,0.014,0.028,0.066,0.004,0.067,0.933,36.273,113.994,,,False,,19.5,0.849,271,61,RB61,RB2,-238.0,False,240,False,271,-101,,unknown
Jaylin Lane,WR,WAS,24.0,7.0,Active,1.0,12641,,,2ec24c7a-8d5d-453a-b45d-03eb27c645d0,00-0040164,,,,,,,,,,0.0,0.0,7.0,0.0,1.0,16.0,225.0,0.0,32.0,,,0.362,0.074,170.0,170.0,370.0,14.0,2 out of 5 stars,61.2,61.268,0.001,24.158,85.426,85.426,-128.947,15.0,2.613,2.706,0.0,0.933,1.035,False,,0.849,False,True,1.122,False,51.482,116.639,36.927,140.977,0.0,0.003,0.01,0.0,0.007,0.993,58.698,108.656,4.245,-1.229,False,Buy-low,23.3,1.015,275,100,WR100,WR4,-148.5,False,299,False,272,-105,,Injury Risk
Devaughn Vele,WR,NO,28.0,8.0,Active,2.0,11834,,,2a638f35-a80a-46db-9722-12b49d45ab52,00-0039424,0.0,0.0,0.0,0.0,0.0,41.0,475.0,3.0,55.0,0.0,0.0,0.0,0.0,0.0,25.0,293.0,2.0,39.0,0.532,0.1,0.502,0.069,170.8,170.8,288.0,12.0,3 out of 5 stars,94.2,72.349,0.429,8.897,81.246,81.246,-133.127,22.0,7.855,5.738,0.045,0.455,0.731,False,,,False,True,0.791,False,50.001,110.601,35.04,131.101,0.0,0.002,0.006,0.0,0.004,0.996,58.38,101.365,7.14,0.373,False,Sustainable,21.6,0.941,282,105,WR105,WR4,-179.1,True,272,False,273,-111,,Boom/Bust
Skyler Bell,WR,BUF,24.0,7.0,Active,0.0,13402,,,1f9e2e7e-d692-4494-adfb-86437a976450,00-0041443,,,,,,,,,,,,,,,,,,,,,,,169.9,169.9,315.0,13.0,4 out of 5 stars,42.6,42.447,0.0,4.911,47.358,47.358,-167.014,,,,,,,True,125.0,,False,False,1.0,True,26.945,61.438,19.16,74.015,0.0,0.0,0.0,0.0,0.0,1.0,31.574,56.979,,,False,,26.3,1.145,378,132,WR132,WR5,-167.0,True,359,False,274,-208,,unknown
Dontayvion Wicks,WR,PHI,25.0,10.0,Active,3.0,9486,,,ea3d1393-8c3b-4e81-a519-f636d28d692e,00-0038393,0.0,0.0,0.0,0.0,0.0,39.0,415.0,5.0,76.0,0.0,0.0,6.0,0.0,1.0,30.0,332.0,2.0,46.0,0.547,0.164,0.446,0.1,170.3,170.3,207.0,11.0,4 out of 5 stars,76.8,69.873,0.157,8.2,78.073,78.073,-136.3,30.0,6.21,6.619,0.067,0.633,1.066,False,,0.859,True,False,1.154,False,47.636,106.015,34.671,127.694,0.0,0.001,0.005,0.0,0.003,0.997,53.309,100.323,7.416,-1.216,True,Buy-low,23.9,1.041,290,109,WR109,WR3,-173.9,True,252,False,275,-120,,Boom/Bust
Van Jefferson,WR,WAS,30.0,7.0,Active,6.0,6853,3930066.0,32727.0,8e1285f7-6e4c-41e4-aac9-92e09f9f32b2,00-0036415,0.0,0.0,0.0,0.0,0.0,24.0,276.0,2.0,40.0,0.0,0.0,0.0,0.0,0.0,29.0,350.0,1.0,52.0,0.647,0.087,0.586,0.098,170.0,170.0,,,,75.0,74.866,0.002,8.82,83.686,83.686,-130.686,29.0,4.607,3.335,0.0,0.759,0.724,False,,0.817,True,False,0.784,False,52.882,111.135,34.916,127.586,0.0,0.0,0.001,0.0,0.0,1.0,65.877,96.955,5.051,-0.208,True,Sustainable,23.3,1.015,277,102,WR102,WR5,-150.3,False,264,False,276,-107,,Injury Risk
Kalif Raymond,WR,CHI,31.0,10.0,Active,10.0,3634,2973405.0,29631.0,e0a31d02-9d1c-4dab-adb4-a5d9bbee8b36,00-0032464,0.0,0.0,0.0,0.0,2.0,17.0,215.0,2.0,22.0,0.0,0.0,19.0,0.0,2.0,24.0,289.0,1.0,30.0,0.271,0.042,0.366,0.055,169.9,169.9,372.0,14.0,3 out of 5 stars,63.8,52.603,0.322,43.783,96.387,96.387,-117.986,27.0,4.122,4.48,0.0,0.778,1.087,False,,0.8,True,False,1.177,False,55.167,131.203,35.865,152.603,0.0,0.002,0.011,0.0,0.006,0.994,73.097,113.507,4.237,0.893,True,Sustainable,24.6,1.071,254,92,WR92,WR3,-126.0,True,285,True,277,-84,,Injury Risk
Oscar Delp,TE,NO,22.0,8.0,Active,0.0,13319,,,e30ac2bf-f359-4913-8e92-0a97a7ebf289,,,,,,,,,,,,,,,,,,,,,,,,170.0,170.0,295.0,12.0,2 out of 5 stars,8.9,8.901,0.026,1.199,10.1,10.1,-167.048,,,,,,,True,73.0,,False,False,1.0,False,4.257,13.233,2.927,17.39,0.0,0.0,0.0,0.0,0.0,1.0,5.013,12.576,,,False,,21.6,0.941,379,104,TE104,TE3,-147.4,True,346,False,278,-209,,unknown
Olamide Zaccheaus,WR,ATL,29.0,11.0,Active,7.0,6271,3917914.0,32123.0,d8281390-f081-41e5-b55e-75779536fe94,00-0035208,0.0,0.0,8.0,0.0,1.0,45.0,506.0,3.0,64.0,0.0,0.0,25.0,0.0,4.0,39.0,313.0,2.0,65.0,0.421,0.127,0.536,0.122,170.0,170.0,338.0,14.0,3 out of 5 stars,85.9,56.65,0.72,16.641,73.291,73.291,-141.081,30.0,6.64,6.108,0.067,0.533,0.92,False,,0.825,True,False,0.996,True,42.131,101.51,28.341,122.869,0.0,0.001,0.003,0.0,0.002,0.998,51.142,92.988,7.085,-0.544,True,Sustainable,21.1,0.919,300,112,WR112,WR4,-218.8,True,308,False,279,-130,,Injury Risk
Bub Means,WR,NO,25.0,8.0,Active,2.0,11748,,,ef0feb13-57b8-474c-a723-cf03f57a321a,00-0039386,0.0,0.0,0.0,0.0,0.0,9.0,118.0,1.0,15.0,,,,,,,,,,0.297,0.029,,,170.0,170.0,,,,106.4,106.4,0.0,12.466,118.866,118.866,-95.507,,,,,,,True,,,False,False,1.0,False,71.328,163.148,49.861,194.615,0.007,0.022,0.05,0.0,0.048,0.952,83.122,150.191,,,False,,21.6,0.941,223,76,WR76,WR3,-141.5,True,216,False,280,-53,,unknown
Will Kacmarek,TE,MIA,23.0,6.0,Active,0.0,13434,,,8f405d6d-46dd-4f4e-b6cf-52379cd9bb54,KAC282861,,,,,,,,,,,,,,,,,,,,,,,170.0,170.0,,,,61.7,46.913,0.443,6.449,53.363,53.363,-123.785,,,,,,,True,87.0,,False,False,1.0,True,22.693,69.639,15.318,92.862,0.007,0.035,0.125,0.0,0.007,0.993,26.633,67.099,,,False,,19.3,0.84,263,47,TE47,TE2,-84.7,False,255,False,281,-93,,unknown
Keon Coleman,WR,BUF,23.0,7.0,Active,2.0,11637,,,6752915f-efe5-473d-a520-78cadfab6dda,00-0039901,0.0,0.0,9.0,0.0,1.0,29.0,556.0,4.0,57.0,0.0,0.0,0.0,0.0,0.0,38.0,404.0,4.0,59.0,0.728,0.115,0.652,0.123,170.0,170.0,251.0,12.0,4 out of 5 stars,59.1,59.204,0.005,6.836,66.04,66.04,-148.333,25.0,8.476,5.57,0.04,0.44,0.657,False,,,False,True,0.712,True,44.042,90.119,31.388,104.942,0.0,0.0,0.0,0.0,0.0,1.0,51.612,81.363,8.269,-0.479,False,Sustainable,26.3,1.145,327,117,WR117,WR3,-148.3,True,291,False,282,-157,,Boom/Bust
Marquise Brown,WR,PHI,29.0,10.0,Active,7.0,5848,4241372.0,31857.0,feeee40a-dd63-41a7-89cd-6c95b5456833,00-0035662,0.0,0.0,0.0,0.0,0.0,9.0,91.0,0.0,15.0,0.0,0.0,0.0,0.0,0.0,49.0,587.0,5.0,74.0,0.335,0.026,0.535,0.135,169.9,169.9,300.0,12.0,4 out of 5 stars,89.6,64.463,0.553,7.311,71.774,71.774,-142.599,18.0,8.656,5.346,0.056,0.278,0.618,False,,0.741,True,False,0.669,False,33.282,105.998,20.326,129.207,0.0,0.001,0.007,0.0,0.004,0.996,52.275,89.126,8.114,-0.219,True,Sustainable,23.9,1.041,303,113,WR113,WR4,-180.2,True,293,False,283,-133,,Injury Risk
Connor Heyward,TE,LV,27.0,13.0,Active,4.0,8181,,,62e96d7c-e4dd-4a90-8c3a-8017eb69120d,00-0037304,0.0,0.0,0.0,0.0,0.0,6.0,40.0,1.0,8.0,0.0,0.0,43.0,2.0,15.0,3.0,21.0,1.0,4.0,0.181,,0.086,,,,,,,36.3,36.3,0.0,4.564,40.864,40.864,-136.283,26.0,1.669,2.94,0.0,0.0,1.761,False,,0.809,True,False,1.995,True,12.865,56.156,8.107,81.042,0.01,0.027,0.078,0.002,0.01,0.99,15.716,54.832,2.476,0.236,True,Sustainable,19.5,0.849,289,57,TE57,TE3,-221.8,False,278,False,284,,,Injury Risk
Noah Fant,TE,NO,28.0,8.0,Active,7.0,5857,4036131.0,31852.0,cdc98acc-9eb6-4b44-81bb-61d7b8a3b55f,00-0035644,0.0,0.0,0.0,0.0,0.0,48.0,500.0,1.0,64.0,0.0,0.0,0.0,0.0,0.0,34.0,288.0,3.0,41.0,0.633,0.112,0.379,0.067,170.0,170.0,380.0,14.0,2 out of 5 stars,65.7,50.317,0.421,7.331,57.648,57.648,-119.5,27.0,6.844,4.374,0.037,0.259,0.639,False,,0.826,True,False,0.724,False,25.669,78.445,17.513,101.904,0.009,0.048,0.158,0.001,0.009,0.991,30.327,74.419,6.201,0.421,True,Sustainable,21.6,0.941,256,44,TE44,TE2,-99.9,True,288,True,285,-86,,Injury Risk
Jeremy Ruckert,TE,NYJ,25.0,13.0,Active,4.0,8145,,,28f3732b-0910-4d09-9fd4-e43b821dc5bb,00-0037805,0.0,0.0,0.0,0.0,0.0,18.0,105.0,0.0,28.0,0.0,0.0,0.0,0.0,0.0,23.0,179.0,1.0,29.0,0.368,0.048,0.472,0.061,170.0,170.0,,,,41.8,31.07,0.504,4.48,35.55,35.55,-141.597,28.0,2.693,2.019,0.0,0.857,0.75,False,,0.792,False,True,0.849,False,18.039,50.838,11.982,63.14,0.0,0.004,0.044,0.0,0.0,1.0,23.265,45.876,3.255,-0.397,False,Sustainable,18.7,0.814,301,64,TE64,TE3,-133.8,False,292,False,286,-131,,Injury Risk
Jaydon Blue,RB,DAL,22.0,14.0,Active,1.0,12457,,,f5e6eb8e-2c76-4bf9-b47f-57c62659341d,00-0040586,,,,,,,,,,0.0,0.0,129.0,1.0,38.0,1.0,5.0,0.0,1.0,,,0.256,0.002,170.0,170.0,271.0,12.0,4 out of 5 stars,35.3,42.644,0.272,10.959,53.602,53.602,-159.772,,,,,,,True,,,False,True,1.0,False,19.081,78.811,11.733,110.641,0.002,0.008,0.027,0.0,0.02,0.98,23.624,75.487,,,False,,25.6,1.115,357,76,RB76,RB3,-227.9,True,323,False,287,-187,,unknown
Nick Westbrook-Ikhine,WR,IND,29.0,13.0,Active,6.0,7496,3929785.0,33348.0,5e63e674-adf3-4f4e-929e-4a0ff2cfb1df,00-0036182,0.0,0.0,0.0,0.0,0.0,32.0,497.0,9.0,60.0,0.0,0.0,0.0,0.0,0.0,11.0,89.0,0.0,20.0,0.699,0.118,0.442,0.043,170.3,170.3,390.0,14.0,4 out of 5 stars,95.2,95.062,0.001,11.167,106.23,106.23,-108.143,27.0,5.763,6.15,0.037,0.593,1.067,False,,0.817,True,False,1.156,False,59.53,148.251,40.33,180.137,0.005,0.016,0.035,0.0,0.035,0.965,73.156,135.481,5.969,1.104,True,TD-lucky,23.4,1.019,238,82,WR82,WR3,-111.4,True,282,True,288,-68,,Injury Risk
Chris Bell,WR,MIA,22.0,6.0,Active,0.0,13311,,,e1d2a5a1-71a9-4053-b475-8e5075cb1860,BEL267684,,,,,,,,,,,,,,,,,,,,,,,170.4,170.4,256.0,12.0,3 out of 5 stars,104.8,94.161,0.173,11.416,105.577,105.577,-108.796,,,,,,,True,94.0,,False,False,1.0,True,58.64,132.505,41.613,158.762,0.002,0.007,0.018,0.0,0.016,0.984,68.109,123.043,,,False,,19.3,0.84,240,84,WR84,WR3,-60.8,False,238,False,289,-70,,unknown
Kevin Coleman,WR,MIA,22.0,6.0,Active,0.0,13338,,,0b7b96b1-7733-4ceb-ac59-5ff7029df86c,COL362413,,,,,,,,,,,,,,,,,,,,,,,170.0,170.0,397.0,14.0,3 out of 5 stars,51.6,51.819,0.002,6.482,58.3,58.3,-156.072,,,,,,,True,177.0,,False,False,1.0,True,33.211,75.325,23.17,90.845,0.0,0.0,0.0,0.0,0.0,1.0,38.89,70.192,,,False,,19.3,0.84,348,124,WR124,WR7,-108.1,False,369,False,290,-178,,unknown
Kimani Vidal,RB,LAC,24.0,7.0,Active,2.0,11647,,,ed923635-f021-4b76-9dbb-9f1901eeaab9,00-0039391,0.0,0.0,155.0,0.0,43.0,5.0,62.0,1.0,9.0,0.0,0.0,643.0,3.0,155.0,16.0,136.0,1.0,22.0,0.277,0.018,0.545,0.04,170.2,170.2,178.0,10.0,3 out of 5 stars,61.0,46.519,0.446,13.88,60.399,60.399,-152.975,22.0,6.845,7.247,0.091,0.682,1.059,False,,,False,True,1.18,False,30.011,86.212,19.255,108.556,0.0,0.002,0.018,0.0,0.008,0.992,37.755,79.161,8.41,-1.241,False,Buy-low,23.8,1.036,337,67,RB67,RB3,-251.4,True,266,False,291,-167,,Boom/Bust
Jason Sanders,K,NYJ,30.0,13.0,Active,8.0,5119,3124679.0,31199.0,5ffb654f-0de5-424b-aa2f-ad511deb5b51,00-0034794,0.0,0.0,0.0,0.0,0.0,0.0,0.0,0.0,0.0,,,,,,,,,,,,,,169.9,169.9,488.0,16.0,2 out of 5 stars,117.5,25.499,0.0,108.145,133.644,133.644,-14.963,17.0,10.235,5.472,0.235,0.235,0.535,False,,0.98,False,False,0.938,False,92.553,173.478,75.376,201.691,0.322,0.422,0.256,0.062,0.322,0.678,93.545,167.94,,,True,,18.7,0.814,123,22,K22,K1,90.6,False,243,True,292,47,fair,Balanced
Tommy Tremble,TE,CAR,26.0,5.0,Active,5.0,7694,,,cbee2fd3-e5f2-4316-bffd-531f1873f032,00-0037005,0.0,0.0,0.0,0.0,0.0,23.0,234.0,2.0,32.0,0.0,0.0,0.0,0.0,0.0,27.0,249.0,2.0,37.0,0.672,0.062,0.601,0.077,170.0,170.0,391.0,14.0,2 out of 5 stars,63.4,62.432,0.029,7.94,70.372,70.372,-106.776,25.0,4.892,4.222,0.04,0.56,0.863,False,,0.809,False,True,0.977,False,36.615,98.949,25.237,123.95,0.016,0.093,0.258,0.001,0.016,0.984,44.993,91.835,4.21,0.617,False,Sustainable,20.9,0.91,237,40,TE40,TE2,-13.5,False,280,True,293,-67,,Injury Risk
Max Klare,TE,LAR,23.0,11.0,Active,0.0,13278,,,680fc10a-4de2-4571-b228-2c2fd79d437f,KLA269938,,,,,,,,,,,,,,,,,,,,,,,170.0,170.0,331.0,13.0,4 out of 5 stars,19.8,13.484,0.665,1.681,15.165,15.165,-161.982,,,,,,,True,61.0,,False,False,1.0,False,6.936,21.731,4.817,28.759,0.0,0.0,0.002,0.0,0.0,1.0,8.067,20.725,,,False,,26.3,1.145,363,95,TE95,TE5,-125.5,True,350,False,294,-193,,unknown
DeMario Douglas,WR,NE,25.0,11.0,Active,3.0,9501,,,962496d4-9ffa-471b-8dd2-fc5e60fee84b,00-0038621,0.0,0.0,16.0,0.0,3.0,66.0,621.0,3.0,87.0,0.0,0.0,21.0,0.0,7.0,31.0,447.0,3.0,46.0,0.626,0.174,0.259,0.095,169.9,169.9,352.0,14.0,2 out of 5 stars,61.3,61.373,0.004,7.967,69.34,69.34,-145.032,32.0,7.609,5.263,0.062,0.469,0.692,False,,0.867,False,True,0.749,False,45.184,92.073,33.38,108.833,0.0,0.0,0.001,0.0,0.001,0.999,49.936,86.694,6.432,0.954,False,Sustainable,23.6,1.028,314,114,WR114,WR4,-200.4,True,325,False,295,-144,,Boom/Bust
Cade Stover,TE,HOU,26.0,8.0,Active,2.0,11599,,,559d5222-0403-4a14-94c7-c7bd5072c939,00-0039359,0.0,0.0,0.0,0.0,0.0,15.0,133.0,1.0,22.0,0.0,0.0,3.0,0.0,4.0,12.0,76.0,0.0,16.0,0.404,0.04,0.44,0.029,170.0,170.0,,,,33.2,34.239,0.042,5.045,39.284,39.284,-137.863,20.0,2.71,2.771,0.0,0.85,1.022,False,,0.748,False,True,1.158,False,17.102,58.05,10.682,74.07,0.001,0.013,0.079,0.0,0.001,0.999,24.458,51.755,3.614,-0.591,False,Sustainable,22.8,0.993,295,61,TE61,TE2,-112.4,True,284,False,296,-125,,Injury Risk
Bryce Lance,WR,NO,23.0,8.0,Active,0.0,13420,,,4d5c31ba-45ea-4247-a41a-acfa82bdbd39,LAN016345,,,,,,,,,,,,,,,,,,,,,,,170.0,170.0,353.0,14.0,3 out of 5 stars,42.1,41.937,0.004,5.151,47.088,47.088,-167.285,,,,,,,True,136.0,,False,False,1.0,False,26.911,61.401,18.879,73.313,0.0,0.0,0.0,0.0,0.0,1.0,31.281,56.431,,,False,,21.6,0.941,382,134,WR134,WR5,-213.3,True,380,False,297,-212,,unknown
Ted Hurst,WR,TB,22.0,10.0,Active,0.0,13317,,,8e9964c2-b74c-4eb1-967b-2f82cc8f9767,HUR541377,,,,,,,,,,,,,,,,,,,,,,,170.2,170.2,233.0,11.0,4 out of 5 stars,82.7,70.909,0.257,8.351,79.26,79.26,-135.113,,,,,,,True,84.0,,False,False,1.0,False,43.852,100.0,30.473,119.577,0.0,0.001,0.003,0.0,0.002,0.998,51.206,92.46,,,False,,23.3,1.015,287,108,WR108,WR4,-157.2,True,257,False,298,-117,,unknown
Marlin Klein,TE,HOU,23.0,8.0,Active,0.0,13307,,,bc8c44b4-bda4-43e6-9ed4-6da16263e7f2,KLE258860,,,,,,,,,,,,,,,,,,,,,,,170.0,170.0,424.0,15.0,4 out of 5 stars,44.5,20.719,1.343,2.888,23.607,23.607,-153.541,,,,,,,True,59.0,,False,False,1.0,False,10.866,33.741,7.438,44.67,0.0,0.002,0.014,0.0,0.0,1.0,12.605,32.041,,,False,,22.8,0.993,338,89,TE89,TE4,-128.1,True,374,False,299,-168,,unknown
Austin Hooper,TE,ATL,31.0,11.0,Active,10.0,3202,3043275.0,29315.0,90c2a93f-d837-4e1b-b57c-56648903a8db,00-0032392,0.0,0.0,0.0,0.0,0.0,45.0,476.0,3.0,59.0,0.0,0.0,0.0,0.0,0.0,21.0,263.0,2.0,26.0,0.525,0.118,0.5,0.054,170.0,170.0,408.0,14.0,3 out of 5 stars,55.7,47.673,0.245,6.39,54.063,54.063,-123.085,30.0,5.663,3.81,0.033,0.367,0.673,False,,0.8,True,False,0.762,True,22.989,74.768,15.375,97.135,0.008,0.04,0.143,0.001,0.008,0.992,28.678,69.844,4.785,0.467,True,Sustainable,21.1,0.919,261,46,TE46,TE2,-144.9,True,307,True,300,-91,,Injury Risk
De'Zhaun Stribling,WR,SF,23.0,8.0,Active,0.0,13417,,,ca6fa516-adeb-4fd2-9408-17c9c2e38798,,,,,,,,,,,,,,,,,,,,,,,,170.4,170.4,221.0,11.0,2 out of 5 stars,90.4,71.877,0.38,8.349,80.227,80.227,-134.146,,,,,,,True,33.0,,False,False,1.0,False,47.836,109.859,33.569,131.779,0.0,0.002,0.007,0.0,0.005,0.995,56.089,100.978,,,False,,25.0,1.089,284,106,WR106,WR5,-134.3,True,253,False,301,-114,,unknown
Nick Vannett,TE,SEA,33.0,11.0,Active,10.0,3258,2576399.0,29328.0,c731aa8a-778b-4ccd-a19f-517eb66f47b7,00-0032394,0.0,0.0,0.0,0.0,0.0,17.0,135.0,3.0,20.0,,,,,,,,,,0.361,0.039,0.083,,170.0,170.0,,,,33.3,33.3,0.0,3.749,37.049,37.049,-140.098,12.0,4.042,3.75,0.0,0.583,0.928,False,,,False,False,1.051,False,17.959,52.782,12.405,67.749,0.001,0.009,0.058,0.0,0.001,0.999,21.079,49.832,2.918,1.124,True,TD-lucky,24.7,1.076,297,62,TE62,TE3,-106.5,True,286,False,302,-127,,Boom/Bust
Dallen Bentley,TE,DEN,25.0,10.0,Active,0.0,13577,,,4b40205a-7f62-4fd4-bc25-c470cc76a70f,BEN687044,,,,,,,,,,,,,,,,,,,,,,,170.0,170.0,,,,28.5,28.5,0.0,3.769,32.269,32.269,-144.878,,,,,,,True,256.0,,False,False,1.0,False,14.231,43.889,9.893,57.345,0.0,0.006,0.034,0.0,0.0,1.0,16.38,41.55,,,False,,22.0,0.958,311,72,TE72,TE4,-92.6,True,305,False,303,-141,,unknown
Jack Endries,TE,CIN,22.0,6.0,Active,0.0,13282,,,086abbb5-f5ce-4188-8c77-2808a10e3402,END438361,,,,,,,,,,,,,,,,,,,,,,,170.0,170.0,478.0,15.0,3 out of 5 stars,31.3,31.3,0.0,4.079,35.379,35.379,-141.769,,,,,,,True,221.0,,False,False,1.0,False,15.28,47.999,10.426,63.04,0.001,0.008,0.047,0.0,0.001,0.999,18.198,46.208,,,False,,26.0,1.132,302,65,TE65,TE4,-84.7,True,367,False,304,-132,,unknown
Luke McCaffrey,WR,WAS,25.0,7.0,Active,2.0,11650,,,5cfd82f8-9e73-48d7-914e-9051ff52d67d,00-0039355,0.0,0.0,0.0,0.0,0.0,18.0,168.0,0.0,24.0,0.0,0.0,0.0,0.0,0.0,11.0,203.0,3.0,15.0,0.366,0.048,0.317,0.035,169.9,169.9,333.0,13.0,2 out of 5 stars,42.9,42.9,0.0,25.731,68.631,68.631,-145.742,22.0,3.823,3.899,0.0,0.818,1.02,False,,,False,True,1.105,False,40.292,94.376,28.114,113.891,0.0,0.001,0.003,0.0,0.002,0.998,47.437,87.221,3.586,0.618,False,Sustainable,23.3,1.015,318,115,WR115,WR6,-165.3,False,319,False,305,-148,,Boom/Bust
Grant Calcaterra,TE,PHI,27.0,10.0,Active,4.0,8177,,,f6988cfa-2dcf-490b-ac80-9af8e4292efa,00-0037086,0.0,0.0,0.0,0.0,0.0,24.0,298.0,1.0,30.0,0.0,0.0,0.0,0.0,0.0,9.0,76.0,1.0,13.0,0.66,0.072,0.403,0.028,170.0,170.0,,,,32.8,32.65,0.0,4.046,36.696,36.696,-140.451,24.0,3.433,3.56,0.0,0.75,1.037,False,,0.7,False,True,1.174,False,13.536,55.912,7.853,73.325,0.001,0.014,0.076,0.0,0.001,0.999,22.746,48.665,3.241,0.568,False,Sustainable,23.9,1.041,299,63,TE63,TE3,-140.5,True,287,False,306,-129,,Injury Risk
Seydou Traore,TE,MIA,23.0,6.0,Active,0.0,13429,,,a2c31add-0862-4636-b6fc-84e796772db8,TRA291459,,,,,,,,,,,,,,,,,,,,,,,170.0,170.0,,,,23.8,23.8,0.0,2.938,26.738,26.738,-150.409,,,,,,,True,180.0,,False,False,1.0,True,11.743,36.464,8.094,47.714,0.0,0.002,0.018,0.0,0.0,1.0,13.664,34.999,,,False,,19.3,0.84,330,84,TE84,TE4,-111.3,False,329,False,307,-160,,unknown
Drew Sample,TE,CIN,30.0,6.0,Active,7.0,6001,3127310.0,31884.0,15a4f552-ecaf-45bd-9006-aa5dda93bee6,00-0035631,0.0,0.0,-4.0,0.0,1.0,20.0,109.0,1.0,22.0,0.0,0.0,3.0,0.0,1.0,15.0,106.0,1.0,20.0,0.572,0.035,0.536,0.033,170.0,170.0,,,,33.7,36.923,0.132,5.014,41.937,41.937,-135.211,23.0,2.974,2.98,0.0,0.739,1.002,False,,0.754,False,True,1.135,False,18.501,61.102,11.745,79.168,0.001,0.018,0.095,0.0,0.001,0.999,26.001,55.373,3.013,0.096,False,Sustainable,26.0,1.132,288,56,TE56,TE3,-78.2,True,276,False,308,-118,,Injury Risk
Jalen Royals,WR,KC,23.0,5.0,Active,1.0,12505,,,0ef78810-a38b-4444-b3b9-fb8b293c567d,00-0040646,,,,,,,,,,0.0,0.0,0.0,0.0,0.0,2.0,4.0,0.0,3.0,,,0.19,0.005,170.0,170.0,325.0,13.0,2 out of 5 stars,46.0,45.978,0.006,6.144,52.123,52.123,-162.25,,,,,,,True,,,False,True,1.0,False,31.32,71.281,22.39,85.173,0.0,0.0,0.0,0.0,0.0,1.0,36.398,65.932,,,False,,23.8,1.036,365,128,WR128,WR4,-227.2,True,347,False,309,-195,,unknown
Nate Boerkircher,TE,JAX,24.0,7.0,Active,0.0,13299,,,69aa9430-b9b0-4cd9-8dd5-3a81963336de,BOE586077,,,,,,,,,,,,,,,,,,,,,,,170.0,170.0,466.0,15.0,3 out of 5 stars,37.1,24.427,0.696,3.252,27.679,27.679,-149.469,,,,,,,True,56.0,,False,False,1.0,False,12.605,39.714,8.517,51.927,0.0,0.003,0.025,0.0,0.0,1.0,14.862,37.825,,,False,,23.6,1.028,329,83,TE83,TE2,-132.4,True,390,False,310,-159,,unknown
Deshaun Watson,QB,CLE,30.0,11.0,Active,9.0,4017,3122840.0,30125.0,eec5265c-7731-4bb6-8af2-4f98a67f9ab7,00-0033537,1148.0,5.0,148.0,1.0,31.0,0.0,0.0,0.0,0.0,,,,,,,,,,0.889,,,,170.0,170.0,301.0,12.0,4 out of 5 stars,136.3,141.822,0.057,-27.146,114.676,114.676,-210.104,,,,,,,True,,,False,False,1.0,True,59.684,161.747,40.669,203.725,0.011,0.108,0.808,0.001,0.011,0.989,70.316,151.64,,,False,,18.9,0.823,478,33,QB33,QB1,16.9,False,435,False,311,-308,,unknown
Bauer Sharp,TE,TB,23.0,10.0,Active,0.0,13308,,,613e095e-7bd0-4e02-b21d-fc3f846b0937,SHA375359,,,,,,,,,,,,,,,,,,,,,,,170.0,170.0,,,,28.2,28.2,0.0,3.526,31.726,31.726,-145.422,,,,,,,True,185.0,,False,False,1.0,False,13.886,43.129,9.403,56.298,0.001,0.006,0.032,0.0,0.001,0.999,16.22,41.115,,,False,,23.3,1.015,316,76,TE76,TE2,-97.6,True,310,False,312,-146,,unknown
Luke Musgrave,TE,GB,25.0,11.0,Active,3.0,9481,,,77a4fb49-3c6c-4aa1-8a21-20956e2d2240,00-0039144,0.0,0.0,0.0,0.0,0.0,7.0,45.0,0.0,10.0,0.0,0.0,0.0,0.0,0.0,24.0,252.0,0.0,31.0,0.307,0.022,0.401,0.067,169.9,169.9,387.0,14.0,2 out of 5 stars,52.6,39.493,0.462,5.37,44.863,44.863,-132.284,20.0,3.035,2.489,0.0,0.65,0.82,False,,,False,True,0.929,False,24.62,62.175,17.266,77.233,0.001,0.012,0.093,0.0,0.001,0.999,28.858,58.42,3.237,-0.256,False,Sustainable,24.7,1.076,278,52,TE52,TE2,-136.3,True,311,True,313,-108,,Boom/Bust
Jordan James,RB,SF,22.0,8.0,Active,1.0,12467,,,c16040c3-7534-4eeb-956c-8ed3be9972ec,00-0040177,,,,,,,,,,,,,,,,,,,,,0.017,,170.2,170.2,284.0,12.0,2 out of 5 stars,93.2,73.253,0.387,17.003,90.256,90.256,-123.118,,,,,,,True,,,False,False,1.0,False,32.076,132.912,20.08,183.886,0.019,0.035,0.079,0.004,0.086,0.914,39.929,127.142,,,False,,25.0,1.089,262,58,RB58,RB2,-299.7,True,258,False,314,-92,,unknown
Sam Roush,TE,CHI,22.0,10.0,Active,0.0,13322,,,b8b3edc8-986a-4702-84a7-b5193331aebb,ROU550040,,,,,,,,,,,,,,,,,,,,,,,169.9,169.9,465.0,15.0,2 out of 5 stars,17.7,11.782,0.67,1.504,13.287,13.287,-163.861,,,,,,,True,69.0,,False,False,1.0,False,5.608,17.544,3.86,22.841,0.0,0.0,0.001,0.0,0.0,1.0,6.631,16.597,,,False,,24.6,1.071,369,97,TE97,TE3,-209.4,True,423,False,315,-199,,unknown
Tutu Atwell,WR,MIA,26.0,6.0,Active,5.0,7562,,,7dc49535-f9dd-44b0-94f2-08ac6470130b,00-0036849,0.0,0.0,7.0,0.0,2.0,42.0,562.0,0.0,62.0,0.0,0.0,0.0,0.0,0.0,6.0,192.0,1.0,15.0,0.39,0.115,0.279,0.026,170.0,170.0,375.0,14.0,3 out of 5 stars,53.2,53.259,0.003,6.646,59.905,59.905,-154.468,23.0,5.657,4.84,0.0,0.609,0.856,False,,0.791,True,False,0.927,True,31.827,85.094,20.635,103.29,0.0,0.0,0.001,0.0,0.001,0.999,42.521,75.596,5.705,-0.168,True,Sustainable,19.3,0.84,341,120,WR120,WR6,-106.5,False,352,False,316,-171,,Injury Risk
Dyami Brown,WR,WAS,26.0,7.0,Active,5.0,7587,,,0fb60ada-bdd3-4d74-8c98-058303a1649a,00-0036626,0.0,0.0,26.0,0.0,3.0,30.0,308.0,1.0,40.0,0.0,0.0,30.0,0.0,6.0,20.0,227.0,1.0,37.0,0.431,0.079,0.366,0.068,170.2,170.2,427.0,15.0,2 out of 5 stars,84.9,84.944,0.0,11.929,96.872,96.872,-117.5,26.0,4.658,4.22,0.0,0.769,0.906,False,,0.834,True,False,0.981,False,57.336,133.373,39.114,159.734,0.001,0.008,0.019,0.0,0.017,0.983,68.076,121.73,6.348,-0.9,True,Sustainable,23.3,1.015,250,89,WR89,WR3,-137.1,False,306,True,317,-80,,Injury Risk
Ben Sims,TE,MIA,26.0,6.0,Active,3.0,11082,,,cef32a80-e761-11ed-ac46-e3b4ebd723e5,00-0038809,0.0,0.0,0.0,0.0,0.0,4.0,42.0,0.0,5.0,0.0,0.0,0.0,0.0,0.0,3.0,30.0,0.0,6.0,0.213,0.011,0.125,0.013,170.0,170.0,,,,48.7,27.038,1.032,3.638,30.676,30.676,-146.472,,,,,,,True,,,True,False,1.0,True,13.841,44.11,9.541,57.65,0.0,0.005,0.034,0.0,0.0,1.0,16.316,42.032,,,True,,19.3,0.84,320,78,TE78,TE3,-107.4,False,315,False,318,-150,,unknown
Ben Sinnott,TE,WAS,24.0,7.0,Active,2.0,11596,,,b5c717af-9116-483c-9ab3-c9db0a988ab8,00-0039912,0.0,0.0,0.0,0.0,0.0,5.0,28.0,1.0,5.0,0.0,0.0,0.0,0.0,0.0,11.0,114.0,1.0,13.0,0.266,0.01,0.361,0.03,170.0,170.0,394.0,14.0,1 out of 5 stars,31.7,28.569,0.171,3.663,32.232,32.232,-144.916,16.0,2.638,2.667,0.0,0.75,1.011,False,,,False,True,1.145,False,16.959,45.409,11.869,56.851,0.0,0.002,0.029,0.0,0.0,1.0,19.952,42.793,2.469,1.031,False,Sustainable,23.3,1.015,313,74,TE74,TE3,-113.3,False,341,False,319,-143,,Boom/Bust
John Bates,TE,WAS,28.0,7.0,Active,5.0,7716,,,3208880b-949f-4926-85eb-1940770550ea,00-0036628,0.0,0.0,0.0,0.0,0.0,8.0,84.0,0.0,13.0,0.0,0.0,0.0,0.0,0.0,11.0,103.0,1.0,16.0,0.439,0.026,0.514,0.037,170.0,170.0,388.0,14.0,1 out of 5 stars,43.9,37.318,0.263,5.017,42.335,42.335,-134.813,23.0,1.9,2.101,0.0,0.957,1.106,False,,0.792,False,True,1.252,False,20.368,60.496,13.593,77.622,0.002,0.016,0.09,0.0,0.002,0.998,25.903,55.989,2.813,-0.64,False,Sustainable,23.3,1.015,286,55,TE55,TE2,-103.2,False,317,True,320,-116,,Injury Risk
Elic Ayomanor,WR,TEN,23.0,9.0,Active,1.0,12499,,,6c773a16-1a93-4845-a519-d56c85e0090f,00-0040170,,,,,,,,,,0.0,0.0,0.0,0.0,0.0,41.0,515.0,4.0,89.0,,,0.806,0.168,170.0,170.0,220.0,11.0,3 out of 5 stars,75.4,36.744,1.302,4.018,40.761,40.761,-173.611,16.0,7.281,4.239,0.0,0.438,0.582,False,,0.861,False,True,0.631,True,28.778,54.764,21.273,62.963,0.0,0.0,0.0,0.0,0.0,1.0,32.094,50.205,8.676,-1.394,False,Buy-low,21.0,0.914,401,138,WR138,WR5,-169.3,True,338,False,321,-231,,Balanced
Kendrick Bourne,WR,ARI,30.0,14.0,Active,9.0,4454,3045523.0,30551.0,5aba3610-ab55-4922-ac46-806ded5eb8bf,00-0033307,0.0,0.0,6.0,0.0,1.0,28.0,305.0,1.0,38.0,0.0,0.0,0.0,0.0,0.0,37.0,551.0,0.0,53.0,0.583,0.076,0.567,0.096,170.0,170.0,360.0,14.0,2 out of 5 stars,50.2,50.362,0.003,6.771,57.133,57.133,-157.24,26.0,6.046,5.894,0.038,0.654,0.975,False,,0.741,True,False,1.056,True,26.299,82.842,15.945,98.511,0.0,0.0,0.0,0.0,0.0,1.0,44.084,67.16,5.483,0.339,True,Sustainable,18.8,0.819,352,125,WR125,WR3,-147.6,True,355,False,322,-182,,Injury Risk
Jaylen Wright,RB,MIA,23.0,6.0,Active,2.0,11643,,,ba9e1390-028b-47c9-8710-84cee3fa25de,00-0039874,0.0,0.0,249.0,0.0,68.0,3.0,8.0,0.0,6.0,0.0,0.0,288.0,2.0,70.0,5.0,44.0,0.0,9.0,0.17,0.011,0.215,0.019,170.1,170.1,216.0,11.0,3 out of 5 stars,49.4,44.339,0.166,12.333,56.672,56.672,-156.703,22.0,3.586,4.171,0.0,0.818,1.163,False,,,False,True,1.297,True,30.728,81.301,19.379,100.207,0.0,0.001,0.01,0.0,0.003,0.997,39.154,74.237,4.644,-1.24,False,Buy-low,19.3,0.84,350,74,RB74,RB2,-269.0,False,294,False,323,-180,,Boom/Bust
Tanner Hudson,TE,CIN,31.0,6.0,Active,8.0,5409,3050481.0,31257.0,2fa75e05-cac4-4b40-8924-dbc9ae0c959c,00-0034613,0.0,0.0,1.0,0.0,1.0,19.0,154.0,1.0,23.0,0.0,0.0,0.0,0.0,0.0,19.0,168.0,2.0,24.0,0.157,0.037,0.147,0.039,170.0,170.0,,,,29.2,29.228,0.005,3.969,33.198,33.198,-143.95,19.0,4.647,3.892,0.053,0.579,0.838,False,,,False,True,0.948,False,18.317,45.894,13.266,57.095,0.0,0.002,0.028,0.0,0.0,1.0,21.286,43.162,4.281,0.261,False,Sustainable,26.0,1.132,306,67,TE67,TE5,-86.9,True,295,False,324,-136,,Boom/Bust
Calvin Austin,WR,NYG,27.0,8.0,Active,4.0,8125,,,a95271f7-6dae-4b43-94fd-3ff04b15d4c4,00-0037837,0.0,0.0,0.0,0.0,0.0,36.0,548.0,4.0,58.0,0.0,0.0,0.0,0.0,0.0,31.0,372.0,3.0,55.0,0.536,0.126,0.535,0.105,169.9,169.9,328.0,13.0,4 out of 5 stars,61.3,34.831,0.987,23.737,58.568,58.568,-155.805,31.0,6.484,5.742,0.0,0.581,0.886,False,,0.876,True,False,0.959,True,37.89,77.633,28.717,92.313,0.0,0.0,0.0,0.0,0.0,1.0,41.278,73.48,5.807,0.505,True,Sustainable,22.1,0.962,346,123,WR123,WR4,-186.9,True,339,False,325,-176,,Boom/Bust
Jarquez Hunter,RB,LAR,23.0,11.0,Active,1.0,11569,,,e71d4c32-3233-467f-ab01-71de34e5d9b4,00-0040692,,,,,,,,,,,,,,,,,,,,,0.0,,170.0,170.0,316.0,13.0,5 out of 5 stars,23.2,23.2,0.0,5.392,28.592,28.592,-184.782,,,,,,,True,,,False,False,1.0,False,10.061,41.742,6.242,58.579,0.0,0.0,0.004,0.0,0.002,0.998,12.588,40.264,,,False,,26.3,1.145,430,98,RB98,RB3,-247.8,True,412,False,326,-260,,unknown
Caleb Douglas,WR,MIA,22.0,6.0,Active,0.0,13296,,,9e86188e-bdd6-4ba4-af4b-9cfe7f38e159,DOU210628,,,,,,,,,,,,,,,,,,,,,,,170.2,170.2,347.0,14.0,3 out of 5 stars,91.8,84.036,0.139,10.364,94.399,94.399,-119.973,,,,,,,True,75.0,,False,False,1.0,True,52.579,118.78,36.276,141.231,0.0,0.003,0.009,0.0,0.007,0.993,60.975,109.325,,,False,,19.3,0.84,257,94,WR94,WR4,-72.0,False,277,False,327,-87,,unknown
Tanner Conner,TE,NYG,28.0,8.0,Active,4.0,8849,,,4f2ecf70-d3b2-11ec-96a0-c3471a31202c,00-0037348,0.0,0.0,0.0,0.0,0.0,3.0,16.0,0.0,4.0,0.0,0.0,0.0,0.0,0.0,9.0,91.0,0.0,15.0,0.049,0.007,0.343,0.032,170.0,170.0,,,,27.3,27.3,0.0,3.266,30.566,30.566,-146.581,12.0,1.892,1.63,0.0,1.0,0.861,False,,,True,False,0.976,True,13.016,41.616,8.869,55.328,0.0,0.005,0.033,0.0,0.0,1.0,15.142,40.091,3.434,-0.912,False,Buy-low,22.1,0.962,321,79,TE79,TE3,-139.0,True,316,False,328,-151,,Boom/Bust
Josh Oliver,TE,MIN,29.0,6.0,Active,7.0,5973,3921690.0,31901.0,dc83f7af-7b30-4c4a-9c93-f67bd8db954b,00-0035249,0.0,0.0,0.0,0.0,0.0,22.0,258.0,3.0,28.0,0.0,0.0,0.0,0.0,0.0,15.0,160.0,4.0,19.0,0.555,0.054,0.458,0.041,169.9,169.9,425.0,15.0,4 out of 5 stars,52.1,43.159,0.305,5.356,48.515,48.515,-128.632,24.0,5.033,5.018,0.083,0.583,0.997,False,,,False,True,1.129,False,26.068,67.703,18.369,84.476,0.001,0.022,0.12,0.0,0.001,0.999,30.561,63.899,3.723,1.373,False,TD-lucky,22.6,0.984,273,50,TE50,TE2,-109.4,True,322,True,329,-103,,Boom/Bust
Zavion Thomas,WR,CHI,22.0,10.0,Active,0.0,13411,,,3f22d5fe-e6e4-4aab-8992-caf75caf999a,THO417520,,,,,,,,,,,,,,,,,,,,,,,169.9,169.9,400.0,14.0,3 out of 5 stars,8.7,25.866,1.207,3.018,28.885,28.885,-185.488,,,,,,,True,89.0,,False,False,1.0,False,15.772,36.455,10.904,43.87,0.0,0.0,0.0,0.0,0.0,1.0,18.616,33.48,,,False,,24.6,1.071,433,153,WR153,WR5,-193.5,True,439,False,330,-263,,unknown
Savion Williams,WR,GB,24.0,11.0,Active,1.0,12482,,,06fb642c-b10b-4b23-966a-13668a7c4426,00-0040009,,,,,,,,,,0.0,0.0,37.0,0.0,11.0,10.0,78.0,1.0,10.0,,,0.115,0.022,170.2,170.2,399.0,14.0,5 out of 5 stars,69.0,69.037,0.001,23.445,92.482,92.482,-121.891,12.0,2.292,2.503,0.0,0.917,1.092,False,,,False,True,1.183,False,53.534,126.933,37.262,154.151,0.001,0.005,0.018,0.0,0.014,0.986,63.246,118.278,2.098,0.22,False,Sustainable,24.7,1.076,260,96,WR96,WR4,-105.5,True,301,True,331,-90,,Boom/Bust
Ray Davis,RB,BUF,26.0,7.0,Active,2.0,11575,,,a856dd59-ed95-471a-bfb9-fbd0566bd1a9,00-0039875,0.0,0.0,442.0,3.0,113.0,17.0,189.0,3.0,19.0,0.0,0.0,275.0,0.0,58.0,10.0,86.0,2.0,13.0,0.244,0.038,0.143,0.027,170.5,170.5,200.0,11.0,2 out of 5 stars,35.9,35.957,0.009,29.207,65.164,65.164,-148.21,34.0,5.124,6.426,0.029,0.706,1.254,False,,0.878,False,True,1.399,True,39.349,90.896,26.968,110.432,0.0,0.001,0.015,0.0,0.006,0.994,43.822,85.456,4.995,0.663,False,Sustainable,26.3,1.145,326,65,RB65,RB3,-260.4,True,270,False,332,-156,,Boom/Bust
Jawhar Jordan,RB,HOU,26.0,8.0,Active,2.0,11588,,,d3ddb80f-6f08-4594-be42-4c2f0716f4ef,00-0039405,,,,,,,,,,0.0,0.0,193.0,0.0,43.0,7.0,34.0,0.0,7.0,,,0.3,0.013,170.0,170.0,367.0,14.0,4 out of 5 stars,50.3,36.154,1.523,7.312,43.466,43.466,-169.908,,,,,,,True,,,False,True,1.0,False,15.618,63.579,9.494,89.658,0.001,0.004,0.013,0.0,0.01,0.99,19.178,61.197,,,False,,22.8,0.993,391,82,RB82,RB3,-187.6,True,398,False,333,-221,,unknown
Isaiah Davis,RB,NYJ,24.0,13.0,Active,2.0,11571,,,849789be-b8f0-4d97-a777-2fcf336efa6a,00-0039798,0.0,0.0,174.0,1.0,30.0,9.0,75.0,1.0,12.0,0.0,0.0,236.0,1.0,43.0,21.0,186.0,0.0,28.0,0.1,0.02,0.28,0.059,170.1,170.1,259.0,12.0,3 out of 5 stars,37.6,38.68,0.034,18.273,56.953,56.953,-156.422,29.0,3.969,4.835,0.0,0.793,1.218,False,,0.829,False,True,1.358,False,28.458,81.41,18.429,102.729,0.0,0.001,0.015,0.0,0.006,0.994,34.682,75.794,4.062,0.817,False,Sustainable,18.7,0.814,349,73,RB73,RB3,-231.4,False,313,False,334,-179,,Injury Risk
Elijah Sarratt,WR,BAL,23.0,13.0,Active,0.0,13268,,,88739764-6bec-4d65-9381-a75510c5f595,SAR527100,,,,,,,,,,,,,,,,,,,,,,,170.1,170.1,267.0,12.0,4 out of 5 stars,59.2,59.248,0.003,6.511,65.759,65.759,-148.614,,,,,,,True,115.0,,False,False,1.0,True,37.304,85.594,26.422,102.966,0.0,0.0,0.001,0.0,0.001,0.999,43.625,79.295,,,False,,25.9,1.128,328,118,WR118,WR4,-188.0,True,296,False,335,-158,,unknown
Sean Tucker,RB,TB,24.0,10.0,Active,3.0,9506,,,6d616c10-f35e-11ed-b721-9b68b08a2e09,00-0038951,0.0,0.0,308.0,2.0,50.0,9.0,109.0,1.0,12.0,0.0,0.0,320.0,7.0,86.0,8.0,34.0,1.0,11.0,0.092,0.021,0.158,0.02,170.2,170.2,191.0,10.0,2 out of 5 stars,27.1,31.296,0.186,26.934,58.23,58.23,-155.145,34.0,4.709,8.085,0.059,0.735,1.717,False,,0.778,False,True,1.915,False,23.266,85.973,14.065,113.9,0.002,0.006,0.026,0.0,0.015,0.985,32.183,78.511,5.506,0.898,False,Sustainable,23.3,1.015,345,71,RB71,RB3,-195.1,True,281,False,336,-175,,Injury Risk
Trevor Etienne,RB,CAR,22.0,5.0,Active,1.0,12531,,,39e2d13c-0fb7-465f-ad8b-0b4bb73e1124,00-0040644,,,,,,,,,,0.0,0.0,94.0,0.0,20.0,3.0,13.0,0.0,3.0,,,0.056,0.006,170.0,170.0,310.0,13.0,1 out of 5 stars,29.7,29.839,0.002,29.054,58.893,58.893,-154.482,17.0,0.806,1.228,0.0,1.0,1.523,False,,0.854,False,True,1.699,False,29.08,83.703,19.391,107.014,0.0,0.003,0.018,0.0,0.01,0.99,33.812,79.361,2.051,-0.484,False,Sustainable,20.9,0.91,342,70,RB70,RB4,-159.2,False,331,False,337,-172,,Boom/Bust
Brenen Thompson,WR,LAC,23.0,7.0,Active,0.0,13380,,,c6e9feed-f5de-4717-84af-0c17af9e2a73,THO495568,,,,,,,,,,,,,,,,,,,,,,,170.0,170.0,363.0,14.0,2 out of 5 stars,27.3,27.354,0.002,3.411,30.765,30.765,-183.608,,,,,,,True,105.0,,False,False,1.0,False,16.707,39.017,11.656,46.7,0.0,0.0,0.0,0.0,0.0,1.0,19.652,35.766,,,False,,23.8,1.036,426,151,WR151,WR6,-204.8,True,424,False,338,-256,,unknown
Joe Royer,TE,CLE,24.0,11.0,Active,0.0,13435,,,8ed0fa45-2483-45ba-8c8e-2e836634bf96,,,,,,,,,,,,,,,,,,,,,,,,170.0,170.0,,,,8.1,8.215,0.027,1.141,9.357,9.357,-167.791,,,,,,,True,170.0,,False,False,1.0,True,4.109,12.691,2.795,16.645,0.0,0.0,0.0,0.0,0.0,1.0,4.801,12.198,,,False,,18.9,0.823,388,110,TE110,TE3,-194.7,False,407,False,339,-218,,unknown
Will Mallory,TE,IND,27.0,13.0,Active,3.0,10220,,,5d4a5e4f-7c74-4b4c-b8e5-33bb831e3057,00-0038394,0.0,0.0,0.0,0.0,0.0,4.0,29.0,0.0,8.0,0.0,0.0,0.0,0.0,0.0,1.0,16.0,0.0,1.0,0.14,0.016,0.135,0.002,170.0,170.0,,,,29.5,29.5,0.0,3.56,33.06,33.06,-144.088,8.0,1.188,1.036,0.0,1.0,0.872,False,,,False,True,0.988,False,17.95,46.135,12.601,57.41,0.0,0.002,0.03,0.0,0.0,1.0,21.107,42.875,1.85,-0.663,False,Sustainable,23.4,1.019,307,68,TE68,TE2,-185.9,True,297,False,340,-137,,Boom/Bust
Tanner Koziol,TE,JAX,22.0,7.0,Active,0.0,13408,,,aa0d8447-26c5-4f82-827a-57890d7b9f70,KOZ404039,,,,,,,,,,,,,,,,,,,,,,,170.0,170.0,468.0,15.0,3 out of 5 stars,18.1,12.28,0.64,1.574,13.854,13.854,-163.293,,,,,,,True,164.0,,False,False,1.0,False,6.021,18.824,4.061,24.734,0.0,0.0,0.001,0.0,0.0,1.0,7.036,17.88,,,False,,23.6,1.028,367,96,TE96,TE4,-146.2,True,422,False,341,-197,,unknown
Erick All,TE,CIN,25.0,6.0,Active,2.0,11592,,,5523779b-db60-4158-b232-8391bc7db65b,00-0039814,0.0,0.0,0.0,0.0,0.0,20.0,158.0,0.0,22.0,,,,,,,,,,0.419,0.035,,,169.9,169.9,436.0,15.0,3 out of 5 stars,58.5,46.415,0.371,6.284,52.698,52.698,-124.449,8.0,4.475,2.412,0.0,0.375,0.539,False,,,False,False,0.61,False,27.929,73.63,19.44,92.63,0.003,0.031,0.151,0.0,0.003,0.997,32.901,69.497,4.06,0.415,False,Sustainable,26.0,1.132,265,48,TE48,TE2,-67.4,True,320,True,342,-95,,Balanced
Davis Allen,TE,LAR,25.0,11.0,Active,3.0,10214,,,02a77d8c-3b89-4a61-86a2-0c005c1e589a,00-0039074,0.0,0.0,0.0,0.0,0.0,6.0,39.0,0.0,13.0,0.0,0.0,0.0,0.0,0.0,24.0,208.0,3.0,33.0,0.317,0.024,0.503,0.057,170.0,170.0,,,,43.8,28.164,0.767,3.466,31.631,31.631,-145.517,22.0,3.305,3.203,0.0,0.545,0.969,False,,0.717,False,True,1.098,False,12.327,47.62,7.319,61.91,0.0,0.005,0.046,0.0,0.0,1.0,19.573,41.749,4.137,-0.455,False,Sustainable,26.3,1.145,317,77,TE77,TE4,-109.1,True,312,False,343,-147,,Injury Risk
Jaheim Bell,TE,PIT,25.0,9.0,Active,2.0,11605,,,c9b2f6f5-b8bc-48ca-ac33-fa18883c2f6b,00-0039420,0.0,0.0,0.0,0.0,0.0,2.0,20.0,0.0,3.0,,,,,,,,,,0.086,0.006,,,170.0,170.0,,,,25.8,25.8,0.0,3.227,29.027,29.027,-148.121,,,,,,,True,,,False,False,1.0,True,13.185,41.382,9.004,53.986,0.0,0.004,0.029,0.0,0.0,1.0,15.493,39.953,,,False,,21.7,0.945,325,82,TE82,TE3,-115.4,False,321,False,344,-155,,unknown
Chris Brazzell,WR,CAR,22.0,5.0,Active,0.0,13353,,,0dcab415-e4a8-4f37-8164-45b9f23c668a,BRA836631,,,,,,,,,,,,,,,,,,,,,,,170.2,170.2,289.0,12.0,2 out of 5 stars,60.8,60.956,0.003,7.234,68.19,68.19,-146.183,,,,,,,True,83.0,,False,False,1.0,False,37.287,86.216,26.006,103.6,0.0,0.0,0.001,0.0,0.0,1.0,43.787,79.135,,,False,,20.9,0.91,319,116,WR116,WR5,-177.0,False,300,False,345,-149,,unknown
Xavier Hutchinson,WR,HOU,26.0,8.0,Active,3.0,10218,,,aed98af2-b228-4b74-a804-2d210bd11122,00-0038618,0.0,0.0,0.0,0.0,0.0,12.0,117.0,0.0,26.0,0.0,0.0,22.0,0.0,3.0,35.0,428.0,3.0,57.0,0.471,0.048,0.575,0.103,170.0,170.0,349.0,14.0,3 out of 5 stars,72.3,52.423,0.534,7.079,59.503,59.503,-154.87,30.0,4.057,4.601,0.0,0.867,1.134,False,,0.834,False,True,1.228,False,34.168,82.503,23.654,100.02,0.0,0.0,0.001,0.0,0.001,0.999,40.529,76.271,5.224,-0.877,False,Sustainable,22.8,0.993,344,122,WR122,WR5,-206.5,True,343,False,346,-174,,Injury Risk
Cam Grandy,TE,CIN,26.0,6.0,Active,2.0,12062,,,8e6c6eb0-0725-11ef-b490-715b3492492e,00-0039631,0.0,0.0,0.0,0.0,0.0,5.0,28.0,0.0,5.0,0.0,0.0,0.0,0.0,0.0,2.0,7.0,0.0,2.0,0.134,0.008,0.092,0.003,170.0,170.0,,,,29.0,29.0,0.0,4.018,33.018,33.018,-144.129,,,,,,,True,,,False,True,1.0,False,15.271,47.161,10.517,61.651,0.001,0.007,0.046,0.0,0.001,0.999,17.82,45.339,,,False,,26.0,1.132,308,69,TE69,TE6,-87.1,True,298,False,347,-138,,unknown
Elijah Higgins,TE,ARI,25.0,14.0,Active,3.0,10231,,,a01b7698-d67f-4b60-b2fb-4c667336b718,00-0039041,0.0,0.0,0.0,0.0,0.0,20.0,172.0,2.0,24.0,0.0,0.0,0.0,0.0,0.0,30.0,301.0,0.0,37.0,0.381,0.046,0.425,0.06,170.0,170.0,440.0,15.0,2 out of 5 stars,45.4,43.099,0.069,6.273,49.371,49.371,-127.776,32.0,3.416,3.269,0.031,0.688,0.957,False,,0.834,False,True,1.084,True,26.672,68.676,19.027,85.777,0.002,0.022,0.128,0.0,0.002,0.998,30.942,64.944,3.428,0.272,False,Sustainable,18.8,0.819,272,49,TE49,TE2,-229.5,True,331,True,348,-102,,Injury Risk
Joshua Palmer,WR,BUF,26.0,7.0,Active,5.0,7670,,,857fcc59-10e8-4194-bd7d-41bc5f72a47f,00-0036988,0.0,0.0,0.0,0.0,0.0,39.0,584.0,1.0,65.0,0.0,0.0,0.0,0.0,0.0,22.0,303.0,0.0,37.0,0.66,0.132,0.483,0.077,169.9,169.9,344.0,14.0,4 out of 5 stars,69.2,53.215,0.426,6.595,59.81,59.81,-154.562,27.0,5.767,3.608,0.0,0.593,0.626,False,,0.791,False,True,0.678,True,34.317,85.612,21.972,100.452,0.0,0.0,0.0,0.0,0.0,1.0,46.986,73.658,6.926,-1.045,False,Sustainable,26.3,1.145,343,121,WR121,WR4,-154.6,True,342,False,349,-173,,Injury Risk
Jared Wiley,TE,KC,25.0,5.0,Active,2.0,11595,,,a952a370-a43f-45ec-8371-0665f0b9551e,00-0039824,0.0,0.0,0.0,0.0,0.0,1.0,7.0,0.0,1.0,0.0,0.0,0.0,0.0,0.0,1.0,4.0,0.0,1.0,0.193,0.002,0.098,0.002,170.0,170.0,,,,26.5,26.5,0.0,3.481,29.981,29.981,-147.167,,,,,,,True,,,False,True,1.0,False,13.65,43.077,9.388,56.464,0.001,0.005,0.034,0.0,0.001,0.999,16.031,41.136,,,False,,23.8,1.036,323,81,TE81,TE3,-164.3,True,318,False,350,-153,,unknown
LeQuint Allen,RB,JAX,21.0,7.0,Active,1.0,12544,,,14aedd06-41a6-41db-8c5e-05483f91570d,00-0040238,,,,,,,,,,0.0,0.0,94.0,0.0,23.0,10.0,54.0,0.0,11.0,,,0.226,0.02,170.2,170.2,285.0,12.0,4 out of 5 stars,45.8,45.822,0.004,19.944,65.766,65.766,-147.608,16.0,1.55,1.053,0.0,1.0,0.679,False,,0.842,False,True,0.757,False,37.168,91.552,24.641,111.374,0.0,0.001,0.015,0.0,0.006,0.994,43.668,84.304,2.001,-0.201,False,Sustainable,23.6,1.028,324,64,RB64,RB3,-172.1,True,303,False,351,-154,,Injury Risk
Ty Simpson,QB,LAR,23.0,11.0,Active,0.0,13275,,,2e62e603-363a-425f-8c57-0a1600476c85,SIM639376,,,,,,,,,,,,,,,,,,,,,,,169.9,169.9,339.0,14.0,3 out of 5 stars,23.4,17.781,0.711,-1.034,16.748,16.748,-308.032,,,,,,,True,13.0,,False,False,1.0,False,8.538,26.269,5.628,34.408,0.0,0.0,0.112,0.0,0.0,1.0,10.023,24.941,,,False,,26.3,1.145,496,40,QB40,QB2,-332.6,True,452,False,352,-326,,unknown
Ashton Dulin,WR,IND,29.0,13.0,Active,7.0,6427,4061956.0,32292.0,f374262b-d642-4d05-9584-5955548ee4d1,00-0035021,0.0,0.0,45.0,0.0,5.0,2.0,67.0,1.0,8.0,0.0,0.0,44.0,0.0,3.0,5.0,106.0,0.0,10.0,0.199,0.016,0.213,0.019,170.0,170.0,418.0,15.0,4 out of 5 stars,74.1,56.366,0.457,20.359,76.725,76.725,-137.648,25.0,1.568,2.944,0.0,0.92,1.878,False,,,False,True,2.034,False,40.081,107.75,27.717,135.631,0.002,0.004,0.01,0.0,0.01,0.99,47.092,101.363,2.766,-0.316,False,Sustainable,23.4,1.019,294,110,WR110,WR4,-140.9,True,337,True,353,-124,,Boom/Bust
Isaiah Williams,WR,NYJ,25.0,13.0,Active,2.0,11608,,,2ddb2f40-07bc-11ef-82d9-5f86367458d3,00-0039451,0.0,0.0,0.0,0.0,0.0,2.0,6.0,0.0,3.0,0.0,0.0,34.0,0.0,3.0,26.0,193.0,0.0,36.0,0.052,0.006,0.361,0.076,170.0,170.0,,,,10.0,9.787,0.021,46.069,55.857,55.857,-158.516,23.0,2.23,3.511,0.0,0.783,1.574,False,,0.786,False,True,1.705,False,26.744,80.254,17.246,101.335,0.0,0.001,0.002,0.0,0.001,0.999,35.608,72.985,5.395,-0.265,False,Sustainable,18.7,0.814,354,126,WR126,WR4,-206.3,False,354,False,354,-184,,Injury Risk
CJ Dippre,TE,NE,24.0,11.0,Active,1.0,12984,,,e98ccf30-2531-11f0-b18c-b9f05412231c,00-0040566,,,,,,,,,,,,,,,,,,,,,0.16,,170.0,170.0,,,,9.2,9.315,0.019,1.216,10.532,10.532,-166.616,,,,,,,True,,,False,False,1.0,False,4.776,15.184,3.297,19.725,0.0,0.0,0.0,0.0,0.0,1.0,5.625,14.586,,,False,,23.6,1.028,375,101,TE101,TE3,-146.3,True,387,False,355,-205,,unknown
Brashard Smith,RB,KC,23.0,5.0,Active,1.0,12455,,,3170164a-1718-4a39-9ef2-e18104e35fef,00-0040078,,,,,,,,,,0.0,0.0,151.0,0.0,44.0,25.0,172.0,1.0,35.0,,,0.167,0.064,170.0,170.0,283.0,12.0,3 out of 5 stars,32.5,32.5,0.0,19.874,52.374,52.374,-161.0,17.0,3.724,4.007,0.0,0.647,1.076,False,,0.854,False,True,1.2,False,28.283,73.169,19.121,91.452,0.0,0.001,0.007,0.0,0.002,0.998,32.725,69.143,5.635,-1.415,False,Buy-low,23.8,1.036,360,77,RB77,RB3,-238.4,True,334,False,356,-190,,Boom/Bust
Jordan Whittington,WR,LAR,25.0,11.0,Active,2.0,11623,,,7cc58a3b-157a-4f43-a7de-5bc403f9ce6b,00-0039751,0.0,0.0,12.0,0.0,2.0,22.0,293.0,0.0,28.0,0.0,0.0,12.0,0.0,3.0,18.0,171.0,0.0,25.0,0.292,0.052,0.408,0.043,169.9,169.9,395.0,14.0,1 out of 5 stars,41.2,40.97,0.006,22.934,63.904,63.904,-150.468,29.0,3.062,4.232,0.0,0.862,1.382,False,,0.845,False,True,1.497,False,36.494,88.111,25.672,107.781,0.0,0.001,0.002,0.0,0.002,0.998,42.028,82.617,4.415,0.18,False,Sustainable,26.3,1.145,331,119,WR119,WR3,-298.1,True,353,False,357,-161,,Injury Risk
Nate Adkins,TE,DEN,27.0,10.0,Active,3.0,11433,,,bcd0ae60-f31c-11ed-819c-fd03d0cc2698,00-0038783,0.0,0.0,0.0,0.0,0.0,14.0,115.0,3.0,15.0,0.0,0.0,0.0,0.0,0.0,6.0,48.0,1.0,11.0,0.378,0.027,0.328,0.019,170.0,170.0,,,,31.7,23.2,0.51,2.929,26.129,26.129,-151.019,21.0,2.871,3.251,0.0,0.762,1.132,False,,0.692,False,True,1.282,False,9.13,40.01,5.153,53.089,0.0,0.003,0.027,0.0,0.0,1.0,15.748,34.665,2.411,0.821,False,Sustainable,22.0,0.958,334,87,TE87,TE5,-98.8,True,335,False,358,-164,,Injury Risk
CJ Daniels,WR,LAR,24.0,11.0,Active,0.0,13270,,,d9f1a46d-555a-45b6-90cf-245fc29709c3,DAN490797,,,,,,,,,,,,,,,,,,,,,,,169.9,169.9,416.0,15.0,1 out of 5 stars,9.7,9.48,0.0,1.108,10.588,10.588,-203.785,,,,,,,True,197.0,,False,False,1.0,False,6.035,13.798,4.234,16.493,0.0,0.0,0.0,0.0,0.0,1.0,7.075,12.757,,,False,,26.3,1.145,463,171,WR171,WR6,-351.4,True,457,False,359,-293,,unknown
Chris Brooks,RB,GB,26.0,11.0,Active,3.0,11370,,,35a0d440-f017-11ed-bedb-53f19b227cc3,00-0038685,0.0,0.0,183.0,1.0,36.0,11.0,69.0,0.0,13.0,0.0,0.0,106.0,0.0,27.0,13.0,91.0,0.0,17.0,0.197,0.028,0.201,0.037,170.1,170.1,265.0,12.0,4 out of 5 stars,66.9,51.109,0.434,10.727,61.836,61.836,-151.538,28.0,2.675,2.502,0.0,0.893,0.935,False,,0.727,False,True,1.043,False,24.303,92.869,14.66,120.307,0.001,0.005,0.028,0.0,0.014,0.986,39.582,80.22,3.261,-0.243,False,Sustainable,24.7,1.076,335,66,RB66,RB3,-230.0,True,304,False,360,-165,,Injury Risk
Foster Moreau,TE,HOU,29.0,8.0,Active,7.0,5985,3843945.0,31969.0,9c3a67fd-5c6e-4689-9e08-9ff6d4db6c9a,00-0034981,0.0,0.0,0.0,0.0,0.0,32.0,413.0,5.0,43.0,0.0,0.0,0.0,0.0,0.0,7.0,59.0,0.0,10.0,0.691,0.083,0.357,0.018,170.0,170.0,,,,27.6,22.113,0.365,2.61,24.723,24.723,-152.425,23.0,5.052,4.632,0.0,0.522,0.917,False,,0.776,True,False,1.038,False,9.266,34.321,5.923,46.02,0.0,0.003,0.018,0.0,0.0,1.0,12.092,32.396,4.615,0.667,True,Sustainable,22.8,0.993,336,88,TE88,TE3,-126.9,True,336,False,361,-166,,Injury Risk
Josh Whyle,TE,GB,26.0,11.0,Active,3.0,10212,,,601467c7-b593-472d-a147-b8e7bfdbe990,00-0038589,0.0,0.0,0.0,0.0,0.0,28.0,248.0,1.0,37.0,0.0,0.0,0.0,0.0,0.0,5.0,36.0,1.0,6.0,0.32,0.073,0.399,0.013,170.0,170.0,,,,23.6,23.6,0.0,2.883,26.483,26.483,-150.665,21.0,3.495,3.724,0.0,0.667,1.066,False,,0.725,False,True,1.207,False,10.3,39.802,6.182,51.911,0.0,0.002,0.023,0.0,0.0,1.0,16.376,35.148,3.229,0.443,False,Sustainable,24.7,1.076,332,85,TE85,TE3,-154.7,True,333,False,362,-162,,Injury Risk
Cedric Tillman,WR,CLE,26.0,11.0,Active,3.0,10444,,,148330d9-5182-4b58-b695-8067aaba4731,00-0038979,0.0,0.0,-5.0,0.0,1.0,29.0,339.0,3.0,49.0,0.0,0.0,0.0,0.0,0.0,21.0,270.0,2.0,39.0,0.549,0.077,0.618,0.075,169.9,169.9,326.0,13.0,3 out of 5 stars,61.9,36.162,0.947,4.229,40.391,40.391,-173.982,21.0,6.686,7.6,0.048,0.667,1.137,False,,,False,True,1.231,True,25.85,55.95,18.18,65.998,0.0,0.0,0.0,0.0,0.0,1.0,29.809,51.206,6.941,-0.256,False,Sustainable,18.9,0.823,402,139,WR139,WR4,-134.2,False,388,False,363,-232,,Boom/Bust
Jam Miller,RB,NE,,11.0,Active,0.0,13403,,,e7144c4a-1dd7-4474-b033-ad06e08f1745,MIL303300,,,,,,,,,,,,,,,,,,,,,,,170.0,170.0,429.0,15.0,2 out of 5 stars,26.1,26.1,0.0,5.974,32.074,32.074,-181.3,,,,,,,True,245.0,,False,False,1.0,False,10.791,44.639,6.698,62.511,0.0,0.001,0.004,0.0,0.003,0.997,13.465,42.794,,,False,,23.6,1.028,421,95,RB95,RB3,-207.1,True,441,False,364,-251,,unknown
Nicholas Singleton,RB,TEN,22.0,9.0,Active,0.0,13288,,,0111286e-ef59-40dd-97e8-967204490e34,,,,,,,,,,,,,,,,,,,,,,,,170.1,170.1,217.0,11.0,3 out of 5 stars,19.7,19.856,0.029,4.417,24.273,24.273,-189.101,,,,,,,True,165.0,,False,False,1.0,True,8.112,33.518,5.019,47.786,0.0,0.0,0.002,0.0,0.001,0.999,10.262,33.024,,,False,,21.0,0.914,436,102,RB102,RB3,-196.1,True,363,False,365,-266,,unknown
Josh Cuevas,TE,BAL,22.0,13.0,Active,0.0,13273,,,39c65aa3-f28d-4b3e-8cd6-e204cf33ce27,CUE040912,,,,,,,,,,,,,,,,,,,,,,,170.0,170.0,,,,8.6,8.673,0.001,1.068,9.741,9.741,-167.407,,,,,,,True,173.0,,False,False,1.0,True,4.221,13.311,2.851,17.286,0.0,0.0,0.0,0.0,0.0,1.0,5.001,12.723,,,False,,25.9,1.128,383,106,TE106,TE3,-162.1,True,400,False,366,-213,,unknown
Kaelon Black,RB,SF,24.0,8.0,Active,0.0,13414,,,4dea3ae1-8c53-4ef1-bd72-e2d2dfb3fa97,BLA097235,,,,,,,,,,,,,,,,,,,,,,,170.1,170.1,314.0,13.0,2 out of 5 stars,75.6,47.678,0.769,11.591,59.268,59.268,-154.106,,,,,,,True,90.0,,False,False,1.0,False,19.214,80.017,11.894,111.41,0.004,0.009,0.024,0.001,0.021,0.979,24.118,76.996,,,False,,25.0,1.089,339,68,RB68,RB3,-330.7,True,330,False,367,-169,,unknown
Mitchell Evans,TE,CAR,23.0,5.0,Active,1.0,12473,,,788b494d-d624-46ae-a956-81bd10f6a044,00-0040187,,,,,,,,,,0.0,0.0,1.0,0.0,1.0,19.0,171.0,2.0,25.0,,,0.374,0.052,170.0,170.0,456.0,15.0,2 out of 5 stars,37.5,35.712,0.08,4.644,40.357,40.357,-136.791,14.0,3.443,3.206,0.0,0.571,0.931,False,,0.827,False,True,1.055,False,21.571,56.529,15.376,70.281,0.0,0.008,0.066,0.0,0.0,1.0,25.377,53.143,3.464,-0.021,False,Sustainable,20.9,0.91,291,58,TE58,TE3,-43.5,False,345,True,368,-121,,Injury Risk
MarShawn Lloyd,RB,GB,25.0,11.0,Active,2.0,11581,,,7b8967bc-a3a5-4aa4-bd1f-2846663ca831,00-0039811,0.0,0.0,15.0,0.0,6.0,1.0,3.0,0.0,1.0,,,,,,,,,,0.14,0.002,,,170.3,170.3,260.0,12.0,4 out of 5 stars,43.1,57.07,0.402,12.643,69.713,69.713,-143.661,,,,,,,True,,,False,False,1.0,False,24.482,101.86,15.226,143.126,0.009,0.019,0.045,0.002,0.045,0.955,30.901,99.08,,,False,,24.7,1.076,305,63,RB63,RB2,-222.1,True,279,False,369,-135,,unknown
Payne Durham,TE,TB,26.0,10.0,Active,3.0,10227,,,c4a8b4c9-5db8-4187-852b-9557bef8724e,00-0039050,0.0,0.0,0.0,0.0,0.0,11.0,115.0,2.0,14.0,0.0,0.0,0.0,0.0,0.0,1.0,11.0,0.0,4.0,0.397,0.025,0.318,0.007,170.0,170.0,,,,18.0,17.795,0.01,2.271,20.066,20.066,-157.081,16.0,2.288,3.882,0.0,0.812,1.697,False,,,False,True,1.922,False,9.276,28.572,6.394,37.27,0.0,0.001,0.006,0.0,0.0,1.0,10.885,27.363,3.909,0.158,False,Sustainable,23.3,1.015,351,90,TE90,TE3,-109.3,True,347,False,370,-181,,Boom/Bust
Donovan Edwards,RB,MIA,23.0,6.0,Active,1.0,12515,,,162f3110-24fe-11f0-9c33-270dfe4c58dc,00-0040400,,,,,,,,,,,,,,,,,,,,,,,170.0,170.0,,,,22.9,22.9,0.0,5.452,28.352,28.352,-185.023,,,,,,,True,,,False,False,1.0,True,9.837,42.009,6.016,57.989,0.0,0.001,0.003,0.0,0.002,0.998,12.418,39.962,,,False,,19.3,0.84,431,99,RB99,RB4,-297.3,False,445,False,371,-261,,unknown
Malik Davis,RB,DAL,27.0,14.0,Active,4.0,8800,,,7caf1f90-d30d-11ec-8b77-45b1765fd110,00-0037563,,,,,,,,,,0.0,0.0,250.0,2.0,52.0,2.0,16.0,0.0,5.0,,,0.207,0.008,170.1,170.1,280.0,12.0,4 out of 5 stars,71.1,48.156,0.668,11.017,59.173,59.173,-154.202,10.0,4.06,4.81,0.0,0.7,1.185,False,,,False,True,1.321,False,28.88,85.218,18.47,106.857,0.0,0.002,0.016,0.0,0.007,0.993,36.187,78.406,4.697,-0.186,False,Sustainable,25.6,1.115,340,69,RB69,RB2,-222.3,True,314,False,372,-170,,Boom/Bust
Devin Culp,TE,TB,26.0,10.0,Active,2.0,11820,,,c62dcaf1-79e3-4e15-8fb0-e7cb30a18fe4,00-0039754,0.0,0.0,0.0,0.0,0.0,5.0,88.0,0.0,6.0,0.0,0.0,0.0,0.0,0.0,1.0,6.0,1.0,1.0,0.112,0.011,0.065,0.002,170.0,170.0,,,,21.8,13.579,0.845,1.626,15.205,15.205,-161.943,,,,,,,True,,,False,True,1.0,False,6.934,21.805,4.759,28.819,0.0,0.0,0.002,0.0,0.0,1.0,8.171,20.977,,,False,,23.3,1.015,362,94,TE94,TE4,-114.1,True,364,False,373,-192,,unknown
Blake Whiteheart,TE,CLE,26.0,11.0,Active,3.0,11201,,,9a8395a0-e900-11ed-9cad-a989770811a8,00-0038710,0.0,0.0,0.0,0.0,0.0,6.0,51.0,1.0,9.0,0.0,0.0,0.0,0.0,0.0,2.0,4.0,0.0,6.0,0.28,0.014,0.237,0.011,170.0,170.0,,,,15.3,15.12,0.013,2.128,17.248,17.248,-159.9,16.0,1.219,2.645,0.0,0.938,2.17,False,,,False,True,2.458,True,7.969,24.598,5.52,32.271,0.0,0.0,0.004,0.0,0.0,1.0,9.306,23.49,1.933,-0.433,False,Sustainable,18.9,0.823,358,92,TE92,TE2,-186.8,False,361,False,374,-188,,Boom/Bust
Ty Chandler,RB,NO,28.0,8.0,Active,4.0,8230,,,a0833a94-60ce-4a3a-a32a-d067fe7b253d,00-0037276,0.0,0.0,182.0,0.0,56.0,6.0,42.0,0.0,6.0,0.0,0.0,47.0,0.0,17.0,3.0,11.0,0.0,4.0,0.139,0.012,0.223,0.009,170.0,170.0,437.0,15.0,3 out of 5 stars,38.1,38.1,0.0,16.857,54.957,54.957,-158.417,17.0,2.188,2.853,0.0,0.824,1.304,False,,0.744,True,False,1.454,False,14.868,70.514,8.924,99.096,0.002,0.007,0.02,0.0,0.016,0.984,21.575,65.228,4.911,-1.811,True,Buy-low,21.6,0.941,353,75,RB75,RB3,-207.0,True,397,False,375,-183,,Injury Risk
Carson Beck,QB,ARI,23.0,14.0,Active,0.0,13272,,,a67c28ce-9e03-46f1-9fb6-b5ef70eb20db,,,,,,,,,,,,,,,,,,,,,,,,170.0,170.0,350.0,14.0,2 out of 5 stars,23.1,31.504,0.266,-2.199,29.305,29.305,-295.474,,,,,,,True,65.0,,False,False,1.0,True,13.196,38.448,8.768,48.926,0.0,0.0,0.275,0.0,0.0,1.0,15.31,36.306,,,False,,18.8,0.819,493,37,QB37,QB2,-177.8,True,453,False,376,-323,,unknown
Frank Gore,RB,BUF,24.0,7.0,Active,2.0,11573,,,cd4c8e90-06f7-11ef-a3ab-0317e25dec4e,00-0039471,,,,,,,,,,,,,,,,,,,,,,,170.0,170.0,,,,35.0,35.0,0.0,7.042,42.042,42.042,-171.333,,,,,,,True,,,False,False,1.0,True,14.965,61.697,9.233,86.109,0.001,0.003,0.012,0.0,0.009,0.991,18.641,59.447,,,False,,26.3,1.145,395,85,RB85,RB4,-283.6,True,415,False,377,-225,,unknown
Jahdae Walker,WR,CHI,24.0,10.0,Active,1.0,13079,,,46352a70-25f5-11f0-83f2-77ca9eeac893,00-0040277,,,,,,,,,,0.0,0.0,0.0,0.0,0.0,6.0,87.0,2.0,10.0,,,0.151,0.019,169.9,169.9,462.0,15.0,3 out of 5 stars,60.3,26.953,1.496,2.993,29.946,29.946,-184.427,,,,,,,True,,,False,True,1.0,False,18.003,40.986,12.51,49.208,0.0,0.0,0.0,0.0,0.0,1.0,21.021,37.836,,,False,,24.6,1.071,429,152,WR152,WR4,-192.4,True,451,False,378,-259,,unknown
Malik Benson,WR,LV,23.0,13.0,Active,0.0,13329,,,27e1ef17-ce10-4e14-99e6-328672f57dcd,BEN601117,,,,,,,,,,,,,,,,,,,,,,,170.0,170.0,455.0,15.0,2 out of 5 stars,,15.921,0.0,1.977,17.898,17.898,-196.475,,,,,,,True,195.0,,False,False,1.0,True,10.265,23.262,7.226,27.867,0.0,0.0,0.0,0.0,0.0,1.0,11.956,21.453,,,False,,19.5,0.849,449,161,WR161,WR5,-145.0,False,462,False,379,-279,,unknown
Devin Duvernay,WR,ARI,28.0,14.0,Active,6.0,6847,4039050.0,32762.0,d93dbc83-e604-4823-a24e-d162cbd8d4d9,00-0036331,0.0,0.0,3.0,0.0,4.0,11.0,79.0,0.0,16.0,0.0,0.0,0.0,0.0,0.0,2.0,26.0,0.0,5.0,0.222,0.031,0.035,0.009,170.0,170.0,,,,0.0,0.0,0.0,48.32,48.32,48.32,-166.053,30.0,0.793,1.649,0.0,0.967,2.079,False,,0.842,True,False,2.251,True,25.44,67.94,17.432,84.907,0.0,0.0,0.001,0.0,0.001,0.999,29.532,64.001,2.904,-1.073,True,Sustainable,18.8,0.819,372,131,WR131,WR4,-156.4,True,381,False,380,-202,,Injury Risk
Kaytron Allen,RB,WAS,23.0,7.0,Active,0.0,13405,,,7980dd2b-0ce0-4936-aaff-536c09608429,00-0041096,,,,,,,,,,,,,,,,,,,,,,,170.1,170.1,218.0,11.0,4 out of 5 stars,21.5,17.861,0.302,3.706,21.567,21.567,-191.807,,,,,,,True,187.0,,False,False,1.0,False,7.153,29.977,4.505,41.801,0.0,0.0,0.001,0.0,0.0,1.0,8.976,28.595,,,False,,23.3,1.015,441,105,RB105,RB4,-156.3,False,365,False,381,-271,,unknown
Ian Thomas,TE,LV,30.0,13.0,Active,8.0,4995,4045305.0,31071.0,ed8a8fd2-df67-45e7-a34f-984afb82f6ea,00-0034365,0.0,0.0,0.0,0.0,0.0,3.0,7.0,0.0,6.0,0.0,0.0,0.0,0.0,0.0,13.0,114.0,0.0,13.0,0.344,0.012,0.359,0.026,170.0,170.0,,,,16.5,11.227,0.673,1.504,12.731,12.731,-164.417,12.0,2.342,2.254,0.0,0.833,0.963,False,,,False,True,1.09,True,6.84,17.864,4.745,22.387,0.0,0.0,0.0,0.0,0.0,1.0,7.976,16.747,2.674,0.136,False,Sustainable,19.5,0.849,370,98,TE98,TE4,-250.0,False,376,False,382,-200,,Boom/Bust
Charlie Woerner,TE,ATL,28.0,11.0,Active,6.0,7075,4035020.0,32860.0,527dfee0-a242-4dc7-830a-ab7028308259,00-0036429,0.0,0.0,0.0,0.0,0.0,7.0,46.0,0.0,12.0,0.0,0.0,0.0,0.0,0.0,8.0,48.0,0.0,9.0,0.424,0.022,0.508,0.017,170.0,170.0,,,,30.8,16.168,1.154,2.286,18.453,18.453,-158.695,19.0,1.284,1.482,0.0,0.947,1.154,False,,,False,True,1.307,True,9.402,26.094,6.63,32.919,0.0,0.0,0.002,0.0,0.0,1.0,11.16,24.574,2.239,-0.496,False,Sustainable,21.1,0.919,355,91,TE91,TE3,-180.5,True,356,False,383,-185,,Boom/Bust
George Holani,RB,SEA,26.0,11.0,Active,2.0,12048,,,971a3930-0724-11ef-a47d-6f7fe8c7bc97,00-0039299,0.0,0.0,10.0,0.0,3.0,1.0,-1.0,0.0,1.0,0.0,0.0,73.0,1.0,22.0,2.0,15.0,0.0,2.0,0.016,0.002,0.055,0.004,170.2,170.2,294.0,12.0,4 out of 5 stars,41.1,41.088,0.002,16.283,57.371,57.371,-156.003,13.0,1.438,2.848,0.0,0.846,1.98,False,,,False,True,2.208,False,24.816,83.402,15.461,109.418,0.001,0.005,0.023,0.0,0.013,0.987,31.445,78.719,3.622,-0.485,False,Sustainable,24.7,1.076,347,72,RB72,RB3,-153.3,True,326,False,384,-177,,Boom/Bust
Joe Milton,QB,DAL,26.0,14.0,Active,2.0,11557,,,74043480-24ef-4c26-99d4-18f43d5b41d3,00-0039398,241.0,1.0,16.0,1.0,10.0,0.0,0.0,0.0,0.0,183.0,1.0,50.0,0.0,5.0,0.0,0.0,0.0,0.0,0.95,,0.21,,169.9,169.9,413.0,15.0,2 out of 5 stars,12.2,13.376,0.078,0.593,13.969,13.969,-310.81,,,,,,,True,,,False,True,1.0,False,6.155,20.211,4.031,26.664,0.0,0.0,0.052,0.0,0.0,1.0,7.319,19.119,,,False,,25.6,1.115,498,42,QB42,QB2,-322.0,True,481,False,385,-328,,unknown
Jelani Woods,TE,NYJ,27.0,13.0,Active,4.0,8219,,,321af8f8-b4de-4ed2-a86f-7f97a85a13d4,00-0037755,,,,,,,,,,0.0,0.0,0.0,0.0,0.0,1.0,4.0,0.0,3.0,,,0.227,0.006,170.0,170.0,,,,0.0,0.0,0.0,0.0,0.0,0.0,-177.148,,,,,,,True,,,False,True,1.0,False,0.0,0.0,0.0,0.0,0.0,0.0,0.0,0.0,0.0,1.0,0.0,0.0,,,False,,18.7,0.814,409,113,TE113,TE4,-169.4,False,427,False,386,-239,,unknown
Will Shipley,RB,PHI,23.0,10.0,Active,2.0,11577,,,796e223d-e8d5-42ab-afb4-557fa6183357,00-0039746,0.0,0.0,82.0,0.0,30.0,4.0,35.0,0.0,4.0,0.0,0.0,49.0,0.0,14.0,9.0,56.0,0.0,12.0,0.06,0.01,0.125,0.026,170.0,170.0,330.0,13.0,4 out of 5 stars,27.5,27.551,0.002,23.772,51.323,51.323,-162.051,27.0,1.304,2.339,0.0,0.963,1.794,False,,0.809,False,True,2.0,False,21.988,74.934,13.829,98.903,0.0,0.003,0.015,0.0,0.008,0.992,28.003,70.522,2.901,-0.096,False,Sustainable,23.9,1.041,364,79,RB79,RB3,-258.6,True,351,False,387,-194,,Injury Risk
Colbie Young,WR,CIN,24.0,6.0,Active,0.0,13477,,,044ebd08-c458-40ca-8c97-51c6e15abdb8,,,,,,,,,,,,,,,,,,,,,,,,169.9,169.9,,,,9.7,9.738,0.019,1.142,10.88,10.88,-203.493,,,,,,,True,140.0,,False,False,1.0,False,6.266,14.171,4.394,16.938,0.0,0.0,0.0,0.0,0.0,1.0,7.233,12.935,,,False,,26.0,1.132,462,170,WR170,WR6,-348.8,True,475,False,388,-292,,unknown
Ollie Gordon,RB,MIA,22.0,6.0,Active,1.0,12495,,,42753bb4-a416-4d40-bf81-f20d2181be2f,00-0040198,,,,,,,,,,0.0,0.0,199.0,3.0,70.0,7.0,32.0,1.0,9.0,,,0.224,0.019,170.2,170.2,242.0,11.0,3 out of 5 stars,32.2,33.68,0.077,8.967,42.648,42.648,-170.726,17.0,3.182,4.346,0.0,0.765,1.366,False,,0.854,False,True,1.523,True,24.311,60.571,16.399,74.441,0.0,0.0,0.001,0.0,0.0,1.0,28.286,56.541,3.739,-0.357,False,Sustainable,19.3,0.84,393,84,RB84,RB3,-283.0,False,340,False,389,-223,,Boom/Bust
Adam Trautman,TE,DEN,29.0,10.0,Active,6.0,6869,3911853.0,32775.0,4e14183b-f974-4745-9d7f-8f5eb2a92a7d,00-0036422,0.0,0.0,0.0,0.0,0.0,13.0,188.0,2.0,22.0,0.0,0.0,0.0,0.0,0.0,20.0,195.0,1.0,23.0,0.518,0.04,0.573,0.039,170.0,170.0,471.0,15.0,4 out of 5 stars,47.6,35.444,0.496,4.45,39.894,39.894,-137.253,26.0,3.435,4.192,0.038,0.692,1.22,False,,0.826,False,True,1.382,False,20.19,56.673,14.153,71.679,0.001,0.01,0.073,0.0,0.001,0.999,23.784,52.998,3.083,0.398,False,Sustainable,22.0,0.958,293,60,TE60,TE2,-85.0,True,357,True,390,-123,,Injury Risk
Phil Mafah,RB,DAL,23.0,14.0,Active,1.0,12738,,,54b97d06-1639-46a3-9dcc-67320687281d,00-0040021,,,,,,,,,,0.0,0.0,18.0,1.0,5.0,2.0,11.0,0.0,2.0,,,0.18,0.003,170.0,170.0,419.0,15.0,4 out of 5 stars,27.6,27.6,0.0,6.181,33.781,33.781,-179.593,,,,,,,True,,,False,True,1.0,False,11.942,49.772,7.257,68.725,0.0,0.002,0.006,0.0,0.004,0.996,14.888,46.553,,,False,,25.6,1.115,417,93,RB93,RB4,-247.7,True,436,False,391,-247,,unknown
Greg Dortch,WR,DET,28.0,6.0,Active,7.0,5970,4037235.0,32523.0,4484c7d1-025a-4f26-8e9b-48503afb0c68,00-0035500,0.0,0.0,31.0,0.0,5.0,37.0,342.0,3.0,50.0,0.0,0.0,15.0,1.0,7.0,29.0,206.0,3.0,33.0,0.402,0.096,0.336,0.053,170.0,170.0,404.0,14.0,4 out of 5 stars,14.1,14.24,0.025,41.359,55.599,55.599,-158.774,29.0,5.772,5.491,0.034,0.586,0.951,False,,0.859,True,False,1.03,False,34.603,75.619,25.345,89.882,0.0,0.0,0.0,0.0,0.0,1.0,38.837,70.737,4.898,0.805,True,Sustainable,26.1,1.136,356,127,WR127,WR4,-287.3,True,383,False,392,-186,,Boom/Bust
Treylon Burks,WR,WAS,26.0,7.0,Active,4.0,8135,,,45763342-0208-46ab-a5d2-6c6e4ff66b66,00-0037742,0.0,0.0,1.0,0.0,2.0,4.0,34.0,0.0,8.0,0.0,0.0,0.0,0.0,0.0,10.0,130.0,1.0,22.0,0.474,0.016,0.601,0.051,170.0,170.0,376.0,14.0,2 out of 5 stars,44.8,44.872,0.003,5.984,50.855,50.855,-163.517,13.0,2.808,2.757,0.0,0.846,0.982,False,,,False,True,1.064,False,30.287,69.501,21.32,83.676,0.0,0.0,0.0,0.0,0.0,1.0,35.49,64.408,4.305,-1.498,False,Buy-low,23.3,1.015,368,130,WR130,WR7,-183.1,False,377,False,392,-198,,Boom/Bust
Cyrus Allen,WR,KC,23.0,5.0,Active,0.0,13413,,,a07ac8bd-3929-4e48-b3c4-3ddeecd09dca,00-0040890,,,,,,,,,,,,,,,,,,,,,,,170.0,170.0,452.0,15.0,2 out of 5 stars,17.2,17.215,0.004,2.069,19.284,19.284,-195.088,,,,,,,True,176.0,,False,False,1.0,False,11.116,25.024,7.816,29.872,0.0,0.0,0.0,0.0,0.0,1.0,12.842,23.022,,,False,,23.8,1.036,446,160,WR160,WR6,-260.1,True,459,False,394,-276,,unknown
Tua Tagovailoa,QB,ATL,28.0,11.0,Active,6.0,6768,4241479.0,32675.0,26ad9c27-de38-495e-913c-6fb2428e76d3,00-0036212,2867.0,19.0,49.0,0.0,17.0,0.0,0.0,0.0,0.0,2660.0,20.0,43.0,0.0,20.0,0.0,0.0,0.0,0.0,0.972,,0.954,,170.6,170.6,272.0,12.0,4 out of 5 stars,164.4,153.044,0.278,-8.947,144.097,144.097,-180.682,25.0,16.811,9.656,0.24,0.36,0.574,False,,0.836,True,False,0.93,True,77.591,195.535,50.221,240.016,0.022,0.186,0.736,0.003,0.022,0.978,92.813,180.603,14.244,-0.287,True,Sustainable,21.1,0.919,418,31,QB31,QB1,27.6,True,372,False,395,-247,,Injury Risk
Hunter Long,TE,JAX,27.0,7.0,Active,5.0,7535,,,ebc576d0-a98b-4f82-aaf9-901a3911487d,00-0037004,0.0,0.0,0.0,0.0,0.0,7.0,60.0,0.0,9.0,0.0,0.0,0.0,0.0,0.0,12.0,85.0,2.0,17.0,0.262,0.017,0.399,0.031,170.0,170.0,,,,15.5,15.45,0.0,1.74,17.19,17.19,-159.958,18.0,2.528,2.988,0.0,0.889,1.182,False,,,False,True,1.339,False,8.947,24.32,6.231,30.532,0.0,0.0,0.002,0.0,0.0,1.0,10.378,22.998,3.301,-0.114,False,Sustainable,23.6,1.028,359,93,TE93,TE3,-142.9,True,362,False,396,-189,,Boom/Bust
Dont'e Thornton,WR,LV,23.0,13.0,Active,1.0,12541,,,483606b2-c0c9-4da2-8fcf-73d2615756c7,00-0040581,,,,,,,,,,0.0,0.0,0.0,0.0,0.0,10.0,135.0,0.0,30.0,,,0.453,0.061,170.0,170.0,345.0,14.0,2 out of 5 stars,40.3,35.07,0.23,4.164,39.234,39.234,-175.139,11.0,2.136,2.178,0.0,0.909,1.019,False,,,False,True,1.104,True,25.21,54.184,17.346,63.937,0.0,0.0,0.0,0.0,0.0,1.0,29.336,49.298,4.682,-2.545,False,Buy-low,19.5,0.849,403,140,WR140,WR4,-123.6,False,399,False,397,-233,,Boom/Bust
Kendre Miller,RB,NO,24.0,8.0,Active,3.0,9757,,,66627686-34fe-4599-84ac-e436fd7d798a,00-0038551,0.0,0.0,148.0,1.0,39.0,5.0,33.0,0.0,8.0,0.0,0.0,193.0,1.0,47.0,5.0,30.0,0.0,5.0,0.28,0.015,0.243,0.009,170.0,170.0,274.0,12.0,3 out of 5 stars,40.7,23.297,1.394,16.665,39.963,39.963,-173.412,13.0,4.8,3.241,0.0,0.846,0.675,False,,,False,True,0.753,False,21.415,56.394,13.954,69.082,0.0,0.0,0.001,0.0,0.0,1.0,26.795,51.357,4.708,0.092,False,Sustainable,21.6,0.941,400,88,RB88,RB4,-222.0,True,358,False,398,-230,,Boom/Bust
DJ Giddens,RB,IND,22.0,13.0,Active,1.0,12471,,,73ffa6e6-7fb3-4f34-a856-38bfd62cca15,00-0040179,,,,,,,,,,0.0,0.0,96.0,0.0,26.0,0.0,0.0,0.0,2.0,,,0.12,0.004,170.1,170.1,270.0,12.0,4 out of 5 stars,35.9,35.818,0.0,7.766,43.584,43.584,-169.79,,,,,,,True,,,False,True,1.0,False,15.453,63.486,9.491,89.235,0.001,0.005,0.014,0.0,0.01,0.99,19.3,60.785,,,False,,23.4,1.019,389,81,RB81,RB2,-307.4,True,344,False,399,-219,,unknown
Demond Claiborne,RB,MIN,22.0,6.0,Active,0.0,13347,,,b17d816a-b687-488f-ac03-7dcba5aae0b6,CLA041524,,,,,,,,,,,,,,,,,,,,,,,170.1,170.1,278.0,12.0,4 out of 5 stars,23.7,23.865,0.006,5.403,29.268,29.268,-184.106,,,,,,,True,198.0,,False,False,1.0,False,9.852,40.907,6.156,56.85,0.0,0.0,0.003,0.0,0.001,0.999,12.373,39.639,,,False,,22.6,0.984,427,96,RB96,RB3,-172.4,True,386,False,400,-257,,unknown
Reggie Virgil,WR,ARI,22.0,14.0,Active,0.0,13297,,,5c342ca7-20ec-4278-8d30-f8134d5a0fd3,VIR271235,,,,,,,,,,,,,,,,,,,,,,,170.0,170.0,,,,8.1,8.072,0.027,1.032,9.104,9.104,-205.269,,,,,,,True,143.0,,False,False,1.0,True,5.211,11.877,3.638,14.128,0.0,0.0,0.0,0.0,0.0,1.0,6.067,10.939,,,False,,18.8,0.819,469,176,WR176,WR5,-195.6,True,482,False,401,-299,,unknown
Tip Reiman,TE,ARI,24.0,14.0,Active,2.0,11716,,,44767e85-080f-4212-b2f2-cba160c81a9f,00-0039737,0.0,0.0,0.0,0.0,0.0,6.0,37.0,0.0,7.0,0.0,0.0,0.0,0.0,0.0,3.0,18.0,0.0,5.0,0.412,0.013,0.37,0.008,170.0,170.0,,,,8.4,8.448,0.0,1.159,9.607,9.607,-167.541,11.0,1.318,1.157,0.0,1.0,0.878,False,,,False,True,0.994,True,5.223,13.384,3.688,16.624,0.0,0.0,0.0,0.0,0.0,1.0,6.043,12.508,2.224,-0.411,False,Sustainable,18.8,0.819,386,109,TE109,TE3,-269.3,True,403,False,402,-216,,Boom/Bust
Luke Schoonmaker,TE,DAL,27.0,14.0,Active,3.0,10871,,,143957a7-4649-4a19-b351-e606edc75ebd,00-0038547,0.0,0.0,0.0,0.0,0.0,27.0,241.0,1.0,36.0,0.0,0.0,0.0,0.0,0.0,14.0,132.0,0.0,23.0,0.345,0.058,0.329,0.038,169.9,169.9,472.0,15.0,2 out of 5 stars,31.0,28.86,0.1,3.727,32.588,32.588,-144.56,26.0,3.242,3.814,0.0,0.769,1.176,False,,0.792,False,True,1.332,False,15.506,47.147,10.255,60.116,0.0,0.004,0.039,0.0,0.0,1.0,19.55,43.77,3.856,-0.344,False,Sustainable,25.6,1.115,310,71,TE71,TE2,-145.2,True,371,True,403,-140,,Injury Risk
Brock Wright,TE,DET,27.0,6.0,Active,5.0,7891,,,8f182089-7730-499e-8f2e-87bda32debfb,00-0036754,0.0,0.0,0.0,0.0,0.0,13.0,100.0,2.0,16.0,0.0,0.0,0.0,0.0,0.0,14.0,108.0,2.0,22.0,0.509,0.031,0.576,0.04,169.9,169.9,477.0,15.0,3 out of 5 stars,50.7,29.854,0.924,3.708,33.562,33.562,-143.586,19.0,3.779,3.593,0.0,0.579,0.951,False,,,False,True,1.077,False,17.999,47.086,12.745,58.932,0.0,0.002,0.036,0.0,0.0,1.0,21.043,44.206,4.328,-0.105,False,Sustainable,26.1,1.136,304,66,TE66,TE2,-165.1,True,368,True,404,-134,,Boom/Bust
Tanner McKee,QB,PHI,26.0,10.0,Active,3.0,9230,,,93147c90-09c8-471d-a6b2-0b9d19739ba1,00-0038400,323.0,4.0,-1.0,0.0,5.0,0.0,0.0,0.0,0.0,274.0,1.0,8.0,0.0,8.0,0.0,0.0,0.0,0.0,0.66,,0.345,,169.9,169.9,453.0,15.0,5 out of 5 stars,10.3,11.724,0.009,-0.53,11.194,11.194,-313.585,,,,,,,True,,,False,True,1.0,False,4.239,16.215,2.744,22.227,0.0,0.0,0.036,0.0,0.0,1.0,5.073,15.64,,,False,,23.9,1.041,508,52,QB52,QB3,-337.5,True,503,False,405,-338,,unknown
Charlie Kolar,TE,LAC,27.0,7.0,Active,4.0,8127,,,3c048ac9-2c0f-4bf0-9ddc-ce99c9387ac8,00-0038046,0.0,0.0,2.0,0.0,1.0,9.0,131.0,1.0,11.0,0.0,0.0,0.0,0.0,0.0,10.0,142.0,2.0,15.0,0.301,0.024,0.404,0.037,170.0,170.0,476.0,15.0,4 out of 5 stars,49.4,29.127,0.935,3.49,32.616,32.616,-144.531,23.0,2.804,3.817,0.043,0.826,1.361,False,,,True,False,1.541,False,11.906,44.898,7.704,62.062,0.002,0.011,0.046,0.0,0.002,0.998,13.965,43.762,2.771,0.812,True,Sustainable,23.8,1.036,309,70,TE70,TE3,-117.8,True,373,True,406,-139,,Boom/Bust
Adam Randall,RB,BAL,22.0,13.0,Active,0.0,13302,,,4fa0fbdb-05a1-4ca0-89dd-f999978b5827,RAN022436,,,,,,,,,,,,,,,,,,,,,,,170.2,170.2,309.0,13.0,3 out of 5 stars,66.0,38.792,0.91,8.012,46.804,46.804,-166.57,,,,,,,True,174.0,,False,False,1.0,True,15.581,65.171,9.753,90.174,0.001,0.005,0.014,0.0,0.011,0.989,19.635,62.035,,,False,,25.9,1.128,374,80,RB80,RB3,-261.4,True,349,False,407,-204,,unknown
Elijah Mitchell,RB,PHI,28.0,10.0,Active,5.0,7561,,,8ba68abf-e9d2-4927-bf8d-476f271d840c,00-0036567,,,,,,,,,,0.0,0.0,0.0,0.0,0.0,0.0,0.0,0.0,1.0,,,0.1,0.002,170.0,170.0,,,,26.1,26.1,0.0,6.056,32.156,32.156,-181.218,,,,,,,True,,,True,False,1.0,False,11.535,46.99,7.132,66.121,0.0,0.001,0.005,0.0,0.003,0.997,14.584,45.702,,,True,,23.9,1.041,420,94,RB94,RB5,-277.7,True,438,False,408,-250,,unknown
Lucas Krull,TE,DEN,28.0,10.0,Active,4.0,8249,,,767b4820-cc9f-11ec-952e-a10f2c98fc4d,00-0037539,0.0,0.0,0.0,0.0,0.0,19.0,152.0,0.0,23.0,0.0,0.0,0.0,0.0,0.0,2.0,15.0,0.0,4.0,0.358,0.042,0.29,0.007,170.0,170.0,,,,9.0,9.117,0.021,1.207,10.324,10.324,-166.823,12.0,3.142,2.044,0.0,0.667,0.651,False,,,False,True,0.737,False,5.861,14.259,4.185,17.502,0.0,0.0,0.0,0.0,0.0,1.0,6.841,13.413,3.195,-0.203,False,Sustainable,22.0,0.958,376,102,TE102,TE6,-114.6,True,389,False,409,-206,,Boom/Bust
Mo Alie-Cox,TE,IND,32.0,13.0,Active,9.0,4054,2998565.0,30112.0,8809c0dd-786b-4255-a7d0-333c9498c19a,00-0033217,0.0,0.0,0.0,0.0,0.0,12.0,147.0,1.0,22.0,0.0,0.0,0.0,0.0,0.0,13.0,117.0,1.0,20.0,0.438,0.045,0.391,0.038,170.0,170.0,482.0,16.0,3 out of 5 stars,27.0,27.031,0.008,3.383,30.415,30.415,-146.733,23.0,2.757,3.413,0.0,0.826,1.238,False,,0.694,False,True,1.402,False,10.686,46.386,5.976,61.217,0.001,0.007,0.044,0.0,0.001,0.999,18.112,40.374,3.48,-0.723,False,Sustainable,23.4,1.019,322,80,TE80,TE3,-188.5,True,392,True,410,-152,,Injury Risk
Tyson Bagent,QB,CHI,26.0,10.0,Active,3.0,11256,,,9bdeb910-ead2-11ed-999e-03b49558b5db,00-0038416,11.0,0.0,-7.0,0.0,6.0,0.0,0.0,0.0,0.0,47.0,0.0,7.0,0.0,2.0,0.0,0.0,0.0,0.0,0.052,,0.067,,169.9,169.9,,,,11.4,12.455,0.015,-0.012,12.443,12.443,-312.336,,,,,,,True,,,False,True,1.0,False,5.445,18.092,3.578,23.754,0.0,0.0,0.037,0.0,0.0,1.0,6.409,17.185,,,False,,24.6,1.071,499,43,QB43,QB2,-303.4,True,504,False,411,-329,,unknown
Will Howard,QB,PIT,24.0,9.0,Active,1.0,12511,,,b8a1b579-3a7e-4858-960b-fbfaca8de613,00-0040203,,,,,,,,,,,,,,,,,,,,,,,169.9,169.9,460.0,15.0,2 out of 5 stars,6.7,7.928,0.0,-0.514,7.414,7.414,-317.366,,,,,,,True,,,False,False,1.0,True,2.817,10.775,1.824,14.587,0.0,0.0,0.009,0.0,0.0,1.0,3.323,10.328,,,False,,21.7,0.945,533,77,QB77,QB4,-229.4,False,512,False,412,-363,,unknown
Devin Singletary,RB,NYG,28.0,8.0,Active,7.0,6130,4040761.0,31906.0,a961b0d4-5d7c-438e-90f0-2e1fa09f6c89,00-0035250,0.0,0.0,437.0,4.0,113.0,21.0,119.0,0.0,24.0,0.0,0.0,437.0,5.0,119.0,18.0,151.0,0.0,19.0,0.389,0.043,0.276,0.038,170.1,170.1,296.0,12.0,4 out of 5 stars,27.2,27.41,0.005,12.845,40.255,40.255,-173.119,32.0,6.481,6.009,0.031,0.656,0.927,False,,0.879,False,True,1.034,True,25.83,55.463,18.376,66.003,0.0,0.0,0.0,0.0,0.0,1.0,28.645,51.947,6.506,-0.087,False,Sustainable,22.1,0.962,399,87,RB87,RB3,-225.1,True,365,False,413,-229,,Boom/Bust
Kaden Wetjen,WR,PIT,24.0,9.0,Active,0.0,13491,,,8c064b55-5583-4ffb-8a10-0146c01e8ce0,WET055619,,,,,,,,,,,,,,,,,,,,,,,170.0,170.0,,,,5.6,5.732,0.029,0.86,6.592,6.592,-207.781,,,,,,,True,121.0,,False,False,1.0,True,3.737,8.627,2.568,10.349,0.0,0.0,0.0,0.0,0.0,1.0,4.363,7.87,,,False,,21.7,0.945,473,179,WR179,WR5,-203.3,False,486,False,414,-303,,unknown
Quinn Ewers,QB,MIA,23.0,6.0,Active,1.0,12500,,,d89f0384-21a6-44e4-8aa6-324cb2103bf6,00-0040234,,,,,,,,,,622.0,3.0,19.0,0.0,8.0,1.0,-6.0,0.0,1.0,,,0.79,,169.9,169.9,479.0,15.0,3 out of 5 stars,11.5,10.161,0.352,-1.379,8.783,8.783,-315.997,,,,,,,True,,,False,True,1.0,True,3.326,12.805,2.138,17.673,0.0,0.0,0.015,0.0,0.0,1.0,3.988,12.406,,,False,,19.3,0.84,531,75,QB75,QB2,-217.2,False,517,False,415,-361,,unknown
Cade Klubnik,QB,NYJ,22.0,13.0,Active,0.0,13303,,,3a62187b-d6b6-43fb-82c9-efabd8a6c0e0,KLU066027,,,,,,,,,,,,,,,,,,,,,,,169.9,169.9,483.0,16.0,4 out of 5 stars,9.4,9.846,0.004,-0.885,8.962,8.962,-315.818,,,,,,,True,110.0,,False,False,1.0,False,3.236,12.433,2.052,16.936,0.0,0.0,0.015,0.0,0.0,1.0,3.828,11.894,,,False,,18.7,0.814,529,73,QB73,QB2,-232.1,False,518,False,416,-359,,unknown
Jalen Milroe,QB,SEA,23.0,11.0,Active,1.0,12510,,,b0eb5b67-4ef2-462d-bfe7-e73bcce1f6b0,00-0040673,,,,,,,,,,0.0,0.0,4.0,0.0,3.0,0.0,0.0,0.0,0.0,,,0.02,,169.9,169.9,,,,9.0,11.0,0.0,0.274,11.274,11.274,-313.506,,,,,,,True,,,False,True,1.0,False,4.326,16.352,2.76,22.44,0.0,0.0,0.035,0.0,0.0,1.0,5.081,15.797,,,False,,24.7,1.076,507,51,QB51,QB2,-262.0,True,511,False,417,-337,,unknown
Xavier Smith,WR,LAR,28.0,11.0,Active,3.0,11168,,,98b88de0-e8e5-11ed-ad77-290d92d9e505,00-0038359,0.0,0.0,36.0,0.0,4.0,2.0,6.0,0.0,2.0,0.0,0.0,0.0,0.0,0.0,18.0,303.0,0.0,24.0,0.035,0.004,0.214,0.041,169.9,169.9,426.0,15.0,1 out of 5 stars,19.9,19.913,0.017,31.469,51.382,51.382,-162.991,30.0,1.817,3.074,0.0,0.9,1.692,False,,0.855,False,True,1.833,False,28.396,71.118,20.244,88.516,0.0,0.0,0.001,0.0,0.001,0.999,32.229,66.918,3.833,0.359,False,Sustainable,26.3,1.145,366,129,WR129,WR4,-310.6,True,404,False,418,-196,,Boom/Bust
Drew Allar,QB,PIT,22.0,9.0,Active,0.0,13289,,,0667d256-9f37-4b21-b1c9-fb105aaf97a2,ALL015451,,,,,,,,,,,,,,,,,,,,,,,169.9,169.9,,,,8.8,10.84,0.0,-0.484,10.356,10.356,-314.423,,,,,,,True,76.0,,False,False,1.0,True,3.657,13.9,2.342,19.076,0.0,0.0,0.02,0.0,0.0,1.0,4.299,13.34,,,False,,21.7,0.945,519,63,QB63,QB3,-226.5,False,524,False,419,-349,,unknown
Durham Smythe,TE,BAL,30.0,13.0,Active,8.0,5008,3052897.0,31093.0,7e42a22a-c47b-4387-aeeb-2cc2e76dc1d8,00-0034798,0.0,0.0,0.0,0.0,0.0,9.0,53.0,0.0,17.0,0.0,0.0,0.0,0.0,0.0,4.0,25.0,0.0,6.0,0.322,0.03,0.254,0.011,170.0,170.0,467.0,15.0,4 out of 5 stars,23.5,23.364,0.01,3.073,26.437,26.437,-150.71,21.0,0.99,0.823,0.0,1.0,0.831,False,,0.729,True,False,0.941,True,8.804,37.919,5.228,51.049,0.001,0.004,0.025,0.0,0.001,0.999,13.212,34.417,2.319,-1.061,True,Buy-low,25.9,1.128,333,86,TE86,TE2,-145.4,True,393,True,420,-163,,Injury Risk
Riley Leonard,QB,IND,23.0,13.0,Active,1.0,12470,,,38b62d7f-4403-4e2b-8083-4d0cd08e81aa,00-0040206,,,,,,,,,,415.0,2.0,27.0,2.0,6.0,0.0,-3.0,0.0,0.0,,,0.394,,170.0,170.0,441.0,15.0,4 out of 5 stars,48.0,25.315,1.313,0.198,25.513,25.513,-299.266,,,,,,,True,,,False,True,1.0,False,12.265,36.378,8.141,46.629,0.0,0.0,0.242,0.0,0.0,1.0,14.502,33.985,,,False,,23.4,1.019,494,38,QB38,QB2,-246.4,True,490,False,421,-324,,unknown
Jackson Hawes,TE,BUF,25.0,7.0,Active,1.0,12658,,,87304bcd-83f1-4e59-b9cb-6474f7e0dc01,00-0040194,,,,,,,,,,0.0,0.0,0.0,0.0,0.0,16.0,187.0,3.0,19.0,,,0.439,0.04,170.0,170.0,485.0,16.0,3 out of 5 stars,30.7,28.537,0.105,3.476,32.012,32.012,-145.135,13.0,4.054,2.627,0.0,0.615,0.648,False,,,False,True,0.734,True,18.177,44.431,12.663,54.613,0.0,0.001,0.021,0.0,0.0,1.0,21.252,41.309,2.953,1.101,False,TD-lucky,26.3,1.145,315,75,TE75,TE3,-133.3,True,385,True,422,-145,,Boom/Bust
Mack Hollins,WR,NE,32.0,11.0,Active,9.0,4177,2991662.0,30231.0,93cb5790-1012-4c42-bccb-5748c27ba7d6,00-0033555,0.0,0.0,0.0,0.0,0.0,31.0,378.0,5.0,50.0,0.0,0.0,4.0,0.0,1.0,46.0,550.0,2.0,65.0,0.666,0.101,0.677,0.135,169.9,169.9,269.0,12.0,2 out of 5 stars,28.0,27.994,0.004,4.108,32.101,32.101,-182.271,31.0,6.845,4.862,0.0,0.516,0.71,False,,0.767,False,True,0.769,False,16.842,45.054,10.605,52.559,0.0,0.0,0.0,0.0,0.0,1.0,25.368,37.252,6.999,0.387,False,Sustainable,23.6,1.028,423,148,WR148,WR5,-237.7,True,375,False,423,-253,,Injury Risk
Tommy DeVito,QB,NE,27.0,11.0,Active,3.0,11292,,,a1ae8db0-eb91-11ed-a4cb-cd397e2b413c,00-0038476,257.0,0.0,32.0,0.0,8.0,0.0,0.0,0.0,0.0,,,,,,,,,,0.487,,,,169.9,169.9,,,,10.6,12.353,0.022,-3.432,8.921,8.921,-315.858,,,,,,,True,,,False,False,1.0,False,3.392,12.993,2.192,17.913,0.0,0.0,0.016,0.0,0.0,1.0,4.028,12.572,,,False,,23.6,1.028,530,74,QB74,QB3,-323.3,True,533,False,424,-360,,unknown
Barion Brown,WR,NO,22.0,8.0,Active,0.0,13533,,,6b60ad35-8051-4253-8f8d-29279a213352,BRO268113,,,,,,,,,,,,,,,,,,,,,,,170.0,170.0,,,,0.0,0.0,0.0,0.0,0.0,0.0,-214.373,,,,,,,True,190.0,,False,False,1.0,False,0.0,0.0,0.0,0.0,0.0,0.0,0.0,0.0,0.0,1.0,0.0,0.0,,,False,,21.6,0.941,487,187,WR187,WR7,-260.4,True,500,False,425,-317,,unknown
Seth McGowan,RB,IND,24.0,13.0,Active,0.0,13424,,,17deebdc-0ec2-4f3f-9584-d21b01743265,MCG547540,,,,,,,,,,,,,,,,,,,,,,,170.2,170.2,277.0,12.0,4 out of 5 stars,23.2,18.432,0.39,3.733,22.166,22.166,-191.208,,,,,,,True,237.0,,False,False,1.0,False,7.429,30.717,4.578,42.915,0.0,0.0,0.001,0.0,0.0,1.0,9.365,29.867,,,False,,23.4,1.019,439,104,RB104,RB3,-328.8,True,396,False,426,-269,,unknown
Kyle Allen,QB,BUF,30.0,7.0,Active,8.0,5127,3115293.0,31301.0,d2023f5b-f73b-43ad-a816-f10dadfdfaed,00-0034577,19.0,0.0,0.0,0.0,0.0,0.0,0.0,0.0,0.0,0.0,0.0,-3.0,0.0,3.0,0.0,0.0,0.0,0.0,0.03,,0.083,,169.9,169.9,,,,9.1,10.151,0.016,-0.613,9.538,9.538,-315.241,,,,,,,True,,,True,False,1.0,True,3.601,13.915,2.32,19.138,0.0,0.0,0.021,0.0,0.0,1.0,4.311,13.552,,,True,,26.3,1.145,524,68,QB68,QB3,-410.8,True,528,False,427,-354,,unknown
Josh Cameron,WR,JAX,23.0,7.0,Active,0.0,13394,,,29f6ab49-33a9-4fc8-838f-fc41e248829d,CAM108646,,,,,,,,,,,,,,,,,,,,,,,170.0,170.0,,,,0.0,0.0,0.0,0.0,0.0,0.0,-214.373,,,,,,,True,191.0,,False,False,1.0,False,0.0,0.0,0.0,0.0,0.0,0.0,0.0,0.0,0.0,1.0,0.0,0.0,,,False,,23.6,1.028,487,187,WR187,WR5,-222.2,True,500,False,428,-317,,unknown
Devin Neal,RB,NO,22.0,8.0,Active,1.0,12476,,,4ef874c1-50c3-4120-9199-0d5a4ae7c6dd,00-0040202,,,,,,,,,,0.0,0.0,206.0,2.0,57.0,17.0,104.0,0.0,19.0,,,0.4,0.034,170.0,170.0,254.0,12.0,3 out of 5 stars,19.2,19.2,0.0,7.313,26.513,26.513,-186.862,9.0,6.667,5.269,0.0,0.444,0.79,False,,,False,True,0.881,False,13.585,37.774,8.704,46.402,0.0,0.0,0.0,0.0,0.0,1.0,17.339,34.051,6.143,0.523,False,Sustainable,21.6,0.941,435,101,RB101,RB6,-235.5,True,379,False,429,-265,,Boom/Bust
Odell Beckham,WR,NYG,33.0,8.0,Active,12.0,2078,16733.0,27540.0,354dec38-b88b-4ba0-8974-859123f27c45,00-0031235,0.0,0.0,0.0,0.0,0.0,9.0,55.0,0.0,19.0,,,,,,,,,,0.202,0.033,,,169.3,169.3,,,,37.7,37.789,0.007,4.7,42.488,42.488,-171.884,8.0,1.812,1.827,0.0,1.0,1.008,False,,0.676,False,False,1.092,True,15.995,65.918,8.867,80.297,0.0,0.0,0.0,0.0,0.0,1.0,32.646,49.659,4.301,-2.489,False,Buy-low,22.1,0.962,396,137,WR137,WR5,-202.9,True,416,False,430,-227,,Injury Risk
Drew Ogletree,TE,IND,28.0,13.0,Active,4.0,8489,,,59f460a8-b5af-40e6-840c-429762b278b3,00-0037292,0.0,0.0,0.0,0.0,0.0,9.0,109.0,1.0,14.0,0.0,0.0,0.0,0.0,0.0,4.0,27.0,1.0,6.0,0.402,0.028,0.237,0.011,170.0,170.0,,,,8.7,8.823,0.036,1.135,9.958,9.958,-167.189,23.0,1.678,2.554,0.0,0.87,1.522,False,,,False,True,1.724,False,4.781,14.157,3.331,18.193,0.0,0.0,0.0,0.0,0.0,1.0,5.569,13.49,2.444,0.129,False,Sustainable,23.4,1.019,380,105,TE105,TE4,-209.0,True,394,False,431,-210,,Boom/Bust
Luke Farrell,TE,SF,28.0,8.0,Active,5.0,7842,,,8a1f0e8e-6521-4a94-9934-ad4f76a25fd9,00-0036887,0.0,0.0,0.0,0.0,0.0,12.0,67.0,0.0,17.0,0.0,0.0,0.0,0.0,0.0,11.0,85.0,2.0,14.0,0.376,0.033,0.347,0.025,170.0,170.0,,,,10.2,10.181,0.006,1.32,11.501,11.501,-165.646,25.0,2.008,2.607,0.0,0.92,1.298,False,,,False,True,1.47,False,5.793,16.206,3.998,20.747,0.0,0.0,0.0,0.0,0.0,1.0,6.739,15.38,2.581,-0.233,False,Sustainable,25.0,1.089,371,99,TE99,TE3,-178.1,True,378,False,432,-201,,Boom/Bust
Jerome Ford,RB,WAS,26.0,7.0,Active,4.0,8143,,,cdc61676-6592-43f9-a4a6-d29ce52ac8f4,00-0037267,0.0,0.0,565.0,3.0,104.0,37.0,225.0,0.0,43.0,0.0,0.0,73.0,0.0,24.0,26.0,103.0,0.0,32.0,0.54,0.068,0.305,0.061,170.0,170.0,291.0,12.0,4 out of 5 stars,19.1,19.05,0.0,17.817,36.867,36.867,-176.508,27.0,6.578,6.32,0.037,0.556,0.961,False,,0.837,True,False,1.071,False,13.236,45.716,8.415,61.529,0.0,0.0,0.003,0.0,0.001,0.999,15.97,43.717,6.511,0.066,True,Sustainable,23.3,1.015,407,89,RB89,RB3,-141.0,False,370,False,433,-237,,Injury Risk
Chris Collier,RB,LV,26.0,13.0,Active,2.0,11963,,,7fcfe130-06fc-11ef-9592-67ed152bdb91,00-0039244,0.0,0.0,12.0,0.0,5.0,1.0,-4.0,0.0,2.0,,,,,,,,,,0.042,0.003,,,170.0,170.0,,,,0.0,0.0,0.0,5.72,5.72,5.72,-207.654,,,,,,,True,,,False,False,1.0,True,2.019,8.382,1.25,11.803,0.0,0.0,0.0,0.0,0.0,1.0,2.547,8.131,,,False,,19.5,0.849,472,114,RB114,RB4,-318.3,False,485,False,434,-302,,unknown
Roschon Johnson,RB,CHI,25.0,10.0,Active,3.0,10235,,,e3c414c0-be8c-4807-af9c-f91d89c83e60,00-0039021,0.0,0.0,150.0,6.0,55.0,16.0,104.0,0.0,20.0,0.0,0.0,17.0,0.0,2.0,0.0,0.0,0.0,0.0,0.281,0.038,0.009,0.0,169.9,169.9,447.0,15.0,2 out of 5 stars,34.3,34.3,0.0,6.82,41.12,41.12,-172.255,19.0,4.163,4.646,0.0,0.632,1.116,False,,0.753,False,True,1.245,False,16.85,61.434,10.182,79.068,0.0,0.0,0.003,0.0,0.001,0.999,25.517,54.577,5.502,0.148,False,Sustainable,24.6,1.071,397,86,RB86,RB3,-204.3,True,434,False,435,-227,,Injury Risk
Brevyn Spann-Ford,TE,DAL,26.0,14.0,Active,2.0,11593,,,efc8d800-072b-11ef-892f-5b772aae3c25,00-0039530,0.0,0.0,0.0,0.0,0.0,9.0,88.0,0.0,14.0,0.0,0.0,0.0,0.0,0.0,9.0,90.0,1.0,13.0,0.255,0.023,0.249,0.021,170.0,170.0,,,,9.5,9.481,0.016,1.22,10.702,10.702,-166.446,27.0,1.548,2.382,0.0,0.815,1.538,False,,0.817,False,True,1.742,False,5.005,15.281,3.362,19.779,0.0,0.0,0.0,0.0,0.0,1.0,5.998,14.427,2.924,-0.311,False,Sustainable,25.6,1.115,373,100,TE100,TE3,-167.1,True,384,False,436,-203,,Injury Risk
Jack Stoll,TE,CLE,28.0,11.0,Active,5.0,7946,,,0560d134-d316-4cda-9d48-34d32267af68,00-0036741,0.0,0.0,0.0,0.0,0.0,2.0,10.0,0.0,3.0,0.0,0.0,0.0,0.0,0.0,6.0,46.0,1.0,11.0,0.283,0.007,0.209,0.019,170.0,170.0,,,,0.0,0.0,0.0,0.0,0.0,0.0,-177.148,14.0,1.4,2.627,0.0,0.929,1.876,False,,,True,False,2.125,True,0.0,0.0,0.0,0.0,0.0,0.0,0.0,0.0,0.0,1.0,0.0,0.0,2.01,-0.05,True,Sustainable,18.9,0.823,409,113,TE113,TE4,-204.0,False,427,False,437,-239,,Boom/Bust
Eric Saubert,TE,SEA,32.0,11.0,Active,9.0,4189,2975863.0,30287.0,582dc00e-e7ec-4ca7-bff0-f7b1d604017b,00-0033576,0.0,0.0,0.0,0.0,0.0,11.0,97.0,1.0,14.0,0.0,0.0,0.0,0.0,0.0,4.0,31.0,0.0,7.0,0.338,0.027,0.395,0.015,170.0,170.0,,,,8.6,8.64,0.0,1.083,9.723,9.723,-167.425,21.0,1.61,2.352,0.0,0.81,1.461,False,,,False,True,1.655,False,4.754,13.841,3.244,17.887,0.0,0.0,0.0,0.0,0.0,1.0,5.516,13.171,3.221,-0.598,False,Sustainable,24.7,1.076,384,107,TE107,TE4,-133.8,True,401,False,438,-214,,Boom/Bust
Audric Estime,RB,NO,22.0,8.0,Active,2.0,11579,,,3b86dd7c-0b21-448d-a662-5675e87fd0da,00-0039373,0.0,0.0,310.0,2.0,76.0,5.0,27.0,0.0,5.0,0.0,0.0,198.0,1.0,46.0,12.0,103.0,0.0,13.0,0.166,0.009,0.393,0.023,170.0,170.0,319.0,13.0,3 out of 5 stars,23.6,23.6,0.0,5.51,29.11,29.11,-184.264,18.0,5.489,4.932,0.0,0.667,0.899,False,,,False,True,1.002,False,15.06,41.573,9.508,51.744,0.0,0.0,0.0,0.0,0.0,1.0,18.85,37.724,5.384,-0.006,False,Sustainable,21.6,0.941,428,97,RB97,RB5,-232.9,True,409,False,439,-258,,Boom/Bust
Isaiah Bond,WR,CLE,22.0,11.0,Active,1.0,12503,,,6ceb1330-795d-11f0-aadf-fbc926339e02,00-0040782,,,,,,,,,,0.0,0.0,29.0,0.0,5.0,18.0,338.0,0.0,44.0,,,0.481,0.084,170.0,170.0,313.0,13.0,3 out of 5 stars,18.5,18.38,0.022,2.958,21.338,21.338,-193.035,15.0,3.647,3.206,0.0,0.8,0.879,False,,0.849,False,True,0.952,True,14.192,29.22,10.035,34.189,0.0,0.0,0.0,0.0,0.0,1.0,16.308,26.673,4.857,-1.351,False,Buy-low,18.9,0.823,444,158,WR158,WR5,-153.2,False,419,False,440,-274,,Injury Risk
Derius Davis,WR,LAC,25.0,7.0,Active,3.0,10234,,,21bf2521-3382-4e62-8249-a083435595b3,00-0038573,0.0,0.0,39.0,0.0,12.0,13.0,112.0,2.0,17.0,0.0,0.0,5.0,0.0,2.0,2.0,10.0,0.0,3.0,0.154,0.035,0.111,0.006,170.0,170.0,,,,10.2,10.315,0.039,36.805,47.12,47.12,-167.252,26.0,1.677,2.877,0.0,0.923,1.715,False,,0.842,False,True,1.858,False,25.559,66.056,17.638,81.865,0.0,0.0,0.0,0.0,0.0,1.0,29.582,62.261,2.453,0.176,False,Sustainable,23.8,1.036,381,133,WR133,WR4,-188.4,True,395,False,441,-211,,Injury Risk
Jarrett Stidham,QB,DEN,29.0,10.0,Active,7.0,6136,3892775.0,31965.0,582fe465-135a-4901-beef-60aebce99067,00-0035264,0.0,0.0,5.0,0.0,4.0,0.0,0.0,0.0,0.0,0.0,0.0,-1.0,0.0,1.0,0.0,0.0,0.0,0.0,0.067,,0.06,,170.0,170.0,,,,11.2,12.826,0.003,-1.289,11.537,11.537,-313.242,,,,,,,True,,,False,True,1.0,False,4.651,16.768,2.955,22.853,0.0,0.0,0.034,0.0,0.0,1.0,5.521,16.105,,,False,,22.0,0.958,503,47,QB47,QB2,-335.9,True,508,False,442,-333,,unknown
Darius Cooper,WR,PHI,24.0,10.0,Active,1.0,13150,,,2aa4ddb0-2775-11f0-9d31-3b5afe6c6d5f,00-0040024,,,,,,,,,,0.0,0.0,0.0,0.0,0.0,9.0,92.0,0.0,11.0,,,0.258,0.024,170.0,170.0,,,,8.5,8.645,0.038,1.049,9.695,9.695,-204.678,,,,,,,True,,,False,True,1.0,False,5.798,13.269,4.143,16.008,0.0,0.0,0.0,0.0,0.0,1.0,6.761,12.264,,,False,,23.9,1.041,465,172,WR172,WR6,-242.3,True,477,False,443,-295,,unknown
Shedeur Sanders,QB,CLE,24.0,11.0,Active,1.0,12524,,,270e09bc-8bf8-44b0-87ed-1fd014de4ab7,00-0040668,,,,,,,,,,1400.0,7.0,169.0,1.0,21.0,0.0,0.0,0.0,0.0,,,0.916,,169.5,169.5,298.0,12.0,4 out of 5 stars,108.9,113.406,0.077,-15.667,97.739,97.739,-227.04,8.0,12.612,11.717,0.125,0.5,0.929,False,,,False,True,1.505,True,62.894,135.806,41.838,159.332,0.0,0.041,0.886,0.0,0.0,1.0,73.237,122.576,9.895,0.863,False,Sustainable,18.9,0.823,490,34,QB34,QB2,-16.9,False,440,False,444,-320,,Boom/Bust
Behren Morton,QB,NE,24.0,11.0,Active,0.0,13295,,,0fe9c501-799c-45f7-a48f-2b4d9d6e9452,MOR767384,,,,,,,,,,,,,,,,,,,,,,,170.0,170.0,,,,9.8,11.84,0.0,-0.361,11.479,11.479,-313.3,,,,,,,True,234.0,,False,False,1.0,False,4.352,15.807,2.796,21.645,0.0,0.0,0.029,0.0,0.0,1.0,5.105,15.22,,,False,,23.6,1.028,504,48,QB48,QB2,-320.7,True,509,False,445,-334,,unknown
Anthony Gould,WR,IND,25.0,13.0,Active,2.0,11762,,,f1f3f15f-f4a5-4d6e-b075-95f4815a384e,00-0039816,0.0,0.0,0.0,0.0,0.0,1.0,23.0,0.0,1.0,0.0,0.0,0.0,0.0,0.0,2.0,6.0,0.0,2.0,0.035,0.002,0.087,0.004,170.0,170.0,,,,16.3,16.139,0.01,30.503,46.642,46.642,-167.731,19.0,0.311,0.831,0.0,1.0,2.677,False,,,False,True,2.899,False,24.222,65.665,16.914,82.94,0.0,0.0,0.0,0.0,0.0,1.0,28.494,62.068,,,False,,23.4,1.019,387,135,WR135,WR5,-170.9,True,404,False,446,-217,,Boom/Bust
Jake Browning,QB,TB,30.0,10.0,Active,7.0,6111,3886812.0,32138.0,f2f29019-7306-4b1c-a9d8-e9f802cb06e0,00-0035100,0.0,0.0,-2.0,0.0,2.0,0.0,0.0,0.0,0.0,771.0,6.0,39.0,1.0,9.0,0.0,0.0,0.0,0.0,0.027,,0.734,,170.0,170.0,,,,11.2,12.091,0.009,-0.985,11.106,11.106,-313.673,,,,,,,True,,,True,False,1.0,False,4.272,16.188,2.648,22.276,0.0,0.0,0.034,0.0,0.0,1.0,4.996,15.672,,,True,,23.3,1.015,509,53,QB53,QB2,-288.0,True,513,False,447,-339,,unknown
Myles Price,WR,MIN,24.0,6.0,Active,1.0,13075,,,c17f53c0-25de-11f0-b2c4-1fd68bf02b2c,00-0040506,,,,,,,,,,0.0,0.0,0.0,0.0,0.0,0.0,0.0,0.0,0.0,,,0.018,0.0,170.0,170.0,,,,0.0,0.0,0.0,44.48,44.48,44.48,-169.893,16.0,0.0,0.0,0.0,1.0,,False,,0.861,False,True,1.0,False,27.853,60.066,20.03,71.967,0.0,0.0,0.0,0.0,0.0,1.0,30.845,56.192,,,False,,22.6,0.984,390,136,WR136,WR4,-254.6,True,410,False,448,-220,,unknown
Garrett Nussmeier,QB,KC,24.0,5.0,Active,0.0,13404,,,9fc8bed4-d9db-46a2-a75f-737881d23aa7,NUS440041,,,,,,,,,,,,,,,,,,,,,,,170.0,170.0,,,,9.2,11.24,0.0,-0.539,10.701,10.701,-314.078,,,,,,,True,249.0,,False,False,1.0,False,3.856,14.752,2.469,20.319,0.0,0.0,0.027,0.0,0.0,1.0,4.623,14.341,,,False,,23.8,1.036,513,57,QB57,QB3,-320.0,True,519,False,449,-343,,unknown
Cole Payton,QB,PHI,23.0,10.0,Active,0.0,13335,,,f6d960ab-1601-417a-8a35-39e3a75c29a5,PAY546690,,,,,,,,,,,,,,,,,,,,,,,170.0,170.0,,,,9.2,11.2,0.0,-0.317,10.883,10.883,-313.896,,,,,,,True,178.0,,False,False,1.0,False,3.951,15.052,2.513,20.766,0.0,0.0,0.027,0.0,0.0,1.0,4.639,14.573,,,False,,23.9,1.041,512,56,QB56,QB4,-337.9,True,516,False,450,-342,,unknown
Tyler Conklin,TE,DET,30.0,6.0,Active,8.0,5133,3122920.0,31220.0,f0d17dfa-ebf3-416c-a8d2-c6bc30675103,00-0034270,0.0,0.0,0.0,0.0,1.0,51.0,449.0,4.0,72.0,0.0,0.0,2.0,0.0,1.0,7.0,101.0,0.0,10.0,0.801,0.122,0.192,0.018,170.0,170.0,,,,8.9,9.099,0.034,1.143,10.242,10.242,-166.905,22.0,6.236,5.35,0.045,0.455,0.858,False,,0.771,True,False,0.971,False,3.84,14.118,2.404,19.179,0.0,0.0,0.0,0.0,0.0,1.0,5.071,13.294,6.343,-0.015,True,Sustainable,26.1,1.136,377,103,TE103,TE3,-188.4,True,391,False,451,-207,,Injury Risk
Adrian Martinez,QB,SF,26.0,8.0,Active,3.0,11065,,,e95a83c0-e6f6-11ed-88d6-7977d3a68019,00-0038658,,,,,,,,,,0.0,0.0,-1.0,0.0,1.0,0.0,0.0,0.0,0.0,,,,,170.0,170.0,,,,9.3,11.26,0.0,-0.338,10.922,10.922,-313.857,,,,,,,True,,,False,True,1.0,False,4.153,15.965,2.669,21.96,0.0,0.0,0.031,0.0,0.0,1.0,4.897,15.475,,,False,,25.0,1.089,511,55,QB55,QB2,-327.4,True,515,False,452,-341,,unknown
Kyle Williams,WR,NE,23.0,11.0,Active,1.0,12547,,,3aa9330e-5201-4e99-ba55-0102f76bfe05,00-0040131,,,,,,,,,,0.0,0.0,3.0,0.0,2.0,10.0,209.0,3.0,21.0,,,0.308,0.044,169.9,169.9,275.0,12.0,2 out of 5 stars,22.0,22.178,0.014,8.701,30.878,30.878,-183.495,14.0,3.514,5.075,0.0,0.786,1.444,False,,0.838,False,True,1.564,False,17.022,43.196,11.892,53.17,0.0,0.0,0.0,0.0,0.0,1.0,20.01,40.073,2.914,0.374,False,Sustainable,23.6,1.028,425,150,WR150,WR6,-238.9,True,382,False,453,-255,,Injury Risk
Chris Manhertz,TE,NYG,34.0,8.0,Active,11.0,3048,2531358.0,28365.0,7c7b5515-7786-4e24-9ce0-34e6a8bd5727,00-0031484,0.0,0.0,0.0,0.0,0.0,3.0,30.0,1.0,4.0,0.0,0.0,0.0,0.0,0.0,1.0,7.0,0.0,2.0,0.308,0.007,0.178,0.004,170.0,170.0,,,,4.1,4.132,0.038,0.558,4.69,4.69,-172.458,12.0,1.142,2.147,0.0,0.917,1.88,False,,,False,True,2.129,True,2.165,6.652,1.485,8.782,0.0,0.0,0.0,0.0,0.0,1.0,2.501,6.372,,,False,,22.1,0.962,398,112,TE112,TE4,-164.9,True,418,False,454,-228,,Boom/Bust
Brady Cook,QB,NYJ,24.0,13.0,Active,1.0,12538,,,4916c770-2501-11f0-aed8-c154e65d4269,00-0040398,,,,,,,,,,739.0,2.0,49.0,0.0,13.0,0.0,0.0,0.0,0.0,,,0.98,,170.0,170.0,,,,5.0,5.45,0.0,-0.678,4.772,4.772,-320.007,,,,,,,True,,,False,True,1.0,False,1.8,6.944,1.15,9.59,0.0,0.0,0.001,0.0,0.0,1.0,2.161,6.761,,,False,,18.7,0.814,534,78,QB78,QB3,-236.3,False,534,False,455,-364,,unknown
Michael Bandy,WR,DEN,28.0,10.0,Active,5.0,8076,,,ec7af934-a7f3-40f5-9fc0-210022dd6180,00-0036959,,,,,,,,,,0.0,0.0,0.0,0.0,0.0,4.0,50.0,1.0,4.0,,,0.062,0.007,170.0,170.0,,,,0.0,0.0,0.0,1.45,1.45,1.45,-212.923,,,,,,,True,,,False,True,1.0,False,0.865,1.996,0.598,2.392,0.0,0.0,0.0,0.0,0.0,1.0,1.009,1.833,,,False,,22.0,0.958,484,186,WR186,WR6,-223.3,True,499,False,456,-314,,unknown
Shane Buechele,QB,BUF,28.0,7.0,Active,5.0,8002,,,d7c63db7-dfe8-4cd6-a684-90342d12fa26,00-0036679,,,,,,,,,,88.0,0.0,4.0,0.0,1.0,0.0,0.0,0.0,0.0,,,0.45,,170.0,170.0,,,,12.0,14.0,0.0,-3.421,10.579,10.579,-314.2,,,,,,,True,,,True,False,1.0,True,4.029,15.337,2.61,21.107,0.0,0.0,0.03,0.0,0.0,1.0,4.784,14.822,,,False,,26.3,1.145,516,60,QB60,QB2,-409.8,True,522,False,457,-346,,unknown
Teddy Bridgewater,QB,DET,33.0,6.0,Active,12.0,2152,16728.0,27560.0,d4cb52a9-f6b4-42ed-b40b-27bff5f1eea7,00-0031237,,,,,,,,,,62.0,0.0,4.0,0.0,3.0,0.0,0.0,0.0,0.0,,,0.122,,170.0,170.0,,,,11.0,11.863,0.02,-1.447,10.417,10.417,-314.363,,,,,,,True,,,True,False,1.0,False,3.944,15.249,2.504,20.999,0.0,0.0,0.027,0.0,0.0,1.0,4.647,14.694,,,True,,26.1,1.136,518,62,QB62,QB2,-306.1,True,523,False,458,-348,,unknown
Chris Oladokun,QB,KC,28.0,5.0,Active,4.0,8413,,,7078cdfc-032b-4f85-8b4b-720f926ba1cb,00-0037324,0.0,0.0,5.0,0.0,1.0,0.0,0.0,0.0,0.0,235.0,1.0,18.0,0.0,5.0,0.0,0.0,0.0,0.0,0.15,,0.747,,170.0,170.0,,,,9.7,11.72,0.0,-2.308,9.412,9.412,-315.367,,,,,,,True,,,False,True,1.0,False,3.621,13.716,2.301,18.931,0.0,0.0,0.02,0.0,0.0,1.0,4.263,13.288,,,False,,23.8,1.036,526,70,QB70,QB4,-321.3,True,530,False,459,-356,,unknown
Josh Williams,RB,TB,25.0,10.0,Active,1.0,12787,,,bfb346f0-2318-11f0-81b8-b7cb2fd8d89b,00-0040429,,,,,,,,,,0.0,0.0,11.0,0.0,4.0,0.0,0.0,0.0,0.0,,,0.043,0.0,170.0,170.0,,,,0.0,0.0,0.0,2.58,2.58,2.58,-210.794,,,,,,,True,,,False,True,1.0,False,0.908,3.752,0.574,5.257,0.0,0.0,0.0,0.0,0.0,1.0,1.149,3.65,,,False,,23.3,1.015,481,116,RB116,RB4,-250.7,True,496,False,460,-311,,unknown
Quintin Morris,TE,JAX,27.0,7.0,Active,5.0,7536,,,eab74cbc-ed11-46b3-bd16-1d4c997adc22,00-0036590,0.0,0.0,0.0,0.0,0.0,5.0,36.0,1.0,8.0,0.0,0.0,0.0,0.0,0.0,6.0,55.0,1.0,9.0,0.202,0.016,0.233,0.016,170.0,170.0,,,,0.0,0.0,0.0,0.0,0.0,0.0,-177.148,21.0,1.529,2.431,0.0,0.857,1.59,False,,,False,True,1.801,False,0.0,0.0,0.0,0.0,0.0,0.0,0.0,0.0,0.0,1.0,0.0,0.0,3.346,-0.136,False,Sustainable,23.6,1.028,409,113,TE113,TE5,-160.1,True,427,False,461,-239,,Boom/Bust
Emanuel Wilson,RB,SEA,27.0,11.0,Active,3.0,11435,,,05266280-f323-11ed-bd27-0bcbcaae8d67,00-0038797,0.0,0.0,502.0,4.0,103.0,11.0,48.0,1.0,14.0,0.0,0.0,496.0,3.0,125.0,15.0,99.0,0.0,17.0,0.234,0.03,0.311,0.037,170.6,170.6,170.0,10.0,4 out of 5 stars,51.2,23.707,1.357,10.54,34.247,34.247,-179.127,34.0,5.544,5.947,0.029,0.647,1.073,False,,0.795,True,False,1.196,False,10.923,43.668,6.654,59.225,0.0,0.0,0.003,0.0,0.001,0.999,14.362,40.951,5.573,-0.011,True,Sustainable,24.7,1.076,416,92,RB92,RB4,-176.5,True,328,False,462,-245,,Injury Risk
Michael Penix,QB,ATL,26.0,11.0,Active,2.0,11559,,,6499a161-b221-4591-b122-d99ece1be64b,00-0039917,775.0,3.0,11.0,1.0,7.0,0.0,0.0,0.0,0.0,1982.0,9.0,70.0,1.0,21.0,0.0,0.0,0.0,0.0,0.664,,0.932,,170.1,170.1,266.0,12.0,4 out of 5 stars,83.5,119.486,0.343,-2.948,116.538,116.538,-208.241,14.0,13.599,9.998,0.214,0.429,0.735,False,,,False,True,1.191,True,78.41,159.225,52.724,183.197,0.001,0.086,0.856,0.0,0.001,0.999,91.634,143.072,13.289,-1.261,False,Sustainable,21.1,0.919,475,32,QB32,QB2,-27.6,True,421,False,463,-305,,Boom/Bust
Johnny Mundt,TE,PHI,31.0,10.0,Active,9.0,4314,3052096.0,30373.0,6414998b-5831-44aa-8bd8-39e42a323c2c,00-0033246,0.0,0.0,0.0,0.0,0.0,19.0,142.0,2.0,27.0,0.0,0.0,0.0,0.0,0.0,9.0,111.0,0.0,19.0,0.403,0.052,0.358,0.035,170.0,170.0,,,,0.0,5.347,2.0,0.688,6.035,6.035,-171.113,26.0,2.512,2.428,0.0,0.808,0.967,False,,0.716,True,False,1.095,False,1.881,8.606,1.1,11.956,0.0,0.0,0.0,0.0,0.0,1.0,2.883,7.869,3.323,-0.519,True,Sustainable,23.9,1.041,394,111,TE111,TE4,-171.1,True,414,False,464,-224,,Injury Risk
Dameon Pierce,RB,PHI,26.0,10.0,Active,4.0,8129,,,5d4ef6da-a6b5-4d9c-adc0-28dfdbe9315e,00-0037258,0.0,0.0,293.0,2.0,40.0,2.0,2.0,0.0,4.0,0.0,0.0,36.0,0.0,14.0,0.0,0.0,0.0,1.0,0.164,0.007,0.084,0.002,170.0,170.0,384.0,14.0,4 out of 5 stars,22.1,22.1,0.0,14.716,36.816,36.816,-176.558,15.0,3.14,6.744,0.067,0.867,2.148,False,,0.711,True,False,2.395,False,7.906,47.031,4.361,70.65,0.001,0.003,0.009,0.0,0.007,0.993,12.412,44.875,2.601,0.941,True,Sustainable,23.9,1.041,408,90,RB90,RB4,-273.1,True,420,False,465,-238,,Injury Risk
Konata Mumpfield,WR,LAR,23.0,11.0,Active,1.0,12718,,,ccb6d700-ac74-4f6b-9f86-d1aa74d0c318,00-0040590,,,,,,,,,,0.0,0.0,0.0,0.0,0.0,10.0,92.0,1.0,23.0,,,0.322,0.04,169.9,169.9,323.0,13.0,1 out of 5 stars,29.3,29.345,0.012,3.307,32.652,32.652,-181.721,10.0,2.52,2.909,0.0,0.8,1.154,False,,,False,True,1.25,False,18.899,45.101,13.093,54.686,0.0,0.0,0.0,0.0,0.0,1.0,22.195,41.559,4.482,-1.948,False,Buy-low,26.3,1.145,422,147,WR147,WR5,-329.3,True,406,False,466,-252,,Boom/Bust
Devontez Walker,WR,BAL,25.0,13.0,Active,2.0,11629,,,b5d1ed29-c72a-45ff-ae60-337e13728b2f,00-0039792,0.0,0.0,0.0,0.0,0.0,1.0,21.0,1.0,3.0,0.0,0.0,0.0,0.0,0.0,6.0,136.0,3.0,8.0,0.1,0.007,0.247,0.02,169.9,169.9,430.0,15.0,4 out of 5 stars,35.0,35.118,0.005,3.811,38.929,38.929,-175.444,11.0,4.245,5.952,0.0,0.727,1.402,False,,,False,True,1.518,True,23.959,54.24,16.99,64.821,0.0,0.0,0.0,0.0,0.0,1.0,27.951,49.722,,,False,,25.9,1.128,404,141,WR141,WR5,-214.9,True,432,False,467,-234,,Boom/Bust
Josh Johnson,QB,CIN,40.0,6.0,Active,18.0,260,11394.0,8937.0,73e133bf-d3f7-4fda-bd25-2fde66cb8ee1,00-0026300,17.0,0.0,1.0,0.0,4.0,0.0,0.0,0.0,0.0,372.0,1.0,55.0,1.0,12.0,0.0,0.0,0.0,0.0,0.098,,0.492,,170.0,170.0,,,,0.0,0.0,0.0,0.0,0.0,0.0,-324.779,,,,,,,True,,,True,False,1.0,False,0.0,0.0,0.0,0.0,0.0,0.0,0.0,0.0,0.0,1.0,0.0,0.0,,,True,,26.0,1.132,535,79,QB79,QB3,-352.1,True,535,False,468,-365,,unknown
Tez Johnson,WR,TB,24.0,10.0,Active,1.0,12485,,,ad756d40-39a0-4f5c-bbf5-f31f4c3ee0a6,00-0040237,,,,,,,,,,0.0,0.0,22.0,0.0,7.0,28.0,322.0,5.0,44.0,,,0.471,0.081,169.9,169.9,321.0,13.0,4 out of 5 stars,21.5,21.381,0.006,2.879,24.259,24.259,-190.113,15.0,6.16,6.508,0.067,0.6,1.056,False,,0.849,False,True,1.144,False,14.533,33.265,10.255,40.232,0.0,0.0,0.0,0.0,0.0,1.0,16.649,30.67,5.687,0.473,False,Sustainable,23.3,1.015,438,155,WR155,WR6,-212.2,True,417,False,469,-268,,Injury Risk
KeAndre Lambert-Smith,WR,LAC,24.0,7.0,Active,1.0,12670,,,2f6580d2-6f19-4a03-99e8-4dbd9ebf2a73,00-0040184,,,,,,,,,,0.0,0.0,0.0,0.0,0.0,5.0,51.0,1.0,12.0,,,0.188,0.022,170.0,170.0,,,,26.6,26.701,0.01,11.483,38.184,38.184,-176.188,10.0,1.61,2.84,0.0,0.9,1.764,False,,,False,True,1.911,False,20.172,53.667,13.943,67.317,0.0,0.0,0.0,0.0,0.0,1.0,23.8,50.835,,,False,,23.8,1.036,406,143,WR143,WR5,-197.4,True,426,False,470,-236,,Boom/Bust
Nikko Remigio,WR,KC,26.0,5.0,Active,3.0,11320,,,52b850b0-ec3b-11ed-aeaf-cb0dc6206dc5,00-0038519,0.0,0.0,0.0,0.0,0.0,2.0,48.0,0.0,6.0,0.0,0.0,11.0,0.0,1.0,1.0,21.0,0.0,1.0,0.206,0.01,0.033,0.002,169.9,169.9,,,,0.0,0.0,0.0,35.47,35.47,35.47,-178.903,19.0,0.579,1.678,0.0,0.947,2.899,False,,0.747,False,True,3.139,False,14.599,52.45,8.948,68.149,0.0,0.0,0.0,0.0,0.0,1.0,21.705,46.762,,,False,,23.8,1.036,414,145,WR145,WR5,-243.9,True,433,False,471,-244,,Injury Risk
Isaac Guerendo,RB,SF,26.0,8.0,Active,2.0,11651,,,eac64b21-6e9e-447a-bf18-8a00b5c12871,00-0039363,0.0,0.0,420.0,4.0,84.0,15.0,152.0,0.0,16.0,0.0,0.0,0.0,0.0,0.0,0.0,0.0,0.0,0.0,0.229,0.031,0.0,0.0,170.0,170.0,311.0,13.0,2 out of 5 stars,14.9,14.85,0.0,8.44,23.29,23.29,-190.084,23.0,4.183,7.366,0.043,0.739,1.761,False,,0.77,False,True,1.964,False,9.061,34.508,5.541,46.127,0.0,0.0,0.0,0.0,0.0,1.0,12.752,31.626,5.866,1.534,False,TD-lucky,25.0,1.089,437,103,RB103,RB4,-366.7,True,413,False,472,-267,,Injury Risk
Dylan Laube,RB,LV,26.0,13.0,Active,2.0,11574,,,de5b56bd-33f0-48bc-b1e3-9523bd6bba64,00-0039407,0.0,0.0,0.0,0.0,1.0,0.0,0.0,0.0,0.0,0.0,0.0,9.0,0.0,7.0,3.0,18.0,0.0,4.0,0.004,0.0,0.029,0.008,170.0,170.0,434.0,15.0,2 out of 5 stars,0.0,0.0,0.0,20.38,20.38,20.38,-192.994,23.0,0.248,0.81,0.0,1.0,3.269,False,,0.77,False,True,3.645,True,8.986,30.641,5.452,39.348,0.0,0.0,0.0,0.0,0.0,1.0,12.763,27.533,,,False,,19.5,0.849,443,106,RB106,RB3,-303.6,False,449,False,473,-273,,Injury Risk
Julian Hill,TE,NE,26.0,11.0,Inactive,3.0,11371,,,516da3c0-f016-11ed-a518-572ef5cb73b6,00-0038720,0.0,0.0,0.0,0.0,0.0,12.0,100.0,0.0,19.0,0.0,0.0,0.0,0.0,0.0,15.0,140.0,0.0,20.0,0.479,0.033,0.55,0.043,170.0,170.0,,,,0.0,0.0,0.0,0.0,0.0,0.0,-177.148,25.0,2.04,1.981,0.0,0.76,0.971,False,,0.767,True,False,1.1,False,0.0,0.0,0.0,0.0,0.0,0.0,0.0,0.0,0.0,1.0,0.0,0.0,2.926,-0.621,True,Sustainable,23.6,1.028,409,113,TE113,TE4,-156.8,True,427,False,474,-239,,Injury Risk
Tyler Badie,RB,DEN,26.0,10.0,Active,4.0,8208,,,e62678b9-9816-420f-bf86-398e7fea7063,00-0037085,0.0,0.0,86.0,0.0,11.0,3.0,-2.0,0.0,3.0,0.0,0.0,23.0,0.0,8.0,19.0,141.0,0.0,31.0,0.107,0.005,0.175,0.053,170.1,170.1,443.0,15.0,2 out of 5 stars,27.5,21.81,0.346,12.49,34.3,34.3,-179.075,19.0,2.463,1.91,0.0,0.947,0.776,False,,0.731,False,True,0.865,False,13.9,51.475,8.326,65.544,0.0,0.0,0.001,0.0,0.0,1.0,22.684,44.513,3.136,-0.75,False,Sustainable,22.0,0.958,415,91,RB91,RB4,-162.8,True,443,False,475,-245,,Injury Risk
Demarcus Robinson,WR,SF,31.0,8.0,Active,10.0,3286,3043116.0,29360.0,46b16198-116f-4913-85db-2bc21462bd66,00-0032775,0.0,0.0,0.0,0.0,0.0,31.0,505.0,7.0,64.0,0.0,0.0,6.0,0.0,1.0,22.0,276.0,1.0,35.0,0.817,0.118,0.468,0.064,170.0,170.0,428.0,15.0,2 out of 5 stars,52.9,25.077,1.381,2.743,27.82,27.82,-186.552,31.0,5.797,5.935,0.032,0.613,1.024,False,,0.758,False,True,1.109,False,13.968,39.534,8.66,46.534,0.0,0.0,0.0,0.0,0.0,1.0,21.221,32.573,6.476,-0.202,False,Sustainable,25.0,1.089,434,154,WR154,WR6,-186.7,True,447,False,476,-264,,Injury Risk
Skyy Moore,WR,GB,25.0,11.0,Active,4.0,8168,,,1c8a4510-786c-4bc2-a9e9-e491b688206f,00-0038090,0.0,0.0,0.0,0.0,0.0,0.0,0.0,0.0,3.0,0.0,0.0,11.0,0.0,2.0,5.0,87.0,0.0,7.0,0.203,0.005,0.101,0.013,170.0,170.0,,,,0.0,0.0,0.0,33.55,33.55,33.55,-180.823,20.0,0.74,1.228,0.0,1.0,1.659,False,,0.758,True,False,1.797,False,14.729,49.586,9.092,63.206,0.0,0.0,0.0,0.0,0.0,1.0,21.057,43.815,1.722,-0.464,True,Sustainable,24.7,1.076,419,146,WR146,WR5,-164.4,True,437,False,477,-249,,Injury Risk
Kirk Cousins,QB,LV,37.0,13.0,Active,14.0,1166,14880.0,25812.0,bbd0942c-6f77-4f83-a6d0-66ec6548019e,00-0029604,3508.0,18.0,0.0,0.0,23.0,0.0,0.0,0.0,0.0,1721.0,10.0,7.0,1.0,14.0,0.0,0.0,0.0,0.0,0.977,,0.861,,170.0,170.0,302.0,12.0,1 out of 5 stars,47.2,53.819,0.012,-3.13,50.689,50.689,-274.09,24.0,14.244,11.143,0.167,0.583,0.782,False,,0.752,True,False,1.267,True,19.573,72.809,11.921,95.687,0.0,0.007,0.605,0.0,0.0,1.0,29.213,65.708,12.512,-0.768,True,Sustainable,19.5,0.849,491,35,QB35,QB2,-147.8,False,444,False,478,-321,,Injury Risk
J.J. McCarthy,QB,MIN,23.0,6.0,Active,2.0,11565,,,587cc3c3-aeda-4ac7-8803-a7e4db195534,00-0039923,,,,,,,,,,1632.0,11.0,181.0,4.0,37.0,0.0,0.0,0.0,0.0,,,0.916,,169.8,169.8,320.0,13.0,5 out of 5 stars,23.8,39.765,0.549,-5.037,34.728,34.728,-290.051,10.0,14.938,9.843,0.2,0.5,0.659,False,,,False,True,1.067,False,20.972,47.401,14.208,56.658,0.0,0.0,0.497,0.0,0.0,1.0,24.726,43.442,15.226,-2.288,False,Buy-low,22.6,0.984,492,36,QB36,QB2,-249.9,True,446,False,479,-322,,Boom/Bust
Kameron Johnson,WR,TB,24.0,10.0,Active,2.0,11994,,,94c41960-0712-11ef-b01e-875e1e5d6ffb,00-0039589,0.0,0.0,11.0,0.0,2.0,0.0,0.0,0.0,1.0,0.0,0.0,13.0,0.0,2.0,4.0,64.0,1.0,7.0,0.132,0.002,0.097,0.013,170.0,170.0,,,,1.8,1.835,0.021,29.17,31.005,31.005,-183.367,21.0,0.895,3.568,0.0,0.952,3.985,False,,0.767,False,True,4.317,False,13.522,45.624,8.473,58.641,0.0,0.0,0.0,0.0,0.0,1.0,18.993,41.198,2.435,-0.085,False,Sustainable,23.3,1.015,424,149,WR149,WR5,-205.5,True,442,False,480,-254,,Injury Risk
Riley Nowakowski,TE,PIT,24.0,9.0,Active,0.0,13433,,,d85be8f9-009d-4de5-838d-1cb07e4105cc,NOW373761,,,,,,,,,,,,,,,,,,,,,,,,,,,,8.1,8.4,0.0,1.273,9.673,9.673,-167.475,,,,,,,True,169.0,,False,False,1.0,True,4.215,13.133,2.865,17.215,0.0,0.0,0.0,0.0,0.0,1.0,4.916,12.509,,,False,,21.7,0.945,385,108,TE108,TE4,-134.8,False,402,False,481,,,unknown
Kene Nwangwu,RB,NYJ,28.0,13.0,Active,5.0,7720,,,482c1032-765a-48d3-b46e-b47a809dbee4,00-0036842,0.0,0.0,0.0,0.0,0.0,0.0,0.0,0.0,0.0,0.0,0.0,49.0,0.0,13.0,0.0,0.0,0.0,1.0,0.005,0.0,0.044,0.002,170.0,170.0,,,,0.0,0.0,0.0,15.22,15.22,15.22,-198.154,12.0,0.408,0.993,0.0,1.0,2.432,False,,,False,True,2.712,False,6.652,22.122,4.207,29.279,0.0,0.0,0.0,0.0,0.0,1.0,8.31,20.831,,,False,,18.7,0.814,452,110,RB110,RB4,-273.2,False,464,False,482,-282,,Boom/Bust
Mason Tipton,WR,NO,25.0,8.0,Active,2.0,11895,,,91918b20-0572-11ef-96c1-f73e6ad39631,00-0039623,0.0,0.0,0.0,0.0,0.0,14.0,99.0,0.0,26.0,0.0,0.0,18.0,0.0,4.0,11.0,76.0,0.0,17.0,0.491,0.05,0.302,0.03,170.0,170.0,,,,11.1,11.276,0.044,9.722,20.998,20.998,-193.374,17.0,2.606,3.155,0.0,0.824,1.211,False,,,False,True,1.312,False,12.048,29.193,8.463,35.432,0.0,0.0,0.0,0.0,0.0,1.0,14.036,26.995,4.495,-1.541,False,Buy-low,21.6,0.941,445,159,WR159,WR6,-239.4,True,455,False,483,-275,,Boom/Bust
Charlie Jones,WR,CIN,27.0,6.0,Active,3.0,10228,,,c634c231-61fb-4725-8533-2cce14bfebbf,00-0038576,0.0,0.0,0.0,0.0,0.0,1.0,5.0,0.0,1.0,0.0,0.0,0.0,0.0,0.0,0.0,0.0,0.0,1.0,0.055,0.002,0.021,0.002,170.0,170.0,,,,0.0,0.0,0.0,36.38,36.38,36.38,-177.993,21.0,0.071,0.327,0.0,1.0,4.583,False,,0.749,False,True,4.963,False,15.275,54.049,9.299,69.743,0.0,0.0,0.0,0.0,0.0,1.0,22.407,47.923,,,False,,26.0,1.132,413,144,WR144,WR4,-323.3,True,431,False,484,-243,,Injury Risk
Malachi Corley,WR,CLE,24.0,11.0,Active,2.0,11617,,,bae59933-8b94-4837-990e-f0a4ced3cdbb,00-0039920,0.0,0.0,26.0,0.0,2.0,3.0,16.0,0.0,6.0,0.0,0.0,127.0,0.0,13.0,11.0,79.0,0.0,14.0,0.151,0.01,0.249,0.027,170.0,170.0,,,,5.5,5.403,0.006,10.929,16.332,16.332,-198.041,17.0,2.282,1.677,0.0,0.941,0.735,False,,,False,True,0.796,True,10.831,22.421,7.568,26.168,0.0,0.0,0.0,0.0,0.0,1.0,12.611,20.308,2.559,-0.395,False,Sustainable,18.9,0.823,451,162,WR162,WR6,-158.2,False,461,False,485,-281,,Boom/Bust
Tahj Brooks,RB,CIN,24.0,6.0,Active,1.0,12543,,,8d50af87-f6dc-42cb-a7e7-11716667a1dc,00-0040208,,,,,,,,,,0.0,0.0,45.0,0.0,16.0,1.0,9.0,0.0,2.0,,,,0.003,170.1,170.1,312.0,13.0,2 out of 5 stars,18.3,18.291,0.013,9.95,28.24,28.24,-185.134,12.0,0.533,0.899,0.0,1.0,1.685,False,,,False,True,1.879,False,12.525,40.942,7.947,53.335,0.0,0.0,0.001,0.0,0.0,1.0,15.766,38.101,,,False,,26.0,1.132,432,100,RB100,RB3,-283.3,True,410,False,486,-262,,Boom/Bust
David Moore,WR,CAR,31.0,5.0,Active,9.0,4274,4212909.0,30339.0,aecc1809-4628-4c3a-8b2b-c8f2858d2492,00-0033589,0.0,0.0,0.0,0.0,1.0,32.0,351.0,3.0,57.0,0.0,0.0,12.0,0.0,1.0,1.0,5.0,0.0,1.0,0.539,0.11,0.328,0.002,170.0,170.0,,,,9.4,9.365,0.023,2.007,11.372,11.372,-203.001,18.0,4.878,5.032,0.056,0.722,1.032,False,,0.632,False,True,1.117,False,3.649,18.385,1.793,22.751,0.0,0.0,0.0,0.0,0.0,1.0,8.717,13.409,6.389,-0.902,False,Sustainable,20.9,0.91,459,168,WR168,WR6,-233.8,False,473,False,487,-289,,Injury Risk
Trey Benson,RB,ARI,24.0,14.0,Active,2.0,11589,,,0c1253f2-1822-445d-8590-fea6fd32703f,00-0039921,0.0,0.0,291.0,1.0,63.0,6.0,59.0,0.0,6.0,0.0,0.0,160.0,0.0,29.0,13.0,64.0,0.0,16.0,0.167,0.011,0.482,0.026,170.1,170.1,258.0,12.0,2 out of 5 stars,0.0,0.0,0.0,0.0,0.0,0.0,-213.374,16.0,5.15,3.933,0.0,0.625,0.764,False,,,False,True,0.852,True,0.0,0.0,0.0,0.0,0.0,0.0,0.0,0.0,0.0,1.0,0.0,0.0,5.242,-0.092,False,Sustainable,18.8,0.819,485,117,RB117,RB4,-302.9,True,425,False,488,-315,,Boom/Bust
Anthony Richardson,QB,IND,24.0,13.0,Active,3.0,9229,,,5fc5b4a6-a583-4345-a810-4f982204ea5e,00-0039164,1814.0,8.0,499.0,6.0,86.0,1.0,-1.0,0.0,1.0,9.0,0.0,-1.0,0.0,4.0,1.0,9.0,0.0,1.0,0.925,,0.115,,170.0,170.0,354.0,14.0,4 out of 5 stars,21.0,23.96,0.0,0.422,24.382,24.382,-300.397,13.0,14.271,10.197,0.154,0.462,0.715,False,,,False,True,1.157,False,14.409,33.534,9.736,40.67,0.0,0.0,0.212,0.0,0.0,1.0,16.745,31.126,14.964,-1.924,False,Buy-low,23.4,1.019,495,39,QB39,QB3,-247.6,True,456,False,489,-325,,Boom/Bust
Gage Larvadain,WR,CLE,24.0,11.0,Active,1.0,13101,,,a514f5d0-260d-11f0-81c1-eb0abefb169c,00-0040259,,,,,,,,,,0.0,0.0,3.0,0.0,1.0,7.0,71.0,0.0,14.0,,,0.236,0.027,170.0,170.0,,,,0.0,0.0,0.0,8.35,8.35,8.35,-206.023,13.0,1.108,1.778,0.0,1.0,1.605,False,,,False,True,1.739,True,5.08,11.665,3.518,14.104,0.0,0.0,0.0,0.0,0.0,1.0,5.846,10.867,,,False,,18.9,0.823,470,177,WR177,WR7,-166.2,False,483,False,490,-300,,Boom/Bust
Justin Fields,QB,KC,27.0,5.0,Active,5.0,7591,,,cf15be8f-9117-4531-a517-2b9c7cb3e9e1,00-0036945,1106.0,5.0,289.0,5.0,62.0,0.0,0.0,0.0,0.0,1259.0,7.0,383.0,4.0,71.0,0.0,0.0,0.0,1.0,0.616,,0.898,,169.8,169.8,351.0,14.0,2 out of 5 stars,12.0,12.922,0.134,-1.62,11.302,11.302,-313.478,19.0,14.937,11.389,0.211,0.474,0.762,False,,,True,False,1.235,False,4.256,15.907,2.768,21.894,0.0,0.0,0.031,0.0,0.0,1.0,5.087,15.389,12.208,1.068,True,TD-lucky,23.8,1.036,505,49,QB49,QB2,-319.4,True,462,False,491,-335,,Boom/Bust
Kaleb Johnson,RB,PIT,22.0,9.0,Active,1.0,12504,,,9738de9a-7626-460f-a786-28433ef70a1f,00-0040142,,,,,,,,,,0.0,0.0,69.0,0.0,28.0,1.0,9.0,0.0,2.0,,,0.091,0.004,170.1,170.1,257.0,12.0,2 out of 5 stars,4.8,4.841,0.02,5.126,9.968,9.968,-203.406,10.0,0.88,0.909,0.0,1.0,1.033,False,,,False,True,1.152,True,5.463,14.273,3.472,17.448,0.0,0.0,0.0,0.0,0.0,1.0,6.901,12.931,1.819,-0.939,False,Sustainable,21.7,0.945,461,112,RB112,RB3,-212.0,False,408,False,492,-291,,Boom/Bust
Bo Melton,WR,GB,27.0,11.0,Active,4.0,8204,,,36953df8-fbc3-4505-b5b3-dec8433620dc,00-0037091,0.0,0.0,54.0,0.0,8.0,8.0,91.0,0.0,17.0,0.0,0.0,35.0,0.0,5.0,4.0,107.0,1.0,13.0,0.228,,,,170.0,170.0,,,,11.5,11.464,0.001,11.34,22.805,22.805,-191.568,26.0,1.796,2.615,0.0,0.0,1.456,False,,,False,True,1.577,False,12.762,31.753,8.917,38.836,0.0,0.0,0.0,0.0,0.0,1.0,14.756,29.519,3.206,-0.741,False,Sustainable,24.7,1.076,440,156,WR156,WR6,-175.1,True,450,False,493,-270,,Boom/Bust
Jalen Brooks,WR,ARI,26.0,14.0,Active,3.0,11034,,,66f7bbe1-eb89-4b48-83db-d947b04ff1fd,00-0038640,0.0,0.0,0.0,0.0,0.0,12.0,177.0,1.0,30.0,0.0,0.0,0.0,0.0,0.0,3.0,51.0,0.0,6.0,0.383,0.048,0.3,0.01,170.0,170.0,,,,0.0,0.0,0.0,5.08,5.08,5.08,-209.293,17.0,2.576,2.331,0.0,0.941,0.905,False,,,False,True,0.98,True,3.332,6.953,2.381,8.131,0.0,0.0,0.0,0.0,0.0,1.0,3.874,6.37,4.454,-1.325,False,Buy-low,18.8,0.819,477,182,WR182,WR6,-199.7,True,492,False,494,-307,,Boom/Bust
Tai Felton,WR,MIN,23.0,6.0,Active,1.0,12496,,,1eeea030-3313-4aab-b33c-9f836710354a,00-0040154,,,,,,,,,,0.0,0.0,0.0,0.0,0.0,3.0,25.0,0.0,3.0,,,0.044,0.006,169.9,169.9,451.0,15.0,5 out of 5 stars,8.8,8.749,0.026,4.707,13.457,13.457,-200.916,12.0,0.458,0.834,0.0,1.0,1.819,False,,,False,True,1.971,False,7.112,18.901,4.888,23.671,0.0,0.0,0.0,0.0,0.0,1.0,8.267,17.722,,,False,,22.6,0.984,454,164,WR164,WR5,-285.6,True,466,False,495,-284,,Boom/Bust
Rasheen Ali,RB,BAL,25.0,13.0,Active,2.0,11570,,,9aeb79b0-e55b-4341-8c6b-233971b667a7,00-0039796,0.0,0.0,31.0,0.0,10.0,0.0,0.0,0.0,2.0,0.0,0.0,24.0,0.0,7.0,9.0,68.0,1.0,11.0,0.078,0.004,0.13,0.027,169.9,169.9,438.0,15.0,3 out of 5 stars,0.0,0.0,0.0,17.4,17.4,17.4,-195.974,20.0,1.365,2.631,0.0,0.95,1.927,False,,0.741,False,True,2.149,True,6.9,26.586,4.116,34.716,0.0,0.0,0.0,0.0,0.0,1.0,10.844,23.624,2.325,-0.05,False,Sustainable,25.9,1.128,448,108,RB108,RB4,-290.8,True,454,False,496,-278,,Injury Risk
Marcus Mariota,QB,WAS,32.0,7.0,Active,11.0,2307,2576980.0,28390.0,7c16c04c-04de-41f3-ac16-ad6a9435e3f7,00-0032268,364.0,4.0,92.0,1.0,18.0,0.0,0.0,0.0,0.0,1695.0,10.0,297.0,1.0,50.0,0.0,0.0,0.0,0.0,0.513,,0.745,,170.0,170.0,398.0,14.0,2 out of 5 stars,18.1,15.37,0.469,-1.046,14.325,14.325,-310.455,13.0,15.635,10.504,0.154,0.308,0.672,False,,,False,True,1.088,False,8.251,19.895,5.489,24.147,0.0,0.0,0.029,0.0,0.0,1.0,9.708,18.442,12.835,-1.285,False,Sustainable,23.3,1.015,497,41,QB41,QB2,-328.0,False,476,False,497,-327,,Boom/Bust
Andrew Beck,RB,NYJ,30.0,13.0,Active,7.0,6323,3125107.0,32225.0,b556a98d-16aa-4a0d-9134-1b59c46cc640,00-0034959,0.0,0.0,0.0,0.0,0.0,0.0,0.0,0.0,2.0,0.0,0.0,5.0,0.0,1.0,6.0,45.0,2.0,9.0,,,,,170.1,170.1,,,,14.8,10.849,0.556,1.447,12.295,12.295,-201.079,13.0,1.769,2.57,0.0,0.0,1.453,False,,,False,True,1.62,False,5.661,17.732,3.606,22.82,0.0,0.0,0.0,0.0,0.0,1.0,7.133,16.409,2.134,0.421,False,Sustainable,18.7,0.814,456,111,RB111,RB5,-276.1,False,469,False,498,-286,,Boom/Bust
Mac Jones,QB,SF,27.0,8.0,Active,5.0,7527,,,1fd00ec3-b758-46d2-a2c1-cca521ea8a54,00-0036972,1672.0,8.0,92.0,1.0,28.0,0.0,0.0,0.0,0.0,2151.0,13.0,60.0,0.0,36.0,0.0,0.0,0.0,0.0,0.798,,0.744,,169.9,169.9,334.0,13.0,1 out of 5 stars,10.5,11.028,0.126,-0.577,10.451,10.451,-314.328,21.0,12.958,10.394,0.143,0.476,0.802,False,,,False,True,1.299,False,5.189,14.824,3.449,18.982,0.0,0.0,0.012,0.0,0.0,1.0,6.138,13.992,11.465,-0.875,False,Sustainable,25.0,1.089,517,61,QB61,QB3,-327.9,True,465,False,499,-347,,Boom/Bust
Arian Smith,WR,NYJ,24.0,13.0,Active,1.0,12539,,,8c7c7f4c-f8cc-4e02-aa0f-f794a1afd6ae,00-0040582,,,,,,,,,,0.0,0.0,13.0,0.0,4.0,7.0,52.0,0.0,16.0,,,0.382,0.034,170.0,170.0,,,,3.4,3.544,0.011,1.708,5.252,5.252,-209.121,13.0,1.038,1.07,0.0,1.0,1.03,False,,,False,True,1.116,False,3.105,7.208,2.155,8.645,0.0,0.0,0.0,0.0,0.0,1.0,3.619,6.622,2.106,-0.981,False,Sustainable,18.7,0.814,476,181,WR181,WR5,-256.9,False,491,False,500,-306,,Boom/Bust
Ben Skowronek,WR,PIT,29.0,9.0,Active,5.0,7757,,,5521ba64-e615-4d50-b9bf-490498571ac7,00-0036862,0.0,0.0,0.0,0.0,0.0,5.0,69.0,0.0,5.0,0.0,0.0,0.0,0.0,0.0,4.0,69.0,1.0,6.0,0.156,0.011,0.154,0.011,170.0,170.0,,,,11.7,11.74,0.005,1.612,13.352,13.352,-201.02,25.0,1.152,2.161,0.0,0.96,1.876,False,,0.8,False,True,2.031,True,7.08,19.359,4.626,23.882,0.0,0.0,0.0,0.0,0.0,1.0,9.112,17.493,1.726,1.154,False,TD-lucky,21.7,0.945,455,165,WR165,WR4,-196.6,False,468,False,501,-285,,Injury Risk
Dareke Young,WR,LV,27.0,13.0,Active,4.0,8527,,,2da144c9-7845-4199-bcc1-48405c14d436,00-0037093,0.0,0.0,0.0,0.0,0.0,0.0,0.0,0.0,1.0,0.0,0.0,0.0,0.0,0.0,2.0,48.0,0.0,3.0,0.031,0.002,0.094,0.007,170.0,170.0,,,,0.0,0.0,0.0,6.44,6.44,6.44,-207.933,15.0,0.453,1.279,0.0,1.0,2.822,False,,,True,False,3.057,True,3.349,9.054,2.263,11.38,0.0,0.0,0.0,0.0,0.0,1.0,3.965,8.584,,,True,,19.5,0.849,474,180,WR180,WR6,-156.4,False,488,False,502,-304,,Boom/Bust
Mitch Tinsley,WR,CIN,26.0,6.0,Active,3.0,11068,,,0ac39560-e760-11ed-ad1e-4d786886cff5,00-0038839,,,,,,,,,,0.0,0.0,0.0,0.0,0.0,8.0,116.0,2.0,24.0,,,0.246,0.039,,,433.0,15.0,4 out of 5 stars,19.5,19.6,0.0,2.7,22.3,22.3,-192.072,8.0,3.95,3.865,0.0,0.75,0.979,False,,,False,True,1.06,False,13.284,30.537,9.251,36.831,0.0,0.0,0.0,0.0,0.0,1.0,15.505,28.261,5.556,-1.606,False,Buy-low,26.0,1.132,442,157,WR157,WR5,-337.4,True,448,False,503,,,Boom/Bust
Will Levis,QB,TEN,27.0,9.0,Active,3.0,9999,,,4c8a2f7e-f982-4eca-9d52-cf53df6985a4,00-0039152,2091.0,13.0,183.0,0.0,45.0,0.0,0.0,0.0,0.0,,,,,,,,,,0.852,,,,170.0,170.0,,,,11.4,13.38,0.0,-1.602,11.778,11.778,-313.001,12.0,12.995,8.441,0.0,0.417,0.65,False,,,False,False,1.052,True,6.539,16.407,4.467,20.151,0.0,0.0,0.01,0.0,0.0,1.0,7.718,15.294,10.88,-0.372,False,Sustainable,21.0,0.914,500,44,QB44,QB2,-202.5,True,506,False,504,-330,,Boom/Bust
Jameis Winston,QB,NYG,32.0,8.0,Active,11.0,2306,2969939.0,28389.0,fb3b36fc-b985-4807-8199-d038d7e62a93,00-0031503,2121.0,13.0,83.0,1.0,25.0,0.0,0.0,0.0,0.0,567.0,2.0,23.0,1.0,7.0,1.0,33.0,1.0,1.0,0.585,,0.677,,169.9,169.9,407.0,14.0,4 out of 5 stars,11.7,10.697,0.276,-0.841,9.856,9.856,-314.923,14.0,14.459,14.318,0.286,0.429,0.99,False,,,False,True,1.604,True,5.262,14.228,3.474,17.916,0.0,0.0,0.007,0.0,0.0,1.0,6.188,13.326,12.741,0.146,False,Sustainable,22.1,0.962,522,66,QB66,QB2,-309.5,True,497,False,505,-352,,Boom/Bust
DeeJay Dallas,RB,JAX,27.0,7.0,Active,6.0,6931,4240631.0,32814.0,48ef5bfa-7b91-4ed1-ad12-e94c0bc101c2,00-0036425,0.0,0.0,49.0,0.0,9.0,3.0,11.0,1.0,3.0,0.0,0.0,21.0,0.0,3.0,0.0,0.0,0.0,1.0,0.046,0.006,0.062,0.002,170.0,170.0,,,,0.0,0.0,0.0,15.6,15.6,15.6,-197.774,21.0,0.814,1.734,0.0,0.952,2.129,False,,0.786,False,True,2.374,False,6.428,22.779,3.93,30.486,0.0,0.0,0.0,0.0,0.0,1.0,8.552,21.271,1.7,0.438,False,Sustainable,23.6,1.028,450,109,RB109,RB4,-222.3,True,460,False,506,-280,,Injury Risk
Mason Rudolph,QB,PIT,31.0,9.0,Active,8.0,4972,3116407.0,31046.0,be4ca0ad-f3d6-4b98-a37f-79d0cbc06390,00-0034771,1530.0,9.0,106.0,1.0,25.0,0.0,0.0,0.0,0.0,310.0,2.0,6.0,0.0,7.0,0.0,0.0,0.0,0.0,0.848,,0.338,,169.9,169.9,,,,10.3,11.033,0.002,-0.355,10.678,10.678,-314.102,13.0,10.369,8.453,0.0,0.538,0.815,False,,,False,True,1.32,True,6.024,15.256,4.06,18.707,0.0,0.0,0.008,0.0,0.0,1.0,6.99,14.124,8.329,-0.243,False,Sustainable,21.7,0.945,514,58,QB58,QB2,-226.1,False,520,False,507,-344,,Boom/Bust
Braxton Berrios,WR,NYG,30.0,8.0,Active,8.0,5121,3123075.0,31180.0,18f0bd30-1432-4fae-9cb4-c212bad6d0bb,00-0034419,0.0,0.0,0.0,0.0,0.0,0.0,0.0,0.0,4.0,0.0,0.0,0.0,0.0,0.0,6.0,37.0,0.0,8.0,0.268,0.007,0.192,0.014,170.0,170.0,,,,0.0,0.0,0.0,9.54,9.54,9.54,-204.833,10.0,0.97,2.766,0.0,0.9,2.851,False,,0.674,True,False,3.088,True,3.449,14.587,1.891,18.399,0.0,0.0,0.0,0.0,0.0,1.0,6.797,11.601,,,True,,22.1,0.962,466,173,WR173,WR7,-235.9,True,478,False,508,-296,,Injury Risk
Joe Flacco,QB,CIN,41.0,6.0,Active,18.0,19,11252.0,8795.0,64797df2-efd3-4b27-86ee-1d48f7edb09f,00-0026158,1761.0,12.0,26.0,0.0,9.0,0.0,0.0,0.0,0.0,2479.0,15.0,35.0,1.0,21.0,0.0,0.0,0.0,0.0,0.852,,0.778,,170.0,170.0,420.0,15.0,3 out of 5 stars,10.3,12.074,0.031,-0.478,11.597,11.597,-313.183,20.0,15.485,11.539,0.2,0.4,0.745,False,,,False,True,1.207,False,6.087,16.374,4.106,20.476,0.0,0.0,0.015,0.0,0.0,1.0,7.231,15.188,14.405,-1.554,False,Sustainable,26.0,1.132,502,46,QB46,QB2,-340.5,True,487,False,509,-332,,Boom/Bust
Britain Covey,WR,PHI,29.0,10.0,Active,4.0,8414,,,75774350-ce18-11ec-bebb-4fec1e38b0e5,00-0037132,0.0,0.0,0.0,0.0,0.0,7.0,34.0,0.0,8.0,0.0,0.0,0.0,0.0,0.0,2.0,20.0,0.0,4.0,0.144,0.019,0.103,0.009,170.0,170.0,,,,0.0,0.0,0.0,11.0,11.0,11.0,-203.373,11.0,1.309,2.654,0.0,0.909,2.028,False,,0.699,False,True,2.196,False,3.888,16.892,2.211,22.451,0.0,0.0,0.0,0.0,0.0,1.0,6.757,14.622,,,False,,23.9,1.041,460,169,WR169,WR5,-241.0,True,474,False,510,-290,,Injury Risk
Justin Watson,WR,HOU,30.0,8.0,Active,8.0,5374,3118892.0,31114.0,bdb77276-7191-4454-85c2-e1693a33d709,00-0034386,0.0,0.0,0.0,0.0,0.0,22.0,289.0,2.0,32.0,0.0,0.0,0.0,0.0,0.0,3.0,30.0,0.0,4.0,0.604,0.056,0.387,0.007,170.0,170.0,,,,8.5,8.549,0.016,0.979,9.528,9.528,-204.845,18.0,3.828,3.462,0.0,0.778,0.904,False,,0.733,False,True,0.98,False,4.359,13.905,2.666,16.519,0.0,0.0,0.0,0.0,0.0,1.0,7.415,11.178,3.644,0.295,False,Sustainable,22.8,0.993,467,174,WR174,WR6,-256.4,True,479,False,511,-297,,Injury Risk
Jacob Saylors,RB,DET,25.0,6.0,Active,3.0,11237,,,99a7f770-ea18-11ed-a93b-a93886fe0bfd,00-0038896,,,,,,,,,,0.0,0.0,11.0,0.0,2.0,0.0,0.0,0.0,0.0,,,0.008,0.0,170.0,170.0,,,,0.0,0.0,0.0,17.94,17.94,17.94,-195.434,11.0,0.1,0.332,0.0,1.0,3.317,False,,,False,True,3.698,False,7.864,26.1,5.017,34.139,0.0,0.0,0.0,0.0,0.0,1.0,9.812,24.356,,,False,,26.1,1.136,447,107,RB107,RB3,-393.8,True,458,False,512,-277,,Boom/Bust
Tyrell Shavers,WR,BUF,26.0,7.0,Active,3.0,11377,,,07eb12f0-f011-11ed-ac82-d7e41925e5ba,00-0038679,0.0,0.0,0.0,0.0,0.0,1.0,69.0,1.0,1.0,0.0,0.0,0.0,0.0,0.0,15.0,245.0,1.0,23.0,0.16,0.002,0.396,0.048,170.0,170.0,,,,10.9,11.021,0.0,1.368,12.389,12.389,-201.984,12.0,4.95,5.833,0.0,0.833,1.178,False,,,False,True,1.276,True,7.855,17.104,5.5,20.422,0.0,0.0,0.0,0.0,0.0,1.0,9.14,15.732,3.596,1.554,False,TD-lucky,26.3,1.145,458,167,WR167,WR6,-202.0,True,471,False,513,-288,,Boom/Bust
Jacob Cowing,WR,SF,25.0,8.0,Active,2.0,11616,,,9c145f4f-c9b1-4c2c-b011-8dc40167d0f1,00-0039365,0.0,0.0,7.0,0.0,1.0,4.0,80.0,0.0,6.0,,,,,,,,,,0.104,0.012,,,170.0,170.0,,,,0.0,0.0,0.0,12.89,12.89,12.89,-201.483,15.0,0.847,2.248,0.0,0.933,2.655,False,,0.849,False,False,2.875,False,6.844,18.037,4.694,22.678,0.0,0.0,0.0,0.0,0.0,1.0,7.909,17.166,,,False,,25.0,1.089,457,166,WR166,WR7,-201.6,True,470,False,514,-287,,Injury Risk
Reggie Gilliam,RB,NE,28.0,11.0,Active,6.0,7204,4039505.0,33357.0,4475bb8a-b5a6-4527-bfc7-8e7e03900984,00-0036187,0.0,0.0,7.0,0.0,3.0,0.0,0.0,0.0,0.0,0.0,0.0,4.0,0.0,2.0,2.0,24.0,0.0,2.0,,0.0,,0.004,170.0,170.0,449.0,15.0,2 out of 5 stars,7.9,8.082,0.038,1.212,9.294,9.294,-204.081,18.0,0.306,0.873,0.0,1.0,2.859,False,,,True,False,3.188,False,2.498,11.676,1.513,17.023,0.0,0.0,0.0,0.0,0.0,1.0,3.142,11.301,,,True,,23.6,1.028,464,113,RB113,RB4,-229.9,True,472,False,515,-294,,Boom/Bust
Gardner Minshew,QB,ARI,30.0,14.0,Active,7.0,6011,4038524.0,32010.0,dabb52c0-455b-48fe-996b-abf758120623,00-0035289,2013.0,9.0,58.0,0.0,19.0,0.0,0.0,0.0,0.0,37.0,0.0,2.0,0.0,6.0,0.0,0.0,0.0,0.0,0.865,,0.168,,169.9,169.9,439.0,15.0,2 out of 5 stars,9.7,9.344,0.149,-1.019,8.325,8.325,-316.454,14.0,8.571,8.157,0.0,0.571,0.952,False,,0.735,True,False,1.541,True,2.271,12.131,1.318,17.777,0.0,0.0,0.02,0.0,0.0,1.0,3.339,11.616,8.463,-1.177,True,Sustainable,18.8,0.819,532,76,QB76,QB3,-198.8,True,505,False,516,-362,,Injury Risk
Nick Mullens,QB,JAX,31.0,7.0,Active,9.0,4464,3059989.0,30563.0,7738fea8-7ea2-4c4c-b589-bca90b070819,00-0033319,38.0,0.0,-2.0,0.0,3.0,0.0,0.0,0.0,0.0,19.0,0.0,-8.0,0.0,12.0,0.0,0.0,0.0,0.0,0.025,,0.112,,170.0,170.0,,,,9.8,12.221,0.161,-0.923,11.298,11.298,-313.482,8.0,0.16,0.446,0.0,1.0,2.789,False,,,False,True,4.518,False,4.88,16.161,3.182,21.734,0.0,0.0,0.027,0.0,0.0,1.0,5.815,15.538,0.119,0.041,False,Sustainable,23.6,1.028,506,50,QB50,QB2,-313.5,True,510,False,517,-336,,Boom/Bust
Davis Mills,QB,HOU,27.0,8.0,Active,5.0,7585,,,7d51fab7-2d52-4d19-a021-19a123af0d10,00-0036898,212.0,0.0,11.0,0.0,3.0,0.0,0.0,0.0,0.0,915.0,5.0,60.0,1.0,13.0,0.0,0.0,0.0,0.0,0.298,,0.705,,170.0,170.0,,,,12.7,11.606,0.329,-0.568,11.038,11.038,-313.741,10.0,8.618,10.076,0.1,0.7,1.169,False,,,False,True,1.894,False,4.932,15.736,3.219,20.994,0.0,0.0,0.025,0.0,0.0,1.0,5.809,15.091,10.61,-2.792,False,Buy-low,22.8,0.993,510,54,QB54,QB2,-258.0,True,514,False,518,-340,,Boom/Bust
LaJohntay Wester,WR,BAL,24.0,13.0,Active,1.0,12699,,,f4e1d4de-95e9-452e-95ab-3555989d90bb,00-0040075,,,,,,,,,,0.0,0.0,0.0,0.0,0.0,0.0,0.0,0.0,0.0,,,0.062,0.0,170.0,170.0,,,,0.0,0.0,0.0,14.82,14.82,14.82,-199.553,14.0,0.0,0.0,0.0,1.0,,False,,0.838,False,True,1.0,True,9.635,20.442,6.781,23.957,0.0,0.0,0.0,0.0,0.0,1.0,11.218,18.527,,,False,,25.9,1.128,453,163,WR163,WR6,-239.0,True,467,False,519,-283,,Injury Risk
Andy Dalton,QB,PHI,38.0,10.0,Active,15.0,829,14012.0,24822.0,d2a0e5af-3850-4f16-8e40-a0b1d15c2ce1,00-0027973,989.0,7.0,34.0,0.0,11.0,0.0,0.0,0.0,0.0,293.0,1.0,-2.0,0.0,5.0,0.0,0.0,0.0,0.0,0.81,,0.38,,170.0,170.0,,,,9.9,11.9,0.0,-0.141,11.759,11.759,-313.02,10.0,8.848,10.604,0.1,0.7,1.198,False,,,True,False,1.941,False,3.994,16.635,2.493,23.637,0.0,0.0,0.041,0.0,0.0,1.0,4.72,16.214,8.791,-1.743,True,Buy-low,23.9,1.041,501,45,QB45,QB2,-337.0,True,507,False,520,-331,,Boom/Bust
Efton Chism,WR,NE,24.0,11.0,Active,1.0,12542,,,6704a490-2534-11f0-a084-3df705a62310,00-0040563,,,,,,,,,,0.0,0.0,0.0,0.0,0.0,3.0,75.0,1.0,3.0,,,0.179,0.006,169.9,169.9,,,,0.0,0.0,0.0,7.66,7.66,7.66,-206.713,8.0,2.062,4.313,0.0,0.875,2.091,False,,,False,True,2.265,False,3.996,10.768,2.722,13.417,0.0,0.0,0.0,0.0,0.0,1.0,4.729,10.111,,,False,,23.6,1.028,471,178,WR178,WR7,-262.1,True,484,False,521,-301,,Boom/Bust
Jonathan Mingo,WR,DAL,25.0,14.0,Active,3.0,10225,,,6cf0c82d-87e4-4cfc-8475-77667ed92796,00-0039062,0.0,0.0,5.0,0.0,2.0,17.0,167.0,0.0,42.0,0.0,0.0,0.0,0.0,0.0,1.0,25.0,0.0,5.0,0.424,0.05,0.207,0.008,170.0,170.0,,,,8.4,8.559,0.038,0.956,9.515,9.515,-204.858,19.0,1.984,2.298,0.0,0.947,1.158,False,,0.766,False,True,1.255,False,4.506,13.886,2.84,17.23,0.0,0.0,0.0,0.0,0.0,1.0,6.463,12.176,3.966,-2.087,False,Buy-low,25.6,1.115,468,175,WR175,WR5,-299.0,True,480,False,522,-298,,Injury Risk
Jimmy Horn,WR,CAR,23.0,5.0,Active,1.0,12523,,,f15872a6-7bc1-41e4-a2cd-0a2fbc432bf7,00-0040218,,,,,,,,,,0.0,0.0,69.0,0.0,8.0,11.0,108.0,0.0,15.0,,,0.192,0.031,170.0,170.0,,,,3.0,3.119,0.024,0.678,3.796,3.796,-210.577,10.0,2.87,1.733,0.0,0.9,0.604,False,,,False,True,0.654,False,2.366,5.146,1.651,6.109,0.0,0.0,0.0,0.0,0.0,1.0,2.773,4.705,2.727,-0.118,False,Sustainable,20.9,0.91,480,183,WR183,WR7,-241.4,False,495,False,523,-310,,Boom/Bust
Spencer Rattler,QB,NO,25.0,8.0,Active,2.0,11562,,,e0eecf78-86b2-4ee8-8ac9-d7713a138765,00-0039376,1317.0,4.0,146.0,0.0,18.0,0.0,0.0,0.0,0.0,1586.0,8.0,167.0,0.0,31.0,1.0,0.0,0.0,2.0,0.881,,0.817,,170.0,170.0,,,,10.2,10.749,0.083,-1.127,9.622,9.622,-315.158,16.0,12.526,6.419,0.062,0.5,0.512,False,,,False,True,0.83,False,5.237,13.568,3.479,16.672,0.0,0.0,0.004,0.0,0.0,1.0,6.196,12.642,12.905,-2.004,False,Buy-low,21.6,0.941,523,67,QB67,QB2,-270.1,True,527,False,524,-353,,Balanced
Kenny Pickett,QB,CAR,28.0,5.0,Active,4.0,8160,,,ef7ae1f1-4ebe-4759-bbb3-32bd177ace08,00-0038102,291.0,2.0,15.0,1.0,9.0,0.0,0.0,0.0,0.0,188.0,1.0,22.0,0.0,5.0,0.0,0.0,0.0,0.0,0.388,,0.285,,170.0,170.0,,,,11.6,11.659,0.204,-0.994,10.665,10.665,-314.115,11.0,3.715,6.383,0.0,0.909,1.718,False,,,True,False,2.783,False,3.112,14.968,1.923,22.197,0.0,0.0,0.039,0.0,0.0,1.0,3.638,14.653,3.132,-0.658,True,Sustainable,20.9,0.91,515,59,QB59,QB2,-242.7,False,521,False,525,-345,,Boom/Bust
Trey Lance,QB,LAC,26.0,7.0,Active,5.0,7610,,,676a508c-c65f-404a-a2b0-f861a4bfd072,00-0037012,266.0,0.0,41.0,0.0,11.0,0.0,0.0,0.0,0.0,226.0,0.0,85.0,0.0,17.0,0.0,0.0,0.0,0.0,0.332,,0.378,,169.9,169.9,,,,10.4,11.404,0.047,-1.395,10.009,10.009,-314.77,8.0,3.535,4.948,0.0,0.875,1.4,False,,,False,True,2.267,False,4.311,14.491,2.815,18.978,0.0,0.0,0.017,0.0,0.0,1.0,5.142,13.848,6.756,-3.221,False,Buy-low,23.8,1.036,520,64,QB64,QB2,-299.9,True,525,False,526,-350,,Boom/Bust
Zavier Scott,RB,MIN,27.0,6.0,Active,3.0,11299,,,3b133980-eb9a-11ed-8b52-a11a185238e2,00-0038440,,,,,,,,,,0.0,0.0,114.0,0.0,32.0,14.0,98.0,1.0,16.0,,,0.102,0.034,170.0,170.0,457.0,15.0,4 out of 5 stars,0.0,0.0,0.0,0.0,0.0,0.0,-213.374,11.0,3.745,4.545,0.0,0.909,1.213,False,,,False,True,1.353,False,0.0,0.0,0.0,0.0,0.0,0.0,0.0,0.0,0.0,1.0,0.0,0.0,4.587,-0.231,False,Sustainable,22.6,0.984,485,117,RB117,RB4,-201.7,True,489,False,527,-315,,Boom/Bust
Mason Kinsey,WR,TEN,27.0,9.0,Active,6.0,7436,4057082.0,33351.0,4d14a6cd-273f-4cf4-aac0-7fe041b6c650,00-0036176,0.0,0.0,0.0,0.0,0.0,2.0,17.0,0.0,2.0,0.0,0.0,0.0,0.0,0.0,2.0,48.0,0.0,4.0,0.187,0.004,0.109,0.008,170.0,170.0,,,,0.0,0.0,0.0,1.95,1.95,1.95,-212.423,12.0,0.875,1.443,0.0,1.0,1.649,False,,,False,True,1.786,True,1.157,2.748,0.803,3.305,0.0,0.0,0.0,0.0,0.0,1.0,1.361,2.534,,,False,,21.0,0.914,483,185,WR185,WR6,-208.1,True,498,False,528,-313,,Boom/Bust
JuJu Smith-Schuster,WR,NYG,29.0,8.0,Active,9.0,4040,3120348.0,30175.0,9547fbb1-0d4f-4d9e-83b9-e2fa30463bb9,00-0033857,0.0,0.0,0.0,0.0,0.0,18.0,231.0,2.0,26.0,0.0,0.0,0.0,0.0,0.0,33.0,345.0,1.0,45.0,0.466,0.045,0.572,0.082,169.9,169.9,469.0,15.0,4 out of 5 stars,3.0,3.066,0.086,0.417,3.483,3.483,-210.89,28.0,4.521,4.793,0.036,0.714,1.06,False,,0.808,True,False,1.148,True,1.894,4.901,1.238,6.006,0.0,0.0,0.0,0.0,0.0,1.0,2.375,4.452,4.249,0.358,True,Sustainable,22.1,0.962,482,184,WR184,WR8,-241.9,True,493,False,529,-312,,Injury Risk
Brycen Tremayne,WR,CAR,26.0,5.0,Active,3.0,11157,,,2a3cbc30-e8ed-11ed-bd02-25f41a9e059e,00-0038840,0.0,0.0,0.0,0.0,0.0,1.0,-2.0,0.0,1.0,0.0,0.0,0.0,0.0,0.0,14.0,160.0,0.0,18.0,0.13,0.002,0.253,0.038,170.0,170.0,,,,0.0,0.0,0.0,0.0,0.0,0.0,-214.373,17.0,1.812,2.551,0.0,0.882,1.408,False,,0.727,False,True,1.525,False,0.0,0.0,0.0,0.0,0.0,0.0,0.0,0.0,0.0,1.0,0.0,0.0,3.04,0.04,False,Sustainable,20.9,0.91,487,187,WR187,WR8,-245.2,False,500,False,530,-317,,Injury Risk
Drew Lock,QB,SEA,29.0,11.0,Active,7.0,5854,3924327.0,31874.0,94325301-e0ad-4a9f-a0e5-ffec0f529be3,00-0035704,1071.0,6.0,133.0,2.0,18.0,0.0,0.0,0.0,0.0,15.0,0.0,-5.0,0.0,6.0,0.0,0.0,0.0,0.0,0.652,,0.13,,169.9,169.9,,,,10.0,10.041,0.137,-0.679,9.362,9.362,-315.417,10.0,9.424,13.196,0.1,0.7,1.4,False,,,False,True,2.268,False,4.055,13.463,2.664,17.816,0.0,0.0,0.012,0.0,0.0,1.0,4.816,12.86,6.912,1.512,False,TD-lucky,24.7,1.076,527,71,QB71,QB3,-263.9,True,531,False,531,-357,,Boom/Bust
Mitchell Trubisky,QB,TEN,31.0,9.0,Active,9.0,3976,3039707.0,30115.0,7a1b8f1a-9024-4897-86b0-01c63e00305e,00-0033869,179.0,2.0,1.0,0.0,17.0,0.0,0.0,0.0,0.0,313.0,4.0,6.0,0.0,9.0,0.0,0.0,0.0,0.0,0.178,,0.332,,170.0,170.0,,,,9.0,9.353,0.02,-0.328,9.025,9.025,-315.754,12.0,4.698,10.241,0.083,0.917,2.18,False,,,True,False,3.531,True,2.636,12.759,1.615,18.73,0.0,0.0,0.026,0.0,0.0,1.0,3.129,12.445,3.13,0.415,True,Sustainable,21.0,0.914,528,72,QB72,QB3,-205.3,True,532,False,532,-358,,Boom/Bust
Aidan O'Connell,QB,LV,27.0,13.0,Active,3.0,10866,,,5891a917-9071-4bc2-a652-7f702c44cbd2,00-0038579,1612.0,8.0,30.0,1.0,21.0,0.0,0.0,0.0,0.0,102.0,0.0,7.0,0.0,1.0,0.0,0.0,0.0,0.0,0.706,,0.82,,170.0,170.0,,,,0.0,0.0,0.0,0.0,0.0,0.0,-324.779,10.0,11.826,8.253,0.1,0.6,0.698,False,,,False,True,1.13,True,0.0,0.0,0.0,0.0,0.0,0.0,0.0,0.0,0.0,1.0,0.0,0.0,10.597,-0.771,False,Sustainable,19.5,0.849,535,79,QB79,QB3,-198.5,False,535,False,533,-365,,Boom/Bust
British Brooks,RB,HOU,26.0,8.0,Active,2.0,12171,,,2ef88b80-07cf-11ef-96cf-876a6c13e638,00-0039603,0.0,0.0,2.0,0.0,1.0,0.0,0.0,0.0,0.0,0.0,0.0,78.0,0.0,17.0,0.0,0.0,0.0,0.0,0.024,0.0,0.067,0.0,170.0,170.0,,,,2.4,2.391,0.005,0.651,3.042,3.042,-210.332,10.0,0.8,1.988,0.0,0.9,2.485,False,,,False,True,2.771,False,1.34,4.398,0.855,5.786,0.0,0.0,0.0,0.0,0.0,1.0,1.668,4.17,,,False,,22.8,0.993,479,115,RB115,RB4,-228.1,True,494,False,534,-309,,Boom/Bust
Tyrod Taylor,QB,GB,36.0,11.0,Active,15.0,827,14163.0,24967.0,7f3ef024-eb34-46af-8b9e-544cdf09378f,00-0028118,119.0,3.0,13.0,0.0,3.0,0.0,0.0,0.0,0.0,779.0,5.0,143.0,1.0,27.0,0.0,0.0,0.0,0.0,0.31,,0.67,,170.0,170.0,,,,10.9,11.004,0.1,-1.04,9.964,9.964,-314.815,8.0,11.94,9.013,0.0,0.5,0.755,False,,,True,False,1.223,False,3.761,14.077,2.426,19.359,0.0,0.0,0.02,0.0,0.0,1.0,4.486,13.668,10.638,-0.447,True,Sustainable,24.7,1.076,521,65,QB65,QB2,-296.5,True,526,False,535,-351,,Boom/Bust
Tyler Huntley,QB,BAL,28.0,13.0,Active,6.0,7083,4035671.0,32993.0,7c226f73-a59f-4db6-ad98-2766d05d4d5a,00-0035993,829.0,3.0,135.0,2.0,26.0,0.0,0.0,0.0,0.0,426.0,2.0,151.0,0.0,24.0,0.0,0.0,0.0,0.0,0.934,,0.594,,170.0,170.0,,,,10.6,10.81,0.084,-1.337,9.473,9.473,-315.307,10.0,11.48,7.905,0.1,0.5,0.689,False,,,False,True,1.115,True,5.451,13.425,3.722,16.351,0.0,0.0,0.003,0.0,0.0,1.0,6.401,12.453,11.011,-0.731,False,Sustainable,25.9,1.128,525,69,QB69,QB2,-349.9,True,529,False,536,-355,,Boom/Bust
