full_name,position,team,age,bye_week,status,years_exp,player_id,espn_id,yahoo_id,sportradar_id,gsis_id,passing_yards_2024,passing_tds_2024,rushing_yards_2024,rushing_tds_2024,carries_2024,receptions_2024,receiving_yards_2024,receiving_tds_2024,targets_2024,passing_yards_2025,passing_tds_2025,rushing_yards_2025,rushing_tds_2025,carries_2025,receptions_2025,receiving_yards_2025,receiving_tds_2025,targets_2025,snap_share_2024,target_share_2024,snap_share_2025,target_share_2025,adp,adp_rank,ecr_rank,ecr_tier,sos_season,proj_points,custom_proj_points,bonus_points,total_points,fp_total_points,vols,games,wk_mean,wk_std,boom_rate,bust_rate,consistency,is_rookie,draft_pick,availability,team_changed,team_stayed,cv_rel,new_hc_team,floor,ceiling,p10,p90,P_pos1,P_pos2,P_pos3,p_elite,p_startable,p_bust,floor_healthy,ceiling_healthy,xppg,xppg_diff,switched_team,regression
Brandon Aubrey,K,DAL,31.0,14.0,Active,3.0,11533,,,110e6fe0-1c34-11ee-8294-af17faac15de,00-0037692,0.0,0.0,0.0,0.0,0.0,0.0,0.0,0.0,0.0,0.0,0.0,6.0,0.0,1.0,0.0,0.0,0.0,0.0,,,,,84.8,84.8,193.0,10.0,2 out of 5 stars,153.0,42.8,133.02967024796462,175.8296702479646,175.8296702479646,26.270180155396105,34.0,11.723529411764709,6.481117506686047,0.3529411764705882,0.088235294117647,0.5528298926927385,False,,0.9828571428571428,False,True,0.9701579484301605,False,121.05952979827796,228.4723381143992,97.65863749988084,266.6027172825228,0.6205,0.27655,0.10295,0.2209,0.6205,0.3795,123.33527936749871,221.92594090021316,,,False,
Aaron Shampklin,RB,,25.0,,Active,3.0,8809,,,c09be300-d30d-11ec-8b77-45b1765fd110,00-0037609,0.0,0.0,17.0,0.0,6.0,0.0,0.0,0.0,0.0,,,,,,,,,,0.1466666666666666,0.0,,,170.0,170.0,,,,,,,,,,,,,,,,True,,,False,False,1.0,False,,,,,,,,,,,,,,,True,
Parker Washington,WR,JAX,24.0,7.0,Active,3.0,9487,,,c05863ec-3414-4ae6-a8d2-830aed99b6d3,00-0038606,0.0,0.0,0.0,0.0,0.0,32.0,390.0,3.0,51.0,0.0,0.0,0.0,0.0,7.0,58.0,847.0,5.0,95.0,0.5529411764705883,0.0977011494252873,0.61375,0.1736745886654479,102.1,102.1,95.0,7.0,4 out of 5 stars,178.7,178.86,48.36442268085965,220.072049317932,227.22442268085967,6.11366435385105,30.0,8.723333333333333,7.271279512377888,0.0666666666666666,0.4,0.8335436964896319,False,,0.7998991596638655,False,True,0.9028040024334612,False,129.97585485311637,305.18250349463295,84.20148564971556,357.8417200599848,0.1804,0.18645,0.1571,0.0399,0.447,0.553,170.33463876903352,264.7145383469333,10.374285714285715,-0.1028571428571432,False,Sustainable
CeeDee Lamb,WR,DAL,27.0,14.0,Active,6.0,6786,4241389.0,32687.0,a72ea15b-5199-4101-a300-846e1c655add,00-0036358,0.0,0.0,70.0,0.0,14.0,101.0,1194.0,6.0,152.0,0.0,0.0,2.0,0.0,1.0,75.0,1077.0,3.0,117.0,0.8019999999999999,0.2443729903536977,0.7285714285714285,0.1927512355848435,10.6,10.6,7.0,2.0,2 out of 5 stars,273.5,273.17,33.742454830970296,300.7499376630973,306.9124548309703,86.79155269901634,28.0,16.58214285714286,7.244617597015326,0.25,0.0714285714285714,0.4368927260745834,False,,0.8587226890756303,False,True,0.4731947507914552,False,221.19078877861705,388.7388058674064,163.8160814144772,434.9575007788619,0.4617,0.24535,0.12275,0.1327,0.7814,0.2186,248.40521109585296,347.83369017598784,17.30142857142857,-0.7192857142857108,False,Sustainable
Bucky Irving,RB,TB,23.0,10.0,Active,2.0,11584,,,c5249c6f-bd1b-4352-8228-de2bd499ca0d,00-0039361,0.0,0.0,1122.0,8.0,207.0,47.0,392.0,0.0,52.0,0.0,0.0,588.0,1.0,173.0,30.0,277.0,3.0,35.0,0.4441176470588235,0.0923623445825932,0.616,0.0646950092421441,55.3,55.3,56.0,6.0,2 out of 5 stars,228.6,228.81000000000003,55.70803167725892,258.08810832032464,284.51803167725893,46.01091768972549,27.0,14.32962962962963,6.868815529669346,0.1481481481481481,0.074074074074074,0.4793435494987654,False,,0.8093725490196078,False,True,0.5345268206780973,False,152.36810581093593,358.39314059037105,93.67901269220174,418.4718486902534,0.27285,0.29935,0.1973,0.04455,0.6853,0.3147,202.49428973159468,307.76193755175586,13.4575,0.7996428571428567,False,Sustainable
Kendall Milton,RB,CIN,24.0,6.0,Active,2.0,11649,,,d0dd8a70-072c-11ef-a49f-41e71daeb2e1,00-0039266,,,,,,,,,,0.0,0.0,2.0,0.0,2.0,0.0,0.0,0.0,0.0,0.04,,0.06,0.0,170.0,170.0,,,,,,,,,,,,,,,,True,,,False,True,1.0,False,,,,,,,,,,,,,,,False,
Jerry Jeudy,WR,CLE,27.0,11.0,Active,6.0,6783,4241463.0,32685.0,eaaa4a61-c2a7-4926-8e9b-3ec71be2f991,00-0036407,0.0,0.0,0.0,0.0,0.0,90.0,1229.0,4.0,145.0,0.0,0.0,5.0,0.0,1.0,50.0,602.0,2.0,106.0,0.8970588235294118,0.2287066246056782,0.8452941176470588,0.2030651340996168,163.8,163.8,148.0,9.0,3 out of 5 stars,144.7,145.07999999999998,18.26310514631995,150.46300366524812,163.34310514631994,-63.495381298832825,34.0,10.576470588235296,8.156241663589077,0.1176470588235294,0.4117647058823529,0.7711685666352296,False,,0.9007394957983192,False,True,0.8352460362200346,True,110.84154402877286,197.14267210511056,89.85379547164771,226.0238959160373,0.00975,0.04545,0.09845,0.0005,0.0973,0.9027,116.54798904628994,187.3154516004039,11.25,-0.6147058823529399,False,Sustainable
Jacob Cowing,WR,SF,25.0,8.0,Active,2.0,11616,,,9c145f4f-c9b1-4c2c-b011-8dc40167d0f1,00-0039365,0.0,0.0,7.0,0.0,1.0,4.0,80.0,0.0,6.0,,,,,,,,,,0.104,0.0116959064327485,,,170.0,170.0,,,,0.0,0.0,12.89,12.89,12.89,-201.06838496408096,15.0,0.8466666666666666,2.2478137526642783,0.0,0.9333333333333332,2.6548981330680457,False,,0.849270588235294,False,False,2.875497314275196,False,6.859080129310254,17.943039235547957,4.7822895278034,22.634217089245382,0.0,0.0,0.0,0.0,0.0,1.0,7.855826066747952,16.98952943379106,,,False,
Dante Pettis,WR,,30.0,,Active,8.0,4992,3127306.0,31014.0,20d16690-560b-4a01-af20-8870ef07ea70,00-0034860,0.0,0.0,0.0,0.0,0.0,12.0,120.0,1.0,28.0,0.0,0.0,0.0,0.0,0.0,9.0,127.0,0.0,11.0,0.3075,0.0541586073500967,0.2224999999999999,0.0194690265486725,170.0,170.0,,,,,,,,,,16.0,3.23125,3.721239712783899,0.0,0.8125,1.1516409169157136,False,,,True,False,1.247332363661609,False,,,,,,,,,,,,,5.0425,-0.7341666666666669,True,Sustainable
Kayshon Boutte,WR,NE,24.0,11.0,Active,3.0,9504,,,9c054866-5e6c-460b-9af3-ebf91e7d0a3e,00-0038608,0.0,0.0,0.0,0.0,0.0,43.0,589.0,3.0,68.0,0.0,0.0,0.0,0.0,0.0,33.0,551.0,6.0,46.0,0.7806666666666666,0.136,0.6749999999999999,0.0954356846473029,170.6,170.6,168.0,10.0,2 out of 5 stars,100.6,100.35,10.454136633806714,110.8041366338067,110.8041366338067,-103.15424833027424,29.0,8.413793103448276,7.007940605277245,0.1034482758620689,0.4827586206896552,0.8329109735780332,False,,0.7494789915966386,False,True,0.902118705694456,False,51.634796087893264,163.36102177689995,32.31183299952724,200.8859801768064,0.00965,0.02765,0.0483,0.00155,0.05785,0.94215,77.8202328495281,138.4483310745352,7.046969696969697,1.371212121212121,False,TD-lucky
John Ross,WR,,29.0,,Active,7.0,4038,3052177.0,30122.0,938b363a-6967-4cef-bcd2-bb358a9f6c98,00-0033460,0.0,0.0,0.0,0.0,0.0,1.0,6.0,0.0,2.0,,,,,,,,,,0.21,0.0047846889952153,,,169.9,169.9,,,,,,,,,,,,,,,,True,,,False,False,1.0,False,,,,,,,,,,,,,,,False,
Omarion Hampton,RB,LAC,23.0,7.0,Active,1.0,12507,,,3e1b7908-79ee-4a23-97b9-5190725a2e5e,00-0040666,,,,,,,,,,0.0,0.0,545.0,4.0,124.0,32.0,192.0,1.0,35.0,,,0.6344444444444445,0.0643382352941176,20.6,20.6,24.0,4.0,3 out of 5 stars,263.8,264.25000000000006,58.29287241905284,305.48502325327706,322.5428724190529,93.40783262267792,9.0,15.077777777777776,8.07508169893311,0.3333333333333333,0.1111111111111111,0.5355617928548121,False,,,False,True,0.5972170538451812,False,187.7123411783648,419.6212208423807,115.14394397421644,486.35078428214393,0.4265,0.2702,0.1417,0.10815,0.78105,0.21895,239.72245437846777,365.0817454825942,13.403,0.15699999999999825,False,Sustainable
Jaleel McLaughlin,RB,DEN,25.0,10.0,Active,3.0,11439,,,60b4ded0-f321-11ed-ab27-e38fa04fd6c0,00-0038794,0.0,0.0,496.0,1.0,113.0,24.0,76.0,2.0,27.0,0.0,0.0,187.0,1.0,37.0,4.0,27.0,0.0,6.0,0.281875,0.0491803278688524,0.16,0.0102739726027397,170.0,170.0,292.0,12.0,2 out of 5 stars,,,,,,,24.0,5.441666666666667,3.442309218188161,0.0,0.5833333333333334,0.632583623556783,False,,0.8113949579831933,False,True,0.7054082890369812,False,,,,,,,,,,,,,5.4292592592592595,-0.47370370370370374,False,Sustainable
Adam Randall,RB,BAL,22.0,13.0,Active,0.0,13302,,,4fa0fbdb-05a1-4ca0-89dd-f999978b5827,RAN022436,,,,,,,,,,,,,,,,,,,,,,,170.2,170.2,309.0,13.0,3 out of 5 stars,66.0,66.19,12.35197669380774,78.54197669380774,78.54197669380774,-133.53521393679142,,,,,,,True,174.0,,False,False,1.0,True,26.146621248786104,109.36408129952363,16.36667820791373,151.32180294395846,0.01055,0.02335,0.0478,0.0021,0.0537,0.9463,32.94995171168091,104.10110583109643,,,False,
Devontez Walker,WR,BAL,25.0,13.0,Active,2.0,11629,,,b5d1ed29-c72a-45ff-ae60-337e13728b2f,00-0039792,0.0,0.0,0.0,0.0,0.0,1.0,21.0,1.0,3.0,0.0,0.0,0.0,0.0,0.0,6.0,136.0,3.0,8.0,0.1,0.0065645514223194,0.2466666666666666,0.0196560196560196,170.0,170.0,430.0,15.0,4 out of 5 stars,35.0,35.239999999999995,3.8197910625855767,39.059791062585575,39.059791062585575,-174.89859390149536,11.0,4.245454545454546,5.951699528095086,0.0,0.7272727272727273,1.40189924644638,False,,,False,True,1.518385006125456,True,23.88005693286956,54.594884092774656,16.59719238425196,65.46885016902692,0.0,0.0,0.0,0.0,0.0,1.0,28.06286019232778,50.236250193013205,,,False,
Behren Morton,QB,NE,24.0,11.0,Active,0.0,13295,,,0fe9c501-799c-45f7-a48f-2b4d9d6e9452,MOR767384,,,,,,,,,,,,,,,,,,,,,,,170.0,170.0,,,,9.8,11.84,-0.3606770431982249,11.479322956801775,11.479322956801775,-317.0144793580947,,,,,,,True,234.0,,False,False,1.0,False,4.175135191568548,15.85294161584403,2.6782015364058616,21.91132471531887,0.0,0.0,0.02435,0.0,0.0,1.0,4.908889462159561,15.289852548907945,,,False,
Oronde Gadsden,TE,LAC,23.0,7.0,Active,1.0,12493,,,6af50530-145a-4b34-946d-ce1a7f7d3166,00-0040189,,,,,,,,,,0.0,0.0,0.0,0.0,0.0,49.0,664.0,3.0,69.0,,,0.626,0.1268382352941176,168.2,168.2,147.0,9.0,4 out of 5 stars,122.1,122.09,14.479335128334506,152.51491521068692,136.5693351283345,-24.778061445565584,15.0,8.893333333333334,7.619286305785064,0.1333333333333333,0.3333333333333333,0.8567413387314539,False,,0.838870588235294,False,True,0.9702405280048528,False,96.1107758077876,204.2709625795804,71.21398503857249,242.22090856937504,0.24885,0.3664,0.23985,0.03495,0.24885,0.75115,110.5082197459881,190.26853619604915,7.884375,0.703125,False,Sustainable
LaJohntay Wester,WR,BAL,24.0,13.0,Active,1.0,12699,,,f4e1d4de-95e9-452e-95ab-3555989d90bb,00-0040075,,,,,,,,,,0.0,0.0,0.0,0.0,0.0,0.0,0.0,0.0,0.0,,,0.0617647058823529,0.0,170.0,170.0,,,,0.0,0.0,14.82,14.82,14.82,-199.13838496408096,14.0,0.0,0.0,0.0,1.0,,False,,0.8375058823529411,False,True,1.0,True,9.630876101707248,20.43070617162079,6.79461847243228,23.98950065760112,0.0,0.0,0.0,0.0,0.0,1.0,11.254294943488173,18.710432149434432,,,False,
Kyle Pitts,TE,ATL,25.0,11.0,Active,5.0,7553,,,1f3deb24-9ff8-4769-8f42-825eff7742f6,00-0036970,0.0,0.0,0.0,0.0,0.0,47.0,602.0,4.0,74.0,0.0,0.0,0.0,0.0,0.0,88.0,928.0,5.0,118.0,0.62,0.137291280148423,0.88,0.2273603082851637,66.3,66.3,80.0,7.0,3 out of 5 stars,195.8,195.71000000000004,24.369894472866488,202.13817092110835,220.07989447286653,24.84519426485585,34.0,10.058823529411764,8.723882845803717,0.2058823529411764,0.2647058823529412,0.8672865987056326,False,,0.9017142857142856,False,True,0.982182800593736,True,148.1577625329248,257.33283900328655,122.32482194993317,294.6587319623465,0.5342,0.348,0.06925,0.09915,0.5342,0.4658,154.27549718676914,244.47771609937672,9.415588235294118,0.6432352941176465,False,Sustainable
E.J. Jenkins,TE,PHI,27.0,10.0,Active,3.0,11304,,,626a1dd0-ebab-11ed-bb4c-e536974648f2,00-0038498,0.0,0.0,0.0,0.0,0.0,1.0,7.0,1.0,2.0,0.0,0.0,0.0,0.0,0.0,0.0,0.0,0.0,0.0,0.16875,0.0047846889952153,0.095,0.0,170.0,170.0,,,,,,,,,,,,,,,,True,,,False,True,1.0,False,,,,,,,,,,,,,,,False,
Joe Flacco,QB,CIN,41.0,6.0,Active,18.0,19,11252.0,8795.0,64797df2-efd3-4b27-86ee-1d48f7edb09f,00-0026158,1761.0,12.0,26.0,0.0,9.0,0.0,0.0,0.0,0.0,2479.0,15.0,35.0,1.0,21.0,0.0,0.0,0.0,0.0,0.8525,,0.7784615384615384,,170.0,170.0,420.0,15.0,3 out of 5 stars,10.3,12.028,-0.329872932463486,11.698127067536516,11.698127067536516,-316.79567524735995,20.0,15.485,11.539223498458137,0.2,0.4,0.7451871810434701,False,,,False,True,1.206989027300283,False,5.823936928102408,16.66785207590146,3.9280480053797833,21.17732436053623,0.0,0.0,0.0149,0.0,0.0,1.0,6.951094621048445,15.533074743675853,14.405000000000001,-1.554000000000002,False,Sustainable
Mo Alie-Cox,TE,IND,32.0,13.0,Active,9.0,4054,2998565.0,30112.0,8809c0dd-786b-4255-a7d0-333c9498c19a,00-0033217,0.0,0.0,0.0,0.0,0.0,12.0,147.0,1.0,22.0,0.0,0.0,0.0,0.0,0.0,13.0,117.0,1.0,20.0,0.438235294117647,0.0447154471544715,0.3905882352941176,0.0377358490566037,170.0,170.0,482.0,16.0,3 out of 5 stars,27.0,27.17,3.394293661629545,30.56429366162955,30.56429366162955,-146.72868299462294,23.0,2.756521739130435,3.4134528089679783,0.0,0.8260869565217391,1.2383188423700868,False,,0.6940672268907563,False,True,1.4023685716373628,False,10.574101960122931,46.82545639761575,6.034777669339611,61.98977353665424,0.00075,0.0058,0.03195,5e-05,0.00075,0.99925,18.16280992572106,40.75840426234748,3.4795652173913045,-0.7230434782608697,False,Sustainable
Robbie Chosen,WR,,32.0,,Active,10.0,3423,2574808.0,29785.0,e81fb788-1478-4936-ae12-f6ed7ec23476,00-0032688,0.0,0.0,0.0,0.0,0.0,1.0,5.0,0.0,4.0,0.0,0.0,0.0,0.0,0.0,5.0,53.0,0.0,9.0,0.195,0.0070422535211267,0.3766666666666666,0.0208333333333333,170.0,170.0,,,,,,,,,,,,,,,,True,,,True,False,1.0,False,,,,,,,,,,,,,,,True,
Jordan Matthews,TE,,32.0,,Active,11.0,1800,16763.0,27570.0,7b96a836-666b-47b6-a0a7-9dbb0b4c53e8,00-0031299,0.0,0.0,0.0,0.0,0.0,0.0,0.0,0.0,1.0,,,,,,,,,,0.115,0.0019305019305019,,,170.0,170.0,,,,,,,,,,,,,,,,True,,,False,False,1.0,False,,,,,,,,,,,,,,,False,
Jake Tonges,TE,SF,27.0,8.0,Active,4.0,8698,,,8d9236c0-ce09-11ec-9598-03840dd5f387,00-0037112,0.0,0.0,0.0,0.0,0.0,0.0,0.0,0.0,0.0,0.0,0.0,0.0,0.0,0.0,34.0,293.0,5.0,46.0,0.031875,0.0,0.3317647058823529,0.0836363636363636,170.8,170.8,307.0,13.0,3 out of 5 stars,48.0,48.32,6.101754647463531,54.42175464746353,54.42175464746353,-122.87122200878898,12.0,7.775000000000001,6.865476875445197,0.1666666666666666,0.3333333333333333,0.8830195338193179,False,,,False,True,1.0,False,29.513941790422596,76.15493497109144,20.72778117202603,94.8854902506408,0.0032,0.0263,0.1195,0.0001,0.0032,0.9968,34.61703977985911,71.20707779561279,8.428181818181818,1.0809090909090902,False,Sustainable
Brycen Tremayne,WR,CAR,26.0,5.0,Active,3.0,11157,,,2a3cbc30-e8ed-11ed-bd02-25f41a9e059e,00-0038840,0.0,0.0,0.0,0.0,0.0,1.0,-2.0,0.0,1.0,0.0,0.0,0.0,0.0,0.0,14.0,160.0,0.0,18.0,0.13,0.0019841269841269,0.253125,0.0375,170.0,170.0,,,,0.0,0.0,0.0,0.0,0.0,-213.95838496408095,17.0,1.811764705882353,2.5509513796182928,0.0,0.8823529411764706,1.4079926445945123,False,,0.7273333333333333,False,True,1.5249847132070669,False,0.0,0.0,0.0,0.0,0.0,0.0,0.0,0.0,0.0,1.0,0.0,0.0,3.04,0.040000000000000036,False,Sustainable
Pierre Strong,RB,GB,27.0,11.0,Active,4.0,8116,,,8a9a3c7f-57a1-4064-9bda-2c7fad7b5c01,00-0038098,0.0,0.0,108.0,0.0,26.0,14.0,104.0,0.0,22.0,,,,,,,,,,0.1921428571428571,0.0347003154574132,,,170.0,170.0,,,,,,,,,,13.0,2.707692307692308,3.089083342584965,0.0,0.8461538461538461,1.140854643568311,False,,0.8289803921568627,False,False,1.272192785571184,False,,,,,,,,,,,,,3.882727272727273,-0.6827272727272726,False,Sustainable
Davis Mills,QB,HOU,27.0,8.0,Active,5.0,7585,,,7d51fab7-2d52-4d19-a021-19a123af0d10,00-0036898,212.0,0.0,11.0,0.0,3.0,0.0,0.0,0.0,0.0,915.0,5.0,60.0,1.0,13.0,0.0,0.0,0.0,0.0,0.2975,,0.705,,170.0,170.0,,,,12.7,14.800000000000002,-0.44063627158417,14.359363728415833,14.359363728415833,-314.13443858648066,10.0,8.618,10.075534504707706,0.1,0.7,1.1691267700983643,False,,,False,True,1.8936492990335396,False,7.1376519501057984,20.218377326343333,4.750046910553651,26.098391818909967,0.0,0.0,0.03525,0.0,0.0,1.0,8.398213637666942,19.1824310434659,10.610000000000001,-2.7920000000000016,False,Buy-low
Ameer Abdullah,RB,JAX,33.0,7.0,Active,11.0,2359,2576336.0,28442.0,c5e430c5-7a8e-4e29-b30f-1a527f05cb89,00-0032104,0.0,0.0,311.0,2.0,66.0,40.0,261.0,3.0,47.0,0.0,0.0,60.0,1.0,14.0,16.0,99.0,0.0,17.0,0.369375,0.0793918918918918,0.1053846153846154,0.0320754716981132,170.0,170.0,,,,,,,,,,28.0,5.896428571428571,6.309398171854848,0.0,0.6428571428571429,1.0700372429553953,False,,0.6966050420168067,True,False,1.193222702344047,False,,,,,,,,,,,,,6.0296,0.49439999999999973,True,Sustainable
Drew Lock,QB,SEA,29.0,11.0,Active,7.0,5854,3924327.0,31874.0,94325301-e0ad-4a9f-a0e5-ffec0f529be3,00-0035704,1071.0,6.0,133.0,2.0,18.0,0.0,0.0,0.0,0.0,15.0,0.0,-5.0,0.0,6.0,0.0,0.0,0.0,0.0,0.6525,,0.13,,170.0,170.0,,,,10.0,10.774,-0.4476759661550255,10.326324033844974,10.326324033844974,-318.1674782810515,10.0,9.424,13.195634968512213,0.1,0.7,1.4002159346893264,False,,,False,True,2.2679473184904917,False,4.473089985377242,14.849347956580289,2.938509136012694,19.650620379795132,0.0,0.0,0.01485,0.0,0.0,1.0,5.312146009423323,14.18423521748291,6.912000000000001,1.5119999999999987,False,TD-lucky
Trey Sermon,RB,,26.0,,Active,5.0,7593,,,b7146193-fcd1-4b02-a6da-625fe467f60e,00-0036984,0.0,0.0,159.0,2.0,56.0,16.0,99.0,0.0,19.0,0.0,0.0,0.0,0.0,0.0,0.0,0.0,0.0,0.0,0.2205882352941176,0.0386178861788617,0.005,0.0,170.0,170.0,,,,,,,,,,18.0,2.988888888888889,4.311665283430506,0.0,0.8888888888888888,1.4425645929693145,False,,0.685344537815126,True,False,1.608636365940431,False,,,,,,,,,,,,,5.274285714285715,-1.4314285714285724,True,Buy-low
Audric Estime,RB,NO,22.0,8.0,Active,2.0,11579,,,3b86dd7c-0b21-448d-a662-5675e87fd0da,00-0039373,0.0,0.0,310.0,2.0,76.0,5.0,27.0,0.0,5.0,0.0,0.0,198.0,1.0,46.0,12.0,103.0,0.0,13.0,0.1661538461538461,0.0091074681238615,0.3928571428571428,0.0230088495575221,170.0,170.0,319.0,13.0,3 out of 5 stars,23.6,23.6,5.51020061406434,29.11020061406434,29.11020061406434,-182.9669900165348,18.0,5.488888888888889,4.931875778323138,0.0,0.6666666666666666,0.8985198786418672,False,,,False,True,1.0019598147272957,False,15.059616146474506,41.573042403886106,9.50813391432043,51.74424073906993,0.0,0.0,5e-05,0.0,0.0,1.0,18.84978463476558,37.72360221930666,5.3838888888888885,-0.006111111111111178,False,Sustainable
,DEF,HOU,,8.0,,,HOU,,,,,,,,,,,,,,,,,,,,,,,,,,,,,,,,,,,,,,,,,,,,True,,,False,False,1.0,False,,,,,,,,,,,,,,,False,
Dak Prescott,QB,DAL,32.0,14.0,Active,10.0,3294,2577417.0,29369.0,86197778-8d4b-4eba-affe-08ef7be7c70b,00-0033077,1978.0,11.0,54.0,1.0,13.0,0.0,0.0,0.0,0.0,4552.0,30.0,177.0,2.0,53.0,0.0,0.0,0.0,0.0,0.91125,,0.9505882352941176,,92.5,92.5,83.0,7.0,2 out of 5 stars,306.0,356.4659999999999,-13.546603414411525,342.91939658558834,342.91939658558834,14.425594270691874,25.0,20.491999999999997,10.16249969249692,0.36,0.2,0.4959252241116983,False,,0.8357983193277311,False,True,0.8032563080675645,False,230.45775611022225,459.8025967634422,148.7307645750102,522.172290532366,0.5207,0.32325,0.14285,0.1608,0.5207,0.4793,277.6565435733675,402.3301132352291,19.2656,-1.9735999999999976,False,Buy-low
Antonio Williams,WR,WAS,22.0,7.0,Active,0.0,13301,,,d80b6d95-5b56-4e52-9a19-05957961f506,WIL143106,,,,,,,,,,,,,,,,,,,,,,,169.9,169.9,210.0,11.0,2 out of 5 stars,126.1,126.07999999999998,15.034976981364524,141.11497698136452,141.11497698136452,-72.84340798271643,,,,,,,True,71.0,,False,False,1.0,False,78.13336332238624,177.01572414616078,54.98473531177165,214.22560835422925,0.01325,0.0356,0.061,0.0013,0.07725,0.92275,90.65023614315446,163.3001320872687,,,False,
Matthew Stafford,QB,LAR,38.0,11.0,Active,17.0,421,12483.0,9265.0,ade43b1a-0601-4672-83b6-d246bc066a19,00-0026498,3762.0,20.0,41.0,0.0,30.0,0.0,0.0,0.0,0.0,4707.0,46.0,1.0,0.0,29.0,0.0,0.0,0.0,0.0,1.0,,0.9852941176470588,,84.2,84.2,103.0,8.0,3 out of 5 stars,294.0,353.378,-10.733444385919686,342.6445556140803,342.6445556140803,14.150753299183805,33.0,21.423030303030306,10.320116425230047,0.3333333333333333,0.2121212121212121,0.4817300017435096,False,,0.8862184873949579,False,True,0.7802641282846279,False,258.9558883064812,437.1516993382412,197.60476563418771,488.63717193012315,0.5331,0.35965,0.09555,0.1171,0.5331,0.4669,277.1703361175739,401.5032590927642,18.09078947368421,-0.4165789473684214,False,Sustainable
Johnny Wilson,WR,PHI,25.0,10.0,Active,2.0,11636,,,e8d389b5-56c8-4276-9983-0dbcc1663507,00-0039236,0.0,0.0,0.0,0.0,0.0,5.0,38.0,1.0,15.0,,,,,,,,,,0.33625,0.0358851674641148,,,170.0,170.0,,,,,,,,,,10.0,1.48,2.73081184509906,0.0,0.9,1.845143138580446,False,,,False,False,1.9984586502044113,False,,,,,,,,,,,,,3.003,-1.5230000000000001,False,Buy-low
Khalil Shakir,WR,BUF,26.0,7.0,Active,4.0,8134,,,0ce9ddce-bdf6-469c-8a32-9cf0ed3714a4,00-0037261,0.0,0.0,4.0,0.0,2.0,76.0,821.0,4.0,100.0,0.0,0.0,5.0,0.0,1.0,72.0,719.0,4.0,95.0,0.6133333333333333,0.202020202020202,0.5975,0.1983298538622129,133.9,133.9,114.0,8.0,4 out of 5 stars,173.8,173.36,30.27756591775275,194.61624320058425,203.63756591775277,-19.3421417634967,31.0,11.319354838709677,5.743310273981878,0.064516129032258,0.1935483870967742,0.5073884824549394,False,,0.8755294117647059,False,True,0.5495480976919092,True,145.7570605106072,254.99036684692135,113.38533960952547,287.8069087067317,0.05875,0.16175,0.21365,0.0041,0.3271,0.6729,158.6701009044406,235.52062169519425,10.411111111111111,1.136111111111111,False,TD-lucky
Noah Gray,TE,KC,27.0,5.0,Active,5.0,7828,,,c97dfcb6-b999-476f-8487-f3848e92df17,00-0036637,0.0,0.0,-4.0,0.0,1.0,40.0,437.0,5.0,49.0,0.0,0.0,0.0,0.0,0.0,21.0,178.0,0.0,37.0,0.5635294117647058,0.0856643356643356,0.52125,0.0673952641165755,170.0,170.0,335.0,13.0,4 out of 5 stars,50.8,50.93,6.442002137952252,57.37200213795225,57.37200213795225,-119.92097451830026,30.0,5.069999999999999,5.177814077454854,0.0666666666666666,0.5,1.021265104034488,False,,0.8596974789915967,False,True,1.156560036239762,False,31.907840090130748,78.96300375249314,23.89472150180983,98.80801517987268,0.0044,0.0319,0.12995,0.00015,0.0044,0.9956,35.70561820783442,75.72297329624303,4.908709677419354,0.1751612903225812,False,Sustainable
,DEF,NE,,11.0,,,NE,,,,,,,,,,,,,,,,,,,,,,,,,,,,,,,,,,,,,,,,,,,,True,,,False,False,1.0,False,,,,,,,,,,,,,,,False,
Joe Milton,QB,DAL,26.0,14.0,Active,2.0,11557,,,74043480-24ef-4c26-99d4-18f43d5b41d3,00-0039398,241.0,1.0,16.0,1.0,10.0,0.0,0.0,0.0,0.0,183.0,1.0,50.0,0.0,5.0,0.0,0.0,0.0,0.0,0.95,,0.21,,170.0,170.0,413.0,15.0,2 out of 5 stars,12.2,13.93,0.7873016821943435,14.717301682194345,14.717301682194345,-313.77650063270215,,,,,,,True,,,False,True,1.0,False,6.484711887102727,21.293421213195543,4.2463859417338945,28.0919669363479,0.0,0.0,0.0476,0.0,0.0,1.0,7.71142867006172,20.1435614384336,,,False,
Justice Hill,RB,BAL,28.0,13.0,Active,7.0,5995,4038441.0,31945.0,528e71ec-8fb3-4928-ace5-fc5ffbf26eb3,00-0034975,0.0,0.0,228.0,1.0,47.0,42.0,383.0,3.0,51.0,0.0,0.0,93.0,2.0,18.0,21.0,169.0,1.0,27.0,0.4173333333333333,0.111597374179431,0.371,0.0663390663390663,170.4,170.4,248.0,12.0,3 out of 5 stars,116.0,115.95,28.008725835635637,143.95872583563565,143.95872583563565,-68.1184647949635,25.0,7.692,7.100640816151737,0.08,0.48,0.923120230908962,False,,0.8113949579831933,False,True,1.0293922232756978,True,80.82123264797414,206.10590793616623,50.47652170570389,249.33570598806804,0.0274,0.10225,0.234,0.0017,0.2298,0.7702,104.02742106731168,184.2316224037295,6.829615384615384,1.3242307692307689,False,TD-lucky
Jamaal Pritchett,WR,NYJ,23.0,13.0,Active,1.0,12925,,,d9981370-2502-11f0-8ac8-c31e8098aeb4,00-0040405,,,,,,,,,,,,,,,,,,,,,,,,,,,,,,,,,,,,,,,,True,,,False,False,1.0,False,,,,,,,,,,,,,,,False,
Colston Loveland,TE,CHI,22.0,10.0,Active,1.0,12517,,,62cd2cd5-8b40-4ee6-bfb8-0083edd105a2,00-0040126,,,,,,,,,,0.0,0.0,-2.0,0.0,1.0,58.0,713.0,6.0,82.0,,,0.645,0.1541353383458646,45.1,45.1,38.0,5.0,2 out of 5 stars,207.7,207.83,25.530076257649785,223.069237115556,233.3600762576498,45.7762604593035,16.0,10.31875,8.500056372362087,0.1875,0.1875,0.8237486490478098,False,,0.8506352941176469,False,True,0.932877040086368,False,154.29497482203547,291.36185599369156,119.16819031601166,334.3652932581132,0.6311,0.2527,0.05995,0.19035,0.6311,0.3689,174.74414242782996,266.9025039821117,10.973333333333334,0.04888888888888765,False,Sustainable
James Cook,RB,BUF,26.0,7.0,Active,4.0,8138,,,ce5de0e5-9f76-42ee-b93a-3ef88af9b0a7,00-0037248,0.0,0.0,1009.0,16.0,207.0,32.0,258.0,2.0,38.0,0.0,0.0,1621.0,12.0,309.0,33.0,291.0,2.0,40.0,0.476875,0.0767676767676767,0.571764705882353,0.0835073068893528,14.1,14.1,19.0,3.0,2 out of 5 stars,270.2,270.21999999999997,59.593405202780495,322.233872798409,329.8134052027805,110.15668216780983,33.0,17.421212121212122,8.435889015678697,0.4242424242424242,0.1212121212121212,0.4842308880107792,False,,0.8870252100840335,False,True,0.5399768022604845,True,251.44060047553924,418.57550457180633,192.38367812995463,466.839998567319,0.5207,0.321,0.0739,0.08875,0.8946,0.1054,269.86775632421256,383.601516665363,14.250263157894736,2.79447368421053,False,Sustainable
Jahan Dotson,WR,ATL,26.0,11.0,Active,4.0,8119,,,d4a7917d-f327-431b-9b87-83af341c3e21,00-0037741,0.0,0.0,13.0,0.0,1.0,19.0,216.0,0.0,33.0,0.0,0.0,0.0,0.0,0.0,18.0,262.0,1.0,36.0,0.5823529411764706,0.0789473684210526,0.5688235294117647,0.0775862068965517,170.2,170.2,337.0,13.0,3 out of 5 stars,84.1,84.38999999999999,12.490926276103451,96.88092627610344,96.88092627610344,-117.07745868797753,29.0,3.1758620689655173,3.732928300219719,0.0,0.8275862068965517,1.175406305172333,False,,0.8671260504201681,True,False,1.273072451107316,True,58.31576235706346,132.19611372610427,42.005387374608176,159.24619971082765,0.0021,0.0074,0.0185,5e-05,0.0156,0.9844,65.44415104434673,124.48322341474872,4.0116129032258065,-0.5793548387096776,True,Sustainable
Efton Chism,WR,NE,24.0,11.0,Active,1.0,12542,,,6704a490-2534-11f0-a084-3df705a62310,00-0040563,,,,,,,,,,0.0,0.0,0.0,0.0,0.0,3.0,75.0,1.0,3.0,,,0.17875,0.0062240663900414,169.9,169.9,,,,0.0,0.0,7.66,7.66,7.66,-206.29838496408095,8.0,2.0625,4.31308225882936,0.0,0.875,2.091191398220296,False,,,False,True,2.264951402210253,False,4.0364957872733065,10.786169746713494,2.775070853694242,13.624550787772218,0.0,0.0,0.0,0.0,0.0,1.0,4.7346146595132215,10.19984744576555,,,False,
Jauan Jennings,WR,MIN,29.0,6.0,Active,6.0,7049,3886598.0,32887.0,3ae9f0fa-c711-4663-80cf-4707856c07aa,00-0036259,0.0,0.0,0.0,0.0,0.0,77.0,975.0,6.0,113.0,0.0,0.0,0.0,0.0,0.0,55.0,643.0,9.0,90.0,0.744,0.2202729044834308,0.8206666666666667,0.1636363636363636,169.3,169.3,150.0,9.0,5 out of 5 stars,133.9,134.15,15.446029303413628,142.3197408859349,149.59602930341364,-71.63864407814606,30.0,12.793333333333331,9.061321108419296,0.1,0.2333333333333333,0.7082846098295438,False,,0.8419159663865546,True,False,0.7671369639157103,False,88.05023005083835,193.3802909338692,62.893396191348614,228.9705664086854,0.01775,0.04855,0.08525,0.00195,0.1023,0.8977,102.61824447548062,177.86813954536112,12.1290625,0.33218749999999986,True,Sustainable
Rachaad White,RB,WAS,27.0,7.0,Active,4.0,8136,,,4d3f2f57-215c-4cb4-bf75-a7ecdcdded70,00-0037256,0.0,0.0,613.0,3.0,144.0,51.0,393.0,6.0,57.0,0.0,0.0,572.0,4.0,132.0,40.0,218.0,0.0,45.0,0.56625,0.1012433392539964,0.5105882352941177,0.0831792975970425,118.6,118.6,116.0,8.0,4 out of 5 stars,170.0,170.12000000000003,33.61819504435398,176.54036757282051,203.73819504435403,-35.53682305777863,32.0,10.89375,6.737614084257653,0.09375,0.25,0.618484368032831,False,,0.8786218487394957,True,False,0.689685890692356,False,106.9255416279842,241.61430655188124,75.24179901307403,290.99236455432657,0.05965,0.16575,0.2774,0.00625,0.3536,0.6464,118.5681208223278,227.045509327318,10.215454545454547,0.27242424242424157,True,Sustainable
Malik Washington,WR,MIA,25.0,6.0,Active,2.0,11610,,,d7f4fd2c-ba4f-49ca-bd92-443a506e9eb4,00-0039880,0.0,0.0,25.0,1.0,5.0,26.0,223.0,0.0,36.0,0.0,0.0,110.0,1.0,17.0,46.0,317.0,3.0,65.0,0.4471428571428571,0.0633802816901408,0.57,0.1406926406926407,170.2,170.2,209.0,11.0,3 out of 5 stars,106.9,106.88,63.003097563630135,169.88309756363014,169.88309756363014,-44.0752874004508,31.0,5.467741935483871,3.761417028795947,0.0,0.5483870967741935,0.6879287781278723,False,,0.8645882352941175,False,True,0.745089737824835,True,118.84047863120416,227.75366938821017,89.140238423084,263.2910486952541,0.03395,0.098,0.15135,0.00245,0.201,0.799,131.9855131785883,210.45515567588328,5.995517241379311,-0.21965517241379384,False,Sustainable
Sam Darnold,QB,SEA,29.0,11.0,Active,8.0,4943,3912547.0,30973.0,13d826c5-9b22-4e0a-a877-02d8c84c546b,00-0034869,4319.0,35.0,212.0,1.0,67.0,0.0,0.0,0.0,0.0,4048.0,25.0,95.0,0.0,35.0,0.0,0.0,0.0,0.0,0.9941176470588234,,0.9617647058823532,,164.5,164.5,136.0,9.0,4 out of 5 stars,266.4,307.896,-19.97436811036911,287.92163188963093,287.92163188963093,-40.57217042526554,34.0,19.98176470588235,10.159941979847527,0.3235294117647059,0.2941176470588235,0.5084606955088697,False,,0.8526050420168068,False,True,0.8235601683771796,False,199.45497096632943,381.5297072679317,132.01798587427453,434.1117070404641,0.3234,0.46885,0.1883,0.05295,0.3234,0.6766,229.89921082661135,341.20652671229647,16.869999999999997,-0.5710526315789437,False,Sustainable
Charlie Jones,WR,CIN,27.0,6.0,Active,3.0,10228,,,c634c231-61fb-4725-8533-2cce14bfebbf,00-0038576,0.0,0.0,0.0,0.0,0.0,1.0,5.0,0.0,1.0,0.0,0.0,0.0,0.0,0.0,0.0,0.0,0.0,1.0,0.055,0.001592356687898,0.0214285714285714,0.0016447368421052,170.0,170.0,,,,0.0,0.0,36.379999999999995,36.379999999999995,36.379999999999995,-177.57838496408095,21.0,0.0714285714285714,0.3273268353539886,0.0,1.0,4.582575694955841,False,,0.7494789915966386,False,True,4.963348287898538,False,15.210930452170542,53.63173587955052,9.352227191858804,69.52515615761257,0.0,5e-05,0.00025,0.0,0.00015,0.99985,22.538354017661018,48.51592100063358,,,False,
Andy Dalton,QB,PHI,38.0,10.0,Active,15.0,829,14012.0,24822.0,d2a0e5af-3850-4f16-8e40-a0b1d15c2ce1,00-0027973,989.0,7.0,34.0,0.0,11.0,0.0,0.0,0.0,0.0,293.0,1.0,-2.0,0.0,5.0,0.0,0.0,0.0,0.0,0.81,,0.38,,170.0,170.0,,,,9.9,11.900000000000002,-0.1407951876103799,11.759204812389624,11.759204812389624,-316.73459750250686,10.0,8.847999999999999,10.603597712307105,0.1,0.7,1.1984174629641846,False,,,True,False,1.941091801790448,False,3.5129020712549277,16.593170756542232,2.1548664484543028,24.375163530481455,0.0,5e-05,0.04085,0.0,0.0,1.0,4.16319827847398,16.31245047205121,8.791,-1.7430000000000003,True,Buy-low
Jayden Reed,WR,GB,26.0,11.0,Active,3.0,10222,,,23a306bc-5f77-4574-a575-bd599f243185,00-0039146,0.0,0.0,163.0,1.0,20.0,55.0,857.0,6.0,75.0,0.0,0.0,28.0,0.0,3.0,19.0,207.0,1.0,22.0,0.631764705882353,0.1616379310344827,0.4114285714285714,0.0478260869565217,138.3,138.3,112.0,8.0,5 out of 5 stars,176.1,175.83999999999995,28.46255828585706,190.27883286211787,204.302558285857,-23.679552101963083,22.0,11.25,7.732353180907202,0.0909090909090909,0.1818181818181818,0.6873202827473068,False,,0.7998991596638655,False,True,0.7444306817161387,False,107.60980726693757,266.4961215930576,70.82896291461604,316.42063108334173,0.1051,0.13695,0.1449,0.0215,0.31305,0.68695,140.78863216582027,236.2910334274753,8.241249999999999,3.000416666666668,False,TD-lucky
Greg Zuerlein,K,,37.0,,Active,13.0,1266,14993.0,25881.0,93d11276-45d2-4168-a9b7-df0cbf12dabb,00-0029621,0.0,0.0,0.0,0.0,0.0,0.0,0.0,0.0,0.0,,,,,,,,,,,,,,170.0,170.0,,,,,,,,,,8.0,4.5,2.7255405754769875,0.0,0.375,0.6056756834393305,False,,0.8519607843137255,False,False,1.0628967178265871,False,,,,,,,,,,,,,,,False,
Jason Brownlee,WR,KC,27.0,5.0,Active,3.0,11311,,,f286b160-eba8-11ed-87ba-cb97497fad29,00-0038492,,,,,,,,,,0.0,0.0,0.0,0.0,0.0,0.0,0.0,0.0,1.0,,,0.0683333333333333,0.0018214936247723,170.0,170.0,,,,,,,,,,,,,,,,True,,,False,True,1.0,False,,,,,,,,,,,,,,,False,
Anders Carlson,K,,27.0,,Active,2.0,11008,,,5a6ae290-675d-401a-aaee-140a272cf061,00-0038402,0.0,0.0,0.0,0.0,0.0,0.0,0.0,0.0,0.0,,,,,,,,,,,,,,170.0,170.0,,,,,,,,,,,,,,,,True,,0.8819607843137255,False,False,1.0,False,,,,,,,,,,,,,,,False,
Gee Scott,TE,NYJ,25.0,13.0,Active,1.0,12981,,,8b202ea0-2532-11f0-b529-67be36c4abe8,00-0040571,,,,,,,,,,,,,,,,,,,,,,,,,,,,,,,,,,,,,,,,True,,,False,False,1.0,False,,,,,,,,,,,,,,,True,
Chris Brooks,RB,GB,26.0,11.0,Active,3.0,11370,,,35a0d440-f017-11ed-bedb-53f19b227cc3,00-0038685,0.0,0.0,183.0,1.0,36.0,11.0,69.0,0.0,13.0,0.0,0.0,106.0,0.0,27.0,13.0,91.0,0.0,17.0,0.1966666666666666,0.0280172413793103,0.2005882352941176,0.0369565217391304,170.2,170.2,265.0,12.0,4 out of 5 stars,66.9,66.88,15.57781873094456,82.45781873094455,82.45781873094455,-129.6193718996546,28.0,2.6750000000000003,2.501647605227551,0.0,0.8928571428571429,0.9351953664402058,False,,0.7273613445378151,False,True,1.04285747969048,False,32.40832919100381,123.84058707187428,19.54872923121385,160.42785687913536,0.0042,0.0197,0.06815,0.0003,0.0492,0.9508,52.78279030811279,106.97232923291064,3.2614814814814816,-0.24296296296296305,False,Sustainable
Dylan Laube,RB,LV,26.0,13.0,Active,2.0,11574,,,de5b56bd-33f0-48bc-b1e3-9523bd6bba64,00-0039407,0.0,0.0,0.0,0.0,1.0,0.0,0.0,0.0,0.0,0.0,0.0,9.0,0.0,7.0,3.0,18.0,0.0,4.0,0.004,0.0,0.0288235294117647,0.0080971659919028,170.0,170.0,434.0,15.0,2 out of 5 stars,0.0,0.0,20.38,20.38,20.38,-191.69719063059915,23.0,0.2478260869565217,0.8100895378219235,0.0,1.0,3.268782345597235,False,,0.770156862745098,False,True,3.645093037150141,True,8.98553962195542,30.641447447460987,5.451550874157114,39.34844431431098,0.0,0.0,5e-05,0.0,0.0,1.0,12.763041590349893,27.53290644191644,,,False,
Andrew Beck,RB,NYJ,30.0,13.0,Active,7.0,6323,3125107.0,32225.0,b556a98d-16aa-4a0d-9134-1b59c46cc640,00-0034959,0.0,0.0,0.0,0.0,0.0,0.0,0.0,0.0,2.0,0.0,0.0,5.0,0.0,1.0,6.0,45.0,2.0,9.0,,,,,170.1,170.1,,,,14.8,14.760000000000002,1.6850255996027623,16.445025599602765,16.445025599602765,-195.6321650309964,13.0,1.7692307692307692,2.5701441643691947,0.0,0.0,1.4526901798608491,False,,,False,True,1.6199276366257078,False,7.571161946289711,23.71669058342245,4.823322757413352,30.521623832392912,0.0,0.0,0.0,0.0,0.0,1.0,9.54005971140302,21.946780765470912,2.1344444444444446,0.42111111111111077,False,Sustainable
Kadarius Toney,WR,,25.0,,Active,3.0,7606,,,b4af6462-3e3a-49d5-9d96-482ad9f3c0c8,00-0036913,0.0,0.0,-4.0,0.0,2.0,0.0,0.0,0.0,1.0,,,,,,,,,,0.0733333333333333,0.001577287066246,,,170.0,170.0,,,,,,,,,,,,,,,,True,,,False,False,1.0,False,,,,,,,,,,,,,,,False,
Cade Otton,TE,TB,27.0,10.0,Active,4.0,8111,,,f23517bd-ae85-484a-8ecb-1f7a2d851e48,00-0038129,0.0,0.0,-4.0,0.0,1.0,59.0,600.0,4.0,87.0,0.0,0.0,0.0,0.0,0.0,59.0,572.0,1.0,81.0,0.9285714285714286,0.1545293072824156,0.935,0.1497227356746765,170.4,170.4,240.0,11.0,2 out of 5 stars,131.7,132.0,16.922073781679963,140.1785429346495,148.92207378167996,-37.11443372160301,29.0,9.13103448275862,7.002810836079418,0.1724137931034483,0.2413793103448276,0.7669241474558276,False,,0.8596974789915967,False,True,0.8685245547611572,False,87.50731423306092,187.71837510350392,65.86986270447326,225.33262959009772,0.18415,0.34415,0.28725,0.02635,0.18415,0.81585,96.29706406205364,177.98268584573273,9.433666666666666,-0.500333333333332,False,Sustainable
Chris Moore,WR,BAL,33.0,13.0,Active,10.0,3269,2576581.0,29341.0,0b504d67-639b-4ba8-979a-498a3086257b,00-0032398,,,,,,,,,,0.0,0.0,9.0,0.0,1.0,11.0,207.0,1.0,23.0,0.09,,0.4857142857142857,0.0532407407407407,170.0,170.0,,,,,,,,,,10.0,3.86,4.321573787406621,0.0,0.8,1.1195787014006788,False,,0.705764705882353,True,False,1.2126060540323005,True,,,,,,,,,,,,,5.26125,-0.43625000000000025,True,Sustainable
Stephen Sullivan,TE,,28.0,,Active,5.0,6970,4035426.0,32921.0,a41b8454-0326-4c56-87a2-f2aac3814961,00-0036438,0.0,0.0,0.0,0.0,0.0,0.0,0.0,0.0,1.0,,,,,,,,,,0.11,0.0019305019305019,,,170.0,170.0,,,,,,,,,,,,,,,,True,,,False,False,1.0,False,,,,,,,,,,,,,,,False,
Brenden Bates,TE,CLE,26.0,11.0,Active,2.0,12374,,,eb055af0-0e1a-11ef-aa6c-9183e6948e0f,00-0039458,0.0,0.0,0.0,0.0,0.0,0.0,0.0,0.0,1.0,0.0,0.0,0.0,0.0,0.0,4.0,48.0,0.0,5.0,0.0871428571428571,0.001577287066246,0.27,0.0057471264367816,170.0,170.0,,,,,,,,,,,,,,,,True,,,False,True,1.0,True,,,,,,,,,,,,,,,False,
CJ Williams,WR,JAX,22.0,7.0,Active,0.0,13554,,,a92ac2af-70d0-4eb6-a741-38d432797d4f,WIL189259,,,,,,,,,,,,,,,,,,,,,,,170.0,170.0,,,,,,,,,,,,,,,,True,203.0,,False,False,1.0,False,,,,,,,,,,,,,,,False,
CJ Daniels,WR,LAR,24.0,11.0,Active,0.0,13270,,,d9f1a46d-555a-45b6-90cf-245fc29709c3,DAN490797,,,,,,,,,,,,,,,,,,,,,,,170.0,170.0,416.0,15.0,1 out of 5 stars,9.7,9.48,1.1081192976101044,10.588119297610104,10.588119297610104,-203.37026566647089,,,,,,,True,197.0,,False,False,1.0,False,6.031159709400145,13.753921074322704,4.256757464579399,16.58454311808702,0.0,0.0,0.0,0.0,0.0,1.0,7.034447452629592,12.738195395595517,,,False,
Kimani Vidal,RB,LAC,24.0,7.0,Active,2.0,11647,,,ed923635-f021-4b76-9dbb-9f1901eeaab9,00-0039391,0.0,0.0,155.0,0.0,43.0,5.0,62.0,1.0,9.0,0.0,0.0,643.0,3.0,155.0,16.0,136.0,1.0,22.0,0.277,0.0183299389002036,0.5446153846153846,0.0404411764705882,170.3,170.3,178.0,10.0,3 out of 5 stars,61.0,61.03,17.20386623115988,78.23386623115988,78.23386623115988,-133.84332439943927,22.0,6.845454545454547,7.246787614931925,0.0909090909090909,0.6818181818181818,1.0586276728320207,False,,,False,True,1.1804996329510646,False,38.87344088107514,111.66927205332674,24.94010563414297,140.6112510787208,0.0012,0.01145,0.04355,0.0,0.0262,0.9738,48.90325751853449,102.5359971838048,8.409545454545453,-1.2413636363636353,False,Buy-low
Josh Cuevas,TE,BAL,22.0,13.0,Active,0.0,13273,,,39c65aa3-f28d-4b3e-8cd6-e204cf33ce27,CUE040912,,,,,,,,,,,,,,,,,,,,,,,170.0,170.0,,,,8.6,8.68,1.0635017505671045,9.743501750567104,9.743501750567104,-167.5494749056854,,,,,,,True,173.0,,False,False,1.0,True,4.256109868601737,13.35063694841111,2.9061011050170307,17.42879595346316,0.0,0.0,0.0,0.0,0.0,1.0,4.983234581904955,12.691145141396111,,,False,
Jack Endries,TE,CIN,22.0,6.0,Active,0.0,13282,,,086abbb5-f5ce-4188-8c77-2808a10e3402,END438361,,,,,,,,,,,,,,,,,,,,,,,170.0,170.0,478.0,15.0,3 out of 5 stars,31.3,31.3,4.078810663571642,35.37881066357164,35.37881066357164,-141.91416599268086,,,,,,,True,221.0,,False,False,1.0,False,15.348389820193283,47.822078894595144,10.547035673870566,62.99578948927096,0.00085,0.00705,0.03185,0.0,0.00085,0.99915,18.107971523259337,46.25412428127562,,,False,
Khalil Herbert,RB,,27.0,,Active,5.0,7608,,,02af99e0-3c84-4d4e-937a-a9f29a02323b,00-0036906,0.0,0.0,130.0,1.0,36.0,10.0,25.0,0.0,11.0,0.0,0.0,52.0,0.0,16.0,1.0,4.0,0.0,4.0,0.135,0.0143312101910828,0.1357142857142857,0.0084745762711864,170.0,170.0,422.0,15.0,-,,,,,,,16.0,2.38125,4.192885839927754,0.0,0.875,1.7607919537754348,False,,,True,False,1.9634988849048496,False,,,,,,,,,,,,,5.410909090909091,-1.9472727272727273,True,Buy-low
Harrison Butker,K,KC,31.0,5.0,Active,9.0,4227,3055899.0,30346.0,4ceb866c-8eaf-49b5-9043-56228e43a2e5,00-0033303,0.0,0.0,0.0,0.0,0.0,0.0,0.0,0.0,0.0,0.0,0.0,0.0,0.0,0.0,0.0,0.0,0.0,0.0,,,,,152.1,152.1,245.0,11.0,5 out of 5 stars,131.8,33.0,118.4828316294286,151.48283162942857,151.48283162942857,1.9233415368600788,30.0,8.233333333333333,4.215597747391952,0.1666666666666666,0.2666666666666666,0.5120159207358647,False,,0.9492436974789916,False,True,0.8985337475243418,False,104.1213941514158,196.85434470315604,83.60058829666805,230.38967231224927,0.45975,0.3764,0.16385,0.11885,0.45975,0.54025,106.36067007321776,190.00074250472468,,,False,
Steven Sims,WR,,28.0,,Active,7.0,6402,3917960.0,32187.0,4a213e4e-b0ba-4124-833e-33c528bd5908,00-0034928,0.0,0.0,0.0,0.0,1.0,0.0,0.0,0.0,0.0,0.0,0.0,0.0,0.0,0.0,0.0,0.0,0.0,1.0,0.0155555555555555,0.0,0.0699999999999999,0.0016207455429497,170.0,170.0,,,,,,,,,,12.0,0.0,0.0,0.0,1.0,,False,,,True,False,1.0,False,,,,,,,,,,,,,,,True,
Ko Kieft,TE,TB,28.0,10.0,Active,4.0,8484,,,f96b8338-4ffb-4612-8c29-58dc3b12db69,00-0037311,0.0,0.0,0.0,0.0,0.0,0.0,0.0,0.0,0.0,0.0,0.0,0.0,0.0,0.0,0.0,0.0,0.0,0.0,0.0864705882352941,0.0,0.14,0.0,170.0,170.0,,,,,,,,,,,,,,,,True,,,False,True,1.0,False,,,,,,,,,,,,,,,False,
Jaxon Smith-Njigba,WR,SEA,24.0,11.0,Active,3.0,9488,,,6215db71-1e13-4c62-8f14-2005d33dee47,00-0038543,35.0,0.0,26.0,0.0,5.0,100.0,1130.0,6.0,137.0,0.0,0.0,36.0,0.0,7.0,119.0,1793.0,10.0,163.0,0.8641176470588235,0.2407732864674868,0.7741176470588236,0.3582417582417582,6.0,6.0,5.0,1.0,3 out of 5 stars,337.0,337.03000000000003,39.002618144086135,345.2776731269015,376.03261814408614,131.31928816282056,34.0,18.08529411764706,8.66826788307166,0.4411764705882353,0.1176470588235294,0.4792992486980589,False,,0.9091428571428573,False,True,0.5191248904049998,False,274.97233399822386,423.66938707597177,232.47971024143175,470.98744780885096,0.658,0.20795,0.0596,0.2257,0.90625,0.09375,284.446080104349,400.80322736885114,15.405945945945945,2.4805405405405416,False,Sustainable
Lew Nichols,RB,PIT,24.0,9.0,Active,3.0,9510,,,72e4032d-8d7b-484f-95a2-a73fbb2c67f4,00-0038409,,,,,,,,,,0.0,0.0,0.0,0.0,0.0,0.0,0.0,0.0,0.0,,,0.0,0.0,170.0,170.0,,,,,,,,,,,,,,,,True,,,False,True,1.0,True,,,,,,,,,,,,,,,False,
Isaiah Davis,RB,NYJ,24.0,13.0,Active,2.0,11571,,,849789be-b8f0-4d97-a777-2fcf336efa6a,00-0039798,0.0,0.0,174.0,1.0,30.0,9.0,75.0,1.0,12.0,0.0,0.0,236.0,1.0,43.0,21.0,186.0,0.0,28.0,0.0999999999999999,0.0203735144312393,0.28,0.059322033898305,170.1,170.1,259.0,12.0,3 out of 5 stars,37.6,37.82,18.225241274547564,56.04524127454757,56.04524127454757,-156.03194935605157,29.0,3.968965517241379,4.834555929398559,0.0,0.7931034482758621,1.2180896781282209,False,,0.8289803921568627,False,True,1.3583193173904633,False,28.004417565731092,80.11300818882634,18.13491419831266,101.09199891188958,0.0,0.0011,0.0128,0.0,0.0051,0.9949,34.12941653469575,74.5862164890045,4.062083333333333,0.8170833333333336,False,Sustainable
Jaylen Waddle,WR,DEN,27.0,10.0,Active,5.0,7526,,,0ff9a975-669d-4851-a95d-ab28d9fc29c4,00-0036613,0.0,0.0,12.0,0.0,4.0,58.0,744.0,2.0,83.0,8.0,0.0,28.0,0.0,2.0,64.0,910.0,6.0,100.0,0.7866666666666667,0.1461267605633802,0.77625,0.2164502164502164,59.7,59.7,39.0,5.0,2 out of 5 stars,203.7,203.77,24.358392486443595,221.37197668109596,228.1283924864436,7.413591717015009,31.0,10.958709677419357,6.886144418049665,0.0967741935483871,0.1935483870967742,0.6283718266794407,False,,0.8587226890756303,True,False,0.6805841163837301,False,156.8287197849932,288.742153493229,115.71386529304132,327.95893411729554,0.132,0.21545,0.2157,0.017,0.45795,0.54205,175.41055974397557,263.99588677781094,10.355806451612905,0.8061290322580632,True,Sustainable
Jahdae Walker,WR,CHI,24.0,10.0,Active,1.0,13079,,,46352a70-25f5-11f0-83f2-77ca9eeac893,00-0040277,,,,,,,,,,0.0,0.0,0.0,0.0,0.0,6.0,87.0,2.0,10.0,,,0.151111111111111,0.018796992481203,169.9,169.9,462.0,15.0,3 out of 5 stars,60.3,60.23,6.496372172488164,66.72637217248815,66.72637217248815,-147.2320127915928,,,,,,,True,,,False,True,1.0,False,40.36652224068269,91.1027006845723,28.389461272409427,109.35919382660605,0.0,0.00045,0.00155,0.0,0.00095,0.99905,46.87186340638008,84.46245796110556,,,False,
,DEF,BAL,,13.0,,,BAL,,,,,,,,,,,,,,,,,,,,,,,,,,,,,,,,,,,,,,,,,,,,True,,,False,False,1.0,True,,,,,,,,,,,,,,,False,
Brenen Thompson,WR,LAC,23.0,7.0,Active,0.0,13380,,,c6e9feed-f5de-4717-84af-0c17af9e2a73,THO495568,,,,,,,,,,,,,,,,,,,,,,,170.0,170.0,363.0,14.0,2 out of 5 stars,27.3,27.32,3.405289503267349,30.725289503267348,30.725289503267348,-183.2330954608136,,,,,,,True,105.0,,False,False,1.0,False,16.88587697293417,38.63550743198297,11.830342843351232,46.71018138302921,0.0,0.0,0.0,0.0,0.0,1.0,19.708742257093977,35.69299597500197,,,False,
Clyde Edwards-Helaire,RB,,26.0,,Active,6.0,6820,4242214.0,32702.0,8aa01565-4481-443a-9951-642c98ded113,00-0036360,0.0,0.0,46.0,0.0,13.0,3.0,24.0,0.0,5.0,0.0,0.0,13.0,0.0,7.0,2.0,9.0,0.0,2.0,0.35,0.0096711798839458,0.105,0.0036429872495446,170.0,170.0,,,,,,,,,,,,,,,,True,,0.6265210084033613,True,False,1.0,False,,,,,,,,,,,,,,,True,
Justin Joly,TE,DEN,22.0,10.0,Active,0.0,13400,,,014c6825-61ca-486d-9c4d-ca0968b58888,JOL735174,,,,,,,,,,,,,,,,,,,,,,,170.0,170.0,364.0,14.0,4 out of 5 stars,28.5,28.5,3.769391167596111,32.26939116759611,32.26939116759611,-145.0235854886564,,,,,,,True,152.0,,False,False,1.0,False,14.349356518121072,43.73642518647554,9.777967955877145,56.92196180130637,0.0006,0.00425,0.0245,0.0,0.0006,0.9994,16.549193740860524,42.06275623415381,,,False,
Jaelon Darden,WR,,26.0,,Active,4.0,7713,,,ada174f6-9300-46ba-833f-018d007f20ce,00-0036877,0.0,0.0,0.0,0.0,0.0,1.0,6.0,0.0,1.0,,,,,,,,,,0.0258333333333333,0.001577287066246,,,170.0,170.0,,,,,,,,,,11.0,0.1454545454545454,0.4824181513244219,0.0,1.0,3.3166247903554003,False,,,False,False,3.5922077605683613,False,,,,,,,,,,,,,,,False,
Younghoe Koo,K,,31.0,,Active,9.0,4666,3049899.0,30426.0,a8c79523-3d0e-48dd-b4c6-e3d8afd24a13,00-0033702,0.0,0.0,0.0,0.0,0.0,0.0,0.0,0.0,0.0,0.0,0.0,0.0,0.0,0.0,0.0,0.0,0.0,0.0,,,,,169.8,169.8,,,,,,,,,,20.0,7.45,5.491380806126519,0.1,0.35,0.737098094782083,False,,0.8652100840336134,True,False,1.2935291395738928,False,,,,,,,,,,,,,,,True,
Brandin Cooks,WR,,32.0,,Active,12.0,2197,16731.0,27548.0,b6b954eb-4591-4b7a-86b9-a481f15fdd58,00-0031236,0.0,0.0,-3.0,0.0,3.0,26.0,259.0,3.0,54.0,0.0,0.0,0.0,0.0,0.0,24.0,279.0,0.0,36.0,0.6980000000000001,0.0868167202572347,0.5453333333333333,0.0442477876106194,170.0,170.0,,,,,,,,,,23.0,5.282608695652174,3.905433531273279,0.0,0.6956521739130435,0.7393001746443245,False,,0.7333025210084032,True,False,0.8007296551812567,False,,,,,,,,,,,,,7.0796,-1.7075999999999993,True,Buy-low
Daniel Jones,QB,IND,29.0,13.0,Active,7.0,5870,3917792.0,31838.0,0042266b-cb28-4012-bfd2-06650badad97,00-0035710,2070.0,8.0,265.0,2.0,67.0,0.0,0.0,0.0,0.0,3101.0,19.0,164.0,5.0,45.0,0.0,0.0,0.0,0.0,0.979,,0.9146153846153846,,163.8,163.8,153.0,9.0,4 out of 5 stars,250.8,285.21399999999994,-24.281913368085984,260.93208663191393,260.93208663191393,-67.56171568298254,23.0,18.423478260869565,8.598487503728704,0.217391304347826,0.2608695652173913,0.4667135804638698,False,,,False,True,0.7559418423208997,False,176.26372446266316,346.6782191817658,117.84934670539624,396.97063698095536,0.23075,0.49095,0.25625,0.02905,0.23075,0.76925,207.13388520364427,309.6033735910131,17.854782608695654,-1.717391304347828,False,Sustainable
Eli Raridon,TE,NE,22.0,11.0,Active,0.0,13421,,,aa71e3dc-07e5-4f99-ad1a-2f95ced64c28,RAR148318,,,,,,,,,,,,,,,,,,,,,,,169.9,169.9,378.0,14.0,4 out of 5 stars,46.5,46.18,5.964477497971935,52.144477497971934,52.144477497971934,-125.14849915828056,,,,,,,True,95.0,,False,False,1.0,False,22.18744793975523,68.8699663784612,15.143724613290368,89.69569468677389,0.00495,0.02645,0.08895,0.0004,0.00495,0.99505,25.664807371901414,65.53670434489088,,,False,
Darrynton Evans,RB,,27.0,,Inactive,5.0,7064,4036431.0,32763.0,eb3c219d-6489-4f2f-a542-bdbf7423a325,00-0036297,0.0,0.0,3.0,0.0,3.0,0.0,0.0,0.0,0.0,,,,,,,,,,0.016,0.0,,,170.0,170.0,,,,,,,,,,,,,,,,True,,,False,False,1.0,False,,,,,,,,,,,,,,,True,
T.J. Hockenson,TE,MIN,29.0,6.0,Active,7.0,5844,4036133.0,31840.0,bd1120b6-38b3-4225-a4b0-20660a149d0d,00-0035229,0.0,0.0,0.0,0.0,0.0,41.0,455.0,0.0,62.0,0.0,0.0,0.0,0.0,1.0,51.0,438.0,3.0,66.0,0.615,0.1199226305609284,0.7793333333333333,0.141025641025641,136.5,136.5,175.0,10.0,4 out of 5 stars,140.2,140.36999999999998,18.96863292821855,150.61513507217123,159.33863292821852,-26.67784158408128,25.0,7.972,4.4746992450145,0.12,0.2,0.5613019624955469,False,,0.8092773109243697,False,True,0.6356619995344289,False,89.74768850464412,207.87723740996935,61.49864907926392,244.37262107304431,0.257,0.34775,0.2192,0.0356,0.257,0.743,112.72703149716972,185.91254288612043,8.60153846153846,-0.26692307692307615,False,Sustainable
Ryan Fitzgerald,K,CAR,25.0,5.0,Active,1.0,12961,,,7bf5a2e0-2512-11f0-9825-33176da47896,00-0040279,,,,,,,,,,0.0,0.0,0.0,0.0,0.0,0.0,0.0,0.0,0.0,,,,,169.8,169.8,385.0,14.0,0 out of 5 stars,107.0,26.1,96.54868909624894,122.64868909624894,122.64868909624894,-26.91080099631955,17.0,6.411764705882353,4.886957431897322,0.1764705882352941,0.4117647058823529,0.7621860214885732,False,,0.976,False,True,1.3375557955591226,False,84.53921291844951,159.80628698070203,67.8239898131411,186.7562954442364,0.2496,0.43365,0.31675,0.0385,0.2496,0.7504,86.29049307494307,155.46893184191546,,,False,
Chad Ryland,K,ARI,26.0,14.0,Active,3.0,10955,,,c77efa70-0691-4a21-8064-a5880569b559,00-0038567,0.0,0.0,0.0,0.0,0.0,0.0,0.0,0.0,0.0,0.0,0.0,0.0,0.0,0.0,0.0,0.0,0.0,0.0,,,,,169.9,169.9,403.0,14.0,2 out of 5 stars,111.7,25.3,100.70960615636268,126.00960615636268,126.00960615636268,-23.549883936205816,30.0,8.5,4.739780294631736,0.1666666666666666,0.2666666666666666,0.5576212111331454,False,,0.9492436974789916,False,True,0.9785662051649392,True,85.76727830899132,163.56917861144282,69.00533346939046,192.81900439269447,0.2747,0.42965,0.29565,0.0471,0.2747,0.7253,88.0012163720806,159.1776191561324,,,False,
TreVeyon Henderson,RB,NE,23.0,11.0,Active,1.0,12529,,,0d9788e6-03ee-416d-8ba2-deb57037d209,00-0040734,,,,,,,,,,0.0,0.0,911.0,9.0,180.0,35.0,221.0,1.0,42.0,,,0.4588235294117647,0.0871369294605809,64.9,64.9,59.0,6.0,2 out of 5 stars,201.6,201.63999999999996,52.044398838137965,236.92643319380153,253.68439883813792,24.84924256320238,17.0,12.247058823529413,9.522678040279612,0.1764705882352941,0.2941176470588235,0.7775481589085178,False,,0.8535999999999999,False,True,0.8670615172355595,False,152.97428723758043,318.7605348104864,102.66178605883844,374.2996609711467,0.1821,0.3094,0.27,0.0226,0.6403,0.3597,176.68659530070758,290.24937528399136,9.952380952380953,0.6238095238095234,False,Sustainable
Elijah Sarratt,WR,BAL,23.0,13.0,Active,0.0,13268,,,88739764-6bec-4d65-9381-a75510c5f595,SAR527100,,,,,,,,,,,,,,,,,,,,,,,170.1,170.1,267.0,12.0,4 out of 5 stars,59.2,59.35,6.51199106664988,65.86199106664988,65.86199106664988,-148.09639389743108,,,,,,,True,115.0,,False,False,1.0,True,37.561062381952794,86.04498789502233,26.48488930729485,102.7660585218986,0.0,5e-05,0.0009,0.0,0.00035,0.99965,43.741701619033016,79.01736289762562,,,False,
Isaac TeSlaa,WR,DET,24.0,6.0,Active,1.0,12535,,,41e5e4a9-f04c-462e-a1d1-e35a8115b974,00-0040669,,,,,,,,,,0.0,0.0,0.0,0.0,0.0,16.0,239.0,6.0,27.0,,,0.3964705882352941,0.049090909090909,170.0,170.0,190.0,10.0,4 out of 5 stars,85.0,84.97999999999999,8.664233761839963,93.64423376183996,93.64423376183996,-120.314151202241,14.0,5.421428571428572,5.606339621896264,0.0,0.5714285714285714,1.0341074401389685,False,,0.8375058823529411,False,True,1.12003286670562,False,54.739605516893135,129.18168407577053,37.39222187185511,155.6804756268365,0.001,0.00705,0.0169,5e-05,0.01385,0.98615,64.43913571192276,119.04404932410418,4.388571428571429,1.032857142857143,False,TD-lucky
D'Andre Swift,RB,CHI,27.0,10.0,Active,6.0,6790,4259545.0,32705.0,cc4b5f58-a11c-4450-a1df-617ad88336e4,00-0036275,0.0,0.0,959.0,6.0,253.0,42.0,386.0,0.0,52.0,0.0,0.0,1087.0,9.0,223.0,34.0,299.0,1.0,48.0,0.668235294117647,0.0988593155893536,0.57875,0.0902255639097744,70.6,70.6,62.0,6.0,2 out of 5 stars,222.7,222.09000000000003,47.564792395176575,250.41628464831015,269.6547923951766,38.339094017711005,33.0,13.487878787878788,6.669087155289581,0.2424242424242424,0.1212121212121212,0.4944504069300296,False,,0.8786218487394957,False,True,0.5513728186718426,False,177.60425518252688,326.25350912125305,127.28022772515632,375.83797151819414,0.20275,0.3669,0.2659,0.02,0.72735,0.27265,194.89814740891111,301.046854551826,13.220285714285714,0.12257142857142966,False,Sustainable
Geno Smith,QB,NYJ,35.0,13.0,Active,13.0,1373,15864.0,26662.0,cfc93f5e-105e-4a5e-88d3-f4279893cfa8,00-0030565,4320.0,21.0,272.0,2.0,53.0,0.0,0.0,0.0,0.0,3025.0,19.0,109.0,0.0,41.0,0.0,0.0,0.0,0.0,0.9747058823529412,,0.9646666666666668,,170.3,170.3,222.0,11.0,4 out of 5 stars,233.2,261.9920000000001,-25.69806617213262,236.29393382786745,236.29393382786745,-92.19986848702902,32.0,16.246875,8.626263885891287,0.15625,0.3125,0.5309491139613794,False,,0.8778151260504201,True,False,0.8599849419159679,False,141.9818310819329,310.03697531155206,103.07816209861772,370.624123686942,0.1482,0.4163,0.40935,0.028,0.1482,0.8518,157.02756223722767,291.14307402127235,14.2440625,-0.4946874999999995,True,Sustainable
Corey Kiner,RB,ARI,24.0,14.0,Active,1.0,12491,,,c7483e80-2574-11f0-b082-a1e374c45b00,00-0040556,,,,,,,,,,0.0,0.0,58.0,0.0,12.0,2.0,15.0,0.0,3.0,,,0.1325,0.0048622366288492,170.0,170.0,,,,,,,,,,,,,,,,True,,,False,True,1.0,True,,,,,,,,,,,,,,,False,
Tua Tagovailoa,QB,ATL,28.0,11.0,Active,6.0,6768,4241479.0,32675.0,26ad9c27-de38-495e-913c-6fb2428e76d3,00-0036212,2867.0,19.0,49.0,0.0,17.0,0.0,0.0,0.0,0.0,2660.0,20.0,43.0,0.0,20.0,0.0,0.0,0.0,0.0,0.9718181818181818,,0.9542857142857144,,170.7,170.7,272.0,12.0,4 out of 5 stars,164.4,187.79200000000003,-9.937646578493183,177.85435342150686,177.85435342150686,-150.6394488933896,25.0,16.8112,9.656476375987255,0.24,0.36,0.5744073222605915,False,,0.8357983193277311,True,False,0.9303747471858728,True,95.76852138370585,241.3426939754222,61.98650429448848,296.24295677709483,0.0591,0.27165,0.6217,0.0087,0.0591,0.9409,114.55598573853608,222.91251386611697,14.243599999999999,-0.2867999999999977,True,Sustainable
Devin Singletary,RB,NYG,28.0,8.0,Active,7.0,6130,4040761.0,31906.0,a961b0d4-5d7c-438e-90f0-2e1fa09f6c89,00-0035250,0.0,0.0,437.0,4.0,113.0,21.0,119.0,0.0,24.0,0.0,0.0,437.0,5.0,119.0,18.0,151.0,0.0,19.0,0.3893333333333333,0.0433212996389891,0.2764705882352941,0.0377733598409542,170.1,170.1,296.0,12.0,4 out of 5 stars,27.2,27.5,12.845655334748855,40.345655334748855,40.345655334748855,-171.73153529585028,32.0,6.48125,6.009048955936264,0.03125,0.65625,0.9271435226131168,False,,0.8786218487394957,False,True,1.0338786867433531,True,25.888443430675647,55.58726016471373,18.4170218547276,66.15122247537954,0.0,5e-05,5e-05,0.0,5e-05,0.99995,28.709059272196157,52.06375624052718,6.50625,-0.08749999999999947,False,Sustainable
Jalen Hurts,QB,PHI,27.0,10.0,Active,6.0,6904,4040715.0,32723.0,64bd0f02-6a5d-407e-98f1-fd02048ea21d,00-0036389,2903.0,18.0,630.0,14.0,150.0,0.0,0.0,0.0,0.0,3224.0,25.0,421.0,8.0,105.0,0.0,0.0,0.0,0.0,0.916,,0.97625,,54.9,54.9,54.0,6.0,5 out of 5 stars,322.5,363.574,-9.508930404992126,349.2669305699549,354.0650695950079,20.773128255058452,31.0,23.16709677419355,9.08232943451124,0.3870967741935484,0.1290322580645161,0.3920357187193299,False,,0.8862184873949579,False,True,0.6349851726400115,False,267.52000912704483,443.5439873327489,207.52750085129296,495.51686724136607,0.5597,0.3412,0.0856,0.1281,0.5597,0.4403,286.922388188844,406.9675451958112,19.656388888888888,0.6975000000000016,False,Sustainable
Zach Wilson,QB,NO,26.0,8.0,Active,5.0,7538,,,17bb63b1-1b0e-48e1-baf7-55cd314d0e62,00-0037013,,,,,,,,,,32.0,0.0,1.0,0.0,3.0,0.0,0.0,0.0,0.0,,,0.1125,,169.9,169.9,,,,,,,,,,,,,,,,True,,,True,False,1.0,False,,,,,,,,,,,,,,,True,
Elijah Mitchell,RB,PHI,28.0,10.0,Active,5.0,7561,,,8ba68abf-e9d2-4927-bf8d-476f271d840c,00-0036567,,,,,,,,,,0.0,0.0,0.0,0.0,0.0,0.0,0.0,0.0,1.0,,,0.1,0.0018214936247723,170.0,170.0,,,,26.1,26.1,6.055959780916968,32.15595978091697,32.15595978091697,-179.92123084968216,,,,,,,True,,,True,False,1.0,False,11.535262914642823,46.99023964632104,7.132013900988273,66.12105548689536,0.00025,0.0007,0.0044,0.0,0.00265,0.99735,14.584146726331474,45.70174286505335,,,True,
Dustin Hopkins,K,,34.0,,Active,12.0,1348,15965.0,26800.0,058c99fc-470c-4579-a165-03e043335cc1,00-0030098,0.0,0.0,0.0,0.0,0.0,0.0,0.0,0.0,0.0,,,,,,,,,,,,,,170.0,170.0,,,,,,,,,,16.0,5.0,4.979959839195493,0.0625,0.5625,0.9959919678390984,False,,0.9505882352941176,False,False,1.747860484651376,False,,,,,,,,,,,,,,,True,
Ladd McConkey,WR,LAC,24.0,7.0,Active,2.0,11635,,,473bc7e5-c393-4f21-9e49-3ffc16711238,00-0039915,0.0,0.0,0.0,0.0,0.0,82.0,1149.0,7.0,112.0,0.0,0.0,0.0,0.0,0.0,66.0,789.0,6.0,106.0,0.731875,0.2281059063136456,0.775,0.1948529411764706,56.4,56.4,35.0,4.0,2 out of 5 stars,212.5,212.39,28.353366680535952,232.9845816862882,240.74336668053593,19.02619672220726,32.0,13.11875,7.149754676594426,0.1875,0.1875,0.5450027385684174,False,,0.874392156862745,False,True,0.5902877747008248,False,173.9774339535471,298.21717031774585,134.4113692640736,334.39818377818796,0.1551,0.25385,0.2283,0.0173,0.52875,0.47125,188.42589333731024,273.62671162505256,12.078823529411764,1.5476470588235305,False,Sustainable
Demond Claiborne,RB,MIN,22.0,6.0,Active,0.0,13347,,,b17d816a-b687-488f-ac03-7dcba5aae0b6,CLA041524,,,,,,,,,,,,,,,,,,,,,,,170.2,170.2,278.0,12.0,4 out of 5 stars,23.7,23.770000000000003,5.353261496216915,29.12326149621692,29.12326149621692,-182.95392913438224,,,,,,,True,198.0,,False,False,1.0,False,9.80287008931722,40.704579362754885,6.125993485675859,56.569530266200665,5e-05,0.00045,0.0023,0.0,0.0011,0.9989,12.31159427366675,39.44350304859995,,,False,
Ricky White,WR,SEA,24.0,11.0,Active,1.0,12475,,,f2e485f8-ba20-4c1c-b279-41dcdcb28d03,00-0040653,,,,,,,,,,,,,,,,,,,,,0.12,,170.0,170.0,,,,,,,,,,,,,,,,True,,,False,False,1.0,False,,,,,,,,,,,,,,,False,
Brian Robinson,RB,ATL,27.0,11.0,Active,4.0,8154,,,795f636e-6f7f-4bc7-a346-2862272abead,00-0037746,0.0,0.0,799.0,8.0,187.0,20.0,159.0,0.0,25.0,0.0,0.0,400.0,2.0,92.0,8.0,25.0,0.0,12.0,0.5157142857142857,0.0496031746031746,0.1670588235294117,0.0218181818181818,168.8,168.8,166.0,10.0,2 out of 5 stars,93.0,92.61,29.678539261019136,122.28853926101914,122.28853926101914,-89.78865136958001,31.0,7.300000000000001,5.864355605406845,0.032258064516129,0.5483870967741935,0.8033363843023075,False,,0.8534117647058823,True,False,0.8958185499422404,True,47.01918503481511,151.87032568881065,31.22968335743333,200.06755274379415,0.0169,0.0464,0.10315,0.0035,0.1048,0.8952,55.63242114543851,144.4962229463805,8.506176470588235,-1.0032352941176468,True,Sustainable
Casey Washington,WR,,25.0,,Active,2.0,11806,,,98b9b952-b31f-47c4-9fac-9d7516af34df,00-0039394,0.0,0.0,0.0,0.0,0.0,1.0,14.0,0.0,2.0,0.0,0.0,0.0,0.0,0.0,6.0,94.0,0.0,14.0,0.01625,0.0037105751391465,0.37,0.0269749518304431,170.0,170.0,,,,,,,,,,,,,,,,True,,,True,False,1.0,False,,,,,,,,,,,,,,,True,
Jake Browning,QB,TB,30.0,10.0,Active,7.0,6111,3886812.0,32138.0,f2f29019-7306-4b1c-a9d8-e9f802cb06e0,00-0035100,0.0,0.0,-2.0,0.0,2.0,0.0,0.0,0.0,0.0,771.0,6.0,39.0,1.0,9.0,0.0,0.0,0.0,0.0,0.0266666666666666,,0.734,,170.0,170.0,,,,11.2,11.866,-0.8689883573641581,10.997011642635842,10.997011642635842,-317.4967906722606,,,,,,,True,,,True,False,1.0,False,4.230077576225776,16.028771493098816,2.622400798928348,22.05770494663571,0.0,0.0,0.02545,0.0,0.0,1.0,4.947025975647665,15.51813342915568,,,True,
Jeff Wilson,RB,,30.0,,Active,8.0,5284,3122976.0,31394.0,72cf3127-3953-4fd8-8049-3de1b6fa9825,00-0034115,0.0,0.0,57.0,0.0,16.0,3.0,19.0,0.0,3.0,,,,,,,,,,0.1155555555555555,0.005281690140845,0.0499999999999999,,170.0,170.0,,,,,,,,,,,,,,,,True,,,False,False,1.0,False,,,,,,,,,,,,,,,True,
Rome Odunze,WR,CHI,24.0,10.0,Active,2.0,11620,,,f64694e0-0381-11ef-973d-5176a0ecbee4,00-0039919,0.0,0.0,15.0,0.0,3.0,54.0,734.0,3.0,101.0,0.0,0.0,0.0,0.0,0.0,44.0,661.0,6.0,90.0,0.8358823529411765,0.1920152091254753,0.8808333333333334,0.169172932330827,72.1,72.1,61.0,6.0,3 out of 5 stars,209.9,210.15,21.204704588590744,215.80445380432317,231.35470458859075,1.846068840242225,29.0,10.10344827586207,7.6461700384020785,0.1379310344827586,0.4482758620689655,0.7567881607974754,False,,0.8449803921568627,False,True,0.8196707424452546,False,143.83365791592598,286.67402363488696,102.34643334483332,331.0851940699651,0.1378,0.19175,0.19135,0.02165,0.4274,0.5726,167.48647843237455,260.777341944468,12.140645161290323,-2.40516129032258,False,Buy-low
Michael Wilson,WR,ARI,26.0,14.0,Active,3.0,10232,,,b91be982-fccd-448e-869b-e9b5148a1730,00-0038559,0.0,0.0,7.0,0.0,1.0,47.0,548.0,4.0,71.0,0.0,0.0,0.0,0.0,0.0,78.0,1006.0,7.0,126.0,0.795625,0.135755258126195,0.8135294117647058,0.2042139384116693,114.8,114.8,81.0,7.0,2 out of 5 stars,173.5,173.43,20.78276128056845,186.1331610231776,194.2127612805685,-27.825223940903356,33.0,10.51818181818182,8.470738402932126,0.1212121212121212,0.2727272727272727,0.8053424583600118,False,,0.8671260504201681,False,True,0.8722594841745833,True,131.02990826822108,248.83593566904992,98.6858391092715,287.49150622435906,0.06175,0.1364,0.17365,0.0076,0.28145,0.71855,144.58261894546823,230.65554847261384,10.324242424242424,0.13333333333333464,False,Sustainable
,DEF,PIT,,9.0,,,PIT,,,,,,,,,,,,,,,,,,,,,,,,,,,,,,,,,,,,,,,,,,,,True,,,False,False,1.0,True,,,,,,,,,,,,,,,False,
Jordan Love,QB,GB,27.0,11.0,Active,6.0,6804,4036378.0,32696.0,e5094779-e94f-4052-8597-bdbee3719f6b,00-0036264,3389.0,25.0,83.0,1.0,25.0,0.0,0.0,0.0,0.0,3381.0,23.0,199.0,0.0,47.0,0.0,0.0,0.0,0.0,0.9173333333333332,,0.9426666666666668,,160.3,160.3,117.0,8.0,4 out of 5 stars,267.5,310.322,-3.1468568204101945,307.1751431795898,307.1751431795898,-21.31865913530669,30.0,18.633333333333333,9.124994599274109,0.2,0.2333333333333333,0.4897134847553188,False,,0.8778151260504201,False,True,0.793195075890837,False,227.50210940715303,394.2651667058983,169.72648311346725,446.2476752589499,0.3873,0.46505,0.132,0.06235,0.3873,0.6127,248.45370397171337,361.4871080890217,15.3671875,0.4609375,False,Sustainable
Tyler Boyd,WR,,30.0,,Active,9.0,3225,3045144.0,29288.0,76a5edec-5ff7-49fa-a8ec-5768a372279d,00-0033009,0.0,0.0,3.0,0.0,1.0,39.0,390.0,0.0,57.0,,,,,,,,,,0.6224999999999999,0.1124260355029585,,,170.0,170.0,,,,,,,,,,15.0,5.22,2.7082413903807447,0.0,0.7333333333333333,0.5188201897281121,False,,0.8493921568627449,False,False,0.5619296814341076,False,,,,,,,,,,,,,5.9479999999999995,-0.7279999999999998,False,Sustainable
Braxton Berrios,WR,NYG,30.0,8.0,Active,8.0,5121,3123075.0,31180.0,18f0bd30-1432-4fae-9cb4-c212bad6d0bb,00-0034419,0.0,0.0,0.0,0.0,0.0,0.0,0.0,0.0,4.0,0.0,0.0,0.0,0.0,0.0,6.0,37.0,0.0,8.0,0.2683333333333333,0.0070422535211267,0.1924999999999999,0.0144665461121157,170.0,170.0,,,,0.0,0.0,9.54,9.54,9.54,-204.41838496408096,10.0,0.97,2.7656825558982723,0.0,0.9,2.851219129792033,False,,0.6740588235294117,True,False,3.088130895874534,True,3.333640941779519,14.76015207728632,1.8158185078606912,18.62446513071005,0.0,0.0,0.0,0.0,0.0,1.0,6.767124735944477,11.565946532090646,,,True,
Matt Gay,K,LV,32.0,13.0,Active,7.0,6083,4249087.0,31977.0,2b90e091-ef78-4753-93eb-0acf3632c206,00-0035269,0.0,0.0,0.0,0.0,0.0,0.0,0.0,0.0,0.0,0.0,0.0,0.0,0.0,0.0,0.0,0.0,0.0,0.0,,,,,169.5,169.5,,,,108.1,23.9,97.69154362615711,121.59154362615712,121.59154362615712,-27.967946466411377,28.0,8.035714285714286,4.211818845750371,0.1785714285714285,0.1785714285714285,0.5241374563600462,False,,0.932436974789916,True,False,0.9198057595635228,True,82.31217272141588,158.5532152140839,65.5162046608255,186.50966525444153,0.2446,0.42045,0.33495,0.0422,0.2446,0.7554,84.6620150798315,152.98488001835582,,,True,
,DEF,IND,,13.0,,,IND,,,,,,,,,,,,,,,,,,,,,,,,,,,,,,,,,,,,,,,,,,,,True,,,False,False,1.0,False,,,,,,,,,,,,,,,False,
John Metchie,WR,CAR,26.0,5.0,Active,4.0,8147,,,2995df34-ee81-4320-be1e-1c497b83c927,00-0037614,0.0,0.0,0.0,0.0,0.0,24.0,254.0,1.0,37.0,0.0,0.0,-5.0,0.0,3.0,33.0,274.0,2.0,48.0,0.4615384615384615,0.0676416819012797,0.46125,0.0932203389830508,170.0,170.0,361.0,14.0,2 out of 5 stars,162.7,162.3,23.20022531106537,185.50022531106535,185.50022531106535,-28.4581596530156,23.0,5.534782608695653,5.2497280185524575,0.0,0.6521739130434783,0.9484975995813552,False,,0.7914957983193277,True,False,1.027309585336453,False,98.09029199757528,263.6354127247126,62.346081085961,322.05552368859765,0.1116,0.12005,0.12665,0.02855,0.2942,0.7058,130.27227770028367,234.08335864041427,6.2225,-0.48916666666666675,True,Sustainable
Erick All,TE,CIN,25.0,6.0,Active,2.0,11592,,,5523779b-db60-4158-b232-8391bc7db65b,00-0039814,0.0,0.0,0.0,0.0,0.0,20.0,158.0,0.0,22.0,,,,,,,,,,0.4188888888888888,0.0350318471337579,,,170.0,170.0,436.0,15.0,3 out of 5 stars,58.5,58.330000000000005,7.997968337161084,66.3279683371611,66.3279683371611,-110.9650083190914,8.0,4.4750000000000005,2.411727300386296,0.0,0.375,0.5389334749466583,False,,,False,False,0.6103301844474645,False,35.36901476570395,93.37650712474915,25.06503719327281,115.99219490997326,0.0101,0.06225,0.18375,0.00055,0.0101,0.9899,41.67531600257068,87.12881229624696,4.06,0.41500000000000004,False,Sustainable
Nick Westbrook-Ikhine,WR,IND,29.0,13.0,Active,6.0,7496,3929785.0,33348.0,5e63e674-adf3-4f4e-929e-4a0ff2cfb1df,00-0036182,0.0,0.0,0.0,0.0,0.0,32.0,497.0,9.0,60.0,0.0,0.0,0.0,0.0,0.0,11.0,89.0,0.0,20.0,0.6994117647058824,0.1183431952662721,0.442,0.0432900432900432,170.3,170.3,390.0,14.0,4 out of 5 stars,95.2,94.97,11.167674276201431,106.13767427620144,106.13767427620144,-107.82071068787953,27.0,5.762962962962963,6.15043138875691,0.037037037037037,0.5925925925925926,1.0672342384089757,False,,0.8167058823529411,True,False,1.1559122167527955,False,58.96065879577406,147.61483229786853,38.98775890605638,181.0621761174439,0.00625,0.0141,0.03205,0.0007,0.03325,0.96675,72.78173796094183,135.05256380951144,5.969090909090909,1.1036363636363635,True,TD-lucky
Kalif Raymond,WR,CHI,31.0,10.0,Active,10.0,3634,2973405.0,29631.0,e0a31d02-9d1c-4dab-adb4-a5d9bbee8b36,00-0032464,0.0,0.0,0.0,0.0,2.0,17.0,215.0,2.0,22.0,0.0,0.0,19.0,0.0,2.0,24.0,289.0,1.0,30.0,0.2708333333333333,0.0421455938697318,0.366,0.0545454545454545,169.9,169.9,372.0,14.0,3 out of 5 stars,63.8,64.30000000000001,45.28532345418285,109.58532345418286,109.58532345418286,-104.3730615098981,27.0,4.122222222222222,4.479983974330311,0.0,0.7777777777777778,1.0867885652014233,False,,0.8003193277310925,True,False,1.177091339775932,False,63.618453502943495,149.0652871245538,41.880668335985675,174.32243142163472,0.00085,0.0063,0.02635,0.0,0.0164,0.9836,83.16804971534818,128.74759878242847,4.23695652173913,0.893478260869565,True,Sustainable
KhaDarel Hodge,WR,,31.0,,Active,8.0,5773,3047876.0,31769.0,6f124753-5c6c-454b-97c7-0f9b4d14e7c2,00-0034854,0.0,0.0,0.0,0.0,0.0,7.0,131.0,1.0,12.0,0.0,0.0,0.0,0.0,0.0,3.0,31.0,0.0,10.0,0.1999999999999999,0.0222634508348794,0.1058333333333333,0.0192678227360308,170.0,170.0,,,,,,,,,,18.0,1.788888888888889,3.6951301638920073,0.0,0.8888888888888888,2.0656007127346623,False,,0.6994789915966385,True,False,2.2372343510481567,False,,,,,,,,,,,,,4.8525,-0.8275000000000006,True,Sustainable
Cooper Rush,QB,,32.0,,Active,9.0,4574,2972515.0,30788.0,4595c8ea-9d85-4504-8a34-2c8a02349105,00-0033662,1844.0,12.0,18.0,0.0,26.0,0.0,0.0,0.0,0.0,303.0,0.0,-4.0,0.0,4.0,0.0,0.0,0.0,0.0,0.6983333333333333,,0.505,,170.0,170.0,,,,,,,,,,16.0,8.83,9.339892933005176,0.0625,0.625,1.0577455190266338,False,,,True,False,1.7132436891271683,False,,,,,,,,,,,,,9.26375,-2.18375,True,Buy-low
Hendon Hooker,QB,TEN,28.0,9.0,Active,3.0,9998,,,25b10007-802d-4ebb-8314-3eb7b24ddc37,00-0038550,62.0,0.0,2.0,0.0,5.0,0.0,0.0,0.0,0.0,,,,,,,,,,0.1633333333333333,,,,170.0,170.0,,,,,,,,,,,,,,,,True,,,False,False,1.0,True,,,,,,,,,,,,,,,True,
John FitzPatrick,TE,,25.0,,Active,4.0,8500,,,b221f4da-3c7c-4f51-b3f0-d2c68d5d9369,00-0037306,0.0,0.0,0.0,0.0,0.0,1.0,2.0,0.0,1.0,0.0,0.0,0.0,0.0,0.0,12.0,72.0,1.0,15.0,0.1266666666666666,0.0021551724137931,0.3606666666666667,0.0326086956521739,170.0,170.0,,,,,,,,,,12.0,2.1999999999999997,2.6149917434251715,0.0,0.8333333333333334,1.1886326106478051,False,,,True,False,1.346100018316267,False,,,,,,,,,,,,,2.639090909090909,-0.23909090909090924,True,Sustainable
Chris Godwin,WR,TB,30.0,10.0,Active,9.0,4037,3116165.0,30197.0,baa61bb5-f8d0-4f90-bbe2-028576b8d33d,00-0033921,0.0,0.0,2.0,0.0,1.0,50.0,576.0,5.0,62.0,0.0,0.0,0.0,0.0,0.0,33.0,360.0,2.0,51.0,0.87,0.1101243339253996,0.7088888888888889,0.0942698706099815,131.2,131.2,77.0,7.0,4 out of 5 stars,181.0,181.00000000000003,22.916910852461733,193.7773959481957,203.91691085246177,-20.180989015885245,16.0,13.675,9.069178573608529,0.25,0.25,0.6631940456020861,False,,0.7328823529411764,False,True,0.7182997619454136,False,88.85727476815325,284.428783353161,54.65179703349366,333.6259091453717,0.1361,0.1548,0.12815,0.0224,0.3561,0.6439,155.9718588075507,221.17736082303284,11.980625,1.8193750000000009,False,TD-lucky
Dallin Holker,TE,,25.0,,Active,1.0,11606,,,254a1f40-0572-11ef-8aed-f73fbdbd4575,00-0039613,0.0,0.0,0.0,0.0,0.0,3.0,21.0,0.0,4.0,,,,,,,,,,0.0933333333333333,0.0077369439071566,,,170.0,170.0,,,,,,,,,,,,,,,,True,,,False,False,1.0,False,,,,,,,,,,,,,,,False,
Anthony Miller,WR,,30.0,,Active,7.0,5013,3050487.0,31021.0,bfaedf99-7618-4925-b362-90415c22a3b6,00-0034353,0.0,0.0,0.0,0.0,0.0,1.0,16.0,0.0,1.0,,,,,,,,,,0.075,0.0021881838074398,,,170.0,170.0,,,,,,,,,,,,,,,,True,,,False,False,1.0,False,,,,,,,,,,,,,,,True,
Max Bredeson,TE,MIN,23.0,6.0,Active,0.0,13516,,,e26326b1-f202-4b73-bc4a-df78052b2c23,00-0041081,,,,,,,,,,,,,,,,,,,,,,,,,,,,,,,,,,,,,,,,True,159.0,,False,False,1.0,False,,,,,,,,,,,,,,,False,
Dawson Knox,TE,BUF,29.0,7.0,Active,7.0,5906,3930086.0,31928.0,5fb525c5-4e70-4ede-8c49-94ad0cf66b7d,00-0035689,0.0,0.0,0.0,0.0,0.0,22.0,311.0,1.0,33.0,0.0,0.0,0.0,0.0,0.0,36.0,417.0,4.0,49.0,0.600625,0.0666666666666666,0.5829411764705883,0.1022964509394572,169.9,169.9,359.0,14.0,3 out of 5 stars,79.0,78.77,9.102702300827827,87.87270230082783,87.87270230082783,-89.42027435542468,30.0,5.36,4.185574570206416,0.0666666666666666,0.5,0.7808907780235851,False,,0.8092773109243697,False,True,0.8843414535191583,True,46.6532031976353,123.89360747889656,31.910254450626994,154.5502556253456,0.03905,0.147,0.2764,0.0031,0.03905,0.96095,56.93772945788427,114.81940437006692,5.235428571428572,0.007428571428571118,False,Sustainable
Simi Fehoko,WR,ARI,28.0,14.0,Active,5.0,7812,,,3860693c-99a2-4484-99db-1d43e3ff7fd4,00-0036646,0.0,0.0,0.0,0.0,0.0,6.0,106.0,0.0,16.0,0.0,0.0,0.0,0.0,0.0,0.0,0.0,0.0,0.0,0.485,0.0325865580448065,0.0625,0.0,170.0,170.0,,,,,,,,,,13.0,1.276923076923077,2.634752944190988,0.0,0.8461538461538461,2.063360739426677,False,,,False,True,2.234808255240211,True,,,,,,,,,,,,,,,False,
K.J. Osborn,WR,TEN,29.0,9.0,Active,6.0,7066,3916566.0,32846.0,3bf5c049-9daa-43ba-9758-c6c895a9d462,00-0036345,0.0,0.0,0.0,0.0,0.0,7.0,57.0,1.0,18.0,,,,,,,,,,0.495,0.036,,,170.0,170.0,,,,,,,,,,,,,,,,True,,0.7763529411764706,False,False,1.0,True,,,,,,,,,,,,,,,True,
Montrell Washington,WR,,26.0,,Active,3.0,8475,,,90785e41-84ca-41b8-a7f8-47f20086275b,00-0037272,0.0,0.0,0.0,0.0,0.0,0.0,0.0,0.0,0.0,,,,,,,,,,0.07,0.0,,,170.0,170.0,,,,,,,,,,,,,,,,True,,,False,False,1.0,False,,,,,,,,,,,,,,,True,
Xavier Weaver,WR,ARI,25.0,14.0,Active,2.0,11921,,,ffd59710-0582-11ef-823c-c3942ac17525,00-0039521,0.0,0.0,0.0,0.0,0.0,0.0,0.0,0.0,2.0,0.0,0.0,0.0,0.0,0.0,7.0,67.0,0.0,13.0,0.48,0.0038240917782026,0.41,0.0210696920583468,170.0,170.0,,,,,,,,,,9.0,1.5222222222222224,1.9227439882741657,0.0,1.0,1.263116488647262,False,,,False,True,1.3680705958102484,True,,,,,,,,,,,,,3.5475,-1.835,False,Buy-low
Josh Johnson,QB,CIN,40.0,6.0,Active,18.0,260,11394.0,8937.0,73e133bf-d3f7-4fda-bd25-2fde66cb8ee1,00-0026300,17.0,0.0,1.0,0.0,4.0,0.0,0.0,0.0,0.0,372.0,1.0,55.0,1.0,12.0,0.0,0.0,0.0,0.0,0.0983333333333333,,0.492,,170.0,170.0,,,,0.0,0.0,0.0,0.0,0.0,-328.49380231489647,,,,,,,True,,,True,False,1.0,False,0.0,0.0,0.0,0.0,0.0,0.0,0.0,0.0,0.0,1.0,0.0,0.0,,,True,
Taylor Heinicke,QB,,32.0,,Active,10.0,2711,2565969.0,28839.0,2c259733-ec2c-4e3c-bb7b-34dc0d37dc34,00-0031800,28.0,0.0,20.0,0.0,2.0,0.0,0.0,0.0,0.0,,,,,,,,,,0.0975,,,,170.0,170.0,,,,,,,,,,,,,,,,True,,,False,False,1.0,False,,,,,,,,,,,,,,,True,
Collin Johnson,WR,,27.0,,Active,5.0,6857,4039043.0,32835.0,214ae0bc-d6ed-4216-a154-f253c85bb90b,00-0036254,0.0,0.0,0.0,0.0,0.0,1.0,6.0,0.0,2.0,,,,,,,,,,0.0544444444444444,0.0038022813688212,,,170.0,170.0,,,,,,,,,,,,,,,,True,,,False,False,1.0,False,,,,,,,,,,,,,,,True,
Athan Kaliakmanis,QB,WAS,22.0,7.0,Active,0.0,13557,,,c2490c0e-35c5-4c61-abb8-ac003a6eebac,KAL252591,,,,,,,,,,,,,,,,,,,,,,,170.0,170.0,,,,,,,,,,,,,,,,True,223.0,,False,False,1.0,False,,,,,,,,,,,,,,,False,
Jimmy Garoppolo,QB,,34.0,,Active,12.0,1837,16760.0,27590.0,42de9d1d-0352-460b-9172-9452414fd7fd,00-0031345,334.0,2.0,5.0,0.0,2.0,0.0,0.0,0.0,0.0,0.0,0.0,-10.0,0.0,9.0,0.0,0.0,0.0,0.0,1.0,,0.0833333333333333,,170.0,170.0,,,,,,,,,,,,,,,,True,,,True,False,1.0,False,,,,,,,,,,,,,,,True,
Cameron Dicker,K,LAC,26.0,7.0,Active,4.0,8259,,,ac5dd0b0-d060-11ec-b677-29e0f2526162,00-0037224,0.0,0.0,0.0,0.0,0.0,0.0,0.0,0.0,0.0,0.0,0.0,0.0,0.0,0.0,0.0,0.0,0.0,0.0,,,,,110.0,110.0,202.0,11.0,2 out of 5 stars,144.1,36.3,131.43370549091046,167.73370549091044,167.73370549091044,18.174215398341943,34.0,10.5,5.058745802163722,0.3235294117647059,0.1176470588235294,0.4817853144917831,False,,0.9828571428571428,False,True,0.8454822332679323,False,115.66831306029168,218.24184372411847,93.82028983438389,254.12078806915395,0.57385,0.3103,0.11585,0.18515,0.57385,0.42615,117.56672802373008,211.3618855431167,,,False,
Will Mallory,TE,IND,27.0,13.0,Active,3.0,10220,,,5d4a5e4f-7c74-4b4c-b8e5-33bb831e3057,00-0038394,0.0,0.0,0.0,0.0,0.0,4.0,29.0,0.0,8.0,0.0,0.0,0.0,0.0,0.0,1.0,16.0,0.0,1.0,0.14,0.016260162601626,0.135,0.0018867924528301,170.0,170.0,,,,29.5,29.5,3.55990872987577,33.05990872987577,33.05990872987577,-144.23306792637675,8.0,1.1875,1.035701970370131,0.0,1.0,0.8721700803116892,False,,,False,True,0.9877132349941324,False,17.92375687882148,45.975071210705856,12.977352029124674,56.69990380619834,0.00015,0.00125,0.0187,0.0,0.00015,0.99985,21.10160364895066,42.99137575133267,1.85,-0.6625000000000001,False,Sustainable
Isiah Pacheco,RB,DET,27.0,6.0,Active,4.0,8205,,,3a25c037-fa30-4740-b742-ec8e4f1a2a25,00-0037197,0.0,0.0,310.0,1.0,83.0,12.0,79.0,0.0,16.0,0.0,0.0,462.0,1.0,118.0,19.0,101.0,1.0,26.0,0.4757142857142857,0.0279720279720279,0.5169230769230769,0.0473588342440801,154.8,154.8,144.0,9.0,5 out of 5 stars,115.9,115.82,27.467371719320404,129.97557652246417,143.2873717193204,-82.10161410813498,20.0,7.209999999999999,4.506474873942347,0.0,0.6,0.6250311891736959,False,,0.7525714285714286,True,False,0.696986398842792,False,42.363652329330925,166.53069613132214,25.491787069165294,222.4852837872691,0.02775,0.0601,0.1167,0.0053,0.13655,0.86345,62.323945436426854,151.85895148663136,8.609565217391305,-1.9747826086956533,True,Buy-low
Kirk Cousins,QB,LV,37.0,13.0,Active,14.0,1166,14880.0,25812.0,bbd0942c-6f77-4f83-a6d0-66ec6548019e,00-0029604,3508.0,18.0,0.0,0.0,23.0,0.0,0.0,0.0,0.0,1721.0,10.0,7.0,1.0,14.0,0.0,0.0,0.0,0.0,0.9771428571428572,,0.861,,170.0,170.0,302.0,12.0,1 out of 5 stars,47.2,53.856,-2.9808630808679544,50.875136919132046,50.875136919132046,-277.6186653957644,24.0,14.244166666666668,11.143103898499447,0.1666666666666666,0.5833333333333334,0.7822924400748458,False,,0.7517647058823529,True,False,1.2670888809280558,True,19.356912447105344,73.26494527181323,11.79579342621015,96.49244608598715,0.00035,0.00625,0.5661,0.0,0.00035,0.99965,28.815567371083183,66.25344126998723,12.512083333333335,-0.7679166666666681,True,Sustainable
Allen Lazard,WR,,30.0,,Active,7.0,5185,3128390.0,31268.0,6a23db75-021b-4808-99e6-21a33d34202b,00-0034521,0.0,0.0,0.0,0.0,0.0,37.0,530.0,6.0,61.0,0.0,0.0,0.0,0.0,0.0,10.0,70.0,1.0,18.0,0.8433333333333333,0.1035653650254669,0.39,0.0381355932203389,170.0,170.0,,,,,,,,,,21.0,7.095238095238095,7.777305201062652,0.0952380952380952,0.6190476190476191,1.096130263237018,False,,0.749689075630252,True,False,1.1872092525039355,False,,,,,,,,,,,,,6.27,0.8252380952380953,True,Sustainable
Jake Ferguson,TE,DAL,27.0,14.0,Active,4.0,8110,,,f46eab3d-d7dd-4420-b3f9-6da9ac1308ab,00-0038041,0.0,0.0,0.0,0.0,0.0,59.0,494.0,0.0,86.0,0.0,0.0,1.0,0.0,1.0,82.0,600.0,8.0,102.0,0.6528571428571429,0.1382636655948553,0.6670588235294117,0.1680395387149917,108.8,108.8,104.0,8.0,2 out of 5 stars,167.7,168.02999999999997,22.239580824104547,178.7025763123017,190.2695808241045,1.4095996560491812,31.0,9.629032258064516,6.159988828365795,0.1935483870967742,0.1612903225806451,0.6397308330966153,False,,0.8765042016806722,False,True,0.7244809526801658,False,126.70170449350478,230.61175442470017,102.2350498443584,264.6501679134709,0.38185,0.4166,0.13565,0.0532,0.38185,0.61815,136.8559649960752,216.6987941154944,10.75290322580645,-1.3174193548387088,False,Buy-low
Luke Farrell,TE,SF,28.0,8.0,Active,5.0,7842,,,8a1f0e8e-6521-4a94-9934-ad4f76a25fd9,00-0036887,0.0,0.0,0.0,0.0,0.0,12.0,67.0,0.0,17.0,0.0,0.0,0.0,0.0,0.0,11.0,85.0,2.0,14.0,0.3764705882352941,0.0325670498084291,0.3470588235294118,0.0254545454545454,170.0,170.0,,,,10.2,10.22,1.328941261880931,11.548941261880932,11.548941261880932,-165.74403539437156,25.0,2.008,2.6068691310970458,0.0,0.92,1.2982415991519152,False,,,False,True,1.4702297621170852,False,5.863870485938576,16.320305076015693,4.083012989023043,20.860014296912215,0.0,0.0,0.0,0.0,0.0,1.0,6.7915914156906005,15.568943744716284,2.580952380952381,-0.23333333333333384,False,Sustainable
Curtis Samuel,WR,,29.0,,Active,9.0,4082,3121427.0,30153.0,66a21b6d-97e5-4732-8bb0-062145d6bbc6,00-0033282,0.0,0.0,14.0,0.0,5.0,31.0,253.0,1.0,46.0,0.0,0.0,0.0,0.0,0.0,7.0,81.0,1.0,9.0,0.415,0.0929292929292929,0.3983333333333332,0.0187891440501043,170.0,170.0,,,,,,,,,,20.0,4.24,4.557169019652903,0.0,0.75,1.0748040140690809,False,,0.7830924369747899,True,False,1.1641109756088066,False,,,,,,,,,,,,,4.92695652173913,-0.05304347826086886,True,Sustainable
Zach Ertz,TE,,35.0,,Active,13.0,1339,15835.0,26658.0,de3421f7-2147-4835-89a5-724e87bad463,00-0030061,0.0,0.0,0.0,0.0,0.0,66.0,654.0,7.0,91.0,0.0,0.0,0.0,0.0,0.0,50.0,504.0,4.0,72.0,0.6688235294117648,0.1805555555555555,0.6646153846153846,0.1666666666666666,170.0,170.0,414.0,15.0,-,,,,,,,30.0,9.926666666666668,6.190367006742083,0.2333333333333333,0.1666666666666666,0.6236098394971876,False,,0.6040672268907563,True,False,0.706224285662054,False,,,,,,,,,,,,,10.362121212121211,0.04090909090909278,True,Sustainable
Brady Russell,TE,SEA,27.0,11.0,Active,3.0,11280,,,c3c08060-eb74-11ed-aecd-85bc826ed43e,00-0038488,0.0,0.0,0.0,0.0,0.0,0.0,0.0,0.0,0.0,0.0,0.0,0.0,0.0,0.0,0.0,0.0,0.0,1.0,0.0436363636363636,0.0,,0.0021978021978021,,,,,,,,,,,,18.0,0.0,0.0,0.0,1.0,,False,,,False,True,1.0,False,,,,,,,,,,,,,,,False,
Trey Benson,RB,ARI,24.0,14.0,Active,2.0,11589,,,0c1253f2-1822-445d-8590-fea6fd32703f,00-0039921,0.0,0.0,291.0,1.0,63.0,6.0,59.0,0.0,6.0,0.0,0.0,160.0,0.0,29.0,13.0,64.0,0.0,16.0,0.1669230769230769,0.011472275334608,0.4825,0.0259319286871961,170.1,170.1,258.0,12.0,2 out of 5 stars,0.0,0.0,0.0,0.0,0.0,-212.07719063059915,16.0,5.15,3.9325988014712783,0.0,0.625,0.7636114177614132,False,,,False,True,0.8515203423438451,True,0.0,0.0,0.0,0.0,0.0,0.0,0.0,0.0,0.0,1.0,0.0,0.0,5.241875,-0.09187499999999993,False,Sustainable
Jake Bobo,WR,SEA,27.0,11.0,Active,3.0,10867,,,7d80dd50-e9f5-11ed-9c34-3f26f2e7ed88,00-0038752,0.0,0.0,0.0,0.0,0.0,13.0,107.0,1.0,17.0,0.0,0.0,0.0,0.0,0.0,2.0,20.0,0.0,2.0,0.2923529411764706,0.0298769771528998,0.17,0.0043956043956043,169.9,169.9,,,,,,,,,,17.0,1.9823529411764709,2.188102858104952,0.0,0.9411764705882352,1.1037907592814296,False,,0.7410756302521008,False,True,1.1955062698272578,False,,,,,,,,,,,,,2.6959999999999997,0.30400000000000027,False,Sustainable
Isaiah Likely,TE,NYG,26.0,8.0,Active,4.0,8131,,,f9279edb-cfa7-4f7d-91df-b81cbf3e133e,00-0037838,0.0,0.0,0.0,0.0,0.0,42.0,477.0,6.0,58.0,0.0,0.0,0.0,0.0,0.0,27.0,307.0,1.0,36.0,0.59375,0.1269146608315098,0.5592857142857143,0.0884520884520884,127.3,127.3,122.0,8.0,3 out of 5 stars,165.3,165.52,20.313389021068858,172.91082795514023,185.83338902106885,-4.382148701112271,27.0,7.014814814814815,6.004786789509215,0.074074074074074,0.4444444444444444,0.8560150122320421,False,,0.8176806722689075,True,False,0.9694179793843594,True,90.2283127834747,230.0650681997482,63.069717084869055,281.95044234795887,0.31305,0.30295,0.20965,0.08025,0.31305,0.68695,108.26976502698426,212.72941953066533,6.6000000000000005,0.935714285714285,True,Sustainable
Patrick Mahomes,QB,KC,30.0,5.0,Active,9.0,4046,3139477.0,30123.0,11cad59d-90dd-449c-a839-dddaba4fe16c,00-0033873,3928.0,26.0,307.0,2.0,58.0,1.0,2.0,0.0,1.0,3587.0,22.0,422.0,5.0,64.0,1.0,-10.0,0.0,1.0,0.993125,,0.9742857142857144,,105.2,105.2,99.0,8.0,2 out of 5 stars,302.3,343.6979999999999,-10.337742103074271,332.35250891975704,333.36025789692565,3.858706604860572,30.0,22.023333333333333,8.763411528006396,0.3666666666666666,0.0666666666666666,0.3979148567280034,False,,0.8694117647058823,False,True,0.6445076862405762,False,246.3364770345836,428.52023848108774,175.25398299496584,481.8891510707419,0.4976,0.3752,0.1117,0.10785,0.4976,0.5024,271.30664076724935,388.64679867701375,19.92787878787879,-0.7442424242424259,False,Sustainable
,DEF,ARI,,14.0,,,ARI,,,,,,,,,,,,,,,,,,,,,,,,,,,,,,,,,,,,,,,,,,,,True,,,False,False,1.0,True,,,,,,,,,,,,,,,False,
Demarcus Robinson,WR,SF,31.0,8.0,Active,10.0,3286,3043116.0,29360.0,46b16198-116f-4913-85db-2bc21462bd66,00-0032775,0.0,0.0,0.0,0.0,0.0,31.0,505.0,7.0,64.0,0.0,0.0,6.0,0.0,1.0,22.0,276.0,1.0,35.0,0.8170588235294118,0.1182994454713493,0.4678571428571428,0.0636363636363636,170.0,170.0,428.0,15.0,2 out of 5 stars,52.900000000000006,53.13000000000001,5.7394873718644455,58.86948737186445,58.86948737186445,-155.08889759221648,31.0,5.796774193548386,5.934727394523849,0.032258064516129,0.6129032258064516,1.023798270619028,False,,0.7583025210084032,False,True,1.1088670939410208,False,29.500977428573776,83.1909624788013,18.477079585882443,98.54276906615344,0.0,0.0,5e-05,0.0,5e-05,0.99995,45.303432321816054,69.12724464488868,6.476285714285714,-0.20199999999999996,False,Sustainable
Isaiah Williams,WR,NYJ,25.0,13.0,Active,2.0,11608,,,2ddb2f40-07bc-11ef-82d9-5f86367458d3,00-0039451,0.0,0.0,0.0,0.0,0.0,2.0,6.0,0.0,3.0,0.0,0.0,34.0,0.0,3.0,26.0,193.0,0.0,36.0,0.0525,0.0057471264367816,0.3613333333333333,0.0762711864406779,170.0,170.0,,,,10.0,9.65,46.06823255307679,55.71823255307679,55.71823255307679,-158.24015241100415,23.0,2.230434782608695,3.510560015233091,0.0,0.782608695652174,1.5739352894807233,False,,0.786156862745098,False,True,1.7047157634310537,False,26.876815679482448,80.02725890596103,17.248846224307638,100.57594922411532,0.0001,0.00105,0.002,5e-05,0.00205,0.99795,35.208654447326204,72.83731188962145,5.3950000000000005,-0.26500000000000057,False,Sustainable
Shedeur Sanders,QB,CLE,24.0,11.0,Active,1.0,12524,,,270e09bc-8bf8-44b0-87ed-1fd014de4ab7,00-0040668,,,,,,,,,,1400.0,7.0,169.0,1.0,21.0,0.0,0.0,0.0,0.0,,,0.91625,,169.4,169.4,298.0,12.0,4 out of 5 stars,108.9,119.852,-15.393780979997116,104.45821902000289,104.45821902000289,-224.03558329489357,8.0,12.6125,11.716898358475982,0.125,0.5,0.928990950126936,False,,,False,True,1.5046982983448114,True,67.88726945131222,144.8144714908977,45.126170624635655,169.4352572242006,0.0004,0.0495,0.87685,0.0,0.0004,0.9996,79.04622129077255,130.41464232162613,9.895,0.8625000000000007,False,Sustainable
Cody Thompson,WR,,29.0,,Active,6.0,6171,3126115.0,32367.0,16da963d-a300-4d72-8e4d-7771196c03e9,00-0035164,0.0,0.0,0.0,0.0,0.0,0.0,0.0,0.0,0.0,,,,,,,,,,0.06,0.0,,,170.0,170.0,,,,,,,,,,,,,,,,True,,,False,False,1.0,False,,,,,,,,,,,,,,,False,
,DEF,SEA,,11.0,,,SEA,,,,,,,,,,,,,,,,,,,,,,,,,,,,,,,,,,,,,,,,,,,,True,,,False,False,1.0,False,,,,,,,,,,,,,,,False,
Ja'Marr Chase,WR,CIN,26.0,6.0,Active,5.0,7564,,,fa99e984-d63b-4ef4-a164-407f68a7eeaf,00-0036900,0.0,0.0,32.0,0.0,3.0,127.0,1708.0,17.0,175.0,0.0,0.0,14.0,0.0,3.0,125.0,1412.0,8.0,185.0,0.9229411764705882,0.2786624203821656,0.94375,0.3042763157894737,4.6,4.6,1.0,1.0,4 out of 5 stars,335.6,335.52,44.44352941500419,360.02087993658796,379.9635294150042,146.062494972507,33.0,21.775757575757577,11.618359132829127,0.5151515151515151,0.0606060606060606,0.5335455766537173,False,,0.8923361344537815,False,True,0.5778786212555043,False,277.39050780241655,451.7486136863154,227.57174969954116,504.2205482254443,0.69155,0.1704,0.0536,0.3036,0.8976,0.1024,294.78924055267817,420.24716401966583,18.95272727272727,2.7624242424242453,False,Sustainable
Grant Calcaterra,TE,PHI,27.0,10.0,Active,4.0,8177,,,f6988cfa-2dcf-490b-ac80-9af8e4292efa,00-0037086,0.0,0.0,0.0,0.0,0.0,24.0,298.0,1.0,30.0,0.0,0.0,0.0,0.0,0.0,9.0,76.0,1.0,13.0,0.66,0.0717703349282296,0.4026666666666667,0.0280172413793103,170.0,170.0,,,,32.8,32.65,4.046449092236596,36.69644909223659,36.69644909223659,-140.5965275640159,24.0,3.4333333333333336,3.5598811248675712,0.0,0.75,1.0368585800585155,False,,0.7000336134453782,False,True,1.1742193013259845,False,13.507203819997306,56.03105258177,7.706440785700348,73.55539170459707,0.001,0.011,0.0528,0.0,0.001,0.999,22.842665832510335,48.237422263479935,3.2413636363636367,0.5677272727272724,False,Sustainable
Calvin Austin,WR,NYG,27.0,8.0,Active,4.0,8125,,,a95271f7-6dae-4b43-94fd-3ff04b15d4c4,00-0037837,0.0,0.0,0.0,0.0,0.0,36.0,548.0,4.0,58.0,0.0,0.0,0.0,0.0,0.0,31.0,372.0,3.0,55.0,0.5364705882352941,0.1260869565217391,0.535,0.1053639846743295,170.0,170.0,328.0,13.0,4 out of 5 stars,61.3,61.07000000000001,26.74870732222071,87.81870732222072,87.81870732222072,-126.13967764186025,31.0,6.483870967741935,5.742420904937426,0.0,0.5806451612903226,0.8856470052391057,False,,0.8755294117647059,True,False,0.9592366476290888,True,56.0883765625134,117.63896471179292,41.53615796709956,139.72730501462254,0.0003,0.00235,0.0059,0.0,0.005,0.995,61.374718972155144,110.55294502324432,5.806666666666667,0.5054545454545458,True,Sustainable
Austin Trammell,WR,JAX,28.0,7.0,Active,5.0,7746,,,c1d52f55-4c65-4b37-8457-f0dc028c85bc,00-0036841,0.0,0.0,0.0,0.0,0.0,2.0,40.0,0.0,3.0,0.0,0.0,0.0,0.0,0.0,3.0,46.0,0.0,10.0,0.61,0.0057471264367816,0.2266666666666666,0.0182815356489945,170.0,170.0,,,,,,,,,,,,,,,,True,,0.6654453781512605,False,True,1.0,False,,,,,,,,,,,,,,,False,
Dyami Brown,WR,WAS,26.0,7.0,Active,5.0,7587,,,0fb60ada-bdd3-4d74-8c98-058303a1649a,00-0036626,0.0,0.0,26.0,0.0,3.0,30.0,308.0,1.0,40.0,0.0,0.0,30.0,0.0,6.0,20.0,227.0,1.0,37.0,0.43125,0.0793650793650793,0.3664285714285714,0.0676416819012797,170.2,170.2,427.0,15.0,2 out of 5 stars,84.9,84.96000000000002,11.932311706895614,96.89231170689564,96.89231170689564,-117.06607325718532,26.0,4.657692307692308,4.219779432806703,0.0,0.7692307692307693,0.9059807205035036,False,,0.8335126050420169,True,False,0.981259919597134,False,57.46950088854901,132.91023215629693,39.44410242878167,159.76592528507393,0.00145,0.00655,0.01945,5e-05,0.01555,0.98445,68.08566086701708,121.94967693273968,6.348275862068966,-0.9000000000000004,True,Sustainable
Jaren Kanak,TE,TEN,22.0,9.0,Active,0.0,13422,,,8eedef76-e1ab-4345-adef-fa0f79f8216a,KAN023071,,,,,,,,,,,,,,,,,,,,,,,170.0,170.0,,,,,,,,,,,,,,,,True,225.0,,False,False,1.0,True,,,,,,,,,,,,,,,False,
,DEF,LV,,13.0,,,LV,,,,,,,,,,,,,,,,,,,,,,,,,,,,,,,,,,,,,,,,,,,,True,,,False,False,1.0,True,,,,,,,,,,,,,,,False,
Evan McPherson,K,CIN,27.0,6.0,Active,5.0,7839,,,acc143ed-53b2-49c9-81bc-16e6c98ffcae,00-0036854,0.0,0.0,0.0,0.0,0.0,0.0,0.0,0.0,0.0,0.0,0.0,0.0,0.0,0.0,0.0,0.0,0.0,0.0,,,,,168.7,168.7,219.0,11.0,2 out of 5 stars,128.7,41.3,104.31646916242238,145.6164691624224,145.6164691624224,-3.9430209301461048,29.0,7.931034482758621,5.612047210388168,0.1724137931034483,0.3103448275862069,0.7076059526141603,False,,0.9408403361344538,False,True,1.2417735516097936,False,98.78953620327503,189.52196740034893,79.40737458938385,223.56399822779304,0.4195,0.3831,0.1974,0.1008,0.4195,0.5805,102.11575931181756,183.9566232483221,,,False,
Jermaine Jackson,WR,,24.0,,Active,1.0,11897,,,9f2c6ea0-0570-11ef-af69-dfa5fe884ba6,00-0039614,0.0,0.0,-1.0,0.0,1.0,0.0,0.0,0.0,0.0,,,,,,,,,,0.015,0.0,,,170.0,170.0,,,,,,,,,,,,,,,,True,,,False,False,1.0,False,,,,,,,,,,,,,,,False,
Jalen Tolbert,WR,MIA,27.0,6.0,Active,4.0,8117,,,c6fb9f3a-f8ff-4224-a5f6-4d2d09501c9c,00-0037666,0.0,0.0,0.0,0.0,0.0,49.0,610.0,7.0,79.0,0.0,0.0,0.0,0.0,0.0,18.0,203.0,1.0,34.0,0.7576470588235295,0.1270096463022508,0.5130769230769231,0.0560131795716639,170.3,170.3,343.0,14.0,3 out of 5 stars,66.4,66.28000000000002,10.228811305207586,76.5088113052076,76.5088113052076,-137.44957365887336,29.0,6.76896551724138,5.473253370990072,0.0344827586206896,0.4827586206896552,0.80858047762971,False,,0.8419159663865546,True,False,0.8757665549723727,True,46.76918480584514,104.16360665412768,32.00614504809955,124.44952128102112,0.0001,0.00085,0.00335,0.0,0.0021,0.9979,54.49618211815828,96.17460969797344,7.221785714285715,-0.1396428571428583,True,Sustainable
Justin Herbert,QB,LAC,28.0,7.0,Active,6.0,6797,4038941.0,32676.0,f0a8f8e3-b9e9-46ed-85e4-eec6452a8a44,00-0036355,3870.0,23.0,306.0,2.0,69.0,0.0,0.0,0.0,0.0,3727.0,26.0,498.0,2.0,83.0,0.0,0.0,0.0,0.0,0.9770588235294118,,0.968125,,111.5,111.5,69.0,6.0,2 out of 5 stars,300.2,341.024,-20.46587491539289,312.57575552053396,320.5581250846071,-15.91804679436251,33.0,20.311515151515152,8.328415260875008,0.2727272727272727,0.0909090909090909,0.4100341702107705,False,,0.8694117647058823,False,True,0.6641374903545294,False,228.4086182660944,404.0689184117106,167.02669012961192,453.6973579528145,0.41325,0.43875,0.13235,0.07025,0.41325,0.58675,254.7571097775505,365.8253181590532,17.109714285714286,-0.1525714285714308,False,Sustainable
Malik Turner,WR,SF,30.0,8.0,Active,8.0,5781,3115928.0,31777.0,82a7e1ff-019a-4f4b-aeb6-c41420e44891,00-0034867,,,,,,,,,,0.0,0.0,0.0,0.0,0.0,0.0,0.0,0.0,1.0,,,0.08,0.0018181818181818,170.0,170.0,,,,,,,,,,,,,,,,True,,,False,True,1.0,False,,,,,,,,,,,,,,,False,
Tee Higgins,WR,CIN,27.0,6.0,Active,6.0,6801,4239993.0,32703.0,7963b029-5de4-4541-b00a-44eefe4349af,00-0036410,0.0,0.0,0.0,0.0,0.0,73.0,911.0,10.0,109.0,0.0,0.0,0.0,0.0,0.0,59.0,846.0,11.0,98.0,0.7908333333333334,0.1735668789808917,0.8086666666666666,0.1611842105263158,54.4,54.4,31.0,4.0,4 out of 5 stars,221.3,221.36,24.336320617075437,235.7845563276352,245.69632061707543,21.82617136355424,27.0,16.062962962962963,9.41505129477216,0.2222222222222222,0.074074074074074,0.5861341594624124,False,,0.8083025210084033,False,True,0.6348368626073829,False,147.69932893356156,321.5772590503263,96.02900010630928,370.0504624000956,0.2259,0.2103,0.16935,0.0447,0.52755,0.47245,191.7086898780411,276.0585493378111,14.050370370370372,2.0125925925925916,False,TD-lucky
Sam LaPorta,TE,DET,25.0,6.0,Active,3.0,10859,,,3059f1e5-1871-4458-9e90-9b9917874c61,00-0039065,0.0,0.0,0.0,0.0,0.0,60.0,726.0,7.0,83.0,0.0,0.0,0.0,0.0,0.0,40.0,489.0,3.0,49.0,0.84875,0.1590038314176245,0.9066666666666668,0.0890909090909091,71.1,71.1,90.0,7.0,3 out of 5 stars,183.0,183.33,22.245607485438654,195.7470458773556,205.57560748543867,18.454069221103083,25.0,11.26,5.653538714822781,0.32,0.08,0.5020904720091279,False,,0.8260840336134453,False,True,0.5686063023288281,False,128.62654762703167,262.868741280347,92.0867895308897,302.6825752186016,0.4964,0.3079,0.10995,0.1143,0.4964,0.5036,152.85995175632263,233.45479284586335,9.916538461538462,1.568076923076923,False,Sustainable
Maurice Alexander,WR,CHI,29.0,10.0,Active,4.0,8921,,,8261c380-132b-11ed-86b5-f9dfd114f830,00-0037708,0.0,0.0,0.0,0.0,0.0,0.0,0.0,0.0,0.0,,,,,,,,,,0.0,0.0,0.02,,170.0,170.0,,,,,,,,,,,,,,,,True,,,False,False,1.0,False,,,,,,,,,,,,,,,False,
Jamari Thrash,WR,CLE,25.0,11.0,Active,2.0,11633,,,1472d4aa-ffbf-4683-aa91-86bc4795b34e,00-0039379,0.0,0.0,0.0,0.0,0.0,3.0,22.0,0.0,7.0,0.0,0.0,0.0,0.0,0.0,10.0,107.0,0.0,15.0,0.23,0.0110410094637223,0.3511111111111111,0.028735632183908,170.0,170.0,,,,,,,,,,14.0,1.85,1.669523193102657,0.0,1.0,0.9024449692446797,False,,,False,True,0.9774303778448316,True,,,,,,,,,,,,,2.0157142857142856,-0.1657142857142857,False,Sustainable
Alex Erickson,WR,,32.0,,Active,9.0,3433,2977800.0,29703.0,6bb4d6f8-c8fb-4ca7-a416-a7010526114d,00-0032543,0.0,0.0,0.0,0.0,0.0,0.0,0.0,0.0,0.0,,,,,,,,,,0.0733333333333333,0.0,,,170.0,170.0,,,,,,,,,,,,,,,,True,,,False,False,1.0,False,,,,,,,,,,,,,,,False,
Luke Floriea,WR,CLE,24.0,11.0,Active,1.0,13189,,,831ba100-2f3a-11f0-81fd-056e0ea5cac0,00-0040617,,,,,,,,,,,,,,,,,,,,,,,,,,,,,,,,,,,,,,,,True,,,False,False,1.0,True,,,,,,,,,,,,,,,False,
D'Onta Foreman,RB,,28.0,,Active,8.0,4111,3125116.0,30202.0,02779042-2b4e-4fa9-b598-364fe01b523a,00-0033925,0.0,0.0,232.0,0.0,71.0,6.0,54.0,0.0,8.0,,,,,,,,,,0.2672727272727273,0.0126182965299684,,,170.0,170.0,,,,,,,,,,10.0,3.46,2.7039888231195697,0.0,0.7,0.7814996598611473,False,,,False,False,0.8714679252143968,False,,,,,,,,,,,,,5.943,-2.6829999999999994,False,Buy-low
Alex Bachman,WR,,29.0,,Active,7.0,6386,3919510.0,32124.0,427038d8-ff50-4d6e-a088-4fdb8bc2f0e3,00-0035602,0.0,0.0,0.0,0.0,0.0,3.0,31.0,0.0,3.0,0.0,0.0,0.0,0.0,0.0,2.0,12.0,0.0,3.0,0.17,0.0050675675675675,0.063076923076923,0.0060728744939271,170.0,170.0,,,,,,,,,,16.0,0.5812499999999999,1.5727762078566674,0.0,0.9375,2.7058515403985677,False,,,True,False,2.9306845111424327,False,,,,,,,,,,,,,,,True,
Pharaoh Brown,TE,,31.0,,Active,9.0,4443,2971281.0,30627.0,6733b953-de77-44e5-acbf-c2d3a0940243,00-0033439,0.0,0.0,0.0,0.0,0.0,8.0,65.0,0.0,12.0,0.0,0.0,0.0,0.0,0.0,2.0,1.0,0.0,2.0,0.2779999999999999,0.0210896309314587,0.13,0.0032414910858995,170.0,170.0,,,,,,,,,,15.0,1.106666666666667,1.231994124908688,0.0,1.0,1.1132477032307422,False,,,True,False,1.2607282858348785,False,,,,,,,,,,,,,2.8188888888888886,-1.1966666666666663,True,Buy-low
Jacob Saylors,RB,DET,25.0,6.0,Active,3.0,11237,,,99a7f770-ea18-11ed-a93b-a93886fe0bfd,00-0038896,,,,,,,,,,0.0,0.0,11.0,0.0,2.0,0.0,0.0,0.0,0.0,,,0.008125,0.0,170.0,170.0,,,,0.0,0.0,17.94,17.94,17.94,-194.13719063059915,11.0,0.1,0.33166247903554,0.0,1.0,3.3166247903554003,False,,,False,True,3.698443228086872,False,7.863871159195266,26.099556940429377,5.016761740825458,34.13930255464012,0.0,0.0,0.0,0.0,0.0,1.0,9.81205713437858,24.356469733249646,,,False,
Britain Covey,WR,PHI,29.0,10.0,Active,4.0,8414,,,75774350-ce18-11ec-bebb-4fec1e38b0e5,00-0037132,0.0,0.0,0.0,0.0,0.0,7.0,34.0,0.0,8.0,0.0,0.0,0.0,0.0,0.0,2.0,20.0,0.0,4.0,0.144,0.0191387559808612,0.1033333333333333,0.0086206896551724,170.0,170.0,,,,0.0,0.0,11.0,11.0,11.0,-202.95838496408095,11.0,1.309090909090909,2.6542247626960855,0.0,0.9090909090909092,2.0275328048372874,False,,0.6990588235294117,False,True,2.196003327697186,False,3.8832491712990143,17.012344247061982,2.215950258413356,22.28430971645616,0.0,0.0,0.0,0.0,0.0,1.0,6.759470456195359,14.507506953291498,,,False,
DeMario Douglas,WR,NE,25.0,11.0,Active,3.0,9501,,,962496d4-9ffa-471b-8dd2-fc5e60fee84b,00-0038621,0.0,0.0,16.0,0.0,3.0,66.0,621.0,3.0,87.0,0.0,0.0,21.0,0.0,7.0,31.0,447.0,3.0,46.0,0.6264705882352941,0.174,0.2588235294117647,0.0954356846473029,169.9,169.9,352.0,14.0,2 out of 5 stars,61.3,61.54,7.97035194207931,69.51035194207931,69.51035194207931,-144.44803302200165,32.0,7.609375,5.262671918883644,0.0625,0.46875,0.6916037018656124,False,,0.8671260504201681,False,True,0.7490700160910395,False,45.25011903680591,92.622702601667,33.43915029517161,108.92652847680108,0.0,5e-05,0.00075,0.0,0.0001,0.9999,50.11179813815566,86.58089666792068,6.4325,0.9536111111111101,False,Sustainable
Jalen Nailor,WR,LV,27.0,13.0,Active,4.0,8180,,,3f9e3634-54d7-46a4-bf26-67274500c907,00-0037291,0.0,0.0,-4.0,0.0,3.0,28.0,414.0,6.0,42.0,0.0,0.0,13.0,0.0,2.0,29.0,444.0,4.0,53.0,0.52,0.081237911025145,0.6535294117647058,0.1132478632478632,169.7,169.7,212.0,11.0,2 out of 5 stars,125.7,125.49,13.816996672611864,146.8057516532756,139.30699667261186,-67.15263331080536,32.0,6.3656250000000005,6.084279551540209,0.03125,0.53125,0.9558023841398462,False,,0.774689075630252,True,False,1.0352213346113774,True,73.04830705083025,211.17306086482668,45.69421361243114,259.93232043519447,0.04475,0.06985,0.0912,0.0087,0.15775,0.84225,102.09536402852092,185.48313096848585,6.005757575757576,0.418484848484848,True,Sustainable
Luther Burden,WR,CHI,22.0,10.0,Active,1.0,12519,,,a4c21977-c9d1-40f8-abee-0862dfab9195,00-0040735,,,,,,,,,,0.0,0.0,37.0,0.0,6.0,47.0,652.0,2.0,60.0,,,0.3966666666666666,0.112781954887218,76.1,76.1,46.0,5.0,3 out of 5 stars,206.6,206.41,30.198270127459928,222.1591288796685,236.60827012745992,8.200743915587537,15.0,8.526666666666667,7.540980105555309,0.0666666666666666,0.4,0.8843995432629368,False,,0.849270588235294,False,True,0.9578855323009882,False,149.98283297024668,295.72012930747724,106.91622946702404,340.7562060549352,0.15645,0.20005,0.1907,0.02665,0.4563,0.5437,172.44812092624244,268.0006263102716,7.347647058823529,0.893529411764705,False,Sustainable
Dontayvion Wicks,WR,PHI,25.0,10.0,Active,3.0,9486,,,ea3d1393-8c3b-4e81-a519-f636d28d692e,00-0038393,0.0,0.0,0.0,0.0,0.0,39.0,415.0,5.0,76.0,0.0,0.0,6.0,0.0,1.0,30.0,332.0,2.0,46.0,0.5470588235294118,0.1637931034482758,0.4464285714285714,0.1,170.4,170.4,207.0,11.0,4 out of 5 stars,76.80000000000001,76.96,9.225447825709312,86.1854478257093,86.1854478257093,-127.77293713837165,30.0,6.21,6.619217059649777,0.0666666666666666,0.6333333333333333,1.0658964669323312,False,,0.8587226890756303,True,False,1.154463287982124,False,52.06004460196754,117.12522296304692,37.35650714629777,141.32205111599453,0.00045,0.0027,0.00995,0.0,0.00735,0.99265,59.04513712322905,109.97305302595784,7.416451612903225,-1.2164516129032252,True,Buy-low
,DEF,NYJ,,13.0,,,NYJ,,,,,,,,,,,,,,,,,,,,,,,,,,,,,,,,,,,,,,,,,,,,True,,,False,False,1.0,False,,,,,,,,,,,,,,,False,
Brashard Smith,RB,KC,23.0,5.0,Active,1.0,12455,,,3170164a-1718-4a39-9ef2-e18104e35fef,00-0040078,,,,,,,,,,0.0,0.0,151.0,0.0,44.0,25.0,172.0,1.0,35.0,,,0.1670588235294117,0.0637522768670309,170.0,170.0,283.0,12.0,3 out of 5 stars,32.5,32.5,19.874033727615004,52.374033727615,52.374033727615,-159.70315690298415,17.0,3.7235294117647055,4.006639709869841,0.0,0.6470588235294118,1.076032781481632,False,,0.8535999999999999,False,True,1.199908462797136,False,28.28280303682955,73.16916615031916,19.120827787287197,91.45170718957854,5e-05,0.0006,0.00625,0.0,0.00225,0.99775,32.725115451177864,69.1425421797421,5.6353333333333335,-1.4153333333333338,False,Buy-low
Lamar Jackson,QB,BAL,29.0,13.0,Active,8.0,4881,3916387.0,31002.0,e06a9c07-453a-4bb0-a7e9-2c3a64166dad,00-0034796,4172.0,41.0,915.0,4.0,139.0,0.0,0.0,0.0,0.0,2549.0,21.0,349.0,2.0,67.0,0.0,0.0,0.0,0.0,0.9652941176470587,,0.9223076923076924,,39.5,39.5,32.0,4.0,3 out of 5 stars,324.6,371.34800000000007,-3.0251480358346923,359.679839662993,368.32285196416535,31.186037348096537,30.0,26.041333333333338,11.23564762135518,0.6333333333333333,0.1333333333333333,0.4314543912762472,False,,0.8694117647058823,False,True,0.6988320911824368,True,280.6360027409887,468.48925455631263,202.02516162560687,519.8233449730976,0.63535,0.2624,0.08995,0.1761,0.63535,0.36465,309.2148111189357,418.9458827628181,18.1790625,3.5834374999999987,False,Sustainable
Jake Moody,K,WAS,26.0,7.0,Active,3.0,10937,,,e7a7eaea-0f77-42ab-b6a2-12ebcf51227c,00-0038562,0.0,0.0,0.0,0.0,0.0,0.0,0.0,0.0,0.0,0.0,0.0,0.0,0.0,0.0,0.0,0.0,0.0,0.0,,,,,169.8,169.8,,,,121.4,32.400000000000006,104.24726540020076,136.64726540020075,136.64726540020075,-12.912224692367744,23.0,8.391304347826088,6.058346087196815,0.2608695652173913,0.2608695652173913,0.7219790673861489,False,,0.8904201680672268,False,True,1.266996846739194,False,90.70277263768618,180.31803844163272,71.59839131172777,212.5397696483426,0.35385,0.39615,0.25,0.0802,0.35385,0.64615,96.27678616738046,172.72602422193458,,,False,
Eli Stowers,TE,PHI,23.0,10.0,Active,0.0,13349,,,287b7f15-ebe2-433f-af00-b1755576f8f8,STO806346,,,,,,,,,,,,,,,,,,,,,,,170.2,170.2,263.0,12.0,4 out of 5 stars,53.9,53.73,7.082585141139666,60.812585141139664,60.812585141139664,-116.48039151511284,,,,,,,True,54.0,,False,False,1.0,False,28.023453223596363,87.14305947640271,18.94617975590492,113.530452540082,0.0158,0.0555,0.14515,0.00195,0.0158,0.9842,33.007244125905714,83.37963647664918,,,False,
Jalen McMillan,WR,TB,24.0,10.0,Active,2.0,11618,,,c2b25795-8c63-425a-8790-f6d626dbf0d3,00-0039855,0.0,0.0,43.0,0.0,4.0,37.0,461.0,8.0,58.0,0.0,0.0,1.0,0.0,1.0,12.0,178.0,0.0,15.0,0.7076923076923076,0.103019538188277,0.515,0.0277264325323475,165.9,165.9,165.0,10.0,4 out of 5 stars,133.8,133.56,16.13020067245508,147.19088090980478,149.6902006724551,-66.76750405427617,17.0,9.723529411764703,8.022977113559895,0.1176470588235294,0.5294117647058824,0.8251095640079747,False,,,False,True,0.8936690661445046,False,90.23590081565612,200.2707641288109,62.40527992706415,240.21786661805055,0.0247,0.0584,0.09325,0.00305,0.1261,0.8739,104.06972451123184,184.42024778526576,8.123333333333333,1.398888888888889,False,TD-lucky
Jeremy McNichols,RB,WAS,30.0,7.0,Active,9.0,4219,3127586.0,30275.0,25cc3585-6194-4786-968a-2600db46b6c6,00-0033955,0.0,0.0,261.0,4.0,55.0,9.0,27.0,0.0,12.0,0.0,0.0,221.0,1.0,44.0,25.0,196.0,0.0,31.0,0.2141176470588235,0.0238095238095238,0.3194117647058823,0.0717592592592592,170.0,170.0,,,,,,,,,,31.0,4.338709677419355,4.497679210389498,0.032258064516129,0.7741935483870968,1.0366398180079883,False,,0.7091680672268907,False,True,1.1559804793191624,False,,,,,,,,,,,,,4.1571875,0.32406250000000014,False,Sustainable
Dalevon Campbell,WR,LAC,24.0,7.0,Active,1.0,13202,,,10e1f570-2f6d-11f0-83ff-1b0af9d7582e,00-0040629,,,,,,,,,,0.0,0.0,0.0,0.0,0.0,0.0,0.0,0.0,0.0,,,0.065,0.0,170.0,170.0,,,,,,,,,,,,,,,,True,,,True,False,1.0,False,,,,,,,,,,,,,,,False,
Davante Adams,WR,LAR,33.0,11.0,Active,12.0,2133,16800.0,27581.0,e7d6ae25-bf15-4660-8b37-c37716551de3,00-0031381,0.0,0.0,0.0,0.0,0.0,85.0,1063.0,8.0,141.0,0.0,0.0,0.0,0.0,0.0,60.0,789.0,14.0,114.0,0.9178571428571428,0.1935483870967742,0.7142857142857143,0.1962134251290878,45.8,45.8,49.0,5.0,1 out of 5 stars,222.1,221.92,23.266413469591637,232.13823600439753,245.18641346959163,18.179851040316574,28.0,16.507142857142856,8.210198200856937,0.3571428571428571,0.0357142857142857,0.4973724569969585,False,,0.7587226890756303,False,True,0.5386998267374025,False,121.14672224426177,328.6284248823972,74.52836401806002,373.3455941793037,0.2413,0.1887,0.12985,0.0422,0.5002,0.4998,197.60035704480427,255.80315543226385,17.52774193548387,-1.4083870967741952,False,Buy-low
Aaron Rodgers,QB,PIT,42.0,9.0,Active,21.0,96,8439.0,7200.0,0ce48193-e2fa-466e-a986-33f751add206,00-0023459,3897.0,28.0,107.0,0.0,22.0,0.0,0.0,0.0,0.0,3322.0,24.0,61.0,1.0,21.0,1.0,-9.0,0.0,1.0,0.963529411764706,,0.956875,,169.5,169.5,231.0,11.0,2 out of 5 stars,222.9,257.014,-19.49603534800515,237.51796465199484,237.51796465199484,-90.97583766290164,33.0,17.80787878787879,8.270073970941764,0.1818181818181818,0.2727272727272727,0.4644053381905833,False,,0.7685714285714286,False,True,0.7522031533484106,True,127.9438255074487,347.9235499741559,78.14959268494138,404.6540970260063,0.223,0.39135,0.35485,0.03295,0.223,0.777,197.64615273592776,283.48816411146777,14.835294117647058,-0.3205882352941156,False,Sustainable
Deebo Samuel,WR,,30.0,,Active,7.0,5872,3126486.0,31868.0,628a6a0a-4fde-4024-8d7c-28674953d5af,00-0035719,0.0,0.0,136.0,1.0,42.0,51.0,670.0,3.0,81.0,0.0,0.0,75.0,1.0,17.0,72.0,727.0,5.0,99.0,0.7313333333333334,0.1578947368421052,0.7225,0.2291666666666666,169.8,169.8,172.0,10.0,-,,,,127.1457657752784,,-86.81261918880254,31.0,11.09032258064516,7.086341549709539,0.1935483870967742,0.3225806451612903,0.6389662246683995,False,,0.8421260504201681,True,False,0.6920588176478455,False,86.38793429389804,163.99439454811403,61.10075509517775,186.96888110803175,0.0008,0.00985,0.03815,5e-05,0.0248,0.9752,100.55574198538,146.8528149338075,11.754333333333333,-0.29433333333333245,True,Sustainable
Troy Hairston,RB,,26.0,,Active,3.0,8820,,,c4ae1ed0-d32c-11ec-a99e-3305165b8d4a,00-0037456,0.0,0.0,0.0,0.0,0.0,0.0,0.0,0.0,0.0,,,,,,,,,,,0.0,,,170.0,170.0,,,,,,,,,,,,,,,,True,,,False,False,1.0,False,,,,,,,,,,,,,,,False,
Brenton Strange,TE,JAX,25.0,7.0,Active,3.0,9480,,,94f135f7-9d54-4cbd-b560-fcaf83d414b0,00-0038935,0.0,0.0,0.0,0.0,0.0,40.0,411.0,2.0,53.0,0.0,0.0,0.0,0.0,0.0,46.0,540.0,3.0,60.0,0.5423529411764706,0.1015325670498084,0.7483333333333334,0.109689213893967,166.6,166.6,146.0,9.0,3 out of 5 stars,151.4,151.2,18.590303729757363,162.94029808986636,169.79030372975734,-14.352678566386146,26.0,8.11923076923077,5.138950805817797,0.0769230769230769,0.2692307692307692,0.6329356748046552,False,,0.750453781512605,False,True,0.7167855869133757,False,82.88569452635127,235.19226128808023,52.616575876581265,282.59259969188656,0.34135,0.27765,0.17705,0.07905,0.34135,0.65865,123.56821424246354,198.15548231007097,7.47,0.38185185185185233,False,Sustainable
Tyler Shough,QB,NO,26.0,8.0,Active,1.0,12545,,,94b8f9e1-3109-4429-8f71-4f79d7588237,00-0040743,,,,,,,,,,2384.0,10.0,186.0,3.0,45.0,0.0,0.0,0.0,0.0,,,0.8345454545454545,,154.1,154.1,121.0,8.0,3 out of 5 stars,285.9,318.6020000000001,-26.73023862754993,291.8717613724502,291.8717613724502,-36.62204094244629,11.0,16.36,8.606643945232081,0.0909090909090909,0.3636363636363636,0.5260784807599072,False,,,False,True,0.8520959162057435,False,198.29316292156363,387.11875547640307,136.7327312294075,443.1082436028263,0.3394,0.44925,0.19275,0.0597,0.3394,0.6606,232.71620235117908,346.52874468398403,13.603636363636362,0.9381818181818211,False,Sustainable
Tyrod Taylor,QB,GB,36.0,11.0,Active,15.0,827,14163.0,24967.0,7f3ef024-eb34-46af-8b9e-544cdf09378f,00-0028118,119.0,3.0,13.0,0.0,3.0,0.0,0.0,0.0,0.0,779.0,5.0,143.0,1.0,27.0,0.0,0.0,0.0,0.0,0.31,,0.6699999999999999,,170.0,170.0,,,,10.9,11.41,-1.3123499945279276,10.097650005472072,10.097650005472072,-318.3961523094244,8.0,11.94,9.012524618551677,0.0,0.5,0.754817807248884,False,,,True,False,1.222587873404544,False,3.811728253671526,14.265900184693274,2.458504017825377,19.618017642979503,0.0,5e-05,0.0167,0.0,0.0,1.0,4.546076551578101,13.850622875818194,10.6375,-0.4474999999999998,True,Sustainable
Chase McLaughlin,K,TB,30.0,10.0,Active,7.0,6650,3150744.0,32417.0,12d28404-63e1-432f-adde-c93631a5c39c,00-0035358,0.0,0.0,0.0,0.0,0.0,0.0,0.0,0.0,0.0,0.0,0.0,0.0,0.0,0.0,0.0,0.0,0.0,0.0,,,,,168.3,168.3,235.0,11.0,3 out of 5 stars,132.9,33.3,119.23291482954755,152.53291482954756,152.53291482954756,2.9734247369790694,34.0,9.852941176470589,5.6145501071346615,0.2058823529411764,0.1470588235294117,0.5698349362465029,False,,0.9828571428571428,False,True,1.0,False,105.04197911926764,198.5059672965151,84.38928615515294,232.4225547064777,0.47165,0.36915,0.1592,0.1208,0.47165,0.52835,107.08577637863333,193.1746980491057,,,False,
Baker Mayfield,QB,TB,31.0,10.0,Active,8.0,4892,3052587.0,30971.0,30198d30-9769-4e10-ac86-b4c91d940802,00-0034855,4500.0,41.0,378.0,3.0,60.0,0.0,0.0,0.0,0.0,3693.0,26.0,382.0,1.0,55.0,0.0,0.0,0.0,0.0,0.9852941176470588,,0.9711764705882354,,151.1,151.1,119.0,8.0,2 out of 5 stars,281.7,320.85799999999995,-15.14494661499943,305.71305338500053,305.71305338500053,-22.780748929895935,34.0,22.81529411764706,9.10968323811274,0.4117647058823529,0.1176470588235294,0.3992796757797055,False,,0.9114285714285714,False,True,0.6467183007835533,False,241.04071181687323,380.5593661110683,199.77735934167205,424.5274884977934,0.36605,0.521,0.0994,0.04035,0.36605,0.63395,249.73951411116445,358.49014059301476,17.99942857142857,0.8879999999999981,False,Sustainable
James Conner,RB,ARI,31.0,14.0,Active,9.0,4137,3045147.0,30218.0,28a084c0-14df-499f-bd1f-b975603626b7,00-0033553,0.0,0.0,1094.0,8.0,236.0,47.0,414.0,1.0,55.0,0.0,0.0,95.0,1.0,32.0,8.0,38.0,1.0,9.0,0.60625,0.1051625239005736,0.5,0.0145867098865478,169.7,169.7,159.0,10.0,2 out of 5 stars,61.6,61.6,11.741768574646994,73.34176857464699,73.34176857464699,-138.73542205595214,19.0,15.005263157894738,7.375219294985255,0.2105263157894736,0.1052631578947368,0.4915088270947731,False,,0.6657647058823528,False,True,0.5480925965456566,True,26.212526757070744,118.7038410677922,13.97271533555512,150.05922257145969,0.0009,0.00985,0.0577,0.0,0.0293,0.9707,55.35334816049727,92.80598008832816,14.93157894736842,0.07368421052631824,False,Sustainable
Dorian Thompson-Robinson,QB,,25.0,,Active,2.0,10862,,,d66ae3ad-8a60-47e7-a3b2-18a1e8377e1b,00-0038583,440.0,0.0,122.0,0.0,21.0,0.0,0.0,0.0,0.0,,,,,,,,,,0.4071428571428571,,,,170.0,170.0,,,,,,,,,,,,,,,,True,,,False,False,1.0,False,,,,,,,,,,,,,,,True,
Jeremy Ruckert,TE,NYJ,25.0,13.0,Active,4.0,8145,,,28f3732b-0910-4d09-9fd4-e43b821dc5bb,00-0037805,0.0,0.0,0.0,0.0,0.0,18.0,105.0,0.0,28.0,0.0,0.0,0.0,0.0,0.0,23.0,179.0,1.0,29.0,0.3676470588235294,0.0475382003395585,0.4717647058823529,0.0614406779661017,170.0,170.0,,,,41.8,42.08,5.97389820440721,48.05389820440721,48.05389820440721,-129.2390784518453,28.0,2.692857142857143,2.01860394945663,0.0,0.8571428571428571,0.74961419873721,False,,0.7924705882352941,False,True,0.8489214224909717,False,24.468556790527035,68.58051894757624,16.610764480891525,85.1164674900873,0.00105,0.01725,0.08645,5e-05,0.00105,0.99895,31.44146237226065,62.48246299511005,3.255,-0.39730769230769214,False,Sustainable
Tyler Warren,TE,IND,24.0,13.0,Active,1.0,12518,,,c8fe3913-1210-4142-b9c1-c119ef702ca5,00-0040128,,,,,,,,,,0.0,0.0,8.0,1.0,6.0,76.0,817.0,4.0,112.0,,,0.8382352941176471,0.2113207547169811,46.8,46.8,53.0,6.0,3 out of 5 stars,201.7,201.75000000000003,25.555004665921757,216.01017110073784,227.3050046659218,38.71719444448533,17.0,11.088235294117649,4.878381180389297,0.2352941176470588,0.0588235294117647,0.4399601064542072,False,,0.8623999999999998,False,True,0.4982450439700365,False,157.61823253926076,276.5447445691624,125.66034636396952,312.2935686097856,0.62305,0.2717,0.0552,0.14525,0.62305,0.37695,174.32489625964428,254.9208635966524,12.560588235294118,-1.4723529411764709,False,Buy-low
Andre Szmyt,K,CLE,27.0,11.0,Active,4.0,11261,,,25f0b180-ead8-11ed-86b8-630d0ad2d5af,00-0038428,,,,,,,,,,0.0,0.0,0.0,0.0,0.0,0.0,0.0,0.0,0.0,,,,,169.9,169.9,,,,102.0,24.6,93.19547685787576,117.79547685787576,117.79547685787576,-31.76401323469274,17.0,6.705882352941177,3.6187827007564457,0.0,0.2352941176470588,0.5396430343233296,False,,0.976,False,True,0.947016407730198,True,80.95055049266502,152.9785080376581,65.49879252676187,178.95420829947065,0.21425,0.4294,0.35635,0.03165,0.21425,0.78575,82.52803817707634,148.95944082518247,,,False,
Nyheim Miller-Hines,RB,,29.0,,Active,8.0,5347,3916430.0,31074.0,ed5bcd2c-6335-4c0b-93b7-2116684a9b02,00-0034367,,,,,,,,,,0.0,0.0,-2.0,0.0,2.0,0.0,0.0,0.0,0.0,,,0.03,0.0,,,,,,,,,,,,,,,,,,True,,,True,False,1.0,False,,,,,,,,,,,,,,,True,
Kenyon Sadiq,TE,NYJ,21.0,13.0,Active,0.0,13330,,,554e5567-f992-4071-8366-5fa5c316b07c,SAD482340,,,,,,,,,,,,,,,,,,,,,,,138.0,138.0,187.0,10.0,4 out of 5 stars,130.1,130.1,16.287772606739914,146.3877726067399,146.3877726067399,-30.905204049512605,,,,,,,True,16.0,,False,False,1.0,False,80.8777699969309,222.80446437172947,56.28411470435571,283.4089856930516,0.2796,0.28235,0.22285,0.083,0.2796,0.7204,94.62760663219436,210.9345511334351,,,False,
Sean Tucker,RB,TB,24.0,10.0,Active,3.0,9506,,,6d616c10-f35e-11ed-b721-9b68b08a2e09,00-0038951,0.0,0.0,308.0,2.0,50.0,9.0,109.0,1.0,12.0,0.0,0.0,320.0,7.0,86.0,8.0,34.0,1.0,11.0,0.0923529411764706,0.0213143872113676,0.158235294117647,0.0203327171903881,170.2,170.2,191.0,10.0,2 out of 5 stars,27.1,27.14,25.96768391774667,53.10768391774667,53.10768391774667,-158.96950671285248,34.0,4.708823529411765,8.084679399841251,0.0588235294117647,0.7352941176470589,1.7169212966558558,False,,0.777781512605042,False,True,1.9145777240887536,False,21.21988525842671,78.41058844353486,12.827440265818616,103.88162332159575,0.00085,0.0034,0.0175,5e-05,0.00965,0.99035,29.352124491786025,71.60493928715313,5.505599999999999,0.8984000000000005,False,Sustainable
Michael Carter,RB,TEN,27.0,9.0,Active,5.0,7607,,,7f119181-4c9f-4a9f-bccc-357277b64a8d,00-0036924,0.0,0.0,131.0,1.0,35.0,11.0,57.0,0.0,11.0,0.0,0.0,333.0,1.0,92.0,33.0,267.0,0.0,45.0,0.6166666666666667,0.0210325047801147,0.4523076923076923,0.072933549432739,170.0,170.0,341.0,14.0,3 out of 5 stars,,,,,,,16.0,8.425,4.868333048042899,0.0,0.25,0.5778436852276437,False,,0.7273613445378151,True,False,0.644366547201118,True,,,,,,,,,,,,,10.00125,-1.57625,True,Buy-low
Christian Watson,WR,GB,27.0,11.0,Active,4.0,8167,,,47d97f44-b4aa-46d2-816c-5b5a1fe48d46,00-0038124,0.0,0.0,23.0,0.0,4.0,29.0,620.0,2.0,53.0,0.0,0.0,3.0,0.0,1.0,35.0,611.0,6.0,55.0,0.5906666666666667,0.1142241379310344,0.6769999999999999,0.1195652173913043,96.8,96.8,57.0,6.0,5 out of 5 stars,190.9,190.76,20.29333444813854,199.5690945049027,211.05333444813857,-14.389290459178255,24.0,9.904166666666669,7.290284133943147,0.125,0.2916666666666667,0.7360825377140746,False,,0.7578823529411765,False,True,0.7972446603198704,False,100.33364885660431,289.4267357889016,61.840509233569506,344.51070680749183,0.15195,0.14805,0.1327,0.0352,0.3678,0.6322,151.30333072373583,242.86714679898148,9.161200000000001,0.8507999999999996,False,Sustainable
Tyrion Davis-Price,RB,,24.0,,Active,3.0,8211,,,052cdbeb-f758-4110-ac1a-675cd0335db9,00-0037827,0.0,0.0,7.0,0.0,3.0,0.0,0.0,0.0,0.0,,,,,,,,,,0.08,0.0,,,170.0,170.0,,,,,,,,,,,,,,,,True,,,False,False,1.0,False,,,,,,,,,,,,,,,True,
Jermar Jefferson,RB,,26.0,,Active,5.0,7599,,,de456390-b27b-4146-87b9-0267f1ea8db4,00-0036670,0.0,0.0,22.0,0.0,6.0,1.0,10.0,0.0,1.0,,,,,,,,,,0.09,0.0019157088122605,0.0,,170.0,170.0,,,,,,,,,,,,,,,,True,,,False,False,1.0,False,,,,,,,,,,,,,,,True,
Nathan Carter,RB,ATL,24.0,11.0,Active,1.0,12897,,,be0e5b20-2479-11f0-8e28-d7828261d278,00-0040547,,,,,,,,,,0.0,0.0,60.0,0.0,9.0,0.0,0.0,0.0,0.0,,,,0.0,170.0,170.0,,,,,,,,,,,,,,,,True,,,False,True,1.0,True,,,,,,,,,,,,,,,False,
Will Levis,QB,TEN,27.0,9.0,Active,3.0,9999,,,4c8a2f7e-f982-4eca-9d52-cf53df6985a4,00-0039152,2091.0,13.0,183.0,0.0,45.0,0.0,0.0,0.0,0.0,,,,,,,,,,0.8516666666666667,,,,170.0,170.0,,,,11.4,13.38,-1.6015847338272948,11.778415266172706,11.778415266172706,-316.71538704872376,12.0,12.995,8.440827727614913,0.0,0.4166666666666667,0.6495442653031869,False,,,False,False,1.0520749966054994,True,6.123632697513969,16.64421309724598,4.153609959051047,20.828878026110495,0.0,0.0,0.01105,0.0,0.0,1.0,7.215479652790653,15.634616632103423,10.88,-0.37166666666666615,False,Sustainable
Tre' Harris,WR,LAC,24.0,7.0,Active,1.0,12509,,,a45328a1-7d0e-451a-8176-ea30f0e1c86f,00-0040727,,,,,,,,,,0.0,0.0,10.0,0.0,2.0,30.0,324.0,1.0,43.0,,,0.4852941176470588,0.0790441176470588,170.5,170.5,167.0,10.0,2 out of 5 stars,89.3,89.48,10.936315365076458,113.2208544611373,100.41631536507646,-100.73753050294366,16.0,4.3375,2.876079507477729,0.0,0.75,0.6630730852974591,False,,0.8610352941176471,False,True,0.7181687508807115,False,73.79993471414741,151.06812225762394,54.707674494122635,177.61431535095429,0.0024,0.0111,0.02905,0.0002,0.0259,0.9741,82.12028833143881,140.29456371864717,4.303529411764706,0.014117647058824012,False,Sustainable
Jakobi Meyers,WR,JAX,29.0,7.0,Active,7.0,5947,3916433.0,32231.0,73e194d1-a4b7-4de4-b1c2-3c24ef502918,00-0034960,0.0,0.0,23.0,0.0,2.0,87.0,1027.0,4.0,129.0,0.0,0.0,13.0,0.0,5.0,75.0,835.0,3.0,110.0,0.9166666666666666,0.2179054054054054,0.85,0.1115173674588665,108.7,108.7,91.0,7.0,4 out of 5 stars,185.7,185.78000000000003,22.50252331558088,197.75516356785073,208.2825233155809,-16.20322139623022,31.0,12.703225806451613,5.346555518647356,0.0967741935483871,0.0,0.4208817193450178,False,,0.8755294117647059,False,True,0.4558533672271435,False,140.39042709895585,255.72136951666755,108.54987429384904,294.1379043549029,0.07105,0.1513,0.19795,0.0087,0.3178,0.6822,153.36134128891618,238.57568409688463,12.9284375,-0.5534374999999994,False,Sustainable
Isaac Guerendo,RB,SF,26.0,8.0,Active,2.0,11651,,,eac64b21-6e9e-447a-bf18-8a00b5c12871,00-0039363,0.0,0.0,420.0,4.0,84.0,15.0,152.0,0.0,16.0,0.0,0.0,0.0,0.0,0.0,0.0,0.0,0.0,0.0,0.229375,0.0311890838206627,0.0,0.0,170.0,170.0,311.0,13.0,2 out of 5 stars,14.9,14.85,8.440471610050114,23.290471610050112,23.290471610050112,-188.78671902054904,23.0,4.182608695652174,7.365561891416336,0.0434782608695652,0.7391304347826086,1.7609971258064003,False,,0.770156862745098,False,True,1.9637276768715273,False,9.061281064925677,34.5075203158948,5.540951237726683,46.12749205805722,0.0,0.0,0.00025,0.0,5e-05,0.99995,12.751516295461393,31.62623623568827,5.866153846153846,1.533846153846154,False,TD-lucky
Jude McAtamney,K,,25.0,,Active,1.0,12385,,,59390ff0-0eeb-11ef-966f-a152cdc308bf,00-0039934,0.0,0.0,0.0,0.0,0.0,0.0,0.0,0.0,0.0,0.0,0.0,0.0,0.0,0.0,0.0,0.0,0.0,0.0,,,,,169.9,169.9,,,,,,,,,,,,,,,,True,,,True,False,1.0,False,,,,,,,,,,,,,,,True,
Carson Beck,QB,ARI,23.0,14.0,Active,0.0,13272,,,a67c28ce-9e03-46f1-9fb6-b5ef70eb20db,,,,,,,,,,,,,,,,,,,,,,,,169.9,169.9,350.0,14.0,2 out of 5 stars,23.1,26.52200000000001,-1.7293920778315512,24.792607922168457,24.792607922168457,-303.701194392728,,,,,,,True,65.0,,False,False,1.0,True,10.95682406864583,32.60013633584722,7.258118614221722,41.7077017211515,0.0,0.0001,0.15705,0.0,0.0,1.0,12.72279481823662,30.84661411960114,,,False,
Lucas Havrisik,K,GB,26.0,11.0,Active,4.0,8932,,,acb45400-339b-11ed-bc62-03fa2e99e805,00-0038152,,,,,,,,,,0.0,0.0,0.0,0.0,0.0,0.0,0.0,0.0,0.0,,,,,169.9,169.9,,,,0.0,0.0,0.0,0.0,0.0,-149.5594900925685,,,,,,,True,,,False,True,1.0,False,0.0,0.0,0.0,0.0,0.0,0.0,1.0,0.0,0.0,1.0,0.0,0.0,,,False,
Gavin Bartholomew,TE,MIN,23.0,6.0,Active,1.0,12700,,,c1b41bdc-c726-4ee5-910f-b5e4a00412a3,00-0040215,,,,,,,,,,,,,,,,,,,,,,,170.0,170.0,,,,,,,,,,,,,,,,True,,,False,False,1.0,False,,,,,,,,,,,,,,,False,
Tyler Higbee,TE,LAR,33.0,11.0,Active,10.0,3271,2573401.0,29344.0,0df7912d-9e81-47ea-b4f7-d04986df4ee8,00-0033110,0.0,0.0,0.0,0.0,0.0,8.0,66.0,2.0,12.0,0.0,0.0,0.0,0.0,0.0,25.0,281.0,3.0,36.0,0.3266666666666666,0.022181146025878,0.5549999999999999,0.0619621342512908,169.9,169.9,336.0,13.0,4 out of 5 stars,71.2,71.15,8.239368875833904,79.38936887583391,79.38936887583391,-97.9036077804186,13.0,7.515384615384615,6.078355884316932,0.1538461538461538,0.3076923076923077,0.8087883981179131,False,,0.588436974789916,False,True,0.915934888348015,False,19.61207437245813,131.66645874727922,7.3991580407907716,175.5223279254593,0.07455,0.138,0.16165,0.0134,0.07455,0.92545,51.82753560881414,102.91706235832436,6.950588235294117,1.2435294117647073,False,TD-lucky
Jordan Moore,WR,CIN,24.0,6.0,Active,1.0,12761,,,5de30070-2302-11f0-991a-67346bf4b94b,00-0040375,,,,,,,,,,,,,,,,,,,,,,,,,,,,,,,,,,,,,,,,True,,,False,False,1.0,False,,,,,,,,,,,,,,,False,
Nick Chubb,RB,,30.0,,Active,8.0,4988,3128720.0,31005.0,4bd60b33-9fbf-4156-ba2b-8264ac37b418,00-0034791,0.0,0.0,332.0,3.0,102.0,5.0,31.0,1.0,11.0,0.0,0.0,506.0,3.0,122.0,13.0,67.0,0.0,20.0,0.4125,0.0173501577287066,0.322,0.0361663652802893,170.0,170.0,357.0,14.0,-,,,,,,,23.0,6.678260869565217,4.746286253649377,0.0,0.5652173913043478,0.7107069260021853,False,,0.6419411764705882,True,False,0.7925253484418284,False,,,,,,,,,,,,,7.5356000000000005,-1.2236000000000002,True,Buy-low
Cordarrelle Patterson,RB,,34.0,,Active,12.0,1535,15807.0,26652.0,da85107c-365c-4d58-90ab-479d97d798b4,00-0030578,0.0,0.0,135.0,0.0,32.0,12.0,80.0,1.0,14.0,,,,,,,,,,0.1261538461538461,0.0304347826086956,,,170.0,170.0,,,,,,,,,,13.0,3.0384615384615383,3.576203401546222,0.0,0.6923076923076923,1.1769783346860985,False,,,False,False,1.3124751295904988,False,,,,,,,,,,,,,3.0676923076923077,-0.18307692307692314,False,Sustainable
Ricky Pearsall,WR,SF,25.0,8.0,Active,2.0,11638,,,aca4c1b8-915f-4295-92e4-05b51feee6b1,00-0039916,0.0,0.0,45.0,0.0,3.0,31.0,400.0,3.0,46.0,0.0,0.0,-2.0,0.0,2.0,36.0,528.0,0.0,53.0,0.67,0.0896686159844054,0.7811111111111111,0.0963636363636363,119.9,119.9,100.0,8.0,2 out of 5 stars,164.9,164.97000000000003,21.778198499380476,180.82211000362815,186.7481984993805,-33.136274960452795,20.0,9.105,8.159945497754002,0.05,0.45,0.8962048871778145,False,,,False,True,0.9706717986735126,False,109.35404918453028,247.16356874290437,75.59721431092136,296.6717262346357,0.0788,0.11225,0.13855,0.01615,0.25715,0.74285,128.35402001411984,228.4187437802561,9.183,-0.0779999999999994,False,Sustainable
Emeka Egbuka,WR,TB,23.0,10.0,Active,1.0,12514,,,00cea287-1fa0-4584-803f-59f546ef8722,00-0040129,,,,,,,,,,0.0,0.0,9.0,0.0,2.0,63.0,938.0,6.0,127.0,,,0.776470588235294,0.2347504621072088,42.1,42.1,43.0,5.0,4 out of 5 stars,210.9,210.87,23.44180131468348,230.60605911624623,234.3118013146835,16.64767415216528,17.0,11.394117647058822,8.136758459933175,0.2352941176470588,0.2941176470588235,0.7141192246714713,False,,0.8728,False,True,0.7734563850260052,False,167.95285420511854,297.1408091630203,130.71897465764275,337.22025858556873,0.1556,0.23555,0.21805,0.02195,0.50505,0.49495,183.91757858545563,275.6497088173291,13.97,-2.4582352941176477,False,Buy-low
Kyle Trask,QB,,27.0,,Active,5.0,7605,,,13038760-a019-4e2a-9aea-f13d7dce5bda,00-0036928,5.0,0.0,-4.0,0.0,5.0,0.0,0.0,0.0,0.0,,,,,,,,,,0.065,,,,170.0,170.0,,,,,,,,,,,,,,,,True,,,False,False,1.0,False,,,,,,,,,,,,,,,True,
Nico Collins,WR,HOU,27.0,8.0,Active,5.0,7569,,,bd56a50c-5fae-4ee2-8363-f74ae07b6887,00-0036554,0.0,0.0,0.0,0.0,0.0,68.0,1006.0,7.0,99.0,0.0,0.0,15.0,1.0,2.0,71.0,1117.0,6.0,120.0,0.6625,0.1809872029250457,0.772,0.2169981916817359,26.5,26.5,12.0,3.0,3 out of 5 stars,248.7,249.30000000000004,29.63823924557519,265.84727494885146,278.93823924557523,51.888889984770515,27.0,16.177777777777777,6.764462189852843,0.2962962962962963,0.037037037037037,0.4181329650321125,False,,0.8335126050420169,False,True,0.4528762150924107,False,183.74465330584684,350.9014424630655,127.33618456756903,396.01126170202434,0.32655,0.24805,0.15345,0.07195,0.65845,0.34155,219.97085339663045,307.99108795688977,14.833,1.1736666666666675,False,Sustainable
Anthony Smith,WR,DAL,24.0,14.0,Active,0.0,13582,,,c5491a6f-51bc-4207-bf5f-89e3693c2ddd,SMI038569,,,,,,,,,,,,,,,,,,,,,,,170.0,170.0,,,,,,,,,,,,,,,,True,218.0,,False,False,1.0,False,,,,,,,,,,,,,,,False,
Craig Reynolds,RB,,29.0,,Active,7.0,6659,4421446.0,32596.0,0deb1dc9-0945-470d-8352-220d26d03d7d,00-0035567,0.0,0.0,139.0,0.0,31.0,3.0,40.0,0.0,5.0,0.0,0.0,4.0,0.0,3.0,0.0,0.0,0.0,0.0,0.0852941176470588,0.0095785440613026,0.0085714285714285,0.0,170.0,170.0,,,,,,,,,,13.0,1.6384615384615384,2.4931701578306753,0.0,0.9230769230769232,1.5216531479717736,False,,,True,False,1.696829800277234,False,,,,,,,,,,,,,3.19125,-0.52875,True,Sustainable
Bryce Young,QB,CAR,25.0,5.0,Active,3.0,9228,,,38475bfa-9773-4c3b-9157-a0dbd576fa22,00-0039150,2403.0,15.0,249.0,6.0,43.0,0.0,0.0,0.0,0.0,3011.0,23.0,216.0,2.0,54.0,0.0,0.0,0.0,0.0,0.8671428571428572,,0.9675,,168.5,168.5,154.0,9.0,2 out of 5 stars,248.6,280.074,-23.58235205962884,256.4916479403712,256.4916479403712,-72.00215437452528,30.0,16.63533333333333,10.27054668434949,0.2,0.3333333333333333,0.6173935008425535,False,,0.8694117647058823,False,True,1.0,False,179.77317305241985,336.0903600323886,131.1895367588643,384.2895474745061,0.1971,0.52355,0.2563,0.0233,0.1971,0.8029,198.6091685425397,309.2029752918228,14.337419354838708,-0.1445161290322563,False,Sustainable
Terrance Ferguson,TE,LAR,23.0,11.0,Active,1.0,12487,,,fdfc7b8e-a202-4459-91f8-be6e053e5d29,00-0040737,,,,,,,,,,0.0,0.0,0.0,0.0,1.0,11.0,231.0,3.0,25.0,,,0.3671428571428571,0.0430292598967297,167.3,167.3,241.0,11.0,4 out of 5 stars,109.3,109.24,11.755619655010346,120.99561965501034,120.99561965501034,-56.29735700124216,11.0,4.736363636363636,5.202551821418548,0.0,0.5454545454545454,1.0984274479002694,False,,,False,True,1.2439446760019557,False,65.13882491815924,169.19689880920794,45.330988658900615,211.5117391646233,0.134,0.25435,0.28175,0.02365,0.134,0.866,75.7632303836325,158.4670720969928,5.594615384615385,-1.3638461538461542,False,Buy-low
,DEF,DAL,,14.0,,,DAL,,,,,,,,,,,,,,,,,,,,,,,,,,,,,,,,,,,,,,,,,,,,True,,,False,False,1.0,False,,,,,,,,,,,,,,,False,
Ronnie Bell,WR,NO,26.0,8.0,Active,3.0,10221,,,ba06804a-b84c-408a-8ef6-5226d8424479,00-0038647,0.0,0.0,0.0,0.0,0.0,2.0,22.0,0.0,6.0,0.0,0.0,0.0,0.0,0.0,2.0,23.0,1.0,4.0,0.19,0.0116959064327485,0.285,0.0070796460176991,170.0,170.0,470.0,15.0,3 out of 5 stars,,,,,,,,,,,,,True,,,False,True,1.0,False,,,,,,,,,,,,,,,False,
Josh Oliver,TE,MIN,29.0,6.0,Active,7.0,5973,3921690.0,31901.0,dc83f7af-7b30-4c4a-9c93-f67bd8db954b,00-0035249,0.0,0.0,0.0,0.0,0.0,22.0,258.0,3.0,28.0,0.0,0.0,0.0,0.0,0.0,15.0,160.0,4.0,19.0,0.5546666666666666,0.0541586073500967,0.458,0.0405982905982906,170.0,170.0,425.0,15.0,4 out of 5 stars,52.1,52.16,5.959495209028805,58.1194952090288,58.1194952090288,-119.17348144722372,24.0,5.033333333333333,5.017938834315094,0.0833333333333333,0.5833333333333334,0.9969414902612772,False,,,False,True,1.1290140841496603,False,30.857086218971403,82.06223101931825,21.637607148265833,101.5130107761748,0.00465,0.0393,0.1459,0.0004,0.00465,0.99535,36.1806212309223,76.9444326234295,3.7229166666666664,1.3729166666666668,False,TD-lucky
Jordan Mason,RB,MIN,27.0,6.0,Active,4.0,8408,,,af9f7390-ca80-11ec-97ae-e1573849d1a6,00-0037525,0.0,0.0,789.0,3.0,153.0,11.0,91.0,0.0,14.0,0.0,0.0,758.0,6.0,159.0,14.0,51.0,0.0,16.0,0.4866666666666666,0.0272904483430799,0.4275,0.0341880341880341,147.4,147.4,128.0,9.0,4 out of 5 stars,132.1,132.16,31.15215236134104,163.52222398589782,163.31215236134102,-48.55496664470133,28.0,8.85357142857143,6.643820974624253,0.1071428571428571,0.4285714285714285,0.7504114049595767,False,,0.8366050420168067,False,True,0.8368007098730341,False,94.0808802335172,227.22702196219817,61.22504929132758,273.6554760404336,0.04365,0.13965,0.2623,0.00415,0.30365,0.69635,113.22128043726104,208.90414437152097,8.469285714285714,0.237857142857143,False,Sustainable
Luke McCaffrey,WR,WAS,25.0,7.0,Active,2.0,11650,,,5cfd82f8-9e73-48d7-914e-9051ff52d67d,00-0039355,0.0,0.0,0.0,0.0,0.0,18.0,168.0,0.0,24.0,0.0,0.0,0.0,0.0,0.0,11.0,203.0,3.0,15.0,0.3658823529411764,0.0476190476190476,0.3166666666666666,0.0347222222222222,169.9,169.9,333.0,13.0,2 out of 5 stars,42.9,42.900000000000006,25.73071566025483,68.63071566025484,68.63071566025484,-145.3276693038261,22.0,3.822727272727273,3.898953683597669,0.0,0.8181818181818182,1.0199403215118752,False,,,False,True,1.1046885824727075,False,40.36241728884105,94.43291934620956,28.29762689976587,113.95029338134889,0.0001,0.00075,0.0024,0.0,0.00185,0.99815,47.19411489560431,87.59783971651133,3.5865,0.6185,False,Sustainable
Jake Elliott,K,PHI,31.0,10.0,Active,9.0,4195,3050478.0,30266.0,059e5bb7-1842-4558-9aaf-77c352a21216,00-0033787,0.0,0.0,0.0,0.0,0.0,0.0,0.0,0.0,0.0,0.0,0.0,0.0,0.0,0.0,0.0,0.0,0.0,0.0,,,,,169.2,169.2,374.0,14.0,5 out of 5 stars,119.8,35.900000000000006,97.9673565560058,133.8673565560058,133.8673565560058,-15.692133536562691,34.0,7.294117647058823,4.674426957358425,0.1470588235294117,0.3235294117647059,0.6408488570572034,False,,0.9828571428571428,False,True,1.1246219146872047,False,92.16240639955528,173.8684520466244,74.41171854750078,203.01586368256167,0.33505,0.4258,0.23915,0.06385,0.33505,0.66495,94.11242130245506,169.3199453114558,,,False,
Caleb Douglas,WR,MIA,22.0,6.0,Active,0.0,13296,,,9e86188e-bdd6-4ba4-af4b-9cfe7f38e159,DOU210628,,,,,,,,,,,,,,,,,,,,,,,170.2,170.2,347.0,14.0,3 out of 5 stars,91.8,91.55,11.179280306978594,102.7292803069786,102.7292803069786,-111.22910465710235,,,,,,,True,75.0,,False,False,1.0,True,56.78773011050708,128.8863294645459,40.04479813073255,154.86147160074816,0.00135,0.00505,0.01505,0.0,0.01285,0.98715,65.92656233357063,119.24438105296056,,,False,
Rico Dowdle,RB,PIT,28.0,9.0,Active,6.0,7021,4038815.0,33100.0,bba755a2-63b6-4ac1-b806-0609816135de,00-0036139,0.0,0.0,1079.0,2.0,235.0,39.0,249.0,3.0,49.0,0.0,0.0,1076.0,6.0,236.0,39.0,297.0,1.0,50.0,0.575,0.0787781350482315,0.5605882352941176,0.1041666666666666,104.8,104.8,88.0,7.0,2 out of 5 stars,184.5,184.53,45.008256421206525,220.12809596043363,229.53825642120657,8.050905329834478,33.0,12.73030303030303,7.746994774123902,0.1515151515151515,0.2121212121212121,0.608547554263482,False,,0.8786218487394957,True,False,0.6786051251801162,True,140.30166492571243,296.4716698600405,99.36607158895538,350.4467202178296,0.13565,0.27115,0.30045,0.01845,0.56245,0.43755,155.36475560716426,277.769299186944,12.04264705882353,0.2102941176470594,True,Sustainable
Mason Tipton,WR,NO,25.0,8.0,Active,2.0,11895,,,91918b20-0572-11ef-96c1-f73e6ad39631,00-0039623,0.0,0.0,0.0,0.0,0.0,14.0,99.0,0.0,26.0,0.0,0.0,18.0,0.0,4.0,11.0,76.0,0.0,17.0,0.4909090909090909,0.0502901353965183,0.3021428571428571,0.0300884955752212,170.0,170.0,,,,11.1,11.61,9.738249696463772,21.34824969646377,21.34824969646377,-192.6101352676172,17.0,2.6058823529411765,3.1554458061095136,0.0,0.8235294117647058,1.210893424466405,False,,,False,True,1.3115082445377573,False,12.312477141470591,29.27512758848605,8.688163891169012,36.07390556634603,0.0,0.0,0.0,0.0,0.0,1.0,14.303124674780506,27.431817864116603,4.494666666666666,-1.5413333333333332,False,Buy-low
Roman Wilson,WR,PIT,25.0,9.0,Active,2.0,11630,,,43563ab6-46b9-44d3-aaf2-bc1eb4d1f8d1,00-0039739,,,,,,,,,,0.0,0.0,0.0,0.0,0.0,12.0,166.0,2.0,21.0,0.07,,0.3307692307692307,0.0402298850574712,169.9,169.9,480.0,16.0,3 out of 5 stars,,,,,,,9.0,4.511111111111111,5.9427359954074275,0.0,0.7777777777777778,1.3173552699179027,False,,,False,True,1.4268161529111734,True,,,,,,,,,,,,,3.735555555555555,0.5533333333333337,False,Sustainable
Tyler Huntley,QB,BAL,28.0,13.0,Active,6.0,7083,4035671.0,32993.0,7c226f73-a59f-4db6-ad98-2766d05d4d5a,00-0035993,829.0,3.0,135.0,2.0,26.0,0.0,0.0,0.0,0.0,426.0,2.0,151.0,0.0,24.0,0.0,0.0,0.0,0.0,0.934,,0.5940000000000001,,169.9,169.9,,,,10.6,11.702000000000002,-1.0953786755740929,10.606621324425909,10.606621324425909,-317.88718099047054,10.0,11.48,7.904755249566906,0.1,0.5,0.6885675304500789,False,,,False,True,1.1152814688045705,True,6.103055335695064,15.03152065828032,4.168052440068637,18.307722193841215,0.0,0.0,0.00435,0.0,0.0,1.0,7.167618396978028,13.943307546770011,11.011,-0.7309999999999999,False,Sustainable
Caleb Lohner,TE,DEN,24.0,10.0,Active,1.0,12735,,,88a09f4b-3cc1-4e70-bf4c-9b1503ecb89f,00-0040240,,,,,,,,,,,,,,,,,,,,,,,170.0,170.0,,,,,,,,,,,,,,,,True,,,False,False,1.0,False,,,,,,,,,,,,,,,False,
George Pickens,WR,DAL,25.0,14.0,Active,4.0,8137,,,018e8f25-54e5-44f1-967a-7ff237f1c52f,00-0037247,0.0,0.0,-6.0,0.0,2.0,59.0,900.0,3.0,103.0,0.0,0.0,0.0,0.0,0.0,93.0,1429.0,9.0,137.0,0.8021428571428572,0.2239130434782608,0.8111764705882354,0.2257001647446458,27.7,27.7,16.0,3.0,2 out of 5 stars,252.4,252.31000000000003,29.60284282046397,264.9238817206853,281.912842820464,50.96549675660435,31.0,14.71935483870968,8.590941716127078,0.2258064516129032,0.1612903225806451,0.5836493385928981,False,,0.8839327731092437,False,True,0.6321455745132193,False,201.16886529280856,334.4540072473825,161.87404422215675,375.5279558271202,0.28265,0.2945,0.19545,0.048,0.689,0.311,216.45031642979168,310.1800107764737,13.81,0.9399999999999995,False,Sustainable
Alexander Mattison,RB,,27.0,,Active,7.0,5987,4048244.0,31934.0,ae4faec0-509d-4080-b5cb-d1a44d062858,00-0034972,0.0,0.0,420.0,4.0,132.0,36.0,294.0,1.0,48.0,,,,,,,,,,0.4907142857142857,0.081081081081081,,,170.0,170.0,,,,,,,,,,14.0,9.814285714285717,4.868874003908302,0.0,0.2857142857142857,0.4961006990881821,False,,0.8387843137254901,False,False,0.5532130967383977,False,,,,,,,,,,,,,11.385714285714286,-1.5714285714285712,True,Buy-low
Treylon Burks,WR,WAS,26.0,7.0,Active,4.0,8135,,,45763342-0208-46ab-a5d2-6c6e4ff66b66,00-0037742,0.0,0.0,1.0,0.0,2.0,4.0,34.0,0.0,8.0,0.0,0.0,0.0,0.0,0.0,10.0,130.0,1.0,22.0,0.474,0.0157790927021696,0.6012500000000001,0.0509259259259259,170.0,170.0,376.0,14.0,2 out of 5 stars,44.8,44.95,5.99508833983688,50.945088339836886,50.945088339836886,-163.01329662424405,13.0,2.8076923076923075,2.756949261551477,0.0,0.8461538461538461,0.9819271342512108,False,,,False,True,1.063516826572317,False,30.39951618650231,70.04177767732502,21.57085821984251,84.09242126570838,0.0,0.0001,0.0001,0.0,0.0001,0.9999,35.340585846174996,64.55473096267879,4.305384615384615,-1.4976923076923079,False,Buy-low
Tommy Tremble,TE,CAR,26.0,5.0,Active,5.0,7694,,,cbee2fd3-e5f2-4316-bffd-531f1873f032,00-0037005,0.0,0.0,0.0,0.0,0.0,23.0,234.0,2.0,32.0,0.0,0.0,0.0,0.0,0.0,27.0,249.0,2.0,37.0,0.6725,0.0617760617760617,0.6011764705882353,0.0770833333333333,170.0,170.0,391.0,14.0,2 out of 5 stars,63.4,63.61,8.120911399749788,71.73091139974979,71.73091139974979,-105.56206525650272,25.0,4.8919999999999995,4.22225453204012,0.04,0.56,0.8630937309975716,False,,0.8092773109243697,False,True,0.9774344710863176,False,37.78219224888162,100.93759401564208,26.04817855287449,126.38091459932566,0.0159,0.08135,0.21855,0.0012,0.0159,0.9841,45.94656928566033,94.08616189562991,4.209615384615384,0.6173076923076923,False,Sustainable
Tucker Kraft,TE,GB,25.0,11.0,Active,3.0,9484,,,3a084c5f-6b9f-4703-a0c7-1566bc4b1129,00-0038996,0.0,0.0,6.0,0.0,3.0,50.0,707.0,7.0,70.0,0.0,0.0,3.0,0.0,1.0,32.0,489.0,6.0,44.0,0.8576470588235294,0.1508620689655172,0.86,0.0956521739130434,108.5,108.5,68.0,6.0,2 out of 5 stars,168.4,168.5,19.035595677469185,182.19333538517333,187.5355956774692,4.900358728920821,25.0,11.22,7.744083763321089,0.24,0.16,0.6902035439680114,False,,0.8008739495798319,False,True,0.7816401761608592,False,109.31087076701463,251.15052493558747,74.56589743424965,294.35426280467334,0.4261,0.30095,0.1503,0.0961,0.4261,0.5739,138.97400353952105,221.06905355468297,7.563846153846153,3.5553846153846163,False,TD-lucky
Jake Haener,QB,,27.0,,Active,3.0,10215,,,70376919-8220-4128-a089-72d5b10f2346,00-0038998,226.0,1.0,22.0,0.0,11.0,0.0,0.0,0.0,0.0,,,,,,,,,,0.16125,,,,170.0,170.0,,,,,,,,,,8.0,1.905,3.0667945107927546,0.0,1.0,1.6098658849305798,False,,,False,False,2.60751997345875,False,,,,,,,,,,,,,2.23375,-0.5787500000000001,True,Sustainable
Theo Johnson,TE,NYG,25.0,8.0,Active,2.0,11597,,,a5d4bb1d-c130-47c2-808a-2dd1f85005fb,00-0039847,0.0,0.0,0.0,0.0,0.0,29.0,331.0,1.0,43.0,0.0,0.0,0.0,0.0,0.0,45.0,528.0,5.0,74.0,0.8416666666666667,0.0776173285198556,0.8673333333333333,0.147117296222664,170.3,170.3,250.0,12.0,3 out of 5 stars,76.4,76.43999999999998,9.015668349820851,85.45566834982084,85.45566834982084,-91.83730830643168,26.0,7.534615384615384,5.259273129069629,0.0769230769230769,0.2692307692307692,0.6980148103920897,False,,0.8069019607843136,False,True,0.7904862618077897,True,46.09737387953051,119.85113360653948,31.55183473407914,147.70303915518758,0.03125,0.1374,0.2792,0.0026,0.03125,0.96875,56.51892572921251,110.36374647003298,7.5436000000000005,0.29239999999999977,False,Sustainable
John Kelly,RB,,28.0,,Active,7.0,5076,3915381.0,31145.0,27156b0b-e82d-4d02-8a04-ca1891d77110,00-0034808,0.0,0.0,0.0,0.0,0.0,0.0,0.0,0.0,0.0,,,,,,,,,,0.0,0.0,,,170.0,170.0,,,,,,,,,,,,,,,,True,,,False,False,1.0,False,,,,,,,,,,,,,,,False,
Braelon Allen,RB,NYJ,22.0,13.0,Active,2.0,11576,,,d7f72deb-c1e2-47a2-b651-887f0e33dc44,00-0039794,0.0,0.0,334.0,2.0,92.0,19.0,148.0,1.0,27.0,0.0,0.0,76.0,1.0,18.0,2.0,17.0,0.0,3.0,0.26,0.0458404074702886,0.2325,0.0063559322033898,169.5,169.5,164.0,10.0,3 out of 5 stars,91.4,91.66,22.528039884444933,114.18803988444492,114.18803988444492,-97.88915074615424,21.0,4.880952380952381,4.689522262194631,0.0,0.7142857142857143,0.960780170791095,False,,0.7505490196078431,False,True,1.0713876729968306,False,48.020835943252706,170.08358737884038,29.375468269330725,217.2291071122181,0.0178,0.0601,0.139,0.0018,0.13575,0.86425,72.94271273145775,148.84313236139977,4.950952380952381,-0.16523809523809518,False,Sustainable
Elijah Moore,WR,PHI,26.0,10.0,Active,5.0,7596,,,b1935e20-6bd6-4863-8d7e-702ec403491f,00-0036980,0.0,0.0,1.0,0.0,1.0,61.0,538.0,1.0,102.0,0.0,0.0,24.0,1.0,6.0,9.0,112.0,0.0,17.0,0.7570588235294117,0.1608832807570978,0.3144444444444444,0.0354906054279749,170.0,170.0,461.0,15.0,4 out of 5 stars,,,,,,,26.0,5.75,5.439283040989869,0.0,0.6538461538461539,0.945962267998238,False,,0.8335126050420169,True,False,1.0245635895231875,False,,,,,,,,,,,,,7.075925925925926,-1.4870370370370365,True,Buy-low
Garrett Wilson,WR,NYJ,26.0,13.0,Active,4.0,8146,,,68d72fe0-79b2-4fdb-afd5-6c79676e77f3,00-0037740,0.0,0.0,5.0,0.0,2.0,101.0,1104.0,7.0,153.0,0.0,0.0,0.0,0.0,0.0,36.0,395.0,4.0,59.0,0.9629411764705884,0.2597623089983022,0.87,0.125,35.3,35.3,28.0,4.0,4 out of 5 stars,245.6,245.08,30.796670442399417,257.9899383821345,275.8766704423994,44.031553418053534,24.0,14.725,7.79962373674414,0.25,0.125,0.5296858225293134,False,,0.8251092436974791,False,True,0.5736981547885442,False,171.67651839176577,345.06002409484137,114.37178871704054,392.81125337144414,0.29505,0.24075,0.15285,0.06605,0.62205,0.37795,211.16061676416237,301.89926833713935,14.159166666666666,0.48249999999999993,False,Sustainable
Mike Boone,RB,,30.0,,Active,7.0,5209,3139033.0,31228.0,9424475a-fba7-4bfd-b79c-f372ad28082a,00-0034208,0.0,0.0,51.0,0.0,13.0,1.0,-2.0,0.0,3.0,,,,,,,,,,0.12,0.0057915057915057,,,170.0,170.0,,,,,,,,,,,,,,,,True,,,False,False,1.0,False,,,,,,,,,,,,,,,True,
Austin Ekeler,RB,,30.0,,Active,9.0,4663,3068267.0,30423.0,e5b8c439-a48a-4f83-b63b-1a4d30e04cd3,00-0033699,0.0,0.0,367.0,4.0,77.0,35.0,366.0,0.0,41.0,0.0,0.0,43.0,0.0,14.0,5.0,38.0,0.0,7.0,0.5266666666666667,0.0813492063492063,0.495,0.0162037037037037,170.0,170.0,366.0,14.0,-,,,,,,,14.0,10.385714285714286,4.979783304345858,0.0,0.2857142857142857,0.4794839495243604,False,,0.6671512605042017,True,False,0.5346833839183515,False,,,,,,,,,,,,,10.203529411764706,-0.04470588235294137,True,Sustainable
Keaton Mitchell,RB,LAC,24.0,7.0,Active,3.0,9511,,,16341d80-f01f-11ed-97df-a94b89ac5704,00-0038454,0.0,0.0,30.0,0.0,15.0,1.0,28.0,0.0,1.0,0.0,0.0,341.0,1.0,59.0,9.0,63.0,0.0,12.0,0.108,0.0021881838074398,0.1746153846153846,0.0294840294840294,170.4,170.4,156.0,9.0,3 out of 5 stars,70.7,70.50999999999999,31.709420097213425,122.7981276320304,102.21942009721342,-89.27906299856875,17.0,3.658823529411765,3.2726248684216417,0.0,0.7647058823529411,0.8944473113049503,False,,,True,False,0.9974184028883836,False,42.94092338625594,152.8766505287387,27.367160731505876,206.98228802149487,0.0233,0.0491,0.10245,0.00475,0.1127,0.8873,53.91082836000441,146.05172568661484,4.416428571428571,0.026428571428572134,True,Sustainable
Chris Bell,WR,MIA,22.0,6.0,Active,0.0,13311,,,e1d2a5a1-71a9-4053-b475-8e5075cb1860,BEL267684,,,,,,,,,,,,,,,,,,,,,,,170.4,170.4,256.0,12.0,3 out of 5 stars,104.8,105.12000000000002,12.69215974676082,117.81215974676084,117.81215974676084,-96.14622521732012,,,,,,,True,94.0,,False,False,1.0,True,65.70384831976733,147.8057753895157,46.61047179966498,176.61416446152722,0.0035,0.0132,0.0296,0.00045,0.02985,0.97015,76.30336578612031,136.540483962311,,,False,
Chris Blair,WR,ATL,28.0,11.0,Active,5.0,7521,,,9281d541-8bcb-4785-a02e-76150910898e,00-0036463,0.0,0.0,0.0,0.0,0.0,1.0,17.0,0.0,2.0,0.0,0.0,0.0,0.0,0.0,0.0,0.0,0.0,0.0,0.1,0.0037105751391465,0.0533333333333333,0.0,170.0,170.0,,,,,,,,,,,,,,,,True,,,False,True,1.0,True,,,,,,,,,,,,,,,False,
Tahj Brooks,RB,CIN,24.0,6.0,Active,1.0,12543,,,8d50af87-f6dc-42cb-a7e7-11716667a1dc,00-0040208,,,,,,,,,,0.0,0.0,45.0,0.0,16.0,1.0,9.0,0.0,2.0,,,,0.0032894736842105,170.1,170.1,312.0,13.0,2 out of 5 stars,18.3,18.130000000000003,9.937721111555614,28.067721111555617,28.067721111555617,-184.0094695190435,12.0,0.5333333333333333,0.8988207762834522,0.0,1.0,1.685288955531473,False,,,False,True,1.8793037859091288,False,12.448847110626978,40.69228009056579,7.89831617636058,53.00937655121642,0.0,0.0,0.0005,0.0,5e-05,0.99995,15.669945401566068,37.8678245857797,,,False,
Kristian Wilkerson,WR,,29.0,,Active,6.0,7438,3910176.0,33349.0,b9a6720d-9c6f-46f2-bcee-b80550026437,00-0036183,0.0,0.0,0.0,0.0,0.0,2.0,18.0,1.0,3.0,,,,,,,,,,0.22,0.0050675675675675,,,170.0,170.0,,,,,,,,,,,,,,,,True,,,False,False,1.0,False,,,,,,,,,,,,,,,True,
Nate Boerkircher,TE,JAX,24.0,7.0,Active,0.0,13299,,,69aa9430-b9b0-4cd9-8dd5-3a81963336de,BOE586077,,,,,,,,,,,,,,,,,,,,,,,170.0,170.0,466.0,15.0,3 out of 5 stars,37.1,37.28,4.767509401174719,42.04750940117472,42.04750940117472,-135.24546725507778,,,,,,,True,56.0,,False,False,1.0,False,19.469983618320143,59.98592362567826,13.282682271365852,78.46913212903551,0.00315,0.0156,0.06365,0.00015,0.00315,0.99685,22.75934571112166,57.61547116380442,,,False,
Zane Gonzalez,K,MIA,31.0,6.0,Active,9.0,4233,3043234.0,30337.0,cd0f4ef0-9914-4125-be4d-804a72350ceb,00-0033862,0.0,0.0,0.0,0.0,0.0,0.0,0.0,0.0,0.0,0.0,0.0,0.0,0.0,0.0,0.0,0.0,0.0,0.0,,,,,170.0,170.0,365.0,14.0,2 out of 5 stars,115.4,26.2,107.2936376816982,133.4936376816982,133.4936376816982,-16.065852410870292,15.0,9.2,4.538722287164086,0.2666666666666666,0.1333333333333333,0.4933393790395746,False,,,True,False,0.8657583936309631,True,92.34520930829936,173.5112665412426,74.2394428063492,202.64276061057703,0.33035,0.4279,0.24175,0.06275,0.33035,0.66965,94.20804169529636,169.430793573716,,,True,
Tyler Badie,RB,DEN,26.0,10.0,Active,4.0,8208,,,e62678b9-9816-420f-bf86-398e7fea7063,00-0037085,0.0,0.0,86.0,0.0,11.0,3.0,-2.0,0.0,3.0,0.0,0.0,23.0,0.0,8.0,19.0,141.0,0.0,31.0,0.1066666666666666,0.0054644808743169,0.175,0.0530821917808219,170.1,170.1,443.0,15.0,2 out of 5 stars,27.5,27.03,13.254989390072645,40.284989390072646,40.284989390072646,-171.7922012405265,19.0,2.463157894736842,1.9102677317636771,0.0,0.9473684210526316,0.775536044946792,False,,0.7309411764705883,False,True,0.8648177635020879,False,16.32562857275986,60.458069205836665,9.778857342859922,76.98201478563192,0.0,0.0001,0.002,0.0,0.00045,0.99955,26.6421452295988,52.2809047010023,3.1355,-0.7504999999999997,False,Sustainable
,DEF,WAS,,7.0,,,WAS,,,,,,,,,,,,,,,,,,,,,,,,,,,,,,,,,,,,,,,,,,,,True,,,False,False,1.0,False,,,,,,,,,,,,,,,False,
Blake Corum,RB,LAR,25.0,11.0,Active,2.0,11586,,,93ba1da2-3679-4ddc-9687-0802349f9ee2,00-0039738,0.0,0.0,207.0,0.0,58.0,7.0,58.0,0.0,8.0,0.0,0.0,746.0,6.0,145.0,8.0,36.0,0.0,14.0,0.1117647058823529,0.0147874306839186,0.2911764705882353,0.0240963855421686,133.3,133.3,108.0,8.0,5 out of 5 stars,133.7,133.92999999999998,40.02032042594451,168.02122901442775,173.95032042594448,-44.0559616161714,32.0,4.8656250000000005,5.415783943789344,0.03125,0.8125,1.1130705600594668,False,,0.858392156862745,False,True,1.2412101263928834,False,96.49881417709946,232.6968457476285,64.8097914167069,284.0520485506309,0.05345,0.1482,0.2582,0.00525,0.3196,0.6804,111.94455962560993,216.78345933044795,5.592941176470588,-0.40764705882352903,False,Sustainable
Daniel Bellinger,TE,TEN,25.0,9.0,Active,4.0,8225,,,42a1c03e-790e-46ba-b0d5-d304e44c02c7,00-0038115,0.0,0.0,0.0,0.0,0.0,14.0,125.0,0.0,17.0,0.0,0.0,0.0,0.0,0.0,19.0,286.0,2.0,26.0,0.3305882352941176,0.0306859205776173,0.499375,0.05168986083499,170.0,170.0,392.0,14.0,3 out of 5 stars,51.900000000000006,51.73,6.294851746750378,58.02485174675037,58.02485174675037,-119.26812490950212,25.0,3.444,4.46776230343558,0.04,0.76,1.2972596699871022,False,,0.8008739495798319,True,False,1.4691177491579088,True,20.510103576223266,79.9025235011723,13.247876097168891,110.38536889490987,0.02075,0.05015,0.10975,0.0044,0.02075,0.97925,25.182659551094552,76.79741479951764,3.72,0.8115789473684205,True,Sustainable
Lil'Jordan Humphrey,WR,DEN,28.0,10.0,Active,7.0,5938,4039057.0,32494.0,b7f930af-ddd2-4a48-9617-96bda81b0334,00-0035406,0.0,0.0,0.0,0.0,0.0,31.0,293.0,1.0,45.0,0.0,0.0,0.0,0.0,0.0,13.0,156.0,1.0,25.0,0.4970588235294117,0.081967213114754,0.484,0.0256849315068493,169.9,169.9,484.0,16.0,2 out of 5 stars,,,,,,,21.0,4.8047619047619055,4.436155564278172,0.0,0.6666666666666666,0.923283120414684,False,,0.7494789915966386,False,True,1.0,False,,,,,,,,,,,,,5.724347826086956,-0.8678260869565211,False,Sustainable
Kaleb Johnson,RB,PIT,22.0,9.0,Active,1.0,12504,,,9738de9a-7626-460f-a786-28433ef70a1f,00-0040142,,,,,,,,,,0.0,0.0,69.0,0.0,28.0,1.0,9.0,0.0,2.0,,,0.091,0.003831417624521,170.1,170.1,257.0,12.0,2 out of 5 stars,4.8,4.78,5.125803918940568,9.905803918940569,9.905803918940569,-202.17138671165856,10.0,0.8800000000000001,0.9089676684141312,0.0,1.0,1.032917805016058,False,,,False,True,1.151829978549559,True,5.429398427590275,14.183894801318605,3.450676622641427,17.33920585181749,0.0,0.0,0.0,0.0,0.0,1.0,6.85839304944366,12.850909838209194,1.8190000000000002,-0.9390000000000001,False,Sustainable
Woody Marks,RB,HOU,25.0,8.0,Active,1.0,12474,,,b900661b-b5df-47c8-819d-bb13b106a60b,00-0040583,,,,,,,,,,0.0,0.0,703.0,2.0,196.0,24.0,208.0,3.0,36.0,,,0.515,0.0650994575045208,147.8,147.8,132.0,9.0,4 out of 5 stars,124.4,124.82,28.81915707636232,129.62457644377275,153.63915707636232,-82.4526141868264,16.0,9.06875,6.934524136521554,0.0625,0.3125,0.7646615174661948,False,,0.841835294117647,False,True,0.8526913322469717,False,72.12322218990724,181.19059423707512,47.32609456624144,221.9227478517779,0.01515,0.06895,0.1774,0.00105,0.15275,0.84725,86.01550679355141,166.4254542235445,11.090555555555556,-1.8738888888888887,False,Buy-low
Cody Schrader,RB,DEN,26.0,10.0,Active,2.0,11644,,,70c949c0-057f-11ef-ae83-716cc96c95b8,00-0039703,0.0,0.0,3.0,0.0,1.0,1.0,6.0,0.0,1.0,,,,,,,,,,0.03,0.0018484288354898,0.0,,170.0,170.0,,,,,,,,,,,,,,,,True,,,False,False,1.0,False,,,,,,,,,,,,,,,False,
JuJu Smith-Schuster,WR,NYG,29.0,8.0,Active,9.0,4040,3120348.0,30175.0,9547fbb1-0d4f-4d9e-83b9-e2fa30463bb9,00-0033857,0.0,0.0,0.0,0.0,0.0,18.0,231.0,2.0,26.0,0.0,0.0,0.0,0.0,0.0,33.0,345.0,1.0,45.0,0.4664285714285714,0.0454545454545454,0.5723529411764706,0.081967213114754,169.9,169.9,469.0,15.0,4 out of 5 stars,3.0,3.24,0.4280270875110519,3.668027087511052,3.668027087511052,-210.29035787656989,28.0,4.521428571428571,4.79330993216797,0.0357142857142857,0.7142857142857143,1.0601317385521578,False,,0.8083025210084033,True,False,1.1482195602969647,True,2.0092136675651897,5.134700336704119,1.3190333363991902,6.247746214349672,0.0,0.0,0.0,0.0,0.0,1.0,2.529084972828648,4.6622890018644485,4.248666666666667,0.35799999999999965,True,Sustainable
Skylar Thompson,QB,BAL,29.0,13.0,Active,4.0,8206,,,5ba2c367-a293-4d83-9268-a0e392ebca1a,00-0037327,187.0,0.0,4.0,0.0,1.0,0.0,0.0,0.0,0.0,,,,,,,,,,0.2933333333333333,,,,170.0,170.0,,,,,,,,,,,,,,,,True,,,False,False,1.0,True,,,,,,,,,,,,,,,True,
British Brooks,RB,HOU,26.0,8.0,Active,2.0,12171,,,2ef88b80-07cf-11ef-96cf-876a6c13e638,00-0039603,0.0,0.0,2.0,0.0,1.0,0.0,0.0,0.0,0.0,0.0,0.0,78.0,0.0,17.0,0.0,0.0,0.0,0.0,0.024,0.0,0.0666666666666666,0.0,170.0,170.0,,,,2.4,2.4000000000000004,0.6508599525893082,3.0508599525893088,3.0508599525893088,-209.02633067800983,10.0,0.8,1.9882991056008987,0.0,0.9,2.4853738820011233,False,,,False,True,2.7714965617699687,False,1.3436092806469453,4.410121736863672,0.8569405617226417,5.8021944696816,0.0,0.0,0.0,0.0,0.0,1.0,1.672796581911792,4.18223224010527,,,False,
Tyreek Hill,WR,,31.0,,Active,10.0,3321,3116406.0,29399.0,01d8aee3-e1c4-4988-970a-8c0c2d08bd83,00-0033040,0.0,0.0,53.0,0.0,8.0,81.0,959.0,6.0,122.0,0.0,0.0,0.0,0.0,0.0,21.0,265.0,1.0,29.0,0.7988235294117647,0.2147887323943662,0.6849999999999999,0.0627705627705627,168.7,168.7,229.0,11.0,-,,,,,,,21.0,12.938095238095238,6.86596505893208,0.1428571428571428,0.1428571428571428,0.5306781974146988,False,,0.7414957983193277,True,False,0.5747729874844346,False,,,,,,,,,,,,,13.065714285714286,-0.12761904761904752,True,Sustainable
Tim Jones,WR,JAX,28.0,7.0,Active,5.0,8013,,,b4dadef6-a938-4b34-b83c-b64d4a297e02,00-0036497,0.0,0.0,0.0,0.0,0.0,3.0,41.0,0.0,5.0,0.0,0.0,0.0,0.0,0.0,1.0,15.0,0.0,1.0,0.1641176470588235,0.0095785440613026,0.095,0.0018281535648994,170.0,170.0,,,,,,,,,,10.0,0.96,1.266842093115353,0.0,1.0,1.319627180328493,False,,,False,True,1.429276839520032,False,,,,,,,,,,,,,,,False,
Isaiah Neyor,WR,GB,25.0,11.0,Active,1.0,13074,,,bf89ef00-2573-11f0-9c8e-d9b9894b443c,00-0040558,,,,,,,,,,,,,,,,,,,,,,,170.0,170.0,,,,,,,,,,,,,,,,True,,,False,False,1.0,False,,,,,,,,,,,,,,,False,
,DEF,LAC,,7.0,,,LAC,,,,,,,,,,,,,,,,,,,,,,,,,,,,,,,,,,,,,,,,,,,,True,,,False,False,1.0,False,,,,,,,,,,,,,,,False,
Peyton Hendershot,TE,,25.0,,Active,3.0,8197,,,944893b0-d30e-11ec-8b77-45b1765fd110,00-0037569,0.0,0.0,0.0,0.0,0.0,5.0,51.0,0.0,5.0,,,,,,,,,,0.1971428571428571,0.0087412587412587,,,170.0,170.0,,,,,,,,,,,,,,,,True,,,False,False,1.0,False,,,,,,,,,,,,,,,False,
Mike Evans,WR,SF,32.0,8.0,Active,12.0,2216,16737.0,27535.0,c48c21d9-0ae5-478c-ad34-30a660cfa9b8,00-0031408,0.0,0.0,0.0,0.0,0.0,74.0,1004.0,11.0,110.0,0.0,0.0,0.0,0.0,0.0,30.0,368.0,3.0,62.0,0.7157142857142856,0.1953818827708703,0.65625,0.1146025878003696,86.8,86.8,50.0,5.0,2 out of 5 stars,196.5,196.37,21.74544075017982,219.4094494504597,218.11544075017983,5.451064486378755,22.0,14.78181818181818,9.157335668020286,0.2727272727272727,0.1818181818181818,0.6194999529411018,False,,0.7333025210084032,True,False,0.6709750663077857,False,105.94470277558244,320.7148462197416,64.4730863650262,369.1694795953469,0.21885,0.16765,0.1175,0.03915,0.44745,0.55255,183.78100653425145,244.66354670799933,15.34086956521739,-0.23652173913043484,True,Sustainable
Tutu Atwell,WR,MIA,26.0,6.0,Active,5.0,7562,,,7dc49535-f9dd-44b0-94f2-08ac6470130b,00-0036849,0.0,0.0,7.0,0.0,2.0,42.0,562.0,0.0,62.0,0.0,0.0,0.0,0.0,0.0,6.0,192.0,1.0,15.0,0.39,0.1146025878003696,0.279,0.0258175559380378,170.0,170.0,375.0,14.0,3 out of 5 stars,53.2,53.14,6.632259979972878,59.77225997997288,59.77225997997288,-154.18612498410806,23.0,5.656521739130435,4.839686887595154,0.0,0.6086956521739131,0.8555941461544085,False,,0.7914957983193277,True,False,0.9266866546527208,True,31.62213334860531,84.83874229609319,20.36001776709166,103.298982238745,5e-05,0.0002,0.001,0.0,0.0005,0.9995,42.15563681408128,76.02738099743746,5.705416666666667,-0.16791666666666671,True,Sustainable
Tyler Allgeier,RB,ARI,26.0,14.0,Active,4.0,8132,,,f4529909-1a02-4f4b-a1f3-315cad100683,00-0037263,0.0,0.0,644.0,3.0,137.0,13.0,88.0,0.0,13.0,0.0,0.0,514.0,8.0,143.0,14.0,96.0,0.0,16.0,0.2494117647058823,0.0241187384044526,0.3023529411764706,0.0308285163776493,168.9,168.9,130.0,9.0,2 out of 5 stars,95.5,95.85,21.82911468836488,104.14325407867034,117.67911468836488,-107.9339365519288,34.0,6.682352941176471,4.814402042120382,0.0,0.5588235294117647,0.7204650943313952,False,,0.8954285714285714,True,False,0.8034069023880711,True,43.602693707666695,126.95319871484276,29.45745985721196,164.57215324216085,0.0064,0.0228,0.0704,0.0006,0.05555,0.94445,48.36940703406846,123.008043733404,6.661764705882353,0.07941176470588207,True,Sustainable
Jimmy Horn,WR,CAR,23.0,5.0,Active,1.0,12523,,,f15872a6-7bc1-41e4-a2cd-0a2fbc432bf7,00-0040218,,,,,,,,,,0.0,0.0,69.0,0.0,8.0,11.0,108.0,0.0,15.0,,,0.1923076923076923,0.03125,170.0,170.0,,,,3.0,3.0700000000000003,0.6719750190154204,3.741975019015421,3.741975019015421,-210.21640994506552,10.0,2.87,1.733365384319058,0.0,0.9,0.6039600642226682,False,,,False,True,0.6541439466058963,False,2.351413305315923,5.077463604812974,1.6202509121453588,5.980898528475383,0.0,0.0,0.0,0.0,0.0,1.0,2.720369530473598,4.632130616970017,2.727272727272727,-0.11818181818181817,False,Sustainable
Julius Chestnut,RB,TEN,25.0,9.0,Active,4.0,8254,,,873860f0-cca2-11ec-9e80-cff885fdbae7,00-0037594,0.0,0.0,102.0,0.0,22.0,2.0,11.0,0.0,3.0,0.0,0.0,40.0,0.0,11.0,0.0,0.0,0.0,2.0,0.0711764705882352,0.0059171597633136,0.0388235294117647,0.0037735849056603,170.0,170.0,,,,,,,,,,28.0,0.6178571428571429,1.0467068539449038,0.0,1.0,1.694092017945509,False,,0.7105546218487395,False,True,1.8891202796729976,True,,,,,,,,,,,,,1.8599999999999999,-0.6242857142857141,False,Sustainable
Nikola Kalinic,TE,CHI,29.0,10.0,Active,4.0,8107,,,6aed0540-7ec8-11ec-8905-19cf1c3e187f,00-0037031,,,,,,,,,,0.0,0.0,0.0,0.0,0.0,0.0,0.0,0.0,0.0,0.0,,0.0,0.0,170.0,170.0,,,,,,,,,,,,,,,,True,,,False,True,1.0,False,,,,,,,,,,,,,,,False,
RJ Harvey,RB,DEN,25.0,10.0,Active,1.0,12489,,,fc6dbb83-b2b1-4962-b793-e79b2378b525,00-0040730,,,,,,,,,,0.0,0.0,540.0,7.0,146.0,47.0,356.0,5.0,58.0,,,0.4211764705882353,0.0993150684931506,120.9,120.9,79.0,7.0,2 out of 5 stars,179.2,178.88000000000002,42.110266134000376,200.74188475018852,220.9902661340004,-11.33530588041063,17.0,12.270588235294118,7.644341428949453,0.2352941176470588,0.2941176470588235,0.622980845120521,False,,0.8535999999999999,False,True,0.694700013870707,False,126.75232753512206,270.10240467567286,85.9179768959894,319.7042856994174,0.09075,0.2383,0.31235,0.0084,0.4885,0.5115,147.18841032539018,248.842564580575,11.368421052631579,0.6368421052631579,False,Sustainable
Bailey Zappe,QB,NYJ,27.0,13.0,Active,4.0,8157,,,14926860-abef-45a9-b8f6-e66103ca6029,00-0038108,170.0,1.0,2.0,0.0,2.0,0.0,0.0,0.0,0.0,,,,,,,,,,0.9,,,,170.0,170.0,,,,,,,,,,,,,,,,True,,,False,False,1.0,False,,,,,,,,,,,,,,,True,
Velus Jones,WR,SEA,29.0,11.0,Active,4.0,8223,,,318b263d-8910-4e46-afe3-5860092ab260,00-0037745,0.0,0.0,11.0,0.0,3.0,1.0,8.0,0.0,1.0,0.0,0.0,32.0,0.0,4.0,0.0,0.0,0.0,0.0,0.0433333333333333,0.0019011406844106,0.01875,0.0,,,,,,,,,,,,,,,,,,True,,,False,True,1.0,False,,,,,,,,,,,,,,,False,
Hunter Long,TE,JAX,27.0,7.0,Active,5.0,7535,,,ebc576d0-a98b-4f82-aaf9-901a3911487d,00-0037004,0.0,0.0,0.0,0.0,0.0,7.0,60.0,0.0,9.0,0.0,0.0,0.0,0.0,0.0,12.0,85.0,2.0,17.0,0.2623529411764705,0.0166358595194085,0.3988888888888888,0.0310786106032906,170.0,170.0,,,,15.5,15.45,1.7395714248538074,17.189571424853806,17.189571424853806,-160.1034052313987,18.0,2.5277777777777777,2.988173858150819,0.0,0.8888888888888888,1.1821347131146098,False,,,False,True,1.3387412937531873,False,8.768362419812098,24.26767008910228,6.1111690624255655,30.90000883508011,0.0,0.0001,0.0006,0.0,0.0,1.0,10.255804051410284,22.93038280756844,3.3006666666666664,-0.11399999999999988,False,Sustainable
Savion Williams,WR,GB,24.0,11.0,Active,1.0,12482,,,06fb642c-b10b-4b23-966a-13668a7c4426,00-0040009,,,,,,,,,,0.0,0.0,37.0,0.0,11.0,10.0,78.0,1.0,10.0,,,0.1149999999999999,0.0217391304347826,170.2,170.2,399.0,14.0,5 out of 5 stars,69.0,69.0,23.4425213409125,92.44252134091248,92.44252134091248,-121.51586362316849,12.0,2.291666666666667,2.5032554561586156,0.0,0.9166666666666666,1.0923296535964866,False,,,False,True,1.1830928449183356,False,53.6596673785243,126.97257111090768,37.21291979958996,154.51303607439388,0.00135,0.0064,0.0156,0.0002,0.01405,0.98595,63.68648196256698,118.47897835882898,2.098181818181818,0.2200000000000002,False,Sustainable
Owen Wright,RB,,27.0,,Active,3.0,11384,,,53cbf000-f01f-11ed-97df-a94b89ac5704,00-0038458,,,,,,,,,,0.0,0.0,6.0,0.0,3.0,0.0,0.0,0.0,0.0,,,0.0333333333333333,0.0,170.0,170.0,,,,,,,,,,,,,,,,True,,,True,False,1.0,False,,,,,,,,,,,,,,,True,
Bryce Oliver,WR,TEN,26.0,9.0,Active,2.0,11959,,,e88c3c70-06fa-11ef-92ba-0de371d8ef1a,00-0039650,0.0,0.0,0.0,0.0,0.0,6.0,95.0,0.0,9.0,0.0,0.0,0.0,0.0,0.0,1.0,8.0,0.0,1.0,0.101,0.0177514792899408,0.1733333333333333,0.0018867924528301,170.0,170.0,,,,,,,,,,10.0,1.73,1.7172652678022695,0.0,1.0,0.9926388831226992,False,,,False,True,1.075118629567131,True,,,,,,,,,,,,,,,False,
Seth McGowan,RB,IND,24.0,13.0,Active,0.0,13424,,,17deebdc-0ec2-4f3f-9584-d21b01743265,MCG547540,,,,,,,,,,,,,,,,,,,,,,,170.2,170.2,277.0,12.0,4 out of 5 stars,23.2,23.4,4.632248672618468,28.032248672618465,28.032248672618465,-184.04494195798068,,,,,,,True,237.0,,False,False,1.0,False,9.394733497844776,38.84711488297551,5.790133393913466,54.27308601871058,5e-05,0.0006,0.0025,0.0,0.0014,0.9986,11.843898918561807,37.77185802892597,,,False,
Deven Thompkins,WR,,26.0,,Active,4.0,8253,,,4c6f79d0-d3dd-11ec-8afa-57d9afd0ecba,00-0037487,0.0,0.0,7.0,0.0,2.0,4.0,20.0,0.0,4.0,0.0,0.0,5.0,0.0,1.0,3.0,27.0,0.0,3.0,0.1157142857142857,0.0077220077220077,0.0471428571428571,0.0057803468208092,170.0,170.0,,,,,,,,,,12.0,1.075,1.7415379827768749,0.0,1.0,1.6200353328156971,False,,0.7242689075630252,True,False,1.754646323532996,False,,,,,,,,,,,,,,,True,
Irv Charles,WR,SEA,29.0,11.0,Active,4.0,8861,,,f8578e10-d3bd-11ec-96a0-c3471a31202c,00-0037156,0.0,0.0,0.0,0.0,0.0,0.0,0.0,0.0,1.0,,,,,,,,,,0.013076923076923,0.0016977928692699,,,170.0,170.0,,,,,,,,,,8.0,0.0,0.0,0.0,1.0,,False,,,False,False,1.0,False,,,,,,,,,,,,,,,True,
Tim Patrick,WR,NYJ,32.0,13.0,Active,9.0,4351,3134353.0,30511.0,2a443351-5e63-4a49-819e-912b51a745f2,00-0033375,0.0,0.0,0.0,0.0,0.0,33.0,394.0,3.0,44.0,0.0,0.0,0.0,0.0,0.0,15.0,187.0,3.0,24.0,0.591875,0.0842911877394636,0.3175,0.0438756855575868,169.9,169.9,,,,,,,,,,28.0,5.075,5.81273346803123,0.0357142857142857,0.6785714285714286,1.1453662005972869,False,,0.7601764705882352,True,False,1.2405362724305589,False,,,,,,,,,,,,,5.085666666666667,-0.17566666666666642,True,Sustainable
Eli Pancol,WR,IND,26.0,13.0,Active,1.0,12909,,,2b89f6e0-249e-11f0-8ecb-33c8d222dbba,00-0040337,,,,,,,,,,,,,,,,,,,,,,,,,,,,,,,,,,,,,,,,True,,,False,False,1.0,False,,,,,,,,,,,,,,,False,
Cole Payton,QB,PHI,23.0,10.0,Active,0.0,13335,,,f6d960ab-1601-417a-8a35-39e3a75c29a5,PAY546690,,,,,,,,,,,,,,,,,,,,,,,170.0,170.0,,,,9.2,11.2,-0.3170062720885412,10.882993727911458,10.882993727911458,-317.610808586985,,,,,,,True,178.0,,False,False,1.0,False,3.951374345221113,15.05202148845767,2.5134286696628036,20.76564291638048,0.0,0.0,0.02095,0.0,0.0,1.0,4.638994267555095,14.57274802051028,,,False,
Jamison Crowder,WR,,31.0,,Active,10.0,2410,2576716.0,28493.0,8002dd5e-a75a-4d72-9a8c-0f4dbc80d459,00-0031941,0.0,0.0,0.0,0.0,0.0,9.0,72.0,2.0,13.0,,,,,,,,,,0.28,0.0257936507936507,,,170.0,170.0,,,,,,,,,,,,,,,,True,,0.7165490196078431,False,False,1.0,False,,,,,,,,,,,,,,,False,
Evan Hull,RB,HOU,25.0,8.0,Active,3.0,9220,,,20d82a85-0128-499a-9330-2906af3cbb09,00-0038397,,,,,,,,,,0.0,0.0,48.0,0.0,19.0,1.0,6.0,0.0,1.0,0.02,,0.1916666666666666,0.0017699115044247,170.0,170.0,,,,,,,,,,,,,,,,True,,,True,False,1.0,False,,,,,,,,,,,,,,,True,
Tony Jones,RB,,27.0,,Active,5.0,6984,4046676.0,33114.0,83d4c4c3-3c40-49b1-8b86-25d256a0b5ad,00-0035860,0.0,0.0,55.0,1.0,4.0,0.0,0.0,0.0,0.0,,,,,,,,,,0.08,0.0,,,170.0,170.0,,,,,,,,,,,,,,,,True,,,False,False,1.0,False,,,,,,,,,,,,,,,False,
Ben Sinnott,TE,WAS,24.0,7.0,Active,2.0,11596,,,b5c717af-9116-483c-9ab3-c9db0a988ab8,00-0039912,0.0,0.0,0.0,0.0,0.0,5.0,28.0,1.0,5.0,0.0,0.0,0.0,0.0,0.0,11.0,114.0,1.0,13.0,0.2664705882352941,0.0099206349206349,0.360625,0.0300925925925925,170.0,170.0,394.0,14.0,1 out of 5 stars,31.7,31.83,3.8354040837024024,35.6654040837024,35.6654040837024,-141.6275725725501,16.0,2.6375,2.667302007647428,0.0,0.75,1.0112993393923897,False,,,False,True,1.1452740292371837,False,18.779429497028037,50.03709484874612,13.159003224852407,63.0517001324329,0.00025,0.0029,0.0282,5e-05,0.00025,0.99975,22.143489964551957,47.13061161116238,2.4692307692307693,1.0307692307692307,False,Sustainable
Derrick Henry,RB,BAL,32.0,13.0,Active,10.0,3198,3043078.0,29279.0,87c481c7-7414-43cc-82df-19ca0c2ae22e,00-0032764,0.0,0.0,1921.0,16.0,325.0,19.0,193.0,2.0,22.0,0.0,0.0,1595.0,16.0,307.0,15.0,150.0,0.0,21.0,0.5741176470588235,0.0481400437636761,0.5452941176470588,0.0515970515970515,20.0,20.0,37.0,5.0,3 out of 5 stars,272.9,273.02000000000004,56.874820789897775,307.6496971698626,329.89482078989784,95.57250653926344,34.0,18.35,9.215508996284798,0.3823529411764705,0.0294117647058823,0.5022075747294168,False,,0.7904285714285714,False,True,0.5600230117235875,True,177.68684240936602,440.1159491401595,109.58883355704,509.6579213569227,0.4606,0.23665,0.12425,0.13525,0.76875,0.23125,256.9404412946908,365.9308713347506,15.017222222222223,3.341111111111111,False,Sustainable
Cam Ward,QB,TEN,24.0,9.0,Active,1.0,12522,,,3c76cab3-3df2-43dd-acaa-57e055bd32d0,00-0040676,,,,,,,,,,3169.0,15.0,159.0,2.0,39.0,0.0,0.0,0.0,0.0,,,0.946470588235294,,167.1,167.1,142.0,9.0,3 out of 5 stars,232.2,261.262,-39.75652610486489,221.5054738951351,221.5054738951351,-106.98832841976136,17.0,13.568235294117647,6.514641428442279,0.0588235294117647,0.3529411764705882,0.4801391844425507,False,,0.876,False,True,0.7776874615416383,True,166.61231490947324,291.56258798911887,124.68636099622807,328.19264123032724,0.08665,0.5496,0.33845,0.0031,0.08665,0.91335,182.44246523711956,266.81090374946996,12.061764705882354,-0.25823529411764845,False,Sustainable
Ke'Shawn Vaughn,RB,,28.0,,Active,5.0,6885,3917612.0,32746.0,4b0a90db-f007-4ac1-8542-b531342b9da5,00-0036450,0.0,0.0,4.0,0.0,2.0,0.0,0.0,0.0,0.0,,,,,,,,,,0.0166666666666666,0.0,,,170.0,170.0,,,,,,,,,,,,,,,,True,,,False,False,1.0,False,,,,,,,,,,,,,,,True,
Jerome Ford,RB,WAS,26.0,7.0,Active,4.0,8143,,,cdc61676-6592-43f9-a4a6-d29ce52ac8f4,00-0037267,0.0,0.0,565.0,3.0,104.0,37.0,225.0,0.0,43.0,0.0,0.0,73.0,0.0,24.0,26.0,103.0,0.0,32.0,0.54,0.0678233438485804,0.3046153846153846,0.0613026819923371,170.0,170.0,291.0,12.0,4 out of 5 stars,19.1,19.050000000000004,17.816674981774245,36.86667498177425,36.86667498177425,-175.2105156488249,27.0,6.5777777777777775,6.319952125751815,0.037037037037037,0.5555555555555556,0.960803532631188,False,,0.8366050420168067,True,False,1.071413724312475,False,13.23628152055146,45.71607699777866,8.41513387041239,61.52884523479377,5e-05,0.00025,0.003,0.0,0.00085,0.99915,15.970190269312576,43.71713398443681,6.511481481481481,0.0662962962962963,True,Sustainable
D'Ernest Johnson,RB,,29.0,,Active,7.0,6694,3139602.0,32608.0,f46e812f-14c6-4af8-9316-01a880adebc5,00-0035628,0.0,0.0,143.0,0.0,32.0,12.0,96.0,0.0,19.0,0.0,0.0,25.0,0.0,14.0,0.0,0.0,0.0,0.0,0.2292857142857143,0.0363984674329501,0.0849999999999999,0.0,170.0,170.0,,,,,,,,,,17.0,2.2588235294117647,2.6325032819375105,0.0,0.8823529411764706,1.165431140441085,False,,0.7441680672268908,True,False,1.2995985924304734,False,,,,,,,,,,,,,3.5676470588235296,-1.308823529411765,True,Buy-low
Tai Felton,WR,MIN,23.0,6.0,Active,1.0,12496,,,1eeea030-3313-4aab-b33c-9f836710354a,00-0040154,,,,,,,,,,0.0,0.0,0.0,0.0,0.0,3.0,25.0,0.0,3.0,,,0.0441176470588235,0.0064102564102564,170.0,170.0,451.0,15.0,5 out of 5 stars,8.8,8.600000000000001,4.696662151153507,13.296662151153509,13.296662151153509,-200.66172281292745,12.0,0.4583333333333333,0.8338937509531942,0.0,1.0,1.819404547534242,False,,,False,True,1.9705814038028484,False,7.031031693339397,18.67802702480903,4.826165571815056,23.309225621286803,0.0,0.0,0.0,0.0,0.0,1.0,8.207819328217944,17.585958293278395,,,False,
Robbie Ouzts,RB,SEA,23.0,11.0,Active,1.0,12656,,,fc472cd5-1a00-4bd9-ab41-6eb7e50f0d21,00-0040649,,,,,,,,,,0.0,0.0,0.0,0.0,0.0,0.0,0.0,0.0,0.0,,,,0.0,170.0,170.0,,,,,,,,,,,,,,,,True,,,False,True,1.0,False,,,,,,,,,,,,,,,False,
Devin Duvernay,WR,ARI,28.0,14.0,Active,6.0,6847,4039050.0,32762.0,d93dbc83-e604-4823-a24e-d162cbd8d4d9,00-0036331,0.0,0.0,3.0,0.0,4.0,11.0,79.0,0.0,16.0,0.0,0.0,0.0,0.0,0.0,2.0,26.0,0.0,5.0,0.2215384615384615,0.0306513409961685,0.0352941176470588,0.0093984962406015,170.0,170.0,,,,0.0,0.0,48.32,48.32,48.32,-165.63838496408096,30.0,0.7933333333333333,1.6490192139014306,0.0,0.9666666666666668,2.0785956477749123,False,,0.8419159663865546,True,False,2.2513090533284426,True,25.64016288127922,67.99091380258888,17.439105011411293,85.42032124682717,0.0001,0.0002,0.00085,0.0,0.00055,0.99945,29.644611697786814,63.88761937442831,2.9038461538461537,-1.0730769230769228,True,Sustainable
Tim Boyle,QB,,30.0,,Active,7.0,5257,3045169.0,31431.0,d897b70f-29d9-477e-a72a-c9bfbadb70d3,00-0034177,276.0,1.0,9.0,0.0,3.0,0.0,0.0,0.0,0.0,,,,,,,,,,0.43,,,,170.0,170.0,,,,,,,,,,,,,,,,True,,,False,False,1.0,False,,,,,,,,,,,,,,,False,
DeAndre Carter,WR,,32.0,,Active,11.0,2750,2580216.0,28947.0,9ae2584a-40c1-4b30-be34-a9567659eacd,00-0031763,0.0,0.0,0.0,0.0,0.0,9.0,72.0,0.0,14.0,0.0,0.0,0.0,0.0,0.0,0.0,0.0,0.0,0.0,0.1399999999999999,0.026615969581749,0.0,0.0,170.0,170.0,,,,,,,,,,17.0,0.9529411764705882,1.8997097301491956,0.0,0.9411764705882352,1.993522556329403,False,,0.6912857142857143,True,False,2.1591671203022007,False,,,,,,,,,,,,,,,True,
Puka Nacua,WR,LAR,25.0,11.0,Active,3.0,9493,,,111be44d-7bc2-4cad-934d-c9e946293b2f,00-0039075,0.0,0.0,46.0,1.0,11.0,79.0,990.0,3.0,106.0,0.0,0.0,105.0,1.0,10.0,129.0,1715.0,10.0,166.0,0.6972727272727273,0.1959334565619223,0.6825,0.2857142857142857,3.7,3.7,3.0,1.0,1 out of 5 stars,355.5,355.77000000000004,42.70800536923207,361.5893607200608,398.4780053692321,147.63097575597988,27.0,21.614814814814817,10.177603756956657,0.5185185185185185,0.074074074074074,0.4708624082210926,False,,0.8503193277310925,False,True,0.5099870211096346,False,260.2088182552235,470.79100356514584,189.30916323679725,529.6651582902057,0.6627,0.1564,0.0626,0.33405,0.858,0.142,297.7735043290237,421.19124012739906,19.1484375,2.2578125,False,Sustainable
Andrei Iosivas,WR,CIN,26.0,6.0,Active,3.0,10226,,,30c0df5e-bb77-4eee-8390-8fc13844e1c3,00-0038619,0.0,0.0,0.0,0.0,0.0,36.0,479.0,6.0,61.0,0.0,0.0,14.0,0.0,3.0,33.0,435.0,2.0,58.0,0.7841176470588236,0.0971337579617834,0.7617647058823529,0.0953947368421052,170.1,170.1,318.0,13.0,4 out of 5 stars,88.9,88.77,10.198381552953691,98.96838155295367,98.96838155295367,-114.99000341112728,32.0,6.55625,5.0273405718934985,0.0,0.5625,0.7668012311753667,False,,0.8419159663865546,False,True,0.8305158127779539,False,61.34779425868714,134.512213802441,43.20170050976558,160.22692680450098,0.0012,0.0061,0.0173,0.0001,0.01375,0.98625,70.54597863374892,123.58886673683624,6.8603125,-0.3040624999999997,False,Sustainable
JaMycal Hasty,RB,,29.0,,Active,6.0,6996,3928925.0,33199.0,c6c50d09-f14f-41c2-9eb3-87514f0121f6,00-0035806,0.0,0.0,69.0,0.0,20.0,10.0,59.0,1.0,12.0,,,,,,,,,,0.112,0.024,,,170.0,170.0,,,,,,,,,,12.0,2.4,4.4092877181941965,0.0,0.9166666666666666,1.8372032159142488,False,,,False,False,2.0487068094878964,False,,,,,,,,,,,,,2.891111111111111,0.3088888888888892,True,Sustainable
Malachi Corley,WR,CLE,24.0,11.0,Active,2.0,11617,,,bae59933-8b94-4837-990e-f0a4ced3cdbb,00-0039920,0.0,0.0,26.0,0.0,2.0,3.0,16.0,0.0,6.0,0.0,0.0,127.0,0.0,13.0,11.0,79.0,0.0,14.0,0.151111111111111,0.0101867572156196,0.2492307692307692,0.0268199233716475,170.0,170.0,,,,5.5,5.38,10.930017801677444,16.310017801677443,16.310017801677443,-197.6483671624035,17.0,2.2823529411764705,1.676765969850014,0.0,0.9411764705882352,0.7346655022538722,False,,,False,True,0.7957098814109199,True,10.807581127380349,22.37701006696229,7.713841673184456,25.944002032606846,0.0,0.0,0.0,0.0,0.0,1.0,12.62376253351325,20.348000033323125,2.559411764705882,-0.394705882352941,False,Sustainable
,DEF,TB,,10.0,,,TB,,,,,,,,,,,,,,,,,,,,,,,,,,,,,,,,,,,,,,,,,,,,True,,,False,False,1.0,False,,,,,,,,,,,,,,,False,
Calvin Ridley,WR,TEN,31.0,9.0,Active,8.0,4981,3925357.0,30996.0,926e2674-52d6-4cec-9991-46ee85cc8cfd,00-0034837,0.0,0.0,55.0,1.0,8.0,64.0,1017.0,4.0,120.0,0.0,0.0,0.0,0.0,0.0,17.0,303.0,0.0,36.0,0.8129411764705883,0.2366863905325443,0.5714285714285714,0.0679245283018867,167.0,167.0,184.0,10.0,3 out of 5 stars,152.4,152.34,16.98195689140748,144.34713497103252,169.3219568914075,-69.61124999304843,24.0,10.354166666666666,7.350065315691252,0.125,0.2916666666666667,0.7098654630848694,False,,0.775109243697479,False,True,0.7688491724683975,True,82.08744368376148,203.59627274993647,51.13585614854144,234.1258901685959,0.00835,0.05585,0.11605,0.0001,0.11645,0.88355,120.31246189957196,166.8158981859401,10.612916666666667,-0.425416666666667,False,Sustainable
Josh Reynolds,WR,,31.0,,Active,9.0,4171,3115306.0,30230.0,682eda79-0026-4ad8-8f45-a61ce42cb908,00-0033943,0.0,0.0,0.0,0.0,0.0,13.0,194.0,1.0,24.0,0.0,0.0,0.0,0.0,0.0,11.0,101.0,0.0,21.0,0.5233333333333333,0.0346083788706739,0.842,0.0444915254237288,170.0,170.0,,,,,,,,,,13.0,4.576923076923077,4.156351333833126,0.0,0.7692307692307693,0.9081103754593386,False,,0.6742689075630252,True,False,0.9835665305474982,False,,,,,,,,,,,,,5.455384615384616,-0.7246153846153849,True,Sustainable
Jack Stoll,TE,CLE,28.0,11.0,Active,5.0,7946,,,0560d134-d316-4cda-9d48-34d32267af68,00-0036741,0.0,0.0,0.0,0.0,0.0,2.0,10.0,0.0,3.0,0.0,0.0,0.0,0.0,0.0,6.0,46.0,1.0,11.0,0.2827272727272727,0.0071770334928229,0.2086666666666666,0.0194690265486725,170.0,170.0,,,,0.0,0.0,0.0,0.0,0.0,-177.2929766562525,14.0,1.4,2.627077932140282,0.0,0.9285714285714286,1.8764842372430584,False,,,True,False,2.1250767003156943,True,0.0,0.0,0.0,0.0,0.0,0.0,0.0,0.0,0.0,1.0,0.0,0.0,2.0100000000000002,-0.05000000000000049,True,Sustainable
De'Zhaun Stribling,WR,SF,23.0,8.0,Active,0.0,13417,,,ca6fa516-adeb-4fd2-9408-17c9c2e38798,,,,,,,,,,,,,,,,,,,,,,,,170.5,170.5,221.0,11.0,2 out of 5 stars,90.4,90.49,10.70705792002202,101.19705792002202,101.19705792002202,-112.76132704405892,,,,,,,True,33.0,,False,False,1.0,False,60.82205789441745,138.14770346347584,42.08102424852802,166.368357063993,0.00145,0.00905,0.0233,0.0002,0.01915,0.98085,70.5788834066118,127.65292726708718,,,False,
Brayden Willis,TE,SF,26.0,8.0,Active,3.0,10224,,,733cc366-53e3-4703-a2fc-2aa860272cf3,00-0038643,0.0,0.0,0.0,0.0,0.0,0.0,0.0,0.0,2.0,0.0,0.0,0.0,0.0,0.0,0.0,0.0,0.0,1.0,0.037,0.0038986354775828,0.0283333333333333,0.0018181818181818,170.0,170.0,,,,,,,,,,11.0,0.0,0.0,0.0,1.0,,False,,,False,True,1.0,False,,,,,,,,,,,,,,,False,
Kenny Pickett,QB,CAR,28.0,5.0,Active,4.0,8160,,,ef7ae1f1-4ebe-4759-bbb3-32bd177ace08,00-0038102,291.0,2.0,15.0,1.0,9.0,0.0,0.0,0.0,0.0,188.0,1.0,22.0,0.0,5.0,0.0,0.0,0.0,0.0,0.388,,0.285,,170.0,170.0,,,,11.6,13.31,-0.761093710727014,12.548906289272988,12.548906289272988,-315.9448960256235,11.0,3.7145454545454544,6.382827529608431,0.0,0.9090909090909092,1.718333402488809,False,,,True,False,2.783206172633513,False,4.176148197851664,17.680163580621027,2.6169517752311107,25.308080716638504,0.0,0.0,0.04205,0.0,0.0,1.0,4.874780197121538,17.166882121198757,3.132307692307692,-0.658461538461538,True,Sustainable
Darnell Washington,TE,PIT,24.0,9.0,Active,3.0,9479,,,1984b8b5-d206-4d6a-8204-c5dd0160e9f5,00-0038558,0.0,0.0,0.0,0.0,0.0,19.0,200.0,1.0,25.0,0.0,0.0,0.0,0.0,0.0,31.0,364.0,1.0,43.0,0.5123529411764706,0.0543478260869565,0.5725,0.082375478927203,169.8,169.8,332.0,13.0,2 out of 5 stars,74.0,74.3,9.532768758956546,92.06936649705054,83.83276875895655,-85.22361015920197,26.0,4.553846153846154,3.0097482644541245,0.0,0.4615384615384615,0.6609244499645882,False,,,False,True,0.7484822528284245,True,51.96185193213867,127.54797735986706,37.118303388805984,155.43385692878675,0.039,0.16505,0.3011,0.00335,0.039,0.961,61.60672633549906,118.93802402067875,4.543703703703704,-0.08814814814814831,False,Sustainable
Will Shipley,RB,PHI,23.0,10.0,Active,2.0,11577,,,796e223d-e8d5-42ab-afb4-557fa6183357,00-0039746,0.0,0.0,82.0,0.0,30.0,4.0,35.0,0.0,4.0,0.0,0.0,49.0,0.0,14.0,9.0,56.0,0.0,12.0,0.06,0.0095693779904306,0.1246666666666666,0.0258620689655172,170.1,170.1,330.0,13.0,4 out of 5 stars,27.5,27.58,23.78001672051714,51.36001672051714,51.36001672051714,-160.717173910082,27.0,1.3037037037037038,2.3385533795130504,0.0,0.9629629629629628,1.7937767399673965,False,,0.8093725490196078,False,True,2.000280965131803,False,22.003925117610624,74.98820507111482,13.839297184463952,98.97411498648584,0.0005,0.0027,0.01375,0.0,0.00795,0.99205,28.02351327207,70.57306671510156,2.901111111111111,-0.09555555555555584,False,Sustainable
Chimere Dike,WR,TEN,24.0,9.0,Active,1.0,12540,,,1e95c7fc-ecf7-4fcb-82d8-d77e2b6872d5,00-0040705,,,,,,,,,,0.0,0.0,18.0,0.0,11.0,48.0,423.0,4.0,74.0,,,0.5929411764705882,0.1396226415094339,170.9,170.9,198.0,11.0,3 out of 5 stars,74.80000000000001,75.14999999999999,61.64249579907616,136.79249579907616,136.79249579907616,-77.16588916500478,17.0,6.829411764705882,5.963091134835434,0.0,0.6470588235294118,0.8731485727149214,False,,0.8728,False,True,0.9456997029500064,True,94.95590735297584,183.94379071890373,71.17162283040655,212.75691919540304,0.0069,0.03325,0.07255,0.00055,0.07155,0.92845,104.25510263191488,171.7160546755451,7.621764705882352,-0.7923529411764703,False,Sustainable
,DEF,CLE,,11.0,,,CLE,,,,,,,,,,,,,,,,,,,,,,,,,,,,,,,,,,,,,,,,,,,,True,,,False,False,1.0,True,,,,,,,,,,,,,,,False,
Marlin Klein,TE,HOU,23.0,8.0,Active,0.0,13307,,,bc8c44b4-bda4-43e6-9ed4-6da16263e7f2,KLE258860,,,,,,,,,,,,,,,,,,,,,,,170.0,170.0,424.0,15.0,4 out of 5 stars,44.5,44.470000000000006,6.0030998339862345,50.47309983398624,50.47309983398624,-126.81987682226628,,,,,,,True,59.0,,False,False,1.0,False,23.045786214350997,72.50813082030488,15.625538899833131,95.27231604354331,0.00715,0.03185,0.1022,0.0007,0.00715,0.99285,27.28422371399867,69.97622854152648,,,False,
A.J. Brown,WR,NE,29.0,11.0,Active,7.0,5859,4047646.0,31883.0,a9e580f2-1fbe-46fb-887c-c84089b507e4,00-0035676,0.0,0.0,0.0,0.0,0.0,67.0,1079.0,7.0,97.0,0.0,0.0,0.0,0.0,0.0,78.0,1003.0,7.0,121.0,0.8661538461538462,0.2320574162679425,0.9066666666666666,0.2607758620689655,26.6,26.6,15.0,3.0,2 out of 5 stars,257.4,257.13,29.396039592674462,272.9702924155855,286.52603959267446,59.011907451504555,28.0,15.614285714285714,8.35967898930532,0.3214285714285714,0.1428571428571428,0.5353865775401394,False,,0.8587226890756303,True,False,0.579872593468053,False,199.97730586360456,352.1682844185809,150.1071943012712,395.610810090956,0.3378,0.27205,0.1638,0.0702,0.7037,0.2963,224.0035492592764,318.1801716861146,13.36030303030303,1.2154545454545467,True,Sustainable
Christian McCaffrey,RB,SF,30.0,8.0,Active,9.0,4034,3117251.0,30121.0,f96db0af-5e25-42d1-a07a-49b4e065b364,00-0033280,0.0,0.0,202.0,0.0,50.0,15.0,146.0,0.0,19.0,0.0,0.0,1202.0,10.0,311.0,102.0,924.0,7.0,129.0,0.7224999999999999,0.037037037037037,0.8311764705882353,0.2345454545454545,6.0,6.0,8.0,2.0,2 out of 5 stars,342.40000000000003,342.68,66.64156796925086,387.83302178106715,409.3215679692509,175.755831150468,21.0,22.209523809523812,8.934982079551403,0.5714285714285714,0.0,0.4023040816264568,False,,0.742781512605042,False,True,0.4486183696901205,False,181.18046642899847,576.6216271529987,110.85591738346564,681.9764333335029,0.5713,0.14985,0.1057,0.32775,0.77835,0.22165,308.2788366666409,458.3907989654478,22.968260869565217,-1.0465217391304336,False,Sustainable
Gunner Olszewski,WR,NYG,29.0,8.0,Inactive,7.0,6699,4424106.0,32612.0,625a1777-dd9a-48c6-b512-c450b0914450,00-0035645,,,,,,,,,,33.0,1.0,0.0,0.0,0.0,10.0,145.0,1.0,13.0,,,0.101875,0.025844930417495,170.0,170.0,,,,,,,,,,16.0,2.3637500000000005,5.113350988670086,0.0,0.8125,2.163236801129597,False,,0.8351764705882353,False,True,2.3429831579266818,True,,,,,,,,,,,,,,,False,
Diontae Johnson,WR,,29.0,,Active,6.0,5937,3932905.0,31898.0,244c00c7-fe9a-4f4f-adff-1d5b9c8877e7,00-0035216,0.0,0.0,6.0,0.0,2.0,33.0,375.0,3.0,67.0,,,,,,,,,,0.5516666666666666,0.1119691119691119,,,170.0,170.0,,,,,,,,,,11.0,8.100000000000001,9.491153776016908,0.1818181818181818,0.7272727272727273,1.1717473797551736,False,,,False,False,1.2691095004844173,False,,,,,,,,,,,,,10.484166666666667,-2.8758333333333335,True,Buy-low
Justin Fields,QB,KC,27.0,5.0,Active,5.0,7591,,,cf15be8f-9117-4531-a517-2b9c7cb3e9e1,00-0036945,1106.0,5.0,289.0,5.0,62.0,0.0,0.0,0.0,0.0,1259.0,7.0,383.0,4.0,71.0,0.0,0.0,0.0,1.0,0.616,,0.8977777777777778,,169.9,169.9,351.0,14.0,2 out of 5 stars,12.0,13.644,-1.920748307268392,11.723251692731608,11.723251692731608,-316.7705506221649,19.0,14.93684210526316,11.388667394793815,0.2105263157894736,0.4736842105263157,0.7624548291088178,False,,,True,False,1.2349576535358728,False,4.329711962105988,16.506446609049412,2.804622890423583,22.842579336414506,0.0,5e-05,0.02855,0.0,0.0,1.0,5.1748718740405035,15.999091969716885,12.208499999999999,1.0675000000000026,True,TD-lucky
Cade York,K,NYJ,25.0,13.0,Active,4.0,8258,,,ddb98961-3c13-4f6b-9e9f-3bea91a080e8,00-0038097,0.0,0.0,0.0,0.0,0.0,0.0,0.0,0.0,0.0,,,,,,,,,,,,,,169.9,169.9,,,,36.0,-3.0,46.06877579092159,43.06877579092159,43.06877579092159,-106.4907143016469,,,,,,,True,,,False,False,1.0,False,29.6617574369626,55.861235277113025,24.036397359601743,65.49860737921341,0.00015,0.0088,0.99105,0.0,0.00015,0.99985,30.14937543069927,54.20331401832172,,,True,
Amari Cooper,WR,,31.0,,Active,10.0,2309,2976499.0,28392.0,00f88be8-45f9-4237-b2b8-3271ec790d07,00-0031544,0.0,0.0,0.0,0.0,0.0,44.0,547.0,4.0,85.0,,,,,,,,,,0.6407142857142858,0.083596214511041,,,170.0,170.0,,,,,,,,,,13.0,9.43846153846154,7.446871654318842,0.0769230769230769,0.3846153846153846,0.7889921068145471,False,,0.7851764705882353,False,False,0.8545505591612883,False,,,,,,,,,,,,,9.2275,-0.5524999999999984,True,Sustainable
Saquon Barkley,RB,PHI,29.0,10.0,Active,8.0,4866,3929630.0,30972.0,9811b753-347c-467a-b3cb-85937e71e2b9,00-0034844,0.0,0.0,2005.0,13.0,345.0,33.0,278.0,2.0,43.0,0.0,0.0,1140.0,7.0,280.0,37.0,273.0,2.0,50.0,0.734375,0.1028708133971291,0.783125,0.1077586206896551,16.6,16.6,26.0,4.0,4 out of 5 stars,266.0,265.89000000000004,66.01577505035938,307.2584414598921,331.9057750503594,95.18125082929294,32.0,18.2375,10.176308665941503,0.25,0.0625,0.5579881379542976,False,,0.8534117647058823,False,True,0.6222251778889756,False,208.0863628461529,408.82280829646345,135.40349905273902,469.3049591074601,0.42595,0.3136,0.1317,0.0892,0.8225,0.1775,240.70968768824596,367.25825615183106,17.65243243243243,1.3772972972973,False,Sustainable
Mike Williams,WR,,30.0,,Active,8.0,4068,3045138.0,30120.0,12f27311-7cd6-4ca5-ba7d-571e9de5e1eb,00-0033536,0.0,0.0,0.0,0.0,0.0,21.0,298.0,1.0,34.0,,,,,,,,,,0.4066666666666666,0.0356536502546689,,,170.0,170.0,,,,,,,,,,14.0,4.057142857142857,3.483303976601323,0.0,0.7142857142857143,0.8585608393031431,False,,0.7023333333333333,False,False,0.9298998544644992,False,,,,,,,,,,,,,3.8613333333333335,0.23866666666666614,True,Sustainable
James Mitchell,TE,CAR,26.0,5.0,Active,4.0,8170,,,f461da0c-f764-414c-9e0d-2f02e22a68d8,00-0037282,,,,,,,,,,0.0,0.0,0.0,0.0,0.0,3.0,28.0,0.0,3.0,0.32,,0.144,0.00625,170.0,170.0,,,,,,,,,,,,,,,,True,,,False,True,1.0,False,,,,,,,,,,,,,,,False,
Jason Sanders,K,NYJ,30.0,13.0,Active,8.0,5119,3124679.0,31199.0,5ffb654f-0de5-424b-aa2f-ad511deb5b51,00-0034794,0.0,0.0,0.0,0.0,0.0,0.0,0.0,0.0,0.0,,,,,,,,,,,,,,169.9,169.9,488.0,16.0,2 out of 5 stars,117.5,26.899999999999995,108.78937164950368,135.6893716495037,135.6893716495037,-13.870118443064795,17.0,10.235294117647058,5.471853111203575,0.2352941176470588,0.2352941176470588,0.534606338450924,False,,0.98,False,False,0.9381775395737766,False,93.40458837898188,176.2456323658667,75.80088231596982,206.93020770941243,0.34435,0.4242,0.23145,0.0695,0.34435,0.65565,94.94151733823374,171.2502693468625,,,True,
Tony Pollard,RB,TEN,29.0,9.0,Active,7.0,5967,3916148.0,31960.0,33b0227d-4c21-4e71-b4cd-be35f7db9123,00-0035261,0.0,0.0,1079.0,5.0,260.0,41.0,238.0,0.0,57.0,0.0,0.0,1082.0,5.0,242.0,33.0,206.0,0.0,41.0,0.678125,0.1124260355029585,0.6247058823529412,0.0773584905660377,87.8,87.8,89.0,7.0,3 out of 5 stars,191.1,191.40000000000003,46.39043229997817,221.08049857774876,237.7904322999782,9.003307947149608,33.0,11.954545454545457,5.488231210342893,0.0606060606060606,0.1212121212121212,0.4590915841351469,False,,0.8870252100840335,False,True,0.5119433965981915,True,168.05258371572148,290.3173485184315,123.66184854057263,327.30838544355515,0.1033,0.3604,0.3419,0.00425,0.65995,0.34005,181.19292035033868,267.5325792880629,12.074242424242424,-0.3621212121212114,False,Sustainable
Michael Bandy,WR,DEN,28.0,10.0,Active,5.0,8076,,,ec7af934-a7f3-40f5-9fc0-210022dd6180,00-0036959,,,,,,,,,,0.0,0.0,0.0,0.0,0.0,4.0,50.0,1.0,4.0,,,0.0625,0.0068493150684931,170.0,170.0,,,,0.0,0.0,1.45,1.45,1.45,-212.50838496408096,,,,,,,True,,,False,True,1.0,False,0.8694978103514354,1.986002927542559,0.6029565542698978,2.39745875648025,0.0,0.0,0.0,0.0,0.0,1.0,1.013699958864274,1.830777504292681,,,False,
George Holani,RB,SEA,26.0,11.0,Active,2.0,12048,,,971a3930-0724-11ef-a47d-6f7fe8c7bc97,00-0039299,0.0,0.0,10.0,0.0,3.0,1.0,-1.0,0.0,1.0,0.0,0.0,73.0,1.0,22.0,2.0,15.0,0.0,2.0,0.016,0.0017574692442882,0.0554545454545454,0.0043956043956043,170.2,170.2,294.0,12.0,4 out of 5 stars,41.1,41.04,16.28344239435009,57.32344239435009,57.32344239435009,-154.75374823624907,13.0,1.4384615384615385,2.8479637350039124,0.0,0.8461538461538461,1.9798678371684952,False,,,False,True,2.207795351520053,False,24.79523768221564,83.33326717884233,15.44797585270826,109.32761907284888,0.00055,0.00415,0.0211,0.0001,0.01255,0.98745,31.41940782121327,78.6534234809253,3.6225,-0.4849999999999999,False,Sustainable
Clayton Tune,QB,,27.0,,Active,3.0,10217,,,b2810d1e-3ea7-4907-bb34-93b40e893c08,00-0038582,8.0,0.0,-4.0,0.0,7.0,0.0,0.0,0.0,0.0,42.0,0.0,23.0,0.0,5.0,0.0,0.0,0.0,0.0,0.0816666666666666,,0.585,,170.0,170.0,,,,,,,,,,,,,,,,True,,,True,False,1.0,False,,,,,,,,,,,,,,,True,
Chris Brazzell,WR,CAR,22.0,5.0,Active,0.0,13353,,,0dcab415-e4a8-4f37-8164-45b9f23c668a,BRA836631,,,,,,,,,,,,,,,,,,,,,,,170.2,170.2,289.0,12.0,2 out of 5 stars,60.8,61.09,7.246048383595468,68.33604838359547,68.33604838359547,-145.62233658048547,,,,,,,True,83.0,,False,False,1.0,False,37.69828179522128,86.25370107099256,26.366828565718073,103.51807817145496,0.0,0.0,0.00075,0.0,0.00015,0.99985,43.95216111136288,79.29820740908802,,,False,
Jaylin Lane,WR,WAS,24.0,7.0,Active,1.0,12641,,,2ec24c7a-8d5d-453a-b45d-03eb27c645d0,00-0040164,,,,,,,,,,0.0,0.0,7.0,0.0,1.0,16.0,225.0,0.0,32.0,,,0.362,0.074074074074074,170.0,170.0,370.0,14.0,2 out of 5 stars,61.2,61.3,24.161354046874308,85.4613540468743,85.4613540468743,-128.49703091720664,15.0,2.6133333333333337,2.706042620999652,0.0,0.9333333333333332,1.0354754927294585,False,,0.849270588235294,False,True,1.1215145926900347,False,51.4271813058614,117.29537917497608,35.624655554798885,141.2449738677052,0.00055,0.00345,0.00855,0.0,0.00725,0.99275,58.71419518026979,108.59980649941777,4.2446153846153845,-1.2292307692307687,False,Buy-low
Tre Tucker,WR,LV,25.0,13.0,Active,3.0,10213,,,9beb72c5-5a81-413c-ada3-ff4854c95cf4,00-0038563,0.0,0.0,44.0,1.0,9.0,47.0,539.0,3.0,81.0,0.0,0.0,51.0,0.0,11.0,57.0,696.0,5.0,92.0,0.8723529411764706,0.1368243243243243,0.9482352941176472,0.1862348178137652,168.5,168.5,169.0,10.0,2 out of 5 stars,142.0,142.54000000000002,24.963064559770466,167.50306455977048,167.50306455977048,-46.45532040431047,34.0,8.558823529411764,7.55012011331543,0.0588235294117647,0.5294117647058824,0.8821446180506001,False,,0.8755294117647059,False,True,0.9554432422141468,True,117.3119713508512,224.1402433106701,90.30513579824444,260.25803060673326,0.0355,0.08635,0.14315,0.00295,0.18735,0.81265,127.19633595915369,209.63775115871127,8.472941176470588,0.08588235294117652,False,Sustainable
Trey McBride,TE,ARI,26.0,14.0,Active,4.0,8130,,,734d54cc-c869-4e2f-a60f-c59c493f5110,00-0037744,0.0,0.0,2.0,1.0,1.0,111.0,1146.0,2.0,147.0,0.0,0.0,0.0,0.0,0.0,126.0,1239.0,11.0,169.0,0.898125,0.2810707456978967,0.9135294117647058,0.2739059967585089,19.1,19.1,17.0,3.0,2 out of 5 stars,264.2,264.5400000000001,34.06929610075669,283.1223393361753,298.60929610075675,105.82936267992278,33.0,16.96060606060606,7.854176412661745,0.5151515151515151,0.0,0.4630834761798063,False,,0.8933109243697478,False,True,0.5244317463474842,True,217.4681788563737,353.8363919995349,182.4774471324095,397.1286685471491,0.87515,0.07625,0.0133,0.4297,0.87515,0.12485,228.33448589461668,332.01539599292715,17.26878787878788,-0.30818181818181856,False,Sustainable
Jadarian Price,RB,SEA,22.0,11.0,Active,0.0,13286,,,17b64129-5118-4525-ac9a-d79ff5313568,PRI206342,,,,,,,,,,,,,,,,,,,,,,,72.7,72.7,78.0,7.0,4 out of 5 stars,187.5,187.39,41.903392620224544,208.86512435727212,229.29339262022452,-3.212066273327025,,,,,,,True,32.0,,False,False,1.0,False,98.31029585956084,326.75042677869186,61.922872120614585,433.5870234303652,0.1995,0.17395,0.20225,0.0721,0.4733,0.5267,122.1726159761798,309.6201083585432,,,False,
Quintin Morris,TE,JAX,27.0,7.0,Active,5.0,7536,,,eab74cbc-ed11-46b3-bd16-1d4c997adc22,00-0036590,0.0,0.0,0.0,0.0,0.0,5.0,36.0,1.0,8.0,0.0,0.0,0.0,0.0,0.0,6.0,55.0,1.0,9.0,0.2025,0.0161616161616161,0.2328571428571428,0.016453382084095,170.0,170.0,,,,0.0,0.0,0.0,0.0,0.0,-177.2929766562525,21.0,1.5285714285714287,2.4310785378392974,0.0,0.8571428571428571,1.5904252116705682,False,,,False,True,1.8011212105257897,False,0.0,0.0,0.0,0.0,0.0,0.0,0.0,0.0,0.0,1.0,0.0,0.0,3.346,-0.13600000000000012,False,Sustainable
Alec Pierce,WR,IND,26.0,13.0,Active,4.0,8142,,,a67ee8f8-e9de-4fb9-90b6-edca2f83f6d8,00-0037664,0.0,0.0,0.0,0.0,0.0,37.0,824.0,7.0,69.0,0.0,0.0,0.0,0.0,0.0,47.0,1003.0,6.0,84.0,0.800625,0.1402439024390244,0.8593333333333334,0.1584905660377358,92.2,92.2,71.0,7.0,4 out of 5 stars,207.2,207.29,24.0115236176042,218.86553789365124,231.30152361760415,4.907152929570287,31.0,11.119354838709675,8.239717606602737,0.1612903225806451,0.3548387096774194,0.7410247920066285,False,,0.8839327731092437,False,True,0.8025975734006751,False,158.7548297820252,280.8282031232814,126.18174705660472,320.4687804506058,0.11665,0.2055,0.22085,0.0169,0.43655,0.56345,170.1681881769254,262.7509382087606,9.639354838709677,1.4800000000000004,False,TD-lucky
Joshua Kelley,RB,,27.0,,Active,5.0,7045,3910544.0,32782.0,62542e04-3c44-4b75-8165-be674c8be75f,00-0036370,0.0,0.0,2.0,0.0,1.0,0.0,0.0,0.0,0.0,,,,,,,,,,0.02,0.0,,,170.0,170.0,,,,,,,,,,,,,,,,True,,0.7211372549019607,False,False,1.0,False,,,,,,,,,,,,,,,False,
Kedon Slovis,QB,ARI,25.0,14.0,Active,2.0,11648,,,4842ee80-07d1-11ef-977b-d7c6de486031,00-0039577,,,,,,,,,,-2.0,0.0,0.0,0.0,0.0,0.0,0.0,0.0,0.0,,,0.03,,170.0,170.0,,,,,,,,,,,,,,,,True,,,False,True,1.0,True,,,,,,,,,,,,,,,False,
Hunter Henry,TE,NE,31.0,11.0,Active,10.0,3214,3046439.0,29269.0,705899da-3c20-4bc3-b5d0-2e6e40655131,00-0033090,0.0,0.0,0.0,0.0,0.0,66.0,674.0,2.0,97.0,0.0,0.0,0.0,0.0,0.0,60.0,768.0,7.0,87.0,0.80625,0.194,0.7941176470588235,0.1804979253112033,146.7,146.7,152.0,9.0,4 out of 5 stars,153.7,153.70000000000002,17.569875038685442,158.17669981614443,171.26987503868546,-19.11627684010807,33.0,9.824242424242426,6.53686805277527,0.1515151515151515,0.2424242424242424,0.6653813872349903,False,,0.7996974789915967,False,True,0.7535296352471628,False,93.91485346593858,218.22072348444044,62.86471166841162,259.18663715105447,0.29535,0.34115,0.19925,0.04855,0.29535,0.70465,119.59187360116611,193.4904614919277,9.34189189189189,0.12837837837837895,False,Sustainable
Mitchell Trubisky,QB,TEN,31.0,9.0,Active,9.0,3976,3039707.0,30115.0,7a1b8f1a-9024-4897-86b0-01c63e00305e,00-0033869,179.0,2.0,1.0,0.0,17.0,0.0,0.0,0.0,0.0,313.0,4.0,6.0,0.0,9.0,0.0,0.0,0.0,0.0,0.1777777777777777,,0.3325,,170.0,170.0,,,,9.0,9.81,-0.2032262871596818,9.60677371284032,9.60677371284032,-318.88702860205615,12.0,4.698333333333333,10.241279956700488,0.0833333333333333,0.9166666666666666,2.1797687030933997,False,,,True,False,3.5305987188376315,True,2.8061144961786284,13.581097322313465,1.7189159655522417,19.93770645685961,0.0,0.0,0.02505,0.0,0.0,1.0,3.3308783590031084,13.246916260878184,3.13,0.4146153846153844,True,Sustainable
Trevor Lawrence,QB,JAX,26.0,7.0,Active,5.0,7523,,,aaa8b42c-4d87-45f6-bfd2-e31cfed9a736,00-0036971,2045.0,11.0,119.0,3.0,26.0,0.0,-5.0,0.0,0.0,4007.0,29.0,359.0,9.0,82.0,0.0,0.0,0.0,0.0,0.902,,0.967058823529412,,99.2,99.2,75.0,7.0,4 out of 5 stars,304.0,344.042,-11.223046862006395,328.49380231489647,332.81895313799356,0.0,27.0,20.865925925925925,10.29093972656727,0.2962962962962963,0.1111111111111111,0.4931935329925029,False,,0.8442016806722689,False,True,0.7988317536861733,False,225.07266858184263,435.7811009603023,147.9001768775992,497.2307505891259,0.47595,0.3645,0.1425,0.1204,0.47595,0.52405,266.0416199495421,387.3688818980916,19.481428571428573,-1.3478571428571442,False,Sustainable
Jaxson Dart,QB,NYG,23.0,8.0,Active,1.0,12508,,,53848cba-bcad-4cd0-bb35-0a1f6ed111d1,00-0040691,,,,,,,,,,2272.0,15.0,487.0,9.0,86.0,0.0,0.0,0.0,0.0,,,0.8364285714285714,,73.3,73.3,82.0,7.0,4 out of 5 stars,311.5,345.248,-23.798008652665153,321.44999134733484,321.44999134733484,-7.043810967561626,14.0,19.541428571428572,11.644961840372698,0.4285714285714285,0.2142857142857142,0.5959114912099487,False,,0.8407058823529411,False,True,0.9652053194546292,True,227.6898339096794,432.4500467462246,150.5646279852611,486.8614314089552,0.48185,0.36245,0.14,0.11215,0.48185,0.51815,270.64945231971916,379.90177036914525,15.712142857142856,1.6864285714285732,False,Sustainable
Jaheim Bell,TE,PIT,25.0,9.0,Active,2.0,11605,,,c9b2f6f5-b8bc-48ca-ac33-fa18883c2f6b,00-0039420,0.0,0.0,0.0,0.0,0.0,2.0,20.0,0.0,3.0,,,,,,,,,,0.086,0.006,,,170.0,170.0,,,,25.8,25.8,3.2268199306292726,29.026819930629273,29.026819930629273,-148.26615672562323,,,,,,,True,,,False,False,1.0,True,13.266752989465664,41.411539201239336,9.0430165178052,54.474142878320336,0.00035,0.0038,0.0181,0.0,0.00035,0.99965,15.492174434610911,39.42770777686514,,,False,
Evan Engram,TE,DEN,31.0,10.0,Active,9.0,4066,3051876.0,30136.0,e21365af-8d66-416e-b0a5-8816d18fcfd9,00-0033881,0.0,0.0,0.0,0.0,0.0,47.0,365.0,1.0,64.0,0.0,0.0,7.0,0.0,1.0,50.0,461.0,1.0,76.0,0.7200000000000001,0.1226053639846743,0.42125,0.1301369863013698,170.4,170.4,252.0,12.0,4 out of 5 stars,116.7,116.68,15.97477518070938,132.65477518070938,132.65477518070938,-44.63820147554313,25.0,7.692,4.591288853179828,0.04,0.24,0.5968914265704404,False,,0.7660840336134453,False,True,0.675966276746688,False,66.28374165695388,192.05179423302488,41.38558050408198,234.56329717550983,0.19745,0.2765,0.23575,0.03525,0.19745,0.80255,93.323782802596,168.5073616169174,8.374444444444444,-1.0448148148148144,False,Buy-low
Jacory Croskey-Merritt,RB,WAS,25.0,7.0,Active,1.0,12533,,,202b8be6-40d2-49ed-b256-312ac45ec70f,00-0040242,,,,,,,,,,0.0,0.0,805.0,8.0,175.0,9.0,68.0,0.0,13.0,,,0.3947058823529412,0.0300925925925925,138.6,138.6,125.0,8.0,4 out of 5 stars,143.6,144.06,33.83401453640656,164.64396055906627,177.89401453640656,-47.43323007153288,17.0,8.488235294117647,7.764976042537186,0.1176470588235294,0.5294117647058824,0.9147927423640484,False,,0.8535999999999999,False,True,1.0201060526767596,False,97.10282007131129,225.89871531181905,66.4337894923987,274.5046291528695,0.04615,0.13655,0.26275,0.0042,0.30065,0.69935,112.31908437916329,210.102084248768,7.812941176470588,0.4400000000000013,False,Sustainable
Chris Manhertz,TE,NYG,34.0,8.0,Active,11.0,3048,2531358.0,28365.0,7c7b5515-7786-4e24-9ce0-34e6a8bd5727,00-0031484,0.0,0.0,0.0,0.0,0.0,3.0,30.0,1.0,4.0,0.0,0.0,0.0,0.0,0.0,1.0,7.0,0.0,2.0,0.308235294117647,0.0072202166064981,0.178235294117647,0.003976143141153,170.0,170.0,,,,4.1,4.03,0.5474950290941419,4.577495029094142,4.577495029094142,-172.71548162715837,12.0,1.1416666666666668,2.146649962291491,0.0,0.9166666666666666,1.8802773392334224,False,,,False,True,2.1293723040312287,True,2.077944389107885,6.543595851550292,1.4263532725169663,8.56714367686078,0.0,0.0,0.0,0.0,0.0,1.0,2.4447141583798873,6.224424103043066,,,False,
Ezekiel Elliott,RB,,29.0,,Active,9.0,3164,3051392.0,29238.0,bef8b2b4-78bd-4a4d-bb5d-6b55ada9ef6a,00-0033045,0.0,0.0,226.0,3.0,74.0,12.0,69.0,0.0,15.0,,,,,,,,,,0.2526666666666666,0.0241157556270096,,,170.0,170.0,,,,,,,,,,15.0,3.966666666666667,3.747316500161275,0.0,0.8,0.94470163869612,False,,0.858392156862745,False,False,1.053458138634921,False,,,,,,,,,,,,,4.436000000000001,-0.6026666666666673,False,Sustainable
Antonio Gibson,RB,,27.0,,Active,6.0,6945,4360294.0,32736.0,c0a8a5d0-583f-457a-9d96-70027d3f69e7,00-0036328,0.0,0.0,538.0,1.0,120.0,23.0,206.0,0.0,29.0,0.0,0.0,106.0,1.0,25.0,2.0,6.0,0.0,3.0,0.3329411764705882,0.058,0.1659999999999999,0.0062240663900414,170.0,170.0,417.0,15.0,-,,,,,,,22.0,5.572727272727273,3.5720051482634765,0.0,0.5454545454545454,0.6409797166541311,False,,0.7861848739495798,True,False,0.714770962122153,False,,,,,,,,,,,,,5.715,-0.23772727272727234,True,Sustainable
Josh Williams,RB,TB,25.0,10.0,Active,1.0,12787,,,bfb346f0-2318-11f0-81b8-b7cb2fd8d89b,00-0040429,,,,,,,,,,0.0,0.0,11.0,0.0,4.0,0.0,0.0,0.0,0.0,,,0.0433333333333333,0.0,170.0,170.0,,,,0.0,0.0,2.58,2.58,2.58,-209.4971906305991,,,,,,,True,,,False,True,1.0,False,0.908415129165924,3.7521739720972582,0.5738192977163451,5.256767359392242,0.0,0.0,0.0,0.0,0.0,1.0,1.148926592104552,3.650067787254761,,,False,
Matt Prater,K,,41.0,,Active,20.0,17,11122.0,8565.0,67f5e782-f91c-4536-9818-cf4a0e7e821d,00-0023853,0.0,0.0,0.0,0.0,0.0,0.0,0.0,0.0,0.0,0.0,0.0,0.0,0.0,0.0,0.0,0.0,0.0,0.0,,,,,169.9,169.9,,,,,,,,,,19.0,7.421052631578948,4.140796883500731,0.1052631578947368,0.2631578947368421,0.5579797218901694,False,,0.7868067226890756,True,False,0.979195353597616,False,,,,,,,,,,,,,,,True,
Teagan Quitoriano,TE,ARI,26.0,14.0,Active,4.0,8227,,,06cb6aff-c81e-4553-95ba-467187f408d4,00-0037277,,,,,,,,,,0.0,0.0,0.0,0.0,0.0,0.0,0.0,0.0,0.0,0.2171428571428571,,0.1247058823529411,0.0,170.0,170.0,,,,,,,,,,,,,,,,True,,,True,False,1.0,True,,,,,,,,,,,,,,,True,
J.J. McCarthy,QB,MIN,23.0,6.0,Active,2.0,11565,,,587cc3c3-aeda-4ac7-8803-a7e4db195534,00-0039923,,,,,,,,,,1632.0,11.0,181.0,4.0,37.0,0.0,0.0,0.0,0.0,,,0.916,,169.8,169.8,320.0,13.0,5 out of 5 stars,23.8,26.508,-3.332107391723976,23.175892608276023,23.175892608276023,-305.31790970662047,10.0,14.938,9.843027763628198,0.2,0.5,0.6589254092668496,False,,,False,True,1.0672697531924418,False,13.36465277299396,31.894615245846804,9.08210044787148,38.81004967850521,0.0,0.0,0.14525,0.0,0.0,1.0,15.816242072675676,29.490053229453164,15.225999999999999,-2.2880000000000003,False,Buy-low
Sincere McCormick,RB,SF,25.0,8.0,Active,4.0,8220,,,2e808f70-d3a3-11ec-96a0-c3471a31202c,00-0037509,0.0,0.0,183.0,0.0,39.0,6.0,29.0,0.0,7.0,,,,,,,,,,0.26,0.0118243243243243,,,170.0,170.0,,,,,,,,,,,,,,,,True,,,False,False,1.0,False,,,,,,,,,,,,,,,True,
Rashid Shaheed,WR,SEA,27.0,11.0,Active,4.0,8676,,,e1ecc660-cc9f-11ec-952e-a10f2c98fc4d,00-0037545,0.0,0.0,29.0,0.0,6.0,20.0,349.0,3.0,41.0,0.0,0.0,69.0,0.0,9.0,59.0,687.0,2.0,92.0,0.7566666666666667,0.0793036750483558,0.6088888888888889,0.1168141592920354,157.9,157.9,149.0,9.0,3 out of 5 stars,144.0,144.00000000000003,55.33633966696081,199.33633966696084,199.33633966696084,-14.62204529712011,24.0,9.266666666666667,6.828117486232726,0.0833333333333333,0.375,0.7368472107445387,False,,0.8083025210084033,False,True,0.7980728710967778,False,117.59662693602408,275.9955144659211,78.30571239089556,325.1411812220478,0.1179,0.15565,0.1578,0.02375,0.3509,0.6491,149.49020548226903,243.82423751786544,9.553703703703704,-0.9092592592592599,False,Sustainable
Malachi Fields,WR,NYG,22.0,8.0,Active,0.0,13285,,,ed9f9d96-d1e5-43bd-ac69-cbd29bb0b9bb,FIE775129,,,,,,,,,,,,,,,,,,,,,,,169.9,169.9,268.0,12.0,4 out of 5 stars,34.099999999999994,34.15,4.187131308373901,38.3371313083739,38.3371313083739,-175.62125365570705,,,,,,,True,74.0,,False,False,1.0,True,21.23207658885853,48.42411699721068,15.060333385824444,57.82868924841434,0.0,0.0,0.0,0.0,0.0,1.0,24.63398666978857,44.3715522651784,,,False,
Olamide Zaccheaus,WR,ATL,29.0,11.0,Active,7.0,6271,3917914.0,32123.0,d8281390-f081-41e5-b55e-75779536fe94,00-0035208,0.0,0.0,8.0,0.0,1.0,45.0,506.0,3.0,64.0,0.0,0.0,25.0,0.0,4.0,39.0,313.0,2.0,65.0,0.4205882352941176,0.1269841269841269,0.53625,0.1221804511278195,170.0,170.0,338.0,14.0,3 out of 5 stars,85.9,85.63999999999999,20.487263749942485,106.12726374994249,106.12726374994249,-107.83112121413846,30.0,6.64,6.10780168139981,0.0666666666666666,0.5333333333333333,0.9198496508132245,False,,0.8251092436974791,True,False,0.9962812386303376,True,61.00898648917134,146.93265079940278,42.11496511018797,177.44370229929677,0.0036,0.01275,0.0317,0.0001,0.02835,0.97165,73.79437522543294,133.52450303723768,7.084705882352941,-0.5435294117647063,True,Sustainable
Ramel Keyton,WR,,24.0,,Active,1.0,11885,,,fa040100-0500-11ef-a92c-7305b2360f34,00-0039543,0.0,0.0,0.0,0.0,0.0,1.0,7.0,0.0,3.0,,,,,,,,,,0.085,0.0050675675675675,,,170.0,170.0,,,,,,,,,,,,,,,,True,,,False,False,1.0,False,,,,,,,,,,,,,,,False,
Austin Seibert,K,,28.0,,Active,6.0,6219,3821683.0,32002.0,bd1f047a-978f-4643-b55f-f4d3b0719a4e,00-0035145,0.0,0.0,0.0,0.0,0.0,0.0,0.0,0.0,0.0,,,,,,,,,,,,,,170.0,170.0,,,,,,,,,,9.0,12.77777777777778,4.576510072581994,0.3333333333333333,0.0,0.358161657854243,False,,,False,False,0.6285358005836748,False,,,,,,,,,,,,,,,False,
Will Reichard,K,MIN,25.0,6.0,Active,2.0,11792,,,6f667582-b880-4c41-a105-59c347a36c0d,00-0039404,0.0,0.0,0.0,0.0,0.0,0.0,0.0,0.0,0.0,0.0,0.0,0.0,0.0,0.0,0.0,0.0,0.0,0.0,,,,,165.2,165.2,293.0,12.0,2 out of 5 stars,130.7,35.1,116.94277333729876,152.04277333729877,152.04277333729877,2.4832832447302735,30.0,10.066666666666666,5.002987613163884,0.3,0.1333333333333333,0.4969855244864786,False,,0.9407843137254902,False,True,0.8721569929708369,False,103.64144453013932,198.5928994537023,83.21346207587243,232.7752045991114,0.4622,0.3711,0.1667,0.1238,0.4622,0.5378,107.01753705502166,193.0178210816305,,,False,
Isaiah Hodgins,WR,NYG,27.0,8.0,Active,6.0,6920,4242540.0,32877.0,1d1c217b-6407-40d7-aebb-ba95fa05d127,00-0036165,0.0,0.0,0.0,0.0,0.0,2.0,12.0,0.0,2.0,0.0,0.0,0.0,0.0,0.0,10.0,115.0,1.0,19.0,0.2833333333333333,0.003610108303249,0.7628571428571428,0.0377733598409542,170.0,170.0,,,,,,,,,,8.0,3.8375,4.748213949927458,0.0,0.75,1.2373195960723018,False,,0.6654453781512605,False,True,1.3401302035247558,True,,,,,,,,,,,,,4.65375,-0.8162499999999997,False,Sustainable
Ashton Jeanty,RB,LV,22.0,13.0,Active,1.0,12527,,,320fc4b7-76c7-43af-bbfd-1a22ba8f78cb,00-0040122,,,,,,,,,,0.0,0.0,975.0,5.0,266.0,55.0,346.0,5.0,73.0,,,0.7788235294117647,0.1477732793522267,16.7,16.7,14.0,3.0,2 out of 5 stars,275.4,274.99000000000007,65.89194138422705,322.3558836585379,340.8819413842271,110.27869302793874,17.0,14.53529411764706,8.96883083074869,0.1764705882352941,0.1176470588235294,0.6170381389021762,False,,0.8535999999999999,False,True,0.6880731679176585,True,231.23011187661928,433.49361272603375,150.50567882075964,489.5618491072188,0.515,0.282,0.0916,0.11595,0.8553,0.1447,267.07797393291537,386.00588303504475,14.64470588235294,-0.22705882352940954,False,Sustainable
Jonathan Mingo,WR,DAL,25.0,14.0,Active,3.0,10225,,,6cf0c82d-87e4-4cfc-8475-77667ed92796,00-0039062,0.0,0.0,5.0,0.0,2.0,17.0,167.0,0.0,42.0,0.0,0.0,0.0,0.0,0.0,1.0,25.0,0.0,5.0,0.4241176470588235,0.0501930501930501,0.2066666666666666,0.0082372322899505,170.0,170.0,,,,8.4,8.77,0.9715560154634127,9.741556015463413,9.741556015463413,-204.21682894861755,19.0,1.9842105263157896,2.298372167400885,0.0,0.9473684210526316,1.1583308005468649,False,,0.7662857142857142,False,True,1.2545781190352658,False,4.6239872402023785,14.183333208385529,2.8153239021784713,17.576589517560468,0.0,0.0,0.0,0.0,0.0,1.0,6.57892624507213,12.481410286449137,3.96578947368421,-2.086842105263157,False,Buy-low
Riley Leonard,QB,IND,23.0,13.0,Active,1.0,12470,,,38b62d7f-4403-4e2b-8083-4d0cd08e81aa,00-0040206,,,,,,,,,,415.0,2.0,27.0,2.0,6.0,0.0,-3.0,0.0,0.0,,,0.394,,170.0,170.0,441.0,15.0,4 out of 5 stars,48.0,52.114,0.6680595987402387,52.78205959874023,52.78205959874023,-275.7117427161562,,,,,,,True,,,False,True,1.0,False,26.7101756294949,74.78316508297276,17.926619634689565,94.03245086197144,5e-05,0.00445,0.6688,0.0,5e-05,0.99995,31.59806538989948,69.4575983520848,,,False,
Mitchell Evans,TE,CAR,23.0,5.0,Active,1.0,12473,,,788b494d-d624-46ae-a956-81bd10f6a044,00-0040187,,,,,,,,,,0.0,0.0,1.0,0.0,1.0,19.0,171.0,2.0,25.0,,,0.3741176470588235,0.0520833333333333,170.0,170.0,456.0,15.0,2 out of 5 stars,37.5,37.61,4.762608784519752,42.37260878451975,42.37260878451975,-134.92036787173276,14.0,3.442857142857143,3.206175360076308,0.0,0.5714285714285714,0.9312542539640728,False,,0.8271058823529411,False,True,1.0546247487143638,False,22.63050945884515,59.46360253475886,15.853681973823248,74.4826159820874,0.0004,0.00725,0.05675,0.0,0.0004,0.9996,26.643567174341985,56.10379547407498,3.4635714285714285,-0.020714285714285463,False,Sustainable
,DEF,ATL,,11.0,,,ATL,,,,,,,,,,,,,,,,,,,,,,,,,,,,,,,,,,,,,,,,,,,,True,,,False,False,1.0,True,,,,,,,,,,,,,,,False,
Chris Rodriguez,RB,JAX,26.0,7.0,Active,3.0,10219,,,ae5c4758-cb53-4f17-8763-b91381036af3,00-0038611,0.0,0.0,173.0,2.0,35.0,1.0,12.0,0.0,1.0,0.0,0.0,500.0,6.0,112.0,3.0,30.0,0.0,4.0,0.1177777777777777,0.0019841269841269,0.3123076923076923,0.0092592592592592,167.9,167.9,145.0,9.0,4 out of 5 stars,94.8,94.96,22.245072431863168,141.60633909127696,117.20507243186316,-70.47085153932218,19.0,6.5,5.379694332498001,0.0,0.5263157894736842,0.8276452819227694,False,,,True,False,0.9229259508300632,False,51.96425930628313,177.5873297023924,33.57124495510998,233.38057298319055,0.03265,0.06945,0.13295,0.0066,0.1566,0.8434,64.94178272443146,165.26078387525706,6.669444444444444,0.19166666666666643,True,Sustainable
Mecole Hardman,WR,BUF,28.0,7.0,Active,7.0,5917,4035004.0,31888.0,fe6dc768-d576-476c-b150-53b85af2a1d1,00-0035140,0.0,0.0,62.0,1.0,5.0,12.0,90.0,0.0,14.0,0.0,0.0,0.0,0.0,0.0,0.0,0.0,0.0,1.0,0.1374999999999999,0.0244755244755244,0.035,0.0020876826722338,170.0,170.0,,,,,,,,,,14.0,2.371428571428571,3.688741409588531,0.0,0.8571428571428571,1.5554933654891396,False,,,False,True,1.6847414743058495,True,,,,,,,,,,,,,3.967777777777778,0.543333333333333,False,Sustainable
DJ Moore,WR,BUF,29.0,7.0,Active,8.0,4983,3915416.0,30994.0,d8202e6d-d03b-4cd1-a793-ff8fd39d9755,00-0034827,0.0,0.0,75.0,0.0,14.0,98.0,966.0,6.0,140.0,2.0,1.0,79.0,1.0,15.0,50.0,682.0,6.0,85.0,0.9382352941176472,0.2661596958174905,0.8482352941176471,0.1597744360902255,69.9,69.9,52.0,6.0,4 out of 5 stars,205.0,205.33,24.062346211392033,213.95838496408095,229.39234621139204,0.0,34.0,12.125882352941176,7.870411839998863,0.2352941176470588,0.2647058823529412,0.6490588982244138,False,,0.9091428571428573,True,False,0.702990105497537,True,160.58530476838092,269.3479146802876,133.60721641064245,306.95888348963615,0.0907,0.18625,0.2353,0.0095,0.39205,0.60795,166.28067716428714,256.2110925219459,12.122777777777777,0.201666666666668,True,Sustainable
Dallas Goedert,TE,PHI,31.0,10.0,Active,8.0,5022,3121023.0,31019.0,e8029983-87cf-49a2-bc04-04c8233a0630,00-0034351,0.0,0.0,0.0,0.0,0.0,42.0,496.0,2.0,52.0,0.0,0.0,0.0,0.0,0.0,60.0,591.0,11.0,82.0,0.65,0.124401913875598,0.846,0.1767241379310344,101.7,101.7,120.0,8.0,4 out of 5 stars,179.2,178.96,20.426357710066917,177.2929766562525,199.38635771006693,0.0,25.0,11.548,7.028046196015883,0.24,0.08,0.6085942324225739,False,,0.740873949579832,False,True,0.6892194443199074,False,85.58001352779803,259.3298587286204,54.27698259540209,310.2963337018555,0.40585,0.247,0.1533,0.1216,0.40585,0.59415,135.59066121946302,215.62897448409916,9.741333333333333,2.0553333333333317,False,Sustainable
Traeshon Holden,WR,DAL,24.0,14.0,Active,1.0,12849,,,50ac1100-23d7-11f0-9908-fbcde49adcd9,00-0040048,,,,,,,,,,,,,,,,,,,,,,,,,,,,,,,,,,,,,,,,True,,,False,False,1.0,False,,,,,,,,,,,,,,,False,
,DEF,CAR,,5.0,,,CAR,,,,,,,,,,,,,,,,,,,,,,,,,,,,,,,,,,,,,,,,,,,,True,,,False,False,1.0,False,,,,,,,,,,,,,,,False,
Mason Kinsey,WR,TEN,27.0,9.0,Active,6.0,7436,4057082.0,33351.0,4d14a6cd-273f-4cf4-aac0-7fe041b6c650,00-0036176,0.0,0.0,0.0,0.0,0.0,2.0,17.0,0.0,2.0,0.0,0.0,0.0,0.0,0.0,2.0,48.0,0.0,4.0,0.1866666666666666,0.0039447731755424,0.109,0.0075471698113207,170.0,170.0,,,,0.0,0.0,1.95,1.95,1.95,-212.00838496408096,12.0,0.875,1.442929469705798,0.0,1.0,1.6490622510923405,False,,,False,True,1.7860851288515702,True,1.162071218382061,2.7412485526628863,0.7997270238962019,3.321631362057998,0.0,0.0,0.0,0.0,0.0,1.0,1.3579237603645846,2.550084677487225,,,False,
Kaelon Black,RB,SF,24.0,8.0,Active,0.0,13414,,,4dea3ae1-8c53-4ef1-bd72-e2d2dfb3fa97,BLA097235,,,,,,,,,,,,,,,,,,,,,,,170.1,170.1,314.0,13.0,2 out of 5 stars,75.6,75.85,17.997786067803474,93.84778606780348,93.84778606780348,-118.22940456279566,,,,,,,True,90.0,,False,False,1.0,False,30.424315383324466,126.70234381266216,18.83363666458865,176.4100708234263,0.01795,0.0306,0.0671,0.00475,0.07575,0.92425,38.19000194005452,121.91820727687664,,,False,
Adam Thielen,WR,,35.0,,Active,13.0,1689,16460.0,27277.0,2fa2b2da-4aa9-44b5-b27e-56876dfe2ad4,00-0030035,0.0,0.0,0.0,0.0,0.0,48.0,615.0,5.0,62.0,0.0,0.0,0.0,0.0,0.0,19.0,186.0,0.0,35.0,0.708,0.1196911196911196,0.394375,0.0384615384615384,170.0,170.0,,,,,,,,,,24.0,7.379166666666666,7.700252913218905,0.0833333333333333,0.5416666666666666,1.043512534823567,False,,0.675109243697479,True,False,1.1302194437984343,False,,,,,,,,,,,,,6.314,1.0299999999999994,True,Sustainable
Ben Sims,TE,MIA,26.0,6.0,Active,3.0,11082,,,cef32a80-e761-11ed-ac46-e3b4ebd723e5,00-0038809,0.0,0.0,0.0,0.0,0.0,4.0,42.0,0.0,5.0,0.0,0.0,0.0,0.0,0.0,3.0,30.0,0.0,6.0,0.2129411764705882,0.0107758620689655,0.1254545454545454,0.0128205128205128,170.0,170.0,,,,48.7,48.510000000000005,6.47957256757741,54.98957256757741,54.98957256757741,-122.3034040886751,,,,,,,True,,,True,False,1.0,True,25.20893526460803,78.77531451143123,17.27447216851346,102.03606273566128,0.01175,0.03755,0.12005,0.0015,0.01175,0.98825,29.410000115718095,74.95357031002384,,,True,
Kaden Davis,WR,CHI,27.0,10.0,Active,4.0,8755,,,acb316b0-d24f-11ec-b16e-cf7159baf83d,00-0037380,0.0,0.0,0.0,0.0,0.0,0.0,0.0,0.0,0.0,0.0,0.0,0.0,0.0,0.0,0.0,0.0,0.0,0.0,0.25,0.0,0.01,0.0,170.0,170.0,,,,,,,,,,,,,,,,True,,,True,False,1.0,False,,,,,,,,,,,,,,,True,
Brayden Narveson,K,,25.0,,Active,1.0,11949,,,4ba68790-06ef-11ef-86ff-fd9ee14639a0,00-0039649,0.0,0.0,0.0,0.0,0.0,0.0,0.0,0.0,0.0,,,,,,,,,,,,,,169.9,169.9,,,,,,,,,,,,,,,,True,,,False,False,1.0,False,,,,,,,,,,,,,,,False,
Ollie Gordon,RB,MIA,22.0,6.0,Active,1.0,12495,,,42753bb4-a416-4d40-bf81-f20d2181be2f,00-0040198,,,,,,,,,,0.0,0.0,199.0,3.0,70.0,7.0,32.0,1.0,9.0,,,0.2241176470588235,0.0194805194805194,170.2,170.2,242.0,11.0,3 out of 5 stars,32.2,31.99,8.52885434706948,40.51885434706948,40.51885434706948,-171.55833628352968,17.0,3.182352941176471,4.346296597983973,0.0,0.7647058823529411,1.3657493930818398,False,,0.8535999999999999,False,True,1.5229780012486789,True,23.097817281258735,57.547179809769354,15.580411143169384,70.72510223745162,0.0,5e-05,0.00075,0.0,0.0002,0.9998,26.87440766389997,53.71845855891367,3.73875,-0.35749999999999993,False,Sustainable
Robert Tonyan,TE,PIT,32.0,9.0,Active,9.0,4602,2975674.0,30777.0,7c9c7800-69d0-459b-812b-a07ac48e9f2a,00-0033757,,,,,,,,,,0.0,0.0,0.0,0.0,0.0,1.0,1.0,0.0,1.0,0.046,,0.1105882352941176,0.0018214936247723,170.0,170.0,,,,,,,,,,,,,,,,True,,,True,False,1.0,True,,,,,,,,,,,,,,,True,
Eric Saubert,TE,SEA,32.0,11.0,Active,9.0,4189,2975863.0,30287.0,582dc00e-e7ec-4ca7-bff0-f7b1d604017b,00-0033576,0.0,0.0,0.0,0.0,0.0,11.0,97.0,1.0,14.0,0.0,0.0,0.0,0.0,0.0,4.0,31.0,0.0,7.0,0.3382352941176471,0.0272904483430799,0.3954545454545454,0.0153846153846153,170.0,170.0,,,,8.6,8.64,1.080189430923116,9.720189430923115,9.720189430923115,-167.5727872253294,21.0,1.6095238095238094,2.351574953494947,0.0,0.8095238095238095,1.4610376929998192,False,,,False,True,1.654592720820573,False,4.728446136771561,13.76981995487745,3.2534206303667568,17.724056217702454,0.0,0.0,5e-05,0.0,0.0,1.0,5.4862362744420885,13.05807601086386,3.2207692307692306,-0.5976923076923075,False,Sustainable
Brandon Powell,WR,,29.0,,Active,7.0,5695,3115255.0,31641.0,5ec01774-4a79-40aa-be4a-e33c71bd5bf4,00-0034646,0.0,0.0,0.0,0.0,0.0,7.0,71.0,0.0,10.0,,,,,,,,,,0.198235294117647,0.0193423597678916,,,170.0,170.0,,,,,,,,,,16.0,0.88125,1.23300108137287,0.0,1.0,1.3991501632599943,False,,0.8841960784313726,False,False,1.5154074977906875,False,,,,,,,,,,,,,,,False,
Andrew Armstrong,WR,KC,25.0,5.0,Active,1.0,12863,,,8e353ae0-2442-11f0-b1aa-45a8da233bc0,00-0040298,,,,,,,,,,,,,,,,,,,,,,,,,,,,,,,,,,,,,,,,True,,,False,False,1.0,False,,,,,,,,,,,,,,,True,
Tyler Conklin,TE,DET,30.0,6.0,Active,8.0,5133,3122920.0,31220.0,f0d17dfa-ebf3-416c-a8d2-c6bc30675103,00-0034270,0.0,0.0,0.0,0.0,1.0,51.0,449.0,4.0,72.0,0.0,0.0,2.0,0.0,1.0,7.0,101.0,0.0,10.0,0.800625,0.1222410865874363,0.1923076923076923,0.0183823529411764,170.0,170.0,,,,8.9,9.3,1.1551447558848869,10.455144755884888,10.455144755884888,-166.83783190036763,22.0,6.236363636363635,5.3498149015194425,0.0454545454545454,0.4545454545454545,0.8578420396022431,False,,0.7708739495798319,True,False,0.9714870472817576,False,3.983971108242715,14.498457526550991,2.5503221052635747,19.36958014358504,0.0,5e-05,0.00015,0.0,0.0,1.0,5.222019423019455,13.695667373399118,6.342727272727273,-0.01545454545454561,True,Sustainable
Keaontay Ingram,RB,,26.0,,Active,4.0,8221,,,9b212b70-ccc3-4c77-ba73-09afeb929225,00-0037299,0.0,0.0,0.0,0.0,0.0,0.0,0.0,0.0,0.0,,,,,,,,,,0.0,0.0,,,170.0,170.0,,,,,,,,,,,,,,,,True,,,False,False,1.0,False,,,,,,,,,,,,,,,True,
KaVontae Turpin,WR,DAL,29.0,14.0,Active,4.0,8917,,,2dfd63d0-0e8a-11ed-a8f4-191ad3c6932a,00-0037801,0.0,0.0,92.0,0.0,16.0,31.0,420.0,2.0,52.0,0.0,0.0,89.0,0.0,17.0,26.0,396.0,2.0,38.0,0.2670588235294118,0.0836012861736334,0.3546666666666667,0.0626029654036243,169.8,169.8,373.0,14.0,2 out of 5 stars,63.7,63.38000000000001,75.69367928332386,139.07367928332388,139.07367928332388,-74.88470568075707,32.0,5.6468750000000005,4.73980973995452,0.0,0.59375,0.8393686313145802,False,,0.8839327731092437,False,True,0.9091129392006926,False,91.29863148562308,184.4835495720324,69.48422470497538,218.0325074674505,0.01235,0.0403,0.0717,0.00115,0.0826,0.9174,98.515286653837,174.37081139540257,5.79,0.10000000000000053,False,Sustainable
Tyrone Tracy,RB,NYG,26.0,8.0,Active,2.0,11655,,,fc6c7973-79a9-4974-855e-bc13400fe641,00-0039384,0.0,0.0,839.0,5.0,192.0,38.0,284.0,1.0,53.0,0.0,0.0,740.0,2.0,176.0,36.0,288.0,2.0,48.0,0.5735294117647058,0.095667870036101,0.5446666666666666,0.0954274353876739,167.5,167.5,124.0,8.0,4 out of 5 stars,117.3,117.5,29.87730643238012,144.7433290408227,147.37730643238012,-67.33386158977646,32.0,10.909375,7.437670437190537,0.125,0.25,0.6817687023491755,False,,0.858392156862745,False,True,0.7602556815161137,True,95.10080609532996,198.485844571292,65.01285624485932,234.43227116649547,0.01575,0.0899,0.25815,0.0004,0.20785,0.79215,107.7844639334586,182.7845434551702,10.8315625,-0.10968749999999972,False,Sustainable
Max Brosmer,QB,MIN,25.0,6.0,Active,1.0,12775,,,921d4a00-230f-11f0-8931-09b8041f90bf,00-0040494,,,,,,,,,,328.0,0.0,11.0,0.0,7.0,0.0,0.0,0.0,0.0,,,0.4542857142857143,,170.0,170.0,,,,,,,,,,,,,,,,True,,,False,True,1.0,False,,,,,,,,,,,,,,,False,
Tyler Lockett,WR,,33.0,,Active,11.0,2374,2577327.0,28457.0,dffa69ad-331e-4f09-ae38-40a5a4406be6,00-0032211,0.0,0.0,0.0,0.0,0.0,49.0,600.0,2.0,74.0,0.0,0.0,0.0,0.0,0.0,32.0,291.0,1.0,55.0,0.6905882352941176,0.1300527240773286,0.5,0.068825910931174,170.0,170.0,421.0,15.0,2 out of 5 stars,,,,,,,34.0,5.5323529411764705,4.54144020596826,0.0,0.6176470588235294,0.8208876502015994,False,,0.8091428571428572,True,False,0.889096347643511,False,,,,,,,,,,,,,6.121764705882352,-0.5894117647058819,True,Sustainable
James Proche,WR,,29.0,,Active,6.0,6957,3916204.0,32871.0,c65488d4-251e-40fc-9f32-7019bbdaf75e,00-0036133,0.0,0.0,0.0,0.0,0.0,3.0,21.0,0.0,3.0,0.0,0.0,0.0,0.0,0.0,6.0,65.0,0.0,12.0,0.0266666666666666,0.0047318611987381,0.2988888888888888,0.0226415094339622,170.0,170.0,,,,,,,,,,15.0,1.1733333333333331,2.0197123793347647,0.0,0.9333333333333332,1.721345777842129,False,,,True,False,1.8643747944498357,False,,,,,,,,,,,,,2.60375,-0.4037499999999996,True,Sustainable
Brandon Allen,QB,NYG,33.0,8.0,Active,10.0,3357,2574511.0,29435.0,a8c3bcd7-69d0-4c5e-a876-6b33857942bc,00-0032434,199.0,1.0,4.0,0.0,3.0,0.0,0.0,0.0,0.0,72.0,0.0,0.0,0.0,0.0,0.0,0.0,0.0,0.0,0.36,,0.91,,170.0,170.0,,,,,,,,,,,,,,,,True,,,True,False,1.0,True,,,,,,,,,,,,,,,True,
Matthew Wright,K,,29.0,,Active,7.0,6268,3128444.0,32174.0,f0c7de3c-9e8b-4c3d-b42f-985f29ce163f,00-0035189,0.0,0.0,0.0,0.0,0.0,0.0,0.0,0.0,0.0,0.0,0.0,0.0,0.0,0.0,0.0,0.0,0.0,0.0,,,,,170.0,170.0,,,,,,,,,,9.0,8.666666666666666,5.267826876426369,0.3333333333333333,0.2222222222222222,0.6078261780491965,False,,,True,False,1.0666706082518238,False,,,,,,,,,,,,,,,True,
Rashee Rice,WR,KC,26.0,5.0,Active,3.0,10229,,,cbd73c09-da07-48b0-a0d6-f248dfa631b6,00-0039067,0.0,0.0,1.0,0.0,1.0,24.0,288.0,2.0,29.0,0.0,0.0,20.0,1.0,5.0,53.0,571.0,5.0,78.0,0.6025,0.0506993006993006,0.74875,0.1420765027322404,23.6,23.6,22.0,4.0,2 out of 5 stars,273.2,273.57000000000005,32.22229227615617,280.65890889409906,305.7922922761562,66.70052393001811,12.0,17.75,9.005200517680679,0.4166666666666667,0.0833333333333333,0.5073352404327143,False,,0.7158655462184874,False,True,0.5494904317159502,False,125.76155767637574,428.700967622703,74.79408636717281,501.6992455763104,0.40735,0.1314,0.08445,0.2134,0.5832,0.4168,230.83163500830597,327.0051488072547,17.44,2.1054545454545455,False,Sustainable
,DEF,JAX,,7.0,,,JAX,,,,,,,,,,,,,,,,,,,,,,,,,,,,,,,,,,,,,,,,,,,,True,,,False,False,1.0,False,,,,,,,,,,,,,,,False,
De'Von Achane,RB,MIA,24.0,6.0,Active,3.0,9226,,,a4ef921b-8767-4b4f-a651-7675c00f9af0,00-0039040,0.0,0.0,907.0,6.0,203.0,78.0,592.0,6.0,87.0,0.0,0.0,1350.0,8.0,238.0,67.0,488.0,4.0,85.0,0.6241176470588234,0.153169014084507,0.75375,0.1839826839826839,12.8,12.8,13.0,3.0,3 out of 5 stars,310.3,310.33000000000004,64.21492341918582,331.4396099144772,374.54492341918586,119.36241928387808,33.0,18.86969696969697,8.206646881053373,0.3939393939393939,0.0909090909090909,0.4349114293797355,False,,0.8366050420168067,False,True,0.4849795597875582,True,228.26381909946,451.8121439789446,143.12911984978743,509.46409779919486,0.544,0.24605,0.0922,0.148,0.8463,0.1537,279.96238547405585,393.3324128927542,16.392121212121214,2.4563636363636334,False,Sustainable
Marvin Mims,WR,DEN,24.0,10.0,Active,3.0,9494,,,fcd780e6-6d43-4c2e-b740-59ae09911345,00-0038976,0.0,0.0,42.0,0.0,13.0,39.0,503.0,6.0,52.0,0.0,0.0,78.0,1.0,12.0,37.0,322.0,1.0,51.0,0.2694117647058823,0.0947176684881603,0.3686666666666667,0.0873287671232876,170.0,170.0,264.0,12.0,2 out of 5 stars,66.7,66.54,69.51774307924136,136.05774307924136,136.05774307924136,-77.90064188483959,32.0,6.828125,7.453435422459512,0.09375,0.65625,1.0915786431061985,False,,0.8839327731092437,False,True,1.1822794319210843,False,85.23375668440862,182.65254331832563,64.698002623007,219.42281322500028,0.0149,0.03805,0.0699,0.0015,0.0827,0.9173,93.03428887548442,173.53899576891448,6.201764705882353,1.301176470588235,False,TD-lucky
Hayden Hurst,TE,,31.0,,Active,7.0,4973,3924365.0,30995.0,1b125fc4-5dd9-4eb9-a42f-048e61ca42b7,00-0034830,0.0,0.0,0.0,0.0,0.0,8.0,73.0,0.0,13.0,,,,,,,,,,0.3311111111111111,0.0264765784114052,,,170.0,170.0,,,,,,,,,,,,,,,,True,,,False,False,1.0,False,,,,,,,,,,,,,,,False,
Michael Penix,QB,ATL,26.0,11.0,Active,2.0,11559,,,6499a161-b221-4591-b122-d99ece1be64b,00-0039917,775.0,3.0,11.0,1.0,7.0,0.0,0.0,0.0,0.0,1982.0,9.0,70.0,1.0,21.0,0.0,0.0,0.0,0.0,0.664,,0.9322222222222224,,170.0,170.0,266.0,12.0,4 out of 5 stars,83.5,94.294,-2.384718730451965,91.90928126954805,91.90928126954805,-236.5845210453484,14.0,13.598571428571429,9.997865816219024,0.2142857142857142,0.4285714285714285,0.7352144207745894,False,,,False,True,1.1908360223605308,True,60.76207099336726,126.31094136601536,40.92949249937008,146.26200771230577,0.0001,0.0206,0.8963,0.0,0.0001,0.9999,71.01298440440767,113.82622811043726,13.288571428571428,-1.2614285714285707,False,Sustainable
Carnell Tate,WR,TEN,21.0,9.0,Active,0.0,13279,,,a8693aee-cde4-464f-a0d8-355fb72c041d,TAT143045,,,,,,,,,,,,,,,,,,,,,,,66.0,66.0,63.0,6.0,3 out of 5 stars,181.4,181.07,21.420129994982695,199.4875011827193,202.49012999498268,-14.470883781361636,,,,,,,True,4.0,,False,False,1.0,True,139.04048234149855,297.3922320162824,98.28638293821908,348.8644031779367,0.1625,0.18175,0.16945,0.03695,0.4326,0.5674,161.99458409374364,270.90482601136387,,,False,
Mike Gesicki,TE,CIN,30.0,6.0,Active,8.0,4993,3116164.0,31012.0,1012cbe0-7eba-4169-bfca-183a0204e1a7,00-0034829,0.0,0.0,0.0,0.0,0.0,65.0,665.0,2.0,83.0,0.0,0.0,0.0,0.0,0.0,28.0,307.0,2.0,42.0,0.4476470588235294,0.1321656050955414,0.3853846153846154,0.069078947368421,170.7,170.7,305.0,13.0,3 out of 5 stars,113.1,113.31000000000002,13.99026661279963,122.57607968219492,127.30026661279965,-54.71689697405759,28.0,7.65,6.790707157852096,0.1428571428571428,0.3928571428571428,0.8876741382813197,False,,0.804487394957983,False,True,1.0052712361207563,False,64.6450686542141,173.51194155185544,43.7359420050159,215.3029922427091,0.1447,0.25705,0.27475,0.02525,0.1447,0.8553,80.5303438205675,159.15419805806815,7.972857142857143,-0.39428571428571413,False,Sustainable
,DEF,LAR,,11.0,,,LAR,,,,,,,,,,,,,,,,,,,,,,,,,,,,,,,,,,,,,,,,,,,,True,,,False,False,1.0,False,,,,,,,,,,,,,,,False,
Amar Johnson,RB,LAC,23.0,7.0,Active,1.0,12928,,,9ec3d420-250a-11f0-aaad-b190600d09cf,00-0040039,,,,,,,,,,0.0,0.0,8.0,0.0,2.0,0.0,0.0,0.0,1.0,,,0.04,0.0018382352941176,170.0,170.0,,,,,,,,,,,,,,,,True,,,False,True,1.0,False,,,,,,,,,,,,,,,False,
Gus Edwards,RB,,29.0,,Active,7.0,5248,3051926.0,31424.0,3ffc3993-461e-4477-9def-c9633b7feac1,00-0034184,0.0,0.0,365.0,4.0,101.0,3.0,6.0,0.0,5.0,,,,,,,,,,0.3472727272727272,0.010183299389002,,,170.0,170.0,,,,,,,,,,11.0,5.827272727272727,5.366952749762366,0.0909090909090909,0.7272727272727273,0.921005932096506,False,,0.8191764705882353,False,False,1.0270345209067655,False,,,,,,,,,,,,,6.355,-0.830000000000001,False,Sustainable
Troy Franklin,WR,DEN,23.0,10.0,Active,2.0,11627,,,765dffd8-8112-4078-86a1-924ccebf1069,00-0039868,0.0,0.0,8.0,0.0,2.0,28.0,263.0,2.0,53.0,0.0,0.0,12.0,0.0,5.0,65.0,709.0,6.0,104.0,0.375,0.0965391621129326,0.5958823529411765,0.1780821917808219,170.7,170.7,171.0,10.0,2 out of 5 stars,96.6,96.37,12.01511888538441,108.3851188853844,108.3851188853844,-105.57326607869656,33.0,7.278787878787878,6.584961919772088,0.0909090909090909,0.5757575757575758,0.9046783653308864,False,,0.8841960784313726,False,True,0.9798493499204868,False,70.6359865342779,144.1152311486121,53.3437944308908,171.52046609646607,0.0015,0.00885,0.0251,5e-05,0.02065,0.97935,75.75607481267386,136.65359234890238,8.481176470588236,-0.9047058823529417,False,Sustainable
Eric Tomlinson,TE,,32.0,,Active,10.0,2755,2511973.0,28658.0,b3d7169b-9cf6-4fea-815a-26e4fb0ec16a,00-0031690,0.0,0.0,0.0,0.0,0.0,2.0,9.0,0.0,4.0,,,,,,,,,,0.2311111111111111,0.0081466395112016,,,170.0,170.0,,,,,,,,,,,,,,,,True,,,False,False,1.0,False,,,,,,,,,,,,,,,False,
Hunter Renfrow,WR,,30.0,,Active,7.0,5955,3135321.0,31981.0,34c523c7-bc58-49f0-a9cc-f9edd91fe00f,00-0034983,,,,,,,,,,0.0,0.0,0.0,0.0,0.0,15.0,89.0,2.0,26.0,,,0.4916666666666667,0.0541666666666666,170.0,170.0,,,,,,,,,,,,,,,,True,,0.7317450980392157,True,False,1.0,False,,,,,,,,,,,,,,,True,
Jam Miller,RB,NE,,11.0,Active,0.0,13403,,,e7144c4a-1dd7-4474-b033-ad06e08f1745,MIL303300,,,,,,,,,,,,,,,,,,,,,,,170.0,170.0,429.0,15.0,2 out of 5 stars,26.1,26.1,5.974387251374239,32.07438725137424,32.07438725137424,-180.0028033792249,,,,,,,True,245.0,,False,False,1.0,False,10.791296933298524,44.63916964873028,6.698198283344948,62.511467798204485,0.0001,0.00105,0.00385,0.0,0.00245,0.99755,13.46514839055613,42.79385616067936,,,False,
Jeremiyah Love,RB,ARI,21.0,14.0,Active,0.0,13287,,,ca61f1e4-5a51-45b8-b8e3-f6564d9c2648,LOV121782,,,,,,,,,,,,,,,,,,,,,,,17.6,17.6,36.0,5.0,2 out of 5 stars,255.7,255.62000000000003,53.85876431938442,294.3934603391813,309.4787643193845,82.31626970858213,,,,,,,True,3.0,,False,False,1.0,True,156.12990661213294,467.8871530040833,98.86258020383345,591.2309203206776,0.4096,0.21245,0.1604,0.1835,0.7119,0.2881,197.52992823265157,429.1536865070019,,,False,
Dante Miller,RB,NYG,27.0,8.0,Active,2.0,11654,,,6e0c07b0-f42a-11ee-88d0-f12fe77edfe4,00-0039230,0.0,0.0,0.0,0.0,0.0,0.0,0.0,0.0,0.0,,,,,,,,,,0.005,0.0,,,170.0,170.0,,,,,,,,,,,,,,,,True,,,False,False,1.0,True,,,,,,,,,,,,,,,False,
Adam Trautman,TE,DEN,29.0,10.0,Active,6.0,6869,3911853.0,32775.0,4e14183b-f974-4745-9d7f-8f5eb2a92a7d,00-0036422,0.0,0.0,0.0,0.0,0.0,13.0,188.0,2.0,22.0,0.0,0.0,0.0,0.0,0.0,20.0,195.0,1.0,23.0,0.5182352941176471,0.0400728597449908,0.5729411764705883,0.0393835616438356,170.0,170.0,471.0,15.0,4 out of 5 stars,47.599999999999994,47.8,5.990490970017132,53.79049097001713,53.79049097001713,-123.50248568623536,26.0,3.4346153846153844,4.1917960167634405,0.0384615384615384,0.6923076923076923,1.2204557271651677,False,,0.8260840336134453,False,True,1.3821389906136496,False,27.2071043338866,76.19648731677056,18.841608716586503,96.5479726608885,0.0048,0.03015,0.119,0.00025,0.0048,0.9952,31.850610429363265,72.0071750533836,3.082692307692308,0.398076923076923,False,Sustainable
Deonte Harty,WR,,27.0,,Active,6.0,6234,4411193.0,32398.0,8f1147cb-3040-4128-b113-5813816241ec,00-0035215,0.0,0.0,0.0,0.0,0.0,0.0,0.0,0.0,0.0,,,,,,,,,,0.018,0.0,,,170.0,170.0,,,,,,,,,,,,,,,,True,,0.7665490196078432,False,False,1.0,False,,,,,,,,,,,,,,,False,
Bijan Robinson,RB,ATL,24.0,11.0,Active,3.0,9509,,,f78d68c2-f9da-48e7-b954-26b69efd828d,00-0038542,0.0,0.0,1456.0,14.0,304.0,61.0,431.0,1.0,72.0,0.0,0.0,1478.0,7.0,287.0,79.0,820.0,4.0,103.0,0.7535294117647059,0.1335807050092764,0.7817647058823529,0.1984585741811175,2.5,2.5,2.0,1.0,2 out of 5 stars,370.1,370.43,72.24161610637515,408.2370869966777,442.6716161063751,196.15989636607856,34.0,21.014705882352946,8.508503139122016,0.5294117647058824,0.0,0.4048832844368769,False,,0.8954285714285714,False,True,0.4514944970096171,True,324.26546252674666,525.1378422192143,254.57781935561488,583.7456797722948,0.79185,0.11875,0.0206,0.32185,0.92235,0.07765,345.213335239576,484.5187190839435,18.71558823529412,2.240294117647057,False,Sustainable
DeVonta Smith,WR,PHI,27.0,10.0,Active,5.0,7525,,,3555d07e-57ae-43de-97d5-b1b5bf055f17,00-0036912,0.0,0.0,1.0,0.0,1.0,68.0,833.0,8.0,89.0,0.0,0.0,0.0,0.0,0.0,77.0,1008.0,4.0,113.0,0.8853846153846153,0.2129186602870813,0.8441176470588235,0.2435344827586207,37.6,37.6,27.0,4.0,4 out of 5 stars,236.2,236.2,28.71661467882243,250.7847376891816,264.91661467882244,36.82635272510066,30.0,13.373333333333331,8.197053016842062,0.2,0.2,0.6129401557957674,False,,0.8671260504201681,False,True,0.6638702064871187,False,183.909808952306,323.38978591295296,142.09990112699393,363.17817192275675,0.23635,0.2702,0.1961,0.03745,0.61555,0.38445,202.80992232870148,294.5727658520221,11.253428571428572,1.8094285714285707,False,Sustainable
Travis Hunter,WR,JAX,23.0,7.0,Active,1.0,12530,,,4a975d4c-d7cd-45ef-b258-db45187140eb,00-0040718,,,,,,,,,,0.0,0.0,0.0,0.0,1.0,28.0,298.0,1.0,45.0,,,0.6628571428571429,,118.2,118.2,157.0,10.0,4 out of 5 stars,111.6,111.9,13.63134044710664,115.7715311362056,125.53134044710664,-98.18685382787535,,,,,,,True,,,False,True,1.0,False,69.63212118020397,158.58168481409794,49.1059082537905,190.95405427233877,0.00625,0.01865,0.04105,0.00055,0.04295,0.95705,80.68050498071648,146.59266191814262,,,False,
Tommy DeVito,QB,NE,27.0,11.0,Active,3.0,11292,,,a1ae8db0-eb91-11ed-a4cb-cd397e2b413c,00-0038476,257.0,0.0,32.0,0.0,8.0,0.0,0.0,0.0,0.0,,,,,,,,,,0.4866666666666666,,,,169.9,169.9,,,,10.6,12.542,-3.418942129934006,9.123057870065994,9.123057870065994,-319.37074444483045,,,,,,,True,,,False,False,1.0,False,3.4686116365081565,13.287420792770911,2.2416761253096724,18.31873842698264,0.0,0.0,0.01405,0.0,0.0,1.0,4.119529911695081,12.856591632734116,,,False,
Devin Neal,RB,NO,22.0,8.0,Active,1.0,12476,,,4ef874c1-50c3-4120-9199-0d5a4ae7c6dd,00-0040202,,,,,,,,,,0.0,0.0,206.0,2.0,57.0,17.0,104.0,0.0,19.0,,,0.4,0.0336283185840707,170.0,170.0,254.0,12.0,3 out of 5 stars,19.2,19.200000000000003,7.312549759160258,26.51254975916026,26.51254975916026,-185.56464087143888,9.0,6.666666666666667,5.269013190342192,0.0,0.4444444444444444,0.7903519785513288,False,,,False,True,0.8813393457645218,False,13.584916202175526,37.77447028136048,8.703845688833313,46.402361667416855,0.0,0.0,5e-05,0.0,0.0,1.0,17.33933714353484,34.0507406867716,6.1433333333333335,0.5233333333333334,False,Sustainable
Will Howard,QB,PIT,24.0,9.0,Active,1.0,12511,,,b8a1b579-3a7e-4858-960b-fbfaca8de613,00-0040203,,,,,,,,,,,,,,,,,,,,,,,169.9,169.9,460.0,15.0,2 out of 5 stars,6.7,7.927999999999999,-0.5143282195660815,7.413671780433917,7.413671780433917,-321.08013053446257,,,,,,,True,,,False,False,1.0,True,2.816893020421161,10.775283606902304,1.8242014685181371,14.587498208063414,0.0,0.0,0.00745,0.0,0.0,1.0,3.3229486404460262,10.327630521558882,,,False,
Shane Buechele,QB,BUF,28.0,7.0,Active,5.0,8002,,,d7c63db7-dfe8-4cd6-a684-90342d12fa26,00-0036679,,,,,,,,,,88.0,0.0,4.0,0.0,1.0,0.0,0.0,0.0,0.0,,,0.45,,170.0,170.0,,,,12.0,14.0,-3.4208082653177256,10.579191734682274,10.579191734682274,-317.9146105802142,,,,,,,True,,,True,False,1.0,True,4.028997531353808,15.33659767462846,2.6103261849234727,21.107281728153392,0.0,0.0,0.02325,0.0,0.0,1.0,4.783694613208644,14.822035039318656,,,False,
David Bell,WR,,24.0,,Active,3.0,8118,,,169faab3-b52b-40ab-93ea-a08139f3fadb,00-0037257,0.0,0.0,0.0,0.0,0.0,3.0,27.0,0.0,3.0,,,,,,,,,,0.13,0.0047318611987381,,,170.0,170.0,,,,,,,,,,,,,,,,True,,,False,False,1.0,False,,,,,,,,,,,,,,,True,
Tyler Goodson,RB,ATL,25.0,11.0,Active,4.0,8207,,,3fec8370-ca72-11ec-a83a-8732d3d5a7e3,00-0037120,0.0,0.0,153.0,1.0,32.0,11.0,61.0,1.0,15.0,0.0,0.0,24.0,0.0,9.0,2.0,8.0,0.0,3.0,0.12625,0.0304878048780487,0.05,0.0056603773584905,170.0,170.0,473.0,15.0,2 out of 5 stars,,,,,,,24.0,2.066666666666667,3.6126187859714216,0.0,0.8333333333333334,1.7480413480506878,False,,0.7189579831932773,True,False,1.949280396418052,True,,,,,,,,,,,,,3.38375,-0.28374999999999995,True,Sustainable
Bhayshul Tuten,RB,JAX,23.0,7.0,Active,1.0,12490,,,26d4b13e-a555-4519-9356-cd16c65384e7,00-0040719,,,,,,,,,,0.0,0.0,307.0,5.0,83.0,10.0,79.0,2.0,14.0,,,0.2113333333333333,0.0255941499085923,76.2,76.2,74.0,7.0,4 out of 5 stars,208.4,208.00999999999996,57.276899586924,239.45455426153987,265.28689958692394,27.37736363094072,15.0,6.04,4.726339568237317,0.0,0.5333333333333333,0.7825065510326684,False,,0.830070588235294,False,True,0.8725907323059802,False,147.3912605366389,328.4907394104141,93.77815581861284,385.4489157573191,0.2039,0.29635,0.2475,0.0276,0.6352,0.3648,179.02904096987947,292.31034410001763,5.2725,0.5837500000000002,False,Sustainable
Chris Boswell,K,PIT,35.0,9.0,Active,12.0,1945,17372.0,28188.0,441eb531-1ec8-4f65-9174-78bc6adada63,00-0031136,0.0,0.0,0.0,0.0,0.0,0.0,0.0,0.0,0.0,0.0,0.0,0.0,0.0,0.0,0.0,0.0,0.0,0.0,,,,,162.1,162.1,253.0,12.0,4 out of 5 stars,118.2,29.5,106.37955448157923,135.87955448157925,135.87955448157925,-13.679935610989247,34.0,10.558823529411764,6.5235757831282575,0.2647058823529412,0.1764705882352941,0.6178316897670216,False,,0.9728571428571428,False,True,1.0842292223019403,True,93.26143996332932,176.8894695589874,75.08829070543958,207.8524514054064,0.3446,0.42245,0.23295,0.07205,0.3446,0.6554,95.04092967272244,171.25176515681943,,,False,
Nick Nash,WR,WAS,25.0,7.0,Active,1.0,12478,,,e3e4c450-2466-11f0-aa27-6de335b6b2a0,00-0040551,,,,,,,,,,,,,,,,,,,,,,,170.0,170.0,,,,,,,,,,,,,,,,True,,,False,False,1.0,False,,,,,,,,,,,,,,,True,
Jaydon Blue,RB,DAL,22.0,14.0,Active,1.0,12457,,,f5e6eb8e-2c76-4bf9-b47f-57c62659341d,00-0040586,,,,,,,,,,0.0,0.0,129.0,1.0,38.0,1.0,5.0,0.0,1.0,,,0.256,0.0016474464579901,169.9,169.9,271.0,12.0,4 out of 5 stars,35.3,35.32,9.667320847284564,44.987320847284565,44.987320847284565,-167.08986978331458,,,,,,,True,,,False,True,1.0,False,16.014552266158162,66.14422690003332,9.847238631703483,92.85861517775604,0.00105,0.0041,0.01435,0.00015,0.01035,0.98965,19.82733673407284,63.35474505775495,,,False,
Cody White,WR,SEA,27.0,11.0,Active,6.0,7039,4241983.0,32948.0,d25a19a7-7de6-4476-b42a-833c8c3cb208,00-0035891,0.0,0.0,0.0,0.0,0.0,2.0,44.0,0.0,3.0,0.0,0.0,0.0,0.0,0.0,3.0,90.0,1.0,4.0,,0.0052724077328646,,0.0087912087912087,170.0,170.0,,,,,,,,,,10.0,2.44,4.264113819619109,0.0,0.8,1.747587630991438,False,,,False,True,1.8927971197031368,False,,,,,,,,,,,,,,,False,
Allen Robinson,WR,,31.0,,Active,11.0,1992,16799.0,27589.0,0fd32417-8410-4a8f-8919-386c433bca43,00-0031428,0.0,0.0,0.0,0.0,0.0,3.0,30.0,0.0,7.0,,,,,,,,,,0.12,0.0134099616858237,,,170.0,170.0,,,,,,,,,,,,,,,,True,,0.7165490196078431,False,False,1.0,False,,,,,,,,,,,,,,,False,
Derek Carr,QB,,34.0,,Active,11.0,2028,16757.0,27564.0,9f026fc0-4449-4dc5-a226-2e2830619381,00-0031280,2145.0,15.0,71.0,1.0,17.0,0.0,0.0,0.0,0.0,,,,,,,,,,0.944,,,,170.0,170.0,,,,,,,,,,10.0,17.89,6.760376386628846,0.2,0.2,0.3778857678383927,False,,0.8280392156862745,False,False,0.6120663196530156,False,,,,,,,,,,,,,14.790000000000001,0.29999999999999893,True,Sustainable
Mario Williams,WR,LAR,23.0,11.0,Active,1.0,13001,,,394f23d0-254e-11f0-85e6-ad6d4b9a9b15,00-0040603,,,,,,,,,,,,,,,,,,,,,,,,,,,,,,,,,,,,,,,,True,,,False,False,1.0,False,,,,,,,,,,,,,,,False,
Raheem Mostert,RB,,33.0,,Active,11.0,2749,2576414.0,28654.0,b040e601-ec40-4757-bf3d-71bf64ef99cf,00-0031687,0.0,0.0,278.0,2.0,85.0,19.0,161.0,0.0,23.0,0.0,0.0,104.0,0.0,22.0,12.0,70.0,0.0,12.0,0.3138461538461538,0.0404929577464788,0.1999999999999999,0.0242914979757085,170.0,170.0,409.0,15.0,2 out of 5 stars,,,,,,,25.0,4.172,4.03944303091404,0.0,0.8,0.9682269968633844,False,,0.6629915966386554,True,False,1.0796917969779,False,,,,,,,,,,,,,4.79625,-0.6170833333333325,True,Sustainable
Drake London,WR,ATL,25.0,11.0,Active,4.0,8112,,,5053f9ae-15d9-4730-833d-484886b6f890,00-0037238,0.0,0.0,-3.0,0.0,1.0,100.0,1271.0,9.0,158.0,0.0,0.0,0.0,0.0,0.0,68.0,919.0,7.0,112.0,0.8970588235294118,0.2931354359925788,0.9066666666666666,0.2157996146435452,19.6,19.6,11.0,2.0,3 out of 5 stars,289.4,289.09000000000003,31.97446784411914,298.3581720709239,321.0644678441192,84.39978710684295,29.0,16.644827586206898,9.78900936936407,0.2068965517241379,0.1034482758620689,0.5881111906185167,False,,0.8587226890756303,False,True,0.636978168034061,True,228.30248489184385,389.99239051237146,170.43197726994185,434.26867498333047,0.48355,0.24805,0.11335,0.1317,0.8003,0.1997,256.9568707863936,348.6763308429111,16.832758620689653,-0.18793103448275517,False,Sustainable
Malik Nabers,WR,NYG,22.0,8.0,Active,2.0,11632,,,55ef2022-50c2-465b-839e-c0f4c9e7c55c,00-0039337,0.0,0.0,2.0,0.0,5.0,109.0,1204.0,7.0,170.0,0.0,0.0,0.0,0.0,0.0,18.0,271.0,2.0,35.0,0.906,0.3068592057761732,0.795,0.0695825049701789,41.8,41.8,29.0,4.0,4 out of 5 stars,224.3,224.37000000000003,26.58030314045877,247.38798769943568,250.9503031404588,33.429602735354734,19.0,17.3,9.81653933137562,0.3157894736842105,0.1052631578947368,0.5674300191546601,False,,0.7469411764705883,False,True,0.6145785692473228,True,127.84102404496431,368.8816631324201,77.94311657022169,425.5823727560531,0.33355,0.1635,0.11035,0.1085,0.55665,0.44335,212.37196016880344,290.1803474165003,17.627894736842105,-0.22263157894736807,False,Sustainable
Mack Hollins,WR,NE,32.0,11.0,Active,9.0,4177,2991662.0,30231.0,93cb5790-1012-4c42-bccb-5748c27ba7d6,00-0033555,0.0,0.0,0.0,0.0,0.0,31.0,378.0,5.0,50.0,0.0,0.0,4.0,0.0,1.0,46.0,550.0,2.0,65.0,0.6664705882352941,0.101010101010101,0.6773333333333333,0.1348547717842323,169.9,169.9,269.0,12.0,2 out of 5 stars,28.0,28.070000000000004,4.115564015146202,32.185564015146205,32.185564015146205,-181.7728209489347,31.0,6.845161290322581,4.861813016401558,0.0,0.5161290322580645,0.7102554359493322,False,,0.7669159663865546,False,True,0.7692715487209684,False,16.929115035492856,44.86966707617628,10.664536046283269,52.75515319906394,0.0,0.0,0.0,0.0,0.0,1.0,25.411365327424544,37.14982391873383,6.998571428571428,0.3871428571428579,False,Sustainable
Marquise Brown,WR,PHI,29.0,10.0,Active,7.0,5848,4241372.0,31857.0,feeee40a-dd63-41a7-89cd-6c95b5456833,00-0035662,0.0,0.0,0.0,0.0,0.0,9.0,91.0,0.0,15.0,0.0,0.0,0.0,0.0,0.0,49.0,587.0,5.0,74.0,0.335,0.0262237762237762,0.535,0.1347905282331511,170.0,170.0,300.0,12.0,4 out of 5 stars,89.6,89.83,10.018462474717063,99.84846247471708,99.84846247471708,-114.10992248936388,18.0,8.655555555555557,5.345940980530953,0.0555555555555555,0.2777777777777778,0.6176311787519714,False,,0.7410756302521008,True,False,0.6689510130701493,False,46.06221457157248,146.43871143388566,28.22911258655246,180.6639347978196,0.0031,0.0145,0.03655,0.0003,0.03225,0.96775,72.61953936480514,124.53112259731569,8.114285714285714,-0.21904761904761827,True,Sustainable
Julian Hill,TE,NE,26.0,11.0,Inactive,3.0,11371,,,516da3c0-f016-11ed-a518-572ef5cb73b6,00-0038720,0.0,0.0,0.0,0.0,0.0,12.0,100.0,0.0,19.0,0.0,0.0,0.0,0.0,0.0,15.0,140.0,0.0,20.0,0.47875,0.0334507042253521,0.55,0.0432900432900432,170.0,170.0,,,,0.0,0.0,0.0,0.0,0.0,-177.2929766562525,25.0,2.04,1.9809509500910585,0.0,0.76,0.9710543872995384,False,,0.7672605042016806,True,False,1.099697515296682,False,0.0,0.0,0.0,0.0,0.0,0.0,0.0,0.0,0.0,1.0,0.0,0.0,2.925652173913044,-0.6213043478260873,True,Sustainable
Tay Martin,WR,DET,28.0,6.0,Active,4.0,8250,,,8d74f600-ca80-11ec-97ae-e1573849d1a6,00-0037524,0.0,0.0,0.0,0.0,0.0,1.0,49.0,1.0,2.0,0.0,0.0,0.0,0.0,0.0,2.0,23.0,0.0,2.0,0.06,0.0039447731755424,0.17,0.0046296296296296,170.0,170.0,,,,,,,,,,,,,,,,True,,,True,False,1.0,False,,,,,,,,,,,,,,,True,
Trenton Irwin,WR,,30.0,,Active,7.0,6598,3931391.0,32438.0,ee79ad2e-353a-40cd-9344-c9d84f7e4b63,00-0035341,0.0,0.0,0.0,0.0,0.0,3.0,15.0,0.0,10.0,,,,,,,,,,0.2914285714285714,0.0159235668789808,,,170.0,170.0,,,,,,,,,,,,,,,,True,,,False,False,1.0,False,,,,,,,,,,,,,,,True,
Thomas Fidone,TE,NYG,23.0,8.0,Active,1.0,12715,,,0e21445d-6318-43ce-ba78-310ee648b602,00-0040225,,,,,,,,,,0.0,0.0,0.0,0.0,0.0,0.0,0.0,0.0,0.0,,,0.0328571428571428,0.0,170.0,170.0,487.0,16.0,3 out of 5 stars,,,,,,,,,,,,,True,,,False,True,1.0,True,,,,,,,,,,,,,,,False,
Anthony Richardson,QB,IND,24.0,13.0,Active,3.0,9229,,,5fc5b4a6-a583-4345-a810-4f982204ea5e,00-0039164,1814.0,8.0,499.0,6.0,86.0,1.0,-1.0,0.0,1.0,9.0,0.0,-1.0,0.0,4.0,1.0,9.0,0.0,1.0,0.9254545454545454,,0.1149999999999999,,170.0,170.0,354.0,14.0,4 out of 5 stars,21.0,23.96,0.4222147104412905,24.382214710441293,24.382214710441293,-304.11158760445517,13.0,14.27076923076923,10.197044066410015,0.1538461538461538,0.4615384615384615,0.714540604049861,False,,,False,True,1.1573503820087696,False,14.40926239409415,33.534017179927396,9.736410535430831,40.67016209150256,0.0,0.0,0.1695,0.0,0.0,1.0,16.745489500866842,31.125568630742382,14.963846153846154,-1.9238461538461546,False,Buy-low
Joe Burrow,QB,CIN,29.0,6.0,Active,6.0,6770,3915511.0,32671.0,3023ac10-4e7f-425f-9fc5-2b8e6332c92e,00-0036442,4918.0,43.0,201.0,2.0,42.0,0.0,0.0,0.0,0.0,1809.0,17.0,41.0,0.0,14.0,0.0,0.0,0.0,0.0,0.9952941176470588,,0.8775,,58.6,58.6,44.0,5.0,3 out of 5 stars,310.6,365.85,-17.298350256414437,349.9759622114458,348.5516497435856,21.48215989654932,25.0,25.4912,11.126792110337403,0.48,0.16,0.4364954223550638,False,,0.7769747899159664,False,True,0.7069971124726466,False,193.54871234244868,499.10719636194,118.1257203600127,578.1478770132826,0.51695,0.2722,0.1955,0.22595,0.51695,0.48305,285.6899469715499,408.8612971858248,20.3976,0.2839999999999989,False,Sustainable
Xavier Worthy,WR,KC,23.0,5.0,Active,2.0,11624,,,52e049b1-0a7a-4e7f-9866-d2848e9cc478,00-0039894,0.0,0.0,104.0,3.0,20.0,59.0,638.0,6.0,98.0,0.0,0.0,87.0,0.0,11.0,42.0,532.0,1.0,73.0,0.6411764705882353,0.1713286713286713,0.7057142857142857,0.1329690346083788,137.1,137.1,123.0,8.0,2 out of 5 stars,167.2,167.41,21.163556760598016,174.31874306484883,188.573556760598,-39.63964189923212,30.0,9.903333333333334,6.387567846098055,0.1,0.3333333333333333,0.644991704419191,False,,0.8547843137254901,False,True,0.6985849628979451,False,110.90650732992916,233.88768706150225,80.3059804000018,278.0955941843677,0.0548,0.1021,0.1359,0.0073,0.22055,0.77945,126.3940250666696,216.4973055296984,10.961212121212123,0.05696969696969667,False,Sustainable
Kameron Johnson,WR,TB,24.0,10.0,Active,2.0,11994,,,94c41960-0712-11ef-b01e-875e1e5d6ffb,00-0039589,0.0,0.0,11.0,0.0,2.0,0.0,0.0,0.0,1.0,0.0,0.0,13.0,0.0,2.0,4.0,64.0,1.0,7.0,0.132,0.0017761989342806,0.0970588235294117,0.0129390018484288,170.0,170.0,,,,1.8,1.81,29.170331802980993,30.98033180298099,30.98033180298099,-182.97805316109995,21.0,0.8952380952380953,3.567839148627105,0.0,0.9523809523809524,3.985352240487724,False,,0.7665490196078432,False,True,4.3165007053283295,False,13.553170881030727,45.334034112524584,8.42211253826108,58.58412016740914,0.0,0.0,0.00015,0.0,0.0001,0.9999,19.118624538441217,41.16196675786354,2.435,-0.08499999999999996,False,Sustainable
Payne Durham,TE,TB,26.0,10.0,Active,3.0,10227,,,c4a8b4c9-5db8-4187-852b-9557bef8724e,00-0039050,0.0,0.0,0.0,0.0,0.0,11.0,115.0,2.0,14.0,0.0,0.0,0.0,0.0,0.0,1.0,11.0,0.0,4.0,0.396875,0.0248667850799289,0.3176470588235294,0.0073937153419593,170.0,170.0,,,,18.0,17.680000000000003,2.260462176561134,19.940462176561137,19.940462176561137,-157.35251447969137,16.0,2.2875,3.881730713655101,0.0,0.8125,1.6969314595213554,False,,,False,True,1.921737169484383,False,9.311707779808446,28.541040939565967,6.3938177853077445,37.41627915017588,0.0,0.00035,0.0037,0.0,0.0,1.0,10.88049601082575,27.238136281789963,3.908888888888889,0.15777777777777757,False,Sustainable
Davis Allen,TE,LAR,25.0,11.0,Active,3.0,10214,,,02a77d8c-3b89-4a61-86a2-0c005c1e589a,00-0039074,0.0,0.0,0.0,0.0,0.0,6.0,39.0,0.0,13.0,0.0,0.0,0.0,0.0,0.0,24.0,208.0,3.0,33.0,0.3173333333333333,0.0240295748613678,0.5029411764705882,0.0567986230636833,170.0,170.0,,,,43.8,44.03,5.363199542467954,49.393199542467954,49.393199542467954,-127.89977711378457,22.0,3.3045454545454547,3.2028970922509803,0.0,0.5454545454545454,0.9692398353441756,False,,0.7168403361344537,False,True,1.0976425755293653,False,19.476747900283577,74.32297997658283,11.53616083315468,96.51666549581702,0.0051,0.0303,0.1126,0.0004,0.0051,0.9949,30.91792977180336,65.1435704362848,4.136818181818182,-0.45500000000000007,False,Sustainable
Joshua Dobbs,QB,,31.0,,Active,9.0,4179,3044720.0,30248.0,15bedebc-839e-450a-86f6-1f5ad1f4f820,00-0033949,361.0,2.0,24.0,2.0,9.0,0.0,0.0,0.0,0.0,65.0,0.0,-5.0,0.0,10.0,0.0,0.0,0.0,0.0,0.54,,0.18,,170.0,170.0,,,,,,,,,,,,,,,,True,,,True,False,1.0,False,,,,,,,,,,,,,,,True,
Aidan O'Connell,QB,LV,27.0,13.0,Active,3.0,10866,,,5891a917-9071-4bc2-a652-7f702c44cbd2,00-0038579,1612.0,8.0,30.0,1.0,21.0,0.0,0.0,0.0,0.0,102.0,0.0,7.0,0.0,1.0,0.0,0.0,0.0,0.0,0.7055555555555555,,0.82,,170.0,170.0,,,,0.0,0.0,0.0,0.0,0.0,-328.49380231489647,10.0,11.826,8.252531194191944,0.1,0.6,0.697829460019613,False,,,False,True,1.1302831323415117,True,0.0,0.0,0.0,0.0,0.0,0.0,0.0,0.0,0.0,1.0,0.0,0.0,10.597,-0.770999999999999,False,Sustainable
Brett Rypien,QB,,29.0,,Active,7.0,6037,3722362.0,32221.0,9ab44516-2a26-4049-b630-66539c7a5dfd,00-0034955,,,,,,,,,,0.0,0.0,0.0,0.0,0.0,0.0,0.0,0.0,0.0,,,0.05,,170.0,170.0,,,,,,,,,,,,,,,,True,,,True,False,1.0,False,,,,,,,,,,,,,,,True,
Elic Ayomanor,WR,TEN,23.0,9.0,Active,1.0,12499,,,6c773a16-1a93-4845-a519-d56c85e0090f,00-0040170,,,,,,,,,,0.0,0.0,0.0,0.0,0.0,41.0,515.0,4.0,89.0,,,0.805625,0.1679245283018867,170.0,170.0,220.0,11.0,3 out of 5 stars,75.4,75.4,8.025287924369524,83.42528792436953,83.42528792436953,-130.53309703971144,16.0,7.28125,4.239216712239814,0.0,0.4375,0.5822100205651246,False,,0.8610352941176471,False,True,0.6305866615471433,True,58.415697605822935,112.1670262912954,43.51498872041775,128.3860504245589,0.0,0.00025,0.002,0.0,0.00085,0.99915,65.58360466185214,102.50703052892923,8.675625,-1.3943750000000001,False,Buy-low
Blake Whiteheart,TE,CLE,26.0,11.0,Active,3.0,11201,,,9a8395a0-e900-11ed-9cad-a989770811a8,00-0038710,0.0,0.0,0.0,0.0,0.0,6.0,51.0,1.0,9.0,0.0,0.0,0.0,0.0,0.0,2.0,4.0,0.0,6.0,0.28,0.0141955835962145,0.2370588235294117,0.0114942528735632,170.0,170.0,,,,15.3,14.990000000000002,2.1248415155188245,17.114841515518826,17.114841515518826,-160.17813514073367,16.0,1.21875,2.645050409097465,0.0,0.9375,2.1702977715671508,False,,,False,True,2.4578139989496925,True,7.829409773069665,24.394588637553777,5.410166166048771,32.038322429466106,0.0,0.00015,0.00145,0.0,0.0,1.0,9.16780253258578,23.4493916118239,1.933076923076923,-0.4330769230769229,False,Sustainable
Zavier Scott,RB,MIN,27.0,6.0,Active,3.0,11299,,,3b133980-eb9a-11ed-8b52-a11a185238e2,00-0038440,,,,,,,,,,0.0,0.0,114.0,0.0,32.0,14.0,98.0,1.0,16.0,,,0.101875,0.0341880341880341,170.0,170.0,457.0,15.0,4 out of 5 stars,0.0,0.0,0.0,0.0,0.0,-212.07719063059915,11.0,3.7454545454545456,4.54474721769289,0.0,0.9090909090909092,1.2134033833646063,False,,,False,True,1.353093524233604,False,0.0,0.0,0.0,0.0,0.0,0.0,0.0,0.0,0.0,1.0,0.0,0.0,4.586666666666667,-0.23111111111111082,False,Sustainable
Jahmyr Gibbs,RB,DET,24.0,6.0,Active,3.0,9221,,,fef9457e-6497-47de-9bf2-cc3b95929375,00-0039139,0.0,0.0,1412.0,16.0,250.0,52.0,517.0,4.0,63.0,0.0,0.0,1223.0,13.0,243.0,77.0,616.0,5.0,94.0,0.5529411764705883,0.1206896551724138,0.67,0.1709090909090909,1.7,1.7,4.0,1.0,5 out of 5 stars,372.5,372.2100000000001,69.48944931616225,413.628197943083,441.6994493161624,201.55100731248388,34.0,21.58235294117647,11.073732791261664,0.4117647058823529,0.0294117647058823,0.5130920072266237,False,,0.8786218487394957,False,True,0.572160488286485,False,299.0416702786548,535.4593788714942,213.9313482397505,611.3952947907252,0.7382,0.14705,0.0389,0.32265,0.90945,0.09055,326.30124209329415,492.03642342151824,18.081714285714288,3.48685714285714,False,Sustainable
Jared Goff,QB,DET,31.0,6.0,Active,10.0,3163,3046779.0,29235.0,aba8f925-ffbf-4654-bfa7-a25d3d237494,00-0033106,4629.0,37.0,56.0,0.0,35.0,1.0,7.0,1.0,1.0,4564.0,34.0,45.0,0.0,19.0,0.0,0.0,0.0,0.0,0.9711764705882354,,0.9852941176470588,,143.5,143.5,110.0,8.0,5 out of 5 stars,287.3,340.168,-12.901894998470146,327.26610500152987,327.26610500152987,-1.2276973133666047,34.0,22.691764705882353,10.435424653579496,0.3529411764705882,0.1764705882352941,0.4598771752147746,False,,0.9114285714285714,False,True,0.7448688309598056,False,255.06505043778375,407.68209691178834,212.1225101745488,457.85430125156773,0.4606,0.4436,0.08265,0.07175,0.4606,0.5394,265.7872298115511,386.4000378633272,17.24142857142857,0.8917142857142863,False,Sustainable
Cooper Kupp,WR,SEA,33.0,11.0,Active,9.0,4039,2977187.0,30182.0,2806e915-c46f-492f-8a29-71d3a85e5620,00-0033908,0.0,0.0,10.0,0.0,2.0,67.0,710.0,6.0,100.0,0.0,0.0,0.0,0.0,0.0,47.0,593.0,2.0,70.0,0.815,0.1848428835489833,0.755625,0.1538461538461538,168.9,168.9,226.0,11.0,3 out of 5 stars,125.1,124.92999999999998,15.533814286760323,118.80340139766692,140.4638142867603,-95.15498356641405,28.0,10.403571428571428,8.11762974632452,0.1785714285714285,0.4285714285714285,0.7802733707418007,False,,0.7167058823529411,False,True,0.8451073711727215,False,50.97247520357103,177.8397930092809,29.77205804962919,211.1060457184932,0.0062,0.03075,0.0714,0.0003,0.0683,0.9317,92.79268293814738,138.25011438874338,10.313030303030303,0.08090909090909193,False,Sustainable
Trey Lance,QB,LAC,26.0,7.0,Active,5.0,7610,,,676a508c-c65f-404a-a2b0-f861a4bfd072,00-0037012,266.0,0.0,41.0,0.0,11.0,0.0,0.0,0.0,0.0,226.0,0.0,85.0,0.0,17.0,0.0,0.0,0.0,0.0,0.3325,,0.3775,,170.0,170.0,,,,10.4,11.468000000000002,-1.2232465103358607,10.24475348966414,10.24475348966414,-318.2490488252323,8.0,3.535,4.947874002322325,0.0,0.875,1.3996814716611952,False,,,False,True,2.2670816420177045,False,4.412511052662247,14.831886666141989,2.880898973745152,19.42431860064183,0.0,0.0,0.01445,0.0,0.0,1.0,5.262546121441266,14.17414596183574,6.7562500000000005,-3.2212500000000004,False,Buy-low
Jack Bech,WR,LV,23.0,13.0,Active,1.0,12483,,,01079767-a3a3-437d-b935-ea0ecb1fe68b,00-0040729,,,,,,,,,,0.0,0.0,0.0,0.0,0.0,20.0,224.0,0.0,29.0,,,0.3975,0.0587044534412955,171.0,171.0,246.0,11.0,2 out of 5 stars,99.5,99.7,12.747302952643151,112.44730295264316,112.44730295264316,-101.5110820114378,14.0,3.0285714285714285,3.1657854952914612,0.0,0.8571428571428571,1.045306531464162,False,,0.8375058823529411,False,True,1.1321625061169454,True,71.43521749967012,155.7108134764182,49.528751038446025,184.2797211830185,0.00315,0.01375,0.03705,0.00025,0.0313,0.9687,84.2557772575066,142.50630002776845,3.405,0.1283333333333334,False,Sustainable
,DEF,NO,,8.0,,,NO,,,,,,,,,,,,,,,,,,,,,,,,,,,,,,,,,,,,,,,,,,,,True,,,False,False,1.0,False,,,,,,,,,,,,,,,False,
Emmanuel Henderson,WR,SEA,23.0,11.0,Active,0.0,13313,,,6be3c204-6a34-4395-82e1-5c7ed857abe0,HEN199637,,,,,,,,,,,,,,,,,,,,,,,170.0,170.0,,,,,,,,,,,,,,,,True,199.0,,False,False,1.0,False,,,,,,,,,,,,,,,False,
Brevin Jordan,TE,HOU,26.0,8.0,Active,5.0,7568,,,8ffb5c07-4aa1-4796-b1ab-30c1ab0ccc4c,00-0036556,0.0,0.0,0.0,0.0,0.0,2.0,7.0,0.0,3.0,,,,,,,,,,0.475,0.0054844606946983,,,170.0,170.0,,,,,,,,,,,,,,,,True,,,False,False,1.0,False,,,,,,,,,,,,,,,False,
Foster Moreau,TE,HOU,29.0,8.0,Active,7.0,5985,3843945.0,31969.0,9c3a67fd-5c6e-4689-9e08-9ff6d4db6c9a,00-0034981,0.0,0.0,0.0,0.0,0.0,32.0,413.0,5.0,43.0,0.0,0.0,0.0,0.0,0.0,7.0,59.0,0.0,10.0,0.6911764705882353,0.0831721470019342,0.3572727272727273,0.0176991150442477,170.0,170.0,,,,27.6,27.67,3.0584629246388544,30.728462924638855,30.728462924638855,-146.56451373161366,23.0,5.052173913043478,4.632284883414093,0.0,0.5217391304347826,0.9168894347549412,False,,0.7756638655462185,True,False,1.0383569101683696,False,11.38379706026468,42.851953386665016,7.262433552439941,57.84199744287587,0.0007,0.00605,0.02605,0.0001,0.0007,0.9993,14.84564069224041,40.31058522071239,4.615,0.666818181818182,True,Sustainable
,DEF,GB,,11.0,,,GB,,,,,,,,,,,,,,,,,,,,,,,,,,,,,,,,,,,,,,,,,,,,True,,,False,False,1.0,False,,,,,,,,,,,,,,,False,
Seydou Traore,TE,MIA,23.0,6.0,Active,0.0,13429,,,a2c31add-0862-4636-b6fc-84e796772db8,TRA291459,,,,,,,,,,,,,,,,,,,,,,,170.0,170.0,,,,23.8,23.8,2.9384398153390445,26.73843981533905,26.73843981533905,-150.55453684091344,,,,,,,True,180.0,,False,False,1.0,True,11.67398121762964,36.30029892076882,7.878440633301246,47.473643878387485,0.0002,0.0017,0.01085,5e-05,0.0002,0.9998,13.633036226593532,34.60529817044957,,,False,
DJ Turner,WR,,28.0,,Active,5.0,7989,,,1624b5cf-0032-4093-af56-e4dea4f64149,00-0036527,0.0,0.0,33.0,1.0,5.0,16.0,158.0,1.0,29.0,0.0,0.0,0.0,0.0,0.0,0.0,0.0,0.0,0.0,0.4383333333333333,0.0489864864864864,0.0,0.0,170.0,170.0,,,,,,,,,,13.0,3.623076923076923,3.817318833543129,0.0,0.8461538461538461,1.0536124169015006,False,,,True,False,1.1411585391361652,False,,,,,,,,,,,,,4.503,0.20699999999999985,True,Sustainable
Derius Davis,WR,LAC,25.0,7.0,Active,3.0,10234,,,21bf2521-3382-4e62-8249-a083435595b3,00-0038573,0.0,0.0,39.0,0.0,12.0,13.0,112.0,2.0,17.0,0.0,0.0,5.0,0.0,2.0,2.0,10.0,0.0,3.0,0.154,0.0346232179226069,0.1109090909090909,0.0055147058823529,170.0,170.0,,,,10.2,10.580000000000002,36.82259605085971,47.402596050859714,47.402596050859714,-166.55578891322125,26.0,1.676923076923077,2.876568468478746,0.0,0.9230769230769232,1.7153848665240228,False,,0.8419159663865546,False,True,1.8579185827133653,False,25.49727048197732,66.49867142449051,17.64464939376395,82.99359747967789,0.0,0.0002,0.00035,0.0,0.0003,0.9997,29.52340646904846,62.22946878794407,2.4529411764705884,0.1764705882352935,False,Sustainable
Feleipe Franks,TE,CAR,28.0,5.0,Active,5.0,7531,,,79a849be-0552-4da9-89ff-11d20a7a764a,00-0036825,0.0,0.0,0.0,0.0,0.0,1.0,12.0,0.0,3.0,0.0,0.0,4.0,0.0,2.0,0.0,0.0,0.0,0.0,0.044375,0.0057915057915057,0.0129411764705882,0.0,170.0,170.0,,,,,,,,,,19.0,0.1368421052631579,0.5035546161659014,0.0,1.0,3.6798221950585095,False,,,True,False,4.167316864602306,False,,,,,,,,,,,,,,,True,
Cam Little,K,JAX,22.0,7.0,Active,2.0,11786,,,42d90cdf-5494-4576-bc1e-4b5d3de99f5f,00-0039409,0.0,0.0,0.0,0.0,0.0,0.0,0.0,0.0,0.0,0.0,0.0,0.0,0.0,0.0,0.0,0.0,0.0,0.0,,,,,136.9,136.9,206.0,11.0,4 out of 5 stars,129.9,39.900000000000006,108.63252135767128,148.53252135767127,148.53252135767127,-1.026968734897224,34.0,8.794117647058824,5.341543368867965,0.2647058823529412,0.2352941176470588,0.6073995804063906,False,,0.98,False,True,1.0659219745411288,False,102.05816449881362,193.03412076357776,82.40412044918942,225.5866947879379,0.4395,0.38505,0.17545,0.1081,0.4395,0.5605,103.93969432290484,187.38995912137133,,,False,
Jameson Williams,WR,DET,25.0,6.0,Active,4.0,8148,,,590adb00-5598-47ad-b6d4-16a6c5519847,00-0037240,0.0,0.0,61.0,1.0,11.0,58.0,1001.0,7.0,91.0,0.0,0.0,12.0,0.0,6.0,65.0,1117.0,7.0,102.0,0.7953333333333333,0.1743295019157088,0.9017647058823528,0.1854545454545454,66.8,66.8,51.0,5.0,4 out of 5 stars,217.2,217.26,26.03941589197956,224.78823415261465,243.29941589197955,10.8298491885337,32.0,13.503125,8.37617529066817,0.21875,0.21875,0.6203138377722319,False,,0.8503193277310925,False,True,0.671856577962374,False,157.2374564971359,294.6746400694242,113.30783633042884,337.00992378621413,0.15165,0.21975,0.2068,0.0215,0.4806,0.5194,178.92461408806892,265.84445402514405,11.794848484848485,1.335454545454546,False,TD-lucky
Cedric Tillman,WR,CLE,26.0,11.0,Active,3.0,10444,,,148330d9-5182-4b58-b695-8067aaba4731,00-0038979,0.0,0.0,-5.0,0.0,1.0,29.0,339.0,3.0,49.0,0.0,0.0,0.0,0.0,0.0,21.0,270.0,2.0,39.0,0.5490909090909091,0.0772870662460567,0.6184615384615384,0.0747126436781609,170.0,170.0,326.0,13.0,3 out of 5 stars,61.9,62.15,6.969568547886067,69.11956854788606,69.11956854788606,-144.8388164161949,21.0,6.685714285714286,7.600084585995456,0.0476190476190476,0.6666666666666666,1.136764788503594,False,,,False,True,1.2312201570337675,True,44.08757378265337,95.37537940930788,30.791454407460595,113.62911325212636,5e-05,0.00015,0.0012,0.0,0.00055,0.99945,51.43715359488746,87.95665358325635,6.941428571428572,-0.2557142857142862,False,Sustainable
Darnell Mooney,WR,NYG,28.0,8.0,Active,6.0,7090,4040655.0,32843.0,bafe8df1-66b5-4200-8fb3-ff188c25a4e2,00-0036309,0.0,0.0,0.0,0.0,0.0,64.0,992.0,5.0,106.0,0.0,0.0,0.0,0.0,0.0,32.0,443.0,1.0,72.0,0.9275,0.196660482374768,0.8193333333333332,0.1387283236994219,170.2,170.2,192.0,10.0,4 out of 5 stars,107.1,107.18,12.149491146394324,119.32949114639432,119.32949114639432,-94.62889381768665,31.0,8.887096774193548,7.2154344722723325,0.064516129032258,0.4838709677419355,0.8119000676604077,False,,0.8587226890756303,True,False,0.8793619743592306,True,75.79172709980773,160.583274439127,54.63769879668367,191.04070520365383,0.0051,0.01835,0.0422,0.00045,0.0421,0.9579,84.56826016657492,149.90377376205743,9.964193548387096,-1.0770967741935475,True,Sustainable
Dee Eskridge,WR,,28.0,,Active,5.0,7612,,,4a76219c-34b8-4cfe-81ab-2bb011368367,00-0036620,0.0,0.0,0.0,0.0,0.0,3.0,44.0,0.0,3.0,0.0,0.0,0.0,0.0,0.0,4.0,62.0,0.0,7.0,0.0983333333333333,0.005281690140845,0.1184615384615384,0.0151515151515151,170.0,170.0,,,,,,,,,,16.0,1.1,1.853645057717361,0.0,0.9375,1.6851318706521463,False,,,True,False,1.8251518233056028,False,,,,,,,,,,,,,1.71375,0.48625000000000007,True,Sustainable
George Kittle,TE,SF,32.0,8.0,Active,9.0,4217,3040151.0,30259.0,2ada91b0-036e-454f-83c3-6d939ff584a9,00-0033288,0.0,0.0,0.0,0.0,0.0,78.0,1106.0,8.0,94.0,0.0,0.0,-3.0,0.0,1.0,57.0,628.0,7.0,69.0,0.866,0.1832358674463937,0.8118181818181818,0.1254545454545454,82.9,82.9,115.0,8.0,3 out of 5 stars,167.2,167.26,19.83655953314437,181.07850685893465,187.09655953314436,3.785530202682139,26.0,15.311538461538465,7.347180516256665,0.5,0.0769230769230769,0.479846002066499,False,,0.7360840336134453,False,True,0.543414934425091,False,88.48859199448474,266.0942261778088,54.51231207750943,315.6969875069454,0.42585,0.23935,0.1498,0.13285,0.42585,0.57415,141.04402945778236,217.23025329560704,11.341851851851853,3.4618518518518506,False,TD-lucky
Moliki Matavao,TE,NO,23.0,8.0,Active,1.0,12480,,,140c137e-69f7-40a9-a92c-42e331b04109,00-0040244,,,,,,,,,,0.0,0.0,0.0,0.0,0.0,2.0,10.0,0.0,2.0,,,0.2133333333333333,0.0035398230088495,170.0,170.0,,,,,,,,,,,,,,,,True,,,False,True,1.0,False,,,,,,,,,,,,,,,False,
Gary Brightwell,RB,CIN,28.0,6.0,Active,5.0,7529,,,94bde2c7-7229-4bf0-a545-5950cf3c7927,00-0036569,0.0,0.0,0.0,0.0,0.0,0.0,0.0,0.0,0.0,0.0,0.0,0.0,0.0,0.0,0.0,0.0,0.0,0.0,0.0,0.0,0.0,0.0,170.0,170.0,,,,,,,,,,,,,,,,True,,,False,True,1.0,False,,,,,,,,,,,,,,,False,
Marvin Harrison,WR,ARI,23.0,14.0,Active,2.0,11628,,,e8da21a8-796d-48a2-b644-57d08983ae01,00-0039849,0.0,0.0,0.0,0.0,0.0,62.0,885.0,8.0,116.0,0.0,0.0,0.0,0.0,0.0,41.0,608.0,4.0,73.0,0.7858823529411765,0.2217973231357552,0.7125,0.1183144246353322,83.0,83.0,70.0,6.0,2 out of 5 stars,197.2,197.13,22.178566121790297,205.60803859280009,219.3085661217903,-8.350346371280864,29.0,11.182758620689656,7.490616461638486,0.1034482758620689,0.3448275862068966,0.669836192992649,False,,0.8449803921568627,False,True,0.7254938146078078,True,146.6168182300776,274.70673661538206,105.99888622766724,313.2322679910668,0.0998,0.1949,0.2056,0.0105,0.39885,0.60115,168.91526849975477,247.68873454974675,12.299310344827587,-1.1855172413793102,False,Buy-low
Cameron Latu,TE,PHI,26.0,10.0,Active,3.0,10210,,,3763a2ec-ee98-4cf4-9aa7-ee626057c56f,00-0038564,,,,,,,,,,0.0,0.0,0.0,0.0,0.0,0.0,0.0,0.0,0.0,,,0.1106666666666666,0.0,170.0,170.0,,,,,,,,,,10.0,0.0,0.0,0.0,1.0,,False,,,False,True,1.0,False,,,,,,,,,,,,,,,False,
Jameis Winston,QB,NYG,32.0,8.0,Active,11.0,2306,2969939.0,28389.0,fb3b36fc-b985-4807-8199-d038d7e62a93,00-0031503,2121.0,13.0,83.0,1.0,25.0,0.0,0.0,0.0,0.0,567.0,2.0,23.0,1.0,7.0,1.0,33.0,1.0,1.0,0.585,,0.6766666666666666,,169.9,169.9,407.0,14.0,4 out of 5 stars,11.7,12.882000000000003,-0.7415156433871767,12.140484356612829,12.140484356612829,-316.35331795828364,14.0,14.45857142857143,14.318269049414758,0.2857142857142857,0.4285714285714285,0.9902962488479724,False,,,False,True,1.603995259905588,True,6.768650227705041,17.372421089601644,4.492584798514228,21.532131612188255,0.0,0.0,0.011,0.0,0.0,1.0,7.970740178979029,16.17969113997598,12.741428571428571,0.14571428571428768,False,Sustainable
Keenan Allen,WR,,33.0,,Active,13.0,1479,15818.0,26699.0,5f424505-f29f-433c-b3f2-1a143a04a010,00-0030279,0.0,0.0,0.0,0.0,0.0,70.0,744.0,7.0,121.0,0.0,0.0,0.0,0.0,0.0,81.0,777.0,4.0,122.0,0.868,0.2300380228136882,0.5547058823529412,0.2242647058823529,170.0,170.0,286.0,12.0,2 out of 5 stars,,,,106.70360201988912,,-107.25478294419185,32.0,11.471875,7.626660977209511,0.1875,0.21875,0.664813814412161,False,,0.7587226890756303,True,False,0.7200541196004604,False,54.34898140999747,150.5088258087839,34.00264298512015,176.1069132571558,0.0004,0.0073,0.0278,0.0,0.01815,0.98185,84.11575844177372,123.25433067657409,12.383636363636365,-1.0927272727272737,True,Sustainable
Nick Vannett,TE,SEA,33.0,11.0,Active,10.0,3258,2576399.0,29328.0,c731aa8a-778b-4ccd-a19f-517eb66f47b7,00-0032394,0.0,0.0,0.0,0.0,0.0,17.0,135.0,3.0,20.0,,,,,,,,,,0.3605882352941176,0.039447731755424,0.083,,170.0,170.0,,,,33.3,33.3,3.74912809512089,37.049128095120885,37.049128095120885,-140.2438485611316,12.0,4.041666666666667,3.7502626170669298,0.0,0.5833333333333334,0.9279000289650132,False,,,False,False,1.0508261634389606,False,18.20873860402525,52.548109047904035,12.674243559470575,67.67678290222035,0.00095,0.00725,0.03965,5e-05,0.00095,0.99905,21.15197322000513,49.62034158777519,2.9175,1.124166666666667,True,TD-lucky
Justin Tucker,K,,35.0,,Active,13.0,1264,15683.0,26534.0,20a0bad2-d530-4ff4-a2df-5c0a21a1f5db,00-0029597,0.0,0.0,0.0,0.0,0.0,0.0,0.0,0.0,0.0,,,,,,,,,,,,,,169.6,169.6,,,,,,,,,,17.0,8.294117647058824,3.885304136781845,0.2352941176470588,0.1176470588235294,0.4684409242928465,False,,0.97,False,False,0.8220642408808105,False,,,,,,,,,,,,,,,False,
Taysom Hill,TE,,35.0,,Active,9.0,4381,2468609.0,30614.0,3c8a55dd-20a8-4375-b711-49eb5e6e1d0e,00-0033357,21.0,0.0,278.0,6.0,39.0,23.0,187.0,0.0,31.0,57.0,1.0,114.0,1.0,52.0,11.0,91.0,0.0,16.0,0.425,0.0599613152804642,0.2461538461538461,0.0283185840707964,170.0,170.0,,,,,,,,,,21.0,7.148571428571429,9.940858255560377,0.1428571428571428,0.5238095238095238,1.3906076696427383,False,,0.6040672268907563,True,False,1.57483228443198,False,,,,,,,,,,,,,7.116190476190476,-0.25333333333333297,True,Sustainable
Kurtis Rourke,QB,SF,25.0,8.0,Active,1.0,12477,,,1b412617-dee5-4c07-bdfc-e26eeff7fe80,00-0040589,,,,,,,,,,,,,,,,,,,,,,,170.0,170.0,,,,,,,,,,,,,,,,True,,,False,False,1.0,False,,,,,,,,,,,,,,,False,
Reggie Gilliam,RB,NE,28.0,11.0,Active,6.0,7204,4039505.0,33357.0,4475bb8a-b5a6-4527-bfc7-8e7e03900984,00-0036187,0.0,0.0,7.0,0.0,3.0,0.0,0.0,0.0,0.0,0.0,0.0,4.0,0.0,2.0,2.0,24.0,0.0,2.0,,0.0,,0.0041753653444676,170.0,170.0,449.0,15.0,2 out of 5 stars,7.9,8.280000000000001,1.2225590643101736,9.502559064310176,9.502559064310176,-202.574631566289,18.0,0.3055555555555556,0.8734463330577478,0.0,1.0,2.8585516354617195,False,,,True,False,3.187635504942711,False,2.5542912394920125,11.938691748053948,1.5465784640858524,17.405631408904263,0.0,0.0,0.0,0.0,0.0,1.0,3.212613206821872,11.555310360491491,,,True,
Josh Cameron,WR,JAX,23.0,7.0,Active,0.0,13394,,,29f6ab49-33a9-4fc8-838f-fc41e248829d,CAM108646,,,,,,,,,,,,,,,,,,,,,,,170.0,170.0,,,,0.0,0.0,0.0,0.0,0.0,-213.95838496408095,,,,,,,True,191.0,,False,False,1.0,False,0.0,0.0,0.0,0.0,0.0,0.0,0.0,0.0,0.0,1.0,0.0,0.0,,,False,
Jared Wiley,TE,KC,25.0,5.0,Active,2.0,11595,,,a952a370-a43f-45ec-8371-0665f0b9551e,00-0039824,0.0,0.0,0.0,0.0,0.0,1.0,7.0,0.0,1.0,0.0,0.0,0.0,0.0,0.0,1.0,4.0,0.0,1.0,0.1928571428571428,0.0017482517482517,0.098,0.0018214936247723,170.0,170.0,,,,26.5,26.5,3.481011052305883,29.98101105230588,29.98101105230588,-147.31196560394662,,,,,,,True,,,False,True,1.0,False,13.748729259507304,42.64196480138033,9.571043462462224,56.2678721446274,0.0005,0.00385,0.0226,0.0001,0.0005,0.9995,16.1361747126192,41.41029790223983,,,False,
Trevor Etienne,RB,CAR,22.0,5.0,Active,1.0,12531,,,39e2d13c-0fb7-465f-ad8b-0b4bb73e1124,00-0040644,,,,,,,,,,0.0,0.0,94.0,0.0,20.0,3.0,13.0,0.0,3.0,,,0.0558823529411764,0.00625,170.1,170.1,310.0,13.0,1 out of 5 stars,29.7,29.880000000000003,29.062163348147617,58.942163348147616,58.942163348147616,-153.13502728245152,17.0,0.8058823529411765,1.2275333947775589,0.0,1.0,1.5232166212568248,False,,0.8535999999999999,False,True,1.698573264657108,False,29.104907605805657,83.77315596851382,19.40764694211168,107.10344092368813,0.00045,0.00275,0.01705,0.0,0.00905,0.99095,33.8404892354409,79.42800818674984,2.051111111111111,-0.48444444444444446,False,Sustainable
Patrick Taylor,RB,SF,28.0,8.0,Active,6.0,6963,4039358.0,33235.0,ef87e355-8e0c-40ed-a85d-bca4896d4f1e,00-0035973,0.0,0.0,183.0,1.0,39.0,3.0,25.0,0.0,11.0,,,,,,,,,,0.1961538461538461,0.0214424951267056,,,170.0,170.0,,,,,,,,,,,,,,,,True,,,False,False,1.0,False,,,,,,,,,,,,,,,False,
Trey Smack,K,GB,23.0,11.0,Active,0.0,13545,,,fc5890c6-b22d-4b5b-8ca5-2722b077bc8b,SMA037753,,,,,,,,,,,,,,,,,,,,,,,169.6,169.6,432.0,15.0,4 out of 5 stars,125.4,34.1,108.04200572511988,142.1420057251199,142.1420057251199,-7.417484367448594,,,,,,,True,216.0,,False,False,1.0,False,93.631819961032,175.5602142383074,75.06310789543593,204.95361477759255,0.3371,0.43135,0.23155,0.0662,0.3371,0.6629,94.90478321056976,170.6866421814961,,,False,
Jha'Quan Jackson,WR,HOU,26.0,8.0,Active,2.0,11808,,,bcb054df-47e9-411c-8c9d-eef1a9a25487,00-0039392,0.0,0.0,-5.0,0.0,1.0,1.0,8.0,0.0,3.0,,,,,,,,,,0.0574999999999999,0.0059171597633136,,,170.0,170.0,,,,,,,,,,12.0,0.1083333333333333,0.3752776749732567,0.0,1.0,3.4641016151377544,False,,,False,False,3.751938639993641,False,,,,,,,,,,,,,,,True,
Arian Smith,WR,NYJ,24.0,13.0,Active,1.0,12539,,,8c7c7f4c-f8cc-4e02-aa0f-f794a1afd6ae,00-0040582,,,,,,,,,,0.0,0.0,13.0,0.0,4.0,7.0,52.0,0.0,16.0,,,0.3825,0.0338983050847457,170.0,170.0,,,,3.4,3.5700000000000003,1.7056073196894643,5.275607319689465,5.275607319689465,-208.68277764439148,13.0,1.0384615384615383,1.0696872296287216,0.0,1.0,1.0300691840869172,False,,,False,True,1.1156590663373889,False,3.111818855841483,7.287991543534888,2.16328551054101,8.812957396674987,0.0,0.0,0.0,0.0,0.0,1.0,3.626346862092455,6.734032945180636,2.1058333333333334,-0.9808333333333334,False,Sustainable
Dan Chisena,WR,CAR,29.0,5.0,Active,6.0,7357,3929637.0,33023.0,92529995-41e9-48db-b429-c96540ad357b,00-0035976,0.0,0.0,0.0,0.0,0.0,3.0,37.0,0.0,4.0,,,,,,,,,,0.0483333333333333,0.0077220077220077,0.08,,170.0,170.0,,,,,,,,,,,,,,,,True,,,False,False,1.0,False,,,,,,,,,,,,,,,False,
Albert Okwuegbunam,TE,LV,28.0,13.0,Active,6.0,6843,4035115.0,32788.0,617aee8a-70be-4bdf-9a71-2e2b74e647e6,00-0036423,,,,,,,,,,0.0,0.0,0.0,0.0,0.0,5.0,36.0,0.0,6.0,,,0.46,0.0121457489878542,170.0,170.0,,,,,,,,,,,,,,,,True,,,False,True,1.0,True,,,,,,,,,,,,,,,False,
Tyreik McAllister,RB,,27.0,,Active,3.0,8749,,,2a77de20-d253-11ec-b16e-cf7159baf83d,00-0037450,0.0,0.0,11.0,0.0,2.0,0.0,0.0,0.0,0.0,,,,,,,,,,0.0233333333333333,0.0,,,,,,,,,,,,,,,,,,,,True,,,False,False,1.0,False,,,,,,,,,,,,,,,False,
Ty Simpson,QB,LAR,23.0,11.0,Active,0.0,13275,,,2e62e603-363a-425f-8c57-0a1600476c85,SIM639376,,,,,,,,,,,,,,,,,,,,,,,169.9,169.9,339.0,14.0,3 out of 5 stars,23.4,27.568,-1.286775094211746,26.281224905788257,26.281224905788257,-302.21257740910823,,,,,,,True,13.0,,False,False,1.0,False,14.145414267580923,41.0196524110328,9.40000069347596,52.672440474047576,0.0,0.0001,0.2752,0.0,0.0,1.0,16.591801988576105,38.678670043571195,,,False,
Jonathan Ward,RB,,28.0,,Active,6.0,7087,4039274.0,33088.0,1dc6b133-355f-451e-856f-d02839681578,00-0035924,0.0,0.0,22.0,0.0,5.0,0.0,0.0,0.0,0.0,,,,,,,,,,0.04,0.0,,,170.0,170.0,,,,,,,,,,,,,,,,True,,,False,False,1.0,False,,,,,,,,,,,,,,,True,
Lan Larison,RB,NE,24.0,11.0,Active,1.0,12969,,,e2d48330-251e-11f0-aae1-fdfd5aa92d71,00-0040568,,,,,,,,,,,,,,,,,,,,,,,170.0,170.0,,,,,,,,,,,,,,,,True,,,False,False,1.0,False,,,,,,,,,,,,,,,False,
Brittain Brown,RB,CHI,28.0,10.0,Active,4.0,8423,,,387c8819-5892-4528-ac33-0ec72b24cc2f,00-0037329,,,,,,,,,,0.0,0.0,37.0,1.0,5.0,0.0,0.0,0.0,1.0,,,0.0666666666666666,0.0018796992481203,170.0,170.0,,,,,,,,,,,,,,,,True,,,False,True,1.0,False,,,,,,,,,,,,,,,False,
Brock Purdy,QB,SF,26.0,8.0,Active,4.0,8183,,,d5aef708-ad61-4ab8-a637-62ff96e92040,00-0037834,3864.0,20.0,323.0,5.0,66.0,0.0,0.0,0.0,0.0,2167.0,20.0,147.0,3.0,33.0,0.0,0.0,0.0,0.0,0.9893333333333332,,0.977777777777778,,101.5,101.5,94.0,7.0,1 out of 5 stars,306.2,347.62199999999996,-6.030078953830316,341.59192104616966,341.59192104616966,13.098118731273187,24.0,22.176666666666662,11.054090986428143,0.4583333333333333,0.2083333333333333,0.4984559290438062,False,,0.8189915966386554,False,True,0.8073553225998754,False,217.67907786174055,463.9405068058761,138.79691472060867,534.4851037668346,0.5103,0.31665,0.1573,0.17165,0.5103,0.4897,276.10740664229655,402.5389681433254,19.091923076923077,-0.7557692307692321,False,Sustainable
Zachariah Branch,WR,ATL,22.0,11.0,Active,0.0,13320,,,41f192cd-cc4a-44bc-9c21-43a19ecfc86c,BRA531428,,,,,,,,,,,,,,,,,,,,,,,170.0,170.0,247.0,11.0,3 out of 5 stars,53.4,53.559999999999995,6.618149410426179,60.17814941042617,60.17814941042617,-153.7802355536548,,,,,,,True,79.0,,False,False,1.0,True,33.15844585334423,75.71137713145797,23.24497422198675,90.7467269029789,5e-05,0.0,0.0003,0.0,0.00025,0.99975,38.831918852926464,69.90341080958345,,,False,
Russell Wilson,QB,,37.0,,Active,14.0,1234,14881.0,25785.0,409d4cac-ee90-4470-9710-ebe671678339,00-0029263,2482.0,16.0,155.0,2.0,43.0,0.0,0.0,0.0,0.0,831.0,3.0,106.0,0.0,18.0,0.0,0.0,0.0,0.0,0.9827272727272728,,0.5433333333333333,,170.0,170.0,,,,,,,,,,17.0,15.801176470588237,10.919472218445897,0.1764705882352941,0.3529411764705882,0.691054380588118,False,,0.7517647058823529,True,False,1.119309451176664,False,,,,,,,,,,,,,13.758888888888889,-0.09111111111110937,True,Sustainable
Dont'e Thornton,WR,LV,23.0,13.0,Active,1.0,12541,,,483606b2-c0c9-4da2-8fcf-73d2615756c7,00-0040581,,,,,,,,,,0.0,0.0,0.0,0.0,0.0,10.0,135.0,0.0,30.0,,,0.4533333333333333,0.0607287449392712,170.0,170.0,345.0,14.0,2 out of 5 stars,40.3,40.55,4.789643033048041,45.339643033048034,45.339643033048034,-168.6187419310329,11.0,2.136363636363636,2.1777386102435377,0.0,0.9090909090909092,1.0193670090501663,False,,,False,True,1.1040676326805663,True,29.33367312692903,62.46941581666605,20.857914112909576,73.84283392799709,0.0,0.0,0.0,0.0,0.0,1.0,33.99308038290286,56.9306655226749,4.681818181818182,-2.5454545454545454,False,Buy-low
Dominic Lovett,WR,DET,23.0,6.0,Active,1.0,12732,,,fb855b6b-16ca-4224-8e05-bcd9e51e7230,00-0040241,,,,,,,,,,0.0,0.0,0.0,0.0,0.0,0.0,0.0,0.0,0.0,,,0.0183333333333333,0.0,170.0,170.0,,,,,,,,,,,,,,,,True,,,False,True,1.0,False,,,,,,,,,,,,,,,False,
Brock Wright,TE,DET,27.0,6.0,Active,5.0,7891,,,8f182089-7730-499e-8f2e-87bda32debfb,00-0036754,0.0,0.0,0.0,0.0,0.0,13.0,100.0,2.0,16.0,0.0,0.0,0.0,0.0,0.0,14.0,108.0,2.0,22.0,0.5094117647058823,0.0306513409961685,0.5763636363636363,0.04,169.9,169.9,477.0,15.0,3 out of 5 stars,50.7,50.66,6.173445887481891,56.833445887481886,56.833445887481886,-120.45953076877062,19.0,3.778947368421053,3.5925198441218607,0.0,0.5789473684210527,0.9506668111185984,False,,,False,True,1.076609038315026,False,30.580740245166165,79.52259202179816,21.7355703026884,99.0032087416596,0.0036,0.03415,0.13195,5e-05,0.0036,0.9964,35.895627177322645,75.21445468352888,4.328235294117647,-0.10470588235294098,False,Sustainable
Fernando Mendoza,QB,LV,22.0,13.0,Active,0.0,13269,,,b1ded115-092a-4199-9a55-cab9f4b5bb18,MEN516487,,,,,,,,,,,,,,,,,,,,,,,166.0,166.0,232.0,11.0,1 out of 5 stars,192.7,212.79800000000003,-15.02027368342412,197.77772631657592,197.77772631657592,-130.71607599832055,,,,,,,True,1.0,,False,False,1.0,True,116.8913865239612,303.7300820254005,76.72425545228195,378.2947939363825,0.14685,0.34575,0.4713,0.037,0.14685,0.85315,137.98011396170452,283.9875921071552,,,False,
Bryce Lance,WR,NO,23.0,8.0,Active,0.0,13420,,,4d5c31ba-45ea-4247-a41a-acfa82bdbd39,LAN016345,,,,,,,,,,,,,,,,,,,,,,,170.0,170.0,353.0,14.0,3 out of 5 stars,42.099999999999994,41.83,5.1488705315704415,46.97887053157043,46.97887053157043,-166.9795144325105,,,,,,,True,136.0,,False,False,1.0,False,27.08592367570382,61.18621113261457,18.813854176143117,73.09631772959924,0.0,0.0,0.0,0.0,0.0,1.0,31.108558136209425,56.16337649068767,,,False,
Brevyn Spann-Ford,TE,DAL,26.0,14.0,Active,2.0,11593,,,efc8d800-072b-11ef-892f-5b772aae3c25,00-0039530,0.0,0.0,0.0,0.0,0.0,9.0,88.0,0.0,14.0,0.0,0.0,0.0,0.0,0.0,9.0,90.0,1.0,13.0,0.2552941176470588,0.022508038585209,0.2488235294117646,0.0214168039538715,170.0,170.0,,,,9.5,9.38,1.2175416898455065,10.597541689845508,10.597541689845508,-166.695434966407,27.0,1.548148148148148,2.3817205110156383,0.0,0.8148148148148148,1.5384319090292402,False,,0.8167058823529412,False,True,1.742239950655533,False,4.9533283614645205,15.138789738022,3.359745432184628,19.623818412214124,0.0,0.0,0.0,0.0,0.0,1.0,5.943335767253632,14.351448227997258,2.92375,-0.31125000000000025,False,Sustainable
Quinshon Judkins,RB,CLE,22.0,11.0,Active,1.0,12512,,,268c6ae2-278b-49f8-b7cd-b367944412f3,00-0040784,,,,,,,,,,0.0,0.0,827.0,7.0,230.0,26.0,171.0,0.0,36.0,,,0.505,0.0689655172413793,54.1,54.1,60.0,6.0,3 out of 5 stars,213.7,213.96,53.6472686524252,250.9975073526299,267.6072686524252,38.92031672203075,14.0,11.985714285714286,6.664354910539082,0.1428571428571428,0.2857142857142857,0.5560248435491486,False,,0.8183058823529411,False,True,0.6200358639459034,True,160.21691525927076,350.40870077032383,98.93855601507796,401.8345867335087,0.26125,0.3247,0.20335,0.03165,0.70305,0.29695,207.5342234300403,300.7313948873126,12.917857142857143,-0.7892857142857128,False,Sustainable
Jordan Watkins,WR,SF,24.0,8.0,Active,1.0,12634,,,bd65c350-6044-415a-8749-e70a3b8f86e2,00-0040172,,,,,,,,,,0.0,0.0,0.0,0.0,0.0,2.0,26.0,0.0,3.0,,,0.1025,0.0054545454545454,170.0,170.0,,,,,,,,,,,,,,,,True,,,False,True,1.0,False,,,,,,,,,,,,,,,False,
Terrace Marshall,WR,MIA,26.0,6.0,Active,5.0,7565,,,69388223-d1e7-46c3-9106-e10edb7073e9,00-0036955,0.0,0.0,0.0,0.0,0.0,3.0,41.0,0.0,6.0,,,,,,,,,,0.2928571428571428,0.0101351351351351,,,170.0,170.0,,,,,,,,,,,,,,,,True,,,False,False,1.0,True,,,,,,,,,,,,,,,True,
Shedrick Jackson,WR,LV,26.0,13.0,Active,3.0,11257,,,4ee53be0-eacb-11ed-bff4-2305d99deffc,00-0038891,,,,,,,,,,0.0,0.0,3.0,0.0,1.0,4.0,56.0,1.0,5.0,,,0.09,0.0101214574898785,170.0,170.0,,,,,,,,,,,,,,,,True,,,False,True,1.0,True,,,,,,,,,,,,,,,False,
Robert Woods,WR,,33.0,,Active,12.0,1352,15880.0,26664.0,618bedee-9259-4536-b0ff-fec98d2a20de,00-0030431,0.0,0.0,0.0,0.0,0.0,20.0,203.0,0.0,30.0,,,,,,,,,,0.3706666666666666,0.0548446069469835,,,170.0,170.0,,,,,,,,,,14.0,2.878571428571429,2.1311530181601666,0.0,0.9285714285714286,0.7403509244228866,False,,0.7351764705882353,False,False,0.8018677132214493,False,,,,,,,,,,,,,4.51,-1.2407692307692306,True,Buy-low
Kaytron Allen,RB,WAS,23.0,7.0,Active,0.0,13405,,,7980dd2b-0ce0-4936-aaff-536c09608429,00-0041096,,,,,,,,,,,,,,,,,,,,,,,170.1,170.1,218.0,11.0,4 out of 5 stars,21.5,21.53,4.666425135792561,26.196425135792563,26.196425135792563,-185.88076549480655,,,,,,,True,187.0,,False,False,1.0,False,8.688624947972382,36.41137703304545,5.471640022212076,50.77285363904936,5e-05,0.0003,0.00215,0.0,0.00105,0.99895,10.902988667184864,34.73219500147263,,,False,
Trayveon Williams,RB,,28.0,,Active,7.0,6144,4035222.0,32014.0,478fcd24-2617-41d5-a900-b272aa6ef515,00-0035291,0.0,0.0,0.0,0.0,0.0,0.0,0.0,0.0,0.0,0.0,0.0,36.0,0.0,10.0,8.0,55.0,0.0,9.0,0.0070588235294117,0.0,0.2071428571428571,0.0153256704980842,170.0,170.0,,,,,,,,,,11.0,1.554545454545455,2.859497730848422,0.0,0.9090909090909092,1.8394429847562948,False,,0.693747899159664,True,False,2.051204426321261,False,,,,,,,,,,,,,,,True,
Connor Heyward,TE,LV,27.0,13.0,Active,4.0,8181,,,62e96d7c-e4dd-4a90-8c3a-8017eb69120d,00-0037304,0.0,0.0,0.0,0.0,0.0,6.0,40.0,1.0,8.0,0.0,0.0,43.0,2.0,15.0,3.0,21.0,1.0,4.0,0.1811764705882353,,0.0864705882352941,,,,,,,36.3,36.3,4.564285323641291,40.86428532364129,40.86428532364129,-136.4286913326112,26.0,1.669230769230769,2.9399005739336466,0.0,0.0,1.761230758577761,False,,0.8092773109243697,True,False,1.994554696836572,True,12.752099613798087,56.10189707368979,8.130522110357541,81.31674087733468,0.00995,0.0233,0.0595,0.0018,0.00995,0.99005,15.395590940741744,54.97078748910656,2.47625,0.23625000000000007,True,Sustainable
Kenneth Walker,RB,KC,25.0,5.0,Active,4.0,8151,,,22ee9bac-a64c-4d44-94fc-51d775465b3b,00-0038134,0.0,0.0,573.0,7.0,153.0,46.0,299.0,1.0,53.0,0.0,0.0,1027.0,5.0,221.0,31.0,282.0,0.0,36.0,0.6327272727272727,0.0931458699472759,0.4688235294117647,0.0791208791208791,28.6,28.6,30.0,4.0,3 out of 5 stars,252.1,251.8,54.08545836037711,283.1080463498248,305.88545836037713,71.03085571922566,28.0,13.325,7.258896202183503,0.1785714285714285,0.1428571428571428,0.5447576887192122,False,,0.8282016806722688,True,False,0.607471605063873,False,169.78665910686323,389.8382871864647,106.48976002728772,458.2315651868398,0.3437,0.28915,0.1785,0.0807,0.7363,0.2637,210.9188885919628,346.79603150388664,13.965483870967741,0.47967741935483943,True,Sustainable
Dalton Kincaid,TE,BUF,26.0,7.0,Active,3.0,10236,,,b961fa15-0676-4948-b95f-56d06319d40e,00-0038933,0.0,0.0,0.0,0.0,0.0,44.0,448.0,2.0,75.0,0.0,0.0,0.0,0.0,0.0,39.0,571.0,5.0,49.0,0.5700000000000001,0.1515151515151515,0.3741666666666667,0.1022964509394572,140.4,140.4,109.0,8.0,3 out of 5 stars,159.39999999999998,159.56,17.95112402658604,166.29708460450038,177.51112402658603,-10.995892051752122,25.0,9.076,5.24938726583081,0.12,0.12,0.5783811443180708,False,,0.8176806722689075,False,True,0.6550037934227831,True,105.53666658095857,224.9367651436816,74.3559506017809,262.4384918817046,0.3328,0.3632,0.1779,0.0516,0.3328,0.6672,127.24827677704586,201.91209758986815,8.536,0.5340000000000007,False,Sustainable
Odell Beckham,WR,NYG,33.0,8.0,Active,12.0,2078,16733.0,27540.0,354dec38-b88b-4ba0-8974-859123f27c45,00-0031235,0.0,0.0,0.0,0.0,0.0,9.0,55.0,0.0,19.0,,,,,,,,,,0.2022222222222222,0.0334507042253521,,,169.3,169.3,,,,37.7,37.95,4.717394776467181,42.667394776467184,42.667394776467184,-171.29099018761377,8.0,1.8125,1.8271269406209456,0.0,1.0,1.0080700362046595,False,,0.6763529411764706,False,False,1.0918319786371646,True,15.915474848727056,66.21888966286599,8.79151358082631,80.79264054791562,0.0,0.0,0.0,0.0,0.0,1.0,32.91183251424743,50.104188409242866,4.30125,-2.4887499999999996,False,Buy-low
Cam Grandy,TE,CIN,26.0,6.0,Active,2.0,12062,,,8e6c6eb0-0725-11ef-b490-715b3492492e,00-0039631,0.0,0.0,0.0,0.0,0.0,5.0,28.0,0.0,5.0,0.0,0.0,0.0,0.0,0.0,2.0,7.0,0.0,2.0,0.13375,0.0079617834394904,0.092,0.0032894736842105,170.0,170.0,,,,29.0,29.0,4.018322444101395,33.01832244410139,33.01832244410139,-144.27465421215112,,,,,,,True,,,False,True,1.0,False,15.109873987562514,47.687321156839744,10.338603913327509,62.375272633666775,0.00065,0.0055,0.03065,0.0,0.00065,0.99935,17.6755851255469,45.23790874566416,,,False,
Damien Martinez,RB,GB,22.0,11.0,Active,1.0,12462,,,487da97d-a1e8-4a1f-9b43-085944ea1a44,00-0040651,,,,,,,,,,,,,,,,,,,,,,,170.0,170.0,442.0,15.0,4 out of 5 stars,,,,,,,,,,,,,True,,,False,False,1.0,False,,,,,,,,,,,,,,,False,
Amon-Ra St. Brown,WR,DET,26.0,6.0,Active,5.0,7547,,,26ef0447-29b8-4dd1-9831-dcbf8132bb74,00-0036963,7.0,1.0,6.0,0.0,2.0,115.0,1263.0,12.0,141.0,0.0,0.0,9.0,0.0,3.0,117.0,1401.0,11.0,172.0,0.8829411764705882,0.2701149425287356,0.8523529411764706,0.3127272727272727,8.1,8.1,6.0,2.0,4 out of 5 stars,319.4,319.41,38.71378387807896,341.1879967847557,358.123783878079,127.22961182067472,34.0,18.946470588235297,10.04358830068488,0.4117647058823529,0.0588235294117647,0.5301033907033529,False,,0.9007394957983192,False,True,0.5741504192833743,False,268.1244477813951,424.53767572687434,223.36773777887103,471.92463194236313,0.63065,0.21775,0.07,0.2222,0.89355,0.10645,278.7202957261157,396.8695236882287,17.77257142857143,1.4811428571428564,False,Sustainable
Jacob Kibodi,RB,,26.0,,Active,1.0,11900,,,228811b0-0575-11ef-8434-0f5c1f2e1cb4,00-0039617,0.0,0.0,24.0,0.0,5.0,1.0,15.0,0.0,3.0,,,,,,,,,,0.29,0.0047318611987381,,,169.9,169.9,,,,,,,,,,,,,,,,True,,,False,False,1.0,False,,,,,,,,,,,,,,,False,
Chris Oladokun,QB,KC,28.0,5.0,Active,4.0,8413,,,7078cdfc-032b-4f85-8b4b-720f926ba1cb,00-0037324,0.0,0.0,5.0,0.0,1.0,0.0,0.0,0.0,0.0,235.0,1.0,18.0,0.0,5.0,0.0,0.0,0.0,0.0,0.15,,0.7466666666666667,,170.0,170.0,,,,9.7,11.72,-2.307560746240058,9.412439253759944,9.412439253759944,-319.0813630611365,,,,,,,True,,,False,True,1.0,False,3.620602767671034,13.716092700560983,2.301070511274952,18.93107162568047,0.0,0.0,0.0156,0.0,0.0,1.0,4.262563900234752,13.287954011331234,,,False,
Dylan Drummond,WR,ATL,26.0,11.0,Active,3.0,11474,,,e34c6990-f35c-11ed-ac5f-715e78829103,00-0038953,,,,,,,,,,0.0,0.0,0.0,0.0,0.0,7.0,42.0,0.0,11.0,,,0.2111111111111111,0.0211946050096339,170.0,170.0,,,,,,,,,,,,,,,,True,,,False,True,1.0,True,,,,,,,,,,,,,,,False,
Cyrus Allen,WR,KC,23.0,5.0,Active,0.0,13413,,,a07ac8bd-3929-4e48-b3c4-3ddeecd09dca,00-0040890,,,,,,,,,,,,,,,,,,,,,,,170.0,170.0,452.0,15.0,2 out of 5 stars,17.200000000000003,17.17,2.061061833901526,19.231061833901528,19.231061833901528,-194.72732313017943,,,,,,,True,176.0,,False,False,1.0,False,11.010357379210271,24.912670224892285,7.779384595705291,29.99876536372442,0.0,0.0,0.0,0.0,0.0,1.0,12.780822892010718,23.0560858788795,,,False,
Coleman Owen,WR,IND,25.0,13.0,Active,1.0,12829,,,a9afb800-23ba-11f0-aa7d-833b948e6c02,00-0040352,,,,,,,,,,0.0,0.0,0.0,0.0,0.0,0.0,0.0,0.0,1.0,,,0.01,0.0018867924528301,170.0,170.0,,,,,,,,,,,,,,,,True,,,False,True,1.0,False,,,,,,,,,,,,,,,False,
DJ Uiagalelei,QB,LAC,25.0,7.0,Active,1.0,12773,,,afaf9a70-2312-11f0-be9a-5f5a7ddcdf04,00-0040464,,,,,,,,,,,,,,,,,,,,,,,,,,,,,,,,,,,,,,,,True,,,False,False,1.0,False,,,,,,,,,,,,,,,False,
Konata Mumpfield,WR,LAR,23.0,11.0,Active,1.0,12718,,,ccb6d700-ac74-4f6b-9f86-d1aa74d0c318,00-0040590,,,,,,,,,,0.0,0.0,0.0,0.0,0.0,10.0,92.0,1.0,23.0,,,0.3217647058823529,0.0395869191049913,170.0,170.0,323.0,13.0,1 out of 5 stars,29.299999999999997,29.57,3.322392276604422,32.892392276604426,32.892392276604426,-181.06599268747652,10.0,2.52,2.9085315118725386,0.0,0.8,1.1541791713779914,False,,,False,True,1.2500815252201327,False,19.18235902101495,45.36771217590877,13.353567667851712,55.080908973684984,0.0,0.0,0.0,0.0,0.0,1.0,22.319609445012873,41.689674587047634,4.4816666666666665,-1.9483333333333333,False,Buy-low
Luke Musgrave,TE,GB,25.0,11.0,Active,3.0,9481,,,77a4fb49-3c6c-4aa1-8a21-20956e2d2240,00-0039144,0.0,0.0,0.0,0.0,0.0,7.0,45.0,0.0,10.0,0.0,0.0,0.0,0.0,0.0,24.0,252.0,0.0,31.0,0.3071428571428571,0.021551724137931,0.4005882352941177,0.067391304347826,169.9,169.9,387.0,14.0,2 out of 5 stars,52.6,52.31,6.9891586929827465,59.29915869298275,59.29915869298275,-117.99381796326976,20.0,3.035,2.4894038601535446,0.0,0.65,0.8202319143833755,False,,,False,True,0.9288944162261422,False,32.288153478367505,82.59941107197213,22.88683883538688,102.01792850869712,0.00445,0.0379,0.1454,0.0002,0.00445,0.99555,38.359947424546334,77.16520572239031,3.2371428571428575,-0.2561904761904765,False,Sustainable
Dameon Pierce,RB,PHI,26.0,10.0,Active,4.0,8129,,,5d4ef6da-a6b5-4d9c-adc0-28dfdbe9315e,00-0037258,0.0,0.0,293.0,2.0,40.0,2.0,2.0,0.0,4.0,0.0,0.0,36.0,0.0,14.0,0.0,0.0,0.0,1.0,0.1636363636363636,0.0073126142595978,0.0839999999999999,0.0018083182640144,170.0,170.0,384.0,14.0,4 out of 5 stars,22.1,22.1,14.716224061273598,36.8162240612736,36.8162240612736,-175.26096656932555,15.0,3.14,6.743653100720496,0.0666666666666666,0.8666666666666667,2.1476602231593938,False,,0.7105546218487395,True,False,2.39490443165995,False,7.905766206769358,47.03060757062241,4.360703988436944,70.6499693678698,0.0007,0.0028,0.0084,0.0003,0.00675,0.99325,12.412319592751937,44.87480864784569,2.6014285714285714,0.9414285714285717,True,Sustainable
Greg Joseph,K,,31.0,,Active,7.0,5272,3975763.0,31538.0,a2aab80d-174c-4639-beac-e2b70bb3625f,00-0034450,0.0,0.0,0.0,0.0,0.0,0.0,0.0,0.0,0.0,,,,,,,,,,,,,,170.0,170.0,,,,,,,,,,8.0,7.875,6.916594950861711,0.25,0.375,0.878297771537995,False,,0.8917647058823529,False,False,1.54131962726493,False,,,,,,,,,,,,,,,True,
Jordyn Tyson,WR,NO,21.0,8.0,Active,0.0,13281,,,5368ab1c-5463-4326-86c0-17c06bf51c9d,TYS405541,,,,,,,,,,,,,,,,,,,,,,,95.5,95.5,85.0,7.0,3 out of 5 stars,172.4,172.38000000000002,20.418028229397027,191.2433858158986,192.79802822939703,-22.71499914818236,,,,,,,True,8.0,,False,False,1.0,False,130.36199574771135,285.2159888421197,89.47134717009739,338.8325993292122,0.14295,0.15755,0.16765,0.0339,0.385,0.615,152.71419019404846,262.7738890178038,,,False,
MarShawn Lloyd,RB,GB,25.0,11.0,Active,2.0,11581,,,7b8967bc-a3a5-4aa4-bd1f-2846663ca831,00-0039811,0.0,0.0,15.0,0.0,6.0,1.0,3.0,0.0,1.0,,,,,,,,,,0.14,0.0021551724137931,,,170.3,170.3,260.0,12.0,4 out of 5 stars,43.1,42.91,9.84932669334778,52.759326693347774,52.759326693347774,-159.3178639372514,,,,,,,True,,,False,False,1.0,False,18.52827264749989,77.08817968169464,11.52323949180285,108.31906984528082,0.003,0.0082,0.02155,0.00055,0.0202,0.9798,23.38601028849681,74.98486785381729,,,False,
Cade Klubnik,QB,NYJ,22.0,13.0,Active,0.0,13303,,,3a62187b-d6b6-43fb-82c9-efabd8a6c0e0,KLU066027,,,,,,,,,,,,,,,,,,,,,,,169.9,169.9,483.0,16.0,4 out of 5 stars,9.4,10.292000000000002,-0.8032626686749152,9.488737331325089,9.488737331325089,-319.0050649835714,,,,,,,True,110.0,,False,False,1.0,False,3.4262225904486963,13.164187659306055,2.172896057531985,17.932402892501614,0.0,0.0,0.01395,0.0,0.0,1.0,4.052876052053496,12.593700364809084,,,False,
Jordan Akins,TE,,33.0,,Active,8.0,5032,3128452.0,31068.0,0cb5a32a-a340-4671-ba2a-93f5fa6aee8d,00-0034364,0.0,0.0,0.0,0.0,0.0,40.0,390.0,2.0,58.0,,,,,,,,,,0.3911764705882353,0.0914826498422713,,,170.0,170.0,,,,,,,,,,16.0,5.6875,4.789693796754305,0.0625,0.4375,0.8421439642644932,False,,0.716313725490196,False,False,0.9537093257971024,False,,,,,,,,,,,,,5.203125,0.484375,True,Sustainable
Zay Jones,WR,,30.0,,Active,9.0,4080,3059722.0,30150.0,a28f7368-0306-4d20-855f-285a1a09c09c,00-0033891,0.0,0.0,0.0,0.0,0.0,8.0,84.0,0.0,11.0,0.0,0.0,0.0,0.0,0.0,12.0,183.0,0.0,18.0,0.3454545454545454,0.0210325047801147,0.49625,0.0291734197730956,170.0,170.0,,,,,,,,,,12.0,3.891666666666667,4.0614503305935905,0.0,0.75,1.0436274939426784,False,,,True,False,1.1303439550307637,False,,,,,,,,,,,,,4.1241666666666665,-0.23249999999999948,True,Sustainable
Samaje Perine,RB,CIN,30.0,6.0,Active,9.0,4147,3116389.0,30227.0,e601812f-ce24-4e99-bee0-e33c1e9014e4,00-0033526,0.0,0.0,92.0,1.0,20.0,28.0,322.0,1.0,35.0,0.0,0.0,382.0,3.0,84.0,17.0,87.0,0.0,21.0,0.2582352941176471,0.0611888111888111,,0.0345394736842105,170.6,170.6,279.0,12.0,2 out of 5 stars,96.2,96.53000000000004,32.63522631807567,129.16522631807572,129.16522631807572,-82.91196431252342,32.0,5.103125,3.795199376376899,0.0,0.71875,0.7437010412985963,False,,0.8436218487394956,False,True,0.8293178317639025,False,72.26619170327429,180.08779031757416,47.677607931073865,218.88012907864757,0.01505,0.0642,0.17885,0.0012,0.15,0.85,85.27147247412374,165.80082835258986,4.534705882352942,0.17999999999999972,False,Sustainable
Brady Cook,QB,NYJ,24.0,13.0,Active,1.0,12538,,,4916c770-2501-11f0-aed8-c154e65d4269,00-0040398,,,,,,,,,,739.0,2.0,49.0,0.0,13.0,0.0,0.0,0.0,0.0,,,0.98,,170.0,170.0,,,,5.0,5.45,-0.6776485182698793,4.772351481730121,4.772351481730121,-323.72145083316633,,,,,,,True,,,False,True,1.0,False,1.8004230920315067,6.944477978913898,1.1495874124889778,9.58973597553088,0.0,0.0,0.00125,0.0,0.0,1.0,2.160839131590259,6.76135780902668,,,False,
Kene Nwangwu,RB,NYJ,28.0,13.0,Active,5.0,7720,,,482c1032-765a-48d3-b46e-b47a809dbee4,00-0036842,0.0,0.0,0.0,0.0,0.0,0.0,0.0,0.0,0.0,0.0,0.0,49.0,0.0,13.0,0.0,0.0,0.0,1.0,0.005,0.0,0.0441666666666666,0.0021186440677966,170.0,170.0,,,,0.0,0.0,15.22,15.22,15.22,-196.85719063059915,12.0,0.4083333333333334,0.9931202740795692,0.0,1.0,2.432131283460169,False,,,False,True,2.7121245373576324,False,6.652116210584973,22.12217257986174,4.206988048065486,29.279401678497592,0.0,0.0,0.0,0.0,0.0,1.0,8.310384427053513,20.831362847401103,,,False,
Jalen Virgil,WR,BUF,28.0,7.0,Active,4.0,8416,,,aa8d3730-d254-11ec-b16e-cf7159baf83d,00-0037387,0.0,0.0,0.0,0.0,0.0,0.0,0.0,0.0,0.0,,,,,,,,,,0.08,0.0,,,170.0,170.0,,,,,,,,,,,,,,,,True,,,False,False,1.0,True,,,,,,,,,,,,,,,True,
J.J. Taylor,RB,,27.0,,Active,5.0,6973,4039607.0,33028.0,879325b1-c961-4c9a-a3a4-679d77a28293,00-0036096,0.0,0.0,44.0,0.0,10.0,2.0,0.0,0.0,3.0,,,,,,,,,,0.09,0.0054844606946983,,,170.0,170.0,,,,,,,,,,,,,,,,True,,,False,False,1.0,False,,,,,,,,,,,,,,,False,
Jaylin Noel,WR,HOU,23.0,8.0,Active,1.0,12536,,,c4bab22e-a89a-41f6-b03a-07073a72f41b,00-0040138,,,,,,,,,,0.0,0.0,12.0,0.0,6.0,26.0,292.0,2.0,35.0,,,0.26,0.0632911392405063,170.8,170.8,186.0,10.0,3 out of 5 stars,56.2,56.150000000000006,40.2292371865184,96.3792371865184,96.3792371865184,-117.57914777756255,17.0,4.023529411764706,4.907841864272512,0.0,0.7058823529411765,1.2197852586642208,False,,0.8728,False,True,1.3211389136155396,False,58.92990832775443,130.36524271681364,43.55582898523107,157.4618219333587,0.002,0.00655,0.0176,0.0001,0.0155,0.9845,64.63014554233106,122.804696945289,3.998125,0.2768750000000004,False,Sustainable
Eric Gray,RB,NYG,26.0,8.0,Active,3.0,10223,,,dcc536c1-36f2-4e34-8028-ccf32d930018,00-0038396,0.0,0.0,31.0,0.0,14.0,10.0,82.0,0.0,11.0,0.0,0.0,0.0,0.0,0.0,0.0,0.0,0.0,0.0,0.0952941176470588,0.01985559566787,0.0125,0.0,170.0,170.0,,,,,,,,,,15.0,1.4200000000000002,2.167355201952041,0.0,0.9333333333333332,1.526306480247916,False,,0.6769411764705883,False,True,1.7020188362196726,True,,,,,,,,,,,,,3.232,-1.302,False,Buy-low
Kenny Yeboah,TE,ARI,27.0,14.0,Active,5.0,7597,,,990c2825-ca25-4da9-9966-269363a9bb91,00-0036510,0.0,0.0,0.0,0.0,0.0,5.0,47.0,1.0,8.0,,,,,,,,,,0.19,0.0135823429541595,,,170.0,170.0,,,,,,,,,,,,,,,,True,,,False,False,1.0,True,,,,,,,,,,,,,,,True,
Pat Bryant,WR,DEN,23.0,10.0,Active,1.0,12492,,,2858209e-4aa7-4539-9901-99a4d881229c,00-0040134,,,,,,,,,,0.0,0.0,0.0,0.0,0.0,31.0,378.0,1.0,49.0,,,0.4766666666666667,0.0839041095890411,171.0,171.0,189.0,10.0,2 out of 5 stars,72.5,72.45000000000002,9.000081104291397,81.45008110429141,81.45008110429141,-132.50830385978952,13.0,5.753846153846154,4.136346089770412,0.0,0.5384615384615384,0.7188836787034139,False,,,False,True,0.7786167241750657,False,50.298851020432735,110.79000397377708,35.129458086058555,131.29029688421522,0.0001,0.00095,0.0046,0.0,0.0032,0.9968,58.67808200832892,101.4700670442161,6.402142857142857,-0.5235714285714286,False,Sustainable
Cole Kmet,TE,CHI,27.0,10.0,Active,6.0,6826,4258595.0,32713.0,036feeb6-9a22-43c5-a8e3-7ac611d8ff49,00-0036290,0.0,0.0,0.0,0.0,0.0,47.0,474.0,4.0,55.0,0.0,0.0,0.0,0.0,0.0,30.0,347.0,2.0,48.0,0.8723529411764706,0.1045627376425855,0.714375,0.0902255639097744,169.8,169.8,362.0,14.0,2 out of 5 stars,66.3,66.03999999999999,7.978434248657186,74.01843424865717,74.01843424865717,-103.27454240759532,32.0,6.096875000000001,5.974163964995033,0.0625,0.46875,0.9798731259858589,False,,0.8765042016806722,False,True,1.1096845408930205,False,42.86489664854024,101.01786450687584,32.496468309067296,124.55355103608002,0.0123,0.0797,0.23265,0.00055,0.0123,0.9877,46.71360249250397,97.09485797219764,5.668484848484849,0.7345454545454544,False,Sustainable
Tetairoa McMillan,WR,CAR,23.0,5.0,Active,1.0,12526,,,874de000-586c-4999-ac12-02766563e200,00-0040124,,,,,,,,,,0.0,0.0,0.0,0.0,0.0,70.0,1014.0,7.0,122.0,,,0.871764705882353,0.2541666666666666,40.6,40.6,25.0,4.0,2 out of 5 stars,227.2,227.09,25.440716051419205,241.30478105410944,252.5307160514192,27.34639609002849,17.0,12.552941176470588,7.066922743232978,0.0588235294117647,0.1176470588235294,0.5629694781394594,False,,0.8728,False,True,0.6097473956705793,False,178.9769274964358,307.81658085565886,139.78517609299868,346.6951069728737,0.1876,0.27225,0.2161,0.02385,0.57955,0.42045,196.74976552069336,282.6012311753235,11.983888888888888,0.5938888888888894,False,Sustainable
Blake Grupe,K,IND,27.0,13.0,Active,3.0,11058,,,2a1d4ce0-e6f6-11ed-abca-c7a3a205e21d,00-0038905,0.0,0.0,0.0,0.0,0.0,0.0,0.0,0.0,0.0,0.0,0.0,0.0,0.0,0.0,0.0,0.0,0.0,0.0,,,,,170.3,170.3,377.0,14.0,4 out of 5 stars,73.9,13.799999999999995,71.78707862745826,85.58707862745825,85.58707862745825,-63.97241146511024,33.0,7.96969696969697,5.665051017449271,0.2121212121212121,0.303030303030303,0.7108238919232927,False,,0.974453781512605,False,True,1.247420694500556,False,58.742695808886616,111.22868164602276,46.87778662039606,130.77356220082385,0.04925,0.2639,0.68685,0.0036,0.04925,0.95075,59.98157316107442,108.22465212578231,,,False,
Omar Cooper,WR,NYJ,22.0,13.0,Active,0.0,13276,,,72594204-b4a9-4f08-907d-029d8a425ddb,COO816508,,,,,,,,,,,,,,,,,,,,,,,166.9,166.9,155.0,9.0,4 out of 5 stars,120.4,120.58,15.090707971026175,135.67070797102616,135.67070797102616,-78.28767699305479,,,,,,,True,30.0,,False,False,1.0,False,87.98616205511605,200.13160761440875,60.73832980342588,240.3911732130316,0.0276,0.0571,0.08805,0.0046,0.1249,0.8751,102.46173558448348,185.18518233315436,,,False,
Malik Heath,WR,ATL,25.0,11.0,Active,3.0,11210,,,c0fccfb0-e907-11ed-8194-c7505aa5766b,00-0038465,0.0,0.0,0.0,0.0,0.0,10.0,97.0,2.0,13.0,0.0,0.0,0.0,0.0,0.0,6.0,86.0,0.0,7.0,0.1984615384615384,0.0280172413793103,0.3018181818181818,0.0152173913043478,170.0,170.0,,,,,,,,,,12.0,3.858333333333334,3.309891053777872,0.0,0.75,0.857855132728606,False,,,True,False,0.9291355097484166,True,,,,,,,,,,,,,3.617272727272727,0.5918181818181818,False,Sustainable
Sal Cannella,TE,,29.0,,Active,3.0,8089,,,57df4c36-e48c-45a4-a1ae-f6e86bf5d21e,00-0037015,,,,,,,,,,0.0,0.0,0.0,0.0,0.0,2.0,11.0,0.0,5.0,,,0.2799999999999999,0.0095785440613026,169.9,169.9,,,,,,,,,,,,,,,,True,,,True,False,1.0,False,,,,,,,,,,,,,,,True,
Marcedes Lewis,TE,,41.0,,Active,20.0,111,9614.0,7777.0,9c21e9af-681c-41ef-9b00-fbc9e1668ed1,00-0024243,0.0,0.0,0.0,0.0,0.0,1.0,2.0,0.0,1.0,0.0,0.0,0.0,0.0,0.0,0.0,0.0,0.0,0.0,0.1917647058823529,0.0019011406844106,0.242,0.0,170.1,170.1,,,,,,,,,,,,,,,,True,,,True,False,1.0,False,,,,,,,,,,,,,,,True,
Ben Yurosek,TE,MIN,24.0,6.0,Active,1.0,13121,,,1f3d48b0-2629-11f0-9dca-47cf7c5385b0,00-0040509,,,,,,,,,,0.0,0.0,0.0,0.0,0.0,2.0,14.0,0.0,3.0,,,0.1658333333333333,0.0064102564102564,170.0,170.0,,,,,,,,,,,,,,,,True,,,False,True,1.0,False,,,,,,,,,,,,,,,False,
Gabe Davis,WR,,26.0,,Active,6.0,6943,4243537.0,32798.0,dc397432-7157-4ce4-976d-b9662cc6f551,00-0036196,0.0,0.0,0.0,0.0,0.0,20.0,239.0,2.0,42.0,0.0,0.0,0.0,0.0,0.0,12.0,129.0,1.0,18.0,0.716,0.0804597701149425,0.5716666666666667,0.0375782881002087,170.0,170.0,,,,,,,,,,16.0,5.425,5.8441423665068255,0.0625,0.625,1.0772612657155438,False,,0.7494789915966386,True,False,1.1667724037148022,False,,,,,,,,,,,,,7.734375,-2.1781250000000005,True,Buy-low
Wil Lutz,K,DEN,32.0,10.0,Active,10.0,3678,2985659.0,29754.0,c4cf84d0-6022-4ac1-a9ba-85587921c53f,00-0032569,0.0,0.0,0.0,0.0,0.0,0.0,0.0,0.0,0.0,0.0,0.0,0.0,0.0,0.0,0.0,0.0,0.0,0.0,,,,,170.3,170.3,281.0,12.0,1 out of 5 stars,128.4,36.7,109.49784780103349,146.1978478010335,146.1978478010335,-3.3616422915349915,34.0,8.764705882352942,5.216865560325453,0.2058823529411764,0.2647058823529412,0.5952128491646489,False,,0.9828571428571428,False,True,1.0445355510936378,False,100.93824804066529,189.8683982810382,81.38639709866158,221.35811251633433,0.42965,0.3867,0.18365,0.1002,0.42965,0.57035,102.03017905228764,184.1515541428631,,,False,
Bo Nix,QB,DEN,26.0,10.0,Active,2.0,11563,,,f056c8ed-6ee5-492c-af11-3f7e3d97195c,00-0039732,3775.0,29.0,430.0,4.0,92.0,1.0,2.0,1.0,1.0,3931.0,25.0,356.0,5.0,83.0,0.0,0.0,0.0,1.0,0.9882352941176472,,0.9964705882352942,,103.3,103.3,102.0,8.0,3 out of 5 stars,297.7,340.2460000000001,3.417091830242647,343.66309183024276,343.66309183024276,15.169289515346293,34.0,21.35411764705882,9.425454291003716,0.3235294117647059,0.1764705882352941,0.4413881410034245,False,,0.8966666666666666,False,True,0.7149219102583111,False,263.5360108113756,435.34644972339936,206.7184794761431,484.03851339470873,0.53885,0.3619,0.08565,0.11135,0.53885,0.46115,279.58441813078605,403.0342003532661,18.358333333333334,0.03277777777777757,False,Sustainable
Stefon Diggs,WR,,32.0,,Active,11.0,2449,2976212.0,28534.0,a1c40664-b265-4083-aad2-54b4c734f2c5,00-0031588,13.0,0.0,8.0,1.0,3.0,47.0,496.0,3.0,64.0,0.0,0.0,0.0,0.0,0.0,85.0,1013.0,4.0,102.0,0.7837500000000001,0.1170018281535649,0.5376470588235295,0.2116182572614107,164.3,164.3,173.0,10.0,-,,,,190.4940095007705,,-23.46437546331046,25.0,13.288800000000002,6.491569096399832,0.16,0.2,0.4884992697910896,False,,0.7585126050420168,True,False,0.5290893540560828,False,99.55931630063378,268.4263576407472,62.75952256039523,311.6744006385359,0.0987,0.15725,0.14755,0.0104,0.33105,0.66895,154.92059233940617,216.01718399035383,10.975862068965517,1.5489655172413812,True,TD-lucky
Kenny Gainwell,RB,TB,27.0,10.0,Active,5.0,7567,,,e2a5882a-dcc1-4800-889f-3b957b21834f,00-0036919,0.0,0.0,290.0,1.0,75.0,16.0,116.0,0.0,22.0,0.0,0.0,537.0,5.0,114.0,73.0,486.0,3.0,85.0,0.26,0.0526315789473684,0.4964705882352941,0.1628352490421455,118.1,118.1,97.0,8.0,2 out of 5 stars,166.5,166.42,53.67158184549956,212.07719063059915,220.09158184549955,0.0,34.0,8.408823529411764,8.26241463155124,0.1176470588235294,0.5294117647058824,0.9825886585265552,False,,0.8870252100840335,True,False,1.095706810336266,False,98.4901389079518,255.02757150596176,66.86087365832675,318.865982035125,0.0909,0.15915,0.2409,0.01735,0.3614,0.6386,109.08748071803343,245.01207220575915,8.356842105263159,-0.4015789473684217,True,Sustainable
Travis Etienne,RB,NO,27.0,8.0,Active,5.0,7543,,,970693f0-0af4-4627-ac0c-bf519f7433ee,00-0036973,0.0,0.0,558.0,2.0,150.0,39.0,254.0,0.0,52.0,0.0,0.0,1107.0,7.0,260.0,36.0,292.0,6.0,52.0,0.5393333333333333,0.0996168582375478,0.6011764705882353,0.0950639853747714,46.6,46.6,47.0,5.0,3 out of 5 stars,235.1,234.68,53.15048231689532,260.0016360420941,287.8304823168953,47.92444541149496,32.0,12.065625,6.4753432777356394,0.09375,0.1875,0.5366769875357174,False,,0.8786218487394957,True,False,0.5984606326267142,False,175.5823545415228,343.2832634546899,126.17842117396395,400.8214872079408,0.24635,0.33725,0.2474,0.03745,0.7277,0.2723,192.46720186610756,318.05148579102405,12.645151515151516,-0.32090909090909214,True,Sustainable
Drew Sample,TE,CIN,30.0,6.0,Active,7.0,6001,3127310.0,31884.0,15a4f552-ecaf-45bd-9006-aa5dda93bee6,00-0035631,0.0,0.0,-4.0,0.0,1.0,20.0,109.0,1.0,22.0,0.0,0.0,3.0,0.0,1.0,15.0,106.0,1.0,20.0,0.571764705882353,0.0350318471337579,0.5358823529411765,0.0328947368421052,170.0,170.0,,,,33.7,33.809999999999995,4.594695725402175,38.40469572540217,38.40469572540217,-138.88828093085033,23.0,2.973913043478261,2.979508408400826,0.0,0.7391304347826086,1.0018814823570028,False,,0.7540672268907562,False,True,1.1346085154238572,False,17.037723215310756,56.22844205788985,10.65966154312388,71.97927125011775,0.00085,0.00935,0.0499,0.0,0.00085,0.99915,24.021233108604154,50.87748638872971,3.0127272727272727,0.09636363636363665,False,Sustainable
Ben Skowronek,WR,PIT,29.0,9.0,Active,5.0,7757,,,5521ba64-e615-4d50-b9bf-490498571ac7,00-0036862,0.0,0.0,0.0,0.0,0.0,5.0,69.0,0.0,5.0,0.0,0.0,0.0,0.0,0.0,4.0,69.0,1.0,6.0,0.156,0.0108695652173913,0.1541176470588235,0.0114942528735632,170.0,170.0,,,,11.7,11.7,1.611789939335005,13.311789939335004,13.311789939335004,-200.64659502474595,25.0,1.152,2.160655764654179,0.0,0.96,1.8755692401511967,False,,0.7998991596638655,False,True,2.031412898904512,True,6.993445556548254,19.320826066860672,4.584023297855461,23.83759825158739,0.0,0.0,0.0,0.0,0.0,1.0,9.101436504157746,17.597021753773912,1.7260000000000002,1.1539999999999997,False,TD-lucky
Stone Smartt,TE,PHI,27.0,10.0,Active,4.0,8583,,,6ee105f0-ca2e-11ec-be96-e90abdfa0fef,00-0037475,0.0,0.0,0.0,0.0,0.0,16.0,208.0,0.0,19.0,0.0,0.0,0.0,0.0,0.0,7.0,52.0,0.0,9.0,0.192,0.0386965376782077,0.0986666666666666,0.0190677966101694,170.0,170.0,,,,,,,,,,15.0,3.2666666666666666,3.599338563574993,0.0,0.6,1.101838335788263,False,,,True,False,1.2478074307399405,False,,,,,,,,,,,,,4.361,0.3390000000000004,True,Sustainable
CJ Dippre,TE,NE,24.0,11.0,Active,1.0,12984,,,e98ccf30-2531-11f0-b18c-b9f05412231c,00-0040566,,,,,,,,,,,,,,,,,,,,,0.16,,170.0,170.0,,,,9.2,9.43,1.2246951681057578,10.654695168105755,10.654695168105755,-166.63828148814676,,,,,,,True,,,False,False,1.0,False,4.874347387945651,15.294844197770948,3.350410719630733,20.088419414131405,0.0,0.0,0.00025,0.0,0.0,1.0,5.662557123187224,14.557235892563371,,,False,
Tyjae Spears,RB,TEN,25.0,9.0,Active,3.0,9508,,,af71f149-7758-40b7-973a-9fe6320cf4f5,00-0039032,0.0,0.0,312.0,4.0,84.0,30.0,224.0,1.0,35.0,0.0,0.0,283.0,2.0,72.0,45.0,264.0,0.0,50.0,0.4275,0.0690335305719921,0.4592307692307692,0.0943396226415094,162.6,162.6,138.0,9.0,3 out of 5 stars,136.4,136.42,31.246211201789485,155.48638307534372,167.66621120178948,-56.590807555255424,25.0,9.012,6.756744778367762,0.12,0.32,0.749749753480666,False,,0.8197983193277311,False,True,0.8360628873618332,True,92.78702460147244,220.03641431279257,57.76891164227283,261.5744842202907,0.03,0.1334,0.2697,0.00195,0.28325,0.71675,116.67890304702844,195.61082777045985,8.374,0.6379999999999981,False,Sustainable
Rasheen Ali,RB,BAL,25.0,13.0,Active,2.0,11570,,,9aeb79b0-e55b-4341-8c6b-233971b667a7,00-0039796,0.0,0.0,31.0,0.0,10.0,0.0,0.0,0.0,2.0,0.0,0.0,24.0,0.0,7.0,9.0,68.0,1.0,11.0,0.0783333333333333,0.0043763676148796,0.13,0.027027027027027,170.0,170.0,438.0,15.0,3 out of 5 stars,0.0,0.0,17.4,17.4,17.4,-194.6771906305991,20.0,1.365,2.630844371159791,0.0,0.95,1.9273585136701763,False,,0.7407450980392157,False,True,2.1492410186728423,True,6.899801052986617,26.585818283593326,4.1159492462172915,34.71571762899855,0.0,0.0,0.0,0.0,0.0,1.0,10.843774412920755,23.62380922280973,2.3249999999999997,-0.04999999999999982,False,Sustainable
Kyle Monangai,RB,CHI,24.0,10.0,Active,1.0,12534,,,6edec23b-f938-40f7-a151-1db5374880dd,00-0040236,,,,,,,,,,0.0,0.0,783.0,5.0,169.0,18.0,164.0,0.0,30.0,,,0.4088235294117647,0.056390977443609,121.2,121.2,96.0,8.0,2 out of 5 stars,155.8,155.97000000000003,36.040860242985694,180.70343092111725,192.01086024298573,-31.373759709481902,17.0,8.394117647058824,6.367050984191514,0.0588235294117647,0.4705882352941176,0.7585134318938734,False,,0.8535999999999999,False,True,0.8458354631366723,False,111.07141318255032,246.61253501010523,74.07776507524393,292.50120727541906,0.061,0.1824,0.2978,0.00555,0.3827,0.6173,128.57472035431636,226.7040594226885,9.441052631578946,-0.8199999999999985,False,Sustainable
Ronnie Rivers,RB,LAR,27.0,11.0,Active,4.0,8195,,,246db560-cb4e-11ec-a667-6354702e3fca,00-0037557,0.0,0.0,99.0,0.0,22.0,5.0,34.0,0.0,6.0,0.0,0.0,46.0,0.0,9.0,0.0,0.0,0.0,0.0,0.0735294117647058,0.011090573012939,0.0245454545454545,0.0,169.9,169.9,474.0,15.0,5 out of 5 stars,,,,,,,12.0,1.9083333333333337,3.48149871942147,0.0,0.9166666666666666,1.8243661411815564,False,,,False,True,2.034391897456957,False,,,,,,,,,,,,,2.9266666666666667,-0.29333333333333345,False,Sustainable
Trent Taylor,WR,,31.0,,Active,9.0,4218,3040569.0,30290.0,3e2e74e9-18a8-4275-9437-b275db27e2ff,00-0033292,0.0,0.0,0.0,0.0,0.0,1.0,11.0,0.0,1.0,,,,,,,,,,0.095,0.0019493177387914,,,170.0,170.0,,,,,,,,,,,,,,,,True,,0.6773333333333332,False,False,1.0,False,,,,,,,,,,,,,,,True,
Tanner Conner,TE,NYG,28.0,8.0,Active,4.0,8849,,,4f2ecf70-d3b2-11ec-96a0-c3471a31202c,00-0037348,0.0,0.0,0.0,0.0,0.0,3.0,16.0,0.0,4.0,0.0,0.0,0.0,0.0,0.0,9.0,91.0,0.0,15.0,0.04875,0.0070422535211267,0.3433333333333333,0.0324675324675324,170.0,170.0,,,,27.3,27.3,3.2662687694142165,30.56626876941422,30.56626876941422,-146.72670788683828,12.0,1.8916666666666664,1.6295333037034831,0.0,1.0,0.8614272971119735,False,,,True,False,0.9755472717415984,True,13.02623568554158,41.80967956804176,8.77189393323927,55.02020076640414,0.0003,0.0038,0.02055,0.0,0.0003,0.9997,15.265717243027057,40.05324558222964,3.4344444444444444,-0.9122222222222223,False,Buy-low
Desmond Ridder,QB,,26.0,,Active,4.0,8159,,,6bf35760-217c-401d-b80b-2ae7cc5d7564,00-0038122,458.0,2.0,36.0,0.0,9.0,0.0,0.0,0.0,0.0,,,,,,,,,,0.3333333333333333,,,,170.0,170.0,,,,,,,,,,,,,,,,True,,0.7594117647058823,False,False,1.0,False,,,,,,,,,,,,,,,True,
Teddy Bridgewater,QB,DET,33.0,6.0,Active,12.0,2152,16728.0,27560.0,d4cb52a9-f6b4-42ed-b40b-27bff5f1eea7,00-0031237,,,,,,,,,,62.0,0.0,4.0,0.0,3.0,0.0,0.0,0.0,0.0,,,0.1225,,169.9,169.9,,,,11.0,12.406,-1.2936292502561622,11.11237074974384,11.11237074974384,-317.38143156515264,,,,,,,True,,,True,False,1.0,False,4.207060127897624,16.267072793279063,2.6707874701271677,22.401856053318888,0.0,0.0,0.02765,0.0,0.0,1.0,4.95717606478189,15.675673093088662,,,True,
Barion Brown,WR,NO,22.0,8.0,Active,0.0,13533,,,6b60ad35-8051-4253-8f8d-29279a213352,BRO268113,,,,,,,,,,,,,,,,,,,,,,,170.0,170.0,,,,0.0,0.0,0.0,0.0,0.0,-213.95838496408095,,,,,,,True,190.0,,False,False,1.0,False,0.0,0.0,0.0,0.0,0.0,0.0,0.0,0.0,0.0,1.0,0.0,0.0,,,False,
Eddy Pineiro,K,SF,30.0,8.0,Active,8.0,5189,4034949.0,31482.0,1c50997f-c56e-47f9-a750-33ab100ed28b,00-0034173,0.0,0.0,0.0,0.0,0.0,0.0,0.0,0.0,0.0,0.0,0.0,0.0,0.0,0.0,0.0,0.0,0.0,0.0,,,,,149.6,149.6,213.0,11.0,5 out of 5 stars,132.6,35.8,117.26019331573664,153.06019331573663,153.06019331573663,3.5007032231681308,31.0,8.03225806451613,5.224837292316652,0.2580645161290322,0.3225806451612903,0.6504817512522738,False,,0.9408403361344538,False,True,1.1415266244238913,False,104.59985238240048,198.91272007506024,83.46069924404966,234.1284398681657,0.474,0.36375,0.16225,0.1258,0.474,0.526,107.23429138406496,192.39702474681357,,,False,
Emmett Johnson,RB,KC,22.0,5.0,Active,0.0,13337,,,ec3e0874-c2bc-49f6-b4b1-dfc874eecb9b,JOH224817,,,,,,,,,,,,,,,,,,,,,,,169.9,169.9,185.0,10.0,3 out of 5 stars,34.5,34.620000000000005,7.786492171280376,42.40649217128038,42.40649217128038,-169.67069845931877,,,,,,,True,161.0,,False,False,1.0,False,14.27427714127738,58.94714355290619,8.916873106220558,82.52239755543648,0.00065,0.00305,0.0102,0.0,0.0071,0.9929,17.869778279995728,56.80924527266299,,,False,
Gage Larvadain,WR,CLE,24.0,11.0,Active,1.0,13101,,,a514f5d0-260d-11f0-81c1-eb0abefb169c,00-0040259,,,,,,,,,,0.0,0.0,3.0,0.0,1.0,7.0,71.0,0.0,14.0,,,0.2361538461538462,0.0268199233716475,170.0,170.0,,,,0.0,0.0,8.35,8.35,8.35,-205.60838496408095,13.0,1.1076923076923078,1.7783239011597125,0.0,1.0,1.6054312996580735,False,,,False,True,1.7388288209330731,True,5.05113528875623,11.73885486561036,3.499560240817866,14.13799476783995,0.0,0.0,0.0,0.0,0.0,1.0,5.858925409511845,10.844203950034732,,,False,
Brian Thomas,WR,JAX,23.0,7.0,Active,2.0,11631,,,271a233e-68b3-4261-a3aa-7667eaf9d3cc,00-0039893,0.0,0.0,48.0,0.0,6.0,87.0,1282.0,10.0,133.0,0.0,0.0,21.0,1.0,3.0,48.0,707.0,2.0,91.0,0.7935294117647059,0.2547892720306513,0.7764285714285715,0.1663619744058501,101.0,101.0,92.0,7.0,4 out of 5 stars,175.3,175.07000000000002,19.777135599639692,185.90444562109911,194.84713559963973,-28.053939342981835,31.0,13.50967741935484,7.586275099973182,0.2258064516129032,0.1612903225806451,0.5615437633695527,False,,0.8645882352941175,False,True,0.6082032162760006,False,124.8077267002118,246.33285379565768,92.53927640654976,288.4153653184727,0.0639,0.12325,0.16375,0.00855,0.264,0.736,137.89684774477163,228.31452398770628,12.9375,0.5906250000000011,False,Sustainable
David Montgomery,RB,HOU,29.0,8.0,Active,7.0,5892,4035538.0,31905.0,1c9e1cd5-8cb1-4a15-a2c8-3a0c0fd5423c,00-0035685,3.0,1.0,775.0,12.0,185.0,36.0,341.0,0.0,38.0,3.0,1.0,716.0,8.0,158.0,24.0,192.0,0.0,29.0,0.4185714285714286,0.0727969348659003,0.3705882352941176,0.0527272727272727,72.6,72.6,66.0,6.0,4 out of 5 stars,192.0,191.6,43.906128361537114,232.00303615991712,235.5061283615371,19.925845529317968,31.0,12.73032258064516,6.67355551605038,0.1612903225806451,0.1612903225806451,0.5242251697688064,False,,0.8450084033613445,True,False,0.5845753293414823,False,142.1168508757622,317.4253111305221,94.81339119850142,377.6152379834352,0.18145,0.27845,0.2656,0.02645,0.60405,0.39595,168.66341989053015,289.0921024148746,11.8640625,0.330937500000001,True,Sustainable
Scotty Miller,WR,CHI,28.0,10.0,Active,7.0,6290,3914397.0,32040.0,85e18d5f-8a3f-4b6c-88fe-dfdaaed5554e,00-0035298,0.0,0.0,0.0,0.0,0.0,5.0,69.0,0.0,9.0,0.0,0.0,0.0,0.0,0.0,9.0,62.0,0.0,14.0,0.25,0.0195652173913043,0.1930769230769231,0.0268199233716475,170.0,170.0,,,,,,,,,,11.0,2.463636363636364,2.6789075113832235,0.0,0.9090909090909092,1.087379432664777,False,,,True,False,1.1777313032392391,False,,,,,,,,,,,,,3.856666666666667,-0.8455555555555558,True,Sustainable
Darius Cooper,WR,PHI,24.0,10.0,Active,1.0,13150,,,2aa4ddb0-2775-11f0-9d31-3b5afe6c6d5f,00-0040024,,,,,,,,,,0.0,0.0,0.0,0.0,0.0,9.0,92.0,0.0,11.0,,,0.2584615384615384,0.0237068965517241,170.0,170.0,,,,8.5,8.86,1.0682356112212974,9.928235611221297,9.928235611221297,-204.03014935285967,,,,,,,True,,,False,True,1.0,False,5.991262654948264,13.52272604667455,4.209831498424453,16.345269500615814,0.0,0.0,0.0,0.0,0.0,1.0,6.962437556795421,12.549327576045188,,,False,
Jonathon Brooks,RB,CAR,23.0,5.0,Active,2.0,11583,,,5c842941-844b-4f6a-bce4-26b377146674,00-0039344,0.0,0.0,22.0,0.0,9.0,3.0,23.0,0.0,3.0,,,,,,,,,,0.11,0.0057915057915057,,,130.8,130.8,143.0,9.0,1 out of 5 stars,133.5,133.95999999999998,31.32982875696999,165.28982875696997,165.28982875696997,-46.78736187362918,,,,,,,True,,,False,False,1.0,False,66.75558134075776,239.1289499964084,41.75681873993008,325.0846682172563,0.09865,0.1113,0.1715,0.03025,0.28915,0.71085,83.2618490934793,227.8011837018633,,,False,
Kyle Allen,QB,BUF,30.0,7.0,Active,8.0,5127,3115293.0,31301.0,d2023f5b-f73b-43ad-a816-f10dadfdfaed,00-0034577,19.0,0.0,0.0,0.0,0.0,0.0,0.0,0.0,0.0,0.0,0.0,-3.0,0.0,3.0,0.0,0.0,0.0,0.0,0.03,,0.0833333333333333,,170.0,170.0,,,,9.1,10.496000000000002,-0.4933284448142039,10.0026715551858,10.0026715551858,-318.49113075971064,,,,,,,True,,,True,False,1.0,True,3.77596912526773,14.592920560808126,2.4326590737183467,20.070560763496157,0.0,0.0,0.01935,0.0,0.0,1.0,4.52109688238923,14.212026897081875,,,True,
Tory Horton,WR,SEA,23.0,11.0,Active,1.0,12497,,,66dd47a3-fb5d-434f-a580-b2069e2904f8,00-0040648,,,,,,,,,,0.0,0.0,0.0,0.0,0.0,13.0,161.0,5.0,22.0,,,0.48125,0.0483516483516483,170.7,170.7,262.0,12.0,3 out of 5 stars,94.4,94.69,22.12341808261461,116.8134180826146,116.8134180826146,-97.14496688146636,8.0,7.3875,7.934812537168097,0.125,0.5,1.074086299447458,False,,,False,True,1.163333625080292,False,69.22978715757414,161.22131099911132,48.87656082251725,194.8474301847752,0.0068,0.0217,0.045,0.0006,0.04815,0.95185,79.97374441652349,149.41488258726315,,,False,
Dylan Sampson,RB,CLE,21.0,11.0,Active,1.0,12469,,,6ea71d26-623a-4178-a93a-215678244902,00-0040162,,,,,,,,,,0.0,0.0,175.0,0.0,65.0,33.0,271.0,2.0,40.0,,,0.2646666666666666,0.0766283524904214,170.6,170.6,140.0,9.0,3 out of 5 stars,107.9,107.77,29.39571113067235,126.30267555026695,137.16571113067235,-85.7745150803322,15.0,5.973333333333334,5.721571545684014,0.0,0.6,0.9578523792997792,False,,0.830070588235294,False,True,1.068122826564459,True,73.13055982146872,179.33904145577958,46.525059746131895,216.43097531378945,0.0118,0.0626,0.18535,0.00065,0.1467,0.8533,89.13044760363348,162.51263879831626,5.958,-0.11799999999999944,False,Sustainable
Ross Dwelley,TE,,30.0,,Active,8.0,5285,3120303.0,31329.0,70473218-5ae3-47b4-86fd-151e68f1e8b9,00-0034073,0.0,0.0,0.0,0.0,0.0,1.0,5.0,0.0,1.0,0.0,0.0,0.0,0.0,0.0,2.0,7.0,0.0,5.0,0.0988235294117647,0.0018552875695732,0.1727272727272727,0.009090909090909,170.0,170.0,,,,,,,,,,8.0,0.525,0.7265377779972235,0.0,1.0,1.3838814818994734,False,,,True,False,1.5672150262789557,False,,,,,,,,,,,,,,,True,
David Moore,WR,CAR,31.0,5.0,Active,9.0,4274,4212909.0,30339.0,aecc1809-4628-4c3a-8b2b-c8f2858d2492,00-0033589,0.0,0.0,0.0,0.0,1.0,32.0,351.0,3.0,57.0,0.0,0.0,12.0,0.0,1.0,1.0,5.0,0.0,1.0,0.5394117647058824,0.11003861003861,0.3275,0.0020833333333333,170.0,170.0,,,,9.4,9.510000000000002,2.0150717269276655,11.525071726927669,11.525071726927669,-202.43331323715327,18.0,4.877777777777778,5.031612483390045,0.0555555555555555,0.7222222222222222,1.0315378667542232,False,,0.632252100840336,False,True,1.1172497838917683,False,3.6755660514794934,18.721089009969912,1.8321873269559843,22.927637689114185,0.0,0.0,0.0,0.0,0.0,1.0,8.82507242296889,13.533604057237936,6.389375,-0.9018750000000004,False,Sustainable
Zack Moss,RB,,27.0,,Active,5.0,6845,4035676.0,32756.0,d8fef424-aa41-4c26-9bce-1265b53cd5e2,00-0036251,0.0,0.0,242.0,2.0,74.0,23.0,187.0,1.0,27.0,,,,,,,,,,0.6175,0.0429936305732484,,,170.0,170.0,,,,,,,,,,8.0,10.4875,6.342923503513862,0.125,0.25,0.6048079621944087,False,,0.7603529411764706,False,False,0.6744350215844697,False,,,,,,,,,,,,,12.11625,-1.8787500000000001,False,Buy-low
Jelani Woods,TE,NYJ,27.0,13.0,Active,4.0,8219,,,321af8f8-b4de-4ed2-a86f-7f97a85a13d4,00-0037755,,,,,,,,,,0.0,0.0,0.0,0.0,0.0,1.0,4.0,0.0,3.0,,,0.2274999999999999,0.0063559322033898,170.0,170.0,,,,0.0,0.0,0.0,0.0,0.0,-177.2929766562525,,,,,,,True,,,False,True,1.0,False,0.0,0.0,0.0,0.0,0.0,0.0,0.0,0.0,0.0,1.0,0.0,0.0,,,False,
,DEF,MIA,,6.0,,,MIA,,,,,,,,,,,,,,,,,,,,,,,,,,,,,,,,,,,,,,,,,,,,True,,,False,False,1.0,True,,,,,,,,,,,,,,,False,
Reggie Virgil,WR,ARI,22.0,14.0,Active,0.0,13297,,,5c342ca7-20ec-4278-8d30-f8134d5a0fd3,VIR271235,,,,,,,,,,,,,,,,,,,,,,,170.0,170.0,,,,8.1,7.93,1.0292588439806205,8.95925884398062,8.95925884398062,-204.99912612010033,,,,,,,True,143.0,,False,False,1.0,True,5.107815641381,11.621530846506484,3.59129451284618,14.023828100903296,0.0,0.0,0.0,0.0,0.0,1.0,5.943295796042754,10.73711443829086,,,False,
Charlie Woerner,TE,ATL,28.0,11.0,Active,6.0,7075,4035020.0,32860.0,527dfee0-a242-4dc7-830a-ab7028308259,00-0036429,0.0,0.0,0.0,0.0,0.0,7.0,46.0,0.0,12.0,0.0,0.0,0.0,0.0,0.0,8.0,48.0,0.0,9.0,0.424375,0.0222634508348794,0.5082352941176471,0.0173410404624277,170.0,170.0,,,,30.8,30.840000000000003,4.34419220793963,35.18419220793963,35.18419220793963,-142.10878444831286,19.0,1.2842105263157897,1.4818393817200213,0.0,0.9473684210526316,1.153891321831164,False,,,False,True,1.3067562807362214,True,17.95876414126404,49.7540414305299,12.556438115463829,62.64428759539094,0.0003,0.0044,0.02865,0.0,0.0003,0.9997,21.16561212621678,47.020738730496234,2.2385714285714284,-0.49571428571428533,False,Sustainable
Gunnar Helm,TE,TEN,23.0,9.0,Active,1.0,12502,,,beb69cba-f240-43ed-88d3-50d066cf55d4,00-0040584,,,,,,,,,,0.0,0.0,0.0,0.0,0.0,44.0,357.0,2.0,55.0,,,0.525625,0.1037735849056603,169.8,169.8,205.0,11.0,3 out of 5 stars,111.4,111.41,14.948694001144045,126.35869400114404,126.35869400114404,-50.93428265510846,16.0,5.73125,3.988603556801971,0.0,0.5,0.6959395518956548,False,,0.8506352941176469,False,True,0.7881360776760086,True,76.39317350734139,171.45712383417023,56.72409907256822,206.43337373915136,0.13105,0.3018,0.31455,0.0177,0.13105,0.86895,85.71794723127483,161.800193319785,5.40625,0.3250000000000002,False,Sustainable
Rashod Bateman,WR,BAL,26.0,13.0,Active,5.0,7571,,,d9f8b92b-69d4-4d83-9bf2-106ee523efed,00-0036550,0.0,0.0,0.0,0.0,0.0,45.0,756.0,9.0,72.0,0.0,0.0,0.0,0.0,0.0,19.0,224.0,2.0,38.0,0.6900000000000001,0.1575492341356674,0.693076923076923,0.0933660933660933,170.6,170.6,236.0,11.0,4 out of 5 stars,133.4,133.39,13.59040423213419,123.62595736430237,146.98040423213416,-90.33242759977858,29.0,7.862068965517241,6.795082980314487,0.0689655172413793,0.5172413793103449,0.8642868703031585,False,,0.8503193277310925,False,True,0.9361016693503204,True,82.94058719870006,168.1979750531844,60.364551616938705,196.0503367185064,0.0041,0.02015,0.0496,0.0004,0.0436,0.9564,94.72047066729688,154.77175206394946,7.13,1.160322580645162,False,TD-lucky
Kendric Pryor,WR,CIN,28.0,6.0,Active,4.0,8783,,,73f7ecc0-d2ee-11ec-96a0-c3471a31202c,00-0037422,0.0,0.0,0.0,0.0,0.0,1.0,9.0,0.0,1.0,,,,,,,,,,0.125,0.001592356687898,,,170.0,170.0,,,,,,,,,,,,,,,,True,,,False,False,1.0,False,,,,,,,,,,,,,,,False,
River Cracraft,WR,,31.0,,Active,9.0,4854,3052056.0,30955.0,6124c4d4-337b-4926-b3f8-d2feb1c16fa9,00-0034054,0.0,0.0,0.0,0.0,0.0,7.0,66.0,0.0,9.0,0.0,0.0,0.0,0.0,0.0,0.0,0.0,0.0,0.0,0.2275,0.0158450704225352,0.05,0.0,170.0,170.0,,,,,,,,,,,,,,,,True,,,True,False,1.0,False,,,,,,,,,,,,,,,True,
Jacoby Jones,WR,WAS,25.0,7.0,Active,1.0,13120,,,8f191b60-2628-11f0-a704-37f5177ae09e,00-0040317,,,,,,,,,,0.0,0.0,0.0,0.0,0.0,1.0,25.0,0.0,1.0,,,,0.0023148148148148,170.0,170.0,,,,,,,,,,,,,,,,True,,,False,True,1.0,False,,,,,,,,,,,,,,,False,
Jase McClellan,RB,,23.0,,Active,1.0,11590,,,a23f5b88-d1a4-4321-8df9-425b9a1c1696,00-0039393,0.0,0.0,32.0,0.0,13.0,0.0,0.0,0.0,0.0,,,,,,,,,,0.15,0.0,,,170.0,170.0,,,,,,,,,,,,,,,,True,,,False,False,1.0,False,,,,,,,,,,,,,,,True,
Dallen Bentley,TE,DEN,25.0,10.0,Active,0.0,13577,,,4b40205a-7f62-4fd4-bc25-c470cc76a70f,BEN687044,,,,,,,,,,,,,,,,,,,,,,,170.0,170.0,,,,28.5,28.5,3.769391167596111,32.26939116759611,32.26939116759611,-145.0235854886564,,,,,,,True,256.0,,False,False,1.0,False,14.185986175073088,44.089166780407176,9.907903048567832,57.62562936579088,0.00045,0.00325,0.0244,0.0001,0.00045,0.99955,16.433385702269,42.09417709344977,,,False,
Ainias Smith,WR,CAR,25.0,5.0,Active,2.0,11615,,,83a78cfb-5e71-4131-b706-3661bb6396e1,00-0039747,0.0,0.0,6.0,0.0,2.0,7.0,41.0,1.0,9.0,,,,,,,,,,0.1999999999999999,0.0215311004784689,,,170.0,170.0,,,,,,,,,,,,,,,,True,,,False,False,1.0,False,,,,,,,,,,,,,,,False,
Xavier Gipson,WR,NYG,25.0,8.0,Active,3.0,11306,,,840a7940-ebaa-11ed-a11b-41cbcb1c4445,00-0038496,0.0,0.0,5.0,0.0,1.0,6.0,39.0,1.0,10.0,0.0,0.0,0.0,0.0,0.0,2.0,6.0,0.0,2.0,0.1811764705882353,0.0169779286926994,0.0214285714285714,0.0043103448275862,170.0,170.0,,,,,,,,,,23.0,0.8260869565217391,1.6782613815559644,0.0,0.9565217391304348,2.031579567146694,False,,0.8167058823529411,True,False,2.2003863411195357,True,,,,,,,,,,,,,2.3280000000000003,-0.4280000000000004,False,Sustainable
Terry McLaurin,WR,WAS,30.0,7.0,Active,7.0,5927,3121422.0,31908.0,7e8c4641-2beb-4213-ba22-69fe0307005f,00-0035659,0.0,0.0,2.0,0.0,2.0,82.0,1096.0,13.0,117.0,0.0,0.0,0.0,0.0,0.0,38.0,582.0,3.0,60.0,0.8047058823529412,0.2321428571428571,0.704,0.1388888888888889,58.4,58.4,41.0,5.0,2 out of 5 stars,214.8,214.89,24.725930882868763,231.7045574843209,239.61593088286875,17.746172520239952,27.0,14.22222222222222,7.161023419194801,0.2592592592592592,0.1481481481481481,0.5035094591621344,False,,0.8253193277310925,False,True,0.5453467609545248,False,158.50126223001888,300.0393926199371,104.72947601297852,333.8677915385542,0.1589,0.2524,0.2,0.0119,0.5195,0.4805,196.8499649480933,255.74864521054417,12.356666666666666,2.200000000000001,False,TD-lucky
Aaron Jones,RB,MIN,31.0,6.0,Active,9.0,4199,3042519.0,30295.0,27dd5b6e-ea65-4622-a6b4-460fd144407c,00-0033293,0.0,0.0,1138.0,5.0,255.0,51.0,408.0,2.0,62.0,0.0,0.0,548.0,2.0,132.0,28.0,199.0,1.0,41.0,0.6323529411764706,0.1199226305609284,0.5508333333333333,0.0876068376068376,113.3,113.3,105.0,8.0,4 out of 5 stars,174.8,174.75000000000003,38.045969030417645,197.4831832761544,212.79596903041767,-14.594007354444756,29.0,12.7,5.4205297579796445,0.1034482758620689,0.1034482758620689,0.4268133667700507,False,,0.7329915966386553,False,True,0.4759492272318509,False,87.10139340998798,296.2842629402889,51.87107001747757,358.8602906820055,0.1449,0.20635,0.19945,0.02375,0.45235,0.54765,147.535074102229,242.74691460543772,13.914,-1.6039999999999992,False,Buy-low
Christian Kirk,WR,SF,29.0,8.0,Active,8.0,4950,3895856.0,31017.0,ebcd87ce-218c-4144-810b-921c2f59d6e8,00-0034775,0.0,0.0,0.0,0.0,0.0,27.0,379.0,1.0,47.0,0.0,0.0,0.0,0.0,0.0,28.0,239.0,1.0,52.0,0.7,0.0900383141762452,0.4861538461538461,0.0940325497287522,170.9,170.9,255.0,12.0,2 out of 5 stars,104.8,104.55,12.517929926187191,117.0679299261872,117.0679299261872,-96.89045503789374,19.0,6.778947368421053,5.672798539949555,0.0,0.5263157894736842,0.8368258715764094,False,,,True,False,0.9063588980166312,False,71.15055674262193,160.0868196972675,49.78142434335163,189.40251096046325,0.00435,0.0185,0.0425,0.0007,0.03945,0.96055,83.60886327747394,147.3908205002572,8.890476190476189,-0.9285714285714279,True,Sustainable
Raheim Sanders,RB,CLE,24.0,11.0,Active,1.0,12472,,,09b7c5d0-23ca-11f0-97f8-1902f784caec,00-0040466,,,,,,,,,,0.0,0.0,92.0,1.0,27.0,3.0,21.0,0.0,4.0,,,0.2575,0.0076628352490421,170.0,170.0,368.0,14.0,3 out of 5 stars,,,,,,,,,,,,,True,,,False,True,1.0,True,,,,,,,,,,,,,,,False,
Jalen Coker,WR,CAR,24.0,5.0,Active,2.0,11646,,,67977ab0-070b-11ef-978d-05d80704d329,00-0039491,19.0,0.0,0.0,0.0,0.0,32.0,478.0,2.0,46.0,0.0,0.0,0.0,0.0,0.0,33.0,394.0,3.0,43.0,0.6636363636363636,0.0888030888030888,0.6936363636363636,0.0895833333333333,160.6,160.6,131.0,9.0,2 out of 5 stars,152.7,152.87,18.851261589467843,170.2216352126644,171.72126158946784,-43.73674975141654,22.0,8.316363636363636,6.225216420376041,0.0454545454545454,0.4545454545454545,0.7485502910377837,False,,,False,True,0.8107483766210081,False,105.0941473302456,232.30177110509536,73.48131286399423,274.55134344929104,0.0519,0.0972,0.13205,0.00685,0.21275,0.78725,122.61298623027449,213.5107567398912,7.449130434782609,1.6534782608695648,False,TD-lucky
Kendrick Bourne,WR,ARI,30.0,14.0,Active,9.0,4454,3045523.0,30551.0,5aba3610-ab55-4922-ac46-806ded5eb8bf,00-0033307,0.0,0.0,6.0,0.0,1.0,28.0,305.0,1.0,38.0,0.0,0.0,0.0,0.0,0.0,37.0,551.0,0.0,53.0,0.5833333333333334,0.076,0.566875,0.0963636363636363,170.0,170.0,360.0,14.0,2 out of 5 stars,50.2,50.470000000000006,6.771334940147542,57.241334940147546,57.241334940147546,-156.7170500239334,26.0,6.046153846153847,5.893673270158825,0.0384615384615384,0.6538461538461539,0.974780566311256,False,,0.7412857142857142,True,False,1.0557764403549827,True,26.70933245062403,82.76252926860431,16.601997004749915,98.6369422963085,0.0,0.0,0.00015,0.0,0.0,1.0,44.024134991427374,66.95885076954218,5.483333333333333,0.3388888888888886,True,Sustainable
Mason Taylor,TE,NYJ,22.0,13.0,Active,1.0,12498,,,07d2be51-73c2-4f26-81d5-bc6e9b88bff2,00-0040736,,,,,,,,,,0.0,0.0,0.0,0.0,0.0,44.0,369.0,1.0,65.0,,,0.8107692307692307,0.1377118644067796,170.0,170.0,244.0,11.0,4 out of 5 stars,97.7,97.78000000000002,13.47953388548882,111.25953388548884,111.25953388548884,-66.03344277076367,13.0,6.684615384615385,4.869436338675171,0.0769230769230769,0.3076923076923077,0.7284542278800601,False,,,False,True,0.824958225702304,False,62.59210748369948,153.664920059538,44.29445784540229,188.00917091590367,0.09175,0.2363,0.31005,0.01265,0.09175,0.90825,73.65359240271263,143.50622804522666,7.594615384615385,-0.756153846153846,False,Buy-low
Cam Skattebo,RB,NYG,24.0,8.0,Active,1.0,12481,,,e1f0c72d-f4d0-4c24-93a4-8a12b9a2efd2,00-0040715,,,,,,,,,,0.0,0.0,410.0,5.0,101.0,24.0,207.0,2.0,32.0,,,0.5225,0.0636182902584493,43.5,43.5,55.0,6.0,4 out of 5 stars,244.3,244.19000000000003,51.50101679016869,265.60606936336274,295.6910167901687,53.52887873276359,8.0,15.9625,8.730396407298551,0.25,0.125,0.54693164650265,False,,,False,True,0.6098958344990757,True,171.16191075201186,368.4837985323476,105.41242497469888,422.75552110637057,0.3124,0.3193,0.17865,0.0473,0.73805,0.26195,220.7287751470267,317.5950298299481,14.4,1.5625,False,Sustainable
Xavier Hutchinson,WR,HOU,26.0,8.0,Active,3.0,10218,,,aed98af2-b228-4b74-a804-2d210bd11122,00-0038618,0.0,0.0,0.0,0.0,0.0,12.0,117.0,0.0,26.0,0.0,0.0,22.0,0.0,3.0,35.0,428.0,3.0,57.0,0.470625,0.0475319926873857,0.5747058823529412,0.1030741410488245,170.0,170.0,349.0,14.0,3 out of 5 stars,72.3,72.28,9.361982829261,81.641982829261,81.641982829261,-132.31640213481995,30.0,4.056666666666667,4.6012504547271105,0.0,0.8666666666666667,1.134244154821802,False,,0.8335126050420169,False,True,1.228490080390907,False,46.95289651545175,112.7104060525389,31.822716892837953,137.41924394222835,0.0005,0.0035,0.00945,0.0,0.0072,0.9928,55.24645399631929,104.13659545274396,5.224117647058824,-0.8770588235294117,False,Sustainable
David Sills,WR,TB,30.0,10.0,Active,7.0,6154,3871102.0,32418.0,97f6c20c-1110-4551-82c1-41d3247397a2,00-0035359,,,,,,,,,,0.0,0.0,0.0,0.0,0.0,18.0,191.0,2.0,36.0,,,0.5241176470588236,0.0693641618497109,170.0,170.0,,,,,,,,,,12.0,4.091666666666667,4.679055525002948,0.0,0.6666666666666666,1.1435573584528589,False,,,True,False,1.2385771310746383,False,,,,,,,,,,,,,5.135,-1.043333333333333,True,Sustainable
DeeJay Dallas,RB,JAX,27.0,7.0,Active,6.0,6931,4240631.0,32814.0,48ef5bfa-7b91-4ed1-ad12-e94c0bc101c2,00-0036425,0.0,0.0,49.0,0.0,9.0,3.0,11.0,1.0,3.0,0.0,0.0,21.0,0.0,3.0,0.0,0.0,0.0,1.0,0.0458823529411764,0.005736137667304,0.0616666666666666,0.0018281535648994,170.0,170.0,,,,0.0,0.0,15.6,15.6,15.6,-196.47719063059915,21.0,0.8142857142857144,1.7338643875129662,0.0,0.9523809523809524,2.129307142559783,False,,0.7861848739495798,False,True,2.3744384968772305,False,6.427687403309953,22.779372754289547,3.929553551145213,30.486188977990818,0.0,0.0,5e-05,0.0,0.0,1.0,8.551893483324056,21.270713565441294,1.7,0.4375000000000002,False,Sustainable
Jordan Whittington,WR,LAR,25.0,11.0,Active,2.0,11623,,,7cc58a3b-157a-4f43-a7de-5bc403f9ce6b,00-0039751,0.0,0.0,12.0,0.0,2.0,22.0,293.0,0.0,28.0,0.0,0.0,12.0,0.0,3.0,18.0,171.0,0.0,25.0,0.292,0.0517560073937153,0.4082352941176471,0.0430292598967297,169.9,169.9,395.0,14.0,1 out of 5 stars,41.2,40.809999999999995,22.92437056347655,63.734370563476546,63.734370563476546,-150.2240144006044,29.0,3.0620689655172413,4.23214010309403,0.0,0.8620689655172413,1.3821178264608884,False,,0.8449803921568627,False,True,1.496959920419777,False,36.15643620637758,88.08308593899986,25.008047916589213,108.0909409262656,0.0001,0.0008,0.00215,0.0,0.00145,0.99855,42.05633024400914,82.41424885379243,4.415238095238095,0.17999999999999972,False,Sustainable
Ian Thomas,TE,LV,30.0,13.0,Active,8.0,4995,4045305.0,31071.0,ed8a8fd2-df67-45e7-a34f-984afb82f6ea,00-0034365,0.0,0.0,0.0,0.0,0.0,3.0,7.0,0.0,6.0,0.0,0.0,0.0,0.0,0.0,13.0,114.0,0.0,13.0,0.344,0.0115830115830115,0.3593333333333334,0.0263157894736842,170.0,170.0,,,,16.5,16.689999999999998,2.180117518883358,18.870117518883355,18.870117518883355,-158.42285913736916,12.0,2.341666666666667,2.254473666990039,0.0,0.8333333333333334,0.9627645552982372,False,,,False,True,1.0903094647680092,True,10.076224317417946,26.3611205648731,7.104041500287494,33.20876328593262,0.0,0.0,0.00055,0.0,0.0,1.0,11.712748533106431,24.79125485827561,2.6740000000000004,0.13599999999999968,False,Sustainable
Tank Bigsby,RB,PHI,23.0,10.0,Active,3.0,9225,,,2034916c-8062-46e3-8d0c-d0dec694e2d1,00-0038555,0.0,0.0,766.0,7.0,168.0,7.0,54.0,0.0,12.0,0.0,0.0,356.0,2.0,63.0,3.0,32.0,0.0,4.0,0.36125,0.0229885057471264,0.1264705882352941,0.0086206896551724,168.2,168.2,174.0,10.0,4 out of 5 stars,67.2,67.57,23.24086833059377,90.81086833059376,90.81086833059376,-121.26632230000538,31.0,5.961290322580646,6.96441801441943,0.064516129032258,0.6451612903225806,1.168273584669926,False,,0.8366050420168067,False,True,1.3027682662024178,False,46.69917126257639,128.43743743762252,30.718516888312585,161.30284371697496,0.00415,0.0189,0.07195,0.00025,0.04745,0.95255,55.94157245206323,119.67907132958224,6.648888888888889,0.19185185185185105,False,Sustainable
,DEF,DET,,6.0,,,DET,,,,,,,,,,,,,,,,,,,,,,,,,,,,,,,,,,,,,,,,,,,,True,,,False,False,1.0,False,,,,,,,,,,,,,,,False,
Joe Mixon,RB,,29.0,,Active,9.0,4018,3116385.0,30161.0,7797f36e-87e8-4282-b6d2-bdb1774fc3b3,00-0033897,0.0,0.0,1016.0,11.0,245.0,36.0,309.0,1.0,52.0,,,,,,,,,,0.6171428571428572,0.0950639853747714,,,169.9,169.9,308.0,13.0,-,,,,,,,14.0,17.178571428571427,9.7778539859945,0.4285714285714285,0.1428571428571428,0.5691890054217174,False,,0.8485882352941175,False,False,0.6347155182355959,False,,,,,,,,,,,,,17.32625,-0.11375000000000313,True,Sustainable
Zavion Thomas,WR,CHI,22.0,10.0,Active,0.0,13411,,,3f22d5fe-e6e4-4aab-8992-caf75caf999a,THO417520,,,,,,,,,,,,,,,,,,,,,,,169.9,169.9,400.0,14.0,3 out of 5 stars,8.7,8.68,1.0163454178517102,9.69634541785171,9.69634541785171,-204.26203954622923,,,,,,,True,89.0,,False,False,1.0,False,5.37330210150428,12.178353003843226,3.765450264343435,14.637750287743998,0.0,0.0,0.0,0.0,0.0,1.0,6.256153860667368,11.307201435867093,,,False,
AJ Barner,TE,SEA,24.0,11.0,Active,2.0,11603,,,e96127b4-d381-43d4-b0ae-8790c706756f,00-0039793,0.0,0.0,0.0,0.0,0.0,30.0,245.0,4.0,38.0,0.0,0.0,14.0,1.0,10.0,52.0,519.0,6.0,68.0,0.4505882352941177,0.0667838312829525,0.7729411764705882,0.1494505494505494,169.2,169.2,188.0,10.0,3 out of 5 stars,130.0,130.02,15.721804232086235,148.532890930578,145.74180423208625,-28.76008572567451,32.0,7.05625,5.689261956783431,0.09375,0.40625,0.8062727308107608,False,,0.8657254901960784,False,True,0.9130859510246566,False,97.0332318697063,197.27293081969427,74.65039878146638,233.26399951656563,0.2177,0.3847,0.26015,0.02835,0.2177,0.7823,106.18877404999536,185.7177939858392,6.004411764705883,1.1926470588235283,False,Sustainable
,DEF,BUF,,7.0,,,BUF,,,,,,,,,,,,,,,,,,,,,,,,,,,,,,,,,,,,,,,,,,,,True,,,False,False,1.0,True,,,,,,,,,,,,,,,False,
Kendre Miller,RB,NO,24.0,8.0,Active,3.0,9757,,,66627686-34fe-4599-84ac-e436fd7d798a,00-0038551,0.0,0.0,148.0,1.0,39.0,5.0,33.0,0.0,8.0,0.0,0.0,193.0,1.0,47.0,5.0,30.0,0.0,5.0,0.2799999999999999,0.0154738878143133,0.2428571428571428,0.0088495575221238,170.0,170.0,274.0,12.0,3 out of 5 stars,40.7,40.43000000000001,20.72823066763076,61.15823066763077,61.15823066763077,-150.9189599629684,13.0,4.8,3.24114177412837,0.0,0.8461538461538461,0.6752378696100771,False,,,False,True,0.7529730023936743,False,32.772851818772416,86.30506392602513,21.355061752974475,105.72154470443402,0.0001,0.001,0.01095,0.0,0.00375,0.99625,41.00689833259829,78.59633832938425,4.707692307692308,0.09230769230769198,False,Sustainable
Joshua Palmer,WR,BUF,26.0,7.0,Active,5.0,7670,,,857fcc59-10e8-4194-bd7d-41bc5f72a47f,00-0036988,0.0,0.0,0.0,0.0,0.0,39.0,584.0,1.0,65.0,0.0,0.0,0.0,0.0,0.0,22.0,303.0,0.0,37.0,0.66,0.1323828920570264,0.4833333333333333,0.0772442588726513,170.0,170.0,344.0,14.0,4 out of 5 stars,69.19999999999999,69.03,8.471252952496727,77.50125295249673,77.50125295249673,-136.45713201158424,27.0,5.7666666666666675,3.608110521929939,0.0,0.5925925925925926,0.6256839055369836,False,,0.7914957983193277,False,True,0.6776728521322513,True,44.68294290074336,110.86924051488074,28.492409573523865,130.61034858150748,5e-05,0.00045,0.00265,0.0,0.0012,0.9988,60.906807197749785,95.72551107704624,6.926296296296297,-1.0448148148148144,False,Sustainable
Rhamondre Stevenson,RB,NE,28.0,11.0,Active,5.0,7611,,,6260e78a-64e2-4f7e-9bf8-39948a17a370,00-0036875,0.0,0.0,801.0,7.0,207.0,33.0,168.0,1.0,41.0,0.0,0.0,603.0,7.0,130.0,32.0,345.0,2.0,37.0,0.6153333333333334,0.082,0.5935714285714286,0.0767634854771784,109.2,109.2,87.0,7.0,2 out of 5 stars,185.9,185.50000000000003,38.84342254899283,206.02103520873823,224.3434225489929,-6.056155421860922,29.0,12.36896551724138,8.532044782895827,0.1724137931034483,0.3103448275862069,0.6897945322107025,False,,0.8113949579831933,False,True,0.7692054657025731,False,116.06803755708708,288.26575976402455,73.36730685164258,343.3999565306165,0.1222,0.24015,0.2691,0.01505,0.5016,0.4984,151.28494987724685,254.6199496910738,11.770000000000001,0.49060606060606027,False,Sustainable
Kyle Williams,WR,NE,23.0,11.0,Active,1.0,12547,,,3aa9330e-5201-4e99-ba55-0102f76bfe05,00-0040131,,,,,,,,,,0.0,0.0,3.0,0.0,2.0,10.0,209.0,3.0,21.0,,,0.308235294117647,0.0435684647302904,169.9,169.9,275.0,12.0,2 out of 5 stars,22.0,22.38,8.710047722021631,31.09004772202163,31.09004772202163,-182.8683372420593,14.0,3.5142857142857147,5.074803087177509,0.0,0.7857142857142857,1.4440496589529497,False,,0.8375058823529411,False,True,1.5640377550760034,False,17.2051581493602,43.41635810534881,11.647945006452366,53.60739109286502,0.0,0.0,5e-05,0.0,0.0,1.0,20.257670217656084,40.30178064966326,2.91375,0.37375000000000025,False,Sustainable
Kyren Williams,RB,LAR,25.0,11.0,Active,4.0,8150,,,19d44771-8f1d-4127-9b7d-230da137f15d,00-0037840,0.0,0.0,1299.0,14.0,316.0,34.0,182.0,2.0,40.0,0.0,0.0,1252.0,10.0,259.0,36.0,281.0,3.0,50.0,0.86375,0.0739371534195933,0.6829411764705882,0.0860585197934595,39.7,39.7,42.0,5.0,5 out of 5 stars,243.0,242.53,48.7716182893393,280.53379984228565,291.30161828933933,68.4566092116865,33.0,16.527272727272727,6.001524427555506,0.2121212121212121,0.0303030303030303,0.3631285407211803,False,,0.8450084033613445,False,True,0.404932839029827,False,191.20453841072896,371.9044196767968,126.2151600513088,423.88255707510706,0.3301,0.34475,0.17695,0.04805,0.786,0.214,224.9170004313628,331.54021261758885,15.384473684210526,0.9418421052631558,False,Sustainable
,DEF,PHI,,10.0,,,PHI,,,,,,,,,,,,,,,,,,,,,,,,,,,,,,,,,,,,,,,,,,,,True,,,False,False,1.0,False,,,,,,,,,,,,,,,False,
Romeo Doubs,WR,NE,26.0,11.0,Active,4.0,8121,,,5f559fde-3a5f-4df6-99a2-cd1a4b103c68,00-0037816,0.0,0.0,0.0,0.0,0.0,46.0,601.0,4.0,72.0,0.0,0.0,0.0,0.0,0.0,55.0,724.0,6.0,85.0,0.7738461538461539,0.1551724137931034,0.775625,0.1847826086956521,145.7,145.7,127.0,9.0,2 out of 5 stars,164.3,164.13000000000002,22.831942492866556,176.52200949495565,186.96194249286657,-37.436375469125295,29.0,10.120689655172416,6.547157469922394,0.0344827586206896,0.2758620689655172,0.6469082338253813,False,,0.8671260504201681,True,False,0.7006607394000971,False,115.54228624892453,235.5644571270481,85.60439329678634,277.52844157577096,0.05345,0.10365,0.13915,0.00705,0.2237,0.7763,128.5339806594944,219.1983538748922,10.435161290322581,0.11967741935483822,True,Sustainable
Hassan Haskins,RB,,26.0,,Active,4.0,8123,,,f3a50b5d-0197-4ae8-b5a5-bb54484b8941,00-0037617,0.0,0.0,89.0,2.0,34.0,3.0,49.0,1.0,3.0,0.0,0.0,47.0,0.0,17.0,4.0,13.0,0.0,4.0,0.1141176470588235,0.0061099796334012,0.0999999999999999,0.0073529411764705,170.0,170.0,,,,,,,,,,23.0,1.9478260869565216,3.260210473576178,0.0,0.8695652173913043,1.6737687699163413,False,,,True,False,1.866457366682424,False,,,,,,,,,,,,,3.286470588235294,-0.7394117647058822,True,Sustainable
Carson Wentz,QB,MIN,33.0,6.0,Active,10.0,3161,2573079.0,29236.0,e9a5c16b-4472-4be9-8030-3f77be7890cb,00-0032950,118.0,0.0,0.0,0.0,3.0,0.0,0.0,0.0,0.0,1216.0,6.0,57.0,0.0,11.0,0.0,0.0,0.0,0.0,0.3233333333333333,,0.932,,170.0,170.0,,,,,,,,,,,,,,,,True,,,False,True,1.0,False,,,,,,,,,,,,,,,False,
Graham Mertz,QB,HOU,25.0,8.0,Active,1.0,12705,,,54cfd592-9878-4ac3-ab29-f00f8b2e9440,00-0040211,,,,,,,,,,,,,,,,,,,,,,,170.0,170.0,,,,,,,,,,,,,,,,True,,,False,False,1.0,False,,,,,,,,,,,,,,,False,
Pat Freiermuth,TE,PIT,27.0,9.0,Active,5.0,7600,,,04f0fefe-9d9d-44f5-94ea-6df2a42df3c6,00-0036894,0.0,0.0,0.0,0.0,0.0,65.0,653.0,7.0,78.0,0.0,0.0,0.0,0.0,0.0,41.0,486.0,4.0,54.0,0.6929411764705882,0.1695652173913043,0.5035294117647059,0.1034482758620689,168.9,168.9,237.0,11.0,2 out of 5 stars,133.9,134.18999999999997,16.80540565828829,143.01185693524218,150.99540565828826,-34.28111972101033,32.0,8.934375000000001,6.014584927893089,0.125,0.21875,0.6731959345665576,False,,0.8344873949579831,False,True,0.7623794364489177,True,86.59032443827334,194.879274290492,62.39425805425593,234.28492636486783,0.2079,0.3423,0.26175,0.03255,0.2079,0.7921,100.24787542859023,180.2112817587036,6.449705882352941,2.1208823529411767,False,TD-lucky
Dareke Young,WR,LV,27.0,13.0,Active,4.0,8527,,,2da144c9-7845-4199-bcc1-48405c14d436,00-0037093,0.0,0.0,0.0,0.0,0.0,0.0,0.0,0.0,1.0,0.0,0.0,0.0,0.0,0.0,2.0,48.0,0.0,3.0,0.0307142857142857,0.0017574692442882,0.0944444444444444,0.0065934065934065,170.0,170.0,,,,0.0,0.0,6.44,6.44,6.44,-207.51838496408095,15.0,0.4533333333333333,1.2794343988467642,0.0,1.0,2.82228176216198,False,,,True,False,3.05678908209042,True,3.3574805096316935,9.077270643052906,2.3229966790229315,11.395165341020316,0.0,0.0,0.0,0.0,0.0,1.0,3.94197677177143,8.501749529913875,,,True,
Emari Demercado,RB,KC,27.0,5.0,Active,3.0,11199,,,44b4cbf0-e8fe-11ed-bc6e-a5c4d3ccbdd1,00-0038705,0.0,0.0,223.0,1.0,24.0,16.0,104.0,0.0,20.0,0.0,0.0,312.0,0.0,44.0,13.0,101.0,1.0,20.0,0.2030769230769231,0.0382409177820267,0.2323076923076923,0.0324149108589951,170.2,170.2,303.0,12.0,3 out of 5 stars,82.5,82.39,20.89884567238944,103.28884567238944,103.28884567238944,-108.7883449582097,25.0,4.6,4.437153742359322,0.0,0.72,0.9645986396433308,False,,,True,False,1.0756457338752514,False,35.431641750387556,129.60489199451928,21.923311352608156,175.1092917012039,0.0125,0.03085,0.07565,0.00225,0.07405,0.92595,45.0268346269908,122.62387139447804,4.1775,0.5308333333333328,True,Sustainable
Javon Baker,WR,,23.0,,Active,2.0,11645,,,901992cc-f4b7-45e8-800e-c2dce6ae5199,00-0039853,0.0,0.0,0.0,0.0,0.0,1.0,12.0,0.0,4.0,,,,,,,,,,0.1272727272727272,0.008,,,170.0,170.0,,,,,,,,,,,,,,,,True,,,False,False,1.0,False,,,,,,,,,,,,,,,True,
Theo Wease,WR,MIA,25.0,6.0,Active,1.0,12860,,,277f6ff0-2442-11f0-ac20-e1591f73b631,00-0040311,,,,,,,,,,0.0,0.0,0.0,0.0,0.0,6.0,139.0,1.0,10.0,,,0.3233333333333333,0.0216450216450216,170.0,170.0,,,,145.3,145.3,17.470388443684666,162.77038844368468,162.77038844368468,-51.18799652039627,,,,,,,True,,,False,True,1.0,True,99.35096670706297,221.18124011371376,69.45988419836607,266.0728664304606,0.045,0.083,0.11775,0.0082,0.18065,0.81935,113.85866093374288,204.23761215479163,,,False,
Philip Rivers,QB,,44.0,,Active,22.0,331,5529.0,6763.0,e47706c7-e14d-41fb-b13b-83a835a1f3bc,00-0022942,,,,,,,,,,544.0,4.0,-1.0,0.0,2.0,0.0,0.0,0.0,0.0,,,0.97,,169.6,169.6,,,,,,,,,,,,,,,,True,,,True,False,1.0,False,,,,,,,,,,,,,,,True,
Cam Miller,QB,MIA,25.0,6.0,Active,1.0,12688,,,065b4e2a-5071-4b33-aef8-0b3eb99dce35,00-0040222,,,,,,,,,,,,,,,,,,,,,,,170.0,170.0,,,,,,,,,,,,,,,,True,,,False,False,1.0,True,,,,,,,,,,,,,,,False,
Dillon Gabriel,QB,CLE,25.0,11.0,Active,1.0,12486,,,299d4fe8-188c-43d1-95d3-8a8f103da5c5,00-0040704,,,,,,,,,,937.0,7.0,86.0,0.0,14.0,0.0,0.0,0.0,0.0,,,0.562,,169.9,169.9,,,,,,,,,,10.0,8.408,8.723394853941771,0.0,0.7,1.0375112813917426,False,,,False,True,1.6804700405427928,True,,,,,,,,,,,,,8.304444444444444,-0.5177777777777779,False,Sustainable
Josh Whyle,TE,GB,26.0,11.0,Active,3.0,10212,,,601467c7-b593-472d-a147-b8e7bfdbe990,00-0038589,0.0,0.0,0.0,0.0,0.0,28.0,248.0,1.0,37.0,0.0,0.0,0.0,0.0,0.0,5.0,36.0,1.0,6.0,0.32,0.0729783037475345,0.39875,0.0130434782608695,170.0,170.0,,,,23.6,23.6,2.8825794897834114,26.48257948978341,26.48257948978341,-150.8103971664691,21.0,3.4952380952380957,3.7244430711820784,0.0,0.6666666666666666,1.0655763555153084,False,,0.7252436974789916,False,True,1.2067415438777205,False,10.564164425474251,39.74651917867551,6.466913743683749,51.271739457154574,0.0,0.00205,0.0127,0.0,0.0,1.0,16.2929465592703,35.00103664975598,3.2285714285714286,0.44285714285714306,False,Sustainable
Travis Vokolek,TE,ARI,27.0,14.0,Active,3.0,11381,,,1d1eb430-f01e-11ed-97df-a94b89ac5704,00-0038456,,,,,,,,,,0.0,0.0,0.0,0.0,0.0,0.0,0.0,0.0,0.0,0.2,,0.108,0.0,170.0,170.0,,,,,,,,,,,,,,,,True,,,False,True,1.0,True,,,,,,,,,,,,,,,False,
Malik Willis,QB,MIA,27.0,6.0,Active,4.0,8161,,,55aefcf9-4dfb-4994-883f-4d537a6f1ddb,00-0038128,550.0,3.0,138.0,1.0,20.0,0.0,0.0,0.0,0.0,422.0,3.0,123.0,2.0,22.0,0.0,0.0,0.0,0.0,0.4642857142857143,,0.4225,,166.7,166.7,129.0,9.0,3 out of 5 stars,270.9,294.2300000000001,-44.60593759503536,249.62406240496472,249.62406240496472,-78.86973990993175,10.0,11.898,11.83007260238828,0.2,0.6,0.9942908558067136,False,,,True,False,1.6104653749186062,True,128.1249877781509,339.9100774126606,84.3722731717771,425.7770342800981,0.2051,0.3598,0.4048,0.06295,0.2051,0.7949,152.40762147215665,317.7940217963104,7.053,3.445000000000001,True,TD-lucky
DJ Chark,WR,,28.0,,Active,7.0,4951,3115394.0,31031.0,c2a7bd8a-d141-423a-8810-0988a59ff0b4,00-0034777,0.0,0.0,0.0,0.0,0.0,4.0,31.0,1.0,10.0,,,,,,,,,,0.2171428571428571,0.020366598778004,,,170.0,170.0,,,,,,,,,,,,,,,,True,,0.7371372549019607,False,False,1.0,False,,,,,,,,,,,,,,,False,
Sione Vaki,RB,DET,24.0,6.0,Active,2.0,11729,,,f5e0334b-b5f1-422f-a437-199c36cc108d,00-0039364,0.0,0.0,14.0,0.0,6.0,3.0,37.0,0.0,3.0,0.0,0.0,4.0,0.0,1.0,0.0,0.0,0.0,0.0,0.021875,0.0057471264367816,0.0009090909090909,0.0,170.0,170.0,,,,,,,,,,17.0,0.5,1.12527774349269,0.0,1.0,2.25055548698538,False,,,False,True,2.509645264812394,False,,,,,,,,,,,,,,,False,
Jaylen Warren,RB,PIT,27.0,9.0,Active,4.0,8228,,,7e397190-ca24-11ec-9f1c-b7114d38a85b,00-0037228,0.0,0.0,511.0,1.0,120.0,38.0,310.0,0.0,47.0,0.0,0.0,958.0,6.0,211.0,40.0,333.0,2.0,45.0,0.4493333333333333,0.1021739130434782,0.5075000000000001,0.0862068965517241,98.9,98.9,64.0,6.0,2 out of 5 stars,192.5,192.62,51.593342503282315,222.71059985529317,244.21334250328232,10.63340922469402,31.0,11.070967741935483,5.783551016943778,0.032258064516129,0.1612903225806451,0.5224069974512154,False,,0.8702184873949579,False,True,0.5825478443166331,True,164.17191281596956,294.8173168230567,117.68431716122716,334.06728655849946,0.1163,0.35815,0.3215,0.0063,0.6566,0.3434,181.37957444726905,269.47993139461386,10.779393939393941,-0.07030303030303209,False,Sustainable
Spencer Rattler,QB,NO,25.0,8.0,Active,2.0,11562,,,e0eecf78-86b2-4ee8-8ac9-d7713a138765,00-0039376,1317.0,4.0,146.0,0.0,18.0,0.0,0.0,0.0,0.0,1586.0,8.0,167.0,0.0,31.0,1.0,0.0,0.0,2.0,0.8814285714285715,,0.8166666666666667,,169.9,169.9,,,,10.2,11.078,-0.9892956461342118,10.088704353865788,10.088704353865788,-318.40509796103066,16.0,12.52625,6.419411058137135,0.0625,0.5,0.5124766836153785,False,,,False,True,0.8300649147035146,False,5.49098962247745,14.226718383614124,3.648084739647192,17.481150169773947,0.0,0.0,0.0041,0.0,0.0,1.0,6.496986114283299,13.255784953349895,12.905,-2.0037499999999984,False,Buy-low
Ty Chandler,RB,NO,28.0,8.0,Active,4.0,8230,,,a0833a94-60ce-4a3a-a32a-d067fe7b253d,00-0037276,0.0,0.0,182.0,0.0,56.0,6.0,42.0,0.0,6.0,0.0,0.0,47.0,0.0,17.0,3.0,11.0,0.0,4.0,0.1394117647058823,0.011605415860735,0.2233333333333333,0.0085470085470085,170.0,170.0,437.0,15.0,3 out of 5 stars,38.1,38.1,16.856892469080325,54.95689246908033,54.95689246908033,-157.1202981615188,17.0,2.1882352941176473,2.8534808464709327,0.0,0.8235294117647058,1.304010064247469,False,,0.7441680672268908,True,False,1.4541310809403858,False,14.86840397488638,70.51419952826062,8.92357289447549,99.09622210648124,0.0017,0.0065,0.0185,0.0003,0.0156,0.9844,21.574999369237656,65.22752269930294,4.910833333333334,-1.810833333333334,True,Buy-low
Gardner Minshew,QB,ARI,30.0,14.0,Active,7.0,6011,4038524.0,32010.0,dabb52c0-455b-48fe-996b-abf758120623,00-0035289,2013.0,9.0,58.0,0.0,19.0,0.0,0.0,0.0,0.0,37.0,0.0,2.0,0.0,6.0,0.0,0.0,0.0,0.0,0.865,,0.1675,,169.9,169.9,439.0,15.0,2 out of 5 stars,9.7,10.846000000000002,-0.8984173110660906,9.947582688933911,9.947582688933911,-318.5462196259626,14.0,8.571428571428571,8.156744125279078,0.0,0.5714285714285714,0.9516201479492258,False,,0.7349579831932773,True,False,1.5413510939952475,True,2.7138743196429043,14.494342715336227,1.575374652616408,21.240265012898117,0.0,0.0,0.0265,0.0,0.0,1.0,3.989885768465286,13.878949693938068,8.462857142857143,-1.177142857142857,True,Sustainable
Mike White,QB,,30.0,,Active,8.0,5089,3051381.0,31141.0,f4808328-86e9-459d-a2bc-18e90c7d211e,00-0034401,28.0,0.0,0.0,0.0,0.0,0.0,0.0,0.0,0.0,,,,,,,,,,0.3,,,,170.0,170.0,,,,,,,,,,,,,,,,True,,,False,False,1.0,False,,,,,,,,,,,,,,,True,
,DEF,SF,,8.0,,,SF,,,,,,,,,,,,,,,,,,,,,,,,,,,,,,,,,,,,,,,,,,,,True,,,False,False,1.0,False,,,,,,,,,,,,,,,False,
Jarrett Stidham,QB,DEN,29.0,10.0,Active,7.0,6136,3892775.0,31965.0,582fe465-135a-4901-beef-60aebce99067,00-0035264,0.0,0.0,5.0,0.0,4.0,0.0,0.0,0.0,0.0,0.0,0.0,-1.0,0.0,1.0,0.0,0.0,0.0,0.0,0.0666666666666666,,0.06,,170.0,170.0,,,,11.2,13.178,-1.2112937947729063,11.966706205227094,11.966706205227094,-316.5270961096694,,,,,,,True,,,False,True,1.0,False,4.82382849350607,17.391653281414886,3.064801296351315,23.70398825219147,0.0,0.0,0.0295,0.0,0.0,1.0,5.72603396410835,16.7046394219249,,,False,
Kyle McCord,QB,GB,23.0,11.0,Active,1.0,12494,,,451c7689-4fc2-410a-a33f-22dfa2ab37d4,00-0040014,,,,,,,,,,,,,,,,,,,,,,,170.0,170.0,,,,,,,,,,,,,,,,True,,,False,False,1.0,False,,,,,,,,,,,,,,,True,
Xavier Legette,WR,CAR,25.0,5.0,Active,2.0,11626,,,0bb0c37c-e76b-4529-92b0-b026be4f7d6c,00-0039342,0.0,0.0,24.0,0.0,6.0,49.0,497.0,4.0,84.0,0.0,0.0,0.0,0.0,1.0,35.0,363.0,3.0,64.0,0.698125,0.1621621621621621,0.6786666666666666,0.1333333333333333,170.1,170.1,276.0,12.0,2 out of 5 stars,70.7,71.09,10.708528429590746,81.79852842959075,81.79852842959075,-132.1598565344902,30.0,7.1466666666666665,5.921831807306165,0.0333333333333333,0.5666666666666667,0.8286145252760493,False,,0.8547843137254901,False,True,0.8974652595228698,False,50.92075235117943,110.65819158710497,36.70523747483057,130.85658526635797,0.0001,0.00105,0.0059,0.0,0.0037,0.9963,57.8518581609763,102.92483005050389,8.299354838709679,-1.3251612903225816,False,Buy-low
Carson Steele,RB,PHI,23.0,10.0,Active,2.0,11582,,,56312980-07cc-11ef-ae1a-ef16ff05bbda,00-0039325,0.0,0.0,183.0,0.0,56.0,7.0,26.0,0.0,11.0,,,,,,,,,,0.1876470588235294,0.0192307692307692,,,170.0,170.0,,,,,,,,,,13.0,2.146153846153846,2.2426232350439457,0.0,0.9230769230769232,1.044949894464921,False,,,False,False,1.165247233305444,False,,,,,,,,,,,,,4.101666666666667,-2.1099999999999994,True,Buy-low
Keon Coleman,WR,BUF,23.0,7.0,Active,2.0,11637,,,6752915f-efe5-473d-a520-78cadfab6dda,00-0039901,0.0,0.0,9.0,0.0,1.0,29.0,556.0,4.0,57.0,0.0,0.0,0.0,0.0,0.0,38.0,404.0,4.0,59.0,0.7284615384615385,0.1151515151515151,0.6523076923076924,0.1231732776617954,170.1,170.1,251.0,12.0,4 out of 5 stars,59.1,59.4,6.845105223094009,66.24510522309401,66.24510522309401,-147.71327974098693,25.0,8.476,5.570254332912756,0.04,0.44,0.6571796051100467,False,,,False,True,0.7117855732214412,True,44.24850336218356,90.39570312026557,31.07735236392654,104.82845790289886,0.0,0.0,0.00045,0.0,0.0001,0.9999,51.912524303956474,81.81887970379674,8.269,-0.4790000000000001,False,Sustainable
Justin Shorter,WR,LV,26.0,13.0,Inactive,3.0,9489,,,0e4f0529-f178-463e-8aa6-0b8cfa3e916f,00-0038590,0.0,0.0,0.0,0.0,0.0,0.0,0.0,0.0,0.0,0.0,0.0,0.0,0.0,0.0,0.0,0.0,0.0,0.0,0.037,0.0,0.0128571428571428,0.0,170.0,170.0,,,,,,,,,,,,,,,,True,,,False,True,1.0,True,,,,,,,,,,,,,,,False,
Frank Gore,RB,BUF,24.0,7.0,Active,2.0,11573,,,cd4c8e90-06f7-11ef-a3ab-0317e25dec4e,00-0039471,,,,,,,,,,,,,,,,,,,,,,,170.0,170.0,,,,35.0,35.00000000000001,7.041531309535455,42.041531309535465,42.041531309535465,-170.0356593210637,,,,,,,True,,,False,False,1.0,True,14.965258435065309,61.69717451523693,9.232730019746183,86.10872930320384,0.001,0.00325,0.01135,0.00035,0.00885,0.99115,18.640905950347676,59.44650668729723,,,False,
Tanner Koziol,TE,JAX,22.0,7.0,Active,0.0,13408,,,aa0d8447-26c5-4f82-827a-57890d7b9f70,KOZ404039,,,,,,,,,,,,,,,,,,,,,,,170.0,170.0,468.0,15.0,3 out of 5 stars,18.1,17.93,2.2363067253032747,20.166306725303276,20.166306725303276,-157.12666993094922,,,,,,,True,164.0,,False,False,1.0,False,8.749478889710414,27.591993268978182,5.88584575427524,36.31858568408484,5e-05,0.0003,0.00335,0.0,5e-05,0.99995,10.236472490873268,26.180712691991875,,,False,
Jake Briningstool,TE,KC,23.0,5.0,Active,1.0,12817,,,46190530-23ab-11f0-a8c1-91b88a8cabac,00-0040081,,,,,,,,,,,,,,,,,,,,,,,,,,,,,,,,,,,,,,,,True,,,False,False,1.0,False,,,,,,,,,,,,,,,False,
Noah Fant,TE,NO,28.0,8.0,Active,7.0,5857,4036131.0,31852.0,cdc98acc-9eb6-4b44-81bb-61d7b8a3b55f,00-0035644,0.0,0.0,0.0,0.0,0.0,48.0,500.0,1.0,64.0,0.0,0.0,0.0,0.0,0.0,34.0,288.0,3.0,41.0,0.6328571428571428,0.1124780316344463,0.3793333333333333,0.0674342105263157,170.0,170.0,380.0,14.0,2 out of 5 stars,65.69999999999999,65.92999999999999,9.202123590581522,75.13212359058151,75.13212359058151,-102.160853065671,27.0,6.844444444444445,4.374166587286466,0.037037037037037,0.2592592592592592,0.6390827806100357,False,,0.8260840336134453,True,False,0.723747047639836,False,34.01407656147206,101.1679461060738,23.81070140829392,131.9131910691835,0.02545,0.086,0.18425,0.00365,0.02545,0.97455,39.97411354639067,97.53092368182708,6.20074074074074,0.42148148148148223,True,Sustainable
Quinn Ewers,QB,MIA,23.0,6.0,Active,1.0,12500,,,d89f0384-21a6-44e4-8aa6-324cb2103bf6,00-0040234,,,,,,,,,,622.0,3.0,19.0,0.0,8.0,1.0,-6.0,0.0,1.0,,,0.79,,169.9,169.9,479.0,15.0,3 out of 5 stars,11.5,13.074,-1.1806647584833077,11.893335241516692,11.893335241516692,-316.6004670733798,,,,,,,True,,,False,True,1.0,True,4.6011416533606475,17.333118001500015,2.968667253214952,23.79055879806152,0.0,0.0,0.03215,0.0,0.0,1.0,5.507124482467998,16.760846100623436,,,False,
Trent Sherfield,WR,BUF,30.0,7.0,Active,8.0,5154,3122168.0,31320.0,18ccb826-5584-4f6a-8434-cf9a3b927b0f,00-0034487,0.0,0.0,0.0,0.0,0.0,8.0,83.0,1.0,9.0,0.0,0.0,0.0,0.0,0.0,3.0,21.0,0.0,5.0,0.1611764705882353,0.0174081237911025,0.2366666666666666,0.0068493150684931,170.0,170.0,,,,,,,,,,17.0,1.611764705882353,1.9341930982134308,0.0,0.9411764705882352,1.2000468127601578,False,,,True,False,1.29976037276753,True,,,,,,,,,,,,,2.256923076923077,0.06615384615384601,True,Sustainable
Chase Brown,RB,CIN,26.0,6.0,Active,3.0,9224,,,d74ff06d-905d-4fed-8f98-b5f6d4549333,00-0038597,0.0,0.0,990.0,7.0,229.0,54.0,360.0,4.0,65.0,0.0,0.0,1019.0,6.0,232.0,69.0,437.0,5.0,88.0,0.6275000000000001,0.1035031847133758,,0.1447368421052631,26.7,26.7,21.0,3.0,2 out of 5 stars,277.6,277.58000000000004,59.94726188495204,313.46333612407875,337.52726188495205,101.3861454934796,33.0,16.23030303030303,7.455219851238664,0.2424242424242424,0.0909090909090909,0.4593395352704927,False,,0.8450084033613445,False,True,0.512219892510567,False,209.30082670461152,418.4349346986097,139.17782436523305,480.3949573211048,0.4487,0.29545,0.12755,0.10385,0.82525,0.17475,248.18345691590275,373.0504798696257,16.136666666666667,0.08454545454545226,False,Sustainable
Xavier Restrepo,WR,TEN,24.0,9.0,Active,1.0,12520,,,3ac9d7c0-2560-11f0-af22-1731557928d7,00-0040522,,,,,,,,,,0.0,0.0,0.0,0.0,0.0,3.0,41.0,0.0,7.0,,,0.22,0.0132075471698113,170.0,170.0,,,,,,,,,,,,,,,,True,,,False,True,1.0,True,,,,,,,,,,,,,,,False,
Bo Melton,WR,GB,27.0,11.0,Active,4.0,8204,,,36953df8-fbc3-4505-b5b3-dec8433620dc,00-0037091,0.0,0.0,54.0,0.0,8.0,8.0,91.0,0.0,17.0,0.0,0.0,35.0,0.0,5.0,4.0,107.0,1.0,13.0,0.228235294117647,,,,170.0,170.0,,,,11.5,11.46,11.33690661614796,22.79690661614796,22.79690661614796,-191.16147834793296,26.0,1.7961538461538462,2.6151069988405093,0.0,0.0,1.455948222052532,False,,,False,True,1.5769249863450407,False,12.686794732817487,31.89452385844609,8.74920161801668,39.2698778366807,0.0,0.0,0.0,0.0,0.0,1.0,14.847963158588106,29.707337433435228,3.2060000000000004,-0.7410000000000005,False,Sustainable
Colbie Young,WR,CIN,24.0,6.0,Active,0.0,13477,,,044ebd08-c458-40ca-8c97-51c6e15abdb8,,,,,,,,,,,,,,,,,,,,,,,,170.0,170.0,,,,9.7,9.62,1.1353793555877296,10.75537935558773,10.75537935558773,-203.2030056084932,,,,,,,True,140.0,,False,False,1.0,False,6.162743536821097,13.980959535608257,4.294685069187566,16.756010092210207,0.0,0.0,0.0,0.0,0.0,1.0,7.1648528467066654,12.926843882312758,,,False,
Elijah Arroyo,TE,SEA,23.0,11.0,Active,1.0,12521,,,98bc7c8c-e6e4-4694-a0ef-d3f25274223e,00-0040739,,,,,,,,,,0.0,0.0,0.0,0.0,0.0,15.0,179.0,1.0,26.0,,,0.3953846153846153,0.0571428571428571,170.1,170.1,346.0,14.0,3 out of 5 stars,48.1,48.27,6.028209556487336,54.298209556487336,54.298209556487336,-122.99476709976516,13.0,2.9923076923076923,3.542236002504054,0.0,0.6923076923076923,1.183780669217293,False,,,False,True,1.340605302463803,False,28.20267189417207,76.48598858059631,19.887010827256383,96.64028265308428,0.00445,0.033,0.11495,0.0002,0.00445,0.99555,32.92159175629673,73.16437154890276,3.920769230769231,-1.0823076923076926,False,Buy-low
Mark Andrews,TE,BAL,30.0,13.0,Active,8.0,5012,3116365.0,31056.0,0618f387-9b72-4270-8b8f-dec4cccc9e4a,00-0034753,0.0,0.0,5.0,0.0,4.0,55.0,673.0,11.0,69.0,0.0,0.0,48.0,1.0,10.0,48.0,422.0,5.0,70.0,0.6111764705882353,0.1509846827133479,0.6170588235294118,0.171990171990172,125.0,125.0,133.0,9.0,4 out of 5 stars,164.8,164.66,18.29845495200617,169.59157645648426,182.95845495200615,-7.701400199768244,34.0,9.405882352941177,6.811440517624278,0.2647058823529412,0.2647058823529412,0.7241681600976405,False,,0.812890756302521,False,True,0.8201043491817235,True,104.11916650322487,231.43704527163288,72.6104778175114,273.51187536071444,0.3532,0.3395,0.1776,0.0674,0.3532,0.6468,127.84461551359584,206.73618424440957,8.309166666666666,0.9797222222222217,False,Sustainable
Jayden Higgins,WR,HOU,23.0,8.0,Active,1.0,12484,,,f55444a9-ccad-4343-bb03-caca6ea3de99,00-0040130,,,,,,,,,,0.0,0.0,0.0,0.0,0.0,41.0,525.0,6.0,68.0,,,0.5723529411764706,0.1229656419529837,158.9,158.9,118.0,8.0,3 out of 5 stars,138.0,137.97,16.545294158247795,158.17183134333644,154.5152941582478,-55.78655362074451,17.0,7.617647058823529,5.370548772485645,0.0,0.4117647058823529,0.7050141245734052,False,,0.8728,False,True,0.7635947294874781,False,104.67604243655262,209.89897656377724,78.75364951134642,247.14009035127123,0.027,0.06715,0.11295,0.0039,0.14455,0.85545,113.47962814896228,196.30750073867952,7.405789473684211,0.399473684210526,False,Sustainable
Tylan Wallace,WR,CLE,27.0,11.0,Active,5.0,7595,,,29269863-13cf-4c66-ac3c-5d9a47e2040a,00-0036630,0.0,0.0,0.0,0.0,0.0,11.0,193.0,1.0,12.0,0.0,0.0,0.0,0.0,0.0,4.0,45.0,1.0,8.0,0.2476470588235294,0.0262582056892779,0.2307142857142857,0.0196560196560196,170.0,170.0,,,,,,,,,,23.0,2.208695652173913,4.6629987467565295,0.0434782608695652,0.9130434782608696,2.1112002199881923,False,,,True,False,2.2866227848289555,True,,,,,,,,,,,,,2.4918750000000003,1.1081249999999998,True,Sustainable
Garrett Nussmeier,QB,KC,24.0,5.0,Active,0.0,13404,,,9fc8bed4-d9db-46a2-a75f-737881d23aa7,NUS440041,,,,,,,,,,,,,,,,,,,,,,,170.0,170.0,,,,9.2,11.240000000000002,-0.5387198153686542,10.701280184631347,10.701280184631347,-317.7925221302651,,,,,,,True,249.0,,False,False,1.0,False,3.856069633165697,14.75153496338204,2.4687160047705095,20.31918370282583,0.0,0.0,0.02095,0.0,0.0,1.0,4.623330385295895,14.340590081678394,,,False,
Colson Yankoff,TE,WAS,26.0,7.0,Active,2.0,11942,,,8344b150-0667-11ef-8407-311b2612bbe3,00-0039686,0.0,0.0,0.0,0.0,0.0,0.0,0.0,0.0,0.0,0.0,0.0,0.0,0.0,0.0,2.0,18.0,0.0,3.0,0.0133333333333333,0.0,0.1264285714285714,0.0069444444444444,170.0,170.0,,,,,,,,,,14.0,0.2714285714285714,0.7172903836700271,0.0,1.0,2.6426487819422046,False,,,False,True,2.9927410218344495,False,,,,,,,,,,,,,,,False,
Austin Hooper,TE,ATL,31.0,11.0,Active,10.0,3202,3043275.0,29315.0,90c2a93f-d837-4e1b-b57c-56648903a8db,00-0032392,0.0,0.0,0.0,0.0,0.0,45.0,476.0,3.0,59.0,0.0,0.0,0.0,0.0,0.0,21.0,263.0,2.0,26.0,0.5252941176470588,0.118,0.5,0.0539419087136929,170.0,170.0,408.0,14.0,3 out of 5 stars,55.7,55.6,6.958297507849966,62.55829750784997,62.55829750784997,-114.73467914840252,30.0,5.663333333333333,3.810012519966155,0.0333333333333333,0.3666666666666666,0.6727508863977908,False,,0.7996974789915967,True,False,0.7618754292874432,True,26.797500238287327,85.32043011986413,17.583760952959302,111.65998115250152,0.01605,0.05265,0.14125,0.0016,0.01605,0.98395,32.61377709525787,80.40071547543458,4.784848484848485,0.4666666666666668,True,Sustainable
Justin Jefferson,WR,MIN,27.0,6.0,Active,6.0,6794,4262921.0,32692.0,4131d4ee-0318-4bb5-832a-4dec80668a4f,00-0036322,22.0,0.0,3.0,0.0,1.0,103.0,1533.0,10.0,154.0,0.0,0.0,7.0,0.0,2.0,84.0,1048.0,2.0,141.0,0.9317647058823528,0.2978723404255319,0.9417647058823532,0.3012820512820512,12.0,12.0,9.0,2.0,5 out of 5 stars,269.5,269.49,32.92458441760251,289.7957414112723,302.4145844176025,75.83735644719133,34.0,15.264117647058823,7.590154355298377,0.2647058823529412,0.1176470588235294,0.4972547074649212,False,149.0,0.8503193277310925,False,True,0.5385722932328536,False,207.5370920292544,377.6069551355654,154.3821621153548,423.8546627167184,0.41485,0.2479,0.1341,0.11345,0.7408,0.2592,238.63069825653932,336.323966885663,15.978,-0.8414285714285725,False,Sustainable
Tyrell Shavers,WR,BUF,26.0,7.0,Active,3.0,11377,,,07eb12f0-f011-11ed-ac82-d7e41925e5ba,00-0038679,0.0,0.0,0.0,0.0,0.0,1.0,69.0,1.0,1.0,0.0,0.0,0.0,0.0,0.0,15.0,245.0,1.0,23.0,0.16,0.002020202020202,0.3958823529411764,0.0480167014613778,170.0,170.0,,,,10.9,11.02,1.364960429207429,12.384960429207428,12.384960429207428,-201.5734245348735,12.0,4.95,5.832588697061614,0.0,0.8333333333333334,1.1783007468811342,False,,,False,True,1.276207396006451,True,7.889315723406497,17.12880788340093,5.536585444578082,20.213286703197603,0.0,0.0,0.0,0.0,0.0,1.0,9.132847848815308,15.652149045084402,3.595833333333333,1.5541666666666671,False,TD-lucky
Michael Woods,WR,DEN,26.0,10.0,Inactive,4.0,8202,,,70c462de-b1b5-4c07-8ba2-eb33f3075893,00-0037300,0.0,0.0,0.0,0.0,0.0,7.0,65.0,0.0,17.0,,,,,,,,,,0.8379999999999999,0.0268138801261829,,,170.0,170.0,,,,,,,,,,,,,,,,True,,,False,False,1.0,False,,,,,,,,,,,,,,,True,
Chris Conley,WR,,32.0,,Active,10.0,2381,2578533.0,28464.0,bd01d907-cd57-48cb-9136-5692a4764a20,00-0032128,0.0,0.0,0.0,0.0,0.0,6.0,76.0,0.0,12.0,,,,,,,,,,0.2373333333333333,0.023391812865497,,,170.0,170.0,,,,,,,,,,9.0,1.511111111111111,3.2540146144587476,0.0,0.8888888888888888,2.1533920242741713,False,,,False,False,2.3323203648594766,False,,,,,,,,,,,,,,,False,
Ja'Tavion Sanders,TE,CAR,23.0,5.0,Active,2.0,11600,,,ffd2ff3f-4b56-4232-be8e-bf163c29f406,00-0039356,0.0,0.0,0.0,0.0,0.0,33.0,342.0,1.0,43.0,0.0,0.0,0.0,0.0,0.0,29.0,190.0,1.0,34.0,0.56125,0.083011583011583,0.483076923076923,0.0708333333333333,170.1,170.1,355.0,14.0,2 out of 5 stars,67.6,67.49,8.997277476008515,76.48727747600852,76.48727747600852,-100.805699180244,27.0,4.711111111111111,4.115480468569799,0.0,0.5185185185185185,0.8735689673850988,False,,0.8167058823529412,False,True,0.9892974435193492,False,40.75320688806068,107.4897977693762,28.601000175542534,134.1450684744542,0.02,0.0989,0.23565,0.00185,0.02,0.98,48.68521713993595,99.99670599164928,4.886923076923077,0.005384615384615543,False,Sustainable
Andy Borregales,K,NE,23.0,11.0,Active,1.0,12713,,,80dce1ba-c997-47e6-a37e-e92fefcbdc1b,00-0040200,,,,,,,,,,0.0,0.0,0.0,0.0,0.0,0.0,0.0,0.0,0.0,,,,,170.3,170.3,225.0,11.0,1 out of 5 stars,121.3,37.900000000000006,98.29364139930853,136.19364139930855,136.19364139930855,-13.365848693259949,17.0,8.764705882352942,4.3807735014022615,0.2352941176470588,0.1176470588235294,0.4998197954620029,False,,0.976,False,True,0.877130838544774,False,94.32435395883522,177.01197681022708,76.45771602051458,206.09284009916496,0.3481,0.42465,0.22725,0.0692,0.3481,0.6519,95.9170715515456,172.26638324937275,,,False,
Myles Gaskin,RB,,28.0,,Active,6.0,5980,3886818.0,32066.0,cad49098-1523-4e52-9f50-caa3423e1bb6,00-0035311,0.0,0.0,-1.0,0.0,3.0,1.0,11.0,0.0,1.0,0.0,0.0,6.0,0.0,3.0,0.0,0.0,0.0,0.0,0.022,0.0019342359767891,0.04,0.0,170.0,170.0,,,,,,,,,,,,,,,,True,,,True,False,1.0,False,,,,,,,,,,,,,,,True,
Tanner McKee,QB,PHI,26.0,10.0,Active,3.0,9230,,,93147c90-09c8-471d-a6b2-0b9d19739ba1,00-0038400,323.0,4.0,-1.0,0.0,5.0,0.0,0.0,0.0,0.0,274.0,1.0,8.0,0.0,8.0,0.0,0.0,0.0,0.0,0.66,,0.345,,170.0,170.0,453.0,15.0,5 out of 5 stars,10.3,12.23,-0.3148244046897064,11.915175595310297,11.915175595310297,-316.57862671958617,,,,,,,True,,,False,True,1.0,False,4.693192178088766,17.217941274135754,3.069721265878542,23.347729206111172,0.0,0.0,0.0314,0.0,0.0,1.0,5.614465550419021,16.573378629708913,,,False,
Durham Smythe,TE,BAL,30.0,13.0,Active,8.0,5008,3052897.0,31093.0,7e42a22a-c47b-4387-aeeb-2cc2e76dc1d8,00-0034798,0.0,0.0,0.0,0.0,0.0,9.0,53.0,0.0,17.0,0.0,0.0,0.0,0.0,0.0,4.0,25.0,0.0,6.0,0.3223529411764705,0.0299295774647887,0.2541176470588235,0.0112781954887218,170.0,170.0,467.0,15.0,4 out of 5 stars,23.5,23.21,3.0596634677889725,26.269663467788973,26.269663467788973,-151.02331318846353,21.0,0.9904761904761904,0.8233497202919073,0.0,1.0,0.8312665445254833,False,,0.7288571428571428,True,False,0.941390889655648,True,8.76116225666085,37.317259069605726,5.209889756742013,50.92304301050443,0.00045,0.00405,0.0181,5e-05,0.00045,0.99955,13.034949099431024,34.41524080187012,2.318947368421053,-1.0610526315789477,True,Buy-low
Quentin Johnston,WR,LAC,24.0,7.0,Active,3.0,9754,,,e648bc98-bc81-44d0-8d4b-b9223c497ff4,00-0038544,0.0,0.0,6.0,0.0,3.0,55.0,711.0,8.0,91.0,0.0,0.0,7.0,0.0,2.0,51.0,735.0,8.0,84.0,0.7080000000000001,0.185336048879837,0.7685714285714286,0.1544117647058823,142.6,142.6,111.0,8.0,2 out of 5 stars,169.7,169.82,19.016091219050704,180.76313148374092,188.8360912190507,-33.19525348034003,28.0,12.425,7.987936506359425,0.2142857142857142,0.25,0.642892274153676,False,,0.8587226890756303,False,True,0.6963110880494892,False,117.10887291294064,242.6335154864726,85.83454555574092,287.09586768962686,0.06285,0.11535,0.14805,0.009,0.2484,0.7516,131.03647172150957,225.8834291984599,11.036333333333333,0.6603333333333339,False,Sustainable
,DEF,NYG,,8.0,,,NYG,,,,,,,,,,,,,,,,,,,,,,,,,,,,,,,,,,,,,,,,,,,,True,,,False,False,1.0,True,,,,,,,,,,,,,,,False,
Nicholas Singleton,RB,TEN,22.0,9.0,Active,0.0,13288,,,0111286e-ef59-40dd-97e8-967204490e34,,,,,,,,,,,,,,,,,,,,,,,,170.1,170.1,217.0,11.0,3 out of 5 stars,19.7,20.230000000000004,4.442137542738763,24.672137542738767,24.672137542738767,-187.4050530878604,,,,,,,True,165.0,,False,False,1.0,True,8.245199879143591,34.068786517138875,5.101682834501004,48.57107217172453,5e-05,0.0004,0.00165,0.0,0.00095,0.99905,10.430232695279082,33.56687176026501,,,False,
Isaiah Bond,WR,CLE,22.0,11.0,Active,1.0,12503,,,6ceb1330-795d-11f0-aadf-fbc926339e02,00-0040782,,,,,,,,,,0.0,0.0,29.0,0.0,5.0,18.0,338.0,0.0,44.0,,,0.4806249999999999,0.0842911877394636,170.0,170.0,313.0,13.0,3 out of 5 stars,18.5,18.12,2.941824958342288,21.06182495834229,21.06182495834229,-192.89656000573865,15.0,3.646666666666667,3.205768610014201,0.0,0.8,0.8790955968960331,False,,0.849270588235294,False,True,0.95214087364794,True,14.002670303773902,28.68897596436439,10.061495258596905,33.7397363761501,0.0,0.0,0.0,0.0,0.0,1.0,16.105676855380192,26.420630124231984,4.857333333333333,-1.3506666666666662,False,Buy-low
,DEF,TEN,,9.0,,,TEN,,,,,,,,,,,,,,,,,,,,,,,,,,,,,,,,,,,,,,,,,,,,True,,,False,False,1.0,True,,,,,,,,,,,,,,,False,
Riley Nowakowski,TE,PIT,24.0,9.0,Active,0.0,13433,,,d85be8f9-009d-4de5-838d-1cb07e4105cc,NOW373761,,,,,,,,,,,,,,,,,,,,,,,,,,,,8.1,8.4,1.2728713041283632,9.672871304128364,9.672871304128364,-167.62010535212414,,,,,,,True,169.0,,False,False,1.0,True,4.265421970413269,13.192839234122204,2.8558930080961535,17.28922964546584,0.0,0.0,0.0001,0.0,0.0,1.0,4.997150083753284,12.615173578676677,,,False,
Adonai Mitchell,WR,NYJ,23.0,13.0,Active,2.0,11625,,,190dbc97-2b7c-4023-b6b0-5729b854b60b,00-0039890,24.0,0.0,6.0,0.0,4.0,23.0,312.0,0.0,55.0,0.0,0.0,-4.0,0.0,1.0,33.0,453.0,2.0,74.0,0.361764705882353,0.1117886178861788,0.50625,0.1228813559322034,170.0,170.0,160.0,10.0,4 out of 5 stars,115.4,115.41,13.67612772494398,118.95810687277026,129.08612772494396,-95.00027809131068,33.0,4.413939393939394,5.485096819675303,0.0303030303030303,0.7878787878787878,1.2426760610276328,False,,0.8841960784313726,False,True,1.345931744608844,False,73.56568884404832,160.41418180417296,54.73566804034952,193.02403377346744,0.0073,0.0211,0.0424,0.00085,0.04665,0.95335,79.7891990302771,152.56363872390563,6.554242424242424,-2.261515151515151,False,Buy-low
Cam Akers,RB,,26.0,,Active,6.0,6938,4240021.0,32722.0,74980532-8158-4b56-91db-5053878737b4,00-0036414,0.0,0.0,444.0,2.0,104.0,14.0,68.0,3.0,18.0,32.0,1.0,19.0,0.0,5.0,0.0,0.0,0.0,1.0,0.2394117647058823,0.0212765957446808,0.0249999999999999,0.0021367521367521,170.0,170.0,475.0,15.0,-,,,,,,,20.0,5.219,4.280735180341168,0.0,0.6,0.8202213413184839,False,,0.693747899159664,True,False,0.91464734695136,False,,,,,,,,,,,,,5.334444444444444,0.4588888888888887,True,Sustainable
Jamal Agnew,WR,,30.0,,Active,8.0,4198,3061612.0,30278.0,c871b3a8-72c4-425e-a357-2de37e033c8d,00-0033572,,,,,,,,,,0.0,0.0,0.0,0.0,0.0,0.0,0.0,0.0,0.0,,,0.0018181818181818,0.0,170.0,170.0,,,,,,,,,,11.0,0.0,0.0,0.0,1.0,,False,,,True,False,1.0,False,,,,,,,,,,,,,,,True,
Germie Bernard,WR,PIT,22.0,9.0,Active,0.0,13274,,,d37b698e-7a10-4363-a859-6937c7d3e6f6,BER218265,,,,,,,,,,,,,,,,,,,,,,,169.5,169.5,239.0,11.0,3 out of 5 stars,118.1,117.76,14.534721911325333,132.29472191132533,132.29472191132533,-81.66366305275562,,,,,,,True,47.0,,False,False,1.0,True,79.79390732263263,180.78207457758987,56.31143090676862,217.2075140758544,0.013,0.03825,0.06525,0.0018,0.0804,0.9196,92.99848833121368,167.33970820017709,,,False,
Tahj Washington,WR,MIA,25.0,6.0,Active,2.0,11821,,,298d990d-9fd4-4cdf-8fcd-a7c3043d17fd,00-0039884,,,,,,,,,,0.0,0.0,0.0,0.0,0.0,3.0,37.0,0.0,5.0,,,0.1128571428571428,0.0108225108225108,170.0,170.0,,,,,,,,,,,,,,,,True,,,False,True,1.0,True,,,,,,,,,,,,,,,False,
Jaret Patterson,RB,LAC,26.0,7.0,Active,5.0,7537,,,82996e3b-b72d-41ca-8eb1-91e462ceff85,00-0036755,,,,,,,,,,0.0,0.0,159.0,1.0,41.0,3.0,8.0,0.0,4.0,0.0,,0.28,0.0073529411764705,170.0,170.0,454.0,15.0,3 out of 5 stars,,,,,,,,,,,,,True,,,False,True,1.0,False,,,,,,,,,,,,,,,False,
DJ Giddens,RB,IND,22.0,13.0,Active,1.0,12471,,,73ffa6e6-7fb3-4f34-a856-38bfd62cca15,00-0040179,,,,,,,,,,0.0,0.0,96.0,0.0,26.0,0.0,0.0,0.0,2.0,,,0.12,0.0037735849056603,170.2,170.2,270.0,12.0,4 out of 5 stars,35.9,35.82,7.768950622056851,43.58895062205685,43.58895062205685,-168.4882400085423,,,,,,,True,,,False,True,1.0,False,15.454705020373934,63.49283528974027,9.492475066170602,89.24501013826912,0.001,0.00445,0.0131,5e-05,0.0097,0.9903,19.30232383646733,60.79151641132243,,,False,
Jordan James,RB,SF,22.0,8.0,Active,1.0,12467,,,c16040c3-7534-4eeb-956c-8ed3be9972ec,00-0040177,,,,,,,,,,,,,,,,,,,,,0.0166666666666666,,170.2,170.2,284.0,12.0,2 out of 5 stars,93.2,93.43000000000002,20.84884437984684,114.27884437984686,114.27884437984686,-97.79834625075227,,,,,,,True,,,False,False,1.0,False,40.61293490938706,168.28794087916648,25.424617093352175,232.8293081071124,0.04075,0.05915,0.10865,0.01155,0.1467,0.8533,50.556913001826544,160.98271792542909,,,False,
Erik Ezukanma,WR,PHI,26.0,10.0,Active,4.0,8114,,,7934c2db-a5f1-404c-a313-74a8aacd5946,00-0038092,0.0,0.0,0.0,0.0,0.0,0.0,0.0,0.0,2.0,,,,,,,,,,0.14,0.0035211267605633,,,170.0,170.0,,,,,,,,,,,,,,,,True,,,False,False,1.0,False,,,,,,,,,,,,,,,True,
Chris Olave,WR,NO,26.0,8.0,Active,4.0,8144,,,2375d572-a36c-4365-bb3f-87e156526e2f,00-0037239,0.0,0.0,7.0,0.0,1.0,32.0,400.0,1.0,44.0,0.0,0.0,-3.0,0.0,1.0,100.0,1163.0,9.0,156.0,0.6175,0.0851063829787234,0.843125,0.2761061946902655,34.9,34.9,18.0,3.0,3 out of 5 stars,257.3,257.34,30.28798060027149,264.972275436801,287.6279806002715,51.01389047272005,24.0,14.445833333333333,8.503450919258126,0.25,0.2083333333333333,0.5886438478863428,False,,0.8167058823529411,False,True,0.637555084535672,False,171.23184606335457,359.3183962713731,110.00945617547224,409.1386051624157,0.33535,0.21895,0.1409,0.08805,0.63265,0.36735,216.3723719680428,310.4000997172269,13.987083333333333,0.3754166666666663,False,Sustainable
Mike Washington,RB,LV,23.0,13.0,Active,0.0,13305,,,b783f45a-16ea-4145-9f3a-fafaa1bb0058,WAS569019,,,,,,,,,,,,,,,,,,,,,,,170.3,170.3,201.0,11.0,2 out of 5 stars,77.7,77.38999999999999,18.628863217123765,96.01886321712377,96.01886321712377,-116.05832741347538,,,,,,,True,122.0,,False,False,1.0,True,32.47415649962695,133.76042342706373,20.55805109748519,186.00682427890015,0.02005,0.035,0.07755,0.0051,0.0887,0.9113,40.47785537079251,127.20779092460432,,,False,
Josh Allen,QB,BUF,30.0,7.0,Active,8.0,4984,3918298.0,30977.0,3069db07-aa43-4503-ab11-2ae5c0002721,00-0034857,3731.0,28.0,531.0,12.0,102.0,0.0,7.0,1.0,0.0,3668.0,25.0,579.0,14.0,112.0,0.0,0.0,0.0,0.0,0.8905882352941177,,0.9217647058823528,,23.0,23.0,23.0,4.0,3 out of 5 stars,372.1,415.65,9.697684361648284,420.8194430449147,425.34768436164825,92.32564073001822,32.0,26.739375,12.18467729925979,0.65625,0.15625,0.4556829506770367,False,,0.8946218487394957,False,True,0.7380753928494044,True,341.5556701910073,535.757086564422,278.23915538155825,589.2461892631767,0.8084,0.1209,0.06205,0.35525,0.8084,0.1916,362.2199286079474,491.5941254559857,21.431891891891894,1.7897297297297285,False,Sustainable
Jackson Meeks,WR,DET,23.0,6.0,Active,1.0,12938,,,be223960-250a-11f0-8c61-8d480134500e,00-0040390,,,,,,,,,,,,,,,,,,,,,0.045,,,,,,,,,,,,,,,,,,,True,,,False,False,1.0,False,,,,,,,,,,,,,,,False,
Nick Folk,K,ATL,41.0,11.0,Active,19.0,650,10621.0,8432.0,b37c621e-1125-4c35-bea0-fcabb1527060,00-0025565,0.0,0.0,0.0,0.0,0.0,0.0,0.0,0.0,0.0,0.0,0.0,0.0,0.0,0.0,0.0,0.0,0.0,0.0,,,,,169.8,169.8,371.0,14.0,0 out of 5 stars,128.5,35.7,113.4654529908175,149.1654529908175,149.1654529908175,-0.394037101750996,30.0,8.2,5.448188563246471,0.1333333333333333,0.2666666666666666,0.6644132394203014,False,,0.8792436974789917,True,False,1.1659749116064817,True,97.69272443616202,196.63764938037147,76.86399841188148,233.3279891159258,0.4394,0.3612,0.1994,0.12195,0.4394,0.5606,105.23170550335456,188.205246527354,,,True,
Josh Downs,WR,IND,24.0,13.0,Active,3.0,9500,,,dd227f4a-0785-482d-a28b-f231c7f3b73f,00-0038997,0.0,0.0,12.0,0.0,1.0,72.0,803.0,5.0,107.0,0.0,0.0,-2.0,0.0,2.0,58.0,566.0,4.0,88.0,0.6442857142857142,0.2174796747967479,0.586875,0.1660377358490566,135.0,135.0,98.0,8.0,4 out of 5 stars,171.5,171.15,35.22663002585237,205.50240825098388,206.37663002585236,-8.455976713097073,30.0,10.73,6.301294338850359,0.0666666666666666,0.3,0.587259491039176,False,,0.8755294117647059,False,True,0.6360556995511993,False,145.80692015445933,266.828487655143,111.79916929287454,306.728520434091,0.09035,0.1714,0.20525,0.0102,0.36085,0.63915,159.43903385469096,247.628515153197,10.196666666666665,0.40000000000000036,False,Sustainable
Anthony Gould,WR,IND,25.0,13.0,Active,2.0,11762,,,f1f3f15f-f4a5-4d6e-b075-95f4815a384e,00-0039816,0.0,0.0,0.0,0.0,0.0,1.0,23.0,0.0,1.0,0.0,0.0,0.0,0.0,0.0,2.0,6.0,0.0,2.0,0.035,0.0020325203252032,0.0872727272727272,0.0037735849056603,170.0,170.0,,,,16.3,16.03,30.49445306101944,46.52445306101944,46.52445306101944,-167.4339319030615,19.0,0.3105263157894737,0.831260580111185,0.0,1.0,2.6769408512055106,False,,,False,True,2.899371592543778,False,24.453865258767124,65.5726886032752,16.68671927072004,82.10751821171998,5e-05,0.00015,0.00025,0.0,0.00035,0.99965,28.359017002657772,61.56834455905933,,,False,
Kylen Granson,TE,TEN,28.0,9.0,Active,5.0,7602,,,bcc0167c-05fd-4b23-981e-60b8784ceb33,00-0036876,0.0,0.0,0.0,0.0,0.0,14.0,182.0,0.0,31.0,0.0,0.0,0.0,0.0,0.0,7.0,40.0,0.0,9.0,0.4052941176470588,0.0630081300813008,0.2341176470588235,0.0193965517241379,170.0,170.0,,,,,,,,,,28.0,1.542857142857143,2.3248143807112656,0.0,0.8571428571428571,1.5068241356461909,False,,0.8344873949579831,True,False,1.7064448496725042,True,,,,,,,,,,,,,3.5283333333333333,-1.128333333333333,True,Buy-low
Kalel Mullings,RB,TEN,23.0,9.0,Active,1.0,12516,,,9983d47b-c955-4546-882f-4bd2a2a5ad42,00-0040205,,,,,,,,,,0.0,0.0,7.0,0.0,3.0,0.0,0.0,0.0,0.0,,,0.0211111111111111,0.0,170.0,170.0,,,,,,,,,,,,,,,,True,,,False,True,1.0,True,,,,,,,,,,,,,,,False,
David Martin-Robinson,TE,TEN,26.0,9.0,Active,2.0,12357,,,dad0d560-0c9e-11ef-b2f4-ab1e3a869265,00-0039648,0.0,0.0,0.0,0.0,0.0,1.0,6.0,0.0,2.0,0.0,0.0,0.0,0.0,0.0,4.0,30.0,1.0,6.0,0.144,0.0039447731755424,0.1270588235294117,0.0113207547169811,170.0,170.0,,,,,,,,,,15.0,0.9733333333333332,1.902804947089077,0.0,0.9333333333333332,1.9549365894750796,False,,,False,True,2.213922245886687,True,,,,,,,,,,,,,,,False,
Will Dissly,TE,,29.0,,Active,8.0,5010,3127292.0,31090.0,383f4814-6836-4766-a297-fc063e8509cc,00-0034159,0.0,0.0,0.0,0.0,0.0,50.0,481.0,2.0,64.0,0.0,0.0,0.0,0.0,0.0,11.0,97.0,0.0,16.0,0.5646666666666668,0.130346232179226,0.3188888888888889,0.0294117647058823,170.0,170.0,,,,,,,,,,23.0,5.686956521739131,4.945825084932846,0.1304347826086956,0.4782608695652174,0.8696787228857449,False,,0.7756638655462185,True,False,0.9848918280710393,False,,,,,,,,,,,,,5.475833333333334,0.12416666666666654,True,Sustainable
Ty Johnson,RB,BUF,28.0,7.0,Active,7.0,6039,3915411.0,32018.0,96e6687b-2b89-4dd9-98df-6e7507cd82cf,00-0035537,0.0,0.0,213.0,1.0,41.0,18.0,284.0,3.0,25.0,0.0,0.0,200.0,3.0,50.0,24.0,263.0,2.0,33.0,0.2876470588235293,0.0505050505050505,0.2958823529411765,0.068893528183716,170.3,170.3,261.0,12.0,2 out of 5 stars,96.3,96.04,23.67820466663556,119.71820466663556,119.71820466663556,-92.3589859639636,34.0,5.647058823529412,5.054145330987027,0.0,0.6470588235294118,0.895004902362286,False,,0.8282016806722688,False,True,0.9980401852727044,True,69.83033898664429,169.66465287647696,45.77224229082282,206.03055141729277,0.00785,0.04995,0.16185,0.0003,0.12135,0.87865,84.68735697957958,153.2913137894307,5.002432432432433,0.7164864864864864,False,Sustainable
Brandon Aiyuk,WR,SF,28.0,8.0,Active,6.0,6803,4360438.0,32695.0,c90471cc-fa60-4416-9388-5aebb5d877eb,00-0036261,0.0,0.0,0.0,0.0,0.0,25.0,374.0,0.0,47.0,,,,,,,,,,0.7614285714285715,0.0916179337231968,,,170.3,170.3,182.0,10.0,2 out of 5 stars,,,,143.88138335523996,,-70.07700160884099,,,,,,,True,,0.786156862745098,False,False,1.0,False,74.35170630115292,205.1136324832887,48.03984705480684,250.54762835207276,0.0391,0.0604,0.09005,0.007,0.1414,0.8586,100.88309193891924,183.1177996235616,,,False,
LeQuint Allen,RB,JAX,21.0,7.0,Active,1.0,12544,,,14aedd06-41a6-41db-8c5e-05483f91570d,00-0040238,,,,,,,,,,0.0,0.0,94.0,0.0,23.0,10.0,54.0,0.0,11.0,,,0.2258823529411764,0.0201096892138939,170.3,170.3,285.0,12.0,4 out of 5 stars,45.8,45.69,19.935999121895765,65.62599912189576,65.62599912189576,-146.4511915087034,16.0,1.55,1.0526157893552617,0.0,1.0,0.6791069608743622,False,,0.841835294117647,False,True,0.7572875134673588,False,37.08852325179452,91.35687371957304,24.588925673845843,111.13717636856684,0.00015,0.00115,0.01295,0.0,0.00545,0.99455,43.575130519291264,84.12491159835776,2.0006666666666666,-0.20066666666666655,False,Sustainable
Zay Flowers,WR,BAL,25.0,13.0,Active,3.0,9997,,,2b6d74b7-10fb-4f17-99c8-9bb557fb475b,00-0039064,0.0,0.0,56.0,0.0,9.0,74.0,1059.0,4.0,116.0,0.0,0.0,62.0,1.0,10.0,86.0,1211.0,5.0,118.0,0.7464705882352941,0.2538293216630197,0.8647058823529411,0.2899262899262899,43.1,43.1,34.0,4.0,4 out of 5 stars,243.5,243.56,30.461625692551813,255.986781465866,274.0216256925518,42.02839650178504,34.0,13.494117647058824,7.564908666815146,0.2058823529411764,0.2058823529411764,0.5606078785346883,False,,0.9007394957983192,False,True,0.607189567467557,True,209.49708936221515,320.76030960173165,178.90633378299543,353.9139496370555,0.2382,0.34165,0.22235,0.02185,0.711,0.289,219.78586045757547,300.1595159409373,12.205,1.11264705882353,False,Sustainable
Greg Dulcich,TE,MIA,26.0,6.0,Active,4.0,8172,,,b9e4a022-d15c-4cef-9879-170277f17207,00-0037252,0.0,0.0,0.0,0.0,0.0,5.0,28.0,0.0,12.0,0.0,0.0,-7.0,0.0,1.0,26.0,335.0,1.0,33.0,0.2566666666666666,0.0218579234972677,0.422,0.0714285714285714,170.2,170.2,306.0,13.0,5 out of 5 stars,130.7,130.83,16.64185563839707,147.47185563839707,147.47185563839707,-29.821121017855432,13.0,5.584615384615385,4.244181537478919,0.0769230769230769,0.3846153846153846,0.7599774102923684,False,,,False,True,0.8606575292907097,True,89.58763258886744,200.15471810758584,64.20629250609238,239.941095488486,0.23045,0.35005,0.24545,0.0351,0.23045,0.76955,105.89586743064162,184.4106597180308,6.3325,-0.4491666666666667,False,Sustainable
Harold Fannin,TE,CLE,22.0,11.0,Active,1.0,12506,,,8bdf2df7-b51c-4404-b153-8dc62b1e0845,00-0040663,,,,,,,,,,0.0,0.0,13.0,1.0,7.0,72.0,731.0,6.0,107.0,,,0.759375,0.2049808429118774,75.3,75.3,67.0,6.0,3 out of 5 stars,191.0,191.08,24.19655708400019,204.24684443038728,215.27655708400025,26.95386777413478,16.0,11.775,5.742763562374244,0.25,0.0,0.4877081581634177,False,,0.8506352941176469,False,True,0.5523186514956665,True,143.61733888214647,265.4903640160233,111.05540851756588,302.24044861096695,0.553,0.3054,0.079,0.11855,0.553,0.447,163.72795226637592,242.2188496413653,9.911249999999999,1.7387500000000014,False,Sustainable
Ryan Miller,WR,NYG,26.0,8.0,Active,3.0,11421,,,edb7de00-f1b8-11ed-9bf1-7fd77a26dc1f,00-0038824,0.0,0.0,0.0,0.0,0.0,12.0,128.0,2.0,20.0,0.0,0.0,0.0,0.0,0.0,2.0,34.0,1.0,4.0,0.3681818181818181,0.0355239786856127,0.1453846153846154,0.0073937153419593,170.0,170.0,,,,,,,,,,18.0,2.677777777777778,3.278729229362669,0.0,0.8333333333333334,1.22442170391137,False,,,True,False,1.3261606075517038,True,,,,,,,,,,,,,3.936666666666667,0.07999999999999963,False,Sustainable
Josiah Deguara,TE,,29.0,,Active,6.0,7050,3914151.0,32764.0,7874d188-0fcd-4af9-9289-27c27e2bbd16,00-0036332,0.0,0.0,0.0,0.0,0.0,3.0,14.0,0.0,3.0,0.0,0.0,0.0,0.0,0.0,3.0,21.0,1.0,5.0,0.0866666666666666,0.0057471264367816,0.1041666666666666,0.0081037277147487,170.0,170.0,,,,,,,,,,14.0,1.1071428571428572,2.515938205708768,0.0,0.9285714285714286,2.272460314833726,False,,,True,False,2.5735108089904535,False,,,,,,,,,,,,,,,True,
Jonnu Smith,TE,,30.0,,Active,9.0,4144,3054212.0,30213.0,e4f25a37-74de-4bfb-b6c9-f50a4fab0b87,00-0033858,0.0,0.0,-1.0,0.0,2.0,88.0,884.0,8.0,111.0,0.0,0.0,70.0,1.0,9.0,38.0,222.0,2.0,54.0,0.5488235294117647,0.1954225352112676,0.5270588235294118,0.1034482758620689,170.0,170.0,423.0,15.0,-,,,,,,,34.0,9.102941176470589,7.593477475982472,0.1764705882352941,0.3235294117647059,0.8341784626281229,False,,0.8717142857142856,True,False,0.9446885721995943,False,,,,,,,,,,,,,8.248,0.5920000000000023,True,Sustainable
Denzel Boston,WR,CLE,22.0,11.0,Active,0.0,13346,,,a17e4b32-20bb-4552-855e-0aa3cf0bafab,BOS677861,,,,,,,,,,,,,,,,,,,,,,,167.6,167.6,151.0,9.0,3 out of 5 stars,126.2,126.3,15.559630895915747,141.85963089591576,141.85963089591576,-72.09875406816519,,,,,,,True,39.0,,False,False,1.0,True,85.21405208297338,194.63652327563935,59.75222232933195,233.67345635424547,0.0217,0.05035,0.08485,0.00285,0.1125,0.8875,99.03536002562711,180.78370253395613,,,False,
Wan'Dale Robinson,WR,TEN,25.0,9.0,Active,4.0,8126,,,582dfe0e-98f3-48a5-8a2d-a52baa926b05,00-0038117,0.0,0.0,18.0,0.0,3.0,93.0,699.0,3.0,140.0,0.0,0.0,5.0,0.0,3.0,92.0,1014.0,4.0,140.0,0.7594117647058823,0.2527075812274368,0.9075,0.2783300198807157,112.3,112.3,86.0,7.0,3 out of 5 stars,188.9,188.93,25.985240434968546,198.46073901702636,214.91524043496855,-15.497645947054592,33.0,12.13939393939394,6.569100937054637,0.1212121212121212,0.1515151515151515,0.5411391186290639,False,,0.8839327731092437,True,False,0.5861031212029701,True,142.0034322578368,256.6423211168324,111.91108614499002,295.1011462532627,0.07015,0.1538,0.19835,0.00765,0.3206,0.6794,152.10566215846876,240.89022470183096,12.642727272727273,-0.5033333333333321,True,Sustainable
Keilan Robinson,RB,,26.0,,Active,2.0,11773,,,de79955a-99ab-492e-9161-3544fd812dbd,00-0039385,0.0,0.0,0.0,0.0,0.0,0.0,0.0,0.0,0.0,,,,,,,,,,0.0133333333333333,0.0,,,170.0,170.0,,,,,,,,,,,,,,,,True,,,False,False,1.0,False,,,,,,,,,,,,,,,True,
Lucas Krull,TE,DEN,28.0,10.0,Active,4.0,8249,,,767b4820-cc9f-11ec-952e-a10f2c98fc4d,00-0037539,0.0,0.0,0.0,0.0,0.0,19.0,152.0,0.0,23.0,0.0,0.0,0.0,0.0,0.0,2.0,15.0,0.0,4.0,0.3584615384615385,0.0418943533697632,0.29,0.0068493150684931,170.0,170.0,,,,9.0,9.239999999999998,1.213859798225578,10.453859798225576,10.453859798225576,-166.83911685802693,12.0,3.141666666666667,2.043819211597975,0.0,0.6666666666666666,0.6505525341956419,False,,,False,True,0.7367362886999926,False,5.870982306687434,14.470363090641618,4.193526868867234,17.817663861566974,0.0,0.0,0.0,0.0,0.0,1.0,6.884285986206731,13.396402171030685,3.1953846153846155,-0.20307692307692315,False,Sustainable
Jonah Coleman,RB,DEN,22.0,10.0,Active,0.0,13345,,,0ff54d6c-4d2a-4974-9815-b889e7dc293e,COL293648,,,,,,,,,,,,,,,,,,,,,,,170.0,170.0,158.0,10.0,2 out of 5 stars,27.1,26.91,5.833002220759187,32.74300222075919,32.74300222075919,-179.33418840983995,,,,,,,True,108.0,,False,False,1.0,False,10.95438321985346,45.32162645358642,6.882661735524154,63.81868784805412,0.0002,0.00095,0.0042,0.0,0.00235,0.99765,13.77687984364481,44.10765090938142,,,False,
Xavier Smith,WR,LAR,28.0,11.0,Active,3.0,11168,,,98b88de0-e8e5-11ed-ad77-290d92d9e505,00-0038359,0.0,0.0,36.0,0.0,4.0,2.0,6.0,0.0,2.0,0.0,0.0,0.0,0.0,0.0,18.0,303.0,0.0,24.0,0.0353333333333333,0.0036968576709796,0.214375,0.0413080895008605,170.0,170.0,426.0,15.0,1 out of 5 stars,19.9,20.13,31.48562952685043,51.61562952685043,51.61562952685043,-162.34275543723052,30.0,1.8166666666666669,3.0743749948884576,0.0,0.9,1.692316510947775,False,,0.8547843137254901,False,True,1.8329334453636357,False,28.53107261415784,72.24932449773678,20.13854749218891,89.11766679708195,5e-05,0.0,0.0008,0.0,0.0003,0.9997,32.50161787481912,67.535234755907,3.833076923076923,0.35923076923076946,False,Sustainable
Van Jefferson,WR,WAS,30.0,7.0,Active,6.0,6853,3930066.0,32727.0,8e1285f7-6e4c-41e4-aac9-92e09f9f32b2,00-0036415,0.0,0.0,0.0,0.0,0.0,24.0,276.0,2.0,40.0,0.0,0.0,0.0,0.0,0.0,29.0,350.0,1.0,52.0,0.6470588235294118,0.0869565217391304,0.585625,0.0981132075471698,170.0,170.0,,,,75.0,74.77,8.820541455626469,83.59054145562646,83.59054145562646,-130.36784350845448,29.0,4.606896551724137,3.3346590138897643,0.0,0.7586206896551724,0.7238406542125986,False,,0.8169159663865546,True,False,0.7839855816788813,False,52.64985844170059,110.81256759610102,35.29488979983273,126.96123473213336,0.0,5e-05,0.00075,0.0,0.0003,0.9997,65.88813437852687,96.3897475137046,5.051333333333333,-0.20800000000000018,True,Sustainable
Ja'Kobi Lane,WR,BAL,22.0,13.0,Active,0.0,13293,,,ea285842-4fdf-4b27-bd73-6bfd916c6bc5,LAN311008,,,,,,,,,,,,,,,,,,,,,,,169.6,169.6,317.0,13.0,4 out of 5 stars,96.4,96.32,10.588619939753134,106.90861993975312,106.90861993975312,-107.04976502432784,,,,,,,True,80.0,,False,False,1.0,True,58.782699410397186,135.191340589508,40.993474820739706,162.02646467737728,0.0015,0.0075,0.0202,0.0001,0.01735,0.98265,68.65888418434022,123.91679271686644,,,False,
Drew Ogletree,TE,IND,27.0,13.0,Active,4.0,8489,,,59f460a8-b5af-40e6-840c-429762b278b3,00-0037292,0.0,0.0,0.0,0.0,0.0,9.0,109.0,1.0,14.0,0.0,0.0,0.0,0.0,0.0,4.0,27.0,1.0,6.0,0.4023529411764706,0.0284552845528455,0.2366666666666666,0.0113207547169811,170.0,170.0,,,,8.7,9.03,1.1480439649035972,10.178043964903596,10.178043964903596,-167.1149326913489,23.0,1.6782608695652177,2.5543112435358686,0.0,0.8695652173913043,1.5219989274954655,False,,,False,True,1.723629964234625,False,4.939099224984783,14.382244962944602,3.440625377201091,18.565339046569676,0.0,0.0,0.0,0.0,0.0,1.0,5.727359987412272,13.785591011951672,2.4440000000000004,0.12933333333333286,False,Sustainable
Parker Romo,K,,28.0,,Active,2.0,8670,,,80f1ebc0-cc9e-11ec-952e-a10f2c98fc4d,00-0037542,0.0,0.0,0.0,0.0,0.0,0.0,0.0,0.0,0.0,0.0,0.0,0.0,0.0,0.0,0.0,0.0,0.0,0.0,,,,,170.0,170.0,,,,,,,,,,11.0,8.454545454545455,5.922223169784069,0.3636363636363636,0.1818181818181818,0.7004780093292985,False,,,True,False,1.229264765588681,False,,,,,,,,,,,,,,,True,
Joey Slye,K,TEN,30.0,9.0,Active,7.0,6528,3124084.0,32384.0,ef4998e0-c9ef-4afe-88ab-d09b48975a08,00-0035192,0.0,0.0,0.0,0.0,0.0,0.0,0.0,0.0,0.0,0.0,0.0,0.0,0.0,0.0,0.0,0.0,0.0,0.0,,,,,170.1,170.1,402.0,14.0,4 out of 5 stars,113.8,25.799999999999997,103.79415517305476,129.59415517305473,129.59415517305473,-19.965334919513765,33.0,7.848484848484849,5.640928625463697,0.2121212121212121,0.303030303030303,0.7187283576845638,False,,0.974453781512605,False,True,1.261292195278198,True,89.02223102163636,168.4043704176655,72.09448816637536,197.7703182615905,0.29745,0.43135,0.2712,0.0536,0.29745,0.70255,90.1627898674684,163.27630964184635,,,False,
Samori Toure,WR,PHI,28.0,10.0,Active,4.0,8235,,,02c808d8-6074-43db-b0d9-f69fab78f6d9,00-0037098,,,,,,,,,,0.0,0.0,0.0,0.0,0.0,1.0,3.0,0.0,3.0,,,0.15,0.0053097345132743,170.0,170.0,,,,,,,,,,,,,,,,True,,,True,False,1.0,False,,,,,,,,,,,,,,,True,
Skyy Moore,WR,GB,25.0,11.0,Active,4.0,8168,,,1c8a4510-786c-4bc2-a9e9-e491b688206f,00-0038090,0.0,0.0,0.0,0.0,0.0,0.0,0.0,0.0,3.0,0.0,0.0,11.0,0.0,2.0,5.0,87.0,0.0,7.0,0.2033333333333333,0.0052447552447552,0.1011764705882353,0.0127272727272727,170.0,170.0,,,,0.0,0.0,33.55,33.55,33.55,-180.40838496408097,20.0,0.74,1.227920792919564,0.0,1.0,1.6593524228642755,False,,0.7578823529411765,True,False,1.7972303253188395,False,14.99602072688162,48.96643388512626,9.34435719537318,63.08972708458669,0.0,5e-05,0.0002,0.0,5e-05,0.99995,21.19363493834057,43.88730426380928,1.7225,-0.4641666666666666,True,Sustainable
MyCole Pruitt,TE,,32.0,,Active,10.0,2446,2508256.0,28531.0,f22b34cf-6ecf-4522-9c77-1da275dfda7d,00-0031585,0.0,0.0,0.0,0.0,0.0,6.0,40.0,1.0,10.0,,,,,,,,,,0.3391666666666666,0.0217391304347826,,,170.0,170.0,,,,,,,,,,,,,,,,True,,,False,False,1.0,False,,,,,,,,,,,,,,,False,
Courtland Sutton,WR,DEN,30.0,10.0,Active,8.0,5045,3128429.0,31010.0,b55ae5ba-593f-4560-9cab-14e10698e01d,00-0034348,30.0,1.0,0.0,0.0,0.0,81.0,1081.0,8.0,135.0,0.0,0.0,0.0,0.0,0.0,74.0,1017.0,7.0,124.0,0.8523529411764706,0.2459016393442623,0.8535294117647059,0.2123287671232876,86.5,86.5,72.0,7.0,2 out of 5 stars,204.4,204.28,22.86333781469458,211.8099393984784,227.14333781469455,-2.148445565602543,33.0,14.0,7.15448460757307,0.1818181818181818,0.1818181818181818,0.5110346148266479,False,,0.8673361344537814,False,True,0.5534971922774041,False,159.13593770107178,262.5973809780127,124.54255131849716,291.05367285974495,0.0554,0.20875,0.25435,0.0021,0.39295,0.60705,177.05189631180832,236.12297785003992,13.721944444444444,-0.04138888888888914,False,Sustainable
Jalin Hyatt,WR,NYG,24.0,8.0,Active,3.0,9497,,,e5f9d339-a89f-4e47-9a84-b89f14550c05,00-0038938,0.0,0.0,0.0,0.0,0.0,8.0,62.0,0.0,19.0,0.0,0.0,0.0,0.0,0.0,5.0,35.0,0.0,14.0,0.315,0.0342960288808664,0.29375,0.0278330019880715,170.0,170.0,,,,,,,,,,16.0,1.41875,2.3201203273393673,0.0,0.9375,1.6353271029704792,False,,,False,True,1.7712087081544257,True,,,,,,,,,,,,,3.4713333333333334,-1.9580000000000002,False,Buy-low
,DEF,CHI,,10.0,,,CHI,,,,,,,,,,,,,,,,,,,,,,,,,,,,,,,,,,,,,,,,,,,,True,,,False,False,1.0,False,,,,,,,,,,,,,,,False,
Trey Palmer,WR,NO,25.0,8.0,Active,3.0,9492,,,9a011241-f4b3-403a-af70-c9cdfd177054,00-0039052,0.0,0.0,0.0,0.0,0.0,12.0,172.0,1.0,22.0,,,,,,,,,,0.2953333333333333,0.039076376554174,,,170.0,170.0,,,,,,,,,,15.0,2.3466666666666667,3.3066743471492988,0.0,0.9333333333333332,1.409094182023849,False,,0.874392156862745,False,False,1.5261777789146276,False,,,,,,,,,,,,,3.847,-0.3269999999999995,False,Sustainable
Jody Fortson,TE,,29.0,,Active,6.0,6665,4408854.0,32600.0,a01ffd42-5fdb-42f8-95ab-157025e3fba8,00-0035547,0.0,0.0,0.0,0.0,0.0,1.0,5.0,0.0,3.0,,,,,,,,,,0.1766666666666666,0.0052447552447552,,,170.0,170.0,,,,,,,,,,,,,,,,True,,,False,False,1.0,False,,,,,,,,,,,,,,,False,
Courtney Jackson,WR,TEN,25.0,9.0,Active,1.0,12772,,,ce81b780-230d-11f0-912b-791b89a31e3d,00-0040445,,,,,,,,,,,,,,,,,,,,,,,,,,,,,,,,,,,,,,,,True,,,False,False,1.0,True,,,,,,,,,,,,,,,True,
Zonovan Knight,RB,ARI,25.0,14.0,Active,4.0,8122,,,53df5e30-d3bd-11ec-96a0-c3471a31202c,00-0037157,,,,,,,,,,0.0,0.0,269.0,4.0,82.0,22.0,160.0,1.0,31.0,,,0.3308333333333333,0.0502431118314424,,,,,,,,,,,,12.0,7.908333333333332,6.195960316401665,0.0,0.3333333333333333,0.7834723266261326,False,,,False,True,0.8736676904876491,True,,,,,,,,,,,,,11.055,-1.7649999999999988,False,Buy-low
Chuba Hubbard,RB,CAR,27.0,5.0,Active,5.0,7594,,,32205e74-b23f-420a-b312-465b29260745,00-0036555,0.0,0.0,1195.0,10.0,250.0,43.0,171.0,1.0,54.0,0.0,0.0,511.0,1.0,134.0,30.0,223.0,3.0,39.0,0.7733333333333333,0.1042471042471042,0.458,0.08125,100.8,100.8,76.0,7.0,1 out of 5 stars,187.1,186.61000000000004,46.77509860911698,219.43402002284245,233.38509860911705,7.356829392243299,30.0,12.433333333333334,8.520617321546009,0.2333333333333333,0.3,0.6853043422154967,False,,0.8618151260504201,False,True,0.76419835340308,False,142.87252905540146,294.0035623404692,98.75531303605786,344.6099231339731,0.12855,0.28565,0.3022,0.0133,0.57705,0.42295,163.41149986380557,271.4672178704654,12.686451612903225,-0.20580645161290256,False,Sustainable
Princeton Fant,TE,DAL,27.0,14.0,Active,3.0,11508,,,4b51e190-f674-11ed-88a9-a32a17c14014,00-0038735,0.0,0.0,0.0,0.0,0.0,0.0,0.0,0.0,0.0,0.0,0.0,0.0,0.0,0.0,0.0,0.0,0.0,0.0,0.0225,0.0,0.0,0.0,170.0,170.0,,,,,,,,,,,,,,,,True,,,False,True,1.0,False,,,,,,,,,,,,,,,False,
Devaughn Vele,WR,NO,28.0,8.0,Active,2.0,11834,,,2a638f35-a80a-46db-9722-12b49d45ab52,00-0039424,0.0,0.0,0.0,0.0,0.0,41.0,475.0,3.0,55.0,0.0,0.0,0.0,0.0,0.0,25.0,293.0,2.0,39.0,0.5315384615384615,0.1001821493624772,0.5015384615384616,0.0690265486725663,171.0,171.0,288.0,12.0,3 out of 5 stars,94.2,93.98,11.077795713223392,105.0577957132234,105.0577957132234,-108.90058925085756,22.0,7.854545454545455,5.737821660055094,0.0454545454545454,0.4545454545454545,0.7305097020903476,False,,,False,True,0.7912087700273845,False,64.6169488253963,142.8221699430201,45.32455052170755,169.60750438031005,0.00175,0.00995,0.02435,0.0,0.02265,0.97735,75.29075499081897,130.7860784215234,7.139565217391305,0.3734782608695646,False,Sustainable
Joshua Karty,K,,24.0,,Active,2.0,11789,,,649bda12-5a56-45f7-aab9-e18ec3a88d96,00-0039750,0.0,0.0,0.0,0.0,0.0,0.0,0.0,0.0,0.0,0.0,0.0,0.0,0.0,0.0,0.0,0.0,0.0,0.0,,,,,169.9,169.9,,,,,,,,,,25.0,7.68,5.669509091035426,0.2,0.4,0.7382173295619044,False,,0.8917647058823529,True,False,1.2954932781491684,False,,,,,,,,,,,,,,,True,
Harrison Bryant,TE,,28.0,,Active,6.0,6850,4040774.0,32785.0,f58a5899-8b78-46e8-a29a-ba6273b7d872,00-0036232,0.0,0.0,0.0,0.0,0.0,9.0,86.0,0.0,12.0,0.0,0.0,0.0,0.0,0.0,2.0,7.0,0.0,6.0,0.2546153846153846,0.0202702702702702,0.2125,0.0108499095840868,170.0,170.0,,,,,,,,,,11.0,1.8454545454545457,2.1224342799548053,0.0,0.7272727272727273,1.1500875408622098,False,,0.6832268907563025,True,False,1.3024485833147368,False,,,,,,,,,,,,,3.3579999999999997,-0.8179999999999996,True,Buy-low
Ray-Ray McCloud,WR,,29.0,,Active,7.0,5096,3728262.0,31157.0,f7ff7599-a175-4a0c-b887-3ae9e596fc64,00-0034407,0.0,0.0,79.0,0.0,10.0,62.0,686.0,1.0,87.0,0.0,0.0,0.0,0.0,0.0,7.0,69.0,0.0,15.0,0.8511764705882353,0.1614100185528757,0.5299999999999999,0.0269749518304431,170.0,170.0,,,,,,,,,,23.0,6.886956521739131,4.819779733539895,0.0,0.4782608695652174,0.6998417542387474,False,,0.774689075630252,True,False,0.7579925797023346,False,,,,,,,,,,,,,7.743636363636364,-0.6345454545454547,True,Sustainable
Kareem Hunt,RB,,30.0,,Active,9.0,4098,3059915.0,30199.0,0ef0d0ca-2d2d-455b-ab63-a20c01303e37,00-0033923,0.0,0.0,728.0,7.0,200.0,23.0,176.0,0.0,32.0,0.0,0.0,611.0,8.0,163.0,18.0,143.0,1.0,25.0,0.5169230769230769,0.0559440559440559,0.4705882352941176,0.0455373406193078,170.0,170.0,329.0,13.0,-,,,,,,,30.0,10.093333333333334,6.38381214254182,0.0666666666666666,0.4,0.6324780854565871,False,,0.8100084033613445,True,False,0.7052906011172895,False,,,,,,,,,,,,,10.895151515151516,-0.9315151515151516,True,Sustainable
Skyler Bell,WR,BUF,24.0,7.0,Active,0.0,13402,,,1f9e2e7e-d692-4494-adfb-86437a976450,00-0041443,,,,,,,,,,,,,,,,,,,,,,,169.9,169.9,315.0,13.0,4 out of 5 stars,42.6,42.45,4.915804869279055,47.36580486927906,47.36580486927906,-166.5925800948019,,,,,,,True,125.0,,False,False,1.0,True,26.88058931820131,61.80551915606941,18.915423816161013,74.1421288732067,0.0,0.0,0.0,0.0,0.0,1.0,31.358662897474055,56.74093640022249,,,False,
Charlie Kolar,TE,LAC,27.0,7.0,Active,4.0,8127,,,3c048ac9-2c0f-4bf0-9ddc-ce99c9387ac8,00-0038046,0.0,0.0,2.0,0.0,1.0,9.0,131.0,1.0,11.0,0.0,0.0,0.0,0.0,0.0,10.0,142.0,2.0,15.0,0.3007692307692308,0.024070021881838,0.4035294117647059,0.0368550368550368,170.0,170.0,476.0,15.0,4 out of 5 stars,49.400000000000006,49.72,5.746253189090164,55.46625318909016,55.46625318909016,-121.82672346716234,23.0,2.8043478260869565,3.8167666302619847,0.0434782608695652,0.8260869565217391,1.361017558077917,False,,,True,False,1.5413221406225497,False,20.551966562579945,76.71757728517024,13.56594973860332,105.11186971418914,0.0166,0.04375,0.106,0.00285,0.0166,0.9834,23.732846613701533,74.02098765013604,2.7711111111111113,0.8122222222222222,True,Sustainable
Joshua Simon,TE,ATL,25.0,11.0,Active,1.0,12883,,,45892890-246c-11f0-9194-77c874aa65db,00-0040552,,,,,,,,,,,,,,,,,,,,,,,,,,,,,,,,,,,,,,,,True,,,False,False,1.0,True,,,,,,,,,,,,,,,False,
Sterling Shepard,WR,,33.0,,Active,10.0,3200,2976592.0,29274.0,1ffc735b-74d8-44d2-ab32-00c5485c799f,00-0032385,0.0,0.0,69.0,0.0,8.0,32.0,334.0,1.0,51.0,0.0,0.0,19.0,0.0,4.0,39.0,371.0,1.0,53.0,0.5328571428571428,0.0905861456483126,0.5615384615384615,0.0979667282809611,170.0,170.0,,,,,,,,,,26.0,6.242307692307692,3.3856370835543586,0.0,0.4230769230769231,0.5423694650179502,False,,,True,False,0.5874356987858179,False,,,,,,,,,,,,,7.29,-1.0476923076923077,True,Sustainable
Gerald Everett,TE,,30.0,,Active,8.0,4089,3918639.0,30157.0,ebeceb00-57e0-4b74-9cf7-853da2afed18,00-0033895,0.0,0.0,0.0,0.0,0.0,8.0,36.0,0.0,13.0,,,,,,,,,,0.2158823529411764,0.0247148288973384,,,170.0,170.0,,,,,,,,,,10.0,1.16,1.3293273152655487,0.0,0.9,1.1459718235047835,False,,0.7670980392156862,False,False,1.297787624865013,False,,,,,,,,,,,,,2.4000000000000004,-1.1111111111111116,False,Buy-low
Dare Ogunbowale,RB,,31.0,,Active,9.0,4718,2983509.0,30860.0,42b57148-fc06-4aee-b40b-bb941271b5b7,00-0033854,0.0,0.0,112.0,0.0,30.0,19.0,198.0,1.0,28.0,0.0,0.0,25.0,1.0,11.0,10.0,76.0,0.0,13.0,0.2764705882352941,0.0511882998171846,0.1117647058823529,0.023508137432188,170.0,170.0,,,,,,,,,,30.0,2.7366666666666664,3.887600388621391,0.0,0.8666666666666667,1.420560434331812,False,,0.7245882352941175,True,False,1.5840990315578165,False,,,,,,,,,,,,,3.850769230769231,-0.677692307692308,True,Sustainable
Ihmir Smith-Marsette,WR,ARI,26.0,14.0,Active,5.0,7559,,,39156891-0d05-470b-8b64-751602820bb1,00-0036635,0.0,0.0,0.0,0.0,0.0,0.0,0.0,0.0,0.0,,,,,,,,,,0.008,0.0,,,170.0,170.0,,,,,,,,,,15.0,0.0,0.0,0.0,1.0,,False,,0.874392156862745,False,False,1.0,True,,,,,,,,,,,,,,,True,
Bub Means,WR,NO,25.0,8.0,Active,2.0,11748,,,ef0feb13-57b8-474c-a723-cf03f57a321a,00-0039386,0.0,0.0,0.0,0.0,0.0,9.0,118.0,1.0,15.0,,,,,,,,,,0.2971428571428571,0.0290135396518375,,,170.0,170.0,,,,106.4,106.4,12.46580493498238,118.86580493498238,118.86580493498238,-95.09258002909856,,,,,,,True,,,False,False,1.0,False,70.9937190845993,162.68589217252816,49.91304505763581,194.87605944097496,0.0066,0.02275,0.04525,0.0007,0.0486,0.9514,82.89759924496084,150.09763666636496,,,False,
Terrell Jennings,RB,NE,25.0,11.0,Active,2.0,12412,,,e6fc9a80-1168-11ef-8e6a-d7d3a1fb0861,00-0039757,0.0,0.0,33.0,0.0,13.0,0.0,0.0,0.0,1.0,0.0,0.0,73.0,1.0,23.0,1.0,9.0,0.0,1.0,0.1966666666666666,0.002,0.0828571428571428,0.0020746887966804,170.0,170.0,405.0,14.0,2 out of 5 stars,,,,,,,8.0,2.3125,3.753260487324891,0.0,0.875,1.6230315620864395,False,,,False,True,1.809879160050124,False,,,,,,,,,,,,,,,False,
Kevin Austin,WR,NO,26.0,8.0,Active,4.0,8200,,,3173c5c0-cbb6-11ec-88c8-199e5defa0d2,00-0037231,0.0,0.0,9.0,0.0,1.0,11.0,151.0,0.0,22.0,0.0,0.0,0.0,0.0,0.0,13.0,140.0,1.0,23.0,0.665,0.0425531914893617,0.4425,0.0407079646017699,170.0,170.0,450.0,15.0,3 out of 5 stars,,,,,,,13.0,4.615384615384615,3.923188786740992,0.0,0.6923076923076923,0.8500242371272149,False,,,False,True,0.9206539341317478,False,,,,,,,,,,,,,5.423076923076923,-0.8076923076923084,False,Sustainable
Najee Harris,RB,,27.0,,Active,5.0,7528,,,48ec58c3-ec26-4434-b005-8d34035e6667,00-0036893,0.0,0.0,1043.0,6.0,263.0,36.0,283.0,0.0,48.0,0.0,0.0,61.0,0.0,15.0,3.0,25.0,0.0,3.0,0.5,0.1043478260869565,0.2166666666666666,0.0055147058823529,170.0,170.0,297.0,12.0,3 out of 5 stars,,,,,,,20.0,10.81,5.917049406943509,0.1,0.2,0.5473681227514808,False,,0.777781512605042,True,False,0.6103825590243833,False,,,,,,,,,,,,,11.180952380952382,-0.46666666666666856,True,Sustainable
,DEF,CIN,,6.0,,,CIN,,,,,,,,,,,,,,,,,,,,,,,,,,,,,,,,,,,,,,,,,,,,True,,,False,False,1.0,False,,,,,,,,,,,,,,,False,
Tyler Loop,K,BAL,24.0,13.0,Active,1.0,12711,,,a6b8b5d3-a2f2-4532-ade3-dc122b6b240c,00-0040074,,,,,,,,,,0.0,0.0,0.0,0.0,0.0,0.0,0.0,0.0,0.0,,,,,161.9,161.9,214.0,11.0,3 out of 5 stars,132.0,42.6,106.95949009256849,149.5594900925685,149.5594900925685,0.0,17.0,8.294117647058824,4.027479141509502,0.1764705882352941,0.2352941176470588,0.4855825915295144,False,,0.976,False,True,0.8521460525534678,True,102.99676751932768,195.2131096748846,83.63266296101311,228.26945560432725,0.4472,0.384,0.1688,0.11385,0.4472,0.5528,104.79172640776838,189.1368678366965,,,False,
Raheem Blackshear,RB,,27.0,,Active,4.0,8255,,,f64a23e0-d457-11ec-9026-65785f74dc2a,00-0037429,0.0,0.0,80.0,0.0,15.0,0.0,0.0,0.0,0.0,,,,,,,,,,0.071875,0.0,,,170.0,170.0,,,,,,,,,,16.0,0.5,1.259100207820384,0.0,1.0,2.518200415640768,False,,0.7897647058823529,False,False,2.8081021710008214,False,,,,,,,,,,,,,,,True,
Michael Mayer,TE,LV,25.0,13.0,Active,3.0,9482,,,31f4645a-7ccb-4633-8580-2fca361beb4f,00-0039066,0.0,0.0,0.0,0.0,0.0,21.0,156.0,0.0,32.0,0.0,0.0,0.0,0.0,0.0,35.0,328.0,1.0,50.0,0.63,0.054054054054054,0.6176923076923077,0.1012145748987854,170.2,170.2,356.0,14.0,3 out of 5 stars,90.1,90.13,12.100629468193995,102.230629468194,102.230629468194,-75.06234718805851,24.0,4.6000000000000005,4.9002218228406225,0.0833333333333333,0.625,1.0652656136610048,False,,,False,True,1.2063896356328827,True,53.667127024557765,143.87726688034368,37.31095901811008,180.81005954868976,0.08065,0.19105,0.2817,0.0115,0.08065,0.91935,62.64965349476138,135.6466316189265,5.400869565217391,-0.6008695652173914,False,Sustainable
Cairo Santos,K,CHI,34.0,10.0,Active,12.0,2020,17427.0,28227.0,d96ff17c-841a-4768-8e08-3a4cfcb7f717,00-0031203,0.0,0.0,0.0,0.0,0.0,0.0,0.0,0.0,0.0,0.0,0.0,0.0,0.0,0.0,0.0,0.0,0.0,0.0,,,,,166.2,166.2,224.0,11.0,0 out of 5 stars,132.8,38.3,113.2748583962229,151.5748583962229,151.5748583962229,2.0153683036544123,32.0,7.75,4.81261782428032,0.1875,0.21875,0.6209829450684283,False,,0.9660504201680672,False,True,1.089759341817188,False,103.66219137268294,197.0734209929145,83.30907822920828,230.983655133739,0.46395,0.36955,0.1665,0.11905,0.46395,0.53605,106.40904223531405,192.06556092773803,,,False,
Tyler Bass,K,BUF,29.0,7.0,Active,6.0,7042,3917232.0,32858.0,bfccbff4-bc01-41ed-aa11-be976160504c,00-0036162,0.0,0.0,0.0,0.0,0.0,0.0,0.0,0.0,0.0,,,,,,,,,,,,,,169.9,169.9,383.0,14.0,2 out of 5 stars,123.5,41.8,96.2101090746868,138.0101090746868,138.0101090746868,-11.5493810178817,17.0,8.588235294117647,3.641064808703145,0.1764705882352941,0.1176470588235294,0.4239596010133799,False,,0.98,False,False,0.7440042265677805,True,95.72871473363274,178.81642215150924,77.56841899933885,209.45419853345507,0.35825,0.42245,0.2193,0.0745,0.35825,0.64175,96.45526076499492,172.7806230812991,,,False,
Malik Davis,RB,DAL,27.0,14.0,Active,4.0,8800,,,7caf1f90-d30d-11ec-8b77-45b1765fd110,00-0037563,,,,,,,,,,0.0,0.0,250.0,2.0,52.0,2.0,16.0,0.0,5.0,,,0.207,0.0082372322899505,170.1,170.1,280.0,12.0,4 out of 5 stars,71.1,71.5,15.948448706182358,87.44844870618236,87.44844870618236,-124.6287419244168,10.0,4.0600000000000005,4.809989604978372,0.0,0.7,1.184726503689254,False,,,False,True,1.321115287881278,False,42.68068208997033,125.93954760893789,27.296304421033067,157.91928542320736,0.00345,0.01715,0.0687,0.00025,0.0444,0.9556,53.47833783310103,115.87270974572776,4.696666666666666,-0.18555555555555525,False,Sustainable
Anthony Firkser,TE,WAS,31.0,7.0,Active,9.0,4435,3049698.0,30571.0,b0719e3d-199b-46e5-a2b4-1091f6fd5c0d,00-0033455,0.0,0.0,0.0,0.0,0.0,0.0,0.0,0.0,0.0,0.0,0.0,0.0,0.0,0.0,8.0,53.0,0.0,10.0,0.0685714285714285,0.0,0.3971428571428572,0.0181818181818181,170.0,170.0,,,,,,,,,,,,,,,,True,,,True,False,1.0,False,,,,,,,,,,,,,,,True,
Max Klare,TE,LAR,23.0,11.0,Active,0.0,13278,,,680fc10a-4de2-4571-b228-2c2fd79d437f,KLA269938,,,,,,,,,,,,,,,,,,,,,,,170.1,170.1,331.0,13.0,4 out of 5 stars,19.8,19.96,2.426633312356571,22.386633312356572,22.386633312356572,-154.90634334389594,,,,,,,True,61.0,,False,False,1.0,False,10.28514905027104,31.930873675995997,7.133607020621272,41.96041926419392,5e-05,0.00065,0.00735,0.0,5e-05,0.99995,12.006342275297497,30.712158510902487,,,False,
Luke Grimm,WR,LAC,24.0,7.0,Active,1.0,12803,,,d6933d60-238d-11f0-b20f-f13e07eacbeb,00-0040461,,,,,,,,,,,,,,,,,,,,,,,,,,,,,,,,,,,,,,,,True,,,False,False,1.0,False,,,,,,,,,,,,,,,False,
Roschon Johnson,RB,CHI,25.0,10.0,Active,3.0,10235,,,e3c414c0-be8c-4807-af9c-f91d89c83e60,00-0039021,0.0,0.0,150.0,6.0,55.0,16.0,104.0,0.0,20.0,0.0,0.0,17.0,0.0,2.0,0.0,0.0,0.0,0.0,0.2814285714285714,0.0380228136882129,0.0085714285714285,0.0,169.9,169.9,447.0,15.0,2 out of 5 stars,34.3,34.300000000000004,6.819505517979828,41.11950551797983,41.11950551797983,-170.95768511261932,19.0,4.163157894736842,4.646290100274243,0.0,0.631578947368421,1.116049455185975,False,,0.7525714285714286,False,True,1.244531959643317,False,16.85017834010211,61.433844795588826,10.18156936071322,79.0678827616201,5e-05,0.00035,0.003,0.0,0.00105,0.99895,25.517064931737167,54.57711547447163,5.502142857142857,0.14785714285714224,False,Sustainable
Junior Bergen,WR,SF,23.0,8.0,Active,1.0,12743,,,b67ab6d1-bed0-4dd0-a21a-d4108fc07711,00-0040247,,,,,,,,,,,,,,,,,,,,,,,170.0,170.0,,,,,,,,,,,,,,,,True,,,False,False,1.0,False,,,,,,,,,,,,,,,False,
Ka'imi Fairbairn,K,HOU,32.0,8.0,Active,10.0,3451,2971573.0,29792.0,203b60aa-cb94-499c-a4ca-d3c6b94dddc4,00-0032726,0.0,0.0,0.0,0.0,0.0,0.0,0.0,0.0,0.0,0.0,0.0,0.0,0.0,0.0,0.0,0.0,0.0,0.0,,,,,132.5,132.5,203.0,11.0,2 out of 5 stars,144.5,31.4,137.78010082159187,169.18010082159188,169.18010082159188,19.620610729023383,32.0,11.84375,6.258462013481711,0.40625,0.09375,0.5284189562834162,False,,0.9240336134453784,False,True,0.9273193387616888,False,114.1691748777992,222.12193678701996,91.49737289848376,259.7657012685176,0.5713,0.30355,0.12515,0.19805,0.5713,0.4287,118.71270810309343,213.91056681283015,,,False,
Laquon Treadwell,WR,IND,31.0,13.0,Active,10.0,3155,3051889.0,29257.0,2e0badcd-b78c-40ee-a83b-a1bbb36bc545,00-0032951,,,,,,,,,,0.0,0.0,0.0,0.0,0.0,0.0,0.0,0.0,0.0,0.055,,0.059,0.0,170.0,170.0,,,,,,,,,,,,,,,,True,,,False,True,1.0,False,,,,,,,,,,,,,,,False,
Sam Howell,QB,DAL,25.0,14.0,Active,4.0,8162,,,7d85e9c2-f464-4654-9200-acfcffd7dfaf,00-0037077,24.0,0.0,2.0,0.0,1.0,0.0,0.0,0.0,0.0,,,,,,,,,,0.215,,,,170.0,170.0,,,,,,,,,,,,,,,,True,,0.7398039215686274,False,False,1.0,False,,,,,,,,,,,,,,,True,
Caleb Williams,QB,CHI,24.0,10.0,Active,2.0,11560,,,49d4b627-3f19-49a8-ae33-f539e0fb1f88,00-0039918,3541.0,20.0,489.0,0.0,81.0,0.0,0.0,0.0,0.0,3942.0,27.0,383.0,3.0,77.0,2.0,22.0,1.0,2.0,0.9876470588235292,,0.9905882352941175,,93.0,93.0,65.0,6.0,3 out of 5 stars,299.8,345.31,-16.283145513277418,320.5417711146677,329.0268544867226,-7.95203120022876,34.0,19.72705882352941,10.205126320068564,0.3529411764705882,0.2941176470588235,0.5173161600702696,False,,0.8966666666666666,False,True,0.8379034754403651,False,243.61468574201828,405.9943606970965,193.96797484337455,455.73904819815056,0.4397,0.4442,0.10335,0.0713,0.4397,0.5603,258.88541091547575,378.5138648120484,18.535833333333333,-1.355833333333333,False,Sustainable
Will Kacmarek,TE,MIA,23.0,6.0,Active,0.0,13434,,,8f405d6d-46dd-4f4e-b6cf-52379cd9bb54,KAC282861,,,,,,,,,,,,,,,,,,,,,,,170.0,170.0,,,,61.7,61.77,8.266194545722868,70.03619454572288,70.03619454572288,-107.25678211052964,,,,,,,True,87.0,,False,False,1.0,True,29.259519330744332,92.70994089301912,20.2578793438845,121.57564901692366,0.0192,0.0665,0.15765,0.0022,0.0192,0.9808,34.56276209044525,88.61724152308108,,,False,
Travis Homer,RB,PIT,27.0,9.0,Active,7.0,6012,4037457.0,32036.0,4afb77d8-4564-469b-be4c-5a8587df8046,00-0035594,0.0,0.0,23.0,0.0,6.0,3.0,11.0,0.0,3.0,0.0,0.0,-2.0,0.0,1.0,0.0,0.0,0.0,0.0,0.116,0.0057034220532319,0.0069999999999999,0.0,170.0,170.0,,,,,,,,,,16.0,0.3874999999999999,1.0423531071570706,0.0,1.0,2.6899435023408276,False,,,True,False,2.9996167667499862,True,,,,,,,,,,,,,,,True,
Tyler Scott,WR,LAR,24.0,11.0,Active,3.0,9490,,,6833ad69-9f24-4780-989c-83bdb090ec5e,00-0038941,0.0,0.0,0.0,0.0,0.0,1.0,5.0,0.0,1.0,,,,,,,,,,0.0254545454545454,0.0019011406844106,,,170.0,170.0,,,,,,,,,,,,,,,,True,,,False,False,1.0,False,,,,,,,,,,,,,,,False,
Jalen Reagor,WR,MIA,27.0,6.0,Active,6.0,6798,4241802.0,32691.0,06ff7f42-5fe7-4899-84a5-9ba5349d17e8,00-0036387,0.0,0.0,-3.0,0.0,3.0,7.0,100.0,0.0,12.0,,,,,,,,,,0.2825,0.0244399185336048,,,170.0,170.0,,,,,,,,,,,,,,,,True,,,False,False,1.0,True,,,,,,,,,,,,,,,True,
Shane Zylstra,TE,BUF,29.0,7.0,Active,5.0,8041,,,0cafaac9-20fb-4e5a-9362-158d8a4e7904,00-0036534,0.0,0.0,0.0,0.0,0.0,1.0,22.0,0.0,1.0,0.0,0.0,0.0,0.0,0.0,3.0,20.0,0.0,5.0,0.1358333333333333,0.0019157088122605,0.3999999999999999,0.009090909090909,170.0,170.0,,,,,,,,,,,,,,,,True,,,True,False,1.0,True,,,,,,,,,,,,,,,True,
Alvin Kamara,RB,NO,31.0,8.0,Active,9.0,4035,3054850.0,30180.0,d9c857b2-97da-4fb8-a527-afbbb2a67413,00-0033906,0.0,0.0,950.0,6.0,228.0,68.0,543.0,2.0,89.0,0.0,0.0,471.0,1.0,131.0,33.0,186.0,0.0,39.0,0.7085714285714285,0.172147001934236,0.6372727272727272,0.0690265486725663,153.6,153.6,141.0,9.0,3 out of 5 stars,123.5,123.82,27.77632567714686,151.5963256771469,151.5963256771469,-60.480864953452254,25.0,14.8,8.645952810419452,0.16,0.12,0.5841860007040169,False,,0.7161848739495797,False,True,0.6514390064651848,False,61.19094131031479,232.1169025545144,35.032547424461306,289.8500977526773,0.06095,0.1356,0.19285,0.0072,0.2866,0.7134,106.90339955744837,191.53631043080048,15.84,-1.1999999999999993,False,Buy-low
D.J. Williams,RB,,25.0,,Inactive,1.0,11989,,,38f29610-0713-11ef-80af-99b01a8e5b02,00-0039595,0.0,0.0,0.0,0.0,0.0,0.0,0.0,0.0,0.0,,,,,,,,,,0.0,0.0,,,170.0,170.0,,,,,,,,,,,,,,,,True,,,False,False,1.0,False,,,,,,,,,,,,,,,False,
Brandon Johnson,WR,LV,28.0,13.0,Active,4.0,8756,,,d90f8660-d251-11ec-b16e-cf7159baf83d,00-0037382,0.0,0.0,0.0,0.0,0.0,1.0,9.0,0.0,1.0,,,,,,,,,,0.0999999999999999,0.0021739130434782,,,170.0,170.0,,,,,,,,,,,,,,,,True,,,False,False,1.0,True,,,,,,,,,,,,,,,True,
Jarquez Hunter,RB,LAR,23.0,11.0,Active,1.0,11569,,,e71d4c32-3233-467f-ab01-71de34e5d9b4,00-0040692,,,,,,,,,,,,,,,,,,,,,0.0,,170.0,170.0,316.0,13.0,5 out of 5 stars,23.2,23.2,5.3922990860196,28.5922990860196,28.5922990860196,-183.4848915445795,,,,,,,True,,,False,False,1.0,False,10.060930150306186,41.74227333479567,6.242055825990822,58.5794773997781,0.00025,0.00055,0.0038,0.0,0.0022,0.9978,12.588094865282478,40.26403617212779,,,False,
Nikko Remigio,WR,KC,26.0,5.0,Active,3.0,11320,,,52b850b0-ec3b-11ed-aeaf-cb0dc6206dc5,00-0038519,0.0,0.0,0.0,0.0,0.0,2.0,48.0,0.0,6.0,0.0,0.0,11.0,0.0,1.0,1.0,21.0,0.0,1.0,0.206,0.0104895104895104,0.0328571428571428,0.0018214936247723,170.0,170.0,,,,0.0,0.0,35.47,35.47,35.47,-178.48838496408095,19.0,0.5789473684210527,1.678153398950572,0.0,0.9473684210526316,2.898628598187351,False,,0.7469411764705883,False,True,3.139479682987662,False,14.630499238446951,52.797684728897615,9.033366337021713,67.75350037227915,0.0,5e-05,0.0003,0.0,0.0002,0.9998,21.806979984541226,47.06232933113978,,,False,
Bauer Sharp,TE,TB,23.0,10.0,Active,0.0,13308,,,613e095e-7bd0-4e02-b21d-fc3f846b0937,SHA375359,,,,,,,,,,,,,,,,,,,,,,,170.0,170.0,,,,28.2,28.200000000000003,3.5257197362621526,31.725719736262157,31.725719736262157,-145.56725691999034,,,,,,,True,185.0,,False,False,1.0,False,13.81971562577987,43.40312925644293,9.316034434593174,56.682105581608866,0.0004,0.00345,0.02175,0.0,0.0004,0.9996,16.20052083278671,41.35912562149917,,,False,
Tip Reiman,TE,ARI,24.0,14.0,Active,2.0,11716,,,44767e85-080f-4212-b2f2-cba160c81a9f,00-0039737,0.0,0.0,0.0,0.0,0.0,6.0,37.0,0.0,7.0,0.0,0.0,0.0,0.0,0.0,3.0,18.0,0.0,5.0,0.4123529411764706,0.0133843212237093,0.37,0.0081037277147487,170.0,170.0,,,,8.399999999999999,8.45,1.1562954336327098,9.60629543363271,9.60629543363271,-167.6866812226198,11.0,1.318181818181818,1.1574266126352737,0.0,1.0,0.8780477751026213,False,,,False,True,0.9943695937334566,True,5.217350102280414,13.365624963022531,3.733920806496354,16.663882746300658,0.0,0.0,0.0,0.0,0.0,1.0,6.109327437029275,12.582771600607073,2.22375,-0.4112499999999999,False,Sustainable
Oscar Delp,TE,NO,22.0,8.0,Active,0.0,13319,,,e30ac2bf-f359-4913-8e92-0a97a7ebf289,,,,,,,,,,,,,,,,,,,,,,,,170.0,170.0,295.0,12.0,2 out of 5 stars,8.9,8.75,1.187763367747395,9.937763367747396,9.937763367747396,-167.3552132885051,,,,,,,True,73.0,,False,False,1.0,False,4.15415268221562,13.12990417410831,2.8378580405570952,17.371408306304627,0.0,0.0,5e-05,0.0,0.0,1.0,4.8601302205294905,12.522379440913037,,,False,
Graham Gano,K,,38.0,,Active,17.0,503,12460.0,9526.0,63f8a401-f308-4463-9d0b-4335b98da682,00-0026858,0.0,0.0,0.0,0.0,0.0,0.0,0.0,0.0,0.0,0.0,0.0,0.0,0.0,0.0,0.0,0.0,0.0,0.0,,,,,169.9,169.9,,,,,,,,,,15.0,6.0,4.088310863215481,0.0666666666666666,0.4,0.6813851438692469,False,,,True,False,1.1957588075549106,False,,,,,,,,,,,,,,,True,
Cedrick Wilson,WR,DET,30.0,6.0,Active,8.0,5113,4036335.0,31178.0,a964f59b-af2b-48e1-b64d-c376cc1d8c28,00-0034418,21.0,1.0,0.0,0.0,0.0,20.0,211.0,1.0,27.0,0.0,0.0,0.0,0.0,0.0,5.0,44.0,0.0,9.0,0.396,0.0522243713733075,0.355,0.0194805194805194,170.0,170.0,,,,,,,,,,19.0,3.333684210526316,4.029199273258364,0.0,0.8947368421052632,1.2086325574977723,False,,,True,False,1.3090595189858196,False,,,,,,,,,,,,,3.5300000000000002,0.30374999999999996,True,Sustainable
Ryan Flournoy,WR,DAL,26.0,14.0,Active,2.0,11783,,,ebf6bc25-5e74-4588-86d6-5dadba3f9bcd,00-0039410,0.0,0.0,0.0,0.0,0.0,10.0,102.0,0.0,14.0,0.0,0.0,25.0,0.0,4.0,40.0,475.0,4.0,56.0,0.2,0.022508038585209,0.4475,0.0922570016474464,170.3,170.3,179.0,10.0,2 out of 5 stars,89.5,89.70000000000002,11.232383070393514,100.93238307039351,100.93238307039351,-113.02600189368744,24.0,5.591666666666666,6.381625570929105,0.0416666666666666,0.5833333333333334,1.141274319689259,False,,0.7959607843137255,False,True,1.236104391442428,False,51.79725436550298,143.64143044831496,33.63094049521082,176.64720498949708,0.0057,0.015,0.02865,0.00045,0.0325,0.9675,68.71176723758947,129.02353744172757,6.258,0.3519999999999994,False,Sustainable
Justyn Ross,WR,,25.0,,Active,3.0,8140,,,cce91700-ce0c-11ec-8f7c-f5226825ea6a,00-0037216,0.0,0.0,0.0,0.0,0.0,0.0,0.0,0.0,1.0,,,,,,,,,,0.09,0.0017482517482517,,,170.0,170.0,,,,,,,,,,,,,,,,True,,,False,False,1.0,False,,,,,,,,,,,,,,,False,
Grant DuBose,WR,,24.0,,Active,2.0,11024,,,3b590cad-60c1-471d-a54a-d593a676afa9,00-0038507,0.0,0.0,0.0,0.0,0.0,2.0,11.0,0.0,4.0,,,,,,,,,,0.2266666666666666,0.0070422535211267,,,170.0,170.0,,,,,,,,,,,,,,,,True,,,False,False,1.0,False,,,,,,,,,,,,,,,True,
Luke Schoonmaker,TE,DAL,27.0,14.0,Active,3.0,10871,,,143957a7-4649-4a19-b351-e606edc75ebd,00-0038547,0.0,0.0,0.0,0.0,0.0,27.0,241.0,1.0,36.0,0.0,0.0,0.0,0.0,0.0,14.0,132.0,0.0,23.0,0.3447058823529412,0.0578778135048231,0.3294117647058823,0.0378912685337726,169.9,169.9,472.0,15.0,2 out of 5 stars,31.0,30.770000000000003,4.0474396474612915,34.81743964746129,34.81743964746129,-142.4755370087912,26.0,3.242307692307693,3.8137826972100104,0.0,0.7692307692307693,1.176255636150181,False,,0.7924705882352941,False,True,1.332083369733092,False,16.55986635727907,49.96579831658107,10.950350122183202,64.47254829903513,0.00025,0.00485,0.03415,5e-05,0.00025,0.99975,21.105350461006395,46.265398911438766,3.8562499999999997,-0.34375,False,Sustainable
Emanuel Wilson,RB,SEA,27.0,11.0,Active,3.0,11435,,,05266280-f323-11ed-bd27-0bcbcaae8d67,00-0038797,0.0,0.0,502.0,4.0,103.0,11.0,48.0,1.0,14.0,0.0,0.0,496.0,3.0,125.0,15.0,99.0,0.0,17.0,0.2341176470588235,0.0301724137931034,0.3111764705882353,0.0369565217391304,170.8,170.8,170.0,10.0,4 out of 5 stars,51.2,51.06000000000001,17.42363735277081,68.48363735277081,68.48363735277081,-143.5935532778283,34.0,5.544117647058824,5.947252545018128,0.0294117647058823,0.6470588235294118,1.0727139868998214,False,,0.7945882352941176,True,False,1.196207599985581,False,21.84283434672536,87.32409719384194,13.305773474577276,118.43197608727378,0.00315,0.0084,0.02815,0.0005,0.0224,0.9776,28.71899232354289,81.8899849733848,5.573428571428571,-0.010571428571428676,True,Sustainable
JP Richardson,WR,CHI,24.0,10.0,Active,1.0,12746,,,46e7a540-22fa-11f0-9b1e-5bbc697f9f6c,00-0040275,,,,,,,,,,,,,,,,,,,,,0.0,,,,,,,,,,,,,,,,,,,True,,,False,False,1.0,False,,,,,,,,,,,,,,,False,
Jason Myers,K,SEA,35.0,11.0,Active,11.0,2747,2473037.0,28378.0,7af4c94b-529b-4403-ab66-2bfed3fcf0c7,00-0031492,0.0,0.0,0.0,0.0,0.0,0.0,0.0,0.0,0.0,0.0,0.0,0.0,0.0,0.0,0.0,0.0,0.0,0.0,,,,,120.8,120.8,204.0,11.0,4 out of 5 stars,150.4,41.0,131.16332711253207,172.16332711253207,172.16332711253207,22.603837019963574,34.0,10.323529411764708,5.226509283162857,0.2941176470588235,0.1470588235294117,0.5062715544944077,False,,0.9728571428571428,False,True,0.8884529927722815,False,118.24596062888432,224.4420656952415,95.37012671367354,262.3990252811865,0.59705,0.29485,0.1081,0.20965,0.59705,0.40295,119.99397351527227,217.27148922582063,,,False,
Jacoby Brissett,QB,ARI,33.0,14.0,Active,10.0,3257,2578570.0,29325.0,ad2258ab-67f0-41c2-bcf3-f3ba145187dc,00-0033119,826.0,2.0,62.0,0.0,15.0,0.0,0.0,0.0,0.0,3366.0,23.0,168.0,1.0,38.0,0.0,0.0,0.0,0.0,0.69875,,0.8571428571428571,,170.2,170.2,181.0,10.0,2 out of 5 stars,232.4,261.32599999999996,-31.502056440195354,229.8239435598046,229.8239435598046,-98.66985875509188,21.0,15.651428571428571,10.001679001904773,0.238095238095238,0.3809523809523809,0.6390265882925649,False,,0.6761344537815125,False,True,1.0350393831818585,True,90.35201639450528,371.9326547075843,50.08405573531987,449.2880785691256,0.2553,0.2688,0.4118,0.07175,0.2553,0.7447,186.67510849120316,278.6398727568275,14.965238095238094,-1.5119047619047592,False,Sustainable
Michael Badgley,K,,30.0,,Active,7.0,5230,3123052.0,31366.0,375b0d7f-8d03-4111-8c1b-62907f0326a1,00-0034084,,,,,,,,,,0.0,0.0,0.0,0.0,0.0,0.0,0.0,0.0,0.0,,,,,170.1,170.1,,,,,,,,,,9.0,7.0,3.708099243547832,0.1111111111111111,0.1111111111111111,0.5297284633639759,False,,,True,False,0.9296173850857444,False,,,,,,,,,,,,,,,True,
C.J. Stroud,QB,HOU,24.0,8.0,Active,3.0,9758,,,7e91086f-9ca4-4bd9-a099-b88b2f37e6c6,00-0039163,3727.0,20.0,233.0,0.0,52.0,0.0,0.0,0.0,1.0,3041.0,19.0,209.0,1.0,48.0,0.0,0.0,0.0,0.0,0.9305882352941176,,0.9121428571428573,,166.6,166.6,135.0,9.0,4 out of 5 stars,260.7,296.192,-20.57793116358616,275.6140688364138,275.6140688364138,-52.87973347848265,31.0,16.61032258064516,7.408877325601122,0.1290322580645161,0.2903225806451613,0.4460405443440434,False,,0.8694117647058823,False,True,0.722457466324693,False,199.20784747743176,358.4414742379957,147.1240086206647,405.42424755179223,0.2619,0.5309,0.1888,0.0321,0.2619,0.7381,220.12570105687877,326.04231560086265,15.550857142857142,-1.7799999999999976,False,Buy-low
Elijah Higgins,TE,ARI,25.0,14.0,Active,3.0,10231,,,a01b7698-d67f-4b60-b2fb-4c667336b718,00-0039041,0.0,0.0,0.0,0.0,0.0,20.0,172.0,2.0,24.0,0.0,0.0,0.0,0.0,0.0,30.0,301.0,0.0,37.0,0.3805882352941176,0.0458891013384321,0.4252941176470588,0.059967585089141,170.0,170.0,440.0,15.0,2 out of 5 stars,45.4,45.11999999999999,6.4937048039140866,51.613704803914075,51.613704803914075,-125.67927185233845,32.0,3.4156250000000004,3.268629916686511,0.03125,0.6875,0.9569639280326472,False,,0.8344873949579831,False,True,1.083740383288576,True,27.64912105321492,72.05902251239588,19.78887528838223,89.90727310506202,0.00245,0.0234,0.09945,0.00015,0.00245,0.99755,32.13143603701725,67.50906832466042,3.4279310344827585,0.27206896551724125,False,Sustainable
Mason Rudolph,QB,PIT,31.0,9.0,Active,8.0,4972,3116407.0,31046.0,be4ca0ad-f3d6-4b98-a37f-79d0cbc06390,00-0034771,1530.0,9.0,106.0,1.0,25.0,0.0,0.0,0.0,0.0,310.0,2.0,6.0,0.0,7.0,0.0,0.0,0.0,0.0,0.8475,,0.3379999999999999,,170.0,170.0,,,,10.3,11.596000000000002,-0.1960373629032677,11.399962637096737,11.399962637096737,-317.09383967779974,13.0,10.36923076923077,8.45278106260346,0.0,0.5384615384615384,0.8151791825952891,False,,,False,True,1.3203559504316429,True,6.431108514386961,16.287776567386214,4.334620115519584,19.971962548508937,0.0,0.0,0.00835,0.0,0.0,1.0,7.462457751113334,15.078925604181409,8.328571428571427,-0.242857142857142,False,Sustainable
Greg Dortch,WR,DET,28.0,6.0,Active,7.0,5970,4037235.0,32523.0,4484c7d1-025a-4f26-8e9b-48503afb0c68,00-0035500,0.0,0.0,31.0,0.0,5.0,37.0,342.0,3.0,50.0,0.0,0.0,15.0,1.0,7.0,29.0,206.0,3.0,33.0,0.4023529411764706,0.0956022944550669,0.3358333333333334,0.0534846029173419,170.0,170.0,404.0,14.0,4 out of 5 stars,14.1,14.48,41.367353833466474,55.84735383346647,55.84735383346647,-158.1110311306145,29.0,5.772413793103448,5.490829793634118,0.0344827586206896,0.5862068965517241,0.9512190204025652,False,,0.8587226890756303,True,False,1.0302571328016203,False,34.56897774675998,75.52943299085307,25.36097304572341,89.98838165696839,0.0,0.0,0.00015,0.0,0.0,1.0,38.90172333468538,70.52279159195555,4.8982758620689655,0.8051724137931036,True,Sustainable
Myles Price,WR,MIN,24.0,6.0,Active,1.0,13075,,,c17f53c0-25de-11f0-b2c4-1fd68bf02b2c,00-0040506,,,,,,,,,,0.0,0.0,0.0,0.0,0.0,0.0,0.0,0.0,0.0,,,0.018125,0.0,170.0,170.0,,,,0.0,0.0,44.48,44.48,44.48,-169.47838496408096,16.0,0.0,0.0,0.0,1.0,,False,,0.8610352941176471,False,True,1.0,False,27.812503690379668,60.00843738492692,20.320416897667897,71.98409566440155,0.0,0.0,5e-05,0.0,0.0,1.0,31.031924594316727,56.56430897492273,,,False,
,DEF,DEN,,10.0,,,DEN,,,,,,,,,,,,,,,,,,,,,,,,,,,,,,,,,,,,,,,,,,,,True,,,False,False,1.0,False,,,,,,,,,,,,,,,False,
Nate Adkins,TE,DEN,27.0,10.0,Active,3.0,11433,,,bcd0ae60-f31c-11ed-819c-fd03d0cc2698,00-0038783,0.0,0.0,0.0,0.0,0.0,14.0,115.0,3.0,15.0,0.0,0.0,0.0,0.0,0.0,6.0,48.0,1.0,11.0,0.378235294117647,0.0273224043715847,0.3277777777777778,0.0188356164383561,170.0,170.0,,,,31.700000000000003,31.53,3.864035188926143,35.394035188926146,35.394035188926146,-141.89894146732635,21.0,2.871428571428571,3.2508680159524865,0.0,0.7619047619047619,1.1321430901327068,False,,0.6916302521008403,False,True,1.282126891616833,False,12.486771378299888,53.72583028244392,7.262514812361396,71.56637775607729,0.001,0.0104,0.04995,0.0001,0.001,0.999,21.393240681329036,46.843543051647686,2.4105263157894736,0.8210526315789473,False,Sustainable
Tank Dell,WR,HOU,26.0,8.0,Active,3.0,9502,,,25e7b423-f716-4d1a-9623-cee3e7d822ab,00-0038977,0.0,0.0,43.0,0.0,9.0,51.0,667.0,3.0,81.0,,,,,,,,,,0.6892857142857143,0.1480804387568556,,,170.2,170.2,230.0,11.0,3 out of 5 stars,141.4,141.20000000000002,22.654931330200665,136.99061362273503,163.85493133020069,-76.96777134134592,14.0,10.0,6.4057666327962774,0.0714285714285714,0.2142857142857142,0.6405766632796277,False,,0.7959607843137255,False,False,0.6938030698448368,False,75.64092599960178,192.87116576657695,48.62758732640845,230.86164409205497,0.02025,0.0481,0.0828,0.0023,0.10615,0.89385,99.08331276987762,170.9533890203785,11.262857142857143,-1.2628571428571433,False,Buy-low
Marcus Mariota,QB,WAS,32.0,7.0,Active,11.0,2307,2576980.0,28390.0,7c16c04c-04de-41f3-ac16-ad6a9435e3f7,00-0032268,364.0,4.0,92.0,1.0,18.0,0.0,0.0,0.0,0.0,1695.0,10.0,297.0,1.0,50.0,0.0,0.0,0.0,0.0,0.5133333333333333,,0.7454545454545454,,170.0,170.0,398.0,14.0,2 out of 5 stars,18.1,21.254,-1.4106851689306068,19.843314831069396,19.843314831069396,-308.6504874838271,13.0,15.635384615384616,10.50389817748996,0.1538461538461538,0.3076923076923077,0.6718029927549418,False,,,False,True,1.0881277367483395,False,11.429254282855744,27.55962140792696,7.6037601534576575,33.45018120682751,0.0,0.0,0.08665,0.0,0.0,1.0,13.447611798177228,25.547301410192297,12.835333333333333,-1.2846666666666664,False,Sustainable
Jake Bates,K,DET,27.0,6.0,Active,3.0,11539,,,3a724be0-3075-11ee-bdab-4565792ee2a3,00-0039172,0.0,0.0,0.0,0.0,0.0,0.0,0.0,0.0,0.0,0.0,0.0,0.0,0.0,0.0,0.0,0.0,0.0,0.0,,,,,154.0,154.0,234.0,11.0,5 out of 5 stars,135.9,45.5,106.38498903304956,151.88498903304955,151.88498903304955,2.3254989404810544,34.0,9.264705882352942,3.7603096546364663,0.2647058823529412,0.0294117647058823,0.4058746928813964,False,,0.98,False,True,0.7122671269594121,False,104.25988160853764,196.7379385750143,83.97048288628415,230.5302684317712,0.4629,0.3748,0.1623,0.117,0.4629,0.5371,105.9334996105972,190.9655934088028,,,False,
Jared Wayne,WR,HOU,25.0,8.0,Active,3.0,11056,,,28c09980-e6ea-11ed-8605-b736dbb934f2,00-0038728,,,,,,,,,,0.0,0.0,0.0,0.0,0.0,2.0,20.0,0.0,2.0,0.2266666666666666,,0.44,0.0036166365280289,170.0,170.0,,,,,,,,,,,,,,,,True,,,False,True,1.0,False,,,,,,,,,,,,,,,False,
Travis Kelce,TE,KC,36.0,5.0,Active,13.0,1466,15847.0,26686.0,c3859e06-5f23-4302-a71b-04820a899d5f,00-0030506,0.0,0.0,1.0,0.0,1.0,97.0,823.0,3.0,133.0,0.0,0.0,1.0,0.0,1.0,76.0,851.0,5.0,108.0,0.845625,0.2325174825174825,0.8188235294117647,0.1967213114754098,98.3,98.3,101.0,8.0,4 out of 5 stars,185.7,185.94000000000003,23.256759397886107,197.52971414158793,209.19675939788613,20.236737485335425,33.0,11.775757575757575,6.911585848370396,0.303030303030303,0.1212121212121212,0.5869334353994416,False,,0.6665042016806723,False,True,0.6646890730273913,False,73.39278120590073,314.5211772810961,40.16900363153676,382.5516017942716,0.4591,0.1752,0.13315,0.2279,0.4591,0.5409,154.28984637427496,236.20067698543707,12.155277777777776,-0.3469444444444427,False,Sustainable
Jordan Mims,RB,,26.0,,Active,3.0,11378,,,6d91ccf0-f013-11ed-88ef-07b7f7d6320c,00-0038678,0.0,0.0,70.0,0.0,20.0,12.0,71.0,0.0,18.0,0.0,0.0,0.0,0.0,0.0,0.0,0.0,0.0,0.0,0.1518181818181818,0.034816247582205,0.0,0.0,170.0,170.0,,,,,,,,,,9.0,2.9,2.8796701199963857,0.0,0.8888888888888888,0.992989696550478,False,,,True,False,1.1073052428018595,False,,,,,,,,,,,,,,,True,
Darius Slayton,WR,NYG,29.0,8.0,Active,7.0,6149,3916945.0,32003.0,82ed30a5-54a8-4ed0-b040-99c3a78fb055,00-0035535,0.0,0.0,17.0,0.0,2.0,39.0,573.0,2.0,71.0,0.0,0.0,0.0,0.0,0.0,37.0,538.0,1.0,63.0,0.8306250000000001,0.1281588447653429,0.812857142857143,0.125248508946322,170.1,170.1,273.0,12.0,4 out of 5 stars,102.2,101.96,12.450488673570922,105.79267234350988,114.41048867357092,-108.16571262057109,30.0,6.8933333333333335,5.437096926532187,0.0333333333333333,0.4666666666666667,0.7887471363441277,False,,0.8755294117647059,False,True,0.8542852337535094,True,74.84511226185539,141.18873875556446,57.035311866130485,163.18131777722894,0.0003,0.00405,0.0175,0.0,0.00995,0.99005,81.52238756271457,132.1694394317442,7.531000000000001,-0.5710000000000006,False,Sustainable
Jamaal Williams,RB,,29.0,,Active,8.0,4149,2980453.0,30247.0,122e131c-b08c-4b10-901d-481a20aeffb8,00-0033948,0.0,0.0,164.0,1.0,48.0,9.0,57.0,0.0,11.0,,,,,,,,,,0.1992857142857143,0.0212765957446808,,,170.0,170.0,,,,,,,,,,14.0,2.65,3.054064127078489,0.0,0.9285714285714286,1.1524770290862223,False,,0.8093725490196078,False,False,1.2851531702182302,False,,,,,,,,,,,,,3.215384615384615,-0.36153846153846114,False,Sustainable
Deshaun Watson,QB,CLE,30.0,11.0,Active,9.0,4017,3122840.0,30125.0,eec5265c-7731-4bb6-8af2-4f98a67f9ab7,00-0033537,1148.0,5.0,148.0,1.0,31.0,0.0,0.0,0.0,0.0,,,,,,,,,,0.8885714285714286,,,,170.1,170.1,301.0,12.0,4 out of 5 stars,136.3,149.47,-26.29611273302284,123.17388726697716,123.17388726697716,-205.31991504791932,,,,,,,True,,,False,False,1.0,True,65.11102011552836,173.130996239665,44.68256143653195,217.0636077746173,0.01325,0.1211,0.7956,0.00125,0.01325,0.98675,76.81192870625844,162.04374536087863,,,False,
Nick Mullens,QB,JAX,31.0,7.0,Active,9.0,4464,3059989.0,30563.0,7738fea8-7ea2-4c4c-b589-bca90b070819,00-0033319,38.0,0.0,-2.0,0.0,3.0,0.0,0.0,0.0,0.0,19.0,0.0,-8.0,0.0,12.0,0.0,0.0,0.0,0.0,0.025,,0.112,,170.0,170.0,,,,9.8,11.578,-0.570662492570593,11.007337507429408,11.007337507429408,-317.4864648074671,8.0,0.1599999999999999,0.4463182720884279,0.0,1.0,2.789489200552675,False,,,False,True,4.518170658981467,False,4.754428085467791,15.745401452826137,3.1004645761001863,21.174837530102725,0.0,0.0,0.0197,0.0,0.0,1.0,5.665811554057624,15.138326325716298,0.11875000000000001,0.041249999999999995,False,Sustainable
Brennan Presley,WR,LAR,24.0,11.0,Active,1.0,13011,,,ec0ecae0-254c-11f0-85e6-ad6d4b9a9b15,00-0040597,,,,,,,,,,,,,,,,,,,,,0.0,,170.0,170.0,,,,,,,,,,,,,,,,True,,,False,False,1.0,False,,,,,,,,,,,,,,,False,
Malik Benson,WR,LV,23.0,13.0,Active,0.0,13329,,,27e1ef17-ce10-4e14-99e6-328672f57dcd,BEN601117,,,,,,,,,,,,,,,,,,,,,,,170.0,170.0,455.0,15.0,2 out of 5 stars,,,,,,,,,,,,,True,195.0,,False,False,1.0,True,,,,,,,,,,,,,,,False,
Zamir White,RB,,26.0,,Active,4.0,8139,,,440d7750-672e-4293-8eb0-89b241a498eb,00-0038040,0.0,0.0,183.0,1.0,65.0,6.0,30.0,0.0,8.0,0.0,0.0,32.0,0.0,12.0,4.0,24.0,0.0,6.0,0.305,0.0135135135135135,0.1583333333333333,0.0121457489878542,170.0,170.0,,,,,,,,,,13.0,3.3000000000000003,2.495996794869737,0.0,0.7692307692307693,0.7563626651120414,False,,,True,False,0.8434370945112577,False,,,,,,,,,,,,,4.77,-1.7776923076923072,True,Buy-low
Jawhar Jordan,RB,HOU,26.0,8.0,Active,2.0,11588,,,d3ddb80f-6f08-4594-be42-4c2f0716f4ef,00-0039405,,,,,,,,,,0.0,0.0,193.0,0.0,43.0,7.0,34.0,0.0,7.0,,,0.3,0.0126582278481012,170.0,170.0,367.0,14.0,4 out of 5 stars,50.3,50.150000000000006,11.18804344362321,61.338043443623214,61.338043443623214,-150.73914718697594,,,,,,,True,,,False,True,1.0,False,22.039073091337443,89.72157763822594,13.39828171536215,126.52295488201275,0.00515,0.01125,0.03455,0.00115,0.0291,0.9709,27.06342243523635,86.36035110647597,,,False,
Daniel Carlson,K,,31.0,,Active,8.0,5095,3051909.0,31137.0,7bb70550-c28a-4e47-9a13-cc0c0fef8b38,00-0034161,0.0,0.0,0.0,0.0,0.0,0.0,0.0,0.0,0.0,0.0,0.0,0.0,0.0,0.0,0.0,0.0,0.0,0.0,,,,,170.0,170.0,410.0,15.0,1 out of 5 stars,,,,,,,34.0,7.382352941176471,5.543299017089901,0.1764705882352941,0.3235294117647059,0.7508851258209428,False,,0.9828571428571428,True,False,1.3177239197845882,False,,,,,,,,,,,,,,,True,
Avery Williams,RB,,27.0,,Active,4.0,7809,,,6b2ee61f-463f-478a-9bfa-e43c8e9b0c2e,00-0036950,0.0,0.0,0.0,0.0,0.0,0.0,0.0,0.0,0.0,0.0,0.0,0.0,0.0,0.0,0.0,0.0,0.0,0.0,0.0088235294117647,0.0,,0.0,170.0,170.0,,,,,,,,,,18.0,0.0,0.0,0.0,1.0,,False,,0.7211372549019607,True,False,1.0,False,,,,,,,,,,,,,,,True,
Jalen Milroe,QB,SEA,23.0,11.0,Active,1.0,12510,,,b0eb5b67-4ef2-462d-bfe7-e73bcce1f6b0,00-0040673,,,,,,,,,,0.0,0.0,4.0,0.0,3.0,0.0,0.0,0.0,0.0,,,0.02,,170.0,170.0,,,,9.0,11.0,0.2738035514120653,11.273803551412064,11.273803551412064,-317.2199987634844,,,,,,,True,,,False,True,1.0,False,4.326454264915474,16.352156041755265,2.760330269192656,22.44001354102601,0.0,0.0,0.02745,0.0,0.0,1.0,5.081344384474976,15.796983030232596,,,False,
Darren Waller,TE,,33.0,,Active,11.0,2505,2576925.0,28592.0,14c97c9f-26e8-4944-9299-f90de6aeada3,00-0031610,,,,,,,,,,0.0,0.0,4.0,0.0,1.0,24.0,283.0,6.0,34.0,,,0.4499999999999999,0.0735930735930736,170.0,170.0,401.0,14.0,-,,,,,,,9.0,9.855555555555556,8.907315969346646,0.3333333333333333,0.3333333333333333,0.9037862877578332,False,,,True,False,1.023517887366198,False,,,,,,,,,,,,,8.5225,2.5649999999999995,True,Sustainable
Chris Collier,RB,LV,26.0,13.0,Active,2.0,11963,,,7fcfe130-06fc-11ef-9592-67ed152bdb91,00-0039244,0.0,0.0,12.0,0.0,5.0,1.0,-4.0,0.0,2.0,,,,,,,,,,0.0424999999999999,0.0033783783783783,,,170.0,170.0,,,,0.0,0.0,5.72,5.72,5.72,-206.35719063059915,,,,,,,True,,,False,False,1.0,True,2.0186072348580577,8.38224267577454,1.249537005269291,11.802865201085488,0.0,0.0,0.0,0.0,0.0,1.0,2.5468246280856315,8.13075756780389,,,False,
DeAndre Hopkins,WR,,33.0,,Active,13.0,1426,15795.0,26650.0,5c48ade7-4b9a-4757-9643-87a6e3839e2b,00-0030564,0.0,0.0,0.0,0.0,0.0,56.0,610.0,5.0,80.0,0.0,0.0,0.0,0.0,0.0,22.0,330.0,2.0,39.0,0.49,0.1031468531468531,0.33,0.0958230958230958,170.0,170.0,411.0,15.0,4 out of 5 stars,,,,,,,33.0,6.484848484848484,6.4020075568196395,0.0303030303030303,0.6060606060606061,0.9872254643693836,False,,0.8007394957983193,True,False,1.06925540231471,False,,,,,,,,,,,,,6.194444444444445,0.15833333333333321,True,Sustainable
Jalen Brooks,WR,ARI,26.0,14.0,Active,3.0,11034,,,66f7bbe1-eb89-4b48-83db-d947b04ff1fd,00-0038640,0.0,0.0,0.0,0.0,0.0,12.0,177.0,1.0,30.0,0.0,0.0,0.0,0.0,0.0,3.0,51.0,0.0,6.0,0.3828571428571429,0.0482315112540192,0.3,0.0097244732576985,170.0,170.0,,,,0.0,0.0,5.08,5.08,5.08,-208.87838496408096,17.0,2.576470588235294,2.330646211827501,0.0,0.9411764705882352,0.9045887123531398,False,,,False,True,0.9797522475520318,True,3.3132573357974375,7.012657590000753,2.300910156346714,8.158572785690756,0.0,0.0,0.0,0.0,0.0,1.0,3.8479510937868606,6.357716510515012,4.453571428571428,-1.3249999999999997,False,Buy-low
Jack Westover,TE,NE,27.0,11.0,Active,2.0,12045,,,22926aa0-0725-11ef-bcfc-752f39cb55fa,00-0039305,,,,,,,,,,0.0,0.0,0.0,0.0,0.0,1.0,0.0,0.0,2.0,0.0466666666666666,,,,,,,,,,,,,,,,,,,,,True,,,False,True,1.0,False,,,,,,,,,,,,,,,False,
Chig Okonkwo,TE,WAS,26.0,7.0,Active,4.0,8210,,,14e11f9b-58c8-437f-abc0-a4e4df9a7c47,00-0037809,0.0,0.0,17.0,0.0,1.0,52.0,479.0,2.0,70.0,0.0,0.0,0.0,0.0,0.0,56.0,560.0,2.0,79.0,0.6052941176470588,0.1380670611439842,0.6370588235294118,0.1490566037735849,168.6,168.6,163.0,10.0,1 out of 5 stars,126.8,126.62,16.99258475841734,146.94713695546164,143.61258475841734,-30.34583970079086,33.0,7.200000000000001,4.545808508945356,0.0606060606060606,0.3636363636363636,0.6313622929090772,False,,0.8933109243697478,True,False,0.7150037668795961,False,81.2520369797704,191.1121880708124,61.61599197664191,233.8545560722799,0.1951,0.30635,0.28225,0.0338,0.1951,0.8049,86.91136069432639,184.5005731245362,6.618181818181818,0.5939393939393938,True,Sustainable
Miles Sanders,RB,,28.0,,Active,7.0,6151,4045163.0,31885.0,ef3ceaf4-b733-4e06-a7f4-a94fc67361c1,00-0035243,0.0,0.0,205.0,2.0,55.0,24.0,148.0,1.0,30.0,0.0,0.0,117.0,1.0,20.0,8.0,30.0,0.0,8.0,0.3336363636363636,0.0579150579150579,0.215,0.0131795716639209,170.0,170.0,445.0,15.0,-,,,,,,,15.0,7.066666666666666,6.41879680165624,0.0666666666666666,0.5333333333333333,0.908320302121166,False,,0.7273613445378151,True,False,1.0128884883459692,False,,,,,,,,,,,,,6.7700000000000005,0.1633333333333331,True,Sustainable
KeAndre Lambert-Smith,WR,LAC,24.0,7.0,Active,1.0,12670,,,2f6580d2-6f19-4a03-99e8-4dbd9ebf2a73,00-0040184,,,,,,,,,,0.0,0.0,0.0,0.0,0.0,5.0,51.0,1.0,12.0,,,0.188,0.0220588235294117,170.0,170.0,,,,26.6,26.88,11.489606396616855,38.36960639661685,38.36960639661685,-175.5887785674641,10.0,1.61,2.8403638264607345,0.0,0.9,1.7642011344476611,False,,,False,True,1.910791062285734,False,20.593453782887444,53.56055005461031,14.22252870439948,67.36069321271002,0.0,0.0,5e-05,0.0,0.0,1.0,23.70671594155056,50.4346631787979,,,False,
Zach Davidson,TE,,27.0,,Active,5.0,7943,,,cb5e14e8-87a7-4bad-9fd4-abdd50628abb,00-0036640,0.0,0.0,0.0,0.0,0.0,1.0,5.0,0.0,2.0,,,,,,,,,,0.2266666666666666,0.004040404040404,0.11,,170.0,170.0,,,,,,,,,,,,,,,,True,,,False,False,1.0,False,,,,,,,,,,,,,,,True,
Taylen Green,QB,CLE,23.0,11.0,Active,0.0,13306,,,0db29717-c724-4603-8e5e-d10ef35cb842,GRE361852,,,,,,,,,,,,,,,,,,,,,,,170.0,170.0,,,,,,,,,,,,,,,,True,182.0,,False,False,1.0,True,,,,,,,,,,,,,,,False,
Tyson Bagent,QB,CHI,26.0,10.0,Active,3.0,11256,,,9bdeb910-ead2-11ed-999e-03b49558b5db,00-0038416,11.0,0.0,-7.0,0.0,6.0,0.0,0.0,0.0,0.0,47.0,0.0,7.0,0.0,2.0,0.0,0.0,0.0,0.0,0.0525,,0.0666666666666666,,169.9,169.9,,,,11.4,12.98,0.0769139877350647,13.056913987735063,13.056913987735063,-315.4368883271614,,,,,,,True,,,False,True,1.0,False,5.607111752241586,19.019175363144686,3.668958432256636,25.123183152378154,0.0,0.0,0.03465,0.0,0.0,1.0,6.600690119701765,18.091891508598906,,,False,
Marquez Valdes-Scantling,WR,DAL,31.0,14.0,Active,8.0,5086,3051738.0,31144.0,e7f0a505-8060-403e-a3b3-9d4e88dda1dc,00-0034272,0.0,0.0,4.0,0.0,1.0,19.0,411.0,4.0,44.0,0.0,0.0,0.0,0.0,0.0,14.0,120.0,1.0,29.0,0.5435714285714286,0.0676982591876208,0.48,0.0402298850574712,169.9,169.9,,,,,,,,,,22.0,5.295454545454546,6.488192739249121,0.0454545454545454,0.6363636363636364,1.2252381138496191,False,,0.7498991596638654,True,False,1.3270448541280764,False,,,,,,,,,,,,,6.051304347826087,-0.7426086956521747,True,Sustainable
Blake Watson,RB,,26.0,,Active,2.0,11568,,,51f21920-0730-11ef-9a3c-99c1643e1512,00-0039573,0.0,0.0,10.0,0.0,4.0,1.0,13.0,0.0,2.0,,,,,,,,,,0.09,0.0036429872495446,,,170.0,170.0,,,,,,,,,,,,,,,,True,,,False,False,1.0,False,,,,,,,,,,,,,,,True,
Brandon McManus,K,,34.0,,Active,13.0,1433,16339.0,27120.0,6444feb1-f5a4-4b45-9a45-79308a4445fd,00-0029822,0.0,0.0,0.0,0.0,0.0,0.0,0.0,0.0,0.0,0.0,0.0,0.0,0.0,0.0,0.0,0.0,0.0,0.0,,,,,170.0,170.0,406.0,14.0,-,,,,,,,25.0,8.48,4.282911782109612,0.2,0.2,0.5050603516638693,False,,0.9072268907563024,True,False,0.8863274600021839,False,,,,,,,,,,,,,,,True,
Bryce Ford-Wheaton,WR,,26.0,,Active,3.0,9499,,,eb139db0-eb91-11ed-bf4f-cdefdf74a897,00-0038477,0.0,0.0,0.0,0.0,0.0,0.0,0.0,0.0,0.0,,,,,,,,,,0.0028571428571428,0.0,,,170.0,170.0,,,,,,,,,,,,,,,,True,,,False,False,1.0,False,,,,,,,,,,,,,,,True,
Ted Hurst,WR,TB,22.0,10.0,Active,0.0,13317,,,8e9964c2-b74c-4eb1-967b-2f82cc8f9767,HUR541377,,,,,,,,,,,,,,,,,,,,,,,170.2,170.2,233.0,11.0,4 out of 5 stars,82.69999999999999,82.92999999999999,9.66290450926222,92.5929045092622,92.5929045092622,-121.36548045481877,,,,,,,True,84.0,,False,False,1.0,False,51.579315586676984,116.0946818585208,36.43578305943543,139.56867340138493,0.0003,0.00145,0.0077,0.0,0.0045,0.9955,59.84649124916663,107.45886511739404,,,False,
Joe Royer,TE,CLE,24.0,11.0,Active,0.0,13435,,,8ed0fa45-2483-45ba-8c8e-2e836634bf96,,,,,,,,,,,,,,,,,,,,,,,,170.0,170.0,,,,8.1,8.36,1.1539285033056133,9.513928503305612,9.513928503305612,-167.7790481529469,,,,,,,True,170.0,,False,False,1.0,True,4.117267227915244,12.98577825872021,2.8380667067636716,16.99597612138828,0.0,0.0,0.0,0.0,0.0,1.0,4.854691762530686,12.412301298610364,,,False,
Carsen Ryan,TE,CLE,22.0,11.0,Active,0.0,13580,,,9d8c7f71-3c7e-4459-bbcc-2c7c0f984b78,RYA022232,,,,,,,,,,,,,,,,,,,,,,,170.0,170.0,,,,,,,,,,,,,,,,True,248.0,,False,False,1.0,True,,,,,,,,,,,,,,,False,
Josh Jacobs,RB,GB,28.0,11.0,Active,7.0,5850,4047365.0,31856.0,61694ab9-b099-408e-b48d-6a643dd069ec,00-0035700,0.0,0.0,1329.0,15.0,301.0,36.0,342.0,1.0,43.0,0.0,0.0,929.0,13.0,234.0,36.0,282.0,1.0,44.0,0.6341176470588235,0.0926724137931034,0.5906666666666667,0.0956521739130434,26.2,26.2,45.0,5.0,4 out of 5 stars,256.9,256.82,56.06101204116948,286.06646848916364,312.88101204116947,73.98927785856449,32.0,16.88125,7.60112205214552,0.40625,0.09375,0.4502700956472725,False,,0.8450084033613445,False,True,0.5021063555031302,False,193.40780588492083,381.0416419037163,126.94113040765922,436.2945311062661,0.35025,0.33685,0.1664,0.05765,0.79025,0.20975,227.39054075558963,340.985642625037,15.640588235294118,0.7741176470588229,False,Sustainable
Zach Charbonnet,RB,SEA,25.0,11.0,Active,3.0,9753,,,7d7f1628-85a7-4633-9ffe-d82fc2761b00,00-0039165,0.0,0.0,569.0,8.0,135.0,42.0,340.0,1.0,52.0,0.0,0.0,730.0,12.0,184.0,20.0,144.0,0.0,24.0,0.5270588235294118,0.0913884007029877,0.48375,0.0527472527472527,151.1,151.1,134.0,9.0,4 out of 5 stars,123.0,122.92999999999998,26.603385681940804,149.5333856819408,149.5333856819408,-62.543804948658334,33.0,11.1,8.03698482019221,0.0909090909090909,0.3333333333333333,0.7240526865038027,False,,0.8786218487394957,False,True,0.8074075074651852,False,92.21692743844449,202.2146519911644,65.32412493237769,243.12275946620343,0.02355,0.09635,0.2448,0.0018,0.21905,0.78095,103.01920011674524,189.43815960160305,10.32235294117647,0.4276470588235295,False,Sustainable
Adrian Martinez,QB,SF,26.0,8.0,Active,3.0,11065,,,e95a83c0-e6f6-11ed-88d6-7977d3a68019,00-0038658,,,,,,,,,,0.0,0.0,-1.0,0.0,1.0,0.0,0.0,0.0,0.0,,,,,170.0,170.0,,,,9.3,11.26,-0.3381428086014677,10.921857191398532,10.921857191398532,-317.5719451234979,,,,,,,True,,,False,True,1.0,False,4.153323171447591,15.96496685810406,2.6694727880470226,21.95965685126147,0.0,0.0,0.0247,0.0,0.0,1.0,4.896505168494599,15.474956329702463,,,False,
Parris Campbell,WR,,28.0,,Active,7.0,5880,3121410.0,31891.0,db0c3b1c-8d18-435a-864a-cdd696f963b6,00-0035639,0.0,0.0,0.0,0.0,0.0,6.0,30.0,1.0,8.0,0.0,0.0,0.0,0.0,0.0,0.0,0.0,0.0,0.0,0.45,0.0191387559808612,0.04,0.0,170.0,170.0,,,,,,,,,,,,,,,,True,,,True,False,1.0,False,,,,,,,,,,,,,,,True,
Johnny Mundt,TE,PHI,31.0,10.0,Active,9.0,4314,3052096.0,30373.0,6414998b-5831-44aa-8bd8-39e42a323c2c,00-0033246,0.0,0.0,0.0,0.0,0.0,19.0,142.0,2.0,27.0,0.0,0.0,0.0,0.0,0.0,9.0,111.0,0.0,19.0,0.4029411764705882,0.0522243713733075,0.358125,0.0347349177330895,170.0,170.0,,,,0.0,0.0,0.0,0.0,0.0,-177.2929766562525,26.0,2.5115384615384615,2.427727649152915,0.0,0.8076923076923077,0.9666296918526156,False,,0.7156638655462184,True,False,1.0946866460265712,False,0.0,0.0,0.0,0.0,0.0,0.0,0.0,0.0,0.0,1.0,0.0,0.0,3.3227999999999995,-0.5187999999999997,True,Sustainable
Mac Jones,QB,SF,27.0,8.0,Active,5.0,7527,,,1fd00ec3-b758-46d2-a2c1-cca521ea8a54,00-0036972,1672.0,8.0,92.0,1.0,28.0,0.0,0.0,0.0,0.0,2151.0,13.0,60.0,0.0,36.0,0.0,0.0,0.0,0.0,0.798,,0.7436363636363637,,170.0,170.0,334.0,13.0,1 out of 5 stars,10.5,12.048,-0.395882388534959,11.65211761146504,11.65211761146504,-316.84168470343144,21.0,12.958095238095238,10.39442909401359,0.1428571428571428,0.4761904761904761,0.8021571768862465,False,,,False,True,1.299264044392348,False,5.7857779200610775,16.5279213585316,3.8448189292914536,21.16362777116353,0.0,0.0,0.01485,0.0,0.0,1.0,6.843029497532623,15.600375341966004,11.465,-0.875,False,Sustainable
Deuce Vaughn,RB,,24.0,,Active,3.0,9505,,,e444229e-c262-40a7-bb89-61d4b774da55,00-0038622,0.0,0.0,70.0,0.0,17.0,3.0,18.0,0.0,5.0,,,,,,,,,,0.0971428571428571,0.0080385852090032,,,170.0,170.0,,,,,,,,,,,,,,,,True,,,False,False,1.0,False,,,,,,,,,,,,,,,True,
Geoff Swaim,TE,,31.0,,Active,10.0,2545,3046704.0,28634.0,d0f9112d-2496-450a-9fc5-d2d01b4d2454,00-0032141,0.0,0.0,0.0,0.0,0.0,1.0,7.0,0.0,1.0,,,,,,,,,,0.2625,0.001577287066246,,,170.0,170.0,,,,,,,,,,,,,,,,True,,,False,False,1.0,False,,,,,,,,,,,,,,,False,
Kaden Wetjen,WR,PIT,24.0,9.0,Active,0.0,13491,,,8c064b55-5583-4ffb-8a10-0146c01e8ce0,WET055619,,,,,,,,,,,,,,,,,,,,,,,170.0,170.0,,,,5.6,5.84,0.8588753467025203,6.69887534670252,6.69887534670252,-207.25950961737843,,,,,,,True,121.0,,False,False,1.0,True,3.8084500726149257,8.7021277855939,2.6447025331979073,10.426884237491196,0.0,0.0,0.0,0.0,0.0,1.0,4.4567015465148865,8.027661461429181,,,False,
Drew Allar,QB,PIT,22.0,9.0,Active,0.0,13289,,,0667d256-9f37-4b21-b1c9-fb105aaf97a2,ALL015451,,,,,,,,,,,,,,,,,,,,,,,170.0,170.0,,,,8.8,10.84,-0.4835270968333681,10.356472903166631,10.356472903166631,-318.13732941172987,,,,,,,True,76.0,,False,False,1.0,True,3.6568945795451,13.90003973006243,2.341833157038392,19.075990881821287,0.0,0.0,0.01685,0.0,0.0,1.0,4.299128534088466,13.340030613649043,,,False,
Irv Smith,TE,,27.0,,Inactive,6.0,6126,4040980.0,31882.0,ed0e6a30-83d5-4f4b-bf49-f7ff80e21304,00-0034970,,,,,,,,,,,,,,,,,,,0.3,,,,170.0,170.0,,,,,,,,,,,,,,,,True,,,False,False,1.0,False,,,,,,,,,,,,,,,True,
Brock Bowers,TE,LV,23.0,13.0,Active,2.0,11604,,,ad9fc7e3-0a6d-4e41-84c2-cf43b71aee13,00-0039338,0.0,0.0,13.0,0.0,5.0,112.0,1194.0,5.0,153.0,0.0,0.0,2.0,0.0,2.0,64.0,680.0,7.0,86.0,0.8494117647058823,0.2584459459459459,0.8591666666666667,0.1740890688259109,23.4,23.4,20.0,3.0,3 out of 5 stars,243.6,243.48,30.56057307171791,263.24687709768403,274.0405730717179,85.95390044143153,29.0,15.065517241379313,8.77021240425587,0.4137931034482758,0.0344827586206896,0.5821381545512022,False,,0.836313725490196,False,True,0.6592585240252663,True,181.59149522636216,347.41869898967275,134.17901322640657,394.5750785778431,0.7639,0.14405,0.04225,0.361,0.7639,0.2361,210.53401847616223,311.96344726962843,13.376896551724139,1.7575862068965513,False,Sustainable
Ulysses Bentley,RB,IND,25.0,13.0,Active,1.0,12826,,,f71d0370-23b2-11f0-b632-8947e146a0ae,00-0040476,,,,,,,,,,0.0,0.0,0.0,0.0,1.0,0.0,0.0,0.0,0.0,,,0.03,0.0,170.0,170.0,,,,,,,,,,,,,,,,True,,,False,True,1.0,False,,,,,,,,,,,,,,,False,
Jayden Daniels,QB,WAS,25.0,7.0,Active,2.0,11566,,,bab8c65a-9fff-410d-8e34-dc2f636d890e,00-0039910,3568.0,25.0,891.0,6.0,148.0,0.0,0.0,0.0,0.0,1262.0,8.0,278.0,2.0,58.0,0.0,0.0,0.0,0.0,0.9088235294117648,,0.9028571428571428,,52.0,52.0,58.0,6.0,2 out of 5 stars,324.5,361.626,-9.688038199672974,344.0617750083097,351.937961800327,15.567972693413251,24.0,22.170833333333334,10.622060684650874,0.3333333333333333,0.1666666666666666,0.4791006510648768,False,,0.7986274509803922,False,True,0.7760053359989225,False,203.3307162437228,475.9394755620088,128.00129637806768,552.9458266937102,0.5119,0.2934,0.18005,0.1921,0.5119,0.4881,279.2341372847013,405.0367446951909,21.423333333333332,-1.3314814814814788,False,Sustainable
Zach Pascal,WR,,30.0,,Active,8.0,4319,2978109.0,30502.0,7fc949b6-a1cb-4f9d-a06d-b65773409a44,00-0033251,0.0,0.0,0.0,0.0,0.0,0.0,0.0,0.0,0.0,,,,,,,,,,0.0658823529411764,0.0,,,170.0,170.0,,,,,,,,,,,,,,,,True,,,False,False,1.0,False,,,,,,,,,,,,,,,False,
Tom Kennedy,WR,DET,29.0,6.0,Active,7.0,6588,3126997.0,32561.0,dc51b38c-dc82-44ee-a88b-764d681ce58a,00-0035544,0.0,0.0,0.0,0.0,0.0,0.0,0.0,0.0,1.0,0.0,0.0,0.0,0.0,0.0,4.0,36.0,0.0,4.0,0.0575,0.0019157088122605,0.125,0.0072727272727272,169.9,169.9,,,,,,,,,,9.0,0.8444444444444444,2.533333333333333,0.0,0.8888888888888888,3.0,False,,,False,True,3.2492741756749313,False,,,,,,,,,,,,,,,False,
Kevin Coleman,WR,MIA,22.0,6.0,Active,0.0,13338,,,0b7b96b1-7733-4ceb-ac59-5ff7029df86c,COL362413,,,,,,,,,,,,,,,,,,,,,,,170.0,170.0,397.0,14.0,3 out of 5 stars,51.6,51.9,6.483780901206747,58.38378090120675,58.38378090120675,-155.5746040628742,,,,,,,True,177.0,,False,False,1.0,True,33.08241529077763,75.64023536614938,23.008234365944823,91.55893007805564,0.0,0.0001,0.00035,0.0,0.0003,0.9997,38.94478324336041,70.45062980237127,,,False,
Sam Roush,TE,CHI,22.0,10.0,Active,0.0,13322,,,b8b3edc8-986a-4702-84a7-b5193331aebb,ROU550040,,,,,,,,,,,,,,,,,,,,,,,170.0,170.0,465.0,15.0,2 out of 5 stars,17.7,17.490000000000002,2.177578733210964,19.667578733210966,19.667578733210966,-157.62539792304153,,,,,,,True,69.0,,False,False,1.0,False,8.410887882032268,25.846042288181184,5.751657224890551,33.97274389211834,0.0,0.00015,0.00235,0.0,0.0,1.0,9.820675507741475,24.84202156622967,,,False,
Harrison Mevis,K,LAR,24.0,11.0,Active,2.0,12015,,,663ada70-0717-11ef-94de-1b2fbd1e412b,00-0039498,,,,,,,,,,0.0,0.0,0.0,0.0,0.0,0.0,0.0,0.0,0.0,,,,,136.3,136.3,249.0,12.0,2 out of 5 stars,136.9,52.0,102.37305951894122,154.3730595189412,154.3730595189412,4.813569426372709,9.0,9.11111111111111,4.5399461572920785,0.3333333333333333,0.2222222222222222,0.4982867733613257,False,,,False,True,0.8744405470179413,False,106.31631971792504,202.04249912893863,84.77888468673127,235.94733580386907,0.4777,0.3693,0.153,0.13195,0.4777,0.5223,108.1912665707252,196.53882309491576,,,False,
Spencer Shrader,K,IND,27.0,13.0,Active,2.0,12185,,,2d7fa2f0-07d6-11ef-b188-b11373ae105b,00-0039576,0.0,0.0,0.0,0.0,0.0,0.0,0.0,0.0,0.0,0.0,0.0,0.0,0.0,0.0,0.0,0.0,0.0,0.0,,,,,169.8,169.8,,,,76.5,23.0,64.13382876686865,87.13382876686865,87.13382876686865,-62.42566132569985,9.0,9.22222222222222,5.868938953886336,0.3333333333333333,0.3333333333333333,0.6363909709033377,False,,,False,True,1.116798796323789,False,59.99348328543541,113.01600312674734,48.570178091616285,131.97580094338008,0.0521,0.27695,0.67095,0.00395,0.0521,0.9479,60.97994741682413,109.51424901754493,,,False,
Rakim Jarrett,WR,,24.0,,Active,2.0,9495,,,39428290-f1b8-11ed-9bf1-7fd77a26dc1f,00-0038821,0.0,0.0,0.0,0.0,0.0,9.0,124.0,0.0,11.0,,,,,,,,,,0.325,0.019538188277087,,,170.0,170.0,,,,,,,,,,8.0,2.6750000000000003,2.8227392977136847,0.0,0.875,1.0552296440051157,False,,,False,False,1.1429101438908245,False,,,,,,,,,,,,,,,True,
Malik Cunningham,WR,DET,27.0,6.0,Active,3.0,10860,,,2bf2f410-e6f2-11ed-abca-c7a3a205e21d,00-0038911,,,,,,,,,,0.0,0.0,1.0,0.0,1.0,0.0,0.0,0.0,0.0,,,0.02,0.0,170.0,170.0,,,,,,,,,,,,,,,,True,,,False,True,1.0,False,,,,,,,,,,,,,,,False,
C.J. Uzomah,TE,,32.0,,Active,10.0,2460,2574576.0,28545.0,19858900-5c8e-49a7-ab02-34ef625724ca,00-0032134,0.0,0.0,0.0,0.0,0.0,0.0,0.0,0.0,0.0,,,,,,,,,,0.2785714285714286,0.0,,,170.0,170.0,,,,,,,,,,,,,,,,True,,,False,False,1.0,False,,,,,,,,,,,,,,,False,
Dalton Schultz,TE,HOU,30.0,8.0,Active,8.0,5001,3117256.0,31107.0,8caec1b4-e0b6-4a84-b8c8-617d6e91ef6a,00-0034383,0.0,0.0,0.0,0.0,0.0,53.0,532.0,2.0,85.0,0.0,0.0,0.0,0.0,0.0,82.0,777.0,3.0,106.0,0.7817647058823529,0.1553930530164533,0.7105882352941176,0.1916817359855334,168.1,168.1,161.0,10.0,4 out of 5 stars,148.7,148.9,19.7007252547628,157.33425637440757,168.6007252547628,-19.958720281844933,34.0,8.702941176470588,5.1539620119552065,0.1470588235294117,0.1470588235294117,0.5922092207045523,False,,0.85490756302521,False,True,0.670663782649376,False,106.71765278043368,208.32438627426268,82.08987613383529,240.3712012082059,0.2683,0.40085,0.2242,0.02945,0.2683,0.7317,118.3152181199569,191.98348224574903,8.724210526315789,-0.2663157894736834,False,Sustainable
Jaylen Wright,RB,MIA,23.0,6.0,Active,2.0,11643,,,ba9e1390-028b-47c9-8710-84cee3fa25de,00-0039874,0.0,0.0,249.0,0.0,68.0,3.0,8.0,0.0,6.0,0.0,0.0,288.0,2.0,70.0,5.0,44.0,0.0,9.0,0.1699999999999999,0.0105633802816901,0.215,0.0194805194805194,170.2,170.2,216.0,11.0,3 out of 5 stars,49.400000000000006,49.50000000000001,14.3492647231276,63.8492647231276,63.8492647231276,-148.22792590747156,22.0,3.5863636363636364,4.170679452986899,0.0,0.8181818181818182,1.1629270971573102,False,,,False,True,1.2968062771970337,True,34.61972703342557,91.59745748992913,21.833615645553326,112.8981234323945,0.0001,0.0017,0.0175,5e-05,0.00655,0.99345,44.11315942529028,83.63934135914717,4.6440909090909095,-1.2395454545454547,False,Buy-low
Jackson Hawes,TE,BUF,25.0,7.0,Active,1.0,12658,,,87304bcd-83f1-4e59-b9cb-6474f7e0dc01,00-0040194,,,,,,,,,,0.0,0.0,0.0,0.0,0.0,16.0,187.0,3.0,19.0,,,0.4388235294117647,0.0396659707724425,170.0,170.0,485.0,16.0,3 out of 5 stars,30.700000000000003,30.51,3.4975109171255645,34.007510917125565,34.007510917125565,-143.28546573912695,13.0,4.053846153846154,2.6266630873332377,0.0,0.6153846153846154,0.6479434560784079,False,,,False,True,0.7337815657099485,True,19.09316176642671,47.05545516458124,13.72007240967103,57.57580101795094,0.0,0.00135,0.01805,0.0,0.0,1.0,22.582777614813313,43.86246612669364,2.953076923076923,1.1007692307692305,False,TD-lucky
John Samuel Shenker,TE,,26.0,,Active,2.0,11467,,,fe763ef0-f332-11ed-9cc8-4bf4102a06b2,00-0038920,0.0,0.0,0.0,0.0,0.0,1.0,7.0,0.0,1.0,,,,,,,,,,,0.0016891891891891,,,169.9,169.9,,,,,,,,,,,,,,,,True,,,False,False,1.0,False,,,,,,,,,,,,,,,False,
Jalen Moreno-Cropper,WR,NO,25.0,8.0,Active,3.0,11506,,,d67c1e40-f66d-11ed-823b-d335e7ef7897,00-0038740,,,,,,,,,,0.0,0.0,0.0,0.0,0.0,0.0,0.0,0.0,0.0,0.2,,0.0433333333333333,0.0,170.0,170.0,,,,,,,,,,,,,,,,True,,,True,False,1.0,False,,,,,,,,,,,,,,,True,
Dalvin Cook,RB,,29.0,,Active,8.0,4029,3116593.0,30154.0,8960d61e-433b-41ea-a7ad-4e76be87b582,00-0033893,0.0,0.0,20.0,0.0,8.0,1.0,10.0,0.0,1.0,,,,,,,,,,0.18,0.0016077170418006,,,170.0,170.0,,,,,,,,,,,,,,,,True,,0.7015294117647058,False,False,1.0,False,,,,,,,,,,,,,,,False,
Ahmani Marshall,RB,CLE,24.0,11.0,Active,1.0,12797,,,c18cabc0-2321-11f0-80a0-bb24566134d1,00-0040260,,,,,,,,,,,,,,,,,,,,,,,,,,,,,,,,,,,,,,,,True,,,False,False,1.0,True,,,,,,,,,,,,,,,False,
Justin Watson,WR,HOU,30.0,8.0,Active,8.0,5374,3118892.0,31114.0,bdb77276-7191-4454-85c2-e1693a33d709,00-0034386,0.0,0.0,0.0,0.0,0.0,22.0,289.0,2.0,32.0,0.0,0.0,0.0,0.0,0.0,3.0,30.0,0.0,4.0,0.6035294117647059,0.0559440559440559,0.3866666666666667,0.0072332730560578,170.0,170.0,,,,8.5,8.46,0.9766287671567188,9.43662876715672,9.43662876715672,-204.52175619692423,18.0,3.827777777777778,3.4616904329524862,0.0,0.7777777777777778,0.904360345328661,False,,0.7328823529411764,False,True,0.9795049051936272,False,4.311611170182946,13.798031053760596,2.646810196955189,16.37823898566737,0.0,0.0,0.0,0.0,0.0,1.0,7.339467776697687,11.062893880718637,3.643888888888889,0.29499999999999993,False,Sustainable
Ja'Lynn Polk,WR,NO,24.0,8.0,Active,2.0,11619,,,446ecdc5-470d-4cb6-9a77-b54c108e3d3a,00-0039907,0.0,0.0,0.0,0.0,1.0,12.0,87.0,2.0,33.0,,,,,,,,,,0.4606666666666666,0.066,,,170.0,170.0,,,,,,,,,,14.0,2.3357142857142854,3.034318360371554,0.0,0.8571428571428571,1.2990965457248245,False,,0.8375058823529411,False,False,1.4070402859107265,False,,,,,,,,,,,,,4.14,-1.6246153846153848,False,Buy-low
Jordan Addison,WR,MIN,24.0,6.0,Active,3.0,9756,,,63fdd64e-1a23-4b77-9536-b1609f3a708c,00-0038994,0.0,0.0,20.0,1.0,3.0,63.0,875.0,9.0,99.0,0.0,0.0,81.0,1.0,2.0,42.0,610.0,3.0,79.0,0.8173333333333334,0.1914893617021276,0.8514285714285714,0.1688034188034188,123.0,123.0,106.0,8.0,5 out of 5 stars,167.1,167.34,19.46246706400842,177.4589947960166,186.80246706400845,-36.49939016806434,29.0,11.986206896551725,8.609534753397,0.1379310344827586,0.2068965517241379,0.7182868465147094,False,,0.8671260504201681,False,True,0.7779703003690761,False,115.3727241323268,236.9715740431465,86.014648430068,280.925862146681,0.0574,0.10485,0.13995,0.0085,0.22945,0.77055,127.19176553307652,221.77327331367096,11.872333333333334,-0.15566666666666684,False,Sustainable
David Njoku,TE,LAC,30.0,7.0,Active,9.0,4033,3123076.0,30142.0,8f86fcea-90e8-49ea-bc78-5c7659313e57,00-0033885,0.0,0.0,0.0,0.0,0.0,64.0,505.0,5.0,97.0,0.0,0.0,0.0,0.0,0.0,33.0,293.0,4.0,48.0,0.7490909090909091,0.1529968454258675,0.6391666666666667,0.0919540229885057,170.2,170.2,228.0,11.0,4 out of 5 stars,98.4,98.12,11.863039445145647,109.98303944514564,109.98303944514564,-67.30993721110687,22.0,10.490909090909092,7.089422643622922,0.2727272727272727,0.2272727272727272,0.6757681896001051,False,,0.7624705882352941,True,False,0.7652924581149524,False,42.741041391374125,153.09109398483434,26.957061653395893,204.06004297602624,0.1147,0.1711,0.2249,0.0292,0.1147,0.8853,57.75349919290392,141.04058781807083,10.501818181818182,0.1709090909090918,True,Sustainable
KC Concepcion,WR,CLE,21.0,11.0,Active,0.0,13298,,,395b5873-4054-4190-913c-60b664d11e61,CON046719,,,,,,,,,,,,,,,,,,,,,,,139.7,139.7,126.0,9.0,3 out of 5 stars,145.5,145.32,18.21199314669582,163.5319931466958,163.5319931466958,-50.42639181738514,,,,,,,True,24.0,,False,False,1.0,True,104.8561658391432,241.7239529679139,73.07589296474877,290.0237185211127,0.0706,0.10695,0.13555,0.01495,0.24195,0.75805,123.9496848003846,223.3067885479131,,,False,
Kyler Murray,QB,MIN,28.0,6.0,Active,7.0,5849,3917315.0,31833.0,dd5a6b6e-ffae-45a5-b8e6-718a9251f374,00-0035228,3851.0,21.0,572.0,5.0,78.0,0.0,0.0,0.0,0.0,962.0,6.0,173.0,1.0,29.0,0.0,0.0,0.0,0.0,0.9711764705882354,,0.988,,150.4,150.4,113.0,8.0,5 out of 5 stars,276.1,307.476,-7.714430808607752,299.76156919139225,299.76156919139225,-28.732233123504216,22.0,19.864545454545457,7.547815658329317,0.2272727272727272,0.1818181818181818,0.3799641766583794,False,,0.7349579831932773,True,False,0.615432744497382,False,127.638119328653,436.8229090063467,76.98797179022044,533.3511928722257,0.3586,0.2915,0.3184,0.14275,0.3586,0.6414,215.78441431304276,357.07643077291544,18.26590909090909,-1.1286363636363639,True,Sustainable
Tanner Hudson,TE,CIN,31.0,6.0,Active,8.0,5409,3050481.0,31257.0,2fa75e05-cac4-4b40-8924-dbc9ae0c959c,00-0034613,0.0,0.0,1.0,0.0,1.0,19.0,154.0,1.0,23.0,0.0,0.0,0.0,0.0,0.0,19.0,168.0,2.0,24.0,0.1572727272727272,0.036624203821656,0.1473333333333333,0.0394736842105263,170.0,170.0,,,,29.200000000000003,29.320000000000004,3.979602340696339,33.299602340696346,33.299602340696346,-143.99337431555617,19.0,4.647368421052631,3.8922099436713378,0.0526315789473684,0.5789473684210527,0.8375083684004012,False,,,False,True,0.9484596164910786,False,18.271151720639747,46.5966285823319,12.968244630286206,57.04282647358957,0.0,0.00195,0.0183,0.0,0.0,1.0,21.60376924107095,43.37579224238016,4.281052631578947,0.26105263157894765,False,Sustainable
Beaux Collins,WR,NYG,23.0,8.0,Active,1.0,12889,,,24597d60-247a-11f0-8324-3170fad3f2ab,00-0040432,,,,,,,,,,0.0,0.0,0.0,0.0,0.0,2.0,25.0,0.0,6.0,,,0.1377777777777777,0.0119284294234592,170.0,170.0,,,,,,,,,,,,,,,,True,,,False,True,1.0,True,,,,,,,,,,,,,,,False,
Baylor Cupp,TE,,25.0,,Active,1.0,12256,,,e23e66a0-0a4b-11ef-81ea-4d1e02cb9588,00-0039316,0.0,0.0,0.0,0.0,0.0,0.0,0.0,0.0,1.0,,,,,,,,,,0.09,0.0017482517482517,,,169.9,169.9,,,,,,,,,,,,,,,,True,,,False,False,1.0,False,,,,,,,,,,,,,,,True,
Andre Baccellia,WR,,29.0,,Active,6.0,7233,3886809.0,32943.0,58266b36-fa48-4f51-b41c-909bf82748f3,00-0035876,,,,,,,,,,0.0,0.0,0.0,0.0,0.0,2.0,8.0,0.0,4.0,,,0.27,0.006482982171799,170.0,170.0,,,,,,,,,,,,,,,,True,,,True,False,1.0,False,,,,,,,,,,,,,,,True,
Tyler Johnson,WR,DAL,27.0,14.0,Active,6.0,6960,2310331.0,32831.0,93c17735-5275-45cf-b3ef-620351c62313,00-0036427,0.0,0.0,0.0,0.0,0.0,26.0,291.0,1.0,41.0,0.0,0.0,0.0,0.0,0.0,12.0,197.0,1.0,18.0,0.3766666666666667,0.0757855822550831,0.41,0.0381355932203389,170.0,170.0,,,,,,,,,,20.0,4.9399999999999995,4.893217647659709,0.0,0.7,0.9905298881902246,False,,,True,False,1.0728343953102246,False,,,,,,,,,,,,,4.662,0.2779999999999996,True,Sustainable
Mitch Tinsley,WR,CIN,26.0,6.0,Active,3.0,11068,,,0ac39560-e760-11ed-ad1e-4d786886cff5,00-0038839,,,,,,,,,,0.0,0.0,0.0,0.0,0.0,8.0,116.0,2.0,24.0,,,0.2464705882352941,0.0394736842105263,,,433.0,15.0,4 out of 5 stars,19.5,19.6,2.700355705556488,22.30035570555649,22.30035570555649,-191.6580292585245,8.0,3.95,3.865229618017538,0.0,0.75,0.9785391438019084,False,,,False,True,1.059847323280866,False,13.1746285565488,30.576938199305747,9.170076323476277,36.69821634446822,0.0,0.0,0.0,0.0,0.0,1.0,15.514532350392004,28.278047846565023,5.5562499999999995,-1.6062499999999993,False,Buy-low
Michael Pittman,WR,PIT,28.0,9.0,Active,6.0,6819,4035687.0,32704.0,1aefd5e2-1f85-471a-91a5-4aad4cf6fe6d,00-0036252,0.0,0.0,0.0,0.0,0.0,69.0,808.0,3.0,111.0,0.0,0.0,0.0,0.0,0.0,80.0,784.0,7.0,111.0,0.880625,0.2256097560975609,0.8552941176470588,0.2094339622641509,89.0,89.0,84.0,7.0,3 out of 5 stars,191.4,191.67,25.02662417439645,203.4293685543905,216.69662417439645,-10.529016409690456,33.0,11.157575757575756,6.718167081830723,0.1212121212121212,0.303030303030303,0.6021170931570176,False,,0.8923361344537815,True,False,0.6521478405091846,True,147.35333223765343,261.94667048876056,117.76415685018031,298.2842229073526,0.0767,0.16735,0.20405,0.00785,0.34515,0.65485,157.22794149406263,246.93313899538907,11.767575757575758,-0.5827272727272721,True,Sustainable
Ray Davis,RB,BUF,26.0,7.0,Active,2.0,11575,,,a856dd59-ed95-471a-bfb9-fbd0566bd1a9,00-0039875,0.0,0.0,442.0,3.0,113.0,17.0,189.0,3.0,19.0,0.0,0.0,275.0,0.0,58.0,10.0,86.0,2.0,13.0,0.2435294117647058,0.0383838383838383,0.1429411764705882,0.0271398747390396,170.7,170.7,200.0,11.0,2 out of 5 stars,35.9,36.18000000000001,29.225320175634895,65.4053201756349,65.4053201756349,-146.67187045496425,34.0,5.123529411764706,6.426085986443797,0.0294117647058823,0.7058823529411765,1.2542303303047595,False,,0.878,False,True,1.3986205750695508,True,39.49496622715507,91.23283348116598,27.06772507605233,110.84069399072624,5e-05,0.00145,0.01385,0.0,0.0054,0.9946,43.98389459684128,85.77254371189758,4.994545454545454,0.6630303030303031,False,Sustainable
Juwan Johnson,TE,NO,29.0,8.0,Active,6.0,7002,3929645.0,33113.0,0226b03b-f91d-4223-9813-9fcd2e9c3acc,00-0036040,0.0,0.0,0.0,0.0,0.0,50.0,548.0,3.0,66.0,0.0,0.0,0.0,0.0,0.0,77.0,889.0,3.0,102.0,0.6417647058823529,0.1276595744680851,0.75,0.1805309734513274,164.4,164.4,137.0,9.0,2 out of 5 stars,154.0,153.72,19.5605552497461,161.6022664624226,173.2805552497461,-15.690710193829917,32.0,9.584375,4.390393426047815,0.15625,0.125,0.4580782185638411,False,,0.8512941176470588,False,True,0.5187634033219161,False,111.3983186522214,211.89232148499096,85.19539620374654,244.56989101026255,0.28935,0.41985,0.1915,0.0311,0.28935,0.71065,125.24539055963436,195.31058578406353,8.288125,1.1712499999999988,False,Sustainable
Tez Johnson,WR,TB,24.0,10.0,Active,1.0,12485,,,ad756d40-39a0-4f5c-bbf5-f31f4c3ee0a6,00-0040237,,,,,,,,,,0.0,0.0,22.0,0.0,7.0,28.0,322.0,5.0,44.0,,,0.470625,0.0813308687615526,170.0,170.0,321.0,13.0,4 out of 5 stars,21.5,21.3,2.8695954630964127,24.169595463096417,24.169595463096417,-189.78878950098456,15.0,6.16,6.507665809313988,0.0666666666666666,0.6,1.0564392547587642,False,,0.849270588235294,False,True,1.1442202628856406,False,14.541919335500795,33.01127358729928,10.262865647410836,39.83941957273794,0.0,0.0,0.0,0.0,0.0,1.0,16.6714436359787,30.813050004316665,5.6866666666666665,0.4733333333333336,False,Sustainable
Tucker Fisk,TE,,27.0,,Active,4.0,8885,,,5d01b190-d51e-11ec-8f44-c7121c9cec59,00-0037654,0.0,0.0,0.0,0.0,0.0,7.0,39.0,0.0,8.0,0.0,0.0,0.0,0.0,0.0,2.0,19.0,0.0,4.0,0.3611111111111111,0.0162932790224032,0.337,0.0073529411764705,170.0,170.0,,,,,,,,,,11.0,1.3454545454545457,0.7488172492185746,0.0,1.0,0.5565533609056974,False,,,True,False,0.6302843137551457,False,,,,,,,,,,,,,2.15,-0.49615384615384617,True,Sustainable
Jermaine Burton,WR,,24.0,,Active,1.0,11640,,,dc363b05-4551-4cb0-9bfc-ba462cb1cd5b,00-0039810,0.0,0.0,0.0,0.0,0.0,4.0,107.0,0.0,14.0,,,,,,,,,,0.1349999999999999,0.0222929936305732,,,170.0,170.0,,,,,,,,,,8.0,1.8375,2.3645824155651676,0.0,1.0,1.2868475730966895,False,,,False,False,1.3937735290976774,False,,,,,,,,,,,,,,,True,
Lewis Bond,WR,HOU,23.0,8.0,Active,0.0,13541,,,60ce8141-c8fc-4162-8038-bf934d318b96,BON235618,,,,,,,,,,,,,,,,,,,,,,,170.0,170.0,,,,,,,,,,,,,,,,True,204.0,,False,False,1.0,False,,,,,,,,,,,,,,,False,
Phil Mafah,RB,DAL,23.0,14.0,Active,1.0,12738,,,54b97d06-1639-46a3-9dcc-67320687281d,00-0040021,,,,,,,,,,0.0,0.0,18.0,1.0,5.0,2.0,11.0,0.0,2.0,,,0.18,0.0032948929159802,170.0,170.0,419.0,15.0,4 out of 5 stars,27.6,27.6,6.181361655405146,33.78136165540515,33.78136165540515,-178.295828975194,,,,,,,True,,,False,True,1.0,False,11.94184290768557,49.77161555554639,7.256926272016093,68.72480622674546,0.00035,0.00145,0.0056,0.0,0.0036,0.9964,14.887569992263654,46.552596492230094,,,False,
DK Metcalf,WR,PIT,28.0,9.0,Active,7.0,5846,4047650.0,31896.0,754faf0f-40f7-45f0-b23b-6ce990ecaf26,00-0035640,0.0,0.0,0.0,0.0,0.0,66.0,992.0,5.0,108.0,0.0,0.0,12.0,1.0,2.0,59.0,850.0,6.0,99.0,0.86,0.1898066783831282,0.8726666666666667,0.1896551724137931,86.2,86.2,73.0,7.0,3 out of 5 stars,194.7,194.30999999999997,22.936172534575824,208.8552892816707,217.2461725345758,-5.103095682410242,30.0,12.746666666666666,6.140579178194688,0.1333333333333333,0.1,0.4817399982893322,False,,0.8671260504201681,False,True,0.5217684452770709,True,158.43581292371184,272.78409104358104,120.98865590339246,306.7755601972639,0.0897,0.2139,0.2316,0.00715,0.42245,0.57755,175.33243737920782,248.0792315029208,12.18258064516129,0.22387096774193793,False,Sustainable
Breece Hall,RB,NYJ,25.0,13.0,Active,4.0,8155,,,db1053d7-3343-43a3-9aab-8353f10f1221,00-0038120,0.0,0.0,876.0,5.0,209.0,57.0,483.0,3.0,76.0,4.0,1.0,1065.0,4.0,243.0,36.0,350.0,1.0,48.0,0.72375,0.1290322580645161,0.64375,0.1016949152542373,32.6,32.6,40.0,5.0,3 out of 5 stars,253.6,253.30000000000004,57.88003604482992,282.18734417488133,311.18003604483,70.11015354428218,32.0,14.205,7.978771835314004,0.21875,0.1875,0.5616875632040833,False,,0.8786218487394957,False,True,0.6263504905570442,False,201.9864179565339,368.0202826839768,144.42791650581003,420.5465731036982,0.31905,0.37635,0.17875,0.04445,0.8105,0.1895,221.3203514310746,338.40404602409143,13.5421875,0.47531249999999936,False,Sustainable
Laviska Shenault,WR,,26.0,,Active,5.0,6814,4243160.0,32712.0,131d3b1a-5746-499e-98ee-4bbf67cd377e,00-0036268,0.0,0.0,1.0,0.0,1.0,5.0,36.0,0.0,5.0,,,,,,,,,,0.0691666666666666,0.0087873462214411,,,170.0,170.0,,,,,,,,,,10.0,0.8699999999999999,1.0263744172788234,0.0,1.0,1.1797407095158892,False,,,False,False,1.2777670071407996,False,,,,,,,,,,,,,,,True,
,DEF,KC,,5.0,,,KC,,,,,,,,,,,,,,,,,,,,,,,,,,,,,,,,,,,,,,,,,,,,True,,,False,False,1.0,False,,,,,,,,,,,,,,,False,
John Bates,TE,WAS,28.0,7.0,Active,5.0,7716,,,3208880b-949f-4926-85eb-1940770550ea,00-0036628,0.0,0.0,0.0,0.0,0.0,8.0,84.0,0.0,13.0,0.0,0.0,0.0,0.0,0.0,11.0,103.0,1.0,16.0,0.4394117647058823,0.0257936507936507,0.514,0.037037037037037,170.0,170.0,388.0,14.0,1 out of 5 stars,43.9,44.169999999999995,5.805212958185603,49.975212958185594,49.975212958185594,-127.31776369806693,23.0,1.9,2.100865622460505,0.0,0.9565217391304348,1.1057187486634237,False,,0.7924705882352941,False,True,1.2522019120923256,False,24.20526472210676,71.38532799093848,15.937871207736928,91.49574826804177,0.0033,0.02655,0.1017,0.0003,0.0033,0.9967,30.537281476702233,66.61630873907417,2.813181818181818,-0.6404545454545456,False,Sustainable
Nelson Agholor,WR,,31.0,,Active,10.0,2325,2971618.0,28408.0,cfb0ff68-51cb-4dad-ba81-f9e019a93a91,00-0031549,0.0,0.0,0.0,0.0,0.0,14.0,231.0,2.0,29.0,,,,,,,,,,0.4571428571428572,0.0634573304157549,,,170.0,170.0,,,,,,,,,,13.0,3.776923076923077,3.450399456621857,0.0,0.7692307692307693,0.9135477176391884,False,,0.7949803921568627,False,False,0.9894556690572628,False,,,,,,,,,,,,,3.740666666666667,-0.23399999999999999,False,Sustainable
Deion Burks,WR,IND,23.0,13.0,Active,0.0,13333,,,d4e8315f-e8e7-4d5b-8494-3306c220cc31,,,,,,,,,,,,,,,,,,,,,,,,170.0,170.0,415.0,15.0,4 out of 5 stars,,,,,,,,,,,,,True,254.0,,False,False,1.0,False,,,,,,,,,,,,,,,False,
Ashton Dulin,WR,IND,29.0,13.0,Active,7.0,6427,4061956.0,32292.0,f374262b-d642-4d05-9584-5955548ee4d1,00-0035021,0.0,0.0,45.0,0.0,5.0,2.0,67.0,1.0,8.0,0.0,0.0,44.0,0.0,3.0,5.0,106.0,0.0,10.0,0.1986666666666666,0.016260162601626,0.2133333333333333,0.0188679245283018,170.0,170.0,418.0,15.0,4 out of 5 stars,74.1,74.41,21.918107440636312,96.3281074406363,96.3281074406363,-117.63027752344463,25.0,1.568,2.944446750523206,0.0,0.92,1.877835937833677,False,,,False,True,2.0338679396524273,False,50.78718043335811,135.41463305834327,35.1747558305143,168.7812483749393,0.0071,0.01365,0.02495,0.00125,0.03095,0.96905,59.23626862930975,126.76069076631602,2.76625,-0.3162499999999997,False,Sustainable
J.K. Dobbins,RB,DEN,27.0,10.0,Active,6.0,6806,4241985.0,32725.0,a57b9914-4315-4295-98b4-9b348c52d6a1,00-0036158,0.0,0.0,905.0,9.0,195.0,32.0,153.0,0.0,38.0,0.0,0.0,772.0,4.0,153.0,11.0,37.0,0.0,14.0,0.6338461538461538,0.0773930753564154,0.511,0.023972602739726,116.5,116.5,107.0,8.0,2 out of 5 stars,174.7,174.92999999999995,40.662811241969266,199.67569492578545,215.59281124196923,-12.401495704813698,23.0,13.378260869565215,5.311219387617049,0.1304347826086956,0.0434782608695652,0.3970037241312711,False,,,False,True,0.4427078213092745,False,117.96493302809073,276.9778564217959,75.07722015706581,324.8088189439579,0.10025,0.23945,0.28225,0.00855,0.48565,0.51435,150.0994454336837,244.98540969699775,12.178333333333335,0.7091666666666665,False,Sustainable
Jonathan Taylor,RB,IND,27.0,13.0,Active,6.0,6813,4242335.0,32711.0,925195a4-06ba-4e37-ae7d-a3d6a5419139,00-0036223,0.0,0.0,1431.0,11.0,303.0,18.0,136.0,1.0,31.0,0.0,0.0,1585.0,18.0,323.0,46.0,378.0,2.0,55.0,0.8028571428571428,0.0630081300813008,0.8258823529411765,0.1037735849056603,8.2,8.2,10.0,2.0,4 out of 5 stars,309.7,309.81000000000006,69.70112016940391,351.6979444053992,379.511120169404,139.62075377480005,31.0,19.64516129032258,11.136541614872408,0.3548387096774194,0.064516129032258,0.5668847127439157,False,,0.8113949579831933,False,True,0.6321459494153518,False,213.0351306378569,484.8842245166332,132.85061576759094,561.2763898749565,0.5522,0.21405,0.1002,0.20655,0.82515,0.17485,274.92210588056474,420.8331943079917,17.806451612903224,1.7741935483870996,False,Sustainable
Drake Maye,QB,NE,23.0,11.0,Active,2.0,11564,,,d0c0630e-8925-4b81-a32b-e4146d95f01f,00-0039851,2276.0,15.0,421.0,2.0,54.0,0.0,0.0,0.0,0.0,4394.0,31.0,450.0,4.0,103.0,1.0,2.0,0.0,1.0,0.8046153846153847,,0.9576470588235296,,48.2,48.2,33.0,4.0,2 out of 5 stars,326.9,373.088,-24.925709385479593,334.40332540304087,348.16229061452043,5.909523088144397,30.0,21.03666666666667,8.61966810039224,0.3,0.1,0.4097449580284695,False,,0.8574509803921568,False,True,0.6636690497539945,False,240.6093049080046,435.9295546472578,169.24167423674965,493.07250050854515,0.49295,0.3732,0.1201,0.11965,0.49295,0.50705,272.9984846169044,391.2106003340405,16.50029411764706,1.4991176470588243,False,Sustainable
AJ Dillon,RB,CAR,28.0,5.0,Active,6.0,6828,4239934.0,32732.0,e10bfeb8-ea01-47bc-bfa8-45f6dcbf71b3,00-0036265,,,,,,,,,,0.0,0.0,60.0,0.0,12.0,3.0,21.0,0.0,3.0,,,0.1185714285714285,0.0064655172413793,170.0,170.0,448.0,15.0,1 out of 5 stars,94.5,94.5,24.283572315242367,118.78357231524237,118.78357231524237,-93.29361831535678,,,,,,,True,,0.7505490196078431,True,False,1.0,False,36.30961332832795,176.3694438775297,21.38603751152658,253.5809398327326,0.05365,0.06515,0.1018,0.01745,0.164,0.836,52.098512610424905,166.36594676372948,,,True,
Devin Culp,TE,TB,26.0,10.0,Active,2.0,11820,,,c62dcaf1-79e3-4e15-8fb0-e7cb30a18fe4,00-0039754,0.0,0.0,0.0,0.0,0.0,5.0,88.0,0.0,6.0,0.0,0.0,0.0,0.0,0.0,1.0,6.0,1.0,1.0,0.112,0.0106571936056838,0.0646153846153846,0.0018484288354898,170.0,170.0,,,,21.8,22.12,2.5081708735010877,24.628170873501087,24.628170873501087,-152.66480578275142,,,,,,,True,,,False,True,1.0,False,11.273997810892965,35.15232475144597,7.622381645961478,46.471031543559846,0.0002,0.0012,0.0107,0.0,0.0002,0.9998,13.1879011892714,33.55581670802652,,,False,
Javonte Williams,RB,DAL,26.0,14.0,Active,5.0,7588,,,889dcdc5-3d88-45df-9677-5ad7ff87c011,00-0036997,0.0,0.0,513.0,4.0,139.0,52.0,346.0,0.0,70.0,0.0,0.0,1201.0,11.0,252.0,35.0,137.0,2.0,51.0,0.521764705882353,0.1275045537340619,0.69,0.0840197693574958,37.4,37.4,48.0,5.0,4 out of 5 stars,228.9,229.33,48.55350400186654,270.17091296287515,277.8835040018665,58.093722332276,33.0,12.384848484848485,6.7205896882324065,0.1212121212121212,0.1515151515151515,0.5426460966764606,False,,0.8786218487394957,False,True,0.6051169210749857,False,193.31275433506784,351.64638025369027,141.85412311291745,400.30068668803096,0.271,0.38535,0.21005,0.0306,0.78845,0.21155,212.1213112847242,323.62064565011985,13.623235294117647,-1.6526470588235291,False,Buy-low
Chase Edmonds,RB,,29.0,,Active,8.0,5000,3119195.0,31104.0,d8d9b161-7ef4-42bf-89b7-7edf806a0ad1,00-0034681,,,,,,,,,,0.0,0.0,0.0,0.0,0.0,0.0,0.0,0.0,0.0,,,0.0066666666666666,0.0,170.0,170.0,,,,,,,,,,,,,,,,True,,,True,False,1.0,False,,,,,,,,,,,,,,,True,
,DEF,MIN,,6.0,,,MIN,,,,,,,,,,,,,,,,,,,,,,,,,,,,,,,,,,,,,,,,,,,,True,,,False,False,1.0,False,,,,,,,,,,,,,,,False,
Cade Stover,TE,HOU,26.0,8.0,Active,2.0,11599,,,559d5222-0403-4a14-94c7-c7bd5072c939,00-0039359,0.0,0.0,0.0,0.0,0.0,15.0,133.0,1.0,22.0,0.0,0.0,3.0,0.0,4.0,12.0,76.0,0.0,16.0,0.404,0.0402193784277879,0.44,0.0289330922242314,170.0,170.0,,,,33.2,33.309999999999995,4.642665901263709,37.95266590126371,37.95266590126371,-139.3403107549888,20.0,2.71,2.770882435918964,0.0,0.85,1.022465843512533,False,,0.7480784313725489,False,True,1.1579198470163723,False,16.467904325223778,56.03052189591068,10.383269172897164,71.60289366169098,0.0004,0.01,0.04825,5e-05,0.0004,0.9996,23.47048876161478,49.77002070661599,3.6140909090909092,-0.5913636363636363,False,Sustainable
Tyquan Thornton,WR,KC,25.0,5.0,Active,4.0,8188,,,74cda487-2026-42e0-ae32-77f3502cfb11,00-0038104,0.0,0.0,0.0,0.0,0.0,4.0,47.0,0.0,8.0,0.0,0.0,0.0,0.0,0.0,19.0,438.0,3.0,37.0,0.295,0.016,0.39,0.0673952641165755,170.0,170.0,287.0,12.0,2 out of 5 stars,92.6,92.79,18.657342356406133,111.44734235640614,111.44734235640614,-102.5110426076748,16.0,5.59375,5.413620938583221,0.0,0.5625,0.9677981566182294,False,,,False,True,1.048213852521805,False,66.95351511809116,152.57156062311867,46.82079677688028,183.17748746146265,0.00425,0.01595,0.03365,0.00045,0.03525,0.96475,77.81726942141384,140.36774644379688,5.946,0.020666666666667055,False,Sustainable
Colby Parkinson,TE,LAR,27.0,11.0,Active,6.0,6865,4242557.0,32803.0,1ea7affb-e5e7-491a-aaa3-55e200b2eb48,00-0036244,0.0,0.0,0.0,0.0,0.0,30.0,294.0,1.0,49.0,0.0,0.0,0.0,0.0,0.0,43.0,408.0,8.0,56.0,0.5488235294117647,0.0905730129390018,0.604,0.0963855421686747,170.8,170.8,243.0,11.0,4 out of 5 stars,91.9,91.93999999999998,10.76661683013794,102.70661683013792,102.70661683013792,-74.58635982611459,30.0,6.573333333333333,6.040035015503284,0.0666666666666666,0.4333333333333333,0.9188694242652056,False,,0.8512941176470588,False,True,1.0405992042903358,False,58.035745467752875,141.8830515516489,42.76424785205021,175.09798402711513,0.06955,0.1989,0.3073,0.00695,0.06955,0.93045,64.89631319564458,134.25307071793253,7.069705882352942,-0.11088235294117688,False,Sustainable
Makai Lemon,WR,PHI,22.0,10.0,Active,0.0,13294,,,a6a64214-6f1d-4682-9559-287fb4fe7461,LEM694125,,,,,,,,,,,,,,,,,,,,,,,107.3,107.3,93.0,7.0,4 out of 5 stars,166.89999999999998,166.73,19.299513195800845,179.48562130535896,186.02951319580083,-34.47276365872199,,,,,,,True,20.0,,False,False,1.0,False,116.069328453486,265.83217136537735,80.67491428375804,318.7682810690251,0.10955,0.13565,0.13945,0.0249,0.31415,0.68585,135.4902440716207,244.76338883870775,,,False,
Donovan Edwards,RB,MIA,23.0,6.0,Active,1.0,12515,,,162f3110-24fe-11f0-9c33-270dfe4c58dc,00-0040400,,,,,,,,,,,,,,,,,,,,,,,170.0,170.0,,,,22.9,22.9,5.451657338839224,28.351657338839225,28.351657338839225,-183.72553329175992,,,,,,,True,,,False,False,1.0,True,9.837471107610758,42.0087191646476,6.016196298193684,57.98947199645598,0.0001,0.00065,0.0024,0.0,0.0014,0.9986,12.41798576391085,39.961531075742705,,,False,
Kenny McIntosh,RB,SEA,26.0,11.0,Active,3.0,10216,,,9956eabc-16da-4a1c-ab80-fe0910bcaa12,00-0038636,0.0,0.0,172.0,0.0,31.0,3.0,22.0,0.0,4.0,,,,,,,,,,0.0747058823529411,0.0070298769771528,,,170.0,170.0,,,,,,,,,,11.0,2.0363636363636366,2.434860458947382,0.0,0.9090909090909092,1.1956904039473748,False,,,False,False,1.3333413807395906,False,,,,,,,,,,,,,,,False,
Riley Patterson,K,MIA,26.0,6.0,Active,5.0,7922,,,deac735c-af0a-4f01-ada8-379ef66917ba,00-0036816,0.0,0.0,0.0,0.0,0.0,0.0,0.0,0.0,0.0,0.0,0.0,0.0,0.0,0.0,0.0,0.0,0.0,0.0,,,,,169.9,169.9,,,,73.0,16.3,68.26100152422022,84.56100152422022,84.56100152422022,-64.99848856834828,22.0,7.318181818181818,3.8715859139605167,0.0909090909090909,0.2272727272727272,0.5290365845163438,False,,0.8652100840336134,False,True,0.928403210938772,True,54.3726412106381,112.348081084423,42.622571267508434,132.8641686792761,0.05615,0.25155,0.6923,0.00525,0.05615,0.94385,59.161534926917795,106.86995278192748,,,False,
Jalen Royals,WR,KC,23.0,5.0,Active,1.0,12505,,,0ef78810-a38b-4444-b3b9-fb8b293c567d,00-0040646,,,,,,,,,,0.0,0.0,0.0,0.0,0.0,2.0,4.0,0.0,3.0,,,0.19,0.0054644808743169,170.0,170.0,325.0,13.0,2 out of 5 stars,46.0,46.17,6.161394623723072,52.33139462372307,52.33139462372307,-161.62699034035788,,,,,,,True,,,False,True,1.0,False,31.359621955911425,71.32399723809479,21.431137174409127,86.08737334486139,0.0,0.0,0.00035,0.0,5e-05,0.99995,36.72063669188075,66.21837807820312,,,False,
Matthew Golden,WR,GB,22.0,11.0,Active,1.0,12501,,,d1963360-c011-4764-9a36-9e627073f68f,00-0040667,,,,,,,,,,0.0,0.0,49.0,0.0,10.0,29.0,361.0,0.0,44.0,,,0.5321428571428571,0.0956521739130434,107.4,107.4,139.0,9.0,5 out of 5 stars,155.9,155.79000000000002,19.953981483497397,170.61684626401927,175.7439814834974,-43.34153870006168,14.0,5.0,4.300804933605229,0.0,0.6428571428571429,0.8601609867210458,False,,0.8375058823529411,False,True,0.9316329603585872,False,102.27034517279728,234.19070999214264,72.20163016436466,279.59706524403765,0.05825,0.0994,0.1273,0.00915,0.2201,0.7799,120.39713494810944,214.46359251751315,5.790666666666667,0.1026666666666669,False,Sustainable
Kendrick Law,WR,DET,23.0,6.0,Inactive,0.0,13412,,,b039bf78-853f-4e4f-a6bd-83d7f38748c3,LAW090280,,,,,,,,,,,,,,,,,,,,,,,170.0,170.0,,,,,,,,,,,,,,,,True,168.0,,False,False,1.0,False,,,,,,,,,,,,,,,False,
Noah Brown,WR,,30.0,,Active,9.0,4234,3121409.0,30352.0,36f62824-1cdb-4e9e-8a11-55df97e562b9,00-0033591,0.0,0.0,0.0,0.0,0.0,35.0,453.0,1.0,56.0,0.0,0.0,0.0,0.0,0.0,5.0,83.0,0.0,10.0,0.630909090909091,0.1111111111111111,0.41,0.0231481481481481,170.0,170.0,,,,,,,,,,15.0,6.640000000000001,4.33075381099279,0.0,0.6,0.6522219594868659,False,,,True,False,0.7064159899229249,False,,,,,,,,,,,,,7.485333333333333,-0.8453333333333335,True,Sustainable
