overall_rank,rank_ecr,rank_composite,full_name,pos_label,total_points,vols,adp_rank,ecr_rank,value_gap,market,risk_tier,availability,floor,ceiling,p_elite,p_startable,p_bust,P_pos1,xppg,xppg_diff,regression,switched_team,team,team_role,role_lead,role_env_ok,proj_outlier,proj_divergence,team_implied_total,age,bye_week,target_share_2025,snap_share_2025,ecr_tier,is_rookie,draft_pick,espn_id
1,2,1,Jahmyr Gibbs,RB1,411.768945974638,198.39470767601372,1.6,4.0,1,fair,Balanced,0.8786218487394957,297.6974828734499,533.0524977421612,0.3155,0.90995,0.09005,0.7329,18.081714285714288,3.48685714285714,Sustainable,False,DET,RB1,279.5,True,False,0.0204069683831486,26.1,24.0,6.0,0.1709090909090909,0.67,1.0,False,,
2,1,2,Bijan Robinson,RB2,401.5108931060753,188.13665480745104,2.7,2.0,1,fair,Safe,0.8954285714285714,318.92280150340235,516.4855686787465,0.29595,0.92225,0.07775,0.7762,18.71558823529412,2.240294117647057,Sustainable,False,ATL,RB1,278.3,True,False,0.05418832704998,21.1,24.0,11.0,0.1984585741811175,0.7817647058823529,1.0,False,,
3,5,3,Christian McCaffrey,RB3,389.9882043936309,176.61396609500665,6.2,8.0,3,fair,Injury Risk,0.742781512605042,182.18728371647637,579.825905373459,0.33055,0.78195,0.21805,0.57345,22.968260869565217,-1.0465217391304336,Sustainable,False,SF,RB1,299.7,True,False,0.0185653213310453,25.0,30.0,8.0,0.2345454545454545,0.8311764705882353,2.0,False,,3117251.0
4,4,4,Puka Nacua,WR1,361.9628601260198,147.59014293764142,3.7,3.0,0,fair,Balanced,0.8503193277310925,260.62931600465225,469.0223849560839,0.33395,0.86105,0.13895,0.66715,19.1484375,2.2578125,Sustainable,False,LAR,WR1,126.6,True,False,0.0006854010553164,26.3,25.0,11.0,0.2857142857142857,0.6825,1.0,False,,
5,3,5,Ja'Marr Chase,WR2,359.72333502487845,145.35061783650008,4.6,1.0,0,fair,Balanced,0.8923361344537815,278.8987416476638,449.7611768450803,0.2925,0.9025,0.0975,0.69395,18.95272727272727,2.7624242424242453,Sustainable,False,CIN,WR1,124.7,True,False,0.0016290812651799,26.0,26.0,6.0,0.3042763157894737,0.94375,1.0,False,,
7,6,6,Amon-Ra St. Brown,WR3,342.8987023802674,128.52598519188905,8.2,6.0,1,fair,Balanced,0.9007394957983192,268.1324577764679,426.6253542339501,0.23105,0.89505,0.10495,0.6392,17.77257142857143,1.4811428571428564,Sustainable,False,DET,WR1,121.1,True,False,0.016310105103784,26.1,26.0,6.0,0.3127272727272727,0.8523529411764706,2.0,False,,
6,8,7,Jonathan Taylor,RB4,350.97924366119537,137.60500536257112,8.2,10.0,2,fair,Injury Risk,0.8113949579831933,212.599789717142,483.8933553388165,0.20355,0.8274,0.1726,0.54915,17.806451612903224,1.7741935483870996,Sustainable,False,IND,RB1,307.4,True,False,0.0094750911155904,23.4,27.0,13.0,0.1037735849056603,0.8258823529411765,2.0,False,,4242335.0
8,7,8,Jaxon Smith-Njigba,WR4,341.9208638167777,127.54814662839932,5.8,5.0,-2,fair,Balanced,0.9091428571428573,271.25251458884367,421.2975758233925,0.21285,0.90445,0.09555,0.64195,15.405945945945945,2.4805405405405416,Sustainable,False,SEA,WR1,146.5,True,False,0.0331024170173362,24.7,24.0,11.0,0.3582417582417582,0.7741176470588236,1.0,False,,
9,9,9,De'Von Achane,RB5,325.6567591092762,112.28252081065196,12.8,13.0,4,fair,Injury Risk,0.8366050420168067,224.28114602541743,443.9290722444515,0.1336,0.8445,0.1555,0.52355,16.392121212121214,2.4563636363636334,Sustainable,False,MIA,RB1,269.0,False,False,0.0605399474952543,19.3,24.0,6.0,0.1839826839826839,0.75375,3.0,False,,
18,13,10,CeeDee Lamb,WR5,308.56185298631453,94.18913579793616,10.5,7.0,-8,fair,Safe,0.8587226890756303,228.3469336626368,396.24905971939086,0.14925,0.80375,0.19625,0.496,17.30142857142857,-0.7192857142857108,Sustainable,False,DAL,WR1,48.0,True,False,0.0761443337981285,25.6,27.0,14.0,0.1927512355848435,0.7285714285714285,2.0,False,,4241389.0
10,11,11,James Cook,RB6,325.60128097354584,112.2270426749216,14.3,19.0,4,fair,Balanced,0.8870252100840335,254.06820484949765,422.9497019948344,0.094,0.8986,0.1014,0.5287,14.250263157894736,2.79447368421053,Sustainable,False,BUF,RB1,214.3,True,False,0.0235976064273682,26.3,26.0,7.0,0.0835073068893528,0.571764705882353,3.0,False,,
12,12,12,Trey McBride,TE1,278.89809583002375,101.75047136171432,18.2,17.0,6,fair,Balanced,0.8933109243697478,213.95512002923655,348.56819889911174,0.42175,0.8698,0.1302,0.8698,17.26878787878788,-0.3081818181818185,Sustainable,False,ARI,TE1,229.5,True,False,0.0501336370797631,18.8,26.0,14.0,0.2739059967585089,0.9135294117647058,3.0,False,,
11,10,13,Ashton Jeanty,RB7,324.0153370608573,110.64109876223304,17.8,14.0,7,fair,Boom/Bust,0.8535999999999999,232.42045961129503,435.72519119873795,0.11885,0.85855,0.14145,0.51965,14.64470588235294,-0.2270588235294095,Sustainable,False,LV,RB1,238.0,False,False,0.0202771783361084,19.5,22.0,13.0,0.1477732793522267,0.7788235294117647,3.0,False,,
14,14,14,Chase Brown,RB9,311.5298792080739,98.15564090944966,26.5,21.0,12,VALUE,Injury Risk,0.8450084033613445,208.0098491506772,415.85400791975735,0.09925,0.8258,0.1742,0.4397,16.136666666666667,0.0845454545454522,Sustainable,False,CIN,RB1,181.2,True,False,0.0235542495778385,26.0,26.0,6.0,0.1447368421052631,,3.0,False,,
15,19,15,Saquon Barkley,RB10,309.89675482029514,96.5225165216709,17.1,26.0,2,fair,Balanced,0.8534117647058823,209.87312264551335,412.33321690246055,0.0924,0.829,0.171,0.4336,17.65243243243243,1.3772972972973,Sustainable,False,PHI,RB1,221.4,True,False,0.0248845087546261,23.9,29.0,10.0,0.1077586206896551,0.783125,4.0,False,,3929630.0
21,15,16,Justin Jefferson,WR6,299.0311728142567,84.65845562587833,11.9,9.0,-9,fair,Balanced,0.8503193277310925,216.08807889887072,388.7536705671639,0.13785,0.7713,0.2287,0.45595,15.978,-0.8414285714285725,Sustainable,False,MIN,WR1,120.0,True,False,0.0845913640664616,22.6,27.0,6.0,0.3012820512820512,0.9417647058823532,2.0,False,149.0,4262921.0
17,21,17,Derrick Henry,RB11,308.2138688944601,94.83963059583589,20.5,37.0,4,fair,Injury Risk,0.7904285714285714,178.01268668369025,440.9230390750219,0.1347,0.77255,0.22745,0.46035,15.017222222222223,3.341111111111111,TD-lucky,False,BAL,RB1,165.6,True,False,0.0007382798080474,25.9,32.0,13.0,0.0515970515970515,0.5452941176470588,5.0,False,,3043078.0
23,18,18,Drake London,WR7,292.0442087568894,77.67149156851104,19.8,11.0,-3,fair,Balanced,0.8587226890756303,223.09192582461023,380.7263621953128,0.11455,0.79125,0.20875,0.45475,16.832758620689653,-0.1879310344827551,Sustainable,False,ATL,WR1,195.5,True,False,0.0728074599421183,21.1,25.0,11.0,0.2157996146435452,0.9066666666666666,2.0,False,,
20,20,19,Brock Bowers,TE2,262.6930899899404,85.54546552163097,23.3,20.0,3,fair,Injury Risk,0.836313725490196,182.1121209668617,345.41003497570796,0.3607,0.7732,0.2268,0.7732,13.37689655172414,1.757586206896551,Sustainable,False,LV,TE1,167.2,False,False,0.0150713089267171,19.5,23.0,13.0,0.1740890688259109,0.8591666666666667,3.0,False,,
13,16,20,Omarion Hampton,RB8,311.7818291096112,98.40759081098692,20.6,24.0,8,fair,Balanced,,191.5815592390425,428.27065750773136,0.1196,0.79275,0.20725,0.44305,13.403,0.1569999999999982,Sustainable,False,LAC,RB1,192.4,True,False,0.053068052742894,23.8,23.0,7.0,0.0643382352941176,0.6344444444444445,4.0,False,,
27,25,21,Rashee Rice,WR8,279.3633164256716,64.99059923729322,21.8,22.0,-5,fair,Injury Risk,0.7158655462184874,125.5252023819682,424.87977105363217,0.20815,0.58355,0.41645,0.4061,17.44,2.1054545454545455,Sustainable,False,KC,WR1,103.7,True,False,0.0131443814006325,23.8,26.0,5.0,0.1420765027322404,0.74875,4.0,False,,
22,29,22,Josh Jacobs,RB13,291.82291663557817,78.44867833695392,26.1,45.0,4,fair,Injury Risk,0.8450084033613445,197.29970559469237,388.70925308802566,0.06525,0.80305,0.19695,0.36975,15.640588235294118,0.7741176470588229,Sustainable,False,GB,RB1,222.1,True,False,0.0611722501448027,24.7,28.0,11.0,0.0956521739130434,0.5906666666666667,5.0,False,,4047365.0
24,26,23,Kenneth Walker,RB14,290.7536021876885,77.37936388906425,28.7,30.0,5,fair,Injury Risk,0.8282016806722688,174.37188160217102,400.36617726535826,0.09145,0.75335,0.24665,0.36565,13.96548387096774,0.4796774193548394,Sustainable,True,KC,RB1,204.5,True,False,0.0748873380193429,23.8,25.0,5.0,0.0791208791208791,0.4688235294117647,4.0,False,,
29,22,24,A.J. Brown,WR9,269.76283537794905,55.39011818957067,26.2,15.0,-3,fair,Balanced,0.8587226890756303,197.32758234324243,348.745476348552,0.06805,0.697,0.303,0.32185,13.36030303030303,1.215454545454547,Sustainable,True,NE,WR1,90.9,True,False,0.0347734436525341,23.6,29.0,11.0,0.2607758620689655,0.9066666666666666,3.0,False,,4047646.0
16,17,25,Josh Allen,QB1,420.3796111328192,95.60026583190648,22.9,23.0,7,fair,Balanced,0.8946218487394957,341.19868316013213,535.197124167967,0.37035,0.817,0.183,0.817,21.431891891891897,1.7897297297297283,Sustainable,False,BUF,QB1,409.8,True,False,0.0095136552092214,26.3,30.0,7.0,,0.9217647058823528,4.0,False,,3918298.0
28,32,26,Kyren Williams,RB17,276.42076840877496,63.04653011015071,40.1,42.0,12,VALUE,Injury Risk,0.8450084033613445,188.401203207786,366.4517627447188,0.0444,0.78145,0.21855,0.31355,15.384473684210526,0.9418421052631558,Sustainable,False,LAR,RB1,99.6,True,False,0.0495993364012401,26.3,25.0,11.0,0.0860585197934595,0.6829411764705882,5.0,False,,
31,23,27,Nico Collins,WR10,265.96064766292756,51.58793047454918,27.7,12.0,-3,fair,Injury Risk,0.8335126050420169,182.6962301792936,352.2093801478283,0.0744,0.6626,0.3374,0.3282,14.833,1.1736666666666675,Sustainable,False,HOU,WR1,106.1,True,False,0.0041704958784303,22.8,27.0,8.0,0.2169981916817359,0.772,3.0,False,,
19,24,28,Jeremiyah Love,RB12,302.92167220057036,89.5474339019461,17.4,36.0,-2,fair,unknown,,160.65279553756315,481.4412610452188,0.1963,0.72755,0.27245,0.4253,,,,False,ARI,RB1,201.3,True,False,0.0754406254336862,18.8,21.0,14.0,,,5.0,True,3.0,
34,27,29,George Pickens,WR12,260.5745014403828,46.201784252004416,27.9,16.0,-6,fair,Balanced,0.8839327731092437,198.83442561842435,328.90111590737496,0.0392,0.6819,0.3181,0.2583,13.81,0.9399999999999996,Sustainable,False,DAL,WR2,-48.0,True,False,0.0514539905906526,25.6,25.0,14.0,0.2257001647446458,0.8111764705882354,3.0,False,,
26,33,30,Javonte Williams,RB16,281.5180489619123,68.14381066328806,37.5,48.0,12,VALUE,Balanced,0.8786218487394957,201.4318597181477,366.4154731088344,0.04115,0.81675,0.18325,0.31305,13.623235294117649,-1.6526470588235291,Buy-low,False,DAL,RB1,222.3,True,False,0.1124612825449343,25.6,26.0,14.0,0.0840197693574958,0.69,5.0,False,,
25,30,31,Breece Hall,RB15,288.379133301935,75.00489500331074,32.6,40.0,8,fair,Balanced,0.8786218487394957,206.41842857760804,376.0954286176855,0.0512,0.82455,0.17545,0.34095,13.5421875,0.4753124999999993,Sustainable,False,NYJ,RB1,180.0,False,False,0.062639316195452,18.7,25.0,13.0,0.1016949152542373,0.64375,5.0,False,,
35,28,32,Chris Olave,WR13,260.35357638905344,45.98085920067507,35.7,18.0,1,fair,Injury Risk,0.8167058823529411,167.5913585403595,352.31082931256236,0.0792,0.6262,0.3738,0.31745,13.987083333333333,0.3754166666666663,Sustainable,False,NO,WR1,64.0,True,False,0.0509586983560485,21.6,26.0,8.0,0.2761061946902655,0.843125,3.0,False,,
36,35,33,Colston Loveland,TE3,222.6880817993412,45.540457331031774,45.6,38.0,10,fair,Boom/Bust,0.8506352941176469,154.72847956142826,292.0911241850542,0.1876,0.6389,0.3611,0.6389,10.973333333333334,0.0488888888888876,Sustainable,False,CHI,TE1,157.7,True,False,0.0108897846885851,24.6,22.0,10.0,0.1541353383458646,0.645,5.0,False,,
30,40,34,Cam Skattebo,RB18,265.3252780081957,51.95103970957146,44.2,55.0,14,VALUE,Balanced,,170.98096313666468,368.0942477009416,0.04595,0.7419,0.2581,0.3078,14.4,1.5625,Sustainable,False,NYG,RB1,133.8,True,False,0.015751855316292,22.1,24.0,8.0,0.0636182902584493,0.5225,6.0,False,,
33,31,35,Garrett Wilson,WR11,262.1188536604493,47.74613647207093,34.7,28.0,2,fair,Injury Risk,0.8251092436974791,175.52212766316316,348.8620434415029,0.0722,0.64305,0.35695,0.3143,14.159166666666666,0.4824999999999999,Sustainable,False,NYJ,WR1,139.5,False,False,0.0430922513678391,18.7,26.0,13.0,0.125,0.87,4.0,False,,
38,42,36,Tyler Warren,TE4,218.93820090170175,41.79057643339232,46.8,53.0,9,fair,Safe,0.8623999999999998,159.40399513898063,280.57428348897224,0.1569,0.655,0.345,0.655,12.560588235294118,-1.4723529411764709,Buy-low,False,IND,TE1,185.9,True,False,0.0298027027777007,23.4,24.0,13.0,0.2113207547169811,0.8382352941176471,6.0,False,,
32,36,37,Travis Etienne,RB19,261.96794505644533,48.59370675782108,47.4,47.0,15,VALUE,Balanced,0.8786218487394957,176.91022759552203,345.8794047162687,0.0383,0.73835,0.26165,0.25075,12.645151515151516,-0.3209090909090921,Sustainable,True,NO,RB1,109.9,True,False,0.0238848763487793,21.6,27.0,8.0,0.0950639853747714,0.6011764705882353,5.0,False,,
40,37,38,Zay Flowers,WR14,253.79218333734107,39.4194661489627,42.6,34.0,3,fair,Balanced,0.9007394957983192,208.72077367565188,318.0123215007249,0.01905,0.71155,0.28845,0.2259,12.205,1.11264705882353,Sustainable,False,BAL,WR1,133.9,True,False,0.0249879372119046,25.9,25.0,13.0,0.2899262899262899,0.8647058823529411,4.0,False,,
44,40,39,Malik Nabers,WR16,245.43250425291447,31.059787064536096,46.3,29.0,2,fair,Injury Risk,0.7469411764705883,127.44024401834702,366.0447979584002,0.10645,0.55285,0.44715,0.32515,17.627894736842105,-0.222631578947368,Sustainable,False,NYG,WR1,134.6,True,False,0.0286858359458026,22.1,23.0,8.0,0.0695825049701789,0.795,4.0,False,,
41,34,40,DeVonta Smith,WR15,251.9602621957763,37.58754500739792,37.7,27.0,-3,fair,Boom/Bust,0.8671260504201681,185.84398761503988,323.78223942927735,0.03635,0.6296,0.3704,0.2379,11.253428571428572,1.8094285714285707,Sustainable,False,PHI,WR1,70.9,True,False,0.0102913645973023,23.9,27.0,10.0,0.2435344827586207,0.8441176470588235,4.0,False,,
39,43,41,Bucky Irving,RB21,253.29768387290164,39.923445574277395,56.1,56.0,17,VALUE,Injury Risk,0.8093725490196078,149.18891046723502,351.8752398880734,0.0403,0.67815,0.32185,0.25695,13.4575,0.7996428571428567,Sustainable,False,TB,RB1,39.9,True,False,0.0606779988630158,23.3,23.0,10.0,0.0646950092421441,0.616,6.0,False,,
45,38,42,Tetairoa McMillan,WR17,245.1863200531886,30.813602864810235,39.7,25.0,-5,fair,Balanced,0.8728,181.77794086416517,312.98669815591916,0.02775,0.6031,0.3969,0.2028,11.983888888888888,0.5938888888888894,Sustainable,False,CAR,WR1,59.7,False,False,0.044895900465564,20.9,23.0,5.0,0.2541666666666666,0.871764705882353,4.0,False,,
37,44,43,Quinshon Judkins,RB20,255.79739935822508,42.42316105960083,52.3,60.0,15,VALUE,Injury Risk,0.8183058823529411,163.5983388517718,357.1213861968203,0.0356,0.71995,0.28005,0.2757,12.917857142857144,-0.7892857142857128,Sustainable,False,CLE,RB1,138.3,False,False,0.0434373059539093,18.9,22.0,11.0,0.0689655172413793,0.505,6.0,False,,
42,39,44,Lamar Jackson,QB2,359.4063726806567,34.62702737974399,40.5,32.0,-2,fair,Safe,0.8694117647058823,280.422633315345,468.1330590497184,0.1868,0.6507,0.3493,0.6507,18.1790625,3.5834374999999987,Sustainable,False,BAL,QB1,349.9,True,False,0.0166801447464079,25.9,29.0,13.0,,0.9223076923076924,4.0,False,,3916387.0
43,48,45,D'Andre Swift,RB22,245.42194835879633,32.04771006017208,71.3,62.0,28,VALUE,Balanced,0.8786218487394957,174.06209186804472,319.7466649578477,0.01645,0.71925,0.28075,0.18405,13.220285714285714,0.1225714285714296,Sustainable,False,CHI,RB1,58.8,True,False,0.053455452644022,24.6,27.0,10.0,0.0902255639097744,0.57875,6.0,False,,4259545.0
59,46,46,Tee Higgins,WR21,235.02150923492945,20.64879204655108,55.9,31.0,-3,fair,Injury Risk,0.8083025210084033,146.06669125664084,321.9817947699708,0.0464,0.5272,0.4728,0.22285,14.050370370370372,2.0125925925925916,TD-lucky,False,CIN,WR2,-124.7,True,False,0.0149915883005824,26.0,27.0,6.0,0.1611842105263158,0.8086666666666666,4.0,False,,4239993.0
54,49,47,Emeka Egbuka,WR18,236.47555163268447,22.102834444306097,39.5,43.0,-14,REACH,Boom/Bust,0.8728,173.1029167720552,303.20425486506275,0.0233,0.5476,0.4524,0.17425,13.97,-2.4582352941176477,Buy-low,False,TB,WR1,51.5,True,False,0.0784560043706561,23.3,23.0,10.0,0.2347504621072088,0.776470588235294,5.0,False,,
58,54,48,Davante Adams,WR20,235.34395559347593,20.97123840509755,46.2,49.0,-12,REACH,Injury Risk,0.7587226890756303,123.64695523864135,333.10144736813777,0.04765,0.51395,0.48605,0.25325,17.52774193548387,-1.4083870967741952,Buy-low,False,LAR,WR2,-126.6,True,False,0.0467280256353768,26.3,33.0,11.0,0.1962134251290878,0.7142857142857143,5.0,False,,16800.0
57,47,49,Ladd McConkey,WR19,235.56893428848863,21.19621710011026,54.8,35.0,-2,fair,Balanced,0.874392156862745,175.47080228451085,300.93990872796786,0.0194,0.55285,0.44715,0.1643,12.078823529411764,1.5476470588235305,Sustainable,False,LAC,WR1,56.9,True,False,0.0339346806436165,23.8,24.0,7.0,0.1948529411764706,0.775,4.0,False,,
48,53,50,Harold Fannin,TE5,204.0287215376652,26.881097069355775,77.8,67.0,30,VALUE,Balanced,0.8506352941176469,143.84352725484516,265.33619456710613,0.11625,0.5686,0.4314,0.5686,9.91125,1.7387500000000014,Sustainable,False,CLE,TE1,186.8,False,False,0.0247524622421181,18.9,22.0,11.0,0.2049808429118774,0.759375,6.0,False,,
56,62,51,Sam LaPorta,TE7,198.63050662723288,21.482882158923445,68.2,90.0,12,VALUE,Injury Risk,0.8260840336134453,131.30464281505957,264.3910523350928,0.11795,0.5227,0.4773,0.5227,9.916538461538462,1.568076923076923,Sustainable,False,DET,TE1,165.1,True,False,0.0292723791095147,26.1,25.0,6.0,0.0890909090909091,0.9066666666666668,7.0,False,,
47,45,52,Joe Burrow,QB3,352.08937828281245,27.310032981899724,59.5,44.0,12,VALUE,Injury Risk,0.7769747899159664,194.71750392651097,502.1211781321759,0.23965,0.53105,0.46895,0.53105,20.3976,0.2839999999999989,Sustainable,False,CIN,QB1,340.5,True,False,0.0050530096397062,26.0,29.0,6.0,,0.8775,5.0,False,,3915511.0
51,55,53,Bhayshul Tuten,RB24,237.91521941892847,24.540981120304224,76.2,74.0,25,VALUE,Injury Risk,0.830070588235294,145.83188642822986,326.8728525536715,0.027,0.6356,0.3644,0.1985,5.2725,0.5837500000000002,Sustainable,False,JAX,RB1,106.0,True,False,0.0280931141173554,23.6,23.0,7.0,0.0255941499085923,0.2113333333333333,7.0,False,,
49,50,54,TreVeyon Henderson,RB23,239.17401279316596,25.79977449454171,66.8,59.0,18,VALUE,Boom/Bust,0.8535999999999999,155.16547855470756,321.23784708488876,0.02215,0.6584,0.3416,0.18515,9.952380952380953,0.6238095238095234,Sustainable,False,NE,RB1,32.1,True,False,0.0264025890369497,23.6,23.0,11.0,0.0871369294605809,0.4588235294117647,6.0,False,,
55,60,55,Kyle Pitts,TE6,198.9175914382933,21.76996696998387,65.4,80.0,10,fair,Boom/Bust,0.9017142857142856,145.4562767672981,252.95882190187805,0.09305,0.5242,0.4758,0.5242,9.415588235294118,0.6432352941176465,Sustainable,False,ATL,TE1,144.9,True,False,0.0559555520690865,21.1,25.0,11.0,0.2273603082851637,0.88,7.0,False,,
52,51,56,Jalen Hurts,QB5,348.73790065545506,23.95855535454234,53.7,54.0,2,fair,Safe,0.8862184873949579,266.9778136491378,442.9590883981588,0.1346,0.5759,0.4241,0.5759,19.656388888888888,0.6975000000000016,Sustainable,False,PHI,QB1,337.0,True,False,0.0174104115137246,23.9,27.0,10.0,,0.97625,6.0,False,,4040715.0
60,52,57,Terry McLaurin,WR22,233.9740498155276,19.60133262714922,60.2,41.0,0,fair,Injury Risk,0.8253193277310925,159.86728512923662,304.04549183906585,0.01305,0.53635,0.46365,0.17195,12.356666666666666,2.200000000000001,TD-lucky,False,WAS,WR1,101.9,False,False,0.0186859002502274,23.3,30.0,7.0,0.1388888888888889,0.704,5.0,False,,3121422.0
71,56,58,Jaylen Waddle,WR23,224.79052748062816,10.417810292249785,59.4,39.0,-12,REACH,Boom/Bust,0.8587226890756303,160.86367493105382,292.01080801766034,0.01825,0.4853,0.5147,0.14215,10.355806451612905,0.8061290322580632,Sustainable,True,DEN,WR1,13.2,True,False,0.0435231613035552,22.0,27.0,10.0,0.2164502164502164,0.77625,5.0,False,,
62,59,59,David Montgomery,RB25,231.09914708286095,17.724908784236703,73.0,66.0,11,fair,Injury Risk,0.8450084033613445,141.56316040990262,316.18861493782975,0.0258,0.6073,0.3927,0.17655,11.8640625,0.330937500000001,Sustainable,True,HOU,RB1,101.0,True,False,0.0025140032463276,22.8,29.0,8.0,0.0527272727272727,0.3705882352941176,6.0,False,,4035538.0
65,72,60,Travis Kelce,TE8,194.2448696027275,17.097245134418074,100.0,101.0,35,VALUE,Injury Risk,0.6665042016806723,73.33678123309252,308.3212009842177,0.2183,0.4546,0.5454,0.4546,12.155277777777776,-0.3469444444444427,Sustainable,False,KC,TE1,129.7,True,False,0.0504021471295992,23.8,36.0,5.0,0.1967213114754098,0.8188235294117647,8.0,False,,15847.0
50,64,61,Matthew Stafford,QB4,349.3745036166226,24.595158315709853,79.0,103.0,29,VALUE,Balanced,0.8862184873949579,264.51288585568653,445.4635744000052,0.13975,0.5751,0.4249,0.5751,18.09078947368421,-0.4165789473684214,Sustainable,False,LAR,QB1,332.6,True,False,0.0327757090588016,26.3,38.0,11.0,,0.9852941176470588,8.0,False,,12483.0
68,79,62,George Kittle,TE9,189.5825597631348,12.43493529482538,87.3,115.0,19,VALUE,Injury Risk,0.7360840336134453,91.6065453695705,279.7636503015388,0.1605,0.4651,0.5349,0.4651,11.341851851851851,3.46185185185185,TD-lucky,False,SF,TE1,146.0,True,False,0.1233211708143198,25.0,32.0,8.0,0.1254545454545454,0.8118181818181818,8.0,False,,3040151.0
77,63,63,Jameson Williams,WR26,221.83552486515856,7.462807676780187,66.6,51.0,-10,fair,Boom/Bust,0.8503193277310925,152.90398932850937,291.4797766371576,0.02145,0.46955,0.53045,0.14415,11.794848484848483,1.335454545454546,TD-lucky,False,DET,WR2,-121.1,True,False,0.0397510615308347,26.1,25.0,6.0,0.1854545454545454,0.9017647058823528,5.0,False,,
63,57,64,Jayden Daniels,QB7,342.36741920989016,17.588073908977435,51.6,58.0,-11,fair,Injury Risk,0.7986274509803922,202.11864587294548,473.6842531567926,0.19785,0.5192,0.4808,0.5192,21.423333333333332,-1.3314814814814788,Sustainable,False,WAS,QB1,328.0,False,False,0.0008112218514722,23.3,25.0,7.0,,0.9028571428571428,6.0,False,,
103,82,65,Carnell Tate,WR32,210.0952138005485,-4.277503387829881,67.9,63.0,-35,REACH,unknown,,149.18409408684866,311.12195149258235,0.04515,0.4924,0.5076,0.19665,,,,False,TEN,WR1,16.5,True,False,0.144868637741637,21.0,21.0,9.0,,,6.0,True,4.0,
53,66,66,Bo Nix,QB6,347.3982382151987,22.618892914285993,97.9,102.0,45,VALUE,Safe,0.8966666666666666,266.40028574077087,440.07806844110263,0.1279,0.57325,0.42675,0.57325,18.358333333333334,0.0327777777777775,Sustainable,False,DEN,QB1,335.9,True,False,0.020960928337866,22.0,26.0,10.0,,0.9964705882352942,8.0,False,,
73,65,67,Jaylen Warren,RB26,221.92924567427903,8.555007375654782,100.7,64.0,28,VALUE,Balanced,0.8702184873949579,163.59593479531316,293.7829846301357,0.006,0.6601,0.3399,0.1135,10.77939393939394,-0.070303030303032,Sustainable,False,PIT,RB1,0.9,False,False,0.0114992327033646,21.7,27.0,9.0,0.0862068965517241,0.5075000000000001,6.0,False,,
78,58,68,Drake Maye,QB10,332.1725921314435,7.393246830530757,47.7,33.0,-30,REACH,Safe,0.8574509803921568,239.0042515453704,433.0215615510401,0.12315,0.5043,0.4957,0.5043,16.50029411764706,1.4991176470588243,Sustainable,False,NE,QB1,320.7,True,False,0.0015014201728168,23.6,23.0,11.0,,0.9576470588235296,4.0,False,,
74,61,69,Luther Burden,WR24,222.36255057359855,7.98983338522018,76.4,46.0,2,fair,Injury Risk,0.849270588235294,150.54908963538395,294.14024029424405,0.0285,0.464,0.536,0.1563,7.347647058823529,0.893529411764705,Sustainable,False,CHI,WR1,6.5,True,False,0.0026531453800321,24.6,22.0,10.0,0.112781954887218,0.3966666666666666,5.0,False,,
92,73,70,DJ Moore,WR30,214.37271718837837,0.0,70.1,52.0,-22,REACH,Boom/Bust,0.9091428571428573,161.04146625314226,271.44742164633215,0.00895,0.4121,0.5879,0.08945,12.122777777777776,0.201666666666668,Sustainable,True,BUF,WR1,21.5,True,False,0.0135942036845893,26.3,29.0,7.0,0.1597744360902255,0.8482352941176471,6.0,False,,3915416.0
85,69,71,Rome Odunze,WR28,215.88835910585425,1.5156419174758753,71.1,61.0,-14,REACH,Injury Risk,0.8449803921568627,144.57078367634253,286.8369835382461,0.02265,0.43165,0.56835,0.1367,12.140645161290324,-2.40516129032258,Buy-low,False,CHI,WR2,-6.5,True,False,0.0092890398963981,24.6,24.0,10.0,0.169172932330827,0.8808333333333334,6.0,False,,
67,68,72,Brock Purdy,QB8,338.30208677101405,13.522741470101325,101.8,94.0,35,VALUE,Injury Risk,0.8189915966386554,215.63643093641016,459.4247036708093,0.1724,0.51555,0.48445,0.51555,19.091923076923077,-0.7557692307692321,Sustainable,False,SF,QB1,327.4,True,False,0.0139087364116854,25.0,26.0,8.0,,0.977777777777778,7.0,False,,
79,78,72,Tony Pollard,RB28,220.4093706124106,7.035132313786363,86.9,89.0,8,fair,Balanced,0.8870252100840335,167.01972671174096,289.7038687206939,0.0044,0.6643,0.3357,0.1017,12.074242424242424,-0.3621212121212114,Sustainable,False,TEN,RB1,60.6,True,False,0.0192359060611403,21.0,29.0,9.0,0.0773584905660377,0.6247058823529412,7.0,False,,3916148.0
70,67,74,Dak Prescott,QB9,335.9646514420466,11.18530614113388,91.2,83.0,21,VALUE,Injury Risk,0.8357983193277311,225.57393295044295,450.60601172255514,0.1526,0.51425,0.48575,0.51425,19.2656,-1.9735999999999976,Buy-low,False,DAL,QB1,322.0,True,False,0.0258726601498939,25.6,33.0,14.0,,0.9505882352941176,7.0,False,,2577417.0
75,77,75,Parker Washington,WR25,222.17268038150303,7.799963193124654,100.8,95.0,26,VALUE,Injury Risk,0.7998991596638655,131.67391695148757,307.8139523085802,0.04085,0.46425,0.53575,0.18965,10.374285714285715,-0.1028571428571432,Sustainable,False,JAX,WR1,25.9,True,False,0.0299417924887008,23.6,24.0,7.0,0.1736745886654479,0.61375,7.0,False,,
76,76,76,Rico Dowdle,RB27,221.07843744494903,7.7041991463247825,106.4,88.0,30,VALUE,Boom/Bust,0.8786218487394957,141.63378594800025,297.4173654233694,0.0178,0.5765,0.4235,0.1354,12.04264705882353,0.2102941176470594,Sustainable,True,PIT,RB2,-0.9,False,False,0.0009886280976679,21.7,28.0,9.0,0.1041666666666666,0.5605882352941176,7.0,False,,4038815.0
100,84,77,Jadarian Price,RB31,210.7055330731714,-2.6687052254528396,75.0,78.0,-25,REACH,unknown,,99.17655405330832,329.62957826565184,0.07355,0.4835,0.5165,0.2021,,,,False,SEA,RB1,54.1,True,False,0.0200769924080884,24.7,22.0,11.0,,,7.0,True,32.0,
82,71,78,Tucker Kraft,TE10,181.18539286369844,4.037768395389008,109.5,68.0,28,VALUE,Injury Risk,0.8008739495798319,108.52295536232558,249.4198284635973,0.09725,0.4283,0.5717,0.4283,7.563846153846153,3.5553846153846163,TD-lucky,False,GB,TE1,136.3,True,False,0.0377324345111524,24.7,25.0,11.0,0.0956521739130434,0.86,6.0,False,,
91,70,79,Mike Evans,WR29,214.49836469851695,0.1256475101385774,88.4,50.0,-3,fair,Injury Risk,0.7333025210084032,101.21531929218774,313.8229032872486,0.0356,0.43805,0.56195,0.19965,15.34086956521739,-0.2365217391304348,Sustainable,True,SF,WR1,33.7,True,False,0.0619928720457812,25.0,32.0,8.0,0.1146025878003696,0.65625,5.0,False,,16737.0
81,74,80,Chuba Hubbard,RB29,218.10561968786857,4.731381389244319,107.4,76.0,26,VALUE,Boom/Bust,0.8618151260504201,142.00761341727022,292.2237360826449,0.0126,0.5796,0.4204,0.1243,12.686451612903223,-0.2058064516129025,Sustainable,False,CAR,RB1,45.4,False,False,0.0215557268527552,20.9,27.0,5.0,0.08125,0.458,7.0,False,,
90,87,81,Jake Ferguson,TE11,177.83434150326454,0.6867170349551088,107.5,104.0,18,fair,Boom/Bust,0.8765042016806722,126.85996852194788,228.698874635164,0.05275,0.39215,0.60785,0.39215,10.75290322580645,-1.3174193548387088,Buy-low,False,DAL,TE1,145.2,True,False,0.0146484507444221,25.6,27.0,14.0,0.1680395387149917,0.6670588235294117,8.0,False,,
84,75,82,Alec Pierce,WR27,217.58778449376769,3.2150673053893115,93.9,71.0,10,fair,Boom/Bust,0.8839327731092437,157.97637207215612,279.6312580435138,0.01355,0.43995,0.56005,0.1135,9.639354838709677,1.4800000000000004,TD-lucky,False,IND,WR1,14.3,True,False,0.023876367234893,23.4,26.0,13.0,0.1584905660377358,0.8593333333333334,7.0,False,,
104,85,83,DK Metcalf,WR33,209.9187257670123,-4.453991421366084,86.3,73.0,-18,REACH,Balanced,0.8671260504201681,157.52270294555785,274.28793129721134,0.00725,0.43445,0.56555,0.0941,12.18258064516129,0.2238709677419379,Sustainable,False,PIT,WR1,4.0,False,False,0.005008738524843,21.7,28.0,9.0,0.1896551724137931,0.8726666666666667,7.0,False,,4047650.0
92,93,84,Dallas Goedert,TE12,177.14762446830943,0.0,99.5,120.0,8,fair,Injury Risk,0.740873949579832,86.0326631478707,259.01671986454164,0.12005,0.4165,0.5835,0.4165,9.741333333333332,2.0553333333333317,Sustainable,False,PHI,TE1,128.7,True,False,0.0142160801508865,23.9,31.0,10.0,0.1767241379310344,0.846,8.0,False,,3121023.0
80,81,85,Patrick Mahomes,QB11,330.6840148374322,5.904669536519464,102.4,99.0,22,VALUE,Safe,0.8694117647058823,245.0998052985138,426.3689579495039,0.11165,0.50905,0.49095,0.50905,19.92787878787879,-0.7442424242424259,Sustainable,False,KC,QB1,319.4,True,False,0.0054814104542975,23.8,30.0,5.0,,0.9742857142857144,8.0,False,,3139477.0
101,83,86,Courtland Sutton,WR31,211.58900537214544,-2.7837118162329375,85.7,72.0,-15,REACH,Balanced,0.8673361344537814,159.70405638899516,261.6220126836894,0.0016,0.39585,0.60415,0.0557,13.721944444444444,-0.0413888888888891,Sustainable,False,DEN,WR2,-13.2,True,False,0.0033194537460325,22.0,30.0,10.0,0.2123287671232876,0.8535294117647059,7.0,False,,3128429.0
92,80,87,Trevor Lawrence,QB12,324.7793453009127,0.0,93.2,75.0,1,fair,Injury Risk,0.8442016806722689,222.527650238792,430.85348845858493,0.1208,0.4785,0.5215,0.4785,19.481428571428573,-1.3478571428571442,Sustainable,False,JAX,QB1,313.5,True,False,0.0163315365847837,23.6,26.0,7.0,,0.967058823529412,7.0,False,,
129,102,88,Jordyn Tyson,WR38,196.3723721958595,-18.000344992518876,97.0,85.0,-32,REACH,unknown,,136.41555612148653,292.8577873991452,0.033,0.42325,0.57675,0.15295,,,,False,NO,WR2,-64.0,True,False,0.0775405527373045,21.6,21.0,8.0,,,7.0,True,8.0,
116,91,89,Marvin Harrison,WR35,204.7391598312674,-9.633557357110988,84.8,70.0,-31,REACH,Injury Risk,0.8449803921568627,144.80610774226784,274.93647989470145,0.0122,0.4034,0.5966,0.10335,12.299310344827587,-1.1855172413793102,Buy-low,False,ARI,WR1,20.4,True,False,0.0160577012782233,18.8,23.0,14.0,0.1183144246353322,0.7125,6.0,False,,
106,90,90,Jaxson Dart,QB13,319.3299800250424,-5.449365275870321,73.3,82.0,-33,REACH,Injury Risk,0.8407058823529411,226.1881850098422,429.5979732663492,0.11465,0.49,0.51,0.49,15.712142857142856,1.6864285714285732,Sustainable,False,NYG,QB1,309.5,True,False,0.0068487764311257,22.1,23.0,8.0,,0.8364285714285714,7.0,False,,
113,95,91,Michael Pittman,WR34,205.96205483288924,-8.410662355489137,90.0,84.0,-23,REACH,Boom/Bust,0.8923361344537815,151.1650690449207,262.44885195847064,0.00875,0.3631,0.6369,0.0791,11.767575757575758,-0.5827272727272721,Sustainable,True,PIT,WR2,-4.0,False,False,0.0271759665768086,21.7,28.0,9.0,0.2094339622641509,0.8552941176470588,7.0,False,,4035687.0
105,106,92,Mark Andrews,TE13,171.83474017710145,-5.312884291207979,119.8,133.0,15,fair,Injury Risk,0.812890756302521,105.07894438584472,234.94092364643976,0.0719,0.3771,0.6229,0.3771,8.309166666666666,0.9797222222222216,Sustainable,False,BAL,TE1,145.4,True,False,0.0279289226252077,25.9,30.0,13.0,0.171990171990172,0.6170588235294118,9.0,False,,3116365.0
108,92,93,Rhamondre Stevenson,RB32,207.06757533006115,-6.306662968563103,110.2,87.0,2,fair,Injury Risk,0.8113949579831933,116.65763685690438,289.7300844282076,0.01535,0.5129,0.4871,0.12295,11.77,0.4906060606060602,Sustainable,False,NE,RB2,-32.1,True,False,0.0142919686902937,23.6,28.0,11.0,0.0767634854771784,0.5935714285714286,7.0,False,,
114,88,94,Caleb Williams,QB15,315.799883509869,-8.979461791043718,90.6,65.0,-23,REACH,Balanced,0.8966666666666666,240.010807674427,399.98834276092225,0.0691,0.43935,0.56065,0.43935,18.535833333333333,-1.355833333333333,Sustainable,False,CHI,QB1,303.4,True,False,0.0302709526768269,24.6,24.0,10.0,,0.9905882352941175,6.0,False,,
120,107,95,Dalton Kincaid,TE16,165.32674345147723,-11.820881016832203,135.7,109.0,16,fair,Injury Risk,0.8176806722689075,104.69821786910887,223.80638659826153,0.05195,0.33935,0.66065,0.33935,8.536,0.5340000000000007,Sustainable,False,BUF,TE1,85.3,True,False,0.0264806905692827,26.3,26.0,7.0,0.1022964509394572,0.3741666666666667,8.0,False,,
119,104,96,Aaron Jones,RB33,201.6527160583055,-11.721522240318762,118.5,105.0,0,fair,Injury Risk,0.7329915966386553,89.49689663463691,302.51452544211486,0.0252,0.4719,0.5281,0.1527,13.914,-1.6039999999999992,Buy-low,False,MIN,RB1,39.9,True,False,0.0658323496740335,22.6,31.0,6.0,0.0876068376068376,0.5508333333333333,8.0,False,,3042519.0
92,86,97,Kenny Gainwell,RB30,213.37423829862425,0.0,121.8,97.0,30,fair,Boom/Bust,0.8870252100840335,99.09249696736488,256.5873003760036,0.0179,0.37085,0.62915,0.09245,8.356842105263159,-0.4015789473684217,Sustainable,True,TB,RB2,-39.9,True,False,0.0251273256952103,23.3,27.0,10.0,0.1628352490421455,0.4964705882352941,8.0,False,,
110,105,98,Isaiah Likely,TE14,169.61408198791344,-7.533542480395994,126.8,122.0,17,fair,Injury Risk,0.8176806722689075,87.85967752412044,224.84066576819356,0.07835,0.30975,0.69025,0.30975,6.6000000000000005,0.935714285714285,Sustainable,True,NYG,TE1,93.4,True,False,0.0665132843112097,22.1,26.0,8.0,0.0884520884520884,0.5592857142857143,8.0,False,,
112,99,99,Jared Goff,QB14,316.5529707602282,-8.226374540684503,141.1,110.0,29,VALUE,Balanced,0.9114285714285714,246.7154349907714,394.33652593684457,0.06005,0.4368,0.5632,0.4368,17.24142857142857,0.8917142857142863,Sustainable,False,DET,QB1,306.1,True,False,0.0378596327496647,26.1,31.0,6.0,,0.9852941176470588,8.0,False,,3046779.0
157,124,100,Makai Lemon,WR49,181.0879198602358,-33.28479732814259,106.9,93.0,-50,REACH,unknown,,118.51181927789337,266.7190886791523,0.02435,0.3255,0.6745,0.11155,,,,False,PHI,WR2,-70.9,True,False,0.0244727148741759,23.9,22.0,10.0,,,7.0,True,20.0,
127,94,101,Christian Watson,WR37,197.93944515900753,-16.43327202937084,97.3,57.0,-30,REACH,Injury Risk,0.7578823529411765,99.77292704836805,285.37711744716586,0.03505,0.3672,0.6328,0.14625,9.1612,0.8507999999999996,Sustainable,False,GB,WR1,9.3,True,False,0.0254359659361384,24.7,27.0,11.0,0.1195652173913043,0.6769999999999999,6.0,False,,
117,97,102,Josh Downs,WR36,203.24134363532409,-11.131373553054289,136.5,98.0,20,fair,Balanced,0.8755294117647059,143.61376928595155,264.2068333507509,0.0102,0.359,0.641,0.0838,10.196666666666664,0.4000000000000003,Sustainable,False,IND,WR2,-14.3,True,False,0.0458022860878338,23.4,24.0,13.0,0.1660377358490566,0.586875,8.0,False,,
130,108,103,Jakobi Meyers,WR39,196.25432253951476,-18.118394648863617,109.2,91.0,-21,REACH,Safe,0.8755294117647059,140.14544612940773,253.96538900854523,0.00645,0.31985,0.68015,0.06455,12.9284375,-0.5534374999999994,Sustainable,False,JAX,WR2,-25.9,True,False,0.026768311545592,23.6,29.0,7.0,0.1115173674588665,0.85,7.0,False,,3916433.0
122,96,104,Justin Herbert,QB16,309.9543785024355,-14.824966798477249,107.4,69.0,-15,REACH,Safe,0.8694117647058823,226.49309829346797,400.6802455612253,0.0709,0.4236,0.5764,0.4236,17.109714285714286,-0.1525714285714308,Sustainable,False,LAC,QB1,299.9,True,False,0.0229670939840513,23.8,28.0,7.0,,0.968125,6.0,False,,4038941.0
126,109,105,J.K. Dobbins,RB34,197.08602544346093,-16.288212855163323,119.8,107.0,-6,fair,Safe,,116.43500126969197,273.3856260187828,0.0078,0.48125,0.51875,0.0927,12.178333333333336,0.7091666666666665,Sustainable,False,DEN,RB1,2.1,True,False,0.0284305833679156,22.0,27.0,10.0,0.023972602739726,0.511,8.0,False,,4241985.0
132,101,106,RJ Harvey,RB35,194.94512625860665,-18.4291120400176,123.0,79.0,-9,fair,Boom/Bust,0.8535999999999999,122.1449140492365,262.89104289712793,0.0074,0.4668,0.5332,0.08205,11.36842105263158,0.6368421052631579,Sustainable,False,DEN,RB2,-2.1,True,False,0.0782624491496172,22.0,25.0,10.0,0.0993150684931506,0.4211764705882353,7.0,False,,
138,110,107,Wan'Dale Robinson,WR41,193.62990227571277,-20.742814912665608,112.5,86.0,-26,REACH,Balanced,0.8839327731092437,136.22306489295516,250.602276258592,0.00765,0.29835,0.70165,0.06595,12.642727272727273,-0.5033333333333321,Sustainable,True,TEN,WR2,-16.5,True,False,0.0786140087375706,21.0,25.0,9.0,0.2783300198807157,0.9075,7.0,False,,
139,119,108,Khalil Shakir,WR42,192.91378639659385,-21.458930791784525,133.2,114.0,-6,fair,Balanced,0.8755294117647059,143.9731222326547,253.67588783724923,0.00435,0.32295,0.67705,0.05755,10.411111111111111,1.136111111111111,TD-lucky,False,BUF,WR2,-21.5,True,False,0.0237439436460875,26.3,26.0,7.0,0.1983298538622129,0.5975,8.0,False,,
149,117,109,Brian Thomas,WR44,186.48228465752416,-27.890432530854213,100.6,92.0,-48,REACH,Balanced,0.8645882352941175,125.81675227258916,246.41921799787303,0.0091,0.27185,0.72815,0.06135,12.9375,0.5906250000000011,Sustainable,False,JAX,WR3,-35.7,True,False,0.0062538205798872,23.6,23.0,7.0,0.1663619744058501,0.7764285714285715,7.0,False,,
136,135,110,Hunter Henry,TE20,156.82158504806347,-20.32603942024596,141.6,152.0,6,fair,Injury Risk,0.7996974789915967,90.97271840017008,216.8823027713568,0.05025,0.29825,0.70175,0.29825,9.34189189189189,0.1283783783783789,Sustainable,False,NE,TE1,112.1,True,False,0.0271011169801331,23.6,31.0,11.0,0.1804979253112033,0.7941176470588235,9.0,False,,3046439.0
131,114,111,Jordan Love,QB17,306.475072370566,-18.304272930346713,159.8,117.0,29,VALUE,Balanced,0.8778151260504201,226.98361828141063,393.3666124434386,0.0652,0.4003,0.5997,0.4003,15.3671875,0.4609375,Sustainable,False,GB,QB1,296.5,True,False,0.0112317057597659,24.7,27.0,11.0,,0.9426666666666668,8.0,False,,4036378.0
128,123,112,Brenton Strange,TE17,160.08768785531282,-17.05993661299661,166.3,146.0,38,fair,Injury Risk,0.750453781512605,79.6540462071704,233.50744445681673,0.0767,0.33925,0.66075,0.33925,7.47,0.3818518518518523,Sustainable,False,JAX,TE1,132.4,True,False,0.0602325847663058,23.6,25.0,7.0,0.109689213893967,0.7483333333333334,9.0,False,,
134,143,113,T.J. Hockenson,TE18,157.93719323926575,-19.21043122904368,131.7,175.0,-2,fair,Injury Risk,0.8092773109243697,96.35139581079294,215.7057028703991,0.04445,0.3011,0.6989,0.3011,8.60153846153846,-0.2669230769230761,Sustainable,False,MIN,TE1,109.4,True,False,0.1180902700374022,22.6,29.0,6.0,0.141025641025641,0.7793333333333333,10.0,False,,4036133.0
135,125,114,Juwan Johnson,TE19,157.5444449930065,-19.603179475302937,163.4,137.0,28,fair,Balanced,0.8512941176470588,107.86870979210364,207.0611673062165,0.02705,0.2759,0.7241,0.2759,8.288125,1.1712499999999988,Sustainable,False,NO,TE1,99.9,True,False,0.085374000260805,21.6,29.0,8.0,0.1805309734513274,0.75,9.0,False,,3929645.0
133,131,115,Rashid Shaheed,WR40,195.38713616913725,-18.985581019241124,156.7,149.0,24,fair,Injury Risk,0.8083025210084033,114.5477430514818,271.0534400151301,0.0221,0.34185,0.65815,0.1133,9.553703703703704,-0.90925925925926,Sustainable,False,SEA,WR2,-146.5,True,False,0.0384648231813771,24.7,27.0,11.0,0.1168141592920354,0.6088888888888889,9.0,False,,
111,128,116,Kenyon Sadiq,TE15,169.38882387644847,-7.758800591860961,134.2,187.0,23,VALUE,unknown,,103.88847062815,252.1352194306233,0.11555,0.40635,0.59365,0.40635,,,,False,NYJ,TE1,87.8,False,False,0.2093763319040118,18.7,21.0,13.0,,,10.0,True,16.0,
148,118,117,Kyle Monangai,RB36,186.58509483901184,-26.789143459612404,123.0,96.0,-25,REACH,Boom/Bust,0.8535999999999999,114.68664461393666,254.6394553705861,0.00715,0.41945,0.58055,0.0695,9.441052631578946,-0.8199999999999985,Sustainable,False,CHI,RB2,-58.8,True,False,0.1123837557289996,24.6,24.0,10.0,0.056390977443609,0.4088235294117647,8.0,False,,
153,115,118,Michael Wilson,WR47,184.307961400134,-30.064755788244383,113.0,81.0,-40,REACH,Boom/Bust,0.8671260504201681,128.58073867237837,247.03369717321655,0.00795,0.28015,0.71985,0.06175,10.324242424242424,0.1333333333333346,Sustainable,False,ARI,WR2,-20.4,True,False,0.0355069080242569,18.8,26.0,14.0,0.2042139384116693,0.8135294117647058,7.0,False,,
151,113,119,Chris Godwin,WR46,184.9394700314187,-29.43324715695968,140.9,77.0,-10,fair,Injury Risk,0.7328823529411764,84.41564720759864,270.9046028537523,0.0165,0.32285,0.67715,0.1126,11.980625,1.8193750000000009,TD-lucky,False,TB,WR2,-51.5,True,False,0.1414867059193948,23.3,30.0,10.0,0.0942698706099815,0.7088888888888889,7.0,False,,3116165.0
146,122,120,Jayden Reed,WR43,188.67866401636007,-25.6940531720183,137.0,112.0,-9,fair,Injury Risk,0.7998991596638655,106.2561058896974,264.23712763219396,0.0212,0.31365,0.68635,0.10535,8.241249999999999,3.000416666666668,TD-lucky,False,GB,WR2,-9.3,True,False,0.0275307547283511,24.7,26.0,11.0,0.0478260869565217,0.4114285714285714,8.0,False,,
145,126,121,Baker Mayfield,QB18,299.1248471358964,-25.65449816501632,149.7,119.0,5,fair,Safe,0.9114285714285714,235.8462135568315,372.35819980100376,0.03725,0.35455,0.64545,0.35455,17.99942857142857,0.8879999999999981,Sustainable,False,TB,QB1,288.0,True,False,0.0340834040280581,23.3,31.0,10.0,,0.9711764705882354,8.0,False,,3052587.0
169,149,122,KC Concepcion,WR55,174.54865774326998,-39.82405944510839,144.0,126.0,-25,REACH,unknown,,113.16988256194632,258.6840280475194,0.0206,0.3001,0.6999,0.09445,,,,False,CLE,WR1,26.9,False,False,0.0957849029934231,18.9,21.0,11.0,,,9.0,True,24.0,
143,144,123,Dalton Schultz,TE21,151.66465216115333,-25.482972307156103,167.8,161.0,25,fair,Balanced,0.85490756302521,101.15423246518309,201.3100698324798,0.0245,0.2438,0.7562,0.2438,8.724210526315789,-0.2663157894736834,Sustainable,False,HOU,TE1,112.4,True,False,0.1102175234272307,22.8,30.0,8.0,0.1916817359855334,0.7105882352941176,10.0,False,,3117256.0
158,129,124,Ricky Pearsall,WR50,180.80773302963752,-33.564984158740856,119.3,100.0,-39,REACH,Boom/Bust,,109.18259494099516,246.340811766324,0.0172,0.2586,0.7414,0.08,9.183,-0.0779999999999994,Sustainable,False,SF,WR2,-33.7,True,False,0.0021610977073177,25.0,25.0,8.0,0.0963636363636363,0.7811111111111111,8.0,False,,
46,89,125,Brandon Aubrey,K1,175.9519476496524,27.3451088734154,85.2,193.0,39,VALUE,Balanced,0.9828571428571428,120.88304625459745,228.14357156648532,0.22125,0.6142,0.3858,0.6142,,,,False,DAL,K1,0.0,True,True,0.0,25.6,31.0,14.0,,,10.0,False,,
160,134,126,Jordan Addison,WR51,178.99717782940235,-35.37553935897603,120.7,106.0,-39,REACH,Boom/Bust,0.8671260504201681,115.33087114326396,239.4816439261897,0.00975,0.24565,0.75435,0.0615,11.872333333333334,-0.1556666666666668,Sustainable,False,MIN,WR2,-120.0,True,False,0.0170379400790573,22.6,24.0,6.0,0.1688034188034188,0.8514285714285714,8.0,False,,
147,142,127,Oronde Gadsden,TE22,150.4161763211854,-26.73144814712404,168.2,147.0,21,fair,Injury Risk,0.838870588235294,92.974128846702,203.83963969125335,0.0384,0.2491,0.7509,0.2491,7.884375,0.703125,Sustainable,False,LAC,TE1,50.2,True,False,0.0591636450648189,23.8,23.0,7.0,0.1268382352941176,0.626,9.0,False,,
161,141,128,Rachaad White,RB37,177.83944683331092,-35.53479146531333,122.5,116.0,-38,REACH,Boom/Bust,0.8786218487394957,107.71235744498604,243.392234959954,0.00645,0.3674,0.6326,0.06065,10.215454545454548,0.2724242424242415,Sustainable,True,WAS,RB1,10.2,False,False,0.0180770257305469,23.3,27.0,7.0,0.0831792975970425,0.5105882352941177,8.0,False,,
163,139,129,Quentin Johnston,WR53,178.6272785258634,-35.74543866251497,144.2,111.0,-19,REACH,Boom/Bust,0.8587226890756303,115.75318462775913,238.9242424371081,0.00955,0.2407,0.7593,0.061,11.036333333333332,0.6603333333333339,Sustainable,False,LAC,WR2,-56.9,True,False,0.0360385482196107,23.8,24.0,7.0,0.1544117647058823,0.7685714285714286,8.0,False,,
162,145,130,Romeo Doubs,WR52,178.8262110838851,-35.54650610449326,146.2,127.0,-16,REACH,Boom/Bust,0.8671260504201681,117.53809941318718,237.32219243078103,0.00865,0.2363,0.7637,0.05545,10.43516129032258,0.1196774193548382,Sustainable,True,NE,WR2,-90.9,True,False,0.0403551462239096,23.6,26.0,11.0,0.1847826086956521,0.775625,9.0,False,,
61,97,131,Cameron Dicker,K2,166.6069957045243,18.00015692828731,110.0,202.0,49,VALUE,Balanced,0.9828571428571428,114.56867764650642,216.14322375284533,0.178,0.55655,0.44345,0.55655,,,,False,LAC,K1,0.0,True,True,0.0,23.8,26.0,7.0,,,11.0,False,,
64,100,132,Jason Myers,K3,166.14563239005167,17.538793613814676,119.5,204.0,56,VALUE,Balanced,0.9728571428571428,114.62816784447614,216.09519579361375,0.1788,0.55295,0.44705,0.55295,,,,False,SEA,K1,0.0,True,True,0.0,24.7,35.0,11.0,,,11.0,False,,2473037.0
166,148,133,Xavier Worthy,WR54,175.65949733279626,-38.71321985558211,139.9,123.0,-26,REACH,Boom/Bust,0.8547843137254901,112.38511485346534,236.44369272108963,0.00825,0.23335,0.76665,0.0543,10.961212121212125,0.0569696969696966,Sustainable,False,KC,WR2,-103.7,True,False,0.0289815239774851,23.8,23.0,5.0,0.1329690346083788,0.7057142857142857,8.0,False,,
66,103,134,Ka'imi Fairbairn,K4,165.20983763441018,16.60299885817318,135.1,203.0,69,VALUE,Balanced,0.9240336134453784,111.56596602304766,215.8928985050978,0.17685,0.5389,0.4611,0.5389,,,,False,HOU,K1,0.0,True,True,0.0,22.8,32.0,8.0,,,11.0,False,,2971573.0
154,152,135,Chig Okonkwo,TE23,145.52479826662625,-31.622826201683186,168.5,163.0,14,fair,Boom/Bust,0.8933109243697478,82.5375501868659,187.31386392343936,0.03315,0.19175,0.80825,0.19175,6.618181818181818,0.5939393939393938,Sustainable,True,WAS,TE1,103.2,False,False,0.0346632365215795,23.3,26.0,7.0,0.1490566037735849,0.6370588235294118,10.0,False,,
171,157,136,Jonathon Brooks,RB39,172.67893042914358,-40.69530786948067,131.3,143.0,-40,REACH,unknown,,69.73981685858368,249.8189491183844,0.0356,0.3143,0.6857,0.10855,,,,False,CAR,RB2,-45.4,False,False,0.0668687294884857,20.9,23.0,5.0,,,9.0,True,,
170,146,137,Kyler Murray,QB19,284.6654827938352,-40.1138625070775,148.7,113.0,-21,REACH,Injury Risk,0.7349579831932773,121.21022371079684,414.8243706594191,0.12375,0.33485,0.66515,0.33485,18.26590909090909,-1.128636363636364,Sustainable,True,MIN,QB1,249.9,True,False,0.081677901834943,22.6,28.0,6.0,,0.988,8.0,False,,3917315.0
159,164,138,AJ Barner,TE25,143.5642043218379,-33.583420146471525,169.0,188.0,10,fair,Boom/Bust,0.8657254901960784,90.73534530083008,191.3841558605152,0.02925,0.2059,0.7941,0.2059,6.004411764705883,1.1926470588235285,Sustainable,False,SEA,TE1,80.3,True,False,0.1315899688441699,24.7,24.0,11.0,0.1494505494505494,0.7729411764705882,10.0,False,,
72,112,139,Eddy Pineiro,K6,157.23841742027582,8.631578644038825,150.3,213.0,78,VALUE,Boom/Bust,0.9408403361344538,107.31121783452214,205.1035917354287,0.14275,0.49405,0.50595,0.49405,,,,False,SF,K1,0.0,True,True,0.0,25.0,30.0,8.0,,,11.0,False,,4034949.0
87,116,140,Cam Little,K9,149.97426602907169,1.3674272528346876,137.1,206.0,50,VALUE,Boom/Bust,0.98,103.92124013873008,194.5372297053782,0.11085,0.44585,0.55415,0.44585,,,,False,JAX,K1,0.0,True,True,0.0,23.6,22.0,7.0,,,11.0,False,,
172,150,141,Tyler Shough,QB20,279.7661082389221,-45.01323706199065,152.9,121.0,-19,REACH,Balanced,,190.0687693118802,371.0626445554828,0.0476,0.3109,0.6891,0.3109,13.603636363636362,0.9381818181818212,Sustainable,False,NO,QB1,270.1,True,False,0.0487026490827785,21.6,26.0,8.0,,0.8345454545454545,8.0,False,,
155,178,142,Pat Freiermuth,TE24,144.45623527037688,-32.69138919793255,168.7,237.0,14,fair,Injury Risk,0.8344873949579831,89.64399596316778,194.74306808895057,0.02985,0.21655,0.78345,0.21655,6.449705882352941,2.1208823529411767,TD-lucky,False,PIT,TE1,53.2,False,False,0.014898951070482,21.7,27.0,9.0,0.1034482758620689,0.5035294117647059,11.0,False,,
188,166,143,Alvin Kamara,RB44,152.09264609003623,-61.28159220858802,156.4,141.0,-32,,Injury Risk,0.7161848739495797,61.23744827111282,232.85059730940125,0.0076,0.2944,0.7056,0.06215,15.84,-1.1999999999999993,Buy-low,False,NO,RB2,-109.9,True,False,0.0021948371390093,21.6,31.0,8.0,0.0690265486725663,0.6372727272727272,9.0,False,,3054850.0
88,121,144,Tyler Loop,K10,149.58893780140525,0.9820990251682532,161.8,214.0,74,VALUE,Balanced,0.976,103.16483662602282,194.6359493941621,0.11375,0.4426,0.5574,0.4426,,,,False,BAL,K1,0.0,True,True,0.0,25.9,24.0,13.0,,,11.0,False,,
173,154,145,Jalen Coker,WR56,168.81086434321648,-45.561852845161894,161.6,131.0,-11,fair,Boom/Bust,,103.64500017784763,228.6773077191278,0.0079,0.2073,0.7927,0.0499,7.449130434782609,1.6534782608695648,TD-lucky,False,CAR,WR3,-76.4,False,False,0.0365348847403919,20.9,24.0,5.0,0.0895833333333333,0.6936363636363636,9.0,False,,
227,196,146,Travis Hunter,WR77,115.7264319486421,-98.64628523973629,118.5,157.0,-108,,unknown,,69.76442759463849,158.10392523177907,0.00025,0.04345,0.95655,0.0056,,,,False,JAX,WR4,-106.4,True,False,0.0013203031458642,23.6,23.0,7.0,,0.6628571428571429,10.0,True,,
180,158,147,Jordan Mason,RB41,161.7624724173702,-51.61176588125406,146.7,128.0,-33,REACH,Injury Risk,0.8366050420168067,93.06842472426686,224.78170842277171,0.00375,0.30285,0.69715,0.0413,8.469285714285714,0.237857142857143,Sustainable,False,MIN,RB2,-39.9,True,False,0.0231182274794075,22.6,27.0,6.0,0.0341880341880341,0.4275,9.0,False,,
164,185,148,Terrance Ferguson,TE26,140.70900644611385,-36.438618022195584,166.7,241.0,3,fair,Boom/Bust,,79.27461395064044,195.57366128197472,0.0387,0.2186,0.7814,0.2186,5.594615384615385,-1.3638461538461542,Buy-low,False,LAR,TE1,58.4,True,False,0.2189790049782012,26.3,23.0,11.0,0.0430292598967297,0.3671428571428571,11.0,False,,
121,111,149,Jake Moody,K21,133.97212553938806,-14.634713236848938,169.9,,49,fair,Boom/Bust,0.8904201680672268,88.22445370277744,176.61987200033496,0.07075,0.3272,0.6728,0.3272,,,,False,WAS,K1,0.0,False,False,0.0,23.3,26.0,7.0,,,,False,,
177,159,150,Sam Darnold,QB21,273.2830759625113,-51.49626933840142,163.8,136.0,-13,REACH,Balanced,0.8526050420168068,189.31425063117985,362.1319151637243,0.03925,0.2844,0.7156,0.2844,16.869999999999997,-0.5710526315789437,Sustainable,False,SEA,QB1,262.0,True,False,0.0548416784718183,24.7,29.0,11.0,,0.9617647058823532,9.0,False,,3912547.0
168,173,151,Gunnar Helm,TE28,137.96809166688752,-39.179532801421914,169.8,205.0,2,fair,Boom/Bust,0.8506352941176469,84.19480187713263,187.3189176122704,0.0274,0.19005,0.80995,0.19005,5.40625,0.3250000000000002,Sustainable,False,TEN,TE1,97.8,True,False,0.1283716741498599,21.0,23.0,9.0,0.1037735849056603,0.525625,11.0,False,,
184,156,152,Jayden Higgins,WR60,159.83017744588767,-54.5425397424907,158.6,118.0,-25,,Boom/Bust,0.8728,104.74224975110246,213.14509016988904,0.0037,0.15795,0.84205,0.02945,7.405789473684211,0.399473684210526,Sustainable,False,HOU,WR2,-106.1,True,False,0.0254034690651418,22.8,23.0,8.0,0.1229656419529837,0.5723529411764706,8.0,False,,
165,140,153,Blake Corum,RB38,176.84012808023385,-36.5341102183904,136.4,108.0,-29,REACH,Boom/Bust,0.858392156862745,101.56372952850867,244.91036190637277,0.00745,0.36425,0.63575,0.06795,5.592941176470588,-0.407647058823529,Sustainable,False,LAR,RB2,-99.6,True,False,0.1655641706880661,26.3,25.0,11.0,0.0240963855421686,0.2911764705882353,8.0,False,,
193,171,154,Denzel Boston,WR63,145.3798558778692,-68.99286131050917,167.6,151.0,-25,,unknown,,87.1680570430555,198.3263890030646,0.0037,0.12555,0.87445,0.0249,,,,False,CLE,WR3,-29.2,False,False,0.0319572293066033,18.9,22.0,11.0,,,9.0,True,39.0,
186,163,155,Zach Charbonnet,RB43,156.64299212087232,-56.73124617775193,155.6,134.0,-30,,Boom/Bust,0.8786218487394957,97.06996427838205,211.58382002292393,0.0023,0.26115,0.73885,0.02935,10.32235294117647,0.4276470588235295,Sustainable,False,SEA,RB2,-54.1,True,False,0.0740535920573491,24.7,25.0,11.0,0.0527472527472527,0.48375,9.0,False,,
156,146,156,Matthew Golden,WR48,181.26199536093503,-33.11072182744334,104.1,139.0,-52,REACH,Injury Risk,0.8375058823529411,109.15467180557566,248.1404151856001,0.01415,0.266,0.734,0.0789,5.790666666666667,0.1026666666666669,Sustainable,False,GB,WR3,-16.7,True,False,0.171656353359898,24.7,22.0,11.0,0.0956521739130434,0.5321428571428571,9.0,False,,
102,137,157,Evan McPherson,K16,145.55620796133687,-3.0506308149001313,168.6,219.0,67,VALUE,Boom/Bust,0.9408403361344538,99.17279339012318,189.67419385486377,0.10125,0.4129,0.5871,0.4129,,,,False,CIN,K1,0.0,True,True,0.0,26.0,27.0,6.0,,,11.0,False,,
89,127,158,Cairo Santos,K11,149.5485820950221,0.9417433187851144,166.2,224.0,77,VALUE,Boom/Bust,0.9660504201680672,102.7618821864844,193.89851290492368,0.1123,0.44045,0.55955,0.44045,,,,False,CHI,K1,0.0,True,True,0.0,24.6,34.0,10.0,,,11.0,False,,17427.0
178,168,159,Tre Tucker,WR58,162.87296521076556,-51.49975197761282,168.3,169.0,-10,fair,Boom/Bust,0.8755294117647059,114.5266737485001,217.25617780896172,0.0019,0.16805,0.83195,0.02695,8.472941176470588,0.0858823529411765,Sustainable,False,LV,WR1,19.5,False,False,0.0429734323284729,19.5,25.0,13.0,0.1862348178137652,0.9482352941176472,10.0,False,,
183,161,160,Tyjae Spears,RB42,159.8343027171843,-53.53993558143995,167.7,138.0,-15,,Injury Risk,0.8197983193277311,95.3816603425148,226.18936885960443,0.0028,0.3116,0.6884,0.0353,8.374,0.6379999999999981,Sustainable,False,TEN,RB2,-60.6,True,False,0.0835842064645312,21.0,25.0,9.0,0.0943396226415094,0.4592307692307692,9.0,False,,
191,169,161,Jerry Jeudy,WR61,147.6344043676176,-66.73831282076077,162.5,148.0,-28,,Boom/Bust,0.9007394957983192,108.12140438493428,194.03087331955103,0.00025,0.0912,0.9088,0.00945,11.25,-0.6147058823529399,Sustainable,False,CLE,WR2,-26.9,False,False,0.0556454292307083,18.9,27.0,11.0,0.2030651340996168,0.8452941176470588,9.0,False,,4241463.0
182,167,162,Daniel Jones,QB22,271.9433644591002,-52.8359808418125,161.8,153.0,-20,,Balanced,,184.39398424645293,360.9963195851261,0.0412,0.2845,0.7155,0.2845,17.854782608695654,-1.717391304347828,Sustainable,False,IND,QB1,246.4,True,False,0.0917458377843907,23.4,29.0,13.0,,0.9146153846153846,9.0,False,,3917792.0
185,162,163,C.J. Stroud,QB23,269.0027568937264,-55.776588407186296,166.5,135.0,-18,,Safe,0.8694117647058823,193.6415867813718,350.14064729745616,0.02925,0.25215,0.74785,0.25215,15.550857142857142,-1.7799999999999976,Buy-low,False,HOU,QB1,258.0,True,False,0.0161731351245822,22.8,24.0,8.0,,0.9121428571428573,9.0,False,,
86,130,164,Jake Bates,K8,150.07378151217517,1.4669427359381757,155.1,234.0,69,VALUE,Safe,0.98,102.95686997610822,195.10303048280613,0.1141,0.44705,0.55295,0.44705,,,,False,DET,K1,0.0,True,True,0.0,26.1,27.0,6.0,,,11.0,False,,
69,120,165,Harrison Mevis,K5,159.9136041610469,11.306765384809893,135.5,249.0,66,VALUE,Balanced,,109.68395657540988,208.1149062274021,0.1533,0.5156,0.4844,0.5156,,,,False,LAR,K1,0.0,True,True,0.0,26.3,24.0,11.0,,,12.0,False,,
92,136,166,Chase McLaughlin,K12,148.606838776237,0.0,168.2,235.0,76,VALUE,Balanced,0.9828571428571428,102.57785663564668,193.28404045754465,0.10625,0.4396,0.5604,0.4396,,,,False,TB,K1,0.0,True,True,0.0,23.3,30.0,10.0,,,11.0,False,,3150744.0
174,151,167,Jacory Croskey-Merritt,RB40,167.59930258398697,-45.77493571463728,139.9,125.0,-34,REACH,Boom/Bust,0.8535999999999999,98.84580562584124,229.9535738348385,0.00475,0.3212,0.6788,0.04935,7.812941176470588,0.4400000000000013,Sustainable,False,WAS,RB2,-10.2,False,False,0.0403986710963454,23.3,25.0,7.0,0.0300925925925925,0.3947058823529412,8.0,False,,
216,189,168,Omar Cooper,WR73,122.57811065428358,-91.7946065340948,168.9,155.0,-47,,unknown,,79.40782481468284,181.00794097261112,0.00185,0.08315,0.91685,0.01485,,,,False,NYJ,WR2,-139.5,False,False,0.1576621525302922,18.7,22.0,13.0,,,9.0,True,30.0,
83,132,169,Harrison Butker,K7,152.18782508204768,3.580986305810683,150.9,245.0,68,VALUE,Balanced,0.9492436974789916,103.65356930519154,198.47605665282487,0.12235,0.45535,0.54465,0.45535,,,,False,KC,K1,0.0,True,True,0.0,23.8,31.0,5.0,,,11.0,False,,3055899.0
140,133,170,Matt Gay,K26,126.82676909000337,-21.78006968623363,169.6,,30,fair,Balanced,0.932436974789916,86.1119974596454,165.79621430205884,0.04855,0.27705,0.72295,0.27705,,,,True,LV,K1,0.0,False,False,0.0,19.5,32.0,13.0,,,,False,,4249087.0
192,175,171,Jalen McMillan,WR62,146.96239145104576,-67.41032573733261,167.0,165.0,-25,,Boom/Bust,,89.19533462781321,200.5636616606409,0.00335,0.12825,0.87175,0.02585,8.123333333333333,1.398888888888889,TD-lucky,False,TB,WR3,-89.5,True,False,0.0075613247716748,23.3,24.0,10.0,0.0277264325323475,0.515,10.0,False,,
198,186,172,Calvin Ridley,WR66,141.65756033281693,-72.71515685556145,167.5,184.0,-30,,Injury Risk,0.775109243697479,79.76414481808932,200.24202908240312,0.0,0.10975,0.89025,0.00645,10.612916666666669,-0.425416666666667,Sustainable,False,TEN,WR3,-68.4,True,False,0.0551896600036263,21.0,31.0,9.0,0.0679245283018867,0.5714285714285714,10.0,False,,3925357.0
207,170,173,Tyrone Tracy,RB48,131.5569041706487,-81.81733412797556,167.4,124.0,-40,,Boom/Bust,0.858392156862745,85.40734493860022,181.01789068957513,0.0001,0.15375,0.84625,0.0076,10.8315625,-0.1096874999999997,Sustainable,False,NYG,RB2,-133.8,True,False,0.3791830472720299,22.1,26.0,8.0,0.0954274353876739,0.5446666666666666,8.0,False,,
144,138,174,Andre Szmyt,K29,122.95961769344584,-25.64722108279116,169.9,,26,fair,Balanced,0.976,84.80919029477418,159.34027366119005,0.04025,0.24535,0.75465,0.24535,,,,False,CLE,K1,0.0,False,False,0.0,18.9,27.0,11.0,,,,False,,
196,195,175,Jalen Nailor,WR65,143.39411405431918,-70.9786031340592,169.5,212.0,-26,,Injury Risk,0.774689075630252,71.49746902662879,206.1687606500249,0.00675,0.1487,0.8513,0.04005,6.005757575757576,0.418484848484848,Sustainable,True,LV,WR2,-19.5,False,False,0.0873247540068959,19.5,27.0,13.0,0.1132478632478632,0.6535294117647058,11.0,False,,
197,174,176,Bryce Young,QB24,253.36770143882768,-71.41164386208504,168.2,154.0,-29,,Boom/Bust,0.8694117647058823,177.58362115262838,331.99693900735093,0.02325,0.19785,0.80215,0.19785,14.337419354838708,-0.1445161290322563,Sustainable,False,CAR,QB1,242.7,False,False,0.0002041985333176,20.9,25.0,5.0,,0.9675,9.0,False,,
210,176,177,Woody Marks,RB50,130.120459055426,-83.25377924319824,149.0,132.0,-61,,Injury Risk,0.841835294117647,72.06876035783974,182.0972088027897,0.00115,0.15995,0.84005,0.0161,11.090555555555556,-1.8738888888888887,Buy-low,False,HOU,RB2,-101.0,True,False,0.0123946266105958,22.8,25.0,8.0,0.0650994575045208,0.515,9.0,False,,
203,180,178,Jauan Jennings,WR70,135.62938431700513,-78.74333287137324,169.4,150.0,-34,,Injury Risk,0.8419159663865546,84.12165946650057,183.95934144528036,0.00155,0.0866,0.9134,0.01345,12.1290625,0.3321874999999998,Sustainable,True,MIN,WR3,-163.4,True,False,0.1638853835169562,22.6,29.0,6.0,0.1636363636363636,0.8206666666666667,9.0,False,,3886598.0
124,155,179,Andy Borregales,K23,133.6028724809101,-15.003966295326904,170.1,225.0,46,fair,Balanced,0.976,91.83951110987567,173.80807748934672,0.064,0.3237,0.6763,0.3237,,,,False,NE,K1,0.0,True,True,0.0,23.6,23.0,11.0,,,11.0,False,,
175,192,180,Cade Otton,TE29,129.34691798067888,-47.80070648763055,170.3,240.0,-5,fair,Boom/Bust,0.8596974789915967,78.55142552854996,175.38436360140165,0.02025,0.15305,0.84695,0.15305,9.433666666666666,-0.500333333333332,Sustainable,False,TB,TE1,97.6,True,False,0.2564944624567624,23.3,27.0,10.0,0.1497227356746765,0.935,11.0,False,,
107,153,181,Chris Boswell,K17,143.0639270421949,-5.542911734042093,162.0,253.0,55,fair,Boom/Bust,0.9728571428571428,98.20841239164136,185.79184341707324,0.0886,0.39725,0.60275,0.39725,,,,False,PIT,K1,0.0,False,True,0.0,21.7,35.0,9.0,,,12.0,False,,17372.0
181,199,182,Evan Engram,TE30,124.8802951461259,-52.26732932218353,170.2,252.0,-11,,Injury Risk,0.7660840336134453,61.48627233640964,179.70729568153973,0.02905,0.1673,0.8327,0.1673,8.374444444444444,-1.0448148148148144,Buy-low,False,DEN,TE1,85.0,True,False,0.0910795010070298,22.0,31.0,10.0,0.1301369863013698,0.42125,12.0,False,,3051876.0
204,177,183,Isiah Pacheco,RB46,132.25409092227153,-81.12014737635272,157.8,144.0,-46,,Injury Risk,0.7525714285714286,43.57624336778728,169.44689347186974,0.00525,0.143,0.857,0.0278,8.609565217391305,-1.9747826086956533,Buy-low,True,DET,RB2,-279.5,True,False,0.0580380677131463,26.1,27.0,6.0,0.0473588342440801,0.5169230769230769,9.0,False,,
201,207,184,David Njoku,TE32,100.19396293231488,-76.95366153599456,170.0,228.0,-31,,Injury Risk,0.7624705882352941,38.62050182753789,140.07078955285598,0.02155,0.09565,0.90435,0.09565,10.501818181818182,0.1709090909090918,Sustainable,True,LAC,TE2,-50.2,True,False,0.1448563369466336,23.8,30.0,7.0,0.0919540229885057,0.6391666666666667,11.0,False,,3123076.0
208,203,185,Antonio Williams,WR71,132.0537325610438,-82.31898462733457,169.6,210.0,-38,,unknown,,72.70015450485849,166.15434848594583,0.0011,0.0594,0.9406,0.00795,,,,False,WAS,WR2,-101.9,False,False,0.1045605227002357,23.3,22.0,7.0,,,11.0,True,71.0,
200,209,186,Germie Bernard,WR68,137.99206605116802,-76.38065113721035,169.5,239.0,-30,,unknown,,82.58204342625189,189.6069026964979,0.0024,0.09925,0.90075,0.0204,,,,False,PIT,WR3,-71.9,False,False,0.064253768286992,21.7,22.0,9.0,,,11.0,True,47.0,
205,179,187,Chris Rodriguez,RB47,131.93661813766005,-81.4376201609642,168.7,145.0,-36,,Boom/Bust,,48.41583138788846,165.46061324224004,0.0046,0.13465,0.86535,0.025,6.669444444444444,0.1916666666666664,Sustainable,True,JAX,RB2,-106.0,True,False,0.2942871867305456,23.6,26.0,7.0,0.0092592592592592,0.3123076923076923,9.0,False,,
214,214,188,Aaron Rodgers,QB26,236.80821881169317,-87.97112648921956,169.3,231.0,-45,,Injury Risk,0.7685714285714286,127.56150664546604,346.8838926467662,0.03485,0.23185,0.76815,0.23185,14.835294117647058,-0.3205882352941156,Sustainable,False,PIT,QB1,226.1,False,False,0.0326553370389153,21.7,42.0,9.0,,0.956875,11.0,False,,8439.0
224,226,189,Mason Taylor,TE37,81.55471860820957,-95.59290586009986,170.0,244.0,-54,,Boom/Bust,,46.18821175968418,113.14097722414732,0.00145,0.02315,0.97685,0.02315,7.594615384615385,-0.756153846153846,Buy-low,False,NYJ,TE2,-87.8,False,False,0.5197846687381984,18.7,22.0,13.0,0.1377118644067796,0.8107692307692307,11.0,False,,
176,181,190,Malik Washington,WR57,166.3773132795647,-47.99540390881367,170.1,209.0,-6,fair,Boom/Bust,0.8645882352941175,116.66277734173624,223.2960891469923,0.00245,0.18705,0.81295,0.03075,5.995517241379311,-0.2196551724137938,Sustainable,False,MIA,WR1,3.6,False,False,0.0421811692183734,19.3,25.0,6.0,0.1406926406926407,0.57,11.0,False,,
215,193,191,Brian Robinson,RB51,123.22655630335431,-90.14768199526992,169.0,166.0,-46,,Boom/Bust,0.8534117647058823,47.37984677095072,153.03525050173224,0.0038,0.1089,0.8911,0.0169,8.506176470588235,-1.0032352941176468,Sustainable,True,ATL,RB2,-278.3,True,False,0.0037870925650571,21.1,27.0,11.0,0.0218181818181818,0.1670588235294117,10.0,False,,
241,200,192,Cam Ward,QB28,214.32110741322023,-110.45823788769248,167.0,142.0,-74,,Balanced,0.876,161.76182156603582,281.7921192457373,0.00245,0.07485,0.92515,0.07485,12.061764705882354,-0.2582352941176484,Sustainable,False,TEN,QB1,202.5,True,False,0.0207246713366268,21.0,24.0,9.0,,0.946470588235294,9.0,False,,
97,160,193,Will Reichard,K13,148.38482070121566,-0.2220180750213387,165.1,293.0,68,VALUE,Balanced,0.9407843137254902,101.41675277367024,193.3068704123446,0.1109,0.427,0.573,0.427,,,,False,MIN,K1,0.0,True,True,0.0,22.6,25.0,6.0,,,12.0,False,,
99,211,194,Trey Smack,K15,146.0401594467452,-2.566679329491791,169.5,432.0,70,fair,unknown,,95.62362951131432,180.2608753310936,0.0778,0.36335,0.63665,0.36335,,,,False,GB,K1,0.0,True,False,0.0,24.7,23.0,11.0,,,15.0,True,216.0,
268,246,195,Fernando Mendoza,QB30,198.53293874710224,-126.24640655381047,166.2,232.0,-102,,unknown,,117.33773520926788,304.8898725525865,0.0398,0.15425,0.84575,0.15425,,,,False,LV,QB1,147.8,False,False,0.0118642937071314,19.5,22.0,13.0,,,11.0,True,1.0,
189,182,196,Spencer Shrader,K31,87.13382876686865,-61.47301000936835,169.9,,-19,,Boom/Bust,,59.735487072003856,112.90136180341386,0.0034,0.04955,0.95045,0.04955,,,,False,IND,K2,-31.8,True,False,0.0,23.4,27.0,13.0,,,,False,,
232,229,197,Tank Dell,WR79,111.4161153507122,-102.95660183766616,170.0,230.0,-62,,Injury Risk,0.7959607843137255,61.61378060330143,156.87890477408658,0.0002,0.0407,0.9593,0.00475,11.262857142857143,-1.2628571428571431,Buy-low,False,HOU,WR4,-154.5,True,False,0.6929072986631029,22.8,26.0,8.0,,,11.0,False,,
234,228,198,Cooper Kupp,WR81,109.90682847030146,-104.46588871807693,168.6,226.0,-65,,Injury Risk,0.7167058823529411,46.99590156708127,163.14848705139326,0.0,0.047,0.953,0.0023,10.313030303030304,0.0809090909090919,Sustainable,False,SEA,WR3,-232.0,True,False,0.2141579565879216,24.7,33.0,11.0,0.1538461538461538,0.755625,11.0,False,,2977187.0
190,184,199,Riley Patterson,K32,84.56100152422022,-64.04583725201678,170.0,,-20,,Balanced,0.8652100840336134,54.391786203033675,112.64469942192552,0.005,0.0549,0.9451,0.0549,,,,False,MIA,K2,-48.0,False,False,0.0,19.3,26.0,6.0,,,,False,,
109,165,200,Wil Lutz,K18,141.7549058278746,-6.851932948362389,170.2,281.0,61,fair,Balanced,0.9828571428571428,97.68077608471344,183.9711253895041,0.0851,0.383,0.617,0.383,,,,False,DEN,K1,0.0,True,True,0.0,22.0,32.0,10.0,,,12.0,False,,2985659.0
228,187,201,Malik Willis,QB27,225.97092648020663,-98.8084188207061,166.6,129.0,-61,,Boom/Bust,,114.02936264389773,308.5636869832855,0.0456,0.1639,0.8361,0.1639,7.053,3.445000000000001,TD-lucky,True,MIA,QB1,217.2,False,False,0.0934975581767049,19.3,27.0,6.0,,0.4225,9.0,False,,
222,194,202,Adonai Mitchell,WR75,118.93480435590598,-95.4379128324724,169.9,160.0,-52,,Boom/Bust,0.8841960784313726,74.12225865385402,160.59447609126966,0.00075,0.04565,0.95435,0.0078,6.554242424242424,-2.261515151515151,Buy-low,False,NYJ,WR3,-143.2,False,False,0.0005181309307408,18.7,23.0,13.0,0.1228813559322034,0.50625,10.0,False,,
242,197,203,Tyler Allgeier,RB57,101.6420729402023,-111.73216535842197,169.8,130.0,-72,,Boom/Bust,0.8954285714285714,42.55549928251812,123.90419713617224,0.0005,0.0528,0.9472,0.00565,6.661764705882353,0.079411764705882,Sustainable,True,ARI,RB2,-201.3,True,False,0.0591280584575951,18.8,26.0,14.0,0.0308285163776493,0.3023529411764706,9.0,False,,
202,217,204,Marvin Mims,WR69,136.08422399174782,-78.28849319663055,170.0,264.0,-32,,Boom/Bust,0.8839327731092437,85.33842787360575,182.00392382779236,0.002,0.09065,0.90935,0.01565,6.201764705882353,1.301176470588235,TD-lucky,False,DEN,WR3,-88.7,True,False,0.0007214503824725,22.0,24.0,10.0,0.0873287671232876,0.3686666666666667,12.0,False,,
233,213,205,Darnell Mooney,WR80,110.8253041332552,-103.54741305512316,170.1,192.0,-63,,Boom/Bust,0.8587226890756303,69.7759937381393,149.86472789437286,0.00015,0.029,0.971,0.00275,9.964193548387096,-1.0770967741935475,Sustainable,True,NYG,WR2,-134.6,True,False,0.1164636450853272,22.1,28.0,8.0,0.1387283236994219,0.8193333333333332,10.0,False,,4040655.0
229,235,206,Theo Johnson,TE39,76.16853809609233,-100.9790863722171,170.2,250.0,-59,,Injury Risk,0.8069019607843136,40.93681662109124,107.1074297481762,0.00105,0.0208,0.9792,0.0208,7.5436,0.2923999999999997,Sustainable,False,NYG,TE2,-93.4,True,False,0.1906155675477908,22.1,25.0,8.0,0.147117296222664,0.8673333333333333,12.0,False,,
221,223,207,Colby Parkinson,TE36,82.28944466465472,-94.8581798036547,170.6,243.0,-50,,Boom/Bust,0.8512941176470588,46.392855807791086,113.39588000286793,0.0024,0.02655,0.97345,0.02655,7.069705882352942,-0.1108823529411768,Sustainable,False,LAR,TE2,-58.4,True,False,0.3563356880245955,26.3,27.0,11.0,0.0963855421686747,0.604,11.0,False,,4242557.0
211,210,208,Geno Smith,QB25,241.07162827899276,-83.70771702191996,170.2,222.0,-41,,Balanced,0.8778151260504201,146.8344783869778,315.4717090679528,0.03125,0.16525,0.83475,0.16525,14.2440625,-0.4946874999999995,Sustainable,True,NYJ,QB1,232.1,False,False,0.0378545155945559,18.7,35.0,13.0,,0.9646666666666668,11.0,False,,15864.0
195,208,209,Justice Hill,RB45,142.6042436090787,-70.76999468954554,170.4,248.0,-25,,Injury Risk,0.8113949579831933,80.3968774675198,203.8816653996978,0.0014,0.22805,0.77195,0.02505,6.829615384615384,1.3242307692307689,TD-lucky,False,BAL,RB2,-165.6,True,False,0.0131873722021819,25.9,28.0,13.0,0.0663390663390663,0.371,12.0,False,,4038441.0
235,206,210,Braelon Allen,RB56,108.38768456013344,-104.9865537384908,169.2,164.0,-66,,Injury Risk,0.7505490196078431,45.5815444752215,161.44393262489933,0.00145,0.1188,0.8812,0.0136,4.950952380952381,-0.1652380952380951,Sustainable,False,NYJ,RB2,-180.0,False,False,0.0849451758774959,18.7,22.0,13.0,0.0063559322033898,0.2325,10.0,False,,
218,191,211,Keaton Mitchell,RB52,119.41058778944245,-93.9636505091818,170.3,156.0,-48,,Boom/Bust,,41.756344340520414,148.65935703531238,0.00445,0.1071,0.8929,0.02045,4.416428571428571,0.0264285714285721,Sustainable,True,LAC,RB2,-192.4,True,False,0.1138839935974975,23.8,24.0,7.0,0.0294840294840294,0.1746153846153846,9.0,False,,
296,241,212,James Conner,RB62,73.34176857464699,-140.03246972397727,169.5,159.0,-126,,Injury Risk,0.6657647058823528,26.212526757070744,118.7038410677922,0.0,0.0304,0.9696,0.0008,14.93157894736842,0.0736842105263182,Sustainable,False,ARI,RB3,-229.6,True,False,0.0,18.8,31.0,14.0,0.0145867098865478,0.5,10.0,False,,3045147.0
225,190,213,Dylan Sampson,RB54,117.46561591886936,-95.90862237975487,170.4,140.0,-55,,Injury Risk,0.830070588235294,68.01381059027285,166.79116947541394,0.00025,0.1165,0.8835,0.00695,5.958,-0.1179999999999994,Sustainable,False,CLE,RB2,-138.3,False,False,0.2417359260717529,18.9,21.0,11.0,0.0766283524904214,0.2646666666666666,9.0,False,,
251,221,214,Jacoby Brissett,QB29,207.11804308961163,-117.66130221130108,170.1,181.0,-81,,Injury Risk,0.6761344537815125,81.19366121401507,334.99469701712525,0.04335,0.2024,0.7976,0.2024,14.965238095238094,-1.5119047619047592,Sustainable,False,ARI,QB1,177.8,True,False,0.1216798878913245,18.8,33.0,14.0,,0.8571428571428571,10.0,False,,2578570.0
249,227,215,Chimere Dike,WR88,100.1174858856564,-114.25523130272198,170.8,198.0,-78,,Boom/Bust,0.8728,70.1836683721541,134.35975367963815,0.0,0.0077,0.9923,0.0003,7.621764705882352,-0.7923529411764703,Sustainable,False,TEN,WR4,-110.0,True,False,0.98409459990268,21.0,24.0,9.0,0.1396226415094339,0.5929411764705882,11.0,False,,
244,263,216,Noah Gray,TE42,64.51674860368847,-112.63087586462096,170.0,335.0,-74,,Boom/Bust,0.8596974789915967,36.03586359402878,88.85998267411395,0.0007,0.0086,0.9914,0.0086,4.908709677419354,0.1751612903225812,Sustainable,False,KC,TE2,-129.7,True,False,0.1709023947656255,23.8,27.0,5.0,0.0673952641165755,0.52125,13.0,False,,
167,212,217,Greg Dulcich,TE27,138.0348697993012,-39.11275466900824,170.2,306.0,3,fair,Boom/Bust,,80.45009284616218,189.66188306999624,0.03165,0.1981,0.8019,0.1981,6.3325,-0.4491666666666667,Sustainable,False,MIA,TE1,84.7,False,True,0.1068228611549494,19.3,26.0,6.0,0.0714285714285714,0.422,13.0,False,,
212,198,218,Jaylin Noel,WR72,129.98786382974157,-84.3848533586368,170.8,186.0,-41,,Boom/Bust,0.8728,79.02980302474276,176.84221014072395,0.0018,0.0787,0.9213,0.01485,3.998125,0.2768750000000004,Sustainable,False,HOU,WR3,-136.0,True,False,0.5769051134244237,22.8,23.0,8.0,0.0632911392405063,0.26,10.0,False,,
253,262,219,Ja'Kobi Lane,WR91,96.51819061389683,-117.85452657448154,169.6,317.0,-83,,unknown,,53.81840071835923,120.92922981977202,5e-05,0.00865,0.99135,0.00065,,,,False,BAL,WR3,-157.3,True,False,0.1698946036888432,25.9,22.0,13.0,,,13.0,True,80.0,
219,219,220,Rashod Bateman,WR74,119.91252047644952,-94.46019671192886,170.4,236.0,-49,,Boom/Bust,0.8503193277310925,80.5100756907034,163.06044509352682,0.0001,0.03785,0.96215,0.0034,7.13,1.160322580645162,TD-lucky,False,BAL,WR2,-133.9,True,False,0.0845221619730899,25.9,26.0,13.0,0.0933660933660933,0.693076923076923,11.0,False,,
187,222,221,Mike Gesicki,TE31,120.10152035386623,-57.0461041144432,170.5,305.0,-16,,Injury Risk,0.804487394957983,63.220807335322355,168.91904982580672,0.0236,0.14065,0.85935,0.14065,7.972857142857143,-0.3942857142857141,Sustainable,False,CIN,TE1,67.4,True,True,0.0587965897724007,26.0,30.0,6.0,0.069078947368421,0.3853846153846154,13.0,False,,3116164.0
248,247,222,Darius Slayton,WR87,100.14955860520271,-114.22315858317566,170.2,273.0,-78,,Boom/Bust,0.8755294117647059,70.83504482244116,133.67452650459342,0.0,0.0064,0.9936,5e-05,7.531000000000001,-0.5710000000000006,Sustainable,False,NYG,WR3,-145.3,True,False,0.1683446023198098,22.1,29.0,8.0,0.125248508946322,0.812857142857143,12.0,False,,3916945.0
259,274,223,Tyler Higbee,TE45,55.71562388419392,-121.43200058411551,169.9,336.0,-89,,Injury Risk,0.588436974789916,13.268430224242191,91.6198762770248,0.00215,0.02195,0.97805,0.02195,6.950588235294117,1.243529411764707,TD-lucky,False,LAR,TE3,-85.0,True,False,0.6015481313827512,26.3,33.0,11.0,0.0619621342512908,0.5549999999999999,13.0,False,,2573401.0
361,288,224,Emmett Johnson,RB78,51.67199844430159,-161.70223985432267,169.9,185.0,-191,,unknown,,17.393101585920327,71.8266603533085,0.0001,0.01525,0.98475,0.0021,,,,False,KC,RB4,-239.1,True,False,0.2896032734301509,23.8,22.0,5.0,,,10.0,True,161.0,
98,188,225,Nick Folk,K14,146.6639853413138,-1.9428534349231936,169.8,371.0,72,VALUE,Boom/Bust,0.8792436974789917,96.25623526860684,193.93132754104397,0.1165,0.41,0.59,0.41,,,,True,ATL,K1,0.0,True,True,0.0,21.1,41.0,11.0,,,14.0,False,,10621.0
285,260,226,Zachariah Branch,WR107,79.82035288500917,-134.5523643033692,170.0,247.0,-115,,unknown,,44.461734438517176,100.2596962531818,0.0,0.0023,0.9977,5e-05,,,,False,ATL,WR3,-212.2,True,False,0.3996678332048166,21.1,22.0,11.0,,,11.0,True,79.0,
274,259,227,Eli Stowers,TE51,48.44514084035346,-128.70248362795598,170.0,263.0,-104,,unknown,,22.23572329706081,69.46429891891022,0.0005,0.00615,0.99385,0.00615,,,,False,PHI,TE2,-128.7,True,False,0.3703569452041053,23.9,23.0,10.0,,,12.0,True,54.0,
230,202,228,Tre' Harris,WR78,113.1335713637848,-101.23914582459358,170.4,167.0,-60,,Boom/Bust,0.8610352941176471,73.02327401609503,151.54584865347127,0.00015,0.02565,0.97435,0.0023,4.303529411764706,0.014117647058824,Sustainable,False,LAC,WR3,-122.4,True,False,0.0031362794983061,23.8,24.0,7.0,0.0790441176470588,0.4852941176470588,10.0,False,,
209,231,229,Samaje Perine,RB49,130.31975769484097,-83.05448060378328,170.6,279.0,-38,,Injury Risk,0.8436218487394956,73.31605020434725,181.4663564070639,0.0011,0.15975,0.84025,0.0153,4.534705882352942,0.1799999999999997,Sustainable,False,CIN,RB2,-181.2,True,False,0.0115052447465822,26.0,30.0,6.0,0.0345394736842105,,12.0,False,,3116389.0
267,233,230,Tank Bigsby,RB59,88.47981848796844,-124.8944198106558,168.4,174.0,-99,,Injury Risk,0.8366050420168067,45.50043703809935,125.14054055919785,0.0002,0.0454,0.9546,0.00355,6.648888888888889,0.191851851851851,Sustainable,False,PHI,RB2,-221.4,True,False,0.0484985111692443,23.9,23.0,10.0,0.0086206896551724,0.1264705882352941,10.0,False,,
118,201,231,Jake Elliott,K20,137.36883506881298,-11.238003707424014,169.0,374.0,51,fair,Boom/Bust,0.9828571428571428,94.518823914913,178.67364727568432,0.075,0.34955,0.65045,0.34955,,,,False,PHI,K1,0.0,True,True,0.0,23.9,31.0,10.0,,,14.0,False,,3050478.0
252,269,232,Jahan Dotson,WR90,96.53145907170634,-117.84125811667204,170.2,337.0,-82,,Boom/Bust,0.8671260504201681,58.56556503517619,131.47779923668597,0.00035,0.01645,0.98355,0.00155,4.0116129032258065,-0.5793548387096776,Sustainable,True,ATL,WR2,-195.5,True,False,0.0061291160220012,21.1,26.0,11.0,0.0775862068965517,0.5688235294117647,13.0,False,,
150,218,233,John Metchie,WR45,185.50022531106535,-28.872491877313024,170.0,361.0,20,fair,Injury Risk,0.7914957983193277,98.1436027990692,263.5615149185808,0.0257,0.30195,0.69805,0.1103,6.2225,-0.4891666666666667,Sustainable,True,CAR,WR2,-59.7,False,True,0.0,20.9,26.0,5.0,0.0932203389830508,0.46125,14.0,False,,
125,205,234,Zane Gonzalez,K24,132.54586154042903,-16.060977235807968,170.0,365.0,45,fair,Balanced,,90.88085415833493,172.71348488481553,0.06315,0.31365,0.68635,0.31365,,,,True,MIA,K1,48.0,False,True,0.0,19.3,31.0,6.0,,,14.0,False,,3043234.0
246,251,235,Tyquan Thornton,WR86,100.60305792237904,-113.76965926599934,170.0,287.0,-76,,Boom/Bust,,59.898397488182034,137.7368098510255,0.0001,0.0212,0.9788,0.002,5.946,0.020666666666667,Sustainable,False,KC,WR3,-178.8,True,False,0.185254292253968,23.8,25.0,5.0,0.0673952641165755,0.39,12.0,False,,
258,275,236,Jalen Tolbert,WR95,93.38662715525544,-120.98609003312292,170.2,343.0,-88,,Injury Risk,0.8419159663865546,57.17164549752859,127.409986855167,0.0002,0.0101,0.9899,0.00075,7.221785714285715,-0.1396428571428583,Sustainable,True,MIA,WR5,-73.0,False,False,0.2960487847755219,19.3,27.0,6.0,0.0560131795716639,0.5130769230769231,14.0,False,,
115,204,237,Tyler Bass,K19,139.09645152340235,-9.510387252834647,169.8,383.0,55,fair,Safe,0.98,95.53179444663908,181.3617012021105,0.08095,0.3637,0.6363,0.3637,,,,False,BUF,K1,0.0,True,True,0.0,26.3,29.0,7.0,,,14.0,False,,3917232.0
245,215,238,Ryan Flournoy,WR85,100.72685058324642,-113.64586660513196,170.3,179.0,-75,,Injury Risk,0.7959607843137255,52.25381755250168,143.24040938485038,0.0003,0.0329,0.9671,0.00465,6.258,0.3519999999999994,Sustainable,False,DAL,WR4,-207.8,True,False,0.0033525717900288,25.6,26.0,14.0,0.0922570016474464,0.4475,10.0,False,,
231,237,239,Ty Johnson,RB55,111.29049515926847,-102.08374313935578,170.3,261.0,-61,,Injury Risk,0.8282016806722688,64.91454682772276,157.72090203179263,0.00015,0.09545,0.90455,0.00435,5.002432432432433,0.7164864864864864,Sustainable,False,BUF,RB2,-214.3,True,False,0.1274424971198236,26.3,28.0,7.0,0.068893528183716,0.2958823529411765,12.0,False,,3915411.0
213,245,240,Darnell Washington,TE34,91.27098087586128,-85.87664359244815,169.7,332.0,-43,,Boom/Bust,,51.24818921984709,126.56681643179628,0.0032,0.0402,0.9598,0.0402,4.543703703703704,-0.0881481481481483,Sustainable,False,PIT,TE2,-53.2,False,True,0.0382392582428892,21.7,24.0,9.0,0.082375478927203,0.5725,13.0,False,,
247,268,241,Elijah Arroyo,TE43,63.30281568883936,-113.84480877947009,170.0,346.0,-77,,Boom/Bust,,32.325406715733365,89.37988886139252,0.0006,0.01135,0.98865,0.01135,3.920769230769231,-1.0823076923076926,Buy-low,False,SEA,TE2,-80.3,True,False,0.2253319493339044,24.7,23.0,11.0,0.0571428571428571,0.3953846153846153,14.0,False,,
392,302,242,Jonah Coleman,RB83,42.96775036419223,-170.40648793443202,170.0,158.0,-222,,unknown,,14.375138859012248,59.47433648348328,5e-05,0.00795,0.99205,0.00085,,,,False,DEN,RB3,-154.1,True,False,0.4063463977461941,22.0,22.0,10.0,,,10.0,True,108.0,
239,236,243,Jack Bech,WR83,106.11978532847834,-108.25293185990004,170.8,246.0,-68,,Injury Risk,0.8375058823529411,67.39526651340995,146.5861938296052,0.0,0.02245,0.97755,0.00165,3.405,0.1283333333333334,Sustainable,False,LV,WR3,-56.8,False,False,0.0900597382746089,19.5,23.0,13.0,0.0587044534412955,0.3975,11.0,False,,
280,265,244,Xavier Legette,WR103,81.46403022179663,-132.90868696658174,170.2,276.0,-110,,Boom/Bust,0.8547843137254901,51.101532973388395,110.0783975382292,0.0,0.00315,0.99685,0.0001,8.299354838709679,-1.3251612903225816,Buy-low,False,CAR,WR4,-163.7,False,False,0.0068851079970968,20.9,25.0,5.0,0.1333333333333333,0.6786666666666666,12.0,False,,
141,220,245,Ryan Fitzgerald,K27,126.30844368340831,-22.298395092828684,169.9,385.0,29,fair,Boom/Bust,0.976,87.01565238499238,163.86159096813708,0.0461,0.2703,0.7297,0.2703,,,,False,CAR,K1,0.0,False,True,0.0,20.9,25.0,5.0,,,14.0,False,,
279,309,246,Eli Raridon,TE53,44.75735703187047,-132.39026743643896,169.9,378.0,-109,,unknown,,18.958431465503487,58.70958086176243,5e-05,0.0027,0.9973,0.0027,,,,False,NE,TE2,-112.1,True,False,0.2426013797347029,23.6,22.0,11.0,,,14.0,True,95.0,
269,232,247,Kayshon Boutte,WR99,87.76810856841503,-126.60460861996334,170.4,168.0,-99,,Injury Risk,0.7494789915966386,40.93563023553412,128.90673242345457,0.0002,0.0171,0.9829,0.00235,7.046969696969697,1.371212121212121,TD-lucky,False,NE,WR3,-182.0,True,False,0.3879044505741776,23.6,24.0,11.0,0.0954356846473029,0.6749999999999999,10.0,False,,
298,244,248,Troy Franklin,WR111,73.9512040173062,-140.42151317107218,170.6,171.0,-127,,Boom/Bust,0.8841960784313726,47.88794754735685,98.2204950350127,0.0,0.0014,0.9986,5e-05,8.481176470588236,-0.9047058823529416,Sustainable,False,DEN,WR5,-150.8,True,False,0.6315523313323158,22.0,23.0,10.0,0.1780821917808219,0.5958823529411765,10.0,False,,
283,283,249,Jake Tonges,TE54,43.54974014621059,-133.59788432209885,170.6,307.0,-112,,Boom/Bust,,23.63353925119799,60.75725223359343,0.0,0.0005,0.9995,0.0005,8.428181818181818,1.0809090909090902,Sustainable,False,SF,TE2,-146.0,True,False,0.3610841343892734,25.0,27.0,8.0,0.0836363636363636,0.3317647058823529,13.0,False,,
152,225,250,Blake Grupe,K30,118.9538315986468,-29.653007177590197,170.2,377.0,18,fair,Boom/Bust,0.974453781512605,82.53522552479525,154.45514180882694,0.03235,0.21505,0.78495,0.21505,,,,False,IND,K1,31.8,True,True,0.0,23.4,27.0,13.0,,,14.0,False,,
276,239,251,Isaac TeSlaa,WR101,85.37924623696219,-128.9934709514162,170.0,190.0,-106,,Injury Risk,0.8375058823529411,49.65136405255356,117.75927787535984,0.00015,0.00865,0.99135,0.00085,4.388571428571429,1.032857142857143,TD-lucky,False,DET,WR3,-257.5,True,False,0.1504602674189994,26.1,24.0,6.0,0.049090909090909,0.3964705882352941,10.0,False,,
217,256,252,Ja'Tavion Sanders,TE35,83.82614942906645,-93.32147503924298,170.0,355.0,-47,,Injury Risk,0.8167058823529412,44.81807437469966,117.57452631534784,0.00305,0.03395,0.96605,0.03395,4.886923076923077,0.0053846153846155,Sustainable,False,CAR,TE1,13.5,False,True,0.1340550121600677,20.9,23.0,5.0,0.0708333333333333,0.483076923076923,14.0,False,,
137,224,253,Joey Slye,K25,128.00153038001417,-20.605308396222824,170.0,402.0,33,fair,Boom/Bust,0.974453781512605,88.16337077745294,166.82204621241397,0.04985,0.285,0.715,0.285,,,,False,TEN,K1,0.0,True,True,0.0,21.0,30.0,9.0,,,14.0,False,,3124084.0
292,324,254,Daniel Bellinger,TE59,40.1988637359247,-136.94876073238473,170.0,392.0,-122,,Injury Risk,0.8008739495798319,14.269488679197876,55.846555106915886,0.0007,0.00545,0.99455,0.00545,3.72,0.8115789473684205,Sustainable,True,TEN,TE2,-97.8,True,False,0.6350138996601173,21.0,25.0,9.0,0.05168986083499,0.499375,14.0,False,,
142,230,255,Chad Ryland,K28,126.10579231108962,-22.501046465147382,169.9,403.0,28,fair,Balanced,0.9492436974789916,86.63390356696875,164.03227827766182,0.04825,0.2656,0.7344,0.2656,,,,False,ARI,K1,0.0,True,True,0.0,18.8,26.0,14.0,,,14.0,False,,
206,249,256,Michael Mayer,TE33,95.52051783059996,-81.62710663770947,170.1,356.0,-36,,Boom/Bust,,50.51498041179923,133.70263271781343,0.00865,0.06155,0.93845,0.06155,5.400869565217391,-0.6008695652173914,Sustainable,False,LV,TE2,-167.2,False,True,0.1076701413396645,19.5,25.0,13.0,0.1012145748987854,0.6176923076923077,14.0,False,,
220,290,257,AJ Dillon,RB53,118.78357231524237,-94.59066598338188,170.0,448.0,-50,,Injury Risk,0.7505490196078431,36.30961332832795,176.3694438775297,0.0172,0.16595,0.83405,0.05305,,,,True,CAR,RB3,-99.3,False,False,0.0,20.9,28.0,5.0,0.0064655172413793,0.1185714285714285,15.0,True,,4239934.0
194,183,258,Brandon Aiyuk,WR64,143.90511073158785,-70.46760645679052,170.4,182.0,-24,,Injury Risk,0.786156862745098,74.29098186361082,205.12409279853648,0.0065,0.14535,0.85465,0.0366,,,,False,SF,WR3,-70.6,True,False,,25.0,28.0,8.0,,,10.0,True,,4360438.0
226,261,259,Dawson Knox,TE38,80.03134895742946,-97.11627551087996,169.8,359.0,-56,,Injury Risk,0.8092773109243697,42.78165264412544,112.36290706695888,0.0017,0.02865,0.97135,0.02865,5.235428571428572,0.0074285714285711,Sustainable,False,BUF,TE2,-85.3,True,True,0.1479989500726924,26.3,29.0,7.0,0.1022964509394572,0.5829411764705883,14.0,False,,3930086.0
255,248,260,Tory Horton,WR93,95.16904549664092,-119.20367169173744,170.6,262.0,-84,,Boom/Bust,,56.11451986601164,130.85536403049545,0.0001,0.01515,0.98485,0.0014,,,,False,SEA,WR4,-246.8,True,False,0.3787994368677942,24.7,23.0,11.0,0.0483516483516483,0.48125,12.0,False,,
266,254,261,Christian Kirk,WR98,89.48814835235805,-124.88456883602032,170.8,255.0,-95,,Boom/Bust,,54.40042688959836,122.14067546639868,0.0001,0.0084,0.9916,0.0005,8.890476190476189,-0.928571428571428,Sustainable,True,SF,WR4,-125.0,True,False,0.4349139934913992,25.0,29.0,8.0,0.0940325497287522,0.4861538461538461,12.0,False,,3895856.0
179,172,262,Theo Wease,WR59,162.77038844368468,-51.60232874469369,170.0,,-9,fair,unknown,,98.4475781264812,223.18225073490925,0.00735,0.18945,0.81055,0.0473,,,,False,MIA,WR2,-3.6,False,False,0.0,19.3,25.0,6.0,0.0216450216450216,0.3233333333333333,,True,,
405,360,263,Malachi Fields,WR142,38.34458365060909,-176.0281335377693,169.9,268.0,-235,,unknown,,21.256449030855546,48.19535590153628,0.0,0.0,1.0,0.0,,,,False,NYG,WR6,-207.1,True,False,0.0001862999662331,22.1,22.0,8.0,,,12.0,True,74.0,
281,242,264,Pat Bryant,WR104,81.40573625214994,-132.96698093622842,170.8,189.0,-110,,Boom/Bust,,50.12726982959612,110.895377726613,0.0,0.00335,0.99665,0.0001,6.402142857142857,-0.5235714285714286,Sustainable,False,DEN,WR4,-143.4,True,False,0.0006860668853592,22.0,23.0,10.0,0.0839041095890411,0.4766666666666667,10.0,False,,
264,271,265,Andrei Iosivas,WR97,90.58620755524596,-123.7865096331324,170.1,318.0,-94,,Injury Risk,0.8419159663865546,55.62838400177264,123.05476805059703,0.0,0.00715,0.99285,0.0003,6.8603125,-0.3040624999999997,Sustainable,False,CIN,WR3,-269.1,True,False,0.1399944076801193,26.0,26.0,6.0,0.0953947368421052,0.7617647058823529,13.0,False,,
270,267,266,Emari Demercado,RB60,86.2988145901981,-127.07542370842614,170.2,303.0,-100,,Boom/Bust,,29.60347423904251,108.28612200482276,0.00075,0.0443,0.9557,0.0059,4.1775,0.5308333333333328,Sustainable,True,KC,RB2,-204.5,True,False,0.2922184407490656,23.8,27.0,5.0,0.0324149108589951,0.2323076923076923,12.0,False,,
243,273,267,Cole Kmet,TE41,64.94130185494468,-112.20632261336476,169.8,362.0,-73,,Boom/Bust,0.8765042016806722,37.33498524784597,88.88371373890732,0.0004,0.0079,0.9921,0.0079,5.668484848484849,0.7345454545454544,Sustainable,False,CHI,TE2,-157.7,True,True,0.2103632467046017,24.6,27.0,10.0,0.0902255639097744,0.714375,14.0,False,,4258595.0
236,234,268,Cade York,K33,43.06877579092159,-105.5380629853154,170.0,,-66,,unknown,,29.678003455523623,56.05062937334658,0.0,0.00035,0.99965,0.00035,,,,True,NYJ,K2,-90.6,False,False,0.0,18.7,25.0,13.0,,,,True,,
199,250,269,KaVontae Turpin,WR67,139.2201701497533,-75.15254703862507,169.8,373.0,-29,,Boom/Bust,0.8839327731092437,91.00106702807768,185.15554637332417,0.0009,0.08405,0.91595,0.01265,5.79,0.1000000000000005,Sustainable,False,DAL,WR3,-169.3,True,True,0.0034608130966499,25.6,29.0,14.0,0.0626029654036243,0.3546666666666667,14.0,False,,
311,327,270,Justin Joly,TE72,32.26939116759611,-144.8782333007133,170.0,364.0,-141,,unknown,,14.055421529801018,44.13090704110912,5e-05,0.0003,0.9997,0.0003,,,,False,DEN,TE3,-92.6,True,False,0.0,22.0,22.0,10.0,,,14.0,True,152.0,
271,240,271,Mike Washington,RB61,86.04484739807357,-127.32939090055068,170.1,201.0,-101,,unknown,,29.10088441760726,119.86598087146324,0.00355,0.0668,0.9332,0.01395,,,,False,LV,RB2,-238.0,False,False,0.1776878891504625,19.5,23.0,13.0,,,11.0,True,122.0,
275,299,272,Jaylin Lane,WR100,85.42592157195398,-128.9467956164244,170.0,370.0,-105,,Injury Risk,0.849270588235294,51.48247274800139,116.6385701797841,5e-05,0.007,0.993,0.0003,4.2446153846153845,-1.229230769230769,Buy-low,False,WAS,WR4,-148.5,False,False,0.0007977248627491,23.3,24.0,7.0,0.074074074074074,0.362,14.0,False,,
282,272,273,Devaughn Vele,WR105,81.24620530565184,-133.12651188272653,170.8,288.0,-111,,Boom/Bust,,50.0011233515294,110.60124251752376,0.0,0.0039,0.9961,0.00015,7.139565217391305,0.3734782608695646,Sustainable,False,NO,WR4,-179.1,True,False,0.4291649390871027,21.6,28.0,8.0,0.0690265486725663,0.5015384615384616,12.0,False,,
378,359,274,Skyler Bell,WR132,47.35834465879796,-167.0143725295804,169.9,315.0,-208,,unknown,,26.944796603185175,61.4382129039399,0.0,5e-05,0.99995,0.0,,,,False,BUF,WR5,-167.0,True,False,0.0001003550936624,26.3,24.0,7.0,,,13.0,True,125.0,
290,252,275,Dontayvion Wicks,WR109,78.07300523876971,-136.29971194960865,170.3,207.0,-120,,Boom/Bust,0.8587226890756303,47.63586375513923,106.01450361339676,0.0001,0.00315,0.99685,0.00025,7.416451612903225,-1.2164516129032252,Buy-low,True,PHI,WR3,-173.9,True,False,0.1565542087184488,23.9,25.0,10.0,0.1,0.4464285714285714,11.0,False,,
277,264,276,Van Jefferson,WR102,83.68640828450138,-130.68630890387698,170.0,,-107,,Injury Risk,0.8169159663865546,52.8821686182146,111.13541440025176,0.0,0.00035,0.99965,0.0,5.051333333333333,-0.2080000000000001,Sustainable,True,WAS,WR5,-150.3,False,False,0.0019642788319053,23.3,30.0,7.0,0.0981132075471698,0.585625,,False,,3930066.0
254,285,277,Kalif Raymond,WR92,96.38674702358342,-117.98597016479496,169.9,372.0,-84,,Injury Risk,0.8003193277310925,55.167089174183886,131.20315731277884,0.0,0.0059,0.9941,0.00015,4.23695652173913,0.893478260869565,Sustainable,True,CHI,WR3,-126.0,True,True,0.3218976594090968,24.6,31.0,10.0,0.0545454545454545,0.366,14.0,False,,2973405.0
379,346,278,Oscar Delp,TE104,10.099985051648948,-167.04763941666047,170.0,295.0,-209,,unknown,,4.257286571468014,13.23253502969566,0.0,0.0,1.0,0.0,,,,False,NO,TE3,-147.4,True,False,0.0261562494712919,21.6,22.0,8.0,,,12.0,True,73.0,
300,308,279,Olamide Zaccheaus,WR112,73.29129087989308,-141.08142630848528,170.0,338.0,-130,,Injury Risk,0.8251092436974791,42.13111089550825,101.51038410022166,5e-05,0.00215,0.99785,5e-05,7.084705882352941,-0.5435294117647063,Sustainable,True,ATL,WR4,-218.8,True,False,0.7199766064308604,21.1,29.0,11.0,0.1221804511278195,0.53625,14.0,False,,3917914.0
223,216,280,Bub Means,WR76,118.86580493498238,-95.506912253396,170.0,,-53,,unknown,,71.32775320820024,163.1482296305783,0.0004,0.0483,0.9517,0.00665,,,,False,NO,WR3,-141.5,True,False,0.0,21.6,25.0,8.0,,,,True,,
263,255,281,Will Kacmarek,TE47,53.36281270482435,-123.78481176348508,170.0,,-93,,unknown,,22.692978680206945,69.63920131376854,0.0004,0.00675,0.99325,0.00675,,,,False,MIA,TE2,-84.7,False,False,0.4434512924933815,19.3,23.0,6.0,,,,True,87.0,
327,291,282,Keon Coleman,WR117,66.04004361552782,-148.33267357285055,170.0,251.0,-157,,Boom/Bust,,44.0418581502362,90.11897525919387,0.0,0.0001,0.9999,0.0,8.269,-0.4790000000000001,Sustainable,False,BUF,WR3,-148.3,True,False,0.0050646323195965,26.3,23.0,7.0,0.1231732776617954,0.6523076923076924,12.0,False,,
303,293,283,Marquise Brown,WR113,71.77378443821141,-142.59893275016697,169.9,300.0,-133,,Injury Risk,0.7410756302521008,33.281789534418195,105.99775189304374,0.0,0.00365,0.99635,0.0001,8.114285714285714,-0.2190476190476182,Sustainable,True,PHI,WR4,-180.2,True,False,0.5534431278898359,23.9,29.0,10.0,0.1347905282331511,0.535,12.0,False,,4241372.0
289,278,284,Connor Heyward,TE57,40.86428532364129,-136.28333914466813,,,,,Injury Risk,0.8092773109243697,12.865227492305593,56.15646642977533,0.00185,0.0102,0.9898,0.0102,2.47625,0.23625,Sustainable,True,LV,TE3,-221.8,False,False,0.0,19.5,27.0,13.0,,0.0864705882352941,,False,,
256,288,285,Noah Fant,TE44,57.64776497732263,-119.4998594909868,170.0,380.0,-86,,Injury Risk,0.8260840336134453,25.66886792112604,78.44473307078034,0.0009,0.00895,0.99105,0.00895,6.20074074074074,0.4214814814814822,Sustainable,True,NO,TE2,-99.9,True,True,0.42051185089675,21.6,28.0,8.0,0.0674342105263157,0.3793333333333333,14.0,False,,4036131.0
301,292,286,Jeremy Ruckert,TE64,35.550209407522246,-141.59741506078717,170.0,,-131,,Injury Risk,0.7924705882352941,18.038808016645884,50.83766645308853,0.0,0.0001,0.9999,0.0001,3.255,-0.3973076923076921,Sustainable,False,NYJ,TE3,-133.8,False,False,0.5039347120445329,18.7,25.0,13.0,0.0614406779661017,0.4717647058823529,,False,,
357,323,287,Jaydon Blue,RB76,53.6024971254177,-159.77174117320655,170.0,271.0,-187,,unknown,,19.081376166534017,78.81099975496804,0.00025,0.02,0.98,0.0025,,,,False,DAL,RB3,-227.9,True,False,0.2724620438582811,25.6,22.0,14.0,0.0016474464579901,0.256,12.0,True,,
238,282,288,Nick Westbrook-Ikhine,WR82,106.22961958589704,-108.14309760248132,170.3,390.0,-68,,Injury Risk,0.8167058823529411,59.529914334679056,148.2510756950638,0.00035,0.03495,0.96505,0.0047,5.969090909090909,1.1036363636363635,TD-lucky,True,IND,WR3,-111.4,True,True,0.0014847188967077,23.4,29.0,13.0,0.0432900432900432,0.442,14.0,False,,3929785.0
240,238,289,Chris Bell,WR84,105.5766090864771,-108.79610810190128,170.4,256.0,-70,,unknown,,58.63951194147565,132.505241017394,0.00025,0.01575,0.98425,0.00175,,,,False,MIA,WR3,-60.8,False,False,0.1729452722233508,19.3,22.0,6.0,,,12.0,True,94.0,
348,369,290,Kevin Coleman,WR124,58.30032237708421,-156.07239481129417,170.0,397.0,-178,,unknown,,33.21076945532136,75.32519848969505,0.0,0.0003,0.9997,0.0001,,,,False,MIA,WR7,-108.1,False,False,0.0023929169657811,19.3,22.0,6.0,,,14.0,True,177.0,
337,266,291,Kimani Vidal,RB67,60.39886258604449,-152.97537571257976,170.2,178.0,-167,,Boom/Bust,,30.011448073975263,86.21198648042969,0.0,0.00765,0.99235,0.00015,8.409545454545453,-1.2413636363636351,Buy-low,False,LAC,RB3,-251.4,True,False,0.4458955950510859,23.8,24.0,7.0,0.0404411764705882,0.5446153846153846,10.0,False,,
123,243,292,Jason Sanders,K22,133.64352654433247,-14.963312231904524,169.9,488.0,47,fair,Balanced,0.98,92.55298613540006,173.47804798104582,0.0617,0.3224,0.6776,0.3224,,,,True,NYJ,K1,90.6,False,True,0.0,18.7,30.0,13.0,,,16.0,False,,3124679.0
237,280,293,Tommy Tremble,TE40,70.37165042481284,-106.7759740434966,170.0,391.0,-67,,Injury Risk,0.8092773109243697,36.61454046077359,98.94940198982192,0.00145,0.0158,0.9842,0.0158,4.209615384615384,0.6173076923076923,Sustainable,False,CAR,TE2,-13.5,False,True,0.028810637186754,20.9,26.0,5.0,0.0770833333333333,0.6011764705882353,14.0,False,,
363,350,294,Max Klare,TE95,15.165128851929843,-161.9824956163796,170.0,331.0,-193,,unknown,,6.936209763075332,21.730658816753333,0.0,0.0,1.0,0.0,,,,False,LAR,TE5,-125.5,True,False,0.6651889733814919,26.3,23.0,11.0,,,13.0,True,61.0,
314,325,295,DeMario Douglas,WR114,69.34041616083961,-145.03230102753878,169.9,352.0,-144,,Boom/Bust,0.8671260504201681,45.18423627107217,92.0733501211824,0.0,0.0006,0.9994,5e-05,6.4325,0.95361111111111,Sustainable,False,NE,WR4,-200.4,True,False,0.0041363128761888,23.6,25.0,11.0,0.0954356846473029,0.2588235294117647,14.0,False,,
295,284,296,Cade Stover,TE61,39.28423978665246,-137.86338468165695,170.0,,-125,,Injury Risk,0.7480784313725489,17.10178622742666,58.049807264336,0.0,0.00105,0.99895,0.00105,3.614090909090909,-0.5913636363636363,Sustainable,False,HOU,TE2,-112.4,True,False,0.0417737404254512,22.8,26.0,8.0,0.0289330922242314,0.44,,False,,
382,380,297,Bryce Lance,WR134,47.087589055437135,-167.28512813294122,170.0,353.0,-212,,unknown,,26.91077449168003,61.401434919168395,0.0,0.0,1.0,0.0,,,,False,NO,WR5,-213.3,True,False,0.0038806866121038,21.6,23.0,8.0,,,14.0,True,136.0,
287,257,298,Ted Hurst,WR108,79.25961690441973,-135.11310028395866,170.2,233.0,-117,,unknown,,43.85226543425241,99.99989116968403,0.0,0.00195,0.99805,0.0001,,,,False,TB,WR4,-157.2,True,False,0.256765030737794,23.3,22.0,10.0,,,11.0,True,84.0,
338,374,299,Marlin Klein,TE89,23.60694242105453,-153.5406820472549,170.0,424.0,-168,,unknown,,10.865753731914344,33.74085374751954,5e-05,5e-05,0.99995,5e-05,,,,False,HOU,TE4,-128.1,True,False,1.3433516236064007,22.8,23.0,8.0,,,15.0,True,59.0,
261,307,300,Austin Hooper,TE46,54.06299272559537,-123.08463174271408,170.0,408.0,-91,,Injury Risk,0.7996974789915967,22.988944605750262,74.76766386612051,0.0006,0.00775,0.99225,0.00775,4.784848484848485,0.4666666666666668,Sustainable,True,ATL,TE2,-144.9,True,True,0.245375703063147,21.1,31.0,11.0,0.0539419087136929,0.5,14.0,False,,3043275.0
284,253,301,De'Zhaun Stribling,WR106,80.22651105710858,-134.1462061312698,170.4,221.0,-114,,unknown,,47.83646383545108,109.85942867349225,0.0,0.0054,0.9946,0.00035,,,,False,SF,WR5,-134.3,True,False,0.3800948377848168,25.0,23.0,8.0,,,11.0,True,33.0,
297,286,302,Nick Vannett,TE62,37.049128095120885,-140.09849637318854,170.0,,-127,,Boom/Bust,,17.95930503851385,52.78159243537325,5e-05,0.0008,0.9992,0.0008,2.9175,1.124166666666667,TD-lucky,True,SEA,TE3,-106.5,True,False,0.0,24.7,33.0,11.0,,0.083,,False,,2576399.0
311,305,303,Dallen Bentley,TE72,32.26939116759611,-144.8782333007133,170.0,,-141,,unknown,,14.2309328395564,43.88891597188992,0.0,0.0004,0.9996,0.0004,,,,False,DEN,TE4,-92.6,True,False,0.0,22.0,25.0,10.0,,,,True,256.0,
302,367,304,Jack Endries,TE65,35.37881066357164,-141.7688138047378,170.0,478.0,-132,,unknown,,15.280129422659549,47.99910830523516,5e-05,0.0009,0.9991,0.0009,,,,False,CIN,TE4,-84.7,True,False,0.0,26.0,22.0,6.0,,,15.0,True,221.0,
318,319,305,Luke McCaffrey,WR115,68.63071566025484,-145.74200152812352,169.9,333.0,-148,,Boom/Bust,,40.291665355169656,94.3760290439507,0.0,0.0015,0.9985,0.0001,3.5865,0.6185,Sustainable,False,WAS,WR6,-165.3,False,False,0.0,23.3,25.0,7.0,0.0347222222222222,0.3166666666666666,13.0,False,,
299,287,306,Grant Calcaterra,TE63,36.69644909223659,-140.45117537607285,170.0,,-129,,Injury Risk,0.7000336134453782,13.536235755488477,55.91197885660279,5e-05,0.00075,0.99925,0.00075,3.2413636363636367,0.5677272727272724,Sustainable,False,PHI,TE3,-140.5,True,False,0.0,23.9,27.0,10.0,0.0280172413793103,0.4026666666666667,,False,,
330,329,307,Seydou Traore,TE84,26.73843981533905,-150.4091846529704,170.0,,-160,,unknown,,11.743257133492571,36.463960174972435,5e-05,0.00015,0.99985,0.00015,,,,False,MIA,TE4,-111.3,False,False,0.0,19.3,23.0,6.0,,,,True,180.0,
288,276,308,Drew Sample,TE56,41.936985199594154,-135.21063926871528,170.0,,-118,,Injury Risk,0.7540672268907562,18.500860504747425,61.102481055735936,5e-05,0.00135,0.99865,0.00135,3.0127272727272727,0.0963636363636366,Sustainable,False,CIN,TE3,-78.2,True,False,0.1315445385722605,26.0,30.0,6.0,0.0328947368421052,0.5358823529411765,,False,,3127310.0
365,347,309,Jalen Royals,WR128,52.122608915237706,-162.25010827314065,170.0,325.0,-195,,unknown,,31.31953083248784,71.28122264644324,0.0,0.0,1.0,0.0,,,,False,KC,WR4,-227.2,True,False,0.0063503552149169,23.8,23.0,5.0,0.0054644808743169,0.19,13.0,True,,
329,390,310,Nate Boerkircher,TE83,27.67886912903149,-149.46875533927795,170.0,466.0,-159,,unknown,,12.605351198859012,39.71389447583059,5e-05,0.00025,0.99975,0.00025,,,,False,JAX,TE2,-132.4,True,False,0.6964060246501381,23.6,24.0,7.0,,,15.0,True,56.0,
478,435,311,Deshaun Watson,QB33,114.67582313074534,-210.10352217016737,170.0,301.0,-308,,unknown,,59.68384885771383,161.74735638528094,0.001,0.01095,0.98905,0.01095,,,,False,CLE,QB1,16.9,False,False,0.0571122459246367,18.9,30.0,11.0,,,12.0,True,,3122840.0
316,310,312,Bauer Sharp,TE76,31.725719736262157,-145.42190473204727,170.0,,-146,,unknown,,13.886435566547249,43.12870332610229,0.0001,0.0006,0.9994,0.0006,,,,False,TB,TE2,-97.6,True,False,0.0,23.3,23.0,10.0,,,,True,185.0,
278,311,313,Luke Musgrave,TE52,44.86320700642382,-132.2844174618856,169.9,387.0,-108,,Boom/Bust,,24.62015302067115,62.17472394103823,0.0,0.00075,0.99925,0.00075,3.2371428571428575,-0.2561904761904765,Sustainable,False,GB,TE2,-136.3,True,True,0.462316152765827,24.7,25.0,11.0,0.067391304347826,0.4005882352941177,14.0,False,,
262,258,314,Jordan James,RB58,90.25601648192202,-123.11822181670225,170.2,284.0,-92,,unknown,,32.07559319008382,132.91173224689487,0.00425,0.08575,0.91425,0.01935,,,,False,SF,RB2,-299.7,True,False,0.3865186475564211,25.0,22.0,8.0,,0.0166666666666666,12.0,True,,
369,423,315,Sam Roush,TE97,13.286529166801447,-163.861095301508,169.9,465.0,-199,,unknown,,5.608015042674633,17.544013819740382,0.0,0.0,1.0,0.0,,,,False,CHI,TE3,-209.4,True,False,0.6703716992511051,24.6,22.0,10.0,,,15.0,True,69.0,
341,352,316,Tutu Atwell,WR120,59.90475692751039,-154.46796026086798,170.0,375.0,-171,,Injury Risk,0.7914957983193277,31.826804517960305,85.09390602232462,0.0,0.00095,0.99905,0.0,5.705416666666667,-0.1679166666666667,Sustainable,True,MIA,WR6,-106.5,False,False,0.0034084510193656,19.3,26.0,6.0,0.0258175559380378,0.279,14.0,False,,
250,306,317,Dyami Brown,WR89,96.87236905449991,-117.50034813387846,170.2,427.0,-80,,Injury Risk,0.8335126050420169,57.33592484696723,133.3733179488696,0.00015,0.01735,0.98265,0.00125,6.348275862068966,-0.9000000000000004,Sustainable,True,WAS,WR3,-137.1,False,True,0.0002957426501231,23.3,26.0,7.0,0.0676416819012797,0.3664285714285714,15.0,False,,
320,315,318,Ben Sims,TE78,30.67603561065544,-146.47158885765398,170.0,,-150,,unknown,,13.841428366454224,44.1095955871926,0.0001,0.00045,0.99955,0.00045,,,,True,MIA,TE3,-107.4,False,False,1.0324957139664526,19.3,26.0,6.0,0.0128205128205128,0.1254545454545454,,True,,
313,341,319,Ben Sinnott,TE74,32.23165912519557,-144.91596534311387,170.0,394.0,-143,,Boom/Bust,,16.958958691296868,45.409089350935794,0.0,0.00025,0.99975,0.00025,2.4692307692307693,1.0307692307692309,Sustainable,False,WAS,TE3,-113.3,False,False,0.1711105199615298,23.3,24.0,7.0,0.0300925925925925,0.360625,14.0,False,,
286,317,320,John Bates,TE55,42.33462780341145,-134.81299666489798,170.0,388.0,-116,,Injury Risk,0.7924705882352941,20.367935672831837,60.49589058361949,5e-05,0.0015,0.9985,0.0015,2.813181818181818,-0.6404545454545456,Sustainable,False,WAS,TE2,-103.2,False,True,0.2628880376665867,23.3,28.0,7.0,0.037037037037037,0.514,14.0,False,,
401,338,321,Elic Ayomanor,WR138,40.761297796632235,-173.61141939174615,170.0,220.0,-231,,Balanced,0.8610352941176471,28.77827709807205,54.76381945247769,0.0,0.0,1.0,0.0,8.675625,-1.394375,Buy-low,False,TEN,WR5,-169.3,True,False,1.302353693467997,21.0,23.0,9.0,0.1679245283018867,0.805625,11.0,False,,
352,355,322,Kendrick Bourne,WR125,57.133078503142514,-157.23963868523586,170.0,360.0,-182,,Injury Risk,0.7412857142857142,26.298739163800665,82.84241602985556,0.0,5e-05,0.99995,0.0,5.483333333333333,0.3388888888888886,Sustainable,True,ARI,WR3,-147.6,True,False,0.0032665807523768,18.8,30.0,14.0,0.0963636363636363,0.566875,14.0,False,,3045523.0
350,294,323,Jaylen Wright,RB74,56.671638709613305,-156.70259958901096,170.1,216.0,-180,,Boom/Bust,,30.72794449820913,81.30051364096822,0.0,0.0032,0.9968,5e-05,4.6440909090909095,-1.2395454545454547,Buy-low,False,MIA,RB2,-269.0,False,False,0.1656695476191718,19.3,23.0,6.0,0.0194805194805194,0.215,11.0,False,,
306,295,324,Tanner Hudson,TE67,33.197848666940914,-143.9497758013685,170.0,,-136,,Boom/Bust,,18.316785256007183,45.89426480353613,0.0,5e-05,0.99995,5e-05,4.281052631578947,0.2610526315789476,Sustainable,False,CIN,TE5,-86.9,True,False,0.0047844534127007,26.0,31.0,6.0,0.0394736842105263,0.1473333333333333,,False,,3050481.0
346,339,325,Calvin Austin,WR123,58.567649111930734,-155.80506807644764,169.9,328.0,-176,,Boom/Bust,0.8755294117647059,37.89014205215663,77.63289616082078,0.0,0.0001,0.9999,0.0,5.806666666666667,0.5054545454545458,Sustainable,True,NYG,WR4,-186.9,True,False,0.987345239667562,22.1,27.0,8.0,0.1053639846743295,0.535,13.0,False,,
430,412,326,Jarquez Hunter,RB98,28.5922990860196,-184.78193921260464,170.0,316.0,-260,,unknown,,10.060930150306186,41.74227333479567,0.0,0.0021,0.9979,0.00025,,,,False,LAR,RB3,-247.8,True,False,0.0,26.3,23.0,11.0,,0.0,13.0,True,,
257,277,327,Caleb Douglas,WR94,94.39949849277188,-119.97321869560648,170.2,347.0,-87,,unknown,,52.579299788369845,118.78037927719438,0.0,0.00705,0.99295,0.0004,,,,False,MIA,WR4,-72.0,False,False,0.139366061759666,19.3,22.0,6.0,,,14.0,True,75.0,
321,316,328,Tanner Conner,TE79,30.56626876941422,-146.5813556988952,170.0,,-151,,Boom/Bust,,13.01601099850721,41.61558740621694,0.0,0.0005,0.9995,0.0005,3.4344444444444444,-0.9122222222222224,Buy-low,False,NYG,TE3,-139.0,True,False,0.0,22.1,28.0,8.0,0.0324675324675324,0.3433333333333333,,False,,
273,322,329,Josh Oliver,TE50,48.51516262772992,-128.6324618405795,169.9,425.0,-103,,Boom/Bust,,26.068356713906248,67.70263162057822,0.0001,0.00135,0.99865,0.00135,3.7229166666666664,1.3729166666666668,TD-lucky,False,MIN,TE2,-109.4,True,True,0.3047600602160382,22.6,29.0,6.0,0.0405982905982906,0.458,15.0,False,,3921690.0
433,439,330,Zavion Thomas,WR153,28.884692613454447,-185.4880245749239,169.9,400.0,-263,,unknown,,15.771668349074604,36.4545683943909,0.0,0.0,1.0,0.0,,,,False,CHI,WR5,-193.5,True,False,1.2073186044971884,24.6,22.0,10.0,,,14.0,True,89.0,
260,301,331,Savion Williams,WR96,92.48150403478448,-121.8912131535939,170.2,399.0,-90,,Boom/Bust,,53.53372659374274,126.9327274939722,0.0002,0.01365,0.98635,0.0014,2.098181818181818,0.2200000000000002,Sustainable,False,GB,WR4,-105.5,True,True,0.000817194695559,24.7,24.0,11.0,0.0217391304347826,0.1149999999999999,14.0,False,,
326,270,332,Ray Davis,RB65,65.16392061081586,-148.21031768780838,170.5,200.0,-156,,Boom/Bust,0.878,39.3491972341408,90.89610909482522,0.0,0.0058,0.9942,5e-05,4.994545454545454,0.6630303030303031,Sustainable,False,BUF,RB3,-260.4,True,False,0.0094263961063931,26.3,26.0,7.0,0.0271398747390396,0.1429411764705882,11.0,False,,
391,398,333,Jawhar Jordan,RB82,43.465933846840926,-169.90830445178332,170.0,367.0,-221,,unknown,,15.617532598903836,63.579337378795415,0.00015,0.00975,0.99025,0.0014,,,,False,HOU,RB3,-187.6,True,False,1.523437056018516,22.8,26.0,8.0,0.0126582278481012,0.3,14.0,True,,
349,313,334,Isaiah Davis,RB73,56.95269842235264,-156.4215398762716,170.1,259.0,-179,,Injury Risk,0.8289803921568627,28.457851404398163,81.41015885246586,0.0,0.0059,0.9941,5e-05,4.062083333333333,0.8170833333333336,Sustainable,False,NYJ,RB3,-231.4,False,False,0.0343878186096489,18.7,24.0,13.0,0.059322033898305,0.28,12.0,False,,
328,296,335,Elijah Sarratt,WR118,65.7586496067529,-148.61406758162548,170.1,267.0,-158,,unknown,,37.30427331293359,85.59434695857169,0.0,0.0006,0.9994,5e-05,,,,False,BAL,WR4,-188.0,True,False,0.0026344278833746,25.9,23.0,13.0,,,12.0,True,115.0,
345,281,336,Sean Tucker,RB71,58.2295698378964,-155.14466846072784,170.2,191.0,-175,,Injury Risk,0.777781512605042,23.266403267019623,85.97277265705867,0.00015,0.01505,0.98495,0.00155,5.505599999999999,0.8984000000000005,Sustainable,False,TB,RB3,-195.1,True,False,0.1856099758269361,23.3,24.0,10.0,0.0203327171903881,0.158235294117647,10.0,False,,
342,331,337,Trevor Etienne,RB70,58.89269368496576,-154.48154461365849,170.0,310.0,-172,,Boom/Bust,0.8535999999999999,29.080480101038077,83.70284586155414,0.0,0.0096,0.9904,0.0005,2.051111111111111,-0.4844444444444444,Sustainable,False,CAR,RB4,-159.2,False,False,0.0021232623693345,20.9,22.0,5.0,0.00625,0.0558823529411764,13.0,False,,
426,424,338,Brenen Thompson,WR151,30.76505189927434,-183.60766528910403,170.0,363.0,-256,,unknown,,16.70712203019702,39.016559582115015,0.0,0.0,1.0,0.0,,,,False,LAC,WR6,-204.8,True,False,0.0019058855561102,23.8,23.0,7.0,,,14.0,True,105.0,
388,407,339,Joe Royer,TE110,9.356824190768045,-167.7908002775414,170.0,,-218,,unknown,,4.108878018930079,12.690622943768233,0.0,0.0,1.0,0.0,,,,False,CLE,TE3,-194.7,False,False,0.0269614974299292,18.9,24.0,11.0,,,,True,170.0,
307,297,340,Will Mallory,TE68,33.05990872987577,-144.08771573843364,170.0,,-137,,Boom/Bust,,17.950434718481166,46.13537530257014,0.0,5e-05,0.99995,5e-05,1.85,-0.6625000000000001,Sustainable,False,IND,TE2,-185.9,True,False,0.0,23.4,27.0,13.0,0.0018867924528301,0.135,,False,,
367,422,341,Tanner Koziol,TE96,13.854226093927352,-163.2933983743821,170.0,468.0,-197,,unknown,,6.02132424475035,18.824256425956698,0.0,0.0,1.0,0.0,,,,False,JAX,TE4,-146.2,True,False,0.6398412856159568,23.6,22.0,7.0,,,15.0,True,164.0,
265,320,342,Erick All,TE48,52.69831996769261,-124.44930450061682,169.9,436.0,-95,,Balanced,,27.929481706842775,73.62957266337959,0.0002,0.0034,0.9966,0.0034,4.06,0.415,Sustainable,False,CIN,TE2,-67.4,True,True,0.3713421298120409,26.0,25.0,6.0,,,15.0,False,,
317,312,343,Davis Allen,TE77,31.63051833398117,-145.51710613432826,170.0,,-147,,Injury Risk,0.7168403361344537,12.327011366142994,47.61980235493853,0.0,0.0002,0.9998,0.0002,4.136818181818182,-0.455,Sustainable,False,LAR,TE4,-109.1,True,False,0.7669592512933792,26.3,25.0,11.0,0.0567986230636833,0.5029411764705882,,False,,
325,321,344,Jaheim Bell,TE82,29.026819930629273,-148.12080453768016,170.0,,-155,,unknown,,13.184933213122958,41.381988932338544,0.0,0.0005,0.9995,0.0005,,,,False,PIT,TE3,-115.4,False,False,0.0,21.7,25.0,9.0,,,,True,,
319,300,345,Chris Brazzell,WR116,68.19003589564666,-146.18268129273173,170.2,289.0,-149,,unknown,,37.2873992154626,86.21555953752113,0.0,0.00035,0.99965,0.0,,,,False,CAR,WR5,-177.0,False,False,0.0033573911067416,20.9,22.0,5.0,,,12.0,True,83.0,
344,343,346,Xavier Hutchinson,WR122,59.50260292855269,-154.8701142598257,170.0,349.0,-174,,Injury Risk,0.8335126050420169,34.16770128852731,82.50269633530064,0.0,0.00055,0.99945,0.0,5.224117647058824,-0.8770588235294117,Sustainable,False,HOU,WR5,-206.5,True,False,0.5340176486218132,22.8,26.0,8.0,0.1030741410488245,0.5747058823529412,14.0,False,,
308,298,347,Cam Grandy,TE69,33.01832244410139,-144.12930202420804,170.0,,-138,,unknown,,15.27118786364204,47.16088699989597,5e-05,0.00095,0.99905,0.00095,,,,False,CIN,TE6,-87.1,True,False,0.0,26.0,26.0,6.0,0.0032894736842105,0.092,,True,,
272,331,348,Elijah Higgins,TE49,49.3711358270635,-127.77648864124592,170.0,440.0,-102,,Injury Risk,0.8344873949579831,26.672020786497058,68.67632654066921,0.0001,0.00155,0.99845,0.00155,3.4279310344827585,0.2720689655172412,Sustainable,False,ARI,TE2,-229.5,True,True,0.0694716078726595,18.8,25.0,14.0,0.059967585089141,0.4252941176470588,15.0,False,,
343,342,349,Joshua Palmer,WR121,59.81039307587643,-154.56232411250193,169.9,344.0,-173,,Injury Risk,0.7914957983193277,34.316635876625206,85.6115277666451,0.0,0.0001,0.9999,0.0,6.926296296296297,-1.0448148148148144,Sustainable,False,BUF,WR4,-154.6,True,False,0.4263665397640399,26.3,26.0,7.0,0.0772442588726513,0.4833333333333333,14.0,False,,
323,318,350,Jared Wiley,TE81,29.98101105230588,-147.16661341600354,170.0,,-153,,unknown,,13.650456824264896,43.07679438537728,5e-05,0.00055,0.99945,0.00055,,,,False,KC,TE3,-164.3,True,False,0.0,23.8,25.0,5.0,0.0018214936247723,0.098,,True,,
324,303,351,LeQuint Allen,RB64,65.76598650015121,-147.60825179847302,170.2,285.0,-154,,Injury Risk,0.841835294117647,37.16763709696039,91.55174784581476,0.0,0.00555,0.99445,0.0001,2.0006666666666666,-0.2006666666666665,Sustainable,False,JAX,RB3,-172.1,True,False,0.0044225371099566,23.6,21.0,7.0,0.0201096892138939,0.2258823529411764,12.0,False,,
496,452,352,Ty Simpson,QB40,16.74764512227058,-308.03170017864215,169.9,339.0,-326,,unknown,,8.537776439545189,26.26891659827265,0.0,0.0,1.0,0.0,,,,False,LAR,QB2,-332.6,True,False,0.7111266914393886,26.3,23.0,11.0,,,14.0,True,13.0,
294,337,353,Ashton Dulin,WR110,76.72497679801917,-137.64774039035922,170.0,418.0,-124,,Boom/Bust,,40.08068745104335,107.75029498486164,0.0004,0.0097,0.9903,0.00155,2.76625,-0.3162499999999997,Sustainable,False,IND,WR4,-140.9,True,True,0.4570930820364793,23.4,29.0,13.0,0.0188679245283018,0.2133333333333333,15.0,False,,4061956.0
354,354,354,Isaiah Williams,WR126,55.856706671511816,-158.51601051686657,170.0,,-184,,Injury Risk,0.786156862745098,26.744340868217105,80.25389142007339,0.0,0.0013,0.9987,0.00015,5.3950000000000005,-0.2650000000000005,Sustainable,False,NYJ,WR4,-206.3,False,False,0.02124400472089,18.7,25.0,13.0,0.0762711864406779,0.3613333333333333,,False,,
375,387,355,CJ Dippre,TE101,10.531513678070889,-166.61611079023854,170.0,,-205,,unknown,,4.776367277425384,15.183637707069714,0.0,0.0,1.0,0.0,,,,False,NE,TE3,-146.3,True,False,0.0189152879844567,23.6,24.0,11.0,,0.16,,True,,
360,334,356,Brashard Smith,RB77,52.374033727615,-161.00020457100925,170.0,283.0,-190,,Boom/Bust,0.8535999999999999,28.28280303682955,73.16916615031916,0.0,0.00235,0.99765,5e-05,5.6353333333333335,-1.4153333333333338,Buy-low,False,KC,RB3,-238.4,True,False,0.0,23.8,23.0,5.0,0.0637522768670309,0.1670588235294117,12.0,False,,
331,353,357,Jordan Whittington,WR119,63.90429161899633,-150.46842556938205,169.9,395.0,-161,,Injury Risk,0.8449803921568627,36.4939716610712,88.11141247239578,0.0,0.00175,0.99825,0.0001,4.415238095238095,0.1799999999999997,Sustainable,False,LAR,WR3,-298.1,True,False,0.0059540730722752,26.3,25.0,11.0,0.0430292598967297,0.4082352941176471,14.0,False,,
334,335,358,Nate Adkins,TE87,26.128965654090084,-151.01865881421935,170.0,,-164,,Injury Risk,0.6916302521008403,9.129823212215245,40.00982884538359,0.0,0.0002,0.9998,0.0002,2.4105263157894736,0.8210526315789473,Sustainable,False,DEN,TE5,-98.8,True,False,0.5101204905601796,22.0,27.0,10.0,0.0188356164383561,0.3277777777777778,,False,,
463,457,359,CJ Daniels,WR171,10.588119297610104,-203.78459789076828,169.9,416.0,-293,,unknown,,6.03542348460608,13.798483614030804,0.0,0.0,1.0,0.0,,,,False,LAR,WR6,-351.4,True,False,0.0,26.3,24.0,11.0,,,15.0,True,197.0,
335,304,360,Chris Brooks,RB66,61.83605003627441,-151.53818826234985,170.1,265.0,-165,,Injury Risk,0.7273613445378151,24.30337227311238,92.86945563870722,0.0,0.01405,0.98595,0.00065,3.2614814814814816,-0.242962962962963,Sustainable,False,GB,RB3,-230.0,True,False,0.4336797251743576,24.7,26.0,11.0,0.0369565217391304,0.2005882352941176,12.0,False,,
336,336,361,Foster Moreau,TE88,24.722879512479533,-152.4247449558299,170.0,,-166,,Injury Risk,0.7756638655462185,9.266324385234368,34.32113448467677,5e-05,0.00025,0.99975,0.00025,4.615,0.666818181818182,Sustainable,True,HOU,TE3,-126.9,True,False,0.3654273178217039,22.8,29.0,8.0,0.0176991150442477,0.3572727272727273,,False,,3843945.0
332,333,362,Josh Whyle,TE85,26.48257948978341,-150.66504497852603,170.0,,-162,,Injury Risk,0.7252436974789916,10.299558487643557,39.80173814999728,0.0,0.0001,0.9999,0.0001,3.2285714285714286,0.442857142857143,Sustainable,False,GB,TE3,-154.7,True,False,0.0,24.7,26.0,11.0,0.0130434782608695,0.39875,,False,,
402,388,363,Cedric Tillman,WR139,40.390859267864755,-173.98185792051362,169.9,326.0,-232,,Boom/Bust,,25.84992988493961,55.95042181772935,0.0,0.0,1.0,0.0,6.941428571428572,-0.2557142857142862,Sustainable,False,CLE,WR4,-134.2,False,False,0.946611337697542,18.9,26.0,11.0,0.0747126436781609,0.6184615384615384,13.0,False,,
421,441,364,Jam Miller,RB95,32.07438725137424,-181.29985104725,170.0,429.0,-251,,unknown,,10.791296933298524,44.63916964873028,0.0,0.0028,0.9972,0.0001,,,,False,NE,RB3,-207.1,True,False,0.0,23.6,,11.0,,,15.0,True,245.0,
436,363,365,Nicholas Singleton,RB102,24.273410287462088,-189.10082801116215,170.1,217.0,-266,,unknown,,8.111948923026654,33.51819969769307,0.0,0.00085,0.99915,5e-05,,,,False,TEN,RB3,-196.1,True,False,0.0285415699601094,21.0,22.0,9.0,,,11.0,True,165.0,
383,400,366,Josh Cuevas,TE106,9.74053723095626,-167.40708723735318,170.0,,-213,,unknown,,4.221430882961429,13.31063865814039,0.0,0.0,1.0,0.0,,,,False,BAL,TE3,-162.1,True,False,0.0012680846158279,25.9,22.0,13.0,,,,True,173.0,
339,330,367,Kaelon Black,RB68,59.268400240238904,-154.10583805838536,170.1,314.0,-169,,unknown,,19.214097388204227,80.01728691862552,0.0008,0.02125,0.97875,0.00375,,,,False,SF,RB3,-330.7,True,False,0.7687687847481812,25.0,24.0,8.0,,,13.0,True,90.0,
291,345,368,Mitchell Evans,TE58,40.35686709397171,-136.79075737433772,170.0,456.0,-121,,Injury Risk,0.8271058823529411,21.570563929383574,56.52919490929929,0.0,0.00035,0.99965,0.00035,3.4635714285714285,-0.0207142857142854,Sustainable,False,CAR,TE3,-43.5,False,True,0.0803100933003395,20.9,23.0,5.0,0.0520833333333333,0.3741176470588235,15.0,False,,
305,279,369,MarShawn Lloyd,RB63,69.71291181362528,-143.66132648499897,170.3,260.0,-135,,unknown,,24.48211374344217,101.85955372892336,0.00185,0.045,0.955,0.00865,,,,False,GB,RB2,-222.1,True,False,0.4019098855766003,24.7,25.0,11.0,,,12.0,True,,
351,347,370,Payne Durham,TE90,20.066198213289088,-157.08142625502035,170.0,,-181,,Boom/Bust,,9.27600867035986,28.572256681021397,0.0,0.0,1.0,0.0,3.908888888888889,0.1577777777777775,Sustainable,False,TB,TE3,-109.3,True,False,0.0098505718340426,23.3,26.0,10.0,0.0073937153419593,0.3176470588235294,,False,,
431,445,371,Donovan Edwards,RB99,28.351657338839225,-185.02258095978505,170.0,,-261,,unknown,,9.837471107610758,42.0087191646476,0.0,0.0015,0.9985,0.0001,,,,False,MIA,RB4,-297.3,False,False,0.0,19.3,23.0,6.0,,,,True,,
340,314,372,Malik Davis,RB69,59.17271165873906,-154.20152663988517,170.1,280.0,-170,,Boom/Bust,,28.880234378927007,85.21803013492305,5e-05,0.007,0.993,0.00025,4.696666666666666,-0.1855555555555552,Sustainable,False,DAL,RB2,-222.3,True,False,0.66825695277241,25.6,27.0,14.0,0.0082372322899505,0.207,12.0,False,,
362,364,373,Devin Culp,TE94,15.204870730429054,-161.94275373788037,170.0,,-192,,unknown,,6.93386355317521,21.80485129340662,0.0,0.0,1.0,0.0,,,,False,TB,TE4,-114.1,True,False,0.8450069292381697,23.3,26.0,10.0,0.0018484288354898,0.0646153846153846,,True,,
358,361,374,Blake Whiteheart,TE92,17.247864649695007,-159.89975981861443,170.0,,-188,,Boom/Bust,,7.968670096886315,24.598362526075217,0.0,0.0,1.0,0.0,1.933076923076923,-0.4330769230769229,Sustainable,False,CLE,TE2,-186.8,False,False,0.013067449754413,18.9,26.0,11.0,0.0114942528735632,0.2370588235294117,,False,,
353,397,375,Ty Chandler,RB75,54.95689246908033,-158.41734582954393,170.0,437.0,-183,,Injury Risk,0.7441680672268908,14.86840397488638,70.51419952826062,0.0003,0.01595,0.98405,0.00175,4.910833333333334,-1.810833333333334,Buy-low,True,NO,RB3,-207.0,True,False,0.0,21.6,28.0,8.0,0.0085470085470085,0.2233333333333333,15.0,False,,
493,453,376,Carson Beck,QB37,29.30532409574807,-295.47402120516466,170.0,350.0,-323,,unknown,,13.195854457185384,38.448027338089105,0.0,0.0,1.0,0.0,,,,False,ARI,QB2,-177.8,True,False,0.2661334225706682,18.8,23.0,14.0,,,14.0,True,65.0,
395,415,377,Frank Gore,RB85,42.041531309535465,-171.3327069890888,170.0,,-225,,unknown,,14.965258435065309,61.69717451523693,0.00035,0.00895,0.99105,0.001,,,,False,BUF,RB4,-283.6,True,False,0.0,26.3,24.0,7.0,,,,True,,
429,451,378,Jahdae Walker,WR152,29.945857368128593,-184.42685982024977,169.9,462.0,-259,,unknown,,18.00281651791175,40.98566372940528,0.0,0.0,1.0,0.0,,,,False,CHI,WR4,-192.4,True,False,1.4959210385027264,24.6,24.0,10.0,0.018796992481203,0.151111111111111,15.0,True,,
449,462,379,Malik Benson,WR161,17.897601259703784,-196.4751159286746,170.0,455.0,-279,,unknown,,10.265326184152178,23.26184896018071,0.0,0.0,1.0,0.0,,,,False,LV,WR5,-145.0,False,False,0.0,19.5,23.0,13.0,,,15.0,True,195.0,
372,381,380,Devin Duvernay,WR131,48.32,-166.05271718837838,170.0,,-202,,Injury Risk,0.8419159663865546,25.44006234222731,67.94023124573881,0.0,0.00055,0.99945,5e-05,2.9038461538461537,-1.0730769230769228,Sustainable,True,ARI,WR4,-156.4,True,False,0.0,18.8,28.0,14.0,0.0093984962406015,0.0352941176470588,,False,,4039050.0
441,365,381,Kaytron Allen,RB105,21.567406856918687,-191.80683144170555,170.1,218.0,-271,,unknown,,7.153308449863989,29.97733387749118,0.0,0.0003,0.9997,0.0,,,,False,WAS,RB4,-156.3,False,False,0.3016891169553132,23.3,23.0,7.0,,,11.0,True,187.0,
370,376,382,Ian Thomas,TE98,12.731017160777458,-164.41660730753196,170.0,,-200,,Boom/Bust,,6.840436928842396,17.86443093178275,0.0,0.0,1.0,0.0,2.6740000000000004,0.1359999999999996,Sustainable,False,LV,TE4,-250.0,False,False,0.6729660474055091,19.5,30.0,13.0,0.0263157894736842,0.3593333333333334,,False,,4045305.0
355,356,383,Charlie Woerner,TE91,18.45306761924249,-158.69455684906694,170.0,,-185,,Boom/Bust,,9.401857232203511,26.09405522940879,0.0,0.0,1.0,0.0,2.2385714285714284,-0.4957142857142853,Sustainable,False,ATL,TE3,-180.5,True,False,1.15442248190861,21.1,28.0,11.0,0.0173410404624277,0.5082352941176471,,False,,4035020.0
347,326,384,George Holani,RB72,57.37091825088541,-156.00332004773884,170.2,294.0,-177,,Boom/Bust,,24.815773349610875,83.40228463613293,0.0001,0.01255,0.98745,0.0006,3.6225,-0.4849999999999999,Sustainable,False,SEA,RB3,-153.3,True,False,0.0017672594098125,24.7,26.0,11.0,0.0043956043956043,0.0554545454545454,12.0,False,,
498,481,385,Joe Milton,QB42,13.969078961684842,-310.8102663392279,169.9,413.0,-328,,unknown,,6.155031292475894,20.210870763858257,0.0,0.0,1.0,0.0,,,,False,DAL,QB2,-322.0,True,False,0.0783404138356713,25.6,26.0,14.0,,0.21,15.0,True,,
409,427,386,Jelani Woods,TE113,0.0,-177.14762446830943,170.0,,-239,,unknown,,0.0,0.0,0.0,0.0,1.0,0.0,,,,False,NYJ,TE4,-169.4,False,False,0.0,18.7,27.0,13.0,0.0063559322033898,0.2274999999999999,,True,,
364,351,387,Will Shipley,RB79,51.32299932623174,-162.05123897239253,170.0,330.0,-194,,Injury Risk,0.8093725490196078,21.988065933289533,74.93415781546503,0.0,0.00835,0.99165,0.00045,2.901111111111111,-0.0955555555555558,Sustainable,False,PHI,RB3,-258.6,True,False,0.0016031558753861,23.9,23.0,10.0,0.0258620689655172,0.1246666666666666,13.0,False,,
462,475,388,Colbie Young,WR170,10.879768760909844,-203.49294842746852,169.9,,-292,,unknown,,6.266179898613826,14.17149975798245,0.0,0.0,1.0,0.0,,,,False,CIN,WR6,-348.8,True,False,0.0186804246861707,26.0,24.0,6.0,,,,True,140.0,
393,340,389,Ollie Gordon,RB84,42.647801510035315,-170.72643678858893,170.2,242.0,-223,,Boom/Bust,0.8535999999999999,24.31142594231397,60.57083156811562,0.0,0.0003,0.9997,0.0,3.73875,-0.3574999999999999,Sustainable,False,MIA,RB3,-283.0,False,False,0.0771913577498567,19.3,22.0,6.0,0.0194805194805194,0.2241176470588235,11.0,False,,
293,357,390,Adam Trautman,TE60,39.89420154688415,-137.25342292142528,170.0,471.0,-123,,Injury Risk,0.8260840336134453,20.18951576670786,56.67272172147151,0.0,0.0011,0.9989,0.0011,3.082692307692308,0.398076923076923,Sustainable,False,DEN,TE2,-85.0,True,True,0.4963670808564419,22.0,29.0,10.0,0.0393835616438356,0.5729411764705883,15.0,False,,3911853.0
417,436,391,Phil Mafah,RB93,33.78136165540515,-179.59287664321909,170.0,419.0,-247,,unknown,,11.94184290768557,49.77161555554639,5e-05,0.0038,0.9962,0.0004,,,,False,DAL,RB4,-247.7,True,False,0.0,25.6,23.0,14.0,0.0032948929159802,0.18,15.0,True,,
356,383,392,Greg Dortch,WR127,55.599133024681265,-158.7735841636971,170.0,404.0,-186,,Boom/Bust,0.8587226890756303,34.602974653805255,75.61925119642774,0.0,5e-05,0.99995,0.0,4.8982758620689655,0.8051724137931036,Sustainable,True,DET,WR4,-287.3,True,False,0.0254631625786023,26.1,28.0,6.0,0.0534846029173419,0.3358333333333334,14.0,False,,4037235.0
368,377,392,Treylon Burks,WR130,50.85533335524571,-163.51738383313267,170.0,376.0,-198,,Boom/Bust,,30.286963637659237,69.50112891666689,0.0,0.0,1.0,0.0,4.305384615384615,-1.497692307692308,Buy-low,False,WAS,WR7,-183.1,False,False,0.002674668494135,23.3,26.0,7.0,0.0509259259259259,0.6012500000000001,14.0,False,,
446,459,394,Cyrus Allen,WR160,19.284396675705352,-195.08832051267305,170.0,452.0,-276,,unknown,,11.115543585966217,25.02426544758636,0.0,0.0,1.0,0.0,,,,False,KC,WR6,-260.1,True,False,0.0039702261764882,23.8,23.0,5.0,,,15.0,True,176.0,
418,372,395,Tua Tagovailoa,QB31,144.09729283600709,-180.68205246490564,170.6,272.0,-247,,Injury Risk,0.8357983193277311,77.59149216659276,195.53543772520277,0.00275,0.02205,0.97795,0.02205,14.2436,-0.2867999999999977,Sustainable,True,ATL,QB1,27.6,True,False,0.2777650444884008,21.1,28.0,11.0,,0.9542857142857144,12.0,False,,4241479.0
359,362,396,Hunter Long,TE93,17.189571424853806,-159.95805304345564,170.0,,-189,,Boom/Bust,,8.94657413261224,24.320049078869033,0.0,0.0,1.0,0.0,3.3006666666666664,-0.1139999999999998,Sustainable,False,JAX,TE3,-142.9,True,False,0.0,23.6,27.0,7.0,0.0310786106032906,0.3988888888888888,,False,,
403,399,397,Dont'e Thornton,WR140,39.233703333258504,-175.13901385511986,170.0,345.0,-233,,Boom/Bust,,25.209902262425135,54.183802291220466,0.0,0.0,1.0,0.0,4.681818181818182,-2.5454545454545454,Buy-low,False,LV,WR4,-123.6,False,False,0.229520870792596,19.5,23.0,13.0,0.0607287449392712,0.4533333333333333,14.0,False,,
400,358,398,Kendre Miller,RB88,39.962607014924714,-173.4116312836995,170.0,274.0,-230,,Boom/Bust,,21.414756177456617,56.39429583595094,0.0,0.00025,0.99975,0.0,4.707692307692308,0.0923076923076919,Sustainable,False,NO,RB4,-222.0,True,False,1.393750144274253,21.6,24.0,8.0,0.0088495575221238,0.2428571428571428,12.0,False,,
389,344,399,DJ Giddens,RB81,43.58420268879285,-169.7900356098314,170.1,270.0,-219,,unknown,,15.453021614212412,63.4859193227258,0.0001,0.01025,0.98975,0.00095,,,,False,IND,RB2,-307.4,True,False,8.559173570366284e-05,23.4,22.0,13.0,0.0037735849056603,0.12,12.0,True,,
427,386,400,Demond Claiborne,RB96,29.26786285420274,-184.1063754444215,170.1,278.0,-257,,unknown,,9.851542808451304,40.90668369962184,0.0,0.00115,0.99885,5e-05,,,,False,MIN,RB3,-172.4,True,False,0.0060973327288683,22.6,22.0,6.0,,,12.0,True,198.0,
469,482,401,Reggie Virgil,WR176,9.10410628780015,-205.2686109005782,170.0,,-299,,unknown,,5.2105574838756095,11.876805123279876,0.0,0.0,1.0,0.0,,,,False,ARI,WR5,-195.6,True,False,0.0272159613901536,18.8,22.0,14.0,,,,True,143.0,
386,403,402,Tip Reiman,TE109,9.606797345822937,-167.5408271224865,170.0,,-216,,Boom/Bust,,5.223411546879429,13.383524359746188,0.0,0.0,1.0,0.0,2.22375,-0.4112499999999999,Sustainable,False,ARI,TE3,-269.3,True,False,0.0003669312122341,18.8,24.0,14.0,0.0081037277147487,0.37,,False,,
310,371,403,Luke Schoonmaker,TE71,32.58758526109029,-144.56003920721915,169.9,472.0,-140,,Injury Risk,0.7924705882352941,15.505639341934032,47.14689102077479,0.0,0.0002,0.9998,0.0002,3.85625,-0.34375,Sustainable,False,DAL,TE2,-145.2,True,True,0.1002624474849066,25.6,27.0,14.0,0.0378912685337726,0.3294117647058823,15.0,False,,
304,368,404,Brock Wright,TE66,33.56179035577158,-143.58583411253784,169.9,477.0,-134,,Boom/Bust,,17.99871118431569,47.08614176359104,0.0,0.0,1.0,0.0,4.328235294117647,-0.1047058823529409,Sustainable,False,DET,TE2,-165.1,True,True,0.9236720189409622,26.1,27.0,6.0,0.04,0.5763636363636363,15.0,False,,
508,503,405,Tanner McKee,QB52,11.194302731196826,-313.5850425697159,169.9,453.0,-338,,unknown,,4.238881132382904,16.215076772476404,0.0,0.0,1.0,0.0,,,,False,PHI,QB3,-337.5,True,False,0.0094612923501528,23.9,26.0,10.0,,0.345,15.0,True,,
309,373,406,Charlie Kolar,TE70,32.616393350828474,-144.53123111748096,170.0,476.0,-139,,Boom/Bust,,11.905686628729876,44.89804418913868,0.0003,0.00215,0.99785,0.00215,2.7711111111111113,0.8122222222222222,Sustainable,True,LAC,TE3,-117.8,True,True,0.935151568818442,23.8,27.0,7.0,0.0368550368550368,0.4035294117647059,15.0,False,,
374,349,407,Adam Randall,RB80,46.80389754067543,-166.57034075794883,170.2,309.0,-204,,unknown,,15.581015827164862,65.17107757203364,0.00015,0.01115,0.98885,0.00125,,,,False,BAL,RB3,-261.4,True,False,0.9100974638666858,25.9,22.0,13.0,,,13.0,True,174.0,
420,438,408,Elijah Mitchell,RB94,32.15595978091697,-181.2182785177073,170.0,,-250,,unknown,,11.535262914642823,46.99023964632104,0.0,0.0027,0.9973,0.0002,,,,True,PHI,RB5,-277.7,True,False,0.0,23.9,28.0,10.0,0.0018214936247723,0.1,,True,,
376,389,409,Lucas Krull,TE102,10.324199435307374,-166.82342503300205,170.0,,-206,,Boom/Bust,,5.860606474773974,14.258666561561096,0.0,0.0,1.0,0.0,3.1953846153846155,-0.2030769230769231,Sustainable,False,DEN,TE6,-114.6,True,False,0.0206879961510702,22.0,28.0,10.0,0.0068493150684931,0.29,,False,,
322,392,410,Mo Alie-Cox,TE80,30.414661669061164,-146.73296279924827,170.0,482.0,-152,,Injury Risk,0.6940672268907563,10.686001479565409,46.38579123189603,5e-05,0.0007,0.9993,0.0007,3.4795652173913045,-0.7230434782608697,Sustainable,False,IND,TE3,-188.5,True,True,0.0078163255200643,23.4,32.0,13.0,0.0377358490566037,0.3905882352941176,16.0,False,,2998565.0
499,504,411,Tyson Bagent,QB43,12.443456617605127,-312.3358886833076,169.9,,-329,,unknown,,5.444970613038994,18.09223084070387,0.0,0.0,1.0,0.0,,,,False,CHI,QB2,-303.4,True,False,0.0149380336954015,24.6,26.0,10.0,,0.0666666666666666,,True,,
533,512,412,Will Howard,QB77,7.413671780433917,-317.3656735204788,169.9,460.0,-363,,unknown,,2.816893020421161,10.775283606902304,0.0,0.0,1.0,0.0,,,,False,PIT,QB4,-229.4,False,False,0.0,21.7,24.0,9.0,,,15.0,True,,
399,365,413,Devin Singletary,RB87,40.255250300465434,-173.1189879981588,170.1,296.0,-229,,Boom/Bust,0.8786218487394957,25.830433575674505,55.462702312840534,0.0,5e-05,0.99995,0.0,6.50625,-0.0874999999999994,Sustainable,False,NYG,RB3,-225.1,True,False,0.0050052749010615,22.1,28.0,8.0,0.0377733598409542,0.2764705882352941,12.0,False,,4040761.0
473,486,414,Kaden Wetjen,WR179,6.592190137154828,-207.78052705122352,170.0,,-303,,unknown,,3.737284371848809,8.626857826381157,0.0,0.0,1.0,0.0,,,,False,PIT,WR5,-203.3,False,False,0.0289401914291173,21.7,24.0,9.0,,,,True,121.0,
531,517,415,Quinn Ewers,QB75,8.782667211958112,-315.99667808895464,169.9,479.0,-361,,unknown,,3.325793135553671,12.805240378874265,0.0,0.0,1.0,0.0,,,,False,MIA,QB2,-217.2,False,False,0.3519630930708575,19.3,23.0,6.0,,0.79,15.0,True,,
529,518,416,Cade Klubnik,QB73,8.961607054207365,-315.81773824670535,169.9,483.0,-359,,unknown,,3.2358847614513775,12.432874140280582,0.0,0.0,1.0,0.0,,,,False,NYJ,QB2,-232.1,False,False,0.0040898805218179,18.7,22.0,13.0,,,16.0,True,110.0,
507,511,417,Jalen Milroe,QB51,11.273803551412064,-313.50554174950065,169.9,,-337,,unknown,,4.326454264915474,16.352156041755265,0.0,0.0,1.0,0.0,,,,False,SEA,QB2,-262.0,True,False,0.0,24.7,23.0,11.0,,0.02,,True,,
366,404,418,Xavier Smith,WR129,51.38209822572473,-162.99061896265363,169.9,426.0,-196,,Boom/Bust,0.8547843137254901,28.39627243141217,71.11779552229132,0.0,0.00065,0.99935,5e-05,3.833076923076923,0.3592307692307694,Sustainable,False,LAR,WR4,-310.6,True,False,0.0165599946436674,26.3,28.0,11.0,0.0413080895008605,0.214375,15.0,False,,
519,524,419,Drew Allar,QB63,10.356472903166631,-314.4228723977461,169.9,,-349,,unknown,,3.6568945795451,13.90003973006243,0.0,0.0,1.0,0.0,,,,False,PIT,QB3,-226.5,False,False,0.0,21.7,22.0,9.0,,,,True,76.0,
333,393,420,Durham Smythe,TE86,26.437489421805825,-150.7101350465036,170.0,467.0,-163,,Injury Risk,0.7288571428571428,8.803842103331608,37.918746187835474,5e-05,0.00065,0.99935,0.00065,2.318947368421053,-1.0610526315789477,Buy-low,True,BAL,TE2,-145.4,True,True,0.0100940338947033,25.9,30.0,13.0,0.0112781954887218,0.2541176470588235,15.0,False,,3052897.0
494,490,421,Riley Leonard,QB38,25.51305902950006,-299.26628627141264,170.0,441.0,-324,,unknown,,12.26538174692586,36.37771489285695,0.0,0.0,1.0,0.0,,,,False,IND,QB2,-246.4,True,False,1.3126558637701424,23.4,23.0,13.0,,0.394,15.0,True,,
315,385,422,Jackson Hawes,TE75,32.0123694672911,-145.13525500101832,170.0,485.0,-145,,Boom/Bust,,18.176547367332493,44.43085626219983,0.0,5e-05,0.99995,5e-05,2.953076923076923,1.1007692307692305,TD-lucky,False,BUF,TE3,-133.3,True,True,0.104722172879023,26.3,25.0,7.0,0.0396659707724425,0.4388235294117647,16.0,False,,
423,375,423,Mack Hollins,WR148,32.10145657268783,-182.27126061569055,169.9,269.0,-253,,Injury Risk,0.7669159663865546,16.841725822723305,45.05384778237616,0.0,0.0,1.0,0.0,6.998571428571428,0.3871428571428579,Sustainable,False,NE,WR5,-237.7,True,False,0.0041472449178526,23.6,32.0,11.0,0.1348547717842323,0.6773333333333333,12.0,False,,2991662.0
530,533,424,Tommy DeVito,QB74,8.920929049193315,-315.8584162517194,169.9,,-360,,unknown,,3.391761704156738,12.993027099830051,0.0,0.0,1.0,0.0,,,,False,NE,QB3,-323.3,True,False,0.0217838362393629,23.6,27.0,11.0,,,,True,,
487,500,425,Barion Brown,WR187,0.0,-214.37271718837837,170.0,,-317,,unknown,,0.0,0.0,0.0,0.0,1.0,0.0,,,,False,NO,WR7,-260.4,True,False,0.0,21.6,22.0,8.0,,,,True,190.0,
439,396,426,Seth McGowan,RB104,22.165758488228427,-191.20847981039583,170.2,277.0,-269,,unknown,,7.428636789238539,30.717327622082163,0.0,0.00045,0.99955,0.0,,,,False,IND,RB3,-328.8,True,False,0.390352781338904,23.4,24.0,13.0,,,12.0,True,237.0,
524,528,427,Kyle Allen,QB68,9.537991833843796,-315.2413534670689,169.9,,-354,,unknown,,3.600554360197717,13.914998245519593,0.0,0.0,1.0,0.0,,,,True,BUF,QB3,-410.8,True,False,0.0160021186764383,26.3,30.0,7.0,,0.0833333333333333,,True,,3115293.0
487,500,428,Josh Cameron,WR187,0.0,-214.37271718837837,170.0,,-317,,unknown,,0.0,0.0,0.0,0.0,1.0,0.0,,,,False,JAX,WR5,-222.2,True,False,0.0,23.6,23.0,7.0,,,,True,191.0,
435,379,429,Devin Neal,RB101,26.51254975916026,-186.861688539464,170.0,254.0,-265,,Boom/Bust,,13.584916202175526,37.77447028136048,0.0,0.0,1.0,0.0,6.1433333333333335,0.5233333333333334,Sustainable,False,NO,RB6,-235.5,True,False,0.0,21.6,22.0,8.0,0.0336283185840707,0.4,12.0,False,,
396,416,430,Odell Beckham,WR137,42.488495944425054,-171.88422124395333,169.3,,-227,,Injury Risk,0.6763529411764706,15.995246304299236,65.91778181254534,0.0,0.0,1.0,0.0,4.30125,-2.4887499999999996,Buy-low,False,NYG,WR5,-202.9,True,False,0.0065271301928423,22.1,33.0,8.0,,,,False,,16733.0
380,394,431,Drew Ogletree,TE105,9.95830693201587,-167.18931753629357,170.0,,-210,,Boom/Bust,,4.780614798902634,14.15669786945595,0.0,0.0,1.0,0.0,2.4440000000000004,0.1293333333333328,Sustainable,False,IND,TE4,-209.0,True,False,0.0358127187568692,23.4,28.0,13.0,0.0113207547169811,0.2366666666666666,,False,,
371,378,432,Luke Farrell,TE99,11.501372334493412,-165.646252133816,170.0,,-201,,Boom/Bust,,5.793444935004809,16.20582309495515,0.0,0.0,1.0,0.0,2.580952380952381,-0.2333333333333338,Sustainable,False,SF,TE3,-178.1,True,False,0.0058782832272655,25.0,28.0,8.0,0.0254545454545454,0.3470588235294118,,False,,
407,370,433,Jerome Ford,RB89,36.86667498177425,-176.50756331685,170.0,291.0,-237,,Injury Risk,0.8366050420168067,13.23628152055146,45.71607699777866,0.0,0.00085,0.99915,5e-05,6.511481481481481,0.0662962962962963,Sustainable,True,WAS,RB3,-141.0,False,False,0.0,23.3,26.0,7.0,0.0613026819923371,0.3046153846153846,12.0,False,,
472,485,434,Chris Collier,RB114,5.72,-207.65423829862425,170.0,,-302,,unknown,,2.0186072348580577,8.38224267577454,0.0,0.0,1.0,0.0,,,,False,LV,RB4,-318.3,False,False,0.0,19.5,26.0,13.0,,,,True,,
397,434,435,Roschon Johnson,RB86,41.11950551797983,-172.25473278064442,169.9,447.0,-227,,Injury Risk,0.7525714285714286,16.85017834010211,61.433844795588826,0.0,0.0012,0.9988,5e-05,5.502142857142857,0.1478571428571422,Sustainable,False,CHI,RB3,-204.3,True,False,0.0,24.6,25.0,10.0,0.0,0.0085714285714285,15.0,False,,
373,384,436,Brevyn Spann-Ford,TE100,10.701700316385647,-166.44592415192378,170.0,,-203,,Injury Risk,0.8167058823529412,5.004651898330103,15.28097583728013,0.0,0.0,1.0,0.0,2.92375,-0.3112500000000002,Sustainable,False,DAL,TE3,-167.1,True,False,0.0164834874364954,25.6,26.0,14.0,0.0214168039538715,0.2488235294117646,,False,,
409,427,437,Jack Stoll,TE113,0.0,-177.14762446830943,170.0,,-239,,Boom/Bust,,0.0,0.0,0.0,0.0,1.0,0.0,2.01,-0.0500000000000004,Sustainable,True,CLE,TE4,-204.0,False,False,0.0,18.9,28.0,11.0,0.0194690265486725,0.2086666666666666,,False,,
384,401,438,Eric Saubert,TE107,9.722807520820378,-167.42481694748906,170.0,,-214,,Boom/Bust,,4.753983023142725,13.841059722275716,0.0,0.0,1.0,0.0,3.2207692307692306,-0.5976923076923075,Sustainable,False,SEA,TE4,-133.8,True,False,4.62973679947272e-05,24.7,32.0,11.0,0.0153846153846153,0.3954545454545454,,False,,2975863.0
428,409,439,Audric Estime,RB97,29.11020061406434,-184.26403768455992,170.0,319.0,-258,,Boom/Bust,,15.059616146474506,41.573042403886106,0.0,0.0,1.0,0.0,5.3838888888888885,-0.0061111111111111,Sustainable,False,NO,RB5,-232.9,True,False,0.0,21.6,22.0,8.0,0.0230088495575221,0.3928571428571428,13.0,False,,
444,419,440,Isaiah Bond,WR158,21.337837268553443,-193.03487991982493,170.0,313.0,-274,,Injury Risk,0.849270588235294,14.19196210851262,29.219724013937615,0.0,0.0,1.0,0.0,4.857333333333333,-1.3506666666666662,Buy-low,False,CLE,WR5,-153.2,False,False,0.021571565490895,18.9,22.0,11.0,0.0842911877394636,0.4806249999999999,13.0,False,,
381,395,441,Derius Davis,WR133,47.12033923614118,-167.2523779522372,170.0,,-211,,Injury Risk,0.8419159663865546,25.558640507101117,66.05568705823518,0.0,0.0005,0.9995,5e-05,2.4529411764705884,0.1764705882352935,Sustainable,False,LAC,WR4,-188.4,True,False,0.0385489993995924,23.8,25.0,7.0,0.0055147058823529,0.1109090909090909,,False,,
503,508,442,Jarrett Stidham,QB47,11.53726078889106,-313.2420845120217,170.0,,-333,,unknown,,4.65071727976018,16.76752449809548,0.0,0.0,1.0,0.0,,,,False,DEN,QB2,-335.9,True,False,0.0027911409254854,22.0,29.0,10.0,,0.06,,True,,3892775.0
465,477,443,Darius Cooper,WR172,9.694508284436695,-204.67820890394168,170.0,,-295,,unknown,,5.797860356332056,13.26865645391173,0.0,0.0,1.0,0.0,,,,False,PHI,WR6,-242.3,True,False,0.037976284948648,23.9,24.0,10.0,0.0237068965517241,0.2584615384615384,,True,,
490,440,444,Shedeur Sanders,QB34,97.73915805111235,-227.04018724980037,169.5,298.0,-320,,Boom/Bust,,62.89350598156057,135.80640898854026,0.0,0.0003,0.9997,0.0003,9.895,0.8625000000000007,Sustainable,False,CLE,QB2,-16.9,False,False,0.0766176991431124,18.9,24.0,11.0,,0.91625,12.0,False,,
504,509,445,Behren Morton,QB48,11.479322956801775,-313.30002234411097,170.0,,-334,,unknown,,4.35211402960758,15.806746821278026,0.0,0.0,1.0,0.0,,,,False,NE,QB2,-320.7,True,False,0.0,23.6,24.0,11.0,,,,True,234.0,
387,404,446,Anthony Gould,WR135,46.641556169598246,-167.73116101878014,170.0,,-217,,Boom/Bust,,24.22206011476666,65.66475490515109,0.0,0.00035,0.99965,0.0,,,,False,IND,WR5,-170.9,True,False,0.0102674124588154,23.4,25.0,13.0,0.0037735849056603,0.0872727272727272,,False,,
509,513,447,Jake Browning,QB53,11.105959619809523,-313.6733856811032,170.0,,-339,,unknown,,4.2719851789631225,16.187569381789032,0.0,0.0,1.0,0.0,,,,True,TB,QB2,-288.0,True,False,0.0087453044351186,23.3,30.0,10.0,,0.734,,True,,3886812.0
390,410,448,Myles Price,WR136,44.48,-169.89271718837838,170.0,,-220,,unknown,0.8610352941176471,27.85324428509321,60.06582357253312,0.0,0.0,1.0,0.0,,,,False,MIN,WR4,-254.6,True,False,0.0,22.6,24.0,6.0,0.0,0.018125,,False,,
513,519,449,Garrett Nussmeier,QB57,10.701280184631347,-314.0780651162814,170.0,,-343,,unknown,,3.856069633165697,14.75153496338204,0.0,0.0,1.0,0.0,,,,False,KC,QB3,-320.0,True,False,0.0,23.8,24.0,5.0,,,,True,249.0,
512,516,450,Cole Payton,QB56,10.882993727911458,-313.89635157300125,170.0,,-342,,unknown,,3.951374345221113,15.05202148845767,0.0,0.0,1.0,0.0,,,,False,PHI,QB4,-337.9,True,False,0.0,23.9,23.0,10.0,,,,True,178.0,
377,391,451,Tyler Conklin,TE103,10.24233112195637,-166.90529334635306,170.0,,-207,,Injury Risk,0.7708739495798319,3.8400292844672625,14.11792305237234,0.0,0.0,1.0,0.0,6.342727272727273,-0.0154545454545456,Sustainable,True,DET,TE3,-188.4,True,False,0.0337537517836348,26.1,30.0,6.0,0.0183823529411764,0.1923076923076923,,False,,3122920.0
511,515,452,Adrian Martinez,QB55,10.921857191398532,-313.8574881095142,170.0,,-341,,unknown,,4.153323171447591,15.96496685810406,0.0,0.0,1.0,0.0,,,,False,SF,QB2,-327.4,True,False,0.0,25.0,26.0,8.0,,,,True,,
425,382,453,Kyle Williams,WR150,30.87813926453435,-183.494577923844,169.9,275.0,-255,,Injury Risk,0.8375058823529411,17.022202107735456,43.19601822064848,0.0,0.0,1.0,0.0,2.91375,0.3737500000000002,Sustainable,False,NE,WR6,-238.9,True,False,0.0138912115232392,23.6,23.0,11.0,0.0435684647302904,0.308235294117647,12.0,False,,
398,418,454,Chris Manhertz,TE112,4.690063176634887,-172.45756129167455,170.0,,-228,,Boom/Bust,,2.1654917280338495,6.6515227429406165,0.0,0.0,1.0,0.0,,,,False,NYG,TE4,-164.9,True,False,0.0383566978193145,22.1,34.0,8.0,0.003976143141153,0.178235294117647,,False,,2531358.0
534,534,455,Brady Cook,QB78,4.772351481730121,-320.0069938191826,170.0,,-364,,unknown,,1.8004230920315067,6.944477978913898,0.0,0.0,1.0,0.0,,,,False,NYJ,QB3,-236.3,False,False,0.0,18.7,24.0,13.0,,0.98,,True,,
484,499,456,Michael Bandy,WR186,1.45,-212.9227171883784,170.0,,-314,,unknown,,0.8654057364066255,1.996321663616029,0.0,0.0,1.0,0.0,,,,False,DEN,WR6,-223.3,True,False,0.0,22.0,28.0,10.0,0.0068493150684931,0.0625,,True,,
516,522,457,Shane Buechele,QB60,10.579191734682274,-314.2001535662304,170.0,,-346,,unknown,,4.028997531353808,15.33659767462846,0.0,0.0,1.0,0.0,,,,False,BUF,QB2,-409.8,True,False,0.0,26.3,28.0,7.0,,0.45,,True,,
518,523,458,Teddy Bridgewater,QB62,10.416655447943327,-314.3626898529694,170.0,,-348,,unknown,,3.943667538459347,15.24863561973102,0.0,0.0,1.0,0.0,,,,True,DET,QB2,-306.1,True,False,0.0202821472033173,26.1,33.0,6.0,,0.1225,,True,,16728.0
526,530,459,Chris Oladokun,QB70,9.412439253759944,-315.3669060471528,170.0,,-356,,unknown,,3.620602767671034,13.716092700560983,0.0,0.0,1.0,0.0,,,,False,KC,QB4,-321.3,True,False,0.0,23.8,28.0,5.0,,0.7466666666666667,,True,,
481,496,460,Josh Williams,RB116,2.58,-210.79423829862424,170.0,,-311,,unknown,,0.908415129165924,3.7521739720972582,0.0,0.0,1.0,0.0,,,,False,TB,RB4,-250.7,True,False,0.0,23.3,25.0,10.0,0.0,0.0433333333333333,,True,,
409,427,461,Quintin Morris,TE113,0.0,-177.14762446830943,170.0,,-239,,Boom/Bust,,0.0,0.0,0.0,0.0,1.0,0.0,3.346,-0.1360000000000001,Sustainable,False,JAX,TE5,-160.1,True,False,0.0,23.6,27.0,7.0,0.016453382084095,0.2328571428571428,,False,,
416,328,462,Emanuel Wilson,RB92,34.24677344692216,-179.1274648517021,170.6,170.0,-245,,Injury Risk,0.7945882352941176,10.9229974958491,43.668366469052906,0.0,0.0014,0.9986,0.0001,5.573428571428571,-0.0105714285714286,Sustainable,True,SEA,RB4,-176.5,True,False,1.3566090897954184,24.7,27.0,11.0,0.0369565217391304,0.3111764705882353,10.0,False,,
475,421,463,Michael Penix,QB32,116.538404435754,-208.24094086515873,170.1,266.0,-305,,Boom/Bust,,78.40989309455905,159.22468551262637,0.0,0.0008,0.9992,0.0008,13.288571428571428,-1.261428571428571,Sustainable,False,ATL,QB2,-27.6,True,False,0.3432579100139351,21.1,26.0,11.0,,0.9322222222222224,12.0,False,,
394,414,464,Johnny Mundt,TE111,6.034554456651712,-171.11307001165773,170.0,,-224,,Injury Risk,0.7156638655462184,1.8813695945911395,8.606396995191773,0.0,0.0,1.0,0.0,3.3227999999999995,-0.5187999999999997,Sustainable,True,PHI,TE4,-171.1,True,False,2.0,23.9,31.0,10.0,0.0347349177330895,0.358125,,False,,3052096.0
408,420,465,Dameon Pierce,RB90,36.8162240612736,-176.55801423735065,170.0,384.0,-238,,Injury Risk,0.7105546218487395,7.905766206769358,47.03060757062241,0.0003,0.00705,0.99295,0.0007,2.601428571428571,0.9414285714285716,Sustainable,True,PHI,RB4,-273.1,True,False,0.0,23.9,26.0,10.0,0.0018083182640144,0.0839999999999999,14.0,False,,
422,406,466,Konata Mumpfield,WR147,32.65221259908766,-181.72050458929073,169.9,323.0,-252,,Boom/Bust,,18.89891319679151,45.10106113098401,0.0,0.0,1.0,0.0,4.4816666666666665,-1.9483333333333333,Buy-low,False,LAR,WR5,-329.3,True,False,0.0116699834106489,26.3,23.0,11.0,0.0395869191049913,0.3217647058823529,13.0,False,,
404,432,467,Devontez Walker,WR141,38.92901968470277,-175.4436975036756,169.9,430.0,-234,,Boom/Bust,,23.959078617625057,54.240457722864626,0.0,0.0,1.0,0.0,,,,False,BAL,WR5,-214.9,True,False,0.0053018279140955,25.9,25.0,13.0,0.0196560196560196,0.2466666666666666,15.0,False,,
535,535,468,Josh Johnson,QB79,0.0,-324.7793453009127,170.0,,-365,,unknown,,0.0,0.0,0.0,0.0,1.0,0.0,,,,True,CIN,QB3,-352.1,True,False,0.0,26.0,40.0,6.0,,0.492,,True,,11394.0
438,417,469,Tez Johnson,WR155,24.25947733353733,-190.11323985484103,169.9,321.0,-268,,Injury Risk,0.849270588235294,14.533005386653548,33.26533495735692,0.0,0.0,1.0,0.0,5.6866666666666665,0.4733333333333336,Sustainable,False,TB,WR6,-212.2,True,False,0.00575085799091,23.3,24.0,10.0,0.0813308687615526,0.470625,13.0,False,,
406,426,470,KeAndre Lambert-Smith,WR143,38.184490595090104,-176.18822659328828,170.0,,-236,,Boom/Bust,,20.171596259890052,53.66680811777615,0.0,0.0002,0.9998,0.0,,,,False,LAC,WR5,-197.4,True,False,0.0102143832769166,23.8,24.0,7.0,0.0220588235294117,0.188,,False,,
414,433,471,Nikko Remigio,WR145,35.47,-178.90271718837838,169.9,,-244,,Injury Risk,0.7469411764705883,14.59912311202206,52.4503876259528,0.0,0.00025,0.99975,0.0,,,,False,KC,WR5,-243.9,True,False,0.0,23.8,26.0,5.0,0.0018214936247723,0.0328571428571428,,False,,
437,413,472,Isaac Guerendo,RB103,23.290471610050112,-190.08376668857417,170.0,311.0,-267,,Injury Risk,0.770156862745098,9.061281064925677,34.5075203158948,0.0,5e-05,0.99995,0.0,5.866153846153846,1.533846153846154,TD-lucky,False,SF,RB4,-366.7,True,False,0.0,25.0,26.0,8.0,0.0,0.0,13.0,False,,
443,449,473,Dylan Laube,RB106,20.38,-192.99423829862425,170.0,434.0,-273,,Injury Risk,0.770156862745098,8.98553962195542,30.641447447460987,0.0,0.0,1.0,0.0,,,,False,LV,RB3,-303.6,False,False,0.0,19.5,26.0,13.0,0.0080971659919028,0.0288235294117647,15.0,False,,
409,427,474,Julian Hill,TE113,0.0,-177.14762446830943,170.0,,-239,,Injury Risk,0.7672605042016806,0.0,0.0,0.0,0.0,1.0,0.0,2.925652173913044,-0.6213043478260873,Sustainable,True,NE,TE4,-156.8,True,False,0.0,23.6,26.0,11.0,0.0432900432900432,0.55,,False,,
415,443,475,Tyler Badie,RB91,34.299560561835605,-179.07467773678866,170.1,443.0,-245,,Injury Risk,0.7309411764705883,13.900013241145372,51.475381713474086,0.0,0.0001,0.9999,0.0,3.1355,-0.7504999999999997,Sustainable,False,DEN,RB4,-162.8,True,False,0.3459677870967464,22.0,26.0,10.0,0.0530821917808219,0.175,15.0,False,,
434,447,476,Demarcus Robinson,WR154,27.820289421412333,-186.55242776696605,170.0,428.0,-264,,Injury Risk,0.7583025210084032,13.967868761931417,39.5336384008146,0.0,0.0,1.0,0.0,6.476285714285714,-0.2019999999999999,Sustainable,False,SF,WR6,-186.7,True,False,1.3812981690203594,25.0,31.0,8.0,0.0636363636363636,0.4678571428571428,15.0,False,,3043116.0
419,437,477,Skyy Moore,WR146,33.55,-180.82271718837836,170.0,,-249,,Injury Risk,0.7578823529411765,14.729457342588708,49.58645554718964,0.0,0.0001,0.9999,0.0,1.7225,-0.4641666666666666,Sustainable,True,GB,WR5,-164.4,True,False,0.0,24.7,25.0,11.0,0.0127272727272727,0.1011764705882353,,False,,
491,444,478,Kirk Cousins,QB35,50.68893623652327,-274.09040906438946,170.0,302.0,-321,,Injury Risk,0.7517647058823529,19.572763193497927,72.80914197771416,0.0,0.0003,0.9997,0.0003,12.512083333333337,-0.7679166666666681,Sustainable,True,LV,QB2,-147.8,False,False,0.0120824690854273,19.5,37.0,13.0,,0.861,12.0,False,,14880.0
492,446,479,J.J. McCarthy,QB36,34.72807288787629,-290.05127241303643,169.8,320.0,-322,,Boom/Bust,,20.97177252454293,47.40083501085253,0.0,0.0,1.0,0.0,15.226,-2.2880000000000003,Buy-low,False,MIN,QB2,-249.9,True,False,0.5490363872193336,22.6,23.0,6.0,,0.916,13.0,False,,
424,442,480,Kameron Johnson,WR149,31.00549365500174,-183.36722353337663,170.0,,-254,,Injury Risk,0.7665490196078432,13.52155331505811,45.623950437333654,0.0,5e-05,0.99995,0.0,2.435,-0.0849999999999999,Sustainable,False,TB,WR5,-205.5,True,False,0.0212632211866954,23.3,24.0,10.0,0.0129390018484288,0.0970588235294117,,False,,
385,402,481,Riley Nowakowski,TE108,9.672871304128364,-167.47475316418107,,,,,unknown,,4.215274063904898,13.133427392848082,0.0,0.0,1.0,0.0,,,,False,PIT,TE4,-134.8,False,False,0.0,21.7,24.0,9.0,,,,True,169.0,
452,464,482,Kene Nwangwu,RB110,15.22,-198.15423829862425,170.0,,-282,,Boom/Bust,,6.652116210584973,22.12217257986174,0.0,0.0,1.0,0.0,,,,False,NYJ,RB4,-273.2,False,False,0.0,18.7,28.0,13.0,0.0021186440677966,0.0441666666666666,,False,,
445,455,483,Mason Tipton,WR159,20.99826642993935,-193.37445075843905,170.0,,-275,,Boom/Bust,,12.047986913359686,29.1927475009627,0.0,0.0,1.0,0.0,4.494666666666666,-1.5413333333333332,Buy-low,False,NO,WR6,-239.4,True,False,0.0444994568486835,21.6,25.0,8.0,0.0300884955752212,0.3021428571428571,,False,,
413,431,484,Charlie Jones,WR144,36.379999999999995,-177.99271718837838,170.0,,-243,,Injury Risk,0.7494789915966386,15.275287652356242,54.04902860888728,0.0,0.00025,0.99975,5e-05,,,,False,CIN,WR4,-323.3,True,False,0.0,26.0,27.0,6.0,0.0016447368421052,0.0214285714285714,,False,,
451,461,485,Malachi Corley,WR162,16.331774467352812,-198.04094272102557,170.0,,-281,,Boom/Bust,,10.83137146413963,22.420831081759292,0.0,0.0,1.0,0.0,2.559411764705882,-0.394705882352941,Sustainable,False,CLE,WR6,-158.2,False,False,0.0062349820007325,18.9,24.0,11.0,0.0268199233716475,0.2492307692307692,,False,,
432,410,486,Tahj Brooks,RB100,28.24024882400041,-185.13398947462383,170.1,312.0,-262,,Boom/Bust,,12.525368147231095,40.94240891186499,0.0,5e-05,0.99995,0.0,,,,False,CIN,RB3,-283.3,True,False,0.0134011428633359,26.0,24.0,6.0,0.0032894736842105,,13.0,False,,
459,473,487,David Moore,WR168,11.371810039370114,-203.00090714900827,170.0,,-289,,Injury Risk,0.632252100840336,3.648771884339132,18.384963399729084,0.0,0.0,1.0,0.0,6.389375,-0.9018750000000004,Sustainable,False,CAR,WR6,-233.8,False,False,0.0232538756459412,20.9,31.0,5.0,0.0020833333333333,0.3275,,False,,4212909.0
485,425,488,Trey Benson,RB117,0.0,-213.37423829862425,170.1,258.0,-315,,Boom/Bust,,0.0,0.0,0.0,0.0,1.0,0.0,5.241875,-0.0918749999999999,Sustainable,False,ARI,RB4,-302.9,True,False,0.0,18.8,24.0,14.0,0.0259319286871961,0.4825,12.0,False,,
495,456,489,Anthony Richardson,QB39,24.382214710441293,-300.3971305904714,170.0,354.0,-325,,Boom/Bust,,14.40926239409415,33.534017179927396,0.0,0.0,1.0,0.0,14.963846153846154,-1.9238461538461544,Buy-low,False,IND,QB3,-247.6,True,False,0.0,23.4,24.0,13.0,,0.1149999999999999,14.0,False,,
470,483,490,Gage Larvadain,WR177,8.35,-206.0227171883784,170.0,,-300,,Boom/Bust,,5.079812161941623,11.664596278563222,0.0,0.0,1.0,0.0,,,,False,CLE,WR7,-166.2,False,False,0.0,18.9,24.0,11.0,0.0268199233716475,0.2361538461538462,,False,,
505,462,491,Justin Fields,QB49,11.30161505918966,-313.47773024172307,169.8,351.0,-335,,Boom/Bust,,4.255991257417421,15.907445367135178,0.0,0.0,1.0,0.0,12.2085,1.0675000000000026,TD-lucky,True,KC,QB2,-319.4,True,False,0.133908978718845,23.8,27.0,5.0,,0.8977777777777778,14.0,False,,
461,408,492,Kaleb Johnson,RB112,9.967762098397976,-203.40647620022628,170.1,257.0,-291,,Boom/Bust,,5.463357876502766,14.272611305975513,0.0,0.0,1.0,0.0,1.819,-0.939,Sustainable,False,PIT,RB3,-212.0,False,False,0.0195353365857701,21.7,22.0,9.0,0.003831417624521,0.091,12.0,False,,
440,450,493,Bo Melton,WR156,22.80474044818171,-191.56797674019663,170.0,,-270,,Boom/Bust,,12.76239401346348,31.753460330864275,0.0,0.0,1.0,0.0,3.2060000000000004,-0.7410000000000005,Sustainable,False,GB,WR6,-175.1,True,False,0.0005830203885661,24.7,27.0,11.0,,,,False,,
477,492,494,Jalen Brooks,WR182,5.08,-209.29271718837836,170.0,,-307,,Boom/Bust,,3.332033649849543,6.9529869045146215,0.0,0.0,1.0,0.0,4.453571428571428,-1.3249999999999995,Buy-low,False,ARI,WR6,-199.7,True,False,0.0,18.8,26.0,14.0,0.0097244732576985,0.3,,False,,
454,466,495,Tai Felton,WR164,13.45667938071274,-200.91603780766565,169.9,451.0,-284,,Boom/Bust,,7.112264019544197,18.901230708519364,0.0,0.0,1.0,0.0,,,,False,MIN,WR5,-285.6,True,False,0.0263573096496209,22.6,23.0,6.0,0.0064102564102564,0.0441176470588235,15.0,False,,
448,454,496,Rasheen Ali,RB108,17.4,-195.97423829862424,169.9,438.0,-278,,Injury Risk,0.7407450980392157,6.899801052986617,26.585818283593326,0.0,0.0,1.0,0.0,2.3249999999999997,-0.0499999999999998,Sustainable,False,BAL,RB4,-290.8,True,False,0.0,25.9,25.0,13.0,0.027027027027027,0.13,15.0,False,,
497,476,497,Marcus Mariota,QB41,14.3245141055194,-310.4548311953933,170.0,398.0,-327,,Boom/Bust,,8.25056275043296,19.894770050339854,0.0,0.0,1.0,0.0,12.835333333333333,-1.2846666666666664,Sustainable,False,WAS,QB2,-328.0,False,False,0.4685967775056343,23.3,32.0,7.0,,0.7454545454545454,14.0,False,,2576980.0
456,469,498,Andrew Beck,RB111,12.29545054822628,-201.07878775039796,170.1,,-286,,Boom/Bust,,5.660729850458026,17.732255536476544,0.0,0.0,1.0,0.0,2.1344444444444446,0.4211111111111107,Sustainable,False,NYJ,RB5,-276.1,False,False,0.5555233325686386,18.7,30.0,13.0,,,,False,,3125107.0
517,465,499,Mac Jones,QB61,10.451099122530335,-314.3282461783824,169.9,334.0,-347,,Boom/Bust,,5.189420546528709,14.82433924606445,0.0,0.0,1.0,0.0,11.465,-0.875,Sustainable,False,SF,QB3,-327.9,True,False,0.1260408820574662,25.0,27.0,8.0,,0.7436363636363637,13.0,False,,
476,491,500,Arian Smith,WR181,5.251687004347514,-209.12103018403087,170.0,,-306,,Boom/Bust,,3.10500217084897,7.208465409290737,0.0,0.0,1.0,0.0,2.1058333333333334,-0.9808333333333334,Sustainable,False,NYJ,WR5,-256.9,False,False,0.0112959337455457,18.7,24.0,13.0,0.0338983050847457,0.3825,,False,,
455,468,501,Ben Skowronek,WR165,13.352447844237822,-201.02026934414056,170.0,,-285,,Injury Risk,0.7998991596638655,7.079573927914678,19.359489840314765,0.0,0.0,1.0,0.0,1.7260000000000002,1.1539999999999997,TD-lucky,False,PIT,WR4,-196.6,False,False,0.0052766399993181,21.7,29.0,9.0,0.0114942528735632,0.1541176470588235,,False,,
474,488,502,Dareke Young,WR180,6.44,-207.9327171883784,170.0,,-304,,Boom/Bust,,3.3487998627961715,9.05358572283976,0.0,0.0,1.0,0.0,,,,True,LV,WR6,-156.4,False,False,0.0,19.5,27.0,13.0,0.0065934065934065,0.0944444444444444,,False,,
442,448,503,Mitch Tinsley,WR157,22.30035570555649,-192.0723614828219,,433.0,,,Boom/Bust,,13.28423098234933,30.536631399609384,0.0,0.0,1.0,0.0,5.5562499999999995,-1.6062499999999993,Buy-low,False,CIN,WR5,-337.4,True,False,0.0,26.0,26.0,6.0,0.0394736842105263,0.2464705882352941,15.0,False,,
500,506,504,Will Levis,QB44,11.778415266172706,-313.00093003474,170.0,,-330,,Boom/Bust,,6.5392102049590655,16.407416811401326,0.0,0.0,1.0,0.0,10.88,-0.3716666666666661,Sustainable,False,TEN,QB2,-202.5,True,False,0.0,21.0,27.0,9.0,,,,False,,
522,497,505,Jameis Winston,QB66,9.855997569750526,-314.9233477311622,169.9,407.0,-352,,Boom/Bust,,5.262064368371875,14.22815948691576,0.0,0.0,1.0,0.0,12.741428571428573,0.1457142857142876,Sustainable,False,NYG,QB2,-309.5,True,False,0.2755919253815275,22.1,32.0,8.0,,0.6766666666666666,14.0,False,,2969939.0
450,460,506,DeeJay Dallas,RB109,15.6,-197.77423829862423,170.0,,-280,,Injury Risk,0.7861848739495798,6.427687403309953,22.779372754289547,0.0,0.0,1.0,0.0,1.7,0.4375000000000002,Sustainable,False,JAX,RB4,-222.3,True,False,0.0,23.6,27.0,7.0,0.0018281535648994,0.0616666666666666,,False,,4240631.0
514,520,507,Mason Rudolph,QB58,10.677790336686424,-314.1015549642263,169.9,,-344,,Boom/Bust,,6.023706439672269,15.255967828473182,0.0,0.0,1.0,0.0,8.328571428571427,-0.242857142857142,Sustainable,False,PIT,QB2,-226.1,False,False,0.0015376100552899,21.7,31.0,9.0,,0.3379999999999999,,False,,3116407.0
466,478,508,Braxton Berrios,WR173,9.54,-204.8327171883784,170.0,,-296,,Injury Risk,0.6740588235294117,3.449312164796805,14.587234654521028,0.0,0.0,1.0,0.0,,,,True,NYG,WR7,-235.9,True,False,0.0,22.1,30.0,8.0,0.0144665461121157,0.1924999999999999,,False,,3123075.0
502,487,509,Joe Flacco,QB46,11.59657999765172,-313.182765303261,170.0,420.0,-332,,Boom/Bust,,6.08672788750879,16.373742705860806,0.0,0.0,1.0,0.0,14.405,-1.554000000000002,Sustainable,False,CIN,QB2,-340.5,True,False,0.0309711663539915,26.0,41.0,6.0,,0.7784615384615384,15.0,False,,11252.0
460,474,510,Britain Covey,WR169,11.0,-203.37271718837837,170.0,,-290,,Injury Risk,0.6990588235294117,3.888069327102636,16.891527104892,0.0,0.0,1.0,0.0,,,,False,PHI,WR5,-241.0,True,False,0.0,23.9,29.0,10.0,0.0086206896551724,0.1033333333333333,,False,,
467,479,511,Justin Watson,WR174,9.527741411343571,-204.8449757770348,170.0,,-297,,Injury Risk,0.7328823529411764,4.358653501565965,13.904705429729551,0.0,0.0,1.0,0.0,3.643888888888889,0.2949999999999999,Sustainable,False,HOU,WR6,-256.4,True,False,0.0160870482845953,22.8,30.0,8.0,0.0072332730560578,0.3866666666666667,,False,,3118892.0
447,458,512,Jacob Saylors,RB107,17.94,-195.43423829862425,170.0,,-277,,Boom/Bust,,7.863871159195266,26.099556940429377,0.0,0.0,1.0,0.0,,,,False,DET,RB3,-393.8,True,False,0.0,26.1,25.0,6.0,0.0,0.008125,,False,,
458,471,513,Tyrell Shavers,WR167,12.38870789921334,-201.98400928916504,170.0,,-288,,Boom/Bust,,7.854508596052553,17.103889919619764,0.0,0.0,1.0,0.0,3.595833333333333,1.5541666666666671,TD-lucky,False,BUF,WR6,-202.0,True,False,8.166635663695029e-05,26.3,26.0,7.0,0.0480167014613778,0.3958823529411764,,False,,
457,470,514,Jacob Cowing,WR166,12.89,-201.4827171883784,170.0,,-287,,Injury Risk,0.849270588235294,6.84379583306966,18.037341779990395,0.0,0.0,1.0,0.0,,,,False,SF,WR7,-201.6,True,False,0.0,25.0,25.0,8.0,,,,False,,
464,472,515,Reggie Gilliam,RB113,9.293682844635416,-204.08055545398884,170.0,449.0,-294,,Boom/Bust,,2.498145237721048,11.67626677565239,0.0,0.0,1.0,0.0,,,,True,NE,RB4,-229.9,True,False,0.0375645198004271,23.6,28.0,11.0,0.0041753653444676,,15.0,False,,4039505.0
532,505,516,Gardner Minshew,QB76,8.325387005399929,-316.4539582955128,169.9,439.0,-362,,Injury Risk,0.7349579831932773,2.271311001031249,12.130687049056917,0.0,0.0,1.0,0.0,8.462857142857143,-1.177142857142857,Sustainable,True,ARI,QB3,-198.8,True,False,0.1493367565254599,18.8,30.0,14.0,,0.1675,15.0,False,,4038524.0
506,510,517,Nick Mullens,QB50,11.29780405283056,-313.4815412480822,170.0,,-336,,Boom/Bust,,4.879890060301572,16.160898148813683,0.0,0.0,1.0,0.0,0.11875,0.0412499999999999,Sustainable,False,JAX,QB2,-313.5,True,False,0.161365104027794,23.6,31.0,7.0,,0.112,,False,,3059989.0
510,514,518,Davis Mills,QB54,11.038146323606515,-313.7411989773062,170.0,,-340,,Boom/Bust,,4.931597522819857,15.73625668380028,0.0,0.0,1.0,0.0,10.61,-2.7920000000000016,Buy-low,False,HOU,QB2,-258.0,True,False,0.3293551771222554,22.8,27.0,8.0,,0.705,,False,,
453,467,519,LaJohntay Wester,WR163,14.82,-199.5527171883784,170.0,,-283,,Injury Risk,0.8375058823529411,9.634926489653012,20.441518484971606,0.0,0.0,1.0,0.0,,,,False,BAL,WR6,-239.0,True,False,0.0,25.9,24.0,13.0,0.0,0.0617647058823529,,False,,
501,507,520,Andy Dalton,QB45,11.759204812389624,-313.0201404885231,170.0,,-331,,Boom/Bust,,3.9944251359182026,16.634512067025824,0.0,0.0,1.0,0.0,8.791,-1.7430000000000003,Buy-low,True,PHI,QB2,-337.0,True,False,0.0,23.9,38.0,10.0,,0.38,,False,,14012.0
471,484,521,Efton Chism,WR178,7.66,-206.7127171883784,169.9,,-301,,Boom/Bust,,3.9964718350389186,10.76796567589476,0.0,0.0,1.0,0.0,,,,False,NE,WR7,-262.1,True,False,0.0,23.6,24.0,11.0,0.0062240663900414,0.17875,,False,,
468,480,522,Jonathan Mingo,WR175,9.514881403847246,-204.85783578453112,170.0,,-298,,Injury Risk,0.7662857142857142,4.505978689659618,13.88574562913843,0.0,0.0,1.0,0.0,3.96578947368421,-2.086842105263157,Buy-low,False,DAL,WR5,-299.0,True,False,0.0377577693871622,25.6,25.0,14.0,0.0082372322899505,0.2066666666666666,,False,,
480,495,523,Jimmy Horn,WR183,3.7961125455750446,-210.57660464280332,170.0,,-310,,Boom/Bust,,2.3656291497972695,5.146369980635062,0.0,0.0,1.0,0.0,2.727272727272727,-0.1181818181818181,Sustainable,False,CAR,WR7,-241.4,False,False,0.0240397766585675,20.9,23.0,5.0,0.03125,0.1923076923076923,,False,,
523,527,524,Spencer Rattler,QB67,9.621675336852764,-315.15766996405995,170.0,,-353,,Balanced,,5.236799253143086,13.568131307517037,0.0,0.0,1.0,0.0,12.905,-2.0037499999999984,Buy-low,False,NO,QB2,-270.1,True,False,0.0831276625551315,21.6,25.0,8.0,,0.8166666666666667,,False,,
515,521,525,Kenny Pickett,QB59,10.664536206982888,-314.1148090939298,170.0,,-345,,Boom/Bust,,3.111897899310009,14.96760245712003,0.0,0.0,1.0,0.0,3.132307692307692,-0.658461538461538,Sustainable,True,CAR,QB2,-242.7,False,False,0.2044654964144395,20.9,28.0,5.0,,0.285,,False,,
520,525,526,Trey Lance,QB64,10.009260138576938,-314.77008516233576,169.9,,-350,,Boom/Bust,,4.3110818659522785,14.49095013726609,0.0,0.0,1.0,0.0,6.7562500000000005,-3.2212500000000004,Buy-low,False,LAC,QB2,-299.9,True,False,0.0468720623216958,23.8,26.0,7.0,,0.3775,,False,,
485,489,527,Zavier Scott,RB117,0.0,-213.37423829862425,170.0,457.0,-315,,Boom/Bust,,0.0,0.0,0.0,0.0,1.0,0.0,4.586666666666667,-0.2311111111111108,Sustainable,False,MIN,RB4,-201.7,True,False,0.0,22.6,27.0,6.0,0.0341880341880341,0.101875,15.0,False,,
483,498,528,Mason Kinsey,WR185,1.95,-212.4227171883784,170.0,,-313,,Boom/Bust,,1.1567450056510702,2.748237900932488,0.0,0.0,1.0,0.0,,,,False,TEN,WR6,-208.1,True,False,0.0,21.0,27.0,9.0,0.0075471698113207,0.109,,False,,4057082.0
482,493,529,JuJu Smith-Schuster,WR184,3.4830335042682465,-210.88968368411017,169.9,469.0,-312,,Injury Risk,0.8083025210084033,1.8942463840807529,4.9009913489700425,0.0,0.0,1.0,0.0,4.248666666666667,0.3579999999999996,Sustainable,True,NYG,WR8,-241.9,True,False,0.0863517820921472,22.1,29.0,8.0,0.081967213114754,0.5723529411764706,15.0,False,,3120348.0
487,500,530,Brycen Tremayne,WR187,0.0,-214.37271718837837,170.0,,-317,,Injury Risk,0.7273333333333333,0.0,0.0,0.0,0.0,1.0,0.0,3.04,0.04,Sustainable,False,CAR,WR8,-245.2,False,False,0.0,20.9,26.0,5.0,0.0375,0.253125,,False,,
527,531,531,Drew Lock,QB71,9.362214762173911,-315.41713053873883,169.9,,-357,,Boom/Bust,,4.0554633920429035,13.462950048061613,0.0,0.0,1.0,0.0,6.912000000000001,1.511999999999999,TD-lucky,False,SEA,QB3,-263.9,True,False,0.1374672778439631,24.7,29.0,11.0,,0.13,,False,,3924327.0
528,532,532,Mitchell Trubisky,QB72,9.024978054465407,-315.7543672464473,170.0,,-358,,Boom/Bust,,2.6361734442105225,12.758612719857576,0.0,0.0,1.0,0.0,3.13,0.4146153846153844,Sustainable,True,TEN,QB3,-205.3,True,False,0.0195252021331497,21.0,31.0,9.0,,0.3325,,False,,3039707.0
535,535,533,Aidan O'Connell,QB79,0.0,-324.7793453009127,170.0,,-365,,Boom/Bust,,0.0,0.0,0.0,0.0,1.0,0.0,10.597,-0.770999999999999,Sustainable,False,LV,QB3,-198.5,False,False,0.0,19.5,27.0,13.0,,0.82,,False,,
479,494,534,British Brooks,RB115,3.042198811243517,-210.3320394873807,170.0,,-309,,Boom/Bust,,1.339794884026306,4.3976017627223785,0.0,0.0,1.0,0.0,,,,False,HOU,RB4,-228.1,True,False,0.0054732708015626,22.8,26.0,8.0,0.0,0.0666666666666666,,False,,
521,526,535,Tyrod Taylor,QB65,9.964212141316604,-314.81513315959614,170.0,,-351,,Boom/Bust,,3.7613572389665855,14.077379959703404,0.0,0.0,1.0,0.0,10.6375,-0.4474999999999998,Sustainable,True,GB,QB2,-296.5,True,False,0.0996454474677209,24.7,36.0,11.0,,0.6699999999999999,,False,,14163.0
525,529,536,Tyler Huntley,QB69,9.472776281549208,-315.3065690193635,170.0,,-355,,Boom/Bust,,5.4506403180264105,13.42465503500774,0.0,0.0,1.0,0.0,11.011,-0.7309999999999999,Sustainable,False,BAL,QB2,-349.9,True,False,0.0840006893442762,25.9,28.0,13.0,,0.5940000000000001,,False,,4035671.0
