norm,position,adp,value,wk_p90,wk_p10,role,finish,season
arian foster,RB,1.4,168.10000000000002,33.220000000000006,12.340000000000003,350.0,306.1,2012
ray rice,RB,1.9,237.84000000000003,32.8,15.450000000000001,395.0,283.1,2012
aaron rodgers,QB,3.4,214.36000000000007,41.855999999999995,24.348,487.14000000000004,428.59999999999997,2012
calvin johnson,WR,4.8,202.30000000000004,35.6,14.15,162.0,348.40000000000003,2012
lesean mccoy,RB,4.8,189.40000000000003,29.54,15.14,342.0,205.3,2012
tom brady,QB,6.1,175.52000000000004,35.23,20.43,448.3,408.28,2012
darren mcfadden,RB,6.4,-15.199999999999989,33.0,5.960000000000001,136.0,156.5,2012
chris johnson,RB,8.1,86.5,23.85,6.950000000000001,341.0,219.50000000000003,2012
matt forte,RB,10.2,83.69999999999999,26.78,12.44,279.0,223.4,2012
demarco murray,RB,11.2,5.0,27.800000000000004,2.14,199.0,150.4,2012
drew brees,QB,12.3,211.22000000000003,44.69,17.23,484.0,433.58,2012
julio jones,WR,14.3,43.099999999999994,26.52,3.18,101.0,261.8,2012
maurice jones drew,RB,14.4,166.0,27.6,12.350000000000001,406.0,76.0,2012
jamaal charles,RB,16.1,-120.8,16.02,4.180000000000001,18.0,245.50000000000003,2012
rob gronkowski,TE,16.5,167.60000000000002,31.05,8.2,125.0,200.0,2012
fred jackson,RB,18.6,71.60000000000002,28.360000000000003,12.600000000000001,220.0,123.4,2012
ryan mathews,RB,19.9,99.6,25.39,9.21,281.0,140.9,2012
larry fitzgerald,WR,20.8,108.70000000000002,27.1,9.35,154.0,174.8,2012
steven jackson,RB,21.1,84.80000000000001,22.5,6.040000000000001,318.0,198.60000000000002,2012
brandon marshall,WR,22.3,79.29999999999998,22.950000000000003,8.9,143.0,334.6,2012
matthew stafford,QB,22.7,153.02000000000004,39.870000000000005,13.73,425.8,322.58,2012
darren sproles,RB,24.5,130.39999999999998,21.55,11.9,200.0,214.1,2012
a j green,WR,26.2,57.599999999999994,21.32,6.94,120.0,301.8,2012
cam newton,QB,27.0,139.56000000000006,36.120000000000005,13.85,412.34000000000003,367.46000000000004,2012
andre johnson,WR,27.1,-65.4,22.38,4.16,52.0,295.8,2012
roddy white,WR,30.2,117.20000000000002,25.85,10.55,180.0,269.1,2012
greg jennings,WR,30.8,55.5,23.12,5.6400000000000015,101.0,96.6,2012
wes welker,WR,31.8,175.50000000000003,33.4,9.0,177.0,291.4,2012
victor cruz,WR,33.8,129.49999999999997,30.1,3.45,132.0,255.20000000000002,2012
ahmad bradshaw,RB,34.4,51.599999999999994,24.6,7.080000000000001,215.0,185.0,2012
jordy nelson,WR,38.9,123.9,29.9,5.75,96.0,165.5,2012
hakeem nicks,WR,40.9,76.80000000000001,26.4,7.260000000000001,133.0,140.20000000000002,2012
reggie bush,RB,41.7,82.20000000000002,23.92,4.74,268.0,210.8,2012
benjarvus green ellis,RB,42.7,16.599999999999994,18.45,0.95,194.0,177.8,2012
percy harvin,WR,44.2,105.79999999999998,27.85,3.95,174.0,163.3,2012
dez bryant,WR,44.4,49.900000000000006,19.759999999999998,8.020000000000001,104.0,298.6,2012
matt ryan,QB,46.4,64.70000000000005,28.590000000000003,12.219999999999999,337.48,372.86,2012
antonio brown,WR,47.4,35.5,19.450000000000003,4.3500000000000005,131.0,175.10000000000002,2012
marques colston,WR,49.6,86.0,29.290000000000003,8.66,109.0,258.40000000000003,2012
eric decker,WR,53.5,-7.099999999999994,20.95,0.75,98.0,269.4,2012
steve smith,WR,54.2,105.6,25.15,4.7,135.0,217.1,2012
steve smith,WR,54.2,105.6,25.15,4.7,135.0,27.1,2012
steve smith,WR,54.2,-131.0,9.18,2.9000000000000004,20.0,217.1,2012
steve smith,WR,54.2,-131.0,9.18,2.9000000000000004,20.0,27.1,2012
peyton hillis,RB,54.7,-29.299999999999997,18.789999999999992,2.39,195.0,53.1,2012
donald brown,RB,54.9,-21.900000000000006,16.34,3.89,153.0,66.0,2012
eli manning,QB,57.3,74.04000000000002,31.560000000000002,12.24,346.82,286.92,2012
brandon lloyd,WR,58.0,36.20000000000002,20.32,5.000000000000001,148.0,189.1,2012
shonn greene,RB,59.6,51.5,22.65,3.3499999999999996,294.0,188.4,2012
mike wallace,WR,60.1,84.6,23.2,7.65,118.0,196.3,2012
desean jackson,WR,64.8,21.80000000000001,21.0,4.68,111.0,126.3,2012
kevin smith,RB,65.5,-12.400000000000006,35.50000000000001,5.32,104.0,43.300000000000004,2012
demaryius thomas,WR,65.7,-48.8,22.209999999999997,1.8,71.0,297.40000000000003,2012
torrey smith,WR,68.1,19.599999999999994,24.979999999999997,2.2200000000000006,100.0,183.4,2012
jeremy maclin,WR,71.6,18.599999999999994,18.44,2.68,98.0,196.70000000000002,2012
dwayne bowe,WR,71.7,67.70000000000002,20.85,6.300000000000001,142.0,157.1,2012
tony romo,QB,72.9,71.18000000000006,31.67,10.560000000000002,343.96000000000004,337.92,2012
jason witten,TE,74.9,39.89999999999998,17.35,6.6000000000000005,117.0,231.9,2012
steve johnson,WR,75.4,58.0,22.45,5.25,134.0,219.60000000000002,2012
vincent jackson,WR,78.6,69.30000000000001,34.3,3.85,118.0,258.4,2012
michael bush,RB,79.7,83.5,20.9,3.85,303.0,88.4,2012
fred davis,TE,81.7,-6.700000000000017,19.740000000000002,5.960000000000001,88.0,56.6,2012
miles austin,WR,82.6,-17.19999999999999,22.109999999999992,3.96,75.0,196.3,2012
philip rivers,QB,82.7,43.78000000000003,28.93,9.96,316.56,274.24,2012
c j spiller,RB,84.8,17.0,20.9,0.55,160.0,261.3,2012
reggie wayne,WR,85.6,34.599999999999994,23.400000000000002,6.0,131.0,271.0,2012
jonathan stewart,RB,85.7,53.400000000000006,17.4,6.55,203.0,78.3,2012
pierre garcon,WR,86.5,43.099999999999994,29.05,5.2,138.0,132.20000000000002,2012
tony gonzalez,TE,87.6,46.19999999999999,18.85,4.15,116.0,234.0,2012
kenny britt,WR,89.6,-96.5,30.18,9.54,26.0,127.9,2012
jay cutler,QB,90.3,-104.51999999999998,23.255999999999997,6.276,168.26,230.62,2012
jacquizz rodgers,RB,91.7,-68.7,8.45,1.3,84.0,141.4,2012
toby gerhart,RB,96.8,-21.900000000000006,20.74,0.6000000000000001,137.0,58.4,2012
rashard mendenhall,RB,101.3,39.20000000000002,20.36,5.0200000000000005,256.0,39.4,2012
greg olsen,TE,102.0,-34.30000000000001,16.65,0.7,89.0,183.3,2012
jacob tamme,TE,105.9,-120.60000000000001,9.580000000000002,0.0,31.0,119.5,2012
nate washington,WR,110.8,64.4,24.1,4.0,123.0,144.6,2012
lance moore,WR,113.2,2.299999999999983,23.380000000000003,4.46,73.0,205.10000000000002,2012
danny amendola,WR,117.7,-150.9,9.5,9.5,6.0,148.4,2012
jonathan dwyer,RB,118.9,-127.1,10.000000000000002,0.8,17.0,102.9,2012
jermaine gresham,TE,119.9,-11.699999999999989,17.560000000000002,5.11,92.0,167.7,2012
evan royster,RB,120.4,-92.39999999999999,18.200000000000003,0.8,69.0,46.7,2012
brandon lafell,WR,132.4,-45.10000000000001,13.7,2.44,56.0,139.20000000000002,2012
kyle rudolph,TE,132.8,-94.4,9.46,0.30000000000000004,39.0,156.3,2012
josh freeman,QB,141.1,-29.69999999999996,23.524,10.316,243.08,304.5,2012
greg little,WR,145.0,-15.0,16.7,3.35,124.0,143.2,2012
adrian peterson,RB,1.2,208.49999999999997,32.05,11.85,399.0,238.7,2013
jamaal charles,RB,3.2,104.60000000000002,28.05,5.5,333.0,382.0,2013
doug martin,RB,3.6,172.70000000000002,31.200000000000003,7.95,389.0,70.2,2013
arian foster,RB,3.8,165.20000000000002,25.25,14.9,409.0,106.5,2013
calvin johnson,WR,5.6,181.00000000000003,34.8,9.0,204.0,305.2,2013
c j spiller,RB,6.3,120.4,24.35,6.0,264.0,156.8,2013
ray rice,RB,7.4,142.20000000000002,25.200000000000003,8.75,340.0,180.1,2013
marshawn lynch,RB,7.6,132.70000000000002,26.25,8.55,345.0,277.3,2013
lesean mccoy,RB,8.2,64.4,21.04,14.31,267.0,332.6,2013
trent richardson,RB,8.3,113.79999999999998,22.759999999999998,6.200000000000001,337.0,146.9,2013
alfred morris,RB,12.5,117.1,22.450000000000003,8.25,351.0,186.3,2013
matt forte,RB,12.7,82.5,20.76,6.180000000000001,308.0,339.3,2013
dez bryant,WR,13.7,131.20000000000002,33.8,4.050000000000001,138.0,294.4,2013
jimmy graham,TE,14.3,89.60000000000002,24.38,8.340000000000002,135.0,303.5,2013
chris johnson,RB,15.5,78.60000000000002,22.75,4.3500000000000005,325.0,244.20000000000002,2013
steven jackson,RB,16.0,57.70000000000002,18.700000000000003,6.300000000000001,311.0,148.4,2013
a j green,WR,17.2,134.4,28.1,7.6,168.0,306.6,2013
reggie bush,RB,17.5,69.9,25.1,5.95,278.0,247.2,2013
brandon marshall,WR,19.3,167.20000000000002,32.2,9.55,195.0,301.5,2013
stevan ridley,RB,19.4,68.5,21.85,4.050000000000001,304.0,135.5,2013
maurice jones drew,RB,19.7,-64.9,21.5,3.75,104.0,191.02,2013
julio jones,WR,22.0,94.4,26.950000000000003,5.9,135.0,111.7,2013
david wilson,RB,25.1,-67.7,13.2,0.0,80.0,23.4,2013
demaryius thomas,WR,25.5,130.00000000000003,26.85,9.05,141.0,319.0,2013
frank gore,RB,26.2,85.9,19.5,7.7,294.0,196.9,2013
demarco murray,RB,26.6,9.5,20.3,10.690000000000001,203.0,260.1,2013
larry fitzgerald,WR,27.9,7.400000000000006,20.85,1.75,156.0,238.20000000000002,2013
darren sproles,RB,28.0,73.19999999999999,23.960000000000004,8.9,152.0,177.4,2013
lamar miller,RB,28.9,-99.4,8.340000000000002,1.1800000000000002,60.0,125.9,2013
randall cobb,WR,30.5,69.20000000000002,23.22,7.120000000000001,114.0,106.1,2013
drew brees,QB,30.7,120.82,37.28,17.39,433.58,439.68,2013
aaron rodgers,QB,31.8,115.83999999999997,38.69,13.56,428.59999999999997,203.44,2013
darren mcfadden,RB,32.6,15.599999999999994,19.44,4.930000000000001,278.0,102.34,2013
rob gronkowski,TE,33.7,52.400000000000006,32.7,7.5,80.0,122.2,2013
andre johnson,WR,34.2,128.4,29.950000000000003,6.3,163.0,279.7,2013
roddy white,WR,34.4,101.70000000000002,31.0,5.2,143.0,152.10000000000002,2013
victor cruz,WR,38.8,87.80000000000001,27.05,4.8,143.0,196.8,2013
vincent jackson,WR,41.0,90.99999999999997,24.450000000000003,7.0,147.0,242.39999999999998,2013
peyton manning,QB,42.2,74.20000000000005,31.009999999999998,15.129999999999999,386.96000000000004,531.98,2013
dwayne bowe,WR,43.4,-10.300000000000011,22.220000000000006,6.0200000000000005,114.0,154.3,2013
jason witten,TE,44.8,84.30000000000001,24.400000000000002,6.4,149.0,206.1,2013
vernon davis,TE,45.3,-21.799999999999983,18.3,0.7,61.0,215.0,2013
danny amendola,WR,45.7,-19.0,21.200000000000003,4.800000000000001,103.0,129.4,2013
ryan mathews,RB,45.7,0.0,13.23,6.66,241.0,212.4,2013
marques colston,WR,47.2,91.00000000000003,27.8,8.45,130.0,199.3,2013
wes welker,WR,47.4,123.99999999999997,28.85,9.4,177.0,210.8,2013
reggie wayne,WR,50.5,103.6,21.65,8.55,196.0,100.80000000000001,2013
chris ivory,RB,52.5,-103.7,13.75,1.3,43.0,104.3,2013
ahmad bradshaw,RB,52.6,44.099999999999994,21.230000000000004,3.7500000000000004,252.0,41.8,2013
daryl richardson,RB,54.2,-53.10000000000001,11.4,1.45,134.0,47.6,2013
shane vereen,RB,54.4,-68.9,11.98,1.4,75.0,134.5,2013
tony gonzalez,TE,56.0,86.4,27.700000000000003,6.1000000000000005,124.0,216.9,2013
pierre garcon,WR,56.1,-35.19999999999999,21.269999999999996,3.45,69.0,279.5,2013
hakeem nicks,WR,57.3,-27.19999999999999,18.5,2.5000000000000004,100.0,145.6,2013
tom brady,QB,57.4,95.51999999999998,36.94,17.61,408.28,303.52,2013
cam newton,QB,58.3,54.700000000000045,38.14,10.8,367.46000000000004,347.66,2013
jordy nelson,WR,59.9,-1.9000000000000057,25.910000000000004,2.1900000000000004,73.0,264.40000000000003,2013
matt ryan,QB,61.1,60.10000000000002,35.15,11.930000000000001,372.86,308.1,2013
antonio brown,WR,62.8,7.700000000000017,21.42,6.36,113.0,308.90000000000003,2013
torrey smith,WR,63.7,16.0,21.55,2.0500000000000003,113.0,201.8,2013
rashard mendenhall,RB,64.5,-101.5,13.55,1.6500000000000001,62.0,148.1,2013
deangelo williams,RB,65.9,6.5,20.800000000000004,1.0,193.0,167.60000000000002,2013
eric decker,WR,66.6,101.99999999999997,26.950000000000003,6.5,122.0,281.8,2013
matthew stafford,QB,70.4,9.819999999999993,30.4,12.52,322.58,340.90000000000003,2013
desean jackson,WR,71.7,-41.10000000000001,19.0,2.5,91.0,269.4,2013
colin kaepernick,QB,72.1,-114.69999999999999,23.376,2.1360000000000006,198.06,314.28000000000003,2013
mike wallace,WR,73.0,28.900000000000006,23.199999999999996,2.8000000000000003,124.0,199.3,2013
kyle rudolph,TE,73.2,8.700000000000017,18.5,0.0,94.0,79.30000000000001,2013
mark ingram,RB,75.5,-41.8,13.399999999999999,1.3,166.0,58.4,2013
steve smith,WR,75.6,49.69999999999999,19.0,8.6,141.0,162.5,2013
steve smith,WR,75.6,-140.3,6.66,0.0,25.0,162.5,2013
benjarvus green ellis,RB,75.9,36.900000000000006,17.56,4.320000000000001,307.0,123.80000000000001,2013
jermichael finley,TE,78.1,-7.900000000000006,15.4,3.4000000000000004,87.0,73.0,2013
james jones,WR,78.5,59.0,22.84,4.94,98.0,158.70000000000002,2013
ben tate,RB,78.6,-85.1,5.800000000000001,1.3,76.0,149.1,2013
andrew luck,QB,78.8,19.69999999999999,31.35,11.899999999999999,332.46,334.58,2013
ronnie hillman,RB,78.8,-85.7,8.930000000000001,1.02,97.0,51.7,2013
robert griffin,QB,79.3,48.74000000000001,37.071999999999996,13.888,361.5,249.02,2013
antonio gates,TE,80.2,-2.799999999999983,14.739999999999998,3.5200000000000005,80.0,188.2,2013
tony romo,QB,81.9,25.160000000000025,31.93,12.129999999999999,337.92,322.92,2013
t y hilton,WR,83.3,13.599999999999994,21.9,3.4800000000000004,95.0,220.9,2013
cecil shorts,WR,83.9,27.099999999999994,20.64,3.1500000000000004,106.0,161.7,2013
anquan boldin,WR,85.7,14.0,20.9,3.7800000000000007,113.0,246.0,2013
fred jackson,RB,88.8,-17.5,26.15,3.2100000000000004,157.0,234.7,2013
bryce brown,RB,88.9,-41.900000000000006,19.900000000000002,0.35000000000000003,134.0,59.8,2013
russell wilson,QB,89.9,20.860000000000014,31.58,7.5,333.62,332.18,2013
miles austin,WR,90.6,28.900000000000006,19.0,2.55,119.0,48.4,2013
bernard pierce,RB,91.6,-70.0,9.62,1.54,119.0,86.0,2013
danny woodhead,RB,91.6,15.800000000000011,19.139999999999997,3.3400000000000003,131.0,227.4,2013
greg jennings,WR,91.8,-70.80000000000001,21.849999999999998,6.640000000000001,62.0,172.4,2013
jared cook,TE,92.8,-27.299999999999997,13.960000000000003,5.380000000000001,72.0,148.1,2013
greg olsen,TE,95.0,35.70000000000002,18.85,5.5,104.0,190.6,2013
steve johnson,WR,95.3,52.20000000000002,18.6,7.15,148.0,130.7,2013
vick ballard,RB,96.4,-9.300000000000011,14.65,1.25,238.0,6.800000000000001,2013
josh gordon,WR,98.1,-6.900000000000006,20.55,2.1500000000000004,95.0,314.40000000000003,2013
mike williams,WR,99.5,50.31999999999999,21.3,6.41,126.0,55.6,2013
pierre thomas,RB,102.4,-7.200000000000017,16.82,2.8800000000000003,158.0,213.20000000000002,2013
kenny britt,WR,103.1,-39.5,14.970000000000004,2.42,90.0,20.6,2013
eli manning,QB,103.7,-25.839999999999975,31.130000000000003,3.8499999999999996,286.92,210.32,2013
golden tate,WR,106.3,-2.680000000000007,20.78,2.0600000000000005,70.0,186.9,2013
brandon myers,TE,111.4,36.0,21.7,3.35,105.0,123.2,2013
jacquizz rodgers,RB,112.2,0.5,15.850000000000001,2.8500000000000005,153.0,143.3,2013
lance moore,WR,112.3,37.70000000000002,20.38,5.2,104.0,94.7,2013
mikel leshoure,RB,113.8,48.29999999999998,21.06000000000001,6.61,263.0,0.9,2013
isaiah pead,RB,115.0,-130.9,2.2099999999999995,0.0,14.0,20.900000000000002,2013
owen daniels,TE,116.0,22.0,18.5,5.7,104.0,67.2,2013
andy dalton,QB,116.6,0.0,29.92,8.02,312.76,360.02,2013
michael bush,RB,116.9,-52.5,16.02,1.1600000000000006,125.0,52.5,2013
emmanuel sanders,WR,123.5,-54.400000000000006,11.100000000000001,3.5500000000000003,75.0,179.5,2013
lamichael james,RB,123.7,-122.5,5.32,3.64,32.0,9.5,2013
jordan cameron,TE,124.5,-99.0,8.360000000000003,0.0,40.0,213.70000000000002,2013
ben roethlisberger,QB,124.7,-32.95999999999998,29.896000000000004,11.884000000000002,279.8,326.84,2013
chris givens,WR,125.7,-36.400000000000006,18.240000000000002,1.1600000000000004,83.0,91.7,2013
martellus bennett,TE,126.2,0.0,18.700000000000003,2.2,90.0,170.9,2013
jay cutler,QB,126.4,-82.13999999999999,23.964,5.392,230.62,206.64,2013
carson palmer,QB,128.0,-38.44,24.804,7.840000000000001,274.32,271.26,2013
michael floyd,WR,130.8,-54.2,12.079999999999998,2.1000000000000005,86.0,199.1,2013
fred davis,TE,132.4,-91.0,13.000000000000002,3.02,33.0,20.0,2013
knowshon moreno,RB,132.7,-26.700000000000003,22.22,5.83,164.0,296.6,2013
shonn greene,RB,134.3,47.5,21.4,4.45,307.0,63.400000000000006,2013
bilal powell,RB,134.6,-42.2,13.650000000000002,1.8900000000000001,146.0,140.1,2013
sidney rice,WR,135.0,1.0,18.6,2.8000000000000003,84.0,56.1,2013
matt schaub,QB,136.4,-44.94,28.11,6.25,267.82,126.80000000000001,2013
joique bell,RB,137.2,19.0,15.950000000000001,4.800000000000001,151.0,220.7,2013
joe flacco,QB,137.4,-27.879999999999995,30.47,6.670000000000001,284.88,245.58,2013
isaac redman,RB,138.5,-44.5,14.400000000000006,1.31,133.0,6.6,2013
alshon jeffery,WR,138.7,-88.7,14.929999999999998,1.5300000000000002,48.0,283.6,2013
justin blackmon,WR,138.7,15.400000000000006,20.95,1.7000000000000002,134.0,76.4,2013
sam bradford,QB,142.7,-46.27999999999997,26.2,9.29,266.48,146.58,2013
ryan broyles,WR,147.5,-102.4,15.450000000000001,0.9100000000000001,32.0,16.5,2013
josh freeman,QB,147.9,-8.259999999999991,29.0,9.370000000000001,304.5,36.44,2013
brandon pettigrew,TE,148.9,-13.900000000000006,14.340000000000002,3.7200000000000006,102.0,94.6,2013
roy helu,RB,149.0,-129.20000000000002,5.5600000000000005,1.8,9.0,107.5,2013
denarius moore,WR,149.1,-0.8000000000000114,19.96,4.5600000000000005,115.0,145.5,2013
legarrette blount,RB,149.2,-112.6,8.11,0.16000000000000003,43.0,125.0,2013
rueben randle,WR,150.0,-100.6,13.480000000000004,0.0,32.0,138.1,2013
lesean mccoy,RB,2.0,183.50000000000003,32.6,12.3,378.0,205.4,2014
jamaal charles,RB,2.5,232.9,31.1,16.16,363.0,256.40000000000003,2014
calvin johnson,WR,4.1,139.49999999999997,36.32,7.42,157.0,226.70000000000002,2014
matt forte,RB,4.2,190.20000000000002,30.700000000000003,11.45,383.0,346.6,2014
adrian peterson,RB,5.3,89.6,26.490000000000002,5.94,319.0,11.3,2014
eddie lacy,RB,6.2,95.4,25.46,7.700000000000001,328.0,276.6,2014
demaryius thomas,WR,6.7,153.29999999999998,31.35,10.45,142.0,338.90000000000003,2014
jimmy graham,TE,7.8,155.4,33.25,7.300000000000001,143.0,233.9,2014
dez bryant,WR,9.1,128.69999999999996,30.6,7.4,161.0,316.0,2014
montee ball,RB,10.4,-34.69999999999999,15.4,0.8,147.0,38.4,2014
peyton manning,QB,10.4,218.24,42.790000000000006,20.01,531.98,390.68,2014
a j green,WR,11.5,140.9,28.900000000000002,10.600000000000001,178.0,209.3,2014
julio jones,WR,13.3,-54.000000000000014,29.6,17.24,61.0,299.40000000000003,2014
brandon marshall,WR,13.9,135.79999999999998,28.700000000000003,9.35,163.0,181.1,2014
demarco murray,RB,14.2,111.00000000000003,28.340000000000003,11.98,283.0,361.1,2014
marshawn lynch,RB,15.9,128.20000000000002,28.9,7.050000000000001,345.0,306.3,2014
giovani bernard,RB,16.7,75.80000000000001,22.75,5.800000000000001,240.0,187.9,2014
jordy nelson,WR,17.8,98.70000000000002,26.05,8.700000000000001,127.0,327.90000000000003,2014
antonio brown,WR,18.4,143.20000000000002,28.85,11.5,173.0,384.9,2014
drew brees,QB,19.1,125.94,41.95,14.510000000000002,439.68,375.98,2014
doug martin,RB,20.9,-78.89999999999999,14.4,7.75,151.0,80.80000000000001,2014
alshon jeffery,WR,21.9,117.9,31.1,6.9,166.0,261.6,2014
aaron rodgers,QB,22.2,-110.30000000000001,33.07600000000001,11.724,203.44,432.14,2014
andre ellington,RB,22.5,16.200000000000017,20.040000000000003,3.3,175.0,181.5,2014
randall cobb,WR,25.0,-59.60000000000002,26.1,9.850000000000001,51.0,295.4,2014
arian foster,RB,25.8,-42.599999999999994,25.39,0.7700000000000001,156.0,279.5,2014
julius thomas,TE,26.2,67.70000000000002,25.54000000000001,8.39,90.0,163.9,2014
keenan allen,WR,28.0,57.89999999999998,24.82,6.24,104.0,179.3,2014
shane vereen,RB,28.5,-14.599999999999994,26.29,7.13,113.0,165.8,2014
rob gronkowski,TE,29.7,-25.89999999999999,26.540000000000003,5.0,66.0,266.4,2014
zac stacy,RB,32.5,36.30000000000001,20.780000000000005,7.800000000000001,285.0,68.5,2014
roddy white,WR,33.1,-13.599999999999994,24.060000000000002,3.66,97.0,214.1,2014
reggie bush,RB,33.3,98.1,28.560000000000002,8.15,303.0,107.0,2014
alfred morris,RB,34.2,37.20000000000002,15.05,6.15,288.0,187.9,2014
vincent jackson,WR,34.7,76.69999999999996,32.45,5.25,161.0,182.2,2014
andre johnson,WR,36.4,113.99999999999997,27.5,6.35,181.0,196.6,2014
rashad jennings,RB,38.4,25.400000000000006,24.3,1.7200000000000002,210.0,140.5,2014
pierre garcon,WR,40.4,113.79999999999998,27.1,11.200000000000001,183.0,161.2,2014
emmanuel sanders,WR,40.5,13.799999999999983,16.85,3.15,113.0,299.8,2014
larry fitzgerald,WR,42.0,72.5,25.85,5.050000000000001,136.0,153.4,2014
c j spiller,RB,42.1,7.700000000000017,17.98,3.64,242.0,67.5,2014
toby gerhart,RB,42.8,-87.0,10.76,0.6400000000000002,55.0,83.2,2014
victor cruz,WR,43.8,31.099999999999994,28.62000000000002,4.94,122.0,62.7,2014
percy harvin,WR,44.2,-163.00000000000003,2.7,2.7,1.0,131.5,2014
joique bell,RB,45.9,71.6,24.700000000000003,4.2,235.0,200.20000000000002,2014
michael floyd,WR,46.3,33.39999999999998,19.15,5.15,112.0,167.29999999999998,2014
julian edelman,WR,48.3,81.99999999999997,29.45,4.2,153.0,222.6,2014
matthew stafford,QB,48.4,27.160000000000025,30.5,8.120000000000001,340.90000000000003,299.58,2014
michael crabtree,WR,49.8,-112.30000000000001,15.38,6.74,33.0,162.20000000000002,2014
ryan mathews,RB,50.8,63.30000000000001,20.35,4.6000000000000005,318.0,66.9,2014
jordan cameron,TE,51.0,65.60000000000002,26.580000000000002,5.660000000000001,118.0,78.4,2014
pierre thomas,RB,55.0,64.10000000000002,24.05,6.65,231.0,123.0,2014
t y hilton,WR,55.2,55.19999999999999,28.75,4.0,140.0,260.5,2014
andrew luck,QB,55.2,20.839999999999975,32.47,11.91,334.58,443.73999999999995,2014
frank gore,RB,56.3,47.80000000000001,21.0,4.199999999999999,302.0,162.7,2014
torrey smith,WR,56.4,36.099999999999994,19.700000000000003,3.95,137.0,191.70000000000002,2014
ben tate,RB,58.3,0.0,14.920000000000003,6.390000000000001,230.0,76.10000000000001,2014
chris johnson,RB,60.0,95.10000000000002,22.6,7.7,331.0,117.4,2014
tom brady,QB,61.4,-10.220000000000027,29.29,7.85,303.52,350.06,2014
desean jackson,WR,61.7,103.69999999999996,30.25,5.6000000000000005,128.0,209.60000000000002,2014
kendall wright,WR,61.8,48.19999999999999,20.55,4.95,140.0,169.9,2014
vernon davis,TE,62.8,66.9,24.239999999999995,2.7200000000000006,84.0,62.9,2014
marques colston,WR,65.4,33.599999999999994,23.500000000000004,4.0200000000000005,110.0,179.2,2014
jason witten,TE,66.6,58.0,25.3,3.85,111.0,164.3,2014
matt ryan,QB,67.6,-5.639999999999986,26.9,11.82,308.1,342.26,2014
wes welker,WR,69.1,45.099999999999994,25.560000000000006,6.86,111.0,107.4,2014
danny woodhead,RB,70.0,78.30000000000001,22.75,5.35,193.0,12.2,2014
maurice jones drew,RB,73.0,41.920000000000016,17.88,4.08,294.0,27.700000000000003,2014
trent richardson,RB,73.2,-2.1999999999999886,13.7,4.15,240.0,119.8,2014
kyle rudolph,TE,73.2,-68.79999999999998,16.65,4.07,46.0,59.1,2014
golden tate,WR,73.4,21.19999999999999,24.450000000000003,4.05,101.0,259.1,2014
nick foles,QB,73.9,0.0,36.98400000000001,6.152,313.74,151.32000000000002,2014
mike wallace,WR,76.1,33.599999999999994,23.75,4.050000000000001,144.0,214.8,2014
darren sproles,RB,77.6,28.30000000000001,23.479999999999997,4.36,142.0,147.6,2014
reggie wayne,WR,79.9,-64.9,22.040000000000003,9.84,59.0,153.9,2014
fred jackson,RB,80.9,85.6,22.05,8.3,272.0,186.60000000000002,2014
jordan reed,TE,81.4,-33.39999999999999,20.240000000000002,7.48,61.0,96.5,2014
jay cutler,QB,81.8,-107.10000000000002,26.58,13.459999999999999,206.64,315.58,2014
eric decker,WR,83.3,116.1,32.05,5.7,136.0,200.2,2014
tony romo,QB,85.5,9.180000000000007,26.664,12.624,322.92,340.3,2014
knowshon moreno,RB,85.7,147.50000000000003,28.0,8.7,315.0,22.599999999999998,2014
terrance williams,WR,86.4,-17.700000000000017,17.419999999999998,5.0200000000000005,77.0,147.1,2014
steven jackson,RB,86.9,-0.6999999999999886,19.990000000000002,5.28,206.0,141.5,2014
lamar miller,RB,87.7,-23.19999999999999,14.850000000000001,1.75,212.0,229.4,2014
greg olsen,TE,88.2,42.5,16.4,5.7,111.0,220.8,2014
dennis pitta,TE,91.4,-105.19999999999999,16.05,5.300000000000001,33.0,28.5,2014
bernard pierce,RB,94.5,-63.099999999999994,10.65,1.85,177.0,51.9,2014
cam newton,QB,94.5,33.920000000000016,33.99,10.33,347.66,292.98,2014
justin hunter,WR,95.0,-88.30000000000003,19.200000000000006,0.0,42.0,95.8,2014
zach ertz,TE,97.5,-41.19999999999999,16.7,1.5,56.0,146.2,2014
mark ingram,RB,99.5,-90.69999999999999,10.0,1.1,89.0,193.9,2014
rueben randle,WR,100.9,-27.600000000000023,15.8,0.0,79.0,182.8,2014
riley cooper,WR,100.9,14.599999999999994,23.6,3.35,84.0,130.70000000000002,2014
stevan ridley,RB,101.6,-13.599999999999994,20.97000000000001,3.58,190.0,52.00000000000001,2014
philip rivers,QB,102.3,41.68000000000001,32.91,13.469999999999999,355.42,331.64,2014
colin kaepernick,QB,103.6,0.5400000000000205,29.68,6.890000000000001,314.28000000000003,298.66,2014
russell wilson,QB,106.1,18.439999999999998,30.889999999999997,11.84,332.18,368.6,2014
dwayne bowe,WR,108.2,-11.400000000000006,15.98,3.1800000000000006,103.0,135.4,2014
deandre hopkins,WR,109.0,-21.5,14.75,1.8,91.0,233.0,2014
robert griffin,QB,109.9,-64.72,30.036,8.652000000000001,249.02,103.35999999999999,2014
danny amendola,WR,113.0,-36.30000000000001,22.020000000000003,2.3400000000000003,84.0,53.0,2014
hakeem nicks,WR,115.0,-20.100000000000023,17.66,2.8200000000000007,101.0,102.5,2014
anquan boldin,WR,115.3,80.29999999999998,28.7,4.7,131.0,219.6,2014
deangelo williams,RB,116.4,18.50000000000003,15.5,6.779999999999999,237.0,31.3,2014
martellus bennett,TE,117.4,22.80000000000001,16.6,3.2,94.0,217.6,2014
darren mcfadden,RB,118.8,-46.75999999999999,19.91,2.38,139.0,122.6,2014
markus wheaton,WR,119.0,-153.3,5.84,0.0,13.0,131.3,2014
steve smith,WR,121.0,-3.200000000000017,17.02,6.040000000000001,110.0,221.5,2014
andy dalton,QB,122.6,46.27999999999997,37.81,8.85,360.02,265.62,2014
cecil shorts,WR,124.2,-4.000000000000028,18.4,4.6000000000000005,125.0,121.98,2014
ahmad bradshaw,RB,124.8,-107.3,19.560000000000002,6.92,49.0,158.5,2014
jarrett boykin,WR,127.0,-30.600000000000023,18.32,0.0,83.0,5.300000000000001,2014
ben roethlisberger,QB,128.4,13.099999999999966,34.58,11.64,326.84,374.18,2014
khiry robinson,RB,129.4,-120.69999999999999,5.629999999999998,0.36000000000000004,54.0,68.5,2014
charles clay,TE,130.1,40.30000000000001,21.5,6.3,109.0,136.5,2014
kenny britt,WR,132.7,-145.10000000000002,5.99,0.0,35.0,142.2,2014
lance dunbar,RB,133.1,-121.19999999999999,7.74,0.4900000000000001,37.0,49.6,2014
greg jennings,WR,133.2,6.699999999999989,22.84,4.84,105.0,169.20000000000002,2014
carson palmer,QB,133.7,-42.48000000000002,26.08,5.760000000000001,271.26,127.54,2014
brian hartline,WR,136.4,35.900000000000006,21.25,6.65,133.0,98.4,2014
ladarius green,TE,137.1,-75.5,12.38,0.0,30.0,41.6,2014
kenny stills,WR,137.5,-38.60000000000001,15.95,0.65,53.0,173.9,2014
andrew hawkins,WR,137.8,-133.5,10.19,-0.09,20.0,158.9,2014
legarrette blount,RB,138.1,-24.099999999999994,16.0,1.0,158.0,100.1,2014
heath miller,TE,138.1,-24.799999999999983,14.61,4.0,78.0,160.10000000000002,2014
shonn greene,RB,139.1,-85.69999999999999,16.1,0.4,84.0,53.5,2014
chris ivory,RB,142.4,-44.8,14.92,1.2600000000000002,189.0,154.4,2014
jonathan stewart,RB,143.3,-119.69999999999999,7.85,2.5500000000000003,55.0,148.0,2014
tavon austin,WR,145.5,-38.80000000000001,22.480000000000004,1.5600000000000003,78.0,89.6,2014
ryan tannehill,QB,147.6,-17.420000000000016,27.520000000000003,12.24,296.32,337.5,2014
adrian peterson,RB,1.8,-126.00000000000001,11.3,11.3,24.0,266.7,2015
antonio brown,WR,2.5,205.7,32.09,16.2,185.0,382.2,2015
eddie lacy,RB,4.0,139.3,27.700000000000003,6.5,301.0,144.6,2015
jamaal charles,RB,4.5,119.10000000000002,29.919999999999998,6.74,265.0,105.1,2015
julio jones,WR,6.2,120.20000000000005,36.22,10.120000000000001,164.0,371.1,2015
dez bryant,WR,7.6,136.8,30.7,9.9,137.0,89.1,2015
marshawn lynch,RB,8.6,169.0,29.55,8.25,328.0,80.7,2015
demaryius thomas,WR,9.1,159.70000000000005,36.900000000000006,7.95,184.0,271.40000000000003,2015
rob gronkowski,TE,10.3,105.09999999999997,24.38,11.38,131.0,255.6,2015
odell beckham,WR,11.4,117.80000000000001,36.49,14.49,137.0,319.3,2015
calvin johnson,WR,13.1,47.50000000000003,34.28000000000001,4.420000000000002,128.0,263.4,2015
matt forte,RB,13.7,209.3,31.75,11.450000000000001,396.0,214.7,2015
jeremy hill,RB,14.4,77.6,24.450000000000003,4.5,254.0,174.3,2015
randall cobb,WR,15.9,116.19999999999999,24.450000000000003,9.75,138.0,202.9,2015
a j green,WR,16.7,30.100000000000023,25.51,5.760000000000001,118.0,275.7,2015
andrew luck,QB,16.9,112.09999999999997,39.48,19.09,443.73999999999995,160.84,2015
demarco murray,RB,17.6,223.8,27.55,14.65,456.0,188.4,2015
justin forsett,RB,19.3,107.6,22.950000000000003,8.35,294.0,122.4,2015
brandin cooks,WR,20.6,-39.89999999999998,23.029999999999998,6.550000000000001,76.0,253.6,2015
lamar miller,RB,22.3,92.1,22.25,7.0,268.0,233.9,2015
t y hilton,WR,22.8,81.30000000000001,33.199999999999996,6.840000000000001,133.0,211.4,2015
lesean mccoy,RB,24.4,68.1,20.4,3.6,349.0,180.70000000000002,2015
alshon jeffery,WR,26.1,82.40000000000003,24.900000000000002,6.550000000000001,151.0,158.70000000000002,2015
aaron rodgers,QB,27.1,100.5,35.86,12.02,432.14,363.24,2015
frank gore,RB,27.7,25.399999999999977,19.35,2.8,274.0,199.4,2015
deandre hopkins,WR,28.7,53.80000000000001,21.2,5.65,127.0,329.1,2015
mike evans,WR,30.0,65.90000000000003,29.039999999999996,8.9,123.0,212.60000000000002,2015
mark ingram,RB,31.0,56.599999999999994,23.080000000000005,6.48,262.0,203.4,2015
emmanuel sanders,WR,31.9,120.60000000000002,25.5,9.600000000000001,149.0,228.4,2015
latavius murray,RB,33.2,-51.60000000000001,13.780000000000001,0.0,105.0,206.8,2015
jimmy graham,TE,33.5,72.6,26.839999999999996,5.54,124.0,120.5,2015
davante adams,WR,34.6,-78.59999999999998,14.26,1.7200000000000002,66.0,104.3,2015
jarvis landry,WR,36.6,10.200000000000017,18.7,5.550000000000001,114.0,267.36,2015
arian foster,RB,37.5,142.2,30.780000000000005,13.28,319.0,79.0,2015
andre johnson,WR,37.7,17.400000000000006,21.06,5.98,147.0,115.30000000000001,2015
doug martin,RB,38.0,-56.5,13.100000000000001,2.6,154.0,242.3,2015
jeremy maclin,WR,38.8,97.60000000000002,31.599999999999998,7.3500000000000005,143.0,245.2,2015
julian edelman,WR,41.9,43.400000000000006,23.45,6.960000000000001,144.0,174.5,2015
golden tate,WR,43.5,79.90000000000003,27.25,8.25,149.0,211.4,2015
andre ellington,RB,43.7,44.19999999999999,23.259999999999998,10.51,265.0,76.7,2015
carlos hyde,RB,44.7,-61.2,9.450000000000001,2.2900000000000005,99.0,81.30000000000001,2015
greg olsen,TE,45.1,59.5,22.75,3.9000000000000004,123.0,229.4,2015
chris ivory,RB,47.6,17.099999999999994,16.25,3.7500000000000004,225.0,206.70000000000002,2015
alfred morris,RB,48.2,50.599999999999994,20.25,4.300000000000001,291.0,96.60000000000001,2015
keenan allen,WR,48.7,0.10000000000002274,23.17,4.03,121.0,163.5,2015
brandon marshall,WR,50.5,1.9000000000000057,27.280000000000005,6.26,106.0,343.2,2015
travis kelce,TE,50.6,21.899999999999977,17.45,6.65,87.0,189.5,2015
jonathan stewart,RB,53.0,10.699999999999989,19.900000000000002,6.74,206.0,166.8,2015
allen robinson,WR,53.5,-64.39999999999998,16.32,6.85,81.0,304.0,2015
peyton manning,QB,54.9,59.04000000000002,37.78999999999999,12.719999999999999,390.68,109.36,2015
joseph randle,RB,56.6,-78.7,10.430000000000005,0.55,56.0,74.1,2015
drew brees,QB,56.8,44.34000000000003,33.75,14.66,375.98,372.20000000000005,2015
c j spiller,RB,57.9,-69.80000000000001,12.200000000000001,2.7,100.0,81.1,2015
martellus bennett,TE,60.3,56.29999999999998,22.4,5.6,128.0,114.9,2015
sammy watkins,WR,62.5,20.80000000000004,25.200000000000003,4.0,130.0,218.8,2015
ben roethlisberger,QB,63.8,42.54000000000002,40.8,13.149999999999999,374.18,254.12,2015
john brown,WR,64.3,-32.19999999999999,19.75,2.55,106.0,209.5,2015
tom brady,QB,67.0,18.420000000000016,37.23,10.16,350.06,420.7,2015
martavis bryant,WR,67.2,-49.099999999999994,24.4,3.2800000000000002,52.0,172.2,2015
legarrette blount,RB,68.5,-37.20000000000002,14.839999999999996,1.4000000000000004,137.0,122.6,2015
russell wilson,QB,68.7,36.960000000000036,39.3,10.25,368.6,410.26,2015
danny woodhead,RB,69.0,-125.10000000000001,8.42,0.5,21.0,243.1,2015
vincent jackson,WR,70.1,3.0,19.55,3.35,142.0,105.30000000000001,2015
steve smith,WR,72.1,42.30000000000001,23.4,5.6,134.0,131.0,2015
desean jackson,WR,74.0,30.400000000000034,22.42,3.900000000000001,99.0,106.80000000000001,2015
giovani bernard,RB,75.5,50.599999999999994,24.440000000000005,6.36,227.0,181.20000000000002,2015
jordan cameron,TE,76.9,-82.9,17.94,1.49,48.0,91.6,2015
shane vereen,RB,77.9,28.5,17.900000000000002,4.1,173.0,158.4,2015
matt ryan,QB,78.2,10.620000000000005,33.53,13.39,342.26,283.94,2015
ryan mathews,RB,78.9,-70.4,16.65,6.75,84.0,130.5,2015
joique bell,RB,80.5,62.900000000000006,21.9,5.720000000000001,276.0,105.7,2015
tony romo,QB,80.8,8.660000000000025,33.071999999999996,11.96,340.3,52.66,2015
rashad jennings,RB,81.7,3.1999999999999886,23.6,3.2,208.0,168.9,2015
jason witten,TE,83.7,3.0,16.15,4.0,90.0,166.3,2015
larry fitzgerald,WR,84.1,-25.799999999999983,21.320000000000004,5.0200000000000005,104.0,284.5,2015
eddie royal,WR,84.6,4.0,24.25,2.95,94.0,66.7,2015
darren mcfadden,RB,84.6,-14.700000000000017,13.649999999999999,1.7000000000000002,211.0,199.70000000000002,2015
alfred blue,RB,86.4,-40.2,12.700000000000001,0.6000000000000001,187.0,113.7,2015
kendall wright,WR,88.0,-9.299999999999983,23.98000000000001,4.49,97.0,96.5,2015
ryan tannehill,QB,89.1,5.860000000000014,33.42,13.51,337.5,310.32,2015
owen daniels,TE,89.7,-36.60000000000001,17.16,2.16,79.0,115.7,2015
mike wallace,WR,89.9,35.60000000000002,21.25,7.3500000000000005,119.0,98.9,2015
markus wheaton,WR,94.1,-47.89999999999998,15.15,2.1500000000000004,90.0,148.9,2015
matthew stafford,QB,94.6,-32.06,30.38,6.28,299.58,358.78000000000003,2015
isaiah crowell,RB,95.4,-10.900000000000006,14.599999999999998,2.4200000000000004,162.0,137.8,2015
tyler eifert,TE,95.5,-154.60000000000002,6.7,6.7,3.0,191.5,2015
devonta freeman,RB,96.2,-48.000000000000014,10.95,2.5999999999999996,102.0,320.40000000000003,2015
anquan boldin,WR,97.3,40.400000000000006,21.95,5.1,132.0,171.9,2015
delanie walker,TE,98.0,14.699999999999989,20.06,4.9,106.0,242.4,2015
bishop sankey,RB,100.2,-37.10000000000001,10.95,2.15,175.0,59.2,2015
steve johnson,WR,101.3,-82.69999999999999,17.180000000000007,0.3600000000000003,50.0,112.70000000000002,2015
eric decker,WR,105.3,21.0,19.74,3.92,115.0,254.7,2015
eli manning,QB,105.9,5.860000000000014,31.43,7.860000000000001,337.5,365.38,2015
darren sproles,RB,106.4,10.299999999999983,16.259999999999998,3.6000000000000005,119.0,149.5,2015
brian quick,WR,106.8,-98.69999999999999,20.42,2.0,39.0,20.200000000000003,2015
tre mason,RB,109.0,0.0,15.22,4.49,205.0,53.5,2015
roddy white,WR,109.0,34.900000000000006,20.810000000000002,7.66,125.0,99.6,2015
kyle rudolph,TE,110.5,-102.20000000000002,11.020000000000001,0.0,34.0,128.5,2015
terrance williams,WR,112.4,-32.099999999999994,17.56,3.24,65.0,154.0,2015
philip rivers,QB,113.3,0.0,32.66,9.71,331.64,342.48,2015
ronnie hillman,RB,114.0,-35.000000000000014,25.599999999999998,3.5100000000000002,140.0,163.4,2015
marques colston,WR,118.3,0.0,17.34,7.5200000000000005,99.0,121.0,2015
cam newton,QB,119.1,-38.65999999999997,33.94400000000002,14.411999999999999,292.98,467.08000000000004,2015
pierre garcon,WR,119.3,-18.0,19.1,3.05,105.0,185.70000000000002,2015
knile davis,RB,121.2,-18.299999999999997,20.150000000000002,0.4,159.0,17.6,2015
teddy bridgewater,QB,122.5,-127.97999999999999,21.648,8.756,203.66,232.44,2015
michael floyd,WR,126.2,-11.900000000000006,18.25,0.8500000000000001,100.0,172.9,2015
zach ertz,TE,126.2,-15.100000000000023,15.2,2.05,89.0,172.3,2015
carson palmer,QB,128.4,-204.09999999999997,26.410000000000004,13.93,127.54,383.24,2015
deangelo williams,RB,129.1,-106.00000000000001,7.5,2.75,68.0,233.4,2015
reggie bush,RB,129.5,-30.30000000000001,21.799999999999997,3.5,132.0,8.7,2015
julius thomas,TE,130.5,2.5999999999999943,24.57,4.03,62.0,121.5,2015
torrey smith,WR,130.6,12.500000000000028,22.18,2.64,92.0,123.30000000000001,2015
michael crabtree,WR,135.6,-16.99999999999997,19.35,3.3,109.0,231.20000000000002,2015
brandon lafell,WR,139.6,33.400000000000006,24.8,1.5,121.0,89.4,2015
antonio gates,TE,140.4,61.79999999999998,25.3,4.6000000000000005,98.0,149.0,2015
roy helu,RB,142.7,-8.0,16.000000000000004,5.12,87.0,26.4,2015
dwayne allen,TE,145.1,-44.80000000000001,15.790000000000001,0.15000000000000013,50.0,33.0,2015
joe flacco,QB,146.0,-15.199999999999989,29.869999999999997,9.98,316.44,191.94,2015
colin kaepernick,QB,147.5,-32.97999999999996,29.060000000000002,10.9,298.66,122.20000000000002,2015
rueben randle,WR,147.7,3.6000000000000227,20.0,3.55,127.0,184.7,2015
doug baldwin,WR,148.4,-11.899999999999977,19.5,4.6000000000000005,99.0,268.90000000000003,2015
christine michael,RB,148.8,-117.60000000000001,3.589999999999999,0.07,36.0,28.900000000000002,2015
fred jackson,RB,149.9,49.30000000000001,18.820000000000004,7.130000000000001,231.0,79.7,2015
antonio brown,WR,1.2,208.89999999999998,42.300000000000004,8.35,196.0,307.3,2016
julio jones,WR,2.8,197.8,34.650000000000006,11.15,203.0,259.90000000000003,2016
odell beckham,WR,3.4,146.0,33.04,9.040000000000001,159.0,298.6,2016
david johnson,RB,3.4,66.20000000000002,20.85,3.5500000000000003,182.0,411.8,2016
todd gurley,RB,6.3,64.80000000000001,26.880000000000003,4.0200000000000005,255.0,200.20000000000002,2016
a j green,WR,6.4,102.39999999999998,27.0,8.45,132.0,186.4,2016
deandre hopkins,WR,6.4,155.8,29.8,9.45,192.0,197.4,2016
allen robinson,WR,9.2,130.7,30.3,9.100000000000001,151.0,197.3,2016
lamar miller,RB,9.8,88.30000000000001,27.200000000000003,4.5,251.0,193.10000000000002,2016
adrian peterson,RB,10.7,121.1,27.1,6.550000000000001,363.0,11.0,2016
brandon marshall,WR,13.0,169.89999999999998,31.3,11.350000000000001,173.0,155.8,2016
keenan allen,WR,13.8,-9.800000000000011,33.31,9.27,89.0,12.3,2016
rob gronkowski,TE,14.2,97.5,26.4,6.9,120.0,97.0,2016
mike evans,WR,15.7,39.30000000000001,24.02,6.48,148.0,300.1,2016
dez bryant,WR,16.4,-84.20000000000002,16.28,2.9400000000000004,72.0,184.0,2016
devonta freeman,RB,19.2,174.80000000000004,36.98,8.3,362.0,286.1,2016
jamaal charles,RB,19.4,-40.5,27.8,13.84,101.0,13.4,2016
amari cooper,WR,20.1,41.39999999999998,24.1,2.2,133.0,228.3,2016
lesean mccoy,RB,22.0,35.10000000000002,20.800000000000004,9.76,253.0,296.3,2016
alshon jeffery,WR,22.1,-14.599999999999994,27.82,7.46,94.0,146.1,2016
brandin cooks,WR,23.3,80.29999999999998,27.2,6.85,137.0,246.3,2016
eddie lacy,RB,24.0,-1.0,20.239999999999995,1.04,215.0,42.8,2016
mark ingram,RB,25.5,57.80000000000001,20.869999999999997,12.879999999999999,226.0,242.20000000000002,2016
jarvis landry,WR,26.9,94.06,23.35,10.75,184.0,233.3,2016
sammy watkins,WR,28.3,45.5,30.26,4.5,97.0,83.0,2016
t y hilton,WR,29.4,38.099999999999994,23.45,5.0,134.0,271.8,2016
demaryius thomas,WR,29.7,98.10000000000002,23.650000000000002,10.25,177.0,228.3,2016
doug martin,RB,30.8,96.70000000000002,24.4,6.35,332.0,87.5,2016
randall cobb,WR,31.5,29.599999999999994,19.75,5.550000000000001,142.0,148.3,2016
cam newton,QB,34.5,124.60000000000002,43.790000000000006,16.08,467.08000000000004,292.26,2016
jordan reed,TE,35.1,90.1,29.360000000000003,8.56,114.0,170.6,2016
julian edelman,WR,35.1,1.1999999999999886,28.46,10.18,91.0,232.3,2016
latavius murray,RB,35.8,61.20000000000002,20.8,8.75,319.0,210.20000000000002,2016
jeremy maclin,WR,37.3,71.89999999999998,29.54,6.660000000000001,127.0,109.5,2016
donte moncrief,WR,38.4,0.0,19.15,2.4,105.0,102.6,2016
aaron rodgers,QB,38.7,20.75999999999999,34.29,12.0,363.24,464.02,2016
demarco murray,RB,40.3,42.80000000000001,23.64,2.64,248.0,297.8,2016
thomas rawls,RB,41.0,-16.0,22.740000000000002,0.8200000000000001,158.0,75.5,2016
matt forte,RB,43.1,69.1,23.119999999999997,8.06,276.0,185.6,2016
golden tate,WR,43.6,38.099999999999994,20.25,6.45,134.0,223.1,2016
eric decker,WR,44.9,81.39999999999998,20.46,12.74,132.0,40.4,2016
carlos hyde,RB,45.7,-64.29999999999998,22.900000000000006,3.68,130.0,196.10000000000002,2016
jeremy langford,RB,47.1,0.0,19.199999999999996,0.8000000000000002,190.0,77.2,2016
greg olsen,TE,48.4,71.30000000000001,24.0,4.2,124.0,205.3,2016
doug baldwin,WR,48.8,95.60000000000002,29.3,5.9,103.0,255.60000000000002,2016
jeremy hill,RB,49.1,28.700000000000017,18.9,3.95,242.0,176.3,2016
michael floyd,WR,52.3,-0.4000000000000057,20.96,2.2800000000000002,89.0,115.8,2016
russell wilson,QB,53.2,67.77999999999997,41.17,15.11,410.26,314.06,2016
melvin gordon,RB,53.7,-29.299999999999997,12.430000000000001,3.5600000000000005,221.0,254.60000000000002,2016
danny woodhead,RB,53.7,97.5,28.1,5.35,204.0,27.1,2016
marvin jones,WR,56.2,0.5999999999999943,18.45,3.6500000000000004,108.0,172.3,2016
arian foster,RB,57.4,-66.6,27.310000000000002,10.790000000000001,91.0,19.3,2016
giovani bernard,RB,57.7,35.60000000000002,16.0,5.6,220.0,124.3,2016
andrew luck,QB,58.3,-181.64000000000001,31.604000000000003,16.204,160.84,375.70000000000005,2016
larry fitzgerald,WR,60.2,111.19999999999999,28.9,8.200000000000001,145.0,245.8,2016
ryan mathews,RB,60.4,-15.099999999999994,20.360000000000003,2.16,134.0,144.6,2016
drew brees,QB,61.1,29.720000000000027,36.1,13.920000000000003,372.20000000000005,414.32,2016
jonathan stewart,RB,62.8,21.200000000000017,19.920000000000005,5.540000000000001,263.0,150.4,2016
delanie walker,TE,64.0,84.30000000000001,22.720000000000002,9.8,134.0,188.1,2016
travis kelce,TE,64.3,31.400000000000006,16.9,5.5,103.0,221.0,2016
allen hurns,WR,65.5,53.79999999999998,26.44,5.500000000000001,105.0,100.7,2016
duke johnson,RB,66.9,18.700000000000017,14.85,5.55,178.0,146.20000000000002,2016
tom brady,QB,68.5,78.21999999999997,37.290000000000006,14.11,420.7,312.56,2016
deangelo williams,RB,69.1,87.80000000000001,32.25,0.35,247.0,100.1,2016
emmanuel sanders,WR,70.6,55.099999999999994,25.619999999999997,3.9000000000000004,140.0,212.6,2016
ben roethlisberger,QB,72.0,-88.36000000000001,32.489999999999995,6.1,254.12,308.16,2016
coby fleener,TE,72.7,-36.999999999999986,20.0,1.8400000000000003,84.0,137.3,2016
tyler lockett,WR,73.4,-17.900000000000006,20.1,0.8500000000000001,74.0,124.1,2016
frank gore,RB,73.8,53.80000000000001,20.4,6.300000000000001,318.0,216.20000000000002,2016
rashad jennings,RB,74.9,23.30000000000001,17.450000000000003,4.3500000000000005,235.0,138.4,2016
john brown,WR,78.3,36.19999999999999,17.6,8.78,104.0,103.7,2016
matt jones,RB,78.4,-23.19999999999999,24.300000000000015,2.8800000000000003,169.0,79.30000000000001,2016
michael crabtree,WR,78.6,57.900000000000006,24.650000000000002,8.149999999999999,146.0,237.29999999999998,2016
gary barnidge,TE,79.6,79.20000000000002,21.0,6.15,125.0,128.20000000000002,2016
desean jackson,WR,81.9,-66.5,21.46,3.6,49.0,180.5,2016
ameer abdullah,RB,82.1,-24.599999999999994,14.55,3.0,181.0,26.8,2016
carson palmer,QB,83.8,40.75999999999999,32.129999999999995,17.2,383.24,301.12,2016
chris ivory,RB,84.1,61.10000000000002,22.84,6.140000000000001,284.0,100.5,2016
blake bortles,QB,86.1,51.639999999999986,35.96000000000001,13.25,394.12,325.1,2016
charles sims,RB,87.2,38.400000000000006,17.75,6.2,177.0,69.89999999999999,2016
zach ertz,TE,88.2,14.200000000000017,23.240000000000002,3.8000000000000003,112.0,183.60000000000002,2016
justin forsett,RB,90.7,-23.19999999999999,18.089999999999996,6.470000000000001,192.0,63.6,2016
james white,RB,90.9,-22.999999999999986,20.490000000000002,0.4800000000000002,76.0,161.7,2016
legarrette blount,RB,91.6,-23.0,22.950000000000003,0.6300000000000002,172.0,234.9,2016
devante parker,WR,91.7,-79.9,18.36,0.0,50.0,154.4,2016
willie snead,WR,92.1,12.099999999999994,19.740000000000002,5.9,101.0,193.5,2016
eli manning,QB,93.3,22.899999999999977,36.010000000000005,8.86,365.38,284.18,2016
philip rivers,QB,96.8,0.0,32.17,7.5,342.48,334.94,2016
julius thomas,TE,98.0,-36.599999999999994,20.360000000000003,3.2,80.0,82.10000000000001,2016
devin funchess,WR,98.5,-65.0,16.25,0.9,63.0,84.10000000000001,2016
stefon diggs,WR,99.2,-24.0,21.3,3.2800000000000002,87.0,193.3,2016
christine michael,RB,99.6,-116.69999999999999,8.94,0.3900000000000001,60.0,139.0,2016
theo riddick,RB,99.8,35.400000000000006,16.55,6.45,142.0,161.8,2016
antonio gates,TE,101.7,-9.099999999999994,21.3,3.1,85.0,149.8,2016
derek carr,QB,103.5,-3.2000000000000455,33.339999999999996,10.26,339.28,320.48,2016
travis benjamin,WR,104.2,22.5,21.35,4.6,129.0,138.4,2016
kamar aiken,WR,105.8,26.099999999999994,19.35,1.25,127.0,67.8,2016
bilal powell,RB,105.9,-10.5,20.9,2.2,133.0,199.0,2016
isaiah crowell,RB,106.9,-7.799999999999983,16.1,0.9,207.0,209.1,2016
tyler eifert,TE,108.4,33.400000000000006,28.86,5.72,74.0,98.4,2016
kirk cousins,QB,109.6,10.95999999999998,38.19,10.399999999999999,353.44,356.28000000000003,2016
tavon austin,WR,109.8,23.399999999999977,25.1,4.550000000000001,139.0,148.8,2016
jay ajayi,RB,111.3,-104.89999999999999,10.08,1.0000000000000002,60.0,217.3,2016
tyrod taylor,QB,114.3,-30.879999999999995,33.562000000000005,12.357999999999999,311.6,304.92,2016
darren sproles,RB,116.8,3.9000000000000057,14.450000000000001,3.1500000000000004,166.0,162.5,2016
martellus bennett,TE,117.3,-43.19999999999999,19.7,4.6,80.0,168.1,2016
matthew stafford,QB,118.6,16.30000000000001,36.410000000000004,9.65,358.78000000000003,329.78,2016
tevin coleman,RB,119.5,-97.0,9.08,0.41000000000000014,98.0,191.1,2016
vincent jackson,WR,119.9,-68.0,17.109999999999996,2.2199999999999998,62.0,32.300000000000004,2016
markus wheaton,WR,122.3,-24.400000000000006,16.45,1.65,79.0,15.1,2016
jameis winston,QB,123.4,-21.5,24.700000000000003,14.849999999999998,320.98,318.1,2016
steve smith,WR,124.6,-42.30000000000001,33.46000000000001,5.16,73.0,179.9,2016
spencer ware,RB,125.8,-62.8,21.02,0.7200000000000001,78.0,199.8,2016
torrey smith,WR,127.3,-50.0,17.1,1.05,62.0,64.7,2016
dion lewis,RB,130.2,-23.39999999999999,24.3,8.34,99.0,54.7,2016
alfred morris,RB,130.2,-48.999999999999986,11.05,1.1,215.0,40.400000000000006,2016
dwayne allen,TE,131.2,-125.1,5.020000000000001,0.0,30.0,111.6,2016
andy dalton,QB,132.7,-44.28000000000003,30.432000000000006,9.512,298.2,302.64,2016
mohamed sanu,WR,134.1,-81.80000000000001,12.65,1.65,59.0,148.8,2016
marcus mariota,QB,136.3,-87.46000000000001,38.702000000000005,8.038,255.02,321.94,2016
jared cook,TE,137.0,-71.0,10.100000000000001,1.6,75.0,73.7,2016
rishard matthews,WR,138.3,-39.70000000000002,17.5,2.5,62.0,213.5,2016
chris hogan,WR,142.6,-79.74000000000001,13.895999999999999,0.6400000000000001,60.0,130.9,2016
jimmy graham,TE,144.3,-37.599999999999994,21.3,5.1,74.0,193.3,2016
matt ryan,QB,146.5,-58.54000000000002,24.95,9.63,283.94,423.46,2016
jerick mckinnon,RB,148.8,-62.19999999999999,13.200000000000001,0.6000000000000001,81.0,146.4,2016
phillip dorsett,WR,148.9,-125.10000000000001,7.9,1.1,42.0,98.80000000000001,2016
shane vereen,RB,149.9,12.800000000000011,20.75,2.05,142.0,42.2,2016
david johnson,RB,1.3,265.4,35.3,16.75,413.0,15.0,2017
antonio brown,WR,3.7,121.82,32.4,8.620000000000001,157.0,308.3,2017
julio jones,WR,5.7,74.42000000000002,26.75,5.2,129.0,251.9,2017
ezekiel elliott,RB,6.2,181.00000000000003,30.38,14.0,362.0,205.2,2017
odell beckham,WR,6.4,113.12,26.8,9.5,170.0,74.0,2017
devonta freeman,RB,7.0,139.70000000000002,30.200000000000003,8.0,292.0,202.2,2017
lesean mccoy,RB,7.8,149.9,30.1,6.560000000000001,291.0,265.6,2017
mike evans,WR,7.9,114.62,30.0,8.6,173.0,201.1,2017
a j green,WR,10.0,0.9199999999999875,33.56999999999999,5.220000000000001,100.0,230.8,2017
melvin gordon,RB,10.1,108.20000000000002,34.06000000000001,10.100000000000001,311.0,288.1,2017
jordy nelson,WR,11.4,121.21999999999997,29.35,11.8,152.0,137.2,2017
michael thomas,WR,13.3,74.21999999999997,28.68,8.76,121.0,258.5,2017
jay ajayi,RB,13.8,70.9,28.32,6.880000000000001,295.0,139.1,2017
demarco murray,RB,15.2,151.4,26.2,10.25,360.0,173.5,2017
jordan howard,RB,16.8,85.70000000000002,27.94,7.0600000000000005,302.0,201.7,2017
brandin cooks,WR,17.1,60.81999999999999,32.239999999999995,5.38,123.0,219.2,2017
rob gronkowski,TE,18.1,-57.30000000000001,24.089999999999996,0.0,38.0,225.4,2017
todd gurley,RB,19.4,53.80000000000001,18.75,5.950000000000001,336.0,387.3,2017
dez bryant,WR,20.5,-1.4800000000000182,25.520000000000003,1.84,96.0,188.4,2017
amari cooper,WR,21.3,42.81999999999999,24.35,6.550000000000001,133.0,158.4,2017
doug baldwin,WR,22.4,70.12,29.95,6.75,128.0,221.3,2017
aaron rodgers,QB,23.4,145.91999999999996,40.02,18.159999999999997,464.02,163.6,2017
keenan allen,WR,25.8,-173.18,12.3,12.3,7.0,278.2,2017
t y hilton,WR,28.8,86.32,28.950000000000003,7.7,155.0,177.6,2017
tom brady,QB,29.6,-5.5400000000000205,36.324000000000005,11.892,312.56,361.88,2017
isaiah crowell,RB,29.8,62.69999999999999,21.799999999999997,5.3,251.0,143.5,2017
terrelle pryor,WR,30.2,25.95999999999998,23.97,4.85,148.0,50.0,2017
deandre hopkins,WR,31.7,11.919999999999987,18.0,6.300000000000001,151.0,311.8,2017
demaryius thomas,WR,34.5,42.81999999999999,22.3,8.6,144.0,207.9,2017
carlos hyde,RB,35.2,49.70000000000002,23.48,5.800000000000001,250.0,235.8,2017
lamar miller,RB,35.2,46.70000000000002,19.27,4.87,307.0,193.5,2017
kelvin benjamin,WR,38.6,13.620000000000005,21.200000000000003,2.95,118.0,132.1,2017
travis kelce,TE,38.9,66.69999999999999,22.55,5.25,118.0,233.5,2017
alshon jeffery,WR,39.1,-39.380000000000024,16.3,6.430000000000001,94.0,189.9,2017
drew brees,QB,41.7,96.21999999999997,41.010000000000005,11.46,414.32,308.56,2017
michael crabtree,WR,43.7,51.819999999999965,22.0,4.1,145.0,167.8,2017
davante adams,WR,44.9,61.21999999999997,24.950000000000003,4.95,121.0,222.5,2017
tyreek hill,WR,45.5,15.519999999999982,20.8,4.65,107.0,239.2,2017
golden tate,WR,47.8,37.619999999999976,26.75,4.199999999999999,145.0,224.5,2017
larry fitzgerald,WR,48.4,60.31999999999999,25.650000000000002,8.2,152.0,261.44,2017
bilal powell,RB,48.6,52.599999999999994,24.950000000000003,1.55,205.0,147.2,2017
doug martin,RB,49.0,-58.900000000000006,15.17,3.6300000000000003,160.0,76.0,2017
greg olsen,TE,51.5,51.0,21.400000000000002,5.6,129.0,42.1,2017
devante parker,WR,51.9,-31.080000000000013,18.560000000000002,3.04,87.0,130.0,2017
ameer abdullah,RB,53.0,-119.60000000000001,21.080000000000002,5.720000000000001,23.0,126.4,2017
jordan reed,TE,54.1,16.299999999999983,27.96,2.4100000000000006,89.0,60.099999999999994,2017
stefon diggs,WR,54.8,7.819999999999993,27.960000000000008,4.640000000000001,115.0,198.2,2017
matt ryan,QB,56.4,105.35999999999996,37.6,16.35,423.46,274.1,2017
allen robinson,WR,57.0,11.819999999999993,24.200000000000003,3.2,151.0,2.7,2017
jimmy graham,TE,57.6,39.0,20.15,3.3499999999999996,96.0,169.0,2017
mark ingram,RB,57.6,95.80000000000001,27.450000000000003,5.65,263.0,284.0,2017
jamison crowder,WR,61.2,8.019999999999982,18.5,3.8499999999999996,101.0,166.3,2017
danny woodhead,RB,61.7,-119.30000000000001,21.11,5.99,27.0,58.6,2017
jarvis landry,WR,64.0,47.81999999999999,23.05,6.15,136.0,264.0,2017
russell wilson,QB,64.3,-4.0400000000000205,31.400000000000002,9.46,314.06,417.92,2017
brandon marshall,WR,65.2,-29.680000000000007,18.82,5.08,128.0,33.400000000000006,2017
mike gillislee,RB,65.3,-20.700000000000003,14.979999999999999,2.0,112.0,70.8,2017
pierre garcon,WR,66.4,15.619999999999976,16.75,6.2,114.0,90.0,2017
rob kelley,RB,67.0,-13.800000000000011,16.41,1.0300000000000002,186.0,43.2,2017
adrian peterson,RB,69.9,-135.4,4.340000000000001,3.14,43.0,82.9,2017
sammy watkins,WR,70.0,-102.48000000000002,19.299999999999997,3.4000000000000004,52.0,146.3,2017
tyler eifert,TE,70.4,-55.900000000000006,22.82,1.9,47.0,8.6,2017
zach ertz,TE,72.8,29.30000000000001,22.39,3.8300000000000005,106.0,204.4,2017
tevin coleman,RB,73.2,44.69999999999999,25.540000000000003,5.180000000000001,158.0,167.70000000000002,2017
emmanuel sanders,WR,73.9,27.119999999999976,28.32,6.48,138.0,114.5,2017
derek carr,QB,74.2,2.3799999999999955,31.44,9.804,320.48,252.44,2017
darren mcfadden,RB,75.3,-133.0,6.340000000000001,2.42,29.0,-0.2,2017
chris hogan,WR,76.5,-54.58000000000001,17.7,0.5200000000000002,61.0,109.60000000000001,2017
marcus mariota,QB,76.8,3.839999999999975,35.048,7.368,321.94,238.48000000000002,2017
derrick henry,RB,77.9,-40.7,16.600000000000005,1.56,125.0,135.0,2017
delanie walker,TE,79.9,33.79999999999998,20.959999999999997,5.5600000000000005,104.0,178.5,2017
jameis winston,QB,82.4,0.0,31.52,10.010000000000002,318.1,251.66000000000003,2017
theo riddick,RB,83.0,15.400000000000006,27.35,9.680000000000001,159.0,156.0,2017
paul perkins,RB,83.4,-69.60000000000001,9.610000000000001,2.75,136.0,21.6,2017
jeremy maclin,WR,83.4,-75.98000000000002,14.110000000000001,2.73,77.0,102.0,2017
kyle rudolph,TE,83.6,54.69999999999999,18.95,5.3,132.0,158.2,2017
willie snead,WR,83.8,8.019999999999982,20.099999999999998,4.78,104.0,17.2,2017
frank gore,RB,86.1,69.80000000000001,19.9,8.4,310.0,173.6,2017
kirk cousins,QB,86.3,38.18000000000001,32.6,12.59,356.28000000000003,341.62,2017
terrance west,RB,86.8,24.599999999999994,19.55,4.75,238.0,30.1,2017
martellus bennett,TE,87.6,13.799999999999983,19.8,2.4000000000000004,75.0,58.6,2017
eric decker,WR,88.7,-145.08,22.020000000000003,5.619999999999999,21.0,116.30000000000001,2017
cam newton,QB,89.9,-25.840000000000032,27.964000000000002,12.9,292.26,343.48,2017
desean jackson,WR,90.4,-4.980000000000018,20.040000000000003,5.840000000000001,100.0,138.6,2017
legarrette blount,RB,91.9,88.5,23.7,8.95,307.0,107.60000000000001,2017
randall cobb,WR,92.2,-37.18000000000001,19.5,4.700000000000001,94.0,157.4,2017
duke johnson,RB,94.2,-0.19999999999998863,15.850000000000001,4.85,147.0,220.1,2017
tyrell williams,WR,95.0,31.419999999999987,21.85,5.9,119.0,139.8,2017
thomas rawls,RB,95.7,-70.9,14.400000000000002,3.2,126.0,34.1,2017
jacquizz rodgers,RB,95.9,-55.60000000000001,17.359999999999996,2.6100000000000003,145.0,46.8,2017
corey coleman,WR,96.4,-92.18000000000002,14.259999999999994,4.58,75.0,65.5,2017
adam thielen,WR,98.6,11.719999999999999,21.6,2.9,94.0,243.70000000000002,2017
ben roethlisberger,QB,101.0,-9.939999999999998,37.766000000000005,7.369999999999999,308.16,315.06,2017
jonathan stewart,RB,101.4,4.0,21.380000000000003,3.9600000000000004,239.0,123.2,2017
james white,RB,102.7,15.299999999999983,15.950000000000001,4.9,125.0,134.0,2017
donte moncrief,WR,105.7,-82.88000000000002,16.88,1.52,57.0,77.1,2017
hunter henry,TE,106.1,-22.5,16.34,2.68,53.0,126.9,2017
marvin jones,WR,106.3,-13.180000000000007,17.36,2.54,104.0,225.1,2017
eddie lacy,RB,106.6,-103.60000000000001,10.66,6.24,78.0,28.6,2017
john brown,WR,108.6,-81.78000000000002,17.419999999999998,0.0,74.0,69.9,2017
philip rivers,QB,108.7,16.839999999999975,29.74,14.34,334.94,328.4,2017
dak prescott,QB,112.8,22.779999999999973,30.630000000000003,9.490000000000002,340.88,310.65999999999997,2017
rex burkhead,RB,113.4,-68.5,10.67,0.0,94.0,129.8,2017
rishard matthews,WR,116.0,28.019999999999982,22.75,5.9,108.0,156.20000000000002,2017
darren sproles,RB,116.3,16.099999999999994,16.38,4.28,165.0,20.400000000000002,2017
matthew stafford,QB,116.5,11.67999999999995,32.3,10.670000000000002,329.78,341.64,2017
ted ginn,WR,116.9,-22.480000000000018,18.0,3.45,109.0,159.6,2017
jamaal charles,RB,123.3,-133.0,10.3,0.14,15.0,71.5,2017
eric ebron,TE,124.0,-10.099999999999994,16.180000000000003,7.28,86.0,134.4,2017
mike wallace,WR,125.9,15.319999999999993,21.05,7.1000000000000005,121.0,151.20000000000002,2017
andy dalton,QB,126.5,-15.460000000000036,25.24,12.02,302.64,268.7,2017
kevin white,WR,127.0,-146.88000000000002,11.99,7.03,37.0,2.6,2017
danny amendola,WR,132.2,-114.18000000000002,11.530000000000001,0.18000000000000016,29.0,138.9,2017
carson wentz,QB,132.3,-70.12,23.160000000000004,9.14,247.98000000000002,345.74,2017
matt forte,RB,132.6,39.19999999999999,28.770000000000007,3.3800000000000003,261.0,122.4,2017
jack doyle,TE,132.6,-6.900000000000006,16.9,2.25,75.0,173.0,2017
jeremy hill,RB,134.5,29.900000000000006,22.6,2.7600000000000007,249.0,17.200000000000003,2017
kenny britt,WR,136.2,12.71999999999997,17.22,7.5,111.0,57.6,2017
cole beasley,WR,136.2,3.519999999999982,17.25,7.2,99.0,91.4,2017
eli manning,QB,137.1,-33.920000000000016,27.72,8.04,284.18,235.32,2017
carson palmer,QB,142.3,-16.980000000000018,30.056,14.348,301.12,120.32000000000001,2017
robbie chosen,WR,143.4,-68.58000000000001,16.800000000000004,2.3600000000000003,81.0,200.0,2017
wendell smallwood,RB,146.1,-97.7,11.410000000000002,0.12000000000000002,90.0,46.7,2017
austin hooper,TE,146.6,-90.2,11.36,0.0,27.0,119.6,2017
kendall wright,WR,148.4,-95.38000000000002,19.9,1.9,44.0,126.4,2017
todd gurley,RB,1.5,240.10000000000002,42.16,13.64,366.0,368.1,2018
david johnson,RB,2.8,-132.2,15.0,15.0,20.0,248.60000000000002,2018
antonio brown,WR,4.7,150.9,36.92000000000001,7.49,163.0,323.7,2018
ezekiel elliott,RB,5.3,58.0,30.999999999999996,13.400000000000002,280.0,331.1,2018
alvin kamara,RB,6.1,167.2,31.400000000000002,8.1,220.0,348.2,2018
deandre hopkins,WR,8.8,154.4,32.72,14.420000000000002,174.0,337.5,2018
melvin gordon,RB,9.1,140.90000000000003,31.599999999999998,7.3,367.0,271.5,2018
leonard fournette,RB,9.4,83.00000000000003,23.980000000000004,8.520000000000001,316.0,120.4,2018
odell beckham,WR,11.2,-83.4,26.68,10.120000000000001,42.0,236.34,2018
kareem hunt,RB,11.4,150.00000000000006,32.75,9.4,335.0,230.2,2018
christian mccaffrey,RB,12.7,83.4,21.550000000000004,8.350000000000001,230.0,389.5,2018
julio jones,WR,14.2,94.5,23.4,7.2,149.0,329.90000000000003,2018
dalvin cook,RB,15.6,-79.79999999999998,24.540000000000006,10.200000000000001,90.0,156.0,2018
michael thomas,WR,16.0,101.1,23.6,9.85,149.0,319.5,2018
keenan allen,WR,17.2,120.79999999999998,31.25,9.45,161.0,260.1,2018
davante adams,WR,18.2,65.1,25.090000000000003,7.85,117.0,327.6,2018
devonta freeman,RB,19.1,55.0,25.26,7.25,243.0,14.100000000000001,2018
jordan howard,RB,20.0,54.5,23.55,3.1500000000000004,308.0,182.0,2018
rob gronkowski,TE,21.0,90.6,25.680000000000003,6.98,105.0,133.20000000000002,2018
a j green,WR,21.3,73.4,26.9,4.35,143.0,151.4,2018
joe mixon,RB,23.3,-1.8999999999999773,13.809999999999999,5.2,212.0,243.4,2018
tyreek hill,WR,23.7,81.79999999999998,26.16,7.9,122.0,328.0,2018
mike evans,WR,25.5,43.69999999999999,20.64,4.82,136.0,286.40000000000003,2018
stefon diggs,WR,26.0,40.79999999999998,24.73000000000001,5.28,103.0,264.3,2018
t y hilton,WR,27.4,20.19999999999999,26.5,3.5,109.0,239.0,2018
travis kelce,TE,28.5,98.69999999999999,25.0,7.220000000000001,124.0,296.6,2018
lesean mccoy,RB,29.9,118.40000000000003,27.400000000000002,7.1,364.0,127.2,2018
aaron rodgers,QB,31.4,-144.96,30.916,11.412,163.6,362.58000000000004,2018
amari cooper,WR,31.4,1.0,19.510000000000005,1.6600000000000001,97.0,219.5,2018
alex collins,RB,31.5,27.80000000000001,21.32,4.720000000000001,248.0,114.60000000000001,2018
kenyan drake,RB,32.8,-2.8999999999999773,23.200000000000003,0.0,181.0,208.20000000000002,2018
adam thielen,WR,33.5,86.30000000000001,24.5,7.550000000000001,143.0,307.3,2018
larry fitzgerald,WR,34.9,104.03999999999999,28.770000000000003,5.5,161.0,185.68,2018
doug baldwin,WR,37.6,63.900000000000006,24.6,5.25,118.0,141.8,2018
lamar miller,RB,38.0,46.30000000000001,20.3,6.300000000000001,283.0,174.6,2018
zach ertz,TE,39.1,69.6,19.78,4.4,110.0,280.3,2018
jarvis landry,WR,39.4,106.6,23.25,10.05,162.0,217.12,2018
juju smith schuster,WR,41.2,34.29999999999998,26.72000000000001,5.760000000000001,79.0,296.90000000000003,2018
chris hogan,WR,42.1,-47.8,21.68,2.5400000000000005,62.0,106.2,2018
derrick henry,RB,42.1,-12.199999999999989,17.8,1.7,193.0,203.36,2018
josh gordon,WR,44.1,-99.9,15.74,6.220000000000001,42.0,138.7,2018
mark ingram,RB,45.9,136.8,31.55,9.149999999999999,301.0,144.5,2018
deshaun watson,QB,46.5,-103.69999999999999,42.448,14.492,204.86,389.7,2018
jay ajayi,RB,46.6,-8.099999999999994,14.330000000000002,5.07,242.0,43.4,2018
golden tate,WR,46.7,67.1,22.55,6.050000000000001,125.0,180.9,2018
demaryius thomas,WR,47.0,50.5,22.15,3.8,140.0,156.70000000000002,2018
marquise goodwin,WR,48.9,11.199999999999989,17.5,3.9499999999999997,109.0,87.4,2018
jimmy graham,TE,49.3,34.19999999999999,19.35,1.0,96.0,130.6,2018
tom brady,QB,50.3,53.31999999999999,34.19,11.0,361.88,343.29999999999995,2018
brandin cooks,WR,52.5,61.79999999999998,24.15,4.65,123.0,243.2,2018
marshawn lynch,RB,52.6,19.00000000000003,20.060000000000002,2.16,238.0,79.0,2018
carlos hyde,RB,53.9,88.60000000000002,24.1,7.3,328.0,100.4,2018
allen robinson,WR,55.2,-154.70000000000002,2.7,2.7,1.0,155.3,2018
dion lewis,RB,55.5,49.80000000000001,25.05,4.1000000000000005,215.0,162.7,2018
greg olsen,TE,57.5,-92.70000000000002,14.06000000000001,1.2000000000000002,38.0,80.10000000000001,2018
emmanuel sanders,WR,57.6,-42.900000000000006,19.180000000000003,3.14,92.0,200.22,2018
jamaal williams,RB,59.7,-4.399999999999977,25.819999999999997,0.30000000000000016,187.0,112.4,2018
russell wilson,QB,61.0,109.36000000000001,38.22,14.55,417.92,371.42,2018
corey davis,WR,61.1,-85.9,12.9,1.4,65.0,183.6,2018
marvin jones,WR,62.3,67.69999999999999,25.25,5.800000000000001,107.0,115.80000000000001,2018
rex burkhead,RB,64.0,-17.399999999999977,19.9,5.01,100.0,51.7,2018
trey burton,TE,64.6,-57.000000000000014,11.350000000000003,0.0,31.0,147.1,2018
chris carson,RB,66.7,-107.49999999999999,12.54,7.010000000000001,57.0,205.4,2018
drew brees,QB,66.9,0.0,25.92,13.56,308.56,368.98,2018
peyton barber,RB,69.0,-59.499999999999986,15.640000000000006,0.0,127.0,152.3,2018
michael crabtree,WR,70.4,10.400000000000006,22.360000000000003,2.1000000000000005,101.0,132.70000000000002,2018
evan engram,TE,70.5,38.79999999999998,18.76,2.02,116.0,124.30000000000001,2018
cam newton,QB,71.0,34.920000000000016,39.260000000000005,10.629999999999999,343.48,326.6,2018
will fuller,WR,73.0,-44.2,21.129999999999995,3.35,52.0,106.30000000000001,2018
chris thompson,RB,74.1,8.200000000000017,26.12,6.76,118.0,91.6,2018
kyle rudolph,TE,76.1,23.399999999999977,15.6,1.5,81.0,151.4,2018
tevin coleman,RB,76.5,20.50000000000003,17.24,4.200000000000001,195.0,193.6,2018
delanie walker,TE,77.6,43.69999999999999,16.25,5.45,113.0,9.2,2018
cooper kupp,WR,77.8,21.5,18.8,4.66,94.0,135.1,2018
jamison crowder,WR,79.5,8.900000000000006,20.099999999999998,4.68,110.0,82.80000000000001,2018
adrian peterson,RB,81.1,-64.29999999999998,19.369999999999997,1.6600000000000001,175.0,193.0,2018
kirk cousins,QB,81.7,33.06,31.890000000000004,10.56,341.62,351.12,2018
alshon jeffery,WR,82.8,32.5,19.450000000000003,3.75,120.0,185.3,2018
carson wentz,QB,84.5,37.18000000000001,35.256,17.491999999999997,345.74,245.66,2018
robbie chosen,WR,84.8,42.599999999999994,20.95,4.2,117.0,160.4,2018
tarik cohen,RB,85.2,2.9399999999999977,15.350000000000001,1.9,158.0,241.94,2018
devin funchess,WR,87.4,37.599999999999994,22.15,3.55,111.0,122.9,2018
jordan reed,TE,88.3,-74.70000000000002,18.6,3.3,35.0,121.8,2018
isaiah crowell,RB,89.6,-3.6999999999999886,16.3,2.9000000000000004,248.0,140.70000000000002,2018
randall cobb,WR,90.9,0.0,16.990000000000002,5.66,101.0,88.30000000000001,2018
nelson agholor,WR,92.8,30.099999999999994,19.950000000000003,4.4,96.0,165.4,2018
duke johnson,RB,93.5,72.9,21.25,5.45,175.0,128.0,2018
sammy watkins,WR,93.8,-11.099999999999994,16.4,2.3400000000000003,70.0,115.10000000000001,2018
marlon mack,RB,94.3,-43.89999999999998,14.250000000000004,1.8,126.0,178.1,2018
jimmy garoppolo,QB,96.7,-206.66,23.810000000000002,8.82,101.9,56.019999999999996,2018
aaron jones,RB,97.7,-67.19999999999999,20.639999999999997,1.1500000000000001,99.0,173.4,2018
jordy nelson,WR,98.2,-20.200000000000017,22.51,4.1,88.0,154.70000000000002,2018
david njoku,TE,98.4,-40.10000000000001,12.8,1.3,61.0,143.9,2018
james white,RB,99.5,-13.199999999999989,15.610000000000001,2.59,115.0,276.6,2018
matthew stafford,QB,100.3,33.079999999999984,29.39,14.35,341.64,262.18,2018
mike williams,WR,102.7,-136.9,5.280000000000001,0.0,23.0,178.2,2018
robert woods,WR,103.7,7.900000000000006,22.380000000000003,3.9600000000000004,87.0,265.6,2018
sterling shepard,WR,106.1,-12.900000000000006,26.3,2.7,88.0,180.5,2018
philip rivers,QB,107.3,19.839999999999975,30.400000000000002,10.780000000000001,328.4,341.02,2018
matt ryan,QB,108.1,-34.45999999999998,21.71,10.66,274.1,430.96000000000004,2018
kenny stills,WR,108.1,21.299999999999983,23.65,3.05,105.0,134.42000000000002,2018
pierre garcon,WR,108.2,-67.4,18.54,5.03,67.0,58.599999999999994,2018
kelvin benjamin,WR,113.1,-25.30000000000001,15.380000000000003,3.15,77.0,69.0,2018
keelan cole,WR,113.9,-22.599999999999994,17.85,1.55,83.0,93.1,2018
bilal powell,RB,114.3,0.0,17.499999999999996,3.94,211.0,62.3,2018
ben roethlisberger,QB,114.5,6.5,35.019999999999996,13.076,315.06,405.86,2018
jack doyle,TE,116.1,38.19999999999999,17.36,4.0,108.0,62.5,2018
patrick mahomes,QB,118.1,-298.2,10.36,10.36,10.36,519.08,2018
alfred morris,RB,119.8,-74.99999999999999,11.020000000000001,0.14000000000000004,124.0,70.1,2018
latavius murray,RB,123.1,10.300000000000011,20.0,0.6000000000000001,233.0,129.9,2018
john brown,WR,123.4,-87.5,11.25,1.4400000000000002,56.0,143.9,2018
jared goff,QB,123.9,8.699999999999989,34.263999999999996,10.624,317.26,378.32,2018
matt breida,RB,125.6,-43.69999999999999,14.0,1.35,141.0,164.5,2018
allen hurns,WR,127.6,-58.0,15.61,5.8999999999999995,56.0,61.5,2018
corey clement,RB,128.4,-56.79999999999998,10.0,0.08000000000000003,89.0,79.10000000000001,2018
tyler lockett,WR,131.1,-39.099999999999994,15.500000000000002,1.85,81.0,220.4,2018
kenny golladay,WR,131.9,-62.80000000000001,16.0,4.5,49.0,207.1,2018
george kittle,TE,133.0,-28.30000000000001,13.68,2.4800000000000004,63.0,256.7,2018
alex smith,QB,134.5,40.620000000000005,36.556,12.856000000000002,349.18,160.0,2018
marcus mariota,QB,136.0,-70.07999999999998,21.343999999999998,9.256,238.48000000000002,201.92000000000002,2018
chris godwin,WR,138.4,-64.9,12.4,1.62,55.0,185.2,2018
giovani bernard,RB,140.9,4.5,17.95,0.95,165.0,95.9,2018
derek carr,QB,141.1,-56.120000000000005,25.736,8.276000000000002,252.44,266.76,2018
geronimo allison,WR,142.2,-109.1,8.160000000000002,0.0,39.0,62.3,2018
tyler eifert,TE,147.0,-126.20000000000002,6.62,1.98,5.0,38.900000000000006,2018
saquon barkley,RB,1.4,227.8,34.2,15.8,382.0,244.10000000000002,2019
alvin kamara,RB,2.5,192.2,38.26,11.96,299.0,250.52,2019
christian mccaffrey,RB,3.2,233.5,34.75,13.8,343.0,469.2,2019
ezekiel elliott,RB,3.9,175.10000000000002,33.64,15.280000000000001,399.0,315.70000000000005,2019
davante adams,WR,6.4,164.60000000000002,28.04,16.82,169.0,212.70000000000002,2019
deandre hopkins,WR,7.0,174.5,29.800000000000004,13.8,164.0,268.54,2019
james conner,RB,7.1,124.0,35.86000000000001,11.200000000000001,286.0,147.5,2019
david johnson,RB,7.1,92.60000000000002,20.650000000000002,9.0,334.0,143.5,2019
julio jones,WR,10.2,166.90000000000003,28.4,11.3,172.0,274.1,2019
michael thomas,WR,10.4,156.5,36.0,8.3,147.0,374.6,2019
nick chubb,RB,11.7,38.5,25.15,1.0,221.0,261.20000000000005,2019
juju smith schuster,WR,12.9,133.90000000000003,32.05,9.0,167.0,115.2,2019
tyreek hill,WR,13.9,165.0,37.75,7.850000000000001,159.0,188.3,2019
dalvin cook,RB,14.6,0.0,19.3,4.0,182.0,296.40000000000003,2019
odell beckham,WR,15.1,73.34,27.710000000000004,10.71,129.0,203.3,2019
todd gurley,RB,16.0,212.10000000000002,34.07,14.650000000000002,337.0,221.4,2019
travis kelce,TE,17.1,166.00000000000003,29.4,10.5,150.0,256.3,2019
joe mixon,RB,18.4,87.4,26.67,9.73,292.0,225.4,2019
patrick mahomes,QB,19.3,178.06000000000006,45.92,21.68,519.08,341.04,2019
mike evans,WR,20.2,123.40000000000003,28.150000000000002,8.450000000000001,138.0,230.70000000000002,2019
antonio brown,WR,21.4,160.7,30.08,15.02,168.0,16.1,2019
adam thielen,WR,22.9,144.3,28.4,9.7,158.0,114.4,2019
leonard fournette,RB,23.2,-35.599999999999994,26.43,5.62,159.0,261.40000000000003,2019
keenan allen,WR,25.0,97.10000000000002,24.48,10.56,145.0,261.5,2019
damien williams,RB,25.5,-55.400000000000006,25.400000000000006,0.0,74.0,143.1,2019
chris carson,RB,26.5,49.400000000000006,22.640000000000004,4.57,271.0,240.6,2019
george kittle,TE,28.3,126.1,27.2,7.550000000000001,137.0,222.5,2019
kerryon johnson,RB,28.5,-14.599999999999994,20.6,7.33,157.0,87.0,2019
aaron jones,RB,29.2,17.400000000000006,26.530000000000005,4.260000000000001,168.0,318.8,2019
devonta freeman,RB,30.4,-141.9,7.8100000000000005,6.290000000000001,21.0,201.60000000000002,2019
stefon diggs,WR,30.8,101.30000000000001,30.119999999999997,7.92,159.0,218.1,2019
amari cooper,WR,33.1,56.5,33.519999999999996,2.3200000000000003,109.0,246.5,2019
zach ertz,TE,33.5,149.70000000000002,31.0,4.85,156.0,215.6,2019
julian edelman,WR,36.1,44.420000000000016,20.660000000000004,12.889999999999999,117.0,258.28,2019
sony michel,RB,37.4,-14.899999999999977,21.6,4.6,220.0,154.6,2019
brandin cooks,WR,39.1,80.19999999999999,24.72,8.06,127.0,117.5,2019
mark ingram,RB,39.7,-11.5,22.200000000000003,4.94,165.0,242.5,2019
chris godwin,WR,39.9,22.19999999999999,19.75,3.25,95.0,274.1,2019
melvin gordon,RB,42.0,115.5,30.430000000000003,14.600000000000001,241.0,186.8,2019
robert woods,WR,42.2,102.60000000000002,24.75,9.65,149.0,232.9,2019
tyler lockett,WR,42.9,57.400000000000006,19.45,8.25,83.0,235.20000000000002,2019
derrick henry,RB,43.8,47.360000000000014,24.02,4.35,233.0,300.6,2019
cooper kupp,WR,45.2,-27.900000000000006,25.86,6.590000000000001,59.0,270.5,2019
marlon mack,RB,46.5,22.099999999999994,28.8,4.720000000000001,221.0,179.3,2019
kenny golladay,WR,47.1,44.099999999999994,21.32,3.7800000000000002,120.0,250.0,2019
deshaun watson,QB,47.1,48.68000000000001,38.03,11.940000000000001,389.7,376.98,2019
james white,RB,48.1,120.60000000000002,29.0,8.149999999999999,217.0,200.20000000000002,2019
t y hilton,WR,49.0,76.0,26.62000000000001,8.670000000000002,120.0,125.1,2019
tyler boyd,WR,51.5,58.10000000000002,25.55,6.45,110.0,226.9,2019
duke johnson,RB,51.7,-28.0,14.75,3.1,102.0,156.0,2019
josh gordon,WR,52.1,-24.30000000000001,14.780000000000001,5.5,71.0,73.7,2019
calvin ridley,WR,53.5,45.80000000000001,22.4,3.6,98.0,195.0,2019
o j howard,TE,54.1,-10.099999999999994,18.87,2.25,48.0,85.9,2019
phillip lindsay,RB,55.6,66.80000000000001,24.039999999999996,7.98,239.0,197.70000000000002,2019
aaron rodgers,QB,55.7,21.56000000000006,34.54,12.690000000000001,362.58000000000004,332.38,2019
evan engram,TE,57.3,-6.299999999999983,19.1,3.8,67.0,109.4,2019
tevin coleman,RB,57.7,37.599999999999994,18.5,5.05,211.0,135.4,2019
mike williams,WR,60.3,15.199999999999989,21.3,2.25,73.0,161.3,2019
austin ekeler,RB,61.7,14.800000000000011,21.74000000000001,4.880000000000001,159.0,313.0,2019
dede westbrook,WR,62.7,14.5,19.75,4.7,110.0,152.70000000000002,2019
baker mayfield,QB,63.2,-44.91999999999996,30.264000000000003,13.34,296.1,275.18,2019
jarvis landry,WR,64.8,54.120000000000005,23.450000000000003,5.1,152.0,237.4,2019
dj moore,WR,67.2,0.0,17.849999999999998,2.6,95.0,232.5,2019
matt ryan,QB,69.2,89.94000000000005,35.63,13.690000000000001,430.96000000000004,327.34000000000003,2019
jared cook,TE,70.6,63.0,25.0,4.0,101.0,167.5,2019
tarik cohen,RB,71.0,85.94,27.75,3.2,190.0,163.9,2019
alshon jeffery,WR,71.9,22.30000000000001,24.4,6.26,92.0,122.2,2019
drew brees,QB,73.9,27.960000000000036,39.072,8.668000000000001,368.98,278.76,2019
carson wentz,QB,74.6,-95.35999999999999,30.52,15.200000000000003,245.66,339.86,2019
vance mcdonald,TE,75.1,4.400000000000006,14.16,5.54,72.0,83.5,2019
robbie chosen,WR,75.9,-2.5999999999999943,25.890000000000008,4.2,96.0,160.3,2019
latavius murray,RB,76.4,-26.099999999999994,21.4,1.15,166.0,157.2,2019
allen robinson,WR,76.6,-7.699999999999989,18.12,5.94,95.0,254.9,2019
emmanuel sanders,WR,80.6,37.22,28.838,9.209999999999999,102.0,190.3,2019
jared goff,QB,81.5,37.30000000000001,40.230000000000004,9.760000000000002,378.32,301.52,2019
will fuller,WR,81.6,-56.69999999999999,24.16,4.580000000000001,45.0,134.0,2019
kenyan drake,RB,82.9,52.20000000000002,24.0,4.4,193.0,214.2,2019
david njoku,TE,83.5,13.300000000000011,16.9,4.0,88.0,15.1,2019
matt breida,RB,84.8,8.5,22.53000000000001,3.7800000000000002,184.0,105.3,2019
curtis samuel,WR,88.0,-24.19999999999999,16.32,3.9600000000000004,73.0,171.7,2019
russell wilson,QB,88.4,30.400000000000034,33.519999999999996,9.43,371.42,392.6,2019
christian kirk,WR,89.9,-39.5,16.63,3.1900000000000004,71.0,166.2,2019
lesean mccoy,RB,90.8,-28.799999999999997,14.690000000000003,1.0000000000000002,207.0,122.60000000000001,2019
sterling shepard,WR,92.2,17.5,20.85,5.550000000000001,110.0,139.8,2019
cam newton,QB,94.4,-14.419999999999959,33.108000000000004,13.102,326.6,20.68,2019
rashaad penny,RB,95.3,-85.6,11.800000000000002,0.42000000000000004,97.0,77.3,2019
austin hooper,TE,95.4,30.400000000000006,19.25,4.1000000000000005,88.0,189.70000000000002,2019
sammy watkins,WR,96.1,-47.89999999999999,20.259999999999998,1.26,60.0,138.5,2019
lamar jackson,QB,97.6,-163.47999999999996,23.4,0.8,177.54000000000002,491.68,2019
geronimo allison,WR,98.7,-100.7,16.98,6.4,30.0,75.4,2019
marquez valdes scantling,WR,100.6,-52.0,13.200000000000001,0.65,75.0,84.1,2019
kareem hunt,RB,100.8,74.19999999999999,33.1,11.600000000000001,216.0,101.4,2019
james washington,WR,101.3,-119.3,9.3,0.0,38.0,135.5,2019
jordan howard,RB,103.7,26.0,16.4,3.35,277.0,111.4,2019
jameis winston,QB,105.1,-101.23999999999998,38.099999999999994,8.5,239.78,373.36,2019
marvin jones,WR,105.3,-47.19999999999999,19.660000000000004,7.42,62.0,193.9,2019
larry fitzgerald,WR,106.5,22.680000000000007,17.44,5.65,112.0,179.4,2019
ben roethlisberger,QB,106.8,64.84000000000003,38.29,15.39,405.86,12.74,2019
royce freeman,RB,108.1,-52.7,12.77,1.8900000000000001,150.0,142.20000000000002,2019
dante pettis,WR,109.8,-59.5,17.34,0.0,46.0,34.54,2019
corey davis,WR,110.8,20.599999999999994,24.5,4.05,118.0,115.10000000000001,2019
kalen ballage,RB,113.5,-116.3,6.790000000000001,0.020000000000000018,47.0,51.800000000000004,2019
michael gallup,WR,113.8,-67.3,13.620000000000001,1.72,68.0,212.7,2019
tom brady,QB,114.6,2.2799999999999727,33.08,10.64,343.29999999999995,311.68,2019
delanie walker,TE,115.4,-121.39999999999999,9.2,9.2,7.0,54.5,2019
philip rivers,QB,116.1,0.0,28.700000000000003,12.27,341.02,285.5,2019
eric ebron,TE,117.5,93.6,24.8,3.8000000000000003,113.0,86.5,2019
jaylen samuels,RB,119.0,-66.5,16.800000000000004,1.4000000000000001,85.0,106.4,2019
desean jackson,WR,119.4,-11.699999999999989,22.23,5.23,80.0,36.9,2019
donte moncrief,WR,119.8,-30.19999999999999,16.700000000000003,1.05,89.0,5.800000000000001,2019
justin jackson,RB,119.9,-94.9,15.660000000000002,0.8,69.0,31.200000000000003,2019
golden tate,WR,123.3,17.900000000000006,21.259999999999998,3.54,117.0,154.20000000000002,2019
courtland sutton,WR,126.2,-26.69999999999999,14.65,2.85,85.0,222.42000000000002,2019
dak prescott,QB,127.2,-3.1199999999999477,32.96000000000001,9.759999999999998,337.90000000000003,399.78000000000003,2019
jamison crowder,WR,128.8,-80.19999999999999,14.940000000000001,4.9,53.0,197.70000000000002,2019
kirk cousins,QB,130.7,10.100000000000023,35.53,11.420000000000002,351.12,300.42,2019
peyton barber,RB,131.3,-3.6999999999999886,17.95,3.6000000000000005,263.0,116.5,2019
tyrell williams,WR,131.4,-25.19999999999999,18.319999999999997,3.1200000000000006,67.0,143.1,2019
adrian peterson,RB,133.1,37.0,24.3,4.550000000000001,277.0,151.0,2019
anthony miller,WR,134.4,-42.78,12.76,0.28000000000000014,60.0,129.5,2019
john brown,WR,136.2,-19.099999999999994,20.050000000000004,1.8,100.0,221.82,2019
mitchell trubisky,QB,139.2,-32.0,38.626000000000005,7.756000000000001,309.02,238.82,2019
mark andrews,TE,142.1,-23.39999999999999,10.05,2.75,50.0,209.2,2019
dion lewis,RB,142.9,6.699999999999989,21.75,4.75,222.0,68.3,2019
josh allen,QB,145.8,-112.15999999999997,30.64,5.38,228.86,330.56,2019
keke coutee,WR,146.2,-100.3,19.5,2.35,44.0,54.800000000000004,2019
jimmy garoppolo,QB,147.5,-285.0,23.6,12.959999999999997,56.019999999999996,307.32,2019
greg olsen,TE,148.9,-50.499999999999986,16.400000000000002,2.94,38.0,123.7,2019
christian mccaffrey,RB,1.2,313.2,40.25,19.450000000000003,429.0,90.4,2020
saquon barkley,RB,2.5,88.10000000000002,29.900000000000006,8.02,290.0,15.4,2020
ezekiel elliott,RB,3.4,159.70000000000005,27.050000000000004,13.600000000000001,372.0,231.7,2020
alvin kamara,RB,4.9,94.52000000000001,27.470000000000006,9.38,268.0,377.8,2020
michael thomas,WR,5.6,202.90000000000003,31.200000000000003,13.6,186.0,83.9,2020
dalvin cook,RB,6.2,140.40000000000003,28.1,14.000000000000002,313.0,337.8,2020
derrick henry,RB,7.4,144.60000000000002,32.059999999999995,8.88,327.0,335.1,2020
josh jacobs,RB,9.1,37.599999999999994,24.240000000000002,5.660000000000002,269.0,235.3,2020
davante adams,WR,10.4,41.00000000000003,24.580000000000002,8.250000000000002,127.0,360.40000000000003,2020
austin ekeler,RB,11.5,157.0,30.25,11.05,240.0,165.3,2020
miles sanders,RB,12.0,62.70000000000002,24.049999999999997,6.45,242.0,170.4,2020
joe mixon,RB,13.1,69.4,23.1,5.800000000000001,323.0,101.60000000000001,2020
julio jones,WR,14.4,102.40000000000003,27.28,9.940000000000001,159.0,146.10000000000002,2020
kenyan drake,RB,14.8,58.19999999999999,31.240000000000006,7.61,238.0,194.2,2020
tyreek hill,WR,15.8,16.600000000000023,26.35,4.7,97.0,328.90000000000003,2020
nick chubb,RB,16.3,105.20000000000005,28.150000000000002,7.050000000000001,347.0,209.70000000000002,2020
aaron jones,RB,17.5,162.8,36.4,4.4,304.0,258.9,2020
deandre hopkins,WR,18.5,96.84000000000003,26.919999999999998,7.98,152.0,291.8,2020
patrick mahomes,QB,18.7,29.360000000000014,35.246,13.918000000000001,341.04,448.4,2020
travis kelce,TE,19.9,118.30000000000001,22.950000000000003,10.100000000000001,137.0,312.76,2020
chris godwin,WR,21.5,102.40000000000003,35.63000000000001,8.51,122.0,191.0,2020
james conner,RB,22.4,-8.5,26.939999999999998,3.14,154.0,164.6,2020
lamar jackson,QB,22.7,180.0,45.18,22.096,491.68,390.78000000000003,2020
george kittle,TE,24.4,84.5,23.67,7.280000000000001,112.0,125.1,2020
kenny golladay,WR,25.8,78.30000000000001,25.75,4.050000000000001,116.0,65.8,2020
chris carson,RB,26.4,84.6,25.96,8.08,325.0,187.8,2020
mike evans,WR,27.9,59.00000000000003,41.440000000000005,5.6400000000000015,118.0,248.6,2020
david johnson,RB,28.5,-12.5,25.320000000000004,0.7100000000000002,141.0,181.5,2020
todd gurley,RB,29.1,65.4,21.900000000000002,5.860000000000001,272.0,163.2,2020
adam thielen,WR,30.3,-57.29999999999998,21.74,0.18000000000000002,52.0,252.0,2020
allen robinson,WR,31.8,83.20000000000002,24.900000000000002,6.800000000000001,155.0,262.90000000000003,2020
dj moore,WR,32.6,60.80000000000001,20.72,7.960000000000001,141.0,211.5,2020
leonard fournette,RB,35.4,105.40000000000003,25.38,12.239999999999998,365.0,132.0,2020
odell beckham,WR,35.7,31.600000000000023,18.75,5.9,136.0,86.82,2020
juju smith schuster,WR,36.9,-56.499999999999986,20.16,2.75,70.0,234.1,2020
amari cooper,WR,38.1,74.80000000000001,29.25,2.1,120.0,234.8,2020
melvin gordon,RB,39.4,30.80000000000001,24.050000000000004,8.11,217.0,206.4,2020
cooper kupp,WR,40.3,98.80000000000001,30.0,7.0,136.0,210.70000000000002,2020
calvin ridley,WR,40.9,23.30000000000001,24.0,6.36,95.0,281.5,2020
mark andrews,TE,42.4,71.19999999999999,25.040000000000003,4.26,98.0,170.10000000000002,2020
robert woods,WR,42.4,61.20000000000002,27.92,6.2,156.0,247.1,2020
mark ingram,RB,42.5,86.5,24.28,8.14,231.0,52.900000000000006,2020
a j brown,WR,44.4,45.400000000000006,24.9,3.5000000000000004,87.0,243.5,2020
dk metcalf,WR,45.3,19.400000000000006,18.200000000000003,4.05,102.0,273.3,2020
devin singletary,RB,46.4,-6.099999999999994,18.970000000000002,6.0200000000000005,192.0,145.6,2020
dj chark,WR,47.5,52.10000000000002,28.08,6.9,120.0,153.6,2020
raheem mostert,RB,49.4,13.199999999999989,23.75,0.65,159.0,101.7,2020
tyler lockett,WR,49.9,63.50000000000003,29.2,3.5000000000000004,114.0,265.4,2020
zach ertz,TE,50.6,77.6,26.38,5.5600000000000005,135.0,75.5,2020
terry mclaurin,WR,50.8,20.200000000000017,23.85,4.33,93.0,225.8,2020
kareem hunt,RB,53.1,-54.599999999999994,16.17,7.6499999999999995,87.0,218.5,2020
keenan allen,WR,53.5,89.80000000000001,24.75,6.4,152.0,247.1,2020
dak prescott,QB,54.7,88.10000000000002,38.59,9.459999999999999,399.78000000000003,155.64,2020
ronald jones,RB,56.5,14.300000000000011,18.049999999999997,2.15,212.0,190.3,2020
t y hilton,WR,57.5,-46.599999999999994,21.319999999999997,5.52,68.0,162.20000000000002,2020
courtland sutton,WR,58.1,50.72000000000003,21.3,8.2,127.0,9.600000000000001,2020
david montgomery,RB,59.7,18.400000000000006,19.950000000000003,5.300000000000001,277.0,264.8,2020
marquise brown,WR,60.0,-25.299999999999983,20.240000000000002,1.96,71.0,183.0,2020
darren waller,TE,61.6,85.0,23.650000000000002,7.15,119.0,280.6,2020
russell wilson,QB,62.0,80.92000000000002,41.63,13.23,392.6,445.78,2020
kyler murray,QB,62.6,11.600000000000023,31.729999999999997,11.71,323.28000000000003,438.74,2020
stefon diggs,WR,65.0,46.400000000000006,22.38,4.98,99.0,328.6,2020
devante parker,WR,66.7,74.5,22.65,6.700000000000001,128.0,166.3,2020
deshaun watson,QB,69.3,65.30000000000001,35.976,10.58,376.98,439.32,2020
will fuller,WR,70.5,-37.69999999999999,21.0,1.8,71.0,188.9,2020
michael gallup,WR,72.2,41.0,24.150000000000002,7.120000000000001,113.0,173.3,2020
james white,RB,72.7,44.20000000000002,15.92,7.18,162.0,116.60000000000001,2020
marlon mack,RB,74.6,23.30000000000001,19.220000000000002,5.220000000000001,264.0,8.6,2020
evan engram,TE,74.8,-28.599999999999994,24.89,7.0600000000000005,71.0,143.0,2020
julian edelman,WR,77.2,86.57999999999998,24.65,6.3,161.0,56.22,2020
tyler boyd,WR,78.5,55.20000000000002,25.25,4.8,152.0,192.64000000000001,2020
hayden hurst,TE,79.4,-61.099999999999994,7.15,1.65,39.0,149.1,2020
jordan howard,RB,80.0,-44.599999999999994,20.980000000000004,4.640000000000001,133.0,30.7,2020
drew brees,QB,80.1,-32.920000000000016,36.28,11.48,278.76,261.48,2020
brandin cooks,WR,81.5,-54.19999999999999,15.790000000000004,1.3200000000000003,78.0,232.0,2020
phillip lindsay,RB,83.8,41.70000000000002,22.25,4.75,272.0,66.0,2020
tarik cohen,RB,84.6,7.900000000000006,15.45,4.45,168.0,17.5,2020
matt ryan,QB,84.8,15.660000000000025,32.924,12.856000000000002,327.34000000000003,338.44,2020
jarvis landry,WR,85.5,65.70000000000002,24.700000000000003,6.95,139.0,189.96,2020
tom brady,QB,88.0,0.0,30.130000000000003,10.65,311.68,419.92,2020
deebo samuel,WR,89.1,17.400000000000034,20.959999999999997,4.7,95.0,80.7,2020
diontae johnson,WR,89.4,-10.599999999999994,19.65,3.0500000000000003,96.0,223.8,2020
tyler higbee,TE,89.7,22.400000000000006,22.89,2.49,89.0,126.2,2020
matt breida,RB,90.5,-50.7,13.900000000000002,3.7,145.0,44.0,2020
aaron rodgers,QB,94.3,20.69999999999999,34.61,9.719999999999999,332.38,483.26,2020
latavius murray,RB,94.9,1.1999999999999886,22.35,1.6000000000000003,189.0,136.2,2020
marvin jones,WR,95.1,22.200000000000017,25.700000000000003,6.32,93.0,227.8,2020
tevin coleman,RB,96.4,-20.599999999999994,15.220000000000002,2.5900000000000003,167.0,12.700000000000001,2020
alexander mattison,RB,96.7,-85.6,10.720000000000002,0.8400000000000003,112.0,86.9,2020
kerryon johnson,RB,97.2,-69.0,17.07,4.4,128.0,73.8,2020
hunter henry,TE,98.0,12.199999999999989,15.670000000000002,5.28,76.0,145.3,2020
emmanuel sanders,WR,100.0,18.600000000000023,25.240000000000002,2.26,97.0,164.8,2020
chase edmonds,RB,101.1,-73.2,17.310000000000002,0.0,81.0,168.0,2020
damien harris,RB,101.1,-154.8,1.2000000000000002,1.2000000000000002,4.0,91.30000000000001,2020
josh allen,QB,101.5,18.879999999999995,25.490000000000002,10.73,330.56,482.06,2020
jamison crowder,WR,102.6,26.00000000000003,23.3,3.4,123.0,174.02,2020
mecole hardman,WR,106.1,-54.19999999999999,14.8,0.35000000000000003,45.0,124.1,2020
sony michel,RB,107.4,-1.4000000000000057,17.8,2.95,267.0,75.30000000000001,2020
carson wentz,QB,107.9,28.180000000000007,28.97,14.5,339.86,228.4,2020
matthew stafford,QB,111.3,-101.12,35.888,13.348,210.56,310.56,2020
darius slayton,WR,113.2,-1.6999999999999886,28.380000000000013,2.1100000000000003,84.0,143.0,2020
darrell henderson,RB,114.1,-133.6,6.420000000000001,0.0,45.0,130.3,2020
jared cook,TE,115.2,29.5,21.45,4.68,65.0,129.4,2020
christian kirk,WR,116.9,-5.5,17.72,3.9400000000000004,118.0,146.4,2020
adrian peterson,RB,118.4,-5.0,15.780000000000001,3.4400000000000004,234.0,124.5,2020
sterling shepard,WR,118.9,-31.899999999999977,20.6,8.59,89.0,160.5,2020
tony pollard,RB,119.4,-66.8,19.94000000000001,0.21000000000000005,106.0,120.8,2020
noah fant,TE,119.6,-25.0,15.8,1.55,69.0,147.3,2020
boston scott,RB,120.1,-57.10000000000001,27.0,2.08,87.0,95.60000000000001,2020
cam newton,QB,120.7,-291.0,12.724,7.956,20.68,276.98,2020
daniel jones,QB,125.4,-30.69999999999999,39.855999999999995,7.832000000000002,280.98,212.02,2020
anthony miller,WR,126.9,-42.19999999999999,18.35,0.6,86.0,110.7,2020
desean jackson,WR,127.1,-134.79999999999998,32.01,4.890000000000001,10.0,44.800000000000004,2020
ben roethlisberger,QB,129.5,-298.94,9.066,3.674,12.74,331.22,2020
preston williams,WR,130.9,-78.89999999999998,17.2,7.27,60.0,70.8,2020
duke johnson,RB,131.0,0.0,17.9,3.55,145.0,88.39999999999999,2020
allen lazard,WR,131.0,-68.89999999999999,16.86,3.4400000000000004,53.0,97.80000000000001,2020
austin hooper,TE,136.7,51.70000000000002,24.080000000000002,5.640000000000001,97.0,113.5,2020
justin jackson,RB,137.6,-124.8,7.220000000000001,1.8800000000000003,40.0,63.300000000000004,2020
nyheim hines,RB,139.9,-48.099999999999994,11.25,2.5,110.0,191.2,2020
sammy watkins,WR,140.5,-33.19999999999999,12.920000000000002,2.3600000000000003,92.0,89.4,2020
t j hockenson,TE,143.1,-57.3,11.39,1.1500000000000001,59.0,175.3,2020
baker mayfield,QB,144.7,-36.5,25.94,11.19,275.18,306.62,2020
golden tate,WR,145.3,-17.49999999999997,22.200000000000003,4.3,86.0,86.52,2020
mike gesicki,TE,146.5,0.0,17.54,2.46,89.0,159.3,2020
jared goff,QB,147.2,-10.160000000000025,28.990000000000002,4.800000000000001,301.52,285.98,2020
john brown,WR,149.1,50.120000000000005,22.9,9.86,117.0,96.8,2020
chris thompson,RB,149.6,-62.39999999999999,14.8,3.9000000000000004,95.0,42.6,2020
christian mccaffrey,RB,1.2,-69.69999999999999,35.38,25.54,78.0,127.5,2021
dalvin cook,RB,2.5,177.70000000000002,36.02000000000001,15.13,366.0,208.3,2021
alvin kamara,RB,3.8,217.70000000000002,42.18,12.66,294.0,234.70000000000002,2021
derrick henry,RB,4.0,175.00000000000003,37.75,8.15,409.0,193.3,2021
ezekiel elliott,RB,5.3,71.6,23.919999999999998,6.82,315.0,248.06,2021
davante adams,WR,6.4,177.34000000000003,42.720000000000006,11.47,149.0,344.3,2021
aaron jones,RB,7.5,98.79999999999998,24.5,10.84,264.0,231.0,2021
travis kelce,TE,8.2,165.45999999999998,27.304000000000002,11.88,145.0,264.8,2021
austin ekeler,RB,8.5,5.200000000000017,24.639999999999997,8.97,181.0,345.8,2021
nick chubb,RB,9.9,49.60000000000002,26.099999999999998,7.98,208.0,217.3,2021
tyreek hill,WR,10.6,145.84000000000003,30.66,12.22,148.0,298.5,2021
saquon barkley,RB,12.0,-144.7,11.62,3.7800000000000002,28.0,150.6,2021
stefon diggs,WR,13.5,145.54000000000002,29.200000000000003,12.75,167.0,285.5,2021
jonathan taylor,RB,13.8,94.70000000000002,27.299999999999997,6.98,271.0,377.1,2021
antonio gibson,RB,15.6,46.10000000000002,22.710000000000004,7.21,214.0,235.1,2021
deandre hopkins,WR,17.0,108.74000000000001,27.700000000000003,8.4,161.0,147.20000000000002,2021
calvin ridley,WR,18.0,98.44,31.339999999999996,9.360000000000001,148.0,71.10000000000001,2021
joe mixon,RB,19.2,-58.499999999999986,28.75,8.3,145.0,289.90000000000003,2021
dk metcalf,WR,19.7,90.24000000000001,27.5,4.95,129.0,244.3,2021
clyde edwards helaire,RB,20.4,15.900000000000006,20.52,6.74,235.0,119.60000000000001,2021
darren waller,TE,21.5,133.3,29.25,6.5,145.0,133.5,2021
justin jefferson,WR,22.4,87.13999999999999,28.9,5.45,126.0,332.4,2021
patrick mahomes,QB,22.9,108.27999999999997,43.775999999999996,21.84,448.4,439.66,2021
a j brown,WR,24.8,60.44,26.370000000000005,8.48,106.0,180.9,2021
david montgomery,RB,25.9,104.70000000000002,27.759999999999998,7.800000000000001,315.0,197.0,2021
keenan allen,WR,25.9,64.03999999999999,30.13000000000001,8.33,148.0,255.8,2021
chris carson,RB,28.0,27.700000000000017,24.140000000000004,9.040000000000001,187.0,50.1,2021
george kittle,TE,28.5,-22.200000000000017,28.759999999999998,7.65,65.0,200.0,2021
james robinson,RB,29.1,90.30000000000001,28.860000000000003,11.58,300.0,177.9,2021
ceedee lamb,WR,29.6,28.639999999999986,21.9,7.6000000000000005,121.0,232.8,2021
terry mclaurin,WR,30.3,42.74000000000001,23.5,4.88,136.0,213.5,2021
allen robinson,WR,32.7,79.84000000000003,27.35,8.3,152.0,85.0,2021
d andre swift,RB,34.0,33.70000000000002,25.56,6.440000000000001,171.0,210.9,2021
josh allen,QB,34.4,141.94,41.83,18.73,482.06,474.58,2021
robert woods,WR,35.1,64.03999999999999,25.0,7.8500000000000005,153.0,135.2,2021
josh jacobs,RB,35.4,75.20000000000002,26.759999999999998,7.1000000000000005,318.0,230.0,2021
mike evans,WR,37.8,65.53999999999999,24.3,6.45,109.0,262.5,2021
miles sanders,RB,38.7,10.300000000000011,23.72,4.740000000000001,216.0,117.2,2021
amari cooper,WR,40.0,51.74000000000001,22.05,3.2,136.0,202.5,2021
kyler murray,QB,41.3,98.62,42.120000000000005,11.64,438.74,348.48,2021
cooper kupp,WR,41.3,27.640000000000015,24.099999999999998,6.86,128.0,437.5,2021
mike davis,RB,43.1,48.400000000000006,25.02,8.22,235.0,144.20000000000002,2021
darrell henderson,RB,43.8,-29.799999999999983,19.66,0.8800000000000001,162.0,163.4,2021
diontae johnson,WR,44.9,40.74000000000001,23.44,1.1800000000000002,147.0,276.40000000000003,2021
myles gaskin,RB,45.7,8.100000000000023,21.479999999999997,10.459999999999999,189.0,175.6,2021
julio jones,WR,46.0,-36.95999999999998,26.500000000000004,5.6000000000000005,68.0,80.4,2021
chris godwin,WR,47.2,7.939999999999998,23.360000000000003,7.370000000000001,84.0,246.4,2021
tyler lockett,WR,48.4,82.33999999999997,35.0,6.6000000000000005,132.0,239.4,2021
lamar jackson,QB,50.9,50.660000000000025,34.532,17.772,390.78000000000003,273.98,2021
adam thielen,WR,52.3,68.94,29.18,5.92,111.0,199.8,2021
mark andrews,TE,52.8,22.80000000000001,20.67,4.43,88.0,297.1,2021
kareem hunt,RB,53.2,58.400000000000006,21.650000000000002,6.0,249.0,108.0,2021
brandon aiyuk,WR,53.9,1.4399999999999977,22.26,4.43,102.0,170.3,2021
t j hockenson,TE,55.4,28.0,16.450000000000003,4.65,102.0,143.3,2021
damien harris,RB,55.5,-68.79999999999998,12.78,4.66,144.0,214.1,2021
dj moore,WR,57.0,28.439999999999998,21.08,7.9,120.0,237.5,2021
aaron rodgers,QB,59.0,143.14,37.24,21.759999999999998,483.26,407.3,2021
chase edmonds,RB,60.4,7.900000000000006,17.9,4.1,164.0,145.3,2021
chase claypool,WR,61.1,33.84,21.200000000000003,3.95,119.0,166.6,2021
tee higgins,WR,61.3,13.539999999999992,21.54,5.8,113.0,219.1,2021
raheem mostert,RB,63.0,-58.39999999999999,20.62,6.3500000000000005,123.0,2.0,2021
jerry jeudy,WR,64.1,-27.460000000000008,19.55,2.2,113.0,85.0,2021
dak prescott,QB,66.7,-184.48000000000002,43.592,15.920000000000002,155.64,400.56,2021
odell beckham,WR,69.0,-96.24000000000001,25.800000000000004,2.7,46.0,129.1,2021
justin herbert,QB,69.3,52.72000000000003,36.332,17.344,392.84000000000003,446.76,2021
russell wilson,QB,69.4,105.65999999999997,41.599999999999994,15.22,445.78,292.82,2021
logan thomas,TE,72.2,29.319999999999993,19.55,2.3000000000000003,113.0,55.6,2021
antonio brown,WR,72.7,-65.96000000000001,25.249999999999996,5.2,64.0,121.10000000000001,2021
robbie chosen,WR,75.0,41.03999999999999,19.7,6.55,140.0,138.5,2021
melvin gordon,RB,75.2,46.30000000000001,22.86,4.0600000000000005,259.0,201.1,2021
tom brady,QB,77.8,79.80000000000001,40.36,14.4,419.92,466.74,2021
aj dillon,RB,79.1,-119.8,8.940000000000005,0.30000000000000004,48.0,187.60000000000002,2021
noah fant,TE,79.2,0.0,18.080000000000005,5.4,93.0,159.0,2021
ronald jones,RB,79.8,30.200000000000017,23.91000000000001,5.94,234.0,83.2,2021
juju smith schuster,WR,82.5,51.03999999999999,23.65,5.2,128.0,34.800000000000004,2021
kenny golladay,WR,82.8,-117.26,17.58,5.800000000000001,32.0,89.10000000000001,2021
zack moss,RB,83.8,-58.5,12.780000000000001,2.46,130.0,107.2,2021
matthew stafford,QB,85.0,-29.560000000000002,29.74,9.03,310.56,411.74,2021
courtland sutton,WR,85.7,-173.46,9.600000000000001,9.600000000000001,6.0,148.24,2021
laviska shenault,WR,85.9,-25.960000000000008,15.8,4.88,97.0,129.0,2021
robert tonyan,TE,87.2,29.299999999999983,17.02,3.7000000000000006,59.0,50.4,2021
corey davis,WR,89.6,10.340000000000003,25.060000000000006,1.9200000000000004,92.0,107.2,2021
deebo samuel,WR,89.8,-102.36,20.520000000000003,2.8800000000000003,52.0,344.96000000000004,2021
leonard fournette,RB,90.1,-28.099999999999994,20.92,4.25,144.0,255.60000000000002,2021
marquez callaway,WR,90.5,-140.76,9.580000000000002,0.0,27.0,151.8,2021
devin singletary,RB,91.2,-14.5,16.75,3.3,206.0,197.8,2021
jamaal williams,RB,92.0,-37.0,17.810000000000002,2.91,154.0,119.8,2021
sony michel,RB,93.4,-84.79999999999998,17.98,2.1100000000000003,88.0,148.3,2021
dallas goedert,TE,93.9,-30.900000000000006,20.5,2.5,65.0,163.0,2021
tyler higbee,TE,95.8,-21.10000000000001,14.979999999999999,3.2800000000000002,61.0,147.0,2021
ryan tannehill,QB,96.1,66.24000000000001,36.32,15.559999999999999,406.36,316.36,2021
james conner,RB,96.2,4.5,19.6,3.7600000000000002,212.0,257.7,2021
tyler boyd,WR,97.3,9.580000000000013,21.58,3.1200000000000006,115.0,183.84,2021
mecole hardman,WR,100.0,-58.96000000000001,15.4,2.05,66.0,144.9,2021
jalen hurts,QB,100.2,-214.98000000000002,23.07,0.212,125.14,342.16,2021
tony pollard,RB,102.7,-39.3,12.4,2.45,141.0,156.6,2021
brandin cooks,WR,102.9,48.94,28.9,4.5200000000000005,119.0,231.8,2021
kenyan drake,RB,102.9,34.099999999999994,20.979999999999997,5.460000000000001,270.0,102.5,2021
michael pittman,WR,104.4,-84.16,14.400000000000006,3.18,64.0,236.6,2021
alexander mattison,RB,106.5,-73.19999999999999,15.680000000000005,0.6000000000000001,111.0,127.89999999999999,2021
phillip lindsay,RB,107.5,-94.1,10.100000000000001,2.0,132.0,45.4,2021
darnell mooney,WR,109.0,-32.96000000000001,17.2,3.7,102.0,219.70000000000002,2021
joe burrow,QB,112.4,-132.4,33.449999999999996,13.7,207.72,384.24,2021
dj chark,WR,112.8,-29.460000000000008,25.320000000000007,3.8000000000000003,93.0,34.400000000000006,2021
mike gesicki,TE,114.3,12.0,23.68,2.08,85.0,163.0,2021
david johnson,RB,115.0,21.400000000000006,23.970000000000002,7.340000000000001,193.0,83.3,2021
jakobi meyers,WR,116.2,-36.53999999999999,20.044000000000004,3.8300000000000005,83.0,184.3,2021
mike williams,WR,116.2,-29.360000000000014,22.26,2.91,86.0,244.60000000000002,2021
j d mckissic,RB,116.8,33.30000000000001,20.549999999999997,5.0,195.0,127.9,2021
jarvis landry,WR,118.2,6.900000000000006,19.904,6.340000000000001,105.0,137.0,2021
nyheim hines,RB,120.6,31.099999999999994,24.25,5.4,165.0,116.6,2021
giovani bernard,RB,120.9,0.0,21.65,1.65,183.0,59.1,2021
henry ruggs,WR,123.9,-94.96000000000001,15.840000000000003,1.08,52.0,84.5,2021
marvin jones,WR,126.0,44.74000000000001,26.400000000000002,3.85,115.0,180.2,2021
james white,RB,128.8,-43.499999999999986,14.580000000000002,2.8,97.0,31.200000000000003,2021
will fuller,WR,129.2,5.840000000000003,24.3,8.8,76.0,6.6,2021
matt ryan,QB,129.8,-1.6800000000000068,35.18000000000001,8.100000000000001,338.44,268.92,2021
latavius murray,RB,130.6,-23.900000000000006,17.819999999999993,4.140000000000001,172.0,103.60000000000001,2021
jonnu smith,TE,130.7,-7.100000000000023,18.78000000000001,2.02,67.0,67.4,2021
russell gage,WR,133.8,0.0,20.58,3.8,111.0,167.0,2021
baker mayfield,QB,134.3,-33.5,35.739999999999995,7.52,306.62,216.9,2021
michael gallup,WR,135.4,-9.759999999999991,23.700000000000003,4.300000000000001,105.0,91.5,2021
jameis winston,QB,137.3,-337.72,1.892,-0.04400000000000002,2.3999999999999995,147.4,2021
rashaad penny,RB,137.9,-156.7,1.7000000000000002,0.66,11.0,121.7,2021
tevin coleman,RB,139.0,-147.4,4.7,0.0,33.0,51.50000000000001,2021
curtis samuel,WR,140.2,29.039999999999992,21.4,6.66,138.0,9.8,2021
marquise brown,WR,140.9,-0.060000000000002274,19.15,3.35,101.0,228.3,2021
rob gronkowski,TE,142.8,2.0,18.0,2.15,77.0,171.2,2021
ben roethlisberger,QB,143.2,-8.899999999999977,31.34,13.604000000000001,331.22,268.09999999999997,2021
gabe davis,WR,144.3,-46.16,16.95,0.8500000000000001,63.0,125.9,2021
bryan edwards,WR,148.2,-146.76,8.060000000000002,0.8800000000000001,15.0,109.1,2021
hunter henry,TE,149.7,-2.0,14.650000000000002,5.48,93.0,164.3,2021
jonathan taylor,RB,1.3,226.50000000000003,32.74,9.760000000000002,383.0,152.4,2022
christian mccaffrey,RB,2.4,-23.099999999999994,26.740000000000002,5.0,140.0,358.36,2022
austin ekeler,RB,2.7,195.20000000000002,32.2,11.45,300.0,378.7,2022
derrick henry,RB,4.3,42.70000000000002,39.23,9.530000000000001,239.0,310.76,2022
justin jefferson,WR,4.6,164.19999999999996,30.320000000000004,12.244000000000002,173.0,366.66,2022
cooper kupp,WR,5.7,269.29999999999995,35.54,16.44,195.0,203.4,2022
najee harris,RB,7.1,150.1,26.520000000000003,6.380000000000001,401.0,227.46,2022
dalvin cook,RB,7.5,57.70000000000002,22.380000000000003,6.680000000000001,298.0,245.8,2022
ja marr chase,WR,8.7,138.4,30.380000000000003,5.98,135.0,246.4,2022
joe mixon,RB,10.1,139.30000000000004,29.75,8.45,340.0,239.5,2022
alvin kamara,RB,10.9,84.10000000000002,28.260000000000005,7.180000000000001,307.0,219.7,2022
davante adams,WR,12.0,176.1,33.75,11.05,169.0,335.5,2022
d andre swift,RB,12.8,60.30000000000001,24.259999999999998,6.500000000000001,229.0,189.10000000000002,2022
stefon diggs,WR,13.6,117.29999999999998,23.42,9.76,164.0,316.6,2022
aaron jones,RB,14.9,80.4,23.0,4.640000000000001,236.0,252.6,2022
saquon barkley,RB,15.5,0.0,20.820000000000004,3.72,219.0,282.0,2022
travis kelce,TE,16.5,105.80000000000001,24.75,6.0,136.0,316.3,2022
ceedee lamb,WR,17.5,64.6,26.0,4.3500000000000005,129.0,301.6,2022
nick chubb,RB,18.8,66.70000000000002,26.410000000000004,6.23,253.0,281.40000000000003,2022
deebo samuel,WR,19.6,176.76000000000002,32.43000000000001,12.1,180.0,172.4,2022
javonte williams,RB,20.2,56.30000000000001,20.580000000000002,6.12,256.0,44.0,2022
josh allen,QB,20.4,156.55999999999995,40.532000000000004,17.176000000000002,474.58,471.52,2022
leonard fournette,RB,21.9,105.00000000000003,28.45000000000001,8.379999999999999,264.0,226.1,2022
tyreek hill,WR,22.7,130.29999999999998,34.52,4.08,168.0,341.2,2022
michael pittman,WR,24.9,68.39999999999998,20.66,5.2,134.0,218.5,2022
mark andrews,TE,25.5,138.10000000000002,31.340000000000003,8.52,154.0,188.5,2022
mike evans,WR,26.5,94.29999999999998,28.1,4.65,115.0,225.4,2022
ezekiel elliott,RB,27.7,97.46000000000001,22.536,6.380000000000001,302.0,185.8,2022
james conner,RB,28.4,107.1,31.02,6.420000000000002,241.0,202.2,2022
keenan allen,WR,29.5,87.6,20.3,10.3,157.0,166.0,2022
a j brown,WR,30.4,12.699999999999989,30.660000000000004,3.8600000000000008,107.0,303.6,2022
kyle pitts,TE,31.2,17.599999999999994,19.040000000000006,4.08,110.0,75.6,2022
tee higgins,WR,32.5,50.89999999999998,27.180000000000007,5.23,110.0,218.9,2022
cam akers,RB,33.1,-146.29999999999998,4.3,4.3,8.0,145.3,2022
justin herbert,QB,33.2,128.73999999999995,38.216,15.632,446.76,335.26,2022
dj moore,WR,35.9,69.29999999999998,21.06,7.120000000000001,171.0,199.10000000000002,2022
terry mclaurin,WR,38.0,45.29999999999998,26.200000000000003,5.98,131.0,229.0,2022
patrick mahomes,QB,38.3,121.63999999999999,40.25600000000001,11.360000000000001,439.66,493.4,2022
david montgomery,RB,39.3,46.400000000000006,23.400000000000002,8.14,276.0,181.70000000000002,2022
mike williams,WR,39.6,76.4,29.05,4.300000000000001,129.0,176.5,2022
elijah mitchell,RB,42.4,14.400000000000006,21.0,8.2,227.0,43.6,2022
diontae johnson,WR,43.4,108.20000000000002,23.650000000000002,11.9,174.0,176.7,2022
george kittle,TE,44.2,41.0,30.500000000000014,4.22,97.0,202.5,2022
courtland sutton,WR,45.3,-19.960000000000008,24.0,2.2,98.0,159.4,2022
joe burrow,QB,46.1,66.21999999999997,37.74,13.65,384.24,420.7,2022
josh jacobs,RB,46.8,79.4,21.12,10.86,281.0,330.3,2022
jaylen waddle,WR,47.7,79.6,26.950000000000003,6.6000000000000005,142.0,261.2,2022
aj dillon,RB,48.7,37.00000000000003,20.92,3.6,224.0,167.60000000000002,2022
darren waller,TE,50.4,-25.5,18.6,5.300000000000001,93.0,84.8,2022
lamar jackson,QB,51.3,-44.04000000000002,36.402,11.638000000000002,273.98,272.08,2022
dk metcalf,WR,51.4,76.1,24.340000000000003,6.5,130.0,230.8,2022
allen robinson,WR,53.5,-83.20000000000002,10.31,3.66,66.0,84.9,2022
clyde edwards helaire,RB,54.3,-30.999999999999986,19.22,4.48,142.0,98.3,2022
jalen hurts,QB,56.3,24.139999999999986,31.964,11.916,342.16,422.04,2022
chris godwin,WR,56.5,78.19999999999999,27.250000000000004,8.74,131.0,224.8,2022
brandin cooks,WR,56.7,63.599999999999994,21.75,5.45,136.0,145.6,2022
damien harris,RB,59.8,63.5,22.299999999999997,5.760000000000001,223.0,90.9,2022
kyler murray,QB,61.6,30.45999999999998,37.816,14.904000000000002,348.48,224.52,2022
jerry jeudy,WR,61.7,-83.20000000000002,12.93,4.05,58.0,204.20000000000002,2022
miles sanders,RB,61.7,-33.39999999999999,16.470000000000002,5.91,171.0,220.7,2022
dalton schultz,TE,62.6,47.80000000000001,21.3,2.8200000000000003,104.0,144.7,2022
gabe davis,WR,62.9,-42.30000000000001,14.58,1.0400000000000005,63.0,173.6,2022
rashaad penny,RB,63.3,-28.89999999999999,27.37,0.79,127.0,52.2,2022
adam thielen,WR,63.8,31.599999999999994,28.480000000000004,6.2,96.0,178.0,2022
darnell mooney,WR,68.1,51.5,21.6,4.700000000000001,146.0,101.5,2022
marquise brown,WR,68.7,60.099999999999994,21.950000000000003,6.65,147.0,156.0,2022
kareem hunt,RB,68.9,-42.599999999999994,26.380000000000003,3.26,105.0,126.8,2022
chase edmonds,RB,69.6,-5.299999999999983,17.7,5.410000000000001,169.0,74.2,2022
tony pollard,RB,70.8,6.0,15.64,5.86,176.0,248.8,2022
hunter renfrow,WR,71.2,92.9,21.0,7.14,131.0,81.0,2022
russell wilson,QB,72.5,-25.200000000000045,34.147999999999996,6.492,292.82,261.76,2022
amon ra st brown,WR,73.4,55.099999999999994,26.05,4.550000000000001,126.0,267.6,2022
devin singletary,RB,74.4,47.20000000000002,20.48,3.6,238.0,183.9,2022
dallas goedert,TE,75.2,4.0,18.939999999999998,4.5600000000000005,76.0,143.2,2022
juju smith schuster,WR,75.9,-133.4,13.520000000000001,1.6,31.0,189.3,2022
rhamondre stevenson,RB,76.0,-33.69999999999999,21.950000000000006,2.4800000000000004,151.0,251.1,2022
aaron rodgers,QB,80.2,89.27999999999997,36.22,14.35,407.3,295.2,2022
rashod bateman,WR,81.0,-64.70000000000002,13.88,1.7700000000000002,68.0,55.5,2022
dak prescott,QB,83.6,82.53999999999996,37.16,9.71,400.56,246.60000000000002,2022
amari cooper,WR,84.2,34.29999999999998,24.32,5.48,104.0,246.0,2022
melvin gordon,RB,85.4,50.5,21.0,6.700000000000001,241.0,91.10000000000001,2022
devonta smith,WR,86.6,17.399999999999977,20.560000000000002,3.56,104.0,256.6,2022
tom brady,QB,86.8,148.71999999999997,38.628,12.368,466.74,325.66,2022
elijah moore,WR,87.9,-30.0,27.4,0.7,82.0,88.1,2022
zach ertz,TE,89.0,21.700000000000017,15.64,1.8800000000000001,113.0,111.60000000000001,2022
allen lazard,WR,89.5,-25.700000000000017,20.39,2.81,63.0,174.8,2022
deandre hopkins,WR,90.0,-21.0,21.26,8.250000000000002,64.0,153.7,2022
brandon aiyuk,WR,90.0,2.0999999999999943,19.44,1.7800000000000002,89.0,229.8,2022
matthew stafford,QB,90.3,93.71999999999997,31.992,13.764,411.74,134.38,2022
cordarrelle patterson,RB,91.4,84.0,25.7,4.6,222.0,150.7,2022
nyheim hines,RB,93.9,-34.0,16.080000000000002,2.5600000000000005,113.0,69.4,2022
christian kirk,WR,96.2,39.41999999999999,20.700000000000003,3.3000000000000003,104.0,243.9,2022
trey lance,QB,97.7,-245.10000000000002,22.720000000000002,3.25,72.92,12.46,2022
pat freiermuth,TE,100.0,-7.300000000000011,14.2,3.0500000000000003,79.0,148.2,2022
james robinson,RB,101.5,27.30000000000001,21.37,2.0500000000000003,210.0,88.60000000000001,2022
raheem mostert,RB,101.9,-148.6,2.0,2.0,2.0,170.3,2022
robert woods,WR,102.5,-33.00000000000003,21.96,10.24,77.0,117.7,2022
kadarius toney,WR,102.7,-85.84000000000002,17.040000000000003,1.78,60.0,59.300000000000004,2022
derek carr,QB,103.1,-5.060000000000002,26.524,12.296000000000001,312.96000000000004,267.08,2022
cole kmet,TE,103.6,-37.8,13.660000000000002,1.9000000000000001,94.0,147.29999999999998,2022
kenneth gainwell,RB,105.8,-27.200000000000003,19.2,0.75,118.0,87.9,2022
kirk cousins,QB,108.6,52.31999999999999,31.25,14.82,370.34000000000003,349.58,2022
j d mckissic,RB,110.2,-22.69999999999999,20.3,1.7000000000000002,101.0,53.8,2022
dawson knox,TE,111.5,3.0999999999999943,20.02,2.9800000000000004,71.0,135.7,2022
darrell henderson,RB,111.9,12.800000000000011,21.800000000000004,5.040000000000001,189.0,73.5,2022
tyler lockett,WR,112.5,71.19999999999999,26.6,4.9,109.0,241.3,2022
michael carter,RB,113.3,5.800000000000011,18.34,3.0,202.0,128.0,2022
antonio gibson,RB,114.7,84.5,21.95,7.0,310.0,165.9,2022
michael gallup,WR,118.2,-76.70000000000002,14.8,7.0,62.0,105.4,2022
t j hockenson,TE,120.2,-15.699999999999989,20.430000000000003,3.12,84.0,213.4,2022
julio jones,WR,120.9,-87.80000000000001,17.0,1.5300000000000002,48.0,70.4,2022
tua tagovailoa,QB,121.2,-105.10000000000005,24.660000000000004,7.444,212.92,282.92,2022
jamaal williams,RB,121.7,-30.799999999999997,14.44,2.660000000000001,181.0,227.9,2022
tyler boyd,WR,123.0,15.639999999999986,20.17,2.7,96.0,165.12,2022
alexander mattison,RB,128.9,-22.700000000000003,22.25,1.15,173.0,88.4,2022
marquez valdes scantling,WR,129.0,-81.20000000000002,20.8,0.0,55.0,122.4,2022
matt ryan,QB,132.9,-49.10000000000002,28.356,5.264000000000001,268.92,193.28,2022
chase claypool,WR,133.7,-1.6000000000000227,18.36,4.1000000000000005,119.0,109.04,2022
hunter henry,TE,134.1,5.300000000000011,19.6,3.95,75.0,103.9,2022
devante parker,WR,134.9,-64.70000000000002,16.98,7.199999999999999,73.0,102.9,2022
justin fields,QB,138.0,-167.22000000000003,24.014,4.0440000000000005,150.8,331.98,2022
rondale moore,WR,142.5,-57.10000000000002,15.680000000000003,2.61,82.0,87.9,2022
trevor lawrence,QB,142.9,-88.98000000000002,23.060000000000002,6.128,229.04000000000002,357.62,2022
robert tonyan,TE,147.9,-108.6,14.83,1.74,29.0,112.0,2022
justin jefferson,WR,1.4,194.26000000000002,34.099999999999994,5.540000000000001,188.0,204.2,2023
christian mccaffrey,RB,2.4,200.96,30.099999999999998,11.66,352.0,395.3,2023
ja marr chase,WR,2.4,74.0,31.870000000000005,12.01,139.0,262.72,2023
tyreek hill,WR,4.4,168.79999999999998,30.42,9.920000000000002,177.0,378.40000000000003,2023
austin ekeler,RB,5.0,221.29999999999998,35.300000000000004,12.46,331.0,193.4,2023
travis kelce,TE,5.9,173.10000000000002,29.060000000000002,9.98,154.0,221.4,2023
cooper kupp,WR,7.0,31.0,32.2,13.7,107.0,162.4,2023
stefon diggs,WR,8.5,144.20000000000002,28.5,8.45,155.0,273.8,2023
saquon barkley,RB,9.0,124.6,25.15,7.050000000000001,371.0,225.20000000000002,2023
ceedee lamb,WR,11.0,129.20000000000002,27.220000000000006,9.02,166.0,405.20000000000005,2023
a j brown,WR,12.5,131.20000000000002,29.020000000000003,9.08,145.0,293.6,2023
nick chubb,RB,12.5,124.00000000000003,24.200000000000003,8.24,339.0,23.1,2023
amon ra st brown,WR,13.2,95.20000000000002,31.25,7.65,155.0,332.90000000000003,2023
tony pollard,RB,15.2,91.4,29.150000000000002,3.0500000000000003,248.0,222.6,2023
garrett wilson,WR,15.6,45.29999999999998,25.08,4.16,151.0,217.2,2023
davante adams,WR,15.6,163.1,35.22,5.48,183.0,265.40000000000003,2023
derrick henry,RB,17.9,153.35999999999999,27.28,8.350000000000001,390.0,250.66000000000003,2023
patrick mahomes,QB,19.6,172.39999999999998,38.744,19.072000000000003,493.4,340.22,2023
jaylen waddle,WR,19.9,88.79999999999998,27.42,5.220000000000001,120.0,198.6,2023
chris olave,WR,20.4,27.80000000000001,19.76,7.54,119.0,229.3,2023
josh jacobs,RB,21.9,172.9,35.3,7.24,404.0,183.1,2023
devonta smith,WR,23.3,84.20000000000002,25.080000000000005,4.5,136.0,229.6,2023
rhamondre stevenson,RB,23.4,93.69999999999999,24.2,5.06,298.0,147.70000000000002,2023
jonathan taylor,RB,25.9,-5.0,24.300000000000004,5.3,232.0,156.4,2023
josh allen,QB,26.6,150.51999999999998,40.42,22.099999999999998,471.52,452.64,2023
tee higgins,WR,26.6,46.5,25.1,6.5,109.0,137.6,2023
jalen hurts,QB,26.9,101.04000000000002,35.848,17.936,422.04,412.82,2023
mark andrews,TE,28.9,45.30000000000001,24.860000000000003,3.58,116.0,135.4,2023
keenan allen,WR,29.2,-6.400000000000006,22.279999999999998,9.850000000000001,90.0,282.86,2023
najee harris,RB,30.4,70.06,17.720000000000002,8.9,325.0,197.5,2023
dk metcalf,WR,30.8,58.400000000000006,20.76,4.120000000000001,141.0,225.4,2023
joe mixon,RB,31.4,82.1,20.480000000000004,9.56,285.0,265.0,2023
travis etienne,RB,34.7,51.70000000000002,23.880000000000003,3.2,265.0,278.4,2023
amari cooper,WR,35.4,73.6,25.26,5.6000000000000005,132.0,227.0,2023
breece hall,RB,36.6,-40.3,23.140000000000004,12.64,111.0,288.5,2023
lamar jackson,QB,36.9,-48.920000000000016,45.30000000000001,11.136,272.08,389.22,2023
deebo samuel,WR,37.2,0.0,21.200000000000003,7.140000000000001,136.0,243.7,2023
aaron jones,RB,38.9,95.19999999999999,25.6,7.04,285.0,136.9,2023
deandre hopkins,WR,41.4,-18.700000000000017,23.020000000000003,10.68,96.0,223.6,2023
joe burrow,QB,43.2,99.69999999999999,36.6,17.92,420.7,179.16,2023
drake london,WR,44.1,10.199999999999989,17.16,4.42,117.0,172.38,2023
t j hockenson,TE,44.2,70.20000000000002,23.960000000000008,4.4,129.0,221.0,2023
dj moore,WR,44.7,26.700000000000017,21.660000000000004,2.3,128.0,288.5,2023
jerry jeudy,WR,44.8,31.80000000000001,22.66,2.8000000000000003,104.0,141.8,2023
kenneth walker,RB,47.9,45.099999999999994,24.339999999999996,3.54,263.0,199.4,2023
christian watson,WR,48.6,-8.299999999999983,23.410000000000004,2.1300000000000003,73.0,101.3,2023
justin fields,QB,48.8,10.980000000000018,38.044,10.024000000000001,331.98,270.18,2023
chris godwin,WR,49.3,52.400000000000006,21.78,10.52,145.0,207.2,2023
terry mclaurin,WR,49.7,56.599999999999994,19.3,7.2,127.0,203.20000000000002,2023
justin herbert,QB,50.3,14.259999999999991,29.34,8.6,335.26,274.16,2023
miles sanders,RB,52.9,63.29999999999998,28.94,4.800000000000001,285.0,91.60000000000001,2023
diontae johnson,WR,53.4,4.299999999999983,15.08,5.680000000000001,154.0,152.7,2023
j k dobbins,RB,55.1,-76.2,19.29,3.5300000000000002,100.0,11.7,2023
george kittle,TE,55.7,59.30000000000001,24.94,4.28,86.0,203.20000000000002,2023
tyler lockett,WR,55.7,68.9,23.55,4.75,117.0,198.4,2023
alexander mattison,RB,56.9,-69.0,10.56,0.22000000000000003,92.0,137.20000000000002,2023
dameon pierce,RB,57.0,13.0,19.86,4.66,259.0,76.7,2023
brandon aiyuk,WR,57.0,57.400000000000006,22.740000000000006,7.300000000000001,116.0,251.2,2023
trevor lawrence,QB,58.4,36.620000000000005,33.292,9.732,357.62,316.54,2023
christian kirk,WR,60.3,71.5,23.46,5.0,138.0,154.26,2023
darren waller,TE,60.3,-58.39999999999999,16.439999999999998,5.340000000000001,43.0,113.2,2023
cam akers,RB,63.1,-12.099999999999994,17.72,0.7000000000000002,206.0,46.699999999999996,2023
mike williams,WR,63.3,4.099999999999994,23.560000000000002,3.14,93.0,50.2,2023
michael pittman,WR,63.8,46.099999999999994,22.75,5.65,144.0,248.20000000000002,2023
james conner,RB,66.2,44.79999999999998,23.56,7.58,241.0,201.5,2023
mike evans,WR,67.6,53.0,25.619999999999997,6.82,127.0,282.5,2023
rachaad white,RB,68.1,-12.300000000000011,17.520000000000003,0.9400000000000002,187.0,271.9,2023
alvin kamara,RB,69.2,62.29999999999998,22.839999999999996,7.54,300.0,227.0,2023
dallas goedert,TE,69.7,0.0,17.07,7.65,69.0,136.3,2023
george pickens,WR,70.0,-7.900000000000006,17.26,1.26,87.0,208.8,2023
marquise brown,WR,72.5,-16.400000000000006,21.700000000000003,6.050000000000001,108.0,134.70000000000002,2023
javonte williams,RB,72.8,-113.4,18.110000000000003,5.29,69.0,177.2,2023
jahan dotson,WR,73.1,-43.80000000000001,19.44,2.4200000000000004,63.0,124.8,2023
kyle pitts,TE,74.6,-67.6,14.229999999999999,3.86,59.0,137.3,2023
d andre swift,RB,75.9,31.700000000000017,24.880000000000006,7.109999999999999,169.0,201.3,2023
deshaun watson,QB,76.2,-221.42000000000002,24.73,8.57,99.58,98.8,2023
david montgomery,RB,76.8,24.30000000000001,19.65,3.75,241.0,207.20000000000002,2023
james cook,RB,77.6,-49.7,14.2,0.5,121.0,236.70000000000002,2023
isiah pacheco,RB,79.2,-18.400000000000006,13.980000000000002,0.78,184.0,215.9,2023
dak prescott,QB,82.2,-74.39999999999998,29.084,11.076,246.60000000000002,414.84000000000003,2023
tua tagovailoa,QB,84.9,-38.079999999999984,34.160000000000004,12.607999999999999,282.92,338.36,2023
brandin cooks,WR,85.1,-26.80000000000001,18.000000000000004,6.380000000000001,95.0,171.2,2023
courtland sutton,WR,87.0,-13.0,17.1,2.74,110.0,196.20000000000002,2023
evan engram,TE,87.9,31.700000000000017,16.62,1.8599999999999999,100.0,234.3,2023
treylon burks,WR,88.7,-84.3,12.600000000000001,3.1,58.0,39.9,2023
antonio gibson,RB,88.9,8.5,18.68,5.74,207.0,131.4,2023
gabe davis,WR,89.5,1.1999999999999886,20.3,5.380000000000001,93.0,161.4,2023
michael thomas,WR,91.0,-121.30000000000001,21.86,11.620000000000001,22.0,89.8,2023
aj dillon,RB,91.7,10.200000000000017,20.42,3.3000000000000003,229.0,117.60000000000001,2023
juju smith schuster,WR,93.3,16.900000000000006,22.35,4.7,101.0,61.0,2023
brian robinson,RB,94.2,-44.7,14.450000000000001,2.5500000000000007,217.0,200.10000000000002,2023
khalil herbert,RB,94.4,-39.599999999999994,15.86,2.3000000000000003,141.0,112.5,2023
pat freiermuth,TE,96.1,5.0,15.5,4.360000000000001,98.0,74.8,2023
elijah moore,WR,97.2,-84.30000000000001,11.370000000000003,2.1,70.0,136.1,2023
rashaad penny,RB,97.3,-105.2,20.700000000000003,3.0600000000000005,62.0,4.8,2023
samaje perine,RB,99.3,-15.300000000000011,20.4,2.4,146.0,125.3,2023
kirk cousins,QB,99.4,28.579999999999984,29.752,11.475999999999999,349.58,193.74,2023
kadarius toney,WR,100.0,-113.1,13.720000000000002,1.2000000000000002,27.0,53.0,2023
rashod bateman,WR,102.0,-116.9,17.35,2.35,28.0,76.5,2023
aaron rodgers,QB,103.6,-25.80000000000001,21.592,13.064,295.2,0.0,2023
david njoku,TE,103.8,0.8000000000000114,17.530000000000005,3.1900000000000004,82.0,205.2,2023
daniel jones,QB,103.9,0.0,28.71,11.14,321.0,62.96000000000001,2023
jamaal williams,RB,104.2,70.5,24.1,3.58,278.0,60.800000000000004,2023
skyy moore,WR,109.1,-123.0,7.45,0.0,36.0,53.7,2023
jakobi meyers,WR,109.4,9.900000000000006,20.790000000000003,6.4,98.0,220.58,2023
geno smith,QB,109.9,50.879999999999995,30.404,13.591999999999999,371.88,269.26,2023
damien harris,RB,110.6,-66.5,15.4,2.0,129.0,19.0,2023
jerick mckinnon,RB,111.3,38.900000000000006,26.440000000000005,2.8400000000000003,143.0,86.36,2023
nico collins,WR,113.1,-75.3,12.839999999999998,5.95,66.0,258.4,2023
elijah mitchell,RB,115.1,-113.80000000000001,14.420000000000002,4.82,49.0,47.5,2023
allen lazard,WR,115.3,2.4000000000000057,17.6,5.640000000000001,102.0,60.1,2023
dalton schultz,TE,117.4,1.5,18.419999999999998,1.4000000000000004,89.0,152.5,2023
jaylen warren,RB,119.8,-64.10000000000001,11.3,1.3,110.0,200.4,2023
jameson williams,WR,120.3,-157.3,7.550000000000001,0.0,10.0,80.3,2023
jared goff,QB,122.6,25.319999999999993,33.836,7.316000000000001,346.32,353.1,2023
raheem mostert,RB,122.8,12.900000000000006,20.049999999999997,3.6,223.0,269.7,2023
rondale moore,WR,123.2,-84.5,19.9,2.41,62.0,105.0,2023
tyler allgeier,RB,125.0,0.0,17.0,3.65,227.0,135.6,2023
adam thielen,WR,126.3,5.599999999999994,18.66,3.74,108.0,229.0,2023
romeo doubs,WR,127.7,-68.80000000000001,16.1,0.5600000000000005,68.0,174.4,2023
darnell mooney,WR,127.8,-70.9,13.8,1.8,62.0,78.9,2023
russell wilson,QB,129.9,-59.24000000000001,30.536,9.36,261.76,314.90000000000003,2023
tyler boyd,WR,130.4,-7.280000000000001,17.5,3.6500000000000004,82.0,144.8,2023
devin singletary,RB,130.7,26.5,19.1,4.75,229.0,169.34,2023
kenneth gainwell,RB,131.1,-69.5,11.36,0.8400000000000001,82.0,97.38,2023
zay jones,WR,131.1,23.69999999999999,25.0,3.9000000000000004,125.0,78.1,2023
greg dulcich,TE,131.4,-57.09999999999998,13.96,2.1,55.0,5.5,2023
tyler higbee,TE,131.6,8.800000000000011,16.3,2.4000000000000004,108.0,108.5,2023
cordarrelle patterson,RB,132.4,-6.700000000000017,21.92,4.1000000000000005,175.0,36.9,2023
jeff wilson,RB,133.2,5.099999999999994,18.200000000000003,2.55,213.0,41.300000000000004,2023
d onta foreman,RB,137.1,-28.400000000000006,20.75,0.35,212.0,91.2,2023
chig okonkwo,TE,140.4,-47.999999999999986,13.0,0.0,49.0,113.4,2023
dj chark,WR,143.2,-74.2,15.2,0.0,52.0,117.5,2023
michael gallup,WR,144.6,-67.0,12.910000000000002,1.44,74.0,87.8,2023
derek carr,QB,145.3,-53.920000000000016,24.856,4.892000000000001,267.08,293.12,2023
cole kmet,TE,146.0,4.099999999999994,18.220000000000002,1.5000000000000002,71.0,181.1,2023
christian mccaffrey,RB,1.4,218.8,36.3,15.0,355.0,49.800000000000004,2024
breece hall,RB,2.2,112.0,27.919999999999998,3.34,318.0,240.9,2024
tyreek hill,WR,2.6,204.00000000000003,32.2,11.900000000000002,177.0,218.2,2024
ceedee lamb,WR,3.7,230.80000000000004,40.1,11.1,195.0,263.40000000000003,2024
bijan robinson,RB,4.9,75.80000000000001,23.160000000000004,5.700000000000001,300.0,339.70000000000005,2024
amon ra st brown,WR,6.2,158.50000000000003,29.5,14.55,168.0,320.18,2024
ja marr chase,WR,7.2,88.32000000000002,28.86,6.5,148.0,403.0,2024
justin jefferson,WR,8.0,29.799999999999983,28.709999999999997,5.69,101.0,317.48,2024
jahmyr gibbs,RB,9.4,67.60000000000002,27.04,7.040000000000001,253.0,364.90000000000003,2024
jonathan taylor,RB,9.8,-20.099999999999994,21.75,9.71,192.0,246.7,2024
a j brown,WR,10.9,119.20000000000002,31.020000000000003,4.9,158.0,216.9,2024
saquon barkley,RB,11.3,48.70000000000002,26.570000000000004,6.470000000000001,307.0,351.3,2024
garrett wilson,WR,12.1,42.79999999999998,17.880000000000003,5.7,172.0,253.9,2024
puka nacua,WR,15.2,124.1,30.580000000000002,6.66,172.0,206.6,2024
kyren williams,RB,15.9,80.5,29.89,9.08,276.0,278.1,2024
derrick henry,RB,15.9,74.16000000000003,24.028000000000002,3.7200000000000006,316.0,338.40000000000003,2024
travis etienne,RB,17.6,101.89999999999998,24.66,6.32,340.0,132.2,2024
cooper kupp,WR,18.9,-12.0,25.46,4.81,96.0,175.0,2024
isiah pacheco,RB,19.8,39.400000000000006,25.57,7.09,254.0,56.900000000000006,2024
davante adams,WR,20.0,91.00000000000003,29.500000000000007,3.7800000000000002,175.0,239.29999999999998,2024
de von achane,RB,21.4,16.19999999999999,27.0,1.9,140.0,299.9,2024
drake london,WR,21.5,-2.0200000000000102,20.1,3.1,110.0,280.8,2024
deebo samuel,WR,23.0,69.29999999999998,30.439999999999998,2.74,126.0,155.60000000000002,2024
josh jacobs,RB,23.6,6.599999999999994,22.36,6.28,287.0,299.1,2024
travis kelce,TE,24.4,73.88,22.18,5.880000000000001,121.0,197.4,2024
josh allen,QB,25.1,136.09999999999997,37.300000000000004,17.268,452.64,437.04,2024
chris olave,WR,26.2,54.900000000000006,20.25,7.3999999999999995,138.0,78.7,2024
rachaad white,RB,29.0,95.39999999999998,21.66,8.280000000000001,342.0,205.6,2024
jaylen waddle,WR,29.1,24.19999999999999,23.390000000000008,8.46,107.0,145.6,2024
sam laporta,TE,29.4,87.78,24.880000000000003,4.8,121.0,174.6,2024
james cook,RB,30.3,60.20000000000002,21.980000000000004,6.36,291.0,266.7,2024
patrick mahomes,QB,30.8,23.680000000000007,28.440000000000005,15.110000000000001,340.22,335.02,2024
nico collins,WR,32.1,83.99999999999997,34.34,6.000000000000001,110.0,210.60000000000002,2024
alvin kamara,RB,32.3,50.5,27.24,9.0,266.0,265.3,2024
mike evans,WR,33.5,108.1,28.200000000000003,6.28,136.0,240.4,2024
joe mixon,RB,35.0,88.5,22.78,8.36,321.0,240.5,2024
kenneth walker,RB,35.6,22.900000000000006,20.000000000000004,4.260000000000001,256.0,181.20000000000002,2024
jalen hurts,QB,37.3,96.27999999999997,32.87200000000001,14.252,412.82,361.12,2024
devonta smith,WR,38.3,55.19999999999999,23.35,6.4,112.0,199.4,2024
dk metcalf,WR,40.7,51.0,18.8,6.1,119.0,195.2,2024
mark andrews,TE,41.2,-12.120000000000005,22.57,6.19,62.0,188.8,2024
stefon diggs,WR,41.8,99.4,26.14,6.58,161.0,121.92,2024
dj moore,WR,43.7,114.1,28.62,6.36,140.0,238.10000000000002,2024
lamar jackson,QB,44.2,72.68,38.760000000000005,12.71,389.22,520.38,2024
michael pittman,WR,45.2,73.80000000000001,22.200000000000003,9.5,156.0,167.8,2024
aaron jones,RB,46.0,-39.599999999999994,19.900000000000002,2.7,185.0,247.60000000000002,2024
james conner,RB,47.6,25.0,25.540000000000003,6.720000000000001,241.0,251.8,2024
brandon aiyuk,WR,48.1,76.79999999999998,25.5,7.0,105.0,62.400000000000006,2024
amari cooper,WR,49.2,52.599999999999994,24.78,3.8400000000000003,128.0,122.7,2024
c j stroud,QB,49.9,11.479999999999961,31.9,12.768,328.02,268.38,2024
trey mcbride,TE,50.4,33.97999999999999,21.82,2.8200000000000003,106.0,243.8,2024
tee higgins,WR,51.8,-36.80000000000001,24.71,3.0000000000000004,76.0,224.10000000000002,2024
david montgomery,RB,54.6,30.700000000000017,19.970000000000002,10.06,243.0,225.72,2024
anthony richardson,QB,55.2,-239.86,28.996000000000002,8.416,76.68,183.36,2024
christian kirk,WR,55.6,-20.140000000000015,20.540000000000003,4.0200000000000005,86.0,70.9,2024
d andre swift,RB,56.5,24.80000000000001,19.75,3.95,278.0,212.5,2024
zay flowers,WR,56.8,30.0,20.9,4.5,116.0,209.5,2024
tank dell,WR,57.5,-9.400000000000006,28.97,5.88,86.0,140.0,2024
dalton kincaid,TE,59.1,4.780000000000001,16.8,2.0,91.0,100.8,2024
joe burrow,QB,59.7,-137.38000000000002,29.804,6.348,179.16,468.82,2024
george pickens,WR,59.8,34.400000000000006,24.260000000000005,4.0600000000000005,109.0,166.4,2024
rhamondre stevenson,RB,62.0,-28.799999999999983,21.330000000000002,5.010000000000001,207.0,177.9,2024
keenan allen,WR,63.5,108.46000000000001,38.620000000000005,11.08,152.0,184.4,2024
raheem mostert,RB,64.1,93.19999999999999,30.8,8.62,241.0,74.9,2024
rashee rice,WR,64.2,40.099999999999994,22.15,7.199999999999999,103.0,64.9,2024
nick chubb,RB,65.0,-153.4,15.670000000000003,7.430000000000001,32.0,65.3,2024
jayden reed,WR,65.1,40.80000000000001,20.1,6.1,105.0,199.0,2024
george kittle,TE,66.7,55.68000000000001,23.4,3.4000000000000004,91.0,236.60000000000002,2024
najee harris,RB,67.1,21.0,20.840000000000003,4.84,293.0,204.6,2024
zamir white,RB,67.8,-100.6,15.380000000000003,0.10000000000000009,123.0,33.300000000000004,2024
chris godwin,WR,68.4,32.79999999999998,18.44,6.98,134.0,137.8,2024
dak prescott,QB,69.8,98.30000000000001,36.932,6.320000000000001,414.84000000000003,140.51999999999998,2024
terry mclaurin,WR,70.2,28.80000000000001,16.880000000000003,6.420000000000001,132.0,269.8,2024
kyle pitts,TE,72.8,-10.219999999999999,14.46,3.86,91.0,131.2,2024
jordan love,QB,73.2,68.51999999999998,30.856,14.66,385.06,277.86,2024
zack moss,RB,74.4,-8.900000000000006,21.96,2.72,220.0,83.9,2024
calvin ridley,WR,74.7,53.5,24.78,4.720000000000001,145.0,201.20000000000002,2024
kyler murray,QB,76.1,-152.18,25.384,14.878,164.36,345.24,2024
javonte williams,RB,77.5,0.6999999999999886,19.65,4.6,275.0,161.9,2024
evan engram,TE,79.5,86.78,23.48,6.800000000000001,143.0,89.5,2024
jaylen warren,RB,79.6,23.900000000000006,19.32,7.4,223.0,126.10000000000001,2024
tony pollard,RB,81.7,46.099999999999994,19.68,5.74,319.0,202.70000000000002,2024
marquise brown,WR,82.2,-39.69999999999999,17.0,3.3200000000000003,103.0,18.1,2024
christian watson,WR,84.2,-73.10000000000001,21.84,4.62,57.0,105.3,2024
devin singletary,RB,87.9,-7.159999999999997,20.280000000000005,2.6400000000000006,254.0,100.6,2024
austin ekeler,RB,88.0,16.900000000000006,24.160000000000004,5.72,253.0,132.3,2024
tua tagovailoa,QB,88.6,21.819999999999993,31.912000000000003,11.532,338.36,219.58,2024
jake ferguson,TE,89.2,29.579999999999984,16.700000000000003,3.9400000000000004,102.0,108.4,2024
jaxon smith njigba,WR,90.5,-24.599999999999994,13.84,3.98,93.0,253.0,2024
tyjae spears,RB,91.4,-22.69999999999999,17.259999999999998,4.28,170.0,113.60000000000001,2024
chase brown,RB,91.9,-123.0,7.920000000000002,0.020000000000000018,59.0,255.0,2024
diontae johnson,WR,92.1,-21.700000000000017,18.42,3.52,87.0,89.10000000000001,2024
jared goff,QB,94.3,36.56,30.728,11.448,353.1,396.46000000000004,2024
ezekiel elliott,RB,96.2,0.0,16.320000000000004,3.96,249.0,59.5,2024
brian robinson,RB,97.9,23.600000000000023,24.22,7.5200000000000005,221.0,163.8,2024
jerome ford,RB,98.5,34.70000000000002,20.300000000000004,5.08,267.0,134.0,2024
gus edwards,RB,100.6,12.5,21.16,4.1000000000000005,211.0,64.1,2024
david njoku,TE,101.1,57.67999999999998,22.9,4.9,123.0,144.5,2024
romeo doubs,WR,103.0,0.0,18.38,3.5600000000000005,96.0,130.1,2024
deandre hopkins,WR,104.5,49.19999999999999,23.36,4.06,139.0,147.0,2024
dallas goedert,TE,105.5,-11.219999999999999,17.800000000000004,2.33,84.0,103.6,2024
brock purdy,QB,105.7,45.06,33.879999999999995,11.079999999999998,361.6,312.86,2024
tyler lockett,WR,106.6,24.0,22.540000000000003,4.26,122.0,121.0,2024
jameson williams,WR,107.8,-94.10000000000001,12.160000000000002,0.5800000000000002,45.0,212.20000000000002,2024
chuba hubbard,RB,108.8,6.0,17.68,5.34,282.0,245.60000000000002,2024
courtland sutton,WR,110.8,21.80000000000001,19.450000000000003,1.75,90.0,244.3,2024
justin herbert,QB,114.6,-42.379999999999995,34.24400000000001,7.308000000000001,274.16,329.40000000000003,2024
mike williams,WR,116.1,-124.2,23.400000000000002,10.120000000000001,27.0,56.8,2024
j k dobbins,RB,116.2,-164.8,11.7,11.7,11.0,191.8,2024
khalil shakir,WR,117.4,-61.30000000000001,15.850000000000001,0.75,46.0,182.5,2024
dalton schultz,TE,117.9,4.97999999999999,18.14,2.1,88.0,118.2,2024
t j hockenson,TE,118.7,73.47999999999999,23.68,9.620000000000001,127.0,86.5,2024
rico dowdle,RB,118.9,-85.0,13.3,1.0,111.0,201.8,2024
curtis samuel,WR,122.6,-17.200000000000017,18.75,2.8,98.0,63.7,2024
matthew stafford,QB,123.1,-29.439999999999998,29.38,12.404,287.1,258.58,2024
tyler allgeier,RB,125.1,-40.900000000000006,15.8,2.9000000000000004,209.0,104.2,2024
jaleel mclaughlin,RB,126.6,-70.5,13.580000000000002,0.52,112.0,99.2,2024
trevor lawrence,QB,126.7,0.0,26.840000000000003,12.29,316.54,163.2,2024
kirk cousins,QB,130.1,-122.80000000000001,33.744,13.314000000000002,193.74,216.32,2024
ty chandler,RB,130.3,-75.5,12.95,0.0,127.0,28.400000000000002,2024
aaron rodgers,QB,130.4,-316.54,0.0,0.0,0.0,312.58,2024
zach charbonnet,RB,130.7,-70.4,11.55,1.35,148.0,186.9,2024
jakobi meyers,WR,131.7,46.18000000000001,21.05,4.7,110.0,216.0,2024
jerry jeudy,WR,132.9,-32.599999999999994,13.05,4.0,87.0,236.9,2024
jordan addison,WR,134.1,46.900000000000006,24.480000000000004,3.3000000000000007,109.0,212.5,2024
justin fields,QB,134.7,-46.360000000000014,35.764,9.224000000000002,270.18,131.14000000000001,2024
brandin cooks,WR,135.1,-3.200000000000017,17.1,2.6500000000000004,86.0,69.6,2024
pat freiermuth,TE,135.5,-72.72000000000001,13.100000000000001,1.7000000000000002,47.0,172.3,2024
khalil herbert,RB,136.4,-64.0,20.72,2.5300000000000002,163.0,31.500000000000004,2024
cole kmet,TE,137.1,33.579999999999984,20.7,3.55,93.0,118.4,2024
rashid shaheed,WR,139.8,-22.80000000000001,19.959999999999997,3.1,82.0,75.80000000000001,2024
jordan mason,RB,149.1,-131.8,9.149999999999999,0.0,44.0,117.0,2024
deshaun watson,QB,149.3,-217.74,24.060000000000002,6.9,98.8,90.72,2024
