season,name,position,team,adp,adp_stdev,nn,adp_pos_rank
2025,Ja'Marr Chase,WR,CIN,1.0,,ja marr chase,1.0
2025,Saquon Barkley,RB,PHI,2.2,,saquon barkley,1.0
2025,Bijan Robinson,RB,ATL,3.3,,bijan robinson,2.0
2025,Jahmyr Gibbs,RB,DET,4.7,,jahmyr gibbs,3.0
2025,Justin Jefferson,WR,MIN,5.5,,justin jefferson,2.0
2025,CeeDee Lamb,WR,DAL,6.5,,ceedee lamb,3.0
2025,Amon-Ra St. Brown,WR,DET,7.2,,amon ra st brown,4.0
2025,Derrick Henry,RB,BAL,7.8,,derrick henry,4.0
2025,Christian McCaffrey,RB,SF,9.2,,christian mccaffrey,5.0
2025,Puka Nacua,WR,LAR,10.7,,puka nacua,5.0
2025,Malik Nabers,WR,NYG,11.2,,malik nabers,6.0
2025,Ashton Jeanty,RB,LV,12.6,,ashton jeanty,6.0
2025,Nico Collins,WR,HOU,13.0,,nico collins,7.0
2025,De'Von Achane,RB,MIA,14.6,,de von achane,7.0
2025,Josh Jacobs,RB,GB,15.1,,josh jacobs,8.0
2025,Brian Thomas,WR,JAX,15.8,,brian thomas,8.0
2025,Drake London,WR,ATL,17.9,,drake london,9.0
2025,Josh Allen,QB,BUF,18.5,,josh allen,1.0
2025,A.J. Brown,WR,NE,19.6,,a j brown,10.0
2025,Brock Bowers,TE,LV,20.2,,brock bowers,1.0
2025,Lamar Jackson,QB,BAL,21.9,,lamar jackson,2.0
2025,Jonathan Taylor,RB,IND,22.4,,jonathan taylor,9.0
2025,Ladd McConkey,WR,LAC,23.1,,ladd mcconkey,11.0
2025,Bucky Irving,RB,TB,23.4,,bucky irving,10.0
2025,Kyren Williams,RB,LAR,25.2,,kyren williams,11.0
2025,Chase Brown,RB,CIN,26.0,,chase brown,12.0
2025,Tyreek Hill,WR,,27.4,,tyreek hill,12.0
2025,Trey McBride,TE,ARI,28.1,,trey mcbride,2.0
2025,James Cook,RB,BUF,29.4,,james cook,13.0
2025,Jaxon Smith-Njigba,WR,SEA,30.7,,jaxon smith njigba,13.0
2025,Jayden Daniels,QB,WAS,31.4,,jayden daniels,3.0
2025,Tee Higgins,WR,CIN,31.8,,tee higgins,14.0
2025,Jalen Hurts,QB,PHI,33.0,,jalen hurts,4.0
2025,Joe Burrow,QB,CIN,34.3,,joe burrow,5.0
2025,Alvin Kamara,RB,NO,35.5,,alvin kamara,14.0
2025,George Kittle,TE,SF,36.0,,george kittle,3.0
2025,Garrett Wilson,WR,NYJ,37.3,,garrett wilson,15.0
2025,Breece Hall,RB,NYJ,38.4,,breece hall,15.0
2025,Mike Evans,WR,SF,39.2,,mike evans,16.0
2025,Omarion Hampton,RB,LAC,40.0,,omarion hampton,16.0
2025,Marvin Harrison,WR,ARI,41.4,,marvin harrison,17.0
2025,Terry McLaurin,WR,WAS,42.6,,terry mclaurin,18.0
2025,Kenneth Walker,RB,KC,43.6,,kenneth walker,17.0
2025,Davante Adams,WR,LAR,44.0,,davante adams,19.0
2025,DK Metcalf,WR,PIT,45.4,,dk metcalf,20.0
2025,Chuba Hubbard,RB,CAR,46.0,,chuba hubbard,18.0
2025,James Conner,RB,ARI,47.5,,james conner,19.0
2025,Sam LaPorta,TE,DET,47.6,,sam laporta,4.0
2025,Patrick Mahomes,QB,KC,49.5,,patrick mahomes,6.0
2025,Courtland Sutton,WR,DEN,50.3,,courtland sutton,21.0
2025,DJ Moore,WR,BUF,51.6,,dj moore,22.0
2025,TreVeyon Henderson,RB,NE,52.1,,treveyon henderson,20.0
2025,David Montgomery,RB,HOU,53.6,,david montgomery,21.0
2025,DeVonta Smith,WR,PHI,54.3,,devonta smith,23.0
2025,Isiah Pacheco,RB,DET,55.8,,isiah pacheco,22.0
2025,Xavier Worthy,WR,KC,57.6,,xavier worthy,24.0
2025,Zay Flowers,WR,BAL,58.5,,zay flowers,25.0
2025,T.J. Hockenson,TE,MIN,59.2,,t j hockenson,5.0
2025,Travis Kelce,TE,KC,60.2,,travis kelce,6.0
2025,George Pickens,WR,DAL,61.6,,george pickens,26.0
2025,Tetairoa McMillan,WR,CAR,62.4,,tetairoa mcmillan,27.0
2025,Jameson Williams,WR,DET,63.2,,jameson williams,28.0
2025,RJ Harvey,RB,DEN,63.9,,rj harvey,23.0
2025,Baker Mayfield,QB,TB,65.2,,baker mayfield,7.0
2025,D'Andre Swift,RB,CHI,66.3,,d andre swift,24.0
2025,Rashee Rice,WR,KC,66.5,,rashee rice,29.0
2025,Aaron Jones,RB,MIN,67.6,,aaron jones,25.0
2025,Travis Hunter,WR,JAX,68.9,,travis hunter,30.0
2025,Jaylen Waddle,WR,DEN,69.6,,jaylen waddle,31.0
2025,Tony Pollard,RB,TEN,70.7,,tony pollard,26.0
2025,Calvin Ridley,WR,TEN,71.3,,calvin ridley,32.0
2025,Bo Nix,QB,DEN,71.5,,bo nix,8.0
2025,Mark Andrews,TE,BAL,73.8,,mark andrews,7.0
2025,Jerry Jeudy,WR,CLE,74.3,,jerry jeudy,33.0
2025,Chris Olave,WR,NO,75.8,,chris olave,34.0
2025,Evan Engram,TE,DEN,76.2,,evan engram,8.0
2025,Kaleb Johnson,RB,PIT,77.2,,kaleb johnson,27.0
2025,Deebo Samuel,WR,SF,78.4,,deebo samuel,35.0
2025,Rome Odunze,WR,CHI,79.7,,rome odunze,36.0
2025,Joe Mixon,RB,,79.8,,joe mixon,28.0
2025,David Njoku,TE,LAC,81.5,,david njoku,9.0
2025,Tyler Warren,TE,IND,82.9,,tyler warren,10.0
2025,Quinshon Judkins,RB,CLE,83.2,,quinshon judkins,29.0
2025,Jakobi Meyers,WR,JAX,84.4,,jakobi meyers,37.0
2025,Cooper Kupp,WR,SEA,85.6,,cooper kupp,38.0
2025,Tyrone Tracy,RB,NYG,86.1,,tyrone tracy,30.0
2025,Stefon Diggs,WR,,87.4,,stefon diggs,39.0
2025,Matthew Golden,WR,GB,87.7,,matthew golden,40.0
2025,Jared Goff,QB,DET,89.4,,jared goff,9.0
2025,Emeka Egbuka,WR,TB,90.2,,emeka egbuka,41.0
2025,Jordan Addison,WR,MIN,91.7,,jordan addison,42.0
2025,Travis Etienne,RB,NO,92.4,,travis etienne,31.0
2025,Kyler Murray,QB,MIN,93.7,,kyler murray,10.0
2025,Brian Robinson,RB,ATL,94.8,,brian robinson,32.0
2025,Jaylen Warren,RB,PIT,95.4,,jaylen warren,33.0
2025,Ricky Pearsall,WR,SF,95.6,,ricky pearsall,43.0
2025,Khalil Shakir,WR,BUF,98.5,,khalil shakir,44.0
2025,Cam Skattebo,RB,NYG,100.3,,cam skattebo,34.0
2025,Colston Loveland,TE,CHI,101.9,,colston loveland,11.0
2025,Jordan Mason,RB,MIN,102.5,,jordan mason,35.0
2025,Justin Herbert,QB,LAC,103.3,,justin herbert,11.0
2025,J.K. Dobbins,RB,DEN,103.4,,j k dobbins,36.0
2025,Chris Godwin,WR,TB,106.2,,chris godwin,45.0
2025,Zach Charbonnet,RB,SEA,108.2,,zach charbonnet,37.0
2025,Brock Purdy,QB,SF,109.6,,brock purdy,12.0
2025,Kyle Pitts,TE,ATL,110.5,,kyle pitts,12.0
2025,Dak Prescott,QB,DAL,111.1,,dak prescott,13.0
2025,Jauan Jennings,WR,MIN,111.5,,jauan jennings,46.0
2025,Javonte Williams,RB,DAL,113.0,,javonte williams,38.0
2025,Dalton Kincaid,TE,BUF,114.8,,dalton kincaid,13.0
2025,Tucker Kraft,TE,GB,115.3,,tucker kraft,14.0
2025,Nick Chubb,RB,,116.4,,nick chubb,39.0
2025,Michael Pittman,WR,PIT,117.2,,michael pittman,47.0
2025,Austin Ekeler,RB,,119.3,,austin ekeler,40.0
2025,Keon Coleman,WR,BUF,119.3,,keon coleman,48.0
2025,C.J. Stroud,QB,HOU,121.7,,c j stroud,14.0
2025,Jacory Croskey-Merritt,RB,WAS,122.2,,jacory croskey merritt,41.0
2025,Jayden Reed,WR,GB,123.8,,jayden reed,49.0
2025,Josh Downs,WR,IND,124.4,,josh downs,50.0
2025,Jayden Higgins,WR,HOU,125.8,,jayden higgins,51.0
2025,Jake Ferguson,TE,DAL,127.8,,jake ferguson,15.0
2025,Drake Maye,QB,NE,129.5,,drake maye,15.0
2025,Rashid Shaheed,WR,SEA,130.2,,rashid shaheed,52.0
2025,Rhamondre Stevenson,RB,NE,131.6,,rhamondre stevenson,42.0
2025,Keenan Allen,WR,,137.8,,keenan allen,53.0
2025,Tank Bigsby,RB,PHI,139.5,,tank bigsby,43.0
2025,Jonnu Smith,TE,,140.3,,jonnu smith,16.0
2025,Jordan Love,QB,GB,141.2,,jordan love,16.0
2025,Najee Harris,RB,,142.2,,najee harris,44.0
2025,Jaydon Blue,RB,DAL,142.6,,jaydon blue,45.0
2025,Brandon Aiyuk,WR,SF,143.5,,brandon aiyuk,54.0
2025,Dallas Goedert,TE,PHI,145.0,,dallas goedert,17.0
2025,Darnell Mooney,WR,NYG,146.9,,darnell mooney,55.0
2025,Caleb Williams,QB,CHI,147.2,,caleb williams,17.0
2025,J.J. McCarthy,QB,MIN,150.2,,j j mccarthy,18.0
2025,Marvin Mims,WR,DEN,151.6,,marvin mims,56.0
2025,Luther Burden,WR,CHI,153.0,,luther burden,57.0
2025,Zach Ertz,TE,,154.4,,zach ertz,18.0
2025,Braelon Allen,RB,NYJ,156.6,,braelon allen,46.0
2025,Trey Benson,RB,ARI,157.5,,trey benson,47.0
2025,Christian Kirk,WR,SF,158.8,,christian kirk,58.0
2025,Jerome Ford,RB,WAS,161.0,,jerome ford,48.0
2025,Justin Fields,QB,KC,162.9,,justin fields,19.0
2025,Adam Thielen,WR,,163.1,,adam thielen,59.0
2025,Rashod Bateman,WR,BAL,165.8,,rashod bateman,60.0
2025,Cam Ward,QB,TEN,167.1,,cam ward,20.0
2025,Rachaad White,RB,WAS,167.2,,rachaad white,49.0
2025,Hunter Henry,TE,NE,171.4,,hunter henry,19.0
2025,Bhayshul Tuten,RB,JAX,172.6,,bhayshul tuten,50.0
2025,Tre' Harris,WR,LAC,173.7,,tre harris,61.0
2025,Tyjae Spears,RB,TEN,174.0,,tyjae spears,51.0
2025,Ollie Gordon,RB,MIA,175.0,,ollie gordon,52.0
2025,Chig Okonkwo,TE,WAS,177.5,,chig okonkwo,20.0
2025,Dylan Sampson,RB,CLE,178.4,,dylan sampson,53.0
2025,Dont'e Thornton,WR,LV,179.5,,dont e thornton,62.0
2025,Kareem Hunt,RB,,180.5,,kareem hunt,54.0
2025,Xavier Legette,WR,CAR,181.8,,xavier legette,63.0
2025,Joshua Palmer,WR,BUF,183.0,,joshua palmer,64.0
2025,Amari Cooper,WR,,183.3,,amari cooper,65.0
2025,Trevor Lawrence,QB,JAX,184.0,,trevor lawrence,21.0
2025,Michael Penix,QB,ATL,185.1,,michael penix,22.0
2025,Tyler Allgeier,RB,ARI,186.5,,tyler allgeier,55.0
2025,Isaiah Likely,TE,NYG,187.1,,isaiah likely,21.0
2025,Cedric Tillman,WR,CLE,188.4,,cedric tillman,66.0
2025,Ray Davis,RB,BUF,191.3,,ray davis,56.0
2025,Marquise Brown,WR,PHI,191.3,,marquise brown,67.0
2025,Brenton Strange,TE,JAX,193.9,,brenton strange,22.0
2025,Kyle Williams,WR,NE,194.6,,kyle williams,68.0
2025,Isaac Guerendo,RB,SF,195.4,,isaac guerendo,57.0
2025,Isaac TeSlaa,WR,DET,197.5,,isaac teslaa,69.0
2025,Matthew Stafford,QB,LAR,199.5,,matthew stafford,23.0
2025,Woody Marks,RB,HOU,201.5,,woody marks,58.0
2025,Darren Waller,TE,,203.0,,darren waller,23.0
2025,Tua Tagovailoa,QB,ATL,204.1,,tua tagovailoa,24.0
2025,Romeo Doubs,WR,NE,205.1,,romeo doubs,70.0
2025,DeMario Douglas,WR,NE,206.7,,demario douglas,71.0
2025,Elic Ayomanor,WR,TEN,207.7,,elic ayomanor,72.0
2025,Will Shipley,RB,PHI,208.0,,will shipley,59.0
2025,Wan'Dale Robinson,WR,TEN,209.8,,wan dale robinson,73.0
2025,Mason Taylor,TE,NYJ,210.2,,mason taylor,24.0
2025,Bryce Young,QB,CAR,211.5,,bryce young,25.0
2025,Rico Dowdle,RB,PIT,212.9,,rico dowdle,60.0
2025,Pat Freiermuth,TE,PIT,213.1,,pat freiermuth,25.0
2025,Elijah Arroyo,TE,SEA,214.7,,elijah arroyo,26.0
2025,Blake Corum,RB,LAR,215.1,,blake corum,61.0
2025,DeAndre Hopkins,WR,,215.3,,deandre hopkins,74.0
2025,Mike Gesicki,TE,CIN,217.6,,mike gesicki,27.0
2025,Jaylen Wright,RB,MIA,218.7,,jaylen wright,62.0
2025,Jack Bech,WR,LV,219.7,,jack bech,75.0
2025,Jaxson Dart,QB,NYG,225.2,,jaxson dart,26.0
2025,Aaron Rodgers,QB,PIT,226.7,,aaron rodgers,27.0
2025,Jalen Coker,WR,CAR,227.0,,jalen coker,76.0
2025,Shedeur Sanders,QB,CLE,228.0,,shedeur sanders,28.0
2025,Keaton Mitchell,RB,LAC,229.4,,keaton mitchell,63.0
2025,Tory Horton,WR,SEA,230.8,,tory horton,77.0
2025,Sam Darnold,QB,SEA,231.6,,sam darnold,29.0
2025,Tyler Lockett,WR,,231.7,,tyler lockett,78.0
2025,Cade Otton,TE,TB,233.1,,cade otton,28.0
2025,Geno Smith,QB,NYJ,234.1,,geno smith,30.0
2025,Tahj Brooks,RB,CIN,235.6,,tahj brooks,64.0
2025,Kyle Monangai,RB,CHI,236.2,,kyle monangai,65.0
2025,Raheem Mostert,RB,,236.3,,raheem mostert,66.0
2025,DJ Giddens,RB,IND,237.6,,dj giddens,67.0
2025,Dalton Schultz,TE,HOU,238.6,,dalton schultz,29.0
2025,Pat Bryant,WR,DEN,239.7,,pat bryant,79.0
2025,Justice Hill,RB,BAL,239.9,,justice hill,68.0
2025,Roschon Johnson,RB,CHI,241.4,,roschon johnson,69.0
2025,Jalen McMillan,WR,TB,242.1,,jalen mcmillan,80.0
2025,Deontay Burnett,WR,,243.0,,deontay burnett,81.0
2025,Quentin Johnston,WR,LAC,243.2,,quentin johnston,82.0
2025,Adonai Mitchell,WR,NYJ,244.8,,adonai mitchell,83.0
2025,De'Lance Turner,RB,,244.8,,de lance turner,70.0
2025,Myron Mitchell,WR,,245.0,,myron mitchell,84.0
2025,Miles Sanders,RB,,245.8,,miles sanders,71.0
2025,Alec Pierce,WR,IND,245.9,,alec pierce,85.0
2025,Artavis Pierce,RB,,246.0,,artavis pierce,72.0
2025,Anthony Richardson,QB,IND,247.0,,anthony richardson,31.0
2025,Jalen Royals,WR,KC,247.2,,jalen royals,86.0
2025,Dion Lewis,RB,,248.0,,dion lewis,73.0
2025,Jarquez Hunter,RB,LAR,248.7,,jarquez hunter,74.0
2025,Nick Brossette,RB,,249.0,,nick brossette,75.0
2025,Jaylin Noel,WR,HOU,250.3,,jaylin noel,87.0
2025,Codey McElroy,TE,,250.9,,codey mcelroy,30.0
2025,Brashard Smith,RB,KC,251.1,,brashard smith,76.0
2025,Caleb Scott,WR,TEN,251.1,,caleb scott,88.0
2025,Troy Mangen,TE,,252.4,,troy mangen,31.0
2025,Malik Earl,WR,,253.4,,malik earl,89.0
2025,Calvin Austin,WR,NYG,253.6,,calvin austin,90.0
2025,Darrel Williams,RB,,254.0,,darrel williams,77.0
2025,Ja'Tavion Sanders,TE,CAR,254.9,,ja tavion sanders,32.0
2025,Jamarius Way,WR,,255.0,,jamarius way,91.0
2025,Marcus Martin,RB,,255.5,,marcus martin,78.0
2025,Dyami Brown,WR,WAS,255.9,,dyami brown,92.0
2025,Devin Neal,RB,NO,256.8,,devin neal,79.0
2025,Kano Dillon,TE,,257.5,,kano dillon,33.0
2025,Michael Wilson,WR,ARI,257.7,,michael wilson,93.0
2025,Jamal Custis,WR,,258.0,,jamal custis,94.0
2025,Terrance Ferguson,TE,LAR,258.3,,terrance ferguson,34.0
2025,Zach Olstad,RB,,258.5,,zach olstad,80.0
2025,Taj Williams,WR,,259.2,,taj williams,95.0
2025,Russell Wilson,QB,,259.9,,russell wilson,32.0
2025,Jamire Jordan,WR,,260.0,,jamire jordan,96.0
2025,MarShawn Lloyd,RB,GB,260.0,,marshawn lloyd,81.0
2025,Theo Johnson,TE,NYG,260.5,,theo johnson,35.0
2025,Shane Wimann,RB,,261.0,,shane wimann,82.0
2025,Dontae Strickland,RB,,262.0,,dontae strickland,83.0
2025,Daniel Helm,TE,,262.3,,daniel helm,36.0
2025,Darrell Stewart,WR,,263.0,,darrell stewart,97.0
2025,Andrei Iosivas,WR,CIN,263.4,,andrei iosivas,98.0
2025,Dontez Byrd,WR,,263.9,,dontez byrd,99.0
2025,Darius Slayton,WR,NYG,263.9,,darius slayton,100.0
2025,Alex Barnes,RB,,264.0,,alex barnes,84.0
2025,Kendre Miller,RB,NO,265.0,,kendre miller,85.0
2025,Dez Stewart,WR,,265.0,,dez stewart,101.0
2025,Malachi Jones,WR,,265.0,,malachi jones,102.0
2025,Roman Wilson,WR,PIT,265.4,,roman wilson,103.0
2025,Harold Fannin,TE,CLE,265.7,,harold fannin,37.0
2025,C.J. Conrad,TE,,266.0,,c j conrad,38.0
2025,Jordan James,RB,SF,266.8,,jordan james,86.0
2025,Mikah Holder,WR,,267.0,,mikah holder,104.0
2025,Juwan Johnson,TE,NO,267.8,,juwan johnson,39.0
2025,Scott Simonson,TE,,268.0,,scott simonson,40.0
2025,John Diarse,WR,,268.6,,john diarse,105.0
2025,Noah Gray,TE,KC,269.1,,noah gray,41.0
2025,Christopher Ezeala,RB,,269.3,,christopher ezeala,87.0
2025,Jalen Milroe,QB,SEA,270.0,,jalen milroe,33.0
2025,Anthony Jones,RB,,270.1,,anthony jones,88.0
2025,Derrick Willies,WR,,271.2,,derrick willies,106.0
2025,Cole Kmet,TE,CHI,271.8,,cole kmet,42.0
2025,Bryan Edwards,WR,,272.0,,bryan edwards,107.0
2025,Tyler Shough,QB,NO,272.2,,tyler shough,34.0
2025,Cam Serigne,TE,,273.0,,cam serigne,43.0
2025,Earnest Edwards,WR,,274.0,,earnest edwards,108.0
2025,Elijah Mitchell,RB,PHI,274.4,,elijah mitchell,89.0
2025,Thomas Ives,WR,CHI,275.0,,thomas ives,109.0
2025,Diontae Johnson,WR,,275.2,,diontae johnson,110.0
2025,Dontayvion Wicks,WR,PHI,275.8,,dontayvion wicks,111.0
2025,Tyler Hoppes,TE,,276.0,,tyler hoppes,44.0
2025,Xavier Restrepo,WR,TEN,276.0,,xavier restrepo,112.0
2025,Cole Hunt,TE,,277.7,,cole hunt,45.0
2025,Joe Flacco,QB,CIN,278.0,,joe flacco,35.0
2025,Jester Weah,WR,,278.0,,jester weah,113.0
2025,Daniel Jones,QB,IND,278.3,,daniel jones,36.0
2025,Troy Franklin,WR,DEN,279.0,,troy franklin,114.0
2025,Kenny Stills,WR,,279.0,,kenny stills,115.0
2025,Matt Fleming,WR,,279.0,,matt fleming,116.0
2025,John David Moore,RB,,279.6,,john david moore,90.0
2025,Oronde Gadsden,TE,LAC,279.8,,oronde gadsden,46.0
2025,Ben Sinnott,TE,WAS,279.8,,ben sinnott,47.0
2025,Christian Watson,WR,GB,280.2,,christian watson,117.0
2025,Jason Reese,TE,,281.0,,jason reese,48.0
2025,DeAndre Reaves,WR,,281.0,,deandre reaves,118.0
2025,Tim Semisch,TE,,281.0,,tim semisch,49.0
2025,Terry Swanson,RB,,281.0,,terry swanson,91.0
2025,Jaleel McLaughlin,RB,DEN,281.8,,jaleel mclaughlin,92.0
2025,Marshaun Coprich,RB,,282.0,,marshaun coprich,93.0
2025,Bailey Gaither,WR,,282.2,,bailey gaither,119.0
2025,Kenjon Barner,RB,,283.0,,kenjon barner,94.0
2025,John Franklin,WR,,283.6,,john franklin,120.0
2025,Tyler Higbee,TE,LAR,283.8,,tyler higbee,50.0
2025,Theo Riddick,RB,,284.0,,theo riddick,95.0
2025,Kaden Smith,TE,,284.6,,kaden smith,51.0
2025,Blake Mack,TE,,285.0,,blake mack,52.0
2025,Devin Gray,WR,,286.0,,devin gray,121.0
2025,Ross Scheuerman,RB,,286.0,,ross scheuerman,96.0
2025,Trevor Etienne,RB,CAR,286.8,,trevor etienne,97.0
2025,Jeff Badet,WR,,287.0,,jeff badet,122.0
2025,Logan Stokes,TE,,287.0,,logan stokes,53.0
2025,Tutu Atwell,WR,MIA,287.2,,tutu atwell,123.0
2025,Jordan Whittington,WR,LAR,287.3,,jordan whittington,124.0
2025,Dontrell Hilliard,RB,,287.6,,dontrell hilliard,98.0
2025,Isaac Rex,TE,,288.0,,isaac rex,54.0
2025,Chris Brown,WR,,289.0,,chris brown,125.0
2025,Deon Yelder,TE,,289.0,,deon yelder,55.0
2025,Tyler Conklin,TE,DET,289.2,,tyler conklin,56.0
2025,Marquez Valdes-Scantling,WR,DAL,289.8,,marquez valdes scantling,126.0
2025,Noah Cain,RB,,290.0,,noah cain,99.0
2025,Kevin Snead,WR,,290.4,,kevin snead,127.0
2025,Jordan Veasy,WR,,291.0,,jordan veasy,128.0
2025,Kameron Johnson,WR,TB,292.2,,kameron johnson,129.0
2025,Zack Moss,RB,,292.4,,zack moss,100.0
2025,Robert Foster,WR,,293.0,,robert foster,130.0
2025,Trevon Clark,WR,,293.5,,trevon clark,131.0
2025,Taysom Hill,TE,,293.6,,taysom hill,57.0
2025,Brian Vogler,TE,,294.0,,brian vogler,58.0
2025,Kennedy Brooks,RB,,294.5,,kennedy brooks,101.0
2025,Kayshon Boutte,WR,NE,295.2,,kayshon boutte,132.0
2025,Dorian Baker,WR,,296.0,,dorian baker,133.0
2025,Dillon Johnson,RB,,297.7,,dillon johnson,102.0
2025,Audric Estime,RB,NO,297.9,,audric estime,103.0
2025,Jalen Guyton,WR,,298.0,,jalen guyton,134.0
2025,Nick Easley,WR,,298.0,,nick easley,135.0
2025,Noah Fant,TE,NO,298.9,,noah fant,59.0
2025,Michael Mayer,TE,LV,299.4,,michael mayer,60.0
2025,Jermaine Burton,WR,,299.5,,jermaine burton,136.0
2025,Damion Ratley,WR,,299.9,,damion ratley,137.0
2025,Binjimen Victor,WR,,300.4,,binjimen victor,138.0
2025,Matt Bushman,TE,,301.5,,matt bushman,61.0
2025,Corey Taylor,RB,,302.0,,corey taylor,104.0
2025,Jalen Tolbert,WR,MIA,302.5,,jalen tolbert,139.0
2025,David Bell,WR,,303.0,,david bell,140.0
2025,Devin Singletary,RB,NYG,303.2,,devin singletary,105.0
2025,Brandin Cooks,WR,,303.3,,brandin cooks,141.0
2025,Khalil Herbert,RB,,303.5,,khalil herbert,106.0
2025,Cullen Gillaspia,RB,,304.0,,cullen gillaspia,107.0
2025,Tanner Conner,TE,NYG,306.9,,tanner conner,62.0
2025,Mekhi Sargent,RB,,307.0,,mekhi sargent,108.0
2025,Deante' Gray,WR,,307.1,,deante gray,142.0
2025,Johnny Johnson,WR,,308.0,,johnny johnson,143.0
2025,Antonio Gibson,RB,,308.6,,antonio gibson,109.0
2025,Luke McCaffrey,WR,WAS,308.9,,luke mccaffrey,144.0
2025,Danny Gray,WR,PHI,309.0,,danny gray,145.0
2025,Mike Williams,WR,,309.9,,mike williams,146.0
2025,Zonovan Knight,RB,ARI,310.1,,zonovan knight,110.0
2025,Damien Martinez,RB,GB,310.5,,damien martinez,111.0
2025,Malik Turner,WR,SF,311.4,,malik turner,147.0
2025,Taryn Christion,QB,,311.5,,taryn christion,37.0
2025,Cedric O'Neal,RB,,313.3,,cedric o neal,112.0
2025,Jerod Evans,QB,,314.5,,jerod evans,38.0
2025,Anthony Brown,QB,,315.6,,anthony brown,39.0
2025,Jaleel Scott,WR,,316.1,,jaleel scott,148.0
2025,Bruce Anderson,RB,,317.6,,bruce anderson,113.0
2025,Dominick Wood-Anderson,TE,,318.8,,dominick wood anderson,63.0
2025,Quintin Morris,TE,JAX,319.1,,quintin morris,64.0
2025,Ethan Fernea,WR,,319.3,,ethan fernea,149.0
2025,Devin Ross,WR,,321.2,,devin ross,150.0
2025,Matt Colburn,RB,,322.0,,matt colburn,114.0
2025,Jalen Williams,WR,,323.5,,jalen williams,151.0
2025,DeAngelo Yancey,WR,,324.3,,deangelo yancey,152.0
2025,Ishmael Hyman,WR,,325.2,,ishmael hyman,153.0
2025,Pro Wells,TE,,326.0,,pro wells,65.0
2025,Kaylon Horton,WR,,326.0,,kaylon horton,154.0
2025,Matt Barkley,QB,,327.2,,matt barkley,40.0
2025,Demario Richard,RB,,327.7,,demario richard,115.0
2025,Jerry Lovelocke,QB,,329.5,,jerry lovelocke,41.0
2025,Joe Williams,RB,,330.1,,joe williams,116.0
2025,Devontres Dukes,WR,,331.0,,devontres dukes,155.0
2025,Larry Clark,WR,,331.1,,larry clark,156.0
2025,Keelan Cole,WR,,332.1,,keelan cole,157.0
2025,Trenton Cannon,RB,,333.3,,trenton cannon,117.0
2025,T.J. Vasher,WR,,334.0,,t j vasher,158.0
2025,Austin Proehl,WR,,334.0,,austin proehl,159.0
2025,Nico Evans,RB,,335.3,,nico evans,118.0
2025,Austin Carr,WR,,335.3,,austin carr,160.0
2025,Keeon Johnson,WR,,337.6,,keeon johnson,161.0
2025,Ryan Nall,RB,,338.0,,ryan nall,119.0
2025,Devine Redding,RB,,339.2,,devine redding,120.0
2025,BJ Baylor,RB,,340.3,,bj baylor,121.0
2025,Maurice Ffrench,WR,,341.3,,maurice ffrench,162.0
2025,Curtis Hodges,TE,,342.6,,curtis hodges,66.0
2025,Kevin White,WR,,343.0,,kevin white,163.0
2025,Artavis Scott,WR,,343.2,,artavis scott,164.0
2025,Marcus Peterson,WR,,343.5,,marcus peterson,165.0
2025,Lenard Tillery,RB,,343.8,,lenard tillery,122.0
2025,Kyle Sloter,QB,,345.3,,kyle sloter,42.0
2025,Britain Covey,WR,PHI,346.0,,britain covey,166.0
2025,Marcelias Sutton,RB,,346.4,,marcelias sutton,123.0
2025,Sergio Bailey,WR,,347.7,,sergio bailey,167.0
2025,Javon Leake,RB,,348.9,,javon leake,124.0
2025,Daniel Williams,WR,,349.3,,daniel williams,168.0
2025,Dimitri Stanley,WR,,350.0,,dimitri stanley,169.0
2025,Kade Warner,WR,,350.3,,kade warner,170.0
2025,Mik'Quan Deane,TE,,351.1,,mik quan deane,67.0
2025,Cameron Scarlett,RB,,351.8,,cameron scarlett,125.0
2025,Marcell Ateman,WR,,353.2,,marcell ateman,171.0
2025,Jaivon Heiligh,WR,,354.8,,jaivon heiligh,172.0
2025,DaeSean Hamilton,WR,,355.1,,daesean hamilton,173.0
2025,Diontae Spencer,WR,,356.6,,diontae spencer,174.0
2025,Jordan Chunn,RB,,357.7,,jordan chunn,126.0
2025,C.J. Saunders,WR,,359.2,,c j saunders,175.0
2025,John FitzPatrick,TE,,359.7,,john fitzpatrick,68.0
2025,Mekale McKay,WR,,361.3,,mekale mckay,176.0
2025,Robert Davis,WR,,362.0,,robert davis,177.0
2025,Raymond Calais,RB,,362.4,,raymond calais,127.0
2025,Al Riles,WR,IND,363.2,,al riles,178.0
2025,Trevon Grimes,WR,,363.2,,trevon grimes,179.0
2025,Irv Charles,WR,SEA,364.3,,irv charles,180.0
2025,J.J. Taylor,RB,,365.7,,j j taylor,128.0
2025,Markese Stepp,RB,,366.0,,markese stepp,129.0
2025,Austin Jones,RB,,366.0,,austin jones,130.0
2025,Lincoln Sefcik,TE,,367.0,,lincoln sefcik,69.0
2025,Joel Bouagnon,RB,,367.1,,joel bouagnon,131.0
2025,Paul Perkins,RB,,368.4,,paul perkins,132.0
2025,John Wolford,QB,,369.8,,john wolford,43.0
2025,Matt Lengel,TE,,370.0,,matt lengel,70.0
2025,Marcus Kemp,WR,,370.1,,marcus kemp,181.0
2025,Colin Jeter,TE,,371.3,,colin jeter,71.0
2025,KeeSean Johnson,WR,,372.6,,keesean johnson,182.0
2025,Tre Nixon,WR,,374.2,,tre nixon,183.0
2025,Tajae Sharpe,WR,,375.0,,tajae sharpe,184.0
2025,DeAndre Thompkins,WR,GB,375.2,,deandre thompkins,185.0
2025,Brandon Peters,QB,,375.2,,brandon peters,44.0
2025,Trestan Ebner,RB,,378.1,,trestan ebner,133.0
2025,Elijah Cooks,WR,,379.2,,elijah cooks,186.0
2025,Tanner Gentry,WR,,380.2,,tanner gentry,187.0
2025,Cody Hollister,WR,,381.0,,cody hollister,188.0
2025,Parker Hesse,TE,,381.0,,parker hesse,72.0
2025,Chris Briggs,TE,,381.1,,chris briggs,73.0
2025,Beau Gardner,TE,,381.9,,beau gardner,74.0
2025,Josh Love,QB,,382.1,,josh love,45.0
2025,Jonathan Ward,RB,,383.1,,jonathan ward,134.0
2025,A.J. Richardson,WR,,383.8,,a j richardson,189.0
2025,Daurice Fountain,WR,,385.2,,daurice fountain,190.0
2025,Troy Fumagalli,TE,,386.4,,troy fumagalli,75.0
2025,Tre Ford,QB,,387.7,,tre ford,46.0
2025,Lamar Jordan,QB,,388.1,,lamar jordan,47.0
2025,Anthony Firkser,TE,DET,388.6,,anthony firkser,76.0
2025,Martez Carter,RB,,389.8,,martez carter,135.0
2025,Keelan Doss,WR,,390.5,,keelan doss,191.0
2025,Mario Hull,WR,,391.7,,mario hull,192.0
2025,Tra Carson,RB,,391.9,,tra carson,136.0
2025,Cyril Grayson,WR,,393.6,,cyril grayson,193.0
2025,Wes Lunt,QB,,396.7,,wes lunt,48.0
2025,Kenneth Dixon,RB,,397.9,,kenneth dixon,137.0
2025,Tyler Mabry,TE,,398.0,,tyler mabry,77.0
2025,Calvin Jackson,WR,,398.9,,calvin jackson,194.0
2025,Kinkead Dent,QB,,399.9,,kinkead dent,49.0
2025,DeSean Smith,TE,,399.9,,desean smith,78.0
2025,Dan Arnold,TE,,401.0,,dan arnold,79.0
2025,Kendal Thompson,WR,,401.2,,kendal thompson,195.0
2025,Alex McGough,QB,,402.6,,alex mcgough,50.0
2025,Felix Harper,QB,,403.9,,felix harper,51.0
2025,Eldridge Massington,WR,NO,403.9,,eldridge massington,196.0
2025,Shermari Jones,RB,,404.0,,shermari jones,138.0
2025,Zach Terrell,QB,BAL,404.1,,zach terrell,52.0
2025,Jaylen Johnson,WR,,404.4,,jaylen johnson,197.0
2025,Ricky Collins,WR,,405.6,,ricky collins,198.0
2025,Damien Williams,RB,,407.2,,damien williams,139.0
2025,Corey Knox,RB,,409.6,,corey knox,140.0
2025,Peyton Barber,RB,,410.7,,peyton barber,141.0
2025,Tyler Huntley,QB,BAL,411.8,,tyler huntley,53.0
2025,Ben Braunecker,TE,,412.0,,ben braunecker,80.0
2025,Bryan Bennett,QB,,412.8,,bryan bennett,54.0
2025,Ben Koyack,TE,,413.1,,ben koyack,81.0
2025,Fred Brown,WR,,414.0,,fred brown,199.0
2025,Marcus Baugh,TE,,415.0,,marcus baugh,82.0
2025,Kyle Philips,WR,,415.4,,kyle philips,200.0
2025,Ketron Jackson,WR,,415.4,,ketron jackson,201.0
2025,Eli Pancol,WR,IND,416.0,,eli pancol,202.0
2025,David Fluellen,RB,,416.4,,david fluellen,142.0
2025,Antony Auclair,TE,,417.0,,antony auclair,83.0
2025,Chester Rogers,WR,,417.1,,chester rogers,203.0
2025,Isaiah McKoy,WR,,418.0,,isaiah mckoy,204.0
2025,Reggie Roberson,WR,,418.2,,reggie roberson,205.0
2025,Nate Wieting,TE,,419.0,,nate wieting,84.0
2025,Chris Oladokun,QB,KC,419.3,,chris oladokun,55.0
2025,Brelan Chancellor,WR,,419.7,,brelan chancellor,206.0
2025,Senorise Perry,RB,,420.0,,senorise perry,143.0
2025,Jacob Dolegala,QB,,420.3,,jacob dolegala,56.0
2025,Hayden Hurst,TE,,421.4,,hayden hurst,85.0
2025,Sammis Reyes,TE,,422.0,,sammis reyes,86.0
2025,D'Eriq King,QB,,422.4,,d eriq king,57.0
2025,Jake Wieneke,WR,,422.5,,jake wieneke,207.0
2025,Dan Chisena,WR,CAR,423.0,,dan chisena,208.0
2025,Whop Philyor,WR,,423.0,,whop philyor,209.0
2025,Jack Coan,QB,,423.7,,jack coan,58.0
2025,Darius Anderson,RB,,424.0,,darius anderson,144.0
2025,Brisly Estime,WR,,424.3,,brisly estime,210.0
2025,Kyle Lewis,WR,,425.5,,kyle lewis,211.0
2025,Marcus Marshall,RB,,425.7,,marcus marshall,145.0
2025,Trevon Wesco,TE,,426.0,,trevon wesco,87.0
2025,Trevor Harman,WR,,426.6,,trevor harman,212.0
2025,Manny Wilkins,QB,,427.9,,manny wilkins,59.0
2025,Kyle Shurmur,QB,,428.0,,kyle shurmur,60.0
2025,Devonta Freeman,RB,,428.4,,devonta freeman,146.0
2025,Anthony Tyus,RB,CAR,429.1,,anthony tyus,147.0
2025,Latavius Murray,RB,,430.6,,latavius murray,148.0
2025,B.J. Johnson,WR,,431.2,,b j johnson,213.0
2025,Barrett Burns,TE,BAL,431.4,,barrett burns,88.0
2025,Josh Doctson,WR,,431.5,,josh doctson,214.0
2025,Jermaine Terry,TE,,431.8,,jermaine terry,89.0
2025,Zach Zenner,RB,,433.3,,zach zenner,149.0
2025,A.J. Rose,RB,,434.8,,a j rose,150.0
2025,Jake McGee,TE,,435.9,,jake mcgee,90.0
2025,Robert Tonyan,TE,PIT,436.0,,robert tonyan,91.0
2025,Drew Morgan,WR,,437.0,,drew morgan,215.0
2025,Stephon Robinson,WR,,437.6,,stephon robinson,216.0
2025,Damion Jeanpiere,WR,,437.8,,damion jeanpiere,217.0
2025,DeAndrew White,WR,,438.7,,deandrew white,218.0
2025,Detrich Clark,WR,,439.2,,detrich clark,219.0
2025,Brady Russell,TE,SEA,439.3,,brady russell,92.0
2025,Jared Cook,TE,,441.5,,jared cook,93.0
2025,Travis Toivonen,WR,,442.0,,travis toivonen,220.0
2025,Adam Shaheen,TE,,442.3,,adam shaheen,94.0
2025,Keyarris Garrett,WR,,443.0,,keyarris garrett,221.0
2025,Corey Willis,WR,,443.2,,corey willis,222.0
2025,Rory Starkey,WR,,443.5,,rory starkey,223.0
2025,Malik Heath,WR,ATL,443.5,,malik heath,224.0
2025,Chris Herndon,TE,,444.0,,chris herndon,95.0
2025,Jack Heneghan,QB,,444.7,,jack heneghan,61.0
2025,Blake Jarwin,TE,,445.1,,blake jarwin,96.0
2025,Krishawn Hogan,WR,,445.5,,krishawn hogan,225.0
2025,Ahmad Wagner,WR,,446.2,,ahmad wagner,226.0
2025,Brian Brown,WR,,446.5,,brian brown,227.0
2025,Nate Iese,TE,,446.8,,nate iese,97.0
2025,Stephen Sullivan,TE,,447.1,,stephen sullivan,98.0
2025,Jaylen Samuels,RB,,447.4,,jaylen samuels,151.0
2025,Vernon Davis,TE,,449.6,,vernon davis,99.0
2025,Malik Williams,RB,,450.8,,malik williams,152.0
2025,Nick Williams,WR,DEN,451.1,,nick williams,228.0
2025,Jake Tonges,TE,SF,452.3,,jake tonges,100.0
2025,Steven Scheu,TE,,452.3,,steven scheu,101.0
2025,Papi White,WR,,453.4,,papi white,229.0
2025,Tanner Taula,TE,,454.1,,tanner taula,102.0
2025,Aaron Parker,WR,,456.0,,aaron parker,230.0
2025,J.P. Holtz,TE,,456.8,,j p holtz,103.0
2025,Jacob Warren,TE,,457.2,,jacob warren,104.0
2025,Drew Estrada,WR,,458.0,,drew estrada,231.0
2025,Zac Brooks,RB,,458.1,,zac brooks,153.0
2025,Dalevon Campbell,WR,LAC,458.2,,dalevon campbell,232.0
2025,Stephen Anderson,TE,,458.9,,stephen anderson,105.0
2025,Ian Bunting,TE,,459.6,,ian bunting,106.0
2025,Corbin Louks,WR,,459.8,,corbin louks,233.0
2025,Antwan Goodley,WR,,460.9,,antwan goodley,234.0
2025,Keytaon Thompson,WR,,461.0,,keytaon thompson,235.0
2025,Shane Leatherbury,WR,,461.2,,shane leatherbury,236.0
2025,Treyton Pickering,TE,,461.5,,treyton pickering,107.0
2025,Brenden Knox,RB,,462.1,,brenden knox,154.0
2025,Trent Taylor,WR,,463.3,,trent taylor,237.0
2025,Evan Baylis,TE,,463.5,,evan baylis,108.0
2025,Jerome Lane,WR,,464.2,,jerome lane,238.0
2025,Aleva Hifo,WR,,464.8,,aleva hifo,239.0
2025,Christian Scotland-Williamson,TE,,465.0,,christian scotland williamson,109.0
2025,Dymere Miller,WR,,465.6,,dymere miller,240.0
2025,Jehu Chesson,WR,,466.0,,jehu chesson,241.0
2025,Hakeem Butler,TE,DEN,467.1,,hakeem butler,110.0
2025,Osirus Mitchell,WR,,467.2,,osirus mitchell,242.0
2025,Darren Carrington,WR,,468.0,,darren carrington,243.0
2025,De'Quan Hampton,WR,,468.4,,de quan hampton,244.0
2025,Jermar Jefferson,RB,,469.6,,jermar jefferson,155.0
2025,Eric Wallace,TE,,470.3,,eric wallace,111.0
2025,Joe Horn,WR,,471.6,,joe horn,245.0
2025,Logan Woodside,QB,,471.7,,logan woodside,62.0
2025,Alex Bachman,WR,,472.0,,alex bachman,246.0
2025,Emani Bailey,RB,,472.0,,emani bailey,156.0
2025,Donatella Luckett,WR,,473.2,,donatella luckett,247.0
2025,Franko House,TE,CHI,473.7,,franko house,112.0
2025,Bucky Hodges,TE,,473.9,,bucky hodges,113.0
2025,Ross Travis,TE,,474.0,,ross travis,114.0
2025,Rico Gafford,WR,,474.0,,rico gafford,248.0
2025,Kristian Wilkerson,WR,,475.0,,kristian wilkerson,249.0
2025,Harold Spears,TE,,475.3,,harold spears,115.0
2025,Jamal Robinson,WR,,475.3,,jamal robinson,250.0
2025,Quayvon Hicks,RB,,475.7,,quayvon hicks,157.0
2025,Bennie Fowler,WR,,476.3,,bennie fowler,251.0
2025,Khalil Tate,WR,,477.0,,khalil tate,252.0
2025,Josh Johnson,QB,CIN,478.6,,josh johnson,63.0
2025,Austin Allen,TE,,479.0,,austin allen,116.0
2025,Jermaine Kearse,WR,,479.0,,jermaine kearse,253.0
2025,Caleb Bluiett,TE,,479.1,,caleb bluiett,117.0
2025,Jequez Ezzard,WR,,479.2,,jequez ezzard,254.0
2025,Jaxon Janke,WR,,479.4,,jaxon janke,255.0
2025,Javian Hawkins,RB,,480.0,,javian hawkins,158.0
2025,Cayleb Jones,WR,,481.2,,cayleb jones,256.0
2025,Derrick Dillon,WR,,481.7,,derrick dillon,257.0
2025,Fred Ross,WR,,482.3,,fred ross,258.0
2025,Jordan Thomas,TE,,482.9,,jordan thomas,118.0
2025,Cameron Posey,WR,,483.0,,cameron posey,259.0
2025,D.J. Foster,RB,,483.2,,d j foster,159.0
2025,Ryan Izzo,TE,,483.2,,ryan izzo,119.0
2025,Ryan Jones,TE,,483.8,,ryan jones,120.0
2025,Ka'Raun White,WR,,484.4,,ka raun white,260.0
2025,Nick O'Leary,TE,,485.0,,nick o leary,121.0
2025,Andrew Price,TE,,485.9,,andrew price,122.0
2025,James Summers,RB,,486.2,,james summers,160.0
2025,Dakota Caton,WR,,487.0,,dakota caton,261.0
2025,Marchie Murdock,WR,,487.2,,marchie murdock,262.0
2025,Dontez Ford,WR,,487.3,,dontez ford,263.0
2025,Brandon Cottom,RB,,487.4,,brandon cottom,161.0
2025,John Ursua,WR,,488.0,,john ursua,264.0
2025,Michael Bandy,WR,DEN,488.4,,michael bandy,265.0
2025,Charles Scarff,TE,,488.7,,charles scarff,123.0
2025,Jaelen Gill,WR,,489.0,,jaelen gill,266.0
2025,Cade Brewer,TE,,489.0,,cade brewer,124.0
2025,Antonio Callaway,WR,,490.0,,antonio callaway,267.0
2025,David Wells,TE,,490.3,,david wells,125.0
2025,Eric Rogers,WR,,490.5,,eric rogers,268.0
2025,Jalen McCleskey,WR,,490.8,,jalen mccleskey,269.0
2025,David Porter,WR,,491.0,,david porter,270.0
2025,Sione Houma,RB,,491.0,,sione houma,162.0
2025,Marvin Bracy,WR,,491.5,,marvin bracy,271.0
2025,Dante Pettis,WR,BUF,492.0,,dante pettis,272.0
2025,Travin Dural,WR,,492.3,,travin dural,273.0
2025,Demetrius Wilson,WR,,492.3,,demetrius wilson,274.0
2025,Nikola Kalinic,TE,CHI,492.7,,nikola kalinic,126.0
2025,Travis Wilson,TE,,493.0,,travis wilson,127.0
2025,Terry Godwin,WR,,493.3,,terry godwin,275.0
2025,Marquis Young,RB,,494.0,,marquis young,163.0
2025,Devon Johnson,RB,,494.3,,devon johnson,164.0
2025,Isaiah Weston,WR,,495.0,,isaiah weston,276.0
2025,Snoop Conner,RB,,495.0,,snoop conner,165.0
2025,Sam Pitz,TE,,495.8,,sam pitz,128.0
2025,Ben Bryant,QB,,495.9,,ben bryant,64.0
2025,Brandon Johnson,WR,LV,496.0,,brandon johnson,277.0
2025,I'Tavius Mathers,RB,,496.0,,i tavius mathers,166.0
2025,Xavier Turner,RB,,497.0,,xavier turner,167.0
2025,Easton Dean,TE,,497.3,,easton dean,129.0
2025,Nick Schuessler,QB,PIT,497.5,,nick schuessler,65.0
2025,Nick Holley,WR,,497.7,,nick holley,278.0
2025,Romell Guerrier,WR,,498.5,,romell guerrier,279.0
2025,Jaylon Moore,WR,,498.8,,jaylon moore,280.0
2025,Austin Mack,WR,,499.5,,austin mack,281.0
2025,Malik Flowers,WR,,499.9,,malik flowers,282.0
2025,Gavin Lutman,WR,,500.0,,gavin lutman,283.0
2025,Dominique Brown,RB,,500.1,,dominique brown,168.0
2025,Jake Hausmann,TE,,500.7,,jake hausmann,130.0
2025,Devwah Whaley,RB,,500.8,,devwah whaley,169.0
2025,Mikey Daniel,RB,,501.0,,mikey daniel,170.0
2025,Ryan Willis,QB,,501.1,,ryan willis,66.0
2025,Key'Shawn Smith,WR,,501.5,,key shawn smith,284.0
2025,Nick Bowers,TE,,502.3,,nick bowers,131.0
2025,Maurice Alexander,WR,CHI,502.3,,maurice alexander,285.0
2025,Jarrett Guarantano,QB,,503.9,,jarrett guarantano,67.0
2025,John Harris,WR,,503.9,,john harris,286.0
2025,Anthony McFarland,RB,,505.1,,anthony mcfarland,171.0
2025,DJ Turner,WR,HOU,506.0,,dj turner,287.0
2025,Kirk Merritt,WR,,506.5,,kirk merritt,288.0
2025,Isaac Zico,WR,,507.7,,isaac zico,289.0
2025,Kalif Phillips,RB,,507.8,,kalif phillips,172.0
2025,Jerell Adams,TE,,508.3,,jerell adams,132.0
2025,Kent Taylor,TE,,508.9,,kent taylor,133.0
2025,Mike Boone,RB,,509.0,,mike boone,173.0
2025,Ellis Richardson,TE,,509.1,,ellis richardson,134.0
2025,Devin Gardner,WR,,509.3,,devin gardner,290.0
2025,Kevin Rader,TE,,509.5,,kevin rader,135.0
2025,Bryant Koback,RB,,510.3,,bryant koback,174.0
2025,Dennis Houston,WR,TB,510.4,,dennis houston,291.0
2025,Austin Duke,WR,,510.5,,austin duke,292.0
2025,Khalid Abdullah,RB,,511.6,,khalid abdullah,175.0
2025,Shawn Bane,WR,,511.7,,shawn bane,293.0
2025,Drew Anderson,QB,,512.0,,drew anderson,68.0
2025,Jon'Vea Johnson,WR,,512.0,,jon vea johnson,294.0
2025,Ryan McDaniel,WR,,512.0,,ryan mcdaniel,295.0
2025,Carl Tucker,TE,,513.1,,carl tucker,136.0
2025,Tyler Ferguson,QB,,514.1,,tyler ferguson,69.0
2025,Derrius Guice,RB,,514.2,,derrius guice,176.0
2025,Tiyon Evans,RB,,514.7,,tiyon evans,177.0
2025,Keevan Lucas,WR,,515.0,,keevan lucas,296.0
2025,Ronald Jones,RB,,515.4,,ronald jones,178.0
2025,Easop Winston,WR,,515.4,,easop winston,297.0
2025,Austin Watkins,WR,,515.8,,austin watkins,298.0
2025,Racey McMath,WR,,516.5,,racey mcmath,299.0
2025,Devon Williams,WR,,516.7,,devon williams,300.0
2025,Ryan Switzer,WR,,516.8,,ryan switzer,301.0
2025,Devin Leary,QB,,517.1,,devin leary,70.0
2025,Darwin Thompson,RB,,517.3,,darwin thompson,179.0
2025,Hayden Rucci,TE,SF,517.3,,hayden rucci,137.0
2025,Steven Montez,QB,,518.3,,steven montez,71.0
2025,Kairee Robinson,RB,,518.4,,kairee robinson,180.0
2025,Tony Stevens,WR,,518.5,,tony stevens,302.0
2025,Lance McCutcheon,WR,TEN,518.5,,lance mccutcheon,303.0
2025,Bryan Thompson,WR,,519.4,,bryan thompson,304.0
2025,Chris Bazile,TE,,519.5,,chris bazile,138.0
2025,Anthony Mahoungou,WR,,519.5,,anthony mahoungou,305.0
2025,Davis Webb,QB,,520.0,,davis webb,72.0
2025,Mitchell Wilcox,TE,,520.2,,mitchell wilcox,139.0
2025,Jonathon Rumph,WR,,520.9,,jonathon rumph,306.0
2025,Cyrus Holder,WR,,521.2,,cyrus holder,307.0
2025,Ricky Jeune,WR,,521.8,,ricky jeune,308.0
2025,Matt Moore,QB,,521.8,,matt moore,73.0
2025,Tyrell Williams,WR,,522.0,,tyrell williams,309.0
2025,Garrett Griffin,TE,,522.8,,garrett griffin,140.0
2025,Dallas Daniels,WR,,523.1,,dallas daniels,310.0
2025,Kerryon Johnson,RB,,523.3,,kerryon johnson,181.0
2025,Taylor Grimes,WR,,523.5,,taylor grimes,311.0
2025,Devin Mahina,TE,,523.9,,devin mahina,141.0
2025,Rajion Neal,RB,,524.0,,rajion neal,182.0
2025,Jamaal Jones,WR,,524.0,,jamaal jones,312.0
2025,Bell Braylon,WR,,524.2,,bell braylon,313.0
2025,Jordan Bly,WR,,524.3,,jordan bly,314.0
2025,Ricky Seale,RB,,524.5,,ricky seale,183.0
2025,Bernhard Seikovits,TE,,525.3,,bernhard seikovits,142.0
2025,Damond Powell,WR,,525.5,,damond powell,315.0
2025,Josh Johnson,WR,,526.4,,josh johnson,316.0
2025,Xavier Rush,WR,,526.4,,xavier rush,317.0
2025,Erick All,TE,CIN,526.8,,erick all,143.0
2025,Germone Hopper,WR,,526.8,,germone hopper,318.0
2025,Carlos Hyde,RB,,527.0,,carlos hyde,184.0
2025,Speedy Noil,WR,,527.0,,speedy noil,319.0
2025,Mark Weisman,RB,,527.5,,mark weisman,185.0
2025,Gabe Marks,WR,,527.7,,gabe marks,320.0
2025,Sam Brown,WR,,527.8,,sam brown,321.0
2025,Ahmarean Brown,WR,,527.9,,ahmarean brown,322.0
2025,Zimari Manning,WR,,529.5,,zimari manning,323.0
2025,Jackson Harris,TE,,529.7,,jackson harris,144.0
2025,Dante Wright,WR,,529.8,,dante wright,324.0
2025,Jamie Newman,QB,,530.0,,jamie newman,74.0
2025,Justin Stockton,RB,,530.3,,justin stockton,186.0
2025,Jamel Johnson,WR,,530.3,,jamel johnson,325.0
2025,T.J. Pledger,RB,,530.5,,t j pledger,187.0
2025,Justin Jackson,RB,,530.5,,justin jackson,188.0
2025,Mitch Van Vooren,WR,NE,531.2,,mitch van vooren,326.0
2025,Antonio Williams,RB,,531.6,,antonio williams,189.0
2025,Daewood Davis,WR,,532.0,,daewood davis,327.0
2025,Corey Davis,WR,,532.0,,corey davis,328.0
2025,Anthony Johnson,WR,,532.5,,anthony johnson,329.0
2025,Garrett Scantling,WR,ATL,532.5,,garrett scantling,330.0
2025,Chris Smith,RB,,533.4,,chris smith,190.0
2025,Tyler McCloskey,RB,,534.5,,tyler mccloskey,191.0
2025,Alex Ellis,TE,,534.6,,alex ellis,145.0
2025,Josh Smith,WR,,535.3,,josh smith,331.0
2025,Mark Vital,TE,,535.5,,mark vital,146.0
2025,JaQuae Jackson,WR,LAC,535.7,,jaquae jackson,332.0
2025,Clay Burton,TE,,535.8,,clay burton,147.0
2025,Keke Coutee,WR,,535.9,,keke coutee,333.0
2025,Travis Fulgham,WR,,536.4,,travis fulgham,334.0
2025,Trey Burton,TE,,536.9,,trey burton,148.0
2025,Ryan Griffin,QB,,537.7,,ryan griffin,75.0
2025,Damarr Aultman,WR,,537.9,,damarr aultman,335.0
2025,Timothy Flanders,RB,,538.0,,timothy flanders,192.0
2025,Stanley Williams,RB,,538.2,,stanley williams,193.0
2025,Micky Crum,TE,,538.6,,micky crum,149.0
2025,Ke'Shawn Vaughn,RB,,539.0,,ke shawn vaughn,194.0
2025,Moral Stephens,TE,,539.0,,moral stephens,150.0
2025,Mike Thomas,WR,,539.2,,mike thomas,336.0
2025,Julian Fleming,WR,,539.9,,julian fleming,337.0
2025,Jerome Kapp,WR,,540.0,,jerome kapp,338.0
2025,Travon McMillian,RB,,540.5,,travon mcmillian,195.0
2025,Darece Roberson,WR,,541.0,,darece roberson,339.0
2025,Ontaria Wilson,WR,,541.2,,ontaria wilson,340.0
2025,Noah Togiai,TE,,541.4,,noah togiai,151.0
2025,Brian Hill,RB,,541.9,,brian hill,196.0
2025,Zach Laskey,RB,,542.0,,zach laskey,197.0
2025,Breshad Perriman,WR,,542.7,,breshad perriman,341.0
2025,James Quick,WR,,542.9,,james quick,342.0
2025,Mike Estes,TE,,543.1,,mike estes,152.0
2025,Wyatt Houston,TE,CAR,543.1,,wyatt houston,153.0
2025,Darren Fells,TE,TB,543.2,,darren fells,154.0
2025,Tre'Shaun Harrison,WR,,543.6,,tre shaun harrison,343.0
2025,Ko Kieft,TE,TB,543.7,,ko kieft,155.0
2025,James Looney,TE,,543.8,,james looney,156.0
2025,Laquon Treadwell,WR,IND,544.0,,laquon treadwell,344.0
2025,Mitch Tinsley,WR,CIN,544.4,,mitch tinsley,345.0
2025,Patrick Carr,RB,,544.8,,patrick carr,198.0
2025,DaVaris Daniels,WR,,545.0,,davaris daniels,346.0
2025,Anthony Kelly,WR,,545.1,,anthony kelly,347.0
2025,Marken Michel,WR,,545.5,,marken michel,348.0
2025,Adam Humphries,WR,,545.7,,adam humphries,349.0
2025,Johnnie Dixon,WR,,546.3,,johnnie dixon,350.0
2025,Jalen Jackson,RB,,546.3,,jalen jackson,199.0
2025,Nick Boyle,TE,,547.0,,nick boyle,157.0
2025,Brandon Lewis,WR,,547.1,,brandon lewis,351.0
2025,Tony Brooks-James,RB,,547.3,,tony brooks james,200.0
2025,Johnny Holton,WR,,548.0,,johnny holton,352.0
2025,Darius Lassiter,WR,,548.3,,darius lassiter,353.0
2025,Ray Hamilton,TE,,548.5,,ray hamilton,158.0
2025,Garrett Hudson,TE,,549.0,,garrett hudson,159.0
2025,Danny Etling,QB,,549.9,,danny etling,76.0
2025,Michael Colubiale,TE,,550.0,,michael colubiale,160.0
2025,Bobo Wilson,WR,,550.0,,bobo wilson,354.0
2025,Jerrion Ealy,RB,,550.1,,jerrion ealy,201.0
2025,Connor Slomka,RB,,550.5,,connor slomka,202.0
2025,Kenzel Doe,WR,,550.8,,kenzel doe,355.0
2025,Charles Jones,TE,,550.9,,charles jones,161.0
2025,LaQuvionte Gonzalez,WR,,550.9,,laquvionte gonzalez,356.0
2025,Jason Croom,TE,,551.1,,jason croom,162.0
2025,Garrett Walston,TE,,551.2,,garrett walston,163.0
2025,Darreus Rogers,WR,,551.3,,darreus rogers,357.0
2025,ZaQuandre White,RB,,551.3,,zaquandre white,203.0
2025,Jamoi Mayes,WR,,551.5,,jamoi mayes,358.0
2025,Trey Knox,TE,,551.5,,trey knox,164.0
2025,Dwayne Washington,RB,,551.6,,dwayne washington,204.0
2025,Zach Evans,RB,,551.7,,zach evans,205.0
2025,Ricky Seals-Jones,TE,,552.0,,ricky seals jones,165.0
2025,Cam Sutton,TE,,552.2,,cam sutton,166.0
2025,Stevie Scott,RB,,552.3,,stevie scott,206.0
2025,Ryan Becker,TE,,552.4,,ryan becker,167.0
2025,Hale Hentges,TE,,552.5,,hale hentges,168.0
2025,Taysir Mack,WR,,552.6,,taysir mack,359.0
2025,Matthew Eaton,WR,,552.7,,matthew eaton,360.0
2025,Qadree Ollison,RB,,553.0,,qadree ollison,207.0
2025,Garrett Dickerson,TE,,553.6,,garrett dickerson,169.0
2025,Beau Sandland,TE,,554.0,,beau sandland,170.0
2025,Jahdae Walker,WR,CHI,554.7,,jahdae walker,361.0
2025,Joe Walker,WR,,555.0,,joe walker,362.0
2025,Jacolby George,WR,,555.7,,jacolby george,363.0
2025,Jawhar Jordan,RB,HOU,555.8,,jawhar jordan,208.0
2025,Buddy Howell,RB,,556.0,,buddy howell,209.0
2025,Anthony Dable,WR,,556.5,,anthony dable,364.0
2025,Brevin Easton,WR,,556.8,,brevin easton,365.0
2025,Cole Stoudt,QB,,556.8,,cole stoudt,77.0
2025,David Reeves,TE,,557.4,,david reeves,171.0
2025,Matthew Slater,WR,,557.6,,matthew slater,366.0
2025,William Stanback,RB,,557.7,,william stanback,210.0
2025,Amba Etta-Tawo,WR,,557.8,,amba etta tawo,367.0
2025,Oliver Martin,WR,,557.9,,oliver martin,368.0
2025,Josh Malone,WR,,557.9,,josh malone,369.0
2025,Kole Taylor,TE,,558.2,,kole taylor,172.0
2025,Nic Shimonek,QB,,558.3,,nic shimonek,78.0
2025,Elijhaa Penny,RB,,558.3,,elijhaa penny,211.0
2025,Davon Grayson,WR,,558.6,,davon grayson,370.0
2025,David Wallis,WR,,559.2,,david wallis,371.0
2025,Ishmael Zamora,WR,,559.3,,ishmael zamora,372.0
2025,Chris Blair,WR,ATL,559.7,,chris blair,373.0
2025,Eric Frohnapfel,TE,,559.7,,eric frohnapfel,173.0
2025,Jason Witten,TE,,559.7,,jason witten,174.0
2025,Sherman Badie,RB,,559.7,,sherman badie,212.0
2025,Farrod Green,TE,,560.0,,farrod green,175.0
2025,Seth Green,TE,,560.1,,seth green,176.0
2025,Luke Deal,TE,,560.6,,luke deal,177.0
2025,Patrick Murtagh,TE,,561.0,,patrick murtagh,178.0
2025,Thomas Gordon,TE,DET,561.0,,thomas gordon,179.0
2025,Lee Ward,RB,,561.2,,lee ward,213.0
2025,Richard Mullaney,WR,,561.2,,richard mullaney,374.0
2025,Juwann Winfree,WR,,561.8,,juwann winfree,375.0
2025,Marcus Santos-Silva,TE,,562.0,,marcus santos silva,180.0
2025,Daikiel Shorts,WR,,562.2,,daikiel shorts,376.0
2025,Dwayne Harris,WR,,562.5,,dwayne harris,377.0
2025,Anthony Grant,RB,,562.9,,anthony grant,214.0
2025,Jadon Janke,WR,,563.0,,jadon janke,378.0
2025,Marquise Goodwin,WR,,563.1,,marquise goodwin,379.0
2025,Antonio Gandy-Golden,TE,,563.7,,antonio gandy golden,181.0
2025,Nsimba Webster,WR,,564.0,,nsimba webster,380.0
2025,Sean Culkin,TE,,564.1,,sean culkin,182.0
2025,Gunner Olszewski,WR,NYG,564.4,,gunner olszewski,381.0
2025,Hal Presley,WR,,564.8,,hal presley,382.0
2025,Mitchell Paige,WR,,565.0,,mitchell paige,383.0
2025,Lujuan Winningham,WR,,565.0,,lujuan winningham,384.0
2025,Sal Cannella,TE,,565.0,,sal cannella,183.0
2025,Jarrett Stidham,QB,DEN,565.5,,jarrett stidham,79.0
2025,Colin Thompson,TE,,565.5,,colin thompson,184.0
2025,Matt Weiser,TE,,565.5,,matt weiser,185.0
2025,Ben Johnson,TE,,565.7,,ben johnson,186.0
2025,Jonathan Williams,RB,,566.1,,jonathan williams,215.0
2025,Garett Maag,WR,,566.6,,garett maag,385.0
2025,Cethan Carter,TE,,566.6,,cethan carter,187.0
2025,Charles Clay,TE,,566.7,,charles clay,188.0
2025,Greg Bell,RB,,566.9,,greg bell,216.0
2025,Tip Reiman,TE,ARI,567.0,,tip reiman,189.0
2025,A.J. Ouellette,RB,,567.2,,a j ouellette,217.0
2025,Riley Ridley,WR,,567.4,,riley ridley,386.0
2025,Wayne Ruby,WR,,568.0,,wayne ruby,387.0
2025,Tavien Feaster,RB,ARI,568.5,,tavien feaster,218.0
2025,Jalen Greene,WR,,568.5,,jalen greene,388.0
2025,Jevoni Robinson,TE,,569.0,,jevoni robinson,190.0
2025,Cody Chrest,WR,,569.0,,cody chrest,389.0
2025,Rashard Davis,WR,,569.2,,rashard davis,390.0
2025,Treveyon Pratt,WR,,569.2,,treveyon pratt,391.0
2025,Marquez North,WR,,569.6,,marquez north,392.0
2025,Tony Jones,WR,,569.6,,tony jones,393.0
2025,Phil Lutz,WR,,569.7,,phil lutz,394.0
2025,T.J. Linta,QB,,569.7,,t j linta,80.0
2025,Thaddeus Moss,TE,,570.0,,thaddeus moss,191.0
2025,Ryan Grant,WR,,570.1,,ryan grant,395.0
2025,Derrick Gore,RB,,570.4,,derrick gore,219.0
2025,Keshawn Hill,RB,,570.6,,keshawn hill,220.0
2025,Dom Williams,WR,,570.8,,dom williams,396.0
2025,Robert Wheelwright,WR,,571.0,,robert wheelwright,397.0
2025,DeVante Parker,WR,,571.0,,devante parker,398.0
2025,T.J. Jones,WR,,571.4,,t j jones,399.0
2025,Jean Sifrin,TE,,571.6,,jean sifrin,192.0
2025,James Robinson,RB,,571.7,,james robinson,221.0
2025,Korey Robertson,WR,,571.8,,korey robertson,400.0
2025,Brandon Shippen,WR,,571.9,,brandon shippen,401.0
2025,Romar Morris,RB,,572.0,,romar morris,222.0
2025,Auden Tate,WR,,572.3,,auden tate,402.0
2025,Dax Raymond,TE,PIT,572.7,,dax raymond,193.0
2025,Corey Sutton,WR,,573.0,,corey sutton,403.0
2025,Vyncint Smith,WR,,573.1,,vyncint smith,404.0
2025,Michael Herzog,RB,,573.4,,michael herzog,223.0
2025,Braydon Johnson,WR,,574.0,,braydon johnson,405.0
2025,Ethan Garbers,QB,,574.4,,ethan garbers,81.0
2025,Payton Thorne,QB,,574.7,,payton thorne,82.0
2025,Jeremiah Webb,WR,NE,574.8,,jeremiah webb,406.0
2025,Myles Gaskin,RB,,575.0,,myles gaskin,224.0
2025,Robbie Chosen,WR,,575.2,,robbie chosen,407.0
2025,JaQuan Hardy,RB,,575.3,,jaquan hardy,225.0
2025,Gerald Holmes,RB,,575.4,,gerald holmes,226.0
2025,Kwamie Lassiter,WR,,575.5,,kwamie lassiter,408.0
2025,Garrett Johnson,WR,,575.5,,garrett johnson,409.0
2025,Sam Cotton,TE,,575.5,,sam cotton,194.0
2025,Quartney Davis,WR,,577.0,,quartney davis,410.0
2025,Lacoltan Bester,WR,,577.0,,lacoltan bester,411.0
2025,Rhett Ellison,TE,,577.4,,rhett ellison,195.0
2025,Josh Reese,WR,,577.7,,josh reese,412.0
2025,Kelvin McKnight,WR,,577.7,,kelvin mcknight,413.0
2025,Amir Carlisle,WR,,577.8,,amir carlisle,414.0
2025,Xavier Jones,RB,,578.0,,xavier jones,227.0
2025,Tevin Jones,WR,,578.2,,tevin jones,415.0
2025,Jordan Wilkins,RB,,578.2,,jordan wilkins,228.0
2025,Abram Smith,RB,,578.5,,abram smith,229.0
2025,R.J. Shelton,WR,,579.2,,r j shelton,416.0
2025,Keilahn Harris,WR,,579.3,,keilahn harris,417.0
2025,Jarred Haggins,WR,,579.5,,jarred haggins,418.0
2025,Devante Davis,WR,,579.9,,devante davis,419.0
2025,Mike Bercovici,QB,,579.9,,mike bercovici,83.0
2025,Jeret Smith,WR,,580.0,,jeret smith,420.0
2025,Drew Stanton,QB,,580.2,,drew stanton,84.0
2025,Dazz Newsome,WR,,580.2,,dazz newsome,421.0
2025,C.J. Prosise,RB,,580.6,,c j prosise,230.0
2025,Vance McDonald,TE,,580.7,,vance mcdonald,196.0
2025,LaJohntay Wester,WR,BAL,580.8,,lajohntay wester,422.0
2025,Coleman Owen,WR,IND,581.0,,coleman owen,423.0
2025,Kylin Hill,RB,,581.4,,kylin hill,231.0
2025,Allen Robinson,WR,,581.6,,allen robinson,424.0
2025,Mark Redman,TE,LAR,581.9,,mark redman,197.0
2025,Izaiah Gathings,TE,,582.0,,izaiah gathings,198.0
2025,Floyd Allen,WR,,582.3,,floyd allen,425.0
2025,Richie James,WR,,582.5,,richie james,426.0
2025,Kyle Lauletta,QB,,583.4,,kyle lauletta,85.0
2025,Kayron Lynch-Adams,RB,,583.4,,kayron lynch adams,232.0
2025,Trey Griffey,WR,,583.6,,trey griffey,427.0
2025,Bilal Powell,RB,,583.7,,bilal powell,233.0
2025,Riley Sharp,TE,,584.0,,riley sharp,199.0
2025,Dexter Williams,RB,,584.0,,dexter williams,234.0
2025,Ja'Marcus Bradley,WR,,584.4,,ja marcus bradley,428.0
2025,Jody Fortson,TE,,584.6,,jody fortson,200.0
2025,Kivon Cartwright,TE,,584.6,,kivon cartwright,201.0
2025,Sony Michel,RB,,584.8,,sony michel,235.0
2025,Terry Wright,WR,,585.0,,terry wright,429.0
2025,Josiah Price,TE,,585.0,,josiah price,202.0
2025,Joel Wilson,TE,TEN,585.5,,joel wilson,203.0
2025,Freddie Swain,WR,,585.6,,freddie swain,430.0
2025,Darrell Daniels,TE,,585.8,,darrell daniels,204.0
2025,Sean Ryan,WR,,586.0,,sean ryan,431.0
2025,Cam Worthy,WR,,586.0,,cam worthy,432.0
2025,David Watford,WR,,586.0,,david watford,433.0
2025,Ty Scott,WR,,586.0,,ty scott,434.0
2025,AJ Barner,TE,SEA,586.4,,aj barner,205.0
2025,Ernst Brun,TE,,586.8,,ernst brun,206.0
2025,Paul Richardson,WR,,587.0,,paul richardson,435.0
2025,Daniel Brown,TE,,587.0,,daniel brown,207.0
2025,Justin Lockhart,WR,,587.1,,justin lockhart,436.0
2025,Ra'Shaun Henry,WR,,587.5,,ra shaun henry,437.0
2025,Bailey Zappe,QB,NYJ,587.5,,bailey zappe,86.0
2025,Felton Davis,WR,,587.9,,felton davis,438.0
2025,Moritz Bohringer,TE,,588.0,,moritz bohringer,208.0
2025,T.J. Logan,RB,,588.4,,t j logan,236.0
2025,Jhajuan Seales,WR,,589.0,,jhajuan seales,439.0
2025,Malcolm Lewis,WR,,589.3,,malcolm lewis,440.0
2025,Duke Williams,WR,,589.3,,duke williams,441.0
2025,Joseph Scates,WR,,589.5,,joseph scates,442.0
2025,Nick Truesdell,TE,,590.4,,nick truesdell,209.0
2025,John Ross,WR,,590.9,,john ross,443.0
2025,Napoleon Maxwell,RB,,591.4,,napoleon maxwell,237.0
2025,Jeremiah Haydel,WR,,591.5,,jeremiah haydel,444.0
2025,Fred Trevillion,WR,,591.7,,fred trevillion,445.0
2025,Pierre Strong,RB,GB,591.8,,pierre strong,238.0
2025,Isaac Nauta,TE,GB,592.0,,isaac nauta,210.0
2025,Cody Latimer,WR,,592.2,,cody latimer,446.0
2025,Chris King,WR,,592.5,,chris king,447.0
2025,Brandon Radcliff,RB,,592.9,,brandon radcliff,239.0
2025,Warren Jackson,WR,,593.0,,warren jackson,448.0
2025,Jacob Harris,WR,,593.6,,jacob harris,449.0
2025,David Moore,WR,CAR,593.7,,david moore,450.0
2025,Sage Surratt,TE,,594.0,,sage surratt,211.0
2025,Dylan McDuffie,RB,,594.0,,dylan mcduffie,240.0
2025,Nate McCrary,RB,,594.2,,nate mccrary,241.0
2025,Ian Thomas,TE,LV,594.3,,ian thomas,212.0
2025,Kenneth Harper,RB,,595.4,,kenneth harper,242.0
2025,Tyler Kahmann,WR,,595.5,,tyler kahmann,451.0
2025,Cam Miller,QB,MIA,595.8,,cam miller,87.0
2025,Darius Bradwell,RB,,596.0,,darius bradwell,243.0
2025,Avery Davis,WR,,596.5,,avery davis,452.0
2025,Josh Johnson,RB,,596.6,,josh johnson,244.0
2025,Steven Mitchell,WR,,597.0,,steven mitchell,453.0
2025,JaVonta Payton,WR,,597.0,,javonta payton,454.0
2025,Keith Towbridge,TE,,597.1,,keith towbridge,213.0
2025,Rashad Medaris,WR,,597.3,,rashad medaris,455.0
2025,Cam Grandy,TE,CIN,597.5,,cam grandy,214.0
2025,Levern Jacobs,WR,,597.9,,levern jacobs,456.0
2025,Darrynton Evans,RB,,597.9,,darrynton evans,245.0
2025,Devon Cajuste,WR,,598.0,,devon cajuste,457.0
2025,Tyler Harrell,WR,,598.0,,tyler harrell,458.0
2025,Jordan Matthews,TE,,598.5,,jordan matthews,215.0
2025,Jared Rice,TE,,598.9,,jared rice,216.0
2025,Julian Hicks,WR,,599.0,,julian hicks,459.0
2025,John Hurst,WR,,599.0,,john hurst,460.0
2025,Isaiah Searight,TE,,599.5,,isaiah searight,217.0
2025,Luke Willson,TE,,599.5,,luke willson,218.0
2025,Steven Wroblewski,TE,,599.9,,steven wroblewski,219.0
2025,Praise Olatoke,WR,,600.0,,praise olatoke,461.0
2025,Willie Snead,WR,,600.4,,willie snead,462.0
2025,Russell Shepard,WR,,600.7,,russell shepard,463.0
2025,Jordan Byrd,WR,,601.0,,jordan byrd,464.0
2025,Amari Rodgers,WR,,601.3,,amari rodgers,465.0
2025,Kevin Harris,RB,,601.4,,kevin harris,246.0
2025,Brandon Zylstra,WR,,601.5,,brandon zylstra,466.0
2025,Clive Walford,TE,,601.5,,clive walford,220.0
2025,James Washington,WR,,601.8,,james washington,467.0
2025,Chris Lacy,WR,,602.0,,chris lacy,468.0
2025,Sam Schnee,WR,,602.3,,sam schnee,469.0
2025,Brian Burt,WR,,602.3,,brian burt,470.0
2025,Marquez Clark,WR,,602.5,,marquez clark,471.0
2025,Tyrion Davis-Price,RB,,603.0,,tyrion davis price,247.0
2025,Manasseh Bailey,WR,,603.4,,manasseh bailey,472.0
2025,Marcus Cooper,RB,,604.0,,marcus cooper,248.0
2025,K.D. Cannon,WR,,604.2,,k d cannon,473.0
2025,Will Mallory,TE,IND,604.2,,will mallory,221.0
2025,Marquez Stevenson,WR,,604.3,,marquez stevenson,474.0
2025,Nate Noel,RB,,605.3,,nate noel,249.0
2025,Kobe McCrary,RB,,605.5,,kobe mccrary,250.0
2025,Connor Neighbors,RB,,605.5,,connor neighbors,251.0
2025,Mason Fairchild,TE,,606.3,,mason fairchild,222.0
2025,Ryquell Armstead,RB,,606.6,,ryquell armstead,252.0
2025,Da'Ron Brown,WR,,606.7,,da ron brown,475.0
2025,Josh Hammond,WR,,607.0,,josh hammond,476.0
2025,Sterling Shepard,WR,,607.7,,sterling shepard,477.0
2025,Denzel Mims,WR,DAL,607.9,,denzel mims,478.0
2025,Jacob Sirmon,QB,,608.0,,jacob sirmon,88.0
2025,N'Keal Harry,TE,,608.0,,n keal harry,223.0
2025,Brandon Silvers,QB,,608.2,,brandon silvers,89.0
2025,David Blough,QB,,608.3,,david blough,90.0
2025,Andrew Peasley,QB,,608.4,,andrew peasley,91.0
2025,Geoff Swaim,TE,,608.4,,geoff swaim,224.0
2025,Rory Anderson,TE,,609.1,,rory anderson,225.0
2025,Salvon Ahmed,RB,CHI,609.5,,salvon ahmed,253.0
2025,Darius Hagans,RB,,609.8,,darius hagans,254.0
2025,Devron Harper,WR,,610.0,,devron harper,479.0
2025,Brett Hundley,QB,,610.1,,brett hundley,92.0
2025,Deontez Alexander,WR,,610.2,,deontez alexander,480.0
2025,Darrius Sims,RB,,610.5,,darrius sims,255.0
2025,JJ Galbreath,TE,PIT,610.6,,jj galbreath,226.0
2025,Theo Wease,WR,MIA,611.0,,theo wease,481.0
2025,Levi Lewis,QB,,611.0,,levi lewis,93.0
2025,Kearis Jackson,WR,,611.0,,kearis jackson,482.0
2025,Chase Harrell,TE,,611.2,,chase harrell,227.0
2025,Trey Millard,RB,,611.2,,trey millard,256.0
2025,Quintez Cephus,WR,,611.4,,quintez cephus,483.0
2025,Bryce Williams,TE,,611.4,,bryce williams,228.0
2025,Soma Vainuku,RB,,611.6,,soma vainuku,257.0
2025,Jake Powell,TE,,611.8,,jake powell,229.0
2025,Boston Scott,RB,,611.8,,boston scott,258.0
2025,Ronald Awatt,RB,,611.9,,ronald awatt,259.0
2025,OJ Hiliare,WR,,612.0,,oj hiliare,484.0
2025,Mitch Leidner,QB,,612.2,,mitch leidner,94.0
2025,Taquan Mizzell,RB,NYG,612.4,,taquan mizzell,260.0
2025,Marcus Riley,WR,,613.0,,marcus riley,485.0
2025,Nate Sudfeld,QB,,613.2,,nate sudfeld,95.0
2025,Ramon Jefferson,RB,,613.5,,ramon jefferson,261.0
2025,Jay Lee,WR,,613.5,,jay lee,486.0
2025,Devin Lucien,WR,,613.5,,devin lucien,487.0
2025,Tarik Cohen,RB,,613.6,,tarik cohen,262.0
2025,Devin Smith,WR,,613.8,,devin smith,488.0
2025,Tyrell Shavers,WR,BUF,614.0,,tyrell shavers,489.0
2025,Ray Lawry,RB,,614.0,,ray lawry,263.0
2025,Chase Cota,WR,,614.3,,chase cota,490.0
2025,Rakeem Boyd,RB,,614.5,,rakeem boyd,264.0
2025,DeVonte Dedmon,WR,,614.5,,devonte dedmon,491.0
2025,Xavier Grimble,TE,,614.5,,xavier grimble,230.0
2025,K.J. Osborn,WR,TEN,614.5,,k j osborn,492.0
2025,Lamar Miller,RB,,614.5,,lamar miller,265.0
2025,Jaray Jenkins,WR,,614.8,,jaray jenkins,493.0
2025,Dylan Cantrell,TE,,615.0,,dylan cantrell,231.0
2025,Chris Carson,RB,,615.0,,chris carson,266.0
2025,Andre Roberts,WR,,615.0,,andre roberts,494.0
2025,Brandon Brown-Dukes,RB,,615.2,,brandon brown dukes,267.0
2025,Synjyn Days,RB,,615.3,,synjyn days,268.0
2025,Xavier White,WR,,615.5,,xavier white,495.0
2025,JaMycal Hasty,RB,,615.7,,jamycal hasty,269.0
2025,Max Borghi,RB,,616.0,,max borghi,270.0
2025,Trevion Thompson,WR,,616.2,,trevion thompson,496.0
2025,Jackson Meeks,WR,DET,616.3,,jackson meeks,497.0
2025,Cordarrelle Patterson,RB,,616.6,,cordarrelle patterson,271.0
2025,Andy Isabella,WR,,617.0,,andy isabella,498.0
2025,Seth Dawkins,WR,,617.0,,seth dawkins,499.0
2025,Bart Houston,QB,,617.2,,bart houston,96.0
2025,Brandon Polk,WR,,617.4,,brandon polk,500.0
2025,Johnny Mundt,TE,PHI,617.5,,johnny mundt,232.0
2025,Josh Ali,WR,,617.5,,josh ali,501.0
2025,Trishton Jackson,WR,,617.5,,trishton jackson,502.0
2025,Xavier Wade,WR,,617.7,,xavier wade,503.0
2025,John Paddock,QB,,618.0,,john paddock,97.0
2025,De'Mornay Pierson-El,WR,,618.1,,de mornay pierson el,504.0
2025,Justice Liggins,WR,,618.3,,justice liggins,505.0
2025,Alonzo Moore,WR,,618.5,,alonzo moore,506.0
2025,Cole Fotheringham,TE,,618.6,,cole fotheringham,233.0
2025,Dezmon Patmon,WR,,619.0,,dezmon patmon,507.0
2025,Michael Johnson,WR,,619.0,,michael johnson,508.0
2025,Julian Hill,TE,NE,619.1,,julian hill,234.0
2025,Shakeir Ryan,WR,,619.3,,shakeir ryan,509.0
2025,Daylen Baldwin,WR,,619.6,,daylen baldwin,510.0
2025,Dalton Crossan,RB,,620.0,,dalton crossan,272.0
2025,Jeshaun Jones,WR,MIN,620.1,,jeshaun jones,511.0
2025,Grant DuBose,WR,,620.2,,grant dubose,512.0
2025,Marcedes Lewis,TE,,620.3,,marcedes lewis,235.0
2025,Thomas Sperbeck,WR,,620.5,,thomas sperbeck,513.0
2025,Michael Woods,WR,DEN,620.5,,michael woods,514.0
2025,La'Mical Perine,RB,,620.5,,la mical perine,273.0
2025,Isaiah Zuber,WR,,620.7,,isaiah zuber,515.0
2025,Jack Stoll,TE,CLE,620.7,,jack stoll,236.0
2025,Ellis Merriweather,RB,,620.7,,ellis merriweather,274.0
2025,Zach Conque,QB,,621.0,,zach conque,98.0
2025,Temarrick Hemingway,TE,WAS,621.3,,temarrick hemingway,237.0
2025,Ty Montgomery,RB,,621.5,,ty montgomery,275.0
2025,Tre Turner,WR,,621.8,,tre turner,516.0
2025,Darion Griswold,TE,,622.0,,darion griswold,238.0
2025,Scottie Phillips,RB,,622.0,,scottie phillips,276.0
2025,George Holani,RB,SEA,622.2,,george holani,277.0
2025,Des Lawrence,WR,,622.2,,des lawrence,517.0
2025,Jaaron Hayek,WR,,622.4,,jaaron hayek,518.0
2025,Ben Yurosek,TE,MIN,622.5,,ben yurosek,239.0
2025,Malcolm Perry,WR,,622.7,,malcolm perry,519.0
2025,Malik Henry,WR,,622.9,,malik henry,520.0
2025,Devonte Boyd,WR,,622.9,,devonte boyd,521.0
2025,Brian Walker,TE,,623.5,,brian walker,240.0
2025,Jake Burt,TE,,623.5,,jake burt,241.0
2025,Ricky Person,RB,,623.8,,ricky person,278.0
2025,Caleb Chapman,WR,,623.8,,caleb chapman,522.0
2025,Jake Rudock,QB,,624.0,,jake rudock,99.0
2025,Jacob Kibodi,RB,,624.3,,jacob kibodi,279.0
2025,Dan Light,TE,,624.3,,dan light,242.0
2025,Sone Ntoh,RB,,624.7,,sone ntoh,280.0
2025,Elijah McGuire,RB,KC,624.8,,elijah mcguire,281.0
2025,K.J. Costello,QB,,625.0,,k j costello,100.0
2025,Kermit Whitfield,WR,,625.3,,kermit whitfield,523.0
2025,D'Ernest Johnson,RB,,625.4,,d ernest johnson,282.0
2025,Cedrick Wilson,WR,DET,625.5,,cedrick wilson,524.0
2025,Dalvin Cook,RB,,625.7,,dalvin cook,283.0
2025,J.J. Arcega-Whiteside,WR,,625.7,,j j arcega whiteside,525.0
2025,Gehrig Dieter,WR,,625.8,,gehrig dieter,526.0
2025,Kobe Lewis,RB,,625.8,,kobe lewis,284.0
2025,Durron Neal,WR,,626.0,,durron neal,527.0
2025,Darrell Henderson,RB,,626.2,,darrell henderson,285.0
2025,Bruno Labelle,TE,,626.3,,bruno labelle,243.0
2025,Jake Fromm,QB,,626.4,,jake fromm,101.0
2025,Stevie Donatell,TE,,626.5,,stevie donatell,244.0
2025,Colby Suits,QB,,626.9,,colby suits,102.0
2025,Jakobie Keeney-James,WR,,626.9,,jakobie keeney james,528.0
2025,Josh Babicz,TE,,627.0,,josh babicz,245.0
2025,Marshall Lang,TE,MIN,627.2,,marshall lang,246.0
2025,J'Mar Smith,QB,,627.3,,j mar smith,103.0
2025,Mark Chapman,WR,,627.5,,mark chapman,529.0
2025,Darrius Shepherd,WR,,627.5,,darrius shepherd,530.0
2025,Daniel Bellinger,TE,TEN,627.6,,daniel bellinger,247.0
2025,Tommy Sweeney,TE,,627.9,,tommy sweeney,248.0
2025,Austin Stogner,TE,,628.0,,austin stogner,249.0
2025,James White,RB,,628.0,,james white,286.0
2025,Elijah Higgins,TE,ARI,628.1,,elijah higgins,250.0
2025,Julius Chestnut,RB,TEN,628.1,,julius chestnut,287.0
2025,Ian Book,QB,,628.3,,ian book,104.0
2025,John Stephens,TE,,628.3,,john stephens,251.0
2025,David Durden,WR,,628.5,,david durden,531.0
2025,Collin Hill,QB,,629.0,,collin hill,105.0
2025,Eric Tomlinson,TE,,629.2,,eric tomlinson,252.0
2025,Kenyan Drake,RB,,629.4,,kenyan drake,288.0
2025,Trevor Wood,TE,,629.4,,trevor wood,253.0
2025,Jalen Reagor,WR,MIA,629.5,,jalen reagor,532.0
2025,Brett Gabbert,QB,,629.5,,brett gabbert,106.0
2025,Kasey Closs,WR,,629.5,,kasey closs,533.0
2025,Seth Roberts,WR,,629.5,,seth roberts,534.0
2025,Andrew Vollert,TE,,629.7,,andrew vollert,254.0
2025,Eli Wilson,TE,,629.7,,eli wilson,255.0
2025,Colby Pearson,WR,,629.8,,colby pearson,535.0
2025,Eric Saubert,TE,SEA,629.9,,eric saubert,256.0
2025,Keric Wheatfall,WR,,630.0,,keric wheatfall,536.0
2025,Equanimeous St. Brown,WR,,630.0,,equanimeous st brown,537.0
2025,T.J. Rahming,WR,,631.1,,t j rahming,538.0
2025,Cortrelle Simpson,WR,,631.2,,cortrelle simpson,539.0
2025,Mason Tipton,WR,NO,631.3,,mason tipton,540.0
2025,Ty James,WR,,631.4,,ty james,541.0
2025,Princeton Fant,TE,DAL,631.4,,princeton fant,257.0
2025,Griffin Hebert,TE,,631.5,,griffin hebert,258.0
2025,Michael Pratt,QB,,631.6,,michael pratt,107.0
2025,TD Ayo-Durojaiye,RB,,632.0,,td ayo durojaiye,289.0
2025,Quenton Bundrage,WR,,632.0,,quenton bundrage,542.0
2025,Luke Floriea,WR,CLE,632.0,,luke floriea,543.0
2025,Tre Walker,WR,,632.5,,tre walker,544.0
2025,Troymaine Pope,RB,,632.5,,troymaine pope,290.0
2025,Calvin Tyler,RB,,632.7,,calvin tyler,291.0
2025,Emmanuel Butler,WR,,632.7,,emmanuel butler,545.0
2025,Luke Benson,TE,,632.7,,luke benson,259.0
2025,Kendrick Ings,WR,,633.0,,kendrick ings,546.0
2025,Chevan Cordeiro,QB,,633.0,,chevan cordeiro,108.0
2025,J.T. Barrett,QB,,633.3,,j t barrett,109.0
2025,Jerome Cunningham,TE,,633.3,,jerome cunningham,260.0
2025,Bryant Mitchell,WR,,633.5,,bryant mitchell,547.0
2025,Jeff Smith,WR,,633.7,,jeff smith,548.0
2025,Devine Ozigbo,RB,,633.9,,devine ozigbo,292.0
2025,Antoine Wesley,WR,,633.9,,antoine wesley,549.0
2025,Jadon Haselwood,WR,,633.9,,jadon haselwood,550.0
2025,Derrick Johnson,WR,,634.0,,derrick johnson,551.0
2025,Cole Burgess,WR,PIT,634.0,,cole burgess,552.0
2025,Steven Sims,WR,,634.0,,steven sims,553.0
2025,Jake Herslow,WR,,634.0,,jake herslow,554.0
2025,Miles Boykin,WR,,634.2,,miles boykin,555.0
2025,Joshua Perkins,TE,NYJ,634.2,,joshua perkins,261.0
2025,DeSean Jackson,WR,,634.4,,desean jackson,556.0
2025,Kody Case,WR,,634.4,,kody case,557.0
2025,Trey Ragas,RB,,634.6,,trey ragas,293.0
2025,Neil Pau'u,WR,,634.6,,neil pau u,558.0
2025,KeVonn Mabon,WR,,634.7,,kevonn mabon,559.0
2025,Blake Watson,RB,,634.8,,blake watson,294.0
2025,Taj McGowan,RB,,634.9,,taj mcgowan,295.0
2025,Jon Hilliman,RB,,635.0,,jon hilliman,296.0
2025,Omar Bayless,WR,,635.1,,omar bayless,560.0
2025,Hajj-Malik Williams,QB,,635.2,,hajj malik williams,110.0
2025,Dorian Thompson-Robinson,QB,,635.2,,dorian thompson robinson,111.0
2025,Victor Bolden,WR,,635.2,,victor bolden,561.0
2025,Jesse James,TE,,635.3,,jesse james,262.0
2025,Quincy Skinner,WR,NYJ,635.4,,quincy skinner,562.0
2025,Jashaun Corbin,RB,,635.4,,jashaun corbin,297.0
2025,Leon Johnson,WR,,635.5,,leon johnson,563.0
2025,Lynn Bowden,WR,,635.5,,lynn bowden,564.0
2025,D.J. Williams,RB,,635.6,,d j williams,298.0
2025,Gary Jennings,WR,,635.8,,gary jennings,565.0
2025,Virgil Green,TE,,635.9,,virgil green,263.0
2025,C.J. Anderson,RB,,636.5,,c j anderson,299.0
2025,Karel Hamilton,WR,,636.5,,karel hamilton,566.0
2025,Peter Pujals,QB,,636.7,,peter pujals,112.0
2025,Jesse Matthews,WR,,636.7,,jesse matthews,567.0
2025,Quez Watkins,WR,PHI,636.8,,quez watkins,568.0
2025,Travis Vokolek,TE,ARI,636.8,,travis vokolek,264.0
2025,Jimmy Graham,TE,,636.8,,jimmy graham,265.0
2025,Mark Ingram,RB,,636.9,,mark ingram,300.0
2025,Brennan Presley,WR,LAR,636.9,,brennan presley,569.0
2025,Chad Hansen,WR,,637.0,,chad hansen,570.0
2025,Camerun Peoples,RB,,637.0,,camerun peoples,301.0
2025,Paul Browning,WR,,637.0,,paul browning,571.0
2025,Jarveon Howard,RB,,637.0,,jarveon howard,302.0
2025,Miller Forristall,TE,,637.0,,miller forristall,266.0
2025,Chase Daniel,QB,,637.0,,chase daniel,113.0
2025,Terrell Newby,RB,,637.7,,terrell newby,303.0
2025,Tulu Griffin,WR,,638.0,,tulu griffin,572.0
2025,Holton Ahlers,QB,,638.0,,holton ahlers,114.0
2025,Nigel King,WR,,638.0,,nigel king,573.0
2025,Chad Beebe,WR,,638.1,,chad beebe,574.0
2025,Jack Plummer,QB,,638.1,,jack plummer,115.0
2025,Cameron Brate,TE,,638.2,,cameron brate,267.0
2025,Jibri Blount,TE,,638.2,,jibri blount,268.0
2025,Tyler Bray,QB,,638.3,,tyler bray,116.0
2025,John Hightower,WR,,638.3,,john hightower,575.0
2025,Ulysses Bentley,RB,IND,638.4,,ulysses bentley,304.0
2025,Devin Carter,WR,,638.4,,devin carter,576.0
2025,Juwan Green,WR,,638.5,,juwan green,577.0
2025,Toriano Clinton,RB,,638.5,,toriano clinton,305.0
2025,Trey Lance,QB,LAC,638.6,,trey lance,117.0
2025,Sammy Watkins,WR,,638.6,,sammy watkins,578.0
2025,Travell Harris,WR,,638.7,,travell harris,579.0
2025,Charleston Rambo,WR,,638.7,,charleston rambo,580.0
2025,Bronson Kaufusi,TE,GB,638.8,,bronson kaufusi,269.0
2025,Matt Schaub,QB,,638.9,,matt schaub,118.0
2025,Harvey Binford,WR,,639.0,,harvey binford,581.0
2025,Jalen Virgil,WR,,639.0,,jalen virgil,582.0
2025,Francis Owusu,WR,,639.3,,francis owusu,583.0
2025,Nick Fitzgerald,QB,,639.3,,nick fitzgerald,119.0
2025,Eli Jenkins,QB,,639.4,,eli jenkins,120.0
2025,Beau Corrales,WR,,639.5,,beau corrales,584.0
2025,Taylor Gabriel,WR,,639.5,,taylor gabriel,585.0
2025,Jeremy Sprinkle,TE,,639.5,,jeremy sprinkle,270.0
2025,Reid Sinnett,QB,,639.5,,reid sinnett,121.0
2025,Tommy DeVito,QB,NE,639.6,,tommy devito,122.0
2025,Slade Bolden,WR,,640.2,,slade bolden,586.0
2025,Kisean Johnson,WR,,640.3,,kisean johnson,587.0
2025,Emmanuel Sanders,WR,,640.5,,emmanuel sanders,588.0
2025,Devin Culp,TE,TB,640.5,,devin culp,271.0
2025,Cole Kelley,QB,,640.6,,cole kelley,123.0
2025,Latreal Jones,WR,,640.6,,latreal jones,589.0
2025,Jermaine Jackson,WR,,640.7,,jermaine jackson,590.0
2025,Tyler Scott,WR,LAR,640.8,,tyler scott,591.0
2025,Kye Robichaux,RB,DET,640.9,,kye robichaux,306.0
2025,Erik Ezukanma,WR,PHI,641.0,,erik ezukanma,592.0
2025,Brandon Allen,QB,NYG,641.0,,brandon allen,124.0
2025,Matt LaCosse,TE,NE,641.0,,matt lacosse,272.0
2025,Jontre Kirklin,WR,,641.0,,jontre kirklin,593.0
2025,Carson Meier,TE,,641.0,,carson meier,273.0
2025,Drew Plitt,QB,,641.0,,drew plitt,125.0
2025,Rashod Owens,WR,,641.2,,rashod owens,594.0
2025,Travis Benjamin,WR,,641.2,,travis benjamin,595.0
2025,Javon Wims,WR,,641.3,,javon wims,596.0
2025,Emanuel Hall,WR,,641.3,,emanuel hall,597.0
2025,Bug Howard,TE,,641.5,,bug howard,274.0
2025,Larry Rose,RB,,641.5,,larry rose,307.0
2025,Jaquarii Roberson,WR,,641.7,,jaquarii roberson,598.0
2025,AJ Henning,WR,MIA,641.8,,aj henning,599.0
2025,Alshon Jeffery,WR,,641.8,,alshon jeffery,600.0
2025,Giles Jackson,WR,,641.8,,giles jackson,601.0
2025,Michael Dyer,RB,,641.9,,michael dyer,308.0
2025,Jack Sorenson,WR,,641.9,,jack sorenson,602.0
2025,Canaan Severin,WR,,642.0,,canaan severin,603.0
2025,Daryl Virgies,RB,,642.0,,daryl virgies,309.0
2025,Nick Vannett,TE,SEA,642.0,,nick vannett,275.0
2025,Austin Allen,QB,,642.2,,austin allen,126.0
2025,Trevontae Hights,WR,,642.4,,trevontae hights,604.0
2025,Tyrone Broden,WR,,642.5,,tyrone broden,605.0
2025,Justin Tukes,TE,,642.7,,justin tukes,276.0
2025,Jeremy Moussa,QB,,642.8,,jeremy moussa,127.0
2025,Anthony Landphere,TE,,642.8,,anthony landphere,277.0
2025,C.J. Duncan,WR,,643.2,,c j duncan,606.0
2025,Qualan Jones,RB,,643.2,,qualan jones,310.0
2025,Terrell Jennings,RB,NE,643.4,,terrell jennings,311.0
2025,Mason Kinsey,WR,TEN,643.5,,mason kinsey,607.0
2025,Keith Kirkwood,WR,,643.6,,keith kirkwood,608.0
2025,Aidan Robbins,RB,,643.7,,aidan robbins,312.0
2025,Samson Nacua,WR,,643.8,,samson nacua,609.0
2025,Darius Prince,WR,,643.8,,darius prince,610.0
2025,Dylan Drummond,WR,ATL,643.9,,dylan drummond,611.0
2025,Tyler Badie,RB,DEN,644.0,,tyler badie,313.0
2025,Johnathan Lloyd,WR,,644.0,,johnathan lloyd,612.0
2025,Chad Williams,WR,,644.0,,chad williams,613.0
2025,Emeka Emezie,WR,,644.3,,emeka emezie,614.0
2025,Kyrese Rowan,WR,,644.4,,kyrese rowan,615.0
2025,Jordan Leggett,TE,,644.5,,jordan leggett,278.0
2025,Lee Smith,TE,ATL,644.7,,lee smith,279.0
2025,Braxton Westfield,WR,,645.0,,braxton westfield,616.0
2025,Pharoh Cooper,WR,,645.0,,pharoh cooper,617.0
2025,Dorian Singer,WR,,645.0,,dorian singer,618.0
2025,Royce Freeman,RB,,645.2,,royce freeman,314.0
2025,Akrum Wadley,RB,,645.3,,akrum wadley,315.0
2025,Scooter Harrington,TE,,645.4,,scooter harrington,280.0
2025,Jordan Scarlett,RB,MIA,645.5,,jordan scarlett,316.0
2025,Matt Breida,RB,,645.5,,matt breida,317.0
2025,Stanley Berryhill,WR,,645.8,,stanley berryhill,619.0
2025,Elijah Holyfield,RB,,645.9,,elijah holyfield,318.0
2025,Jordan Reed,TE,,646.0,,jordan reed,281.0
2025,Logan Kilgore,QB,,646.0,,logan kilgore,128.0
2025,Josh Magee,WR,,646.0,,josh magee,620.0
2025,Rodney Smith,RB,,646.3,,rodney smith,319.0
2025,Ben Skowronek,WR,PIT,646.5,,ben skowronek,621.0
2025,Shaquan Davis,WR,,646.5,,shaquan davis,622.0
2025,Wilton Speight,QB,,646.5,,wilton speight,129.0
2025,Jake Luton,QB,,646.6,,jake luton,130.0
2025,Noah Gindorff,TE,,646.7,,noah gindorff,282.0
2025,Casey Bauman,QB,,646.9,,casey bauman,131.0
2025,Nelson Agholor,WR,,646.9,,nelson agholor,623.0
2025,Redd Douglas,WR,,647.0,,redd douglas,624.0
2025,Travis Homer,RB,PIT,647.0,,travis homer,320.0
2025,Drew Ogletree,TE,IND,647.0,,drew ogletree,283.0
2025,Amar Johnson,RB,LAC,647.1,,amar johnson,321.0
2025,Dez Bryant,WR,,647.2,,dez bryant,625.0
2025,James Morgan,QB,,647.2,,james morgan,132.0
2025,Harrison Bryant,TE,,647.3,,harrison bryant,284.0
2025,British Brooks,RB,HOU,647.5,,british brooks,322.0
2025,Brandon Barnes,TE,,647.5,,brandon barnes,285.0
2025,Gannon Sinclair,TE,,647.7,,gannon sinclair,286.0
2025,Thomas Greaney,TE,,647.8,,thomas greaney,287.0
2025,Josh Woodrum,QB,,647.9,,josh woodrum,133.0
2025,Kenji Bahar,QB,,648.0,,kenji bahar,134.0
2025,Alfonzo Graham,RB,,648.0,,alfonzo graham,323.0
2025,Cam Johnson,WR,,648.0,,cam johnson,626.0
2025,Zach Mathis,WR,,648.0,,zach mathis,627.0
2025,Ethan Wolf,TE,,648.0,,ethan wolf,288.0
2025,Valdez Showers,WR,,648.2,,valdez showers,628.0
2025,Stephen Baggett,TE,,648.2,,stephen baggett,289.0
2025,Christian Powell,RB,,648.3,,christian powell,324.0
2025,Malik Knowles,WR,,648.5,,malik knowles,629.0
2025,Marcus Rosemy-Jacksaint,WR,,648.6,,marcus rosemy jacksaint,630.0
2025,Josh Bist,TE,,649.0,,josh bist,290.0
2025,Kevin Hogan,QB,,649.2,,kevin hogan,135.0
2025,Robert Lewis,WR,,649.3,,robert lewis,631.0
2025,Josh Vann,WR,,649.3,,josh vann,632.0
2025,Jeff Wilson,RB,,649.3,,jeff wilson,325.0
2025,Jordan Waters,RB,LAR,649.4,,jordan waters,326.0
2025,Rysen John,TE,,649.5,,rysen john,291.0
2025,Isiah Ferguson,WR,,649.6,,isiah ferguson,633.0
2025,Trace McSorley,QB,,649.7,,trace mcsorley,136.0
2025,Lucky Jackson,WR,DET,649.8,,lucky jackson,634.0
2025,Da'Quan Felton,WR,NYJ,649.8,,da quan felton,635.0
2025,Jeremy Cox,RB,,649.9,,jeremy cox,327.0
2025,Dennis Parks,WR,,650.0,,dennis parks,636.0
2025,Damiere Byrd,WR,,650.1,,damiere byrd,637.0
2025,Kameron Brown,WR,,650.1,,kameron brown,638.0
2025,Jordan Smallwood,WR,,650.2,,jordan smallwood,639.0
2025,Kendric Pryor,WR,CIN,650.3,,kendric pryor,640.0
2025,Dalton Sturm,QB,,650.3,,dalton sturm,137.0
2025,Sean Mannion,QB,,650.4,,sean mannion,138.0
2025,Ian Wheeler,RB,BUF,650.5,,ian wheeler,328.0
2025,Rex Burkhead,RB,,650.6,,rex burkhead,329.0
2025,Cephus Johnson,WR,,650.7,,cephus johnson,641.0
2025,Dee Eskridge,WR,,650.8,,dee eskridge,642.0
2025,Jaden Shirden,RB,,651.0,,jaden shirden,330.0
2025,Tayvion Robinson,WR,,651.0,,tayvion robinson,643.0
2025,Jalen Morton,QB,IND,651.0,,jalen morton,139.0
2025,Mac Hippenhammer,WR,,651.1,,mac hippenhammer,644.0
2025,La'Damian Webb,RB,,651.2,,la damian webb,331.0
2025,Cameron Batson,WR,,651.5,,cameron batson,645.0
2025,Tim Patrick,WR,NYJ,651.5,,tim patrick,646.0
2025,Josh Hill,TE,,651.6,,josh hill,292.0
2025,Shaquelle Evans,WR,,651.9,,shaquelle evans,647.0
2025,Gary Brightwell,RB,CIN,651.9,,gary brightwell,332.0
2025,Anthony Turner,WR,,652.0,,anthony turner,648.0
2025,Aaron Bailey,QB,BAL,652.0,,aaron bailey,140.0
2025,Dontay Demus,WR,,652.0,,dontay demus,649.0
2025,Jelani Baker,WR,,652.0,,jelani baker,650.0
2025,Valentine Holmes,RB,,652.2,,valentine holmes,333.0
2025,Dakereon Joyner,WR,,652.2,,dakereon joyner,651.0
2025,KeAndre Lambert-Smith,WR,LAC,652.3,,keandre lambert smith,652.0
2025,Kevin Marks,RB,,652.5,,kevin marks,334.0
2025,Treyton Welch,TE,NO,652.5,,treyton welch,293.0
2025,Durham Smythe,TE,BAL,652.5,,durham smythe,294.0
2025,Qadir Ismail,WR,CHI,652.5,,qadir ismail,653.0
2025,Jared Smart,WR,,652.6,,jared smart,654.0
2025,Trent Steelman,WR,,652.6,,trent steelman,655.0
2025,Marlon Mack,RB,,652.7,,marlon mack,335.0
2025,Patrick Herbert,TE,JAX,652.8,,patrick herbert,295.0
2025,Master Teague,RB,,653.0,,master teague,336.0
2025,Malachi Carter,WR,,653.0,,malachi carter,656.0
2025,Jordan Mims,RB,MIN,653.0,,jordan mims,337.0
2025,Justin Marshall,WR,,653.0,,justin marshall,657.0
2025,Trey Palmer,WR,NO,653.0,,trey palmer,658.0
2025,Jalin Conyers,TE,,653.1,,jalin conyers,296.0
2025,Kyle Sheets,WR,,653.1,,kyle sheets,659.0
2025,David White,WR,,653.2,,david white,660.0
2025,Brian Herrien,RB,,653.2,,brian herrien,338.0
2025,C.J. Uzomah,TE,,653.3,,c j uzomah,297.0
2025,Derek Carr,QB,,653.4,,derek carr,141.0
2025,Joaquin Davis,WR,PIT,653.5,,joaquin davis,661.0
2025,Jack Doyle,TE,IND,653.5,,jack doyle,298.0
2025,Cody Fajardo,QB,,653.5,,cody fajardo,142.0
2025,Jay Ajayi,RB,,653.5,,jay ajayi,339.0
2025,Wayne Gallman,RB,,653.7,,wayne gallman,340.0
2025,Ify Umodu,WR,,653.8,,ify umodu,662.0
2025,Shelton Gibson,WR,,653.8,,shelton gibson,663.0
2025,Shane Carden,QB,,653.8,,shane carden,143.0
2025,Kaylon Geiger,WR,,653.9,,kaylon geiger,664.0
2025,Nyheim Miller-Hines,RB,,654.0,,nyheim miller hines,341.0
2025,Dallin Holker,TE,,654.0,,dallin holker,299.0
2025,Josh Caldwell,RB,,654.0,,josh caldwell,342.0
2025,Craig Reynolds,RB,,654.0,,craig reynolds,343.0
2025,Adrian Killins,RB,DEN,654.0,,adrian killins,344.0
2025,Jaydon Mickens,WR,,654.0,,jaydon mickens,665.0
2025,Tommylee Lewis,WR,,654.3,,tommylee lewis,666.0
2025,Logan Thomas,TE,,654.4,,logan thomas,300.0
2025,Jordan Ellis,RB,,654.4,,jordan ellis,345.0
2025,Ryan Yurachek,TE,,654.5,,ryan yurachek,301.0
2025,DJ Chark,WR,,654.5,,dj chark,667.0
2025,David Fales,QB,,654.5,,david fales,144.0
2025,Hunter Long,TE,JAX,654.5,,hunter long,302.0
2025,Easton Stick,QB,IND,654.8,,easton stick,145.0
2025,Zach D'Orazio,WR,,654.9,,zach d orazio,668.0
2025,Shae Wyatt,WR,,655.0,,shae wyatt,669.0
2025,Rodney Adams,WR,,655.0,,rodney adams,670.0
2025,Darion Clark,TE,,655.0,,darion clark,303.0
2025,Brett Rypien,QB,,655.0,,brett rypien,146.0
2025,Nolan Givan,TE,,655.2,,nolan givan,304.0
2025,Trent Pennix,TE,,655.3,,trent pennix,305.0
2025,Kalija Lipscomb,WR,,655.4,,kalija lipscomb,671.0
2025,Devin Phelps,WR,,655.4,,devin phelps,672.0
2025,Dalen Cambre,WR,NYG,655.5,,dalen cambre,673.0
2025,Phillip Brooks,WR,,655.5,,phillip brooks,674.0
2025,Javorius Allen,RB,,655.5,,javorius allen,346.0
2025,Christian Wade,RB,,655.5,,christian wade,347.0
2025,Jacob Hollister,TE,,655.7,,jacob hollister,306.0
2025,Chris Moore,WR,BAL,655.8,,chris moore,675.0
2025,Brevyn Spann-Ford,TE,DAL,655.8,,brevyn spann ford,307.0
2025,Casey Washington,WR,CAR,656.0,,casey washington,676.0
2025,Dominic Lovett,WR,DET,656.0,,dominic lovett,677.0
2025,John Rhys Plumlee,QB,,656.0,,john rhys plumlee,147.0
2025,Jase McClellan,RB,,656.0,,jase mcclellan,348.0
2025,DeAndre Washington,RB,,656.0,,deandre washington,349.0
2025,J.D. McKissic,RB,,656.0,,j d mckissic,350.0
2025,Trent Sherfield,WR,BUF,656.0,,trent sherfield,678.0
2025,Lawrence Keys,WR,DET,656.2,,lawrence keys,679.0
2025,Cody Kessler,QB,,656.3,,cody kessler,148.0
2025,Damion Willis,WR,,656.5,,damion willis,680.0
2025,O.J. Howard,TE,,656.5,,o j howard,308.0
2025,Cornell Powell,WR,,656.5,,cornell powell,681.0
2025,Jabari Small,RB,DET,656.5,,jabari small,351.0
2025,Anthony Ratliff-Williams,WR,,656.6,,anthony ratliff williams,682.0
2025,Mike White,QB,,656.7,,mike white,149.0
2025,Isaiah Williams,WR,NYJ,656.8,,isaiah williams,683.0
2025,Nate Stanley,QB,,656.8,,nate stanley,150.0
2025,Sean Tucker,RB,TB,656.9,,sean tucker,352.0
2025,Jamaal Pritchett,WR,NYJ,656.9,,jamaal pritchett,684.0
2025,Marcus Major,RB,,657.0,,marcus major,353.0
2025,Clayton Thorson,QB,NYG,657.0,,clayton thorson,151.0
2025,Josh Adams,RB,,657.0,,josh adams,354.0
2025,Cheyenne O'Grady,TE,,657.0,,cheyenne o grady,309.0
2025,Zamir White,RB,,657.2,,zamir white,355.0
2025,Sy Barnett,WR,,657.3,,sy barnett,685.0
2025,Konata Mumpfield,WR,LAR,657.3,,konata mumpfield,686.0
2025,Dillon Stoner,WR,,657.4,,dillon stoner,687.0
2025,Charlie Woerner,TE,ATL,657.5,,charlie woerner,310.0
2025,Trey Quinn,WR,,657.6,,trey quinn,688.0
2025,Spencer Sanders,QB,,657.6,,spencer sanders,152.0
2025,Connor Wedington,WR,,657.8,,connor wedington,689.0
2025,Riley Neal,QB,,657.9,,riley neal,153.0
2025,Taylor Sloat,TE,,657.9,,taylor sloat,311.0
2025,Ryan Tannehill,QB,,658.0,,ryan tannehill,154.0
2025,Connor Heyward,TE,LV,658.0,,connor heyward,312.0
2025,Kurt Benkert,QB,,658.0,,kurt benkert,155.0
2025,Daniel George,WR,,658.0,,daniel george,690.0
2025,Gus Johnson,RB,,658.0,,gus johnson,356.0
2025,Chase Allen,TE,,658.0,,chase allen,313.0
2025,Jordan Murray,TE,,658.0,,jordan murray,314.0
2025,Marcus Tucker,WR,,658.0,,marcus tucker,691.0
2025,Devin Asiasi,TE,,658.0,,devin asiasi,315.0
2025,Chris Collier,RB,LV,658.0,,chris collier,357.0
2025,Jeff Heuerman,TE,,658.0,,jeff heuerman,316.0
2025,Blake Bell,TE,,658.3,,blake bell,317.0
2025,Elijhah Badger,WR,,658.3,,elijhah badger,692.0
2025,Tony Creecy,RB,,658.4,,tony creecy,358.0
2025,Mac Dalena,WR,BUF,658.5,,mac dalena,693.0
2025,Rashaad Penny,RB,,658.5,,rashaad penny,359.0
2025,Justin Hall,WR,,658.5,,justin hall,694.0
2025,Tanner McKee,QB,PHI,658.6,,tanner mckee,156.0
2025,Greg Ward,WR,,658.7,,greg ward,695.0
2025,Talolo Limi-Jones,WR,,658.7,,talolo limi jones,696.0
2025,Troy Hairston,RB,,658.8,,troy hairston,360.0
2025,Tanner Knue,WR,,659.0,,tanner knue,697.0
2025,Marcus Johnson,WR,,659.0,,marcus johnson,698.0
2025,Rodney Anderson,RB,,659.0,,rodney anderson,361.0
2025,Jeremy McNichols,RB,WAS,659.0,,jeremy mcnichols,362.0
2025,Johnny King,WR,,659.0,,johnny king,699.0
2025,TaMerik Williams,RB,,659.0,,tamerik williams,363.0
2025,Rashard Higgins,WR,,659.0,,rashard higgins,700.0
2025,Emory Jones,QB,,659.2,,emory jones,157.0
2025,Demetrius Harris,TE,,659.3,,demetrius harris,318.0
2025,Xavier Weaver,WR,ARI,659.3,,xavier weaver,701.0
2025,Owen Wright,RB,,659.3,,owen wright,364.0
2025,Kawaan Baker,WR,,659.5,,kawaan baker,702.0
2025,Skylar Thompson,QB,BAL,659.5,,skylar thompson,158.0
2025,Mitch Mathews,WR,,659.6,,mitch mathews,703.0
2025,Ventell Bryant,WR,,659.6,,ventell bryant,704.0
2025,Tevin Coleman,RB,,659.7,,tevin coleman,365.0
2025,Tanner Morgan,QB,,659.7,,tanner morgan,159.0
2025,Bra'Lon Cherry,WR,,659.9,,bra lon cherry,705.0
2025,Benny LeMay,RB,CLE,659.9,,benny lemay,366.0
2025,Evan Berry,WR,,660.0,,evan berry,706.0
2025,Darius Jennings,WR,,660.0,,darius jennings,707.0
2025,Corey Crooms,WR,,660.0,,corey crooms,708.0
2025,Nick Tiano,QB,,660.0,,nick tiano,160.0
2025,Derel Walker,WR,,660.0,,derel walker,709.0
2025,Taylor Elgersma,QB,,660.0,,taylor elgersma,161.0
2025,Spencer Ware,RB,,660.0,,spencer ware,367.0
2025,Adrian Peterson,RB,,660.1,,adrian peterson,368.0
2025,J.J. Nelson,WR,,660.1,,j j nelson,710.0
2025,Jake Heaps,QB,,660.2,,jake heaps,162.0
2025,Oscar Cardenas,TE,,660.2,,oscar cardenas,319.0
2025,James Butler,RB,,660.2,,james butler,369.0
2025,Wendell Smallwood,RB,WAS,660.5,,wendell smallwood,370.0
2025,Devlin Hodges,QB,,660.7,,devlin hodges,163.0
2025,Jaeden Graham,TE,,660.8,,jaeden graham,320.0
2025,Michael Rector,WR,,660.8,,michael rector,711.0
2025,Jarius Wright,WR,,661.0,,jarius wright,712.0
2025,Jake Briningstool,TE,KC,661.1,,jake briningstool,321.0
2025,Chad Kelly,QB,,661.2,,chad kelly,164.0
2025,Ricky White,WR,SEA,661.2,,ricky white,713.0
2025,Nick Foles,QB,,661.3,,nick foles,165.0
2025,Zay Malone,WR,,661.3,,zay malone,714.0
2025,Montrell Washington,WR,,661.3,,montrell washington,715.0
2025,Caleb Lohner,TE,DEN,661.3,,caleb lohner,322.0
2025,Moochie Dixon,WR,,661.4,,moochie dixon,716.0
2025,Brady Cook,QB,NYJ,661.5,,brady cook,166.0
2025,Jason Vander Laan,TE,,661.6,,jason vander laan,323.0
2025,Joseph Parker,WR,,661.8,,joseph parker,717.0
2025,Quentin Skinner,WR,BUF,661.8,,quentin skinner,718.0
2025,Melvin Gordon,RB,,661.8,,melvin gordon,371.0
2025,KJ Hill,WR,LAC,661.9,,kj hill,719.0
2025,Chase Garbers,QB,,662.0,,chase garbers,167.0
2025,Nick Keizer,TE,,662.0,,nick keizer,324.0
2025,Frank Darby,WR,,662.0,,frank darby,720.0
2025,Parker Houston,TE,,662.0,,parker houston,325.0
2025,Myles Price,WR,MIN,662.0,,myles price,721.0
2025,Thomas Yassmin,TE,GB,662.0,,thomas yassmin,326.0
2025,Milton Wright,WR,,662.3,,milton wright,722.0
2025,Adonis Jennings,WR,,662.3,,adonis jennings,723.0
2025,Bud Sasser,WR,,662.3,,bud sasser,724.0
2025,Colt McCoy,QB,,662.4,,colt mccoy,168.0
2025,Kolby Listenbee,WR,,662.4,,kolby listenbee,725.0
2025,John Copenhaver,TE,,662.5,,john copenhaver,327.0
2025,Jake Waters,QB,,662.5,,jake waters,169.0
2025,DeMichael Harris,WR,,662.6,,demichael harris,726.0
2025,Josh Gordon,WR,,662.7,,josh gordon,727.0
2025,JoJo Ward,WR,,662.7,,jojo ward,728.0
2025,Jaret Patterson,RB,LAC,662.7,,jaret patterson,372.0
2025,Rushel Shell,RB,,662.8,,rushel shell,373.0
2025,Phazahn Odom,TE,,662.8,,phazahn odom,328.0
2025,Bisi Johnson,WR,,662.9,,bisi johnson,729.0
2025,Tim Wilson,WR,,662.9,,tim wilson,730.0
2025,Scotty Washington,WR,,663.0,,scotty washington,731.0
2025,Kris Leach,TE,,663.0,,kris leach,329.0
2025,Kevin Foelsch,TE,,663.0,,kevin foelsch,330.0
2025,Brittain Brown,RB,CHI,663.0,,brittain brown,374.0
2025,Kylen Granson,TE,TEN,663.0,,kylen granson,331.0
2025,Roderick Daniels,WR,,663.0,,roderick daniels,732.0
2025,Gee Scott,TE,NYJ,663.0,,gee scott,332.0
2025,Cody Core,WR,,663.2,,cody core,733.0
2025,Collin Schlee,QB,,663.2,,collin schlee,170.0
2025,Jacardia Wright,RB,SEA,663.3,,jacardia wright,375.0
2025,Pig Howard,WR,,663.3,,pig howard,734.0
2025,Jamari Staples,WR,,663.4,,jamari staples,735.0
2025,Jeff Driskel,QB,,663.5,,jeff driskel,171.0
2025,Johnny Lumpkin,TE,,663.5,,johnny lumpkin,333.0
2025,John Mitchell,TE,,663.5,,john mitchell,334.0
2025,Jimmy Williams,WR,,663.5,,jimmy williams,736.0
2025,Keshunn Abram,WR,,663.5,,keshunn abram,737.0
2025,Kyle Markway,TE,,663.5,,kyle markway,335.0
2025,Luke Farrell,TE,SF,663.6,,luke farrell,336.0
2025,Hunter Dekkers,QB,NO,663.7,,hunter dekkers,172.0
2025,Chase Claypool,WR,,663.7,,chase claypool,738.0
2025,Nathaniel Peat,RB,,663.9,,nathaniel peat,376.0
2025,Jaron Brown,WR,,664.0,,jaron brown,739.0
2025,Peewee Jarrett,QB,,664.0,,peewee jarrett,173.0
2025,Landon Parker,WR,,664.0,,landon parker,740.0
2025,Tommy Tremble,TE,CAR,664.0,,tommy tremble,337.0
2025,Tyler Hoosman,RB,,664.0,,tyler hoosman,377.0
2025,Pokey Wilson,WR,,664.2,,pokey wilson,741.0
2025,Khalfani Muhammad,RB,,664.3,,khalfani muhammad,378.0
2025,Jacoby Jones,WR,WAS,664.3,,jacoby jones,742.0
2025,Vernon Johnson,WR,,664.3,,vernon johnson,743.0
2025,Alexander Hollins,WR,,664.3,,alexander hollins,744.0
2025,Kenny Lawler,WR,,664.5,,kenny lawler,745.0
2025,Darius Victor,RB,,664.5,,darius victor,379.0
2025,Drew Sample,TE,CIN,664.5,,drew sample,338.0
2025,Collin Johnson,WR,,664.5,,collin johnson,746.0
2025,Jordan Moore,WR,CIN,664.5,,jordan moore,747.0
2025,Noel Thomas,WR,,664.5,,noel thomas,748.0
2025,Jeff Foreman,WR,,664.5,,jeff foreman,749.0
2025,Josh Crockett,WR,,664.5,,josh crockett,750.0
2025,Robert Turbin,RB,,664.6,,robert turbin,380.0
2025,Nay'Quan Wright,RB,,664.9,,nay quan wright,381.0
2025,Ramel Keyton,WR,,665.0,,ramel keyton,751.0
2025,Toa Taua,RB,,665.0,,toa taua,382.0
2025,LeVante Bellamy,RB,,665.0,,levante bellamy,383.0
2025,T.Y. Hilton,WR,,665.0,,t y hilton,752.0
2025,Olamide Zaccheaus,WR,ATL,665.1,,olamide zaccheaus,753.0
2025,Zakhari Franklin,WR,,665.1,,zakhari franklin,754.0
2025,Kalen Ballage,RB,,665.3,,kalen ballage,384.0
2025,Baylor Cupp,TE,,665.3,,baylor cupp,339.0
2025,Jalen Richard,RB,LV,665.3,,jalen richard,385.0
2025,Hunter Thedford,TE,,665.3,,hunter thedford,340.0
2025,Stetson Bennett,QB,LAR,665.3,,stetson bennett,174.0
2025,Jakeem Grant,WR,,665.4,,jakeem grant,755.0
2025,L.J. Scott,RB,,665.5,,l j scott,386.0
2025,Deven Thompkins,WR,LV,665.5,,deven thompkins,756.0
2025,Ty Fryfogle,WR,,665.5,,ty fryfogle,757.0
2025,Shay Fields,WR,,665.5,,shay fields,758.0
2025,Javess Blue,WR,,665.6,,javess blue,759.0
2025,Penny Hart,WR,,665.7,,penny hart,760.0
2025,Cameron Clear,TE,,665.8,,cameron clear,341.0
2025,Bryson Green,WR,ARI,665.8,,bryson green,761.0
2025,Tony Jones,RB,,665.8,,tony jones,387.0
2025,CJ Marable,RB,,665.9,,cj marable,388.0
2025,Garrett Greene,QB,TB,665.9,,garrett greene,175.0
2025,Jordan Williams-Lambert,WR,,665.9,,jordan williams lambert,762.0
2025,Graham Mertz,QB,HOU,666.0,,graham mertz,176.0
2025,David Martin-Robinson,TE,TEN,666.0,,david martin robinson,342.0
2025,Lawrance Toafili,RB,,666.0,,lawrance toafili,389.0
2025,DeShone Kizer,QB,,666.0,,deshone kizer,177.0
2025,Duece Watts,WR,,666.0,,duece watts,763.0
2025,Bryce Perkins,QB,,666.0,,bryce perkins,178.0
2025,Adrian Martinez,QB,SF,666.0,,adrian martinez,179.0
2025,Robert Griffin,QB,,666.1,,robert griffin,180.0
2025,Anthony Torres,TE,,666.2,,anthony torres,343.0
2025,Jaylin Lane,WR,WAS,666.3,,jaylin lane,764.0
2025,Eric Gray,RB,NYG,666.3,,eric gray,390.0
2025,Desmond Ridder,QB,,666.5,,desmond ridder,181.0
2025,Ainias Smith,WR,CAR,666.6,,ainias smith,765.0
2025,Aron Cruickshank,WR,,666.6,,aron cruickshank,766.0
2025,Chris Thompson,RB,,666.7,,chris thompson,391.0
2025,Kenny Bell,WR,,667.0,,kenny bell,767.0
2025,Brandon Smith,WR,PIT,667.0,,brandon smith,768.0
2025,Brandon Bolden,RB,,667.0,,brandon bolden,392.0
2025,Andrew Beck,RB,NYJ,667.0,,andrew beck,393.0
2025,Traeshon Holden,WR,DAL,667.0,,traeshon holden,769.0
2025,Lance Kendricks,TE,,667.0,,lance kendricks,344.0
2025,Josh Williams,RB,TB,667.2,,josh williams,394.0
2025,Anthony Gordon,QB,,667.2,,anthony gordon,182.0
2025,Michael Miller,TE,,667.3,,michael miller,345.0
2025,James Gilbert,RB,,667.5,,james gilbert,395.0
2025,Jaelon Acklin,WR,,667.5,,jaelon acklin,770.0
2025,Kevin Kassis,WR,,667.5,,kevin kassis,771.0
2025,Spencer Brown,RB,,667.5,,spencer brown,396.0
2025,Scotty Miller,WR,CHI,667.5,,scotty miller,772.0
2025,C.J. Beathard,QB,,667.6,,c j beathard,183.0
2025,Philip Rivers,QB,,667.7,,philip rivers,184.0
2025,Paul Quessenberry,TE,,667.8,,paul quessenberry,346.0
2025,Jalen Brooks,WR,ARI,667.9,,jalen brooks,773.0
2025,Mario Williams,WR,LAR,667.9,,mario williams,774.0
2025,Will Grier,QB,,668.0,,will grier,185.0
2025,Andrew Parchment,WR,,668.0,,andrew parchment,775.0
2025,Tim Boyle,QB,,668.0,,tim boyle,186.0
2025,Marquez Callaway,WR,,668.0,,marquez callaway,776.0
2025,AJ McCarron,QB,,668.0,,aj mccarron,187.0
2025,Jacob Eason,QB,,668.0,,jacob eason,188.0
2025,Brogan Roback,QB,,668.2,,brogan roback,189.0
2025,Luke Grimm,WR,LAC,668.4,,luke grimm,777.0
2025,Dedrick Mills,RB,,668.5,,dedrick mills,397.0
2025,Ryan Davis,WR,,668.5,,ryan davis,778.0
2025,Kyle Trask,QB,,668.5,,kyle trask,190.0
2025,Marvin Hall,WR,,668.5,,marvin hall,779.0
2025,James Mitchell,TE,CAR,668.5,,james mitchell,347.0
2025,Tyler Neville,TE,,668.5,,tyler neville,348.0
2025,Zavier Scott,RB,MIN,668.5,,zavier scott,398.0
2025,Sam Pinckney,WR,,668.6,,sam pinckney,780.0
2025,Ronnie Bell,WR,NO,668.6,,ronnie bell,781.0
2025,Luke Falk,QB,,668.6,,luke falk,191.0
2025,Josh McCown,QB,,668.6,,josh mccown,192.0
2025,Rushawn Baker,RB,,668.8,,rushawn baker,399.0
2025,Ronnie Rivers,RB,LAR,668.8,,ronnie rivers,400.0
2025,Damoun Patterson,WR,,668.8,,damoun patterson,782.0
2025,Tanner McLachlan,TE,SF,668.9,,tanner mclachlan,349.0
2025,Gabe Davis,WR,,668.9,,gabe davis,783.0
2025,Savon Scarver,WR,,669.0,,savon scarver,784.0
2025,Cole Turner,TE,MIA,669.0,,cole turner,350.0
2025,Skyler Howard,QB,SEA,669.1,,skyler howard,193.0
2025,J.J. Jones,WR,,669.1,,j j jones,785.0
2025,Cam Newton,QB,,669.1,,cam newton,194.0
2025,Gerrid Doaks,RB,,669.2,,gerrid doaks,401.0
2025,John Brown,WR,,669.3,,john brown,786.0
2025,Je'Quan Burton,WR,,669.3,,je quan burton,787.0
2025,Bryce Pierre,TE,,669.4,,bryce pierre,351.0
2025,Mason Schreck,TE,,669.5,,mason schreck,352.0
2025,Lincoln Victor,WR,,669.5,,lincoln victor,788.0
2025,Zion Bowens,WR,,669.5,,zion bowens,789.0
2025,Ben Sims,TE,MIA,669.6,,ben sims,353.0
2025,Jamison Crowder,WR,,669.6,,jamison crowder,790.0
2025,Austin Appleby,QB,,669.6,,austin appleby,195.0
2025,JJ Laap,WR,,669.8,,jj laap,791.0
2025,Alex Larson,TE,,669.8,,alex larson,354.0
2025,Mike Davis,RB,,669.8,,mike davis,402.0
2025,Geronimo Allison,WR,,670.0,,geronimo allison,792.0
2025,Dalton Keene,TE,,670.0,,dalton keene,355.0
2025,Teo Redding,WR,,670.0,,teo redding,793.0
2025,Beaux Collins,WR,NYG,670.0,,beaux collins,794.0
2025,Kahale Warring,TE,,670.0,,kahale warring,356.0
2025,Carson Strong,QB,,670.1,,carson strong,196.0
2025,Jordan Petaia,TE,,670.3,,jordan petaia,357.0
2025,Micah Wright,WR,,670.3,,micah wright,795.0
2025,Martavis Bryant,WR,,670.3,,martavis bryant,796.0
2025,James Proche,WR,,670.3,,james proche,797.0
2025,Jalen Hurd,WR,,670.3,,jalen hurd,798.0
2025,Tay Martin,WR,DET,670.3,,tay martin,799.0
2025,Danny Amendola,WR,,670.4,,danny amendola,800.0
2025,Tommy Armstrong Jr.,QB,,670.4,,tommy armstrong,197.0
2025,Xavier Johnson,WR,CIN,670.5,,xavier johnson,801.0
2025,Karan Higdon,RB,,670.5,,karan higdon,403.0
2025,Trevon Bradford,WR,,670.5,,trevon bradford,802.0
2025,Tre Stewart,RB,,670.5,,tre stewart,404.0
2025,Jonathon Brooks,RB,CAR,670.6,,jonathon brooks,405.0
2025,Tyrone Swoopes,TE,,670.6,,tyrone swoopes,358.0
2025,Max Brosmer,QB,MIN,670.7,,max brosmer,198.0
2025,Kendrick Rogers,WR,,670.8,,kendrick rogers,803.0
2025,Davis Koppenhaver,TE,,670.8,,davis koppenhaver,359.0
2025,Isaiah Wooden,WR,,670.8,,isaiah wooden,804.0
2025,Jjay Mcafee,TE,,670.9,,jjay mcafee,360.0
2025,Donovan Edwards,RB,MIA,671.0,,donovan edwards,406.0
2025,Justin Watson,WR,HOU,671.0,,justin watson,805.0
2025,Ryan Griffin,TE,,671.0,,ryan griffin,361.0
2025,Andre Lindsey,WR,,671.0,,andre lindsey,806.0
2025,Chris Autman-Bell,WR,,671.0,,chris autman bell,807.0
2025,John Hall,WR,,671.0,,john hall,808.0
2025,Shawn Bowman,TE,,671.0,,shawn bowman,362.0
2025,Damien Harris,RB,,671.1,,damien harris,407.0
2025,Blake Sims,QB,,671.1,,blake sims,199.0
2025,Tyler Ervin,RB,,671.2,,tyler ervin,408.0
2025,John Jackson,WR,,671.3,,john jackson,809.0
2025,Luis Perez,QB,,671.3,,luis perez,200.0
2025,Tahj Washington,WR,MIA,671.3,,tahj washington,810.0
2025,De'Montre Tuggle,RB,,671.3,,de montre tuggle,409.0
2025,Sam Hartman,QB,WAS,671.3,,sam hartman,201.0
2025,Deshaun Fenwick,RB,,671.4,,deshaun fenwick,410.0
2025,Evan Hull,RB,HOU,671.5,,evan hull,411.0
2025,Mark Thompson,RB,,671.5,,mark thompson,412.0
2025,Payne Durham,TE,TB,671.5,,payne durham,363.0
2025,Christian Blake,WR,,671.5,,christian blake,811.0
2025,Michael Warren,RB,DET,671.5,,michael warren,413.0
2025,Shaun Wilson,RB,,671.5,,shaun wilson,414.0
2025,Jamaal Williams,RB,,671.5,,jamaal williams,415.0
2025,River Cracraft,WR,WAS,671.5,,river cracraft,812.0
2025,Mike DiLiello,QB,,671.5,,mike diliello,202.0
2025,Aaron Shampklin,RB,,671.5,,aaron shampklin,416.0
2025,C.J. Johnson,WR,,671.6,,c j johnson,813.0
2025,Cornelius Johnson,WR,BAL,671.6,,cornelius johnson,814.0
2025,Mohamed Sanu,WR,,671.6,,mohamed sanu,815.0
2025,Damien Caffrey,TE,,671.6,,damien caffrey,364.0
2025,Maxx Williams,TE,,671.7,,maxx williams,365.0
2025,Michael Crabtree,WR,,671.8,,michael crabtree,816.0
2025,Aaron Peck,TE,,671.8,,aaron peck,366.0
2025,Keon Hatcher,WR,,671.8,,keon hatcher,817.0
2025,Daniel Rodriguez,WR,,671.8,,daniel rodriguez,818.0
2025,Reggie Bonnafon,RB,,671.9,,reggie bonnafon,417.0
2025,Travis Dye,RB,,672.0,,travis dye,418.0
2025,Anthony Sherman,RB,,672.0,,anthony sherman,419.0
2025,Jawon Chisholm,RB,,672.0,,jawon chisholm,420.0
2025,P.J. Walker,QB,,672.0,,p j walker,203.0
2025,Chris Rowland,WR,,672.0,,chris rowland,819.0
2025,Javon Baker,WR,,672.0,,javon baker,820.0
2025,Ben Wooldridge,QB,,672.9,,ben wooldridge,204.0
2025,Joshua Simon,TE,ATL,673.0,,joshua simon,367.0
2025,Nikko Remigio,WR,KC,673.0,,nikko remigio,821.0
2025,Taiwan Jones,RB,,673.0,,taiwan jones,421.0
2025,Raleigh Webb,WR,,673.0,,raleigh webb,822.0
2025,Josh Pearson,WR,,673.0,,josh pearson,823.0
2025,Kalel Mullings,RB,TEN,673.0,,kalel mullings,422.0
2025,Taylor McNamara,TE,,673.1,,taylor mcnamara,368.0
2025,Tyree Jackson,TE,,673.1,,tyree jackson,369.0
2025,DeWayne McBride,RB,,673.2,,dewayne mcbride,423.0
2025,Stephen Gosnell,WR,BUF,673.3,,stephen gosnell,824.0
2025,Velus Jones,WR,SEA,673.3,,velus jones,825.0
2025,Marcus Green,WR,,673.4,,marcus green,826.0
2025,Jeff Cotton,WR,,673.5,,jeff cotton,827.0
2025,Jalon Calhoun,WR,,673.5,,jalon calhoun,828.0
2025,Xavier Ubosi,WR,,673.7,,xavier ubosi,829.0
2025,Brenden Bates,TE,CLE,673.8,,brenden bates,370.0
2025,David Johnson,RB,,673.8,,david johnson,424.0
2025,Adam Choice,RB,,673.8,,adam choice,425.0
2025,Geordon Porter,WR,,673.8,,geordon porter,830.0
2025,Isaiah Winstead,WR,,673.8,,isaiah winstead,831.0
2025,Cade McDonald,WR,,674.0,,cade mcdonald,832.0
2025,Julian Williams,WR,,674.0,,julian williams,833.0
2025,Nate Adkins,TE,DEN,674.0,,nate adkins,371.0
2025,Lamar Atkins,WR,,674.0,,lamar atkins,834.0
2025,Jace Sternberger,TE,,674.0,,jace sternberger,372.0
2025,Tony Brown,WR,,674.1,,tony brown,835.0
2025,Mike Glennon,QB,,674.1,,mike glennon,205.0
2025,Efton Chism,WR,NE,674.4,,efton chism,836.0
2025,Patrick Laird,RB,,674.4,,patrick laird,426.0
2025,Darius Jackson,RB,,674.4,,darius jackson,427.0
2025,Camren McDonald,TE,,674.5,,camren mcdonald,373.0
2025,Brian Hoyer,QB,,674.5,,brian hoyer,206.0
2025,Kyle Rudolph,TE,,674.5,,kyle rudolph,374.0
2025,Seth Williams,WR,,674.5,,seth williams,837.0
2025,Derek Carrier,TE,,674.5,,derek carrier,375.0
2025,Tim Jones,WR,JAX,674.5,,tim jones,838.0
2025,Ben DiNucci,QB,,674.6,,ben dinucci,207.0
2025,Larry Fitzgerald,WR,,674.6,,larry fitzgerald,839.0
2025,Montrell Johnson,RB,,674.6,,montrell johnson,428.0
2025,Andre Levrone,WR,,674.7,,andre levrone,840.0
2025,Peter LeBlanc,WR,,674.7,,peter leblanc,841.0
2025,Antonio Brown,WR,,674.8,,antonio brown,842.0
2025,Giovani Bernard,RB,,674.8,,giovani bernard,429.0
2025,Landon Rice,TE,,674.8,,landon rice,376.0
2025,Xavier Guillory,WR,BAL,674.9,,xavier guillory,843.0
2025,Devin Duvernay,WR,ARI,675.0,,devin duvernay,844.0
2025,Kelvin Harmon,WR,,675.0,,kelvin harmon,845.0
2025,Quali Conley,RB,,675.0,,quali conley,430.0
2025,Taye Barber,WR,,675.0,,taye barber,846.0
2025,Josh Harper,WR,,675.0,,josh harper,847.0
2025,Brennan Eagles,WR,,675.1,,brennan eagles,848.0
2025,Nate Becker,TE,,675.1,,nate becker,377.0
2025,Kellen Mond,QB,,675.3,,kellen mond,208.0
2025,Luke Lachey,TE,GB,675.3,,luke lachey,378.0
2025,Odell Beckham,WR,NYG,675.3,,odell beckham,849.0
2025,Darren Sproles,RB,,675.5,,darren sproles,431.0
2025,Dylan Leonard,TE,,675.5,,dylan leonard,379.0
2025,Justice Shelton-Mosley,WR,,675.5,,justice shelton mosley,850.0
2025,John Jiles,WR,,675.5,,john jiles,851.0
2025,Bronson Rechsteiner,RB,,675.8,,bronson rechsteiner,432.0
2025,Sandro Platzgummer,RB,,675.8,,sandro platzgummer,433.0
2025,Reggie Gilliam,RB,NE,675.8,,reggie gilliam,434.0
2025,Ife Adeyi,WR,,675.9,,ife adeyi,852.0
2025,Ayir Asante,WR,,676.0,,ayir asante,853.0
2025,Alex Erickson,WR,,676.0,,alex erickson,854.0
2025,Stephen Louis,WR,,676.0,,stephen louis,855.0
2025,Ihmir Smith-Marsette,WR,ARI,676.0,,ihmir smith marsette,856.0
2025,Trevor Siemian,QB,,676.0,,trevor siemian,209.0
2025,Shedrick Jackson,WR,LV,676.0,,shedrick jackson,857.0
2025,Dontrelle Inman,WR,,676.1,,dontrelle inman,858.0
2025,Zaire Mitchell-Paden,TE,NO,676.1,,zaire mitchell paden,380.0
2025,Gavin Holmes,WR,,676.2,,gavin holmes,859.0
2025,Jonah Trinnaman,WR,,676.2,,jonah trinnaman,860.0
2025,Isaiah Bowser,RB,,676.3,,isaiah bowser,435.0
2025,Kyric McGowan,WR,,676.3,,kyric mcgowan,861.0
2025,Shane Watts,RB,,676.3,,shane watts,436.0
2025,Trey Potts,RB,,676.5,,trey potts,437.0
2025,Rasheed Bailey,WR,,676.5,,rasheed bailey,862.0
2025,Joel Stave,QB,,676.5,,joel stave,210.0
2025,Tucker Fisk,TE,,676.5,,tucker fisk,381.0
2025,Patrick Taylor,RB,SF,676.5,,patrick taylor,438.0
2025,Kadarius Toney,WR,,676.6,,kadarius toney,863.0
2025,Le'Veon Bell,RB,TB,676.7,,le veon bell,439.0
2025,Nathan Peterman,QB,,676.8,,nathan peterman,211.0
2025,Josh Ferguson,RB,,677.0,,josh ferguson,440.0
2025,Ito Smith,RB,DAL,677.0,,ito smith,441.0
2025,Trevor Knight,QB,,677.0,,trevor knight,212.0
2025,Ross Dwelley,TE,,677.0,,ross dwelley,382.0
2025,Michael Wiley,RB,,677.0,,michael wiley,442.0
2025,Tayon Fleet-Davis,RB,,677.0,,tayon fleet davis,443.0
2025,Ahmad Fulwood,WR,,677.0,,ahmad fulwood,864.0
2025,Jermiah Braswell,WR,,677.1,,jermiah braswell,865.0
2025,Elijah Young,RB,,677.1,,elijah young,444.0
2025,Chris Brooks,RB,GB,677.1,,chris brooks,445.0
2025,Khalan Laborn,RB,,677.2,,khalan laborn,446.0
2025,John Samuel Shenker,TE,,677.2,,john samuel shenker,383.0
2025,Cody White,WR,SEA,677.3,,cody white,866.0
2025,Justin Rigg,TE,,677.4,,justin rigg,384.0
2025,Keilan Robinson,RB,,677.4,,keilan robinson,447.0
2025,Jadakis Bonds,WR,,677.4,,jadakis bonds,867.0
2025,Jordan Franks,TE,,677.5,,jordan franks,385.0
2025,Trenton Irwin,WR,,677.5,,trenton irwin,868.0
2025,Uzoma Nwachukwu,WR,,677.5,,uzoma nwachukwu,869.0
2025,Devontae Booker,RB,,677.5,,devontae booker,448.0
2025,Chad Henne,QB,,677.6,,chad henne,213.0
2025,Moose Muhammad,WR,,677.7,,moose muhammad,870.0
2025,Reggie White,WR,,677.7,,reggie white,871.0
2025,Gerald Everett,TE,,677.8,,gerald everett,386.0
2025,Marshawn Lynch,RB,,677.8,,marshawn lynch,449.0
2025,Mecole Hardman,WR,BUF,677.8,,mecole hardman,872.0
2025,Andrew Gleichert,TE,,677.8,,andrew gleichert,387.0
2025,Colby Parkinson,TE,LAR,677.9,,colby parkinson,388.0
2025,Brandon Powell,WR,,678.0,,brandon powell,873.0
2025,Darnell Washington,TE,PIT,678.0,,darnell washington,389.0
2025,Devaughn Vele,WR,NO,678.0,,devaughn vele,874.0
2025,Zach Davidson,TE,,678.0,,zach davidson,390.0
2025,Kenny Cook,WR,,678.0,,kenny cook,875.0
2025,Ed Lee,WR,,678.0,,ed lee,876.0
2025,Jared Wayne,WR,HOU,678.0,,jared wayne,877.0
2025,Albert Wilson,WR,,678.2,,albert wilson,878.0
2025,Bo Melton,WR,GB,678.3,,bo melton,879.0
2025,Jamal Agnew,WR,,678.3,,jamal agnew,880.0
2025,Blake Whiteheart,TE,CLE,678.3,,blake whiteheart,391.0
2025,Winston Wright,WR,,678.4,,winston wright,881.0
2025,Pooka Williams,RB,,678.5,,pooka williams,450.0
2025,Jake Haener,QB,,678.5,,jake haener,214.0
2025,Roland Rivers,QB,,678.5,,roland rivers,215.0
2025,Dominique Dafney,TE,,678.5,,dominique dafney,392.0
2025,Jared Scott,TE,,678.5,,jared scott,393.0
2025,Tyler Goodson,RB,ATL,678.5,,tyler goodson,451.0
2025,Tyler Hudson,WR,,678.5,,tyler hudson,882.0
2025,Dustin Crum,QB,,678.7,,dustin crum,216.0
2025,Eric Ebron,TE,PIT,678.7,,eric ebron,394.0
2025,Sione Vaki,RB,DET,678.7,,sione vaki,452.0
2025,Nick Westbrook-Ikhine,WR,IND,678.8,,nick westbrook ikhine,883.0
2025,Tom Brady,QB,,678.8,,tom brady,217.0
2025,Taylor Morin,WR,,678.8,,taylor morin,884.0
2025,Ja'Quinden Jackson,RB,,678.9,,ja quinden jackson,453.0
2025,Malik Washington,WR,MIA,678.9,,malik washington,885.0
2025,Austin Trammell,WR,JAX,679.0,,austin trammell,886.0
2025,Sean Clifford,QB,CIN,679.0,,sean clifford,218.0
2025,Jordan Howard,RB,,679.0,,jordan howard,454.0
2025,John Bates,TE,WAS,679.0,,john bates,395.0
2025,Gio Pascascio,WR,,679.0,,gio pascascio,887.0
2025,CJ Verdell,RB,,679.0,,cj verdell,455.0
2025,Clayton Tune,QB,,679.0,,clayton tune,219.0
2025,Titus Davis,WR,,679.0,,titus davis,888.0
2025,Carson Wentz,QB,MIN,679.0,,carson wentz,220.0
2025,Nathan Carter,RB,ATL,679.0,,nathan carter,456.0
2025,Chris Hogan,WR,,679.0,,chris hogan,889.0
2025,Will Levis,QB,TEN,679.2,,will levis,221.0
2025,Charlie Jones,WR,CIN,679.2,,charlie jones,890.0
2025,Terrence Franks,RB,,679.4,,terrence franks,457.0
2025,Jake Coker,QB,,679.5,,jake coker,222.0
2025,T.J. Luther,WR,,679.5,,t j luther,891.0
2025,Moliki Matavao,TE,NO,679.5,,moliki matavao,396.0
2025,Austin Walter,RB,,679.5,,austin walter,458.0
2025,Jake Kumerow,WR,,679.5,,jake kumerow,892.0
2025,Alex Gray,TE,,679.6,,alex gray,397.0
2025,Nick Kallerup,TE,SEA,679.8,,nick kallerup,398.0
2025,Albert Okwuegbunam,TE,LV,679.8,,albert okwuegbunam,399.0
2025,Demetric Felton,RB,,679.8,,demetric felton,459.0
2025,Cole Beck,WR,,679.8,,cole beck,893.0
2025,Max Duggan,QB,,679.8,,max duggan,223.0
2025,Shi Smith,WR,,679.9,,shi smith,894.0
2025,Jamal Pettigrew,TE,,680.0,,jamal pettigrew,400.0
2025,Tom Kennedy,WR,DET,680.0,,tom kennedy,895.0
2025,Braxton Burmeister,WR,,680.0,,braxton burmeister,896.0
2025,Luke Lundy,RB,,680.0,,luke lundy,460.0
2025,Jacob Huesman,QB,,680.0,,jacob huesman,224.0
2025,Chris Streveler,QB,,680.0,,chris streveler,225.0
2025,Leonard Taylor,TE,,680.0,,leonard taylor,401.0
2025,Isaiah McKenzie,WR,,680.0,,isaiah mckenzie,897.0
2025,CJ Dippre,TE,NE,680.0,,cj dippre,402.0
2025,Benjamin Watson,TE,,680.1,,benjamin watson,403.0
2025,Javon McKinley,WR,,680.2,,javon mckinley,898.0
2025,Rico Bussey,WR,,680.3,,rico bussey,899.0
2025,Steven Stilianos,TE,,680.4,,steven stilianos,404.0
2025,Braylon Heard,RB,,680.5,,braylon heard,461.0
2025,Chris Evans,RB,,680.5,,chris evans,462.0
2025,Jalin Hyatt,WR,NYG,680.5,,jalin hyatt,900.0
2025,Teagan Quitoriano,TE,ARI,680.5,,teagan quitoriano,405.0
2025,Kyle Allen,QB,BUF,680.6,,kyle allen,226.0
2025,Jeremiah Hall,TE,,680.6,,jeremiah hall,406.0
2025,Devontae Jackson,RB,,680.6,,devontae jackson,463.0
2025,Dareke Young,WR,LV,680.8,,dareke young,901.0
2025,Lan Larison,RB,NE,680.8,,lan larison,464.0
2025,K.J. Maye,WR,,680.9,,k j maye,902.0
2025,Mike Harley,WR,,681.0,,mike harley,903.0
2025,Dres Anderson,WR,,681.0,,dres anderson,904.0
2025,Kendall Blanton,TE,,681.0,,kendall blanton,407.0
2025,Sam Howell,QB,DAL,681.0,,sam howell,227.0
2025,Tre Watson,TE,KC,681.0,,tre watson,408.0
2025,Malik Davis,RB,DAL,681.0,,malik davis,465.0
2025,Andre Patton,WR,,681.1,,andre patton,905.0
2025,C.J. Board,WR,,681.2,,c j board,906.0
2025,Henry Litwin,WR,,681.2,,henry litwin,907.0
2025,Foster Moreau,TE,HOU,681.2,,foster moreau,409.0
2025,Jalen Moreno-Cropper,WR,NO,681.3,,jalen moreno cropper,908.0
2025,Daniel Jackson,WR,,681.3,,daniel jackson,909.0
2025,Adam Zaruba,TE,,681.3,,adam zaruba,410.0
2025,Cody Thompson,WR,,681.3,,cody thompson,910.0
2025,Malachi Corley,WR,CLE,681.4,,malachi corley,911.0
2025,Jalen White,RB,,681.4,,jalen white,466.0
2025,Lachlan Pitts,TE,,681.5,,lachlan pitts,411.0
2025,Josh Oliver,TE,MIN,681.5,,josh oliver,412.0
2025,John Lovett,QB,,681.5,,john lovett,228.0
2025,Alec Holler,TE,,681.5,,alec holler,413.0
2025,Tanner Mordecai,QB,,681.6,,tanner mordecai,229.0
2025,Josh Kelly,WR,HOU,681.7,,josh kelly,912.0
2025,Parris Campbell,WR,,681.7,,parris campbell,913.0
2025,Delanie Walker,TE,,681.7,,delanie walker,414.0
2025,Carson Steele,RB,PHI,681.8,,carson steele,467.0
2025,Quincy McDuffie,WR,,681.8,,quincy mcduffie,914.0
2025,Stevo Klotz,TE,,681.8,,stevo klotz,415.0
2025,Allen Hurns,WR,MIA,682.0,,allen hurns,915.0
2025,Duke Johnson,RB,,682.0,,duke johnson,468.0
2025,Carter Bradley,QB,JAX,682.0,,carter bradley,230.0
2025,Christian Trahan,TE,,682.0,,christian trahan,416.0
2025,Titus Swen,RB,,682.0,,titus swen,469.0
2025,Trinity Benson,WR,,682.0,,trinity benson,916.0
2025,Darnell Holland,RB,,682.0,,darnell holland,470.0
2025,Jared Bernhardt,WR,,682.0,,jared bernhardt,917.0
2025,Jalen Wydermyer,TE,,682.0,,jalen wydermyer,417.0
2025,Ahmani Marshall,RB,CLE,682.0,,ahmani marshall,471.0
2025,Carson Williams,TE,,682.1,,carson williams,418.0
2025,Jimmy Garoppolo,QB,,682.1,,jimmy garoppolo,231.0
2025,Teddy Bridgewater,QB,DET,682.1,,teddy bridgewater,232.0
2025,Jalen Nailor,WR,LV,682.3,,jalen nailor,918.0
2025,Luke Stocker,TE,,682.3,,luke stocker,419.0
2025,Brock Wright,TE,DET,682.4,,brock wright,420.0
2025,Joshua Lingenfelter,TE,,682.4,,joshua lingenfelter,421.0
2025,Carlos Washington,RB,MIA,682.4,,carlos washington,472.0
2025,Garrett Gilbert,QB,,682.5,,garrett gilbert,233.0
2025,Riley Leonard,QB,IND,682.5,,riley leonard,234.0
2025,Elijah Collins,RB,,682.5,,elijah collins,473.0
2025,Dalyn Dawkins,RB,,682.5,,dalyn dawkins,474.0
2025,Frank Gore,RB,,682.5,,frank gore,475.0
2025,Phillip Lindsay,RB,,682.5,,phillip lindsay,476.0
2025,Drake Dabney,TE,GB,682.6,,drake dabney,422.0
2025,Davis Cheek,QB,,682.7,,davis cheek,235.0
2025,Marvin Jones,WR,,682.7,,marvin jones,919.0
2025,Michael Hiers,QB,,682.8,,michael hiers,236.0
2025,Bryce Bobo,WR,,682.8,,bryce bobo,920.0
2025,Gunnar Oakes,TE,,682.9,,gunnar oakes,423.0
2025,RJ Mobley,WR,,683.0,,rj mobley,921.0
2025,Dresser Winn,QB,,683.0,,dresser winn,237.0
2025,Ryan Finley,QB,,683.0,,ryan finley,238.0
2025,MyCole Pruitt,TE,,683.0,,mycole pruitt,424.0
2025,Cody Schrader,RB,DEN,683.1,,cody schrader,477.0
2025,Ty Chandler,RB,NO,683.1,,ty chandler,478.0
2025,Blake Bortles,QB,NO,683.1,,blake bortles,239.0
2025,Damore'ea Stringfellow,WR,,683.2,,damore ea stringfellow,922.0
2025,Kazmeir Allen,WR,,683.2,,kazmeir allen,923.0
2025,Devin Funchess,TE,,683.2,,devin funchess,425.0
2025,Deshaun Watson,QB,CLE,683.2,,deshaun watson,240.0
2025,Levine Toilolo,TE,NYG,683.3,,levine toilolo,426.0
2025,Jonathan Adams,WR,,683.3,,jonathan adams,924.0
2025,Rob Gronkowski,TE,,683.3,,rob gronkowski,427.0
2025,Josh Rosen,QB,,683.3,,josh rosen,241.0
2025,Laviska Shenault,WR,,683.3,,laviska shenault,925.0
2025,LeQuint Allen,RB,JAX,683.3,,lequint allen,479.0
2025,Jalen Simmons,RB,,683.4,,jalen simmons,480.0
2025,Robbie Ouzts,RB,SEA,683.5,,robbie ouzts,481.0
2025,Ervin Philips,RB,,683.5,,ervin philips,482.0
2025,Drew Lock,QB,SEA,683.5,,drew lock,242.0
2025,Monty Madaris,WR,,683.5,,monty madaris,926.0
2025,Jacoby Brissett,QB,ARI,683.5,,jacoby brissett,243.0
2025,Donte Moncrief,WR,,683.5,,donte moncrief,927.0
2025,Josh Bellamy,WR,,683.6,,josh bellamy,928.0
2025,Andy Dalton,QB,PHI,683.6,,andy dalton,244.0
2025,Simi Fehoko,WR,ARI,683.7,,simi fehoko,929.0
2025,Anthony Miller,WR,,683.7,,anthony miller,930.0
2025,DJ Thomas-Jones,TE,,683.7,,dj thomas jones,428.0
2025,Lil'Jordan Humphrey,WR,DEN,683.7,,lil jordan humphrey,931.0
2025,DaMarkus Lodge,WR,,683.8,,damarkus lodge,932.0
2025,Mack Hollins,WR,NE,683.8,,mack hollins,933.0
2025,Jordan Travis,QB,,683.8,,jordan travis,245.0
2025,Paxton Lynch,QB,,683.9,,paxton lynch,246.0
2025,Samson Evans,RB,,684.0,,samson evans,483.0
2025,Joshua Kelley,RB,,684.0,,joshua kelley,484.0
2025,Artayvious Lynn,TE,,684.0,,artayvious lynn,429.0
2025,Davis Mills,QB,HOU,684.0,,davis mills,247.0
2025,Hassan Hall,RB,,684.2,,hassan hall,485.0
2025,Jason Brownlee,WR,KC,684.3,,jason brownlee,934.0
2025,Ryan Fitzpatrick,QB,,684.4,,ryan fitzpatrick,248.0
2025,Ty'Son Williams,RB,,684.5,,ty son williams,486.0
2025,Travis Koontz,TE,,684.5,,travis koontz,430.0
2025,Jaylen Smith,WR,,684.7,,jaylen smith,935.0
2025,Cam Camper,WR,,684.8,,cam camper,936.0
2025,Keith Marshall,RB,,684.9,,keith marshall,487.0
2025,Thyrick Pitts,WR,,685.0,,thyrick pitts,937.0
2025,Wayne Taulapapa,RB,,685.0,,wayne taulapapa,488.0
2025,Elijah Moore,WR,PHI,685.0,,elijah moore,938.0
2025,Corey Clement,RB,,685.0,,corey clement,489.0
2025,Jaren Hall,QB,,685.0,,jaren hall,249.0
2025,Tyjon Lindsey,WR,,685.0,,tyjon lindsey,939.0
2025,Nick Guggemos,TE,,685.0,,nick guggemos,431.0
2025,Shea Patterson,QB,,685.0,,shea patterson,250.0
2025,Eric Dungey,QB,,685.0,,eric dungey,251.0
2025,Shane Buechele,QB,BUF,685.1,,shane buechele,252.0
2025,Jimmy Holiday,WR,KC,685.1,,jimmy holiday,940.0
2025,Monaray Baldwin,WR,,685.2,,monaray baldwin,941.0
2025,Ryan Smith,TE,,685.3,,ryan smith,432.0
2025,ShunDerrick Powell,RB,,685.3,,shunderrick powell,490.0
2025,Gage Larvadain,WR,CLE,685.3,,gage larvadain,942.0
2025,Kaden Davis,WR,CHI,685.3,,kaden davis,943.0
2025,Damarea Crockett,RB,,685.4,,damarea crockett,491.0
2025,Tavonn Salter,WR,,685.5,,tavonn salter,944.0
2025,Grayson Gunter,TE,,685.5,,grayson gunter,433.0
2025,Joel Honigford,TE,,685.5,,joel honigford,434.0
2025,Nathan Rourke,QB,,685.6,,nathan rourke,253.0
2025,Malik Williams,WR,,685.6,,malik williams,945.0
2025,Da'Mari Scott,WR,,685.6,,da mari scott,946.0
2025,Courtney Jackson,WR,TEN,685.7,,courtney jackson,947.0
2025,Tyron Billy-Johnson,WR,,685.8,,tyron billy johnson,948.0
2025,Henry Ruggs,WR,,685.8,,henry ruggs,949.0
2025,Will Sheppard,WR,GB,685.8,,will sheppard,950.0
2025,Jalen Sample,WR,,685.9,,jalen sample,951.0
2025,Jared Murphy,WR,,685.9,,jared murphy,952.0
2025,Samaje Perine,RB,CIN,685.9,,samaje perine,492.0
2025,Ben Roethlisberger,QB,PIT,685.9,,ben roethlisberger,254.0
2025,Daijun Edwards,RB,,685.9,,daijun edwards,493.0
2025,Lucas Krull,TE,DEN,686.0,,lucas krull,435.0
2025,David Olson,QB,,686.0,,david olson,255.0
2025,Austin Aune,QB,,686.0,,austin aune,256.0
2025,Geor'Quarius Spivey,TE,,686.0,,geor quarius spivey,436.0
2025,Brian Cobbs,WR,,686.0,,brian cobbs,953.0
2025,Drake Stoops,WR,,686.0,,drake stoops,954.0
2025,Joseph Ngata,WR,,686.0,,joseph ngata,955.0
2025,Avery Williams,RB,,686.0,,avery williams,494.0
2025,Gavin Hardison,QB,,686.0,,gavin hardison,257.0
2025,Tyler Rutenbeck,WR,,686.2,,tyler rutenbeck,956.0
2025,Joshua Dobbs,QB,,686.4,,joshua dobbs,258.0
2025,Josh Whyle,TE,GB,686.4,,josh whyle,437.0
2025,Montana Lemonious-Craig,WR,,686.4,,montana lemonious craig,957.0
2025,Matt Sokol,TE,,686.4,,matt sokol,438.0
2025,Jordan Ta'amu,QB,,686.5,,jordan ta amu,259.0
2025,LeSean McCoy,RB,,686.5,,lesean mccoy,495.0
2025,Thayer Thomas,WR,,686.5,,thayer thomas,958.0
2025,Quincy Enunwa,WR,,686.5,,quincy enunwa,959.0
2025,Joshua Cephus,WR,,686.6,,joshua cephus,960.0
2025,Justin Strong,RB,,686.7,,justin strong,496.0
2025,Pat Conroy,TE,,686.7,,pat conroy,439.0
2025,Colton Dowell,WR,SF,686.8,,colton dowell,961.0
2025,Mathew Sexton,WR,,686.9,,mathew sexton,962.0
2025,John Matocha,QB,,686.9,,john matocha,260.0
2025,Jelani Woods,TE,NYJ,687.0,,jelani woods,440.0
2025,Chris Warren,RB,,687.0,,chris warren,497.0
2025,Damon Sheehy-Guiseppi,WR,,687.0,,damon sheehy guiseppi,963.0
2025,McCallan Castles,TE,,687.0,,mccallan castles,441.0
2025,A.J. Green,WR,,687.0,,a j green,964.0
2025,Cooper Rush,QB,ATL,687.1,,cooper rush,261.0
2025,Devontez Walker,WR,BAL,687.1,,devontez walker,965.0
2025,Jacob Saylors,RB,DET,687.2,,jacob saylors,498.0
2025,Blayne Taylor,WR,,687.3,,blayne taylor,966.0
2025,Zack Kuntz,TE,,687.3,,zack kuntz,442.0
2025,Will Dissly,TE,,687.3,,will dissly,443.0
2025,Isaiah Neyor,WR,GB,687.3,,isaiah neyor,967.0
2025,Josh Imatorbhebhe,WR,,687.4,,josh imatorbhebhe,968.0
2025,Ashton Dulin,WR,IND,687.4,,ashton dulin,969.0
2025,Dante Miller,RB,NYG,687.4,,dante miller,499.0
2025,Aaron Dykes,RB,,687.4,,aaron dykes,500.0
2025,Joe Reed,WR,,687.5,,joe reed,970.0
2025,Stanley Morgan,WR,,687.5,,stanley morgan,971.0
2025,Kenny Yeboah,TE,ARI,687.5,,kenny yeboah,444.0
2025,Mike Weber,RB,,687.5,,mike weber,501.0
2025,Dez Fitzpatrick,WR,,687.5,,dez fitzpatrick,972.0
2025,Leonard Fournette,RB,,687.5,,leonard fournette,502.0
2025,Nolan Henderson,QB,,687.5,,nolan henderson,262.0
2025,Gavin Bartholomew,TE,MIN,687.5,,gavin bartholomew,445.0
2025,Jalan McClendon,QB,,687.5,,jalan mcclendon,263.0
2025,Keleki Latu,TE,BUF,687.5,,keleki latu,446.0
2025,Tyre Brady,WR,,687.6,,tyre brady,973.0
2025,Jared Dangerfield,WR,,687.7,,jared dangerfield,974.0
2025,KhaDarel Hodge,WR,,687.7,,khadarel hodge,975.0
2025,Johnathon Johnson,WR,,687.8,,johnathon johnson,976.0
2025,TJ Sheffield,WR,,687.8,,tj sheffield,977.0
2025,Billy Brown,TE,,687.9,,billy brown,447.0
2025,D'Vonte Price,RB,,688.0,,d vonte price,503.0
2025,Anthony Gould,WR,IND,688.0,,anthony gould,978.0
2025,Joe Webb,QB,,688.0,,joe webb,264.0
2025,Dawson Knox,TE,BUF,688.0,,dawson knox,448.0
2025,Chase Litton,QB,,688.0,,chase litton,265.0
2025,Ronnie Brown,RB,,688.0,,ronnie brown,504.0
2025,Grant Calcaterra,TE,PHI,688.0,,grant calcaterra,449.0
2025,Tyrie Cleveland,WR,,688.1,,tyrie cleveland,979.0
2025,Kamryn Pettway,RB,,688.2,,kamryn pettway,505.0
2025,Mac Jones,QB,SF,688.2,,mac jones,266.0
2025,Carter Runyon,TE,LV,688.3,,carter runyon,450.0
2025,T.J. Yeldon,RB,,688.3,,t j yeldon,506.0
2025,Hunter Renfrow,WR,,688.4,,hunter renfrow,980.0
2025,Leroy Watson,TE,,688.4,,leroy watson,451.0
2025,Mike Rigerman,TE,,688.5,,mike rigerman,452.0
2025,Blaine Gabbert,QB,,688.5,,blaine gabbert,267.0
2025,Connor Jessop,QB,,688.5,,connor jessop,268.0
2025,Brycen Tremayne,WR,CAR,688.5,,brycen tremayne,981.0
2025,Adrian Coxson,WR,,688.5,,adrian coxson,982.0
2025,Sincere McCormick,RB,SF,688.5,,sincere mccormick,507.0
2025,Brevin Jordan,TE,HOU,688.5,,brevin jordan,453.0
2025,Jackson Hawes,TE,BUF,688.6,,jackson hawes,454.0
2025,De'Anthony Thomas,WR,,688.6,,de anthony thomas,983.0
2025,Dameon Pierce,RB,PHI,688.6,,dameon pierce,508.0
2025,Tommy Mellott,WR,,688.8,,tommy mellott,984.0
2025,Braylon Sanders,WR,,688.8,,braylon sanders,985.0
2025,Richard Rodgers,TE,,688.8,,richard rodgers,455.0
2025,Jerjuan Newton,WR,,689.0,,jerjuan newton,986.0
2025,Kendall Hinton,WR,,689.0,,kendall hinton,987.0
2025,Rodney Williams,TE,,689.0,,rodney williams,456.0
2025,Charlie Kolar,TE,LAC,689.0,,charlie kolar,457.0
2025,Dylan Laube,RB,LV,689.0,,dylan laube,509.0
2025,Taywan Taylor,WR,,689.1,,taywan taylor,988.0
2025,James Blackman,QB,,689.1,,james blackman,269.0
2025,Antwane Wells,WR,ATL,689.2,,antwane wells,989.0
2025,Zach Horton,TE,,689.2,,zach horton,458.0
2025,Kaden Prather,WR,GB,689.3,,kaden prather,990.0
2025,Rivaldo Fairweather,TE,ARI,689.4,,rivaldo fairweather,459.0
2025,Michael Jacobson,TE,,689.4,,michael jacobson,460.0
2025,Marcus Lucas,WR,,689.4,,marcus lucas,991.0
2025,Adam Trautman,TE,DEN,689.5,,adam trautman,461.0
2025,Jahwan Edwards,RB,,689.5,,jahwan edwards,510.0
2025,Mohamed Ibrahim,RB,,689.5,,mohamed ibrahim,511.0
2025,Braxton Berrios,WR,NYG,689.5,,braxton berrios,992.0
2025,John Lovett,RB,,689.5,,john lovett,512.0
2025,Derius Davis,WR,LAC,689.5,,derius davis,993.0
2025,Tavon Austin,WR,,689.6,,tavon austin,994.0
2025,Darius Cooper,WR,PHI,689.6,,darius cooper,995.0
2025,Treylon Burks,WR,WAS,689.6,,treylon burks,996.0
2025,Bryson Nesbit,TE,MIN,689.7,,bryson nesbit,462.0
2025,Connor Bazelak,QB,TB,689.7,,connor bazelak,270.0
2025,Tim Tebow,TE,,689.7,,tim tebow,463.0
2025,Jordan Westerkamp,WR,,689.7,,jordan westerkamp,997.0
2025,D.J. Montgomery,WR,,689.7,,d j montgomery,998.0
2025,Dayton Wade,WR,BAL,689.8,,dayton wade,999.0
2025,Tre Tucker,WR,LV,689.8,,tre tucker,1000.0
2025,Hayden Hatten,WR,,689.8,,hayden hatten,1001.0
2025,Lorenzo Lingard,RB,,689.8,,lorenzo lingard,513.0
2025,Joe Milton,QB,DAL,689.8,,joe milton,271.0
2025,Marquise Williams,QB,,689.8,,marquise williams,272.0
2025,Taulia Tagovailoa,QB,,689.9,,taulia tagovailoa,273.0
2025,Jason Huntley,RB,,690.0,,jason huntley,514.0
2025,Benny Snell,RB,,690.0,,benny snell,515.0
2025,Reggie Diggs,WR,,690.0,,reggie diggs,1002.0
2025,Marcus Leak,WR,,690.0,,marcus leak,1003.0
2025,Lew Nichols,RB,PIT,690.0,,lew nichols,516.0
2025,D'Onta Foreman,RB,,690.0,,d onta foreman,517.0
2025,Xavier Smith,WR,LAR,690.0,,xavier smith,1004.0
2025,Malcolm Brown,RB,,690.0,,malcolm brown,518.0
2025,Jimmy Horn,WR,CAR,690.0,,jimmy horn,1005.0
2025,Shane Zylstra,TE,BUF,690.0,,shane zylstra,464.0
2025,Rakim Jarrett,WR,,690.0,,rakim jarrett,1006.0
2025,Charlie Taumoepeau,TE,,690.0,,charlie taumoepeau,465.0
2025,Gunnar Helm,TE,TEN,690.1,,gunnar helm,466.0
2025,Jake Browning,QB,TB,690.2,,jake browning,274.0
2025,Taylor Heinicke,QB,,690.2,,taylor heinicke,275.0
2025,Deuce Vaughn,RB,,690.3,,deuce vaughn,519.0
2025,Alstevis Squirewell,RB,,690.3,,alstevis squirewell,520.0
2025,A.T. Perry,WR,PIT,690.3,,a t perry,1007.0
2025,Kendrick Bourne,WR,ARI,690.3,,kendrick bourne,1008.0
2025,Dylan Parham,TE,,690.5,,dylan parham,467.0
2025,Bryce Oliver,WR,TEN,690.5,,bryce oliver,1009.0
2025,De'Chavon Hayes,RB,,690.5,,de chavon hayes,521.0
2025,E.J. Jenkins,TE,PHI,690.5,,e j jenkins,468.0
2025,Devon Garrison,TE,,690.5,,devon garrison,469.0
2025,Drew Belcher,TE,,690.5,,drew belcher,470.0
2025,Davis Allen,TE,LAR,690.6,,davis allen,471.0
2025,Trey Sermon,RB,,690.6,,trey sermon,522.0
2025,Parker Washington,WR,JAX,690.7,,parker washington,1010.0
2025,Sefo Liufau,QB,,690.8,,sefo liufau,276.0
2025,Tru Edwards,WR,LAR,690.8,,tru edwards,1011.0
2025,Michael Thomas,WR,,690.8,,michael thomas,1012.0
2025,Matt Corral,QB,,690.8,,matt corral,277.0
2025,James Franklin,QB,,690.8,,james franklin,278.0
2025,Tyson Bagent,QB,CHI,691.0,,tyson bagent,279.0
2025,Alex Tanney,QB,,691.0,,alex tanney,280.0
2025,Eli Wolf,TE,,691.0,,eli wolf,472.0
2025,Kayaune Ross,WR,,691.0,,kayaune ross,1013.0
2025,Nathan Cottrell,RB,,691.0,,nathan cottrell,523.0
2025,Nick Muse,TE,,691.0,,nick muse,473.0
2025,Tre Mosley,WR,,691.0,,tre mosley,1014.0
2025,Aeneas Dennis,QB,,691.0,,aeneas dennis,281.0
2025,Louis Rees-Zammit,RB,,691.0,,louis rees zammit,524.0
2025,Mitchell Trubisky,QB,TEN,691.1,,mitchell trubisky,282.0
2025,Chris Rodriguez,RB,JAX,691.1,,chris rodriguez,525.0
2025,Deion Hankins,RB,,691.2,,deion hankins,526.0
2025,Larry Rountree,RB,,691.3,,larry rountree,527.0
2025,Scott Orndoff,TE,,691.3,,scott orndoff,474.0
2025,Greg Dulcich,TE,MIA,691.3,,greg dulcich,475.0
2025,Mo Alie-Cox,TE,IND,691.4,,mo alie cox,476.0
2025,Xazavian Valladay,RB,,691.5,,xazavian valladay,528.0
2025,Isaiah Hodgins,WR,NYG,691.6,,isaiah hodgins,1015.0
2025,Malcolm Epps,TE,,691.6,,malcolm epps,477.0
2025,Mathieu Severance,RB,,691.6,,mathieu severance,529.0
2025,Kenny Golladay,WR,,691.6,,kenny golladay,1016.0
2025,Jason Bean,QB,,691.7,,jason bean,283.0
2025,Chris Manhertz,TE,NYG,691.7,,chris manhertz,478.0
2025,Dax Milne,WR,,691.7,,dax milne,1017.0
2025,Demarcus Robinson,WR,SF,691.7,,demarcus robinson,1018.0
2025,Kalif Raymond,WR,CHI,691.8,,kalif raymond,1019.0
2025,Tank Dell,WR,HOU,691.8,,tank dell,1020.0
2025,Byron Pringle,WR,,691.8,,byron pringle,1021.0
2025,Malik Cunningham,WR,DET,691.8,,malik cunningham,1022.0
2025,Sam Ehlinger,QB,DEN,691.8,,sam ehlinger,284.0
2025,Seth Henigan,QB,,691.8,,seth henigan,285.0
2025,Chris Conley,WR,,691.9,,chris conley,1023.0
2025,John Kelly,RB,,691.9,,john kelly,530.0
2025,Donovan Peoples-Jones,WR,,692.0,,donovan peoples jones,1024.0
2025,Max Wittek,QB,,692.0,,max wittek,286.0
2025,Deon Cain,WR,,692.0,,deon cain,1025.0
2025,Nick Mullens,QB,JAX,692.0,,nick mullens,287.0
2025,Micah Bernard,RB,,692.1,,micah bernard,531.0
2025,Luke Musgrave,TE,GB,692.1,,luke musgrave,479.0
2025,Tarik Black,WR,DET,692.2,,tarik black,1026.0
2025,Kalil Pimpleton,WR,,692.2,,kalil pimpleton,1027.0
2025,Xavier Gipson,WR,NYG,692.2,,xavier gipson,1028.0
2025,Trayveon Williams,RB,,692.2,,trayveon williams,532.0
2025,Roc Taylor,WR,,692.3,,roc taylor,1029.0
2025,Stephen Houston,RB,,692.3,,stephen houston,533.0
2025,Kendall Milton,RB,CIN,692.3,,kendall milton,534.0
2025,Ted Ginn,WR,,692.3,,ted ginn,1030.0
2025,Corey Kiner,RB,ARI,692.3,,corey kiner,535.0
2025,Godwin Igwebuike,RB,,692.4,,godwin igwebuike,536.0
2025,Hunter Kampmoyer,TE,,692.4,,hunter kampmoyer,480.0
2025,Reggie Brown,TE,,692.4,,reggie brown,481.0
2025,Austin Hooper,TE,ATL,692.4,,austin hooper,482.0
2025,Anthony Schwartz,WR,,692.5,,anthony schwartz,1031.0
2025,Tim DeMorat,QB,,692.5,,tim demorat,288.0
2025,Nick Stevens,QB,,692.5,,nick stevens,289.0
2025,Jesper Horsted,TE,,692.5,,jesper horsted,483.0
2025,Ajou Ajou,WR,,692.5,,ajou ajou,1032.0
2025,Bryce Ford-Wheaton,WR,,692.5,,bryce ford wheaton,1033.0
2025,Shaq Hill,WR,,692.5,,shaq hill,1034.0
2025,Robert Woods,WR,,692.6,,robert woods,1035.0
2025,Stone Smartt,TE,PHI,692.6,,stone smartt,484.0
2025,Tyree Mayfield,TE,,692.6,,tyree mayfield,485.0
2025,Tommy Stevens,TE,NYG,692.6,,tommy stevens,486.0
2025,Trevor Davis,WR,,692.7,,trevor davis,1036.0
2025,Nyqwan Murray,WR,,692.7,,nyqwan murray,1037.0
2025,Irv Smith,TE,,692.7,,irv smith,487.0
2025,Tyler Boyd,WR,,692.7,,tyler boyd,1038.0
2025,Graham Adomitis,TE,,692.8,,graham adomitis,488.0
2025,Carlos Henderson,WR,,692.8,,carlos henderson,1039.0
2025,Montorie Foster,WR,SEA,692.8,,montorie foster,1040.0
2025,Feleipe Franks,TE,CAR,692.8,,feleipe franks,489.0
2025,Jameis Winston,QB,NYG,692.8,,jameis winston,290.0
2025,Tyler Kroft,TE,,692.8,,tyler kroft,490.0
2025,Zach Gentry,TE,,692.9,,zach gentry,491.0
2025,Raheim Sanders,RB,CLE,692.9,,raheim sanders,537.0
2025,Israel Abanikanda,RB,DAL,692.9,,israel abanikanda,538.0
2025,Kenny McIntosh,RB,,692.9,,kenny mcintosh,539.0
2025,Todd Gurley,RB,,692.9,,todd gurley,540.0
2025,Reggie Brown,WR,,693.0,,reggie brown,1041.0
2025,Vincent Testaverde,QB,,693.0,,vincent testaverde,291.0
2025,Case Cookus,QB,,693.0,,case cookus,292.0
2025,Johnny Wilson,WR,PHI,693.0,,johnny wilson,1042.0
2025,Cade Peterson,QB,,693.0,,cade peterson,293.0
2025,Maximilian Mang,TE,,693.0,,maximilian mang,492.0
2025,Justin Sumpter,WR,,693.0,,justin sumpter,1043.0
2025,Golden Tate,WR,,693.0,,golden tate,1044.0
2025,Rasheen Ali,RB,BAL,693.2,,rasheen ali,541.0
2025,Ryan Miller,WR,NYG,693.3,,ryan miller,1045.0
2025,George Campbell,WR,,693.3,,george campbell,1046.0
2025,Michael Carter,RB,TEN,693.3,,michael carter,542.0
2025,Ja'seem Reed,WR,CAR,693.4,,ja seem reed,1047.0
2025,Marcus Yarns,RB,,693.5,,marcus yarns,543.0
2025,Van Jefferson,WR,WAS,693.7,,van jefferson,1048.0
2025,Kevin Davidson,QB,,693.9,,kevin davidson,294.0
2025,Ezekiel Elliott,RB,,693.9,,ezekiel elliott,544.0
2025,Eno Benjamin,RB,,694.0,,eno benjamin,545.0
2025,Gunnar Watson,QB,,694.0,,gunnar watson,295.0
2025,Clayton Wilson,TE,,694.0,,clayton wilson,493.0
2025,Josh Rounds,RB,,694.0,,josh rounds,546.0
2025,Talik Keaton,WR,,694.0,,talik keaton,1049.0
2025,Justin Crawford,RB,,694.0,,justin crawford,547.0
2025,Tre' McKitty,TE,,694.0,,tre mckitty,494.0
2025,Jalen Wayne,WR,,694.0,,jalen wayne,1050.0
2025,Kedon Slovis,QB,ARI,694.0,,kedon slovis,296.0
2025,Messiah Swinson,TE,GB,694.0,,messiah swinson,495.0
2025,Kyle McCord,QB,GB,694.0,,kyle mccord,297.0
2025,Gardner Minshew,QB,ARI,694.0,,gardner minshew,298.0
2025,DeAndre Carter,WR,,694.0,,deandre carter,1051.0
2025,Matt Landers,WR,,694.0,,matt landers,1052.0
2025,Jimmie Hunt,WR,,694.0,,jimmie hunt,1053.0
2025,Luke Schoonmaker,TE,DAL,694.1,,luke schoonmaker,496.0
2025,Jonathan Mingo,WR,DAL,694.1,,jonathan mingo,1054.0
2025,Dede Westbrook,WR,,694.1,,dede westbrook,1055.0
2025,Shaun Beyer,TE,,694.2,,shaun beyer,497.0
2025,Quinn Ewers,QB,MIA,694.2,,quinn ewers,299.0
2025,Shemar Bridges,WR,,694.3,,shemar bridges,1056.0
2025,Terrell Bynum,WR,,694.3,,terrell bynum,1057.0
2025,Cam Akers,RB,,694.3,,cam akers,548.0
2025,Julian Edelman,WR,,694.4,,julian edelman,1058.0
2025,Brian Riley,WR,,694.4,,brian riley,1059.0
2025,Neal Johnson,TE,,694.4,,neal johnson,498.0
2025,Isaiah Washington,WR,,694.4,,isaiah washington,1060.0
2025,Raheem Blackshear,RB,,694.5,,raheem blackshear,549.0
2025,Antonio Nunn,WR,,694.5,,antonio nunn,1061.0
2025,DeMeer Blankumsee,WR,,694.5,,demeer blankumsee,1062.0
2025,Alex Smith,QB,,694.7,,alex smith,300.0
2025,Devon Allen,WR,,694.7,,devon allen,1063.0
2025,Jahmal Banks,WR,,694.8,,jahmal banks,1064.0
2025,Tyler Adams,WR,,694.8,,tyler adams,1065.0
2025,Zach Wilson,QB,NO,694.9,,zach wilson,301.0
2025,Peyton Hendershot,TE,,694.9,,peyton hendershot,499.0
2025,SaRodorick Thompson,RB,,695.0,,sarodorick thompson,550.0
2025,Ameer Abdullah,RB,JAX,695.0,,ameer abdullah,551.0
2025,Tre Harbison,RB,,695.0,,tre harbison,552.0
2025,Isaiah Bond,WR,CLE,695.0,,isaiah bond,1066.0
2025,Ezell Ruffin,WR,,695.0,,ezell ruffin,1067.0
2025,Kurtis Rourke,QB,SF,695.0,,kurtis rourke,302.0
2025,Dredrick Snelson,WR,,695.0,,dredrick snelson,1068.0
2025,Jha'Quan Jackson,WR,HOU,695.0,,jha quan jackson,1069.0
2025,Tommy Hudson,TE,,695.0,,tommy hudson,500.0
2025,Hendon Hooker,QB,TEN,695.0,,hendon hooker,303.0
2025,Cameron Latu,TE,PHI,695.1,,cameron latu,501.0
2025,Allen Lazard,WR,,695.1,,allen lazard,1070.0
2025,Terrace Marshall,WR,MIA,695.2,,terrace marshall,1071.0
2025,Tylan Wallace,WR,CLE,695.2,,tylan wallace,1072.0
2025,Daniel Arias,WR,,695.2,,daniel arias,1073.0
2025,Jeff Thomas,WR,,695.2,,jeff thomas,1074.0
2025,Aaron Fuller,WR,,695.2,,aaron fuller,1075.0
2025,Ray-Ray McCloud,WR,,695.2,,ray ray mccloud,1076.0
2025,Randall Cobb,WR,,695.3,,randall cobb,1077.0
2025,Julio Jones,WR,,695.3,,julio jones,1078.0
2025,Will Howard,QB,PIT,695.3,,will howard,304.0
2025,Alec Bloom,TE,,695.3,,alec bloom,502.0
2025,Damon Hazelton,WR,,695.3,,damon hazelton,1079.0
2025,Cole Beasley,WR,,695.3,,cole beasley,1080.0
2025,Kenny Pickett,QB,CAR,695.4,,kenny pickett,305.0
2025,Jhamon Ausbon,WR,,695.5,,jhamon ausbon,1081.0
2025,Ja'Corey Brooks,WR,,695.5,,ja corey brooks,1082.0
2025,Corey Coleman,WR,,695.5,,corey coleman,1083.0
2025,Zach Heins,TE,,695.5,,zach heins,503.0
2025,Mason Pline,TE,KC,695.5,,mason pline,504.0
2025,Jazz Ferguson,WR,,695.5,,jazz ferguson,1084.0
2025,Connor Davis,TE,,695.5,,connor davis,505.0
2025,Aca'Cedric Ware,RB,,695.5,,aca cedric ware,553.0
2025,De'Mard Llorens,RB,,695.5,,de mard llorens,554.0
2025,Jordan Watkins,WR,SF,695.6,,jordan watkins,1085.0
2025,Tony Poljan,TE,,695.6,,tony poljan,506.0
2025,Matt Ryan,QB,,695.6,,matt ryan,306.0
2025,Devin Fuller,WR,,695.6,,devin fuller,1086.0
2025,Bub Means,WR,NO,695.8,,bub means,1087.0
2025,Geremy Davis,WR,,695.8,,geremy davis,1088.0
2025,David Sills,WR,TB,695.8,,david sills,1089.0
2025,AJ Dillon,RB,CAR,695.8,,aj dillon,555.0
2025,Jake Roh,TE,,695.8,,jake roh,507.0
2025,Tre'Quan Smith,WR,,695.9,,tre quan smith,1090.0
2025,Jake Bobo,WR,SEA,695.9,,jake bobo,1091.0
2025,Trey Edmunds,RB,,696.0,,trey edmunds,556.0
2025,Hassan Haskins,RB,,696.0,,hassan haskins,557.0
2025,Colin Granger,TE,,696.0,,colin granger,508.0
2025,Tyquan Thornton,WR,KC,696.0,,tyquan thornton,1092.0
2025,Savion Williams,WR,GB,696.0,,savion williams,1093.0
2025,Jarvis Landry,WR,,696.0,,jarvis landry,1094.0
2025,Player Invalid,WR,,696.0,,player invalid,1095.0
2025,Pharaoh Brown,TE,,696.0,,pharaoh brown,509.0
2025,Silas Bolden,WR,,696.0,,silas bolden,1096.0
2025,Darius Davis,WR,,696.0,,darius davis,1097.0
2025,Cole McDonald,QB,,696.0,,cole mcdonald,307.0
2025,Andrew Armstrong,WR,KC,696.0,,andrew armstrong,1098.0
2025,Chandler Brayboy,WR,JAX,696.1,,chandler brayboy,1099.0
2025,Russell Gage,WR,,696.1,,russell gage,1100.0
2025,Skyy Moore,WR,GB,696.2,,skyy moore,1101.0
2025,Hamze El-Zayat,WR,,696.2,,hamze el zayat,1102.0
2025,Ty Johnson,RB,BUF,696.2,,ty johnson,558.0
2025,Justin Sinz,TE,,696.3,,justin sinz,510.0
2025,Justyn Ross,WR,,696.4,,justyn ross,1103.0
2025,Michael Ezeike,TE,,696.5,,michael ezeike,511.0
2025,Michael Gallup,WR,,696.5,,michael gallup,1104.0
2025,Jordan Terrell,RB,,696.5,,jordan terrell,559.0
2025,Jerome Washington,TE,,696.5,,jerome washington,512.0
2025,Jaheim Bell,TE,PIT,696.5,,jaheim bell,513.0
2025,Mason Rudolph,QB,PIT,696.6,,mason rudolph,308.0
2025,Jake Butt,TE,,696.7,,jake butt,514.0
2025,Spencer Rattler,QB,NO,696.7,,spencer rattler,309.0
2025,Zay Jones,WR,,696.8,,zay jones,1105.0
2025,Curtis Samuel,WR,,696.8,,curtis samuel,1106.0
2025,Rasheed Williams,RB,,696.9,,rasheed williams,560.0
2025,Zander Horvath,RB,,697.0,,zander horvath,561.0
2025,E.J. Perry,QB,,697.0,,e j perry,310.0
2025,Elijah Dotson,RB,,697.0,,elijah dotson,562.0
2025,Jimmy Bell,TE,,697.0,,jimmy bell,515.0
2025,Tyrod Taylor,QB,GB,697.0,,tyrod taylor,311.0
2025,Broc Rutter,QB,,697.0,,broc rutter,312.0
2025,Jose Barbon,WR,,697.0,,jose barbon,1107.0
2025,William Fuller,WR,,697.0,,william fuller,1108.0
2025,Tyler Eifert,TE,,697.0,,tyler eifert,516.0
2025,Anthony Boone,QB,,697.1,,anthony boone,313.0
2025,Brandon Dillon,TE,,697.1,,brandon dillon,517.0
2025,William Thompson,QB,,697.2,,william thompson,314.0
2025,Bo Scarbrough,RB,,697.2,,bo scarbrough,563.0
2025,Case Keenum,QB,CHI,697.2,,case keenum,315.0
2025,Derrick Deese,TE,,697.3,,derrick deese,518.0
2025,Isaiah Spiller,RB,,697.3,,isaiah spiller,564.0
2025,Phillip Sims,QB,,697.3,,phillip sims,316.0
2025,Anthony Nash,WR,,697.3,,anthony nash,1109.0
2025,Desmond Martin,RB,,697.3,,desmond martin,565.0
2025,Junior Bergen,WR,SF,697.3,,junior bergen,1110.0
2025,Emanuel Wilson,RB,SEA,697.4,,emanuel wilson,566.0
2025,Ja'Quan Gardner,RB,,697.4,,ja quan gardner,567.0
2025,Jordan Johnson,RB,,697.4,,jordan johnson,568.0
2025,Amara Darboh,WR,,697.4,,amara darboh,1111.0
2025,Kelly Akharaiyi,WR,,697.5,,kelly akharaiyi,1112.0
2025,Brayden Willis,TE,SF,697.5,,brayden willis,519.0
2025,Malik Willis,QB,MIA,697.5,,malik willis,317.0
2025,Rondale Moore,WR,,697.5,,rondale moore,1113.0
2025,Raphael Leonard,WR,,697.5,,raphael leonard,1114.0
2025,Isaiah Ford,WR,,697.5,,isaiah ford,1115.0
2025,KJ Hamler,WR,,697.5,,kj hamler,1116.0
2025,Brenden Rice,WR,GB,697.7,,brenden rice,1117.0
2025,Brian Lewerke,QB,,697.7,,brian lewerke,318.0
2025,Caden Prieskorn,TE,CAR,697.7,,caden prieskorn,520.0
2025,Kirk Cousins,QB,LV,697.8,,kirk cousins,319.0
2025,C.J. Germany,WR,,697.8,,c j germany,1118.0
2025,Jamari Thrash,WR,CLE,697.8,,jamari thrash,1119.0
2025,Xavier Hutchinson,WR,HOU,697.8,,xavier hutchinson,1120.0
2025,Deneric Prince,RB,,697.9,,deneric prince,569.0
2025,Jeremy Ruckert,TE,NYJ,697.9,,jeremy ruckert,521.0
2025,John Robinson-Woodgett,RB,,698.0,,john robinson woodgett,570.0
2025,Chris Coleman,WR,,698.0,,chris coleman,1121.0
2025,Reece Horn,WR,,698.0,,reece horn,1122.0
2025,Antoine Green,WR,,698.0,,antoine green,1123.0
2025,Alex Wesley,WR,,698.0,,alex wesley,1124.0
2025,Garrett Celek,TE,,698.0,,garrett celek,522.0
2025,Jerick McKinnon,RB,,698.0,,jerick mckinnon,571.0
2025,Mark Walton,RB,,698.0,,mark walton,572.0
2025,Zack Annexstad,QB,,698.0,,zack annexstad,320.0
2025,Jarvion Franklin,RB,,698.0,,jarvion franklin,573.0
2025,Rocky Lombardi,QB,,698.2,,rocky lombardi,321.0
2025,JoJo Natson,WR,,698.2,,jojo natson,1125.0
2025,Arian Smith,WR,NYJ,698.2,,arian smith,1126.0
2025,Chris Tyree,WR,,698.3,,chris tyree,1127.0
2025,Chase Edmonds,RB,,698.3,,chase edmonds,574.0
2025,Danny Anthrop,WR,,698.3,,danny anthrop,1128.0
2025,Jacques Patrick,RB,,698.3,,jacques patrick,575.0
2025,Lawrence Cager,TE,WAS,698.4,,lawrence cager,523.0
2025,Greg Dortch,WR,DET,698.5,,greg dortch,1129.0
2025,Deshon Foxx,WR,,698.5,,deshon foxx,1130.0
2025,Dillon Gabriel,QB,CLE,698.5,,dillon gabriel,322.0
2025,Jordan Akins,TE,,698.5,,jordan akins,524.0
2025,Pete Guerriero,RB,,698.5,,pete guerriero,576.0
2025,Jake Funk,RB,,698.5,,jake funk,577.0
2025,Otis Anderson,RB,,698.5,,otis anderson,578.0
2025,Justin Hardy,WR,,698.5,,justin hardy,1131.0
2025,Landon Lenoir,WR,,698.5,,landon lenoir,1132.0
2025,Aidan O'Connell,QB,LV,698.6,,aidan o connell,323.0
2025,Mitchell Evans,TE,CAR,698.6,,mitchell evans,525.0
2025,Alfred Morris,RB,,698.6,,alfred morris,579.0
2025,Drew Brees,QB,,698.6,,drew brees,324.0
2025,DeAngelo Hardy,WR,,698.8,,deangelo hardy,1133.0
2025,Spencer Schnell,WR,,698.8,,spencer schnell,1134.0
2025,Noah Brown,WR,,698.8,,noah brown,1135.0
2025,James O'Shaughnessy,TE,,698.8,,james o shaughnessy,526.0
2025,Marcus Mariota,QB,WAS,698.8,,marcus mariota,325.0
2025,Wes Hills,RB,,698.9,,wes hills,580.0
2025,Ja'Lynn Polk,WR,NO,698.9,,ja lynn polk,1136.0
2025,Jahan Dotson,WR,ATL,698.9,,jahan dotson,1137.0
2025,M.J. McFarland,TE,,699.0,,m j mcfarland,527.0
2025,Kevin Shaa,WR,,699.0,,kevin shaa,1138.0
2025,Kene Nwangwu,RB,NYJ,699.0,,kene nwangwu,581.0
2025,Josiah Deguara,TE,,699.0,,josiah deguara,528.0
2025,JuJu Smith-Schuster,WR,NYG,699.0,,juju smith schuster,1139.0
2025,Jack Westover,TE,NE,699.0,,jack westover,529.0
2025,Shawn Poindexter,WR,,699.0,,shawn poindexter,1140.0
2025,Zach Pascal,WR,,699.0,,zach pascal,1141.0
2025,La'Michael Pettway,TE,,699.0,,la michael pettway,530.0
2025,Brandon Ross,RB,,699.0,,brandon ross,582.0
2025,Deonte Harty,WR,,699.0,,deonte harty,1142.0
2025,DeShon Williams,TE,,699.0,,deshon williams,531.0
2025,Willie Johnson,WR,,699.0,,willie johnson,1143.0
2025,Emari Demercado,RB,KC,699.1,,emari demercado,583.0
2025,Keaontay Ingram,RB,,699.1,,keaontay ingram,584.0
2025,Ke'Shawn Williams,WR,CIN,699.1,,ke shawn williams,1144.0
2025,Terrell Sinkfield,WR,,699.1,,terrell sinkfield,1145.0
2025,Tyler Johnson,WR,DAL,699.2,,tyler johnson,1146.0
2025,Jacob Cowing,WR,SF,699.2,,jacob cowing,1147.0
2025,Thomas Odukoya,TE,,699.2,,thomas odukoya,532.0
2025,Seth DeValve,TE,,699.2,,seth devalve,533.0
2025,Dontae Fleming,WR,MIN,699.2,,dontae fleming,1148.0
2025,Kimani Vidal,RB,LAC,699.3,,kimani vidal,585.0
2025,Kobe Hudson,WR,,699.3,,kobe hudson,1149.0
2025,Austin Reed,QB,,699.3,,austin reed,326.0
2025,Malik Taylor,WR,,699.4,,malik taylor,1150.0
2025,Lance Lenoir,WR,,699.4,,lance lenoir,1151.0
2025,DJ Uiagalelei,QB,LAC,699.5,,dj uiagalelei,327.0
2025,JP Richardson,WR,CHI,699.5,,jp richardson,1152.0
2025,Tez Johnson,WR,TB,699.5,,tez johnson,1153.0
2025,Robert Burns,RB,,699.5,,robert burns,586.0
2025,Siaosi Mariner,WR,,699.5,,siaosi mariner,1154.0
2025,Kehinde Oginni,TE,,699.6,,kehinde oginni,534.0
2025,Jared Wiley,TE,KC,699.6,,jared wiley,535.0
2025,Nick Nash,WR,WAS,699.6,,nick nash,1155.0
2025,Tejhaun Palmer,WR,ARI,699.7,,tejhaun palmer,1156.0
2025,Gus Edwards,RB,,699.8,,gus edwards,587.0
2025,Bryce Love,RB,,699.8,,bryce love,588.0
2025,Clyde Edwards-Helaire,RB,,699.8,,clyde edwards helaire,589.0
2025,John Metchie,WR,CAR,699.8,,john metchie,1157.0
2025,Tanner Hudson,TE,CIN,699.8,,tanner hudson,536.0
2025,Darrin Hall,RB,,699.8,,darrin hall,590.0
2025,Nate McCollum,WR,,699.9,,nate mccollum,1158.0
2025,Eli Stove,WR,,700.0,,eli stove,1159.0
2025,DeeJay Dallas,RB,JAX,700.0,,deejay dallas,591.0
2025,Erik Krommenhoek,TE,,700.0,,erik krommenhoek,537.0
2025,Tyreik McAllister,RB,,700.0,,tyreik mcallister,592.0
2025,Reggie Begelton,WR,,700.0,,reggie begelton,1160.0
2025,Blake Proehl,WR,,700.0,,blake proehl,1161.0
2025,Isaiah Davis,RB,NYJ,700.0,,isaiah davis,593.0
2025,Cade Stover,TE,HOU,700.0,,cade stover,538.0
2025,Sam Wiglusz,WR,,700.0,,sam wiglusz,1162.0
2025,Tim Cook,RB,,700.0,,tim cook,594.0
2025,Marqise Lee,WR,,700.0,,marqise lee,1163.0
2025,Chimere Dike,WR,TEN,700.1,,chimere dike,1164.0
2025,Ryan Flournoy,WR,DAL,700.1,,ryan flournoy,1165.0
2025,KaVontae Turpin,WR,DAL,700.1,,kavontae turpin,1166.0
2025,Terique Owens,WR,,700.1,,terique owens,1167.0
2025,Josh Reynolds,WR,,700.2,,josh reynolds,1168.0
2025,Thomas Fidone,TE,NYG,700.3,,thomas fidone,539.0
2025,Phil Mafah,RB,DAL,700.3,,phil mafah,595.0
2025,Colson Yankoff,TE,WAS,700.3,,colson yankoff,540.0
2025,Jaden Smith,WR,DAL,700.4,,jaden smith,1169.0
2025,Brayden Lenius,TE,,700.5,,brayden lenius,541.0
2025,Ben Ellefson,TE,,700.5,,ben ellefson,542.0
2025,Phillip Dorsett,WR,LV,700.5,,phillip dorsett,1170.0
2025,Armani Rogers,TE,,700.5,,armani rogers,543.0
2025,Charles McClelland,RB,,700.6,,charles mcclelland,596.0
2025,Tai Felton,WR,MIN,700.7,,tai felton,1171.0
2025,Donald Parham,TE,,700.8,,donald parham,544.0
2025,Christian Sims,TE,,700.8,,christian sims,545.0
2025,Dare Ogunbowale,RB,,700.9,,dare ogunbowale,597.0
2025,Kenny Gainwell,RB,TB,700.9,,kenneth gainwell,598.0
2025,Alexander Mattison,RB,,700.9,,alexander mattison,599.0
2025,Tyler Renew,RB,,704.0,,tyler renew,600.0
2025,Tyler Davis,TE,,706.0,,tyler davis,546.0
