dt,team,player_name,gsis_id,espn_id,pos_grp,pos_abb,pos_slot,pos_rank
2026-07-31T09:40:30Z,ARI,Josh Sweat,00-0034381,3693166,Base 4-3 D,LDE,1,1
2026-07-31T09:40:30Z,ARI,Roy Lopez,00-0036568,4040805,Base 4-3 D,LDT,2,1
2026-07-31T09:40:30Z,ARI,Walter Nolen III,00-0040706,4685503,Base 4-3 D,RDT,3,1
2026-07-31T09:40:30Z,ARI,Darius Robinson,00-0039854,4569480,Base 4-3 D,RDE,4,1
2026-07-31T09:40:30Z,ARI,Cody Simon,00-0040645,4429071,Base 4-3 D,WLB,5,1
2026-07-31T09:40:30Z,ARI,Mack Wilson Sr.,00-0035144,4040983,Base 4-3 D,MLB,6,1
2026-07-31T09:40:30Z,ARI,Zaven Collins,00-0036933,4244606,Base 4-3 D,SLB,7,1
2026-07-31T09:40:30Z,ARI,Will Johnson,00-0040751,4685408,Base 4-3 D,LCB,8,1
2026-07-31T09:40:30Z,ARI,Budda Baker,00-0033890,3127287,Base 4-3 D,SS,9,1
2026-07-31T09:40:30Z,ARI,Andrew Wingard,00-0035378,3918331,Base 4-3 D,FS,10,1
2026-07-31T09:40:30Z,ARI,Denzel Burke,00-0040195,4432668,Base 4-3 D,RCB,11,1
2026-07-31T09:40:30Z,ARI,Garrett Williams,00-0039007,4568506,Base 4-3 D,NB,12,1
2026-07-31T09:40:30Z,ARI,Jordan Burch,00-0040137,4428996,Base 4-3 D,LDE,1,2
2026-07-31T09:40:30Z,ARI,PJ Mustipher,00-0038795,4361421,Base 4-3 D,LDT,2,2
2026-07-31T09:40:30Z,ARI,Andrew Billings,00-0033066,3051775,Base 4-3 D,RDT,3,2
2026-07-31T09:40:30Z,ARI,Dante Stills,00-0038623,4362225,Base 4-3 D,RDE,4,2
2026-07-31T09:40:30Z,ARI,Owen Pappoe,00-0038600,4567219,Base 4-3 D,WLB,5,2
2026-07-31T09:40:30Z,ARI,Jack Gibbens,00-0037596,4249739,Base 4-3 D,MLB,6,2
2026-07-31T09:40:30Z,ARI,Baron Browning,00-0036995,4241987,Base 4-3 D,SLB,7,2
2026-07-31T09:40:30Z,ARI,Sean Murphy-Bunting,00-0035239,3932886,Base 4-3 D,LCB,8,2
2026-07-31T09:40:30Z,ARI,Kitan Crawford,00-0040230,4430821,Base 4-3 D,SS,9,2
2026-07-31T09:40:30Z,ARI,Dadrion Taylor-Demerson,00-0039864,4428633,Base 4-3 D,FS,10,2
2026-07-31T09:40:30Z,ARI,Starling Thomas V,00-0038663,4363408,Base 4-3 D,RCB,11,2
2026-07-31T09:40:30Z,ARI,Isaiah Oliver,00-0034357,3915437,Base 4-3 D,NB,12,2
2026-07-31T09:40:30Z,ARI,Jonah Williams,00-0035944,4032481,Base 4-3 D,LDE,1,3
2026-07-31T09:40:30Z,ARI,Zachary Carter,00-0037804,4240619,Base 4-3 D,LDT,2,3
2026-07-31T09:40:30Z,ARI,L.J. Collier,00-0035636,3116449,Base 4-3 D,RDT,3,3
2026-07-31T09:40:30Z,ARI,Eku Leota,00-0038782,4361272,Base 4-3 D,RDE,4,3
2026-07-31T09:40:30Z,ARI,Karson Sharar,00-0041093,4709695,Base 4-3 D,WLB,5,3
2026-07-31T09:40:30Z,ARI,Austin Keys,00-0040501,4429185,Base 4-3 D,MLB,6,3
2026-07-31T09:40:30Z,ARI,BJ Ojulari,00-0039155,4429111,Base 4-3 D,SLB,7,3
2026-07-31T09:40:30Z,ARI,Elijah Jones,00-0039823,4360203,Base 4-3 D,LCB,8,3
2026-07-31T09:40:30Z,ARI,Joey Blount,00-0037141,4240824,Base 4-3 D,FS,10,3
2026-07-31T09:40:30Z,ARI,Max Melton,00-0039807,4698113,Base 4-3 D,RCB,11,3
2026-07-31T09:40:30Z,ARI,Kei'Trel Clark,00-0038984,4426923,Base 4-3 D,NB,12,3
2026-07-31T09:40:30Z,ARI,Coziah Izzard,00-0040088,4429076,Base 4-3 D,LDT,2,4
2026-07-31T09:40:30Z,ARI,Damonic Williams,00-0041369,4685582,Base 4-3 D,RDT,3,4
2026-07-31T09:40:30Z,ARI,Cameron Robertson,,4900789,Base 4-3 D,RDE,4,4
2026-07-31T09:40:30Z,ARI,Elliott Brown,00-0039956,4240826,Base 4-3 D,SLB,7,4
2026-07-31T09:40:30Z,ARI,Elijah Culp,00-0041364,4572261,Base 4-3 D,LCB,8,4
2026-07-31T09:40:30Z,ARI,Wydett Williams Jr.,00-0041370,5099542,Base 4-3 D,FS,10,4
2026-07-31T09:40:30Z,ARI,Jaden Davis,00-0039416,4426435,Base 4-3 D,NB,12,4
2026-07-31T09:40:30Z,ARI,Kaleb Proctor,00-0041555,5084514,Base 4-3 D,LDT,2,5
2026-07-31T09:40:30Z,ARI,Kalen King,00-0039239,4431433,Base 4-3 D,NB,12,5
2026-07-31T09:40:30Z,ARI,Chad Ryland,00-0038567,4363538,Special Teams,PK,1,1
2026-07-31T09:40:30Z,ARI,Blake Gillikin,00-0035859,4045180,Special Teams,P,2,1
2026-07-31T09:40:30Z,ARI,Blake Gillikin,00-0035859,4045180,Special Teams,H,3,1
2026-07-31T09:40:30Z,ARI,Devin Duvernay,00-0036331,4039050,Special Teams,PR,4,1
2026-07-31T09:40:30Z,ARI,Devin Duvernay,00-0036331,4039050,Special Teams,KR,5,1
2026-07-31T09:40:30Z,ARI,Casey Kreiter,00-0030957,17304,Special Teams,LS,6,1
2026-07-31T09:40:30Z,ARI,Ihmir Smith-Marsette,00-0036635,4240573,Special Teams,PR,4,2
2026-07-31T09:40:30Z,ARI,Bam Knight,00-0037157,4427728,Special Teams,KR,5,2
2026-07-31T09:40:30Z,ARI,Jalen Brooks,00-0038640,4692835,Special Teams,KR,5,3
2026-07-31T09:40:30Z,ARI,Xavier Weaver,00-0039521,4428811,Special Teams,KR,5,4
2026-07-31T09:40:30Z,ARI,Ihmir Smith-Marsette,00-0036635,4240573,Special Teams,KR,5,5
2026-07-31T09:40:30Z,ARI,Marvin Harrison Jr.,00-0039849,4432708,3WR 1TE,WR,1,1
2026-07-31T09:40:30Z,ARI,Paris Johnson Jr.,00-0038540,4428991,3WR 1TE,LT,3,1
2026-07-31T09:40:30Z,ARI,Isaac Seumalo,00-0032954,2978247,3WR 1TE,LG,4,1
2026-07-31T09:40:30Z,ARI,Hjalte Froholdt,00-0035258,3886633,3WR 1TE,C,5,1
2026-07-31T09:40:30Z,ARI,Isaiah Adams,00-0039808,5084939,3WR 1TE,RG,6,1
2026-07-31T09:40:30Z,ARI,Elijah Wilkinson,00-0033676,3059839,3WR 1TE,RT,7,1
2026-07-31T09:40:30Z,ARI,Jacoby Brissett,00-0033119,2578570,3WR 1TE,QB,9,1
2026-07-31T09:40:30Z,ARI,Trey McBride,00-0037744,4361307,3WR 1TE,TE,10,1
2026-07-31T09:40:30Z,ARI,Jeremiyah Love,00-0041027,4870808,3WR 1TE,RB,11,1
2026-07-31T09:40:30Z,ARI,Michael Wilson,00-0038559,4360761,3WR 1TE,WR,2,2
2026-07-31T09:40:30Z,ARI,Josh Fryar,00-0040382,4429782,3WR 1TE,LT,3,2
2026-07-31T09:40:30Z,ARI,Jon Gaines II,00-0038571,4367199,3WR 1TE,LG,4,2
2026-07-31T09:40:30Z,ARI,Hayden Conner,00-0040219,4431214,3WR 1TE,C,5,2
2026-07-31T09:40:30Z,ARI,Chase Bisontis,00-0041468,4870596,3WR 1TE,RG,6,2
2026-07-31T09:40:30Z,ARI,Olisaemeka Udoh,00-0034994,3120502,3WR 1TE,RT,7,2
2026-07-31T09:40:30Z,ARI,Gardner Minshew II,00-0035289,4038524,3WR 1TE,QB,9,2
2026-07-31T09:40:30Z,ARI,Tip Reiman,00-0039737,4696700,3WR 1TE,TE,10,2
2026-07-31T09:40:30Z,ARI,Tyler Allgeier,00-0037263,4373626,3WR 1TE,RB,11,2
2026-07-31T09:40:30Z,ARI,Kendrick Bourne,00-0033307,3045523,3WR 1TE,WR,8,3
2026-07-31T09:40:30Z,ARI,Christian Jones,00-0039382,4362103,3WR 1TE,LT,3,3
2026-07-31T09:40:30Z,ARI,Ka'ena De Cambra,DEC076308,4875802,3WR 1TE,C,5,3
2026-07-31T09:40:30Z,ARI,Matt Pryor,00-0034417,3055886,3WR 1TE,RG,6,3
2026-07-31T09:40:30Z,ARI,Jayden Williams,00-0041113,4709718,3WR 1TE,RT,7,3
2026-07-31T09:40:30Z,ARI,Carson Beck,00-0041561,4430841,3WR 1TE,QB,9,3
2026-07-31T09:40:30Z,ARI,Elijah Higgins,00-0039041,4426844,3WR 1TE,TE,10,3
2026-07-31T09:40:30Z,ARI,James Conner,00-0033553,3045147,3WR 1TE,RB,11,3
2026-07-31T09:40:30Z,ARI,Xavier Weaver,00-0039521,4428811,3WR 1TE,WR,1,4
2026-07-31T09:40:30Z,ARI,Valentin Senn,00-0040765,4428458,3WR 1TE,LT,3,4
2026-07-31T09:40:30Z,ARI,Demontrey Jacobs,00-0038792,4250935,3WR 1TE,RT,7,4
2026-07-31T09:40:30Z,ARI,Kedon Slovis,00-0039577,4428512,3WR 1TE,QB,9,4
2026-07-31T09:40:30Z,ARI,Teagan Quitoriano,00-0037277,4374045,3WR 1TE,TE,10,4
2026-07-31T09:40:30Z,ARI,Trey Benson,00-0039921,4429275,3WR 1TE,RB,11,4
2026-07-31T09:40:30Z,ARI,Reggie Virgil,00-0041070,4869132,3WR 1TE,WR,2,5
2026-07-31T09:40:30Z,ARI,Kenny Yeboah,00-0036510,4044144,3WR 1TE,TE,10,5
2026-07-31T09:40:30Z,ARI,Bam Knight,00-0037157,4427728,3WR 1TE,RB,11,5
2026-07-31T09:40:30Z,ARI,Devin Duvernay,00-0036331,4039050,3WR 1TE,WR,8,6
2026-07-31T09:40:30Z,ARI,Rivaldo Fairweather,00-0040046,4605858,3WR 1TE,TE,10,6
2026-07-31T09:40:30Z,ARI,Corey Kiner,00-0040556,4431431,3WR 1TE,RB,11,6
2026-07-31T09:40:30Z,ARI,Simi Fehoko,00-0036646,4360739,3WR 1TE,WR,1,7
2026-07-31T09:40:30Z,ARI,Jameson Geers,00-0041366,4588298,3WR 1TE,TE,10,7
2026-07-31T09:40:30Z,ARI,Jalen Brooks,00-0038640,4692835,3WR 1TE,WR,2,8
2026-07-31T09:40:30Z,ARI,Tejhaun Palmer,00-0039397,4875912,3WR 1TE,WR,8,9
2026-07-31T09:40:30Z,ARI,Harrison Wallace III,00-0041368,4699354,3WR 1TE,WR,1,10
2026-07-31T09:40:30Z,ARI,Bryson Green,00-0040383,4432705,3WR 1TE,WR,2,11
2026-07-31T09:40:30Z,ARI,Ihmir Smith-Marsette,00-0036635,4240573,3WR 1TE,WR,8,12
2026-07-31T09:40:30Z,ATL,Brandon Dorlus,00-0039859,4427090,Base 3-4 D,LDE,1,1
2026-07-31T09:40:30Z,ATL,Da'Shawn Hand,00-0034371,3126352,Base 3-4 D,NT,2,1
2026-07-31T09:40:30Z,ATL,Zach Harrison,00-0038980,4426412,Base 3-4 D,RDE,3,1
2026-07-31T09:40:30Z,ATL,Jalon Walker,00-0040577,4685597,Base 3-4 D,WLB,4,1
2026-07-31T09:40:30Z,ATL,Divine Deablo,00-0036990,4037626,Base 3-4 D,LILB,5,1
2026-07-31T09:40:30Z,ATL,Christian Harris,00-0037823,4567099,Base 3-4 D,RILB,6,1
2026-07-31T09:40:30Z,ATL,James Pearce Jr.,00-0040578,5081394,Base 3-4 D,SLB,7,1
2026-07-31T09:40:30Z,ATL,A.J. Terrell Jr.,00-0036285,4239995,Base 3-4 D,LCB,8,1
2026-07-31T09:40:30Z,ATL,Jessie Bates III,00-0034675,3919512,Base 3-4 D,SS,9,1
2026-07-31T09:40:30Z,ATL,Xavier Watts,00-0040148,4431005,Base 3-4 D,FS,10,1
2026-07-31T09:40:30Z,ATL,Mike Hughes,00-0034843,3895841,Base 3-4 D,RCB,11,1
2026-07-31T09:40:30Z,ATL,Billy Bowman Jr.,00-0040156,4431194,Base 3-4 D,NB,12,1
2026-07-31T09:40:30Z,ATL,LaCale London,00-0036204,4376288,Base 3-4 D,LDE,1,2
2026-07-31T09:40:30Z,ATL,Maason Smith,00-0039889,4431567,Base 3-4 D,NT,2,2
2026-07-31T09:40:30Z,ATL,Chris Williams,00-0035857,4034530,Base 3-4 D,RDE,3,2
2026-07-31T09:40:30Z,ATL,Cameron Thomas,00-0037815,4361510,Base 3-4 D,WLB,4,2
2026-07-31T09:40:30Z,ATL,Josh Woods,00-0034801,3128303,Base 3-4 D,LILB,5,2
2026-07-31T09:40:30Z,ATL,JD Bertrand,00-0039370,4428872,Base 3-4 D,RILB,6,2
2026-07-31T09:40:30Z,ATL,Samson Ebukam,00-0033945,3045527,Base 3-4 D,SLB,7,2
2026-07-31T09:40:30Z,ATL,Clark Phillips III,00-0038568,4429067,Base 3-4 D,LCB,8,2
2026-07-31T09:40:30Z,ATL,Jammie Robinson,00-0038587,4430411,Base 3-4 D,SS,9,2
2026-07-31T09:40:30Z,ATL,Sydney Brown,00-0039002,4360386,Base 3-4 D,FS,10,2
2026-07-31T09:40:30Z,ATL,Avieon Terrell,00-0041469,4870988,Base 3-4 D,RCB,11,2
2026-07-31T09:40:30Z,ATL,Mike Ford Jr.,00-0034639,3050916,Base 3-4 D,NB,12,2
2026-07-31T09:40:30Z,ATL,Devonnsha Maxwell,00-0038893,4247287,Base 3-4 D,LDE,1,3
2026-07-31T09:40:30Z,ATL,Anterio Thompson,00-0041484,5150660,Base 3-4 D,NT,2,3
2026-07-31T09:40:30Z,ATL,DeAngelo Malone,00-0037808,4243457,Base 3-4 D,WLB,4,3
2026-07-31T09:40:30Z,ATL,Channing Tindall,00-0037813,4379414,Base 3-4 D,LILB,5,3
2026-07-31T09:40:30Z,ATL,Troy Andersen,00-0037810,4247807,Base 3-4 D,RILB,6,3
2026-07-31T09:40:30Z,ATL,Azeez Ojulari,00-0036552,4379409,Base 3-4 D,SLB,7,3
2026-07-31T09:40:30Z,ATL,Cobee Bryant,00-0040546,4429324,Base 3-4 D,LCB,8,3
2026-07-31T09:40:30Z,ATL,DeMarcco Hellams,00-0038628,4567111,Base 3-4 D,FS,10,3
2026-07-31T09:40:30Z,ATL,C.J. Henderson,00-0036281,4240596,Base 3-4 D,RCB,11,3
2026-07-31T09:40:30Z,ATL,Darren Hall,00-0036956,4261606,Base 3-4 D,NB,12,3
2026-07-31T09:40:30Z,ATL,Carlos Allen Jr.,00-0041184,4696117,Base 3-4 D,NT,2,4
2026-07-31T09:40:30Z,ATL,Harold Perkins Jr.,00-0041112,4685502,Base 3-4 D,LILB,5,4
2026-07-31T09:40:30Z,ATL,Kendal Daniels,00-0041066,4595343,Base 3-4 D,RILB,6,4
2026-07-31T09:40:30Z,ATL,Keshawn Banks,00-0038462,4361508,Base 3-4 D,SLB,7,4
2026-07-31T09:40:30Z,ATL,Natrone Brooks,00-0038966,4689989,Base 3-4 D,LCB,8,4
2026-07-31T09:40:30Z,ATL,Malik Verdon,00-0040554,4684636,Base 3-4 D,FS,10,4
2026-07-31T09:40:30Z,ATL,Darnay Holmes,00-0036394,4242973,Base 3-4 D,RCB,11,4
2026-07-31T09:40:30Z,ATL,A.J. Woods,00-0039685,4428932,Base 3-4 D,NB,12,4
2026-07-31T09:40:30Z,ATL,Daveren Rayner,00-0041409,4430670,Base 3-4 D,LILB,5,5
2026-07-31T09:40:30Z,ATL,Bralen Trice,00-0039837,4428713,Base 3-4 D,SLB,7,5
2026-07-31T09:40:30Z,ATL,Malcolm DeWalt IV,00-0041188,5225251,Base 3-4 D,RCB,11,5
2026-07-31T09:40:30Z,ATL,Nick Folk,00-0025565,10621,Special Teams,PK,1,1
2026-07-31T09:40:30Z,ATL,Jake Bailey,00-0035280,3931395,Special Teams,P,2,1
2026-07-31T09:40:30Z,ATL,Jake Bailey,00-0035280,3931395,Special Teams,H,3,1
2026-07-31T09:40:30Z,ATL,Zachariah Branch,00-0041044,4870612,Special Teams,PR,4,1
2026-07-31T09:40:30Z,ATL,Zachariah Branch,00-0041044,4870612,Special Teams,KR,5,1
2026-07-31T09:40:30Z,ATL,Liam McCullough,00-0036082,3915528,Special Teams,LS,6,1
2026-07-31T09:40:30Z,ATL,Matthew Hayball,00-0039611,4571597,Special Teams,P,2,2
2026-07-31T09:40:30Z,ATL,Matthew Hayball,00-0039611,4571597,Special Teams,H,3,2
2026-07-31T09:40:30Z,ATL,Vinny Anthony II,00-0041185,4869816,Special Teams,KR,5,2
2026-07-31T09:40:30Z,ATL,Philip Florenzo,00-0041189,4890180,Special Teams,LS,6,2
2026-07-31T09:40:30Z,ATL,Natrone Brooks,00-0038966,4689989,Special Teams,KR,5,3
2026-07-31T09:40:30Z,ATL,Dylan Drummond,00-0038953,4363551,Special Teams,KR,5,4
2026-07-31T09:40:30Z,ATL,Tyler Goodson,00-0037120,4429676,Special Teams,KR,5,5
2026-07-31T09:40:30Z,ATL,Drake London,00-0037238,4426502,3WR 1TE,WR,1,1
2026-07-31T09:40:30Z,ATL,Jake Matthews,00-0031279,16713,3WR 1TE,LT,3,1
2026-07-31T09:40:30Z,ATL,Matthew Bergeron,00-0039048,4568510,3WR 1TE,LG,4,1
2026-07-31T09:40:30Z,ATL,Ryan Neuzil,00-0036833,4036444,3WR 1TE,C,5,1
2026-07-31T09:40:30Z,ATL,Chris Lindstrom,00-0035630,3672833,3WR 1TE,RG,6,1
2026-07-31T09:40:30Z,ATL,Jawaan Taylor,00-0035237,4034961,3WR 1TE,RT,7,1
2026-07-31T09:40:30Z,ATL,Tua Tagovailoa,00-0036212,4241479,3WR 1TE,QB,9,1
2026-07-31T09:40:30Z,ATL,Kyle Pitts Sr.,00-0036970,4360248,3WR 1TE,TE,10,1
2026-07-31T09:40:30Z,ATL,Bijan Robinson,00-0038542,4430807,3WR 1TE,RB,11,1
2026-07-31T09:40:30Z,ATL,Jahan Dotson,00-0037741,4361409,3WR 1TE,WR,2,2
2026-07-31T09:40:30Z,ATL,Jack Nelson,00-0040224,4693369,3WR 1TE,LT,3,2
2026-07-31T09:40:30Z,ATL,Kyle Hinton,00-0036354,4682831,3WR 1TE,LG,4,2
2026-07-31T09:40:30Z,ATL,Corey Levin,00-0033793,2973637,3WR 1TE,C,5,2
2026-07-31T09:40:30Z,ATL,Ethan Onianwa,00-0041121,4683194,3WR 1TE,RG,6,2
2026-07-31T09:40:30Z,ATL,Wanya Morris,00-0038981,4570577,3WR 1TE,RT,7,2
2026-07-31T09:40:30Z,ATL,Michael Penix Jr.,00-0039917,4360423,3WR 1TE,QB,9,2
2026-07-31T09:40:30Z,ATL,Austin Hooper,00-0032392,3043275,3WR 1TE,TE,10,2
2026-07-31T09:40:30Z,ATL,Brian Robinson Jr.,00-0037746,4241474,3WR 1TE,RB,11,2
2026-07-31T09:40:30Z,ATL,Olamide Zaccheaus,00-0035208,3917914,3WR 1TE,WR,8,3
2026-07-31T09:40:30Z,ATL,Riley Mahlman,00-0041192,4431448,3WR 1TE,LT,3,3
2026-07-31T09:40:30Z,ATL,Kam Dewberry,00-0041276,4685332,3WR 1TE,LG,4,3
2026-07-31T09:40:30Z,ATL,James Brockermeyer,00-0041186,4567783,3WR 1TE,C,5,3
2026-07-31T09:40:30Z,ATL,Andrew Stueber,00-0037620,4258207,3WR 1TE,RG,6,3
2026-07-31T09:40:30Z,ATL,Michael Jerrell,00-0039842,5209093,3WR 1TE,RT,7,3
2026-07-31T09:40:30Z,ATL,Jack Strand,00-0041194,5344782,3WR 1TE,QB,9,3
2026-07-31T09:40:30Z,ATL,Charlie Woerner,00-0036429,4035020,3WR 1TE,TE,10,3
2026-07-31T09:40:30Z,ATL,Tyler Goodson,00-0037120,4429676,3WR 1TE,RB,11,3
2026-07-31T09:40:30Z,ATL,Zachariah Branch,00-0041044,4870612,3WR 1TE,WR,1,4
2026-07-31T09:40:30Z,ATL,Layden Robinson,00-0039887,4428368,3WR 1TE,LG,4,4
2026-07-31T09:40:30Z,ATL,Brandon Walton,00-0036123,4040778,3WR 1TE,RG,6,4
2026-07-31T09:40:30Z,ATL,Storm Norton,00-0033752,2973014,3WR 1TE,RT,7,4
2026-07-31T09:40:30Z,ATL,Cooper Rush,00-0033662,2972515,3WR 1TE,QB,9,4
2026-07-31T09:40:30Z,ATL,Joshua Simon,00-0040552,4430482,3WR 1TE,TE,10,4
2026-07-31T09:40:30Z,ATL,Nathan Carter,00-0040547,4605841,3WR 1TE,RB,11,4
2026-07-31T09:40:30Z,ATL,Dylan Drummond,00-0038953,4363551,3WR 1TE,WR,2,5
2026-07-31T09:40:30Z,ATL,Jack Velling,00-0041195,4832827,3WR 1TE,TE,10,5
2026-07-31T09:40:30Z,ATL,Cash Jones,00-0041191,4881826,3WR 1TE,RB,11,5
2026-07-31T09:40:30Z,ATL,Vinny Anthony II,00-0041185,4869816,3WR 1TE,WR,8,6
2026-07-31T09:40:30Z,ATL,Chris Blair,00-0036463,4369886,3WR 1TE,WR,1,7
2026-07-31T09:40:30Z,ATL,Juice Wells Jr.,00-0040438,4696062,3WR 1TE,WR,2,8
2026-07-31T09:40:30Z,ATL,Le'Meke Brockington,00-0041187,4596010,3WR 1TE,WR,8,9
2026-07-31T09:40:30Z,ATL,Keelan Marion,00-0041266,4604004,3WR 1TE,WR,1,10
2026-07-31T09:40:30Z,BAL,Nnamdi Madubuike,00-0036130,4035245,Base 3-4 D,LDE,1,1
2026-07-31T09:40:30Z,BAL,Travis Jones,00-0037756,4362139,Base 3-4 D,NT,2,1
2026-07-31T09:40:30Z,BAL,John Jenkins,00-0030070,15846,Base 3-4 D,RDE,3,1
2026-07-31T09:40:30Z,BAL,Tavius Robinson,00-0038505,4690179,Base 3-4 D,WLB,4,1
2026-07-31T09:40:30Z,BAL,Roquan Smith,00-0034874,3915189,Base 3-4 D,LILB,5,1
2026-07-31T09:40:30Z,BAL,Teddye Buchanan,00-0040069,4698244,Base 3-4 D,RILB,6,1
2026-07-31T09:40:30Z,BAL,Trey Hendrickson,00-0033935,3052743,Base 3-4 D,SLB,7,1
2026-07-31T09:40:30Z,BAL,Nate Wiggins,00-0039232,4601278,Base 3-4 D,LCB,8,1
2026-07-31T09:40:30Z,BAL,Kyle Hamilton,00-0038038,4575517,Base 3-4 D,SS,9,1
2026-07-31T09:40:30Z,BAL,Malaki Starks,00-0040688,4685530,Base 3-4 D,FS,10,1
2026-07-31T09:40:30Z,BAL,Chidobe Awuzie,00-0033548,3052101,Base 3-4 D,RCB,11,1
2026-07-31T09:40:30Z,BAL,Marlon Humphrey,00-0033281,3126356,Base 3-4 D,NB,12,1
2026-07-31T09:40:30Z,BAL,Calais Campbell,00-0026190,11284,Base 3-4 D,LDE,1,2
2026-07-31T09:40:30Z,BAL,CJ Okoye,00-0039176,5144942,Base 3-4 D,NT,2,2
2026-07-31T09:40:30Z,BAL,David Olajiga,00-0039938,5211114,Base 3-4 D,RDE,3,2
2026-07-31T09:40:30Z,BAL,Zion Young,00-0041494,4839501,Base 3-4 D,WLB,4,2
2026-07-31T09:40:30Z,BAL,Carl Jones,00-0039460,4569428,Base 3-4 D,LILB,5,2
2026-07-31T09:40:30Z,BAL,Trenton Simpson,00-0038504,4430831,Base 3-4 D,RILB,6,2
2026-07-31T09:40:30Z,BAL,Mike Green,00-0040722,4683188,Base 3-4 D,SLB,7,2
2026-07-31T09:40:30Z,BAL,Amani Oruwariye,00-0035270,3116175,Base 3-4 D,LCB,8,2
2026-07-31T09:40:30Z,BAL,Keondre Jackson,00-0040104,4878287,Base 3-4 D,SS,9,2
2026-07-31T09:40:30Z,BAL,Jaylinn Hawkins,00-0036302,3858276,Base 3-4 D,FS,10,2
2026-07-31T09:40:30Z,BAL,T.J. Tampa,00-0039234,4575483,Base 3-4 D,RCB,11,2
2026-07-31T09:40:30Z,BAL,Chandler Rivers,00-0040885,4702918,Base 3-4 D,NB,12,2
2026-07-31T09:40:30Z,BAL,Broderick Washington Jr.,00-0036081,3915837,Base 3-4 D,LDE,1,3
2026-07-31T09:40:30Z,BAL,Dion Wilson Jr.,00-0040995,4697761,Base 3-4 D,RDE,3,3
2026-07-31T09:40:30Z,BAL,Kaimon Rucker,00-0040658,4433904,Base 3-4 D,WLB,4,3
2026-07-31T09:40:30Z,BAL,Jay Higgins IV,00-0040100,4565350,Base 3-4 D,LILB,5,3
2026-07-31T09:40:30Z,BAL,Reid Williford,00-0040994,4880362,Base 3-4 D,RILB,6,3
2026-07-31T09:40:30Z,BAL,Adisa Isaac,00-0039791,4426372,Base 3-4 D,SLB,7,3
2026-07-31T09:40:30Z,BAL,Bilhal Kone,00-0040073,5083656,Base 3-4 D,LCB,8,3
2026-07-31T09:40:30Z,BAL,Jahquez Robinson,00-0040988,4433887,Base 3-4 D,SS,9,3
2026-07-31T09:40:30Z,BAL,K'Von Wallace,00-0036395,4035463,Base 3-4 D,FS,10,3
2026-07-31T09:40:30Z,BAL,Marquise Robinson,00-0040112,5082541,Base 3-4 D,RCB,11,3
2026-07-31T09:40:30Z,BAL,Keyon Martin,00-0040636,4694334,Base 3-4 D,NB,12,3
2026-07-31T09:40:30Z,BAL,Aeneas Peebles,00-0040076,4565311,Base 3-4 D,LDE,1,4
2026-07-31T09:40:30Z,BAL,Dominic DeLuca,00-0040980,4875379,Base 3-4 D,LILB,5,4
2026-07-31T09:40:30Z,BAL,Ethan Burke,00-0040978,4908867,Base 3-4 D,SLB,7,4
2026-07-31T09:40:30Z,BAL,Matthew McDoom,00-0040983,4685443,Base 3-4 D,LCB,8,4
2026-07-31T09:40:30Z,BAL,Lardarius Webb,00-0027060,12747,Base 3-4 D,RCB,11,4
2026-07-31T09:40:30Z,BAL,Robert Longerbeam,00-0040077,4575860,Base 3-4 D,NB,12,4
2026-07-31T09:40:30Z,BAL,Rayshaun Benny,00-0040907,4432661,Base 3-4 D,LDE,1,5
2026-07-31T09:40:30Z,BAL,Silas Walters,00-0040992,4880219,Base 3-4 D,NB,12,5
2026-07-31T09:40:30Z,BAL,Aaron Graves,00-0040982,4685355,Base 3-4 D,LDE,1,6
2026-07-31T09:40:30Z,BAL,Tyler Loop,00-0040074,4697745,Special Teams,PK,1,1
2026-07-31T09:40:30Z,BAL,Ryan Eckley,00-0040898,5084956,Special Teams,P,2,1
2026-07-31T09:40:30Z,BAL,Ryan Eckley,00-0040898,5084956,Special Teams,H,3,1
2026-07-31T09:40:30Z,BAL,LaJohntay Wester,00-0040075,4690143,Special Teams,PR,4,1
2026-07-31T09:40:30Z,BAL,Rasheen Ali,00-0039796,4690013,Special Teams,KR,5,1
2026-07-31T09:40:30Z,BAL,Nick Moore,00-0035408,3915184,Special Teams,LS,6,1
2026-07-31T09:40:30Z,BAL,Elijah Sarratt,00-0040876,5088338,Special Teams,PR,4,2
2026-07-31T09:40:30Z,BAL,LaJohntay Wester,00-0040075,4690143,Special Teams,KR,5,2
2026-07-31T09:40:30Z,BAL,Justice Hill,00-0034975,4038441,Special Teams,KR,5,3
2026-07-31T09:40:30Z,BAL,Zay Flowers,00-0039064,4429615,3WR 1TE,WR,1,1
2026-07-31T09:40:30Z,BAL,Ronnie Stanley,00-0032965,2980153,3WR 1TE,LT,3,1
2026-07-31T09:40:30Z,BAL,John Simpson,00-0036369,4035479,3WR 1TE,LG,4,1
2026-07-31T09:40:30Z,BAL,Ethan Pocic,00-0033901,3042738,3WR 1TE,C,5,1
2026-07-31T09:40:30Z,BAL,Olaivavega Ioane,00-0040866,4832793,3WR 1TE,RG,6,1
2026-07-31T09:40:30Z,BAL,Roger Rosengarten,00-0039233,4430876,3WR 1TE,RT,7,1
2026-07-31T09:40:30Z,BAL,Lamar Jackson,00-0034796,3916387,3WR 1TE,QB,9,1
2026-07-31T09:40:30Z,BAL,Mark Andrews,00-0034753,3116365,3WR 1TE,TE,10,1
2026-07-31T09:40:30Z,BAL,Derrick Henry,00-0032764,3043078,3WR 1TE,RB,11,1
2026-07-31T09:40:30Z,BAL,Lucas Scott,00-0040637,4879972,3WR 1TE,FB,12,1
2026-07-31T09:40:30Z,BAL,Rashod Bateman,00-0036550,4360939,3WR 1TE,WR,2,2
2026-07-31T09:40:30Z,BAL,Gerad Lichtenhan,00-0040098,4686768,3WR 1TE,LT,3,2
2026-07-31T09:40:30Z,BAL,Andrew Vorhees,00-0038383,4243220,3WR 1TE,LG,4,2
2026-07-31T09:40:30Z,BAL,Danny Pinter,00-0036215,3915470,3WR 1TE,C,5,2
2026-07-31T09:40:30Z,BAL,Emery Jones Jr.,00-0040068,4685736,3WR 1TE,RG,6,2
2026-07-31T09:40:30Z,BAL,Carson Vinson,00-0040070,4769895,3WR 1TE,RT,7,2
2026-07-31T09:40:30Z,BAL,Tyler Huntley,00-0035993,4035671,3WR 1TE,QB,9,2
2026-07-31T09:40:30Z,BAL,Durham Smythe,00-0034798,3052897,3WR 1TE,TE,10,2
2026-07-31T09:40:30Z,BAL,Justice Hill,00-0034975,4038441,3WR 1TE,RB,11,2
2026-07-31T09:40:30Z,BAL,Devontez Walker,00-0039792,4696882,3WR 1TE,WR,8,3
2026-07-31T09:40:30Z,BAL,Diego Pounds,00-0040987,4602984,3WR 1TE,LT,3,3
2026-07-31T09:40:30Z,BAL,Hakeem Adeniji,00-0036310,4046557,3WR 1TE,LG,4,3
2026-07-31T09:40:30Z,BAL,Jovaughn Gwyn,00-0038629,4362845,3WR 1TE,C,5,3
2026-07-31T09:40:30Z,BAL,Evan Beerntsen,00-0040909,4572675,3WR 1TE,RG,6,3
2026-07-31T09:40:30Z,BAL,Joe Fagnano,00-0040981,4429582,3WR 1TE,QB,9,3
2026-07-31T09:40:30Z,BAL,Matthew Hibner,00-0040879,4432260,3WR 1TE,TE,10,3
2026-07-31T09:40:30Z,BAL,Rasheen Ali,00-0039796,4690013,3WR 1TE,RB,11,3
2026-07-31T09:40:30Z,BAL,Ja'Kobi Lane,00-0040870,4870847,3WR 1TE,WR,1,4
2026-07-31T09:40:30Z,BAL,Corey Bullock,00-0039242,4576075,3WR 1TE,C,5,4
2026-07-31T09:40:30Z,BAL,Skylar Thompson,00-0037327,4036419,3WR 1TE,QB,9,4
2026-07-31T09:40:30Z,BAL,Josh Cuevas,00-0040887,4876132,3WR 1TE,TE,10,4
2026-07-31T09:40:30Z,BAL,Adam Randall,00-0040888,4685526,3WR 1TE,RB,11,4
2026-07-31T09:40:30Z,BAL,Elijah Sarratt,00-0040876,5088338,3WR 1TE,WR,2,5
2026-07-31T09:40:30Z,BAL,Nick Dawkins,00-0040979,4431060,3WR 1TE,C,5,5
2026-07-31T09:40:30Z,BAL,Ty Pezza,00-0040986,5084402,3WR 1TE,TE,10,5
2026-07-31T09:40:30Z,BAL,Dontae McMillan,00-0040984,4427971,3WR 1TE,RB,11,5
2026-07-31T09:40:30Z,BAL,Chris Moore,00-0032398,2576581,3WR 1TE,WR,8,6
2026-07-31T09:40:30Z,BAL,Elijah Tau-Tolliver,00-0040991,4876311,3WR 1TE,RB,11,6
2026-07-31T09:40:30Z,BAL,LaJohntay Wester,00-0040075,4690143,3WR 1TE,WR,1,7
2026-07-31T09:40:30Z,BAL,Dayton Wade,00-0039259,4428763,3WR 1TE,WR,2,8
2026-07-31T09:40:30Z,BAL,Cornelius Johnson,00-0039437,4426479,3WR 1TE,WR,8,9
2026-07-31T09:40:30Z,BAL,Xavier Guillory,00-0040099,4695910,3WR 1TE,WR,1,10
2026-07-31T09:40:30Z,BAL,Cortez Braham Jr.,00-0040977,5081997,3WR 1TE,WR,2,11
2026-07-31T09:40:30Z,BAL,Octavian Smith Jr.,00-0040989,4869520,3WR 1TE,WR,8,12
2026-07-31T09:40:30Z,BUF,T.J. Sanders,00-0040724,4684527,Base 3-4 D,LDE,1,1
2026-07-31T09:40:30Z,BUF,Deone Walker,00-0040710,4831989,Base 3-4 D,NT,2,1
2026-07-31T09:40:30Z,BUF,Ed Oliver,00-0035230,4039303,Base 3-4 D,RDE,3,1
2026-07-31T09:40:30Z,BUF,Greg Rousseau,00-0036914,4362506,Base 3-4 D,WLB,4,1
2026-07-31T09:40:30Z,BUF,Dorian Williams,00-0038557,4568624,Base 3-4 D,LILB,5,1
2026-07-31T09:40:30Z,BUF,Terrel Bernard,00-0037254,4259166,Base 3-4 D,RILB,6,1
2026-07-31T09:40:30Z,BUF,Bradley Chubb,00-0034832,3116733,Base 3-4 D,SLB,7,1
2026-07-31T09:40:30Z,BUF,Christian Benford,00-0037288,4379778,Base 3-4 D,LCB,8,1
2026-07-31T09:40:30Z,BUF,Cole Bishop,00-0039872,4676004,Base 3-4 D,SS,9,1
2026-07-31T09:40:30Z,BUF,Geno Stone,00-0036199,4240575,Base 3-4 D,FS,10,1
2026-07-31T09:40:30Z,BUF,Maxwell Hairston,00-0040709,4688931,Base 3-4 D,RCB,11,1
2026-07-31T09:40:30Z,BUF,C.J. Gardner-Johnson,00-0035253,4034953,Base 3-4 D,NB,12,1
2026-07-31T09:40:30Z,BUF,Phidarian Mathis,00-0038099,4241468,Base 3-4 D,LDE,1,2
2026-07-31T09:40:30Z,BUF,DeWayne Carter,00-0039873,4426883,Base 3-4 D,NT,2,2
2026-07-31T09:40:30Z,BUF,Zane Durant,00-0041091,4685347,Base 3-4 D,RDE,3,2
2026-07-31T09:40:30Z,BUF,Michael Hoecht,00-0035933,4033234,Base 3-4 D,WLB,4,2
2026-07-31T09:40:30Z,BUF,Kaleb Elarms-Orr,00-0041444,4594321,Base 3-4 D,LILB,5,2
2026-07-31T09:40:30Z,BUF,Demetrius Flannigan-Fowles,00-0035020,3931424,Base 3-4 D,RILB,6,2
2026-07-31T09:40:30Z,BUF,TJ Parker,00-0041036,4870886,Base 3-4 D,SLB,7,2
2026-07-31T09:40:30Z,BUF,Toriano Pride Jr.,00-0041115,4698598,Base 3-4 D,LCB,8,2
2026-07-31T09:40:30Z,BUF,Jalon Kilgore,00-0041086,5076951,Base 3-4 D,SS,9,2
2026-07-31T09:40:30Z,BUF,Damar Hamlin,00-0036888,4036060,Base 3-4 D,FS,10,2
2026-07-31T09:40:30Z,BUF,Davison Igbinosun,00-0041391,4832035,Base 3-4 D,RCB,11,2
2026-07-31T09:40:30Z,BUF,Jalon Kilgore,00-0041086,5076951,Base 3-4 D,NB,12,2
2026-07-31T09:40:30Z,BUF,Zion Logue,00-0039400,4427826,Base 3-4 D,LDE,1,3
2026-07-31T09:40:30Z,BUF,Tommy Akingbesote,00-0040022,4683450,Base 3-4 D,RDE,3,3
2026-07-31T09:40:30Z,BUF,Javon Solomon,00-0039879,4428548,Base 3-4 D,WLB,4,3
2026-07-31T09:40:30Z,BUF,Joe Andreessen,00-0039763,4366349,Base 3-4 D,LILB,5,3
2026-07-31T09:40:30Z,BUF,Keonta Jenkins,00-0040362,4577066,Base 3-4 D,RILB,6,3
2026-07-31T09:40:30Z,BUF,Mike Danna,00-0036378,3915487,Base 3-4 D,SLB,7,3
2026-07-31T09:40:30Z,BUF,Te'Cory Couch,00-0039469,4427348,Base 3-4 D,LCB,8,3
2026-07-31T09:40:30Z,BUF,Jordan Hancock,00-0040192,4596480,Base 3-4 D,FS,10,3
2026-07-31T09:40:30Z,BUF,Dorian Strong,00-0040197,4568703,Base 3-4 D,RCB,11,3
2026-07-31T09:40:30Z,BUF,Dee Alford,00-0037034,4401823,Base 3-4 D,NB,12,3
2026-07-31T09:40:30Z,BUF,Kody Huisman,00-0041271,4879270,Base 3-4 D,LDE,1,4
2026-07-31T09:40:30Z,BUF,Landon Jackson,00-0040132,4432715,Base 3-4 D,WLB,4,4
2026-07-31T09:40:30Z,BUF,Jimmy Ciarlo,00-0039277,4689804,Base 3-4 D,LILB,5,4
2026-07-31T09:40:30Z,BUF,Andre Jones Jr.,00-0038635,4249214,Base 3-4 D,SLB,7,4
2026-07-31T09:40:30Z,BUF,Jordan Dunbar,00-0041269,4576144,Base 3-4 D,LCB,8,4
2026-07-31T09:40:30Z,BUF,Sam Franklin Jr.,00-0036037,4044133,Base 3-4 D,FS,10,4
2026-07-31T09:40:30Z,BUF,Cade Denhoff,00-0041268,4567943,Base 3-4 D,WLB,4,5
2026-07-31T09:40:30Z,BUF,Theron Gaines,00-0041223,5084058,Base 3-4 D,LILB,5,5
2026-07-31T09:40:30Z,BUF,Kani Walker,00-0041275,4682749,Base 3-4 D,LCB,8,5
2026-07-31T09:40:30Z,BUF,Wande Owens,00-0040364,4573684,Base 3-4 D,FS,10,5
2026-07-31T09:40:30Z,BUF,Tyler Bass,00-0036162,3917232,Special Teams,PK,1,1
2026-07-31T09:40:30Z,BUF,Mitch Wishnowsky,00-0034941,4035685,Special Teams,P,2,1
2026-07-31T09:40:30Z,BUF,Mitch Wishnowsky,00-0034941,4035685,Special Teams,H,3,1
2026-07-31T09:40:30Z,BUF,Khalil Shakir,00-0037261,4373678,Special Teams,PR,4,1
2026-07-31T09:40:30Z,BUF,Ray Davis,00-0039875,4429501,Special Teams,KR,5,1
2026-07-31T09:40:30Z,BUF,Reid Ferguson,00-0032497,2976549,Special Teams,LS,6,1
2026-07-31T09:40:30Z,BUF,Tommy Doman Jr.,00-0041126,4682758,Special Teams,P,2,2
2026-07-31T09:40:30Z,BUF,Tommy Doman Jr.,00-0041126,4682758,Special Teams,H,3,2
2026-07-31T09:40:30Z,BUF,Keon Coleman,00-0039901,4635008,Special Teams,PR,4,2
2026-07-31T09:40:30Z,BUF,Ty Johnson,00-0035537,3915411,Special Teams,KR,5,2
2026-07-31T09:40:30Z,BUF,Mecole Hardman Jr.,00-0035140,4035004,Special Teams,PR,4,3
2026-07-31T09:40:30Z,BUF,Mecole Hardman Jr.,00-0035140,4035004,Special Teams,KR,5,3
2026-07-31T09:40:30Z,BUF,Dante Pettis,00-0034860,3127306,Special Teams,KR,5,4
2026-07-31T09:40:30Z,BUF,DJ Moore,00-0034827,3915416,3WR 1TE,WR,1,1
2026-07-31T09:40:30Z,BUF,Dion Dawkins,00-0033904,3051324,3WR 1TE,LT,3,1
2026-07-31T09:40:30Z,BUF,Alec Anderson,00-0037428,4367203,3WR 1TE,LG,4,1
2026-07-31T09:40:30Z,BUF,Connor McGovern,00-0035679,4033748,3WR 1TE,C,5,1
2026-07-31T09:40:30Z,BUF,O'Cyrus Torrence,00-0038548,4428696,3WR 1TE,RG,6,1
2026-07-31T09:40:30Z,BUF,Spencer Brown,00-0036976,4030899,3WR 1TE,RT,7,1
2026-07-31T09:40:30Z,BUF,Josh Allen,00-0034857,3918298,3WR 1TE,QB,9,1
2026-07-31T09:40:30Z,BUF,Dalton Kincaid,00-0038933,4385690,3WR 1TE,TE,10,1
2026-07-31T09:40:30Z,BUF,James Cook III,00-0037248,4379399,3WR 1TE,RB,11,1
2026-07-31T09:40:30Z,BUF,Ben VanSumeren,00-0038489,4372070,3WR 1TE,FB,12,1
2026-07-31T09:40:30Z,BUF,Khalil Shakir,00-0037261,4373678,3WR 1TE,WR,2,2
2026-07-31T09:40:30Z,BUF,Tylan Grable,00-0039882,4368828,3WR 1TE,LT,3,2
2026-07-31T09:40:30Z,BUF,Nick Broeker,00-0038633,4426498,3WR 1TE,LG,4,2
2026-07-31T09:40:30Z,BUF,Lloyd Cushenberry III,00-0036391,4035448,3WR 1TE,C,5,2
2026-07-31T09:40:30Z,BUF,Austin Corbett,00-0034261,3056608,3WR 1TE,RG,6,2
2026-07-31T09:40:30Z,BUF,Chase Lundt,00-0040217,4427843,3WR 1TE,RT,7,2
2026-07-31T09:40:30Z,BUF,Kyle Allen,00-0034577,3115293,3WR 1TE,QB,9,2
2026-07-31T09:40:30Z,BUF,Dawson Knox,00-0035689,3930086,3WR 1TE,TE,10,2
2026-07-31T09:40:30Z,BUF,Ray Davis,00-0039875,4429501,3WR 1TE,RB,11,2
2026-07-31T09:40:30Z,BUF,Jackson Acker,00-0041221,4431152,3WR 1TE,FB,12,2
2026-07-31T09:40:30Z,BUF,Joshua Palmer,00-0036988,4242433,3WR 1TE,WR,8,3
2026-07-31T09:40:30Z,BUF,Jude Bowry,00-0041548,4869533,3WR 1TE,LT,3,3
2026-07-31T09:40:30Z,BUF,Da'Metrius Weatherspoon,00-0041224,4878824,3WR 1TE,LG,4,3
2026-07-31T09:40:30Z,BUF,Sedrick Van Pran-Granger,00-0039876,4430815,3WR 1TE,C,5,3
2026-07-31T09:40:30Z,BUF,Ar'maj Reed-Adams,00-0041128,4606712,3WR 1TE,RG,6,3
2026-07-31T09:40:30Z,BUF,Travis Clayton,00-0039930,5209587,3WR 1TE,RT,7,3
2026-07-31T09:40:30Z,BUF,Shane Buechele,00-0036679,4039034,3WR 1TE,QB,9,3
2026-07-31T09:40:30Z,BUF,Jackson Hawes,00-0040194,4573699,3WR 1TE,TE,10,3
2026-07-31T09:40:30Z,BUF,Ty Johnson,00-0035537,3915411,3WR 1TE,RB,11,3
2026-07-31T09:40:30Z,BUF,Keon Coleman,00-0039901,4635008,3WR 1TE,WR,1,4
2026-07-31T09:40:30Z,BUF,Bruno Fina,00-0041270,4570706,3WR 1TE,LT,3,4
2026-07-31T09:40:30Z,BUF,Shane Zylstra,00-0036534,4608362,3WR 1TE,TE,10,4
2026-07-31T09:40:30Z,BUF,Frank Gore,00-0023500,8479,3WR 1TE,RB,11,4
2026-07-31T09:40:30Z,BUF,Skyler Bell,00-0041443,4683153,3WR 1TE,WR,2,5
2026-07-31T09:40:30Z,BUF,Keleki Latu,00-0040363,4688552,3WR 1TE,TE,10,5
2026-07-31T09:40:30Z,BUF,Ian Wheeler,00-0039466,4579554,3WR 1TE,RB,11,5
2026-07-31T09:40:30Z,BUF,Mecole Hardman Jr.,00-0035140,4035004,3WR 1TE,WR,8,6
2026-07-31T09:40:30Z,BUF,Tyrell Shavers,00-0038679,4241476,3WR 1TE,WR,1,7
2026-07-31T09:40:30Z,BUF,Trent Sherfield,00-0034487,3122168,3WR 1TE,WR,2,8
2026-07-31T09:40:30Z,BUF,Dante Pettis,00-0034860,3127306,3WR 1TE,WR,8,9
2026-07-31T09:40:30Z,BUF,Stephen Gosnell,00-0040361,4432215,3WR 1TE,WR,1,10
2026-07-31T09:40:30Z,BUF,Mac Dalena,00-0040086,4431053,3WR 1TE,WR,2,11
2026-07-31T09:40:30Z,BUF,Max Tomczak,00-0041274,4878956,3WR 1TE,WR,8,12
2026-07-31T09:40:30Z,BUF,Ja'Mori Maclin,00-0041272,4430270,3WR 1TE,WR,1,13
2026-07-31T09:40:30Z,BUF,Quentin Skinner,00-0040406,4613050,3WR 1TE,WR,2,14
2026-07-31T09:40:30Z,CAR,Derrick Brown,00-0036220,4035495,Base 3-4 D,LDE,1,1
2026-07-31T09:40:30Z,CAR,Bobby Brown III,00-0036903,4372518,Base 3-4 D,NT,2,1
2026-07-31T09:40:30Z,CAR,Tershawn Wharton,00-0035890,4058925,Base 3-4 D,RDE,3,1
2026-07-31T09:40:30Z,CAR,Patrick Jones II,00-0037007,4036063,Base 3-4 D,WLB,4,1
2026-07-31T09:40:30Z,CAR,Devin Lloyd,00-0037244,4243256,Base 3-4 D,LILB,5,1
2026-07-31T09:40:30Z,CAR,Trevin Wallace,00-0039347,4683815,Base 3-4 D,RILB,6,1
2026-07-31T09:40:30Z,CAR,Jaelan Phillips,00-0036934,4242975,Base 3-4 D,SLB,7,1
2026-07-31T09:40:30Z,CAR,Mike Jackson,00-0035277,3917853,Base 3-4 D,LCB,8,1
2026-07-31T09:40:30Z,CAR,Tre'von Moehrig,00-0036962,4362487,Base 3-4 D,SS,9,1
2026-07-31T09:40:30Z,CAR,Nick Scott,00-0035669,3116179,Base 3-4 D,FS,10,1
2026-07-31T09:40:30Z,CAR,Jaycee Horn,00-0036944,4362847,Base 3-4 D,RCB,11,1
2026-07-31T09:40:30Z,CAR,Chau Smith-Wade,00-0039380,4697636,Base 3-4 D,NB,12,1
2026-07-31T09:40:30Z,CAR,Elijah Garcia,00-0037051,4039170,Base 3-4 D,LDE,1,2
2026-07-31T09:40:30Z,CAR,Lee Hunter,00-0041478,4431551,Base 3-4 D,NT,2,2
2026-07-31T09:40:30Z,CAR,LaBryan Ray,00-0037203,4241473,Base 3-4 D,RDE,3,2
2026-07-31T09:40:30Z,CAR,Trevis Gipson,00-0036305,3917016,Base 3-4 D,WLB,4,2
2026-07-31T09:40:30Z,CAR,Claudin Cherelus,00-0038493,4256224,Base 3-4 D,LILB,5,2
2026-07-31T09:40:30Z,CAR,Bam Martin-Scott,00-0040289,4880613,Base 3-4 D,RILB,6,2
2026-07-31T09:40:30Z,CAR,Princely Umanmielen,00-0040136,4429166,Base 3-4 D,SLB,7,2
2026-07-31T09:40:30Z,CAR,Akayleb Evans,00-0038101,4244607,Base 3-4 D,LCB,8,2
2026-07-31T09:40:30Z,CAR,Zakee Wheatley,00-0041076,4566384,Base 3-4 D,SS,9,2
2026-07-31T09:40:30Z,CAR,Lathan Ransom,00-0040159,4429110,Base 3-4 D,FS,10,2
2026-07-31T09:40:30Z,CAR,Robert Rochell,00-0036904,4032200,Base 3-4 D,RCB,11,2
2026-07-31T09:40:30Z,CAR,Corey Thornton,00-0040296,4431426,Base 3-4 D,NB,12,2
2026-07-31T09:40:30Z,CAR,Aaron Hall,00-0041148,4602967,Base 3-4 D,LDE,1,3
2026-07-31T09:40:30Z,CAR,Cam Jackson,00-0040174,4687513,Base 3-4 D,NT,2,3
2026-07-31T09:40:30Z,CAR,Jared Harrison-Hunte,00-0040283,4427401,Base 3-4 D,RDE,3,3
2026-07-31T09:40:30Z,CAR,Nick Hampton,00-0039076,4360773,Base 3-4 D,WLB,4,3
2026-07-31T09:40:30Z,CAR,Jackson Kuwatch,00-0041119,4875592,Base 3-4 D,LILB,5,3
2026-07-31T09:40:30Z,CAR,Isaiah Simmons,00-0036356,4035462,Base 3-4 D,RILB,6,3
2026-07-31T09:40:30Z,CAR,Thomas Incoom,00-0038791,4714157,Base 3-4 D,SLB,7,3
2026-07-31T09:40:30Z,CAR,Will Lee III,00-0041063,5151083,Base 3-4 D,LCB,8,3
2026-07-31T09:40:30Z,CAR,Demani Richardson,00-0039601,4426926,Base 3-4 D,FS,10,3
2026-07-31T09:40:30Z,CAR,Tyrek Funderburk,00-0039586,4367330,Base 3-4 D,RCB,11,3
2026-07-31T09:40:30Z,CAR,Cam Miller,00-0041150,4702576,Base 3-4 D,NB,12,3
2026-07-31T09:40:30Z,CAR,Tywone Malone Jr.,00-0041487,4432729,Base 3-4 D,LDE,1,4
2026-07-31T09:40:30Z,CAR,Kyon Barrs,00-0039946,4569135,Base 3-4 D,RDE,3,4
2026-07-31T09:40:30Z,CAR,Cam Gill,00-0036045,4034496,Base 3-4 D,WLB,4,4
2026-07-31T09:40:30Z,CAR,Maema Njongmeta,00-0039637,4428125,Base 3-4 D,LILB,5,4
2026-07-31T09:40:30Z,CAR,Mapalo Mwansa,00-0040763,5279357,Base 3-4 D,RILB,6,4
2026-07-31T09:40:30Z,CAR,Isaiah Smith,00-0041154,4816330,Base 3-4 D,SLB,7,4
2026-07-31T09:40:30Z,CAR,DeCarlos Nicholson,NIC554884,5081149,Base 3-4 D,LCB,8,4
2026-07-31T09:40:30Z,CAR,DeVonta Smith,00-0041153,4594449,Base 3-4 D,NB,12,4
2026-07-31T09:40:30Z,CAR,Nic Scourton,00-0040746,4833355,Base 3-4 D,WLB,4,5
2026-07-31T09:40:30Z,CAR,Ryan Fitzgerald,00-0040279,4568263,Special Teams,PK,1,1
2026-07-31T09:40:30Z,CAR,Sam Martin,00-0030092,15928,Special Teams,P,2,1
2026-07-31T09:40:30Z,CAR,Sam Martin,00-0030092,15928,Special Teams,H,3,1
2026-07-31T09:40:30Z,CAR,Trevor Etienne,00-0040644,4685350,Special Teams,PR,4,1
2026-07-31T09:40:30Z,CAR,Trevor Etienne,00-0040644,4685350,Special Teams,KR,5,1
2026-07-31T09:40:30Z,CAR,JJ Jansen,00-0026027,11759,Special Teams,LS,6,1
2026-07-31T09:40:30Z,CAR,David Moore,00-0033589,4212909,Special Teams,PR,4,2
2026-07-31T09:40:30Z,CAR,Chuba Hubbard,00-0036555,4241416,Special Teams,KR,5,2
2026-07-31T09:40:30Z,CAR,Brycen Tremayne,00-0038840,4360763,Special Teams,PR,4,3
2026-07-31T09:40:30Z,CAR,David Moore,00-0033589,4212909,Special Teams,KR,5,3
2026-07-31T09:40:30Z,CAR,Tetairoa McMillan,00-0040124,4685472,3WR 1TE,WR,1,1
2026-07-31T09:40:30Z,CAR,Ikem Ekwonu,00-0037229,4427132,3WR 1TE,LT,3,1
2026-07-31T09:40:30Z,CAR,Damien Lewis,00-0036417,4362647,3WR 1TE,LG,4,1
2026-07-31T09:40:30Z,CAR,Luke Fortner,00-0037814,4035048,3WR 1TE,C,5,1
2026-07-31T09:40:30Z,CAR,Robert Hunt,00-0036325,3917592,3WR 1TE,RG,6,1
2026-07-31T09:40:30Z,CAR,Taylor Moton,00-0033284,2973051,3WR 1TE,RT,7,1
2026-07-31T09:40:30Z,CAR,Bryce Young,00-0039150,4685720,3WR 1TE,QB,9,1
2026-07-31T09:40:30Z,CAR,Tommy Tremble,00-0037005,4372780,3WR 1TE,TE,10,1
2026-07-31T09:40:30Z,CAR,Chuba Hubbard,00-0036555,4241416,3WR 1TE,RB,11,1
2026-07-31T09:40:30Z,CAR,Jalen Coker,00-0039491,4695883,3WR 1TE,WR,2,2
2026-07-31T09:40:30Z,CAR,Monroe Freeling,00-0041034,4870694,3WR 1TE,LT,3,2
2026-07-31T09:40:30Z,CAR,Saahdiq Charles,00-0036334,4242230,3WR 1TE,LG,4,2
2026-07-31T09:40:30Z,CAR,Sam Hecht,00-0041071,4874515,3WR 1TE,C,5,2
2026-07-31T09:40:30Z,CAR,Brady Christensen,00-0036968,4256062,3WR 1TE,RG,6,2
2026-07-31T09:40:30Z,CAR,Monroe Freeling,00-0041034,4870694,3WR 1TE,RT,7,2
2026-07-31T09:40:30Z,CAR,Kenny Pickett,00-0038102,4240703,3WR 1TE,QB,9,2
2026-07-31T09:40:30Z,CAR,Ja'Tavion Sanders,00-0039356,4431588,3WR 1TE,TE,10,2
2026-07-31T09:40:30Z,CAR,Jonathon Brooks,00-0039344,4678008,3WR 1TE,RB,11,2
2026-07-31T09:40:30Z,CAR,Xavier Legette,00-0039342,4430034,3WR 1TE,WR,8,3
2026-07-31T09:40:30Z,CAR,Rasheed Walker,00-0037196,4361429,3WR 1TE,LT,3,3
2026-07-31T09:40:30Z,CAR,Nick Samac,00-0039237,4428421,3WR 1TE,C,5,3
2026-07-31T09:40:30Z,CAR,Chandler Zavala,00-0038536,4710661,3WR 1TE,RG,6,3
2026-07-31T09:40:30Z,CAR,Albert Reese IV,00-0041138,4683506,3WR 1TE,RT,7,3
2026-07-31T09:40:30Z,CAR,Haynes King,00-0041149,4428993,3WR 1TE,QB,9,3
2026-07-31T09:40:30Z,CAR,Mitchell Evans,00-0040187,4683243,3WR 1TE,TE,10,3
2026-07-31T09:40:30Z,CAR,Trevor Etienne,00-0040644,4685350,3WR 1TE,RB,11,3
2026-07-31T09:40:30Z,CAR,Jimmy Horn Jr.,00-0040218,4708486,3WR 1TE,WR,1,4
2026-07-31T09:40:30Z,CAR,Stone Forsythe,00-0036653,4034962,3WR 1TE,LT,3,4
2026-07-31T09:40:30Z,CAR,Ja'Tyre Carter,00-0037089,4369950,3WR 1TE,RG,6,4
2026-07-31T09:40:30Z,CAR,Feleipe Franks,00-0036825,4034948,3WR 1TE,TE,10,4
2026-07-31T09:40:30Z,CAR,AJ Dillon,00-0036265,4239934,3WR 1TE,RB,11,4
2026-07-31T09:40:30Z,CAR,John Metchie III,00-0037614,4567096,3WR 1TE,WR,2,5
2026-07-31T09:40:30Z,CAR,Ryan Hayes,00-0039042,4372091,3WR 1TE,LT,3,5
2026-07-31T09:40:30Z,CAR,James Mitchell,00-0037282,4361988,3WR 1TE,TE,10,5
2026-07-31T09:40:30Z,CAR,Anthony Tyus III,00-0040394,4709392,3WR 1TE,RB,11,5
2026-07-31T09:40:30Z,CAR,David Moore,00-0033589,4212909,3WR 1TE,WR,8,6
2026-07-31T09:40:30Z,CAR,Isaia Glass,00-0041146,4686358,3WR 1TE,LT,3,6
2026-07-31T09:40:30Z,CAR,Caden Prieskorn,00-0040392,4687509,3WR 1TE,TE,10,6
2026-07-31T09:40:30Z,CAR,Miles Davis,00-0041485,4613105,3WR 1TE,RB,11,6
2026-07-31T09:40:30Z,CAR,Brycen Tremayne,00-0038840,4360763,3WR 1TE,WR,1,7
2026-07-31T09:40:30Z,CAR,Ainias Smith,00-0039747,4428532,3WR 1TE,WR,2,8
2026-07-31T09:40:30Z,CAR,Ja'seem Reed,00-0040265,4876995,3WR 1TE,WR,8,9
2026-07-31T09:40:30Z,CAR,Malick Meiga,00-0041542,4570636,3WR 1TE,WR,1,10
2026-07-31T09:40:30Z,CAR,Casey Washington,00-0039394,4428796,3WR 1TE,WR,2,11
2026-07-31T09:40:30Z,CAR,Gabriel Benyard,,4876752,3WR 1TE,WR,8,12
2026-07-31T09:40:30Z,CAR,Chris Brazzell II,00-0041047,5091739,3WR 1TE,WR,1,13
2026-07-31T09:40:30Z,CAR,Dan Chisena,00-0035976,3929637,3WR 1TE,WR,2,14
2026-07-31T09:40:30Z,CHI,Montez Sweat,00-0035647,3134690,Base 4-3 D,LDE,1,1
2026-07-31T09:40:30Z,CHI,Grady Jarrett,00-0031583,2576492,Base 4-3 D,LDT,2,1
2026-07-31T09:40:30Z,CHI,Gervon Dexter Sr.,00-0039070,4429014,Base 4-3 D,RDT,3,1
2026-07-31T09:40:30Z,CHI,Dayo Odeyingbo,00-0036480,4242659,Base 4-3 D,RDE,4,1
2026-07-31T09:40:30Z,CHI,Devin Bush,00-0035525,4036261,Base 4-3 D,WLB,5,1
2026-07-31T09:40:30Z,CHI,T.J. Edwards,00-0035386,3121544,Base 4-3 D,MLB,6,1
2026-07-31T09:40:30Z,CHI,D'Marco Jackson,00-0037271,4241007,Base 4-3 D,SLB,7,1
2026-07-31T09:40:30Z,CHI,Jaylon Johnson,00-0036292,4243253,Base 4-3 D,LCB,8,1
2026-07-31T09:40:30Z,CHI,Dillon Thieneman,00-0041538,4954445,Base 4-3 D,SS,9,1
2026-07-31T09:40:30Z,CHI,Coby Bryant,00-0038136,4239094,Base 4-3 D,FS,10,1
2026-07-31T09:40:30Z,CHI,Tyrique Stevenson,00-0039071,4426374,Base 4-3 D,RCB,11,1
2026-07-31T09:40:30Z,CHI,Kyler Gordon,00-0038111,4361093,Base 4-3 D,NB,12,1
2026-07-31T09:40:30Z,CHI,Jeremiah Martin,00-0038716,4372523,Base 4-3 D,LDE,1,2
2026-07-31T09:40:30Z,CHI,Neville Gallimore,00-0036366,3892883,Base 4-3 D,LDT,2,2
2026-07-31T09:40:30Z,CHI,Shemar Turner,00-0040741,4432804,Base 4-3 D,RDT,3,2
2026-07-31T09:40:30Z,CHI,Austin Booker,00-0039840,4683553,Base 4-3 D,RDE,4,2
2026-07-31T09:40:30Z,CHI,Ruben Hyppolite II,00-0040167,4429970,Base 4-3 D,WLB,5,2
2026-07-31T09:40:30Z,CHI,Noah Sewell,00-0038390,4430822,Base 4-3 D,MLB,6,2
2026-07-31T09:40:30Z,CHI,Jack Sanborn,00-0037109,4372576,Base 4-3 D,SLB,7,2
2026-07-31T09:40:30Z,CHI,Jaylon Jones,,4241278,Base 4-3 D,LCB,8,2
2026-07-31T09:40:30Z,CHI,Elijah Hicks,00-0037096,4242402,Base 4-3 D,SS,9,2
2026-07-31T09:40:30Z,CHI,Gervarrius Owens,00-0038413,4567482,Base 4-3 D,FS,10,2
2026-07-31T09:40:30Z,CHI,Malik Muhammad,00-0041060,4870953,Base 4-3 D,RCB,11,2
2026-07-31T09:40:30Z,CHI,Josh Blackwell,00-0037129,4240459,Base 4-3 D,NB,12,2
2026-07-31T09:40:30Z,CHI,James Lynch,00-0036337,4259181,Base 4-3 D,LDT,2,3
2026-07-31T09:40:30Z,CHI,Kentavius Street,00-0034320,3116726,Base 4-3 D,RDT,3,3
2026-07-31T09:40:30Z,CHI,Daniel Hardy,00-0037843,4365629,Base 4-3 D,RDE,4,3
2026-07-31T09:40:30Z,CHI,Nephi Sewell,00-0037544,4241611,Base 4-3 D,WLB,5,3
2026-07-31T09:40:30Z,CHI,Keyshaun Elliott,00-0041085,4911952,Base 4-3 D,MLB,6,3
2026-07-31T09:40:30Z,CHI,Terell Smith,00-0038395,4360935,Base 4-3 D,LCB,8,3
2026-07-31T09:40:30Z,CHI,Cam Lewis,00-0035357,3916577,Base 4-3 D,SS,9,3
2026-07-31T09:40:30Z,CHI,Skyler Thomas,00-0041175,4879561,Base 4-3 D,FS,10,3
2026-07-31T09:40:30Z,CHI,Dallis Flowers,00-0037395,4917592,Base 4-3 D,RCB,11,3
2026-07-31T09:40:30Z,CHI,Jordan van den Berg,00-0041110,4875381,Base 4-3 D,LDT,2,4
2026-07-31T09:40:30Z,CHI,Jayden Loving,00-0041171,4877376,Base 4-3 D,RDT,3,4
2026-07-31T09:40:30Z,CHI,Jonathan Garvin,00-0036239,4240655,Base 4-3 D,RDE,4,4
2026-07-31T09:40:30Z,CHI,Tony Fields II,00-0036634,4245655,Base 4-3 D,WLB,5,4
2026-07-31T09:40:30Z,CHI,Jon Rhattigan,00-0036802,4258485,Base 4-3 D,MLB,6,4
2026-07-31T09:40:30Z,CHI,Dontae Manning,00-0040550,4430805,Base 4-3 D,LCB,8,4
2026-07-31T09:40:30Z,CHI,Anthony Johnson Jr.,00-0038411,4361748,Base 4-3 D,FS,10,4
2026-07-31T09:40:30Z,CHI,KC Eziomume,00-0041166,4769880,Base 4-3 D,RCB,11,4
2026-07-31T09:40:30Z,CHI,Jamree Kromah,00-0039461,4372463,Base 4-3 D,RDE,4,5
2026-07-31T09:40:30Z,CHI,Wayne Matthews III,00-0041408,4684963,Base 4-3 D,MLB,6,5
2026-07-31T09:40:30Z,CHI,Cairo Santos,00-0031203,17427,Special Teams,PK,1,1
2026-07-31T09:40:30Z,CHI,Tory Taylor,00-0039745,4686889,Special Teams,P,2,1
2026-07-31T09:40:30Z,CHI,Tory Taylor,00-0039745,4686889,Special Teams,H,3,1
2026-07-31T09:40:30Z,CHI,Kalif Raymond,00-0032464,2973405,Special Teams,PR,4,1
2026-07-31T09:40:30Z,CHI,Zavion Thomas,00-0041051,4869748,Special Teams,KR,5,1
2026-07-31T09:40:30Z,CHI,Luke Elkin,00-0040271,4873482,Special Teams,LS,6,1
2026-07-31T09:40:30Z,CHI,Zavion Thomas,00-0041051,4869748,Special Teams,PR,4,2
2026-07-31T09:40:30Z,CHI,Kalif Raymond,00-0032464,2973405,Special Teams,KR,5,2
2026-07-31T09:40:30Z,CHI,Beau Gardner,00-0041167,4696723,Special Teams,LS,6,2
2026-07-31T09:40:30Z,CHI,Josh Blackwell,00-0037129,4240459,Special Teams,PR,4,3
2026-07-31T09:40:30Z,CHI,Josh Blackwell,00-0037129,4240459,Special Teams,KR,5,3
2026-07-31T09:40:30Z,CHI,Luther Burden III,00-0040735,4685278,Special Teams,KR,5,4
2026-07-31T09:40:30Z,CHI,Kaden Davis,00-0037380,5065495,Special Teams,KR,5,5
2026-07-31T09:40:30Z,CHI,Rome Odunze,00-0039919,4431299,3WR 1TE,WR,1,1
2026-07-31T09:40:30Z,CHI,Braxton Jones,00-0037081,4251007,3WR 1TE,LT,3,1
2026-07-31T09:40:30Z,CHI,Joe Thuney,00-0032391,2577773,3WR 1TE,LG,4,1
2026-07-31T09:40:30Z,CHI,Garrett Bradbury,00-0035588,3116729,3WR 1TE,C,5,1
2026-07-31T09:40:30Z,CHI,Jonah Jackson,00-0036258,3930040,3WR 1TE,RG,6,1
2026-07-31T09:40:30Z,CHI,Darnell Wright,00-0038932,4426358,3WR 1TE,RT,7,1
2026-07-31T09:40:30Z,CHI,Caleb Williams,00-0039918,4431611,3WR 1TE,QB,9,1
2026-07-31T09:40:30Z,CHI,Colston Loveland,00-0040126,4723086,3WR 1TE,TE,10,1
2026-07-31T09:40:30Z,CHI,D'Andre Swift,00-0036275,4259545,3WR 1TE,RB,11,1
2026-07-31T09:40:30Z,CHI,Luther Burden III,00-0040735,4685278,3WR 1TE,WR,2,2
2026-07-31T09:40:30Z,CHI,Ozzy Trapilo,00-0040740,4432595,3WR 1TE,LT,3,2
2026-07-31T09:40:30Z,CHI,Jordan McFadden,00-0038595,4360319,3WR 1TE,LG,4,2
2026-07-31T09:40:30Z,CHI,Logan Jones,00-0041539,4686907,3WR 1TE,C,5,2
2026-07-31T09:40:30Z,CHI,Luke Newman,00-0040210,4695895,3WR 1TE,RG,6,2
2026-07-31T09:40:30Z,CHI,Theo Benedet,00-0039459,5125873,3WR 1TE,RT,7,2
2026-07-31T09:40:30Z,CHI,Tyson Bagent,00-0038416,4434153,3WR 1TE,QB,9,2
2026-07-31T09:40:30Z,CHI,Cole Kmet,00-0036290,4258595,3WR 1TE,TE,10,2
2026-07-31T09:40:30Z,CHI,Kyle Monangai,00-0040236,4608686,3WR 1TE,RB,11,2
2026-07-31T09:40:30Z,CHI,Kalif Raymond,00-0032464,2973405,3WR 1TE,WR,8,3
2026-07-31T09:40:30Z,CHI,Jedrick Wills Jr.,00-0036267,4241482,3WR 1TE,LT,3,3
2026-07-31T09:40:30Z,CHI,Kyle Hergel,00-0039624,4384683,3WR 1TE,LG,4,3
2026-07-31T09:40:30Z,CHI,Jaren Kump,00-0041169,4608746,3WR 1TE,C,5,3
2026-07-31T09:40:30Z,CHI,Caden Barnett,00-0041164,4709983,3WR 1TE,RG,6,3
2026-07-31T09:40:30Z,CHI,Mason Murphy,00-0041173,4682479,3WR 1TE,RT,7,3
2026-07-31T09:40:30Z,CHI,Case Keenum,00-0028986,15168,3WR 1TE,QB,9,3
2026-07-31T09:40:30Z,CHI,Sam Roush,00-0041558,4685504,3WR 1TE,TE,10,3
2026-07-31T09:40:30Z,CHI,Roschon Johnson,00-0039021,4426386,3WR 1TE,RB,11,3
2026-07-31T09:40:30Z,CHI,Zavion Thomas,00-0041051,4869748,3WR 1TE,WR,1,4
2026-07-31T09:40:30Z,CHI,Kiran Amegadjie,00-0039822,4883090,3WR 1TE,LT,3,4
2026-07-31T09:40:30Z,CHI,Miller Moss,00-0041172,4431580,3WR 1TE,QB,9,4
2026-07-31T09:40:30Z,CHI,Nikola Kalinic,00-0037031,4916349,3WR 1TE,TE,10,4
2026-07-31T09:40:30Z,CHI,Brittain Brown,00-0037329,4036032,3WR 1TE,RB,11,4
2026-07-31T09:40:30Z,CHI,Jahdae Walker,00-0040277,5160110,3WR 1TE,WR,2,5
2026-07-31T09:40:30Z,CHI,Stephen Carlson,00-0035039,3948283,3WR 1TE,TE,10,5
2026-07-31T09:40:30Z,CHI,Salvon Ahmed,00-0036020,4243315,3WR 1TE,RB,11,5
2026-07-31T09:40:30Z,CHI,Scotty Miller,00-0035298,3914397,3WR 1TE,WR,8,6
2026-07-31T09:40:30Z,CHI,Qadir Ismail,00-0039843,4379769,3WR 1TE,TE,10,6
2026-07-31T09:40:30Z,CHI,Coleman Bennett,00-0041165,4694074,3WR 1TE,RB,11,6
2026-07-31T09:40:30Z,CHI,Maurice Alexander,00-0037708,3914307,3WR 1TE,WR,1,7
2026-07-31T09:40:30Z,CHI,Hayden Large,00-0041170,5150662,3WR 1TE,TE,10,7
2026-07-31T09:40:30Z,CHI,JP Richardson,00-0040275,4685183,3WR 1TE,WR,2,8
2026-07-31T09:40:30Z,CHI,Kaden Davis,00-0037380,5065495,3WR 1TE,WR,8,9
2026-07-31T09:40:30Z,CHI,Omari Kelly,00-0041168,4701951,3WR 1TE,WR,1,10
2026-07-31T09:40:30Z,CHI,Kyron Hudson,00-0041407,4432784,3WR 1TE,WR,2,11
2026-07-31T09:40:30Z,CIN,Boye Mafe,00-0038133,4240754,Base 4-3 D,LDE,1,1
2026-07-31T09:40:30Z,CIN,Dexter Lawrence II,00-0035683,4035483,Base 4-3 D,LDT,2,1
2026-07-31T09:40:30Z,CIN,Jonathan Allen,00-0033523,3054840,Base 4-3 D,RDT,3,1
2026-07-31T09:40:30Z,CIN,Myles Murphy,00-0038546,4428985,Base 4-3 D,RDE,4,1
2026-07-31T09:40:30Z,CIN,Demetrius Knight Jr.,00-0040738,4427729,Base 4-3 D,WLB,5,1
2026-07-31T09:40:30Z,CIN,Barrett Carter,00-0040157,4431519,Base 4-3 D,MLB,6,1
2026-07-31T09:40:30Z,CIN,Oren Burks,00-0034754,3051746,Base 4-3 D,SLB,7,1
2026-07-31T09:40:30Z,CIN,Dax Hill,00-0037743,4426422,Base 4-3 D,LCB,8,1
2026-07-31T09:40:30Z,CIN,Jordan Battle,00-0038560,4567098,Base 4-3 D,SS,9,1
2026-07-31T09:40:30Z,CIN,Bryan Cook,00-0037193,4247726,Base 4-3 D,FS,10,1
2026-07-31T09:40:30Z,CIN,DJ Turner II,00-0038549,4572036,Base 4-3 D,RCB,11,1
2026-07-31T09:40:30Z,CIN,Jalen Davis,00-0034446,3125356,Base 4-3 D,NB,12,1
2026-07-31T09:40:30Z,CIN,Shemar Stewart,00-0040756,4685562,Base 4-3 D,LDE,1,2
2026-07-31T09:40:30Z,CIN,T.J. Slaton Jr.,00-0036642,4240612,Base 4-3 D,LDT,2,2
2026-07-31T09:40:30Z,CIN,B.J. Hill,00-0034800,3116748,Base 4-3 D,RDT,3,2
2026-07-31T09:40:30Z,CIN,Cashius Howell,00-0041546,4710752,Base 4-3 D,RDE,4,2
2026-07-31T09:40:30Z,CIN,Shaka Heyward,00-0038890,4360413,Base 4-3 D,WLB,5,2
2026-07-31T09:40:30Z,CIN,Joe Giles-Harris,00-0035363,3917797,Base 4-3 D,MLB,6,2
2026-07-31T09:40:30Z,CIN,Liam Anderson,00-0038429,4368056,Base 4-3 D,SLB,7,2
2026-07-31T09:40:30Z,CIN,Tacario Davis,00-0041464,4726127,Base 4-3 D,LCB,8,2
2026-07-31T09:40:30Z,CIN,Kyle Dugger,00-0036231,4401811,Base 4-3 D,SS,9,2
2026-07-31T09:40:30Z,CIN,PJ Jules,00-0039632,4429946,Base 4-3 D,FS,10,2
2026-07-31T09:40:30Z,CIN,Josh Newton,00-0039375,4365319,Base 4-3 D,RCB,11,2
2026-07-31T09:40:30Z,CIN,Ja'Sir Taylor,00-0037307,4240434,Base 4-3 D,NB,12,2
2026-07-31T09:40:30Z,CIN,Cedric Johnson,00-0039752,4430065,Base 4-3 D,LDE,1,3
2026-07-31T09:40:30Z,CIN,McKinnley Jackson,00-0039354,4692680,Base 4-3 D,LDT,2,3
2026-07-31T09:40:30Z,CIN,Kris Jenkins Jr.,00-0039908,4432301,Base 4-3 D,RDT,3,3
2026-07-31T09:40:30Z,CIN,Isaiah Foskey,00-0039143,4426457,Base 4-3 D,RDE,4,3
2026-07-31T09:40:30Z,CIN,Swayze Bozeman,00-0039313,4570546,Base 4-3 D,WLB,5,3
2026-07-31T09:40:30Z,CIN,Jack Dingle,00-0041242,4683128,Base 4-3 D,MLB,6,3
2026-07-31T09:40:30Z,CIN,DJ Ivey,00-0038642,4362502,Base 4-3 D,LCB,8,3
2026-07-31T09:40:30Z,CIN,Daijahn Anthony,00-0039414,4874448,Base 4-3 D,SS,9,3
2026-07-31T09:40:30Z,CIN,Russ Yeast,00-0037844,4240071,Base 4-3 D,FS,10,3
2026-07-31T09:40:30Z,CIN,Jalen Kimber,00-0040518,4430819,Base 4-3 D,RCB,11,3
2026-07-31T09:40:30Z,CIN,Bralyn Lux,00-0040372,4575559,Base 4-3 D,NB,12,3
2026-07-31T09:40:30Z,CIN,Jordan Jefferson,00-0039743,4569448,Base 4-3 D,LDT,2,4
2026-07-31T09:40:30Z,CIN,Landon Robinson,00-0041118,5081542,Base 4-3 D,RDT,3,4
2026-07-31T09:40:30Z,CIN,Antwaun Powell-Ryland,00-0040018,4429009,Base 4-3 D,RDE,4,4
2026-07-31T09:40:30Z,CIN,Eric Gentry,00-0041243,4602656,Base 4-3 D,WLB,5,4
2026-07-31T09:40:30Z,CIN,Ceyair Wright,00-0041249,4431619,Base 4-3 D,LCB,8,4
2026-07-31T09:40:30Z,CIN,Isaiah Nwokobia,00-0041389,4597253,Base 4-3 D,FS,10,4
2026-07-31T09:40:30Z,CIN,Howard Cross III,00-0040369,4426992,Base 4-3 D,RDT,3,5
2026-07-31T09:40:30Z,CIN,Evan McPherson,00-0036854,4360234,Special Teams,PK,1,1
2026-07-31T09:40:30Z,CIN,Ryan Rehkow,00-0039323,4608820,Special Teams,P,2,1
2026-07-31T09:40:30Z,CIN,Ryan Rehkow,00-0039323,4608820,Special Teams,H,3,1
2026-07-31T09:40:30Z,CIN,Charlie Jones,00-0038576,4257188,Special Teams,PR,4,1
2026-07-31T09:40:30Z,CIN,Charlie Jones,00-0038576,4257188,Special Teams,KR,5,1
2026-07-31T09:40:30Z,CIN,William Wagner,00-0040379,4572051,Special Teams,LS,6,1
2026-07-31T09:40:30Z,CIN,Ke'Shawn Williams,00-0040534,4570738,Special Teams,PR,4,2
2026-07-31T09:40:30Z,CIN,Samaje Perine,00-0033526,3116389,Special Teams,KR,5,2
2026-07-31T09:40:30Z,CIN,Mitchell Tinsley,00-0038839,4690070,Special Teams,PR,4,3
2026-07-31T09:40:30Z,CIN,Ke'Shawn Williams,00-0040534,4570738,Special Teams,KR,5,3
2026-07-31T09:40:30Z,CIN,Tahj Brooks,00-0040208,4429299,Special Teams,KR,5,4
2026-07-31T09:40:30Z,CIN,Ja'Marr Chase,00-0036900,4362628,3WR 1TE,WR,1,1
2026-07-31T09:40:30Z,CIN,Orlando Brown Jr.,00-0034752,3116370,3WR 1TE,LT,3,1
2026-07-31T09:40:30Z,CIN,Dylan Fairchild,00-0040140,4646773,3WR 1TE,LG,4,1
2026-07-31T09:40:30Z,CIN,Ted Karras,00-0032445,2576188,3WR 1TE,C,5,1
2026-07-31T09:40:30Z,CIN,Dalton Risner,00-0035702,3125082,3WR 1TE,RG,6,1
2026-07-31T09:40:30Z,CIN,Amarius Mims,00-0039925,4431571,3WR 1TE,RT,7,1
2026-07-31T09:40:30Z,CIN,Joe Burrow,00-0036442,3915511,3WR 1TE,QB,9,1
2026-07-31T09:40:30Z,CIN,Mike Gesicki,00-0034829,3116164,3WR 1TE,TE,10,1
2026-07-31T09:40:30Z,CIN,Chase Brown,00-0038597,4362238,3WR 1TE,RB,11,1
2026-07-31T09:40:30Z,CIN,Tee Higgins,00-0036410,4239993,3WR 1TE,WR,2,2
2026-07-31T09:40:30Z,CIN,Cody Ford,00-0035238,3707061,3WR 1TE,LT,3,2
2026-07-31T09:40:30Z,CIN,Brian Parker II,00-0041098,4689117,3WR 1TE,LG,4,2
2026-07-31T09:40:30Z,CIN,Connor Lew,00-0041062,4870866,3WR 1TE,C,5,2
2026-07-31T09:40:30Z,CIN,Jalen Rivers,00-0040180,4429010,3WR 1TE,RG,6,2
2026-07-31T09:40:30Z,CIN,Andrew Coker,00-0039535,4429430,3WR 1TE,RT,7,2
2026-07-31T09:40:30Z,CIN,Joe Flacco,00-0026158,11252,3WR 1TE,QB,9,2
2026-07-31T09:40:30Z,CIN,Drew Sample,00-0035631,3127310,3WR 1TE,TE,10,2
2026-07-31T09:40:30Z,CIN,Samaje Perine,00-0033526,3116389,3WR 1TE,RB,11,2
2026-07-31T09:40:30Z,CIN,Andrei Iosivas,00-0038619,4368003,3WR 1TE,WR,8,3
2026-07-31T09:40:30Z,CIN,Javon Foster,00-0039742,4362769,3WR 1TE,LT,3,3
2026-07-31T09:40:30Z,CIN,Liam Brown,00-0041240,4876200,3WR 1TE,LG,4,3
2026-07-31T09:40:30Z,CIN,Jacob Bayer,00-0040359,4879478,3WR 1TE,C,5,3
2026-07-31T09:40:30Z,CIN,Corey Robinson II,00-0041247,4705561,3WR 1TE,RT,7,3
2026-07-31T09:40:30Z,CIN,Josh Johnson,00-0026300,11394,3WR 1TE,QB,9,3
2026-07-31T09:40:30Z,CIN,Erick All Jr.,00-0039814,4427834,3WR 1TE,TE,10,3
2026-07-31T09:40:30Z,CIN,Tahj Brooks,00-0040208,4429299,3WR 1TE,RB,11,3
2026-07-31T09:40:30Z,CIN,Colbie Young,00-0041069,5092508,3WR 1TE,WR,1,4
2026-07-31T09:40:30Z,CIN,Christian Jones,00-0041245,4686368,3WR 1TE,LT,3,4
2026-07-31T09:40:30Z,CIN,Sean Clifford,00-0038391,4259592,3WR 1TE,QB,9,4
2026-07-31T09:40:30Z,CIN,Tanner Hudson,00-0034613,3050481,3WR 1TE,TE,10,4
2026-07-31T09:40:30Z,CIN,Gary Brightwell,00-0036569,4245645,3WR 1TE,RB,11,4
2026-07-31T09:40:30Z,CIN,Mitchell Tinsley,00-0038839,4690070,3WR 1TE,WR,2,5
2026-07-31T09:40:30Z,CIN,Jack Endries,00-0041116,5085189,3WR 1TE,TE,10,5
2026-07-31T09:40:30Z,CIN,Kendall Milton,00-0039266,4429012,3WR 1TE,RB,11,5
2026-07-31T09:40:30Z,CIN,Charlie Jones,00-0038576,4257188,3WR 1TE,WR,8,6
2026-07-31T09:40:30Z,CIN,Cam Grandy,00-0039631,4700712,3WR 1TE,TE,10,6
2026-07-31T09:40:30Z,CIN,Kentrel Bullock,00-0041241,4430992,3WR 1TE,RB,11,6
2026-07-31T09:40:30Z,CIN,Ke'Shawn Williams,00-0040534,4570738,3WR 1TE,WR,1,7
2026-07-31T09:40:30Z,CIN,Josh Kattus,00-0041246,4819215,3WR 1TE,TE,10,7
2026-07-31T09:40:30Z,CIN,Jamal Haynes,00-0041244,4611995,3WR 1TE,RB,11,7
2026-07-31T09:40:30Z,CIN,Jordan Moore,00-0040375,4594444,3WR 1TE,WR,2,8
2026-07-31T09:40:30Z,CIN,Kendric Pryor,00-0037422,4035776,3WR 1TE,WR,8,9
2026-07-31T09:40:30Z,CIN,Xavier Johnson,00-0039473,4385430,3WR 1TE,WR,1,10
2026-07-31T09:40:30Z,CIN,Dohnte Meyers,00-0040785,4384852,3WR 1TE,WR,2,11
2026-07-31T09:40:30Z,CIN,Noah Thomas,00-0041248,4718457,3WR 1TE,WR,8,12
2026-07-31T09:40:30Z,CLE,Alex Wright,00-0037251,4570119,Base 4-3 D,LDE,1,1
2026-07-31T09:40:30Z,CLE,Mason Graham,00-0040685,4873232,Base 4-3 D,LDT,2,1
2026-07-31T09:40:30Z,CLE,Maliek Collins,00-0033131,3040471,Base 4-3 D,RDT,3,1
2026-07-31T09:40:30Z,CLE,Jared Verse,00-0039852,4578085,Base 4-3 D,RDE,4,1
2026-07-31T09:40:30Z,CLE,Winston Reid,00-0039515,4251125,Base 4-3 D,WLB,5,1
2026-07-31T09:40:30Z,CLE,Carson Schwesinger,00-0040579,4876017,Base 4-3 D,MLB,6,1
2026-07-31T09:40:30Z,CLE,Quincy Williams,00-0035680,3110565,Base 4-3 D,SLB,7,1
2026-07-31T09:40:30Z,CLE,Denzel Ward,00-0034856,3915535,Base 4-3 D,LCB,8,1
2026-07-31T09:40:30Z,CLE,Grant Delpit,00-0036282,4242208,Base 4-3 D,SS,9,1
2026-07-31T09:40:30Z,CLE,Ronnie Hickman,00-0038715,4569620,Base 4-3 D,FS,10,1
2026-07-31T09:40:30Z,CLE,Tyson Campbell,00-0036974,4379397,Base 4-3 D,RCB,11,1
2026-07-31T09:40:30Z,CLE,Myles Harden,00-0039417,4695783,Base 4-3 D,NB,12,1
2026-07-31T09:40:30Z,CLE,Isaiah McGuire,00-0038574,4427963,Base 4-3 D,LDE,1,2
2026-07-31T09:40:30Z,CLE,Kalia Davis,00-0037832,4243541,Base 4-3 D,LDT,2,2
2026-07-31T09:40:30Z,CLE,Mike Hall Jr.,00-0039895,4600415,Base 4-3 D,RDT,3,2
2026-07-31T09:40:30Z,CLE,Julian Okwara,00-0036249,4046690,Base 4-3 D,RDE,4,2
2026-07-31T09:40:30Z,CLE,Easton Mascarenas-Arnold,00-0040261,5085888,Base 4-3 D,WLB,5,2
2026-07-31T09:40:30Z,CLE,Nathaniel Watson,00-0039406,4362895,Base 4-3 D,MLB,6,2
2026-07-31T09:40:30Z,CLE,Justin Jefferson,00-0041075,5150249,Base 4-3 D,SLB,7,2
2026-07-31T09:40:30Z,CLE,Anthony Kendall,00-0038848,5143279,Base 4-3 D,LCB,8,2
2026-07-31T09:40:30Z,CLE,Christopher Edmonds,00-0039513,4572922,Base 4-3 D,SS,9,2
2026-07-31T09:40:30Z,CLE,Emmanuel McNeil-Warren,00-0041471,4837186,Base 4-3 D,FS,10,2
2026-07-31T09:40:30Z,CLE,D'Angelo Ross,00-0034966,3139389,Base 4-3 D,RCB,11,2
2026-07-31T09:40:30Z,CLE,Myles Bryant,00-0036087,4039010,Base 4-3 D,NB,12,2
2026-07-31T09:40:30Z,CLE,Logan Fano,00-0041279,5080699,Base 4-3 D,LDE,1,3
2026-07-31T09:40:30Z,CLE,Adin Huntington,00-0040255,4605792,Base 4-3 D,LDT,2,3
2026-07-31T09:40:30Z,CLE,Sam Kamara,00-0036705,4033855,Base 4-3 D,RDT,3,3
2026-07-31T09:40:30Z,CLE,Benton Whitley,00-0037638,4247722,Base 4-3 D,RDE,4,3
2026-07-31T09:40:30Z,CLE,Reid Carrico,00-0041492,4432673,Base 4-3 D,WLB,5,3
2026-07-31T09:40:30Z,CLE,Edefuan Ulofoshio,00-0039878,4374280,Base 4-3 D,MLB,6,3
2026-07-31T09:40:30Z,CLE,Damarri Mathis,00-0038105,4240707,Base 4-3 D,LCB,8,3
2026-07-31T09:40:30Z,CLE,Zion Washington,00-0041286,4709014,Base 4-3 D,SS,9,3
2026-07-31T09:40:30Z,CLE,Daniel Thomas,00-0036306,4035505,Base 4-3 D,FS,10,3
2026-07-31T09:40:30Z,CLE,Tre Avery,00-0037593,4259300,Base 4-3 D,RCB,11,3
2026-07-31T09:40:30Z,CLE,Tyreak Sapp,00-0041288,4889957,Base 4-3 D,LDE,1,4
2026-07-31T09:40:30Z,CLE,Elijah Chatman,00-0039764,4429392,Base 4-3 D,RDT,3,4
2026-07-31T09:40:30Z,CLE,Khordae Sydnor,00-0041285,4683129,Base 4-3 D,RDE,4,4
2026-07-31T09:40:30Z,CLE,Jeremiah Owusu-Koramoah,00-0036915,4258599,Base 4-3 D,WLB,5,4
2026-07-31T09:40:30Z,CLE,Nate Evans,00-0041278,4600389,Base 4-3 D,LCB,8,4
2026-07-31T09:40:30Z,CLE,Donovan McMillon,00-0040263,4686027,Base 4-3 D,FS,10,4
2026-07-31T09:40:30Z,CLE,Michael Coats Jr.,00-0041411,5160391,Base 4-3 D,RCB,11,4
2026-07-31T09:40:30Z,CLE,Tyron Herring,00-0040038,4427461,Base 4-3 D,LCB,8,5
2026-07-31T09:40:30Z,CLE,Andre Szmyt,00-0038428,4258620,Special Teams,PK,1,1
2026-07-31T09:40:30Z,CLE,Corey Bojorquez,00-0034721,4039396,Special Teams,P,2,1
2026-07-31T09:40:30Z,CLE,Corey Bojorquez,00-0034721,4039396,Special Teams,H,3,1
2026-07-31T09:40:30Z,CLE,Gage Larvadain,00-0040259,4877203,Special Teams,PR,4,1
2026-07-31T09:40:30Z,CLE,Malachi Corley,00-0039920,4613104,Special Teams,KR,5,1
2026-07-31T09:40:30Z,CLE,Rex Sunahara,00-0036443,3913293,Special Teams,LS,6,1
2026-07-31T09:40:30Z,CLE,Nik Constantinou,CON687807,4578937,Special Teams,P,2,2
2026-07-31T09:40:30Z,CLE,Nik Constantinou,CON687807,4578937,Special Teams,H,3,2
2026-07-31T09:40:30Z,CLE,Isaiah Bond,00-0040782,4808839,Special Teams,PR,4,2
2026-07-31T09:40:30Z,CLE,Dylan Sampson,00-0040162,5081397,Special Teams,KR,5,2
2026-07-31T09:40:30Z,CLE,Wes Pahl,00-0041284,4690083,Special Teams,P,2,3
2026-07-31T09:40:30Z,CLE,KC Concepcion,00-0041547,4870653,Special Teams,PR,4,3
2026-07-31T09:40:30Z,CLE,Tylan Wallace,00-0036630,4241424,Special Teams,KR,5,3
2026-07-31T09:40:30Z,CLE,Jerry Jeudy,00-0036407,4241463,3WR 1TE,WR,1,1
2026-07-31T09:40:30Z,CLE,Spencer Fano,00-0041030,4870723,3WR 1TE,LT,3,1
2026-07-31T09:40:30Z,CLE,Zion Johnson,00-0037818,4247347,3WR 1TE,LG,4,1
2026-07-31T09:40:30Z,CLE,Elgton Jenkins,00-0035526,3115485,3WR 1TE,C,5,1
2026-07-31T09:40:30Z,CLE,Teven Jenkins,00-0036953,4038457,3WR 1TE,RG,6,1
2026-07-31T09:40:30Z,CLE,Tytus Howard,00-0035234,3131498,3WR 1TE,RT,7,1
2026-07-31T09:40:30Z,CLE,Deshaun Watson,00-0033537,3122840,3WR 1TE,QB,9,1
2026-07-31T09:40:30Z,CLE,Harold Fannin Jr.,00-0040663,5083076,3WR 1TE,TE,10,1
2026-07-31T09:40:30Z,CLE,Quinshon Judkins,00-0040784,4685702,3WR 1TE,RB,11,1
2026-07-31T09:40:30Z,CLE,Michael Burton,00-0031595,2515270,3WR 1TE,FB,12,1
2026-07-31T09:40:30Z,CLE,KC Concepcion,00-0041547,4870653,3WR 1TE,WR,2,2
2026-07-31T09:40:30Z,CLE,Dawand Jones,00-0039014,4427637,3WR 1TE,LT,3,2
2026-07-31T09:40:30Z,CLE,Kendrick Green,00-0036983,4240548,3WR 1TE,LG,4,2
2026-07-31T09:40:30Z,CLE,Parker Brailsford,00-0041073,4816090,3WR 1TE,C,5,2
2026-07-31T09:40:30Z,CLE,Zak Zinter,00-0039350,4433963,3WR 1TE,RG,6,2
2026-07-31T09:40:30Z,CLE,Austin Barber,00-0041049,4597310,3WR 1TE,RT,7,2
2026-07-31T09:40:30Z,CLE,Shedeur Sanders,00-0040668,4432762,3WR 1TE,QB,9,2
2026-07-31T09:40:30Z,CLE,Joe Royer,00-0041087,4565859,3WR 1TE,TE,10,2
2026-07-31T09:40:30Z,CLE,Dylan Sampson,00-0040162,5081397,3WR 1TE,RB,11,2
2026-07-31T09:40:30Z,CLE,Denzel Boston,00-0041037,4832800,3WR 1TE,WR,8,3
2026-07-31T09:40:30Z,CLE,Jeremiah Byers,00-0040380,4575664,3WR 1TE,LT,3,3
2026-07-31T09:40:30Z,CLE,Luke Wypler,00-0038609,4430806,3WR 1TE,C,5,3
2026-07-31T09:40:30Z,CLE,Jack Conley,00-0040564,4426955,3WR 1TE,RG,6,3
2026-07-31T09:40:30Z,CLE,KT Leveston,00-0039755,4373079,3WR 1TE,RT,7,3
2026-07-31T09:40:30Z,CLE,Dillon Gabriel,00-0040704,4427238,3WR 1TE,QB,9,3
2026-07-31T09:40:30Z,CLE,Jack Stoll,00-0036741,4034862,3WR 1TE,TE,10,3
2026-07-31T09:40:30Z,CLE,Raheim Sanders,00-0040466,4601080,3WR 1TE,RB,11,3
2026-07-31T09:40:30Z,CLE,Cedric Tillman,00-0038979,4369863,3WR 1TE,WR,1,4
2026-07-31T09:40:30Z,CLE,Kingsley Eguakun,00-0039442,4567410,3WR 1TE,C,5,4
2026-07-31T09:40:30Z,CLE,Tyre Phillips,00-0036214,4242247,3WR 1TE,RT,7,4
2026-07-31T09:40:30Z,CLE,Taylen Green,00-0041092,4431325,3WR 1TE,QB,9,4
2026-07-31T09:40:30Z,CLE,Blake Whiteheart,00-0038710,4362018,3WR 1TE,TE,10,4
2026-07-31T09:40:30Z,CLE,Ahmani Marshall,00-0040260,4432374,3WR 1TE,RB,11,4
2026-07-31T09:40:30Z,CLE,Isaiah Bond,00-0040782,4808839,3WR 1TE,WR,2,5
2026-07-31T09:40:30Z,CLE,Izavion Miller,00-0041282,5150290,3WR 1TE,RT,7,5
2026-07-31T09:40:30Z,CLE,Carsen Ryan,00-0041131,4685540,3WR 1TE,TE,10,5
2026-07-31T09:40:30Z,CLE,Davon Booth,00-0041277,5153650,3WR 1TE,RB,11,5
2026-07-31T09:40:30Z,CLE,Tylan Wallace,00-0036630,4241424,3WR 1TE,WR,8,6
2026-07-31T09:40:30Z,CLE,Brenden Bates,00-0039458,4362603,3WR 1TE,TE,10,6
2026-07-31T09:40:30Z,CLE,T.J. Harden,00-0041281,5086027,3WR 1TE,RB,11,6
2026-07-31T09:40:30Z,CLE,Malachi Corley,00-0039920,4613104,3WR 1TE,WR,1,7
2026-07-31T09:40:30Z,CLE,Jamari Thrash,00-0039379,4428678,3WR 1TE,WR,2,8
2026-07-31T09:40:30Z,CLE,Gage Larvadain,00-0040259,4877203,3WR 1TE,WR,8,9
2026-07-31T09:40:30Z,CLE,Luke Floriea,00-0040617,4566157,3WR 1TE,WR,1,10
2026-07-31T09:40:30Z,CLE,Aaron Anderson,00-0041491,4691138,3WR 1TE,WR,2,11
2026-07-31T09:40:30Z,CLE,Kole Wilson,00-0041287,5096863,3WR 1TE,WR,8,12
2026-07-31T09:40:30Z,DAL,Quinnen Williams,00-0035718,4040982,Base 3-4 D,LDE,1,1
2026-07-31T09:40:30Z,DAL,Otito Ogbonnia,00-0037270,4367210,Base 3-4 D,NT,2,1
2026-07-31T09:40:30Z,DAL,Kenny Clark,00-0033120,3122752,Base 3-4 D,RDE,3,1
2026-07-31T09:40:30Z,DAL,Rashan Gary,00-0034967,4046523,Base 3-4 D,WLB,4,1
2026-07-31T09:40:30Z,DAL,DeMarvion Overshown,00-0038556,4362088,Base 3-4 D,LILB,5,1
2026-07-31T09:40:30Z,DAL,Dee Winters,00-0038625,4428914,Base 3-4 D,RILB,6,1
2026-07-31T09:40:30Z,DAL,Donovan Ezeiruaku,00-0040725,4683848,Base 3-4 D,SLB,7,1
2026-07-31T09:40:30Z,DAL,Cobie Durant,00-0037839,4384549,Base 3-4 D,LCB,8,1
2026-07-31T09:40:30Z,DAL,Jalen Thompson,00-0035705,4043089,Base 3-4 D,SS,9,1
2026-07-31T09:40:30Z,DAL,Malik Hooker,00-0033877,3121415,Base 3-4 D,FS,10,1
2026-07-31T09:40:30Z,DAL,DaRon Bland,00-0037275,4248911,Base 3-4 D,RCB,11,1
2026-07-31T09:40:30Z,DAL,Caleb Downs,00-0040865,4870706,Base 3-4 D,NB,12,1
2026-07-31T09:40:30Z,DAL,Tyrus Wheat,00-0038742,4689333,Base 3-4 D,LDE,1,2
2026-07-31T09:40:30Z,DAL,Jay Toia,00-0040019,4431603,Base 3-4 D,NT,2,2
2026-07-31T09:40:30Z,DAL,Jonathan Bullard,00-0033093,2980097,Base 3-4 D,RDE,3,2
2026-07-31T09:40:30Z,DAL,James Houston,00-0037310,4240608,Base 3-4 D,WLB,4,2
2026-07-31T09:40:30Z,DAL,Jaishawn Barham,00-0040872,4685266,Base 3-4 D,LILB,5,2
2026-07-31T09:40:30Z,DAL,Shemar James,00-0040011,4685400,Base 3-4 D,RILB,6,2
2026-07-31T09:40:30Z,DAL,Malachi Lawrence,00-0041537,4710067,Base 3-4 D,SLB,7,2
2026-07-31T09:40:30Z,DAL,Shavon Revel Jr.,00-0040008,5095865,Base 3-4 D,LCB,8,2
2026-07-31T09:40:30Z,DAL,Markquese Bell,00-0037561,4241921,Base 3-4 D,SS,9,2
2026-07-31T09:40:30Z,DAL,P.J. Locke,00-0035227,3929850,Base 3-4 D,FS,10,2
2026-07-31T09:40:30Z,DAL,Devin Moore,00-0040875,4702577,Base 3-4 D,RCB,11,2
2026-07-31T09:40:30Z,DAL,Reddy Steward,00-0039465,4428584,Base 3-4 D,NB,12,2
2026-07-31T09:40:30Z,DAL,Tommy Dunn Jr.,00-0040931,4689364,Base 3-4 D,LDE,1,3
2026-07-31T09:40:30Z,DAL,Kelvin Gilliam Jr.,00-0040933,4431547,Base 3-4 D,RDE,3,3
2026-07-31T09:40:30Z,DAL,LT Overton,00-0040880,4870960,Base 3-4 D,WLB,4,3
2026-07-31T09:40:30Z,DAL,Justin Barron,00-0040043,4429249,Base 3-4 D,LILB,5,3
2026-07-31T09:40:30Z,DAL,Curtis Robinson,00-0036728,4044448,Base 3-4 D,RILB,6,3
2026-07-31T09:40:30Z,DAL,Sam Williams,00-0037665,4567242,Base 3-4 D,SLB,7,3
2026-07-31T09:40:30Z,DAL,Caelen Carson,00-0039387,4431006,Base 3-4 D,LCB,8,3
2026-07-31T09:40:30Z,DAL,Julius Wood,00-0039532,4872841,Base 3-4 D,SS,9,3
2026-07-31T09:40:30Z,DAL,Alijah Clark,00-0040045,4595352,Base 3-4 D,FS,10,3
2026-07-31T09:40:30Z,DAL,Josh Butler,00-0038348,3929814,Base 3-4 D,RCB,11,3
2026-07-31T09:40:30Z,DAL,Zion Childress,00-0040044,4685841,Base 3-4 D,NB,12,3
2026-07-31T09:40:30Z,DAL,D.J. Withers,00-0040940,4682915,Base 3-4 D,LDE,1,4
2026-07-31T09:40:30Z,DAL,Marist Liufau,00-0039352,4427816,Base 3-4 D,WLB,4,4
2026-07-31T09:40:30Z,DAL,Langston Patterson,00-0040935,4557348,Base 3-4 D,RILB,6,4
2026-07-31T09:40:30Z,DAL,Isaiah Land,00-0038737,4574551,Base 3-4 D,SLB,7,4
2026-07-31T09:40:30Z,DAL,Derion Kendrick,00-0037842,4360307,Base 3-4 D,LCB,8,4
2026-07-31T09:40:30Z,DAL,Ameer Speed,00-0038624,4259546,Base 3-4 D,RCB,11,4
2026-07-31T09:40:30Z,DAL,Adedayo Odeleye,00-0038144,5066095,Base 3-4 D,WLB,4,5
2026-07-31T09:40:30Z,DAL,Charles Snowden,00-0036711,4240849,Base 3-4 D,SLB,7,5
2026-07-31T09:40:30Z,DAL,Trikweze Bridges,00-0040251,4426513,Base 3-4 D,LCB,8,5
2026-07-31T09:40:30Z,DAL,Brandon Aubrey,00-0037692,3953687,Special Teams,PK,1,1
2026-07-31T09:40:30Z,DAL,Bryan Anger,00-0029692,14950,Special Teams,P,2,1
2026-07-31T09:40:30Z,DAL,Bryan Anger,00-0029692,14950,Special Teams,H,3,1
2026-07-31T09:40:30Z,DAL,KaVontae Turpin,00-0037801,3676833,Special Teams,PR,4,1
2026-07-31T09:40:30Z,DAL,KaVontae Turpin,00-0037801,3676833,Special Teams,KR,5,1
2026-07-31T09:40:30Z,DAL,Trent Sieg,00-0034198,3052357,Special Teams,LS,6,1
2026-07-31T09:40:30Z,DAL,Jaydon Blue,00-0040586,4685279,Special Teams,KR,5,2
2026-07-31T09:40:30Z,DAL,CeeDee Lamb,00-0036358,4241389,3WR 1TE,WR,1,1
2026-07-31T09:40:30Z,DAL,Tyler Guyton,00-0039341,4609048,3WR 1TE,LT,3,1
2026-07-31T09:40:30Z,DAL,Tyler Smith,00-0037243,4568652,3WR 1TE,LG,4,1
2026-07-31T09:40:30Z,DAL,Cooper Beebe,00-0039348,4426663,3WR 1TE,C,5,1
2026-07-31T09:40:30Z,DAL,Tyler Booker,00-0040007,4685263,3WR 1TE,RG,6,1
2026-07-31T09:40:30Z,DAL,Terence Steele,00-0036036,3915834,3WR 1TE,RT,7,1
2026-07-31T09:40:30Z,DAL,Dak Prescott,00-0033077,2577417,3WR 1TE,QB,9,1
2026-07-31T09:40:30Z,DAL,Jake Ferguson,00-0038041,4242355,3WR 1TE,TE,10,1
2026-07-31T09:40:30Z,DAL,Javonte Williams,00-0036997,4361579,3WR 1TE,RB,11,1
2026-07-31T09:40:30Z,DAL,Hunter Luepke,00-0038738,4383396,3WR 1TE,FB,12,1
2026-07-31T09:40:30Z,DAL,George Pickens,00-0037247,4426354,3WR 1TE,WR,2,2
2026-07-31T09:40:30Z,DAL,Nate Thomas,00-0039422,4428656,3WR 1TE,LT,3,2
2026-07-31T09:40:30Z,DAL,Trevor Keegan,00-0039310,4427140,3WR 1TE,LG,4,2
2026-07-31T09:40:30Z,DAL,Nick Leverett,00-0036105,3920591,3WR 1TE,C,5,2
2026-07-31T09:40:30Z,DAL,T.J. Bass,00-0038731,4685120,3WR 1TE,RG,6,2
2026-07-31T09:40:30Z,DAL,Drew Shelton,00-0040874,4685554,3WR 1TE,RT,7,2
2026-07-31T09:40:30Z,DAL,Joe Milton III,00-0039398,4360698,3WR 1TE,QB,9,2
2026-07-31T09:40:30Z,DAL,Brevyn Spann-Ford,00-0039530,4360967,3WR 1TE,TE,10,2
2026-07-31T09:40:30Z,DAL,Jaydon Blue,00-0040586,4685279,3WR 1TE,RB,11,2
2026-07-31T09:40:30Z,DAL,Ryan Flournoy,00-0039410,5083754,3WR 1TE,WR,8,3
2026-07-31T09:40:30Z,DAL,Marcellus Johnson,00-0039507,4363547,3WR 1TE,LT,3,3
2026-07-31T09:40:30Z,DAL,DJ Wingfield,00-0041437,5082352,3WR 1TE,LG,4,3
2026-07-31T09:40:30Z,DAL,Matt Hennessy,00-0036295,4044138,3WR 1TE,C,5,3
2026-07-31T09:40:30Z,DAL,Chris Glaser,00-0037225,4240836,3WR 1TE,RG,6,3
2026-07-31T09:40:30Z,DAL,Ajani Cornelius,00-0040017,4696203,3WR 1TE,RT,7,3
2026-07-31T09:40:30Z,DAL,Sam Howell,00-0037077,4426875,3WR 1TE,QB,9,3
2026-07-31T09:40:30Z,DAL,Luke Schoonmaker,00-0038547,4372096,3WR 1TE,TE,10,3
2026-07-31T09:40:30Z,DAL,Malik Davis,00-0037563,4240603,3WR 1TE,RB,11,3
2026-07-31T09:40:30Z,DAL,KaVontae Turpin,00-0037801,3676833,3WR 1TE,WR,1,4
2026-07-31T09:40:30Z,DAL,Shiyazh Pete,00-0040936,4880106,3WR 1TE,LT,3,4
2026-07-31T09:40:30Z,DAL,Princeton Fant,00-0038735,4242442,3WR 1TE,TE,10,4
2026-07-31T09:40:30Z,DAL,Phil Mafah,00-0040021,4431562,3WR 1TE,RB,11,4
2026-07-31T09:40:30Z,DAL,Marquez Valdes-Scantling,00-0034272,3051738,3WR 1TE,WR,2,5
2026-07-31T09:40:30Z,DAL,Michael Trigg,00-0040939,4594749,3WR 1TE,TE,10,5
2026-07-31T09:40:30Z,DAL,Israel Abanikanda,00-0038389,4429202,3WR 1TE,RB,11,5
2026-07-31T09:40:30Z,DAL,Jonathan Mingo,00-0039062,4426485,3WR 1TE,WR,8,6
2026-07-31T09:40:30Z,DAL,DJ Rogers,00-0040938,4710711,3WR 1TE,TE,10,6
2026-07-31T09:40:30Z,DAL,Dominic Richardson,00-0040937,4430689,3WR 1TE,RB,11,6
2026-07-31T09:40:30Z,DAL,Anthony Smith,00-0040900,4685110,3WR 1TE,WR,1,7
2026-07-31T09:40:30Z,DAL,Tyler Johnson,00-0036427,2310331,3WR 1TE,WR,2,8
2026-07-31T09:40:30Z,DAL,Traeshon Holden,00-0040048,4429172,3WR 1TE,WR,8,9
2026-07-31T09:40:30Z,DAL,Denzel Mims,00-0036255,4035403,3WR 1TE,WR,1,10
2026-07-31T09:40:30Z,DAL,Jordan Hudson,00-0040934,4685409,3WR 1TE,WR,2,11
2026-07-31T09:40:30Z,DAL,Camden Brown,00-0040930,4808759,3WR 1TE,WR,8,12
2026-07-31T09:40:30Z,DAL,Jaden Smith,00-0040769,4581750,3WR 1TE,WR,1,13
2026-07-31T09:40:30Z,DEN,Malcolm Roach,00-0035763,4039064,Base 3-4 D,LDE,1,1
2026-07-31T09:40:30Z,DEN,D.J. Jones,00-0033297,3894915,Base 3-4 D,NT,2,1
2026-07-31T09:40:30Z,DEN,Zach Allen,00-0035248,3915282,Base 3-4 D,RDE,3,1
2026-07-31T09:40:30Z,DEN,Jonathon Cooper,00-0036952,4040608,Base 3-4 D,WLB,4,1
2026-07-31T09:40:30Z,DEN,Alex Singleton,00-0031898,2612151,Base 3-4 D,LILB,5,1
2026-07-31T09:40:30Z,DEN,Justin Strnad,00-0036428,3919548,Base 3-4 D,RILB,6,1
2026-07-31T09:40:30Z,DEN,Nik Bonitto,00-0037249,4360259,Base 3-4 D,SLB,7,1
2026-07-31T09:40:30Z,DEN,Riley Moss,00-0038552,4382401,Base 3-4 D,LCB,8,1
2026-07-31T09:40:30Z,DEN,Talanoa Hufanga,00-0036564,4360853,Base 3-4 D,SS,9,1
2026-07-31T09:40:30Z,DEN,Brandon Jones,00-0036221,4039059,Base 3-4 D,FS,10,1
2026-07-31T09:40:30Z,DEN,Pat Surtain II,00-0036874,4372012,Base 3-4 D,RCB,11,1
2026-07-31T09:40:30Z,DEN,Ja'Quan McMillian,00-0037384,4567462,Base 3-4 D,NB,12,1
2026-07-31T09:40:30Z,DEN,Tyler Onyedim,00-0041552,4683535,Base 3-4 D,LDE,1,2
2026-07-31T09:40:30Z,DEN,Eyioma Uwazurike,00-0038106,4066109,Base 3-4 D,NT,2,2
2026-07-31T09:40:30Z,DEN,Sai'vion Jones,00-0040153,4603189,Base 3-4 D,RDE,3,2
2026-07-31T09:40:30Z,DEN,Jonah Elliss,00-0039809,4687592,Base 3-4 D,WLB,4,2
2026-07-31T09:40:30Z,DEN,Red Murdock,00-0041134,4912190,Base 3-4 D,LILB,5,2
2026-07-31T09:40:30Z,DEN,Drew Sanders,00-0039003,4685721,Base 3-4 D,RILB,6,2
2026-07-31T09:40:30Z,DEN,Dondrea Tillman,00-0037799,5216101,Base 3-4 D,SLB,7,2
2026-07-31T09:40:30Z,DEN,Reese Taylor,00-0038521,4371946,Base 3-4 D,LCB,8,2
2026-07-31T09:40:30Z,DEN,JL Skinner,00-0038605,4428503,Base 3-4 D,SS,9,2
2026-07-31T09:40:30Z,DEN,Devon Key,00-0036683,4037559,Base 3-4 D,FS,10,2
2026-07-31T09:40:30Z,DEN,Kris Abrams-Draine,00-0039371,4429193,Base 3-4 D,RCB,11,2
2026-07-31T09:40:30Z,DEN,Jahdae Barron,00-0040720,4430925,Base 3-4 D,NB,12,2
2026-07-31T09:40:30Z,DEN,Jordan Jackson,00-0037294,4261090,Base 3-4 D,LDE,1,3
2026-07-31T09:40:30Z,DEN,Jordan Miller,00-0039570,4362524,Base 3-4 D,NT,2,3
2026-07-31T09:40:30Z,DEN,Kristian Williams,00-0040454,4428886,Base 3-4 D,RDE,3,3
2026-07-31T09:40:30Z,DEN,Que Robinson,00-0040168,4692048,Base 3-4 D,WLB,4,3
2026-07-31T09:40:30Z,DEN,Karene Reid,00-0040449,4875336,Base 3-4 D,LILB,5,3
2026-07-31T09:40:30Z,DEN,Levelle Bailey,00-0039565,4428241,Base 3-4 D,RILB,6,3
2026-07-31T09:40:30Z,DEN,Johnny Walker,00-0040452,4430973,Base 3-4 D,SLB,7,3
2026-07-31T09:40:30Z,DEN,Jaden Robinson,00-0040450,4374032,Base 3-4 D,LCB,8,3
2026-07-31T09:40:30Z,DEN,Parker Robertson,00-0041298,4892440,Base 3-4 D,SS,9,3
2026-07-31T09:40:30Z,DEN,Miles Scott,00-0041130,4880014,Base 3-4 D,FS,10,3
2026-07-31T09:40:30Z,DEN,Brent Austin,00-0041289,5082398,Base 3-4 D,RCB,11,3
2026-07-31T09:40:30Z,DEN,Matt Henningsen,00-0037303,4242358,Base 3-4 D,LDE,1,4
2026-07-31T09:40:30Z,DEN,Jordan Turner,00-0040634,4693373,Base 3-4 D,LILB,5,4
2026-07-31T09:40:30Z,DEN,Taurean York,00-0041301,4917859,Base 3-4 D,RILB,6,4
2026-07-31T09:40:30Z,DEN,Dasan McCullough,00-0041295,4685439,Base 3-4 D,SLB,7,4
2026-07-31T09:40:30Z,DEN,Sean Fresch,00-0040679,4565769,Base 3-4 D,LCB,8,4
2026-07-31T09:40:30Z,DEN,Tycen Anderson,00-0037752,4257240,Base 3-4 D,FS,10,4
2026-07-31T09:40:30Z,DEN,Sam Webb,00-0037516,4700660,Base 3-4 D,LCB,8,5
2026-07-31T09:40:30Z,DEN,Wil Lutz,00-0032569,2985659,Special Teams,PK,1,1
2026-07-31T09:40:30Z,DEN,Jeremy Crawshaw,00-0040223,4589212,Special Teams,P,2,1
2026-07-31T09:40:30Z,DEN,Jeremy Crawshaw,00-0040223,4589212,Special Teams,H,3,1
2026-07-31T09:40:30Z,DEN,Marvin Mims Jr.,00-0038976,4686472,Special Teams,PR,4,1
2026-07-31T09:40:30Z,DEN,Marvin Mims Jr.,00-0038976,4686472,Special Teams,KR,5,1
2026-07-31T09:40:30Z,DEN,Mitchell Fraboni,00-0036943,3139166,Special Teams,LS,6,1
2026-07-31T09:40:30Z,DEN,Michael Bandy,00-0036959,4034704,Special Teams,PR,4,2
2026-07-31T09:40:30Z,DEN,Tyler Badie,00-0037085,4362748,Special Teams,KR,5,2
2026-07-31T09:40:30Z,DEN,Luke Basso,00-0041290,4875296,Special Teams,LS,6,2
2026-07-31T09:40:30Z,DEN,Sean Fresch,00-0040679,4565769,Special Teams,PR,4,3
2026-07-31T09:40:30Z,DEN,RJ Harvey,00-0040730,4568490,Special Teams,KR,5,3
2026-07-31T09:40:30Z,DEN,Kolbe Katsis,00-0041292,5225419,Special Teams,KR,5,4
2026-07-31T09:40:30Z,DEN,Cameron Ross,00-0041299,4569001,Special Teams,KR,5,5
2026-07-31T09:40:30Z,DEN,Sean Fresch,00-0040679,4565769,Special Teams,KR,5,6
2026-07-31T09:40:30Z,DEN,Courtland Sutton,00-0034348,3128429,3WR 1TE,WR,1,1
2026-07-31T09:40:30Z,DEN,Garett Bolles,00-0033538,4035662,3WR 1TE,LT,3,1
2026-07-31T09:40:30Z,DEN,Ben Powers,00-0034978,4037650,3WR 1TE,LG,4,1
2026-07-31T09:40:30Z,DEN,Luke Wattenberg,00-0037278,4039018,3WR 1TE,C,5,1
2026-07-31T09:40:30Z,DEN,Quinn Meinerz,00-0037001,4608138,3WR 1TE,RG,6,1
2026-07-31T09:40:30Z,DEN,Mike McGlinchey,00-0034847,3052885,3WR 1TE,RT,7,1
2026-07-31T09:40:30Z,DEN,Bo Nix,00-0039732,4426338,3WR 1TE,QB,9,1
2026-07-31T09:40:30Z,DEN,Evan Engram,00-0033881,3051876,3WR 1TE,TE,10,1
2026-07-31T09:40:30Z,DEN,J.K. Dobbins,00-0036158,4241985,3WR 1TE,RB,11,1
2026-07-31T09:40:30Z,DEN,Adam Prentice,00-0036727,3929914,3WR 1TE,FB,12,1
2026-07-31T09:40:30Z,DEN,Jaylen Waddle,00-0036613,4372016,3WR 1TE,WR,2,2
2026-07-31T09:40:30Z,DEN,Matt Peart,00-0036392,3921936,3WR 1TE,LT,3,2
2026-07-31T09:40:30Z,DEN,Kage Casey,00-0041498,4868598,3WR 1TE,LG,4,2
2026-07-31T09:40:30Z,DEN,Alex Forsyth,00-0038649,4242503,3WR 1TE,C,5,2
2026-07-31T09:40:30Z,DEN,Calvin Throckmorton,00-0035764,3915147,3WR 1TE,RG,6,2
2026-07-31T09:40:30Z,DEN,Frank Crum,00-0039568,4361691,3WR 1TE,RT,7,2
2026-07-31T09:40:30Z,DEN,Jarrett Stidham,00-0035264,3892775,3WR 1TE,QB,9,2
2026-07-31T09:40:30Z,DEN,Adam Trautman,00-0036422,3911853,3WR 1TE,TE,10,2
2026-07-31T09:40:30Z,DEN,RJ Harvey,00-0040730,4568490,3WR 1TE,RB,11,2
2026-07-31T09:40:30Z,DEN,Troy Franklin,00-0039868,4431280,3WR 1TE,WR,8,3
2026-07-31T09:40:30Z,DEN,Gavin Ortega,00-0041297,5085625,3WR 1TE,LT,3,3
2026-07-31T09:40:30Z,DEN,Alex Palczewski,00-0038796,4240551,3WR 1TE,LG,4,3
2026-07-31T09:40:30Z,DEN,Michael Deiter,00-0035686,3121541,3WR 1TE,C,5,3
2026-07-31T09:40:30Z,DEN,Reid Holskey,00-0040101,4429951,3WR 1TE,RT,7,3
2026-07-31T09:40:30Z,DEN,Sam Ehlinger,00-0036879,4241820,3WR 1TE,QB,9,3
2026-07-31T09:40:30Z,DEN,Justin Joly,00-0041077,4912052,3WR 1TE,TE,10,3
2026-07-31T09:40:30Z,DEN,Jonah Coleman,00-0041496,4702555,3WR 1TE,RB,11,3
2026-07-31T09:40:30Z,DEN,Pat Bryant,00-0040134,4600981,3WR 1TE,WR,1,4
2026-07-31T09:40:30Z,DEN,Nick Gargiulo,00-0039438,4368033,3WR 1TE,LG,4,4
2026-07-31T09:40:30Z,DEN,Tyler Miller,00-0041296,4686442,3WR 1TE,RT,7,4
2026-07-31T09:40:30Z,DEN,Nate Adkins,00-0038783,4383440,3WR 1TE,TE,10,4
2026-07-31T09:40:30Z,DEN,Jaleel McLaughlin,00-0038794,4722893,3WR 1TE,RB,11,4
2026-07-31T09:40:30Z,DEN,Marvin Mims Jr.,00-0038976,4686472,3WR 1TE,WR,2,5
2026-07-31T09:40:30Z,DEN,Lucas Krull,00-0037539,4360231,3WR 1TE,TE,10,5
2026-07-31T09:40:30Z,DEN,Tyler Badie,00-0037085,4362748,3WR 1TE,RB,11,5
2026-07-31T09:40:30Z,DEN,Lil'Jordan Humphrey,00-0035406,4039057,3WR 1TE,WR,8,6
2026-07-31T09:40:30Z,DEN,Dallen Bentley,00-0041133,5159802,3WR 1TE,TE,10,6
2026-07-31T09:40:30Z,DEN,Cody Schrader,00-0039703,4391845,3WR 1TE,RB,11,6
2026-07-31T09:40:30Z,DEN,Michael Bandy,00-0036959,4034704,3WR 1TE,WR,1,7
2026-07-31T09:40:30Z,DEN,Caleb Lohner,00-0040240,4432208,3WR 1TE,TE,10,7
2026-07-31T09:40:30Z,DEN,Hakeem Butler,00-0035529,3917940,3WR 1TE,WR,2,8
2026-07-31T09:40:30Z,DEN,Dane Key,00-0041293,4685424,3WR 1TE,WR,8,9
2026-07-31T09:40:30Z,DEN,Kolbe Katsis,00-0041292,5225419,3WR 1TE,WR,1,10
2026-07-31T09:40:30Z,DEN,Joseph Manjack IV,00-0041294,4683227,3WR 1TE,WR,2,11
2026-07-31T09:40:30Z,DEN,Cameron Ross,00-0041299,4569001,3WR 1TE,WR,8,12
2026-07-31T09:40:30Z,DET,Aidan Hutchinson,00-0037236,4372099,Base 4-3 D,LDE,1,1
2026-07-31T09:40:30Z,DET,Alim McNeill,00-0036624,4361662,Base 4-3 D,LDT,2,1
2026-07-31T09:40:30Z,DET,Levi Onwuzurike,00-0036954,4039020,Base 4-3 D,RDT,3,1
2026-07-31T09:40:30Z,DET,DJ Wonnum,00-0036335,4038849,Base 4-3 D,RDE,4,1
2026-07-31T09:40:30Z,DET,Derrick Barnes,00-0036964,4260409,Base 4-3 D,WLB,5,1
2026-07-31T09:40:30Z,DET,Jack Campbell,00-0039018,4569465,Base 4-3 D,MLB,6,1
2026-07-31T09:40:30Z,DET,Malcolm Rodriguez,00-0037289,4241411,Base 4-3 D,SLB,7,1
2026-07-31T09:40:30Z,DET,D.J. Reed,00-0034384,3139387,Base 4-3 D,LCB,8,1
2026-07-31T09:40:30Z,DET,Brian Branch,00-0039141,4692025,Base 4-3 D,SS,9,1
2026-07-31T09:40:30Z,DET,Kerby Joseph,00-0037667,4360383,Base 4-3 D,FS,10,1
2026-07-31T09:40:30Z,DET,Keith Abney II,00-0041445,5093004,Base 4-3 D,RCB,11,1
2026-07-31T09:40:30Z,DET,Roger McCreary,00-0038125,4371973,Base 4-3 D,NB,12,1
2026-07-31T09:40:30Z,DET,Tyler Lacy,00-0038940,4361861,Base 4-3 D,LDE,1,2
2026-07-31T09:40:30Z,DET,Tyleik Williams,00-0040672,4431615,Base 4-3 D,LDT,2,2
2026-07-31T09:40:30Z,DET,Chris Smith,00-0038661,4367835,Base 4-3 D,RDT,3,2
2026-07-31T09:40:30Z,DET,Derrick Moore,00-0041441,4685461,Base 4-3 D,RDE,4,2
2026-07-31T09:40:30Z,DET,Damone Clark,00-0037281,4362636,Base 4-3 D,WLB,5,2
2026-07-31T09:40:30Z,DET,Joe Bachie,00-0035895,4036507,Base 4-3 D,MLB,6,2
2026-07-31T09:40:30Z,DET,Jimmy Rolder,00-0041442,4896353,Base 4-3 D,SLB,7,2
2026-07-31T09:40:30Z,DET,Rock Ya-Sin,00-0035637,3910229,Base 4-3 D,LCB,8,2
2026-07-31T09:40:30Z,DET,Avonte Maddox,00-0034377,3123938,Base 4-3 D,SS,9,2
2026-07-31T09:40:30Z,DET,Chuck Clark,00-0033294,3045463,Base 4-3 D,FS,10,2
2026-07-31T09:40:30Z,DET,Nick Whiteside,00-0038841,5143915,Base 4-3 D,RCB,11,2
2026-07-31T09:40:30Z,DET,Christian Izien,00-0038820,4372459,Base 4-3 D,NB,12,2
2026-07-31T09:40:30Z,DET,Tyre West,00-0041448,4685609,Base 4-3 D,LDE,1,3
2026-07-31T09:40:30Z,DET,Mekhi Wingo,00-0039396,4586333,Base 4-3 D,LDT,2,3
2026-07-31T09:40:30Z,DET,Skyler Gill-Howard,00-0041447,5103940,Base 4-3 D,RDT,3,3
2026-07-31T09:40:30Z,DET,Trevor Nowaske,00-0038660,5144894,Base 4-3 D,RDE,4,3
2026-07-31T09:40:30Z,DET,Troy Reeder,00-0035617,3116177,Base 4-3 D,WLB,5,3
2026-07-31T09:40:30Z,DET,Erick Hunter,00-0041455,4890074,Base 4-3 D,MLB,6,3
2026-07-31T09:40:30Z,DET,De'Shawn Rucker,00-0041461,4682505,Base 4-3 D,LCB,8,3
2026-07-31T09:40:30Z,DET,Dan Jackson,00-0040233,4575115,Base 4-3 D,SS,9,3
2026-07-31T09:40:30Z,DET,Thomas Harper,00-0039660,4569323,Base 4-3 D,FS,10,3
2026-07-31T09:40:30Z,DET,Khalil Dorsey,00-0036124,4027919,Base 4-3 D,RCB,11,3
2026-07-31T09:40:30Z,DET,Ennis Rakestraw Jr.,00-0039862,4566092,Base 4-3 D,NB,12,3
2026-07-31T09:40:30Z,DET,Payton Turner,00-0036926,4240269,Base 4-3 D,LDE,1,4
2026-07-31T09:40:30Z,DET,Aidan Keanaaina,00-0041456,4430121,Base 4-3 D,LDT,2,4
2026-07-31T09:40:30Z,DET,Myles Adams,00-0035946,4039164,Base 4-3 D,RDT,3,4
2026-07-31T09:40:30Z,DET,Ahmed Hassanein,00-0040761,4710422,Base 4-3 D,RDE,4,4
2026-07-31T09:40:30Z,DET,Loren Strickland,00-0039448,4917439,Base 4-3 D,FS,10,4
2026-07-31T09:40:30Z,DET,Aamaris Brown,00-0041454,4565445,Base 4-3 D,NB,12,4
2026-07-31T09:40:30Z,DET,Eric O'Neill,00-0041459,4892218,Base 4-3 D,LDE,1,5
2026-07-31T09:40:30Z,DET,Anthony Lucas,00-0019730,4685442,Base 4-3 D,RDE,4,5
2026-07-31T09:40:30Z,DET,Jake Bates,00-0039172,4689936,Special Teams,PK,1,1
2026-07-31T09:40:30Z,DET,Jack Fox,00-0035156,3916370,Special Teams,P,2,1
2026-07-31T09:40:30Z,DET,Jack Fox,00-0035156,3916370,Special Teams,H,3,1
2026-07-31T09:40:30Z,DET,Greg Dortch,00-0035500,4037235,Special Teams,PR,4,1
2026-07-31T09:40:30Z,DET,Jacob Saylors,00-0038896,4383429,Special Teams,KR,5,1
2026-07-31T09:40:30Z,DET,Hogan Hatten,00-0039445,4571755,Special Teams,LS,6,1
2026-07-31T09:40:30Z,DET,Tom Kennedy,00-0035544,3126997,Special Teams,PR,4,2
2026-07-31T09:40:30Z,DET,Tom Kennedy,00-0035544,3126997,Special Teams,KR,5,2
2026-07-31T09:40:30Z,DET,Greg Dortch,00-0035500,4037235,Special Teams,KR,5,3
2026-07-31T09:40:30Z,DET,Sione Vaki,00-0039364,4912274,Special Teams,KR,5,4
2026-07-31T09:40:30Z,DET,Amon-Ra St. Brown,00-0036963,4374302,3WR 1TE,WR,1,1
2026-07-31T09:40:30Z,DET,Penei Sewell,00-0036880,4373825,3WR 1TE,LT,3,1
2026-07-31T09:40:30Z,DET,Christian Mahogany,00-0039408,4427864,3WR 1TE,LG,4,1
2026-07-31T09:40:30Z,DET,Cade Mays,00-0037297,4361788,3WR 1TE,C,5,1
2026-07-31T09:40:30Z,DET,Tate Ratledge,00-0040728,4429035,3WR 1TE,RG,6,1
2026-07-31T09:40:30Z,DET,Blake Miller,00-0011237,5081450,3WR 1TE,RT,7,1
2026-07-31T09:40:30Z,DET,Jared Goff,00-0033106,3046779,3WR 1TE,QB,9,1
2026-07-31T09:40:30Z,DET,Sam LaPorta,00-0039065,4430027,3WR 1TE,TE,10,1
2026-07-31T09:40:30Z,DET,Jahmyr Gibbs,00-0039139,4429795,3WR 1TE,RB,11,1
2026-07-31T09:40:30Z,DET,Jameson Williams,00-0037240,4426388,3WR 1TE,WR,2,2
2026-07-31T09:40:30Z,DET,Giovanni Manu,00-0039362,5209589,3WR 1TE,LT,3,2
2026-07-31T09:40:30Z,DET,Juice Scruggs,00-0038936,4361425,3WR 1TE,LG,4,2
2026-07-31T09:40:30Z,DET,Michael Niese,00-0037385,4051353,3WR 1TE,C,5,2
2026-07-31T09:40:30Z,DET,Colby Sorsdal,00-0038592,4367775,3WR 1TE,RG,6,2
2026-07-31T09:40:30Z,DET,Larry Borom,00-0036905,4241217,3WR 1TE,RT,7,2
2026-07-31T09:40:30Z,DET,Teddy Bridgewater,00-0031237,16728,3WR 1TE,QB,9,2
2026-07-31T09:40:30Z,DET,Brock Wright,00-0036754,4242392,3WR 1TE,TE,10,2
2026-07-31T09:40:30Z,DET,Isiah Pacheco,00-0037197,4361529,3WR 1TE,RB,11,2
2026-07-31T09:40:30Z,DET,Isaac TeSlaa,00-0040669,5123663,3WR 1TE,WR,8,3
2026-07-31T09:40:30Z,DET,Devin Cochran,00-0037414,4035270,3WR 1TE,LT,3,3
2026-07-31T09:40:30Z,DET,Miles Frazier,00-0040193,4608890,3WR 1TE,LG,4,3
2026-07-31T09:40:30Z,DET,Seth McLaughlin,00-0040374,4429187,3WR 1TE,C,5,3
2026-07-31T09:40:30Z,DET,Melvin Priestly,00-0041460,4917235,3WR 1TE,RG,6,3
2026-07-31T09:40:30Z,DET,Mason Miller,00-0040391,4693332,3WR 1TE,RT,7,3
2026-07-31T09:40:30Z,DET,Luke Altmyer,00-0041453,4597679,3WR 1TE,QB,9,3
2026-07-31T09:40:30Z,DET,Tyler Conklin,00-0034270,3915486,3WR 1TE,TE,10,3
2026-07-31T09:40:30Z,DET,Sione Vaki,00-0039364,4912274,3WR 1TE,RB,11,3
2026-07-31T09:40:30Z,DET,Greg Dortch,00-0035500,4037235,3WR 1TE,WR,1,4
2026-07-31T09:40:30Z,DET,Ben Bartch,00-0036272,4611506,3WR 1TE,LG,4,4
2026-07-31T09:40:30Z,DET,Jackson Meeks,00-0040390,4602788,3WR 1TE,TE,10,4
2026-07-31T09:40:30Z,DET,Jacob Saylors,00-0038896,4383429,3WR 1TE,RB,11,4
2026-07-31T09:40:30Z,DET,Dominic Lovett,00-0040241,4596439,3WR 1TE,WR,2,5
2026-07-31T09:40:30Z,DET,Zach Horton,00-0040387,4877824,3WR 1TE,TE,10,5
2026-07-31T09:40:30Z,DET,Jabari Small,00-0039652,4432545,3WR 1TE,RB,11,5
2026-07-31T09:40:30Z,DET,Cedrick Wilson Jr.,00-0034418,4036335,3WR 1TE,WR,8,6
2026-07-31T09:40:30Z,DET,Thomas Gordon,00-0040697,4569615,3WR 1TE,TE,10,6
2026-07-31T09:40:30Z,DET,Kye Robichaux,00-0040393,4880638,3WR 1TE,RB,11,6
2026-07-31T09:40:30Z,DET,Tom Kennedy,00-0035544,3126997,3WR 1TE,WR,1,7
2026-07-31T09:40:30Z,DET,Miles Kitselman,00-0041457,5089453,3WR 1TE,TE,10,7
2026-07-31T09:40:30Z,DET,Malik Cunningham,00-0038911,4240069,3WR 1TE,WR,2,8
2026-07-31T09:40:30Z,DET,Tay Martin,00-0037524,4245144,3WR 1TE,WR,8,9
2026-07-31T09:40:30Z,DET,Lucky Jackson,00-0038181,3915802,3WR 1TE,WR,1,10
2026-07-31T09:40:30Z,DET,Tarik Black,00-0036491,4258170,3WR 1TE,WR,2,11
2026-07-31T09:40:30Z,DET,Lawrence Keys III,00-0039474,4372769,3WR 1TE,WR,8,12
2026-07-31T09:40:30Z,DET,Kendrick Law,LAW090280,4685441,3WR 1TE,WR,1,13
2026-07-31T09:40:30Z,GB,Karl Brooks,00-0038398,4373423,Base 3-4 D,LDE,1,1
2026-07-31T09:40:30Z,GB,Javon Hargrave,00-0033109,2983055,Base 3-4 D,NT,2,1
2026-07-31T09:40:30Z,GB,Devonte Wyatt,00-0037075,4361791,Base 3-4 D,RDE,3,1
2026-07-31T09:40:30Z,GB,Lukas Van Ness,00-0039112,4686906,Base 3-4 D,WLB,4,1
2026-07-31T09:40:30Z,GB,Edgerrin Cooper,00-0039850,4430438,Base 3-4 D,LILB,5,1
2026-07-31T09:40:30Z,GB,Zaire Franklin,00-0034431,3124005,Base 3-4 D,RILB,6,1
2026-07-31T09:40:30Z,GB,Micah Parsons,00-0036932,4361423,Base 3-4 D,SLB,7,1
2026-07-31T09:40:30Z,GB,Keisean Nixon,00-0035133,4259493,Base 3-4 D,LCB,8,1
2026-07-31T09:40:30Z,GB,Evan Williams,00-0039813,4428863,Base 3-4 D,SS,9,1
2026-07-31T09:40:30Z,GB,Xavier McKinney,00-0036388,4241470,Base 3-4 D,FS,10,1
2026-07-31T09:40:30Z,GB,Carrington Valentine,00-0038408,4430965,Base 3-4 D,RCB,11,1
2026-07-31T09:40:30Z,GB,Javon Bullard,00-0039867,4688930,Base 3-4 D,NB,12,1
2026-07-31T09:40:30Z,GB,Jaden Crumedy,00-0039402,4362910,Base 3-4 D,LDE,1,2
2026-07-31T09:40:30Z,GB,Jordon Riley,00-0038506,4240677,Base 3-4 D,NT,2,2
2026-07-31T09:40:30Z,GB,Chris McClellan,00-0040869,4820574,Base 3-4 D,RDE,3,2
2026-07-31T09:40:30Z,GB,Brenton Cox Jr.,00-0038463,4361776,Base 3-4 D,WLB,4,2
2026-07-31T09:40:30Z,GB,Ty'Ron Hopper,00-0039812,4567406,Base 3-4 D,LILB,5,2
2026-07-31T09:40:30Z,GB,Isaiah McDuffie,00-0036658,4239947,Base 3-4 D,RILB,6,2
2026-07-31T09:40:30Z,GB,Dani Dennis-Sutton,00-0040877,4685315,Base 3-4 D,SLB,7,2
2026-07-31T09:40:30Z,GB,Brandon Cisse,00-0041470,5076652,Base 3-4 D,LCB,8,2
2026-07-31T09:40:30Z,GB,Jaylin Simpson,00-0039383,4567225,Base 3-4 D,SS,9,2
2026-07-31T09:40:30Z,GB,Kitan Oladapo,00-0039818,4374037,Base 3-4 D,FS,10,2
2026-07-31T09:40:30Z,GB,Benjamin St-Juste,00-0036625,4258206,Base 3-4 D,RCB,11,2
2026-07-31T09:40:30Z,GB,Anthony Campbell,00-0040689,4887255,Base 3-4 D,LDE,1,3
2026-07-31T09:40:30Z,GB,Nazir Stackhouse,00-0040041,4429142,Base 3-4 D,NT,2,3
2026-07-31T09:40:30Z,GB,Warren Brinson,00-0040016,4429136,Base 3-4 D,RDE,3,3
2026-07-31T09:40:30Z,GB,Barryn Sorrell,00-0040010,4683643,Base 3-4 D,WLB,4,3
2026-07-31T09:40:30Z,GB,Kristian Welch,00-0036157,4036153,Base 3-4 D,LILB,5,3
2026-07-31T09:40:30Z,GB,Nick Niemann,00-0036648,4036141,Base 3-4 D,RILB,6,3
2026-07-31T09:40:30Z,GB,Collin Oliver,00-0040012,4683059,Base 3-4 D,SLB,7,3
2026-07-31T09:40:30Z,GB,Shemar Bartholomew,00-0039292,4371336,Base 3-4 D,LCB,8,3
2026-07-31T09:40:30Z,GB,Johnathan Baldwin II,00-0040033,4709980,Base 3-4 D,FS,10,3
2026-07-31T09:40:30Z,GB,Domani Jackson,00-0040896,4685402,Base 3-4 D,RCB,11,3
2026-07-31T09:40:30Z,GB,Jonathan Ford,00-0037094,4259762,Base 3-4 D,NT,2,4
2026-07-31T09:40:30Z,GB,Nyjalik Kelly,00-0040944,4726151,Base 3-4 D,WLB,4,4
2026-07-31T09:40:30Z,GB,TJ Quinn,00-0040947,4684030,Base 3-4 D,RILB,6,4
2026-07-31T09:40:30Z,GB,Arron Mosby,00-0037364,4242996,Base 3-4 D,SLB,7,4
2026-07-31T09:40:30Z,GB,Mark Perry,00-0039488,4428223,Base 3-4 D,FS,10,4
2026-07-31T09:40:30Z,GB,Kamal Hadden,00-0039831,4427356,Base 3-4 D,RCB,11,4
2026-07-31T09:40:30Z,GB,Murvin Kenion III,00-0040968,5083167,Base 3-4 D,FS,10,5
2026-07-31T09:40:30Z,GB,MJ Devonshire Jr.,00-0039418,4427068,Base 3-4 D,RCB,11,5
2026-07-31T09:40:30Z,GB,Marlon Jones,00-0008818,4570773,Base 3-4 D,RCB,11,6
2026-07-31T09:40:30Z,GB,Trey Smack,00-0040899,4869461,Special Teams,PK,1,1
2026-07-31T09:40:30Z,GB,Daniel Whelan,00-0037547,4248789,Special Teams,P,2,1
2026-07-31T09:40:30Z,GB,Daniel Whelan,00-0037547,4248789,Special Teams,H,3,1
2026-07-31T09:40:30Z,GB,Skyy Moore,00-0038090,4430191,Special Teams,PR,4,1
2026-07-31T09:40:30Z,GB,Skyy Moore,00-0038090,4430191,Special Teams,KR,5,1
2026-07-31T09:40:30Z,GB,Matt Orzech,00-0035118,4422336,Special Teams,LS,6,1
2026-07-31T09:40:30Z,GB,Matthew Golden,00-0040667,4701936,Special Teams,PR,4,2
2026-07-31T09:40:30Z,GB,Savion Williams,00-0040009,4431487,Special Teams,KR,5,2
2026-07-31T09:40:30Z,GB,Cal Adomitis,00-0037412,4240719,Special Teams,LS,6,2
2026-07-31T09:40:30Z,GB,Jayden Reed,00-0039146,4362249,Special Teams,PR,4,3
2026-07-31T09:40:30Z,GB,Bo Melton,00-0037091,4259305,Special Teams,KR,5,3
2026-07-31T09:40:30Z,GB,Christian Watson,00-0038124,4248528,3WR 1TE,WR,1,1
2026-07-31T09:40:30Z,GB,Jordan Morgan,00-0039904,3821571,3WR 1TE,LT,3,1
2026-07-31T09:40:30Z,GB,Aaron Banks,00-0036551,4242390,3WR 1TE,LG,4,1
2026-07-31T09:40:30Z,GB,Sean Rhyan,00-0037076,4426411,3WR 1TE,C,5,1
2026-07-31T09:40:30Z,GB,Anthony Belton,00-0040726,4873706,3WR 1TE,RG,6,1
2026-07-31T09:40:30Z,GB,Zach Tom,00-0037817,4240435,3WR 1TE,RT,7,1
2026-07-31T09:40:30Z,GB,Jordan Love,00-0036264,4036378,3WR 1TE,QB,9,1
2026-07-31T09:40:30Z,GB,Tucker Kraft,00-0038996,4572680,3WR 1TE,TE,10,1
2026-07-31T09:40:30Z,GB,Josh Jacobs,00-0035700,4047365,3WR 1TE,RB,11,1
2026-07-31T09:40:30Z,GB,Jayden Reed,00-0039146,4362249,3WR 1TE,WR,2,2
2026-07-31T09:40:30Z,GB,Darian Kinnard,00-0037194,4362611,3WR 1TE,LT,3,2
2026-07-31T09:40:30Z,GB,Donovan Jennings,00-0039272,4360887,3WR 1TE,LG,4,2
2026-07-31T09:40:30Z,GB,Jager Burton,00-0040884,4569661,3WR 1TE,C,5,2
2026-07-31T09:40:30Z,GB,Karsen Barnhart,00-0039655,4426638,3WR 1TE,RG,6,2
2026-07-31T09:40:30Z,GB,Travis Glover,00-0039819,4361904,3WR 1TE,RT,7,2
2026-07-31T09:40:30Z,GB,Tyrod Taylor,00-0028118,14163,3WR 1TE,QB,9,2
2026-07-31T09:40:30Z,GB,Luke Musgrave,00-0039144,4428085,3WR 1TE,TE,10,2
2026-07-31T09:40:30Z,GB,MarShawn Lloyd,00-0039811,4429023,3WR 1TE,RB,11,2
2026-07-31T09:40:30Z,GB,Matthew Golden,00-0040667,4701936,3WR 1TE,WR,8,3
2026-07-31T09:40:30Z,GB,Brant Banks,00-0040034,4426623,3WR 1TE,LT,3,3
2026-07-31T09:40:30Z,GB,Josh Gesky,00-0040943,4687706,3WR 1TE,LG,4,3
2026-07-31T09:40:30Z,GB,Jacob Monk,00-0039817,4428037,3WR 1TE,C,5,3
2026-07-31T09:40:30Z,GB,Dylan Barrett,00-0040941,4429248,3WR 1TE,RG,6,3
2026-07-31T09:40:30Z,GB,Dalton Cooper,00-0040083,4426972,3WR 1TE,RT,7,3
2026-07-31T09:40:30Z,GB,Kyle McCord,00-0040014,4433971,3WR 1TE,QB,9,3
2026-07-31T09:40:30Z,GB,Josh Whyle,00-0038589,4360086,3WR 1TE,TE,10,3
2026-07-31T09:40:30Z,GB,Chris Brooks,00-0038685,3149687,3WR 1TE,RB,11,3
2026-07-31T09:40:30Z,GB,Savion Williams,00-0040009,4431487,3WR 1TE,WR,1,4
2026-07-31T09:40:30Z,GB,Dillon Wade,00-0040949,4581189,3WR 1TE,LG,4,4
2026-07-31T09:40:30Z,GB,John Williams,00-0040023,2312707,3WR 1TE,RG,6,4
2026-07-31T09:40:30Z,GB,Kyron Drones,00-0040942,4678010,3WR 1TE,QB,9,4
2026-07-31T09:40:30Z,GB,Drake Dabney,00-0040628,4429466,3WR 1TE,TE,10,4
2026-07-31T09:40:30Z,GB,Pierre Strong Jr.,00-0038098,4249836,3WR 1TE,RB,11,4
2026-07-31T09:40:30Z,GB,Bo Melton,00-0037091,4259305,3WR 1TE,WR,2,5
2026-07-31T09:40:30Z,GB,Messiah Swinson,00-0039275,4362770,3WR 1TE,TE,10,5
2026-07-31T09:40:30Z,GB,Damien Martinez,00-0040651,4808830,3WR 1TE,RB,11,5
2026-07-31T09:40:30Z,GB,Skyy Moore,00-0038090,4430191,3WR 1TE,WR,8,6
2026-07-31T09:40:30Z,GB,Luke Lachey,00-0040250,4432338,3WR 1TE,TE,10,6
2026-07-31T09:40:30Z,GB,Jaden Nixon,00-0040946,4683165,3WR 1TE,RB,11,6
2026-07-31T09:40:30Z,GB,Isaiah Neyor,00-0040558,4428116,3WR 1TE,WR,1,7
2026-07-31T09:40:30Z,GB,RJ Maryland,00-0040945,4702913,3WR 1TE,TE,10,7
2026-07-31T09:40:30Z,GB,Will Sheppard,00-0040753,4608679,3WR 1TE,WR,2,8
2026-07-31T09:40:30Z,GB,Thomas Yassmin,00-0039936,4361027,3WR 1TE,TE,10,8
2026-07-31T09:40:30Z,GB,Brenden Rice,00-0039415,4686781,3WR 1TE,WR,8,9
2026-07-31T09:40:30Z,GB,J. Michael Sturdivant,00-0040948,4635009,3WR 1TE,WR,1,10
2026-07-31T09:40:30Z,GB,Kaden Prather,,4431509,3WR 1TE,WR,2,11
2026-07-31T09:40:30Z,HOU,Will Anderson Jr.,00-0039108,4685724,Base 4-3 D,LDE,1,1
2026-07-31T09:40:30Z,HOU,Tommy Togiai,00-0036883,4361366,Base 4-3 D,LDT,2,1
2026-07-31T09:40:30Z,HOU,Sheldon Rankins,00-0032759,2970204,Base 4-3 D,RDT,3,1
2026-07-31T09:40:30Z,HOU,Danielle Hunter,00-0031565,2976560,Base 4-3 D,RDE,4,1
2026-07-31T09:40:30Z,HOU,Henry To'oTo'o,00-0038599,4426350,Base 4-3 D,WLB,5,1
2026-07-31T09:40:30Z,HOU,Azeez Al-Shaair,00-0035166,3919117,Base 4-3 D,MLB,6,1
2026-07-31T09:40:30Z,HOU,E.J. Speed,00-0034987,3071353,Base 4-3 D,SLB,7,1
2026-07-31T09:40:30Z,HOU,Derek Stingley Jr.,00-0037237,4426434,Base 4-3 D,LCB,8,1
2026-07-31T09:40:30Z,HOU,Reed Blankenship,00-0037130,4243956,Base 4-3 D,SS,9,1
2026-07-31T09:40:30Z,HOU,Calen Bullock,00-0039838,4431517,Base 4-3 D,FS,10,1
2026-07-31T09:40:30Z,HOU,Kamari Lassiter,00-0039343,4602699,Base 4-3 D,RCB,11,1
2026-07-31T09:40:30Z,HOU,Jalen Pitre,00-0037246,4241223,Base 4-3 D,NB,12,1
2026-07-31T09:40:30Z,HOU,Dylan Horton,00-0039009,4374066,Base 4-3 D,LDE,1,2
2026-07-31T09:40:30Z,HOU,Logan Hall,00-0038127,4360189,Base 4-3 D,LDT,2,2
2026-07-31T09:40:30Z,HOU,Kayden McDonald,00-0041440,4870893,Base 4-3 D,RDT,3,2
2026-07-31T09:40:30Z,HOU,Dominique Robinson,00-0037082,4244300,Base 4-3 D,RDE,4,2
2026-07-31T09:40:30Z,HOU,Marte Mapu,00-0039054,4248899,Base 4-3 D,WLB,5,2
2026-07-31T09:40:30Z,HOU,Wade Woodaz,00-0041465,4837286,Base 4-3 D,MLB,6,2
2026-07-31T09:40:30Z,HOU,Jamal Hill,00-0039395,4427479,Base 4-3 D,SLB,7,2
2026-07-31T09:40:30Z,HOU,Tremon Smith,00-0034278,3134448,Base 4-3 D,LCB,8,2
2026-07-31T09:40:30Z,HOU,M.J. Stewart,00-0034355,3116679,Base 4-3 D,SS,9,2
2026-07-31T09:40:30Z,HOU,Jaylen Reed,00-0040204,4432758,Base 4-3 D,FS,10,2
2026-07-31T09:40:30Z,HOU,Jaylin Smith,00-0040149,4594277,Base 4-3 D,RCB,11,2
2026-07-31T09:40:30Z,HOU,Alijah Huzzie,00-0040411,4577494,Base 4-3 D,NB,12,2
2026-07-31T09:40:30Z,HOU,Ali Gaye,00-0038724,4243321,Base 4-3 D,LDE,1,3
2026-07-31T09:40:30Z,HOU,Kyonte Hamilton,00-0040229,4677281,Base 4-3 D,LDT,2,3
2026-07-31T09:40:30Z,HOU,Naquan Jones,00-0036695,4046716,Base 4-3 D,RDT,3,3
2026-07-31T09:40:30Z,HOU,Sabastian Harsh,00-0041305,4699802,Base 4-3 D,RDE,4,3
2026-07-31T09:40:30Z,HOU,Jake Hansen,00-0037457,4033812,Base 4-3 D,WLB,5,3
2026-07-31T09:40:30Z,HOU,Aiden Fisher,00-0041449,4912338,Base 4-3 D,MLB,6,3
2026-07-31T09:40:30Z,HOU,Stephen Hall,00-0041304,5153071,Base 4-3 D,LCB,8,3
2026-07-31T09:40:30Z,HOU,Kamari Ramsey,00-0041466,4685518,Base 4-3 D,SS,9,3
2026-07-31T09:40:30Z,HOU,Kaevon Merriweather,00-0038823,4360502,Base 4-3 D,FS,10,3
2026-07-31T09:40:30Z,HOU,Ja'Marcus Ingram,00-0037661,4240059,Base 4-3 D,RCB,11,3
2026-07-31T09:40:30Z,HOU,Brandon Codrington,00-0039333,4576069,Base 4-3 D,NB,12,3
2026-07-31T09:40:30Z,HOU,Solomon Byrd,00-0039427,4361689,Base 4-3 D,LDE,1,4
2026-07-31T09:40:30Z,HOU,Junior Tafuna,00-0040414,4695607,Base 4-3 D,LDT,2,4
2026-07-31T09:40:30Z,HOU,Dominic Bailey,00-0041302,4686304,Base 4-3 D,RDT,3,4
2026-07-31T09:40:30Z,HOU,Jake Hummel,00-0037633,4241250,Base 4-3 D,MLB,6,4
2026-07-31T09:40:30Z,HOU,Collin Wright,00-0041313,4833376,Base 4-3 D,RCB,11,4
2026-07-31T09:40:30Z,HOU,K.C. Ossai,00-0040413,4687188,Base 4-3 D,MLB,6,5
2026-07-31T09:40:30Z,HOU,Ka'imi Fairbairn,00-0032726,2971573,Special Teams,PK,1,1
2026-07-31T09:40:30Z,HOU,Kai Kroeger,00-0040654,4570033,Special Teams,P,2,1
2026-07-31T09:40:30Z,HOU,Kai Kroeger,00-0040654,4570033,Special Teams,H,3,1
2026-07-31T09:40:30Z,HOU,Jaylin Noel,00-0040138,4586312,Special Teams,PR,4,1
2026-07-31T09:40:30Z,HOU,Jaylin Noel,00-0040138,4586312,Special Teams,KR,5,1
2026-07-31T09:40:30Z,HOU,Austin Brinkman,00-0040409,4690999,Special Teams,LS,6,1
2026-07-31T09:40:30Z,HOU,Jack Stonehouse,00-0041310,4874436,Special Teams,P,2,2
2026-07-31T09:40:30Z,HOU,Brandon Codrington,00-0039333,4576069,Special Teams,PR,4,2
2026-07-31T09:40:30Z,HOU,Woody Marks,00-0040583,4429059,Special Teams,KR,5,2
2026-07-31T09:40:30Z,HOU,Tremon Smith,00-0034278,3134448,Special Teams,KR,5,3
2026-07-31T09:40:30Z,HOU,Brandon Codrington,00-0039333,4576069,Special Teams,KR,5,4
2026-07-31T09:40:30Z,HOU,Nico Collins,00-0036554,4258173,3WR 1TE,WR,1,1
2026-07-31T09:40:30Z,HOU,Aireontae Ersery,00-0040745,4429693,3WR 1TE,LT,3,1
2026-07-31T09:40:30Z,HOU,Wyatt Teller,00-0034399,3045474,3WR 1TE,LG,4,1
2026-07-31T09:40:30Z,HOU,Keylan Rutledge,00-0041532,4839498,3WR 1TE,C,5,1
2026-07-31T09:40:30Z,HOU,Ed Ingram,00-0038131,4242227,3WR 1TE,RG,6,1
2026-07-31T09:40:30Z,HOU,Braden Smith,00-0034836,3121595,3WR 1TE,RT,7,1
2026-07-31T09:40:30Z,HOU,C.J. Stroud,00-0039163,4432577,3WR 1TE,QB,9,1
2026-07-31T09:40:30Z,HOU,Dalton Schultz,00-0034383,3117256,3WR 1TE,TE,10,1
2026-07-31T09:40:30Z,HOU,David Montgomery,00-0035685,4035538,3WR 1TE,RB,11,1
2026-07-31T09:40:30Z,HOU,Jayden Higgins,00-0040130,4877706,3WR 1TE,WR,2,2
2026-07-31T09:40:30Z,HOU,Blake Fisher,00-0039857,4432699,3WR 1TE,LT,3,2
2026-07-31T09:40:30Z,HOU,Evan Brown,00-0034495,3128412,3WR 1TE,LG,4,2
2026-07-31T09:40:30Z,HOU,Jake Andrews,00-0039030,4362732,3WR 1TE,C,5,2
2026-07-31T09:40:30Z,HOU,Febechi Nwaiwu,00-0041559,4880873,3WR 1TE,RG,6,2
2026-07-31T09:40:30Z,HOU,Trent Brown,00-0032071,3043109,3WR 1TE,RT,7,2
2026-07-31T09:40:30Z,HOU,Davis Mills,00-0036898,4242546,3WR 1TE,QB,9,2
2026-07-31T09:40:30Z,HOU,Foster Moreau,00-0034981,3843945,3WR 1TE,TE,10,2
2026-07-31T09:40:30Z,HOU,Woody Marks,00-0040583,4429059,3WR 1TE,RB,11,2
2026-07-31T09:40:30Z,HOU,Jaylin Noel,00-0040138,4586312,3WR 1TE,WR,8,3
2026-07-31T09:40:30Z,HOU,James Neal III,00-0041306,5081880,3WR 1TE,LT,3,3
2026-07-31T09:40:30Z,HOU,Jarrett Kingston,00-0039832,4373474,3WR 1TE,LG,4,3
2026-07-31T09:40:30Z,HOU,Jarrett Patterson,00-0038615,4372774,3WR 1TE,C,5,3
2026-07-31T09:40:30Z,HOU,Sam Hagen,00-0041303,4879242,3WR 1TE,RT,7,3
2026-07-31T09:40:30Z,HOU,Graham Mertz,00-0040211,4426335,3WR 1TE,QB,9,3
2026-07-31T09:40:30Z,HOU,Brevin Jordan,00-0036556,4362504,3WR 1TE,TE,10,3
2026-07-31T09:40:30Z,HOU,Jawhar Jordan,00-0039405,4429939,3WR 1TE,RB,11,3
2026-07-31T09:40:30Z,HOU,Xavier Hutchinson,00-0038618,4686422,3WR 1TE,WR,1,4
2026-07-31T09:40:30Z,HOU,Derrick Graham,00-0041519,4686142,3WR 1TE,LT,3,4
2026-07-31T09:40:30Z,HOU,Eli Cox,00-0040410,4426981,3WR 1TE,C,5,4
2026-07-31T09:40:30Z,HOU,Marlin Klein,00-0041472,4695705,3WR 1TE,TE,10,4
2026-07-31T09:40:30Z,HOU,British Brooks,00-0039603,4373273,3WR 1TE,RB,11,4
2026-07-31T09:40:30Z,HOU,Tank Dell,00-0038977,4366031,3WR 1TE,WR,2,5
2026-07-31T09:40:30Z,HOU,Cade Stover,00-0039359,4426496,3WR 1TE,TE,10,5
2026-07-31T09:40:30Z,HOU,Noah Whittington,00-0041312,4432631,3WR 1TE,RB,11,5
2026-07-31T09:40:30Z,HOU,Lewis Bond,00-0041467,4683159,3WR 1TE,WR,8,6
2026-07-31T09:40:30Z,HOU,Layne Pryor,PRY456541,4878842,3WR 1TE,TE,10,6
2026-07-31T09:40:30Z,HOU,Evan Hull,00-0038397,4569609,3WR 1TE,RB,11,6
2026-07-31T09:40:30Z,HOU,Justin Watson,00-0034386,3118892,3WR 1TE,WR,1,7
2026-07-31T09:40:30Z,HOU,Josh Pitsenberger,,5094042,3WR 1TE,RB,11,7
2026-07-31T09:40:30Z,HOU,Josh Kelly,00-0040049,4575558,3WR 1TE,WR,2,8
2026-07-31T09:40:30Z,HOU,Jared Wayne,00-0038728,4430681,3WR 1TE,WR,8,9
2026-07-31T09:40:30Z,HOU,DJ Turner,00-0036527,4036211,3WR 1TE,WR,1,10
2026-07-31T09:40:30Z,HOU,Treyvhon Saunders,00-0041308,5085942,3WR 1TE,WR,2,11
2026-07-31T09:40:30Z,HOU,Daniel Sobkowicz,00-0041309,4878293,3WR 1TE,WR,8,12
2026-07-31T09:40:30Z,HOU,Jha'Quan Jackson,00-0039392,4427575,3WR 1TE,WR,1,13
2026-07-31T09:40:30Z,IND,Jaylahn Tuimoloau,00-0040744,4566154,Base 4-3 D,LDE,1,1
2026-07-31T09:40:30Z,IND,Grover Stewart,00-0033952,4058825,Base 4-3 D,LDT,2,1
2026-07-31T09:40:30Z,IND,DeForest Buckner,00-0032378,2971282,Base 4-3 D,RDT,3,1
2026-07-31T09:40:30Z,IND,Laiatu Latu,00-0039340,4426473,Base 4-3 D,RDE,4,1
2026-07-31T09:40:30Z,IND,Akeem Davis-Gaither,00-0036298,3917142,Base 4-3 D,WLB,5,1
2026-07-31T09:40:30Z,IND,CJ Allen,00-0041039,4870598,Base 4-3 D,MLB,6,1
2026-07-31T09:40:30Z,IND,Bryce Boettcher,00-0041518,5088571,Base 4-3 D,SLB,7,1
2026-07-31T09:40:30Z,IND,Sauce Gardner,00-0037190,4427250,Base 4-3 D,LCB,8,1
2026-07-31T09:40:30Z,IND,A.J. Haulcy,00-0041043,4905664,Base 4-3 D,SS,9,1
2026-07-31T09:40:30Z,IND,Cam Bynum,00-0036629,4035861,Base 4-3 D,FS,10,1
2026-07-31T09:40:30Z,IND,Charvarius Ward,00-0034573,4037361,Base 4-3 D,RCB,11,1
2026-07-31T09:40:30Z,IND,Justin Walley,00-0040139,4682909,Base 4-3 D,NB,12,1
2026-07-31T09:40:30Z,IND,Micheal Clemons,00-0038107,4240896,Base 4-3 D,LDE,1,2
2026-07-31T09:40:30Z,IND,Colby Wooden,00-0038387,4567224,Base 4-3 D,LDT,2,2
2026-07-31T09:40:30Z,IND,Adetomiwa Adebawore,00-0039031,4427635,Base 4-3 D,RDT,3,2
2026-07-31T09:40:30Z,IND,Arden Key,00-0034825,3843843,Base 4-3 D,RDE,4,2
2026-07-31T09:40:30Z,IND,Jaylon Carlies,00-0039377,4601021,Base 4-3 D,WLB,5,2
2026-07-31T09:40:30Z,IND,Austin Ajiake,00-0039178,4374171,Base 4-3 D,MLB,6,2
2026-07-31T09:40:30Z,IND,Tahj Chambers,00-0041227,4692638,Base 4-3 D,SLB,7,2
2026-07-31T09:40:30Z,IND,Johnathan Edwards,00-0040347,4695991,Base 4-3 D,LCB,8,2
2026-07-31T09:40:30Z,IND,Juanyeh Thomas,00-0037578,4360590,Base 4-3 D,SS,9,2
2026-07-31T09:40:30Z,IND,A.J. Haulcy,00-0041043,4905664,Base 4-3 D,FS,10,2
2026-07-31T09:40:30Z,IND,Cam Taylor-Britt,00-0037753,4361196,Base 4-3 D,RCB,11,2
2026-07-31T09:40:30Z,IND,Austin Brown,00-0041226,4827042,Base 4-3 D,NB,12,2
2026-07-31T09:40:30Z,IND,George Gumbs Jr.,00-0041080,4708238,Base 4-3 D,LDE,1,3
2026-07-31T09:40:30Z,IND,Tim Smith,00-0040207,4692033,Base 4-3 D,LDT,2,3
2026-07-31T09:40:30Z,IND,Jerry Tillery,00-0035674,3863182,Base 4-3 D,RDT,3,3
2026-07-31T09:40:30Z,IND,Caden Curry,00-0041111,4685324,Base 4-3 D,RDE,4,3
2026-07-31T09:40:30Z,IND,Devin Veresuk,00-0040787,5278709,Base 4-3 D,WLB,5,3
2026-07-31T09:40:30Z,IND,West Weeks,00-0041236,4587724,Base 4-3 D,MLB,6,3
2026-07-31T09:40:30Z,IND,Daniel Scott,00-0038392,4242415,Base 4-3 D,SS,9,3
2026-07-31T09:40:30Z,IND,Jonathan Owens,00-0034485,4331768,Base 4-3 D,FS,10,3
2026-07-31T09:40:30Z,IND,Mekhi Blackmon,00-0038565,4360677,Base 4-3 D,RCB,11,3
2026-07-31T09:40:30Z,IND,Jai'Onte' McMillan,00-0041514,4690803,Base 4-3 D,NB,12,3
2026-07-31T09:40:30Z,IND,Durell Nchami,00-0039207,4360638,Base 4-3 D,LDE,1,4
2026-07-31T09:40:30Z,IND,Cameron Ball,00-0041225,4691878,Base 4-3 D,LDT,2,4
2026-07-31T09:40:30Z,IND,Derrick Nnadi,00-0034818,3122930,Base 4-3 D,RDT,3,4
2026-07-31T09:40:30Z,IND,Mitchell Melton,00-0041230,4693205,Base 4-3 D,RDE,4,4
2026-07-31T09:40:30Z,IND,Hunter Wohler,00-0040235,4432789,Base 4-3 D,FS,10,4
2026-07-31T09:40:30Z,IND,Cameron Mitchell,00-0038585,4569607,Base 4-3 D,RCB,11,4
2026-07-31T09:40:30Z,IND,Trey Washington,00-0040357,4599160,Base 4-3 D,FS,10,5
2026-07-31T09:40:30Z,IND,Jaylon Jones,00-0038407,4685145,Base 4-3 D,RCB,11,5
2026-07-31T09:40:30Z,IND,Ben Nikkel,00-0039679,4874465,Base 4-3 D,FS,10,6
2026-07-31T09:40:30Z,IND,Rob Carter Jr.,00-0040790,4885625,Base 4-3 D,RCB,11,6
2026-07-31T09:40:30Z,IND,Blake Grupe,00-0038905,4259619,Special Teams,PK,1,1
2026-07-31T09:40:30Z,IND,Rigoberto Sanchez,00-0033269,3914922,Special Teams,P,2,1
2026-07-31T09:40:30Z,IND,Rigoberto Sanchez,00-0033269,3914922,Special Teams,H,3,1
2026-07-31T09:40:30Z,IND,Anthony Gould,00-0039816,4429684,Special Teams,PR,4,1
2026-07-31T09:40:30Z,IND,Anthony Gould,00-0039816,4429684,Special Teams,KR,5,1
2026-07-31T09:40:30Z,IND,Luke Rhodes,00-0032753,2566045,Special Teams,LS,6,1
2026-07-31T09:40:30Z,IND,Spencer Shrader,00-0039576,4571557,Special Teams,PK,1,2
2026-07-31T09:40:30Z,IND,Josh Downs,00-0038997,4688813,Special Teams,PR,4,2
2026-07-31T09:40:30Z,IND,Ashton Dulin,00-0035021,4061956,Special Teams,KR,5,2
2026-07-31T09:40:30Z,IND,Coleman Owen,00-0040352,4578436,Special Teams,PR,4,3
2026-07-31T09:40:30Z,IND,Coleman Owen,00-0040352,4578436,Special Teams,KR,5,3
2026-07-31T09:40:30Z,IND,Sahmir Hagans,00-0041228,4612246,Special Teams,KR,5,4
2026-07-31T09:40:30Z,IND,Alec Pierce,00-0037664,4360078,3WR 1TE,WR,1,1
2026-07-31T09:40:30Z,IND,Bernhard Raimann,00-0037757,4362580,3WR 1TE,LT,3,1
2026-07-31T09:40:30Z,IND,Quenton Nelson,00-0034342,3129308,3WR 1TE,LG,4,1
2026-07-31T09:40:30Z,IND,Tanor Bortolini,00-0039744,4430957,3WR 1TE,C,5,1
2026-07-31T09:40:30Z,IND,Matt Goncalves,00-0039736,4427298,3WR 1TE,RG,6,1
2026-07-31T09:40:30Z,IND,Jalen Travis,00-0040163,4892240,3WR 1TE,RT,7,1
2026-07-31T09:40:30Z,IND,Daniel Jones,00-0035710,3917792,3WR 1TE,QB,9,1
2026-07-31T09:40:30Z,IND,Tyler Warren,00-0040128,4431459,3WR 1TE,TE,10,1
2026-07-31T09:40:30Z,IND,Jonathan Taylor,00-0036223,4242335,3WR 1TE,RB,11,1
2026-07-31T09:40:30Z,IND,Josh Downs,00-0038997,4688813,3WR 1TE,WR,2,2
2026-07-31T09:40:30Z,IND,Blake Freeland,00-0039158,4429636,3WR 1TE,LT,3,2
2026-07-31T09:40:30Z,IND,Dalton Tucker,00-0039578,4370363,3WR 1TE,LG,4,2
2026-07-31T09:40:30Z,IND,Jimmy Morrissey,00-0036859,4046165,3WR 1TE,C,5,2
2026-07-31T09:40:30Z,IND,Jalen Farmer,00-0041517,4838270,3WR 1TE,RG,6,2
2026-07-31T09:40:30Z,IND,Luke Tenuta,00-0037305,4361979,3WR 1TE,RT,7,2
2026-07-31T09:40:30Z,IND,Anthony Richardson Sr.,00-0039164,4429084,3WR 1TE,QB,9,2
2026-07-31T09:40:30Z,IND,Mo Alie-Cox,00-0033217,2998565,3WR 1TE,TE,10,2
2026-07-31T09:40:30Z,IND,DJ Giddens,00-0040179,4874509,3WR 1TE,RB,11,2
2026-07-31T09:40:30Z,IND,Ashton Dulin,00-0035021,4061956,3WR 1TE,WR,8,3
2026-07-31T09:40:30Z,IND,Nolan Rucci,00-0041232,4431587,3WR 1TE,LT,3,3
2026-07-31T09:40:30Z,IND,Geno VanDeMark,00-0041234,4875981,3WR 1TE,C,5,3
2026-07-31T09:40:30Z,IND,Josh Sills,00-0037138,4039243,3WR 1TE,RG,6,3
2026-07-31T09:40:30Z,IND,Bayron Matos,00-0039933,4612507,3WR 1TE,RT,7,3
2026-07-31T09:40:30Z,IND,Riley Leonard,00-0040206,4683423,3WR 1TE,QB,9,3
2026-07-31T09:40:30Z,IND,Drew Ogletree,00-0037292,4722908,3WR 1TE,TE,10,3
2026-07-31T09:40:30Z,IND,Seth McGowan,00-0041125,4686468,3WR 1TE,RB,11,3
2026-07-31T09:40:30Z,IND,Nick Westbrook-Ikhine,00-0036182,3929785,3WR 1TE,WR,1,4
2026-07-31T09:40:30Z,IND,Josh Kreutz,00-0041513,4709386,3WR 1TE,C,5,4
2026-07-31T09:40:30Z,IND,Easton Stick,00-0035282,3120590,3WR 1TE,QB,9,4
2026-07-31T09:40:30Z,IND,Will Mallory,00-0038394,4362523,3WR 1TE,TE,10,4
2026-07-31T09:40:30Z,IND,Ulysses Bentley IV,00-0040476,4426689,3WR 1TE,RB,11,4
2026-07-31T09:40:30Z,IND,Deion Burks,00-0041132,4683151,3WR 1TE,WR,2,5
2026-07-31T09:40:30Z,IND,Sean McKeon,00-0036032,4036275,3WR 1TE,TE,10,5
2026-07-31T09:40:30Z,IND,Anderson Castle,00-0041486,4612558,3WR 1TE,RB,11,5
2026-07-31T09:40:30Z,IND,Anthony Gould,00-0039816,4429684,3WR 1TE,WR,8,6
2026-07-31T09:40:30Z,IND,Carson Towt,00-0040853,4702120,3WR 1TE,TE,10,6
2026-07-31T09:40:30Z,IND,Laquon Treadwell,00-0032951,3051889,3WR 1TE,WR,1,7
2026-07-31T09:40:30Z,IND,Coleman Owen,00-0040352,4578436,3WR 1TE,WR,2,8
2026-07-31T09:40:30Z,IND,Eli Pancol,00-0040337,4430288,3WR 1TE,WR,8,9
2026-07-31T09:40:30Z,IND,Sahmir Hagans,00-0041228,4612246,3WR 1TE,WR,1,10
2026-07-31T09:40:30Z,IND,EJ Horton Jr.,00-0041229,4608533,3WR 1TE,WR,2,11
2026-07-31T09:40:30Z,IND,Raylen Sharpe,00-0041233,4872957,3WR 1TE,WR,8,12
2026-07-31T09:40:30Z,IND,,,4594337,3WR 1TE,WR,1,13
2026-07-31T09:40:30Z,JAX,Travon Walker,00-0037235,4426349,Base 4-3 D,LDE,1,1
2026-07-31T09:40:30Z,JAX,Arik Armstead,00-0032164,2971275,Base 4-3 D,LDT,2,1
2026-07-31T09:40:30Z,JAX,DaVon Hamilton,00-0036262,3915520,Base 4-3 D,RDT,3,1
2026-07-31T09:40:30Z,JAX,Josh Hines-Allen,00-0035642,3915239,Base 4-3 D,RDE,4,1
2026-07-31T09:40:30Z,JAX,Foyesade Oluokun,00-0034413,3050073,Base 4-3 D,WLB,5,1
2026-07-31T09:40:30Z,JAX,Ventrell Miller,00-0038570,4240610,Base 4-3 D,MLB,6,1
2026-07-31T09:40:30Z,JAX,Jack Kiser,00-0040723,4427716,Base 4-3 D,SLB,7,1
2026-07-31T09:40:30Z,JAX,Travis Hunter,00-0040718,4685415,Base 4-3 D,LCB,8,1
2026-07-31T09:40:30Z,JAX,Eric Murray,00-0033038,2970716,Base 4-3 D,SS,9,1
2026-07-31T09:40:30Z,JAX,Antonio Johnson,00-0038596,4429168,Base 4-3 D,FS,10,1
2026-07-31T09:40:30Z,JAX,Montaric Brown,00-0037313,4242149,Base 4-3 D,RCB,11,1
2026-07-31T09:40:30Z,JAX,Jourdan Lewis,00-0033928,3045207,Base 4-3 D,NB,12,1
2026-07-31T09:40:30Z,JAX,Dennis Gardeck,00-0034473,4334300,Base 4-3 D,LDE,1,2
2026-07-31T09:40:30Z,JAX,Ruke Orhorhoro,00-0039733,4430271,Base 4-3 D,LDT,2,2
2026-07-31T09:40:30Z,JAX,Albert Regis,00-0041045,4612298,Base 4-3 D,RDT,3,2
2026-07-31T09:40:30Z,JAX,Wesley Williams,00-0041059,4832922,Base 4-3 D,RDE,4,2
2026-07-31T09:40:30Z,JAX,Branson Combs,00-0040326,4572704,Base 4-3 D,WLB,5,2
2026-07-31T09:40:30Z,JAX,Parker Hughes,00-0041127,4880861,Base 4-3 D,MLB,6,2
2026-07-31T09:40:30Z,JAX,Yasir Abdullah,00-0038580,4360807,Base 4-3 D,SLB,7,2
2026-07-31T09:40:30Z,JAX,Keni-H Lovely,00-0039475,4362236,Base 4-3 D,LCB,8,2
2026-07-31T09:40:30Z,JAX,Rayuan Lane III,00-0040213,4880675,Base 4-3 D,SS,9,2
2026-07-31T09:40:30Z,JAX,Jalen Huskey,00-0041055,4912185,Base 4-3 D,FS,10,2
2026-07-31T09:40:30Z,JAX,Devon Marshall,00-0041212,5083287,Base 4-3 D,RCB,11,2
2026-07-31T09:40:30Z,JAX,Jarrian Jones,00-0039353,4426448,Base 4-3 D,NB,12,2
2026-07-31T09:40:30Z,JAX,B.J. Green II,00-0040329,4875266,Base 4-3 D,LDE,1,3
2026-07-31T09:40:30Z,JAX,Matt Dickerson,00-0034657,3134316,Base 4-3 D,LDT,2,3
2026-07-31T09:40:30Z,JAX,Quinton Bohanna,00-0036649,4259978,Base 4-3 D,RDT,3,3
2026-07-31T09:40:30Z,JAX,Zach Durfee,00-0041122,5121433,Base 4-3 D,RDE,4,3
2026-07-31T09:40:30Z,JAX,Preston Hodge,00-0041210,5081718,Base 4-3 D,LCB,8,3
2026-07-31T09:40:30Z,JAX,Trevian Thomas,00-0040295,4570633,Base 4-3 D,SS,9,3
2026-07-31T09:40:30Z,JAX,Caleb Ransaw,00-0040145,4683347,Base 4-3 D,FS,10,3
2026-07-31T09:40:30Z,JAX,Corey Ballentine,00-0035633,4411769,Base 4-3 D,RCB,11,3
2026-07-31T09:40:30Z,JAX,Jabbar Muhammad,00-0040336,4432440,Base 4-3 D,NB,12,3
2026-07-31T09:40:30Z,JAX,Jalen McLeod,00-0040209,4576129,Base 4-3 D,LDE,1,4
2026-07-31T09:40:30Z,JAX,Jalen Hunt,00-0041211,4577189,Base 4-3 D,LDT,2,4
2026-07-31T09:40:30Z,JAX,Keivie Rose,00-0040338,4428390,Base 4-3 D,RDT,3,4
2026-07-31T09:40:30Z,JAX,Danny Striggow,00-0040342,4573319,Base 4-3 D,RDE,4,4
2026-07-31T09:40:30Z,JAX,Devin Neal,00-0041213,4431292,Base 4-3 D,SS,9,4
2026-07-31T09:40:30Z,JAX,Cam'Ron Silmon-Craig,00-0040339,4877475,Base 4-3 D,FS,10,4
2026-07-31T09:40:30Z,JAX,Quindarius Dunnigan,00-0041209,4427117,Base 4-3 D,LDE,1,5
2026-07-31T09:40:30Z,JAX,T.J. Bollers,00-0041204,4431162,Base 4-3 D,RDT,3,5
2026-07-31T09:40:30Z,JAX,Bryan Thomas Jr.,00-0041218,4836472,Base 4-3 D,RDE,4,5
2026-07-31T09:40:30Z,JAX,Cam Little,00-0039409,4686361,Special Teams,PK,1,1
2026-07-31T09:40:30Z,JAX,Logan Cooke,00-0034437,3115480,Special Teams,P,2,1
2026-07-31T09:40:30Z,JAX,Logan Cooke,00-0034437,3115480,Special Teams,H,3,1
2026-07-31T09:40:30Z,JAX,Parker Washington,00-0038606,4432620,Special Teams,PR,4,1
2026-07-31T09:40:30Z,JAX,Bhayshul Tuten,00-0040719,4882093,Special Teams,KR,5,1
2026-07-31T09:40:30Z,JAX,Ross Matiscik,00-0035827,3928931,Special Teams,LS,6,1
2026-07-31T09:40:30Z,JAX,Austin Trammell,00-0036841,4244856,Special Teams,PR,4,2
2026-07-31T09:40:30Z,JAX,LeQuint Allen Jr.,00-0040238,4911851,Special Teams,KR,5,2
2026-07-31T09:40:30Z,JAX,Josh Cameron,00-0041100,4879194,Special Teams,PR,4,3
2026-07-31T09:40:30Z,JAX,DeeJay Dallas,00-0036425,4240631,Special Teams,KR,5,3
2026-07-31T09:40:30Z,JAX,Ameer Abdullah,00-0032104,2576336,Special Teams,KR,5,4
2026-07-31T09:40:30Z,JAX,Parker Washington,00-0038606,4432620,Special Teams,KR,5,5
2026-07-31T09:40:30Z,JAX,Josh Cameron,00-0041100,4879194,Special Teams,KR,5,6
2026-07-31T09:40:30Z,JAX,Brian Thomas Jr.,00-0039893,4432773,3WR 1TE,WR,1,1
2026-07-31T09:40:30Z,JAX,Cole Van Lanen,00-0036655,4035791,3WR 1TE,LT,3,1
2026-07-31T09:40:30Z,JAX,Ezra Cleveland,00-0036327,4048231,3WR 1TE,LG,4,1
2026-07-31T09:40:30Z,JAX,Robert Hainsey,00-0036985,4242391,3WR 1TE,C,5,1
2026-07-31T09:40:30Z,JAX,Patrick Mekari,00-0035112,3863820,3WR 1TE,RG,6,1
2026-07-31T09:40:30Z,JAX,Anton Harrison,00-0038934,4692525,3WR 1TE,RT,7,1
2026-07-31T09:40:30Z,JAX,Trevor Lawrence,00-0036971,4360310,3WR 1TE,QB,9,1
2026-07-31T09:40:30Z,JAX,Brenton Strange,00-0038935,4430539,3WR 1TE,TE,10,1
2026-07-31T09:40:30Z,JAX,Bhayshul Tuten,00-0040719,4882093,3WR 1TE,RB,11,1
2026-07-31T09:40:30Z,JAX,Jakobi Meyers,00-0034960,3916433,3WR 1TE,WR,2,2
2026-07-31T09:40:30Z,JAX,Walker Little,00-0036975,4242554,3WR 1TE,LT,3,2
2026-07-31T09:40:30Z,JAX,Emmanuel Pregnon,00-0041050,4608929,3WR 1TE,LG,4,2
2026-07-31T09:40:30Z,JAX,Jonah Monheim,00-0040227,4430481,3WR 1TE,C,5,2
2026-07-31T09:40:30Z,JAX,Wyatt Milum,00-0040146,4431463,3WR 1TE,RG,6,2
2026-07-31T09:40:30Z,JAX,Chuma Edoga,00-0035698,3701582,3WR 1TE,RT,7,2
2026-07-31T09:40:30Z,JAX,Nick Mullens,00-0033319,3059989,3WR 1TE,QB,9,2
2026-07-31T09:40:30Z,JAX,Nate Boerkircher,00-0041503,4686248,3WR 1TE,TE,10,2
2026-07-31T09:40:30Z,JAX,Chris Rodriguez Jr.,00-0038611,4362619,3WR 1TE,RB,11,2
2026-07-31T09:40:30Z,JAX,Parker Washington,00-0038606,4432620,3WR 1TE,WR,8,3
2026-07-31T09:40:30Z,JAX,Kilian Zierer,00-0038729,4689088,3WR 1TE,LT,3,3
2026-07-31T09:40:30Z,JAX,Garrett DiGiorgio,00-0041208,4684542,3WR 1TE,LG,4,3
2026-07-31T09:40:30Z,JAX,Trystan Colon,00-0035992,4035112,3WR 1TE,RG,6,3
2026-07-31T09:40:30Z,JAX,Ricky Lee,00-0038776,4369308,3WR 1TE,RT,7,3
2026-07-31T09:40:30Z,JAX,Carter Bradley,00-0039534,4362260,3WR 1TE,QB,9,3
2026-07-31T09:40:30Z,JAX,Tanner Koziol,00-0041084,4917427,3WR 1TE,TE,10,3
2026-07-31T09:40:30Z,JAX,LeQuint Allen Jr.,00-0040238,4911851,3WR 1TE,RB,11,3
2026-07-31T09:40:30Z,JAX,Travis Hunter,00-0040718,4685415,3WR 1TE,WR,1,4
2026-07-31T09:40:30Z,JAX,Jerome Carvin,00-0038509,4369859,3WR 1TE,LG,4,4
2026-07-31T09:40:30Z,JAX,Jimto Obidegwu,00-0041214,4684970,3WR 1TE,RG,6,4
2026-07-31T09:40:30Z,JAX,Joey Aguilar,00-0041203,5151948,3WR 1TE,QB,9,4
2026-07-31T09:40:30Z,JAX,Quintin Morris,00-0036590,4244049,3WR 1TE,TE,10,4
2026-07-31T09:40:30Z,JAX,Ameer Abdullah,00-0032104,2576336,3WR 1TE,RB,11,4
2026-07-31T09:40:30Z,JAX,Josh Cameron,00-0041100,4879194,3WR 1TE,WR,2,5
2026-07-31T09:40:30Z,JAX,Hunter Long,00-0037004,4239944,3WR 1TE,TE,10,5
2026-07-31T09:40:30Z,JAX,DeeJay Dallas,00-0036425,4240631,3WR 1TE,RB,11,5
2026-07-31T09:40:30Z,JAX,CJ Williams,00-0041106,5085024,3WR 1TE,WR,8,6
2026-07-31T09:40:30Z,JAX,Patrick Herbert,00-0040331,4429811,3WR 1TE,TE,10,6
2026-07-31T09:40:30Z,JAX,J'Mari Taylor,00-0041217,4713118,3WR 1TE,RB,11,6
2026-07-31T09:40:30Z,JAX,Tim Jones,00-0036497,4245131,3WR 1TE,WR,1,7
2026-07-31T09:40:30Z,JAX,Ethan Conner,00-0041207,5151528,3WR 1TE,TE,10,7
2026-07-31T09:40:30Z,JAX,Austin Trammell,00-0036841,4244856,3WR 1TE,WR,2,8
2026-07-31T09:40:30Z,JAX,Chandler Brayboy,00-0040323,4573243,3WR 1TE,WR,8,9
2026-07-31T09:40:30Z,JAX,Brady Boyd,00-0041205,4594319,3WR 1TE,WR,1,10
2026-07-31T09:40:30Z,JAX,Ben Patterson,00-0041215,5346736,3WR 1TE,WR,2,11
2026-07-31T09:40:30Z,JAX,Trebor Pena,00-0041216,4575862,3WR 1TE,WR,8,12
2026-07-31T09:40:30Z,JAX,Michael Wortham,00-0041220,5152117,3WR 1TE,WR,1,13
2026-07-31T09:40:30Z,KC,George Karlaftis,00-0037192,4426659,Base 4-3 D,LDE,1,1
2026-07-31T09:40:30Z,KC,Chris Jones,00-0032762,3044859,Base 4-3 D,LDT,2,1
2026-07-31T09:40:30Z,KC,Khyiris Tonga,00-0036909,4256074,Base 4-3 D,RDT,3,1
2026-07-31T09:40:30Z,KC,Felix Anudike-Uzomah,00-0039006,4612387,Base 4-3 D,RDE,4,1
2026-07-31T09:40:30Z,KC,Drue Tranquill,00-0035262,3129310,Base 4-3 D,WLB,5,1
2026-07-31T09:40:30Z,KC,Nick Bolton,00-0036621,4362759,Base 4-3 D,MLB,6,1
2026-07-31T09:40:30Z,KC,Cole Christiansen,00-0035900,4036959,Base 4-3 D,SLB,7,1
2026-07-31T09:40:30Z,KC,L'Jarius Sneed,00-0036374,4040432,Base 4-3 D,LCB,8,1
2026-07-31T09:40:30Z,KC,Chamarri Conner,00-0038982,4361964,Base 4-3 D,SS,9,1
2026-07-31T09:40:30Z,KC,Alohi Gilman,00-0036380,4039413,Base 4-3 D,FS,10,1
2026-07-31T09:40:30Z,KC,Mansoor Delane,00-0041543,4880124,Base 4-3 D,RCB,11,1
2026-07-31T09:40:30Z,KC,Kader Kohou,00-0037353,4291489,Base 4-3 D,NB,12,1
2026-07-31T09:40:30Z,KC,Ashton Gillotte,00-0040640,4684432,Base 4-3 D,LDE,1,2
2026-07-31T09:40:30Z,KC,Peter Woods,00-0041545,4871063,Base 4-3 D,LDT,2,2
2026-07-31T09:40:30Z,KC,Omarr Norman-Lott,00-0040748,4591008,Base 4-3 D,RDT,3,2
2026-07-31T09:40:30Z,KC,R Mason Thomas,00-0041501,5081927,Base 4-3 D,RDE,4,2
2026-07-31T09:40:30Z,KC,Jeffrey Bassa,00-0040072,4602389,Base 4-3 D,WLB,5,2
2026-07-31T09:40:30Z,KC,Jack Cochrane,00-0037208,4249766,Base 4-3 D,MLB,6,2
2026-07-31T09:40:30Z,KC,Kam Arnold,00-0040313,4429224,Base 4-3 D,SLB,7,2
2026-07-31T09:40:30Z,KC,Nohl Williams,00-0040670,4610705,Base 4-3 D,LCB,8,2
2026-07-31T09:40:30Z,KC,Jaden Hicks,00-0039825,4685232,Base 4-3 D,SS,9,2
2026-07-31T09:40:30Z,KC,Xavier Nwankpa,00-0040957,4685491,Base 4-3 D,FS,10,2
2026-07-31T09:40:30Z,KC,Kristian Fulton,00-0036416,4035433,Base 4-3 D,RCB,11,2
2026-07-31T09:40:30Z,KC,Jadon Canady,00-0041497,4710706,Base 4-3 D,NB,12,2
2026-07-31T09:40:30Z,KC,Ethan Downs,00-0040328,4431534,Base 4-3 D,LDE,1,3
2026-07-31T09:40:30Z,KC,Marcus Harris,00-0039433,4573152,Base 4-3 D,LDT,2,3
2026-07-31T09:40:30Z,KC,Cole Brevard,00-0040952,4430818,Base 4-3 D,RDT,3,3
2026-07-31T09:40:30Z,KC,Cooper McDonald,00-0040118,4567826,Base 4-3 D,RDE,4,3
2026-07-31T09:40:30Z,KC,Wesley Bissainthe,00-0040951,4685275,Base 4-3 D,MLB,6,3
2026-07-31T09:40:30Z,KC,Melvin Smith Jr.,00-0040093,5278708,Base 4-3 D,LCB,8,3
2026-07-31T09:40:30Z,KC,DeShon Singleton,00-0040963,5081093,Base 4-3 D,SS,9,3
2026-07-31T09:40:30Z,KC,Kaiir Elam,00-0037242,4567399,Base 4-3 D,RCB,11,3
2026-07-31T09:40:30Z,KC,Chris Roland-Wallace,00-0039324,4428383,Base 4-3 D,NB,12,3
2026-07-31T09:40:30Z,KC,Damon Payne,00-0040960,4431503,Base 4-3 D,LDT,2,4
2026-07-31T09:40:30Z,KC,Tyreke Smith,00-0037080,4361340,Base 4-3 D,RDE,4,4
2026-07-31T09:40:30Z,KC,Zelmar Vedder,00-0040966,5083530,Base 4-3 D,LCB,8,4
2026-07-31T09:40:30Z,KC,Bryce Phillips,00-0040962,5084574,Base 4-3 D,RCB,11,4
2026-07-31T09:40:30Z,KC,Kevin Knowles,00-0040089,4602648,Base 4-3 D,NB,12,4
2026-07-31T09:40:30Z,KC,Amari McNeill,00-0040956,4708859,Base 4-3 D,LDT,2,5
2026-07-31T09:40:30Z,KC,Vincent Anthony Jr.,00-0040950,4875123,Base 4-3 D,RDE,4,5
2026-07-31T09:40:30Z,KC,D'Arco Perkins-McAllister,00-0040961,4880312,Base 4-3 D,LCB,8,5
2026-07-31T09:40:30Z,KC,Tanner McCalister,00-0038717,4361824,Base 4-3 D,NB,12,5
2026-07-31T09:40:30Z,KC,Anthony Dunn Jr.,00-0041012,4880478,Base 4-3 D,RDE,4,6
2026-07-31T09:40:30Z,KC,Harrison Butker,00-0033303,3055899,Special Teams,PK,1,1
2026-07-31T09:40:30Z,KC,Matt Araiza,00-0037284,4361496,Special Teams,P,2,1
2026-07-31T09:40:30Z,KC,Matt Araiza,00-0037284,4361496,Special Teams,H,3,1
2026-07-31T09:40:30Z,KC,Nikko Remigio,00-0038519,4372716,Special Teams,PR,4,1
2026-07-31T09:40:30Z,KC,Nikko Remigio,00-0038519,4372716,Special Teams,KR,5,1
2026-07-31T09:40:30Z,KC,James Winchester,00-0030615,16665,Special Teams,LS,6,1
2026-07-31T09:40:30Z,KC,Brashard Smith,00-0040078,4596602,Special Teams,PR,4,2
2026-07-31T09:40:30Z,KC,Brashard Smith,00-0040078,4596602,Special Teams,KR,5,2
2026-07-31T09:40:30Z,KC,Tyquan Thornton,00-0038104,4362921,Special Teams,PR,4,3
2026-07-31T09:40:30Z,KC,Xavier Worthy,00-0039894,4683062,Special Teams,KR,5,3
2026-07-31T09:40:30Z,KC,Rashee Rice,00-0039067,4428331,3WR 1TE,WR,1,1
2026-07-31T09:40:30Z,KC,Josh Simmons,00-0040116,4569659,3WR 1TE,LT,3,1
2026-07-31T09:40:30Z,KC,Kingsley Suamataia,00-0039844,4431595,3WR 1TE,LG,4,1
2026-07-31T09:40:30Z,KC,Creed Humphrey,00-0036623,4241385,3WR 1TE,C,5,1
2026-07-31T09:40:30Z,KC,Trey Smith,00-0036660,4242459,3WR 1TE,RG,6,1
2026-07-31T09:40:30Z,KC,Jaylon Moore,00-0036557,4043041,3WR 1TE,RT,7,1
2026-07-31T09:40:30Z,KC,Patrick Mahomes,00-0033873,3139477,3WR 1TE,QB,9,1
2026-07-31T09:40:30Z,KC,Travis Kelce,00-0030506,15847,3WR 1TE,TE,10,1
2026-07-31T09:40:30Z,KC,Kenneth Walker III,00-0038134,4567048,3WR 1TE,RB,11,1
2026-07-31T09:40:30Z,KC,Xavier Worthy,00-0039894,4683062,3WR 1TE,WR,2,2
2026-07-31T09:40:30Z,KC,Esa Pole,00-0040092,5153070,3WR 1TE,LT,3,2
2026-07-31T09:40:30Z,KC,C.J. Hanson,00-0039833,4571810,3WR 1TE,LG,4,2
2026-07-31T09:40:30Z,KC,Hunter Nourzad,00-0039827,4367645,3WR 1TE,C,5,2
2026-07-31T09:40:30Z,KC,Mike Caliendo,00-0037207,4043039,3WR 1TE,RG,6,2
2026-07-31T09:40:30Z,KC,Chukwuebuka Godrick,00-0039174,5144457,3WR 1TE,RT,7,2
2026-07-31T09:40:30Z,KC,Justin Fields,00-0036945,4362887,3WR 1TE,QB,9,2
2026-07-31T09:40:30Z,KC,Noah Gray,00-0036637,4240472,3WR 1TE,TE,10,2
2026-07-31T09:40:30Z,KC,Emmett Johnson,00-0041013,4832955,3WR 1TE,RB,11,2
2026-07-31T09:40:30Z,KC,Tyquan Thornton,00-0038104,4362921,3WR 1TE,WR,8,3
2026-07-31T09:40:30Z,KC,Ethan Driskell,00-0039317,4571627,3WR 1TE,LT,3,3
2026-07-31T09:40:30Z,KC,Pete Nygra,00-0040958,4682626,3WR 1TE,C,5,3
2026-07-31T09:40:30Z,KC,Josh Thompson,00-0040965,4682692,3WR 1TE,RG,6,3
2026-07-31T09:40:30Z,KC,Matt Waletzko,00-0037266,4370876,3WR 1TE,RT,7,3
2026-07-31T09:40:30Z,KC,Garrett Nussmeier,00-0040906,4567747,3WR 1TE,QB,9,3
2026-07-31T09:40:30Z,KC,Jared Wiley,00-0039824,4430723,3WR 1TE,TE,10,3
2026-07-31T09:40:30Z,KC,Emari Demercado,00-0038705,4362478,3WR 1TE,RB,11,3
2026-07-31T09:40:30Z,KC,Jalen Royals,00-0040646,5082630,3WR 1TE,WR,1,4
2026-07-31T09:40:30Z,KC,Kahlil Benson,00-0041019,4566190,3WR 1TE,RT,7,4
2026-07-31T09:40:30Z,KC,Chris Oladokun,00-0037324,4044111,3WR 1TE,QB,9,4
2026-07-31T09:40:30Z,KC,Jake Briningstool,00-0040081,4431196,3WR 1TE,TE,10,4
2026-07-31T09:40:30Z,KC,Brashard Smith,00-0040078,4596602,3WR 1TE,RB,11,4
2026-07-31T09:40:30Z,KC,Cyrus Allen,00-0040890,4912218,3WR 1TE,WR,2,5
2026-07-31T09:40:30Z,KC,Tre Watson,00-0040094,4685784,3WR 1TE,TE,10,5
2026-07-31T09:40:30Z,KC,Jaydn Ott,00-0040959,4685489,3WR 1TE,RB,11,5
2026-07-31T09:40:30Z,KC,Nikko Remigio,00-0038519,4372716,3WR 1TE,WR,8,6
2026-07-31T09:40:30Z,KC,Mason Pline,00-0039702,4911517,3WR 1TE,TE,10,6
2026-07-31T09:40:30Z,KC,EJ Smith,00-0040964,4430825,3WR 1TE,RB,11,6
2026-07-31T09:40:30Z,KC,Jason Brownlee,00-0038492,4689988,3WR 1TE,WR,1,7
2026-07-31T09:40:30Z,KC,John Michael Gyllenborg,00-0040955,4708490,3WR 1TE,TE,10,7
2026-07-31T09:40:30Z,KC,Jimmy Holiday,00-0040120,4431142,3WR 1TE,WR,2,8
2026-07-31T09:40:30Z,KC,Andrew Armstrong,00-0040298,5093923,3WR 1TE,WR,8,9
2026-07-31T09:40:30Z,KC,Jeff Caldwell,00-0040953,4885466,3WR 1TE,WR,1,10
2026-07-31T09:40:30Z,KC,Omari Evans,00-0040954,4702908,3WR 1TE,WR,2,11
2026-07-31T09:40:30Z,KC,Jacob De Jesus,00-0040967,5155179,3WR 1TE,WR,8,12
2026-07-31T09:40:30Z,KC,Xavier Loyd,00-0041020,4874510,3WR 1TE,WR,1,13
2026-07-31T09:40:30Z,LA,Kobie Turner,00-0039138,4250621,Base 3-4 D,LDE,1,1
2026-07-31T09:40:30Z,LA,Poona Ford,00-0034234,3125114,Base 3-4 D,NT,2,1
2026-07-31T09:40:30Z,LA,Braden Fiske,00-0039734,4362245,Base 3-4 D,RDE,3,1
2026-07-31T09:40:30Z,LA,Byron Young,00-0039137,4875196,Base 3-4 D,WLB,4,1
2026-07-31T09:40:30Z,LA,Nate Landman,00-0037587,4243181,Base 3-4 D,LILB,5,1
2026-07-31T09:40:30Z,LA,Omar Speights,00-0039774,4428550,Base 3-4 D,RILB,6,1
2026-07-31T09:40:30Z,LA,Myles Garrett,00-0033868,3122132,Base 3-4 D,SLB,7,1
2026-07-31T09:40:30Z,LA,Jaylen Watson,00-0037195,4697639,Base 3-4 D,LCB,8,1
2026-07-31T09:40:30Z,LA,Kamren Kinchens,00-0039834,4596363,Base 3-4 D,SS,9,1
2026-07-31T09:40:30Z,LA,Kam Curl,00-0036349,4242154,Base 3-4 D,FS,10,1
2026-07-31T09:40:30Z,LA,Trent McDuffie,00-0037191,4426405,Base 3-4 D,RCB,11,1
2026-07-31T09:40:30Z,LA,Quentin Lake,00-0037841,4249128,Base 3-4 D,NB,12,1
2026-07-31T09:40:30Z,LA,Larrell Murchison,00-0036237,4240123,Base 3-4 D,LDE,1,2
2026-07-31T09:40:30Z,LA,Ty Hamilton,00-0040585,4431118,Base 3-4 D,NT,2,2
2026-07-31T09:40:30Z,LA,Tyler Davis,00-0039749,4568217,Base 3-4 D,RDE,3,2
2026-07-31T09:40:30Z,LA,Josaiah Stewart,00-0040580,4682983,Base 3-4 D,WLB,4,2
2026-07-31T09:40:30Z,LA,Grant Stuard,00-0036672,4240255,Base 3-4 D,LILB,5,2
2026-07-31T09:40:30Z,LA,Shaun Dolac,00-0040613,4693848,Base 3-4 D,RILB,6,2
2026-07-31T09:40:30Z,LA,Desjuan Johnson,00-0039061,4362294,Base 3-4 D,SLB,7,2
2026-07-31T09:40:30Z,LA,Cam Lampkin,00-0039780,4427752,Base 3-4 D,LCB,8,2
2026-07-31T09:40:30Z,LA,Jaylen McCollough,00-0039776,4427120,Base 3-4 D,SS,9,2
2026-07-31T09:40:30Z,LA,Tanner Ingle,00-0038366,4361651,Base 3-4 D,FS,10,2
2026-07-31T09:40:30Z,LA,Emmanuel Forbes Jr.,00-0039151,4429767,Base 3-4 D,RCB,11,2
2026-07-31T09:40:30Z,LA,Josh Wallace,00-0039772,4572371,Base 3-4 D,NB,12,2
2026-07-31T09:40:30Z,LA,Jaxson Moi,00-0041428,4791223,Base 3-4 D,LDE,1,3
2026-07-31T09:40:30Z,LA,Tim Keenan III,00-0041534,4431414,Base 3-4 D,NT,2,3
2026-07-31T09:40:30Z,LA,Payton Zdroik,00-0041423,5085164,Base 3-4 D,RDE,3,3
2026-07-31T09:40:30Z,LA,Wesley Bailey,00-0041404,4430919,Base 3-4 D,WLB,4,3
2026-07-31T09:40:30Z,LA,Elias Neal,00-0039775,4428098,Base 3-4 D,RILB,6,3
2026-07-31T09:40:30Z,LA,Tomon Fox,00-0037447,4037520,Base 3-4 D,SLB,7,3
2026-07-31T09:40:30Z,LA,Al'zillion Hamilton,,4690606,Base 3-4 D,LCB,8,3
2026-07-31T09:40:30Z,LA,Nate Valcarcel,00-0040600,4695781,Base 3-4 D,SS,9,3
2026-07-31T09:40:30Z,LA,Alex Johnson,00-0039506,4367181,Base 3-4 D,FS,10,3
2026-07-31T09:40:30Z,LA,Drey Norwood,00-0041420,4431581,Base 3-4 D,RCB,11,3
2026-07-31T09:40:30Z,LA,Bill Norton,00-0040595,4426401,Base 3-4 D,NT,2,4
2026-07-31T09:40:30Z,LA,Tomon Fox,00-0037447,4037520,Base 3-4 D,WLB,4,4
2026-07-31T09:40:30Z,LA,Nikhai Hill-Green,00-0041419,4432266,Base 3-4 D,RILB,6,4
2026-07-31T09:40:30Z,LA,Keir Thomas II,00-0037057,4038843,Base 3-4 D,SLB,7,4
2026-07-31T09:40:30Z,LA,Nyzier Fourqurean,00-0041416,5160648,Base 3-4 D,LCB,8,4
2026-07-31T09:40:30Z,LA,Alex Cook,00-0038475,4243320,Base 3-4 D,SS,9,4
2026-07-31T09:40:30Z,LA,Nick Andersen,00-0041413,4690182,Base 3-4 D,FS,10,4
2026-07-31T09:40:30Z,LA,Eddie Walls III,WAL575790,4877357,Base 3-4 D,WLB,4,5
2026-07-31T09:40:30Z,LA,Darryl Peterson III,00-0041421,4598574,Base 3-4 D,SLB,7,5
2026-07-31T09:40:30Z,LA,Harrison Mevis,00-0039498,4574716,Special Teams,PK,1,1
2026-07-31T09:40:30Z,LA,Ethan Evans,00-0039059,5125875,Special Teams,P,2,1
2026-07-31T09:40:30Z,LA,Ethan Evans,00-0039059,5125875,Special Teams,H,3,1
2026-07-31T09:40:30Z,LA,Xavier Smith,00-0038359,4386544,Special Teams,PR,4,1
2026-07-31T09:40:30Z,LA,Jordan Whittington,00-0039751,4569382,Special Teams,KR,5,1
2026-07-31T09:40:30Z,LA,Joe Cardona,00-0032228,2575907,Special Teams,LS,6,1
2026-07-31T09:40:30Z,LA,Kyren Williams,00-0037840,4430737,Special Teams,PR,4,2
2026-07-31T09:40:30Z,LA,Ronnie Rivers,00-0037557,4243003,Special Teams,KR,5,2
2026-07-31T09:40:30Z,LA,Xavier Smith,00-0038359,4386544,Special Teams,KR,5,3
2026-07-31T09:40:30Z,LA,Blake Corum,00-0039738,4429096,Special Teams,KR,5,4
2026-07-31T09:40:30Z,LA,Puka Nacua,00-0039075,4426515,3WR 1TE,WR,1,1
2026-07-31T09:40:30Z,LA,Alaric Jackson,00-0036603,4036135,3WR 1TE,LT,3,1
2026-07-31T09:40:30Z,LA,Steve Avila,00-0039058,4362474,3WR 1TE,LG,4,1
2026-07-31T09:40:30Z,LA,Coleman Shelton,00-0034114,3052180,3WR 1TE,C,5,1
2026-07-31T09:40:30Z,LA,Kevin Dotson,00-0036339,3917599,3WR 1TE,RG,6,1
2026-07-31T09:40:30Z,LA,Warren McClendon Jr.,00-0039077,4426512,3WR 1TE,RT,7,1
2026-07-31T09:40:30Z,LA,Matthew Stafford,00-0026498,12483,3WR 1TE,QB,9,1
2026-07-31T09:40:30Z,LA,Colby Parkinson,00-0036244,4242557,3WR 1TE,TE,10,1
2026-07-31T09:40:30Z,LA,Kyren Williams,00-0037840,4430737,3WR 1TE,RB,11,1
2026-07-31T09:40:30Z,LA,Davante Adams,00-0031381,16800,3WR 1TE,WR,2,2
2026-07-31T09:40:30Z,LA,David Quessenberry,00-0030097,15946,3WR 1TE,LT,3,2
2026-07-31T09:40:30Z,LA,Beaux Limmer,00-0039753,4567175,3WR 1TE,LG,4,2
2026-07-31T09:40:30Z,LA,Dylan McMahon,00-0039830,4430155,3WR 1TE,C,5,2
2026-07-31T09:40:30Z,LA,Justin Dedich,00-0039784,4360859,3WR 1TE,RG,6,2
2026-07-31T09:40:30Z,LA,Keagen Trost,00-0041394,4575003,3WR 1TE,RT,7,2
2026-07-31T09:40:30Z,LA,Ty Simpson,SIM639376,4685522,3WR 1TE,QB,9,2
2026-07-31T09:40:30Z,LA,Tyler Higbee,00-0033110,2573401,3WR 1TE,TE,10,2
2026-07-31T09:40:30Z,LA,Blake Corum,00-0039738,4429096,3WR 1TE,RB,11,2
2026-07-31T09:40:30Z,LA,Jordan Whittington,00-0039751,4569382,3WR 1TE,WR,8,3
2026-07-31T09:40:30Z,LA,AJ Arcuri,00-0037845,4046707,3WR 1TE,LT,3,3
2026-07-31T09:40:30Z,LA,Wyatt Bowles,00-0040611,4374196,3WR 1TE,LG,4,3
2026-07-31T09:40:30Z,LA,Austin Blaske,00-0041425,4430949,3WR 1TE,C,5,3
2026-07-31T09:40:30Z,LA,Blake Hance,00-0035355,3116135,3WR 1TE,RG,6,3
2026-07-31T09:40:30Z,LA,Bryce Henderson,00-0041418,4695796,3WR 1TE,RT,7,3
2026-07-31T09:40:30Z,LA,Stetson Bennett IV,00-0039107,4259553,3WR 1TE,QB,9,3
2026-07-31T09:40:30Z,LA,Terrance Ferguson,00-0040737,4570037,3WR 1TE,TE,10,3
2026-07-31T09:40:30Z,LA,Ronnie Rivers,00-0037557,4243003,3WR 1TE,RB,11,3
2026-07-31T09:40:30Z,LA,Xavier Smith,00-0038359,4386544,3WR 1TE,WR,1,4
2026-07-31T09:40:30Z,LA,Bill Murray,00-0036093,3912189,3WR 1TE,LG,4,4
2026-07-31T09:40:30Z,LA,Matthew Caldwell,00-0041414,4877717,3WR 1TE,QB,9,4
2026-07-31T09:40:30Z,LA,Max Klare,00-0041510,4833029,3WR 1TE,TE,10,4
2026-07-31T09:40:30Z,LA,Jarquez Hunter,00-0040692,4710341,3WR 1TE,RB,11,4
2026-07-31T09:40:30Z,LA,Konata Mumpfield,00-0040590,4710855,3WR 1TE,WR,2,5
2026-07-31T09:40:30Z,LA,Davis Allen,00-0039074,4426553,3WR 1TE,TE,10,5
2026-07-31T09:40:30Z,LA,Jordan Waters,00-0040601,4428803,3WR 1TE,RB,11,5
2026-07-31T09:40:30Z,LA,CJ Daniels,00-0041399,4605951,3WR 1TE,WR,8,6
2026-07-31T09:40:30Z,LA,Mark Redman,00-0040598,4431346,3WR 1TE,TE,10,6
2026-07-31T09:40:30Z,LA,Dean Connors,00-0041415,5082269,3WR 1TE,RB,11,6
2026-07-31T09:40:30Z,LA,Tyler Scott,00-0038941,4565908,3WR 1TE,WR,1,7
2026-07-31T09:40:30Z,LA,Dan Villari,00-0041422,4608858,3WR 1TE,TE,10,7
2026-07-31T09:40:30Z,LA,Mario Williams,00-0040603,4431618,3WR 1TE,WR,2,8
2026-07-31T09:40:30Z,LA,Rohan Jones,00-0041403,5083509,3WR 1TE,TE,10,8
2026-07-31T09:40:30Z,LA,Brennan Presley,00-0040597,4431342,3WR 1TE,WR,8,9
2026-07-31T09:40:30Z,LA,Tru Edwards,00-0040609,4875786,3WR 1TE,WR,1,10
2026-07-31T09:40:30Z,LAC,Teair Tart,00-0036181,4374269,Base 3-4 D,LDE,1,1
2026-07-31T09:40:30Z,LAC,Dalvin Tomlinson,00-0033546,2979860,Base 3-4 D,NT,2,1
2026-07-31T09:40:30Z,LAC,Jamaree Caldwell,00-0040144,5089178,Base 3-4 D,RDE,3,1
2026-07-31T09:40:30Z,LAC,Tuli Tuipulotu,00-0039111,4431442,Base 3-4 D,WLB,4,1
2026-07-31T09:40:30Z,LAC,Daiyan Henley,00-0038553,4241597,Base 3-4 D,LILB,5,1
2026-07-31T09:40:30Z,LAC,Denzel Perryman,00-0032103,2579621,Base 3-4 D,RILB,6,1
2026-07-31T09:40:30Z,LAC,Khalil Mack,00-0031040,16710,Base 3-4 D,SLB,7,1
2026-07-31T09:40:30Z,LAC,Cam Hart,00-0039369,4427404,Base 3-4 D,LCB,8,1
2026-07-31T09:40:30Z,LAC,Derwin James Jr.,00-0034790,3691739,Base 3-4 D,SS,9,1
2026-07-31T09:40:30Z,LAC,Elijah Molden,00-0036992,4243328,Base 3-4 D,FS,10,1
2026-07-31T09:40:30Z,LAC,Donte Jackson,00-0034356,3843769,Base 3-4 D,RCB,11,1
2026-07-31T09:40:30Z,LAC,Tarheeb Still,00-0039366,4432571,Base 3-4 D,NB,12,1
2026-07-31T09:40:30Z,LAC,Jahmeer Carter,00-0041375,4429371,Base 3-4 D,LDE,1,2
2026-07-31T09:40:30Z,LAC,Jacobian Guillory II,00-0041378,4429124,Base 3-4 D,NT,2,2
2026-07-31T09:40:30Z,LAC,Justin Eboigbe,00-0039835,4567138,Base 3-4 D,RDE,3,2
2026-07-31T09:40:30Z,LAC,Bud Dupree,00-0032146,2576702,Base 3-4 D,WLB,4,2
2026-07-31T09:40:30Z,LAC,Junior Colson,00-0039346,4431212,Base 3-4 D,LILB,5,2
2026-07-31T09:40:30Z,LAC,Troy Dye,00-0036338,4038946,Base 3-4 D,RILB,6,2
2026-07-31T09:40:30Z,LAC,Akheem Mesidor,00-0041544,4429190,Base 3-4 D,SLB,7,2
2026-07-31T09:40:30Z,LAC,Rodney Shelley,00-0041381,4838693,Base 3-4 D,LCB,8,2
2026-07-31T09:40:30Z,LAC,Tony Jefferson,00-0030294,16195,Base 3-4 D,SS,9,2
2026-07-31T09:40:30Z,LAC,Genesis Smith,00-0041064,4950551,Base 3-4 D,FS,10,2
2026-07-31T09:40:30Z,LAC,Deane Leonard,00-0037320,4690171,Base 3-4 D,RCB,11,2
2026-07-31T09:40:30Z,LAC,Nikko Reed,00-0040471,4691043,Base 3-4 D,NB,12,2
2026-07-31T09:40:30Z,LAC,Nick Barrett,00-0041072,4682818,Base 3-4 D,LDE,1,3
2026-07-31T09:40:30Z,LAC,Terry Webb,00-0041386,5152226,Base 3-4 D,NT,2,3
2026-07-31T09:40:30Z,LAC,TeRah Edwards,00-0040458,4431077,Base 3-4 D,RDE,3,3
2026-07-31T09:40:30Z,LAC,Kyle Kennard,00-0040161,4432333,Base 3-4 D,WLB,4,3
2026-07-31T09:40:30Z,LAC,Marlowe Wax,00-0040460,4431467,Base 3-4 D,LILB,5,3
2026-07-31T09:40:30Z,LAC,Del'Shawn Phillips,00-0035202,4240528,Base 3-4 D,RILB,6,3
2026-07-31T09:40:30Z,LAC,Garmon Randolph,00-0040472,4428304,Base 3-4 D,SLB,7,3
2026-07-31T09:40:30Z,LAC,Avery Smith,00-0041382,5082331,Base 3-4 D,LCB,8,3
2026-07-31T09:40:30Z,LAC,Noah Avinger,00-0041371,4432659,Base 3-4 D,SS,9,3
2026-07-31T09:40:30Z,LAC,RJ Mickens,00-0040221,4429018,Base 3-4 D,FS,10,3
2026-07-31T09:40:30Z,LAC,Isas Waxter,00-0040065,4574105,Base 3-4 D,RCB,11,3
2026-07-31T09:40:30Z,LAC,Nadame Tucker,00-0041385,5081483,Base 3-4 D,WLB,4,4
2026-07-31T09:40:30Z,LAC,Emany Johnson,00-0039526,4361437,Base 3-4 D,LILB,5,4
2026-07-31T09:40:30Z,LAC,Lander Barton,00-0041372,4685272,Base 3-4 D,RILB,6,4
2026-07-31T09:40:30Z,LAC,Myles Purchase,00-0040473,4701177,Base 3-4 D,LCB,8,4
2026-07-31T09:40:30Z,LAC,Devin Grant,00-0041377,4870141,Base 3-4 D,SS,9,4
2026-07-31T09:40:30Z,LAC,Kendall Williamson,00-0038414,4360745,Base 3-4 D,FS,10,4
2026-07-31T09:40:30Z,LAC,Eric Rogers,00-0040468,4433895,Base 3-4 D,RCB,11,4
2026-07-31T09:40:30Z,LAC,Cameron Dicker,00-0037224,4362081,Special Teams,PK,1,1
2026-07-31T09:40:30Z,LAC,JK Scott,00-0034162,3126368,Special Teams,P,2,1
2026-07-31T09:40:30Z,LAC,JK Scott,00-0034162,3126368,Special Teams,H,3,1
2026-07-31T09:40:30Z,LAC,Derius Davis,00-0038573,4362477,Special Teams,PR,4,1
2026-07-31T09:40:30Z,LAC,Keaton Mitchell,00-0038454,4596334,Special Teams,KR,5,1
2026-07-31T09:40:30Z,LAC,Josh Harris,00-0028845,15151,Special Teams,LS,6,1
2026-07-31T09:40:30Z,LAC,Tarheeb Still,00-0039366,4432571,Special Teams,PR,4,2
2026-07-31T09:40:30Z,LAC,Derius Davis,00-0038573,4362477,Special Teams,KR,5,2
2026-07-31T09:40:30Z,LAC,Peter Bowden,00-0039268,4570077,Special Teams,LS,6,2
2026-07-31T09:40:30Z,LAC,Ladd McConkey,00-0039915,4612826,Special Teams,PR,4,3
2026-07-31T09:40:30Z,LAC,KeAndre Lambert-Smith,00-0040184,4430870,Special Teams,KR,5,3
2026-07-31T09:40:30Z,LAC,Kimani Vidal,00-0039391,4430968,Special Teams,KR,5,4
2026-07-31T09:40:30Z,LAC,Ladd McConkey,00-0039915,4612826,3WR 1TE,WR,1,1
2026-07-31T09:40:30Z,LAC,Rashawn Slater,00-0037009,4242283,3WR 1TE,LT,3,1
2026-07-31T09:40:30Z,LAC,Jake Slaughter,00-0041392,4682506,3WR 1TE,LG,4,1
2026-07-31T09:40:30Z,LAC,Tyler Biadasz,00-0036376,4035788,3WR 1TE,C,5,1
2026-07-31T09:40:30Z,LAC,Cole Strange,00-0038103,4051001,3WR 1TE,RG,6,1
2026-07-31T09:40:30Z,LAC,Joe Alt,00-0039897,4683487,3WR 1TE,RT,7,1
2026-07-31T09:40:30Z,LAC,Justin Herbert,00-0036355,4038941,3WR 1TE,QB,9,1
2026-07-31T09:40:30Z,LAC,Oronde Gadsden,00-0040189,4595342,3WR 1TE,TE,10,1
2026-07-31T09:40:30Z,LAC,Omarion Hampton,00-0040666,4685382,3WR 1TE,RB,11,1
2026-07-31T09:40:30Z,LAC,Alec Ingold,00-0035125,3917668,3WR 1TE,FB,12,1
2026-07-31T09:40:30Z,LAC,Quentin Johnston,00-0038544,4429025,3WR 1TE,WR,2,2
2026-07-31T09:40:30Z,LAC,Trey Pipkins III,00-0035688,4411189,3WR 1TE,LT,3,2
2026-07-31T09:40:30Z,LAC,Trevor Penning,00-0037241,4248627,3WR 1TE,LG,4,2
2026-07-31T09:40:30Z,LAC,Josh Kaltenberger,00-0040467,4430114,3WR 1TE,C,5,2
2026-07-31T09:40:30Z,LAC,Logan Taylor,00-0041105,4682789,3WR 1TE,RG,6,2
2026-07-31T09:40:30Z,LAC,Travis Burke,00-0041058,4876658,3WR 1TE,RT,7,2
2026-07-31T09:40:30Z,LAC,Trey Lance,00-0037012,4383351,3WR 1TE,QB,9,2
2026-07-31T09:40:30Z,LAC,David Njoku,00-0033885,3123076,3WR 1TE,TE,10,2
2026-07-31T09:40:30Z,LAC,Kimani Vidal,00-0039391,4430968,3WR 1TE,RB,11,2
2026-07-31T09:40:30Z,LAC,Scott Matlock,00-0038614,4373684,3WR 1TE,FB,12,2
2026-07-31T09:40:30Z,LAC,Tre' Harris,00-0040727,4686612,3WR 1TE,WR,8,3
2026-07-31T09:40:30Z,LAC,Isaiah World,00-0041387,5084965,3WR 1TE,LT,3,3
2026-07-31T09:40:30Z,LAC,Kayode Awosika,00-0036736,4040842,3WR 1TE,LG,4,3
2026-07-31T09:40:30Z,LAC,Jacob Spomer,00-0041383,5082312,3WR 1TE,C,5,3
2026-07-31T09:40:30Z,LAC,Alex Harkey,00-0041107,5082660,3WR 1TE,RG,6,3
2026-07-31T09:40:30Z,LAC,Laekin Vakalahi,00-0039932,5211218,3WR 1TE,RT,7,3
2026-07-31T09:40:30Z,LAC,DJ Uiagalelei,00-0040464,4429020,3WR 1TE,QB,9,3
2026-07-31T09:40:30Z,LAC,Charlie Kolar,00-0038046,4241263,3WR 1TE,TE,10,3
2026-07-31T09:40:30Z,LAC,Keaton Mitchell,00-0038454,4596334,3WR 1TE,RB,11,3
2026-07-31T09:40:30Z,LAC,Brenen Thompson,00-0041550,4685553,3WR 1TE,WR,1,4
2026-07-31T09:40:30Z,LAC,Branson Taylor,00-0040212,4433914,3WR 1TE,LG,4,4
2026-07-31T09:40:30Z,LAC,Jerand Bradley,00-0041373,4565184,3WR 1TE,TE,10,4
2026-07-31T09:40:30Z,LAC,Jaret Patterson,00-0036755,4362452,3WR 1TE,RB,11,4
2026-07-31T09:40:30Z,LAC,KeAndre Lambert-Smith,00-0040184,4430870,3WR 1TE,WR,2,5
2026-07-31T09:40:30Z,LAC,Evan Svoboda,00-0041384,5082633,3WR 1TE,TE,10,5
2026-07-31T09:40:30Z,LAC,Amar Johnson,00-0040039,4878878,3WR 1TE,RB,11,5
2026-07-31T09:40:30Z,LAC,Derius Davis,00-0038573,4362477,3WR 1TE,WR,8,6
2026-07-31T09:40:30Z,LAC,Johnny Pascuzzi,00-0041452,4873485,3WR 1TE,TE,10,6
2026-07-31T09:40:30Z,LAC,Greg Desrosiers Jr.,,4691889,3WR 1TE,RB,11,6
2026-07-31T09:40:30Z,LAC,Dalevon Campbell,00-0040629,4569372,3WR 1TE,WR,1,7
2026-07-31T09:40:30Z,LAC,Luke Grimm,00-0040461,4433830,3WR 1TE,WR,2,8
2026-07-31T09:40:30Z,LAC,JaQuae Jackson,00-0039722,5160748,3WR 1TE,WR,8,9
2026-07-31T09:40:30Z,LAC,Devonte Ross,00-0041380,4709678,3WR 1TE,WR,1,10
2026-07-31T09:40:30Z,LAC,Sincere Brown,00-0041374,4568687,3WR 1TE,WR,2,11
2026-07-31T09:40:30Z,LAC,Mante Morrow,00-0041474,5222064,3WR 1TE,WR,8,12
2026-07-31T09:40:30Z,LV,Thomas Booker IV,00-0037262,4360749,Base 3-4 D,LDE,1,1
2026-07-31T09:40:30Z,LV,Adam Butler,00-0033381,2972342,Base 3-4 D,NT,2,1
2026-07-31T09:40:30Z,LV,Jonah Laulu,00-0039423,4373956,Base 3-4 D,RDE,3,1
2026-07-31T09:40:30Z,LV,Maxx Crosby,00-0034973,3916655,Base 3-4 D,WLB,4,1
2026-07-31T09:40:30Z,LV,Nakobe Dean,00-0037615,4426340,Base 3-4 D,LILB,5,1
2026-07-31T09:40:30Z,LV,Quay Walker,00-0037074,4379416,Base 3-4 D,RILB,6,1
2026-07-31T09:40:30Z,LV,Kwity Paye,00-0036479,4258194,Base 3-4 D,SLB,7,1
2026-07-31T09:40:30Z,LV,Eric Stokes,00-0036901,4259561,Base 3-4 D,LCB,8,1
2026-07-31T09:40:30Z,LV,Jeremy Chinn,00-0036293,4043169,Base 3-4 D,SS,9,1
2026-07-31T09:40:30Z,LV,Isaiah Pola-Mao,00-0037512,4259632,Base 3-4 D,FS,10,1
2026-07-31T09:40:30Z,LV,Darien Porter,00-0040641,4430330,Base 3-4 D,RCB,11,1
2026-07-31T09:40:30Z,LV,Taron Johnson,00-0034376,3121003,Base 3-4 D,NB,12,1
2026-07-31T09:40:30Z,LV,Brandon Cleveland,00-0040902,4685305,Base 3-4 D,LDE,1,2
2026-07-31T09:40:30Z,LV,Benito Jones,00-0035841,4035299,Base 3-4 D,NT,2,2
2026-07-31T09:40:30Z,LV,Tonka Hemingway,00-0040169,4429109,Base 3-4 D,RDE,3,2
2026-07-31T09:40:30Z,LV,Keyron Crawford,00-0041553,4911904,Base 3-4 D,WLB,4,2
2026-07-31T09:40:30Z,LV,Segun Olubi,00-0037527,4260703,Base 3-4 D,LILB,5,2
2026-07-31T09:40:30Z,LV,Tommy Eichenberg,00-0039374,4429560,Base 3-4 D,RILB,6,2
2026-07-31T09:40:30Z,LV,Malcolm Koonce,00-0036989,4239719,Base 3-4 D,SLB,7,2
2026-07-31T09:40:30Z,LV,Chigozie Anusiem,00-0039676,4360475,Base 3-4 D,LCB,8,2
2026-07-31T09:40:30Z,LV,Dalton Johnson,00-0040883,4682488,Base 3-4 D,SS,9,2
2026-07-31T09:40:30Z,LV,Tristin McCollum,00-0037461,4250393,Base 3-4 D,FS,10,2
2026-07-31T09:40:30Z,LV,Jermod McCoy,MCC606207,5157289,Base 3-4 D,RCB,11,2
2026-07-31T09:40:30Z,LV,Treydan Stukes,00-0040868,4697757,Base 3-4 D,NB,12,2
2026-07-31T09:40:30Z,LV,JJ Pegues,00-0040199,4430896,Base 3-4 D,NT,2,3
2026-07-31T09:40:30Z,LV,Treven Ma'ae,00-0040487,4427852,Base 3-4 D,RDE,3,3
2026-07-31T09:40:30Z,LV,Brennan Jackson,00-0039836,4373471,Base 3-4 D,WLB,4,3
2026-07-31T09:40:30Z,LV,Cameron McGrone,00-0036644,4372085,Base 3-4 D,LILB,5,3
2026-07-31T09:40:30Z,LV,Cody Lindenberg,00-0040228,4685126,Base 3-4 D,RILB,6,3
2026-07-31T09:40:30Z,LV,Patrick Johnson,00-0036922,4243916,Base 3-4 D,SLB,7,3
2026-07-31T09:40:30Z,LV,Hezekiah Masses,00-0040889,4917354,Base 3-4 D,LCB,8,3
2026-07-31T09:40:30Z,LV,Devin Lafayette,00-0041000,4607937,Base 3-4 D,SS,9,3
2026-07-31T09:40:30Z,LV,Tanner Wall,00-0041010,4875435,Base 3-4 D,FS,10,3
2026-07-31T09:40:30Z,LV,Decamerion Richardson,00-0039357,4605498,Base 3-4 D,RCB,11,3
2026-07-31T09:40:30Z,LV,Greedy Vance,00-0040489,4686337,Base 3-4 D,NB,12,3
2026-07-31T09:40:30Z,LV,Gary Smith III,SMI283040,4431390,Base 3-4 D,NT,2,4
2026-07-31T09:40:30Z,LV,Buddy Johnson,00-0036870,4240900,Base 3-4 D,LILB,5,4
2026-07-31T09:40:30Z,LV,Xavian Sorey Jr.,00-0041008,4431570,Base 3-4 D,RILB,6,4
2026-07-31T09:40:30Z,LV,Jahfari Harvey,00-0040604,4427408,Base 3-4 D,SLB,7,4
2026-07-31T09:40:30Z,LV,Caleb Offord,00-0041002,4565558,Base 3-4 D,LCB,8,4
2026-07-31T09:40:30Z,LV,Devyn Perkins,00-0041018,4694588,Base 3-4 D,NB,12,4
2026-07-31T09:40:30Z,LV,Cian Slone,00-0041006,5153665,Base 3-4 D,SLB,7,5
2026-07-31T09:40:30Z,LV,Matt Gay,00-0035269,4249087,Special Teams,PK,1,1
2026-07-31T09:40:30Z,LV,AJ Cole,00-0035190,3686689,Special Teams,P,2,1
2026-07-31T09:40:30Z,LV,AJ Cole,00-0035190,3686689,Special Teams,H,3,1
2026-07-31T09:40:30Z,LV,Tre Tucker,00-0038563,4428718,Special Teams,PR,4,1
2026-07-31T09:40:30Z,LV,Dylan Laube,00-0039407,4366963,Special Teams,KR,5,1
2026-07-31T09:40:30Z,LV,Alex Ward,00-0038360,4243545,Special Teams,LS,6,1
2026-07-31T09:40:30Z,LV,Kansei Matsuzawa,MAT411363,5158921,Special Teams,PK,1,2
2026-07-31T09:40:30Z,LV,Dareke Young,00-0037093,4401805,Special Teams,KR,5,2
2026-07-31T09:40:30Z,LV,Tyler Duzansky,00-0040997,4880472,Special Teams,LS,6,2
2026-07-31T09:40:30Z,LV,Tre Tucker,00-0038563,4428718,Special Teams,KR,5,3
2026-07-31T09:40:30Z,LV,Tre Tucker,00-0038563,4428718,3WR 1TE,WR,1,1
2026-07-31T09:40:30Z,LV,Kolton Miller,00-0034759,3134312,3WR 1TE,LT,3,1
2026-07-31T09:40:30Z,LV,Spencer Burford,00-0037829,4362999,3WR 1TE,LG,4,1
2026-07-31T09:40:30Z,LV,Tyler Linderbaum,00-0037825,4360499,3WR 1TE,C,5,1
2026-07-31T09:40:30Z,LV,Jackson Powers-Johnson,00-0039735,4875295,3WR 1TE,RG,6,1
2026-07-31T09:40:30Z,LV,DJ Glaze,00-0039349,4606683,3WR 1TE,RT,7,1
2026-07-31T09:40:30Z,LV,Kirk Cousins,00-0029604,14880,3WR 1TE,QB,9,1
2026-07-31T09:40:30Z,LV,Brock Bowers,00-0039338,4432665,3WR 1TE,TE,10,1
2026-07-31T09:40:30Z,LV,Ashton Jeanty,00-0040122,4890973,3WR 1TE,RB,11,1
2026-07-31T09:40:30Z,LV,Connor Heyward,00-0037304,4241961,3WR 1TE,FB,12,1
2026-07-31T09:40:30Z,LV,Jalen Nailor,00-0037291,4382466,3WR 1TE,WR,2,2
2026-07-31T09:40:30Z,LV,Charles Grant,00-0040151,4694505,3WR 1TE,LT,3,2
2026-07-31T09:40:30Z,LV,Atonio Mafi,00-0038586,4367202,3WR 1TE,LG,4,2
2026-07-31T09:40:30Z,LV,Jordan Meredith,00-0036604,4076803,3WR 1TE,C,5,2
2026-07-31T09:40:30Z,LV,Trey Zuhn III,00-0040871,4431623,3WR 1TE,RG,6,2
2026-07-31T09:40:30Z,LV,Dalton Wagner,00-0038923,4242177,3WR 1TE,RT,7,2
2026-07-31T09:40:30Z,LV,Fernando Mendoza,MEN516487,4837248,3WR 1TE,QB,9,2
2026-07-31T09:40:30Z,LV,Michael Mayer,00-0039066,4429086,3WR 1TE,TE,10,2
2026-07-31T09:40:30Z,LV,Mike Washington Jr.,WAS569019,4686658,3WR 1TE,RB,11,2
2026-07-31T09:40:30Z,LV,Jack Bech,00-0040729,4603186,3WR 1TE,WR,8,3
2026-07-31T09:40:30Z,LV,Kamar Missouri,00-0041017,4698114,3WR 1TE,LT,3,3
2026-07-31T09:40:30Z,LV,Will Putnam,00-0039544,4426393,3WR 1TE,C,5,3
2026-07-31T09:40:30Z,LV,Caleb Rogers,00-0040150,4433889,3WR 1TE,RG,6,3
2026-07-31T09:40:30Z,LV,Isaiah Jatta,00-0040999,5157075,3WR 1TE,RT,7,3
2026-07-31T09:40:30Z,LV,Aidan O'Connell,00-0038579,4260394,3WR 1TE,QB,9,3
2026-07-31T09:40:30Z,LV,Ian Thomas,00-0034365,4045305,3WR 1TE,TE,10,3
2026-07-31T09:40:30Z,LV,Dylan Laube,00-0039407,4366963,3WR 1TE,RB,11,3
2026-07-31T09:40:30Z,LV,Dont'e Thornton Jr.,00-0040581,4432775,3WR 1TE,WR,1,4
2026-07-31T09:40:30Z,LV,Niklas Henning,00-0041014,5348412,3WR 1TE,LT,3,4
2026-07-31T09:40:30Z,LV,Justin Pickett,00-0041003,4688538,3WR 1TE,RG,6,4
2026-07-31T09:40:30Z,LV,Jacob Clark,00-0040996,4569535,3WR 1TE,QB,9,4
2026-07-31T09:40:30Z,LV,Carter Runyon,00-0040488,5155825,3WR 1TE,TE,10,4
2026-07-31T09:40:30Z,LV,Chris Collier,00-0039244,4698191,3WR 1TE,RB,11,4
2026-07-31T09:40:30Z,LV,Malik Benson,00-0040894,5150247,3WR 1TE,WR,2,5
2026-07-31T09:40:30Z,LV,Albert Okwuegbunam Jr.,00-0036423,4035115,3WR 1TE,TE,10,5
2026-07-31T09:40:30Z,LV,Roman Hemby,00-0040998,4688835,3WR 1TE,RB,11,5
2026-07-31T09:40:30Z,LV,Dareke Young,00-0037093,4401805,3WR 1TE,WR,8,6
2026-07-31T09:40:30Z,LV,Patrick Gurd,00-0041016,4693208,3WR 1TE,TE,10,6
2026-07-31T09:40:30Z,LV,Shedrick Jackson,00-0038891,4361332,3WR 1TE,WR,1,7
2026-07-31T09:40:30Z,LV,Phillip Dorsett II,00-0032208,2579604,3WR 1TE,WR,2,8
2026-07-31T09:40:30Z,LV,Brandon Johnson,00-0037382,4035198,3WR 1TE,WR,8,9
2026-07-31T09:40:30Z,LV,Chase Roberts,00-0041004,4714388,3WR 1TE,WR,1,10
2026-07-31T09:40:30Z,LV,E.J. Williams Jr.,00-0041011,4686093,3WR 1TE,WR,2,11
2026-07-31T09:40:30Z,LV,Deven Thompkins,00-0037487,4374187,3WR 1TE,WR,8,12
2026-07-31T09:40:30Z,LV,Justin Shorter,00-0038590,4361426,3WR 1TE,WR,1,13
2026-07-31T09:40:30Z,LV,Corey Rucker,RUC514959,4433901,3WR 1TE,WR,2,14
2026-07-31T09:40:30Z,MIA,Chop Robinson,00-0039911,4431586,Base 4-3 D,LDE,1,1
2026-07-31T09:40:30Z,MIA,Kenneth Grant,00-0040127,4894654,Base 4-3 D,LDT,2,1
2026-07-31T09:40:30Z,MIA,Zach Sieler,00-0034285,3057956,Base 4-3 D,RDT,3,1
2026-07-31T09:40:30Z,MIA,Josh Uche,00-0036159,4046528,Base 4-3 D,RDE,4,1
2026-07-31T09:40:30Z,MIA,Jordyn Brooks,00-0036409,4043130,Base 4-3 D,WLB,5,1
2026-07-31T09:40:30Z,MIA,Tyrel Dodson,00-0035352,4035232,Base 4-3 D,MLB,6,1
2026-07-31T09:40:30Z,MIA,Willie Gay Jr.,00-0036362,4259804,Base 4-3 D,SLB,7,1
2026-07-31T09:40:30Z,MIA,Chris Johnson,00-0041533,4869579,Base 4-3 D,LCB,8,1
2026-07-31T09:40:30Z,MIA,Dante Trader Jr.,00-0040182,4431664,Base 4-3 D,SS,9,1
2026-07-31T09:40:30Z,MIA,Zayne Anderson,00-0036677,3932335,Base 4-3 D,FS,10,1
2026-07-31T09:40:30Z,MIA,Storm Duck,00-0039481,4427103,Base 4-3 D,RCB,11,1
2026-07-31T09:40:30Z,MIA,Marco Wilson,00-0036884,4240595,Base 4-3 D,NB,12,1
2026-07-31T09:40:30Z,MIA,Robert Beal Jr.,00-0038603,4259558,Base 4-3 D,LDE,1,2
2026-07-31T09:40:30Z,MIA,Jordan Phillips,00-0031557,2577466,Base 4-3 D,LDT,2,2
2026-07-31T09:40:30Z,MIA,Matthew Butler,00-0037280,4242457,Base 4-3 D,RDT,3,2
2026-07-31T09:40:30Z,MIA,David Ojabo,00-0038142,4426507,Base 4-3 D,RDE,4,2
2026-07-31T09:40:30Z,MIA,Jacob Rodriguez,00-0041522,4566094,Base 4-3 D,WLB,5,2
2026-07-31T09:40:30Z,MIA,Ronnie Harrison Jr.,00-0034779,3859006,Base 4-3 D,MLB,6,2
2026-07-31T09:40:30Z,MIA,Trey Moore,00-0041526,4879212,Base 4-3 D,SLB,7,2
2026-07-31T09:40:30Z,MIA,Darrell Baker Jr.,00-0037549,4036660,Base 4-3 D,LCB,8,2
2026-07-31T09:40:30Z,MIA,Louis Moore,00-0041160,5081323,Base 4-3 D,SS,9,2
2026-07-31T09:40:30Z,MIA,Lonnie Johnson Jr.,00-0035244,4240780,Base 4-3 D,FS,10,2
2026-07-31T09:40:30Z,MIA,JuJu Brents,00-0039156,4360488,Base 4-3 D,RCB,11,2
2026-07-31T09:40:30Z,MIA,Ethan Robinson,00-0040308,4876614,Base 4-3 D,NB,12,2
2026-07-31T09:40:30Z,MIA,Max Llewellyn,00-0041531,4683101,Base 4-3 D,LDE,1,3
2026-07-31T09:40:30Z,MIA,Zeek Biggers,00-0040248,4683276,Base 4-3 D,LDT,2,3
2026-07-31T09:40:30Z,MIA,Alex Huntley,00-0040304,4430877,Base 4-3 D,RDT,3,3
2026-07-31T09:40:30Z,MIA,Clelin Ferrell,00-0035692,3728258,Base 4-3 D,RDE,4,3
2026-07-31T09:40:30Z,MIA,Jackson Woodard,00-0040066,4685637,Base 4-3 D,MLB,6,3
2026-07-31T09:40:30Z,MIA,Kyle Louis,00-0041527,4880273,Base 4-3 D,SLB,7,3
2026-07-31T09:40:30Z,MIA,Jason Marshall Jr.,00-0040178,4432730,Base 4-3 D,LCB,8,3
2026-07-31T09:40:30Z,MIA,Major Burns,00-0040268,4429036,Base 4-3 D,SS,9,3
2026-07-31T09:40:30Z,MIA,Michael Taaffe,00-0041528,4880346,Base 4-3 D,FS,10,3
2026-07-31T09:40:30Z,MIA,Alex Austin,00-0038646,4426599,Base 4-3 D,RCB,11,3
2026-07-31T09:40:30Z,MIA,Rodney McGraw,00-0041159,4433974,Base 4-3 D,LDE,1,4
2026-07-31T09:40:30Z,MIA,Keith Cooper Jr.,00-0040655,4712462,Base 4-3 D,LDT,2,4
2026-07-31T09:40:30Z,MIA,Cameron Goode,00-0037315,4035857,Base 4-3 D,RDE,4,4
2026-07-31T09:40:30Z,MIA,DJ Herman,00-0041436,4685116,Base 4-3 D,MLB,6,4
2026-07-31T09:40:30Z,MIA,Ethan Bonner,00-0038684,4360746,Base 4-3 D,LCB,8,4
2026-07-31T09:40:30Z,MIA,Omar Brown,00-0039566,4426794,Base 4-3 D,FS,10,4
2026-07-31T09:40:30Z,MIA,A.J. Green III,00-0036114,4038437,Base 4-3 D,RCB,11,4
2026-07-31T09:40:30Z,MIA,Mason Reiger,00-0041162,4691903,Base 4-3 D,LDE,1,5
2026-07-31T09:40:30Z,MIA,James Ester,00-0039269,4429576,Base 4-3 D,LDT,2,5
2026-07-31T09:40:30Z,MIA,Seth Coleman,00-0040054,4429436,Base 4-3 D,RDE,4,5
2026-07-31T09:40:30Z,MIA,Miles Battle,00-0039312,4372413,Base 4-3 D,LCB,8,5
2026-07-31T09:40:30Z,MIA,Rene Konga,00-0041136,4698109,Base 4-3 D,LDT,2,6
2026-07-31T09:40:30Z,MIA,Riley Patterson,00-0036816,4243371,Special Teams,PK,1,1
2026-07-31T09:40:30Z,MIA,Bradley Pinion,00-0032065,2977680,Special Teams,P,2,1
2026-07-31T09:40:30Z,MIA,Bradley Pinion,00-0032065,2977680,Special Teams,H,3,1
2026-07-31T09:40:30Z,MIA,Malik Washington,00-0039880,4569603,Special Teams,PR,4,1
2026-07-31T09:40:30Z,MIA,Malik Washington,00-0039880,4569603,Special Teams,KR,5,1
2026-07-31T09:40:30Z,MIA,Tucker Addington,00-0037686,4034729,Special Teams,LS,6,1
2026-07-31T09:40:30Z,MIA,Zane Gonzalez,00-0033862,3043234,Special Teams,PK,1,2
2026-07-31T09:40:30Z,MIA,Kevin Coleman Jr.,00-0041529,4685307,Special Teams,PR,4,2
2026-07-31T09:40:30Z,MIA,Ollie Gordon II,00-0040198,4711533,Special Teams,KR,5,2
2026-07-31T09:40:30Z,MIA,Tahj Washington,00-0039884,4567506,Special Teams,PR,4,3
2026-07-31T09:40:30Z,MIA,Malik Washington,00-0039880,4569603,3WR 1TE,WR,1,1
2026-07-31T09:40:30Z,MIA,Patrick Paul,00-0039899,4567493,3WR 1TE,LT,3,1
2026-07-31T09:40:30Z,MIA,Kadyn Proctor,00-0041521,4870976,3WR 1TE,LG,4,1
2026-07-31T09:40:30Z,MIA,Aaron Brewer,00-0036171,4040537,3WR 1TE,C,5,1
2026-07-31T09:40:30Z,MIA,Jonah Savaiinaea,00-0040742,4819257,3WR 1TE,RG,6,1
2026-07-31T09:40:30Z,MIA,Austin Jackson,00-0036248,4271632,3WR 1TE,RT,7,1
2026-07-31T09:40:30Z,MIA,Malik Willis,00-0038128,4242512,3WR 1TE,QB,9,1
2026-07-31T09:40:30Z,MIA,Greg Dulcich,00-0037252,4367209,3WR 1TE,TE,10,1
2026-07-31T09:40:30Z,MIA,De'Von Achane,00-0039040,4429160,3WR 1TE,RB,11,1
2026-07-31T09:40:30Z,MIA,Jalen Tolbert,00-0037666,4249417,3WR 1TE,WR,2,2
2026-07-31T09:40:30Z,MIA,Jamaree Salyer,00-0037295,4379412,3WR 1TE,LT,3,2
2026-07-31T09:40:30Z,MIA,Andrew Meyer,00-0039485,4362064,3WR 1TE,C,5,2
2026-07-31T09:40:30Z,MIA,Josh Priebe,00-0040307,4432503,3WR 1TE,RG,6,2
2026-07-31T09:40:30Z,MIA,Charlie Heck,00-0036195,3895840,3WR 1TE,RT,7,2
2026-07-31T09:40:30Z,MIA,Quinn Ewers,00-0040234,4889929,3WR 1TE,QB,9,2
2026-07-31T09:40:30Z,MIA,Will Kacmarek,00-0041524,4880236,3WR 1TE,TE,10,2
2026-07-31T09:40:30Z,MIA,Jaylen Wright,00-0039874,4682745,3WR 1TE,RB,11,2
2026-07-31T09:40:30Z,MIA,Tutu Atwell,00-0036849,4360797,3WR 1TE,WR,8,3
2026-07-31T09:40:30Z,MIA,Kevin Cline,00-0041137,4431025,3WR 1TE,LT,3,3
2026-07-31T09:40:30Z,MIA,Jim Bonifas,00-0041155,4613269,3WR 1TE,C,5,3
2026-07-31T09:40:30Z,MIA,DJ Campbell,00-0041530,5081977,3WR 1TE,RG,6,3
2026-07-31T09:40:30Z,MIA,Gottlieb Ayedze,00-0039262,5145719,3WR 1TE,RT,7,3
2026-07-31T09:40:30Z,MIA,Cam Miller,00-0040222,4693331,3WR 1TE,QB,9,3
2026-07-31T09:40:30Z,MIA,Seydou Traore,TRA291459,4714379,3WR 1TE,TE,10,3
2026-07-31T09:40:30Z,MIA,Ollie Gordon II,00-0040198,4711533,3WR 1TE,RB,11,3
2026-07-31T09:40:30Z,MIA,Caleb Douglas,00-0041523,4869645,3WR 1TE,WR,1,4
2026-07-31T09:40:30Z,MIA,Marques Cox,00-0040442,4374089,3WR 1TE,LT,3,4
2026-07-31T09:40:30Z,MIA,Carter Warren,00-0039004,4240723,3WR 1TE,RT,7,4
2026-07-31T09:40:30Z,MIA,Mark Gronowski,00-0041156,4695400,3WR 1TE,QB,9,4
2026-07-31T09:40:30Z,MIA,Ben Sims,00-0038809,4373030,3WR 1TE,TE,10,4
2026-07-31T09:40:30Z,MIA,Donovan Edwards,00-0040400,4431536,3WR 1TE,RB,11,4
2026-07-31T09:40:30Z,MIA,Chris Bell,00-0041525,4869961,3WR 1TE,WR,2,5
2026-07-31T09:40:30Z,MIA,Cole Turner,00-0037078,4361438,3WR 1TE,TE,10,5
2026-07-31T09:40:30Z,MIA,Carlos Washington Jr.,00-0038930,4248425,3WR 1TE,RB,11,5
2026-07-31T09:40:30Z,MIA,Kevin Coleman Jr.,00-0041529,4685307,3WR 1TE,WR,8,6
2026-07-31T09:40:30Z,MIA,Anthony Hankerson,00-0041157,4685385,3WR 1TE,RB,11,6
2026-07-31T09:40:30Z,MIA,Theo Wease Jr.,00-0040311,4426535,3WR 1TE,WR,1,7
2026-07-31T09:40:30Z,MIA,Tahj Washington,00-0039884,4567506,3WR 1TE,WR,2,8
2026-07-31T09:40:30Z,MIA,Jalen Reagor,00-0036387,4241802,3WR 1TE,WR,8,9
2026-07-31T09:40:30Z,MIA,Terrace Marshall Jr.,00-0036955,4362630,3WR 1TE,WR,1,10
2026-07-31T09:40:30Z,MIA,AJ Henning,00-0040302,4429053,3WR 1TE,WR,2,11
2026-07-31T09:40:30Z,MIA,Donaven McCulley,00-0041158,4596347,3WR 1TE,WR,8,12
2026-07-31T09:40:30Z,MIN,Levi Drake Rodriguez,00-0039421,5093973,Base 3-4 D,LDE,1,1
2026-07-31T09:40:30Z,MIN,Caleb Banks,00-0041033,4602019,Base 3-4 D,NT,2,1
2026-07-31T09:40:30Z,MIN,Jalen Redmond,00-0038778,4360277,Base 3-4 D,RDE,3,1
2026-07-31T09:40:30Z,MIN,Andrew Van Ginkel,00-0035272,3133487,Base 3-4 D,WLB,4,1
2026-07-31T09:40:30Z,MIN,Eric Wilson,00-0033336,3056916,Base 3-4 D,LILB,5,1
2026-07-31T09:40:30Z,MIN,Blake Cashman,00-0035276,3728281,Base 3-4 D,RILB,6,1
2026-07-31T09:40:30Z,MIN,Dallas Turner,00-0039924,4565190,Base 3-4 D,SLB,7,1
2026-07-31T09:40:30Z,MIN,Isaiah Rodgers,00-0036222,4044540,Base 3-4 D,LCB,8,1
2026-07-31T09:40:30Z,MIN,Joshua Metellus,00-0036348,4046537,Base 3-4 D,SS,9,1
2026-07-31T09:40:30Z,MIN,Theo Jackson,00-0037301,4242436,Base 3-4 D,FS,10,1
2026-07-31T09:40:30Z,MIN,James Pierre,00-0035795,4259252,Base 3-4 D,RCB,11,1
2026-07-31T09:40:30Z,MIN,Byron Murphy Jr.,00-0035236,4038999,Base 3-4 D,NB,12,1
2026-07-31T09:40:30Z,MIN,Eric Johnson II,00-0037269,4050971,Base 3-4 D,LDE,1,2
2026-07-31T09:40:30Z,MIN,Domonique Orange,00-0041046,4698728,Base 3-4 D,NT,2,2
2026-07-31T09:40:30Z,MIN,Tyrion Ingram-Dawkins,00-0040173,4629149,Base 3-4 D,RDE,3,2
2026-07-31T09:40:30Z,MIN,Bo Richter,00-0039718,4875564,Base 3-4 D,WLB,4,2
2026-07-31T09:40:30Z,MIN,Jake Golday,00-0041495,4877652,Base 3-4 D,LILB,5,2
2026-07-31T09:40:30Z,MIN,Jamal Adams,00-0033872,3115373,Base 3-4 D,RILB,6,2
2026-07-31T09:40:30Z,MIN,Chaz Chambliss,00-0040496,4431520,Base 3-4 D,SLB,7,2
2026-07-31T09:40:30Z,MIN,Charles Demmings,00-0041083,5091793,Base 3-4 D,LCB,8,2
2026-07-31T09:40:30Z,MIN,Jay Ward,00-0038578,4568007,Base 3-4 D,SS,9,2
2026-07-31T09:40:30Z,MIN,Jakobe Thomas,00-0041054,4710865,Base 3-4 D,FS,10,2
2026-07-31T09:40:30Z,MIN,Dwight McGlothern,00-0039714,4429128,Base 3-4 D,RCB,11,2
2026-07-31T09:40:30Z,MIN,Tavierre Thomas,00-0034488,4334405,Base 3-4 D,NB,12,2
2026-07-31T09:40:30Z,MIN,Jahvaree Ritzie,00-0040572,4431584,Base 3-4 D,LDE,1,3
2026-07-31T09:40:30Z,MIN,Taki Taimani,00-0039720,4361114,Base 3-4 D,NT,2,3
2026-07-31T09:40:30Z,MIN,Isaiahh Loudermilk,00-0036843,4035798,Base 3-4 D,RDE,3,3
2026-07-31T09:40:30Z,MIN,Jacob Roberts,00-0040786,4575369,Base 3-4 D,WLB,4,3
2026-07-31T09:40:30Z,MIN,Josh Ross,00-0037184,4258198,Base 3-4 D,LILB,5,3
2026-07-31T09:40:30Z,MIN,Ivan Pace Jr.,00-0038807,4430280,Base 3-4 D,RILB,6,3
2026-07-31T09:40:30Z,MIN,Tyler Batty,00-0040492,4608794,Base 3-4 D,SLB,7,3
2026-07-31T09:40:30Z,MIN,Jacob Thomas,00-0041354,5082397,Base 3-4 D,FS,10,3
2026-07-31T09:40:30Z,MIN,Kahlef Hailassie,00-0038523,4373814,Base 3-4 D,RCB,11,3
2026-07-31T09:40:30Z,MIN,Tyreek Chappell,00-0041344,4602676,Base 3-4 D,NB,12,3
2026-07-31T09:40:30Z,MIN,Smith Vilbert,00-0041432,4428758,Base 3-4 D,LDE,1,4
2026-07-31T09:40:30Z,MIN,Elijah Williams,00-0040624,4696782,Base 3-4 D,RDE,3,4
2026-07-31T09:40:30Z,MIN,Cam'Ron Stewart,00-0041353,4682643,Base 3-4 D,WLB,4,4
2026-07-31T09:40:30Z,MIN,Scooby Williams,,4875181,Base 3-4 D,LILB,5,4
2026-07-31T09:40:30Z,MIN,Arden Walker,00-0041355,4592569,Base 3-4 D,SLB,7,4
2026-07-31T09:40:30Z,MIN,Zemaiah Vaughn,00-0040507,4695609,Base 3-4 D,RCB,11,4
2026-07-31T09:40:30Z,MIN,Bangally Kamara,00-0041431,4432325,Base 3-4 D,LILB,5,5
2026-07-31T09:40:30Z,MIN,Marcus Allen,00-0041340,5081412,Base 3-4 D,RCB,11,5
2026-07-31T09:40:30Z,MIN,Da'Veawn Armstead,00-0041341,4705513,Base 3-4 D,RCB,11,6
2026-07-31T09:40:30Z,MIN,Will Reichard,00-0039404,4567104,Special Teams,PK,1,1
2026-07-31T09:40:30Z,MIN,Johnny Hekker,00-0028872,15153,Special Teams,P,2,1
2026-07-31T09:40:30Z,MIN,Johnny Hekker,00-0028872,15153,Special Teams,H,3,1
2026-07-31T09:40:30Z,MIN,Myles Price,00-0040506,4430656,Special Teams,PR,4,1
2026-07-31T09:40:30Z,MIN,Myles Price,00-0040506,4430656,Special Teams,KR,5,1
2026-07-31T09:40:30Z,MIN,Andrew DePaola,00-0029714,15726,Special Teams,LS,6,1
2026-07-31T09:40:30Z,MIN,Brett Thorson,THO826739,4799994,Special Teams,P,2,2
2026-07-31T09:40:30Z,MIN,Brett Thorson,THO826739,4799994,Special Teams,H,3,2
2026-07-31T09:40:30Z,MIN,Jeshaun Jones,00-0039710,4360637,Special Teams,PR,4,2
2026-07-31T09:40:30Z,MIN,Tai Felton,00-0040154,4565185,Special Teams,KR,5,2
2026-07-31T09:40:30Z,MIN,Demond Claiborne,00-0041104,4832846,Special Teams,KR,5,3
2026-07-31T09:40:30Z,MIN,Justin Jefferson,00-0036322,4262921,3WR 1TE,WR,1,1
2026-07-31T09:40:30Z,MIN,Christian Darrisaw,00-0036616,4361985,3WR 1TE,LT,3,1
2026-07-31T09:40:30Z,MIN,Donovan Jackson,00-0040661,4431553,3WR 1TE,LG,4,1
2026-07-31T09:40:30Z,MIN,Blake Brandel,00-0036347,3930270,3WR 1TE,C,5,1
2026-07-31T09:40:30Z,MIN,Will Fries,00-0036483,4045176,3WR 1TE,RG,6,1
2026-07-31T09:40:30Z,MIN,Brian O'Neill,00-0034158,3123954,3WR 1TE,RT,7,1
2026-07-31T09:40:30Z,MIN,Kyler Murray,00-0035228,3917315,3WR 1TE,QB,9,1
2026-07-31T09:40:30Z,MIN,T.J. Hockenson,00-0035229,4036133,3WR 1TE,TE,10,1
2026-07-31T09:40:30Z,MIN,Aaron Jones Sr.,00-0033293,3042519,3WR 1TE,RB,11,1
2026-07-31T09:40:30Z,MIN,Max Bredeson,00-0041081,4878695,3WR 1TE,FB,12,1
2026-07-31T09:40:30Z,MIN,Jordan Addison,00-0038994,4429205,3WR 1TE,WR,2,2
2026-07-31T09:40:30Z,MIN,Caleb Tiernan,00-0041053,4592836,3WR 1TE,LT,3,2
2026-07-31T09:40:30Z,MIN,Henry Byrd,00-0038785,4367995,3WR 1TE,LG,4,2
2026-07-31T09:40:30Z,MIN,Michael Jurgens,00-0039419,4362010,3WR 1TE,C,5,2
2026-07-31T09:40:30Z,MIN,Joe Huber,00-0040500,4690210,3WR 1TE,RG,6,2
2026-07-31T09:40:30Z,MIN,Ryan Van Demark,00-0037404,4239140,3WR 1TE,RT,7,2
2026-07-31T09:40:30Z,MIN,J.J. McCarthy,00-0039923,4433970,3WR 1TE,QB,9,2
2026-07-31T09:40:30Z,MIN,Josh Oliver,00-0035249,3921690,3WR 1TE,TE,10,2
2026-07-31T09:40:30Z,MIN,Jordan Mason,00-0037525,4360569,3WR 1TE,RB,11,2
2026-07-31T09:40:30Z,MIN,Jauan Jennings,00-0036259,3886598,3WR 1TE,WR,8,3
2026-07-31T09:40:30Z,MIN,Tristan Leigh,00-0041348,4431443,3WR 1TE,LT,3,3
2026-07-31T09:40:30Z,MIN,Vershon Lee,00-0040712,4430218,3WR 1TE,LG,4,3
2026-07-31T09:40:30Z,MIN,Gavin Gerhardt,00-0041124,4433823,3WR 1TE,C,5,3
2026-07-31T09:40:30Z,MIN,Tomas Rimac,00-0041351,4683244,3WR 1TE,RG,6,3
2026-07-31T09:40:30Z,MIN,Walter Rouse,00-0039828,4428394,3WR 1TE,RT,7,3
2026-07-31T09:40:30Z,MIN,Carson Wentz,00-0032950,2573079,3WR 1TE,QB,9,3
2026-07-31T09:40:30Z,MIN,Ben Yurosek,00-0040509,4433959,3WR 1TE,TE,10,3
2026-07-31T09:40:30Z,MIN,Demond Claiborne,00-0041104,4832846,3WR 1TE,RB,11,3
2026-07-31T09:40:30Z,MIN,Tai Felton,00-0040154,4565185,3WR 1TE,WR,1,4
2026-07-31T09:40:30Z,MIN,Delby Lemieux,00-0041349,5085519,3WR 1TE,LG,4,4
2026-07-31T09:40:30Z,MIN,Max Brosmer,00-0040494,4573398,3WR 1TE,QB,9,4
2026-07-31T09:40:30Z,MIN,Gavin Bartholomew,00-0040215,4708049,3WR 1TE,TE,10,4
2026-07-31T09:40:30Z,MIN,Zavier Scott,00-0038440,4257364,3WR 1TE,RB,11,4
2026-07-31T09:40:30Z,MIN,Myles Price,00-0040506,4430656,3WR 1TE,WR,2,5
2026-07-31T09:40:30Z,MIN,Bryson Nesbit,00-0040504,4602969,3WR 1TE,TE,10,5
2026-07-31T09:40:30Z,MIN,Jordan Mims,00-0038678,4243004,3WR 1TE,RB,11,5
2026-07-31T09:40:30Z,MIN,Dillon Bell,00-0041342,4712579,3WR 1TE,WR,8,6
2026-07-31T09:40:30Z,MIN,Marshall Lang,00-0040060,4566195,3WR 1TE,TE,10,6
2026-07-31T09:40:30Z,MIN,Kejon Owens,00-0041350,4431304,3WR 1TE,RB,11,6
2026-07-31T09:40:30Z,MIN,Jeshaun Jones,00-0039710,4360637,3WR 1TE,WR,1,7
2026-07-31T09:40:30Z,MIN,Dontae Fleming,00-0040498,4565297,3WR 1TE,WR,2,8
2026-07-31T09:40:30Z,MIN,Trayvon Rudolph,00-0041475,4433906,3WR 1TE,WR,8,9
2026-07-31T09:40:30Z,MIN,Michael Briscoe,00-0040970,4688418,3WR 1TE,WR,1,10
2026-07-31T09:40:30Z,MIN,Terrill Davis,00-0041481,5279633,3WR 1TE,WR,2,11
2026-07-31T09:40:30Z,MIN,Marcus Sanders Jr.,00-0041352,4907543,3WR 1TE,WR,8,12
2026-07-31T09:40:30Z,NE,Christian Barmore,00-0036981,4372030,Base 3-4 D,LDE,1,1
2026-07-31T09:40:30Z,NE,Cory Durden,00-0038653,4240042,Base 3-4 D,NT,2,1
2026-07-31T09:40:30Z,NE,Milton Williams,00-0036916,4239699,Base 3-4 D,RDE,3,1
2026-07-31T09:40:30Z,NE,Harold Landry III,00-0034828,3122793,Base 3-4 D,WLB,4,1
2026-07-31T09:40:30Z,NE,Christian Elliss,00-0036813,4245273,Base 3-4 D,LILB,5,1
2026-07-31T09:40:30Z,NE,Robert Spillane,00-0034720,3129446,Base 3-4 D,RILB,6,1
2026-07-31T09:40:30Z,NE,Dre'Mont Jones,00-0035678,3915525,Base 3-4 D,SLB,7,1
2026-07-31T09:40:30Z,NE,Carlton Davis III,00-0034778,3916923,Base 3-4 D,LCB,8,1
2026-07-31T09:40:30Z,NE,Craig Woodson,00-0040716,4428930,Base 3-4 D,SS,9,1
2026-07-31T09:40:30Z,NE,Kevin Byard,00-0033132,2574056,Base 3-4 D,FS,10,1
2026-07-31T09:40:30Z,NE,Christian Gonzalez,00-0039147,4686772,Base 3-4 D,RCB,11,1
2026-07-31T09:40:30Z,NE,Marcus Jones,00-0037253,4241720,Base 3-4 D,NB,12,1
2026-07-31T09:40:30Z,NE,Jeremiah Pharms Jr.,00-0037711,5081728,Base 3-4 D,LDE,1,2
2026-07-31T09:40:30Z,NE,Eric Gregory,00-0040371,4567171,Base 3-4 D,NT,2,2
2026-07-31T09:40:30Z,NE,Joshua Farmer,00-0040171,4611993,Base 3-4 D,RDE,3,2
2026-07-31T09:40:30Z,NE,Gabe Jacas,JAC003008,4837244,Base 3-4 D,WLB,4,2
2026-07-31T09:40:30Z,NE,Namdi Obiazor,00-0041109,5085407,Base 3-4 D,LILB,5,2
2026-07-31T09:40:30Z,NE,K.J. Britt,00-0036643,4242521,Base 3-4 D,RILB,6,2
2026-07-31T09:40:30Z,NE,Bradyn Swinson,00-0040176,4431424,Base 3-4 D,SLB,7,2
2026-07-31T09:40:30Z,NE,Kobee Minor,00-0040252,4566100,Base 3-4 D,LCB,8,2
2026-07-31T09:40:30Z,NE,Dell Pettus,00-0039692,4428232,Base 3-4 D,SS,9,2
2026-07-31T09:40:30Z,NE,Julian Ashby,00-0040246,4695254,Base 3-4 D,FS,10,2
2026-07-31T09:40:30Z,NE,Karon Prunty,00-0041088,4606666,Base 3-4 D,RCB,11,2
2026-07-31T09:40:30Z,NE,Charles Woods,00-0039770,4368113,Base 3-4 D,NB,12,2
2026-07-31T09:40:30Z,NE,David Blay Jr.,00-0041315,5150999,Base 3-4 D,NT,2,3
2026-07-31T09:40:30Z,NE,Leonard Taylor III,00-0039289,4431598,Base 3-4 D,RDE,3,3
2026-07-31T09:40:30Z,NE,Elijah Ponder,00-0040574,4688432,Base 3-4 D,WLB,4,3
2026-07-31T09:40:30Z,NE,Otis Reese,00-0038853,4379411,Base 3-4 D,LILB,5,3
2026-07-31T09:40:30Z,NE,Chad Muma,00-0037811,4361707,Base 3-4 D,RILB,6,3
2026-07-31T09:40:30Z,NE,Jesse Luketa,00-0037330,4361419,Base 3-4 D,SLB,7,3
2026-07-31T09:40:30Z,NE,Karon Prunty,00-0041088,4606666,Base 3-4 D,LCB,8,3
2026-07-31T09:40:30Z,NE,Brenden Schooler,00-0037205,4047941,Base 3-4 D,SS,9,3
2026-07-31T09:40:30Z,NE,John Saunders Jr.,00-0040310,4608762,Base 3-4 D,FS,10,3
2026-07-31T09:40:30Z,NE,Marcellas Dial Jr.,00-0039390,4875079,Base 3-4 D,RCB,11,3
2026-07-31T09:40:30Z,NE,Kenneth Harris,00-0026836,4685970,Base 3-4 D,NB,12,3
2026-07-31T09:40:30Z,NE,Isaiah Iton,00-0039644,4570970,Base 3-4 D,RDE,3,4
2026-07-31T09:40:30Z,NE,Quintayvious Hutchins,00-0041402,4698181,Base 3-4 D,WLB,4,4
2026-07-31T09:40:30Z,NE,Amari Gainer,00-0039539,4360469,Base 3-4 D,RILB,6,4
2026-07-31T09:40:30Z,NE,Riley Wilson,WIL776796,4613029,Base 3-4 D,SLB,7,4
2026-07-31T09:40:30Z,NE,Brandon Crossley,00-0040565,4429480,Base 3-4 D,LCB,8,4
2026-07-31T09:40:30Z,NE,Mike Brown,00-0037493,4244310,Base 3-4 D,SS,9,4
2026-07-31T09:40:30Z,NE,Channing Canada,00-0041316,4688779,Base 3-4 D,RCB,11,4
2026-07-31T09:40:30Z,NE,Xavier Holmes,00-0041412,4877877,Base 3-4 D,WLB,4,5
2026-07-31T09:40:30Z,NE,Khalil Jacobs,00-0041321,4912116,Base 3-4 D,RILB,6,5
2026-07-31T09:40:30Z,NE,Peter Manuma,00-0041405,5084124,Base 3-4 D,SS,9,5
2026-07-31T09:40:30Z,NE,Andy Borregales,00-0040200,4569923,Special Teams,PK,1,1
2026-07-31T09:40:30Z,NE,Bryce Baringer,00-0038610,4240545,Special Teams,P,2,1
2026-07-31T09:40:30Z,NE,Bryce Baringer,00-0038610,4240545,Special Teams,H,3,1
2026-07-31T09:40:30Z,NE,Marcus Jones,00-0037253,4241720,Special Teams,PR,4,1
2026-07-31T09:40:30Z,NE,Efton Chism III,00-0040563,4695193,Special Teams,KR,5,1
2026-07-31T09:40:30Z,NE,Julian Ashby,00-0040246,4695254,Special Teams,LS,6,1
2026-07-31T09:40:30Z,NE,Efton Chism III,00-0040563,4695193,Special Teams,PR,4,2
2026-07-31T09:40:30Z,NE,Kyle Williams,00-0040131,4613202,Special Teams,KR,5,2
2026-07-31T09:40:30Z,NE,Kobe Prentice,00-0041152,4869965,Special Teams,PR,4,3
2026-07-31T09:40:30Z,NE,TreVeyon Henderson,00-0040734,4432710,Special Teams,KR,5,3
2026-07-31T09:40:30Z,NE,Terrell Jennings,00-0039757,4427600,Special Teams,KR,5,4
2026-07-31T09:40:30Z,NE,A.J. Brown,00-0035676,4047646,3WR 1TE,WR,1,1
2026-07-31T09:40:30Z,NE,Will Campbell,00-0040699,4685298,3WR 1TE,LT,3,1
2026-07-31T09:40:30Z,NE,Alijah Vera-Tucker,00-0036979,4259646,3WR 1TE,LG,4,1
2026-07-31T09:40:30Z,NE,Jared Wilson,00-0040147,4599198,3WR 1TE,C,5,1
2026-07-31T09:40:30Z,NE,Mike Onwenu,00-0036198,4046545,3WR 1TE,RG,6,1
2026-07-31T09:40:30Z,NE,Morgan Moses,00-0031330,16771,3WR 1TE,RT,7,1
2026-07-31T09:40:30Z,NE,Drake Maye,00-0039851,4431452,3WR 1TE,QB,9,1
2026-07-31T09:40:30Z,NE,Hunter Henry,00-0033090,3046439,3WR 1TE,TE,10,1
2026-07-31T09:40:30Z,NE,Rhamondre Stevenson,00-0036875,4569173,3WR 1TE,RB,11,1
2026-07-31T09:40:30Z,NE,Reggie Gilliam,00-0036187,4039505,3WR 1TE,FB,12,1
2026-07-31T09:40:30Z,NE,Romeo Doubs,00-0037816,4361432,3WR 1TE,WR,2,2
2026-07-31T09:40:30Z,NE,James Hudson III,00-0036866,4258181,3WR 1TE,LT,3,2
2026-07-31T09:40:30Z,NE,Caedan Wallace,00-0039863,4426446,3WR 1TE,LG,4,2
2026-07-31T09:40:30Z,NE,Ben Brown,00-0037413,4362890,3WR 1TE,C,5,2
2026-07-31T09:40:30Z,NE,Andrew Rupcich,00-0037605,4916597,3WR 1TE,RG,6,2
2026-07-31T09:40:30Z,NE,Caleb Lomu,00-0041541,4921438,3WR 1TE,RT,7,2
2026-07-31T09:40:30Z,NE,Tommy DeVito,00-0038476,4240391,3WR 1TE,QB,9,2
2026-07-31T09:40:30Z,NE,Eli Raridon,00-0041395,4831959,3WR 1TE,TE,10,2
2026-07-31T09:40:30Z,NE,TreVeyon Henderson,00-0040734,4432710,3WR 1TE,RB,11,2
2026-07-31T09:40:30Z,NE,Jack Westover,00-0039305,4361100,3WR 1TE,FB,12,2
2026-07-31T09:40:30Z,NE,Kayshon Boutte,00-0038608,4429022,3WR 1TE,WR,8,3
2026-07-31T09:40:30Z,NE,Caleb Lomu,00-0041541,4921438,3WR 1TE,LT,3,3
2026-07-31T09:40:30Z,NE,Mehki Butler,00-0040593,4880087,3WR 1TE,LG,4,3
2026-07-31T09:40:30Z,NE,JonDarius Morgan,00-0041324,4684174,3WR 1TE,RG,6,3
2026-07-31T09:40:30Z,NE,Dametrious Crownover,00-0041103,4431526,3WR 1TE,RT,7,3
2026-07-31T09:40:30Z,NE,Behren Morton,00-0041123,4431465,3WR 1TE,QB,9,3
2026-07-31T09:40:30Z,NE,CJ Dippre,00-0040566,4596545,3WR 1TE,TE,10,3
2026-07-31T09:40:30Z,NE,Lan Larison,00-0040568,4698253,3WR 1TE,RB,11,3
2026-07-31T09:40:30Z,NE,Mack Hollins,00-0033555,2991662,3WR 1TE,WR,1,4
2026-07-31T09:40:30Z,NE,Lorenz Metz,00-0038426,4360063,3WR 1TE,LT,3,4
2026-07-31T09:40:30Z,NE,Jacob Rizy,00-0041325,4695758,3WR 1TE,LG,4,4
2026-07-31T09:40:30Z,NE,Marcus Bryant,00-0040226,4565293,3WR 1TE,RT,7,4
2026-07-31T09:40:30Z,NE,Tanner Arkin,00-0041314,4683308,3WR 1TE,TE,10,4
2026-07-31T09:40:30Z,NE,Terrell Jennings,00-0039757,4427600,3WR 1TE,RB,11,4
2026-07-31T09:40:30Z,NE,DeMario Douglas,00-0038621,4427095,3WR 1TE,WR,2,5
2026-07-31T09:40:30Z,NE,Mitch Van Vooren,00-0040702,5289897,3WR 1TE,TE,10,5
2026-07-31T09:40:30Z,NE,Jam Miller,00-0041129,4685477,3WR 1TE,RB,11,5
2026-07-31T09:40:30Z,NE,Kyle Williams,00-0040131,4613202,3WR 1TE,WR,8,6
2026-07-31T09:40:30Z,NE,,,4708354,3WR 1TE,TE,10,6
2026-07-31T09:40:30Z,NE,Myles Montgomery,00-0041323,4676889,3WR 1TE,RB,11,6
2026-07-31T09:40:30Z,NE,Efton Chism III,00-0040563,4695193,3WR 1TE,WR,1,7
2026-07-31T09:40:30Z,NE,Julian Hill,00-0038720,4365395,3WR 1TE,TE,10,7
2026-07-31T09:40:30Z,NE,Kyle Dixon,00-0041318,5011554,3WR 1TE,WR,2,8
2026-07-31T09:40:30Z,NE,Cameron Dorner,00-0041319,5295981,3WR 1TE,WR,8,9
2026-07-31T09:40:30Z,NE,Nick DeGennaro,00-0041317,4692796,3WR 1TE,WR,1,10
2026-07-31T09:40:30Z,NE,Kobe Prentice,00-0041152,4869965,3WR 1TE,WR,2,11
2026-07-31T09:40:30Z,NE,Jeremiah Webb,00-0040570,4572655,3WR 1TE,WR,8,12
2026-07-31T09:40:30Z,NE,Jimmy Kibble,00-0041322,4832914,3WR 1TE,WR,1,13
2026-07-31T09:40:30Z,NO,Cameron Jordan,00-0027962,13971,Base 3-4 D,LDE,1,1
2026-07-31T09:40:30Z,NO,Davon Godchaux,00-0033860,3115383,Base 3-4 D,NT,2,1
2026-07-31T09:40:30Z,NO,Bryan Bresee,00-0038995,4428988,Base 3-4 D,RDE,3,1
2026-07-31T09:40:30Z,NO,Carl Granderson,00-0035402,3918310,Base 3-4 D,WLB,4,1
2026-07-31T09:40:30Z,NO,Kaden Elliss,00-0035316,3124890,Base 3-4 D,LILB,5,1
2026-07-31T09:40:30Z,NO,Pete Werner,00-0036927,4241993,Base 3-4 D,RILB,6,1
2026-07-31T09:40:30Z,NO,Chase Young,00-0036321,4241986,Base 3-4 D,SLB,7,1
2026-07-31T09:40:30Z,NO,Kool-Aid McKinstry,00-0039860,4433975,Base 3-4 D,LCB,8,1
2026-07-31T09:40:30Z,NO,Justin Reid,00-0034361,3931399,Base 3-4 D,SS,9,1
2026-07-31T09:40:30Z,NO,Julian Blackmon,00-0036253,4035661,Base 3-4 D,FS,10,1
2026-07-31T09:40:30Z,NO,Quincy Riley,00-0040166,4428350,Base 3-4 D,RCB,11,1
2026-07-31T09:40:30Z,NO,Jonas Sanker,00-0040643,4683813,Base 3-4 D,NB,12,1
2026-07-31T09:40:30Z,NO,Vernon Broughton,00-0040642,4429040,Base 3-4 D,LDE,1,2
2026-07-31T09:40:30Z,NO,Nathan Shepherd,00-0034760,4076951,Base 3-4 D,NT,2,2
2026-07-31T09:40:30Z,NO,John Ridgeway III,00-0037283,4248047,Base 3-4 D,RDE,3,2
2026-07-31T09:40:30Z,NO,Anfernee Jennings,00-0036193,3925350,Base 3-4 D,WLB,4,2
2026-07-31T09:40:30Z,NO,Isaiah Stalbird,00-0039622,4361194,Base 3-4 D,LILB,5,2
2026-07-31T09:40:30Z,NO,Danny Stutsman,00-0040155,4683215,Base 3-4 D,RILB,6,2
2026-07-31T09:40:30Z,NO,Fadil Diggs,00-0040249,4429073,Base 3-4 D,SLB,7,2
2026-07-31T09:40:30Z,NO,TJ Hall,00-0041114,4873075,Base 3-4 D,LCB,8,2
2026-07-31T09:40:30Z,NO,Jonas Sanker,00-0040643,4683813,Base 3-4 D,FS,10,2
2026-07-31T09:40:30Z,NO,Martin Emerson Jr.,00-0037250,4429568,Base 3-4 D,RCB,11,2
2026-07-31T09:40:30Z,NO,Jordan Howden,00-0038588,4360949,Base 3-4 D,NB,12,2
2026-07-31T09:40:30Z,NO,Tyree Wilson,00-0038541,4372533,Base 3-4 D,LDE,1,3
2026-07-31T09:40:30Z,NO,Christen Miller,00-0041390,4685479,Base 3-4 D,NT,2,3
2026-07-31T09:40:30Z,NO,Michael Heldman,00-0041329,4705926,Base 3-4 D,RDE,3,3
2026-07-31T09:40:30Z,NO,Chris Rumph II,00-0036867,4240475,Base 3-4 D,WLB,4,3
2026-07-31T09:40:30Z,NO,Jackson Sirmon,00-0039288,4361101,Base 3-4 D,LILB,5,3
2026-07-31T09:40:30Z,NO,Jaylan Ford,00-0039388,4566088,Base 3-4 D,RILB,6,3
2026-07-31T09:40:30Z,NO,Myles Cole,00-0039425,4365303,Base 3-4 D,SLB,7,3
2026-07-31T09:40:30Z,NO,Dalys Beanum,00-0040535,4695407,Base 3-4 D,LCB,8,3
2026-07-31T09:40:30Z,NO,Terrell Burgess,00-0036421,4035663,Base 3-4 D,FS,10,3
2026-07-31T09:40:30Z,NO,Isaac Yiadom,00-0034780,3122797,Base 3-4 D,RCB,11,3
2026-07-31T09:40:30Z,NO,Lorenzo Styles Jr.,00-0041089,4432768,Base 3-4 D,NB,12,3
2026-07-31T09:40:30Z,NO,Khristian Boyd,00-0039401,4384595,Base 3-4 D,NT,2,4
2026-07-31T09:40:30Z,NO,Michael Reid,00-0040293,4775268,Base 3-4 D,LCB,8,4
2026-07-31T09:40:30Z,NO,Elliott Davison,00-0040537,4688366,Base 3-4 D,FS,10,4
2026-07-31T09:40:30Z,NO,Rejzohn Wright,00-0038781,4696043,Base 3-4 D,RCB,11,4
2026-07-31T09:40:30Z,NO,Keeshawn Silver,00-0041334,4432764,Base 3-4 D,NT,2,5
2026-07-31T09:40:30Z,NO,Jayden Price,00-0039725,4383391,Base 3-4 D,RCB,11,5
2026-07-31T09:40:30Z,NO,Jay'viar Suggs,00-0041335,5213029,Base 3-4 D,NT,2,6
2026-07-31T09:40:30Z,NO,Zxavian Harris,00-0041328,4685365,Base 3-4 D,NT,2,7
2026-07-31T09:40:30Z,NO,Charlie Smyth,00-0039229,5208518,Special Teams,PK,1,1
2026-07-31T09:40:30Z,NO,Ryan Wright,00-0037500,4361823,Special Teams,P,2,1
2026-07-31T09:40:30Z,NO,Ryan Wright,00-0037500,4361823,Special Teams,H,3,1
2026-07-31T09:40:30Z,NO,Barion Brown,00-0041099,4698597,Special Teams,PR,4,1
2026-07-31T09:40:30Z,NO,Barion Brown,00-0041099,4698597,Special Teams,KR,5,1
2026-07-31T09:40:30Z,NO,Zach Wood,00-0033063,2575788,Special Teams,LS,6,1
2026-07-31T09:40:30Z,NO,Tanner Brown,00-0038354,4696736,Special Teams,PK,1,2
2026-07-31T09:40:30Z,NO,Mason Tipton,00-0039623,4573697,Special Teams,PR,4,2
2026-07-31T09:40:30Z,NO,Mason Tipton,00-0039623,4573697,Special Teams,KR,5,2
2026-07-31T09:40:30Z,NO,Kendre Miller,00-0038551,4599739,Special Teams,KR,5,3
2026-07-31T09:40:30Z,NO,Devin Neal,00-0040202,4682652,Special Teams,KR,5,4
2026-07-31T09:40:30Z,NO,Ty Chandler,00-0037276,4242431,Special Teams,KR,5,5
2026-07-31T09:40:30Z,NO,Chris Olave,00-0037239,4361370,3WR 1TE,WR,1,1
2026-07-31T09:40:30Z,NO,Kelvin Banks Jr.,00-0040125,4685260,3WR 1TE,LT,3,1
2026-07-31T09:40:30Z,NO,David Edwards,00-0035668,3917660,3WR 1TE,LG,4,1
2026-07-31T09:40:30Z,NO,Erik McCoy,00-0035242,3917331,3WR 1TE,C,5,1
2026-07-31T09:40:30Z,NO,Cesar Ruiz,00-0036408,4258199,3WR 1TE,RG,6,1
2026-07-31T09:40:30Z,NO,Taliese Fuaga,00-0039339,4606711,3WR 1TE,RT,7,1
2026-07-31T09:40:30Z,NO,Tyler Shough,00-0040743,4360689,3WR 1TE,QB,9,1
2026-07-31T09:40:30Z,NO,Juwan Johnson,00-0036040,3929645,3WR 1TE,TE,10,1
2026-07-31T09:40:30Z,NO,Travis Etienne Jr.,00-0036973,4239996,3WR 1TE,RB,11,1
2026-07-31T09:40:30Z,NO,Jordyn Tyson,00-0041029,4880281,3WR 1TE,WR,2,2
2026-07-31T09:40:30Z,NO,Barry Wesley,00-0038304,4256055,3WR 1TE,LT,3,2
2026-07-31T09:40:30Z,NO,Dillon Radunz,00-0036619,4040945,3WR 1TE,LG,4,2
2026-07-31T09:40:30Z,NO,Torricelli Simpkins III,00-0040541,4696902,3WR 1TE,C,5,2
2026-07-31T09:40:30Z,NO,Jeremiah Wright,00-0041065,4433938,3WR 1TE,RG,6,2
2026-07-31T09:40:30Z,NO,Xavier Truss,00-0040451,4427080,3WR 1TE,RT,7,2
2026-07-31T09:40:30Z,NO,Spencer Rattler,00-0039376,4426339,3WR 1TE,QB,9,2
2026-07-31T09:40:30Z,NO,Noah Fant,00-0035644,4036131,3WR 1TE,TE,10,2
2026-07-31T09:40:30Z,NO,Alvin Kamara,00-0033906,3054850,3WR 1TE,RB,11,2
2026-07-31T09:40:30Z,NO,Devaughn Vele,00-0039424,4569559,3WR 1TE,WR,8,3
2026-07-31T09:40:30Z,NO,Asim Richards,00-0038601,4430379,3WR 1TE,LT,3,3
2026-07-31T09:40:30Z,NO,Easton Kilty,00-0040539,4696488,3WR 1TE,LG,4,3
2026-07-31T09:40:30Z,NO,William Sherman,00-0036535,4243186,3WR 1TE,RG,6,3
2026-07-31T09:40:30Z,NO,Alan Herron,00-0041330,5164879,3WR 1TE,RT,7,3
2026-07-31T09:40:30Z,NO,Zach Wilson,00-0037013,4361259,3WR 1TE,QB,9,3
2026-07-31T09:40:30Z,NO,Oscar Delp,00-0041041,4702559,3WR 1TE,TE,10,3
2026-07-31T09:40:30Z,NO,Devin Neal,00-0040202,4682652,3WR 1TE,RB,11,3
2026-07-31T09:40:30Z,NO,Bryce Lance,00-0041067,4879276,3WR 1TE,WR,1,4
2026-07-31T09:40:30Z,NO,Nick Saldiveri,00-0038566,4361600,3WR 1TE,LG,4,4
2026-07-31T09:40:30Z,NO,Alex Wollschlaeger,00-0041336,4433930,3WR 1TE,RT,7,4
2026-07-31T09:40:30Z,NO,Hunter Dekkers,00-0040656,4565358,3WR 1TE,QB,9,4
2026-07-31T09:40:30Z,NO,Moliki Matavao,00-0040244,4432731,3WR 1TE,TE,10,4
2026-07-31T09:40:30Z,NO,Kendre Miller,00-0038551,4599739,3WR 1TE,RB,11,4
2026-07-31T09:40:30Z,NO,Ja'Lynn Polk,00-0039907,4430637,3WR 1TE,WR,2,5
2026-07-31T09:40:30Z,NO,Zaire Mitchell-Paden,00-0037340,4876006,3WR 1TE,TE,10,5
2026-07-31T09:40:30Z,NO,Ty Chandler,00-0037276,4242431,3WR 1TE,RB,11,5
2026-07-31T09:40:30Z,NO,Barion Brown,00-0041099,4698597,3WR 1TE,WR,8,6
2026-07-31T09:40:30Z,NO,Treyton Welch,00-0039518,4430684,3WR 1TE,TE,10,6
2026-07-31T09:40:30Z,NO,Audric Estime,00-0039373,4569682,3WR 1TE,RB,11,6
2026-07-31T09:40:30Z,NO,Mason Tipton,00-0039623,4573697,3WR 1TE,WR,1,7
2026-07-31T09:40:30Z,NO,Cody Hardy,00-0041327,5086529,3WR 1TE,TE,10,7
2026-07-31T09:40:30Z,NO,CJ Donaldson,00-0041326,5081999,3WR 1TE,RB,11,7
2026-07-31T09:40:30Z,NO,Ronnie Bell,00-0038647,4372063,3WR 1TE,WR,2,8
2026-07-31T09:40:30Z,NO,Trey Palmer,00-0039052,4426407,3WR 1TE,WR,8,9
2026-07-31T09:40:30Z,NO,Bub Means,00-0039386,4427985,3WR 1TE,WR,1,10
2026-07-31T09:40:30Z,NO,Kevin Austin Jr.,00-0037231,4372758,3WR 1TE,WR,2,11
2026-07-31T09:40:30Z,NO,Jalen Moreno-Cropper,00-0038740,4426990,3WR 1TE,WR,8,12
2026-07-31T09:40:30Z,NO,Brock Rechsteiner,00-0041451,4877738,3WR 1TE,WR,1,13
2026-07-31T09:40:30Z,NYG,Shelby Harris,00-0031270,16837,Base 3-4 D,LDE,1,1
2026-07-31T09:40:30Z,NYG,DJ Reader,00-0032424,2977670,Base 3-4 D,NT,2,1
2026-07-31T09:40:30Z,NYG,Darius Alexander,00-0040694,4426542,Base 3-4 D,RDE,3,1
2026-07-31T09:40:30Z,NYG,Brian Burns,00-0035713,4035631,Base 3-4 D,WLB,4,1
2026-07-31T09:40:30Z,NYG,Arvell Reese,00-0041509,4950400,Base 3-4 D,LILB,5,1
2026-07-31T09:40:30Z,NYG,Tremaine Edmunds,00-0034673,3929950,Base 3-4 D,RILB,6,1
2026-07-31T09:40:30Z,NYG,Abdul Carter,00-0040677,4725996,Base 3-4 D,SLB,7,1
2026-07-31T09:40:30Z,NYG,Paulson Adebo,00-0036937,4242547,Base 3-4 D,LCB,8,1
2026-07-31T09:40:30Z,NYG,Tyler Nubin,00-0039861,4430261,Base 3-4 D,SS,9,1
2026-07-31T09:40:30Z,NYG,Jevon Holland,00-0036998,4373809,Base 3-4 D,FS,10,1
2026-07-31T09:40:30Z,NYG,Greg Newsome II,00-0036996,4361266,Base 3-4 D,RCB,11,1
2026-07-31T09:40:30Z,NYG,Dru Phillips,00-0039821,4431321,Base 3-4 D,NB,12,1
2026-07-31T09:40:30Z,NYG,Zacch Pickens,00-0038937,4426332,Base 3-4 D,LDE,1,2
2026-07-31T09:40:30Z,NYG,Leki Fotu,00-0036371,4035666,Base 3-4 D,NT,2,2
2026-07-31T09:40:30Z,NYG,Sam Roberts,00-0037298,4077786,Base 3-4 D,RDE,3,2
2026-07-31T09:40:30Z,NYG,Chauncey Golston,00-0036982,4036132,Base 3-4 D,WLB,4,2
2026-07-31T09:40:30Z,NYG,Jack Kelly,00-0041102,4876380,Base 3-4 D,LILB,5,2
2026-07-31T09:40:30Z,NYG,Micah McFadden,00-0037259,4371961,Base 3-4 D,RILB,6,2
2026-07-31T09:40:30Z,NYG,Kayvon Thibodeaux,00-0037611,4426326,Base 3-4 D,SLB,7,2
2026-07-31T09:40:30Z,NYG,Colton Hood,00-0041462,4921249,Base 3-4 D,LCB,8,2
2026-07-31T09:40:30Z,NYG,Jason Pinnock,00-0036502,4240706,Base 3-4 D,SS,9,2
2026-07-31T09:40:30Z,NYG,Elijah Campbell,00-0034248,3932901,Base 3-4 D,FS,10,2
2026-07-31T09:40:30Z,NYG,Deonte Banks,00-0039000,4428328,Base 3-4 D,RCB,11,2
2026-07-31T09:40:30Z,NYG,Ar'Darius Washington,00-0036587,4362492,Base 3-4 D,NB,12,2
2026-07-31T09:40:30Z,NYG,Roy Robertson-Harris,00-0032667,2574891,Base 3-4 D,LDE,1,3
2026-07-31T09:40:30Z,NYG,Bobby Jamison-Travis,00-0041095,5159928,Base 3-4 D,NT,2,3
2026-07-31T09:40:30Z,NYG,Marlon Davidson,00-0036291,4035494,Base 3-4 D,RDE,3,3
2026-07-31T09:40:30Z,NYG,Caleb Murphy,,4686885,Base 3-4 D,WLB,4,3
2026-07-31T09:40:30Z,NYG,Anfernee Orji,00-0038908,4567535,Base 3-4 D,LILB,5,3
2026-07-31T09:40:30Z,NYG,Darius Muasau,00-0039829,4428072,Base 3-4 D,RILB,6,3
2026-07-31T09:40:30Z,NYG,Khalid Kareem,00-0036341,4039029,Base 3-4 D,SLB,7,3
2026-07-31T09:40:30Z,NYG,Korie Black,00-0040243,4429281,Base 3-4 D,LCB,8,3
2026-07-31T09:40:30Z,NYG,Raheem Layne,00-0037468,4258237,Base 3-4 D,FS,10,3
2026-07-31T09:40:30Z,NYG,Jarrick Bernard-Converse,00-0038401,4361834,Base 3-4 D,RCB,11,3
2026-07-31T09:40:30Z,NYG,Nic Jones,00-0038986,4427636,Base 3-4 D,NB,12,3
2026-07-31T09:40:30Z,NYG,Josh Tupou,00-0033347,2979632,Base 3-4 D,NT,2,4
2026-07-31T09:40:30Z,NYG,Zaire Barnes,00-0038399,4362234,Base 3-4 D,RILB,6,4
2026-07-31T09:40:30Z,NYG,Trace Ford,00-0040434,4427207,Base 3-4 D,SLB,7,4
2026-07-31T09:40:30Z,NYG,Art Green,00-0038788,4689674,Base 3-4 D,LCB,8,4
2026-07-31T09:40:30Z,NYG,Beau Brade,00-0039241,4429291,Base 3-4 D,FS,10,4
2026-07-31T09:40:30Z,NYG,Rico Payton,00-0039620,4368350,Base 3-4 D,RCB,11,4
2026-07-31T09:40:30Z,NYG,Anquin Barnes Jr.,00-0041140,4602016,Base 3-4 D,NT,2,5
2026-07-31T09:40:30Z,NYG,Thaddeus Dixon,DIX670855,5151880,Base 3-4 D,LCB,8,5
2026-07-31T09:40:30Z,NYG,Ben Sauls,00-0040530,4566158,Special Teams,PK,1,1
2026-07-31T09:40:30Z,NYG,Jordan Stout,00-0038094,4260224,Special Teams,P,2,1
2026-07-31T09:40:30Z,NYG,Jordan Stout,00-0038094,4260224,Special Teams,H,3,1
2026-07-31T09:40:30Z,NYG,Xavier Gipson,00-0038496,4427278,Special Teams,PR,4,1
2026-07-31T09:40:30Z,NYG,Deonte Banks,00-0039000,4428328,Special Teams,KR,5,1
2026-07-31T09:40:30Z,NYG,Ben Mann,00-0041143,4883114,Special Teams,LS,6,1
2026-07-31T09:40:30Z,NYG,Dominic Zvada,00-0041145,5082424,Special Teams,PK,1,2
2026-07-31T09:40:30Z,NYG,Jevon Holland,00-0036998,4373809,Special Teams,PR,4,2
2026-07-31T09:40:30Z,NYG,Devin Singletary,00-0035250,4040761,Special Teams,KR,5,2
2026-07-31T09:40:30Z,NYG,Braxton Berrios,00-0034419,3123075,Special Teams,PR,4,3
2026-07-31T09:40:30Z,NYG,Xavier Gipson,00-0038496,4427278,Special Teams,KR,5,3
2026-07-31T09:40:30Z,NYG,Gunner Olszewski,00-0035645,4424106,Special Teams,PR,4,4
2026-07-31T09:40:30Z,NYG,Jalin Hyatt,00-0038938,4692590,Special Teams,KR,5,4
2026-07-31T09:40:30Z,NYG,Braxton Berrios,00-0034419,3123075,Special Teams,KR,5,5
2026-07-31T09:40:30Z,NYG,Damon Bankston,00-0041139,4876378,Special Teams,KR,5,6
2026-07-31T09:40:30Z,NYG,Gunner Olszewski,00-0035645,4424106,Special Teams,KR,5,7
2026-07-31T09:40:30Z,NYG,Malik Nabers,00-0039337,4595348,3WR 1TE,WR,1,1
2026-07-31T09:40:30Z,NYG,Andrew Thomas,00-0036386,4259566,3WR 1TE,LT,3,1
2026-07-31T09:40:30Z,NYG,Jon Runyan,00-0036246,3929936,3WR 1TE,LG,4,1
2026-07-31T09:40:30Z,NYG,John Michael Schmitz Jr.,00-0039019,4240771,3WR 1TE,C,5,1
2026-07-31T09:40:30Z,NYG,Francis Mauigoa,00-0041505,4870914,3WR 1TE,RG,6,1
2026-07-31T09:40:30Z,NYG,Jermaine Eluemunor,00-0033290,3115303,3WR 1TE,RT,7,1
2026-07-31T09:40:30Z,NYG,Jaxson Dart,00-0040691,4689114,3WR 1TE,QB,9,1
2026-07-31T09:40:30Z,NYG,Isaiah Likely,00-0037838,4361050,3WR 1TE,TE,10,1
2026-07-31T09:40:30Z,NYG,Cam Skattebo,00-0040715,4696981,3WR 1TE,RB,11,1
2026-07-31T09:40:30Z,NYG,Patrick Ricard,00-0033376,2975417,3WR 1TE,FB,12,1
2026-07-31T09:40:30Z,NYG,Darius Slayton,00-0035535,3916945,3WR 1TE,WR,2,2
2026-07-31T09:40:30Z,NYG,J.C. Davis,00-0041101,5082353,3WR 1TE,LT,3,2
2026-07-31T09:40:30Z,NYG,Aaron Stinnie,00-0034668,3049339,3WR 1TE,LG,4,2
2026-07-31T09:40:30Z,NYG,Lucas Patrick,00-0033082,2576736,3WR 1TE,C,5,2
2026-07-31T09:40:30Z,NYG,Daniel Faalele,00-0038118,4360964,3WR 1TE,RG,6,2
2026-07-31T09:40:30Z,NYG,Marcus Mbow,00-0040181,4686362,3WR 1TE,RT,7,2
2026-07-31T09:40:30Z,NYG,Jameis Winston,00-0031503,2969939,3WR 1TE,QB,9,2
2026-07-31T09:40:30Z,NYG,Theo Johnson,00-0039847,4429148,3WR 1TE,TE,10,2
2026-07-31T09:40:30Z,NYG,Tyrone Tracy Jr.,00-0039384,4360516,3WR 1TE,RB,11,2
2026-07-31T09:40:30Z,NYG,Darnell Mooney,00-0036309,4040655,3WR 1TE,WR,8,3
2026-07-31T09:40:30Z,NYG,Joshua Ezeudu,00-0037807,4373280,3WR 1TE,LT,3,3
2026-07-31T09:40:30Z,NYG,Jake Kubas,00-0039508,4383405,3WR 1TE,LG,4,3
2026-07-31T09:40:30Z,NYG,Bryan Hudson,00-0039446,4426489,3WR 1TE,C,5,3
2026-07-31T09:40:30Z,NYG,Evan Neal,00-0037612,4567134,3WR 1TE,RG,6,3
2026-07-31T09:40:30Z,NYG,Brandon Allen,00-0032434,2574511,3WR 1TE,QB,9,3
2026-07-31T09:40:30Z,NYG,,,2531358,3WR 1TE,TE,10,3
2026-07-31T09:40:30Z,NYG,Devin Singletary,00-0035250,4040761,3WR 1TE,RB,11,3
2026-07-31T09:40:30Z,NYG,Calvin Austin III,00-0037837,4243389,3WR 1TE,WR,1,4
2026-07-31T09:40:30Z,NYG,Ryan Schernecke,00-0041144,5344428,3WR 1TE,LT,3,4
2026-07-31T09:40:30Z,NYG,Thomas Fidone II,00-0040225,4590292,3WR 1TE,TE,10,4
2026-07-31T09:40:30Z,NYG,Eric Gray,00-0038396,4570561,3WR 1TE,RB,11,4
2026-07-31T09:40:30Z,NYG,Malachi Fields,00-0041042,4682648,3WR 1TE,WR,2,5
2026-07-31T09:40:30Z,NYG,Jarrod Gray,GRA682351,5360470,3WR 1TE,LT,3,5
2026-07-31T09:40:30Z,NYG,Tanner Conner,00-0037348,4047422,3WR 1TE,TE,10,5
2026-07-31T09:40:30Z,NYG,Dante Miller,00-0039230,4367510,3WR 1TE,RB,11,5
2026-07-31T09:40:30Z,NYG,JuJu Smith-Schuster,00-0033857,3120348,3WR 1TE,WR,8,6
2026-07-31T09:40:30Z,NYG,,,4683119,3WR 1TE,TE,10,6
2026-07-31T09:40:30Z,NYG,Damon Bankston,00-0041139,4876378,3WR 1TE,RB,11,6
2026-07-31T09:40:30Z,NYG,Odell Beckham Jr.,00-0031235,16733,3WR 1TE,WR,1,7
2026-07-31T09:40:30Z,NYG,Isaiah Hodgins,00-0036165,4242540,3WR 1TE,WR,2,8
2026-07-31T09:40:30Z,NYG,Braxton Berrios,00-0034419,3123075,3WR 1TE,WR,8,9
2026-07-31T09:40:30Z,NYG,Jalin Hyatt,00-0038938,4692590,3WR 1TE,WR,1,10
2026-07-31T09:40:30Z,NYG,Beaux Collins,00-0040432,4431210,3WR 1TE,WR,2,11
2026-07-31T09:40:30Z,NYG,Dalen Cambre,00-0040431,4570296,3WR 1TE,WR,8,12
2026-07-31T09:40:30Z,NYG,Xavier Gipson,00-0038496,4427278,3WR 1TE,WR,1,13
2026-07-31T09:40:30Z,NYG,Ryan Miller,00-0038824,4369466,3WR 1TE,WR,2,14
2026-07-31T09:40:30Z,NYG,Gunner Olszewski,00-0035645,4424106,3WR 1TE,WR,8,15
2026-07-31T09:40:30Z,NYJ,David Bailey,BAI173035,4685248,Base 4-3 D,LDE,1,1
2026-07-31T09:40:30Z,NYJ,T'Vondre Sweat,00-0039886,4428617,Base 4-3 D,LDT,2,1
2026-07-31T09:40:30Z,NYJ,Harrison Phillips,00-0034782,3117255,Base 4-3 D,RDT,3,1
2026-07-31T09:40:30Z,NYJ,Will McDonald IV,00-0039142,4361767,Base 4-3 D,RDE,4,1
2026-07-31T09:40:30Z,NYJ,Demario Davis,00-0029607,14958,Base 4-3 D,WLB,5,1
2026-07-31T09:40:30Z,NYJ,Jamien Sherwood,00-0036500,4361331,Base 4-3 D,MLB,6,1
2026-07-31T09:40:30Z,NYJ,Kiko Mauigoa,00-0040186,4700136,Base 4-3 D,SLB,7,1
2026-07-31T09:40:30Z,NYJ,Nahshon Wright,00-0036986,4570470,Base 4-3 D,LCB,8,1
2026-07-31T09:40:30Z,NYJ,Andre Cisco,00-0036941,4361939,Base 4-3 D,SS,9,1
2026-07-31T09:40:30Z,NYJ,Minkah Fitzpatrick,00-0034789,3925345,Base 4-3 D,FS,10,1
2026-07-31T09:40:30Z,NYJ,Brandon Stephens,00-0036987,4035824,Base 4-3 D,RCB,11,1
2026-07-31T09:40:30Z,NYJ,D'Angelo Ponds,00-0041038,5118340,Base 4-3 D,NB,12,1
2026-07-31T09:40:30Z,NYJ,Joseph Ossai,00-0036902,4362094,Base 4-3 D,LDE,1,2
2026-07-31T09:40:30Z,NYJ,Mazi Smith,00-0038545,4426347,Base 4-3 D,LDT,2,2
2026-07-31T09:40:30Z,NYJ,David Onyemata,00-0033051,4002046,Base 4-3 D,RDT,3,2
2026-07-31T09:40:30Z,NYJ,Braiden McGregor,00-0039284,4429005,Base 4-3 D,RDE,4,2
2026-07-31T09:40:30Z,NYJ,Marcelino McCrary-Ball,00-0037526,4045299,Base 4-3 D,WLB,5,2
2026-07-31T09:40:30Z,NYJ,Jaden Keller,00-0041410,4700756,Base 4-3 D,MLB,6,2
2026-07-31T09:40:30Z,NYJ,Mykal Walker,00-0036300,4243009,Base 4-3 D,SLB,7,2
2026-07-31T09:40:30Z,NYJ,Azareye'h Thomas,00-0040133,4685596,Base 4-3 D,LCB,8,2
2026-07-31T09:40:30Z,NYJ,Malachi Moore,00-0040165,4692024,Base 4-3 D,SS,9,2
2026-07-31T09:40:30Z,NYJ,Dane Belton,00-0038123,4426686,Base 4-3 D,FS,10,2
2026-07-31T09:40:30Z,NYJ,Tre Brown,00-0036885,4241373,Base 4-3 D,RCB,11,2
2026-07-31T09:40:30Z,NYJ,Jarvis Brownlee Jr.,00-0039372,4426817,Base 4-3 D,NB,12,2
2026-07-31T09:40:30Z,NYJ,Kingsley Enagbare,00-0037083,4362840,Base 4-3 D,LDE,1,3
2026-07-31T09:40:30Z,NYJ,Darrell Jackson Jr.,00-0041549,4612836,Base 4-3 D,LDT,2,3
2026-07-31T09:40:30Z,NYJ,Jowon Briggs,00-0039431,4426676,Base 4-3 D,RDT,3,3
2026-07-31T09:40:30Z,NYJ,Eric Watts,00-0039291,4569016,Base 4-3 D,RDE,4,3
2026-07-31T09:40:30Z,NYJ,Chase Wilson,00-0041515,4568713,Base 4-3 D,MLB,6,3
2026-07-31T09:40:30Z,NYJ,Kobe King,00-0040214,4588300,Base 4-3 D,SLB,7,3
2026-07-31T09:40:30Z,NYJ,Qwan'tez Stiggers,00-0039789,5208977,Base 4-3 D,LCB,8,3
2026-07-31T09:40:30Z,NYJ,VJ Payne,00-0041120,4837388,Base 4-3 D,SS,9,3
2026-07-31T09:40:30Z,NYJ,Dean Clark,00-0040396,4426921,Base 4-3 D,FS,10,3
2026-07-31T09:40:30Z,NYJ,Mory Bamba,00-0041196,5092196,Base 4-3 D,RCB,11,3
2026-07-31T09:40:30Z,NYJ,Jordan Clark,00-0040397,4429411,Base 4-3 D,NB,12,3
2026-07-31T09:40:30Z,NYJ,Tyler Baron,00-0040196,4692555,Base 4-3 D,LDE,1,4
2026-07-31T09:40:30Z,NYJ,Payton Page,00-0040404,4431582,Base 4-3 D,LDT,2,4
2026-07-31T09:40:30Z,NYJ,Jack Heflin,00-0036788,4039485,Base 4-3 D,RDT,3,4
2026-07-31T09:40:30Z,NYJ,Kingsley Jonathan,00-0037431,4240405,Base 4-3 D,RDE,4,4
2026-07-31T09:40:30Z,NYJ,Samuel Womack III,00-0037830,4280416,Base 4-3 D,LCB,8,4
2026-07-31T09:40:30Z,NYJ,Jarius Monroe,00-0039285,4430182,Base 4-3 D,SS,9,4
2026-07-31T09:40:30Z,NYJ,Keidron Smith,00-0038696,4372418,Base 4-3 D,FS,10,4
2026-07-31T09:40:30Z,NYJ,Paschal Ekeji,EKE080143,5279356,Base 4-3 D,LDE,1,5
2026-07-31T09:40:30Z,NYJ,Nathan Voorhis,00-0041202,4880093,Base 4-3 D,RDE,4,5
2026-07-31T09:40:30Z,NYJ,Jason Sanders,00-0034794,3124679,Special Teams,PK,1,1
2026-07-31T09:40:30Z,NYJ,Austin McNamara,00-0039634,4427982,Special Teams,P,2,1
2026-07-31T09:40:30Z,NYJ,Austin McNamara,00-0039634,4427982,Special Teams,H,3,1
2026-07-31T09:40:30Z,NYJ,Isaiah Williams,00-0039451,4569371,Special Teams,PR,4,1
2026-07-31T09:40:30Z,NYJ,Kene Nwangwu,00-0036842,4035537,Special Teams,KR,5,1
2026-07-31T09:40:30Z,NYJ,Thomas Hennessy,00-0033260,2983155,Special Teams,LS,6,1
2026-07-31T09:40:30Z,NYJ,Cade York,00-0038097,4428963,Special Teams,PK,1,2
2026-07-31T09:40:30Z,NYJ,Jamaal Pritchett,00-0040405,4892576,Special Teams,PR,4,2
2026-07-31T09:40:30Z,NYJ,Isaiah Williams,00-0039451,4569371,Special Teams,KR,5,2
2026-07-31T09:40:30Z,NYJ,Garrison Grimes,00-0041198,4879195,Special Teams,LS,6,2
2026-07-31T09:40:30Z,NYJ,Isaiah Davis,00-0039798,4695404,Special Teams,KR,5,3
2026-07-31T09:40:30Z,NYJ,Arian Smith,00-0040582,4429105,Special Teams,KR,5,4
2026-07-31T09:40:30Z,NYJ,Garrett Wilson,00-0037740,4569618,3WR 1TE,WR,1,1
2026-07-31T09:40:30Z,NYJ,Olu Fashanu,00-0039790,4431809,3WR 1TE,LT,3,1
2026-07-31T09:40:30Z,NYJ,Dylan Parham,00-0037255,4243375,3WR 1TE,LG,4,1
2026-07-31T09:40:30Z,NYJ,Josh Myers,00-0036622,4242000,3WR 1TE,C,5,1
2026-07-31T09:40:30Z,NYJ,Joe Tippmann,00-0039145,4428681,3WR 1TE,RG,6,1
2026-07-31T09:40:30Z,NYJ,Armand Membou,00-0040123,4789907,3WR 1TE,RT,7,1
2026-07-31T09:40:30Z,NYJ,Geno Smith,00-0030565,15864,3WR 1TE,QB,9,1
2026-07-31T09:40:30Z,NYJ,Kenyon Sadiq,00-0041032,5083315,3WR 1TE,TE,10,1
2026-07-31T09:40:30Z,NYJ,Breece Hall,00-0038120,4427366,3WR 1TE,RB,11,1
2026-07-31T09:40:30Z,NYJ,Andrew Beck,00-0034959,3125107,3WR 1TE,FB,12,1
2026-07-31T09:40:30Z,NYJ,Adonai Mitchell,00-0039890,4597500,3WR 1TE,WR,2,2
2026-07-31T09:40:30Z,NYJ,Max Mitchell,00-0038114,4373656,3WR 1TE,LT,3,2
2026-07-31T09:40:30Z,NYJ,Xavier Newman,00-0037601,4259186,3WR 1TE,LG,4,2
2026-07-31T09:40:30Z,NYJ,Xavier Newman,00-0037601,4259186,3WR 1TE,C,5,2
2026-07-31T09:40:30Z,NYJ,Anez Cooper,00-0041097,4905597,3WR 1TE,RG,6,2
2026-07-31T09:40:30Z,NYJ,Chukwuma Okorafor,00-0034768,3129473,3WR 1TE,RT,7,2
2026-07-31T09:40:30Z,NYJ,Cade Klubnik,00-0041056,4685413,3WR 1TE,QB,9,2
2026-07-31T09:40:30Z,NYJ,Mason Taylor,00-0040736,4808766,3WR 1TE,TE,10,2
2026-07-31T09:40:30Z,NYJ,Braelon Allen,00-0039794,4685247,3WR 1TE,RB,11,2
2026-07-31T09:40:30Z,NYJ,Omar Cooper Jr.,00-0041511,4723820,3WR 1TE,WR,8,3
2026-07-31T09:40:30Z,NYJ,Courtland Ford,00-0041507,4429770,3WR 1TE,LT,3,3
2026-07-31T09:40:30Z,NYJ,Landon Young,00-0036930,4035079,3WR 1TE,LG,4,3
2026-07-31T09:40:30Z,NYJ,Marquis Hayes,00-0037748,4241382,3WR 1TE,RG,6,3
2026-07-31T09:40:30Z,NYJ,Xavier Hill,00-0041238,4431133,3WR 1TE,RT,7,3
2026-07-31T09:40:30Z,NYJ,Brady Cook,00-0040398,4429435,3WR 1TE,QB,9,3
2026-07-31T09:40:30Z,NYJ,Jeremy Ruckert,00-0037805,4361372,3WR 1TE,TE,10,3
2026-07-31T09:40:30Z,NYJ,Isaiah Davis,00-0039798,4695404,3WR 1TE,RB,11,3
2026-07-31T09:40:30Z,NYJ,Tim Patrick,00-0033375,3134353,3WR 1TE,WR,1,4
2026-07-31T09:40:30Z,NYJ,Kohl Levao,00-0038194,4373951,3WR 1TE,LG,4,4
2026-07-31T09:40:30Z,NYJ,Bailey Zappe,00-0038108,4250360,3WR 1TE,QB,9,4
2026-07-31T09:40:30Z,NYJ,Jelani Woods,00-0037755,4241410,3WR 1TE,TE,10,4
2026-07-31T09:40:30Z,NYJ,Kene Nwangwu,00-0036842,4035537,3WR 1TE,RB,11,4
2026-07-31T09:40:30Z,NYJ,Isaiah Williams,00-0039451,4569371,3WR 1TE,WR,2,5
2026-07-31T09:40:30Z,NYJ,Liam Fornadel,00-0038223,4249599,3WR 1TE,LG,4,5
2026-07-31T09:40:30Z,NYJ,Chase Curtis,00-0041237,4695223,3WR 1TE,TE,10,5
2026-07-31T09:40:30Z,NYJ,Sam Scott,00-0041200,4700138,3WR 1TE,RB,11,5
2026-07-31T09:40:30Z,NYJ,Arian Smith,00-0040582,4429105,3WR 1TE,WR,8,6
2026-07-31T09:40:30Z,NYJ,Chip Trayanum,00-0041239,4430893,3WR 1TE,RB,11,6
2026-07-31T09:40:30Z,NYJ,Jamaal Pritchett,00-0040405,4892576,3WR 1TE,WR,1,7
2026-07-31T09:40:30Z,NYJ,Gee Scott Jr.,00-0040571,4429115,3WR 1TE,WR,2,8
2026-07-31T09:40:30Z,NYJ,Caullin Lacy,00-0041199,4430185,3WR 1TE,WR,8,9
2026-07-31T09:40:30Z,NYJ,DT Sheffield,00-0041201,5153056,3WR 1TE,WR,1,10
2026-07-31T09:40:30Z,NYJ,Malik McClain,00-0041267,4682509,3WR 1TE,WR,2,11
2026-07-31T09:40:30Z,NYJ,Quincy Skinner Jr.,,4572380,3WR 1TE,WR,8,12
2026-07-31T09:40:30Z,PHI,Jalen Carter,00-0038386,4685759,Base 3-4 D,LDE,1,1
2026-07-31T09:40:30Z,PHI,,,3043133,Base 3-4 D,NT,2,1
2026-07-31T09:40:30Z,PHI,Moro Ojomo,00-0038412,4362116,Base 3-4 D,RDE,3,1
2026-07-31T09:40:30Z,PHI,Nolan Smith Jr.,00-0039013,4426331,Base 3-4 D,WLB,4,1
2026-07-31T09:40:30Z,PHI,Zack Baun,00-0036418,3917657,Base 3-4 D,LILB,5,1
2026-07-31T09:40:30Z,PHI,Jihaad Campbell,00-0040708,4685287,Base 3-4 D,RILB,6,1
2026-07-31T09:40:30Z,PHI,Jonathan Greenard,00-0036224,3916409,Base 3-4 D,SLB,7,1
2026-07-31T09:40:30Z,PHI,Riq Woolen,00-0037079,4245185,Base 3-4 D,LCB,8,1
2026-07-31T09:40:30Z,PHI,Marcus Epps,00-0034993,3139368,Base 3-4 D,SS,9,1
2026-07-31T09:40:30Z,PHI,Andrew Mukuba,00-0040749,4602197,Base 3-4 D,FS,10,1
2026-07-31T09:40:30Z,PHI,Quinyon Mitchell,00-0039888,4686273,Base 3-4 D,RCB,11,1
2026-07-31T09:40:30Z,PHI,Cooper DeJean,00-0039841,4682618,Base 3-4 D,NB,12,1
2026-07-31T09:40:30Z,PHI,Byron Young,00-0038978,4567123,Base 3-4 D,LDE,1,2
2026-07-31T09:40:30Z,PHI,Zion Wilson,00-0041540,4872850,Base 3-4 D,NT,2,2
2026-07-31T09:40:30Z,PHI,Ty Robinson,00-0040662,4569586,Base 3-4 D,RDE,3,2
2026-07-31T09:40:30Z,PHI,Arnold Ebiketie,00-0038116,4257591,Base 3-4 D,WLB,4,2
2026-07-31T09:40:30Z,PHI,Smael Mondon Jr.,00-0040013,4431573,Base 3-4 D,LILB,5,2
2026-07-31T09:40:30Z,PHI,Jeremiah Trotter Jr.,00-0039826,4432777,Base 3-4 D,RILB,6,2
2026-07-31T09:40:30Z,PHI,Jalyx Hunt,00-0039740,4571162,Base 3-4 D,SLB,7,2
2026-07-31T09:40:30Z,PHI,Jonathan Jones,00-0032580,2971027,Base 3-4 D,LCB,8,2
2026-07-31T09:40:30Z,PHI,Cooper DeJean,00-0039841,4682618,Base 3-4 D,SS,9,2
2026-07-31T09:40:30Z,PHI,J.T. Gray,00-0034116,3115481,Base 3-4 D,FS,10,2
2026-07-31T09:40:30Z,PHI,Kelee Ringo,00-0039140,4428992,Base 3-4 D,RCB,11,2
2026-07-31T09:40:30Z,PHI,Michael Carter II,00-0036501,4240456,Base 3-4 D,NB,12,2
2026-07-31T09:40:30Z,PHI,Ta'Quon Graham,00-0036948,4262197,Base 3-4 D,LDE,1,3
2026-07-31T09:40:30Z,PHI,Gabe Hall,00-0039265,4429731,Base 3-4 D,RDE,3,3
2026-07-31T09:40:30Z,PHI,Keyshawn James-Newby,00-0040908,5165139,Base 3-4 D,WLB,4,3
2026-07-31T09:40:30Z,PHI,Chance Campbell,00-0037312,4372051,Base 3-4 D,LILB,5,3
2026-07-31T09:40:30Z,PHI,Deontae Lawson,00-0040922,4432725,Base 3-4 D,RILB,6,3
2026-07-31T09:40:30Z,PHI,AJ Epenesa,00-0036192,4240585,Base 3-4 D,SLB,7,3
2026-07-31T09:40:30Z,PHI,Jakorian Bennett,00-0039072,4686911,Base 3-4 D,LCB,8,3
2026-07-31T09:40:30Z,PHI,Cole Wisniewski,00-0040905,4693345,Base 3-4 D,SS,9,3
2026-07-31T09:40:30Z,PHI,Andre' Sam,00-0039267,4250510,Base 3-4 D,FS,10,3
2026-07-31T09:40:30Z,PHI,Ambry Thomas,00-0037008,4258209,Base 3-4 D,RCB,11,3
2026-07-31T09:40:30Z,PHI,Kapena Gushiken,00-0040928,5153072,Base 3-4 D,NB,12,3
2026-07-31T09:40:30Z,PHI,Uar Bernard,BER237368,5344966,Base 3-4 D,LDE,1,4
2026-07-31T09:40:30Z,PHI,Joshua Weru,00-0040926,5344965,Base 3-4 D,WLB,4,4
2026-07-31T09:40:30Z,PHI,Jose Ramirez,00-0039053,4569068,Base 3-4 D,SLB,7,4
2026-07-31T09:40:30Z,PHI,Mac McWilliams,00-0040071,4689651,Base 3-4 D,LCB,8,4
2026-07-31T09:40:30Z,PHI,Tucker Large,LAR108765,4878896,Base 3-4 D,SS,9,4
2026-07-31T09:40:30Z,PHI,Maximus Pulley,00-0040923,5082391,Base 3-4 D,FS,10,4
2026-07-31T09:40:30Z,PHI,Tariq Castro-Fields,00-0037833,4259590,Base 3-4 D,RCB,11,4
2026-07-31T09:40:30Z,PHI,Shaun Wade,00-0036559,4241995,Base 3-4 D,RCB,11,5
2026-07-31T09:40:30Z,PHI,Jake Elliott,00-0033787,3050478,Special Teams,PK,1,1
2026-07-31T09:40:30Z,PHI,Braden Mann,00-0036313,4035239,Special Teams,P,2,1
2026-07-31T09:40:30Z,PHI,Braden Mann,00-0036313,4035239,Special Teams,H,3,1
2026-07-31T09:40:30Z,PHI,Britain Covey,00-0037132,3926231,Special Teams,PR,4,1
2026-07-31T09:40:30Z,PHI,Will Shipley,00-0039746,4431545,Special Teams,KR,5,1
2026-07-31T09:40:30Z,PHI,Rocco Underwood,00-0040925,4686566,Special Teams,LS,6,1
2026-07-31T09:40:30Z,PHI,Tank Bigsby,00-0038555,4429013,Special Teams,KR,5,2
2026-07-31T09:40:30Z,PHI,Britain Covey,00-0037132,3926231,Special Teams,KR,5,3
2026-07-31T09:40:30Z,PHI,Dameon Pierce,00-0037258,4360238,Special Teams,KR,5,4
2026-07-31T09:40:30Z,PHI,DeVonta Smith,00-0036912,4241478,3WR 1TE,WR,1,1
2026-07-31T09:40:30Z,PHI,Jordan Mailata,00-0034429,4334215,3WR 1TE,LT,3,1
2026-07-31T09:40:30Z,PHI,Landon Dickerson,00-0037002,4035624,3WR 1TE,LG,4,1
2026-07-31T09:40:30Z,PHI,Cam Jurgens,00-0038112,4361178,3WR 1TE,C,5,1
2026-07-31T09:40:30Z,PHI,Tyler Steen,00-0039001,4362805,3WR 1TE,RG,6,1
2026-07-31T09:40:30Z,PHI,Lane Johnson,00-0030561,15797,3WR 1TE,RT,7,1
2026-07-31T09:40:30Z,PHI,Jalen Hurts,00-0036389,4040715,3WR 1TE,QB,9,1
2026-07-31T09:40:30Z,PHI,Dallas Goedert,00-0034351,3121023,3WR 1TE,TE,10,1
2026-07-31T09:40:30Z,PHI,Saquon Barkley,00-0034844,3929630,3WR 1TE,RB,11,1
2026-07-31T09:40:30Z,PHI,Carson Steele,00-0039325,4714365,3WR 1TE,FB,12,1
2026-07-31T09:40:30Z,PHI,Makai Lemon,00-0040867,4870795,3WR 1TE,WR,2,2
2026-07-31T09:40:30Z,PHI,Markel Bell,00-0041554,5219831,3WR 1TE,LT,3,2
2026-07-31T09:40:30Z,PHI,Michael Jordan,00-0035266,4040622,3WR 1TE,LG,4,2
2026-07-31T09:40:30Z,PHI,Drew Kendall,00-0040587,4567802,3WR 1TE,C,5,2
2026-07-31T09:40:30Z,PHI,Hollin Pierce,00-0040031,4698119,3WR 1TE,RG,6,2
2026-07-31T09:40:30Z,PHI,Fred Johnson,00-0034951,3915106,3WR 1TE,RT,7,2
2026-07-31T09:40:30Z,PHI,Andy Dalton,00-0027973,14012,3WR 1TE,QB,9,2
2026-07-31T09:40:30Z,PHI,Eli Stowers,00-0041483,4431574,3WR 1TE,TE,10,2
2026-07-31T09:40:30Z,PHI,Tank Bigsby,00-0038555,4429013,3WR 1TE,RB,11,2
2026-07-31T09:40:30Z,PHI,Dontayvion Wicks,00-0038393,4428850,3WR 1TE,WR,8,3
2026-07-31T09:40:30Z,PHI,Myles Hinton,00-0040015,4429000,3WR 1TE,LT,3,3
2026-07-31T09:40:30Z,PHI,Micah Morris,00-0040897,4432738,3WR 1TE,LG,4,3
2026-07-31T09:40:30Z,PHI,Willie Lampkin,00-0040631,4582836,3WR 1TE,C,5,3
2026-07-31T09:40:30Z,PHI,Jaeden Roberts,00-0040924,4431529,3WR 1TE,RG,6,3
2026-07-31T09:40:30Z,PHI,Cameron Williams,00-0040687,4685590,3WR 1TE,RT,7,3
2026-07-31T09:40:30Z,PHI,Tanner McKee,00-0038400,4685201,3WR 1TE,QB,9,3
2026-07-31T09:40:30Z,PHI,Johnny Mundt,00-0033246,3052096,3WR 1TE,TE,10,3
2026-07-31T09:40:30Z,PHI,Will Shipley,00-0039746,4431545,3WR 1TE,RB,11,3
2026-07-31T09:40:30Z,PHI,Hollywood Brown,00-0035662,4241372,3WR 1TE,WR,1,4
2026-07-31T09:40:30Z,PHI,John Ojukwu,00-0038852,4240015,3WR 1TE,LT,3,4
2026-07-31T09:40:30Z,PHI,Jake Majors,00-0040422,4430814,3WR 1TE,C,5,4
2026-07-31T09:40:30Z,PHI,Cole Payton,00-0040891,4879250,3WR 1TE,QB,9,4
2026-07-31T09:40:30Z,PHI,Grant Calcaterra,00-0037086,4241374,3WR 1TE,TE,10,4
2026-07-31T09:40:30Z,PHI,Dameon Pierce,00-0037258,4360238,3WR 1TE,RB,11,4
2026-07-31T09:40:30Z,PHI,Elijah Moore,00-0036980,4372414,3WR 1TE,WR,2,5
2026-07-31T09:40:30Z,PHI,Stone Smartt,00-0037475,4250764,3WR 1TE,TE,10,5
2026-07-31T09:40:30Z,PHI,Elijah Mitchell,00-0036567,4241555,3WR 1TE,RB,11,5
2026-07-31T09:40:30Z,PHI,Johnny Wilson,00-0039236,4686104,3WR 1TE,WR,8,6
2026-07-31T09:40:30Z,PHI,Cameron Latu,00-0038564,4372026,3WR 1TE,TE,10,6
2026-07-31T09:40:30Z,PHI,Darius Cooper,00-0040024,4715355,3WR 1TE,WR,1,7
2026-07-31T09:40:30Z,PHI,E.J. Jenkins,00-0038498,4248557,3WR 1TE,TE,10,7
2026-07-31T09:40:30Z,PHI,Britain Covey,00-0037132,3926231,3WR 1TE,WR,2,8
2026-07-31T09:40:30Z,PHI,Dae'Quan Wright,00-0040927,4838696,3WR 1TE,TE,10,8
2026-07-31T09:40:30Z,PHI,Quez Watkins,00-0036271,4050373,3WR 1TE,WR,8,9
2026-07-31T09:40:30Z,PHI,Samori Toure,00-0037098,4027873,3WR 1TE,WR,1,10
2026-07-31T09:40:30Z,PHI,Danny Gray,00-0037828,4689546,3WR 1TE,WR,2,11
2026-07-31T09:40:30Z,PHI,Erik Ezukanma,00-0038092,4362186,3WR 1TE,WR,8,12
2026-07-31T09:40:30Z,PIT,Derrick Harmon,00-0040678,4682980,Base 3-4 D,LDE,1,1
2026-07-31T09:40:30Z,PIT,Keeanu Benton,00-0039110,4426694,Base 3-4 D,NT,2,1
2026-07-31T09:40:30Z,PIT,Cameron Heyward,00-0027969,13977,Base 3-4 D,RDE,3,1
2026-07-31T09:40:30Z,PIT,T.J. Watt,00-0033886,3045282,Base 3-4 D,WLB,4,1
2026-07-31T09:40:30Z,PIT,Payton Wilson,00-0039741,4361652,Base 3-4 D,LILB,5,1
2026-07-31T09:40:30Z,PIT,Patrick Queen,00-0036323,4242207,Base 3-4 D,RILB,6,1
2026-07-31T09:40:30Z,PIT,Alex Highsmith,00-0036333,4037333,Base 3-4 D,SLB,7,1
2026-07-31T09:40:30Z,PIT,Joey Porter Jr.,00-0039167,4426506,Base 3-4 D,LCB,8,1
2026-07-31T09:40:30Z,PIT,DeShon Elliott,00-0034277,3929846,Base 3-4 D,SS,9,1
2026-07-31T09:40:30Z,PIT,Jaquan Brisker,00-0038135,4570044,Base 3-4 D,FS,10,1
2026-07-31T09:40:30Z,PIT,Jamel Dean,00-0035699,3873935,Base 3-4 D,RCB,11,1
2026-07-31T09:40:30Z,PIT,Jalen Ramsey,00-0033055,3045373,Base 3-4 D,NB,12,1
2026-07-31T09:40:30Z,PIT,Sebastian Joseph-Day,00-0034810,3047495,Base 3-4 D,LDE,1,2
2026-07-31T09:40:30Z,PIT,Yahya Black,00-0040188,4430947,Base 3-4 D,NT,2,2
2026-07-31T09:40:30Z,PIT,Esezi Otomewo,00-0037274,4240759,Base 3-4 D,RDE,3,2
2026-07-31T09:40:30Z,PIT,Jack Sawyer,00-0040160,4431590,Base 3-4 D,WLB,4,2
2026-07-31T09:40:30Z,PIT,Cole Holcomb,00-0035286,3116689,Base 3-4 D,LILB,5,2
2026-07-31T09:40:30Z,PIT,Carson Bruener,00-0040231,4429490,Base 3-4 D,RILB,6,2
2026-07-31T09:40:30Z,PIT,Nick Herbig,00-0038577,4429164,Base 3-4 D,SLB,7,2
2026-07-31T09:40:30Z,PIT,Asante Samuel Jr.,00-0036617,4363034,Base 3-4 D,LCB,8,2
2026-07-31T09:40:30Z,PIT,Sebastian Castro,00-0040527,4426882,Base 3-4 D,SS,9,2
2026-07-31T09:40:30Z,PIT,Darnell Savage,00-0034968,3915419,Base 3-4 D,FS,10,2
2026-07-31T09:40:30Z,PIT,Daylen Everette,00-0041393,4685327,Base 3-4 D,RCB,11,2
2026-07-31T09:40:30Z,PIT,Brandin Echols,00-0036504,4567979,Base 3-4 D,NB,12,2
2026-07-31T09:40:30Z,PIT,Logan Lee,00-0039389,4569474,Base 3-4 D,LDE,1,3
2026-07-31T09:40:30Z,PIT,Gabriel Rubio,,4431533,Base 3-4 D,NT,2,3
2026-07-31T09:40:30Z,PIT,Dean Lowry,00-0032412,2974348,Base 3-4 D,RDE,3,3
2026-07-31T09:40:30Z,PIT,Malik Harrison,00-0036280,4040615,Base 3-4 D,LILB,5,3
2026-07-31T09:40:30Z,PIT,Jamin Davis,00-0036614,4240778,Base 3-4 D,RILB,6,3
2026-07-31T09:40:30Z,PIT,Julius Welschof,00-0039931,4372098,Base 3-4 D,SLB,7,3
2026-07-31T09:40:30Z,PIT,Daryl Porter Jr.,00-0040365,4691005,Base 3-4 D,LCB,8,3
2026-07-31T09:40:30Z,PIT,Jack Henderson,00-0040284,4696820,Base 3-4 D,SS,9,3
2026-07-31T09:40:30Z,PIT,Robert Spears-Jennings,00-0041401,4820584,Base 3-4 D,FS,10,3
2026-07-31T09:40:30Z,PIT,D'Shawn Jamison,00-0038877,4362082,Base 3-4 D,RCB,11,3
2026-07-31T09:40:30Z,PIT,Donte Kent,00-0040232,4608004,Base 3-4 D,NB,12,3
2026-07-31T09:40:30Z,PIT,Kyler Baugh,00-0039609,4573443,Base 3-4 D,NT,2,4
2026-07-31T09:40:30Z,PIT,Jacoby Windmon,00-0039457,4428909,Base 3-4 D,LILB,5,4
2026-07-31T09:40:30Z,PIT,Devan Boykin,00-0041259,4430961,Base 3-4 D,LCB,8,4
2026-07-31T09:40:30Z,PIT,Ahmari Harvey,00-0041291,4432709,Base 3-4 D,RCB,11,4
2026-07-31T09:40:30Z,PIT,Doneiko Slaughter,00-0040341,4692628,Base 3-4 D,NB,12,4
2026-07-31T09:40:30Z,PIT,Kevin Jobity Jr.,00-0041261,5084849,Base 3-4 D,NT,2,5
2026-07-31T09:40:30Z,PIT,Tamon Lynum,00-0041488,4565353,Base 3-4 D,LCB,8,5
2026-07-31T09:40:30Z,PIT,Daequan Hardy,00-0039883,4429743,Base 3-4 D,RCB,11,5
2026-07-31T09:40:30Z,PIT,Chris Boswell,00-0031136,17372,Special Teams,PK,1,1
2026-07-31T09:40:30Z,PIT,Cameron Johnston,00-0033729,3051397,Special Teams,P,2,1
2026-07-31T09:40:30Z,PIT,Cameron Johnston,00-0033729,3051397,Special Teams,H,3,1
2026-07-31T09:40:30Z,PIT,Kaden Wetjen,00-0041397,5081338,Special Teams,PR,4,1
2026-07-31T09:40:30Z,PIT,Kaden Wetjen,00-0041397,5081338,Special Teams,KR,5,1
2026-07-31T09:40:30Z,PIT,Christian Kuntz,00-0034051,2978524,Special Teams,LS,6,1
2026-07-31T09:40:30Z,PIT,Laith Marjan,00-0041262,4710727,Special Teams,PK,1,2
2026-07-31T09:40:30Z,PIT,Donte Kent,00-0040232,4608004,Special Teams,PR,4,2
2026-07-31T09:40:30Z,PIT,Eli Heidenreich,00-0041490,5081508,Special Teams,KR,5,2
2026-07-31T09:40:30Z,PIT,Jaylen Warren,00-0037228,4569987,Special Teams,KR,5,3
2026-07-31T09:40:30Z,PIT,Donte Kent,00-0040232,4608004,Special Teams,KR,5,4
2026-07-31T09:40:30Z,PIT,Roman Wilson,00-0039739,4431492,Special Teams,KR,5,5
2026-07-31T09:40:30Z,PIT,D'Shawn Jamison,00-0038877,4362082,Special Teams,KR,5,6
2026-07-31T09:40:30Z,PIT,DK Metcalf,00-0035640,4047650,3WR 1TE,WR,1,1
2026-07-31T09:40:30Z,PIT,Broderick Jones,00-0039109,4428990,3WR 1TE,LT,3,1
2026-07-31T09:40:30Z,PIT,Spencer Anderson,00-0038645,4372056,3WR 1TE,LG,4,1
2026-07-31T09:40:30Z,PIT,Zach Frazier,00-0039896,4429775,3WR 1TE,C,5,1
2026-07-31T09:40:30Z,PIT,Mason McCormick,00-0039358,4368304,3WR 1TE,RG,6,1
2026-07-31T09:40:30Z,PIT,Troy Fautanu,00-0039871,4427170,3WR 1TE,RT,7,1
2026-07-31T09:40:30Z,PIT,Aaron Rodgers,00-0023459,8439,3WR 1TE,QB,9,1
2026-07-31T09:40:30Z,PIT,Pat Freiermuth,00-0036894,4361411,3WR 1TE,TE,10,1
2026-07-31T09:40:30Z,PIT,Jaylen Warren,00-0037228,4569987,3WR 1TE,RB,11,1
2026-07-31T09:40:30Z,PIT,Riley Nowakowski,00-0041398,4693370,3WR 1TE,FB,12,1
2026-07-31T09:40:30Z,PIT,Michael Pittman Jr.,00-0036252,4035687,3WR 1TE,WR,2,2
2026-07-31T09:40:30Z,PIT,Dylan Cook,00-0037480,4570898,3WR 1TE,LT,3,2
2026-07-31T09:40:30Z,PIT,Brock Hoffman,00-0037336,4241087,3WR 1TE,LG,4,2
2026-07-31T09:40:30Z,PIT,Ryan McCollum,00-0036783,4035253,3WR 1TE,C,5,2
2026-07-31T09:40:30Z,PIT,Steven Jones,00-0039555,4373830,3WR 1TE,RG,6,2
2026-07-31T09:40:30Z,PIT,Max Iheanachor,00-0041482,5150136,3WR 1TE,RT,7,2
2026-07-31T09:40:30Z,PIT,Mason Rudolph,00-0034771,3116407,3WR 1TE,QB,9,2
2026-07-31T09:40:30Z,PIT,Darnell Washington,00-0038558,4430802,3WR 1TE,TE,10,2
2026-07-31T09:40:30Z,PIT,Rico Dowdle,00-0036139,4038815,3WR 1TE,RB,11,2
2026-07-31T09:40:30Z,PIT,Roman Wilson,00-0039739,4431492,3WR 1TE,WR,8,3
2026-07-31T09:40:30Z,PIT,Jack Driscoll,00-0036396,3932668,3WR 1TE,LT,3,3
2026-07-31T09:40:30Z,PIT,Gennings Dunker,00-0041396,4431258,3WR 1TE,LG,4,3
2026-07-31T09:40:30Z,PIT,Greg Crippen,00-0041430,4432684,3WR 1TE,C,5,3
2026-07-31T09:40:30Z,PIT,Lorenzo Thompson,00-0039517,4367040,3WR 1TE,RT,7,3
2026-07-31T09:40:30Z,PIT,Will Howard,00-0040203,4429955,3WR 1TE,QB,9,3
2026-07-31T09:40:30Z,PIT,Robert Tonyan,00-0033757,2975674,3WR 1TE,TE,10,3
2026-07-31T09:40:30Z,PIT,Kaleb Johnson,00-0040142,4819231,3WR 1TE,RB,11,3
2026-07-31T09:40:30Z,PIT,Germie Bernard,00-0041489,4685261,3WR 1TE,WR,1,4
2026-07-31T09:40:30Z,PIT,Doug Nester,00-0039716,4426368,3WR 1TE,LG,4,4
2026-07-31T09:40:30Z,PIT,Drew Allar,ALL015451,4714771,3WR 1TE,QB,9,4
2026-07-31T09:40:30Z,PIT,Jaheim Bell,00-0039420,4429262,3WR 1TE,TE,10,4
2026-07-31T09:40:30Z,PIT,Eli Heidenreich,00-0041490,5081508,3WR 1TE,RB,11,4
2026-07-31T09:40:30Z,PIT,Ben Skowronek,00-0036862,4035656,3WR 1TE,WR,2,5
2026-07-31T09:40:30Z,PIT,JJ Galbreath,00-0040528,4695800,3WR 1TE,TE,10,5
2026-07-31T09:40:30Z,PIT,Travis Homer,00-0035594,4037457,3WR 1TE,RB,11,5
2026-07-31T09:40:30Z,PIT,Kaden Wetjen,00-0041397,5081338,3WR 1TE,WR,8,6
2026-07-31T09:40:30Z,PIT,Lake McRee,00-0041263,4566198,3WR 1TE,TE,10,6
2026-07-31T09:40:30Z,PIT,Lew Nichols,00-0038409,4428119,3WR 1TE,RB,11,6
2026-07-31T09:40:30Z,PIT,Eli Heidenreich,00-0041490,5081508,3WR 1TE,WR,1,7
2026-07-31T09:40:30Z,PIT,A.T. Perry,00-0038612,4362019,3WR 1TE,WR,2,8
2026-07-31T09:40:30Z,PIT,Max Hurleman,00-0040618,4694237,3WR 1TE,WR,8,9
2026-07-31T09:40:30Z,PIT,Cole Burgess,00-0039626,5192448,3WR 1TE,WR,1,10
2026-07-31T09:40:30Z,PIT,Brandon Smith,00-0036775,4240577,3WR 1TE,WR,2,11
2026-07-31T09:40:30Z,PIT,Joaquin Davis,00-0040443,4696907,3WR 1TE,WR,8,12
2026-07-31T09:40:30Z,PIT,Levi Wentz,00-0040976,4613132,3WR 1TE,WR,1,13
2026-07-31T09:40:30Z,SEA,Leonard Williams,00-0031933,2971622,Base 3-4 D,LDE,1,1
2026-07-31T09:40:30Z,SEA,Jarran Reed,00-0032387,3115312,Base 3-4 D,NT,2,1
2026-07-31T09:40:30Z,SEA,Byron Murphy II,00-0039309,4570040,Base 3-4 D,RDE,3,1
2026-07-31T09:40:30Z,SEA,DeMarcus Lawrence,00-0031411,16802,Base 3-4 D,WLB,4,1
2026-07-31T09:40:30Z,SEA,Drake Thomas,00-0038922,4428659,Base 3-4 D,LILB,5,1
2026-07-31T09:40:30Z,SEA,Ernest Jones IV,00-0036994,4362851,Base 3-4 D,RILB,6,1
2026-07-31T09:40:30Z,SEA,Uchenna Nwosu,00-0034350,3120358,Base 3-4 D,SLB,7,1
2026-07-31T09:40:30Z,SEA,Devon Witherspoon,00-0039169,4575431,Base 3-4 D,LCB,8,1
2026-07-31T09:40:30Z,SEA,Ty Okada,00-0038765,4247808,Base 3-4 D,SS,9,1
2026-07-31T09:40:30Z,SEA,Julian Love,00-0034974,4046675,Base 3-4 D,FS,10,1
2026-07-31T09:40:30Z,SEA,Josh Jobe,00-0037137,4372020,Base 3-4 D,RCB,11,1
2026-07-31T09:40:30Z,SEA,Nick Emmanwori,00-0040733,4869523,Base 3-4 D,NB,12,1
2026-07-31T09:40:30Z,SEA,Mike Morris,00-0038591,4572055,Base 3-4 D,LDE,1,2
2026-07-31T09:40:30Z,SEA,Brandon Pili,00-0038694,4259651,Base 3-4 D,NT,2,2
2026-07-31T09:40:30Z,SEA,Rylie Mills,00-0040647,4430838,Base 3-4 D,RDE,3,2
2026-07-31T09:40:30Z,SEA,Dante Fowler Jr.,00-0032052,2980100,Base 3-4 D,WLB,4,2
2026-07-31T09:40:30Z,SEA,Tyrice Knight,00-0039815,4686540,Base 3-4 D,LILB,5,2
2026-07-31T09:40:30Z,SEA,Patrick O'Connell,00-0038764,4364623,Base 3-4 D,RILB,6,2
2026-07-31T09:40:30Z,SEA,Derick Hall,00-0039047,4567226,Base 3-4 D,SLB,7,2
2026-07-31T09:40:30Z,SEA,Michael Dansby,00-0040910,2094390,Base 3-4 D,LCB,8,2
2026-07-31T09:40:30Z,SEA,D'Anthony Bell,00-0037332,4608386,Base 3-4 D,SS,9,2
2026-07-31T09:40:30Z,SEA,Bud Clark,00-0041463,4430262,Base 3-4 D,FS,10,2
2026-07-31T09:40:30Z,SEA,Julian Neal,00-0040873,4684543,Base 3-4 D,RCB,11,2
2026-07-31T09:40:30Z,SEA,Noah Igbinoghene,00-0036287,4242516,Base 3-4 D,NB,12,2
2026-07-31T09:40:30Z,SEA,Bubba Thomas,00-0040064,4428657,Base 3-4 D,LDE,1,3
2026-07-31T09:40:30Z,SEA,Deven Eastern,00-0040904,4609203,Base 3-4 D,NT,2,3
2026-07-31T09:40:30Z,SEA,J.R. Singleton,00-0040063,4686447,Base 3-4 D,RDE,3,3
2026-07-31T09:40:30Z,SEA,Ja'Markis Weston,00-0040408,4567416,Base 3-4 D,WLB,4,3
2026-07-31T09:40:30Z,SEA,Chazz Surratt,00-0037003,4037521,Base 3-4 D,LILB,5,3
2026-07-31T09:40:30Z,SEA,Chris Paul Jr.,00-0040588,4602943,Base 3-4 D,RILB,6,3
2026-07-31T09:40:30Z,SEA,Connor O'Toole,00-0040061,4605491,Base 3-4 D,SLB,7,3
2026-07-31T09:40:30Z,SEA,Andre Fuller,00-0040903,4693934,Base 3-4 D,LCB,8,3
2026-07-31T09:40:30Z,SEA,AJ Finley,00-0038866,4427190,Base 3-4 D,SS,9,3
2026-07-31T09:40:30Z,SEA,Rodney Thomas II,00-0037323,4248455,Base 3-4 D,FS,10,3
2026-07-31T09:40:30Z,SEA,Shemar Jean-Charles,00-0036645,4036430,Base 3-4 D,RCB,11,3
2026-07-31T09:40:30Z,SEA,Uso Seumalo,00-0040975,5081916,Base 3-4 D,NT,2,4
2026-07-31T09:40:30Z,SEA,Jamie Sheriff,00-0039944,4685984,Base 3-4 D,WLB,4,4
2026-07-31T09:40:30Z,SEA,Jared Ivey,00-0040056,4605478,Base 3-4 D,SLB,7,4
2026-07-31T09:40:30Z,SEA,Nehemiah Pritchett,00-0039795,4567222,Base 3-4 D,LCB,8,4
2026-07-31T09:40:30Z,SEA,Brandon Johnson,00-0040027,4594338,Base 3-4 D,SS,9,4
2026-07-31T09:40:30Z,SEA,Maxen Hook,00-0040026,4431145,Base 3-4 D,FS,10,4
2026-07-31T09:40:30Z,SEA,Jalan Gaines,00-0040055,5087235,Base 3-4 D,WLB,4,5
2026-07-31T09:40:30Z,SEA,Aidan Hubbard,00-0040972,4603089,Base 3-4 D,WLB,4,6
2026-07-31T09:40:30Z,SEA,Marvin Jones Jr.,00-0040973,4685425,Base 3-4 D,WLB,4,7
2026-07-31T09:40:30Z,SEA,Jason Myers,00-0031492,2473037,Special Teams,PK,1,1
2026-07-31T09:40:30Z,SEA,Michael Dickson,00-0034160,3929851,Special Teams,P,2,1
2026-07-31T09:40:30Z,SEA,Michael Dickson,00-0034160,3929851,Special Teams,H,3,1
2026-07-31T09:40:30Z,SEA,Rashid Shaheed,00-0037545,4032473,Special Teams,PR,4,1
2026-07-31T09:40:30Z,SEA,Rashid Shaheed,00-0037545,4032473,Special Teams,KR,5,1
2026-07-31T09:40:30Z,SEA,Chris Stoll,00-0038769,4259606,Special Teams,LS,6,1
2026-07-31T09:40:30Z,SEA,Tory Horton,00-0040648,4597703,Special Teams,PR,4,2
2026-07-31T09:40:30Z,SEA,Jadarian Price,00-0041512,4685512,Special Teams,KR,5,2
2026-07-31T09:40:30Z,SEA,George Holani,00-0039299,4429835,Special Teams,KR,5,3
2026-07-31T09:40:30Z,SEA,Emmanuel Henderson Jr.,00-0040895,4685381,Special Teams,KR,5,4
2026-07-31T09:40:30Z,SEA,Cody White,00-0035891,4241983,Special Teams,KR,5,5
2026-07-31T09:40:30Z,SEA,Jaxon Smith-Njigba,00-0038543,4430878,3WR 1TE,WR,1,1
2026-07-31T09:40:30Z,SEA,Charles Cross,00-0037821,4426376,3WR 1TE,LT,3,1
2026-07-31T09:40:30Z,SEA,Grey Zabel,00-0040639,4693346,3WR 1TE,LG,4,1
2026-07-31T09:40:30Z,SEA,Jalen Sundell,00-0039926,4383409,3WR 1TE,C,5,1
2026-07-31T09:40:30Z,SEA,Anthony Bradford,00-0039020,4429211,3WR 1TE,RG,6,1
2026-07-31T09:40:30Z,SEA,Abraham Lucas,00-0037812,4245171,3WR 1TE,RT,7,1
2026-07-31T09:40:30Z,SEA,Sam Darnold,00-0034869,3912547,3WR 1TE,QB,9,1
2026-07-31T09:40:30Z,SEA,AJ Barner,00-0039793,4576297,3WR 1TE,TE,10,1
2026-07-31T09:40:30Z,SEA,Zach Charbonnet,00-0039165,4426385,3WR 1TE,RB,11,1
2026-07-31T09:40:30Z,SEA,Robbie Ouzts,00-0040649,4691688,3WR 1TE,FB,12,1
2026-07-31T09:40:30Z,SEA,Rashid Shaheed,00-0037545,4032473,3WR 1TE,WR,2,2
2026-07-31T09:40:30Z,SEA,Josh Jones,00-0036363,3914630,3WR 1TE,LT,3,2
2026-07-31T09:40:30Z,SEA,Beau Stephens,00-0040882,4592823,3WR 1TE,LG,4,2
2026-07-31T09:40:30Z,SEA,Olu Oluwatimi,00-0038593,4370807,3WR 1TE,C,5,2
2026-07-31T09:40:30Z,SEA,Christian Haynes,00-0039839,4362135,3WR 1TE,RG,6,2
2026-07-31T09:40:30Z,SEA,Amari Kight,00-0040059,4567135,3WR 1TE,RT,7,2
2026-07-31T09:40:30Z,SEA,Drew Lock,00-0035704,3924327,3WR 1TE,QB,9,2
2026-07-31T09:40:30Z,SEA,Elijah Arroyo,00-0040739,4678006,3WR 1TE,TE,10,2
2026-07-31T09:40:30Z,SEA,Jadarian Price,00-0041512,4685512,3WR 1TE,RB,11,2
2026-07-31T09:40:30Z,SEA,Brady Russell,00-0038488,4243176,3WR 1TE,FB,12,2
2026-07-31T09:40:30Z,SEA,Cooper Kupp,00-0033908,2977187,3WR 1TE,WR,8,3
2026-07-31T09:40:30Z,SEA,Logan Brown,00-0040495,4570075,3WR 1TE,LT,3,3
2026-07-31T09:40:30Z,SEA,Federico Maranges,00-0040764,4430070,3WR 1TE,C,5,3
2026-07-31T09:40:30Z,SEA,Bryce Cabeldue,00-0040650,4612077,3WR 1TE,RG,6,3
2026-07-31T09:40:30Z,SEA,Mason Richman,00-0040652,4432525,3WR 1TE,RT,7,3
2026-07-31T09:40:30Z,SEA,Jalen Milroe,00-0040673,4432734,3WR 1TE,QB,9,3
2026-07-31T09:40:30Z,SEA,Eric Saubert,00-0033576,2975863,3WR 1TE,TE,10,3
2026-07-31T09:40:30Z,SEA,George Holani,00-0039299,4429835,3WR 1TE,RB,11,3
2026-07-31T09:40:30Z,SEA,Tory Horton,00-0040648,4597703,3WR 1TE,WR,1,4
2026-07-31T09:40:30Z,SEA,Bobby Hart,00-0031622,2576789,3WR 1TE,RT,7,4
2026-07-31T09:40:30Z,SEA,Nick Vannett,00-0032394,2576399,3WR 1TE,TE,10,4
2026-07-31T09:40:30Z,SEA,Emanuel Wilson,00-0038797,4887558,3WR 1TE,RB,11,4
2026-07-31T09:40:30Z,SEA,Jake Bobo,00-0038752,4360405,3WR 1TE,WR,2,5
2026-07-31T09:40:30Z,SEA,Nick Kallerup,00-0040058,4569547,3WR 1TE,TE,10,5
2026-07-31T09:40:30Z,SEA,Velus Jones Jr.,00-0037745,4035693,3WR 1TE,RB,11,5
2026-07-31T09:40:30Z,SEA,Emmanuel Henderson Jr.,00-0040895,4685381,3WR 1TE,WR,8,6
2026-07-31T09:40:30Z,SEA,Lance Mason,00-0040974,5097854,3WR 1TE,TE,10,6
2026-07-31T09:40:30Z,SEA,Jacardia Wright,00-0040067,4428943,3WR 1TE,RB,11,6
2026-07-31T09:40:30Z,SEA,Cody White,00-0035891,4241983,3WR 1TE,WR,1,7
2026-07-31T09:40:30Z,SEA,Ricky White III,00-0040653,4431479,3WR 1TE,WR,2,8
2026-07-31T09:40:30Z,SEA,Irv Charles,00-0037156,3929636,3WR 1TE,WR,8,9
2026-07-31T09:40:30Z,SEA,Montorie Foster Jr.,00-0040621,4600597,3WR 1TE,WR,1,10
2026-07-31T09:40:30Z,SEA,Rashad Rochelle,00-0041476,4700149,3WR 1TE,WR,2,11
2026-07-31T09:40:30Z,SEA,Kyre Duplessis,,4708621,3WR 1TE,WR,8,12
2026-07-31T09:40:30Z,SF,C.J. West,00-0040711,4686308,Base 3-4 D,LDE,1,1
2026-07-31T09:40:30Z,SF,Alfred Collins,00-0040721,4430835,Base 3-4 D,NT,2,1
2026-07-31T09:40:30Z,SF,Osa Odighizuwa,00-0036942,4035840,Base 3-4 D,RDE,3,1
2026-07-31T09:40:30Z,SF,Nick Bosa,00-0035717,4040605,Base 3-4 D,WLB,4,1
2026-07-31T09:40:30Z,SF,Dre Greenlaw,00-0034982,3916903,Base 3-4 D,LILB,5,1
2026-07-31T09:40:30Z,SF,Fred Warner,00-0034815,3138826,Base 3-4 D,RILB,6,1
2026-07-31T09:40:30Z,SF,Mykel Williams,00-0040660,4685623,Base 3-4 D,SLB,7,1
2026-07-31T09:40:30Z,SF,Deommodore Lenoir,00-0036563,4242488,Base 3-4 D,LCB,8,1
2026-07-31T09:40:30Z,SF,Ji'Ayir Brown,00-0038554,4693644,Base 3-4 D,SS,9,1
2026-07-31T09:40:30Z,SF,Malik Mustapha,00-0039360,4696211,Base 3-4 D,FS,10,1
2026-07-31T09:40:30Z,SF,Renardo Green,00-0039345,4427325,Base 3-4 D,RCB,11,1
2026-07-31T09:40:30Z,SF,Upton Stout,00-0040152,4565200,Base 3-4 D,NB,12,1
2026-07-31T09:40:30Z,SF,Sebastian Valdez,00-0040560,4775220,Base 3-4 D,LDE,1,2
2026-07-31T09:40:30Z,SF,Bryson Eason,00-0041358,4431561,Base 3-4 D,NT,2,2
2026-07-31T09:40:30Z,SF,Kevin Givens,00-0035026,3929641,Base 3-4 D,RDE,3,2
2026-07-31T09:40:30Z,SF,Sam Okuayinonu,00-0037602,4569497,Base 3-4 D,WLB,4,2
2026-07-31T09:40:30Z,SF,Luke Gifford,00-0035413,3116097,Base 3-4 D,LILB,5,2
2026-07-31T09:40:30Z,SF,Tatum Bethune,00-0039435,4426698,Base 3-4 D,RILB,6,2
2026-07-31T09:40:30Z,SF,Keion White,00-0039148,4243493,Base 3-4 D,SLB,7,2
2026-07-31T09:40:30Z,SF,Jack Jones,00-0038039,4035686,Base 3-4 D,LCB,8,2
2026-07-31T09:40:30Z,SF,Marques Sigle,00-0040185,4693337,Base 3-4 D,SS,9,2
2026-07-31T09:40:30Z,SF,Ashtyn Davis,00-0036329,3858271,Base 3-4 D,FS,10,2
2026-07-31T09:40:30Z,SF,Nate Hobbs,00-0036871,4240542,Base 3-4 D,RCB,11,2
2026-07-31T09:40:30Z,SF,Siran Neal,00-0034391,3057524,Base 3-4 D,NB,12,2
2026-07-31T09:40:30Z,SF,James Thompson Jr.,THO581952,4693371,Base 3-4 D,LDE,1,3
2026-07-31T09:40:30Z,SF,Gracen Halton,00-0041557,4685369,Base 3-4 D,RDE,3,3
2026-07-31T09:40:30Z,SF,Romello Height,00-0041556,4432244,Base 3-4 D,WLB,4,3
2026-07-31T09:40:30Z,SF,Garret Wallow,00-0036844,4241807,Base 3-4 D,LILB,5,3
2026-07-31T09:40:30Z,SF,Jaden Dugger,00-0041078,5086161,Base 3-4 D,RILB,6,3
2026-07-31T09:40:30Z,SF,Cameron Sample,00-0036850,4243923,Base 3-4 D,SLB,7,3
2026-07-31T09:40:30Z,SF,Darrell Luter Jr.,00-0038594,4685978,Base 3-4 D,LCB,8,3
2026-07-31T09:40:30Z,SF,Jalen Stroman,00-0041362,4683155,Base 3-4 D,SS,9,3
2026-07-31T09:40:30Z,SF,Derrick Canteen,00-0040659,4429366,Base 3-4 D,FS,10,3
2026-07-31T09:40:30Z,SF,Ephesians Prysock,00-0041068,4685523,Base 3-4 D,RCB,11,3
2026-07-31T09:40:30Z,SF,KJ Henry,00-0038581,4360308,Base 3-4 D,WLB,4,4
2026-07-31T09:40:30Z,SF,Nick Martin,00-0040135,4573188,Base 3-4 D,LILB,5,4
2026-07-31T09:40:30Z,SF,Jalen Graham,00-0038648,4570410,Base 3-4 D,RILB,6,4
2026-07-31T09:40:30Z,SF,Quinton Bell,00-0035000,3933407,Base 3-4 D,SLB,7,4
2026-07-31T09:40:30Z,SF,Eli Apple,00-0032379,3040506,Base 3-4 D,LCB,8,4
2026-07-31T09:40:30Z,SF,Patrick McMorris,00-0039881,4430158,Base 3-4 D,FS,10,4
2026-07-31T09:40:30Z,SF,Jakob Robinson,00-0040559,4612272,Base 3-4 D,RCB,11,4
2026-07-31T09:40:30Z,SF,Mikail Kamara,00-0041360,4696051,Base 3-4 D,WLB,4,5
2026-07-31T09:40:30Z,SF,William Bradley-King,00-0036664,4036476,Base 3-4 D,SLB,7,5
2026-07-31T09:40:30Z,SF,Larry Worth III,00-0041406,5085268,Base 3-4 D,FS,10,5
2026-07-31T09:40:30Z,SF,Andrew Farmer II,00-0038865,4394894,Base 3-4 D,WLB,4,6
2026-07-31T09:40:30Z,SF,Darrick Forrest,00-0036638,4239088,Base 3-4 D,FS,10,6
2026-07-31T09:40:30Z,SF,Eddy Pineiro,00-0034173,4034949,Special Teams,PK,1,1
2026-07-31T09:40:30Z,SF,Corliss Waitman,00-0035821,3125280,Special Teams,P,2,1
2026-07-31T09:40:30Z,SF,Corliss Waitman,00-0035821,3125280,Special Teams,H,3,1
2026-07-31T09:40:30Z,SF,Jacob Cowing,00-0039365,4575665,Special Teams,PR,4,1
2026-07-31T09:40:30Z,SF,Isaac Guerendo,00-0039363,4372561,Special Teams,KR,5,1
2026-07-31T09:40:30Z,SF,Jon Weeks,00-0027224,13729,Special Teams,LS,6,1
2026-07-31T09:40:30Z,SF,Jack Bouwmeester,00-0041560,4426752,Special Teams,P,2,2
2026-07-31T09:40:30Z,SF,Jack Bouwmeester,00-0041560,4426752,Special Teams,H,3,2
2026-07-31T09:40:30Z,SF,Ricky Pearsall,00-0039916,4428209,Special Teams,PR,4,2
2026-07-31T09:40:30Z,SF,Jacob Cowing,00-0039365,4575665,Special Teams,KR,5,2
2026-07-31T09:40:30Z,SF,Jordan Watkins,00-0040172,4431466,Special Teams,PR,4,3
2026-07-31T09:40:30Z,SF,Mike Evans,00-0031408,16737,3WR 1TE,WR,1,1
2026-07-31T09:40:30Z,SF,Trent Williams,00-0027857,13241,3WR 1TE,LT,3,1
2026-07-31T09:40:30Z,SF,Robert Jones,00-0036596,4570495,3WR 1TE,LG,4,1
2026-07-31T09:40:30Z,SF,Jake Brendel,00-0032701,2577185,3WR 1TE,C,5,1
2026-07-31T09:40:30Z,SF,Dominick Puni,00-0039351,5092959,3WR 1TE,RG,6,1
2026-07-31T09:40:30Z,SF,Colton McKivitz,00-0036256,3916075,3WR 1TE,RT,7,1
2026-07-31T09:40:30Z,SF,Brock Purdy,00-0037834,4361741,3WR 1TE,QB,9,1
2026-07-31T09:40:30Z,SF,George Kittle,00-0033288,3040151,3WR 1TE,TE,10,1
2026-07-31T09:40:30Z,SF,Christian McCaffrey,00-0033280,3117251,3WR 1TE,RB,11,1
2026-07-31T09:40:30Z,SF,Kyle Juszczyk,00-0029892,16002,3WR 1TE,FB,12,1
2026-07-31T09:40:30Z,SF,Ricky Pearsall,00-0039916,4428209,3WR 1TE,WR,2,2
2026-07-31T09:40:30Z,SF,Austen Pleasants,00-0035829,3920814,3WR 1TE,LT,3,2
2026-07-31T09:40:30Z,SF,Connor Colby,00-0040245,4431523,3WR 1TE,LG,4,2
2026-07-31T09:40:30Z,SF,Brett Toth,00-0035743,3129116,3WR 1TE,C,5,2
2026-07-31T09:40:30Z,SF,Carver Willis,00-0041061,4565779,3WR 1TE,RG,6,2
2026-07-31T09:40:30Z,SF,Enrique Cruz Jr.,00-0041090,4691556,3WR 1TE,RT,7,2
2026-07-31T09:40:30Z,SF,Mac Jones,00-0036972,4241464,3WR 1TE,QB,9,2
2026-07-31T09:40:30Z,SF,Jake Tonges,00-0037112,4259147,3WR 1TE,TE,10,2
2026-07-31T09:40:30Z,SF,Jordan James,00-0040177,4685397,3WR 1TE,RB,11,2
2026-07-31T09:40:30Z,SF,Christian Kirk,00-0034775,3895856,3WR 1TE,WR,8,3
2026-07-31T09:40:30Z,SF,Vederian Lowe,00-0037287,4240554,3WR 1TE,LT,3,3
2026-07-31T09:40:30Z,SF,Nick Zakelj,00-0037831,4247590,3WR 1TE,LG,4,3
2026-07-31T09:40:30Z,SF,Drake Nugent,00-0039700,4428144,3WR 1TE,C,5,3
2026-07-31T09:40:30Z,SF,Brandon Parker,00-0034763,3072292,3WR 1TE,RT,7,3
2026-07-31T09:40:30Z,SF,Kurtis Rourke,00-0040589,4430431,3WR 1TE,QB,9,3
2026-07-31T09:40:30Z,SF,Luke Farrell,00-0036887,4040612,3WR 1TE,TE,10,3
2026-07-31T09:40:30Z,SF,Kaelon Black,00-0041052,4696044,3WR 1TE,RB,11,3
2026-07-31T09:40:30Z,SF,Deebo Samuel,00-0035719,3126486,3WR 1TE,WR,1,4
2026-07-31T09:40:30Z,SF,Isaac Alarcon,00-0036448,4686629,3WR 1TE,LT,3,4
2026-07-31T09:40:30Z,SF,Adrian Martinez,00-0038658,4361182,3WR 1TE,QB,9,4
2026-07-31T09:40:30Z,SF,Brayden Willis,00-0038643,4360290,3WR 1TE,TE,10,4
2026-07-31T09:40:30Z,SF,Isaac Guerendo,00-0039363,4372561,3WR 1TE,RB,11,4
2026-07-31T09:40:30Z,SF,De'Zhaun Stribling,00-0041035,4710714,3WR 1TE,WR,2,5
2026-07-31T09:40:30Z,SF,Hayden Rucci,00-0039489,4428396,3WR 1TE,TE,10,5
2026-07-31T09:40:30Z,SF,Patrick Taylor Jr.,00-0035973,4039358,3WR 1TE,RB,11,5
2026-07-31T09:40:30Z,SF,Demarcus Robinson,00-0032775,3043116,3WR 1TE,WR,8,6
2026-07-31T09:40:30Z,SF,Tanner McLachlan,00-0039399,4384171,3WR 1TE,TE,10,6
2026-07-31T09:40:30Z,SF,Sincere McCormick,00-0037509,4430104,3WR 1TE,RB,11,6
2026-07-31T09:40:30Z,SF,Jordan Watkins,00-0040172,4431466,3WR 1TE,WR,1,7
2026-07-31T09:40:30Z,SF,Jacob Cowing,00-0039365,4575665,3WR 1TE,WR,2,8
2026-07-31T09:40:30Z,SF,Brandon Aiyuk,00-0036261,4360438,3WR 1TE,WR,8,9
2026-07-31T09:40:30Z,SF,Malik Turner,00-0034867,3115928,3WR 1TE,WR,1,10
2026-07-31T09:40:30Z,SF,Colton Dowell,00-0038632,4250945,3WR 1TE,WR,2,11
2026-07-31T09:40:30Z,SF,Junior Bergen,00-0040247,4887918,3WR 1TE,WR,8,12
2026-07-31T09:40:30Z,SF,Wesley Grimes,00-0041359,4888723,3WR 1TE,WR,1,13
2026-07-31T09:40:30Z,SF,Will Pauling,00-0041361,4683114,3WR 1TE,WR,2,14
2026-07-31T09:40:30Z,TB,Elijah Roberts,00-0040183,4690795,Base 3-4 D,LDE,1,1
2026-07-31T09:40:30Z,TB,Vita Vea,00-0034773,3134362,Base 3-4 D,NT,2,1
2026-07-31T09:40:30Z,TB,A'Shawn Robinson,00-0032889,3054857,Base 3-4 D,RDE,3,1
2026-07-31T09:40:30Z,TB,Rueben Bain Jr.,00-0041031,4870617,Base 3-4 D,WLB,4,1
2026-07-31T09:40:30Z,TB,Alex Anzalone,00-0033914,3043107,Base 3-4 D,LILB,5,1
2026-07-31T09:40:30Z,TB,Christian Rozeboom,00-0035942,3909013,Base 3-4 D,RILB,6,1
2026-07-31T09:40:30Z,TB,Yaya Diaby,00-0039068,4686334,Base 3-4 D,SLB,7,1
2026-07-31T09:40:30Z,TB,Zyon McCollum,00-0037268,4250392,Base 3-4 D,LCB,8,1
2026-07-31T09:40:30Z,TB,Tykee Smith,00-0039846,4428522,Base 3-4 D,SS,9,1
2026-07-31T09:40:30Z,TB,Antoine Winfield Jr.,00-0036411,4034790,Base 3-4 D,FS,10,1
2026-07-31T09:40:30Z,TB,Benjamin Morrison,00-0040747,4816107,Base 3-4 D,RCB,11,1
2026-07-31T09:40:30Z,TB,Jacob Parrish,00-0040143,4912847,Base 3-4 D,NB,12,1
2026-07-31T09:40:30Z,TB,Calijah Kancey,00-0039063,4427673,Base 3-4 D,LDE,1,2
2026-07-31T09:40:30Z,TB,Elijah Simmons,00-0040384,4430478,Base 3-4 D,NT,2,2
2026-07-31T09:40:30Z,TB,Rakeem Nunez-Roches,00-0031957,2575453,Base 3-4 D,RDE,3,2
2026-07-31T09:40:30Z,TB,Anthony Nelson,00-0035254,3894856,Base 3-4 D,WLB,4,2
2026-07-31T09:40:30Z,TB,Josiah Trotter,00-0041502,4870998,Base 3-4 D,LILB,5,2
2026-07-31T09:40:30Z,TB,SirVocea Dennis,00-0039049,4429511,Base 3-4 D,RILB,6,2
2026-07-31T09:40:30Z,TB,Al-Quadin Muhammad,00-0033964,3051942,Base 3-4 D,SLB,7,2
2026-07-31T09:40:30Z,TB,Damarion Williams,00-0037984,4567480,Base 3-4 D,LCB,8,2
2026-07-31T09:40:30Z,TB,Miles Killebrew,00-0032399,2575164,Base 3-4 D,SS,9,2
2026-07-31T09:40:30Z,TB,Ifeatu Melifonwu,00-0036993,4240401,Base 3-4 D,FS,10,2
2026-07-31T09:40:30Z,TB,Josh Hayes,00-0039051,4248533,Base 3-4 D,RCB,11,2
2026-07-31T09:40:30Z,TB,Keionte Scott,00-0041057,5093694,Base 3-4 D,NB,12,2
2026-07-31T09:40:30Z,TB,Deshawn McKnight,00-0041339,4683248,Base 3-4 D,LDE,1,3
2026-07-31T09:40:30Z,TB,Jayson Jones,00-0040105,4431184,Base 3-4 D,NT,2,3
2026-07-31T09:40:30Z,TB,Josiah Green,00-0041254,4878213,Base 3-4 D,RDE,3,3
2026-07-31T09:40:30Z,TB,Chris Braswell,00-0039902,4428989,Base 3-4 D,WLB,4,3
2026-07-31T09:40:30Z,TB,John Bullock,00-0040416,4569563,Base 3-4 D,LILB,5,3
2026-07-31T09:40:30Z,TB,Nick Jackson,00-0040625,4568492,Base 3-4 D,RILB,6,3
2026-07-31T09:40:30Z,TB,Mohamed Kamara,00-0039877,4427677,Base 3-4 D,SLB,7,3
2026-07-31T09:40:30Z,TB,JJ Roberts,00-0040425,4566165,Base 3-4 D,SS,9,3
2026-07-31T09:40:30Z,TB,Rashad Wisdom,00-0039596,4428917,Base 3-4 D,FS,10,3
2026-07-31T09:40:30Z,TB,Ayden Garnes,00-0041253,4890885,Base 3-4 D,RCB,11,3
2026-07-31T09:40:30Z,TB,Chase Lucas,00-0037321,4047846,Base 3-4 D,NB,12,3
2026-07-31T09:40:30Z,TB,DeMonte Capehart,00-0041079,4429007,Base 3-4 D,NT,2,4
2026-07-31T09:40:30Z,TB,David Walker,00-0040158,5085355,Base 3-4 D,WLB,4,4
2026-07-31T09:40:30Z,TB,Caden Fordham,00-0041338,4683096,Base 3-4 D,LILB,5,4
2026-07-31T09:40:30Z,TB,Javin Wright,00-0041424,4428941,Base 3-4 D,RILB,6,4
2026-07-31T09:40:30Z,TB,Jack Pyburn,00-0041256,4837252,Base 3-4 D,SLB,7,4
2026-07-31T09:40:30Z,TB,Marcus Banks,00-0039582,4567109,Base 3-4 D,FS,10,4
2026-07-31T09:40:30Z,TB,Kemon Hall,00-0035542,4243831,Base 3-4 D,NB,12,4
2026-07-31T09:40:30Z,TB,Travis Shaw,,4685551,Base 3-4 D,NT,2,5
2026-07-31T09:40:30Z,TB,Yasir Holmes,00-0041434,5225091,Base 3-4 D,WLB,4,5
2026-07-31T09:40:30Z,TB,Chase McLaughlin,00-0035358,3150744,Special Teams,PK,1,1
2026-07-31T09:40:30Z,TB,Riley Dixon,00-0032943,2577619,Special Teams,P,2,1
2026-07-31T09:40:30Z,TB,Riley Dixon,00-0032943,2577619,Special Teams,H,3,1
2026-07-31T09:40:30Z,TB,Kameron Johnson,00-0039589,5097554,Special Teams,PR,4,1
2026-07-31T09:40:30Z,TB,Kenny Gainwell,00-0036919,4371733,Special Teams,KR,5,1
2026-07-31T09:40:30Z,TB,Evan Deckers,00-0038817,4361727,Special Teams,LS,6,1
2026-07-31T09:40:30Z,TB,B.T. Potter,00-0038748,4360317,Special Teams,PK,1,2
2026-07-31T09:40:30Z,TB,Tez Johnson,00-0040237,4608810,Special Teams,PR,4,2
2026-07-31T09:40:30Z,TB,Kameron Johnson,00-0039589,5097554,Special Teams,KR,5,2
2026-07-31T09:40:30Z,TB,Scott Daly,00-0034067,2980138,Special Teams,LS,6,2
2026-07-31T09:40:30Z,TB,Sean Tucker,00-0038951,4430871,Special Teams,KR,5,3
2026-07-31T09:40:30Z,TB,Josh Williams,00-0040429,4568024,Special Teams,KR,5,4
2026-07-31T09:40:30Z,TB,Emeka Egbuka,00-0040129,4567750,3WR 1TE,WR,1,1
2026-07-31T09:40:30Z,TB,Tristan Wirfs,00-0036406,4240589,3WR 1TE,LT,3,1
2026-07-31T09:40:30Z,TB,Ben Bredeson,00-0036132,4046551,3WR 1TE,LG,4,1
2026-07-31T09:40:30Z,TB,Graham Barton,00-0039905,4429251,3WR 1TE,C,5,1
2026-07-31T09:40:30Z,TB,Cody Mauch,00-0039157,4248545,3WR 1TE,RG,6,1
2026-07-31T09:40:30Z,TB,Luke Goedeke,00-0037835,4380507,3WR 1TE,RT,7,1
2026-07-31T09:40:30Z,TB,Baker Mayfield,00-0034855,3052587,3WR 1TE,QB,9,1
2026-07-31T09:40:30Z,TB,Cade Otton,00-0038129,4243331,3WR 1TE,TE,10,1
2026-07-31T09:40:30Z,TB,Bucky Irving,00-0039361,4596448,3WR 1TE,RB,11,1
2026-07-31T09:40:30Z,TB,Chris Godwin Jr.,00-0033921,3116165,3WR 1TE,WR,2,2
2026-07-31T09:40:30Z,TB,Benjamin Chukwuma,00-0040417,4690787,3WR 1TE,LT,3,2
2026-07-31T09:40:30Z,TB,Elijah Klein,00-0039411,4362066,3WR 1TE,LG,4,2
2026-07-31T09:40:30Z,TB,Ben Scott,00-0040427,4569202,3WR 1TE,C,5,2
2026-07-31T09:40:30Z,TB,Dan Feeney,00-0033910,2979482,3WR 1TE,RG,6,2
2026-07-31T09:40:30Z,TB,Justin Skule,00-0034989,3915777,3WR 1TE,RT,7,2
2026-07-31T09:40:30Z,TB,Jake Browning,00-0035100,3886812,3WR 1TE,QB,9,2
2026-07-31T09:40:30Z,TB,Payne Durham,00-0039050,4372505,3WR 1TE,TE,10,2
2026-07-31T09:40:30Z,TB,Kenny Gainwell,00-0036919,4371733,3WR 1TE,RB,11,2
2026-07-31T09:40:30Z,TB,Jalen McMillan,00-0039855,4430834,3WR 1TE,WR,8,3
2026-07-31T09:40:30Z,TB,Marshall Foerner,00-0040349,4608357,3WR 1TE,LT,3,3
2026-07-31T09:40:30Z,TB,Billy Schrauth,00-0041082,4685549,3WR 1TE,LG,4,3
2026-07-31T09:40:30Z,TB,Luke Haggard,00-0038818,4686884,3WR 1TE,RG,6,3
2026-07-31T09:40:30Z,TB,Paul Rubelt,RUB171606,4567896,3WR 1TE,RT,7,3
2026-07-31T09:40:30Z,TB,Connor Bazelak,00-0040415,4426444,3WR 1TE,QB,9,3
2026-07-31T09:40:30Z,TB,Ko Kieft,00-0037311,4034779,3WR 1TE,TE,10,3
2026-07-31T09:40:30Z,TB,Sean Tucker,00-0038951,4430871,3WR 1TE,RB,11,3
2026-07-31T09:40:30Z,TB,Ted Hurst III,00-0041048,5220680,3WR 1TE,WR,1,4
2026-07-31T09:40:30Z,TB,Nash Hutmacher,00-0040420,4431153,3WR 1TE,LG,4,4
2026-07-31T09:40:30Z,TB,Henry Lutovsky,00-0041255,4594329,3WR 1TE,RG,6,4
2026-07-31T09:40:30Z,TB,Jalon Daniels,00-0041251,4596472,3WR 1TE,QB,9,4
2026-07-31T09:40:30Z,TB,Bauer Sharp,00-0041094,4890373,3WR 1TE,TE,10,4
2026-07-31T09:40:30Z,TB,Josh Williams,00-0040429,4568024,3WR 1TE,RB,11,4
2026-07-31T09:40:30Z,TB,Tez Johnson,00-0040237,4608810,3WR 1TE,WR,2,5
2026-07-31T09:40:30Z,TB,Devin Culp,00-0039754,4361112,3WR 1TE,TE,10,5
2026-07-31T09:40:30Z,TB,Kadarius Calloway,00-0041433,5151965,3WR 1TE,RB,11,5
2026-07-31T09:40:30Z,TB,Kameron Johnson,00-0039589,5097554,3WR 1TE,WR,8,6
2026-07-31T09:40:30Z,TB,Kenny Fletcher Jr.,00-0041252,4746099,3WR 1TE,TE,10,6
2026-07-31T09:40:30Z,TB,David Sills V,00-0035359,3871102,3WR 1TE,WR,1,7
2026-07-31T09:40:30Z,TB,Dennis Houston,00-0037570,4572786,3WR 1TE,WR,2,8
2026-07-31T09:40:30Z,TB,Garrett Greene,00-0040419,4429847,3WR 1TE,WR,8,9
2026-07-31T09:40:30Z,TB,Eric Rivers Jr.,00-0041257,4713277,3WR 1TE,WR,1,10
2026-07-31T09:40:30Z,TB,Dean Patterson,00-0041435,4875613,3WR 1TE,WR,2,11
2026-07-31T09:40:30Z,TEN,John Franklin-Myers,00-0034805,3120464,Base 4-3 D,LDE,1,1
2026-07-31T09:40:30Z,TEN,Jeffery Simmons,00-0035643,4035369,Base 4-3 D,LDT,2,1
2026-07-31T09:40:30Z,TEN,Jordan Elliott,00-0036266,4039052,Base 4-3 D,RDT,3,1
2026-07-31T09:40:30Z,TEN,Jermaine Johnson II,00-0037663,4567962,Base 4-3 D,RDE,4,1
2026-07-31T09:40:30Z,TEN,Cedric Gray,00-0039858,4429834,Base 4-3 D,WLB,5,1
2026-07-31T09:40:30Z,TEN,Cody Barton,00-0035672,3926229,Base 4-3 D,MLB,6,1
2026-07-31T09:40:30Z,TEN,James Williams Sr.,00-0039430,4431613,Base 4-3 D,SLB,7,1
2026-07-31T09:40:30Z,TEN,Cor'Dale Flott,00-0037758,4429607,Base 4-3 D,LCB,8,1
2026-07-31T09:40:30Z,TEN,Amani Hooker,00-0035632,4036134,Base 4-3 D,SS,9,1
2026-07-31T09:40:30Z,TEN,Kevin Winston Jr.,00-0040141,4685617,Base 4-3 D,FS,10,1
2026-07-31T09:40:30Z,TEN,Alontae Taylor,00-0038121,4369835,Base 4-3 D,RCB,11,1
2026-07-31T09:40:30Z,TEN,Marcus Harris,00-0040201,4570469,Base 4-3 D,NB,12,1
2026-07-31T09:40:30Z,TEN,Keldric Faulk,00-0041508,4870707,Base 4-3 D,LDE,1,2
2026-07-31T09:40:30Z,TEN,Jackie Marshall,00-0040892,5081785,Base 4-3 D,LDT,2,2
2026-07-31T09:40:30Z,TEN,Solomon Thomas,00-0033870,3117258,Base 4-3 D,RDT,3,2
2026-07-31T09:40:30Z,TEN,Jacob Martin,00-0034163,3138764,Base 4-3 D,RDE,4,2
2026-07-31T09:40:30Z,TEN,Mohamoud Diabate,00-0038711,4567403,Base 4-3 D,WLB,5,2
2026-07-31T09:40:30Z,TEN,Anthony Hill Jr.,00-0041479,4870805,Base 4-3 D,MLB,6,2
2026-07-31T09:40:30Z,TEN,Keydrain Calligan,00-0040674,4606181,Base 4-3 D,LCB,8,2
2026-07-31T09:40:30Z,TEN,Kendell Brooks,00-0038703,4585317,Base 4-3 D,SS,9,2
2026-07-31T09:40:30Z,TEN,Tony Adams,00-0037155,4240532,Base 4-3 D,FS,10,2
2026-07-31T09:40:30Z,TEN,Joshua Williams,00-0038043,4917635,Base 4-3 D,RCB,11,2
2026-07-31T09:40:30Z,TEN,Jalen McMurray,00-0040917,4683455,Base 4-3 D,NB,12,2
2026-07-31T09:40:30Z,TEN,Oluwafemi Oladejo,00-0040752,4876057,Base 4-3 D,LDE,1,3
2026-07-31T09:40:30Z,TEN,Cam Horsley,00-0040517,4431147,Base 4-3 D,LDT,2,3
2026-07-31T09:40:30Z,TEN,Earnest Brown IV,00-0036855,4242292,Base 4-3 D,RDT,3,3
2026-07-31T09:40:30Z,TEN,Jalyn Holmes,00-0034264,3121414,Base 4-3 D,RDE,4,3
2026-07-31T09:40:30Z,TEN,Dorian Mausi,00-0040503,4573318,Base 4-3 D,MLB,6,3
2026-07-31T09:40:30Z,TEN,Nazeeh Johnson,00-0037198,4043625,Base 4-3 D,LCB,8,3
2026-07-31T09:40:30Z,TEN,Hudson Clark,,4567158,Base 4-3 D,SS,9,3
2026-07-31T09:40:30Z,TEN,Erick Hallett II,00-0038620,4373320,Base 4-3 D,FS,10,3
2026-07-31T09:40:30Z,TEN,Micah Robinson,00-0040020,4695280,Base 4-3 D,RCB,11,3
2026-07-31T09:40:30Z,TEN,Jaylen Harrell,00-0039436,4429058,Base 4-3 D,LDE,1,4
2026-07-31T09:40:30Z,TEN,Timmy Horne,00-0037585,4045701,Base 4-3 D,LDT,2,4
2026-07-31T09:40:30Z,TEN,Truman Jones,00-0038514,4367828,Base 4-3 D,RDE,4,4
2026-07-31T09:40:30Z,TEN,Shad Banks Jr.,00-0040911,4431158,Base 4-3 D,MLB,6,4
2026-07-31T09:40:30Z,TEN,Jeadyn Lukus,00-0040915,4685444,Base 4-3 D,LCB,8,4
2026-07-31T09:40:30Z,TEN,Jerrick Reed II,00-0038613,4570084,Base 4-3 D,FS,10,4
2026-07-31T09:40:30Z,TEN,David Ebuka Agoha,00-0039177,5144941,Base 4-3 D,LDE,1,5
2026-07-31T09:40:30Z,TEN,Malik Herring,00-0036682,4259547,Base 4-3 D,RDE,4,5
2026-07-31T09:40:30Z,TEN,Mani Powell,00-0040920,4833031,Base 4-3 D,MLB,6,5
2026-07-31T09:40:30Z,TEN,Bishop Fitzgerald,00-0040914,5151810,Base 4-3 D,FS,10,5
2026-07-31T09:40:30Z,TEN,Sean Brown,00-0040913,4684139,Base 4-3 D,MLB,6,6
2026-07-31T09:40:30Z,TEN,Joey Slye,00-0035192,3124084,Special Teams,PK,1,1
2026-07-31T09:40:30Z,TEN,Tommy Townsend,00-0035889,3915398,Special Teams,P,2,1
2026-07-31T09:40:30Z,TEN,Tommy Townsend,00-0035889,3915398,Special Teams,H,3,1
2026-07-31T09:40:30Z,TEN,Chimere Dike,00-0040705,4431268,Special Teams,PR,4,1
2026-07-31T09:40:30Z,TEN,Chimere Dike,00-0040705,4431268,Special Teams,KR,5,1
2026-07-31T09:40:30Z,TEN,Morgan Cox,00-0027557,13848,Special Teams,LS,6,1
2026-07-31T09:40:30Z,TEN,Mason Kinsey,00-0036176,4057082,Special Teams,PR,4,2
2026-07-31T09:40:30Z,TEN,Julius Chestnut,00-0037594,4367567,Special Teams,KR,5,2
2026-07-31T09:40:30Z,TEN,Carnell Tate,00-0041438,4871023,3WR 1TE,WR,1,1
2026-07-31T09:40:30Z,TEN,Dan Moore Jr.,00-0036869,4240920,3WR 1TE,LT,3,1
2026-07-31T09:40:30Z,TEN,Peter Skoronski,00-0039034,4429100,3WR 1TE,LG,4,1
2026-07-31T09:40:30Z,TEN,Austin Schlottmann,00-0034112,4038544,3WR 1TE,C,5,1
2026-07-31T09:40:30Z,TEN,Cordell Volson,00-0038095,4040950,3WR 1TE,RG,6,1
2026-07-31T09:40:30Z,TEN,JC Latham,00-0039731,4431437,3WR 1TE,RT,7,1
2026-07-31T09:40:30Z,TEN,Cam Ward,00-0040676,4688380,3WR 1TE,QB,9,1
2026-07-31T09:40:30Z,TEN,Gunnar Helm,00-0040584,4686728,3WR 1TE,TE,10,1
2026-07-31T09:40:30Z,TEN,Tony Pollard,00-0035261,3916148,3WR 1TE,RB,11,1
2026-07-31T09:40:30Z,TEN,Wan'Dale Robinson,00-0038117,4569587,3WR 1TE,WR,2,2
2026-07-31T09:40:30Z,TEN,Austin Deculus,00-0037302,4242229,3WR 1TE,LT,3,2
2026-07-31T09:40:30Z,TEN,Fernando Carmona,00-0040881,4710000,3WR 1TE,LG,4,2
2026-07-31T09:40:30Z,TEN,Pat Coogan,00-0040893,4596542,3WR 1TE,C,5,2
2026-07-31T09:40:30Z,TEN,Jackson Slater,00-0040190,4876319,3WR 1TE,RG,6,2
2026-07-31T09:40:30Z,TEN,Brandon Crenshaw-Dickson,00-0040512,4426987,3WR 1TE,RT,7,2
2026-07-31T09:40:30Z,TEN,Mitchell Trubisky,00-0033869,3039707,3WR 1TE,QB,9,2
2026-07-31T09:40:30Z,TEN,Daniel Bellinger,00-0038115,4361516,3WR 1TE,TE,10,2
2026-07-31T09:40:30Z,TEN,Tyjae Spears,00-0039032,4428557,3WR 1TE,RB,11,2
2026-07-31T09:40:30Z,TEN,Calvin Ridley,00-0034837,3925357,3WR 1TE,WR,8,3
2026-07-31T09:40:30Z,TEN,Rasheed Miller,00-0040918,4568699,3WR 1TE,LT,3,3
2026-07-31T09:40:30Z,TEN,Drew Moss,00-0040557,4879480,3WR 1TE,LG,4,3
2026-07-31T09:40:30Z,TEN,Andre James,00-0035127,3932244,3WR 1TE,C,5,3
2026-07-31T09:40:30Z,TEN,Garrett Dellinger,00-0040079,4431252,3WR 1TE,RG,6,3
2026-07-31T09:40:30Z,TEN,Aamil Wagner,00-0040921,4685564,3WR 1TE,RT,7,3
2026-07-31T09:40:30Z,TEN,Will Levis,00-0039152,4361418,3WR 1TE,QB,9,3
2026-07-31T09:40:30Z,TEN,Kylen Granson,00-0036876,4039160,3WR 1TE,TE,10,3
2026-07-31T09:40:30Z,TEN,Nicholas Singleton,00-0040886,4685555,3WR 1TE,RB,11,3
2026-07-31T09:40:30Z,TEN,Chimere Dike,00-0040705,4431268,3WR 1TE,WR,1,4
2026-07-31T09:40:30Z,TEN,Zach Thomas,00-0037618,4036834,3WR 1TE,RG,6,4
2026-07-31T09:40:30Z,TEN,Hendon Hooker,00-0038550,4240858,3WR 1TE,QB,9,4
2026-07-31T09:40:30Z,TEN,Jaren Kanak,00-0040901,4877034,3WR 1TE,TE,10,4
2026-07-31T09:40:30Z,TEN,Michael Carter,00-0036924,4240657,3WR 1TE,RB,11,4
2026-07-31T09:40:30Z,TEN,Elic Ayomanor,00-0040170,4883647,3WR 1TE,WR,2,5
2026-07-31T09:40:30Z,TEN,David Martin-Robinson,00-0039648,4360978,3WR 1TE,TE,10,5
2026-07-31T09:40:30Z,TEN,Kalel Mullings,00-0040205,4429121,3WR 1TE,RB,11,5
2026-07-31T09:40:30Z,TEN,Bryce Oliver,00-0039650,4362617,3WR 1TE,WR,8,6
2026-07-31T09:40:30Z,TEN,Joel Wilson,00-0039023,4362570,3WR 1TE,TE,10,6
2026-07-31T09:40:30Z,TEN,Julius Chestnut,00-0037594,4367567,3WR 1TE,RB,11,6
2026-07-31T09:40:30Z,TEN,Mason Kinsey,00-0036176,4057082,3WR 1TE,WR,1,7
2026-07-31T09:40:30Z,TEN,K.J. Osborn,00-0036345,3916566,3WR 1TE,WR,2,8
2026-07-31T09:40:30Z,TEN,Xavier Restrepo,00-0040522,4431353,3WR 1TE,WR,8,9
2026-07-31T09:40:30Z,TEN,Lance McCutcheon,00-0037055,4247812,3WR 1TE,WR,1,10
2026-07-31T09:40:30Z,TEN,Courtney Jackson,00-0040445,4565172,3WR 1TE,WR,2,11
2026-07-31T09:40:30Z,TEN,Tyren Montgomery,00-0040919,5103197,3WR 1TE,WR,8,12
2026-07-31T09:40:30Z,TEN,Hank Beatty,00-0040912,4814930,3WR 1TE,WR,1,13
2026-07-31T09:40:30Z,WAS,Tim Settle,00-0034397,3929956,Base 3-4 D,LDE,1,1
2026-07-31T09:40:30Z,WAS,Daron Payne,00-0034333,3925354,Base 3-4 D,NT,2,1
2026-07-31T09:40:30Z,WAS,Javon Kinlaw,00-0036260,4259491,Base 3-4 D,RDE,3,1
2026-07-31T09:40:30Z,WAS,Odafe Oweh,00-0036940,4361422,Base 3-4 D,WLB,4,1
2026-07-31T09:40:30Z,WAS,Leo Chenal,00-0037819,4426901,Base 3-4 D,LILB,5,1
2026-07-31T09:40:30Z,WAS,Sonny Styles,00-0041028,5081807,Base 3-4 D,RILB,6,1
2026-07-31T09:40:30Z,WAS,K'Lavon Chaisson,00-0036286,4242205,Base 3-4 D,SLB,7,1
2026-07-31T09:40:30Z,WAS,Trey Amos,00-0040731,4574689,Base 3-4 D,LCB,8,1
2026-07-31T09:40:30Z,WAS,Nick Cross,00-0037616,4426403,Base 3-4 D,SS,9,1
2026-07-31T09:40:30Z,WAS,Quan Martin,00-0039149,4360378,Base 3-4 D,FS,10,1
2026-07-31T09:40:30Z,WAS,Mike Sainristil,00-0039898,4428414,Base 3-4 D,RCB,11,1
2026-07-31T09:40:30Z,WAS,Amik Robertson,00-0036375,4239694,Base 3-4 D,NB,12,1
2026-07-31T09:40:30Z,WAS,Jer'Zhan Newton,00-0039906,4430560,Base 3-4 D,LDE,1,2
2026-07-31T09:40:30Z,WAS,Shy Tuttle,00-0035409,3886601,Base 3-4 D,NT,2,2
2026-07-31T09:40:30Z,WAS,Ricky Barber,00-0040314,4428343,Base 3-4 D,RDE,3,2
2026-07-31T09:40:30Z,WAS,Dorance Armstrong,00-0034373,3928979,Base 3-4 D,WLB,4,2
2026-07-31T09:40:30Z,WAS,Frankie Luvu,00-0034302,3127273,Base 3-4 D,LILB,5,2
2026-07-31T09:40:30Z,WAS,Joshua Josephs,00-0041074,5081392,Base 3-4 D,SLB,7,2
2026-07-31T09:40:30Z,WAS,Antonio Hamilton Sr.,00-0032933,3056354,Base 3-4 D,LCB,8,2
2026-07-31T09:40:30Z,WAS,Will Harris,00-0035655,3915297,Base 3-4 D,SS,9,2
2026-07-31T09:40:30Z,WAS,Jeremy Reaves,00-0034465,3125248,Base 3-4 D,FS,10,2
2026-07-31T09:40:30Z,WAS,Ahkello Witherspoon,00-0033783,3122630,Base 3-4 D,RCB,11,2
2026-07-31T09:40:30Z,WAS,Rasul Douglas,00-0033551,3943270,Base 3-4 D,NB,12,2
2026-07-31T09:40:30Z,WAS,Jeffrey M'ba,00-0040864,5081056,Base 3-4 D,LDE,1,3
2026-07-31T09:40:30Z,WAS,DJ Davidson,00-0037260,4242899,Base 3-4 D,NT,2,3
2026-07-31T09:40:30Z,WAS,Javontae Jean-Baptiste,00-0039412,4361357,Base 3-4 D,WLB,4,3
2026-07-31T09:40:30Z,WAS,Jordan Magee,00-0039368,4568617,Base 3-4 D,LILB,5,3
2026-07-31T09:40:30Z,WAS,Charles Omenihu,00-0035279,3929865,Base 3-4 D,SLB,7,3
2026-07-31T09:40:30Z,WAS,Tre Hawkins III,00-0038403,4686553,Base 3-4 D,LCB,8,3
2026-07-31T09:40:30Z,WAS,Tyler Owens,00-0039681,4572460,Base 3-4 D,SS,9,3
2026-07-31T09:40:30Z,WAS,Percy Butler,00-0038100,4363097,Base 3-4 D,FS,10,3
2026-07-31T09:40:30Z,WAS,Fred Davis II,DAV321726,4686092,Base 3-4 D,RCB,11,3
2026-07-31T09:40:30Z,WAS,Darius Rush,00-0038388,4362858,Base 3-4 D,NB,12,3
2026-07-31T09:40:30Z,WAS,Drake Jackson,00-0037826,4569511,Base 3-4 D,WLB,4,4
2026-07-31T09:40:30Z,WAS,Kain Medrano,00-0040216,4427984,Base 3-4 D,LILB,5,4
2026-07-31T09:40:30Z,WAS,Deatrich Wise Jr.,00-0033947,2980080,Base 3-4 D,SLB,7,4
2026-07-31T09:40:30Z,WAS,Car'lin Vigers,00-0040322,4917486,Base 3-4 D,LCB,8,4
2026-07-31T09:40:30Z,WAS,Malik Spencer,00-0041181,4782664,Base 3-4 D,SS,9,4
2026-07-31T09:40:30Z,WAS,Qwuantrezz Knight,00-0037522,4036219,Base 3-4 D,FS,10,4
2026-07-31T09:40:30Z,WAS,DJ Johnson,00-0038535,4240623,Base 3-4 D,WLB,4,5
2026-07-31T09:40:30Z,WAS,Ale Kaho,00-0040318,4361090,Base 3-4 D,LILB,5,5
2026-07-31T09:40:30Z,WAS,T.J. Maguranyanga,00-0040004,5278092,Base 3-4 D,SLB,7,5
2026-07-31T09:40:30Z,WAS,Robert McDaniel,00-0040319,4574814,Base 3-4 D,FS,10,5
2026-07-31T09:40:30Z,WAS,Jake Moody,00-0038562,4372066,Special Teams,PK,1,1
2026-07-31T09:40:30Z,WAS,Tress Way,00-0030140,16166,Special Teams,P,2,1
2026-07-31T09:40:30Z,WAS,Tress Way,00-0030140,16166,Special Teams,H,3,1
2026-07-31T09:40:30Z,WAS,Jaylin Lane,00-0040164,4602667,Special Teams,PR,4,1
2026-07-31T09:40:30Z,WAS,Luke McCaffrey,00-0039355,4426948,Special Teams,KR,5,1
2026-07-31T09:40:30Z,WAS,Tyler Ott,00-0031156,17378,Special Teams,LS,6,1
2026-07-31T09:40:30Z,WAS,Drew Stevens,00-0041182,5081335,Special Teams,PK,1,2
2026-07-31T09:40:30Z,WAS,Matt Haack,00-0033400,3043237,Special Teams,P,2,2
2026-07-31T09:40:30Z,WAS,Matt Haack,00-0033400,3043237,Special Teams,H,3,2
2026-07-31T09:40:30Z,WAS,Antonio Williams,00-0041040,5081432,Special Teams,PR,4,2
2026-07-31T09:40:30Z,WAS,Jaylin Lane,00-0040164,4602667,Special Teams,KR,5,2
2026-07-31T09:40:30Z,WAS,Jeremy McNichols,00-0033955,3127586,Special Teams,KR,5,3
2026-07-31T09:40:30Z,WAS,Terry McLaurin,00-0035659,3121422,3WR 1TE,WR,1,1
2026-07-31T09:40:30Z,WAS,Laremy Tunsil,00-0032380,3051890,3WR 1TE,LT,3,1
2026-07-31T09:40:30Z,WAS,Chris Paul,00-0037092,4244615,3WR 1TE,LG,4,1
2026-07-31T09:40:30Z,WAS,Nick Allegretti,00-0035149,3115922,3WR 1TE,C,5,1
2026-07-31T09:40:30Z,WAS,Sam Cosmi,00-0036618,4262199,3WR 1TE,RG,6,1
2026-07-31T09:40:30Z,WAS,Josh Conerly Jr.,00-0040686,4685326,3WR 1TE,RT,7,1
2026-07-31T09:40:30Z,WAS,Jayden Daniels,00-0039910,4426348,3WR 1TE,QB,9,1
2026-07-31T09:40:30Z,WAS,Chig Okonkwo,00-0037809,4360635,3WR 1TE,TE,10,1
2026-07-31T09:40:30Z,WAS,Jacory Croskey-Merritt,00-0040242,4575131,3WR 1TE,RB,11,1
2026-07-31T09:40:30Z,WAS,Antonio Williams,00-0041040,5081432,3WR 1TE,WR,2,2
2026-07-31T09:40:30Z,WAS,Brandon Coleman,00-0039913,4685030,3WR 1TE,LT,3,2
2026-07-31T09:40:30Z,WAS,Timothy McKay,00-0040320,4568320,3WR 1TE,LG,4,2
2026-07-31T09:40:30Z,WAS,Matt Gulbin,00-0041108,4683463,3WR 1TE,C,5,2
2026-07-31T09:40:30Z,WAS,Andrew Wylie,00-0033831,3042702,3WR 1TE,RG,6,2
2026-07-31T09:40:30Z,WAS,Trent Scott,00-0034571,3123303,3WR 1TE,RT,7,2
2026-07-31T09:40:30Z,WAS,Marcus Mariota,00-0032268,2576980,3WR 1TE,QB,9,2
2026-07-31T09:40:30Z,WAS,John Bates,00-0036628,4048228,3WR 1TE,TE,10,2
2026-07-31T09:40:30Z,WAS,Rachaad White,00-0037256,4697815,3WR 1TE,RB,11,2
2026-07-31T09:40:30Z,WAS,Luke McCaffrey,00-0039355,4426948,3WR 1TE,WR,8,3
2026-07-31T09:40:30Z,WAS,Foster Sarell,00-0036584,4242555,3WR 1TE,LT,3,3
2026-07-31T09:40:30Z,WAS,Tanoa Togiai,00-0041183,4605488,3WR 1TE,LG,4,3
2026-07-31T09:40:30Z,WAS,Julian Good-Jones,00-0035997,3917949,3WR 1TE,C,5,3
2026-07-31T09:40:30Z,WAS,Tyler Cooper,00-0040036,4429456,3WR 1TE,RG,6,3
2026-07-31T09:40:30Z,WAS,Malaesala Aumavae-Laulu,00-0038382,4569301,3WR 1TE,RT,7,3
2026-07-31T09:40:30Z,WAS,Athan Kaliakmanis,00-0041117,4432722,3WR 1TE,QB,9,3
2026-07-31T09:40:30Z,WAS,Ben Sinnott,00-0039912,4690923,3WR 1TE,TE,10,3
2026-07-31T09:40:30Z,WAS,Kaytron Allen,00-0041096,4685246,3WR 1TE,RB,11,3
2026-07-31T09:40:30Z,WAS,Treylon Burks,00-0037742,4567156,3WR 1TE,WR,1,4
2026-07-31T09:40:30Z,WAS,Sam Hartman,00-0039677,4361994,3WR 1TE,QB,9,4
2026-07-31T09:40:30Z,WAS,Colson Yankoff,00-0039686,4361088,3WR 1TE,TE,10,4
2026-07-31T09:40:30Z,WAS,Jeremy McNichols,00-0033955,3127586,3WR 1TE,RB,11,4
2026-07-31T09:40:30Z,WAS,Dyami Brown,00-0036626,4361577,3WR 1TE,WR,2,5
2026-07-31T09:40:30Z,WAS,Lawrence Cager,00-0036145,3917849,3WR 1TE,TE,10,5
2026-07-31T09:40:30Z,WAS,Jerome Ford,00-0037267,4372019,3WR 1TE,RB,11,5
2026-07-31T09:40:30Z,WAS,Jaylin Lane,00-0040164,4602667,3WR 1TE,WR,8,6
2026-07-31T09:40:30Z,WAS,Quentin Moore,00-0041180,4875350,3WR 1TE,TE,10,6
2026-07-31T09:40:30Z,WAS,Robert Henry Jr.,00-0041178,5151317,3WR 1TE,RB,11,6
2026-07-31T09:40:30Z,WAS,Van Jefferson,00-0036415,3930066,3WR 1TE,WR,1,7
2026-07-31T09:40:30Z,WAS,River Cracraft,00-0034054,3052056,3WR 1TE,WR,2,8
2026-07-31T09:40:30Z,WAS,Jacoby Jones,00-0040317,5083297,3WR 1TE,WR,8,9
2026-07-31T09:40:30Z,WAS,Nick Nash,00-0040551,4570242,3WR 1TE,WR,1,10
2026-07-31T09:40:30Z,WAS,Jaden Bradley,00-0041176,4683111,3WR 1TE,WR,2,11
2026-07-31T09:40:30Z,WAS,Chris Hilton Jr.,00-0041179,4431334,3WR 1TE,WR,8,12
