fp_page,page_type,ecr_type,player,id,pos,team,ecr,sd,best,worst,sportsdata_id,player_filename,yahoo_id,cbs_id,player_owned_avg,player_owned_espn,player_owned_yahoo,player_image_url,player_square_image_url,rank_delta,bye,mergename,scrape_date,tm
/nfl/rankings/best-ball-dst.php,best-dst,bp,Houston Texans,8120,DST,HOU,1.0,0.0,1,1,,houston-defense.php,,,95.0,,,,,,8.0,Houston Texans,2026-07-31,HOU
/nfl/rankings/best-ball-dst.php,best-dst,bp,Denver Broncos,8090,DST,DEN,2.0,0.0,2,2,,denver-defense.php,,,92.2,,,,,,10.0,Denver Broncos,2026-07-31,DEN
/nfl/rankings/best-ball-dst.php,best-dst,bp,Seattle Seahawks,8260,DST,SEA,3.0,0.0,3,3,,seattle-defense.php,,,95.1,,,,,,11.0,Seattle Seahawks,2026-07-31,SEA
/nfl/rankings/best-ball-dst.php,best-dst,bp,Los Angeles Rams,8280,DST,LAR,4.0,0.0,4,4,,los-angeles-rams-defense.php,,,84.2,,,,,,11.0,Los Angeles Rams,2026-07-31,LAR
/nfl/rankings/best-ball-dst.php,best-dst,bp,Philadelphia Eagles,8230,DST,PHI,5.0,0.0,5,5,,philadelphia-defense.php,,,83.8,,,,,,10.0,Philadelphia Eagles,2026-07-31,PHI
/nfl/rankings/best-ball-dst.php,best-dst,bp,Minnesota Vikings,8170,DST,MIN,6.0,0.0,6,6,,minnesota-defense.php,,,62.7,,,,,,6.0,Minnesota Vikings,2026-07-31,MIN
/nfl/rankings/best-ball-dst.php,best-dst,bp,New England Patriots,8180,DST,NE,7.0,0.0,7,7,,new-england-defense.php,,,79.6,,,,,,11.0,New England Patriots,2026-07-31,NEP
/nfl/rankings/best-ball-dst.php,best-dst,bp,Jacksonville Jaguars,8140,DST,JAC,8.0,0.0,8,8,,jacksonville-defense.php,,,67.7,,,,,,7.0,Jacksonville Jaguars,2026-07-31,JAC
/nfl/rankings/best-ball-dst.php,best-dst,bp,Los Angeles Chargers,8250,DST,LAC,9.0,0.0,9,9,,los-angeles-chargers-defense.php,,,50.0,,,,,,7.0,Los Angeles Chargers,2026-07-31,LAC
/nfl/rankings/best-ball-dst.php,best-dst,bp,Green Bay Packers,8110,DST,GB,10.0,0.0,10,10,,green-bay-defense.php,,,31.9,,,,,,11.0,Green Bay Packers,2026-07-31,GBP
/nfl/rankings/best-ball-dst.php,best-dst,bp,Pittsburgh Steelers,8240,DST,PIT,11.0,0.0,11,11,,pittsburgh-defense.php,,,70.5,,,,,,9.0,Pittsburgh Steelers,2026-07-31,PIT
/nfl/rankings/best-ball-dst.php,best-dst,bp,Cleveland Browns,8070,DST,CLE,12.0,0.0,12,12,,cleveland-defense.php,,,25.2,,,,,,11.0,Cleveland Browns,2026-07-31,CLE
/nfl/rankings/best-ball-dst.php,best-dst,bp,Detroit Lions,8100,DST,DET,13.0,0.0,13,13,,detroit-defense.php,,,50.6,,,,,,6.0,Detroit Lions,2026-07-31,DET
/nfl/rankings/best-ball-dst.php,best-dst,bp,Kansas City Chiefs,8150,DST,KC,14.0,0.0,14,14,,kansas-city-defense.php,,,24.5,,,,,,5.0,Kansas City Chiefs,2026-07-31,KCC
/nfl/rankings/best-ball-dst.php,best-dst,bp,Buffalo Bills,8030,DST,BUF,15.0,0.0,15,15,,buffalo-defense.php,,,31.3,,,,,,7.0,Buffalo Bills,2026-07-31,BUF
/nfl/rankings/best-ball-dst.php,best-dst,bp,Baltimore Ravens,8020,DST,BAL,16.0,0.0,16,16,,baltimore-defense.php,,,47.8,,,,,,13.0,Baltimore Ravens,2026-07-31,BAL
/nfl/rankings/best-ball-dst.php,best-dst,bp,Atlanta Falcons,8010,DST,ATL,17.0,0.0,17,17,,atlanta-defense.php,,,12.9,,,,,,11.0,Atlanta Falcons,2026-07-31,ATL
/nfl/rankings/best-ball-dst.php,best-dst,bp,New Orleans Saints,8190,DST,NO,18.0,0.0,18,18,,new-orleans-defense.php,,,21.9,,,,,,8.0,New Orleans Saints,2026-07-31,NOS
/nfl/rankings/best-ball-dst.php,best-dst,bp,Indianapolis Colts,8130,DST,IND,19.0,0.0,19,19,,indianapolis-defense.php,,,19.3,,,,,,13.0,Indianapolis Colts,2026-07-31,IND
/nfl/rankings/best-ball-dst.php,best-dst,bp,Dallas Cowboys,8080,DST,DAL,20.0,0.0,20,20,,dallas-defense.php,,,20.4,,,,,,14.0,Dallas Cowboys,2026-07-31,DAL
/nfl/rankings/best-ball-dst.php,best-dst,bp,San Francisco 49ers,8270,DST,SF,21.0,0.0,21,21,,san-francisco-defense.php,,,27.7,,,,,,8.0,San Francisco 49ers,2026-07-31,SFO
/nfl/rankings/best-ball-dst.php,best-dst,bp,Tampa Bay Buccaneers,8290,DST,TB,22.0,0.0,22,22,,tampa-bay-defense.php,,,22.5,,,,,,10.0,Tampa Bay Buccaneers,2026-07-31,TBB
/nfl/rankings/best-ball-dst.php,best-dst,bp,Chicago Bears,8050,DST,CHI,23.0,0.0,23,23,,chicago-defense.php,,,15.4,,,,,,10.0,Chicago Bears,2026-07-31,CHI
/nfl/rankings/best-ball-dst.php,best-dst,bp,Carolina Panthers,8040,DST,CAR,24.0,0.0,24,24,,carolina-defense.php,,,6.1,,,,,,5.0,Carolina Panthers,2026-07-31,CAR
/nfl/rankings/best-ball-dst.php,best-dst,bp,Miami Dolphins,8160,DST,MIA,25.0,0.0,25,25,,miami-defense.php,,,9.5,,,,,,6.0,Miami Dolphins,2026-07-31,MIA
/nfl/rankings/best-ball-dst.php,best-dst,bp,New York Jets,8210,DST,NYJ,26.0,0.0,26,26,,new-york-jets-defense.php,,,8.4,,,,,,13.0,New York Jets,2026-07-31,NYJ
/nfl/rankings/best-ball-dst.php,best-dst,bp,New York Giants,8200,DST,NYG,27.0,0.0,27,27,,new-york-giants-defense.php,,,24.2,,,,,,8.0,New York Giants,2026-07-31,NYG
/nfl/rankings/best-ball-dst.php,best-dst,bp,Tennessee Titans,8300,DST,TEN,28.0,0.0,28,28,,tennessee-defense.php,,,13.9,,,,,,9.0,Tennessee Titans,2026-07-31,TEN
/nfl/rankings/best-ball-overall.php,best-overall,bo,Jahmyr Gibbs,22968,RB,DET,1.4,0.49,1,2,,jahmyr-gibbs.php,,,99.3,,,,,,6.0,Jahmyr Gibbs,2026-07-31,DET
/nfl/rankings/best-ball-overall.php,best-overall,bo,Bijan Robinson,23133,RB,ATL,1.6,0.49,1,2,,bijan-robinson.php,,,99.4,,,,,,11.0,Bijan Robinson,2026-07-31,ATL
/nfl/rankings/best-ball-overall.php,best-overall,bo,Ja'Marr Chase,19788,WR,CIN,3.2,0.4,3,4,,jamarr-chase.php,,,99.4,,,,,,6.0,JaMarr Chase,2026-07-31,CIN
/nfl/rankings/best-ball-overall.php,best-overall,bo,Puka Nacua,23180,WR,LAR,3.8,0.4,3,4,,puka-nacua.php,,,99.5,,,,,,11.0,Puka Nacua,2026-07-31,LAR
/nfl/rankings/best-ball-overall.php,best-overall,bo,Jaxon Smith-Njigba,23070,WR,SEA,5.4,0.49,5,6,,jaxon-smith-njigba.php,,,99.6,,,,,,11.0,Jaxon Smith-Njigba,2026-07-31,SEA
/nfl/rankings/best-ball-overall.php,best-overall,bo,Christian McCaffrey,16393,RB,SF,7.4,3.38,5,14,,christian-mccaffrey.php,,,99.5,,,,,1.0,8.0,Christian McCaffrey,2026-07-31,SFO
/nfl/rankings/best-ball-overall.php,best-overall,bo,Amon-Ra St. Brown,19799,WR,DET,7.4,0.49,7,8,,amonra-stbrown.php,,,99.3,,,,,,6.0,Amon-Ra St Brown,2026-07-31,DET
/nfl/rankings/best-ball-overall.php,best-overall,bo,Jonathan Taylor,19217,RB,IND,9.2,1.47,8,11,,jonathan-taylor.php,,,99.3,,,,,-1.0,13.0,Jonathan Taylor,2026-07-31,IND
/nfl/rankings/best-ball-overall.php,best-overall,bo,James Cook III,22958,RB,BUF,11.4,2.87,7,15,,james-cook.php,,,99.5,,,,,,7.0,James Cook,2026-07-31,BUF
/nfl/rankings/best-ball-overall.php,best-overall,bo,CeeDee Lamb,19202,WR,DAL,11.4,2.42,9,16,,ceedee-lamb.php,,,99.4,,,,,-1.0,14.0,CeeDee Lamb,2026-07-31,DAL
/nfl/rankings/best-ball-overall.php,best-overall,bo,Justin Jefferson,19236,WR,MIN,11.8,1.6,10,14,,justin-jefferson.php,,,99.3,,,,,,6.0,Justin Jefferson,2026-07-31,MIN
/nfl/rankings/best-ball-overall.php,best-overall,bo,Chase Brown,25324,RB,CIN,13.0,2.53,10,16,,chase-brown.php,,,98.7,,,,,,6.0,Chase Brown,2026-07-31,CIN
/nfl/rankings/best-ball-overall.php,best-overall,bo,Ashton Jeanty,25989,RB,LV,13.2,4.87,9,22,,ashton-jeanty.php,,,99.1,,,,,,13.0,Ashton Jeanty,2026-07-31,LVR
/nfl/rankings/best-ball-overall.php,best-overall,bo,Omarion Hampton,25395,RB,LAC,14.0,0.89,13,15,,omarion-hampton.php,,,98.7,,,,,,7.0,Omarion Hampton,2026-07-31,LAC
/nfl/rankings/best-ball-overall.php,best-overall,bo,Brock Bowers,22955,TE,LV,16.8,2.93,12,21,,brock-bowers.php,,,99.1,,,,,,13.0,Brock Bowers,2026-07-31,LVR
/nfl/rankings/best-ball-overall.php,best-overall,bo,Drake London,23163,WR,ATL,16.8,3.06,14,21,,drake-london.php,,,99.1,,,,,,11.0,Drake London,2026-07-31,ATL
/nfl/rankings/best-ball-overall.php,best-overall,bo,De'Von Achane,23136,RB,MIA,17.0,2.0,13,18,,devon-achane.php,,,99.2,,,,,,6.0,DeVon Achane,2026-07-31,MIA
/nfl/rankings/best-ball-overall.php,best-overall,bo,A.J. Brown,18218,WR,NE,18.4,3.88,11,22,,aj-brown.php,,,99.2,,,,,,11.0,AJ Brown,2026-07-31,NEP
/nfl/rankings/best-ball-overall.php,best-overall,bo,Saquon Barkley,17240,RB,PHI,18.6,5.39,12,28,,saquon-barkley.php,,,99.4,,,,,,10.0,Saquon Barkley,2026-07-31,PHI
/nfl/rankings/best-ball-overall.php,best-overall,bo,Kenneth Walker III,23021,RB,KC,19.2,5.95,15,31,,kenneth-walker-rb.php,,,99.3,,,,,,5.0,Kenneth Walker,2026-07-31,KCC
/nfl/rankings/best-ball-overall.php,best-overall,bo,Nico Collins,20130,WR,HOU,21.8,2.56,17,24,,nico-collins.php,,,99.2,,,,,,8.0,Nico Collins,2026-07-31,HOU
/nfl/rankings/best-ball-overall.php,best-overall,bo,Derrick Henry,15514,RB,BAL,22.2,2.71,17,25,,derrick-henry.php,,,99.1,,,,,,13.0,Derrick Henry,2026-07-31,BAL
/nfl/rankings/best-ball-overall.php,best-overall,bo,George Pickens,22963,WR,DAL,23.6,2.94,20,27,,george-pickens.php,,,99.2,,,,,,14.0,George Pickens,2026-07-31,DAL
/nfl/rankings/best-ball-overall.php,best-overall,bo,Trey McBride,22936,TE,ARI,26.0,2.19,22,28,,trey-mcbride.php,,,99.3,,,,,,14.0,Trey McBride,2026-07-31,ARI
/nfl/rankings/best-ball-overall.php,best-overall,bo,Breece Hall,22982,RB,NYJ,26.2,1.17,25,28,,breece-hall.php,,,97.6,,,,,,13.0,Breece Hall,2026-07-31,NYJ
/nfl/rankings/best-ball-overall.php,best-overall,bo,Rashee Rice,23113,WR,KC,27.6,9.93,20,47,,rashee-rice.php,,,97.9,,,,,3.0,5.0,Rashee Rice,2026-07-31,KCC
/nfl/rankings/best-ball-overall.php,best-overall,bo,DeVonta Smith,19222,WR,PHI,28.0,2.28,25,32,,devonta-smith.php,,,98.0,,,,,,10.0,DeVonta Smith,2026-07-31,PHI
/nfl/rankings/best-ball-overall.php,best-overall,bo,Javonte Williams,22739,RB,DAL,29.4,4.92,23,35,,javonte-williams.php,,,96.9,,,,,,14.0,Javonte Williams,2026-07-31,DAL
/nfl/rankings/best-ball-overall.php,best-overall,bo,Zay Flowers,22916,WR,BAL,30.8,3.82,27,38,,zay-flowers.php,,,97.1,,,,,-2.0,13.0,Zay Flowers,2026-07-31,BAL
/nfl/rankings/best-ball-overall.php,best-overall,bo,Chris Olave,20111,WR,NO,31.2,4.49,24,38,,chris-olave.php,,,98.1,,,,,,8.0,Chris Olave,2026-07-31,NOS
/nfl/rankings/best-ball-overall.php,best-overall,bo,Jeremiyah Love,25403,RB,ARI,33.6,6.97,25,42,,jeremiyah-love.php,,,98.2,,,,,-2.0,14.0,Jeremiyah Love,2026-07-31,ARI
/nfl/rankings/best-ball-overall.php,best-overall,bo,Josh Allen,17298,QB,BUF,34.4,3.44,28,38,,josh-allen-qb.php,,,99.4,,,,,,7.0,Josh Allen,2026-07-31,BUF
/nfl/rankings/best-ball-overall.php,best-overall,bo,Kyren Williams,23059,RB,LAR,34.6,6.77,23,41,,kyren-williams.php,,,98.1,,,,,,11.0,Kyren Williams,2026-07-31,LAR
/nfl/rankings/best-ball-overall.php,best-overall,bo,Tetairoa McMillan,25417,WR,CAR,35.6,6.41,29,46,,tetairoa-mcmillan.php,,,97.9,,,,,,5.0,Tetairoa McMillan,2026-07-31,CAR
/nfl/rankings/best-ball-overall.php,best-overall,bo,Emeka Egbuka,23062,WR,TB,37.0,4.2,33,45,,emeka-egbuka.php,,,96.3,,,,,,10.0,Emeka Egbuka,2026-07-31,TBB
/nfl/rankings/best-ball-overall.php,best-overall,bo,Tee Higgins,19211,WR,CIN,37.4,4.41,31,43,,tee-higgins.php,,,97.6,,,,,,6.0,Tee Higgins,2026-07-31,CIN
/nfl/rankings/best-ball-overall.php,best-overall,bo,Garrett Wilson,23072,WR,NYJ,38.2,3.06,33,42,,garrett-wilson.php,,,97.3,,,,,,13.0,Garrett Wilson,2026-07-31,NYJ
/nfl/rankings/best-ball-overall.php,best-overall,bo,Malik Nabers,25409,WR,NYG,39.2,6.01,30,44,,malik-nabers.php,,,98.2,,,,,,8.0,Malik Nabers,2026-07-31,NYG
/nfl/rankings/best-ball-overall.php,best-overall,bo,Ladd McConkey,26122,WR,LAC,40.0,7.77,34,55,,ladd-mcconkey.php,,,95.9,,,,,,7.0,Ladd McConkey,2026-07-31,LAC
/nfl/rankings/best-ball-overall.php,best-overall,bo,Colston Loveland,26006,TE,CHI,41.8,13.59,26,65,,colston-loveland.php,,,98.6,,,,,,10.0,Colston Loveland,2026-07-31,CHI
/nfl/rankings/best-ball-overall.php,best-overall,bo,Jaylen Waddle,19790,WR,DEN,41.8,1.72,39,44,,jaylen-waddle.php,,,95.7,,,,,-6.0,10.0,Jaylen Waddle,2026-07-31,DEN
/nfl/rankings/best-ball-overall.php,best-overall,bo,Travis Etienne Jr.,19231,RB,NO,42.6,9.89,33,57,,travis-etienne.php,,,96.1,,,,,,8.0,Travis Etienne,2026-07-31,NOS
/nfl/rankings/best-ball-overall.php,best-overall,bo,Josh Jacobs,18269,RB,GB,43.0,7.77,32,52,,josh-jacobs.php,,,98.7,,,,,,11.0,Josh Jacobs,2026-07-31,GBP
/nfl/rankings/best-ball-overall.php,best-overall,bo,Terry McLaurin,18466,WR,WAS,45.8,4.12,40,52,,terry-mclaurin.php,,,95.3,,,,,,7.0,Terry McLaurin,2026-07-31,WAS
/nfl/rankings/best-ball-overall.php,best-overall,bo,Luther Burden III,27016,WR,CHI,47.0,2.9,42,51,,luther-burden-iii.php,,,93.8,,,,,,10.0,Luther Burden,2026-07-31,CHI
/nfl/rankings/best-ball-overall.php,best-overall,bo,Mike Evans,12119,WR,SF,48.6,4.03,45,54,,mike-evans.php,,,93.0,,,,,,8.0,Mike Evans,2026-07-31,SFO
/nfl/rankings/best-ball-overall.php,best-overall,bo,TreVeyon Henderson,23065,RB,NE,50.2,9.24,37,64,,treveyon-henderson.php,,,94.0,,,,,3.0,11.0,TreVeyon Henderson,2026-07-31,NEP
/nfl/rankings/best-ball-overall.php,best-overall,bo,Lamar Jackson,17233,QB,BAL,51.0,9.49,39,65,,lamar-jackson.php,,,99.1,,,,,,13.0,Lamar Jackson,2026-07-31,BAL
/nfl/rankings/best-ball-overall.php,best-overall,bo,DJ Moore,17265,WR,BUF,51.6,5.46,46,59,,dj-moore-wr.php,,,93.4,,,,,,7.0,DJ Moore,2026-07-31,BUF
/nfl/rankings/best-ball-overall.php,best-overall,bo,Cam Skattebo,27166,RB,NYG,52.2,2.93,49,56,,cam-skattebo.php,,,97.0,,,,,,8.0,Cam Skattebo,2026-07-31,NYG
/nfl/rankings/best-ball-overall.php,best-overall,bo,Jameson Williams,23677,WR,DET,53.2,8.82,41,65,,jameson-williams.php,,,95.1,,,,,,6.0,Jameson Williams,2026-07-31,DET
/nfl/rankings/best-ball-overall.php,best-overall,bo,Bhayshul Tuten,27297,RB,JAC,53.2,5.88,43,60,,bhayshul-tuten.php,,,91.2,,,,,,7.0,Bhayshul Tuten,2026-07-31,JAC
/nfl/rankings/best-ball-overall.php,best-overall,bo,Davante Adams,12123,WR,LAR,53.2,5.27,48,63,,davante-adams.php,,,97.3,,,,,,11.0,Davante Adams,2026-07-31,LAR
/nfl/rankings/best-ball-overall.php,best-overall,bo,David Montgomery,18239,RB,HOU,54.8,5.98,48,65,,david-montgomery.php,,,93.6,,,,,,8.0,David Montgomery,2026-07-31,HOU
/nfl/rankings/best-ball-overall.php,best-overall,bo,Bucky Irving,25981,RB,TB,55.6,2.65,53,60,,bucky-irving.php,,,95.7,,,,,,10.0,Bucky Irving,2026-07-31,TBB
/nfl/rankings/best-ball-overall.php,best-overall,bo,Joe Burrow,19196,QB,CIN,56.0,10.94,36,66,,joe-burrow.php,,,98.1,,,,,,6.0,Joe Burrow,2026-07-31,CIN
/nfl/rankings/best-ball-overall.php,best-overall,bo,Drake Maye,23046,QB,NE,56.2,9.87,37,65,,drake-maye.php,,,98.6,,,,,,11.0,Drake Maye,2026-07-31,NEP
/nfl/rankings/best-ball-overall.php,best-overall,bo,Carnell Tate,26009,WR,TEN,57.0,5.62,50,63,,carnell-tate.php,,,93.4,,,,,,9.0,Carnell Tate,2026-07-31,TEN
/nfl/rankings/best-ball-overall.php,best-overall,bo,Christian Watson,23886,WR,GB,57.4,6.41,47,67,,christian-watson.php,,,91.6,,,,,,11.0,Christian Watson,2026-07-31,GBP
/nfl/rankings/best-ball-overall.php,best-overall,bo,Jayden Daniels,22902,QB,WAS,59.2,12.67,40,73,,jayden-daniels.php,,,97.5,,,,,,7.0,Jayden Daniels,2026-07-31,WAS
/nfl/rankings/best-ball-overall.php,best-overall,bo,D'Andre Swift,19210,RB,CHI,59.8,5.19,54,68,,dandre-swift.php,,,94.0,,,,,,10.0,DAndre Swift,2026-07-31,CHI
/nfl/rankings/best-ball-overall.php,best-overall,bo,Quinshon Judkins,25391,RB,CLE,60.0,7.46,50,68,,quinshon-judkins.php,,,93.9,,,,,,11.0,Quinshon Judkins,2026-07-31,CLE
/nfl/rankings/best-ball-overall.php,best-overall,bo,Tyler Warren,26434,TE,IND,60.8,5.49,56,68,,tyler-warren.php,,,98.2,,,,,,13.0,Tyler Warren,2026-07-31,IND
/nfl/rankings/best-ball-overall.php,best-overall,bo,Jadarian Price,27329,RB,SEA,63.6,4.45,56,69,,jadarian-price.php,,,91.3,,,,,,11.0,Jadarian Price,2026-07-31,SEA
/nfl/rankings/best-ball-overall.php,best-overall,bo,Jalen Hurts,19275,QB,PHI,67.2,8.42,53,74,,jalen-hurts.php,,,97.8,,,,,,10.0,Jalen Hurts,2026-07-31,PHI
/nfl/rankings/best-ball-overall.php,best-overall,bo,Tucker Kraft,25298,TE,GB,67.2,4.87,60,75,,tucker-kraft.php,,,93.8,,,,,,11.0,Tucker Kraft,2026-07-31,GBP
/nfl/rankings/best-ball-overall.php,best-overall,bo,Jordyn Tyson,26035,WR,NO,67.8,4.31,62,74,,jordyn-tyson.php,,,89.2,,,,,,8.0,Jordyn Tyson,2026-07-31,NOS
/nfl/rankings/best-ball-overall.php,best-overall,bo,Marvin Harrison Jr.,23064,WR,ARI,69.2,4.49,62,76,,marvin-harrison-jr.php,,,90.6,,,,,,14.0,Marvin Harrison,2026-07-31,ARI
/nfl/rankings/best-ball-overall.php,best-overall,bo,Rome Odunze,25411,WR,CHI,70.8,11.2,59,88,,rome-odunze.php,,,92.4,,,,,,10.0,Rome Odunze,2026-07-31,CHI
/nfl/rankings/best-ball-overall.php,best-overall,bo,Brian Thomas Jr.,23000,WR,JAC,74.4,16.89,59,97,,brian-thomas-jr.php,,,89.6,,,,,,7.0,Brian Thomas,2026-07-31,JAC
/nfl/rankings/best-ball-overall.php,best-overall,bo,Dak Prescott,15600,QB,DAL,75.6,9.39,62,91,,dak-prescott.php,,,93.4,,,,,,14.0,Dak Prescott,2026-07-31,DAL
/nfl/rankings/best-ball-overall.php,best-overall,bo,Caleb Williams,23084,QB,CHI,76.0,6.78,66,85,,caleb-williams.php,,,93.7,,,,,,10.0,Caleb Williams,2026-07-31,CHI
/nfl/rankings/best-ball-overall.php,best-overall,bo,Tony Pollard,18705,RB,TEN,76.2,9.66,64,88,,tony-pollard.php,,,89.9,,,,,,9.0,Tony Pollard,2026-07-31,TEN
/nfl/rankings/best-ball-overall.php,best-overall,bo,Justin Herbert,18635,QB,LAC,77.4,7.58,67,90,,justin-herbert.php,,,93.4,,,,,,7.0,Justin Herbert,2026-07-31,LAC
/nfl/rankings/best-ball-overall.php,best-overall,bo,Trevor Lawrence,19780,QB,JAC,77.8,6.24,69,86,,trevor-lawrence.php,,,90.8,,,,,,7.0,Trevor Lawrence,2026-07-31,JAC
/nfl/rankings/best-ball-overall.php,best-overall,bo,Alec Pierce,23791,WR,IND,78.8,7.98,68,88,,alec-pierce.php,,,90.3,,,,,,13.0,Alec Pierce,2026-07-31,IND
/nfl/rankings/best-ball-overall.php,best-overall,bo,Parker Washington,23106,WR,JAC,79.2,12.69,59,94,,parker-washington.php,,,88.4,,,,,,7.0,Parker Washington,2026-07-31,JAC
/nfl/rankings/best-ball-overall.php,best-overall,bo,Jaylen Warren,24209,RB,PIT,79.4,5.08,71,85,,jaylen-warren.php,,,91.2,,,,,,9.0,Jaylen Warren,2026-07-31,PIT
/nfl/rankings/best-ball-overall.php,best-overall,bo,DK Metcalf,18219,WR,PIT,82.4,6.97,71,90,,dk-metcalf.php,,,92.2,,,,,,9.0,DK Metcalf,2026-07-31,PIT
/nfl/rankings/best-ball-overall.php,best-overall,bo,Sam LaPorta,22978,TE,DET,83.2,5.91,75,93,,sam-laporta.php,,,95.5,,,,,,6.0,Sam LaPorta,2026-07-31,DET
/nfl/rankings/best-ball-overall.php,best-overall,bo,Rhamondre Stevenson,22726,RB,NE,83.4,4.45,78,88,,rhamondre-stevenson.php,,,88.3,,,,,,11.0,Rhamondre Stevenson,2026-07-31,NEP
/nfl/rankings/best-ball-overall.php,best-overall,bo,Courtland Sutton,17253,WR,DEN,85.6,9.83,68,94,,courtland-sutton.php,,,89.8,,,,,,10.0,Courtland Sutton,2026-07-31,DEN
/nfl/rankings/best-ball-overall.php,best-overall,bo,Brock Purdy,19797,QB,SF,85.8,4.58,78,92,,brock-purdy.php,,,90.9,,,,,,8.0,Brock Purdy,2026-07-31,SFO
/nfl/rankings/best-ball-overall.php,best-overall,bo,Makai Lemon,25420,WR,PHI,86.2,10.65,74,99,,makai-lemon.php,,,88.7,,,,,,10.0,Makai Lemon,2026-07-31,PHI
/nfl/rankings/best-ball-overall.php,best-overall,bo,Chris Godwin Jr.,16406,WR,TB,86.8,4.87,82,95,,chris-godwin.php,,,87.2,,,,,,10.0,Chris Godwin,2026-07-31,TBB
/nfl/rankings/best-ball-overall.php,best-overall,bo,Wan'Dale Robinson,22985,WR,TEN,87.4,8.4,78,99,,wandale-robinson.php,,,77.3,,,,,,9.0,WanDale Robinson,2026-07-31,TEN
/nfl/rankings/best-ball-overall.php,best-overall,bo,Josh Downs,24706,WR,IND,88.2,11.48,77,108,,josh-downs.php,,,81.5,,,,,,13.0,Josh Downs,2026-07-31,IND
/nfl/rankings/best-ball-overall.php,best-overall,bo,RJ Harvey,27142,RB,DEN,88.6,5.75,82,99,,rj-harvey.php,,,88.1,,,,,,10.0,RJ Harvey,2026-07-31,DEN
/nfl/rankings/best-ball-overall.php,best-overall,bo,Rico Dowdle,19647,RB,PIT,88.8,8.47,75,100,,rico-dowdle.php,,,90.1,,,,,,9.0,Rico Dowdle,2026-07-31,PIT
/nfl/rankings/best-ball-overall.php,best-overall,bo,Kyle Pitts Sr.,20164,TE,ATL,90.2,6.11,84,101,,kyle-pitts.php,,,95.6,,,,,,11.0,Kyle Pitts,2026-07-31,ATL
/nfl/rankings/best-ball-overall.php,best-overall,bo,Quentin Johnston,23123,WR,LAC,92.8,11.21,77,106,,quentin-johnston.php,,,82.4,,,,,,7.0,Quentin Johnston,2026-07-31,LAC
/nfl/rankings/best-ball-overall.php,best-overall,bo,Harold Fannin Jr.,27050,TE,CLE,93.8,13.03,76,110,,harold-fannin-jr.php,,,94.6,,,,,,11.0,Harold Fannin,2026-07-31,CLE
/nfl/rankings/best-ball-overall.php,best-overall,bo,Jaxson Dart,23160,QB,NYG,94.2,10.53,76,107,,jaxson-dart.php,,,94.8,,,,,,8.0,Jaxson Dart,2026-07-31,NYG
/nfl/rankings/best-ball-overall.php,best-overall,bo,Travis Kelce,11594,TE,KC,94.2,10.32,81,112,,travis-kelce.php,,,90.9,,,,,,5.0,Travis Kelce,2026-07-31,KCC
/nfl/rankings/best-ball-overall.php,best-overall,bo,Patrick Mahomes II,16413,QB,KC,94.2,8.4,83,104,,patrick-mahomes.php,,,91.9,,,,,,5.0,Patrick Mahomes,2026-07-31,KCC
/nfl/rankings/best-ball-overall.php,best-overall,bo,Michael Wilson,25333,WR,ARI,96.2,15.68,75,120,,michael-wilson.php,,,86.6,,,,,,14.0,Michael Wilson,2026-07-31,ARI
/nfl/rankings/best-ball-overall.php,best-overall,bo,Chuba Hubbard,19792,RB,CAR,96.6,6.71,89,106,,chuba-hubbard.php,,,90.3,,,,,,5.0,Chuba Hubbard,2026-07-31,CAR
/nfl/rankings/best-ball-overall.php,best-overall,bo,Jonathon Brooks,26148,RB,CAR,97.6,9.95,81,112,,jonathon-brooks.php,,,76.0,,,,,,5.0,Jonathon Brooks,2026-07-31,CAR
/nfl/rankings/best-ball-overall.php,best-overall,bo,Bo Nix,22910,QB,DEN,98.0,8.44,83,107,,bo-nix.php,,,88.9,,,,,,10.0,Bo Nix,2026-07-31,DEN
/nfl/rankings/best-ball-overall.php,best-overall,bo,Michael Pittman Jr.,19278,WR,PIT,98.0,8.32,87,109,,michael-pittman.php,,,87.7,,,,,,9.0,Michael Pittman,2026-07-31,PIT
/nfl/rankings/best-ball-overall.php,best-overall,bo,George Kittle,16499,TE,SF,100.8,11.65,84,115,,george-kittle.php,,,92.8,,,,,,8.0,George Kittle,2026-07-31,SFO
/nfl/rankings/best-ball-overall.php,best-overall,bo,Xavier Worthy,23019,WR,KC,101.4,9.79,91,116,,xavier-worthy.php,,,77.2,,,,,5.0,5.0,Xavier Worthy,2026-07-31,KCC
/nfl/rankings/best-ball-overall.php,best-overall,bo,Jakobi Meyers,18598,WR,JAC,102.4,14.71,80,125,,jakobi-meyers.php,,,83.0,,,,,,7.0,Jakobi Meyers,2026-07-31,JAC
/nfl/rankings/best-ball-overall.php,best-overall,bo,Kyle Monangai,27131,RB,CHI,103.4,5.85,96,114,,kyle-monangai.php,,,87.2,,,,,,10.0,Kyle Monangai,2026-07-31,CHI
/nfl/rankings/best-ball-overall.php,best-overall,bo,Jordan Addison,23107,WR,MIN,103.8,12.06,84,117,,jordan-addison.php,,,84.0,,,,,,6.0,Jordan Addison,2026-07-31,MIN
/nfl/rankings/best-ball-overall.php,best-overall,bo,J.K. Dobbins,19245,RB,DEN,105.0,22.39,79,146,,jk-dobbins.php,,,87.8,,,,,,10.0,JK Dobbins,2026-07-31,DEN
/nfl/rankings/best-ball-overall.php,best-overall,bo,KC Concepcion,27331,WR,CLE,105.2,10.94,93,120,,kevin-concepcion.php,,,68.0,,,,,,11.0,KC Concepcion,2026-07-31,CLE
/nfl/rankings/best-ball-overall.php,best-overall,bo,Jared Goff,15501,QB,DET,106.6,4.41,100,111,,jared-goff.php,,,77.7,,,,,,6.0,Jared Goff,2026-07-31,DET
/nfl/rankings/best-ball-overall.php,best-overall,bo,Kenny Gainwell,23310,RB,TB,109.0,8.79,97,120,,kenneth-gainwell.php,,,84.7,,,,,,10.0,Kenny Gainwell,2026-07-31,TBB
/nfl/rankings/best-ball-overall.php,best-overall,bo,Blake Corum,23013,RB,LAR,110.6,11.18,95,126,,blake-corum.php,,,84.9,,,,,,11.0,Blake Corum,2026-07-31,LAR
/nfl/rankings/best-ball-overall.php,best-overall,bo,Dalton Kincaid,25247,TE,BUF,111.0,12.65,95,127,,dalton-kincaid.php,,,78.2,,,,,,7.0,Dalton Kincaid,2026-07-31,BUF
/nfl/rankings/best-ball-overall.php,best-overall,bo,Matthew Stafford,9451,QB,LAR,112.6,7.06,104,124,,matthew-stafford.php,,,92.5,,,,,,11.0,Matthew Stafford,2026-07-31,LAR
/nfl/rankings/best-ball-overall.php,best-overall,bo,Kyler Murray,18600,QB,MIN,113.0,4.05,108,118,,kyler-murray.php,,,73.3,,,,,,6.0,Kyler Murray,2026-07-31,MIN
/nfl/rankings/best-ball-overall.php,best-overall,bo,Rachaad White,23891,RB,WAS,113.8,7.68,106,127,,rachaad-white.php,,,80.6,,,,,,7.0,Rachaad White,2026-07-31,WAS
/nfl/rankings/best-ball-overall.php,best-overall,bo,Ricky Pearsall,26214,WR,SF,115.0,12.84,101,139,,ricky-pearsall.php,,,83.4,,,,,,8.0,Ricky Pearsall,2026-07-31,SFO
/nfl/rankings/best-ball-overall.php,best-overall,bo,Isaiah Likely,23781,TE,NYG,115.2,19.61,93,148,,isaiah-likely.php,,,86.6,,,,,-3.0,8.0,Isaiah Likely,2026-07-31,NYG
/nfl/rankings/best-ball-overall.php,best-overall,bo,Jayden Reed,23020,WR,GB,115.2,11.84,94,130,,jayden-reed.php,,,78.3,,,,,,11.0,Jayden Reed,2026-07-31,GBP
/nfl/rankings/best-ball-overall.php,best-overall,bo,Jayden Higgins,27077,WR,HOU,116.2,9.62,103,125,,jayden-higgins.php,,,50.1,,,,,,8.0,Jayden Higgins,2026-07-31,HOU
/nfl/rankings/best-ball-overall.php,best-overall,bo,Malik Willis,23499,QB,MIA,116.6,10.15,105,133,,malik-willis.php,,,46.6,,,,,,6.0,Malik Willis,2026-07-31,MIA
/nfl/rankings/best-ball-overall.php,best-overall,bo,Jordan Love,19246,QB,GB,117.4,5.54,110,127,,jordan-love.php,,,58.4,,,,,,11.0,Jordan Love,2026-07-31,GBP
/nfl/rankings/best-ball-overall.php,best-overall,bo,Aaron Jones Sr.,16673,RB,MIN,118.6,10.84,102,134,,aaron-jones.php,,,85.9,,,,,,6.0,Aaron Jones,2026-07-31,MIN
/nfl/rankings/best-ball-overall.php,best-overall,bo,Jordan Mason,22969,RB,MIN,118.6,6.22,113,130,,jordan-mason.php,,,71.9,,,,,,6.0,Jordan Mason,2026-07-31,MIN
/nfl/rankings/best-ball-overall.php,best-overall,bo,Romeo Doubs,23794,WR,NE,119.0,2.76,114,122,,romeo-doubs.php,,,69.0,,,,,,11.0,Romeo Doubs,2026-07-31,NEP
/nfl/rankings/best-ball-overall.php,best-overall,bo,Baker Mayfield,17237,QB,TB,119.2,2.04,116,122,,baker-mayfield.php,,,61.2,,,,,,10.0,Baker Mayfield,2026-07-31,TBB
/nfl/rankings/best-ball-overall.php,best-overall,bo,Jake Ferguson,22718,TE,DAL,121.8,8.35,108,132,,jake-ferguson.php,,,89.6,,,,,,14.0,Jake Ferguson,2026-07-31,DAL
/nfl/rankings/best-ball-overall.php,best-overall,bo,Tyler Shough,23096,QB,NO,122.2,11.34,108,137,,tyler-shough.php,,,56.2,,,,,,8.0,Tyler Shough,2026-07-31,NOS
/nfl/rankings/best-ball-overall.php,best-overall,bo,Mark Andrews,17269,TE,BAL,125.0,11.12,105,137,,mark-andrews.php,,,84.3,,,,,,13.0,Mark Andrews,2026-07-31,BAL
/nfl/rankings/best-ball-overall.php,best-overall,bo,Dallas Goedert,17270,TE,PHI,126.4,11.11,105,137,,dallas-goedert.php,,,88.7,,,,,2.0,10.0,Dallas Goedert,2026-07-31,PHI
/nfl/rankings/best-ball-overall.php,best-overall,bo,Jacory Croskey-Merritt,27316,RB,WAS,127.4,4.92,119,132,,jacory-croskeymerritt.php,,,78.5,,,,,,7.0,Jacory Croskey-Merritt,2026-07-31,WAS
/nfl/rankings/best-ball-overall.php,best-overall,bo,Jalen Coker,26403,WR,CAR,129.2,4.92,123,135,,jalen-coker.php,,,49.1,,,,,,5.0,Jalen Coker,2026-07-31,CAR
/nfl/rankings/best-ball-overall.php,best-overall,bo,Matthew Golden,26024,WR,GB,132.4,12.44,114,151,,matthew-golden.php,,,69.4,,,,,,11.0,Matthew Golden,2026-07-31,GBP
/nfl/rankings/best-ball-overall.php,best-overall,bo,Khalil Shakir,23748,WR,BUF,134.2,6.68,124,142,,khalil-shakir.php,,,67.1,,,,,,7.0,Khalil Shakir,2026-07-31,BUF
/nfl/rankings/best-ball-overall.php,best-overall,bo,C.J. Stroud,23071,QB,HOU,137.4,11.13,121,156,,cj-stroud.php,,,40.5,,,,,,8.0,CJ Stroud,2026-07-31,HOU
/nfl/rankings/best-ball-overall.php,best-overall,bo,Omar Cooper Jr.,28127,WR,NYJ,137.8,8.8,129,153,,omar-cooper-jr.php,,,42.1,,,,,,13.0,Omar Cooper,2026-07-31,NYJ
/nfl/rankings/best-ball-overall.php,best-overall,bo,Keaton Mitchell,25360,RB,LAC,140.0,10.26,126,152,,keaton-mitchell.php,,,33.4,,,,,6.0,7.0,Keaton Mitchell,2026-07-31,LAC
/nfl/rankings/best-ball-overall.php,best-overall,bo,Rashid Shaheed,24687,WR,SEA,141.0,10.49,127,158,,rashid-shaheed.php,,,46.7,,,,,,11.0,Rashid Shaheed,2026-07-31,SEA
/nfl/rankings/best-ball-overall.php,best-overall,bo,Sam Darnold,17236,QB,SEA,141.6,6.71,135,152,,sam-darnold.php,,,43.1,,,,,,11.0,Sam Darnold,2026-07-31,SEA
/nfl/rankings/best-ball-overall.php,best-overall,bo,Tyrone Tracy Jr.,22980,RB,NYG,142.0,8.56,131,155,,tyrone-tracy-jr.php,,,43.8,,,,,,8.0,Tyrone Tracy,2026-07-31,NYG
/nfl/rankings/best-ball-overall.php,best-overall,bo,Tyler Allgeier,24172,RB,ARI,142.4,6.15,135,153,,tyler-allgeier.php,,,47.8,,,,,,14.0,Tyler Allgeier,2026-07-31,ARI
/nfl/rankings/best-ball-overall.php,best-overall,bo,Stefon Diggs,13981,WR,FA,145.4,8.78,138,161,,stefon-diggs.php,,,52.3,,,,,,,Stefon Diggs,2026-07-31,FA
/nfl/rankings/best-ball-overall.php,best-overall,bo,Cam Ward,24755,QB,TEN,146.8,5.81,137,155,,cam-ward.php,,,33.0,,,,,,9.0,Cam Ward,2026-07-31,TEN
/nfl/rankings/best-ball-overall.php,best-overall,bo,Juwan Johnson,19562,TE,NO,147.0,16.36,117,160,,juwan-johnson.php,,,47.1,,,,,,8.0,Juwan Johnson,2026-07-31,NOS
/nfl/rankings/best-ball-overall.php,best-overall,bo,Denzel Boston,27339,WR,CLE,147.0,3.52,144,153,,denzel-boston.php,,,36.7,,,,,,11.0,Denzel Boston,2026-07-31,CLE
/nfl/rankings/best-ball-overall.php,best-overall,bo,Daniel Jones,18232,QB,IND,147.2,5.04,141,154,,daniel-jones.php,,,40.7,,,,,,13.0,Daniel Jones,2026-07-31,IND
/nfl/rankings/best-ball-overall.php,best-overall,bo,Brenton Strange,25345,TE,JAC,148.0,14.07,128,172,,brenton-strange.php,,,50.4,,,,,,7.0,Brenton Strange,2026-07-31,JAC
/nfl/rankings/best-ball-overall.php,best-overall,bo,Chig Okonkwo,23982,TE,WAS,148.8,17.08,129,180,,chigoziem-okonkwo.php,,,42.9,,,,,,7.0,Chigoziem Okonkwo,2026-07-31,WAS
/nfl/rankings/best-ball-overall.php,best-overall,bo,Jonah Coleman,27320,RB,DEN,150.2,8.13,139,161,,jonah-coleman.php,,,35.1,,,,,,10.0,Jonah Coleman,2026-07-31,DEN
/nfl/rankings/best-ball-overall.php,best-overall,bo,Zach Charbonnet,23152,RB,SEA,152.4,9.93,145,172,,zach-charbonnet.php,,,71.1,,,,,,11.0,Zach Charbonnet,2026-07-31,SEA
/nfl/rankings/best-ball-overall.php,best-overall,bo,Chris Rodriguez Jr.,22986,RB,JAC,153.2,32.49,124,211,,chris-rodriguez-jr.php,,,45.3,,,,,,7.0,Chris Rodriguez,2026-07-31,JAC
/nfl/rankings/best-ball-overall.php,best-overall,bo,Oronde Gadsden II,25997,TE,LAC,156.0,13.78,130,167,,oronde-gadsden-ii.php,,,53.6,,,,,,7.0,Oronde Gadsden,2026-07-31,LAC
/nfl/rankings/best-ball-overall.php,best-overall,bo,Woody Marks,27520,RB,HOU,157.0,14.93,140,175,,woody-marks.php,,,58.6,,,,,,8.0,Woody Marks,2026-07-31,HOU
/nfl/rankings/best-ball-overall.php,best-overall,bo,Dylan Sampson,27102,RB,CLE,159.6,16.98,134,185,,dylan-sampson.php,,,28.3,,,,,,11.0,Dylan Sampson,2026-07-31,CLE
/nfl/rankings/best-ball-overall.php,best-overall,bo,Alvin Kamara,16421,RB,NO,159.6,13.53,143,184,,alvin-kamara.php,,,54.0,,,,,,8.0,Alvin Kamara,2026-07-31,NOS
/nfl/rankings/best-ball-overall.php,best-overall,bo,Dalton Schultz,17349,TE,HOU,161.6,8.04,149,171,,dalton-schultz.php,,,32.5,,,,,,8.0,Dalton Schultz,2026-07-31,HOU
/nfl/rankings/best-ball-overall.php,best-overall,bo,Kenyon Sadiq,26055,TE,NYJ,161.8,23.63,141,208,,kenyon-sadiq.php,,,64.8,,,,,,13.0,Kenyon Sadiq,2026-07-31,NYJ
/nfl/rankings/best-ball-overall.php,best-overall,bo,Antonio Williams,25418,WR,WAS,163.0,12.02,143,178,,antonio-williams-wr.php,,,28.8,,,,,,7.0,Antonio Williams,2026-07-31,WAS
/nfl/rankings/best-ball-overall.php,best-overall,bo,Greg Dulcich,23153,TE,MIA,163.2,19.83,130,186,,greg-dulcich.php,,,20.5,,,,,,6.0,Greg Dulcich,2026-07-31,MIA
/nfl/rankings/best-ball-overall.php,best-overall,bo,Isiah Pacheco,24333,RB,DET,163.2,10.61,152,182,,isiah-pacheco.php,,,54.5,,,,,,6.0,Isiah Pacheco,2026-07-31,DET
/nfl/rankings/best-ball-overall.php,best-overall,bo,Hunter Henry,15561,TE,NE,163.4,14.68,141,185,,hunter-henry.php,,,64.5,,,,,,11.0,Hunter Henry,2026-07-31,NEP
/nfl/rankings/best-ball-overall.php,best-overall,bo,Geno Smith,11687,QB,NYJ,166.8,9.87,158,185,,geno-smith.php,,,19.5,,,,,,13.0,Geno Smith,2026-07-31,NYJ
/nfl/rankings/best-ball-overall.php,best-overall,bo,Tre Tucker,25337,WR,LV,169.2,22.98,135,202,,tre-tucker.php,,,25.3,,,,,,13.0,Tre Tucker,2026-07-31,LVR
/nfl/rankings/best-ball-overall.php,best-overall,bo,Jalen Nailor,24177,WR,LV,169.4,19.19,154,207,,jalen-nailor.php,,,31.0,,,,,,13.0,Jalen Nailor,2026-07-31,LVR
/nfl/rankings/best-ball-overall.php,best-overall,bo,Jauan Jennings,19590,WR,MIN,169.8,14.39,156,197,,jauan-jennings.php,,,36.2,,,,,,6.0,Jauan Jennings,2026-07-31,MIN
/nfl/rankings/best-ball-overall.php,best-overall,bo,Jerry Jeudy,19201,WR,CLE,171.4,4.32,165,177,,jerry-jeudy.php,,,34.6,,,,,,11.0,Jerry Jeudy,2026-07-31,CLE
/nfl/rankings/best-ball-overall.php,best-overall,bo,T.J. Hockenson,18290,TE,MIN,172.0,17.52,148,192,,tj-hockenson.php,,,56.3,,,,,,6.0,TJ Hockenson,2026-07-31,MIN
/nfl/rankings/best-ball-overall.php,best-overall,bo,Brian Robinson Jr.,20094,RB,ATL,172.4,12.82,160,196,,brian-robinson-jr.php,,,37.2,,,,,,11.0,Brian Robinson,2026-07-31,ATL
/nfl/rankings/best-ball-overall.php,best-overall,bo,De'Zhaun Stribling,28138,WR,SF,174.6,26.58,139,217,,dezhaun-stribling.php,,,21.4,,,,,8.0,8.0,DeZhaun Stribling,2026-07-31,SFO
/nfl/rankings/best-ball-overall.php,best-overall,bo,Tyjae Spears,25323,RB,TEN,180.4,20.37,159,215,,tyjae-spears.php,,,51.1,,,,,,9.0,Tyjae Spears,2026-07-31,TEN
/nfl/rankings/best-ball-overall.php,best-overall,bo,Houston Texans,8120,DST,HOU,180.6,32.93,150,226,,houston-defense.php,,,95.0,,,,,,8.0,Houston Texans,2026-07-31,HOU
/nfl/rankings/best-ball-overall.php,best-overall,bo,AJ Barner,26335,TE,SEA,180.8,23.76,154,225,,aj-barner.php,,,30.3,,,,,,11.0,AJ Barner,2026-07-31,SEA
/nfl/rankings/best-ball-overall.php,best-overall,bo,Aaron Rodgers,9001,QB,PIT,182.0,29.54,166,241,,aaron-rodgers.php,,,22.4,,,,,,9.0,Aaron Rodgers,2026-07-31,PIT
/nfl/rankings/best-ball-overall.php,best-overall,bo,Tank Bigsby,22908,RB,PHI,182.6,27.85,137,216,,tank-bigsby.php,,,30.6,,,,,,10.0,Tank Bigsby,2026-07-31,PHI
/nfl/rankings/best-ball-overall.php,best-overall,bo,Bryce Young,22900,QB,CAR,183.2,32.54,150,231,,bryce-young.php,,,32.6,,,,,,5.0,Bryce Young,2026-07-31,CAR
/nfl/rankings/best-ball-overall.php,best-overall,bo,Jalen McMillan,23179,WR,TB,183.4,25.22,141,209,,jalen-mcmillan.php,,,34.9,,,,,,10.0,Jalen McMillan,2026-07-31,TBB
/nfl/rankings/best-ball-overall.php,best-overall,bo,Adonai Mitchell,24357,WR,NYJ,184.2,17.06,170,217,,adonai-mitchell.php,,,21.1,,,,,,13.0,Adonai Mitchell,2026-07-31,NYJ
/nfl/rankings/best-ball-overall.php,best-overall,bo,Travis Hunter,26034,WR,JAC,185.6,33.9,151,243,,travis-hunter.php,,,67.3,,,,,,7.0,Travis Hunter,2026-07-31,JAC
/nfl/rankings/best-ball-overall.php,best-overall,bo,Los Angeles Rams,8280,DST,LAR,187.2,35.59,150,237,,los-angeles-rams-defense.php,,,84.2,,,,,,11.0,Los Angeles Rams,2026-07-31,LAR
/nfl/rankings/best-ball-overall.php,best-overall,bo,Denver Broncos,8090,DST,DEN,188.4,31.36,160,232,,denver-defense.php,,,92.2,,,,,,10.0,Denver Broncos,2026-07-31,DEN
/nfl/rankings/best-ball-overall.php,best-overall,bo,Germie Bernard,26039,WR,PIT,188.4,19.87,168,226,,germie-bernard.php,,,20.1,,,,,-7.0,9.0,Germie Bernard,2026-07-31,PIT
/nfl/rankings/best-ball-overall.php,best-overall,bo,Malik Washington,26314,WR,MIA,191.0,23.55,159,222,,malik-washington.php,,,19.6,,,,,,6.0,Malik Washington,2026-07-31,MIA
/nfl/rankings/best-ball-overall.php,best-overall,bo,Seattle Seahawks,8260,DST,SEA,191.2,30.8,164,235,,seattle-defense.php,,,95.1,,,,,,11.0,Seattle Seahawks,2026-07-31,SEA
/nfl/rankings/best-ball-overall.php,best-overall,bo,Philadelphia Eagles,8230,DST,PHI,193.4,31.42,166,238,,philadelphia-defense.php,,,83.8,,,,,,10.0,Philadelphia Eagles,2026-07-31,PHI
/nfl/rankings/best-ball-overall.php,best-overall,bo,Jacoby Brissett,15642,QB,ARI,193.8,47.55,139,275,,jacoby-brissett.php,,,25.9,,,,,,14.0,Jacoby Brissett,2026-07-31,ARI
/nfl/rankings/best-ball-overall.php,best-overall,bo,Kaytron Allen,24362,RB,WAS,194.0,31.14,172,254,,kaytron-allen.php,,,21.4,,,,,,7.0,Kaytron Allen,2026-07-31,WAS
/nfl/rankings/best-ball-overall.php,best-overall,bo,Cade Otton,23181,TE,TB,194.0,16.53,176,225,,cade-otton.php,,,23.2,,,,,,10.0,Cade Otton,2026-07-31,TBB
/nfl/rankings/best-ball-overall.php,best-overall,bo,Darnell Mooney,19810,WR,NYG,194.4,13.15,170,209,,darnell-mooney.php,,,17.2,,,,,,8.0,Darnell Mooney,2026-07-31,NYG
/nfl/rankings/best-ball-overall.php,best-overall,bo,Tre' Harris,26215,WR,LAC,194.6,24.89,162,233,,tre-harris.php,,,18.9,,,,,,7.0,Tre Harris,2026-07-31,LAC
/nfl/rankings/best-ball-overall.php,best-overall,bo,Calvin Ridley,17258,WR,TEN,194.8,10.57,180,212,,calvin-ridley.php,,,24.2,,,,,,9.0,Calvin Ridley,2026-07-31,TEN
/nfl/rankings/best-ball-overall.php,best-overall,bo,Jaylin Noel,27122,WR,HOU,195.0,12.54,173,206,,jaylin-noel.php,,,13.8,,,,,,8.0,Jaylin Noel,2026-07-31,HOU
/nfl/rankings/best-ball-overall.php,best-overall,bo,Braelon Allen,24346,RB,NYJ,195.6,27.35,162,240,,braelon-allen.php,,,25.5,,,,,,13.0,Braelon Allen,2026-07-31,NYJ
/nfl/rankings/best-ball-overall.php,best-overall,bo,Dontayvion Wicks,24354,WR,PHI,195.6,13.81,179,220,,dontayvion-wicks.php,,,12.2,,,,,,10.0,Dontayvion Wicks,2026-07-31,PHI
/nfl/rankings/best-ball-overall.php,best-overall,bo,Deebo Samuel Sr.,18244,WR,SF,196.4,34.6,156,251,,deebo-samuel.php,,,32.6,,,,,,8.0,Deebo Samuel,2026-07-31,SFO
/nfl/rankings/best-ball-overall.php,best-overall,bo,Isaac TeSlaa,27446,WR,DET,198.6,23.18,182,244,,isaac-teslaa.php,,,22.5,,,,,,6.0,Isaac TeSlaa,2026-07-31,DET
/nfl/rankings/best-ball-overall.php,best-overall,bo,Emmett Johnson,28107,RB,KC,199.0,43.62,163,281,,emmett-johnson.php,,,27.0,,,,,,5.0,Emmett Johnson,2026-07-31,KCC
/nfl/rankings/best-ball-overall.php,best-overall,bo,Terrance Ferguson,23091,TE,LAR,202.2,7.14,191,212,,terrance-ferguson.php,,,22.1,,,,,,11.0,Terrance Ferguson,2026-07-31,LAR
/nfl/rankings/best-ball-overall.php,best-overall,bo,MarShawn Lloyd,23118,RB,GB,204.4,41.07,148,276,,marshawn-lloyd.php,,,10.7,,,,,,11.0,MarShawn Lloyd,2026-07-31,GBP
/nfl/rankings/best-ball-overall.php,best-overall,bo,Kayshon Boutte,22989,WR,NE,204.8,11.11,189,219,,kayshon-boutte.php,,,21.6,,,,,,11.0,Kayshon Boutte,2026-07-31,NEP
/nfl/rankings/best-ball-overall.php,best-overall,bo,Nicholas Singleton,24343,RB,TEN,205.2,36.92,164,270,,nick-singleton.php,,,25.7,,,,,,9.0,Nicholas Singleton,2026-07-31,TEN
/nfl/rankings/best-ball-overall.php,best-overall,bo,New England Patriots,8180,DST,NE,207.0,28.67,174,247,,new-england-defense.php,,,79.6,,,,,,11.0,New England Patriots,2026-07-31,NEP
/nfl/rankings/best-ball-overall.php,best-overall,bo,Pat Freiermuth,20163,TE,PIT,207.4,16.08,190,229,,pat-freiermuth.php,,,20.2,,,,,,9.0,Pat Freiermuth,2026-07-31,PIT
/nfl/rankings/best-ball-overall.php,best-overall,bo,Ryan Flournoy,26398,WR,DAL,208.0,63.23,161,330,,ryan-flournoy.php,,,17.7,,,,,,14.0,Ryan Flournoy,2026-07-31,DAL
/nfl/rankings/best-ball-overall.php,best-overall,bo,Jacksonville Jaguars,8140,DST,JAC,208.2,26.84,179,248,,jacksonville-defense.php,,,67.7,,,,,,7.0,Jacksonville Jaguars,2026-07-31,JAC
/nfl/rankings/best-ball-overall.php,best-overall,bo,Mike Gesicki,17272,TE,CIN,208.2,18.27,184,231,,mike-gesicki.php,,,13.4,,,,,,6.0,Mike Gesicki,2026-07-31,CIN
/nfl/rankings/best-ball-overall.php,best-overall,bo,Pittsburgh Steelers,8240,DST,PIT,208.6,30.53,179,251,,pittsburgh-defense.php,,,70.5,,,,,,9.0,Pittsburgh Steelers,2026-07-31,PIT
/nfl/rankings/best-ball-overall.php,best-overall,bo,Elijah Sarratt,27463,WR,BAL,210.6,26.58,193,263,,elijah-sarratt.php,,,16.3,,,,,,13.0,Elijah Sarratt,2026-07-31,BAL
/nfl/rankings/best-ball-overall.php,best-overall,bo,Minnesota Vikings,8170,DST,MIN,211.2,30.47,173,245,,minnesota-defense.php,,,62.7,,,,,,6.0,Minnesota Vikings,2026-07-31,MIN
/nfl/rankings/best-ball-overall.php,best-overall,bo,Detroit Lions,8100,DST,DET,211.8,34.0,177,259,,detroit-defense.php,,,50.6,,,,,,6.0,Detroit Lions,2026-07-31,DET
/nfl/rankings/best-ball-overall.php,best-overall,bo,Cooper Kupp,16433,WR,SEA,212.0,9.65,202,226,,cooper-kupp.php,,,16.9,,,,,,11.0,Cooper Kupp,2026-07-31,SEA
/nfl/rankings/best-ball-overall.php,best-overall,bo,Gunnar Helm,27109,TE,TEN,212.2,19.57,181,235,,gunnar-helm.php,,,20.8,,,,,,9.0,Gunnar Helm,2026-07-31,TEN
/nfl/rankings/best-ball-overall.php,best-overall,bo,James Conner,16447,RB,ARI,212.4,56.55,168,314,,james-conner.php,,,29.4,,,,,,14.0,James Conner,2026-07-31,ARI
/nfl/rankings/best-ball-overall.php,best-overall,bo,Mike Washington Jr.,28108,RB,LV,213.0,18.02,178,230,,mike-washington-jr.php,,,25.7,,,,,,13.0,Mike Washington,2026-07-31,LVR
/nfl/rankings/best-ball-overall.php,best-overall,bo,Brandon Aubrey,26068,K,DAL,216.0,44.29,176,283,,brandon-aubrey.php,,,97.4,,,,,,14.0,Brandon Aubrey,2026-07-31,DAL
/nfl/rankings/best-ball-overall.php,best-overall,bo,Ted Hurst III,28130,WR,TB,216.6,28.43,190,269,,ted-hurst.php,,,17.3,,,,,,10.0,Ted Hurst,2026-07-31,TBB
/nfl/rankings/best-ball-overall.php,best-overall,bo,Zachariah Branch,25419,WR,ATL,217.4,24.18,189,261,,zachariah-branch.php,,,22.7,,,,,,11.0,Zachariah Branch,2026-07-31,ATL
/nfl/rankings/best-ball-overall.php,best-overall,bo,Tank Dell,25361,WR,HOU,187.25,6.5,180,197,,nathaniel-dell.php,,,24.0,,,,,17.0,8.0,Tank Dell,2026-07-31,HOU
/nfl/rankings/best-ball-overall.php,best-overall,bo,Ray Davis,26191,RB,BUF,218.2,16.63,192,237,,ray-davis.php,,,18.1,,,,,,7.0,Ray Davis,2026-07-31,BUF
/nfl/rankings/best-ball-overall.php,best-overall,bo,Rashod Bateman,19794,WR,BAL,218.6,7.06,205,225,,rashod-bateman.php,,,10.2,,,,,13.0,13.0,Rashod Bateman,2026-07-31,BAL
/nfl/rankings/best-ball-overall.php,best-overall,bo,Kansas City Chiefs,8150,DST,KC,220.0,30.13,187,263,,kansas-city-defense.php,,,24.5,,,,,,5.0,Kansas City Chiefs,2026-07-31,KCC
/nfl/rankings/best-ball-overall.php,best-overall,bo,Pat Bryant,27211,WR,DEN,220.2,28.34,197,276,,pat-bryant.php,,,14.4,,,,,,10.0,Pat Bryant,2026-07-31,DEN
/nfl/rankings/best-ball-overall.php,best-overall,bo,Ka'imi Fairbairn,15756,K,HOU,220.4,42.32,184,285,,kaimi-fairbairn.php,,,89.9,,,,,,8.0,Kaimi Fairbairn,2026-07-31,HOU
/nfl/rankings/best-ball-overall.php,best-overall,bo,Cam Little,26475,K,JAC,220.8,43.67,181,287,,cam-little.php,,,86.0,,,,,,7.0,Cam Little,2026-07-31,JAC
/nfl/rankings/best-ball-overall.php,best-overall,bo,Emanuel Wilson,25885,RB,SEA,221.4,46.56,169,277,,emanuel-wilson.php,,,17.2,,,,,,11.0,Emanuel Wilson,2026-07-31,SEA
/nfl/rankings/best-ball-overall.php,best-overall,bo,Ja'Kobi Lane,27337,WR,BAL,221.4,22.46,201,264,,jakobi-lane.php,,,19.6,,,,,,13.0,JaKobi Lane,2026-07-31,BAL
/nfl/rankings/best-ball-overall.php,best-overall,bo,Chris Bell,26038,WR,MIA,221.4,23.57,205,268,,chris-bell.php,,,19.8,,,,,,6.0,Chris Bell,2026-07-31,MIA
/nfl/rankings/best-ball-overall.php,best-overall,bo,Michael Penix Jr.,22973,QB,ATL,221.6,28.09,178,261,,michael-penix-jr.php,,,16.1,,,,,4.0,11.0,Michael Penix,2026-07-31,ATL
/nfl/rankings/best-ball-overall.php,best-overall,bo,Chris Brazzell II,28047,WR,CAR,192.0,10.12,175,201,,chris-brazzell-ii.php,,,14.4,,,,,,5.0,Chris Brazzell,2026-07-31,CAR
/nfl/rankings/best-ball-overall.php,best-overall,bo,Kaelon Black,28401,RB,SF,221.8,38.49,155,271,,kaelon-black.php,,,13.2,,,,,,8.0,Kaelon Black,2026-07-31,SFO
/nfl/rankings/best-ball-overall.php,best-overall,bo,Troy Franklin,23092,WR,DEN,222.0,17.66,193,247,,troy-franklin.php,,,16.6,,,,,,10.0,Troy Franklin,2026-07-31,DEN
/nfl/rankings/best-ball-overall.php,best-overall,bo,Los Angeles Chargers,8250,DST,LAC,224.2,38.49,180,278,,los-angeles-chargers-defense.php,,,50.0,,,,,,7.0,Los Angeles Chargers,2026-07-31,LAC
/nfl/rankings/best-ball-overall.php,best-overall,bo,Tua Tagovailoa,19198,QB,ATL,224.2,31.94,192,284,,tua-tagovailoa.php,,,22.4,,,,,,11.0,Tua Tagovailoa,2026-07-31,ATL
/nfl/rankings/best-ball-overall.php,best-overall,bo,Cameron Dicker,23901,K,LAC,224.4,43.53,182,289,,cameron-dicker.php,,,95.2,,,,,,7.0,Cameron Dicker,2026-07-31,LAC
/nfl/rankings/best-ball-overall.php,best-overall,bo,Baltimore Ravens,8020,DST,BAL,226.0,38.87,175,278,,baltimore-defense.php,,,47.8,,,,,,13.0,Baltimore Ravens,2026-07-31,BAL
/nfl/rankings/best-ball-overall.php,best-overall,bo,Fernando Mendoza,28013,QB,LV,226.0,58.2,179,335,,fernando-mendoza.php,,,34.3,,,,,,13.0,Fernando Mendoza,2026-07-31,LVR
/nfl/rankings/best-ball-overall.php,best-overall,bo,Evan McPherson,23297,K,CIN,228.0,42.5,186,291,,evan-mcpherson.php,,,40.6,,,,,,6.0,Evan McPherson,2026-07-31,CIN
/nfl/rankings/best-ball-overall.php,best-overall,bo,Evan Engram,16411,TE,DEN,229.4,17.72,209,255,,evan-engram.php,,,12.9,,,,,,10.0,Evan Engram,2026-07-31,DEN
/nfl/rankings/best-ball-overall.php,best-overall,bo,Darius Slayton,18706,WR,NYG,230.2,34.78,171,271,,darius-slayton.php,,,6.0,,,,,,8.0,Darius Slayton,2026-07-31,NYG
/nfl/rankings/best-ball-overall.php,best-overall,bo,Jaydon Blue,24344,RB,DAL,231.0,51.96,165,308,,jaydon-blue.php,,,13.1,,,,,,14.0,Jaydon Blue,2026-07-31,DAL
/nfl/rankings/best-ball-overall.php,best-overall,bo,Tyquan Thornton,22913,WR,KC,231.6,53.97,142,311,,tyquan-thornton.php,,,6.4,,,,,-10.0,5.0,Tyquan Thornton,2026-07-31,KCC
/nfl/rankings/best-ball-overall.php,best-overall,bo,Tyler Loop,27534,K,BAL,232.6,43.4,194,301,,tyler-loop.php,,,59.0,,,,,,13.0,Tyler Loop,2026-07-31,BAL
/nfl/rankings/best-ball-overall.php,best-overall,bo,Malachi Fields,27994,WR,NYG,234.2,13.04,218,253,,malachi-fields.php,,,17.1,,,,,,8.0,Malachi Fields,2026-07-31,NYG
/nfl/rankings/best-ball-overall.php,best-overall,bo,Tory Horton,26022,WR,SEA,235.4,31.0,216,297,,tory-horton.php,,,13.3,,,,,,11.0,Tory Horton,2026-07-31,SEA
/nfl/rankings/best-ball-overall.php,best-overall,bo,Jason Myers,14003,K,SEA,235.8,39.37,196,296,,jason-myers.php,,,90.4,,,,,,11.0,Jason Myers,2026-07-31,SEA
/nfl/rankings/best-ball-overall.php,best-overall,bo,Demond Claiborne,28084,RB,MIN,236.0,17.48,217,259,,demond-claiborne.php,,,16.0,,,,,,6.0,Demond Claiborne,2026-07-31,MIN
/nfl/rankings/best-ball-overall.php,best-overall,bo,Eddy Pineiro,17575,K,SF,236.8,43.11,192,303,,eddy-pineiro.php,,,59.7,,,,,,8.0,Eddy Pineiro,2026-07-31,SFO
/nfl/rankings/best-ball-overall.php,best-overall,bo,Sean Tucker,23679,RB,TB,237.6,19.0,215,272,,sean-tucker.php,,,19.4,,,,,,10.0,Sean Tucker,2026-07-31,TBB
/nfl/rankings/best-ball-overall.php,best-overall,bo,David Njoku,16399,TE,LAC,237.8,10.32,223,251,,david-njoku.php,,,25.1,,,,,,7.0,David Njoku,2026-07-31,LAC
/nfl/rankings/best-ball-overall.php,best-overall,bo,Green Bay Packers,8110,DST,GB,212.25,30.29,182,250,,green-bay-defense.php,,,31.9,,,,,,11.0,Green Bay Packers,2026-07-31,GBP
/nfl/rankings/best-ball-overall.php,best-overall,bo,Buffalo Bills,8030,DST,BUF,238.2,34.9,189,279,,buffalo-defense.php,,,31.3,,,,,,7.0,Buffalo Bills,2026-07-31,BUF
/nfl/rankings/best-ball-overall.php,best-overall,bo,Skyler Bell,28126,WR,BUF,238.6,35.08,187,283,,skyler-bell.php,,,13.8,,,,,,7.0,Skyler Bell,2026-07-31,BUF
/nfl/rankings/best-ball-overall.php,best-overall,bo,Jalen Tolbert,23770,WR,MIA,238.8,44.08,154,278,,jalen-tolbert.php,,,4.8,,,,,,6.0,Jalen Tolbert,2026-07-31,MIA
/nfl/rankings/best-ball-overall.php,best-overall,bo,Chimere Dike,27315,WR,TEN,240.4,20.88,215,271,,chimere-dike.php,,,14.7,,,,,,9.0,Chimere Dike,2026-07-31,TEN
/nfl/rankings/best-ball-overall.php,best-overall,bo,Shedeur Sanders,25968,QB,CLE,241.0,9.1,227,254,,shedeur-sanders.php,,,17.7,,,,,,11.0,Shedeur Sanders,2026-07-31,CLE
/nfl/rankings/best-ball-overall.php,best-overall,bo,Kirk Cousins,11177,QB,LV,241.2,45.68,176,307,,kirk-cousins.php,,,14.3,,,,,,13.0,Kirk Cousins,2026-07-31,LVR
/nfl/rankings/best-ball-overall.php,best-overall,bo,Eli Stowers,23144,TE,PHI,241.8,39.08,199,301,,eli-stowers.php,,,24.0,,,,,,10.0,Eli Stowers,2026-07-31,PHI
/nfl/rankings/best-ball-overall.php,best-overall,bo,Jaylen Wright,25987,RB,MIA,242.4,52.45,159,320,,jaylen-wright.php,,,13.1,,,,,,6.0,Jaylen Wright,2026-07-31,MIA
/nfl/rankings/best-ball-overall.php,best-overall,bo,Chase McLaughlin,19058,K,TB,243.2,38.59,204,304,,chase-mclaughlin.php,,,23.4,,,,,,10.0,Chase McLaughlin,2026-07-31,TBB
/nfl/rankings/best-ball-overall.php,best-overall,bo,Ollie Gordon II,25984,RB,MIA,243.4,45.12,176,318,,ollie-gordon.php,,,4.5,,,,,,6.0,Ollie Gordon,2026-07-31,MIA
/nfl/rankings/best-ball-overall.php,best-overall,bo,Brandon Aiyuk,19252,WR,SF,243.6,36.34,196,298,,brandon-aiyuk.php,,,27.2,,,,,-11.0,8.0,Brandon Aiyuk,2026-07-31,SFO
/nfl/rankings/best-ball-overall.php,best-overall,bo,Bryce Lance,28129,WR,NO,244.0,27.48,195,274,,bryce-lance.php,,,4.0,,,,,-10.0,8.0,Bryce Lance,2026-07-31,NOS
/nfl/rankings/best-ball-overall.php,best-overall,bo,Andy Borregales,27291,K,NE,245.0,37.59,200,302,,andres-borregales.php,,,25.4,,,,,,11.0,Andy Borregales,2026-07-31,NEP
/nfl/rankings/best-ball-overall.php,best-overall,bo,Cairo Santos,13731,K,CHI,245.8,38.39,210,306,,cairo-santos.php,,,24.9,,,,,,10.0,Cairo Santos,2026-07-31,CHI
/nfl/rankings/best-ball-overall.php,best-overall,bo,Cleveland Browns,8070,DST,CLE,223.5,26.71,186,253,,cleveland-defense.php,,,25.2,,,,,,11.0,Cleveland Browns,2026-07-31,CLE
/nfl/rankings/best-ball-overall.php,best-overall,bo,Deshaun Watson,16398,QB,CLE,247.0,51.62,205,339,,deshaun-watson.php,,,16.9,,,,,,11.0,Deshaun Watson,2026-07-31,CLE
/nfl/rankings/best-ball-overall.php,best-overall,bo,Samaje Perine,16423,RB,CIN,247.0,14.75,229,262,,samaje-perine.php,,,5.0,,,,,,6.0,Samaje Perine,2026-07-31,CIN
/nfl/rankings/best-ball-overall.php,best-overall,bo,Christian Kirk,17268,WR,SF,224.0,15.86,207,246,,christian-kirk.php,,,13.0,,,,,,8.0,Christian Kirk,2026-07-31,SFO
/nfl/rankings/best-ball-overall.php,best-overall,bo,Jake Bates,26075,K,DET,248.8,43.83,190,313,,jake-bates.php,,,58.9,,,,,,6.0,Jake Bates,2026-07-31,DET
/nfl/rankings/best-ball-overall.php,best-overall,bo,Tyreek Hill,15802,WR,FA,226.25,47.12,174,299,,tyreek-hill.php,,,31.9,,,,,,,Tyreek Hill,2026-07-31,FA
/nfl/rankings/best-ball-overall.php,best-overall,bo,Darnell Washington,22967,TE,PIT,249.6,25.62,228,293,,darnell-washington.php,,,12.5,,,,,,9.0,Darnell Washington,2026-07-31,PIT
/nfl/rankings/best-ball-overall.php,best-overall,bo,Jordan James,27310,RB,SF,251.6,55.68,188,350,,jordan-james.php,,,15.1,,,,,,8.0,Jordan James,2026-07-31,SFO
/nfl/rankings/best-ball-overall.php,best-overall,bo,Kimani Vidal,26355,RB,LAC,251.0,37.3,199,298,,kimani-vidal.php,,,18.2,,,,,,7.0,Kimani Vidal,2026-07-31,LAC
/nfl/rankings/best-ball-overall.php,best-overall,bo,Keon Coleman,26019,WR,BUF,252.0,33.15,210,298,,keon-coleman.php,,,11.8,,,,,,7.0,Keon Coleman,2026-07-31,BUF
/nfl/rankings/best-ball-overall.php,best-overall,bo,Harrison Mevis,26638,K,LAR,252.0,36.44,217,310,,harrison-mevis.php,,,50.4,,,,,,11.0,Harrison Mevis,2026-07-31,LAR
/nfl/rankings/best-ball-overall.php,best-overall,bo,George Holani,22915,RB,SEA,252.6,34.45,211,316,,george-holani.php,,,8.4,,,,,,11.0,George Holani,2026-07-31,SEA
/nfl/rankings/best-ball-overall.php,best-overall,bo,Justice Hill,18256,RB,BAL,253.6,21.88,213,278,,justice-hill.php,,,9.1,,,,,,13.0,Justice Hill,2026-07-31,BAL
/nfl/rankings/best-ball-overall.php,best-overall,bo,Jake Tonges,24778,TE,SF,254.8,16.47,228,272,,jake-tonges.php,,,17.6,,,,,,8.0,Jake Tonges,2026-07-31,SFO
/nfl/rankings/best-ball-overall.php,best-overall,bo,Jahan Dotson,23101,WR,ATL,235.5,59.14,140,290,,jahan-dotson.php,,,4.0,,,,,,11.0,Jahan Dotson,2026-07-31,ATL
/nfl/rankings/best-ball-overall.php,best-overall,bo,Chris Boswell,13029,K,PIT,256.8,41.89,202,320,,chris-boswell.php,,,39.4,,,,,,9.0,Chris Boswell,2026-07-31,PIT
/nfl/rankings/best-ball-overall.php,best-overall,bo,Cyrus Allen,28424,WR,KC,238.25,36.42,187,290,,cyrus-allen.php,,,2.6,,,,,,5.0,Cyrus Allen,2026-07-31,KCC
/nfl/rankings/best-ball-overall.php,best-overall,bo,Jack Bech,27224,WR,LV,259.2,14.52,240,273,,jack-bech.php,,,12.2,,,,,,13.0,Jack Bech,2026-07-31,LVR
/nfl/rankings/best-ball-overall.php,best-overall,bo,Michael Mayer,23056,TE,LV,262.0,44.25,210,328,,michael-mayer.php,,,11.5,,,,,,13.0,Michael Mayer,2026-07-31,LVR
/nfl/rankings/best-ball-overall.php,best-overall,bo,Elic Ayomanor,27059,WR,TEN,245.75,15.37,234,272,,elic-ayomanor.php,,,11.1,,,,,,9.0,Elic Ayomanor,2026-07-31,TEN
/nfl/rankings/best-ball-overall.php,best-overall,bo,Wil Lutz,16026,K,DEN,246.75,25.35,222,286,,wil-lutz.php,,,8.3,,,,,,10.0,Wil Lutz,2026-07-31,DEN
/nfl/rankings/best-ball-overall.php,best-overall,bo,Devaughn Vele,26409,WR,NO,247.25,45.57,206,324,,devaughn-vele.php,,,8.9,,,,,,8.0,Devaughn Vele,2026-07-31,NOS
/nfl/rankings/best-ball-overall.php,best-overall,bo,Colby Parkinson,19372,TE,LAR,266.0,17.94,243,292,,colby-parkinson.php,,,20.3,,,,,,11.0,Colby Parkinson,2026-07-31,LAR
/nfl/rankings/best-ball-overall.php,best-overall,bo,Brenen Thompson,28133,WR,LAC,247.5,27.51,200,266,,brenen-thompson.php,,,3.8,,,,,,7.0,Brenen Thompson,2026-07-31,LAC
/nfl/rankings/best-ball-overall.php,best-overall,bo,Ty Johnson,18406,RB,BUF,251.25,9.93,236,263,,ty-johnson.php,,,4.0,,,,,,7.0,Ty Johnson,2026-07-31,BUF
/nfl/rankings/best-ball-overall.php,best-overall,bo,Harrison Butker,16712,K,KC,251.75,37.84,198,293,,harrison-butker.php,,,38.9,,,,,,5.0,Harrison Butker,2026-07-31,KCC
/nfl/rankings/best-ball-overall.php,best-overall,bo,Marvin Mims Jr.,23080,WR,DEN,252.5,30.9,202,286,,marvin-mims.php,,,10.5,,,,,,10.0,Marvin Mims,2026-07-31,DEN
/nfl/rankings/best-ball-overall.php,best-overall,bo,DJ Giddens,27097,RB,IND,272.8,41.43,227,348,,dj-giddens.php,,,3.8,,,,,,13.0,DJ Giddens,2026-07-31,IND
/nfl/rankings/best-ball-overall.php,best-overall,bo,Theo Johnson,23104,TE,NYG,274.4,23.02,232,294,,theo-johnson.php,,,14.9,,,,,,8.0,Theo Johnson,2026-07-31,NYG
/nfl/rankings/best-ball-overall.php,best-overall,bo,Chris Brooks,25823,RB,GB,259.25,60.18,157,310,,christopher-brooks.php,,,8.3,,,,,,11.0,Chris Brooks,2026-07-31,GBP
/nfl/rankings/best-ball-overall.php,best-overall,bo,Atlanta Falcons,8010,DST,ATL,260.75,43.96,218,318,,atlanta-defense.php,,,12.9,,,,,,11.0,Atlanta Falcons,2026-07-31,ATL
/nfl/rankings/best-ball-overall.php,best-overall,bo,Trey Benson,25388,RB,ARI,280.6,56.39,187,357,,trey-benson.php,,,15.3,,,,,,14.0,Trey Benson,2026-07-31,ARI
/nfl/rankings/best-ball-overall.php,best-overall,bo,Andrei Iosivas,25335,WR,CIN,262.75,39.92,197,304,,andrei-iosivas.php,,,6.2,,,,,,6.0,Andrei Iosivas,2026-07-31,CIN
/nfl/rankings/best-ball-overall.php,best-overall,bo,Adam Randall,24367,RB,BAL,265.0,18.15,248,291,,adam-randall.php,,,5.3,,,,,,13.0,Adam Randall,2026-07-31,BAL
/nfl/rankings/best-ball-overall.php,best-overall,bo,Devin Singletary,18280,RB,NYG,265.75,32.16,212,297,,devin-singletary.php,,,1.4,,,,,,8.0,Devin Singletary,2026-07-31,NYG
/nfl/rankings/best-ball-overall.php,best-overall,bo,Malik Davis,24205,RB,DAL,267.25,29.98,236,302,,malik-davis.php,,,4.9,,,,,,14.0,Malik Davis,2026-07-31,DAL
/nfl/rankings/best-ball-overall.php,best-overall,bo,Joshua Palmer,22845,WR,BUF,243.67,29.94,222,286,,josh-palmer.php,,,1.2,,,,,,7.0,Josh Palmer,2026-07-31,BUF
/nfl/rankings/best-ball-overall.php,best-overall,bo,Keenan Allen,11616,WR,LAC,245.0,32.78,217,291,,keenan-allen.php,,,9.1,,,,,,7.0,Keenan Allen,2026-07-31,LAC
/nfl/rankings/best-ball-overall.php,best-overall,bo,Charlie Smyth,26444,K,NO,269.25,35.57,225,319,,charlie-smyth.php,,,3.3,,,,,,8.0,Charlie Smyth,2026-07-31,NOS
/nfl/rankings/best-ball-overall.php,best-overall,bo,New Orleans Saints,8190,DST,NO,246.33,29.32,219,287,,new-orleans-defense.php,,,21.9,,,,,,8.0,New Orleans Saints,2026-07-31,NOS
/nfl/rankings/best-ball-overall.php,best-overall,bo,Kaleb Johnson,27165,RB,PIT,290.6,42.33,226,358,,kaleb-johnson-rb.php,,,10.5,,,,,,9.0,Kaleb Johnson,2026-07-31,PIT
/nfl/rankings/best-ball-overall.php,best-overall,bo,Dallas Cowboys,8080,DST,DAL,208.5,23.5,185,232,,dallas-defense.php,,,20.4,,,,,,14.0,Dallas Cowboys,2026-07-31,DAL
/nfl/rankings/best-ball-overall.php,best-overall,bo,Caleb Douglas,28135,WR,MIA,274.75,18.27,256,294,,caleb-douglas.php,,,4.4,,,,,,6.0,Caleb Douglas,2026-07-31,MIA
/nfl/rankings/best-ball-overall.php,best-overall,bo,Carson Beck,22953,QB,ARI,276.0,37.9,239,338,,carson-beck.php,,,12.3,,,,,,14.0,Carson Beck,2026-07-31,ARI
/nfl/rankings/best-ball-overall.php,best-overall,bo,Hollywood Brown,18226,WR,PHI,258.0,5.35,252,265,,marquise-brown.php,,,5.7,,,,,,10.0,Marquise Brown,2026-07-31,PHI
/nfl/rankings/best-ball-overall.php,best-overall,bo,Olamide Zaccheaus,18864,WR,ATL,279.25,39.3,225,332,,olamide-zaccheaus.php,,,4.6,,,,,,11.0,Olamide Zaccheaus,2026-07-31,ATL
/nfl/rankings/best-ball-overall.php,best-overall,bo,Nick Westbrook-Ikhine,19747,WR,IND,219.5,35.5,184,255,,nick-westbrook.php,,,1.6,,,,,,13.0,Nick Westbrook-Ikhine,2026-07-31,IND
/nfl/rankings/best-ball-overall.php,best-overall,bo,Kendrick Bourne,17066,WR,ARI,261.33,35.93,214,301,,kendrick-bourne.php,,,3.1,,,,,,14.0,Kendrick Bourne,2026-07-31,ARI
/nfl/rankings/best-ball-overall.php,best-overall,bo,Xavier Legette,26136,WR,CAR,266.33,45.64,207,318,,xavier-legette.php,,,2.7,,,,,,5.0,Xavier Legette,2026-07-31,CAR
/nfl/rankings/best-ball-overall.php,best-overall,bo,Eli Heidenreich,28297,RB,PIT,272.0,75.1,172,353,,eli-heidenreich.php,,,2.0,,,,,,9.0,Eli Heidenreich,2026-07-31,PIT
/nfl/rankings/best-ball-overall.php,best-overall,bo,Mason Taylor,26005,TE,NYJ,286.25,13.66,273,307,,mason-taylor.php,,,14.8,,,,,,13.0,Mason Taylor,2026-07-31,NYJ
/nfl/rankings/best-ball-overall.php,best-overall,bo,Devin Neal,23682,RB,NO,294.5,55.41,217,369,,devin-neal.php,,,7.8,,,,,,8.0,Devin Neal,2026-07-31,NOS
/nfl/rankings/best-ball-overall.php,best-overall,bo,Justin Fields,19781,QB,KC,288.75,24.0,267,329,,justin-fields.php,,,10.2,,,,,,5.0,Justin Fields,2026-07-31,KCC
/nfl/rankings/best-ball-overall.php,best-overall,bo,LeQuint Allen Jr.,27285,RB,JAC,289.25,23.56,249,309,,lequint-allen-jr.php,,,6.9,,,,,,7.0,LeQuint Allen,2026-07-31,JAC
/nfl/rankings/best-ball-overall.php,best-overall,bo,Mack Hollins,16489,WR,NE,290.25,20.13,264,314,,mack-hollins.php,,,2.9,,,,,,11.0,Mack Hollins,2026-07-31,NEP
/nfl/rankings/best-ball-overall.php,best-overall,bo,Zavion Thomas,28132,WR,CHI,277.33,31.79,233,306,,zavion-thomas.php,,,5.1,,,,,,10.0,Zavion Thomas,2026-07-31,CHI
/nfl/rankings/best-ball-overall.php,best-overall,bo,Elijah Arroyo,23004,TE,SEA,293.25,5.8,284,300,,elijah-arroyo.php,,,7.1,,,,,,11.0,Elijah Arroyo,2026-07-31,SEA
/nfl/rankings/best-ball-overall.php,best-overall,bo,Najee Harris,19302,RB,LAC,278.33,31.84,247,322,,najee-harris-rb.php,,,8.7,,,,,,7.0,Najee Harris,2026-07-31,LAC
/nfl/rankings/best-ball-overall.php,best-overall,bo,Kyle Williams,27487,WR,NE,282.67,15.15,265,302,,kyle-williams-wr-2025.php,,,7.4,,,,,,11.0,Kyle Williams,2026-07-31,NEP
/nfl/rankings/best-ball-overall.php,best-overall,bo,Isaac Guerendo,26392,RB,SF,284.0,62.81,197,343,,isaac-guerendo.php,,,1.6,,,,,,8.0,Isaac Guerendo,2026-07-31,SFO
/nfl/rankings/best-ball-overall.php,best-overall,bo,Zane Gonzalez,16548,K,MIA,286.33,37.51,236,326,,zane-gonzalez.php,,,1.7,,,,,,6.0,Zane Gonzalez,2026-07-31,MIA
/nfl/rankings/best-ball-overall.php,best-overall,bo,Ja'Tavion Sanders,24334,TE,CAR,260.0,15.0,245,275,,jatavion-sanders.php,,,4.7,,,,,,5.0,JaTavion Sanders,2026-07-31,CAR
/nfl/rankings/best-ball-overall.php,best-overall,bo,Indianapolis Colts,8130,DST,IND,263.0,29.0,234,292,,indianapolis-defense.php,,,19.3,,,,,,13.0,Indianapolis Colts,2026-07-31,IND
/nfl/rankings/best-ball-overall.php,best-overall,bo,Luke McCaffrey,26328,WR,WAS,267.5,30.5,237,298,,luke-mccaffrey.php,,,1.2,,,,,,7.0,Luke McCaffrey,2026-07-31,WAS
/nfl/rankings/best-ball-overall.php,best-overall,bo,Isaiah Davis,25977,RB,NYJ,293.33,26.71,256,317,,isaiah-davis.php,,,4.1,,,,,,13.0,Isaiah Davis,2026-07-31,NYJ
/nfl/rankings/best-ball-overall.php,best-overall,bo,J.J. McCarthy,23018,QB,MIN,293.67,20.04,279,322,,jj-mccarthy.php,,,13.2,,,,,,6.0,JJ McCarthy,2026-07-31,MIN
/nfl/rankings/best-ball-overall.php,best-overall,bo,Seth McGowan,23079,RB,IND,271.0,41.0,230,312,,seth-mcgowan.php,,,3.4,,,,,,13.0,Seth McGowan,2026-07-31,IND
/nfl/rankings/best-ball-overall.php,best-overall,bo,Tez Johnson,27147,WR,TB,295.33,26.56,262,327,,tez-johnson.php,,,2.2,,,,,,10.0,Tez Johnson,2026-07-31,TBB
/nfl/rankings/best-ball-overall.php,best-overall,bo,Emari Demercado,25654,RB,KC,296.33,41.97,238,335,,emari-demercado.php,,,3.2,,,,,,5.0,Emari Demercado,2026-07-31,KCC
/nfl/rankings/best-ball-overall.php,best-overall,bo,Max Klare,27993,TE,LAR,298.67,11.15,283,308,,max-klare.php,,,11.3,,,,,,11.0,Max Klare,2026-07-31,LAR
/nfl/rankings/best-ball-overall.php,best-overall,bo,Marcus Mariota,13890,QB,WAS,278.5,49.5,229,328,,marcus-mariota.php,,,5.1,,,,,,7.0,Marcus Mariota,2026-07-31,WAS
/nfl/rankings/best-ball-overall.php,best-overall,bo,Cole Kmet,19229,TE,CHI,279.5,29.5,250,309,,cole-kmet.php,,,7.3,,,,,,10.0,Cole Kmet,2026-07-31,CHI
/nfl/rankings/best-ball-overall.php,best-overall,bo,Brashard Smith,27259,RB,KC,300.33,22.87,268,317,,brashard-smith.php,,,6.0,,,,,,5.0,Brashard Smith,2026-07-31,KCC
/nfl/rankings/best-ball-overall.php,best-overall,bo,Tahj Brooks,26212,RB,CIN,305.67,37.37,263,354,,tahj-brooks.php,,,1.6,,,,,,6.0,Tahj Brooks,2026-07-31,CIN
/nfl/rankings/best-ball-overall.php,best-overall,bo,Erick All Jr.,23837,TE,CIN,285.0,34.0,251,319,,erick-all.php,,,2.0,,,,,,6.0,Erick All,2026-07-31,CIN
/nfl/rankings/best-ball-overall.php,best-overall,bo,DeMario Douglas,25304,WR,NE,285.5,26.5,259,312,,demario-douglas.php,,,5.5,,,,,,11.0,Demario Douglas,2026-07-31,NEP
/nfl/rankings/best-ball-overall.php,best-overall,bo,Jordan Whittington,23135,WR,LAR,287.5,23.5,264,311,,jordan-whittington.php,,,0.8,,,,,,11.0,Jordan Whittington,2026-07-31,LAR
/nfl/rankings/best-ball-overall.php,best-overall,bo,Cedric Tillman,25287,WR,CLE,306.33,16.44,285,325,,cedric-tillman.php,,,1.1,,,,,,11.0,Cedric Tillman,2026-07-31,CLE
/nfl/rankings/best-ball-overall.php,best-overall,bo,Xavier Hutchinson,25332,WR,HOU,290.0,44.0,246,334,,xavier-hutchinson.php,,,1.4,,,,,,8.0,Xavier Hutchinson,2026-07-31,HOU
/nfl/rankings/best-ball-overall.php,best-overall,bo,Isaiah Bond,24371,WR,CLE,290.5,24.5,266,315,,isaiah-bond.php,,,3.0,,,,,,11.0,Isaiah Bond,2026-07-31,CLE
/nfl/rankings/best-ball-overall.php,best-overall,bo,Eli Raridon,28154,TE,NE,291.0,46.0,245,337,,eli-raridon.php,,,5.1,,,,,,11.0,Eli Raridon,2026-07-31,NEP
/nfl/rankings/best-ball-overall.php,best-overall,bo,Dawson Knox,18631,TE,BUF,291.0,15.0,276,306,,dawson-knox.php,,,7.4,,,,,,7.0,Dawson Knox,2026-07-31,BUF
/nfl/rankings/best-ball-overall.php,best-overall,bo,Justin Joly,28079,TE,DEN,292.0,31.0,261,323,,justin-joly.php,,,11.0,,,,,,10.0,Justin Joly,2026-07-31,DEN
/nfl/rankings/best-ball-overall.php,best-overall,bo,Tyler Higbee,15623,TE,LAR,294.5,36.5,258,331,,tyler-higbee.php,,,3.1,,,,,,11.0,Tyler Higbee,2026-07-31,LAR
/nfl/rankings/best-ball-overall.php,best-overall,bo,Dont'e Thornton Jr.,27288,WR,LV,295.5,35.5,260,331,,donte-thornton-jr.php,,,1.8,,,,,,13.0,Donte Thornton,2026-07-31,LVR
/nfl/rankings/best-ball-overall.php,best-overall,bo,CJ Daniels,28125,WR,LAR,297.0,24.0,273,321,,cj-daniels.php,,,1.9,,,,,,11.0,CJ Daniels,2026-07-31,LAR
/nfl/rankings/best-ball-overall.php,best-overall,bo,Noah Gray,19539,TE,KC,298.0,21.0,277,319,,noah-gray.php,,,4.2,,,,,,5.0,Noah Gray,2026-07-31,KCC
/nfl/rankings/best-ball-overall.php,best-overall,bo,Deion Burks,27093,WR,IND,309.5,23.5,286,333,,deion-burks.php,,,2.1,,,,,,13.0,Deion Burks,2026-07-31,IND
/nfl/rankings/best-ball-overall.php,best-overall,bo,Kendre Miller,24360,RB,NO,325.0,43.0,282,368,,kendre-miller.php,,,5.6,,,,,,8.0,Kendre Miller,2026-07-31,NOS
/nfl/rankings/best-ball-overall.php,best-overall,bo,Will Shipley,22930,RB,PHI,319.0,36.0,283,355,,will-shipley.php,,,1.4,,,,,,10.0,Will Shipley,2026-07-31,PHI
/nfl/rankings/best-ball-overall.php,best-overall,bo,Jawhar Jordan,26329,RB,HOU,318.0,31.0,287,349,,jawhar-jordan.php,,,0.6,,,,,,8.0,Jawhar Jordan,2026-07-31,HOU
/nfl/rankings/best-ball-overall.php,best-overall,bo,Trevor Etienne,25393,RB,CAR,322.0,19.0,303,341,,trevor-etienne.php,,,1.9,,,,,,5.0,Trevor Etienne,2026-07-31,CAR
/nfl/rankings/best-ball-overall.php,best-overall,bo,Jerome Ford,22921,RB,WAS,327.5,14.5,313,342,,jerome-ford.php,,,3.4,,,,,,7.0,Jerome Ford,2026-07-31,WAS
/nfl/rankings/best-ball-overall.php,best-overall,bo,Ben Sinnott,26310,TE,WAS,330.5,7.5,323,338,,ben-sinnott.php,,,1.9,,,,,,7.0,Ben Sinnott,2026-07-31,WAS
/nfl/rankings/best-ball-qb.php,best-qb,bp,Josh Allen,17298,QB,BUF,1.0,0.0,1,1,,josh-allen-qb.php,,,99.4,,,,,,7.0,Josh Allen,2026-07-31,BUF
/nfl/rankings/best-ball-qb.php,best-qb,bp,Lamar Jackson,17233,QB,BAL,3.0,0.63,2,4,,lamar-jackson.php,,,99.1,,,,,,13.0,Lamar Jackson,2026-07-31,BAL
/nfl/rankings/best-ball-qb.php,best-qb,bp,Drake Maye,23046,QB,NE,3.6,1.5,2,6,,drake-maye.php,,,98.6,,,,,,11.0,Drake Maye,2026-07-31,NEP
/nfl/rankings/best-ball-qb.php,best-qb,bp,Joe Burrow,19196,QB,CIN,4.2,1.17,2,5,,joe-burrow.php,,,98.1,,,,,,6.0,Joe Burrow,2026-07-31,CIN
/nfl/rankings/best-ball-qb.php,best-qb,bp,Jayden Daniels,22902,QB,WAS,4.6,2.24,3,9,,jayden-daniels.php,,,97.5,,,,,,7.0,Jayden Daniels,2026-07-31,WAS
/nfl/rankings/best-ball-qb.php,best-qb,bp,Jalen Hurts,19275,QB,PHI,5.8,1.33,4,8,,jalen-hurts.php,,,97.8,,,,,,10.0,Jalen Hurts,2026-07-31,PHI
/nfl/rankings/best-ball-qb.php,best-qb,bp,Justin Herbert,18635,QB,LAC,8.2,1.72,6,11,,justin-herbert.php,,,93.4,,,,,,7.0,Justin Herbert,2026-07-31,LAC
/nfl/rankings/best-ball-qb.php,best-qb,bp,Dak Prescott,15600,QB,DAL,8.6,1.85,7,12,,dak-prescott.php,,,93.4,,,,,,14.0,Dak Prescott,2026-07-31,DAL
/nfl/rankings/best-ball-qb.php,best-qb,bp,Caleb Williams,23084,QB,CHI,8.6,1.5,7,11,,caleb-williams.php,,,93.7,,,,,,10.0,Caleb Williams,2026-07-31,CHI
/nfl/rankings/best-ball-qb.php,best-qb,bp,Trevor Lawrence,19780,QB,JAC,10.0,1.26,8,12,,trevor-lawrence.php,,,90.8,,,,,,7.0,Trevor Lawrence,2026-07-31,JAC
/nfl/rankings/best-ball-qb.php,best-qb,bp,Brock Purdy,19797,QB,SF,11.2,0.75,10,12,,brock-purdy.php,,,90.9,,,,,,8.0,Brock Purdy,2026-07-31,SFO
/nfl/rankings/best-ball-qb.php,best-qb,bp,Patrick Mahomes II,16413,QB,KC,12.6,1.85,10,15,,patrick-mahomes.php,,,91.9,,,,,,5.0,Patrick Mahomes,2026-07-31,KCC
/nfl/rankings/best-ball-qb.php,best-qb,bp,Bo Nix,22910,QB,DEN,12.6,1.02,11,14,,bo-nix.php,,,88.9,,,,,,10.0,Bo Nix,2026-07-31,DEN
/nfl/rankings/best-ball-qb.php,best-qb,bp,Jaxson Dart,23160,QB,NYG,13.4,1.96,10,16,,jaxson-dart.php,,,94.8,,,,,,8.0,Jaxson Dart,2026-07-31,NYG
/nfl/rankings/best-ball-qb.php,best-qb,bp,Jared Goff,15501,QB,DET,15.0,1.67,13,17,,jared-goff.php,,,77.7,,,,,,6.0,Jared Goff,2026-07-31,DET
/nfl/rankings/best-ball-qb.php,best-qb,bp,Matthew Stafford,9451,QB,LAR,17.0,1.41,15,19,,matthew-stafford.php,,,92.5,,,,,,11.0,Matthew Stafford,2026-07-31,LAR
/nfl/rankings/best-ball-qb.php,best-qb,bp,Kyler Murray,18600,QB,MIN,17.4,2.24,15,21,,kyler-murray.php,,,73.3,,,,,,6.0,Kyler Murray,2026-07-31,MIN
/nfl/rankings/best-ball-qb.php,best-qb,bp,Malik Willis,23499,QB,MIA,18.4,1.85,16,21,,malik-willis.php,,,46.6,,,,,,6.0,Malik Willis,2026-07-31,MIA
/nfl/rankings/best-ball-qb.php,best-qb,bp,Jordan Love,19246,QB,GB,18.4,1.36,16,20,,jordan-love.php,,,58.4,,,,,,11.0,Jordan Love,2026-07-31,GBP
/nfl/rankings/best-ball-qb.php,best-qb,bp,Baker Mayfield,17237,QB,TB,19.2,0.75,18,20,,baker-mayfield.php,,,61.2,,,,,,10.0,Baker Mayfield,2026-07-31,TBB
/nfl/rankings/best-ball-qb.php,best-qb,bp,Tyler Shough,23096,QB,NO,19.6,2.42,16,23,,tyler-shough.php,,,56.2,,,,,,8.0,Tyler Shough,2026-07-31,NOS
/nfl/rankings/best-ball-qb.php,best-qb,bp,C.J. Stroud,23071,QB,HOU,22.6,1.62,20,25,,cj-stroud.php,,,40.5,,,,,,8.0,CJ Stroud,2026-07-31,HOU
/nfl/rankings/best-ball-qb.php,best-qb,bp,Sam Darnold,17236,QB,SEA,23.4,1.2,22,25,,sam-darnold.php,,,43.1,,,,,,11.0,Sam Darnold,2026-07-31,SEA
/nfl/rankings/best-ball-qb.php,best-qb,bp,Cam Ward,24755,QB,TEN,24.0,2.1,22,28,,cam-ward.php,,,33.0,,,,,,9.0,Cam Ward,2026-07-31,TEN
/nfl/rankings/best-ball-qb.php,best-qb,bp,Daniel Jones,18232,QB,IND,24.6,1.02,23,26,,daniel-jones.php,,,40.7,,,,,,13.0,Daniel Jones,2026-07-31,IND
/nfl/rankings/best-ball-qb.php,best-qb,bp,Bryce Young,22900,QB,CAR,25.8,0.98,24,27,,bryce-young.php,,,32.6,,,,,,5.0,Bryce Young,2026-07-31,CAR
/nfl/rankings/best-ball-qb.php,best-qb,bp,Geno Smith,11687,QB,NYJ,27.0,1.79,25,29,,geno-smith.php,,,19.5,,,,,,13.0,Geno Smith,2026-07-31,NYJ
/nfl/rankings/best-ball-qb.php,best-qb,bp,Aaron Rodgers,9001,QB,PIT,27.6,0.8,26,28,,aaron-rodgers.php,,,22.4,,,,,,9.0,Aaron Rodgers,2026-07-31,PIT
/nfl/rankings/best-ball-qb.php,best-qb,bp,Jacoby Brissett,15642,QB,ARI,28.6,1.85,26,31,,jacoby-brissett.php,,,25.9,,,,,,14.0,Jacoby Brissett,2026-07-31,ARI
/nfl/rankings/best-ball-qb.php,best-qb,bp,Tua Tagovailoa,19198,QB,ATL,30.6,0.49,30,31,,tua-tagovailoa.php,,,22.4,,,,,,11.0,Tua Tagovailoa,2026-07-31,ATL
/nfl/rankings/best-ball-qb.php,best-qb,bp,Fernando Mendoza,28013,QB,LV,31.0,2.0,28,34,,fernando-mendoza.php,,,34.3,,,,,,13.0,Fernando Mendoza,2026-07-31,LVR
/nfl/rankings/best-ball-qb.php,best-qb,bp,Shedeur Sanders,25968,QB,CLE,33.0,0.63,32,34,,shedeur-sanders.php,,,17.7,,,,,,11.0,Shedeur Sanders,2026-07-31,CLE
/nfl/rankings/best-ball-qb.php,best-qb,bp,Deshaun Watson,16398,QB,CLE,33.2,1.72,31,36,,deshaun-watson.php,,,16.9,,,,,,11.0,Deshaun Watson,2026-07-31,CLE
/nfl/rankings/best-ball-qb.php,best-qb,bp,Michael Penix Jr.,22973,QB,ATL,33.4,1.85,30,35,,michael-penix-jr.php,,,16.1,,,,,4.0,11.0,Michael Penix,2026-07-31,ATL
/nfl/rankings/best-ball-qb.php,best-qb,bp,Kirk Cousins,11177,QB,LV,34.2,1.47,32,36,,kirk-cousins.php,,,14.3,,,,,,13.0,Kirk Cousins,2026-07-31,LVR
/nfl/rankings/best-ball-qb.php,best-qb,bp,Carson Beck,22953,QB,ARI,36.6,1.85,34,39,,carson-beck.php,,,12.3,,,,,,14.0,Carson Beck,2026-07-31,ARI
/nfl/rankings/best-ball-qb.php,best-qb,bp,J.J. McCarthy,23018,QB,MIN,37.0,2.19,34,40,,jj-mccarthy.php,,,13.2,,,,,,6.0,JJ McCarthy,2026-07-31,MIN
/nfl/rankings/best-ball-qb.php,best-qb,bp,Justin Fields,19781,QB,KC,37.8,1.72,36,41,,justin-fields.php,,,10.2,,,,,,5.0,Justin Fields,2026-07-31,KCC
/nfl/rankings/best-ball-qb.php,best-qb,bp,Ty Simpson,25368,QB,LAR,41.2,2.32,37,44,,ty-simpson.php,,,15.3,,,,,,11.0,Ty Simpson,2026-07-31,LAR
/nfl/rankings/best-ball-qb.php,best-qb,bp,Mac Jones,20156,QB,SF,41.75,6.8,33,52,,mac-jones.php,,,10.8,,,,,,8.0,Mac Jones,2026-07-31,SFO
/nfl/rankings/best-ball-qb.php,best-qb,bp,Marcus Mariota,13890,QB,WAS,41.75,6.83,35,50,,marcus-mariota.php,,,5.1,,,,,,7.0,Marcus Mariota,2026-07-31,WAS
/nfl/rankings/best-ball-qb.php,best-qb,bp,Joe Flacco,9300,QB,CIN,45.75,5.31,38,53,,joe-flacco.php,,,4.9,,,,,,6.0,Joe Flacco,2026-07-31,CIN
/nfl/rankings/best-ball-qb.php,best-qb,bp,Anthony Richardson Sr.,24347,QB,IND,39.33,0.47,39,40,,anthony-richardson.php,,,11.1,,,,,,13.0,Anthony Richardson,2026-07-31,IND
/nfl/rankings/best-ball-qb.php,best-qb,bp,Jameis Winston,13891,QB,NYG,41.67,5.44,34,46,,jameis-winston.php,,,6.7,,,,,,8.0,Jameis Winston,2026-07-31,NYG
/nfl/rankings/best-ball-qb.php,best-qb,bp,Gardner Minshew II,18562,QB,ARI,45.0,4.32,41,51,,gardner-minshew.php,,,2.6,,,,,,14.0,Gardner Minshew,2026-07-31,ARI
/nfl/rankings/best-ball-qb.php,best-qb,bp,Drew Allar,24345,QB,PIT,49.33,3.68,45,54,,drew-allar.php,,,2.0,,,,,,9.0,Drew Allar,2026-07-31,PIT
/nfl/rankings/best-ball-qb.php,best-qb,bp,Quinn Ewers,23680,QB,MIA,51.67,8.22,41,61,,quinn-ewers.php,,,3.5,,,,,,6.0,Quinn Ewers,2026-07-31,MIA
/nfl/rankings/best-ball-qb.php,best-qb,bp,Joe Milton III,25967,QB,DAL,52.0,4.32,48,58,,joe-milton.php,,,4.1,,,,,,14.0,Joe Milton,2026-07-31,DAL
/nfl/rankings/best-ball-qb.php,best-qb,bp,Riley Leonard,25373,QB,IND,52.33,8.5,44,64,,riley-leonard.php,,,4.4,,,,,,13.0,Riley Leonard,2026-07-31,IND
/nfl/rankings/best-ball-qb.php,best-qb,bp,Jimmy Garoppolo,12208,QB,LAR,56.33,6.85,51,66,,jimmy-garoppolo.php,,,0.8,,,,,,11.0,Jimmy Garoppolo,2026-07-31,LAR
/nfl/rankings/best-ball-qb.php,best-qb,bp,Garrett Nussmeier,22998,QB,KC,48.0,5.0,43,53,,garrett-nussmeier.php,,,7.4,,,,,,5.0,Garrett Nussmeier,2026-07-31,KCC
/nfl/rankings/best-ball-qb.php,best-qb,bp,Taylen Green,28094,QB,CLE,51.0,4.0,47,55,,taylen-green.php,,,4.0,,,,,,11.0,Taylen Green,2026-07-31,CLE
/nfl/rankings/best-ball-qb.php,best-qb,bp,Carson Wentz,15520,QB,MIN,53.0,4.0,49,57,,carson-wentz.php,,,0.8,,,,,,6.0,Carson Wentz,2026-07-31,MIN
/nfl/rankings/best-ball-qb.php,best-qb,bp,Cade Klubnik,24361,QB,NYJ,56.0,18.0,38,74,,cade-klubnik.php,,,6.7,,,,,,13.0,Cade Klubnik,2026-07-31,NYJ
/nfl/rankings/best-ball-qb.php,best-qb,bp,Spencer Rattler,23081,QB,NO,58.0,6.0,52,64,,spencer-rattler.php,,,1.1,,,,,,8.0,Spencer Rattler,2026-07-31,NOS
/nfl/rankings/best-ball-qb.php,best-qb,bp,Trey Lance,20082,QB,LAC,59.0,11.0,48,70,,trey-lance.php,,,1.5,,,,,,7.0,Trey Lance,2026-07-31,LAC
/nfl/rankings/best-ball-qb.php,best-qb,bp,Jalen Milroe,22884,QB,SEA,59.5,5.5,54,65,,jalen-milroe.php,,,4.5,,,,,,11.0,Jalen Milroe,2026-07-31,SEA
/nfl/rankings/best-ball-qb.php,best-qb,bp,Tanner McKee,24740,QB,PHI,59.5,0.5,59,60,,tanner-mckee.php,,,2.1,,,,,,10.0,Tanner McKee,2026-07-31,PHI
/nfl/rankings/best-ball-qb.php,best-qb,bp,Tyson Bagent,25321,QB,CHI,65.67,10.66,51,76,,tyson-bagent.php,,,3.6,,,,,,10.0,Tyson Bagent,2026-07-31,CHI
/nfl/rankings/best-ball-qb.php,best-qb,bp,Will Howard,25972,QB,PIT,61.5,13.5,48,75,,will-howard.php,,,4.1,,,,,,9.0,Will Howard,2026-07-31,PIT
/nfl/rankings/best-ball-qb.php,best-qb,bp,Sam Howell,23045,QB,DAL,63.0,4.0,59,67,,sam-howell.php,,,0.6,,,,,,14.0,Sam Howell,2026-07-31,DAL
/nfl/rankings/best-ball-qb.php,best-qb,bp,Zach Wilson,22679,QB,NO,63.5,7.5,56,71,,zach-wilson.php,,,0.6,,,,,,8.0,Zach Wilson,2026-07-31,NOS
/nfl/rankings/best-ball-qb.php,best-qb,bp,Davis Mills,22799,QB,HOU,64.0,9.0,55,73,,davis-mills.php,,,1.9,,,,,,8.0,Davis Mills,2026-07-31,HOU
/nfl/rankings/best-ball-qb.php,best-qb,bp,Jake Browning,18557,QB,TB,65.0,3.0,62,68,,jake-browning.php,,,0.7,,,,,,10.0,Jake Browning,2026-07-31,TBB
/nfl/rankings/best-ball-qb.php,best-qb,bp,Cooper Rush,16477,QB,ATL,66.0,3.0,63,69,,cooper-rush.php,,,1.2,,,,,,11.0,Cooper Rush,2026-07-31,ATL
/nfl/rankings/best-ball-qb.php,best-qb,bp,Jarrett Stidham,18604,QB,DEN,66.5,5.5,61,72,,jarrett-stidham.php,,,1.0,,,,,,10.0,Jarrett Stidham,2026-07-31,DEN
/nfl/rankings/best-ball-qb.php,best-qb,bp,Drew Lock,18225,QB,SEA,67.0,4.0,63,71,,drew-lock.php,,,0.9,,,,,,11.0,Drew Lock,2026-07-31,SEA
/nfl/rankings/best-ball-qb.php,best-qb,bp,Mason Rudolph,17234,QB,PIT,69.0,12.0,57,81,,mason-rudolph.php,,,0.8,,,,,,9.0,Mason Rudolph,2026-07-31,PIT
/nfl/rankings/best-ball-qb.php,best-qb,bp,Nick Mullens,16726,QB,JAC,70.5,2.5,68,73,,nick-mullens.php,,,0.9,,,,,10.0,7.0,Nick Mullens,2026-07-31,JAC
/nfl/rankings/best-ball-qb.php,best-qb,bp,Joshua Dobbs,16417,QB,FA,71.5,5.5,66,77,,joshua-dobbs.php,,,1.0,,,,,11.0,,Joshua Dobbs,2026-07-31,FA
/nfl/rankings/best-ball-qb.php,best-qb,bp,Mitchell Trubisky,16381,QB,TEN,73.0,1.0,72,74,,mitch-trubisky.php,,,0.6,,,,,12.0,9.0,Mitchell Trubisky,2026-07-31,TEN
/nfl/rankings/best-ball-qb.php,best-qb,bp,Kenny Pickett,22722,QB,CAR,73.5,4.5,69,78,,kenny-pickett.php,,,1.0,,,,,12.0,5.0,Kenny Pickett,2026-07-31,CAR
/nfl/rankings/best-ball-qb.php,best-qb,bp,Brandon Allen,15745,QB,NYG,78.0,2.0,76,80,,brandon-allen.php,,,0.0,,,,,13.0,8.0,Brandon Allen,2026-07-31,NYG
/nfl/rankings/best-ball-qb.php,best-qb,bp,Andy Dalton,9907,QB,PHI,78.0,1.0,77,79,,andy-dalton.php,,,1.0,,,,,13.0,10.0,Andy Dalton,2026-07-31,PHI
/nfl/rankings/best-ball-rb.php,best-rb,bp,Jahmyr Gibbs,22968,RB,DET,1.4,0.49,1,2,,jahmyr-gibbs.php,,,99.3,,,,,,6.0,Jahmyr Gibbs,2026-07-31,DET
/nfl/rankings/best-ball-rb.php,best-rb,bp,Bijan Robinson,23133,RB,ATL,1.6,0.49,1,2,,bijan-robinson.php,,,99.4,,,,,,11.0,Bijan Robinson,2026-07-31,ATL
/nfl/rankings/best-ball-rb.php,best-rb,bp,Christian McCaffrey,16393,RB,SF,3.8,1.17,3,6,,christian-mccaffrey.php,,,99.5,,,,,1.0,8.0,Christian McCaffrey,2026-07-31,SFO
/nfl/rankings/best-ball-rb.php,best-rb,bp,Jonathan Taylor,19217,RB,IND,4.4,0.49,4,5,,jonathan-taylor.php,,,99.3,,,,,-1.0,13.0,Jonathan Taylor,2026-07-31,IND
/nfl/rankings/best-ball-rb.php,best-rb,bp,James Cook III,22958,RB,BUF,6.2,1.72,3,8,,james-cook.php,,,99.5,,,,,,7.0,James Cook,2026-07-31,BUF
/nfl/rankings/best-ball-rb.php,best-rb,bp,Chase Brown,25324,RB,CIN,7.0,2.1,5,10,,chase-brown.php,,,98.7,,,,,,6.0,Chase Brown,2026-07-31,CIN
/nfl/rankings/best-ball-rb.php,best-rb,bp,Ashton Jeanty,25989,RB,LV,7.2,2.79,4,11,,ashton-jeanty.php,,,99.1,,,,,,13.0,Ashton Jeanty,2026-07-31,LVR
/nfl/rankings/best-ball-rb.php,best-rb,bp,Omarion Hampton,25395,RB,LAC,7.6,1.2,6,9,,omarion-hampton.php,,,98.7,,,,,,7.0,Omarion Hampton,2026-07-31,LAC
/nfl/rankings/best-ball-rb.php,best-rb,bp,De'Von Achane,23136,RB,MIA,8.6,1.02,7,10,,devon-achane.php,,,99.2,,,,,,6.0,DeVon Achane,2026-07-31,MIA
/nfl/rankings/best-ball-rb.php,best-rb,bp,Kenneth Walker III,23021,RB,KC,9.4,2.8,8,15,,kenneth-walker-rb.php,,,99.3,,,,,,5.0,Kenneth Walker,2026-07-31,KCC
/nfl/rankings/best-ball-rb.php,best-rb,bp,Saquon Barkley,17240,RB,PHI,9.6,1.85,7,12,,saquon-barkley.php,,,99.4,,,,,,10.0,Saquon Barkley,2026-07-31,PHI
/nfl/rankings/best-ball-rb.php,best-rb,bp,Derrick Henry,15514,RB,BAL,12.0,0.63,11,13,,derrick-henry.php,,,99.1,,,,,,13.0,Derrick Henry,2026-07-31,BAL
/nfl/rankings/best-ball-rb.php,best-rb,bp,Breece Hall,22982,RB,NYJ,13.6,0.49,13,14,,breece-hall.php,,,97.6,,,,,,13.0,Breece Hall,2026-07-31,NYJ
/nfl/rankings/best-ball-rb.php,best-rb,bp,Javonte Williams,22739,RB,DAL,13.8,2.56,10,17,,javonte-williams.php,,,96.9,,,,,,14.0,Javonte Williams,2026-07-31,DAL
/nfl/rankings/best-ball-rb.php,best-rb,bp,Kyren Williams,23059,RB,LAR,14.8,2.04,12,17,,kyren-williams.php,,,98.1,,,,,,11.0,Kyren Williams,2026-07-31,LAR
/nfl/rankings/best-ball-rb.php,best-rb,bp,Jeremiyah Love,25403,RB,ARI,14.8,1.17,13,16,,jeremiyah-love.php,,,98.2,,,,,-2.0,14.0,Jeremiyah Love,2026-07-31,ARI
/nfl/rankings/best-ball-rb.php,best-rb,bp,Travis Etienne Jr.,19231,RB,NO,17.4,2.58,15,21,,travis-etienne.php,,,96.1,,,,,,8.0,Travis Etienne,2026-07-31,NOS
/nfl/rankings/best-ball-rb.php,best-rb,bp,Josh Jacobs,18269,RB,GB,18.0,1.67,16,20,,josh-jacobs.php,,,98.7,,,,,,11.0,Josh Jacobs,2026-07-31,GBP
/nfl/rankings/best-ball-rb.php,best-rb,bp,Cam Skattebo,27166,RB,NYG,20.2,1.6,18,22,,cam-skattebo.php,,,97.0,,,,,,8.0,Cam Skattebo,2026-07-31,NYG
/nfl/rankings/best-ball-rb.php,best-rb,bp,David Montgomery,18239,RB,HOU,20.8,0.75,20,22,,david-montgomery.php,,,93.6,,,,,,8.0,David Montgomery,2026-07-31,HOU
/nfl/rankings/best-ball-rb.php,best-rb,bp,TreVeyon Henderson,23065,RB,NE,21.2,2.56,18,25,,treveyon-henderson.php,,,94.0,,,,,3.0,11.0,TreVeyon Henderson,2026-07-31,NEP
/nfl/rankings/best-ball-rb.php,best-rb,bp,Bhayshul Tuten,27297,RB,JAC,22.0,2.28,18,25,,bhayshul-tuten.php,,,91.2,,,,,,7.0,Bhayshul Tuten,2026-07-31,JAC
/nfl/rankings/best-ball-rb.php,best-rb,bp,Bucky Irving,25981,RB,TB,22.0,2.19,19,25,,bucky-irving.php,,,95.7,,,,,,10.0,Bucky Irving,2026-07-31,TBB
/nfl/rankings/best-ball-rb.php,best-rb,bp,D'Andre Swift,19210,RB,CHI,23.0,1.26,21,24,,dandre-swift.php,,,94.0,,,,,,10.0,DAndre Swift,2026-07-31,CHI
/nfl/rankings/best-ball-rb.php,best-rb,bp,Quinshon Judkins,25391,RB,CLE,23.8,1.94,21,26,,quinshon-judkins.php,,,93.9,,,,,,11.0,Quinshon Judkins,2026-07-31,CLE
/nfl/rankings/best-ball-rb.php,best-rb,bp,Jadarian Price,27329,RB,SEA,25.2,0.98,24,26,,jadarian-price.php,,,91.3,,,,,,11.0,Jadarian Price,2026-07-31,SEA
/nfl/rankings/best-ball-rb.php,best-rb,bp,Tony Pollard,18705,RB,TEN,27.4,1.62,25,30,,tony-pollard.php,,,89.9,,,,,,9.0,Tony Pollard,2026-07-31,TEN
/nfl/rankings/best-ball-rb.php,best-rb,bp,Jaylen Warren,24209,RB,PIT,28.2,0.75,27,29,,jaylen-warren.php,,,91.2,,,,,,9.0,Jaylen Warren,2026-07-31,PIT
/nfl/rankings/best-ball-rb.php,best-rb,bp,Rhamondre Stevenson,22726,RB,NE,30.2,1.47,29,33,,rhamondre-stevenson.php,,,88.3,,,,,,11.0,Rhamondre Stevenson,2026-07-31,NEP
/nfl/rankings/best-ball-rb.php,best-rb,bp,Rico Dowdle,19647,RB,PIT,30.4,1.96,28,32,,rico-dowdle.php,,,90.1,,,,,,9.0,Rico Dowdle,2026-07-31,PIT
/nfl/rankings/best-ball-rb.php,best-rb,bp,RJ Harvey,27142,RB,DEN,31.0,2.9,27,36,,rj-harvey.php,,,88.1,,,,,,10.0,RJ Harvey,2026-07-31,DEN
/nfl/rankings/best-ball-rb.php,best-rb,bp,Chuba Hubbard,19792,RB,CAR,32.4,1.74,30,35,,chuba-hubbard.php,,,90.3,,,,,,5.0,Chuba Hubbard,2026-07-31,CAR
/nfl/rankings/best-ball-rb.php,best-rb,bp,Jonathon Brooks,26148,RB,CAR,32.4,1.85,30,35,,jonathon-brooks.php,,,76.0,,,,,,5.0,Jonathon Brooks,2026-07-31,CAR
/nfl/rankings/best-ball-rb.php,best-rb,bp,J.K. Dobbins,19245,RB,DEN,34.8,3.25,30,40,,jk-dobbins.php,,,87.8,,,,,,10.0,JK Dobbins,2026-07-31,DEN
/nfl/rankings/best-ball-rb.php,best-rb,bp,Kyle Monangai,27131,RB,CHI,35.0,2.28,32,39,,kyle-monangai.php,,,87.2,,,,,,10.0,Kyle Monangai,2026-07-31,CHI
/nfl/rankings/best-ball-rb.php,best-rb,bp,Kenny Gainwell,23310,RB,TB,35.8,2.32,33,38,,kenneth-gainwell.php,,,84.7,,,,,,10.0,Kenny Gainwell,2026-07-31,TBB
/nfl/rankings/best-ball-rb.php,best-rb,bp,Blake Corum,23013,RB,LAR,36.0,1.1,34,37,,blake-corum.php,,,84.9,,,,,,11.0,Blake Corum,2026-07-31,LAR
/nfl/rankings/best-ball-rb.php,best-rb,bp,Rachaad White,23891,RB,WAS,37.4,1.85,35,40,,rachaad-white.php,,,80.6,,,,,,7.0,Rachaad White,2026-07-31,WAS
/nfl/rankings/best-ball-rb.php,best-rb,bp,Jordan Mason,22969,RB,MIN,38.8,2.04,36,42,,jordan-mason.php,,,71.9,,,,,,6.0,Jordan Mason,2026-07-31,MIN
/nfl/rankings/best-ball-rb.php,best-rb,bp,Aaron Jones Sr.,16673,RB,MIN,39.6,1.5,37,41,,aaron-jones.php,,,85.9,,,,,,6.0,Aaron Jones,2026-07-31,MIN
/nfl/rankings/best-ball-rb.php,best-rb,bp,Jacory Croskey-Merritt,27316,RB,WAS,39.8,2.64,35,42,,jacory-croskeymerritt.php,,,78.5,,,,,,7.0,Jacory Croskey-Merritt,2026-07-31,WAS
/nfl/rankings/best-ball-rb.php,best-rb,bp,Keaton Mitchell,25360,RB,LAC,45.4,2.15,43,48,,keaton-mitchell.php,,,33.4,,,,,6.0,7.0,Keaton Mitchell,2026-07-31,LAC
/nfl/rankings/best-ball-rb.php,best-rb,bp,Tyrone Tracy Jr.,22980,RB,NYG,45.6,2.15,43,48,,tyrone-tracy-jr.php,,,43.8,,,,,,8.0,Tyrone Tracy,2026-07-31,NYG
/nfl/rankings/best-ball-rb.php,best-rb,bp,Tyler Allgeier,24172,RB,ARI,46.2,2.32,42,49,,tyler-allgeier.php,,,47.8,,,,,,14.0,Tyler Allgeier,2026-07-31,ARI
/nfl/rankings/best-ball-rb.php,best-rb,bp,Chris Rodriguez Jr.,22986,RB,JAC,46.6,9.26,41,65,,chris-rodriguez-jr.php,,,45.3,,,,,,7.0,Chris Rodriguez,2026-07-31,JAC
/nfl/rankings/best-ball-rb.php,best-rb,bp,Dylan Sampson,27102,RB,CLE,47.2,2.04,45,50,,dylan-sampson.php,,,28.3,,,,,,11.0,Dylan Sampson,2026-07-31,CLE
/nfl/rankings/best-ball-rb.php,best-rb,bp,Woody Marks,27520,RB,HOU,48.0,6.1,42,59,,woody-marks.php,,,58.6,,,,,,8.0,Woody Marks,2026-07-31,HOU
/nfl/rankings/best-ball-rb.php,best-rb,bp,Zach Charbonnet,23152,RB,SEA,49.0,2.53,46,52,,zach-charbonnet.php,,,71.1,,,,,,11.0,Zach Charbonnet,2026-07-31,SEA
/nfl/rankings/best-ball-rb.php,best-rb,bp,Jonah Coleman,27320,RB,DEN,49.6,4.5,45,56,,jonah-coleman.php,,,35.1,,,,,,10.0,Jonah Coleman,2026-07-31,DEN
/nfl/rankings/best-ball-rb.php,best-rb,bp,Alvin Kamara,16421,RB,NO,50.6,5.08,44,59,,alvin-kamara.php,,,54.0,,,,,,8.0,Alvin Kamara,2026-07-31,NOS
/nfl/rankings/best-ball-rb.php,best-rb,bp,Isiah Pacheco,24333,RB,DET,51.8,2.32,49,55,,isiah-pacheco.php,,,54.5,,,,,,6.0,Isiah Pacheco,2026-07-31,DET
/nfl/rankings/best-ball-rb.php,best-rb,bp,Brian Robinson Jr.,20094,RB,ATL,52.6,2.58,49,57,,brian-robinson-jr.php,,,37.2,,,,,,11.0,Brian Robinson,2026-07-31,ATL
/nfl/rankings/best-ball-rb.php,best-rb,bp,Tank Bigsby,22908,RB,PHI,53.8,5.84,45,62,,tank-bigsby.php,,,30.6,,,,,,10.0,Tank Bigsby,2026-07-31,PHI
/nfl/rankings/best-ball-rb.php,best-rb,bp,Tyjae Spears,25323,RB,TEN,55.2,6.05,48,64,,tyjae-spears.php,,,51.1,,,,,,9.0,Tyjae Spears,2026-07-31,TEN
/nfl/rankings/best-ball-rb.php,best-rb,bp,Emmett Johnson,28107,RB,KC,57.2,2.93,52,61,,emmett-johnson.php,,,27.0,,,,,,5.0,Emmett Johnson,2026-07-31,KCC
/nfl/rankings/best-ball-rb.php,best-rb,bp,Kaytron Allen,24362,RB,WAS,57.4,2.06,55,60,,kaytron-allen.php,,,21.4,,,,,,7.0,Kaytron Allen,2026-07-31,WAS
/nfl/rankings/best-ball-rb.php,best-rb,bp,Braelon Allen,24346,RB,NYJ,58.2,3.19,53,61,,braelon-allen.php,,,25.5,,,,,,13.0,Braelon Allen,2026-07-31,NYJ
/nfl/rankings/best-ball-rb.php,best-rb,bp,Mike Washington Jr.,28108,RB,LV,60.6,6.71,50,70,,mike-washington-jr.php,,,25.7,,,,,,13.0,Mike Washington,2026-07-31,LVR
/nfl/rankings/best-ball-rb.php,best-rb,bp,MarShawn Lloyd,23118,RB,GB,60.6,6.12,51,67,,marshawn-lloyd.php,,,10.7,,,,,,11.0,MarShawn Lloyd,2026-07-31,GBP
/nfl/rankings/best-ball-rb.php,best-rb,bp,Ray Davis,26191,RB,BUF,61.6,5.5,55,68,,ray-davis.php,,,18.1,,,,,,7.0,Ray Davis,2026-07-31,BUF
/nfl/rankings/best-ball-rb.php,best-rb,bp,Nicholas Singleton,24343,RB,TEN,62.4,7.5,56,77,,nick-singleton.php,,,25.7,,,,,,9.0,Nicholas Singleton,2026-07-31,TEN
/nfl/rankings/best-ball-rb.php,best-rb,bp,James Conner,16447,RB,ARI,63.6,9.73,54,79,,james-conner.php,,,29.4,,,,,,14.0,James Conner,2026-07-31,ARI
/nfl/rankings/best-ball-rb.php,best-rb,bp,Emanuel Wilson,25885,RB,SEA,65.2,6.68,56,75,,emanuel-wilson.php,,,17.2,,,,,,11.0,Emanuel Wilson,2026-07-31,SEA
/nfl/rankings/best-ball-rb.php,best-rb,bp,Sean Tucker,23679,RB,TB,65.4,2.94,60,69,,sean-tucker.php,,,19.4,,,,,,10.0,Sean Tucker,2026-07-31,TBB
/nfl/rankings/best-ball-rb.php,best-rb,bp,Demond Claiborne,28084,RB,MIN,66.4,2.24,63,70,,demond-claiborne.php,,,16.0,,,,,,6.0,Demond Claiborne,2026-07-31,MIN
/nfl/rankings/best-ball-rb.php,best-rb,bp,Kimani Vidal,26355,RB,LAC,66.8,3.31,62,72,,kimani-vidal.php,,,18.2,,,,,,7.0,Kimani Vidal,2026-07-31,LAC
/nfl/rankings/best-ball-rb.php,best-rb,bp,Samaje Perine,16423,RB,CIN,67.4,3.61,62,73,,samaje-perine.php,,,5.0,,,,,,6.0,Samaje Perine,2026-07-31,CIN
/nfl/rankings/best-ball-rb.php,best-rb,bp,Kaelon Black,28401,RB,SF,67.6,4.67,62,76,,kaelon-black.php,,,13.2,,,,,,8.0,Kaelon Black,2026-07-31,SFO
/nfl/rankings/best-ball-rb.php,best-rb,bp,Jaylen Wright,25987,RB,MIA,68.4,7.86,55,76,,jaylen-wright.php,,,13.1,,,,,,6.0,Jaylen Wright,2026-07-31,MIA
/nfl/rankings/best-ball-rb.php,best-rb,bp,Ollie Gordon II,25984,RB,MIA,68.4,5.12,59,73,,ollie-gordon.php,,,4.5,,,,,,6.0,Ollie Gordon,2026-07-31,MIA
/nfl/rankings/best-ball-rb.php,best-rb,bp,Jaydon Blue,24344,RB,DAL,68.6,7.28,56,75,,jaydon-blue.php,,,13.1,,,,,,14.0,Jaydon Blue,2026-07-31,DAL
/nfl/rankings/best-ball-rb.php,best-rb,bp,Jordan James,27310,RB,SF,72.6,12.86,62,97,,jordan-james.php,,,15.1,,,,,,8.0,Jordan James,2026-07-31,SFO
/nfl/rankings/best-ball-rb.php,best-rb,bp,Justice Hill,18256,RB,BAL,72.8,5.0,65,78,,justice-hill.php,,,9.1,,,,,,13.0,Justice Hill,2026-07-31,BAL
/nfl/rankings/best-ball-rb.php,best-rb,bp,George Holani,22915,RB,SEA,73.8,7.83,63,85,,george-holani.php,,,8.4,,,,,,11.0,George Holani,2026-07-31,SEA
/nfl/rankings/best-ball-rb.php,best-rb,bp,Ty Johnson,18406,RB,BUF,75.2,10.46,64,95,,ty-johnson.php,,,4.0,,,,,,7.0,Ty Johnson,2026-07-31,BUF
/nfl/rankings/best-ball-rb.php,best-rb,bp,Najee Harris,19302,RB,LAC,77.4,3.01,74,83,,najee-harris-rb.php,,,8.7,,,,,,7.0,Najee Harris,2026-07-31,LAC
/nfl/rankings/best-ball-rb.php,best-rb,bp,DJ Giddens,27097,RB,IND,78.4,9.39,68,95,,dj-giddens.php,,,3.8,,,,,,13.0,DJ Giddens,2026-07-31,IND
/nfl/rankings/best-ball-rb.php,best-rb,bp,Malik Davis,24205,RB,DAL,78.6,8.33,70,94,,malik-davis.php,,,4.9,,,,,,14.0,Malik Davis,2026-07-31,DAL
/nfl/rankings/best-ball-rb.php,best-rb,bp,Chris Brooks,25823,RB,GB,78.6,6.05,70,86,,christopher-brooks.php,,,8.3,,,,,,11.0,Chris Brooks,2026-07-31,GBP
/nfl/rankings/best-ball-rb.php,best-rb,bp,LeQuint Allen Jr.,27285,RB,JAC,79.2,6.27,73,90,,lequint-allen-jr.php,,,6.9,,,,,,7.0,LeQuint Allen,2026-07-31,JAC
/nfl/rankings/best-ball-rb.php,best-rb,bp,Adam Randall,24367,RB,BAL,79.8,3.25,76,85,,adam-randall.php,,,5.3,,,,,,13.0,Adam Randall,2026-07-31,BAL
/nfl/rankings/best-ball-rb.php,best-rb,bp,Kaleb Johnson,27165,RB,PIT,80.6,4.27,75,87,,kaleb-johnson-rb.php,,,10.5,,,,,,9.0,Kaleb Johnson,2026-07-31,PIT
/nfl/rankings/best-ball-rb.php,best-rb,bp,Seth McGowan,23079,RB,IND,81.4,7.79,68,90,,seth-mcgowan.php,,,3.4,,,,,,13.0,Seth McGowan,2026-07-31,IND
/nfl/rankings/best-ball-rb.php,best-rb,bp,Trey Benson,25388,RB,ARI,81.4,6.77,72,91,,trey-benson.php,,,15.3,,,,,,14.0,Trey Benson,2026-07-31,ARI
/nfl/rankings/best-ball-rb.php,best-rb,bp,Isaiah Davis,25977,RB,NYJ,82.4,11.15,62,95,,isaiah-davis.php,,,4.1,,,,,,13.0,Isaiah Davis,2026-07-31,NYJ
/nfl/rankings/best-ball-rb.php,best-rb,bp,Devin Singletary,18280,RB,NYG,82.6,8.62,71,96,,devin-singletary.php,,,1.4,,,,,,8.0,Devin Singletary,2026-07-31,NYG
/nfl/rankings/best-ball-rb.php,best-rb,bp,Brashard Smith,27259,RB,KC,83.4,5.85,74,91,,brashard-smith.php,,,6.0,,,,,,5.0,Brashard Smith,2026-07-31,KCC
/nfl/rankings/best-ball-rb.php,best-rb,bp,Emari Demercado,25654,RB,KC,85.6,6.97,74,94,,emari-demercado.php,,,3.2,,,,,,5.0,Emari Demercado,2026-07-31,KCC
/nfl/rankings/best-ball-rb.php,best-rb,bp,Isaac Guerendo,26392,RB,SF,87.0,11.52,64,94,,isaac-guerendo.php,,,1.6,,,,,,8.0,Isaac Guerendo,2026-07-31,SFO
/nfl/rankings/best-ball-rb.php,best-rb,bp,Eli Heidenreich,28297,RB,PIT,87.0,6.84,80,99,,eli-heidenreich.php,,,2.0,,,,,,9.0,Eli Heidenreich,2026-07-31,PIT
/nfl/rankings/best-ball-rb.php,best-rb,bp,Devin Neal,23682,RB,NO,90.4,9.02,81,107,,devin-neal.php,,,7.8,,,,,,8.0,Devin Neal,2026-07-31,NOS
/nfl/rankings/best-ball-rb.php,best-rb,bp,Jerome Ford,22921,RB,WAS,91.0,1.67,88,93,,jerome-ford.php,,,3.4,,,,,,7.0,Jerome Ford,2026-07-31,WAS
/nfl/rankings/best-ball-rb.php,best-rb,bp,Trevor Etienne,25393,RB,CAR,92.8,2.99,89,97,,trevor-etienne.php,,,1.9,,,,,,5.0,Trevor Etienne,2026-07-31,CAR
/nfl/rankings/best-ball-rb.php,best-rb,bp,Kendre Miller,24360,RB,NO,96.0,10.43,82,110,,kendre-miller.php,,,5.6,,,,,,8.0,Kendre Miller,2026-07-31,NOS
/nfl/rankings/best-ball-rb.php,best-rb,bp,Tahj Brooks,26212,RB,CIN,91.75,7.69,81,100,,tahj-brooks.php,,,1.6,,,,,,6.0,Tahj Brooks,2026-07-31,CIN
/nfl/rankings/best-ball-rb.php,best-rb,bp,Will Shipley,22930,RB,PHI,95.0,7.07,83,101,,will-shipley.php,,,1.4,,,,,,10.0,Will Shipley,2026-07-31,PHI
/nfl/rankings/best-ball-rb.php,best-rb,bp,Jarquez Hunter,24335,RB,LAR,96.5,13.01,75,109,,jarquez-hunter.php,,,5.3,,,,,,11.0,Jarquez Hunter,2026-07-31,LAR
/nfl/rankings/best-ball-rb.php,best-rb,bp,Joe Mixon,16420,RB,FA,86.0,2.0,84,88,,joe-mixon.php,,,10.4,,,,,,,Joe Mixon,2026-07-31,FA
/nfl/rankings/best-ball-rb.php,best-rb,bp,Jaleel McLaughlin,25876,RB,DEN,102.25,10.3,92,119,,jaleel-mclaughlin.php,,,0.6,,,,,,10.0,Jaleel McLaughlin,2026-07-31,DEN
/nfl/rankings/best-ball-rb.php,best-rb,bp,Bam Knight,24901,RB,ARI,98.0,13.64,83,116,,zonovan-bam-knight.php,,,0.7,,,,,,14.0,Bam Knight,2026-07-31,ARI
/nfl/rankings/best-ball-rb.php,best-rb,bp,Kareem Hunt,16425,RB,FA,98.33,9.84,87,111,,kareem-hunt.php,,,1.3,,,,,,,Kareem Hunt,2026-07-31,FA
/nfl/rankings/best-ball-rb.php,best-rb,bp,Jawhar Jordan,26329,RB,HOU,99.0,13.64,84,117,,jawhar-jordan.php,,,0.6,,,,,,8.0,Jawhar Jordan,2026-07-31,HOU
/nfl/rankings/best-ball-rb.php,best-rb,bp,J'Mari Taylor,28109,RB,JAC,99.67,7.41,93,110,,jmari-taylor.php,,,3.9,,,,,,7.0,JMari Taylor,2026-07-31,JAC
/nfl/rankings/best-ball-rb.php,best-rb,bp,Nick Chubb,17246,RB,FA,95.0,8.0,87,103,,nick-chubb.php,,,1.0,,,,,,,Nick Chubb,2026-07-31,FA
/nfl/rankings/best-ball-rb.php,best-rb,bp,Michael Carter,22728,RB,TEN,97.0,4.0,93,101,,michael-carter-rb.php,,,0.8,,,,,,9.0,Michael Carter,2026-07-31,TEN
/nfl/rankings/best-ball-rb.php,best-rb,bp,Jam Miller,27326,RB,NE,97.5,11.5,86,109,,jam-miller.php,,,1.3,,,,,,11.0,Jam Miller,2026-07-31,NEP
/nfl/rankings/best-ball-rb.php,best-rb,bp,Rasheen Ali,25983,RB,BAL,98.0,4.0,94,102,,rasheen-ali.php,,,1.4,,,,,,13.0,Rasheen Ali,2026-07-31,BAL
/nfl/rankings/best-ball-rb.php,best-rb,bp,Raheim Sanders,24351,RB,CLE,107.0,22.0,85,129,,raheim-sanders.php,,,0.6,,,,,,11.0,Raheim Sanders,2026-07-31,CLE
/nfl/rankings/best-ball-rb.php,best-rb,bp,Kyle Juszczyk,11798,RB,SF,101.5,3.5,98,105,,kyle-juszczyk.php,,,1.2,,,,,,8.0,Kyle Juszczyk,2026-07-31,SFO
/nfl/rankings/best-ball-rb.php,best-rb,bp,Roschon Johnson,25322,RB,CHI,110.5,21.5,89,132,,roschon-johnson.php,,,0.6,,,,,,10.0,Roschon Johnson,2026-07-31,CHI
/nfl/rankings/best-ball-rb.php,best-rb,bp,Zavier Scott,25748,RB,MIN,113.0,15.0,98,128,,zavier-scott.php,,,0.6,,,,,,6.0,Zavier Scott,2026-07-31,MIN
/nfl/rankings/best-ball-rb.php,best-rb,bp,Miles Sanders,18283,RB,FA,110.0,5.0,105,115,,miles-sanders.php,,,0.6,,,,,,,Miles Sanders,2026-07-31,FA
/nfl/rankings/best-ball-rb.php,best-rb,bp,Jeremy McNichols,16445,RB,WAS,125.5,13.5,112,139,,jeremy-mcnichols.php,,,0.6,,,,,,7.0,Jeremy McNichols,2026-07-31,WAS
/nfl/rankings/best-ball-rb.php,best-rb,bp,Tyler Badie,23812,RB,DEN,119.0,6.0,113,125,,tyler-badie.php,,,1.0,,,,,,10.0,Tyler Badie,2026-07-31,DEN
/nfl/rankings/best-ball-rb.php,best-rb,bp,Tyler Goodson,22976,RB,ATL,128.0,12.0,116,140,,tyler-goodson.php,,,0.7,,,,,,11.0,Tyler Goodson,2026-07-31,ATL
/nfl/rankings/best-ball-te.php,best-te,bp,Brock Bowers,22955,TE,LV,1.0,0.0,1,1,,brock-bowers.php,,,99.1,,,,,,13.0,Brock Bowers,2026-07-31,LVR
/nfl/rankings/best-ball-te.php,best-te,bp,Trey McBride,22936,TE,ARI,2.0,0.0,2,2,,trey-mcbride.php,,,99.3,,,,,,14.0,Trey McBride,2026-07-31,ARI
/nfl/rankings/best-ball-te.php,best-te,bp,Colston Loveland,26006,TE,CHI,3.2,0.4,3,4,,colston-loveland.php,,,98.6,,,,,,10.0,Colston Loveland,2026-07-31,CHI
/nfl/rankings/best-ball-te.php,best-te,bp,Tyler Warren,26434,TE,IND,4.2,0.4,4,5,,tyler-warren.php,,,98.2,,,,,,13.0,Tyler Warren,2026-07-31,IND
/nfl/rankings/best-ball-te.php,best-te,bp,Tucker Kraft,25298,TE,GB,4.6,0.8,3,5,,tucker-kraft.php,,,93.8,,,,,,11.0,Tucker Kraft,2026-07-31,GBP
/nfl/rankings/best-ball-te.php,best-te,bp,Sam LaPorta,22978,TE,DET,7.2,0.75,6,8,,sam-laporta.php,,,95.5,,,,,,6.0,Sam LaPorta,2026-07-31,DET
/nfl/rankings/best-ball-te.php,best-te,bp,Kyle Pitts Sr.,20164,TE,ATL,7.6,0.49,7,8,,kyle-pitts.php,,,95.6,,,,,,11.0,Kyle Pitts,2026-07-31,ATL
/nfl/rankings/best-ball-te.php,best-te,bp,Harold Fannin Jr.,27050,TE,CLE,8.2,2.4,6,12,,harold-fannin-jr.php,,,94.6,,,,,,11.0,Harold Fannin,2026-07-31,CLE
/nfl/rankings/best-ball-te.php,best-te,bp,Travis Kelce,11594,TE,KC,8.6,1.36,6,10,,travis-kelce.php,,,90.9,,,,,,5.0,Travis Kelce,2026-07-31,KCC
/nfl/rankings/best-ball-te.php,best-te,bp,George Kittle,16499,TE,SF,10.0,0.63,9,11,,george-kittle.php,,,92.8,,,,,,8.0,George Kittle,2026-07-31,SFO
/nfl/rankings/best-ball-te.php,best-te,bp,Dalton Kincaid,25247,TE,BUF,11.4,2.06,9,14,,dalton-kincaid.php,,,78.2,,,,,,7.0,Dalton Kincaid,2026-07-31,BUF
/nfl/rankings/best-ball-te.php,best-te,bp,Isaiah Likely,23781,TE,NYG,12.6,1.85,11,16,,isaiah-likely.php,,,86.6,,,,,-3.0,8.0,Isaiah Likely,2026-07-31,NYG
/nfl/rankings/best-ball-te.php,best-te,bp,Jake Ferguson,22718,TE,DAL,13.0,1.79,10,15,,jake-ferguson.php,,,89.6,,,,,,14.0,Jake Ferguson,2026-07-31,DAL
/nfl/rankings/best-ball-te.php,best-te,bp,Mark Andrews,17269,TE,BAL,14.0,2.1,11,16,,mark-andrews.php,,,84.3,,,,,,13.0,Mark Andrews,2026-07-31,BAL
/nfl/rankings/best-ball-te.php,best-te,bp,Dallas Goedert,17270,TE,PHI,14.6,2.24,11,17,,dallas-goedert.php,,,88.7,,,,,2.0,10.0,Dallas Goedert,2026-07-31,PHI
/nfl/rankings/best-ball-te.php,best-te,bp,Brenton Strange,25345,TE,JAC,17.4,2.58,14,22,,brenton-strange.php,,,50.4,,,,,,7.0,Brenton Strange,2026-07-31,JAC
/nfl/rankings/best-ball-te.php,best-te,bp,Chig Okonkwo,23982,TE,WAS,18.2,2.32,15,21,,chigoziem-okonkwo.php,,,42.9,,,,,,7.0,Chigoziem Okonkwo,2026-07-31,WAS
/nfl/rankings/best-ball-te.php,best-te,bp,Juwan Johnson,19562,TE,NO,18.4,1.85,15,20,,juwan-johnson.php,,,47.1,,,,,,8.0,Juwan Johnson,2026-07-31,NOS
/nfl/rankings/best-ball-te.php,best-te,bp,Oronde Gadsden II,25997,TE,LAC,19.6,2.87,15,23,,oronde-gadsden-ii.php,,,53.6,,,,,,7.0,Oronde Gadsden,2026-07-31,LAC
/nfl/rankings/best-ball-te.php,best-te,bp,Hunter Henry,15561,TE,NE,20.0,1.9,17,22,,hunter-henry.php,,,64.5,,,,,,11.0,Hunter Henry,2026-07-31,NEP
/nfl/rankings/best-ball-te.php,best-te,bp,Kenyon Sadiq,26055,TE,NYJ,20.6,2.15,18,24,,kenyon-sadiq.php,,,64.8,,,,,,13.0,Kenyon Sadiq,2026-07-31,NYJ
/nfl/rankings/best-ball-te.php,best-te,bp,Dalton Schultz,17349,TE,HOU,21.2,2.04,19,24,,dalton-schultz.php,,,32.5,,,,,,8.0,Dalton Schultz,2026-07-31,HOU
/nfl/rankings/best-ball-te.php,best-te,bp,Greg Dulcich,23153,TE,MIA,21.8,3.54,15,25,,greg-dulcich.php,,,20.5,,,,,,6.0,Greg Dulcich,2026-07-31,MIA
/nfl/rankings/best-ball-te.php,best-te,bp,T.J. Hockenson,18290,TE,MIN,22.2,1.47,20,24,,tj-hockenson.php,,,56.3,,,,,,6.0,TJ Hockenson,2026-07-31,MIN
/nfl/rankings/best-ball-te.php,best-te,bp,AJ Barner,26335,TE,SEA,24.4,2.06,21,27,,aj-barner.php,,,30.3,,,,,,11.0,AJ Barner,2026-07-31,SEA
/nfl/rankings/best-ball-te.php,best-te,bp,Cade Otton,23181,TE,TB,26.4,1.02,25,28,,cade-otton.php,,,23.2,,,,,,10.0,Cade Otton,2026-07-31,TBB
/nfl/rankings/best-ball-te.php,best-te,bp,Gunnar Helm,27109,TE,TEN,27.4,2.42,25,32,,gunnar-helm.php,,,20.8,,,,,,9.0,Gunnar Helm,2026-07-31,TEN
/nfl/rankings/best-ball-te.php,best-te,bp,Terrance Ferguson,23091,TE,LAR,28.6,1.62,26,31,,terrance-ferguson.php,,,22.1,,,,,,11.0,Terrance Ferguson,2026-07-31,LAR
/nfl/rankings/best-ball-te.php,best-te,bp,Pat Freiermuth,20163,TE,PIT,28.8,0.75,28,30,,pat-freiermuth.php,,,20.2,,,,,,9.0,Pat Freiermuth,2026-07-31,PIT
/nfl/rankings/best-ball-te.php,best-te,bp,Mike Gesicki,17272,TE,CIN,29.2,2.32,25,32,,mike-gesicki.php,,,13.4,,,,,,6.0,Mike Gesicki,2026-07-31,CIN
/nfl/rankings/best-ball-te.php,best-te,bp,David Njoku,16399,TE,LAC,31.4,2.42,28,34,,david-njoku.php,,,25.1,,,,,,7.0,David Njoku,2026-07-31,LAC
/nfl/rankings/best-ball-te.php,best-te,bp,Evan Engram,16411,TE,DEN,32.0,1.9,30,35,,evan-engram.php,,,12.9,,,,,,10.0,Evan Engram,2026-07-31,DEN
/nfl/rankings/best-ball-te.php,best-te,bp,Eli Stowers,23144,TE,PHI,33.8,1.94,31,37,,eli-stowers.php,,,24.0,,,,,,10.0,Eli Stowers,2026-07-31,PHI
/nfl/rankings/best-ball-te.php,best-te,bp,Darnell Washington,22967,TE,PIT,35.0,2.61,32,39,,darnell-washington.php,,,12.5,,,,,,9.0,Darnell Washington,2026-07-31,PIT
/nfl/rankings/best-ball-te.php,best-te,bp,Jake Tonges,24778,TE,SF,35.2,1.72,32,37,,jake-tonges.php,,,17.6,,,,,,8.0,Jake Tonges,2026-07-31,SFO
/nfl/rankings/best-ball-te.php,best-te,bp,Colby Parkinson,19372,TE,LAR,35.8,2.23,32,38,,colby-parkinson.php,,,20.3,,,,,,11.0,Colby Parkinson,2026-07-31,LAR
/nfl/rankings/best-ball-te.php,best-te,bp,Theo Johnson,23104,TE,NYG,36.8,1.83,35,39,,theo-johnson.php,,,14.9,,,,,,8.0,Theo Johnson,2026-07-31,NYG
/nfl/rankings/best-ball-te.php,best-te,bp,Michael Mayer,23056,TE,LV,40.0,8.1,33,55,,michael-mayer.php,,,11.5,,,,,,13.0,Michael Mayer,2026-07-31,LVR
/nfl/rankings/best-ball-te.php,best-te,bp,Mason Taylor,26005,TE,NYJ,40.8,3.71,37,47,,mason-taylor.php,,,14.8,,,,,,13.0,Mason Taylor,2026-07-31,NYJ
/nfl/rankings/best-ball-te.php,best-te,bp,Elijah Arroyo,23004,TE,SEA,42.6,3.77,38,48,,elijah-arroyo.php,,,7.1,,,,,,11.0,Elijah Arroyo,2026-07-31,SEA
/nfl/rankings/best-ball-te.php,best-te,bp,Max Klare,27993,TE,LAR,43.0,3.74,38,49,,max-klare.php,,,11.3,,,,,,11.0,Max Klare,2026-07-31,LAR
/nfl/rankings/best-ball-te.php,best-te,bp,Noah Gray,19539,TE,KC,47.75,8.87,37,57,,noah-gray.php,,,4.2,,,,,,5.0,Noah Gray,2026-07-31,KCC
/nfl/rankings/best-ball-te.php,best-te,bp,Tyler Higbee,15623,TE,LAR,48.5,10.36,31,58,,tyler-higbee.php,,,3.1,,,,,,11.0,Tyler Higbee,2026-07-31,LAR
/nfl/rankings/best-ball-te.php,best-te,bp,Oscar Delp,25430,TE,NO,49.0,15.51,35,75,,oscar-delp.php,,,6.4,,,,,6.0,8.0,Oscar Delp,2026-07-31,NOS
/nfl/rankings/best-ball-te.php,best-te,bp,Ja'Tavion Sanders,24334,TE,CAR,38.33,4.19,34,44,,jatavion-sanders.php,,,4.7,,,,,,5.0,JaTavion Sanders,2026-07-31,CAR
/nfl/rankings/best-ball-te.php,best-te,bp,Cole Kmet,19229,TE,CHI,45.33,4.5,39,49,,cole-kmet.php,,,7.3,,,,,,10.0,Cole Kmet,2026-07-31,CHI
/nfl/rankings/best-ball-te.php,best-te,bp,Dawson Knox,18631,TE,BUF,45.33,0.47,45,46,,dawson-knox.php,,,7.4,,,,,,7.0,Dawson Knox,2026-07-31,BUF
/nfl/rankings/best-ball-te.php,best-te,bp,Eli Raridon,28154,TE,NE,46.0,10.61,38,61,,eli-raridon.php,,,5.1,,,,,,11.0,Eli Raridon,2026-07-31,NEP
/nfl/rankings/best-ball-te.php,best-te,bp,Ben Sinnott,26310,TE,WAS,56.5,8.5,42,63,,ben-sinnott.php,,,1.9,,,,,,7.0,Ben Sinnott,2026-07-31,WAS
/nfl/rankings/best-ball-te.php,best-te,bp,Justin Joly,28079,TE,DEN,48.33,4.5,42,52,,justin-joly.php,,,11.0,,,,,,10.0,Justin Joly,2026-07-31,DEN
/nfl/rankings/best-ball-te.php,best-te,bp,Tommy Tremble,22795,TE,CAR,53.33,2.49,50,56,,tommy-tremble.php,,,1.0,,,,,,5.0,Tommy Tremble,2026-07-31,CAR
/nfl/rankings/best-ball-te.php,best-te,bp,Charlie Kolar,22756,TE,LAC,54.33,16.78,41,78,,charlie-kolar.php,,,2.0,,,,,9.0,7.0,Charlie Kolar,2026-07-31,LAC
/nfl/rankings/best-ball-te.php,best-te,bp,Darren Waller,14104,TE,FA,55.33,11.84,41,70,,darren-waller.php,,,2.3,,,,,,,Darren Waller,2026-07-31,FA
/nfl/rankings/best-ball-te.php,best-te,bp,Noah Fant,17527,TE,NO,55.33,5.25,48,60,,noah-fant.php,,,1.8,,,,,,8.0,Noah Fant,2026-07-31,NOS
/nfl/rankings/best-ball-te.php,best-te,bp,Erick All Jr.,23837,TE,CIN,45.0,5.0,40,50,,erick-all.php,,,2.0,,,,,,6.0,Erick All,2026-07-31,CIN
/nfl/rankings/best-ball-te.php,best-te,bp,Luke Musgrave,25282,TE,GB,58.0,2.94,54,61,,luke-musgrave.php,,,7.0,,,,,,11.0,Luke Musgrave,2026-07-31,GBP
/nfl/rankings/best-ball-te.php,best-te,bp,Marlin Klein,28157,TE,HOU,58.33,8.01,47,64,,marlin-klein.php,,,1.2,,,,,,8.0,Marlin Klein,2026-07-31,HOU
/nfl/rankings/best-ball-te.php,best-te,bp,Jonnu Smith,16460,TE,FA,47.5,11.5,36,59,,jonnu-smith.php,,,2.9,,,,,,,Jonnu Smith,2026-07-31,FA
/nfl/rankings/best-ball-te.php,best-te,bp,Sam Roush,28161,TE,CHI,61.0,10.8,51,76,,sam-roush.php,,,1.5,,,,,,10.0,Sam Roush,2026-07-31,CHI
/nfl/rankings/best-ball-te.php,best-te,bp,Austin Hooper,15581,TE,ATL,53.0,9.0,44,62,,austin-hooper.php,,,1.4,,,,,,11.0,Austin Hooper,2026-07-31,ATL
/nfl/rankings/best-ball-te.php,best-te,bp,Zach Ertz,11689,TE,FA,53.5,11.5,42,65,,zach-ertz.php,,,1.7,,,,,,,Zach Ertz,2026-07-31,FA
/nfl/rankings/best-ball-te.php,best-te,bp,Elijah Higgins,23119,TE,ARI,56.5,3.5,53,60,,elijah-higgins.php,,,1.5,,,,,,14.0,Elijah Higgins,2026-07-31,ARI
/nfl/rankings/best-ball-te.php,best-te,bp,Daniel Bellinger,24238,TE,TEN,58.5,9.5,49,68,,daniel-bellinger.php,,,3.2,,,,,,9.0,Daniel Bellinger,2026-07-31,TEN
/nfl/rankings/best-ball-te.php,best-te,bp,Mitchell Evans,27138,TE,CAR,60.0,3.0,57,63,,mitchell-evans.php,,,0.7,,,,,,5.0,Mitchell Evans,2026-07-31,CAR
/nfl/rankings/best-ball-te.php,best-te,bp,Nate Boerkircher,28427,TE,JAC,60.5,8.5,52,69,,nate-boerkircher.php,,,0.9,,,,,,7.0,Nate Boerkircher,2026-07-31,JAC
/nfl/rankings/best-ball-te.php,best-te,bp,Will Kacmarek,28403,TE,MIA,61.0,11.0,50,72,,will-kacmarek.php,,,5.4,,,,,,6.0,Will Kacmarek,2026-07-31,MIA
/nfl/rankings/best-ball-te.php,best-te,bp,Michael Trigg,23167,TE,DAL,67.0,12.0,55,79,,michael-trigg.php,,,9.0,,,,,,14.0,Michael Trigg,2026-07-31,DAL
/nfl/rankings/best-ball-te.php,best-te,bp,Jared Wiley,26343,TE,KC,67.0,9.0,58,76,,jared-wiley.php,,,1.0,,,,,,5.0,Jared Wiley,2026-07-31,KCC
/nfl/rankings/best-ball-te.php,best-te,bp,Jackson Hawes,27469,TE,BUF,76.5,25.5,51,102,,jackson-hawes.php,,,0.6,,,,,,7.0,Jackson Hawes,2026-07-31,BUF
/nfl/rankings/best-ball-te.php,best-te,bp,Luke Schoonmaker,25267,TE,DAL,69.0,15.0,54,84,,luke-schoonmaker.php,,,0.9,,,,,,14.0,Luke Schoonmaker,2026-07-31,DAL
/nfl/rankings/best-ball-te.php,best-te,bp,Tanner Koziol,27499,TE,JAC,69.0,2.0,67,71,,tanner-koziol.php,,,1.9,,,,,,7.0,Tanner Koziol,2026-07-31,JAC
/nfl/rankings/best-ball-te.php,best-te,bp,Durham Smythe,17508,TE,BAL,82.0,25.0,57,107,,durham-smythe.php,,,0.6,,,,,,13.0,Durham Smythe,2026-07-31,BAL
/nfl/rankings/best-ball-te.php,best-te,bp,Joe Royer,27312,TE,CLE,73.0,7.0,66,80,,joe-royer.php,,,1.6,,,,,,11.0,Joe Royer,2026-07-31,CLE
/nfl/rankings/best-ball-te.php,best-te,bp,Josh Oliver,18487,TE,MIN,74.0,7.0,67,81,,josh-oliver.php,,,0.7,,,,,,6.0,Josh Oliver,2026-07-31,MIN
/nfl/rankings/best-ball-te.php,best-te,bp,Tyler Conklin,17598,TE,DET,78.0,13.0,65,91,,tyler-conklin.php,,,0.7,,,,,,6.0,Tyler Conklin,2026-07-31,DET
/nfl/rankings/best-ball-te.php,best-te,bp,Grant Calcaterra,24180,TE,PHI,75.0,6.0,69,81,,grant-calcaterra.php,,,0.7,,,,,,10.0,Grant Calcaterra,2026-07-31,PHI
/nfl/rankings/best-ball-te.php,best-te,bp,Jack Endries,27501,TE,CIN,79.5,6.5,73,86,,jack-endries.php,,,5.8,,,,,,6.0,Jack Endries,2026-07-31,CIN
/nfl/rankings/best-ball-te.php,best-te,bp,Cade Stover,25269,TE,HOU,82.5,0.5,82,83,,cade-stover.php,,,0.8,,,,,,8.0,Cade Stover,2026-07-31,HOU
/nfl/rankings/best-ball-te.php,best-te,bp,Johnny Mundt,16743,TE,PHI,89.0,7.0,82,96,,johnny-mundt.php,,,0.1,,,,,,10.0,Johnny Mundt,2026-07-31,PHI
/nfl/rankings/best-ball-wr.php,best-wr,bp,Ja'Marr Chase,19788,WR,CIN,1.2,0.4,1,2,,jamarr-chase.php,,,99.4,,,,,,6.0,JaMarr Chase,2026-07-31,CIN
/nfl/rankings/best-ball-wr.php,best-wr,bp,Puka Nacua,23180,WR,LAR,1.8,0.4,1,2,,puka-nacua.php,,,99.5,,,,,,11.0,Puka Nacua,2026-07-31,LAR
/nfl/rankings/best-ball-wr.php,best-wr,bp,Jaxon Smith-Njigba,23070,WR,SEA,3.0,0.0,3,3,,jaxon-smith-njigba.php,,,99.6,,,,,,11.0,Jaxon Smith-Njigba,2026-07-31,SEA
/nfl/rankings/best-ball-wr.php,best-wr,bp,Amon-Ra St. Brown,19799,WR,DET,4.0,0.0,4,4,,amonra-stbrown.php,,,99.3,,,,,,6.0,Amon-Ra St Brown,2026-07-31,DET
/nfl/rankings/best-ball-wr.php,best-wr,bp,Justin Jefferson,19236,WR,MIN,5.8,0.75,5,7,,justin-jefferson.php,,,99.3,,,,,,6.0,Justin Jefferson,2026-07-31,MIN
/nfl/rankings/best-ball-wr.php,best-wr,bp,CeeDee Lamb,19202,WR,DAL,6.0,0.0,6,6,,ceedee-lamb.php,,,99.4,,,,,-1.0,14.0,CeeDee Lamb,2026-07-31,DAL
/nfl/rankings/best-ball-wr.php,best-wr,bp,A.J. Brown,18218,WR,NE,7.6,1.74,5,10,,aj-brown.php,,,99.2,,,,,,11.0,AJ Brown,2026-07-31,NEP
/nfl/rankings/best-ball-wr.php,best-wr,bp,Drake London,23163,WR,ATL,7.6,0.49,7,8,,drake-london.php,,,99.1,,,,,,11.0,Drake London,2026-07-31,ATL
/nfl/rankings/best-ball-wr.php,best-wr,bp,Nico Collins,20130,WR,HOU,9.8,0.75,9,11,,nico-collins.php,,,99.2,,,,,,8.0,Nico Collins,2026-07-31,HOU
/nfl/rankings/best-ball-wr.php,best-wr,bp,George Pickens,22963,WR,DAL,11.0,1.1,9,12,,george-pickens.php,,,99.2,,,,,,14.0,George Pickens,2026-07-31,DAL
/nfl/rankings/best-ball-wr.php,best-wr,bp,Rashee Rice,23113,WR,KC,12.2,5.95,8,24,,rashee-rice.php,,,97.9,,,,,3.0,5.0,Rashee Rice,2026-07-31,KCC
/nfl/rankings/best-ball-wr.php,best-wr,bp,DeVonta Smith,19222,WR,PHI,12.6,1.62,11,15,,devonta-smith.php,,,98.0,,,,,,10.0,DeVonta Smith,2026-07-31,PHI
/nfl/rankings/best-ball-wr.php,best-wr,bp,Zay Flowers,22916,WR,BAL,14.0,1.79,12,17,,zay-flowers.php,,,97.1,,,,,-2.0,13.0,Zay Flowers,2026-07-31,BAL
/nfl/rankings/best-ball-wr.php,best-wr,bp,Chris Olave,20111,WR,NO,14.4,2.06,11,17,,chris-olave.php,,,98.1,,,,,,8.0,Chris Olave,2026-07-31,NOS
/nfl/rankings/best-ball-wr.php,best-wr,bp,Tetairoa McMillan,25417,WR,CAR,16.6,3.72,13,22,,tetairoa-mcmillan.php,,,97.9,,,,,,5.0,Tetairoa McMillan,2026-07-31,CAR
/nfl/rankings/best-ball-wr.php,best-wr,bp,Tee Higgins,19211,WR,CIN,17.4,2.5,14,20,,tee-higgins.php,,,97.6,,,,,,6.0,Tee Higgins,2026-07-31,CIN
/nfl/rankings/best-ball-wr.php,best-wr,bp,Garrett Wilson,23072,WR,NYJ,17.6,1.5,15,19,,garrett-wilson.php,,,97.3,,,,,,13.0,Garrett Wilson,2026-07-31,NYJ
/nfl/rankings/best-ball-wr.php,best-wr,bp,Emeka Egbuka,23062,WR,TB,17.6,1.85,16,21,,emeka-egbuka.php,,,96.3,,,,,,10.0,Emeka Egbuka,2026-07-31,TBB
/nfl/rankings/best-ball-wr.php,best-wr,bp,Malik Nabers,25409,WR,NYG,19.0,3.16,14,23,,malik-nabers.php,,,98.2,,,,,,8.0,Malik Nabers,2026-07-31,NYG
/nfl/rankings/best-ball-wr.php,best-wr,bp,Ladd McConkey,26122,WR,LAC,19.2,3.54,16,26,,ladd-mcconkey.php,,,95.9,,,,,,7.0,Ladd McConkey,2026-07-31,LAC
/nfl/rankings/best-ball-wr.php,best-wr,bp,Jaylen Waddle,19790,WR,DEN,19.8,0.75,19,21,,jaylen-waddle.php,,,95.7,,,,,-6.0,10.0,Jaylen Waddle,2026-07-31,DEN
/nfl/rankings/best-ball-wr.php,best-wr,bp,Terry McLaurin,18466,WR,WAS,22.8,3.06,18,27,,terry-mclaurin.php,,,95.3,,,,,,7.0,Terry McLaurin,2026-07-31,WAS
/nfl/rankings/best-ball-wr.php,best-wr,bp,Luther Burden III,27016,WR,CHI,23.0,1.1,21,24,,luther-burden-iii.php,,,93.8,,,,,,10.0,Luther Burden,2026-07-31,CHI
/nfl/rankings/best-ball-wr.php,best-wr,bp,Mike Evans,12119,WR,SF,23.6,1.85,21,26,,mike-evans.php,,,93.0,,,,,,8.0,Mike Evans,2026-07-31,SFO
/nfl/rankings/best-ball-wr.php,best-wr,bp,DJ Moore,17265,WR,BUF,24.4,2.5,21,27,,dj-moore-wr.php,,,93.4,,,,,,7.0,DJ Moore,2026-07-31,BUF
/nfl/rankings/best-ball-wr.php,best-wr,bp,Jameson Williams,23677,WR,DET,25.4,4.03,19,31,,jameson-williams.php,,,95.1,,,,,,6.0,Jameson Williams,2026-07-31,DET
/nfl/rankings/best-ball-wr.php,best-wr,bp,Davante Adams,12123,WR,LAR,26.2,0.98,25,28,,davante-adams.php,,,97.3,,,,,,11.0,Davante Adams,2026-07-31,LAR
/nfl/rankings/best-ball-wr.php,best-wr,bp,Christian Watson,23886,WR,GB,28.4,3.56,23,34,,christian-watson.php,,,91.6,,,,,,11.0,Christian Watson,2026-07-31,GBP
/nfl/rankings/best-ball-wr.php,best-wr,bp,Carnell Tate,26009,WR,TEN,28.6,2.06,25,31,,carnell-tate.php,,,93.4,,,,,,9.0,Carnell Tate,2026-07-31,TEN
/nfl/rankings/best-ball-wr.php,best-wr,bp,Jordyn Tyson,26035,WR,NO,31.8,1.33,30,34,,jordyn-tyson.php,,,89.2,,,,,,8.0,Jordyn Tyson,2026-07-31,NOS
/nfl/rankings/best-ball-wr.php,best-wr,bp,Rome Odunze,25411,WR,CHI,32.2,3.97,28,37,,rome-odunze.php,,,92.4,,,,,,10.0,Rome Odunze,2026-07-31,CHI
/nfl/rankings/best-ball-wr.php,best-wr,bp,Marvin Harrison Jr.,23064,WR,ARI,33.6,2.42,31,38,,marvin-harrison-jr.php,,,90.6,,,,,,14.0,Marvin Harrison,2026-07-31,ARI
/nfl/rankings/best-ball-wr.php,best-wr,bp,Brian Thomas Jr.,23000,WR,JAC,35.0,4.6,30,41,,brian-thomas-jr.php,,,89.6,,,,,,7.0,Brian Thomas,2026-07-31,JAC
/nfl/rankings/best-ball-wr.php,best-wr,bp,Parker Washington,23106,WR,JAC,35.2,4.12,28,40,,parker-washington.php,,,88.4,,,,,,7.0,Parker Washington,2026-07-31,JAC
/nfl/rankings/best-ball-wr.php,best-wr,bp,Alec Pierce,23791,WR,IND,35.2,4.45,30,43,,alec-pierce.php,,,90.3,,,,,,13.0,Alec Pierce,2026-07-31,IND
/nfl/rankings/best-ball-wr.php,best-wr,bp,DK Metcalf,18219,WR,PIT,36.4,1.85,33,38,,dk-metcalf.php,,,92.2,,,,,,9.0,DK Metcalf,2026-07-31,PIT
/nfl/rankings/best-ball-wr.php,best-wr,bp,Makai Lemon,25420,WR,PHI,37.4,3.77,34,42,,makai-lemon.php,,,88.7,,,,,,10.0,Makai Lemon,2026-07-31,PHI
/nfl/rankings/best-ball-wr.php,best-wr,bp,Courtland Sutton,17253,WR,DEN,38.4,1.85,35,40,,courtland-sutton.php,,,89.8,,,,,,10.0,Courtland Sutton,2026-07-31,DEN
/nfl/rankings/best-ball-wr.php,best-wr,bp,Chris Godwin Jr.,16406,WR,TB,39.2,1.6,37,41,,chris-godwin.php,,,87.2,,,,,,10.0,Chris Godwin,2026-07-31,TBB
/nfl/rankings/best-ball-wr.php,best-wr,bp,Wan'Dale Robinson,22985,WR,TEN,40.0,4.38,33,45,,wandale-robinson.php,,,77.3,,,,,,9.0,WanDale Robinson,2026-07-31,TEN
/nfl/rankings/best-ball-wr.php,best-wr,bp,Josh Downs,24706,WR,IND,40.4,3.32,35,45,,josh-downs.php,,,81.5,,,,,,13.0,Josh Downs,2026-07-31,IND
/nfl/rankings/best-ball-wr.php,best-wr,bp,Quentin Johnston,23123,WR,LAC,41.2,4.71,36,47,,quentin-johnston.php,,,82.4,,,,,,7.0,Quentin Johnston,2026-07-31,LAC
/nfl/rankings/best-ball-wr.php,best-wr,bp,Michael Wilson,25333,WR,ARI,43.2,3.97,39,48,,michael-wilson.php,,,86.6,,,,,,14.0,Michael Wilson,2026-07-31,ARI
/nfl/rankings/best-ball-wr.php,best-wr,bp,Michael Pittman Jr.,19278,WR,PIT,44.0,2.76,40,48,,michael-pittman.php,,,87.7,,,,,,9.0,Michael Pittman,2026-07-31,PIT
/nfl/rankings/best-ball-wr.php,best-wr,bp,Jordan Addison,23107,WR,MIN,45.0,2.76,40,47,,jordan-addison.php,,,84.0,,,,,,6.0,Jordan Addison,2026-07-31,MIN
/nfl/rankings/best-ball-wr.php,best-wr,bp,Xavier Worthy,23019,WR,KC,45.6,2.94,42,50,,xavier-worthy.php,,,77.2,,,,,5.0,5.0,Xavier Worthy,2026-07-31,KCC
/nfl/rankings/best-ball-wr.php,best-wr,bp,Jakobi Meyers,18598,WR,JAC,46.0,2.76,43,50,,jakobi-meyers.php,,,83.0,,,,,,7.0,Jakobi Meyers,2026-07-31,JAC
/nfl/rankings/best-ball-wr.php,best-wr,bp,KC Concepcion,27331,WR,CLE,46.2,3.54,41,52,,kevin-concepcion.php,,,68.0,,,,,,11.0,KC Concepcion,2026-07-31,CLE
/nfl/rankings/best-ball-wr.php,best-wr,bp,Jayden Higgins,27077,WR,HOU,49.0,3.46,44,53,,jayden-higgins.php,,,50.1,,,,,,8.0,Jayden Higgins,2026-07-31,HOU
/nfl/rankings/best-ball-wr.php,best-wr,bp,Jayden Reed,23020,WR,GB,49.0,2.28,46,53,,jayden-reed.php,,,78.3,,,,,,11.0,Jayden Reed,2026-07-31,GBP
/nfl/rankings/best-ball-wr.php,best-wr,bp,Ricky Pearsall,26214,WR,SF,49.2,4.02,45,55,,ricky-pearsall.php,,,83.4,,,,,,8.0,Ricky Pearsall,2026-07-31,SFO
/nfl/rankings/best-ball-wr.php,best-wr,bp,Romeo Doubs,23794,WR,NE,51.0,1.67,49,54,,romeo-doubs.php,,,69.0,,,,,,11.0,Romeo Doubs,2026-07-31,NEP
/nfl/rankings/best-ball-wr.php,best-wr,bp,Jalen Coker,26403,WR,CAR,52.8,1.17,51,54,,jalen-coker.php,,,49.1,,,,,,5.0,Jalen Coker,2026-07-31,CAR
/nfl/rankings/best-ball-wr.php,best-wr,bp,Matthew Golden,26024,WR,GB,54.2,3.31,50,60,,matthew-golden.php,,,69.4,,,,,,11.0,Matthew Golden,2026-07-31,GBP
/nfl/rankings/best-ball-wr.php,best-wr,bp,Khalil Shakir,23748,WR,BUF,56.0,0.63,55,57,,khalil-shakir.php,,,67.1,,,,,,7.0,Khalil Shakir,2026-07-31,BUF
/nfl/rankings/best-ball-wr.php,best-wr,bp,Omar Cooper Jr.,28127,WR,NYJ,56.2,2.48,53,59,,omar-cooper-jr.php,,,42.1,,,,,,13.0,Omar Cooper,2026-07-31,NYJ
/nfl/rankings/best-ball-wr.php,best-wr,bp,Rashid Shaheed,24687,WR,SEA,57.6,2.15,55,61,,rashid-shaheed.php,,,46.7,,,,,,11.0,Rashid Shaheed,2026-07-31,SEA
/nfl/rankings/best-ball-wr.php,best-wr,bp,Stefon Diggs,13981,WR,FA,58.6,2.58,56,63,,stefon-diggs.php,,,52.3,,,,,,,Stefon Diggs,2026-07-31,FA
/nfl/rankings/best-ball-wr.php,best-wr,bp,Denzel Boston,27339,WR,CLE,59.4,1.02,58,61,,denzel-boston.php,,,36.7,,,,,,11.0,Denzel Boston,2026-07-31,CLE
/nfl/rankings/best-ball-wr.php,best-wr,bp,Jauan Jennings,19590,WR,MIN,64.6,2.8,62,70,,jauan-jennings.php,,,36.2,,,,,,6.0,Jauan Jennings,2026-07-31,MIN
/nfl/rankings/best-ball-wr.php,best-wr,bp,Antonio Williams,25418,WR,WAS,65.0,4.05,58,69,,antonio-williams-wr.php,,,28.8,,,,,,7.0,Antonio Williams,2026-07-31,WAS
/nfl/rankings/best-ball-wr.php,best-wr,bp,Jalen Nailor,24177,WR,LV,65.8,6.62,62,79,,jalen-nailor.php,,,31.0,,,,,,13.0,Jalen Nailor,2026-07-31,LVR
/nfl/rankings/best-ball-wr.php,best-wr,bp,Travis Hunter,26034,WR,JAC,67.8,10.26,60,87,,travis-hunter.php,,,67.3,,,,,,7.0,Travis Hunter,2026-07-31,JAC
/nfl/rankings/best-ball-wr.php,best-wr,bp,Tre Tucker,25337,WR,LV,68.2,7.08,59,80,,tre-tucker.php,,,25.3,,,,,,13.0,Tre Tucker,2026-07-31,LVR
/nfl/rankings/best-ball-wr.php,best-wr,bp,Jerry Jeudy,19201,WR,CLE,68.2,3.66,64,75,,jerry-jeudy.php,,,34.6,,,,,,11.0,Jerry Jeudy,2026-07-31,CLE
/nfl/rankings/best-ball-wr.php,best-wr,bp,Ryan Flournoy,26398,WR,DAL,69.0,5.66,64,80,,ryan-flournoy.php,,,17.7,,,,,,14.0,Ryan Flournoy,2026-07-31,DAL
/nfl/rankings/best-ball-wr.php,best-wr,bp,Jalen McMillan,23179,WR,TB,69.4,6.86,58,76,,jalen-mcmillan.php,,,34.9,,,,,,10.0,Jalen McMillan,2026-07-31,TBB
/nfl/rankings/best-ball-wr.php,best-wr,bp,De'Zhaun Stribling,28138,WR,SF,69.6,7.91,58,82,,dezhaun-stribling.php,,,21.4,,,,,8.0,8.0,DeZhaun Stribling,2026-07-31,SFO
/nfl/rankings/best-ball-wr.php,best-wr,bp,Adonai Mitchell,24357,WR,NYJ,70.8,2.4,68,74,,adonai-mitchell.php,,,21.1,,,,,,13.0,Adonai Mitchell,2026-07-31,NYJ
/nfl/rankings/best-ball-wr.php,best-wr,bp,Germie Bernard,26039,WR,PIT,73.2,4.58,69,82,,germie-bernard.php,,,20.1,,,,,-7.0,9.0,Germie Bernard,2026-07-31,PIT
/nfl/rankings/best-ball-wr.php,best-wr,bp,Tre' Harris,26215,WR,LAC,73.8,7.57,62,84,,tre-harris.php,,,18.9,,,,,,7.0,Tre Harris,2026-07-31,LAC
/nfl/rankings/best-ball-wr.php,best-wr,bp,Darnell Mooney,19810,WR,NYG,74.0,4.69,66,79,,darnell-mooney.php,,,17.2,,,,,,8.0,Darnell Mooney,2026-07-31,NYG
/nfl/rankings/best-ball-wr.php,best-wr,bp,Calvin Ridley,17258,WR,TEN,74.0,2.28,71,77,,calvin-ridley.php,,,24.2,,,,,,9.0,Calvin Ridley,2026-07-31,TEN
/nfl/rankings/best-ball-wr.php,best-wr,bp,Isaac TeSlaa,27446,WR,DET,74.4,3.61,70,80,,isaac-teslaa.php,,,22.5,,,,,,6.0,Isaac TeSlaa,2026-07-31,DET
/nfl/rankings/best-ball-wr.php,best-wr,bp,Jaylin Noel,27122,WR,HOU,77.0,6.72,66,84,,jaylin-noel.php,,,13.8,,,,,,8.0,Jaylin Noel,2026-07-31,HOU
/nfl/rankings/best-ball-wr.php,best-wr,bp,Malik Washington,26314,WR,MIA,78.2,13.92,62,100,,malik-washington.php,,,19.6,,,,,,6.0,Malik Washington,2026-07-31,MIA
/nfl/rankings/best-ball-wr.php,best-wr,bp,Tank Dell,25361,WR,HOU,79.4,7.36,69,92,,nathaniel-dell.php,,,24.0,,,,,17.0,8.0,Tank Dell,2026-07-31,HOU
/nfl/rankings/best-ball-wr.php,best-wr,bp,Kayshon Boutte,22989,WR,NE,79.6,4.59,75,86,,kayshon-boutte.php,,,21.6,,,,,,11.0,Kayshon Boutte,2026-07-31,NEP
/nfl/rankings/best-ball-wr.php,best-wr,bp,Zachariah Branch,25419,WR,ATL,81.6,7.03,72,91,,zachariah-branch.php,,,22.7,,,,,,11.0,Zachariah Branch,2026-07-31,ATL
/nfl/rankings/best-ball-wr.php,best-wr,bp,Dontayvion Wicks,24354,WR,PHI,82.8,3.66,77,88,,dontayvion-wicks.php,,,12.2,,,,,,10.0,Dontayvion Wicks,2026-07-31,PHI
/nfl/rankings/best-ball-wr.php,best-wr,bp,Elijah Sarratt,27463,WR,BAL,83.4,6.05,74,92,,elijah-sarratt.php,,,16.3,,,,,,13.0,Elijah Sarratt,2026-07-31,BAL
/nfl/rankings/best-ball-wr.php,best-wr,bp,Chris Brazzell II,28047,WR,CAR,83.8,11.74,66,103,,chris-brazzell-ii.php,,,14.4,,,,,,5.0,Chris Brazzell,2026-07-31,CAR
/nfl/rankings/best-ball-wr.php,best-wr,bp,Ted Hurst III,28130,WR,TB,83.8,7.41,75,96,,ted-hurst.php,,,17.3,,,,,,10.0,Ted Hurst,2026-07-31,TBB
/nfl/rankings/best-ball-wr.php,best-wr,bp,Chris Bell,26038,WR,MIA,84.4,9.46,77,103,,chris-bell.php,,,19.8,,,,,,6.0,Chris Bell,2026-07-31,MIA
/nfl/rankings/best-ball-wr.php,best-wr,bp,Rashod Bateman,19794,WR,BAL,85.0,6.23,78,95,,rashod-bateman.php,,,10.2,,,,,13.0,13.0,Rashod Bateman,2026-07-31,BAL
/nfl/rankings/best-ball-wr.php,best-wr,bp,Deebo Samuel Sr.,18244,WR,SF,85.6,19.29,65,122,,deebo-samuel.php,,,32.6,,,,,,8.0,Deebo Samuel,2026-07-31,SFO
/nfl/rankings/best-ball-wr.php,best-wr,bp,Pat Bryant,27211,WR,DEN,86.8,5.04,81,96,,pat-bryant.php,,,14.4,,,,,,10.0,Pat Bryant,2026-07-31,DEN
/nfl/rankings/best-ball-wr.php,best-wr,bp,Troy Franklin,23092,WR,DEN,89.6,6.31,83,97,,troy-franklin.php,,,16.6,,,,,,10.0,Troy Franklin,2026-07-31,DEN
/nfl/rankings/best-ball-wr.php,best-wr,bp,Tyreek Hill,15802,WR,FA,90.8,10.53,76,104,,tyreek-hill.php,,,31.9,,,,,,,Tyreek Hill,2026-07-31,FA
/nfl/rankings/best-ball-wr.php,best-wr,bp,Cooper Kupp,16433,WR,SEA,91.2,4.31,83,95,,cooper-kupp.php,,,16.9,,,,,,11.0,Cooper Kupp,2026-07-31,SEA
/nfl/rankings/best-ball-wr.php,best-wr,bp,Skyler Bell,28126,WR,BUF,94.8,13.01,78,112,,skyler-bell.php,,,13.8,,,,,,7.0,Skyler Bell,2026-07-31,BUF
/nfl/rankings/best-ball-wr.php,best-wr,bp,Ja'Kobi Lane,27337,WR,BAL,95.6,9.31,86,113,,jakobi-lane.php,,,19.6,,,,,,13.0,JaKobi Lane,2026-07-31,BAL
/nfl/rankings/best-ball-wr.php,best-wr,bp,Christian Kirk,17268,WR,SF,96.0,10.43,85,111,,christian-kirk.php,,,13.0,,,,,,8.0,Christian Kirk,2026-07-31,SFO
/nfl/rankings/best-ball-wr.php,best-wr,bp,Malachi Fields,27994,WR,NYG,96.8,13.91,85,123,,malachi-fields.php,,,17.1,,,,,,8.0,Malachi Fields,2026-07-31,NYG
/nfl/rankings/best-ball-wr.php,best-wr,bp,Brandon Aiyuk,19252,WR,SF,97.4,16.52,74,119,,brandon-aiyuk.php,,,27.2,,,,,-11.0,8.0,Brandon Aiyuk,2026-07-31,SFO
/nfl/rankings/best-ball-wr.php,best-wr,bp,Chimere Dike,27315,WR,TEN,97.6,6.47,90,108,,chimere-dike.php,,,14.7,,,,,,9.0,Chimere Dike,2026-07-31,TEN
/nfl/rankings/best-ball-wr.php,best-wr,bp,Marvin Mims Jr.,23080,WR,DEN,99.0,6.81,91,107,,marvin-mims.php,,,10.5,,,,,,10.0,Marvin Mims,2026-07-31,DEN
/nfl/rankings/best-ball-wr.php,best-wr,bp,Devaughn Vele,26409,WR,NO,99.2,9.74,90,117,,devaughn-vele.php,,,8.9,,,,,,8.0,Devaughn Vele,2026-07-31,NOS
/nfl/rankings/best-ball-wr.php,best-wr,bp,Darius Slayton,18706,WR,NYG,100.2,11.89,79,112,,darius-slayton.php,,,6.0,,,,,,8.0,Darius Slayton,2026-07-31,NYG
/nfl/rankings/best-ball-wr.php,best-wr,bp,Brenen Thompson,28133,WR,LAC,102.0,9.4,89,115,,brenen-thompson.php,,,3.8,,,,,,7.0,Brenen Thompson,2026-07-31,LAC
/nfl/rankings/best-ball-wr.php,best-wr,bp,Tyquan Thornton,22913,WR,KC,102.4,7.45,94,112,,tyquan-thornton.php,,,6.4,,,,,-10.0,5.0,Tyquan Thornton,2026-07-31,KCC
/nfl/rankings/best-ball-wr.php,best-wr,bp,Keon Coleman,26019,WR,BUF,103.0,6.03,98,113,,keon-coleman.php,,,11.8,,,,,,7.0,Keon Coleman,2026-07-31,BUF
/nfl/rankings/best-ball-wr.php,best-wr,bp,Andrei Iosivas,25335,WR,CIN,104.2,10.05,86,114,,andrei-iosivas.php,,,6.2,,,,,,6.0,Andrei Iosivas,2026-07-31,CIN
/nfl/rankings/best-ball-wr.php,best-wr,bp,Tory Horton,26022,WR,SEA,104.2,11.63,91,122,,tory-horton.php,,,13.3,,,,,,11.0,Tory Horton,2026-07-31,SEA
/nfl/rankings/best-ball-wr.php,best-wr,bp,Bryce Lance,28129,WR,NO,105.2,4.71,101,114,,bryce-lance.php,,,4.0,,,,,-10.0,8.0,Bryce Lance,2026-07-31,NOS
/nfl/rankings/best-ball-wr.php,best-wr,bp,Cyrus Allen,28424,WR,KC,105.4,20.36,72,129,,cyrus-allen.php,,,2.6,,,,,,5.0,Cyrus Allen,2026-07-31,KCC
/nfl/rankings/best-ball-wr.php,best-wr,bp,Elic Ayomanor,27059,WR,TEN,107.0,7.62,98,117,,elic-ayomanor.php,,,11.1,,,,,,9.0,Elic Ayomanor,2026-07-31,TEN
/nfl/rankings/best-ball-wr.php,best-wr,bp,Jahan Dotson,23101,WR,ATL,94.5,20.69,60,115,,jahan-dotson.php,,,4.0,,,,,,11.0,Jahan Dotson,2026-07-31,ATL
/nfl/rankings/best-ball-wr.php,best-wr,bp,Jalen Tolbert,23770,WR,MIA,108.0,12.35,95,129,,jalen-tolbert.php,,,4.8,,,,,,6.0,Jalen Tolbert,2026-07-31,MIA
/nfl/rankings/best-ball-wr.php,best-wr,bp,Kendrick Bourne,17066,WR,ARI,110.2,6.76,101,122,,kendrick-bourne.php,,,3.1,,,,,,14.0,Kendrick Bourne,2026-07-31,ARI
/nfl/rankings/best-ball-wr.php,best-wr,bp,Hollywood Brown,18226,WR,PHI,113.2,14.26,90,131,,marquise-brown.php,,,5.7,,,,,,10.0,Marquise Brown,2026-07-31,PHI
/nfl/rankings/best-ball-wr.php,best-wr,bp,Jack Bech,27224,WR,LV,113.8,11.82,96,133,,jack-bech.php,,,12.2,,,,,,13.0,Jack Bech,2026-07-31,LVR
/nfl/rankings/best-ball-wr.php,best-wr,bp,Mack Hollins,16489,WR,NE,116.2,11.44,105,136,,mack-hollins.php,,,2.9,,,,,,11.0,Mack Hollins,2026-07-31,NEP
/nfl/rankings/best-ball-wr.php,best-wr,bp,Keenan Allen,11616,WR,LAC,105.75,21.74,89,143,,keenan-allen.php,,,9.1,,,,,,7.0,Keenan Allen,2026-07-31,LAC
/nfl/rankings/best-ball-wr.php,best-wr,bp,DeMario Douglas,25304,WR,NE,118.6,12.32,94,126,,demario-douglas.php,,,5.5,,,,,,11.0,Demario Douglas,2026-07-31,NEP
/nfl/rankings/best-ball-wr.php,best-wr,bp,Kyle Williams,27487,WR,NE,119.2,18.23,102,153,,kyle-williams-wr-2025.php,,,7.4,,,,,,11.0,Kyle Williams,2026-07-31,NEP
/nfl/rankings/best-ball-wr.php,best-wr,bp,Caleb Douglas,28135,WR,MIA,111.5,10.01,100,125,,caleb-douglas.php,,,4.4,,,,,,6.0,Caleb Douglas,2026-07-31,MIA
/nfl/rankings/best-ball-wr.php,best-wr,bp,Xavier Legette,26136,WR,CAR,111.75,10.8,95,125,,xavier-legette.php,,,2.7,,,,,,5.0,Xavier Legette,2026-07-31,CAR
/nfl/rankings/best-ball-wr.php,best-wr,bp,Kalif Raymond,16081,WR,CHI,112.5,20.6,77,126,,kalif-raymond.php,,,0.9,,,,,,10.0,Kalif Raymond,2026-07-31,CHI
/nfl/rankings/best-ball-wr.php,best-wr,bp,Olamide Zaccheaus,18864,WR,ATL,114.0,6.2,107,122,,olamide-zaccheaus.php,,,4.6,,,,,,11.0,Olamide Zaccheaus,2026-07-31,ATL
/nfl/rankings/best-ball-wr.php,best-wr,bp,Tez Johnson,27147,WR,TB,123.6,3.98,119,129,,tez-johnson.php,,,2.2,,,,,,10.0,Tez Johnson,2026-07-31,TBB
/nfl/rankings/best-ball-wr.php,best-wr,bp,Joshua Palmer,22845,WR,BUF,115.25,27.7,81,158,,josh-palmer.php,,,1.2,,,,,,7.0,Josh Palmer,2026-07-31,BUF
/nfl/rankings/best-ball-wr.php,best-wr,bp,Tutu Atwell,20126,WR,MIA,105.33,32.5,63,142,,tutu-atwell.php,,,2.2,,,,,,6.0,Tutu Atwell,2026-07-31,MIA
/nfl/rankings/best-ball-wr.php,best-wr,bp,Cedric Tillman,25287,WR,CLE,127.6,9.41,118,140,,cedric-tillman.php,,,1.1,,,,,,11.0,Cedric Tillman,2026-07-31,CLE
/nfl/rankings/best-ball-wr.php,best-wr,bp,Kevin Coleman Jr.,28067,WR,MIA,106.0,26.17,73,137,,kevin-coleman-jr.php,,,2.6,,,,,,6.0,Kevin Coleman,2026-07-31,MIA
/nfl/rankings/best-ball-wr.php,best-wr,bp,Treylon Burks,22905,WR,WAS,108.0,14.85,87,119,,treylon-burks.php,,,3.6,,,,,,7.0,Treylon Burks,2026-07-31,WAS
/nfl/rankings/best-ball-wr.php,best-wr,bp,Isaiah Bond,24371,WR,CLE,123.25,6.83,114,132,,isaiah-bond.php,,,3.0,,,,,,11.0,Isaiah Bond,2026-07-31,CLE
/nfl/rankings/best-ball-wr.php,best-wr,bp,Malik Benson,26012,WR,LV,112.0,20.02,87,136,,malik-benson.php,,,1.5,,,,,14.0,13.0,Malik Benson,2026-07-31,LVR
/nfl/rankings/best-ball-wr.php,best-wr,bp,Nick Westbrook-Ikhine,19747,WR,IND,89.0,10.0,79,99,,nick-westbrook.php,,,1.6,,,,,,13.0,Nick Westbrook-Ikhine,2026-07-31,IND
/nfl/rankings/best-ball-wr.php,best-wr,bp,CJ Daniels,28125,WR,LAR,126.0,11.22,114,140,,cj-daniels.php,,,1.9,,,,,,11.0,CJ Daniels,2026-07-31,LAR
/nfl/rankings/best-ball-wr.php,best-wr,bp,Luke McCaffrey,26328,WR,WAS,126.25,11.19,116,145,,luke-mccaffrey.php,,,1.2,,,,,,7.0,Luke McCaffrey,2026-07-31,WAS
/nfl/rankings/best-ball-wr.php,best-wr,bp,Zavion Thomas,28132,WR,CHI,117.0,20.05,96,144,,zavion-thomas.php,,,5.1,,,,,,10.0,Zavion Thomas,2026-07-31,CHI
/nfl/rankings/best-ball-wr.php,best-wr,bp,Konata Mumpfield,27449,WR,LAR,117.0,22.64,100,149,,konata-mumpfield.php,,,1.2,,,,,,11.0,Konata Mumpfield,2026-07-31,LAR
/nfl/rankings/best-ball-wr.php,best-wr,bp,Savion Williams,27144,WR,GB,118.0,2.16,116,121,,savion-williams.php,,,1.7,,,,,,11.0,Savion Williams,2026-07-31,GBP
/nfl/rankings/best-ball-wr.php,best-wr,bp,KaVontae Turpin,18520,WR,DAL,106.0,25.0,81,131,,kavontae-turpin.php,,,4.8,,,,,,14.0,KaVontae Turpin,2026-07-31,DAL
/nfl/rankings/best-ball-wr.php,best-wr,bp,Jordan Whittington,23135,WR,LAR,129.33,4.92,123,135,,jordan-whittington.php,,,0.8,,,,,,11.0,Jordan Whittington,2026-07-31,LAR
/nfl/rankings/best-ball-wr.php,best-wr,bp,Calvin Austin III,23739,WR,NYG,131.67,2.87,128,135,,calvin-austin.php,,,2.4,,,,,,8.0,Calvin Austin,2026-07-31,NYG
/nfl/rankings/best-ball-wr.php,best-wr,bp,Deion Burks,27093,WR,IND,132.33,7.36,123,141,,deion-burks.php,,,2.1,,,,,,13.0,Deion Burks,2026-07-31,IND
/nfl/rankings/best-ball-wr.php,best-wr,bp,Xavier Hutchinson,25332,WR,HOU,133.0,15.64,120,155,,xavier-hutchinson.php,,,1.4,,,,,,8.0,Xavier Hutchinson,2026-07-31,HOU
/nfl/rankings/best-ball-wr.php,best-wr,bp,Dont'e Thornton Jr.,27288,WR,LV,134.67,15.28,121,156,,donte-thornton-jr.php,,,1.8,,,,,,13.0,Donte Thornton,2026-07-31,LVR
/nfl/rankings/best-ball-wr.php,best-wr,bp,Jalen Royals,27076,WR,KC,123.0,5.0,118,128,,jalen-royals.php,,,1.9,,,,,,5.0,Jalen Royals,2026-07-31,KCC
/nfl/rankings/best-ball-wr.php,best-wr,bp,Dyami Brown,20113,WR,WAS,129.0,1.0,128,130,,dyami-brown.php,,,0.9,,,,,,7.0,Dyami Brown,2026-07-31,WAS
/nfl/rankings/best-ball-wr.php,best-wr,bp,Jaylin Lane,27454,WR,WAS,133.0,10.0,123,143,,jaylin-lane.php,,,2.9,,,,,,7.0,Jaylin Lane,2026-07-31,WAS
/nfl/rankings/best-ball-wr.php,best-wr,bp,Mitch Tinsley,24370,WR,CIN,141.0,36.0,105,177,,mitchell-tinsley.php,,,0.6,,,,,,6.0,Mitch Tinsley,2026-07-31,CIN
/nfl/rankings/best-ball-wr.php,best-wr,bp,Demarcus Robinson,15665,WR,SF,143.5,25.5,118,169,,demarcus-robinson.php,,,0.8,,,,,,8.0,Demarcus Robinson,2026-07-31,SFO
/nfl/rankings/best-ball-wr.php,best-wr,bp,John Metchie III,22895,WR,CAR,143.0,2.0,141,145,,john-metchie.php,,,1.8,,,,,,5.0,John Metchie,2026-07-31,CAR
/nfl/rankings/best-ball-wr.php,best-wr,bp,Greg Dortch,18585,WR,DET,143.0,1.0,142,144,,greg-dortch.php,,,1.3,,,,,,6.0,Greg Dortch,2026-07-31,DET
/nfl/rankings/best-ball-wr.php,best-wr,bp,Tai Felton,27182,WR,MIN,148.0,2.0,146,150,,tai-felton.php,,,0.7,,,,,,6.0,Tai Felton,2026-07-31,MIN
/nfl/rankings/best-ball-wr.php,best-wr,bp,Elijah Moore,20114,WR,PHI,149.0,1.0,148,150,,elijah-moore.php,,,0.6,,,,,,10.0,Elijah Moore,2026-07-31,PHI
/nfl/rankings/best-ball-wr.php,best-wr,bp,Josh Cameron,28137,WR,JAC,155.0,9.0,146,164,,josh-cameron.php,,,1.6,,,,,,7.0,Josh Cameron,2026-07-31,JAC
/nfl/rankings/best-ball-wr.php,best-wr,bp,Tyrell Shavers,25813,WR,BUF,154.5,0.5,154,155,,tyrell-shavers.php,,,0.6,,,,,,7.0,Tyrell Shavers,2026-07-31,BUF
/nfl/rankings/best-ball-wr.php,best-wr,bp,Barion Brown,25416,WR,NO,166.5,17.5,149,184,,barion-brown.php,,,1.1,,,,,,8.0,Barion Brown,2026-07-31,NOS
/nfl/rankings/best-ball-wr.php,best-wr,bp,DeAndre Hopkins,11606,WR,BAL,160.0,8.0,152,168,,deandre-hopkins.php,,,0.6,,,,,,13.0,DeAndre Hopkins,2026-07-31,BAL
/nfl/rankings/best-ball-wr.php,best-wr,bp,Noah Brown,16443,WR,FA,171.5,17.5,154,189,,noah-brown.php,,,1.3,,,,,,,Noah Brown,2026-07-31,FA
/nfl/rankings/best-ball-wr.php,best-wr,bp,Arian Smith,22965,WR,NYJ,177.5,21.5,156,199,,arian-smith.php,,,0.7,,,,,,13.0,Arian Smith,2026-07-31,NYJ
/nfl/rankings/best-ball-wr.php,best-wr,bp,JuJu Smith-Schuster,16427,WR,NYG,168.5,11.5,157,180,,juju-smith-schuster.php,,,1.1,,,,,,8.0,JuJu Smith-Schuster,2026-07-31,NYG
/nfl/rankings/best-ball-wr.php,best-wr,bp,Zay Jones,16431,WR,FA,176.5,17.5,159,194,,zay-jones.php,,,1.0,,,,,17.0,,Zay Jones,2026-07-31,FA
/nfl/rankings/best-ball-wr.php,best-wr,bp,Jimmy Horn Jr.,27294,WR,CAR,161.5,1.5,160,163,,jimmy-horn-jr.php,,,0.6,,,,,18.0,5.0,Jimmy Horn,2026-07-31,CAR
/nfl/rankings/dynasty-db.php,dynasty-db,dp,Kyle Hamilton,23494,DB,BAL,2.0,1.73,1,5,,kyle-hamilton.php,,,80.0,,,,,1.0,13.0,Kyle Hamilton,2026-07-31,BAL
/nfl/rankings/dynasty-db.php,dynasty-db,dp,Nick Emmanwori,27053,DB,SEA,2.25,0.83,1,3,,nick-emmanwori.php,,,64.7,,,,,-1.0,11.0,Nick Emmanwori,2026-07-31,SEA
/nfl/rankings/dynasty-db.php,dynasty-db,dp,Brian Branch,25235,DB,DET,3.0,1.0,2,4,,brian-branch.php,,,53.2,,,,,,6.0,Brian Branch,2026-07-31,DET
/nfl/rankings/dynasty-db.php,dynasty-db,dp,Derwin James Jr.,17310,DB,LAC,5.5,1.12,4,7,,derwin-james.php,,,68.7,,,,,,7.0,Derwin James,2026-07-31,LAC
/nfl/rankings/dynasty-db.php,dynasty-db,dp,Budda Baker,16733,DB,ARI,6.5,1.66,5,9,,budda-baker.php,,,58.9,,,,,,14.0,Budda Baker,2026-07-31,ARI
/nfl/rankings/dynasty-db.php,dynasty-db,dp,Tykee Smith,23751,DB,TB,8.5,5.17,3,17,,tykee-smith.php,,,55.9,,,,,5.0,10.0,Tykee Smith,2026-07-31,TBB
/nfl/rankings/dynasty-db.php,dynasty-db,dp,Nick Cross,24198,DB,WAS,10.75,7.98,2,21,,nick-cross.php,,,55.6,,,,,,7.0,Nick Cross,2026-07-31,WAS
/nfl/rankings/dynasty-db.php,dynasty-db,dp,Jessie Bates III,17544,DB,ATL,13.25,5.63,10,23,,jessie-bates-iii.php,,,37.7,,,,,,11.0,Jessie Bates,2026-07-31,ATL
/nfl/rankings/dynasty-db.php,dynasty-db,dp,Tyler Nubin,26117,DB,NYG,14.0,3.39,9,18,,tyler-nubin.php,,,18.4,,,,,,8.0,Tyler Nubin,2026-07-31,NYG
/nfl/rankings/dynasty-db.php,dynasty-db,dp,Talanoa Hufanga,22817,DB,DEN,14.0,3.0,11,19,,talanoa-hufanga.php,,,51.4,,,,,3.0,10.0,Talanoa Hufanga,2026-07-31,DEN
/nfl/rankings/dynasty-db.php,dynasty-db,dp,Antoine Winfield Jr.,19266,DB,TB,14.25,13.16,6,37,,antoine-winfield-s.php,,,34.8,,,,,8.0,10.0,Antoine Winfield,2026-07-31,TBB
/nfl/rankings/dynasty-db.php,dynasty-db,dp,Kam Curl,19459,DB,LAR,17.0,8.46,3,25,,kamren-curl.php,,,55.6,,,,,-3.0,11.0,Kam Curl,2026-07-31,LAR
/nfl/rankings/dynasty-db.php,dynasty-db,dp,Xavier Watts,27067,DB,ATL,17.5,7.76,8,27,,xavier-watts.php,,,38.8,,,,,,11.0,Xavier Watts,2026-07-31,ATL
/nfl/rankings/dynasty-db.php,dynasty-db,dp,Malaki Starks,27017,DB,BAL,18.0,5.92,11,27,,malaki-starks.php,,,40.4,,,,,9.0,13.0,Malaki Starks,2026-07-31,BAL
/nfl/rankings/dynasty-db.php,dynasty-db,dp,Quentin Lake,24302,DB,LAR,18.25,6.72,12,28,,quentin-lake.php,,,34.9,,,,,11.0,11.0,Quentin Lake,2026-07-31,LAR
/nfl/rankings/dynasty-db.php,dynasty-db,dp,Joshua Metellus,19580,DB,MIN,18.25,4.02,14,24,,josh-metellus.php,,,24.8,,,,,-4.0,6.0,Joshua Metellus,2026-07-31,MIN
/nfl/rankings/dynasty-db.php,dynasty-db,dp,DeShon Elliott,17344,DB,PIT,19.0,2.74,15,22,,deshon-elliott.php,,,20.7,,,,,3.0,9.0,DeShon Elliott,2026-07-31,PIT
/nfl/rankings/dynasty-db.php,dynasty-db,dp,Kevin Winston Jr.,27035,DB,TEN,19.5,8.56,9,31,,kevin-winston-jr.php,,,13.1,,,,,-3.0,9.0,Kevin Winston,2026-07-31,TEN
/nfl/rankings/dynasty-db.php,dynasty-db,dp,Jaquan Brisker,23719,DB,PIT,19.5,7.23,10,30,,jaquan-brisker.php,,,27.5,,,,,5.0,9.0,Jaquan Brisker,2026-07-31,PIT
/nfl/rankings/dynasty-db.php,dynasty-db,dp,Jordan Battle,23471,DB,CIN,19.5,2.96,16,24,,jordan-battle.php,,,31.9,,,,,-4.0,6.0,Jordan Battle,2026-07-31,CIN
/nfl/rankings/dynasty-db.php,dynasty-db,dp,Xavier McKinney,19216,DB,GB,10.67,2.05,8,13,,xavier-mckinney.php,,,40.6,,,,,-14.0,11.0,Xavier McKinney,2026-07-31,GBP
/nfl/rankings/dynasty-db.php,dynasty-db,dp,Devon Witherspoon,25243,DB,SEA,21.0,8.22,9,32,,devon-witherspoon.php,,,40.1,,,,,7.0,11.0,Devon Witherspoon,2026-07-31,SEA
/nfl/rankings/dynasty-db.php,dynasty-db,dp,Jeremy Chinn,19429,DB,LV,22.5,3.35,17,26,,jeremy-chinn.php,,,42.1,,,,,4.0,13.0,Jeremy Chinn,2026-07-31,LVR
/nfl/rankings/dynasty-db.php,dynasty-db,dp,Chamarri Conner,25509,DB,KC,23.25,3.03,19,27,,chamarri-conner.php,,,44.3,,,,,,5.0,Chamarri Conner,2026-07-31,KCC
/nfl/rankings/dynasty-db.php,dynasty-db,dp,Tre'von Moehrig,22699,DB,CAR,24.25,4.92,16,29,,trevon-moehrig.php,,,44.1,,,,,-7.0,5.0,Trevon Moehrig,2026-07-31,CAR
/nfl/rankings/dynasty-db.php,dynasty-db,dp,Julian Love,18243,DB,SEA,26.0,7.25,14,33,,julian-love.php,,,42.8,,,,,6.0,11.0,Julian Love,2026-07-31,SEA
/nfl/rankings/dynasty-db.php,dynasty-db,dp,Cooper DeJean,26103,DB,PHI,26.75,5.36,19,34,,cooper-dejean.php,,,55.0,,,,,7.0,10.0,Cooper DeJean,2026-07-31,PHI
/nfl/rankings/dynasty-db.php,dynasty-db,dp,Malachi Moore,24708,DB,NYJ,29.75,12.75,15,50,,malachi-moore.php,,,19.7,,,,,-6.0,13.0,Malachi Moore,2026-07-31,NYJ
/nfl/rankings/dynasty-db.php,dynasty-db,dp,Cam Bynum,22757,DB,IND,30.75,5.12,25,39,,camryn-bynum.php,,,17.6,,,,,,13.0,Cam Bynum,2026-07-31,IND
/nfl/rankings/dynasty-db.php,dynasty-db,dp,Cole Bishop,26229,DB,BUF,25.67,8.26,14,32,,cole-bishop.php,,,23.0,,,,,11.0,7.0,Cole Bishop,2026-07-31,BUF
/nfl/rankings/dynasty-db.php,dynasty-db,dp,Brandon Jones,19248,DB,DEN,26.67,15.06,11,47,,brandon-jones-s.php,,,16.7,,,,,,10.0,Brandon Jones,2026-07-31,DEN
/nfl/rankings/dynasty-db.php,dynasty-db,dp,Dadrion Taylor-Demerson,26346,DB,ARI,34.5,2.69,32,39,,dadrion-taylor-demerson.php,,,4.3,,,,,4.0,14.0,Dadrion Taylor-Demerson,2026-07-31,ARI
/nfl/rankings/dynasty-db.php,dynasty-db,dp,Kyle Dugger,19337,DB,CIN,35.0,6.67,28,46,,kyle-dugger.php,,,2.9,,,,,7.0,6.0,Kyle Dugger,2026-07-31,CIN
/nfl/rankings/dynasty-db.php,dynasty-db,dp,Caleb Downs,27950,DB,DAL,20.0,14.0,6,34,,caleb-downs.php,,,54.4,,,,,-17.0,14.0,Caleb Downs,2026-07-31,DAL
/nfl/rankings/dynasty-db.php,dynasty-db,dp,Jalen Thompson,19108,DB,DAL,30.67,3.09,28,35,,jalen-thompson.php,,,18.4,,,,,,14.0,Jalen Thompson,2026-07-31,DAL
/nfl/rankings/dynasty-db.php,dynasty-db,dp,Dillon Thieneman,27967,DB,CHI,22.0,14.0,8,36,,dillon-thieneman.php,,,33.5,,,,,-15.0,10.0,Dillon Thieneman,2026-07-31,CHI
/nfl/rankings/dynasty-db.php,dynasty-db,dp,Kerby Joseph,23800,DB,DET,37.25,4.32,32,44,,kerby-joseph.php,,,15.1,,,,,,6.0,Kerby Joseph,2026-07-31,DET
/nfl/rankings/dynasty-db.php,dynasty-db,dp,Jalen Pitre,23721,DB,HOU,33.33,11.9,17,45,,jalen-pitre.php,,,36.3,,,,,5.0,8.0,Jalen Pitre,2026-07-31,HOU
/nfl/rankings/dynasty-db.php,dynasty-db,dp,AJ Haulcy,28069,DB,IND,25.5,13.5,12,39,,aj-haulcy.php,,,24.3,,,,,-11.0,13.0,AJ Haulcy,2026-07-31,IND
/nfl/rankings/dynasty-db.php,dynasty-db,dp,Marcus Jones,23890,DB,NE,38.75,5.36,31,46,,marcus-jones.php,,,38.1,,,,,,11.0,Marcus Jones,2026-07-31,NEP
/nfl/rankings/dynasty-db.php,dynasty-db,dp,Emmanuel McNeil-Warren,28081,DB,CLE,30.5,10.5,20,41,,emmanuel-mcneil-warren.php,,,23.8,,,,,-8.0,11.0,Emmanuel McNeil-Warren,2026-07-31,CLE
/nfl/rankings/dynasty-db.php,dynasty-db,dp,Jaylinn Hawkins,19769,DB,BAL,39.33,3.77,34,42,,jaylinn-hawkins.php,,,4.4,,,,,5.0,13.0,Jaylinn Hawkins,2026-07-31,BAL
/nfl/rankings/dynasty-db.php,dynasty-db,dp,Andrew Mukuba,27081,DB,PHI,40.33,7.59,30,48,,andrew-mukuba.php,,,17.3,,,,,,10.0,Andrew Mukuba,2026-07-31,PHI
/nfl/rankings/dynasty-db.php,dynasty-db,dp,C.J. Gardner-Johnson,18649,DB,BUF,41.33,1.89,40,44,,chauncey-gardner-johnson.php,,,9.4,,,,,,7.0,CJ Gardner-Johnson,2026-07-31,BUF
/nfl/rankings/dynasty-db.php,dynasty-db,dp,Kamren Kinchens,26109,DB,LAR,38.0,7.0,31,45,,kamren-kinchens.php,,,7.6,,,,,-7.0,11.0,Kamren Kinchens,2026-07-31,LAR
/nfl/rankings/dynasty-db.php,dynasty-db,dp,Dante Trader Jr.,27090,DB,MIA,40.5,5.5,35,46,,dante-trader.php,,,7.3,,,,,5.0,6.0,Dante Trader,2026-07-31,MIA
/nfl/rankings/dynasty-db.php,dynasty-db,dp,Zakee Wheatley,28184,DB,CAR,41.0,6.0,35,47,,zakee-wheatley.php,,,2.2,,,,,-5.0,5.0,Zakee Wheatley,2026-07-31,CAR
/nfl/rankings/dynasty-db.php,dynasty-db,dp,Reed Blankenship,22754,DB,HOU,42.0,6.0,36,48,,reed-blankenship.php,,,15.2,,,,,,8.0,Reed Blankenship,2026-07-31,HOU
/nfl/rankings/dynasty-db.php,dynasty-db,dp,Grant Delpit,19203,DB,CLE,45.67,6.18,37,51,,grant-delpit.php,,,20.0,,,,,,11.0,Grant Delpit,2026-07-31,CLE
/nfl/rankings/dynasty-db.php,dynasty-db,dp,Kevin Byard III,15635,DB,NE,46.0,5.66,38,50,,kevin-byard.php,,,39.3,,,,,,11.0,Kevin Byard,2026-07-31,NEP
/nfl/rankings/dynasty-db.php,dynasty-db,dp,Jason Pinnock,23289,DB,NYG,41.0,0.0,41,41,,jason-pinnock.php,,,1.5,,,,,,8.0,Jason Pinnock,2026-07-31,NYG
/nfl/rankings/dynasty-db.php,dynasty-db,dp,Bud Clark,28212,DB,SEA,41.0,0.0,41,41,,bud-clark.php,,,3.5,,,,,-6.0,11.0,Bud Clark,2026-07-31,SEA
/nfl/rankings/dynasty-db.php,dynasty-db,dp,Minkah Fitzpatrick,17278,DB,NYJ,46.0,3.0,43,49,,minkah-fitzpatrick.php,,,21.3,,,,,,13.0,Minkah Fitzpatrick,2026-07-31,NYJ
/nfl/rankings/dynasty-db.php,dynasty-db,dp,Kamari Ramsey,27127,DB,HOU,42.0,0.0,42,42,,kamari-ramsey.php,,,24.3,,,,,-6.0,8.0,Kamari Ramsey,2026-07-31,HOU
/nfl/rankings/dynasty-db.php,dynasty-db,dp,Genesis Smith,28194,DB,LAC,43.0,0.0,43,43,,genesis-smith.php,,,11.0,,,,,-6.0,7.0,Genesis Smith,2026-07-31,LAC
/nfl/rankings/dynasty-db.php,dynasty-db,dp,Craig Woodson,27242,DB,NE,44.0,0.0,44,44,,craig-woodson.php,,,11.5,,,,,-6.0,11.0,Craig Woodson,2026-07-31,NEP
/nfl/rankings/dynasty-db.php,dynasty-db,dp,Justin Reid,17320,DB,NO,45.0,0.0,45,45,,justin-reid.php,,,8.9,,,,,,8.0,Justin Reid,2026-07-31,NOS
/nfl/rankings/dynasty-db.php,dynasty-db,dp,Jevon Holland,22690,DB,NYG,47.0,0.0,47,47,,jevon-holland.php,,,7.9,,,,,,8.0,Jevon Holland,2026-07-31,NYG
/nfl/rankings/dynasty-db.php,dynasty-db,dp,Javon Bullard,26121,DB,GB,48.0,0.0,48,48,,javon-bullard.php,,,7.4,,,,,,11.0,Javon Bullard,2026-07-31,GBP
/nfl/rankings/dynasty-db.php,dynasty-db,dp,Kenny Moore II,16801,DB,FA,49.0,0.0,49,49,,kenny-moore.php,,,2.6,,,,,,,Kenny Moore,2026-07-31,FA
/nfl/rankings/dynasty-dl.php,dynasty-dl,dp,Aidan Hutchinson,22738,DL,DET,1.25,0.43,1,2,,aidan-hutchinson.php,,,78.5,,,,,,6.0,Aidan Hutchinson,2026-07-31,DET
/nfl/rankings/dynasty-dl.php,dynasty-dl,dp,Will Anderson Jr.,24717,DL,HOU,1.75,0.43,1,2,,will-anderson.php,,,74.7,,,,,,8.0,Will Anderson,2026-07-31,HOU
/nfl/rankings/dynasty-dl.php,dynasty-dl,dp,Myles Garrett,16370,DL,LAR,5.25,1.3,4,7,,myles-garrett.php,,,90.0,,,,,1.0,11.0,Myles Garrett,2026-07-31,LAR
/nfl/rankings/dynasty-dl.php,dynasty-dl,dp,Maxx Crosby,18702,DL,LV,6.0,1.22,5,8,,maxx-crosby.php,,,81.9,,,,,1.0,13.0,Maxx Crosby,2026-07-31,LVR
/nfl/rankings/dynasty-dl.php,dynasty-dl,dp,Micah Parsons,19784,LB,GB,6.5,4.97,3,15,,micah-parsons.php,,,59.6,,,,,2.0,11.0,Micah Parsons,2026-07-31,GBP
/nfl/rankings/dynasty-dl.php,dynasty-dl,dp,Nick Bosa,18199,DL,SF,8.5,8.38,3,23,,nick-bosa.php,,,71.7,,,,,-3.0,8.0,Nick Bosa,2026-07-31,SFO
/nfl/rankings/dynasty-dl.php,dynasty-dl,dp,Laiatu Latu,26096,DL,IND,9.75,3.77,6,16,,laiatu-latu.php,,,30.1,,,,,,13.0,Laiatu Latu,2026-07-31,IND
/nfl/rankings/dynasty-dl.php,dynasty-dl,dp,Brian Burns,18223,DL,NYG,10.5,4.39,6,17,,brian-burns.php,,,71.6,,,,,2.0,8.0,Brian Burns,2026-07-31,NYG
/nfl/rankings/dynasty-dl.php,dynasty-dl,dp,Nik Bonitto,23763,DL,DEN,10.5,4.39,7,18,,nik-bonitto.php,,,54.6,,,,,,10.0,Nik Bonitto,2026-07-31,DEN
/nfl/rankings/dynasty-dl.php,dynasty-dl,dp,Jared Verse,25234,DL,CLE,12.25,6.3,5,22,,jared-verse.php,,,55.0,,,,,3.0,11.0,Jared Verse,2026-07-31,CLE
/nfl/rankings/dynasty-dl.php,dynasty-dl,dp,Abdul Carter,27022,DL,NYG,14.0,5.83,10,24,,abdul-carter.php,,,39.5,,,,,,8.0,Abdul Carter,2026-07-31,NYG
/nfl/rankings/dynasty-dl.php,dynasty-dl,dp,T.J. Watt,16469,LB,PIT,16.0,6.16,10,26,,tj-watt.php,,,70.4,,,,,6.0,9.0,TJ Watt,2026-07-31,PIT
/nfl/rankings/dynasty-dl.php,dynasty-dl,dp,Jeffery Simmons,18207,DL,TEN,17.25,7.66,8,29,,jeffery-simmons.php,,,74.0,,,,,,9.0,Jeffery Simmons,2026-07-31,TEN
/nfl/rankings/dynasty-dl.php,dynasty-dl,dp,Byron Young,25449,DL,LAR,18.75,6.34,11,25,,byron-young-edge.php,,,47.0,,,,,,11.0,Byron Young,2026-07-31,LAR
/nfl/rankings/dynasty-dl.php,dynasty-dl,dp,Alex Highsmith,19316,LB,PIT,20.25,6.8,13,28,,alex-highsmith.php,,,40.4,,,,,8.0,9.0,Alex Highsmith,2026-07-31,PIT
/nfl/rankings/dynasty-dl.php,dynasty-dl,dp,Danielle Hunter,14036,DL,HOU,21.25,7.01,15,33,,danielle-hunter.php,,,59.6,,,,,6.0,8.0,Danielle Hunter,2026-07-31,HOU
/nfl/rankings/dynasty-dl.php,dynasty-dl,dp,Greg Rousseau,19787,DL,BUF,22.75,8.38,9,30,,gregory-rousseau.php,,,30.6,,,,,-6.0,7.0,Gregory Rousseau,2026-07-31,BUF
/nfl/rankings/dynasty-dl.php,dynasty-dl,dp,Tuli Tuipulotu,25364,DL,LAC,22.75,9.55,11,36,,tuli-tuipulotu.php,,,47.3,,,,,,7.0,Tuli Tuipulotu,2026-07-31,LAC
/nfl/rankings/dynasty-dl.php,dynasty-dl,dp,Jalon Walker,27027,LB,ATL,23.75,6.98,13,32,,jalon-walker.php,,,16.3,,,,,7.0,11.0,Jalon Walker,2026-07-31,ATL
/nfl/rankings/dynasty-dl.php,dynasty-dl,dp,Josh Hines-Allen,18201,DL,JAC,24.0,11.11,11,39,,josh-allen-olb.php,,,40.4,,,,,16.0,7.0,Josh Hines-Allen,2026-07-31,JAC
/nfl/rankings/dynasty-dl.php,dynasty-dl,dp,George Karlaftis III,23501,DL,KC,24.25,7.22,12,30,,george-karlaftis-iii.php,,,17.5,,,,,-4.0,5.0,George Karlaftis,2026-07-31,KCC
/nfl/rankings/dynasty-dl.php,dynasty-dl,dp,Dallas Turner,26097,DL,MIN,26.5,6.34,20,37,,dallas-turner.php,,,37.8,,,,,8.0,6.0,Dallas Turner,2026-07-31,MIN
/nfl/rankings/dynasty-dl.php,dynasty-dl,dp,Byron Murphy II,26221,DL,SEA,17.33,4.78,13,24,,byron-murphy-ii.php,,,15.8,,,,,11.0,11.0,Byron Murphy,2026-07-31,SEA
/nfl/rankings/dynasty-dl.php,dynasty-dl,dp,Jaelan Phillips,22734,DL,CAR,27.25,7.19,18,38,,jaelan-phillips.php,,,22.0,,,,,8.0,5.0,Jaelan Phillips,2026-07-31,CAR
/nfl/rankings/dynasty-dl.php,dynasty-dl,dp,Dexter Lawrence II,18211,DL,CIN,28.0,13.87,10,47,,dexter-lawrence.php,,,22.8,,,,,,6.0,Dexter Lawrence,2026-07-31,CIN
/nfl/rankings/dynasty-dl.php,dynasty-dl,dp,Trey Hendrickson,16719,DL,BAL,28.0,8.77,19,41,,trey-hendrickson.php,,,47.3,,,,,-10.0,13.0,Trey Hendrickson,2026-07-31,BAL
/nfl/rankings/dynasty-dl.php,dynasty-dl,dp,Jonathan Greenard,19276,DL,PHI,28.0,7.55,21,39,,jonathan-greenard.php,,,33.1,,,,,,10.0,Jonathan Greenard,2026-07-31,PHI
/nfl/rankings/dynasty-dl.php,dynasty-dl,dp,DeForest Buckner,15494,DL,IND,28.75,7.6,16,36,,deforest-buckner.php,,,35.6,,,,,-7.0,13.0,DeForest Buckner,2026-07-31,IND
/nfl/rankings/dynasty-dl.php,dynasty-dl,dp,Montez Sweat,18213,DL,CHI,29.0,8.86,17,42,,montez-sweat.php,,,33.2,,,,,-10.0,10.0,Montez Sweat,2026-07-31,CHI
/nfl/rankings/dynasty-dl.php,dynasty-dl,dp,Quinnen Williams,18200,DL,DAL,21.67,8.58,11,32,,quinnen-williams.php,,,35.9,,,,,,14.0,Quinnen Williams,2026-07-31,DAL
/nfl/rankings/dynasty-dl.php,dynasty-dl,dp,Chop Robinson,26105,DL,MIA,30.5,6.98,22,40,,chop-robinson.php,,,17.2,,,,,8.0,6.0,Chop Robinson,2026-07-31,MIA
/nfl/rankings/dynasty-dl.php,dynasty-dl,dp,James Pearce Jr.,27018,DL,ATL,31.5,11.1,19,44,,james-pearce-jr.php,,,13.7,,,,,,11.0,James Pearce,2026-07-31,ATL
/nfl/rankings/dynasty-dl.php,dynasty-dl,dp,Zach Allen,18221,DL,DEN,24.0,10.2,14,38,,zach-allen.php,,,20.9,,,,,,10.0,Zach Allen,2026-07-31,DEN
/nfl/rankings/dynasty-dl.php,dynasty-dl,dp,Chase Young,19195,DL,NO,33.5,11.59,18,47,,chase-young.php,,,24.6,,,,,-7.0,8.0,Chase Young,2026-07-31,NOS
/nfl/rankings/dynasty-dl.php,dynasty-dl,dp,Arvell Reese,28053,LB,NYG,13.0,10.0,3,23,,arvell-reese.php,,,45.5,,,,,-27.0,8.0,Arvell Reese,2026-07-31,NYG
/nfl/rankings/dynasty-dl.php,dynasty-dl,dp,Andrew Van Ginkel,18573,LB,MIN,34.75,13.65,15,51,,andrew-van-ginkel.php,,,58.2,,,,,-11.0,6.0,Andrew Van Ginkel,2026-07-31,MIN
/nfl/rankings/dynasty-dl.php,dynasty-dl,dp,Jalen Carter,24703,DL,PHI,15.5,8.5,7,24,,jalen-carter.php,,,33.6,,,,,-8.0,10.0,Jalen Carter,2026-07-31,PHI
/nfl/rankings/dynasty-dl.php,dynasty-dl,dp,Jonathon Cooper,22821,DL,DEN,37.75,3.7,35,44,,jonathon-cooper.php,,,12.6,,,,,7.0,10.0,Jonathon Cooper,2026-07-31,DEN
/nfl/rankings/dynasty-dl.php,dynasty-dl,dp,Mike Green,27042,LB,BAL,39.25,11.84,19,49,,mike-green-dt.php,,,8.8,,,,,13.0,13.0,Mike Green,2026-07-31,BAL
/nfl/rankings/dynasty-dl.php,dynasty-dl,dp,Leonard Williams,13892,DL,SEA,39.75,5.07,33,46,,leonard-williams.php,,,27.0,,,,,,11.0,Leonard Williams,2026-07-31,SEA
/nfl/rankings/dynasty-dl.php,dynasty-dl,dp,Travon Walker,23724,DL,JAC,41.0,5.79,33,47,,travon-walker.php,,,26.0,,,,,6.0,7.0,Travon Walker,2026-07-31,JAC
/nfl/rankings/dynasty-dl.php,dynasty-dl,dp,Kobie Turner,25283,DL,LAR,26.5,6.5,20,33,,kobie-turner.php,,,18.1,,,,,-4.0,11.0,Kobie Turner,2026-07-31,LAR
/nfl/rankings/dynasty-dl.php,dynasty-dl,dp,Calijah Kancey,23865,DL,TB,27.5,8.5,19,36,,calijah-kancey.php,,,19.0,,,,,-6.0,10.0,Calijah Kancey,2026-07-31,TBB
/nfl/rankings/dynasty-dl.php,dynasty-dl,dp,Jermaine Johnson II,23733,DL,TEN,37.33,4.5,32,43,,jermaine-johnson.php,,,5.9,,,,,,9.0,Jermaine Johnson,2026-07-31,TEN
/nfl/rankings/dynasty-dl.php,dynasty-dl,dp,Will McDonald IV,25254,DL,NYJ,38.0,5.35,31,44,,will-mcdonald-iv.php,,,13.2,,,,,,13.0,Will McDonald,2026-07-31,NYJ
/nfl/rankings/dynasty-dl.php,dynasty-dl,dp,Derrick Brown,19205,DL,CAR,38.0,2.16,35,40,,derrick-brown.php,,,30.1,,,,,,5.0,Derrick Brown,2026-07-31,CAR
/nfl/rankings/dynasty-dl.php,dynasty-dl,dp,Austin Booker,26313,LB,CHI,40.0,9.27,27,48,,austin-booker.php,,,10.7,,,,,-7.0,10.0,Austin Booker,2026-07-31,CHI
/nfl/rankings/dynasty-dl.php,dynasty-dl,dp,Mason Graham,27010,DL,CLE,41.33,6.13,34,49,,mason-graham.php,,,9.5,,,,,10.0,11.0,Mason Graham,2026-07-31,CLE
/nfl/rankings/dynasty-dl.php,dynasty-dl,dp,Kayvon Thibodeaux,23484,DL,NYG,42.67,6.13,35,50,,kayvon-thibodeaux.php,,,19.1,,,,,,8.0,Kayvon Thibodeaux,2026-07-31,NYG
/nfl/rankings/dynasty-dl.php,dynasty-dl,dp,Nick Herbig,25464,LB,PIT,43.67,11.09,28,52,,nick-herbig.php,,,14.2,,,,,-7.0,9.0,Nick Herbig,2026-07-31,PIT
/nfl/rankings/dynasty-dl.php,dynasty-dl,dp,Uchenna Nwosu,17448,LB,SEA,45.0,6.68,36,52,,uchenna-nwosu.php,,,4.5,,,,,,11.0,Uchenna Nwosu,2026-07-31,SEA
/nfl/rankings/dynasty-dl.php,dynasty-dl,dp,Chris Jones,15620,DL,KC,41.0,7.0,34,48,,chris-jones-dl.php,,,19.9,,,,,,5.0,Chris Jones,2026-07-31,KCC
/nfl/rankings/dynasty-dl.php,dynasty-dl,dp,Josh Sweat,17363,DL,ARI,49.0,2.92,45,53,,josh-sweat.php,,,22.7,,,,,,14.0,Josh Sweat,2026-07-31,ARI
/nfl/rankings/dynasty-dl.php,dynasty-dl,dp,Harold Landry III,17330,LB,NE,45.5,3.5,42,49,,harold-landry.php,,,30.6,,,,,,11.0,Harold Landry,2026-07-31,NEP
/nfl/rankings/dynasty-dl.php,dynasty-dl,dp,Ed Oliver,18202,DL,BUF,38.0,0.0,38,38,,ed-oliver.php,,,22.3,,,,,,7.0,Ed Oliver,2026-07-31,BUF
/nfl/rankings/dynasty-dl.php,dynasty-dl,dp,Mykel Williams,27013,DL,SF,47.0,7.0,40,54,,mykel-williams.php,,,8.7,,,,,,8.0,Mykel Williams,2026-07-31,SFO
/nfl/rankings/dynasty-dl.php,dynasty-dl,dp,Myles Murphy,24709,DL,CIN,47.0,6.0,41,53,,myles-murphy.php,,,4.9,,,,,,6.0,Myles Murphy,2026-07-31,CIN
/nfl/rankings/dynasty-dl.php,dynasty-dl,dp,Devonte Wyatt,23757,DL,GB,40.0,0.0,40,40,,devonte-wyatt.php,,,5.9,,,,,,11.0,Devonte Wyatt,2026-07-31,GBP
/nfl/rankings/dynasty-dl.php,dynasty-dl,dp,Rashan Gary,18209,LB,DAL,49.5,7.5,42,57,,rashan-gary.php,,,26.4,,,,,7.0,14.0,Rashan Gary,2026-07-31,DAL
/nfl/rankings/dynasty-dl.php,dynasty-dl,dp,Donovan Ezeiruaku,27033,DL,DAL,50.0,5.0,45,55,,donovan-ezeiruaku.php,,,9.3,,,,,,14.0,Donovan Ezeiruaku,2026-07-31,DAL
/nfl/rankings/dynasty-dl.php,dynasty-dl,dp,Nolan Smith Jr.,24711,DL,PHI,50.0,0.0,50,50,,nolan-smith.php,,,10.9,,,,,,10.0,Nolan Smith,2026-07-31,PHI
/nfl/rankings/dynasty-dl.php,dynasty-dl,dp,Malcolm Koonce,22773,DL,LV,46.0,0.0,46,46,,malcolm-koonce.php,,,1.3,,,,,-6.0,13.0,Malcolm Koonce,2026-07-31,LVR
/nfl/rankings/dynasty-dl.php,dynasty-dl,dp,Walter Nolen III,27030,DL,ARI,46.0,0.0,46,46,,walter-nolen.php,,,5.8,,,,,,14.0,Walter Nolen,2026-07-31,ARI
/nfl/rankings/dynasty-dl.php,dynasty-dl,dp,Lukas Van Ness,25291,DL,GB,48.0,0.0,48,48,,lukas-van-ness.php,,,5.8,,,,,-7.0,11.0,Lukas Van Ness,2026-07-31,GBP
/nfl/rankings/dynasty-dl.php,dynasty-dl,dp,Milton Williams,23209,DL,NE,49.0,0.0,49,49,,milton-williams.php,,,13.0,,,,,,11.0,Milton Williams,2026-07-31,NEP
/nfl/rankings/dynasty-dl.php,dynasty-dl,dp,Baron Browning,22724,LB,ARI,51.0,0.0,51,51,,baron-browning.php,,,2.4,,,,,,14.0,Baron Browning,2026-07-31,ARI
/nfl/rankings/dynasty-dl.php,dynasty-dl,dp,Boye Mafe,23736,DL,CIN,52.0,0.0,52,52,,boye-mafe.php,,,17.3,,,,,,6.0,Boye Mafe,2026-07-31,CIN
/nfl/rankings/dynasty-dl.php,dynasty-dl,dp,Carl Granderson,18295,DL,NO,53.0,0.0,53,53,,carl-granderson.php,,,31.0,,,,,,8.0,Carl Granderson,2026-07-31,NOS
/nfl/rankings/dynasty-dl.php,dynasty-dl,dp,DeMarcus Lawrence,12217,DL,SEA,54.0,0.0,54,54,,demarcus-lawrence.php,,,20.3,,,,,,11.0,DeMarcus Lawrence,2026-07-31,SEA
/nfl/rankings/dynasty-dl.php,dynasty-dl,dp,Yaya Diaby,25264,DL,TB,55.0,0.0,55,55,,yaya-diaby.php,,,22.4,,,,,,10.0,YaYa Diaby,2026-07-31,TBB
/nfl/rankings/dynasty-dl.php,dynasty-dl,dp,Dre'Mont Jones,18212,DL,NE,56.0,0.0,56,56,,dremont-jones.php,,,4.8,,,,,,11.0,DreMont Jones,2026-07-31,NEP
/nfl/rankings/dynasty-dst.php,dynasty-dst,dp,Houston Texans,8120,DST,HOU,1.8,0.75,1,3,,houston-defense.php,,,95.0,,,,,,8.0,Houston Texans,2026-07-31,HOU
/nfl/rankings/dynasty-dst.php,dynasty-dst,dp,Denver Broncos,8090,DST,DEN,2.2,1.47,1,4,,denver-defense.php,,,92.2,,,,,,10.0,Denver Broncos,2026-07-31,DEN
/nfl/rankings/dynasty-dst.php,dynasty-dst,dp,Seattle Seahawks,8260,DST,SEA,3.0,1.55,2,6,,seattle-defense.php,,,95.1,,,,,,11.0,Seattle Seahawks,2026-07-31,SEA
/nfl/rankings/dynasty-dst.php,dynasty-dst,dp,Los Angeles Rams,8280,DST,LAR,3.8,0.98,3,5,,los-angeles-rams-defense.php,,,84.2,,,,,,11.0,Los Angeles Rams,2026-07-31,LAR
/nfl/rankings/dynasty-dst.php,dynasty-dst,dp,Philadelphia Eagles,8230,DST,PHI,4.6,0.8,4,6,,philadelphia-defense.php,,,83.8,,,,,,10.0,Philadelphia Eagles,2026-07-31,PHI
/nfl/rankings/dynasty-dst.php,dynasty-dst,dp,Minnesota Vikings,8170,DST,MIN,7.2,1.17,5,8,,minnesota-defense.php,,,62.7,,,,,,6.0,Minnesota Vikings,2026-07-31,MIN
/nfl/rankings/dynasty-dst.php,dynasty-dst,dp,Green Bay Packers,8110,DST,GB,7.8,1.72,6,11,,green-bay-defense.php,,,31.9,,,,,,11.0,Green Bay Packers,2026-07-31,GBP
/nfl/rankings/dynasty-dst.php,dynasty-dst,dp,Pittsburgh Steelers,8240,DST,PIT,9.8,2.99,6,14,,pittsburgh-defense.php,,,70.5,,,,,,9.0,Pittsburgh Steelers,2026-07-31,PIT
/nfl/rankings/dynasty-dst.php,dynasty-dst,dp,Baltimore Ravens,8020,DST,BAL,10.8,3.54,5,15,,baltimore-defense.php,,,47.8,,,,,,13.0,Baltimore Ravens,2026-07-31,BAL
/nfl/rankings/dynasty-dst.php,dynasty-dst,dp,New England Patriots,8180,DST,NE,10.8,1.17,9,12,,new-england-defense.php,,,79.6,,,,,,11.0,New England Patriots,2026-07-31,NEP
/nfl/rankings/dynasty-dst.php,dynasty-dst,dp,Los Angeles Chargers,8250,DST,LAC,11.4,3.38,6,15,,los-angeles-chargers-defense.php,,,50.0,,,,,,7.0,Los Angeles Chargers,2026-07-31,LAC
/nfl/rankings/dynasty-dst.php,dynasty-dst,dp,Jacksonville Jaguars,8140,DST,JAC,12.4,3.38,7,16,,jacksonville-defense.php,,,67.7,,,,,,7.0,Jacksonville Jaguars,2026-07-31,JAC
/nfl/rankings/dynasty-dst.php,dynasty-dst,dp,Kansas City Chiefs,8150,DST,KC,12.4,2.58,8,16,,kansas-city-defense.php,,,24.5,,,,,,5.0,Kansas City Chiefs,2026-07-31,KCC
/nfl/rankings/dynasty-dst.php,dynasty-dst,dp,Cleveland Browns,8070,DST,CLE,12.4,3.07,9,18,,cleveland-defense.php,,,25.2,,,,,,11.0,Cleveland Browns,2026-07-31,CLE
/nfl/rankings/dynasty-dst.php,dynasty-dst,dp,Detroit Lions,8100,DST,DET,12.4,3.44,9,17,,detroit-defense.php,,,50.6,,,,,-3.0,6.0,Detroit Lions,2026-07-31,DET
/nfl/rankings/dynasty-dst.php,dynasty-dst,dp,Buffalo Bills,8030,DST,BUF,18.8,2.99,16,24,,buffalo-defense.php,,,31.3,,,,,,7.0,Buffalo Bills,2026-07-31,BUF
/nfl/rankings/dynasty-dst.php,dynasty-dst,dp,New York Giants,8200,DST,NYG,19.8,4.21,12,24,,new-york-giants-defense.php,,,24.2,,,,,,8.0,New York Giants,2026-07-31,NYG
/nfl/rankings/dynasty-dst.php,dynasty-dst,dp,New Orleans Saints,8190,DST,NO,17.0,0.0,17,17,,new-orleans-defense.php,,,21.9,,,,,,8.0,New Orleans Saints,2026-07-31,NOS
/nfl/rankings/dynasty-dst.php,dynasty-dst,dp,San Francisco 49ers,8270,DST,SF,17.5,3.2,14,22,,san-francisco-defense.php,,,27.7,,,,,,8.0,San Francisco 49ers,2026-07-31,SFO
/nfl/rankings/dynasty-dst.php,dynasty-dst,dp,Indianapolis Colts,8130,DST,IND,18.25,4.66,13,25,,indianapolis-defense.php,,,19.3,,,,,,13.0,Indianapolis Colts,2026-07-31,IND
/nfl/rankings/dynasty-dst.php,dynasty-dst,dp,Dallas Cowboys,8080,DST,DAL,22.2,3.19,18,26,,dallas-defense.php,,,20.4,,,,,,14.0,Dallas Cowboys,2026-07-31,DAL
/nfl/rankings/dynasty-dst.php,dynasty-dst,dp,Tampa Bay Buccaneers,8290,DST,TB,22.6,3.38,19,29,,tampa-bay-defense.php,,,22.5,,,,,,10.0,Tampa Bay Buccaneers,2026-07-31,TBB
/nfl/rankings/dynasty-dst.php,dynasty-dst,dp,Chicago Bears,8050,DST,CHI,21.0,3.67,18,27,,chicago-defense.php,,,15.4,,,,,,10.0,Chicago Bears,2026-07-31,CHI
/nfl/rankings/dynasty-dst.php,dynasty-dst,dp,Atlanta Falcons,8010,DST,ATL,21.75,1.92,19,24,,atlanta-defense.php,,,12.9,,,,,,11.0,Atlanta Falcons,2026-07-31,ATL
/nfl/rankings/dynasty-dst.php,dynasty-dst,dp,Carolina Panthers,8040,DST,CAR,21.0,2.16,19,24,,carolina-defense.php,,,6.1,,,,,,5.0,Carolina Panthers,2026-07-31,CAR
/nfl/rankings/dynasty-dst.php,dynasty-dst,dp,Tennessee Titans,8300,DST,TEN,24.67,2.05,22,27,,tennessee-defense.php,,,13.9,,,,,,9.0,Tennessee Titans,2026-07-31,TEN
/nfl/rankings/dynasty-dst.php,dynasty-dst,dp,Miami Dolphins,8160,DST,MIA,27.0,3.39,23,32,,miami-defense.php,,,9.5,,,,,,6.0,Miami Dolphins,2026-07-31,MIA
/nfl/rankings/dynasty-dst.php,dynasty-dst,dp,Arizona Cardinals,8000,DST,ARI,27.25,1.64,26,30,,arizona-defense.php,,,4.9,,,,,,14.0,Arizona Cardinals,2026-07-31,ARI
/nfl/rankings/dynasty-dst.php,dynasty-dst,dp,Washington Commanders,8310,DST,WAS,28.0,0.71,27,29,,washington-defense.php,,,17.2,,,,,,7.0,Washington Commanders,2026-07-31,WAS
/nfl/rankings/dynasty-dst.php,dynasty-dst,dp,New York Jets,8210,DST,NYJ,28.75,4.55,21,32,,new-york-jets-defense.php,,,8.4,,,,,,13.0,New York Jets,2026-07-31,NYJ
/nfl/rankings/dynasty-dst.php,dynasty-dst,dp,Las Vegas Raiders,8220,DST,LV,29.0,2.12,26,31,,las-vegas-defense.php,,,10.0,,,,,,13.0,Las Vegas Raiders,2026-07-31,LVR
/nfl/rankings/dynasty-dst.php,dynasty-dst,dp,Cincinnati Bengals,8060,DST,CIN,30.0,0.82,29,31,,cincinnati-defense.php,,,4.8,,,,,,6.0,Cincinnati Bengals,2026-07-31,CIN
/nfl/rankings/dynasty-idp.php,dynasty-idp,do,Aidan Hutchinson,22738,DL,DET,1.25,0.43,1,2,,aidan-hutchinson.php,,,78.5,,,,,,6.0,Aidan Hutchinson,2026-07-31,DET
/nfl/rankings/dynasty-idp.php,dynasty-idp,do,Will Anderson Jr.,24717,DL,HOU,1.75,0.43,1,2,,will-anderson.php,,,74.7,,,,,,8.0,Will Anderson,2026-07-31,HOU
/nfl/rankings/dynasty-idp.php,dynasty-idp,do,Jack Campbell,25435,LB,DET,5.75,3.7,3,12,,jack-campbell.php,,,88.3,,,,,,6.0,Jack Campbell,2026-07-31,DET
/nfl/rankings/dynasty-idp.php,dynasty-idp,do,Roquan Smith,17311,LB,BAL,6.25,2.28,4,10,,roquan-smith.php,,,74.6,,,,,,13.0,Roquan Smith,2026-07-31,BAL
/nfl/rankings/dynasty-idp.php,dynasty-idp,do,Fred Warner,17526,LB,SF,9.0,5.24,5,18,,fred-warner.php,,,82.2,,,,,,8.0,Fred Warner,2026-07-31,SFO
/nfl/rankings/dynasty-idp.php,dynasty-idp,do,Nick Bolton,22689,LB,KC,12.5,3.77,6,15,,nick-bolton.php,,,75.5,,,,,3.0,5.0,Nick Bolton,2026-07-31,KCC
/nfl/rankings/dynasty-idp.php,dynasty-idp,do,Edgerrin Cooper,26137,LB,GB,14.25,4.55,7,19,,edgerrin-cooper.php,,,50.3,,,,,4.0,11.0,Edgerrin Cooper,2026-07-31,GBP
/nfl/rankings/dynasty-idp.php,dynasty-idp,do,Jordyn Brooks,19292,LB,MIA,15.5,10.92,7,34,,jordyn-brooks.php,,,81.8,,,,,-2.0,6.0,Jordyn Brooks,2026-07-31,MIA
/nfl/rankings/dynasty-idp.php,dynasty-idp,do,Foyesade Oluokun,17607,LB,JAC,16.75,9.01,9,31,,foyesade-oluokun.php,,,74.7,,,,,,7.0,Foyesade Oluokun,2026-07-31,JAC
/nfl/rankings/dynasty-idp.php,dynasty-idp,do,Nick Bosa,18199,DL,SF,18.5,17.41,3,48,,nick-bosa.php,,,71.7,,,,,,8.0,Nick Bosa,2026-07-31,SFO
/nfl/rankings/dynasty-idp.php,dynasty-idp,do,Zack Baun,19238,LB,PHI,20.25,5.89,11,27,,zack-baun.php,,,64.5,,,,,3.0,10.0,Zack Baun,2026-07-31,PHI
/nfl/rankings/dynasty-idp.php,dynasty-idp,do,Carson Schwesinger,27236,LB,CLE,22.0,24.99,4,65,,carson-schwesinger.php,,,80.3,,,,,-5.0,11.0,Carson Schwesinger,2026-07-31,CLE
/nfl/rankings/dynasty-idp.php,dynasty-idp,do,T.J. Edwards,18281,LB,CHI,22.5,11.97,13,43,,tj-edwards.php,,,29.7,,,,,,10.0,TJ Edwards,2026-07-31,CHI
/nfl/rankings/dynasty-idp.php,dynasty-idp,do,Zaire Franklin,17563,LB,GB,24.0,17.19,9,53,,zaire-franklin.php,,,47.0,,,,,,11.0,Zaire Franklin,2026-07-31,GBP
/nfl/rankings/dynasty-idp.php,dynasty-idp,do,Quincy Williams,18679,LB,CLE,24.25,11.56,13,42,,quincy-williams.php,,,33.1,,,,,9.0,11.0,Quincy Williams,2026-07-31,CLE
/nfl/rankings/dynasty-idp.php,dynasty-idp,do,Kyle Hamilton,23494,DB,BAL,28.25,11.78,16,47,,kyle-hamilton.php,,,80.0,,,,,10.0,13.0,Kyle Hamilton,2026-07-31,BAL
/nfl/rankings/dynasty-idp.php,dynasty-idp,do,Nakobe Dean,23702,LB,LV,29.0,9.03,17,40,,nakobe-dean.php,,,62.5,,,,,5.0,13.0,Nakobe Dean,2026-07-31,LVR
/nfl/rankings/dynasty-idp.php,dynasty-idp,do,Blake Cashman,18421,LB,MIN,30.75,9.73,18,44,,blake-cashman.php,,,61.4,,,,,,6.0,Blake Cashman,2026-07-31,MIN
/nfl/rankings/dynasty-idp.php,dynasty-idp,do,Jamien Sherwood,23194,LB,NYJ,31.25,13.12,19,52,,jamien-sherwood.php,,,60.1,,,,,-3.0,13.0,Jamien Sherwood,2026-07-31,NYJ
/nfl/rankings/dynasty-idp.php,dynasty-idp,do,Dre Greenlaw,18310,LB,SF,32.5,7.43,20,39,,dre-greenlaw.php,,,18.5,,,,,5.0,8.0,Dre Greenlaw,2026-07-31,SFO
/nfl/rankings/dynasty-idp.php,dynasty-idp,do,Myles Garrett,16370,DL,LAR,10.0,7.79,4,21,,myles-garrett.php,,,90.0,,,,,18.0,11.0,Myles Garrett,2026-07-31,LAR
/nfl/rankings/dynasty-idp.php,dynasty-idp,do,Maxx Crosby,18702,DL,LV,10.67,8.06,4,22,,maxx-crosby.php,,,81.9,,,,,18.0,13.0,Maxx Crosby,2026-07-31,LVR
/nfl/rankings/dynasty-idp.php,dynasty-idp,do,Brian Branch,25235,DB,DET,36.0,8.34,23,46,,brian-branch.php,,,53.2,,,,,6.0,6.0,Brian Branch,2026-07-31,DET
/nfl/rankings/dynasty-idp.php,dynasty-idp,do,Laiatu Latu,26096,DL,IND,18.67,5.56,11,24,,laiatu-latu.php,,,30.1,,,,,19.0,13.0,Laiatu Latu,2026-07-31,IND
/nfl/rankings/dynasty-idp.php,dynasty-idp,do,Tremaine Edmunds,17342,LB,NYG,40.75,16.86,23,60,,tremaine-edmunds.php,,,41.9,,,,,-4.0,8.0,Tremaine Edmunds,2026-07-31,NYG
/nfl/rankings/dynasty-idp.php,dynasty-idp,do,Payton Wilson,26183,LB,PIT,41.25,13.5,26,63,,payton-wilson.php,,,27.0,,,,,,9.0,Payton Wilson,2026-07-31,PIT
/nfl/rankings/dynasty-idp.php,dynasty-idp,do,Quay Walker,23729,LB,LV,46.75,45.36,16,125,,quay-walker.php,,,57.6,,,,,-7.0,13.0,Quay Walker,2026-07-31,LVR
/nfl/rankings/dynasty-idp.php,dynasty-idp,do,Ernest Jones IV,23245,LB,SEA,23.0,5.72,15,28,,ernest-jones.php,,,58.0,,,,,-11.0,11.0,Ernest Jones,2026-07-31,SEA
/nfl/rankings/dynasty-idp.php,dynasty-idp,do,Nate Landman,24674,LB,LAR,23.33,5.44,16,29,,nathan-landman.php,,,56.2,,,,,-10.0,11.0,Nate Landman,2026-07-31,LAR
/nfl/rankings/dynasty-idp.php,dynasty-idp,do,Nick Emmanwori,27053,DB,SEA,44.5,23.46,22,83,,nick-emmanwori.php,,,64.7,,,,,,11.0,Nick Emmanwori,2026-07-31,SEA
/nfl/rankings/dynasty-idp.php,dynasty-idp,do,Daiyan Henley,25436,LB,LAC,45.0,20.09,24,76,,daiyanhenley.php,,,44.7,,,,,-8.0,7.0,Daiyan Henley,2026-07-31,LAC
/nfl/rankings/dynasty-idp.php,dynasty-idp,do,Cedric Gray,26168,LB,TEN,49.0,39.51,8,114,,cedric-gray.php,,,63.7,,,,,-17.0,9.0,Cedric Gray,2026-07-31,TEN
/nfl/rankings/dynasty-idp.php,dynasty-idp,do,Azeez Al-Shaair,18361,LB,HOU,28.0,7.79,17,34,,azeez-al-shaair.php,,,33.0,,,,,-5.0,8.0,Azeez Al-Shaair,2026-07-31,HOU
/nfl/rankings/dynasty-idp.php,dynasty-idp,do,Derwin James Jr.,17310,DB,LAC,47.5,8.38,34,57,,derwin-james.php,,,68.7,,,,,,7.0,Derwin James,2026-07-31,LAC
/nfl/rankings/dynasty-idp.php,dynasty-idp,do,Jalen Carter,24703,DL,PHI,31.67,15.69,11,49,,jalen-carter.php,,,33.6,,,,,14.0,10.0,Jalen Carter,2026-07-31,PHI
/nfl/rankings/dynasty-idp.php,dynasty-idp,do,DeMarvion Overshown,25314,LB,DAL,50.25,23.7,33,91,,demarvion-overshown.php,,,23.9,,,,,-6.0,14.0,DeMarvion Overshown,2026-07-31,DAL
/nfl/rankings/dynasty-idp.php,dynasty-idp,do,Jeffery Simmons,18207,DL,TEN,33.0,6.38,24,38,,jeffery-simmons.php,,,74.0,,,,,15.0,9.0,Jeffery Simmons,2026-07-31,TEN
/nfl/rankings/dynasty-idp.php,dynasty-idp,do,Greg Rousseau,19787,DL,BUF,34.0,19.8,8,56,,gregory-rousseau.php,,,30.6,,,,,15.0,7.0,Gregory Rousseau,2026-07-31,BUF
/nfl/rankings/dynasty-idp.php,dynasty-idp,do,Robert Spillane,18103,LB,NE,52.5,16.56,38,79,,robert-spillane.php,,,46.2,,,,,-4.0,11.0,Robert Spillane,2026-07-31,NEP
/nfl/rankings/dynasty-idp.php,dynasty-idp,do,Dexter Lawrence II,18211,DL,CIN,36.0,10.2,22,46,,dexter-lawrence.php,,,22.8,,,,,16.0,6.0,Dexter Lawrence,2026-07-31,CIN
/nfl/rankings/dynasty-idp.php,dynasty-idp,do,Quinnen Williams,18200,DL,DAL,37.0,10.2,23,47,,quinnen-williams.php,,,35.9,,,,,18.0,14.0,Quinnen Williams,2026-07-31,DAL
/nfl/rankings/dynasty-idp.php,dynasty-idp,do,Budda Baker,16733,DB,ARI,54.75,9.28,42,67,,budda-baker.php,,,58.9,,,,,,14.0,Budda Baker,2026-07-31,ARI
/nfl/rankings/dynasty-idp.php,dynasty-idp,do,Alex Singleton,14399,LB,DEN,58.0,21.44,31,80,,alex-singleton.php,,,49.7,,,,,-10.0,10.0,Alex Singleton,2026-07-31,DEN
/nfl/rankings/dynasty-idp.php,dynasty-idp,do,George Karlaftis III,23501,DL,KC,43.33,9.81,31,55,,george-karlaftis-iii.php,,,17.5,,,,,16.0,5.0,George Karlaftis,2026-07-31,KCC
/nfl/rankings/dynasty-idp.php,dynasty-idp,do,Byron Murphy II,26221,DL,SEA,45.0,12.25,30,60,,byron-murphy-ii.php,,,15.8,,,,,17.0,11.0,Byron Murphy,2026-07-31,SEA
/nfl/rankings/dynasty-idp.php,dynasty-idp,do,Antoine Winfield Jr.,19266,DB,TB,45.33,10.62,32,58,,antoine-winfield-s.php,,,34.8,,,,,18.0,10.0,Antoine Winfield,2026-07-31,TBB
/nfl/rankings/dynasty-idp.php,dynasty-idp,do,Devin Lloyd,23710,LB,CAR,46.0,12.68,30,61,,devin-lloyd.php,,,45.4,,,,,18.0,5.0,Devin Lloyd,2026-07-31,CAR
/nfl/rankings/dynasty-idp.php,dynasty-idp,do,Zach Allen,18221,DL,DEN,46.67,1.25,45,48,,zach-allen.php,,,20.9,,,,,18.0,10.0,Zach Allen,2026-07-31,DEN
/nfl/rankings/dynasty-idp.php,dynasty-idp,do,Tykee Smith,23751,DB,TB,48.0,9.42,36,59,,tykee-smith.php,,,55.9,,,,,,10.0,Tykee Smith,2026-07-31,TBB
/nfl/rankings/dynasty-idp.php,dynasty-idp,do,Terrel Bernard,23772,LB,BUF,49.0,24.1,19,78,,terrel-bernard.php,,,38.5,,,,,18.0,7.0,Terrel Bernard,2026-07-31,BUF
/nfl/rankings/dynasty-idp.php,dynasty-idp,do,Jihaad Campbell,27051,LB,PHI,51.0,8.98,40,62,,jihaad-campbell.php,,,31.3,,,,,19.0,10.0,Jihaad Campbell,2026-07-31,PHI
/nfl/rankings/dynasty-idp.php,dynasty-idp,do,Xavier McKinney,19216,DB,GB,52.0,0.82,51,53,,xavier-mckinney.php,,,40.6,,,,,,11.0,Xavier McKinney,2026-07-31,GBP
/nfl/rankings/dynasty-idp.php,dynasty-idp,do,Tyler Nubin,26117,DB,NYG,65.5,12.54,53,84,,tyler-nubin.php,,,18.4,,,,,,8.0,Tyler Nubin,2026-07-31,NYG
/nfl/rankings/dynasty-idp.php,dynasty-idp,do,Micah Parsons,19784,LB,GB,28.5,25.5,3,54,,micah-parsons.php,,,59.6,,,,,17.0,11.0,Micah Parsons,2026-07-31,GBP
/nfl/rankings/dynasty-idp.php,dynasty-idp,do,Demetrius Knight Jr.,27299,LB,CIN,66.5,19.97,41,93,,demetrius-knight-jr.php,,,34.6,,,,,-10.0,6.0,Demetrius Knight,2026-07-31,CIN
/nfl/rankings/dynasty-idp.php,dynasty-idp,do,DeForest Buckner,15494,DL,IND,54.67,10.66,41,67,,deforest-buckner.php,,,35.6,,,,,17.0,13.0,DeForest Buckner,2026-07-31,IND
/nfl/rankings/dynasty-idp.php,dynasty-idp,do,Barrett Carter,26108,LB,CIN,55.33,18.41,32,77,,barrett-carter.php,,,26.1,,,,,-19.0,6.0,Barrett Carter,2026-07-31,CIN
/nfl/rankings/dynasty-idp.php,dynasty-idp,do,Jessie Bates III,17544,DB,ATL,56.0,2.83,52,58,,jessie-bates-iii.php,,,37.7,,,,,,11.0,Jessie Bates,2026-07-31,ATL
/nfl/rankings/dynasty-idp.php,dynasty-idp,do,Brian Burns,18223,DL,NYG,33.5,25.5,8,59,,brian-burns.php,,,71.6,,,,,18.0,8.0,Brian Burns,2026-07-31,NYG
/nfl/rankings/dynasty-idp.php,dynasty-idp,do,Nik Bonitto,23763,DL,DEN,34.5,25.5,9,60,,nik-bonitto.php,,,54.6,,,,,18.0,10.0,Nik Bonitto,2026-07-31,DEN
/nfl/rankings/dynasty-idp.php,dynasty-idp,do,Calijah Kancey,23865,DL,TB,58.0,23.37,28,85,,calijah-kancey.php,,,19.0,,,,,19.0,10.0,Calijah Kancey,2026-07-31,TBB
/nfl/rankings/dynasty-idp.php,dynasty-idp,do,Brandon Jones,19248,DB,DEN,36.0,26.0,10,62,,brandon-jones-s.php,,,16.7,,,,,20.0,10.0,Brandon Jones,2026-07-31,DEN
/nfl/rankings/dynasty-idp.php,dynasty-idp,do,Sonny Styles,27216,LB,WAS,36.5,26.5,10,63,,sonny-styles.php,,,60.7,,,,,-32.0,7.0,Sonny Styles,2026-07-31,WAS
/nfl/rankings/dynasty-idp.php,dynasty-idp,do,Kobie Turner,25283,DL,LAR,59.33,9.57,46,68,,kobie-turner.php,,,18.1,,,,,21.0,11.0,Kobie Turner,2026-07-31,LAR
/nfl/rankings/dynasty-idp.php,dynasty-idp,do,CJ Allen,27970,LB,IND,38.0,27.0,11,65,,cj-allen.php,,,33.0,,,,,-31.0,13.0,CJ Allen,2026-07-31,IND
/nfl/rankings/dynasty-idp.php,dynasty-idp,do,Trey Hendrickson,16719,DL,BAL,60.33,26.84,25,90,,trey-hendrickson.php,,,47.3,,,,,22.0,13.0,Trey Hendrickson,2026-07-31,BAL
/nfl/rankings/dynasty-idp.php,dynasty-idp,do,Jared Verse,25234,DL,CLE,39.5,27.5,12,67,,jared-verse.php,,,55.0,,,,,24.0,11.0,Jared Verse,2026-07-31,CLE
/nfl/rankings/dynasty-idp.php,dynasty-idp,do,Arvell Reese,28053,LB,NYG,40.0,28.0,12,68,,arvell-reese.php,,,45.5,,,,,-32.0,8.0,Arvell Reese,2026-07-31,NYG
/nfl/rankings/dynasty-idp.php,dynasty-idp,do,Abdul Carter,27022,DL,NYG,41.5,27.5,14,69,,abdul-carter.php,,,39.5,,,,,24.0,8.0,Abdul Carter,2026-07-31,NYG
/nfl/rankings/dynasty-idp.php,dynasty-idp,do,Byron Young,25449,DL,LAR,43.5,26.5,17,70,,byron-young-edge.php,,,47.0,,,,,25.0,11.0,Byron Young,2026-07-31,LAR
/nfl/rankings/dynasty-idp.php,dynasty-idp,do,T.J. Watt,16469,LB,PIT,45.5,25.5,20,71,,tj-watt.php,,,70.4,,,,,25.0,9.0,TJ Watt,2026-07-31,PIT
/nfl/rankings/dynasty-idp.php,dynasty-idp,do,Jacob Rodriguez,28195,LB,MIA,47.0,25.0,22,72,,jacob-rodriguez.php,,,14.2,,,,,-31.0,6.0,Jacob Rodriguez,2026-07-31,MIA
/nfl/rankings/dynasty-idp.php,dynasty-idp,do,Divine Deablo,23208,LB,ATL,66.33,28.96,28,98,,divine-deablo.php,,,37.2,,,,,-27.0,11.0,Divine Deablo,2026-07-31,ATL
/nfl/rankings/dynasty-idp.php,dynasty-idp,do,Xavier Watts,27067,DB,ATL,67.0,5.1,62,74,,xavier-watts.php,,,38.8,,,,,13.0,11.0,Xavier Watts,2026-07-31,ATL
/nfl/rankings/dynasty-idp.php,dynasty-idp,do,Talanoa Hufanga,22817,DB,DEN,76.5,12.54,61,96,,talanoa-hufanga.php,,,51.4,,,,,,10.0,Talanoa Hufanga,2026-07-31,DEN
/nfl/rankings/dynasty-idp.php,dynasty-idp,do,Devin Bush Jr.,18237,LB,CHI,50.5,25.5,25,76,,devin-bush.php,,,41.7,,,,,-32.0,10.0,Devin Bush,2026-07-31,CHI
/nfl/rankings/dynasty-idp.php,dynasty-idp,do,Patrick Queen,19421,LB,PIT,51.5,25.5,26,77,,patrick-queen.php,,,38.2,,,,,20.0,9.0,Patrick Queen,2026-07-31,PIT
/nfl/rankings/dynasty-idp.php,dynasty-idp,do,Kevin Winston Jr.,27035,DB,TEN,69.33,6.18,64,78,,kevin-winston-jr.php,,,13.1,,,,,11.0,9.0,Kevin Winston,2026-07-31,TEN
/nfl/rankings/dynasty-idp.php,dynasty-idp,do,Frankie Luvu,17963,LB,WAS,53.0,26.0,27,79,,frankie-luvu.php,,,21.1,,,,,19.0,7.0,Frankie Luvu,2026-07-31,WAS
/nfl/rankings/dynasty-idp.php,dynasty-idp,do,Joshua Metellus,19580,DB,MIN,70.33,10.34,56,80,,josh-metellus.php,,,24.8,,,,,,6.0,Joshua Metellus,2026-07-31,MIN
/nfl/rankings/dynasty-idp.php,dynasty-idp,do,Jalon Walker,27027,LB,ATL,54.5,26.5,28,81,,jalon-walker.php,,,16.3,,,,,18.0,11.0,Jalon Walker,2026-07-31,ATL
/nfl/rankings/dynasty-idp.php,dynasty-idp,do,Alex Highsmith,19316,LB,PIT,55.5,26.5,29,82,,alex-highsmith.php,,,40.4,,,,,18.0,9.0,Alex Highsmith,2026-07-31,PIT
/nfl/rankings/dynasty-idp.php,dynasty-idp,do,Josiah Trotter,28077,LB,TB,56.0,27.0,29,83,,josiah-trotter.php,,,25.1,,,,,-36.0,10.0,Josiah Trotter,2026-07-31,TBB
/nfl/rankings/dynasty-idp.php,dynasty-idp,do,Montez Sweat,18213,DL,CHI,72.33,21.64,42,91,,montez-sweat.php,,,33.2,,,,,17.0,10.0,Montez Sweat,2026-07-31,CHI
/nfl/rankings/dynasty-idp.php,dynasty-idp,do,Kaleb Elarms-Orr,28440,LB,BUF,57.5,27.5,30,85,,kaleb-elarmsorr.php,,,6.5,,,,,-37.0,7.0,Kaleb Elarms-Orr,2026-07-31,BUF
/nfl/rankings/dynasty-idp.php,dynasty-idp,do,Nick Cross,24198,DB,WAS,73.33,20.81,44,90,,nick-cross.php,,,55.6,,,,,-25.0,7.0,Nick Cross,2026-07-31,WAS
/nfl/rankings/dynasty-idp.php,dynasty-idp,do,Josh Hines-Allen,18201,DL,JAC,59.5,27.5,32,87,,josh-allen-olb.php,,,40.4,,,,,15.0,7.0,Josh Hines-Allen,2026-07-31,JAC
/nfl/rankings/dynasty-idp.php,dynasty-idp,do,Tyrel Dodson,18584,LB,MIA,74.67,9.57,66,88,,tyrel-dodson.php,,,39.3,,,,,15.0,6.0,Tyrel Dodson,2026-07-31,MIA
/nfl/rankings/dynasty-idp.php,dynasty-idp,do,Will McDonald IV,25254,DL,NYJ,61.0,28.0,33,89,,will-mcdonald-iv.php,,,13.2,,,,,15.0,13.0,Will McDonald,2026-07-31,NYJ
/nfl/rankings/dynasty-idp.php,dynasty-idp,do,Jaquan Brisker,23719,DB,PIT,76.0,10.42,65,90,,jaquan-brisker.php,,,27.5,,,,,15.0,9.0,Jaquan Brisker,2026-07-31,PIT
/nfl/rankings/dynasty-idp.php,dynasty-idp,do,Jermaine Johnson II,23733,DL,TEN,63.0,28.0,35,91,,jermaine-johnson.php,,,5.9,,,,,15.0,9.0,Jermaine Johnson,2026-07-31,TEN
/nfl/rankings/dynasty-idp.php,dynasty-idp,do,Anthony Hill Jr.,27954,LB,TEN,64.0,28.0,36,92,,anthony-hill-jr.php,,,27.5,,,,,-41.0,9.0,Anthony Hill,2026-07-31,TEN
/nfl/rankings/dynasty-idp.php,dynasty-idp,do,Kam Curl,19459,DB,LAR,77.67,23.11,45,95,,kamren-curl.php,,,55.6,,,,,-30.0,11.0,Kam Curl,2026-07-31,LAR
/nfl/rankings/dynasty-idp.php,dynasty-idp,do,Danielle Hunter,14036,DL,HOU,65.5,28.5,37,94,,danielle-hunter.php,,,59.6,,,,,13.0,8.0,Danielle Hunter,2026-07-31,HOU
/nfl/rankings/dynasty-idp.php,dynasty-idp,do,Malaki Starks,27017,DB,BAL,78.67,11.61,69,95,,malaki-starks.php,,,40.4,,,,,,13.0,Malaki Starks,2026-07-31,BAL
/nfl/rankings/dynasty-idp.php,dynasty-idp,do,Kaden Elliss,18716,LB,NO,67.0,29.0,38,96,,kaden-elliss.php,,,28.5,,,,,12.0,8.0,Kaden Elliss,2026-07-31,NOS
/nfl/rankings/dynasty-idp.php,dynasty-idp,do,Jordan Battle,23471,DB,CIN,79.67,15.2,60,97,,jordan-battle.php,,,31.9,,,,,-18.0,6.0,Jordan Battle,2026-07-31,CIN
/nfl/rankings/dynasty-idp.php,dynasty-idp,do,Jake Golday,28181,LB,MIN,69.0,29.0,40,98,,jake-golday.php,,,11.6,,,,,-40.0,6.0,Jake Golday,2026-07-31,MIN
/nfl/rankings/dynasty-idp.php,dynasty-idp,do,Chris Jones,15620,DL,KC,81.0,26.88,43,101,,chris-jones-dl.php,,,19.9,,,,,,5.0,Chris Jones,2026-07-31,KCC
/nfl/rankings/dynasty-idp.php,dynasty-idp,do,Derrick Brown,19205,DL,CAR,81.33,18.57,56,100,,derrick-brown.php,,,30.1,,,,,,5.0,Derrick Brown,2026-07-31,CAR
/nfl/rankings/dynasty-idp.php,dynasty-idp,do,DeShon Elliott,17344,DB,PIT,72.0,9.0,63,81,,deshon-elliott.php,,,20.7,,,,,-17.0,9.0,DeShon Elliott,2026-07-31,PIT
/nfl/rankings/dynasty-idp.php,dynasty-idp,do,Mike Green,27042,LB,BAL,44.0,0.0,44,44,,mike-green-dt.php,,,8.8,,,,,,13.0,Mike Green,2026-07-31,BAL
/nfl/rankings/dynasty-idp.php,dynasty-idp,do,Nnamdi Madubuike,19272,DL,BAL,45.0,0.0,45,45,,justin-madubuike.php,,,20.8,,,,,,13.0,Nnamdi Madubuike,2026-07-31,BAL
/nfl/rankings/dynasty-idp.php,dynasty-idp,do,Jeremy Chinn,19429,DB,LV,85.67,15.63,68,106,,jeremy-chinn.php,,,42.1,,,,,-12.0,13.0,Jeremy Chinn,2026-07-31,LVR
/nfl/rankings/dynasty-idp.php,dynasty-idp,do,Braden Fiske,26195,DL,LAR,48.0,0.0,48,48,,braden-fiske.php,,,3.6,,,,,,11.0,Braden Fiske,2026-07-31,LAR
/nfl/rankings/dynasty-idp.php,dynasty-idp,do,Caleb Downs,27950,DB,DAL,48.0,0.0,48,48,,caleb-downs.php,,,54.4,,,,,-39.0,14.0,Caleb Downs,2026-07-31,DAL
/nfl/rankings/dynasty-idp.php,dynasty-idp,do,Dallas Turner,26097,DL,MIN,50.0,0.0,50,50,,dallas-turner.php,,,37.8,,,,,,6.0,Dallas Turner,2026-07-31,MIN
/nfl/rankings/dynasty-idp.php,dynasty-idp,do,Dillon Thieneman,27967,DB,CHI,50.0,0.0,50,50,,dillon-thieneman.php,,,33.5,,,,,-39.0,10.0,Dillon Thieneman,2026-07-31,CHI
/nfl/rankings/dynasty-idp.php,dynasty-idp,do,Chop Robinson,26105,DL,MIA,51.0,0.0,51,51,,chop-robinson.php,,,17.2,,,,,,6.0,Chop Robinson,2026-07-31,MIA
/nfl/rankings/dynasty-idp.php,dynasty-idp,do,Tuli Tuipulotu,25364,DL,LAC,52.0,0.0,52,52,,tuli-tuipulotu.php,,,47.3,,,,,,7.0,Tuli Tuipulotu,2026-07-31,LAC
/nfl/rankings/dynasty-idp.php,dynasty-idp,do,Ed Oliver,18202,DL,BUF,78.0,9.0,69,87,,ed-oliver.php,,,22.3,,,,,,7.0,Ed Oliver,2026-07-31,BUF
/nfl/rankings/dynasty-idp.php,dynasty-idp,do,Christian Wilkins,17511,DL,FA,53.0,0.0,53,53,,christian-wilkins.php,,,0.8,,,,,,,Christian Wilkins,2026-07-31,FA
/nfl/rankings/dynasty-idp.php,dynasty-idp,do,Jaelan Phillips,22734,DL,CAR,54.0,0.0,54,54,,jaelan-phillips.php,,,22.0,,,,,,5.0,Jaelan Phillips,2026-07-31,CAR
/nfl/rankings/dynasty-idp.php,dynasty-idp,do,AJ Haulcy,28069,DB,IND,54.0,0.0,54,54,,aj-haulcy.php,,,24.3,,,,,-42.0,13.0,AJ Haulcy,2026-07-31,IND
/nfl/rankings/dynasty-idp.php,dynasty-idp,do,Carl Granderson,18295,DL,NO,57.0,0.0,57,57,,carl-granderson.php,,,31.0,,,,,,8.0,Carl Granderson,2026-07-31,NOS
/nfl/rankings/dynasty-idp.php,dynasty-idp,do,Malachi Moore,24708,DB,NYJ,57.0,0.0,57,57,,malachi-moore.php,,,19.7,,,,,-41.0,13.0,Malachi Moore,2026-07-31,NYJ
/nfl/rankings/dynasty-idp.php,dynasty-idp,do,Mason Graham,27010,DL,CLE,80.5,11.5,69,92,,mason-graham.php,,,9.5,,,,,,11.0,Mason Graham,2026-07-31,CLE
/nfl/rankings/dynasty-idp.php,dynasty-idp,do,Tre'von Moehrig,22699,DB,CAR,83.5,25.5,58,109,,trevon-moehrig.php,,,44.1,,,,,-42.0,5.0,Trevon Moehrig,2026-07-31,CAR
/nfl/rankings/dynasty-idp.php,dynasty-idp,do,Byron Young,23786,DL,PHI,59.0,0.0,59,59,,byron-young.php,,,0.8,,,,,,10.0,Byron Young,2026-07-31,PHI
/nfl/rankings/dynasty-idp.php,dynasty-idp,do,Zach Sieler,17548,DL,MIA,61.0,0.0,61,61,,zach-sieler.php,,,15.1,,,,,,6.0,Zach Sieler,2026-07-31,MIA
/nfl/rankings/dynasty-idp.php,dynasty-idp,do,Emmanuel McNeil-Warren,28081,DB,CLE,62.0,0.0,62,62,,emmanuel-mcneil-warren.php,,,23.8,,,,,-38.0,11.0,Emmanuel McNeil-Warren,2026-07-31,CLE
/nfl/rankings/dynasty-idp.php,dynasty-idp,do,Christian Harris,23470,LB,ATL,63.0,0.0,63,63,,christian-harris.php,,,7.9,,,,,,11.0,Christian Harris,2026-07-31,ATL
/nfl/rankings/dynasty-idp.php,dynasty-idp,do,Kyle Dugger,19337,DB,CIN,64.0,0.0,64,64,,kyle-dugger.php,,,2.9,,,,,,6.0,Kyle Dugger,2026-07-31,CIN
/nfl/rankings/dynasty-idp.php,dynasty-idp,do,Chamarri Conner,25509,DB,KC,64.0,0.0,64,64,,chamarri-conner.php,,,44.3,,,,,-38.0,5.0,Chamarri Conner,2026-07-31,KCC
/nfl/rankings/dynasty-idp.php,dynasty-idp,do,Cam Bynum,22757,DB,IND,84.0,17.0,67,101,,camryn-bynum.php,,,17.6,,,,,-35.0,13.0,Cam Bynum,2026-07-31,IND
/nfl/rankings/dynasty-idp.php,dynasty-idp,do,Leonard Williams,13892,DL,SEA,84.0,2.0,82,86,,leonard-williams.php,,,27.0,,,,,,11.0,Leonard Williams,2026-07-31,SEA
/nfl/rankings/dynasty-idp.php,dynasty-idp,do,Jonathan Greenard,19276,DL,PHI,66.0,0.0,66,66,,jonathan-greenard.php,,,33.1,,,,,,10.0,Jonathan Greenard,2026-07-31,PHI
/nfl/rankings/dynasty-idp.php,dynasty-idp,do,Devon Witherspoon,25243,DB,SEA,85.0,11.0,74,96,,devon-witherspoon.php,,,40.1,,,,,,11.0,Devon Witherspoon,2026-07-31,SEA
/nfl/rankings/dynasty-idp.php,dynasty-idp,do,Jonathan Allen,16371,DL,CIN,68.0,0.0,68,68,,jonathan-allen.php,,,10.2,,,,,,6.0,Jonathan Allen,2026-07-31,CIN
/nfl/rankings/dynasty-idp.php,dynasty-idp,do,Jonathon Cooper,22821,DL,DEN,71.0,0.0,71,71,,jonathon-cooper.php,,,12.6,,,,,,10.0,Jonathon Cooper,2026-07-31,DEN
/nfl/rankings/dynasty-idp.php,dynasty-idp,do,Bryan Bresee,24694,DL,NO,71.0,0.0,71,71,,bryan-bresee.php,,,2.3,,,,,,8.0,Bryan Bresee,2026-07-31,NOS
/nfl/rankings/dynasty-idp.php,dynasty-idp,do,Julian Love,18243,DB,SEA,72.0,0.0,72,72,,julian-love.php,,,42.8,,,,,,11.0,Julian Love,2026-07-31,SEA
/nfl/rankings/dynasty-idp.php,dynasty-idp,do,Quentin Lake,24302,DB,LAR,97.5,24.5,73,122,,quentin-lake.php,,,34.9,,,,,,11.0,Quentin Lake,2026-07-31,LAR
/nfl/rankings/dynasty-idp.php,dynasty-idp,do,Cole Bishop,26229,DB,BUF,93.5,18.5,75,112,,cole-bishop.php,,,23.0,,,,,,7.0,Cole Bishop,2026-07-31,BUF
/nfl/rankings/dynasty-idp.php,dynasty-idp,do,Jer'Zhan Newton,26218,DL,WAS,76.0,0.0,76,76,,jerzhan-newton.php,,,2.1,,,,,,7.0,JerZhan Newton,2026-07-31,WAS
/nfl/rankings/dynasty-idp.php,dynasty-idp,do,Milton Williams,23209,DL,NE,91.0,11.0,80,102,,milton-williams.php,,,13.0,,,,,,11.0,Milton Williams,2026-07-31,NEP
/nfl/rankings/dynasty-idp.php,dynasty-idp,do,Cooper DeJean,26103,DB,PHI,91.0,4.0,87,95,,cooper-dejean.php,,,55.0,,,,,,10.0,Cooper DeJean,2026-07-31,PHI
/nfl/rankings/dynasty-idp.php,dynasty-idp,do,Malcolm Koonce,22773,DL,LV,79.0,0.0,79,79,,malcolm-koonce.php,,,1.3,,,,,,13.0,Malcolm Koonce,2026-07-31,LVR
/nfl/rankings/dynasty-idp.php,dynasty-idp,do,Kwity Paye,22682,DL,LV,81.0,0.0,81,81,,kwity-paye.php,,,4.0,,,,,,13.0,Kwity Paye,2026-07-31,LVR
/nfl/rankings/dynasty-idp.php,dynasty-idp,do,Minkah Fitzpatrick,17278,DB,NYJ,84.0,0.0,84,84,,minkah-fitzpatrick.php,,,21.3,,,,,,13.0,Minkah Fitzpatrick,2026-07-31,NYJ
/nfl/rankings/dynasty-idp.php,dynasty-idp,do,Pete Werner,22809,LB,NO,85.0,0.0,85,85,,pete-werner.php,,,7.1,,,,,,8.0,Pete Werner,2026-07-31,NOS
/nfl/rankings/dynasty-idp.php,dynasty-idp,do,Grant Delpit,19203,DB,CLE,86.0,0.0,86,86,,grant-delpit.php,,,20.0,,,,,,11.0,Grant Delpit,2026-07-31,CLE
/nfl/rankings/dynasty-idp.php,dynasty-idp,do,Jevon Holland,22690,DB,NYG,88.0,0.0,88,88,,jevon-holland.php,,,7.9,,,,,,8.0,Jevon Holland,2026-07-31,NYG
/nfl/rankings/dynasty-idp.php,dynasty-idp,do,Joey Bosa,15488,DL,FA,89.0,0.0,89,89,,joey-bosa.php,,,10.7,,,,,,,Joey Bosa,2026-07-31,FA
/nfl/rankings/dynasty-idp.php,dynasty-idp,do,Devonte Wyatt,23757,DL,GB,89.0,0.0,89,89,,devonte-wyatt.php,,,5.9,,,,,,11.0,Devonte Wyatt,2026-07-31,GBP
/nfl/rankings/dynasty-idp.php,dynasty-idp,do,Kayvon Thibodeaux,23484,DL,NYG,92.0,0.0,92,92,,kayvon-thibodeaux.php,,,19.1,,,,,,8.0,Kayvon Thibodeaux,2026-07-31,NYG
/nfl/rankings/dynasty-idp.php,dynasty-idp,do,Jalen Pitre,23721,DB,HOU,93.0,0.0,93,93,,jalen-pitre.php,,,36.3,,,,,,8.0,Jalen Pitre,2026-07-31,HOU
/nfl/rankings/dynasty-idp.php,dynasty-idp,do,Christian Barmore,22691,DL,NE,94.0,0.0,94,94,,christian-barmore.php,,,2.3,,,,,,11.0,Christian Barmore,2026-07-31,NEP
/nfl/rankings/dynasty-idp.php,dynasty-idp,do,Teddye Buchanan,27146,LB,BAL,94.0,0.0,94,94,,teddye-buchanan.php,,,16.4,,,,,,13.0,Teddye Buchanan,2026-07-31,BAL
/nfl/rankings/dynasty-idp.php,dynasty-idp,do,Osa Odighizuwa,22816,DL,SF,97.0,0.0,97,97,,osa-odighizuwa.php,,,3.9,,,,,,8.0,Osa Odighizuwa,2026-07-31,SFO
/nfl/rankings/dynasty-idp.php,dynasty-idp,do,James Pearce Jr.,27018,DL,ATL,97.0,0.0,97,97,,james-pearce-jr.php,,,13.7,,,,,,11.0,James Pearce,2026-07-31,ATL
/nfl/rankings/dynasty-idp.php,dynasty-idp,do,Donovan Ezeiruaku,27033,DL,DAL,98.0,0.0,98,98,,donovan-ezeiruaku.php,,,9.3,,,,,,14.0,Donovan Ezeiruaku,2026-07-31,DAL
/nfl/rankings/dynasty-idp.php,dynasty-idp,do,Chase Young,19195,DL,NO,101.0,1.0,100,102,,chase-young.php,,,24.6,,,,,,8.0,Chase Young,2026-07-31,NOS
/nfl/rankings/dynasty-idp.php,dynasty-idp,do,Travon Walker,23724,DL,JAC,99.0,0.0,99,99,,travon-walker.php,,,26.0,,,,,,7.0,Travon Walker,2026-07-31,JAC
/nfl/rankings/dynasty-idp.php,dynasty-idp,do,Kerby Joseph,23800,DB,DET,99.0,0.0,99,99,,kerby-joseph.php,,,15.1,,,,,,6.0,Kerby Joseph,2026-07-31,DET
/nfl/rankings/dynasty-idp.php,dynasty-idp,do,Alim McNeill,22765,DL,DET,100.0,0.0,100,100,,alim-mcneill.php,,,2.0,,,,,,6.0,Alim McNeill,2026-07-31,DET
/nfl/rankings/dynasty-idp.php,dynasty-idp,do,Josh Sweat,17363,DL,ARI,103.0,0.0,103,103,,josh-sweat.php,,,22.7,,,,,,14.0,Josh Sweat,2026-07-31,ARI
/nfl/rankings/dynasty-idp.php,dynasty-idp,do,Leo Chenal,23808,LB,WAS,103.0,0.0,103,103,,leo-chenal.php,,,7.5,,,,,,7.0,Leo Chenal,2026-07-31,WAS
/nfl/rankings/dynasty-idp.php,dynasty-idp,do,Dee Winters,25579,LB,DAL,104.0,0.0,104,104,,dee-winters.php,,,23.1,,,,,,14.0,Dee Winters,2026-07-31,DAL
/nfl/rankings/dynasty-idp.php,dynasty-idp,do,T'Vondre Sweat,26206,DL,NYJ,105.0,0.0,105,105,,tvondre-sweat.php,,,2.1,,,,,,13.0,TVondre Sweat,2026-07-31,NYJ
/nfl/rankings/dynasty-idp.php,dynasty-idp,do,Reed Blankenship,22754,DB,HOU,107.0,0.0,107,107,,reed-blankenship.php,,,15.2,,,,,,8.0,Reed Blankenship,2026-07-31,HOU
/nfl/rankings/dynasty-idp.php,dynasty-idp,do,Gervon Dexter Sr.,25246,DL,CHI,108.0,0.0,108,108,,gervon-dexter-sr.php,,,4.4,,,,,,10.0,Gervon Dexter,2026-07-31,CHI
/nfl/rankings/dynasty-idp.php,dynasty-idp,do,Javon Bullard,26121,DB,GB,110.0,0.0,110,110,,javon-bullard.php,,,7.4,,,,,,11.0,Javon Bullard,2026-07-31,GBP
/nfl/rankings/dynasty-idp.php,dynasty-idp,do,Alex Anzalone,16720,LB,TB,111.0,0.0,111,111,,alex-anzalone.php,,,26.3,,,,,,10.0,Alex Anzalone,2026-07-31,TBB
/nfl/rankings/dynasty-idp.php,dynasty-idp,do,Myles Murphy,24709,DL,CIN,113.0,0.0,113,113,,myles-murphy.php,,,4.9,,,,,,6.0,Myles Murphy,2026-07-31,CIN
/nfl/rankings/dynasty-idp.php,dynasty-idp,do,Mykel Williams,27013,DL,SF,115.0,0.0,115,115,,mykel-williams.php,,,8.7,,,,,,8.0,Mykel Williams,2026-07-31,SFO
/nfl/rankings/dynasty-idp.php,dynasty-idp,do,Keeanu Benton,25432,DL,PIT,116.0,0.0,116,116,,keeanu-benton.php,,,3.5,,,,,,9.0,Keeanu Benton,2026-07-31,PIT
/nfl/rankings/dynasty-idp.php,dynasty-idp,do,Marcus Davenport,17316,DL,FA,117.0,0.0,117,117,,marcus-davenport.php,,,0.6,,,,,,,Marcus Davenport,2026-07-31,FA
/nfl/rankings/dynasty-idp.php,dynasty-idp,do,Darius Robinson,26175,DL,ARI,118.0,0.0,118,118,,darius-robinson.php,,,1.5,,,,,,14.0,Darius Robinson,2026-07-31,ARI
/nfl/rankings/dynasty-idp.php,dynasty-idp,do,Walter Nolen III,27030,DL,ARI,119.0,0.0,119,119,,walter-nolen.php,,,5.8,,,,,,14.0,Walter Nolen,2026-07-31,ARI
/nfl/rankings/dynasty-idp.php,dynasty-idp,do,Jalen Thompson,19108,DB,DAL,120.0,0.0,120,120,,jalen-thompson.php,,,18.4,,,,,,14.0,Jalen Thompson,2026-07-31,DAL
/nfl/rankings/dynasty-idp.php,dynasty-idp,do,Daron Payne,17281,DL,WAS,121.0,0.0,121,121,,daron-payne.php,,,4.5,,,,,,7.0,DaRon Payne,2026-07-31,WAS
/nfl/rankings/dynasty-idp.php,dynasty-idp,do,Derrick Harmon,27029,DL,PIT,123.0,0.0,123,123,,derrick-harmon.php,,,3.0,,,,,,9.0,Derrick Harmon,2026-07-31,PIT
/nfl/rankings/dynasty-idp.php,dynasty-idp,do,Cameron Heyward,9862,DL,PIT,124.0,0.0,124,124,,cameron-heyward.php,,,26.8,,,,,,9.0,Cameron Heyward,2026-07-31,PIT
/nfl/rankings/dynasty-k.php,dynasty-k,dp,Brandon Aubrey,26068,K,DAL,1.5,0.5,1,2,,brandon-aubrey.php,,,97.4,,,,,,14.0,Brandon Aubrey,2026-07-31,DAL
/nfl/rankings/dynasty-k.php,dynasty-k,dp,Cam Little,26475,K,JAC,2.75,1.92,1,6,,cam-little.php,,,86.0,,,,,,7.0,Cam Little,2026-07-31,JAC
/nfl/rankings/dynasty-k.php,dynasty-k,dp,Cameron Dicker,23901,K,LAC,3.75,0.43,3,4,,cameron-dicker.php,,,95.2,,,,,,7.0,Cameron Dicker,2026-07-31,LAC
/nfl/rankings/dynasty-k.php,dynasty-k,dp,Jason Myers,14003,K,SEA,5.25,3.34,3,11,,jason-myers.php,,,90.4,,,,,1.0,11.0,Jason Myers,2026-07-31,SEA
/nfl/rankings/dynasty-k.php,dynasty-k,dp,Ka'imi Fairbairn,15756,K,HOU,5.5,2.96,1,9,,kaimi-fairbairn.php,,,89.9,,,,,-1.0,8.0,Kaimi Fairbairn,2026-07-31,HOU
/nfl/rankings/dynasty-k.php,dynasty-k,dp,Will Reichard,26341,K,MIN,6.5,2.18,3,9,,will-reichard.php,,,27.6,,,,,2.0,6.0,Will Reichard,2026-07-31,MIN
/nfl/rankings/dynasty-k.php,dynasty-k,dp,Tyler Loop,27534,K,BAL,7.75,2.68,5,12,,tyler-loop.php,,,59.0,,,,,,13.0,Tyler Loop,2026-07-31,BAL
/nfl/rankings/dynasty-k.php,dynasty-k,dp,Chris Boswell,13029,K,PIT,9.25,3.77,5,13,,chris-boswell.php,,,39.4,,,,,,9.0,Chris Boswell,2026-07-31,PIT
/nfl/rankings/dynasty-k.php,dynasty-k,dp,Jake Bates,26075,K,DET,10.5,2.18,8,14,,jake-bates.php,,,58.9,,,,,,6.0,Jake Bates,2026-07-31,DET
/nfl/rankings/dynasty-k.php,dynasty-k,dp,Evan McPherson,23297,K,CIN,11.0,3.08,6,14,,evan-mcpherson.php,,,40.6,,,,,,6.0,Evan McPherson,2026-07-31,CIN
/nfl/rankings/dynasty-k.php,dynasty-k,dp,Wil Lutz,16026,K,DEN,11.75,2.05,10,15,,wil-lutz.php,,,8.3,,,,,,10.0,Wil Lutz,2026-07-31,DEN
/nfl/rankings/dynasty-k.php,dynasty-k,dp,Chase McLaughlin,19058,K,TB,8.33,2.87,5,12,,chase-mclaughlin.php,,,23.4,,,,,,10.0,Chase McLaughlin,2026-07-31,TBB
/nfl/rankings/dynasty-k.php,dynasty-k,dp,Harrison Butker,16712,K,KC,12.75,4.38,7,19,,harrison-butker.php,,,38.9,,,,,,5.0,Harrison Butker,2026-07-31,KCC
/nfl/rankings/dynasty-k.php,dynasty-k,dp,Andy Borregales,27291,K,NE,13.33,4.78,9,20,,andres-borregales.php,,,25.4,,,,,,11.0,Andy Borregales,2026-07-31,NEP
/nfl/rankings/dynasty-k.php,dynasty-k,dp,Eddy Pineiro,17575,K,SF,15.33,0.94,14,16,,eddy-pineiro.php,,,59.7,,,,,,8.0,Eddy Pineiro,2026-07-31,SFO
/nfl/rankings/dynasty-k.php,dynasty-k,dp,Harrison Mevis,26638,K,LAR,11.0,2.0,9,13,,harrison-mevis.php,,,50.4,,,,,,11.0,Harrison Mevis,2026-07-31,LAR
/nfl/rankings/dynasty-k.php,dynasty-k,dp,Jake Moody,24009,K,WAS,16.67,1.25,15,18,,jake-moody.php,,,2.4,,,,,,7.0,Jake Moody,2026-07-31,WAS
/nfl/rankings/dynasty-k.php,dynasty-k,dp,Trey Smack,28507,K,GB,15.0,7.0,8,22,,trey-smack.php,,,6.4,,,,,,11.0,Trey Smack,2026-07-31,GBP
/nfl/rankings/dynasty-k.php,dynasty-k,dp,Cairo Santos,13731,K,CHI,19.0,1.63,17,21,,cairo-santos.php,,,24.9,,,,,,10.0,Cairo Santos,2026-07-31,CHI
/nfl/rankings/dynasty-k.php,dynasty-k,dp,Spencer Shrader,26763,K,IND,17.5,2.5,15,20,,spencer-shrader.php,,,1.2,,,,,,13.0,Spencer Shrader,2026-07-31,IND
/nfl/rankings/dynasty-k.php,dynasty-k,dp,Jake Elliott,16540,K,PHI,18.0,0.0,18,18,,jake-elliott.php,,,10.1,,,,,,10.0,Jake Elliott,2026-07-31,PHI
/nfl/rankings/dynasty-k.php,dynasty-k,dp,Daniel Carlson,17420,K,LV,22.0,5.89,16,30,,daniel-carlson.php,,,0.7,,,,,,13.0,Daniel Carlson,2026-07-31,LVR
/nfl/rankings/dynasty-k.php,dynasty-k,dp,Ben Sauls,27798,K,NYG,12.0,0.0,12,12,,ben-sauls.php,,,1.4,,,,,,8.0,Ben Sauls,2026-07-31,NYG
/nfl/rankings/dynasty-k.php,dynasty-k,dp,Tyler Bass,19760,K,BUF,20.0,5.0,15,25,,tyler-bass.php,,,9.8,,,,,,7.0,Tyler Bass,2026-07-31,BUF
/nfl/rankings/dynasty-k.php,dynasty-k,dp,Joshua Karty,26478,K,FA,17.0,0.0,17,17,,joshua-karty.php,,,0.6,,,,,,,Joshua Karty,2026-07-31,FA
/nfl/rankings/dynasty-k.php,dynasty-k,dp,Jason Sanders,17533,K,NYJ,21.0,2.0,19,23,,jason-sanders.php,,,3.0,,,,,-5.0,13.0,Jason Sanders,2026-07-31,NYJ
/nfl/rankings/dynasty-k.php,dynasty-k,dp,Blake Grupe,25533,K,IND,22.5,1.5,21,24,,blake-grupe.php,,,2.6,,,,,,13.0,Blake Grupe,2026-07-31,IND
/nfl/rankings/dynasty-k.php,dynasty-k,dp,Matt Gay,18545,K,LV,27.0,5.0,22,32,,matt-gay.php,,,4.2,,,,,,13.0,Matt Gay,2026-07-31,LVR
/nfl/rankings/dynasty-k.php,dynasty-k,dp,Brandon McManus,13274,K,FA,26.0,3.0,23,29,,brandon-mcmanus.php,,,0.7,,,,,,,Brandon McManus,2026-07-31,FA
/nfl/rankings/dynasty-k.php,dynasty-k,dp,Riley Patterson,23370,K,MIA,24.0,0.0,24,24,,riley-patterson.php,,,6.8,,,,,,6.0,Riley Patterson,2026-07-31,MIA
/nfl/rankings/dynasty-k.php,dynasty-k,dp,Chad Ryland,25354,K,ARI,26.0,0.0,26,26,,chad-ryland.php,,,2.6,,,,,-3.0,14.0,Chad Ryland,2026-07-31,ARI
/nfl/rankings/dynasty-k.php,dynasty-k,dp,Charlie Smyth,26444,K,NO,27.0,0.0,27,27,,charlie-smyth.php,,,3.3,,,,,,8.0,Charlie Smyth,2026-07-31,NOS
/nfl/rankings/dynasty-k.php,dynasty-k,dp,Ryan Fitzgerald,27261,K,CAR,28.0,0.0,28,28,,ryan-fitzgerald.php,,,1.9,,,,,-4.0,5.0,Ryan Fitzgerald,2026-07-31,CAR
/nfl/rankings/dynasty-k.php,dynasty-k,dp,Joey Slye,19028,K,TEN,31.0,0.0,31,31,,joey-slye.php,,,2.4,,,,,,9.0,Joey Slye,2026-07-31,TEN
/nfl/rankings/dynasty-k.php,dynasty-k,dp,Dustin Hopkins,11818,K,FA,33.0,0.0,33,33,,dustin-hopkins.php,,,0.6,,,,,,,Dustin Hopkins,2026-07-31,FA
/nfl/rankings/dynasty-k.php,dynasty-k,dp,Younghoe Koo,16910,K,FA,34.0,0.0,34,34,,younghoe-koo.php,,,0.7,,,,,,,Younghoe Koo,2026-07-31,FA
/nfl/rankings/dynasty-lb.php,dynasty-lb,dp,Jack Campbell,25435,LB,DET,1.25,0.43,1,2,,jack-campbell.php,,,88.3,,,,,,6.0,Jack Campbell,2026-07-31,DET
/nfl/rankings/dynasty-lb.php,dynasty-lb,dp,Carson Schwesinger,27236,LB,CLE,4.0,2.92,2,9,,carson-schwesinger.php,,,80.3,,,,,2.0,11.0,Carson Schwesinger,2026-07-31,CLE
/nfl/rankings/dynasty-lb.php,dynasty-lb,dp,Roquan Smith,17311,LB,BAL,4.25,1.79,2,6,,roquan-smith.php,,,74.6,,,,,-1.0,13.0,Roquan Smith,2026-07-31,BAL
/nfl/rankings/dynasty-lb.php,dynasty-lb,dp,Fred Warner,17526,LB,SF,7.0,3.94,3,13,,fred-warner.php,,,82.2,,,,,-1.0,8.0,Fred Warner,2026-07-31,SFO
/nfl/rankings/dynasty-lb.php,dynasty-lb,dp,Jordyn Brooks,19292,LB,MIA,7.25,1.92,5,10,,jordyn-brooks.php,,,81.8,,,,,,6.0,Jordyn Brooks,2026-07-31,MIA
/nfl/rankings/dynasty-lb.php,dynasty-lb,dp,Edgerrin Cooper,26137,LB,GB,9.0,5.05,3,14,,edgerrin-cooper.php,,,50.3,,,,,2.0,11.0,Edgerrin Cooper,2026-07-31,GBP
/nfl/rankings/dynasty-lb.php,dynasty-lb,dp,Nick Bolton,22689,LB,KC,9.0,2.92,4,11,,nick-bolton.php,,,75.5,,,,,,5.0,Nick Bolton,2026-07-31,KCC
/nfl/rankings/dynasty-lb.php,dynasty-lb,dp,Foyesade Oluokun,17607,LB,JAC,12.5,6.54,7,23,,foyesade-oluokun.php,,,74.7,,,,,-2.0,7.0,Foyesade Oluokun,2026-07-31,JAC
/nfl/rankings/dynasty-lb.php,dynasty-lb,dp,Ernest Jones IV,23245,LB,SEA,13.75,6.42,4,20,,ernest-jones.php,,,58.0,,,,,4.0,11.0,Ernest Jones,2026-07-31,SEA
/nfl/rankings/dynasty-lb.php,dynasty-lb,dp,Zack Baun,19238,LB,PHI,14.25,6.42,8,24,,zack-baun.php,,,64.5,,,,,2.0,10.0,Zack Baun,2026-07-31,PHI
/nfl/rankings/dynasty-lb.php,dynasty-lb,dp,Quay Walker,23729,LB,LV,15.5,2.87,11,19,,quay-walker.php,,,57.6,,,,,5.0,13.0,Quay Walker,2026-07-31,LVR
/nfl/rankings/dynasty-lb.php,dynasty-lb,dp,Nate Landman,24674,LB,LAR,16.0,3.67,12,21,,nathan-landman.php,,,56.2,,,,,3.0,11.0,Nate Landman,2026-07-31,LAR
/nfl/rankings/dynasty-lb.php,dynasty-lb,dp,Cedric Gray,26168,LB,TEN,16.25,11.12,5,31,,cedric-gray.php,,,63.7,,,,,-2.0,9.0,Cedric Gray,2026-07-31,TEN
/nfl/rankings/dynasty-lb.php,dynasty-lb,dp,Jamien Sherwood,23194,LB,NYJ,16.25,6.46,7,25,,jamien-sherwood.php,,,60.1,,,,,,13.0,Jamien Sherwood,2026-07-31,NYJ
/nfl/rankings/dynasty-lb.php,dynasty-lb,dp,Nakobe Dean,23702,LB,LV,19.75,7.26,13,32,,nakobe-dean.php,,,62.5,,,,,6.0,13.0,Nakobe Dean,2026-07-31,LVR
/nfl/rankings/dynasty-lb.php,dynasty-lb,dp,T.J. Edwards,18281,LB,CHI,20.5,8.56,10,32,,tj-edwards.php,,,29.7,,,,,-7.0,10.0,TJ Edwards,2026-07-31,CHI
/nfl/rankings/dynasty-lb.php,dynasty-lb,dp,Blake Cashman,18421,LB,MIN,22.0,4.85,14,27,,blake-cashman.php,,,61.4,,,,,,6.0,Blake Cashman,2026-07-31,MIN
/nfl/rankings/dynasty-lb.php,dynasty-lb,dp,Zaire Franklin,17563,LB,GB,24.75,11.01,11,37,,zaire-franklin.php,,,47.0,,,,,-8.0,11.0,Zaire Franklin,2026-07-31,GBP
/nfl/rankings/dynasty-lb.php,dynasty-lb,dp,Quincy Williams,18679,LB,CLE,25.75,10.45,12,39,,quincy-williams.php,,,33.1,,,,,6.0,11.0,Quincy Williams,2026-07-31,CLE
/nfl/rankings/dynasty-lb.php,dynasty-lb,dp,Tremaine Edmunds,17342,LB,NYG,25.75,8.84,17,40,,tremaine-edmunds.php,,,41.9,,,,,,8.0,Tremaine Edmunds,2026-07-31,NYG
/nfl/rankings/dynasty-lb.php,dynasty-lb,dp,Daiyan Henley,25436,LB,LAC,26.0,11.85,15,46,,daiyanhenley.php,,,44.7,,,,,,7.0,Daiyan Henley,2026-07-31,LAC
/nfl/rankings/dynasty-lb.php,dynasty-lb,dp,DeMarvion Overshown,25314,LB,DAL,27.0,3.08,23,30,,demarvion-overshown.php,,,23.9,,,,,6.0,14.0,DeMarvion Overshown,2026-07-31,DAL
/nfl/rankings/dynasty-lb.php,dynasty-lb,dp,Payton Wilson,26183,LB,PIT,29.25,10.03,18,42,,payton-wilson.php,,,27.0,,,,,3.0,9.0,Payton Wilson,2026-07-31,PIT
/nfl/rankings/dynasty-lb.php,dynasty-lb,dp,Dre Greenlaw,18310,LB,SF,30.25,10.64,16,45,,dre-greenlaw.php,,,18.5,,,,,,8.0,Dre Greenlaw,2026-07-31,SFO
/nfl/rankings/dynasty-lb.php,dynasty-lb,dp,Jihaad Campbell,27051,LB,PHI,31.0,7.18,22,42,,jihaad-campbell.php,,,31.3,,,,,13.0,10.0,Jihaad Campbell,2026-07-31,PHI
/nfl/rankings/dynasty-lb.php,dynasty-lb,dp,Devin Lloyd,23710,LB,CAR,31.25,11.1,14,41,,devin-lloyd.php,,,45.4,,,,,8.0,5.0,Devin Lloyd,2026-07-31,CAR
/nfl/rankings/dynasty-lb.php,dynasty-lb,dp,Azeez Al-Shaair,18361,LB,HOU,33.5,15.88,19,60,,azeez-al-shaair.php,,,33.0,,,,,,8.0,Azeez Al-Shaair,2026-07-31,HOU
/nfl/rankings/dynasty-lb.php,dynasty-lb,dp,Terrel Bernard,23772,LB,BUF,34.0,11.22,18,48,,terrel-bernard.php,,,38.5,,,,,7.0,7.0,Terrel Bernard,2026-07-31,BUF
/nfl/rankings/dynasty-lb.php,dynasty-lb,dp,Robert Spillane,18103,LB,NE,34.5,8.99,27,49,,robert-spillane.php,,,46.2,,,,,,11.0,Robert Spillane,2026-07-31,NEP
/nfl/rankings/dynasty-lb.php,dynasty-lb,dp,Alex Singleton,14399,LB,DEN,34.75,9.04,28,50,,alex-singleton.php,,,49.7,,,,,,10.0,Alex Singleton,2026-07-31,DEN
/nfl/rankings/dynasty-lb.php,dynasty-lb,dp,Barrett Carter,26108,LB,CIN,37.0,6.6,29,47,,barrett-carter.php,,,26.1,,,,,,6.0,Barrett Carter,2026-07-31,CIN
/nfl/rankings/dynasty-lb.php,dynasty-lb,dp,Nik Bonitto,23763,DL,DEN,28.33,16.82,5,44,,nik-bonitto.php,,,54.6,,,,,9.0,10.0,Nik Bonitto,2026-07-31,DEN
/nfl/rankings/dynasty-lb.php,dynasty-lb,dp,Micah Parsons,19784,LB,GB,16.5,15.5,1,32,,micah-parsons.php,,,59.6,,,,,11.0,11.0,Micah Parsons,2026-07-31,GBP
/nfl/rankings/dynasty-lb.php,dynasty-lb,dp,Devin Bush Jr.,18237,LB,CHI,41.5,16.74,22,66,,devin-bush.php,,,41.7,,,,,,10.0,Devin Bush,2026-07-31,CHI
/nfl/rankings/dynasty-lb.php,dynasty-lb,dp,Brian Burns,18223,DL,NYG,19.5,15.5,4,35,,brian-burns.php,,,71.6,,,,,10.0,8.0,Brian Burns,2026-07-31,NYG
/nfl/rankings/dynasty-lb.php,dynasty-lb,dp,Demetrius Knight Jr.,27299,LB,CIN,41.75,7.4,33,53,,demetrius-knight-jr.php,,,34.6,,,,,,6.0,Demetrius Knight,2026-07-31,CIN
/nfl/rankings/dynasty-lb.php,dynasty-lb,dp,Divine Deablo,23208,LB,ATL,43.0,14.71,25,65,,divine-deablo.php,,,37.2,,,,,,11.0,Divine Deablo,2026-07-31,ATL
/nfl/rankings/dynasty-lb.php,dynasty-lb,dp,Sonny Styles,27216,LB,WAS,22.5,14.5,8,37,,sonny-styles.php,,,60.7,,,,,-18.0,7.0,Sonny Styles,2026-07-31,WAS
/nfl/rankings/dynasty-lb.php,dynasty-lb,dp,Tyrel Dodson,18584,LB,MIA,43.25,9.28,29,55,,tyrel-dodson.php,,,39.3,,,,,9.0,6.0,Tyrel Dodson,2026-07-31,MIA
/nfl/rankings/dynasty-lb.php,dynasty-lb,dp,Jared Verse,25234,DL,CLE,23.5,16.5,7,40,,jared-verse.php,,,55.0,,,,,9.0,11.0,Jared Verse,2026-07-31,CLE
/nfl/rankings/dynasty-lb.php,dynasty-lb,dp,CJ Allen,27970,LB,IND,23.5,14.5,9,38,,cj-allen.php,,,33.0,,,,,-19.0,13.0,CJ Allen,2026-07-31,IND
/nfl/rankings/dynasty-lb.php,dynasty-lb,dp,Abdul Carter,27022,DL,NYG,25.5,16.5,9,42,,abdul-carter.php,,,39.5,,,,,10.0,8.0,Abdul Carter,2026-07-31,NYG
/nfl/rankings/dynasty-lb.php,dynasty-lb,dp,Arvell Reese,28053,LB,NYG,25.5,15.5,10,41,,arvell-reese.php,,,45.5,,,,,-19.0,8.0,Arvell Reese,2026-07-31,NYG
/nfl/rankings/dynasty-lb.php,dynasty-lb,dp,Byron Young,25449,DL,LAR,27.5,15.5,12,43,,byron-young-edge.php,,,47.0,,,,,9.0,11.0,Byron Young,2026-07-31,LAR
/nfl/rankings/dynasty-lb.php,dynasty-lb,dp,T.J. Watt,16469,LB,PIT,29.5,14.5,15,44,,tj-watt.php,,,70.4,,,,,9.0,9.0,TJ Watt,2026-07-31,PIT
/nfl/rankings/dynasty-lb.php,dynasty-lb,dp,Kaden Elliss,18716,LB,NO,47.0,12.67,28,59,,kaden-elliss.php,,,28.5,,,,,,8.0,Kaden Elliss,2026-07-31,NOS
/nfl/rankings/dynasty-lb.php,dynasty-lb,dp,Jacob Rodriguez,28195,LB,MIA,32.0,13.0,19,45,,jacob-rodriguez.php,,,14.2,,,,,-15.0,6.0,Jacob Rodriguez,2026-07-31,MIA
/nfl/rankings/dynasty-lb.php,dynasty-lb,dp,Leo Chenal,23808,LB,WAS,42.67,16.76,20,60,,leo-chenal.php,,,7.5,,,,,9.0,7.0,Leo Chenal,2026-07-31,WAS
/nfl/rankings/dynasty-lb.php,dynasty-lb,dp,Greg Rousseau,19787,DL,BUF,32.5,6.5,26,39,,gregory-rousseau.php,,,30.6,,,,,-7.0,7.0,Gregory Rousseau,2026-07-31,BUF
/nfl/rankings/dynasty-lb.php,dynasty-lb,dp,Jalon Walker,27027,LB,ATL,35.5,14.5,21,50,,jalon-walker.php,,,16.3,,,,,11.0,11.0,Jalon Walker,2026-07-31,ATL
/nfl/rankings/dynasty-lb.php,dynasty-lb,dp,Patrick Queen,19421,LB,PIT,45.33,7.59,35,53,,patrick-queen.php,,,38.2,,,,,,9.0,Patrick Queen,2026-07-31,PIT
/nfl/rankings/dynasty-lb.php,dynasty-lb,dp,Alex Highsmith,19316,LB,PIT,36.5,14.5,22,51,,alex-highsmith.php,,,40.4,,,,,11.0,9.0,Alex Highsmith,2026-07-31,PIT
/nfl/rankings/dynasty-lb.php,dynasty-lb,dp,Josh Hines-Allen,18201,DL,JAC,39.0,15.0,24,54,,josh-allen-olb.php,,,40.4,,,,,12.0,7.0,Josh Hines-Allen,2026-07-31,JAC
/nfl/rankings/dynasty-lb.php,dynasty-lb,dp,Josiah Trotter,28077,LB,TB,39.0,13.0,26,52,,josiah-trotter.php,,,25.1,,,,,-15.0,10.0,Josiah Trotter,2026-07-31,TBB
/nfl/rankings/dynasty-lb.php,dynasty-lb,dp,Kaleb Elarms-Orr,28440,LB,BUF,40.0,13.0,27,53,,kaleb-elarmsorr.php,,,6.5,,,,,-15.0,7.0,Kaleb Elarms-Orr,2026-07-31,BUF
/nfl/rankings/dynasty-lb.php,dynasty-lb,dp,Danielle Hunter,14036,DL,HOU,42.5,14.5,28,57,,danielle-hunter.php,,,59.6,,,,,13.0,8.0,Danielle Hunter,2026-07-31,HOU
/nfl/rankings/dynasty-lb.php,dynasty-lb,dp,Frankie Luvu,17963,LB,WAS,43.0,6.0,37,49,,frankie-luvu.php,,,21.1,,,,,,7.0,Frankie Luvu,2026-07-31,WAS
/nfl/rankings/dynasty-lb.php,dynasty-lb,dp,Ventrell Miller,23477,LB,JAC,43.5,3.5,40,47,,ventrell-miller.php,,,13.5,,,,,,7.0,Ventrell Miller,2026-07-31,JAC
/nfl/rankings/dynasty-lb.php,dynasty-lb,dp,Eric Wilson,16691,LB,MIN,50.67,9.39,39,62,,eric-wilson.php,,,21.8,,,,,,6.0,Eric Wilson,2026-07-31,MIN
/nfl/rankings/dynasty-lb.php,dynasty-lb,dp,Anthony Hill Jr.,27954,LB,TEN,44.5,11.5,33,56,,anthony-hill-jr.php,,,27.5,,,,,-17.0,9.0,Anthony Hill,2026-07-31,TEN
/nfl/rankings/dynasty-lb.php,dynasty-lb,dp,Alex Anzalone,16720,LB,TB,45.0,15.0,30,60,,alex-anzalone.php,,,26.3,,,,,12.0,10.0,Alex Anzalone,2026-07-31,TBB
/nfl/rankings/dynasty-lb.php,dynasty-lb,dp,Trey Hendrickson,16719,DL,BAL,45.0,6.0,39,51,,trey-hendrickson.php,,,47.3,,,,,-15.0,13.0,Trey Hendrickson,2026-07-31,BAL
/nfl/rankings/dynasty-lb.php,dynasty-lb,dp,Dee Winters,25579,LB,DAL,45.0,1.0,44,46,,dee-winters.php,,,23.1,,,,,-8.0,14.0,Dee Winters,2026-07-31,DAL
/nfl/rankings/dynasty-lb.php,dynasty-lb,dp,Teddye Buchanan,27146,LB,BAL,52.67,8.22,42,62,,teddye-buchanan.php,,,16.4,,,,,11.0,13.0,Teddye Buchanan,2026-07-31,BAL
/nfl/rankings/dynasty-lb.php,dynasty-lb,dp,Jake Golday,28181,LB,MIN,48.0,11.0,37,59,,jake-golday.php,,,11.6,,,,,-19.0,6.0,Jake Golday,2026-07-31,MIN
/nfl/rankings/dynasty-lb.php,dynasty-lb,dp,Mike Green,27042,LB,BAL,33.0,0.0,33,33,,mike-green-dt.php,,,8.8,,,,,,13.0,Mike Green,2026-07-31,BAL
/nfl/rankings/dynasty-lb.php,dynasty-lb,dp,Drake Thomas,25905,LB,SEA,54.67,10.66,41,67,,drake-thomas.php,,,15.0,,,,,,11.0,Drake Thomas,2026-07-31,SEA
/nfl/rankings/dynasty-lb.php,dynasty-lb,dp,Dallas Turner,26097,DL,MIN,34.0,0.0,34,34,,dallas-turner.php,,,37.8,,,,,,6.0,Dallas Turner,2026-07-31,MIN
/nfl/rankings/dynasty-lb.php,dynasty-lb,dp,Chop Robinson,26105,DL,MIA,35.0,0.0,35,35,,chop-robinson.php,,,17.2,,,,,,6.0,Chop Robinson,2026-07-31,MIA
/nfl/rankings/dynasty-lb.php,dynasty-lb,dp,Tuli Tuipulotu,25364,DL,LAC,36.0,0.0,36,36,,tuli-tuipulotu.php,,,47.3,,,,,,7.0,Tuli Tuipulotu,2026-07-31,LAC
/nfl/rankings/dynasty-lb.php,dynasty-lb,dp,Christian Harris,23470,LB,ATL,50.0,1.0,49,51,,christian-harris.php,,,7.9,,,,,-12.0,11.0,Christian Harris,2026-07-31,ATL
/nfl/rankings/dynasty-lb.php,dynasty-lb,dp,Jack Gibbens,24690,LB,ARI,54.67,6.02,49,63,,jack-gibbens.php,,,6.7,,,,,-8.0,14.0,Jack Gibbens,2026-07-31,ARI
/nfl/rankings/dynasty-lb.php,dynasty-lb,dp,Danny Stutsman,27031,LB,NO,56.33,9.53,46,69,,danny-stutsman.php,,,3.6,,,,,-7.0,8.0,Danny Stutsman,2026-07-31,NOS
/nfl/rankings/dynasty-lb.php,dynasty-lb,dp,Jaelan Phillips,22734,DL,CAR,38.0,0.0,38,38,,jaelan-phillips.php,,,22.0,,,,,,5.0,Jaelan Phillips,2026-07-31,CAR
/nfl/rankings/dynasty-lb.php,dynasty-lb,dp,Jonathan Greenard,19276,DL,PHI,43.0,0.0,43,43,,jonathan-greenard.php,,,33.1,,,,,,10.0,Jonathan Greenard,2026-07-31,PHI
/nfl/rankings/dynasty-lb.php,dynasty-lb,dp,Jonathon Cooper,22821,DL,DEN,45.0,0.0,45,45,,jonathon-cooper.php,,,12.6,,,,,,10.0,Jonathon Cooper,2026-07-31,DEN
/nfl/rankings/dynasty-lb.php,dynasty-lb,dp,Pete Werner,22809,LB,NO,59.67,8.18,50,70,,pete-werner.php,,,7.1,,,,,,8.0,Pete Werner,2026-07-31,NOS
/nfl/rankings/dynasty-lb.php,dynasty-lb,dp,Cody Simon,27264,LB,ARI,47.0,0.0,47,47,,cody-simon.php,,,9.2,,,,,,14.0,Cody Simon,2026-07-31,ARI
/nfl/rankings/dynasty-lb.php,dynasty-lb,dp,Mack Wilson Sr.,18251,LB,ARI,48.0,0.0,48,48,,mack-wilson.php,,,15.9,,,,,,14.0,Mack Wilson,2026-07-31,ARI
/nfl/rankings/dynasty-lb.php,dynasty-lb,dp,Trenton Simpson,24716,LB,BAL,50.0,0.0,50,50,,trenton-simpson.php,,,6.2,,,,,-20.0,13.0,Trenton Simpson,2026-07-31,BAL
/nfl/rankings/dynasty-lb.php,dynasty-lb,dp,Bobby Wagner,11252,LB,FA,52.0,0.0,52,52,,bobby-wagner.php,,,23.1,,,,,,,Bobby Wagner,2026-07-31,FA
/nfl/rankings/dynasty-lb.php,dynasty-lb,dp,Kayvon Thibodeaux,23484,DL,NYG,52.0,0.0,52,52,,kayvon-thibodeaux.php,,,19.1,,,,,,8.0,Kayvon Thibodeaux,2026-07-31,NYG
/nfl/rankings/dynasty-lb.php,dynasty-lb,dp,James Pearce Jr.,27018,DL,ATL,55.0,0.0,55,55,,james-pearce-jr.php,,,13.7,,,,,,11.0,James Pearce,2026-07-31,ATL
/nfl/rankings/dynasty-lb.php,dynasty-lb,dp,Kyle Louis,28227,LB,MIA,55.0,0.0,55,55,,kyle-louis.php,,,2.8,,,,,-17.0,6.0,Kyle Louis,2026-07-31,MIA
/nfl/rankings/dynasty-lb.php,dynasty-lb,dp,Donovan Ezeiruaku,27033,DL,DAL,56.0,0.0,56,56,,donovan-ezeiruaku.php,,,9.3,,,,,,14.0,Donovan Ezeiruaku,2026-07-31,DAL
/nfl/rankings/dynasty-lb.php,dynasty-lb,dp,Travon Walker,23724,DL,JAC,57.0,0.0,57,57,,travon-walker.php,,,26.0,,,,,,7.0,Travon Walker,2026-07-31,JAC
/nfl/rankings/dynasty-lb.php,dynasty-lb,dp,SirVocea Dennis,23990,LB,TB,60.5,3.5,57,64,,sirvocea-dennis.php,,,17.3,,,,,-17.0,10.0,SirVocea Dennis,2026-07-31,TBB
/nfl/rankings/dynasty-lb.php,dynasty-lb,dp,Josh Sweat,17363,DL,ARI,58.0,0.0,58,58,,josh-sweat.php,,,22.7,,,,,,14.0,Josh Sweat,2026-07-31,ARI
/nfl/rankings/dynasty-lb.php,dynasty-lb,dp,Tyrice Knight,24112,LB,SEA,58.0,0.0,58,58,,tyrice-knight.php,,,9.1,,,,,-18.0,11.0,Tyrice Knight,2026-07-31,SEA
/nfl/rankings/dynasty-lb.php,dynasty-lb,dp,Drue Tranquill,18459,LB,KC,61.0,0.0,61,61,,drue-tranquill.php,,,25.2,,,,,-16.0,5.0,Drue Tranquill,2026-07-31,KCC
/nfl/rankings/dynasty-lb.php,dynasty-lb,dp,Bobby Okereke,18678,LB,FA,61.0,0.0,61,61,,bobby-okereke.php,,,21.0,,,,,,,Bobby Okereke,2026-07-31,FA
/nfl/rankings/dynasty-lb.php,dynasty-lb,dp,Trevin Wallace,26182,LB,CAR,63.0,0.0,63,63,,trevin-wallace.php,,,10.7,,,,,-16.0,5.0,Trevin Wallace,2026-07-31,CAR
/nfl/rankings/dynasty-lb.php,dynasty-lb,dp,Germaine Pratt,18291,LB,FA,68.0,0.0,68,68,,germaine-pratt.php,,,8.0,,,,,,,Germaine Pratt,2026-07-31,FA
/nfl/rankings/dynasty-superflex.php,dynasty-op,dsf,Josh Allen,17298,QB,BUF,1.3,0.56,1,3,,josh-allen-qb.php,,,99.4,,,,,,7.0,Josh Allen,2026-07-31,BUF
/nfl/rankings/dynasty-superflex.php,dynasty-op,dsf,Drake Maye,23046,QB,NE,2.35,1.31,1,7,,drake-maye.php,,,98.6,,,,,,11.0,Drake Maye,2026-07-31,NEP
/nfl/rankings/dynasty-superflex.php,dynasty-op,dsf,Jayden Daniels,22902,QB,WAS,5.25,3.22,3,12,,jayden-daniels.php,,,97.5,,,,,,7.0,Jayden Daniels,2026-07-31,WAS
/nfl/rankings/dynasty-superflex.php,dynasty-op,dsf,Ja'Marr Chase,19788,WR,CIN,6.0,2.1,1,8,,jamarr-chase.php,,,99.4,,,,,,6.0,JaMarr Chase,2026-07-31,CIN
/nfl/rankings/dynasty-superflex.php,dynasty-op,dsf,Lamar Jackson,17233,QB,BAL,6.4,5.24,3,27,,lamar-jackson.php,,,99.1,,,,,,13.0,Lamar Jackson,2026-07-31,BAL
/nfl/rankings/dynasty-superflex.php,dynasty-op,dsf,Jaxon Smith-Njigba,23070,WR,SEA,9.15,2.76,2,15,,jaxon-smith-njigba.php,,,99.6,,,,,,11.0,Jaxon Smith-Njigba,2026-07-31,SEA
/nfl/rankings/dynasty-superflex.php,dynasty-op,dsf,Joe Burrow,19196,QB,CIN,9.4,6.33,3,25,,joe-burrow.php,,,98.1,,,,,,6.0,Joe Burrow,2026-07-31,CIN
/nfl/rankings/dynasty-superflex.php,dynasty-op,dsf,Bijan Robinson,23133,RB,ATL,10.15,4.51,4,19,,bijan-robinson.php,,,99.4,,,,,,11.0,Bijan Robinson,2026-07-31,ATL
/nfl/rankings/dynasty-superflex.php,dynasty-op,dsf,Puka Nacua,23180,WR,LAR,10.15,3.97,5,18,,puka-nacua.php,,,99.5,,,,,,11.0,Puka Nacua,2026-07-31,LAR
/nfl/rankings/dynasty-superflex.php,dynasty-op,dsf,Caleb Williams,23084,QB,CHI,10.65,9.86,4,42,,caleb-williams.php,,,93.7,,,,,,10.0,Caleb Williams,2026-07-31,CHI
/nfl/rankings/dynasty-superflex.php,dynasty-op,dsf,Jahmyr Gibbs,22968,RB,DET,11.85,4.52,5,19,,jahmyr-gibbs.php,,,99.3,,,,,,6.0,Jahmyr Gibbs,2026-07-31,DET
/nfl/rankings/dynasty-superflex.php,dynasty-op,dsf,Justin Herbert,18635,QB,LAC,13.8,7.26,6,28,,justin-herbert.php,,,93.4,,,,,,7.0,Justin Herbert,2026-07-31,LAC
/nfl/rankings/dynasty-superflex.php,dynasty-op,dsf,Patrick Mahomes II,16413,QB,KC,14.25,5.46,7,26,,patrick-mahomes.php,,,91.9,,,,,,5.0,Patrick Mahomes,2026-07-31,KCC
/nfl/rankings/dynasty-superflex.php,dynasty-op,dsf,Jalen Hurts,19275,QB,PHI,15.65,6.19,5,29,,jalen-hurts.php,,,97.8,,,,,,10.0,Jalen Hurts,2026-07-31,PHI
/nfl/rankings/dynasty-superflex.php,dynasty-op,dsf,Amon-Ra St. Brown,19799,WR,DET,16.0,5.0,7,26,,amonra-stbrown.php,,,99.3,,,,,,6.0,Amon-Ra St Brown,2026-07-31,DET
/nfl/rankings/dynasty-superflex.php,dynasty-op,dsf,Justin Jefferson,19236,WR,MIN,16.8,4.53,10,27,,justin-jefferson.php,,,99.3,,,,,,6.0,Justin Jefferson,2026-07-31,MIN
/nfl/rankings/dynasty-superflex.php,dynasty-op,dsf,Trevor Lawrence,19780,QB,JAC,19.45,8.52,11,43,,trevor-lawrence.php,,,90.8,,,,,,7.0,Trevor Lawrence,2026-07-31,JAC
/nfl/rankings/dynasty-superflex.php,dynasty-op,dsf,Ashton Jeanty,25989,RB,LV,19.55,4.76,11,27,,ashton-jeanty.php,,,99.1,,,,,,13.0,Ashton Jeanty,2026-07-31,LVR
/nfl/rankings/dynasty-superflex.php,dynasty-op,dsf,CeeDee Lamb,19202,WR,DAL,20.05,5.1,13,32,,ceedee-lamb.php,,,99.4,,,,,,14.0,CeeDee Lamb,2026-07-31,DAL
/nfl/rankings/dynasty-superflex.php,dynasty-op,dsf,Malik Nabers,25409,WR,NYG,20.2,5.84,10,34,,malik-nabers.php,,,98.2,,,,,,8.0,Malik Nabers,2026-07-31,NYG
/nfl/rankings/dynasty-superflex.php,dynasty-op,dsf,Jeremiyah Love,25403,RB,ARI,23.8,4.92,13,30,,jeremiyah-love.php,,,98.2,,,,,,14.0,Jeremiyah Love,2026-07-31,ARI
/nfl/rankings/dynasty-superflex.php,dynasty-op,dsf,Drake London,23163,WR,ATL,23.8,4.37,13,29,,drake-london.php,,,99.1,,,,,,11.0,Drake London,2026-07-31,ATL
/nfl/rankings/dynasty-superflex.php,dynasty-op,dsf,Brock Purdy,19797,QB,SF,24.55,10.13,15,47,,brock-purdy.php,,,90.9,,,,,,8.0,Brock Purdy,2026-07-31,SFO
/nfl/rankings/dynasty-superflex.php,dynasty-op,dsf,Jaxson Dart,23160,QB,NYG,24.7,10.52,13,51,,jaxson-dart.php,,,94.8,,,,,,8.0,Jaxson Dart,2026-07-31,NYG
/nfl/rankings/dynasty-superflex.php,dynasty-op,dsf,De'Von Achane,23136,RB,MIA,26.5,3.81,20,34,,devon-achane.php,,,99.2,,,,,,6.0,DeVon Achane,2026-07-31,MIA
/nfl/rankings/dynasty-superflex.php,dynasty-op,dsf,Brock Bowers,22955,TE,LV,27.1,9.29,11,43,,brock-bowers.php,,,99.1,,,,,,13.0,Brock Bowers,2026-07-31,LVR
/nfl/rankings/dynasty-superflex.php,dynasty-op,dsf,Omarion Hampton,25395,RB,LAC,27.25,5.5,18,36,,omarion-hampton.php,,,98.7,,,,,,7.0,Omarion Hampton,2026-07-31,LAC
/nfl/rankings/dynasty-superflex.php,dynasty-op,dsf,Bo Nix,22910,QB,DEN,27.55,12.75,14,61,,bo-nix.php,,,88.9,,,,,,10.0,Bo Nix,2026-07-31,DEN
/nfl/rankings/dynasty-superflex.php,dynasty-op,dsf,Tetairoa McMillan,25417,WR,CAR,30.35,3.44,24,39,,tetairoa-mcmillan.php,,,97.9,,,,,,5.0,Tetairoa McMillan,2026-07-31,CAR
/nfl/rankings/dynasty-superflex.php,dynasty-op,dsf,James Cook III,22958,RB,BUF,31.85,4.98,21,43,,james-cook.php,,,99.5,,,,,,7.0,James Cook,2026-07-31,BUF
/nfl/rankings/dynasty-superflex.php,dynasty-op,dsf,Dak Prescott,15600,QB,DAL,32.0,11.79,17,56,,dak-prescott.php,,,93.4,,,,,,14.0,Dak Prescott,2026-07-31,DAL
/nfl/rankings/dynasty-superflex.php,dynasty-op,dsf,Nico Collins,20130,WR,HOU,33.8,4.49,22,41,,nico-collins.php,,,99.2,,,,,,8.0,Nico Collins,2026-07-31,HOU
/nfl/rankings/dynasty-superflex.php,dynasty-op,dsf,Jonathan Taylor,19217,RB,IND,34.25,6.77,23,49,,jonathan-taylor.php,,,99.3,,,,,,13.0,Jonathan Taylor,2026-07-31,IND
/nfl/rankings/dynasty-superflex.php,dynasty-op,dsf,Trey McBride,22936,TE,ARI,34.4,10.62,16,58,,trey-mcbride.php,,,99.3,,,,,,14.0,Trey McBride,2026-07-31,ARI
/nfl/rankings/dynasty-superflex.php,dynasty-op,dsf,Jordan Love,19246,QB,GB,34.75,14.25,20,67,,jordan-love.php,,,58.4,,,,,,11.0,Jordan Love,2026-07-31,GBP
/nfl/rankings/dynasty-superflex.php,dynasty-op,dsf,Emeka Egbuka,23062,WR,TB,34.95,4.96,28,51,,emeka-egbuka.php,,,96.3,,,,,,10.0,Emeka Egbuka,2026-07-31,TBB
/nfl/rankings/dynasty-superflex.php,dynasty-op,dsf,George Pickens,22963,WR,DAL,36.15,7.34,25,58,,george-pickens.php,,,99.2,,,,,,14.0,George Pickens,2026-07-31,DAL
/nfl/rankings/dynasty-superflex.php,dynasty-op,dsf,Carnell Tate,26009,WR,TEN,39.65,6.71,25,53,,carnell-tate.php,,,93.4,,,,,,9.0,Carnell Tate,2026-07-31,TEN
/nfl/rankings/dynasty-superflex.php,dynasty-op,dsf,Chris Olave,20111,WR,NO,39.65,4.22,34,51,,chris-olave.php,,,98.1,,,,,,8.0,Chris Olave,2026-07-31,NOS
/nfl/rankings/dynasty-superflex.php,dynasty-op,dsf,Kenneth Walker III,23021,RB,KC,40.05,6.25,29,58,,kenneth-walker-rb.php,,,99.3,,,,,,5.0,Kenneth Walker,2026-07-31,KCC
/nfl/rankings/dynasty-superflex.php,dynasty-op,dsf,Garrett Wilson,23072,WR,NYJ,41.8,6.53,26,55,,garrett-wilson.php,,,97.3,,,,,,13.0,Garrett Wilson,2026-07-31,NYJ
/nfl/rankings/dynasty-superflex.php,dynasty-op,dsf,Ladd McConkey,26122,WR,LAC,43.85,6.13,33,59,,ladd-mcconkey.php,,,95.9,,,,,,7.0,Ladd McConkey,2026-07-31,LAC
/nfl/rankings/dynasty-superflex.php,dynasty-op,dsf,Breece Hall,22982,RB,NYJ,45.25,8.76,30,64,,breece-hall.php,,,97.6,,,,,,13.0,Breece Hall,2026-07-31,NYJ
/nfl/rankings/dynasty-superflex.php,dynasty-op,dsf,Luther Burden III,27016,WR,CHI,47.35,7.52,36,65,,luther-burden-iii.php,,,93.8,,,,,,10.0,Luther Burden,2026-07-31,CHI
/nfl/rankings/dynasty-superflex.php,dynasty-op,dsf,Colston Loveland,26006,TE,CHI,47.6,13.0,22,63,,colston-loveland.php,,,98.6,,,,,,10.0,Colston Loveland,2026-07-31,CHI
/nfl/rankings/dynasty-superflex.php,dynasty-op,dsf,A.J. Brown,18218,WR,NE,47.8,8.49,33,65,,aj-brown.php,,,99.2,,,,,,11.0,AJ Brown,2026-07-31,NEP
/nfl/rankings/dynasty-superflex.php,dynasty-op,dsf,DeVonta Smith,19222,WR,PHI,47.9,6.14,35,57,,devonta-smith.php,,,98.0,,,,,,10.0,DeVonta Smith,2026-07-31,PHI
/nfl/rankings/dynasty-superflex.php,dynasty-op,dsf,Zay Flowers,22916,WR,BAL,48.65,9.33,35,77,,zay-flowers.php,,,97.1,,,,,,13.0,Zay Flowers,2026-07-31,BAL
/nfl/rankings/dynasty-superflex.php,dynasty-op,dsf,Jordyn Tyson,26035,WR,NO,50.4,8.52,36,77,,jordyn-tyson.php,,,89.2,,,,,,8.0,Jordyn Tyson,2026-07-31,NOS
/nfl/rankings/dynasty-superflex.php,dynasty-op,dsf,Jared Goff,15501,QB,DET,52.1,16.75,25,85,,jared-goff.php,,,77.7,,,,,,6.0,Jared Goff,2026-07-31,DET
/nfl/rankings/dynasty-superflex.php,dynasty-op,dsf,Chase Brown,25324,RB,CIN,52.3,7.56,37,65,,chase-brown.php,,,98.7,,,,,,6.0,Chase Brown,2026-07-31,CIN
/nfl/rankings/dynasty-superflex.php,dynasty-op,dsf,Makai Lemon,25420,WR,PHI,53.55,7.46,37,76,,makai-lemon.php,,,88.7,,,,,,10.0,Makai Lemon,2026-07-31,PHI
/nfl/rankings/dynasty-superflex.php,dynasty-op,dsf,Fernando Mendoza,28013,QB,LV,55.6,18.76,25,94,,fernando-mendoza.php,,,34.3,,,,,,13.0,Fernando Mendoza,2026-07-31,LVR
/nfl/rankings/dynasty-superflex.php,dynasty-op,dsf,Tee Higgins,19211,WR,CIN,55.85,8.8,42,72,,tee-higgins.php,,,97.6,,,,,,6.0,Tee Higgins,2026-07-31,CIN
/nfl/rankings/dynasty-superflex.php,dynasty-op,dsf,Tyler Warren,26434,TE,IND,56.65,7.02,39,69,,tyler-warren.php,,,98.2,,,,,,13.0,Tyler Warren,2026-07-31,IND
/nfl/rankings/dynasty-superflex.php,dynasty-op,dsf,Rashee Rice,23113,WR,KC,56.8,13.97,37,90,,rashee-rice.php,,,97.9,,,,,,5.0,Rashee Rice,2026-07-31,KCC
/nfl/rankings/dynasty-superflex.php,dynasty-op,dsf,Jaylen Waddle,19790,WR,DEN,57.05,7.34,40,69,,jaylen-waddle.php,,,95.7,,,,,,10.0,Jaylen Waddle,2026-07-31,DEN
/nfl/rankings/dynasty-superflex.php,dynasty-op,dsf,Rome Odunze,25411,WR,CHI,59.5,9.11,46,80,,rome-odunze.php,,,92.4,,,,,,10.0,Rome Odunze,2026-07-31,CHI
/nfl/rankings/dynasty-superflex.php,dynasty-op,dsf,Baker Mayfield,17237,QB,TB,60.0,12.95,24,78,,baker-mayfield.php,,,61.2,,,,,,10.0,Baker Mayfield,2026-07-31,TBB
/nfl/rankings/dynasty-superflex.php,dynasty-op,dsf,TreVeyon Henderson,23065,RB,NE,60.2,8.84,48,78,,treveyon-henderson.php,,,94.0,,,,,,11.0,TreVeyon Henderson,2026-07-31,NEP
/nfl/rankings/dynasty-superflex.php,dynasty-op,dsf,Cam Ward,24755,QB,TEN,61.5,12.1,37,87,,cam-ward.php,,,33.0,,,,,,9.0,Cam Ward,2026-07-31,TEN
/nfl/rankings/dynasty-superflex.php,dynasty-op,dsf,Quinshon Judkins,25391,RB,CLE,61.5,10.97,39,77,,quinshon-judkins.php,,,93.9,,,,,,11.0,Quinshon Judkins,2026-07-31,CLE
/nfl/rankings/dynasty-superflex.php,dynasty-op,dsf,Saquon Barkley,17240,RB,PHI,63.7,9.53,42,76,,saquon-barkley.php,,,99.4,,,,,,10.0,Saquon Barkley,2026-07-31,PHI
/nfl/rankings/dynasty-superflex.php,dynasty-op,dsf,Marvin Harrison Jr.,23064,WR,ARI,64.5,10.94,46,83,,marvin-harrison-jr.php,,,90.6,,,,,,14.0,Marvin Harrison,2026-07-31,ARI
/nfl/rankings/dynasty-superflex.php,dynasty-op,dsf,Tucker Kraft,25298,TE,GB,64.65,6.52,53,82,,tucker-kraft.php,,,93.8,,,,,,11.0,Tucker Kraft,2026-07-31,GBP
/nfl/rankings/dynasty-superflex.php,dynasty-op,dsf,C.J. Stroud,23071,QB,HOU,64.9,21.51,25,104,,cj-stroud.php,,,40.5,,,,,,8.0,CJ Stroud,2026-07-31,HOU
/nfl/rankings/dynasty-superflex.php,dynasty-op,dsf,Jameson Williams,23677,WR,DET,66.85,9.1,50,88,,jameson-williams.php,,,95.1,,,,,,6.0,Jameson Williams,2026-07-31,DET
/nfl/rankings/dynasty-superflex.php,dynasty-op,dsf,Christian McCaffrey,16393,RB,SF,67.2,9.59,41,79,,christian-mccaffrey.php,,,99.5,,,,,,8.0,Christian McCaffrey,2026-07-31,SFO
/nfl/rankings/dynasty-superflex.php,dynasty-op,dsf,Harold Fannin Jr.,27050,TE,CLE,67.35,5.8,59,86,,harold-fannin-jr.php,,,94.6,,,,,,11.0,Harold Fannin,2026-07-31,CLE
/nfl/rankings/dynasty-superflex.php,dynasty-op,dsf,Brian Thomas Jr.,23000,WR,JAC,69.55,10.41,48,84,,brian-thomas-jr.php,,,89.6,,,,,,7.0,Brian Thomas,2026-07-31,JAC
/nfl/rankings/dynasty-superflex.php,dynasty-op,dsf,Kyren Williams,23059,RB,LAR,70.5,7.8,58,89,,kyren-williams.php,,,98.1,,,,,,11.0,Kyren Williams,2026-07-31,LAR
/nfl/rankings/dynasty-superflex.php,dynasty-op,dsf,Tyler Shough,23096,QB,NO,70.65,14.57,50,96,,tyler-shough.php,,,56.2,,,,,,8.0,Tyler Shough,2026-07-31,NOS
/nfl/rankings/dynasty-superflex.php,dynasty-op,dsf,Sam LaPorta,22978,TE,DET,72.45,4.99,65,83,,sam-laporta.php,,,95.5,,,,,,6.0,Sam LaPorta,2026-07-31,DET
/nfl/rankings/dynasty-superflex.php,dynasty-op,dsf,Kyler Murray,18600,QB,MIN,73.75,13.77,56,103,,kyler-murray.php,,,73.3,,,,,,6.0,Kyler Murray,2026-07-31,MIN
/nfl/rankings/dynasty-superflex.php,dynasty-op,dsf,Travis Etienne Jr.,19231,RB,NO,74.15,5.72,58,84,,travis-etienne.php,,,96.1,,,,,,8.0,Travis Etienne,2026-07-31,NOS
/nfl/rankings/dynasty-superflex.php,dynasty-op,dsf,Kyle Pitts Sr.,20164,TE,ATL,74.9,9.73,63,102,,kyle-pitts.php,,,95.6,,,,,,11.0,Kyle Pitts,2026-07-31,ATL
/nfl/rankings/dynasty-superflex.php,dynasty-op,dsf,Cam Skattebo,27166,RB,NYG,77.65,7.37,59,95,,cam-skattebo.php,,,97.0,,,,,,8.0,Cam Skattebo,2026-07-31,NYG
/nfl/rankings/dynasty-superflex.php,dynasty-op,dsf,Christian Watson,23886,WR,GB,78.15,12.59,57,107,,christian-watson.php,,,91.6,,,,,,11.0,Christian Watson,2026-07-31,GBP
/nfl/rankings/dynasty-superflex.php,dynasty-op,dsf,Bucky Irving,25981,RB,TB,79.6,12.27,57,101,,bucky-irving.php,,,95.7,,,,,,10.0,Bucky Irving,2026-07-31,TBB
/nfl/rankings/dynasty-superflex.php,dynasty-op,dsf,KC Concepcion,27331,WR,CLE,80.35,12.8,57,113,,kevin-concepcion.php,,,68.0,,,,,,11.0,KC Concepcion,2026-07-31,CLE
/nfl/rankings/dynasty-superflex.php,dynasty-op,dsf,Javonte Williams,22739,RB,DAL,81.15,10.08,62,100,,javonte-williams.php,,,96.9,,,,,,14.0,Javonte Williams,2026-07-31,DAL
/nfl/rankings/dynasty-superflex.php,dynasty-op,dsf,Jadarian Price,27329,RB,SEA,82.2,7.95,64,93,,jadarian-price.php,,,91.3,,,,,,11.0,Jadarian Price,2026-07-31,SEA
/nfl/rankings/dynasty-superflex.php,dynasty-op,dsf,Sam Darnold,17236,QB,SEA,82.8,9.9,61,95,,sam-darnold.php,,,43.1,,,,,,11.0,Sam Darnold,2026-07-31,SEA
/nfl/rankings/dynasty-superflex.php,dynasty-op,dsf,Terry McLaurin,18466,WR,WAS,85.55,5.57,77,96,,terry-mclaurin.php,,,95.3,,,,,,7.0,Terry McLaurin,2026-07-31,WAS
/nfl/rankings/dynasty-superflex.php,dynasty-op,dsf,Malik Willis,23499,QB,MIA,86.05,20.9,44,135,,malik-willis.php,,,46.6,,,,,,6.0,Malik Willis,2026-07-31,MIA
/nfl/rankings/dynasty-superflex.php,dynasty-op,dsf,Alec Pierce,23791,WR,IND,86.8,9.57,68,110,,alec-pierce.php,,,90.3,,,,,,13.0,Alec Pierce,2026-07-31,IND
/nfl/rankings/dynasty-superflex.php,dynasty-op,dsf,Kenyon Sadiq,26055,TE,NYJ,87.3,13.24,74,122,,kenyon-sadiq.php,,,64.8,,,,,,13.0,Kenyon Sadiq,2026-07-31,NYJ
/nfl/rankings/dynasty-superflex.php,dynasty-op,dsf,DJ Moore,17265,WR,BUF,88.3,9.99,72,107,,dj-moore-wr.php,,,93.4,,,,,,7.0,DJ Moore,2026-07-31,BUF
/nfl/rankings/dynasty-superflex.php,dynasty-op,dsf,Matthew Stafford,9451,QB,LAR,92.55,11.46,71,116,,matthew-stafford.php,,,92.5,,,,,,11.0,Matthew Stafford,2026-07-31,LAR
/nfl/rankings/dynasty-superflex.php,dynasty-op,dsf,Derrick Henry,15514,RB,BAL,92.6,10.24,71,104,,derrick-henry.php,,,99.1,,,,,,13.0,Derrick Henry,2026-07-31,BAL
/nfl/rankings/dynasty-superflex.php,dynasty-op,dsf,Jordan Addison,23107,WR,MIN,94.35,9.2,79,112,,jordan-addison.php,,,84.0,,,,,,6.0,Jordan Addison,2026-07-31,MIN
/nfl/rankings/dynasty-superflex.php,dynasty-op,dsf,Bhayshul Tuten,27297,RB,JAC,94.65,10.73,74,111,,bhayshul-tuten.php,,,91.2,,,,,,7.0,Bhayshul Tuten,2026-07-31,JAC
/nfl/rankings/dynasty-superflex.php,dynasty-op,dsf,Josh Jacobs,18269,RB,GB,94.7,13.26,66,118,,josh-jacobs.php,,,98.7,,,,,,11.0,Josh Jacobs,2026-07-31,GBP
/nfl/rankings/dynasty-superflex.php,dynasty-op,dsf,Daniel Jones,18232,QB,IND,96.25,7.91,83,122,,daniel-jones.php,,,40.7,,,,,,13.0,Daniel Jones,2026-07-31,IND
/nfl/rankings/dynasty-superflex.php,dynasty-op,dsf,DK Metcalf,18219,WR,PIT,96.35,8.17,74,110,,dk-metcalf.php,,,92.2,,,,,,9.0,DK Metcalf,2026-07-31,PIT
/nfl/rankings/dynasty-superflex.php,dynasty-op,dsf,Bryce Young,22900,QB,CAR,96.35,12.95,75,137,,bryce-young.php,,,32.6,,,,,,5.0,Bryce Young,2026-07-31,CAR
/nfl/rankings/dynasty-superflex.php,dynasty-op,dsf,Omar Cooper Jr.,28127,WR,NYJ,97.2,14.25,76,125,,omar-cooper-jr.php,,,42.1,,,,,,13.0,Omar Cooper,2026-07-31,NYJ
/nfl/rankings/dynasty-superflex.php,dynasty-op,dsf,Eli Stowers,23144,TE,PHI,98.25,17.62,74,126,,eli-stowers.php,,,24.0,,,,,,10.0,Eli Stowers,2026-07-31,PHI
/nfl/rankings/dynasty-superflex.php,dynasty-op,dsf,Parker Washington,23106,WR,JAC,103.05,17.37,75,142,,parker-washington.php,,,88.4,,,,,,7.0,Parker Washington,2026-07-31,JAC
/nfl/rankings/dynasty-superflex.php,dynasty-op,dsf,D'Andre Swift,19210,RB,CHI,103.15,5.21,93,111,,dandre-swift.php,,,94.0,,,,,,10.0,DAndre Swift,2026-07-31,CHI
/nfl/rankings/dynasty-superflex.php,dynasty-op,dsf,Michael Wilson,25333,WR,ARI,103.65,11.04,78,129,,michael-wilson.php,,,86.6,,,,,,14.0,Michael Wilson,2026-07-31,ARI
/nfl/rankings/dynasty-superflex.php,dynasty-op,dsf,Wan'Dale Robinson,22985,WR,TEN,105.75,8.83,85,125,,wandale-robinson.php,,,77.3,,,,,,9.0,WanDale Robinson,2026-07-31,TEN
/nfl/rankings/dynasty-superflex.php,dynasty-op,dsf,Ty Simpson,25368,QB,LAR,106.9,14.21,91,140,,ty-simpson.php,,,15.3,,,,,,11.0,Ty Simpson,2026-07-31,LAR
/nfl/rankings/dynasty-superflex.php,dynasty-op,dsf,Oronde Gadsden II,25997,TE,LAC,108.1,17.94,82,141,,oronde-gadsden-ii.php,,,53.6,,,,,,7.0,Oronde Gadsden,2026-07-31,LAC
/nfl/rankings/dynasty-superflex.php,dynasty-op,dsf,Jayden Higgins,27077,WR,HOU,108.8,10.72,96,140,,jayden-higgins.php,,,50.1,,,,,,8.0,Jayden Higgins,2026-07-31,HOU
/nfl/rankings/dynasty-superflex.php,dynasty-op,dsf,Davante Adams,12123,WR,LAR,108.85,13.07,81,129,,davante-adams.php,,,97.3,,,,,,11.0,Davante Adams,2026-07-31,LAR
/nfl/rankings/dynasty-superflex.php,dynasty-op,dsf,Ricky Pearsall,26214,WR,SF,109.0,12.8,85,149,,ricky-pearsall.php,,,83.4,,,,,,8.0,Ricky Pearsall,2026-07-31,SFO
/nfl/rankings/dynasty-superflex.php,dynasty-op,dsf,Josh Downs,24706,WR,IND,109.35,9.62,87,133,,josh-downs.php,,,81.5,,,,,,13.0,Josh Downs,2026-07-31,IND
/nfl/rankings/dynasty-superflex.php,dynasty-op,dsf,David Montgomery,18239,RB,HOU,109.35,9.91,87,129,,david-montgomery.php,,,93.6,,,,,,8.0,David Montgomery,2026-07-31,HOU
/nfl/rankings/dynasty-superflex.php,dynasty-op,dsf,Dalton Kincaid,25247,TE,BUF,110.1,13.16,89,129,,dalton-kincaid.php,,,78.2,,,,,,7.0,Dalton Kincaid,2026-07-31,BUF
/nfl/rankings/dynasty-superflex.php,dynasty-op,dsf,Mike Evans,12119,WR,SF,110.85,6.85,99,122,,mike-evans.php,,,93.0,,,,,,8.0,Mike Evans,2026-07-31,SFO
/nfl/rankings/dynasty-superflex.php,dynasty-op,dsf,Michael Pittman Jr.,19278,WR,PIT,110.95,7.58,94,124,,michael-pittman.php,,,87.7,,,,,,9.0,Michael Pittman,2026-07-31,PIT
/nfl/rankings/dynasty-superflex.php,dynasty-op,dsf,Isaiah Likely,23781,TE,NYG,111.1,21.61,82,158,,isaiah-likely.php,,,86.6,,,,,,8.0,Isaiah Likely,2026-07-31,NYG
/nfl/rankings/dynasty-superflex.php,dynasty-op,dsf,Denzel Boston,27339,WR,CLE,113.25,11.44,95,135,,denzel-boston.php,,,36.7,,,,,,11.0,Denzel Boston,2026-07-31,CLE
/nfl/rankings/dynasty-superflex.php,dynasty-op,dsf,Courtland Sutton,17253,WR,DEN,114.3,9.71,91,131,,courtland-sutton.php,,,89.8,,,,,,10.0,Courtland Sutton,2026-07-31,DEN
/nfl/rankings/dynasty-superflex.php,dynasty-op,dsf,Xavier Worthy,23019,WR,KC,116.3,13.91,86,149,,xavier-worthy.php,,,77.2,,,,,,5.0,Xavier Worthy,2026-07-31,KCC
/nfl/rankings/dynasty-superflex.php,dynasty-op,dsf,Jake Ferguson,22718,TE,DAL,116.3,13.87,89,139,,jake-ferguson.php,,,89.6,,,,,,14.0,Jake Ferguson,2026-07-31,DAL
/nfl/rankings/dynasty-superflex.php,dynasty-op,dsf,RJ Harvey,27142,RB,DEN,116.75,10.82,97,144,,rj-harvey.php,,,88.1,,,,,,10.0,RJ Harvey,2026-07-31,DEN
/nfl/rankings/dynasty-superflex.php,dynasty-op,dsf,George Kittle,16499,TE,SF,117.55,14.32,89,134,,george-kittle.php,,,92.8,,,,,,8.0,George Kittle,2026-07-31,SFO
/nfl/rankings/dynasty-superflex.php,dynasty-op,dsf,Jayden Reed,23020,WR,GB,119.7,8.93,99,136,,jayden-reed.php,,,78.3,,,,,,11.0,Jayden Reed,2026-07-31,GBP
/nfl/rankings/dynasty-superflex.php,dynasty-op,dsf,Matthew Golden,26024,WR,GB,120.8,8.3,99,136,,matthew-golden.php,,,69.4,,,,,,11.0,Matthew Golden,2026-07-31,GBP
/nfl/rankings/dynasty-superflex.php,dynasty-op,dsf,Quentin Johnston,23123,WR,LAC,120.95,10.18,100,141,,quentin-johnston.php,,,82.4,,,,,,7.0,Quentin Johnston,2026-07-31,LAC
/nfl/rankings/dynasty-superflex.php,dynasty-op,dsf,Chris Godwin Jr.,16406,WR,TB,123.3,11.02,91,141,,chris-godwin.php,,,87.2,,,,,,10.0,Chris Godwin,2026-07-31,TBB
/nfl/rankings/dynasty-superflex.php,dynasty-op,dsf,Brenton Strange,25345,TE,JAC,124.85,15.94,89,156,,brenton-strange.php,,,50.4,,,,,,7.0,Brenton Strange,2026-07-31,JAC
/nfl/rankings/dynasty-superflex.php,dynasty-op,dsf,Jakobi Meyers,18598,WR,JAC,124.85,10.3,108,149,,jakobi-meyers.php,,,83.0,,,,,,7.0,Jakobi Meyers,2026-07-31,JAC
/nfl/rankings/dynasty-superflex.php,dynasty-op,dsf,Jaylen Warren,24209,RB,PIT,126.45,12.2,102,145,,jaylen-warren.php,,,91.2,,,,,,9.0,Jaylen Warren,2026-07-31,PIT
/nfl/rankings/dynasty-superflex.php,dynasty-op,dsf,Travis Hunter,26034,WR,JAC,128.35,22.19,80,166,,travis-hunter.php,,,67.3,,,,,,7.0,Travis Hunter,2026-07-31,JAC
/nfl/rankings/dynasty-superflex.php,dynasty-op,dsf,Antonio Williams,25418,WR,WAS,131.6,8.45,119,155,,antonio-williams-wr.php,,,28.8,,,,,,7.0,Antonio Williams,2026-07-31,WAS
/nfl/rankings/dynasty-superflex.php,dynasty-op,dsf,Blake Corum,23013,RB,LAR,132.1,16.74,101,159,,blake-corum.php,,,84.9,,,,,,11.0,Blake Corum,2026-07-31,LAR
/nfl/rankings/dynasty-superflex.php,dynasty-op,dsf,Kyle Monangai,27131,RB,CHI,132.35,15.42,107,165,,kyle-monangai.php,,,87.2,,,,,,10.0,Kyle Monangai,2026-07-31,CHI
/nfl/rankings/dynasty-superflex.php,dynasty-op,dsf,Zach Charbonnet,23152,RB,SEA,133.55,14.66,101,157,,zach-charbonnet.php,,,71.1,,,,,,11.0,Zach Charbonnet,2026-07-31,SEA
/nfl/rankings/dynasty-superflex.php,dynasty-op,dsf,Michael Penix Jr.,22973,QB,ATL,123.37,18.44,98,168,,michael-penix-jr.php,,,16.1,,,,,,11.0,Michael Penix,2026-07-31,ATL
/nfl/rankings/dynasty-superflex.php,dynasty-op,dsf,Jalen Coker,26403,WR,CAR,136.9,8.09,115,150,,jalen-coker.php,,,49.1,,,,,,5.0,Jalen Coker,2026-07-31,CAR
/nfl/rankings/dynasty-superflex.php,dynasty-op,dsf,Chuba Hubbard,19792,RB,CAR,137.3,17.87,98,167,,chuba-hubbard.php,,,90.3,,,,,,5.0,Chuba Hubbard,2026-07-31,CAR
/nfl/rankings/dynasty-superflex.php,dynasty-op,dsf,Romeo Doubs,23794,WR,NE,137.6,16.89,109,174,,romeo-doubs.php,,,69.0,,,,,,11.0,Romeo Doubs,2026-07-31,NEP
/nfl/rankings/dynasty-superflex.php,dynasty-op,dsf,Rhamondre Stevenson,22726,RB,NE,139.65,12.47,108,155,,rhamondre-stevenson.php,,,88.3,,,,,,11.0,Rhamondre Stevenson,2026-07-31,NEP
/nfl/rankings/dynasty-superflex.php,dynasty-op,dsf,Khalil Shakir,23748,WR,BUF,139.65,9.97,123,165,,khalil-shakir.php,,,67.1,,,,,,7.0,Khalil Shakir,2026-07-31,BUF
/nfl/rankings/dynasty-superflex.php,dynasty-op,dsf,Jonathon Brooks,26148,RB,CAR,140.05,17.98,113,172,,jonathon-brooks.php,,,76.0,,,,,,5.0,Jonathon Brooks,2026-07-31,CAR
/nfl/rankings/dynasty-superflex.php,dynasty-op,dsf,Chig Okonkwo,23982,TE,WAS,142.2,12.48,122,168,,chigoziem-okonkwo.php,,,42.9,,,,,,7.0,Chigoziem Okonkwo,2026-07-31,WAS
/nfl/rankings/dynasty-superflex.php,dynasty-op,dsf,Mark Andrews,17269,TE,BAL,146.9,13.87,121,174,,mark-andrews.php,,,84.3,,,,,,13.0,Mark Andrews,2026-07-31,BAL
/nfl/rankings/dynasty-superflex.php,dynasty-op,dsf,Rico Dowdle,19647,RB,PIT,147.5,9.64,121,168,,rico-dowdle.php,,,90.1,,,,,,9.0,Rico Dowdle,2026-07-31,PIT
/nfl/rankings/dynasty-superflex.php,dynasty-op,dsf,Jonah Coleman,27320,RB,DEN,149.3,20.09,113,193,,jonah-coleman.php,,,35.1,,,,,,10.0,Jonah Coleman,2026-07-31,DEN
/nfl/rankings/dynasty-superflex.php,dynasty-op,dsf,Dallas Goedert,17270,TE,PHI,149.85,18.46,124,200,,dallas-goedert.php,,,88.7,,,,,,10.0,Dallas Goedert,2026-07-31,PHI
/nfl/rankings/dynasty-superflex.php,dynasty-op,dsf,Tony Pollard,18705,RB,TEN,150.95,12.71,126,170,,tony-pollard.php,,,89.9,,,,,,9.0,Tony Pollard,2026-07-31,TEN
/nfl/rankings/dynasty-superflex.php,dynasty-op,dsf,Tua Tagovailoa,19198,QB,ATL,143.89,19.53,111,208,,tua-tagovailoa.php,,,22.4,,,,,,11.0,Tua Tagovailoa,2026-07-31,ATL
/nfl/rankings/dynasty-superflex.php,dynasty-op,dsf,De'Zhaun Stribling,28138,WR,SF,155.29,19.02,115,212,,dezhaun-stribling.php,,,21.4,,,,,,8.0,DeZhaun Stribling,2026-07-31,SFO
/nfl/rankings/dynasty-superflex.php,dynasty-op,dsf,AJ Barner,26335,TE,SEA,156.6,21.35,127,198,,aj-barner.php,,,30.3,,,,,,11.0,AJ Barner,2026-07-31,SEA
/nfl/rankings/dynasty-superflex.php,dynasty-op,dsf,Jalen McMillan,23179,WR,TB,156.65,20.56,132,210,,jalen-mcmillan.php,,,34.9,,,,,,10.0,Jalen McMillan,2026-07-31,TBB
/nfl/rankings/dynasty-superflex.php,dynasty-op,dsf,Tre' Harris,26215,WR,LAC,157.45,26.9,124,234,,tre-harris.php,,,18.9,,,,,,7.0,Tre Harris,2026-07-31,LAC
/nfl/rankings/dynasty-superflex.php,dynasty-op,dsf,Kenny Gainwell,23310,RB,TB,157.5,14.41,126,193,,kenneth-gainwell.php,,,84.7,,,,,,10.0,Kenny Gainwell,2026-07-31,TBB
/nfl/rankings/dynasty-superflex.php,dynasty-op,dsf,J.K. Dobbins,19245,RB,DEN,160.0,10.12,130,183,,jk-dobbins.php,,,87.8,,,,,,10.0,JK Dobbins,2026-07-31,DEN
/nfl/rankings/dynasty-superflex.php,dynasty-op,dsf,Travis Kelce,11594,TE,KC,163.9,17.74,132,194,,travis-kelce.php,,,90.9,,,,,,5.0,Travis Kelce,2026-07-31,KCC
/nfl/rankings/dynasty-superflex.php,dynasty-op,dsf,Chris Bell,26038,WR,MIA,140.89,12.29,123,172,,chris-bell.php,,,19.8,,,,,,6.0,Chris Bell,2026-07-31,MIA
/nfl/rankings/dynasty-superflex.php,dynasty-op,dsf,Jacory Croskey-Merritt,27316,RB,WAS,164.25,15.14,136,193,,jacory-croskeymerritt.php,,,78.5,,,,,,7.0,Jacory Croskey-Merritt,2026-07-31,WAS
/nfl/rankings/dynasty-superflex.php,dynasty-op,dsf,Germie Bernard,26039,WR,PIT,153.47,15.28,124,184,,germie-bernard.php,,,20.1,,,,,,9.0,Germie Bernard,2026-07-31,PIT
/nfl/rankings/dynasty-superflex.php,dynasty-op,dsf,Terrance Ferguson,23091,TE,LAR,164.4,20.71,125,215,,terrance-ferguson.php,,,22.1,,,,,,11.0,Terrance Ferguson,2026-07-31,LAR
/nfl/rankings/dynasty-superflex.php,dynasty-op,dsf,Juwan Johnson,19562,TE,NO,167.8,16.98,133,197,,juwan-johnson.php,,,47.1,,,,,,8.0,Juwan Johnson,2026-07-31,NOS
/nfl/rankings/dynasty-superflex.php,dynasty-op,dsf,Ted Hurst III,28130,WR,TB,167.88,23.38,136,230,,ted-hurst.php,,,17.3,,,,,,10.0,Ted Hurst,2026-07-31,TBB
/nfl/rankings/dynasty-superflex.php,dynasty-op,dsf,Rachaad White,23891,RB,WAS,168.65,12.92,140,195,,rachaad-white.php,,,80.6,,,,,,7.0,Rachaad White,2026-07-31,WAS
/nfl/rankings/dynasty-superflex.php,dynasty-op,dsf,T.J. Hockenson,18290,TE,MIN,171.8,17.74,139,196,,tj-hockenson.php,,,56.3,,,,,,6.0,TJ Hockenson,2026-07-31,MIN
/nfl/rankings/dynasty-superflex.php,dynasty-op,dsf,Tyler Allgeier,24172,RB,ARI,172.1,14.18,151,203,,tyler-allgeier.php,,,47.8,,,,,,14.0,Tyler Allgeier,2026-07-31,ARI
/nfl/rankings/dynasty-superflex.php,dynasty-op,dsf,Woody Marks,27520,RB,HOU,173.2,14.59,135,199,,woody-marks.php,,,58.6,,,,,,8.0,Woody Marks,2026-07-31,HOU
/nfl/rankings/dynasty-superflex.php,dynasty-op,dsf,Jauan Jennings,19590,WR,MIN,164.63,18.87,137,209,,jauan-jennings.php,,,36.2,,,,,,6.0,Jauan Jennings,2026-07-31,MIN
/nfl/rankings/dynasty-superflex.php,dynasty-op,dsf,Nicholas Singleton,24343,RB,TEN,175.25,22.31,142,226,,nick-singleton.php,,,25.7,,,,,,9.0,Nicholas Singleton,2026-07-31,TEN
/nfl/rankings/dynasty-superflex.php,dynasty-op,dsf,Tyrone Tracy Jr.,22980,RB,NYG,176.0,15.8,146,205,,tyrone-tracy-jr.php,,,43.8,,,,,,8.0,Tyrone Tracy,2026-07-31,NYG
/nfl/rankings/dynasty-superflex.php,dynasty-op,dsf,Rashid Shaheed,24687,WR,SEA,157.44,14.66,130,192,,rashid-shaheed.php,,,46.7,,,,,,11.0,Rashid Shaheed,2026-07-31,SEA
/nfl/rankings/dynasty-superflex.php,dynasty-op,dsf,Jordan Mason,22969,RB,MIN,180.75,12.44,159,198,,jordan-mason.php,,,71.9,,,,,,6.0,Jordan Mason,2026-07-31,MIN
/nfl/rankings/dynasty-superflex.php,dynasty-op,dsf,Jaylin Noel,27122,WR,HOU,162.94,22.45,128,218,,jaylin-noel.php,,,13.8,,,,,,8.0,Jaylin Noel,2026-07-31,HOU
/nfl/rankings/dynasty-superflex.php,dynasty-op,dsf,Dylan Sampson,27102,RB,CLE,185.1,14.11,165,216,,dylan-sampson.php,,,28.3,,,,,,11.0,Dylan Sampson,2026-07-31,CLE
/nfl/rankings/dynasty-superflex.php,dynasty-op,dsf,Emmett Johnson,28107,RB,KC,185.15,16.32,149,213,,emmett-johnson.php,,,27.0,,,,,,5.0,Emmett Johnson,2026-07-31,KCC
/nfl/rankings/dynasty-superflex.php,dynasty-op,dsf,Gunnar Helm,27109,TE,TEN,186.1,18.74,158,221,,gunnar-helm.php,,,20.8,,,,,,9.0,Gunnar Helm,2026-07-31,TEN
/nfl/rankings/dynasty-superflex.php,dynasty-op,dsf,Oscar Delp,25430,TE,NO,187.2,30.63,132,258,,oscar-delp.php,,,6.4,,,,,,8.0,Oscar Delp,2026-07-31,NOS
/nfl/rankings/dynasty-superflex.php,dynasty-op,dsf,Hunter Henry,15561,TE,NE,187.2,23.28,153,251,,hunter-henry.php,,,64.5,,,,,,11.0,Hunter Henry,2026-07-31,NEP
/nfl/rankings/dynasty-superflex.php,dynasty-op,dsf,Chris Rodriguez Jr.,22986,RB,JAC,187.85,19.16,151,232,,chris-rodriguez-jr.php,,,45.3,,,,,,7.0,Chris Rodriguez,2026-07-31,JAC
/nfl/rankings/dynasty-superflex.php,dynasty-op,dsf,Elijah Sarratt,27463,WR,BAL,171.72,24.14,134,227,,elijah-sarratt.php,,,16.3,,,,,,13.0,Elijah Sarratt,2026-07-31,BAL
/nfl/rankings/dynasty-superflex.php,dynasty-op,dsf,Stefon Diggs,13981,WR,FA,173.61,18.37,144,212,,stefon-diggs.php,,,52.3,,,,,,,Stefon Diggs,2026-07-31,FA
/nfl/rankings/dynasty-superflex.php,dynasty-op,dsf,Eli Raridon,28154,TE,NE,188.47,31.41,128,266,,eli-raridon.php,,,5.1,,,,,,11.0,Eli Raridon,2026-07-31,NEP
/nfl/rankings/dynasty-superflex.php,dynasty-op,dsf,Troy Franklin,23092,WR,DEN,190.42,25.24,153,243,,troy-franklin.php,,,16.6,,,,,,10.0,Troy Franklin,2026-07-31,DEN
/nfl/rankings/dynasty-superflex.php,dynasty-op,dsf,Max Klare,27993,TE,LAR,192.68,26.53,134,253,,max-klare.php,,,11.3,,,,,,11.0,Max Klare,2026-07-31,LAR
/nfl/rankings/dynasty-superflex.php,dynasty-op,dsf,Adonai Mitchell,24357,WR,NYJ,183.33,16.38,154,217,,adonai-mitchell.php,,,21.1,,,,,,13.0,Adonai Mitchell,2026-07-31,NYJ
/nfl/rankings/dynasty-superflex.php,dynasty-op,dsf,Tyjae Spears,25323,RB,TEN,202.9,22.36,169,247,,tyjae-spears.php,,,51.1,,,,,,9.0,Tyjae Spears,2026-07-31,TEN
/nfl/rankings/dynasty-superflex.php,dynasty-op,dsf,Aaron Jones Sr.,16673,RB,MIN,194.68,14.81,169,218,,aaron-jones.php,,,85.9,,,,,,6.0,Aaron Jones,2026-07-31,MIN
/nfl/rankings/dynasty-superflex.php,dynasty-op,dsf,Mason Taylor,26005,TE,NYJ,205.9,33.77,159,297,,mason-taylor.php,,,14.8,,,,,,13.0,Mason Taylor,2026-07-31,NYJ
/nfl/rankings/dynasty-superflex.php,dynasty-op,dsf,Tank Bigsby,22908,RB,PHI,206.5,16.63,171,233,,tank-bigsby.php,,,30.6,,,,,,10.0,Tank Bigsby,2026-07-31,PHI
/nfl/rankings/dynasty-superflex.php,dynasty-op,dsf,Kaytron Allen,24362,RB,WAS,198.37,25.01,152,257,,kaytron-allen.php,,,21.4,,,,,,7.0,Kaytron Allen,2026-07-31,WAS
/nfl/rankings/dynasty-superflex.php,dynasty-op,dsf,Zachariah Branch,25419,WR,ATL,188.78,31.76,154,266,,zachariah-branch.php,,,22.7,,,,,,11.0,Zachariah Branch,2026-07-31,ATL
/nfl/rankings/dynasty-superflex.php,dynasty-op,dsf,Malachi Fields,27994,WR,NYG,190.39,23.43,153,255,,malachi-fields.php,,,17.1,,,,,,8.0,Malachi Fields,2026-07-31,NYG
/nfl/rankings/dynasty-superflex.php,dynasty-op,dsf,Shedeur Sanders,25968,QB,CLE,155.87,24.83,138,242,,shedeur-sanders.php,,,17.7,,,,,,11.0,Shedeur Sanders,2026-07-31,CLE
/nfl/rankings/dynasty-superflex.php,dynasty-op,dsf,J.J. McCarthy,23018,QB,MIN,142.29,16.37,106,178,,jj-mccarthy.php,,,13.2,,,,,,6.0,JJ McCarthy,2026-07-31,MIN
/nfl/rankings/dynasty-superflex.php,dynasty-op,dsf,Jerry Jeudy,19201,WR,CLE,183.76,17.51,157,240,,jerry-jeudy.php,,,34.6,,,,,,11.0,Jerry Jeudy,2026-07-31,CLE
/nfl/rankings/dynasty-superflex.php,dynasty-op,dsf,Isiah Pacheco,24333,RB,DET,213.4,21.68,176,274,,isiah-pacheco.php,,,54.5,,,,,,6.0,Isiah Pacheco,2026-07-31,DET
/nfl/rankings/dynasty-superflex.php,dynasty-op,dsf,Greg Dulcich,23153,TE,MIA,206.21,29.76,162,281,,greg-dulcich.php,,,20.5,,,,,,6.0,Greg Dulcich,2026-07-31,MIA
/nfl/rankings/dynasty-superflex.php,dynasty-op,dsf,Kayshon Boutte,22989,WR,NE,187.06,17.9,161,228,,kayshon-boutte.php,,,21.6,,,,,,11.0,Kayshon Boutte,2026-07-31,NEP
/nfl/rankings/dynasty-superflex.php,dynasty-op,dsf,Pat Bryant,27211,WR,DEN,189.41,19.43,160,237,,pat-bryant.php,,,14.4,,,,,,10.0,Pat Bryant,2026-07-31,DEN
/nfl/rankings/dynasty-superflex.php,dynasty-op,dsf,Skyler Bell,28126,WR,BUF,189.88,23.54,160,246,,skyler-bell.php,,,13.8,,,,,,7.0,Skyler Bell,2026-07-31,BUF
/nfl/rankings/dynasty-superflex.php,dynasty-op,dsf,Dalton Schultz,17349,TE,HOU,200.0,26.08,155,248,,dalton-schultz.php,,,32.5,,,,,,8.0,Dalton Schultz,2026-07-31,HOU
/nfl/rankings/dynasty-superflex.php,dynasty-op,dsf,Cade Otton,23181,TE,TB,209.37,18.53,174,254,,cade-otton.php,,,23.2,,,,,,10.0,Cade Otton,2026-07-31,TBB
/nfl/rankings/dynasty-superflex.php,dynasty-op,dsf,David Njoku,16399,TE,LAC,210.84,16.56,175,245,,david-njoku.php,,,25.1,,,,,,7.0,David Njoku,2026-07-31,LAC
/nfl/rankings/dynasty-superflex.php,dynasty-op,dsf,Jack Bech,27224,WR,LV,201.94,23.92,146,251,,jack-bech.php,,,12.2,,,,,,13.0,Jack Bech,2026-07-31,LVR
/nfl/rankings/dynasty-superflex.php,dynasty-op,dsf,Isaac TeSlaa,27446,WR,DET,192.24,17.27,158,216,,isaac-teslaa.php,,,22.5,,,,,,6.0,Isaac TeSlaa,2026-07-31,DET
/nfl/rankings/dynasty-superflex.php,dynasty-op,dsf,Braelon Allen,24346,RB,NYJ,212.42,30.24,179,300,,braelon-allen.php,,,25.5,,,,,,13.0,Braelon Allen,2026-07-31,NYJ
/nfl/rankings/dynasty-superflex.php,dynasty-op,dsf,Mike Washington Jr.,28108,RB,LV,205.83,25.65,178,275,,mike-washington-jr.php,,,25.7,,,,,,13.0,Mike Washington,2026-07-31,LVR
/nfl/rankings/dynasty-superflex.php,dynasty-op,dsf,Tank Dell,25361,WR,HOU,207.78,19.92,177,237,,nathaniel-dell.php,,,24.0,,,,,,8.0,Tank Dell,2026-07-31,HOU
/nfl/rankings/dynasty-superflex.php,dynasty-op,dsf,Brian Robinson Jr.,20094,RB,ATL,217.11,20.1,186,262,,brian-robinson-jr.php,,,37.2,,,,,,11.0,Brian Robinson,2026-07-31,ATL
/nfl/rankings/dynasty-superflex.php,dynasty-op,dsf,Pat Freiermuth,20163,TE,PIT,208.78,17.24,174,248,,pat-freiermuth.php,,,20.2,,,,,,9.0,Pat Freiermuth,2026-07-31,PIT
/nfl/rankings/dynasty-superflex.php,dynasty-op,dsf,Jalen Nailor,24177,WR,LV,200.82,35.52,153,318,,jalen-nailor.php,,,31.0,,,,,,13.0,Jalen Nailor,2026-07-31,LVR
/nfl/rankings/dynasty-superflex.php,dynasty-op,dsf,Chimere Dike,27315,WR,TEN,210.44,16.62,189,256,,chimere-dike.php,,,14.7,,,,,,9.0,Chimere Dike,2026-07-31,TEN
/nfl/rankings/dynasty-superflex.php,dynasty-op,dsf,Chris Brazzell II,28047,WR,CAR,192.94,23.13,163,250,,chris-brazzell-ii.php,,,14.4,,,,,,5.0,Chris Brazzell,2026-07-31,CAR
/nfl/rankings/dynasty-superflex.php,dynasty-op,dsf,Brandon Aiyuk,19252,WR,SF,181.8,35.47,118,244,,brandon-aiyuk.php,,,27.2,,,,,,8.0,Brandon Aiyuk,2026-07-31,SFO
/nfl/rankings/dynasty-superflex.php,dynasty-op,dsf,Keaton Mitchell,25360,RB,LAC,204.65,20.55,179,264,,keaton-mitchell.php,,,33.4,,,,,,7.0,Keaton Mitchell,2026-07-31,LAC
/nfl/rankings/dynasty-superflex.php,dynasty-op,dsf,Kaleb Johnson,27165,RB,PIT,222.79,20.77,184,268,,kaleb-johnson-rb.php,,,10.5,,,,,,9.0,Kaleb Johnson,2026-07-31,PIT
/nfl/rankings/dynasty-superflex.php,dynasty-op,dsf,Elic Ayomanor,27059,WR,TEN,207.88,27.09,168,265,,elic-ayomanor.php,,,11.1,,,,,,9.0,Elic Ayomanor,2026-07-31,TEN
/nfl/rankings/dynasty-superflex.php,dynasty-op,dsf,Ja'Kobi Lane,27337,WR,BAL,200.56,26.81,153,251,,jakobi-lane.php,,,19.6,,,,,,13.0,JaKobi Lane,2026-07-31,BAL
/nfl/rankings/dynasty-superflex.php,dynasty-op,dsf,Deebo Samuel Sr.,18244,WR,SF,201.94,26.82,144,257,,deebo-samuel.php,,,32.6,,,,,,8.0,Deebo Samuel,2026-07-31,SFO
/nfl/rankings/dynasty-superflex.php,dynasty-op,dsf,Demond Claiborne,28084,RB,MIN,223.78,25.97,186,293,,demond-claiborne.php,,,16.0,,,,,,6.0,Demond Claiborne,2026-07-31,MIN
/nfl/rankings/dynasty-superflex.php,dynasty-op,dsf,Keon Coleman,26019,WR,BUF,225.17,19.69,179,272,,keon-coleman.php,,,11.8,,,,,,7.0,Keon Coleman,2026-07-31,BUF
/nfl/rankings/dynasty-superflex.php,dynasty-op,dsf,Kimani Vidal,26355,RB,LAC,227.06,16.66,196,270,,kimani-vidal.php,,,18.2,,,,,,7.0,Kimani Vidal,2026-07-31,LAC
/nfl/rankings/dynasty-superflex.php,dynasty-op,dsf,Tory Horton,26022,WR,SEA,209.44,41.79,151,345,,tory-horton.php,,,13.3,,,,,,11.0,Tory Horton,2026-07-31,SEA
/nfl/rankings/dynasty-superflex.php,dynasty-op,dsf,Ryan Flournoy,26398,WR,DAL,221.71,26.92,176,292,,ryan-flournoy.php,,,17.7,,,,,,14.0,Ryan Flournoy,2026-07-31,DAL
/nfl/rankings/dynasty-superflex.php,dynasty-op,dsf,Dontayvion Wicks,24354,WR,PHI,212.63,15.38,184,241,,dontayvion-wicks.php,,,12.2,,,,,,10.0,Dontayvion Wicks,2026-07-31,PHI
/nfl/rankings/dynasty-superflex.php,dynasty-op,dsf,Malik Washington,26314,WR,MIA,226.71,17.83,191,251,,malik-washington.php,,,19.6,,,,,,6.0,Malik Washington,2026-07-31,MIA
/nfl/rankings/dynasty-superflex.php,dynasty-op,dsf,Kyle Williams,27487,WR,NE,221.06,14.08,191,242,,kyle-williams-wr-2025.php,,,7.4,,,,,,11.0,Kyle Williams,2026-07-31,NEP
/nfl/rankings/dynasty-superflex.php,dynasty-op,dsf,Ollie Gordon II,25984,RB,MIA,239.39,23.63,220,311,,ollie-gordon.php,,,4.5,,,,,,6.0,Ollie Gordon,2026-07-31,MIA
/nfl/rankings/dynasty-superflex.php,dynasty-op,dsf,Alvin Kamara,16421,RB,NO,223.63,22.94,177,265,,alvin-kamara.php,,,54.0,,,,,,8.0,Alvin Kamara,2026-07-31,NOS
/nfl/rankings/dynasty-superflex.php,dynasty-op,dsf,Ray Davis,26191,RB,BUF,240.61,14.05,213,275,,ray-davis.php,,,18.1,,,,,,7.0,Ray Davis,2026-07-31,BUF
/nfl/rankings/dynasty-superflex.php,dynasty-op,dsf,Calvin Ridley,17258,WR,TEN,224.81,30.52,147,297,,calvin-ridley.php,,,24.2,,,,,,9.0,Calvin Ridley,2026-07-31,TEN
/nfl/rankings/dynasty-superflex.php,dynasty-op,dsf,Geno Smith,11687,QB,NYJ,159.64,22.08,143,223,,geno-smith.php,,,19.5,,,,,,13.0,Geno Smith,2026-07-31,NYJ
/nfl/rankings/dynasty-superflex.php,dynasty-op,dsf,Emanuel Wilson,25885,RB,SEA,244.39,24.22,216,306,,emanuel-wilson.php,,,17.2,,,,,,11.0,Emanuel Wilson,2026-07-31,SEA
/nfl/rankings/dynasty-superflex.php,dynasty-op,dsf,Sean Tucker,23679,RB,TB,245.06,23.54,205,295,,sean-tucker.php,,,19.4,,,,,,10.0,Sean Tucker,2026-07-31,TBB
/nfl/rankings/dynasty-superflex.php,dynasty-op,dsf,Tre Tucker,25337,WR,LV,230.63,22.7,180,274,,tre-tucker.php,,,25.3,,,,,,13.0,Tre Tucker,2026-07-31,LVR
/nfl/rankings/dynasty-superflex.php,dynasty-op,dsf,Aaron Rodgers,9001,QB,PIT,166.64,38.21,106,250,,aaron-rodgers.php,,,22.4,,,,,,9.0,Aaron Rodgers,2026-07-31,PIT
/nfl/rankings/dynasty-superflex.php,dynasty-op,dsf,MarShawn Lloyd,23118,RB,GB,243.06,22.43,187,274,,marshawn-lloyd.php,,,10.7,,,,,,11.0,MarShawn Lloyd,2026-07-31,GBP
/nfl/rankings/dynasty-superflex.php,dynasty-op,dsf,Darnell Mooney,19810,WR,NYG,225.93,14.02,199,255,,darnell-mooney.php,,,17.2,,,,,,8.0,Darnell Mooney,2026-07-31,NYG
/nfl/rankings/dynasty-superflex.php,dynasty-op,dsf,Trey Benson,25388,RB,ARI,244.47,28.55,186,289,,trey-benson.php,,,15.3,,,,,,14.0,Trey Benson,2026-07-31,ARI
/nfl/rankings/dynasty-superflex.php,dynasty-op,dsf,James Conner,16447,RB,ARI,251.67,24.84,205,305,,james-conner.php,,,29.4,,,,,,14.0,James Conner,2026-07-31,ARI
/nfl/rankings/dynasty-superflex.php,dynasty-op,dsf,Bryce Lance,28129,WR,NO,218.57,24.54,178,247,,bryce-lance.php,,,4.0,,,,,,8.0,Bryce Lance,2026-07-31,NOS
/nfl/rankings/dynasty-superflex.php,dynasty-op,dsf,Tyreek Hill,15802,WR,FA,223.0,20.79,178,252,,tyreek-hill.php,,,31.9,,,,,,,Tyreek Hill,2026-07-31,FA
/nfl/rankings/dynasty-superflex.php,dynasty-op,dsf,Kaelon Black,28401,RB,SF,233.07,26.77,195,288,,kaelon-black.php,,,13.2,,,,,,8.0,Kaelon Black,2026-07-31,SFO
/nfl/rankings/dynasty-superflex.php,dynasty-op,dsf,Jacoby Brissett,15642,QB,ARI,164.7,29.71,138,245,,jacoby-brissett.php,,,25.9,,,,,,14.0,Jacoby Brissett,2026-07-31,ARI
/nfl/rankings/dynasty-superflex.php,dynasty-op,dsf,Rashod Bateman,19794,WR,BAL,234.13,18.26,208,282,,rashod-bateman.php,,,10.2,,,,,,13.0,Rashod Bateman,2026-07-31,BAL
/nfl/rankings/dynasty-superflex.php,dynasty-op,dsf,Elijah Arroyo,23004,TE,SEA,219.62,27.42,187,260,,elijah-arroyo.php,,,7.1,,,,,,11.0,Elijah Arroyo,2026-07-31,SEA
/nfl/rankings/dynasty-superflex.php,dynasty-op,dsf,Justin Joly,28079,TE,DEN,223.0,36.54,174,298,,justin-joly.php,,,11.0,,,,,,10.0,Justin Joly,2026-07-31,DEN
/nfl/rankings/dynasty-superflex.php,dynasty-op,dsf,Jaylen Wright,25987,RB,MIA,251.63,22.9,211,315,,jaylen-wright.php,,,13.1,,,,,,6.0,Jaylen Wright,2026-07-31,MIA
/nfl/rankings/dynasty-superflex.php,dynasty-op,dsf,Devin Neal,23682,RB,NO,259.59,20.03,219,295,,devin-neal.php,,,7.8,,,,,,8.0,Devin Neal,2026-07-31,NOS
/nfl/rankings/dynasty-superflex.php,dynasty-op,dsf,Marvin Mims Jr.,23080,WR,DEN,237.29,21.78,199,279,,marvin-mims.php,,,10.5,,,,,,10.0,Marvin Mims,2026-07-31,DEN
/nfl/rankings/dynasty-superflex.php,dynasty-op,dsf,Jaydon Blue,24344,RB,DAL,255.5,16.59,221,283,,jaydon-blue.php,,,13.1,,,,,,14.0,Jaydon Blue,2026-07-31,DAL
/nfl/rankings/dynasty-superflex.php,dynasty-op,dsf,Tez Johnson,27147,WR,TB,251.4,25.07,224,323,,tez-johnson.php,,,2.2,,,,,,10.0,Tez Johnson,2026-07-31,TBB
/nfl/rankings/dynasty-superflex.php,dynasty-op,dsf,Michael Mayer,23056,TE,LV,233.0,16.3,204,257,,michael-mayer.php,,,11.5,,,,,,13.0,Michael Mayer,2026-07-31,LVR
/nfl/rankings/dynasty-superflex.php,dynasty-op,dsf,Theo Johnson,23104,TE,NYG,233.08,20.54,200,272,,theo-johnson.php,,,14.9,,,,,,8.0,Theo Johnson,2026-07-31,NYG
/nfl/rankings/dynasty-superflex.php,dynasty-op,dsf,Mac Jones,20156,QB,SF,174.89,40.67,137,250,,mac-jones.php,,,10.8,,,,,,8.0,Mac Jones,2026-07-31,SFO
/nfl/rankings/dynasty-superflex.php,dynasty-op,dsf,Adam Randall,24367,RB,BAL,257.27,22.1,212,298,,adam-randall.php,,,5.3,,,,,,13.0,Adam Randall,2026-07-31,BAL
/nfl/rankings/dynasty-superflex.php,dynasty-op,dsf,Anthony Richardson Sr.,24347,QB,IND,159.25,36.81,118,238,,anthony-richardson.php,,,11.1,,,,,,13.0,Anthony Richardson,2026-07-31,IND
/nfl/rankings/dynasty-superflex.php,dynasty-op,dsf,Jordan James,27310,RB,SF,260.6,21.06,209,304,,jordan-james.php,,,15.1,,,,,10.0,8.0,Jordan James,2026-07-31,SFO
/nfl/rankings/dynasty-superflex.php,dynasty-op,dsf,Christian Kirk,17268,WR,SF,254.36,29.09,206,304,,christian-kirk.php,,,13.0,,,,,,8.0,Christian Kirk,2026-07-31,SFO
/nfl/rankings/dynasty-superflex.php,dynasty-op,dsf,Xavier Legette,26136,WR,CAR,251.38,12.89,238,283,,xavier-legette.php,,,2.7,,,,,,5.0,Xavier Legette,2026-07-31,CAR
/nfl/rankings/dynasty-superflex.php,dynasty-op,dsf,Isaiah Davis,25977,RB,NYJ,268.6,13.95,255,305,,isaiah-davis.php,,,4.1,,,,,,13.0,Isaiah Davis,2026-07-31,NYJ
/nfl/rankings/dynasty-superflex.php,dynasty-op,dsf,Jarquez Hunter,24335,RB,LAR,275.25,19.4,255,317,,jarquez-hunter.php,,,5.3,,,,,,11.0,Jarquez Hunter,2026-07-31,LAR
/nfl/rankings/dynasty-superflex.php,dynasty-op,dsf,DJ Giddens,27097,RB,IND,270.6,14.34,255,297,,dj-giddens.php,,,3.8,,,,,,13.0,DJ Giddens,2026-07-31,IND
/nfl/rankings/dynasty-superflex.php,dynasty-op,dsf,Kevin Coleman Jr.,28067,WR,MIA,235.82,16.86,196,262,,kevin-coleman-jr.php,,,2.6,,,,,,6.0,Kevin Coleman,2026-07-31,MIA
/nfl/rankings/dynasty-superflex.php,dynasty-op,dsf,Brashard Smith,27259,RB,KC,279.81,23.44,253,331,,brashard-smith.php,,,6.0,,,,,,5.0,Brashard Smith,2026-07-31,KCC
/nfl/rankings/dynasty-superflex.php,dynasty-op,dsf,Seth McGowan,23079,RB,IND,267.64,26.66,235,336,,seth-mcgowan.php,,,3.4,,,,,,13.0,Seth McGowan,2026-07-31,IND
/nfl/rankings/dynasty-superflex.php,dynasty-op,dsf,Cedric Tillman,25287,WR,CLE,262.15,25.98,234,315,,cedric-tillman.php,,,1.1,,,,,,11.0,Cedric Tillman,2026-07-31,CLE
/nfl/rankings/dynasty-superflex.php,dynasty-op,dsf,DeMario Douglas,25304,WR,NE,253.83,23.27,227,298,,demario-douglas.php,,,5.5,,,,,,11.0,Demario Douglas,2026-07-31,NEP
/nfl/rankings/dynasty-superflex.php,dynasty-op,dsf,Cooper Kupp,16433,WR,SEA,264.54,30.31,229,326,,cooper-kupp.php,,,16.9,,,,,,11.0,Cooper Kupp,2026-07-31,SEA
/nfl/rankings/dynasty-superflex.php,dynasty-op,dsf,Najee Harris,19302,RB,LAC,265.0,14.53,241,301,,najee-harris-rb.php,,,8.7,,,,,,7.0,Najee Harris,2026-07-31,LAC
/nfl/rankings/dynasty-superflex.php,dynasty-op,dsf,Isaiah Bond,24371,WR,CLE,273.29,32.57,241,330,,isaiah-bond.php,,,3.0,,,,,,11.0,Isaiah Bond,2026-07-31,CLE
/nfl/rankings/dynasty-superflex.php,dynasty-op,dsf,Hollywood Brown,18226,WR,PHI,267.15,35.75,231,333,,marquise-brown.php,,,5.7,,,,,,10.0,Marquise Brown,2026-07-31,PHI
/nfl/rankings/dynasty-superflex.php,dynasty-op,dsf,Kendre Miller,24360,RB,NO,283.27,27.65,254,331,,kendre-miller.php,,,5.6,,,,,,8.0,Kendre Miller,2026-07-31,NOS
/nfl/rankings/dynasty-superflex.php,dynasty-op,dsf,Brenen Thompson,28133,WR,LAC,239.2,13.64,222,263,,brenen-thompson.php,,,3.8,,,,,,7.0,Brenen Thompson,2026-07-31,LAC
/nfl/rankings/dynasty-superflex.php,dynasty-op,dsf,Devaughn Vele,26409,WR,NO,271.46,34.73,232,336,,devaughn-vele.php,,,8.9,,,,,,8.0,Devaughn Vele,2026-07-31,NOS
/nfl/rankings/dynasty-superflex.php,dynasty-op,dsf,Isaac Guerendo,26392,RB,SF,290.44,25.29,261,346,,isaac-guerendo.php,,,1.6,,,,,,8.0,Isaac Guerendo,2026-07-31,SFO
/nfl/rankings/dynasty-superflex.php,dynasty-op,dsf,Tahj Brooks,26212,RB,CIN,281.0,17.6,260,321,,tahj-brooks.php,,,1.6,,,,,,6.0,Tahj Brooks,2026-07-31,CIN
/nfl/rankings/dynasty-superflex.php,dynasty-op,dsf,Chris Brooks,25823,RB,GB,275.77,32.99,229,368,,christopher-brooks.php,,,8.3,,,,,,11.0,Chris Brooks,2026-07-31,GBP
/nfl/rankings/dynasty-superflex.php,dynasty-op,dsf,Mike Gesicki,17272,TE,CIN,263.82,20.48,231,301,,mike-gesicki.php,,,13.4,,,,,,6.0,Mike Gesicki,2026-07-31,CIN
/nfl/rankings/dynasty-superflex.php,dynasty-op,dsf,Trevor Etienne,25393,RB,CAR,280.77,14.96,263,306,,trevor-etienne.php,,,1.9,,,,,,5.0,Trevor Etienne,2026-07-31,CAR
/nfl/rankings/dynasty-superflex.php,dynasty-op,dsf,Carson Beck,22953,QB,ARI,175.17,47.94,138,279,,carson-beck.php,,,12.3,,,,,,14.0,Carson Beck,2026-07-31,ARI
/nfl/rankings/dynasty-superflex.php,dynasty-op,dsf,Eli Heidenreich,28297,RB,PIT,265.18,25.6,230,330,,eli-heidenreich.php,,,2.0,,,,,,9.0,Eli Heidenreich,2026-07-31,PIT
/nfl/rankings/dynasty-superflex.php,dynasty-op,dsf,LeQuint Allen Jr.,27285,RB,JAC,288.86,21.64,259,322,,lequint-allen-jr.php,,,6.9,,,,,,7.0,LeQuint Allen,2026-07-31,JAC
/nfl/rankings/dynasty-superflex.php,dynasty-op,dsf,Ben Sinnott,26310,TE,WAS,267.91,22.01,242,311,,ben-sinnott.php,,,1.9,,,,,,7.0,Ben Sinnott,2026-07-31,WAS
/nfl/rankings/dynasty-superflex.php,dynasty-op,dsf,Darnell Washington,22967,TE,PIT,259.9,31.48,211,318,,darnell-washington.php,,,12.5,,,,,,9.0,Darnell Washington,2026-07-31,PIT
/nfl/rankings/dynasty-superflex.php,dynasty-op,dsf,Jalen Royals,27076,WR,KC,260.8,22.47,215,303,,jalen-royals.php,,,1.9,,,,,,5.0,Jalen Royals,2026-07-31,KCC
/nfl/rankings/dynasty-superflex.php,dynasty-op,dsf,Evan Engram,16411,TE,DEN,271.91,20.72,243,321,,evan-engram.php,,,12.9,,,,,,10.0,Evan Engram,2026-07-31,DEN
/nfl/rankings/dynasty-superflex.php,dynasty-op,dsf,Will Shipley,22930,RB,PHI,287.38,22.99,264,342,,will-shipley.php,,,1.4,,,,,,10.0,Will Shipley,2026-07-31,PHI
/nfl/rankings/dynasty-superflex.php,dynasty-op,dsf,Deshaun Watson,16398,QB,CLE,189.83,49.27,137,282,,deshaun-watson.php,,,16.9,,,,,,11.0,Deshaun Watson,2026-07-31,CLE
/nfl/rankings/dynasty-superflex.php,dynasty-op,dsf,Colby Parkinson,19372,TE,LAR,263.8,30.35,218,329,,colby-parkinson.php,,,20.3,,,,,,11.0,Colby Parkinson,2026-07-31,LAR
/nfl/rankings/dynasty-superflex.php,dynasty-op,dsf,Ja'Tavion Sanders,24334,TE,CAR,274.45,19.07,237,303,,jatavion-sanders.php,,,4.7,,,,,,5.0,JaTavion Sanders,2026-07-31,CAR
/nfl/rankings/dynasty-superflex.php,dynasty-op,dsf,Caleb Douglas,28135,WR,MIA,254.89,19.4,226,287,,caleb-douglas.php,,,4.4,,,,,,6.0,Caleb Douglas,2026-07-31,MIA
/nfl/rankings/dynasty-superflex.php,dynasty-op,dsf,Cole Kmet,19229,TE,CHI,259.22,30.82,204,317,,cole-kmet.php,,,7.3,,,,,,10.0,Cole Kmet,2026-07-31,CHI
/nfl/rankings/dynasty-superflex.php,dynasty-op,dsf,Jake Tonges,24778,TE,SF,261.0,24.24,221,304,,jake-tonges.php,,,17.6,,,,,,8.0,Jake Tonges,2026-07-31,SFO
/nfl/rankings/dynasty-superflex.php,dynasty-op,dsf,Jerome Ford,22921,RB,WAS,291.0,29.92,263,341,,jerome-ford.php,,,3.4,,,,,,7.0,Jerome Ford,2026-07-31,WAS
/nfl/rankings/dynasty-superflex.php,dynasty-op,dsf,Andrei Iosivas,25335,WR,CIN,279.2,23.28,247,329,,andrei-iosivas.php,,,6.2,,,,,,6.0,Andrei Iosivas,2026-07-31,CIN
/nfl/rankings/dynasty-superflex.php,dynasty-op,dsf,Tyquan Thornton,22913,WR,KC,262.88,22.06,237,303,,tyquan-thornton.php,,,6.4,,,,,,5.0,Tyquan Thornton,2026-07-31,KCC
/nfl/rankings/dynasty-superflex.php,dynasty-op,dsf,Tanner Koziol,27499,TE,JAC,279.56,21.88,246,309,,tanner-koziol.php,,,1.9,,,,,,7.0,Tanner Koziol,2026-07-31,JAC
/nfl/rankings/dynasty-superflex.php,dynasty-op,dsf,Devin Singletary,18280,RB,NYG,283.0,31.19,228,338,,devin-singletary.php,,,1.4,,,,,,8.0,Devin Singletary,2026-07-31,NYG
/nfl/rankings/dynasty-superflex.php,dynasty-op,dsf,Kirk Cousins,11177,QB,LV,214.0,51.3,156,299,,kirk-cousins.php,,,14.3,,,,,,13.0,Kirk Cousins,2026-07-31,LVR
/nfl/rankings/dynasty-superflex.php,dynasty-op,dsf,Sam Roush,28161,TE,CHI,273.63,21.79,248,314,,sam-roush.php,,,1.5,,,,,,10.0,Sam Roush,2026-07-31,CHI
/nfl/rankings/dynasty-superflex.php,dynasty-op,dsf,Keenan Allen,11616,WR,LAC,282.13,34.01,229,328,,keenan-allen.php,,,9.1,,,,,,7.0,Keenan Allen,2026-07-31,LAC
/nfl/rankings/dynasty-superflex.php,dynasty-op,dsf,Darius Slayton,18706,WR,NYG,283.5,32.29,236,330,,darius-slayton.php,,,6.0,,,,,,8.0,Darius Slayton,2026-07-31,NYG
/nfl/rankings/dynasty-superflex.php,dynasty-op,dsf,Luke McCaffrey,26328,WR,WAS,293.89,34.69,242,330,,luke-mccaffrey.php,,,1.2,,,,,,7.0,Luke McCaffrey,2026-07-31,WAS
/nfl/rankings/dynasty-superflex.php,dynasty-op,dsf,Justin Fields,19781,QB,KC,200.75,58.4,143,293,,justin-fields.php,,,10.2,,,,,,5.0,Justin Fields,2026-07-31,KCC
/nfl/rankings/dynasty-superflex.php,dynasty-op,dsf,Konata Mumpfield,27449,WR,LAR,275.14,44.95,224,365,,konata-mumpfield.php,,,1.2,,,,,,11.0,Konata Mumpfield,2026-07-31,LAR
/nfl/rankings/dynasty-superflex.php,dynasty-op,dsf,Dont'e Thornton Jr.,27288,WR,LV,296.78,24.06,264,348,,donte-thornton-jr.php,,,1.8,,,,,,13.0,Donte Thornton,2026-07-31,LVR
/nfl/rankings/dynasty-superflex.php,dynasty-op,dsf,Jaylin Lane,27454,WR,WAS,289.38,24.27,253,321,,jaylin-lane.php,,,2.9,,,,,,7.0,Jaylin Lane,2026-07-31,WAS
/nfl/rankings/dynasty-superflex.php,dynasty-op,dsf,Marlin Klein,28157,TE,HOU,279.86,21.24,240,308,,marlin-klein.php,,,1.2,,,,,,8.0,Marlin Klein,2026-07-31,HOU
/nfl/rankings/dynasty-superflex.php,dynasty-op,dsf,Justice Hill,18256,RB,BAL,293.0,22.71,269,325,,justice-hill.php,,,9.1,,,,,,13.0,Justice Hill,2026-07-31,BAL
/nfl/rankings/dynasty-superflex.php,dynasty-op,dsf,Drew Allar,24345,QB,PIT,225.0,69.75,157,334,,drew-allar.php,,,2.0,,,,,,9.0,Drew Allar,2026-07-31,PIT
/nfl/rankings/dynasty-superflex.php,dynasty-op,dsf,Cade Klubnik,24361,QB,NYJ,225.0,65.97,158,317,,cade-klubnik.php,,,6.7,,,,,,13.0,Cade Klubnik,2026-07-31,NYJ
/nfl/rankings/dynasty-superflex.php,dynasty-op,dsf,Savion Williams,27144,WR,GB,289.57,16.99,266,324,,savion-williams.php,,,1.7,,,,,,11.0,Savion Williams,2026-07-31,GBP
/nfl/rankings/dynasty-superflex.php,dynasty-op,dsf,Tutu Atwell,20126,WR,MIA,291.29,40.25,249,371,,tutu-atwell.php,,,2.2,,,,,,6.0,Tutu Atwell,2026-07-31,MIA
/nfl/rankings/dynasty-superflex.php,dynasty-op,dsf,Deion Burks,27093,WR,IND,279.17,22.27,244,304,,deion-burks.php,,,2.1,,,,,,13.0,Deion Burks,2026-07-31,IND
/nfl/rankings/dynasty-superflex.php,dynasty-op,dsf,Jack Endries,27501,TE,CIN,293.14,23.53,254,321,,jack-endries.php,,,5.8,,,,,,6.0,Jack Endries,2026-07-31,CIN
/nfl/rankings/dynasty-superflex.php,dynasty-op,dsf,Jordan Whittington,23135,WR,LAR,317.3,25.48,271,351,,jordan-whittington.php,,,0.8,,,,,,11.0,Jordan Whittington,2026-07-31,LAR
/nfl/rankings/dynasty-superflex.php,dynasty-op,dsf,Calvin Austin III,23739,WR,NYG,282.17,28.85,244,323,,calvin-austin.php,,,2.4,,,,,,8.0,Calvin Austin,2026-07-31,NYG
/nfl/rankings/dynasty-superflex.php,dynasty-op,dsf,Joshua Palmer,22845,WR,BUF,305.75,32.3,239,354,,josh-palmer.php,,,1.2,,,,,,7.0,Josh Palmer,2026-07-31,BUF
/nfl/rankings/dynasty-superflex.php,dynasty-op,dsf,Quinn Ewers,23680,QB,MIA,243.25,74.85,146,350,,quinn-ewers.php,,,3.5,,,,,,6.0,Quinn Ewers,2026-07-31,MIA
/nfl/rankings/dynasty-superflex.php,dynasty-op,dsf,Jalen Tolbert,23770,WR,MIA,287.33,25.09,240,319,,jalen-tolbert.php,,,4.8,,,,,,6.0,Jalen Tolbert,2026-07-31,MIA
/nfl/rankings/dynasty-superflex.php,dynasty-op,dsf,Dawson Knox,18631,TE,BUF,300.0,33.15,243,361,,dawson-knox.php,,,7.4,,,,,,7.0,Dawson Knox,2026-07-31,BUF
/nfl/rankings/dynasty-superflex.php,dynasty-op,dsf,Emari Demercado,25654,RB,KC,311.25,29.05,256,345,,emari-demercado.php,,,3.2,,,,,,5.0,Emari Demercado,2026-07-31,KCC
/nfl/rankings/dynasty-superflex.php,dynasty-op,dsf,CJ Daniels,28125,WR,LAR,291.83,32.67,253,332,,cj-daniels.php,,,1.9,,,,,,11.0,CJ Daniels,2026-07-31,LAR
/nfl/rankings/dynasty-superflex.php,dynasty-op,dsf,George Holani,22915,RB,SEA,292.5,28.88,257,339,,george-holani.php,,,8.4,,,,,,11.0,George Holani,2026-07-31,SEA
/nfl/rankings/dynasty-superflex.php,dynasty-op,dsf,Matt Hibner,28168,TE,BAL,292.83,22.18,251,320,,matthew-hibner.php,,,2.6,,,,,,13.0,Matt Hibner,2026-07-31,BAL
/nfl/rankings/dynasty-superflex.php,dynasty-op,dsf,Cyrus Allen,28424,WR,KC,293.33,24.22,249,327,,cyrus-allen.php,,,2.6,,,,,,5.0,Cyrus Allen,2026-07-31,KCC
/nfl/rankings/dynasty-superflex.php,dynasty-op,dsf,Tyler Higbee,15623,TE,LAR,314.38,30.94,267,363,,tyler-higbee.php,,,3.1,,,,,,11.0,Tyler Higbee,2026-07-31,LAR
/nfl/rankings/dynasty-superflex.php,dynasty-op,dsf,Malik Benson,26012,WR,LV,284.2,37.75,236,331,,malik-benson.php,,,1.5,,,,,,13.0,Malik Benson,2026-07-31,LVR
/nfl/rankings/dynasty-superflex.php,dynasty-op,dsf,Charlie Kolar,22756,TE,LAC,286.2,45.64,231,343,,charlie-kolar.php,,,2.0,,,,,,7.0,Charlie Kolar,2026-07-31,LAC
/nfl/rankings/dynasty-superflex.php,dynasty-op,dsf,Zavion Thomas,28132,WR,CHI,301.0,22.58,268,340,,zavion-thomas.php,,,5.1,,,,,,10.0,Zavion Thomas,2026-07-31,CHI
/nfl/rankings/dynasty-superflex.php,dynasty-op,dsf,Audric Estime,23054,RB,NO,301.33,31.48,270,345,,audric-estime.php,,,5.3,,,,,,8.0,Audric Estime,2026-07-31,NOS
/nfl/rankings/dynasty-superflex.php,dynasty-op,dsf,Noah Gray,19539,TE,KC,311.43,22.2,275,347,,noah-gray.php,,,4.2,,,,,,5.0,Noah Gray,2026-07-31,KCC
/nfl/rankings/dynasty-superflex.php,dynasty-op,dsf,Jam Miller,27326,RB,NE,287.4,25.86,268,336,,jam-miller.php,,,1.3,,,,,,11.0,Jam Miller,2026-07-31,NEP
/nfl/rankings/dynasty-superflex.php,dynasty-op,dsf,Roman Hemby,25387,RB,LV,304.17,20.11,272,329,,roman-hemby.php,,,0.0,,,,,,13.0,Roman Hemby,2026-07-31,LVR
/nfl/rankings/dynasty-superflex.php,dynasty-op,dsf,Erick All Jr.,23837,TE,CIN,315.71,29.53,287,370,,erick-all.php,,,2.0,,,,,,6.0,Erick All,2026-07-31,CIN
/nfl/rankings/dynasty-superflex.php,dynasty-op,dsf,Ja'Lynn Polk,26205,WR,NO,293.8,51.7,217,337,,jalynn-polk.php,,,0.6,,,,,,8.0,JaLynn Polk,2026-07-31,NOS
/nfl/rankings/dynasty-superflex.php,dynasty-op,dsf,Jahan Dotson,23101,WR,ATL,295.0,23.3,250,313,,jahan-dotson.php,,,4.0,,,,,,11.0,Jahan Dotson,2026-07-31,ATL
/nfl/rankings/dynasty-superflex.php,dynasty-op,dsf,Jaleel McLaughlin,25876,RB,DEN,318.57,35.24,273,375,,jaleel-mclaughlin.php,,,0.6,,,,,,10.0,Jaleel McLaughlin,2026-07-31,DEN
/nfl/rankings/dynasty-superflex.php,dynasty-op,dsf,Taylen Green,28094,QB,CLE,249.0,60.05,177,324,,taylen-green.php,,,4.0,,,,,,11.0,Taylen Green,2026-07-31,CLE
/nfl/rankings/dynasty-superflex.php,dynasty-op,dsf,J'Mari Taylor,28109,RB,JAC,298.6,29.97,264,339,,jmari-taylor.php,,,3.9,,,,,,7.0,JMari Taylor,2026-07-31,JAC
/nfl/rankings/dynasty-superflex.php,dynasty-op,dsf,Garrett Nussmeier,22998,QB,KC,250.0,69.9,167,338,,garrett-nussmeier.php,,,7.4,,,,,,5.0,Garrett Nussmeier,2026-07-31,KCC
/nfl/rankings/dynasty-superflex.php,dynasty-op,dsf,John Metchie III,22895,WR,CAR,314.0,26.32,261,346,,john-metchie.php,,,1.8,,,,,,5.0,John Metchie,2026-07-31,CAR
/nfl/rankings/dynasty-superflex.php,dynasty-op,dsf,Robert Henry Jr.,28404,RB,WAS,303.4,30.33,257,342,,robert-henry-jr.php,,,0.0,,,,,,7.0,Robert Henry,2026-07-31,WAS
/nfl/rankings/dynasty-superflex.php,dynasty-op,dsf,Malik Davis,24205,RB,DAL,305.0,37.11,261,352,,malik-davis.php,,,4.9,,,,,,14.0,Malik Davis,2026-07-31,DAL
/nfl/rankings/dynasty-superflex.php,dynasty-op,dsf,Mitchell Evans,27138,TE,CAR,317.17,32.59,288,369,,mitchell-evans.php,,,0.7,,,,,,5.0,Mitchell Evans,2026-07-31,CAR
/nfl/rankings/dynasty-superflex.php,dynasty-op,dsf,Cole Payton,28302,QB,PHI,263.67,69.88,187,356,,cole-payton.php,,,0.7,,,,,,10.0,Cole Payton,2026-07-31,PHI
/nfl/rankings/dynasty-superflex.php,dynasty-op,dsf,KeAndre Lambert-Smith,24372,WR,LAC,317.83,15.72,285,334,,keandre-lambert-smith.php,,,0.7,,,,,,7.0,KeAndre Lambert-Smith,2026-07-31,LAC
/nfl/rankings/dynasty-superflex.php,dynasty-op,dsf,Michael Trigg,23167,TE,DAL,307.4,12.66,294,329,,michael-trigg.php,,,9.0,,,,,,14.0,Michael Trigg,2026-07-31,DAL
/nfl/rankings/dynasty-superflex.php,dynasty-op,dsf,Joe Mixon,16420,RB,FA,293.75,27.9,258,333,,joe-mixon.php,,,10.4,,,,,,,Joe Mixon,2026-07-31,FA
/nfl/rankings/dynasty-superflex.php,dynasty-op,dsf,Noah Fant,17527,TE,NO,309.8,36.86,269,360,,noah-fant.php,,,1.8,,,,,,8.0,Noah Fant,2026-07-31,NOS
/nfl/rankings/dynasty-superflex.php,dynasty-op,dsf,Luke Musgrave,25282,TE,GB,320.17,11.47,307,335,,luke-musgrave.php,,,7.0,,,,,,11.0,Luke Musgrave,2026-07-31,GBP
/nfl/rankings/dynasty-superflex.php,dynasty-op,dsf,Josh Cameron,28137,WR,JAC,310.6,18.07,292,344,,josh-cameron.php,,,1.6,,,,,,7.0,Josh Cameron,2026-07-31,JAC
/nfl/rankings/dynasty-superflex.php,dynasty-op,dsf,Will Howard,25972,QB,PIT,271.0,63.18,207,357,,will-howard.php,,,4.1,,,,,,9.0,Will Howard,2026-07-31,PIT
/nfl/rankings/dynasty-superflex.php,dynasty-op,dsf,Jalen Milroe,22884,QB,SEA,277.33,73.54,182,361,,jalen-milroe.php,,,4.5,,,,,,11.0,Jalen Milroe,2026-07-31,SEA
/nfl/rankings/dynasty-superflex.php,dynasty-op,dsf,Samaje Perine,16423,RB,CIN,301.25,26.43,264,337,,samaje-perine.php,,,5.0,,,,,,6.0,Samaje Perine,2026-07-31,CIN
/nfl/rankings/dynasty-superflex.php,dynasty-op,dsf,Aaron Anderson,27500,WR,CLE,284.0,46.61,242,349,,aaron-anderson.php,,,1.2,,,,,,11.0,Aaron Anderson,2026-07-31,CLE
/nfl/rankings/dynasty-superflex.php,dynasty-op,dsf,KaVontae Turpin,18520,WR,DAL,307.5,49.52,245,358,,kavontae-turpin.php,,,4.8,,,,,,14.0,KaVontae Turpin,2026-07-31,DAL
/nfl/rankings/dynasty-superflex.php,dynasty-op,dsf,Barion Brown,25416,WR,NO,320.4,26.69,279,358,,barion-brown.php,,,1.1,,,,,,8.0,Barion Brown,2026-07-31,NOS
/nfl/rankings/dynasty-superflex.php,dynasty-op,dsf,Tyson Bagent,25321,QB,CHI,247.0,69.0,178,316,,tyson-bagent.php,,,3.6,,,,,,10.0,Tyson Bagent,2026-07-31,CHI
/nfl/rankings/dynasty-superflex.php,dynasty-op,dsf,Jonnu Smith,16460,TE,FA,291.0,32.34,248,326,,jonnu-smith.php,,,2.9,,,,,,,Jonnu Smith,2026-07-31,FA
/nfl/rankings/dynasty-superflex.php,dynasty-op,dsf,Mack Hollins,16489,WR,NE,312.75,40.83,263,355,,mack-hollins.php,,,2.9,,,,,,11.0,Mack Hollins,2026-07-31,NEP
/nfl/rankings/dynasty-superflex.php,dynasty-op,dsf,Nate Boerkircher,28427,TE,JAC,327.8,21.23,306,366,,nate-boerkircher.php,,,0.9,,,,,,7.0,Nate Boerkircher,2026-07-31,JAC
/nfl/rankings/dynasty-superflex.php,dynasty-op,dsf,Jeff Caldwell,28425,WR,KC,328.4,19.56,306,360,,jeff-caldwell.php,,,2.1,,,,,,5.0,Jeff Caldwell,2026-07-31,KCC
/nfl/rankings/dynasty-superflex.php,dynasty-op,dsf,Tyler Conklin,17598,TE,DET,313.0,72.59,240,412,,tyler-conklin.php,,,0.7,,,,,,6.0,Tyler Conklin,2026-07-31,DET
/nfl/rankings/dynasty-superflex.php,dynasty-op,dsf,Darren Waller,14104,TE,FA,300.67,51.99,243,369,,darren-waller.php,,,2.3,,,,,,,Darren Waller,2026-07-31,FA
/nfl/rankings/dynasty-superflex.php,dynasty-op,dsf,Devontez Walker,26011,WR,BAL,304.67,37.04,263,353,,devontez-walker.php,,,0.9,,,,,,13.0,Devontez Walker,2026-07-31,BAL
/nfl/rankings/dynasty-superflex.php,dynasty-op,dsf,Joe Royer,27312,TE,CLE,331.8,20.59,304,363,,joe-royer.php,,,1.6,,,,,,11.0,Joe Royer,2026-07-31,CLE
/nfl/rankings/dynasty-superflex.php,dynasty-op,dsf,Kendrick Law,26044,WR,DET,305.67,48.58,257,372,,kendrick-law.php,,,1.5,,,,,,6.0,Kendrick Law,2026-07-31,DET
/nfl/rankings/dynasty-superflex.php,dynasty-op,dsf,Ty Johnson,18406,RB,BUF,322.25,37.37,274,367,,ty-johnson.php,,,4.0,,,,,,7.0,Ty Johnson,2026-07-31,BUF
/nfl/rankings/dynasty-superflex.php,dynasty-op,dsf,Elijah Higgins,23119,TE,ARI,324.0,36.27,288,377,,elijah-higgins.php,,,1.5,,,,,,14.0,Elijah Higgins,2026-07-31,ARI
/nfl/rankings/dynasty-superflex.php,dynasty-op,dsf,Jameis Winston,13891,QB,NYG,278.0,95.0,183,373,,jameis-winston.php,,,6.7,,,,,,8.0,Jameis Winston,2026-07-31,NYG
/nfl/rankings/dynasty-superflex.php,dynasty-op,dsf,Marcus Mariota,13890,QB,WAS,278.0,93.0,185,371,,marcus-mariota.php,,,5.1,,,,,,7.0,Marcus Mariota,2026-07-31,WAS
/nfl/rankings/dynasty-superflex.php,dynasty-op,dsf,Joe Milton III,25967,QB,DAL,279.0,95.0,184,374,,joe-milton.php,,,4.1,,,,,,14.0,Joe Milton,2026-07-31,DAL
/nfl/rankings/dynasty-superflex.php,dynasty-op,dsf,Jawhar Jordan,26329,RB,HOU,313.33,49.53,267,382,,jawhar-jordan.php,,,0.6,,,,,,8.0,Jawhar Jordan,2026-07-31,HOU
/nfl/rankings/dynasty-superflex.php,dynasty-op,dsf,Tyren Montgomery,28423,WR,TEN,334.8,20.26,312,370,,tyren-montgomery.php,,,0.0,,,,,,9.0,Tyren Montgomery,2026-07-31,TEN
/nfl/rankings/dynasty-superflex.php,dynasty-op,dsf,Dyami Brown,20113,WR,WAS,330.0,25.63,293,365,,dyami-brown.php,,,0.9,,,,,,7.0,Dyami Brown,2026-07-31,WAS
/nfl/rankings/dynasty-superflex.php,dynasty-op,dsf,Colbie Young,26037,WR,CIN,322.0,48.11,270,386,,colbie-young.php,,,1.5,,,,,,6.0,Colbie Young,2026-07-31,CIN
/nfl/rankings/dynasty-superflex.php,dynasty-op,dsf,Jordan Watkins,27486,WR,SF,320.33,46.6,265,379,,jordan-watkins.php,,,1.0,,,,,,8.0,Jordan Watkins,2026-07-31,SFO
/nfl/rankings/dynasty-superflex.php,dynasty-op,dsf,Tai Felton,27182,WR,MIN,331.5,36.39,288,368,,tai-felton.php,,,0.7,,,,,,6.0,Tai Felton,2026-07-31,MIN
/nfl/rankings/dynasty-superflex.php,dynasty-op,dsf,Eric Rivers Jr.,28128,WR,TB,324.67,27.92,302,364,,eric-rivers.php,,,1.0,,,,,,10.0,Eric Rivers,2026-07-31,TBB
/nfl/rankings/dynasty-superflex.php,dynasty-op,dsf,Dallen Bentley,28352,TE,DEN,340.25,27.24,312,385,,dallen-bentley.php,,,1.1,,,,,,10.0,Dallen Bentley,2026-07-31,DEN
/nfl/rankings/dynasty-superflex.php,dynasty-op,dsf,Riley Nowakowski,28437,TE,PIT,331.0,40.13,295,387,,riley-nowakowski.php,,,0.7,,,,,,9.0,Riley Nowakowski,2026-07-31,PIT
/nfl/rankings/dynasty-superflex.php,dynasty-op,dsf,Spencer Rattler,23081,QB,NO,306.5,39.5,267,346,,spencer-rattler.php,,,1.1,,,,,,8.0,Spencer Rattler,2026-07-31,NOS
/nfl/rankings/dynasty-superflex.php,dynasty-op,dsf,Jaren Kanak,28160,TE,TEN,337.0,39.05,300,391,,jaren-kanak.php,,,0.0,,,,,-10.0,9.0,Jaren Kanak,2026-07-31,TEN
/nfl/rankings/dynasty-superflex.php,dynasty-op,dsf,Adam Trautman,19423,TE,DEN,338.67,39.97,298,393,,adam-trautman.php,,,0.6,,,,,,10.0,Adam Trautman,2026-07-31,DEN
/nfl/rankings/dynasty-superflex.php,dynasty-op,dsf,Elijah Moore,20114,WR,PHI,312.0,29.0,283,341,,elijah-moore.php,,,0.6,,,,,,10.0,Elijah Moore,2026-07-31,PHI
/nfl/rankings/dynasty-superflex.php,dynasty-op,dsf,Will Kacmarek,28403,TE,MIA,333.33,34.7,291,376,,will-kacmarek.php,,,5.4,,,,,,6.0,Will Kacmarek,2026-07-31,MIA
/nfl/rankings/dynasty-superflex.php,dynasty-op,dsf,Carsen Ryan,28399,TE,CLE,337.33,35.98,308,388,,carsen-ryan.php,,,1.1,,,,,,11.0,Carsen Ryan,2026-07-31,CLE
/nfl/rankings/dynasty-superflex.php,dynasty-op,dsf,Treylon Burks,22905,WR,WAS,345.0,24.2,319,384,,treylon-burks.php,,,3.6,,,,,,7.0,Treylon Burks,2026-07-31,WAS
/nfl/rankings/dynasty-superflex.php,dynasty-op,dsf,Curtis Samuel,16434,WR,FA,324.5,70.5,254,395,,curtis-samuel.php,,,2.0,,,,,,,Curtis Samuel,2026-07-31,FA
/nfl/rankings/dynasty-superflex.php,dynasty-op,dsf,Trey Palmer,25331,WR,NO,325.5,70.5,255,396,,trey-palmer.php,,,3.6,,,,,,8.0,Trey Palmer,2026-07-31,NOS
/nfl/rankings/dynasty-superflex.php,dynasty-op,dsf,Reggie Virgil,28141,WR,ARI,341.67,39.67,306,397,,reggie-virgil.php,,,0.7,,,,,,14.0,Reggie Virgil,2026-07-31,ARI
/nfl/rankings/dynasty-superflex.php,dynasty-op,dsf,Josh Cuevas,28155,TE,BAL,339.67,35.04,311,389,,josh-cuevas.php,,,0.6,,,,,-8.0,13.0,Josh Cuevas,2026-07-31,BAL
/nfl/rankings/dynasty-superflex.php,dynasty-op,dsf,Jalin Hyatt,25251,WR,NYG,320.5,60.5,260,381,,jalin-hyatt.php,,,2.6,,,,,,8.0,Jalin Hyatt,2026-07-31,NYG
/nfl/rankings/dynasty-superflex.php,dynasty-op,dsf,Kaden Wetjen,28435,WR,PIT,343.67,38.78,310,398,,kaden-wetjen.php,,,0.7,,,,,,9.0,Kaden Wetjen,2026-07-31,PIT
/nfl/rankings/dynasty-superflex.php,dynasty-op,dsf,Daniel Bellinger,24238,TE,TEN,344.33,53.33,272,399,,daniel-bellinger.php,,,3.2,,,,,-8.0,9.0,Daniel Bellinger,2026-07-31,TEN
/nfl/rankings/dynasty-superflex.php,dynasty-op,dsf,Austin Hooper,15581,TE,ATL,341.33,30.92,309,383,,austin-hooper.php,,,1.4,,,,,,11.0,Austin Hooper,2026-07-31,ATL
/nfl/rankings/dynasty-superflex.php,dynasty-op,dsf,Josh Oliver,18487,TE,MIN,347.67,38.78,314,402,,josh-oliver.php,,,0.7,,,,,,6.0,Josh Oliver,2026-07-31,MIN
/nfl/rankings/dynasty-superflex.php,dynasty-op,dsf,Roschon Johnson,25322,RB,CHI,338.0,67.0,271,405,,roschon-johnson.php,,,0.6,,,,,,10.0,Roschon Johnson,2026-07-31,CHI
/nfl/rankings/dynasty-superflex.php,dynasty-op,dsf,DeAndre Hopkins,11606,WR,BAL,351.75,25.66,328,392,,deandre-hopkins.php,,,0.6,,,,,,13.0,DeAndre Hopkins,2026-07-31,BAL
/nfl/rankings/dynasty-superflex.php,dynasty-op,dsf,Zach Ertz,11689,TE,FA,323.5,38.5,285,362,,zach-ertz.php,,,1.7,,,,,,,Zach Ertz,2026-07-31,FA
/nfl/rankings/dynasty-superflex.php,dynasty-op,dsf,Rasheen Ali,25983,RB,BAL,341.0,66.0,275,407,,rasheen-ali.php,,,1.4,,,,,,13.0,Rasheen Ali,2026-07-31,BAL
/nfl/rankings/dynasty-superflex.php,dynasty-op,dsf,Dameon Pierce,22947,RB,PHI,348.5,71.5,277,420,,dameon-pierce.php,,,0.8,,,,,,10.0,Dameon Pierce,2026-07-31,PHI
/nfl/rankings/dynasty-superflex.php,dynasty-op,dsf,Seydou Traore,28163,TE,MIA,343.0,65.0,278,408,,seydou-traore.php,,,0.0,,,,,,6.0,Seydou Traore,2026-07-31,MIA
/nfl/rankings/dynasty-superflex.php,dynasty-op,dsf,Dae'Quan Wright,28159,TE,PHI,354.67,39.34,322,410,,daequan-wright.php,,,0.0,,,,,,10.0,DaeQuan Wright,2026-07-31,PHI
/nfl/rankings/dynasty-superflex.php,dynasty-op,dsf,Taysom Hill,17115,TE,FA,351.0,63.0,288,414,,taysom-hill.php,,,0.7,,,,,,,Taysom Hill,2026-07-31,FA
/nfl/rankings/dynasty-superflex.php,dynasty-op,dsf,Jimmy Horn Jr.,27294,WR,CAR,357.67,42.4,310,413,,jimmy-horn-jr.php,,,0.6,,,,,,5.0,Jimmy Horn,2026-07-31,CAR
/nfl/rankings/dynasty-superflex.php,dynasty-op,dsf,Isaiah Hodgins,19375,WR,NYG,353.0,62.0,291,415,,isaiah-hodgins.php,,,0.1,,,,,,8.0,Isaiah Hodgins,2026-07-31,NYG
/nfl/rankings/dynasty-superflex.php,dynasty-op,dsf,Kendrick Bourne,17066,WR,ARI,337.0,43.0,294,380,,kendrick-bourne.php,,,3.1,,,,,,14.0,Kendrick Bourne,2026-07-31,ARI
/nfl/rankings/dynasty-superflex.php,dynasty-op,dsf,Thomas Fidone II,23039,TE,NYG,361.33,40.6,325,418,,thomas-fidone.php,,,1.0,,,,,,8.0,Thomas Fidone,2026-07-31,NYG
/nfl/rankings/dynasty-superflex.php,dynasty-op,dsf,Foster Moreau,18397,TE,HOU,356.0,61.0,295,417,,foster-moreau.php,,,0.7,,,,,,8.0,Foster Moreau,2026-07-31,HOU
/nfl/rankings/dynasty-superflex.php,dynasty-op,dsf,Olamide Zaccheaus,18864,WR,ATL,353.33,26.39,329,390,,olamide-zaccheaus.php,,,4.6,,,,,,11.0,Olamide Zaccheaus,2026-07-31,ATL
/nfl/rankings/dynasty-superflex.php,dynasty-op,dsf,Cade Stover,25269,TE,HOU,350.0,30.24,308,378,,cade-stover.php,,,0.8,,,,,,8.0,Cade Stover,2026-07-31,HOU
/nfl/rankings/dynasty-superflex.php,dynasty-op,dsf,Nick Westbrook-Ikhine,19747,WR,IND,364.0,38.94,334,419,,nick-westbrook.php,,,1.6,,,,,,13.0,Nick Westbrook-Ikhine,2026-07-31,IND
/nfl/rankings/dynasty-superflex.php,dynasty-op,dsf,Raheim Sanders,24351,RB,CLE,366.0,65.0,301,431,,raheim-sanders.php,,,0.6,,,,,,11.0,Raheim Sanders,2026-07-31,CLE
/nfl/rankings/dynasty-superflex.php,dynasty-op,dsf,Phil Mafah,22928,RB,DAL,366.67,41.3,335,425,,phil-mafah.php,,,1.0,,,,,,14.0,Phil Mafah,2026-07-31,DAL
/nfl/rankings/dynasty-superflex.php,dynasty-op,dsf,Chase Roberts,28131,WR,LV,366.0,55.0,311,421,,chase-roberts.php,,,0.0,,,,,,13.0,Chase Roberts,2026-07-31,LVR
/nfl/rankings/dynasty-superflex.php,dynasty-op,dsf,Luke Schoonmaker,25267,TE,DAL,368.0,54.0,314,422,,luke-schoonmaker.php,,,0.9,,,,,,14.0,Luke Schoonmaker,2026-07-31,DAL
/nfl/rankings/dynasty-superflex.php,dynasty-op,dsf,Van Jefferson,19483,WR,WAS,369.0,54.0,315,423,,van-jefferson.php,,,0.9,,,,,,7.0,Van Jefferson,2026-07-31,WAS
/nfl/rankings/dynasty-superflex.php,dynasty-op,dsf,Brevin Jordan,20162,TE,HOU,370.0,54.0,316,424,,brevin-jordan.php,,,1.0,,,,,,8.0,Brevin Jordan,2026-07-31,HOU
/nfl/rankings/dynasty-superflex.php,dynasty-op,dsf,Bam Knight,24901,RB,ARI,371.67,38.9,337,426,,zonovan-bam-knight.php,,,0.7,,,,,,14.0,Bam Knight,2026-07-31,ARI
/nfl/rankings/dynasty-superflex.php,dynasty-op,dsf,John Michael Gyllenborg,28158,TE,KC,374.5,55.5,319,430,,john-michael-gyllenborg.php,,,1.8,,,,,,5.0,John Michael Gyllenborg,2026-07-31,KCC
/nfl/rankings/dynasty-superflex.php,dynasty-op,dsf,Dean Connors,28113,RB,LAR,376.5,57.5,319,434,,dean-connors.php,,,1.0,,,,,,11.0,Dean Connors,2026-07-31,LAR
/nfl/rankings/dynasty-superflex.php,dynasty-op,dsf,Kareem Hunt,16425,RB,FA,346.0,13.0,333,359,,kareem-hunt.php,,,1.3,,,,,,,Kareem Hunt,2026-07-31,FA
/nfl/rankings/dynasty-superflex.php,dynasty-op,dsf,Jared Wiley,26343,TE,KC,374.5,52.5,322,427,,jared-wiley.php,,,1.0,,,,,,5.0,Jared Wiley,2026-07-31,KCC
/nfl/rankings/dynasty-superflex.php,dynasty-op,dsf,Terion Stewart,28111,RB,KC,358.5,35.5,323,394,,terion-stewart.php,,,0.0,,,,,,5.0,Terion Stewart,2026-07-31,KCC
/nfl/rankings/dynasty-superflex.php,dynasty-op,dsf,Jeremy Ruckert,23742,TE,NYJ,380.0,55.0,325,435,,jeremy-ruckert.php,,,0.6,,,,,,13.0,Jeremy Ruckert,2026-07-31,NYJ
/nfl/rankings/dynasty-superflex.php,dynasty-op,dsf,Antonio Gibson,19624,RB,FA,380.5,55.5,325,436,,antonio-gibson.php,,,1.3,,,,,,,Antonio Gibson,2026-07-31,FA
/nfl/rankings/dynasty-superflex.php,dynasty-op,dsf,Ty Chandler,19471,RB,NO,382.0,56.0,326,438,,ty-chandler.php,,,0.7,,,,,,8.0,Ty Chandler,2026-07-31,NOS
/nfl/rankings/dynasty-superflex.php,dynasty-op,dsf,Gabe Davis,19398,WR,FA,382.5,54.5,328,437,,gabriel-davis.php,,,1.0,,,,,,,Gabriel Davis,2026-07-31,FA
/nfl/rankings/dynasty-superflex.php,dynasty-op,dsf,Jaydn Ott,25394,RB,KC,383.5,55.5,328,439,,jaydn-ott.php,,,1.0,,,,,,5.0,Jaydn Ott,2026-07-31,KCC
/nfl/rankings/dynasty-superflex.php,dynasty-op,dsf,Xavier Hutchinson,25332,WR,HOU,378.33,38.44,344,432,,xavier-hutchinson.php,,,1.4,,,,,,8.0,Xavier Hutchinson,2026-07-31,HOU
/nfl/rankings/dynasty-superflex.php,dynasty-op,dsf,Efton Chism III,27445,WR,NE,371.5,39.5,332,411,,efton-chismi.php,,,0.8,,,,,,11.0,Efton Chism,2026-07-31,NEP
/nfl/rankings/dynasty-superflex.php,dynasty-op,dsf,Demarcus Robinson,15665,WR,SF,368.5,35.5,333,404,,demarcus-robinson.php,,,0.8,,,,,,8.0,Demarcus Robinson,2026-07-31,SFO
/nfl/rankings/dynasty-superflex.php,dynasty-op,dsf,Bo Melton,24049,WR,GB,389.5,52.5,337,442,,bo-melton.php,,,0.6,,,,,,11.0,Bo Melton,2026-07-31,GBP
/nfl/rankings/dynasty-superflex.php,dynasty-op,dsf,Grant Calcaterra,24180,TE,PHI,393.0,50.0,343,443,,grant-calcaterra.php,,,0.7,,,,,,10.0,Grant Calcaterra,2026-07-31,PHI
/nfl/rankings/dynasty-superflex.php,dynasty-op,dsf,Jahdae Walker,27810,WR,CHI,393.5,50.5,343,444,,jahdae-walker.php,,,0.9,,,,,,10.0,Jahdae Walker,2026-07-31,CHI
/nfl/rankings/dynasty-superflex.php,dynasty-op,dsf,Austin Ekeler,16483,RB,FA,400.0,52.0,348,452,,austin-ekeler.php,,,1.7,,,,,,,Austin Ekeler,2026-07-31,FA
/nfl/rankings/dynasty-superflex.php,dynasty-op,dsf,Roman Wilson,28896,WR,PIT,401.5,44.5,357,446,,roman-wilson-wr.php,,,0.7,,,,,,9.0,Roman Wilson,2026-07-31,PIT
/nfl/rankings/dynasty-superflex.php,dynasty-op,dsf,Tommy Tremble,22795,TE,CAR,387.5,21.5,366,409,,tommy-tremble.php,,,1.0,,,,,,5.0,Tommy Tremble,2026-07-31,CAR
/nfl/rankings/dynasty-superflex.php,dynasty-op,dsf,Eric McAlister,28134,WR,FA,400.0,0.0,400,400,,eric-mcalister.php,,,4.0,,,,,,,Eric McAlister,2026-07-31,FA
/nfl/rankings/dynasty-superflex.php,dynasty-op,dsf,Nick Chubb,17246,RB,FA,401.0,0.0,401,401,,nick-chubb.php,,,1.0,,,,,,,Nick Chubb,2026-07-31,FA
/nfl/rankings/dynasty-superflex.php,dynasty-op,dsf,Jacob Cowing,25289,WR,SF,403.0,0.0,403,403,,jacob-cowing.php,,,0.6,,,,,,8.0,Jacob Cowing,2026-07-31,SFO
/nfl/rankings/dynasty-superflex.php,dynasty-op,dsf,Jeremy McNichols,16445,RB,WAS,406.0,0.0,406,406,,jeremy-mcnichols.php,,,0.6,,,,,,7.0,Jeremy McNichols,2026-07-31,WAS
/nfl/rankings/dynasty-superflex.php,dynasty-op,dsf,RJ Maryland,27341,TE,GB,416.0,0.0,416,416,,rj-maryland.php,,,0.0,,,,,,11.0,RJ Maryland,2026-07-31,GBP
/nfl/rankings/dynasty-superflex.php,dynasty-op,dsf,Dillon Gabriel,23150,QB,CLE,428.0,0.0,428,428,,dillon-gabriel.php,,,0.6,,,,,,11.0,Dillon Gabriel,2026-07-31,CLE
/nfl/rankings/dynasty-superflex.php,dynasty-op,dsf,Kalif Raymond,16081,WR,CHI,429.0,0.0,429,429,,kalif-raymond.php,,,0.9,,,,,,10.0,Kalif Raymond,2026-07-31,CHI
/nfl/rankings/dynasty-superflex.php,dynasty-op,dsf,Xavier Restrepo,27066,WR,TEN,433.0,0.0,433,433,,xavier-restrepo.php,,,1.1,,,,,,9.0,Xavier Restrepo,2026-07-31,TEN
/nfl/rankings/dynasty-superflex.php,dynasty-op,dsf,Tyrell Shavers,25813,WR,BUF,440.0,0.0,440,440,,tyrell-shavers.php,,,0.6,,,,,,7.0,Tyrell Shavers,2026-07-31,BUF
/nfl/rankings/dynasty-superflex.php,dynasty-op,dsf,Theo Wease Jr.,27222,WR,MIA,441.0,0.0,441,441,,theo-wease-jr.php,,,1.9,,,,,,6.0,Theo Wease,2026-07-31,MIA
/nfl/rankings/dynasty-superflex.php,dynasty-op,dsf,Miles Sanders,18283,RB,FA,445.0,0.0,445,445,,miles-sanders.php,,,0.6,,,,,,,Miles Sanders,2026-07-31,FA
/nfl/rankings/dynasty-superflex.php,dynasty-op,dsf,Tyler Lockett,13971,WR,LV,447.0,0.0,447,447,,tyler-lockett.php,,,0.6,,,,,,13.0,Tyler Lockett,2026-07-31,LVR
/nfl/rankings/dynasty-superflex.php,dynasty-op,dsf,Diontae Johnson,18615,WR,FA,448.0,0.0,448,448,,diontae-johnson.php,,,1.0,,,,,,,Diontae Johnson,2026-07-31,FA
/nfl/rankings/dynasty-superflex.php,dynasty-op,dsf,Davis Mills,22799,QB,HOU,449.0,0.0,449,449,,davis-mills.php,,,1.9,,,,,,8.0,Davis Mills,2026-07-31,HOU
/nfl/rankings/dynasty-superflex.php,dynasty-op,dsf,Brandin Cooks,12122,WR,FA,450.0,0.0,450,450,,brandin-cooks.php,,,0.6,,,,,,,Brandin Cooks,2026-07-31,FA
/nfl/rankings/dynasty-superflex.php,dynasty-op,dsf,Jermaine Burton,22956,WR,FA,451.0,0.0,451,451,,jermaine-burton.php,,,1.1,,,,,,,Jermaine Burton,2026-07-31,FA
/nfl/rankings/dynasty-superflex.php,dynasty-op,dsf,Elijah Mitchell,22813,RB,PHI,453.0,0.0,453,453,,elijah-mitchell-rb.php,,,0.7,,,,,,10.0,Elijah Mitchell,2026-07-31,PHI
/nfl/rankings/dynasty-superflex.php,dynasty-op,dsf,Zack Moss,19263,RB,FA,454.0,0.0,454,454,,zack-moss.php,,,1.6,,,,,,,Zack Moss,2026-07-31,FA
/nfl/rankings/dynasty-superflex.php,dynasty-op,dsf,Damien Martinez,25976,RB,GB,455.0,0.0,455,455,,damien-martinez.php,,,0.7,,,,,,11.0,Damien Martinez,2026-07-31,GBP
/nfl/rankings/dynasty-superflex.php,dynasty-op,dsf,Raheem Mostert,14338,RB,LV,456.0,0.0,456,456,,raheem-mostert.php,,,0.6,,,,,,13.0,Raheem Mostert,2026-07-31,LVR
/nfl/rankings/dynasty-superflex.php,dynasty-op,dsf,Alexander Mattison,18621,RB,FA,457.0,0.0,457,457,,alexander-mattison.php,,,1.0,,,,,,,Alexander Mattison,2026-07-31,FA
/nfl/rankings/dynasty-superflex.php,dynasty-op,dsf,Sincere McCormick,23172,RB,SF,458.0,0.0,458,458,,sincere-mccormick.php,,,1.0,,,,,,8.0,Sincere McCormick,2026-07-31,SFO
/nfl/rankings/dynasty-superflex.php,dynasty-op,dsf,Khalil Herbert,22763,RB,FA,459.0,0.0,459,459,,khalil-herbert.php,,,1.1,,,,,,,Khalil Herbert,2026-07-31,FA
/nfl/rankings/dynasty-superflex.php,dynasty-op,dsf,Dane Key,26015,WR,DEN,460.0,0.0,460,460,,dane-key.php,,,1.0,,,,,,10.0,Dane Key,2026-07-31,DEN
/nfl/rankings/dynasty-superflex.php,dynasty-op,dsf,Harrison Wallace III,28143,WR,ARI,461.0,0.0,461,461,,harrison-wallace-iii.php,,,0.0,,,,,,14.0,Harrison Wallace,2026-07-31,ARI
/nfl/rankings/dynasty-superflex.php,dynasty-op,dsf,Romello Brinson,28152,WR,FA,462.0,0.0,462,462,,romello-brinson.php,,,0.0,,,,,,,Romello Brinson,2026-07-31,FA
/nfl/rankings/dynasty-superflex.php,dynasty-op,dsf,Zamir White,20095,RB,LV,463.0,0.0,463,463,,zamir-white.php,,,1.6,,,,,,13.0,Zamir White,2026-07-31,LVR
/nfl/rankings/dynasty-superflex.php,dynasty-op,dsf,Noah Thomas,28136,WR,CIN,464.0,0.0,464,464,,noah-thomas.php,,,1.1,,,,,,6.0,Noah Thomas,2026-07-31,CIN
/nfl/rankings/dynasty-superflex.php,dynasty-op,dsf,CJ Donaldson,25396,RB,NO,465.0,0.0,465,465,,cj-donaldson.php,,,2.3,,,,,,8.0,CJ Donaldson,2026-07-31,NOS
/nfl/rankings/dynasty-superflex.php,dynasty-op,dsf,Noah Whittington,28115,RB,HOU,466.0,0.0,466,466,,noah-whittington.php,,,0.0,,,,,,8.0,Noah Whittington,2026-07-31,HOU
/nfl/rankings/dynasty-superflex.php,dynasty-op,dsf,Daylan Smothers,28085,RB,FA,467.0,0.0,467,467,,daylan-smothers.php,,,1.1,,,,,,,Daylan Smothers,2026-07-31,FA
/nfl/rankings/dynasty-superflex.php,dynasty-op,dsf,Desmond Reid,28110,RB,FA,468.0,0.0,468,468,,desmond-reid.php,,,0.0,,,,,,,Desmond Reid,2026-07-31,FA
/nfl/rankings/dynasty-superflex.php,dynasty-op,dsf,Rahsul Faison,28112,RB,FA,469.0,0.0,469,469,,rahsul-faison.php,,,0.0,,,,,,,Rahsul Faison,2026-07-31,FA
/nfl/rankings/dynasty-superflex.php,dynasty-op,dsf,Mark Fletcher,27325,RB,FA,470.0,0.0,470,470,,mark-fletcher.php,,,1.0,,,,,,,Mark Fletcher,2026-07-31,FA
/nfl/rankings/dynasty-superflex.php,dynasty-op,dsf,Trebor Pena,28139,WR,JAC,471.0,0.0,471,471,,trebor-pena.php,,,0.0,,,,,,7.0,Trebor Pena,2026-07-31,JAC
/nfl/rankings/dynasty-superflex.php,dynasty-op,dsf,Joe Flacco,9300,QB,CIN,472.0,0.0,472,472,,joe-flacco.php,,,4.9,,,,,,6.0,Joe Flacco,2026-07-31,CIN
/nfl/rankings/dynasty-superflex.php,dynasty-op,dsf,Chip Trayanum,28114,RB,NYJ,473.0,0.0,473,473,,chip-trayanum.php,,,1.2,,,,,,13.0,Chip Trayanum,2026-07-31,NYJ
/nfl/rankings/dynasty-superflex.php,dynasty-op,dsf,Malachi Corley,26023,WR,CLE,474.0,0.0,474,474,,malachi-corley.php,,,0.6,,,,,,11.0,Malachi Corley,2026-07-31,CLE
/nfl/rankings/dynasty-superflex.php,dynasty-op,dsf,Sam Howell,23045,QB,DAL,475.0,0.0,475,475,,sam-howell.php,,,0.6,,,,,,14.0,Sam Howell,2026-07-31,DAL
/nfl/rankings/dynasty-superflex.php,dynasty-op,dsf,Riley Leonard,25373,QB,IND,476.0,0.0,476,476,,riley-leonard.php,,,4.4,,,,,,13.0,Riley Leonard,2026-07-31,IND
/nfl/rankings/dynasty-superflex.php,dynasty-op,dsf,Tyler Huntley,19297,QB,BAL,477.0,0.0,477,477,,tyler-huntley.php,,,3.1,,,,,,13.0,Tyler Huntley,2026-07-31,BAL
/nfl/rankings/dynasty-superflex.php,dynasty-op,dsf,Zach Wilson,22679,QB,NO,478.0,0.0,478,478,,zach-wilson.php,,,0.6,,,,,,8.0,Zach Wilson,2026-07-31,NOS
/nfl/rankings/dynasty-superflex.php,dynasty-op,dsf,Tanner McKee,24740,QB,PHI,479.0,0.0,479,479,,tanner-mckee.php,,,2.1,,,,,,10.0,Tanner McKee,2026-07-31,PHI
/nfl/rankings/dynasty-superflex.php,dynasty-op,dsf,Kenny McIntosh,25329,RB,FA,480.0,0.0,480,480,,kenny-mcintosh.php,,,1.1,,,,,,,Kenny McIntosh,2026-07-31,FA
/nfl/rankings/dynasty-superflex.php,dynasty-op,dsf,Brock Wright,23341,TE,DET,481.0,0.0,481,481,,brock-wright.php,,,0.6,,,,,,6.0,Brock Wright,2026-07-31,DET
/nfl/rankings/dynasty-superflex.php,dynasty-op,dsf,Carson Wentz,15520,QB,MIN,482.0,0.0,482,482,,carson-wentz.php,,,0.8,,,,,,6.0,Carson Wentz,2026-07-31,MIN
/nfl/rankings/dynasty-superflex.php,dynasty-op,dsf,Davis Allen,23761,TE,LAR,483.0,0.0,483,483,,davis-allen.php,,,0.6,,,,,,11.0,Davis Allen,2026-07-31,LAR
/nfl/rankings/dynasty-superflex.php,dynasty-op,dsf,Aidan O'Connell,24330,QB,LV,484.0,0.0,484,484,,aidan-oconnell.php,,,0.6,,,,,,13.0,Aidan OConnell,2026-07-31,LVR
/nfl/rankings/dynasty-superflex.php,dynasty-op,dsf,Javon Baker,22885,WR,FA,485.0,0.0,485,485,,javon-baker.php,,,1.0,,,,,,,Javon Baker,2026-07-31,FA
/nfl/rankings/dynasty-superflex.php,dynasty-op,dsf,Trey Lance,20082,QB,LAC,486.0,0.0,486,486,,trey-lance.php,,,1.5,,,,,,7.0,Trey Lance,2026-07-31,LAC
/nfl/rankings/dynasty-superflex.php,dynasty-op,dsf,Will Dissly,18049,TE,FA,487.0,0.0,487,487,,will-dissly.php,,,1.0,,,,,,,Will Dissly,2026-07-31,FA
/nfl/rankings/dynasty-superflex.php,dynasty-op,dsf,Jackson Hawes,27469,TE,BUF,488.0,0.0,488,488,,jackson-hawes.php,,,0.6,,,,,-9.0,7.0,Jackson Hawes,2026-07-31,BUF
/nfl/rankings/dynasty-superflex.php,dynasty-op,dsf,Jake Bobo,25339,WR,SEA,489.0,0.0,489,489,,jake-bobo.php,,,0.6,,,,,,11.0,Jake Bobo,2026-07-31,SEA
/nfl/rankings/dynasty-superflex.php,dynasty-op,dsf,Will Levis,22987,QB,TEN,490.0,0.0,490,490,,will-levis.php,,,2.4,,,,,,9.0,Will Levis,2026-07-31,TEN
/nfl/rankings/dynasty-superflex.php,dynasty-op,dsf,Kenny Pickett,22722,QB,CAR,491.0,0.0,491,491,,kenny-pickett.php,,,1.0,,,,,,5.0,Kenny Pickett,2026-07-31,CAR
/nfl/rankings/dynasty-superflex.php,dynasty-op,dsf,Mason Rudolph,17234,QB,PIT,492.0,0.0,492,492,,mason-rudolph.php,,,0.8,,,,,,9.0,Mason Rudolph,2026-07-31,PIT
/nfl/rankings/dynasty-superflex.php,dynasty-op,dsf,Greg Dortch,18585,WR,DET,493.0,0.0,493,493,,greg-dortch.php,,,1.3,,,,,,6.0,Greg Dortch,2026-07-31,DET
/nfl/rankings/dynasty-superflex.php,dynasty-op,dsf,Ashton Dulin,18656,WR,IND,494.0,0.0,494,494,,ashton-dulin.php,,,0.6,,,,,,13.0,Ashton Dulin,2026-07-31,IND
/nfl/rankings/dynasty-superflex.php,dynasty-op,dsf,Gardner Minshew II,18562,QB,ARI,495.0,0.0,495,495,,gardner-minshew.php,,,2.6,,,,,,14.0,Gardner Minshew,2026-07-31,ARI
/nfl/rankings/dynasty-superflex.php,dynasty-op,dsf,Jake Browning,18557,QB,TB,496.0,0.0,496,496,,jake-browning.php,,,0.7,,,,,,10.0,Jake Browning,2026-07-31,TBB
/nfl/rankings/dynasty-superflex.php,dynasty-op,dsf,Joshua Dobbs,16417,QB,FA,497.0,0.0,497,497,,joshua-dobbs.php,,,1.0,,,,,,,Joshua Dobbs,2026-07-31,FA
/nfl/rankings/dynasty-superflex.php,dynasty-op,dsf,Hunter Long,22783,TE,JAC,498.0,0.0,498,498,,hunter-long.php,,,1.0,,,,,,7.0,Hunter Long,2026-07-31,JAC
/nfl/rankings/dynasty-superflex.php,dynasty-op,dsf,Julian Hill,25824,TE,NE,499.0,0.0,499,499,,julian-hill.php,,,0.6,,,,,,11.0,Julian Hill,2026-07-31,NEP
/nfl/rankings/dynasty-superflex.php,dynasty-op,dsf,Mitchell Trubisky,16381,QB,TEN,500.0,0.0,500,500,,mitch-trubisky.php,,,0.6,,,,,,9.0,Mitchell Trubisky,2026-07-31,TEN
/nfl/rankings/dynasty-superflex.php,dynasty-op,dsf,Isaiah Williams,10977,WR,FA,501.0,0.0,501,501,,isaiah-williams.php,,,0.0,,,,,,,Isaiah Williams,2026-07-31,FA
/nfl/rankings/dynasty-superflex.php,dynasty-op,dsf,Noah Brown,16443,WR,FA,502.0,0.0,502,502,,noah-brown.php,,,1.3,,,,,,,Noah Brown,2026-07-31,FA
/nfl/rankings/dynasty-superflex.php,dynasty-op,dsf,Josh Reynolds,16439,WR,FA,503.0,0.0,503,503,,josh-reynolds.php,,,2.1,,,,,,,Josh Reynolds,2026-07-31,FA
/nfl/rankings/dynasty-superflex.php,dynasty-op,dsf,JuJu Smith-Schuster,16427,WR,NYG,504.0,0.0,504,504,,juju-smith-schuster.php,,,1.1,,,,,,8.0,JuJu Smith-Schuster,2026-07-31,NYG
/nfl/rankings/dynasty-superflex.php,dynasty-op,dsf,Sterling Shepard,15569,WR,FA,505.0,0.0,505,505,,sterling-shepard.php,,,1.0,,,,,,,Sterling Shepard,2026-07-31,FA
/nfl/rankings/dynasty-superflex.php,dynasty-op,dsf,Dohnte Meyers,28178,WR,CIN,506.0,0.0,506,506,,dohnte-meyers.php,,,0.0,,,,,,6.0,Dohnte Meyers,2026-07-31,CIN
/nfl/rankings/dynasty-superflex.php,dynasty-op,dsf,Damien Alford,28451,WR,FA,507.0,0.0,507,507,,damien-alford.php,,,1.5,,,,,,,Damien Alford,2026-07-31,FA
/nfl/rankings/dynasty-superflex.php,dynasty-op,dsf,Jared Wayne,25495,WR,HOU,508.0,0.0,508,508,,jared-wayne.php,,,0.0,,,,,,8.0,Jared Wayne,2026-07-31,HOU
/nfl/rankings/dynasty-superflex.php,dynasty-op,dsf,Kevin Austin Jr.,23049,WR,NO,509.0,0.0,509,509,,kevin-austin.php,,,1.0,,,,,,8.0,Kevin Austin,2026-07-31,NOS
/nfl/rankings/dynasty-superflex.php,dynasty-op,dsf,Lil'Jordan Humphrey,18590,WR,DEN,510.0,0.0,510,510,,liljordan-humphrey.php,,,1.1,,,,,,10.0,LilJordan Humphrey,2026-07-31,DEN
/nfl/rankings/dynasty-superflex.php,dynasty-op,dsf,Jamari Thrash,26162,WR,CLE,511.0,0.0,511,511,,jamari-thrash.php,,,1.1,,,,,,11.0,Jamari Thrash,2026-07-31,CLE
/nfl/rankings/dynasty-superflex.php,dynasty-op,dsf,Marquez Valdes-Scantling,17528,WR,DAL,512.0,0.0,512,512,,marquez-valdesscantling.php,,,0.7,,,,,,14.0,Marquez Valdes-Scantling,2026-07-31,DAL
/nfl/rankings/dynasty-superflex.php,dynasty-op,dsf,Arian Smith,22965,WR,NYJ,513.0,0.0,513,513,,arian-smith.php,,,0.7,,,,,,13.0,Arian Smith,2026-07-31,NYJ
/nfl/rankings/dynasty-superflex.php,dynasty-op,dsf,Tim Patrick,16556,WR,NYJ,514.0,0.0,514,514,,tim-patrick.php,,,1.0,,,,,,13.0,Tim Patrick,2026-07-31,NYJ
/nfl/rankings/dynasty-superflex.php,dynasty-op,dsf,Mitch Tinsley,24370,WR,CIN,515.0,0.0,515,515,,mitchell-tinsley.php,,,0.6,,,,,,6.0,Mitch Tinsley,2026-07-31,CIN
/nfl/rankings/dynasty-superflex.php,dynasty-op,dsf,Tanner Hudson,17826,TE,CIN,516.0,0.0,516,516,,tanner-hudson.php,,,1.2,,,,,,6.0,Tanner Hudson,2026-07-31,CIN
/nfl/rankings/dynasty-superflex.php,dynasty-op,dsf,Zay Jones,16431,WR,FA,517.0,0.0,517,517,,zay-jones.php,,,1.0,,,,,,,Zay Jones,2026-07-31,FA
/nfl/rankings/dynasty-superflex.php,dynasty-op,dsf,Darius Cooper,27866,WR,PHI,518.0,0.0,518,518,,darius-cooper.php,,,0.6,,,,,,10.0,Darius Cooper,2026-07-31,PHI
/nfl/rankings/dynasty-superflex.php,dynasty-op,dsf,Jonathan Mingo,23030,WR,DAL,519.0,0.0,519,519,,jonathan-mingo.php,,,0.6,,,,,,14.0,Jonathan Mingo,2026-07-31,DAL
/nfl/rankings/dynasty-superflex.php,dynasty-op,dsf,Tyler Johnson,18633,WR,DAL,520.0,0.0,520,520,,tyler-johnson.php,,,1.1,,,,,,14.0,Tyler Johnson,2026-07-31,DAL
/nfl/rankings/dynasty-superflex.php,dynasty-op,dsf,Vinny Anthony II,28150,WR,ATL,521.0,0.0,521,521,,vinny-anthony-ii.php,,,0.0,,,,,,11.0,Vinny Anthony,2026-07-31,ATL
/nfl/rankings/dynasty-superflex.php,dynasty-op,dsf,Nick Nash,27263,WR,WAS,522.0,0.0,522,522,,nick-nash.php,,,1.0,,,,,,7.0,Nick Nash,2026-07-31,WAS
/nfl/rankings/dynasty-superflex.php,dynasty-op,dsf,Tyler Scott,25442,WR,LAR,523.0,0.0,523,523,,tyler-scott-wr.php,,,3.2,,,,,,11.0,Tyler Scott,2026-07-31,LAR
/nfl/rankings/dynasty-superflex.php,dynasty-op,dsf,David Moore,16757,WR,CAR,524.0,0.0,524,524,,david-moore.php,,,0.8,,,,,,5.0,David Moore,2026-07-31,CAR
/nfl/rankings/dynasty-superflex.php,dynasty-op,dsf,Allen Lazard,17301,WR,FA,525.0,0.0,525,525,,allen-lazard.php,,,1.0,,,,,,,Allen Lazard,2026-07-31,FA
/nfl/rankings/dynasty-superflex.php,dynasty-op,dsf,Cedrick Wilson Jr.,17262,WR,DET,526.0,0.0,526,526,,cedrick-wilson.php,,,1.1,,,,,,6.0,Cedrick Wilson,2026-07-31,DET
/nfl/rankings/dynasty-superflex.php,dynasty-op,dsf,Casey Washington,26413,WR,CAR,527.0,0.0,527,527,,casey-washington.php,,,0.0,,,,,,5.0,Casey Washington,2026-07-31,CAR
/nfl/rankings/dynasty-superflex.php,dynasty-op,dsf,Chris Moore,15654,WR,BAL,528.0,0.0,528,528,,chris-moore.php,,,0.0,,,,,,13.0,Chris Moore,2026-07-31,BAL
/nfl/rankings/dynasty-superflex.php,dynasty-op,dsf,Ricky White III,27186,WR,SEA,529.0,0.0,529,529,,ricky-white-iii.php,,,1.0,,,,,,11.0,Ricky White,2026-07-31,SEA
/nfl/rankings/dynasty-superflex.php,dynasty-op,dsf,Ray-Ray McCloud III,17530,WR,FA,530.0,0.0,530,530,,ray-ray-mccloud.php,,,1.0,,,,,,,Ray-Ray McCloud,2026-07-31,FA
/nfl/rankings/dynasty-superflex.php,dynasty-op,dsf,Dante Pettis,17264,WR,BUF,531.0,0.0,531,531,,dante-pettis.php,,,1.0,,,,,,7.0,Dante Pettis,2026-07-31,BUF
/nfl/rankings/dynasty-superflex.php,dynasty-op,dsf,Scotty Miller,18714,WR,CHI,532.0,0.0,532,532,,scott-miller.php,,,0.1,,,,,,10.0,Scott Miller,2026-07-31,CHI
/nfl/rankings/dynasty-superflex.php,dynasty-op,dsf,Ben Skowronek,22843,WR,PIT,533.0,0.0,533,533,,ben-skowronek.php,,,0.1,,,,,,9.0,Ben Skowronek,2026-07-31,PIT
/nfl/rankings/dynasty-superflex.php,dynasty-op,dsf,Michael Bandy,23531,WR,DEN,534.0,0.0,534,534,,michael-bandy.php,,,1.0,,,,,,10.0,Michael Bandy,2026-07-31,DEN
/nfl/rankings/dynasty-superflex.php,dynasty-op,dsf,Shedrick Jackson,25709,WR,LV,535.0,0.0,535,535,,shedrick-jackson.php,,,1.0,,,,,,13.0,Shedrick Jackson,2026-07-31,LVR
/nfl/rankings/dynasty-superflex.php,dynasty-op,dsf,Xavier Smith,25627,WR,LAR,536.0,0.0,536,536,,xavier-smith.php,,,0.6,,,,,,11.0,Xavier Smith,2026-07-31,LAR
/nfl/rankings/dynasty-superflex.php,dynasty-op,dsf,Johnny Wilson,25295,WR,PHI,537.0,0.0,537,537,,johnny-wilson.php,,,1.1,,,,,,10.0,Johnny Wilson,2026-07-31,PHI
/nfl/rankings/dynasty-superflex.php,dynasty-op,dsf,David Sills V,18566,WR,TB,538.0,0.0,538,538,,david-sills.php,,,0.0,,,,,,10.0,David Sills,2026-07-31,TBB
/nfl/rankings/dynasty-superflex.php,dynasty-op,dsf,Henry Ruggs III,19207,WR,FA,539.0,0.0,539,539,,henry-ruggs.php,,,7.6,,,,,,,Henry Ruggs,2026-07-31,FA
/nfl/rankings/dynasty-superflex.php,dynasty-op,dsf,Skyy Moore,23905,WR,GB,540.0,0.0,540,540,,skyy-moore.php,,,0.8,,,,,,11.0,Skyy Moore,2026-07-31,GBP
/nfl/rankings/dynasty-overall.php,dynasty-overall,do,Ja'Marr Chase,19788,WR,CIN,1.15,0.36,1,2,,jamarr-chase.php,,,99.4,,,,,,6.0,JaMarr Chase,2026-07-31,CIN
/nfl/rankings/dynasty-overall.php,dynasty-overall,do,Bijan Robinson,23133,RB,ATL,3.5,1.47,1,6,,bijan-robinson.php,,,99.4,,,,,,11.0,Bijan Robinson,2026-07-31,ATL
/nfl/rankings/dynasty-overall.php,dynasty-overall,do,Jaxon Smith-Njigba,23070,WR,SEA,3.55,1.69,2,8,,jaxon-smith-njigba.php,,,99.6,,,,,,11.0,Jaxon Smith-Njigba,2026-07-31,SEA
/nfl/rankings/dynasty-overall.php,dynasty-overall,do,Puka Nacua,23180,WR,LAR,3.7,1.31,2,7,,puka-nacua.php,,,99.5,,,,,,11.0,Puka Nacua,2026-07-31,LAR
/nfl/rankings/dynasty-overall.php,dynasty-overall,do,Jahmyr Gibbs,22968,RB,DET,4.45,1.02,3,6,,jahmyr-gibbs.php,,,99.3,,,,,,6.0,Jahmyr Gibbs,2026-07-31,DET
/nfl/rankings/dynasty-overall.php,dynasty-overall,do,Amon-Ra St. Brown,19799,WR,DET,6.95,2.09,4,11,,amonra-stbrown.php,,,99.3,,,,,,6.0,Amon-Ra St Brown,2026-07-31,DET
/nfl/rankings/dynasty-overall.php,dynasty-overall,do,Justin Jefferson,19236,WR,MIN,7.6,2.24,4,13,,justin-jefferson.php,,,99.3,,,,,,6.0,Justin Jefferson,2026-07-31,MIN
/nfl/rankings/dynasty-overall.php,dynasty-overall,do,Ashton Jeanty,25989,RB,LV,9.55,1.5,7,13,,ashton-jeanty.php,,,99.1,,,,,,13.0,Ashton Jeanty,2026-07-31,LVR
/nfl/rankings/dynasty-overall.php,dynasty-overall,do,CeeDee Lamb,19202,WR,DAL,10.25,4.23,7,27,,ceedee-lamb.php,,,99.4,,,,,,14.0,CeeDee Lamb,2026-07-31,DAL
/nfl/rankings/dynasty-overall.php,dynasty-overall,do,Malik Nabers,25409,WR,NYG,10.45,3.92,6,19,,malik-nabers.php,,,98.2,,,,,,8.0,Malik Nabers,2026-07-31,NYG
/nfl/rankings/dynasty-overall.php,dynasty-overall,do,Jeremiyah Love,25403,RB,ARI,12.2,1.6,9,16,,jeremiyah-love.php,,,98.2,,,,,,14.0,Jeremiyah Love,2026-07-31,ARI
/nfl/rankings/dynasty-overall.php,dynasty-overall,do,Drake London,23163,WR,ATL,12.6,2.15,10,17,,drake-london.php,,,99.1,,,,,,11.0,Drake London,2026-07-31,ATL
/nfl/rankings/dynasty-overall.php,dynasty-overall,do,De'Von Achane,23136,RB,MIA,14.65,2.73,10,22,,devon-achane.php,,,99.2,,,,,,6.0,DeVon Achane,2026-07-31,MIA
/nfl/rankings/dynasty-overall.php,dynasty-overall,do,Brock Bowers,22955,TE,LV,16.25,5.94,6,23,,brock-bowers.php,,,99.1,,,,,,13.0,Brock Bowers,2026-07-31,LVR
/nfl/rankings/dynasty-overall.php,dynasty-overall,do,Omarion Hampton,25395,RB,LAC,16.25,3.66,10,22,,omarion-hampton.php,,,98.7,,,,,,7.0,Omarion Hampton,2026-07-31,LAC
/nfl/rankings/dynasty-overall.php,dynasty-overall,do,Tetairoa McMillan,25417,WR,CAR,18.0,4.57,14,30,,tetairoa-mcmillan.php,,,97.9,,,,,,5.0,Tetairoa McMillan,2026-07-31,CAR
/nfl/rankings/dynasty-overall.php,dynasty-overall,do,James Cook III,22958,RB,BUF,19.65,4.29,16,29,,james-cook.php,,,99.5,,,,,,7.0,James Cook,2026-07-31,BUF
/nfl/rankings/dynasty-overall.php,dynasty-overall,do,Nico Collins,20130,WR,HOU,20.45,5.22,14,33,,nico-collins.php,,,99.2,,,,,,8.0,Nico Collins,2026-07-31,HOU
/nfl/rankings/dynasty-overall.php,dynasty-overall,do,Josh Allen,17298,QB,BUF,21.1,6.6,7,39,,josh-allen-qb.php,,,99.4,,,,,,7.0,Josh Allen,2026-07-31,BUF
/nfl/rankings/dynasty-overall.php,dynasty-overall,do,Jonathan Taylor,19217,RB,IND,21.1,6.37,10,37,,jonathan-taylor.php,,,99.3,,,,,,13.0,Jonathan Taylor,2026-07-31,IND
/nfl/rankings/dynasty-overall.php,dynasty-overall,do,Emeka Egbuka,23062,WR,TB,22.75,6.24,17,43,,emeka-egbuka.php,,,96.3,,,,,,10.0,Emeka Egbuka,2026-07-31,TBB
/nfl/rankings/dynasty-overall.php,dynasty-overall,do,Trey McBride,22936,TE,ARI,23.5,8.56,8,44,,trey-mcbride.php,,,99.3,,,,,,14.0,Trey McBride,2026-07-31,ARI
/nfl/rankings/dynasty-overall.php,dynasty-overall,do,George Pickens,22963,WR,DAL,24.1,6.55,15,43,,george-pickens.php,,,99.2,,,,,,14.0,George Pickens,2026-07-31,DAL
/nfl/rankings/dynasty-overall.php,dynasty-overall,do,Drake Maye,23046,QB,NE,26.1,7.58,10,42,,drake-maye.php,,,98.6,,,,,,11.0,Drake Maye,2026-07-31,NEP
/nfl/rankings/dynasty-overall.php,dynasty-overall,do,Chris Olave,20111,WR,NO,27.3,4.54,20,38,,chris-olave.php,,,98.1,,,,,,8.0,Chris Olave,2026-07-31,NOS
/nfl/rankings/dynasty-overall.php,dynasty-overall,do,Kenneth Walker III,23021,RB,KC,27.4,6.29,21,50,,kenneth-walker-rb.php,,,99.3,,,,,,5.0,Kenneth Walker,2026-07-31,KCC
/nfl/rankings/dynasty-overall.php,dynasty-overall,do,Carnell Tate,26009,WR,TEN,27.9,5.34,20,39,,carnell-tate.php,,,93.4,,,,,,9.0,Carnell Tate,2026-07-31,TEN
/nfl/rankings/dynasty-overall.php,dynasty-overall,do,Garrett Wilson,23072,WR,NYJ,29.3,5.43,21,40,,garrett-wilson.php,,,97.3,,,,,,13.0,Garrett Wilson,2026-07-31,NYJ
/nfl/rankings/dynasty-overall.php,dynasty-overall,do,Ladd McConkey,26122,WR,LAC,31.95,5.47,25,47,,ladd-mcconkey.php,,,95.9,,,,,,7.0,Ladd McConkey,2026-07-31,LAC
/nfl/rankings/dynasty-overall.php,dynasty-overall,do,Breece Hall,22982,RB,NYJ,33.15,8.14,22,52,,breece-hall.php,,,97.6,,,,,,13.0,Breece Hall,2026-07-31,NYJ
/nfl/rankings/dynasty-overall.php,dynasty-overall,do,Jayden Daniels,22902,QB,WAS,33.8,9.54,21,54,,jayden-daniels.php,,,97.5,,,,,,7.0,Jayden Daniels,2026-07-31,WAS
/nfl/rankings/dynasty-overall.php,dynasty-overall,do,Colston Loveland,26006,TE,CHI,35.05,11.34,15,48,,colston-loveland.php,,,98.6,,,,,,10.0,Colston Loveland,2026-07-31,CHI
/nfl/rankings/dynasty-overall.php,dynasty-overall,do,A.J. Brown,18218,WR,NE,35.25,7.78,20,49,,aj-brown.php,,,99.2,,,,,,11.0,AJ Brown,2026-07-31,NEP
/nfl/rankings/dynasty-overall.php,dynasty-overall,do,DeVonta Smith,19222,WR,PHI,35.3,6.11,23,43,,devonta-smith.php,,,98.0,,,,,,10.0,DeVonta Smith,2026-07-31,PHI
/nfl/rankings/dynasty-overall.php,dynasty-overall,do,Luther Burden III,27016,WR,CHI,35.65,8.8,22,59,,luther-burden-iii.php,,,93.8,,,,,,10.0,Luther Burden,2026-07-31,CHI
/nfl/rankings/dynasty-overall.php,dynasty-overall,do,Zay Flowers,22916,WR,BAL,36.75,9.76,26,67,,zay-flowers.php,,,97.1,,,,,,13.0,Zay Flowers,2026-07-31,BAL
/nfl/rankings/dynasty-overall.php,dynasty-overall,do,Lamar Jackson,17233,QB,BAL,37.1,10.53,20,67,,lamar-jackson.php,,,99.1,,,,,,13.0,Lamar Jackson,2026-07-31,BAL
/nfl/rankings/dynasty-overall.php,dynasty-overall,do,Jordyn Tyson,26035,WR,NO,38.2,9.48,22,67,,jordyn-tyson.php,,,89.2,,,,,,8.0,Jordyn Tyson,2026-07-31,NOS
/nfl/rankings/dynasty-overall.php,dynasty-overall,do,Chase Brown,25324,RB,CIN,40.25,6.74,24,50,,chase-brown.php,,,98.7,,,,,,6.0,Chase Brown,2026-07-31,CIN
/nfl/rankings/dynasty-overall.php,dynasty-overall,do,Makai Lemon,25420,WR,PHI,40.45,8.24,24,68,,makai-lemon.php,,,88.7,,,,,,10.0,Makai Lemon,2026-07-31,PHI
/nfl/rankings/dynasty-overall.php,dynasty-overall,do,Tee Higgins,19211,WR,CIN,43.2,8.5,32,62,,tee-higgins.php,,,97.6,,,,,,6.0,Tee Higgins,2026-07-31,CIN
/nfl/rankings/dynasty-overall.php,dynasty-overall,do,Tyler Warren,26434,TE,IND,43.9,6.71,28,56,,tyler-warren.php,,,98.2,,,,,,13.0,Tyler Warren,2026-07-31,IND
/nfl/rankings/dynasty-overall.php,dynasty-overall,do,Joe Burrow,19196,QB,CIN,44.0,7.99,28,68,,joe-burrow.php,,,98.1,,,,,,6.0,Joe Burrow,2026-07-31,CIN
/nfl/rankings/dynasty-overall.php,dynasty-overall,do,Jaylen Waddle,19790,WR,DEN,44.75,7.66,33,59,,jaylen-waddle.php,,,95.7,,,,,,10.0,Jaylen Waddle,2026-07-31,DEN
/nfl/rankings/dynasty-overall.php,dynasty-overall,do,Rashee Rice,23113,WR,KC,44.85,14.95,22,82,,rashee-rice.php,,,97.9,,,,,,5.0,Rashee Rice,2026-07-31,KCC
/nfl/rankings/dynasty-overall.php,dynasty-overall,do,Caleb Williams,23084,QB,CHI,47.2,15.7,16,96,,caleb-williams.php,,,93.7,,,,,,10.0,Caleb Williams,2026-07-31,CHI
/nfl/rankings/dynasty-overall.php,dynasty-overall,do,Rome Odunze,25411,WR,CHI,47.75,9.94,33,70,,rome-odunze.php,,,92.4,,,,,,10.0,Rome Odunze,2026-07-31,CHI
/nfl/rankings/dynasty-overall.php,dynasty-overall,do,TreVeyon Henderson,23065,RB,NE,48.3,9.37,37,68,,treveyon-henderson.php,,,94.0,,,,,,11.0,TreVeyon Henderson,2026-07-31,NEP
/nfl/rankings/dynasty-overall.php,dynasty-overall,do,Quinshon Judkins,25391,RB,CLE,49.9,11.06,31,67,,quinshon-judkins.php,,,93.9,,,,,,11.0,Quinshon Judkins,2026-07-31,CLE
/nfl/rankings/dynasty-overall.php,dynasty-overall,do,Justin Herbert,18635,QB,LAC,50.7,11.82,36,87,,justin-herbert.php,,,93.4,,,,,,7.0,Justin Herbert,2026-07-31,LAC
/nfl/rankings/dynasty-overall.php,dynasty-overall,do,Patrick Mahomes II,16413,QB,KC,51.85,13.09,20,90,,patrick-mahomes.php,,,91.9,,,,,,5.0,Patrick Mahomes,2026-07-31,KCC
/nfl/rankings/dynasty-overall.php,dynasty-overall,do,Tucker Kraft,25298,TE,GB,52.3,6.33,43,69,,tucker-kraft.php,,,93.8,,,,,,11.0,Tucker Kraft,2026-07-31,GBP
/nfl/rankings/dynasty-overall.php,dynasty-overall,do,Saquon Barkley,17240,RB,PHI,52.55,9.82,34,65,,saquon-barkley.php,,,99.4,,,,,,10.0,Saquon Barkley,2026-07-31,PHI
/nfl/rankings/dynasty-overall.php,dynasty-overall,do,Marvin Harrison Jr.,23064,WR,ARI,53.4,11.77,37,73,,marvin-harrison-jr.php,,,90.6,,,,,,14.0,Marvin Harrison,2026-07-31,ARI
/nfl/rankings/dynasty-overall.php,dynasty-overall,do,Jalen Hurts,19275,QB,PHI,53.5,8.97,28,78,,jalen-hurts.php,,,97.8,,,,,,10.0,Jalen Hurts,2026-07-31,PHI
/nfl/rankings/dynasty-overall.php,dynasty-overall,do,Jameson Williams,23677,WR,DET,54.95,9.31,41,75,,jameson-williams.php,,,95.1,,,,,,6.0,Jameson Williams,2026-07-31,DET
/nfl/rankings/dynasty-overall.php,dynasty-overall,do,Harold Fannin Jr.,27050,TE,CLE,56.3,6.62,48,78,,harold-fannin-jr.php,,,94.6,,,,,,11.0,Harold Fannin,2026-07-31,CLE
/nfl/rankings/dynasty-overall.php,dynasty-overall,do,Christian McCaffrey,16393,RB,SF,56.7,10.06,31,68,,christian-mccaffrey.php,,,99.5,,,,,,8.0,Christian McCaffrey,2026-07-31,SFO
/nfl/rankings/dynasty-overall.php,dynasty-overall,do,Brian Thomas Jr.,23000,WR,JAC,58.95,10.89,38,74,,brian-thomas-jr.php,,,89.6,,,,,,7.0,Brian Thomas,2026-07-31,JAC
/nfl/rankings/dynasty-overall.php,dynasty-overall,do,Kyren Williams,23059,RB,LAR,59.8,8.74,46,77,,kyren-williams.php,,,98.1,,,,,,11.0,Kyren Williams,2026-07-31,LAR
/nfl/rankings/dynasty-overall.php,dynasty-overall,do,Trevor Lawrence,19780,QB,JAC,60.0,11.17,51,90,,trevor-lawrence.php,,,90.8,,,,,,7.0,Trevor Lawrence,2026-07-31,JAC
/nfl/rankings/dynasty-overall.php,dynasty-overall,do,Sam LaPorta,22978,TE,DET,61.9,5.63,51,72,,sam-laporta.php,,,95.5,,,,,,6.0,Sam LaPorta,2026-07-31,DET
/nfl/rankings/dynasty-overall.php,dynasty-overall,do,Travis Etienne Jr.,19231,RB,NO,63.85,6.2,50,75,,travis-etienne.php,,,96.1,,,,,,8.0,Travis Etienne,2026-07-31,NOS
/nfl/rankings/dynasty-overall.php,dynasty-overall,do,Kyle Pitts Sr.,20164,TE,ATL,63.9,7.92,53,91,,kyle-pitts.php,,,95.6,,,,,,11.0,Kyle Pitts,2026-07-31,ATL
/nfl/rankings/dynasty-overall.php,dynasty-overall,do,Christian Watson,23886,WR,GB,66.5,11.5,44,86,,christian-watson.php,,,91.6,,,,,,11.0,Christian Watson,2026-07-31,GBP
/nfl/rankings/dynasty-overall.php,dynasty-overall,do,Cam Skattebo,27166,RB,NYG,67.05,6.37,52,81,,cam-skattebo.php,,,97.0,,,,,,8.0,Cam Skattebo,2026-07-31,NYG
/nfl/rankings/dynasty-overall.php,dynasty-overall,do,Brock Purdy,19797,QB,SF,68.3,12.83,58,108,,brock-purdy.php,,,90.9,,,,,,8.0,Brock Purdy,2026-07-31,SFO
/nfl/rankings/dynasty-overall.php,dynasty-overall,do,Bucky Irving,25981,RB,TB,68.8,12.17,45,88,,bucky-irving.php,,,95.7,,,,,,10.0,Bucky Irving,2026-07-31,TBB
/nfl/rankings/dynasty-overall.php,dynasty-overall,do,Jaxson Dart,23160,QB,NYG,69.0,16.24,54,117,,jaxson-dart.php,,,94.8,,,,,,8.0,Jaxson Dart,2026-07-31,NYG
/nfl/rankings/dynasty-overall.php,dynasty-overall,do,KC Concepcion,27331,WR,CLE,69.25,13.13,42,100,,kevin-concepcion.php,,,68.0,,,,,,11.0,KC Concepcion,2026-07-31,CLE
/nfl/rankings/dynasty-overall.php,dynasty-overall,do,Javonte Williams,22739,RB,DAL,70.2,10.22,52,86,,javonte-williams.php,,,96.9,,,,,,14.0,Javonte Williams,2026-07-31,DAL
/nfl/rankings/dynasty-overall.php,dynasty-overall,do,Jadarian Price,27329,RB,SEA,70.75,8.17,55,80,,jadarian-price.php,,,91.3,,,,,,11.0,Jadarian Price,2026-07-31,SEA
/nfl/rankings/dynasty-overall.php,dynasty-overall,do,Terry McLaurin,18466,WR,WAS,74.65,3.79,68,83,,terry-mclaurin.php,,,95.3,,,,,,7.0,Terry McLaurin,2026-07-31,WAS
/nfl/rankings/dynasty-overall.php,dynasty-overall,do,Alec Pierce,23791,WR,IND,75.6,8.08,57,95,,alec-pierce.php,,,90.3,,,,,,13.0,Alec Pierce,2026-07-31,IND
/nfl/rankings/dynasty-overall.php,dynasty-overall,do,Bo Nix,22910,QB,DEN,76.55,12.61,60,99,,bo-nix.php,,,88.9,,,,,,10.0,Bo Nix,2026-07-31,DEN
/nfl/rankings/dynasty-overall.php,dynasty-overall,do,Kenyon Sadiq,26055,TE,NYJ,76.75,13.72,65,116,,kenyon-sadiq.php,,,64.8,,,,,,13.0,Kenyon Sadiq,2026-07-31,NYJ
/nfl/rankings/dynasty-overall.php,dynasty-overall,do,DJ Moore,17265,WR,BUF,77.05,8.86,62,94,,dj-moore-wr.php,,,93.4,,,,,,7.0,DJ Moore,2026-07-31,BUF
/nfl/rankings/dynasty-overall.php,dynasty-overall,do,Derrick Henry,15514,RB,BAL,80.45,8.52,58,90,,derrick-henry.php,,,99.1,,,,,,13.0,Derrick Henry,2026-07-31,BAL
/nfl/rankings/dynasty-overall.php,dynasty-overall,do,Josh Jacobs,18269,RB,GB,82.0,11.21,55,105,,josh-jacobs.php,,,98.7,,,,,,11.0,Josh Jacobs,2026-07-31,GBP
/nfl/rankings/dynasty-overall.php,dynasty-overall,do,Jordan Addison,23107,WR,MIN,82.4,9.4,64,99,,jordan-addison.php,,,84.0,,,,,,6.0,Jordan Addison,2026-07-31,MIN
/nfl/rankings/dynasty-overall.php,dynasty-overall,do,Bhayshul Tuten,27297,RB,JAC,82.85,10.14,61,98,,bhayshul-tuten.php,,,91.2,,,,,,7.0,Bhayshul Tuten,2026-07-31,JAC
/nfl/rankings/dynasty-overall.php,dynasty-overall,do,DK Metcalf,18219,WR,PIT,84.0,7.83,67,97,,dk-metcalf.php,,,92.2,,,,,,9.0,DK Metcalf,2026-07-31,PIT
/nfl/rankings/dynasty-overall.php,dynasty-overall,do,Dak Prescott,15600,QB,DAL,84.2,12.01,60,111,,dak-prescott.php,,,93.4,,,,,,14.0,Dak Prescott,2026-07-31,DAL
/nfl/rankings/dynasty-overall.php,dynasty-overall,do,Omar Cooper Jr.,28127,WR,NYJ,85.4,13.55,70,115,,omar-cooper-jr.php,,,42.1,,,,,,13.0,Omar Cooper,2026-07-31,NYJ
/nfl/rankings/dynasty-overall.php,dynasty-overall,do,Eli Stowers,23144,TE,PHI,87.45,18.5,64,117,,eli-stowers.php,,,24.0,,,,,,10.0,Eli Stowers,2026-07-31,PHI
/nfl/rankings/dynasty-overall.php,dynasty-overall,do,D'Andre Swift,19210,RB,CHI,89.7,5.71,80,101,,dandre-swift.php,,,94.0,,,,,,10.0,DAndre Swift,2026-07-31,CHI
/nfl/rankings/dynasty-overall.php,dynasty-overall,do,Jordan Love,19246,QB,GB,91.0,10.02,72,110,,jordan-love.php,,,58.4,,,,,,11.0,Jordan Love,2026-07-31,GBP
/nfl/rankings/dynasty-overall.php,dynasty-overall,do,Michael Wilson,25333,WR,ARI,91.1,11.7,69,118,,michael-wilson.php,,,86.6,,,,,,14.0,Michael Wilson,2026-07-31,ARI
/nfl/rankings/dynasty-overall.php,dynasty-overall,do,Parker Washington,23106,WR,JAC,91.65,19.05,60,133,,parker-washington.php,,,88.4,,,,,,7.0,Parker Washington,2026-07-31,JAC
/nfl/rankings/dynasty-overall.php,dynasty-overall,do,Wan'Dale Robinson,22985,WR,TEN,93.35,10.12,73,119,,wandale-robinson.php,,,77.3,,,,,,9.0,WanDale Robinson,2026-07-31,TEN
/nfl/rankings/dynasty-overall.php,dynasty-overall,do,Jayden Higgins,27077,WR,HOU,95.45,11.14,76,120,,jayden-higgins.php,,,50.1,,,,,,8.0,Jayden Higgins,2026-07-31,HOU
/nfl/rankings/dynasty-overall.php,dynasty-overall,do,Ricky Pearsall,26214,WR,SF,96.2,10.98,76,119,,ricky-pearsall.php,,,83.4,,,,,,8.0,Ricky Pearsall,2026-07-31,SFO
/nfl/rankings/dynasty-overall.php,dynasty-overall,do,Oronde Gadsden II,25997,TE,LAC,96.4,19.51,66,134,,oronde-gadsden-ii.php,,,53.6,,,,,,7.0,Oronde Gadsden,2026-07-31,LAC
/nfl/rankings/dynasty-overall.php,dynasty-overall,do,David Montgomery,18239,RB,HOU,96.5,9.88,78,120,,david-montgomery.php,,,93.6,,,,,,8.0,David Montgomery,2026-07-31,HOU
/nfl/rankings/dynasty-overall.php,dynasty-overall,do,Davante Adams,12123,WR,LAR,96.55,13.14,70,119,,davante-adams.php,,,97.3,,,,,,11.0,Davante Adams,2026-07-31,LAR
/nfl/rankings/dynasty-overall.php,dynasty-overall,do,Josh Downs,24706,WR,IND,97.7,11.29,78,132,,josh-downs.php,,,81.5,,,,,,13.0,Josh Downs,2026-07-31,IND
/nfl/rankings/dynasty-overall.php,dynasty-overall,do,Dalton Kincaid,25247,TE,BUF,98.0,13.88,78,121,,dalton-kincaid.php,,,78.2,,,,,,7.0,Dalton Kincaid,2026-07-31,BUF
/nfl/rankings/dynasty-overall.php,dynasty-overall,do,Mike Evans,12119,WR,SF,98.4,7.86,84,113,,mike-evans.php,,,93.0,,,,,,8.0,Mike Evans,2026-07-31,SFO
/nfl/rankings/dynasty-overall.php,dynasty-overall,do,Michael Pittman Jr.,19278,WR,PIT,98.5,9.29,80,114,,michael-pittman.php,,,87.7,,,,,,9.0,Michael Pittman,2026-07-31,PIT
/nfl/rankings/dynasty-overall.php,dynasty-overall,do,Isaiah Likely,23781,TE,NYG,99.25,21.13,74,144,,isaiah-likely.php,,,86.6,,,,,,8.0,Isaiah Likely,2026-07-31,NYG
/nfl/rankings/dynasty-overall.php,dynasty-overall,do,Denzel Boston,27339,WR,CLE,101.4,13.21,75,125,,denzel-boston.php,,,36.7,,,,,,11.0,Denzel Boston,2026-07-31,CLE
/nfl/rankings/dynasty-overall.php,dynasty-overall,do,Courtland Sutton,17253,WR,DEN,101.75,9.43,82,119,,courtland-sutton.php,,,89.8,,,,,,10.0,Courtland Sutton,2026-07-31,DEN
/nfl/rankings/dynasty-overall.php,dynasty-overall,do,Jake Ferguson,22718,TE,DAL,104.7,15.3,78,130,,jake-ferguson.php,,,89.6,,,,,,14.0,Jake Ferguson,2026-07-31,DAL
/nfl/rankings/dynasty-overall.php,dynasty-overall,do,RJ Harvey,27142,RB,DEN,105.05,12.65,74,133,,rj-harvey.php,,,88.1,,,,,,10.0,RJ Harvey,2026-07-31,DEN
/nfl/rankings/dynasty-overall.php,dynasty-overall,do,Jared Goff,15501,QB,DET,105.7,16.4,64,129,,jared-goff.php,,,77.7,,,,,,6.0,Jared Goff,2026-07-31,DET
/nfl/rankings/dynasty-overall.php,dynasty-overall,do,Xavier Worthy,23019,WR,KC,105.8,15.28,73,145,,xavier-worthy.php,,,77.2,,,,,,5.0,Xavier Worthy,2026-07-31,KCC
/nfl/rankings/dynasty-overall.php,dynasty-overall,do,George Kittle,16499,TE,SF,106.0,14.68,81,124,,george-kittle.php,,,92.8,,,,,,8.0,George Kittle,2026-07-31,SFO
/nfl/rankings/dynasty-overall.php,dynasty-overall,do,Jayden Reed,23020,WR,GB,108.95,10.35,86,126,,jayden-reed.php,,,78.3,,,,,,11.0,Jayden Reed,2026-07-31,GBP
/nfl/rankings/dynasty-overall.php,dynasty-overall,do,Quentin Johnston,23123,WR,LAC,109.4,8.9,87,122,,quentin-johnston.php,,,82.4,,,,,,7.0,Quentin Johnston,2026-07-31,LAC
/nfl/rankings/dynasty-overall.php,dynasty-overall,do,Matthew Golden,26024,WR,GB,109.75,10.27,85,128,,matthew-golden.php,,,69.4,,,,,,11.0,Matthew Golden,2026-07-31,GBP
/nfl/rankings/dynasty-overall.php,dynasty-overall,do,Chris Godwin Jr.,16406,WR,TB,112.0,12.38,85,138,,chris-godwin.php,,,87.2,,,,,,10.0,Chris Godwin,2026-07-31,TBB
/nfl/rankings/dynasty-overall.php,dynasty-overall,do,Jakobi Meyers,18598,WR,JAC,113.0,10.95,96,133,,jakobi-meyers.php,,,83.0,,,,,,7.0,Jakobi Meyers,2026-07-31,JAC
/nfl/rankings/dynasty-overall.php,dynasty-overall,do,Fernando Mendoza,28013,QB,LV,113.2,18.36,87,147,,fernando-mendoza.php,,,34.3,,,,,,13.0,Fernando Mendoza,2026-07-31,LVR
/nfl/rankings/dynasty-overall.php,dynasty-overall,do,Baker Mayfield,17237,QB,TB,114.65,13.96,86,141,,baker-mayfield.php,,,61.2,,,,,,10.0,Baker Mayfield,2026-07-31,TBB
/nfl/rankings/dynasty-overall.php,dynasty-overall,do,Brenton Strange,25345,TE,JAC,115.0,18.02,78,155,,brenton-strange.php,,,50.4,,,,,,7.0,Brenton Strange,2026-07-31,JAC
/nfl/rankings/dynasty-overall.php,dynasty-overall,do,Jaylen Warren,24209,RB,PIT,115.2,14.44,90,136,,jaylen-warren.php,,,91.2,,,,,,9.0,Jaylen Warren,2026-07-31,PIT
/nfl/rankings/dynasty-overall.php,dynasty-overall,do,Travis Hunter,26034,WR,JAC,118.65,24.39,73,160,,travis-hunter.php,,,67.3,,,,,,7.0,Travis Hunter,2026-07-31,JAC
/nfl/rankings/dynasty-overall.php,dynasty-overall,do,Kyle Monangai,27131,RB,CHI,121.1,17.38,96,159,,kyle-monangai.php,,,87.2,,,,,,10.0,Kyle Monangai,2026-07-31,CHI
/nfl/rankings/dynasty-overall.php,dynasty-overall,do,Blake Corum,23013,RB,LAR,121.65,16.72,89,149,,blake-corum.php,,,84.9,,,,,,11.0,Blake Corum,2026-07-31,LAR
/nfl/rankings/dynasty-overall.php,dynasty-overall,do,Antonio Williams,25418,WR,WAS,121.9,10.24,106,148,,antonio-williams-wr.php,,,28.8,,,,,,7.0,Antonio Williams,2026-07-31,WAS
/nfl/rankings/dynasty-overall.php,dynasty-overall,do,Zach Charbonnet,23152,RB,SEA,122.85,15.88,87,149,,zach-charbonnet.php,,,71.1,,,,,,11.0,Zach Charbonnet,2026-07-31,SEA
/nfl/rankings/dynasty-overall.php,dynasty-overall,do,C.J. Stroud,23071,QB,HOU,124.7,16.1,96,159,,cj-stroud.php,,,40.5,,,,,,8.0,CJ Stroud,2026-07-31,HOU
/nfl/rankings/dynasty-overall.php,dynasty-overall,do,Tyler Shough,23096,QB,NO,124.9,11.99,110,142,,tyler-shough.php,,,56.2,,,,,,8.0,Tyler Shough,2026-07-31,NOS
/nfl/rankings/dynasty-overall.php,dynasty-overall,do,Chuba Hubbard,19792,RB,CAR,126.6,19.71,90,168,,chuba-hubbard.php,,,90.3,,,,,,5.0,Chuba Hubbard,2026-07-31,CAR
/nfl/rankings/dynasty-overall.php,dynasty-overall,do,Jalen Coker,26403,WR,CAR,127.25,9.25,106,146,,jalen-coker.php,,,49.1,,,,,,5.0,Jalen Coker,2026-07-31,CAR
/nfl/rankings/dynasty-overall.php,dynasty-overall,do,Romeo Doubs,23794,WR,NE,127.7,19.3,97,170,,romeo-doubs.php,,,69.0,,,,,,11.0,Romeo Doubs,2026-07-31,NEP
/nfl/rankings/dynasty-overall.php,dynasty-overall,do,Rhamondre Stevenson,22726,RB,NE,129.5,13.94,95,149,,rhamondre-stevenson.php,,,88.3,,,,,,11.0,Rhamondre Stevenson,2026-07-31,NEP
/nfl/rankings/dynasty-overall.php,dynasty-overall,do,Kyler Murray,18600,QB,MIN,130.35,8.94,109,141,,kyler-murray.php,,,73.3,,,,,,6.0,Kyler Murray,2026-07-31,MIN
/nfl/rankings/dynasty-overall.php,dynasty-overall,do,Khalil Shakir,23748,WR,BUF,130.5,12.25,106,159,,khalil-shakir.php,,,67.1,,,,,,7.0,Khalil Shakir,2026-07-31,BUF
/nfl/rankings/dynasty-overall.php,dynasty-overall,do,Cam Ward,24755,QB,TEN,116.16,13.24,91,141,,cam-ward.php,,,33.0,,,,,,9.0,Cam Ward,2026-07-31,TEN
/nfl/rankings/dynasty-overall.php,dynasty-overall,do,Jonathon Brooks,26148,RB,CAR,130.7,21.64,89,165,,jonathon-brooks.php,,,76.0,,,,,,5.0,Jonathon Brooks,2026-07-31,CAR
/nfl/rankings/dynasty-overall.php,dynasty-overall,do,Chig Okonkwo,23982,TE,WAS,133.6,15.21,113,162,,chigoziem-okonkwo.php,,,42.9,,,,,,7.0,Chigoziem Okonkwo,2026-07-31,WAS
/nfl/rankings/dynasty-overall.php,dynasty-overall,do,Sam Darnold,17236,QB,SEA,135.95,8.69,110,151,,sam-darnold.php,,,43.1,,,,,,11.0,Sam Darnold,2026-07-31,SEA
/nfl/rankings/dynasty-overall.php,dynasty-overall,do,Rico Dowdle,19647,RB,PIT,137.0,12.39,108,164,,rico-dowdle.php,,,90.1,,,,,,9.0,Rico Dowdle,2026-07-31,PIT
/nfl/rankings/dynasty-overall.php,dynasty-overall,do,Mark Andrews,17269,TE,BAL,137.95,15.27,112,157,,mark-andrews.php,,,84.3,,,,,,13.0,Mark Andrews,2026-07-31,BAL
/nfl/rankings/dynasty-overall.php,dynasty-overall,do,Dallas Goedert,17270,TE,PHI,140.2,19.03,114,184,,dallas-goedert.php,,,88.7,,,,,,10.0,Dallas Goedert,2026-07-31,PHI
/nfl/rankings/dynasty-overall.php,dynasty-overall,do,Jonah Coleman,27320,RB,DEN,141.35,22.74,100,190,,jonah-coleman.php,,,35.1,,,,,,10.0,Jonah Coleman,2026-07-31,DEN
/nfl/rankings/dynasty-overall.php,dynasty-overall,do,Tony Pollard,18705,RB,TEN,142.05,12.8,120,164,,tony-pollard.php,,,89.9,,,,,,9.0,Tony Pollard,2026-07-31,TEN
/nfl/rankings/dynasty-overall.php,dynasty-overall,do,Matthew Stafford,9451,QB,LAR,142.2,9.73,112,168,,matthew-stafford.php,,,92.5,,,,,,11.0,Matthew Stafford,2026-07-31,LAR
/nfl/rankings/dynasty-overall.php,dynasty-overall,do,Bryce Young,22900,QB,CAR,145.9,10.44,111,167,,bryce-young.php,,,32.6,,,,,,5.0,Bryce Young,2026-07-31,CAR
/nfl/rankings/dynasty-overall.php,dynasty-overall,do,De'Zhaun Stribling,28138,WR,SF,147.47,22.09,99,211,,dezhaun-stribling.php,,,21.4,,,,,,8.0,DeZhaun Stribling,2026-07-31,SFO
/nfl/rankings/dynasty-overall.php,dynasty-overall,do,Jalen McMillan,23179,WR,TB,147.65,21.35,124,196,,jalen-mcmillan.php,,,34.9,,,,,,10.0,Jalen McMillan,2026-07-31,TBB
/nfl/rankings/dynasty-overall.php,dynasty-overall,do,Tre' Harris,26215,WR,LAC,148.0,27.89,113,233,,tre-harris.php,,,18.9,,,,,,7.0,Tre Harris,2026-07-31,LAC
/nfl/rankings/dynasty-overall.php,dynasty-overall,do,Daniel Jones,18232,QB,IND,148.35,11.81,127,191,,daniel-jones.php,,,40.7,,,,,,13.0,Daniel Jones,2026-07-31,IND
/nfl/rankings/dynasty-overall.php,dynasty-overall,do,AJ Barner,26335,TE,SEA,149.6,22.82,117,188,,aj-barner.php,,,30.3,,,,,,11.0,AJ Barner,2026-07-31,SEA
/nfl/rankings/dynasty-overall.php,dynasty-overall,do,Kenny Gainwell,23310,RB,TB,149.7,13.45,117,178,,kenneth-gainwell.php,,,84.7,,,,,,10.0,Kenny Gainwell,2026-07-31,TBB
/nfl/rankings/dynasty-overall.php,dynasty-overall,do,Malik Willis,23499,QB,MIA,138.0,14.07,111,174,,malik-willis.php,,,46.6,,,,,,6.0,Malik Willis,2026-07-31,MIA
/nfl/rankings/dynasty-overall.php,dynasty-overall,do,J.K. Dobbins,19245,RB,DEN,152.15,12.58,120,182,,jk-dobbins.php,,,87.8,,,,,,10.0,JK Dobbins,2026-07-31,DEN
/nfl/rankings/dynasty-overall.php,dynasty-overall,do,Jacory Croskey-Merritt,27316,RB,WAS,156.4,16.54,128,185,,jacory-croskeymerritt.php,,,78.5,,,,,,7.0,Jacory Croskey-Merritt,2026-07-31,WAS
/nfl/rankings/dynasty-overall.php,dynasty-overall,do,Terrance Ferguson,23091,TE,LAR,156.7,20.22,117,197,,terrance-ferguson.php,,,22.1,,,,,,11.0,Terrance Ferguson,2026-07-31,LAR
/nfl/rankings/dynasty-overall.php,dynasty-overall,do,Travis Kelce,11594,TE,KC,156.7,17.39,122,186,,travis-kelce.php,,,90.9,,,,,,5.0,Travis Kelce,2026-07-31,KCC
/nfl/rankings/dynasty-overall.php,dynasty-overall,do,Germie Bernard,26039,WR,PIT,144.95,19.64,102,179,,germie-bernard.php,,,20.1,,,,,,9.0,Germie Bernard,2026-07-31,PIT
/nfl/rankings/dynasty-overall.php,dynasty-overall,do,Chris Bell,26038,WR,MIA,131.17,15.93,99,169,,chris-bell.php,,,19.8,,,,,,6.0,Chris Bell,2026-07-31,MIA
/nfl/rankings/dynasty-overall.php,dynasty-overall,do,Ted Hurst III,28130,WR,TB,159.88,27.24,107,229,,ted-hurst.php,,,17.3,,,,,,10.0,Ted Hurst,2026-07-31,TBB
/nfl/rankings/dynasty-overall.php,dynasty-overall,do,Juwan Johnson,19562,TE,NO,160.9,17.59,123,194,,juwan-johnson.php,,,47.1,,,,,,8.0,Juwan Johnson,2026-07-31,NOS
/nfl/rankings/dynasty-overall.php,dynasty-overall,do,Rachaad White,23891,RB,WAS,161.3,12.83,130,190,,rachaad-white.php,,,80.6,,,,,,7.0,Rachaad White,2026-07-31,WAS
/nfl/rankings/dynasty-overall.php,dynasty-overall,do,T.J. Hockenson,18290,TE,MIN,165.35,18.8,123,192,,tj-hockenson.php,,,56.3,,,,,,6.0,TJ Hockenson,2026-07-31,MIN
/nfl/rankings/dynasty-overall.php,dynasty-overall,do,Tyler Allgeier,24172,RB,ARI,165.75,17.68,135,200,,tyler-allgeier.php,,,47.8,,,,,,14.0,Tyler Allgeier,2026-07-31,ARI
/nfl/rankings/dynasty-overall.php,dynasty-overall,do,Woody Marks,27520,RB,HOU,167.45,17.5,128,197,,woody-marks.php,,,58.6,,,,,,8.0,Woody Marks,2026-07-31,HOU
/nfl/rankings/dynasty-overall.php,dynasty-overall,do,Ty Simpson,25368,QB,LAR,155.37,7.48,147,167,,ty-simpson.php,,,15.3,,,,,,11.0,Ty Simpson,2026-07-31,LAR
/nfl/rankings/dynasty-overall.php,dynasty-overall,do,Tyrone Tracy Jr.,22980,RB,NYG,169.1,17.17,140,203,,tyrone-tracy-jr.php,,,43.8,,,,,,8.0,Tyrone Tracy,2026-07-31,NYG
/nfl/rankings/dynasty-overall.php,dynasty-overall,do,Jauan Jennings,19590,WR,MIN,156.74,19.18,129,209,,jauan-jennings.php,,,36.2,,,,,,6.0,Jauan Jennings,2026-07-31,MIN
/nfl/rankings/dynasty-overall.php,dynasty-overall,do,Nicholas Singleton,24343,RB,TEN,169.4,26.13,123,226,,nick-singleton.php,,,25.7,,,,,,9.0,Nicholas Singleton,2026-07-31,TEN
/nfl/rankings/dynasty-overall.php,dynasty-overall,do,Jordan Mason,22969,RB,MIN,174.65,14.44,153,197,,jordan-mason.php,,,71.9,,,,,,6.0,Jordan Mason,2026-07-31,MIN
/nfl/rankings/dynasty-overall.php,dynasty-overall,do,Rashid Shaheed,24687,WR,SEA,150.11,16.21,116,173,,rashid-shaheed.php,,,46.7,,,,,,11.0,Rashid Shaheed,2026-07-31,SEA
/nfl/rankings/dynasty-overall.php,dynasty-overall,do,Michael Penix Jr.,22973,QB,ATL,176.0,20.23,155,222,,michael-penix-jr.php,,,16.1,,,,,,11.0,Michael Penix,2026-07-31,ATL
/nfl/rankings/dynasty-overall.php,dynasty-overall,do,Dylan Sampson,27102,RB,CLE,179.1,16.88,145,216,,dylan-sampson.php,,,28.3,,,,,,11.0,Dylan Sampson,2026-07-31,CLE
/nfl/rankings/dynasty-overall.php,dynasty-overall,do,Emmett Johnson,28107,RB,KC,179.55,18.73,134,210,,emmett-johnson.php,,,27.0,,,,,,5.0,Emmett Johnson,2026-07-31,KCC
/nfl/rankings/dynasty-overall.php,dynasty-overall,do,Jaylin Noel,27122,WR,HOU,154.44,20.28,118,200,,jaylin-noel.php,,,13.8,,,,,,8.0,Jaylin Noel,2026-07-31,HOU
/nfl/rankings/dynasty-overall.php,dynasty-overall,do,Gunnar Helm,27109,TE,TEN,180.85,21.88,144,221,,gunnar-helm.php,,,20.8,,,,,,9.0,Gunnar Helm,2026-07-31,TEN
/nfl/rankings/dynasty-overall.php,dynasty-overall,do,Hunter Henry,15561,TE,NE,181.5,24.57,150,262,,hunter-henry.php,,,64.5,,,,,,11.0,Hunter Henry,2026-07-31,NEP
/nfl/rankings/dynasty-overall.php,dynasty-overall,do,Chris Rodriguez Jr.,22986,RB,JAC,181.75,20.61,148,220,,chris-rodriguez-jr.php,,,45.3,,,,,,7.0,Chris Rodriguez,2026-07-31,JAC
/nfl/rankings/dynasty-overall.php,dynasty-overall,do,Oscar Delp,25430,TE,NO,182.4,36.38,121,289,,oscar-delp.php,,,6.4,,,,,,8.0,Oscar Delp,2026-07-31,NOS
/nfl/rankings/dynasty-overall.php,dynasty-overall,do,Elijah Sarratt,27463,WR,BAL,164.17,27.57,124,228,,elijah-sarratt.php,,,16.3,,,,,,13.0,Elijah Sarratt,2026-07-31,BAL
/nfl/rankings/dynasty-overall.php,dynasty-overall,do,Tua Tagovailoa,19198,QB,ATL,189.05,26.95,154,242,,tua-tagovailoa.php,,,22.4,,,,,,11.0,Tua Tagovailoa,2026-07-31,ATL
/nfl/rankings/dynasty-overall.php,dynasty-overall,do,Stefon Diggs,13981,WR,FA,166.33,19.42,135,201,,stefon-diggs.php,,,52.3,,,,,,,Stefon Diggs,2026-07-31,FA
/nfl/rankings/dynasty-overall.php,dynasty-overall,do,Eli Raridon,28154,TE,NE,183.63,40.03,117,303,,eli-raridon.php,,,5.1,,,,,,11.0,Eli Raridon,2026-07-31,NEP
/nfl/rankings/dynasty-overall.php,dynasty-overall,do,Troy Franklin,23092,WR,DEN,183.63,24.79,145,232,,troy-franklin.php,,,16.6,,,,,,10.0,Troy Franklin,2026-07-31,DEN
/nfl/rankings/dynasty-overall.php,dynasty-overall,do,Max Klare,27993,TE,LAR,187.68,32.31,123,283,,max-klare.php,,,11.3,,,,,,11.0,Max Klare,2026-07-31,LAR
/nfl/rankings/dynasty-overall.php,dynasty-overall,do,Tyjae Spears,25323,RB,TEN,198.95,27.13,162,271,,tyjae-spears.php,,,51.1,,,,,,9.0,Tyjae Spears,2026-07-31,TEN
/nfl/rankings/dynasty-overall.php,dynasty-overall,do,Aaron Jones Sr.,16673,RB,MIN,188.63,16.92,157,219,,aaron-jones.php,,,85.9,,,,,,6.0,Aaron Jones,2026-07-31,MIN
/nfl/rankings/dynasty-overall.php,dynasty-overall,do,Adonai Mitchell,24357,WR,NYJ,177.0,18.06,128,201,,adonai-mitchell.php,,,21.1,,,,,,13.0,Adonai Mitchell,2026-07-31,NYJ
/nfl/rankings/dynasty-overall.php,dynasty-overall,do,Tank Bigsby,22908,RB,PHI,202.05,17.72,170,233,,tank-bigsby.php,,,30.6,,,,,,10.0,Tank Bigsby,2026-07-31,PHI
/nfl/rankings/dynasty-overall.php,dynasty-overall,do,Mason Taylor,26005,TE,NYJ,203.25,37.66,158,320,,mason-taylor.php,,,14.8,,,,,,13.0,Mason Taylor,2026-07-31,NYJ
/nfl/rankings/dynasty-overall.php,dynasty-overall,do,Kaytron Allen,24362,RB,WAS,195.58,28.42,136,271,,kaytron-allen.php,,,21.4,,,,,,7.0,Kaytron Allen,2026-07-31,WAS
/nfl/rankings/dynasty-overall.php,dynasty-overall,do,Zachariah Branch,25419,WR,ATL,186.0,40.17,143,283,,zachariah-branch.php,,,22.7,,,,,,11.0,Zachariah Branch,2026-07-31,ATL
/nfl/rankings/dynasty-overall.php,dynasty-overall,do,Malachi Fields,27994,WR,NYG,186.5,31.18,138,278,,malachi-fields.php,,,17.1,,,,,,8.0,Malachi Fields,2026-07-31,NYG
/nfl/rankings/dynasty-overall.php,dynasty-overall,do,Jerry Jeudy,19201,WR,CLE,176.29,11.35,148,199,,jerry-jeudy.php,,,34.6,,,,,,11.0,Jerry Jeudy,2026-07-31,CLE
/nfl/rankings/dynasty-overall.php,dynasty-overall,do,Isiah Pacheco,24333,RB,DET,211.45,32.65,172,320,,isiah-pacheco.php,,,54.5,,,,,,6.0,Isiah Pacheco,2026-07-31,DET
/nfl/rankings/dynasty-overall.php,dynasty-overall,do,Greg Dulcich,23153,TE,MIA,203.47,35.4,154,295,,greg-dulcich.php,,,20.5,,,,,,6.0,Greg Dulcich,2026-07-31,MIA
/nfl/rankings/dynasty-overall.php,dynasty-overall,do,Kayshon Boutte,22989,WR,NE,180.94,15.47,160,227,,kayshon-boutte.php,,,21.6,,,,,,11.0,Kayshon Boutte,2026-07-31,NEP
/nfl/rankings/dynasty-overall.php,dynasty-overall,do,David Njoku,16399,TE,LAC,206.63,19.23,171,264,,david-njoku.php,,,25.1,,,,,,7.0,David Njoku,2026-07-31,LAC
/nfl/rankings/dynasty-overall.php,dynasty-overall,do,Pat Bryant,27211,WR,DEN,183.41,21.34,152,235,,pat-bryant.php,,,14.4,,,,,,10.0,Pat Bryant,2026-07-31,DEN
/nfl/rankings/dynasty-overall.php,dynasty-overall,do,Cade Otton,23181,TE,TB,207.42,22.9,170,284,,cade-otton.php,,,23.2,,,,,,10.0,Cade Otton,2026-07-31,TBB
/nfl/rankings/dynasty-overall.php,dynasty-overall,do,Jack Bech,27224,WR,LV,196.56,26.21,138,244,,jack-bech.php,,,12.2,,,,,,13.0,Jack Bech,2026-07-31,LVR
/nfl/rankings/dynasty-overall.php,dynasty-overall,do,Dalton Schultz,17349,TE,HOU,196.83,27.02,153,255,,dalton-schultz.php,,,32.5,,,,,,8.0,Dalton Schultz,2026-07-31,HOU
/nfl/rankings/dynasty-overall.php,dynasty-overall,do,Skyler Bell,28126,WR,BUF,185.41,22.51,156,236,,skyler-bell.php,,,13.8,,,,,,7.0,Skyler Bell,2026-07-31,BUF
/nfl/rankings/dynasty-overall.php,dynasty-overall,do,Isaac TeSlaa,27446,WR,DET,185.47,17.25,146,211,,isaac-teslaa.php,,,22.5,,,,,,6.0,Isaac TeSlaa,2026-07-31,DET
/nfl/rankings/dynasty-overall.php,dynasty-overall,do,Braelon Allen,24346,RB,NYJ,210.53,39.58,168,324,,braelon-allen.php,,,25.5,,,,,,13.0,Braelon Allen,2026-07-31,NYJ
/nfl/rankings/dynasty-overall.php,dynasty-overall,do,J.J. McCarthy,23018,QB,MIN,203.5,25.84,150,242,,jj-mccarthy.php,,,13.2,,,,,,6.0,JJ McCarthy,2026-07-31,MIN
/nfl/rankings/dynasty-overall.php,dynasty-overall,do,Mike Washington Jr.,28108,RB,LV,203.83,37.18,166,324,,mike-washington-jr.php,,,25.7,,,,,,13.0,Mike Washington,2026-07-31,LVR
/nfl/rankings/dynasty-overall.php,dynasty-overall,do,Tank Dell,25361,WR,HOU,204.61,24.37,161,246,,nathaniel-dell.php,,,24.0,,,,,,8.0,Tank Dell,2026-07-31,HOU
/nfl/rankings/dynasty-overall.php,dynasty-overall,do,Pat Freiermuth,20163,TE,PIT,204.72,21.25,163,264,,pat-freiermuth.php,,,20.2,,,,,,9.0,Pat Freiermuth,2026-07-31,PIT
/nfl/rankings/dynasty-overall.php,dynasty-overall,do,Brian Robinson Jr.,20094,RB,ATL,215.95,31.47,182,298,,brian-robinson-jr.php,,,37.2,,,,,,11.0,Brian Robinson,2026-07-31,ATL
/nfl/rankings/dynasty-overall.php,dynasty-overall,do,Chimere Dike,27315,WR,TEN,206.33,20.33,183,270,,chimere-dike.php,,,14.7,,,,,,9.0,Chimere Dike,2026-07-31,TEN
/nfl/rankings/dynasty-overall.php,dynasty-overall,do,Jalen Nailor,24177,WR,LV,195.94,41.76,150,343,,jalen-nailor.php,,,31.0,,,,,,13.0,Jalen Nailor,2026-07-31,LVR
/nfl/rankings/dynasty-overall.php,dynasty-overall,do,Chris Brazzell II,28047,WR,CAR,187.81,31.9,135,276,,chris-brazzell-ii.php,,,14.4,,,,,,5.0,Chris Brazzell,2026-07-31,CAR
/nfl/rankings/dynasty-overall.php,dynasty-overall,do,Brandon Aiyuk,19252,WR,SF,173.93,36.81,105,249,,brandon-aiyuk.php,,,27.2,,,,,,8.0,Brandon Aiyuk,2026-07-31,SFO
/nfl/rankings/dynasty-overall.php,dynasty-overall,do,Keaton Mitchell,25360,RB,LAC,201.47,31.02,160,298,,keaton-mitchell.php,,,33.4,,,,,,7.0,Keaton Mitchell,2026-07-31,LAC
/nfl/rankings/dynasty-overall.php,dynasty-overall,do,Shedeur Sanders,25968,QB,CLE,213.0,17.73,180,249,,shedeur-sanders.php,,,17.7,,,,,,11.0,Shedeur Sanders,2026-07-31,CLE
/nfl/rankings/dynasty-overall.php,dynasty-overall,do,Kaleb Johnson,27165,RB,PIT,224.68,29.92,180,306,,kaleb-johnson-rb.php,,,10.5,,,,,,9.0,Kaleb Johnson,2026-07-31,PIT
/nfl/rankings/dynasty-overall.php,dynasty-overall,do,Elic Ayomanor,27059,WR,TEN,204.47,32.51,151,277,,elic-ayomanor.php,,,11.1,,,,,,9.0,Elic Ayomanor,2026-07-31,TEN
/nfl/rankings/dynasty-overall.php,dynasty-overall,do,Deebo Samuel Sr.,18244,WR,SF,196.0,28.86,134,260,,deebo-samuel.php,,,32.6,,,,,,8.0,Deebo Samuel,2026-07-31,SFO
/nfl/rankings/dynasty-overall.php,dynasty-overall,do,Ja'Kobi Lane,27337,WR,BAL,196.13,33.09,143,272,,jakobi-lane.php,,,19.6,,,,,,13.0,JaKobi Lane,2026-07-31,BAL
/nfl/rankings/dynasty-overall.php,dynasty-overall,do,Keon Coleman,26019,WR,BUF,222.67,23.27,174,270,,keon-coleman.php,,,11.8,,,,,,7.0,Keon Coleman,2026-07-31,BUF
/nfl/rankings/dynasty-overall.php,dynasty-overall,do,Kimani Vidal,26355,RB,LAC,224.22,15.22,193,271,,kimani-vidal.php,,,18.2,,,,,,7.0,Kimani Vidal,2026-07-31,LAC
/nfl/rankings/dynasty-overall.php,dynasty-overall,do,Demond Claiborne,28084,RB,MIN,225.0,37.77,181,338,,demond-claiborne.php,,,16.0,,,,,,6.0,Demond Claiborne,2026-07-31,MIN
/nfl/rankings/dynasty-overall.php,dynasty-overall,do,Tory Horton,26022,WR,SEA,207.56,54.97,145,394,,tory-horton.php,,,13.3,,,,,,11.0,Tory Horton,2026-07-31,SEA
/nfl/rankings/dynasty-overall.php,dynasty-overall,do,Geno Smith,11687,QB,NYJ,220.06,20.2,182,269,,geno-smith.php,,,19.5,,,,,,13.0,Geno Smith,2026-07-31,NYJ
/nfl/rankings/dynasty-overall.php,dynasty-overall,do,Dontayvion Wicks,24354,WR,PHI,208.5,15.85,179,229,,dontayvion-wicks.php,,,12.2,,,,,,10.0,Dontayvion Wicks,2026-07-31,PHI
/nfl/rankings/dynasty-overall.php,dynasty-overall,do,Ryan Flournoy,26398,WR,DAL,220.76,34.04,173,291,,ryan-flournoy.php,,,17.7,,,,,,14.0,Ryan Flournoy,2026-07-31,DAL
/nfl/rankings/dynasty-overall.php,dynasty-overall,do,Malik Washington,26314,WR,MIA,226.71,28.36,155,278,,malik-washington.php,,,19.6,,,,,,6.0,Malik Washington,2026-07-31,MIA
/nfl/rankings/dynasty-overall.php,dynasty-overall,do,Kyle Williams,27487,WR,NE,217.38,17.18,176,238,,kyle-williams-wr-2025.php,,,7.4,,,,,,11.0,Kyle Williams,2026-07-31,NEP
/nfl/rankings/dynasty-overall.php,dynasty-overall,do,Calvin Ridley,17258,WR,TEN,220.94,27.26,143,254,,calvin-ridley.php,,,24.2,,,,,,9.0,Calvin Ridley,2026-07-31,TEN
/nfl/rankings/dynasty-overall.php,dynasty-overall,do,Ollie Gordon II,25984,RB,MIA,242.89,36.2,203,358,,ollie-gordon.php,,,4.5,,,,,,6.0,Ollie Gordon,2026-07-31,MIA
/nfl/rankings/dynasty-overall.php,dynasty-overall,do,Aaron Rodgers,9001,QB,PIT,234.18,28.32,165,293,,aaron-rodgers.php,,,22.4,,,,,,9.0,Aaron Rodgers,2026-07-31,PIT
/nfl/rankings/dynasty-overall.php,dynasty-overall,do,Alvin Kamara,16421,RB,NO,224.25,34.58,177,300,,alvin-kamara.php,,,54.0,,,,,,8.0,Alvin Kamara,2026-07-31,NOS
/nfl/rankings/dynasty-overall.php,dynasty-overall,do,Jacoby Brissett,15642,QB,ARI,225.38,16.75,191,258,,jacoby-brissett.php,,,25.9,,,,,,14.0,Jacoby Brissett,2026-07-31,ARI
/nfl/rankings/dynasty-overall.php,dynasty-overall,do,Ray Davis,26191,RB,BUF,246.83,28.28,197,312,,ray-davis.php,,,18.1,,,,,,7.0,Ray Davis,2026-07-31,BUF
/nfl/rankings/dynasty-overall.php,dynasty-overall,do,Tre Tucker,25337,WR,LV,230.38,28.65,175,292,,tre-tucker.php,,,25.3,,,,,,13.0,Tre Tucker,2026-07-31,LVR
/nfl/rankings/dynasty-overall.php,dynasty-overall,do,Emanuel Wilson,25885,RB,SEA,251.56,36.02,219,330,,emanuel-wilson.php,,,17.2,,,,,,11.0,Emanuel Wilson,2026-07-31,SEA
/nfl/rankings/dynasty-overall.php,dynasty-overall,do,Darnell Mooney,19810,WR,NYG,221.4,12.9,192,243,,darnell-mooney.php,,,17.2,,,,,,8.0,Darnell Mooney,2026-07-31,NYG
/nfl/rankings/dynasty-overall.php,dynasty-overall,do,Sean Tucker,23679,RB,TB,255.89,40.66,193,323,,sean-tucker.php,,,19.4,,,,,,10.0,Sean Tucker,2026-07-31,TBB
/nfl/rankings/dynasty-overall.php,dynasty-overall,do,Bryce Lance,28129,WR,NO,213.86,25.75,176,248,,bryce-lance.php,,,4.0,,,,,,8.0,Bryce Lance,2026-07-31,NOS
/nfl/rankings/dynasty-overall.php,dynasty-overall,do,Mac Jones,20156,QB,SF,217.43,32.16,166,270,,mac-jones.php,,,10.8,,,,,,8.0,Mac Jones,2026-07-31,SFO
/nfl/rankings/dynasty-overall.php,dynasty-overall,do,MarShawn Lloyd,23118,RB,GB,251.82,36.49,190,316,,marshawn-lloyd.php,,,10.7,,,,,,11.0,MarShawn Lloyd,2026-07-31,GBP
/nfl/rankings/dynasty-overall.php,dynasty-overall,do,Tyreek Hill,15802,WR,FA,219.5,22.51,176,264,,tyreek-hill.php,,,31.9,,,,,,,Tyreek Hill,2026-07-31,FA
/nfl/rankings/dynasty-overall.php,dynasty-overall,do,Trey Benson,25388,RB,ARI,254.47,45.46,181,325,,trey-benson.php,,,15.3,,,,,,14.0,Trey Benson,2026-07-31,ARI
/nfl/rankings/dynasty-overall.php,dynasty-overall,do,Rashod Bateman,19794,WR,BAL,234.4,24.65,198,280,,rashod-bateman.php,,,10.2,,,,,,13.0,Rashod Bateman,2026-07-31,BAL
/nfl/rankings/dynasty-overall.php,dynasty-overall,do,James Conner,16447,RB,ARI,263.56,38.87,208,363,,james-conner.php,,,29.4,,,,,,14.0,James Conner,2026-07-31,ARI
/nfl/rankings/dynasty-overall.php,dynasty-overall,do,Kaelon Black,28401,RB,SF,236.2,38.67,193,320,,kaelon-black.php,,,13.2,,,,,,8.0,Kaelon Black,2026-07-31,SFO
/nfl/rankings/dynasty-overall.php,dynasty-overall,do,Deshaun Watson,16398,QB,CLE,239.87,25.64,191,283,,deshaun-watson.php,,,16.9,,,,,,11.0,Deshaun Watson,2026-07-31,CLE
/nfl/rankings/dynasty-overall.php,dynasty-overall,do,Elijah Arroyo,23004,TE,SEA,217.08,31.9,187,293,,elijah-arroyo.php,,,7.1,,,,,,11.0,Elijah Arroyo,2026-07-31,SEA
/nfl/rankings/dynasty-overall.php,dynasty-overall,do,Marvin Mims Jr.,23080,WR,DEN,237.36,22.24,194,276,,marvin-mims.php,,,10.5,,,,,,10.0,Marvin Mims,2026-07-31,DEN
/nfl/rankings/dynasty-overall.php,dynasty-overall,do,Justin Joly,28079,TE,DEN,225.46,52.49,141,337,,justin-joly.php,,,11.0,,,,,,10.0,Justin Joly,2026-07-31,DEN
/nfl/rankings/dynasty-overall.php,dynasty-overall,do,Jaylen Wright,25987,RB,MIA,260.38,33.56,210,362,,jaylen-wright.php,,,13.1,,,,,,6.0,Jaylen Wright,2026-07-31,MIA
/nfl/rankings/dynasty-overall.php,dynasty-overall,do,Denver Broncos,8090,DST,DEN,230.85,16.17,192,270,,denver-defense.php,,,92.2,,,,,,10.0,Denver Broncos,2026-07-31,DEN
/nfl/rankings/dynasty-overall.php,dynasty-overall,do,Michael Mayer,23056,TE,LV,232.0,22.21,199,268,,michael-mayer.php,,,11.5,,,,,,13.0,Michael Mayer,2026-07-31,LVR
/nfl/rankings/dynasty-overall.php,dynasty-overall,do,Devin Neal,23682,RB,NO,274.76,33.23,217,333,,devin-neal.php,,,7.8,,,,,,8.0,Devin Neal,2026-07-31,NOS
/nfl/rankings/dynasty-overall.php,dynasty-overall,do,Anthony Richardson Sr.,24347,QB,IND,219.75,37.84,166,275,,anthony-richardson.php,,,11.1,,,,,,13.0,Anthony Richardson,2026-07-31,IND
/nfl/rankings/dynasty-overall.php,dynasty-overall,do,Theo Johnson,23104,TE,NYG,235.85,30.51,195,294,,theo-johnson.php,,,14.9,,,,,,8.0,Theo Johnson,2026-07-31,NYG
/nfl/rankings/dynasty-overall.php,dynasty-overall,do,Houston Texans,8120,DST,HOU,237.54,19.18,193,278,,houston-defense.php,,,95.0,,,,,,8.0,Houston Texans,2026-07-31,HOU
/nfl/rankings/dynasty-overall.php,dynasty-overall,do,Tez Johnson,27147,WR,TB,262.6,37.44,224,371,,tez-johnson.php,,,2.2,,,,,,10.0,Tez Johnson,2026-07-31,TBB
/nfl/rankings/dynasty-overall.php,dynasty-overall,do,Jaydon Blue,24344,RB,DAL,273.69,28.73,219,336,,jaydon-blue.php,,,13.1,,,,,,14.0,Jaydon Blue,2026-07-31,DAL
/nfl/rankings/dynasty-overall.php,dynasty-overall,do,Philadelphia Eagles,8230,DST,PHI,243.69,23.25,194,296,,philadelphia-defense.php,,,83.8,,,,,,10.0,Philadelphia Eagles,2026-07-31,PHI
/nfl/rankings/dynasty-overall.php,dynasty-overall,do,Carson Beck,22953,QB,ARI,244.69,14.95,219,270,,carson-beck.php,,,12.3,,,,,,14.0,Carson Beck,2026-07-31,ARI
/nfl/rankings/dynasty-overall.php,dynasty-overall,do,Los Angeles Rams,8280,DST,LAR,250.69,24.93,202,303,,los-angeles-rams-defense.php,,,84.2,,,,,,11.0,Los Angeles Rams,2026-07-31,LAR
/nfl/rankings/dynasty-overall.php,dynasty-overall,do,Christian Kirk,17268,WR,SF,262.14,41.62,209,352,,christian-kirk.php,,,13.0,,,,,,8.0,Christian Kirk,2026-07-31,SFO
/nfl/rankings/dynasty-overall.php,dynasty-overall,do,Adam Randall,24367,RB,BAL,274.53,41.09,202,344,,adam-randall.php,,,5.3,,,,,,13.0,Adam Randall,2026-07-31,BAL
/nfl/rankings/dynasty-overall.php,dynasty-overall,do,Xavier Legette,26136,WR,CAR,258.08,11.49,234,283,,xavier-legette.php,,,2.7,,,,,,5.0,Xavier Legette,2026-07-31,CAR
/nfl/rankings/dynasty-overall.php,dynasty-overall,do,Jordan James,27310,RB,SF,279.07,38.33,203,328,,jordan-james.php,,,15.1,,,,,10.0,8.0,Jordan James,2026-07-31,SFO
/nfl/rankings/dynasty-overall.php,dynasty-overall,do,Kevin Coleman Jr.,28067,WR,MIA,232.82,19.33,194,269,,kevin-coleman-jr.php,,,2.6,,,,,,6.0,Kevin Coleman,2026-07-31,MIA
/nfl/rankings/dynasty-overall.php,dynasty-overall,do,Brandon Aubrey,26068,K,DAL,247.5,25.51,197,319,,brandon-aubrey.php,,,97.4,,,,,,14.0,Brandon Aubrey,2026-07-31,DAL
/nfl/rankings/dynasty-overall.php,dynasty-overall,do,Seattle Seahawks,8260,DST,SEA,250.58,32.0,196,314,,seattle-defense.php,,,95.1,,,,,,11.0,Seattle Seahawks,2026-07-31,SEA
/nfl/rankings/dynasty-overall.php,dynasty-overall,do,Pittsburgh Steelers,8240,DST,PIT,264.46,28.74,203,318,,pittsburgh-defense.php,,,70.5,,,,,,9.0,Pittsburgh Steelers,2026-07-31,PIT
/nfl/rankings/dynasty-overall.php,dynasty-overall,do,Minnesota Vikings,8170,DST,MIN,266.69,26.93,217,330,,minnesota-defense.php,,,62.7,,,,,,6.0,Minnesota Vikings,2026-07-31,MIN
/nfl/rankings/dynasty-overall.php,dynasty-overall,do,Cam Little,26475,K,JAC,255.17,31.97,200,331,,cam-little.php,,,86.0,,,,,,7.0,Cam Little,2026-07-31,JAC
/nfl/rankings/dynasty-overall.php,dynasty-overall,do,DeMario Douglas,25304,WR,NE,257.25,30.38,214,303,,demario-douglas.php,,,5.5,,,,,,11.0,Demario Douglas,2026-07-31,NEP
/nfl/rankings/dynasty-overall.php,dynasty-overall,do,Isaiah Davis,25977,RB,NYJ,290.53,22.09,228,327,,isaiah-davis.php,,,4.1,,,,,,13.0,Isaiah Davis,2026-07-31,NYJ
/nfl/rankings/dynasty-overall.php,dynasty-overall,do,Cameron Dicker,23901,K,LAC,262.17,34.51,201,334,,cameron-dicker.php,,,95.2,,,,,,7.0,Cameron Dicker,2026-07-31,LAC
/nfl/rankings/dynasty-overall.php,dynasty-overall,do,Justin Fields,19781,QB,KC,250.0,14.49,222,270,,justin-fields.php,,,10.2,,,,,,5.0,Justin Fields,2026-07-31,KCC
/nfl/rankings/dynasty-overall.php,dynasty-overall,do,Jarquez Hunter,24335,RB,LAR,299.88,28.68,235,364,,jarquez-hunter.php,,,5.3,,,,,,11.0,Jarquez Hunter,2026-07-31,LAR
/nfl/rankings/dynasty-overall.php,dynasty-overall,do,Brenen Thompson,28133,WR,LAC,236.0,17.11,211,270,,brenen-thompson.php,,,3.8,,,,,,7.0,Brenen Thompson,2026-07-31,LAC
/nfl/rankings/dynasty-overall.php,dynasty-overall,do,Cooper Kupp,16433,WR,SEA,276.54,48.05,228,387,,cooper-kupp.php,,,16.9,,,,,,11.0,Cooper Kupp,2026-07-31,SEA
/nfl/rankings/dynasty-overall.php,dynasty-overall,do,Cedric Tillman,25287,WR,CLE,277.38,32.77,237,343,,cedric-tillman.php,,,1.1,,,,,,11.0,Cedric Tillman,2026-07-31,CLE
/nfl/rankings/dynasty-overall.php,dynasty-overall,do,Seth McGowan,23079,RB,IND,287.93,48.26,217,384,,seth-mcgowan.php,,,3.4,,,,,,13.0,Seth McGowan,2026-07-31,IND
/nfl/rankings/dynasty-overall.php,dynasty-overall,do,Hollywood Brown,18226,WR,PHI,279.0,50.14,232,399,,marquise-brown.php,,,5.7,,,,,,10.0,Marquise Brown,2026-07-31,PHI
/nfl/rankings/dynasty-overall.php,dynasty-overall,do,Kirk Cousins,11177,QB,LV,255.91,11.42,241,281,,kirk-cousins.php,,,14.3,,,,,,13.0,Kirk Cousins,2026-07-31,LVR
/nfl/rankings/dynasty-overall.php,dynasty-overall,do,Isaiah Bond,24371,WR,CLE,289.14,45.15,243,380,,isaiah-bond.php,,,3.0,,,,,,11.0,Isaiah Bond,2026-07-31,CLE
/nfl/rankings/dynasty-overall.php,dynasty-overall,do,DJ Giddens,27097,RB,IND,297.4,29.91,246,359,,dj-giddens.php,,,3.8,,,,,,13.0,DJ Giddens,2026-07-31,IND
/nfl/rankings/dynasty-overall.php,dynasty-overall,do,Green Bay Packers,8110,DST,GB,272.58,33.07,212,336,,green-bay-defense.php,,,31.9,,,,,,11.0,Green Bay Packers,2026-07-31,GBP
/nfl/rankings/dynasty-overall.php,dynasty-overall,do,Brashard Smith,27259,RB,KC,306.63,38.47,224,379,,brashard-smith.php,,,6.0,,,,,,5.0,Brashard Smith,2026-07-31,KCC
/nfl/rankings/dynasty-overall.php,dynasty-overall,do,Will Reichard,26341,K,MIN,261.36,33.32,206,345,,will-reichard.php,,,27.6,,,,,2.0,6.0,Will Reichard,2026-07-31,MIN
/nfl/rankings/dynasty-overall.php,dynasty-overall,do,Kansas City Chiefs,8150,DST,KC,284.77,32.71,224,343,,kansas-city-defense.php,,,24.5,,,,,,5.0,Kansas City Chiefs,2026-07-31,KCC
/nfl/rankings/dynasty-overall.php,dynasty-overall,do,Detroit Lions,8100,DST,DET,285.92,37.9,215,347,,detroit-defense.php,,,50.6,,,,,-3.0,6.0,Detroit Lions,2026-07-31,DET
/nfl/rankings/dynasty-overall.php,dynasty-overall,do,Najee Harris,19302,RB,LAC,286.0,19.77,242,321,,najee-harris-rb.php,,,8.7,,,,,,7.0,Najee Harris,2026-07-31,LAC
/nfl/rankings/dynasty-overall.php,dynasty-overall,do,Jason Myers,14003,K,SEA,276.67,40.05,199,353,,jason-myers.php,,,90.4,,,,,1.0,11.0,Jason Myers,2026-07-31,SEA
/nfl/rankings/dynasty-overall.php,dynasty-overall,do,Chris Boswell,13029,K,PIT,278.17,33.68,209,358,,chris-boswell.php,,,39.4,,,,,,9.0,Chris Boswell,2026-07-31,PIT
/nfl/rankings/dynasty-overall.php,dynasty-overall,do,Ka'imi Fairbairn,15756,K,HOU,268.27,33.45,207,348,,kaimi-fairbairn.php,,,89.9,,,,,-1.0,8.0,Kaimi Fairbairn,2026-07-31,HOU
/nfl/rankings/dynasty-overall.php,dynasty-overall,do,Devaughn Vele,26409,WR,NO,291.0,48.17,234,379,,devaughn-vele.php,,,8.9,,,,,,8.0,Devaughn Vele,2026-07-31,NOS
/nfl/rankings/dynasty-overall.php,dynasty-overall,do,Baltimore Ravens,8020,DST,BAL,291.77,35.34,220,345,,baltimore-defense.php,,,47.8,,,,,,13.0,Baltimore Ravens,2026-07-31,BAL
/nfl/rankings/dynasty-overall.php,dynasty-overall,do,Drew Allar,24345,QB,PIT,273.36,32.24,233,334,,drew-allar.php,,,2.0,,,,,,9.0,Drew Allar,2026-07-31,PIT
/nfl/rankings/dynasty-overall.php,dynasty-overall,do,Wil Lutz,16026,K,DEN,284.58,34.64,214,356,,wil-lutz.php,,,8.3,,,,,,10.0,Wil Lutz,2026-07-31,DEN
/nfl/rankings/dynasty-overall.php,dynasty-overall,do,Kendre Miller,24360,RB,NO,310.0,35.85,264,364,,kendre-miller.php,,,5.6,,,,,,8.0,Kendre Miller,2026-07-31,NOS
/nfl/rankings/dynasty-overall.php,dynasty-overall,do,Chase McLaughlin,19058,K,TB,287.0,32.73,208,347,,chase-mclaughlin.php,,,23.4,,,,,,10.0,Chase McLaughlin,2026-07-31,TBB
/nfl/rankings/dynasty-overall.php,dynasty-overall,do,Chris Brooks,25823,RB,GB,296.69,39.53,229,390,,christopher-brooks.php,,,8.3,,,,,,11.0,Chris Brooks,2026-07-31,GBP
/nfl/rankings/dynasty-overall.php,dynasty-overall,do,Jalen Milroe,22884,QB,SEA,264.3,14.11,247,297,,jalen-milroe.php,,,4.5,,,,,,11.0,Jalen Milroe,2026-07-31,SEA
/nfl/rankings/dynasty-overall.php,dynasty-overall,do,Harrison Butker,16712,K,KC,277.64,43.42,213,364,,harrison-butker.php,,,38.9,,,,,,5.0,Harrison Butker,2026-07-31,KCC
/nfl/rankings/dynasty-overall.php,dynasty-overall,do,Eli Heidenreich,28297,RB,PIT,278.45,40.0,213,357,,eli-heidenreich.php,,,2.0,,,,,,9.0,Eli Heidenreich,2026-07-31,PIT
/nfl/rankings/dynasty-overall.php,dynasty-overall,do,Evan McPherson,23297,K,CIN,289.17,33.74,210,340,,evan-mcpherson.php,,,40.6,,,,,,6.0,Evan McPherson,2026-07-31,CIN
/nfl/rankings/dynasty-overall.php,dynasty-overall,do,Mike Gesicki,17272,TE,CIN,280.09,41.19,206,359,,mike-gesicki.php,,,13.4,,,,,,6.0,Mike Gesicki,2026-07-31,CIN
/nfl/rankings/dynasty-overall.php,dynasty-overall,do,Darnell Washington,22967,TE,PIT,270.1,48.46,207,357,,darnell-washington.php,,,12.5,,,,,,9.0,Darnell Washington,2026-07-31,PIT
/nfl/rankings/dynasty-overall.php,dynasty-overall,do,Ben Sinnott,26310,TE,WAS,285.55,35.14,206,344,,ben-sinnott.php,,,1.9,,,,,,7.0,Ben Sinnott,2026-07-31,WAS
/nfl/rankings/dynasty-overall.php,dynasty-overall,do,Isaac Guerendo,26392,RB,SF,324.44,32.94,288,396,,isaac-guerendo.php,,,1.6,,,,,,8.0,Isaac Guerendo,2026-07-31,SFO
/nfl/rankings/dynasty-overall.php,dynasty-overall,do,Tyler Loop,27534,K,BAL,275.2,31.16,205,335,,tyler-loop.php,,,59.0,,,,,,13.0,Tyler Loop,2026-07-31,BAL
/nfl/rankings/dynasty-overall.php,dynasty-overall,do,Caleb Douglas,28135,WR,MIA,261.11,35.88,196,313,,caleb-douglas.php,,,4.4,,,,,,6.0,Caleb Douglas,2026-07-31,MIA
/nfl/rankings/dynasty-overall.php,dynasty-overall,do,Tahj Brooks,26212,RB,CIN,313.5,26.22,284,385,,tahj-brooks.php,,,1.6,,,,,,6.0,Tahj Brooks,2026-07-31,CIN
/nfl/rankings/dynasty-overall.php,dynasty-overall,do,Jalen Royals,27076,WR,KC,277.1,35.49,214,350,,jalen-royals.php,,,1.9,,,,,,5.0,Jalen Royals,2026-07-31,KCC
/nfl/rankings/dynasty-overall.php,dynasty-overall,do,Evan Engram,16411,TE,DEN,289.0,39.44,205,348,,evan-engram.php,,,12.9,,,,,,10.0,Evan Engram,2026-07-31,DEN
/nfl/rankings/dynasty-overall.php,dynasty-overall,do,Marcus Mariota,13890,QB,WAS,278.0,19.12,254,324,,marcus-mariota.php,,,5.1,,,,,,7.0,Marcus Mariota,2026-07-31,WAS
/nfl/rankings/dynasty-overall.php,dynasty-overall,do,Cade Klubnik,24361,QB,NYJ,267.22,17.71,250,312,,cade-klubnik.php,,,6.7,,,,,,13.0,Cade Klubnik,2026-07-31,NYJ
/nfl/rankings/dynasty-overall.php,dynasty-overall,do,Ja'Tavion Sanders,24334,TE,CAR,292.91,33.09,244,348,,jatavion-sanders.php,,,4.7,,,,,,5.0,JaTavion Sanders,2026-07-31,CAR
/nfl/rankings/dynasty-overall.php,dynasty-overall,do,Colby Parkinson,19372,TE,LAR,281.6,41.02,218,356,,colby-parkinson.php,,,20.3,,,,,,11.0,Colby Parkinson,2026-07-31,LAR
/nfl/rankings/dynasty-overall.php,dynasty-overall,do,Jacksonville Jaguars,8140,DST,JAC,293.91,38.8,198,354,,jacksonville-defense.php,,,67.7,,,,,,7.0,Jacksonville Jaguars,2026-07-31,JAC
/nfl/rankings/dynasty-overall.php,dynasty-overall,do,Trevor Etienne,25393,RB,CAR,311.92,27.84,272,368,,trevor-etienne.php,,,1.9,,,,,,5.0,Trevor Etienne,2026-07-31,CAR
/nfl/rankings/dynasty-overall.php,dynasty-overall,do,LeQuint Allen Jr.,27285,RB,JAC,318.86,31.22,272,367,,lequint-allen-jr.php,,,6.9,,,,,,7.0,LeQuint Allen,2026-07-31,JAC
/nfl/rankings/dynasty-overall.php,dynasty-overall,do,Taylen Green,28094,QB,CLE,272.89,25.67,247,338,,taylen-green.php,,,4.0,,,,,,11.0,Taylen Green,2026-07-31,CLE
/nfl/rankings/dynasty-overall.php,dynasty-overall,do,Jake Bates,26075,K,DET,286.8,33.8,221,352,,jake-bates.php,,,58.9,,,,,,6.0,Jake Bates,2026-07-31,DET
/nfl/rankings/dynasty-overall.php,dynasty-overall,do,Cole Kmet,19229,TE,CHI,274.11,35.54,199,319,,cole-kmet.php,,,7.3,,,,,,10.0,Cole Kmet,2026-07-31,CHI
/nfl/rankings/dynasty-overall.php,dynasty-overall,do,Will Howard,25972,QB,PIT,290.9,26.07,252,340,,will-howard.php,,,4.1,,,,,,9.0,Will Howard,2026-07-31,PIT
/nfl/rankings/dynasty-overall.php,dynasty-overall,do,Quinn Ewers,23680,QB,MIA,279.22,24.26,239,333,,quinn-ewers.php,,,3.5,,,,,,6.0,Quinn Ewers,2026-07-31,MIA
/nfl/rankings/dynasty-overall.php,dynasty-overall,do,Jake Tonges,24778,TE,SF,279.78,41.18,220,351,,jake-tonges.php,,,17.6,,,,,,8.0,Jake Tonges,2026-07-31,SFO
/nfl/rankings/dynasty-overall.php,dynasty-overall,do,Will Shipley,22930,RB,PHI,320.23,27.78,282,387,,will-shipley.php,,,1.4,,,,,,10.0,Will Shipley,2026-07-31,PHI
/nfl/rankings/dynasty-overall.php,dynasty-overall,do,Andrei Iosivas,25335,WR,CIN,295.0,22.14,256,337,,andrei-iosivas.php,,,6.2,,,,,,6.0,Andrei Iosivas,2026-07-31,CIN
/nfl/rankings/dynasty-overall.php,dynasty-overall,do,New England Patriots,8180,DST,NE,295.0,19.15,276,339,,new-england-defense.php,,,79.6,,,,,,11.0,New England Patriots,2026-07-31,NEP
/nfl/rankings/dynasty-overall.php,dynasty-overall,do,Cole Payton,28302,QB,PHI,267.88,25.73,242,326,,cole-payton.php,,,0.7,,,,,,10.0,Cole Payton,2026-07-31,PHI
/nfl/rankings/dynasty-overall.php,dynasty-overall,do,Los Angeles Chargers,8250,DST,LAC,297.2,21.48,273,349,,los-angeles-chargers-defense.php,,,50.0,,,,,,7.0,Los Angeles Chargers,2026-07-31,LAC
/nfl/rankings/dynasty-overall.php,dynasty-overall,do,Jameis Winston,13891,QB,NYG,286.22,22.49,259,329,,jameis-winston.php,,,6.7,,,,,,8.0,Jameis Winston,2026-07-31,NYG
/nfl/rankings/dynasty-overall.php,dynasty-overall,do,Jake Moody,24009,K,WAS,286.67,43.33,219,369,,jake-moody.php,,,2.4,,,,,,7.0,Jake Moody,2026-07-31,WAS
/nfl/rankings/dynasty-overall.php,dynasty-overall,do,Jerome Ford,22921,RB,WAS,319.0,44.19,246,402,,jerome-ford.php,,,3.4,,,,,,7.0,Jerome Ford,2026-07-31,WAS
/nfl/rankings/dynasty-overall.php,dynasty-overall,do,Tyquan Thornton,22913,WR,KC,275.63,24.31,240,310,,tyquan-thornton.php,,,6.4,,,,,,5.0,Tyquan Thornton,2026-07-31,KCC
/nfl/rankings/dynasty-overall.php,dynasty-overall,do,Buffalo Bills,8030,DST,BUF,296.44,20.53,274,343,,buffalo-defense.php,,,31.3,,,,,,7.0,Buffalo Bills,2026-07-31,BUF
/nfl/rankings/dynasty-overall.php,dynasty-overall,do,Devin Singletary,18280,RB,NYG,301.22,38.45,228,351,,devin-singletary.php,,,1.4,,,,,,8.0,Devin Singletary,2026-07-31,NYG
/nfl/rankings/dynasty-overall.php,dynasty-overall,do,Cleveland Browns,8070,DST,CLE,303.56,22.77,272,338,,cleveland-defense.php,,,25.2,,,,,,11.0,Cleveland Browns,2026-07-31,CLE
/nfl/rankings/dynasty-overall.php,dynasty-overall,do,Sam Roush,28161,TE,CHI,293.25,25.98,263,335,,sam-roush.php,,,1.5,,,,,,10.0,Sam Roush,2026-07-31,CHI
/nfl/rankings/dynasty-overall.php,dynasty-overall,do,Tanner Koziol,27499,TE,JAC,306.22,31.97,263,366,,tanner-koziol.php,,,1.9,,,,,,7.0,Tanner Koziol,2026-07-31,JAC
/nfl/rankings/dynasty-overall.php,dynasty-overall,do,Keenan Allen,11616,WR,LAC,295.38,54.66,236,389,,keenan-allen.php,,,9.1,,,,,,7.0,Keenan Allen,2026-07-31,LAC
/nfl/rankings/dynasty-overall.php,dynasty-overall,do,Spencer Rattler,23081,QB,NO,283.0,28.75,242,342,,spencer-rattler.php,,,1.1,,,,,,8.0,Spencer Rattler,2026-07-31,NOS
/nfl/rankings/dynasty-overall.php,dynasty-overall,do,Konata Mumpfield,27449,WR,LAR,286.43,53.3,223,387,,konata-mumpfield.php,,,1.2,,,,,,11.0,Konata Mumpfield,2026-07-31,LAR
/nfl/rankings/dynasty-overall.php,dynasty-overall,do,Andy Borregales,27291,K,NE,289.86,38.74,218,353,,andres-borregales.php,,,25.4,,,,,,11.0,Andy Borregales,2026-07-31,NEP
/nfl/rankings/dynasty-overall.php,dynasty-overall,do,Darius Slayton,18706,WR,NYG,307.63,49.43,243,391,,darius-slayton.php,,,6.0,,,,,,8.0,Darius Slayton,2026-07-31,NYG
/nfl/rankings/dynasty-overall.php,dynasty-overall,do,Luke McCaffrey,26328,WR,WAS,320.11,42.19,254,375,,luke-mccaffrey.php,,,1.2,,,,,,7.0,Luke McCaffrey,2026-07-31,WAS
/nfl/rankings/dynasty-overall.php,dynasty-overall,do,Joshua Karty,26478,K,FA,276.83,34.83,223,338,,joshua-karty.php,,,0.6,,,,,,,Joshua Karty,2026-07-31,FA
/nfl/rankings/dynasty-overall.php,dynasty-overall,do,Garrett Nussmeier,22998,QB,KC,298.0,22.09,258,334,,garrett-nussmeier.php,,,7.4,,,,,,5.0,Garrett Nussmeier,2026-07-31,KCC
/nfl/rankings/dynasty-overall.php,dynasty-overall,do,Jaylin Lane,27454,WR,WAS,315.13,27.35,273,369,,jaylin-lane.php,,,2.9,,,,,,7.0,Jaylin Lane,2026-07-31,WAS
/nfl/rankings/dynasty-overall.php,dynasty-overall,do,Marlin Klein,28157,TE,HOU,307.14,33.92,257,367,,marlin-klein.php,,,1.2,,,,,,8.0,Marlin Klein,2026-07-31,HOU
/nfl/rankings/dynasty-overall.php,dynasty-overall,do,Dont'e Thornton Jr.,27288,WR,LV,329.44,32.3,282,398,,donte-thornton-jr.php,,,1.8,,,,,,13.0,Donte Thornton,2026-07-31,LVR
/nfl/rankings/dynasty-overall.php,dynasty-overall,do,Joe Flacco,9300,QB,CIN,320.13,33.25,277,393,,joe-flacco.php,,,4.9,,,,,,6.0,Joe Flacco,2026-07-31,CIN
/nfl/rankings/dynasty-overall.php,dynasty-overall,do,Jalen Tolbert,23770,WR,MIA,292.83,39.27,230,344,,jalen-tolbert.php,,,4.8,,,,,,6.0,Jalen Tolbert,2026-07-31,MIA
/nfl/rankings/dynasty-overall.php,dynasty-overall,do,Riley Leonard,25373,QB,IND,322.38,20.9,282,362,,riley-leonard.php,,,4.4,,,,,,13.0,Riley Leonard,2026-07-31,IND
/nfl/rankings/dynasty-overall.php,dynasty-overall,do,Chicago Bears,8050,DST,CHI,272.6,62.06,200,361,,chicago-defense.php,,,15.4,,,,,,10.0,Chicago Bears,2026-07-31,CHI
/nfl/rankings/dynasty-overall.php,dynasty-overall,do,Joe Milton III,25967,QB,DAL,296.83,22.96,265,330,,joe-milton.php,,,4.1,,,,,,14.0,Joe Milton,2026-07-31,DAL
/nfl/rankings/dynasty-overall.php,dynasty-overall,do,New Orleans Saints,8190,DST,NO,313.14,47.25,216,360,,new-orleans-defense.php,,,21.9,,,,,,8.0,New Orleans Saints,2026-07-31,NOS
/nfl/rankings/dynasty-overall.php,dynasty-overall,do,Justice Hill,18256,RB,BAL,326.88,21.9,304,373,,justice-hill.php,,,9.1,,,,,,13.0,Justice Hill,2026-07-31,BAL
/nfl/rankings/dynasty-overall.php,dynasty-overall,do,Calvin Austin III,23739,WR,NYG,301.67,31.2,248,328,,calvin-austin.php,,,2.4,,,,,,8.0,Calvin Austin,2026-07-31,NYG
/nfl/rankings/dynasty-overall.php,dynasty-overall,do,San Francisco 49ers,8270,DST,SF,281.6,60.46,207,350,,san-francisco-defense.php,,,27.7,,,,,,8.0,San Francisco 49ers,2026-07-31,SFO
/nfl/rankings/dynasty-overall.php,dynasty-overall,do,Tutu Atwell,20126,WR,MIA,317.86,44.04,256,395,,tutu-atwell.php,,,2.2,,,,,,6.0,Tutu Atwell,2026-07-31,MIA
/nfl/rankings/dynasty-overall.php,dynasty-overall,do,Savion Williams,27144,WR,GB,319.14,18.27,280,337,,savion-williams.php,,,1.7,,,,,,11.0,Savion Williams,2026-07-31,GBP
/nfl/rankings/dynasty-overall.php,dynasty-overall,do,Deion Burks,27093,WR,IND,305.17,37.97,254,350,,deion-burks.php,,,2.1,,,,,,13.0,Deion Burks,2026-07-31,IND
/nfl/rankings/dynasty-overall.php,dynasty-overall,do,Jack Endries,27501,TE,CIN,323.57,48.94,247,380,,jack-endries.php,,,5.8,,,,,,6.0,Jack Endries,2026-07-31,CIN
/nfl/rankings/dynasty-overall.php,dynasty-overall,do,Charlie Kolar,22756,TE,LAC,290.4,68.84,218,388,,charlie-kolar.php,,,2.0,,,,,,7.0,Charlie Kolar,2026-07-31,LAC
/nfl/rankings/dynasty-overall.php,dynasty-overall,do,Jordan Whittington,23135,WR,LAR,350.5,42.34,265,405,,jordan-whittington.php,,,0.8,,,,,,11.0,Jordan Whittington,2026-07-31,LAR
/nfl/rankings/dynasty-overall.php,dynasty-overall,do,Joshua Palmer,22845,WR,BUF,338.38,46.73,243,392,,josh-palmer.php,,,1.2,,,,,,7.0,Josh Palmer,2026-07-31,BUF
/nfl/rankings/dynasty-overall.php,dynasty-overall,do,Malik Benson,26012,WR,LV,299.8,36.95,243,346,,malik-benson.php,,,1.5,,,,,,13.0,Malik Benson,2026-07-31,LVR
/nfl/rankings/dynasty-overall.php,dynasty-overall,do,CJ Daniels,28125,WR,LAR,319.33,54.88,257,394,,cj-daniels.php,,,1.9,,,,,,11.0,CJ Daniels,2026-07-31,LAR
/nfl/rankings/dynasty-overall.php,dynasty-overall,do,Tyson Bagent,25321,QB,CHI,319.5,45.26,261,383,,tyson-bagent.php,,,3.6,,,,,,10.0,Tyson Bagent,2026-07-31,CHI
/nfl/rankings/dynasty-overall.php,dynasty-overall,do,Harrison Mevis,26638,K,LAR,302.6,16.76,289,326,,harrison-mevis.php,,,50.4,,,,,,11.0,Harrison Mevis,2026-07-31,LAR
/nfl/rankings/dynasty-overall.php,dynasty-overall,do,Daniel Carlson,17420,K,LV,277.0,61.88,218,368,,daniel-carlson.php,,,0.7,,,,,,13.0,Daniel Carlson,2026-07-31,LVR
/nfl/rankings/dynasty-overall.php,dynasty-overall,do,New York Giants,8200,DST,NYG,277.25,58.61,223,367,,new-york-giants-defense.php,,,24.2,,,,,,8.0,New York Giants,2026-07-31,NYG
/nfl/rankings/dynasty-overall.php,dynasty-overall,do,Cyrus Allen,28424,WR,KC,321.17,31.47,274,371,,cyrus-allen.php,,,2.6,,,,,,5.0,Cyrus Allen,2026-07-31,KCC
/nfl/rankings/dynasty-overall.php,dynasty-overall,do,Matt Hibner,28168,TE,BAL,321.5,28.49,268,360,,matthew-hibner.php,,,2.6,,,,,,13.0,Matt Hibner,2026-07-31,BAL
/nfl/rankings/dynasty-overall.php,dynasty-overall,do,Dawson Knox,18631,TE,BUF,333.71,42.21,246,383,,dawson-knox.php,,,7.4,,,,,,7.0,Dawson Knox,2026-07-31,BUF
/nfl/rankings/dynasty-overall.php,dynasty-overall,do,Jason Sanders,17533,K,NYJ,280.5,56.63,222,342,,jason-sanders.php,,,3.0,,,,,-5.0,13.0,Jason Sanders,2026-07-31,NYJ
/nfl/rankings/dynasty-overall.php,dynasty-overall,do,Eddy Pineiro,17575,K,SF,306.4,18.79,286,335,,eddy-pineiro.php,,,59.7,,,,,,8.0,Eddy Pineiro,2026-07-31,SFO
/nfl/rankings/dynasty-overall.php,dynasty-overall,do,Blake Grupe,25533,K,IND,282.25,7.6,271,292,,blake-grupe.php,,,2.6,,,,,,13.0,Blake Grupe,2026-07-31,IND
/nfl/rankings/dynasty-overall.php,dynasty-overall,do,Dallas Cowboys,8080,DST,DAL,285.5,63.8,221,366,,dallas-defense.php,,,20.4,,,,,,14.0,Dallas Cowboys,2026-07-31,DAL
/nfl/rankings/dynasty-overall.php,dynasty-overall,do,Robert Henry Jr.,28404,RB,WAS,310.0,51.79,233,373,,robert-henry-jr.php,,,0.0,,,,,,7.0,Robert Henry,2026-07-31,WAS
/nfl/rankings/dynasty-overall.php,dynasty-overall,do,Emari Demercado,25654,RB,KC,346.63,32.81,283,391,,emari-demercado.php,,,3.2,,,,,,5.0,Emari Demercado,2026-07-31,KCC
/nfl/rankings/dynasty-overall.php,dynasty-overall,do,Jam Miller,27326,RB,NE,310.8,33.62,267,352,,jam-miller.php,,,1.3,,,,,,11.0,Jam Miller,2026-07-31,NEP
/nfl/rankings/dynasty-overall.php,dynasty-overall,do,Ja'Lynn Polk,26205,WR,NO,311.6,63.35,214,382,,jalynn-polk.php,,,0.6,,,,,,8.0,JaLynn Polk,2026-07-31,NOS
/nfl/rankings/dynasty-overall.php,dynasty-overall,do,Roman Hemby,25387,RB,LV,331.0,37.74,289,391,,roman-hemby.php,,,0.0,,,,,,13.0,Roman Hemby,2026-07-31,LVR
/nfl/rankings/dynasty-overall.php,dynasty-overall,do,George Holani,22915,RB,SEA,333.0,29.2,292,362,,george-holani.php,,,8.4,,,,,,11.0,George Holani,2026-07-31,SEA
/nfl/rankings/dynasty-overall.php,dynasty-overall,do,Audric Estime,23054,RB,NO,333.33,27.88,305,372,,audric-estime.php,,,5.3,,,,,,8.0,Audric Estime,2026-07-31,NOS
/nfl/rankings/dynasty-overall.php,dynasty-overall,do,Mitchell Evans,27138,TE,CAR,333.67,48.39,239,391,,mitchell-evans.php,,,0.7,,,,,,5.0,Mitchell Evans,2026-07-31,CAR
/nfl/rankings/dynasty-overall.php,dynasty-overall,do,Zavion Thomas,28132,WR,CHI,334.17,36.73,262,373,,zavion-thomas.php,,,5.1,,,,,,10.0,Zavion Thomas,2026-07-31,CHI
/nfl/rankings/dynasty-overall.php,dynasty-overall,do,Jahan Dotson,23101,WR,ATL,320.2,33.72,261,359,,jahan-dotson.php,,,4.0,,,,,,11.0,Jahan Dotson,2026-07-31,ATL
/nfl/rankings/dynasty-overall.php,dynasty-overall,do,Tyler Higbee,15623,TE,LAR,353.13,38.09,284,389,,tyler-higbee.php,,,3.1,,,,,,11.0,Tyler Higbee,2026-07-31,LAR
/nfl/rankings/dynasty-overall.php,dynasty-overall,do,Cairo Santos,13731,K,CHI,301.75,12.17,290,318,,cairo-santos.php,,,24.9,,,,,,10.0,Cairo Santos,2026-07-31,CHI
/nfl/rankings/dynasty-overall.php,dynasty-overall,do,Davis Mills,22799,QB,HOU,337.17,40.73,263,386,,davis-mills.php,,,1.9,,,,,,8.0,Davis Mills,2026-07-31,HOU
/nfl/rankings/dynasty-overall.php,dynasty-overall,do,Trey Smack,28507,K,GB,302.75,16.89,293,332,,trey-smack.php,,,6.4,,,,,,11.0,Trey Smack,2026-07-31,GBP
/nfl/rankings/dynasty-overall.php,dynasty-overall,do,Dillon Gabriel,23150,QB,CLE,324.4,38.21,269,384,,dillon-gabriel.php,,,0.6,,,,,,11.0,Dillon Gabriel,2026-07-31,CLE
/nfl/rankings/dynasty-overall.php,dynasty-overall,do,Noah Gray,19539,TE,KC,348.0,26.25,294,385,,noah-gray.php,,,4.2,,,,,,5.0,Noah Gray,2026-07-31,KCC
/nfl/rankings/dynasty-overall.php,dynasty-overall,do,Gardner Minshew II,18562,QB,ARI,324.8,59.01,253,385,,gardner-minshew.php,,,2.6,,,,,,14.0,Gardner Minshew,2026-07-31,ARI
/nfl/rankings/dynasty-overall.php,dynasty-overall,do,Jake Elliott,16540,K,PHI,324.8,30.05,288,370,,jake-elliott.php,,,10.1,,,,,,10.0,Jake Elliott,2026-07-31,PHI
/nfl/rankings/dynasty-overall.php,dynasty-overall,do,Washington Commanders,8310,DST,WAS,305.5,9.39,290,315,,washington-defense.php,,,17.2,,,,,,7.0,Washington Commanders,2026-07-31,WAS
/nfl/rankings/dynasty-overall.php,dynasty-overall,do,Jaleel McLaughlin,25876,RB,DEN,351.71,35.6,308,397,,jaleel-mclaughlin.php,,,0.6,,,,,,10.0,Jaleel McLaughlin,2026-07-31,DEN
/nfl/rankings/dynasty-overall.php,dynasty-overall,do,Erick All Jr.,23837,TE,CIN,351.86,23.96,322,392,,erick-all.php,,,2.0,,,,,,6.0,Erick All,2026-07-31,CIN
/nfl/rankings/dynasty-overall.php,dynasty-overall,do,J'Mari Taylor,28109,RB,JAC,332.8,44.62,273,401,,jmari-taylor.php,,,3.9,,,,,,7.0,JMari Taylor,2026-07-31,JAC
/nfl/rankings/dynasty-overall.php,dynasty-overall,do,Joe Mixon,16420,RB,FA,316.5,23.08,287,349,,joe-mixon.php,,,10.4,,,,,,,Joe Mixon,2026-07-31,FA
/nfl/rankings/dynasty-overall.php,dynasty-overall,do,Noah Fant,17527,TE,NO,335.0,34.57,286,382,,noah-fant.php,,,1.8,,,,,,8.0,Noah Fant,2026-07-31,NOS
/nfl/rankings/dynasty-overall.php,dynasty-overall,do,Malik Davis,24205,RB,DAL,336.0,28.99,296,366,,malik-davis.php,,,4.9,,,,,,14.0,Malik Davis,2026-07-31,DAL
/nfl/rankings/dynasty-overall.php,dynasty-overall,do,John Metchie III,22895,WR,CAR,348.5,30.79,291,386,,john-metchie.php,,,1.8,,,,,,5.0,John Metchie,2026-07-31,CAR
/nfl/rankings/dynasty-overall.php,dynasty-overall,do,Samaje Perine,16423,RB,CIN,320.75,34.03,281,356,,samaje-perine.php,,,5.0,,,,,,6.0,Samaje Perine,2026-07-31,CIN
/nfl/rankings/dynasty-overall.php,dynasty-overall,do,Will Levis,22987,QB,TEN,340.2,17.49,312,365,,will-levis.php,,,2.4,,,,,,9.0,Will Levis,2026-07-31,TEN
/nfl/rankings/dynasty-overall.php,dynasty-overall,do,Tyler Bass,19760,K,BUF,323.75,31.81,283,365,,tyler-bass.php,,,9.8,,,,,,7.0,Tyler Bass,2026-07-31,BUF
/nfl/rankings/dynasty-overall.php,dynasty-overall,do,Trey Lance,20082,QB,LAC,340.4,32.53,290,378,,trey-lance.php,,,1.5,,,,,,7.0,Trey Lance,2026-07-31,LAC
/nfl/rankings/dynasty-overall.php,dynasty-overall,do,Josh Cameron,28137,WR,JAC,341.0,24.95,304,364,,josh-cameron.php,,,1.6,,,,,,7.0,Josh Cameron,2026-07-31,JAC
/nfl/rankings/dynasty-overall.php,dynasty-overall,do,KaVontae Turpin,18520,WR,DAL,326.75,48.13,268,380,,kavontae-turpin.php,,,4.8,,,,,,14.0,KaVontae Turpin,2026-07-31,DAL
/nfl/rankings/dynasty-overall.php,dynasty-overall,do,Aaron Anderson,27500,WR,CLE,302.67,46.64,251,364,,aaron-anderson.php,,,1.2,,,,,,11.0,Aaron Anderson,2026-07-31,CLE
/nfl/rankings/dynasty-overall.php,dynasty-overall,do,Tanner McKee,24740,QB,PHI,344.8,33.44,291,381,,tanner-mckee.php,,,2.1,,,,,,10.0,Tanner McKee,2026-07-31,PHI
/nfl/rankings/dynasty-overall.php,dynasty-overall,do,Luke Musgrave,25282,TE,GB,355.17,12.32,341,375,,luke-musgrave.php,,,7.0,,,,,,11.0,Luke Musgrave,2026-07-31,GBP
/nfl/rankings/dynasty-overall.php,dynasty-overall,do,Michael Trigg,23167,TE,DAL,345.6,24.48,325,390,,michael-trigg.php,,,9.0,,,,,,14.0,Michael Trigg,2026-07-31,DAL
/nfl/rankings/dynasty-overall.php,dynasty-overall,do,KeAndre Lambert-Smith,24372,WR,LAC,355.83,27.97,315,396,,keandre-lambert-smith.php,,,0.7,,,,,,7.0,KeAndre Lambert-Smith,2026-07-31,LAC
/nfl/rankings/dynasty-overall.php,dynasty-overall,do,Mack Hollins,16489,WR,NE,334.75,40.07,274,376,,mack-hollins.php,,,2.9,,,,,,11.0,Mack Hollins,2026-07-31,NEP
/nfl/rankings/dynasty-overall.php,dynasty-overall,do,Jonnu Smith,16460,TE,FA,312.33,40.54,255,341,,jonnu-smith.php,,,2.9,,,,,,,Jonnu Smith,2026-07-31,FA
/nfl/rankings/dynasty-overall.php,dynasty-overall,do,Darren Waller,14104,TE,FA,315.67,51.47,254,380,,darren-waller.php,,,2.3,,,,,,,Darren Waller,2026-07-31,FA
/nfl/rankings/dynasty-overall.php,dynasty-overall,do,Tyler Conklin,17598,TE,DET,324.67,72.01,246,420,,tyler-conklin.php,,,0.7,,,,,,6.0,Tyler Conklin,2026-07-31,DET
/nfl/rankings/dynasty-overall.php,dynasty-overall,do,Brandon McManus,13274,K,FA,295.0,7.0,288,302,,brandon-mcmanus.php,,,0.7,,,,,,,Brandon McManus,2026-07-31,FA
/nfl/rankings/dynasty-overall.php,dynasty-overall,do,Barion Brown,25416,WR,NO,362.6,33.05,304,397,,barion-brown.php,,,1.1,,,,,,8.0,Barion Brown,2026-07-31,NOS
/nfl/rankings/dynasty-overall.php,dynasty-overall,do,Sam Howell,23045,QB,DAL,297.5,23.5,274,321,,sam-howell.php,,,0.6,,,,,,14.0,Sam Howell,2026-07-31,DAL
/nfl/rankings/dynasty-overall.php,dynasty-overall,do,Ty Johnson,18406,RB,BUF,352.25,20.54,323,378,,ty-johnson.php,,,4.0,,,,,,7.0,Ty Johnson,2026-07-31,BUF
/nfl/rankings/dynasty-overall.php,dynasty-overall,do,Aidan O'Connell,24330,QB,LV,334.67,46.44,269,368,,aidan-oconnell.php,,,0.6,,,,,,13.0,Aidan OConnell,2026-07-31,LVR
/nfl/rankings/dynasty-overall.php,dynasty-overall,do,Nate Boerkircher,28427,TE,JAC,365.8,9.24,351,377,,nate-boerkircher.php,,,0.9,,,,,,7.0,Nate Boerkircher,2026-07-31,JAC
/nfl/rankings/dynasty-overall.php,dynasty-overall,do,Elijah Higgins,23119,TE,ARI,355.75,43.85,286,400,,elijah-higgins.php,,,1.5,,,,,,14.0,Elijah Higgins,2026-07-31,ARI
/nfl/rankings/dynasty-overall.php,dynasty-overall,do,Kendrick Law,26044,WR,DET,339.0,36.4,293,382,,kendrick-law.php,,,1.5,,,,,,6.0,Kendrick Law,2026-07-31,DET
/nfl/rankings/dynasty-overall.php,dynasty-overall,do,Devontez Walker,26011,WR,BAL,340.67,29.8,299,367,,devontez-walker.php,,,0.9,,,,,,13.0,Devontez Walker,2026-07-31,BAL
/nfl/rankings/dynasty-overall.php,dynasty-overall,do,Cade Stover,25269,TE,HOU,343.33,60.34,258,386,,cade-stover.php,,,0.8,,,,,,8.0,Cade Stover,2026-07-31,HOU
/nfl/rankings/dynasty-overall.php,dynasty-overall,do,Jawhar Jordan,26329,RB,HOU,346.0,35.93,302,390,,jawhar-jordan.php,,,0.6,,,,,,8.0,Jawhar Jordan,2026-07-31,HOU
/nfl/rankings/dynasty-overall.php,dynasty-overall,do,Joe Royer,27312,TE,CLE,370.6,11.48,352,387,,joe-royer.php,,,1.6,,,,,,11.0,Joe Royer,2026-07-31,CLE
/nfl/rankings/dynasty-overall.php,dynasty-overall,do,Dyami Brown,20113,WR,WAS,362.75,27.14,316,383,,dyami-brown.php,,,0.9,,,,,,7.0,Dyami Brown,2026-07-31,WAS
/nfl/rankings/dynasty-overall.php,dynasty-overall,do,Jimmy Garoppolo,12208,QB,LAR,349.33,14.82,330,366,,jimmy-garoppolo.php,,,0.8,,,,,,11.0,Jimmy Garoppolo,2026-07-31,LAR
/nfl/rankings/dynasty-overall.php,dynasty-overall,do,Jordan Watkins,27486,WR,SF,351.0,35.9,302,387,,jordan-watkins.php,,,1.0,,,,,,8.0,Jordan Watkins,2026-07-31,SFO
/nfl/rankings/dynasty-overall.php,dynasty-overall,do,Jeff Caldwell,28425,WR,KC,374.4,19.46,350,399,,jeff-caldwell.php,,,2.1,,,,,,5.0,Jeff Caldwell,2026-07-31,KCC
/nfl/rankings/dynasty-overall.php,dynasty-overall,do,Elijah Moore,20114,WR,PHI,329.0,27.0,302,356,,elijah-moore.php,,,0.6,,,,,,10.0,Elijah Moore,2026-07-31,PHI
/nfl/rankings/dynasty-overall.php,dynasty-overall,do,Raheim Sanders,24351,RB,CLE,344.5,93.5,251,438,,raheim-sanders.php,,,0.6,,,,,,11.0,Raheim Sanders,2026-07-31,CLE
/nfl/rankings/dynasty-overall.php,dynasty-overall,do,Jaren Kanak,28160,TE,TEN,355.67,32.17,322,399,,jaren-kanak.php,,,0.0,,,,,-10.0,9.0,Jaren Kanak,2026-07-31,TEN
/nfl/rankings/dynasty-overall.php,dynasty-overall,do,Tai Felton,27182,WR,MIN,368.75,16.53,346,389,,tai-felton.php,,,0.7,,,,,,6.0,Tai Felton,2026-07-31,MIN
/nfl/rankings/dynasty-overall.php,dynasty-overall,do,Will Kacmarek,28403,TE,MIA,356.33,47.12,290,395,,will-kacmarek.php,,,5.4,,,,,,6.0,Will Kacmarek,2026-07-31,MIA
/nfl/rankings/dynasty-overall.php,dynasty-overall,do,Jalin Hyatt,25251,WR,NYG,333.0,56.0,277,389,,jalin-hyatt.php,,,2.6,,,,,,8.0,Jalin Hyatt,2026-07-31,NYG
/nfl/rankings/dynasty-overall.php,dynasty-overall,do,Colbie Young,26037,WR,CIN,358.67,33.87,313,394,,colbie-young.php,,,1.5,,,,,,6.0,Colbie Young,2026-07-31,CIN
/nfl/rankings/dynasty-overall.php,dynasty-overall,do,Eric Rivers Jr.,28128,WR,TB,358.67,12.12,346,375,,eric-rivers.php,,,1.0,,,,,,10.0,Eric Rivers,2026-07-31,TBB
/nfl/rankings/dynasty-overall.php,dynasty-overall,do,Curtis Samuel,16434,WR,FA,335.0,68.0,267,403,,curtis-samuel.php,,,2.0,,,,,,,Curtis Samuel,2026-07-31,FA
/nfl/rankings/dynasty-overall.php,dynasty-overall,do,Trey Palmer,25331,WR,NO,336.0,68.0,268,404,,trey-palmer.php,,,3.6,,,,,,8.0,Trey Palmer,2026-07-31,NOS
/nfl/rankings/dynasty-overall.php,dynasty-overall,do,Daniel Bellinger,24238,TE,TEN,360.0,51.08,289,407,,daniel-bellinger.php,,,3.2,,,,,-8.0,9.0,Daniel Bellinger,2026-07-31,TEN
/nfl/rankings/dynasty-overall.php,dynasty-overall,do,Tyren Montgomery,28423,WR,TEN,381.4,16.6,359,404,,tyren-montgomery.php,,,0.0,,,,,,9.0,Tyren Montgomery,2026-07-31,TEN
/nfl/rankings/dynasty-overall.php,dynasty-overall,do,Adam Trautman,19423,TE,DEN,365.0,33.15,321,401,,adam-trautman.php,,,0.6,,,,,,10.0,Adam Trautman,2026-07-31,DEN
/nfl/rankings/dynasty-overall.php,dynasty-overall,do,Austin Hooper,15581,TE,ATL,368.67,15.84,356,391,,austin-hooper.php,,,1.4,,,,,,11.0,Austin Hooper,2026-07-31,ATL
/nfl/rankings/dynasty-overall.php,dynasty-overall,do,Zach Ertz,11689,TE,FA,350.5,22.5,328,373,,zach-ertz.php,,,1.7,,,,,,,Zach Ertz,2026-07-31,FA
/nfl/rankings/dynasty-overall.php,dynasty-overall,do,Jimmy Horn Jr.,27294,WR,CAR,374.0,35.56,335,421,,jimmy-horn-jr.php,,,0.6,,,,,,5.0,Jimmy Horn,2026-07-31,CAR
/nfl/rankings/dynasty-overall.php,dynasty-overall,do,Mitchell Trubisky,16381,QB,TEN,351.5,42.5,309,394,,mitch-trubisky.php,,,0.6,,,,,,9.0,Mitchell Trubisky,2026-07-31,TEN
/nfl/rankings/dynasty-overall.php,dynasty-overall,do,Dameon Pierce,22947,RB,PHI,362.0,66.0,296,428,,dameon-pierce.php,,,0.8,,,,,,10.0,Dameon Pierce,2026-07-31,PHI
/nfl/rankings/dynasty-overall.php,dynasty-overall,do,Kendrick Bourne,17066,WR,ARI,352.5,35.5,317,388,,kendrick-bourne.php,,,3.1,,,,,,14.0,Kendrick Bourne,2026-07-31,ARI
/nfl/rankings/dynasty-overall.php,dynasty-overall,do,Mason Rudolph,17234,QB,PIT,354.0,15.0,339,369,,mason-rudolph.php,,,0.8,,,,,,9.0,Mason Rudolph,2026-07-31,PIT
/nfl/rankings/dynasty-overall.php,dynasty-overall,do,Treylon Burks,22905,WR,WAS,381.0,23.0,344,406,,treylon-burks.php,,,3.6,,,,,,7.0,Treylon Burks,2026-07-31,WAS
/nfl/rankings/dynasty-overall.php,dynasty-overall,do,Riley Nowakowski,28437,TE,PIT,373.67,16.13,356,395,,riley-nowakowski.php,,,0.7,,,,,,9.0,Riley Nowakowski,2026-07-31,PIT
/nfl/rankings/dynasty-overall.php,dynasty-overall,do,Josh Oliver,18487,TE,MIN,375.0,24.91,354,410,,josh-oliver.php,,,0.7,,,,,,6.0,Josh Oliver,2026-07-31,MIN
/nfl/rankings/dynasty-overall.php,dynasty-overall,do,Phil Mafah,22928,RB,DAL,383.0,35.59,353,433,,phil-mafah.php,,,1.0,,,,,,14.0,Phil Mafah,2026-07-31,DAL
/nfl/rankings/dynasty-overall.php,dynasty-overall,do,Taysom Hill,17115,TE,FA,366.5,55.5,311,422,,taysom-hill.php,,,0.7,,,,,,,Taysom Hill,2026-07-31,FA
/nfl/rankings/dynasty-overall.php,dynasty-overall,do,Tyler Huntley,19297,QB,BAL,360.0,12.0,348,372,,tyler-huntley.php,,,3.1,,,,,,13.0,Tyler Huntley,2026-07-31,BAL
/nfl/rankings/dynasty-overall.php,dynasty-overall,do,Isaiah Hodgins,19375,WR,NYG,368.5,54.5,314,423,,isaiah-hodgins.php,,,0.1,,,,,,8.0,Isaiah Hodgins,2026-07-31,NYG
/nfl/rankings/dynasty-overall.php,dynasty-overall,do,DeAndre Hopkins,11606,WR,BAL,383.75,9.55,376,400,,deandre-hopkins.php,,,0.6,,,,,,13.0,DeAndre Hopkins,2026-07-31,BAL
/nfl/rankings/dynasty-overall.php,dynasty-overall,do,Jake Browning,18557,QB,TB,361.5,13.5,348,375,,jake-browning.php,,,0.7,,,,,,10.0,Jake Browning,2026-07-31,TBB
/nfl/rankings/dynasty-overall.php,dynasty-overall,do,Roschon Johnson,25322,RB,CHI,364.5,48.5,316,413,,roschon-johnson.php,,,0.6,,,,,,10.0,Roschon Johnson,2026-07-31,CHI
/nfl/rankings/dynasty-overall.php,dynasty-overall,do,Andy Dalton,9907,QB,PHI,362.0,31.0,331,393,,andy-dalton.php,,,1.0,,,,,,10.0,Andy Dalton,2026-07-31,PHI
/nfl/rankings/dynasty-overall.php,dynasty-overall,do,Seydou Traore,28163,TE,MIA,366.5,49.5,317,416,,seydou-traore.php,,,0.0,,,,,,6.0,Seydou Traore,2026-07-31,MIA
/nfl/rankings/dynasty-overall.php,dynasty-overall,do,Olamide Zaccheaus,18864,WR,ATL,377.0,18.02,354,398,,olamide-zaccheaus.php,,,4.6,,,,,,11.0,Olamide Zaccheaus,2026-07-31,ATL
/nfl/rankings/dynasty-overall.php,dynasty-overall,do,Foster Moreau,18397,TE,HOU,371.5,53.5,318,425,,foster-moreau.php,,,0.7,,,,,,8.0,Foster Moreau,2026-07-31,HOU
/nfl/rankings/dynasty-overall.php,dynasty-overall,do,Rasheen Ali,25983,RB,BAL,367.5,47.5,320,415,,rasheen-ali.php,,,1.4,,,,,,13.0,Rasheen Ali,2026-07-31,BAL
/nfl/rankings/dynasty-overall.php,dynasty-overall,do,John Michael Gyllenborg,28158,TE,KC,379.0,58.0,321,437,,john-michael-gyllenborg.php,,,1.8,,,,,,5.0,John Michael Gyllenborg,2026-07-31,KCC
/nfl/rankings/dynasty-overall.php,dynasty-overall,do,Dallen Bentley,28352,TE,DEN,385.75,15.58,359,398,,dallen-bentley.php,,,1.1,,,,,,10.0,Dallen Bentley,2026-07-31,DEN
/nfl/rankings/dynasty-overall.php,dynasty-overall,do,Kenny Pickett,22722,QB,CAR,367.5,9.5,358,377,,kenny-pickett.php,,,1.0,,,,,,5.0,Kenny Pickett,2026-07-31,CAR
/nfl/rankings/dynasty-overall.php,dynasty-overall,do,Carsen Ryan,28399,TE,CLE,380.67,10.96,371,396,,carsen-ryan.php,,,1.1,,,,,,11.0,Carsen Ryan,2026-07-31,CLE
/nfl/rankings/dynasty-overall.php,dynasty-overall,do,Josh Cuevas,28155,TE,BAL,383.0,10.03,374,397,,josh-cuevas.php,,,0.6,,,,,-8.0,13.0,Josh Cuevas,2026-07-31,BAL
/nfl/rankings/dynasty-overall.php,dynasty-overall,do,Zach Wilson,22679,QB,NO,372.5,22.5,350,395,,zach-wilson.php,,,0.6,,,,,,8.0,Zach Wilson,2026-07-31,NOS
/nfl/rankings/dynasty-overall.php,dynasty-overall,do,Luke Schoonmaker,25267,TE,DAL,384.5,45.5,339,430,,luke-schoonmaker.php,,,0.9,,,,,,14.0,Luke Schoonmaker,2026-07-31,DAL
/nfl/rankings/dynasty-overall.php,dynasty-overall,do,Van Jefferson,19483,WR,WAS,385.5,45.5,340,431,,van-jefferson.php,,,0.9,,,,,,7.0,Van Jefferson,2026-07-31,WAS
/nfl/rankings/dynasty-overall.php,dynasty-overall,do,Brevin Jordan,20162,TE,HOU,386.5,45.5,341,432,,brevin-jordan.php,,,1.0,,,,,,8.0,Brevin Jordan,2026-07-31,HOU
/nfl/rankings/dynasty-overall.php,dynasty-overall,do,Reggie Virgil,28141,WR,ARI,385.33,14.88,369,405,,reggie-virgil.php,,,0.7,,,,,,14.0,Reggie Virgil,2026-07-31,ARI
/nfl/rankings/dynasty-overall.php,dynasty-overall,do,Nick Westbrook-Ikhine,19747,WR,IND,392.0,27.09,361,427,,nick-westbrook.php,,,1.6,,,,,,13.0,Nick Westbrook-Ikhine,2026-07-31,IND
/nfl/rankings/dynasty-overall.php,dynasty-overall,do,Efton Chism III,27445,WR,NE,381.0,38.0,343,419,,efton-chismi.php,,,0.8,,,,,,11.0,Efton Chism,2026-07-31,NEP
/nfl/rankings/dynasty-overall.php,dynasty-overall,do,Dae'Quan Wright,28159,TE,PHI,389.67,20.37,371,418,,daequan-wright.php,,,0.0,,,,,,10.0,DaeQuan Wright,2026-07-31,PHI
/nfl/rankings/dynasty-overall.php,dynasty-overall,do,Kareem Hunt,16425,RB,FA,376.0,5.0,371,381,,kareem-hunt.php,,,1.3,,,,,,,Kareem Hunt,2026-07-31,FA
/nfl/rankings/dynasty-overall.php,dynasty-overall,do,Kaden Wetjen,28435,WR,PIT,387.67,13.72,373,406,,kaden-wetjen.php,,,0.7,,,,,,9.0,Kaden Wetjen,2026-07-31,PIT
/nfl/rankings/dynasty-overall.php,dynasty-overall,do,Bam Knight,24901,RB,ARI,397.0,26.87,371,434,,zonovan-bam-knight.php,,,0.7,,,,,,14.0,Bam Knight,2026-07-31,ARI
/nfl/rankings/dynasty-overall.php,dynasty-overall,do,Antonio Gibson,19624,RB,FA,397.0,46.0,351,443,,antonio-gibson.php,,,1.3,,,,,,,Antonio Gibson,2026-07-31,FA
/nfl/rankings/dynasty-overall.php,dynasty-overall,do,Ty Chandler,19471,RB,NO,399.0,46.0,353,445,,ty-chandler.php,,,0.7,,,,,,8.0,Ty Chandler,2026-07-31,NOS
/nfl/rankings/dynasty-overall.php,dynasty-overall,do,Gabe Davis,19398,WR,FA,399.5,44.5,355,444,,gabriel-davis.php,,,1.0,,,,,,,Gabriel Davis,2026-07-31,FA
/nfl/rankings/dynasty-overall.php,dynasty-overall,do,Jahdae Walker,27810,WR,CHI,403.5,47.5,356,451,,jahdae-walker.php,,,0.9,,,,,,10.0,Jahdae Walker,2026-07-31,CHI
/nfl/rankings/dynasty-overall.php,dynasty-overall,do,Chase Roberts,28131,WR,LV,393.5,35.5,358,429,,chase-roberts.php,,,0.0,,,,,,13.0,Chase Roberts,2026-07-31,LVR
/nfl/rankings/dynasty-overall.php,dynasty-overall,do,Demarcus Robinson,15665,WR,SF,386.0,26.0,360,412,,demarcus-robinson.php,,,0.8,,,,,,8.0,Demarcus Robinson,2026-07-31,SFO
/nfl/rankings/dynasty-overall.php,dynasty-overall,do,Austin Ekeler,16483,RB,FA,410.0,48.0,362,458,,austin-ekeler.php,,,1.7,,,,,,,Austin Ekeler,2026-07-31,FA
/nfl/rankings/dynasty-overall.php,dynasty-overall,do,Bo Melton,24049,WR,GB,407.0,42.0,365,449,,bo-melton.php,,,0.6,,,,,,11.0,Bo Melton,2026-07-31,GBP
/nfl/rankings/dynasty-overall.php,dynasty-overall,do,Terion Stewart,28111,RB,KC,387.0,15.0,372,402,,terion-stewart.php,,,0.0,,,,,,5.0,Terion Stewart,2026-07-31,KCC
/nfl/rankings/dynasty-overall.php,dynasty-overall,do,Dean Connors,28113,RB,LAR,404.0,37.0,367,441,,dean-connors.php,,,1.0,,,,,,11.0,Dean Connors,2026-07-31,LAR
/nfl/rankings/dynasty-overall.php,dynasty-overall,do,Xavier Hutchinson,25332,WR,HOU,404.33,25.0,381,439,,xavier-hutchinson.php,,,1.4,,,,,,8.0,Xavier Hutchinson,2026-07-31,HOU
/nfl/rankings/dynasty-overall.php,dynasty-overall,do,Jared Wiley,26343,TE,KC,402.5,32.5,370,435,,jared-wiley.php,,,1.0,,,,,,5.0,Jared Wiley,2026-07-31,KCC
/nfl/rankings/dynasty-overall.php,dynasty-overall,do,Jeremy Ruckert,23742,TE,NYJ,408.0,34.0,374,442,,jeremy-ruckert.php,,,0.6,,,,,,13.0,Jeremy Ruckert,2026-07-31,NYJ
/nfl/rankings/dynasty-overall.php,dynasty-overall,do,Jaydn Ott,25394,RB,KC,411.5,34.5,377,446,,jaydn-ott.php,,,1.0,,,,,,5.0,Jaydn Ott,2026-07-31,KCC
/nfl/rankings/dynasty-overall.php,dynasty-overall,do,Roman Wilson,28896,WR,PIT,416.0,37.0,379,453,,roman-wilson-wr.php,,,0.7,,,,,,9.0,Roman Wilson,2026-07-31,PIT
/nfl/rankings/dynasty-overall.php,dynasty-overall,do,Thomas Fidone II,23039,TE,NYG,406.33,14.88,390,426,,thomas-fidone.php,,,1.0,,,,,,8.0,Thomas Fidone,2026-07-31,NYG
/nfl/rankings/dynasty-overall.php,dynasty-overall,do,Tommy Tremble,22795,TE,CAR,402.5,14.5,388,417,,tommy-tremble.php,,,1.0,,,,,,5.0,Tommy Tremble,2026-07-31,CAR
/nfl/rankings/dynasty-overall.php,dynasty-overall,do,Grant Calcaterra,24180,TE,PHI,421.0,29.0,392,450,,grant-calcaterra.php,,,0.7,,,,,,10.0,Grant Calcaterra,2026-07-31,PHI
/nfl/rankings/dynasty-qb.php,dynasty-qb,dp,Josh Allen,17298,QB,BUF,1.18,0.38,1,2,,josh-allen-qb.php,,,99.4,,,,,,7.0,Josh Allen,2026-07-31,BUF
/nfl/rankings/dynasty-qb.php,dynasty-qb,dp,Drake Maye,23046,QB,NE,2.0,0.69,1,4,,drake-maye.php,,,98.6,,,,,,11.0,Drake Maye,2026-07-31,NEP
/nfl/rankings/dynasty-qb.php,dynasty-qb,dp,Jayden Daniels,22902,QB,WAS,3.59,1.03,2,6,,jayden-daniels.php,,,97.5,,,,,,7.0,Jayden Daniels,2026-07-31,WAS
/nfl/rankings/dynasty-qb.php,dynasty-qb,dp,Lamar Jackson,17233,QB,BAL,4.06,0.73,3,5,,lamar-jackson.php,,,99.1,,,,,,13.0,Lamar Jackson,2026-07-31,BAL
/nfl/rankings/dynasty-qb.php,dynasty-qb,dp,Joe Burrow,19196,QB,CIN,5.47,1.29,3,8,,joe-burrow.php,,,98.1,,,,,,6.0,Joe Burrow,2026-07-31,CIN
/nfl/rankings/dynasty-qb.php,dynasty-qb,dp,Caleb Williams,23084,QB,CHI,5.71,1.52,4,9,,caleb-williams.php,,,93.7,,,,,,10.0,Caleb Williams,2026-07-31,CHI
/nfl/rankings/dynasty-qb.php,dynasty-qb,dp,Justin Herbert,18635,QB,LAC,7.24,1.16,6,10,,justin-herbert.php,,,93.4,,,,,,7.0,Justin Herbert,2026-07-31,LAC
/nfl/rankings/dynasty-qb.php,dynasty-qb,dp,Patrick Mahomes II,16413,QB,KC,7.88,1.02,7,10,,patrick-mahomes.php,,,91.9,,,,,,5.0,Patrick Mahomes,2026-07-31,KCC
/nfl/rankings/dynasty-qb.php,dynasty-qb,dp,Jalen Hurts,19275,QB,PHI,8.88,1.45,6,11,,jalen-hurts.php,,,97.8,,,,,,10.0,Jalen Hurts,2026-07-31,PHI
/nfl/rankings/dynasty-qb.php,dynasty-qb,dp,Trevor Lawrence,19780,QB,JAC,9.65,1.13,8,12,,trevor-lawrence.php,,,90.8,,,,,,7.0,Trevor Lawrence,2026-07-31,JAC
/nfl/rankings/dynasty-qb.php,dynasty-qb,dp,Jaxson Dart,23160,QB,NYG,11.82,0.98,10,13,,jaxson-dart.php,,,94.8,,,,,,8.0,Jaxson Dart,2026-07-31,NYG
/nfl/rankings/dynasty-qb.php,dynasty-qb,dp,Brock Purdy,19797,QB,SF,11.94,0.8,11,14,,brock-purdy.php,,,90.9,,,,,,8.0,Brock Purdy,2026-07-31,SFO
/nfl/rankings/dynasty-qb.php,dynasty-qb,dp,Bo Nix,22910,QB,DEN,12.82,1.34,10,16,,bo-nix.php,,,88.9,,,,,,10.0,Bo Nix,2026-07-31,DEN
/nfl/rankings/dynasty-qb.php,dynasty-qb,dp,Dak Prescott,15600,QB,DAL,14.0,1.53,10,16,,dak-prescott.php,,,93.4,,,,,,14.0,Dak Prescott,2026-07-31,DAL
/nfl/rankings/dynasty-qb.php,dynasty-qb,dp,Jordan Love,19246,QB,GB,14.94,1.11,13,17,,jordan-love.php,,,58.4,,,,,,11.0,Jordan Love,2026-07-31,GBP
/nfl/rankings/dynasty-qb.php,dynasty-qb,dp,Jared Goff,15501,QB,DET,17.53,1.97,14,21,,jared-goff.php,,,77.7,,,,,,6.0,Jared Goff,2026-07-31,DET
/nfl/rankings/dynasty-qb.php,dynasty-qb,dp,Fernando Mendoza,28013,QB,LV,18.24,3.26,15,26,,fernando-mendoza.php,,,34.3,,,,,,13.0,Fernando Mendoza,2026-07-31,LVR
/nfl/rankings/dynasty-qb.php,dynasty-qb,dp,Baker Mayfield,17237,QB,TB,18.29,2.14,15,23,,baker-mayfield.php,,,61.2,,,,,,10.0,Baker Mayfield,2026-07-31,TBB
/nfl/rankings/dynasty-qb.php,dynasty-qb,dp,Cam Ward,24755,QB,TEN,19.0,2.09,16,24,,cam-ward.php,,,33.0,,,,,,9.0,Cam Ward,2026-07-31,TEN
/nfl/rankings/dynasty-qb.php,dynasty-qb,dp,C.J. Stroud,23071,QB,HOU,19.88,2.4,16,24,,cj-stroud.php,,,40.5,,,,,,8.0,CJ Stroud,2026-07-31,HOU
/nfl/rankings/dynasty-qb.php,dynasty-qb,dp,Tyler Shough,23096,QB,NO,21.06,1.7,19,24,,tyler-shough.php,,,56.2,,,,,,8.0,Tyler Shough,2026-07-31,NOS
/nfl/rankings/dynasty-qb.php,dynasty-qb,dp,Kyler Murray,18600,QB,MIN,21.59,1.19,20,24,,kyler-murray.php,,,73.3,,,,,,6.0,Kyler Murray,2026-07-31,MIN
/nfl/rankings/dynasty-qb.php,dynasty-qb,dp,Sam Darnold,17236,QB,SEA,22.47,1.5,19,25,,sam-darnold.php,,,43.1,,,,,,11.0,Sam Darnold,2026-07-31,SEA
/nfl/rankings/dynasty-qb.php,dynasty-qb,dp,Malik Willis,23499,QB,MIA,23.65,2.54,19,28,,malik-willis.php,,,46.6,,,,,,6.0,Malik Willis,2026-07-31,MIA
/nfl/rankings/dynasty-qb.php,dynasty-qb,dp,Matthew Stafford,9451,QB,LAR,24.94,1.35,22,27,,matthew-stafford.php,,,92.5,,,,,,11.0,Matthew Stafford,2026-07-31,LAR
/nfl/rankings/dynasty-qb.php,dynasty-qb,dp,Bryce Young,22900,QB,CAR,25.41,2.22,19,28,,bryce-young.php,,,32.6,,,,,,5.0,Bryce Young,2026-07-31,CAR
/nfl/rankings/dynasty-qb.php,dynasty-qb,dp,Daniel Jones,18232,QB,IND,25.94,1.66,23,28,,daniel-jones.php,,,40.7,,,,,,13.0,Daniel Jones,2026-07-31,IND
/nfl/rankings/dynasty-qb.php,dynasty-qb,dp,Ty Simpson,25368,QB,LAR,27.94,1.21,26,30,,ty-simpson.php,,,15.3,,,,,,11.0,Ty Simpson,2026-07-31,LAR
/nfl/rankings/dynasty-qb.php,dynasty-qb,dp,Michael Penix Jr.,22973,QB,ATL,29.41,0.97,28,32,,michael-penix-jr.php,,,16.1,,,,,,11.0,Michael Penix,2026-07-31,ATL
/nfl/rankings/dynasty-qb.php,dynasty-qb,dp,Tua Tagovailoa,19198,QB,ATL,30.76,1.73,28,34,,tua-tagovailoa.php,,,22.4,,,,,,11.0,Tua Tagovailoa,2026-07-31,ATL
/nfl/rankings/dynasty-qb.php,dynasty-qb,dp,J.J. McCarthy,23018,QB,MIN,32.82,2.62,30,39,,jj-mccarthy.php,,,13.2,,,,,,6.0,JJ McCarthy,2026-07-31,MIN
/nfl/rankings/dynasty-qb.php,dynasty-qb,dp,Shedeur Sanders,25968,QB,CLE,33.06,1.63,31,37,,shedeur-sanders.php,,,17.7,,,,,,11.0,Shedeur Sanders,2026-07-31,CLE
/nfl/rankings/dynasty-qb.php,dynasty-qb,dp,Geno Smith,11687,QB,NYJ,34.29,2.05,32,40,,geno-smith.php,,,19.5,,,,,,13.0,Geno Smith,2026-07-31,NYJ
/nfl/rankings/dynasty-qb.php,dynasty-qb,dp,Jacoby Brissett,15642,QB,ARI,35.18,2.64,31,41,,jacoby-brissett.php,,,25.9,,,,,,14.0,Jacoby Brissett,2026-07-31,ARI
/nfl/rankings/dynasty-qb.php,dynasty-qb,dp,Aaron Rodgers,9001,QB,PIT,36.76,2.73,32,43,,aaron-rodgers.php,,,22.4,,,,,,9.0,Aaron Rodgers,2026-07-31,PIT
/nfl/rankings/dynasty-qb.php,dynasty-qb,dp,Mac Jones,20156,QB,SF,35.31,4.39,30,46,,mac-jones.php,,,10.8,,,,,,8.0,Mac Jones,2026-07-31,SFO
/nfl/rankings/dynasty-qb.php,dynasty-qb,dp,Deshaun Watson,16398,QB,CLE,39.08,4.78,31,48,,deshaun-watson.php,,,16.9,,,,,,11.0,Deshaun Watson,2026-07-31,CLE
/nfl/rankings/dynasty-qb.php,dynasty-qb,dp,Carson Beck,22953,QB,ARI,39.62,5.2,34,54,,carson-beck.php,,,12.3,,,,,,14.0,Carson Beck,2026-07-31,ARI
/nfl/rankings/dynasty-qb.php,dynasty-qb,dp,Anthony Richardson Sr.,24347,QB,IND,35.75,5.92,29,49,,anthony-richardson.php,,,11.1,,,,,,13.0,Anthony Richardson,2026-07-31,IND
/nfl/rankings/dynasty-qb.php,dynasty-qb,dp,Kirk Cousins,11177,QB,LV,41.08,3.15,36,47,,kirk-cousins.php,,,14.3,,,,,,13.0,Kirk Cousins,2026-07-31,LVR
/nfl/rankings/dynasty-qb.php,dynasty-qb,dp,Justin Fields,19781,QB,KC,41.38,5.37,36,56,,justin-fields.php,,,10.2,,,,,,5.0,Justin Fields,2026-07-31,KCC
/nfl/rankings/dynasty-qb.php,dynasty-qb,dp,Jalen Milroe,22884,QB,SEA,44.62,6.2,37,61,,jalen-milroe.php,,,4.5,,,,,,11.0,Jalen Milroe,2026-07-31,SEA
/nfl/rankings/dynasty-qb.php,dynasty-qb,dp,Drew Allar,24345,QB,PIT,44.73,6.57,39,60,,drew-allar.php,,,2.0,,,,,,9.0,Drew Allar,2026-07-31,PIT
/nfl/rankings/dynasty-qb.php,dynasty-qb,dp,Cade Klubnik,24361,QB,NYJ,45.2,3.84,39,53,,cade-klubnik.php,,,6.7,,,,,,13.0,Cade Klubnik,2026-07-31,NYJ
/nfl/rankings/dynasty-qb.php,dynasty-qb,dp,Will Howard,25972,QB,PIT,49.0,4.67,43,58,,will-howard.php,,,4.1,,,,,,9.0,Will Howard,2026-07-31,PIT
/nfl/rankings/dynasty-qb.php,dynasty-qb,dp,Jameis Winston,13891,QB,NYG,48.89,4.2,43,55,,jameis-winston.php,,,6.7,,,,,,8.0,Jameis Winston,2026-07-31,NYG
/nfl/rankings/dynasty-qb.php,dynasty-qb,dp,Marcus Mariota,13890,QB,WAS,49.0,2.62,46,52,,marcus-mariota.php,,,5.1,,,,,,7.0,Marcus Mariota,2026-07-31,WAS
/nfl/rankings/dynasty-qb.php,dynasty-qb,dp,Quinn Ewers,23680,QB,MIA,49.33,8.74,35,70,,quinn-ewers.php,,,3.5,,,,,,6.0,Quinn Ewers,2026-07-31,MIA
/nfl/rankings/dynasty-qb.php,dynasty-qb,dp,Cole Payton,28302,QB,PHI,46.25,6.87,37,62,,cole-payton.php,,,0.7,,,,,,10.0,Cole Payton,2026-07-31,PHI
/nfl/rankings/dynasty-qb.php,dynasty-qb,dp,Garrett Nussmeier,22998,QB,KC,53.11,6.45,44,66,,garrett-nussmeier.php,,,7.4,,,,,,5.0,Garrett Nussmeier,2026-07-31,KCC
/nfl/rankings/dynasty-qb.php,dynasty-qb,dp,Taylen Green,28094,QB,CLE,48.38,7.24,41,63,,taylen-green.php,,,4.0,,,,,,11.0,Taylen Green,2026-07-31,CLE
/nfl/rankings/dynasty-qb.php,dynasty-qb,dp,Spencer Rattler,23081,QB,NO,49.88,6.03,43,65,,spencer-rattler.php,,,1.1,,,,,,8.0,Spencer Rattler,2026-07-31,NOS
/nfl/rankings/dynasty-qb.php,dynasty-qb,dp,Tyson Bagent,25321,QB,CHI,53.71,7.92,42,66,,tyson-bagent.php,,,3.6,,,,,,10.0,Tyson Bagent,2026-07-31,CHI
/nfl/rankings/dynasty-qb.php,dynasty-qb,dp,Dillon Gabriel,23150,QB,CLE,56.57,7.01,45,67,,dillon-gabriel.php,,,0.6,,,,,,11.0,Dillon Gabriel,2026-07-31,CLE
/nfl/rankings/dynasty-qb.php,dynasty-qb,dp,Trey Lance,20082,QB,LAC,55.0,5.13,51,65,,trey-lance.php,,,1.5,,,,,,7.0,Trey Lance,2026-07-31,LAC
/nfl/rankings/dynasty-qb.php,dynasty-qb,dp,Davis Mills,22799,QB,HOU,55.83,5.01,47,62,,davis-mills.php,,,1.9,,,,,,8.0,Davis Mills,2026-07-31,HOU
/nfl/rankings/dynasty-qb.php,dynasty-qb,dp,Riley Leonard,25373,QB,IND,56.17,4.3,49,63,,riley-leonard.php,,,4.4,,,,,,13.0,Riley Leonard,2026-07-31,IND
/nfl/rankings/dynasty-qb.php,dynasty-qb,dp,Joe Flacco,9300,QB,CIN,56.67,3.82,50,62,,joe-flacco.php,,,4.9,,,,,,6.0,Joe Flacco,2026-07-31,CIN
/nfl/rankings/dynasty-qb.php,dynasty-qb,dp,Will Levis,22987,QB,TEN,57.67,4.75,52,66,,will-levis.php,,,2.4,,,,,,9.0,Will Levis,2026-07-31,TEN
/nfl/rankings/dynasty-qb.php,dynasty-qb,dp,Joe Milton III,25967,QB,DAL,50.6,5.68,43,58,,joe-milton.php,,,4.1,,,,,,14.0,Joe Milton,2026-07-31,DAL
/nfl/rankings/dynasty-qb.php,dynasty-qb,dp,Gardner Minshew II,18562,QB,ARI,58.67,9.55,42,69,,gardner-minshew.php,,,2.6,,,,,,14.0,Gardner Minshew,2026-07-31,ARI
/nfl/rankings/dynasty-qb.php,dynasty-qb,dp,Tanner McKee,24740,QB,PHI,54.4,6.09,45,62,,tanner-mckee.php,,,2.1,,,,,,10.0,Tanner McKee,2026-07-31,PHI
/nfl/rankings/dynasty-qb.php,dynasty-qb,dp,Tyler Huntley,19297,QB,BAL,63.2,5.19,55,69,,tyler-huntley.php,,,3.1,,,,,,13.0,Tyler Huntley,2026-07-31,BAL
/nfl/rankings/dynasty-qb.php,dynasty-qb,dp,Aidan O'Connell,24330,QB,LV,63.2,4.71,57,71,,aidan-oconnell.php,,,0.6,,,,,,13.0,Aidan OConnell,2026-07-31,LVR
/nfl/rankings/dynasty-qb.php,dynasty-qb,dp,Carson Wentz,15520,QB,MIN,63.4,10.86,49,76,,carson-wentz.php,,,0.8,,,,,,6.0,Carson Wentz,2026-07-31,MIN
/nfl/rankings/dynasty-qb.php,dynasty-qb,dp,Jimmy Garoppolo,12208,QB,LAR,63.4,6.65,55,75,,jimmy-garoppolo.php,,,0.8,,,,,,11.0,Jimmy Garoppolo,2026-07-31,LAR
/nfl/rankings/dynasty-qb.php,dynasty-qb,dp,Zach Wilson,22679,QB,NO,64.2,2.32,61,67,,zach-wilson.php,,,0.6,,,,,,8.0,Zach Wilson,2026-07-31,NOS
/nfl/rankings/dynasty-qb.php,dynasty-qb,dp,Kenny Pickett,22722,QB,CAR,65.2,3.71,59,69,,kenny-pickett.php,,,1.0,,,,,,5.0,Kenny Pickett,2026-07-31,CAR
/nfl/rankings/dynasty-qb.php,dynasty-qb,dp,Tyrod Taylor,10007,QB,GB,65.4,7.06,52,73,,tyrod-taylor.php,,,1.4,,,,,,11.0,Tyrod Taylor,2026-07-31,GBP
/nfl/rankings/dynasty-qb.php,dynasty-qb,dp,Sam Howell,23045,QB,DAL,67.0,6.99,58,75,,sam-howell.php,,,0.6,,,,,,14.0,Sam Howell,2026-07-31,DAL
/nfl/rankings/dynasty-qb.php,dynasty-qb,dp,Jarrett Stidham,18604,QB,DEN,68.8,4.17,63,74,,jarrett-stidham.php,,,1.0,,,,,,10.0,Jarrett Stidham,2026-07-31,DEN
/nfl/rankings/dynasty-qb.php,dynasty-qb,dp,Mason Rudolph,17234,QB,PIT,70.6,1.62,68,73,,mason-rudolph.php,,,0.8,,,,,,9.0,Mason Rudolph,2026-07-31,PIT
/nfl/rankings/dynasty-qb.php,dynasty-qb,dp,Mitchell Trubisky,16381,QB,TEN,71.2,8.57,57,84,,mitch-trubisky.php,,,0.6,,,,,,9.0,Mitchell Trubisky,2026-07-31,TEN
/nfl/rankings/dynasty-qb.php,dynasty-qb,dp,Jake Browning,18557,QB,TB,73.0,5.29,64,78,,jake-browning.php,,,0.7,,,,,,10.0,Jake Browning,2026-07-31,TBB
/nfl/rankings/dynasty-qb.php,dynasty-qb,dp,Andy Dalton,9907,QB,PHI,73.2,10.17,55,81,,andy-dalton.php,,,1.0,,,,,,10.0,Andy Dalton,2026-07-31,PHI
/nfl/rankings/dynasty-qb.php,dynasty-qb,dp,Drew Lock,18225,QB,SEA,77.8,1.6,76,80,,drew-lock.php,,,0.9,,,,,,11.0,Drew Lock,2026-07-31,SEA
/nfl/rankings/dynasty-qb.php,dynasty-qb,dp,Kyle McCord,23066,QB,GB,75.75,7.19,69,87,,kyle-mccord.php,,,1.0,,,,,,11.0,Kyle McCord,2026-07-31,GBP
/nfl/rankings/dynasty-qb.php,dynasty-qb,dp,Brady Cook,27161,QB,NYJ,73.67,1.7,72,76,,brady-cook.php,,,0.6,,,,,,13.0,Brady Cook,2026-07-31,NYJ
/nfl/rankings/dynasty-qb.php,dynasty-qb,dp,Nick Mullens,16726,QB,JAC,77.0,4.24,74,83,,nick-mullens.php,,,0.9,,,,,,7.0,Nick Mullens,2026-07-31,JAC
/nfl/rankings/dynasty-qb.php,dynasty-qb,dp,Stetson Bennett IV,23927,QB,LAR,79.0,7.87,72,90,,stetson-bennett.php,,,0.6,,,,,,11.0,Stetson Bennett,2026-07-31,LAR
/nfl/rankings/dynasty-qb.php,dynasty-qb,dp,Luke Altmyer,28093,QB,DET,73.5,0.5,73,74,,luke-altmyer.php,,,0.0,,,,,,6.0,Luke Altmyer,2026-07-31,DET
/nfl/rankings/dynasty-qb.php,dynasty-qb,dp,Kurtis Rourke,27129,QB,SF,81.33,4.78,77,88,,kurtis-rourke.php,,,1.0,,,,,,8.0,Kurtis Rourke,2026-07-31,SFO
/nfl/rankings/dynasty-qb.php,dynasty-qb,dp,Max Brosmer,27580,QB,MIN,81.33,4.78,77,88,,max-brosmer.php,,,1.0,,,,,,6.0,Max Brosmer,2026-07-31,MIN
/nfl/rankings/dynasty-qb.php,dynasty-qb,dp,Hendon Hooker,24332,QB,TEN,78.5,1.5,77,80,,hendon-hooker.php,,,2.8,,,,,,9.0,Hendon Hooker,2026-07-31,TEN
/nfl/rankings/dynasty-qb.php,dynasty-qb,dp,Kyle Allen,17869,QB,BUF,82.0,4.0,78,86,,kyle-allen.php,,,0.6,,,,,,7.0,Kyle Allen,2026-07-31,BUF
/nfl/rankings/dynasty-qb.php,dynasty-qb,dp,Bailey Zappe,24027,QB,NYJ,86.67,9.74,73,95,,bailey-zappe.php,,,1.1,,,,,,13.0,Bailey Zappe,2026-07-31,NYJ
/nfl/rankings/dynasty-qb.php,dynasty-qb,dp,Desmond Ridder,20080,QB,FA,86.0,11.0,75,97,,desmond-ridder.php,,,1.1,,,,,,,Desmond Ridder,2026-07-31,FA
/nfl/rankings/dynasty-qb.php,dynasty-qb,dp,Skylar Thompson,24170,QB,BAL,90.5,12.5,78,103,,skylar-thompson.php,,,1.0,,,,,,13.0,Skylar Thompson,2026-07-31,BAL
/nfl/rankings/dynasty-qb.php,dynasty-qb,dp,Sam Ehlinger,19803,QB,DEN,87.5,3.5,84,91,,sam-ehlinger.php,,,1.0,,,,,,10.0,Sam Ehlinger,2026-07-31,DEN
/nfl/rankings/dynasty-qb.php,dynasty-qb,dp,Case Keenum,11425,QB,CHI,97.0,11.0,86,108,,case-keenum.php,,,0.6,,,,,,10.0,Case Keenum,2026-07-31,CHI
/nfl/rankings/dynasty-qb.php,dynasty-qb,dp,Josh Johnson,9326,QB,CIN,93.5,4.5,89,98,,josh-johnson.php,,,0.7,,,,,,6.0,Josh Johnson,2026-07-31,CIN
/nfl/rankings/dynasty-qb.php,dynasty-qb,dp,Tommy DeVito,25746,QB,NE,94.5,4.5,90,99,,tommy-devito.php,,,0.7,,,,,,11.0,Tommy DeVito,2026-07-31,NEP
/nfl/rankings/dynasty-qb.php,dynasty-qb,dp,Sean Clifford,20073,QB,CIN,103.0,10.0,93,113,,sean-clifford.php,,,1.8,,,,,,6.0,Sean Clifford,2026-07-31,CIN
/nfl/rankings/dynasty-rb.php,dynasty-rb,dp,Bijan Robinson,23133,RB,ATL,1.18,0.38,1,2,,bijan-robinson.php,,,99.4,,,,,,11.0,Bijan Robinson,2026-07-31,ATL
/nfl/rankings/dynasty-rb.php,dynasty-rb,dp,Jahmyr Gibbs,22968,RB,DET,1.82,0.38,1,2,,jahmyr-gibbs.php,,,99.3,,,,,,6.0,Jahmyr Gibbs,2026-07-31,DET
/nfl/rankings/dynasty-rb.php,dynasty-rb,dp,Ashton Jeanty,25989,RB,LV,3.24,0.42,3,4,,ashton-jeanty.php,,,99.1,,,,,,13.0,Ashton Jeanty,2026-07-31,LVR
/nfl/rankings/dynasty-rb.php,dynasty-rb,dp,Jeremiyah Love,25403,RB,ARI,4.59,1.09,3,8,,jeremiyah-love.php,,,98.2,,,,,,14.0,Jeremiyah Love,2026-07-31,ARI
/nfl/rankings/dynasty-rb.php,dynasty-rb,dp,De'Von Achane,23136,RB,MIA,5.53,0.78,4,7,,devon-achane.php,,,99.2,,,,,,6.0,DeVon Achane,2026-07-31,MIA
/nfl/rankings/dynasty-rb.php,dynasty-rb,dp,Omarion Hampton,25395,RB,LAC,5.82,1.2,4,8,,omarion-hampton.php,,,98.7,,,,,,7.0,Omarion Hampton,2026-07-31,LAC
/nfl/rankings/dynasty-rb.php,dynasty-rb,dp,James Cook III,22958,RB,BUF,7.0,0.49,6,8,,james-cook.php,,,99.5,,,,,,7.0,James Cook,2026-07-31,BUF
/nfl/rankings/dynasty-rb.php,dynasty-rb,dp,Jonathan Taylor,19217,RB,IND,7.53,1.46,4,10,,jonathan-taylor.php,,,99.3,,,,,,13.0,Jonathan Taylor,2026-07-31,IND
/nfl/rankings/dynasty-rb.php,dynasty-rb,dp,Kenneth Walker III,23021,RB,KC,9.18,0.98,8,12,,kenneth-walker-rb.php,,,99.3,,,,,,5.0,Kenneth Walker,2026-07-31,KCC
/nfl/rankings/dynasty-rb.php,dynasty-rb,dp,Breece Hall,22982,RB,NYJ,10.18,1.15,8,13,,breece-hall.php,,,97.6,,,,,,13.0,Breece Hall,2026-07-31,NYJ
/nfl/rankings/dynasty-rb.php,dynasty-rb,dp,Chase Brown,25324,RB,CIN,11.18,1.15,9,14,,chase-brown.php,,,98.7,,,,,,6.0,Chase Brown,2026-07-31,CIN
/nfl/rankings/dynasty-rb.php,dynasty-rb,dp,TreVeyon Henderson,23065,RB,NE,13.18,1.98,11,19,,treveyon-henderson.php,,,94.0,,,,,,11.0,TreVeyon Henderson,2026-07-31,NEP
/nfl/rankings/dynasty-rb.php,dynasty-rb,dp,Quinshon Judkins,25391,RB,CLE,13.71,2.27,9,18,,quinshon-judkins.php,,,93.9,,,,,,11.0,Quinshon Judkins,2026-07-31,CLE
/nfl/rankings/dynasty-rb.php,dynasty-rb,dp,Saquon Barkley,17240,RB,PHI,13.82,1.54,11,17,,saquon-barkley.php,,,99.4,,,,,,10.0,Saquon Barkley,2026-07-31,PHI
/nfl/rankings/dynasty-rb.php,dynasty-rb,dp,Christian McCaffrey,16393,RB,SF,15.76,2.51,11,21,,christian-mccaffrey.php,,,99.5,,,,,,8.0,Christian McCaffrey,2026-07-31,SFO
/nfl/rankings/dynasty-rb.php,dynasty-rb,dp,Kyren Williams,23059,RB,LAR,15.76,1.9,12,20,,kyren-williams.php,,,98.1,,,,,,11.0,Kyren Williams,2026-07-31,LAR
/nfl/rankings/dynasty-rb.php,dynasty-rb,dp,Travis Etienne Jr.,19231,RB,NO,17.71,1.4,15,20,,travis-etienne.php,,,96.1,,,,,,8.0,Travis Etienne,2026-07-31,NOS
/nfl/rankings/dynasty-rb.php,dynasty-rb,dp,Cam Skattebo,27166,RB,NYG,18.35,1.61,16,22,,cam-skattebo.php,,,97.0,,,,,,8.0,Cam Skattebo,2026-07-31,NYG
/nfl/rankings/dynasty-rb.php,dynasty-rb,dp,Javonte Williams,22739,RB,DAL,18.88,2.81,12,23,,javonte-williams.php,,,96.9,,,,,,14.0,Javonte Williams,2026-07-31,DAL
/nfl/rankings/dynasty-rb.php,dynasty-rb,dp,Bucky Irving,25981,RB,TB,19.24,2.96,14,24,,bucky-irving.php,,,95.7,,,,,,10.0,Bucky Irving,2026-07-31,TBB
/nfl/rankings/dynasty-rb.php,dynasty-rb,dp,Jadarian Price,27329,RB,SEA,19.47,2.15,14,22,,jadarian-price.php,,,91.3,,,,,,11.0,Jadarian Price,2026-07-31,SEA
/nfl/rankings/dynasty-rb.php,dynasty-rb,dp,Derrick Henry,15514,RB,BAL,22.41,1.78,17,25,,derrick-henry.php,,,99.1,,,,,,13.0,Derrick Henry,2026-07-31,BAL
/nfl/rankings/dynasty-rb.php,dynasty-rb,dp,Josh Jacobs,18269,RB,GB,22.59,2.5,16,28,,josh-jacobs.php,,,98.7,,,,,,11.0,Josh Jacobs,2026-07-31,GBP
/nfl/rankings/dynasty-rb.php,dynasty-rb,dp,Bhayshul Tuten,27297,RB,JAC,23.0,2.28,19,26,,bhayshul-tuten.php,,,91.2,,,,,,7.0,Bhayshul Tuten,2026-07-31,JAC
/nfl/rankings/dynasty-rb.php,dynasty-rb,dp,D'Andre Swift,19210,RB,CHI,24.65,1.13,22,26,,dandre-swift.php,,,94.0,,,,,,10.0,DAndre Swift,2026-07-31,CHI
/nfl/rankings/dynasty-rb.php,dynasty-rb,dp,David Montgomery,18239,RB,HOU,26.53,1.5,25,30,,david-montgomery.php,,,93.6,,,,,,8.0,David Montgomery,2026-07-31,HOU
/nfl/rankings/dynasty-rb.php,dynasty-rb,dp,RJ Harvey,27142,RB,DEN,28.24,1.96,25,33,,rj-harvey.php,,,88.1,,,,,,10.0,RJ Harvey,2026-07-31,DEN
/nfl/rankings/dynasty-rb.php,dynasty-rb,dp,Jaylen Warren,24209,RB,PIT,30.18,2.15,25,34,,jaylen-warren.php,,,91.2,,,,,,9.0,Jaylen Warren,2026-07-31,PIT
/nfl/rankings/dynasty-rb.php,dynasty-rb,dp,Kyle Monangai,27131,RB,CHI,30.94,4.05,26,40,,kyle-monangai.php,,,87.2,,,,,,10.0,Kyle Monangai,2026-07-31,CHI
/nfl/rankings/dynasty-rb.php,dynasty-rb,dp,Zach Charbonnet,23152,RB,SEA,31.47,3.16,27,37,,zach-charbonnet.php,,,71.1,,,,,,11.0,Zach Charbonnet,2026-07-31,SEA
/nfl/rankings/dynasty-rb.php,dynasty-rb,dp,Blake Corum,23013,RB,LAR,31.65,3.12,27,38,,blake-corum.php,,,84.9,,,,,,11.0,Blake Corum,2026-07-31,LAR
/nfl/rankings/dynasty-rb.php,dynasty-rb,dp,Chuba Hubbard,19792,RB,CAR,32.65,3.31,26,38,,chuba-hubbard.php,,,90.3,,,,,,5.0,Chuba Hubbard,2026-07-31,CAR
/nfl/rankings/dynasty-rb.php,dynasty-rb,dp,Rhamondre Stevenson,22726,RB,NE,33.06,2.31,29,37,,rhamondre-stevenson.php,,,88.3,,,,,,11.0,Rhamondre Stevenson,2026-07-31,NEP
/nfl/rankings/dynasty-rb.php,dynasty-rb,dp,Jonathon Brooks,26148,RB,CAR,33.88,4.31,27,43,,jonathon-brooks.php,,,76.0,,,,,,5.0,Jonathon Brooks,2026-07-31,CAR
/nfl/rankings/dynasty-rb.php,dynasty-rb,dp,Rico Dowdle,19647,RB,PIT,34.76,2.44,31,41,,rico-dowdle.php,,,90.1,,,,,,9.0,Rico Dowdle,2026-07-31,PIT
/nfl/rankings/dynasty-rb.php,dynasty-rb,dp,Tony Pollard,18705,RB,TEN,36.59,3.4,30,42,,tony-pollard.php,,,89.9,,,,,,9.0,Tony Pollard,2026-07-31,TEN
/nfl/rankings/dynasty-rb.php,dynasty-rb,dp,Jonah Coleman,27320,RB,DEN,36.65,4.92,28,49,,jonah-coleman.php,,,35.1,,,,,,10.0,Jonah Coleman,2026-07-31,DEN
/nfl/rankings/dynasty-rb.php,dynasty-rb,dp,Kenny Gainwell,23310,RB,TB,38.71,3.82,33,49,,kenneth-gainwell.php,,,84.7,,,,,,10.0,Kenny Gainwell,2026-07-31,TBB
/nfl/rankings/dynasty-rb.php,dynasty-rb,dp,J.K. Dobbins,19245,RB,DEN,39.18,3.49,30,47,,jk-dobbins.php,,,87.8,,,,,,10.0,JK Dobbins,2026-07-31,DEN
/nfl/rankings/dynasty-rb.php,dynasty-rb,dp,Jacory Croskey-Merritt,27316,RB,WAS,40.41,4.04,33,48,,jacory-croskeymerritt.php,,,78.5,,,,,,7.0,Jacory Croskey-Merritt,2026-07-31,WAS
/nfl/rankings/dynasty-rb.php,dynasty-rb,dp,Rachaad White,23891,RB,WAS,41.71,3.08,36,48,,rachaad-white.php,,,80.6,,,,,,7.0,Rachaad White,2026-07-31,WAS
/nfl/rankings/dynasty-rb.php,dynasty-rb,dp,Tyler Allgeier,24172,RB,ARI,43.76,4.49,37,53,,tyler-allgeier.php,,,47.8,,,,,,14.0,Tyler Allgeier,2026-07-31,ARI
/nfl/rankings/dynasty-rb.php,dynasty-rb,dp,Woody Marks,27520,RB,HOU,43.88,3.91,36,52,,woody-marks.php,,,58.6,,,,,,8.0,Woody Marks,2026-07-31,HOU
/nfl/rankings/dynasty-rb.php,dynasty-rb,dp,Nicholas Singleton,24343,RB,TEN,45.18,6.78,36,62,,nick-singleton.php,,,25.7,,,,,,9.0,Nicholas Singleton,2026-07-31,TEN
/nfl/rankings/dynasty-rb.php,dynasty-rb,dp,Tyrone Tracy Jr.,22980,RB,NYG,45.59,4.3,38,55,,tyrone-tracy-jr.php,,,43.8,,,,,,8.0,Tyrone Tracy,2026-07-31,NYG
/nfl/rankings/dynasty-rb.php,dynasty-rb,dp,Jordan Mason,22969,RB,MIN,45.71,3.43,40,53,,jordan-mason.php,,,71.9,,,,,,6.0,Jordan Mason,2026-07-31,MIN
/nfl/rankings/dynasty-rb.php,dynasty-rb,dp,Dylan Sampson,27102,RB,CLE,47.76,3.52,43,57,,dylan-sampson.php,,,28.3,,,,,,11.0,Dylan Sampson,2026-07-31,CLE
/nfl/rankings/dynasty-rb.php,dynasty-rb,dp,Chris Rodriguez Jr.,22986,RB,JAC,48.59,4.79,39,59,,chris-rodriguez-jr.php,,,45.3,,,,,,7.0,Chris Rodriguez,2026-07-31,JAC
/nfl/rankings/dynasty-rb.php,dynasty-rb,dp,Emmett Johnson,28107,RB,KC,49.47,3.76,42,56,,emmett-johnson.php,,,27.0,,,,,,5.0,Emmett Johnson,2026-07-31,KCC
/nfl/rankings/dynasty-rb.php,dynasty-rb,dp,Aaron Jones Sr.,16673,RB,MIN,51.94,4.37,43,60,,aaron-jones.php,,,85.9,,,,,,6.0,Aaron Jones,2026-07-31,MIN
/nfl/rankings/dynasty-rb.php,dynasty-rb,dp,Tyjae Spears,25323,RB,TEN,53.47,6.99,41,66,,tyjae-spears.php,,,51.1,,,,,,9.0,Tyjae Spears,2026-07-31,TEN
/nfl/rankings/dynasty-rb.php,dynasty-rb,dp,Kaytron Allen,24362,RB,WAS,54.82,5.02,44,65,,kaytron-allen.php,,,21.4,,,,,,7.0,Kaytron Allen,2026-07-31,WAS
/nfl/rankings/dynasty-rb.php,dynasty-rb,dp,Isiah Pacheco,24333,RB,DET,55.53,6.46,43,68,,isiah-pacheco.php,,,54.5,,,,,,6.0,Isiah Pacheco,2026-07-31,DET
/nfl/rankings/dynasty-rb.php,dynasty-rb,dp,Tank Bigsby,22908,RB,PHI,55.76,4.82,46,64,,tank-bigsby.php,,,30.6,,,,,,10.0,Tank Bigsby,2026-07-31,PHI
/nfl/rankings/dynasty-rb.php,dynasty-rb,dp,Mike Washington Jr.,28108,RB,LV,56.94,8.13,47,80,,mike-washington-jr.php,,,25.7,,,,,,13.0,Mike Washington,2026-07-31,LVR
/nfl/rankings/dynasty-rb.php,dynasty-rb,dp,Braelon Allen,24346,RB,NYJ,58.24,8.75,46,81,,braelon-allen.php,,,25.5,,,,,,13.0,Braelon Allen,2026-07-31,NYJ
/nfl/rankings/dynasty-rb.php,dynasty-rb,dp,Keaton Mitchell,25360,RB,LAC,53.88,7.29,44,75,,keaton-mitchell.php,,,33.4,,,,,,7.0,Keaton Mitchell,2026-07-31,LAC
/nfl/rankings/dynasty-rb.php,dynasty-rb,dp,Kaleb Johnson,27165,RB,PIT,61.29,4.75,57,74,,kaleb-johnson-rb.php,,,10.5,,,,,,9.0,Kaleb Johnson,2026-07-31,PIT
/nfl/rankings/dynasty-rb.php,dynasty-rb,dp,Alvin Kamara,16421,RB,NO,62.59,8.79,45,84,,alvin-kamara.php,,,54.0,,,,,,8.0,Alvin Kamara,2026-07-31,NOS
/nfl/rankings/dynasty-rb.php,dynasty-rb,dp,Ollie Gordon II,25984,RB,MIA,65.0,6.19,57,81,,ollie-gordon.php,,,4.5,,,,,,6.0,Ollie Gordon,2026-07-31,MIA
/nfl/rankings/dynasty-rb.php,dynasty-rb,dp,Brian Robinson Jr.,20094,RB,ATL,59.56,5.88,47,72,,brian-robinson-jr.php,,,37.2,,,,,,11.0,Brian Robinson,2026-07-31,ATL
/nfl/rankings/dynasty-rb.php,dynasty-rb,dp,Kimani Vidal,26355,RB,LAC,61.63,5.58,51,73,,kimani-vidal.php,,,18.2,,,,,,7.0,Kimani Vidal,2026-07-31,LAC
/nfl/rankings/dynasty-rb.php,dynasty-rb,dp,Demond Claiborne,28084,RB,MIN,63.19,8.03,52,81,,demond-claiborne.php,,,16.0,,,,,,6.0,Demond Claiborne,2026-07-31,MIN
/nfl/rankings/dynasty-rb.php,dynasty-rb,dp,MarShawn Lloyd,23118,RB,GB,70.35,9.88,54,92,,marshawn-lloyd.php,,,10.7,,,,,,11.0,MarShawn Lloyd,2026-07-31,GBP
/nfl/rankings/dynasty-rb.php,dynasty-rb,dp,Ray Davis,26191,RB,BUF,65.69,5.19,55,77,,ray-davis.php,,,18.1,,,,,,7.0,Ray Davis,2026-07-31,BUF
/nfl/rankings/dynasty-rb.php,dynasty-rb,dp,Trey Benson,25388,RB,ARI,66.5,8.87,48,81,,trey-benson.php,,,15.3,,,,,,14.0,Trey Benson,2026-07-31,ARI
/nfl/rankings/dynasty-rb.php,dynasty-rb,dp,Sean Tucker,23679,RB,TB,66.56,8.7,51,83,,sean-tucker.php,,,19.4,,,,,,10.0,Sean Tucker,2026-07-31,TBB
/nfl/rankings/dynasty-rb.php,dynasty-rb,dp,Emanuel Wilson,25885,RB,SEA,67.63,9.0,57,85,,emanuel-wilson.php,,,17.2,,,,,,11.0,Emanuel Wilson,2026-07-31,SEA
/nfl/rankings/dynasty-rb.php,dynasty-rb,dp,Jaydon Blue,24344,RB,DAL,71.13,5.5,59,80,,jaydon-blue.php,,,13.1,,,,,,14.0,Jaydon Blue,2026-07-31,DAL
/nfl/rankings/dynasty-rb.php,dynasty-rb,dp,Devin Neal,23682,RB,NO,71.56,5.94,59,78,,devin-neal.php,,,7.8,,,,,,8.0,Devin Neal,2026-07-31,NOS
/nfl/rankings/dynasty-rb.php,dynasty-rb,dp,Jaylen Wright,25987,RB,MIA,69.07,6.24,56,83,,jaylen-wright.php,,,13.1,,,,,,6.0,Jaylen Wright,2026-07-31,MIA
/nfl/rankings/dynasty-rb.php,dynasty-rb,dp,James Conner,16447,RB,ARI,70.8,6.78,60,84,,james-conner.php,,,29.4,,,,,,14.0,James Conner,2026-07-31,ARI
/nfl/rankings/dynasty-rb.php,dynasty-rb,dp,Jarquez Hunter,24335,RB,LAR,78.0,4.8,67,85,,jarquez-hunter.php,,,5.3,,,,,,11.0,Jarquez Hunter,2026-07-31,LAR
/nfl/rankings/dynasty-rb.php,dynasty-rb,dp,Kaelon Black,28401,RB,SF,65.62,8.81,52,77,,kaelon-black.php,,,13.2,,,,,,8.0,Kaelon Black,2026-07-31,SFO
/nfl/rankings/dynasty-rb.php,dynasty-rb,dp,Brashard Smith,27259,RB,KC,81.33,5.36,69,87,,brashard-smith.php,,,6.0,,,,,,5.0,Brashard Smith,2026-07-31,KCC
/nfl/rankings/dynasty-rb.php,dynasty-rb,dp,Jordan James,27310,RB,SF,77.14,10.26,55,91,,jordan-james.php,,,15.1,,,,,10.0,8.0,Jordan James,2026-07-31,SFO
/nfl/rankings/dynasty-rb.php,dynasty-rb,dp,DJ Giddens,27097,RB,IND,78.36,6.52,68,91,,dj-giddens.php,,,3.8,,,,,,13.0,DJ Giddens,2026-07-31,IND
/nfl/rankings/dynasty-rb.php,dynasty-rb,dp,LeQuint Allen Jr.,27285,RB,JAC,85.47,5.4,76,94,,lequint-allen-jr.php,,,6.9,,,,,,7.0,LeQuint Allen,2026-07-31,JAC
/nfl/rankings/dynasty-rb.php,dynasty-rb,dp,Isaiah Davis,25977,RB,NYJ,79.14,6.27,70,94,,isaiah-davis.php,,,4.1,,,,,,13.0,Isaiah Davis,2026-07-31,NYJ
/nfl/rankings/dynasty-rb.php,dynasty-rb,dp,Kendre Miller,24360,RB,NO,79.93,7.25,68,92,,kendre-miller.php,,,5.6,,,,,,8.0,Kendre Miller,2026-07-31,NOS
/nfl/rankings/dynasty-rb.php,dynasty-rb,dp,Najee Harris,19302,RB,LAC,80.71,9.14,70,96,,najee-harris-rb.php,,,8.7,,,,,,7.0,Najee Harris,2026-07-31,LAC
/nfl/rankings/dynasty-rb.php,dynasty-rb,dp,Trevor Etienne,25393,RB,CAR,88.93,5.6,78,101,,trevor-etienne.php,,,1.9,,,,,,5.0,Trevor Etienne,2026-07-31,CAR
/nfl/rankings/dynasty-rb.php,dynasty-rb,dp,Tahj Brooks,26212,RB,CIN,84.57,4.85,79,98,,tahj-brooks.php,,,1.6,,,,,,6.0,Tahj Brooks,2026-07-31,CIN
/nfl/rankings/dynasty-rb.php,dynasty-rb,dp,Seth McGowan,23079,RB,IND,78.15,10.05,67,98,,seth-mcgowan.php,,,3.4,,,,,,13.0,Seth McGowan,2026-07-31,IND
/nfl/rankings/dynasty-rb.php,dynasty-rb,dp,Adam Randall,24367,RB,BAL,78.31,7.32,66,88,,adam-randall.php,,,5.3,,,,,,13.0,Adam Randall,2026-07-31,BAL
/nfl/rankings/dynasty-rb.php,dynasty-rb,dp,Isaac Guerendo,26392,RB,SF,86.07,4.96,77,93,,isaac-guerendo.php,,,1.6,,,,,,8.0,Isaac Guerendo,2026-07-31,SFO
/nfl/rankings/dynasty-rb.php,dynasty-rb,dp,Jerome Ford,22921,RB,WAS,88.43,8.27,70,101,,jerome-ford.php,,,3.4,,,,,,7.0,Jerome Ford,2026-07-31,WAS
/nfl/rankings/dynasty-rb.php,dynasty-rb,dp,Chris Brooks,25823,RB,GB,81.62,11.14,63,105,,christopher-brooks.php,,,8.3,,,,,,11.0,Chris Brooks,2026-07-31,GBP
/nfl/rankings/dynasty-rb.php,dynasty-rb,dp,Audric Estime,23054,RB,NO,94.29,5.82,77,101,,audric-estime.php,,,5.3,,,,,,8.0,Audric Estime,2026-07-31,NOS
/nfl/rankings/dynasty-rb.php,dynasty-rb,dp,Eli Heidenreich,28297,RB,PIT,82.75,11.54,69,103,,eli-heidenreich.php,,,2.0,,,,,,9.0,Eli Heidenreich,2026-07-31,PIT
/nfl/rankings/dynasty-rb.php,dynasty-rb,dp,Devin Singletary,18280,RB,NYG,90.62,11.51,63,107,,devin-singletary.php,,,1.4,,,,,,8.0,Devin Singletary,2026-07-31,NYG
/nfl/rankings/dynasty-rb.php,dynasty-rb,dp,Justice Hill,18256,RB,BAL,93.54,6.17,79,104,,justice-hill.php,,,9.1,,,,,,13.0,Justice Hill,2026-07-31,BAL
/nfl/rankings/dynasty-rb.php,dynasty-rb,dp,Will Shipley,22930,RB,PHI,88.25,8.24,80,112,,will-shipley.php,,,1.4,,,,,,10.0,Will Shipley,2026-07-31,PHI
/nfl/rankings/dynasty-rb.php,dynasty-rb,dp,Jaleel McLaughlin,25876,RB,DEN,96.38,5.57,85,105,,jaleel-mclaughlin.php,,,0.6,,,,,,10.0,Jaleel McLaughlin,2026-07-31,DEN
/nfl/rankings/dynasty-rb.php,dynasty-rb,dp,Emari Demercado,25654,RB,KC,88.36,6.72,76,96,,emari-demercado.php,,,3.2,,,,,,5.0,Emari Demercado,2026-07-31,KCC
/nfl/rankings/dynasty-rb.php,dynasty-rb,dp,Ty Johnson,18406,RB,BUF,97.67,5.78,85,109,,ty-johnson.php,,,4.0,,,,,,7.0,Ty Johnson,2026-07-31,BUF
/nfl/rankings/dynasty-rb.php,dynasty-rb,dp,George Holani,22915,RB,SEA,87.7,9.01,74,99,,george-holani.php,,,8.4,,,,,,11.0,George Holani,2026-07-31,SEA
/nfl/rankings/dynasty-rb.php,dynasty-rb,dp,Kareem Hunt,16425,RB,FA,99.5,3.93,94,106,,kareem-hunt.php,,,1.3,,,,,,,Kareem Hunt,2026-07-31,FA
/nfl/rankings/dynasty-rb.php,dynasty-rb,dp,Joe Mixon,16420,RB,FA,97.0,6.09,82,106,,joe-mixon.php,,,10.4,,,,,,,Joe Mixon,2026-07-31,FA
/nfl/rankings/dynasty-rb.php,dynasty-rb,dp,Samaje Perine,16423,RB,CIN,99.89,8.56,80,113,,samaje-perine.php,,,5.0,,,,,,6.0,Samaje Perine,2026-07-31,CIN
/nfl/rankings/dynasty-rb.php,dynasty-rb,dp,Raheim Sanders,24351,RB,CLE,104.25,7.89,93,115,,raheim-sanders.php,,,0.6,,,,,,11.0,Raheim Sanders,2026-07-31,CLE
/nfl/rankings/dynasty-rb.php,dynasty-rb,dp,Roschon Johnson,25322,RB,CHI,108.0,8.31,96,118,,roschon-johnson.php,,,0.6,,,,,,10.0,Roschon Johnson,2026-07-31,CHI
/nfl/rankings/dynasty-rb.php,dynasty-rb,dp,Roman Hemby,25387,RB,LV,94.17,4.98,89,104,,roman-hemby.php,,,0.0,,,,,,13.0,Roman Hemby,2026-07-31,LVR
/nfl/rankings/dynasty-rb.php,dynasty-rb,dp,Malik Davis,24205,RB,DAL,102.83,21.06,84,148,,malik-davis.php,,,4.9,,,,,,14.0,Malik Davis,2026-07-31,DAL
/nfl/rankings/dynasty-rb.php,dynasty-rb,dp,Jam Miller,27326,RB,NE,92.2,3.31,88,97,,jam-miller.php,,,1.3,,,,,,11.0,Jam Miller,2026-07-31,NEP
/nfl/rankings/dynasty-rb.php,dynasty-rb,dp,Bam Knight,24901,RB,ARI,106.83,9.82,90,117,,zonovan-bam-knight.php,,,0.7,,,,,,14.0,Bam Knight,2026-07-31,ARI
/nfl/rankings/dynasty-rb.php,dynasty-rb,dp,Dameon Pierce,22947,RB,PHI,107.67,9.66,91,121,,dameon-pierce.php,,,0.8,,,,,,10.0,Dameon Pierce,2026-07-31,PHI
/nfl/rankings/dynasty-rb.php,dynasty-rb,dp,J'Mari Taylor,28109,RB,JAC,94.2,2.32,91,97,,jmari-taylor.php,,,3.9,,,,,,7.0,JMari Taylor,2026-07-31,JAC
/nfl/rankings/dynasty-rb.php,dynasty-rb,dp,Jawhar Jordan,26329,RB,HOU,109.5,26.9,87,167,,jawhar-jordan.php,,,0.6,,,,,,8.0,Jawhar Jordan,2026-07-31,HOU
/nfl/rankings/dynasty-rb.php,dynasty-rb,dp,Robert Henry Jr.,28404,RB,WAS,99.2,4.49,92,106,,robert-henry-jr.php,,,0.0,,,,,,7.0,Robert Henry,2026-07-31,WAS
/nfl/rankings/dynasty-rb.php,dynasty-rb,dp,Nick Chubb,17246,RB,FA,109.2,6.4,100,120,,nick-chubb.php,,,1.0,,,,,,,Nick Chubb,2026-07-31,FA
/nfl/rankings/dynasty-rb.php,dynasty-rb,dp,Antonio Gibson,19624,RB,FA,110.2,11.51,89,123,,antonio-gibson.php,,,1.3,,,,,,,Antonio Gibson,2026-07-31,FA
/nfl/rankings/dynasty-rb.php,dynasty-rb,dp,Phil Mafah,22928,RB,DAL,111.4,7.06,99,118,,phil-mafah.php,,,1.0,,,,,,14.0,Phil Mafah,2026-07-31,DAL
/nfl/rankings/dynasty-rb.php,dynasty-rb,dp,Jaydn Ott,25394,RB,KC,111.8,4.62,105,119,,jaydn-ott.php,,,1.0,,,,,,5.0,Jaydn Ott,2026-07-31,KCC
/nfl/rankings/dynasty-rb.php,dynasty-rb,dp,Damien Martinez,25976,RB,GB,114.2,7.6,102,124,,damien-martinez.php,,,0.7,,,,,,11.0,Damien Martinez,2026-07-31,GBP
/nfl/rankings/dynasty-rb.php,dynasty-rb,dp,Miles Sanders,18283,RB,FA,117.0,4.6,109,122,,miles-sanders.php,,,0.6,,,,,,,Miles Sanders,2026-07-31,FA
/nfl/rankings/dynasty-rb.php,dynasty-rb,dp,Michael Carter,22728,RB,TEN,117.8,10.89,105,138,,michael-carter-rb.php,,,0.8,,,,,,9.0,Michael Carter,2026-07-31,TEN
/nfl/rankings/dynasty-rb.php,dynasty-rb,dp,Rasheen Ali,25983,RB,BAL,119.2,7.11,111,130,,rasheen-ali.php,,,1.4,,,,,,13.0,Rasheen Ali,2026-07-31,BAL
/nfl/rankings/dynasty-rb.php,dynasty-rb,dp,Raheem Mostert,14338,RB,LV,119.8,9.93,101,129,,raheem-mostert.php,,,0.6,,,,,,13.0,Raheem Mostert,2026-07-31,LVR
/nfl/rankings/dynasty-rb.php,dynasty-rb,dp,Terion Stewart,28111,RB,KC,106.25,9.36,91,116,,terion-stewart.php,,,0.0,,,,,,5.0,Terion Stewart,2026-07-31,KCC
/nfl/rankings/dynasty-rb.php,dynasty-rb,dp,Dylan Laube,26194,RB,LV,122.6,19.43,96,152,,dylan-laube.php,,,0.6,,,,,,13.0,Dylan Laube,2026-07-31,LVR
/nfl/rankings/dynasty-rb.php,dynasty-rb,dp,Austin Ekeler,16483,RB,FA,112.75,5.76,106,121,,austin-ekeler.php,,,1.7,,,,,,,Austin Ekeler,2026-07-31,FA
/nfl/rankings/dynasty-rb.php,dynasty-rb,dp,Jeremy McNichols,16445,RB,WAS,115.25,5.26,110,124,,jeremy-mcnichols.php,,,0.6,,,,,,7.0,Jeremy McNichols,2026-07-31,WAS
/nfl/rankings/dynasty-rb.php,dynasty-rb,dp,Tyler Badie,23812,RB,DEN,118.25,14.69,103,141,,tyler-badie.php,,,1.0,,,,,,10.0,Tyler Badie,2026-07-31,DEN
/nfl/rankings/dynasty-rb.php,dynasty-rb,dp,Elijah Mitchell,22813,RB,PHI,123.75,5.49,116,131,,elijah-mitchell-rb.php,,,0.7,,,,,,10.0,Elijah Mitchell,2026-07-31,PHI
/nfl/rankings/dynasty-rb.php,dynasty-rb,dp,Ty Chandler,19471,RB,NO,113.67,17.82,90,133,,ty-chandler.php,,,0.7,,,,,,8.0,Ty Chandler,2026-07-31,NOS
/nfl/rankings/dynasty-rb.php,dynasty-rb,dp,Noah Whittington,28115,RB,HOU,116.33,10.87,105,131,,noah-whittington.php,,,0.0,,,,,,8.0,Noah Whittington,2026-07-31,HOU
/nfl/rankings/dynasty-rb.php,dynasty-rb,dp,Chip Trayanum,28114,RB,NYJ,117.33,13.6,104,136,,chip-trayanum.php,,,1.2,,,,,,13.0,Chip Trayanum,2026-07-31,NYJ
/nfl/rankings/dynasty-rb.php,dynasty-rb,dp,Evan Hull,25325,RB,HOU,135.5,12.26,120,148,,evan-hull.php,,,2.9,,,,,,8.0,Evan Hull,2026-07-31,HOU
/nfl/rankings/dynasty-rb.php,dynasty-rb,dp,Khalil Herbert,22763,RB,FA,124.0,4.97,117,128,,khalil-herbert.php,,,1.1,,,,,,,Khalil Herbert,2026-07-31,FA
/nfl/rankings/dynasty-rb.php,dynasty-rb,dp,Hassan Haskins,23798,RB,LAC,126.0,14.51,112,146,,hassan-haskins.php,,,1.0,,,,,,7.0,Hassan Haskins,2026-07-31,LAC
/nfl/rankings/dynasty-rb.php,dynasty-rb,dp,AJ Dillon,19358,RB,CAR,127.33,16.21,110,149,,aj-dillon.php,,,0.6,,,,,,5.0,AJ Dillon,2026-07-31,CAR
/nfl/rankings/dynasty-rb.php,dynasty-rb,dp,Kenny McIntosh,25329,RB,FA,128.0,14.17,108,139,,kenny-mcintosh.php,,,1.1,,,,,,,Kenny McIntosh,2026-07-31,FA
/nfl/rankings/dynasty-rb.php,dynasty-rb,dp,Dean Connors,28113,RB,LAR,103.0,13.0,90,116,,dean-connors.php,,,1.0,,,,,,11.0,Dean Connors,2026-07-31,LAR
/nfl/rankings/dynasty-rb.php,dynasty-rb,dp,Eric Gray,23075,RB,NYG,131.67,23.98,100,158,,eric-gray.php,,,1.0,,,,,,8.0,Eric Gray,2026-07-31,NYG
/nfl/rankings/dynasty-rb.php,dynasty-rb,dp,Kalel Mullings,27045,RB,TEN,132.0,10.98,121,147,,kalel-mullings.php,,,1.0,,,,,,9.0,Kalel Mullings,2026-07-31,TEN
/nfl/rankings/dynasty-rb.php,dynasty-rb,dp,Desmond Reid,28110,RB,FA,118.5,14.5,104,133,,desmond-reid.php,,,0.0,,,,,,,Desmond Reid,2026-07-31,FA
/nfl/rankings/dynasty-rb.php,dynasty-rb,dp,Trey Sermon,19425,RB,FA,139.67,18.19,114,154,,trey-sermon.php,,,1.0,,,,,,,Trey Sermon,2026-07-31,FA
/nfl/rankings/dynasty-rb.php,dynasty-rb,dp,CJ Donaldson,25396,RB,NO,120.5,9.5,111,130,,cj-donaldson.php,,,2.3,,,,,,8.0,CJ Donaldson,2026-07-31,NOS
/nfl/rankings/dynasty-rb.php,dynasty-rb,dp,Zamir White,20095,RB,LV,126.5,2.5,124,129,,zamir-white.php,,,1.6,,,,,,13.0,Zamir White,2026-07-31,LVR
/nfl/rankings/dynasty-rb.php,dynasty-rb,dp,Zack Moss,19263,RB,FA,127.5,4.5,123,132,,zack-moss.php,,,1.6,,,,,,,Zack Moss,2026-07-31,FA
/nfl/rankings/dynasty-rb.php,dynasty-rb,dp,Alexander Mattison,18621,RB,FA,127.5,1.5,126,129,,alexander-mattison.php,,,1.0,,,,,,,Alexander Mattison,2026-07-31,FA
/nfl/rankings/dynasty-rb.php,dynasty-rb,dp,Cam Akers,19268,RB,FA,132.5,6.5,126,139,,cam-akers.php,,,0.6,,,,,,,Cam Akers,2026-07-31,FA
/nfl/rankings/dynasty-rb.php,dynasty-rb,dp,DeeJay Dallas,19521,RB,JAC,149.0,27.86,111,177,,deejay-dallas.php,,,0.1,,,,,,7.0,DeeJay Dallas,2026-07-31,JAC
/nfl/rankings/dynasty-rb.php,dynasty-rb,dp,Ameer Abdullah,13924,RB,JAC,134.0,21.0,113,155,,ameer-abdullah.php,,,0.6,,,,,,7.0,Ameer Abdullah,2026-07-31,JAC
/nfl/rankings/dynasty-rb.php,dynasty-rb,dp,Sincere McCormick,23172,RB,SF,138.0,11.0,127,149,,sincere-mccormick.php,,,1.0,,,,,,8.0,Sincere McCormick,2026-07-31,SFO
/nfl/rankings/dynasty-rb.php,dynasty-rb,dp,Dare Ogunbowale,16879,RB,FA,142.0,2.0,140,144,,dare-ogunbowale.php,,,1.0,,,,,,,Dare Ogunbowale,2026-07-31,FA
/nfl/rankings/dynasty-rb.php,dynasty-rb,dp,Tyler Goodson,22976,RB,ATL,142.0,1.0,141,143,,tyler-goodson.php,,,0.7,,,,,,11.0,Tyler Goodson,2026-07-31,ATL
/nfl/rankings/dynasty-rb.php,dynasty-rb,dp,Chase Edmonds,17496,RB,WAS,159.0,32.62,113,185,,chase-edmonds.php,,,0.0,,,,,,7.0,Chase Edmonds,2026-07-31,WAS
/nfl/rankings/dynasty-rb.php,dynasty-rb,dp,Craig Reynolds,19074,RB,FA,149.5,11.5,138,161,,craig-reynolds.php,,,1.1,,,,,,,Craig Reynolds,2026-07-31,FA
/nfl/rankings/dynasty-rb.php,dynasty-rb,dp,Gus Edwards,17687,RB,FA,150.5,0.5,150,151,,gus-edwards.php,,,1.0,,,,,,,Gus Edwards,2026-07-31,FA
/nfl/rankings/dynasty-rb.php,dynasty-rb,dp,Jaret Patterson,20155,RB,LAC,152.5,12.5,140,165,,jaret-patterson.php,,,1.1,,,,,,7.0,Jaret Patterson,2026-07-31,LAC
/nfl/rankings/dynasty-rb.php,dynasty-rb,dp,Marcus Yarns,27293,RB,FA,154.5,4.5,150,159,,marcus-yarns.php,,,1.0,,,,,,,Marcus Yarns,2026-07-31,FA
/nfl/rankings/dynasty-rb.php,dynasty-rb,dp,Carson Steele,26372,RB,PHI,154.5,2.5,152,157,,carson-steele.php,,,1.1,,,,,,10.0,Carson Steele,2026-07-31,PHI
/nfl/rankings/dynasty-rb.php,dynasty-rb,dp,Julius Chestnut,24689,RB,TEN,173.0,38.0,135,211,,julius-chestnut.php,,,0.7,,,,,,9.0,Julius Chestnut,2026-07-31,TEN
/nfl/rankings/dynasty-rb.php,dynasty-rb,dp,Cody Schrader,26216,RB,DEN,160.0,0.0,160,160,,cody-schrader.php,,,1.0,,,,,,10.0,Cody Schrader,2026-07-31,DEN
/nfl/rankings/dynasty-rb.php,dynasty-rb,dp,Clyde Edwards-Helaire,19325,RB,FA,160.5,5.5,155,166,,clyde-edwards-helaire.php,,,1.1,,,,,,,Clyde Edwards-Helaire,2026-07-31,FA
/nfl/rankings/dynasty-rb.php,dynasty-rb,dp,Keaontay Ingram,23162,RB,FA,163.0,21.0,142,184,,keaontay-ingram.php,,,1.0,,,,,,,Keaontay Ingram,2026-07-31,FA
/nfl/rankings/dynasty-rb.php,dynasty-rb,dp,Salvon Ahmed,19449,RB,CHI,170.0,27.0,143,197,,salvon-ahmed.php,,,0.1,,,,,,10.0,Salvon Ahmed,2026-07-31,CHI
/nfl/rankings/dynasty-rb.php,dynasty-rb,dp,Travis Homer,18616,RB,PIT,179.0,35.0,144,214,,travis-homer.php,,,0.6,,,,,,9.0,Travis Homer,2026-07-31,PIT
/nfl/rankings/dynasty-rb.php,dynasty-rb,dp,Cordarrelle Patterson,11613,RB,FA,162.5,5.5,157,168,,cordarrelle-patterson.php,,,1.0,,,,,,,Cordarrelle Patterson,2026-07-31,FA
/nfl/rankings/dynasty-rb.php,dynasty-rb,dp,Kene Nwangwu,23249,RB,NYJ,174.5,29.5,145,204,,kene-nwangwu.php,,,0.1,,,,,,13.0,Kene Nwangwu,2026-07-31,NYJ
/nfl/rankings/dynasty-rb.php,dynasty-rb,dp,Deneric Prince,25770,RB,FA,163.0,17.0,146,180,,deneric-prince.php,,,0.0,,,,,,,Deneric Prince,2026-07-31,FA
/nfl/rankings/dynasty-rb.php,dynasty-rb,dp,Israel Abanikanda,24352,RB,DAL,163.0,10.0,153,173,,israel-abanikanda.php,,,3.2,,,,,,14.0,Israel Abanikanda,2026-07-31,DAL
/nfl/rankings/dynasty-rb.php,dynasty-rb,dp,Kendall Milton,22962,RB,CIN,163.5,10.5,153,174,,kendall-milton.php,,,0.0,,,,,,6.0,Kendall Milton,2026-07-31,CIN
/nfl/rankings/dynasty-rb.php,dynasty-rb,dp,Pierre Strong Jr.,24173,RB,GB,165.5,3.5,162,169,,pierre-strong-jr.php,,,0.6,,,,,,11.0,Pierre Strong,2026-07-31,GBP
/nfl/rankings/dynasty-rb.php,dynasty-rb,dp,Deuce Vaughn,22984,RB,FA,166.0,5.0,161,171,,deuce-vaughn.php,,,2.9,,,,,,,Deuce Vaughn,2026-07-31,FA
/nfl/rankings/dynasty-rb.php,dynasty-rb,dp,Blake Watson,26391,RB,FA,166.5,8.5,158,175,,blake-watson.php,,,1.1,,,,,,,Blake Watson,2026-07-31,FA
/nfl/rankings/dynasty-rb.php,dynasty-rb,dp,Darrynton Evans,19418,RB,FA,180.5,24.5,156,205,,darrynton-evans.php,,,0.0,,,,,,,Darrynton Evans,2026-07-31,FA
/nfl/rankings/dynasty-rb.php,dynasty-rb,dp,Frank Gore Jr.,25980,RB,BUF,171.0,5.0,166,176,,frank-gore-jr.php,,,0.6,,,,,,7.0,Frank Gore,2026-07-31,BUF
/nfl/rankings/dynasty-rb.php,dynasty-rb,dp,Ronnie Rivers,23986,RB,LAR,172.0,9.0,163,181,,ronnie-rivers.php,,,0.6,,,,,,11.0,Ronnie Rivers,2026-07-31,LAR
/nfl/rankings/dynasty-rb.php,dynasty-rb,dp,Keilan Robinson,22896,RB,FA,173.5,9.5,164,183,,keilan-robinson.php,,,0.0,,,,,,,Keilan Robinson,2026-07-31,FA
/nfl/rankings/dynasty-rb.php,dynasty-rb,dp,Gary Brightwell,23293,RB,CIN,188.0,20.0,168,208,,gary-brightwell.php,,,0.1,,,,,,6.0,Gary Brightwell,2026-07-31,CIN
/nfl/rankings/dynasty-rb.php,dynasty-rb,dp,Jeff Wilson Jr.,18026,RB,FA,174.5,2.5,172,177,,jeffery-wilson.php,,,1.0,,,,,,,Jeff Wilson,2026-07-31,FA
/nfl/rankings/dynasty-rb.php,dynasty-rb,dp,D'Ernest Johnson,19111,RB,FA,174.5,1.5,173,176,,dernest-johnson.php,,,1.0,,,,,,,DErnest Johnson,2026-07-31,FA
/nfl/rankings/dynasty-rb.php,dynasty-rb,dp,Trayveon Williams,18607,RB,FA,189.5,20.5,169,210,,trayveon-williams.php,,,0.0,,,,,,,Trayveon Williams,2026-07-31,FA
/nfl/rankings/dynasty-rb.php,dynasty-rb,dp,Jashaun Corbin,22948,RB,FA,199.0,29.0,170,228,,jashaun-corbin.php,,,0.0,,,,,,,Jashaun Corbin,2026-07-31,FA
/nfl/rankings/dynasty-rb.php,dynasty-rb,dp,Nyheim Miller-Hines,17297,RB,FA,185.5,14.5,171,200,,nyheim-hines.php,,,0.0,,,,,,,Nyheim Miller-Hines,2026-07-31,FA
/nfl/rankings/dynasty-rb.php,dynasty-rb,dp,Michael Wiley,26380,RB,FA,187.5,13.5,174,201,,michael-wiley-rb.php,,,0.0,,,,,,,Michael Wiley,2026-07-31,FA
/nfl/rankings/dynasty-rb.php,dynasty-rb,dp,Lew Nichols III,25443,RB,PIT,197.0,22.0,175,219,,lew-nichols.php,,,3.7,,,,,,9.0,Lew Nichols,2026-07-31,PIT
/nfl/rankings/dynasty-rb.php,dynasty-rb,dp,JaMycal Hasty,19627,RB,FA,187.0,9.0,178,196,,jamycal-hasty.php,,,1.1,,,,,,,JaMycal Hasty,2026-07-31,FA
/nfl/rankings/rookies.php,dynasty-rk,drk,Jeremiyah Love,25403,RB,ARI,1.0,0.0,1,1,,jeremiyah-love.php,,,98.2,,,,,,14.0,Jeremiyah Love,2026-07-31,ARI
/nfl/rankings/rookies.php,dynasty-rk,drk,Carnell Tate,26009,WR,TEN,2.5,0.5,2,3,,carnell-tate.php,,,93.4,,,,,,9.0,Carnell Tate,2026-07-31,TEN
/nfl/rankings/rookies.php,dynasty-rk,drk,Jordyn Tyson,26035,WR,NO,3.4,1.02,2,5,,jordyn-tyson.php,,,89.2,,,,,,8.0,Jordyn Tyson,2026-07-31,NOS
/nfl/rankings/rookies.php,dynasty-rk,drk,Makai Lemon,25420,WR,PHI,4.1,0.83,3,6,,makai-lemon.php,,,88.7,,,,,,10.0,Makai Lemon,2026-07-31,PHI
/nfl/rankings/rookies.php,dynasty-rk,drk,Jadarian Price,27329,RB,SEA,5.8,0.87,4,7,,jadarian-price.php,,,91.3,,,,,,11.0,Jadarian Price,2026-07-31,SEA
/nfl/rankings/rookies.php,dynasty-rk,drk,KC Concepcion,27331,WR,CLE,6.0,1.26,5,8,,kevin-concepcion.php,,,68.0,,,,,,11.0,KC Concepcion,2026-07-31,CLE
/nfl/rankings/rookies.php,dynasty-rk,drk,Kenyon Sadiq,26055,TE,NYJ,7.6,1.28,6,10,,kenyon-sadiq.php,,,64.8,,,,,,13.0,Kenyon Sadiq,2026-07-31,NYJ
/nfl/rankings/rookies.php,dynasty-rk,drk,Omar Cooper Jr.,28127,WR,NYJ,8.6,1.2,6,10,,omar-cooper-jr.php,,,42.1,,,,,,13.0,Omar Cooper,2026-07-31,NYJ
/nfl/rankings/rookies.php,dynasty-rk,drk,Eli Stowers,23144,TE,PHI,10.2,2.52,8,16,,eli-stowers.php,,,24.0,,,,,,10.0,Eli Stowers,2026-07-31,PHI
/nfl/rankings/rookies.php,dynasty-rk,drk,Fernando Mendoza,28013,QB,LV,10.4,2.5,6,13,,fernando-mendoza.php,,,34.3,,,,,,13.0,Fernando Mendoza,2026-07-31,LVR
/nfl/rankings/rookies.php,dynasty-rk,drk,Denzel Boston,27339,WR,CLE,10.8,1.83,8,14,,denzel-boston.php,,,36.7,,,,,,11.0,Denzel Boston,2026-07-31,CLE
/nfl/rankings/rookies.php,dynasty-rk,drk,Jonah Coleman,27320,RB,DEN,12.2,2.48,7,16,,jonah-coleman.php,,,35.1,,,,,,10.0,Jonah Coleman,2026-07-31,DEN
/nfl/rankings/rookies.php,dynasty-rk,drk,Chris Bell,26038,WR,MIA,15.4,3.88,12,22,,chris-bell.php,,,19.8,,,,,,6.0,Chris Bell,2026-07-31,MIA
/nfl/rankings/rookies.php,dynasty-rk,drk,Antonio Williams,25418,WR,WAS,15.5,2.91,11,20,,antonio-williams-wr.php,,,28.8,,,,,,7.0,Antonio Williams,2026-07-31,WAS
/nfl/rankings/rookies.php,dynasty-rk,drk,Germie Bernard,26039,WR,PIT,15.6,2.15,13,20,,germie-bernard.php,,,20.1,,,,,,9.0,Germie Bernard,2026-07-31,PIT
/nfl/rankings/rookies.php,dynasty-rk,drk,Nicholas Singleton,24343,RB,TEN,16.5,3.72,12,23,,nick-singleton.php,,,25.7,,,,,,9.0,Nicholas Singleton,2026-07-31,TEN
/nfl/rankings/rookies.php,dynasty-rk,drk,Emmett Johnson,28107,RB,KC,18.7,3.23,14,24,,emmett-johnson.php,,,27.0,,,,,,5.0,Emmett Johnson,2026-07-31,KCC
/nfl/rankings/rookies.php,dynasty-rk,drk,De'Zhaun Stribling,28138,WR,SF,19.5,3.41,13,26,,dezhaun-stribling.php,,,21.4,,,,,,8.0,DeZhaun Stribling,2026-07-31,SFO
/nfl/rankings/rookies.php,dynasty-rk,drk,Chris Brazzell II,28047,WR,CAR,20.8,4.09,15,26,,chris-brazzell-ii.php,,,14.4,,,,,,5.0,Chris Brazzell,2026-07-31,CAR
/nfl/rankings/rookies.php,dynasty-rk,drk,Kaytron Allen,24362,RB,WAS,20.9,3.45,16,28,,kaytron-allen.php,,,21.4,,,,,,7.0,Kaytron Allen,2026-07-31,WAS
/nfl/rankings/rookies.php,dynasty-rk,drk,Elijah Sarratt,27463,WR,BAL,21.3,4.38,15,31,,elijah-sarratt.php,,,16.3,,,,,,13.0,Elijah Sarratt,2026-07-31,BAL
/nfl/rankings/rookies.php,dynasty-rk,drk,Ty Simpson,25368,QB,LAR,23.0,4.31,16,31,,ty-simpson.php,,,15.3,,,,,,11.0,Ty Simpson,2026-07-31,LAR
/nfl/rankings/rookies.php,dynasty-rk,drk,Ted Hurst III,28130,WR,TB,23.5,5.54,16,34,,ted-hurst.php,,,17.3,,,,,,10.0,Ted Hurst,2026-07-31,TBB
/nfl/rankings/rookies.php,dynasty-rk,drk,Malachi Fields,27994,WR,NYG,24.3,4.45,20,31,,malachi-fields.php,,,17.1,,,,,,8.0,Malachi Fields,2026-07-31,NYG
/nfl/rankings/rookies.php,dynasty-rk,drk,Zachariah Branch,25419,WR,ATL,24.9,5.39,17,36,,zachariah-branch.php,,,22.7,,,,,,11.0,Zachariah Branch,2026-07-31,ATL
/nfl/rankings/rookies.php,dynasty-rk,drk,Oscar Delp,25430,TE,NO,28.5,3.23,20,32,,oscar-delp.php,,,6.4,,,,,,8.0,Oscar Delp,2026-07-31,NOS
/nfl/rankings/rookies.php,dynasty-rk,drk,Mike Washington Jr.,28108,RB,LV,28.7,4.1,20,36,,mike-washington-jr.php,,,25.7,,,,,,13.0,Mike Washington,2026-07-31,LVR
/nfl/rankings/rookies.php,dynasty-rk,drk,Kaelon Black,28401,RB,SF,28.8,6.06,16,35,,kaelon-black.php,,,13.2,,,,,,8.0,Kaelon Black,2026-07-31,SFO
/nfl/rankings/rookies.php,dynasty-rk,drk,Demond Claiborne,28084,RB,MIN,28.8,3.54,22,35,,demond-claiborne.php,,,16.0,,,,,,6.0,Demond Claiborne,2026-07-31,MIN
/nfl/rankings/rookies.php,dynasty-rk,drk,Ja'Kobi Lane,27337,WR,BAL,29.1,7.41,18,44,,jakobi-lane.php,,,19.6,,,,,,13.0,JaKobi Lane,2026-07-31,BAL
/nfl/rankings/rookies.php,dynasty-rk,drk,Eli Raridon,28154,TE,NE,31.1,4.55,23,39,,eli-raridon.php,,,5.1,,,,,,11.0,Eli Raridon,2026-07-31,NEP
/nfl/rankings/rookies.php,dynasty-rk,drk,Max Klare,27993,TE,LAR,32.7,3.16,28,38,,max-klare.php,,,11.3,,,,,,11.0,Max Klare,2026-07-31,LAR
/nfl/rankings/rookies.php,dynasty-rk,drk,Skyler Bell,28126,WR,BUF,33.2,3.89,27,39,,skyler-bell.php,,,13.8,,,,,,7.0,Skyler Bell,2026-07-31,BUF
/nfl/rankings/rookies.php,dynasty-rk,drk,Carson Beck,22953,QB,ARI,33.9,7.92,21,45,,carson-beck.php,,,12.3,,,,,,14.0,Carson Beck,2026-07-31,ARI
/nfl/rankings/rookies.php,dynasty-rk,drk,Adam Randall,24367,RB,BAL,34.2,4.81,25,40,,adam-randall.php,,,5.3,,,,,,13.0,Adam Randall,2026-07-31,BAL
/nfl/rankings/rookies.php,dynasty-rk,drk,Bryce Lance,28129,WR,NO,36.2,4.02,28,43,,bryce-lance.php,,,4.0,,,,,,8.0,Bryce Lance,2026-07-31,NOS
/nfl/rankings/rookies.php,dynasty-rk,drk,Seth McGowan,23079,RB,IND,39.2,4.28,31,44,,seth-mcgowan.php,,,3.4,,,,,,13.0,Seth McGowan,2026-07-31,IND
/nfl/rankings/rookies.php,dynasty-rk,drk,Eli Heidenreich,28297,RB,PIT,39.4,4.08,33,46,,eli-heidenreich.php,,,2.0,,,,,,9.0,Eli Heidenreich,2026-07-31,PIT
/nfl/rankings/rookies.php,dynasty-rk,drk,Justin Joly,28079,TE,DEN,40.8,4.58,34,50,,justin-joly.php,,,11.0,,,,,,10.0,Justin Joly,2026-07-31,DEN
/nfl/rankings/rookies.php,dynasty-rk,drk,Drew Allar,24345,QB,PIT,41.7,6.47,29,50,,drew-allar.php,,,2.0,,,,,,9.0,Drew Allar,2026-07-31,PIT
/nfl/rankings/rookies.php,dynasty-rk,drk,Brenen Thompson,28133,WR,LAC,41.7,6.56,34,54,,brenen-thompson.php,,,3.8,,,,,,7.0,Brenen Thompson,2026-07-31,LAC
/nfl/rankings/rookies.php,dynasty-rk,drk,Kevin Coleman Jr.,28067,WR,MIA,42.7,5.37,34,51,,kevin-coleman-jr.php,,,2.6,,,,,,6.0,Kevin Coleman,2026-07-31,MIA
/nfl/rankings/rookies.php,dynasty-rk,drk,Jam Miller,27326,RB,NE,45.2,5.81,36,53,,jam-miller.php,,,1.3,,,,,,11.0,Jam Miller,2026-07-31,NEP
/nfl/rankings/rookies.php,dynasty-rk,drk,Cade Klubnik,24361,QB,NYJ,46.2,4.42,38,52,,cade-klubnik.php,,,6.7,,,,,,13.0,Cade Klubnik,2026-07-31,NYJ
/nfl/rankings/rookies.php,dynasty-rk,drk,Cole Payton,28302,QB,PHI,46.6,5.14,41,59,,cole-payton.php,,,0.7,,,,,,10.0,Cole Payton,2026-07-31,PHI
/nfl/rankings/rookies.php,dynasty-rk,drk,J'Mari Taylor,28109,RB,JAC,49.9,4.89,40,58,,jmari-taylor.php,,,3.9,,,,,,7.0,JMari Taylor,2026-07-31,JAC
/nfl/rankings/rookies.php,dynasty-rk,drk,Caleb Douglas,28135,WR,MIA,50.0,11.3,30,66,,caleb-douglas.php,,,4.4,,,,,,6.0,Caleb Douglas,2026-07-31,MIA
/nfl/rankings/rookies.php,dynasty-rk,drk,Marlin Klein,28157,TE,HOU,50.3,12.72,36,83,,marlin-klein.php,,,1.2,,,,,,8.0,Marlin Klein,2026-07-31,HOU
/nfl/rankings/rookies.php,dynasty-rk,drk,Taylen Green,28094,QB,CLE,51.9,6.53,46,64,,taylen-green.php,,,4.0,,,,,,11.0,Taylen Green,2026-07-31,CLE
/nfl/rankings/rookies.php,dynasty-rk,drk,Sam Roush,28161,TE,CHI,52.4,9.45,43,72,,sam-roush.php,,,1.5,,,,,,10.0,Sam Roush,2026-07-31,CHI
/nfl/rankings/rookies.php,dynasty-rk,drk,Zavion Thomas,28132,WR,CHI,52.5,12.23,33,79,,zavion-thomas.php,,,5.1,,,,,,10.0,Zavion Thomas,2026-07-31,CHI
/nfl/rankings/rookies.php,dynasty-rk,drk,Garrett Nussmeier,22998,QB,KC,53.4,4.9,47,65,,garrett-nussmeier.php,,,7.4,,,,,,5.0,Garrett Nussmeier,2026-07-31,KCC
/nfl/rankings/rookies.php,dynasty-rk,drk,Jaydn Ott,25394,RB,KC,54.9,8.13,44,70,,jaydn-ott.php,,,1.0,,,,,,5.0,Jaydn Ott,2026-07-31,KCC
/nfl/rankings/rookies.php,dynasty-rk,drk,Cyrus Allen,28424,WR,KC,56.2,11.9,33,71,,cyrus-allen.php,,,2.6,,,,,,5.0,Cyrus Allen,2026-07-31,KCC
/nfl/rankings/rookies.php,dynasty-rk,drk,Barion Brown,25416,WR,NO,58.7,8.14,46,68,,barion-brown.php,,,1.1,,,,,,8.0,Barion Brown,2026-07-31,NOS
/nfl/rankings/rookies.php,dynasty-rk,drk,Deion Burks,27093,WR,IND,59.1,5.39,51,67,,deion-burks.php,,,2.1,,,,,,13.0,Deion Burks,2026-07-31,IND
/nfl/rankings/rookies.php,dynasty-rk,drk,Roman Hemby,25387,RB,LV,55.22,7.42,41,64,,roman-hemby.php,,,0.0,,,,,,13.0,Roman Hemby,2026-07-31,LVR
/nfl/rankings/rookies.php,dynasty-rk,drk,Tanner Koziol,27499,TE,JAC,56.56,13.82,39,81,,tanner-koziol.php,,,1.9,,,,,,7.0,Tanner Koziol,2026-07-31,JAC
/nfl/rankings/rookies.php,dynasty-rk,drk,CJ Daniels,28125,WR,LAR,61.0,7.76,45,70,,cj-daniels.php,,,1.9,,,,,,11.0,CJ Daniels,2026-07-31,LAR
/nfl/rankings/rookies.php,dynasty-rk,drk,Robert Henry Jr.,28404,RB,WAS,58.89,8.21,48,74,,robert-henry-jr.php,,,0.0,,,,,,7.0,Robert Henry,2026-07-31,WAS
/nfl/rankings/rookies.php,dynasty-rk,drk,Reggie Virgil,28141,WR,ARI,64.3,6.8,53,74,,reggie-virgil.php,,,0.7,,,,,,14.0,Reggie Virgil,2026-07-31,ARI
/nfl/rankings/rookies.php,dynasty-rk,drk,Malik Benson,26012,WR,LV,64.67,7.6,50,77,,malik-benson.php,,,1.5,,,,,,13.0,Malik Benson,2026-07-31,LVR
/nfl/rankings/rookies.php,dynasty-rk,drk,Nate Boerkircher,28427,TE,JAC,63.25,11.03,51,84,,nate-boerkircher.php,,,0.9,,,,,,7.0,Nate Boerkircher,2026-07-31,JAC
/nfl/rankings/rookies.php,dynasty-rk,drk,Dean Connors,28113,RB,LAR,68.33,10.9,52,89,,dean-connors.php,,,1.0,,,,,,11.0,Dean Connors,2026-07-31,LAR
/nfl/rankings/rookies.php,dynasty-rk,drk,Colbie Young,26037,WR,CIN,70.78,12.46,45,86,,colbie-young.php,,,1.5,,,,,,6.0,Colbie Young,2026-07-31,CIN
/nfl/rankings/rookies.php,dynasty-rk,drk,Noah Whittington,28115,RB,HOU,67.88,10.64,59,91,,noah-whittington.php,,,0.0,,,,,,8.0,Noah Whittington,2026-07-31,HOU
/nfl/rankings/rookies.php,dynasty-rk,drk,Josh Cameron,28137,WR,JAC,68.75,8.61,58,86,,josh-cameron.php,,,1.6,,,,,,7.0,Josh Cameron,2026-07-31,JAC
/nfl/rankings/rookies.php,dynasty-rk,drk,Jack Endries,27501,TE,CIN,69.38,7.83,61,88,,jack-endries.php,,,5.8,,,,,,6.0,Jack Endries,2026-07-31,CIN
/nfl/rankings/rookies.php,dynasty-rk,drk,Desmond Reid,28110,RB,FA,66.71,8.21,55,79,,desmond-reid.php,,,0.0,,,,,,,Desmond Reid,2026-07-31,FA
/nfl/rankings/rookies.php,dynasty-rk,drk,Kendrick Law,26044,WR,DET,71.63,6.08,60,82,,kendrick-law.php,,,1.5,,,,,,6.0,Kendrick Law,2026-07-31,DET
/nfl/rankings/rookies.php,dynasty-rk,drk,Terion Stewart,28111,RB,KC,62.5,4.92,56,70,,terion-stewart.php,,,0.0,,,,,,5.0,Terion Stewart,2026-07-31,KCC
/nfl/rankings/rookies.php,dynasty-rk,drk,Matt Hibner,28168,TE,BAL,66.0,16.52,49,96,,matthew-hibner.php,,,2.6,,,,,,13.0,Matt Hibner,2026-07-31,BAL
/nfl/rankings/rookies.php,dynasty-rk,drk,Jeff Caldwell,28425,WR,KC,74.75,6.3,61,83,,jeff-caldwell.php,,,2.1,,,,,,5.0,Jeff Caldwell,2026-07-31,KCC
/nfl/rankings/rookies.php,dynasty-rk,drk,Michael Trigg,23167,TE,DAL,71.57,10.43,57,88,,michael-trigg.php,,,9.0,,,,,,14.0,Michael Trigg,2026-07-31,DAL
/nfl/rankings/rookies.php,dynasty-rk,drk,Chip Trayanum,28114,RB,NYJ,71.57,8.14,61,85,,chip-trayanum.php,,,1.2,,,,,,13.0,Chip Trayanum,2026-07-31,NYJ
/nfl/rankings/rookies.php,dynasty-rk,drk,CJ Donaldson,25396,RB,NO,73.43,9.5,58,92,,cj-donaldson.php,,,2.3,,,,,,8.0,CJ Donaldson,2026-07-31,NOS
/nfl/rankings/rookies.php,dynasty-rk,drk,Eric Rivers Jr.,28128,WR,TB,80.0,3.64,74,86,,eric-rivers.php,,,1.0,,,,,,10.0,Eric Rivers,2026-07-31,TBB
/nfl/rankings/rookies.php,dynasty-rk,drk,Joe Royer,27312,TE,CLE,82.33,10.84,69,98,,joe-royer.php,,,1.6,,,,,,11.0,Joe Royer,2026-07-31,CLE
/nfl/rankings/rookies.php,dynasty-rk,drk,Jamal Haynes,27328,RB,CIN,71.0,9.84,62,84,,jamal-haynes.php,,,0.0,,,,,,6.0,Jamal Haynes,2026-07-31,CIN
/nfl/rankings/rookies.php,dynasty-rk,drk,Diego Pavia,28082,QB,FA,72.6,14.6,57,90,,diego-pavia.php,,,1.1,,,,,,,Diego Pavia,2026-07-31,FA
/nfl/rankings/rookies.php,dynasty-rk,drk,Brendan Sorsby,28083,QB,FA,66.75,10.06,52,77,,brendan-sorsby.php,,,0.0,,,,,,,Brendan Sorsby,2026-07-31,FA
/nfl/rankings/rookies.php,dynasty-rk,drk,Kaden Wetjen,28435,WR,PIT,79.5,3.55,73,85,,kaden-wetjen.php,,,0.7,,,,,,9.0,Kaden Wetjen,2026-07-31,PIT
/nfl/rankings/rookies.php,dynasty-rk,drk,Lewis Bond,28144,WR,HOU,84.43,5.85,77,93,,lewis-bond.php,,,1.1,,,,,,8.0,Lewis Bond,2026-07-31,HOU
/nfl/rankings/rookies.php,dynasty-rk,drk,Tyren Montgomery,28423,WR,TEN,78.8,4.02,75,86,,tyren-montgomery.php,,,0.0,,,,,,9.0,Tyren Montgomery,2026-07-31,TEN
/nfl/rankings/rookies.php,dynasty-rk,drk,TJ Harden,25992,RB,CLE,75.75,10.45,62,89,,tj-harden.php,,,0.0,,,,,,11.0,TJ Harden,2026-07-31,CLE
/nfl/rankings/rookies.php,dynasty-rk,drk,Eric McAlister,28134,WR,FA,81.4,5.61,71,86,,eric-mcalister.php,,,4.0,,,,,,,Eric McAlister,2026-07-31,FA
/nfl/rankings/rookies.php,dynasty-rk,drk,Will Kacmarek,28403,TE,MIA,81.8,15.97,52,99,,will-kacmarek.php,,,5.4,,,,,,6.0,Will Kacmarek,2026-07-31,MIA
/nfl/rankings/rookies.php,dynasty-rk,drk,Aaron Anderson,27500,WR,CLE,85.0,4.76,75,89,,aaron-anderson.php,,,1.2,,,,,,11.0,Aaron Anderson,2026-07-31,CLE
/nfl/rankings/rookies.php,dynasty-rk,drk,Rahsul Faison,28112,RB,FA,85.4,6.53,77,95,,rahsul-faison.php,,,0.0,,,,,,,Rahsul Faison,2026-07-31,FA
/nfl/rankings/rookies.php,dynasty-rk,drk,John Michael Gyllenborg,28158,TE,KC,85.4,6.37,77,93,,john-michael-gyllenborg.php,,,1.8,,,,,,5.0,John Michael Gyllenborg,2026-07-31,KCC
/nfl/rankings/rookies.php,dynasty-rk,drk,Dane Key,26015,WR,DEN,85.4,4.22,82,93,,dane-key.php,,,1.0,,,,,,10.0,Dane Key,2026-07-31,DEN
/nfl/rankings/rookies.php,dynasty-rk,drk,Dallen Bentley,28352,TE,DEN,87.0,6.45,76,94,,dallen-bentley.php,,,1.1,,,,,,10.0,Dallen Bentley,2026-07-31,DEN
/nfl/rankings/rookies.php,dynasty-rk,drk,Riley Nowakowski,28437,TE,PIT,78.67,11.79,62,87,,riley-nowakowski.php,,,0.7,,,,,,9.0,Riley Nowakowski,2026-07-31,PIT
/nfl/rankings/rookies.php,dynasty-rk,drk,Luke Altmyer,28093,QB,DET,85.5,14.52,63,103,,luke-altmyer.php,,,0.0,,,,,,6.0,Luke Altmyer,2026-07-31,DET
/nfl/rankings/rookies.php,dynasty-rk,drk,Joe Fagnano,28400,QB,BAL,69.5,8.5,61,78,,joe-fagnano.php,,,0.0,,,,,,13.0,Joe Fagnano,2026-07-31,BAL
/nfl/rankings/rookies.php,dynasty-rk,drk,Dae'Quan Wright,28159,TE,PHI,88.6,8.26,78,99,,daequan-wright.php,,,0.0,,,,,,10.0,DaeQuan Wright,2026-07-31,PHI
/nfl/rankings/rookies.php,dynasty-rk,drk,Max Bredeson,28434,RB,MIN,87.0,8.28,73,94,,max-bredeson.php,,,0.1,,,,,,6.0,Max Bredeson,2026-07-31,MIN
/nfl/rankings/rookies.php,dynasty-rk,drk,Haynes King,23141,QB,CAR,82.67,18.7,57,101,,haynes-king.php,,,0.0,,,,,,5.0,Haynes King,2026-07-31,CAR
/nfl/rankings/rookies.php,dynasty-rk,drk,Josh Cuevas,28155,TE,BAL,90.0,8.76,76,100,,josh-cuevas.php,,,0.6,,,,,,13.0,Josh Cuevas,2026-07-31,BAL
/nfl/rankings/rookies.php,dynasty-rk,drk,Harrison Wallace III,28143,WR,ARI,90.8,5.11,84,98,,harrison-wallace-iii.php,,,0.0,,,,,,14.0,Harrison Wallace,2026-07-31,ARI
/nfl/rankings/rookies.php,dynasty-rk,drk,Noah Thomas,28136,WR,CIN,91.6,6.09,81,100,,noah-thomas.php,,,1.1,,,,,,6.0,Noah Thomas,2026-07-31,CIN
/nfl/rankings/rookies.php,dynasty-rk,drk,Miller Moss,23165,QB,CHI,89.0,10.98,78,104,,miller-moss.php,,,0.0,,,,,,10.0,Miller Moss,2026-07-31,CHI
/nfl/rankings/rookies.php,dynasty-rk,drk,Trebor Pena,28139,WR,JAC,94.2,5.78,88,105,,trebor-pena.php,,,0.0,,,,,,7.0,Trebor Pena,2026-07-31,JAC
/nfl/rankings/rookies.php,dynasty-rk,drk,Joey Aguilar,28299,QB,JAC,91.33,13.02,78,109,,joey-aguilar.php,,,0.0,,,,,,7.0,Joey Aguilar,2026-07-31,JAC
/nfl/rankings/rookies.php,dynasty-rk,drk,Kentrel Bullock,28122,RB,CIN,94.75,10.01,86,111,,kentrel-bullock.php,,,0.0,,,,,,6.0,Kentrel Bullock,2026-07-31,CIN
/nfl/rankings/rookies.php,dynasty-rk,drk,Rueben Owens II,25402,RB,FA,90.0,9.8,78,102,,rueben-owens-ii.php,,,0.0,,,,,,,Rueben Owens,2026-07-31,FA
/nfl/rankings/rookies.php,dynasty-rk,drk,J. Michael Sturdivant,26139,WR,GB,94.4,3.26,89,99,,jmichael-sturdivant.php,,,0.0,,,,,,11.0,J Michael Sturdivant,2026-07-31,GBP
/nfl/rankings/rookies.php,dynasty-rk,drk,Sawyer Robertson,23035,QB,FA,92.5,19.5,73,112,,sawyer-robertson.php,,,0.0,,,,,,,Sawyer Robertson,2026-07-31,FA
/nfl/rankings/rookies.php,dynasty-rk,drk,Athan Kaliakmanis,28098,QB,WAS,91.0,16.0,75,107,,athan-kaliakmanis.php,,,0.0,,,,,,7.0,Athan Kaliakmanis,2026-07-31,WAS
/nfl/rankings/rookies.php,dynasty-rk,drk,Jack Velling,26008,TE,ATL,95.0,12.03,79,108,,jack-velling.php,,,0.0,,,,,,11.0,Jack Velling,2026-07-31,ATL
/nfl/rankings/rookies.php,dynasty-rk,drk,Jalon Daniels,26060,QB,TB,91.5,14.5,77,106,,jalon-daniels.php,,,0.0,,,,,,10.0,Jalon Daniels,2026-07-31,TBB
/nfl/rankings/rookies.php,dynasty-rk,drk,Chase Roberts,28131,WR,LV,94.0,4.24,88,97,,chase-roberts.php,,,0.0,,,,,,13.0,Chase Roberts,2026-07-31,LVR
/nfl/rankings/rookies.php,dynasty-rk,drk,Behren Morton,23146,QB,NE,97.5,15.5,82,113,,behren-morton.php,,,0.0,,,,,,11.0,Behren Morton,2026-07-31,NEP
/nfl/rankings/rookies.php,dynasty-rk,drk,Vinny Anthony II,28150,WR,ATL,102.0,12.0,90,114,,vinny-anthony-ii.php,,,0.0,,,,,,11.0,Vinny Anthony,2026-07-31,ATL
/nfl/rankings/rookies.php,dynasty-rk,drk,Emmanuel Henderson Jr.,24379,WR,SEA,101.5,8.5,93,110,,emmanuel-henderson.php,,,1.0,,,,,,11.0,Emmanuel Henderson,2026-07-31,SEA
/nfl/rankings/dynasty-te.php,dynasty-te,dp,Brock Bowers,22955,TE,LV,1.06,0.24,1,2,,brock-bowers.php,,,99.1,,,,,,13.0,Brock Bowers,2026-07-31,LVR
/nfl/rankings/dynasty-te.php,dynasty-te,dp,Trey McBride,22936,TE,ARI,2.06,0.43,1,3,,trey-mcbride.php,,,99.3,,,,,,14.0,Trey McBride,2026-07-31,ARI
/nfl/rankings/dynasty-te.php,dynasty-te,dp,Colston Loveland,26006,TE,CHI,3.0,0.35,2,4,,colston-loveland.php,,,98.6,,,,,,10.0,Colston Loveland,2026-07-31,CHI
/nfl/rankings/dynasty-te.php,dynasty-te,dp,Tyler Warren,26434,TE,IND,4.13,0.33,4,5,,tyler-warren.php,,,98.2,,,,,,13.0,Tyler Warren,2026-07-31,IND
/nfl/rankings/dynasty-te.php,dynasty-te,dp,Tucker Kraft,25298,TE,GB,5.31,0.68,4,7,,tucker-kraft.php,,,93.8,,,,,,11.0,Tucker Kraft,2026-07-31,GBP
/nfl/rankings/dynasty-te.php,dynasty-te,dp,Harold Fannin Jr.,27050,TE,CLE,6.25,0.97,5,9,,harold-fannin-jr.php,,,94.6,,,,,,11.0,Harold Fannin,2026-07-31,CLE
/nfl/rankings/dynasty-te.php,dynasty-te,dp,Sam LaPorta,22978,TE,DET,7.06,0.83,6,8,,sam-laporta.php,,,95.5,,,,,,6.0,Sam LaPorta,2026-07-31,DET
/nfl/rankings/dynasty-te.php,dynasty-te,dp,Kyle Pitts Sr.,20164,TE,ATL,7.69,0.92,6,10,,kyle-pitts.php,,,95.6,,,,,,11.0,Kyle Pitts,2026-07-31,ATL
/nfl/rankings/dynasty-te.php,dynasty-te,dp,Kenyon Sadiq,26055,TE,NYJ,10.13,1.8,9,15,,kenyon-sadiq.php,,,64.8,,,,,,13.0,Kenyon Sadiq,2026-07-31,NYJ
/nfl/rankings/dynasty-te.php,dynasty-te,dp,Eli Stowers,23144,TE,PHI,11.25,2.33,8,16,,eli-stowers.php,,,24.0,,,,,,10.0,Eli Stowers,2026-07-31,PHI
/nfl/rankings/dynasty-te.php,dynasty-te,dp,Dalton Kincaid,25247,TE,BUF,12.69,1.86,10,16,,dalton-kincaid.php,,,78.2,,,,,,7.0,Dalton Kincaid,2026-07-31,BUF
/nfl/rankings/dynasty-te.php,dynasty-te,dp,Isaiah Likely,23781,TE,NYG,13.31,3.2,9,20,,isaiah-likely.php,,,86.6,,,,,,8.0,Isaiah Likely,2026-07-31,NYG
/nfl/rankings/dynasty-te.php,dynasty-te,dp,Oronde Gadsden II,25997,TE,LAC,13.38,2.64,8,19,,oronde-gadsden-ii.php,,,53.6,,,,,,7.0,Oronde Gadsden,2026-07-31,LAC
/nfl/rankings/dynasty-te.php,dynasty-te,dp,George Kittle,16499,TE,SF,13.88,2.15,11,18,,george-kittle.php,,,92.8,,,,,,8.0,George Kittle,2026-07-31,SFO
/nfl/rankings/dynasty-te.php,dynasty-te,dp,Jake Ferguson,22718,TE,DAL,14.06,1.52,12,17,,jake-ferguson.php,,,89.6,,,,,,14.0,Jake Ferguson,2026-07-31,DAL
/nfl/rankings/dynasty-te.php,dynasty-te,dp,Brenton Strange,25345,TE,JAC,14.88,2.8,10,20,,brenton-strange.php,,,50.4,,,,,,7.0,Brenton Strange,2026-07-31,JAC
/nfl/rankings/dynasty-te.php,dynasty-te,dp,Chig Okonkwo,23982,TE,WAS,18.44,2.74,14,24,,chigoziem-okonkwo.php,,,42.9,,,,,,7.0,Chigoziem Okonkwo,2026-07-31,WAS
/nfl/rankings/dynasty-te.php,dynasty-te,dp,Mark Andrews,17269,TE,BAL,19.06,2.59,13,23,,mark-andrews.php,,,84.3,,,,,,13.0,Mark Andrews,2026-07-31,BAL
/nfl/rankings/dynasty-te.php,dynasty-te,dp,Dallas Goedert,17270,TE,PHI,20.19,2.88,15,27,,dallas-goedert.php,,,88.7,,,,,,10.0,Dallas Goedert,2026-07-31,PHI
/nfl/rankings/dynasty-te.php,dynasty-te,dp,AJ Barner,26335,TE,SEA,20.56,3.5,15,28,,aj-barner.php,,,30.3,,,,,,11.0,AJ Barner,2026-07-31,SEA
/nfl/rankings/dynasty-te.php,dynasty-te,dp,Travis Kelce,11594,TE,KC,22.38,2.85,17,27,,travis-kelce.php,,,90.9,,,,,,5.0,Travis Kelce,2026-07-31,KCC
/nfl/rankings/dynasty-te.php,dynasty-te,dp,Terrance Ferguson,23091,TE,LAR,23.13,2.87,17,28,,terrance-ferguson.php,,,22.1,,,,,,11.0,Terrance Ferguson,2026-07-31,LAR
/nfl/rankings/dynasty-te.php,dynasty-te,dp,Juwan Johnson,19562,TE,NO,23.44,3.41,18,30,,juwan-johnson.php,,,47.1,,,,,,8.0,Juwan Johnson,2026-07-31,NOS
/nfl/rankings/dynasty-te.php,dynasty-te,dp,T.J. Hockenson,18290,TE,MIN,24.25,3.65,18,31,,tj-hockenson.php,,,56.3,,,,,,6.0,TJ Hockenson,2026-07-31,MIN
/nfl/rankings/dynasty-te.php,dynasty-te,dp,Oscar Delp,25430,TE,NO,26.38,5.4,17,38,,oscar-delp.php,,,6.4,,,,,,8.0,Oscar Delp,2026-07-31,NOS
/nfl/rankings/dynasty-te.php,dynasty-te,dp,Hunter Henry,15561,TE,NE,26.88,3.74,21,36,,hunter-henry.php,,,64.5,,,,,,11.0,Hunter Henry,2026-07-31,NEP
/nfl/rankings/dynasty-te.php,dynasty-te,dp,Gunnar Helm,27109,TE,TEN,27.0,3.89,21,35,,gunnar-helm.php,,,20.8,,,,,,9.0,Gunnar Helm,2026-07-31,TEN
/nfl/rankings/dynasty-te.php,dynasty-te,dp,Eli Raridon,28154,TE,NE,29.31,6.46,16,45,,eli-raridon.php,,,5.1,,,,,,11.0,Eli Raridon,2026-07-31,NEP
/nfl/rankings/dynasty-te.php,dynasty-te,dp,Mason Taylor,26005,TE,NYJ,30.75,4.58,24,40,,mason-taylor.php,,,14.8,,,,,,13.0,Mason Taylor,2026-07-31,NYJ
/nfl/rankings/dynasty-te.php,dynasty-te,dp,Dalton Schultz,17349,TE,HOU,30.94,4.76,22,39,,dalton-schultz.php,,,32.5,,,,,,8.0,Dalton Schultz,2026-07-31,HOU
/nfl/rankings/dynasty-te.php,dynasty-te,dp,Greg Dulcich,23153,TE,MIA,31.5,5.83,23,48,,greg-dulcich.php,,,20.5,,,,,,6.0,Greg Dulcich,2026-07-31,MIA
/nfl/rankings/dynasty-te.php,dynasty-te,dp,Max Klare,27993,TE,LAR,31.69,4.74,25,43,,max-klare.php,,,11.3,,,,,,11.0,Max Klare,2026-07-31,LAR
/nfl/rankings/dynasty-te.php,dynasty-te,dp,Pat Freiermuth,20163,TE,PIT,32.88,3.81,24,40,,pat-freiermuth.php,,,20.2,,,,,,9.0,Pat Freiermuth,2026-07-31,PIT
/nfl/rankings/dynasty-te.php,dynasty-te,dp,Cade Otton,23181,TE,TB,33.38,3.44,28,43,,cade-otton.php,,,23.2,,,,,,10.0,Cade Otton,2026-07-31,TBB
/nfl/rankings/dynasty-te.php,dynasty-te,dp,David Njoku,16399,TE,LAC,33.6,3.7,25,41,,david-njoku.php,,,25.1,,,,,,7.0,David Njoku,2026-07-31,LAC
/nfl/rankings/dynasty-te.php,dynasty-te,dp,Elijah Arroyo,23004,TE,SEA,35.69,5.58,28,45,,elijah-arroyo.php,,,7.1,,,,,,11.0,Elijah Arroyo,2026-07-31,SEA
/nfl/rankings/dynasty-te.php,dynasty-te,dp,Theo Johnson,23104,TE,NYG,37.67,2.72,31,43,,theo-johnson.php,,,14.9,,,,,,8.0,Theo Johnson,2026-07-31,NYG
/nfl/rankings/dynasty-te.php,dynasty-te,dp,Michael Mayer,23056,TE,LV,39.17,5.11,32,51,,michael-mayer.php,,,11.5,,,,,,13.0,Michael Mayer,2026-07-31,LVR
/nfl/rankings/dynasty-te.php,dynasty-te,dp,Cole Kmet,19229,TE,CHI,43.42,5.77,32,54,,cole-kmet.php,,,7.3,,,,,,10.0,Cole Kmet,2026-07-31,CHI
/nfl/rankings/dynasty-te.php,dynasty-te,dp,Evan Engram,16411,TE,DEN,44.75,6.85,34,64,,evan-engram.php,,,12.9,,,,,,10.0,Evan Engram,2026-07-31,DEN
/nfl/rankings/dynasty-te.php,dynasty-te,dp,Justin Joly,28079,TE,DEN,39.91,11.54,26,67,,justin-joly.php,,,11.0,,,,,,10.0,Justin Joly,2026-07-31,DEN
/nfl/rankings/dynasty-te.php,dynasty-te,dp,Darnell Washington,22967,TE,PIT,43.27,4.88,34,51,,darnell-washington.php,,,12.5,,,,,,9.0,Darnell Washington,2026-07-31,PIT
/nfl/rankings/dynasty-te.php,dynasty-te,dp,Mike Gesicki,17272,TE,CIN,45.0,3.64,38,50,,mike-gesicki.php,,,13.4,,,,,,6.0,Mike Gesicki,2026-07-31,CIN
/nfl/rankings/dynasty-te.php,dynasty-te,dp,Ja'Tavion Sanders,24334,TE,CAR,46.36,4.37,41,54,,jatavion-sanders.php,,,4.7,,,,,,5.0,JaTavion Sanders,2026-07-31,CAR
/nfl/rankings/dynasty-te.php,dynasty-te,dp,Colby Parkinson,19372,TE,LAR,44.5,8.22,35,66,,colby-parkinson.php,,,20.3,,,,,,11.0,Colby Parkinson,2026-07-31,LAR
/nfl/rankings/dynasty-te.php,dynasty-te,dp,Jake Tonges,24778,TE,SF,45.5,6.76,37,61,,jake-tonges.php,,,17.6,,,,,,8.0,Jake Tonges,2026-07-31,SFO
/nfl/rankings/dynasty-te.php,dynasty-te,dp,Ben Sinnott,26310,TE,WAS,46.89,6.61,41,62,,ben-sinnott.php,,,1.9,,,,,,7.0,Ben Sinnott,2026-07-31,WAS
/nfl/rankings/dynasty-te.php,dynasty-te,dp,Sam Roush,28161,TE,CHI,47.33,4.99,39,55,,sam-roush.php,,,1.5,,,,,,10.0,Sam Roush,2026-07-31,CHI
/nfl/rankings/dynasty-te.php,dynasty-te,dp,Tanner Koziol,27499,TE,JAC,51.22,9.38,43,75,,tanner-koziol.php,,,1.9,,,,,,7.0,Tanner Koziol,2026-07-31,JAC
/nfl/rankings/dynasty-te.php,dynasty-te,dp,Tyler Higbee,15623,TE,LAR,55.67,7.18,44,66,,tyler-higbee.php,,,3.1,,,,,,11.0,Tyler Higbee,2026-07-31,LAR
/nfl/rankings/dynasty-te.php,dynasty-te,dp,Noah Gray,19539,TE,KC,54.63,4.09,47,61,,noah-gray.php,,,4.2,,,,,,5.0,Noah Gray,2026-07-31,KCC
/nfl/rankings/dynasty-te.php,dynasty-te,dp,Marlin Klein,28157,TE,HOU,49.86,3.18,46,56,,marlin-klein.php,,,1.2,,,,,,8.0,Marlin Klein,2026-07-31,HOU
/nfl/rankings/dynasty-te.php,dynasty-te,dp,Dawson Knox,18631,TE,BUF,52.57,6.16,40,59,,dawson-knox.php,,,7.4,,,,,,7.0,Dawson Knox,2026-07-31,BUF
/nfl/rankings/dynasty-te.php,dynasty-te,dp,Mitchell Evans,27138,TE,CAR,62.25,10.63,47,80,,mitchell-evans.php,,,0.7,,,,,,5.0,Mitchell Evans,2026-07-31,CAR
/nfl/rankings/dynasty-te.php,dynasty-te,dp,Erick All Jr.,23837,TE,CIN,56.29,3.73,49,60,,erick-all.php,,,2.0,,,,,,6.0,Erick All,2026-07-31,CIN
/nfl/rankings/dynasty-te.php,dynasty-te,dp,Jack Endries,27501,TE,CIN,57.0,7.19,46,69,,jack-endries.php,,,5.8,,,,,,6.0,Jack Endries,2026-07-31,CIN
/nfl/rankings/dynasty-te.php,dynasty-te,dp,Charlie Kolar,22756,TE,LAC,59.86,10.79,42,74,,charlie-kolar.php,,,2.0,,,,,,7.0,Charlie Kolar,2026-07-31,LAC
/nfl/rankings/dynasty-te.php,dynasty-te,dp,Noah Fant,17527,TE,NO,61.0,8.62,46,74,,noah-fant.php,,,1.8,,,,,,8.0,Noah Fant,2026-07-31,NOS
/nfl/rankings/dynasty-te.php,dynasty-te,dp,Michael Trigg,23167,TE,DAL,62.14,6.4,53,73,,michael-trigg.php,,,9.0,,,,,,14.0,Michael Trigg,2026-07-31,DAL
/nfl/rankings/dynasty-te.php,dynasty-te,dp,Luke Musgrave,25282,TE,GB,58.0,4.51,52,63,,luke-musgrave.php,,,7.0,,,,,,11.0,Luke Musgrave,2026-07-31,GBP
/nfl/rankings/dynasty-te.php,dynasty-te,dp,Cade Stover,25269,TE,HOU,69.0,6.12,55,75,,cade-stover.php,,,0.8,,,,,,8.0,Cade Stover,2026-07-31,HOU
/nfl/rankings/dynasty-te.php,dynasty-te,dp,Matt Hibner,28168,TE,BAL,54.8,7.78,49,70,,matthew-hibner.php,,,2.6,,,,,,13.0,Matt Hibner,2026-07-31,BAL
/nfl/rankings/dynasty-te.php,dynasty-te,dp,Jonnu Smith,16460,TE,FA,56.0,9.34,45,73,,jonnu-smith.php,,,2.9,,,,,,,Jonnu Smith,2026-07-31,FA
/nfl/rankings/dynasty-te.php,dynasty-te,dp,Nate Boerkircher,28427,TE,JAC,59.6,4.72,54,65,,nate-boerkircher.php,,,0.9,,,,,,7.0,Nate Boerkircher,2026-07-31,JAC
/nfl/rankings/dynasty-te.php,dynasty-te,dp,Joe Royer,27312,TE,CLE,60.6,3.61,55,65,,joe-royer.php,,,1.6,,,,,,11.0,Joe Royer,2026-07-31,CLE
/nfl/rankings/dynasty-te.php,dynasty-te,dp,Darren Waller,14104,TE,FA,62.8,10.91,48,78,,darren-waller.php,,,2.3,,,,,,,Darren Waller,2026-07-31,FA
/nfl/rankings/dynasty-te.php,dynasty-te,dp,Elijah Higgins,23119,TE,ARI,63.8,6.27,56,72,,elijah-higgins.php,,,1.5,,,,,,14.0,Elijah Higgins,2026-07-31,ARI
/nfl/rankings/dynasty-te.php,dynasty-te,dp,Dallen Bentley,28352,TE,DEN,66.8,4.66,59,72,,dallen-bentley.php,,,1.1,,,,,,10.0,Dallen Bentley,2026-07-31,DEN
/nfl/rankings/dynasty-te.php,dynasty-te,dp,Will Kacmarek,28403,TE,MIA,68.2,2.64,64,71,,will-kacmarek.php,,,5.4,,,,,,6.0,Will Kacmarek,2026-07-31,MIA
/nfl/rankings/dynasty-te.php,dynasty-te,dp,Jeremy Ruckert,23742,TE,NYJ,78.5,8.92,67,91,,jeremy-ruckert.php,,,0.6,,,,,,13.0,Jeremy Ruckert,2026-07-31,NYJ
/nfl/rankings/dynasty-te.php,dynasty-te,dp,Taysom Hill,17115,TE,FA,71.2,11.09,52,83,,taysom-hill.php,,,0.7,,,,,,,Taysom Hill,2026-07-31,FA
/nfl/rankings/dynasty-te.php,dynasty-te,dp,Dae'Quan Wright,28159,TE,PHI,72.0,7.13,64,81,,daequan-wright.php,,,0.0,,,,,,10.0,DaeQuan Wright,2026-07-31,PHI
/nfl/rankings/dynasty-te.php,dynasty-te,dp,Tyler Conklin,17598,TE,DET,72.8,11.72,51,82,,tyler-conklin.php,,,0.7,,,,,,6.0,Tyler Conklin,2026-07-31,DET
/nfl/rankings/dynasty-te.php,dynasty-te,dp,Daniel Bellinger,24238,TE,TEN,73.4,17.36,46,100,,daniel-bellinger.php,,,3.2,,,,,-8.0,9.0,Daniel Bellinger,2026-07-31,TEN
/nfl/rankings/dynasty-te.php,dynasty-te,dp,Zach Ertz,11689,TE,FA,73.6,8.11,63,86,,zach-ertz.php,,,1.7,,,,,,,Zach Ertz,2026-07-31,FA
/nfl/rankings/dynasty-te.php,dynasty-te,dp,Tommy Tremble,22795,TE,CAR,77.0,4.24,71,82,,tommy-tremble.php,,,1.0,,,,,,5.0,Tommy Tremble,2026-07-31,CAR
/nfl/rankings/dynasty-te.php,dynasty-te,dp,Austin Hooper,15581,TE,ATL,77.6,9.41,67,93,,austin-hooper.php,,,1.4,,,,,,11.0,Austin Hooper,2026-07-31,ATL
/nfl/rankings/dynasty-te.php,dynasty-te,dp,Josh Cuevas,28155,TE,BAL,65.75,5.76,59,74,,josh-cuevas.php,,,0.6,,,,,-8.0,13.0,Josh Cuevas,2026-07-31,BAL
/nfl/rankings/dynasty-te.php,dynasty-te,dp,Jared Wiley,26343,TE,KC,67.5,14.29,50,89,,jared-wiley.php,,,1.0,,,,,,5.0,Jared Wiley,2026-07-31,KCC
/nfl/rankings/dynasty-te.php,dynasty-te,dp,Foster Moreau,18397,TE,HOU,79.2,12.77,55,90,,foster-moreau.php,,,0.7,,,,,,8.0,Foster Moreau,2026-07-31,HOU
/nfl/rankings/dynasty-te.php,dynasty-te,dp,Luke Schoonmaker,25267,TE,DAL,80.4,9.95,62,91,,luke-schoonmaker.php,,,0.9,,,,,,14.0,Luke Schoonmaker,2026-07-31,DAL
/nfl/rankings/dynasty-te.php,dynasty-te,dp,John Michael Gyllenborg,28158,TE,KC,81.2,8.23,69,90,,john-michael-gyllenborg.php,,,1.8,,,,,,5.0,John Michael Gyllenborg,2026-07-31,KCC
/nfl/rankings/dynasty-te.php,dynasty-te,dp,Josh Oliver,18487,TE,MIN,81.4,9.67,65,92,,josh-oliver.php,,,0.7,,,,,,6.0,Josh Oliver,2026-07-31,MIN
/nfl/rankings/dynasty-te.php,dynasty-te,dp,Jaren Kanak,28160,TE,TEN,73.5,9.23,60,86,,jaren-kanak.php,,,0.0,,,,,-10.0,9.0,Jaren Kanak,2026-07-31,TEN
/nfl/rankings/dynasty-te.php,dynasty-te,dp,Stone Smartt,24621,TE,PHI,85.4,9.65,72,100,,stone-smartt.php,,,1.0,,,,,,10.0,Stone Smartt,2026-07-31,PHI
/nfl/rankings/dynasty-te.php,dynasty-te,dp,Thomas Fidone II,23039,TE,NYG,76.5,10.01,66,87,,thomas-fidone.php,,,1.0,,,,,,8.0,Thomas Fidone,2026-07-31,NYG
/nfl/rankings/dynasty-te.php,dynasty-te,dp,Riley Nowakowski,28437,TE,PIT,61.0,8.04,53,72,,riley-nowakowski.php,,,0.7,,,,,,9.0,Riley Nowakowski,2026-07-31,PIT
/nfl/rankings/dynasty-te.php,dynasty-te,dp,Grant Calcaterra,24180,TE,PHI,78.25,9.88,67,92,,grant-calcaterra.php,,,0.7,,,,,,10.0,Grant Calcaterra,2026-07-31,PHI
/nfl/rankings/dynasty-te.php,dynasty-te,dp,Carsen Ryan,28399,TE,CLE,63.33,7.13,56,73,,carsen-ryan.php,,,1.1,,,,,,11.0,Carsen Ryan,2026-07-31,CLE
/nfl/rankings/dynasty-te.php,dynasty-te,dp,RJ Maryland,27341,TE,GB,79.0,5.05,73,84,,rj-maryland.php,,,0.0,,,,,,11.0,RJ Maryland,2026-07-31,GBP
/nfl/rankings/dynasty-te.php,dynasty-te,dp,Adam Trautman,19423,TE,DEN,65.33,7.72,58,76,,adam-trautman.php,,,0.6,,,,,,10.0,Adam Trautman,2026-07-31,DEN
/nfl/rankings/dynasty-te.php,dynasty-te,dp,Jackson Hawes,27469,TE,BUF,83.75,17.33,60,104,,jackson-hawes.php,,,0.6,,,,,-9.0,7.0,Jackson Hawes,2026-07-31,BUF
/nfl/rankings/dynasty-te.php,dynasty-te,dp,Davis Allen,23761,TE,LAR,90.25,8.76,77,101,,davis-allen.php,,,0.6,,,,,,11.0,Davis Allen,2026-07-31,LAR
/nfl/rankings/dynasty-te.php,dynasty-te,dp,Brevin Jordan,20162,TE,HOU,80.0,12.03,63,89,,brevin-jordan.php,,,1.0,,,,,,8.0,Brevin Jordan,2026-07-31,HOU
/nfl/rankings/dynasty-te.php,dynasty-te,dp,Hunter Long,22783,TE,JAC,83.0,9.9,76,97,,hunter-long.php,,,1.0,,,,,,7.0,Hunter Long,2026-07-31,JAC
/nfl/rankings/dynasty-te.php,dynasty-te,dp,Seydou Traore,28163,TE,MIA,64.5,14.5,50,79,,seydou-traore.php,,,0.0,,,,,,6.0,Seydou Traore,2026-07-31,MIA
/nfl/rankings/dynasty-te.php,dynasty-te,dp,Jaheim Bell,24747,TE,PIT,88.67,12.71,74,105,,jaheim-bell.php,,,1.0,,,,,,9.0,Jaheim Bell,2026-07-31,PIT
/nfl/rankings/dynasty-te.php,dynasty-te,dp,Jelani Woods,23829,TE,NYJ,91.33,15.08,70,102,,jelani-woods.php,,,3.9,,,,,,13.0,Jelani Woods,2026-07-31,NYJ
/nfl/rankings/dynasty-te.php,dynasty-te,dp,John Bates,22833,TE,WAS,94.67,18.52,69,112,,john-bates.php,,,0.7,,,,,,7.0,John Bates,2026-07-31,WAS
/nfl/rankings/dynasty-te.php,dynasty-te,dp,Jake Briningstool,22924,TE,KC,94.67,8.99,84,106,,jake-briningstool.php,,,0.0,,,,,,5.0,Jake Briningstool,2026-07-31,KCC
/nfl/rankings/dynasty-te.php,dynasty-te,dp,Harrison Bryant,19389,TE,FA,89.0,15.0,74,104,,harrison-bryant.php,,,0.0,,,,,,,Harrison Bryant,2026-07-31,FA
/nfl/rankings/dynasty-te.php,dynasty-te,dp,Tanner Hudson,17826,TE,CIN,91.0,8.0,83,99,,tanner-hudson.php,,,1.2,,,,,,6.0,Tanner Hudson,2026-07-31,CIN
/nfl/rankings/dynasty-te.php,dynasty-te,dp,Kylen Granson,22841,TE,TEN,91.5,9.5,82,101,,kylen-granson.php,,,1.2,,,,,,9.0,Kylen Granson,2026-07-31,TEN
/nfl/rankings/dynasty-te.php,dynasty-te,dp,Will Dissly,18049,TE,FA,95.5,0.5,95,96,,will-dissly.php,,,1.0,,,,,,,Will Dissly,2026-07-31,FA
/nfl/rankings/dynasty-te.php,dynasty-te,dp,Brock Wright,23341,TE,DET,102.0,9.0,93,111,,brock-wright.php,,,0.6,,,,,,6.0,Brock Wright,2026-07-31,DET
/nfl/rankings/dynasty-te.php,dynasty-te,dp,Luke Farrell,19501,TE,SF,102.5,10.5,92,113,,luke-farrell.php,,,0.6,,,,,,8.0,Luke Farrell,2026-07-31,SFO
/nfl/rankings/dynasty-te.php,dynasty-te,dp,Josh Whyle,22923,TE,GB,103.0,9.0,94,112,,josh-whyle.php,,,0.6,,,,,,11.0,Josh Whyle,2026-07-31,GBP
/nfl/rankings/dynasty-te.php,dynasty-te,dp,Tip Reiman,26432,TE,ARI,103.5,5.5,98,109,,tip-reiman.php,,,0.1,,,,,,14.0,Tip Reiman,2026-07-31,ARI
/nfl/rankings/dynasty-te.php,dynasty-te,dp,Julian Hill,25824,TE,NE,105.5,7.5,98,113,,julian-hill.php,,,0.6,,,,,,11.0,Julian Hill,2026-07-31,NEP
/nfl/rankings/dynasty-te.php,dynasty-te,dp,Devin Culp,26440,TE,TB,107.0,12.0,95,119,,devin-culp.php,,,1.2,,,,,,10.0,Devin Culp,2026-07-31,TBB
/nfl/rankings/dynasty-te.php,dynasty-te,dp,Jalin Conyers,22901,TE,FA,108.0,2.0,106,110,,jalin-conyers.php,,,1.2,,,,,,,Jalin Conyers,2026-07-31,FA
/nfl/rankings/dynasty-te.php,dynasty-te,dp,Lucas Krull,24240,TE,DEN,108.5,15.5,93,124,,lucas-krull.php,,,1.8,,,,,,10.0,Lucas Krull,2026-07-31,DEN
/nfl/rankings/dynasty-te.php,dynasty-te,dp,Moliki Matavao,23093,TE,NO,109.0,12.0,97,121,,moliki-matavao.php,,,1.0,,,,,,8.0,Moliki Matavao,2026-07-31,NOS
/nfl/rankings/dynasty-te.php,dynasty-te,dp,Will Mallory,23821,TE,IND,110.5,3.5,107,114,,will-mallory.php,,,1.0,,,,,,13.0,Will Mallory,2026-07-31,IND
/nfl/rankings/dynasty-te.php,dynasty-te,dp,Drew Ogletree,24561,TE,IND,111.5,6.5,105,118,,andrew-ogletree.php,,,1.0,,,,,,13.0,Andrew Ogletree,2026-07-31,IND
/nfl/rankings/dynasty-te.php,dynasty-te,dp,Johnny Mundt,16743,TE,PHI,112.0,4.0,108,116,,johnny-mundt.php,,,0.1,,,,,,10.0,Johnny Mundt,2026-07-31,PHI
/nfl/rankings/dynasty-te.php,dynasty-te,dp,Payne Durham,25346,TE,TB,113.0,10.0,103,123,,payne-durham.php,,,0.6,,,,,,10.0,Payne Durham,2026-07-31,TBB
/nfl/rankings/dynasty-te.php,dynasty-te,dp,Drew Sample,18561,TE,CIN,115.5,0.5,115,116,,drew-sample.php,,,0.6,,,,,,6.0,Drew Sample,2026-07-31,CIN
/nfl/rankings/dynasty-te.php,dynasty-te,dp,Brevyn Spann-Ford,26003,TE,DAL,117.5,3.5,114,121,,brevyn-spann-ford.php,,,0.1,,,,,,14.0,Brevyn Spann-Ford,2026-07-31,DAL
/nfl/rankings/dynasty-te.php,dynasty-te,dp,Mo Alie-Cox,16579,TE,IND,117.5,0.5,117,118,,mo-alie-cox.php,,,0.6,,,,,,13.0,Mo Alie-Cox,2026-07-31,IND
/nfl/rankings/dynasty-te.php,dynasty-te,dp,Eric Saubert,16706,TE,SEA,119.0,10.0,109,129,,eric-saubert.php,,,0.9,,,,,,11.0,Eric Saubert,2026-07-31,SEA
/nfl/rankings/dynasty-te.php,dynasty-te,dp,Jack Stoll,23193,TE,CLE,120.5,5.5,115,126,,jack-stoll.php,,,0.0,,,,,,11.0,Jack Stoll,2026-07-31,CLE
/nfl/rankings/dynasty-te.php,dynasty-te,dp,Durham Smythe,17508,TE,BAL,122.5,5.5,117,128,,durham-smythe.php,,,0.6,,,,,,13.0,Durham Smythe,2026-07-31,BAL
/nfl/rankings/dynasty-te.php,dynasty-te,dp,James Mitchell,23174,TE,CAR,124.5,5.5,119,130,,james-mitchell.php,,,0.0,,,,,,5.0,James Mitchell,2026-07-31,CAR
/nfl/rankings/dynasty-te.php,dynasty-te,dp,Connor Heyward,24562,TE,LV,125.5,5.5,120,131,,connor-heyward.php,,,0.2,,,,,,13.0,Connor Heyward,2026-07-31,LVR
/nfl/rankings/dynasty-te.php,dynasty-te,dp,Shane Zylstra,23461,TE,BUF,127.0,5.0,122,132,,shane-zylstra.php,,,1.1,,,,,,7.0,Shane Zylstra,2026-07-31,BUF
/nfl/rankings/dynasty-te.php,dynasty-te,dp,Ian Thomas,17387,TE,LV,128.0,5.0,123,133,,ian-thomas.php,,,0.0,,,,,,13.0,Ian Thomas,2026-07-31,LVR
/nfl/rankings/dynasty-te.php,dynasty-te,dp,Teagan Quitoriano,24182,TE,ARI,129.0,5.0,124,134,,teagan-quitoriano.php,,,0.0,,,,,,14.0,Teagan Quitoriano,2026-07-31,ARI
/nfl/rankings/dynasty-te.php,dynasty-te,dp,Donald Parham Jr.,18835,TE,FA,126.0,1.0,125,127,,donald-parham.php,,,1.0,,,,,,,Donald Parham,2026-07-31,FA
/nfl/rankings/dynasty-wr.php,dynasty-wr,dp,Ja'Marr Chase,19788,WR,CIN,1.05,0.22,1,2,,jamarr-chase.php,,,99.4,,,,,,6.0,JaMarr Chase,2026-07-31,CIN
/nfl/rankings/dynasty-wr.php,dynasty-wr,dp,Jaxon Smith-Njigba,23070,WR,SEA,2.68,0.98,2,6,,jaxon-smith-njigba.php,,,99.6,,,,,,11.0,Jaxon Smith-Njigba,2026-07-31,SEA
/nfl/rankings/dynasty-wr.php,dynasty-wr,dp,Puka Nacua,23180,WR,LAR,2.68,0.46,2,3,,puka-nacua.php,,,99.5,,,,,,11.0,Puka Nacua,2026-07-31,LAR
/nfl/rankings/dynasty-wr.php,dynasty-wr,dp,Amon-Ra St. Brown,19799,WR,DET,4.74,1.21,2,7,,amonra-stbrown.php,,,99.3,,,,,,6.0,Amon-Ra St Brown,2026-07-31,DET
/nfl/rankings/dynasty-wr.php,dynasty-wr,dp,Justin Jefferson,19236,WR,MIN,5.05,1.15,3,7,,justin-jefferson.php,,,99.3,,,,,,6.0,Justin Jefferson,2026-07-31,MIN
/nfl/rankings/dynasty-wr.php,dynasty-wr,dp,Malik Nabers,25409,WR,NYG,6.42,1.98,4,11,,malik-nabers.php,,,98.2,,,,,,8.0,Malik Nabers,2026-07-31,NYG
/nfl/rankings/dynasty-wr.php,dynasty-wr,dp,CeeDee Lamb,19202,WR,DAL,6.42,1.27,5,10,,ceedee-lamb.php,,,99.4,,,,,,14.0,CeeDee Lamb,2026-07-31,DAL
/nfl/rankings/dynasty-wr.php,dynasty-wr,dp,Drake London,23163,WR,ATL,7.37,0.81,6,8,,drake-london.php,,,99.1,,,,,,11.0,Drake London,2026-07-31,ATL
/nfl/rankings/dynasty-wr.php,dynasty-wr,dp,Tetairoa McMillan,25417,WR,CAR,10.21,2.17,9,17,,tetairoa-mcmillan.php,,,97.9,,,,,,5.0,Tetairoa McMillan,2026-07-31,CAR
/nfl/rankings/dynasty-wr.php,dynasty-wr,dp,Nico Collins,20130,WR,HOU,11.0,1.65,9,15,,nico-collins.php,,,99.2,,,,,,8.0,Nico Collins,2026-07-31,HOU
/nfl/rankings/dynasty-wr.php,dynasty-wr,dp,Emeka Egbuka,23062,WR,TB,12.11,2.95,8,22,,emeka-egbuka.php,,,96.3,,,,,,10.0,Emeka Egbuka,2026-07-31,TBB
/nfl/rankings/dynasty-wr.php,dynasty-wr,dp,George Pickens,22963,WR,DAL,12.84,3.69,9,24,,george-pickens.php,,,99.2,,,,,,14.0,George Pickens,2026-07-31,DAL
/nfl/rankings/dynasty-wr.php,dynasty-wr,dp,Chris Olave,20111,WR,NO,14.26,1.97,11,18,,chris-olave.php,,,98.1,,,,,,8.0,Chris Olave,2026-07-31,NOS
/nfl/rankings/dynasty-wr.php,dynasty-wr,dp,Carnell Tate,26009,WR,TEN,15.0,2.94,11,21,,carnell-tate.php,,,93.4,,,,,,9.0,Carnell Tate,2026-07-31,TEN
/nfl/rankings/dynasty-wr.php,dynasty-wr,dp,Garrett Wilson,23072,WR,NYJ,16.16,2.96,11,21,,garrett-wilson.php,,,97.3,,,,,,13.0,Garrett Wilson,2026-07-31,NYJ
/nfl/rankings/dynasty-wr.php,dynasty-wr,dp,Ladd McConkey,26122,WR,LAC,16.79,3.05,12,24,,ladd-mcconkey.php,,,95.9,,,,,,7.0,Ladd McConkey,2026-07-31,LAC
/nfl/rankings/dynasty-wr.php,dynasty-wr,dp,DeVonta Smith,19222,WR,PHI,18.63,3.37,12,24,,devonta-smith.php,,,98.0,,,,,,10.0,DeVonta Smith,2026-07-31,PHI
/nfl/rankings/dynasty-wr.php,dynasty-wr,dp,A.J. Brown,18218,WR,NE,18.95,3.76,12,26,,aj-brown.php,,,99.2,,,,,,11.0,AJ Brown,2026-07-31,NEP
/nfl/rankings/dynasty-wr.php,dynasty-wr,dp,Luther Burden III,27016,WR,CHI,19.05,3.73,12,28,,luther-burden-iii.php,,,93.8,,,,,,10.0,Luther Burden,2026-07-31,CHI
/nfl/rankings/dynasty-wr.php,dynasty-wr,dp,Zay Flowers,22916,WR,BAL,19.42,3.63,14,29,,zay-flowers.php,,,97.1,,,,,,13.0,Zay Flowers,2026-07-31,BAL
/nfl/rankings/dynasty-wr.php,dynasty-wr,dp,Jordyn Tyson,26035,WR,NO,20.95,3.82,14,29,,jordyn-tyson.php,,,89.2,,,,,,8.0,Jordyn Tyson,2026-07-31,NOS
/nfl/rankings/dynasty-wr.php,dynasty-wr,dp,Makai Lemon,25420,WR,PHI,22.21,3.71,15,33,,makai-lemon.php,,,88.7,,,,,,10.0,Makai Lemon,2026-07-31,PHI
/nfl/rankings/dynasty-wr.php,dynasty-wr,dp,Rashee Rice,23113,WR,KC,23.26,6.27,13,36,,rashee-rice.php,,,97.9,,,,,,5.0,Rashee Rice,2026-07-31,KCC
/nfl/rankings/dynasty-wr.php,dynasty-wr,dp,Tee Higgins,19211,WR,CIN,23.26,3.57,16,29,,tee-higgins.php,,,97.6,,,,,,6.0,Tee Higgins,2026-07-31,CIN
/nfl/rankings/dynasty-wr.php,dynasty-wr,dp,Jaylen Waddle,19790,WR,DEN,23.37,2.45,19,27,,jaylen-waddle.php,,,95.7,,,,,,10.0,Jaylen Waddle,2026-07-31,DEN
/nfl/rankings/dynasty-wr.php,dynasty-wr,dp,Rome Odunze,25411,WR,CHI,24.63,3.87,16,31,,rome-odunze.php,,,92.4,,,,,,10.0,Rome Odunze,2026-07-31,CHI
/nfl/rankings/dynasty-wr.php,dynasty-wr,dp,Marvin Harrison Jr.,23064,WR,ARI,26.68,3.23,21,32,,marvin-harrison-jr.php,,,90.6,,,,,,14.0,Marvin Harrison,2026-07-31,ARI
/nfl/rankings/dynasty-wr.php,dynasty-wr,dp,Jameson Williams,23677,WR,DET,26.79,3.14,21,34,,jameson-williams.php,,,95.1,,,,,,6.0,Jameson Williams,2026-07-31,DET
/nfl/rankings/dynasty-wr.php,dynasty-wr,dp,Brian Thomas Jr.,23000,WR,JAC,28.16,3.13,22,34,,brian-thomas-jr.php,,,89.6,,,,,,7.0,Brian Thomas,2026-07-31,JAC
/nfl/rankings/dynasty-wr.php,dynasty-wr,dp,Christian Watson,23886,WR,GB,30.63,4.93,24,45,,christian-watson.php,,,91.6,,,,,,11.0,Christian Watson,2026-07-31,GBP
/nfl/rankings/dynasty-wr.php,dynasty-wr,dp,KC Concepcion,27331,WR,CLE,31.95,5.42,23,45,,kevin-concepcion.php,,,68.0,,,,,,11.0,KC Concepcion,2026-07-31,CLE
/nfl/rankings/dynasty-wr.php,dynasty-wr,dp,Terry McLaurin,18466,WR,WAS,33.05,2.16,28,37,,terry-mclaurin.php,,,95.3,,,,,,7.0,Terry McLaurin,2026-07-31,WAS
/nfl/rankings/dynasty-wr.php,dynasty-wr,dp,Alec Pierce,23791,WR,IND,34.47,4.37,27,44,,alec-pierce.php,,,90.3,,,,,,13.0,Alec Pierce,2026-07-31,IND
/nfl/rankings/dynasty-wr.php,dynasty-wr,dp,DJ Moore,17265,WR,BUF,34.63,3.5,27,41,,dj-moore-wr.php,,,93.4,,,,,,7.0,DJ Moore,2026-07-31,BUF
/nfl/rankings/dynasty-wr.php,dynasty-wr,dp,Jordan Addison,23107,WR,MIN,36.63,3.63,31,44,,jordan-addison.php,,,84.0,,,,,,6.0,Jordan Addison,2026-07-31,MIN
/nfl/rankings/dynasty-wr.php,dynasty-wr,dp,DK Metcalf,18219,WR,PIT,37.63,2.92,31,43,,dk-metcalf.php,,,92.2,,,,,,9.0,DK Metcalf,2026-07-31,PIT
/nfl/rankings/dynasty-wr.php,dynasty-wr,dp,Omar Cooper Jr.,28127,WR,NYJ,39.11,7.04,30,53,,omar-cooper-jr.php,,,42.1,,,,,,13.0,Omar Cooper,2026-07-31,NYJ
/nfl/rankings/dynasty-wr.php,dynasty-wr,dp,Parker Washington,23106,WR,JAC,40.95,8.71,30,60,,parker-washington.php,,,88.4,,,,,,7.0,Parker Washington,2026-07-31,JAC
/nfl/rankings/dynasty-wr.php,dynasty-wr,dp,Michael Wilson,25333,WR,ARI,41.37,5.79,31,54,,michael-wilson.php,,,86.6,,,,,,14.0,Michael Wilson,2026-07-31,ARI
/nfl/rankings/dynasty-wr.php,dynasty-wr,dp,Wan'Dale Robinson,22985,WR,TEN,42.0,4.87,34,55,,wandale-robinson.php,,,77.3,,,,,,9.0,WanDale Robinson,2026-07-31,TEN
/nfl/rankings/dynasty-wr.php,dynasty-wr,dp,Ricky Pearsall,26214,WR,SF,43.53,6.91,34,64,,ricky-pearsall.php,,,83.4,,,,,,8.0,Ricky Pearsall,2026-07-31,SFO
/nfl/rankings/dynasty-wr.php,dynasty-wr,dp,Jayden Higgins,27077,WR,HOU,43.53,5.04,36,55,,jayden-higgins.php,,,50.1,,,,,,8.0,Jayden Higgins,2026-07-31,HOU
/nfl/rankings/dynasty-wr.php,dynasty-wr,dp,Josh Downs,24706,WR,IND,44.16,4.92,36,57,,josh-downs.php,,,81.5,,,,,,13.0,Josh Downs,2026-07-31,IND
/nfl/rankings/dynasty-wr.php,dynasty-wr,dp,Davante Adams,12123,WR,LAR,44.21,6.19,34,54,,davante-adams.php,,,97.3,,,,,,11.0,Davante Adams,2026-07-31,LAR
/nfl/rankings/dynasty-wr.php,dynasty-wr,dp,Michael Pittman Jr.,19278,WR,PIT,44.47,4.39,38,52,,michael-pittman.php,,,87.7,,,,,,9.0,Michael Pittman,2026-07-31,PIT
/nfl/rankings/dynasty-wr.php,dynasty-wr,dp,Mike Evans,12119,WR,SF,45.05,3.59,38,51,,mike-evans.php,,,93.0,,,,,,8.0,Mike Evans,2026-07-31,SFO
/nfl/rankings/dynasty-wr.php,dynasty-wr,dp,Denzel Boston,27339,WR,CLE,46.42,6.21,36,58,,denzel-boston.php,,,36.7,,,,,,11.0,Denzel Boston,2026-07-31,CLE
/nfl/rankings/dynasty-wr.php,dynasty-wr,dp,Courtland Sutton,17253,WR,DEN,46.58,4.73,37,56,,courtland-sutton.php,,,89.8,,,,,,10.0,Courtland Sutton,2026-07-31,DEN
/nfl/rankings/dynasty-wr.php,dynasty-wr,dp,Xavier Worthy,23019,WR,KC,47.74,7.14,32,65,,xavier-worthy.php,,,77.2,,,,,,5.0,Xavier Worthy,2026-07-31,KCC
/nfl/rankings/dynasty-wr.php,dynasty-wr,dp,Jayden Reed,23020,WR,GB,49.68,5.0,38,59,,jayden-reed.php,,,78.3,,,,,,11.0,Jayden Reed,2026-07-31,GBP
/nfl/rankings/dynasty-wr.php,dynasty-wr,dp,Quentin Johnston,23123,WR,LAC,50.16,5.41,39,62,,quentin-johnston.php,,,82.4,,,,,,7.0,Quentin Johnston,2026-07-31,LAC
/nfl/rankings/dynasty-wr.php,dynasty-wr,dp,Matthew Golden,26024,WR,GB,50.21,4.79,39,59,,matthew-golden.php,,,69.4,,,,,,11.0,Matthew Golden,2026-07-31,GBP
/nfl/rankings/dynasty-wr.php,dynasty-wr,dp,Chris Godwin Jr.,16406,WR,TB,51.68,5.22,39,59,,chris-godwin.php,,,87.2,,,,,,10.0,Chris Godwin,2026-07-31,TBB
/nfl/rankings/dynasty-wr.php,dynasty-wr,dp,Jakobi Meyers,18598,WR,JAC,51.89,5.11,43,60,,jakobi-meyers.php,,,83.0,,,,,,7.0,Jakobi Meyers,2026-07-31,JAC
/nfl/rankings/dynasty-wr.php,dynasty-wr,dp,Travis Hunter,26034,WR,JAC,54.95,8.49,38,69,,travis-hunter.php,,,67.3,,,,,,7.0,Travis Hunter,2026-07-31,JAC
/nfl/rankings/dynasty-wr.php,dynasty-wr,dp,Antonio Williams,25418,WR,WAS,55.74,4.22,49,66,,antonio-williams-wr.php,,,28.8,,,,,,7.0,Antonio Williams,2026-07-31,WAS
/nfl/rankings/dynasty-wr.php,dynasty-wr,dp,Romeo Doubs,23794,WR,NE,57.42,7.24,44,72,,romeo-doubs.php,,,69.0,,,,,,11.0,Romeo Doubs,2026-07-31,NEP
/nfl/rankings/dynasty-wr.php,dynasty-wr,dp,Jalen Coker,26403,WR,CAR,58.95,2.58,55,64,,jalen-coker.php,,,49.1,,,,,,5.0,Jalen Coker,2026-07-31,CAR
/nfl/rankings/dynasty-wr.php,dynasty-wr,dp,Khalil Shakir,23748,WR,BUF,59.0,3.39,52,67,,khalil-shakir.php,,,67.1,,,,,,7.0,Khalil Shakir,2026-07-31,BUF
/nfl/rankings/dynasty-wr.php,dynasty-wr,dp,Chris Bell,26038,WR,MIA,63.58,15.22,51,124,,chris-bell.php,,,19.8,,,,,,6.0,Chris Bell,2026-07-31,MIA
/nfl/rankings/dynasty-wr.php,dynasty-wr,dp,Tre' Harris,26215,WR,LAC,65.53,10.04,52,93,,tre-harris.php,,,18.9,,,,,,7.0,Tre Harris,2026-07-31,LAC
/nfl/rankings/dynasty-wr.php,dynasty-wr,dp,Jalen McMillan,23179,WR,TB,66.0,7.5,56,84,,jalen-mcmillan.php,,,34.9,,,,,,10.0,Jalen McMillan,2026-07-31,TBB
/nfl/rankings/dynasty-wr.php,dynasty-wr,dp,Rashid Shaheed,24687,WR,SEA,67.11,7.5,55,91,,rashid-shaheed.php,,,46.7,,,,,,11.0,Rashid Shaheed,2026-07-31,SEA
/nfl/rankings/dynasty-wr.php,dynasty-wr,dp,De'Zhaun Stribling,28138,WR,SF,67.28,11.0,50,100,,dezhaun-stribling.php,,,21.4,,,,,,8.0,DeZhaun Stribling,2026-07-31,SFO
/nfl/rankings/dynasty-wr.php,dynasty-wr,dp,Ted Hurst III,28130,WR,TB,72.18,12.52,60,106,,ted-hurst.php,,,17.3,,,,,,10.0,Ted Hurst,2026-07-31,TBB
/nfl/rankings/dynasty-wr.php,dynasty-wr,dp,Germie Bernard,26039,WR,PIT,64.72,7.05,54,79,,germie-bernard.php,,,20.1,,,,,,9.0,Germie Bernard,2026-07-31,PIT
/nfl/rankings/dynasty-wr.php,dynasty-wr,dp,Jauan Jennings,19590,WR,MIN,68.06,6.71,59,88,,jauan-jennings.php,,,36.2,,,,,,6.0,Jauan Jennings,2026-07-31,MIN
/nfl/rankings/dynasty-wr.php,dynasty-wr,dp,Jaylin Noel,27122,WR,HOU,68.22,7.94,54,83,,jaylin-noel.php,,,13.8,,,,,,8.0,Jaylin Noel,2026-07-31,HOU
/nfl/rankings/dynasty-wr.php,dynasty-wr,dp,Troy Franklin,23092,WR,DEN,78.63,9.75,63,96,,troy-franklin.php,,,16.6,,,,,,10.0,Troy Franklin,2026-07-31,DEN
/nfl/rankings/dynasty-wr.php,dynasty-wr,dp,Elijah Sarratt,27463,WR,BAL,71.44,9.24,57,94,,elijah-sarratt.php,,,16.3,,,,,,13.0,Elijah Sarratt,2026-07-31,BAL
/nfl/rankings/dynasty-wr.php,dynasty-wr,dp,Adonai Mitchell,24357,WR,NYJ,74.89,5.22,66,84,,adonai-mitchell.php,,,21.1,,,,,,13.0,Adonai Mitchell,2026-07-31,NYJ
/nfl/rankings/dynasty-wr.php,dynasty-wr,dp,Jerry Jeudy,19201,WR,CLE,76.0,6.92,66,96,,jerry-jeudy.php,,,34.6,,,,,,11.0,Jerry Jeudy,2026-07-31,CLE
/nfl/rankings/dynasty-wr.php,dynasty-wr,dp,Pat Bryant,27211,WR,DEN,78.67,7.47,68,97,,pat-bryant.php,,,14.4,,,,,,10.0,Pat Bryant,2026-07-31,DEN
/nfl/rankings/dynasty-wr.php,dynasty-wr,dp,Zachariah Branch,25419,WR,ATL,79.72,15.07,65,117,,zachariah-branch.php,,,22.7,,,,,,11.0,Zachariah Branch,2026-07-31,ATL
/nfl/rankings/dynasty-wr.php,dynasty-wr,dp,Stefon Diggs,13981,WR,FA,71.94,6.56,62,86,,stefon-diggs.php,,,52.3,,,,,,,Stefon Diggs,2026-07-31,FA
/nfl/rankings/dynasty-wr.php,dynasty-wr,dp,Isaac TeSlaa,27446,WR,DET,80.67,7.61,66,94,,isaac-teslaa.php,,,22.5,,,,,,6.0,Isaac TeSlaa,2026-07-31,DET
/nfl/rankings/dynasty-wr.php,dynasty-wr,dp,Tory Horton,26022,WR,SEA,88.11,15.36,65,140,,tory-horton.php,,,13.3,,,,,,11.0,Tory Horton,2026-07-31,SEA
/nfl/rankings/dynasty-wr.php,dynasty-wr,dp,Malachi Fields,27994,WR,NYG,81.5,11.49,65,113,,malachi-fields.php,,,17.1,,,,,,8.0,Malachi Fields,2026-07-31,NYG
/nfl/rankings/dynasty-wr.php,dynasty-wr,dp,Jack Bech,27224,WR,LV,84.44,9.38,63,103,,jack-bech.php,,,12.2,,,,,,13.0,Jack Bech,2026-07-31,LVR
/nfl/rankings/dynasty-wr.php,dynasty-wr,dp,Kayshon Boutte,22989,WR,NE,78.06,6.39,67,93,,kayshon-boutte.php,,,21.6,,,,,,11.0,Kayshon Boutte,2026-07-31,NEP
/nfl/rankings/dynasty-wr.php,dynasty-wr,dp,Tank Dell,25361,WR,HOU,86.17,9.79,73,103,,nathaniel-dell.php,,,24.0,,,,,,8.0,Tank Dell,2026-07-31,HOU
/nfl/rankings/dynasty-wr.php,dynasty-wr,dp,Chimere Dike,27315,WR,TEN,86.5,8.18,75,113,,chimere-dike.php,,,14.7,,,,,,9.0,Chimere Dike,2026-07-31,TEN
/nfl/rankings/dynasty-wr.php,dynasty-wr,dp,Elic Ayomanor,27059,WR,TEN,86.78,10.23,70,111,,elic-ayomanor.php,,,11.1,,,,,,9.0,Elic Ayomanor,2026-07-31,TEN
/nfl/rankings/dynasty-wr.php,dynasty-wr,dp,Ja'Kobi Lane,27337,WR,BAL,88.39,15.11,66,121,,jakobi-lane.php,,,19.6,,,,,,13.0,JaKobi Lane,2026-07-31,BAL
/nfl/rankings/dynasty-wr.php,dynasty-wr,dp,Dontayvion Wicks,24354,WR,PHI,89.11,7.26,79,110,,dontayvion-wicks.php,,,12.2,,,,,,10.0,Dontayvion Wicks,2026-07-31,PHI
/nfl/rankings/dynasty-wr.php,dynasty-wr,dp,Jalen Nailor,24177,WR,LV,83.76,14.36,63,134,,jalen-nailor.php,,,31.0,,,,,,13.0,Jalen Nailor,2026-07-31,LVR
/nfl/rankings/dynasty-wr.php,dynasty-wr,dp,Deebo Samuel Sr.,18244,WR,SF,83.88,10.34,61,107,,deebo-samuel.php,,,32.6,,,,,,8.0,Deebo Samuel,2026-07-31,SFO
/nfl/rankings/dynasty-wr.php,dynasty-wr,dp,Chris Brazzell II,28047,WR,CAR,84.65,16.25,66,133,,chris-brazzell-ii.php,,,14.4,,,,,,5.0,Chris Brazzell,2026-07-31,CAR
/nfl/rankings/dynasty-wr.php,dynasty-wr,dp,Ryan Flournoy,26398,WR,DAL,92.33,11.52,75,114,,ryan-flournoy.php,,,17.7,,,,,,14.0,Ryan Flournoy,2026-07-31,DAL
/nfl/rankings/dynasty-wr.php,dynasty-wr,dp,Keon Coleman,26019,WR,BUF,92.83,9.79,76,110,,keon-coleman.php,,,11.8,,,,,,7.0,Keon Coleman,2026-07-31,BUF
/nfl/rankings/dynasty-wr.php,dynasty-wr,dp,Skyler Bell,28126,WR,BUF,78.69,9.5,65,98,,skyler-bell.php,,,13.8,,,,,,7.0,Skyler Bell,2026-07-31,BUF
/nfl/rankings/dynasty-wr.php,dynasty-wr,dp,Marvin Mims Jr.,23080,WR,DEN,98.56,7.97,83,111,,marvin-mims.php,,,10.5,,,,,,10.0,Marvin Mims,2026-07-31,DEN
/nfl/rankings/dynasty-wr.php,dynasty-wr,dp,Calvin Ridley,17258,WR,TEN,92.29,10.4,64,109,,calvin-ridley.php,,,24.2,,,,,,9.0,Calvin Ridley,2026-07-31,TEN
/nfl/rankings/dynasty-wr.php,dynasty-wr,dp,Kyle Williams,27487,WR,NE,92.71,6.44,80,108,,kyle-williams-wr-2025.php,,,7.4,,,,,,11.0,Kyle Williams,2026-07-31,NEP
/nfl/rankings/dynasty-wr.php,dynasty-wr,dp,Brandon Aiyuk,19252,WR,SF,77.67,15.92,48,103,,brandon-aiyuk.php,,,27.2,,,,,,8.0,Brandon Aiyuk,2026-07-31,SFO
/nfl/rankings/dynasty-wr.php,dynasty-wr,dp,Malik Washington,26314,WR,MIA,94.82,9.43,78,113,,malik-washington.php,,,19.6,,,,,,6.0,Malik Washington,2026-07-31,MIA
/nfl/rankings/dynasty-wr.php,dynasty-wr,dp,Darnell Mooney,19810,WR,NYG,95.24,8.52,82,120,,darnell-mooney.php,,,17.2,,,,,,8.0,Darnell Mooney,2026-07-31,NYG
/nfl/rankings/dynasty-wr.php,dynasty-wr,dp,Tre Tucker,25337,WR,LV,96.41,10.24,77,120,,tre-tucker.php,,,25.3,,,,,,13.0,Tre Tucker,2026-07-31,LVR
/nfl/rankings/dynasty-wr.php,dynasty-wr,dp,Bryce Lance,28129,WR,NO,94.75,11.84,77,121,,bryce-lance.php,,,4.0,,,,,,8.0,Bryce Lance,2026-07-31,NOS
/nfl/rankings/dynasty-wr.php,dynasty-wr,dp,DeMario Douglas,25304,WR,NE,109.22,16.0,88,148,,demario-douglas.php,,,5.5,,,,,,11.0,Demario Douglas,2026-07-31,NEP
/nfl/rankings/dynasty-wr.php,dynasty-wr,dp,Rashod Bateman,19794,WR,BAL,97.88,9.57,82,116,,rashod-bateman.php,,,10.2,,,,,,13.0,Rashod Bateman,2026-07-31,BAL
/nfl/rankings/dynasty-wr.php,dynasty-wr,dp,Christian Kirk,17268,WR,SF,105.0,10.91,83,124,,christian-kirk.php,,,13.0,,,,,,8.0,Christian Kirk,2026-07-31,SFO
/nfl/rankings/dynasty-wr.php,dynasty-wr,dp,Cooper Kupp,16433,WR,SEA,110.06,11.32,90,135,,cooper-kupp.php,,,16.9,,,,,,11.0,Cooper Kupp,2026-07-31,SEA
/nfl/rankings/dynasty-wr.php,dynasty-wr,dp,Xavier Legette,26136,WR,CAR,109.81,10.49,102,149,,xavier-legette.php,,,2.7,,,,,,5.0,Xavier Legette,2026-07-31,CAR
/nfl/rankings/dynasty-wr.php,dynasty-wr,dp,Hollywood Brown,18226,WR,PHI,109.94,12.37,95,142,,marquise-brown.php,,,5.7,,,,,,10.0,Marquise Brown,2026-07-31,PHI
/nfl/rankings/dynasty-wr.php,dynasty-wr,dp,Tez Johnson,27147,WR,TB,105.73,10.27,88,130,,tez-johnson.php,,,2.2,,,,,,10.0,Tez Johnson,2026-07-31,TBB
/nfl/rankings/dynasty-wr.php,dynasty-wr,dp,Isaiah Bond,24371,WR,CLE,114.63,11.24,104,141,,isaiah-bond.php,,,3.0,,,,,,11.0,Isaiah Bond,2026-07-31,CLE
/nfl/rankings/dynasty-wr.php,dynasty-wr,dp,Tyreek Hill,15802,WR,FA,94.85,7.71,83,110,,tyreek-hill.php,,,31.9,,,,,,,Tyreek Hill,2026-07-31,FA
/nfl/rankings/dynasty-wr.php,dynasty-wr,dp,Cedric Tillman,25287,WR,CLE,111.33,10.67,87,127,,cedric-tillman.php,,,1.1,,,,,,11.0,Cedric Tillman,2026-07-31,CLE
/nfl/rankings/dynasty-wr.php,dynasty-wr,dp,Devaughn Vele,26409,WR,NO,116.07,12.17,99,141,,devaughn-vele.php,,,8.9,,,,,,8.0,Devaughn Vele,2026-07-31,NOS
/nfl/rankings/dynasty-wr.php,dynasty-wr,dp,Caleb Douglas,28135,WR,MIA,109.58,9.52,94,123,,caleb-douglas.php,,,4.4,,,,,,6.0,Caleb Douglas,2026-07-31,MIA
/nfl/rankings/dynasty-wr.php,dynasty-wr,dp,Kevin Coleman Jr.,28067,WR,MIA,100.82,10.79,83,129,,kevin-coleman-jr.php,,,2.6,,,,,,6.0,Kevin Coleman,2026-07-31,MIA
/nfl/rankings/dynasty-wr.php,dynasty-wr,dp,Jalen Royals,27076,WR,KC,115.58,15.52,92,154,,jalen-royals.php,,,1.9,,,,,,5.0,Jalen Royals,2026-07-31,KCC
/nfl/rankings/dynasty-wr.php,dynasty-wr,dp,Andrei Iosivas,25335,WR,CIN,118.92,7.35,107,133,,andrei-iosivas.php,,,6.2,,,,,,6.0,Andrei Iosivas,2026-07-31,CIN
/nfl/rankings/dynasty-wr.php,dynasty-wr,dp,Brenen Thompson,28133,WR,LAC,101.3,8.68,87,121,,brenen-thompson.php,,,3.8,,,,,,7.0,Brenen Thompson,2026-07-31,LAC
/nfl/rankings/dynasty-wr.php,dynasty-wr,dp,Jalen Tolbert,23770,WR,MIA,124.92,15.55,105,152,,jalen-tolbert.php,,,4.8,,,,,,6.0,Jalen Tolbert,2026-07-31,MIA
/nfl/rankings/dynasty-wr.php,dynasty-wr,dp,Darius Slayton,18706,WR,NYG,116.91,11.8,99,137,,darius-slayton.php,,,6.0,,,,,,8.0,Darius Slayton,2026-07-31,NYG
/nfl/rankings/dynasty-wr.php,dynasty-wr,dp,Keenan Allen,11616,WR,LAC,118.73,15.92,98,155,,keenan-allen.php,,,9.1,,,,,,7.0,Keenan Allen,2026-07-31,LAC
/nfl/rankings/dynasty-wr.php,dynasty-wr,dp,Jordan Whittington,23135,WR,LAR,131.42,10.19,113,144,,jordan-whittington.php,,,0.8,,,,,,11.0,Jordan Whittington,2026-07-31,LAR
/nfl/rankings/dynasty-wr.php,dynasty-wr,dp,Tyquan Thornton,22913,WR,KC,115.6,13.77,102,153,,tyquan-thornton.php,,,6.4,,,,,,5.0,Tyquan Thornton,2026-07-31,KCC
/nfl/rankings/dynasty-wr.php,dynasty-wr,dp,Luke McCaffrey,26328,WR,WAS,125.55,12.24,104,141,,luke-mccaffrey.php,,,1.2,,,,,,7.0,Luke McCaffrey,2026-07-31,WAS
/nfl/rankings/dynasty-wr.php,dynasty-wr,dp,Jaylin Lane,27454,WR,WAS,126.09,10.37,111,145,,jaylin-lane.php,,,2.9,,,,,,7.0,Jaylin Lane,2026-07-31,WAS
/nfl/rankings/dynasty-wr.php,dynasty-wr,dp,Dont'e Thornton Jr.,27288,WR,LV,127.09,10.84,111,144,,donte-thornton-jr.php,,,1.8,,,,,,13.0,Donte Thornton,2026-07-31,LVR
/nfl/rankings/dynasty-wr.php,dynasty-wr,dp,Joshua Palmer,22845,WR,BUF,126.2,10.73,102,142,,josh-palmer.php,,,1.2,,,,,,7.0,Josh Palmer,2026-07-31,BUF
/nfl/rankings/dynasty-wr.php,dynasty-wr,dp,Tutu Atwell,20126,WR,MIA,124.78,13.59,108,150,,tutu-atwell.php,,,2.2,,,,,,6.0,Tutu Atwell,2026-07-31,MIA
/nfl/rankings/dynasty-wr.php,dynasty-wr,dp,Jahan Dotson,23101,WR,ATL,134.8,19.66,109,183,,jahan-dotson.php,,,4.0,,,,,,11.0,Jahan Dotson,2026-07-31,ATL
/nfl/rankings/dynasty-wr.php,dynasty-wr,dp,Calvin Austin III,23739,WR,NYG,126.33,14.2,105,151,,calvin-austin.php,,,2.4,,,,,,8.0,Calvin Austin,2026-07-31,NYG
/nfl/rankings/dynasty-wr.php,dynasty-wr,dp,Savion Williams,27144,WR,GB,126.78,11.68,112,153,,savion-williams.php,,,1.7,,,,,,11.0,Savion Williams,2026-07-31,GBP
/nfl/rankings/dynasty-wr.php,dynasty-wr,dp,Konata Mumpfield,27449,WR,LAR,117.13,16.47,95,148,,konata-mumpfield.php,,,1.2,,,,,,11.0,Konata Mumpfield,2026-07-31,LAR
/nfl/rankings/dynasty-wr.php,dynasty-wr,dp,KeAndre Lambert-Smith,24372,WR,LAC,133.89,9.42,118,146,,keandre-lambert-smith.php,,,0.7,,,,,,7.0,KeAndre Lambert-Smith,2026-07-31,LAC
/nfl/rankings/dynasty-wr.php,dynasty-wr,dp,Deion Burks,27093,WR,IND,124.25,14.28,104,152,,deion-burks.php,,,2.1,,,,,,13.0,Deion Burks,2026-07-31,IND
/nfl/rankings/dynasty-wr.php,dynasty-wr,dp,Zavion Thomas,28132,WR,CHI,124.75,10.26,103,137,,zavion-thomas.php,,,5.1,,,,,,10.0,Zavion Thomas,2026-07-31,CHI
/nfl/rankings/dynasty-wr.php,dynasty-wr,dp,John Metchie III,22895,WR,CAR,137.11,11.36,117,161,,john-metchie.php,,,1.8,,,,,,5.0,John Metchie,2026-07-31,CAR
/nfl/rankings/dynasty-wr.php,dynasty-wr,dp,Cyrus Allen,28424,WR,KC,126.0,11.14,110,147,,cyrus-allen.php,,,2.6,,,,,,5.0,Cyrus Allen,2026-07-31,KCC
/nfl/rankings/dynasty-wr.php,dynasty-wr,dp,Dyami Brown,20113,WR,WAS,144.5,10.39,125,159,,dyami-brown.php,,,0.9,,,,,,7.0,Dyami Brown,2026-07-31,WAS
/nfl/rankings/dynasty-wr.php,dynasty-wr,dp,Mack Hollins,16489,WR,NE,134.57,12.27,116,150,,mack-hollins.php,,,2.9,,,,,,11.0,Mack Hollins,2026-07-31,NEP
/nfl/rankings/dynasty-wr.php,dynasty-wr,dp,Treylon Burks,22905,WR,WAS,144.75,7.28,135,154,,treylon-burks.php,,,3.6,,,,,,7.0,Treylon Burks,2026-07-31,WAS
/nfl/rankings/dynasty-wr.php,dynasty-wr,dp,KaVontae Turpin,18520,WR,DAL,146.0,12.59,119,161,,kavontae-turpin.php,,,4.8,,,,,,14.0,KaVontae Turpin,2026-07-31,DAL
/nfl/rankings/dynasty-wr.php,dynasty-wr,dp,Devontez Walker,26011,WR,BAL,138.86,12.18,117,152,,devontez-walker.php,,,0.9,,,,,,13.0,Devontez Walker,2026-07-31,BAL
/nfl/rankings/dynasty-wr.php,dynasty-wr,dp,Kendrick Bourne,17066,WR,ARI,149.75,10.69,126,160,,kendrick-bourne.php,,,3.1,,,,,,14.0,Kendrick Bourne,2026-07-31,ARI
/nfl/rankings/dynasty-wr.php,dynasty-wr,dp,CJ Daniels,28125,WR,LAR,129.33,14.45,106,148,,cj-daniels.php,,,1.9,,,,,,11.0,CJ Daniels,2026-07-31,LAR
/nfl/rankings/dynasty-wr.php,dynasty-wr,dp,Josh Cameron,28137,WR,JAC,131.33,11.12,118,152,,josh-cameron.php,,,1.6,,,,,,7.0,Josh Cameron,2026-07-31,JAC
/nfl/rankings/dynasty-wr.php,dynasty-wr,dp,Olamide Zaccheaus,18864,WR,ATL,149.29,7.76,137,160,,olamide-zaccheaus.php,,,4.6,,,,,,11.0,Olamide Zaccheaus,2026-07-31,ATL
/nfl/rankings/dynasty-wr.php,dynasty-wr,dp,Ja'Lynn Polk,26205,WR,NO,138.67,19.61,106,173,,jalynn-polk.php,,,0.6,,,,,,8.0,JaLynn Polk,2026-07-31,NOS
/nfl/rankings/dynasty-wr.php,dynasty-wr,dp,Malik Benson,26012,WR,LV,125.2,9.7,113,135,,malik-benson.php,,,1.5,,,,,,13.0,Malik Benson,2026-07-31,LVR
/nfl/rankings/dynasty-wr.php,dynasty-wr,dp,Tai Felton,27182,WR,MIN,144.0,8.1,126,149,,tai-felton.php,,,0.7,,,,,,6.0,Tai Felton,2026-07-31,MIN
/nfl/rankings/dynasty-wr.php,dynasty-wr,dp,Aaron Anderson,27500,WR,CLE,135.8,21.61,107,162,,aaron-anderson.php,,,1.2,,,,,,11.0,Aaron Anderson,2026-07-31,CLE
/nfl/rankings/dynasty-wr.php,dynasty-wr,dp,Jeff Caldwell,28425,WR,KC,136.8,6.91,126,145,,jeff-caldwell.php,,,2.1,,,,,,5.0,Jeff Caldwell,2026-07-31,KCC
/nfl/rankings/dynasty-wr.php,dynasty-wr,dp,Xavier Hutchinson,25332,WR,HOU,151.33,11.09,139,172,,xavier-hutchinson.php,,,1.4,,,,,,8.0,Xavier Hutchinson,2026-07-31,HOU
/nfl/rankings/dynasty-wr.php,dynasty-wr,dp,Tyren Montgomery,28423,WR,TEN,138.8,7.25,128,149,,tyren-montgomery.php,,,0.0,,,,,,9.0,Tyren Montgomery,2026-07-31,TEN
/nfl/rankings/dynasty-wr.php,dynasty-wr,dp,Jimmy Horn Jr.,27294,WR,CAR,151.83,11.2,136,166,,jimmy-horn-jr.php,,,0.6,,,,,,5.0,Jimmy Horn,2026-07-31,CAR
/nfl/rankings/dynasty-wr.php,dynasty-wr,dp,Jordan Watkins,27486,WR,SF,152.17,12.42,136,174,,jordan-watkins.php,,,1.0,,,,,,8.0,Jordan Watkins,2026-07-31,SFO
/nfl/rankings/dynasty-wr.php,dynasty-wr,dp,Barion Brown,25416,WR,NO,140.8,6.91,130,151,,barion-brown.php,,,1.1,,,,,,8.0,Barion Brown,2026-07-31,NOS
/nfl/rankings/dynasty-wr.php,dynasty-wr,dp,Greg Dortch,18585,WR,DET,162.29,15.91,144,192,,greg-dortch.php,,,1.3,,,,,,6.0,Greg Dortch,2026-07-31,DET
/nfl/rankings/dynasty-wr.php,dynasty-wr,dp,Eric Rivers Jr.,28128,WR,TB,141.4,11.99,124,156,,eric-rivers.php,,,1.0,,,,,,10.0,Eric Rivers,2026-07-31,TBB
/nfl/rankings/dynasty-wr.php,dynasty-wr,dp,Reggie Virgil,28141,WR,ARI,145.6,13.23,128,160,,reggie-virgil.php,,,0.7,,,,,,14.0,Reggie Virgil,2026-07-31,ARI
/nfl/rankings/dynasty-wr.php,dynasty-wr,dp,Demarcus Robinson,15665,WR,SF,160.33,12.89,143,177,,demarcus-robinson.php,,,0.8,,,,,,8.0,Demarcus Robinson,2026-07-31,SFO
/nfl/rankings/dynasty-wr.php,dynasty-wr,dp,Efton Chism III,27445,WR,NE,155.8,7.68,143,165,,efton-chismi.php,,,0.8,,,,,,11.0,Efton Chism,2026-07-31,NEP
/nfl/rankings/dynasty-wr.php,dynasty-wr,dp,Jalin Hyatt,25251,WR,NYG,157.4,22.33,116,178,,jalin-hyatt.php,,,2.6,,,,,,8.0,Jalin Hyatt,2026-07-31,NYG
/nfl/rankings/dynasty-wr.php,dynasty-wr,dp,DeAndre Hopkins,11606,WR,BAL,158.0,13.75,142,176,,deandre-hopkins.php,,,0.6,,,,,,13.0,DeAndre Hopkins,2026-07-31,BAL
/nfl/rankings/dynasty-wr.php,dynasty-wr,dp,Eric McAlister,28134,WR,FA,158.0,6.6,147,165,,eric-mcalister.php,,,4.0,,,,,,,Eric McAlister,2026-07-31,FA
/nfl/rankings/dynasty-wr.php,dynasty-wr,dp,Elijah Moore,20114,WR,PHI,144.25,15.43,122,161,,elijah-moore.php,,,0.6,,,,,,10.0,Elijah Moore,2026-07-31,PHI
/nfl/rankings/dynasty-wr.php,dynasty-wr,dp,Kaden Wetjen,28435,WR,PIT,145.0,13.19,131,161,,kaden-wetjen.php,,,0.7,,,,,,9.0,Kaden Wetjen,2026-07-31,PIT
/nfl/rankings/dynasty-wr.php,dynasty-wr,dp,Jacob Cowing,25289,WR,SF,160.4,11.69,141,175,,jacob-cowing.php,,,0.6,,,,,,8.0,Jacob Cowing,2026-07-31,SFO
/nfl/rankings/dynasty-wr.php,dynasty-wr,dp,Kalif Raymond,16081,WR,CHI,147.75,19.99,117,171,,kalif-raymond.php,,,0.9,,,,,,10.0,Kalif Raymond,2026-07-31,CHI
/nfl/rankings/dynasty-wr.php,dynasty-wr,dp,Van Jefferson,19483,WR,WAS,163.6,15.91,132,175,,van-jefferson.php,,,0.9,,,,,,7.0,Van Jefferson,2026-07-31,WAS
/nfl/rankings/dynasty-wr.php,dynasty-wr,dp,Kendrick Law,26044,WR,DET,129.67,14.66,116,150,,kendrick-law.php,,,1.5,,,,,,6.0,Kendrick Law,2026-07-31,DET
/nfl/rankings/dynasty-wr.php,dynasty-wr,dp,Jake Bobo,25339,WR,SEA,151.25,25.75,119,191,,jake-bobo.php,,,0.6,,,,,,11.0,Jake Bobo,2026-07-31,SEA
/nfl/rankings/dynasty-wr.php,dynasty-wr,dp,Nick Westbrook-Ikhine,19747,WR,IND,152.25,13.39,138,168,,nick-westbrook.php,,,1.6,,,,,,13.0,Nick Westbrook-Ikhine,2026-07-31,IND
/nfl/rankings/dynasty-wr.php,dynasty-wr,dp,Malachi Corley,26023,WR,CLE,165.6,12.22,155,189,,malachi-corley.php,,,0.6,,,,,,11.0,Malachi Corley,2026-07-31,CLE
/nfl/rankings/dynasty-wr.php,dynasty-wr,dp,Colbie Young,26037,WR,CIN,134.0,15.3,119,155,,colbie-young.php,,,1.5,,,,,,6.0,Colbie Young,2026-07-31,CIN
/nfl/rankings/dynasty-wr.php,dynasty-wr,dp,Xavier Restrepo,27066,WR,TEN,167.6,4.67,160,173,,xavier-restrepo.php,,,1.1,,,,,,9.0,Xavier Restrepo,2026-07-31,TEN
/nfl/rankings/dynasty-wr.php,dynasty-wr,dp,Jahdae Walker,27810,WR,CHI,147.0,22.55,125,178,,jahdae-walker.php,,,0.9,,,,,,10.0,Jahdae Walker,2026-07-31,CHI
/nfl/rankings/dynasty-wr.php,dynasty-wr,dp,Dane Key,26015,WR,DEN,167.5,10.92,154,184,,dane-key.php,,,1.0,,,,,,10.0,Dane Key,2026-07-31,DEN
/nfl/rankings/dynasty-wr.php,dynasty-wr,dp,Curtis Samuel,16434,WR,FA,153.33,32.83,111,191,,curtis-samuel.php,,,2.0,,,,,,,Curtis Samuel,2026-07-31,FA
/nfl/rankings/dynasty-wr.php,dynasty-wr,dp,Isaiah Hodgins,19375,WR,NYG,154.67,21.82,124,173,,isaiah-hodgins.php,,,0.1,,,,,,8.0,Isaiah Hodgins,2026-07-31,NYG
/nfl/rankings/dynasty-wr.php,dynasty-wr,dp,Jonathan Mingo,23030,WR,DAL,179.4,22.07,143,211,,jonathan-mingo.php,,,0.6,,,,,,14.0,Jonathan Mingo,2026-07-31,DAL
/nfl/rankings/dynasty-wr.php,dynasty-wr,dp,Roman Wilson,28896,WR,PIT,157.67,15.17,145,179,,roman-wilson-wr.php,,,0.7,,,,,,9.0,Roman Wilson,2026-07-31,PIT
/nfl/rankings/dynasty-wr.php,dynasty-wr,dp,Theo Wease Jr.,27222,WR,MIA,158.67,13.52,143,176,,theo-wease-jr.php,,,1.9,,,,,,6.0,Theo Wease,2026-07-31,MIA
/nfl/rankings/dynasty-wr.php,dynasty-wr,dp,Arian Smith,22965,WR,NYJ,175.25,18.02,160,206,,arian-smith.php,,,0.7,,,,,,13.0,Arian Smith,2026-07-31,NYJ
/nfl/rankings/dynasty-wr.php,dynasty-wr,dp,Trey Palmer,25331,WR,NO,135.5,23.5,112,159,,trey-palmer.php,,,3.6,,,,,,8.0,Trey Palmer,2026-07-31,NOS
/nfl/rankings/dynasty-wr.php,dynasty-wr,dp,Mitch Tinsley,24370,WR,CIN,164.0,32.17,132,208,,mitchell-tinsley.php,,,0.6,,,,,,6.0,Mitch Tinsley,2026-07-31,CIN
/nfl/rankings/dynasty-wr.php,dynasty-wr,dp,Marquez Valdes-Scantling,17528,WR,DAL,177.0,19.17,151,205,,marquez-valdesscantling.php,,,0.7,,,,,,14.0,Marquez Valdes-Scantling,2026-07-31,DAL
/nfl/rankings/dynasty-wr.php,dynasty-wr,dp,Darius Cooper,27866,WR,PHI,165.67,32.29,134,210,,darius-cooper.php,,,0.6,,,,,,10.0,Darius Cooper,2026-07-31,PHI
/nfl/rankings/dynasty-wr.php,dynasty-wr,dp,Bo Melton,24049,WR,GB,166.33,17.25,142,180,,bo-melton.php,,,0.6,,,,,,11.0,Bo Melton,2026-07-31,GBP
/nfl/rankings/dynasty-wr.php,dynasty-wr,dp,Chase Roberts,28131,WR,LV,151.0,18.0,133,169,,chase-roberts.php,,,0.0,,,,,,13.0,Chase Roberts,2026-07-31,LVR
/nfl/rankings/dynasty-wr.php,dynasty-wr,dp,Jamari Thrash,26162,WR,CLE,184.0,17.26,164,204,,jamari-thrash.php,,,1.1,,,,,,11.0,Jamari Thrash,2026-07-31,CLE
/nfl/rankings/dynasty-wr.php,dynasty-wr,dp,JuJu Smith-Schuster,16427,WR,NYG,174.67,15.92,161,197,,juju-smith-schuster.php,,,1.1,,,,,,8.0,JuJu Smith-Schuster,2026-07-31,NYG
/nfl/rankings/dynasty-wr.php,dynasty-wr,dp,Gabe Davis,19398,WR,FA,156.0,18.0,138,174,,gabriel-davis.php,,,1.0,,,,,,,Gabriel Davis,2026-07-31,FA
/nfl/rankings/dynasty-wr.php,dynasty-wr,dp,J. Michael Sturdivant,26139,WR,GB,158.5,4.5,154,163,,jmichael-sturdivant.php,,,0.0,,,,,,11.0,J Michael Sturdivant,2026-07-31,GBP
/nfl/rankings/dynasty-wr.php,dynasty-wr,dp,Vinny Anthony II,28150,WR,ATL,178.0,25.02,156,213,,vinny-anthony-ii.php,,,0.0,,,,,,11.0,Vinny Anthony,2026-07-31,ATL
/nfl/rankings/dynasty-wr.php,dynasty-wr,dp,Chris Hilton Jr.,22995,WR,WAS,164.5,3.5,161,168,,chris-hilton.php,,,0.0,,,,,,7.0,Chris Hilton,2026-07-31,WAS
/nfl/rankings/dynasty-wr.php,dynasty-wr,dp,Tylan Wallace,19801,WR,CLE,190.33,39.23,147,242,,tylan-wallace.php,,,1.0,,,,,,11.0,Tylan Wallace,2026-07-31,CLE
/nfl/rankings/dynasty-wr.php,dynasty-wr,dp,Nick Nash,27263,WR,WAS,183.33,21.82,165,214,,nick-nash.php,,,1.0,,,,,,7.0,Nick Nash,2026-07-31,WAS
/nfl/rankings/dynasty-wr.php,dynasty-wr,dp,Zay Jones,16431,WR,FA,184.33,18.93,163,209,,zay-jones.php,,,1.0,,,,,,,Zay Jones,2026-07-31,FA
/nfl/rankings/dynasty-wr.php,dynasty-wr,dp,Noah Thomas,28136,WR,CIN,170.0,17.0,153,187,,noah-thomas.php,,,1.1,,,,,,6.0,Noah Thomas,2026-07-31,CIN
/nfl/rankings/dynasty-wr.php,dynasty-wr,dp,Brandin Cooks,12122,WR,FA,172.0,10.0,162,182,,brandin-cooks.php,,,0.6,,,,,,,Brandin Cooks,2026-07-31,FA
/nfl/rankings/dynasty-wr.php,dynasty-wr,dp,Skyy Moore,23905,WR,GB,192.0,31.16,156,232,,skyy-moore.php,,,0.8,,,,,,11.0,Skyy Moore,2026-07-31,GBP
/nfl/rankings/dynasty-wr.php,dynasty-wr,dp,Trebor Pena,28139,WR,JAC,172.5,15.5,157,188,,trebor-pena.php,,,0.0,,,,,,7.0,Trebor Pena,2026-07-31,JAC
/nfl/rankings/dynasty-wr.php,dynasty-wr,dp,Tyler Lockett,13971,WR,LV,174.5,5.5,169,180,,tyler-lockett.php,,,0.6,,,,,,13.0,Tyler Lockett,2026-07-31,LVR
/nfl/rankings/dynasty-wr.php,dynasty-wr,dp,Noah Brown,16443,WR,FA,179.0,16.0,163,195,,noah-brown.php,,,1.3,,,,,,,Noah Brown,2026-07-31,FA
/nfl/rankings/dynasty-wr.php,dynasty-wr,dp,Josh Reynolds,16439,WR,FA,180.5,15.5,165,196,,josh-reynolds.php,,,2.1,,,,,,,Josh Reynolds,2026-07-31,FA
/nfl/rankings/dynasty-wr.php,dynasty-wr,dp,Sterling Shepard,15569,WR,FA,181.0,17.0,164,198,,sterling-shepard.php,,,1.0,,,,,,,Sterling Shepard,2026-07-31,FA
/nfl/rankings/dynasty-wr.php,dynasty-wr,dp,Terrace Marshall Jr.,23242,WR,MIA,205.5,53.5,152,259,,terrace-marshall.php,,,1.0,,,,,,6.0,Terrace Marshall,2026-07-31,MIA
/nfl/rankings/dynasty-wr.php,dynasty-wr,dp,A.T. Perry,24353,WR,PIT,201.5,43.5,158,245,,at-perry.php,,,1.6,,,,,,9.0,AT Perry,2026-07-31,PIT
/nfl/rankings/dynasty-wr.php,dynasty-wr,dp,Diontae Johnson,18615,WR,FA,188.0,7.0,181,195,,diontae-johnson.php,,,1.0,,,,,,,Diontae Johnson,2026-07-31,FA
/nfl/rankings/dynasty-wr.php,dynasty-wr,dp,Tim Patrick,16556,WR,NYJ,188.5,18.5,170,207,,tim-patrick.php,,,1.0,,,,,,13.0,Tim Patrick,2026-07-31,NYJ
/nfl/rankings/dynasty-wr.php,dynasty-wr,dp,Jermaine Burton,22956,WR,FA,188.5,5.5,183,194,,jermaine-burton.php,,,1.1,,,,,,,Jermaine Burton,2026-07-31,FA
/nfl/rankings/dynasty-wr.php,dynasty-wr,dp,Ashton Dulin,18656,WR,IND,189.5,3.5,186,193,,ashton-dulin.php,,,0.6,,,,,,13.0,Ashton Dulin,2026-07-31,IND
/nfl/rankings/dynasty-wr.php,dynasty-wr,dp,Javon Baker,22885,WR,FA,190.0,0.0,190,190,,javon-baker.php,,,1.0,,,,,,,Javon Baker,2026-07-31,FA
/nfl/rankings/dynasty-wr.php,dynasty-wr,dp,Henry Ruggs III,19207,WR,FA,197.5,33.5,164,231,,henry-ruggs.php,,,7.6,,,,,,,Henry Ruggs,2026-07-31,FA
/nfl/rankings/dynasty-wr.php,dynasty-wr,dp,Dominic Lovett,26013,WR,DET,207.0,31.0,176,238,,dominic-lovett.php,,,1.0,,,,,,6.0,Dominic Lovett,2026-07-31,DET
/nfl/rankings/dynasty-wr.php,dynasty-wr,dp,Johnny Wilson,25295,WR,PHI,203.0,26.0,177,229,,johnny-wilson.php,,,1.1,,,,,,10.0,Johnny Wilson,2026-07-31,PHI
/nfl/rankings/dynasty-wr.php,dynasty-wr,dp,Ainias Smith,23142,WR,CAR,206.5,27.5,179,234,,ainias-smith.php,,,1.0,,,,,,5.0,Ainias Smith,2026-07-31,CAR
/nfl/rankings/dynasty-wr.php,dynasty-wr,dp,Derius Davis,25334,WR,LAC,213.5,29.5,184,243,,derius-davis.php,,,0.6,,,,,,7.0,Derius Davis,2026-07-31,LAC
/nfl/rankings/dynasty-wr.php,dynasty-wr,dp,Charlie Jones,25336,WR,CIN,210.5,25.5,185,236,,charlie-jones.php,,,0.7,,,,,,6.0,Charlie Jones,2026-07-31,CIN
/nfl/rankings/dynasty-wr.php,dynasty-wr,dp,David Moore,16757,WR,CAR,201.5,14.5,187,216,,david-moore.php,,,0.8,,,,,,5.0,David Moore,2026-07-31,CAR
/nfl/rankings/dynasty-wr.php,dynasty-wr,dp,Allen Lazard,17301,WR,FA,204.5,12.5,192,217,,allen-lazard.php,,,1.0,,,,,,,Allen Lazard,2026-07-31,FA
/nfl/rankings/dynasty-wr.php,dynasty-wr,dp,Ray-Ray McCloud III,17530,WR,FA,207.5,14.5,193,222,,ray-ray-mccloud.php,,,1.0,,,,,,,Ray-Ray McCloud,2026-07-31,FA
/nfl/rankings/dynasty-wr.php,dynasty-wr,dp,Hunter Renfrow,18345,WR,FA,217.5,21.5,196,239,,hunter-renfrow.php,,,1.5,,,,,,,Hunter Renfrow,2026-07-31,FA
/nfl/rankings/dynasty-wr.php,dynasty-wr,dp,Tyler Johnson,18633,WR,DAL,206.5,5.5,201,212,,tyler-johnson.php,,,1.1,,,,,,14.0,Tyler Johnson,2026-07-31,DAL
/nfl/rankings/dynasty-wr.php,dynasty-wr,dp,Braxton Berrios,17289,WR,NYG,221.5,24.5,197,246,,braxton-berrios.php,,,0.6,,,,,,8.0,Braxton Berrios,2026-07-31,NYG
/nfl/rankings/dynasty-wr.php,dynasty-wr,dp,Velus Jones Jr.,24214,WR,SEA,225.0,26.0,199,251,,velus-jonesjr.php,,,1.6,,,,,,11.0,Velus Jones,2026-07-31,SEA
/nfl/rankings/dynasty-wr.php,dynasty-wr,dp,Justin Watson,17603,WR,HOU,217.5,17.5,200,235,,justin-watson.php,,,1.0,,,,,,8.0,Justin Watson,2026-07-31,HOU
/nfl/rankings/dynasty-wr.php,dynasty-wr,dp,Cedrick Wilson Jr.,17262,WR,DET,210.0,8.0,202,218,,cedrick-wilson.php,,,1.1,,,,,,6.0,Cedrick Wilson,2026-07-31,DET
/nfl/rankings/dynasty-wr.php,dynasty-wr,dp,Tyler Scott,25442,WR,LAR,209.5,5.5,204,215,,tyler-scott-wr.php,,,3.2,,,,,,11.0,Tyler Scott,2026-07-31,LAR
/nfl/rankings/dynasty-wr.php,dynasty-wr,dp,K.J. Osborn,19708,WR,TEN,221.5,18.5,203,240,,kj-osborn.php,,,2.6,,,,,,9.0,KJ Osborn,2026-07-31,TEN
/nfl/rankings/dynasty-wr.php,dynasty-wr,dp,Xavier Gipson,25758,WR,NYG,228.5,23.5,205,252,,xavier-gipson.php,,,1.1,,,,,,8.0,Xavier Gipson,2026-07-31,NYG
/nfl/rankings/dynasty-wr.php,dynasty-wr,dp,Tahj Washington,26397,WR,MIA,225.0,19.0,206,244,,tahj-washington.php,,,1.0,,,,,,6.0,Tahj Washington,2026-07-31,MIA
/nfl/rankings/dynasty-wr.php,dynasty-wr,dp,Devin Duvernay,19270,WR,ARI,230.0,23.0,207,253,,devin-duvernay.php,,,0.6,,,,,,14.0,Devin Duvernay,2026-07-31,ARI
/nfl/rankings/dynasty-wr.php,dynasty-wr,dp,Jason Brownlee,25754,WR,KC,231.5,23.5,208,255,,jason-brownlee.php,,,0.0,,,,,,5.0,Jason Brownlee,2026-07-31,KCC
/nfl/rankings/dynasty-wr.php,dynasty-wr,dp,Ben Skowronek,22843,WR,PIT,217.0,8.0,209,225,,ben-skowronek.php,,,0.1,,,,,,9.0,Ben Skowronek,2026-07-31,PIT
/nfl/rankings/dynasty-wr.php,dynasty-wr,dp,Bub Means,26354,WR,NO,223.5,13.5,210,237,,bub-means.php,,,1.0,,,,,,8.0,Bub Means,2026-07-31,NOS
/nfl/rankings/dynasty-wr.php,dynasty-wr,dp,Scotty Miller,18714,WR,CHI,217.5,6.5,211,224,,scott-miller.php,,,0.1,,,,,,10.0,Scott Miller,2026-07-31,CHI
/nfl/rankings/dynasty-wr.php,dynasty-wr,dp,Mecole Hardman Jr.,18587,WR,BUF,231.0,19.0,212,250,,mecole-hardman.php,,,0.6,,,,,,7.0,Mecole Hardman,2026-07-31,BUF
/nfl/rankings/dynasty-wr.php,dynasty-wr,dp,Tejhaun Palmer,26411,WR,ARI,237.0,24.0,213,261,,tejhaun-palmer.php,,,0.0,,,,,,14.0,Tejhaun Palmer,2026-07-31,ARI
/nfl/rankings/dynasty-wr.php,dynasty-wr,dp,Danny Gray,24178,WR,PHI,238.5,24.5,214,263,,danny-gray.php,,,0.0,,,,,,10.0,Danny Gray,2026-07-31,PHI
/nfl/rankings/dynasty-wr.php,dynasty-wr,dp,Quez Watkins,19715,WR,PHI,231.0,16.0,215,247,,quez-watkins.php,,,0.1,,,,,,10.0,Quez Watkins,2026-07-31,PHI
/nfl/rankings/db-cheatsheets.php,redraft-db,rp,Derwin James Jr.,17310,DB,LAC,2.0,2.07,1,7,,derwin-james.php,,,68.7,,,,,,7.0,Derwin James,2026-07-31,LAC
/nfl/rankings/db-cheatsheets.php,redraft-db,rp,Kyle Hamilton,23494,DB,BAL,2.43,0.49,2,3,,kyle-hamilton.php,,,80.0,,,,,,13.0,Kyle Hamilton,2026-07-31,BAL
/nfl/rankings/db-cheatsheets.php,redraft-db,rp,Jessie Bates III,17544,DB,ATL,4.43,1.05,3,6,,jessie-bates-iii.php,,,37.7,,,,,,11.0,Jessie Bates,2026-07-31,ATL
/nfl/rankings/db-cheatsheets.php,redraft-db,rp,Nick Cross,24198,DB,WAS,5.0,0.76,4,6,,nick-cross.php,,,55.6,,,,,,7.0,Nick Cross,2026-07-31,WAS
/nfl/rankings/db-cheatsheets.php,redraft-db,rp,Budda Baker,16733,DB,ARI,6.0,2.33,4,11,,budda-baker.php,,,58.9,,,,,,14.0,Budda Baker,2026-07-31,ARI
/nfl/rankings/db-cheatsheets.php,redraft-db,rp,Tykee Smith,23751,DB,TB,7.71,0.7,6,8,,tykee-smith.php,,,55.9,,,,,,10.0,Tykee Smith,2026-07-31,TBB
/nfl/rankings/db-cheatsheets.php,redraft-db,rp,Nick Emmanwori,27053,DB,SEA,7.86,7.9,2,25,,nick-emmanwori.php,,,64.7,,,,,,11.0,Nick Emmanwori,2026-07-31,SEA
/nfl/rankings/db-cheatsheets.php,redraft-db,rp,Kam Curl,19459,DB,LAR,9.43,3.96,6,17,,kamren-curl.php,,,55.6,,,,,,11.0,Kam Curl,2026-07-31,LAR
/nfl/rankings/db-cheatsheets.php,redraft-db,rp,Jeremy Chinn,19429,DB,LV,9.57,1.5,7,12,,jeremy-chinn.php,,,42.1,,,,,,13.0,Jeremy Chinn,2026-07-31,LVR
/nfl/rankings/db-cheatsheets.php,redraft-db,rp,Jordan Battle,23471,DB,CIN,9.86,2.95,5,13,,jordan-battle.php,,,31.9,,,,,,6.0,Jordan Battle,2026-07-31,CIN
/nfl/rankings/db-cheatsheets.php,redraft-db,rp,Tre'von Moehrig,22699,DB,CAR,11.57,1.18,10,13,,trevon-moehrig.php,,,44.1,,,,,,5.0,Trevon Moehrig,2026-07-31,CAR
/nfl/rankings/db-cheatsheets.php,redraft-db,rp,Xavier McKinney,19216,DB,GB,12.57,3.46,9,18,,xavier-mckinney.php,,,40.6,,,,,,11.0,Xavier McKinney,2026-07-31,GBP
/nfl/rankings/db-cheatsheets.php,redraft-db,rp,Talanoa Hufanga,22817,DB,DEN,13.29,1.98,11,16,,talanoa-hufanga.php,,,51.4,,,,,,10.0,Talanoa Hufanga,2026-07-31,DEN
/nfl/rankings/db-cheatsheets.php,redraft-db,rp,Kevin Byard III,15635,DB,NE,14.86,2.59,12,20,,kevin-byard.php,,,39.3,,,,,,11.0,Kevin Byard,2026-07-31,NEP
/nfl/rankings/db-cheatsheets.php,redraft-db,rp,Quentin Lake,24302,DB,LAR,15.0,1.69,12,18,,quentin-lake.php,,,34.9,,,,,,11.0,Quentin Lake,2026-07-31,LAR
/nfl/rankings/db-cheatsheets.php,redraft-db,rp,Brian Branch,25235,DB,DET,16.0,5.71,6,24,,brian-branch.php,,,53.2,,,,,7.0,6.0,Brian Branch,2026-07-31,DET
/nfl/rankings/db-cheatsheets.php,redraft-db,rp,Antoine Winfield Jr.,19266,DB,TB,17.29,5.85,10,30,,antoine-winfield-s.php,,,34.8,,,,,,10.0,Antoine Winfield,2026-07-31,TBB
/nfl/rankings/db-cheatsheets.php,redraft-db,rp,DeShon Elliott,17344,DB,PIT,17.86,3.36,11,21,,deshon-elliott.php,,,20.7,,,,,,9.0,DeShon Elliott,2026-07-31,PIT
/nfl/rankings/db-cheatsheets.php,redraft-db,rp,Chamarri Conner,25509,DB,KC,20.0,4.99,15,31,,chamarri-conner.php,,,44.3,,,,,-3.0,5.0,Chamarri Conner,2026-07-31,KCC
/nfl/rankings/db-cheatsheets.php,redraft-db,rp,Jalen Pitre,23721,DB,HOU,21.0,1.77,18,24,,jalen-pitre.php,,,36.3,,,,,,8.0,Jalen Pitre,2026-07-31,HOU
/nfl/rankings/db-cheatsheets.php,redraft-db,rp,Xavier Watts,27067,DB,ATL,21.43,6.9,14,36,,xavier-watts.php,,,38.8,,,,,,11.0,Xavier Watts,2026-07-31,ATL
/nfl/rankings/db-cheatsheets.php,redraft-db,rp,Julian Love,18243,DB,SEA,23.86,1.64,21,26,,julian-love.php,,,42.8,,,,,,11.0,Julian Love,2026-07-31,SEA
/nfl/rankings/db-cheatsheets.php,redraft-db,rp,Cooper DeJean,26103,DB,PHI,24.71,7.05,18,40,,cooper-dejean.php,,,55.0,,,,,,10.0,Cooper DeJean,2026-07-31,PHI
/nfl/rankings/db-cheatsheets.php,redraft-db,rp,Jaquan Brisker,23719,DB,PIT,25.86,2.95,21,29,,jaquan-brisker.php,,,27.5,,,,,,9.0,Jaquan Brisker,2026-07-31,PIT
/nfl/rankings/db-cheatsheets.php,redraft-db,rp,Joshua Metellus,19580,DB,MIN,27.71,4.33,21,33,,josh-metellus.php,,,24.8,,,,,,6.0,Joshua Metellus,2026-07-31,MIN
/nfl/rankings/db-cheatsheets.php,redraft-db,rp,Paulson Adebo,19237,DB,NYG,28.86,1.88,25,31,,paulson-adebo.php,,,23.5,,,,,,8.0,Paulson Adebo,2026-07-31,NYG
/nfl/rankings/db-cheatsheets.php,redraft-db,rp,Tyler Nubin,26117,DB,NYG,30.0,3.55,23,35,,tyler-nubin.php,,,18.4,,,,,,8.0,Tyler Nubin,2026-07-31,NYG
/nfl/rankings/db-cheatsheets.php,redraft-db,rp,Jalen Thompson,19108,DB,DAL,30.29,4.56,21,36,,jalen-thompson.php,,,18.4,,,,,,14.0,Jalen Thompson,2026-07-31,DAL
/nfl/rankings/db-cheatsheets.php,redraft-db,rp,Alontae Taylor,23747,DB,TEN,30.29,5.55,25,43,,alontae-taylor.php,,,22.7,,,,,-3.0,9.0,Alontae Taylor,2026-07-31,TEN
/nfl/rankings/db-cheatsheets.php,redraft-db,rp,Devon Witherspoon,25243,DB,SEA,30.71,3.65,25,36,,devon-witherspoon.php,,,40.1,,,,,,11.0,Devon Witherspoon,2026-07-31,SEA
/nfl/rankings/db-cheatsheets.php,redraft-db,rp,Caleb Downs,27950,DB,DAL,31.14,6.49,26,45,,caleb-downs.php,,,54.4,,,,,,14.0,Caleb Downs,2026-07-31,DAL
/nfl/rankings/db-cheatsheets.php,redraft-db,rp,Cam Bynum,22757,DB,IND,32.29,3.99,26,38,,camryn-bynum.php,,,17.6,,,,,,13.0,Cam Bynum,2026-07-31,IND
/nfl/rankings/db-cheatsheets.php,redraft-db,rp,AJ Haulcy,28069,DB,IND,33.57,8.03,22,44,,aj-haulcy.php,,,24.3,,,,,,13.0,AJ Haulcy,2026-07-31,IND
/nfl/rankings/db-cheatsheets.php,redraft-db,rp,Kamari Lassiter,26118,DB,HOU,33.71,8.12,24,48,,kamari-lassiter.php,,,43.5,,,,,,8.0,Kamari Lassiter,2026-07-31,HOU
/nfl/rankings/db-cheatsheets.php,redraft-db,rp,Brandon Jones,19248,DB,DEN,34.43,3.81,28,42,,brandon-jones-s.php,,,16.7,,,,,,10.0,Brandon Jones,2026-07-31,DEN
/nfl/rankings/db-cheatsheets.php,redraft-db,rp,Amani Hooker,18589,DB,TEN,35.86,4.49,28,44,,amani-hooker.php,,,11.2,,,,,,9.0,Amani Hooker,2026-07-31,TEN
/nfl/rankings/db-cheatsheets.php,redraft-db,rp,Grant Delpit,19203,DB,CLE,37.71,3.1,32,43,,grant-delpit.php,,,20.0,,,,,4.0,11.0,Grant Delpit,2026-07-31,CLE
/nfl/rankings/db-cheatsheets.php,redraft-db,rp,Cole Bishop,26229,DB,BUF,38.71,3.61,35,46,,cole-bishop.php,,,23.0,,,,,-4.0,7.0,Cole Bishop,2026-07-31,BUF
/nfl/rankings/db-cheatsheets.php,redraft-db,rp,Dillon Thieneman,27967,DB,CHI,41.0,30.55,24,115,,dillon-thieneman.php,,,33.5,,,,,,10.0,Dillon Thieneman,2026-07-31,CHI
/nfl/rankings/db-cheatsheets.php,redraft-db,rp,Kevin Winston Jr.,27035,DB,TEN,40.29,5.28,34,50,,kevin-winston-jr.php,,,13.1,,,,,,9.0,Kevin Winston,2026-07-31,TEN
/nfl/rankings/db-cheatsheets.php,redraft-db,rp,C.J. Gardner-Johnson,18649,DB,BUF,40.71,3.33,35,47,,chauncey-gardner-johnson.php,,,9.4,,,,,,7.0,CJ Gardner-Johnson,2026-07-31,BUF
/nfl/rankings/db-cheatsheets.php,redraft-db,rp,Malik Mustapha,26326,DB,SF,42.29,5.26,35,50,,malik-mustapha.php,,,17.5,,,,,6.0,8.0,Malik Mustapha,2026-07-31,SFO
/nfl/rankings/db-cheatsheets.php,redraft-db,rp,Dadrion Taylor-Demerson,26346,DB,ARI,43.0,3.63,37,48,,dadrion-taylor-demerson.php,,,4.3,,,,,,14.0,Dadrion Taylor-Demerson,2026-07-31,ARI
/nfl/rankings/db-cheatsheets.php,redraft-db,rp,Minkah Fitzpatrick,17278,DB,NYJ,43.71,11.39,29,67,,minkah-fitzpatrick.php,,,21.3,,,,,,13.0,Minkah Fitzpatrick,2026-07-31,NYJ
/nfl/rankings/db-cheatsheets.php,redraft-db,rp,Reed Blankenship,22754,DB,HOU,44.14,4.02,36,50,,reed-blankenship.php,,,15.2,,,,,,8.0,Reed Blankenship,2026-07-31,HOU
/nfl/rankings/db-cheatsheets.php,redraft-db,rp,Jalen Ramsey,15491,DB,PIT,51.14,11.87,42,79,,jalen-ramsey.php,,,17.3,,,,,,9.0,Jalen Ramsey,2026-07-31,PIT
/nfl/rankings/db-cheatsheets.php,redraft-db,rp,Malaki Starks,27017,DB,BAL,52.0,12.38,39,76,,malaki-starks.php,,,40.4,,,,,,13.0,Malaki Starks,2026-07-31,BAL
/nfl/rankings/db-cheatsheets.php,redraft-db,rp,Evan Williams,26131,DB,GB,47.5,1.89,44,49,,evan-williams.php,,,10.5,,,,,,11.0,Evan Williams,2026-07-31,GBP
/nfl/rankings/db-cheatsheets.php,redraft-db,rp,Mike Sainristil,26126,DB,WAS,50.5,4.23,45,57,,mike-sainristil.php,,,13.2,,,,,,7.0,Mike Sainristil,2026-07-31,WAS
/nfl/rankings/db-cheatsheets.php,redraft-db,rp,Kerby Joseph,23800,DB,DET,51.0,2.08,49,55,,kerby-joseph.php,,,15.1,,,,,,6.0,Kerby Joseph,2026-07-31,DET
/nfl/rankings/db-cheatsheets.php,redraft-db,rp,Riley Moss,25459,DB,DEN,44.5,5.02,39,52,,riley-moss.php,,,9.2,,,,,,10.0,Riley Moss,2026-07-31,DEN
/nfl/rankings/db-cheatsheets.php,redraft-db,rp,Jevon Holland,22690,DB,NYG,64.5,23.99,47,107,,jevon-holland.php,,,7.9,,,,,-5.0,8.0,Jevon Holland,2026-07-31,NYG
/nfl/rankings/db-cheatsheets.php,redraft-db,rp,Kamren Kinchens,26109,DB,LAR,57.2,20.77,39,95,,kamren-kinchens.php,,,7.6,,,,,,11.0,Kamren Kinchens,2026-07-31,LAR
/nfl/rankings/db-cheatsheets.php,redraft-db,rp,Justin Reid,17320,DB,NO,47.0,11.25,35,64,,justin-reid.php,,,8.9,,,,,,8.0,Justin Reid,2026-07-31,NOS
/nfl/rankings/db-cheatsheets.php,redraft-db,rp,Julian Blackmon,19394,DB,NO,56.5,24.02,20,80,,julian-blackmon.php,,,3.7,,,,,,8.0,Julian Blackmon,2026-07-31,NOS
/nfl/rankings/db-cheatsheets.php,redraft-db,rp,Jonas Sanker,27210,DB,NO,57.75,10.3,46,68,,jonas-sanker.php,,,14.2,,,,,8.0,8.0,Jonas Sanker,2026-07-31,NOS
/nfl/rankings/db-cheatsheets.php,redraft-db,rp,Kyler Gordon,23765,DB,CHI,62.5,25.1,41,105,,kyler-gordon.php,,,7.1,,,,,,10.0,Kyler Gordon,2026-07-31,CHI
/nfl/rankings/db-cheatsheets.php,redraft-db,rp,Coby Bryant,23734,DB,CHI,65.5,13.46,47,84,,coby-bryant.php,,,13.3,,,,,,10.0,Coby Bryant,2026-07-31,CHI
/nfl/rankings/db-cheatsheets.php,redraft-db,rp,Craig Woodson,27242,DB,NE,66.75,13.39,51,81,,craig-woodson.php,,,11.5,,,,,,11.0,Craig Woodson,2026-07-31,NEP
/nfl/rankings/db-cheatsheets.php,redraft-db,rp,Nick Scott,18476,DB,CAR,58.67,26.64,23,87,,nick-scott.php,,,12.3,,,,,,5.0,Nick Scott,2026-07-31,CAR
/nfl/rankings/db-cheatsheets.php,redraft-db,rp,Dax Hill,24197,DB,CIN,61.0,7.87,54,72,,daxton-hill.php,,,13.0,,,,,,6.0,Daxton Hill,2026-07-31,CIN
/nfl/rankings/db-cheatsheets.php,redraft-db,rp,Marlon Humphrey,16390,DB,BAL,41.0,3.0,38,44,,marlon-humphrey.php,,,17.6,,,,,8.0,13.0,Marlon Humphrey,2026-07-31,BAL
/nfl/rankings/db-cheatsheets.php,redraft-db,rp,Calen Bullock,26111,DB,HOU,61.67,10.34,48,73,,calen-bullock.php,,,7.3,,,,,,8.0,Calen Bullock,2026-07-31,HOU
/nfl/rankings/db-cheatsheets.php,redraft-db,rp,Bryan Cook,23854,DB,CIN,72.5,14.72,49,85,,bryan-cook.php,,,7.3,,,,,,6.0,Bryan Cook,2026-07-31,CIN
/nfl/rankings/db-cheatsheets.php,redraft-db,rp,Antonio Johnson,24719,DB,JAC,63.0,14.24,51,83,,antonio-johnson-cb.php,,,5.7,,,,,-8.0,7.0,Antonio Johnson,2026-07-31,JAC
/nfl/rankings/db-cheatsheets.php,redraft-db,rp,Geno Stone,19390,DB,BUF,96.75,60.26,41,198,,geno-stone.php,,,19.4,,,,,,7.0,Geno Stone,2026-07-31,BUF
/nfl/rankings/db-cheatsheets.php,redraft-db,rp,Will Harris,18682,DB,WAS,63.33,19.14,46,90,,will-harris.php,,,1.9,,,,,10.0,7.0,Will Harris,2026-07-31,WAS
/nfl/rankings/db-cheatsheets.php,redraft-db,rp,Isaiah Pola-Mao,23939,DB,LV,64.33,13.6,51,83,,isaiah-pola-mao.php,,,23.7,,,,,8.0,13.0,Isaiah Pola-Mao,2026-07-31,LVR
/nfl/rankings/db-cheatsheets.php,redraft-db,rp,Alohi Gilman,19379,DB,KC,65.0,17.15,44,86,,alohi-gilman.php,,,12.9,,,,,-8.0,5.0,Alohi Gilman,2026-07-31,KCC
/nfl/rankings/db-cheatsheets.php,redraft-db,rp,Dante Trader Jr.,27090,DB,MIA,67.0,19.3,40,84,,dante-trader.php,,,7.3,,,,,8.0,6.0,Dante Trader,2026-07-31,MIA
/nfl/rankings/db-cheatsheets.php,redraft-db,rp,Ronnie Hickman Jr.,25796,DB,CLE,50.0,33.0,17,83,,ronnie-hickman.php,,,7.6,,,,,23.0,11.0,Ronnie Hickman,2026-07-31,CLE
/nfl/rankings/db-cheatsheets.php,redraft-db,rp,Upton Stout,27246,DB,SF,69.0,30.21,32,106,,upton-stout.php,,,5.2,,,,,-7.0,8.0,Upton Stout,2026-07-31,SFO
/nfl/rankings/db-cheatsheets.php,redraft-db,rp,Emmanuel McNeil-Warren,28081,DB,CLE,119.33,98.29,29,256,,emmanuel-mcneil-warren.php,,,23.8,,,,,8.0,11.0,Emmanuel McNeil-Warren,2026-07-31,CLE
/nfl/rankings/db-cheatsheets.php,redraft-db,rp,DaRon Bland,24551,DB,DAL,56.0,3.0,53,59,,daron-bland.php,,,20.4,,,,,,14.0,DaRon Bland,2026-07-31,DAL
/nfl/rankings/db-cheatsheets.php,redraft-db,rp,Eric Murray,15653,DB,JAC,72.67,17.25,53,95,,eric-murray.php,,,6.8,,,,,-9.0,7.0,Eric Murray,2026-07-31,JAC
/nfl/rankings/db-cheatsheets.php,redraft-db,rp,Byron Murphy Jr.,18220,DB,MIN,63.0,3.0,60,66,,byron-murphy.php,,,8.0,,,,,,6.0,Byron Murphy,2026-07-31,MIN
/nfl/rankings/db-cheatsheets.php,redraft-db,rp,Mike Jackson Sr.,18637,DB,CAR,64.0,3.0,61,67,,michael-jackson-cb.php,,,12.6,,,,,,5.0,Mike Jackson,2026-07-31,CAR
/nfl/rankings/db-cheatsheets.php,redraft-db,rp,Trent McDuffie,23492,DB,LAR,65.5,2.5,63,68,,trent-mcduffie.php,,,27.8,,,,,,11.0,Trent McDuffie,2026-07-31,LAR
/nfl/rankings/db-cheatsheets.php,redraft-db,rp,Tyson Campbell,22706,DB,CLE,66.0,6.0,60,72,,tyson-campbell.php,,,22.3,,,,,,11.0,Tyson Campbell,2026-07-31,CLE
/nfl/rankings/db-cheatsheets.php,redraft-db,rp,Taron Johnson,17431,DB,LV,82.0,24.99,53,114,,taron-johnson.php,,,7.3,,,,,,13.0,Taron Johnson,2026-07-31,LVR
/nfl/rankings/db-cheatsheets.php,redraft-db,rp,Kool-Aid McKinstry,26098,DB,NO,66.5,24.5,42,91,,kool-aid-mckinstry.php,,,11.1,,,,,-9.0,8.0,Kool-Aid McKinstry,2026-07-31,NOS
/nfl/rankings/db-cheatsheets.php,redraft-db,rp,Christian Gonzalez,25238,DB,NE,67.0,5.0,62,72,,christian-gonzalez.php,,,29.0,,,,,15.0,11.0,Christian Gonzalez,2026-07-31,NEP
/nfl/rankings/db-cheatsheets.php,redraft-db,rp,Dru Phillips,26164,DB,NYG,87.67,29.78,60,129,,andru-phillips.php,,,5.0,,,,,-16.0,8.0,Andru Phillips,2026-07-31,NYG
/nfl/rankings/db-cheatsheets.php,redraft-db,rp,Zyon McCollum,24498,DB,TB,67.5,9.5,58,77,,zyon-mccollum.php,,,8.2,,,,,12.0,10.0,Zyon McCollum,2026-07-31,TBB
/nfl/rankings/db-cheatsheets.php,redraft-db,rp,Andrew Wingard,18576,DB,ARI,116.5,78.5,38,195,,andrew-wingard.php,,,3.5,,,,,34.0,14.0,Andrew Wingard,2026-07-31,ARI
/nfl/rankings/db-cheatsheets.php,redraft-db,rp,Marques Sigle,27477,DB,SF,113.5,70.5,43,184,,marques-sigle.php,,,1.6,,,,,31.0,8.0,Marques Sigle,2026-07-31,SFO
/nfl/rankings/db-cheatsheets.php,redraft-db,rp,Ji'Ayir Brown,25258,DB,SF,87.33,22.51,61,116,,jiayir-brown.php,,,5.1,,,,,,8.0,JiAyir Brown,2026-07-31,SFO
/nfl/rankings/db-cheatsheets.php,redraft-db,rp,Nahshon Wright,23243,DB,NYJ,74.0,18.0,56,92,,nahshon-wright.php,,,11.1,,,,,,13.0,Nahshon Wright,2026-07-31,NYJ
/nfl/rankings/db-cheatsheets.php,redraft-db,rp,Andrew Mukuba,27081,DB,PHI,85.0,3.74,80,89,,andrew-mukuba.php,,,17.3,,,,,,10.0,Andrew Mukuba,2026-07-31,PHI
/nfl/rankings/db-cheatsheets.php,redraft-db,rp,Keisean Nixon,18495,DB,GB,78.0,3.0,75,81,,keisean-nixon.php,,,15.9,,,,,,11.0,Keisean Nixon,2026-07-31,GBP
/nfl/rankings/db-cheatsheets.php,redraft-db,rp,Jaden Hicks,26231,DB,KC,114.5,57.5,57,172,,jaden-hicks.php,,,5.2,,,,,29.0,5.0,Jaden Hicks,2026-07-31,KCC
/nfl/rankings/db-cheatsheets.php,redraft-db,rp,Jaylon Carlies,26465,LB,IND,157.5,99.5,58,257,,jaylon-carlies.php,,,5.1,,,,,36.0,13.0,Jaylon Carlies,2026-07-31,IND
/nfl/rankings/db-cheatsheets.php,redraft-db,rp,D'Angelo Ponds,27992,DB,NYJ,110.5,51.5,59,162,,dangelo-ponds.php,,,7.8,,,,,,13.0,DAngelo Ponds,2026-07-31,NYJ
/nfl/rankings/db-cheatsheets.php,redraft-db,rp,Kyle Dugger,19337,DB,CIN,133.0,71.0,62,204,,kyle-dugger.php,,,2.9,,,,,30.0,6.0,Kyle Dugger,2026-07-31,CIN
/nfl/rankings/db-cheatsheets.php,redraft-db,rp,Bud Clark,28212,DB,SEA,167.0,98.0,69,265,,bud-clark.php,,,3.5,,,,,26.0,11.0,Bud Clark,2026-07-31,SEA
/nfl/rankings/db-cheatsheets.php,redraft-db,rp,Marcus Jones,23890,DB,NE,90.0,20.0,70,110,,marcus-jones.php,,,38.1,,,,,-12.0,11.0,Marcus Jones,2026-07-31,NEP
/nfl/rankings/db-cheatsheets.php,redraft-db,rp,Jacob Parrish,27257,DB,TB,91.0,20.0,71,111,,jacob-parrish.php,,,6.1,,,,,,10.0,Jacob Parrish,2026-07-31,TBB
/nfl/rankings/db-cheatsheets.php,redraft-db,rp,Nate Wiggins,26100,DB,BAL,87.0,7.0,80,94,,nate-wiggins.php,,,15.4,,,,,-15.0,13.0,Nate Wiggins,2026-07-31,BAL
/nfl/rankings/db-cheatsheets.php,redraft-db,rp,Elijah Molden,22742,DB,LAC,87.5,6.5,81,94,,elijah-molden.php,,,1.6,,,,,,7.0,Elijah Molden,2026-07-31,LAC
/nfl/rankings/db-cheatsheets.php,redraft-db,rp,Andre Cisco,22715,DB,NYJ,92.67,4.5,87,98,,andre-cisco.php,,,2.1,,,,,-10.0,13.0,Andre Cisco,2026-07-31,NYJ
/nfl/rankings/db-cheatsheets.php,redraft-db,rp,Jourdan Lewis,16632,DB,JAC,89.0,7.0,82,96,,jourdan-lewis.php,,,2.9,,,,,,7.0,Jourdan Lewis,2026-07-31,JAC
/nfl/rankings/db-cheatsheets.php,redraft-db,rp,Donovan Wilson,18704,DB,FA,261.0,185.0,76,446,,donovan--wilson.php,,,0.8,,,,,144.0,,Donovan Wilson,2026-07-31,FA
/nfl/rankings/db-cheatsheets.php,redraft-db,rp,Tony Jefferson II,11769,DB,LAC,89.5,11.5,78,101,,tony-jefferson.php,,,3.9,,,,,27.0,7.0,Tony Jefferson,2026-07-31,LAC
/nfl/rankings/db-cheatsheets.php,redraft-db,rp,Harrison Smith,11260,DB,FA,261.0,184.0,77,445,,harrison-smith.php,,,3.2,,,,,141.0,,Harrison Smith,2026-07-31,FA
/nfl/rankings/db-cheatsheets.php,redraft-db,rp,Tyrique Stevenson,25263,DB,CHI,105.0,27.0,78,132,,tyrique-stevenson.php,,,5.7,,,,,-14.0,10.0,Tyrique Stevenson,2026-07-31,CHI
/nfl/rankings/db-cheatsheets.php,redraft-db,rp,Kenny Moore II,16801,DB,FA,261.0,183.0,78,444,,kenny-moore.php,,,2.6,,,,,23.0,,Kenny Moore,2026-07-31,FA
/nfl/rankings/db-cheatsheets.php,redraft-db,rp,Theo Jackson,24001,DB,MIN,145.0,56.0,89,201,,theo-jackson.php,,,3.6,,,,,,6.0,Theo Jackson,2026-07-31,MIN
/nfl/rankings/db-cheatsheets.php,redraft-db,rp,Ty Okada,25688,DB,SEA,105.0,12.0,93,117,,ty-okada.php,,,9.9,,,,,,11.0,Ty Okada,2026-07-31,SEA
/nfl/rankings/db-cheatsheets.php,redraft-db,rp,D.J. Reed Jr.,17375,DB,DET,98.0,1.0,97,99,,dj-reed.php,,,7.8,,,,,-22.0,6.0,DJ Reed,2026-07-31,DET
/nfl/rankings/db-cheatsheets.php,redraft-db,rp,Lathan Ransom,24724,DB,CAR,148.0,52.0,96,200,,lathan-ransom.php,,,4.8,,,,,,5.0,Lathan Ransom,2026-07-31,CAR
/nfl/rankings/db-cheatsheets.php,redraft-db,rp,Marcus Epps,18575,DB,PHI,118.5,21.5,97,140,,marcus-epps.php,,,7.8,,,,,-18.0,10.0,Marcus Epps,2026-07-31,PHI
/nfl/rankings/db-cheatsheets.php,redraft-db,rp,Billy Bowman Jr.,27187,DB,ATL,128.0,28.0,100,156,,billy-bowman-jr.php,,,8.1,,,,,,11.0,Billy Bowman,2026-07-31,ATL
/nfl/rankings/dl-cheatsheets.php,redraft-dl,rp,Myles Garrett,16370,DL,LAR,1.38,0.48,1,2,,myles-garrett.php,,,90.0,,,,,,11.0,Myles Garrett,2026-07-31,LAR
/nfl/rankings/dl-cheatsheets.php,redraft-dl,rp,Aidan Hutchinson,22738,DL,DET,1.88,0.6,1,3,,aidan-hutchinson.php,,,78.5,,,,,,6.0,Aidan Hutchinson,2026-07-31,DET
/nfl/rankings/dl-cheatsheets.php,redraft-dl,rp,Maxx Crosby,18702,DL,LV,3.5,0.5,3,4,,maxx-crosby.php,,,81.9,,,,,,13.0,Maxx Crosby,2026-07-31,LVR
/nfl/rankings/dl-cheatsheets.php,redraft-dl,rp,Will Anderson Jr.,24717,DL,HOU,3.75,0.97,3,6,,will-anderson.php,,,74.7,,,,,,8.0,Will Anderson,2026-07-31,HOU
/nfl/rankings/dl-cheatsheets.php,redraft-dl,rp,Nick Bosa,18199,DL,SF,5.25,0.43,5,6,,nick-bosa.php,,,71.7,,,,,,8.0,Nick Bosa,2026-07-31,SFO
/nfl/rankings/dl-cheatsheets.php,redraft-dl,rp,Danielle Hunter,14036,DL,HOU,7.5,0.87,6,9,,danielle-hunter.php,,,59.6,,,,,,8.0,Danielle Hunter,2026-07-31,HOU
/nfl/rankings/dl-cheatsheets.php,redraft-dl,rp,T.J. Watt,16469,LB,PIT,8.0,1.32,5,9,,tj-watt.php,,,70.4,,,,,,9.0,TJ Watt,2026-07-31,PIT
/nfl/rankings/dl-cheatsheets.php,redraft-dl,rp,Jeffery Simmons,18207,DL,TEN,9.13,3.69,6,15,,jeffery-simmons.php,,,74.0,,,,,-2.0,9.0,Jeffery Simmons,2026-07-31,TEN
/nfl/rankings/dl-cheatsheets.php,redraft-dl,rp,Brian Burns,18223,DL,NYG,9.75,2.63,7,15,,brian-burns.php,,,71.6,,,,,,8.0,Brian Burns,2026-07-31,NYG
/nfl/rankings/dl-cheatsheets.php,redraft-dl,rp,Andrew Van Ginkel,18573,LB,MIN,11.25,2.82,7,14,,andrew-van-ginkel.php,,,58.2,,,,,,6.0,Andrew Van Ginkel,2026-07-31,MIN
/nfl/rankings/dl-cheatsheets.php,redraft-dl,rp,Byron Young,25449,DL,LAR,12.75,2.38,10,18,,byron-young-edge.php,,,47.0,,,,,,11.0,Byron Young,2026-07-31,LAR
/nfl/rankings/dl-cheatsheets.php,redraft-dl,rp,Laiatu Latu,26096,DL,IND,13.75,3.03,11,21,,laiatu-latu.php,,,30.1,,,,,,13.0,Laiatu Latu,2026-07-31,IND
/nfl/rankings/dl-cheatsheets.php,redraft-dl,rp,DeForest Buckner,15494,DL,IND,14.5,3.91,10,20,,deforest-buckner.php,,,35.6,,,,,,13.0,DeForest Buckner,2026-07-31,IND
/nfl/rankings/dl-cheatsheets.php,redraft-dl,rp,Alex Highsmith,19316,LB,PIT,17.75,1.48,15,19,,alex-highsmith.php,,,40.4,,,,,,9.0,Alex Highsmith,2026-07-31,PIT
/nfl/rankings/dl-cheatsheets.php,redraft-dl,rp,Montez Sweat,18213,DL,CHI,21.38,1.41,18,23,,montez-sweat.php,,,33.2,,,,,,10.0,Montez Sweat,2026-07-31,CHI
/nfl/rankings/dl-cheatsheets.php,redraft-dl,rp,Jaelan Phillips,22734,DL,CAR,23.13,2.09,18,25,,jaelan-phillips.php,,,22.0,,,,,,5.0,Jaelan Phillips,2026-07-31,CAR
/nfl/rankings/dl-cheatsheets.php,redraft-dl,rp,Leonard Williams,13892,DL,SEA,24.38,4.74,17,34,,leonard-williams.php,,,27.0,,,,,,11.0,Leonard Williams,2026-07-31,SEA
/nfl/rankings/dl-cheatsheets.php,redraft-dl,rp,Greg Rousseau,19787,DL,BUF,25.5,4.56,16,30,,gregory-rousseau.php,,,30.6,,,,,,7.0,Gregory Rousseau,2026-07-31,BUF
/nfl/rankings/dl-cheatsheets.php,redraft-dl,rp,Josh Hines-Allen,18201,DL,JAC,14.57,3.25,11,21,,josh-allen-olb.php,,,40.4,,,,,2.0,7.0,Josh Hines-Allen,2026-07-31,JAC
/nfl/rankings/dl-cheatsheets.php,redraft-dl,rp,Tuli Tuipulotu,25364,DL,LAC,16.0,1.51,14,19,,tuli-tuipulotu.php,,,47.3,,,,,-2.0,7.0,Tuli Tuipulotu,2026-07-31,LAC
/nfl/rankings/dl-cheatsheets.php,redraft-dl,rp,George Karlaftis III,23501,DL,KC,27.25,3.15,20,30,,george-karlaftis-iii.php,,,17.5,,,,,,5.0,George Karlaftis,2026-07-31,KCC
/nfl/rankings/dl-cheatsheets.php,redraft-dl,rp,Abdul Carter,27022,DL,NYG,27.63,22.07,13,85,,abdul-carter.php,,,39.5,,,,,,8.0,Abdul Carter,2026-07-31,NYG
/nfl/rankings/dl-cheatsheets.php,redraft-dl,rp,Cameron Heyward,9862,DL,PIT,27.63,4.27,21,36,,cameron-heyward.php,,,26.8,,,,,-3.0,9.0,Cameron Heyward,2026-07-31,PIT
/nfl/rankings/dl-cheatsheets.php,redraft-dl,rp,Chase Young,19195,DL,NO,28.0,4.36,20,35,,chase-young.php,,,24.6,,,,,,8.0,Chase Young,2026-07-31,NOS
/nfl/rankings/dl-cheatsheets.php,redraft-dl,rp,Jared Verse,25234,DL,CLE,18.43,5.53,12,31,,jared-verse.php,,,55.0,,,,,,11.0,Jared Verse,2026-07-31,CLE
/nfl/rankings/dl-cheatsheets.php,redraft-dl,rp,Dallas Turner,26097,DL,MIN,29.0,9.77,18,45,,dallas-turner.php,,,37.8,,,,,,6.0,Dallas Turner,2026-07-31,MIN
/nfl/rankings/dl-cheatsheets.php,redraft-dl,rp,Travon Walker,23724,DL,JAC,29.13,3.18,24,33,,travon-walker.php,,,26.0,,,,,,7.0,Travon Walker,2026-07-31,JAC
/nfl/rankings/dl-cheatsheets.php,redraft-dl,rp,Nik Bonitto,23763,DL,DEN,18.71,11.11,8,44,,nik-bonitto.php,,,54.6,,,,,,10.0,Nik Bonitto,2026-07-31,DEN
/nfl/rankings/dl-cheatsheets.php,redraft-dl,rp,Josh Sweat,17363,DL,ARI,30.38,5.96,24,38,,josh-sweat.php,,,22.7,,,,,,14.0,Josh Sweat,2026-07-31,ARI
/nfl/rankings/dl-cheatsheets.php,redraft-dl,rp,Micah Parsons,19784,LB,GB,31.13,5.33,23,40,,micah-parsons.php,,,59.6,,,,,,11.0,Micah Parsons,2026-07-31,GBP
/nfl/rankings/dl-cheatsheets.php,redraft-dl,rp,Bradley Chubb,17277,LB,BUF,31.38,2.55,26,34,,bradley-chubb.php,,,17.5,,,,,,7.0,Bradley Chubb,2026-07-31,BUF
/nfl/rankings/dl-cheatsheets.php,redraft-dl,rp,Jonathan Greenard,19276,DL,PHI,32.88,8.96,22,50,,jonathan-greenard.php,,,33.1,,,,,,10.0,Jonathan Greenard,2026-07-31,PHI
/nfl/rankings/dl-cheatsheets.php,redraft-dl,rp,Trey Hendrickson,16719,DL,BAL,23.14,10.36,12,47,,trey-hendrickson.php,,,47.3,,,,,,13.0,Trey Hendrickson,2026-07-31,BAL
/nfl/rankings/dl-cheatsheets.php,redraft-dl,rp,Arvell Reese,28053,LB,NYG,23.29,16.22,9,54,,arvell-reese.php,,,0.0,,,,,8.0,8.0,Arvell Reese,2026-07-31,NYG
/nfl/rankings/dl-cheatsheets.php,redraft-dl,rp,Derrick Brown,19205,DL,CAR,33.5,7.83,19,47,,derrick-brown.php,,,30.1,,,,,,5.0,Derrick Brown,2026-07-31,CAR
/nfl/rankings/dl-cheatsheets.php,redraft-dl,rp,Rashan Gary,18209,LB,DAL,35.88,4.43,29,41,,rashan-gary.php,,,26.4,,,,,,14.0,Rashan Gary,2026-07-31,DAL
/nfl/rankings/dl-cheatsheets.php,redraft-dl,rp,Jonathon Cooper,22821,DL,DEN,37.38,5.38,28,43,,jonathon-cooper.php,,,12.6,,,,,,10.0,Jonathon Cooper,2026-07-31,DEN
/nfl/rankings/dl-cheatsheets.php,redraft-dl,rp,Quinnen Williams,18200,DL,DAL,39.38,8.01,28,54,,quinnen-williams.php,,,35.9,,,,,,14.0,Quinnen Williams,2026-07-31,DAL
/nfl/rankings/dl-cheatsheets.php,redraft-dl,rp,Harold Landry III,17330,LB,NE,47.25,38.58,26,148,,harold-landry.php,,,30.6,,,,,,11.0,Harold Landry,2026-07-31,NEP
/nfl/rankings/dl-cheatsheets.php,redraft-dl,rp,Chop Robinson,26105,DL,MIA,42.88,3.26,39,50,,chop-robinson.php,,,17.2,,,,,,6.0,Chop Robinson,2026-07-31,MIA
/nfl/rankings/dl-cheatsheets.php,redraft-dl,rp,Alex Wright,24540,DL,CLE,47.13,12.09,36,68,,alex-wright.php,,,7.1,,,,,,11.0,Alex Wright,2026-07-31,CLE
/nfl/rankings/dl-cheatsheets.php,redraft-dl,rp,Zach Allen,18221,DL,DEN,40.71,9.59,26,55,,zach-allen.php,,,20.9,,,,,,10.0,Zach Allen,2026-07-31,DEN
/nfl/rankings/dl-cheatsheets.php,redraft-dl,rp,DeMarcus Lawrence,12217,DL,SEA,48.88,14.29,35,83,,demarcus-lawrence.php,,,20.3,,,,,,11.0,DeMarcus Lawrence,2026-07-31,SEA
/nfl/rankings/dl-cheatsheets.php,redraft-dl,rp,Jermaine Johnson II,23733,DL,TEN,41.71,3.95,37,48,,jermaine-johnson.php,,,5.9,,,,,,9.0,Jermaine Johnson,2026-07-31,TEN
/nfl/rankings/dl-cheatsheets.php,redraft-dl,rp,Carl Granderson,18295,DL,NO,50.0,9.66,34,68,,carl-granderson.php,,,31.0,,,,,,8.0,Carl Granderson,2026-07-31,NOS
/nfl/rankings/dl-cheatsheets.php,redraft-dl,rp,Khalil Mack,12169,LB,LAC,45.71,9.08,35,62,,khalil-mack.php,,,15.9,,,,,,7.0,Khalil Mack,2026-07-31,LAC
/nfl/rankings/dl-cheatsheets.php,redraft-dl,rp,Kobie Turner,25283,DL,LAR,46.71,6.18,37,59,,kobie-turner.php,,,18.1,,,,,,11.0,Kobie Turner,2026-07-31,LAR
/nfl/rankings/dl-cheatsheets.php,redraft-dl,rp,Zach Sieler,17548,DL,MIA,47.43,9.63,33,61,,zach-sieler.php,,,15.1,,,,,,6.0,Zach Sieler,2026-07-31,MIA
/nfl/rankings/dl-cheatsheets.php,redraft-dl,rp,Austin Booker,26313,LB,CHI,48.29,13.32,35,78,,austin-booker.php,,,10.7,,,,,,10.0,Austin Booker,2026-07-31,CHI
/nfl/rankings/dl-cheatsheets.php,redraft-dl,rp,Jalen Carter,24703,DL,PHI,49.86,9.66,40,64,,jalen-carter.php,,,33.6,,,,,-5.0,10.0,Jalen Carter,2026-07-31,PHI
/nfl/rankings/dl-cheatsheets.php,redraft-dl,rp,Yaya Diaby,25264,DL,TB,52.0,21.79,31,90,,yaya-diaby.php,,,22.4,,,,,,10.0,YaYa Diaby,2026-07-31,TBB
/nfl/rankings/dl-cheatsheets.php,redraft-dl,rp,Odafe Oweh,22714,DL,WAS,54.0,22.54,35,93,,odafe-oweh.php,,,13.9,,,,,,7.0,Odafe Oweh,2026-07-31,WAS
/nfl/rankings/dl-cheatsheets.php,redraft-dl,rp,Jalon Walker,27027,LB,ATL,59.4,29.82,43,119,,jalon-walker.php,,,16.3,,,,,,11.0,Jalon Walker,2026-07-31,ATL
/nfl/rankings/dl-cheatsheets.php,redraft-dl,rp,Rueben Bain Jr.,28772,DL,TB,65.0,37.62,42,140,,rueben-bain.php,,,38.1,,,,,,10.0,Rueben Bain,2026-07-31,TBB
/nfl/rankings/dl-cheatsheets.php,redraft-dl,rp,Nolan Smith Jr.,24711,DL,PHI,86.0,76.1,43,238,,nolan-smith.php,,,10.9,,,,,14.0,10.0,Nolan Smith,2026-07-31,PHI
/nfl/rankings/dl-cheatsheets.php,redraft-dl,rp,Dexter Lawrence II,18211,DL,CIN,61.6,20.86,41,101,,dexter-lawrence.php,,,22.8,,,,,,6.0,Dexter Lawrence,2026-07-31,CIN
/nfl/rankings/dl-cheatsheets.php,redraft-dl,rp,Myles Murphy,24709,DL,CIN,63.0,13.22,41,80,,myles-murphy.php,,,4.9,,,,,,6.0,Myles Murphy,2026-07-31,CIN
/nfl/rankings/dl-cheatsheets.php,redraft-dl,rp,Chris Jones,15620,DL,KC,63.8,21.1,45,105,,chris-jones-dl.php,,,19.9,,,,,,5.0,Chris Jones,2026-07-31,KCC
/nfl/rankings/dl-cheatsheets.php,redraft-dl,rp,Nick Herbig,25464,LB,PIT,95.4,77.9,46,250,,nick-herbig.php,,,14.2,,,,,,9.0,Nick Herbig,2026-07-31,PIT
/nfl/rankings/dl-cheatsheets.php,redraft-dl,rp,Jalen Redmond,25777,DL,MIN,43.33,10.84,28,51,,jalen-redmond.php,,,19.7,,,,,14.0,6.0,Jalen Redmond,2026-07-31,MIN
/nfl/rankings/dl-cheatsheets.php,redraft-dl,rp,Nnamdi Madubuike,19272,DL,BAL,58.75,15.29,38,81,,justin-madubuike.php,,,20.8,,,,,,13.0,Nnamdi Madubuike,2026-07-31,BAL
/nfl/rankings/dl-cheatsheets.php,redraft-dl,rp,Donovan Ezeiruaku,27033,DL,DAL,75.2,30.69,47,135,,donovan-ezeiruaku.php,,,9.3,,,,,-6.0,14.0,Donovan Ezeiruaku,2026-07-31,DAL
/nfl/rankings/dl-cheatsheets.php,redraft-dl,rp,David Bailey,27191,DL,NYJ,77.0,51.41,45,166,,david-bailey-edge.php,,,34.7,,,,,,13.0,David Bailey,2026-07-31,NYJ
/nfl/rankings/dl-cheatsheets.php,redraft-dl,rp,Byron Murphy II,26221,DL,SEA,49.0,10.68,34,58,,byron-murphy-ii.php,,,15.8,,,,,11.0,11.0,Byron Murphy,2026-07-31,SEA
/nfl/rankings/dl-cheatsheets.php,redraft-dl,rp,Ed Oliver,18202,DL,BUF,52.67,2.87,49,56,,ed-oliver.php,,,22.3,,,,,12.0,7.0,Ed Oliver,2026-07-31,BUF
/nfl/rankings/dl-cheatsheets.php,redraft-dl,rp,James Pearce Jr.,27018,DL,ATL,76.4,25.43,34,112,,james-pearce-jr.php,,,13.7,,,,,,11.0,James Pearce,2026-07-31,ATL
/nfl/rankings/dl-cheatsheets.php,redraft-dl,rp,Josh Uche,19257,DL,MIA,67.75,12.7,52,86,,josh-uche.php,,,4.3,,,,,18.0,6.0,Josh Uche,2026-07-31,MIA
/nfl/rankings/dl-cheatsheets.php,redraft-dl,rp,Vita Vea,17322,DL,TB,68.75,16.99,40,84,,tevita-tuliakiono-tuipulotu-mosese-vahae-fehoko-faletau-vea.php,,,5.0,,,,,13.0,10.0,Vita Vea,2026-07-31,TBB
/nfl/rankings/dl-cheatsheets.php,redraft-dl,rp,Kayvon Thibodeaux,23484,DL,NYG,116.8,95.59,50,306,,kayvon-thibodeaux.php,,,19.1,,,,,-11.0,8.0,Kayvon Thibodeaux,2026-07-31,NYG
/nfl/rankings/dl-cheatsheets.php,redraft-dl,rp,Will McDonald IV,25254,DL,NYJ,118.5,103.7,53,298,,will-mcdonald-iv.php,,,13.2,,,,,,13.0,Will McDonald,2026-07-31,NYJ
/nfl/rankings/dl-cheatsheets.php,redraft-dl,rp,Lukas Van Ness,25291,DL,GB,78.6,17.28,48,95,,lukas-van-ness.php,,,5.8,,,,,,11.0,Lukas Van Ness,2026-07-31,GBP
/nfl/rankings/dl-cheatsheets.php,redraft-dl,rp,Uchenna Nwosu,17448,LB,SEA,79.25,28.17,62,128,,uchenna-nwosu.php,,,4.5,,,,,,11.0,Uchenna Nwosu,2026-07-31,SEA
/nfl/rankings/dl-cheatsheets.php,redraft-dl,rp,Devonte Wyatt,23757,DL,GB,63.67,15.37,42,76,,devonte-wyatt.php,,,5.9,,,,,9.0,11.0,Devonte Wyatt,2026-07-31,GBP
/nfl/rankings/dl-cheatsheets.php,redraft-dl,rp,Dorance Armstrong Jr.,17315,DL,WAS,103.5,69.15,58,223,,dorance-armstrong-jr.php,,,19.4,,,,,,7.0,Dorance Armstrong,2026-07-31,WAS
/nfl/rankings/dl-cheatsheets.php,redraft-dl,rp,Mike Green,27042,LB,BAL,115.5,87.9,51,267,,mike-green-dt.php,,,8.8,,,,,,13.0,Mike Green,2026-07-31,BAL
/nfl/rankings/dl-cheatsheets.php,redraft-dl,rp,Zach Harrison,23485,DL,ATL,65.67,29.41,29,101,,zach-harrison.php,,,8.3,,,,,,11.0,Zach Harrison,2026-07-31,ATL
/nfl/rankings/dl-cheatsheets.php,redraft-dl,rp,Mason Graham,27010,DL,CLE,75.5,13.65,52,85,,mason-graham.php,,,9.5,,,,,,11.0,Mason Graham,2026-07-31,CLE
/nfl/rankings/dl-cheatsheets.php,redraft-dl,rp,Jalyx Hunt,26337,LB,PHI,76.0,5.24,69,82,,jalyx-hunt.php,,,13.2,,,,,-11.0,10.0,Jalyx Hunt,2026-07-31,PHI
/nfl/rankings/dl-cheatsheets.php,redraft-dl,rp,Jonathan Allen,16371,DL,CIN,67.67,13.96,48,79,,jonathan-allen.php,,,10.2,,,,,,6.0,Jonathan Allen,2026-07-31,CIN
/nfl/rankings/dl-cheatsheets.php,redraft-dl,rp,Tavius Robinson,25478,DL,BAL,55.5,20.5,35,76,,tavius-robinson.php,,,2.7,,,,,19.0,13.0,Tavius Robinson,2026-07-31,BAL
/nfl/rankings/dl-cheatsheets.php,redraft-dl,rp,Zaven Collins,22698,LB,ARI,89.75,30.82,69,143,,zaven-collins.php,,,6.7,,,,,-11.0,14.0,Zaven Collins,2026-07-31,ARI
/nfl/rankings/dl-cheatsheets.php,redraft-dl,rp,Cameron Jordan,9886,DL,NO,57.0,4.0,53,61,,cameron-jordan.php,,,7.8,,,,,16.0,8.0,Cameron Jordan,2026-07-31,NOS
/nfl/rankings/dl-cheatsheets.php,redraft-dl,rp,Boye Mafe,23736,DL,CIN,85.5,23.92,64,124,,boye-mafe.php,,,17.3,,,,,,6.0,Boye Mafe,2026-07-31,CIN
/nfl/rankings/dl-cheatsheets.php,redraft-dl,rp,Jordan Davis,22761,DL,PHI,80.5,8.73,71,94,,jordan-davis.php,,,16.8,,,,,-20.0,10.0,Jordan Davis,2026-07-31,PHI
/nfl/rankings/dl-cheatsheets.php,redraft-dl,rp,John Franklin-Myers,17623,DL,TEN,73.33,22.87,41,90,,john-franklin-meyers.php,,,4.3,,,,,15.0,9.0,John Franklin-Myers,2026-07-31,TEN
/nfl/rankings/dl-cheatsheets.php,redraft-dl,rp,Arden Key,17279,DL,IND,73.33,5.56,68,81,,arden-key.php,,,2.9,,,,,18.0,13.0,Arden Key,2026-07-31,IND
/nfl/rankings/dl-cheatsheets.php,redraft-dl,rp,Walter Nolen III,27030,DL,ARI,74.33,14.43,54,86,,walter-nolen.php,,,5.8,,,,,,14.0,Walter Nolen,2026-07-31,ARI
/nfl/rankings/dl-cheatsheets.php,redraft-dl,rp,Keldric Faulk,27951,DL,TEN,123.75,81.56,75,265,,keldric-faulk.php,,,24.8,,,,,-12.0,9.0,Keldric Faulk,2026-07-31,TEN
/nfl/rankings/dl-cheatsheets.php,redraft-dl,rp,Calijah Kancey,23865,DL,TB,77.33,8.81,65,85,,calijah-kancey.php,,,19.0,,,,,14.0,10.0,Calijah Kancey,2026-07-31,TBB
/nfl/rankings/dl-cheatsheets.php,redraft-dl,rp,DJ Wonnum,19355,DL,DET,83.75,4.49,79,90,,dj-wonnum.php,,,4.6,,,,,,6.0,DJ Wonnum,2026-07-31,DET
/nfl/rankings/dl-cheatsheets.php,redraft-dl,rp,A'Shawn Robinson,15503,DL,TB,74.0,28.0,46,102,,a-shawn-robinson.php,,,5.4,,,,,10.0,10.0,AShawn Robinson,2026-07-31,TBB
/nfl/rankings/dl-cheatsheets.php,redraft-dl,rp,Milton Williams,23209,DL,NE,84.0,5.72,76,89,,milton-williams.php,,,13.0,,,,,,11.0,Milton Williams,2026-07-31,NEP
/nfl/rankings/dl-cheatsheets.php,redraft-dl,rp,Daron Payne,17281,DL,WAS,84.33,8.73,72,91,,daron-payne.php,,,4.5,,,,,,7.0,DaRon Payne,2026-07-31,WAS
/nfl/rankings/dl-cheatsheets.php,redraft-dl,rp,Brandon Dorlus,26184,DL,ATL,84.67,20.27,56,99,,brandon-dorlus.php,,,3.4,,,,,,11.0,Brandon Dorlus,2026-07-31,ATL
/nfl/rankings/dl-cheatsheets.php,redraft-dl,rp,Mykel Williams,27013,DL,SF,92.75,10.69,84,111,,mykel-williams.php,,,8.7,,,,,,8.0,Mykel Williams,2026-07-31,SFO
/nfl/rankings/dl-cheatsheets.php,redraft-dl,rp,Kwity Paye,22682,DL,LV,92.75,10.03,85,110,,kwity-paye.php,,,4.0,,,,,,13.0,Kwity Paye,2026-07-31,LVR
/nfl/rankings/dl-cheatsheets.php,redraft-dl,rp,Gervon Dexter Sr.,25246,DL,CHI,87.67,14.61,67,98,,gervon-dexter-sr.php,,,4.4,,,,,,10.0,Gervon Dexter,2026-07-31,CHI
/nfl/rankings/dl-cheatsheets.php,redraft-dl,rp,Derrick Harmon,27029,DL,PIT,95.33,21.82,77,126,,derrick-harmon.php,,,3.0,,,,,,9.0,Derrick Harmon,2026-07-31,PIT
/nfl/rankings/dl-cheatsheets.php,redraft-dl,rp,Travis Jones,23799,DL,BAL,88.0,16.97,64,100,,travis-jones.php,,,6.3,,,,,,13.0,Travis Jones,2026-07-31,BAL
/nfl/rankings/dl-cheatsheets.php,redraft-dl,rp,Dre'Mont Jones,18212,DL,NE,88.0,12.73,70,97,,dremont-jones.php,,,4.8,,,,,,11.0,DreMont Jones,2026-07-31,NEP
/nfl/rankings/dl-cheatsheets.php,redraft-dl,rp,K'Lavon Chaisson,19228,DL,WAS,88.33,4.5,82,92,,klavon-chaisson.php,,,4.9,,,,,-17.0,7.0,KLavon Chaisson,2026-07-31,WAS
/nfl/rankings/dl-cheatsheets.php,redraft-dl,rp,Joseph Ossai,22696,DL,NYJ,91.0,4.97,84,95,,joseph-ossai.php,,,3.2,,,,,,13.0,Joseph Ossai,2026-07-31,NYJ
/nfl/rankings/dl-cheatsheets.php,redraft-dl,rp,Akheem Mesidor,27078,DL,LAC,168.0,100.0,68,268,,akheem-mesidor.php,,,25.3,,,,,,7.0,Akheem Mesidor,2026-07-31,LAC
/nfl/rankings/dl-cheatsheets.php,redraft-dl,rp,Calais Campbell,10585,DL,BAL,116.5,46.5,70,163,,calais-campbell.php,,,7.4,,,,,,13.0,Calais Campbell,2026-07-31,BAL
/nfl/rankings/dl-cheatsheets.php,redraft-dl,rp,Tyree Wilson,25237,DL,NO,193.5,121.5,72,315,,tyree-wilson.php,,,2.2,,,,,,8.0,Tyree Wilson,2026-07-31,NOS
/nfl/rankings/dl-cheatsheets.php,redraft-dl,rp,Zion Young,28091,DL,BAL,175.0,101.0,74,276,,zion-young.php,,,2.3,,,,,,13.0,Zion Young,2026-07-31,BAL
/nfl/rankings/dl-cheatsheets.php,redraft-dl,rp,Malachi Lawrence,28203,DL,DAL,195.5,117.5,78,313,,malachi-lawrence.php,,,13.2,,,,,,14.0,Malachi Lawrence,2026-07-31,DAL
/nfl/rankings/dl-cheatsheets.php,redraft-dl,rp,A.J. Epenesa,19204,DL,PHI,153.5,74.5,79,228,,aj-epenesa.php,,,1.1,,,,,59.0,10.0,AJ Epenesa,2026-07-31,PHI
/nfl/rankings/dl-cheatsheets.php,redraft-dl,rp,T'Vondre Sweat,26206,DL,NYJ,109.0,22.63,93,141,,tvondre-sweat.php,,,2.1,,,,,,13.0,TVondre Sweat,2026-07-31,NYJ
/nfl/rankings/dl-cheatsheets.php,redraft-dl,rp,Christian Barmore,22691,DL,NE,98.0,2.83,96,102,,christian-barmore.php,,,2.3,,,,,,11.0,Christian Barmore,2026-07-31,NEP
/nfl/rankings/dl-cheatsheets.php,redraft-dl,rp,Princely Umanmielen,26130,DL,CAR,171.0,83.0,88,254,,princely-umanmielen.php,,,2.2,,,,,147.0,5.0,Princely Umanmielen,2026-07-31,CAR
/nfl/rankings/dst-cheatsheets.php,redraft-dst,rp,Houston Texans,8120,DST,HOU,1.6,1.07,1,6,,houston-defense.php,,,95.0,,,,,,8.0,Houston Texans,2026-07-31,HOU
/nfl/rankings/dst-cheatsheets.php,redraft-dst,rp,Denver Broncos,8090,DST,DEN,2.83,1.18,1,5,,denver-defense.php,,,92.2,,,,,,10.0,Denver Broncos,2026-07-31,DEN
/nfl/rankings/dst-cheatsheets.php,redraft-dst,rp,Los Angeles Rams,8280,DST,LAR,3.17,1.36,1,8,,los-angeles-rams-defense.php,,,84.2,,,,,,11.0,Los Angeles Rams,2026-07-31,LAR
/nfl/rankings/dst-cheatsheets.php,redraft-dst,rp,Seattle Seahawks,8260,DST,SEA,3.2,1.06,1,7,,seattle-defense.php,,,95.1,,,,,,11.0,Seattle Seahawks,2026-07-31,SEA
/nfl/rankings/dst-cheatsheets.php,redraft-dst,rp,Philadelphia Eagles,8230,DST,PHI,5.86,2.29,3,16,,philadelphia-defense.php,,,83.8,,,,,,10.0,Philadelphia Eagles,2026-07-31,PHI
/nfl/rankings/dst-cheatsheets.php,redraft-dst,rp,New England Patriots,8180,DST,NE,7.46,2.33,5,18,,new-england-defense.php,,,79.6,,,,,,11.0,New England Patriots,2026-07-31,NEP
/nfl/rankings/dst-cheatsheets.php,redraft-dst,rp,Jacksonville Jaguars,8140,DST,JAC,8.58,2.28,5,16,,jacksonville-defense.php,,,67.7,,,,,2.0,7.0,Jacksonville Jaguars,2026-07-31,JAC
/nfl/rankings/dst-cheatsheets.php,redraft-dst,rp,Minnesota Vikings,8170,DST,MIN,8.26,3.36,4,23,,minnesota-defense.php,,,62.7,,,,,,6.0,Minnesota Vikings,2026-07-31,MIN
/nfl/rankings/dst-cheatsheets.php,redraft-dst,rp,Pittsburgh Steelers,8240,DST,PIT,9.23,3.01,5,20,,pittsburgh-defense.php,,,70.5,,,,,,9.0,Pittsburgh Steelers,2026-07-31,PIT
/nfl/rankings/dst-cheatsheets.php,redraft-dst,rp,Los Angeles Chargers,8250,DST,LAC,11.03,2.32,8,17,,los-angeles-chargers-defense.php,,,50.0,,,,,,7.0,Los Angeles Chargers,2026-07-31,LAC
/nfl/rankings/dst-cheatsheets.php,redraft-dst,rp,Baltimore Ravens,8020,DST,BAL,11.09,3.24,5,19,,baltimore-defense.php,,,47.8,,,,,,13.0,Baltimore Ravens,2026-07-31,BAL
/nfl/rankings/dst-cheatsheets.php,redraft-dst,rp,Green Bay Packers,8110,DST,GB,13.25,3.29,8,21,,green-bay-defense.php,,,31.9,,,,,,11.0,Green Bay Packers,2026-07-31,GBP
/nfl/rankings/dst-cheatsheets.php,redraft-dst,rp,Detroit Lions,8100,DST,DET,13.56,2.29,9,18,,detroit-defense.php,,,50.6,,,,,,6.0,Detroit Lions,2026-07-31,DET
/nfl/rankings/dst-cheatsheets.php,redraft-dst,rp,Kansas City Chiefs,8150,DST,KC,14.23,2.55,8,22,,kansas-city-defense.php,,,24.5,,,,,,5.0,Kansas City Chiefs,2026-07-31,KCC
/nfl/rankings/dst-cheatsheets.php,redraft-dst,rp,Buffalo Bills,8030,DST,BUF,14.97,2.78,10,25,,buffalo-defense.php,,,31.3,,,,,,7.0,Buffalo Bills,2026-07-31,BUF
/nfl/rankings/dst-cheatsheets.php,redraft-dst,rp,Cleveland Browns,8070,DST,CLE,15.78,5.64,2,26,,cleveland-defense.php,,,25.2,,,,,,11.0,Cleveland Browns,2026-07-31,CLE
/nfl/rankings/dst-cheatsheets.php,redraft-dst,rp,San Francisco 49ers,8270,DST,SF,17.86,3.56,10,27,,san-francisco-defense.php,,,27.7,,,,,,8.0,San Francisco 49ers,2026-07-31,SFO
/nfl/rankings/dst-cheatsheets.php,redraft-dst,rp,New Orleans Saints,8190,DST,NO,19.19,4.2,5,26,,new-orleans-defense.php,,,21.9,,,,,,8.0,New Orleans Saints,2026-07-31,NOS
/nfl/rankings/dst-cheatsheets.php,redraft-dst,rp,Chicago Bears,8050,DST,CHI,19.41,3.92,10,29,,chicago-defense.php,,,15.4,,,,,,10.0,Chicago Bears,2026-07-31,CHI
/nfl/rankings/dst-cheatsheets.php,redraft-dst,rp,Atlanta Falcons,8010,DST,ATL,19.33,3.92,13,32,,atlanta-defense.php,,,12.9,,,,,,11.0,Atlanta Falcons,2026-07-31,ATL
/nfl/rankings/dst-cheatsheets.php,redraft-dst,rp,Indianapolis Colts,8130,DST,IND,20.63,2.74,15,28,,indianapolis-defense.php,,,19.3,,,,,,13.0,Indianapolis Colts,2026-07-31,IND
/nfl/rankings/dst-cheatsheets.php,redraft-dst,rp,New York Giants,8200,DST,NYG,21.58,4.25,5,27,,new-york-giants-defense.php,,,24.2,,,,,,8.0,New York Giants,2026-07-31,NYG
/nfl/rankings/dst-cheatsheets.php,redraft-dst,rp,Dallas Cowboys,8080,DST,DAL,21.66,5.48,6,31,,dallas-defense.php,,,20.4,,,,,,14.0,Dallas Cowboys,2026-07-31,DAL
/nfl/rankings/dst-cheatsheets.php,redraft-dst,rp,Tampa Bay Buccaneers,8290,DST,TB,22.19,3.71,9,26,,tampa-bay-defense.php,,,22.5,,,,,,10.0,Tampa Bay Buccaneers,2026-07-31,TBB
/nfl/rankings/dst-cheatsheets.php,redraft-dst,rp,Carolina Panthers,8040,DST,CAR,22.82,3.06,15,29,,carolina-defense.php,,,6.1,,,,,,5.0,Carolina Panthers,2026-07-31,CAR
/nfl/rankings/dst-cheatsheets.php,redraft-dst,rp,Tennessee Titans,8300,DST,TEN,25.54,3.29,11,31,,tennessee-defense.php,,,13.9,,,,,,9.0,Tennessee Titans,2026-07-31,TEN
/nfl/rankings/dst-cheatsheets.php,redraft-dst,rp,Cincinnati Bengals,8060,DST,CIN,24.75,4.23,15,31,,cincinnati-defense.php,,,4.8,,,,,,6.0,Cincinnati Bengals,2026-07-31,CIN
/nfl/rankings/dst-cheatsheets.php,redraft-dst,rp,Washington Commanders,8310,DST,WAS,26.65,3.55,11,31,,washington-defense.php,,,17.2,,,,,,7.0,Washington Commanders,2026-07-31,WAS
/nfl/rankings/dst-cheatsheets.php,redraft-dst,rp,Miami Dolphins,8160,DST,MIA,27.26,4.41,8,31,,miami-defense.php,,,9.5,,,,,,6.0,Miami Dolphins,2026-07-31,MIA
/nfl/rankings/dst-cheatsheets.php,redraft-dst,rp,Las Vegas Raiders,8220,DST,LV,28.85,2.01,23,32,,las-vegas-defense.php,,,10.0,,,,,,13.0,Las Vegas Raiders,2026-07-31,LVR
/nfl/rankings/dst-cheatsheets.php,redraft-dst,rp,New York Jets,8210,DST,NYJ,30.13,1.76,26,32,,new-york-jets-defense.php,,,8.4,,,,,,13.0,New York Jets,2026-07-31,NYJ
/nfl/rankings/dst-cheatsheets.php,redraft-dst,rp,Arizona Cardinals,8000,DST,ARI,31.67,0.64,30,32,,arizona-defense.php,,,4.9,,,,,,14.0,Arizona Cardinals,2026-07-31,ARI
/nfl/rankings/idp-cheatsheets.php,redraft-idp,ro,Jordyn Brooks,19292,LB,MIA,1.29,0.45,1,2,,jordyn-brooks.php,,,81.8,,,,,,6.0,Jordyn Brooks,2026-07-31,MIA
/nfl/rankings/idp-cheatsheets.php,redraft-idp,ro,Jack Campbell,25435,LB,DET,2.86,0.99,2,5,,jack-campbell.php,,,88.3,,,,,,6.0,Jack Campbell,2026-07-31,DET
/nfl/rankings/idp-cheatsheets.php,redraft-idp,ro,Carson Schwesinger,27236,LB,CLE,3.57,1.5,2,7,,carson-schwesinger.php,,,80.3,,,,,,11.0,Carson Schwesinger,2026-07-31,CLE
/nfl/rankings/idp-cheatsheets.php,redraft-idp,ro,Roquan Smith,17311,LB,BAL,3.86,1.36,1,6,,roquan-smith.php,,,74.6,,,,,,13.0,Roquan Smith,2026-07-31,BAL
/nfl/rankings/idp-cheatsheets.php,redraft-idp,ro,Ernest Jones IV,23245,LB,SEA,6.14,0.99,5,8,,ernest-jones.php,,,58.0,,,,,,11.0,Ernest Jones,2026-07-31,SEA
/nfl/rankings/idp-cheatsheets.php,redraft-idp,ro,Foyesade Oluokun,17607,LB,JAC,6.71,2.43,3,10,,foyesade-oluokun.php,,,74.7,,,,,,7.0,Foyesade Oluokun,2026-07-31,JAC
/nfl/rankings/idp-cheatsheets.php,redraft-idp,ro,Blake Cashman,18421,LB,MIN,7.86,2.53,5,13,,blake-cashman.php,,,61.4,,,,,,6.0,Blake Cashman,2026-07-31,MIN
/nfl/rankings/idp-cheatsheets.php,redraft-idp,ro,Fred Warner,17526,LB,SF,8.14,1.73,6,12,,fred-warner.php,,,82.2,,,,,,8.0,Fred Warner,2026-07-31,SFO
/nfl/rankings/idp-cheatsheets.php,redraft-idp,ro,Jamien Sherwood,23194,LB,NYJ,10.0,0.93,9,12,,jamien-sherwood.php,,,60.1,,,,,,13.0,Jamien Sherwood,2026-07-31,NYJ
/nfl/rankings/idp-cheatsheets.php,redraft-idp,ro,Quay Walker,23729,LB,LV,12.14,1.55,11,15,,quay-walker.php,,,57.6,,,,,,13.0,Quay Walker,2026-07-31,LVR
/nfl/rankings/idp-cheatsheets.php,redraft-idp,ro,Zack Baun,19238,LB,PHI,12.43,3.74,8,17,,zack-baun.php,,,64.5,,,,,,10.0,Zack Baun,2026-07-31,PHI
/nfl/rankings/idp-cheatsheets.php,redraft-idp,ro,Nick Bolton,22689,LB,KC,13.71,1.28,12,16,,nick-bolton.php,,,75.5,,,,,,5.0,Nick Bolton,2026-07-31,KCC
/nfl/rankings/idp-cheatsheets.php,redraft-idp,ro,Nate Landman,24674,LB,LAR,15.86,2.29,14,21,,nathan-landman.php,,,56.2,,,,,2.0,11.0,Nate Landman,2026-07-31,LAR
/nfl/rankings/idp-cheatsheets.php,redraft-idp,ro,Aidan Hutchinson,22738,DL,DET,16.29,5.15,6,23,,aidan-hutchinson.php,,,78.5,,,,,,6.0,Aidan Hutchinson,2026-07-31,DET
/nfl/rankings/idp-cheatsheets.php,redraft-idp,ro,Myles Garrett,16370,DL,LAR,16.86,12.02,9,46,,myles-garrett.php,,,90.0,,,,,-3.0,11.0,Myles Garrett,2026-07-31,LAR
/nfl/rankings/idp-cheatsheets.php,redraft-idp,ro,Alex Singleton,14399,LB,DEN,17.57,7.48,11,35,,alex-singleton.php,,,49.7,,,,,,10.0,Alex Singleton,2026-07-31,DEN
/nfl/rankings/idp-cheatsheets.php,redraft-idp,ro,Zaire Franklin,17563,LB,GB,20.71,6.25,13,33,,zaire-franklin.php,,,47.0,,,,,,11.0,Zaire Franklin,2026-07-31,GBP
/nfl/rankings/idp-cheatsheets.php,redraft-idp,ro,Tremaine Edmunds,17342,LB,NYG,21.14,5.41,12,30,,tremaine-edmunds.php,,,41.9,,,,,,8.0,Tremaine Edmunds,2026-07-31,NYG
/nfl/rankings/idp-cheatsheets.php,redraft-idp,ro,Derwin James Jr.,17310,DB,LAC,24.29,4.83,18,34,,derwin-james.php,,,68.7,,,,,3.0,7.0,Derwin James,2026-07-31,LAC
/nfl/rankings/idp-cheatsheets.php,redraft-idp,ro,Robert Spillane,18103,LB,NE,24.86,10.11,16,49,,robert-spillane.php,,,46.2,,,,,,11.0,Robert Spillane,2026-07-31,NEP
/nfl/rankings/idp-cheatsheets.php,redraft-idp,ro,Edgerrin Cooper,26137,LB,GB,25.86,6.85,17,37,,edgerrin-cooper.php,,,50.3,,,,,,11.0,Edgerrin Cooper,2026-07-31,GBP
/nfl/rankings/idp-cheatsheets.php,redraft-idp,ro,Cedric Gray,26168,LB,TEN,26.14,16.75,7,55,,cedric-gray.php,,,63.7,,,,,,9.0,Cedric Gray,2026-07-31,TEN
/nfl/rankings/idp-cheatsheets.php,redraft-idp,ro,T.J. Edwards,18281,LB,CHI,26.14,8.68,18,44,,tj-edwards.php,,,29.7,,,,,3.0,10.0,TJ Edwards,2026-07-31,CHI
/nfl/rankings/idp-cheatsheets.php,redraft-idp,ro,Jessie Bates III,17544,DB,ATL,29.29,3.84,23,36,,jessie-bates-iii.php,,,37.7,,,,,4.0,11.0,Jessie Bates,2026-07-31,ATL
/nfl/rankings/idp-cheatsheets.php,redraft-idp,ro,Sonny Styles,27216,LB,WAS,29.57,11.64,18,56,,sonny-styles.php,,,60.7,,,,,-3.0,7.0,Sonny Styles,2026-07-31,WAS
/nfl/rankings/idp-cheatsheets.php,redraft-idp,ro,Kyle Hamilton,23494,DB,BAL,29.86,11.87,19,58,,kyle-hamilton.php,,,80.0,,,,,,13.0,Kyle Hamilton,2026-07-31,BAL
/nfl/rankings/idp-cheatsheets.php,redraft-idp,ro,Nick Cross,24198,DB,WAS,30.0,1.51,27,32,,nick-cross.php,,,55.6,,,,,4.0,7.0,Nick Cross,2026-07-31,WAS
/nfl/rankings/idp-cheatsheets.php,redraft-idp,ro,Maxx Crosby,18702,DL,LV,30.43,8.94,22,49,,maxx-crosby.php,,,81.9,,,,,-3.0,13.0,Maxx Crosby,2026-07-31,LVR
/nfl/rankings/idp-cheatsheets.php,redraft-idp,ro,Budda Baker,16733,DB,ARI,30.57,4.1,25,38,,budda-baker.php,,,58.9,,,,,,14.0,Budda Baker,2026-07-31,ARI
/nfl/rankings/idp-cheatsheets.php,redraft-idp,ro,Nick Emmanwori,27053,DB,SEA,36.14,19.71,20,81,,nick-emmanwori.php,,,64.7,,,,,,11.0,Nick Emmanwori,2026-07-31,SEA
/nfl/rankings/idp-cheatsheets.php,redraft-idp,ro,Kaden Elliss,18716,LB,NO,36.29,8.88,24,51,,kaden-elliss.php,,,28.5,,,,,7.0,8.0,Kaden Elliss,2026-07-31,NOS
/nfl/rankings/idp-cheatsheets.php,redraft-idp,ro,Will Anderson Jr.,24717,DL,HOU,36.57,22.98,16,85,,will-anderson.php,,,74.7,,,,,-7.0,8.0,Will Anderson,2026-07-31,HOU
/nfl/rankings/idp-cheatsheets.php,redraft-idp,ro,Tykee Smith,23751,DB,TB,36.57,2.87,34,43,,tykee-smith.php,,,55.9,,,,,,10.0,Tykee Smith,2026-07-31,TBB
/nfl/rankings/idp-cheatsheets.php,redraft-idp,ro,Daiyan Henley,25436,LB,LAC,37.29,7.09,27,49,,daiyanhenley.php,,,44.7,,,,,,7.0,Daiyan Henley,2026-07-31,LAC
/nfl/rankings/idp-cheatsheets.php,redraft-idp,ro,Jeremy Chinn,19429,DB,LV,39.43,3.16,37,46,,jeremy-chinn.php,,,42.1,,,,,,13.0,Jeremy Chinn,2026-07-31,LVR
/nfl/rankings/idp-cheatsheets.php,redraft-idp,ro,CJ Allen,27970,LB,IND,41.14,12.32,22,58,,cj-allen.php,,,33.0,,,,,,13.0,CJ Allen,2026-07-31,IND
/nfl/rankings/idp-cheatsheets.php,redraft-idp,ro,Devin Bush Jr.,18237,LB,CHI,42.0,13.53,27,67,,devin-bush.php,,,41.7,,,,,-5.0,10.0,Devin Bush,2026-07-31,CHI
/nfl/rankings/idp-cheatsheets.php,redraft-idp,ro,Azeez Al-Shaair,18361,LB,HOU,42.71,12.07,29,66,,azeez-al-shaair.php,,,33.0,,,,,,8.0,Azeez Al-Shaair,2026-07-31,HOU
/nfl/rankings/idp-cheatsheets.php,redraft-idp,ro,Kam Curl,19459,DB,LAR,43.14,11.9,32,63,,kamren-curl.php,,,55.6,,,,,-7.0,11.0,Kam Curl,2026-07-31,LAR
/nfl/rankings/idp-cheatsheets.php,redraft-idp,ro,Terrel Bernard,23772,LB,BUF,44.43,6.65,31,52,,terrel-bernard.php,,,38.5,,,,,6.0,7.0,Terrel Bernard,2026-07-31,BUF
/nfl/rankings/idp-cheatsheets.php,redraft-idp,ro,Jordan Battle,23471,DB,CIN,44.86,9.48,29,59,,jordan-battle.php,,,31.9,,,,,8.0,6.0,Jordan Battle,2026-07-31,CIN
/nfl/rankings/idp-cheatsheets.php,redraft-idp,ro,Devin Lloyd,23710,LB,CAR,47.29,14.88,36,83,,devin-lloyd.php,,,45.4,,,,,,5.0,Devin Lloyd,2026-07-31,CAR
/nfl/rankings/idp-cheatsheets.php,redraft-idp,ro,Patrick Queen,19421,LB,PIT,47.43,10.74,38,72,,patrick-queen.php,,,38.2,,,,,,9.0,Patrick Queen,2026-07-31,PIT
/nfl/rankings/idp-cheatsheets.php,redraft-idp,ro,Tre'von Moehrig,22699,DB,CAR,47.86,4.76,39,56,,trevon-moehrig.php,,,44.1,,,,,,5.0,Trevon Moehrig,2026-07-31,CAR
/nfl/rankings/idp-cheatsheets.php,redraft-idp,ro,Xavier McKinney,19216,DB,GB,48.57,11.25,38,71,,xavier-mckinney.php,,,40.6,,,,,,11.0,Xavier McKinney,2026-07-31,GBP
/nfl/rankings/idp-cheatsheets.php,redraft-idp,ro,Nick Bosa,18199,DL,SF,49.0,14.82,35,76,,nick-bosa.php,,,71.7,,,,,-7.0,8.0,Nick Bosa,2026-07-31,SFO
/nfl/rankings/idp-cheatsheets.php,redraft-idp,ro,Divine Deablo,23208,LB,ATL,49.86,12.21,28,70,,divine-deablo.php,,,37.2,,,,,,11.0,Divine Deablo,2026-07-31,ATL
/nfl/rankings/idp-cheatsheets.php,redraft-idp,ro,Talanoa Hufanga,22817,DB,DEN,50.29,5.39,43,60,,talanoa-hufanga.php,,,51.4,,,,,,10.0,Talanoa Hufanga,2026-07-31,DEN
/nfl/rankings/idp-cheatsheets.php,redraft-idp,ro,Kevin Byard III,15635,DB,NE,53.71,4.13,50,63,,kevin-byard.php,,,39.3,,,,,,11.0,Kevin Byard,2026-07-31,NEP
/nfl/rankings/idp-cheatsheets.php,redraft-idp,ro,Brian Branch,25235,DB,DET,54.71,11.28,32,68,,brian-branch.php,,,53.2,,,,,7.0,6.0,Brian Branch,2026-07-31,DET
/nfl/rankings/idp-cheatsheets.php,redraft-idp,ro,Demario Davis,11293,LB,NYJ,55.0,15.83,40,92,,demario-davis.php,,,32.6,,,,,,13.0,Demario Davis,2026-07-31,NYJ
/nfl/rankings/idp-cheatsheets.php,redraft-idp,ro,Quincy Williams,18679,LB,CLE,56.29,13.05,45,83,,quincy-williams.php,,,33.1,,,,,,11.0,Quincy Williams,2026-07-31,CLE
/nfl/rankings/idp-cheatsheets.php,redraft-idp,ro,Antoine Winfield Jr.,19266,DB,TB,57.43,10.63,45,80,,antoine-winfield-s.php,,,34.8,,,,,,10.0,Antoine Winfield,2026-07-31,TBB
/nfl/rankings/idp-cheatsheets.php,redraft-idp,ro,Quentin Lake,24302,DB,LAR,57.57,13.53,43,88,,quentin-lake.php,,,34.9,,,,,,11.0,Quentin Lake,2026-07-31,LAR
/nfl/rankings/idp-cheatsheets.php,redraft-idp,ro,Nakobe Dean,23702,LB,LV,57.71,7.0,50,71,,nakobe-dean.php,,,62.5,,,,,,13.0,Nakobe Dean,2026-07-31,LVR
/nfl/rankings/idp-cheatsheets.php,redraft-idp,ro,Jeffery Simmons,18207,DL,TEN,54.67,9.69,43,72,,jeffery-simmons.php,,,74.0,,,,,,9.0,Jeffery Simmons,2026-07-31,TEN
/nfl/rankings/idp-cheatsheets.php,redraft-idp,ro,Alex Anzalone,16720,LB,TB,61.29,16.23,46,95,,alex-anzalone.php,,,26.3,,,,,,10.0,Alex Anzalone,2026-07-31,TBB
/nfl/rankings/idp-cheatsheets.php,redraft-idp,ro,Barrett Carter,26108,LB,CIN,62.0,7.25,48,73,,barrett-carter.php,,,26.1,,,,,,6.0,Barrett Carter,2026-07-31,CIN
/nfl/rankings/idp-cheatsheets.php,redraft-idp,ro,Mack Wilson Sr.,18251,LB,ARI,63.29,12.83,42,82,,mack-wilson.php,,,15.9,,,,,,14.0,Mack Wilson,2026-07-31,ARI
/nfl/rankings/idp-cheatsheets.php,redraft-idp,ro,Tyrel Dodson,18584,LB,MIA,64.29,17.07,41,96,,tyrel-dodson.php,,,39.3,,,,,,6.0,Tyrel Dodson,2026-07-31,MIA
/nfl/rankings/idp-cheatsheets.php,redraft-idp,ro,DeShon Elliott,17344,DB,PIT,67.86,17.85,49,108,,deshon-elliott.php,,,20.7,,,,,,9.0,DeShon Elliott,2026-07-31,PIT
/nfl/rankings/idp-cheatsheets.php,redraft-idp,ro,Jalen Pitre,23721,DB,HOU,67.57,6.93,59,79,,jalen-pitre.php,,,36.3,,,,,,8.0,Jalen Pitre,2026-07-31,HOU
/nfl/rankings/idp-cheatsheets.php,redraft-idp,ro,Danielle Hunter,14036,DL,HOU,63.5,8.4,54,80,,danielle-hunter.php,,,59.6,,,,,,8.0,Danielle Hunter,2026-07-31,HOU
/nfl/rankings/idp-cheatsheets.php,redraft-idp,ro,Chamarri Conner,25509,DB,KC,59.8,4.62,54,66,,chamarri-conner.php,,,44.3,,,,,,5.0,Chamarri Conner,2026-07-31,KCC
/nfl/rankings/idp-cheatsheets.php,redraft-idp,ro,Dee Winters,25579,LB,DAL,72.0,8.86,61,89,,dee-winters.php,,,23.1,,,,,,14.0,Dee Winters,2026-07-31,DAL
/nfl/rankings/idp-cheatsheets.php,redraft-idp,ro,Xavier Watts,27067,DB,ATL,61.4,8.64,50,73,,xavier-watts.php,,,38.8,,,,,7.0,11.0,Xavier Watts,2026-07-31,ATL
/nfl/rankings/idp-cheatsheets.php,redraft-idp,ro,Cooper DeJean,26103,DB,PHI,71.17,13.97,58,97,,cooper-dejean.php,,,55.0,,,,,,10.0,Cooper DeJean,2026-07-31,PHI
/nfl/rankings/idp-cheatsheets.php,redraft-idp,ro,Eric Wilson,16691,LB,MIN,73.5,11.51,65,98,,eric-wilson.php,,,21.8,,,,,,6.0,Eric Wilson,2026-07-31,MIN
/nfl/rankings/idp-cheatsheets.php,redraft-idp,ro,DeForest Buckner,15494,DL,IND,74.33,6.45,64,86,,deforest-buckner.php,,,35.6,,,,,,13.0,DeForest Buckner,2026-07-31,IND
/nfl/rankings/idp-cheatsheets.php,redraft-idp,ro,Andrew Van Ginkel,18573,LB,MIN,70.0,6.57,60,78,,andrew-van-ginkel.php,,,58.2,,,,,12.0,6.0,Andrew Van Ginkel,2026-07-31,MIN
/nfl/rankings/idp-cheatsheets.php,redraft-idp,ro,T.J. Watt,16469,LB,PIT,78.67,19.96,63,122,,tj-watt.php,,,70.4,,,,,,9.0,TJ Watt,2026-07-31,PIT
/nfl/rankings/idp-cheatsheets.php,redraft-idp,ro,Josh Hines-Allen,18201,DL,JAC,72.8,20.61,34,95,,josh-allen-olb.php,,,40.4,,,,,12.0,7.0,Josh Hines-Allen,2026-07-31,JAC
/nfl/rankings/idp-cheatsheets.php,redraft-idp,ro,Jaquan Brisker,23719,DB,PIT,80.86,11.81,64,100,,jaquan-brisker.php,,,27.5,,,,,,9.0,Jaquan Brisker,2026-07-31,PIT
/nfl/rankings/idp-cheatsheets.php,redraft-idp,ro,DeMarvion Overshown,25314,LB,DAL,77.83,11.28,57,92,,demarvion-overshown.php,,,23.9,,,,,-9.0,14.0,DeMarvion Overshown,2026-07-31,DAL
/nfl/rankings/idp-cheatsheets.php,redraft-idp,ro,Nik Bonitto,23763,DL,DEN,96.2,61.24,29,212,,nik-bonitto.php,,,54.6,,,,,14.0,10.0,Nik Bonitto,2026-07-31,DEN
/nfl/rankings/idp-cheatsheets.php,redraft-idp,ro,Julian Love,18243,DB,SEA,83.43,14.36,60,111,,julian-love.php,,,42.8,,,,,,11.0,Julian Love,2026-07-31,SEA
/nfl/rankings/idp-cheatsheets.php,redraft-idp,ro,Demetrius Knight Jr.,27299,LB,CIN,76.4,5.89,66,82,,demetrius-knight-jr.php,,,34.6,,,,,10.0,6.0,Demetrius Knight,2026-07-31,CIN
/nfl/rankings/idp-cheatsheets.php,redraft-idp,ro,Laiatu Latu,26096,DL,IND,80.5,9.31,72,100,,laiatu-latu.php,,,30.1,,,,,-8.0,13.0,Laiatu Latu,2026-07-31,IND
/nfl/rankings/idp-cheatsheets.php,redraft-idp,ro,Arvell Reese,28053,LB,NYG,89.4,38.31,69,166,,arvell-reese.php,,,45.5,,,,,,8.0,Arvell Reese,2026-07-31,NYG
/nfl/rankings/idp-cheatsheets.php,redraft-idp,ro,Dre Greenlaw,18310,LB,SF,208.6,277.12,47,762,,dre-greenlaw.php,,,18.5,,,,,20.0,8.0,Dre Greenlaw,2026-07-31,SFO
/nfl/rankings/idp-cheatsheets.php,redraft-idp,ro,Tuli Tuipulotu,25364,DL,LAC,80.0,18.42,57,113,,tuli-tuipulotu.php,,,47.3,,,,,,7.0,Tuli Tuipulotu,2026-07-31,LAC
/nfl/rankings/idp-cheatsheets.php,redraft-idp,ro,Brian Burns,18223,DL,NYG,78.2,14.77,61,103,,brian-burns.php,,,71.6,,,,,,8.0,Brian Burns,2026-07-31,NYG
/nfl/rankings/idp-cheatsheets.php,redraft-idp,ro,Jared Verse,25234,DL,CLE,93.8,45.44,43,179,,jared-verse.php,,,55.0,,,,,12.0,11.0,Jared Verse,2026-07-31,CLE
/nfl/rankings/idp-cheatsheets.php,redraft-idp,ro,Jalen Thompson,19108,DB,DAL,81.0,21.38,40,99,,jalen-thompson.php,,,18.4,,,,,,14.0,Jalen Thompson,2026-07-31,DAL
/nfl/rankings/idp-cheatsheets.php,redraft-idp,ro,Abdul Carter,27022,DL,NYG,118.0,82.8,45,280,,abdul-carter.php,,,39.5,,,,,,8.0,Abdul Carter,2026-07-31,NYG
/nfl/rankings/idp-cheatsheets.php,redraft-idp,ro,Kamari Lassiter,26118,DB,HOU,82.4,5.95,71,88,,kamari-lassiter.php,,,43.5,,,,,,8.0,Kamari Lassiter,2026-07-31,HOU
/nfl/rankings/idp-cheatsheets.php,redraft-idp,ro,Paulson Adebo,19237,DB,NYG,85.5,6.1,80,95,,paulson-adebo.php,,,23.5,,,,,-11.0,8.0,Paulson Adebo,2026-07-31,NYG
/nfl/rankings/idp-cheatsheets.php,redraft-idp,ro,Byron Young,25449,DL,LAR,83.8,10.98,71,102,,byron-young-edge.php,,,47.0,,,,,-11.0,11.0,Byron Young,2026-07-31,LAR
/nfl/rankings/idp-cheatsheets.php,redraft-idp,ro,Caleb Downs,27950,DB,DAL,103.83,42.77,76,199,,caleb-downs.php,,,54.4,,,,,-10.0,14.0,Caleb Downs,2026-07-31,DAL
/nfl/rankings/idp-cheatsheets.php,redraft-idp,ro,Payton Wilson,26183,LB,PIT,91.2,19.99,78,131,,payton-wilson.php,,,27.0,,,,,-12.0,9.0,Payton Wilson,2026-07-31,PIT
/nfl/rankings/idp-cheatsheets.php,redraft-idp,ro,Anthony Hill Jr.,27954,LB,TEN,82.0,14.47,62,99,,anthony-hill-jr.php,,,27.5,,,,,,9.0,Anthony Hill,2026-07-31,TEN
/nfl/rankings/idp-cheatsheets.php,redraft-idp,ro,Alex Highsmith,19316,LB,PIT,91.6,19.54,79,130,,alex-highsmith.php,,,40.4,,,,,,9.0,Alex Highsmith,2026-07-31,PIT
/nfl/rankings/idp-cheatsheets.php,redraft-idp,ro,Alontae Taylor,23747,DB,TEN,86.0,3.74,80,91,,alontae-taylor.php,,,22.7,,,,,,9.0,Alontae Taylor,2026-07-31,TEN
/nfl/rankings/idp-cheatsheets.php,redraft-idp,ro,AJ Haulcy,28069,DB,IND,98.0,38.31,70,164,,aj-haulcy.php,,,24.3,,,,,,13.0,AJ Haulcy,2026-07-31,IND
/nfl/rankings/idp-cheatsheets.php,redraft-idp,ro,Brandon Jones,19248,DB,DEN,76.33,8.5,68,88,,brandon-jones-s.php,,,16.7,,,,,,10.0,Brandon Jones,2026-07-31,DEN
/nfl/rankings/idp-cheatsheets.php,redraft-idp,ro,Dallas Turner,26097,DL,MIN,110.2,52.91,61,213,,dallas-turner.php,,,37.8,,,,,,6.0,Dallas Turner,2026-07-31,MIN
/nfl/rankings/idp-cheatsheets.php,redraft-idp,ro,Frankie Luvu,17963,LB,WAS,183.0,181.42,44,495,,frankie-luvu.php,,,21.1,,,,,,7.0,Frankie Luvu,2026-07-31,WAS
/nfl/rankings/idp-cheatsheets.php,redraft-idp,ro,Drue Tranquill,18459,LB,KC,88.0,11.3,67,100,,drue-tranquill.php,,,25.2,,,,,-16.0,5.0,Drue Tranquill,2026-07-31,KCC
/nfl/rankings/idp-cheatsheets.php,redraft-idp,ro,Trey Hendrickson,16719,DL,BAL,113.75,59.99,58,215,,trey-hendrickson.php,,,47.3,,,,,,13.0,Trey Hendrickson,2026-07-31,BAL
/nfl/rankings/idp-cheatsheets.php,redraft-idp,ro,Joshua Metellus,19580,DB,MIN,88.8,8.28,77,100,,josh-metellus.php,,,24.8,,,,,,6.0,Joshua Metellus,2026-07-31,MIN
/nfl/rankings/idp-cheatsheets.php,redraft-idp,ro,Dillon Thieneman,27967,DB,CHI,116.0,57.73,78,231,,dillon-thieneman.php,,,33.5,,,,,-14.0,10.0,Dillon Thieneman,2026-07-31,CHI
/nfl/rankings/idp-cheatsheets.php,redraft-idp,ro,Cody Simon,27264,LB,ARI,87.5,15.04,62,99,,cody-simon.php,,,9.2,,,,,,14.0,Cody Simon,2026-07-31,ARI
/nfl/rankings/idp-cheatsheets.php,redraft-idp,ro,Minkah Fitzpatrick,17278,DB,NYJ,98.0,33.18,64,143,,minkah-fitzpatrick.php,,,21.3,,,,,,13.0,Minkah Fitzpatrick,2026-07-31,NYJ
/nfl/rankings/idp-cheatsheets.php,redraft-idp,ro,Cam Bynum,22757,DB,IND,77.0,7.0,70,84,,camryn-bynum.php,,,17.6,,,,,,13.0,Cam Bynum,2026-07-31,IND
/nfl/rankings/idp-cheatsheets.php,redraft-idp,ro,Leo Chenal,23808,LB,WAS,114.0,61.0,53,175,,leo-chenal.php,,,7.5,,,,,,7.0,Leo Chenal,2026-07-31,WAS
/nfl/rankings/idp-cheatsheets.php,redraft-idp,ro,Montez Sweat,18213,DL,CHI,99.5,25.16,69,139,,montez-sweat.php,,,33.2,,,,,,10.0,Montez Sweat,2026-07-31,CHI
/nfl/rankings/idp-cheatsheets.php,redraft-idp,ro,Tyler Nubin,26117,DB,NYG,102.8,26.2,78,153,,tyler-nubin.php,,,18.4,,,,,,8.0,Tyler Nubin,2026-07-31,NYG
/nfl/rankings/idp-cheatsheets.php,redraft-idp,ro,Devon Witherspoon,25243,DB,SEA,99.67,22.9,82,132,,devon-witherspoon.php,,,40.1,,,,,,11.0,Devon Witherspoon,2026-07-31,SEA
/nfl/rankings/idp-cheatsheets.php,redraft-idp,ro,Jihaad Campbell,27051,LB,PHI,137.33,75.64,77,244,,jihaad-campbell.php,,,31.3,,,,,,10.0,Jihaad Campbell,2026-07-31,PHI
/nfl/rankings/idp-cheatsheets.php,redraft-idp,ro,Christian Rozeboom,19713,LB,TB,248.0,181.0,67,429,,christian-rozeboom.php,,,18.1,,,,,31.0,10.0,Christian Rozeboom,2026-07-31,TBB
/nfl/rankings/idp-cheatsheets.php,redraft-idp,ro,Josh Sweat,17363,DL,ARI,153.75,108.29,81,341,,josh-sweat.php,,,22.7,,,,,,14.0,Josh Sweat,2026-07-31,ARI
/nfl/rankings/idp-cheatsheets.php,redraft-idp,ro,Kevin Winston Jr.,27035,DB,TEN,134.5,60.5,74,195,,kevin-winston-jr.php,,,13.1,,,,,31.0,9.0,Kevin Winston,2026-07-31,TEN
/nfl/rankings/idp-cheatsheets.php,redraft-idp,ro,Jaelan Phillips,22734,DL,CAR,108.0,33.0,75,141,,jaelan-phillips.php,,,22.0,,,,,,5.0,Jaelan Phillips,2026-07-31,CAR
/nfl/rankings/idp-cheatsheets.php,redraft-idp,ro,Cody Barton,18542,LB,TEN,291.0,216.0,75,507,,cody-barton.php,,,16.1,,,,,27.0,9.0,Cody Barton,2026-07-31,TEN
/nfl/rankings/idp-cheatsheets.php,redraft-idp,ro,Jonathan Greenard,19276,DL,PHI,150.5,70.5,80,221,,jonathan-greenard.php,,,33.1,,,,,17.0,10.0,Jonathan Greenard,2026-07-31,PHI
/nfl/rankings/idp-cheatsheets.php,redraft-idp,ro,Reed Blankenship,22754,DB,HOU,91.0,0.0,91,91,,reed-blankenship.php,,,15.2,,,,,,8.0,Reed Blankenship,2026-07-31,HOU
/nfl/rankings/idp-cheatsheets.php,redraft-idp,ro,Chase Young,19195,DL,NO,134.5,50.5,84,185,,chase-young.php,,,24.6,,,,,,8.0,Chase Young,2026-07-31,NOS
/nfl/rankings/idp-cheatsheets.php,redraft-idp,ro,George Karlaftis III,23501,DL,KC,121.0,34.0,87,155,,george-karlaftis-iii.php,,,17.5,,,,,,5.0,George Karlaftis,2026-07-31,KCC
/nfl/rankings/idp-cheatsheets.php,redraft-idp,ro,Harold Landry III,17330,LB,NE,235.5,147.5,88,383,,harold-landry.php,,,30.6,,,,,,11.0,Harold Landry,2026-07-31,NEP
/nfl/rankings/idp-cheatsheets.php,redraft-idp,ro,Grant Delpit,19203,DB,CLE,114.5,25.5,89,140,,grant-delpit.php,,,20.0,,,,,22.0,11.0,Grant Delpit,2026-07-31,CLE
/nfl/rankings/idp-cheatsheets.php,redraft-idp,ro,Bradley Chubb,17277,LB,BUF,141.0,51.0,90,192,,bradley-chubb.php,,,17.5,,,,,34.0,7.0,Bradley Chubb,2026-07-31,BUF
/nfl/rankings/idp-cheatsheets.php,redraft-idp,ro,Greg Rousseau,19787,DL,BUF,138.0,45.0,93,183,,gregory-rousseau.php,,,30.6,,,,,,7.0,Gregory Rousseau,2026-07-31,BUF
/nfl/rankings/idp-cheatsheets.php,redraft-idp,ro,Drake Thomas,25905,LB,SEA,103.33,8.26,97,115,,drake-thomas.php,,,15.0,,,,,-20.0,11.0,Drake Thomas,2026-07-31,SEA
/nfl/rankings/idp-cheatsheets.php,redraft-idp,ro,Micah Parsons,19784,LB,GB,239.0,145.0,94,384,,micah-parsons.php,,,59.6,,,,,,11.0,Micah Parsons,2026-07-31,GBP
/nfl/rankings/k-cheatsheets.php,redraft-k,rp,Brandon Aubrey,26068,K,DAL,1.27,0.68,1,4,,brandon-aubrey.php,,,97.4,,,,,,14.0,Brandon Aubrey,2026-07-31,DAL
/nfl/rankings/k-cheatsheets.php,redraft-k,rp,Ka'imi Fairbairn,15756,K,HOU,3.06,3.07,1,19,,kaimi-fairbairn.php,,,89.9,,,,,,8.0,Kaimi Fairbairn,2026-07-31,HOU
/nfl/rankings/k-cheatsheets.php,redraft-k,rp,Cameron Dicker,23901,K,LAC,3.7,2.41,2,16,,cameron-dicker.php,,,95.2,,,,,,7.0,Cameron Dicker,2026-07-31,LAC
/nfl/rankings/k-cheatsheets.php,redraft-k,rp,Jason Myers,14003,K,SEA,5.3,2.72,3,16,,jason-myers.php,,,90.4,,,,,,11.0,Jason Myers,2026-07-31,SEA
/nfl/rankings/k-cheatsheets.php,redraft-k,rp,Cam Little,26475,K,JAC,5.73,3.41,2,17,,cam-little.php,,,86.0,,,,,,7.0,Cam Little,2026-07-31,JAC
/nfl/rankings/k-cheatsheets.php,redraft-k,rp,Eddy Pineiro,17575,K,SF,7.7,2.47,5,16,,eddy-pineiro.php,,,59.7,,,,,,8.0,Eddy Pineiro,2026-07-31,SFO
/nfl/rankings/k-cheatsheets.php,redraft-k,rp,Tyler Loop,27534,K,BAL,7.83,2.58,4,17,,tyler-loop.php,,,59.0,,,,,,13.0,Tyler Loop,2026-07-31,BAL
/nfl/rankings/k-cheatsheets.php,redraft-k,rp,Cairo Santos,13731,K,CHI,9.72,2.13,6,15,,cairo-santos.php,,,24.9,,,,,,10.0,Cairo Santos,2026-07-31,CHI
/nfl/rankings/k-cheatsheets.php,redraft-k,rp,Jake Bates,26075,K,DET,10.8,3.18,2,16,,jake-bates.php,,,58.9,,,,,,6.0,Jake Bates,2026-07-31,DET
/nfl/rankings/k-cheatsheets.php,redraft-k,rp,Evan McPherson,23297,K,CIN,11.0,4.26,5,23,,evan-mcpherson.php,,,40.6,,,,,,6.0,Evan McPherson,2026-07-31,CIN
/nfl/rankings/k-cheatsheets.php,redraft-k,rp,Harrison Mevis,26638,K,LAR,12.0,4.2,6,22,,harrison-mevis.php,,,50.4,,,,,,11.0,Harrison Mevis,2026-07-31,LAR
/nfl/rankings/k-cheatsheets.php,redraft-k,rp,Chris Boswell,13029,K,PIT,13.2,3.15,7,21,,chris-boswell.php,,,39.4,,,,,2.0,9.0,Chris Boswell,2026-07-31,PIT
/nfl/rankings/k-cheatsheets.php,redraft-k,rp,Andy Borregales,27291,K,NE,12.41,3.12,8,21,,andres-borregales.php,,,25.4,,,,,,11.0,Andy Borregales,2026-07-31,NEP
/nfl/rankings/k-cheatsheets.php,redraft-k,rp,Chase McLaughlin,19058,K,TB,13.03,3.83,7,25,,chase-mclaughlin.php,,,23.4,,,,,,10.0,Chase McLaughlin,2026-07-31,TBB
/nfl/rankings/k-cheatsheets.php,redraft-k,rp,Harrison Butker,16712,K,KC,14.03,3.35,8,20,,harrison-butker.php,,,38.9,,,,,,5.0,Harrison Butker,2026-07-31,KCC
/nfl/rankings/k-cheatsheets.php,redraft-k,rp,Wil Lutz,16026,K,DEN,15.57,2.77,7,20,,wil-lutz.php,,,8.3,,,,,,10.0,Wil Lutz,2026-07-31,DEN
/nfl/rankings/k-cheatsheets.php,redraft-k,rp,Will Reichard,26341,K,MIN,15.66,3.65,8,23,,will-reichard.php,,,27.6,,,,,,6.0,Will Reichard,2026-07-31,MIN
/nfl/rankings/k-cheatsheets.php,redraft-k,rp,Jake Elliott,16540,K,PHI,18.39,3.43,6,24,,jake-elliott.php,,,10.1,,,,,,10.0,Jake Elliott,2026-07-31,PHI
/nfl/rankings/k-cheatsheets.php,redraft-k,rp,Charlie Smyth,26444,K,NO,18.4,2.59,13,26,,charlie-smyth.php,,,3.3,,,,,,8.0,Charlie Smyth,2026-07-31,NOS
/nfl/rankings/k-cheatsheets.php,redraft-k,rp,Blake Grupe,25533,K,IND,22.45,5.96,5,36,,blake-grupe.php,,,2.6,,,,,4.0,13.0,Blake Grupe,2026-07-31,IND
/nfl/rankings/k-cheatsheets.php,redraft-k,rp,Tyler Bass,19760,K,BUF,20.2,4.15,13,29,,tyler-bass.php,,,9.8,,,,,-3.0,7.0,Tyler Bass,2026-07-31,BUF
/nfl/rankings/k-cheatsheets.php,redraft-k,rp,Chad Ryland,25354,K,ARI,21.93,5.29,2,32,,chad-ryland.php,,,2.6,,,,,,14.0,Chad Ryland,2026-07-31,ARI
/nfl/rankings/k-cheatsheets.php,redraft-k,rp,Nick Folk,9491,K,ATL,23.7,4.23,11,29,,nick-folk.php,,,6.2,,,,,4.0,11.0,Nick Folk,2026-07-31,ATL
/nfl/rankings/k-cheatsheets.php,redraft-k,rp,Joey Slye,19028,K,TEN,23.69,4.32,7,31,,joey-slye.php,,,2.4,,,,,,9.0,Joey Slye,2026-07-31,TEN
/nfl/rankings/k-cheatsheets.php,redraft-k,rp,Zane Gonzalez,16548,K,MIA,24.21,5.89,3,31,,zane-gonzalez.php,,,1.7,,,,,,6.0,Zane Gonzalez,2026-07-31,MIA
/nfl/rankings/k-cheatsheets.php,redraft-k,rp,Ryan Fitzgerald,27261,K,CAR,23.89,3.31,9,27,,ryan-fitzgerald.php,,,1.9,,,,,-3.0,5.0,Ryan Fitzgerald,2026-07-31,CAR
/nfl/rankings/k-cheatsheets.php,redraft-k,rp,Trey Smack,28507,K,GB,22.74,5.97,10,29,,trey-smack.php,,,6.4,,,,,,11.0,Trey Smack,2026-07-31,GBP
/nfl/rankings/k-cheatsheets.php,redraft-k,rp,Daniel Carlson,17420,K,LV,25.45,4.78,8,32,,daniel-carlson.php,,,0.7,,,,,,13.0,Daniel Carlson,2026-07-31,LVR
/nfl/rankings/k-cheatsheets.php,redraft-k,rp,Ben Sauls,27798,K,NYG,26.71,4.27,11,32,,ben-sauls.php,,,1.4,,,,,,8.0,Ben Sauls,2026-07-31,NYG
/nfl/rankings/k-cheatsheets.php,redraft-k,rp,Jake Moody,24009,K,WAS,26.18,4.44,15,31,,jake-moody.php,,,2.4,,,,,,7.0,Jake Moody,2026-07-31,WAS
/nfl/rankings/k-cheatsheets.php,redraft-k,rp,Brandon McManus,13274,K,FA,25.92,7.5,6,33,,brandon-mcmanus.php,,,0.7,,,,,,,Brandon McManus,2026-07-31,FA
/nfl/rankings/k-cheatsheets.php,redraft-k,rp,Jason Sanders,17533,K,NYJ,30.92,2.81,25,37,,jason-sanders.php,,,3.0,,,,,,13.0,Jason Sanders,2026-07-31,NYJ
/nfl/rankings/k-cheatsheets.php,redraft-k,rp,Spencer Shrader,26763,K,IND,27.38,6.06,17,36,,spencer-shrader.php,,,1.2,,,,,,13.0,Spencer Shrader,2026-07-31,IND
/nfl/rankings/k-cheatsheets.php,redraft-k,rp,Andre Szmyt,25713,K,CLE,30.82,2.52,25,34,,andre-szmyt.php,,,1.8,,,,,,11.0,Andre Szmyt,2026-07-31,CLE
/nfl/rankings/k-cheatsheets.php,redraft-k,rp,Matt Gay,18545,K,LV,29.78,1.55,27,32,,matt-gay.php,,,4.2,,,,,,13.0,Matt Gay,2026-07-31,LVR
/nfl/rankings/k-cheatsheets.php,redraft-k,rp,Cade York,24549,K,NYJ,34.83,3.53,31,42,,cade-york.php,,,7.7,,,,,,13.0,Cade York,2026-07-31,NYJ
/nfl/rankings/k-cheatsheets.php,redraft-k,rp,Riley Patterson,23370,K,MIA,32.67,6.85,23,38,,riley-patterson.php,,,6.8,,,,,,6.0,Riley Patterson,2026-07-31,MIA
/nfl/rankings/k-cheatsheets.php,redraft-k,rp,B.T. Potter,25554,K,TB,37.0,1.41,35,38,,bt-potter.php,,,1.0,,,,,,10.0,BT Potter,2026-07-31,TBB
/nfl/rankings/lb-cheatsheets.php,redraft-lb,rp,Jordyn Brooks,19292,LB,MIA,1.14,0.35,1,2,,jordyn-brooks.php,,,81.8,,,,,,6.0,Jordyn Brooks,2026-07-31,MIA
/nfl/rankings/lb-cheatsheets.php,redraft-lb,rp,Jack Campbell,25435,LB,DET,2.71,1.03,2,5,,jack-campbell.php,,,88.3,,,,,,6.0,Jack Campbell,2026-07-31,DET
/nfl/rankings/lb-cheatsheets.php,redraft-lb,rp,Carson Schwesinger,27236,LB,CLE,3.14,0.64,2,4,,carson-schwesinger.php,,,80.3,,,,,,11.0,Carson Schwesinger,2026-07-31,CLE
/nfl/rankings/lb-cheatsheets.php,redraft-lb,rp,Roquan Smith,17311,LB,BAL,3.43,1.05,1,4,,roquan-smith.php,,,74.6,,,,,,13.0,Roquan Smith,2026-07-31,BAL
/nfl/rankings/lb-cheatsheets.php,redraft-lb,rp,Ernest Jones IV,23245,LB,SEA,5.71,0.7,5,7,,ernest-jones.php,,,58.0,,,,,,11.0,Ernest Jones,2026-07-31,SEA
/nfl/rankings/lb-cheatsheets.php,redraft-lb,rp,Foyesade Oluokun,17607,LB,JAC,6.14,1.88,3,9,,foyesade-oluokun.php,,,74.7,,,,,,7.0,Foyesade Oluokun,2026-07-31,JAC
/nfl/rankings/lb-cheatsheets.php,redraft-lb,rp,Blake Cashman,18421,LB,MIN,7.29,1.58,5,10,,blake-cashman.php,,,61.4,,,,,,6.0,Blake Cashman,2026-07-31,MIN
/nfl/rankings/lb-cheatsheets.php,redraft-lb,rp,Fred Warner,17526,LB,SF,7.43,0.9,6,8,,fred-warner.php,,,82.2,,,,,,8.0,Fred Warner,2026-07-31,SFO
/nfl/rankings/lb-cheatsheets.php,redraft-lb,rp,Jamien Sherwood,23194,LB,NYJ,9.71,0.45,9,10,,jamien-sherwood.php,,,60.1,,,,,,13.0,Jamien Sherwood,2026-07-31,NYJ
/nfl/rankings/lb-cheatsheets.php,redraft-lb,rp,Zack Baun,19238,LB,PHI,11.57,2.97,8,17,,zack-baun.php,,,64.5,,,,,,10.0,Zack Baun,2026-07-31,PHI
/nfl/rankings/lb-cheatsheets.php,redraft-lb,rp,Quay Walker,23729,LB,LV,11.71,1.67,9,14,,quay-walker.php,,,57.6,,,,,,13.0,Quay Walker,2026-07-31,LVR
/nfl/rankings/lb-cheatsheets.php,redraft-lb,rp,Nick Bolton,22689,LB,KC,12.29,1.39,10,15,,nick-bolton.php,,,75.5,,,,,,5.0,Nick Bolton,2026-07-31,KCC
/nfl/rankings/lb-cheatsheets.php,redraft-lb,rp,Nate Landman,24674,LB,LAR,13.57,2.26,11,18,,nathan-landman.php,,,56.2,,,,,,11.0,Nate Landman,2026-07-31,LAR
/nfl/rankings/lb-cheatsheets.php,redraft-lb,rp,Alex Singleton,14399,LB,DEN,14.43,3.66,11,23,,alex-singleton.php,,,49.7,,,,,,10.0,Alex Singleton,2026-07-31,DEN
/nfl/rankings/lb-cheatsheets.php,redraft-lb,rp,Zaire Franklin,17563,LB,GB,17.0,4.24,13,27,,zaire-franklin.php,,,47.0,,,,,,11.0,Zaire Franklin,2026-07-31,GBP
/nfl/rankings/lb-cheatsheets.php,redraft-lb,rp,Tremaine Edmunds,17342,LB,NYG,17.57,3.25,12,22,,tremaine-edmunds.php,,,41.9,,,,,,8.0,Tremaine Edmunds,2026-07-31,NYG
/nfl/rankings/lb-cheatsheets.php,redraft-lb,rp,Robert Spillane,18103,LB,NE,18.57,2.77,15,24,,robert-spillane.php,,,46.2,,,,,,11.0,Robert Spillane,2026-07-31,NEP
/nfl/rankings/lb-cheatsheets.php,redraft-lb,rp,Cedric Gray,26168,LB,TEN,19.29,9.81,7,35,,cedric-gray.php,,,63.7,,,,,,9.0,Cedric Gray,2026-07-31,TEN
/nfl/rankings/lb-cheatsheets.php,redraft-lb,rp,Edgerrin Cooper,26137,LB,GB,19.43,2.19,16,22,,edgerrin-cooper.php,,,50.3,,,,,,11.0,Edgerrin Cooper,2026-07-31,GBP
/nfl/rankings/lb-cheatsheets.php,redraft-lb,rp,T.J. Edwards,18281,LB,CHI,20.86,3.91,16,29,,tj-edwards.php,,,29.7,,,,,,10.0,TJ Edwards,2026-07-31,CHI
/nfl/rankings/lb-cheatsheets.php,redraft-lb,rp,Sonny Styles,27216,LB,WAS,22.0,5.58,17,35,,sonny-styles.php,,,60.7,,,,,,7.0,Sonny Styles,2026-07-31,WAS
/nfl/rankings/lb-cheatsheets.php,redraft-lb,rp,Kaden Elliss,18716,LB,NO,24.71,3.41,19,31,,kaden-elliss.php,,,28.5,,,,,,8.0,Kaden Elliss,2026-07-31,NOS
/nfl/rankings/lb-cheatsheets.php,redraft-lb,rp,Daiyan Henley,25436,LB,LAC,24.71,1.83,23,28,,daiyanhenley.php,,,44.7,,,,,,7.0,Daiyan Henley,2026-07-31,LAC
/nfl/rankings/lb-cheatsheets.php,redraft-lb,rp,Devin Bush Jr.,18237,LB,CHI,24.86,4.7,21,36,,devin-bush.php,,,41.7,,,,,,10.0,Devin Bush,2026-07-31,CHI
/nfl/rankings/lb-cheatsheets.php,redraft-lb,rp,Azeez Al-Shaair,18361,LB,HOU,25.43,3.7,20,32,,azeez-al-shaair.php,,,33.0,,,,,,8.0,Azeez Al-Shaair,2026-07-31,HOU
/nfl/rankings/lb-cheatsheets.php,redraft-lb,rp,Devin Lloyd,23710,LB,CAR,26.86,1.46,24,28,,devin-lloyd.php,,,45.4,,,,,,5.0,Devin Lloyd,2026-07-31,CAR
/nfl/rankings/lb-cheatsheets.php,redraft-lb,rp,CJ Allen,27970,LB,IND,27.57,6.54,20,36,,cj-allen.php,,,33.0,,,,,,13.0,CJ Allen,2026-07-31,IND
/nfl/rankings/lb-cheatsheets.php,redraft-lb,rp,Terrel Bernard,23772,LB,BUF,29.57,3.96,22,36,,terrel-bernard.php,,,38.5,,,,,,7.0,Terrel Bernard,2026-07-31,BUF
/nfl/rankings/lb-cheatsheets.php,redraft-lb,rp,Patrick Queen,19421,LB,PIT,30.0,6.37,25,45,,patrick-queen.php,,,38.2,,,,,,9.0,Patrick Queen,2026-07-31,PIT
/nfl/rankings/lb-cheatsheets.php,redraft-lb,rp,Divine Deablo,23208,LB,ATL,31.71,4.83,25,40,,divine-deablo.php,,,37.2,,,,,,11.0,Divine Deablo,2026-07-31,ATL
/nfl/rankings/lb-cheatsheets.php,redraft-lb,rp,Demario Davis,11293,LB,NYJ,32.86,5.64,27,45,,demario-davis.php,,,32.6,,,,,,13.0,Demario Davis,2026-07-31,NYJ
/nfl/rankings/lb-cheatsheets.php,redraft-lb,rp,Quincy Williams,18679,LB,CLE,33.0,4.0,29,39,,quincy-williams.php,,,33.1,,,,,,11.0,Quincy Williams,2026-07-31,CLE
/nfl/rankings/lb-cheatsheets.php,redraft-lb,rp,Nakobe Dean,23702,LB,LV,34.57,1.84,32,38,,nakobe-dean.php,,,62.5,,,,,,13.0,Nakobe Dean,2026-07-31,LVR
/nfl/rankings/lb-cheatsheets.php,redraft-lb,rp,Alex Anzalone,16720,LB,TB,35.0,4.34,30,42,,alex-anzalone.php,,,26.3,,,,,,10.0,Alex Anzalone,2026-07-31,TBB
/nfl/rankings/lb-cheatsheets.php,redraft-lb,rp,Tyrel Dodson,18584,LB,MIA,35.14,5.59,28,43,,tyrel-dodson.php,,,39.3,,,,,,6.0,Tyrel Dodson,2026-07-31,MIA
/nfl/rankings/lb-cheatsheets.php,redraft-lb,rp,Barrett Carter,26108,LB,CIN,36.29,2.37,32,39,,barrett-carter.php,,,26.1,,,,,,6.0,Barrett Carter,2026-07-31,CIN
/nfl/rankings/lb-cheatsheets.php,redraft-lb,rp,Mack Wilson Sr.,18251,LB,ARI,38.14,5.49,29,44,,mack-wilson.php,,,15.9,,,,,,14.0,Mack Wilson,2026-07-31,ARI
/nfl/rankings/lb-cheatsheets.php,redraft-lb,rp,Dee Winters,25579,LB,DAL,38.57,6.02,25,44,,dee-winters.php,,,23.1,,,,,,14.0,Dee Winters,2026-07-31,DAL
/nfl/rankings/lb-cheatsheets.php,redraft-lb,rp,Eric Wilson,16691,LB,MIN,41.57,5.1,33,51,,eric-wilson.php,,,21.8,,,,,,6.0,Eric Wilson,2026-07-31,MIN
/nfl/rankings/lb-cheatsheets.php,redraft-lb,rp,Demetrius Knight Jr.,27299,LB,CIN,45.43,5.12,37,51,,demetrius-knight-jr.php,,,34.6,,,,,,6.0,Demetrius Knight,2026-07-31,CIN
/nfl/rankings/lb-cheatsheets.php,redraft-lb,rp,DeMarvion Overshown,25314,LB,DAL,46.0,6.48,33,54,,demarvion-overshown.php,,,23.9,,,,,,14.0,DeMarvion Overshown,2026-07-31,DAL
/nfl/rankings/lb-cheatsheets.php,redraft-lb,rp,Danielle Hunter,14036,DL,HOU,38.67,5.02,34,49,,danielle-hunter.php,,,59.6,,,,,6.0,8.0,Danielle Hunter,2026-07-31,HOU
/nfl/rankings/lb-cheatsheets.php,redraft-lb,rp,Arvell Reese,28053,LB,NYG,50.14,9.39,42,67,,arvell-reese.php,,,45.5,,,,,,8.0,Arvell Reese,2026-07-31,NYG
/nfl/rankings/lb-cheatsheets.php,redraft-lb,rp,Payton Wilson,26183,LB,PIT,52.29,7.85,43,66,,payton-wilson.php,,,27.0,,,,,,9.0,Payton Wilson,2026-07-31,PIT
/nfl/rankings/lb-cheatsheets.php,redraft-lb,rp,T.J. Watt,16469,LB,PIT,45.17,6.91,38,59,,tj-watt.php,,,70.4,,,,,,9.0,TJ Watt,2026-07-31,PIT
/nfl/rankings/lb-cheatsheets.php,redraft-lb,rp,Drue Tranquill,18459,LB,KC,55.57,6.11,46,65,,drue-tranquill.php,,,25.2,,,,,-5.0,5.0,Drue Tranquill,2026-07-31,KCC
/nfl/rankings/lb-cheatsheets.php,redraft-lb,rp,Brian Burns,18223,DL,NYG,47.67,7.74,37,61,,brian-burns.php,,,71.6,,,,,7.0,8.0,Brian Burns,2026-07-31,NYG
/nfl/rankings/lb-cheatsheets.php,redraft-lb,rp,Drake Thomas,25905,LB,SEA,60.57,8.07,51,79,,drake-thomas.php,,,15.0,,,,,-10.0,11.0,Drake Thomas,2026-07-31,SEA
/nfl/rankings/lb-cheatsheets.php,redraft-lb,rp,Andrew Van Ginkel,18573,LB,MIN,41.8,3.66,36,47,,andrew-van-ginkel.php,,,58.2,,,,,15.0,6.0,Andrew Van Ginkel,2026-07-31,MIN
/nfl/rankings/lb-cheatsheets.php,redraft-lb,rp,Josh Hines-Allen,18201,DL,JAC,43.2,9.7,24,50,,josh-allen-olb.php,,,40.4,,,,,15.0,7.0,Josh Hines-Allen,2026-07-31,JAC
/nfl/rankings/lb-cheatsheets.php,redraft-lb,rp,Anthony Hill Jr.,27954,LB,TEN,57.5,9.22,42,72,,anthony-hill-jr.php,,,27.5,,,,,-5.0,9.0,Anthony Hill,2026-07-31,TEN
/nfl/rankings/lb-cheatsheets.php,redraft-lb,rp,Tuli Tuipulotu,25364,DL,LAC,46.4,5.85,37,55,,tuli-tuipulotu.php,,,47.3,,,,,10.0,7.0,Tuli Tuipulotu,2026-07-31,LAC
/nfl/rankings/lb-cheatsheets.php,redraft-lb,rp,Jihaad Campbell,27051,LB,PHI,59.5,13.81,41,86,,jihaad-campbell.php,,,31.3,,,,,-13.0,10.0,Jihaad Campbell,2026-07-31,PHI
/nfl/rankings/lb-cheatsheets.php,redraft-lb,rp,Dre Greenlaw,18310,LB,SF,82.17,77.01,32,252,,dre-greenlaw.php,,,18.5,,,,,-13.0,8.0,Dre Greenlaw,2026-07-31,SFO
/nfl/rankings/lb-cheatsheets.php,redraft-lb,rp,Nik Bonitto,23763,DL,DEN,48.4,18.39,19,77,,nik-bonitto.php,,,54.6,,,,,16.0,10.0,Nik Bonitto,2026-07-31,DEN
/nfl/rankings/lb-cheatsheets.php,redraft-lb,rp,Byron Young,25449,DL,LAR,48.4,2.5,45,51,,byron-young-edge.php,,,47.0,,,,,,11.0,Byron Young,2026-07-31,LAR
/nfl/rankings/lb-cheatsheets.php,redraft-lb,rp,Akeem Davis-Gaither,19261,LB,IND,60.0,4.28,54,64,,akeem-davis-gaither.php,,,13.0,,,,,-13.0,13.0,Akeem Davis-Gaither,2026-07-31,IND
/nfl/rankings/lb-cheatsheets.php,redraft-lb,rp,Jared Verse,25234,DL,CLE,49.6,13.4,28,70,,jared-verse.php,,,55.0,,,,,20.0,11.0,Jared Verse,2026-07-31,CLE
/nfl/rankings/lb-cheatsheets.php,redraft-lb,rp,Alex Highsmith,19316,LB,PIT,51.8,4.4,47,60,,alex-highsmith.php,,,40.4,,,,,8.0,9.0,Alex Highsmith,2026-07-31,PIT
/nfl/rankings/lb-cheatsheets.php,redraft-lb,rp,Dallas Turner,26097,DL,MIN,57.2,12.46,39,78,,dallas-turner.php,,,37.8,,,,,17.0,6.0,Dallas Turner,2026-07-31,MIN
/nfl/rankings/lb-cheatsheets.php,redraft-lb,rp,Abdul Carter,27022,DL,NYG,58.2,21.3,30,96,,abdul-carter.php,,,39.5,,,,,20.0,8.0,Abdul Carter,2026-07-31,NYG
/nfl/rankings/lb-cheatsheets.php,redraft-lb,rp,Henry To'oTo'o,23766,LB,HOU,58.2,8.52,47,68,,henry-too-too.php,,,20.0,,,,,,8.0,Henry TooToo,2026-07-31,HOU
/nfl/rankings/lb-cheatsheets.php,redraft-lb,rp,Cody Simon,27264,LB,ARI,59.6,6.41,53,71,,cody-simon.php,,,9.2,,,,,,14.0,Cody Simon,2026-07-31,ARI
/nfl/rankings/lb-cheatsheets.php,redraft-lb,rp,Frankie Luvu,17963,LB,WAS,75.5,34.96,55,153,,frankie-luvu.php,,,21.1,,,,,-14.0,7.0,Frankie Luvu,2026-07-31,WAS
/nfl/rankings/lb-cheatsheets.php,redraft-lb,rp,Trevin Wallace,26182,LB,CAR,60.6,14.73,41,86,,trevin-wallace.php,,,10.7,,,,,,5.0,Trevin Wallace,2026-07-31,CAR
/nfl/rankings/lb-cheatsheets.php,redraft-lb,rp,Christian Elliss,23367,LB,NE,63.6,11.43,53,83,,christian-elliss.php,,,9.4,,,,,,11.0,Christian Elliss,2026-07-31,NEP
/nfl/rankings/lb-cheatsheets.php,redraft-lb,rp,Christian Rozeboom,19713,LB,TB,70.6,32.92,39,130,,christian-rozeboom.php,,,18.1,,,,,-8.0,10.0,Christian Rozeboom,2026-07-31,TBB
/nfl/rankings/lb-cheatsheets.php,redraft-lb,rp,Ventrell Miller,23477,LB,JAC,68.6,15.32,56,98,,ventrell-miller.php,,,13.5,,,,,-8.0,7.0,Ventrell Miller,2026-07-31,JAC
/nfl/rankings/lb-cheatsheets.php,redraft-lb,rp,Trey Hendrickson,16719,DL,BAL,57.25,14.55,38,79,,trey-hendrickson.php,,,47.3,,,,,,13.0,Trey Hendrickson,2026-07-31,BAL
/nfl/rankings/lb-cheatsheets.php,redraft-lb,rp,Omar Speights,26730,LB,LAR,69.0,10.64,60,89,,omar-speights.php,,,9.2,,,,,,11.0,Omar Speights,2026-07-31,LAR
/nfl/rankings/lb-cheatsheets.php,redraft-lb,rp,Christian Harris,23470,LB,ATL,58.5,10.14,49,73,,christian-harris.php,,,7.9,,,,,,11.0,Christian Harris,2026-07-31,ATL
/nfl/rankings/lb-cheatsheets.php,redraft-lb,rp,Pete Werner,22809,LB,NO,59.75,14.57,47,84,,pete-werner.php,,,7.1,,,,,,8.0,Pete Werner,2026-07-31,NOS
/nfl/rankings/lb-cheatsheets.php,redraft-lb,rp,Josiah Trotter,28077,LB,TB,64.0,17.42,45,88,,josiah-trotter.php,,,25.1,,,,,,10.0,Josiah Trotter,2026-07-31,TBB
/nfl/rankings/lb-cheatsheets.php,redraft-lb,rp,Josh Sweat,17363,DL,ARI,68.0,23.45,48,108,,josh-sweat.php,,,22.7,,,,,,14.0,Josh Sweat,2026-07-31,ARI
/nfl/rankings/lb-cheatsheets.php,redraft-lb,rp,Cody Barton,18542,LB,TEN,85.8,38.14,56,156,,cody-barton.php,,,16.1,,,,,-13.0,9.0,Cody Barton,2026-07-31,TEN
/nfl/rankings/lb-cheatsheets.php,redraft-lb,rp,Derrick Barnes,23210,LB,DET,68.75,10.92,58,87,,derrick-barnes.php,,,10.4,,,,,-8.0,6.0,Derrick Barnes,2026-07-31,DET
/nfl/rankings/lb-cheatsheets.php,redraft-lb,rp,Leo Chenal,23808,LB,WAS,60.33,21.51,31,82,,leo-chenal.php,,,7.5,,,,,-12.0,7.0,Leo Chenal,2026-07-31,WAS
/nfl/rankings/lb-cheatsheets.php,redraft-lb,rp,Teddye Buchanan,27146,LB,BAL,75.25,20.22,52,107,,teddye-buchanan.php,,,16.4,,,,,,13.0,Teddye Buchanan,2026-07-31,BAL
/nfl/rankings/lb-cheatsheets.php,redraft-lb,rp,Bradley Chubb,17277,LB,BUF,62.0,8.83,53,74,,bradley-chubb.php,,,17.5,,,,,17.0,7.0,Bradley Chubb,2026-07-31,BUF
/nfl/rankings/lb-cheatsheets.php,redraft-lb,rp,Jacob Rodriguez,28195,LB,MIA,76.25,23.09,51,112,,jacob-rodriguez.php,,,14.2,,,,,,6.0,Jacob Rodriguez,2026-07-31,MIA
/nfl/rankings/lb-cheatsheets.php,redraft-lb,rp,Justin Strnad,19520,LB,DEN,71.67,6.85,62,77,,justin-strnad.php,,,6.1,,,,,,10.0,Justin Strnad,2026-07-31,DEN
/nfl/rankings/lb-cheatsheets.php,redraft-lb,rp,Denzel Perryman,14047,LB,LAC,75.0,24.1,56,109,,denzel-perryman.php,,,4.8,,,,,-12.0,7.0,Denzel Perryman,2026-07-31,LAC
/nfl/rankings/lb-cheatsheets.php,redraft-lb,rp,Jaelan Phillips,22734,DL,CAR,55.0,9.0,46,64,,jaelan-phillips.php,,,22.0,,,,,17.0,5.0,Jaelan Phillips,2026-07-31,CAR
/nfl/rankings/lb-cheatsheets.php,redraft-lb,rp,Dorian Williams,25453,LB,BUF,76.0,9.42,63,85,,dorian-williams.php,,,7.4,,,,,,7.0,Dorian Williams,2026-07-31,BUF
/nfl/rankings/lb-cheatsheets.php,redraft-lb,rp,SirVocea Dennis,23990,LB,TB,86.33,38.87,54,141,,sirvocea-dennis.php,,,17.3,,,,,-11.0,10.0,SirVocea Dennis,2026-07-31,TBB
/nfl/rankings/lb-cheatsheets.php,redraft-lb,rp,Malcolm Rodriguez,23822,LB,DET,79.0,18.38,57,102,,malcolm-rodriguez.php,,,4.7,,,,,,6.0,Malcolm Rodriguez,2026-07-31,DET
/nfl/rankings/lb-cheatsheets.php,redraft-lb,rp,Greg Rousseau,19787,DL,BUF,63.5,7.5,56,71,,gregory-rousseau.php,,,30.6,,,,,14.0,7.0,Gregory Rousseau,2026-07-31,BUF
/nfl/rankings/lb-cheatsheets.php,redraft-lb,rp,Jonathan Greenard,19276,DL,PHI,64.0,17.0,47,81,,jonathan-greenard.php,,,33.1,,,,,17.0,10.0,Jonathan Greenard,2026-07-31,PHI
/nfl/rankings/lb-cheatsheets.php,redraft-lb,rp,Jack Sanborn,23841,LB,CHI,133.0,90.57,68,288,,jack-sanborn.php,,,12.1,,,,,,10.0,Jack Sanborn,2026-07-31,CHI
/nfl/rankings/lb-cheatsheets.php,redraft-lb,rp,Junior Colson,26127,LB,LAC,115.0,59.09,66,213,,junior-colson.php,,,6.2,,,,,,7.0,Junior Colson,2026-07-31,LAC
/nfl/rankings/lb-cheatsheets.php,redraft-lb,rp,D'Marco Jackson,23806,LB,CHI,74.0,1.0,73,75,,dmarco-jackson.php,,,3.5,,,,,,10.0,DMarco Jackson,2026-07-31,CHI
/nfl/rankings/lb-cheatsheets.php,redraft-lb,rp,Micah McFadden,23872,LB,NYG,130.33,75.31,52,232,,micah-mcfadden.php,,,8.2,,,,,,8.0,Micah McFadden,2026-07-31,NYG
/nfl/rankings/lb-cheatsheets.php,redraft-lb,rp,Yaya Diaby,25264,DL,TB,80.5,19.5,61,100,,yaya-diaby.php,,,22.4,,,,,21.0,10.0,YaYa Diaby,2026-07-31,TBB
/nfl/rankings/lb-cheatsheets.php,redraft-lb,rp,Trenton Simpson,24716,LB,BAL,96.33,20.5,75,124,,trenton-simpson.php,,,6.2,,,,,,13.0,Trenton Simpson,2026-07-31,BAL
/nfl/rankings/lb-cheatsheets.php,redraft-lb,rp,Harold Landry III,17330,LB,NE,84.5,33.5,51,118,,harold-landry.php,,,30.6,,,,,12.0,11.0,Harold Landry,2026-07-31,NEP
/nfl/rankings/lb-cheatsheets.php,redraft-lb,rp,Tyrice Knight,24112,LB,SEA,99.33,25.72,68,131,,tyrice-knight.php,,,9.1,,,,,,11.0,Tyrice Knight,2026-07-31,SEA
/nfl/rankings/lb-cheatsheets.php,redraft-lb,rp,Danny Stutsman,27031,LB,NO,116.0,44.32,77,178,,danny-stutsman.php,,,3.6,,,,,,8.0,Danny Stutsman,2026-07-31,NOS
/nfl/rankings/lb-cheatsheets.php,redraft-lb,rp,Bryce Boettcher,28255,LB,IND,101.33,23.7,76,133,,bryce-boettcher.php,,,5.9,,,,,,13.0,Bryce Boettcher,2026-07-31,IND
/nfl/rankings/lb-cheatsheets.php,redraft-lb,rp,Rashan Gary,18209,LB,DAL,86.5,4.5,82,91,,rashan-gary.php,,,26.4,,,,,,14.0,Rashan Gary,2026-07-31,DAL
/nfl/rankings/lb-cheatsheets.php,redraft-lb,rp,Micah Parsons,19784,LB,GB,88.0,31.0,57,119,,micah-parsons.php,,,59.6,,,,,15.0,11.0,Micah Parsons,2026-07-31,GBP
/nfl/rankings/lb-cheatsheets.php,redraft-lb,rp,Khalil Mack,12169,LB,LAC,88.5,3.5,85,92,,khalil-mack.php,,,15.9,,,,,,7.0,Khalil Mack,2026-07-31,LAC
/nfl/rankings/lb-cheatsheets.php,redraft-lb,rp,Troy Dye,19269,LB,LAC,96.5,31.5,65,128,,troy-dye.php,,,2.6,,,,,,7.0,Troy Dye,2026-07-31,LAC
/nfl/rankings/lb-cheatsheets.php,redraft-lb,rp,Willie Gay Jr.,19480,LB,MIA,162.0,95.0,67,257,,willie-gay.php,,,1.6,,,,,,6.0,Willie Gay,2026-07-31,MIA
/nfl/rankings/lb-cheatsheets.php,redraft-lb,rp,Kyle Louis,28227,LB,MIA,107.33,24.51,78,138,,kyle-louis.php,,,2.8,,,,,-11.0,6.0,Kyle Louis,2026-07-31,MIA
/nfl/rankings/lb-cheatsheets.php,redraft-lb,rp,Troy Andersen,24391,LB,ATL,134.33,58.95,79,216,,troy-andersen.php,,,4.7,,,,,-10.0,11.0,Troy Andersen,2026-07-31,ATL
/nfl/rankings/lb-cheatsheets.php,redraft-lb,rp,Tatum Bethune,26489,LB,SF,97.5,23.5,74,121,,tatum-bethune.php,,,5.3,,,,,-19.0,8.0,Tatum Bethune,2026-07-31,SFO
/nfl/rankings/lb-cheatsheets.php,redraft-lb,rp,Bobby Wagner,11252,LB,FA,224.5,143.5,81,368,,bobby-wagner.php,,,23.1,,,,,,,Bobby Wagner,2026-07-31,FA
/nfl/rankings/lb-cheatsheets.php,redraft-lb,rp,Jake Golday,28181,LB,MIN,131.0,37.0,94,168,,jake-golday.php,,,11.6,,,,,12.0,6.0,Jake Golday,2026-07-31,MIN
/nfl/rankings/lb-cheatsheets.php,redraft-lb,rp,Jeremiah Trotter Jr.,20632,LB,PHI,124.0,28.0,96,152,,jeremiah-trotter.php,,,1.8,,,,,20.0,10.0,Jeremiah Trotter,2026-07-31,PHI
/nfl/rankings/lb-cheatsheets.php,redraft-lb,rp,Kaleb Elarms-Orr,28440,LB,BUF,138.5,40.5,98,179,,kaleb-elarmsorr.php,,,6.5,,,,,14.0,7.0,Kaleb Elarms-Orr,2026-07-31,BUF
/nfl/rankings/lb-cheatsheets.php,redraft-lb,rp,Isaiah McDuffie,23292,LB,GB,121.0,21.0,100,142,,isaiah-mcduffie.php,,,5.1,,,,,,11.0,Isaiah McDuffie,2026-07-31,GBP
/nfl/rankings/lb-cheatsheets.php,redraft-lb,rp,Cole Holcomb,18709,LB,PIT,116.5,15.5,101,132,,cole-holcomb.php,,,2.3,,,,,,9.0,Cole Holcomb,2026-07-31,PIT
/nfl/rankings/lb-cheatsheets.php,redraft-lb,rp,Jack Gibbens,24690,LB,ARI,112.5,10.5,102,123,,jack-gibbens.php,,,6.7,,,,,,14.0,Jack Gibbens,2026-07-31,ARI
/nfl/rankings/lb-cheatsheets.php,redraft-lb,rp,Oren Burks,17590,LB,CIN,109.5,3.5,106,113,,oren-burks.php,,,3.2,,,,,,6.0,Oren Burks,2026-07-31,CIN
/nfl/rankings/lb-cheatsheets.php,redraft-lb,rp,Kiko Mauigoa,27282,LB,NYJ,162.5,59.5,103,222,,francisco-mauigoa.php,,,1.2,,,,,18.0,13.0,Kiko Mauigoa,2026-07-31,NYJ
/nfl/rankings/lb-cheatsheets.php,redraft-lb,rp,Jack Kiser,27243,LB,JAC,198.0,93.0,105,291,,jack-kiser.php,,,2.6,,,,,22.0,7.0,Jack Kiser,2026-07-31,JAC
/nfl/rankings/lb-cheatsheets.php,redraft-lb,rp,Shemar James,27260,LB,DAL,147.0,36.0,111,183,,shemar-james.php,,,5.5,,,,,13.0,14.0,Shemar James,2026-07-31,DAL
/nfl/rankings/lb-cheatsheets.php,redraft-lb,rp,Bobby Okereke,18678,LB,FA,240.5,128.5,112,369,,bobby-okereke.php,,,21.0,,,,,21.0,,Bobby Okereke,2026-07-31,FA
/nfl/rankings/lb-cheatsheets.php,redraft-lb,rp,Justin Jefferson,28472,LB,CLE,161.0,47.0,114,208,,justin-jefferson-lb.php,,,5.3,,,,,13.0,11.0,Justin Jefferson,2026-07-31,CLE
/nfl/rankings/lb-cheatsheets.php,redraft-lb,rp,Shaun Dolac,27248,LB,LAR,135.0,20.0,115,155,,shaun-dolac.php,,,1.4,,,,,,11.0,Shaun Dolac,2026-07-31,LAR
/nfl/rankings/ppr-superflex-cheatsheets.php,redraft-op,rsf,Josh Allen,17298,QB,BUF,1.04,0.2,1,2,,josh-allen-qb.php,,,99.4,,,,,,7.0,Josh Allen,2026-07-31,BUF
/nfl/rankings/ppr-superflex-cheatsheets.php,redraft-op,rsf,Lamar Jackson,17233,QB,BAL,2.68,1.22,1,8,,lamar-jackson.php,,,99.1,,,,,,13.0,Lamar Jackson,2026-07-31,BAL
/nfl/rankings/ppr-superflex-cheatsheets.php,redraft-op,rsf,Drake Maye,23046,QB,NE,3.62,1.3,2,8,,drake-maye.php,,,98.6,,,,,,11.0,Drake Maye,2026-07-31,NEP
/nfl/rankings/ppr-superflex-cheatsheets.php,redraft-op,rsf,Joe Burrow,19196,QB,CIN,4.8,2.92,2,19,,joe-burrow.php,,,98.1,,,,,,6.0,Joe Burrow,2026-07-31,CIN
/nfl/rankings/ppr-superflex-cheatsheets.php,redraft-op,rsf,Jayden Daniels,22902,QB,WAS,6.41,3.71,3,18,,jayden-daniels.php,,,97.5,,,,,,7.0,Jayden Daniels,2026-07-31,WAS
/nfl/rankings/ppr-superflex-cheatsheets.php,redraft-op,rsf,Jalen Hurts,19275,QB,PHI,7.1,2.86,3,17,,jalen-hurts.php,,,97.8,,,,,,10.0,Jalen Hurts,2026-07-31,PHI
/nfl/rankings/ppr-superflex-cheatsheets.php,redraft-op,rsf,Ja'Marr Chase,19788,WR,CIN,7.63,2.4,6,12,,jamarr-chase.php,,,99.4,,,,,,6.0,JaMarr Chase,2026-07-31,CIN
/nfl/rankings/ppr-superflex-cheatsheets.php,redraft-op,rsf,Puka Nacua,23180,WR,LAR,10.77,2.42,6,20,,puka-nacua.php,,,99.5,,,,,,11.0,Puka Nacua,2026-07-31,LAR
/nfl/rankings/ppr-superflex-cheatsheets.php,redraft-op,rsf,Caleb Williams,23084,QB,CHI,10.86,5.46,2,26,,caleb-williams.php,,,93.7,,,,,,10.0,Caleb Williams,2026-07-31,CHI
/nfl/rankings/ppr-superflex-cheatsheets.php,redraft-op,rsf,Jahmyr Gibbs,22968,RB,DET,11.06,2.54,2,15,,jahmyr-gibbs.php,,,99.3,,,,,1.0,6.0,Jahmyr Gibbs,2026-07-31,DET
/nfl/rankings/ppr-superflex-cheatsheets.php,redraft-op,rsf,Justin Herbert,18635,QB,LAC,11.37,5.25,4,32,,justin-herbert.php,,,93.4,,,,,,7.0,Justin Herbert,2026-07-31,LAC
/nfl/rankings/ppr-superflex-cheatsheets.php,redraft-op,rsf,Bijan Robinson,23133,RB,ATL,11.66,4.0,3,37,,bijan-robinson.php,,,99.4,,,,,-1.0,11.0,Bijan Robinson,2026-07-31,ATL
/nfl/rankings/ppr-superflex-cheatsheets.php,redraft-op,rsf,Jaxon Smith-Njigba,23070,WR,SEA,12.55,2.44,6,23,,jaxon-smith-njigba.php,,,99.6,,,,,,11.0,Jaxon Smith-Njigba,2026-07-31,SEA
/nfl/rankings/ppr-superflex-cheatsheets.php,redraft-op,rsf,Trevor Lawrence,19780,QB,JAC,14.49,4.96,6,26,,trevor-lawrence.php,,,90.8,,,,,,7.0,Trevor Lawrence,2026-07-31,JAC
/nfl/rankings/ppr-superflex-cheatsheets.php,redraft-op,rsf,Dak Prescott,15600,QB,DAL,15.21,5.46,7,30,,dak-prescott.php,,,93.4,,,,,,14.0,Dak Prescott,2026-07-31,DAL
/nfl/rankings/ppr-superflex-cheatsheets.php,redraft-op,rsf,Amon-Ra St. Brown,19799,WR,DET,15.3,4.31,11,41,,amonra-stbrown.php,,,99.3,,,,,,6.0,Amon-Ra St Brown,2026-07-31,DET
/nfl/rankings/ppr-superflex-cheatsheets.php,redraft-op,rsf,Christian McCaffrey,16393,RB,SF,18.77,7.47,10,45,,christian-mccaffrey.php,,,99.5,,,,,,8.0,Christian McCaffrey,2026-07-31,SFO
/nfl/rankings/ppr-superflex-cheatsheets.php,redraft-op,rsf,CeeDee Lamb,19202,WR,DAL,20.31,4.26,14,44,,ceedee-lamb.php,,,99.4,,,,,,14.0,CeeDee Lamb,2026-07-31,DAL
/nfl/rankings/ppr-superflex-cheatsheets.php,redraft-op,rsf,Brock Purdy,19797,QB,SF,20.38,4.69,9,32,,brock-purdy.php,,,90.9,,,,,,8.0,Brock Purdy,2026-07-31,SFO
/nfl/rankings/ppr-superflex-cheatsheets.php,redraft-op,rsf,Justin Jefferson,19236,WR,MIN,21.3,5.45,12,47,,justin-jefferson.php,,,99.3,,,,,,6.0,Justin Jefferson,2026-07-31,MIN
/nfl/rankings/ppr-superflex-cheatsheets.php,redraft-op,rsf,Jaxson Dart,23160,QB,NYG,21.35,6.72,8,32,,jaxson-dart.php,,,94.8,,,,,,8.0,Jaxson Dart,2026-07-31,NYG
/nfl/rankings/ppr-superflex-cheatsheets.php,redraft-op,rsf,Drake London,23163,WR,ATL,25.0,5.28,20,49,,drake-london.php,,,99.1,,,,,,11.0,Drake London,2026-07-31,ATL
/nfl/rankings/ppr-superflex-cheatsheets.php,redraft-op,rsf,Jonathan Taylor,19217,RB,IND,25.85,8.52,13,48,,jonathan-taylor.php,,,99.3,,,,,,13.0,Jonathan Taylor,2026-07-31,IND
/nfl/rankings/ppr-superflex-cheatsheets.php,redraft-op,rsf,Bo Nix,22910,QB,DEN,26.49,7.09,9,50,,bo-nix.php,,,88.9,,,,,,10.0,Bo Nix,2026-07-31,DEN
/nfl/rankings/ppr-superflex-cheatsheets.php,redraft-op,rsf,Patrick Mahomes II,16413,QB,KC,26.68,5.81,15,38,,patrick-mahomes.php,,,91.9,,,,,,5.0,Patrick Mahomes,2026-07-31,KCC
/nfl/rankings/ppr-superflex-cheatsheets.php,redraft-op,rsf,A.J. Brown,18218,WR,NE,29.17,7.8,20,53,,aj-brown.php,,,99.2,,,,,,11.0,AJ Brown,2026-07-31,NEP
/nfl/rankings/ppr-superflex-cheatsheets.php,redraft-op,rsf,Nico Collins,20130,WR,HOU,30.55,6.44,24,56,,nico-collins.php,,,99.2,,,,,,8.0,Nico Collins,2026-07-31,HOU
/nfl/rankings/ppr-superflex-cheatsheets.php,redraft-op,rsf,Matthew Stafford,9451,QB,LAR,30.7,9.93,8,55,,matthew-stafford.php,,,92.5,,,,,,11.0,Matthew Stafford,2026-07-31,LAR
/nfl/rankings/ppr-superflex-cheatsheets.php,redraft-op,rsf,Ashton Jeanty,25989,RB,LV,30.94,8.75,15,58,,ashton-jeanty.php,,,99.1,,,,,,13.0,Ashton Jeanty,2026-07-31,LVR
/nfl/rankings/ppr-superflex-cheatsheets.php,redraft-op,rsf,Trey McBride,22936,TE,ARI,34.01,6.08,25,54,,trey-mcbride.php,,,99.3,,,,,,14.0,Trey McBride,2026-07-31,ARI
/nfl/rankings/ppr-superflex-cheatsheets.php,redraft-op,rsf,George Pickens,22963,WR,DAL,34.46,6.63,21,57,,george-pickens.php,,,99.2,,,,,,14.0,George Pickens,2026-07-31,DAL
/nfl/rankings/ppr-superflex-cheatsheets.php,redraft-op,rsf,Chase Brown,25324,RB,CIN,34.55,8.1,22,54,,chase-brown.php,,,98.7,,,,,,6.0,Chase Brown,2026-07-31,CIN
/nfl/rankings/ppr-superflex-cheatsheets.php,redraft-op,rsf,James Cook III,22958,RB,BUF,34.59,9.72,15,61,,james-cook.php,,,99.5,,,,,,7.0,James Cook,2026-07-31,BUF
/nfl/rankings/ppr-superflex-cheatsheets.php,redraft-op,rsf,Jared Goff,15501,QB,DET,34.61,9.99,7,55,,jared-goff.php,,,77.7,,,,,,6.0,Jared Goff,2026-07-31,DET
/nfl/rankings/ppr-superflex-cheatsheets.php,redraft-op,rsf,Rashee Rice,23113,WR,KC,35.0,10.33,21,68,,rashee-rice.php,,,97.9,,,,,,5.0,Rashee Rice,2026-07-31,KCC
/nfl/rankings/ppr-superflex-cheatsheets.php,redraft-op,rsf,Chris Olave,20111,WR,NO,37.06,8.85,23,68,,chris-olave.php,,,98.1,,,,,,8.0,Chris Olave,2026-07-31,NOS
/nfl/rankings/ppr-superflex-cheatsheets.php,redraft-op,rsf,De'Von Achane,23136,RB,MIA,37.21,8.75,15,68,,devon-achane.php,,,99.2,,,,,,6.0,DeVon Achane,2026-07-31,MIA
/nfl/rankings/ppr-superflex-cheatsheets.php,redraft-op,rsf,Brock Bowers,22955,TE,LV,37.56,4.35,23,51,,brock-bowers.php,,,99.1,,,,,,13.0,Brock Bowers,2026-07-31,LVR
/nfl/rankings/ppr-superflex-cheatsheets.php,redraft-op,rsf,Kyler Murray,18600,QB,MIN,38.24,11.95,13,64,,kyler-murray.php,,,73.3,,,,,,6.0,Kyler Murray,2026-07-31,MIN
/nfl/rankings/ppr-superflex-cheatsheets.php,redraft-op,rsf,Omarion Hampton,25395,RB,LAC,40.49,9.04,22,67,,omarion-hampton.php,,,98.7,,,,,,7.0,Omarion Hampton,2026-07-31,LAC
/nfl/rankings/ppr-superflex-cheatsheets.php,redraft-op,rsf,DeVonta Smith,19222,WR,PHI,41.13,8.69,24,62,,devonta-smith.php,,,98.0,,,,,,10.0,DeVonta Smith,2026-07-31,PHI
/nfl/rankings/ppr-superflex-cheatsheets.php,redraft-op,rsf,Saquon Barkley,17240,RB,PHI,41.77,7.74,22,61,,saquon-barkley.php,,,99.4,,,,,,10.0,Saquon Barkley,2026-07-31,PHI
/nfl/rankings/ppr-superflex-cheatsheets.php,redraft-op,rsf,Baker Mayfield,17237,QB,TB,45.49,10.36,19,64,,baker-mayfield.php,,,61.2,,,,,,10.0,Baker Mayfield,2026-07-31,TBB
/nfl/rankings/ppr-superflex-cheatsheets.php,redraft-op,rsf,Tyler Shough,23096,QB,NO,45.99,10.57,18,64,,tyler-shough.php,,,56.2,,,,,,8.0,Tyler Shough,2026-07-31,NOS
/nfl/rankings/ppr-superflex-cheatsheets.php,redraft-op,rsf,Zay Flowers,22916,WR,BAL,46.31,10.01,24,68,,zay-flowers.php,,,97.1,,,,,2.0,13.0,Zay Flowers,2026-07-31,BAL
/nfl/rankings/ppr-superflex-cheatsheets.php,redraft-op,rsf,Jordan Love,19246,QB,GB,46.51,9.3,20,60,,jordan-love.php,,,58.4,,,,,,11.0,Jordan Love,2026-07-31,GBP
/nfl/rankings/ppr-superflex-cheatsheets.php,redraft-op,rsf,Kenneth Walker III,23021,RB,KC,46.83,8.76,27,74,,kenneth-walker-rb.php,,,99.3,,,,,,5.0,Kenneth Walker,2026-07-31,KCC
/nfl/rankings/ppr-superflex-cheatsheets.php,redraft-op,rsf,Garrett Wilson,23072,WR,NYJ,47.66,8.26,28,75,,garrett-wilson.php,,,97.3,,,,,,13.0,Garrett Wilson,2026-07-31,NYJ
/nfl/rankings/ppr-superflex-cheatsheets.php,redraft-op,rsf,Tetairoa McMillan,25417,WR,CAR,49.48,9.76,28,71,,tetairoa-mcmillan.php,,,97.9,,,,,,5.0,Tetairoa McMillan,2026-07-31,CAR
/nfl/rankings/ppr-superflex-cheatsheets.php,redraft-op,rsf,Tee Higgins,19211,WR,CIN,50.96,8.42,35,69,,tee-higgins.php,,,97.6,,,,,,6.0,Tee Higgins,2026-07-31,CIN
/nfl/rankings/ppr-superflex-cheatsheets.php,redraft-op,rsf,Ladd McConkey,26122,WR,LAC,53.96,9.65,28,76,,ladd-mcconkey.php,,,95.9,,,,,,7.0,Ladd McConkey,2026-07-31,LAC
/nfl/rankings/ppr-superflex-cheatsheets.php,redraft-op,rsf,Malik Willis,23499,QB,MIA,54.34,12.55,30,94,,malik-willis.php,,,46.6,,,,,,6.0,Malik Willis,2026-07-31,MIA
/nfl/rankings/ppr-superflex-cheatsheets.php,redraft-op,rsf,Colston Loveland,26006,TE,CHI,54.55,16.04,39,104,,colston-loveland.php,,,98.6,,,,,,10.0,Colston Loveland,2026-07-31,CHI
/nfl/rankings/ppr-superflex-cheatsheets.php,redraft-op,rsf,Jeremiyah Love,25403,RB,ARI,54.86,9.38,42,85,,jeremiyah-love.php,,,98.2,,,,,,14.0,Jeremiyah Love,2026-07-31,ARI
/nfl/rankings/ppr-superflex-cheatsheets.php,redraft-op,rsf,Malik Nabers,25409,WR,NYG,55.0,16.09,23,90,,malik-nabers.php,,,98.2,,,,,,8.0,Malik Nabers,2026-07-31,NYG
/nfl/rankings/ppr-superflex-cheatsheets.php,redraft-op,rsf,Emeka Egbuka,23062,WR,TB,55.08,10.05,27,73,,emeka-egbuka.php,,,96.3,,,,,,10.0,Emeka Egbuka,2026-07-31,TBB
/nfl/rankings/ppr-superflex-cheatsheets.php,redraft-op,rsf,Derrick Henry,15514,RB,BAL,56.04,9.61,22,74,,derrick-henry.php,,,99.1,,,,,,13.0,Derrick Henry,2026-07-31,BAL
/nfl/rankings/ppr-superflex-cheatsheets.php,redraft-op,rsf,Jaylen Waddle,19790,WR,DEN,56.41,9.73,34,81,,jaylen-waddle.php,,,95.7,,,,,,10.0,Jaylen Waddle,2026-07-31,DEN
/nfl/rankings/ppr-superflex-cheatsheets.php,redraft-op,rsf,Breece Hall,22982,RB,NYJ,58.25,7.55,48,88,,breece-hall.php,,,97.6,,,,,,13.0,Breece Hall,2026-07-31,NYJ
/nfl/rankings/ppr-superflex-cheatsheets.php,redraft-op,rsf,Kyren Williams,23059,RB,LAR,60.99,8.3,40,77,,kyren-williams.php,,,98.1,,,,,,11.0,Kyren Williams,2026-07-31,LAR
/nfl/rankings/ppr-superflex-cheatsheets.php,redraft-op,rsf,Terry McLaurin,18466,WR,WAS,61.17,8.21,44,82,,terry-mclaurin.php,,,95.3,,,,,,7.0,Terry McLaurin,2026-07-31,WAS
/nfl/rankings/ppr-superflex-cheatsheets.php,redraft-op,rsf,C.J. Stroud,23071,QB,HOU,61.97,9.16,23,83,,cj-stroud.php,,,40.5,,,,,,8.0,CJ Stroud,2026-07-31,HOU
/nfl/rankings/ppr-superflex-cheatsheets.php,redraft-op,rsf,Sam Darnold,17236,QB,SEA,62.56,7.58,24,76,,sam-darnold.php,,,43.1,,,,,,11.0,Sam Darnold,2026-07-31,SEA
/nfl/rankings/ppr-superflex-cheatsheets.php,redraft-op,rsf,Josh Jacobs,18269,RB,GB,63.06,9.46,42,85,,josh-jacobs.php,,,98.7,,,,,,11.0,Josh Jacobs,2026-07-31,GBP
/nfl/rankings/ppr-superflex-cheatsheets.php,redraft-op,rsf,Javonte Williams,22739,RB,DAL,65.76,8.37,43,80,,javonte-williams.php,,,96.9,,,,,,14.0,Javonte Williams,2026-07-31,DAL
/nfl/rankings/ppr-superflex-cheatsheets.php,redraft-op,rsf,Luther Burden III,27016,WR,CHI,66.21,8.11,51,84,,luther-burden-iii.php,,,93.8,,,,,,10.0,Luther Burden,2026-07-31,CHI
/nfl/rankings/ppr-superflex-cheatsheets.php,redraft-op,rsf,Cam Ward,24755,QB,TEN,66.99,7.52,33,83,,cam-ward.php,,,33.0,,,,,,9.0,Cam Ward,2026-07-31,TEN
/nfl/rankings/ppr-superflex-cheatsheets.php,redraft-op,rsf,Davante Adams,12123,WR,LAR,68.04,7.6,52,84,,davante-adams.php,,,97.3,,,,,,11.0,Davante Adams,2026-07-31,LAR
/nfl/rankings/ppr-superflex-cheatsheets.php,redraft-op,rsf,Mike Evans,12119,WR,SF,69.28,10.03,44,100,,mike-evans.php,,,93.0,,,,,,8.0,Mike Evans,2026-07-31,SFO
/nfl/rankings/ppr-superflex-cheatsheets.php,redraft-op,rsf,Travis Etienne Jr.,19231,RB,NO,70.03,9.54,42,94,,travis-etienne.php,,,96.1,,,,,,8.0,Travis Etienne,2026-07-31,NOS
/nfl/rankings/ppr-superflex-cheatsheets.php,redraft-op,rsf,Cam Skattebo,27166,RB,NYG,74.23,9.72,54,99,,cam-skattebo.php,,,97.0,,,,,,8.0,Cam Skattebo,2026-07-31,NYG
/nfl/rankings/ppr-superflex-cheatsheets.php,redraft-op,rsf,Daniel Jones,18232,QB,IND,70.27,13.37,26,127,,daniel-jones.php,,,40.7,,,,,,13.0,Daniel Jones,2026-07-31,IND
/nfl/rankings/ppr-superflex-cheatsheets.php,redraft-op,rsf,DJ Moore,17265,WR,BUF,74.73,13.79,35,117,,dj-moore-wr.php,,,93.4,,,,,,7.0,DJ Moore,2026-07-31,BUF
/nfl/rankings/ppr-superflex-cheatsheets.php,redraft-op,rsf,Tyler Warren,26434,TE,IND,75.18,10.88,47,93,,tyler-warren.php,,,98.2,,,,,,13.0,Tyler Warren,2026-07-31,IND
/nfl/rankings/ppr-superflex-cheatsheets.php,redraft-op,rsf,Jameson Williams,23677,WR,DET,75.41,7.98,62,110,,jameson-williams.php,,,95.1,,,,,,6.0,Jameson Williams,2026-07-31,DET
/nfl/rankings/ppr-superflex-cheatsheets.php,redraft-op,rsf,Christian Watson,23886,WR,GB,77.07,11.47,59,114,,christian-watson.php,,,91.6,,,,,,11.0,Christian Watson,2026-07-31,GBP
/nfl/rankings/ppr-superflex-cheatsheets.php,redraft-op,rsf,Bryce Young,22900,QB,CAR,74.16,11.34,30,127,,bryce-young.php,,,32.6,,,,,,5.0,Bryce Young,2026-07-31,CAR
/nfl/rankings/ppr-superflex-cheatsheets.php,redraft-op,rsf,Rome Odunze,25411,WR,CHI,79.86,10.04,59,114,,rome-odunze.php,,,92.4,,,,,,10.0,Rome Odunze,2026-07-31,CHI
/nfl/rankings/ppr-superflex-cheatsheets.php,redraft-op,rsf,Quinshon Judkins,25391,RB,CLE,80.07,8.4,54,97,,quinshon-judkins.php,,,93.9,,,,,,11.0,Quinshon Judkins,2026-07-31,CLE
/nfl/rankings/ppr-superflex-cheatsheets.php,redraft-op,rsf,Bucky Irving,25981,RB,TB,80.08,10.48,53,104,,bucky-irving.php,,,95.7,,,,,,10.0,Bucky Irving,2026-07-31,TBB
/nfl/rankings/ppr-superflex-cheatsheets.php,redraft-op,rsf,D'Andre Swift,19210,RB,CHI,81.61,7.47,65,98,,dandre-swift.php,,,94.0,,,,,,10.0,DAndre Swift,2026-07-31,CHI
/nfl/rankings/ppr-superflex-cheatsheets.php,redraft-op,rsf,TreVeyon Henderson,23065,RB,NE,83.93,11.04,54,116,,treveyon-henderson.php,,,94.0,,,,,,11.0,TreVeyon Henderson,2026-07-31,NEP
/nfl/rankings/ppr-superflex-cheatsheets.php,redraft-op,rsf,David Montgomery,18239,RB,HOU,84.0,11.69,67,134,,david-montgomery.php,,,93.6,,,,,,8.0,David Montgomery,2026-07-31,HOU
/nfl/rankings/ppr-superflex-cheatsheets.php,redraft-op,rsf,Carnell Tate,26009,WR,TEN,84.03,20.08,59,195,,carnell-tate.php,,,93.4,,,,,,9.0,Carnell Tate,2026-07-31,TEN
/nfl/rankings/ppr-superflex-cheatsheets.php,redraft-op,rsf,Jacoby Brissett,15642,QB,ARI,84.76,17.16,27,127,,jacoby-brissett.php,,,25.9,,,,,,14.0,Jacoby Brissett,2026-07-31,ARI
/nfl/rankings/ppr-superflex-cheatsheets.php,redraft-op,rsf,Marvin Harrison Jr.,23064,WR,ARI,91.23,13.18,63,124,,marvin-harrison-jr.php,,,90.6,,,,,,14.0,Marvin Harrison,2026-07-31,ARI
/nfl/rankings/ppr-superflex-cheatsheets.php,redraft-op,rsf,Bhayshul Tuten,27297,RB,JAC,92.55,12.68,71,139,,bhayshul-tuten.php,,,91.2,,,,,,7.0,Bhayshul Tuten,2026-07-31,JAC
/nfl/rankings/ppr-superflex-cheatsheets.php,redraft-op,rsf,Harold Fannin Jr.,27050,TE,CLE,94.97,10.51,78,127,,harold-fannin-jr.php,,,94.6,,,,,,11.0,Harold Fannin,2026-07-31,CLE
/nfl/rankings/ppr-superflex-cheatsheets.php,redraft-op,rsf,Jaylen Warren,24209,RB,PIT,95.11,5.64,79,111,,jaylen-warren.php,,,91.2,,,,,,9.0,Jaylen Warren,2026-07-31,PIT
/nfl/rankings/ppr-superflex-cheatsheets.php,redraft-op,rsf,Tucker Kraft,25298,TE,GB,95.13,10.94,76,121,,tucker-kraft.php,,,93.8,,,,,,11.0,Tucker Kraft,2026-07-31,GBP
/nfl/rankings/ppr-superflex-cheatsheets.php,redraft-op,rsf,Jadarian Price,27329,RB,SEA,97.03,8.21,74,111,,jadarian-price.php,,,91.3,,,,,,11.0,Jadarian Price,2026-07-31,SEA
/nfl/rankings/ppr-superflex-cheatsheets.php,redraft-op,rsf,Alec Pierce,23791,WR,IND,97.59,13.65,72,124,,alec-pierce.php,,,90.3,,,,,,13.0,Alec Pierce,2026-07-31,IND
/nfl/rankings/ppr-superflex-cheatsheets.php,redraft-op,rsf,DK Metcalf,18219,WR,PIT,98.61,12.05,72,123,,dk-metcalf.php,,,92.2,,,,,,9.0,DK Metcalf,2026-07-31,PIT
/nfl/rankings/ppr-superflex-cheatsheets.php,redraft-op,rsf,Chris Godwin Jr.,16406,WR,TB,99.21,11.57,62,124,,chris-godwin.php,,,87.2,,,,,,10.0,Chris Godwin,2026-07-31,TBB
/nfl/rankings/ppr-superflex-cheatsheets.php,redraft-op,rsf,Courtland Sutton,17253,WR,DEN,99.28,11.88,69,122,,courtland-sutton.php,,,89.8,,,,,,10.0,Courtland Sutton,2026-07-31,DEN
/nfl/rankings/ppr-superflex-cheatsheets.php,redraft-op,rsf,Brian Thomas Jr.,23000,WR,JAC,99.42,12.92,72,128,,brian-thomas-jr.php,,,89.6,,,,,,7.0,Brian Thomas,2026-07-31,JAC
/nfl/rankings/ppr-superflex-cheatsheets.php,redraft-op,rsf,Kyle Pitts Sr.,20164,TE,ATL,99.68,8.83,86,115,,kyle-pitts.php,,,95.6,,,,,,11.0,Kyle Pitts,2026-07-31,ATL
/nfl/rankings/ppr-superflex-cheatsheets.php,redraft-op,rsf,Parker Washington,23106,WR,JAC,100.17,14.71,68,144,,parker-washington.php,,,88.4,,,,,,7.0,Parker Washington,2026-07-31,JAC
/nfl/rankings/ppr-superflex-cheatsheets.php,redraft-op,rsf,Michael Pittman Jr.,19278,WR,PIT,101.56,11.14,75,125,,michael-pittman.php,,,87.7,,,,,,9.0,Michael Pittman,2026-07-31,PIT
/nfl/rankings/ppr-superflex-cheatsheets.php,redraft-op,rsf,Rhamondre Stevenson,22726,RB,NE,101.69,8.91,80,131,,rhamondre-stevenson.php,,,88.3,,,,,,11.0,Rhamondre Stevenson,2026-07-31,NEP
/nfl/rankings/ppr-superflex-cheatsheets.php,redraft-op,rsf,Tony Pollard,18705,RB,TEN,102.75,9.09,81,130,,tony-pollard.php,,,89.9,,,,,,9.0,Tony Pollard,2026-07-31,TEN
/nfl/rankings/ppr-superflex-cheatsheets.php,redraft-op,rsf,Sam LaPorta,22978,TE,DET,104.01,9.98,78,121,,sam-laporta.php,,,95.5,,,,,,6.0,Sam LaPorta,2026-07-31,DET
/nfl/rankings/ppr-superflex-cheatsheets.php,redraft-op,rsf,Chuba Hubbard,19792,RB,CAR,104.7,11.38,85,141,,chuba-hubbard.php,,,90.3,,,,,,5.0,Chuba Hubbard,2026-07-31,CAR
/nfl/rankings/ppr-superflex-cheatsheets.php,redraft-op,rsf,Jordyn Tyson,26035,WR,NO,105.62,23.53,80,216,,jordyn-tyson.php,,,89.2,,,,,,8.0,Jordyn Tyson,2026-07-31,NOS
/nfl/rankings/ppr-superflex-cheatsheets.php,redraft-op,rsf,Wan'Dale Robinson,22985,WR,TEN,105.65,13.88,63,140,,wandale-robinson.php,,,77.3,,,,,,9.0,WanDale Robinson,2026-07-31,TEN
/nfl/rankings/ppr-superflex-cheatsheets.php,redraft-op,rsf,Michael Wilson,25333,WR,ARI,105.75,11.91,76,135,,michael-wilson.php,,,86.6,,,,,,14.0,Michael Wilson,2026-07-31,ARI
/nfl/rankings/ppr-superflex-cheatsheets.php,redraft-op,rsf,Rico Dowdle,19647,RB,PIT,106.42,9.46,88,134,,rico-dowdle.php,,,90.1,,,,,,9.0,Rico Dowdle,2026-07-31,PIT
/nfl/rankings/ppr-superflex-cheatsheets.php,redraft-op,rsf,Geno Smith,11687,QB,NYJ,102.96,27.71,31,184,,geno-smith.php,,,19.5,,,,,,13.0,Geno Smith,2026-07-31,NYJ
/nfl/rankings/ppr-superflex-cheatsheets.php,redraft-op,rsf,RJ Harvey,27142,RB,DEN,110.24,17.04,74,153,,rj-harvey.php,,,88.1,,,,,,10.0,RJ Harvey,2026-07-31,DEN
/nfl/rankings/ppr-superflex-cheatsheets.php,redraft-op,rsf,Josh Downs,24706,WR,IND,111.07,15.36,72,158,,josh-downs.php,,,81.5,,,,,,13.0,Josh Downs,2026-07-31,IND
/nfl/rankings/ppr-superflex-cheatsheets.php,redraft-op,rsf,Jakobi Meyers,18598,WR,JAC,113.38,12.48,89,146,,jakobi-meyers.php,,,83.0,,,,,,7.0,Jakobi Meyers,2026-07-31,JAC
/nfl/rankings/ppr-superflex-cheatsheets.php,redraft-op,rsf,Quentin Johnston,23123,WR,LAC,115.87,11.47,82,135,,quentin-johnston.php,,,82.4,,,,,,7.0,Quentin Johnston,2026-07-31,LAC
/nfl/rankings/ppr-superflex-cheatsheets.php,redraft-op,rsf,Kenny Gainwell,23310,RB,TB,116.34,14.34,94,153,,kenneth-gainwell.php,,,84.7,,,,,,10.0,Kenny Gainwell,2026-07-31,TBB
/nfl/rankings/ppr-superflex-cheatsheets.php,redraft-op,rsf,Travis Kelce,11594,TE,KC,116.68,12.12,93,153,,travis-kelce.php,,,90.9,,,,,,5.0,Travis Kelce,2026-07-31,KCC
/nfl/rankings/ppr-superflex-cheatsheets.php,redraft-op,rsf,Makai Lemon,25420,WR,PHI,117.21,21.17,84,209,,makai-lemon.php,,,88.7,,,,,,10.0,Makai Lemon,2026-07-31,PHI
/nfl/rankings/ppr-superflex-cheatsheets.php,redraft-op,rsf,Kyle Monangai,27131,RB,CHI,118.07,9.75,99,150,,kyle-monangai.php,,,87.2,,,,,,10.0,Kyle Monangai,2026-07-31,CHI
/nfl/rankings/ppr-superflex-cheatsheets.php,redraft-op,rsf,J.K. Dobbins,19245,RB,DEN,118.63,12.17,95,154,,jk-dobbins.php,,,87.8,,,,,,10.0,JK Dobbins,2026-07-31,DEN
/nfl/rankings/ppr-superflex-cheatsheets.php,redraft-op,rsf,Jordan Addison,23107,WR,MIN,121.37,9.2,98,139,,jordan-addison.php,,,84.0,,,,,,6.0,Jordan Addison,2026-07-31,MIN
/nfl/rankings/ppr-superflex-cheatsheets.php,redraft-op,rsf,George Kittle,16499,TE,SF,121.89,17.08,47,161,,george-kittle.php,,,92.8,,,,,,8.0,George Kittle,2026-07-31,SFO
/nfl/rankings/ppr-superflex-cheatsheets.php,redraft-op,rsf,Rachaad White,23891,RB,WAS,122.85,13.81,88,156,,rachaad-white.php,,,80.6,,,,,,7.0,Rachaad White,2026-07-31,WAS
/nfl/rankings/ppr-superflex-cheatsheets.php,redraft-op,rsf,Jake Ferguson,22718,TE,DAL,123.14,11.59,93,149,,jake-ferguson.php,,,89.6,,,,,,14.0,Jake Ferguson,2026-07-31,DAL
/nfl/rankings/ppr-superflex-cheatsheets.php,redraft-op,rsf,Blake Corum,23013,RB,LAR,123.37,9.61,103,145,,blake-corum.php,,,84.9,,,,,,11.0,Blake Corum,2026-07-31,LAR
/nfl/rankings/ppr-superflex-cheatsheets.php,redraft-op,rsf,Aaron Jones Sr.,16673,RB,MIN,125.65,10.51,98,145,,aaron-jones.php,,,85.9,,,,,,6.0,Aaron Jones,2026-07-31,MIN
/nfl/rankings/ppr-superflex-cheatsheets.php,redraft-op,rsf,Aaron Rodgers,9001,QB,PIT,97.06,25.63,29,177,,aaron-rodgers.php,,,22.4,,,,,,9.0,Aaron Rodgers,2026-07-31,PIT
/nfl/rankings/ppr-superflex-cheatsheets.php,redraft-op,rsf,Jayden Reed,23020,WR,GB,125.94,11.1,100,149,,jayden-reed.php,,,78.3,,,,,,11.0,Jayden Reed,2026-07-31,GBP
/nfl/rankings/ppr-superflex-cheatsheets.php,redraft-op,rsf,Dalton Kincaid,25247,TE,BUF,127.14,10.96,113,164,,dalton-kincaid.php,,,78.2,,,,,,7.0,Dalton Kincaid,2026-07-31,BUF
/nfl/rankings/ppr-superflex-cheatsheets.php,redraft-op,rsf,Ricky Pearsall,26214,WR,SF,126.27,34.22,88,325,,ricky-pearsall.php,,,83.4,,,,,,8.0,Ricky Pearsall,2026-07-31,SFO
/nfl/rankings/ppr-superflex-cheatsheets.php,redraft-op,rsf,Dallas Goedert,17270,TE,PHI,132.56,13.57,112,164,,dallas-goedert.php,,,88.7,,,,,,10.0,Dallas Goedert,2026-07-31,PHI
/nfl/rankings/ppr-superflex-cheatsheets.php,redraft-op,rsf,Khalil Shakir,23748,WR,BUF,133.21,11.56,106,169,,khalil-shakir.php,,,67.1,,,,,,7.0,Khalil Shakir,2026-07-31,BUF
/nfl/rankings/ppr-superflex-cheatsheets.php,redraft-op,rsf,Jayden Higgins,27077,WR,HOU,133.24,9.54,112,156,,jayden-higgins.php,,,50.1,,,,,,8.0,Jayden Higgins,2026-07-31,HOU
/nfl/rankings/ppr-superflex-cheatsheets.php,redraft-op,rsf,Isaiah Likely,23781,TE,NYG,133.37,21.54,106,215,,isaiah-likely.php,,,86.6,,,,,,8.0,Isaiah Likely,2026-07-31,NYG
/nfl/rankings/ppr-superflex-cheatsheets.php,redraft-op,rsf,Jonathon Brooks,26148,RB,CAR,133.52,33.28,97,321,,jonathon-brooks.php,,,76.0,,,,,,5.0,Jonathon Brooks,2026-07-31,CAR
/nfl/rankings/ppr-superflex-cheatsheets.php,redraft-op,rsf,Xavier Worthy,23019,WR,KC,135.86,9.94,106,157,,xavier-worthy.php,,,77.2,,,,,,5.0,Xavier Worthy,2026-07-31,KCC
/nfl/rankings/ppr-superflex-cheatsheets.php,redraft-op,rsf,Jacory Croskey-Merritt,27316,RB,WAS,136.66,8.45,111,159,,jacory-croskeymerritt.php,,,78.5,,,,,,7.0,Jacory Croskey-Merritt,2026-07-31,WAS
/nfl/rankings/ppr-superflex-cheatsheets.php,redraft-op,rsf,Jordan Mason,22969,RB,MIN,137.86,9.78,113,163,,jordan-mason.php,,,71.9,,,,,,6.0,Jordan Mason,2026-07-31,MIN
/nfl/rankings/ppr-superflex-cheatsheets.php,redraft-op,rsf,Mark Andrews,17269,TE,BAL,138.8,16.47,113,185,,mark-andrews.php,,,84.3,,,,,,13.0,Mark Andrews,2026-07-31,BAL
/nfl/rankings/ppr-superflex-cheatsheets.php,redraft-op,rsf,Jalen Coker,26403,WR,CAR,140.48,10.47,122,170,,jalen-coker.php,,,49.1,,,,,,5.0,Jalen Coker,2026-07-31,CAR
/nfl/rankings/ppr-superflex-cheatsheets.php,redraft-op,rsf,Romeo Doubs,23794,WR,NE,141.23,13.38,110,175,,romeo-doubs.php,,,69.0,,,,,,11.0,Romeo Doubs,2026-07-31,NEP
/nfl/rankings/ppr-superflex-cheatsheets.php,redraft-op,rsf,Tyrone Tracy Jr.,22980,RB,NYG,143.97,8.85,118,166,,tyrone-tracy-jr.php,,,43.8,,,,,,8.0,Tyrone Tracy,2026-07-31,NYG
/nfl/rankings/ppr-superflex-cheatsheets.php,redraft-op,rsf,KC Concepcion,27331,WR,CLE,144.49,29.64,100,269,,kevin-concepcion.php,,,68.0,,,,,,11.0,KC Concepcion,2026-07-31,CLE
/nfl/rankings/ppr-superflex-cheatsheets.php,redraft-op,rsf,Woody Marks,27520,RB,HOU,147.85,16.23,103,210,,woody-marks.php,,,58.6,,,,,,8.0,Woody Marks,2026-07-31,HOU
/nfl/rankings/ppr-superflex-cheatsheets.php,redraft-op,rsf,Matthew Golden,26024,WR,GB,148.14,15.91,113,190,,matthew-golden.php,,,69.4,,,,,,11.0,Matthew Golden,2026-07-31,GBP
/nfl/rankings/ppr-superflex-cheatsheets.php,redraft-op,rsf,Fernando Mendoza,28013,QB,LV,120.44,35.08,36,192,,fernando-mendoza.php,,,34.3,,,,,,13.0,Fernando Mendoza,2026-07-31,LVR
/nfl/rankings/ppr-superflex-cheatsheets.php,redraft-op,rsf,Tyler Allgeier,24172,RB,ARI,151.17,13.95,119,205,,tyler-allgeier.php,,,47.8,,,,,,14.0,Tyler Allgeier,2026-07-31,ARI
/nfl/rankings/ppr-superflex-cheatsheets.php,redraft-op,rsf,Tyjae Spears,25323,RB,TEN,152.45,12.36,119,188,,tyjae-spears.php,,,51.1,,,,,,9.0,Tyjae Spears,2026-07-31,TEN
/nfl/rankings/ppr-superflex-cheatsheets.php,redraft-op,rsf,Chris Rodriguez Jr.,22986,RB,JAC,152.49,17.97,111,211,,chris-rodriguez-jr.php,,,45.3,,,,,,7.0,Chris Rodriguez,2026-07-31,JAC
/nfl/rankings/ppr-superflex-cheatsheets.php,redraft-op,rsf,Tua Tagovailoa,19198,QB,ATL,127.33,29.5,35,183,,tua-tagovailoa.php,,,22.4,,,,,,11.0,Tua Tagovailoa,2026-07-31,ATL
/nfl/rankings/ppr-superflex-cheatsheets.php,redraft-op,rsf,Alvin Kamara,16421,RB,NO,153.18,10.67,130,181,,alvin-kamara.php,,,54.0,,,,,,8.0,Alvin Kamara,2026-07-31,NOS
/nfl/rankings/ppr-superflex-cheatsheets.php,redraft-op,rsf,Juwan Johnson,19562,TE,NO,153.61,16.14,125,189,,juwan-johnson.php,,,47.1,,,,,,8.0,Juwan Johnson,2026-07-31,NOS
/nfl/rankings/ppr-superflex-cheatsheets.php,redraft-op,rsf,Zach Charbonnet,23152,RB,SEA,153.65,21.47,99,218,,zach-charbonnet.php,,,71.1,,,,,,11.0,Zach Charbonnet,2026-07-31,SEA
/nfl/rankings/ppr-superflex-cheatsheets.php,redraft-op,rsf,Dylan Sampson,27102,RB,CLE,154.23,9.08,134,187,,dylan-sampson.php,,,28.3,,,,,,11.0,Dylan Sampson,2026-07-31,CLE
/nfl/rankings/ppr-superflex-cheatsheets.php,redraft-op,rsf,Rashid Shaheed,24687,WR,SEA,156.82,11.16,134,190,,rashid-shaheed.php,,,46.7,,,,,,11.0,Rashid Shaheed,2026-07-31,SEA
/nfl/rankings/ppr-superflex-cheatsheets.php,redraft-op,rsf,Isiah Pacheco,24333,RB,DET,157.27,9.38,132,187,,isiah-pacheco.php,,,54.5,,,,,,6.0,Isiah Pacheco,2026-07-31,DET
/nfl/rankings/ppr-superflex-cheatsheets.php,redraft-op,rsf,Brenton Strange,25345,TE,JAC,157.77,17.01,123,215,,brenton-strange.php,,,50.4,,,,,,7.0,Brenton Strange,2026-07-31,JAC
/nfl/rankings/ppr-superflex-cheatsheets.php,redraft-op,rsf,Jauan Jennings,19590,WR,MIN,159.06,22.14,112,247,,jauan-jennings.php,,,36.2,,,,,,6.0,Jauan Jennings,2026-07-31,MIN
/nfl/rankings/ppr-superflex-cheatsheets.php,redraft-op,rsf,Jerry Jeudy,19201,WR,CLE,161.38,14.65,127,197,,jerry-jeudy.php,,,34.6,,,,,,11.0,Jerry Jeudy,2026-07-31,CLE
/nfl/rankings/ppr-superflex-cheatsheets.php,redraft-op,rsf,Chig Okonkwo,23982,TE,WAS,163.11,27.15,109,230,,chigoziem-okonkwo.php,,,42.9,,,,,,7.0,Chigoziem Okonkwo,2026-07-31,WAS
/nfl/rankings/ppr-superflex-cheatsheets.php,redraft-op,rsf,Hunter Henry,15561,TE,NE,165.83,15.14,121,206,,hunter-henry.php,,,64.5,,,,,,11.0,Hunter Henry,2026-07-31,NEP
/nfl/rankings/ppr-superflex-cheatsheets.php,redraft-op,rsf,Adonai Mitchell,24357,WR,NYJ,167.82,14.8,147,205,,adonai-mitchell.php,,,21.1,,,,,,13.0,Adonai Mitchell,2026-07-31,NYJ
/nfl/rankings/ppr-superflex-cheatsheets.php,redraft-op,rsf,Denzel Boston,27339,WR,CLE,163.2,26.76,129,272,,denzel-boston.php,,,36.7,,,,,,11.0,Denzel Boston,2026-07-31,CLE
/nfl/rankings/ppr-superflex-cheatsheets.php,redraft-op,rsf,Keaton Mitchell,25360,RB,LAC,163.23,19.2,131,231,,keaton-mitchell.php,,,33.4,,,,,,7.0,Keaton Mitchell,2026-07-31,LAC
/nfl/rankings/ppr-superflex-cheatsheets.php,redraft-op,rsf,Oronde Gadsden II,25997,TE,LAC,169.42,25.63,115,212,,oronde-gadsden-ii.php,,,53.6,,,,,,7.0,Oronde Gadsden,2026-07-31,LAC
/nfl/rankings/ppr-superflex-cheatsheets.php,redraft-op,rsf,Omar Cooper Jr.,28127,WR,NYJ,166.9,25.84,132,271,,omar-cooper-jr.php,,,42.1,,,,,,13.0,Omar Cooper,2026-07-31,NYJ
/nfl/rankings/ppr-superflex-cheatsheets.php,redraft-op,rsf,Jonah Coleman,27320,RB,DEN,165.54,22.81,132,284,,jonah-coleman.php,,,35.1,,,,,,10.0,Jonah Coleman,2026-07-31,DEN
/nfl/rankings/ppr-superflex-cheatsheets.php,redraft-op,rsf,Brian Robinson Jr.,20094,RB,ATL,172.52,13.83,149,221,,brian-robinson-jr.php,,,37.2,,,,,,11.0,Brian Robinson,2026-07-31,ATL
/nfl/rankings/ppr-superflex-cheatsheets.php,redraft-op,rsf,Tank Bigsby,22908,RB,PHI,174.06,17.21,150,222,,tank-bigsby.php,,,30.6,,,,,,10.0,Tank Bigsby,2026-07-31,PHI
/nfl/rankings/ppr-superflex-cheatsheets.php,redraft-op,rsf,Jalen McMillan,23179,WR,TB,171.54,19.42,145,258,,jalen-mcmillan.php,,,34.9,,,,,,10.0,Jalen McMillan,2026-07-31,TBB
/nfl/rankings/ppr-superflex-cheatsheets.php,redraft-op,rsf,Tre Tucker,25337,WR,LV,174.38,19.1,130,251,,tre-tucker.php,,,25.3,,,,,,13.0,Tre Tucker,2026-07-31,LVR
/nfl/rankings/ppr-superflex-cheatsheets.php,redraft-op,rsf,Travis Hunter,26034,WR,JAC,173.53,25.34,112,247,,travis-hunter.php,,,67.3,,,,,,7.0,Travis Hunter,2026-07-31,JAC
/nfl/rankings/ppr-superflex-cheatsheets.php,redraft-op,rsf,Dalton Schultz,17349,TE,HOU,177.37,15.71,126,206,,dalton-schultz.php,,,32.5,,,,,,8.0,Dalton Schultz,2026-07-31,HOU
/nfl/rankings/ppr-superflex-cheatsheets.php,redraft-op,rsf,Braelon Allen,24346,RB,NYJ,175.68,24.01,134,276,,braelon-allen.php,,,25.5,,,,,,13.0,Braelon Allen,2026-07-31,NYJ
/nfl/rankings/ppr-superflex-cheatsheets.php,redraft-op,rsf,Tre' Harris,26215,WR,LAC,178.94,21.07,146,265,,tre-harris.php,,,18.9,,,,,,7.0,Tre Harris,2026-07-31,LAC
/nfl/rankings/ppr-superflex-cheatsheets.php,redraft-op,rsf,James Conner,16447,RB,ARI,180.41,31.42,120,284,,james-conner.php,,,29.4,,,,,,14.0,James Conner,2026-07-31,ARI
/nfl/rankings/ppr-superflex-cheatsheets.php,redraft-op,rsf,Ryan Flournoy,26398,WR,DAL,183.14,19.25,152,297,,ryan-flournoy.php,,,17.7,,,,,,14.0,Ryan Flournoy,2026-07-31,DAL
/nfl/rankings/ppr-superflex-cheatsheets.php,redraft-op,rsf,T.J. Hockenson,18290,TE,MIN,183.41,12.91,148,223,,tj-hockenson.php,,,56.3,,,,,,6.0,TJ Hockenson,2026-07-31,MIN
/nfl/rankings/ppr-superflex-cheatsheets.php,redraft-op,rsf,Stefon Diggs,13981,WR,FA,168.51,39.02,102,320,,stefon-diggs.php,,,52.3,,,,,,,Stefon Diggs,2026-07-31,FA
/nfl/rankings/ppr-superflex-cheatsheets.php,redraft-op,rsf,Troy Franklin,23092,WR,DEN,186.68,25.46,140,270,,troy-franklin.php,,,16.6,,,,,,10.0,Troy Franklin,2026-07-31,DEN
/nfl/rankings/ppr-superflex-cheatsheets.php,redraft-op,rsf,Michael Penix Jr.,22973,QB,ATL,143.07,36.18,40,268,,michael-penix-jr.php,,,16.1,,,,,,11.0,Michael Penix,2026-07-31,ATL
/nfl/rankings/ppr-superflex-cheatsheets.php,redraft-op,rsf,Jaylin Noel,27122,WR,HOU,187.2,18.75,149,263,,jaylin-noel.php,,,13.8,,,,,,8.0,Jaylin Noel,2026-07-31,HOU
/nfl/rankings/ppr-superflex-cheatsheets.php,redraft-op,rsf,Kayshon Boutte,22989,WR,NE,187.34,18.38,147,242,,kayshon-boutte.php,,,21.6,,,,,,11.0,Kayshon Boutte,2026-07-31,NEP
/nfl/rankings/ppr-superflex-cheatsheets.php,redraft-op,rsf,Calvin Ridley,17258,WR,TEN,193.34,21.24,147,263,,calvin-ridley.php,,,24.2,,,,,,9.0,Calvin Ridley,2026-07-31,TEN
/nfl/rankings/ppr-superflex-cheatsheets.php,redraft-op,rsf,Isaac TeSlaa,27446,WR,DET,190.8,16.44,158,260,,isaac-teslaa.php,,,22.5,,,,,,6.0,Isaac TeSlaa,2026-07-31,DET
/nfl/rankings/ppr-superflex-cheatsheets.php,redraft-op,rsf,Kimani Vidal,26355,RB,LAC,188.5,21.8,157,251,,kimani-vidal.php,,,18.2,,,,,,7.0,Kimani Vidal,2026-07-31,LAC
/nfl/rankings/ppr-superflex-cheatsheets.php,redraft-op,rsf,Deebo Samuel Sr.,18244,WR,SF,183.88,41.12,129,350,,deebo-samuel.php,,,32.6,,,,,,8.0,Deebo Samuel,2026-07-31,SFO
/nfl/rankings/ppr-superflex-cheatsheets.php,redraft-op,rsf,AJ Barner,26335,TE,SEA,197.04,15.25,152,224,,aj-barner.php,,,30.3,,,,,,11.0,AJ Barner,2026-07-31,SEA
/nfl/rankings/ppr-superflex-cheatsheets.php,redraft-op,rsf,Darnell Mooney,19810,WR,NYG,195.0,14.02,160,250,,darnell-mooney.php,,,17.2,,,,,,8.0,Darnell Mooney,2026-07-31,NYG
/nfl/rankings/ppr-superflex-cheatsheets.php,redraft-op,rsf,Ray Davis,26191,RB,BUF,194.67,23.69,153,293,,ray-davis.php,,,18.1,,,,,,7.0,Ray Davis,2026-07-31,BUF
/nfl/rankings/ppr-superflex-cheatsheets.php,redraft-op,rsf,Pat Bryant,27211,WR,DEN,198.11,17.67,171,247,,pat-bryant.php,,,14.4,,,,,,10.0,Pat Bryant,2026-07-31,DEN
/nfl/rankings/ppr-superflex-cheatsheets.php,redraft-op,rsf,Jalen Nailor,24177,WR,LV,193.87,34.91,123,275,,jalen-nailor.php,,,31.0,,,,,,13.0,Jalen Nailor,2026-07-31,LVR
/nfl/rankings/ppr-superflex-cheatsheets.php,redraft-op,rsf,Kenyon Sadiq,26055,TE,NYJ,200.86,30.14,148,350,,kenyon-sadiq.php,,,64.8,,,,,,13.0,Kenyon Sadiq,2026-07-31,NYJ
/nfl/rankings/ppr-superflex-cheatsheets.php,redraft-op,rsf,Emanuel Wilson,25885,RB,SEA,197.54,26.46,154,271,,emanuel-wilson.php,,,17.2,,,,,,11.0,Emanuel Wilson,2026-07-31,SEA
/nfl/rankings/ppr-superflex-cheatsheets.php,redraft-op,rsf,Emmett Johnson,28107,RB,KC,188.72,25.7,154,283,,emmett-johnson.php,,,27.0,,,,,,5.0,Emmett Johnson,2026-07-31,KCC
/nfl/rankings/ppr-superflex-cheatsheets.php,redraft-op,rsf,Malik Washington,26314,WR,MIA,200.91,28.43,157,263,,malik-washington.php,,,19.6,,,,,,6.0,Malik Washington,2026-07-31,MIA
/nfl/rankings/ppr-superflex-cheatsheets.php,redraft-op,rsf,Sean Tucker,23679,RB,TB,196.85,27.01,154,311,,sean-tucker.php,,,19.4,,,,,,10.0,Sean Tucker,2026-07-31,TBB
/nfl/rankings/ppr-superflex-cheatsheets.php,redraft-op,rsf,Dontayvion Wicks,24354,WR,PHI,199.8,17.49,157,258,,dontayvion-wicks.php,,,12.2,,,,,,10.0,Dontayvion Wicks,2026-07-31,PHI
/nfl/rankings/ppr-superflex-cheatsheets.php,redraft-op,rsf,Gunnar Helm,27109,TE,TEN,204.18,22.12,163,295,,gunnar-helm.php,,,20.8,,,,,,9.0,Gunnar Helm,2026-07-31,TEN
/nfl/rankings/ppr-superflex-cheatsheets.php,redraft-op,rsf,De'Zhaun Stribling,28138,WR,SF,205.1,44.0,129,346,,dezhaun-stribling.php,,,21.4,,,,,,8.0,DeZhaun Stribling,2026-07-31,SFO
/nfl/rankings/ppr-superflex-cheatsheets.php,redraft-op,rsf,Deshaun Watson,16398,QB,CLE,153.48,41.42,34,278,,deshaun-watson.php,,,16.9,,,,,,11.0,Deshaun Watson,2026-07-31,CLE
/nfl/rankings/ppr-superflex-cheatsheets.php,redraft-op,rsf,Antonio Williams,25418,WR,WAS,190.02,33.76,129,282,,antonio-williams-wr.php,,,28.8,,,,,,7.0,Antonio Williams,2026-07-31,WAS
/nfl/rankings/ppr-superflex-cheatsheets.php,redraft-op,rsf,Nicholas Singleton,24343,RB,TEN,203.93,31.78,154,328,,nick-singleton.php,,,25.7,,,,,,9.0,Nicholas Singleton,2026-07-31,TEN
/nfl/rankings/ppr-superflex-cheatsheets.php,redraft-op,rsf,Kirk Cousins,11177,QB,LV,159.58,36.51,76,282,,kirk-cousins.php,,,14.3,,,,,,13.0,Kirk Cousins,2026-07-31,LVR
/nfl/rankings/ppr-superflex-cheatsheets.php,redraft-op,rsf,Cooper Kupp,16433,WR,SEA,209.33,19.42,170,265,,cooper-kupp.php,,,16.9,,,,,,11.0,Cooper Kupp,2026-07-31,SEA
/nfl/rankings/ppr-superflex-cheatsheets.php,redraft-op,rsf,Mike Washington Jr.,28108,RB,LV,195.89,24.1,152,282,,mike-washington-jr.php,,,25.7,,,,,,13.0,Mike Washington,2026-07-31,LVR
/nfl/rankings/ppr-superflex-cheatsheets.php,redraft-op,rsf,Chimere Dike,27315,WR,TEN,206.1,28.34,149,281,,chimere-dike.php,,,14.7,,,,,,9.0,Chimere Dike,2026-07-31,TEN
/nfl/rankings/ppr-superflex-cheatsheets.php,redraft-op,rsf,Rashod Bateman,19794,WR,BAL,213.04,17.81,171,262,,rashod-bateman.php,,,10.2,,,,,,13.0,Rashod Bateman,2026-07-31,BAL
/nfl/rankings/ppr-superflex-cheatsheets.php,redraft-op,rsf,Jaylen Wright,25987,RB,MIA,210.28,19.8,162,266,,jaylen-wright.php,,,13.1,,,,,,6.0,Jaylen Wright,2026-07-31,MIA
/nfl/rankings/ppr-superflex-cheatsheets.php,redraft-op,rsf,Shedeur Sanders,25968,QB,CLE,164.33,37.11,38,277,,shedeur-sanders.php,,,17.7,,,,,,11.0,Shedeur Sanders,2026-07-31,CLE
/nfl/rankings/ppr-superflex-cheatsheets.php,redraft-op,rsf,Tank Dell,25361,WR,HOU,209.38,18.94,174,279,,nathaniel-dell.php,,,24.0,,,,,,8.0,Tank Dell,2026-07-31,HOU
/nfl/rankings/ppr-superflex-cheatsheets.php,redraft-op,rsf,Kaytron Allen,24362,RB,WAS,207.69,29.51,161,286,,kaytron-allen.php,,,21.4,,,,,,7.0,Kaytron Allen,2026-07-31,WAS
/nfl/rankings/ppr-superflex-cheatsheets.php,redraft-op,rsf,Cade Otton,23181,TE,TB,222.03,16.35,184,289,,cade-otton.php,,,23.2,,,,,,10.0,Cade Otton,2026-07-31,TBB
/nfl/rankings/ppr-superflex-cheatsheets.php,redraft-op,rsf,Zachariah Branch,25419,WR,ATL,214.3,22.63,157,258,,zachariah-branch.php,,,22.7,,,,,,11.0,Zachariah Branch,2026-07-31,ATL
/nfl/rankings/ppr-superflex-cheatsheets.php,redraft-op,rsf,Pat Freiermuth,20163,TE,PIT,220.46,18.01,174,279,,pat-freiermuth.php,,,20.2,,,,,,9.0,Pat Freiermuth,2026-07-31,PIT
/nfl/rankings/ppr-superflex-cheatsheets.php,redraft-op,rsf,Terrance Ferguson,23091,TE,LAR,220.94,20.36,184,345,,terrance-ferguson.php,,,22.1,,,,,,11.0,Terrance Ferguson,2026-07-31,LAR
/nfl/rankings/ppr-superflex-cheatsheets.php,redraft-op,rsf,Brandon Aiyuk,19252,WR,SF,201.19,37.3,142,323,,brandon-aiyuk.php,,,27.2,,,,,,8.0,Brandon Aiyuk,2026-07-31,SFO
/nfl/rankings/ppr-superflex-cheatsheets.php,redraft-op,rsf,David Njoku,16399,TE,LAC,221.47,14.23,183,266,,david-njoku.php,,,25.1,,,,,,7.0,David Njoku,2026-07-31,LAC
/nfl/rankings/ppr-superflex-cheatsheets.php,redraft-op,rsf,Ollie Gordon II,25984,RB,MIA,222.97,17.7,179,301,,ollie-gordon.php,,,4.5,,,,,,6.0,Ollie Gordon,2026-07-31,MIA
/nfl/rankings/ppr-superflex-cheatsheets.php,redraft-op,rsf,Elic Ayomanor,27059,WR,TEN,221.09,30.67,160,298,,elic-ayomanor.php,,,11.1,,,,,,9.0,Elic Ayomanor,2026-07-31,TEN
/nfl/rankings/ppr-superflex-cheatsheets.php,redraft-op,rsf,Germie Bernard,26039,WR,PIT,215.02,24.86,180,281,,germie-bernard.php,,,20.1,,,,,,9.0,Germie Bernard,2026-07-31,PIT
/nfl/rankings/ppr-superflex-cheatsheets.php,redraft-op,rsf,Jack Bech,27224,WR,LV,221.28,20.18,174,301,,jack-bech.php,,,12.2,,,,,,13.0,Jack Bech,2026-07-31,LVR
/nfl/rankings/ppr-superflex-cheatsheets.php,redraft-op,rsf,Evan Engram,16411,TE,DEN,228.46,17.75,177,262,,evan-engram.php,,,12.9,,,,,,10.0,Evan Engram,2026-07-31,DEN
/nfl/rankings/ppr-superflex-cheatsheets.php,redraft-op,rsf,Ted Hurst III,28130,WR,TB,231.61,30.41,193,342,,ted-hurst.php,,,17.3,,,,,,10.0,Ted Hurst,2026-07-31,TBB
/nfl/rankings/ppr-superflex-cheatsheets.php,redraft-op,rsf,Keon Coleman,26019,WR,BUF,223.09,24.18,149,274,,keon-coleman.php,,,11.8,,,,,,7.0,Keon Coleman,2026-07-31,BUF
/nfl/rankings/ppr-superflex-cheatsheets.php,redraft-op,rsf,MarShawn Lloyd,23118,RB,GB,221.35,31.72,163,289,,marshawn-lloyd.php,,,10.7,,,,,,11.0,MarShawn Lloyd,2026-07-31,GBP
/nfl/rankings/ppr-superflex-cheatsheets.php,redraft-op,rsf,Justice Hill,18256,RB,BAL,221.56,29.07,155,276,,justice-hill.php,,,9.1,,,,,,13.0,Justice Hill,2026-07-31,BAL
/nfl/rankings/ppr-superflex-cheatsheets.php,redraft-op,rsf,Colby Parkinson,19372,TE,LAR,230.13,14.7,185,275,,colby-parkinson.php,,,20.3,,,,,,11.0,Colby Parkinson,2026-07-31,LAR
/nfl/rankings/ppr-superflex-cheatsheets.php,redraft-op,rsf,Jaydon Blue,24344,RB,DAL,224.62,30.07,163,281,,jaydon-blue.php,,,13.1,,,,,,14.0,Jaydon Blue,2026-07-31,DAL
/nfl/rankings/ppr-superflex-cheatsheets.php,redraft-op,rsf,Isaiah Davis,25977,RB,NYJ,227.47,22.6,168,290,,isaiah-davis.php,,,4.1,,,,,,13.0,Isaiah Davis,2026-07-31,NYJ
/nfl/rankings/ppr-superflex-cheatsheets.php,redraft-op,rsf,Tory Horton,26022,WR,SEA,232.95,22.26,167,303,,tory-horton.php,,,13.3,,,,,,11.0,Tory Horton,2026-07-31,SEA
/nfl/rankings/ppr-superflex-cheatsheets.php,redraft-op,rsf,Trey Benson,25388,RB,ARI,225.49,37.15,132,317,,trey-benson.php,,,15.3,,,,,,14.0,Trey Benson,2026-07-31,ARI
/nfl/rankings/ppr-superflex-cheatsheets.php,redraft-op,rsf,Chris Bell,26038,WR,MIA,217.53,22.95,160,269,,chris-bell.php,,,19.8,,,,,,6.0,Chris Bell,2026-07-31,MIA
/nfl/rankings/ppr-superflex-cheatsheets.php,redraft-op,rsf,Christian Kirk,17268,WR,SF,230.87,20.2,183,288,,christian-kirk.php,,,13.0,,,,,,8.0,Christian Kirk,2026-07-31,SFO
/nfl/rankings/ppr-superflex-cheatsheets.php,redraft-op,rsf,Malachi Fields,27994,WR,NYG,230.05,26.48,178,324,,malachi-fields.php,,,17.1,,,,,,8.0,Malachi Fields,2026-07-31,NYG
/nfl/rankings/ppr-superflex-cheatsheets.php,redraft-op,rsf,Ty Johnson,18406,RB,BUF,232.3,20.29,200,327,,ty-johnson.php,,,4.0,,,,,,7.0,Ty Johnson,2026-07-31,BUF
/nfl/rankings/ppr-superflex-cheatsheets.php,redraft-op,rsf,Greg Dulcich,23153,TE,MIA,198.59,29.95,142,258,,greg-dulcich.php,,,20.5,,,,,,6.0,Greg Dulcich,2026-07-31,MIA
/nfl/rankings/ppr-superflex-cheatsheets.php,redraft-op,rsf,Elijah Sarratt,27463,WR,BAL,228.65,19.68,184,286,,elijah-sarratt.php,,,16.3,,,,,,13.0,Elijah Sarratt,2026-07-31,BAL
/nfl/rankings/ppr-superflex-cheatsheets.php,redraft-op,rsf,Demond Claiborne,28084,RB,MIN,230.9,29.9,164,317,,demond-claiborne.php,,,16.0,,,,,,6.0,Demond Claiborne,2026-07-31,MIN
/nfl/rankings/ppr-superflex-cheatsheets.php,redraft-op,rsf,Eli Stowers,23144,TE,PHI,240.52,23.76,186,319,,eli-stowers.php,,,24.0,,,,,,10.0,Eli Stowers,2026-07-31,PHI
/nfl/rankings/ppr-superflex-cheatsheets.php,redraft-op,rsf,George Holani,22915,RB,SEA,235.78,32.78,170,349,,george-holani.php,,,8.4,,,,,,11.0,George Holani,2026-07-31,SEA
/nfl/rankings/ppr-superflex-cheatsheets.php,redraft-op,rsf,Mason Taylor,26005,TE,NYJ,239.69,24.93,189,309,,mason-taylor.php,,,14.8,,,,,,13.0,Mason Taylor,2026-07-31,NYJ
/nfl/rankings/ppr-superflex-cheatsheets.php,redraft-op,rsf,Darius Slayton,18706,WR,NYG,238.05,27.51,190,343,,darius-slayton.php,,,6.0,,,,,,8.0,Darius Slayton,2026-07-31,NYG
/nfl/rankings/ppr-superflex-cheatsheets.php,redraft-op,rsf,Chris Brooks,25823,RB,GB,235.77,21.99,185,278,,christopher-brooks.php,,,8.3,,,,,,11.0,Chris Brooks,2026-07-31,GBP
/nfl/rankings/ppr-superflex-cheatsheets.php,redraft-op,rsf,Tyquan Thornton,22913,WR,KC,241.6,25.1,171,291,,tyquan-thornton.php,,,6.4,,,,,,5.0,Tyquan Thornton,2026-07-31,KCC
/nfl/rankings/ppr-superflex-cheatsheets.php,redraft-op,rsf,Theo Johnson,23104,TE,NYG,242.38,23.3,183,306,,theo-johnson.php,,,14.9,,,,,,8.0,Theo Johnson,2026-07-31,NYG
/nfl/rankings/ppr-superflex-cheatsheets.php,redraft-op,rsf,DJ Giddens,27097,RB,IND,240.84,19.27,199,292,,dj-giddens.php,,,3.8,,,,,,13.0,DJ Giddens,2026-07-31,IND
/nfl/rankings/ppr-superflex-cheatsheets.php,redraft-op,rsf,Marvin Mims Jr.,23080,WR,DEN,232.58,23.9,191,319,,marvin-mims.php,,,10.5,,,,,,10.0,Marvin Mims,2026-07-31,DEN
/nfl/rankings/ppr-superflex-cheatsheets.php,redraft-op,rsf,Devin Neal,23682,RB,NO,239.16,31.4,172,348,,devin-neal.php,,,7.8,,,,,,8.0,Devin Neal,2026-07-31,NOS
/nfl/rankings/ppr-superflex-cheatsheets.php,redraft-op,rsf,Xavier Legette,26136,WR,CAR,236.08,26.96,191,314,,xavier-legette.php,,,2.7,,,,,,5.0,Xavier Legette,2026-07-31,CAR
/nfl/rankings/ppr-superflex-cheatsheets.php,redraft-op,rsf,Jordan James,27310,RB,SF,243.56,30.62,168,339,,jordan-james.php,,,15.1,,,,,,8.0,Jordan James,2026-07-31,SFO
/nfl/rankings/ppr-superflex-cheatsheets.php,redraft-op,rsf,Devaughn Vele,26409,WR,NO,243.03,20.0,195,328,,devaughn-vele.php,,,8.9,,,,,,8.0,Devaughn Vele,2026-07-31,NOS
/nfl/rankings/ppr-superflex-cheatsheets.php,redraft-op,rsf,Samaje Perine,16423,RB,CIN,246.84,30.88,163,345,,samaje-perine.php,,,5.0,,,,,,6.0,Samaje Perine,2026-07-31,CIN
/nfl/rankings/ppr-superflex-cheatsheets.php,redraft-op,rsf,Tyreek Hill,15802,WR,FA,217.34,43.86,134,321,,tyreek-hill.php,,,31.9,,,,,,,Tyreek Hill,2026-07-31,FA
/nfl/rankings/ppr-superflex-cheatsheets.php,redraft-op,rsf,LeQuint Allen Jr.,27285,RB,JAC,242.85,22.78,187,324,,lequint-allen-jr.php,,,6.9,,,,,,7.0,LeQuint Allen,2026-07-31,JAC
/nfl/rankings/ppr-superflex-cheatsheets.php,redraft-op,rsf,Kendre Miller,24360,RB,NO,247.81,33.61,166,318,,kendre-miller.php,,,5.6,,,,,,8.0,Kendre Miller,2026-07-31,NOS
/nfl/rankings/ppr-superflex-cheatsheets.php,redraft-op,rsf,Malik Davis,24205,RB,DAL,250.23,21.2,184,291,,malik-davis.php,,,4.9,,,,,,14.0,Malik Davis,2026-07-31,DAL
/nfl/rankings/ppr-superflex-cheatsheets.php,redraft-op,rsf,Oscar Delp,25430,TE,NO,263.6,25.88,233,330,,oscar-delp.php,,,6.4,,,,,,8.0,Oscar Delp,2026-07-31,NOS
/nfl/rankings/ppr-superflex-cheatsheets.php,redraft-op,rsf,Kaleb Johnson,27165,RB,PIT,239.4,27.8,165,290,,kaleb-johnson-rb.php,,,10.5,,,,,,9.0,Kaleb Johnson,2026-07-31,PIT
/nfl/rankings/ppr-superflex-cheatsheets.php,redraft-op,rsf,Keenan Allen,11616,WR,LAC,240.29,20.18,185,265,,keenan-allen.php,,,9.1,,,,,,7.0,Keenan Allen,2026-07-31,LAC
/nfl/rankings/ppr-superflex-cheatsheets.php,redraft-op,rsf,Kyle Williams,27487,WR,NE,238.23,30.56,189,332,,kyle-williams-wr-2025.php,,,7.4,,,,,,11.0,Kyle Williams,2026-07-31,NEP
/nfl/rankings/ppr-superflex-cheatsheets.php,redraft-op,rsf,Mack Hollins,16489,WR,NE,242.98,38.38,170,342,,mack-hollins.php,,,2.9,,,,,,11.0,Mack Hollins,2026-07-31,NEP
/nfl/rankings/ppr-superflex-cheatsheets.php,redraft-op,rsf,Hollywood Brown,18226,WR,PHI,252.83,19.4,214,310,,marquise-brown.php,,,5.7,,,,,,10.0,Marquise Brown,2026-07-31,PHI
/nfl/rankings/ppr-superflex-cheatsheets.php,redraft-op,rsf,Chris Brazzell II,28047,WR,CAR,240.18,25.67,174,311,,chris-brazzell-ii.php,,,14.4,,,,,,5.0,Chris Brazzell,2026-07-31,CAR
/nfl/rankings/ppr-superflex-cheatsheets.php,redraft-op,rsf,Brashard Smith,27259,RB,KC,249.15,21.29,207,317,,brashard-smith.php,,,6.0,,,,,,5.0,Brashard Smith,2026-07-31,KCC
/nfl/rankings/ppr-superflex-cheatsheets.php,redraft-op,rsf,Kaelon Black,28401,RB,SF,251.04,31.75,172,300,,kaelon-black.php,,,13.2,,,,,,8.0,Kaelon Black,2026-07-31,SFO
/nfl/rankings/ppr-superflex-cheatsheets.php,redraft-op,rsf,Emari Demercado,25654,RB,KC,260.05,25.06,175,316,,emari-demercado.php,,,3.2,,,,,,5.0,Emari Demercado,2026-07-31,KCC
/nfl/rankings/ppr-superflex-cheatsheets.php,redraft-op,rsf,Devin Singletary,18280,RB,NYG,260.37,16.31,214,299,,devin-singletary.php,,,1.4,,,,,,8.0,Devin Singletary,2026-07-31,NYG
/nfl/rankings/ppr-superflex-cheatsheets.php,redraft-op,rsf,Jerome Ford,22921,RB,WAS,253.8,25.0,178,294,,jerome-ford.php,,,3.4,,,,,,7.0,Jerome Ford,2026-07-31,WAS
/nfl/rankings/ppr-superflex-cheatsheets.php,redraft-op,rsf,Mike Gesicki,17272,TE,CIN,241.88,19.14,206,305,,mike-gesicki.php,,,13.4,,,,,,6.0,Mike Gesicki,2026-07-31,CIN
/nfl/rankings/ppr-superflex-cheatsheets.php,redraft-op,rsf,Najee Harris,19302,RB,LAC,254.67,24.41,210,298,,najee-harris-rb.php,,,8.7,,,,,,7.0,Najee Harris,2026-07-31,LAC
/nfl/rankings/ppr-superflex-cheatsheets.php,redraft-op,rsf,Isaiah Bond,24371,WR,CLE,262.26,27.62,218,351,,isaiah-bond.php,,,3.0,,,,,,11.0,Isaiah Bond,2026-07-31,CLE
/nfl/rankings/ppr-superflex-cheatsheets.php,redraft-op,rsf,Tahj Brooks,26212,RB,CIN,268.57,20.94,220,324,,tahj-brooks.php,,,1.6,,,,,,6.0,Tahj Brooks,2026-07-31,CIN
/nfl/rankings/ppr-superflex-cheatsheets.php,redraft-op,rsf,Adam Randall,24367,RB,BAL,264.32,20.29,221,309,,adam-randall.php,,,5.3,,,,,,13.0,Adam Randall,2026-07-31,BAL
/nfl/rankings/ppr-superflex-cheatsheets.php,redraft-op,rsf,Jaleel McLaughlin,25876,RB,DEN,259.34,24.06,187,318,,jaleel-mclaughlin.php,,,0.6,,,,,,10.0,Jaleel McLaughlin,2026-07-31,DEN
/nfl/rankings/ppr-superflex-cheatsheets.php,redraft-op,rsf,Seth McGowan,23079,RB,IND,255.98,23.31,213,299,,seth-mcgowan.php,,,3.4,,,,,,13.0,Seth McGowan,2026-07-31,IND
/nfl/rankings/ppr-superflex-cheatsheets.php,redraft-op,rsf,Trevor Etienne,25393,RB,CAR,271.95,14.64,229,297,,trevor-etienne.php,,,1.9,,,,,,5.0,Trevor Etienne,2026-07-31,CAR
/nfl/rankings/ppr-superflex-cheatsheets.php,redraft-op,rsf,Skyler Bell,28126,WR,BUF,258.04,27.26,199,343,,skyler-bell.php,,,13.8,,,,,,7.0,Skyler Bell,2026-07-31,BUF
/nfl/rankings/ppr-superflex-cheatsheets.php,redraft-op,rsf,Isaac Guerendo,26392,RB,SF,266.51,24.4,211,316,,isaac-guerendo.php,,,1.6,,,,,,8.0,Isaac Guerendo,2026-07-31,SFO
/nfl/rankings/ppr-superflex-cheatsheets.php,redraft-op,rsf,Jarquez Hunter,24335,RB,LAR,272.69,17.79,220,320,,jarquez-hunter.php,,,5.3,,,,,,11.0,Jarquez Hunter,2026-07-31,LAR
/nfl/rankings/ppr-superflex-cheatsheets.php,redraft-op,rsf,Andrei Iosivas,25335,WR,CIN,244.19,26.66,195,305,,andrei-iosivas.php,,,6.2,,,,,,6.0,Andrei Iosivas,2026-07-31,CIN
/nfl/rankings/ppr-superflex-cheatsheets.php,redraft-op,rsf,Jake Tonges,24778,TE,SF,258.12,20.12,203,302,,jake-tonges.php,,,17.6,,,,,,8.0,Jake Tonges,2026-07-31,SFO
/nfl/rankings/ppr-superflex-cheatsheets.php,redraft-op,rsf,Ja'Kobi Lane,27337,WR,BAL,262.57,17.47,230,304,,jakobi-lane.php,,,19.6,,,,,,13.0,JaKobi Lane,2026-07-31,BAL
/nfl/rankings/ppr-superflex-cheatsheets.php,redraft-op,rsf,Audric Estime,23054,RB,NO,271.76,21.36,225,321,,audric-estime.php,,,5.3,,,,,,8.0,Audric Estime,2026-07-31,NOS
/nfl/rankings/ppr-superflex-cheatsheets.php,redraft-op,rsf,Joe Mixon,16420,RB,FA,259.77,38.62,163,323,,joe-mixon.php,,,10.4,,,,,,,Joe Mixon,2026-07-31,FA
/nfl/rankings/ppr-superflex-cheatsheets.php,redraft-op,rsf,Will Shipley,22930,RB,PHI,279.41,15.17,238,319,,will-shipley.php,,,1.4,,,,,,10.0,Will Shipley,2026-07-31,PHI
/nfl/rankings/ppr-superflex-cheatsheets.php,redraft-op,rsf,Darnell Washington,22967,TE,PIT,261.82,28.05,193,330,,darnell-washington.php,,,12.5,,,,,,9.0,Darnell Washington,2026-07-31,PIT
/nfl/rankings/ppr-superflex-cheatsheets.php,redraft-op,rsf,Kareem Hunt,16425,RB,FA,273.41,26.36,170,352,,kareem-hunt.php,,,1.3,,,,,,,Kareem Hunt,2026-07-31,FA
/nfl/rankings/ppr-superflex-cheatsheets.php,redraft-op,rsf,Jalen Royals,27076,WR,KC,271.68,24.44,234,335,,jalen-royals.php,,,1.9,,,,,,5.0,Jalen Royals,2026-07-31,KCC
/nfl/rankings/ppr-superflex-cheatsheets.php,redraft-op,rsf,Konata Mumpfield,27449,WR,LAR,259.72,27.23,212,331,,konata-mumpfield.php,,,1.2,,,,,,11.0,Konata Mumpfield,2026-07-31,LAR
/nfl/rankings/ppr-superflex-cheatsheets.php,redraft-op,rsf,Luke McCaffrey,26328,WR,WAS,271.73,24.9,223,330,,luke-mccaffrey.php,,,1.2,,,,,,7.0,Luke McCaffrey,2026-07-31,WAS
/nfl/rankings/ppr-superflex-cheatsheets.php,redraft-op,rsf,Cedric Tillman,25287,WR,CLE,269.42,27.44,221,339,,cedric-tillman.php,,,1.1,,,,,,11.0,Cedric Tillman,2026-07-31,CLE
/nfl/rankings/ppr-superflex-cheatsheets.php,redraft-op,rsf,J.J. McCarthy,23018,QB,MIN,166.85,52.39,70,284,,jj-mccarthy.php,,,13.2,,,,,,6.0,JJ McCarthy,2026-07-31,MIN
/nfl/rankings/ppr-superflex-cheatsheets.php,redraft-op,rsf,Calvin Austin III,23739,WR,NYG,274.27,36.47,219,342,,calvin-austin.php,,,2.4,,,,,,8.0,Calvin Austin,2026-07-31,NYG
/nfl/rankings/ppr-superflex-cheatsheets.php,redraft-op,rsf,Caleb Douglas,28135,WR,MIA,267.11,39.02,186,331,,caleb-douglas.php,,,4.4,,,,,,6.0,Caleb Douglas,2026-07-31,MIA
/nfl/rankings/ppr-superflex-cheatsheets.php,redraft-op,rsf,Tyler Higbee,15623,TE,LAR,274.18,24.55,206,315,,tyler-higbee.php,,,3.1,,,,,,11.0,Tyler Higbee,2026-07-31,LAR
/nfl/rankings/ppr-superflex-cheatsheets.php,redraft-op,rsf,Jalen Tolbert,23770,WR,MIA,264.8,39.24,195,329,,jalen-tolbert.php,,,4.8,,,,,,6.0,Jalen Tolbert,2026-07-31,MIA
/nfl/rankings/ppr-superflex-cheatsheets.php,redraft-op,rsf,Olamide Zaccheaus,18864,WR,ATL,274.5,27.02,212,309,,olamide-zaccheaus.php,,,4.6,,,,,,11.0,Olamide Zaccheaus,2026-07-31,ATL
/nfl/rankings/ppr-superflex-cheatsheets.php,redraft-op,rsf,Tez Johnson,27147,WR,TB,275.5,22.35,219,326,,tez-johnson.php,,,2.2,,,,,,10.0,Tez Johnson,2026-07-31,TBB
/nfl/rankings/ppr-superflex-cheatsheets.php,redraft-op,rsf,Bam Knight,24901,RB,ARI,268.52,28.46,220,334,,zonovan-bam-knight.php,,,0.7,,,,,,14.0,Bam Knight,2026-07-31,ARI
/nfl/rankings/ppr-superflex-cheatsheets.php,redraft-op,rsf,Jahan Dotson,23101,WR,ATL,260.27,29.43,188,310,,jahan-dotson.php,,,4.0,,,,,,11.0,Jahan Dotson,2026-07-31,ATL
/nfl/rankings/ppr-superflex-cheatsheets.php,redraft-op,rsf,Elijah Arroyo,23004,TE,SEA,282.14,21.49,246,332,,elijah-arroyo.php,,,7.1,,,,,,11.0,Elijah Arroyo,2026-07-31,SEA
/nfl/rankings/ppr-superflex-cheatsheets.php,redraft-op,rsf,Max Klare,27993,TE,LAR,280.11,19.64,246,319,,max-klare.php,,,11.3,,,,,,11.0,Max Klare,2026-07-31,LAR
/nfl/rankings/ppr-superflex-cheatsheets.php,redraft-op,rsf,Joshua Palmer,22845,WR,BUF,264.23,34.59,181,336,,josh-palmer.php,,,1.2,,,,,,7.0,Josh Palmer,2026-07-31,BUF
/nfl/rankings/ppr-superflex-cheatsheets.php,redraft-op,rsf,Michael Mayer,23056,TE,LV,279.38,24.32,240,329,,michael-mayer.php,,,11.5,,,,,,13.0,Michael Mayer,2026-07-31,LVR
/nfl/rankings/ppr-superflex-cheatsheets.php,redraft-op,rsf,DeMario Douglas,25304,WR,NE,281.69,38.21,188,353,,demario-douglas.php,,,5.5,,,,,,11.0,Demario Douglas,2026-07-31,NEP
/nfl/rankings/ppr-superflex-cheatsheets.php,redraft-op,rsf,Noah Gray,19539,TE,KC,286.65,22.54,231,326,,noah-gray.php,,,4.2,,,,,,5.0,Noah Gray,2026-07-31,KCC
/nfl/rankings/ppr-superflex-cheatsheets.php,redraft-op,rsf,Michael Carter,22728,RB,TEN,282.38,34.68,175,347,,michael-carter-rb.php,,,0.8,,,,,,9.0,Michael Carter,2026-07-31,TEN
/nfl/rankings/ppr-superflex-cheatsheets.php,redraft-op,rsf,Cole Kmet,19229,TE,CHI,286.8,21.11,250,317,,cole-kmet.php,,,7.3,,,,,,10.0,Cole Kmet,2026-07-31,CHI
/nfl/rankings/ppr-superflex-cheatsheets.php,redraft-op,rsf,Ja'Tavion Sanders,24334,TE,CAR,283.13,23.23,246,333,,jatavion-sanders.php,,,4.7,,,,,,5.0,JaTavion Sanders,2026-07-31,CAR
/nfl/rankings/ppr-superflex-cheatsheets.php,redraft-op,rsf,Treylon Burks,22905,WR,WAS,276.8,35.53,214,334,,treylon-burks.php,,,3.6,,,,,,7.0,Treylon Burks,2026-07-31,WAS
/nfl/rankings/ppr-superflex-cheatsheets.php,redraft-op,rsf,Kendrick Bourne,17066,WR,ARI,276.61,48.44,198,374,,kendrick-bourne.php,,,3.1,,,,,,14.0,Kendrick Bourne,2026-07-31,ARI
/nfl/rankings/ppr-superflex-cheatsheets.php,redraft-op,rsf,Dont'e Thornton Jr.,27288,WR,LV,283.35,33.7,241,336,,donte-thornton-jr.php,,,1.8,,,,,,13.0,Donte Thornton,2026-07-31,LVR
/nfl/rankings/ppr-superflex-cheatsheets.php,redraft-op,rsf,Nick Chubb,17246,RB,FA,281.26,38.67,186,336,,nick-chubb.php,,,1.0,,,,,,,Nick Chubb,2026-07-31,FA
/nfl/rankings/ppr-superflex-cheatsheets.php,redraft-op,rsf,Jawhar Jordan,26329,RB,HOU,283.56,44.99,166,342,,jawhar-jordan.php,,,0.6,,,,,,8.0,Jawhar Jordan,2026-07-31,HOU
/nfl/rankings/ppr-superflex-cheatsheets.php,redraft-op,rsf,Raheim Sanders,24351,RB,CLE,275.63,36.09,192,326,,raheim-sanders.php,,,0.6,,,,,,11.0,Raheim Sanders,2026-07-31,CLE
/nfl/rankings/ppr-superflex-cheatsheets.php,redraft-op,rsf,Eli Heidenreich,28297,RB,PIT,285.44,26.69,216,325,,eli-heidenreich.php,,,2.0,,,,,,9.0,Eli Heidenreich,2026-07-31,PIT
/nfl/rankings/ppr-superflex-cheatsheets.php,redraft-op,rsf,Dawson Knox,18631,TE,BUF,292.65,23.48,257,349,,dawson-knox.php,,,7.4,,,,,,7.0,Dawson Knox,2026-07-31,BUF
/nfl/rankings/ppr-superflex-cheatsheets.php,redraft-op,rsf,Xavier Hutchinson,25332,WR,HOU,284.0,22.77,253,325,,xavier-hutchinson.php,,,1.4,,,,,,8.0,Xavier Hutchinson,2026-07-31,HOU
/nfl/rankings/ppr-superflex-cheatsheets.php,redraft-op,rsf,Erick All Jr.,23837,TE,CIN,293.61,30.85,240,344,,erick-all.php,,,2.0,,,,,,6.0,Erick All,2026-07-31,CIN
/nfl/rankings/ppr-superflex-cheatsheets.php,redraft-op,rsf,John Metchie III,22895,WR,CAR,283.27,35.37,245,348,,john-metchie.php,,,1.8,,,,,,5.0,John Metchie,2026-07-31,CAR
/nfl/rankings/ppr-superflex-cheatsheets.php,redraft-op,rsf,Mac Jones,20156,QB,SF,179.17,53.44,127,287,,mac-jones.php,,,10.8,,,,,,8.0,Mac Jones,2026-07-31,SFO
/nfl/rankings/ppr-superflex-cheatsheets.php,redraft-op,rsf,Bryce Lance,28129,WR,NO,282.07,23.93,233,328,,bryce-lance.php,,,4.0,,,,,,8.0,Bryce Lance,2026-07-31,NOS
/nfl/rankings/ppr-superflex-cheatsheets.php,redraft-op,rsf,J'Mari Taylor,28109,RB,JAC,292.31,21.91,257,338,,jmari-taylor.php,,,3.9,,,,,,7.0,JMari Taylor,2026-07-31,JAC
/nfl/rankings/ppr-superflex-cheatsheets.php,redraft-op,rsf,Brenen Thompson,28133,WR,LAC,292.5,30.5,241,352,,brenen-thompson.php,,,3.8,,,,,,7.0,Brenen Thompson,2026-07-31,LAC
/nfl/rankings/ppr-superflex-cheatsheets.php,redraft-op,rsf,Carson Beck,22953,QB,ARI,117.25,80.88,36,216,,carson-beck.php,,,12.3,,,,,,14.0,Carson Beck,2026-07-31,ARI
/nfl/rankings/ppr-superflex-cheatsheets.php,redraft-op,rsf,Noah Fant,17527,TE,NO,301.0,23.73,250,341,,noah-fant.php,,,1.8,,,,,,8.0,Noah Fant,2026-07-31,NOS
/nfl/rankings/ppr-superflex-cheatsheets.php,redraft-op,rsf,Justin Joly,28079,TE,DEN,301.83,22.94,262,345,,justin-joly.php,,,11.0,,,,,,10.0,Justin Joly,2026-07-31,DEN
/nfl/rankings/ppr-superflex-cheatsheets.php,redraft-op,rsf,Tutu Atwell,20126,WR,MIA,291.93,38.1,221,354,,tutu-atwell.php,,,2.2,,,,,,6.0,Tutu Atwell,2026-07-31,MIA
/nfl/rankings/ppr-superflex-cheatsheets.php,redraft-op,rsf,Jaylin Lane,27454,WR,WAS,298.0,28.86,256,344,,jaylin-lane.php,,,2.9,,,,,,7.0,Jaylin Lane,2026-07-31,WAS
/nfl/rankings/ppr-superflex-cheatsheets.php,redraft-op,rsf,Kalif Raymond,16081,WR,CHI,282.42,28.55,252,337,,kalif-raymond.php,,,0.9,,,,,,10.0,Kalif Raymond,2026-07-31,CHI
/nfl/rankings/ppr-superflex-cheatsheets.php,redraft-op,rsf,Austin Ekeler,16483,RB,FA,288.62,42.89,209,347,,austin-ekeler.php,,,1.7,,,,,,,Austin Ekeler,2026-07-31,FA
/nfl/rankings/ppr-superflex-cheatsheets.php,redraft-op,rsf,Eli Raridon,28154,TE,NE,306.0,29.11,256,375,,eli-raridon.php,,,5.1,,,,,,11.0,Eli Raridon,2026-07-31,NEP
/nfl/rankings/ppr-superflex-cheatsheets.php,redraft-op,rsf,Phil Mafah,22928,RB,DAL,280.0,35.81,198,338,,phil-mafah.php,,,1.0,,,,,,14.0,Phil Mafah,2026-07-31,DAL
/nfl/rankings/ppr-superflex-cheatsheets.php,redraft-op,rsf,Kevin Coleman Jr.,28067,WR,MIA,293.08,39.29,212,351,,kevin-coleman-jr.php,,,2.6,,,,,,6.0,Kevin Coleman,2026-07-31,MIA
/nfl/rankings/ppr-superflex-cheatsheets.php,redraft-op,rsf,Anthony Richardson Sr.,24347,QB,IND,200.0,46.09,173,292,,anthony-richardson.php,,,11.1,,,,,,13.0,Anthony Richardson,2026-07-31,IND
/nfl/rankings/ppr-superflex-cheatsheets.php,redraft-op,rsf,Kyle Juszczyk,11798,RB,SF,261.38,42.97,196,314,,kyle-juszczyk.php,,,1.2,,,,,,8.0,Kyle Juszczyk,2026-07-31,SFO
/nfl/rankings/ppr-superflex-cheatsheets.php,redraft-op,rsf,John Bates,22833,TE,WAS,284.0,36.25,246,359,,john-bates.php,,,0.7,,,,,,7.0,John Bates,2026-07-31,WAS
/nfl/rankings/ppr-superflex-cheatsheets.php,redraft-op,rsf,KaVontae Turpin,18520,WR,DAL,285.6,39.61,241,362,,kavontae-turpin.php,,,4.8,,,,,,14.0,KaVontae Turpin,2026-07-31,DAL
/nfl/rankings/ppr-superflex-cheatsheets.php,redraft-op,rsf,Savion Williams,27144,WR,GB,303.77,30.46,258,372,,savion-williams.php,,,1.7,,,,,,11.0,Savion Williams,2026-07-31,GBP
/nfl/rankings/ppr-superflex-cheatsheets.php,redraft-op,rsf,Ty Simpson,25368,QB,LAR,198.25,27.0,182,245,,ty-simpson.php,,,15.3,,,,,,11.0,Ty Simpson,2026-07-31,LAR
/nfl/rankings/ppr-superflex-cheatsheets.php,redraft-op,rsf,Luke Musgrave,25282,TE,GB,313.0,15.72,269,338,,luke-musgrave.php,,,7.0,,,,,,11.0,Luke Musgrave,2026-07-31,GBP
/nfl/rankings/ppr-superflex-cheatsheets.php,redraft-op,rsf,Joe Milton III,25967,QB,DAL,210.25,50.67,180,298,,joe-milton.php,,,4.1,,,,,,14.0,Joe Milton,2026-07-31,DAL
/nfl/rankings/ppr-superflex-cheatsheets.php,redraft-op,rsf,Justin Fields,19781,QB,KC,211.5,48.79,182,296,,justin-fields.php,,,10.2,,,,,,5.0,Justin Fields,2026-07-31,KCC
/nfl/rankings/ppr-superflex-cheatsheets.php,redraft-op,rsf,Nick Westbrook-Ikhine,19747,WR,IND,295.11,36.62,244,343,,nick-westbrook.php,,,1.6,,,,,,13.0,Nick Westbrook-Ikhine,2026-07-31,IND
/nfl/rankings/ppr-superflex-cheatsheets.php,redraft-op,rsf,Cyrus Allen,28424,WR,KC,299.78,36.27,243,367,,cyrus-allen.php,,,2.6,,,,,,5.0,Cyrus Allen,2026-07-31,KCC
/nfl/rankings/ppr-superflex-cheatsheets.php,redraft-op,rsf,Darren Waller,14104,TE,FA,293.5,27.17,250,337,,darren-waller.php,,,2.3,,,,,,,Darren Waller,2026-07-31,FA
/nfl/rankings/ppr-superflex-cheatsheets.php,redraft-op,rsf,Dameon Pierce,22947,RB,PHI,307.0,26.91,277,343,,dameon-pierce.php,,,0.8,,,,,,10.0,Dameon Pierce,2026-07-31,PHI
/nfl/rankings/ppr-superflex-cheatsheets.php,redraft-op,rsf,Ben Sinnott,26310,TE,WAS,311.36,20.84,272,340,,ben-sinnott.php,,,1.9,,,,,,7.0,Ben Sinnott,2026-07-31,WAS
/nfl/rankings/ppr-superflex-cheatsheets.php,redraft-op,rsf,Dyami Brown,20113,WR,WAS,307.0,39.34,260,382,,dyami-brown.php,,,0.9,,,,,,7.0,Dyami Brown,2026-07-31,WAS
/nfl/rankings/ppr-superflex-cheatsheets.php,redraft-op,rsf,Zavion Thomas,28132,WR,CHI,300.0,37.41,252,370,,zavion-thomas.php,,,5.1,,,,,,10.0,Zavion Thomas,2026-07-31,CHI
/nfl/rankings/ppr-superflex-cheatsheets.php,redraft-op,rsf,Antonio Gibson,19624,RB,FA,282.5,51.08,234,363,,antonio-gibson.php,,,1.3,,,,,,,Antonio Gibson,2026-07-31,FA
/nfl/rankings/ppr-superflex-cheatsheets.php,redraft-op,rsf,Devontez Walker,26011,WR,BAL,287.17,49.4,236,379,,devontez-walker.php,,,0.9,,,,,,13.0,Devontez Walker,2026-07-31,BAL
/nfl/rankings/ppr-superflex-cheatsheets.php,redraft-op,rsf,Sione Vaki,26309,RB,DET,269.0,32.42,207,296,,sione-vaki.php,,,0.6,,,,,,6.0,Sione Vaki,2026-07-31,DET
/nfl/rankings/ppr-superflex-cheatsheets.php,redraft-op,rsf,Jordan Whittington,23135,WR,LAR,312.9,32.31,257,371,,jordan-whittington.php,,,0.8,,,,,,11.0,Jordan Whittington,2026-07-31,LAR
/nfl/rankings/ppr-superflex-cheatsheets.php,redraft-op,rsf,Tommy Tremble,22795,TE,CAR,314.91,15.08,300,345,,tommy-tremble.php,,,1.0,,,,,,5.0,Tommy Tremble,2026-07-31,CAR
/nfl/rankings/ppr-superflex-cheatsheets.php,redraft-op,rsf,Tommy Myers,25167,TE,FA,287.17,40.77,242,355,,tommy-myers.php,,,0.0,,,,,,,Tommy Myers,2026-07-31,FA
/nfl/rankings/ppr-superflex-cheatsheets.php,redraft-op,rsf,Terrell Jennings,26964,RB,NE,287.5,24.47,268,341,,terrell-jennings.php,,,0.6,,,,,,11.0,Terrell Jennings,2026-07-31,NEP
/nfl/rankings/ppr-superflex-cheatsheets.php,redraft-op,rsf,Rasheen Ali,25983,RB,BAL,275.4,45.58,202,327,,rasheen-ali.php,,,1.4,,,,,,13.0,Rasheen Ali,2026-07-31,BAL
/nfl/rankings/ppr-superflex-cheatsheets.php,redraft-op,rsf,Ashton Dulin,18656,WR,IND,278.8,19.14,242,295,,ashton-dulin.php,,,0.6,,,,,,13.0,Ashton Dulin,2026-07-31,IND
/nfl/rankings/ppr-superflex-cheatsheets.php,redraft-op,rsf,Zach Ertz,11689,TE,FA,301.14,31.13,265,347,,zach-ertz.php,,,1.7,,,,,,,Zach Ertz,2026-07-31,FA
/nfl/rankings/ppr-superflex-cheatsheets.php,redraft-op,rsf,Deion Burks,27093,WR,IND,317.0,30.01,269,381,,deion-burks.php,,,2.1,,,,,,13.0,Deion Burks,2026-07-31,IND
/nfl/rankings/ppr-superflex-cheatsheets.php,redraft-op,rsf,Miles Sanders,18283,RB,FA,287.2,68.21,184,373,,miles-sanders.php,,,0.6,,,,,,,Miles Sanders,2026-07-31,FA
/nfl/rankings/ppr-superflex-cheatsheets.php,redraft-op,rsf,Charlie Kolar,22756,TE,LAC,283.8,36.61,217,321,,charlie-kolar.php,,,2.0,,,,,,7.0,Charlie Kolar,2026-07-31,LAC
/nfl/rankings/ppr-superflex-cheatsheets.php,redraft-op,rsf,Marcus Mariota,13890,QB,WAS,182.0,2.0,180,184,,marcus-mariota.php,,,5.1,,,,,,7.0,Marcus Mariota,2026-07-31,WAS
/nfl/rankings/ppr-superflex-cheatsheets.php,redraft-op,rsf,Hunter Luepke,25941,RB,DAL,273.25,33.3,232,324,,hunter-luepke.php,,,0.7,,,,,,14.0,Hunter Luepke,2026-07-31,DAL
/nfl/rankings/ppr-superflex-cheatsheets.php,redraft-op,rsf,Jonnu Smith,16460,TE,FA,301.17,30.54,273,358,,jonnu-smith.php,,,2.9,,,,,7.0,,Jonnu Smith,2026-07-31,FA
/nfl/rankings/ppr-superflex-cheatsheets.php,redraft-op,rsf,Roschon Johnson,25322,RB,CHI,302.17,27.53,264,344,,roschon-johnson.php,,,0.6,,,,,,10.0,Roschon Johnson,2026-07-31,CHI
/nfl/rankings/ppr-superflex-cheatsheets.php,redraft-op,rsf,Tyler Lockett,13971,WR,LV,277.5,62.38,187,344,,tyler-lockett.php,,,0.6,,,,,,13.0,Tyler Lockett,2026-07-31,LVR
/nfl/rankings/ppr-superflex-cheatsheets.php,redraft-op,rsf,Jam Miller,27326,RB,NE,310.14,16.56,277,324,,jam-miller.php,,,1.3,,,,,,11.0,Jam Miller,2026-07-31,NEP
/nfl/rankings/ppr-superflex-cheatsheets.php,redraft-op,rsf,Jaret Patterson,20155,RB,LAC,293.4,44.85,235,343,,jaret-patterson.php,,,1.1,,,,,,7.0,Jaret Patterson,2026-07-31,LAC
/nfl/rankings/ppr-superflex-cheatsheets.php,redraft-op,rsf,Ty Chandler,19471,RB,NO,281.0,25.64,242,313,,ty-chandler.php,,,0.7,,,,,19.0,8.0,Ty Chandler,2026-07-31,NOS
/nfl/rankings/ppr-superflex-cheatsheets.php,redraft-op,rsf,Zavier Scott,25748,RB,MIN,282.5,29.69,233,312,,zavier-scott.php,,,0.6,,,,,,6.0,Zavier Scott,2026-07-31,MIN
/nfl/rankings/ppr-superflex-cheatsheets.php,redraft-op,rsf,Jaydn Ott,25394,RB,KC,297.0,33.41,237,338,,jaydn-ott.php,,,1.0,,,,,,5.0,Jaydn Ott,2026-07-31,KCC
/nfl/rankings/ppr-superflex-cheatsheets.php,redraft-op,rsf,Malik Benson,26012,WR,LV,299.8,53.25,207,364,,malik-benson.php,,,1.5,,,,,,13.0,Malik Benson,2026-07-31,LVR
/nfl/rankings/ppr-superflex-cheatsheets.php,redraft-op,rsf,Greg Dortch,18585,WR,DET,314.14,34.57,257,351,,greg-dortch.php,,,1.3,,,,,,6.0,Greg Dortch,2026-07-31,DET
/nfl/rankings/ppr-superflex-cheatsheets.php,redraft-op,rsf,Dylan Laube,26194,RB,LV,287.0,43.81,226,349,,dylan-laube.php,,,0.6,,,,,,13.0,Dylan Laube,2026-07-31,LVR
/nfl/rankings/ppr-superflex-cheatsheets.php,redraft-op,rsf,Austin Hooper,15581,TE,ATL,301.2,22.85,275,339,,austin-hooper.php,,,1.4,,,,,,11.0,Austin Hooper,2026-07-31,ATL
/nfl/rankings/ppr-superflex-cheatsheets.php,redraft-op,rsf,Colbie Young,26037,WR,CIN,288.5,17.57,269,307,,colbie-young.php,,,1.5,,,,,,6.0,Colbie Young,2026-07-31,CIN
/nfl/rankings/ppr-superflex-cheatsheets.php,redraft-op,rsf,Elijah Mitchell,22813,RB,PHI,297.0,70.86,217,386,,elijah-mitchell-rb.php,,,0.7,,,,,,10.0,Elijah Mitchell,2026-07-31,PHI
/nfl/rankings/ppr-superflex-cheatsheets.php,redraft-op,rsf,Jeremy McNichols,16445,RB,WAS,289.0,36.16,230,327,,jeremy-mcnichols.php,,,0.6,,,,,,7.0,Jeremy McNichols,2026-07-31,WAS
/nfl/rankings/ppr-superflex-cheatsheets.php,redraft-op,rsf,Tyler Goodson,22976,RB,ATL,269.67,24.39,236,293,,tyler-goodson.php,,,0.7,,,,,,11.0,Tyler Goodson,2026-07-31,ATL
/nfl/rankings/ppr-superflex-cheatsheets.php,redraft-op,rsf,Mitch Tinsley,24370,WR,CIN,270.0,25.5,245,305,,mitchell-tinsley.php,,,0.6,,,,,,6.0,Mitch Tinsley,2026-07-31,CIN
/nfl/rankings/ppr-superflex-cheatsheets.php,redraft-op,rsf,Daniel Bellinger,24238,TE,TEN,323.0,20.91,277,349,,daniel-bellinger.php,,,3.2,,,,,,9.0,Daniel Bellinger,2026-07-31,TEN
/nfl/rankings/ppr-superflex-cheatsheets.php,redraft-op,rsf,Odell Beckham Jr.,12127,WR,NYG,274.0,62.49,186,325,,odell-beckham.php,,,5.0,,,,,,8.0,Odell Beckham,2026-07-31,NYG
/nfl/rankings/ppr-superflex-cheatsheets.php,redraft-op,rsf,Mitchell Evans,27138,TE,CAR,323.63,16.22,301,351,,mitchell-evans.php,,,0.7,,,,,6.0,5.0,Mitchell Evans,2026-07-31,CAR
/nfl/rankings/ppr-superflex-cheatsheets.php,redraft-op,rsf,Elijah Higgins,23119,TE,ARI,324.75,17.23,306,357,,elijah-higgins.php,,,1.5,,,,,,14.0,Elijah Higgins,2026-07-31,ARI
/nfl/rankings/ppr-superflex-cheatsheets.php,redraft-op,rsf,Joe Flacco,9300,QB,CIN,245.5,49.5,196,295,,joe-flacco.php,,,4.9,,,,,,6.0,Joe Flacco,2026-07-31,CIN
/nfl/rankings/ppr-superflex-cheatsheets.php,redraft-op,rsf,Taysom Hill,17115,TE,FA,286.67,66.14,206,368,,taysom-hill.php,,,0.7,,,,,8.0,,Taysom Hill,2026-07-31,FA
/nfl/rankings/ppr-superflex-cheatsheets.php,redraft-op,rsf,Jahdae Walker,27810,WR,CHI,299.5,18.28,287,331,,jahdae-walker.php,,,0.9,,,,,,10.0,Jahdae Walker,2026-07-31,CHI
/nfl/rankings/ppr-superflex-cheatsheets.php,redraft-op,rsf,Jake Bobo,25339,WR,SEA,251.0,30.0,221,281,,jake-bobo.php,,,0.6,,,,,,11.0,Jake Bobo,2026-07-31,SEA
/nfl/rankings/ppr-superflex-cheatsheets.php,redraft-op,rsf,Alexander Mattison,18621,RB,FA,251.5,37.5,214,289,,alexander-mattison.php,,,1.0,,,,,21.0,,Alexander Mattison,2026-07-31,FA
/nfl/rankings/ppr-superflex-cheatsheets.php,redraft-op,rsf,Drew Sample,18561,TE,CIN,286.0,23.55,262,318,,drew-sample.php,,,0.6,,,,,,6.0,Drew Sample,2026-07-31,CIN
/nfl/rankings/ppr-superflex-cheatsheets.php,redraft-op,rsf,Marlin Klein,28157,TE,HOU,312.8,21.92,286,350,,marlin-klein.php,,,1.2,,,,,,8.0,Marlin Klein,2026-07-31,HOU
/nfl/rankings/ppr-superflex-cheatsheets.php,redraft-op,rsf,Sterling Shepard,15569,WR,FA,253.5,80.5,173,334,,sterling-shepard.php,,,1.0,,,,,31.0,,Sterling Shepard,2026-07-31,FA
/nfl/rankings/ppr-superflex-cheatsheets.php,redraft-op,rsf,Cash Jones,28124,RB,ATL,287.67,31.75,243,314,,cash-jones.php,,,0.0,,,,,,11.0,Cash Jones,2026-07-31,ATL
/nfl/rankings/ppr-superflex-cheatsheets.php,redraft-op,rsf,Josh Oliver,18487,TE,MIN,314.0,18.42,284,339,,josh-oliver.php,,,0.7,,,,,,6.0,Josh Oliver,2026-07-31,MIN
/nfl/rankings/ppr-superflex-cheatsheets.php,redraft-op,rsf,Michael Trigg,23167,TE,DAL,307.25,35.23,267,361,,michael-trigg.php,,,9.0,,,,,,14.0,Michael Trigg,2026-07-31,DAL
/nfl/rankings/ppr-superflex-cheatsheets.php,redraft-op,rsf,Sam Roush,28161,TE,CHI,306.25,8.1,293,315,,sam-roush.php,,,1.5,,,,,-12.0,10.0,Sam Roush,2026-07-31,CHI
/nfl/rankings/ppr-superflex-cheatsheets.php,redraft-op,rsf,Derius Davis,25334,WR,LAC,260.5,31.5,229,292,,derius-davis.php,,,0.6,,,,,,7.0,Derius Davis,2026-07-31,LAC
/nfl/rankings/ppr-superflex-cheatsheets.php,redraft-op,rsf,CJ Daniels,28125,WR,LAR,316.0,30.81,272,352,,cj-daniels.php,,,1.9,,,,,,11.0,CJ Daniels,2026-07-31,LAR
/nfl/rankings/ppr-superflex-cheatsheets.php,redraft-op,rsf,Myles Montgomery,28450,RB,NE,317.0,33.67,253,343,,myles-montgomery.php,,,0.0,,,,,,11.0,Myles Montgomery,2026-07-31,NEP
/nfl/rankings/ppr-superflex-cheatsheets.php,redraft-op,rsf,Jake Browning,18557,QB,TB,177.0,0.0,177,177,,jake-browning.php,,,0.7,,,,,,10.0,Jake Browning,2026-07-31,TBB
/nfl/rankings/ppr-superflex-cheatsheets.php,redraft-op,rsf,DeAndre Hopkins,11606,WR,BAL,304.33,74.66,202,378,,deandre-hopkins.php,,,0.6,,,,,,13.0,DeAndre Hopkins,2026-07-31,BAL
/nfl/rankings/ppr-superflex-cheatsheets.php,redraft-op,rsf,Riley Leonard,25373,QB,IND,184.0,0.0,184,184,,riley-leonard.php,,,4.4,,,,,,13.0,Riley Leonard,2026-07-31,IND
/nfl/rankings/ppr-superflex-cheatsheets.php,redraft-op,rsf,Khalil Herbert,22763,RB,FA,270.5,5.5,265,276,,khalil-herbert.php,,,1.1,,,,,,,Khalil Herbert,2026-07-31,FA
/nfl/rankings/ppr-superflex-cheatsheets.php,redraft-op,rsf,Xavier Smith,25627,WR,LAR,272.5,9.5,263,282,,xavier-smith.php,,,0.6,,,,,,11.0,Xavier Smith,2026-07-31,LAR
/nfl/rankings/ppr-superflex-cheatsheets.php,redraft-op,rsf,Will Dissly,18049,TE,FA,300.67,42.09,254,356,,will-dissly.php,,,1.0,,,,,22.0,,Will Dissly,2026-07-31,FA
/nfl/rankings/ppr-superflex-cheatsheets.php,redraft-op,rsf,Zay Jones,16431,WR,FA,202.0,0.0,202,202,,zay-jones.php,,,1.0,,,,,54.0,,Zay Jones,2026-07-31,FA
/nfl/rankings/ppr-superflex-cheatsheets.php,redraft-op,rsf,Donovan Edwards,23014,RB,MIA,277.5,27.5,250,305,,donovan-edwards.php,,,1.0,,,,,,6.0,Donovan Edwards,2026-07-31,MIA
/nfl/rankings/ppr-superflex-cheatsheets.php,redraft-op,rsf,Graig Cooper,10084,RB,FA,203.0,0.0,203,203,,graig-cooper.php,,,0.0,,,,,,,Graig Cooper,2026-07-31,FA
/nfl/rankings/ppr-superflex-cheatsheets.php,redraft-op,rsf,Xavier Restrepo,27066,WR,TEN,278.5,14.5,264,293,,xavier-restrepo.php,,,1.1,,,,,,9.0,Xavier Restrepo,2026-07-31,TEN
/nfl/rankings/ppr-superflex-cheatsheets.php,redraft-op,rsf,Roman Hemby,25387,RB,LV,303.67,37.46,251,335,,roman-hemby.php,,,0.0,,,,,,13.0,Roman Hemby,2026-07-31,LVR
/nfl/rankings/ppr-superflex-cheatsheets.php,redraft-op,rsf,Mo Alie-Cox,16579,TE,IND,316.5,14.4,296,334,,mo-alie-cox.php,,,0.6,,,,,,13.0,Mo Alie-Cox,2026-07-31,IND
/nfl/rankings/ppr-superflex-cheatsheets.php,redraft-op,rsf,Frank Gore Jr.,25980,RB,BUF,283.5,43.5,240,327,,frank-gore-jr.php,,,0.6,,,,,,7.0,Frank Gore,2026-07-31,BUF
/nfl/rankings/ppr-superflex-cheatsheets.php,redraft-op,rsf,Robert Henry Jr.,28404,RB,WAS,306.67,44.32,244,339,,robert-henry-jr.php,,,0.0,,,,,,7.0,Robert Henry,2026-07-31,WAS
/nfl/rankings/ppr-superflex-cheatsheets.php,redraft-op,rsf,Scotty Miller,18714,WR,CHI,284.0,57.0,227,341,,scott-miller.php,,,0.1,,,,,,10.0,Scott Miller,2026-07-31,CHI
/nfl/rankings/ppr-superflex-cheatsheets.php,redraft-op,rsf,Raheem Mostert,14338,RB,LV,284.0,4.0,280,288,,raheem-mostert.php,,,0.6,,,,,,13.0,Raheem Mostert,2026-07-31,LVR
/nfl/rankings/ppr-superflex-cheatsheets.php,redraft-op,rsf,Adam Trautman,19423,TE,DEN,325.6,22.86,288,348,,adam-trautman.php,,,0.6,,,,,,10.0,Adam Trautman,2026-07-31,DEN
/nfl/rankings/ppr-superflex-cheatsheets.php,redraft-op,rsf,Jacob Saylors,25693,RB,DET,285.0,39.0,246,324,,jacob-saylors.php,,,0.1,,,,,,6.0,Jacob Saylors,2026-07-31,DET
/nfl/rankings/ppr-superflex-cheatsheets.php,redraft-op,rsf,Ronnie Rivers,23986,RB,LAR,285.0,38.0,247,323,,ronnie-rivers.php,,,0.6,,,,,,11.0,Ronnie Rivers,2026-07-31,LAR
/nfl/rankings/ppr-superflex-cheatsheets.php,redraft-op,rsf,Kevin Austin Jr.,23049,WR,NO,218.0,0.0,218,218,,kevin-austin.php,,,1.0,,,,,27.0,8.0,Kevin Austin,2026-07-31,NOS
/nfl/rankings/ppr-superflex-cheatsheets.php,redraft-op,rsf,Luke Schoonmaker,25267,TE,DAL,309.67,20.29,281,325,,luke-schoonmaker.php,,,0.9,,,,,,14.0,Luke Schoonmaker,2026-07-31,DAL
/nfl/rankings/ppr-superflex-cheatsheets.php,redraft-op,rsf,Damien Martinez,25976,RB,GB,322.0,23.91,283,343,,damien-martinez.php,,,0.7,,,,,-15.0,11.0,Damien Martinez,2026-07-31,GBP
/nfl/rankings/ppr-superflex-cheatsheets.php,redraft-op,rsf,Elijah Moore,20114,WR,PHI,322.5,33.38,266,351,,elijah-moore.php,,,0.6,,,,,,10.0,Elijah Moore,2026-07-31,PHI
/nfl/rankings/ppr-superflex-cheatsheets.php,redraft-op,rsf,Reggie Gilliam,19844,RB,NE,292.5,21.5,271,314,,reggie-gilliam.php,,,0.1,,,,,,11.0,Reggie Gilliam,2026-07-31,NEP
/nfl/rankings/ppr-superflex-cheatsheets.php,redraft-op,rsf,Cade Stover,25269,TE,HOU,312.67,24.31,294,347,,cade-stover.php,,,0.8,,,,,,8.0,Cade Stover,2026-07-31,HOU
/nfl/rankings/ppr-superflex-cheatsheets.php,redraft-op,rsf,Elijah Tau-Tolliver,28757,RB,BAL,294.5,45.5,249,340,,elijah-tau-tolliver.php,,,0.0,,,,,,13.0,Elijah Tau-Tolliver,2026-07-31,BAL
/nfl/rankings/ppr-superflex-cheatsheets.php,redraft-op,rsf,Alec Ingold,18571,RB,LAC,238.0,0.0,238,238,,alec-ingold.php,,,0.6,,,,,,7.0,Alec Ingold,2026-07-31,LAC
/nfl/rankings/ppr-superflex-cheatsheets.php,redraft-op,rsf,Jordan Waters,26395,RB,LAR,240.0,0.0,240,240,,jordan-waters.php,,,0.0,,,,,,11.0,Jordan Waters,2026-07-31,LAR
/nfl/rankings/ppr-superflex-cheatsheets.php,redraft-op,rsf,Demarcus Robinson,15665,WR,SF,325.0,22.56,288,346,,demarcus-robinson.php,,,0.8,,,,,,8.0,Demarcus Robinson,2026-07-31,SFO
/nfl/rankings/ppr-superflex-cheatsheets.php,redraft-op,rsf,Albert Okwuegbunam Jr.,18246,TE,LV,243.0,0.0,243,243,,albert-okwuegbunam.php,,,0.0,,,,,31.0,13.0,Albert Okwuegbunam,2026-07-31,LVR
/nfl/rankings/ppr-superflex-cheatsheets.php,redraft-op,rsf,Nate Boerkircher,28427,TE,JAC,298.5,3.5,295,302,,nate-boerkircher.php,,,0.9,,,,,,7.0,Nate Boerkircher,2026-07-31,JAC
/nfl/rankings/ppr-superflex-cheatsheets.php,redraft-op,rsf,Cam Akers,19268,RB,FA,305.0,61.0,244,366,,cam-akers.php,,,0.6,,,,,23.0,,Cam Akers,2026-07-31,FA
/nfl/rankings/ppr-superflex-cheatsheets.php,redraft-op,rsf,Salvon Ahmed,19449,RB,CHI,246.0,0.0,246,246,,salvon-ahmed.php,,,0.1,,,,,26.0,10.0,Salvon Ahmed,2026-07-31,CHI
/nfl/rankings/ppr-superflex-cheatsheets.php,redraft-op,rsf,Jared Wiley,26343,TE,KC,299.5,9.5,290,309,,jared-wiley.php,,,1.0,,,,,,5.0,Jared Wiley,2026-07-31,KCC
/nfl/rankings/ppr-superflex-cheatsheets.php,redraft-op,rsf,Patrick Ricard,17145,RB,NYG,247.0,0.0,247,247,,patrick-ricard.php,,,0.8,,,,,,8.0,Patrick Ricard,2026-07-31,NYG
/nfl/rankings/ppr-superflex-cheatsheets.php,redraft-op,rsf,Durham Smythe,17508,TE,BAL,300.0,9.0,291,309,,durham-smythe.php,,,0.6,,,,,,13.0,Durham Smythe,2026-07-31,BAL
/nfl/rankings/ppr-superflex-cheatsheets.php,redraft-op,rsf,Brandin Cooks,12122,WR,FA,249.0,0.0,249,249,,brandin-cooks.php,,,0.6,,,,,,,Brandin Cooks,2026-07-31,FA
/nfl/rankings/ppr-superflex-cheatsheets.php,redraft-op,rsf,Jamari Thrash,26162,WR,CLE,250.0,0.0,250,250,,jamari-thrash.php,,,1.1,,,,,,11.0,Jamari Thrash,2026-07-31,CLE
/nfl/rankings/ppr-superflex-cheatsheets.php,redraft-op,rsf,Jakobie Keeney-James,27705,WR,FA,250.0,0.0,250,250,,jakobie-keeney-james.php,,,0.0,,,,,,,Jakobie Keeney-James,2026-07-31,FA
/nfl/rankings/ppr-superflex-cheatsheets.php,redraft-op,rsf,Thomas Fidone II,23039,TE,NYG,324.0,34.55,285,369,,thomas-fidone.php,,,1.0,,,,,,8.0,Thomas Fidone,2026-07-31,NYG
/nfl/rankings/ppr-superflex-cheatsheets.php,redraft-op,rsf,Deon Jackson,20097,RB,FA,252.0,0.0,252,252,,deon-jackson.php,,,0.0,,,,,,,Deon Jackson,2026-07-31,FA
/nfl/rankings/ppr-superflex-cheatsheets.php,redraft-op,rsf,Theo Wease Jr.,27222,WR,MIA,305.0,45.0,260,350,,theo-wease-jr.php,,,1.9,,,,,,6.0,Theo Wease,2026-07-31,MIA
/nfl/rankings/ppr-superflex-cheatsheets.php,redraft-op,rsf,Van Jefferson,19483,WR,WAS,305.0,13.0,292,318,,van-jefferson.php,,,0.9,,,,,,7.0,Van Jefferson,2026-07-31,WAS
/nfl/rankings/ppr-superflex-cheatsheets.php,redraft-op,rsf,Clyde Edwards-Helaire,19325,RB,FA,258.0,0.0,258,258,,clyde-edwards-helaire.php,,,1.1,,,,,,,Clyde Edwards-Helaire,2026-07-31,FA
/nfl/rankings/ppr-superflex-cheatsheets.php,redraft-op,rsf,Tanner Hudson,17826,TE,CIN,306.5,6.5,300,313,,tanner-hudson.php,,,1.2,,,,,25.0,6.0,Tanner Hudson,2026-07-31,CIN
/nfl/rankings/ppr-superflex-cheatsheets.php,redraft-op,rsf,Josh Reynolds,16439,WR,FA,262.0,0.0,262,262,,josh-reynolds.php,,,2.1,,,,,27.0,,Josh Reynolds,2026-07-31,FA
/nfl/rankings/ppr-superflex-cheatsheets.php,redraft-op,rsf,Max Bredeson,28434,RB,MIN,264.0,0.0,264,264,,max-bredeson.php,,,0.1,,,,,,6.0,Max Bredeson,2026-07-31,MIN
/nfl/rankings/ppr-superflex-cheatsheets.php,redraft-op,rsf,Isaiah Williams,10977,WR,FA,265.0,0.0,265,265,,isaiah-williams.php,,,0.0,,,,,,,Isaiah Williams,2026-07-31,FA
/nfl/rankings/ppr-superflex-cheatsheets.php,redraft-op,rsf,Moliki Matavao,23093,TE,NO,309.0,20.0,289,329,,moliki-matavao.php,,,1.0,,,,,20.0,8.0,Moliki Matavao,2026-07-31,NOS
/nfl/rankings/ppr-superflex-cheatsheets.php,redraft-op,rsf,Tyler Conklin,17598,TE,DET,309.0,12.0,297,321,,tyler-conklin.php,,,0.7,,,,,-10.0,6.0,Tyler Conklin,2026-07-31,DET
/nfl/rankings/ppr-superflex-cheatsheets.php,redraft-op,rsf,Braxton Berrios,17289,WR,NYG,266.0,0.0,266,266,,braxton-berrios.php,,,0.6,,,,,,8.0,Braxton Berrios,2026-07-31,NYG
/nfl/rankings/ppr-superflex-cheatsheets.php,redraft-op,rsf,Devonte Boyd,17484,WR,FA,309.5,39.5,270,349,,devonte-boyd.php,,,0.0,,,,,,,Devonte Boyd,2026-07-31,FA
/nfl/rankings/ppr-superflex-cheatsheets.php,redraft-op,rsf,Brittain Brown,24572,RB,CHI,273.0,0.0,273,273,,brittain-brown.php,,,1.4,,,,,,10.0,Brittain Brown,2026-07-31,CHI
/nfl/rankings/ppr-superflex-cheatsheets.php,redraft-op,rsf,Elijah Dotson,25558,RB,FA,274.0,0.0,274,274,,elijah-dotson.php,,,0.0,,,,,,,Elijah Dotson,2026-07-31,FA
/nfl/rankings/ppr-superflex-cheatsheets.php,redraft-op,rsf,Roman Wilson,28896,WR,PIT,314.5,12.5,302,327,,roman-wilson-wr.php,,,0.7,,,,,,9.0,Roman Wilson,2026-07-31,PIT
/nfl/rankings/ppr-superflex-cheatsheets.php,redraft-op,rsf,Adam Prentice,23451,RB,DEN,277.0,0.0,277,277,,adam-prentice.php,,,0.6,,,,,,10.0,Adam Prentice,2026-07-31,DEN
/nfl/rankings/ppr-superflex-cheatsheets.php,redraft-op,rsf,Jacardia Wright,27781,RB,SEA,277.0,0.0,277,277,,jacardia-wright.php,,,0.0,,,,,,11.0,Jacardia Wright,2026-07-31,SEA
/nfl/rankings/ppr-superflex-cheatsheets.php,redraft-op,rsf,Tim Patrick,16556,WR,NYJ,281.0,0.0,281,281,,tim-patrick.php,,,1.0,,,,,,13.0,Tim Patrick,2026-07-31,NYJ
/nfl/rankings/ppr-superflex-cheatsheets.php,redraft-op,rsf,AJ Dillon,19358,RB,CAR,281.0,0.0,281,281,,aj-dillon.php,,,0.6,,,,,-16.0,5.0,AJ Dillon,2026-07-31,CAR
/nfl/rankings/ppr-superflex-cheatsheets.php,redraft-op,rsf,Sincere McCormick,23172,RB,SF,284.0,0.0,284,284,,sincere-mccormick.php,,,1.0,,,,,,8.0,Sincere McCormick,2026-07-31,SFO
/nfl/rankings/ppr-superflex-cheatsheets.php,redraft-op,rsf,Jeremy Ruckert,23742,TE,NYJ,286.0,0.0,286,286,,jeremy-ruckert.php,,,0.6,,,,,,13.0,Jeremy Ruckert,2026-07-31,NYJ
/nfl/rankings/ppr-superflex-cheatsheets.php,redraft-op,rsf,Kadarius Toney,20119,WR,FA,288.0,0.0,288,288,,kadarius-toney.php,,,1.1,,,,,,,Kadarius Toney,2026-07-31,FA
/nfl/rankings/ppr-superflex-cheatsheets.php,redraft-op,rsf,Harrison Bryant,19389,TE,FA,289.0,0.0,289,289,,harrison-bryant.php,,,0.0,,,,,12.0,,Harrison Bryant,2026-07-31,FA
/nfl/rankings/ppr-superflex-cheatsheets.php,redraft-op,rsf,Brock Wright,23341,TE,DET,321.0,5.0,316,326,,brock-wright.php,,,0.6,,,,,,6.0,Brock Wright,2026-07-31,DET
/nfl/rankings/ppr-superflex-cheatsheets.php,redraft-op,rsf,Kalel Mullings,27045,RB,TEN,290.0,0.0,290,290,,kalel-mullings.php,,,1.0,,,,,,9.0,Kalel Mullings,2026-07-31,TEN
/nfl/rankings/ppr-superflex-cheatsheets.php,redraft-op,rsf,Noah Whittington,28115,RB,HOU,291.0,0.0,291,291,,noah-whittington.php,,,0.0,,,,,,8.0,Noah Whittington,2026-07-31,HOU
/nfl/rankings/ppr-superflex-cheatsheets.php,redraft-op,rsf,Russell Gage Jr.,17606,WR,FA,292.0,0.0,292,292,,russell-gage.php,,,0.0,,,,,,,Russell Gage,2026-07-31,FA
/nfl/rankings/ppr-superflex-cheatsheets.php,redraft-op,rsf,Quez Watkins,19715,WR,PHI,294.0,0.0,294,294,,quez-watkins.php,,,0.1,,,,,,10.0,Quez Watkins,2026-07-31,PHI
/nfl/rankings/ppr-superflex-cheatsheets.php,redraft-op,rsf,Myles Price,27805,WR,MIN,295.0,0.0,295,295,,myles-price.php,,,0.6,,,,,,6.0,Myles Price,2026-07-31,MIN
/nfl/rankings/ppr-superflex-cheatsheets.php,redraft-op,rsf,Jameis Winston,13891,QB,NYG,297.0,0.0,297,297,,jameis-winston.php,,,6.7,,,,,,8.0,Jameis Winston,2026-07-31,NYG
/nfl/rankings/ppr-superflex-cheatsheets.php,redraft-op,rsf,Myles Gaskin,17251,RB,FA,297.0,0.0,297,297,,myles-gaskin.php,,,0.0,,,,,,,Myles Gaskin,2026-07-31,FA
/nfl/rankings/ppr-superflex-cheatsheets.php,redraft-op,rsf,Irv Smith Jr.,18610,TE,FA,298.0,0.0,298,298,,irv-smith-jr.php,,,0.0,,,,,,,Irv Smith,2026-07-31,FA
/nfl/rankings/ppr-superflex-cheatsheets.php,redraft-op,rsf,Ronnie Bell,23012,WR,NO,298.0,0.0,298,298,,ronnie-bell.php,,,0.0,,,,,31.0,8.0,Ronnie Bell,2026-07-31,NOS
/nfl/rankings/ppr-superflex-cheatsheets.php,redraft-op,rsf,Kendric Pryor,24839,WR,CIN,299.0,0.0,299,299,,kendric-pryor.php,,,1.0,,,,,,6.0,Kendric Pryor,2026-07-31,CIN
/nfl/rankings/ppr-superflex-cheatsheets.php,redraft-op,rsf,Montorie Foster Jr.,27910,WR,SEA,299.0,0.0,299,299,,montorie-foster-jr.php,,,0.0,,,,,,11.0,Montorie Foster,2026-07-31,SEA
/nfl/rankings/ppr-superflex-cheatsheets.php,redraft-op,rsf,Miles Davis,28906,RB,CAR,300.0,0.0,300,300,,miles-davis.php,,,0.0,,,,,,5.0,Miles Davis,2026-07-31,CAR
/nfl/rankings/ppr-superflex-cheatsheets.php,redraft-op,rsf,Michael Woods II,23893,WR,DEN,301.0,0.0,301,301,,michael-woods.php,,,1.0,,,,,,10.0,Mike Woods,2026-07-31,DEN
/nfl/rankings/ppr-superflex-cheatsheets.php,redraft-op,rsf,Cedrick Wilson Jr.,17262,WR,DET,302.0,0.0,302,302,,cedrick-wilson.php,,,1.1,,,,,,6.0,Cedrick Wilson,2026-07-31,DET
/nfl/rankings/ppr-superflex-cheatsheets.php,redraft-op,rsf,British Brooks,26748,RB,HOU,304.0,0.0,304,304,,british-brooks.php,,,0.1,,,,,,8.0,British Brooks,2026-07-31,HOU
/nfl/rankings/ppr-superflex-cheatsheets.php,redraft-op,rsf,Michael Briscoe,28743,WR,MIN,306.0,0.0,306,306,,michael-briscoe.php,,,0.0,,,,,,6.0,Michael Briscoe,2026-07-31,MIN
/nfl/rankings/ppr-superflex-cheatsheets.php,redraft-op,rsf,Lil'Jordan Humphrey,18590,WR,DEN,307.0,0.0,307,307,,liljordan-humphrey.php,,,1.1,,,,,,10.0,LilJordan Humphrey,2026-07-31,DEN
/nfl/rankings/ppr-superflex-cheatsheets.php,redraft-op,rsf,Michael Bandy,23531,WR,DEN,308.0,0.0,308,308,,michael-bandy.php,,,1.0,,,,,,10.0,Michael Bandy,2026-07-31,DEN
/nfl/rankings/ppr-superflex-cheatsheets.php,redraft-op,rsf,David Sills V,18566,WR,TB,311.0,0.0,311,311,,david-sills.php,,,0.0,,,,,,10.0,David Sills,2026-07-31,TBB
/nfl/rankings/ppr-superflex-cheatsheets.php,redraft-op,rsf,Mecole Hardman Jr.,18587,WR,BUF,311.0,0.0,311,311,,mecole-hardman.php,,,0.6,,,,,,7.0,Mecole Hardman,2026-07-31,BUF
/nfl/rankings/ppr-superflex-cheatsheets.php,redraft-op,rsf,Diontae Johnson,18615,WR,FA,311.0,0.0,311,311,,diontae-johnson.php,,,1.0,,,,,,,Diontae Johnson,2026-07-31,FA
/nfl/rankings/ppr-superflex-cheatsheets.php,redraft-op,rsf,Josh Whyle,22923,TE,GB,312.0,0.0,312,312,,josh-whyle.php,,,0.6,,,,,12.0,11.0,Josh Whyle,2026-07-31,GBP
/nfl/rankings/ppr-superflex-cheatsheets.php,redraft-op,rsf,Will Kacmarek,28403,TE,MIA,312.0,0.0,312,312,,will-kacmarek.php,,,5.4,,,,,,6.0,Will Kacmarek,2026-07-31,MIA
/nfl/rankings/ppr-superflex-cheatsheets.php,redraft-op,rsf,Jimmy Horn Jr.,27294,WR,CAR,332.5,4.5,328,337,,jimmy-horn-jr.php,,,0.6,,,,,,5.0,Jimmy Horn,2026-07-31,CAR
/nfl/rankings/ppr-superflex-cheatsheets.php,redraft-op,rsf,Jack Endries,27501,TE,CIN,315.0,0.0,315,315,,jack-endries.php,,,5.8,,,,,-21.0,6.0,Jack Endries,2026-07-31,CIN
/nfl/rankings/ppr-superflex-cheatsheets.php,redraft-op,rsf,Desmond Reid,28110,RB,FA,315.0,0.0,315,315,,desmond-reid.php,,,0.0,,,,,,,Desmond Reid,2026-07-31,FA
/nfl/rankings/ppr-superflex-cheatsheets.php,redraft-op,rsf,Xavier Weaver,23957,WR,ARI,317.0,0.0,317,317,,xavier-weaver.php,,,0.0,,,,,,14.0,Xavier Weaver,2026-07-31,ARI
/nfl/rankings/ppr-superflex-cheatsheets.php,redraft-op,rsf,Evan Hull,25325,RB,HOU,317.0,0.0,317,317,,evan-hull.php,,,2.9,,,,,,8.0,Evan Hull,2026-07-31,HOU
/nfl/rankings/ppr-superflex-cheatsheets.php,redraft-op,rsf,Tanner Koziol,27499,TE,JAC,319.0,0.0,319,319,,tanner-koziol.php,,,1.9,,,,,-21.0,7.0,Tanner Koziol,2026-07-31,JAC
/nfl/rankings/ppr-superflex-cheatsheets.php,redraft-op,rsf,Michael Wortham,28526,WR,JAC,319.0,0.0,319,319,,michael-wortham.php,,,0.0,,,,,,7.0,Michael Wortham,2026-07-31,JAC
/nfl/rankings/ppr-superflex-cheatsheets.php,redraft-op,rsf,Will Mallory,23821,TE,IND,320.0,0.0,320,320,,will-mallory.php,,,1.0,,,,,19.0,13.0,Will Mallory,2026-07-31,IND
/nfl/rankings/ppr-superflex-cheatsheets.php,redraft-op,rsf,Velus Jones Jr.,24214,WR,SEA,320.0,0.0,320,320,,velus-jonesjr.php,,,1.6,,,,,,11.0,Velus Jones,2026-07-31,SEA
/nfl/rankings/ppr-superflex-cheatsheets.php,redraft-op,rsf,Zamir White,20095,RB,LV,323.0,0.0,323,323,,zamir-white.php,,,1.6,,,,,,13.0,Zamir White,2026-07-31,LVR
/nfl/rankings/ppr-superflex-cheatsheets.php,redraft-op,rsf,Dean Connors,28113,RB,LAR,323.0,0.0,323,323,,dean-connors.php,,,1.0,,,,,,11.0,Dean Connors,2026-07-31,LAR
/nfl/rankings/ppr-superflex-cheatsheets.php,redraft-op,rsf,Jackson Hawes,27469,TE,BUF,326.0,0.0,326,326,,jackson-hawes.php,,,0.6,,,,,,7.0,Jackson Hawes,2026-07-31,BUF
/nfl/rankings/ppr-superflex-cheatsheets.php,redraft-op,rsf,Jordan Akins,17415,TE,FA,327.0,0.0,327,327,,jordan-akins.php,,,1.0,,,,,,,Jordan Akins,2026-07-31,FA
/nfl/rankings/ppr-superflex-cheatsheets.php,redraft-op,rsf,Nate Adkins,25881,TE,DEN,327.0,0.0,327,327,,nate-adkins.php,,,1.0,,,,,12.0,10.0,Nate Adkins,2026-07-31,DEN
/nfl/rankings/ppr-superflex-cheatsheets.php,redraft-op,rsf,Kaden Wetjen,28435,WR,PIT,327.0,0.0,327,327,,kaden-wetjen.php,,,0.7,,,,,,9.0,Kaden Wetjen,2026-07-31,PIT
/nfl/rankings/ppr-superflex-cheatsheets.php,redraft-op,rsf,Skyy Moore,23905,WR,GB,328.0,0.0,328,328,,skyy-moore.php,,,0.8,,,,,,11.0,Skyy Moore,2026-07-31,GBP
/nfl/rankings/ppr-superflex-cheatsheets.php,redraft-op,rsf,Jermaine Burton,22956,WR,FA,356.0,28.0,328,384,,jermaine-burton.php,,,1.1,,,,,,,Jermaine Burton,2026-07-31,FA
/nfl/rankings/ppr-superflex-cheatsheets.php,redraft-op,rsf,Chip Trayanum,28114,RB,NYJ,329.0,0.0,329,329,,chip-trayanum.php,,,1.2,,,,,,13.0,Chip Trayanum,2026-07-31,NYJ
/nfl/rankings/ppr-superflex-cheatsheets.php,redraft-op,rsf,Anthony Gould,26404,WR,IND,331.0,0.0,331,331,,anthony-gould.php,,,0.6,,,,,,13.0,Anthony Gould,2026-07-31,IND
/nfl/rankings/ppr-superflex-cheatsheets.php,redraft-op,rsf,Michael Burton,14191,RB,CLE,332.0,0.0,332,332,,michael-burton.php,,,0.6,,,,,,11.0,Michael Burton,2026-07-31,CLE
/nfl/rankings/ppr-superflex-cheatsheets.php,redraft-op,rsf,Arian Smith,22965,WR,NYJ,333.0,0.0,333,333,,arian-smith.php,,,0.7,,,,,,13.0,Arian Smith,2026-07-31,NYJ
/nfl/rankings/ppr-superflex-cheatsheets.php,redraft-op,rsf,Tai Felton,27182,WR,MIN,358.0,25.0,333,383,,tai-felton.php,,,0.7,,,,,-21.0,6.0,Tai Felton,2026-07-31,MIN
/nfl/rankings/ppr-superflex-cheatsheets.php,redraft-op,rsf,Davis Allen,23761,TE,LAR,334.0,0.0,334,334,,davis-allen.php,,,0.6,,,,,-14.0,11.0,Davis Allen,2026-07-31,LAR
/nfl/rankings/ppr-superflex-cheatsheets.php,redraft-op,rsf,Reggie Virgil,28141,WR,ARI,334.0,0.0,334,334,,reggie-virgil.php,,,0.7,,,,,,14.0,Reggie Virgil,2026-07-31,ARI
/nfl/rankings/ppr-superflex-cheatsheets.php,redraft-op,rsf,Miles Kitselman,28156,TE,DET,334.0,0.0,334,334,,miles-kitselman.php,,,0.0,,,,,10.0,6.0,Miles Kitselman,2026-07-31,DET
/nfl/rankings/ppr-superflex-cheatsheets.php,redraft-op,rsf,Ja'Lynn Polk,26205,WR,NO,335.0,0.0,335,335,,jalynn-polk.php,,,0.6,,,,,,8.0,JaLynn Polk,2026-07-31,NOS
/nfl/rankings/ppr-superflex-cheatsheets.php,redraft-op,rsf,Jacob Cowing,25289,WR,SF,357.0,20.0,337,377,,jacob-cowing.php,,,0.6,,,,,,8.0,Jacob Cowing,2026-07-31,SFO
/nfl/rankings/ppr-superflex-cheatsheets.php,redraft-op,rsf,KeAndre Lambert-Smith,24372,WR,LAC,341.0,0.0,341,341,,keandre-lambert-smith.php,,,0.7,,,,,,7.0,KeAndre Lambert-Smith,2026-07-31,LAC
/nfl/rankings/ppr-superflex-cheatsheets.php,redraft-op,rsf,Tyler Badie,23812,RB,DEN,342.0,0.0,342,342,,tyler-badie.php,,,1.0,,,,,-36.0,10.0,Tyler Badie,2026-07-31,DEN
/nfl/rankings/ppr-superflex-cheatsheets.php,redraft-op,rsf,Jermar Jefferson,20088,RB,FA,344.0,0.0,344,344,,jermar-jefferson.php,,,1.0,,,,,,,Jermar Jefferson,2026-07-31,FA
/nfl/rankings/ppr-superflex-cheatsheets.php,redraft-op,rsf,Corey Kiner,22997,RB,ARI,344.0,0.0,344,344,,corey-kiner.php,,,1.0,,,,,,14.0,Corey Kiner,2026-07-31,ARI
/nfl/rankings/ppr-superflex-cheatsheets.php,redraft-op,rsf,Marquez Valdes-Scantling,17528,WR,DAL,353.0,7.0,346,360,,marquez-valdesscantling.php,,,0.7,,,,,,14.0,Marquez Valdes-Scantling,2026-07-31,DAL
/nfl/rankings/ppr-superflex-cheatsheets.php,redraft-op,rsf,Joshua Pitsenberger,28776,RB,HOU,348.0,0.0,348,348,,josh-pitsenberger.php,,,0.0,,,,,,8.0,Joshua Pitsenberger,2026-07-31,HOU
/nfl/rankings/ppr-superflex-cheatsheets.php,redraft-op,rsf,Khalil Dinkins,28436,TE,FA,350.0,0.0,350,350,,khalil-dinkins.php,,,0.0,,,,,,,Khalil Dinkins,2026-07-31,FA
/nfl/rankings/ppr-superflex-cheatsheets.php,redraft-op,rsf,Gus Edwards,17687,RB,FA,365.0,0.0,365,365,,gus-edwards.php,,,1.0,,,,,,,Gus Edwards,2026-07-31,FA
/nfl/rankings/ppr-superflex-cheatsheets.php,redraft-op,rsf,Curtis Samuel,16434,WR,FA,376.0,0.0,376,376,,curtis-samuel.php,,,2.0,,,,,,,Curtis Samuel,2026-07-31,FA
/nfl/rankings/ppr-superflex-cheatsheets.php,redraft-op,rsf,Gabe Davis,19398,WR,FA,380.0,0.0,380,380,,gabriel-davis.php,,,1.0,,,,,,,Gabriel Davis,2026-07-31,FA
/nfl/rankings/ppr-superflex-cheatsheets.php,redraft-op,rsf,Juice Wells Jr.,27218,WR,ATL,385.0,0.0,385,385,,antwane-wells-jr.php,,,1.1,,,,,,11.0,Juice Wells,2026-07-31,ATL
/nfl/rankings/ppr-superflex-cheatsheets.php,redraft-op,rsf,Trey Sermon,19425,RB,FA,387.0,0.0,387,387,,trey-sermon.php,,,1.0,,,,,,,Trey Sermon,2026-07-31,FA
/nfl/rankings/ppr-superflex-cheatsheets.php,redraft-op,rsf,Ja'Quinden Jackson,23170,RB,FA,388.0,0.0,388,388,,jaquinden-jackson.php,,,1.0,,,,,,,JaQuinden Jackson,2026-07-31,FA
/nfl/rankings/ppr-cheatsheets.php,redraft-overall,ro,Ja'Marr Chase,19788,WR,CIN,1.72,1.06,1,4,,jamarr-chase.php,,,99.4,,,,,,6.0,JaMarr Chase,2026-07-31,CIN
/nfl/rankings/ppr-cheatsheets.php,redraft-overall,ro,Puka Nacua,23180,WR,LAR,3.08,1.22,1,7,,puka-nacua.php,,,99.5,,,,,,11.0,Puka Nacua,2026-07-31,LAR
/nfl/rankings/ppr-cheatsheets.php,redraft-overall,ro,Jahmyr Gibbs,22968,RB,DET,3.31,1.7,1,7,,jahmyr-gibbs.php,,,99.3,,,,,1.0,6.0,Jahmyr Gibbs,2026-07-31,DET
/nfl/rankings/ppr-cheatsheets.php,redraft-overall,ro,Bijan Robinson,23133,RB,ATL,3.42,1.53,1,7,,bijan-robinson.php,,,99.4,,,,,-1.0,11.0,Bijan Robinson,2026-07-31,ATL
/nfl/rankings/ppr-cheatsheets.php,redraft-overall,ro,Jaxon Smith-Njigba,23070,WR,SEA,4.4,1.31,1,9,,jaxon-smith-njigba.php,,,99.6,,,,,,11.0,Jaxon Smith-Njigba,2026-07-31,SEA
/nfl/rankings/ppr-cheatsheets.php,redraft-overall,ro,Amon-Ra St. Brown,19799,WR,DET,6.06,1.38,4,9,,amonra-stbrown.php,,,99.3,,,,,,6.0,Amon-Ra St Brown,2026-07-31,DET
/nfl/rankings/ppr-cheatsheets.php,redraft-overall,ro,Christian McCaffrey,16393,RB,SF,8.46,3.74,2,24,,christian-mccaffrey.php,,,99.5,,,,,,8.0,Christian McCaffrey,2026-07-31,SFO
/nfl/rankings/ppr-cheatsheets.php,redraft-overall,ro,CeeDee Lamb,19202,WR,DAL,8.47,1.49,6,12,,ceedee-lamb.php,,,99.4,,,,,,14.0,CeeDee Lamb,2026-07-31,DAL
/nfl/rankings/ppr-cheatsheets.php,redraft-overall,ro,Justin Jefferson,19236,WR,MIN,9.13,2.2,4,20,,justin-jefferson.php,,,99.3,,,,,,6.0,Justin Jefferson,2026-07-31,MIN
/nfl/rankings/ppr-cheatsheets.php,redraft-overall,ro,Drake London,23163,WR,ATL,11.94,2.59,8,20,,drake-london.php,,,99.1,,,,,,11.0,Drake London,2026-07-31,ATL
/nfl/rankings/ppr-cheatsheets.php,redraft-overall,ro,Jonathan Taylor,19217,RB,IND,12.57,5.34,5,31,,jonathan-taylor.php,,,99.3,,,,,,13.0,Jonathan Taylor,2026-07-31,IND
/nfl/rankings/ppr-cheatsheets.php,redraft-overall,ro,A.J. Brown,18218,WR,NE,15.29,5.46,8,38,,aj-brown.php,,,99.2,,,,,,11.0,AJ Brown,2026-07-31,NEP
/nfl/rankings/ppr-cheatsheets.php,redraft-overall,ro,Nico Collins,20130,WR,HOU,16.06,3.69,12,28,,nico-collins.php,,,99.2,,,,,,8.0,Nico Collins,2026-07-31,HOU
/nfl/rankings/ppr-cheatsheets.php,redraft-overall,ro,Ashton Jeanty,25989,RB,LV,16.61,6.04,7,33,,ashton-jeanty.php,,,99.1,,,,,,13.0,Ashton Jeanty,2026-07-31,LVR
/nfl/rankings/ppr-cheatsheets.php,redraft-overall,ro,Trey McBride,22936,TE,ARI,18.43,5.06,15,32,,trey-mcbride.php,,,99.3,,,,,,14.0,Trey McBride,2026-07-31,ARI
/nfl/rankings/ppr-cheatsheets.php,redraft-overall,ro,George Pickens,22963,WR,DAL,18.6,4.48,9,36,,george-pickens.php,,,99.2,,,,,,14.0,George Pickens,2026-07-31,DAL
/nfl/rankings/ppr-cheatsheets.php,redraft-overall,ro,James Cook III,22958,RB,BUF,19.04,6.51,7,34,,james-cook.php,,,99.5,,,,,,7.0,James Cook,2026-07-31,BUF
/nfl/rankings/ppr-cheatsheets.php,redraft-overall,ro,Chase Brown,25324,RB,CIN,19.07,5.8,10,39,,chase-brown.php,,,98.7,,,,,,6.0,Chase Brown,2026-07-31,CIN
/nfl/rankings/ppr-cheatsheets.php,redraft-overall,ro,Rashee Rice,23113,WR,KC,19.57,8.54,8,48,,rashee-rice.php,,,97.9,,,,,,5.0,Rashee Rice,2026-07-31,KCC
/nfl/rankings/ppr-cheatsheets.php,redraft-overall,ro,Brock Bowers,22955,TE,LV,20.78,3.01,11,32,,brock-bowers.php,,,99.1,,,,,,13.0,Brock Bowers,2026-07-31,LVR
/nfl/rankings/ppr-cheatsheets.php,redraft-overall,ro,Chris Olave,20111,WR,NO,21.13,6.37,11,38,,chris-olave.php,,,98.1,,,,,,8.0,Chris Olave,2026-07-31,NOS
/nfl/rankings/ppr-cheatsheets.php,redraft-overall,ro,De'Von Achane,23136,RB,MIA,21.15,6.53,7,34,,devon-achane.php,,,99.2,,,,,,6.0,DeVon Achane,2026-07-31,MIA
/nfl/rankings/ppr-cheatsheets.php,redraft-overall,ro,Omarion Hampton,25395,RB,LAC,24.28,7.72,10,47,,omarion-hampton.php,,,98.7,,,,,,7.0,Omarion Hampton,2026-07-31,LAC
/nfl/rankings/ppr-cheatsheets.php,redraft-overall,ro,DeVonta Smith,19222,WR,PHI,24.79,7.82,12,44,,devonta-smith.php,,,98.0,,,,,,10.0,DeVonta Smith,2026-07-31,PHI
/nfl/rankings/ppr-cheatsheets.php,redraft-overall,ro,Saquon Barkley,17240,RB,PHI,25.46,6.99,10,41,,saquon-barkley.php,,,99.4,,,,,,10.0,Saquon Barkley,2026-07-31,PHI
/nfl/rankings/ppr-cheatsheets.php,redraft-overall,ro,Josh Allen,17298,QB,BUF,25.71,2.07,21,34,,josh-allen-qb.php,,,99.4,,,,,,7.0,Josh Allen,2026-07-31,BUF
/nfl/rankings/ppr-cheatsheets.php,redraft-overall,ro,Zay Flowers,22916,WR,BAL,29.42,8.65,12,48,,zay-flowers.php,,,97.1,,,,,2.0,13.0,Zay Flowers,2026-07-31,BAL
/nfl/rankings/ppr-cheatsheets.php,redraft-overall,ro,Garrett Wilson,23072,WR,NYJ,30.32,7.09,15,52,,garrett-wilson.php,,,97.3,,,,,,13.0,Garrett Wilson,2026-07-31,NYJ
/nfl/rankings/ppr-cheatsheets.php,redraft-overall,ro,Kenneth Walker III,23021,RB,KC,30.63,7.39,14,53,,kenneth-walker-rb.php,,,99.3,,,,,,5.0,Kenneth Walker,2026-07-31,KCC
/nfl/rankings/ppr-cheatsheets.php,redraft-overall,ro,Lamar Jackson,17233,QB,BAL,32.31,8.91,25,63,,lamar-jackson.php,,,99.1,,,,,,13.0,Lamar Jackson,2026-07-31,BAL
/nfl/rankings/ppr-cheatsheets.php,redraft-overall,ro,Tetairoa McMillan,25417,WR,CAR,32.54,8.37,15,49,,tetairoa-mcmillan.php,,,97.9,,,,,,5.0,Tetairoa McMillan,2026-07-31,CAR
/nfl/rankings/ppr-cheatsheets.php,redraft-overall,ro,Tee Higgins,19211,WR,CIN,33.97,7.53,19,49,,tee-higgins.php,,,97.6,,,,,,6.0,Tee Higgins,2026-07-31,CIN
/nfl/rankings/ppr-cheatsheets.php,redraft-overall,ro,Ladd McConkey,26122,WR,LAC,36.61,7.91,15,51,,ladd-mcconkey.php,,,95.9,,,,,,7.0,Ladd McConkey,2026-07-31,LAC
/nfl/rankings/ppr-cheatsheets.php,redraft-overall,ro,Malik Nabers,25409,WR,NYG,37.28,13.9,11,71,,malik-nabers.php,,,98.2,,,,,,8.0,Malik Nabers,2026-07-31,NYG
/nfl/rankings/ppr-cheatsheets.php,redraft-overall,ro,Emeka Egbuka,23062,WR,TB,37.5,8.82,14,52,,emeka-egbuka.php,,,96.3,,,,,,10.0,Emeka Egbuka,2026-07-31,TBB
/nfl/rankings/ppr-cheatsheets.php,redraft-overall,ro,Colston Loveland,26006,TE,CHI,37.64,14.25,22,85,,colston-loveland.php,,,98.6,,,,,,10.0,Colston Loveland,2026-07-31,CHI
/nfl/rankings/ppr-cheatsheets.php,redraft-overall,ro,Jeremiyah Love,25403,RB,ARI,37.97,7.57,24,61,,jeremiyah-love.php,,,98.2,,,,,,14.0,Jeremiyah Love,2026-07-31,ARI
/nfl/rankings/ppr-cheatsheets.php,redraft-overall,ro,Drake Maye,23046,QB,NE,38.29,11.8,26,70,,drake-maye.php,,,98.6,,,,,,11.0,Drake Maye,2026-07-31,NEP
/nfl/rankings/ppr-cheatsheets.php,redraft-overall,ro,Jaylen Waddle,19790,WR,DEN,38.49,8.32,18,62,,jaylen-waddle.php,,,95.7,,,,,,10.0,Jaylen Waddle,2026-07-31,DEN
/nfl/rankings/ppr-cheatsheets.php,redraft-overall,ro,Derrick Henry,15514,RB,BAL,38.63,7.9,10,53,,derrick-henry.php,,,99.1,,,,,,13.0,Derrick Henry,2026-07-31,BAL
/nfl/rankings/ppr-cheatsheets.php,redraft-overall,ro,Breece Hall,22982,RB,NYJ,40.71,5.62,31,67,,breece-hall.php,,,97.6,,,,,,13.0,Breece Hall,2026-07-31,NYJ
/nfl/rankings/ppr-cheatsheets.php,redraft-overall,ro,Kyren Williams,23059,RB,LAR,42.19,6.94,23,53,,kyren-williams.php,,,98.1,,,,,,11.0,Kyren Williams,2026-07-31,LAR
/nfl/rankings/ppr-cheatsheets.php,redraft-overall,ro,Terry McLaurin,18466,WR,WAS,42.74,6.45,28,62,,terry-mclaurin.php,,,95.3,,,,,,7.0,Terry McLaurin,2026-07-31,WAS
/nfl/rankings/ppr-cheatsheets.php,redraft-overall,ro,Joe Burrow,19196,QB,CIN,43.47,13.64,27,98,,joe-burrow.php,,,98.1,,,,,,6.0,Joe Burrow,2026-07-31,CIN
/nfl/rankings/ppr-cheatsheets.php,redraft-overall,ro,Josh Jacobs,18269,RB,GB,44.21,7.66,24,65,,josh-jacobs.php,,,98.7,,,,,,11.0,Josh Jacobs,2026-07-31,GBP
/nfl/rankings/ppr-cheatsheets.php,redraft-overall,ro,Javonte Williams,22739,RB,DAL,46.04,6.84,25,60,,javonte-williams.php,,,96.9,,,,,,14.0,Javonte Williams,2026-07-31,DAL
/nfl/rankings/ppr-cheatsheets.php,redraft-overall,ro,Luther Burden III,27016,WR,CHI,46.97,7.05,35,69,,luther-burden-iii.php,,,93.8,,,,,,10.0,Luther Burden,2026-07-31,CHI
/nfl/rankings/ppr-cheatsheets.php,redraft-overall,ro,Davante Adams,12123,WR,LAR,48.22,5.53,36,62,,davante-adams.php,,,97.3,,,,,,11.0,Davante Adams,2026-07-31,LAR
/nfl/rankings/ppr-cheatsheets.php,redraft-overall,ro,Mike Evans,12119,WR,SF,49.33,8.43,28,81,,mike-evans.php,,,93.0,,,,,,8.0,Mike Evans,2026-07-31,SFO
/nfl/rankings/ppr-cheatsheets.php,redraft-overall,ro,Travis Etienne Jr.,19231,RB,NO,49.89,8.01,24,75,,travis-etienne.php,,,96.1,,,,,,8.0,Travis Etienne,2026-07-31,NOS
/nfl/rankings/ppr-cheatsheets.php,redraft-overall,ro,Jayden Daniels,22902,QB,WAS,51.83,15.08,30,92,,jayden-daniels.php,,,97.5,,,,,,7.0,Jayden Daniels,2026-07-31,WAS
/nfl/rankings/ppr-cheatsheets.php,redraft-overall,ro,Cam Skattebo,27166,RB,NYG,53.65,8.51,36,75,,cam-skattebo.php,,,97.0,,,,,,8.0,Cam Skattebo,2026-07-31,NYG
/nfl/rankings/ppr-cheatsheets.php,redraft-overall,ro,Tyler Warren,26434,TE,IND,54.47,9.73,22,73,,tyler-warren.php,,,98.2,,,,,,13.0,Tyler Warren,2026-07-31,IND
/nfl/rankings/ppr-cheatsheets.php,redraft-overall,ro,Jameson Williams,23677,WR,DET,54.67,7.58,42,91,,jameson-williams.php,,,95.1,,,,,,6.0,Jameson Williams,2026-07-31,DET
/nfl/rankings/ppr-cheatsheets.php,redraft-overall,ro,DJ Moore,17265,WR,BUF,55.17,13.76,19,100,,dj-moore-wr.php,,,93.4,,,,,,7.0,DJ Moore,2026-07-31,BUF
/nfl/rankings/ppr-cheatsheets.php,redraft-overall,ro,Christian Watson,23886,WR,GB,56.76,11.1,42,96,,christian-watson.php,,,91.6,,,,,,11.0,Christian Watson,2026-07-31,GBP
/nfl/rankings/ppr-cheatsheets.php,redraft-overall,ro,Jalen Hurts,19275,QB,PHI,58.44,10.68,30,79,,jalen-hurts.php,,,97.8,,,,,,10.0,Jalen Hurts,2026-07-31,PHI
/nfl/rankings/ppr-cheatsheets.php,redraft-overall,ro,Rome Odunze,25411,WR,CHI,59.51,10.19,42,94,,rome-odunze.php,,,92.4,,,,,,10.0,Rome Odunze,2026-07-31,CHI
/nfl/rankings/ppr-cheatsheets.php,redraft-overall,ro,Bucky Irving,25981,RB,TB,59.58,9.83,35,80,,bucky-irving.php,,,95.7,,,,,,10.0,Bucky Irving,2026-07-31,TBB
/nfl/rankings/ppr-cheatsheets.php,redraft-overall,ro,Quinshon Judkins,25391,RB,CLE,59.68,8.53,37,78,,quinshon-judkins.php,,,93.9,,,,,,11.0,Quinshon Judkins,2026-07-31,CLE
/nfl/rankings/ppr-cheatsheets.php,redraft-overall,ro,D'Andre Swift,19210,RB,CHI,61.13,7.73,46,78,,dandre-swift.php,,,94.0,,,,,,10.0,DAndre Swift,2026-07-31,CHI
/nfl/rankings/ppr-cheatsheets.php,redraft-overall,ro,David Montgomery,18239,RB,HOU,63.35,12.56,45,122,,david-montgomery.php,,,93.6,,,,,,8.0,David Montgomery,2026-07-31,HOU
/nfl/rankings/ppr-cheatsheets.php,redraft-overall,ro,TreVeyon Henderson,23065,RB,NE,63.43,10.84,39,99,,treveyon-henderson.php,,,94.0,,,,,,11.0,TreVeyon Henderson,2026-07-31,NEP
/nfl/rankings/ppr-cheatsheets.php,redraft-overall,ro,Carnell Tate,26009,WR,TEN,64.26,23.31,42,205,,carnell-tate.php,,,93.4,,,,,,9.0,Carnell Tate,2026-07-31,TEN
/nfl/rankings/ppr-cheatsheets.php,redraft-overall,ro,Caleb Williams,23084,QB,CHI,68.89,13.53,29,101,,caleb-williams.php,,,93.7,,,,,,10.0,Caleb Williams,2026-07-31,CHI
/nfl/rankings/ppr-cheatsheets.php,redraft-overall,ro,Justin Herbert,18635,QB,LAC,70.08,12.84,37,108,,justin-herbert.php,,,93.4,,,,,,7.0,Justin Herbert,2026-07-31,LAC
/nfl/rankings/ppr-cheatsheets.php,redraft-overall,ro,Marvin Harrison Jr.,23064,WR,ARI,71.36,14.45,45,116,,marvin-harrison-jr.php,,,90.6,,,,,,14.0,Marvin Harrison,2026-07-31,ARI
/nfl/rankings/ppr-cheatsheets.php,redraft-overall,ro,Bhayshul Tuten,27297,RB,JAC,72.39,14.42,47,127,,bhayshul-tuten.php,,,91.2,,,,,,7.0,Bhayshul Tuten,2026-07-31,JAC
/nfl/rankings/ppr-cheatsheets.php,redraft-overall,ro,Jaylen Warren,24209,RB,PIT,75.07,5.97,61,93,,jaylen-warren.php,,,91.2,,,,,,9.0,Jaylen Warren,2026-07-31,PIT
/nfl/rankings/ppr-cheatsheets.php,redraft-overall,ro,Tucker Kraft,25298,TE,GB,75.29,11.99,54,106,,tucker-kraft.php,,,93.8,,,,,,11.0,Tucker Kraft,2026-07-31,GBP
/nfl/rankings/ppr-cheatsheets.php,redraft-overall,ro,Harold Fannin Jr.,27050,TE,CLE,75.49,11.48,57,112,,harold-fannin-jr.php,,,94.6,,,,,,11.0,Harold Fannin,2026-07-31,CLE
/nfl/rankings/ppr-cheatsheets.php,redraft-overall,ro,Trevor Lawrence,19780,QB,JAC,77.69,11.81,58,101,,trevor-lawrence.php,,,90.8,,,,,,7.0,Trevor Lawrence,2026-07-31,JAC
/nfl/rankings/ppr-cheatsheets.php,redraft-overall,ro,Jadarian Price,27329,RB,SEA,77.91,10.22,46,117,,jadarian-price.php,,,91.3,,,,,,11.0,Jadarian Price,2026-07-31,SEA
/nfl/rankings/ppr-cheatsheets.php,redraft-overall,ro,Alec Pierce,23791,WR,IND,78.93,15.97,51,116,,alec-pierce.php,,,90.3,,,,,,13.0,Alec Pierce,2026-07-31,IND
/nfl/rankings/ppr-cheatsheets.php,redraft-overall,ro,Dak Prescott,15600,QB,DAL,79.06,12.15,59,105,,dak-prescott.php,,,93.4,,,,,,14.0,Dak Prescott,2026-07-31,DAL
/nfl/rankings/ppr-cheatsheets.php,redraft-overall,ro,DK Metcalf,18219,WR,PIT,79.18,13.37,51,109,,dk-metcalf.php,,,92.2,,,,,,9.0,DK Metcalf,2026-07-31,PIT
/nfl/rankings/ppr-cheatsheets.php,redraft-overall,ro,Chris Godwin Jr.,16406,WR,TB,80.13,12.64,44,110,,chris-godwin.php,,,87.2,,,,,,10.0,Chris Godwin,2026-07-31,TBB
/nfl/rankings/ppr-cheatsheets.php,redraft-overall,ro,Brian Thomas Jr.,23000,WR,JAC,80.18,14.62,51,115,,brian-thomas-jr.php,,,89.6,,,,,,7.0,Brian Thomas,2026-07-31,JAC
/nfl/rankings/ppr-cheatsheets.php,redraft-overall,ro,Courtland Sutton,17253,WR,DEN,80.43,12.88,49,107,,courtland-sutton.php,,,89.8,,,,,,10.0,Courtland Sutton,2026-07-31,DEN
/nfl/rankings/ppr-cheatsheets.php,redraft-overall,ro,Kyle Pitts Sr.,20164,TE,ATL,80.5,9.72,63,106,,kyle-pitts.php,,,95.6,,,,,,11.0,Kyle Pitts,2026-07-31,ATL
/nfl/rankings/ppr-cheatsheets.php,redraft-overall,ro,Parker Washington,23106,WR,JAC,80.96,16.59,48,133,,parker-washington.php,,,88.4,,,,,,7.0,Parker Washington,2026-07-31,JAC
/nfl/rankings/ppr-cheatsheets.php,redraft-overall,ro,Rhamondre Stevenson,22726,RB,NE,82.43,9.96,65,118,,rhamondre-stevenson.php,,,88.3,,,,,,11.0,Rhamondre Stevenson,2026-07-31,NEP
/nfl/rankings/ppr-cheatsheets.php,redraft-overall,ro,Michael Pittman Jr.,19278,WR,PIT,82.81,12.36,55,114,,michael-pittman.php,,,87.7,,,,,,9.0,Michael Pittman,2026-07-31,PIT
/nfl/rankings/ppr-cheatsheets.php,redraft-overall,ro,Tony Pollard,18705,RB,TEN,83.85,10.35,61,117,,tony-pollard.php,,,89.9,,,,,,9.0,Tony Pollard,2026-07-31,TEN
/nfl/rankings/ppr-cheatsheets.php,redraft-overall,ro,Sam LaPorta,22978,TE,DET,84.89,11.0,57,106,,sam-laporta.php,,,95.5,,,,,,6.0,Sam LaPorta,2026-07-31,DET
/nfl/rankings/ppr-cheatsheets.php,redraft-overall,ro,Chuba Hubbard,19792,RB,CAR,86.06,13.35,65,130,,chuba-hubbard.php,,,90.3,,,,,,5.0,Chuba Hubbard,2026-07-31,CAR
/nfl/rankings/ppr-cheatsheets.php,redraft-overall,ro,Wan'Dale Robinson,22985,WR,TEN,87.46,15.42,45,128,,wandale-robinson.php,,,77.3,,,,,,9.0,WanDale Robinson,2026-07-31,TEN
/nfl/rankings/ppr-cheatsheets.php,redraft-overall,ro,Michael Wilson,25333,WR,ARI,87.56,14.12,53,126,,michael-wilson.php,,,86.6,,,,,,14.0,Michael Wilson,2026-07-31,ARI
/nfl/rankings/ppr-cheatsheets.php,redraft-overall,ro,Jordyn Tyson,26035,WR,NO,87.61,30.76,60,241,,jordyn-tyson.php,,,89.2,,,,,,8.0,Jordyn Tyson,2026-07-31,NOS
/nfl/rankings/ppr-cheatsheets.php,redraft-overall,ro,Rico Dowdle,19647,RB,PIT,87.92,10.89,67,120,,rico-dowdle.php,,,90.1,,,,,,9.0,Rico Dowdle,2026-07-31,PIT
/nfl/rankings/ppr-cheatsheets.php,redraft-overall,ro,RJ Harvey,27142,RB,DEN,92.75,20.29,53,145,,rj-harvey.php,,,88.1,,,,,,10.0,RJ Harvey,2026-07-31,DEN
/nfl/rankings/ppr-cheatsheets.php,redraft-overall,ro,Jaxson Dart,23160,QB,NYG,92.9,12.52,63,114,,jaxson-dart.php,,,94.8,,,,,,8.0,Jaxson Dart,2026-07-31,NYG
/nfl/rankings/ppr-cheatsheets.php,redraft-overall,ro,Brock Purdy,19797,QB,SF,93.65,9.1,70,108,,brock-purdy.php,,,90.9,,,,,,8.0,Brock Purdy,2026-07-31,SFO
/nfl/rankings/ppr-cheatsheets.php,redraft-overall,ro,Josh Downs,24706,WR,IND,94.25,18.43,51,150,,josh-downs.php,,,81.5,,,,,,13.0,Josh Downs,2026-07-31,IND
/nfl/rankings/ppr-cheatsheets.php,redraft-overall,ro,Jakobi Meyers,18598,WR,JAC,96.49,14.63,68,136,,jakobi-meyers.php,,,83.0,,,,,,7.0,Jakobi Meyers,2026-07-31,JAC
/nfl/rankings/ppr-cheatsheets.php,redraft-overall,ro,Quentin Johnston,23123,WR,LAC,99.83,13.66,62,123,,quentin-johnston.php,,,82.4,,,,,,7.0,Quentin Johnston,2026-07-31,LAC
/nfl/rankings/ppr-cheatsheets.php,redraft-overall,ro,Kenny Gainwell,23310,RB,TB,99.88,17.26,75,146,,kenneth-gainwell.php,,,84.7,,,,,,10.0,Kenny Gainwell,2026-07-31,TBB
/nfl/rankings/ppr-cheatsheets.php,redraft-overall,ro,Travis Kelce,11594,TE,KC,100.32,14.92,73,144,,travis-kelce.php,,,90.9,,,,,,5.0,Travis Kelce,2026-07-31,KCC
/nfl/rankings/ppr-cheatsheets.php,redraft-overall,ro,Patrick Mahomes II,16413,QB,KC,100.39,10.18,63,114,,patrick-mahomes.php,,,91.9,,,,,,5.0,Patrick Mahomes,2026-07-31,KCC
/nfl/rankings/ppr-cheatsheets.php,redraft-overall,ro,Makai Lemon,25420,WR,PHI,100.94,26.95,64,232,,makai-lemon.php,,,88.7,,,,,,10.0,Makai Lemon,2026-07-31,PHI
/nfl/rankings/ppr-cheatsheets.php,redraft-overall,ro,Kyle Monangai,27131,RB,CHI,101.65,11.87,80,141,,kyle-monangai.php,,,87.2,,,,,,10.0,Kyle Monangai,2026-07-31,CHI
/nfl/rankings/ppr-cheatsheets.php,redraft-overall,ro,Bo Nix,22910,QB,DEN,101.9,8.21,70,119,,bo-nix.php,,,88.9,,,,,,10.0,Bo Nix,2026-07-31,DEN
/nfl/rankings/ppr-cheatsheets.php,redraft-overall,ro,J.K. Dobbins,19245,RB,DEN,102.78,15.05,75,145,,jk-dobbins.php,,,87.8,,,,,,10.0,JK Dobbins,2026-07-31,DEN
/nfl/rankings/ppr-cheatsheets.php,redraft-overall,ro,Matthew Stafford,9451,QB,LAR,103.75,12.08,63,125,,matthew-stafford.php,,,92.5,,,,,,11.0,Matthew Stafford,2026-07-31,LAR
/nfl/rankings/ppr-cheatsheets.php,redraft-overall,ro,Jordan Addison,23107,WR,MIN,106.22,11.35,81,125,,jordan-addison.php,,,84.0,,,,,,6.0,Jordan Addison,2026-07-31,MIN
/nfl/rankings/ppr-cheatsheets.php,redraft-overall,ro,George Kittle,16499,TE,SF,107.11,20.36,32,155,,george-kittle.php,,,92.8,,,,,,8.0,George Kittle,2026-07-31,SFO
/nfl/rankings/ppr-cheatsheets.php,redraft-overall,ro,Rachaad White,23891,RB,WAS,107.86,16.48,67,148,,rachaad-white.php,,,80.6,,,,,,7.0,Rachaad White,2026-07-31,WAS
/nfl/rankings/ppr-cheatsheets.php,redraft-overall,ro,Jake Ferguson,22718,TE,DAL,108.01,14.28,73,138,,jake-ferguson.php,,,89.6,,,,,,14.0,Jake Ferguson,2026-07-31,DAL
/nfl/rankings/ppr-cheatsheets.php,redraft-overall,ro,Jared Goff,15501,QB,DET,108.19,12.29,59,125,,jared-goff.php,,,77.7,,,,,,6.0,Jared Goff,2026-07-31,DET
/nfl/rankings/ppr-cheatsheets.php,redraft-overall,ro,Blake Corum,23013,RB,LAR,108.58,12.05,84,135,,blake-corum.php,,,84.9,,,,,,11.0,Blake Corum,2026-07-31,LAR
/nfl/rankings/ppr-cheatsheets.php,redraft-overall,ro,Aaron Jones Sr.,16673,RB,MIN,111.63,13.46,77,136,,aaron-jones.php,,,85.9,,,,,,6.0,Aaron Jones,2026-07-31,MIN
/nfl/rankings/ppr-cheatsheets.php,redraft-overall,ro,Jayden Reed,23020,WR,GB,111.99,14.18,81,142,,jayden-reed.php,,,78.3,,,,,,11.0,Jayden Reed,2026-07-31,GBP
/nfl/rankings/ppr-cheatsheets.php,redraft-overall,ro,Kyler Murray,18600,QB,MIN,112.17,12.53,74,139,,kyler-murray.php,,,73.3,,,,,,6.0,Kyler Murray,2026-07-31,MIN
/nfl/rankings/ppr-cheatsheets.php,redraft-overall,ro,Dalton Kincaid,25247,TE,BUF,112.78,13.87,95,158,,dalton-kincaid.php,,,78.2,,,,,,7.0,Dalton Kincaid,2026-07-31,BUF
/nfl/rankings/ppr-cheatsheets.php,redraft-overall,ro,Baker Mayfield,17237,QB,TB,118.71,8.44,101,139,,baker-mayfield.php,,,61.2,,,,,,10.0,Baker Mayfield,2026-07-31,TBB
/nfl/rankings/ppr-cheatsheets.php,redraft-overall,ro,Jordan Love,19246,QB,GB,119.63,7.54,104,139,,jordan-love.php,,,58.4,,,,,,11.0,Jordan Love,2026-07-31,GBP
/nfl/rankings/ppr-cheatsheets.php,redraft-overall,ro,Dallas Goedert,17270,TE,PHI,120.18,16.54,95,158,,dallas-goedert.php,,,88.7,,,,,,10.0,Dallas Goedert,2026-07-31,PHI
/nfl/rankings/ppr-cheatsheets.php,redraft-overall,ro,Tyler Shough,23096,QB,NO,120.63,11.55,104,170,,tyler-shough.php,,,56.2,,,,,,8.0,Tyler Shough,2026-07-31,NOS
/nfl/rankings/ppr-cheatsheets.php,redraft-overall,ro,Khalil Shakir,23748,WR,BUF,120.9,14.48,88,165,,khalil-shakir.php,,,67.1,,,,,,7.0,Khalil Shakir,2026-07-31,BUF
/nfl/rankings/ppr-cheatsheets.php,redraft-overall,ro,Jayden Higgins,27077,WR,HOU,120.97,10.76,96,148,,jayden-higgins.php,,,50.1,,,,,,8.0,Jayden Higgins,2026-07-31,HOU
/nfl/rankings/ppr-cheatsheets.php,redraft-overall,ro,Isaiah Likely,23781,TE,NYG,121.14,27.71,87,236,,isaiah-likely.php,,,86.6,,,,,,8.0,Isaiah Likely,2026-07-31,NYG
/nfl/rankings/ppr-cheatsheets.php,redraft-overall,ro,Jonathon Brooks,26148,RB,CAR,121.33,43.41,77,361,,jonathon-brooks.php,,,76.0,,,,,,5.0,Jonathon Brooks,2026-07-31,CAR
/nfl/rankings/ppr-cheatsheets.php,redraft-overall,ro,Xavier Worthy,23019,WR,KC,124.24,11.61,81,149,,xavier-worthy.php,,,77.2,,,,,,5.0,Xavier Worthy,2026-07-31,KCC
/nfl/rankings/ppr-cheatsheets.php,redraft-overall,ro,Jacory Croskey-Merritt,27316,RB,WAS,125.42,10.63,93,152,,jacory-croskeymerritt.php,,,78.5,,,,,,7.0,Jacory Croskey-Merritt,2026-07-31,WAS
/nfl/rankings/ppr-cheatsheets.php,redraft-overall,ro,Ricky Pearsall,26214,WR,SF,112.64,44.54,67,368,,ricky-pearsall.php,,,83.4,,,,,,8.0,Ricky Pearsall,2026-07-31,SFO
/nfl/rankings/ppr-cheatsheets.php,redraft-overall,ro,Jordan Mason,22969,RB,MIN,126.6,11.85,98,160,,jordan-mason.php,,,71.9,,,,,,6.0,Jordan Mason,2026-07-31,MIN
/nfl/rankings/ppr-cheatsheets.php,redraft-overall,ro,Mark Andrews,17269,TE,BAL,128.21,21.42,95,203,,mark-andrews.php,,,84.3,,,,,,13.0,Mark Andrews,2026-07-31,BAL
/nfl/rankings/ppr-cheatsheets.php,redraft-overall,ro,Jalen Coker,26403,WR,CAR,129.85,13.06,107,166,,jalen-coker.php,,,49.1,,,,,,5.0,Jalen Coker,2026-07-31,CAR
/nfl/rankings/ppr-cheatsheets.php,redraft-overall,ro,Romeo Doubs,23794,WR,NE,130.83,16.59,91,174,,romeo-doubs.php,,,69.0,,,,,,11.0,Romeo Doubs,2026-07-31,NEP
/nfl/rankings/ppr-cheatsheets.php,redraft-overall,ro,Malik Willis,23499,QB,MIA,133.19,25.29,111,236,,malik-willis.php,,,46.6,,,,,,6.0,Malik Willis,2026-07-31,MIA
/nfl/rankings/ppr-cheatsheets.php,redraft-overall,ro,Tyrone Tracy Jr.,22980,RB,NYG,134.22,10.21,109,162,,tyrone-tracy-jr.php,,,43.8,,,,,,8.0,Tyrone Tracy,2026-07-31,NYG
/nfl/rankings/ppr-cheatsheets.php,redraft-overall,ro,KC Concepcion,27331,WR,CLE,136.15,39.57,83,302,,kevin-concepcion.php,,,68.0,,,,,,11.0,KC Concepcion,2026-07-31,CLE
/nfl/rankings/ppr-cheatsheets.php,redraft-overall,ro,Woody Marks,27520,RB,HOU,138.93,20.9,84,228,,woody-marks.php,,,58.6,,,,,,8.0,Woody Marks,2026-07-31,HOU
/nfl/rankings/ppr-cheatsheets.php,redraft-overall,ro,Matthew Golden,26024,WR,GB,139.33,20.37,93,197,,matthew-golden.php,,,69.4,,,,,,11.0,Matthew Golden,2026-07-31,GBP
/nfl/rankings/ppr-cheatsheets.php,redraft-overall,ro,C.J. Stroud,23071,QB,HOU,140.76,13.31,113,188,,cj-stroud.php,,,40.5,,,,,,8.0,CJ Stroud,2026-07-31,HOU
/nfl/rankings/ppr-cheatsheets.php,redraft-overall,ro,Sam Darnold,17236,QB,SEA,140.82,11.58,125,190,,sam-darnold.php,,,43.1,,,,,,11.0,Sam Darnold,2026-07-31,SEA
/nfl/rankings/ppr-cheatsheets.php,redraft-overall,ro,Tyler Allgeier,24172,RB,ARI,143.28,18.52,102,228,,tyler-allgeier.php,,,47.8,,,,,,14.0,Tyler Allgeier,2026-07-31,ARI
/nfl/rankings/ppr-cheatsheets.php,redraft-overall,ro,Tyjae Spears,25323,RB,TEN,144.35,15.2,110,189,,tyjae-spears.php,,,51.1,,,,,,9.0,Tyjae Spears,2026-07-31,TEN
/nfl/rankings/ppr-cheatsheets.php,redraft-overall,ro,Chris Rodriguez Jr.,22986,RB,JAC,145.44,25.27,93,238,,chris-rodriguez-jr.php,,,45.3,,,,,,7.0,Chris Rodriguez,2026-07-31,JAC
/nfl/rankings/ppr-cheatsheets.php,redraft-overall,ro,Alvin Kamara,16421,RB,NO,145.69,13.57,117,182,,alvin-kamara.php,,,54.0,,,,,,8.0,Alvin Kamara,2026-07-31,NOS
/nfl/rankings/ppr-cheatsheets.php,redraft-overall,ro,Dylan Sampson,27102,RB,CLE,146.25,12.04,122,189,,dylan-sampson.php,,,28.3,,,,,,11.0,Dylan Sampson,2026-07-31,CLE
/nfl/rankings/ppr-cheatsheets.php,redraft-overall,ro,Juwan Johnson,19562,TE,NO,146.9,21.34,111,196,,juwan-johnson.php,,,47.1,,,,,,8.0,Juwan Johnson,2026-07-31,NOS
/nfl/rankings/ppr-cheatsheets.php,redraft-overall,ro,Zach Charbonnet,23152,RB,SEA,148.42,32.05,80,268,,zach-charbonnet.php,,,71.1,,,,,,11.0,Zach Charbonnet,2026-07-31,SEA
/nfl/rankings/ppr-cheatsheets.php,redraft-overall,ro,Rashid Shaheed,24687,WR,SEA,149.86,14.42,123,199,,rashid-shaheed.php,,,46.7,,,,,,11.0,Rashid Shaheed,2026-07-31,SEA
/nfl/rankings/ppr-cheatsheets.php,redraft-overall,ro,Isiah Pacheco,24333,RB,DET,151.08,12.52,120,189,,isiah-pacheco.php,,,54.5,,,,,,6.0,Isiah Pacheco,2026-07-31,DET
/nfl/rankings/ppr-cheatsheets.php,redraft-overall,ro,Cam Ward,24755,QB,TEN,151.54,20.42,125,246,,cam-ward.php,,,33.0,,,,,,9.0,Cam Ward,2026-07-31,TEN
/nfl/rankings/ppr-cheatsheets.php,redraft-overall,ro,Brenton Strange,25345,TE,JAC,152.11,22.64,111,236,,brenton-strange.php,,,50.4,,,,,,7.0,Brenton Strange,2026-07-31,JAC
/nfl/rankings/ppr-cheatsheets.php,redraft-overall,ro,Jauan Jennings,19590,WR,MIN,154.14,30.18,94,276,,jauan-jennings.php,,,36.2,,,,,,6.0,Jauan Jennings,2026-07-31,MIN
/nfl/rankings/ppr-cheatsheets.php,redraft-overall,ro,Jerry Jeudy,19201,WR,CLE,156.89,20.17,115,219,,jerry-jeudy.php,,,34.6,,,,,,11.0,Jerry Jeudy,2026-07-31,CLE
/nfl/rankings/ppr-cheatsheets.php,redraft-overall,ro,Daniel Jones,18232,QB,IND,159.0,30.47,129,276,,daniel-jones.php,,,40.7,,,,,,13.0,Daniel Jones,2026-07-31,IND
/nfl/rankings/ppr-cheatsheets.php,redraft-overall,ro,Chig Okonkwo,23982,TE,WAS,159.32,38.25,95,261,,chigoziem-okonkwo.php,,,42.9,,,,,,7.0,Chigoziem Okonkwo,2026-07-31,WAS
/nfl/rankings/ppr-cheatsheets.php,redraft-overall,ro,Hunter Henry,15561,TE,NE,163.88,23.25,106,228,,hunter-henry.php,,,64.5,,,,,,11.0,Hunter Henry,2026-07-31,NEP
/nfl/rankings/ppr-cheatsheets.php,redraft-overall,ro,Adonai Mitchell,24357,WR,NYJ,165.0,20.53,137,225,,adonai-mitchell.php,,,21.1,,,,,,13.0,Adonai Mitchell,2026-07-31,NYJ
/nfl/rankings/ppr-cheatsheets.php,redraft-overall,ro,Bryce Young,22900,QB,CAR,165.51,24.58,129,276,,bryce-young.php,,,32.6,,,,,,5.0,Bryce Young,2026-07-31,CAR
/nfl/rankings/ppr-cheatsheets.php,redraft-overall,ro,Denzel Boston,27339,WR,CLE,158.73,36.35,115,309,,denzel-boston.php,,,36.7,,,,,,11.0,Denzel Boston,2026-07-31,CLE
/nfl/rankings/ppr-cheatsheets.php,redraft-overall,ro,Keaton Mitchell,25360,RB,LAC,159.16,26.81,118,260,,keaton-mitchell.php,,,33.4,,,,,,7.0,Keaton Mitchell,2026-07-31,LAC
/nfl/rankings/ppr-cheatsheets.php,redraft-overall,ro,Omar Cooper Jr.,28127,WR,NYJ,163.83,34.93,126,304,,omar-cooper-jr.php,,,42.1,,,,,,13.0,Omar Cooper,2026-07-31,NYJ
/nfl/rankings/ppr-cheatsheets.php,redraft-overall,ro,Houston Texans,8120,DST,HOU,153.6,6.08,147,183,,houston-defense.php,,,95.0,,,,,,8.0,Houston Texans,2026-07-31,HOU
/nfl/rankings/ppr-cheatsheets.php,redraft-overall,ro,Oronde Gadsden II,25997,TE,LAC,169.1,36.6,97,236,,oronde-gadsden-ii.php,,,53.6,,,,,,7.0,Oronde Gadsden,2026-07-31,LAC
/nfl/rankings/ppr-cheatsheets.php,redraft-overall,ro,Jonah Coleman,27320,RB,DEN,162.0,31.91,120,320,,jonah-coleman.php,,,35.1,,,,,,10.0,Jonah Coleman,2026-07-31,DEN
/nfl/rankings/ppr-cheatsheets.php,redraft-overall,ro,Brian Robinson Jr.,20094,RB,ATL,170.32,18.79,141,238,,brian-robinson-jr.php,,,37.2,,,,,,11.0,Brian Robinson,2026-07-31,ATL
/nfl/rankings/ppr-cheatsheets.php,redraft-overall,ro,Tank Bigsby,22908,RB,PHI,173.36,24.82,142,247,,tank-bigsby.php,,,30.6,,,,,,10.0,Tank Bigsby,2026-07-31,PHI
/nfl/rankings/ppr-cheatsheets.php,redraft-overall,ro,Jalen McMillan,23179,WR,TB,170.41,28.45,135,291,,jalen-mcmillan.php,,,34.9,,,,,,10.0,Jalen McMillan,2026-07-31,TBB
/nfl/rankings/ppr-cheatsheets.php,redraft-overall,ro,Tre Tucker,25337,WR,LV,175.67,29.84,120,291,,tre-tucker.php,,,25.3,,,,,,13.0,Tre Tucker,2026-07-31,LVR
/nfl/rankings/ppr-cheatsheets.php,redraft-overall,ro,Denver Broncos,8090,DST,DEN,162.38,5.61,151,183,,denver-defense.php,,,92.2,,,,,,10.0,Denver Broncos,2026-07-31,DEN
/nfl/rankings/ppr-cheatsheets.php,redraft-overall,ro,Travis Hunter,26034,WR,JAC,173.56,35.45,94,277,,travis-hunter.php,,,67.3,,,,,,7.0,Travis Hunter,2026-07-31,JAC
/nfl/rankings/ppr-cheatsheets.php,redraft-overall,ro,Dalton Schultz,17349,TE,HOU,179.11,22.85,112,226,,dalton-schultz.php,,,32.5,,,,,,8.0,Dalton Schultz,2026-07-31,HOU
/nfl/rankings/ppr-cheatsheets.php,redraft-overall,ro,Seattle Seahawks,8260,DST,SEA,166.82,4.26,151,185,,seattle-defense.php,,,95.1,,,,,,11.0,Seattle Seahawks,2026-07-31,SEA
/nfl/rankings/ppr-cheatsheets.php,redraft-overall,ro,Los Angeles Rams,8280,DST,LAR,168.94,6.42,150,186,,los-angeles-rams-defense.php,,,84.2,,,,,,11.0,Los Angeles Rams,2026-07-31,LAR
/nfl/rankings/ppr-cheatsheets.php,redraft-overall,ro,Braelon Allen,24346,RB,NYJ,176.5,33.65,122,313,,braelon-allen.php,,,25.5,,,,,,13.0,Braelon Allen,2026-07-31,NYJ
/nfl/rankings/ppr-cheatsheets.php,redraft-overall,ro,Tre' Harris,26215,WR,LAC,179.99,29.99,136,298,,tre-harris.php,,,18.9,,,,,,7.0,Tre Harris,2026-07-31,LAC
/nfl/rankings/ppr-cheatsheets.php,redraft-overall,ro,Philadelphia Eagles,8230,DST,PHI,174.04,8.95,161,235,,philadelphia-defense.php,,,83.8,,,,,,10.0,Philadelphia Eagles,2026-07-31,PHI
/nfl/rankings/ppr-cheatsheets.php,redraft-overall,ro,Ryan Flournoy,26398,WR,DAL,186.71,26.37,148,316,,ryan-flournoy.php,,,17.7,,,,,,14.0,Ryan Flournoy,2026-07-31,DAL
/nfl/rankings/ppr-cheatsheets.php,redraft-overall,ro,T.J. Hockenson,18290,TE,MIN,188.17,19.62,138,246,,tj-hockenson.php,,,56.3,,,,,,6.0,TJ Hockenson,2026-07-31,MIN
/nfl/rankings/ppr-cheatsheets.php,redraft-overall,ro,Stefon Diggs,13981,WR,FA,167.95,52.27,83,363,,stefon-diggs.php,,,52.3,,,,,,,Stefon Diggs,2026-07-31,FA
/nfl/rankings/ppr-cheatsheets.php,redraft-overall,ro,James Conner,16447,RB,ARI,182.71,43.57,103,318,,james-conner.php,,,29.4,,,,,,14.0,James Conner,2026-07-31,ARI
/nfl/rankings/ppr-cheatsheets.php,redraft-overall,ro,Jacoby Brissett,15642,QB,ARI,193.93,39.6,129,285,,jacoby-brissett.php,,,25.9,,,,,,14.0,Jacoby Brissett,2026-07-31,ARI
/nfl/rankings/ppr-cheatsheets.php,redraft-overall,ro,Troy Franklin,23092,WR,DEN,191.38,37.35,128,303,,troy-franklin.php,,,16.6,,,,,,10.0,Troy Franklin,2026-07-31,DEN
/nfl/rankings/ppr-cheatsheets.php,redraft-overall,ro,Jaylin Noel,27122,WR,HOU,192.59,27.34,140,284,,jaylin-noel.php,,,13.8,,,,,,8.0,Jaylin Noel,2026-07-31,HOU
/nfl/rankings/ppr-cheatsheets.php,redraft-overall,ro,New England Patriots,8180,DST,NE,186.22,12.23,167,279,,new-england-defense.php,,,79.6,,,,,,11.0,New England Patriots,2026-07-31,NEP
/nfl/rankings/ppr-cheatsheets.php,redraft-overall,ro,Kayshon Boutte,22989,WR,NE,193.14,28.93,137,270,,kayshon-boutte.php,,,21.6,,,,,,11.0,Kayshon Boutte,2026-07-31,NEP
/nfl/rankings/ppr-cheatsheets.php,redraft-overall,ro,Brandon Aubrey,26068,K,DAL,186.93,1.78,179,193,,brandon-aubrey.php,,,97.4,,,,,,14.0,Brandon Aubrey,2026-07-31,DAL
/nfl/rankings/ppr-cheatsheets.php,redraft-overall,ro,Deebo Samuel Sr.,18244,WR,SF,186.99,54.34,76,395,,deebo-samuel.php,,,32.6,,,,,,8.0,Deebo Samuel,2026-07-31,SFO
/nfl/rankings/ppr-cheatsheets.php,redraft-overall,ro,Jacksonville Jaguars,8140,DST,JAC,187.12,7.42,171,235,,jacksonville-defense.php,,,67.7,,,,,,7.0,Jacksonville Jaguars,2026-07-31,JAC
/nfl/rankings/ppr-cheatsheets.php,redraft-overall,ro,Pittsburgh Steelers,8240,DST,PIT,187.59,4.25,171,194,,pittsburgh-defense.php,,,70.5,,,,,,9.0,Pittsburgh Steelers,2026-07-31,PIT
/nfl/rankings/ppr-cheatsheets.php,redraft-overall,ro,Minnesota Vikings,8170,DST,MIN,185.04,8.8,171,235,,minnesota-defense.php,,,62.7,,,,,,6.0,Minnesota Vikings,2026-07-31,MIN
/nfl/rankings/ppr-cheatsheets.php,redraft-overall,ro,Calvin Ridley,17258,WR,TEN,202.74,31.58,137,296,,calvin-ridley.php,,,24.2,,,,,,9.0,Calvin Ridley,2026-07-31,TEN
/nfl/rankings/ppr-cheatsheets.php,redraft-overall,ro,Kimani Vidal,26355,RB,LAC,195.61,33.97,152,283,,kimani-vidal.php,,,18.2,,,,,,7.0,Kimani Vidal,2026-07-31,LAC
/nfl/rankings/ppr-cheatsheets.php,redraft-overall,ro,Los Angeles Chargers,8250,DST,LAC,194.4,17.06,173,279,,los-angeles-chargers-defense.php,,,50.0,,,,,,7.0,Los Angeles Chargers,2026-07-31,LAC
/nfl/rankings/ppr-cheatsheets.php,redraft-overall,ro,Cameron Dicker,23901,K,LAC,195.25,7.6,187,253,,cameron-dicker.php,,,95.2,,,,,,7.0,Cameron Dicker,2026-07-31,LAC
/nfl/rankings/ppr-cheatsheets.php,redraft-overall,ro,Isaac TeSlaa,27446,WR,DET,198.52,24.73,150,293,,isaac-teslaa.php,,,22.5,,,,,,6.0,Isaac TeSlaa,2026-07-31,DET
/nfl/rankings/ppr-cheatsheets.php,redraft-overall,ro,Ka'imi Fairbairn,15756,K,HOU,192.03,2.07,183,200,,kaimi-fairbairn.php,,,89.9,,,,,,8.0,Kaimi Fairbairn,2026-07-31,HOU
/nfl/rankings/ppr-cheatsheets.php,redraft-overall,ro,Ray Davis,26191,RB,BUF,203.54,35.54,146,331,,ray-davis.php,,,18.1,,,,,,7.0,Ray Davis,2026-07-31,BUF
/nfl/rankings/ppr-cheatsheets.php,redraft-overall,ro,AJ Barner,26335,TE,SEA,209.63,23.79,144,252,,aj-barner.php,,,30.3,,,,,,11.0,AJ Barner,2026-07-31,SEA
/nfl/rankings/ppr-cheatsheets.php,redraft-overall,ro,Cam Little,26475,K,JAC,198.66,11.32,184,282,,cam-little.php,,,86.0,,,,,,7.0,Cam Little,2026-07-31,JAC
/nfl/rankings/ppr-cheatsheets.php,redraft-overall,ro,Pat Bryant,27211,WR,DEN,208.68,26.23,174,281,,pat-bryant.php,,,14.4,,,,,,10.0,Pat Bryant,2026-07-31,DEN
/nfl/rankings/ppr-cheatsheets.php,redraft-overall,ro,Darnell Mooney,19810,WR,NYG,207.03,20.87,154,266,,darnell-mooney.php,,,17.2,,,,,,8.0,Darnell Mooney,2026-07-31,NYG
/nfl/rankings/ppr-cheatsheets.php,redraft-overall,ro,Jason Myers,14003,K,SEA,200.78,7.71,190,253,,jason-myers.php,,,90.4,,,,,,11.0,Jason Myers,2026-07-31,SEA
/nfl/rankings/ppr-cheatsheets.php,redraft-overall,ro,Jalen Nailor,24177,WR,LV,204.13,48.8,110,309,,jalen-nailor.php,,,31.0,,,,,,13.0,Jalen Nailor,2026-07-31,LVR
/nfl/rankings/ppr-cheatsheets.php,redraft-overall,ro,Emmett Johnson,28107,RB,KC,194.56,37.64,148,317,,emmett-johnson.php,,,27.0,,,,,,5.0,Emmett Johnson,2026-07-31,KCC
/nfl/rankings/ppr-cheatsheets.php,redraft-overall,ro,Emanuel Wilson,25885,RB,SEA,208.59,37.97,145,305,,emanuel-wilson.php,,,17.2,,,,,,11.0,Emanuel Wilson,2026-07-31,SEA
/nfl/rankings/ppr-cheatsheets.php,redraft-overall,ro,Green Bay Packers,8110,DST,GB,199.55,20.3,181,280,,green-bay-defense.php,,,31.9,,,,,,11.0,Green Bay Packers,2026-07-31,GBP
/nfl/rankings/ppr-cheatsheets.php,redraft-overall,ro,Kenyon Sadiq,26055,TE,NYJ,214.9,40.87,138,395,,kenyon-sadiq.php,,,64.8,,,,,,13.0,Kenyon Sadiq,2026-07-31,NYJ
/nfl/rankings/ppr-cheatsheets.php,redraft-overall,ro,Baltimore Ravens,8020,DST,BAL,203.65,22.29,161,280,,baltimore-defense.php,,,47.8,,,,,,13.0,Baltimore Ravens,2026-07-31,BAL
/nfl/rankings/ppr-cheatsheets.php,redraft-overall,ro,Sean Tucker,23679,RB,TB,206.9,37.53,146,352,,sean-tucker.php,,,19.4,,,,,,10.0,Sean Tucker,2026-07-31,TBB
/nfl/rankings/ppr-cheatsheets.php,redraft-overall,ro,De'Zhaun Stribling,28138,WR,SF,216.72,57.29,116,391,,dezhaun-stribling.php,,,21.4,,,,,,8.0,DeZhaun Stribling,2026-07-31,SFO
/nfl/rankings/ppr-cheatsheets.php,redraft-overall,ro,Dontayvion Wicks,24354,WR,PHI,213.2,26.27,149,291,,dontayvion-wicks.php,,,12.2,,,,,,10.0,Dontayvion Wicks,2026-07-31,PHI
/nfl/rankings/ppr-cheatsheets.php,redraft-overall,ro,Malik Washington,26314,WR,MIA,213.41,41.15,149,298,,malik-washington.php,,,19.6,,,,,,6.0,Malik Washington,2026-07-31,MIA
/nfl/rankings/ppr-cheatsheets.php,redraft-overall,ro,Tyler Loop,27534,K,BAL,207.4,8.08,187,250,,tyler-loop.php,,,59.0,,,,,,13.0,Tyler Loop,2026-07-31,BAL
/nfl/rankings/ppr-cheatsheets.php,redraft-overall,ro,Eddy Pineiro,17575,K,SF,207.62,6.65,197,250,,eddy-pineiro.php,,,59.7,,,,,,8.0,Eddy Pineiro,2026-07-31,SFO
/nfl/rankings/ppr-cheatsheets.php,redraft-overall,ro,Gunnar Helm,27109,TE,TEN,219.49,31.73,157,334,,gunnar-helm.php,,,20.8,,,,,,9.0,Gunnar Helm,2026-07-31,TEN
/nfl/rankings/ppr-cheatsheets.php,redraft-overall,ro,Antonio Williams,25418,WR,WAS,197.73,47.18,116,318,,antonio-williams-wr.php,,,28.8,,,,,,7.0,Antonio Williams,2026-07-31,WAS
/nfl/rankings/ppr-cheatsheets.php,redraft-overall,ro,Kansas City Chiefs,8150,DST,KC,213.06,15.0,175,279,,kansas-city-defense.php,,,24.5,,,,,,5.0,Kansas City Chiefs,2026-07-31,KCC
/nfl/rankings/ppr-cheatsheets.php,redraft-overall,ro,Nicholas Singleton,24343,RB,TEN,217.81,43.89,145,368,,nick-singleton.php,,,25.7,,,,,,9.0,Nicholas Singleton,2026-07-31,TEN
/nfl/rankings/ppr-cheatsheets.php,redraft-overall,ro,Detroit Lions,8100,DST,DET,216.24,21.13,185,279,,detroit-defense.php,,,50.6,,,,,,6.0,Detroit Lions,2026-07-31,DET
/nfl/rankings/ppr-cheatsheets.php,redraft-overall,ro,Cairo Santos,13731,K,CHI,214.67,7.31,199,252,,cairo-santos.php,,,24.9,,,,,,10.0,Cairo Santos,2026-07-31,CHI
/nfl/rankings/ppr-cheatsheets.php,redraft-overall,ro,Mike Washington Jr.,28108,RB,LV,206.36,35.27,143,319,,mike-washington-jr.php,,,25.7,,,,,,13.0,Mike Washington,2026-07-31,LVR
/nfl/rankings/ppr-cheatsheets.php,redraft-overall,ro,Evan McPherson,23297,K,CIN,213.98,13.65,189,257,,evan-mcpherson.php,,,40.6,,,,,,6.0,Evan McPherson,2026-07-31,CIN
/nfl/rankings/ppr-cheatsheets.php,redraft-overall,ro,Jake Bates,26075,K,DET,224.0,14.84,192,252,,jake-bates.php,,,58.9,,,,,,6.0,Jake Bates,2026-07-31,DET
/nfl/rankings/ppr-cheatsheets.php,redraft-overall,ro,Geno Smith,11687,QB,NYJ,232.17,34.28,153,317,,geno-smith.php,,,19.5,,,,,,13.0,Geno Smith,2026-07-31,NYJ
/nfl/rankings/ppr-cheatsheets.php,redraft-overall,ro,Andy Borregales,27291,K,NE,218.54,14.55,193,276,,andres-borregales.php,,,25.4,,,,,,11.0,Andy Borregales,2026-07-31,NEP
/nfl/rankings/ppr-cheatsheets.php,redraft-overall,ro,Chimere Dike,27315,WR,TEN,221.42,39.98,140,315,,chimere-dike.php,,,14.7,,,,,,9.0,Chimere Dike,2026-07-31,TEN
/nfl/rankings/ppr-cheatsheets.php,redraft-overall,ro,Rashod Bateman,19794,WR,BAL,232.97,23.95,168,295,,rashod-bateman.php,,,10.2,,,,,,13.0,Rashod Bateman,2026-07-31,BAL
/nfl/rankings/ppr-cheatsheets.php,redraft-overall,ro,Cooper Kupp,16433,WR,SEA,227.84,28.62,166,299,,cooper-kupp.php,,,16.9,,,,,,11.0,Cooper Kupp,2026-07-31,SEA
/nfl/rankings/ppr-cheatsheets.php,redraft-overall,ro,Buffalo Bills,8030,DST,BUF,223.49,16.35,190,280,,buffalo-defense.php,,,31.3,,,,,,7.0,Buffalo Bills,2026-07-31,BUF
/nfl/rankings/ppr-cheatsheets.php,redraft-overall,ro,Chase McLaughlin,19058,K,TB,225.06,17.68,198,289,,chase-mclaughlin.php,,,23.4,,,,,,10.0,Chase McLaughlin,2026-07-31,TBB
/nfl/rankings/ppr-cheatsheets.php,redraft-overall,ro,Aaron Rodgers,9001,QB,PIT,225.49,45.38,136,344,,aaron-rodgers.php,,,22.4,,,,,,9.0,Aaron Rodgers,2026-07-31,PIT
/nfl/rankings/ppr-cheatsheets.php,redraft-overall,ro,Jaylen Wright,25987,RB,MIA,228.43,29.15,156,292,,jaylen-wright.php,,,13.1,,,,,,6.0,Jaylen Wright,2026-07-31,MIA
/nfl/rankings/ppr-cheatsheets.php,redraft-overall,ro,Kaytron Allen,24362,RB,WAS,223.85,40.89,156,322,,kaytron-allen.php,,,21.4,,,,,,7.0,Kaytron Allen,2026-07-31,WAS
/nfl/rankings/ppr-cheatsheets.php,redraft-overall,ro,Tank Dell,25361,WR,HOU,228.06,27.31,168,316,,nathaniel-dell.php,,,24.0,,,,,,8.0,Tank Dell,2026-07-31,HOU
/nfl/rankings/ppr-cheatsheets.php,redraft-overall,ro,Cleveland Browns,8070,DST,CLE,214.45,34.26,172,356,,cleveland-defense.php,,,25.2,,,,,,11.0,Cleveland Browns,2026-07-31,CLE
/nfl/rankings/ppr-cheatsheets.php,redraft-overall,ro,Harrison Mevis,26638,K,LAR,233.16,22.62,200,282,,harrison-mevis.php,,,50.4,,,,,,11.0,Harrison Mevis,2026-07-31,LAR
/nfl/rankings/ppr-cheatsheets.php,redraft-overall,ro,Zachariah Branch,25419,WR,ATL,232.85,33.45,149,295,,zachariah-branch.php,,,22.7,,,,,,11.0,Zachariah Branch,2026-07-31,ATL
/nfl/rankings/ppr-cheatsheets.php,redraft-overall,ro,Cade Otton,23181,TE,TB,245.92,21.23,196,325,,cade-otton.php,,,23.2,,,,,,10.0,Cade Otton,2026-07-31,TBB
/nfl/rankings/ppr-cheatsheets.php,redraft-overall,ro,Pat Freiermuth,20163,TE,PIT,243.67,24.77,173,306,,pat-freiermuth.php,,,20.2,,,,,,9.0,Pat Freiermuth,2026-07-31,PIT
/nfl/rankings/ppr-cheatsheets.php,redraft-overall,ro,Brandon Aiyuk,19252,WR,SF,213.58,52.15,133,366,,brandon-aiyuk.php,,,27.2,,,,,,8.0,Brandon Aiyuk,2026-07-31,SFO
/nfl/rankings/ppr-cheatsheets.php,redraft-overall,ro,Terrance Ferguson,23091,TE,LAR,244.01,25.31,196,390,,terrance-ferguson.php,,,22.1,,,,,,11.0,Terrance Ferguson,2026-07-31,LAR
/nfl/rankings/ppr-cheatsheets.php,redraft-overall,ro,Germie Bernard,26039,WR,PIT,234.03,35.06,169,316,,germie-bernard.php,,,20.1,,,,,,9.0,Germie Bernard,2026-07-31,PIT
/nfl/rankings/ppr-cheatsheets.php,redraft-overall,ro,Jack Bech,27224,WR,LV,243.63,27.78,170,340,,jack-bech.php,,,12.2,,,,,,13.0,Jack Bech,2026-07-31,LVR
/nfl/rankings/ppr-cheatsheets.php,redraft-overall,ro,Elic Ayomanor,27059,WR,TEN,241.37,40.38,158,338,,elic-ayomanor.php,,,11.1,,,,,,9.0,Elic Ayomanor,2026-07-31,TEN
/nfl/rankings/ppr-cheatsheets.php,redraft-overall,ro,MarShawn Lloyd,23118,RB,GB,240.09,42.31,157,326,,marshawn-lloyd.php,,,10.7,,,,,,11.0,MarShawn Lloyd,2026-07-31,GBP
/nfl/rankings/ppr-cheatsheets.php,redraft-overall,ro,Ollie Gordon II,25984,RB,MIA,245.75,22.11,177,340,,ollie-gordon.php,,,4.5,,,,,,6.0,Ollie Gordon,2026-07-31,MIA
/nfl/rankings/ppr-cheatsheets.php,redraft-overall,ro,David Njoku,16399,TE,LAC,245.85,20.31,181,300,,david-njoku.php,,,25.1,,,,,,7.0,David Njoku,2026-07-31,LAC
/nfl/rankings/ppr-cheatsheets.php,redraft-overall,ro,Harrison Butker,16712,K,KC,241.5,24.68,187,315,,harrison-butker.php,,,38.9,,,,,,5.0,Harrison Butker,2026-07-31,KCC
/nfl/rankings/ppr-cheatsheets.php,redraft-overall,ro,Ted Hurst III,28130,WR,TB,256.4,37.41,208,385,,ted-hurst.php,,,17.3,,,,,,10.0,Ted Hurst,2026-07-31,TBB
/nfl/rankings/ppr-cheatsheets.php,redraft-overall,ro,Chris Boswell,13029,K,PIT,244.91,18.98,198,333,,chris-boswell.php,,,39.4,,,,,,9.0,Chris Boswell,2026-07-31,PIT
/nfl/rankings/ppr-cheatsheets.php,redraft-overall,ro,Keon Coleman,26019,WR,BUF,245.22,31.76,140,307,,keon-coleman.php,,,11.8,,,,,,7.0,Keon Coleman,2026-07-31,BUF
/nfl/rankings/ppr-cheatsheets.php,redraft-overall,ro,Evan Engram,16411,TE,DEN,254.31,24.06,173,295,,evan-engram.php,,,12.9,,,,,,10.0,Evan Engram,2026-07-31,DEN
/nfl/rankings/ppr-cheatsheets.php,redraft-overall,ro,Jaydon Blue,24344,RB,DAL,245.05,40.97,157,316,,jaydon-blue.php,,,13.1,,,,,,14.0,Jaydon Blue,2026-07-31,DAL
/nfl/rankings/ppr-cheatsheets.php,redraft-overall,ro,Justice Hill,18256,RB,BAL,242.09,40.34,146,311,,justice-hill.php,,,9.1,,,,,,13.0,Justice Hill,2026-07-31,BAL
/nfl/rankings/ppr-cheatsheets.php,redraft-overall,ro,Colby Parkinson,19372,TE,LAR,256.74,18.95,185,309,,colby-parkinson.php,,,20.3,,,,,,11.0,Colby Parkinson,2026-07-31,LAR
/nfl/rankings/ppr-cheatsheets.php,redraft-overall,ro,Fernando Mendoza,28013,QB,LV,256.28,38.84,159,346,,fernando-mendoza.php,,,34.3,,,,,,13.0,Fernando Mendoza,2026-07-31,LVR
/nfl/rankings/ppr-cheatsheets.php,redraft-overall,ro,Isaiah Davis,25977,RB,NYJ,251.02,29.35,164,311,,isaiah-davis.php,,,4.1,,,,,,13.0,Isaiah Davis,2026-07-31,NYJ
/nfl/rankings/ppr-cheatsheets.php,redraft-overall,ro,Tua Tagovailoa,19198,QB,ATL,267.4,34.71,139,347,,tua-tagovailoa.php,,,22.4,,,,,,11.0,Tua Tagovailoa,2026-07-31,ATL
/nfl/rankings/ppr-cheatsheets.php,redraft-overall,ro,Tory Horton,26022,WR,SEA,258.59,27.48,168,343,,tory-horton.php,,,13.3,,,,,,11.0,Tory Horton,2026-07-31,SEA
/nfl/rankings/ppr-cheatsheets.php,redraft-overall,ro,Trey Benson,25388,RB,ARI,246.95,50.02,120,358,,trey-benson.php,,,15.3,,,,,,14.0,Trey Benson,2026-07-31,ARI
/nfl/rankings/ppr-cheatsheets.php,redraft-overall,ro,Greg Dulcich,23153,TE,MIA,211.12,41.96,131,291,,greg-dulcich.php,,,20.5,,,,,,6.0,Greg Dulcich,2026-07-31,MIA
/nfl/rankings/ppr-cheatsheets.php,redraft-overall,ro,Malachi Fields,27994,WR,NYG,254.48,34.69,176,367,,malachi-fields.php,,,17.1,,,,,,8.0,Malachi Fields,2026-07-31,NYG
/nfl/rankings/ppr-cheatsheets.php,redraft-overall,ro,Christian Kirk,17268,WR,SF,255.87,27.62,184,325,,christian-kirk.php,,,13.0,,,,,,8.0,Christian Kirk,2026-07-31,SFO
/nfl/rankings/ppr-cheatsheets.php,redraft-overall,ro,Chris Bell,26038,WR,MIA,238.88,32.3,154,302,,chris-bell.php,,,19.8,,,,,,6.0,Chris Bell,2026-07-31,MIA
/nfl/rankings/ppr-cheatsheets.php,redraft-overall,ro,Demond Claiborne,28084,RB,MIN,254.77,40.18,160,358,,demond-claiborne.php,,,16.0,,,,,,6.0,Demond Claiborne,2026-07-31,MIN
/nfl/rankings/ppr-cheatsheets.php,redraft-overall,ro,George Holani,22915,RB,SEA,260.39,41.29,169,394,,george-holani.php,,,8.4,,,,,,11.0,George Holani,2026-07-31,SEA
/nfl/rankings/ppr-cheatsheets.php,redraft-overall,ro,Elijah Sarratt,27463,WR,BAL,252.79,24.76,195,322,,elijah-sarratt.php,,,16.3,,,,,,13.0,Elijah Sarratt,2026-07-31,BAL
/nfl/rankings/ppr-cheatsheets.php,redraft-overall,ro,Ty Johnson,18406,RB,BUF,258.73,26.82,213,386,,ty-johnson.php,,,4.0,,,,,,7.0,Ty Johnson,2026-07-31,BUF
/nfl/rankings/ppr-cheatsheets.php,redraft-overall,ro,Mason Taylor,26005,TE,NYJ,266.17,32.15,196,349,,mason-taylor.php,,,14.8,,,,,,13.0,Mason Taylor,2026-07-31,NYJ
/nfl/rankings/ppr-cheatsheets.php,redraft-overall,ro,Eli Stowers,23144,TE,PHI,269.26,28.82,195,361,,eli-stowers.php,,,24.0,,,,,,10.0,Eli Stowers,2026-07-31,PHI
/nfl/rankings/ppr-cheatsheets.php,redraft-overall,ro,Darius Slayton,18706,WR,NYG,264.81,34.01,199,381,,darius-slayton.php,,,6.0,,,,,,8.0,Darius Slayton,2026-07-31,NYG
/nfl/rankings/ppr-cheatsheets.php,redraft-overall,ro,Wil Lutz,16026,K,DEN,269.95,29.23,204,333,,wil-lutz.php,,,8.3,,,,,,10.0,Wil Lutz,2026-07-31,DEN
/nfl/rankings/ppr-cheatsheets.php,redraft-overall,ro,DJ Giddens,27097,RB,IND,268.37,22.44,222,329,,dj-giddens.php,,,3.8,,,,,,13.0,DJ Giddens,2026-07-31,IND
/nfl/rankings/ppr-cheatsheets.php,redraft-overall,ro,Chris Brooks,25823,RB,GB,261.05,28.87,182,312,,christopher-brooks.php,,,8.3,,,,,,11.0,Chris Brooks,2026-07-31,GBP
/nfl/rankings/ppr-cheatsheets.php,redraft-overall,ro,Tyquan Thornton,22913,WR,KC,268.65,31.44,168,323,,tyquan-thornton.php,,,6.4,,,,,,5.0,Tyquan Thornton,2026-07-31,KCC
/nfl/rankings/ppr-cheatsheets.php,redraft-overall,ro,Devin Neal,23682,RB,NO,264.22,39.71,169,393,,devin-neal.php,,,7.8,,,,,,8.0,Devin Neal,2026-07-31,NOS
/nfl/rankings/ppr-cheatsheets.php,redraft-overall,ro,Theo Johnson,23104,TE,NYG,269.37,31.67,181,345,,theo-johnson.php,,,14.9,,,,,,8.0,Theo Johnson,2026-07-31,NYG
/nfl/rankings/ppr-cheatsheets.php,redraft-overall,ro,Jordan James,27310,RB,SF,269.75,40.55,164,402,,jordan-james.php,,,15.1,,,,,,8.0,Jordan James,2026-07-31,SFO
/nfl/rankings/ppr-cheatsheets.php,redraft-overall,ro,San Francisco 49ers,8270,DST,SF,255.03,32.76,167,356,,san-francisco-defense.php,,,27.7,,,,,,8.0,San Francisco 49ers,2026-07-31,SFO
/nfl/rankings/ppr-cheatsheets.php,redraft-overall,ro,Marvin Mims Jr.,23080,WR,DEN,258.19,28.6,205,363,,marvin-mims.php,,,10.5,,,,,,10.0,Marvin Mims,2026-07-31,DEN
/nfl/rankings/ppr-cheatsheets.php,redraft-overall,ro,Xavier Legette,26136,WR,CAR,262.32,34.09,199,356,,xavier-legette.php,,,2.7,,,,,,5.0,Xavier Legette,2026-07-31,CAR
/nfl/rankings/ppr-cheatsheets.php,redraft-overall,ro,Atlanta Falcons,8010,DST,ATL,262.97,31.69,191,347,,atlanta-defense.php,,,12.9,,,,,,11.0,Atlanta Falcons,2026-07-31,ATL
/nfl/rankings/ppr-cheatsheets.php,redraft-overall,ro,Devaughn Vele,26409,WR,NO,270.51,25.21,209,366,,devaughn-vele.php,,,8.9,,,,,,8.0,Devaughn Vele,2026-07-31,NOS
/nfl/rankings/ppr-cheatsheets.php,redraft-overall,ro,Samaje Perine,16423,RB,CIN,274.58,41.7,157,415,,samaje-perine.php,,,5.0,,,,,,6.0,Samaje Perine,2026-07-31,CIN
/nfl/rankings/ppr-cheatsheets.php,redraft-overall,ro,LeQuint Allen Jr.,27285,RB,JAC,270.06,29.3,189,364,,lequint-allen-jr.php,,,6.9,,,,,,7.0,LeQuint Allen,2026-07-31,JAC
/nfl/rankings/ppr-cheatsheets.php,redraft-overall,ro,Will Reichard,26341,K,MIN,259.84,33.51,193,333,,will-reichard.php,,,27.6,,,,,,6.0,Will Reichard,2026-07-31,MIN
/nfl/rankings/ppr-cheatsheets.php,redraft-overall,ro,Tyreek Hill,15802,WR,FA,234.74,59.56,123,364,,tyreek-hill.php,,,31.9,,,,,,,Tyreek Hill,2026-07-31,FA
/nfl/rankings/ppr-cheatsheets.php,redraft-overall,ro,Kendre Miller,24360,RB,NO,274.92,43.37,164,360,,kendre-miller.php,,,5.6,,,,,,8.0,Kendre Miller,2026-07-31,NOS
/nfl/rankings/ppr-cheatsheets.php,redraft-overall,ro,Oscar Delp,25430,TE,NO,295.83,31.93,230,373,,oscar-delp.php,,,6.4,,,,,,8.0,Oscar Delp,2026-07-31,NOS
/nfl/rankings/ppr-cheatsheets.php,redraft-overall,ro,Malik Davis,24205,RB,DAL,278.86,26.17,182,330,,malik-davis.php,,,4.9,,,,,,14.0,Malik Davis,2026-07-31,DAL
/nfl/rankings/ppr-cheatsheets.php,redraft-overall,ro,Michael Penix Jr.,22973,QB,ATL,284.23,27.59,179,348,,michael-penix-jr.php,,,16.1,,,,,,11.0,Michael Penix,2026-07-31,ATL
/nfl/rankings/ppr-cheatsheets.php,redraft-overall,ro,Kaleb Johnson,27165,RB,PIT,265.45,35.11,160,326,,kaleb-johnson-rb.php,,,10.5,,,,,,9.0,Kaleb Johnson,2026-07-31,PIT
/nfl/rankings/ppr-cheatsheets.php,redraft-overall,ro,Keenan Allen,11616,WR,LAC,268.33,25.57,194,298,,keenan-allen.php,,,9.1,,,,,,7.0,Keenan Allen,2026-07-31,LAC
/nfl/rankings/ppr-cheatsheets.php,redraft-overall,ro,Mack Hollins,16489,WR,NE,269.31,47.8,172,385,,mack-hollins.php,,,2.9,,,,,,11.0,Mack Hollins,2026-07-31,NEP
/nfl/rankings/ppr-cheatsheets.php,redraft-overall,ro,Hollywood Brown,18226,WR,PHI,282.73,25.62,217,350,,marquise-brown.php,,,5.7,,,,,,10.0,Marquise Brown,2026-07-31,PHI
/nfl/rankings/ppr-cheatsheets.php,redraft-overall,ro,Deshaun Watson,16398,QB,CLE,289.5,28.25,214,349,,deshaun-watson.php,,,16.9,,,,,,11.0,Deshaun Watson,2026-07-31,CLE
/nfl/rankings/ppr-cheatsheets.php,redraft-overall,ro,Kyle Williams,27487,WR,NE,264.96,37.92,197,375,,kyle-williams-wr-2025.php,,,7.4,,,,,,11.0,Kyle Williams,2026-07-31,NEP
/nfl/rankings/ppr-cheatsheets.php,redraft-overall,ro,Kirk Cousins,11177,QB,LV,292.79,33.36,179,359,,kirk-cousins.php,,,14.3,,,,,,13.0,Kirk Cousins,2026-07-31,LVR
/nfl/rankings/ppr-cheatsheets.php,redraft-overall,ro,Brashard Smith,27259,RB,KC,279.15,25.96,234,358,,brashard-smith.php,,,6.0,,,,,,5.0,Brashard Smith,2026-07-31,KCC
/nfl/rankings/ppr-cheatsheets.php,redraft-overall,ro,Devin Singletary,18280,RB,NYG,290.95,21.94,234,337,,devin-singletary.php,,,1.4,,,,,,8.0,Devin Singletary,2026-07-31,NYG
/nfl/rankings/ppr-cheatsheets.php,redraft-overall,ro,Kaelon Black,28401,RB,SF,279.36,40.6,169,338,,kaelon-black.php,,,13.2,,,,,,8.0,Kaelon Black,2026-07-31,SFO
/nfl/rankings/ppr-cheatsheets.php,redraft-overall,ro,Emari Demercado,25654,RB,KC,291.12,32.49,169,383,,emari-demercado.php,,,3.2,,,,,,5.0,Emari Demercado,2026-07-31,KCC
/nfl/rankings/ppr-cheatsheets.php,redraft-overall,ro,Shedeur Sanders,25968,QB,CLE,298.05,29.78,214,368,,shedeur-sanders.php,,,17.7,,,,,,11.0,Shedeur Sanders,2026-07-31,CLE
/nfl/rankings/ppr-cheatsheets.php,redraft-overall,ro,Chris Brazzell II,28047,WR,CAR,269.2,29.25,222,349,,chris-brazzell-ii.php,,,14.4,,,,,,5.0,Chris Brazzell,2026-07-31,CAR
/nfl/rankings/ppr-cheatsheets.php,redraft-overall,ro,Jerome Ford,22921,RB,WAS,283.15,29.58,177,318,,jerome-ford.php,,,3.4,,,,,,7.0,Jerome Ford,2026-07-31,WAS
/nfl/rankings/ppr-cheatsheets.php,redraft-overall,ro,Mike Gesicki,17272,TE,CIN,271.77,22.37,226,345,,mike-gesicki.php,,,13.4,,,,,,6.0,Mike Gesicki,2026-07-31,CIN
/nfl/rankings/ppr-cheatsheets.php,redraft-overall,ro,Najee Harris,19302,RB,LAC,284.48,29.16,228,329,,najee-harris-rb.php,,,8.7,,,,,,7.0,Najee Harris,2026-07-31,LAC
/nfl/rankings/ppr-cheatsheets.php,redraft-overall,ro,Isaiah Bond,24371,WR,CLE,293.4,31.78,239,396,,isaiah-bond.php,,,3.0,,,,,,11.0,Isaiah Bond,2026-07-31,CLE
/nfl/rankings/ppr-cheatsheets.php,redraft-overall,ro,Tahj Brooks,26212,RB,CIN,300.96,24.0,243,362,,tahj-brooks.php,,,1.6,,,,,,6.0,Tahj Brooks,2026-07-31,CIN
/nfl/rankings/ppr-cheatsheets.php,redraft-overall,ro,Seth McGowan,23079,RB,IND,284.71,28.0,233,337,,seth-mcgowan.php,,,3.4,,,,,,13.0,Seth McGowan,2026-07-31,IND
/nfl/rankings/ppr-cheatsheets.php,redraft-overall,ro,Charlie Smyth,26444,K,NO,279.32,40.0,207,366,,charlie-smyth.php,,,3.3,,,,,,8.0,Charlie Smyth,2026-07-31,NOS
/nfl/rankings/ppr-cheatsheets.php,redraft-overall,ro,Adam Randall,24367,RB,BAL,295.98,26.65,223,349,,adam-randall.php,,,5.3,,,,,,13.0,Adam Randall,2026-07-31,BAL
/nfl/rankings/ppr-cheatsheets.php,redraft-overall,ro,Jaleel McLaughlin,25876,RB,DEN,289.7,28.97,189,360,,jaleel-mclaughlin.php,,,0.6,,,,,,10.0,Jaleel McLaughlin,2026-07-31,DEN
/nfl/rankings/ppr-cheatsheets.php,redraft-overall,ro,Trevor Etienne,25393,RB,CAR,305.77,16.63,257,336,,trevor-etienne.php,,,1.9,,,,,,5.0,Trevor Etienne,2026-07-31,CAR
/nfl/rankings/ppr-cheatsheets.php,redraft-overall,ro,New Orleans Saints,8190,DST,NO,276.27,42.04,183,356,,new-orleans-defense.php,,,21.9,,,,,,8.0,New Orleans Saints,2026-07-31,NOS
/nfl/rankings/ppr-cheatsheets.php,redraft-overall,ro,Skyler Bell,28126,WR,BUF,287.19,33.79,224,388,,skyler-bell.php,,,13.8,,,,,,7.0,Skyler Bell,2026-07-31,BUF
/nfl/rankings/ppr-cheatsheets.php,redraft-overall,ro,Isaac Guerendo,26392,RB,SF,297.73,27.64,231,341,,isaac-guerendo.php,,,1.6,,,,,,8.0,Isaac Guerendo,2026-07-31,SFO
/nfl/rankings/ppr-cheatsheets.php,redraft-overall,ro,Jarquez Hunter,24335,RB,LAR,305.8,19.47,237,340,,jarquez-hunter.php,,,5.3,,,,,,11.0,Jarquez Hunter,2026-07-31,LAR
/nfl/rankings/ppr-cheatsheets.php,redraft-overall,ro,Jake Tonges,24778,TE,SF,288.98,24.24,226,341,,jake-tonges.php,,,17.6,,,,,,8.0,Jake Tonges,2026-07-31,SFO
/nfl/rankings/ppr-cheatsheets.php,redraft-overall,ro,Ja'Kobi Lane,27337,WR,BAL,292.28,24.77,229,342,,jakobi-lane.php,,,19.6,,,,,,13.0,JaKobi Lane,2026-07-31,BAL
/nfl/rankings/ppr-cheatsheets.php,redraft-overall,ro,Andrei Iosivas,25335,WR,CIN,272.73,31.25,205,343,,andrei-iosivas.php,,,6.2,,,,,,6.0,Andrei Iosivas,2026-07-31,CIN
/nfl/rankings/ppr-cheatsheets.php,redraft-overall,ro,Indianapolis Colts,8130,DST,IND,281.31,31.86,218,358,,indianapolis-defense.php,,,19.3,,,,,,13.0,Indianapolis Colts,2026-07-31,IND
/nfl/rankings/ppr-cheatsheets.php,redraft-overall,ro,Audric Estime,23054,RB,NO,303.93,25.12,238,371,,audric-estime.php,,,5.3,,,,,,8.0,Audric Estime,2026-07-31,NOS
/nfl/rankings/ppr-cheatsheets.php,redraft-overall,ro,Chicago Bears,8050,DST,CHI,270.88,44.87,190,347,,chicago-defense.php,,,15.4,,,,,,10.0,Chicago Bears,2026-07-31,CHI
/nfl/rankings/ppr-cheatsheets.php,redraft-overall,ro,Will Shipley,22930,RB,PHI,313.55,16.81,266,348,,will-shipley.php,,,1.4,,,,,,10.0,Will Shipley,2026-07-31,PHI
/nfl/rankings/ppr-cheatsheets.php,redraft-overall,ro,Joe Mixon,16420,RB,FA,289.66,50.52,154,365,,joe-mixon.php,,,10.4,,,,,,,Joe Mixon,2026-07-31,FA
/nfl/rankings/ppr-cheatsheets.php,redraft-overall,ro,Kareem Hunt,16425,RB,FA,306.3,35.81,162,423,,kareem-hunt.php,,,1.3,,,,,,,Kareem Hunt,2026-07-31,FA
/nfl/rankings/ppr-cheatsheets.php,redraft-overall,ro,Darnell Washington,22967,TE,PIT,294.67,32.2,224,390,,darnell-washington.php,,,12.5,,,,,,9.0,Darnell Washington,2026-07-31,PIT
/nfl/rankings/ppr-cheatsheets.php,redraft-overall,ro,Jalen Royals,27076,WR,KC,306.41,28.21,265,378,,jalen-royals.php,,,1.9,,,,,,5.0,Jalen Royals,2026-07-31,KCC
/nfl/rankings/ppr-cheatsheets.php,redraft-overall,ro,Luke McCaffrey,26328,WR,WAS,305.52,31.29,216,368,,luke-mccaffrey.php,,,1.2,,,,,,7.0,Luke McCaffrey,2026-07-31,WAS
/nfl/rankings/ppr-cheatsheets.php,redraft-overall,ro,Konata Mumpfield,27449,WR,LAR,293.0,31.3,232,374,,konata-mumpfield.php,,,1.2,,,,,,11.0,Konata Mumpfield,2026-07-31,LAR
/nfl/rankings/ppr-cheatsheets.php,redraft-overall,ro,J.J. McCarthy,23018,QB,MIN,317.92,32.45,153,359,,jj-mccarthy.php,,,13.2,,,,,,6.0,JJ McCarthy,2026-07-31,MIN
/nfl/rankings/ppr-cheatsheets.php,redraft-overall,ro,Cedric Tillman,25287,WR,CLE,302.84,28.49,251,384,,cedric-tillman.php,,,1.1,,,,,,11.0,Cedric Tillman,2026-07-31,CLE
/nfl/rankings/ppr-cheatsheets.php,redraft-overall,ro,Calvin Austin III,23739,WR,NYG,307.97,43.53,238,412,,calvin-austin.php,,,2.4,,,,,,8.0,Calvin Austin,2026-07-31,NYG
/nfl/rankings/ppr-cheatsheets.php,redraft-overall,ro,Caleb Douglas,28135,WR,MIA,298.22,51.92,184,391,,caleb-douglas.php,,,4.4,,,,,,6.0,Caleb Douglas,2026-07-31,MIA
/nfl/rankings/ppr-cheatsheets.php,redraft-overall,ro,Olamide Zaccheaus,18864,WR,ATL,307.32,30.4,232,354,,olamide-zaccheaus.php,,,4.6,,,,,,11.0,Olamide Zaccheaus,2026-07-31,ATL
/nfl/rankings/ppr-cheatsheets.php,redraft-overall,ro,Tez Johnson,27147,WR,TB,308.04,26.66,232,364,,tez-johnson.php,,,2.2,,,,,,10.0,Tez Johnson,2026-07-31,TBB
/nfl/rankings/ppr-cheatsheets.php,redraft-overall,ro,Tyler Higbee,15623,TE,LAR,308.18,30.38,229,359,,tyler-higbee.php,,,3.1,,,,,,11.0,Tyler Higbee,2026-07-31,LAR
/nfl/rankings/ppr-cheatsheets.php,redraft-overall,ro,Jalen Tolbert,23770,WR,MIA,296.84,53.62,205,389,,jalen-tolbert.php,,,4.8,,,,,,6.0,Jalen Tolbert,2026-07-31,MIA
/nfl/rankings/ppr-cheatsheets.php,redraft-overall,ro,Bam Knight,24901,RB,ARI,299.16,29.67,243,372,,zonovan-bam-knight.php,,,0.7,,,,,,14.0,Bam Knight,2026-07-31,ARI
/nfl/rankings/ppr-cheatsheets.php,redraft-overall,ro,Carolina Panthers,8040,DST,CAR,294.63,47.75,185,368,,carolina-defense.php,,,6.1,,,,,,5.0,Carolina Panthers,2026-07-31,CAR
/nfl/rankings/ppr-cheatsheets.php,redraft-overall,ro,Elijah Arroyo,23004,TE,SEA,316.82,25.47,274,375,,elijah-arroyo.php,,,7.1,,,,,,11.0,Elijah Arroyo,2026-07-31,SEA
/nfl/rankings/ppr-cheatsheets.php,redraft-overall,ro,Jahan Dotson,23101,WR,ATL,289.95,39.02,195,360,,jahan-dotson.php,,,4.0,,,,,,11.0,Jahan Dotson,2026-07-31,ATL
/nfl/rankings/ppr-cheatsheets.php,redraft-overall,ro,Max Klare,27993,TE,LAR,314.96,22.66,274,361,,max-klare.php,,,11.3,,,,,,11.0,Max Klare,2026-07-31,LAR
/nfl/rankings/ppr-cheatsheets.php,redraft-overall,ro,Joshua Palmer,22845,WR,BUF,294.14,45.14,180,374,,josh-palmer.php,,,1.2,,,,,,7.0,Josh Palmer,2026-07-31,BUF
/nfl/rankings/ppr-cheatsheets.php,redraft-overall,ro,Michael Mayer,23056,TE,LV,314.19,27.12,268,372,,michael-mayer.php,,,11.5,,,,,,13.0,Michael Mayer,2026-07-31,LVR
/nfl/rankings/ppr-cheatsheets.php,redraft-overall,ro,DeMario Douglas,25304,WR,NE,318.69,48.95,188,425,,demario-douglas.php,,,5.5,,,,,,11.0,Demario Douglas,2026-07-31,NEP
/nfl/rankings/ppr-cheatsheets.php,redraft-overall,ro,Noah Gray,19539,TE,KC,322.23,26.33,259,367,,noah-gray.php,,,4.2,,,,,,5.0,Noah Gray,2026-07-31,KCC
/nfl/rankings/ppr-cheatsheets.php,redraft-overall,ro,Michael Carter,22728,RB,TEN,317.71,49.26,168,417,,michael-carter-rb.php,,,0.8,,,,,,9.0,Michael Carter,2026-07-31,TEN
/nfl/rankings/ppr-cheatsheets.php,redraft-overall,ro,Mac Jones,20156,QB,SF,335.14,31.16,276,445,,mac-jones.php,,,10.8,,,,,,8.0,Mac Jones,2026-07-31,SFO
/nfl/rankings/ppr-cheatsheets.php,redraft-overall,ro,Cole Kmet,19229,TE,CHI,324.0,26.32,281,384,,cole-kmet.php,,,7.3,,,,,,10.0,Cole Kmet,2026-07-31,CHI
/nfl/rankings/ppr-cheatsheets.php,redraft-overall,ro,Jake Elliott,16540,K,PHI,294.42,47.45,212,384,,jake-elliott.php,,,10.1,,,,,,10.0,Jake Elliott,2026-07-31,PHI
/nfl/rankings/ppr-cheatsheets.php,redraft-overall,ro,Dallas Cowboys,8080,DST,DAL,274.19,59.3,183,367,,dallas-defense.php,,,20.4,,,,,,14.0,Dallas Cowboys,2026-07-31,DAL
/nfl/rankings/ppr-cheatsheets.php,redraft-overall,ro,Ja'Tavion Sanders,24334,TE,CAR,320.0,28.32,274,402,,jatavion-sanders.php,,,4.7,,,,,,5.0,JaTavion Sanders,2026-07-31,CAR
/nfl/rankings/ppr-cheatsheets.php,redraft-overall,ro,Treylon Burks,22905,WR,WAS,312.9,46.75,223,397,,treylon-burks.php,,,3.6,,,,,,7.0,Treylon Burks,2026-07-31,WAS
/nfl/rankings/ppr-cheatsheets.php,redraft-overall,ro,Dont'e Thornton Jr.,27288,WR,LV,319.15,38.21,269,379,,donte-thornton-jr.php,,,1.8,,,,,,13.0,Donte Thornton,2026-07-31,LVR
/nfl/rankings/ppr-cheatsheets.php,redraft-overall,ro,Kendrick Bourne,17066,WR,ARI,310.44,60.8,221,448,,kendrick-bourne.php,,,3.1,,,,,,14.0,Kendrick Bourne,2026-07-31,ARI
/nfl/rankings/ppr-cheatsheets.php,redraft-overall,ro,Nick Chubb,17246,RB,FA,315.05,47.96,190,404,,nick-chubb.php,,,1.0,,,,,,,Nick Chubb,2026-07-31,FA
/nfl/rankings/ppr-cheatsheets.php,redraft-overall,ro,Justin Fields,19781,QB,KC,342.56,22.1,306,392,,justin-fields.php,,,10.2,,,,,,5.0,Justin Fields,2026-07-31,KCC
/nfl/rankings/ppr-cheatsheets.php,redraft-overall,ro,Carson Beck,22953,QB,ARI,332.68,16.01,300,359,,carson-beck.php,,,12.3,,,,,,14.0,Carson Beck,2026-07-31,ARI
/nfl/rankings/ppr-cheatsheets.php,redraft-overall,ro,Jawhar Jordan,26329,RB,HOU,316.22,58.33,162,411,,jawhar-jordan.php,,,0.6,,,,,,8.0,Jawhar Jordan,2026-07-31,HOU
/nfl/rankings/ppr-cheatsheets.php,redraft-overall,ro,Anthony Richardson Sr.,24347,QB,IND,337.27,18.89,306,368,,anthony-richardson.php,,,11.1,,,,,,13.0,Anthony Richardson,2026-07-31,IND
/nfl/rankings/ppr-cheatsheets.php,redraft-overall,ro,Tyler Bass,19760,K,BUF,280.38,49.97,214,411,,tyler-bass.php,,,9.8,,,,,,7.0,Tyler Bass,2026-07-31,BUF
/nfl/rankings/ppr-cheatsheets.php,redraft-overall,ro,Raheim Sanders,24351,RB,CLE,307.31,42.87,201,385,,raheim-sanders.php,,,0.6,,,,,,11.0,Raheim Sanders,2026-07-31,CLE
/nfl/rankings/ppr-cheatsheets.php,redraft-overall,ro,Eli Heidenreich,28297,RB,PIT,320.17,33.92,237,374,,eli-heidenreich.php,,,2.0,,,,,,9.0,Eli Heidenreich,2026-07-31,PIT
/nfl/rankings/ppr-cheatsheets.php,redraft-overall,ro,Dawson Knox,18631,TE,BUF,331.4,30.02,290,418,,dawson-knox.php,,,7.4,,,,,,7.0,Dawson Knox,2026-07-31,BUF
/nfl/rankings/ppr-cheatsheets.php,redraft-overall,ro,Xavier Hutchinson,25332,WR,HOU,318.29,25.91,289,379,,xavier-hutchinson.php,,,1.4,,,,,,8.0,Xavier Hutchinson,2026-07-31,HOU
/nfl/rankings/ppr-cheatsheets.php,redraft-overall,ro,Ty Simpson,25368,QB,LAR,343.18,21.72,308,389,,ty-simpson.php,,,15.3,,,,,,11.0,Ty Simpson,2026-07-31,LAR
/nfl/rankings/ppr-cheatsheets.php,redraft-overall,ro,New York Giants,8200,DST,NYG,274.64,58.74,186,388,,new-york-giants-defense.php,,,24.2,,,,,,8.0,New York Giants,2026-07-31,NYG
/nfl/rankings/ppr-cheatsheets.php,redraft-overall,ro,Erick All Jr.,23837,TE,CIN,331.94,37.89,268,413,,erick-all.php,,,2.0,,,,,,6.0,Erick All,2026-07-31,CIN
/nfl/rankings/ppr-cheatsheets.php,redraft-overall,ro,Zane Gonzalez,16548,K,MIA,311.57,52.24,212,409,,zane-gonzalez.php,,,1.7,,,,,,6.0,Zane Gonzalez,2026-07-31,MIA
/nfl/rankings/ppr-cheatsheets.php,redraft-overall,ro,John Metchie III,22895,WR,CAR,320.4,43.48,273,418,,john-metchie.php,,,1.8,,,,,,5.0,John Metchie,2026-07-31,CAR
/nfl/rankings/ppr-cheatsheets.php,redraft-overall,ro,Tampa Bay Buccaneers,8290,DST,TB,286.0,49.1,190,366,,tampa-bay-defense.php,,,22.5,,,,,,10.0,Tampa Bay Buccaneers,2026-07-31,TBB
/nfl/rankings/ppr-cheatsheets.php,redraft-overall,ro,Noah Fant,17527,TE,NO,339.5,26.94,281,386,,noah-fant.php,,,1.8,,,,,,8.0,Noah Fant,2026-07-31,NOS
/nfl/rankings/ppr-cheatsheets.php,redraft-overall,ro,Brenen Thompson,28133,WR,LAC,329.88,41.27,260,397,,brenen-thompson.php,,,3.8,,,,,,7.0,Brenen Thompson,2026-07-31,LAC
/nfl/rankings/ppr-cheatsheets.php,redraft-overall,ro,J'Mari Taylor,28109,RB,JAC,330.88,24.04,292,381,,jmari-taylor.php,,,3.9,,,,,,7.0,JMari Taylor,2026-07-31,JAC
/nfl/rankings/ppr-cheatsheets.php,redraft-overall,ro,Bryce Lance,28129,WR,NO,318.71,33.48,270,387,,bryce-lance.php,,,4.0,,,,,,8.0,Bryce Lance,2026-07-31,NOS
/nfl/rankings/ppr-cheatsheets.php,redraft-overall,ro,Justin Joly,28079,TE,DEN,342.44,24.48,295,390,,justin-joly.php,,,11.0,,,,,,10.0,Justin Joly,2026-07-31,DEN
/nfl/rankings/ppr-cheatsheets.php,redraft-overall,ro,Tutu Atwell,20126,WR,MIA,333.6,48.4,244,426,,tutu-atwell.php,,,2.2,,,,,,6.0,Tutu Atwell,2026-07-31,MIA
/nfl/rankings/ppr-cheatsheets.php,redraft-overall,ro,Jaylin Lane,27454,WR,WAS,339.19,35.29,290,399,,jaylin-lane.php,,,2.9,,,,,,7.0,Jaylin Lane,2026-07-31,WAS
/nfl/rankings/ppr-cheatsheets.php,redraft-overall,ro,Eli Raridon,28154,TE,NE,347.12,38.22,295,449,,eli-raridon.php,,,5.1,,,,,,11.0,Eli Raridon,2026-07-31,NEP
/nfl/rankings/ppr-cheatsheets.php,redraft-overall,ro,Austin Ekeler,16483,RB,FA,323.69,51.27,230,393,,austin-ekeler.php,,,1.7,,,,,,,Austin Ekeler,2026-07-31,FA
/nfl/rankings/ppr-cheatsheets.php,redraft-overall,ro,Phil Mafah,22928,RB,DAL,311.91,45.35,206,401,,phil-mafah.php,,,1.0,,,,,,14.0,Phil Mafah,2026-07-31,DAL
/nfl/rankings/ppr-cheatsheets.php,redraft-overall,ro,Kalif Raymond,16081,WR,CHI,321.5,36.67,286,406,,kalif-raymond.php,,,0.9,,,,,,10.0,Kalif Raymond,2026-07-31,CHI
/nfl/rankings/ppr-cheatsheets.php,redraft-overall,ro,Kevin Coleman Jr.,28067,WR,MIA,331.85,48.36,247,422,,kevin-coleman-jr.php,,,2.6,,,,,,6.0,Kevin Coleman,2026-07-31,MIA
/nfl/rankings/ppr-cheatsheets.php,redraft-overall,ro,Nick Folk,9491,K,ATL,268.14,51.73,213,368,,nick-folk.php,,,6.2,,,,,,11.0,Nick Folk,2026-07-31,ATL
/nfl/rankings/ppr-cheatsheets.php,redraft-overall,ro,Kyle Juszczyk,11798,RB,SF,288.75,54.86,203,354,,kyle-juszczyk.php,,,1.2,,,,,,8.0,Kyle Juszczyk,2026-07-31,SFO
/nfl/rankings/ppr-cheatsheets.php,redraft-overall,ro,John Bates,22833,TE,WAS,318.6,44.1,274,431,,john-bates.php,,,0.7,,,,,,7.0,John Bates,2026-07-31,WAS
/nfl/rankings/ppr-cheatsheets.php,redraft-overall,ro,KaVontae Turpin,18520,WR,DAL,319.3,51.74,270,435,,kavontae-turpin.php,,,4.8,,,,,,14.0,KaVontae Turpin,2026-07-31,DAL
/nfl/rankings/ppr-cheatsheets.php,redraft-overall,ro,Cincinnati Bengals,8060,DST,CIN,277.57,53.55,206,357,,cincinnati-defense.php,,,4.8,,,,,,6.0,Cincinnati Bengals,2026-07-31,CIN
/nfl/rankings/ppr-cheatsheets.php,redraft-overall,ro,Luke Musgrave,25282,TE,GB,353.67,20.1,307,383,,luke-musgrave.php,,,7.0,,,,,,11.0,Luke Musgrave,2026-07-31,GBP
/nfl/rankings/ppr-cheatsheets.php,redraft-overall,ro,Tennessee Titans,8300,DST,TEN,255.0,63.59,191,358,,tennessee-defense.php,,,13.9,,,,,,9.0,Tennessee Titans,2026-07-31,TEN
/nfl/rankings/ppr-cheatsheets.php,redraft-overall,ro,Miami Dolphins,8160,DST,MIA,310.67,61.29,188,394,,miami-defense.php,,,9.5,,,,,,6.0,Miami Dolphins,2026-07-31,MIA
/nfl/rankings/ppr-cheatsheets.php,redraft-overall,ro,Savion Williams,27144,WR,GB,347.38,41.48,291,446,,savion-williams.php,,,1.7,,,,,,11.0,Savion Williams,2026-07-31,GBP
/nfl/rankings/ppr-cheatsheets.php,redraft-overall,ro,Blake Grupe,25533,K,IND,272.0,53.21,214,356,,blake-grupe.php,,,2.6,,,,,,13.0,Blake Grupe,2026-07-31,IND
/nfl/rankings/ppr-cheatsheets.php,redraft-overall,ro,Washington Commanders,8310,DST,WAS,301.86,74.11,190,404,,washington-defense.php,,,17.2,,,,,,7.0,Washington Commanders,2026-07-31,WAS
/nfl/rankings/ppr-cheatsheets.php,redraft-overall,ro,Trey Smack,28507,K,GB,283.5,63.45,215,375,,trey-smack.php,,,6.4,,,,,,11.0,Trey Smack,2026-07-31,GBP
/nfl/rankings/ppr-cheatsheets.php,redraft-overall,ro,Dameon Pierce,22947,RB,PHI,340.7,26.67,311,387,,dameon-pierce.php,,,0.8,,,,,,10.0,Dameon Pierce,2026-07-31,PHI
/nfl/rankings/ppr-cheatsheets.php,redraft-overall,ro,Cyrus Allen,28424,WR,KC,335.0,48.92,272,440,,cyrus-allen.php,,,2.6,,,,,,5.0,Cyrus Allen,2026-07-31,KCC
/nfl/rankings/ppr-cheatsheets.php,redraft-overall,ro,Ben Sinnott,26310,TE,WAS,350.36,22.65,322,385,,ben-sinnott.php,,,1.9,,,,,,7.0,Ben Sinnott,2026-07-31,WAS
/nfl/rankings/ppr-cheatsheets.php,redraft-overall,ro,Nick Westbrook-Ikhine,19747,WR,IND,337.33,47.84,272,412,,nick-westbrook.php,,,1.6,,,,,,13.0,Nick Westbrook-Ikhine,2026-07-31,IND
/nfl/rankings/ppr-cheatsheets.php,redraft-overall,ro,Darren Waller,14104,TE,FA,328.13,24.35,281,355,,darren-waller.php,,,2.3,,,,,,,Darren Waller,2026-07-31,FA
/nfl/rankings/ppr-cheatsheets.php,redraft-overall,ro,Dyami Brown,20113,WR,WAS,343.78,47.38,300,457,,dyami-brown.php,,,0.9,,,,,,7.0,Dyami Brown,2026-07-31,WAS
/nfl/rankings/ppr-cheatsheets.php,redraft-overall,ro,Tommy Tremble,22795,TE,CAR,354.91,18.84,336,405,,tommy-tremble.php,,,1.0,,,,,,5.0,Tommy Tremble,2026-07-31,CAR
/nfl/rankings/ppr-cheatsheets.php,redraft-overall,ro,Ryan Fitzgerald,27261,K,CAR,301.17,73.0,210,410,,ryan-fitzgerald.php,,,1.9,,,,,,5.0,Ryan Fitzgerald,2026-07-31,CAR
/nfl/rankings/ppr-cheatsheets.php,redraft-overall,ro,Zavion Thomas,28132,WR,CHI,334.75,55.04,258,443,,zavion-thomas.php,,,5.1,,,,,,10.0,Zavion Thomas,2026-07-31,CHI
/nfl/rankings/ppr-cheatsheets.php,redraft-overall,ro,Antonio Gibson,19624,RB,FA,312.33,61.21,263,436,,antonio-gibson.php,,,1.3,,,,,,,Antonio Gibson,2026-07-31,FA
/nfl/rankings/ppr-cheatsheets.php,redraft-overall,ro,Joe Milton III,25967,QB,DAL,337.88,24.85,310,388,,joe-milton.php,,,4.1,,,,,,14.0,Joe Milton,2026-07-31,DAL
/nfl/rankings/ppr-cheatsheets.php,redraft-overall,ro,Jordan Whittington,23135,WR,LAR,359.1,43.19,297,444,,jordan-whittington.php,,,0.8,,,,,,11.0,Jordan Whittington,2026-07-31,LAR
/nfl/rankings/ppr-cheatsheets.php,redraft-overall,ro,Marcus Mariota,13890,QB,WAS,350.0,23.74,324,396,,marcus-mariota.php,,,5.1,,,,,,7.0,Marcus Mariota,2026-07-31,WAS
/nfl/rankings/ppr-cheatsheets.php,redraft-overall,ro,Brandon McManus,13274,K,FA,295.6,75.25,203,396,,brandon-mcmanus.php,,,0.7,,,,,,,Brandon McManus,2026-07-31,FA
/nfl/rankings/ppr-cheatsheets.php,redraft-overall,ro,Spencer Shrader,26763,K,IND,267.25,42.86,215,329,,spencer-shrader.php,,,1.2,,,,,,13.0,Spencer Shrader,2026-07-31,IND
/nfl/rankings/ppr-cheatsheets.php,redraft-overall,ro,Sione Vaki,26309,RB,DET,300.6,38.86,226,332,,sione-vaki.php,,,0.6,,,,,,6.0,Sione Vaki,2026-07-31,DET
/nfl/rankings/ppr-cheatsheets.php,redraft-overall,ro,Ben Sauls,27798,K,NYG,326.33,70.13,245,455,,ben-sauls.php,,,1.4,,,,,,8.0,Ben Sauls,2026-07-31,NYG
/nfl/rankings/ppr-cheatsheets.php,redraft-overall,ro,Jake Moody,24009,K,WAS,271.25,40.34,244,341,,jake-moody.php,,,2.4,,,,,,7.0,Jake Moody,2026-07-31,WAS
/nfl/rankings/ppr-cheatsheets.php,redraft-overall,ro,Devontez Walker,26011,WR,BAL,327.33,64.65,264,453,,devontez-walker.php,,,0.9,,,,,,13.0,Devontez Walker,2026-07-31,BAL
/nfl/rankings/ppr-cheatsheets.php,redraft-overall,ro,Tommy Myers,25167,TE,FA,323.83,49.78,274,427,,tommy-myers.php,,,0.0,,,,,,,Tommy Myers,2026-07-31,FA
/nfl/rankings/ppr-cheatsheets.php,redraft-overall,ro,Deion Burks,27093,WR,IND,360.22,40.74,305,456,,deion-burks.php,,,2.1,,,,,,13.0,Deion Burks,2026-07-31,IND
/nfl/rankings/ppr-cheatsheets.php,redraft-overall,ro,Rasheen Ali,25983,RB,BAL,307.0,56.86,213,370,,rasheen-ali.php,,,1.4,,,,,,13.0,Rasheen Ali,2026-07-31,BAL
/nfl/rankings/ppr-cheatsheets.php,redraft-overall,ro,Zach Ertz,11689,TE,FA,339.43,47.88,253,403,,zach-ertz.php,,,1.7,,,,,,,Zach Ertz,2026-07-31,FA
/nfl/rankings/ppr-cheatsheets.php,redraft-overall,ro,Chad Ryland,25354,K,ARI,327.83,58.08,211,395,,chad-ryland.php,,,2.6,,,,,,14.0,Chad Ryland,2026-07-31,ARI
/nfl/rankings/ppr-cheatsheets.php,redraft-overall,ro,Terrell Jennings,26964,RB,NE,328.5,35.9,304,408,,terrell-jennings.php,,,0.6,,,,,,11.0,Terrell Jennings,2026-07-31,NEP
/nfl/rankings/ppr-cheatsheets.php,redraft-overall,ro,Joe Flacco,9300,QB,CIN,351.63,17.56,326,378,,joe-flacco.php,,,4.9,,,,,,6.0,Joe Flacco,2026-07-31,CIN
/nfl/rankings/ppr-cheatsheets.php,redraft-overall,ro,Jameis Winston,13891,QB,NYG,352.0,22.63,324,398,,jameis-winston.php,,,6.7,,,,,,8.0,Jameis Winston,2026-07-31,NYG
/nfl/rankings/ppr-cheatsheets.php,redraft-overall,ro,Joey Slye,19028,K,TEN,311.8,77.68,205,405,,joey-slye.php,,,2.4,,,,,,9.0,Joey Slye,2026-07-31,TEN
/nfl/rankings/ppr-cheatsheets.php,redraft-overall,ro,Ashton Dulin,18656,WR,IND,312.6,22.08,270,331,,ashton-dulin.php,,,0.6,,,,,,13.0,Ashton Dulin,2026-07-31,IND
/nfl/rankings/ppr-cheatsheets.php,redraft-overall,ro,Miles Sanders,18283,RB,FA,325.6,89.43,189,447,,miles-sanders.php,,,0.6,,,,,,,Miles Sanders,2026-07-31,FA
/nfl/rankings/ppr-cheatsheets.php,redraft-overall,ro,Greg Dortch,18585,WR,DET,350.71,41.36,293,414,,greg-dortch.php,,,1.3,,,,,,6.0,Greg Dortch,2026-07-31,DET
/nfl/rankings/ppr-cheatsheets.php,redraft-overall,ro,Tyler Lockett,13971,WR,LV,300.5,78.24,197,414,,tyler-lockett.php,,,0.6,,,,,,13.0,Tyler Lockett,2026-07-31,LVR
/nfl/rankings/ppr-cheatsheets.php,redraft-overall,ro,Jam Miller,27326,RB,NE,351.71,21.38,311,379,,jam-miller.php,,,1.3,,,,,,11.0,Jam Miller,2026-07-31,NEP
/nfl/rankings/ppr-cheatsheets.php,redraft-overall,ro,Daniel Carlson,17420,K,LV,302.75,78.9,209,406,,daniel-carlson.php,,,0.7,,,,,,13.0,Daniel Carlson,2026-07-31,LVR
/nfl/rankings/ppr-cheatsheets.php,redraft-overall,ro,Elijah Higgins,23119,TE,ARI,363.13,26.52,339,429,,elijah-higgins.php,,,1.5,,,,,,14.0,Elijah Higgins,2026-07-31,ARI
/nfl/rankings/ppr-cheatsheets.php,redraft-overall,ro,Roschon Johnson,25322,RB,CHI,343.0,35.47,297,392,,roschon-johnson.php,,,0.6,,,,,,10.0,Roschon Johnson,2026-07-31,CHI
/nfl/rankings/ppr-cheatsheets.php,redraft-overall,ro,Mitchell Evans,27138,TE,CAR,363.5,16.77,343,389,,mitchell-evans.php,,,0.7,,,,,6.0,5.0,Mitchell Evans,2026-07-31,CAR
/nfl/rankings/ppr-cheatsheets.php,redraft-overall,ro,Hunter Luepke,25941,RB,DAL,307.25,38.61,259,366,,hunter-luepke.php,,,0.7,,,,,,14.0,Hunter Luepke,2026-07-31,DAL
/nfl/rankings/ppr-cheatsheets.php,redraft-overall,ro,Jaret Patterson,20155,RB,LAC,330.8,50.71,262,387,,jaret-patterson.php,,,1.1,,,,,,7.0,Jaret Patterson,2026-07-31,LAC
/nfl/rankings/ppr-cheatsheets.php,redraft-overall,ro,Charlie Kolar,22756,TE,LAC,333.2,34.0,267,363,,charlie-kolar.php,,,2.0,,,,,,7.0,Charlie Kolar,2026-07-31,LAC
/nfl/rankings/ppr-cheatsheets.php,redraft-overall,ro,Jaydn Ott,25394,RB,KC,333.6,37.74,264,376,,jaydn-ott.php,,,1.0,,,,,,5.0,Jaydn Ott,2026-07-31,KCC
/nfl/rankings/ppr-cheatsheets.php,redraft-overall,ro,Jonnu Smith,16460,TE,FA,350.0,46.46,290,430,,jonnu-smith.php,,,2.9,,,,,7.0,,Jonnu Smith,2026-07-31,FA
/nfl/rankings/ppr-cheatsheets.php,redraft-overall,ro,Elijah Mitchell,22813,RB,PHI,325.0,86.66,236,461,,elijah-mitchell-rb.php,,,0.7,,,,,,10.0,Elijah Mitchell,2026-07-31,PHI
/nfl/rankings/ppr-cheatsheets.php,redraft-overall,ro,Ty Chandler,19471,RB,NO,316.75,30.06,271,354,,ty-chandler.php,,,0.7,,,,,19.0,8.0,Ty Chandler,2026-07-31,NOS
/nfl/rankings/ppr-cheatsheets.php,redraft-overall,ro,Malik Benson,26012,WR,LV,341.0,68.62,227,437,,malik-benson.php,,,1.5,,,,,,13.0,Malik Benson,2026-07-31,LVR
/nfl/rankings/ppr-cheatsheets.php,redraft-overall,ro,Zavier Scott,25748,RB,MIN,317.5,34.69,260,353,,zavier-scott.php,,,0.6,,,,,,6.0,Zavier Scott,2026-07-31,MIN
/nfl/rankings/ppr-cheatsheets.php,redraft-overall,ro,Daniel Bellinger,24238,TE,TEN,370.38,19.74,340,398,,daniel-bellinger.php,,,3.2,,,,,,9.0,Daniel Bellinger,2026-07-31,TEN
/nfl/rankings/ppr-cheatsheets.php,redraft-overall,ro,Dylan Laube,26194,RB,LV,322.25,50.57,252,394,,dylan-laube.php,,,0.6,,,,,,13.0,Dylan Laube,2026-07-31,LVR
/nfl/rankings/ppr-cheatsheets.php,redraft-overall,ro,Colbie Young,26037,WR,CIN,324.75,20.34,302,346,,colbie-young.php,,,1.5,,,,,,6.0,Colbie Young,2026-07-31,CIN
/nfl/rankings/ppr-cheatsheets.php,redraft-overall,ro,Jeremy McNichols,16445,RB,WAS,325.5,42.68,256,370,,jeremy-mcnichols.php,,,0.6,,,,,,7.0,Jeremy McNichols,2026-07-31,WAS
/nfl/rankings/ppr-cheatsheets.php,redraft-overall,ro,Austin Hooper,15581,TE,ATL,345.0,23.65,309,382,,austin-hooper.php,,,1.4,,,,,,11.0,Austin Hooper,2026-07-31,ATL
/nfl/rankings/ppr-cheatsheets.php,redraft-overall,ro,Odell Beckham Jr.,12127,WR,NYG,297.33,89.67,171,370,,odell-beckham.php,,,5.0,,,,,,8.0,Odell Beckham,2026-07-31,NYG
/nfl/rankings/ppr-cheatsheets.php,redraft-overall,ro,Gardner Minshew II,18562,QB,ARI,347.8,20.27,317,370,,gardner-minshew.php,,,2.6,,,,,,14.0,Gardner Minshew,2026-07-31,ARI
/nfl/rankings/ppr-cheatsheets.php,redraft-overall,ro,Tyler Goodson,22976,RB,ATL,302.0,28.25,263,329,,tyler-goodson.php,,,0.7,,,,,,11.0,Tyler Goodson,2026-07-31,ATL
/nfl/rankings/ppr-cheatsheets.php,redraft-overall,ro,Mitch Tinsley,24370,WR,CIN,304.33,29.58,273,344,,mitchell-tinsley.php,,,0.6,,,,,,6.0,Mitch Tinsley,2026-07-31,CIN
/nfl/rankings/ppr-cheatsheets.php,redraft-overall,ro,Sterling Shepard,15569,WR,FA,247.0,77.0,170,324,,sterling-shepard.php,,,1.0,,,,,31.0,,Sterling Shepard,2026-07-31,FA
/nfl/rankings/ppr-cheatsheets.php,redraft-overall,ro,Jahdae Walker,27810,WR,CHI,337.0,21.46,323,374,,jahdae-walker.php,,,0.9,,,,,,10.0,Jahdae Walker,2026-07-31,CHI
/nfl/rankings/ppr-cheatsheets.php,redraft-overall,ro,CJ Daniels,28125,WR,LAR,360.2,43.47,299,420,,cj-daniels.php,,,1.9,,,,,,11.0,CJ Daniels,2026-07-31,LAR
/nfl/rankings/ppr-cheatsheets.php,redraft-overall,ro,Josh Oliver,18487,TE,MIN,360.2,13.11,346,382,,josh-oliver.php,,,0.7,,,,,,6.0,Josh Oliver,2026-07-31,MIN
/nfl/rankings/ppr-cheatsheets.php,redraft-overall,ro,Marlin Klein,28157,TE,HOU,360.4,18.38,344,395,,marlin-klein.php,,,1.2,,,,,,8.0,Marlin Klein,2026-07-31,HOU
/nfl/rankings/ppr-cheatsheets.php,redraft-overall,ro,DeAndre Hopkins,11606,WR,BAL,331.67,94.91,220,452,,deandre-hopkins.php,,,0.6,,,,,,13.0,DeAndre Hopkins,2026-07-31,BAL
/nfl/rankings/ppr-cheatsheets.php,redraft-overall,ro,Cash Jones,28124,RB,ATL,323.67,36.72,272,354,,cash-jones.php,,,0.0,,,,,,11.0,Cash Jones,2026-07-31,ATL
/nfl/rankings/ppr-cheatsheets.php,redraft-overall,ro,Myles Montgomery,28450,RB,NE,363.2,41.38,288,407,,myles-montgomery.php,,,0.0,,,,,,11.0,Myles Montgomery,2026-07-31,NEP
/nfl/rankings/ppr-cheatsheets.php,redraft-overall,ro,Jake Bobo,25339,WR,SEA,279.5,35.5,244,315,,jake-bobo.php,,,0.6,,,,,,11.0,Jake Bobo,2026-07-31,SEA
/nfl/rankings/ppr-cheatsheets.php,redraft-overall,ro,Alexander Mattison,18621,RB,FA,282.0,44.0,238,326,,alexander-mattison.php,,,1.0,,,,,21.0,,Alexander Mattison,2026-07-31,FA
/nfl/rankings/ppr-cheatsheets.php,redraft-overall,ro,Elijah Moore,20114,WR,PHI,351.0,41.3,300,396,,elijah-moore.php,,,0.6,,,,,,10.0,Elijah Moore,2026-07-31,PHI
/nfl/rankings/ppr-cheatsheets.php,redraft-overall,ro,New York Jets,8210,DST,NYJ,356.0,55.72,276,433,,new-york-jets-defense.php,,,8.4,,,,,,13.0,New York Jets,2026-07-31,NYJ
/nfl/rankings/ppr-cheatsheets.php,redraft-overall,ro,Las Vegas Raiders,8220,DST,LV,332.0,37.0,280,363,,las-vegas-defense.php,,,10.0,,,,,,13.0,Las Vegas Raiders,2026-07-31,LVR
/nfl/rankings/ppr-cheatsheets.php,redraft-overall,ro,Drew Sample,18561,TE,CIN,332.33,27.4,295,360,,drew-sample.php,,,0.6,,,,,,6.0,Drew Sample,2026-07-31,CIN
/nfl/rankings/ppr-cheatsheets.php,redraft-overall,ro,Taysom Hill,17115,TE,FA,339.67,89.17,224,441,,taysom-hill.php,,,0.7,,,,,8.0,,Taysom Hill,2026-07-31,FA
/nfl/rankings/ppr-cheatsheets.php,redraft-overall,ro,Derius Davis,25334,WR,LAC,291.5,36.5,255,328,,derius-davis.php,,,0.6,,,,,,7.0,Derius Davis,2026-07-31,LAC
/nfl/rankings/ppr-cheatsheets.php,redraft-overall,ro,Sam Roush,28161,TE,CHI,356.5,6.22,347,363,,sam-roush.php,,,1.5,,,,,-12.0,10.0,Sam Roush,2026-07-31,CHI
/nfl/rankings/ppr-cheatsheets.php,redraft-overall,ro,Michael Trigg,23167,TE,DAL,360.25,47.87,300,434,,michael-trigg.php,,,9.0,,,,,,14.0,Michael Trigg,2026-07-31,DAL
/nfl/rankings/ppr-cheatsheets.php,redraft-overall,ro,Demarcus Robinson,15665,WR,SF,359.75,36.83,323,416,,demarcus-robinson.php,,,0.8,,,,,,8.0,Demarcus Robinson,2026-07-31,SFO
/nfl/rankings/ppr-cheatsheets.php,redraft-overall,ro,Roman Hemby,25387,RB,LV,342.0,40.36,285,373,,roman-hemby.php,,,0.0,,,,,,13.0,Roman Hemby,2026-07-31,LVR
/nfl/rankings/ppr-cheatsheets.php,redraft-overall,ro,Riley Leonard,25373,QB,IND,343.67,29.58,310,382,,riley-leonard.php,,,4.4,,,,,,13.0,Riley Leonard,2026-07-31,IND
/nfl/rankings/ppr-cheatsheets.php,redraft-overall,ro,Khalil Herbert,22763,RB,FA,306.0,5.0,301,311,,khalil-herbert.php,,,1.1,,,,,,,Khalil Herbert,2026-07-31,FA
/nfl/rankings/ppr-cheatsheets.php,redraft-overall,ro,Xavier Smith,25627,WR,LAR,307.5,11.5,296,319,,xavier-smith.php,,,0.6,,,,,,11.0,Xavier Smith,2026-07-31,LAR
/nfl/rankings/ppr-cheatsheets.php,redraft-overall,ro,Xavier Restrepo,27066,WR,TEN,308.5,22.5,286,331,,xavier-restrepo.php,,,1.1,,,,,,9.0,Xavier Restrepo,2026-07-31,TEN
/nfl/rankings/ppr-cheatsheets.php,redraft-overall,ro,Mo Alie-Cox,16579,TE,IND,364.75,9.28,351,377,,mo-alie-cox.php,,,0.6,,,,,,13.0,Mo Alie-Cox,2026-07-31,IND
/nfl/rankings/ppr-cheatsheets.php,redraft-overall,ro,Donovan Edwards,23014,RB,MIA,315.0,31.0,284,346,,donovan-edwards.php,,,1.0,,,,,,6.0,Donovan Edwards,2026-07-31,MIA
/nfl/rankings/ppr-cheatsheets.php,redraft-overall,ro,Robert Henry Jr.,28404,RB,WAS,351.0,53.86,276,400,,robert-henry-jr.php,,,0.0,,,,,,7.0,Robert Henry,2026-07-31,WAS
/nfl/rankings/ppr-cheatsheets.php,redraft-overall,ro,Damien Martinez,25976,RB,GB,368.5,34.69,318,413,,damien-martinez.php,,,0.7,,,,,-15.0,11.0,Damien Martinez,2026-07-31,GBP
/nfl/rankings/ppr-cheatsheets.php,redraft-overall,ro,Adam Trautman,19423,TE,DEN,379.0,23.97,352,417,,adam-trautman.php,,,0.6,,,,,,10.0,Adam Trautman,2026-07-31,DEN
/nfl/rankings/ppr-cheatsheets.php,redraft-overall,ro,Will Dissly,18049,TE,FA,354.67,62.17,276,428,,will-dissly.php,,,1.0,,,,,22.0,,Will Dissly,2026-07-31,FA
/nfl/rankings/ppr-cheatsheets.php,redraft-overall,ro,Scotty Miller,18714,WR,CHI,318.5,65.5,253,384,,scott-miller.php,,,0.1,,,,,,10.0,Scott Miller,2026-07-31,CHI
/nfl/rankings/ppr-cheatsheets.php,redraft-overall,ro,Frank Gore Jr.,25980,RB,BUF,319.0,51.0,268,370,,frank-gore-jr.php,,,0.6,,,,,,7.0,Frank Gore,2026-07-31,BUF
/nfl/rankings/ppr-cheatsheets.php,redraft-overall,ro,Raheem Mostert,14338,RB,LV,320.5,5.5,315,326,,raheem-mostert.php,,,0.6,,,,,,13.0,Raheem Mostert,2026-07-31,LVR
/nfl/rankings/ppr-cheatsheets.php,redraft-overall,ro,Devonte Boyd,17484,WR,FA,321.5,18.5,303,340,,devonte-boyd.php,,,0.0,,,,,,,Devonte Boyd,2026-07-31,FA
/nfl/rankings/ppr-cheatsheets.php,redraft-overall,ro,Jacob Saylors,25693,RB,DET,322.5,43.5,279,366,,jacob-saylors.php,,,0.1,,,,,,6.0,Jacob Saylors,2026-07-31,DET
/nfl/rankings/ppr-cheatsheets.php,redraft-overall,ro,Ronnie Rivers,23986,RB,LAR,322.5,42.5,280,365,,ronnie-rivers.php,,,0.6,,,,,,11.0,Ronnie Rivers,2026-07-31,LAR
/nfl/rankings/ppr-cheatsheets.php,redraft-overall,ro,Jake Browning,18557,QB,TB,324.5,16.5,308,341,,jake-browning.php,,,0.7,,,,,,10.0,Jake Browning,2026-07-31,TBB
/nfl/rankings/ppr-cheatsheets.php,redraft-overall,ro,Reggie Gilliam,19844,RB,NE,329.0,25.0,304,354,,reggie-gilliam.php,,,0.1,,,,,,11.0,Reggie Gilliam,2026-07-31,NEP
/nfl/rankings/ppr-cheatsheets.php,redraft-overall,ro,Cade Klubnik,24361,QB,NYJ,360.33,26.89,337,398,,cade-klubnik.php,,,6.7,,,,,,13.0,Cade Klubnik,2026-07-31,NYJ
/nfl/rankings/ppr-cheatsheets.php,redraft-overall,ro,Elijah Tau-Tolliver,28757,RB,BAL,333.0,50.0,283,383,,elijah-tau-tolliver.php,,,0.0,,,,,,13.0,Elijah Tau-Tolliver,2026-07-31,BAL
/nfl/rankings/ppr-cheatsheets.php,redraft-overall,ro,Cade Stover,25269,TE,HOU,363.33,22.88,336,392,,cade-stover.php,,,0.8,,,,,,8.0,Cade Stover,2026-07-31,HOU
/nfl/rankings/ppr-cheatsheets.php,redraft-overall,ro,Luke Schoonmaker,25267,TE,DAL,364.33,15.52,345,383,,luke-schoonmaker.php,,,0.9,,,,,,14.0,Luke Schoonmaker,2026-07-31,DAL
/nfl/rankings/ppr-cheatsheets.php,redraft-overall,ro,Van Jefferson,19483,WR,WAS,344.5,16.5,328,361,,van-jefferson.php,,,0.9,,,,,,7.0,Van Jefferson,2026-07-31,WAS
/nfl/rankings/ppr-cheatsheets.php,redraft-overall,ro,Tanner Hudson,17826,TE,CIN,346.0,7.0,339,353,,tanner-hudson.php,,,1.2,,,,,25.0,6.0,Tanner Hudson,2026-07-31,CIN
/nfl/rankings/ppr-cheatsheets.php,redraft-overall,ro,Cam Akers,19268,RB,FA,357.0,82.0,275,439,,cam-akers.php,,,0.6,,,,,23.0,,Cam Akers,2026-07-31,FA
/nfl/rankings/ppr-cheatsheets.php,redraft-overall,ro,Theo Wease Jr.,27222,WR,MIA,351.5,69.5,282,421,,theo-wease-jr.php,,,1.9,,,,,,6.0,Theo Wease,2026-07-31,MIA
/nfl/rankings/ppr-cheatsheets.php,redraft-overall,ro,Durham Smythe,17508,TE,BAL,354.0,5.0,349,359,,durham-smythe.php,,,0.6,,,,,,13.0,Durham Smythe,2026-07-31,BAL
/nfl/rankings/ppr-cheatsheets.php,redraft-overall,ro,Thomas Fidone II,23039,TE,NYG,383.33,41.52,352,442,,thomas-fidone.php,,,1.0,,,,,,8.0,Thomas Fidone,2026-07-31,NYG
/nfl/rankings/ppr-cheatsheets.php,redraft-overall,ro,Roman Wilson,28896,WR,PIT,355.5,14.5,341,370,,roman-wilson-wr.php,,,0.7,,,,,,9.0,Roman Wilson,2026-07-31,PIT
/nfl/rankings/ppr-cheatsheets.php,redraft-overall,ro,Nate Boerkircher,28427,TE,JAC,359.5,3.5,356,363,,nate-boerkircher.php,,,0.9,,,,,,7.0,Nate Boerkircher,2026-07-31,JAC
/nfl/rankings/ppr-cheatsheets.php,redraft-overall,ro,Jared Wiley,26343,TE,KC,361.0,3.0,358,364,,jared-wiley.php,,,1.0,,,,,,5.0,Jared Wiley,2026-07-31,KCC
/nfl/rankings/ppr-cheatsheets.php,redraft-overall,ro,Brock Wright,23341,TE,DET,362.5,6.5,356,369,,brock-wright.php,,,0.6,,,,,,6.0,Brock Wright,2026-07-31,DET
/nfl/rankings/ppr-cheatsheets.php,redraft-overall,ro,Jason Sanders,17533,K,NYJ,383.0,17.45,366,407,,jason-sanders.php,,,3.0,,,,,,13.0,Jason Sanders,2026-07-31,NYJ
/nfl/rankings/ppr-cheatsheets.php,redraft-overall,ro,Quinn Ewers,23680,QB,MIA,365.0,16.0,349,381,,quinn-ewers.php,,,3.5,,,,,,6.0,Quinn Ewers,2026-07-31,MIA
/nfl/rankings/ppr-cheatsheets.php,redraft-overall,ro,Jermaine Burton,22956,WR,FA,388.5,70.5,318,459,,jermaine-burton.php,,,1.1,,,,,,,Jermaine Burton,2026-07-31,FA
/nfl/rankings/ppr-cheatsheets.php,redraft-overall,ro,Tyler Conklin,17598,TE,DET,371.0,6.0,365,377,,tyler-conklin.php,,,0.7,,,,,-10.0,6.0,Tyler Conklin,2026-07-31,DET
/nfl/rankings/ppr-cheatsheets.php,redraft-overall,ro,Jimmy Horn Jr.,27294,WR,CAR,376.5,5.5,371,382,,jimmy-horn-jr.php,,,0.6,,,,,,5.0,Jimmy Horn,2026-07-31,CAR
/nfl/rankings/ppr-cheatsheets.php,redraft-overall,ro,Moliki Matavao,23093,TE,NO,377.5,20.5,357,398,,moliki-matavao.php,,,1.0,,,,,20.0,8.0,Moliki Matavao,2026-07-31,NOS
/nfl/rankings/ppr-cheatsheets.php,redraft-overall,ro,Trey Lance,20082,QB,LAC,381.5,4.5,377,386,,trey-lance.php,,,1.5,,,,,,7.0,Trey Lance,2026-07-31,LAC
/nfl/rankings/ppr-cheatsheets.php,redraft-overall,ro,Kenny Pickett,22722,QB,CAR,383.5,35.5,348,419,,kenny-pickett.php,,,1.0,,,,,,5.0,Kenny Pickett,2026-07-31,CAR
/nfl/rankings/ppr-cheatsheets.php,redraft-overall,ro,Tai Felton,27182,WR,MIN,417.0,41.0,376,458,,tai-felton.php,,,0.7,,,,,-21.0,6.0,Tai Felton,2026-07-31,MIN
/nfl/rankings/ppr-cheatsheets.php,redraft-overall,ro,Jacob Cowing,25289,WR,SF,415.5,35.5,380,451,,jacob-cowing.php,,,0.6,,,,,,8.0,Jacob Cowing,2026-07-31,SFO
/nfl/rankings/ppr-cheatsheets.php,redraft-overall,ro,Marquez Valdes-Scantling,17528,WR,DAL,411.5,20.5,391,432,,marquez-valdesscantling.php,,,0.7,,,,,,14.0,Marquez Valdes-Scantling,2026-07-31,DAL
/nfl/rankings/qb-cheatsheets.php,redraft-qb,rp,Josh Allen,17298,QB,BUF,1.04,0.2,1,2,,josh-allen-qb.php,,,99.4,,,,,,7.0,Josh Allen,2026-07-31,BUF
/nfl/rankings/qb-cheatsheets.php,redraft-qb,rp,Lamar Jackson,17233,QB,BAL,2.62,1.12,1,7,,lamar-jackson.php,,,99.1,,,,,,13.0,Lamar Jackson,2026-07-31,BAL
/nfl/rankings/qb-cheatsheets.php,redraft-qb,rp,Drake Maye,23046,QB,NE,3.54,1.17,2,7,,drake-maye.php,,,98.6,,,,,,11.0,Drake Maye,2026-07-31,NEP
/nfl/rankings/qb-cheatsheets.php,redraft-qb,rp,Joe Burrow,19196,QB,CIN,4.32,1.67,2,12,,joe-burrow.php,,,98.1,,,,,,6.0,Joe Burrow,2026-07-31,CIN
/nfl/rankings/qb-cheatsheets.php,redraft-qb,rp,Jayden Daniels,22902,QB,WAS,5.32,1.98,3,11,,jayden-daniels.php,,,97.5,,,,,,7.0,Jayden Daniels,2026-07-31,WAS
/nfl/rankings/qb-cheatsheets.php,redraft-qb,rp,Jalen Hurts,19275,QB,PHI,6.04,1.48,3,10,,jalen-hurts.php,,,97.8,,,,,,10.0,Jalen Hurts,2026-07-31,PHI
/nfl/rankings/qb-cheatsheets.php,redraft-qb,rp,Caleb Williams,23084,QB,CHI,7.72,2.21,2,13,,caleb-williams.php,,,93.7,,,,,,10.0,Caleb Williams,2026-07-31,CHI
/nfl/rankings/qb-cheatsheets.php,redraft-qb,rp,Justin Herbert,18635,QB,LAC,8.07,2.09,4,16,,justin-herbert.php,,,93.4,,,,,,7.0,Justin Herbert,2026-07-31,LAC
/nfl/rankings/qb-cheatsheets.php,redraft-qb,rp,Trevor Lawrence,19780,QB,JAC,9.32,1.73,6,13,,trevor-lawrence.php,,,90.8,,,,,,7.0,Trevor Lawrence,2026-07-31,JAC
/nfl/rankings/qb-cheatsheets.php,redraft-qb,rp,Dak Prescott,15600,QB,DAL,9.57,1.99,6,15,,dak-prescott.php,,,93.4,,,,,,14.0,Dak Prescott,2026-07-31,DAL
/nfl/rankings/qb-cheatsheets.php,redraft-qb,rp,Brock Purdy,19797,QB,SF,11.8,1.57,8,16,,brock-purdy.php,,,90.9,,,,,,8.0,Brock Purdy,2026-07-31,SFO
/nfl/rankings/qb-cheatsheets.php,redraft-qb,rp,Jaxson Dart,23160,QB,NYG,11.99,2.4,7,18,,jaxson-dart.php,,,94.8,,,,,,8.0,Jaxson Dart,2026-07-31,NYG
/nfl/rankings/qb-cheatsheets.php,redraft-qb,rp,Patrick Mahomes II,16413,QB,KC,13.64,1.99,9,18,,patrick-mahomes.php,,,91.9,,,,,,5.0,Patrick Mahomes,2026-07-31,KCC
/nfl/rankings/qb-cheatsheets.php,redraft-qb,rp,Bo Nix,22910,QB,DEN,13.78,2.13,8,19,,bo-nix.php,,,88.9,,,,,,10.0,Bo Nix,2026-07-31,DEN
/nfl/rankings/qb-cheatsheets.php,redraft-qb,rp,Matthew Stafford,9451,QB,LAR,14.59,2.85,7,20,,matthew-stafford.php,,,92.5,,,,,,11.0,Matthew Stafford,2026-07-31,LAR
/nfl/rankings/qb-cheatsheets.php,redraft-qb,rp,Jared Goff,15501,QB,DET,15.96,2.73,6,20,,jared-goff.php,,,77.7,,,,,,6.0,Jared Goff,2026-07-31,DET
/nfl/rankings/qb-cheatsheets.php,redraft-qb,rp,Kyler Murray,18600,QB,MIN,16.83,3.0,9,23,,kyler-murray.php,,,73.3,,,,,,6.0,Kyler Murray,2026-07-31,MIN
/nfl/rankings/qb-cheatsheets.php,redraft-qb,rp,Baker Mayfield,17237,QB,TB,18.52,1.99,14,23,,baker-mayfield.php,,,61.2,,,,,,10.0,Baker Mayfield,2026-07-31,TBB
/nfl/rankings/qb-cheatsheets.php,redraft-qb,rp,Jordan Love,19246,QB,GB,18.72,1.73,14,22,,jordan-love.php,,,58.4,,,,,,11.0,Jordan Love,2026-07-31,GBP
/nfl/rankings/qb-cheatsheets.php,redraft-qb,rp,Tyler Shough,23096,QB,NO,18.77,2.24,14,24,,tyler-shough.php,,,56.2,,,,,,8.0,Tyler Shough,2026-07-31,NOS
/nfl/rankings/qb-cheatsheets.php,redraft-qb,rp,Malik Willis,23499,QB,MIA,20.83,2.9,17,29,,malik-willis.php,,,46.6,,,,,,6.0,Malik Willis,2026-07-31,MIA
/nfl/rankings/qb-cheatsheets.php,redraft-qb,rp,C.J. Stroud,23071,QB,HOU,22.75,1.89,17,27,,cj-stroud.php,,,40.5,,,,,,8.0,CJ Stroud,2026-07-31,HOU
/nfl/rankings/qb-cheatsheets.php,redraft-qb,rp,Sam Darnold,17236,QB,SEA,22.84,1.5,20,26,,sam-darnold.php,,,43.1,,,,,,11.0,Sam Darnold,2026-07-31,SEA
/nfl/rankings/qb-cheatsheets.php,redraft-qb,rp,Cam Ward,24755,QB,TEN,24.2,1.6,20,29,,cam-ward.php,,,33.0,,,,,,9.0,Cam Ward,2026-07-31,TEN
/nfl/rankings/qb-cheatsheets.php,redraft-qb,rp,Daniel Jones,18232,QB,IND,24.68,2.12,21,29,,daniel-jones.php,,,40.7,,,,,,13.0,Daniel Jones,2026-07-31,IND
/nfl/rankings/qb-cheatsheets.php,redraft-qb,rp,Bryce Young,22900,QB,CAR,25.58,1.39,21,29,,bryce-young.php,,,32.6,,,,,,5.0,Bryce Young,2026-07-31,CAR
/nfl/rankings/qb-cheatsheets.php,redraft-qb,rp,Jacoby Brissett,15642,QB,ARI,26.96,1.98,21,31,,jacoby-brissett.php,,,25.9,,,,,,14.0,Jacoby Brissett,2026-07-31,ARI
/nfl/rankings/qb-cheatsheets.php,redraft-qb,rp,Geno Smith,11687,QB,NYJ,28.88,1.74,25,35,,geno-smith.php,,,19.5,,,,,,13.0,Geno Smith,2026-07-31,NYJ
/nfl/rankings/qb-cheatsheets.php,redraft-qb,rp,Aaron Rodgers,9001,QB,PIT,28.65,2.41,23,38,,aaron-rodgers.php,,,22.4,,,,,,9.0,Aaron Rodgers,2026-07-31,PIT
/nfl/rankings/qb-cheatsheets.php,redraft-qb,rp,Tua Tagovailoa,19198,QB,ATL,30.81,1.99,23,35,,tua-tagovailoa.php,,,22.4,,,,,,11.0,Tua Tagovailoa,2026-07-31,ATL
/nfl/rankings/qb-cheatsheets.php,redraft-qb,rp,Fernando Mendoza,28013,QB,LV,30.57,2.2,26,37,,fernando-mendoza.php,,,34.3,,,,,,13.0,Fernando Mendoza,2026-07-31,LVR
/nfl/rankings/qb-cheatsheets.php,redraft-qb,rp,Michael Penix Jr.,22973,QB,ATL,32.33,1.93,27,36,,michael-penix-jr.php,,,16.1,,,,,,11.0,Michael Penix,2026-07-31,ATL
/nfl/rankings/qb-cheatsheets.php,redraft-qb,rp,Shedeur Sanders,25968,QB,CLE,34.0,4.28,28,63,,shedeur-sanders.php,,,17.7,,,,,,11.0,Shedeur Sanders,2026-07-31,CLE
/nfl/rankings/qb-cheatsheets.php,redraft-qb,rp,Kirk Cousins,11177,QB,LV,33.08,2.34,27,39,,kirk-cousins.php,,,14.3,,,,,,13.0,Kirk Cousins,2026-07-31,LVR
/nfl/rankings/qb-cheatsheets.php,redraft-qb,rp,Deshaun Watson,16398,QB,CLE,32.9,2.17,28,40,,deshaun-watson.php,,,16.9,,,,,,11.0,Deshaun Watson,2026-07-31,CLE
/nfl/rankings/qb-cheatsheets.php,redraft-qb,rp,J.J. McCarthy,23018,QB,MIN,36.19,3.68,25,52,,jj-mccarthy.php,,,13.2,,,,,,6.0,JJ McCarthy,2026-07-31,MIN
/nfl/rankings/qb-cheatsheets.php,redraft-qb,rp,Mac Jones,20156,QB,SF,38.71,5.28,31,57,,mac-jones.php,,,10.8,,,,,,8.0,Mac Jones,2026-07-31,SFO
/nfl/rankings/qb-cheatsheets.php,redraft-qb,rp,Carson Beck,22953,QB,ARI,41.04,9.72,35,84,,carson-beck.php,,,12.3,,,,,,14.0,Carson Beck,2026-07-31,ARI
/nfl/rankings/qb-cheatsheets.php,redraft-qb,rp,Justin Fields,19781,QB,KC,40.84,4.66,36,58,,justin-fields.php,,,10.2,,,,,,5.0,Justin Fields,2026-07-31,KCC
/nfl/rankings/qb-cheatsheets.php,redraft-qb,rp,Anthony Richardson Sr.,24347,QB,IND,38.41,5.28,33,60,,anthony-richardson.php,,,11.1,,,,,,13.0,Anthony Richardson,2026-07-31,IND
/nfl/rankings/qb-cheatsheets.php,redraft-qb,rp,Ty Simpson,25368,QB,LAR,40.35,5.23,34,61,,ty-simpson.php,,,15.3,,,,,,11.0,Ty Simpson,2026-07-31,LAR
/nfl/rankings/qb-cheatsheets.php,redraft-qb,rp,Joe Flacco,9300,QB,CIN,44.69,5.72,39,62,,joe-flacco.php,,,4.9,,,,,,6.0,Joe Flacco,2026-07-31,CIN
/nfl/rankings/qb-cheatsheets.php,redraft-qb,rp,Joe Milton III,25967,QB,DAL,43.08,5.35,34,54,,joe-milton.php,,,4.1,,,,,,14.0,Joe Milton,2026-07-31,DAL
/nfl/rankings/qb-cheatsheets.php,redraft-qb,rp,Marcus Mariota,13890,QB,WAS,43.09,5.79,35,58,,marcus-mariota.php,,,5.1,,,,,,7.0,Marcus Mariota,2026-07-31,WAS
/nfl/rankings/qb-cheatsheets.php,redraft-qb,rp,Jameis Winston,13891,QB,NYG,44.36,5.03,38,59,,jameis-winston.php,,,6.7,,,,,,8.0,Jameis Winston,2026-07-31,NYG
/nfl/rankings/qb-cheatsheets.php,redraft-qb,rp,Gardner Minshew II,18562,QB,ARI,44.1,4.72,38,55,,gardner-minshew.php,,,2.6,,,,,,14.0,Gardner Minshew,2026-07-31,ARI
/nfl/rankings/qb-cheatsheets.php,redraft-qb,rp,Riley Leonard,25373,QB,IND,44.38,3.74,37,51,,riley-leonard.php,,,4.4,,,,,,13.0,Riley Leonard,2026-07-31,IND
/nfl/rankings/qb-cheatsheets.php,redraft-qb,rp,Quinn Ewers,23680,QB,MIA,52.67,8.33,41,66,,quinn-ewers.php,,,3.5,,,,,,6.0,Quinn Ewers,2026-07-31,MIA
/nfl/rankings/qb-cheatsheets.php,redraft-qb,rp,Tyrod Taylor,10007,QB,GB,51.0,5.48,46,64,,tyrod-taylor.php,,,1.4,,,,,,11.0,Tyrod Taylor,2026-07-31,GBP
/nfl/rankings/qb-cheatsheets.php,redraft-qb,rp,Cade Klubnik,24361,QB,NYJ,49.33,10.75,37,65,,cade-klubnik.php,,,6.7,,,,,,13.0,Cade Klubnik,2026-07-31,NYJ
/nfl/rankings/qb-cheatsheets.php,redraft-qb,rp,Trey Lance,20082,QB,LAC,48.6,4.88,42,55,,trey-lance.php,,,1.5,,,,,,7.0,Trey Lance,2026-07-31,LAC
/nfl/rankings/qb-cheatsheets.php,redraft-qb,rp,Will Howard,25972,QB,PIT,46.0,6.6,36,54,,will-howard.php,,,4.1,,,,,,9.0,Will Howard,2026-07-31,PIT
/nfl/rankings/qb-cheatsheets.php,redraft-qb,rp,Jake Browning,18557,QB,TB,52.6,8.75,40,63,,jake-browning.php,,,0.7,,,,,10.0,10.0,Jake Browning,2026-07-31,TBB
/nfl/rankings/qb-cheatsheets.php,redraft-qb,rp,Tyson Bagent,25321,QB,CHI,53.2,7.52,43,66,,tyson-bagent.php,,,3.6,,,,,,10.0,Tyson Bagent,2026-07-31,CHI
/nfl/rankings/qb-cheatsheets.php,redraft-qb,rp,Davis Mills,22799,QB,HOU,53.2,7.47,46,66,,davis-mills.php,,,1.9,,,,,,8.0,Davis Mills,2026-07-31,HOU
/nfl/rankings/qb-cheatsheets.php,redraft-qb,rp,Spencer Rattler,23081,QB,NO,53.8,6.11,47,64,,spencer-rattler.php,,,1.1,,,,,,8.0,Spencer Rattler,2026-07-31,NOS
/nfl/rankings/qb-cheatsheets.php,redraft-qb,rp,Kenny Pickett,22722,QB,CAR,56.8,6.73,49,65,,kenny-pickett.php,,,1.0,,,,,,5.0,Kenny Pickett,2026-07-31,CAR
/nfl/rankings/qb-cheatsheets.php,redraft-qb,rp,Kyle Allen,17869,QB,BUF,52.0,2.92,48,56,,kyle-allen.php,,,0.6,,,,,,7.0,Kyle Allen,2026-07-31,BUF
/nfl/rankings/qb-cheatsheets.php,redraft-qb,rp,Drew Lock,18225,QB,SEA,53.25,8.95,42,67,,drew-lock.php,,,0.9,,,,,,11.0,Drew Lock,2026-07-31,SEA
/nfl/rankings/qb-cheatsheets.php,redraft-qb,rp,Tommy DeVito,25746,QB,NE,58.4,5.71,49,65,,tommy-devito.php,,,0.7,,,,,,11.0,Tommy DeVito,2026-07-31,NEP
/nfl/rankings/qb-cheatsheets.php,redraft-qb,rp,Tyler Huntley,19297,QB,BAL,54.5,2.6,51,57,,tyler-huntley.php,,,3.1,,,,,-9.0,13.0,Tyler Huntley,2026-07-31,BAL
/nfl/rankings/qb-cheatsheets.php,redraft-qb,rp,Jarrett Stidham,18604,QB,DEN,55.25,5.36,48,63,,jarrett-stidham.php,,,1.0,,,,,,10.0,Jarrett Stidham,2026-07-31,DEN
/nfl/rankings/qb-cheatsheets.php,redraft-qb,rp,Teddy Bridgewater,12088,QB,DET,55.5,10.62,44,68,,teddy-bridgewater.php,,,1.1,,,,,11.0,6.0,Teddy Bridgewater,2026-07-31,DET
/nfl/rankings/qb-cheatsheets.php,redraft-qb,rp,Jalen Milroe,22884,QB,SEA,60.8,11.18,45,77,,jalen-milroe.php,,,4.5,,,,,,11.0,Jalen Milroe,2026-07-31,SEA
/nfl/rankings/qb-cheatsheets.php,redraft-qb,rp,Will Levis,22987,QB,TEN,62.0,14.38,42,83,,will-levis.php,,,2.4,,,,,20.0,9.0,Will Levis,2026-07-31,TEN
/nfl/rankings/qb-cheatsheets.php,redraft-qb,rp,Nick Mullens,16726,QB,JAC,57.5,8.32,49,70,,nick-mullens.php,,,0.9,,,,,,7.0,Nick Mullens,2026-07-31,JAC
/nfl/rankings/qb-cheatsheets.php,redraft-qb,rp,Jimmy Garoppolo,12208,QB,LAR,51.0,4.24,45,54,,jimmy-garoppolo.php,,,0.8,,,,,,11.0,Jimmy Garoppolo,2026-07-31,LAR
/nfl/rankings/qb-cheatsheets.php,redraft-qb,rp,Mitchell Trubisky,16381,QB,TEN,57.75,8.98,46,71,,mitch-trubisky.php,,,0.6,,,,,8.0,9.0,Mitchell Trubisky,2026-07-31,TEN
/nfl/rankings/qb-cheatsheets.php,redraft-qb,rp,Taylen Green,28094,QB,CLE,51.67,12.66,36,67,,taylen-green.php,,,4.0,,,,,,11.0,Taylen Green,2026-07-31,CLE
/nfl/rankings/qb-cheatsheets.php,redraft-qb,rp,Carson Wentz,15520,QB,MIN,65.4,15.13,49,89,,carson-wentz.php,,,0.8,,,,,13.0,6.0,Carson Wentz,2026-07-31,MIN
/nfl/rankings/qb-cheatsheets.php,redraft-qb,rp,Aidan O'Connell,24330,QB,LV,62.5,12.28,48,82,,aidan-oconnell.php,,,0.6,,,,,8.0,13.0,Aidan OConnell,2026-07-31,LVR
/nfl/rankings/qb-cheatsheets.php,redraft-qb,rp,Sam Howell,23045,QB,DAL,65.2,9.11,53,76,,sam-howell.php,,,0.6,,,,,,14.0,Sam Howell,2026-07-31,DAL
/nfl/rankings/qb-cheatsheets.php,redraft-qb,rp,Drew Allar,24345,QB,PIT,57.67,6.6,53,67,,drew-allar.php,,,2.0,,,,,-15.0,9.0,Drew Allar,2026-07-31,PIT
/nfl/rankings/qb-cheatsheets.php,redraft-qb,rp,Andy Dalton,9907,QB,PHI,58.67,12.66,43,74,,andy-dalton.php,,,1.0,,,,,,10.0,Andy Dalton,2026-07-31,PHI
/nfl/rankings/qb-cheatsheets.php,redraft-qb,rp,Zach Wilson,22679,QB,NO,63.5,7.3,54,72,,zach-wilson.php,,,0.6,,,,,,8.0,Zach Wilson,2026-07-31,NOS
/nfl/rankings/qb-cheatsheets.php,redraft-qb,rp,Brady Cook,27161,QB,NYJ,65.25,11.76,55,85,,brady-cook.php,,,0.6,,,,,,13.0,Brady Cook,2026-07-31,NYJ
/nfl/rankings/qb-cheatsheets.php,redraft-qb,rp,Dillon Gabriel,23150,QB,CLE,66.75,14.58,52,91,,dillon-gabriel.php,,,0.6,,,,,,11.0,Dillon Gabriel,2026-07-31,CLE
/nfl/rankings/qb-cheatsheets.php,redraft-qb,rp,Mason Rudolph,17234,QB,PIT,49.5,7.5,42,57,,mason-rudolph.php,,,0.8,,,,,-16.0,9.0,Mason Rudolph,2026-07-31,PIT
/nfl/rankings/qb-cheatsheets.php,redraft-qb,rp,Garrett Nussmeier,22998,QB,KC,65.25,12.42,47,79,,garrett-nussmeier.php,,,7.4,,,,,,5.0,Garrett Nussmeier,2026-07-31,KCC
/nfl/rankings/qb-cheatsheets.php,redraft-qb,rp,Tanner McKee,24740,QB,PHI,61.5,7.5,54,69,,tanner-mckee.php,,,2.1,,,,,-15.0,10.0,Tanner McKee,2026-07-31,PHI
/nfl/rankings/qb-cheatsheets.php,redraft-qb,rp,Skylar Thompson,24170,QB,BAL,64.5,3.5,61,68,,skylar-thompson.php,,,1.0,,,,,9.0,13.0,Skylar Thompson,2026-07-31,BAL
/nfl/rankings/qb-cheatsheets.php,redraft-qb,rp,Brandon Allen,15745,QB,NYG,70.33,7.54,65,81,,brandon-allen.php,,,0.0,,,,,,8.0,Brandon Allen,2026-07-31,NYG
/nfl/rankings/qb-cheatsheets.php,redraft-qb,rp,Shane Buechele,19376,QB,BUF,67.0,4.0,63,71,,shane-buechele.php,,,0.0,,,,,,7.0,Shane Buechele,2026-07-31,BUF
/nfl/rankings/qb-cheatsheets.php,redraft-qb,rp,Josh Johnson,9326,QB,CIN,76.5,1.5,75,78,,josh-johnson.php,,,0.7,,,,,,6.0,Josh Johnson,2026-07-31,CIN
/nfl/rankings/ppr-rb-cheatsheets.php,redraft-rb,rp,Jahmyr Gibbs,22968,RB,DET,1.49,0.55,1,3,,jahmyr-gibbs.php,,,99.3,,,,,1.0,6.0,Jahmyr Gibbs,2026-07-31,DET
/nfl/rankings/ppr-rb-cheatsheets.php,redraft-rb,rp,Bijan Robinson,23133,RB,ATL,1.58,0.52,1,3,,bijan-robinson.php,,,99.4,,,,,-1.0,11.0,Bijan Robinson,2026-07-31,ATL
/nfl/rankings/ppr-rb-cheatsheets.php,redraft-rb,rp,Christian McCaffrey,16393,RB,SF,3.46,1.2,1,9,,christian-mccaffrey.php,,,99.5,,,,,,8.0,Christian McCaffrey,2026-07-31,SFO
/nfl/rankings/ppr-rb-cheatsheets.php,redraft-rb,rp,Jonathan Taylor,19217,RB,IND,4.68,1.56,2,10,,jonathan-taylor.php,,,99.3,,,,,,13.0,Jonathan Taylor,2026-07-31,IND
/nfl/rankings/ppr-rb-cheatsheets.php,redraft-rb,rp,Ashton Jeanty,25989,RB,LV,6.22,1.83,3,11,,ashton-jeanty.php,,,99.1,,,,,,13.0,Ashton Jeanty,2026-07-31,LVR
/nfl/rankings/ppr-rb-cheatsheets.php,redraft-rb,rp,James Cook III,22958,RB,BUF,7.06,2.01,3,12,,james-cook.php,,,99.5,,,,,,7.0,James Cook,2026-07-31,BUF
/nfl/rankings/ppr-rb-cheatsheets.php,redraft-rb,rp,Chase Brown,25324,RB,CIN,7.06,1.97,4,13,,chase-brown.php,,,98.7,,,,,,6.0,Chase Brown,2026-07-31,CIN
/nfl/rankings/ppr-rb-cheatsheets.php,redraft-rb,rp,De'Von Achane,23136,RB,MIA,7.84,2.08,4,12,,devon-achane.php,,,99.2,,,,,,6.0,DeVon Achane,2026-07-31,MIA
/nfl/rankings/ppr-rb-cheatsheets.php,redraft-rb,rp,Omarion Hampton,25395,RB,LAC,8.78,2.51,5,17,,omarion-hampton.php,,,98.7,,,,,,7.0,Omarion Hampton,2026-07-31,LAC
/nfl/rankings/ppr-rb-cheatsheets.php,redraft-rb,rp,Saquon Barkley,17240,RB,PHI,9.09,2.14,4,14,,saquon-barkley.php,,,99.4,,,,,,10.0,Saquon Barkley,2026-07-31,PHI
/nfl/rankings/ppr-rb-cheatsheets.php,redraft-rb,rp,Kenneth Walker III,23021,RB,KC,10.64,2.25,6,19,,kenneth-walker-rb.php,,,99.3,,,,,,5.0,Kenneth Walker,2026-07-31,KCC
/nfl/rankings/ppr-rb-cheatsheets.php,redraft-rb,rp,Jeremiyah Love,25403,RB,ARI,13.52,2.71,10,22,,jeremiyah-love.php,,,98.2,,,,,,14.0,Jeremiyah Love,2026-07-31,ARI
/nfl/rankings/ppr-rb-cheatsheets.php,redraft-rb,rp,Derrick Henry,15514,RB,BAL,13.71,2.44,4,19,,derrick-henry.php,,,99.1,,,,,,13.0,Derrick Henry,2026-07-31,BAL
/nfl/rankings/ppr-rb-cheatsheets.php,redraft-rb,rp,Breece Hall,22982,RB,NYJ,14.22,2.12,10,24,,breece-hall.php,,,97.6,,,,,,13.0,Breece Hall,2026-07-31,NYJ
/nfl/rankings/ppr-rb-cheatsheets.php,redraft-rb,rp,Kyren Williams,23059,RB,LAR,15.0,2.36,8,19,,kyren-williams.php,,,98.1,,,,,,11.0,Kyren Williams,2026-07-31,LAR
/nfl/rankings/ppr-rb-cheatsheets.php,redraft-rb,rp,Josh Jacobs,18269,RB,GB,16.01,2.57,9,23,,josh-jacobs.php,,,98.7,,,,,,11.0,Josh Jacobs,2026-07-31,GBP
/nfl/rankings/ppr-rb-cheatsheets.php,redraft-rb,rp,Javonte Williams,22739,RB,DAL,16.59,2.41,11,21,,javonte-williams.php,,,96.9,,,,,,14.0,Javonte Williams,2026-07-31,DAL
/nfl/rankings/ppr-rb-cheatsheets.php,redraft-rb,rp,Travis Etienne Jr.,19231,RB,NO,17.97,2.7,9,24,,travis-etienne.php,,,96.1,,,,,,8.0,Travis Etienne,2026-07-31,NOS
/nfl/rankings/ppr-rb-cheatsheets.php,redraft-rb,rp,Cam Skattebo,27166,RB,NYG,19.2,2.78,13,26,,cam-skattebo.php,,,97.0,,,,,,8.0,Cam Skattebo,2026-07-31,NYG
/nfl/rankings/ppr-rb-cheatsheets.php,redraft-rb,rp,Bucky Irving,25981,RB,TB,21.62,3.2,13,29,,bucky-irving.php,,,95.7,,,,,,10.0,Bucky Irving,2026-07-31,TBB
/nfl/rankings/ppr-rb-cheatsheets.php,redraft-rb,rp,Quinshon Judkins,25391,RB,CLE,21.65,2.75,13,28,,quinshon-judkins.php,,,93.9,,,,,,11.0,Quinshon Judkins,2026-07-31,CLE
/nfl/rankings/ppr-rb-cheatsheets.php,redraft-rb,rp,D'Andre Swift,19210,RB,CHI,21.9,2.37,17,28,,dandre-swift.php,,,94.0,,,,,,10.0,DAndre Swift,2026-07-31,CHI
/nfl/rankings/ppr-rb-cheatsheets.php,redraft-rb,rp,David Montgomery,18239,RB,HOU,22.39,3.41,17,36,,david-montgomery.php,,,93.6,,,,,,8.0,David Montgomery,2026-07-31,HOU
/nfl/rankings/ppr-rb-cheatsheets.php,redraft-rb,rp,TreVeyon Henderson,23065,RB,NE,22.9,3.58,14,31,,treveyon-henderson.php,,,94.0,,,,,,11.0,TreVeyon Henderson,2026-07-31,NEP
/nfl/rankings/ppr-rb-cheatsheets.php,redraft-rb,rp,Bhayshul Tuten,27297,RB,JAC,25.35,4.11,17,39,,bhayshul-tuten.php,,,91.2,,,,,,7.0,Bhayshul Tuten,2026-07-31,JAC
/nfl/rankings/ppr-rb-cheatsheets.php,redraft-rb,rp,Jaylen Warren,24209,RB,PIT,26.59,2.11,23,33,,jaylen-warren.php,,,91.2,,,,,,9.0,Jaylen Warren,2026-07-31,PIT
/nfl/rankings/ppr-rb-cheatsheets.php,redraft-rb,rp,Jadarian Price,27329,RB,SEA,28.84,5.21,16,51,,jadarian-price.php,,,91.3,,,,,,11.0,Jadarian Price,2026-07-31,SEA
/nfl/rankings/ppr-rb-cheatsheets.php,redraft-rb,rp,Rhamondre Stevenson,22726,RB,NE,29.3,3.03,23,38,,rhamondre-stevenson.php,,,88.3,,,,,,11.0,Rhamondre Stevenson,2026-07-31,NEP
/nfl/rankings/ppr-rb-cheatsheets.php,redraft-rb,rp,Tony Pollard,18705,RB,TEN,29.39,3.0,22,37,,tony-pollard.php,,,89.9,,,,,,9.0,Tony Pollard,2026-07-31,TEN
/nfl/rankings/ppr-rb-cheatsheets.php,redraft-rb,rp,Chuba Hubbard,19792,RB,CAR,30.01,3.59,23,41,,chuba-hubbard.php,,,90.3,,,,,,5.0,Chuba Hubbard,2026-07-31,CAR
/nfl/rankings/ppr-rb-cheatsheets.php,redraft-rb,rp,Rico Dowdle,19647,RB,PIT,31.2,3.07,24,39,,rico-dowdle.php,,,90.1,,,,,,9.0,Rico Dowdle,2026-07-31,PIT
/nfl/rankings/ppr-rb-cheatsheets.php,redraft-rb,rp,RJ Harvey,27142,RB,DEN,32.28,5.67,19,46,,rj-harvey.php,,,88.1,,,,,,10.0,RJ Harvey,2026-07-31,DEN
/nfl/rankings/ppr-rb-cheatsheets.php,redraft-rb,rp,Kenny Gainwell,23310,RB,TB,34.04,4.66,26,48,,kenneth-gainwell.php,,,84.7,,,,,,10.0,Kenny Gainwell,2026-07-31,TBB
/nfl/rankings/ppr-rb-cheatsheets.php,redraft-rb,rp,J.K. Dobbins,19245,RB,DEN,34.64,3.52,26,46,,jk-dobbins.php,,,87.8,,,,,,10.0,JK Dobbins,2026-07-31,DEN
/nfl/rankings/ppr-rb-cheatsheets.php,redraft-rb,rp,Kyle Monangai,27131,RB,CHI,34.86,2.96,29,45,,kyle-monangai.php,,,87.2,,,,,,10.0,Kyle Monangai,2026-07-31,CHI
/nfl/rankings/ppr-rb-cheatsheets.php,redraft-rb,rp,Rachaad White,23891,RB,WAS,35.99,4.12,25,49,,rachaad-white.php,,,80.6,,,,,,7.0,Rachaad White,2026-07-31,WAS
/nfl/rankings/ppr-rb-cheatsheets.php,redraft-rb,rp,Blake Corum,23013,RB,LAR,36.38,2.64,30,44,,blake-corum.php,,,84.9,,,,,,11.0,Blake Corum,2026-07-31,LAR
/nfl/rankings/ppr-rb-cheatsheets.php,redraft-rb,rp,Aaron Jones Sr.,16673,RB,MIN,37.04,3.33,27,44,,aaron-jones.php,,,85.9,,,,,,6.0,Aaron Jones,2026-07-31,MIN
/nfl/rankings/ppr-rb-cheatsheets.php,redraft-rb,rp,Jonathon Brooks,26148,RB,CAR,39.28,11.54,27,110,,jonathon-brooks.php,,,76.0,,,,,,5.0,Jonathon Brooks,2026-07-31,CAR
/nfl/rankings/ppr-rb-cheatsheets.php,redraft-rb,rp,Jacory Croskey-Merritt,27316,RB,WAS,40.78,3.18,33,50,,jacory-croskeymerritt.php,,,78.5,,,,,,7.0,Jacory Croskey-Merritt,2026-07-31,WAS
/nfl/rankings/ppr-rb-cheatsheets.php,redraft-rb,rp,Jordan Mason,22969,RB,MIN,41.13,3.52,33,53,,jordan-mason.php,,,71.9,,,,,,6.0,Jordan Mason,2026-07-31,MIN
/nfl/rankings/ppr-rb-cheatsheets.php,redraft-rb,rp,Tyrone Tracy Jr.,22980,RB,NYG,43.57,3.51,32,54,,tyrone-tracy-jr.php,,,43.8,,,,,,8.0,Tyrone Tracy,2026-07-31,NYG
/nfl/rankings/ppr-rb-cheatsheets.php,redraft-rb,rp,Woody Marks,27520,RB,HOU,45.55,6.0,30,66,,woody-marks.php,,,58.6,,,,,,8.0,Woody Marks,2026-07-31,HOU
/nfl/rankings/ppr-rb-cheatsheets.php,redraft-rb,rp,Tyler Allgeier,24172,RB,ARI,46.16,4.77,35,62,,tyler-allgeier.php,,,47.8,,,,,,14.0,Tyler Allgeier,2026-07-31,ARI
/nfl/rankings/ppr-rb-cheatsheets.php,redraft-rb,rp,Chris Rodriguez Jr.,22986,RB,JAC,46.59,6.2,33,69,,chris-rodriguez-jr.php,,,45.3,,,,,,7.0,Chris Rodriguez,2026-07-31,JAC
/nfl/rankings/ppr-rb-cheatsheets.php,redraft-rb,rp,Tyjae Spears,25323,RB,TEN,46.91,5.19,35,60,,tyjae-spears.php,,,51.1,,,,,,9.0,Tyjae Spears,2026-07-31,TEN
/nfl/rankings/ppr-rb-cheatsheets.php,redraft-rb,rp,Zach Charbonnet,23152,RB,SEA,47.75,7.49,29,69,,zach-charbonnet.php,,,71.1,,,,,,11.0,Zach Charbonnet,2026-07-31,SEA
/nfl/rankings/ppr-rb-cheatsheets.php,redraft-rb,rp,Dylan Sampson,27102,RB,CLE,47.87,3.94,42,60,,dylan-sampson.php,,,28.3,,,,,,11.0,Dylan Sampson,2026-07-31,CLE
/nfl/rankings/ppr-rb-cheatsheets.php,redraft-rb,rp,Alvin Kamara,16421,RB,NO,47.94,4.62,37,59,,alvin-kamara.php,,,54.0,,,,,,8.0,Alvin Kamara,2026-07-31,NOS
/nfl/rankings/ppr-rb-cheatsheets.php,redraft-rb,rp,Isiah Pacheco,24333,RB,DET,49.43,4.38,39,60,,isiah-pacheco.php,,,54.5,,,,,,6.0,Isiah Pacheco,2026-07-31,DET
/nfl/rankings/ppr-rb-cheatsheets.php,redraft-rb,rp,Keaton Mitchell,25360,RB,LAC,52.71,13.05,38,145,,keaton-mitchell.php,,,33.4,,,,,,7.0,Keaton Mitchell,2026-07-31,LAC
/nfl/rankings/ppr-rb-cheatsheets.php,redraft-rb,rp,Jonah Coleman,27320,RB,DEN,53.65,11.38,41,118,,jonah-coleman.php,,,35.1,,,,,,10.0,Jonah Coleman,2026-07-31,DEN
/nfl/rankings/ppr-rb-cheatsheets.php,redraft-rb,rp,Brian Robinson Jr.,20094,RB,ATL,55.51,4.57,45,69,,brian-robinson-jr.php,,,37.2,,,,,,11.0,Brian Robinson,2026-07-31,ATL
/nfl/rankings/ppr-rb-cheatsheets.php,redraft-rb,rp,Tank Bigsby,22908,RB,PHI,55.9,5.52,46,72,,tank-bigsby.php,,,30.6,,,,,,10.0,Tank Bigsby,2026-07-31,PHI
/nfl/rankings/ppr-rb-cheatsheets.php,redraft-rb,rp,Braelon Allen,24346,RB,NYJ,56.5,7.81,40,90,,braelon-allen.php,,,25.5,,,,,,13.0,Braelon Allen,2026-07-31,NYJ
/nfl/rankings/ppr-rb-cheatsheets.php,redraft-rb,rp,James Conner,16447,RB,ARI,58.01,10.5,36,93,,james-conner.php,,,29.4,,,,,,14.0,James Conner,2026-07-31,ARI
/nfl/rankings/ppr-rb-cheatsheets.php,redraft-rb,rp,Kimani Vidal,26355,RB,LAC,60.34,6.3,50,80,,kimani-vidal.php,,,18.2,,,,,,7.0,Kimani Vidal,2026-07-31,LAC
/nfl/rankings/ppr-rb-cheatsheets.php,redraft-rb,rp,Ray Davis,26191,RB,BUF,61.63,7.96,50,99,,ray-davis.php,,,18.1,,,,,,7.0,Ray Davis,2026-07-31,BUF
/nfl/rankings/ppr-rb-cheatsheets.php,redraft-rb,rp,Emanuel Wilson,25885,RB,SEA,63.21,8.34,47,89,,emanuel-wilson.php,,,17.2,,,,,,11.0,Emanuel Wilson,2026-07-31,SEA
/nfl/rankings/ppr-rb-cheatsheets.php,redraft-rb,rp,Sean Tucker,23679,RB,TB,62.55,9.34,48,111,,sean-tucker.php,,,19.4,,,,,,10.0,Sean Tucker,2026-07-31,TBB
/nfl/rankings/ppr-rb-cheatsheets.php,redraft-rb,rp,Emmett Johnson,28107,RB,KC,60.48,11.2,49,130,,emmett-johnson.php,,,27.0,,,,,,5.0,Emmett Johnson,2026-07-31,KCC
/nfl/rankings/ppr-rb-cheatsheets.php,redraft-rb,rp,Nicholas Singleton,24343,RB,TEN,65.06,11.15,47,114,,nick-singleton.php,,,25.7,,,,,,9.0,Nicholas Singleton,2026-07-31,TEN
/nfl/rankings/ppr-rb-cheatsheets.php,redraft-rb,rp,Jaylen Wright,25987,RB,MIA,66.54,6.47,51,84,,jaylen-wright.php,,,13.1,,,,,,6.0,Jaylen Wright,2026-07-31,MIA
/nfl/rankings/ppr-rb-cheatsheets.php,redraft-rb,rp,Mike Washington Jr.,28108,RB,LV,62.74,10.91,46,128,,mike-washington-jr.php,,,25.7,,,,,,13.0,Mike Washington,2026-07-31,LVR
/nfl/rankings/ppr-rb-cheatsheets.php,redraft-rb,rp,Kaytron Allen,24362,RB,WAS,66.56,12.79,51,135,,kaytron-allen.php,,,21.4,,,,,,7.0,Kaytron Allen,2026-07-31,WAS
/nfl/rankings/ppr-rb-cheatsheets.php,redraft-rb,rp,Ollie Gordon II,25984,RB,MIA,71.06,6.35,58,102,,ollie-gordon.php,,,4.5,,,,,,6.0,Ollie Gordon,2026-07-31,MIA
/nfl/rankings/ppr-rb-cheatsheets.php,redraft-rb,rp,MarShawn Lloyd,23118,RB,GB,70.89,14.37,52,146,,marshawn-lloyd.php,,,10.7,,,,,,11.0,MarShawn Lloyd,2026-07-31,GBP
/nfl/rankings/ppr-rb-cheatsheets.php,redraft-rb,rp,Jaydon Blue,24344,RB,DAL,71.43,10.6,52,95,,jaydon-blue.php,,,13.1,,,,,,14.0,Jaydon Blue,2026-07-31,DAL
/nfl/rankings/ppr-rb-cheatsheets.php,redraft-rb,rp,Justice Hill,18256,RB,BAL,70.05,9.84,48,95,,justice-hill.php,,,9.1,,,,,,13.0,Justice Hill,2026-07-31,BAL
/nfl/rankings/ppr-rb-cheatsheets.php,redraft-rb,rp,Isaiah Davis,25977,RB,NYJ,72.65,7.53,55,95,,isaiah-davis.php,,,4.1,,,,,,13.0,Isaiah Davis,2026-07-31,NYJ
/nfl/rankings/ppr-rb-cheatsheets.php,redraft-rb,rp,Demond Claiborne,28084,RB,MIN,74.7,12.76,53,133,,demond-claiborne.php,,,16.0,,,,,,6.0,Demond Claiborne,2026-07-31,MIN
/nfl/rankings/ppr-rb-cheatsheets.php,redraft-rb,rp,George Holani,22915,RB,SEA,76.48,13.73,56,139,,george-holani.php,,,8.4,,,,,,11.0,George Holani,2026-07-31,SEA
/nfl/rankings/ppr-rb-cheatsheets.php,redraft-rb,rp,DJ Giddens,27097,RB,IND,76.81,7.09,63,98,,dj-giddens.php,,,3.8,,,,,,13.0,DJ Giddens,2026-07-31,IND
/nfl/rankings/ppr-rb-cheatsheets.php,redraft-rb,rp,Ty Johnson,18406,RB,BUF,74.3,7.8,62,110,,ty-johnson.php,,,4.0,,,,,,7.0,Ty Johnson,2026-07-31,BUF
/nfl/rankings/ppr-rb-cheatsheets.php,redraft-rb,rp,Chris Brooks,25823,RB,GB,75.23,7.4,59,90,,christopher-brooks.php,,,8.3,,,,,,11.0,Chris Brooks,2026-07-31,GBP
/nfl/rankings/ppr-rb-cheatsheets.php,redraft-rb,rp,Trey Benson,25388,RB,ARI,74.08,16.59,45,158,,trey-benson.php,,,15.3,,,,,,14.0,Trey Benson,2026-07-31,ARI
/nfl/rankings/ppr-rb-cheatsheets.php,redraft-rb,rp,Devin Neal,23682,RB,NO,78.65,12.83,56,138,,devin-neal.php,,,7.8,,,,,,8.0,Devin Neal,2026-07-31,NOS
/nfl/rankings/ppr-rb-cheatsheets.php,redraft-rb,rp,Jordan James,27310,RB,SF,78.64,12.5,55,116,,jordan-james.php,,,15.1,,,,,,8.0,Jordan James,2026-07-31,SFO
/nfl/rankings/ppr-rb-cheatsheets.php,redraft-rb,rp,Samaje Perine,16423,RB,CIN,79.49,11.49,52,119,,samaje-perine.php,,,5.0,,,,,,6.0,Samaje Perine,2026-07-31,CIN
/nfl/rankings/ppr-rb-cheatsheets.php,redraft-rb,rp,LeQuint Allen Jr.,27285,RB,JAC,77.85,8.34,60,112,,lequint-allen-jr.php,,,6.9,,,,,,7.0,LeQuint Allen,2026-07-31,JAC
/nfl/rankings/ppr-rb-cheatsheets.php,redraft-rb,rp,Malik Davis,24205,RB,DAL,80.85,8.5,59,98,,malik-davis.php,,,4.9,,,,,,14.0,Malik Davis,2026-07-31,DAL
/nfl/rankings/ppr-rb-cheatsheets.php,redraft-rb,rp,Kendre Miller,24360,RB,NO,81.1,11.39,55,105,,kendre-miller.php,,,5.6,,,,,,8.0,Kendre Miller,2026-07-31,NOS
/nfl/rankings/ppr-rb-cheatsheets.php,redraft-rb,rp,Kaleb Johnson,27165,RB,PIT,78.78,11.13,55,122,,kaleb-johnson-rb.php,,,10.5,,,,,,9.0,Kaleb Johnson,2026-07-31,PIT
/nfl/rankings/ppr-rb-cheatsheets.php,redraft-rb,rp,Emari Demercado,25654,RB,KC,85.43,11.52,56,134,,emari-demercado.php,,,3.2,,,,,,5.0,Emari Demercado,2026-07-31,KCC
/nfl/rankings/ppr-rb-cheatsheets.php,redraft-rb,rp,Devin Singletary,18280,RB,NYG,85.18,7.1,67,100,,devin-singletary.php,,,1.4,,,,,,8.0,Devin Singletary,2026-07-31,NYG
/nfl/rankings/ppr-rb-cheatsheets.php,redraft-rb,rp,Kaelon Black,28401,RB,SF,82.82,13.19,56,101,,kaelon-black.php,,,13.2,,,,,,8.0,Kaelon Black,2026-07-31,SFO
/nfl/rankings/ppr-rb-cheatsheets.php,redraft-rb,rp,Brashard Smith,27259,RB,KC,83.11,13.37,67,156,,brashard-smith.php,,,6.0,,,,,,5.0,Brashard Smith,2026-07-31,KCC
/nfl/rankings/ppr-rb-cheatsheets.php,redraft-rb,rp,Jerome Ford,22921,RB,WAS,84.19,12.18,58,147,,jerome-ford.php,,,3.4,,,,,,7.0,Jerome Ford,2026-07-31,WAS
/nfl/rankings/ppr-rb-cheatsheets.php,redraft-rb,rp,Najee Harris,19302,RB,LAC,83.9,9.69,67,99,,najee-harris-rb.php,,,8.7,,,,,,7.0,Najee Harris,2026-07-31,LAC
/nfl/rankings/ppr-rb-cheatsheets.php,redraft-rb,rp,Adam Randall,24367,RB,BAL,87.77,8.9,71,104,,adam-randall.php,,,5.3,,,,,,13.0,Adam Randall,2026-07-31,BAL
/nfl/rankings/ppr-rb-cheatsheets.php,redraft-rb,rp,Tahj Brooks,26212,RB,CIN,89.19,9.17,70,107,,tahj-brooks.php,,,1.6,,,,,,6.0,Tahj Brooks,2026-07-31,CIN
/nfl/rankings/ppr-rb-cheatsheets.php,redraft-rb,rp,Seth McGowan,23079,RB,IND,83.33,9.89,66,100,,seth-mcgowan.php,,,3.4,,,,,,13.0,Seth McGowan,2026-07-31,IND
/nfl/rankings/ppr-rb-cheatsheets.php,redraft-rb,rp,Trevor Etienne,25393,RB,CAR,90.93,6.23,73,101,,trevor-etienne.php,,,1.9,,,,,,5.0,Trevor Etienne,2026-07-31,CAR
/nfl/rankings/ppr-rb-cheatsheets.php,redraft-rb,rp,Jaleel McLaughlin,25876,RB,DEN,84.77,8.78,60,105,,jaleel-mclaughlin.php,,,0.6,,,,,,10.0,Jaleel McLaughlin,2026-07-31,DEN
/nfl/rankings/ppr-rb-cheatsheets.php,redraft-rb,rp,Jarquez Hunter,24335,RB,LAR,92.08,8.81,68,120,,jarquez-hunter.php,,,5.3,,,,,,11.0,Jarquez Hunter,2026-07-31,LAR
/nfl/rankings/ppr-rb-cheatsheets.php,redraft-rb,rp,Isaac Guerendo,26392,RB,SF,90.02,12.6,66,140,,isaac-guerendo.php,,,1.6,,,,,,8.0,Isaac Guerendo,2026-07-31,SFO
/nfl/rankings/ppr-rb-cheatsheets.php,redraft-rb,rp,Audric Estime,23054,RB,NO,91.5,8.29,71,105,,audric-estime.php,,,5.3,,,,,,8.0,Audric Estime,2026-07-31,NOS
/nfl/rankings/ppr-rb-cheatsheets.php,redraft-rb,rp,Will Shipley,22930,RB,PHI,95.21,8.25,76,131,,will-shipley.php,,,1.4,,,,,,10.0,Will Shipley,2026-07-31,PHI
/nfl/rankings/ppr-rb-cheatsheets.php,redraft-rb,rp,Kareem Hunt,16425,RB,FA,92.25,10.44,53,121,,kareem-hunt.php,,,1.3,,,,,,,Kareem Hunt,2026-07-31,FA
/nfl/rankings/ppr-rb-cheatsheets.php,redraft-rb,rp,Joe Mixon,16420,RB,FA,87.72,14.34,52,107,,joe-mixon.php,,,10.4,,,,,,,Joe Mixon,2026-07-31,FA
/nfl/rankings/ppr-rb-cheatsheets.php,redraft-rb,rp,Bam Knight,24901,RB,ARI,90.74,11.1,70,112,,zonovan-bam-knight.php,,,0.7,,,,,,14.0,Bam Knight,2026-07-31,ARI
/nfl/rankings/ppr-rb-cheatsheets.php,redraft-rb,rp,Michael Carter,22728,RB,TEN,98.27,17.33,55,151,,michael-carter-rb.php,,,0.8,,,,,,9.0,Michael Carter,2026-07-31,TEN
/nfl/rankings/ppr-rb-cheatsheets.php,redraft-rb,rp,Nick Chubb,17246,RB,FA,93.0,14.04,58,109,,nick-chubb.php,,,1.0,,,,,,,Nick Chubb,2026-07-31,FA
/nfl/rankings/ppr-rb-cheatsheets.php,redraft-rb,rp,Jawhar Jordan,26329,RB,HOU,93.11,15.63,54,113,,jawhar-jordan.php,,,0.6,,,,,,8.0,Jawhar Jordan,2026-07-31,HOU
/nfl/rankings/ppr-rb-cheatsheets.php,redraft-rb,rp,Eli Heidenreich,28297,RB,PIT,98.21,12.73,68,131,,eli-heidenreich.php,,,2.0,,,,,,9.0,Eli Heidenreich,2026-07-31,PIT
/nfl/rankings/ppr-rb-cheatsheets.php,redraft-rb,rp,Raheim Sanders,24351,RB,CLE,90.8,13.55,61,109,,raheim-sanders.php,,,0.6,,,,,,11.0,Raheim Sanders,2026-07-31,CLE
/nfl/rankings/ppr-rb-cheatsheets.php,redraft-rb,rp,J'Mari Taylor,28109,RB,JAC,103.39,13.34,93,152,,jmari-taylor.php,,,3.9,,,,,,7.0,JMari Taylor,2026-07-31,JAC
/nfl/rankings/ppr-rb-cheatsheets.php,redraft-rb,rp,Phil Mafah,22928,RB,DAL,96.23,15.64,61,117,,phil-mafah.php,,,1.0,,,,,,14.0,Phil Mafah,2026-07-31,DAL
/nfl/rankings/ppr-rb-cheatsheets.php,redraft-rb,rp,Austin Ekeler,16483,RB,FA,96.42,15.89,65,113,,austin-ekeler.php,,,1.7,,,,,,,Austin Ekeler,2026-07-31,FA
/nfl/rankings/ppr-rb-cheatsheets.php,redraft-rb,rp,Dameon Pierce,22947,RB,PHI,107.58,10.78,91,132,,dameon-pierce.php,,,0.8,,,,,,10.0,Dameon Pierce,2026-07-31,PHI
/nfl/rankings/ppr-rb-cheatsheets.php,redraft-rb,rp,Kyle Juszczyk,11798,RB,SF,85.88,16.15,60,103,,kyle-juszczyk.php,,,1.2,,,,,,8.0,Kyle Juszczyk,2026-07-31,SFO
/nfl/rankings/ppr-rb-cheatsheets.php,redraft-rb,rp,Jam Miller,27326,RB,NE,109.0,12.2,89,137,,jam-miller.php,,,1.3,,,,,,11.0,Jam Miller,2026-07-31,NEP
/nfl/rankings/ppr-rb-cheatsheets.php,redraft-rb,rp,Antonio Gibson,19624,RB,FA,97.0,19.23,75,122,,antonio-gibson.php,,,1.3,,,,,,,Antonio Gibson,2026-07-31,FA
/nfl/rankings/ppr-rb-cheatsheets.php,redraft-rb,rp,Terrell Jennings,26964,RB,NE,105.25,12.62,87,122,,terrell-jennings.php,,,0.6,,,,,,11.0,Terrell Jennings,2026-07-31,NEP
/nfl/rankings/ppr-rb-cheatsheets.php,redraft-rb,rp,Roschon Johnson,25322,RB,CHI,106.75,15.93,85,140,,roschon-johnson.php,,,0.6,,,,,,10.0,Roschon Johnson,2026-07-31,CHI
/nfl/rankings/ppr-rb-cheatsheets.php,redraft-rb,rp,Sione Vaki,26309,RB,DET,103.33,10.69,91,119,,sione-vaki.php,,,0.6,,,,,,6.0,Sione Vaki,2026-07-31,DET
/nfl/rankings/ppr-rb-cheatsheets.php,redraft-rb,rp,Rasheen Ali,25983,RB,BAL,118.63,25.17,79,161,,rasheen-ali.php,,,1.4,,,,,,13.0,Rasheen Ali,2026-07-31,BAL
/nfl/rankings/ppr-rb-cheatsheets.php,redraft-rb,rp,Dylan Laube,26194,RB,LV,98.4,18.32,69,120,,dylan-laube.php,,,0.6,,,,,,13.0,Dylan Laube,2026-07-31,LVR
/nfl/rankings/ppr-rb-cheatsheets.php,redraft-rb,rp,Zavier Scott,25748,RB,MIN,100.8,17.41,73,125,,zavier-scott.php,,,0.6,,,,,,6.0,Zavier Scott,2026-07-31,MIN
/nfl/rankings/ppr-rb-cheatsheets.php,redraft-rb,rp,Jaret Patterson,20155,RB,LAC,104.2,12.61,81,116,,jaret-patterson.php,,,1.1,,,,,,7.0,Jaret Patterson,2026-07-31,LAC
/nfl/rankings/ppr-rb-cheatsheets.php,redraft-rb,rp,Ty Chandler,19471,RB,NO,114.0,15.58,90,129,,ty-chandler.php,,,0.7,,,,,19.0,8.0,Ty Chandler,2026-07-31,NOS
/nfl/rankings/ppr-rb-cheatsheets.php,redraft-rb,rp,Miles Sanders,18283,RB,FA,107.4,16.08,84,125,,miles-sanders.php,,,0.6,,,,,,,Miles Sanders,2026-07-31,FA
/nfl/rankings/ppr-rb-cheatsheets.php,redraft-rb,rp,Hunter Luepke,25941,RB,DAL,110.8,24.54,84,151,,hunter-luepke.php,,,0.7,,,,,,14.0,Hunter Luepke,2026-07-31,DAL
/nfl/rankings/ppr-rb-cheatsheets.php,redraft-rb,rp,Jaydn Ott,25394,RB,KC,111.0,11.66,100,132,,jaydn-ott.php,,,1.0,,,,,,5.0,Jaydn Ott,2026-07-31,KCC
/nfl/rankings/ppr-rb-cheatsheets.php,redraft-rb,rp,Cash Jones,28124,RB,ATL,111.6,21.95,80,142,,cash-jones.php,,,0.0,,,,,,11.0,Cash Jones,2026-07-31,ATL
/nfl/rankings/ppr-rb-cheatsheets.php,redraft-rb,rp,Myles Montgomery,28450,RB,NE,112.4,6.12,106,124,,myles-montgomery.php,,,0.0,,,,,,11.0,Myles Montgomery,2026-07-31,NEP
/nfl/rankings/ppr-rb-cheatsheets.php,redraft-rb,rp,Robert Henry Jr.,28404,RB,WAS,123.0,11.75,109,144,,robert-henry-jr.php,,,0.0,,,,,,7.0,Robert Henry,2026-07-31,WAS
/nfl/rankings/ppr-rb-cheatsheets.php,redraft-rb,rp,Jeremy McNichols,16445,RB,WAS,115.8,15.25,97,138,,jeremy-mcnichols.php,,,0.6,,,,,,7.0,Jeremy McNichols,2026-07-31,WAS
/nfl/rankings/ppr-rb-cheatsheets.php,redraft-rb,rp,Damien Martinez,25976,RB,GB,115.8,8.42,102,125,,damien-martinez.php,,,0.7,,,,,-15.0,11.0,Damien Martinez,2026-07-31,GBP
/nfl/rankings/ppr-rb-cheatsheets.php,redraft-rb,rp,Ronnie Rivers,23986,RB,LAR,116.2,19.75,83,137,,ronnie-rivers.php,,,0.6,,,,,,11.0,Ronnie Rivers,2026-07-31,LAR
/nfl/rankings/ppr-rb-cheatsheets.php,redraft-rb,rp,Tyler Goodson,22976,RB,ATL,118.4,22.16,91,152,,tyler-goodson.php,,,0.7,,,,,,11.0,Tyler Goodson,2026-07-31,ATL
/nfl/rankings/ppr-rb-cheatsheets.php,redraft-rb,rp,Khalil Herbert,22763,RB,FA,107.75,20.28,86,128,,khalil-herbert.php,,,1.1,,,,,,,Khalil Herbert,2026-07-31,FA
/nfl/rankings/ppr-rb-cheatsheets.php,redraft-rb,rp,Noah Whittington,28115,RB,HOU,119.2,18.56,96,153,,noah-whittington.php,,,0.0,,,,,,8.0,Noah Whittington,2026-07-31,HOU
/nfl/rankings/ppr-rb-cheatsheets.php,redraft-rb,rp,Frank Gore Jr.,25980,RB,BUF,119.4,25.48,78,155,,frank-gore-jr.php,,,0.6,,,,,,7.0,Frank Gore,2026-07-31,BUF
/nfl/rankings/ppr-rb-cheatsheets.php,redraft-rb,rp,Elijah Mitchell,22813,RB,PHI,120.8,26.71,77,159,,elijah-mitchell-rb.php,,,0.7,,,,,,10.0,Elijah Mitchell,2026-07-31,PHI
/nfl/rankings/ppr-rb-cheatsheets.php,redraft-rb,rp,Alexander Mattison,18621,RB,FA,112.5,32.48,69,152,,alexander-mattison.php,,,1.0,,,,,21.0,,Alexander Mattison,2026-07-31,FA
/nfl/rankings/ppr-rb-cheatsheets.php,redraft-rb,rp,Raheem Mostert,14338,RB,LV,113.75,21.76,91,145,,raheem-mostert.php,,,0.6,,,,,,13.0,Raheem Mostert,2026-07-31,LVR
/nfl/rankings/ppr-rb-cheatsheets.php,redraft-rb,rp,Roman Hemby,25387,RB,LV,125.4,15.83,107,148,,roman-hemby.php,,,0.0,,,,,,13.0,Roman Hemby,2026-07-31,LVR
/nfl/rankings/ppr-rb-cheatsheets.php,redraft-rb,rp,Donovan Edwards,23014,RB,MIA,126.6,27.83,86,157,,donovan-edwards.php,,,1.0,,,,,,6.0,Donovan Edwards,2026-07-31,MIA
/nfl/rankings/ppr-rb-cheatsheets.php,redraft-rb,rp,Cam Akers,19268,RB,FA,119.25,24.47,78,139,,cam-akers.php,,,0.6,,,,,23.0,,Cam Akers,2026-07-31,FA
/nfl/rankings/ppr-rb-cheatsheets.php,redraft-rb,rp,Jacob Saylors,25693,RB,DET,109.33,22.88,82,138,,jacob-saylors.php,,,0.1,,,,,,6.0,Jacob Saylors,2026-07-31,DET
/nfl/rankings/ppr-rb-cheatsheets.php,redraft-rb,rp,Reggie Gilliam,19844,RB,NE,122.75,28.95,87,159,,reggie-gilliam.php,,,0.1,,,,,,11.0,Reggie Gilliam,2026-07-31,NEP
/nfl/rankings/ppr-rb-cheatsheets.php,redraft-rb,rp,AJ Dillon,19358,RB,CAR,123.75,21.19,93,148,,aj-dillon.php,,,0.6,,,,,-16.0,5.0,AJ Dillon,2026-07-31,CAR
/nfl/rankings/ppr-rb-cheatsheets.php,redraft-rb,rp,Alec Ingold,18571,RB,LAC,113.0,26.17,76,132,,alec-ingold.php,,,0.6,,,,,,7.0,Alec Ingold,2026-07-31,LAC
/nfl/rankings/ppr-rb-cheatsheets.php,redraft-rb,rp,Salvon Ahmed,19449,RB,CHI,126.5,28.67,79,156,,salvon-ahmed.php,,,0.1,,,,,26.0,10.0,Salvon Ahmed,2026-07-31,CHI
/nfl/rankings/ppr-rb-cheatsheets.php,redraft-rb,rp,Elijah Tau-Tolliver,28757,RB,BAL,115.0,26.28,85,149,,elijah-tau-tolliver.php,,,0.0,,,,,,13.0,Elijah Tau-Tolliver,2026-07-31,BAL
/nfl/rankings/ppr-rb-cheatsheets.php,redraft-rb,rp,Miles Davis,28906,RB,CAR,127.0,17.73,102,147,,miles-davis.php,,,0.0,,,,,,5.0,Miles Davis,2026-07-31,CAR
/nfl/rankings/ppr-rb-cheatsheets.php,redraft-rb,rp,Patrick Ricard,17145,RB,NYG,118.0,28.58,78,143,,patrick-ricard.php,,,0.8,,,,,,8.0,Patrick Ricard,2026-07-31,NYG
/nfl/rankings/ppr-rb-cheatsheets.php,redraft-rb,rp,Brittain Brown,24572,RB,CHI,129.0,24.46,88,150,,brittain-brown.php,,,1.4,,,,,,10.0,Brittain Brown,2026-07-31,CHI
/nfl/rankings/ppr-rb-cheatsheets.php,redraft-rb,rp,Max Bredeson,28434,RB,MIN,119.67,26.11,85,148,,max-bredeson.php,,,0.1,,,,,,6.0,Max Bredeson,2026-07-31,MIN
/nfl/rankings/ppr-rb-cheatsheets.php,redraft-rb,rp,Graig Cooper,10084,RB,FA,99.5,37.5,62,137,,graig-cooper.php,,,0.0,,,,,,,Graig Cooper,2026-07-31,FA
/nfl/rankings/ppr-rb-cheatsheets.php,redraft-rb,rp,Jacardia Wright,27781,RB,SEA,125.33,24.44,91,146,,jacardia-wright.php,,,0.0,,,,,,11.0,Jacardia Wright,2026-07-31,SEA
/nfl/rankings/ppr-rb-cheatsheets.php,redraft-rb,rp,Deon Jackson,20097,RB,FA,111.5,29.5,82,141,,deon-jackson.php,,,0.0,,,,,,,Deon Jackson,2026-07-31,FA
/nfl/rankings/ppr-rb-cheatsheets.php,redraft-rb,rp,Adam Prentice,23451,RB,DEN,128.33,27.92,89,151,,adam-prentice.php,,,0.6,,,,,,10.0,Adam Prentice,2026-07-31,DEN
/nfl/rankings/ppr-rb-cheatsheets.php,redraft-rb,rp,Kalel Mullings,27045,RB,TEN,136.75,23.71,96,155,,kalel-mullings.php,,,1.0,,,,,,9.0,Kalel Mullings,2026-07-31,TEN
/nfl/rankings/ppr-rb-cheatsheets.php,redraft-rb,rp,Clyde Edwards-Helaire,19325,RB,FA,112.0,28.0,84,140,,clyde-edwards-helaire.php,,,1.1,,,,,,,Clyde Edwards-Helaire,2026-07-31,FA
/nfl/rankings/ppr-rb-cheatsheets.php,redraft-rb,rp,Jordan Waters,26395,RB,LAR,115.5,38.5,77,154,,jordan-waters.php,,,0.0,,,,,,11.0,Jordan Waters,2026-07-31,LAR
/nfl/rankings/ppr-rb-cheatsheets.php,redraft-rb,rp,Michael Burton,14191,RB,CLE,131.33,16.52,108,144,,michael-burton.php,,,0.6,,,,,,11.0,Michael Burton,2026-07-31,CLE
/nfl/rankings/ppr-rb-cheatsheets.php,redraft-rb,rp,Pierre Strong Jr.,24173,RB,GB,131.67,14.01,116,150,,pierre-strong-jr.php,,,0.6,,,,,-22.0,11.0,Pierre Strong,2026-07-31,GBP
/nfl/rankings/ppr-rb-cheatsheets.php,redraft-rb,rp,Desmond Reid,28110,RB,FA,132.33,18.87,108,154,,desmond-reid.php,,,0.0,,,,,,,Desmond Reid,2026-07-31,FA
/nfl/rankings/ppr-rb-cheatsheets.php,redraft-rb,rp,Corey Kiner,22997,RB,ARI,118.0,5.0,113,123,,corey-kiner.php,,,1.0,,,,,,14.0,Corey Kiner,2026-07-31,ARI
/nfl/rankings/ppr-rb-cheatsheets.php,redraft-rb,rp,Elijah Dotson,25558,RB,FA,120.5,31.5,89,152,,elijah-dotson.php,,,0.0,,,,,,,Elijah Dotson,2026-07-31,FA
/nfl/rankings/ppr-rb-cheatsheets.php,redraft-rb,rp,Terion Stewart,28111,RB,KC,121.0,8.0,113,129,,terion-stewart.php,,,0.0,,,,,,5.0,Terion Stewart,2026-07-31,KCC
/nfl/rankings/ppr-rb-cheatsheets.php,redraft-rb,rp,Zamir White,20095,RB,LV,135.33,19.94,108,155,,zamir-white.php,,,1.6,,,,,,13.0,Zamir White,2026-07-31,LVR
/nfl/rankings/ppr-rb-cheatsheets.php,redraft-rb,rp,Trey Sermon,19425,RB,FA,126.5,0.5,126,127,,trey-sermon.php,,,1.0,,,,,,,Trey Sermon,2026-07-31,FA
/nfl/rankings/ppr-rb-cheatsheets.php,redraft-rb,rp,Myles Gaskin,17251,RB,FA,127.0,26.0,101,153,,myles-gaskin.php,,,0.0,,,,,,,Myles Gaskin,2026-07-31,FA
/nfl/rankings/ppr-rb-cheatsheets.php,redraft-rb,rp,British Brooks,26748,RB,HOU,129.0,27.0,102,156,,british-brooks.php,,,0.1,,,,,,8.0,British Brooks,2026-07-31,HOU
/nfl/rankings/ppr-rb-cheatsheets.php,redraft-rb,rp,Kenny McIntosh,25329,RB,FA,129.0,12.0,117,141,,kenny-mcintosh.php,,,1.1,,,,,,,Kenny McIntosh,2026-07-31,FA
/nfl/rankings/ppr-rb-cheatsheets.php,redraft-rb,rp,Chip Trayanum,28114,RB,NYJ,131.0,16.0,115,147,,chip-trayanum.php,,,1.2,,,,,,13.0,Chip Trayanum,2026-07-31,NYJ
/nfl/rankings/ppr-rb-cheatsheets.php,redraft-rb,rp,Amar Johnson,27696,RB,LAC,133.0,8.0,125,141,,amar-johnson.php,,,0.0,,,,,,7.0,Amar Johnson,2026-07-31,LAC
/nfl/rankings/ppr-rb-cheatsheets.php,redraft-rb,rp,Tyler Badie,23812,RB,DEN,134.5,23.5,111,158,,tyler-badie.php,,,1.0,,,,,-36.0,10.0,Tyler Badie,2026-07-31,DEN
/nfl/rankings/ppr-rb-cheatsheets.php,redraft-rb,rp,Dontae McMillan,28717,RB,BAL,134.5,16.5,118,151,,dontae-mcmillan.php,,,0.0,,,,,-30.0,13.0,Dontae McMillan,2026-07-31,BAL
/nfl/rankings/ppr-rb-cheatsheets.php,redraft-rb,rp,Kentrel Bullock,28122,RB,CIN,141.5,11.5,130,153,,kentrel-bullock.php,,,0.0,,,,,,6.0,Kentrel Bullock,2026-07-31,CIN
/nfl/rankings/ppr-rb-cheatsheets.php,redraft-rb,rp,Lew Nichols III,25443,RB,PIT,142.0,15.0,127,157,,lew-nichols.php,,,3.7,,,,,-23.0,9.0,Lew Nichols,2026-07-31,PIT
/nfl/rankings/ppr-rb-cheatsheets.php,redraft-rb,rp,Dante Miller,26446,RB,NYG,156.0,2.83,154,160,,dante-miller.php,,,0.0,,,,,,8.0,Dante Miller,2026-07-31,NYG
/nfl/rankings/ppr-te-cheatsheets.php,redraft-te,rp,Trey McBride,22936,TE,ARI,1.36,0.67,1,3,,trey-mcbride.php,,,99.3,,,,,,14.0,Trey McBride,2026-07-31,ARI
/nfl/rankings/ppr-te-cheatsheets.php,redraft-te,rp,Brock Bowers,22955,TE,LV,1.76,0.46,1,3,,brock-bowers.php,,,99.1,,,,,,13.0,Brock Bowers,2026-07-31,LVR
/nfl/rankings/ppr-te-cheatsheets.php,redraft-te,rp,Colston Loveland,26006,TE,CHI,3.3,1.03,2,7,,colston-loveland.php,,,98.6,,,,,,10.0,Colston Loveland,2026-07-31,CHI
/nfl/rankings/ppr-te-cheatsheets.php,redraft-te,rp,Tyler Warren,26434,TE,IND,3.98,0.62,2,6,,tyler-warren.php,,,98.2,,,,,,13.0,Tyler Warren,2026-07-31,IND
/nfl/rankings/ppr-te-cheatsheets.php,redraft-te,rp,Harold Fannin Jr.,27050,TE,CLE,6.32,1.63,4,13,,harold-fannin-jr.php,,,94.6,,,,,,11.0,Harold Fannin,2026-07-31,CLE
/nfl/rankings/ppr-te-cheatsheets.php,redraft-te,rp,Tucker Kraft,25298,TE,GB,6.36,1.75,4,11,,tucker-kraft.php,,,93.8,,,,,,11.0,Tucker Kraft,2026-07-31,GBP
/nfl/rankings/ppr-te-cheatsheets.php,redraft-te,rp,Kyle Pitts Sr.,20164,TE,ATL,7.02,1.46,5,12,,kyle-pitts.php,,,95.6,,,,,,11.0,Kyle Pitts,2026-07-31,ATL
/nfl/rankings/ppr-te-cheatsheets.php,redraft-te,rp,Sam LaPorta,22978,TE,DET,7.79,1.61,4,11,,sam-laporta.php,,,95.5,,,,,,6.0,Sam LaPorta,2026-07-31,DET
/nfl/rankings/ppr-te-cheatsheets.php,redraft-te,rp,Travis Kelce,11594,TE,KC,10.05,2.57,6,17,,travis-kelce.php,,,90.9,,,,,,5.0,Travis Kelce,2026-07-31,KCC
/nfl/rankings/ppr-te-cheatsheets.php,redraft-te,rp,George Kittle,16499,TE,SF,11.14,2.92,3,18,,george-kittle.php,,,92.8,,,,,,8.0,George Kittle,2026-07-31,SFO
/nfl/rankings/ppr-te-cheatsheets.php,redraft-te,rp,Jake Ferguson,22718,TE,DAL,11.55,2.41,6,16,,jake-ferguson.php,,,89.6,,,,,,14.0,Jake Ferguson,2026-07-31,DAL
/nfl/rankings/ppr-te-cheatsheets.php,redraft-te,rp,Dalton Kincaid,25247,TE,BUF,12.33,2.2,9,19,,dalton-kincaid.php,,,78.2,,,,,,7.0,Dalton Kincaid,2026-07-31,BUF
/nfl/rankings/ppr-te-cheatsheets.php,redraft-te,rp,Dallas Goedert,17270,TE,PHI,13.32,2.46,9,19,,dallas-goedert.php,,,88.7,,,,,,10.0,Dallas Goedert,2026-07-31,PHI
/nfl/rankings/ppr-te-cheatsheets.php,redraft-te,rp,Isaiah Likely,23781,TE,NYG,13.56,4.12,8,29,,isaiah-likely.php,,,86.6,,,,,,8.0,Isaiah Likely,2026-07-31,NYG
/nfl/rankings/ppr-te-cheatsheets.php,redraft-te,rp,Mark Andrews,17269,TE,BAL,14.24,2.73,9,23,,mark-andrews.php,,,84.3,,,,,,13.0,Mark Andrews,2026-07-31,BAL
/nfl/rankings/ppr-te-cheatsheets.php,redraft-te,rp,Juwan Johnson,19562,TE,NO,17.23,2.48,12,22,,juwan-johnson.php,,,47.1,,,,,,8.0,Juwan Johnson,2026-07-31,NOS
/nfl/rankings/ppr-te-cheatsheets.php,redraft-te,rp,Brenton Strange,25345,TE,JAC,17.76,2.58,12,27,,brenton-strange.php,,,50.4,,,,,,7.0,Brenton Strange,2026-07-31,JAC
/nfl/rankings/ppr-te-cheatsheets.php,redraft-te,rp,Chig Okonkwo,23982,TE,WAS,18.08,4.38,9,32,,chigoziem-okonkwo.php,,,42.9,,,,,,7.0,Chigoziem Okonkwo,2026-07-31,WAS
/nfl/rankings/ppr-te-cheatsheets.php,redraft-te,rp,Hunter Henry,15561,TE,NE,19.21,2.67,11,26,,hunter-henry.php,,,64.5,,,,,,11.0,Hunter Henry,2026-07-31,NEP
/nfl/rankings/ppr-te-cheatsheets.php,redraft-te,rp,Oronde Gadsden II,25997,TE,LAC,19.74,3.83,11,27,,oronde-gadsden-ii.php,,,53.6,,,,,,7.0,Oronde Gadsden,2026-07-31,LAC
/nfl/rankings/ppr-te-cheatsheets.php,redraft-te,rp,Dalton Schultz,17349,TE,HOU,20.88,2.34,13,26,,dalton-schultz.php,,,32.5,,,,,,8.0,Dalton Schultz,2026-07-31,HOU
/nfl/rankings/ppr-te-cheatsheets.php,redraft-te,rp,T.J. Hockenson,18290,TE,MIN,21.56,2.08,16,28,,tj-hockenson.php,,,56.3,,,,,,6.0,TJ Hockenson,2026-07-31,MIN
/nfl/rankings/ppr-te-cheatsheets.php,redraft-te,rp,AJ Barner,26335,TE,SEA,24.14,2.61,17,30,,aj-barner.php,,,30.3,,,,,,11.0,AJ Barner,2026-07-31,SEA
/nfl/rankings/ppr-te-cheatsheets.php,redraft-te,rp,Kenyon Sadiq,26055,TE,NYJ,24.89,6.02,16,60,,kenyon-sadiq.php,,,64.8,,,,,,13.0,Kenyon Sadiq,2026-07-31,NYJ
/nfl/rankings/ppr-te-cheatsheets.php,redraft-te,rp,Gunnar Helm,27109,TE,TEN,25.55,4.39,19,43,,gunnar-helm.php,,,20.8,,,,,,9.0,Gunnar Helm,2026-07-31,TEN
/nfl/rankings/ppr-te-cheatsheets.php,redraft-te,rp,Cade Otton,23181,TE,TB,28.73,3.22,22,42,,cade-otton.php,,,23.2,,,,,,10.0,Cade Otton,2026-07-31,TBB
/nfl/rankings/ppr-te-cheatsheets.php,redraft-te,rp,Pat Freiermuth,20163,TE,PIT,28.49,3.72,20,39,,pat-freiermuth.php,,,20.2,,,,,,9.0,Pat Freiermuth,2026-07-31,PIT
/nfl/rankings/ppr-te-cheatsheets.php,redraft-te,rp,Terrance Ferguson,23091,TE,LAR,28.89,4.7,23,58,,terrance-ferguson.php,,,22.1,,,,,,11.0,Terrance Ferguson,2026-07-31,LAR
/nfl/rankings/ppr-te-cheatsheets.php,redraft-te,rp,Evan Engram,16411,TE,DEN,30.81,3.72,20,37,,evan-engram.php,,,12.9,,,,,,10.0,Evan Engram,2026-07-31,DEN
/nfl/rankings/ppr-te-cheatsheets.php,redraft-te,rp,David Njoku,16399,TE,LAC,29.08,2.95,21,36,,david-njoku.php,,,25.1,,,,,,7.0,David Njoku,2026-07-31,LAC
/nfl/rankings/ppr-te-cheatsheets.php,redraft-te,rp,Colby Parkinson,19372,TE,LAR,31.06,2.77,25,40,,colby-parkinson.php,,,20.3,,,,,,11.0,Colby Parkinson,2026-07-31,LAR
/nfl/rankings/ppr-te-cheatsheets.php,redraft-te,rp,Oscar Delp,25430,TE,NO,38.15,5.92,32,57,,oscar-delp.php,,,6.4,,,,,,8.0,Oscar Delp,2026-07-31,NOS
/nfl/rankings/ppr-te-cheatsheets.php,redraft-te,rp,Eli Stowers,23144,TE,PHI,33.33,4.88,26,51,,eli-stowers.php,,,24.0,,,,,,10.0,Eli Stowers,2026-07-31,PHI
/nfl/rankings/ppr-te-cheatsheets.php,redraft-te,rp,Mason Taylor,26005,TE,NYJ,33.7,4.7,23,46,,mason-taylor.php,,,14.8,,,,,,13.0,Mason Taylor,2026-07-31,NYJ
/nfl/rankings/ppr-te-cheatsheets.php,redraft-te,rp,Theo Johnson,23104,TE,NYG,34.08,4.8,21,45,,theo-johnson.php,,,14.9,,,,,,8.0,Theo Johnson,2026-07-31,NYG
/nfl/rankings/ppr-te-cheatsheets.php,redraft-te,rp,Greg Dulcich,23153,TE,MIA,25.04,5.43,15,38,,greg-dulcich.php,,,20.5,,,,,,6.0,Greg Dulcich,2026-07-31,MIA
/nfl/rankings/ppr-te-cheatsheets.php,redraft-te,rp,Mike Gesicki,17272,TE,CIN,33.49,3.92,25,46,,mike-gesicki.php,,,13.4,,,,,,6.0,Mike Gesicki,2026-07-31,CIN
/nfl/rankings/ppr-te-cheatsheets.php,redraft-te,rp,Jake Tonges,24778,TE,SF,37.25,2.95,30,44,,jake-tonges.php,,,17.6,,,,,,8.0,Jake Tonges,2026-07-31,SFO
/nfl/rankings/ppr-te-cheatsheets.php,redraft-te,rp,Darnell Washington,22967,TE,PIT,37.67,5.34,29,54,,darnell-washington.php,,,12.5,,,,,,9.0,Darnell Washington,2026-07-31,PIT
/nfl/rankings/ppr-te-cheatsheets.php,redraft-te,rp,Tyler Higbee,15623,TE,LAR,42.45,7.62,31,66,,tyler-higbee.php,,,3.1,,,,,,11.0,Tyler Higbee,2026-07-31,LAR
/nfl/rankings/ppr-te-cheatsheets.php,redraft-te,rp,Elijah Arroyo,23004,TE,SEA,42.44,4.96,34,55,,elijah-arroyo.php,,,7.1,,,,,,11.0,Elijah Arroyo,2026-07-31,SEA
/nfl/rankings/ppr-te-cheatsheets.php,redraft-te,rp,Max Klare,27993,TE,LAR,43.46,9.34,35,86,,max-klare.php,,,11.3,,,,,,11.0,Max Klare,2026-07-31,LAR
/nfl/rankings/ppr-te-cheatsheets.php,redraft-te,rp,Michael Mayer,23056,TE,LV,41.76,5.02,33,55,,michael-mayer.php,,,11.5,,,,,,13.0,Michael Mayer,2026-07-31,LVR
/nfl/rankings/ppr-te-cheatsheets.php,redraft-te,rp,Noah Gray,19539,TE,KC,43.2,6.09,31,58,,noah-gray.php,,,4.2,,,,,,5.0,Noah Gray,2026-07-31,KCC
/nfl/rankings/ppr-te-cheatsheets.php,redraft-te,rp,Cole Kmet,19229,TE,CHI,43.13,4.22,35,50,,cole-kmet.php,,,7.3,,,,,,10.0,Cole Kmet,2026-07-31,CHI
/nfl/rankings/ppr-te-cheatsheets.php,redraft-te,rp,Ja'Tavion Sanders,24334,TE,CAR,42.91,5.05,32,52,,jatavion-sanders.php,,,4.7,,,,,,5.0,JaTavion Sanders,2026-07-31,CAR
/nfl/rankings/ppr-te-cheatsheets.php,redraft-te,rp,Dawson Knox,18631,TE,BUF,45.37,5.46,36,58,,dawson-knox.php,,,7.4,,,,,,7.0,Dawson Knox,2026-07-31,BUF
/nfl/rankings/ppr-te-cheatsheets.php,redraft-te,rp,Justin Joly,28079,TE,DEN,50.11,7.62,37,68,,justin-joly.php,,,11.0,,,,,,10.0,Justin Joly,2026-07-31,DEN
/nfl/rankings/ppr-te-cheatsheets.php,redraft-te,rp,Noah Fant,17527,TE,NO,49.28,6.28,35,61,,noah-fant.php,,,1.8,,,,,,8.0,Noah Fant,2026-07-31,NOS
/nfl/rankings/ppr-te-cheatsheets.php,redraft-te,rp,Eli Raridon,28154,TE,NE,50.78,7.42,37,65,,eli-raridon.php,,,5.1,,,,,,11.0,Eli Raridon,2026-07-31,NEP
/nfl/rankings/ppr-te-cheatsheets.php,redraft-te,rp,Erick All Jr.,23837,TE,CIN,46.65,8.2,33,60,,erick-all.php,,,2.0,,,,,,6.0,Erick All,2026-07-31,CIN
/nfl/rankings/ppr-te-cheatsheets.php,redraft-te,rp,Luke Musgrave,25282,TE,GB,53.06,4.51,47,66,,luke-musgrave.php,,,7.0,,,,,,11.0,Luke Musgrave,2026-07-31,GBP
/nfl/rankings/ppr-te-cheatsheets.php,redraft-te,rp,John Bates,22833,TE,WAS,51.43,13.62,34,73,,john-bates.php,,,0.7,,,,,,7.0,John Bates,2026-07-31,WAS
/nfl/rankings/ppr-te-cheatsheets.php,redraft-te,rp,Ben Sinnott,26310,TE,WAS,55.23,8.51,42,75,,ben-sinnott.php,,,1.9,,,,,,7.0,Ben Sinnott,2026-07-31,WAS
/nfl/rankings/ppr-te-cheatsheets.php,redraft-te,rp,Tommy Tremble,22795,TE,CAR,53.64,5.42,46,65,,tommy-tremble.php,,,1.0,,,,,,5.0,Tommy Tremble,2026-07-31,CAR
/nfl/rankings/ppr-te-cheatsheets.php,redraft-te,rp,Darren Waller,14104,TE,FA,51.3,11.02,35,70,,darren-waller.php,,,2.3,,,,,,,Darren Waller,2026-07-31,FA
/nfl/rankings/ppr-te-cheatsheets.php,redraft-te,rp,Elijah Higgins,23119,TE,ARI,56.8,5.33,49,67,,elijah-higgins.php,,,1.5,,,,,,14.0,Elijah Higgins,2026-07-31,ARI
/nfl/rankings/ppr-te-cheatsheets.php,redraft-te,rp,Mitchell Evans,27138,TE,CAR,57.1,5.24,48,67,,mitchell-evans.php,,,0.7,,,,,6.0,5.0,Mitchell Evans,2026-07-31,CAR
/nfl/rankings/ppr-te-cheatsheets.php,redraft-te,rp,Daniel Bellinger,24238,TE,TEN,58.8,5.53,51,72,,daniel-bellinger.php,,,3.2,,,,,,9.0,Daniel Bellinger,2026-07-31,TEN
/nfl/rankings/ppr-te-cheatsheets.php,redraft-te,rp,Zach Ertz,11689,TE,FA,53.78,11.43,38,70,,zach-ertz.php,,,1.7,,,,,,,Zach Ertz,2026-07-31,FA
/nfl/rankings/ppr-te-cheatsheets.php,redraft-te,rp,Austin Hooper,15581,TE,ATL,58.11,10.96,40,71,,austin-hooper.php,,,1.4,,,,,,11.0,Austin Hooper,2026-07-31,ATL
/nfl/rankings/ppr-te-cheatsheets.php,redraft-te,rp,Marlin Klein,28157,TE,HOU,60.44,6.22,47,67,,marlin-klein.php,,,1.2,,,,,,8.0,Marlin Klein,2026-07-31,HOU
/nfl/rankings/ppr-te-cheatsheets.php,redraft-te,rp,Jonnu Smith,16460,TE,FA,53.75,11.49,40,72,,jonnu-smith.php,,,2.9,,,,,7.0,,Jonnu Smith,2026-07-31,FA
/nfl/rankings/ppr-te-cheatsheets.php,redraft-te,rp,Nate Boerkircher,28427,TE,JAC,71.0,7.18,60,81,,nate-boerkircher.php,,,0.9,,,,,,7.0,Nate Boerkircher,2026-07-31,JAC
/nfl/rankings/ppr-te-cheatsheets.php,redraft-te,rp,Josh Oliver,18487,TE,MIN,61.38,6.54,51,68,,josh-oliver.php,,,0.7,,,,,,6.0,Josh Oliver,2026-07-31,MIN
/nfl/rankings/ppr-te-cheatsheets.php,redraft-te,rp,Luke Schoonmaker,25267,TE,DAL,64.25,5.83,53,74,,luke-schoonmaker.php,,,0.9,,,,,,14.0,Luke Schoonmaker,2026-07-31,DAL
/nfl/rankings/ppr-te-cheatsheets.php,redraft-te,rp,Tommy Myers,25167,TE,FA,53.86,11.84,37,71,,tommy-myers.php,,,0.0,,,,,,,Tommy Myers,2026-07-31,FA
/nfl/rankings/ppr-te-cheatsheets.php,redraft-te,rp,Adam Trautman,19423,TE,DEN,64.57,6.04,57,72,,adam-trautman.php,,,0.6,,,,,,10.0,Adam Trautman,2026-07-31,DEN
/nfl/rankings/ppr-te-cheatsheets.php,redraft-te,rp,Sam Roush,28161,TE,CHI,70.43,9.29,56,79,,sam-roush.php,,,1.5,,,,,-12.0,10.0,Sam Roush,2026-07-31,CHI
/nfl/rankings/ppr-te-cheatsheets.php,redraft-te,rp,Charlie Kolar,22756,TE,LAC,70.86,35.89,44,156,,charlie-kolar.php,,,2.0,,,,,,7.0,Charlie Kolar,2026-07-31,LAC
/nfl/rankings/ppr-te-cheatsheets.php,redraft-te,rp,Jackson Hawes,27469,TE,BUF,72.14,6.9,65,85,,jackson-hawes.php,,,0.6,,,,,,7.0,Jackson Hawes,2026-07-31,BUF
/nfl/rankings/ppr-te-cheatsheets.php,redraft-te,rp,Michael Trigg,23167,TE,DAL,78.0,24.6,57,136,,michael-trigg.php,,,9.0,,,,,,14.0,Michael Trigg,2026-07-31,DAL
/nfl/rankings/ppr-te-cheatsheets.php,redraft-te,rp,Mo Alie-Cox,16579,TE,IND,65.0,9.02,53,80,,mo-alie-cox.php,,,0.6,,,,,,13.0,Mo Alie-Cox,2026-07-31,IND
/nfl/rankings/ppr-te-cheatsheets.php,redraft-te,rp,Tyler Conklin,17598,TE,DET,82.43,21.32,61,131,,tyler-conklin.php,,,0.7,,,,,-10.0,6.0,Tyler Conklin,2026-07-31,DET
/nfl/rankings/ppr-te-cheatsheets.php,redraft-te,rp,Tanner Hudson,17826,TE,CIN,59.6,11.11,44,72,,tanner-hudson.php,,,1.2,,,,,25.0,6.0,Tanner Hudson,2026-07-31,CIN
/nfl/rankings/ppr-te-cheatsheets.php,redraft-te,rp,Taysom Hill,17115,TE,FA,65.0,20.98,26,84,,taysom-hill.php,,,0.7,,,,,8.0,,Taysom Hill,2026-07-31,FA
/nfl/rankings/ppr-te-cheatsheets.php,redraft-te,rp,Will Dissly,18049,TE,FA,65.2,17.01,36,85,,will-dissly.php,,,1.0,,,,,22.0,,Will Dissly,2026-07-31,FA
/nfl/rankings/ppr-te-cheatsheets.php,redraft-te,rp,Drew Sample,18561,TE,CIN,65.6,8.21,53,78,,drew-sample.php,,,0.6,,,,,,6.0,Drew Sample,2026-07-31,CIN
/nfl/rankings/ppr-te-cheatsheets.php,redraft-te,rp,Brock Wright,23341,TE,DET,67.2,10.68,53,80,,brock-wright.php,,,0.6,,,,,,6.0,Brock Wright,2026-07-31,DET
/nfl/rankings/ppr-te-cheatsheets.php,redraft-te,rp,Will Kacmarek,28403,TE,MIA,69.6,12.16,47,83,,will-kacmarek.php,,,5.4,,,,,,6.0,Will Kacmarek,2026-07-31,MIA
/nfl/rankings/ppr-te-cheatsheets.php,redraft-te,rp,Durham Smythe,17508,TE,BAL,71.8,7.98,61,82,,durham-smythe.php,,,0.6,,,,,,13.0,Durham Smythe,2026-07-31,BAL
/nfl/rankings/ppr-te-cheatsheets.php,redraft-te,rp,Jeremy Ruckert,23742,TE,NYJ,77.2,25.69,41,119,,jeremy-ruckert.php,,,0.6,,,,,,13.0,Jeremy Ruckert,2026-07-31,NYJ
/nfl/rankings/ppr-te-cheatsheets.php,redraft-te,rp,Cade Stover,25269,TE,HOU,77.6,15.68,59,106,,cade-stover.php,,,0.8,,,,,,8.0,Cade Stover,2026-07-31,HOU
/nfl/rankings/ppr-te-cheatsheets.php,redraft-te,rp,Matt Hibner,28168,TE,BAL,85.2,18.88,67,121,,matthew-hibner.php,,,2.6,,,,,,13.0,Matt Hibner,2026-07-31,BAL
/nfl/rankings/ppr-te-cheatsheets.php,redraft-te,rp,Nate Adkins,25881,TE,DEN,87.6,24.74,50,128,,nate-adkins.php,,,1.0,,,,,12.0,10.0,Nate Adkins,2026-07-31,DEN
/nfl/rankings/ppr-te-cheatsheets.php,redraft-te,rp,Tanner Koziol,27499,TE,JAC,88.0,26.31,62,136,,tanner-koziol.php,,,1.9,,,,,-21.0,7.0,Tanner Koziol,2026-07-31,JAC
/nfl/rankings/ppr-te-cheatsheets.php,redraft-te,rp,Davis Allen,23761,TE,LAR,88.8,28.58,56,142,,davis-allen.php,,,0.6,,,,,-14.0,11.0,Davis Allen,2026-07-31,LAR
/nfl/rankings/ppr-te-cheatsheets.php,redraft-te,rp,Moliki Matavao,23093,TE,NO,89.6,34.98,51,155,,moliki-matavao.php,,,1.0,,,,,20.0,8.0,Moliki Matavao,2026-07-31,NOS
/nfl/rankings/ppr-te-cheatsheets.php,redraft-te,rp,Albert Okwuegbunam Jr.,18246,TE,LV,74.75,27.99,34,113,,albert-okwuegbunam.php,,,0.0,,,,,31.0,13.0,Albert Okwuegbunam,2026-07-31,LVR
/nfl/rankings/ppr-te-cheatsheets.php,redraft-te,rp,Joe Royer,27312,TE,CLE,76.75,11.43,66,93,,joe-royer.php,,,1.6,,,,,,11.0,Joe Royer,2026-07-31,CLE
/nfl/rankings/ppr-te-cheatsheets.php,redraft-te,rp,Josh Whyle,22923,TE,GB,80.5,24.86,60,123,,josh-whyle.php,,,0.6,,,,,12.0,11.0,Josh Whyle,2026-07-31,GBP
/nfl/rankings/ppr-te-cheatsheets.php,redraft-te,rp,Jared Wiley,26343,TE,KC,96.2,15.75,74,122,,jared-wiley.php,,,1.0,,,,,,5.0,Jared Wiley,2026-07-31,KCC
/nfl/rankings/ppr-te-cheatsheets.php,redraft-te,rp,Foster Moreau,18397,TE,HOU,85.0,13.38,68,100,,foster-moreau.php,,,0.7,,,,,-23.0,8.0,Foster Moreau,2026-07-31,HOU
/nfl/rankings/ppr-te-cheatsheets.php,redraft-te,rp,Thomas Fidone II,23039,TE,NYG,99.4,32.62,64,155,,thomas-fidone.php,,,1.0,,,,,,8.0,Thomas Fidone,2026-07-31,NYG
/nfl/rankings/ppr-te-cheatsheets.php,redraft-te,rp,Jack Endries,27501,TE,CIN,99.4,30.24,73,157,,jack-endries.php,,,5.8,,,,,-21.0,6.0,Jack Endries,2026-07-31,CIN
/nfl/rankings/ppr-te-cheatsheets.php,redraft-te,rp,Will Mallory,23821,TE,IND,85.25,18.21,56,106,,will-mallory.php,,,1.0,,,,,19.0,13.0,Will Mallory,2026-07-31,IND
/nfl/rankings/ppr-te-cheatsheets.php,redraft-te,rp,Seydou Traore,28163,TE,MIA,90.75,26.62,66,134,,seydou-traore.php,,,0.0,,,,,,6.0,Seydou Traore,2026-07-31,MIA
/nfl/rankings/ppr-te-cheatsheets.php,redraft-te,rp,Ben Sims,25349,TE,MIA,96.5,15.91,80,117,,ben-sims.php,,,0.1,,,,,,6.0,Ben Sims,2026-07-31,MIA
/nfl/rankings/ppr-te-cheatsheets.php,redraft-te,rp,Stone Smartt,24621,TE,PHI,96.75,21.0,73,130,,stone-smartt.php,,,1.0,,,,,-14.0,10.0,Stone Smartt,2026-07-31,PHI
/nfl/rankings/ppr-te-cheatsheets.php,redraft-te,rp,Julian Hill,25824,TE,NE,77.0,10.23,64,89,,julian-hill.php,,,0.6,,,,,,11.0,Julian Hill,2026-07-31,NEP
/nfl/rankings/ppr-te-cheatsheets.php,redraft-te,rp,Miles Kitselman,28156,TE,DET,77.67,17.44,53,90,,miles-kitselman.php,,,0.0,,,,,10.0,6.0,Miles Kitselman,2026-07-31,DET
/nfl/rankings/ppr-te-cheatsheets.php,redraft-te,rp,Jordan Akins,17415,TE,FA,79.33,14.52,59,92,,jordan-akins.php,,,1.0,,,,,,,Jordan Akins,2026-07-31,FA
/nfl/rankings/ppr-te-cheatsheets.php,redraft-te,rp,Bauer Sharp,28165,TE,TB,81.0,15.9,66,103,,bauer-sharp.php,,,0.0,,,,,11.0,10.0,Bauer Sharp,2026-07-31,TBB
/nfl/rankings/ppr-te-cheatsheets.php,redraft-te,rp,Khalil Dinkins,28436,TE,FA,100.0,32.49,59,150,,khalil-dinkins.php,,,0.0,,,,,,,Khalil Dinkins,2026-07-31,FA
/nfl/rankings/ppr-te-cheatsheets.php,redraft-te,rp,Harrison Bryant,19389,TE,FA,82.67,33.91,42,125,,harrison-bryant.php,,,0.0,,,,,12.0,,Harrison Bryant,2026-07-31,FA
/nfl/rankings/ppr-te-cheatsheets.php,redraft-te,rp,Tip Reiman,26432,TE,ARI,83.0,20.54,67,112,,tip-reiman.php,,,0.1,,,,,-20.0,14.0,Tip Reiman,2026-07-31,ARI
/nfl/rankings/ppr-te-cheatsheets.php,redraft-te,rp,Josh Cuevas,28155,TE,BAL,88.33,18.08,63,104,,josh-cuevas.php,,,0.6,,,,,,13.0,Josh Cuevas,2026-07-31,BAL
/nfl/rankings/ppr-te-cheatsheets.php,redraft-te,rp,Charlie Woerner,19665,TE,ATL,93.33,7.04,84,101,,charlie-woerner.php,,,0.1,,,,,-18.0,11.0,Charlie Woerner,2026-07-31,ATL
/nfl/rankings/ppr-te-cheatsheets.php,redraft-te,rp,Brevyn Spann-Ford,26003,TE,DAL,94.0,19.8,72,120,,brevyn-spann-ford.php,,,0.1,,,,,,14.0,Brevyn Spann-Ford,2026-07-31,DAL
/nfl/rankings/ppr-te-cheatsheets.php,redraft-te,rp,Luke Farrell,19501,TE,SF,100.33,19.62,77,125,,luke-farrell.php,,,0.6,,,,,,8.0,Luke Farrell,2026-07-31,SFO
/nfl/rankings/ppr-te-cheatsheets.php,redraft-te,rp,Payne Durham,25346,TE,TB,102.33,25.25,83,138,,payne-durham.php,,,0.6,,,,,-19.0,10.0,Payne Durham,2026-07-31,TBB
/nfl/rankings/ppr-te-cheatsheets.php,redraft-te,rp,Eric Saubert,16706,TE,SEA,104.33,20.07,85,132,,eric-saubert.php,,,0.9,,,,,-21.0,11.0,Eric Saubert,2026-07-31,SEA
/nfl/rankings/ppr-te-cheatsheets.php,redraft-te,rp,Kylen Granson,22841,TE,TEN,106.67,25.69,88,143,,kylen-granson.php,,,1.2,,,,,-16.0,9.0,Kylen Granson,2026-07-31,TEN
/nfl/rankings/ppr-te-cheatsheets.php,redraft-te,rp,Devin Culp,26440,TE,TB,107.33,18.26,92,133,,devin-culp.php,,,1.2,,,,,,10.0,Devin Culp,2026-07-31,TBB
/nfl/rankings/ppr-te-cheatsheets.php,redraft-te,rp,Nick Boyle,13963,TE,FA,107.67,31.33,78,151,,nick-boyle.php,,,0.0,,,,,,,Nick Boyle,2026-07-31,FA
/nfl/rankings/ppr-te-cheatsheets.php,redraft-te,rp,Brevin Jordan,20162,TE,HOU,83.5,9.5,74,93,,brevin-jordan.php,,,1.0,,,,,,8.0,Brevin Jordan,2026-07-31,HOU
/nfl/rankings/ppr-te-cheatsheets.php,redraft-te,rp,Noah Togiai,19688,TE,FA,110.0,30.8,79,152,,noah-togiai.php,,,0.0,,,,,,,Noah Togiai,2026-07-31,FA
/nfl/rankings/ppr-te-cheatsheets.php,redraft-te,rp,Connor Heyward,24562,TE,LV,88.5,27.5,61,116,,connor-heyward.php,,,0.2,,,,,,13.0,Connor Heyward,2026-07-31,LVR
/nfl/rankings/ppr-te-cheatsheets.php,redraft-te,rp,Robert Tonyan,16502,TE,PIT,90.0,13.0,77,103,,robert-tonyan.php,,,0.0,,,,,,9.0,Robert Tonyan,2026-07-31,PIT
/nfl/rankings/ppr-te-cheatsheets.php,redraft-te,rp,Jack Stoll,23193,TE,CLE,91.5,21.5,70,113,,jack-stoll.php,,,0.0,,,,,,11.0,Jack Stoll,2026-07-31,CLE
/nfl/rankings/ppr-te-cheatsheets.php,redraft-te,rp,Teagan Quitoriano,24182,TE,ARI,113.33,19.74,91,139,,teagan-quitoriano.php,,,0.0,,,,,,14.0,Teagan Quitoriano,2026-07-31,ARI
/nfl/rankings/ppr-te-cheatsheets.php,redraft-te,rp,Grant Calcaterra,24180,TE,PHI,115.0,22.55,89,144,,grant-calcaterra.php,,,0.7,,,,,,10.0,Grant Calcaterra,2026-07-31,PHI
/nfl/rankings/ppr-te-cheatsheets.php,redraft-te,rp,Tanner Conner,24216,TE,NYG,99.0,5.0,94,104,,tanner-conner.php,,,1.2,,,,,,8.0,Tanner Conner,2026-07-31,NYG
/nfl/rankings/ppr-te-cheatsheets.php,redraft-te,rp,Johnny Mundt,16743,TE,PHI,99.5,7.5,92,107,,johnny-mundt.php,,,0.1,,,,,,10.0,Johnny Mundt,2026-07-31,PHI
/nfl/rankings/ppr-te-cheatsheets.php,redraft-te,rp,Andrew Beck,18748,TE,NYJ,101.5,3.5,98,105,,andrew-beck.php,,,0.1,,,,,,13.0,Andrew Beck,2026-07-31,NYJ
/nfl/rankings/ppr-te-cheatsheets.php,redraft-te,rp,Ben Yurosek,27843,TE,MIN,104.5,13.5,91,118,,ben-yurosek.php,,,0.0,,,,,,6.0,Ben Yurosek,2026-07-31,MIN
/nfl/rankings/ppr-te-cheatsheets.php,redraft-te,rp,Hayden Rucci,26946,TE,SF,104.5,1.5,103,106,,hayden-rucci.php,,,0.0,,,,,,8.0,Hayden Rucci,2026-07-31,SFO
/nfl/rankings/ppr-te-cheatsheets.php,redraft-te,rp,Jaheim Bell,24747,TE,PIT,105.5,5.5,100,111,,jaheim-bell.php,,,1.0,,,,,19.0,9.0,Jaheim Bell,2026-07-31,PIT
/nfl/rankings/ppr-te-cheatsheets.php,redraft-te,rp,Anthony Firkser,16787,TE,FA,107.0,7.0,100,114,,anthony-firkser.php,,,0.0,,,,,,,Anthony Firkser,2026-07-31,FA
/nfl/rankings/ppr-te-cheatsheets.php,redraft-te,rp,Cam Grandy,26429,TE,CIN,107.5,0.5,107,108,,cam-grandy.php,,,0.0,,,,,,6.0,Cam Grandy,2026-07-31,CIN
/nfl/rankings/ppr-te-cheatsheets.php,redraft-te,rp,James Mitchell,23174,TE,CAR,124.67,11.95,109,138,,james-mitchell.php,,,0.0,,,,,14.0,5.0,James Mitchell,2026-07-31,CAR
/nfl/rankings/ppr-te-cheatsheets.php,redraft-te,rp,Drew Ogletree,24561,TE,IND,111.5,3.5,108,115,,andrew-ogletree.php,,,1.0,,,,,-13.0,13.0,Andrew Ogletree,2026-07-31,IND
/nfl/rankings/ppr-te-cheatsheets.php,redraft-te,rp,John Michael Gyllenborg,28158,TE,KC,113.0,33.0,80,146,,john-michael-gyllenborg.php,,,1.8,,,,,,5.0,John Michael Gyllenborg,2026-07-31,KCC
/nfl/rankings/ppr-te-cheatsheets.php,redraft-te,rp,Lucas Krull,24240,TE,DEN,118.0,8.0,110,126,,lucas-krull.php,,,1.8,,,,,,10.0,Lucas Krull,2026-07-31,DEN
/nfl/rankings/ppr-te-cheatsheets.php,redraft-te,rp,Gavin Bartholomew,26002,TE,MIN,118.5,7.5,111,126,,gavin-bartholomew.php,,,0.0,,,,,,6.0,Gavin Bartholomew,2026-07-31,MIN
/nfl/rankings/ppr-te-cheatsheets.php,redraft-te,rp,Carsen Ryan,28399,TE,CLE,122.5,25.5,97,148,,carsen-ryan.php,,,1.1,,,,,,11.0,Carsen Ryan,2026-07-31,CLE
/nfl/rankings/ppr-te-cheatsheets.php,redraft-te,rp,Blake Whiteheart,25657,TE,CLE,123.0,14.0,109,137,,blake-whiteheart.php,,,0.1,,,,,-16.0,11.0,Blake Whiteheart,2026-07-31,CLE
/nfl/rankings/ppr-te-cheatsheets.php,redraft-te,rp,Cole Turner,23727,TE,MIA,130.5,0.5,130,131,,cole-turner.php,,,1.0,,,,,,6.0,Cole Turner,2026-07-31,MIA
/nfl/rankings/ppr-te-cheatsheets.php,redraft-te,rp,Sean McKeon,19726,TE,IND,131.0,23.0,108,154,,sean-mckeon.php,,,0.0,,,,,,13.0,Sean McKeon,2026-07-31,IND
/nfl/rankings/ppr-te-cheatsheets.php,redraft-te,rp,Ko Kieft,24568,TE,TB,131.0,15.0,116,146,,ko-kieft.php,,,0.0,,,,,,10.0,Ko Kieft,2026-07-31,TBB
/nfl/rankings/ppr-te-cheatsheets.php,redraft-te,rp,Jake Briningstool,22924,TE,KC,131.0,14.0,117,145,,jake-briningstool.php,,,0.0,,,,,,5.0,Jake Briningstool,2026-07-31,KCC
/nfl/rankings/ppr-te-cheatsheets.php,redraft-te,rp,Jelani Woods,23829,TE,NYJ,131.5,19.5,112,151,,jelani-woods.php,,,3.9,,,,,20.0,13.0,Jelani Woods,2026-07-31,NYJ
/nfl/rankings/ppr-te-cheatsheets.php,redraft-te,rp,CJ Dippre,27251,TE,NE,131.5,9.5,122,141,,cj-dippre.php,,,0.1,,,,,,11.0,CJ Dippre,2026-07-31,NEP
/nfl/rankings/ppr-te-cheatsheets.php,redraft-te,rp,Ian Thomas,17387,TE,LV,133.0,12.0,121,145,,ian-thomas.php,,,0.0,,,,,,13.0,Ian Thomas,2026-07-31,LVR
/nfl/rankings/ppr-te-cheatsheets.php,redraft-te,rp,Brayden Willis,25469,TE,SF,135.5,7.5,128,143,,brayden-willis.php,,,0.0,,,,,,8.0,Brayden Willis,2026-07-31,SFO
/nfl/rankings/ppr-te-cheatsheets.php,redraft-te,rp,Keleki Latu,27287,TE,BUF,136.0,22.0,114,158,,keleki-latu.php,,,0.0,,,,,,7.0,Keleki Latu,2026-07-31,BUF
/nfl/rankings/ppr-te-cheatsheets.php,redraft-te,rp,Hunter Long,22783,TE,JAC,139.0,10.0,129,149,,hunter-long.php,,,1.0,,,,,,7.0,Hunter Long,2026-07-31,JAC
/nfl/rankings/ppr-te-cheatsheets.php,redraft-te,rp,Quintin Morris,22820,TE,JAC,143.5,3.5,140,147,,quintin-morris.php,,,1.4,,,,,,7.0,Quintin Morris,2026-07-31,JAC
/nfl/rankings/ppr-te-cheatsheets.php,redraft-te,rp,Kenny Yeboah,22815,TE,ARI,150.5,1.5,149,152,,kenny-yeboah.php,,,0.0,,,,,,14.0,Kenny Yeboah,2026-07-31,ARI
/nfl/rankings/ppr-wr-cheatsheets.php,redraft-wr,rp,Ja'Marr Chase,19788,WR,CIN,1.29,0.56,1,3,,jamarr-chase.php,,,99.4,,,,,,6.0,JaMarr Chase,2026-07-31,CIN
/nfl/rankings/ppr-wr-cheatsheets.php,redraft-wr,rp,Puka Nacua,23180,WR,LAR,2.04,0.73,1,5,,puka-nacua.php,,,99.5,,,,,,11.0,Puka Nacua,2026-07-31,LAR
/nfl/rankings/ppr-wr-cheatsheets.php,redraft-wr,rp,Jaxon Smith-Njigba,23070,WR,SEA,3.06,0.81,1,6,,jaxon-smith-njigba.php,,,99.6,,,,,,11.0,Jaxon Smith-Njigba,2026-07-31,SEA
/nfl/rankings/ppr-wr-cheatsheets.php,redraft-wr,rp,Amon-Ra St. Brown,19799,WR,DET,3.99,0.78,2,6,,amonra-stbrown.php,,,99.3,,,,,,6.0,Amon-Ra St Brown,2026-07-31,DET
/nfl/rankings/ppr-wr-cheatsheets.php,redraft-wr,rp,CeeDee Lamb,19202,WR,DAL,5.43,0.95,4,8,,ceedee-lamb.php,,,99.4,,,,,,14.0,CeeDee Lamb,2026-07-31,DAL
/nfl/rankings/ppr-wr-cheatsheets.php,redraft-wr,rp,Justin Jefferson,19236,WR,MIN,5.79,1.31,3,13,,justin-jefferson.php,,,99.3,,,,,,6.0,Justin Jefferson,2026-07-31,MIN
/nfl/rankings/ppr-wr-cheatsheets.php,redraft-wr,rp,Drake London,23163,WR,ATL,7.53,1.44,5,12,,drake-london.php,,,99.1,,,,,,11.0,Drake London,2026-07-31,ATL
/nfl/rankings/ppr-wr-cheatsheets.php,redraft-wr,rp,A.J. Brown,18218,WR,NE,9.26,2.58,5,19,,aj-brown.php,,,99.2,,,,,,11.0,AJ Brown,2026-07-31,NEP
/nfl/rankings/ppr-wr-cheatsheets.php,redraft-wr,rp,Nico Collins,20130,WR,HOU,9.94,1.67,8,15,,nico-collins.php,,,99.2,,,,,,8.0,Nico Collins,2026-07-31,HOU
/nfl/rankings/ppr-wr-cheatsheets.php,redraft-wr,rp,George Pickens,22963,WR,DAL,11.01,1.97,6,18,,george-pickens.php,,,99.2,,,,,,14.0,George Pickens,2026-07-31,DAL
/nfl/rankings/ppr-wr-cheatsheets.php,redraft-wr,rp,Rashee Rice,23113,WR,KC,11.37,3.73,5,24,,rashee-rice.php,,,97.9,,,,,,5.0,Rashee Rice,2026-07-31,KCC
/nfl/rankings/ppr-wr-cheatsheets.php,redraft-wr,rp,Chris Olave,20111,WR,NO,12.21,2.4,7,19,,chris-olave.php,,,98.1,,,,,,8.0,Chris Olave,2026-07-31,NOS
/nfl/rankings/ppr-wr-cheatsheets.php,redraft-wr,rp,DeVonta Smith,19222,WR,PHI,13.73,3.06,8,22,,devonta-smith.php,,,98.0,,,,,,10.0,DeVonta Smith,2026-07-31,PHI
/nfl/rankings/ppr-wr-cheatsheets.php,redraft-wr,rp,Zay Flowers,22916,WR,BAL,15.56,3.5,8,24,,zay-flowers.php,,,97.1,,,,,2.0,13.0,Zay Flowers,2026-07-31,BAL
/nfl/rankings/ppr-wr-cheatsheets.php,redraft-wr,rp,Garrett Wilson,23072,WR,NYJ,15.99,2.86,10,25,,garrett-wilson.php,,,97.3,,,,,,13.0,Garrett Wilson,2026-07-31,NYJ
/nfl/rankings/ppr-wr-cheatsheets.php,redraft-wr,rp,Tetairoa McMillan,25417,WR,CAR,16.81,3.39,10,25,,tetairoa-mcmillan.php,,,97.9,,,,,,5.0,Tetairoa McMillan,2026-07-31,CAR
/nfl/rankings/ppr-wr-cheatsheets.php,redraft-wr,rp,Tee Higgins,19211,WR,CIN,17.44,3.13,12,25,,tee-higgins.php,,,97.6,,,,,,6.0,Tee Higgins,2026-07-31,CIN
/nfl/rankings/ppr-wr-cheatsheets.php,redraft-wr,rp,Ladd McConkey,26122,WR,LAC,18.6,3.39,10,26,,ladd-mcconkey.php,,,95.9,,,,,,7.0,Ladd McConkey,2026-07-31,LAC
/nfl/rankings/ppr-wr-cheatsheets.php,redraft-wr,rp,Emeka Egbuka,23062,WR,TB,18.94,3.91,9,27,,emeka-egbuka.php,,,96.3,,,,,,10.0,Emeka Egbuka,2026-07-31,TBB
/nfl/rankings/ppr-wr-cheatsheets.php,redraft-wr,rp,Malik Nabers,25409,WR,NYG,19.1,6.01,7,33,,malik-nabers.php,,,98.2,,,,,,8.0,Malik Nabers,2026-07-31,NYG
/nfl/rankings/ppr-wr-cheatsheets.php,redraft-wr,rp,Jaylen Waddle,19790,WR,DEN,19.33,3.69,11,29,,jaylen-waddle.php,,,95.7,,,,,,10.0,Jaylen Waddle,2026-07-31,DEN
/nfl/rankings/ppr-wr-cheatsheets.php,redraft-wr,rp,Terry McLaurin,18466,WR,WAS,21.31,3.17,15,30,,terry-mclaurin.php,,,95.3,,,,,,7.0,Terry McLaurin,2026-07-31,WAS
/nfl/rankings/ppr-wr-cheatsheets.php,redraft-wr,rp,Luther Burden III,27016,WR,CHI,23.46,3.14,17,31,,luther-burden-iii.php,,,93.8,,,,,,10.0,Luther Burden,2026-07-31,CHI
/nfl/rankings/ppr-wr-cheatsheets.php,redraft-wr,rp,Davante Adams,12123,WR,LAR,24.36,2.84,18,30,,davante-adams.php,,,97.3,,,,,,11.0,Davante Adams,2026-07-31,LAR
/nfl/rankings/ppr-wr-cheatsheets.php,redraft-wr,rp,Mike Evans,12119,WR,SF,24.63,3.7,15,36,,mike-evans.php,,,93.0,,,,,,8.0,Mike Evans,2026-07-31,SFO
/nfl/rankings/ppr-wr-cheatsheets.php,redraft-wr,rp,DJ Moore,17265,WR,BUF,27.04,5.73,12,44,,dj-moore-wr.php,,,93.4,,,,,,7.0,DJ Moore,2026-07-31,BUF
/nfl/rankings/ppr-wr-cheatsheets.php,redraft-wr,rp,Jameson Williams,23677,WR,DET,27.33,3.16,18,41,,jameson-williams.php,,,95.1,,,,,,6.0,Jameson Williams,2026-07-31,DET
/nfl/rankings/ppr-wr-cheatsheets.php,redraft-wr,rp,Christian Watson,23886,WR,GB,27.99,4.48,19,43,,christian-watson.php,,,91.6,,,,,,11.0,Christian Watson,2026-07-31,GBP
/nfl/rankings/ppr-wr-cheatsheets.php,redraft-wr,rp,Rome Odunze,25411,WR,CHI,29.21,3.79,21,42,,rome-odunze.php,,,92.4,,,,,,10.0,Rome Odunze,2026-07-31,CHI
/nfl/rankings/ppr-wr-cheatsheets.php,redraft-wr,rp,Carnell Tate,26009,WR,TEN,30.26,7.84,21,76,,carnell-tate.php,,,93.4,,,,,,9.0,Carnell Tate,2026-07-31,TEN
/nfl/rankings/ppr-wr-cheatsheets.php,redraft-wr,rp,Marvin Harrison Jr.,23064,WR,ARI,33.47,5.31,23,47,,marvin-harrison-jr.php,,,90.6,,,,,,14.0,Marvin Harrison,2026-07-31,ARI
/nfl/rankings/ppr-wr-cheatsheets.php,redraft-wr,rp,Alec Pierce,23791,WR,IND,36.01,5.54,26,49,,alec-pierce.php,,,90.3,,,,,,13.0,Alec Pierce,2026-07-31,IND
/nfl/rankings/ppr-wr-cheatsheets.php,redraft-wr,rp,DK Metcalf,18219,WR,PIT,36.26,4.75,26,46,,dk-metcalf.php,,,92.2,,,,,,9.0,DK Metcalf,2026-07-31,PIT
/nfl/rankings/ppr-wr-cheatsheets.php,redraft-wr,rp,Brian Thomas Jr.,23000,WR,JAC,36.67,5.22,26,48,,brian-thomas-jr.php,,,89.6,,,,,,7.0,Brian Thomas,2026-07-31,JAC
/nfl/rankings/ppr-wr-cheatsheets.php,redraft-wr,rp,Chris Godwin Jr.,16406,WR,TB,36.7,4.7,22,47,,chris-godwin.php,,,87.2,,,,,,10.0,Chris Godwin,2026-07-31,TBB
/nfl/rankings/ppr-wr-cheatsheets.php,redraft-wr,rp,Courtland Sutton,17253,WR,DEN,36.73,4.68,25,45,,courtland-sutton.php,,,89.8,,,,,,10.0,Courtland Sutton,2026-07-31,DEN
/nfl/rankings/ppr-wr-cheatsheets.php,redraft-wr,rp,Parker Washington,23106,WR,JAC,36.89,5.93,24,54,,parker-washington.php,,,88.4,,,,,,7.0,Parker Washington,2026-07-31,JAC
/nfl/rankings/ppr-wr-cheatsheets.php,redraft-wr,rp,Michael Pittman Jr.,19278,WR,PIT,37.34,4.42,28,49,,michael-pittman.php,,,87.7,,,,,,9.0,Michael Pittman,2026-07-31,PIT
/nfl/rankings/ppr-wr-cheatsheets.php,redraft-wr,rp,Wan'Dale Robinson,22985,WR,TEN,38.83,5.36,23,53,,wandale-robinson.php,,,77.3,,,,,,9.0,WanDale Robinson,2026-07-31,TEN
/nfl/rankings/ppr-wr-cheatsheets.php,redraft-wr,rp,Jordyn Tyson,26035,WR,NO,39.0,10.07,29,88,,jordyn-tyson.php,,,89.2,,,,,,8.0,Jordyn Tyson,2026-07-31,NOS
/nfl/rankings/ppr-wr-cheatsheets.php,redraft-wr,rp,Michael Wilson,25333,WR,ARI,39.26,4.9,26,52,,michael-wilson.php,,,86.6,,,,,,14.0,Michael Wilson,2026-07-31,ARI
/nfl/rankings/ppr-wr-cheatsheets.php,redraft-wr,rp,Josh Downs,24706,WR,IND,41.09,6.19,26,60,,josh-downs.php,,,81.5,,,,,,13.0,Josh Downs,2026-07-31,IND
/nfl/rankings/ppr-wr-cheatsheets.php,redraft-wr,rp,Jakobi Meyers,18598,WR,JAC,42.61,4.82,32,55,,jakobi-meyers.php,,,83.0,,,,,,7.0,Jakobi Meyers,2026-07-31,JAC
/nfl/rankings/ppr-wr-cheatsheets.php,redraft-wr,rp,Quentin Johnston,23123,WR,LAC,43.26,4.64,30,51,,quentin-johnston.php,,,82.4,,,,,,7.0,Quentin Johnston,2026-07-31,LAC
/nfl/rankings/ppr-wr-cheatsheets.php,redraft-wr,rp,Makai Lemon,25420,WR,PHI,43.84,8.85,31,86,,makai-lemon.php,,,88.7,,,,,,10.0,Makai Lemon,2026-07-31,PHI
/nfl/rankings/ppr-wr-cheatsheets.php,redraft-wr,rp,Jordan Addison,23107,WR,MIN,45.63,3.57,37,52,,jordan-addison.php,,,84.0,,,,,,6.0,Jordan Addison,2026-07-31,MIN
/nfl/rankings/ppr-wr-cheatsheets.php,redraft-wr,rp,Jayden Reed,23020,WR,GB,47.47,4.58,37,57,,jayden-reed.php,,,78.3,,,,,,11.0,Jayden Reed,2026-07-31,GBP
/nfl/rankings/ppr-wr-cheatsheets.php,redraft-wr,rp,Khalil Shakir,23748,WR,BUF,50.36,4.87,39,63,,khalil-shakir.php,,,67.1,,,,,,7.0,Khalil Shakir,2026-07-31,BUF
/nfl/rankings/ppr-wr-cheatsheets.php,redraft-wr,rp,Jayden Higgins,27077,WR,HOU,50.5,3.58,42,59,,jayden-higgins.php,,,50.1,,,,,,8.0,Jayden Higgins,2026-07-31,HOU
/nfl/rankings/ppr-wr-cheatsheets.php,redraft-wr,rp,Ricky Pearsall,26214,WR,SF,48.62,15.53,33,131,,ricky-pearsall.php,,,83.4,,,,,,8.0,Ricky Pearsall,2026-07-31,SFO
/nfl/rankings/ppr-wr-cheatsheets.php,redraft-wr,rp,Xavier Worthy,23019,WR,KC,51.53,3.82,36,59,,xavier-worthy.php,,,77.2,,,,,,5.0,Xavier Worthy,2026-07-31,KCC
/nfl/rankings/ppr-wr-cheatsheets.php,redraft-wr,rp,Jalen Coker,26403,WR,CAR,53.01,4.15,45,64,,jalen-coker.php,,,49.1,,,,,,5.0,Jalen Coker,2026-07-31,CAR
/nfl/rankings/ppr-wr-cheatsheets.php,redraft-wr,rp,Romeo Doubs,23794,WR,NE,53.6,5.21,41,67,,romeo-doubs.php,,,69.0,,,,,,11.0,Romeo Doubs,2026-07-31,NEP
/nfl/rankings/ppr-wr-cheatsheets.php,redraft-wr,rp,KC Concepcion,27331,WR,CLE,55.1,12.96,36,111,,kevin-concepcion.php,,,68.0,,,,,,11.0,KC Concepcion,2026-07-31,CLE
/nfl/rankings/ppr-wr-cheatsheets.php,redraft-wr,rp,Matthew Golden,26024,WR,GB,56.43,6.15,44,73,,matthew-golden.php,,,69.4,,,,,,11.0,Matthew Golden,2026-07-31,GBP
/nfl/rankings/ppr-wr-cheatsheets.php,redraft-wr,rp,Rashid Shaheed,24687,WR,SEA,59.69,4.16,51,74,,rashid-shaheed.php,,,46.7,,,,,,11.0,Rashid Shaheed,2026-07-31,SEA
/nfl/rankings/ppr-wr-cheatsheets.php,redraft-wr,rp,Jauan Jennings,19590,WR,MIN,60.59,9.46,42,101,,jauan-jennings.php,,,36.2,,,,,,6.0,Jauan Jennings,2026-07-31,MIN
/nfl/rankings/ppr-wr-cheatsheets.php,redraft-wr,rp,Jerry Jeudy,19201,WR,CLE,61.71,6.73,48,90,,jerry-jeudy.php,,,34.6,,,,,,11.0,Jerry Jeudy,2026-07-31,CLE
/nfl/rankings/ppr-wr-cheatsheets.php,redraft-wr,rp,Adonai Mitchell,24357,WR,NYJ,64.1,6.49,56,83,,adonai-mitchell.php,,,21.1,,,,,,13.0,Adonai Mitchell,2026-07-31,NYJ
/nfl/rankings/ppr-wr-cheatsheets.php,redraft-wr,rp,Jalen McMillan,23179,WR,TB,65.96,8.8,55,105,,jalen-mcmillan.php,,,34.9,,,,,,10.0,Jalen McMillan,2026-07-31,TBB
/nfl/rankings/ppr-wr-cheatsheets.php,redraft-wr,rp,Omar Cooper Jr.,28127,WR,NYJ,63.81,11.5,52,112,,omar-cooper-jr.php,,,42.1,,,,,,13.0,Omar Cooper,2026-07-31,NYJ
/nfl/rankings/ppr-wr-cheatsheets.php,redraft-wr,rp,Denzel Boston,27339,WR,CLE,62.28,12.19,49,114,,denzel-boston.php,,,36.7,,,,,,11.0,Denzel Boston,2026-07-31,CLE
/nfl/rankings/ppr-wr-cheatsheets.php,redraft-wr,rp,Tre Tucker,25337,WR,LV,67.46,9.73,49,105,,tre-tucker.php,,,25.3,,,,,,13.0,Tre Tucker,2026-07-31,LVR
/nfl/rankings/ppr-wr-cheatsheets.php,redraft-wr,rp,Travis Hunter,26034,WR,JAC,66.83,11.4,42,101,,travis-hunter.php,,,67.3,,,,,,7.0,Travis Hunter,2026-07-31,JAC
/nfl/rankings/ppr-wr-cheatsheets.php,redraft-wr,rp,Ryan Flournoy,26398,WR,DAL,70.01,6.85,58,96,,ryan-flournoy.php,,,17.7,,,,,,14.0,Ryan Flournoy,2026-07-31,DAL
/nfl/rankings/ppr-wr-cheatsheets.php,redraft-wr,rp,Tre' Harris,26215,WR,LAC,68.72,9.82,55,108,,tre-harris.php,,,18.9,,,,,,7.0,Tre Harris,2026-07-31,LAC
/nfl/rankings/ppr-wr-cheatsheets.php,redraft-wr,rp,Troy Franklin,23092,WR,DEN,72.96,12.12,53,111,,troy-franklin.php,,,16.6,,,,,,10.0,Troy Franklin,2026-07-31,DEN
/nfl/rankings/ppr-wr-cheatsheets.php,redraft-wr,rp,Calvin Ridley,17258,WR,TEN,76.17,10.12,56,107,,calvin-ridley.php,,,24.2,,,,,,9.0,Calvin Ridley,2026-07-31,TEN
/nfl/rankings/ppr-wr-cheatsheets.php,redraft-wr,rp,Jaylin Noel,27122,WR,HOU,72.71,8.9,57,108,,jaylin-noel.php,,,13.8,,,,,,8.0,Jaylin Noel,2026-07-31,HOU
/nfl/rankings/ppr-wr-cheatsheets.php,redraft-wr,rp,Kayshon Boutte,22989,WR,NE,72.9,8.64,56,98,,kayshon-boutte.php,,,21.6,,,,,,11.0,Kayshon Boutte,2026-07-31,NEP
/nfl/rankings/ppr-wr-cheatsheets.php,redraft-wr,rp,Stefon Diggs,13981,WR,FA,65.3,17.11,38,132,,stefon-diggs.php,,,52.3,,,,,,,Stefon Diggs,2026-07-31,FA
/nfl/rankings/ppr-wr-cheatsheets.php,redraft-wr,rp,Pat Bryant,27211,WR,DEN,77.8,8.14,67,99,,pat-bryant.php,,,14.4,,,,,,10.0,Pat Bryant,2026-07-31,DEN
/nfl/rankings/ppr-wr-cheatsheets.php,redraft-wr,rp,De'Zhaun Stribling,28138,WR,SF,80.43,19.89,49,140,,dezhaun-stribling.php,,,21.4,,,,,,8.0,DeZhaun Stribling,2026-07-31,SFO
/nfl/rankings/ppr-wr-cheatsheets.php,redraft-wr,rp,Isaac TeSlaa,27446,WR,DET,74.25,7.67,60,106,,isaac-teslaa.php,,,22.5,,,,,,6.0,Isaac TeSlaa,2026-07-31,DET
/nfl/rankings/ppr-wr-cheatsheets.php,redraft-wr,rp,Darnell Mooney,19810,WR,NYG,76.56,6.7,61,102,,darnell-mooney.php,,,17.2,,,,,,8.0,Darnell Mooney,2026-07-31,NYG
/nfl/rankings/ppr-wr-cheatsheets.php,redraft-wr,rp,Deebo Samuel Sr.,18244,WR,SF,72.06,18.05,49,141,,deebo-samuel.php,,,32.6,,,,,,8.0,Deebo Samuel,2026-07-31,SFO
/nfl/rankings/ppr-wr-cheatsheets.php,redraft-wr,rp,Jalen Nailor,24177,WR,LV,76.69,16.6,47,116,,jalen-nailor.php,,,31.0,,,,,,13.0,Jalen Nailor,2026-07-31,LVR
/nfl/rankings/ppr-wr-cheatsheets.php,redraft-wr,rp,Dontayvion Wicks,24354,WR,PHI,79.16,8.64,59,105,,dontayvion-wicks.php,,,12.2,,,,,,10.0,Dontayvion Wicks,2026-07-31,PHI
/nfl/rankings/ppr-wr-cheatsheets.php,redraft-wr,rp,Malik Washington,26314,WR,MIA,79.35,13.48,59,107,,malik-washington.php,,,19.6,,,,,,6.0,Malik Washington,2026-07-31,MIA
/nfl/rankings/ppr-wr-cheatsheets.php,redraft-wr,rp,Rashod Bateman,19794,WR,BAL,85.21,8.11,65,108,,rashod-bateman.php,,,10.2,,,,,,13.0,Rashod Bateman,2026-07-31,BAL
/nfl/rankings/ppr-wr-cheatsheets.php,redraft-wr,rp,Cooper Kupp,16433,WR,SEA,83.75,8.93,64,109,,cooper-kupp.php,,,16.9,,,,,,11.0,Cooper Kupp,2026-07-31,SEA
/nfl/rankings/ppr-wr-cheatsheets.php,redraft-wr,rp,Antonio Williams,25418,WR,WAS,74.44,15.49,49,118,,antonio-williams-wr.php,,,28.8,,,,,,7.0,Antonio Williams,2026-07-31,WAS
/nfl/rankings/ppr-wr-cheatsheets.php,redraft-wr,rp,Tank Dell,25361,WR,HOU,83.92,9.05,65,116,,nathaniel-dell.php,,,24.0,,,,,,8.0,Tank Dell,2026-07-31,HOU
/nfl/rankings/ppr-wr-cheatsheets.php,redraft-wr,rp,Chimere Dike,27315,WR,TEN,82.32,12.86,57,115,,chimere-dike.php,,,14.7,,,,,,9.0,Chimere Dike,2026-07-31,TEN
/nfl/rankings/ppr-wr-cheatsheets.php,redraft-wr,rp,Ted Hurst III,28130,WR,TB,93.68,13.68,78,139,,ted-hurst.php,,,17.3,,,,,,10.0,Ted Hurst,2026-07-31,TBB
/nfl/rankings/ppr-wr-cheatsheets.php,redraft-wr,rp,Zachariah Branch,25419,WR,ATL,85.89,11.12,59,117,,zachariah-branch.php,,,22.7,,,,,,11.0,Zachariah Branch,2026-07-31,ATL
/nfl/rankings/ppr-wr-cheatsheets.php,redraft-wr,rp,Jack Bech,27224,WR,LV,89.12,8.92,66,122,,jack-bech.php,,,12.2,,,,,,13.0,Jack Bech,2026-07-31,LVR
/nfl/rankings/ppr-wr-cheatsheets.php,redraft-wr,rp,Keon Coleman,26019,WR,BUF,89.58,10.59,57,113,,keon-coleman.php,,,11.8,,,,,,7.0,Keon Coleman,2026-07-31,BUF
/nfl/rankings/ppr-wr-cheatsheets.php,redraft-wr,rp,Elic Ayomanor,27059,WR,TEN,88.92,13.69,61,122,,elic-ayomanor.php,,,11.1,,,,,,9.0,Elic Ayomanor,2026-07-31,TEN
/nfl/rankings/ppr-wr-cheatsheets.php,redraft-wr,rp,Germie Bernard,26039,WR,PIT,86.43,12.17,69,117,,germie-bernard.php,,,20.1,,,,,,9.0,Germie Bernard,2026-07-31,PIT
/nfl/rankings/ppr-wr-cheatsheets.php,redraft-wr,rp,Brandon Aiyuk,19252,WR,SF,81.1,19.13,54,148,,brandon-aiyuk.php,,,27.2,,,,,,8.0,Brandon Aiyuk,2026-07-31,SFO
/nfl/rankings/ppr-wr-cheatsheets.php,redraft-wr,rp,Tory Horton,26022,WR,SEA,94.56,9.73,65,125,,tory-horton.php,,,13.3,,,,,,11.0,Tory Horton,2026-07-31,SEA
/nfl/rankings/ppr-wr-cheatsheets.php,redraft-wr,rp,Christian Kirk,17268,WR,SF,93.53,8.9,71,118,,christian-kirk.php,,,13.0,,,,,,8.0,Christian Kirk,2026-07-31,SFO
/nfl/rankings/ppr-wr-cheatsheets.php,redraft-wr,rp,Malachi Fields,27994,WR,NYG,94.26,14.45,68,163,,malachi-fields.php,,,17.1,,,,,,8.0,Malachi Fields,2026-07-31,NYG
/nfl/rankings/ppr-wr-cheatsheets.php,redraft-wr,rp,Tyquan Thornton,22913,WR,KC,97.84,11.31,65,119,,tyquan-thornton.php,,,6.4,,,,,,5.0,Tyquan Thornton,2026-07-31,KCC
/nfl/rankings/ppr-wr-cheatsheets.php,redraft-wr,rp,Darius Slayton,18706,WR,NYG,96.06,11.12,74,129,,darius-slayton.php,,,6.0,,,,,,8.0,Darius Slayton,2026-07-31,NYG
/nfl/rankings/ppr-wr-cheatsheets.php,redraft-wr,rp,Elijah Sarratt,27463,WR,BAL,94.21,15.09,72,187,,elijah-sarratt.php,,,16.3,,,,,,13.0,Elijah Sarratt,2026-07-31,BAL
/nfl/rankings/ppr-wr-cheatsheets.php,redraft-wr,rp,Devaughn Vele,26409,WR,NO,98.06,8.1,78,119,,devaughn-vele.php,,,8.9,,,,,,8.0,Devaughn Vele,2026-07-31,NOS
/nfl/rankings/ppr-wr-cheatsheets.php,redraft-wr,rp,Marvin Mims Jr.,23080,WR,DEN,94.07,10.38,76,134,,marvin-mims.php,,,10.5,,,,,,10.0,Marvin Mims,2026-07-31,DEN
/nfl/rankings/ppr-wr-cheatsheets.php,redraft-wr,rp,Chris Bell,26038,WR,MIA,87.69,10.67,61,111,,chris-bell.php,,,19.8,,,,,,6.0,Chris Bell,2026-07-31,MIA
/nfl/rankings/ppr-wr-cheatsheets.php,redraft-wr,rp,Xavier Legette,26136,WR,CAR,95.45,11.67,74,129,,xavier-legette.php,,,2.7,,,,,,5.0,Xavier Legette,2026-07-31,CAR
/nfl/rankings/ppr-wr-cheatsheets.php,redraft-wr,rp,Hollywood Brown,18226,WR,PHI,102.97,8.1,85,128,,marquise-brown.php,,,5.7,,,,,,10.0,Marquise Brown,2026-07-31,PHI
/nfl/rankings/ppr-wr-cheatsheets.php,redraft-wr,rp,Keenan Allen,11616,WR,LAC,98.8,11.15,72,149,,keenan-allen.php,,,9.1,,,,,,7.0,Keenan Allen,2026-07-31,LAC
/nfl/rankings/ppr-wr-cheatsheets.php,redraft-wr,rp,Mack Hollins,16489,WR,NE,98.6,15.71,67,139,,mack-hollins.php,,,2.9,,,,,,11.0,Mack Hollins,2026-07-31,NEP
/nfl/rankings/ppr-wr-cheatsheets.php,redraft-wr,rp,Tyreek Hill,15802,WR,FA,88.98,21.88,51,152,,tyreek-hill.php,,,31.9,,,,,,,Tyreek Hill,2026-07-31,FA
/nfl/rankings/ppr-wr-cheatsheets.php,redraft-wr,rp,Kyle Williams,27487,WR,NE,98.85,16.61,75,148,,kyle-williams-wr-2025.php,,,7.4,,,,,,11.0,Kyle Williams,2026-07-31,NEP
/nfl/rankings/ppr-wr-cheatsheets.php,redraft-wr,rp,Chris Brazzell II,28047,WR,CAR,97.61,11.22,66,127,,chris-brazzell-ii.php,,,14.4,,,,,,5.0,Chris Brazzell,2026-07-31,CAR
/nfl/rankings/ppr-wr-cheatsheets.php,redraft-wr,rp,Isaiah Bond,24371,WR,CLE,109.41,16.4,87,184,,isaiah-bond.php,,,3.0,,,,,,11.0,Isaiah Bond,2026-07-31,CLE
/nfl/rankings/ppr-wr-cheatsheets.php,redraft-wr,rp,Skyler Bell,28126,WR,BUF,105.7,12.69,82,142,,skyler-bell.php,,,13.8,,,,,,7.0,Skyler Bell,2026-07-31,BUF
/nfl/rankings/ppr-wr-cheatsheets.php,redraft-wr,rp,Ja'Kobi Lane,27337,WR,BAL,107.37,8.56,86,123,,jakobi-lane.php,,,19.6,,,,,,13.0,JaKobi Lane,2026-07-31,BAL
/nfl/rankings/ppr-wr-cheatsheets.php,redraft-wr,rp,Andrei Iosivas,25335,WR,CIN,98.57,10.37,76,120,,andrei-iosivas.php,,,6.2,,,,,,6.0,Andrei Iosivas,2026-07-31,CIN
/nfl/rankings/ppr-wr-cheatsheets.php,redraft-wr,rp,Jalen Royals,27076,WR,KC,113.6,12.18,95,147,,jalen-royals.php,,,1.9,,,,,,5.0,Jalen Royals,2026-07-31,KCC
/nfl/rankings/ppr-wr-cheatsheets.php,redraft-wr,rp,Luke McCaffrey,26328,WR,WAS,111.03,9.46,92,124,,luke-mccaffrey.php,,,1.2,,,,,,7.0,Luke McCaffrey,2026-07-31,WAS
/nfl/rankings/ppr-wr-cheatsheets.php,redraft-wr,rp,Konata Mumpfield,27449,WR,LAR,107.48,13.84,86,152,,konata-mumpfield.php,,,1.2,,,,,,11.0,Konata Mumpfield,2026-07-31,LAR
/nfl/rankings/ppr-wr-cheatsheets.php,redraft-wr,rp,Cedric Tillman,25287,WR,CLE,114.88,19.93,94,197,,cedric-tillman.php,,,1.1,,,,,,11.0,Cedric Tillman,2026-07-31,CLE
/nfl/rankings/ppr-wr-cheatsheets.php,redraft-wr,rp,Calvin Austin III,23739,WR,NYG,112.81,15.35,90,146,,calvin-austin.php,,,2.4,,,,,,8.0,Calvin Austin,2026-07-31,NYG
/nfl/rankings/ppr-wr-cheatsheets.php,redraft-wr,rp,Olamide Zaccheaus,18864,WR,ATL,112.96,11.99,86,138,,olamide-zaccheaus.php,,,4.6,,,,,,11.0,Olamide Zaccheaus,2026-07-31,ATL
/nfl/rankings/ppr-wr-cheatsheets.php,redraft-wr,rp,Caleb Douglas,28135,WR,MIA,108.23,17.19,71,133,,caleb-douglas.php,,,4.4,,,,,,6.0,Caleb Douglas,2026-07-31,MIA
/nfl/rankings/ppr-wr-cheatsheets.php,redraft-wr,rp,Tez Johnson,27147,WR,TB,113.52,7.23,98,126,,tez-johnson.php,,,2.2,,,,,,10.0,Tez Johnson,2026-07-31,TBB
/nfl/rankings/ppr-wr-cheatsheets.php,redraft-wr,rp,DeMario Douglas,25304,WR,NE,116.69,15.67,76,142,,demario-douglas.php,,,5.5,,,,,,11.0,Demario Douglas,2026-07-31,NEP
/nfl/rankings/ppr-wr-cheatsheets.php,redraft-wr,rp,Jalen Tolbert,23770,WR,MIA,108.25,17.12,76,132,,jalen-tolbert.php,,,4.8,,,,,,6.0,Jalen Tolbert,2026-07-31,MIA
/nfl/rankings/ppr-wr-cheatsheets.php,redraft-wr,rp,Joshua Palmer,22845,WR,BUF,107.05,14.26,70,126,,josh-palmer.php,,,1.2,,,,,,7.0,Josh Palmer,2026-07-31,BUF
/nfl/rankings/ppr-wr-cheatsheets.php,redraft-wr,rp,Jahan Dotson,23101,WR,ATL,107.15,13.82,72,125,,jahan-dotson.php,,,4.0,,,,,,11.0,Jahan Dotson,2026-07-31,ATL
/nfl/rankings/ppr-wr-cheatsheets.php,redraft-wr,rp,Dont'e Thornton Jr.,27288,WR,LV,118.64,16.6,97,154,,donte-thornton-jr.php,,,1.8,,,,,,13.0,Donte Thornton,2026-07-31,LVR
/nfl/rankings/ppr-wr-cheatsheets.php,redraft-wr,rp,Treylon Burks,22905,WR,WAS,116.14,17.41,91,154,,treylon-burks.php,,,3.6,,,,,,7.0,Treylon Burks,2026-07-31,WAS
/nfl/rankings/ppr-wr-cheatsheets.php,redraft-wr,rp,Xavier Hutchinson,25332,WR,HOU,121.2,12.94,105,152,,xavier-hutchinson.php,,,1.4,,,,,,8.0,Xavier Hutchinson,2026-07-31,HOU
/nfl/rankings/ppr-wr-cheatsheets.php,redraft-wr,rp,Kendrick Bourne,17066,WR,ARI,111.67,19.66,80,151,,kendrick-bourne.php,,,3.1,,,,,,14.0,Kendrick Bourne,2026-07-31,ARI
/nfl/rankings/ppr-wr-cheatsheets.php,redraft-wr,rp,Jaylin Lane,27454,WR,WAS,125.5,13.28,108,155,,jaylin-lane.php,,,2.9,,,,,,7.0,Jaylin Lane,2026-07-31,WAS
/nfl/rankings/ppr-wr-cheatsheets.php,redraft-wr,rp,John Metchie III,22895,WR,CAR,120.12,18.89,100,174,,john-metchie.php,,,1.8,,,,,,5.0,John Metchie,2026-07-31,CAR
/nfl/rankings/ppr-wr-cheatsheets.php,redraft-wr,rp,Brenen Thompson,28133,WR,LAC,122.35,14.07,94,150,,brenen-thompson.php,,,3.8,,,,,,7.0,Brenen Thompson,2026-07-31,LAC
/nfl/rankings/ppr-wr-cheatsheets.php,redraft-wr,rp,Bryce Lance,28129,WR,NO,122.94,18.64,100,181,,bryce-lance.php,,,4.0,,,,,,8.0,Bryce Lance,2026-07-31,NOS
/nfl/rankings/ppr-wr-cheatsheets.php,redraft-wr,rp,Tutu Atwell,20126,WR,MIA,121.6,18.01,89,158,,tutu-atwell.php,,,2.2,,,,,,6.0,Tutu Atwell,2026-07-31,MIA
/nfl/rankings/ppr-wr-cheatsheets.php,redraft-wr,rp,Kalif Raymond,16081,WR,CHI,120.64,16.39,102,156,,kalif-raymond.php,,,0.9,,,,,,10.0,Kalif Raymond,2026-07-31,CHI
/nfl/rankings/ppr-wr-cheatsheets.php,redraft-wr,rp,Kevin Coleman Jr.,28067,WR,MIA,121.86,15.78,91,144,,kevin-coleman-jr.php,,,2.6,,,,,,6.0,Kevin Coleman,2026-07-31,MIA
/nfl/rankings/ppr-wr-cheatsheets.php,redraft-wr,rp,Savion Williams,27144,WR,GB,125.07,11.7,105,150,,savion-williams.php,,,1.7,,,,,,11.0,Savion Williams,2026-07-31,GBP
/nfl/rankings/ppr-wr-cheatsheets.php,redraft-wr,rp,Zavion Thomas,28132,WR,CHI,131.77,16.04,107,155,,zavion-thomas.php,,,5.1,,,,,,10.0,Zavion Thomas,2026-07-31,CHI
/nfl/rankings/ppr-wr-cheatsheets.php,redraft-wr,rp,Cyrus Allen,28424,WR,KC,127.42,15.49,99,149,,cyrus-allen.php,,,2.6,,,,,,5.0,Cyrus Allen,2026-07-31,KCC
/nfl/rankings/ppr-wr-cheatsheets.php,redraft-wr,rp,Dyami Brown,20113,WR,WAS,130.92,16.01,110,158,,dyami-brown.php,,,0.9,,,,,,7.0,Dyami Brown,2026-07-31,WAS
/nfl/rankings/ppr-wr-cheatsheets.php,redraft-wr,rp,Jordan Whittington,23135,WR,LAR,131.67,13.92,111,160,,jordan-whittington.php,,,0.8,,,,,,11.0,Jordan Whittington,2026-07-31,LAR
/nfl/rankings/ppr-wr-cheatsheets.php,redraft-wr,rp,Nick Westbrook-Ikhine,19747,WR,IND,126.55,18.52,99,159,,nick-westbrook.php,,,1.6,,,,,,13.0,Nick Westbrook-Ikhine,2026-07-31,IND
/nfl/rankings/ppr-wr-cheatsheets.php,redraft-wr,rp,KaVontae Turpin,18520,WR,DAL,119.6,18.07,98,146,,kavontae-turpin.php,,,4.8,,,,,,14.0,KaVontae Turpin,2026-07-31,DAL
/nfl/rankings/ppr-wr-cheatsheets.php,redraft-wr,rp,Deion Burks,27093,WR,IND,132.18,13.54,112,157,,deion-burks.php,,,2.1,,,,,,13.0,Deion Burks,2026-07-31,IND
/nfl/rankings/ppr-wr-cheatsheets.php,redraft-wr,rp,Devontez Walker,26011,WR,BAL,132.0,24.57,94,161,,devontez-walker.php,,,0.9,,,,,,13.0,Devontez Walker,2026-07-31,BAL
/nfl/rankings/ppr-wr-cheatsheets.php,redraft-wr,rp,CJ Daniels,28125,WR,LAR,143.8,23.03,109,192,,cj-daniels.php,,,1.9,,,,,,11.0,CJ Daniels,2026-07-31,LAR
/nfl/rankings/ppr-wr-cheatsheets.php,redraft-wr,rp,Malik Benson,26012,WR,LV,144.9,16.36,119,170,,malik-benson.php,,,1.5,,,,,,13.0,Malik Benson,2026-07-31,LVR
/nfl/rankings/ppr-wr-cheatsheets.php,redraft-wr,rp,Colbie Young,26037,WR,CIN,143.33,16.83,113,164,,colbie-young.php,,,1.5,,,,,,6.0,Colbie Young,2026-07-31,CIN
/nfl/rankings/ppr-wr-cheatsheets.php,redraft-wr,rp,Greg Dortch,18585,WR,DET,128.14,13.66,106,144,,greg-dortch.php,,,1.3,,,,,,6.0,Greg Dortch,2026-07-31,DET
/nfl/rankings/ppr-wr-cheatsheets.php,redraft-wr,rp,Demarcus Robinson,15665,WR,SF,142.71,7.13,130,150,,demarcus-robinson.php,,,0.8,,,,,,8.0,Demarcus Robinson,2026-07-31,SFO
/nfl/rankings/ppr-wr-cheatsheets.php,redraft-wr,rp,Tyler Lockett,13971,WR,LV,118.2,26.66,73,147,,tyler-lockett.php,,,0.6,,,,,,13.0,Tyler Lockett,2026-07-31,LVR
/nfl/rankings/ppr-wr-cheatsheets.php,redraft-wr,rp,Mitch Tinsley,24370,WR,CIN,140.33,19.44,107,167,,mitchell-tinsley.php,,,0.6,,,,,,6.0,Mitch Tinsley,2026-07-31,CIN
/nfl/rankings/ppr-wr-cheatsheets.php,redraft-wr,rp,Ashton Dulin,18656,WR,IND,134.0,19.07,117,162,,ashton-dulin.php,,,0.6,,,,,,13.0,Ashton Dulin,2026-07-31,IND
/nfl/rankings/ppr-wr-cheatsheets.php,redraft-wr,rp,DeAndre Hopkins,11606,WR,BAL,135.6,27.51,83,159,,deandre-hopkins.php,,,0.6,,,,,,13.0,DeAndre Hopkins,2026-07-31,BAL
/nfl/rankings/ppr-wr-cheatsheets.php,redraft-wr,rp,Xavier Smith,25627,WR,LAR,137.8,22.73,107,168,,xavier-smith.php,,,0.6,,,,,,11.0,Xavier Smith,2026-07-31,LAR
/nfl/rankings/ppr-wr-cheatsheets.php,redraft-wr,rp,Jahdae Walker,27810,WR,CHI,138.2,17.95,118,163,,jahdae-walker.php,,,0.9,,,,,,10.0,Jahdae Walker,2026-07-31,CHI
/nfl/rankings/ppr-wr-cheatsheets.php,redraft-wr,rp,Odell Beckham Jr.,12127,WR,NYG,121.25,29.73,71,146,,odell-beckham.php,,,5.0,,,,,,8.0,Odell Beckham,2026-07-31,NYG
/nfl/rankings/ppr-wr-cheatsheets.php,redraft-wr,rp,Scotty Miller,18714,WR,CHI,143.0,28.6,92,171,,scott-miller.php,,,0.1,,,,,,10.0,Scott Miller,2026-07-31,CHI
/nfl/rankings/ppr-wr-cheatsheets.php,redraft-wr,rp,Derius Davis,25334,WR,LAC,143.6,32.47,93,179,,derius-davis.php,,,0.6,,,,,,7.0,Derius Davis,2026-07-31,LAC
/nfl/rankings/ppr-wr-cheatsheets.php,redraft-wr,rp,Elijah Moore,20114,WR,PHI,145.4,9.85,134,163,,elijah-moore.php,,,0.6,,,,,,10.0,Elijah Moore,2026-07-31,PHI
/nfl/rankings/ppr-wr-cheatsheets.php,redraft-wr,rp,Roman Wilson,28896,WR,PIT,153.6,13.18,132,172,,roman-wilson-wr.php,,,0.7,,,,,,9.0,Roman Wilson,2026-07-31,PIT
/nfl/rankings/ppr-wr-cheatsheets.php,redraft-wr,rp,Marquez Valdes-Scantling,17528,WR,DAL,155.4,11.36,144,177,,marquez-valdesscantling.php,,,0.7,,,,,,14.0,Marquez Valdes-Scantling,2026-07-31,DAL
/nfl/rankings/ppr-wr-cheatsheets.php,redraft-wr,rp,Jake Bobo,25339,WR,SEA,156.4,25.75,115,193,,jake-bobo.php,,,0.6,,,,,,11.0,Jake Bobo,2026-07-31,SEA
/nfl/rankings/ppr-wr-cheatsheets.php,redraft-wr,rp,Tim Patrick,16556,WR,NYJ,158.0,8.22,150,173,,tim-patrick.php,,,1.0,,,,,,13.0,Tim Patrick,2026-07-31,NYJ
/nfl/rankings/ppr-wr-cheatsheets.php,redraft-wr,rp,Kevin Austin Jr.,23049,WR,NO,144.25,33.2,89,176,,kevin-austin.php,,,1.0,,,,,27.0,8.0,Kevin Austin,2026-07-31,NOS
/nfl/rankings/ppr-wr-cheatsheets.php,redraft-wr,rp,Tai Felton,27182,WR,MIN,160.2,12.16,147,179,,tai-felton.php,,,0.7,,,,,-21.0,6.0,Tai Felton,2026-07-31,MIN
/nfl/rankings/ppr-wr-cheatsheets.php,redraft-wr,rp,Sterling Shepard,15569,WR,FA,119.33,38.59,66,156,,sterling-shepard.php,,,1.0,,,,,31.0,,Sterling Shepard,2026-07-31,FA
/nfl/rankings/ppr-wr-cheatsheets.php,redraft-wr,rp,Theo Wease Jr.,27222,WR,MIA,161.8,19.79,140,195,,theo-wease-jr.php,,,1.9,,,,,,6.0,Theo Wease,2026-07-31,MIA
/nfl/rankings/ppr-wr-cheatsheets.php,redraft-wr,rp,Van Jefferson,19483,WR,WAS,147.0,23.96,119,181,,van-jefferson.php,,,0.9,,,,,,7.0,Van Jefferson,2026-07-31,WAS
/nfl/rankings/ppr-wr-cheatsheets.php,redraft-wr,rp,Xavier Weaver,23957,WR,ARI,163.6,19.95,132,190,,xavier-weaver.php,,,0.0,,,,,,14.0,Xavier Weaver,2026-07-31,ARI
/nfl/rankings/ppr-wr-cheatsheets.php,redraft-wr,rp,Xavier Restrepo,27066,WR,TEN,126.0,16.08,110,148,,xavier-restrepo.php,,,1.1,,,,,,9.0,Xavier Restrepo,2026-07-31,TEN
/nfl/rankings/ppr-wr-cheatsheets.php,redraft-wr,rp,Lil'Jordan Humphrey,18590,WR,DEN,165.2,10.68,153,178,,liljordan-humphrey.php,,,1.1,,,,,,10.0,LilJordan Humphrey,2026-07-31,DEN
/nfl/rankings/ppr-wr-cheatsheets.php,redraft-wr,rp,KeAndre Lambert-Smith,24372,WR,LAC,166.0,22.92,138,202,,keandre-lambert-smith.php,,,0.7,,,,,,7.0,KeAndre Lambert-Smith,2026-07-31,LAC
/nfl/rankings/ppr-wr-cheatsheets.php,redraft-wr,rp,Jimmy Horn Jr.,27294,WR,CAR,168.0,30.81,131,218,,jimmy-horn-jr.php,,,0.6,,,,,,5.0,Jimmy Horn,2026-07-31,CAR
/nfl/rankings/ppr-wr-cheatsheets.php,redraft-wr,rp,Isaiah Williams,10977,WR,FA,156.5,32.45,108,188,,isaiah-williams.php,,,0.0,,,,,,,Isaiah Williams,2026-07-31,FA
/nfl/rankings/ppr-wr-cheatsheets.php,redraft-wr,rp,Zay Jones,16431,WR,FA,157.25,45.87,83,208,,zay-jones.php,,,1.0,,,,,54.0,,Zay Jones,2026-07-31,FA
/nfl/rankings/ppr-wr-cheatsheets.php,redraft-wr,rp,Reggie Virgil,28141,WR,ARI,170.2,27.73,137,206,,reggie-virgil.php,,,0.7,,,,,,14.0,Reggie Virgil,2026-07-31,ARI
/nfl/rankings/ppr-wr-cheatsheets.php,redraft-wr,rp,Jakobie Keeney-James,27705,WR,FA,140.0,29.2,102,173,,jakobie-keeney-james.php,,,0.0,,,,,,,Jakobie Keeney-James,2026-07-31,FA
/nfl/rankings/ppr-wr-cheatsheets.php,redraft-wr,rp,Anthony Gould,26404,WR,IND,161.75,22.38,133,195,,anthony-gould.php,,,0.6,,,,,,13.0,Anthony Gould,2026-07-31,IND
/nfl/rankings/ppr-wr-cheatsheets.php,redraft-wr,rp,Myles Price,27805,WR,MIN,162.75,27.03,119,188,,myles-price.php,,,0.6,,,,,,6.0,Myles Price,2026-07-31,MIN
/nfl/rankings/ppr-wr-cheatsheets.php,redraft-wr,rp,Devonte Boyd,17484,WR,FA,144.0,28.25,111,180,,devonte-boyd.php,,,0.0,,,,,,,Devonte Boyd,2026-07-31,FA
/nfl/rankings/ppr-wr-cheatsheets.php,redraft-wr,rp,Brandin Cooks,12122,WR,FA,145.33,31.94,101,175,,brandin-cooks.php,,,0.6,,,,,,,Brandin Cooks,2026-07-31,FA
/nfl/rankings/ppr-wr-cheatsheets.php,redraft-wr,rp,Mecole Hardman Jr.,18587,WR,BUF,165.25,26.2,127,190,,mecole-hardman.php,,,0.6,,,,,,7.0,Mecole Hardman,2026-07-31,BUF
/nfl/rankings/ppr-wr-cheatsheets.php,redraft-wr,rp,Josh Reynolds,16439,WR,FA,150.33,30.27,108,177,,josh-reynolds.php,,,2.1,,,,,27.0,,Josh Reynolds,2026-07-31,FA
/nfl/rankings/ppr-wr-cheatsheets.php,redraft-wr,rp,Kendric Pryor,24839,WR,CIN,153.0,28.88,123,192,,kendric-pryor.php,,,1.0,,,,,,6.0,Kendric Pryor,2026-07-31,CIN
/nfl/rankings/ppr-wr-cheatsheets.php,redraft-wr,rp,Jermaine Burton,22956,WR,FA,154.33,16.42,132,171,,jermaine-burton.php,,,1.1,,,,,,,Jermaine Burton,2026-07-31,FA
/nfl/rankings/ppr-wr-cheatsheets.php,redraft-wr,rp,Skyy Moore,23905,WR,GB,171.25,25.9,131,194,,skyy-moore.php,,,0.8,,,,,,11.0,Skyy Moore,2026-07-31,GBP
/nfl/rankings/ppr-wr-cheatsheets.php,redraft-wr,rp,Russell Gage Jr.,17606,WR,FA,156.0,25.51,120,176,,russell-gage.php,,,0.0,,,,,,,Russell Gage,2026-07-31,FA
/nfl/rankings/ppr-wr-cheatsheets.php,redraft-wr,rp,Diontae Johnson,18615,WR,FA,156.67,24.51,126,186,,diontae-johnson.php,,,1.0,,,,,,,Diontae Johnson,2026-07-31,FA
/nfl/rankings/ppr-wr-cheatsheets.php,redraft-wr,rp,Jacob Cowing,25289,WR,SF,158.33,19.96,137,185,,jacob-cowing.php,,,0.6,,,,,,8.0,Jacob Cowing,2026-07-31,SFO
/nfl/rankings/ppr-wr-cheatsheets.php,redraft-wr,rp,Josh Cameron,28137,WR,JAC,161.33,28.12,139,201,,josh-cameron.php,,,1.6,,,,,-27.0,7.0,Josh Cameron,2026-07-31,JAC
/nfl/rankings/ppr-wr-cheatsheets.php,redraft-wr,rp,Montorie Foster Jr.,27910,WR,SEA,162.67,30.27,120,187,,montorie-foster-jr.php,,,0.0,,,,,,11.0,Montorie Foster,2026-07-31,SEA
/nfl/rankings/ppr-wr-cheatsheets.php,redraft-wr,rp,Michael Woods II,23893,WR,DEN,134.0,13.0,121,147,,michael-woods.php,,,1.0,,,,,,10.0,Mike Woods,2026-07-31,DEN
/nfl/rankings/ppr-wr-cheatsheets.php,redraft-wr,rp,Michael Briscoe,28743,WR,MIN,166.33,30.81,123,192,,michael-briscoe.php,,,0.0,,,,,,6.0,Michael Briscoe,2026-07-31,MIN
/nfl/rankings/ppr-wr-cheatsheets.php,redraft-wr,rp,David Sills V,18566,WR,TB,139.5,11.5,128,151,,david-sills.php,,,0.0,,,,,,10.0,David Sills,2026-07-31,TBB
/nfl/rankings/ppr-wr-cheatsheets.php,redraft-wr,rp,Ronnie Bell,23012,WR,NO,167.33,33.29,122,201,,ronnie-bell.php,,,0.0,,,,,31.0,8.0,Ronnie Bell,2026-07-31,NOS
/nfl/rankings/ppr-wr-cheatsheets.php,redraft-wr,rp,Jamari Thrash,26162,WR,CLE,142.5,40.5,102,183,,jamari-thrash.php,,,1.1,,,,,,11.0,Jamari Thrash,2026-07-31,CLE
/nfl/rankings/ppr-wr-cheatsheets.php,redraft-wr,rp,Velus Jones Jr.,24214,WR,SEA,169.0,28.33,129,191,,velus-jonesjr.php,,,1.6,,,,,,11.0,Velus Jones,2026-07-31,SEA
/nfl/rankings/ppr-wr-cheatsheets.php,redraft-wr,rp,Quez Watkins,19715,WR,PHI,170.0,34.94,121,200,,quez-watkins.php,,,0.1,,,,,,10.0,Quez Watkins,2026-07-31,PHI
/nfl/rankings/ppr-wr-cheatsheets.php,redraft-wr,rp,Curtis Samuel,16434,WR,FA,170.0,20.07,152,198,,curtis-samuel.php,,,2.0,,,,,,,Curtis Samuel,2026-07-31,FA
/nfl/rankings/ppr-wr-cheatsheets.php,redraft-wr,rp,JuJu Smith-Schuster,16427,WR,NYG,183.25,30.77,151,214,,juju-smith-schuster.php,,,1.1,,,,,,8.0,JuJu Smith-Schuster,2026-07-31,NYG
/nfl/rankings/ppr-wr-cheatsheets.php,redraft-wr,rp,Jonathan Mingo,23030,WR,DAL,186.0,31.42,153,224,,jonathan-mingo.php,,,0.6,,,,,,14.0,Jonathan Mingo,2026-07-31,DAL
/nfl/rankings/ppr-wr-cheatsheets.php,redraft-wr,rp,Kendrick Law,26044,WR,DET,174.0,23.68,145,203,,kendrick-law.php,,,1.5,,,,,-27.0,6.0,Kendrick Law,2026-07-31,DET
/nfl/rankings/ppr-wr-cheatsheets.php,redraft-wr,rp,Braxton Berrios,17289,WR,NYG,175.0,47.24,109,217,,braxton-berrios.php,,,0.6,,,,,,8.0,Braxton Berrios,2026-07-31,NYG
/nfl/rankings/ppr-wr-cheatsheets.php,redraft-wr,rp,Michael Bandy,23531,WR,DEN,175.33,36.44,124,205,,michael-bandy.php,,,1.0,,,,,,10.0,Michael Bandy,2026-07-31,DEN
/nfl/rankings/ppr-wr-cheatsheets.php,redraft-wr,rp,Arian Smith,22965,WR,NYJ,175.67,29.6,134,200,,arian-smith.php,,,0.7,,,,,,13.0,Arian Smith,2026-07-31,NYJ
/nfl/rankings/ppr-wr-cheatsheets.php,redraft-wr,rp,Cedrick Wilson Jr.,17262,WR,DET,153.0,30.0,123,183,,cedrick-wilson.php,,,1.1,,,,,,6.0,Cedrick Wilson,2026-07-31,DET
/nfl/rankings/ppr-wr-cheatsheets.php,redraft-wr,rp,Kaden Wetjen,28435,WR,PIT,153.5,11.5,142,165,,kaden-wetjen.php,,,0.7,,,,,,9.0,Kaden Wetjen,2026-07-31,PIT
/nfl/rankings/ppr-wr-cheatsheets.php,redraft-wr,rp,Ja'Lynn Polk,26205,WR,NO,156.5,19.5,137,176,,jalynn-polk.php,,,0.6,,,,,,8.0,JaLynn Polk,2026-07-31,NOS
/nfl/rankings/ppr-wr-cheatsheets.php,redraft-wr,rp,Michael Wortham,28526,WR,JAC,164.0,33.0,131,197,,michael-wortham.php,,,0.0,,,,,,7.0,Michael Wortham,2026-07-31,JAC
/nfl/rankings/ppr-wr-cheatsheets.php,redraft-wr,rp,J. Michael Sturdivant,26139,WR,GB,167.5,4.5,163,172,,jmichael-sturdivant.php,,,0.0,,,,,,11.0,J Michael Sturdivant,2026-07-31,GBP
/nfl/rankings/ppr-wr-cheatsheets.php,redraft-wr,rp,Efton Chism III,27445,WR,NE,168.0,7.0,161,175,,efton-chismi.php,,,0.8,,,,,,11.0,Efton Chism,2026-07-31,NEP
/nfl/rankings/ppr-wr-cheatsheets.php,redraft-wr,rp,Jordan Watkins,27486,WR,SF,187.0,18.18,163,207,,jordan-watkins.php,,,1.0,,,,,,8.0,Jordan Watkins,2026-07-31,SFO
/nfl/rankings/ppr-wr-cheatsheets.php,redraft-wr,rp,Mason Tipton,26546,WR,NO,189.67,28.29,157,226,,mason-tipton.php,,,0.7,,,,,-33.0,8.0,Mason Tipton,2026-07-31,NOS
/nfl/rankings/ppr-wr-cheatsheets.php,redraft-wr,rp,Emmanuel Henderson Jr.,24379,WR,SEA,189.0,21.21,159,204,,emmanuel-henderson.php,,,1.0,,,,,,11.0,Emmanuel Henderson,2026-07-31,SEA
/nfl/rankings/ppr-wr-cheatsheets.php,redraft-wr,rp,Barion Brown,25416,WR,NO,190.67,8.99,180,202,,barion-brown.php,,,1.1,,,,,,8.0,Barion Brown,2026-07-31,NOS
/nfl/rankings/ppr-wr-cheatsheets.php,redraft-wr,rp,Tyler Johnson,18633,WR,DAL,193.33,30.0,151,217,,tyler-johnson.php,,,1.1,,,,,,14.0,Tyler Johnson,2026-07-31,DAL
/nfl/rankings/ppr-wr-cheatsheets.php,redraft-wr,rp,Gabe Davis,19398,WR,FA,196.67,29.17,156,223,,gabriel-davis.php,,,1.0,,,,,,,Gabriel Davis,2026-07-31,FA
/nfl/rankings/ppr-wr-cheatsheets.php,redraft-wr,rp,Isaiah Hodgins,19375,WR,NYG,188.5,21.5,167,210,,isaiah-hodgins.php,,,0.1,,,,,,8.0,Isaiah Hodgins,2026-07-31,NYG
/nfl/rankings/ppr-wr-cheatsheets.php,redraft-wr,rp,Noah Brown,16443,WR,FA,193.5,27.5,166,221,,noah-brown.php,,,1.3,,,,,,,Noah Brown,2026-07-31,FA
/nfl/rankings/ppr-wr-cheatsheets.php,redraft-wr,rp,Ray-Ray McCloud III,17530,WR,FA,198.5,13.5,185,212,,ray-ray-mccloud.php,,,1.0,,,,,,,Ray-Ray McCloud,2026-07-31,FA
/nfl/rankings/ppr-wr-cheatsheets.php,redraft-wr,rp,Anthony Smith,28500,WR,DAL,207.0,8.0,199,215,,anthony-smith.php,,,0.0,,,,,,14.0,Anthony Smith,2026-07-31,DAL
/nfl/rankings/ppr-wr-cheatsheets.php,redraft-wr,rp,Devin Duvernay,19270,WR,ARI,208.5,4.5,204,213,,devin-duvernay.php,,,0.6,,,,,,14.0,Devin Duvernay,2026-07-31,ARI
/nfl/rankings/ppr-wr-cheatsheets.php,redraft-wr,rp,Jeshaun Jones,26423,WR,MIN,210.0,5.0,205,215,,jeshaun-jones.php,,,0.1,,,,,,6.0,Jeshaun Jones,2026-07-31,MIN
/nfl/rankings/ppr-wr-cheatsheets.php,redraft-wr,rp,Ricky White III,27186,WR,SEA,211.0,2.0,209,213,,ricky-white-iii.php,,,1.0,,,,,,11.0,Ricky White,2026-07-31,SEA
/nfl/rankings/ppr-wr-cheatsheets.php,redraft-wr,rp,Bub Means,26354,WR,NO,217.0,11.0,206,228,,bub-means.php,,,1.0,,,,,,8.0,Bub Means,2026-07-31,NOS
/nfl/rankings/ppr-wr-cheatsheets.php,redraft-wr,rp,Ainias Smith,23142,WR,CAR,214.5,6.5,208,221,,ainias-smith.php,,,1.0,,,,,,5.0,Ainias Smith,2026-07-31,CAR
/nfl/rankings/ppr-wr-cheatsheets.php,redraft-wr,rp,Tahj Washington,26397,WR,MIA,219.0,10.0,209,229,,tahj-washington.php,,,1.0,,,,,,6.0,Tahj Washington,2026-07-31,MIA
