source,full_name,position,pass_yds,pass_td,pass_int,pass_att,rush_yds,rush_td,rush_att,rec,rec_yds,rec_td,fumbles_lost,pts_scoring_config,key,adp_espn,adp_sleeper,season,archived_at
fantasypros,Brandon Aubrey,K,0.0,0.0,0.0,0.0,0.0,0.0,0.0,0.0,0.0,0.0,0.0,47.5,brandon aubrey,84.8,,2026,2026-07-28
fantasypros,Jason Myers,K,0.0,0.0,0.0,0.0,0.0,0.0,0.0,0.0,0.0,0.0,0.0,46.3,jason myers,120.8,,2026,2026-07-28
fantasypros,Ka'imi Fairbairn,K,0.0,0.0,0.0,0.0,0.0,0.0,0.0,0.0,0.0,0.0,0.0,35.6,ka imi fairbairn,132.5,,2026,2026-07-28
fantasypros,Cameron Dicker,K,0.0,0.0,0.0,0.0,0.0,0.0,0.0,0.0,0.0,0.0,0.0,40.2,cameron dicker,110.0,,2026,2026-07-28
fantasypros,Harrison Mevis,K,0.0,0.0,0.0,0.0,0.0,0.0,0.0,0.0,0.0,0.0,0.0,54.9,harrison mevis,136.3,,2026,2026-07-28
fantasypros,Jake Bates,K,0.0,0.0,0.0,0.0,0.0,0.0,0.0,0.0,0.0,0.0,0.0,51.0,jake bates,154.0,,2026,2026-07-28
fantasypros,Chase McLaughlin,K,0.0,0.0,0.0,0.0,0.0,0.0,0.0,0.0,0.0,0.0,0.0,38.3,chase mclaughlin,168.3,,2026,2026-07-28
fantasypros,Cairo Santos,K,0.0,0.0,0.0,0.0,0.0,0.0,0.0,0.0,0.0,0.0,0.0,42.8,cairo santos,166.2,,2026,2026-07-28
fantasypros,Eddy Pineiro,K,0.0,0.0,0.0,0.0,0.0,0.0,0.0,0.0,0.0,0.0,0.0,39.5,eddy pineiro,149.6,,2026,2026-07-28
fantasypros,Tyler Loop,K,0.0,0.0,0.0,0.0,0.0,0.0,0.0,0.0,0.0,0.0,0.0,46.7,tyler loop,161.9,,2026,2026-07-28
fantasypros,Harrison Butker,K,0.0,0.0,0.0,0.0,0.0,0.0,0.0,0.0,0.0,0.0,0.0,37.9,harrison butker,152.1,,2026,2026-07-28
fantasypros,Will Reichard,K,0.0,0.0,0.0,0.0,0.0,0.0,0.0,0.0,0.0,0.0,0.0,38.0,will reichard,165.2,,2026,2026-07-28
fantasypros,Cam Little,K,0.0,0.0,0.0,0.0,0.0,0.0,0.0,0.0,0.0,0.0,0.0,43.6,cam little,136.9,,2026,2026-07-28
fantasypros,Evan McPherson,K,0.0,0.0,0.0,0.0,0.0,0.0,0.0,0.0,0.0,0.0,0.0,45.7,evan mcpherson,168.7,,2026,2026-07-28
fantasypros,Nick Folk,K,0.0,0.0,0.0,0.0,0.0,0.0,0.0,0.0,0.0,0.0,0.0,38.5,nick folk,169.8,,2026,2026-07-28
fantasypros,Wil Lutz,K,0.0,0.0,0.0,0.0,0.0,0.0,0.0,0.0,0.0,0.0,0.0,41.4,wil lutz,170.3,,2026,2026-07-28
fantasypros,Trey Smack,K,0.0,0.0,0.0,0.0,0.0,0.0,0.0,0.0,0.0,0.0,0.0,39.6,trey smack,169.6,,2026,2026-07-28
fantasypros,Tyler Bass,K,0.0,0.0,0.0,0.0,0.0,0.0,0.0,0.0,0.0,0.0,0.0,46.7,tyler bass,169.9,,2026,2026-07-28
fantasypros,Charlie Smyth,K,0.0,0.0,0.0,0.0,0.0,0.0,0.0,0.0,0.0,0.0,0.0,34.2,charlie smyth,,,2026,2026-07-28
fantasypros,Jake Moody,K,0.0,0.0,0.0,0.0,0.0,0.0,0.0,0.0,0.0,0.0,0.0,38.6,jake moody,169.8,,2026,2026-07-28
fantasypros,Andy Borregales,K,0.0,0.0,0.0,0.0,0.0,0.0,0.0,0.0,0.0,0.0,0.0,43.0,andy borregales,170.3,,2026,2026-07-28
fantasypros,Jake Elliott,K,0.0,0.0,0.0,0.0,0.0,0.0,0.0,0.0,0.0,0.0,0.0,41.7,jake elliott,169.2,,2026,2026-07-28
fantasypros,Chris Boswell,K,0.0,0.0,0.0,0.0,0.0,0.0,0.0,0.0,0.0,0.0,0.0,33.8,chris boswell,162.1,,2026,2026-07-28
fantasypros,Jason Sanders,K,0.0,0.0,0.0,0.0,0.0,0.0,0.0,0.0,0.0,0.0,0.0,31.4,jason sanders,169.9,,2026,2026-07-28
fantasypros,Zane Gonzalez,K,0.0,0.0,0.0,0.0,0.0,0.0,0.0,0.0,0.0,0.0,0.0,30.5,zane gonzalez,170.0,,2026,2026-07-28
fantasypros,Joey Slye,K,0.0,0.0,0.0,0.0,0.0,0.0,0.0,0.0,0.0,0.0,0.0,31.5,joey slye,170.1,,2026,2026-07-28
fantasypros,Chad Ryland,K,0.0,0.0,0.0,0.0,0.0,0.0,0.0,0.0,0.0,0.0,0.0,31.8,chad ryland,169.9,,2026,2026-07-28
fantasypros,Matt Gay,K,0.0,0.0,0.0,0.0,0.0,0.0,0.0,0.0,0.0,0.0,0.0,30.6,matt gay,169.5,,2026,2026-07-28
fantasypros,Ryan Fitzgerald,K,0.0,0.0,0.0,0.0,0.0,0.0,0.0,0.0,0.0,0.0,0.0,30.4,ryan fitzgerald,169.8,,2026,2026-07-28
fantasypros,Ben Sauls,K,0.0,0.0,0.0,0.0,0.0,0.0,0.0,0.0,0.0,0.0,0.0,30.4,ben sauls,,,2026,2026-07-28
fantasypros,Andre Szmyt,K,0.0,0.0,0.0,0.0,0.0,0.0,0.0,0.0,0.0,0.0,0.0,28.1,andre szmyt,169.9,,2026,2026-07-28
fantasypros,Spencer Shrader,K,0.0,0.0,0.0,0.0,0.0,0.0,0.0,0.0,0.0,0.0,0.0,25.5,spencer shrader,169.8,,2026,2026-07-28
fantasypros,Blake Grupe,K,0.0,0.0,0.0,0.0,0.0,0.0,0.0,0.0,0.0,0.0,0.0,17.4,blake grupe,170.3,,2026,2026-07-28
fantasypros,Riley Patterson,K,0.0,0.0,0.0,0.0,0.0,0.0,0.0,0.0,0.0,0.0,0.0,19.0,riley patterson,169.9,,2026,2026-07-28
fantasypros,Cade York,K,0.0,0.0,0.0,0.0,0.0,0.0,0.0,0.0,0.0,0.0,0.0,0.0,cade york,169.9,,2026,2026-07-28
fantasypros,Dominic Zvada,K,0.0,0.0,0.0,0.0,0.0,0.0,0.0,0.0,0.0,0.0,0.0,9.0,dominic zvada,,,2026,2026-07-28
fantasypros,Lucas Havrisik,K,0.0,0.0,0.0,0.0,0.0,0.0,0.0,0.0,0.0,0.0,0.0,0.0,lucas havrisik,169.9,,2026,2026-07-28
fantasypros,Josh Allen,QB,3812.5,27.4,11.2,491.7,585.5,11.8,118.1,0.0,0.0,0.0,4.1,415.65000000000003,josh allen,23.0,28.2,2026,2026-07-28
fantasypros,Drake Maye,QB,4064.2,28.3,10.4,504.3,505.2,3.7,100.3,0.0,0.0,0.0,5.6,373.08799999999997,drake maye,48.2,51.2,2026,2026-07-28
fantasypros,Lamar Jackson,QB,3649.2,28.3,9.6,448.7,639.8,3.2,118.4,0.0,0.0,0.0,4.2,371.34800000000007,lamar jackson,39.5,37.9,2026,2026-07-28
fantasypros,Jayden Daniels,QB,3697.4,24.1,11.0,495.4,685.3,4.7,130.0,0.0,0.0,0.0,2.8,361.62600000000003,jayden daniels,52.0,62.1,2026,2026-07-28
fantasypros,Jalen Hurts,QB,3571.1,24.2,7.4,488.1,461.3,8.7,111.8,0.0,0.0,0.0,4.0,363.57399999999996,jalen hurts,54.9,67.2,2026,2026-07-28
fantasypros,Jaxson Dart,QB,3592.7,22.6,11.1,509.9,549.4,6.5,100.9,0.0,0.0,0.0,2.9,345.248,jaxson dart,73.3,80.6,2026,2026-07-28
fantasypros,Joe Burrow,QB,4169.5,33.3,11.6,589.8,178.7,1.4,48.3,0.0,0.0,0.0,1.9,365.84999999999997,joe burrow,58.6,57.1,2026,2026-07-28
fantasypros,Brock Purdy,QB,4120.3,27.7,14.3,542.6,304.1,3.9,70.5,0.0,0.0,0.0,4.3,347.62199999999996,brock purdy,101.5,103.5,2026,2026-07-28
fantasypros,Dak Prescott,QB,4293.4,30.9,11.3,582.3,173.3,1.7,49.1,0.0,0.0,0.0,2.8,356.4659999999999,dak prescott,92.5,90.3,2026,2026-07-28
fantasypros,Trevor Lawrence,QB,3893.3,26.6,13.0,545.5,321.1,4.9,72.5,0.0,0.0,0.0,3.4,344.042,trevor lawrence,99.2,92.3,2026,2026-07-28
fantasypros,Patrick Mahomes II,QB,3832.2,26.7,11.9,552.1,376.1,3.4,63.7,0.0,0.0,0.0,2.0,343.6979999999999,patrick mahomes,105.2,100.1,2026,2026-07-28
fantasypros,Justin Herbert,QB,3859.1,26.2,11.7,529.6,458.6,2.1,78.4,0.0,0.0,0.0,2.8,341.024,justin herbert,111.5,83.7,2026,2026-07-28
fantasypros,Caleb Williams,QB,3828.0,27.4,9.3,555.2,397.9,2.1,79.0,0.0,0.0,0.0,3.0,345.31,caleb williams,93.0,82.9,2026,2026-07-28
fantasypros,Bo Nix,QB,3743.4,26.8,11.0,555.3,341.1,3.6,79.1,0.0,0.0,0.0,2.0,340.2460000000001,bo nix,103.3,118.7,2026,2026-07-28
fantasypros,Matthew Stafford,QB,4191.7,34.0,8.6,546.9,33.1,0.2,23.7,0.0,0.0,0.0,2.8,353.378,matthew stafford,84.2,115.2,2026,2026-07-28
fantasypros,Jared Goff,QB,4298.7,31.6,10.0,546.4,48.2,0.2,23.7,0.0,0.0,0.0,3.7,340.168,jared goff,143.5,122.0,2026,2026-07-28
fantasypros,Tyler Shough,QB,3977.3,22.1,11.7,555.8,329.1,4.1,78.2,0.0,0.0,0.0,3.6,318.6020000000001,tyler shough,154.1,144.4,2026,2026-07-28
fantasypros,Baker Mayfield,QB,3836.2,25.9,12.9,540.6,362.1,1.5,57.7,0.0,0.0,0.0,3.7,320.85799999999995,baker mayfield,151.1,140.9,2026,2026-07-28
fantasypros,Kyler Murray,QB,3472.4,22.8,14.3,497.4,475.8,3.4,79.6,0.0,0.0,0.0,3.8,307.476,kyler murray,150.4,142.2,2026,2026-07-28
fantasypros,Malik Willis,QB,3400.5,18.0,12.5,498.1,628.1,4.1,121.9,0.0,0.0,0.0,6.1,294.2300000000001,malik willis,166.7,137.8,2026,2026-07-28
fantasypros,Jordan Love,QB,3840.8,26.7,10.3,510.5,194.9,0.6,46.5,0.0,0.0,0.0,3.0,310.322,jordan love,160.3,124.8,2026,2026-07-28
fantasypros,Sam Darnold,QB,4087.9,27.3,12.8,506.3,131.8,0.6,44.0,0.0,0.0,0.0,5.3,307.896,sam darnold,164.5,165.3,2026,2026-07-28
fantasypros,C.J. Stroud,QB,3878.3,23.5,11.4,551.0,238.6,1.0,54.4,0.0,0.0,0.0,3.5,296.192,c j stroud,166.6,163.4,2026,2026-07-28
fantasypros,Daniel Jones,QB,3426.6,21.9,9.7,468.0,197.5,4.0,52.0,0.0,0.0,0.0,3.8,285.21399999999994,daniel jones,163.8,195.1,2026,2026-07-28
fantasypros,Bryce Young,QB,3363.1,22.1,12.4,512.7,257.5,3.0,58.3,0.0,0.0,0.0,3.0,280.074,bryce young,168.5,194.2,2026,2026-07-28
fantasypros,Geno Smith,QB,3455.8,21.8,14.8,520.2,209.6,1.0,57.3,0.0,0.0,0.0,2.2,261.9920000000001,geno smith,170.3,,2026,2026-07-28
fantasypros,Jacoby Brissett,QB,3590.4,19.7,10.4,541.2,215.1,1.4,48.7,0.0,0.0,0.0,4.8,261.32599999999996,jacoby brissett,170.2,200.9,2026,2026-07-28
fantasypros,Cam Ward,QB,3587.8,19.8,10.4,563.8,185.5,2.0,44.2,0.0,0.0,0.0,5.4,261.262,cam ward,167.1,165.9,2026,2026-07-28
fantasypros,Aaron Rodgers,QB,3479.1,21.7,9.4,526.9,82.5,0.6,26.0,0.0,0.0,0.0,2.7,257.014,aaron rodgers,169.5,,2026,2026-07-28
fantasypros,Fernando Mendoza,QB,2887.2,16.1,12.2,430.6,227.1,1.3,50.4,0.0,0.0,0.0,2.7,212.79800000000003,fernando mendoza,166.0,169.5,2026,2026-07-28
fantasypros,Tua Tagovailoa,QB,2723.3,15.8,8.3,379.3,46.6,0.1,19.6,0.0,0.0,0.0,2.3,187.79200000000003,tua tagovailoa,170.7,236.5,2026,2026-07-28
fantasypros,Deshaun Watson,QB,2023.5,10.4,7.4,306.8,197.3,1.3,44.7,0.0,0.0,0.0,3.3,149.47,deshaun watson,170.1,,2026,2026-07-28
fantasypros,Shedeur Sanders,QB,1581.8,8.7,6.5,238.1,143.8,0.9,24.4,0.0,0.0,0.0,1.2,119.852,shedeur sanders,169.4,225.8,2026,2026-07-28
fantasypros,Michael Penix Jr.,QB,1350.1,7.2,3.7,189.1,46.9,0.3,13.5,0.0,0.0,0.0,1.0,94.294,michael penix,170.0,227.9,2026,2026-07-28
fantasypros,Riley Leonard,QB,708.6,3.9,3.3,101.4,43.7,0.5,11.1,0.0,0.0,0.0,0.2,52.114,riley leonard,170.0,,2026,2026-07-28
fantasypros,Kirk Cousins,QB,783.9,5.1,3.9,114.0,9.0,0.1,5.2,0.0,0.0,0.0,0.9,53.856,kirk cousins,170.0,,2026,2026-07-28
fantasypros,J.J. McCarthy,QB,340.2,2.1,1.4,48.6,27.0,0.2,5.9,0.0,0.0,0.0,0.4,26.508,j j mccarthy,169.8,224.2,2026,2026-07-28
fantasypros,Ty Simpson,QB,298.2,2.6,0.8,40.9,18.4,0.0,4.1,0.0,0.0,0.0,0.1,27.567999999999998,ty simpson,169.9,241.8,2026,2026-07-28
fantasypros,Carson Beck,QB,337.8,2.2,1.2,49.1,20.1,0.1,5.2,0.0,0.0,0.0,0.2,26.52200000000001,carson beck,169.9,,2026,2026-07-28
fantasypros,Anthony Richardson Sr.,QB,254.0,2.0,1.0,35.0,38.0,0.0,9.0,0.0,0.0,0.0,0.0,23.96,anthony richardson,170.0,,2026,2026-07-28
fantasypros,Marcus Mariota,QB,256.6,2.0,0.8,34.8,7.9,0.0,1.4,0.0,0.0,0.0,0.1,21.254,marcus mariota,170.0,,2026,2026-07-28
fantasypros,Davis Mills,QB,182.5,1.3,0.5,27.2,9.0,0.0,2.7,0.0,0.0,0.0,0.1,14.800000000000002,davis mills,170.0,,2026,2026-07-28
fantasypros,Joe Milton III,QB,172.5,1.1,0.5,23.9,16.3,0.0,3.5,0.0,0.0,0.0,0.1,13.930000000000001,joe milton,170.0,,2026,2026-07-28
fantasypros,Justin Fields,QB,175.1,1.0,0.8,26.2,18.4,0.1,3.6,0.0,0.0,0.0,0.1,13.644,justin fields,169.9,,2026,2026-07-28
fantasypros,Shane Buechele,QB,150.0,1.0,0.0,20.0,20.0,0.0,4.0,0.0,0.0,0.0,0.0,14.0,shane buechele,170.0,,2026,2026-07-28
fantasypros,Jameis Winston,QB,194.8,1.3,1.3,26.1,10.9,0.0,2.6,0.0,0.0,0.0,0.6,12.882000000000003,jameis winston,169.9,,2026,2026-07-28
fantasypros,Kenny Pickett,QB,155.5,1.3,0.8,22.5,10.9,0.0,2.8,0.0,0.0,0.0,0.1,13.31,kenny pickett,170.0,,2026,2026-07-28
fantasypros,Quinn Ewers,QB,167.6,1.2,0.9,24.5,11.7,0.0,3.0,0.0,0.0,0.0,0.1,13.074,quinn ewers,169.9,,2026,2026-07-28
fantasypros,Tyson Bagent,QB,168.0,1.0,0.2,23.0,8.6,0.0,2.8,0.0,0.0,0.0,0.1,12.979999999999999,tyson bagent,169.9,,2026,2026-07-28
fantasypros,Will Levis,QB,137.0,1.0,0.0,23.0,19.0,0.0,4.0,0.0,0.0,0.0,0.0,13.38,will levis,170.0,,2026,2026-07-28
fantasypros,Jake Browning,QB,157.4,1.0,0.9,22.5,15.7,0.0,3.1,0.0,0.0,0.0,0.1,11.866,jake browning,170.0,,2026,2026-07-28
fantasypros,Jarrett Stidham,QB,152.2,1.1,0.3,23.1,12.9,0.0,3.3,0.0,0.0,0.0,0.1,13.178,jarrett stidham,170.0,,2026,2026-07-28
fantasypros,Teddy Bridgewater,QB,157.9,1.0,0.4,21.8,8.9,0.0,3.1,0.0,0.0,0.0,0.0,12.406,teddy bridgewater,169.9,,2026,2026-07-28
fantasypros,Tyrod Taylor,QB,173.5,0.9,0.8,25.0,10.7,0.0,2.1,0.0,0.0,0.0,0.2,11.41,tyrod taylor,170.0,,2026,2026-07-28
fantasypros,Tommy DeVito,QB,149.8,1.0,0.4,22.5,9.5,0.1,1.9,0.0,0.0,0.0,0.1,12.542,tommy devito,169.9,,2026,2026-07-28
fantasypros,Tyler Huntley,QB,130.8,0.9,0.3,18.3,18.7,0.0,3.5,0.0,0.0,0.0,0.1,11.702000000000002,tyler huntley,169.9,,2026,2026-07-28
fantasypros,Mac Jones,QB,160.2,1.0,0.5,22.5,8.4,0.0,2.7,0.0,0.0,0.0,0.1,12.048,mac jones,170.0,,2026,2026-07-28
fantasypros,Trey Lance,QB,148.2,1.0,0.8,22.2,13.4,0.0,3.2,0.0,0.0,0.0,0.1,11.468000000000002,trey lance,170.0,,2026,2026-07-28
fantasypros,Tanner McKee,QB,141.0,1.0,0.2,20.3,9.9,0.0,3.0,0.0,0.0,0.0,0.0,12.23,tanner mckee,170.0,,2026,2026-07-28
fantasypros,Joe Flacco,QB,169.2,1.2,0.8,24.8,8.6,0.0,2.2,0.0,0.0,0.0,0.6,12.028,joe flacco,170.0,,2026,2026-07-28
fantasypros,Mason Rudolph,QB,148.4,0.9,0.3,22.2,10.6,0.0,2.6,0.0,0.0,0.0,0.1,11.596000000000002,mason rudolph,170.0,,2026,2026-07-28
fantasypros,Spencer Rattler,QB,156.7,0.9,0.8,23.0,12.1,0.0,2.7,0.0,0.0,0.0,0.1,11.078,spencer rattler,169.9,,2026,2026-07-28
fantasypros,Drew Lock,QB,146.6,0.9,0.8,20.6,13.1,0.0,3.1,0.0,0.0,0.0,0.1,10.774000000000001,drew lock,170.0,,2026,2026-07-28
fantasypros,Andy Dalton,QB,140.0,1.0,0.0,19.0,23.0,0.0,5.0,0.0,0.0,0.0,1.0,11.900000000000002,andy dalton,170.0,,2026,2026-07-28
fantasypros,Behren Morton,QB,121.0,1.0,0.0,15.0,10.0,0.0,2.0,0.0,0.0,0.0,0.0,11.84,behren morton,170.0,,2026,2026-07-28
fantasypros,Nick Mullens,QB,140.2,1.1,0.4,18.8,3.7,0.0,3.1,0.0,0.0,0.0,0.1,11.578,nick mullens,170.0,,2026,2026-07-28
fantasypros,Chris Oladokun,QB,148.0,1.0,0.0,23.0,18.0,0.0,4.0,0.0,0.0,0.0,1.0,11.72,chris oladokun,170.0,,2026,2026-07-28
fantasypros,Gardner Minshew II,QB,147.9,0.8,0.3,22.9,9.3,0.0,2.4,0.0,0.0,0.0,0.1,10.846000000000002,gardner minshew,169.9,,2026,2026-07-28
fantasypros,Cade Klubnik,QB,136.8,0.9,0.6,20.6,8.2,0.0,1.8,0.0,0.0,0.0,0.1,10.292000000000002,cade klubnik,169.9,,2026,2026-07-28
fantasypros,Adrian Martinez,QB,114.0,1.0,0.0,16.0,7.0,0.0,3.0,0.0,0.0,0.0,0.0,11.26,adrian martinez,170.0,,2026,2026-07-28
fantasypros,Garrett Nussmeier,QB,111.0,1.0,0.0,17.0,8.0,0.0,2.0,0.0,0.0,0.0,0.0,11.240000000000002,garrett nussmeier,170.0,,2026,2026-07-28
fantasypros,Cole Payton,QB,105.0,1.0,0.0,14.0,10.0,0.0,2.0,0.0,0.0,0.0,0.0,11.2,cole payton,170.0,,2026,2026-07-28
fantasypros,Kyle Allen,QB,138.4,1.0,0.6,21.0,3.6,0.0,2.0,0.0,0.0,0.0,0.1,10.496000000000002,kyle allen,170.0,,2026,2026-07-28
fantasypros,Mitchell Trubisky,QB,138.5,0.8,0.4,23.3,4.7,0.0,2.6,0.0,0.0,0.0,0.1,9.81,mitchell trubisky,170.0,,2026,2026-07-28
fantasypros,Jalen Milroe,QB,90.0,1.0,0.0,11.0,14.0,0.0,5.0,0.0,0.0,0.0,0.0,11.0,jalen milroe,170.0,,2026,2026-07-28
fantasypros,Drew Allar,QB,101.0,1.0,0.0,16.0,8.0,0.0,2.0,0.0,0.0,0.0,0.0,10.84,drew allar,170.0,,2026,2026-07-28
fantasypros,Will Howard,QB,95.7,0.7,0.3,14.0,5.0,0.0,1.3,0.0,0.0,0.0,0.0,7.927999999999999,will howard,169.9,,2026,2026-07-28
fantasypros,Brady Cook,QB,60.0,0.5,0.5,10.0,10.5,0.0,2.0,0.0,0.0,0.0,0.0,5.45,brady cook,170.0,,2026,2026-07-28
fantasypros,Josh Johnson,QB,0.0,0.0,0.0,0.0,0.0,0.0,0.0,0.0,0.0,0.0,0.0,0.0,josh johnson,170.0,,2026,2026-07-28
fantasypros,Stetson Bennett IV,QB,0.0,0.0,0.0,0.0,0.0,0.0,0.0,0.0,0.0,0.0,0.0,0.0,stetson bennett,,,2026,2026-07-28
fantasypros,Aidan O'Connell,QB,0.0,0.0,0.0,0.0,0.0,0.0,0.0,0.0,0.0,0.0,0.0,0.0,aidan o connell,170.0,,2026,2026-07-28
fantasypros,Jahmyr Gibbs,RB,0.0,0.0,0.0,0.0,1380.9,13.8,274.4,70.9,580.2,4.1,1.1,372.2100000000001,jahmyr gibbs,1.7,2.9,2026,2026-07-28
fantasypros,Bijan Robinson,RB,0.0,0.0,0.0,0.0,1426.4,9.5,289.5,79.6,737.9,3.5,1.8,370.43,bijan robinson,2.5,1.4,2026,2026-07-28
fantasypros,Jonathan Taylor,RB,0.0,0.0,0.0,0.0,1509.4,12.9,327.4,43.8,326.7,1.4,1.7,309.81000000000006,jonathan taylor,8.2,7.7,2026,2026-07-28
fantasypros,Christian McCaffrey,RB,0.0,0.0,0.0,0.0,1122.0,9.2,276.5,79.3,699.8,4.7,1.1,342.68,christian mccaffrey,6.0,6.7,2026,2026-07-28
fantasypros,Derrick Henry,RB,0.0,0.0,0.0,0.0,1568.1,13.4,314.0,17.8,172.1,0.7,1.7,273.02000000000004,derrick henry,20.0,24.6,2026,2026-07-28
fantasypros,De'Von Achane,RB,0.0,0.0,0.0,0.0,1252.0,6.4,246.8,70.2,527.3,4.3,1.0,310.33000000000004,de von achane,12.8,16.2,2026,2026-07-28
fantasypros,James Cook III,RB,0.0,0.0,0.0,0.0,1403.5,10.3,287.3,33.3,281.7,1.9,2.4,270.21999999999997,james cook,14.1,9.7,2026,2026-07-28
fantasypros,Saquon Barkley,RB,0.0,0.0,0.0,0.0,1310.8,8.2,295.8,42.0,330.1,2.1,1.0,265.89000000000004,saquon barkley,16.6,19.5,2026,2026-07-28
fantasypros,Josh Jacobs,RB,0.0,0.0,0.0,0.0,1161.1,12.0,288.7,35.7,284.1,1.2,1.3,256.82,josh jacobs,26.2,27.6,2026,2026-07-28
fantasypros,Ashton Jeanty,RB,0.0,0.0,0.0,0.0,1089.8,8.0,283.7,59.0,414.1,3.3,1.1,274.99000000000007,ashton jeanty,16.7,15.4,2026,2026-07-28
fantasypros,Chase Brown,RB,0.0,0.0,0.0,0.0,1039.7,7.5,239.4,64.4,430.1,3.9,1.1,277.58000000000004,chase brown,26.7,22.2,2026,2026-07-28
fantasypros,Omarion Hampton,RB,0.0,0.0,0.0,0.0,1075.9,10.0,249.8,51.6,352.6,2.0,1.1,264.25000000000006,omarion hampton,20.6,18.8,2026,2026-07-28
fantasypros,Kyren Williams,RB,0.0,0.0,0.0,0.0,1138.7,10.2,244.7,33.5,239.6,2.2,1.6,242.53,kyren williams,39.7,32.2,2026,2026-07-28
fantasypros,Kenneth Walker III,RB,0.0,0.0,0.0,0.0,1168.1,8.3,257.7,45.1,346.9,1.2,0.9,251.79999999999998,kenneth walker,28.6,14.6,2026,2026-07-28
fantasypros,Breece Hall,RB,0.0,0.0,0.0,0.0,1159.7,6.5,259.3,47.4,411.3,2.2,1.7,253.30000000000004,breece hall,32.6,32.3,2026,2026-07-28
fantasypros,Jeremiyah Love,RB,0.0,0.0,0.0,0.0,1078.7,7.2,238.6,54.4,419.5,2.1,2.2,255.62000000000003,jeremiyah love,17.6,19.7,2026,2026-07-28
fantasypros,Javonte Williams,RB,0.0,0.0,0.0,0.0,1167.4,10.4,257.5,29.4,167.9,1.2,1.6,229.33,javonte williams,37.4,38.3,2026,2026-07-28
fantasypros,Cam Skattebo,RB,0.0,0.0,0.0,0.0,1015.9,8.1,243.5,45.8,364.0,2.5,1.6,244.19000000000003,cam skattebo,43.5,48.7,2026,2026-07-28
fantasypros,Travis Etienne Jr.,RB,0.0,0.0,0.0,0.0,1063.1,5.3,251.9,45.2,353.7,3.0,1.0,234.68,travis etienne,46.6,36.7,2026,2026-07-28
fantasypros,Bucky Irving,RB,0.0,0.0,0.0,0.0,1043.7,6.3,262.2,40.6,342.4,2.3,1.0,228.81000000000003,bucky irving,55.3,31.6,2026,2026-07-28
fantasypros,D'Andre Swift,RB,0.0,0.0,0.0,0.0,1053.1,8.0,233.1,34.8,299.8,1.0,1.0,222.09000000000003,d andre swift,70.6,65.1,2026,2026-07-28
fantasypros,Quinshon Judkins,RB,0.0,0.0,0.0,0.0,1104.3,8.1,289.4,31.3,218.3,0.6,0.9,213.96,quinshon judkins,54.1,55.0,2026,2026-07-28
fantasypros,Bhayshul Tuten,RB,0.0,0.0,0.0,0.0,992.5,8.2,243.0,29.2,221.6,2.1,2.2,208.00999999999996,bhayshul tuten,76.2,60.4,2026,2026-07-28
fantasypros,TreVeyon Henderson,RB,0.0,0.0,0.0,0.0,885.9,7.3,190.1,37.7,261.5,1.2,0.9,201.63999999999996,treveyon henderson,64.9,47.8,2026,2026-07-28
fantasypros,David Montgomery,RB,0.0,0.0,0.0,0.0,936.7,7.3,225.5,30.5,226.3,0.5,1.0,191.60000000000002,david montgomery,72.6,56.3,2026,2026-07-28
fantasypros,Jadarian Price,RB,0.0,0.0,0.0,0.0,911.8,7.6,215.2,26.0,220.1,1.1,2.0,187.39,jadarian price,72.7,80.3,2026,2026-07-28
fantasypros,Tony Pollard,RB,0.0,0.0,0.0,0.0,1045.3,5.9,238.7,31.9,207.7,0.5,2.1,191.40000000000003,tony pollard,87.8,85.6,2026,2026-07-28
fantasypros,J.K. Dobbins,RB,0.0,0.0,0.0,0.0,1060.1,6.6,226.6,17.7,94.2,0.6,0.7,174.92999999999995,j k dobbins,116.5,92.5,2026,2026-07-28
fantasypros,Rico Dowdle,RB,0.0,0.0,0.0,0.0,899.0,6.2,208.2,31.4,220.3,1.0,1.0,184.53,rico dowdle,104.8,88.1,2026,2026-07-28
fantasypros,Chuba Hubbard,RB,0.0,0.0,0.0,0.0,841.5,5.4,208.8,36.3,259.6,1.8,1.5,186.61000000000004,chuba hubbard,100.8,74.9,2026,2026-07-28
fantasypros,Jaylen Warren,RB,0.0,0.0,0.0,0.0,825.6,4.8,188.0,42.0,320.6,1.5,0.9,192.62,jaylen warren,98.9,74.8,2026,2026-07-28
fantasypros,Rhamondre Stevenson,RB,0.0,0.0,0.0,0.0,733.2,6.5,168.8,36.8,309.8,1.6,2.1,185.50000000000003,rhamondre stevenson,109.2,82.7,2026,2026-07-28
fantasypros,Aaron Jones Sr.,RB,0.0,0.0,0.0,0.0,730.2,3.9,171.7,41.0,303.3,1.7,1.6,174.75000000000003,aaron jones,113.3,108.8,2026,2026-07-28
fantasypros,Kyle Monangai,RB,0.0,0.0,0.0,0.0,817.0,5.2,191.0,22.8,192.7,0.4,0.7,155.97000000000003,kyle monangai,121.2,89.5,2026,2026-07-28
fantasypros,RJ Harvey,RB,0.0,0.0,0.0,0.0,508.9,4.6,134.1,46.6,343.9,3.5,0.8,178.88000000000002,rj harvey,120.9,68.4,2026,2026-07-28
fantasypros,Jacory Croskey-Merritt,RB,0.0,0.0,0.0,0.0,821.0,7.5,182.3,11.2,79.6,0.2,1.7,144.06,jacory croskey merritt,138.6,114.9,2026,2026-07-28
fantasypros,Rachaad White,RB,0.0,0.0,0.0,0.0,621.5,5.4,140.9,40.3,272.7,1.6,0.8,170.12000000000003,rachaad white,118.6,127.2,2026,2026-07-28
fantasypros,Blake Corum,RB,0.0,0.0,0.0,0.0,780.6,6.3,163.1,10.9,73.7,0.2,0.7,133.92999999999998,blake corum,133.3,98.3,2026,2026-07-28
fantasypros,Jordan Mason,RB,0.0,0.0,0.0,0.0,784.8,5.5,171.0,14.5,75.8,0.1,1.0,132.16,jordan mason,147.4,130.5,2026,2026-07-28
fantasypros,Kenny Gainwell,RB,0.0,0.0,0.0,0.0,485.2,3.8,110.7,49.7,352.0,2.0,0.9,166.42,kenneth gainwell,118.1,106.9,2026,2026-07-28
fantasypros,Jonathon Brooks,RB,0.0,0.0,0.0,0.0,623.7,3.9,154.8,25.1,192.9,1.1,1.4,133.95999999999998,jonathon brooks,130.8,138.0,2026,2026-07-28
fantasypros,Zach Charbonnet,RB,0.0,0.0,0.0,0.0,532.3,5.6,130.5,19.8,147.0,0.5,0.7,122.92999999999998,zach charbonnet,151.1,125.8,2026,2026-07-28
fantasypros,Woody Marks,RB,0.0,0.0,0.0,0.0,555.4,2.7,142.6,24.1,197.8,1.8,0.8,124.82000000000001,woody marks,147.8,141.2,2026,2026-07-28
fantasypros,Isiah Pacheco,RB,0.0,0.0,0.0,0.0,581.1,3.5,139.2,21.1,136.1,0.6,0.8,115.82000000000001,isiah pacheco,154.8,167.2,2026,2026-07-28
fantasypros,Tyrone Tracy Jr.,RB,0.0,0.0,0.0,0.0,502.7,2.5,118.3,26.3,203.3,1.2,0.8,117.50000000000001,tyrone tracy,167.5,145.3,2026,2026-07-28
fantasypros,Tyjae Spears,RB,0.0,0.0,0.0,0.0,368.0,2.9,92.1,45.9,305.2,1.2,0.7,136.42,tyjae spears,162.6,151.9,2026,2026-07-28
fantasypros,Chris Rodriguez Jr.,RB,0.0,0.0,0.0,0.0,553.1,5.1,133.8,5.4,42.5,0.1,0.6,94.96,chris rodriguez,167.9,141.6,2026,2026-07-28
fantasypros,Alvin Kamara,RB,0.0,0.0,0.0,0.0,454.6,2.1,116.6,34.6,233.6,1.5,0.6,123.82000000000001,alvin kamara,153.6,157.7,2026,2026-07-28
fantasypros,Brian Robinson Jr.,RB,0.0,0.0,0.0,0.0,563.9,4.3,129.3,6.9,43.2,0.1,0.7,92.60999999999999,brian robinson,168.8,123.8,2026,2026-07-28
fantasypros,Justice Hill,RB,0.0,0.0,0.0,0.0,273.5,2.2,56.4,34.7,303.0,1.8,0.2,115.94999999999999,justice hill,170.4,,2026,2026-07-28
fantasypros,Tyler Allgeier,RB,0.0,0.0,0.0,0.0,428.0,4.2,111.7,17.0,108.5,0.2,0.6,95.85,tyler allgeier,168.9,132.5,2026,2026-07-28
fantasypros,Braelon Allen,RB,0.0,0.0,0.0,0.0,427.9,4.3,106.0,12.9,93.7,0.7,1.7,91.66000000000001,braelon allen,169.5,174.1,2026,2026-07-28
fantasypros,AJ Dillon,RB,0.0,0.0,0.0,0.0,509.0,3.0,123.0,16.0,136.0,1.0,5.0,94.5,aj dillon,170.0,,2026,2026-07-28
fantasypros,Samaje Perine,RB,0.0,0.0,0.0,0.0,443.2,3.7,98.9,17.9,135.1,0.4,1.9,96.53000000000003,samaje perine,170.6,,2026,2026-07-28
fantasypros,Jordan James,RB,0.0,0.0,0.0,0.0,416.5,3.2,102.3,16.1,146.8,0.7,1.2,93.43000000000002,jordan james,170.2,,2026,2026-07-28
fantasypros,Dylan Sampson,RB,0.0,0.0,0.0,0.0,254.1,1.3,73.5,35.9,284.6,2.1,1.2,107.77000000000001,dylan sampson,170.6,166.4,2026,2026-07-28
fantasypros,Ty Johnson,RB,0.0,0.0,0.0,0.0,218.7,2.0,51.6,24.9,250.7,2.1,0.2,96.03999999999999,ty johnson,170.3,,2026,2026-07-28
fantasypros,Kaelon Black,RB,0.0,0.0,0.0,0.0,387.6,3.2,98.1,8.6,78.9,0.6,1.1,75.85,kaelon black,170.1,,2026,2026-07-28
fantasypros,Emari Demercado,RB,0.0,0.0,0.0,0.0,425.9,1.7,76.8,16.3,119.0,0.8,1.7,82.39,emari demercado,170.2,,2026,2026-07-28
fantasypros,Tank Bigsby,RB,0.0,0.0,0.0,0.0,419.4,3.2,85.6,3.3,29.3,0.1,0.2,67.57,tank bigsby,168.2,187.7,2026,2026-07-28
fantasypros,Mike Washington Jr.,RB,0.0,0.0,0.0,0.0,352.5,2.1,92.8,15.2,121.4,0.6,0.7,77.38999999999999,mike washington,170.3,179.1,2026,2026-07-28
fantasypros,Malik Davis,RB,0.0,0.0,0.0,0.0,382.7,2.8,81.8,8.7,67.3,0.2,0.1,71.5,malik davis,170.1,,2026,2026-07-28
fantasypros,Keaton Mitchell,RB,0.0,0.0,0.0,0.0,395.4,1.9,85.2,11.5,82.7,0.2,0.7,70.50999999999999,keaton mitchell,170.4,164.9,2026,2026-07-28
fantasypros,Adam Randall,RB,0.0,0.0,0.0,0.0,281.5,2.0,55.1,10.3,103.4,1.1,0.6,66.19,adam randall,170.2,,2026,2026-07-28
fantasypros,Chris Brooks,RB,0.0,0.0,0.0,0.0,323.2,1.3,72.7,15.4,107.6,0.3,0.6,66.88,chris brooks,170.2,,2026,2026-07-28
fantasypros,Kimani Vidal,RB,0.0,0.0,0.0,0.0,251.0,1.6,62.2,11.9,104.3,0.7,0.1,61.03,kimani vidal,170.3,181.1,2026,2026-07-28
fantasypros,James Conner,RB,0.0,0.0,0.0,0.0,155.0,1.5,42.5,18.0,131.0,1.0,0.0,61.6,james conner,169.7,152.2,2026,2026-07-28
fantasypros,Emanuel Wilson,RB,0.0,0.0,0.0,0.0,289.5,1.7,69.7,7.7,52.1,0.0,0.5,51.06000000000001,emanuel wilson,170.8,203.3,2026,2026-07-28
fantasypros,Jaylen Wright,RB,0.0,0.0,0.0,0.0,299.1,1.5,77.8,7.2,51.9,0.1,1.2,49.50000000000001,jaylen wright,170.2,215.1,2026,2026-07-28
fantasypros,Jawhar Jordan,RB,0.0,0.0,0.0,0.0,218.5,1.1,51.3,11.0,87.0,0.5,0.5,50.150000000000006,jawhar jordan,170.0,,2026,2026-07-28
fantasypros,Kendre Miller,RB,0.0,0.0,0.0,0.0,209.8,2.1,52.4,4.0,28.5,0.0,0.0,40.43000000000001,kendre miller,170.0,224.8,2026,2026-07-28
fantasypros,MarShawn Lloyd,RB,0.0,0.0,0.0,0.0,211.5,1.5,50.6,6.5,48.6,0.3,0.2,42.910000000000004,marshawn lloyd,170.3,,2026,2026-07-28
fantasypros,George Holani,RB,0.0,0.0,0.0,0.0,164.2,1.5,38.9,8.0,62.2,0.3,0.2,41.04,george holani,170.2,,2026,2026-07-28
fantasypros,Frank Gore Jr.,RB,0.0,0.0,0.0,0.0,174.0,2.0,37.0,3.0,26.0,0.0,0.0,35.00000000000001,frank gore,170.0,,2026,2026-07-28
fantasypros,Roschon Johnson,RB,0.0,0.0,0.0,0.0,116.0,3.0,34.0,3.0,17.0,0.0,0.0,34.300000000000004,roschon johnson,169.9,,2026,2026-07-28
fantasypros,Kyle Juszczyk,RB,0.0,0.0,0.0,0.0,10.3,0.1,4.2,23.8,208.0,1.5,0.1,55.03,kyle juszczyk,,,2026,2026-07-28
fantasypros,Jaydon Blue,RB,0.0,0.0,0.0,0.0,186.4,1.4,44.2,4.4,30.8,0.2,0.2,35.32,jaydon blue,169.9,236.6,2026,2026-07-28
fantasypros,Emmett Johnson,RB,0.0,0.0,0.0,0.0,165.1,1.3,39.7,5.2,41.1,0.2,0.1,34.620000000000005,emmett johnson,169.9,149.7,2026,2026-07-28
fantasypros,Ollie Gordon II,RB,0.0,0.0,0.0,0.0,185.2,1.1,45.1,3.9,27.7,0.1,0.2,31.990000000000002,ollie gordon,170.2,,2026,2026-07-28
fantasypros,Ray Davis,RB,0.0,0.0,0.0,0.0,137.8,1.1,32.3,7.8,60.0,0.4,0.2,36.18000000000001,ray davis,170.7,208.6,2026,2026-07-28
fantasypros,Isaiah Davis,RB,0.0,0.0,0.0,0.0,135.0,0.9,26.4,9.9,78.2,0.2,0.0,37.82,isaiah davis,170.1,,2026,2026-07-28
fantasypros,DJ Giddens,RB,0.0,0.0,0.0,0.0,141.5,1.0,33.6,8.6,56.7,0.3,0.2,35.82,dj giddens,170.2,,2026,2026-07-28
fantasypros,Sean Tucker,RB,0.0,0.0,0.0,0.0,145.4,2.0,34.4,0.5,3.0,0.0,0.1,27.14,sean tucker,170.2,192.8,2026,2026-07-28
fantasypros,Ty Chandler,RB,0.0,0.0,0.0,0.0,144.0,1.0,54.0,12.0,57.0,0.0,0.0,38.1,ty chandler,170.0,,2026,2026-07-28
fantasypros,Elijah Mitchell,RB,0.0,0.0,0.0,0.0,159.0,1.0,35.0,2.0,22.0,0.0,0.0,26.099999999999998,elijah mitchell,170.0,,2026,2026-07-28
fantasypros,Jam Miller,RB,0.0,0.0,0.0,0.0,156.0,1.0,34.0,2.0,25.0,0.0,0.0,26.1,jam miller,170.0,,2026,2026-07-28
fantasypros,LeQuint Allen Jr.,RB,0.0,0.0,0.0,0.0,33.9,0.2,8.0,21.7,148.0,0.8,0.1,45.69,lequint allen,170.3,,2026,2026-07-28
fantasypros,Phil Mafah,RB,0.0,0.0,0.0,0.0,142.0,1.0,32.0,4.0,34.0,0.0,0.0,27.6,phil mafah,170.0,,2026,2026-07-28
fantasypros,Devin Singletary,RB,0.0,0.0,0.0,0.0,142.7,1.0,35.6,4.2,26.3,0.1,0.1,27.5,devin singletary,170.1,,2026,2026-07-28
fantasypros,Salvon Ahmed,RB,0.0,0.0,0.0,0.0,152.0,1.0,35.0,1.0,12.0,0.0,0.0,23.400000000000002,salvon ahmed,,,2026,2026-07-28
fantasypros,Jarquez Hunter,RB,0.0,0.0,0.0,0.0,148.0,1.0,32.0,1.0,14.0,0.0,0.0,23.2,jarquez hunter,170.0,240.6,2026,2026-07-28
fantasypros,Dameon Pierce,RB,0.0,0.0,0.0,0.0,161.0,1.0,35.0,0.0,0.0,0.0,0.0,22.1,dameon pierce,170.0,,2026,2026-07-28
fantasypros,Israel Abanikanda,RB,0.0,0.0,0.0,0.0,147.0,1.0,32.0,1.0,14.0,0.0,0.0,23.1,israel abanikanda,,,2026,2026-07-28
fantasypros,Brashard Smith,RB,0.0,0.0,0.0,0.0,89.0,0.5,25.0,10.5,71.0,0.5,0.0,32.5,brashard smith,170.0,226.3,2026,2026-07-28
fantasypros,Trevor Etienne,RB,0.0,0.0,0.0,0.0,105.6,0.6,24.8,8.2,59.2,0.3,0.1,29.880000000000003,trevor etienne,170.1,,2026,2026-07-28
fantasypros,Jonah Coleman,RB,0.0,0.0,0.0,0.0,109.4,0.8,26.2,5.9,42.7,0.2,0.1,26.91,jonah coleman,170.0,145.0,2026,2026-07-28
fantasypros,Donovan Edwards,RB,0.0,0.0,0.0,0.0,130.0,1.0,31.0,2.0,19.0,0.0,0.0,22.9,donovan edwards,170.0,,2026,2026-07-28
fantasypros,Carlos Washington Jr.,RB,0.0,0.0,0.0,0.0,130.0,1.0,31.0,2.0,19.0,0.0,0.0,22.9,carlos washington,,,2026,2026-07-28
fantasypros,Audric Estime,RB,0.0,0.0,0.0,0.0,122.0,1.0,30.0,3.0,24.0,0.0,0.0,23.6,audric estime,170.0,237.4,2026,2026-07-28
fantasypros,Demond Claiborne,RB,0.0,0.0,0.0,0.0,121.5,0.9,27.7,3.3,25.2,0.1,0.1,23.770000000000003,demond claiborne,170.2,218.3,2026,2026-07-28
fantasypros,Seth McGowan,RB,0.0,0.0,0.0,0.0,97.1,1.2,22.3,3.2,26.9,0.1,0.0,23.400000000000002,seth mcgowan,170.2,,2026,2026-07-28
fantasypros,Kaytron Allen,RB,0.0,0.0,0.0,0.0,110.8,0.7,23.6,3.1,25.5,0.1,0.0,21.53,kaytron allen,170.1,181.2,2026,2026-07-28
fantasypros,Tahj Brooks,RB,0.0,0.0,0.0,0.0,129.3,0.9,30.5,0.0,0.0,0.0,0.1,18.130000000000003,tahj brooks,170.1,,2026,2026-07-28
fantasypros,Devin Neal,RB,0.0,0.0,0.0,0.0,89.5,1.0,22.5,2.5,17.5,0.0,0.0,19.200000000000003,devin neal,170.0,211.9,2026,2026-07-28
fantasypros,Hunter Luepke,RB,0.0,0.0,0.0,0.0,56.1,0.4,13.3,8.6,61.8,0.4,0.1,24.99,hunter luepke,,,2026,2026-07-28
fantasypros,Will Shipley,RB,0.0,0.0,0.0,0.0,39.6,0.3,9.3,11.3,83.2,0.4,0.1,27.580000000000002,will shipley,170.1,,2026,2026-07-28
fantasypros,Tyler Badie,RB,0.0,0.0,0.0,0.0,17.6,0.1,4.1,12.0,98.7,0.5,0.1,27.03,tyler badie,170.1,,2026,2026-07-28
fantasypros,Nicholas Singleton,RB,0.0,0.0,0.0,0.0,83.4,0.6,20.3,4.3,29.9,0.2,0.1,20.230000000000004,nicholas singleton,170.1,176.4,2026,2026-07-28
fantasypros,Jerome Ford,RB,0.0,0.0,0.0,0.0,97.0,0.5,17.5,4.0,23.5,0.0,0.0,19.050000000000004,jerome ford,170.0,,2026,2026-07-28
fantasypros,Isaac Guerendo,RB,0.0,0.0,0.0,0.0,80.0,0.5,16.5,2.0,18.5,0.0,0.0,14.85,isaac guerendo,170.0,,2026,2026-07-28
fantasypros,Michael Burton,RB,0.0,0.0,0.0,0.0,13.8,0.6,6.6,5.1,33.2,0.6,0.0,17.0,michael burton,,,2026,2026-07-28
fantasypros,Andrew Beck,RB,0.0,0.0,0.0,0.0,4.0,0.0,0.5,4.6,31.6,1.1,0.0,14.760000000000002,andrew beck,170.1,,2026,2026-07-28
fantasypros,Alec Ingold,RB,0.0,0.0,0.0,0.0,8.6,0.1,2.1,7.9,58.2,0.2,0.1,16.18,alec ingold,,,2026,2026-07-28
fantasypros,Adam Prentice,RB,0.0,0.0,0.0,0.0,17.4,0.1,4.1,4.1,29.7,0.2,0.0,10.61,adam prentice,,,2026,2026-07-28
fantasypros,Connor Heyward,RB,0.0,0.0,0.0,0.0,17.6,0.1,4.2,4.0,28.9,0.2,0.0,10.45,connor heyward,,,2026,2026-07-28
fantasypros,Max Bredeson,RB,0.0,0.0,0.0,0.0,8.5,0.1,2.0,4.5,29.4,0.2,0.0,10.09,max bredeson,,,2026,2026-07-28
fantasypros,Kaleb Johnson,RB,0.0,0.0,0.0,0.0,35.8,0.2,8.6,0.0,0.0,0.0,0.0,4.78,kaleb johnson,170.1,217.5,2026,2026-07-28
fantasypros,Reggie Gilliam,RB,0.0,0.0,0.0,0.0,0.0,0.0,0.0,4.1,29.8,0.2,0.0,8.280000000000001,reggie gilliam,170.0,,2026,2026-07-28
fantasypros,Patrick Ricard,RB,0.0,0.0,0.0,0.0,0.0,0.0,0.0,4.0,26.9,0.1,0.0,7.289999999999999,patrick ricard,,,2026,2026-07-28
fantasypros,British Brooks,RB,0.0,0.0,0.0,0.0,18.0,0.1,4.2,0.0,0.0,0.0,0.0,2.4000000000000004,british brooks,170.0,,2026,2026-07-28
fantasypros,DeeJay Dallas,RB,0.0,0.0,0.0,0.0,0.0,0.0,0.0,0.0,0.0,0.0,0.0,0.0,deejay dallas,170.0,,2026,2026-07-28
fantasypros,Kene Nwangwu,RB,0.0,0.0,0.0,0.0,0.0,0.0,0.0,0.0,0.0,0.0,0.0,0.0,kene nwangwu,170.0,,2026,2026-07-28
fantasypros,Bam Knight,RB,0.0,0.0,0.0,0.0,0.0,0.0,0.0,0.0,0.0,0.0,0.0,0.0,bam knight,,,2026,2026-07-28
fantasypros,Trey Benson,RB,0.0,0.0,0.0,0.0,0.0,0.0,0.0,0.0,0.0,0.0,0.0,0.0,trey benson,170.1,182.2,2026,2026-07-28
fantasypros,Jacob Saylors,RB,0.0,0.0,0.0,0.0,0.0,0.0,0.0,0.0,0.0,0.0,0.0,0.0,jacob saylors,170.0,,2026,2026-07-28
fantasypros,Zavier Scott,RB,0.0,0.0,0.0,0.0,0.0,0.0,0.0,0.0,0.0,0.0,0.0,0.0,zavier scott,170.0,,2026,2026-07-28
fantasypros,Rasheen Ali,RB,0.0,0.0,0.0,0.0,0.0,0.0,0.0,0.0,0.0,0.0,0.0,0.0,rasheen ali,170.0,,2026,2026-07-28
fantasypros,Dylan Laube,RB,0.0,0.0,0.0,0.0,0.0,0.0,0.0,0.0,0.0,0.0,0.0,0.0,dylan laube,170.0,,2026,2026-07-28
fantasypros,Chris Collier,RB,0.0,0.0,0.0,0.0,0.0,0.0,0.0,0.0,0.0,0.0,0.0,0.0,chris collier,170.0,,2026,2026-07-28
fantasypros,Josh Williams,RB,0.0,0.0,0.0,0.0,0.0,0.0,0.0,0.0,0.0,0.0,0.0,0.0,josh williams,170.0,,2026,2026-07-28
fantasypros,Trey McBride,TE,0.0,0.0,0.0,0.0,0.0,0.0,0.0,113.6,1099.4,6.9,0.2,264.5400000000001,trey mcbride,19.1,18.7,2026,2026-07-28
fantasypros,Brock Bowers,TE,0.0,0.0,0.0,0.0,0.0,0.0,0.0,96.4,1024.8,7.5,0.2,243.48,brock bowers,23.4,20.2,2026,2026-07-28
fantasypros,Colston Loveland,TE,0.0,0.0,0.0,0.0,0.0,0.0,0.0,77.3,907.3,6.7,0.2,207.83,colston loveland,45.1,41.2,2026,2026-07-28
fantasypros,Tyler Warren,TE,0.0,0.0,0.0,0.0,0.0,0.0,0.0,82.9,870.5,5.4,0.3,201.75000000000003,tyler warren,46.8,50.1,2026,2026-07-28
fantasypros,Kyle Pitts Sr.,TE,0.0,0.0,0.0,0.0,0.0,0.0,0.0,79.4,883.1,4.7,0.1,195.71000000000004,kyle pitts,66.3,71.3,2026,2026-07-28
fantasypros,Dallas Goedert,TE,0.0,0.0,0.0,0.0,0.0,0.0,0.0,65.5,688.6,7.5,0.2,178.96,dallas goedert,101.7,109.1,2026,2026-07-28
fantasypros,Sam LaPorta,TE,0.0,0.0,0.0,0.0,0.0,0.0,0.0,69.8,809.3,5.5,0.2,183.33,sam laporta,71.1,76.4,2026,2026-07-28
fantasypros,Harold Fannin Jr.,TE,0.0,0.0,0.0,0.0,0.0,0.0,0.0,78.7,815.8,5.4,0.8,191.08,harold fannin,75.3,62.6,2026,2026-07-28
fantasypros,Tucker Kraft,TE,0.0,0.0,0.0,0.0,0.0,0.0,0.0,58.0,749.0,6.0,0.2,168.5,tucker kraft,108.5,67.3,2026,2026-07-28
fantasypros,Travis Kelce,TE,0.0,0.0,0.0,0.0,0.0,0.0,0.0,76.9,784.4,5.2,0.3,185.94000000000003,travis kelce,98.3,107.1,2026,2026-07-28
fantasypros,Mark Andrews,TE,0.0,0.0,0.0,0.0,0.0,0.0,0.0,58.3,607.6,7.7,0.3,164.66,mark andrews,125.0,110.7,2026,2026-07-28
fantasypros,George Kittle,TE,0.0,0.0,0.0,0.0,0.0,0.0,0.0,62.0,720.6,5.6,0.2,167.26,george kittle,82.9,97.4,2026,2026-07-28
fantasypros,Dalton Kincaid,TE,0.0,0.0,0.0,0.0,0.0,0.0,0.0,56.8,701.6,5.5,0.2,159.56,dalton kincaid,140.4,97.1,2026,2026-07-28
fantasypros,Isaiah Likely,TE,0.0,0.0,0.0,0.0,0.0,0.0,0.0,62.9,746.2,5.1,1.3,165.52,isaiah likely,127.3,117.3,2026,2026-07-28
fantasypros,Hunter Henry,TE,0.0,0.0,0.0,0.0,0.0,0.0,0.0,56.3,652.0,5.4,0.1,153.70000000000002,hunter henry,146.7,106.2,2026,2026-07-28
fantasypros,Jake Ferguson,TE,0.0,0.0,0.0,0.0,0.0,0.0,0.0,74.1,607.3,6.0,1.4,168.02999999999997,jake ferguson,108.8,104.0,2026,2026-07-28
fantasypros,Brenton Strange,TE,0.0,0.0,0.0,0.0,0.0,0.0,0.0,60.0,658.0,4.3,0.2,151.2,brenton strange,166.6,128.8,2026,2026-07-28
fantasypros,Juwan Johnson,TE,0.0,0.0,0.0,0.0,0.0,0.0,0.0,64.5,726.2,3.2,1.3,153.72,juwan johnson,164.4,135.3,2026,2026-07-28
fantasypros,Dalton Schultz,TE,0.0,0.0,0.0,0.0,0.0,0.0,0.0,65.9,630.0,3.4,0.2,148.9,dalton schultz,168.1,137.0,2026,2026-07-28
fantasypros,Pat Freiermuth,TE,0.0,0.0,0.0,0.0,0.0,0.0,0.0,53.0,557.9,4.3,0.2,134.18999999999997,pat freiermuth,168.9,,2026,2026-07-28
fantasypros,AJ Barner,TE,0.0,0.0,0.0,0.0,0.0,0.0,0.0,50.6,486.2,5.2,0.2,130.02,aj barner,169.2,150.1,2026,2026-07-28
fantasypros,Kenyon Sadiq,TE,0.0,0.0,0.0,0.0,0.0,0.0,0.0,51.1,558.0,4.1,0.7,130.1,kenyon sadiq,138.0,118.2,2026,2026-07-28
fantasypros,Greg Dulcich,TE,0.0,0.0,0.0,0.0,0.0,0.0,0.0,53.4,606.3,3.2,1.2,130.83,greg dulcich,170.2,,2026,2026-07-28
fantasypros,T.J. Hockenson,TE,0.0,0.0,0.0,0.0,0.0,0.0,0.0,63.6,573.7,3.3,0.2,140.36999999999998,t j hockenson,136.5,141.2,2026,2026-07-28
fantasypros,Oronde Gadsden II,TE,0.0,0.0,0.0,0.0,0.0,0.0,0.0,45.5,563.9,3.6,0.7,122.09,oronde gadsden,168.2,94.7,2026,2026-07-28
fantasypros,Cade Otton,TE,0.0,0.0,0.0,0.0,0.0,0.0,0.0,56.0,570.0,3.2,0.1,132.0,cade otton,170.4,162.7,2026,2026-07-28
fantasypros,Terrance Ferguson,TE,0.0,0.0,0.0,0.0,0.0,0.0,0.0,35.1,485.4,4.3,0.1,109.24,terrance ferguson,167.3,158.7,2026,2026-07-28
fantasypros,Chig Okonkwo,TE,0.0,0.0,0.0,0.0,0.0,0.0,0.0,53.9,567.2,2.7,0.1,126.62,chig okonkwo,168.6,146.2,2026,2026-07-28
fantasypros,Mike Gesicki,TE,0.0,0.0,0.0,0.0,0.0,0.0,0.0,44.0,461.1,3.9,0.1,113.31000000000002,mike gesicki,170.7,,2026,2026-07-28
fantasypros,Evan Engram,TE,0.0,0.0,0.0,0.0,0.0,0.0,0.0,53.5,471.8,2.7,0.1,116.68,evan engram,170.4,,2026,2026-07-28
fantasypros,Gunnar Helm,TE,0.0,0.0,0.0,0.0,0.0,0.0,0.0,48.9,443.1,3.1,0.2,111.41,gunnar helm,169.8,200.8,2026,2026-07-28
fantasypros,David Njoku,TE,0.0,0.0,0.0,0.0,0.0,0.0,0.0,38.5,358.2,4.0,0.1,98.11999999999999,david njoku,170.2,172.4,2026,2026-07-28
fantasypros,Colby Parkinson,TE,0.0,0.0,0.0,0.0,0.0,0.0,0.0,34.3,354.4,3.9,0.6,91.93999999999998,colby parkinson,170.8,200.2,2026,2026-07-28
fantasypros,Mason Taylor,TE,0.0,0.0,0.0,0.0,0.0,0.0,0.0,44.5,390.8,2.4,0.1,97.78000000000002,mason taylor,170.0,224.3,2026,2026-07-28
fantasypros,Dawson Knox,TE,0.0,0.0,0.0,0.0,0.0,0.0,0.0,28.7,328.7,2.9,0.1,78.77,dawson knox,169.9,,2026,2026-07-28
fantasypros,Michael Mayer,TE,0.0,0.0,0.0,0.0,0.0,0.0,0.0,40.0,377.3,2.1,0.1,90.13000000000001,michael mayer,170.2,,2026,2026-07-28
fantasypros,Theo Johnson,TE,0.0,0.0,0.0,0.0,0.0,0.0,0.0,27.7,315.4,2.9,0.1,76.43999999999998,theo johnson,170.3,232.2,2026,2026-07-28
fantasypros,Tyler Higbee,TE,0.0,0.0,0.0,0.0,0.0,0.0,0.0,26.1,306.5,2.4,0.0,71.15,tyler higbee,169.9,,2026,2026-07-28
fantasypros,Darnell Washington,TE,0.0,0.0,0.0,0.0,0.0,0.0,0.0,30.7,328.0,2.0,0.6,74.3,darnell washington,169.8,,2026,2026-07-28
fantasypros,Cole Kmet,TE,0.0,0.0,0.0,0.0,0.0,0.0,0.0,25.9,271.4,2.2,0.1,66.03999999999999,cole kmet,169.8,,2026,2026-07-28
fantasypros,Ja'Tavion Sanders,TE,0.0,0.0,0.0,0.0,0.0,0.0,0.0,29.3,263.9,2.0,0.1,67.49,ja tavion sanders,170.1,,2026,2026-07-28
fantasypros,Tommy Tremble,TE,0.0,0.0,0.0,0.0,0.0,0.0,0.0,26.5,253.1,2.0,0.1,63.61,tommy tremble,170.0,,2026,2026-07-28
fantasypros,Noah Fant,TE,0.0,0.0,0.0,0.0,0.0,0.0,0.0,30.4,285.3,1.7,1.6,65.92999999999999,noah fant,170.0,,2026,2026-07-28
fantasypros,Will Kacmarek,TE,0.0,0.0,0.0,0.0,0.0,0.0,0.0,26.5,250.7,1.9,0.6,61.769999999999996,will kacmarek,170.0,,2026,2026-07-28
fantasypros,Josh Oliver,TE,0.0,0.0,0.0,0.0,0.0,0.0,0.0,18.6,193.6,2.4,0.1,52.16,josh oliver,170.0,,2026,2026-07-28
fantasypros,Austin Hooper,TE,0.0,0.0,0.0,0.0,0.0,0.0,0.0,22.5,237.0,1.6,0.1,55.6,austin hooper,170.0,,2026,2026-07-28
fantasypros,Daniel Bellinger,TE,0.0,0.0,0.0,0.0,0.0,0.0,0.0,19.3,222.3,1.7,0.0,51.730000000000004,daniel bellinger,170.0,,2026,2026-07-28
fantasypros,Erick All Jr.,TE,0.0,0.0,0.0,0.0,0.0,0.0,0.0,26.1,228.3,1.6,0.1,58.330000000000005,erick all,170.0,,2026,2026-07-28
fantasypros,Charlie Kolar,TE,0.0,0.0,0.0,0.0,0.0,0.0,0.0,17.8,205.2,1.9,0.0,49.72,charlie kolar,170.0,,2026,2026-07-28
fantasypros,Brock Wright,TE,0.0,0.0,0.0,0.0,0.0,0.0,0.0,19.4,174.6,2.3,0.0,50.66,brock wright,169.9,,2026,2026-07-28
fantasypros,Eli Stowers,TE,0.0,0.0,0.0,0.0,0.0,0.0,0.0,22.7,232.3,1.5,0.6,53.730000000000004,eli stowers,170.2,173.9,2026,2026-07-28
fantasypros,Noah Gray,TE,0.0,0.0,0.0,0.0,0.0,0.0,0.0,21.0,211.3,1.5,0.1,50.93,noah gray,170.0,,2026,2026-07-28
fantasypros,Luke Musgrave,TE,0.0,0.0,0.0,0.0,0.0,0.0,0.0,23.0,223.1,1.2,0.1,52.31,luke musgrave,169.9,,2026,2026-07-28
fantasypros,Elijah Arroyo,TE,0.0,0.0,0.0,0.0,0.0,0.0,0.0,19.0,198.7,1.6,0.1,48.27,elijah arroyo,170.1,,2026,2026-07-28
fantasypros,Adam Trautman,TE,0.0,0.0,0.0,0.0,0.0,0.0,0.0,19.4,194.0,1.5,0.0,47.8,adam trautman,170.0,,2026,2026-07-28
fantasypros,Jake Tonges,TE,0.0,0.0,0.0,0.0,0.0,0.0,0.0,19.8,201.2,1.4,0.0,48.32,jake tonges,170.8,191.4,2026,2026-07-28
fantasypros,Eli Raridon,TE,0.0,0.0,0.0,0.0,0.0,0.0,0.0,18.8,195.8,1.5,0.6,46.18,eli raridon,169.9,,2026,2026-07-28
fantasypros,Ben Sims,TE,0.0,0.0,0.0,0.0,0.0,0.0,0.0,21.2,201.1,1.2,0.0,48.510000000000005,ben sims,170.0,,2026,2026-07-28
fantasypros,Davis Allen,TE,0.0,0.0,0.0,0.0,0.0,0.0,0.0,16.9,157.3,1.9,0.0,44.03,davis allen,170.0,,2026,2026-07-28
fantasypros,John Bates,TE,0.0,0.0,0.0,0.0,0.0,0.0,0.0,18.4,173.7,1.6,0.6,44.169999999999995,john bates,170.0,,2026,2026-07-28
fantasypros,Marlin Klein,TE,0.0,0.0,0.0,0.0,0.0,0.0,0.0,19.5,193.7,1.1,0.5,44.470000000000006,marlin klein,170.0,,2026,2026-07-28
fantasypros,Elijah Higgins,TE,0.0,0.0,0.0,0.0,0.0,0.0,0.0,21.9,196.2,0.8,0.6,45.11999999999999,elijah higgins,170.0,,2026,2026-07-28
fantasypros,Mitchell Evans,TE,0.0,0.0,0.0,0.0,0.0,0.0,0.0,15.0,138.1,1.5,0.1,37.61,mitchell evans,170.0,,2026,2026-07-28
fantasypros,Nick Vannett,TE,0.0,0.0,0.0,0.0,0.0,0.0,0.0,11.0,103.0,2.0,0.0,33.3,nick vannett,170.0,,2026,2026-07-28
fantasypros,Connor Heyward,TE,0.0,0.0,0.0,0.0,0.0,0.0,0.0,14.0,103.0,2.0,0.0,36.3,connor heyward,,,2026,2026-07-28
fantasypros,Nate Boerkircher,TE,0.0,0.0,0.0,0.0,0.0,0.0,0.0,14.9,155.8,1.3,0.5,37.28,nate boerkircher,170.0,,2026,2026-07-28
fantasypros,Jeremy Ruckert,TE,0.0,0.0,0.0,0.0,0.0,0.0,0.0,19.7,145.8,1.3,0.0,42.08,jeremy ruckert,170.0,,2026,2026-07-28
fantasypros,Jackson Hawes,TE,0.0,0.0,0.0,0.0,0.0,0.0,0.0,10.6,115.1,1.4,0.0,30.509999999999998,jackson hawes,170.0,,2026,2026-07-28
fantasypros,Grant Calcaterra,TE,0.0,0.0,0.0,0.0,0.0,0.0,0.0,12.8,132.5,1.1,0.0,32.65,grant calcaterra,170.0,,2026,2026-07-28
fantasypros,Ben Sinnott,TE,0.0,0.0,0.0,0.0,0.0,0.0,0.0,11.8,116.3,1.4,0.0,31.83,ben sinnott,170.0,,2026,2026-07-28
fantasypros,Nate Adkins,TE,0.0,0.0,0.0,0.0,0.0,0.0,0.0,11.9,88.3,1.8,0.0,31.53,nate adkins,170.0,,2026,2026-07-28
fantasypros,Drew Sample,TE,0.0,0.0,0.0,0.0,0.0,0.0,0.0,15.1,123.1,1.1,0.1,33.809999999999995,drew sample,170.0,,2026,2026-07-28
fantasypros,Will Mallory,TE,0.0,0.0,0.0,0.0,0.0,0.0,0.0,11.0,125.0,1.0,0.0,29.5,will mallory,170.0,,2026,2026-07-28
fantasypros,Jack Endries,TE,0.0,0.0,0.0,0.0,0.0,0.0,0.0,13.0,123.0,1.0,0.0,31.3,jack endries,170.0,,2026,2026-07-28
fantasypros,Foster Moreau,TE,0.0,0.0,0.0,0.0,0.0,0.0,0.0,9.3,105.7,1.3,0.0,27.67,foster moreau,170.0,,2026,2026-07-28
fantasypros,Cade Stover,TE,0.0,0.0,0.0,0.0,0.0,0.0,0.0,15.3,128.1,0.9,0.1,33.309999999999995,cade stover,170.0,,2026,2026-07-28
fantasypros,Hayden Rucci,TE,0.0,0.0,0.0,0.0,0.0,0.0,0.0,12.0,118.0,1.0,0.0,29.8,hayden rucci,,,2026,2026-07-28
fantasypros,Luke Schoonmaker,TE,0.0,0.0,0.0,0.0,0.0,0.0,0.0,13.2,121.7,0.9,0.0,30.770000000000003,luke schoonmaker,169.9,,2026,2026-07-28
fantasypros,Tanner Conner,TE,0.0,0.0,0.0,0.0,0.0,0.0,0.0,10.0,113.0,1.0,0.0,27.3,tanner conner,170.0,,2026,2026-07-28
fantasypros,Bauer Sharp,TE,0.0,0.0,0.0,0.0,0.0,0.0,0.0,11.0,112.0,1.0,0.0,28.200000000000003,bauer sharp,170.0,,2026,2026-07-28
fantasypros,Rivaldo Fairweather,TE,0.0,0.0,0.0,0.0,0.0,0.0,0.0,12.0,108.0,1.0,0.0,28.8,rivaldo fairweather,,,2026,2026-07-28
fantasypros,Justin Joly,TE,0.0,0.0,0.0,0.0,0.0,0.0,0.0,12.0,105.0,1.0,0.0,28.5,justin joly,170.0,,2026,2026-07-28
fantasypros,Dallen Bentley,TE,0.0,0.0,0.0,0.0,0.0,0.0,0.0,12.0,105.0,1.0,0.0,28.5,dallen bentley,170.0,,2026,2026-07-28
fantasypros,Charlie Woerner,TE,0.0,0.0,0.0,0.0,0.0,0.0,0.0,14.5,127.4,0.6,0.0,30.840000000000003,charlie woerner,170.0,,2026,2026-07-28
fantasypros,Tanner Hudson,TE,0.0,0.0,0.0,0.0,0.0,0.0,0.0,13.1,110.2,0.9,0.1,29.320000000000004,tanner hudson,170.0,,2026,2026-07-28
fantasypros,Mo Alie-Cox,TE,0.0,0.0,0.0,0.0,0.0,0.0,0.0,10.9,110.7,0.9,0.1,27.169999999999998,mo alie cox,170.0,,2026,2026-07-28
fantasypros,Cam Grandy,TE,0.0,0.0,0.0,0.0,0.0,0.0,0.0,13.0,100.0,1.0,0.0,29.0,cam grandy,170.0,,2026,2026-07-28
fantasypros,Jaheim Bell,TE,0.0,0.0,0.0,0.0,0.0,0.0,0.0,10.0,98.0,1.0,0.0,25.8,jaheim bell,170.0,,2026,2026-07-28
fantasypros,Jared Wiley,TE,0.0,0.0,0.0,0.0,0.0,0.0,0.0,11.0,95.0,1.0,0.0,26.5,jared wiley,170.0,,2026,2026-07-28
fantasypros,Drake Dabney,TE,0.0,0.0,0.0,0.0,0.0,0.0,0.0,9.0,94.0,1.0,0.0,24.4,drake dabney,,,2026,2026-07-28
fantasypros,Seydou Traore,TE,0.0,0.0,0.0,0.0,0.0,0.0,0.0,9.0,88.0,1.0,0.0,23.8,seydou traore,170.0,,2026,2026-07-28
fantasypros,Josh Whyle,TE,0.0,0.0,0.0,0.0,0.0,0.0,0.0,9.0,86.0,1.0,0.0,23.6,josh whyle,170.0,,2026,2026-07-28
fantasypros,Devin Culp,TE,0.0,0.0,0.0,0.0,0.0,0.0,0.0,7.3,76.2,1.2,0.0,22.12,devin culp,170.0,,2026,2026-07-28
fantasypros,Durham Smythe,TE,0.0,0.0,0.0,0.0,0.0,0.0,0.0,9.8,94.1,0.7,0.1,23.21,durham smythe,170.0,,2026,2026-07-28
fantasypros,Max Klare,TE,0.0,0.0,0.0,0.0,0.0,0.0,0.0,7.5,82.6,0.7,0.0,19.96,max klare,170.1,248.8,2026,2026-07-28
fantasypros,Tanner Koziol,TE,0.0,0.0,0.0,0.0,0.0,0.0,0.0,7.0,73.3,0.6,0.0,17.93,tanner koziol,170.0,,2026,2026-07-28
fantasypros,Sam Roush,TE,0.0,0.0,0.0,0.0,0.0,0.0,0.0,6.8,70.9,0.6,0.0,17.490000000000002,sam roush,170.0,,2026,2026-07-28
fantasypros,Payne Durham,TE,0.0,0.0,0.0,0.0,0.0,0.0,0.0,7.2,70.8,0.6,0.1,17.680000000000003,payne durham,170.0,,2026,2026-07-28
fantasypros,Hunter Long,TE,0.0,0.0,0.0,0.0,0.0,0.0,0.0,5.0,44.5,1.0,0.0,15.45,hunter long,170.0,,2026,2026-07-28
fantasypros,Ian Thomas,TE,0.0,0.0,0.0,0.0,0.0,0.0,0.0,6.9,61.9,0.6,0.0,16.689999999999998,ian thomas,170.0,,2026,2026-07-28
fantasypros,Blake Whiteheart,TE,0.0,0.0,0.0,0.0,0.0,0.0,0.0,7.1,62.9,0.3,0.1,14.990000000000002,blake whiteheart,170.0,,2026,2026-07-28
fantasypros,Luke Farrell,TE,0.0,0.0,0.0,0.0,0.0,0.0,0.0,4.3,41.2,0.3,0.0,10.219999999999999,luke farrell,170.0,,2026,2026-07-28
fantasypros,Brevyn Spann-Ford,TE,0.0,0.0,0.0,0.0,0.0,0.0,0.0,3.9,36.8,0.3,0.0,9.379999999999999,brevyn spann ford,170.0,,2026,2026-07-28
fantasypros,CJ Dippre,TE,0.0,0.0,0.0,0.0,0.0,0.0,0.0,3.9,37.3,0.3,0.0,9.43,cj dippre,170.0,,2026,2026-07-28
fantasypros,Josh Cuevas,TE,0.0,0.0,0.0,0.0,0.0,0.0,0.0,3.3,35.8,0.3,0.0,8.68,josh cuevas,170.0,,2026,2026-07-28
fantasypros,Tyler Conklin,TE,0.0,0.0,0.0,0.0,0.0,0.0,0.0,3.7,38.0,0.3,0.0,9.3,tyler conklin,170.0,,2026,2026-07-28
fantasypros,Eric Saubert,TE,0.0,0.0,0.0,0.0,0.0,0.0,0.0,3.4,34.4,0.3,0.0,8.64,eric saubert,170.0,,2026,2026-07-28
fantasypros,Lucas Krull,TE,0.0,0.0,0.0,0.0,0.0,0.0,0.0,3.9,35.4,0.3,0.0,9.239999999999998,lucas krull,170.0,,2026,2026-07-28
fantasypros,Oscar Delp,TE,0.0,0.0,0.0,0.0,0.0,0.0,0.0,3.9,36.5,0.2,0.0,8.75,oscar delp,170.0,,2026,2026-07-28
fantasypros,Drew Ogletree,TE,0.0,0.0,0.0,0.0,0.0,0.0,0.0,3.7,35.3,0.3,0.0,9.030000000000001,drew ogletree,170.0,,2026,2026-07-28
fantasypros,Tip Reiman,TE,0.0,0.0,0.0,0.0,0.0,0.0,0.0,3.8,34.5,0.2,0.0,8.45,tip reiman,170.0,,2026,2026-07-28
fantasypros,Joe Royer,TE,0.0,0.0,0.0,0.0,0.0,0.0,0.0,3.8,33.6,0.2,0.0,8.36,joe royer,170.0,,2026,2026-07-28
fantasypros,Riley Nowakowski,TE,0.0,0.0,0.0,0.0,0.0,0.0,0.0,4.3,29.0,0.2,0.0,8.4,riley nowakowski,,,2026,2026-07-28
fantasypros,Chris Manhertz,TE,0.0,0.0,0.0,0.0,0.0,0.0,0.0,1.8,16.3,0.1,0.0,4.03,chris manhertz,170.0,,2026,2026-07-28
fantasypros,Johnny Mundt,TE,0.0,0.0,0.0,0.0,0.0,0.0,0.0,0.0,0.0,0.0,0.0,0.0,johnny mundt,170.0,,2026,2026-07-28
fantasypros,Quintin Morris,TE,0.0,0.0,0.0,0.0,0.0,0.0,0.0,0.0,0.0,0.0,0.0,0.0,quintin morris,170.0,,2026,2026-07-28
fantasypros,Jack Stoll,TE,0.0,0.0,0.0,0.0,0.0,0.0,0.0,0.0,0.0,0.0,0.0,0.0,jack stoll,170.0,,2026,2026-07-28
fantasypros,Cole Turner,TE,0.0,0.0,0.0,0.0,0.0,0.0,0.0,0.0,0.0,0.0,0.0,0.0,cole turner,,,2026,2026-07-28
fantasypros,Jelani Woods,TE,0.0,0.0,0.0,0.0,0.0,0.0,0.0,0.0,0.0,0.0,0.0,0.0,jelani woods,170.0,,2026,2026-07-28
fantasypros,Julian Hill,TE,0.0,0.0,0.0,0.0,0.0,0.0,0.0,0.0,0.0,0.0,0.0,0.0,julian hill,170.0,,2026,2026-07-28
fantasypros,Puka Nacua,WR,0.0,0.0,0.0,0.0,95.6,1.4,13.6,122.3,1617.1,9.3,1.0,355.77000000000004,puka nacua,3.7,4.9,2026,2026-07-28
fantasypros,Jaxon Smith-Njigba,WR,0.0,0.0,0.0,0.0,30.4,0.1,5.5,114.6,1621.9,9.8,1.1,337.03000000000003,jaxon smith njigba,6.0,5.4,2026,2026-07-28
fantasypros,Ja'Marr Chase,WR,0.0,0.0,0.0,0.0,17.0,0.0,3.0,121.2,1510.2,10.6,1.0,335.52,ja marr chase,4.6,3.4,2026,2026-07-28
fantasypros,Amon-Ra St. Brown,WR,0.0,0.0,0.0,0.0,11.8,0.0,3.1,117.0,1390.3,10.5,0.4,319.41,amon ra st brown,8.1,11.2,2026,2026-07-28
fantasypros,Drake London,WR,0.0,0.0,0.0,0.0,0.0,0.0,0.0,101.6,1330.9,9.4,1.0,289.09000000000003,drake london,19.6,14.1,2026,2026-07-28
fantasypros,CeeDee Lamb,WR,0.0,0.0,0.0,0.0,12.5,0.0,2.4,97.7,1298.2,7.5,0.3,273.17,ceedee lamb,10.6,10.6,2026,2026-07-28
fantasypros,Rashee Rice,WR,0.0,0.0,0.0,0.0,25.5,0.9,5.4,98.7,1099.2,9.7,0.6,273.57000000000005,rashee rice,23.6,32.7,2026,2026-07-28
fantasypros,Justin Jefferson,WR,0.0,0.0,0.0,0.0,5.5,0.0,1.3,98.6,1301.4,6.8,0.3,269.49,justin jefferson,12.0,12.4,2026,2026-07-28
fantasypros,George Pickens,WR,0.0,0.0,0.0,0.0,-0.3,0.0,0.3,82.7,1202.4,8.4,0.5,252.31000000000003,george pickens,27.7,23.1,2026,2026-07-28
fantasypros,A.J. Brown,WR,0.0,0.0,0.0,0.0,0.0,0.0,0.0,88.7,1234.3,7.6,0.3,257.13,a j brown,26.6,30.8,2026,2026-07-28
fantasypros,Nico Collins,WR,0.0,0.0,0.0,0.0,8.3,0.4,1.4,82.6,1212.7,7.3,0.8,249.30000000000004,nico collins,26.5,21.1,2026,2026-07-28
fantasypros,Chris Olave,WR,0.0,0.0,0.0,0.0,0.0,0.0,0.3,94.2,1169.4,7.8,0.3,257.34,chris olave,34.9,26.4,2026,2026-07-28
fantasypros,Zay Flowers,WR,0.0,0.0,0.0,0.0,58.8,0.5,9.9,81.9,1167.8,6.5,1.5,243.56,zay flowers,43.1,43.8,2026,2026-07-28
fantasypros,Davante Adams,WR,0.0,0.0,0.0,0.0,0.0,0.0,0.0,68.5,926.2,10.2,0.2,221.92,davante adams,45.8,46.9,2026,2026-07-28
fantasypros,Jameson Williams,WR,0.0,0.0,0.0,0.0,42.0,0.5,7.3,64.4,1064.6,6.6,0.2,217.26,jameson williams,66.8,51.6,2026,2026-07-28
fantasypros,Tee Higgins,WR,0.0,0.0,0.0,0.0,0.0,0.0,0.0,70.7,964.6,9.1,0.2,221.36,tee higgins,54.4,35.5,2026,2026-07-28
fantasypros,Tetairoa McMillan,WR,0.0,0.0,0.0,0.0,0.0,0.0,0.0,78.3,1121.9,6.4,0.9,227.09,tetairoa mcmillan,40.6,37.3,2026,2026-07-28
fantasypros,Malik Nabers,WR,0.0,0.0,0.0,0.0,7.5,0.0,2.7,75.4,1014.2,7.9,0.3,224.37000000000003,malik nabers,41.8,19.2,2026,2026-07-28
fantasypros,DeVonta Smith,WR,0.0,0.0,0.0,0.0,0.0,0.0,0.0,87.4,1134.0,6.0,0.3,236.20000000000002,devonta smith,37.6,44.9,2026,2026-07-28
fantasypros,Garrett Wilson,WR,0.0,0.0,0.0,0.0,4.3,0.0,1.1,97.8,1106.5,6.4,1.1,245.08,garrett wilson,35.3,40.9,2026,2026-07-28
fantasypros,Rome Odunze,WR,0.0,0.0,0.0,0.0,1.3,0.0,0.3,63.4,980.2,8.2,0.3,210.15,rome odunze,72.1,64.2,2026,2026-07-28
fantasypros,Emeka Egbuka,WR,0.0,0.0,0.0,0.0,7.3,0.0,1.4,66.8,1013.4,7.1,0.3,210.87,emeka egbuka,42.1,45.8,2026,2026-07-28
fantasypros,Alec Pierce,WR,0.0,0.0,0.0,0.0,0.0,0.0,0.0,64.0,1048.9,6.5,0.3,207.29000000000002,alec pierce,92.2,83.6,2026,2026-07-28
fantasypros,Terry McLaurin,WR,0.0,0.0,0.0,0.0,0.3,0.0,0.3,71.6,982.6,7.6,0.3,214.89,terry mclaurin,58.4,56.6,2026,2026-07-28
fantasypros,DJ Moore,WR,0.0,0.0,0.0,0.0,54.0,0.5,10.0,68.7,896.3,6.7,0.8,205.33,dj moore,69.9,59.3,2026,2026-07-28
fantasypros,Ladd McConkey,WR,0.0,0.0,0.0,0.0,0.0,0.0,0.0,76.9,976.9,6.4,0.3,212.39000000000001,ladd mcconkey,56.4,41.9,2026,2026-07-28
fantasypros,Courtland Sutton,WR,0.0,0.0,0.0,0.0,0.0,0.0,0.0,69.4,902.8,7.5,0.2,204.28,courtland sutton,86.5,77.9,2026,2026-07-28
fantasypros,Christian Watson,WR,0.0,0.0,0.0,0.0,8.0,0.0,1.7,56.0,901.6,7.4,0.3,190.76000000000002,christian watson,96.8,68.4,2026,2026-07-28
fantasypros,Luther Burden III,WR,0.0,0.0,0.0,0.0,38.2,0.1,7.7,72.6,957.9,5.7,0.3,206.41,luther burden,76.1,41.1,2026,2026-07-28
fantasypros,Mike Evans,WR,0.0,0.0,0.0,0.0,0.0,0.0,0.0,65.1,914.7,6.7,0.2,196.36999999999998,mike evans,86.8,57.8,2026,2026-07-28
fantasypros,Jaylen Waddle,WR,0.0,0.0,0.0,0.0,12.4,0.0,1.7,72.9,960.3,5.7,0.3,203.77,jaylen waddle,59.7,46.2,2026,2026-07-28
fantasypros,DK Metcalf,WR,0.0,0.0,0.0,0.0,3.3,0.3,0.7,64.2,923.8,6.0,0.2,194.30999999999997,dk metcalf,86.2,74.4,2026,2026-07-28
fantasypros,Marvin Harrison Jr.,WR,0.0,0.0,0.0,0.0,0.0,0.0,0.0,67.2,945.3,6.0,0.3,197.13000000000002,marvin harrison,83.0,75.8,2026,2026-07-28
fantasypros,Brian Thomas Jr.,WR,0.0,0.0,0.0,0.0,18.0,0.4,2.7,55.7,837.7,5.3,0.2,175.07000000000002,brian thomas,101.0,69.6,2026,2026-07-28
fantasypros,Parker Washington,WR,0.0,0.0,0.0,0.0,13.6,0.1,5.3,60.9,844.0,5.4,0.4,178.85999999999999,parker washington,102.1,89.1,2026,2026-07-28
fantasypros,Quentin Johnston,WR,0.0,0.0,0.0,0.0,6.3,0.0,1.7,53.6,755.9,6.9,0.7,169.82,quentin johnston,142.6,102.6,2026,2026-07-28
fantasypros,Jakobi Meyers,WR,0.0,0.0,0.0,0.0,23.0,0.1,4.7,70.6,814.8,5.4,0.8,185.78000000000003,jakobi meyers,108.7,87.6,2026,2026-07-28
fantasypros,Carnell Tate,WR,0.0,0.0,0.0,0.0,3.0,0.0,0.7,66.3,902.7,4.5,1.4,181.07,carnell tate,66.0,62.9,2026,2026-07-28
fantasypros,Jayden Reed,WR,0.0,0.0,0.0,0.0,86.6,0.1,12.0,62.8,757.8,4.8,0.4,175.83999999999997,jayden reed,138.3,116.0,2026,2026-07-28
fantasypros,Jordan Addison,WR,0.0,0.0,0.0,0.0,37.1,0.4,2.7,54.5,747.3,5.4,0.2,167.34,jordan addison,123.0,100.7,2026,2026-07-28
fantasypros,Xavier Worthy,WR,0.0,0.0,0.0,0.0,99.3,0.9,15.5,55.1,721.8,4.2,0.2,167.41,xavier worthy,137.1,134.9,2026,2026-07-28
fantasypros,Chris Godwin Jr.,WR,0.0,0.0,0.0,0.0,0.3,0.0,0.3,70.1,802.7,5.2,0.3,181.00000000000003,chris godwin,131.2,92.6,2026,2026-07-28
fantasypros,Michael Pittman Jr.,WR,0.0,0.0,0.0,0.0,0.0,0.0,0.0,81.1,811.7,5.0,0.3,191.67000000000002,michael pittman,89.0,102.9,2026,2026-07-28
fantasypros,Jordyn Tyson,WR,0.0,0.0,0.0,0.0,3.3,0.0,0.7,63.2,856.5,4.3,1.3,172.38000000000002,jordyn tyson,95.5,69.0,2026,2026-07-28
fantasypros,Makai Lemon,WR,0.0,0.0,0.0,0.0,7.0,0.0,1.5,58.3,821.3,4.7,1.3,166.73,makai lemon,107.3,76.6,2026,2026-07-28
fantasypros,Michael Wilson,WR,0.0,0.0,0.0,0.0,0.7,0.0,0.0,66.3,810.6,4.4,0.2,173.43,michael wilson,114.8,80.2,2026,2026-07-28
fantasypros,Romeo Doubs,WR,0.0,0.0,0.0,0.0,0.0,0.0,0.0,57.8,751.3,5.3,0.3,164.13000000000002,romeo doubs,145.7,115.3,2026,2026-07-28
fantasypros,Wan'Dale Robinson,WR,0.0,0.0,0.0,0.0,9.5,0.1,2.0,83.0,833.8,3.6,0.3,188.93,wan dale robinson,112.3,103.0,2026,2026-07-28
fantasypros,Ricky Pearsall,WR,0.0,0.0,0.0,0.0,21.2,0.1,4.2,59.7,827.5,3.4,0.3,164.97000000000003,ricky pearsall,119.9,99.8,2026,2026-07-28
fantasypros,Calvin Ridley,WR,0.0,0.0,0.0,0.0,27.5,0.6,4.5,48.1,784.9,3.3,0.2,152.34,calvin ridley,167.0,227.7,2026,2026-07-28
fantasypros,Matthew Golden,WR,0.0,0.0,0.0,0.0,27.3,0.1,5.5,54.9,731.6,4.2,0.4,155.79000000000002,matthew golden,107.4,134.1,2026,2026-07-28
fantasypros,Khalil Shakir,WR,0.0,0.0,0.0,0.0,5.5,0.0,1.1,73.4,758.1,4.2,0.8,173.35999999999999,khalil shakir,133.9,133.8,2026,2026-07-28
fantasypros,Rashid Shaheed,WR,0.0,0.0,0.0,0.0,88.8,0.3,13.4,45.9,698.2,3.2,0.8,144.00000000000003,rashid shaheed,157.9,152.2,2026,2026-07-28
fantasypros,John Metchie III,WR,0.0,0.0,0.0,0.0,-4.0,0.0,3.0,65.0,617.0,6.0,0.0,162.3,john metchie,170.0,,2026,2026-07-28
fantasypros,Theo Wease Jr.,WR,0.0,0.0,0.0,0.0,8.0,0.0,2.0,48.0,685.0,5.0,1.0,145.3,theo wease,170.0,,2026,2026-07-28
fantasypros,Josh Downs,WR,0.0,0.0,0.0,0.0,4.3,0.0,1.4,74.9,722.2,4.2,0.8,171.15,josh downs,135.0,125.1,2026,2026-07-28
fantasypros,Jalen Coker,WR,0.0,0.0,0.0,0.0,0.0,0.0,0.0,57.4,694.7,4.6,0.8,152.87,jalen coker,160.6,136.3,2026,2026-07-28
fantasypros,Rashod Bateman,WR,0.0,0.0,0.0,0.0,0.0,0.0,0.0,38.4,593.9,6.0,0.2,133.39,rashod bateman,170.6,232.7,2026,2026-07-28
fantasypros,Tre Tucker,WR,0.0,0.0,0.0,0.0,52.9,0.2,11.2,50.1,633.5,3.8,0.1,142.54000000000002,tre tucker,168.5,207.2,2026,2026-07-28
fantasypros,Tank Dell,WR,0.0,0.0,0.0,0.0,48.8,0.1,10.2,50.0,633.2,3.8,0.2,141.20000000000002,tank dell,170.2,206.7,2026,2026-07-28
fantasypros,Jerry Jeudy,WR,0.0,0.0,0.0,0.0,2.0,0.0,0.5,54.2,746.8,2.9,0.7,145.07999999999998,jerry jeudy,163.8,173.5,2026,2026-07-28
fantasypros,KC Concepcion,WR,0.0,0.0,0.0,0.0,22.4,0.1,4.2,55.7,707.8,3.1,1.3,145.32,kc concepcion,139.7,143.2,2026,2026-07-28
fantasypros,Jayden Higgins,WR,0.0,0.0,0.0,0.0,0.0,0.0,0.0,49.3,608.7,4.7,0.2,137.97,jayden higgins,158.9,131.1,2026,2026-07-28
fantasypros,Jalen McMillan,WR,0.0,0.0,0.0,0.0,26.8,0.1,4.7,46.6,606.8,3.9,0.2,133.56,jalen mcmillan,165.9,163.7,2026,2026-07-28
fantasypros,Jauan Jennings,WR,0.0,0.0,0.0,0.0,0.0,0.0,0.0,48.7,556.5,5.2,0.7,134.15,jauan jennings,169.3,146.3,2026,2026-07-28
fantasypros,Jalen Nailor,WR,0.0,0.0,0.0,0.0,8.5,0.0,2.0,42.0,566.4,4.4,0.2,125.49000000000001,jalen nailor,169.7,166.5,2026,2026-07-28
fantasypros,Antonio Williams,WR,0.0,0.0,0.0,0.0,18.7,0.1,3.5,44.4,600.1,3.6,1.2,126.07999999999998,antonio williams,169.9,168.1,2026,2026-07-28
fantasypros,Cooper Kupp,WR,0.0,0.0,0.0,0.0,1.5,0.0,0.5,47.4,583.8,3.4,0.7,124.92999999999998,cooper kupp,168.9,235.2,2026,2026-07-28
fantasypros,Denzel Boston,WR,0.0,0.0,0.0,0.0,5.0,0.0,1.0,48.8,612.0,2.9,0.8,126.30000000000001,denzel boston,167.6,147.5,2026,2026-07-28
fantasypros,Adonai Mitchell,WR,0.0,0.0,0.0,0.0,11.2,0.1,2.2,38.5,563.9,3.3,0.5,115.41,adonai mitchell,170.0,177.9,2026,2026-07-28
fantasypros,Omar Cooper Jr.,WR,0.0,0.0,0.0,0.0,12.5,0.1,2.1,46.3,550.3,3.3,1.2,120.58,omar cooper,166.9,149.3,2026,2026-07-28
fantasypros,Germie Bernard,WR,0.0,0.0,0.0,0.0,10.8,0.0,2.1,44.6,550.8,3.1,0.8,117.75999999999999,germie bernard,169.5,220.8,2026,2026-07-28
fantasypros,Darnell Mooney,WR,0.0,0.0,0.0,0.0,6.0,0.0,1.1,36.5,534.8,2.8,0.1,107.17999999999999,darnell mooney,170.2,221.1,2026,2026-07-28
fantasypros,Kayshon Boutte,WR,0.0,0.0,0.0,0.0,0.0,0.0,0.0,30.3,462.5,4.0,0.1,100.35,kayshon boutte,170.6,178.7,2026,2026-07-28
fantasypros,Travis Hunter,WR,0.0,0.0,0.0,0.0,10.8,0.1,2.0,41.6,496.2,3.3,0.4,111.9,travis hunter,118.2,160.2,2026,2026-07-28
fantasypros,Bub Means,WR,0.0,0.0,0.0,0.0,7.0,0.0,1.0,38.0,517.0,3.0,1.0,106.4,bub means,170.0,,2026,2026-07-28
fantasypros,Tyquan Thornton,WR,0.0,0.0,0.0,0.0,0.0,0.0,0.0,25.4,465.9,3.5,0.1,92.79,tyquan thornton,170.0,,2026,2026-07-28
fantasypros,Darius Slayton,WR,0.0,0.0,0.0,0.0,8.6,0.0,1.6,35.4,521.0,2.5,0.7,101.96,darius slayton,170.1,,2026,2026-07-28
fantasypros,Ja'Kobi Lane,WR,0.0,0.0,0.0,0.0,8.5,0.0,1.5,30.4,458.7,3.4,0.6,96.32000000000001,ja kobi lane,169.6,197.8,2026,2026-07-28
fantasypros,Christian Kirk,WR,0.0,0.0,0.0,0.0,0.0,0.0,0.0,39.5,472.5,3.0,0.1,104.55,christian kirk,170.9,241.7,2026,2026-07-28
fantasypros,Chris Bell,WR,0.0,0.0,0.0,0.0,0.0,0.0,0.0,40.4,535.2,2.0,0.4,105.12000000000002,chris bell,170.4,231.4,2026,2026-07-28
fantasypros,Tory Horton,WR,0.0,0.0,0.0,0.0,3.0,0.0,0.5,30.3,400.9,4.2,0.6,94.69,tory horton,170.7,228.7,2026,2026-07-28
fantasypros,Malik Washington,WR,0.0,0.0,0.0,0.0,80.2,0.7,13.4,43.5,389.6,2.3,0.8,106.88000000000001,malik washington,170.2,,2026,2026-07-28
fantasypros,Nick Westbrook-Ikhine,WR,0.0,0.0,0.0,0.0,0.0,0.0,0.0,34.3,432.7,3.0,0.3,94.97,nick westbrook ikhine,170.3,,2026,2026-07-28
fantasypros,Troy Franklin,WR,0.0,0.0,0.0,0.0,10.8,0.0,3.0,36.5,395.9,3.4,0.6,96.36999999999999,troy franklin,170.7,184.7,2026,2026-07-28
fantasypros,Isaac TeSlaa,WR,0.0,0.0,0.0,0.0,0.0,0.0,0.0,25.4,351.8,4.1,0.1,84.97999999999999,isaac teslaa,170.0,198.6,2026,2026-07-28
fantasypros,Devaughn Vele,WR,0.0,0.0,0.0,0.0,0.0,0.0,0.0,35.1,422.8,2.8,0.1,93.97999999999999,devaughn vele,171.0,239.8,2026,2026-07-28
fantasypros,Hollywood Brown,WR,0.0,0.0,0.0,0.0,0.0,0.0,0.0,31.3,389.3,3.3,0.1,89.83,marquise brown,170.0,,2026,2026-07-28
fantasypros,Jack Bech,WR,0.0,0.0,0.0,0.0,0.0,0.0,0.0,41.4,483.0,1.8,0.4,99.7,jack bech,171.0,238.2,2026,2026-07-28
fantasypros,De'Zhaun Stribling,WR,0.0,0.0,0.0,0.0,6.5,0.0,1.5,32.3,437.4,2.5,0.6,90.49,de zhaun stribling,170.5,202.4,2026,2026-07-28
fantasypros,Andrei Iosivas,WR,0.0,0.0,0.0,0.0,11.1,0.0,2.5,31.1,393.6,2.9,0.1,88.77,andrei iosivas,170.1,,2026,2026-07-28
fantasypros,Caleb Douglas,WR,0.0,0.0,0.0,0.0,5.5,0.0,1.0,34.6,440.0,2.3,0.7,91.55,caleb douglas,170.2,,2026,2026-07-28
fantasypros,Ryan Flournoy,WR,0.0,0.0,0.0,0.0,12.4,0.1,2.2,34.0,384.6,2.7,0.4,89.70000000000002,ryan flournoy,170.3,227.6,2026,2026-07-28
fantasypros,Dyami Brown,WR,0.0,0.0,0.0,0.0,0.0,0.0,0.0,29.9,394.6,2.7,0.3,84.96000000000002,dyami brown,170.2,,2026,2026-07-28
fantasypros,Tre' Harris,WR,0.0,0.0,0.0,0.0,0.0,0.0,0.0,34.5,407.8,2.5,0.4,89.48,tre harris,170.5,194.5,2026,2026-07-28
fantasypros,Ted Hurst III,WR,0.0,0.0,0.0,0.0,6.5,0.0,1.0,28.9,389.8,2.6,0.6,82.92999999999999,ted hurst,170.2,223.5,2026,2026-07-28
fantasypros,Jahan Dotson,WR,0.0,0.0,0.0,0.0,0.0,0.0,0.0,31.9,402.9,2.1,0.2,84.38999999999999,jahan dotson,170.2,,2026,2026-07-28
fantasypros,Ashton Dulin,WR,0.0,0.0,0.0,0.0,46.2,0.1,5.1,22.5,378.9,1.5,0.1,74.41,ashton dulin,170.0,,2026,2026-07-28
fantasypros,Elic Ayomanor,WR,0.0,0.0,0.0,0.0,0.0,0.0,0.0,23.9,323.0,3.2,0.0,75.4,elic ayomanor,170.0,199.8,2026,2026-07-28
fantasypros,Chimere Dike,WR,0.0,0.0,0.0,0.0,33.6,0.3,10.1,26.1,252.9,3.3,0.6,75.14999999999999,chimere dike,170.9,229.4,2026,2026-07-28
fantasypros,Olamide Zaccheaus,WR,0.0,0.0,0.0,0.0,9.5,0.0,1.5,37.2,352.9,2.1,0.2,85.63999999999999,olamide zaccheaus,170.0,,2026,2026-07-28
fantasypros,Dontayvion Wicks,WR,0.0,0.0,0.0,0.0,3.0,0.0,0.5,29.6,334.6,2.3,0.1,76.96,dontayvion wicks,170.4,,2026,2026-07-28
fantasypros,Van Jefferson,WR,0.0,0.0,0.0,0.0,0.0,0.0,0.0,28.0,357.7,1.9,0.2,74.77,van jefferson,170.0,,2026,2026-07-28
fantasypros,Xavier Hutchinson,WR,0.0,0.0,0.0,0.0,14.2,0.0,2.1,26.4,320.6,2.1,0.1,72.28,xavier hutchinson,170.0,,2026,2026-07-28
fantasypros,KaVontae Turpin,WR,0.0,0.0,0.0,0.0,102.4,0.4,17.7,18.3,230.4,1.7,0.4,63.38000000000001,kavontae turpin,169.8,,2026,2026-07-28
fantasypros,Savion Williams,WR,0.0,0.0,0.0,0.0,47.0,0.3,9.0,23.9,272.0,2.0,0.3,69.0,savion williams,170.2,,2026,2026-07-28
fantasypros,Xavier Legette,WR,0.0,0.0,0.0,0.0,10.8,0.1,2.1,26.6,308.1,2.1,0.3,71.09,xavier legette,170.1,,2026,2026-07-28
fantasypros,Pat Bryant,WR,0.0,0.0,0.0,0.0,0.0,0.0,0.0,28.5,319.5,2.1,0.3,72.45000000000002,pat bryant,171.0,222.5,2026,2026-07-28
fantasypros,Joshua Palmer,WR,0.0,0.0,0.0,0.0,0.0,0.0,0.0,25.9,337.3,1.6,0.1,69.03,joshua palmer,170.0,,2026,2026-07-28
fantasypros,Marvin Mims Jr.,WR,0.0,0.0,0.0,0.0,45.0,0.3,8.2,24.2,272.4,1.6,0.4,66.54,marvin mims,170.0,219.5,2026,2026-07-28
fantasypros,Jahdae Walker,WR,0.0,0.0,0.0,0.0,3.5,0.0,0.5,18.7,243.8,2.8,0.0,60.230000000000004,jahdae walker,169.9,,2026,2026-07-28
fantasypros,Calvin Austin III,WR,0.0,0.0,0.0,0.0,0.0,0.0,0.0,20.5,273.7,2.2,0.0,61.07000000000001,calvin austin,170.0,,2026,2026-07-28
fantasypros,Cedric Tillman,WR,0.0,0.0,0.0,0.0,-0.5,0.0,0.0,21.5,269.0,2.3,0.0,62.15,cedric tillman,170.0,,2026,2026-07-28
fantasypros,Jalen Tolbert,WR,0.0,0.0,0.0,0.0,0.0,0.0,0.0,26.6,324.8,1.3,0.3,66.28000000000002,jalen tolbert,170.3,,2026,2026-07-28
fantasypros,Keon Coleman,WR,0.0,0.0,0.0,0.0,0.0,0.0,0.0,19.4,266.0,2.3,0.2,59.4,keon coleman,170.1,234.8,2026,2026-07-28
fantasypros,Elijah Sarratt,WR,0.0,0.0,0.0,0.0,0.0,0.0,0.0,19.5,294.5,1.8,0.2,59.35,elijah sarratt,170.1,229.2,2026,2026-07-28
fantasypros,DeMario Douglas,WR,0.0,0.0,0.0,0.0,21.4,0.2,4.1,22.7,271.0,1.5,0.3,61.54,demario douglas,169.9,,2026,2026-07-28
fantasypros,Jaylin Lane,WR,0.0,0.0,0.0,0.0,0.0,0.0,0.0,22.8,281.0,1.8,0.2,61.300000000000004,jaylin lane,170.0,,2026,2026-07-28
fantasypros,Chris Brazzell II,WR,0.0,0.0,0.0,0.0,0.0,0.0,0.0,22.5,287.9,1.7,0.2,61.089999999999996,chris brazzell,170.2,230.8,2026,2026-07-28
fantasypros,Kalif Raymond,WR,0.0,0.0,0.0,0.0,27.2,0.2,4.6,26.7,264.8,1.3,0.3,64.30000000000001,kalif raymond,169.9,,2026,2026-07-28
fantasypros,Demarcus Robinson,WR,0.0,0.0,0.0,0.0,2.5,0.0,0.5,17.7,249.8,1.7,0.0,53.13000000000001,demarcus robinson,170.0,,2026,2026-07-28
fantasypros,Jaylin Noel,WR,0.0,0.0,0.0,0.0,22.2,0.1,4.2,21.6,239.3,1.4,0.3,56.150000000000006,jaylin noel,170.8,213.7,2026,2026-07-28
fantasypros,Tutu Atwell,WR,0.0,0.0,0.0,0.0,11.3,0.1,2.2,20.3,291.1,0.4,0.2,53.14,tutu atwell,170.0,,2026,2026-07-28
fantasypros,Zachariah Branch,WR,0.0,0.0,0.0,0.0,0.0,0.0,0.0,21.0,251.6,1.3,0.2,53.559999999999995,zachariah branch,170.0,180.4,2026,2026-07-28
fantasypros,Luke McCaffrey,WR,0.0,0.0,0.0,0.0,0.0,0.0,0.0,12.0,189.0,2.0,0.0,42.900000000000006,luke mccaffrey,169.9,,2026,2026-07-28
fantasypros,Kevin Coleman Jr.,WR,0.0,0.0,0.0,0.0,0.0,0.0,0.0,21.1,270.0,0.7,0.2,51.9,kevin coleman,170.0,,2026,2026-07-28
fantasypros,Treylon Burks,WR,0.0,0.0,0.0,0.0,0.0,0.0,0.0,15.8,215.5,1.3,0.1,44.95,treylon burks,170.0,,2026,2026-07-28
fantasypros,Jalen Royals,WR,0.0,0.0,0.0,0.0,0.0,0.0,0.0,17.1,198.7,1.6,0.2,46.17,jalen royals,170.0,,2026,2026-07-28
fantasypros,Kendrick Bourne,WR,0.0,0.0,0.0,0.0,0.0,0.0,0.0,22.7,239.7,0.7,0.2,50.470000000000006,kendrick bourne,170.0,,2026,2026-07-28
fantasypros,Skyler Bell,WR,0.0,0.0,0.0,0.0,0.0,0.0,0.0,15.1,205.5,1.2,0.2,42.449999999999996,skyler bell,169.9,,2026,2026-07-28
fantasypros,Jordan Whittington,WR,0.0,0.0,0.0,0.0,12.1,0.1,2.3,15.0,172.0,1.2,0.2,40.809999999999995,jordan whittington,169.9,,2026,2026-07-28
fantasypros,Bryce Lance,WR,0.0,0.0,0.0,0.0,0.0,0.0,0.0,16.4,204.3,0.9,0.2,41.83,bryce lance,170.0,,2026,2026-07-28
fantasypros,Dont'e Thornton Jr.,WR,0.0,0.0,0.0,0.0,0.0,0.0,0.0,15.1,210.5,0.8,0.2,40.550000000000004,dont e thornton,170.0,,2026,2026-07-28
fantasypros,Devontez Walker,WR,0.0,0.0,0.0,0.0,0.0,0.0,0.0,11.6,166.4,1.2,0.1,35.239999999999995,devontez walker,170.0,,2026,2026-07-28
fantasypros,Odell Beckham Jr.,WR,0.0,0.0,0.0,0.0,2.7,0.0,0.5,14.3,175.8,1.0,0.1,37.95,odell beckham,169.3,,2026,2026-07-28
fantasypros,Malachi Fields,WR,0.0,0.0,0.0,0.0,0.0,0.0,0.0,13.2,157.5,0.9,0.1,34.15,malachi fields,169.9,242.4,2026,2026-07-28
fantasypros,Konata Mumpfield,WR,0.0,0.0,0.0,0.0,0.0,0.0,0.0,9.9,126.7,1.2,0.1,29.57,konata mumpfield,170.0,,2026,2026-07-28
fantasypros,Brenen Thompson,WR,0.0,0.0,0.0,0.0,11.3,0.1,2.1,9.5,120.9,0.7,0.1,27.32,brenen thompson,170.0,,2026,2026-07-28
fantasypros,Mack Hollins,WR,0.0,0.0,0.0,0.0,0.0,0.0,0.0,10.8,126.7,0.8,0.1,28.070000000000004,mack hollins,169.9,,2026,2026-07-28
fantasypros,KeAndre Lambert-Smith,WR,0.0,0.0,0.0,0.0,0.0,0.0,0.0,9.6,120.8,0.9,0.1,26.88,keandre lambert smith,170.0,,2026,2026-07-28
fantasypros,Kyle Williams,WR,0.0,0.0,0.0,0.0,22.3,0.2,4.1,6.4,91.5,0.6,0.1,22.38,kyle williams,169.9,222.1,2026,2026-07-28
fantasypros,Tez Johnson,WR,0.0,0.0,0.0,0.0,23.2,0.2,4.4,6.6,77.8,0.6,0.1,21.3,tez johnson,170.0,,2026,2026-07-28
fantasypros,Isaiah Bond,WR,0.0,0.0,0.0,0.0,23.5,0.1,4.3,5.6,73.7,0.4,0.1,18.12,isaiah bond,170.0,,2026,2026-07-28
fantasypros,Mitch Tinsley,WR,0.0,0.0,0.0,0.0,0.0,0.0,0.0,6.6,84.0,0.8,0.1,19.6,mitch tinsley,,,2026,2026-07-28
fantasypros,Xavier Smith,WR,0.0,0.0,0.0,0.0,0.0,0.0,0.0,7.2,89.3,0.7,0.1,20.13,xavier smith,170.0,,2026,2026-07-28
fantasypros,Cyrus Allen,WR,0.0,0.0,0.0,0.0,0.0,0.0,0.0,6.4,79.7,0.5,0.1,17.17,cyrus allen,170.0,,2026,2026-07-28
fantasypros,Greg Dortch,WR,0.0,0.0,0.0,0.0,24.0,0.4,4.6,4.1,39.8,0.3,0.1,14.48,greg dortch,170.0,,2026,2026-07-28
fantasypros,Anthony Gould,WR,0.0,0.0,0.0,0.0,0.0,0.0,0.0,7.0,74.3,0.3,0.1,16.03,anthony gould,170.0,,2026,2026-07-28
fantasypros,Bo Melton,WR,0.0,0.0,0.0,0.0,26.0,0.1,4.5,2.9,37.6,0.3,0.1,11.46,bo melton,170.0,,2026,2026-07-28
fantasypros,Mason Tipton,WR,0.0,0.0,0.0,0.0,23.6,0.2,4.3,3.3,37.5,0.2,0.1,11.61,mason tipton,170.0,,2026,2026-07-28
fantasypros,Tyrell Shavers,WR,0.0,0.0,0.0,0.0,0.0,0.0,0.0,4.0,52.2,0.3,0.0,11.02,tyrell shavers,170.0,,2026,2026-07-28
fantasypros,Derius Davis,WR,0.0,0.0,0.0,0.0,11.0,0.1,2.1,3.5,37.8,0.3,0.1,10.580000000000002,derius davis,170.0,,2026,2026-07-28
fantasypros,Ben Skowronek,WR,0.0,0.0,0.0,0.0,0.0,0.0,0.0,5.4,51.0,0.2,0.0,11.7,ben skowronek,170.0,,2026,2026-07-28
fantasypros,David Moore,WR,0.0,0.0,0.0,0.0,11.4,0.1,2.1,3.1,36.7,0.2,0.1,9.510000000000002,david moore,170.0,,2026,2026-07-28
fantasypros,CJ Daniels,WR,0.0,0.0,0.0,0.0,0.0,0.0,0.0,3.4,42.8,0.3,0.0,9.48,cj daniels,170.0,,2026,2026-07-28
fantasypros,Isaiah Williams,WR,0.0,0.0,0.0,0.0,12.7,0.1,2.2,3.8,35.8,0.1,0.1,9.65,isaiah williams,170.0,,2026,2026-07-28
fantasypros,Colbie Young,WR,0.0,0.0,0.0,0.0,0.0,0.0,0.0,3.5,43.2,0.3,0.0,9.620000000000001,colbie young,170.0,,2026,2026-07-28
fantasypros,Zavion Thomas,WR,0.0,0.0,0.0,0.0,0.0,0.0,0.0,3.1,37.8,0.3,0.0,8.68,zavion thomas,169.9,,2026,2026-07-28
fantasypros,Malachi Corley,WR,0.0,0.0,0.0,0.0,43.8,0.2,6.4,0.0,0.0,0.0,0.1,5.38,malachi corley,170.0,,2026,2026-07-28
fantasypros,Jonathan Mingo,WR,0.0,0.0,0.0,0.0,0.0,0.0,0.0,2.9,40.7,0.3,0.0,8.77,jonathan mingo,170.0,,2026,2026-07-28
fantasypros,Justin Watson,WR,0.0,0.0,0.0,0.0,0.0,0.0,0.0,3.1,41.6,0.2,0.0,8.46,justin watson,170.0,,2026,2026-07-28
fantasypros,Darius Cooper,WR,0.0,0.0,0.0,0.0,0.0,0.0,0.0,3.3,37.6,0.3,0.0,8.86,darius cooper,170.0,,2026,2026-07-28
fantasypros,Tai Felton,WR,0.0,0.0,0.0,0.0,0.0,0.0,0.0,3.7,37.0,0.2,0.0,8.600000000000001,tai felton,170.0,,2026,2026-07-28
fantasypros,Reggie Virgil,WR,0.0,0.0,0.0,0.0,0.0,0.0,0.0,3.4,39.3,0.1,0.0,7.93,reggie virgil,170.0,,2026,2026-07-28
fantasypros,Kaden Wetjen,WR,0.0,0.0,0.0,0.0,11.6,0.1,2.1,1.6,18.8,0.1,0.0,5.84,kaden wetjen,170.0,,2026,2026-07-28
fantasypros,Arian Smith,WR,0.0,0.0,0.0,0.0,23.7,0.2,4.3,0.0,0.0,0.0,0.0,3.5700000000000003,arian smith,170.0,,2026,2026-07-28
fantasypros,Jimmy Horn Jr.,WR,0.0,0.0,0.0,0.0,24.7,0.1,4.1,0.0,0.0,0.0,0.0,3.0700000000000003,jimmy horn,170.0,,2026,2026-07-28
fantasypros,Kameron Johnson,WR,0.0,0.0,0.0,0.0,12.1,0.1,2.2,0.0,0.0,0.0,0.0,1.81,kameron johnson,170.0,,2026,2026-07-28
fantasypros,JuJu Smith-Schuster,WR,0.0,0.0,0.0,0.0,0.0,0.0,0.0,1.4,12.4,0.1,0.0,3.24,juju smith schuster,169.9,,2026,2026-07-28
fantasypros,Braxton Berrios,WR,0.0,0.0,0.0,0.0,0.0,0.0,0.0,0.0,0.0,0.0,0.0,0.0,braxton berrios,170.0,,2026,2026-07-28
fantasypros,Devin Duvernay,WR,0.0,0.0,0.0,0.0,0.0,0.0,0.0,0.0,0.0,0.0,0.0,0.0,devin duvernay,170.0,,2026,2026-07-28
fantasypros,Mason Kinsey,WR,0.0,0.0,0.0,0.0,0.0,0.0,0.0,0.0,0.0,0.0,0.0,0.0,mason kinsey,170.0,,2026,2026-07-28
fantasypros,Michael Bandy,WR,0.0,0.0,0.0,0.0,0.0,0.0,0.0,0.0,0.0,0.0,0.0,0.0,michael bandy,170.0,,2026,2026-07-28
fantasypros,Skyy Moore,WR,0.0,0.0,0.0,0.0,0.0,0.0,0.0,0.0,0.0,0.0,0.0,0.0,skyy moore,170.0,,2026,2026-07-28
fantasypros,Britain Covey,WR,0.0,0.0,0.0,0.0,0.0,0.0,0.0,0.0,0.0,0.0,0.0,0.0,britain covey,170.0,,2026,2026-07-28
fantasypros,Dareke Young,WR,0.0,0.0,0.0,0.0,0.0,0.0,0.0,0.0,0.0,0.0,0.0,0.0,dareke young,170.0,,2026,2026-07-28
fantasypros,Jacob Cowing,WR,0.0,0.0,0.0,0.0,0.0,0.0,0.0,0.0,0.0,0.0,0.0,0.0,jacob cowing,170.0,,2026,2026-07-28
fantasypros,Charlie Jones,WR,0.0,0.0,0.0,0.0,0.0,0.0,0.0,0.0,0.0,0.0,0.0,0.0,charlie jones,170.0,,2026,2026-07-28
fantasypros,Barion Brown,WR,0.0,0.0,0.0,0.0,0.0,0.0,0.0,0.0,0.0,0.0,0.0,0.0,barion brown,170.0,,2026,2026-07-28
fantasypros,Jalen Brooks,WR,0.0,0.0,0.0,0.0,0.0,0.0,0.0,0.0,0.0,0.0,0.0,0.0,jalen brooks,170.0,,2026,2026-07-28
fantasypros,Brycen Tremayne,WR,0.0,0.0,0.0,0.0,0.0,0.0,0.0,0.0,0.0,0.0,0.0,0.0,brycen tremayne,170.0,,2026,2026-07-28
fantasypros,Nikko Remigio,WR,0.0,0.0,0.0,0.0,0.0,0.0,0.0,0.0,0.0,0.0,0.0,0.0,nikko remigio,170.0,,2026,2026-07-28
fantasypros,Jeshaun Jones,WR,0.0,0.0,0.0,0.0,0.0,0.0,0.0,0.0,0.0,0.0,0.0,0.0,jeshaun jones,,,2026,2026-07-28
fantasypros,Efton Chism III,WR,0.0,0.0,0.0,0.0,0.0,0.0,0.0,0.0,0.0,0.0,0.0,0.0,efton chism,169.9,,2026,2026-07-28
fantasypros,LaJohntay Wester,WR,0.0,0.0,0.0,0.0,0.0,0.0,0.0,0.0,0.0,0.0,0.0,0.0,lajohntay wester,170.0,,2026,2026-07-28
fantasypros,Ke'Shawn Williams,WR,0.0,0.0,0.0,0.0,0.0,0.0,0.0,0.0,0.0,0.0,0.0,0.0,ke shawn williams,,,2026,2026-07-28
fantasypros,Myles Price,WR,0.0,0.0,0.0,0.0,0.0,0.0,0.0,0.0,0.0,0.0,0.0,0.0,myles price,170.0,,2026,2026-07-28
fantasypros,Gage Larvadain,WR,0.0,0.0,0.0,0.0,0.0,0.0,0.0,0.0,0.0,0.0,0.0,0.0,gage larvadain,170.0,,2026,2026-07-28
fantasypros,Josh Cameron,WR,0.0,0.0,0.0,0.0,0.0,0.0,0.0,0.0,0.0,0.0,0.0,0.0,josh cameron,170.0,,2026,2026-07-28
espn,Germie Bernard,WR,,,,,11.64,0.082,2.142,47.117,593.589,3.192,,127.2839,germie bernard,169.5,220.8,2026,2026-07-28
espn,Jaydon Blue,RB,,,,,205.033,1.53,48.649,8.772,61.86,0.391,,46.987300000000005,jaydon blue,169.9,236.6,2026,2026-07-28
espn,Luther Burden III,WR,,,,,49.506,0.396,9.139,75.046,937.169,5.062,,206.4615,luther burden,76.1,41.1,2026,2026-07-28
espn,Bo Melton,WR,,,,,25.965,0.142,4.48,2.942,37.583,0.253,,11.666800000000002,bo melton,170.0,,2026,2026-07-28
espn,Kevin Coleman Jr.,WR,,,,,,,,21.127,270.52,0.666,,52.175000000000004,kevin coleman,170.0,,2026,2026-07-28
espn,Tanner McKee,QB,153.05,0.953,0.492,21.649,3.739,0.037,1.028,,,,,11.4519,tanner mckee,170.0,,2026,2026-07-28
espn,Travis Kelce,TE,,,,,,,,73.658,770.051,4.451,,177.3691,travis kelce,98.3,107.1,2026,2026-07-28
espn,Geno Smith,QB,3813.405,20.344,14.318,530.684,219.903,1.038,58.029,,,,,274.18250000000006,geno smith,170.3,,2026,2026-07-28
espn,Braelon Allen,RB,,,,,420.82,3.506,99.918,12.704,89.481,0.424,,87.3141,braelon allen,169.5,174.1,2026,2026-07-28
espn,Kaytron Allen,RB,,,,,50.653,0.433,12.245,4.254,29.067,0.177,,15.886000000000001,kaytron allen,170.1,181.2,2026,2026-07-28
espn,Demond Claiborne,RB,,,,,109.991,0.779,26.308,4.5,29.415,0.167,,24.116600000000002,demond claiborne,170.2,218.3,2026,2026-07-28
espn,Jordan James,RB,,,,,340.099,2.336,79.611,8.241,63.68,0.359,,64.7889,jordan james,170.2,,2026,2026-07-28
espn,Travis Hunter,WR,,,,,10.781,0.073,2.009,41.62,496.152,3.3,,112.5513,travis hunter,118.2,160.2,2026,2026-07-28
espn,Cade Klubnik,QB,143.336,0.765,0.828,21.801,6.651,0.079,1.501,,,,,9.806540000000002,cade klubnik,169.9,,2026,2026-07-28
espn,Trevor Etienne,RB,,,,,105.623,0.594,24.809,8.152,59.199,0.303,,30.0162,trevor etienne,170.1,,2026,2026-07-28
espn,Denzel Boston,WR,,,,,,,,51.63,638.937,2.755,,132.0537,denzel boston,167.6,147.5,2026,2026-07-28
espn,Kyle Juszczyk,RB,,,,,18.593,0.155,4.423,20.597,164.048,0.995,,45.7611,kyle juszczyk,,,2026,2026-07-28
espn,Omarion Hampton,RB,,,,,1152.702,9.86,270.38,55.919,392.922,1.889,,280.9754,omarion hampton,20.6,18.8,2026,2026-07-28
espn,Ty Simpson,QB,146.375,1.195,0.584,21.859,4.825,0.062,1.098,,,,,12.711500000000001,ty simpson,169.9,241.8,2026,2026-07-28
espn,Adam Randall,RB,,,,,121.068,0.91,29.249,3.618,28.784,0.196,,25.239199999999997,adam randall,170.2,,2026,2026-07-28
espn,D'Andre Swift,RB,,,,,994.301,8.144,219.324,30.43,269.369,1.127,,212.42300000000003,d andre swift,70.6,65.1,2026,2026-07-28
espn,Brenen Thompson,WR,,,,,11.309,0.099,2.08,9.539,120.846,0.704,,27.5725,brenen thompson,170.0,,2026,2026-07-28
espn,Matthew Golden,WR,,,,,24.857,0.168,4.48,66.771,873.786,4.725,,185.9933,matthew golden,107.4,134.1,2026,2026-07-28
espn,Nicholas Singleton,RB,,,,,83.43,0.549,20.267,4.292,29.901,0.156,,19.8551,nicholas singleton,170.1,176.4,2026,2026-07-28
espn,Ty Johnson,RB,,,,,219.183,2.121,50.751,21.634,208.014,1.301,,84.8857,ty johnson,170.3,,2026,2026-07-28
espn,Max Klare,TE,,,,,,,,4.023,38.136,0.36,,9.9966,max klare,170.1,248.8,2026,2026-07-28
espn,DJ Moore,WR,,,,,35.917,0.387,6.921,67.175,945.836,7.015,,209.7623,dj moore,69.9,59.3,2026,2026-07-28
espn,Tetairoa McMillan,WR,,,,,,,,82.782,1190.662,6.259,,239.40220000000002,tetairoa mcmillan,40.6,37.3,2026,2026-07-28
espn,Joe Burrow,QB,4120.353,32.936,10.887,569.441,189.006,2.074,51.756,,,,,372.00072,joe burrow,58.6,57.1,2026,2026-07-28
espn,Tyler Conklin,TE,,,,,,,,3.681,37.983,0.252,,8.9913,tyler conklin,170.0,,2026,2026-07-28
espn,Bhayshul Tuten,RB,,,,,991.669,6.684,237.025,33.726,249.905,1.423,,206.5254,bhayshul tuten,76.2,60.4,2026,2026-07-28
espn,Sam Roush,TE,,,,,,,,3.645,33.776,0.281,,8.7086,sam roush,170.0,,2026,2026-07-28
espn,Emmett Johnson,RB,,,,,205.291,1.577,49.447,8.378,59.203,0.387,,46.6114,emmett johnson,169.9,149.7,2026,2026-07-28
espn,Jadarian Price,RB,,,,,921.577,7.887,222.507,27.062,212.238,1.251,,195.27150000000003,jadarian price,72.7,80.3,2026,2026-07-28
espn,Cade Otton,TE,,,,,,,,44.515,440.048,2.271,,102.14580000000001,cade otton,170.4,162.7,2026,2026-07-28
espn,Quinshon Judkins,RB,,,,,1238.868,7.193,316.14,31.836,220.973,0.727,,225.34010000000004,quinshon judkins,54.1,55.0,2026,2026-07-28
espn,Amon-Ra St. Brown,WR,,,,,13.441,0.124,2.32,118.06,1429.815,10.391,,325.4756,amon ra st brown,8.1,11.2,2026,2026-07-28
espn,Blake Grupe,K,,,,,,,,,,,,34.779,blake grupe,170.3,,2026,2026-07-28
espn,Bryce Young,QB,3633.979,20.343,12.079,537.089,272.353,2.127,57.778,,,,,283.25645999999995,bryce young,168.5,194.2,2026,2026-07-28
espn,Calvin Austin III,WR,,,,,,,,8.021,97.466,0.489,,20.701600000000003,calvin austin,170.0,,2026,2026-07-28
espn,Oscar Delp,TE,,,,,,,,3.92,36.459,0.236,,8.981900000000001,oscar delp,170.0,,2026,2026-07-28
espn,Jonah Coleman,RB,,,,,101.756,0.78,24.533,13.1,94.093,0.595,,40.9349,jonah coleman,170.0,145.0,2026,2026-07-28
espn,Mo Alie-Cox,TE,,,,,,,,10.866,110.709,0.87,,27.1569,mo alie cox,170.0,,2026,2026-07-28
espn,Teddy Bridgewater,QB,150.73,1.036,0.741,21.592,4.838,0.054,1.117,,,,,11.571000000000002,teddy bridgewater,169.9,,2026,2026-07-28
espn,Odell Beckham Jr.,WR,,,,,2.677,0.017,0.496,14.264,175.861,0.947,,37.9018,odell beckham,169.3,,2026,2026-07-28
espn,Tony Pollard,RB,,,,,1075.967,5.587,247.252,29.713,180.956,0.491,,191.8733,tony pollard,87.8,85.6,2026,2026-07-28
espn,Mike Evans,WR,,,,,,,,57.217,907.974,6.154,,184.93840000000003,mike evans,86.8,57.8,2026,2026-07-28
espn,Davante Adams,WR,,,,,,,,67.518,1015.751,10.644,,232.9571,davante adams,45.8,46.9,2026,2026-07-28
espn,Josh Jacobs,RB,,,,,1237.278,13.015,300.177,36.002,281.182,1.642,,275.78999999999996,josh jacobs,26.2,27.6,2026,2026-07-28
espn,Nate Boerkircher,TE,,,,,,,,7.814,73.507,0.557,,18.506700000000002,nate boerkircher,170.0,,2026,2026-07-28
espn,Xavier Hutchinson,WR,,,,,12.397,0.067,2.102,15.577,191.625,0.925,,41.931200000000004,xavier hutchinson,170.0,,2026,2026-07-28
espn,Marvin Mims Jr.,WR,,,,,45.023,0.311,8.178,24.161,272.473,1.602,,67.3886,marvin mims,170.0,219.5,2026,2026-07-28
espn,Seth McGowan,RB,,,,,52.104,0.396,12.583,4.379,28.8,0.152,,15.7574,seth mcgowan,170.2,,2026,2026-07-28
espn,Cam Little,K,,,,,,,,,,,,40.137,cam little,136.9,,2026,2026-07-28
espn,Lamar Jackson,QB,3884.396,25.912,9.763,467.023,670.326,3.675,122.138,,,,,380.40444,lamar jackson,39.5,37.9,2026,2026-07-28
espn,Jakobi Meyers,WR,,,,,31.93,0.286,6.026,69.811,766.364,5.179,,182.43040000000002,jakobi meyers,108.7,87.6,2026,2026-07-28
espn,DK Metcalf,WR,,,,,,,,64.706,941.297,6.142,,195.68770000000004,dk metcalf,86.2,74.4,2026,2026-07-28
espn,A.J. Brown,WR,,,,,,,,85.946,1214.85,6.915,,248.921,a j brown,26.6,30.8,2026,2026-07-28
espn,Gunnar Helm,TE,,,,,,,,57.75,495.197,3.313,,127.1477,gunnar helm,169.8,200.8,2026,2026-07-28
espn,Tre' Harris,WR,,,,,,,,34.512,407.793,2.451,,89.99730000000001,tre harris,170.5,194.5,2026,2026-07-28
espn,Mike Washington Jr.,RB,,,,,365.034,2.242,88.617,8.341,59.919,0.274,,65.9323,mike washington,170.3,179.1,2026,2026-07-28
espn,Chris Boswell,K,,,,,,,,,,,,31.631,chris boswell,162.1,,2026,2026-07-28
espn,Cairo Santos,K,,,,,,,,,,,,39.668,cairo santos,166.2,,2026,2026-07-28
espn,Tyler Higbee,TE,,,,,,,,15.285,154.314,1.255,,38.2464,tyler higbee,169.9,,2026,2026-07-28
espn,Darius Slayton,WR,,,,,12.261,0.076,2.226,30.853,427.997,1.996,,87.3108,darius slayton,170.1,,2026,2026-07-28
espn,Elic Ayomanor,WR,,,,,,,,5.89,75.908,0.408,,15.9288,elic ayomanor,170.0,199.8,2026,2026-07-28
espn,John Bates,TE,,,,,,,,14.794,134.404,1.099,,34.8284,john bates,170.0,,2026,2026-07-28
espn,Tyler Bass,K,,,,,,,,,,,,47.396,tyler bass,169.9,,2026,2026-07-28
espn,Tucker Kraft,TE,,,,,8.448,0.135,2.24,63.964,731.942,3.972,,162.64499999999998,tucker kraft,108.5,67.3,2026,2026-07-28
espn,Kyler Murray,QB,3345.076,19.416,9.948,490.266,443.48,3.145,70.916,,,,,293.62104000000005,kyler murray,150.4,142.2,2026,2026-07-28
espn,Alec Ingold,RB,,,,,8.572,0.079,2.08,7.924,58.242,0.224,,16.4234,alec ingold,,,2026,2026-07-28
espn,Alec Pierce,WR,,,,,,,,67.936,1023.549,5.449,,202.98490000000004,alec pierce,92.2,83.6,2026,2026-07-28
espn,Daniel Jones,QB,3742.816,19.601,11.15,526.851,307.372,5.895,73.035,,,,,311.1258399999999,daniel jones,163.8,195.1,2026,2026-07-28
espn,Rashid Shaheed,WR,,,,,86.643,0.508,13.796,42.837,646.339,3.487,,140.10520000000002,rashid shaheed,157.9,152.2,2026,2026-07-28
espn,Kameron Johnson,WR,,,,,12.069,0.107,2.181,,,,,1.8489,kameron johnson,170.0,,2026,2026-07-28
espn,Trevor Lawrence,QB,3928.761,24.769,12.995,560.449,334.328,4.79,73.455,,,,,341.94723999999997,trevor lawrence,99.2,92.3,2026,2026-07-28
espn,Evan McPherson,K,,,,,,,,,,,,44.314,evan mcpherson,168.7,,2026,2026-07-28
espn,Lucas Krull,TE,,,,,,,,3.9,35.368,0.269,,9.0508,lucas krull,170.0,,2026,2026-07-28
espn,Kyle Pitts Sr.,TE,,,,,,,,80.37,858.321,3.174,,185.24610000000004,kyle pitts,66.3,71.3,2026,2026-07-28
espn,Olamide Zaccheaus,WR,,,,,,,,17.854,179.205,0.786,,40.490500000000004,olamide zaccheaus,170.0,,2026,2026-07-28
espn,Michael Penix Jr.,QB,1884.137,9.47,5.092,265.185,76.739,0.896,19.346,,,,,135.05138000000002,michael penix,170.0,227.9,2026,2026-07-28
espn,Kaden Wetjen,WR,,,,,11.64,0.082,2.142,1.632,18.754,0.085,,5.6734,kaden wetjen,170.0,,2026,2026-07-28
espn,David Moore,WR,,,,,11.437,0.067,2.067,3.127,36.681,0.191,,9.486799999999999,david moore,170.0,,2026,2026-07-28
espn,Tanner Koziol,TE,,,,,,,,3.907,36.633,0.278,,9.2383,tanner koziol,170.0,,2026,2026-07-28
espn,Antonio Williams,WR,,,,,22.312,0.201,4.082,40.729,522.213,3.221,,115.71349999999998,antonio williams,169.9,168.1,2026,2026-07-28
espn,Jordan Mason,RB,,,,,748.453,5.418,161.896,13.4,83.306,0.335,,131.0939,jordan mason,147.4,130.5,2026,2026-07-28
espn,Kyle Allen,QB,138.05,0.918,0.705,21.966,2.929,0.042,1.058,,,,,10.164900000000001,kyle allen,170.0,,2026,2026-07-28
espn,Kaleb Johnson,RB,,,,,35.783,0.216,8.566,,,,,4.874300000000001,kaleb johnson,170.1,217.5,2026,2026-07-28
espn,Dylan Sampson,RB,,,,,227.231,1.032,54.493,29.574,206.847,1.206,,86.40980000000002,dylan sampson,170.6,166.4,2026,2026-07-28
espn,Tyrone Tracy Jr.,RB,,,,,416.711,1.402,97.947,16.006,116.817,0.561,,81.13680000000001,tyrone tracy,167.5,145.3,2026,2026-07-28
espn,Tyler Shough,QB,3886.838,20.279,11.112,548.251,284.232,4.248,65.568,,,,,308.83472,tyler shough,154.1,144.4,2026,2026-07-28
espn,Joe Milton III,QB,159.391,1.15,0.489,22.806,5.896,0.065,1.36,,,,,13.27724,joe milton,170.0,,2026,2026-07-28
espn,Mason Tipton,WR,,,,,23.63,0.149,4.294,3.327,37.459,0.161,,11.2959,mason tipton,170.0,,2026,2026-07-28
espn,Cam Ward,QB,3754.219,16.423,10.291,558.323,200.383,2.028,46.551,,,,,260.33106,cam ward,167.1,165.9,2026,2026-07-28
espn,Jackson Hawes,TE,,,,,,,,11.098,110.179,0.893,,27.473900000000004,jackson hawes,170.0,,2026,2026-07-28
espn,Chig Okonkwo,TE,,,,,,,,53.714,554.709,2.219,,122.49889999999999,chig okonkwo,168.6,146.2,2026,2026-07-28
espn,Josh Allen,QB,3945.313,26.215,11.568,508.967,579.454,12.429,116.367,,,,,424.48592,josh allen,23.0,28.2,2026,2026-07-28
espn,Tutu Atwell,WR,,,,,11.337,0.064,2.147,20.368,291.671,0.445,,53.72280000000001,tutu atwell,170.0,,2026,2026-07-28
espn,Bo Nix,QB,3871.109,26.321,11.12,564.935,355.304,3.935,82.251,,,,,349.67076,bo nix,103.3,118.7,2026,2026-07-28
espn,Spencer Rattler,QB,153.454,0.801,0.512,22.952,7.137,0.023,1.337,,,,,10.771859999999998,spencer rattler,169.9,,2026,2026-07-28
espn,Jayden Daniels,QB,3854.189,22.361,9.895,520.269,669.772,5.119,130.957,,,,,366.23476,jayden daniels,52.0,62.1,2026,2026-07-28
espn,George Pickens,WR,,,,,,,,80.094,1115.971,8.152,,240.60309999999998,george pickens,27.7,23.1,2026,2026-07-28
espn,Michael Wilson,WR,,,,,,,,66.969,813.685,3.238,,167.76549999999997,michael wilson,114.8,80.2,2026,2026-07-28
espn,Rashod Bateman,WR,,,,,,,,37.692,614.703,3.963,,122.94030000000001,rashod bateman,170.6,232.7,2026,2026-07-28
espn,Jonathan Mingo,WR,,,,,,,,2.876,40.69,0.25,,8.445,jonathan mingo,170.0,,2026,2026-07-28
espn,Cade Stover,TE,,,,,9.634,0.103,4.204,15.467,134.333,0.743,,34.9397,cade stover,170.0,,2026,2026-07-28
espn,Drake London,WR,,,,,,,,101.968,1250.889,7.264,,270.6409,drake london,19.6,14.1,2026,2026-07-28
espn,Brevyn Spann-Ford,TE,,,,,,,,3.88,36.819,0.329,,9.535900000000002,brevyn spann ford,170.0,,2026,2026-07-28
espn,Zach Charbonnet,RB,,,,,554.033,6.838,136.5,20.326,144.878,0.441,,133.89109999999997,zach charbonnet,151.1,125.8,2026,2026-07-28
espn,Jameson Williams,WR,,,,,45.05,0.588,6.961,64.181,1028.644,5.683,,209.1764,jameson williams,66.8,51.6,2026,2026-07-28
espn,Isaiah Likely,TE,,,,,,,,63.77,684.657,4.177,,157.29770000000002,isaiah likely,127.3,117.3,2026,2026-07-28
espn,Puka Nacua,WR,,,,,105.686,1.181,15.921,122.895,1589.237,9.757,,358.0153,puka nacua,3.7,4.9,2026,2026-07-28
espn,Davis Allen,TE,,,,,,,,7.816,73.591,0.741,,19.6211,davis allen,170.0,,2026,2026-07-28
espn,Justin Jefferson,WR,,,,,10.618,0.098,2.024,110.711,1375.035,7.347,,293.9463,justin jefferson,12.0,12.4,2026,2026-07-28
espn,Tanner Hudson,TE,,,,,,,,13.058,110.171,0.884,,29.3791,tanner hudson,170.0,,2026,2026-07-28
espn,Jake Elliott,K,,,,,,,,,,,,42.312,jake elliott,169.2,,2026,2026-07-28
espn,Devin Culp,TE,,,,,,,,3.648,34.241,0.318,,8.9801,devin culp,170.0,,2026,2026-07-28
espn,Josh Downs,WR,,,,,10.767,0.087,2.097,75.619,717.531,2.674,,165.0148,josh downs,135.0,125.1,2026,2026-07-28
espn,Trey McBride,TE,,,,,,,,111.816,1068.184,5.558,,251.98239999999998,trey mcbride,19.1,18.7,2026,2026-07-28
espn,Elijah Higgins,TE,,,,,,,,20.874,182.441,0.682,,43.2101,elijah higgins,170.0,,2026,2026-07-28
espn,Reggie Virgil,WR,,,,,,,,3.358,39.328,0.143,,8.148800000000001,reggie virgil,170.0,,2026,2026-07-28
espn,Chris Godwin Jr.,WR,,,,,,,,60.343,700.386,4.537,,157.6036,chris godwin,131.2,92.6,2026,2026-07-28
espn,Mike Gesicki,TE,,,,,,,,40.139,393.296,4.593,,107.0266,mike gesicki,170.7,,2026,2026-07-28
espn,Jaxson Dart,QB,3689.741,20.896,10.155,503.855,553.173,6.553,100.779,,,,,347.29094,jaxson dart,73.3,80.6,2026,2026-07-28
espn,Romeo Doubs,WR,,,,,,,,59.504,762.746,5.956,,171.51460000000003,romeo doubs,145.7,115.3,2026,2026-07-28
espn,Chris Olave,WR,,,,,,,,90.442,1162.263,6.409,,245.1223,chris olave,34.9,26.4,2026,2026-07-28
espn,Jeremy Ruckert,TE,,,,,,,,12.398,95.582,0.531,,25.1422,jeremy ruckert,170.0,,2026,2026-07-28
espn,Jahan Dotson,WR,,,,,,,,31.914,400.999,2.043,,84.2719,jahan dotson,170.2,,2026,2026-07-28
espn,Pat Freiermuth,TE,,,,,,,,59.888,600.723,2.775,,136.6103,pat freiermuth,168.9,,2026,2026-07-28
espn,Trey Smack,K,,,,,,,,,,,,41.231,trey smack,169.6,,2026,2026-07-28
espn,DeMario Douglas,WR,,,,,21.389,0.154,4.133,22.726,271.006,1.499,,61.8835,demario douglas,169.9,,2026,2026-07-28
espn,Dyami Brown,WR,,,,,,,,29.88,394.547,2.7,,85.5347,dyami brown,170.2,,2026,2026-07-28
espn,Javonte Williams,RB,,,,,1256.303,11.092,287.472,37.129,218.614,1.511,,260.2387,javonte williams,37.4,38.3,2026,2026-07-28
espn,Mason Rudolph,QB,162.878,0.864,0.689,23.323,4.226,0.031,1.153,,,,,10.92972,mason rudolph,170.0,,2026,2026-07-28
espn,Daniel Bellinger,TE,,,,,,,,12.668,111.651,0.494,,26.7971,daniel bellinger,170.0,,2026,2026-07-28
espn,Isiah Pacheco,RB,,,,,639.359,4.526,148.495,17.169,114.376,0.79,,124.4385,isiah pacheco,154.8,167.2,2026,2026-07-28
espn,Mark Andrews,TE,,,,,34.683,0.671,9.75,57.985,617.776,7.114,,169.9409,mark andrews,125.0,110.7,2026,2026-07-28
espn,Samaje Perine,RB,,,,,443.49,3.345,101.779,18.759,139.21,0.732,,101.49100000000001,samaje perine,170.6,,2026,2026-07-28
espn,Harrison Mevis,K,,,,,,,,,,,,54.846,harrison mevis,136.3,,2026,2026-07-28
espn,Jalen Royals,WR,,,,,,,,17.054,198.672,1.559,,46.2752,jalen royals,170.0,,2026,2026-07-28
espn,Jauan Jennings,WR,,,,,,,,46.467,486.008,3.325,,115.01780000000001,jauan jennings,169.3,146.3,2026,2026-07-28
espn,Breece Hall,RB,,,,,1163.089,7.537,264.999,52.06,435.745,2.689,,273.2994,breece hall,32.6,32.3,2026,2026-07-28
espn,Zavion Thomas,WR,,,,,,,,12.473,153.517,1.216,,35.1207,zavion thomas,169.9,,2026,2026-07-28
espn,Brock Purdy,QB,4180.7,27.073,13.872,529.631,277.278,3.604,65.412,,,,,351.27380000000005,brock purdy,101.5,103.5,2026,2026-07-28
espn,Caleb Douglas,WR,,,,,,,,31.208,405.898,1.507,,80.8398,caleb douglas,170.2,,2026,2026-07-28
espn,Wil Lutz,K,,,,,,,,,,,,38.798,wil lutz,170.3,,2026,2026-07-28
espn,Jake Browning,QB,162.737,1.047,0.722,21.917,5.492,0.086,1.264,,,,,12.412680000000002,jake browning,170.0,,2026,2026-07-28
espn,Cameron Dicker,K,,,,,,,,,,,,41.342,cameron dicker,110.0,,2026,2026-07-28
espn,Fernando Mendoza,QB,3052.543,14.18,10.466,447.86,226.274,1.91,52.11,,,,,220.33712,fernando mendoza,166.0,169.5,2026,2026-07-28
espn,Blake Whiteheart,TE,,,,,,,,7.07,62.858,0.339,,15.389800000000001,blake whiteheart,170.0,,2026,2026-07-28
espn,Chris Brooks,RB,,,,,98.394,0.609,22.401,15.74,111.15,0.578,,43.8164,chris brooks,170.2,,2026,2026-07-28
espn,Chris Bell,WR,,,,,,,,34.23,448.876,1.657,,89.05959999999999,chris bell,170.4,231.4,2026,2026-07-28
espn,Chase Brown,RB,,,,,1045.121,7.383,240.197,64.148,434.246,2.814,,273.2667,chase brown,26.7,22.2,2026,2026-07-28
espn,Jayden Reed,WR,,,,,64.848,0.413,8.961,63.437,730.312,4.402,,171.843,jayden reed,138.3,116.0,2026,2026-07-28
espn,Jacory Croskey-Merritt,RB,,,,,846.206,7.444,195.926,12.604,87.894,0.477,,153.54,jacory croskey merritt,138.6,114.9,2026,2026-07-28
espn,Harold Fannin Jr.,TE,,,,,21.105,0.319,8.497,83.029,818.295,3.181,,187.969,harold fannin,75.3,62.6,2026,2026-07-28
espn,Jake Bates,K,,,,,,,,,,,,49.047,jake bates,154.0,,2026,2026-07-28
espn,Erick All Jr.,TE,,,,,,,,17.257,155.619,1.23,,40.1989,erick all,170.0,,2026,2026-07-28
espn,Dalton Schultz,TE,,,,,,,,59.447,556.39,3.103,,133.704,dalton schultz,168.1,137.0,2026,2026-07-28
espn,Christian McCaffrey,RB,,,,,1149.173,9.564,278.638,79.754,692.275,5.01,,351.34280000000007,christian mccaffrey,6.0,6.7,2026,2026-07-28
espn,Drew Ogletree,TE,,,,,,,,3.675,35.253,0.252,,8.7123,drew ogletree,170.0,,2026,2026-07-28
espn,Derius Davis,WR,,,,,11.0,0.064,2.08,3.491,37.833,0.269,,10.372300000000001,derius davis,170.0,,2026,2026-07-28
espn,Emari Demercado,RB,,,,,254.739,1.39,53.568,15.67,107.966,0.606,,63.916500000000006,emari demercado,170.2,,2026,2026-07-28
espn,Mitchell Tinsley,WR,,,,,,,,6.574,84.042,0.772,,19.6102,mitchell tinsley,,,2026,2026-07-28
espn,Kenyon Sadiq,TE,,,,,,,,67.146,691.924,4.319,,162.25240000000002,kenyon sadiq,138.0,118.2,2026,2026-07-28
espn,Chris Rodriguez Jr.,RB,,,,,431.393,3.39,100.434,4.121,29.429,0.158,,71.49119999999998,chris rodriguez,167.9,141.6,2026,2026-07-28
espn,Ja'Marr Chase,WR,,,,,21.061,0.143,4.071,119.446,1506.605,10.65,,336.9706,ja marr chase,4.6,3.4,2026,2026-07-28
espn,Eddy Pineiro,K,,,,,,,,,,,,42.016,eddy pineiro,149.6,,2026,2026-07-28
espn,Jameis Winston,QB,163.418,0.925,0.9,22.275,2.664,0.028,0.739,,,,,10.72112,jameis winston,169.9,,2026,2026-07-28
espn,Luke Musgrave,TE,,,,,,,,14.962,136.298,0.7,,32.791799999999995,luke musgrave,169.9,,2026,2026-07-28
espn,Evan Engram,TE,,,,,,,,47.329,463.493,2.17,,106.6983,evan engram,170.4,,2026,2026-07-28
espn,Zachariah Branch,WR,,,,,,,,31.373,382.05,1.889,,80.912,zachariah branch,170.0,180.4,2026,2026-07-28
espn,Tyler Badie,RB,,,,,17.636,0.127,4.089,8.008,65.47,0.353,,19.1986,tyler badie,170.1,,2026,2026-07-28
espn,KC Concepcion,WR,,,,,34.824,0.203,6.373,61.31,771.588,3.272,,162.8012,kc concepcion,139.7,143.2,2026,2026-07-28
espn,Colston Loveland,TE,,,,,,,,80.182,897.387,6.009,,205.9747,colston loveland,45.1,41.2,2026,2026-07-28
espn,Ricky Pearsall,WR,,,,,24.463,0.172,4.423,58.329,813.929,3.788,,165.9282,ricky pearsall,119.9,99.8,2026,2026-07-28
espn,Charlie Woerner,TE,,,,,,,,3.926,32.73,0.178,,8.267,charlie woerner,170.0,,2026,2026-07-28
espn,Ryan Flournoy,WR,,,,,12.35,0.095,2.211,34.012,384.501,2.655,,90.1971,ryan flournoy,170.3,227.6,2026,2026-07-28
espn,Johnny Mundt,TE,,,,,,,,3.447,35.369,0.207,,8.2259,johnny mundt,170.0,,2026,2026-07-28
espn,Justin Fields,QB,140.24,0.919,0.431,20.602,15.291,0.157,2.765,,,,,12.7327,justin fields,169.9,,2026,2026-07-28
espn,Rashee Rice,WR,,,,,42.639,0.592,8.241,96.146,1132.68,8.992,,271.18190000000004,rashee rice,23.6,32.7,2026,2026-07-28
espn,Marcus Mariota,QB,166.213,0.964,0.673,22.643,9.797,0.056,1.755,,,,,12.40222,marcus mariota,170.0,,2026,2026-07-28
espn,James Cook III,RB,,,,,1399.575,10.965,299.894,35.935,302.148,1.615,,281.5873,james cook,14.1,9.7,2026,2026-07-28
espn,Jeremiyah Love,RB,,,,,1129.05,6.671,254.776,65.071,489.45,2.243,,280.405,jeremiyah love,17.6,19.7,2026,2026-07-28
espn,Makai Lemon,WR,,,,,,,,58.552,836.113,5.227,,173.52530000000002,makai lemon,107.3,76.6,2026,2026-07-28
espn,Tyquan Thornton,WR,,,,,,,,23.77,358.856,2.928,,77.2236,tyquan thornton,170.0,,2026,2026-07-28
espn,Kyle Monangai,RB,,,,,824.884,6.466,191.909,25.653,214.974,1.279,,176.1088,kyle monangai,121.2,89.5,2026,2026-07-28
espn,Ja'Kobi Lane,WR,,,,,,,,25.818,393.311,2.85,,82.2491,ja kobi lane,169.6,197.8,2026,2026-07-28
espn,Carnell Tate,WR,,,,,,,,77.938,1068.211,4.638,,212.5871,carnell tate,66.0,62.9,2026,2026-07-28
espn,Tyjae Spears,RB,,,,,410.921,2.708,97.279,49.571,333.489,1.597,,149.84199999999998,tyjae spears,162.6,151.9,2026,2026-07-28
espn,Tez Johnson,WR,,,,,23.243,0.214,4.361,6.655,77.487,0.602,,21.624000000000002,tez johnson,170.0,,2026,2026-07-28
espn,Christian Watson,WR,,,,,13.099,0.129,2.24,54.925,869.748,7.095,,186.5537,christian watson,96.8,68.4,2026,2026-07-28
espn,Ben Sinnott,TE,,,,,,,,11.648,105.628,0.767,,26.8128,ben sinnott,170.0,,2026,2026-07-28
espn,Emanuel Wilson,RB,,,,,47.973,0.414,11.419,1.354,10.255,0.053,,9.978800000000001,emanuel wilson,170.8,203.3,2026,2026-07-28
espn,Chase McLaughlin,K,,,,,,,,,,,,34.569,chase mclaughlin,168.3,,2026,2026-07-28
espn,Dak Prescott,QB,4112.102,29.656,12.015,555.751,185.932,2.153,51.189,,,,,349.90128000000004,dak prescott,92.5,90.3,2026,2026-07-28
espn,Tre Tucker,WR,,,,,57.718,0.317,10.459,48.171,657.162,2.529,,136.735,tre tucker,168.5,207.2,2026,2026-07-28
espn,David Montgomery,RB,,,,,929.908,6.981,214.404,31.451,231.081,0.613,,193.1139,david montgomery,72.6,56.3,2026,2026-07-28
espn,Ben Skowronek,WR,,,,,,,,5.388,51.019,0.212,,11.7619,ben skowronek,170.0,,2026,2026-07-28
espn,Baker Mayfield,QB,3823.361,24.61,11.605,526.645,323.242,1.405,54.062,,,,,318.13864,baker mayfield,151.1,140.9,2026,2026-07-28
espn,Omar Cooper Jr.,WR,,,,,11.971,0.106,2.172,39.602,477.684,2.634,,105.00750000000001,omar cooper,166.9,149.3,2026,2026-07-28
espn,Brandon Aubrey,K,,,,,,,,,,,,45.996,brandon aubrey,84.8,,2026,2026-07-28
espn,AJ Barner,TE,,,,,17.943,0.465,9.197,44.714,432.452,3.629,,114.3175,aj barner,169.2,150.1,2026,2026-07-28
espn,Michael Pittman Jr.,WR,,,,,,,,88.367,859.981,3.867,,197.5671,michael pittman,89.0,102.9,2026,2026-07-28
espn,Dontayvion Wicks,WR,,,,,,,,24.264,309.892,1.784,,65.9572,dontayvion wicks,170.4,,2026,2026-07-28
espn,Tyler Huntley,QB,128.539,0.858,0.513,19.538,9.477,0.053,1.969,,,,,10.529259999999997,tyler huntley,169.9,,2026,2026-07-28
espn,Tank Bigsby,RB,,,,,372.808,3.357,83.22,3.624,28.648,0.14,,64.75160000000001,tank bigsby,168.2,187.7,2026,2026-07-28
espn,Kayshon Boutte,WR,,,,,,,,23.546,318.982,2.073,,67.8822,kayshon boutte,170.6,178.7,2026,2026-07-28
espn,Quentin Johnston,WR,,,,,10.802,0.085,2.08,52.786,772.785,5.584,,165.1587,quentin johnston,142.6,102.6,2026,2026-07-28
espn,MarShawn Lloyd,RB,,,,,286.039,2.094,67.204,12.051,85.215,0.559,,65.09440000000001,marshawn lloyd,170.3,,2026,2026-07-28
espn,Woody Marks,RB,,,,,579.164,2.951,142.936,24.133,201.353,1.351,,127.99669999999999,woody marks,147.8,141.2,2026,2026-07-28
espn,Theo Johnson,TE,,,,,,,,26.018,274.144,1.645,,63.302400000000006,theo johnson,170.3,232.2,2026,2026-07-28
espn,De'Von Achane,RB,,,,,1304.633,4.961,257.658,64.813,511.808,2.959,,293.97710000000006,de von achane,12.8,16.2,2026,2026-07-28
espn,Chad Ryland,K,,,,,,,,,,,,26.632,chad ryland,169.9,,2026,2026-07-28
espn,Michael Mayer,TE,,,,,,,,36.853,363.46,1.317,,81.101,michael mayer,170.2,,2026,2026-07-28
espn,Blake Corum,RB,,,,,837.532,7.325,181.956,16.679,117.038,0.612,,159.758,blake corum,133.3,98.3,2026,2026-07-28
espn,Arian Smith,WR,,,,,23.659,0.194,4.344,,,,,3.5299,arian smith,170.0,,2026,2026-07-28
espn,Durham Smythe,TE,,,,,,,,9.833,94.045,0.735,,23.6475,durham smythe,170.0,,2026,2026-07-28
espn,Tahj Brooks,RB,,,,,129.253,0.942,30.534,,,,,18.5773,tahj brooks,170.1,,2026,2026-07-28
espn,Matt Gay,K,,,,,,,,,,,,27.189,matt gay,169.5,,2026,2026-07-28
espn,Jordan Addison,WR,,,,,14.417,0.115,2.024,60.476,769.888,5.171,,170.62250000000003,jordan addison,123.0,100.7,2026,2026-07-28
espn,Noah Fant,TE,,,,,,,,21.257,179.853,0.978,,45.1103,noah fant,170.0,,2026,2026-07-28
espn,T.J. Hockenson,TE,,,,,,,,77.684,638.987,2.809,,158.43669999999997,t j hockenson,136.5,141.2,2026,2026-07-28
espn,Malik Benson,WR,,,,,,,,6.395,79.356,0.265,,15.9206,malik benson,170.0,,2026,2026-07-28
espn,Ray Davis,RB,,,,,137.767,1.062,32.296,7.752,59.961,0.39,,36.2368,ray davis,170.7,208.6,2026,2026-07-28
espn,Justin Watson,WR,,,,,,,,3.085,41.622,0.225,,8.5972,justin watson,170.0,,2026,2026-07-28
espn,Anthony Gould,WR,,,,,,,,7.014,74.275,0.326,,16.3975,anthony gould,170.0,,2026,2026-07-28
espn,Jordan Love,QB,3993.193,25.058,10.685,531.318,212.807,0.914,50.381,,,,,315.47042000000005,jordan love,160.3,124.8,2026,2026-07-28
espn,Josh Oliver,TE,,,,,,,,16.647,150.738,1.132,,38.5128,josh oliver,170.0,,2026,2026-07-28
espn,Zay Flowers,WR,,,,,57.284,0.448,9.75,81.772,1172.506,5.506,,240.47500000000002,zay flowers,43.1,43.8,2026,2026-07-28
espn,Jalen Tolbert,WR,,,,,,,,35.424,441.658,1.755,,90.1198,jalen tolbert,170.3,,2026,2026-07-28
espn,Ka'imi Fairbairn,K,,,,,,,,,,,,31.121,ka imi fairbairn,132.5,,2026,2026-07-28
espn,Jahmyr Gibbs,RB,,,,,1372.638,14.482,283.069,67.784,546.508,3.376,,366.84659999999997,jahmyr gibbs,1.7,2.9,2026,2026-07-28
espn,Jawhar Jordan,RB,,,,,53.943,0.254,12.612,,,,,6.9183,jawhar jordan,170.0,,2026,2026-07-28
espn,Jimmy Horn Jr.,WR,,,,,24.667,0.113,4.135,,,,,3.1447000000000003,jimmy horn,170.0,,2026,2026-07-28
espn,George Holani,RB,,,,,164.161,1.528,38.855,8.01,62.212,0.283,,41.5133,george holani,170.2,,2026,2026-07-28
espn,Jacoby Brissett,QB,3359.011,15.029,9.156,516.535,210.294,1.313,47.202,,,,,235.12984,jacoby brissett,170.2,200.9,2026,2026-07-28
espn,Sam LaPorta,TE,,,,,,,,78.292,787.721,5.354,,189.1881,sam laporta,71.1,76.4,2026,2026-07-28
espn,Xavier Legette,WR,,,,,10.834,0.058,2.067,26.626,308.107,2.055,,71.19810000000001,xavier legette,170.1,,2026,2026-07-28
espn,Greg Dortch,WR,,,,,23.974,0.366,4.64,4.099,39.805,0.273,,14.310899999999998,greg dortch,170.0,,2026,2026-07-28
espn,Brenton Strange,TE,,,,,,,,59.064,598.097,3.977,,142.7357,brenton strange,166.6,128.8,2026,2026-07-28
espn,KaVontae Turpin,WR,,,,,102.447,0.43,17.691,18.24,230.298,1.718,,64.4025,kavontae turpin,169.8,,2026,2026-07-28
espn,Darnell Washington,TE,,,,,,,,30.96,304.091,1.883,,72.6671,darnell washington,169.8,,2026,2026-07-28
espn,Bijan Robinson,RB,,,,,1371.111,8.398,286.416,75.684,708.275,3.381,,354.2966,bijan robinson,2.5,1.4,2026,2026-07-28
espn,Jalen McMillan,WR,,,,,24.568,0.216,4.361,47.25,588.361,3.852,,132.9509,jalen mcmillan,165.9,163.7,2026,2026-07-28
espn,Carson Beck,QB,448.418,2.508,1.501,66.287,29.239,0.28,6.552,,,,,34.58662,carson beck,169.9,,2026,2026-07-28
espn,Kyren Williams,RB,,,,,1071.252,10.178,236.542,33.402,223.717,1.645,,233.83690000000004,kyren williams,39.7,32.2,2026,2026-07-28
espn,Kimani Vidal,RB,,,,,153.02,1.215,37.437,7.84,62.591,0.369,,38.905100000000004,kimani vidal,170.3,181.1,2026,2026-07-28
espn,KeAndre Lambert-Smith,WR,,,,,,,,9.627,120.838,0.849,,26.8048,keandre lambert smith,170.0,,2026,2026-07-28
espn,Sean Tucker,RB,,,,,182.217,2.452,43.614,,,,,32.9337,sean tucker,170.2,192.8,2026,2026-07-28
espn,Jaxon Smith-Njigba,WR,,,,,25.144,0.165,4.599,116.728,1568.671,8.514,,328.18350000000004,jaxon smith njigba,6.0,5.4,2026,2026-07-28
espn,Alvin Kamara,RB,,,,,481.246,2.188,120.241,35.238,232.241,0.93,,125.2947,alvin kamara,153.6,157.7,2026,2026-07-28
espn,JuJu Smith-Schuster,WR,,,,,,,,1.383,12.408,0.058,,2.9718,juju smith schuster,169.9,,2026,2026-07-28
espn,Riley Nowakowski,RB,,,,,,,,4.26,29.04,0.159,,8.118,riley nowakowski,,,2026,2026-07-28
espn,Quinn Ewers,QB,152.894,0.561,0.605,22.373,4.01,0.02,0.976,,,,,8.79276,quinn ewers,169.9,,2026,2026-07-28
espn,Chimere Dike,WR,,,,,50.179,0.567,10.133,7.106,73.707,0.516,,25.9926,chimere dike,170.9,229.4,2026,2026-07-28
espn,Troy Franklin,WR,,,,,10.563,0.078,2.044,17.019,215.866,1.768,,50.73790000000001,troy franklin,170.7,184.7,2026,2026-07-28
espn,Rome Odunze,WR,,,,,,,,59.313,1029.018,8.417,,212.71680000000003,rome odunze,72.1,64.2,2026,2026-07-28
espn,Drake Maye,QB,4094.473,26.948,11.168,519.769,531.587,4.047,101.036,,,,,380.57161999999994,drake maye,48.2,51.2,2026,2026-07-28
espn,Tyler Warren,TE,,,,,14.466,0.379,6.291,86.625,869.562,5.195,,208.47180000000003,tyler warren,46.8,50.1,2026,2026-07-28
espn,Savion Williams,WR,,,,,46.954,0.319,8.961,23.923,272.025,1.987,,69.6569,savion williams,170.2,,2026,2026-07-28
espn,Tank Dell,WR,,,,,44.585,0.197,8.408,24.137,287.648,1.698,,68.7303,tank dell,170.2,206.7,2026,2026-07-28
espn,Eli Stowers,TE,,,,,19.893,0.172,4.623,14.311,142.826,1.025,,37.7649,eli stowers,170.2,173.9,2026,2026-07-28
espn,Ja'Tavion Sanders,TE,,,,,,,,34.8,301.541,2.077,,77.4161,ja tavion sanders,170.1,,2026,2026-07-28
espn,Caleb Williams,QB,3820.831,25.254,9.938,528.436,381.783,2.281,71.103,,,,,336.34554,caleb williams,93.0,82.9,2026,2026-07-28
espn,Jalen Nailor,WR,,,,,11.087,0.076,2.092,40.969,559.809,2.807,,115.3566,jalen nailor,169.7,166.5,2026,2026-07-28
espn,Oronde Gadsden,TE,,,,,,,,45.38,484.718,3.757,,116.3938,oronde gadsden,168.2,94.7,2026,2026-07-28
espn,Malik Nabers,WR,,,,,20.449,0.132,3.956,76.192,1002.909,6.548,,218.6078,malik nabers,41.8,19.2,2026,2026-07-28
espn,Will Shipley,RB,,,,,39.569,0.299,9.247,11.287,83.396,0.393,,27.735500000000002,will shipley,170.1,,2026,2026-07-28
espn,Kalif Raymond,WR,,,,,27.163,0.16,4.569,19.173,186.858,0.895,,46.9051,kalif raymond,169.9,,2026,2026-07-28
espn,Justice Hill,RB,,,,,222.942,1.354,48.748,39.464,348.935,1.675,,114.82570000000001,justice hill,170.4,,2026,2026-07-28
espn,Gardner Minshew II,QB,141.815,0.634,0.591,21.727,2.554,0.031,0.891,,,,,8.736,gardner minshew,169.9,,2026,2026-07-28
espn,Dallas Goedert,TE,,,,,,,,70.474,725.202,5.639,,176.8282,dallas goedert,101.7,109.1,2026,2026-07-28
espn,Chris Manhertz,TE,,,,,,,,1.834,16.336,0.12,,4.1876,chris manhertz,170.0,,2026,2026-07-28
espn,Isaiah Bond,WR,,,,,23.495,0.117,4.248,5.643,73.73,0.442,,18.719500000000004,isaiah bond,170.0,,2026,2026-07-28
espn,Mason Taylor,TE,,,,,,,,27.539,231.481,1.145,,57.5571,mason taylor,170.0,224.3,2026,2026-07-28
espn,Rico Dowdle,RB,,,,,972.023,5.48,222.719,29.222,209.902,1.07,,186.71450000000002,rico dowdle,104.8,88.1,2026,2026-07-28
espn,Aaron Rodgers,QB,3764.285,19.972,11.092,568.565,99.454,0.884,28.12,,,,,263.4688,aaron rodgers,169.5,,2026,2026-07-28
espn,Ashton Jeanty,RB,,,,,1136.444,7.109,281.054,64.902,495.118,2.026,,282.8682,ashton jeanty,16.7,15.4,2026,2026-07-28
espn,Michael Burton,RB,,,,,17.625,0.1,4.248,4.187,26.481,0.146,,10.0736,michael burton,,,2026,2026-07-28
espn,Jonathon Brooks,RB,,,,,677.142,3.612,161.262,28.323,215.821,1.155,,146.2213,jonathon brooks,130.8,138.0,2026,2026-07-28
espn,Terry McLaurin,WR,,,,,,,,80.658,1042.766,5.77,,219.55460000000002,terry mclaurin,58.4,56.6,2026,2026-07-28
espn,Elijah Arroyo,TE,,,,,,,,24.097,264.096,1.712,,60.778600000000004,elijah arroyo,170.1,,2026,2026-07-28
espn,Justin Herbert,QB,3846.393,25.513,10.994,527.879,405.902,2.319,78.311,,,,,339.44991999999996,justin herbert,111.5,83.7,2026,2026-07-28
espn,Matthew Hibner,TE,,,,,,,,3.335,35.82,0.292,,8.669,matthew hibner,,,2026,2026-07-28
espn,Harrison Butker,K,,,,,,,,,,,,40.849,harrison butker,152.1,,2026,2026-07-28
espn,DJ Giddens,RB,,,,,141.459,1.006,33.555,8.608,56.69,0.293,,36.2169,dj giddens,170.2,,2026,2026-07-28
espn,Drew Lock,QB,134.237,0.803,0.574,21.163,5.187,0.048,1.171,,,,,9.846180000000002,drew lock,170.0,,2026,2026-07-28
espn,De'Zhaun Stribling,WR,,,,,,,,20.543,300.717,1.965,,62.4047,de zhaun stribling,170.5,202.4,2026,2026-07-28
espn,Konata Mumpfield,WR,,,,,,,,9.874,126.626,1.148,,29.424599999999998,konata mumpfield,170.0,,2026,2026-07-28
espn,Mitchell Trubisky,QB,153.965,0.674,0.716,23.568,2.49,0.048,1.127,,,,,9.3076,mitchell trubisky,170.0,,2026,2026-07-28
espn,Keaton Mitchell,RB,,,,,293.732,1.791,62.395,12.028,92.486,0.461,,64.16180000000001,keaton mitchell,170.4,164.9,2026,2026-07-28
espn,Trey Lance,QB,147.341,0.978,0.569,22.453,6.823,0.044,1.491,,,,,11.569939999999999,trey lance,170.0,,2026,2026-07-28
espn,Nate Adkins,TE,,,,,,,,7.838,68.566,0.67,,18.7146,nate adkins,170.0,,2026,2026-07-28
espn,Ladd McConkey,WR,,,,,,,,79.609,1032.635,6.245,,220.3425,ladd mcconkey,56.4,41.9,2026,2026-07-28
espn,Bucky Irving,RB,,,,,1026.584,5.56,252.961,38.964,311.949,1.84,,217.2173,bucky irving,55.3,31.6,2026,2026-07-28
espn,Parker Washington,WR,,,,,38.863,0.266,8.035,63.742,849.908,5.151,,185.1211,parker washington,102.1,89.1,2026,2026-07-28
espn,Hunter Luepke,RB,,,,,56.064,0.44,13.268,8.629,61.737,0.353,,25.167099999999998,hunter luepke,,,2026,2026-07-28
espn,C.J. Stroud,QB,3945.958,21.377,12.071,551.103,248.937,1.046,57.061,,,,,293.12802000000005,c j stroud,166.6,163.4,2026,2026-07-28
espn,Greg Dulcich,TE,,,,,,,,51.761,581.006,1.643,,119.71960000000001,greg dulcich,170.2,,2026,2026-07-28
espn,Shedeur Sanders,QB,1623.215,7.142,5.552,232.151,119.27,0.622,21.174,,,,,112.3356,shedeur sanders,169.4,225.8,2026,2026-07-28
espn,Brian Thomas Jr.,WR,,,,,23.106,0.163,4.017,57.082,860.082,5.032,,176.57080000000002,brian thomas,101.0,69.6,2026,2026-07-28
espn,Dont'e Thornton Jr.,WR,,,,,,,,12.116,167.727,0.605,,32.5187,dont e thornton,170.0,,2026,2026-07-28
espn,Brock Bowers,TE,,,,,15.528,0.196,4.183,98.353,997.001,6.575,,240.2319,brock bowers,23.4,20.2,2026,2026-07-28
espn,CJ Dippre,TE,,,,,,,,3.888,37.333,0.272,,9.2533,cj dippre,170.0,,2026,2026-07-28
espn,TreVeyon Henderson,RB,,,,,853.8,6.815,194.269,43.133,299.582,1.587,,208.8832,treveyon henderson,64.9,47.8,2026,2026-07-28
espn,Marvin Harrison Jr.,WR,,,,,,,,68.678,955.902,5.052,,194.5802,marvin harrison,83.0,75.8,2026,2026-07-28
espn,Reggie Gilliam,RB,,,,,,,,4.108,29.787,0.148,,7.9746999999999995,reggie gilliam,170.0,,2026,2026-07-28
espn,George Kittle,TE,,,,,,,,73.99,811.807,5.754,,189.6947,george kittle,82.9,97.4,2026,2026-07-28
espn,Malachi Corley,WR,,,,,43.789,0.206,6.373,,,,,5.6149000000000004,malachi corley,170.0,,2026,2026-07-28
espn,Kyle Williams,WR,,,,,22.33,0.192,4.133,6.432,91.455,0.551,,22.2685,kyle williams,169.9,222.1,2026,2026-07-28
espn,Elijah Sarratt,WR,,,,,,,,19.535,294.438,1.769,,59.5928,elijah sarratt,170.1,229.2,2026,2026-07-28
espn,Ollie Gordon II,RB,,,,,202.79,1.211,49.384,3.938,27.756,0.122,,34.9906,ollie gordon,170.2,,2026,2026-07-28
espn,Isaiah Davis,RB,,,,,98.979,0.729,21.721,12.865,95.344,0.412,,39.143299999999996,isaiah davis,170.1,,2026,2026-07-28
espn,Calvin Ridley,WR,,,,,32.0,0.246,6.08,46.233,721.717,3.576,,144.5367,calvin ridley,167.0,227.7,2026,2026-07-28
espn,Mack Hollins,WR,,,,,,,,10.765,126.66,0.787,,28.153000000000002,mack hollins,169.9,,2026,2026-07-28
espn,Jarrett Stidham,QB,161.298,1.097,0.584,22.248,6.77,0.049,1.65,,,,,12.836920000000001,jarrett stidham,170.0,,2026,2026-07-28
espn,Andrei Iosivas,WR,,,,,11.156,0.086,2.036,27.289,317.289,2.78,,77.3295,andrei iosivas,170.1,,2026,2026-07-28
espn,Patrick Ricard,RB,,,,,,,,3.947,26.9,0.137,,7.4590000000000005,patrick ricard,,,2026,2026-07-28
espn,Deshaun Watson,QB,2040.488,8.324,7.041,311.479,210.856,0.956,42.012,,,,,144.30312,deshaun watson,170.1,,2026,2026-07-28
espn,Adonai Mitchell,WR,,,,,11.164,0.108,2.172,38.504,563.893,3.282,,116.34970000000001,adonai mitchell,170.0,177.9,2026,2026-07-28
espn,Marlin Klein,TE,,,,,,,,3.955,36.315,0.224,,8.9305,marlin klein,170.0,,2026,2026-07-28
espn,Jalen Coker,WR,,,,,,,,60.782,692.457,3.15,,148.9277,jalen coker,160.6,136.3,2026,2026-07-28
espn,Josh Cuevas,TE,,,,,,,,3.335,35.82,0.292,,8.669,josh cuevas,170.0,,2026,2026-07-28
espn,David Njoku,TE,,,,,,,,32.618,336.596,3.127,,85.03960000000001,david njoku,170.2,172.4,2026,2026-07-28
espn,Foster Moreau,TE,,,,,,,,7.647,79.397,0.589,,19.1207,foster moreau,170.0,,2026,2026-07-28
espn,Luke Farrell,TE,,,,,,,,4.251,41.151,0.299,,10.160100000000002,luke farrell,170.0,,2026,2026-07-28
espn,Patrick Mahomes,QB,3992.746,26.14,11.657,551.209,326.433,3.241,53.07,,,,,345.32514000000003,patrick mahomes,105.2,100.1,2026,2026-07-28
espn,Kaelon Black,RB,,,,,183.209,1.327,44.228,4.111,31.738,0.19,,34.7077,kaelon black,170.1,,2026,2026-07-28
espn,Darnell Mooney,WR,,,,,11.914,0.076,2.226,31.982,468.669,2.511,,95.5623,darnell mooney,170.2,221.1,2026,2026-07-28
espn,Tory Horton,WR,,,,,,,,21.627,298.88,2.306,,65.351,tory horton,170.7,228.7,2026,2026-07-28
espn,Devin Singletary,RB,,,,,142.644,0.983,35.617,4.213,26.343,0.092,,27.561700000000002,devin singletary,170.1,,2026,2026-07-28
espn,Jalen Hurts,QB,3779.026,23.52,9.16,499.143,437.809,9.148,106.289,,,,,372.62994,jalen hurts,54.9,67.2,2026,2026-07-28
espn,Eric Saubert,TE,,,,,,,,3.421,34.366,0.297,,8.6396,eric saubert,170.0,,2026,2026-07-28
espn,J.J. McCarthy,QB,598.707,3.349,2.255,85.751,43.846,0.631,9.842,,,,,47.70288000000001,j j mccarthy,169.8,224.2,2026,2026-07-28
espn,Tyson Bagent,QB,155.92,1.031,0.549,22.066,5.915,0.076,1.507,,,,,12.372299999999997,tyson bagent,169.9,,2026,2026-07-28
espn,Tai Felton,WR,,,,,,,,3.716,37.037,0.235,,8.8297,tai felton,170.0,,2026,2026-07-28
espn,Nick Folk,K,,,,,,,,,,,,30.972,nick folk,169.8,,2026,2026-07-28
espn,Ted Hurst III,WR,,,,,,,,22.785,294.571,2.124,,64.98610000000001,ted hurst,170.2,223.5,2026,2026-07-28
espn,Tip Reiman,TE,,,,,,,,3.82,34.509,0.196,,8.4469,tip reiman,170.0,,2026,2026-07-28
espn,Joe Royer,TE,,,,,,,,3.768,33.556,0.169,,8.137599999999999,joe royer,170.0,,2026,2026-07-28
espn,Joey Slye,K,,,,,,,,,,,,29.094,joey slye,170.1,,2026,2026-07-28
espn,Devontez Walker,WR,,,,,,,,11.577,166.376,1.173,,35.2526,devontez walker,170.0,,2026,2026-07-28
espn,Dalton Kincaid,TE,,,,,,,,59.295,697.725,4.452,,155.77949999999998,dalton kincaid,140.4,97.1,2026,2026-07-28
espn,Cam Skattebo,RB,,,,,1046.979,7.196,249.319,49.289,365.087,1.642,,243.5236,cam skattebo,43.5,48.7,2026,2026-07-28
espn,Joe Flacco,QB,164.359,1.314,0.689,24.635,1.166,0.017,0.399,,,,,13.298960000000001,joe flacco,170.0,,2026,2026-07-28
espn,Aaron Jones Sr.,RB,,,,,739.581,3.707,169.991,47.006,343.955,2.077,,190.06359999999998,aaron jones,113.3,108.8,2026,2026-07-28
espn,Jayden Higgins,WR,,,,,,,,54.496,667.643,3.445,,141.9303,jayden higgins,158.9,131.1,2026,2026-07-28
espn,Jason Sanders,K,,,,,,,,,,,,28.737,jason sanders,169.9,,2026,2026-07-28
espn,Cooper Kupp,WR,,,,,,,,37.851,471.512,2.815,,101.8922,cooper kupp,168.9,235.2,2026,2026-07-28
espn,Cedric Tillman,WR,,,,,,,,8.95,100.941,0.529,,22.2181,cedric tillman,170.0,,2026,2026-07-28
espn,Isaac TeSlaa,WR,,,,,,,,23.748,301.625,3.225,,73.26050000000001,isaac teslaa,170.0,198.6,2026,2026-07-28
espn,Rachaad White,RB,,,,,566.701,5.074,134.699,46.954,294.984,1.881,,174.85250000000002,rachaad white,118.6,127.2,2026,2026-07-28
espn,Xavier Smith,WR,,,,,,,,7.17,89.261,0.65,,19.9961,xavier smith,170.0,,2026,2026-07-28
espn,Tyler Loop,K,,,,,,,,,,,,44.34,tyler loop,161.9,,2026,2026-07-28
espn,Derrick Henry,RB,,,,,1480.44,13.084,316.863,21.402,210.42,1.204,,276.21599999999995,derrick henry,20.0,24.6,2026,2026-07-28
espn,Demarcus Robinson,WR,,,,,,,,3.307,44.586,0.326,,9.721599999999999,demarcus robinson,170.0,,2026,2026-07-28
espn,Andrew Beck,RB,,,,,,,,4.189,28.219,0.222,,8.3429,andrew beck,170.1,,2026,2026-07-28
espn,Kenneth Walker III,RB,,,,,1233.334,9.035,276.079,48.202,375.648,1.67,,273.3302,kenneth walker,28.6,14.6,2026,2026-07-28
espn,Zane Gonzalez,K,,,,,,,,,,,,24.057,zane gonzalez,170.0,,2026,2026-07-28
espn,Austin Hooper,TE,,,,,,,,20.536,181.303,0.823,,43.60430000000001,austin hooper,170.0,,2026,2026-07-28
espn,Kendre Miller,RB,,,,,54.643,0.293,12.883,,,,,7.222300000000001,kendre miller,170.0,224.8,2026,2026-07-28
espn,Treylon Burks,WR,,,,,,,,15.748,215.534,1.288,,45.0294,treylon burks,170.0,,2026,2026-07-28
espn,Will Reichard,K,,,,,,,,,,,,33.944,will reichard,165.2,,2026,2026-07-28
espn,Adam Trautman,TE,,,,,,,,11.709,112.983,0.964,,28.7913,adam trautman,170.0,,2026,2026-07-28
espn,Matthew Stafford,QB,4281.986,34.926,9.664,557.817,39.416,0.587,27.043,,,,,368.97104,matthew stafford,84.2,115.2,2026,2026-07-28
espn,Max Bredeson,RB,,,,,8.461,0.06,2.024,4.5,29.415,0.167,,9.649600000000001,max bredeson,,,2026,2026-07-28
espn,Nick Mullens,QB,179.323,1.13,0.846,23.671,3.387,0.028,1.098,,,,,12.767619999999997,nick mullens,170.0,,2026,2026-07-28
espn,Chris Brazzell II,WR,,,,,,,,22.467,287.849,1.672,,61.2839,chris brazzell,170.2,230.8,2026,2026-07-28
espn,Christian Kirk,WR,,,,,,,,23.004,318.04,2.087,,67.33000000000001,christian kirk,170.9,241.7,2026,2026-07-28
espn,Tee Higgins,WR,,,,,,,,73.094,954.882,8.313,,218.4602,tee higgins,54.4,35.5,2026,2026-07-28
espn,Travis Etienne Jr.,RB,,,,,1117.411,6.02,257.66,44.591,376.193,2.055,,242.40140000000005,travis etienne,46.6,36.7,2026,2026-07-28
espn,LeQuint Allen Jr.,RB,,,,,33.917,0.193,8.035,21.679,148.007,0.844,,46.093399999999995,lequint allen,170.3,,2026,2026-07-28
espn,Emeka Egbuka,WR,,,,,11.879,0.103,2.181,69.585,1126.836,7.444,,228.7385,emeka egbuka,42.1,45.8,2026,2026-07-28
espn,Darius Cooper,WR,,,,,,,,3.251,37.668,0.252,,8.5298,darius cooper,170.0,,2026,2026-07-28
espn,Sam Darnold,QB,4011.662,23.986,12.336,512.836,125.448,0.848,44.069,,,,,297.34328,sam darnold,164.5,165.3,2026,2026-07-28
espn,Jaylen Wright,RB,,,,,233.062,1.071,55.826,7.473,55.963,0.193,,43.959500000000006,jaylen wright,170.2,215.1,2026,2026-07-28
espn,Tommy DeVito,QB,149.842,0.987,0.408,22.517,9.496,0.067,1.867,,,,,12.451279999999999,tommy devito,169.9,,2026,2026-07-28
espn,Malachi Fields,WR,,,,,,,,13.224,157.564,0.896,,34.3564,malachi fields,169.9,242.4,2026,2026-07-28
espn,Bryce Lance,WR,,,,,,,,16.368,204.282,0.933,,42.3942,bryce lance,170.0,,2026,2026-07-28
espn,Cyrus Allen,WR,,,,,,,,6.444,79.711,0.504,,17.4391,cyrus allen,170.0,,2026,2026-07-28
espn,Noah Gray,TE,,,,,,,,26.069,261.857,1.405,,60.6847,noah gray,170.0,,2026,2026-07-28
espn,Malik Davis,RB,,,,,192.204,1.418,44.227,4.152,29.575,0.158,,35.785900000000005,malik davis,170.1,,2026,2026-07-28
espn,Pat Bryant,WR,,,,,,,,28.428,319.659,2.101,,72.9999,pat bryant,171.0,222.5,2026,2026-07-28
espn,Colbie Young,WR,,,,,,,,3.497,43.184,0.331,,9.8014,colbie young,170.0,,2026,2026-07-28
espn,Ryan Fitzgerald,K,,,,,,,,,,,,28.855,ryan fitzgerald,169.8,,2026,2026-07-28
espn,Kenny Gainwell,RB,,,,,482.649,4.289,109.035,52.092,341.698,2.04,,172.50070000000002,kenneth gainwell,118.1,106.9,2026,2026-07-28
espn,Xavier Worthy,WR,,,,,75.917,0.593,12.362,55.425,788.342,4.556,,172.74490000000003,xavier worthy,137.1,134.9,2026,2026-07-28
espn,Kenny Pickett,QB,153.362,0.859,0.469,22.454,3.729,0.041,1.309,,,,,10.96938,kenny pickett,170.0,,2026,2026-07-28
espn,Mitchell Evans,TE,,,,,,,,14.919,143.137,0.943,,34.8907,mitchell evans,170.0,,2026,2026-07-28
espn,Skyler Bell,WR,,,,,,,,15.066,205.497,1.205,,42.84570000000001,skyler bell,169.9,,2026,2026-07-28
espn,RJ Harvey,RB,,,,,430.631,3.857,106.308,48.809,365.73,2.55,,166.8871,rj harvey,120.9,68.4,2026,2026-07-28
espn,Jake Moody,K,,,,,,,,,,,,34.288,jake moody,169.8,,2026,2026-07-28
espn,Juwan Johnson,TE,,,,,,,,63.473,636.677,2.73,,143.5207,juwan johnson,164.4,135.3,2026,2026-07-28
espn,Saquon Barkley,RB,,,,,1285.469,8.689,300.517,43.12,370.874,2.292,,274.6403,saquon barkley,16.6,19.5,2026,2026-07-28
espn,Luke Schoonmaker,TE,,,,,,,,11.442,110.322,0.893,,27.832200000000004,luke schoonmaker,169.9,,2026,2026-07-28
espn,Jaylen Waddle,WR,,,,,12.127,0.081,2.044,76.667,991.39,5.993,,213.4627,jaylen waddle,59.7,46.2,2026,2026-07-28
espn,Nick Westbrook-Ikhine,WR,,,,,,,,34.257,432.69,3.031,,95.71200000000002,nick westbrook ikhine,170.3,,2026,2026-07-28
espn,Riley Leonard,QB,158.124,0.828,0.509,22.738,5.422,0.078,1.237,,,,,11.28516,riley leonard,170.0,,2026,2026-07-28
espn,Adam Prentice,RB,,,,,17.353,0.131,4.089,4.138,29.753,0.147,,10.5166,adam prentice,,,2026,2026-07-28
espn,Charlie Kolar,TE,,,,,,,,7.333,73.45,0.56,,18.038,charlie kolar,170.0,,2026,2026-07-28
espn,Will Kacmarek,TE,,,,,,,,18.12,174.637,0.755,,40.1137,will kacmarek,170.0,,2026,2026-07-28
espn,Tyrod Taylor,QB,136.048,0.854,0.515,19.973,12.361,0.069,2.263,,,,,11.186020000000001,tyrod taylor,170.0,,2026,2026-07-28
espn,Hollywood Brown,WR,,,,,,,,18.61,233.031,1.515,,51.0031,marquise brown,170.0,,2026,2026-07-28
espn,CeeDee Lamb,WR,,,,,12.585,0.105,2.211,104.086,1381.306,8.556,,295.4411,ceedee lamb,10.6,10.6,2026,2026-07-28
espn,Chuba Hubbard,RB,,,,,797.395,4.311,198.476,40.847,301.739,1.49,,185.56640000000002,chuba hubbard,100.8,74.9,2026,2026-07-28
espn,Jordyn Tyson,WR,,,,,,,,67.473,917.363,4.981,,189.0953,jordyn tyson,95.5,69.0,2026,2026-07-28
espn,Dawson Knox,TE,,,,,,,,24.952,265.098,2.771,,68.0878,dawson knox,169.9,,2026,2026-07-28
espn,Van Jefferson,WR,,,,,,,,27.966,357.718,1.93,,75.3178,van jefferson,170.0,,2026,2026-07-28
espn,Rhamondre Stevenson,RB,,,,,721.692,6.586,169.469,38.283,313.325,1.855,,192.43070000000003,rhamondre stevenson,109.2,82.7,2026,2026-07-28
espn,Drew Sample,TE,,,,,,,,17.276,146.168,1.151,,38.7988,drew sample,170.0,,2026,2026-07-28
espn,Payne Durham,TE,,,,,,,,7.231,70.52,0.629,,18.057,payne durham,170.0,,2026,2026-07-28
espn,Jerry Jeudy,WR,,,,,,,,51.388,709.497,2.702,,138.54969999999997,jerry jeudy,163.8,173.5,2026,2026-07-28
espn,Mac Jones,QB,145.701,0.945,0.563,22.362,2.223,0.014,0.947,,,,,10.67834,mac jones,170.0,,2026,2026-07-28
espn,Brian Robinson Jr.,RB,,,,,559.866,3.665,134.529,8.735,59.151,0.29,,94.3667,brian robinson,168.8,123.8,2026,2026-07-28
espn,Tyrell Shavers,WR,,,,,,,,4.028,52.169,0.296,,11.0209,tyrell shavers,170.0,,2026,2026-07-28
espn,DeVonta Smith,WR,,,,,,,,90.344,1129.056,6.0,,239.2496,devonta smith,37.6,44.9,2026,2026-07-28
espn,Tua Tagovailoa,QB,2168.785,10.358,7.955,301.887,43.84,0.26,15.883,,,,,138.9334,tua tagovailoa,170.7,236.5,2026,2026-07-28
espn,Kendrick Bourne,WR,,,,,,,,22.732,239.701,0.667,,50.704100000000004,kendrick bourne,170.0,,2026,2026-07-28
espn,Nico Collins,WR,,,,,11.798,0.082,2.102,86.422,1212.62,6.75,,249.8558,nico collins,26.5,21.1,2026,2026-07-28
espn,Keon Coleman,WR,,,,,,,,19.405,265.989,2.249,,59.4979,keon coleman,170.1,234.8,2026,2026-07-28
espn,Isaiah Williams,WR,,,,,12.697,0.105,2.172,3.765,35.808,0.136,,10.0615,isaiah williams,170.0,,2026,2026-07-28
espn,Jordan Whittington,WR,,,,,12.094,0.117,2.274,15.02,171.867,1.223,,41.4561,jordan whittington,169.9,,2026,2026-07-28
espn,Tommy Tremble,TE,,,,,,,,25.559,250.147,1.904,,61.9977,tommy tremble,170.0,,2026,2026-07-28
espn,Devaughn Vele,WR,,,,,,,,25.138,257.501,1.669,,60.902100000000004,devaughn vele,171.0,239.8,2026,2026-07-28
espn,Wan'Dale Robinson,WR,,,,,22.42,0.149,4.053,78.859,817.448,1.909,,175.1938,wan dale robinson,112.3,103.0,2026,2026-07-28
espn,Malik Washington,WR,,,,,77.465,0.434,12.883,41.027,432.072,1.569,,103.9987,malik washington,170.2,,2026,2026-07-28
espn,Ian Thomas,TE,,,,,,,,3.786,35.94,0.151,,8.286,ian thomas,170.0,,2026,2026-07-28
espn,Charlie Smyth,K,,,,,,,,,,,,31.35,charlie smyth,,,2026,2026-07-28
espn,Kirk Cousins,QB,832.655,4.163,2.672,118.089,11.102,0.258,5.723,,,,,55.5984,kirk cousins,170.0,,2026,2026-07-28
espn,Garrett Wilson,WR,,,,,10.775,0.093,2.172,103.487,1211.58,5.315,,258.1705,garrett wilson,35.3,40.9,2026,2026-07-28
espn,Ben Sims,TE,,,,,,,,6.973,65.359,0.328,,15.4769,ben sims,170.0,,2026,2026-07-28
espn,Connor Heyward,RB,,,,,17.554,0.121,4.183,3.951,28.925,0.159,,10.2789,connor heyward,,,2026,2026-07-28
espn,J.K. Dobbins,RB,,,,,993.155,6.753,212.616,17.113,104.746,0.661,,171.38710000000003,j k dobbins,116.5,92.5,2026,2026-07-28
espn,Eli Raridon,TE,,,,,,,,15.554,150.59,1.086,,37.129,eli raridon,169.9,,2026,2026-07-28
espn,Ashton Dulin,WR,,,,,26.442,0.175,4.194,17.023,205.714,0.927,,46.8506,ashton dulin,170.0,,2026,2026-07-28
espn,Jaylen Warren,RB,,,,,788.644,4.444,179.888,46.08,318.767,1.452,,192.1971,jaylen warren,98.9,74.8,2026,2026-07-28
espn,British Brooks,RB,,,,,17.989,0.098,4.204,,,,,2.3869000000000002,british brooks,170.0,,2026,2026-07-28
espn,Cole Kmet,TE,,,,,,,,21.685,219.147,1.672,,53.631699999999995,cole kmet,169.8,,2026,2026-07-28
espn,Jaylin Lane,WR,,,,,,,,22.787,280.938,1.795,,61.650800000000004,jaylin lane,170.0,,2026,2026-07-28
espn,Andre Szmyt,K,,,,,,,,,,,,24.177,andre szmyt,169.9,,2026,2026-07-28
espn,Jaylin Noel,WR,,,,,22.155,0.125,4.204,39.54,452.32,2.504,,102.7615,jaylin noel,170.8,213.7,2026,2026-07-28
espn,Andy Borregales,K,,,,,,,,,,,,41.898,andy borregales,170.3,,2026,2026-07-28
espn,Brock Wright,TE,,,,,,,,7.713,72.291,0.618,,18.650100000000002,brock wright,169.9,,2026,2026-07-28
espn,Joshua Palmer,WR,,,,,,,,16.886,205.495,1.244,,44.8995,joshua palmer,170.0,,2026,2026-07-28
espn,Jonathan Taylor,RB,,,,,1510.297,11.613,327.157,47.372,346.166,1.26,,310.2563,jonathan taylor,8.2,7.7,2026,2026-07-28
espn,Jake Ferguson,TE,,,,,,,,73.332,599.798,5.839,,168.3458,jake ferguson,108.8,104.0,2026,2026-07-28
espn,Terrance Ferguson,TE,,,,,,,,45.933,579.826,5.406,,136.35160000000002,terrance ferguson,167.3,158.7,2026,2026-07-28
espn,Malik Willis,QB,3554.331,13.038,10.38,505.172,545.204,3.366,105.594,,,,,274.35764000000006,malik willis,166.7,137.8,2026,2026-07-28
espn,Davis Mills,QB,146.389,0.793,0.555,23.455,3.851,0.033,0.98,,,,,10.08666,davis mills,170.0,,2026,2026-07-28
espn,Tyler Allgeier,RB,,,,,385.111,3.323,97.415,18.071,126.043,0.392,,91.47640000000001,tyler allgeier,168.9,132.5,2026,2026-07-28
espn,Hunter Henry,TE,,,,,,,,55.749,627.999,5.206,,149.7849,hunter henry,146.7,106.2,2026,2026-07-28
espn,Colby Parkinson,TE,,,,,,,,24.002,248.999,2.678,,64.9699,colby parkinson,170.8,200.2,2026,2026-07-28
espn,Courtland Sutton,WR,,,,,,,,69.276,892.817,7.574,,204.00170000000003,courtland sutton,86.5,77.9,2026,2026-07-28
espn,Jason Myers,K,,,,,,,,,,,,42.52,jason myers,120.8,,2026,2026-07-28
espn,Khalil Shakir,WR,,,,,12.492,0.126,2.307,70.106,765.253,3.703,,170.8545,khalil shakir,133.9,133.8,2026,2026-07-28
espn,Jahdae Walker,WR,,,,,,,,3.169,35.536,0.327,,8.6846,jahdae walker,169.9,,2026,2026-07-28
espn,Jake Tonges,TE,,,,,,,,13.343,136.457,1.092,,33.5407,jake tonges,170.8,191.4,2026,2026-07-28
espn,Jared Goff,QB,4208.038,28.926,9.888,544.138,49.473,0.681,27.208,,,,,331.13482,jared goff,143.5,122.0,2026,2026-07-28
espn,Jack Bech,WR,,,,,,,,37.945,440.78,1.636,,91.839,jack bech,171.0,238.2,2026,2026-07-28
sleeper,Josh Allen,QB,3650.0,27.0,10.0,474.0,535.0,11.0,110.0,,,,3.0,401.5,josh allen,23.0,28.2,2026,2026-07-28
sleeper,Lamar Jackson,QB,3380.0,27.0,8.0,415.0,668.0,5.0,119.0,,,,4.0,370.0,lamar jackson,39.5,37.9,2026,2026-07-28
sleeper,Drake Maye,QB,3854.0,29.0,11.0,500.0,416.0,4.0,85.0,,,,3.0,365.76,drake maye,48.2,51.2,2026,2026-07-28
sleeper,Joe Burrow,QB,4008.0,33.0,10.0,549.0,138.0,2.0,46.0,,,,3.0,358.12,joe burrow,58.6,57.1,2026,2026-07-28
sleeper,Dak Prescott,QB,4292.0,31.0,13.0,580.0,152.0,1.0,44.0,,,,2.0,348.88,dak prescott,92.5,90.3,2026,2026-07-28
sleeper,Jayden Daniels,QB,3353.0,22.0,9.0,479.0,686.0,6.0,126.0,,,,3.0,346.72,jayden daniels,52.0,62.1,2026,2026-07-28
sleeper,Justin Herbert,QB,3920.0,27.0,10.0,544.0,345.0,3.0,71.0,,,,3.0,345.3,justin herbert,111.5,83.7,2026,2026-07-28
sleeper,Caleb Williams,QB,3651.0,28.0,10.0,514.0,373.0,3.0,75.0,,,,3.0,343.34,caleb williams,93.0,82.9,2026,2026-07-28
sleeper,Jalen Hurts,QB,3326.0,21.0,8.0,462.0,515.0,9.0,120.0,,,,3.0,342.53999999999996,jalen hurts,54.9,67.2,2026,2026-07-28
sleeper,Trevor Lawrence,QB,3788.0,26.0,12.0,522.0,339.0,5.0,79.0,,,,3.0,341.41999999999996,trevor lawrence,99.2,92.3,2026,2026-07-28
sleeper,Brock Purdy,QB,3824.0,29.0,13.0,484.0,237.0,3.0,63.0,,,,3.0,336.66,brock purdy,101.5,103.5,2026,2026-07-28
sleeper,Bo Nix,QB,3768.0,26.0,12.0,555.0,330.0,4.0,76.0,,,,3.0,333.72,bo nix,103.3,118.7,2026,2026-07-28
sleeper,Jaxson Dart,QB,3366.0,23.0,12.0,495.0,539.0,6.0,106.0,,,,3.0,332.53999999999996,jaxson dart,73.3,80.6,2026,2026-07-28
sleeper,Jared Goff,QB,4104.0,30.0,10.0,533.0,53.0,1.0,29.0,,,,3.0,329.46,jared goff,143.5,122.0,2026,2026-07-28
sleeper,Matthew Stafford,QB,4033.0,32.0,11.0,528.0,19.0,,27.0,,,,2.0,329.21999999999997,matthew stafford,84.2,115.2,2026,2026-07-28
sleeper,Bijan Robinson,RB,,,,,1372.0,9.0,280.0,64.0,537.0,3.0,2.0,322.90000000000003,bijan robinson,2.5,1.4,2026,2026-07-28
sleeper,Patrick Mahomes,QB,3773.0,28.0,11.0,529.0,227.0,1.0,49.0,,,,2.0,321.62,patrick mahomes,105.2,100.1,2026,2026-07-28
sleeper,Jordan Love,QB,3808.0,27.0,10.0,501.0,202.0,2.0,51.0,,,,3.0,320.52,jordan love,160.3,124.8,2026,2026-07-28
sleeper,Baker Mayfield,QB,3682.0,26.0,13.0,526.0,306.0,2.0,63.0,,,,4.0,311.88,baker mayfield,151.1,140.9,2026,2026-07-28
sleeper,Puka Nacua,WR,,,,,55.0,,10.0,107.0,1400.0,10.0,1.0,310.5,puka nacua,3.7,4.9,2026,2026-07-28
sleeper,Ja'Marr Chase,WR,,,,,16.0,,3.0,109.0,1345.0,11.0,1.0,309.1,ja marr chase,4.6,3.4,2026,2026-07-28
sleeper,Jahmyr Gibbs,RB,,,,,1191.0,10.0,243.0,60.0,508.0,3.0,1.0,305.90000000000003,jahmyr gibbs,1.7,2.9,2026,2026-07-28
sleeper,Sam Darnold,QB,3676.0,26.0,12.0,478.0,157.0,2.0,44.0,,,,3.0,300.73999999999995,sam darnold,164.5,165.3,2026,2026-07-28
sleeper,Kyler Murray,QB,3285.0,20.0,9.0,465.0,488.0,3.0,83.0,,,,3.0,294.2,kyler murray,150.4,142.2,2026,2026-07-28
sleeper,Christian McCaffrey,RB,,,,,984.0,7.0,240.0,70.0,606.0,4.0,2.0,291.0,christian mccaffrey,6.0,6.7,2026,2026-07-28
sleeper,Tyler Shough,QB,3525.0,21.0,12.0,518.0,330.0,3.0,81.0,,,,3.0,288.0,tyler shough,154.1,144.4,2026,2026-07-28
sleeper,Jaxon Smith-Njigba,WR,,,,,33.0,,6.0,99.0,1343.0,8.0,1.0,282.6,jaxon smith njigba,6.0,5.4,2026,2026-07-28
sleeper,Amon-Ra St. Brown,WR,,,,,16.0,,3.0,106.0,1249.0,8.0,1.0,278.5,amon ra st brown,8.1,11.2,2026,2026-07-28
sleeper,Malik Willis,QB,2712.0,16.0,9.0,399.0,633.0,5.0,110.0,,,,2.0,275.78000000000003,malik willis,166.7,137.8,2026,2026-07-28
sleeper,Jonathan Taylor,RB,,,,,1385.0,11.0,287.0,36.0,278.0,1.0,2.0,270.3,jonathan taylor,8.2,7.7,2026,2026-07-28
sleeper,CeeDee Lamb,WR,,,,,16.0,,3.0,96.0,1249.0,8.0,1.0,268.5,ceedee lamb,10.6,10.6,2026,2026-07-28
sleeper,C.J. Stroud,QB,3405.0,20.0,12.0,481.0,220.0,2.0,54.0,,,,3.0,260.2,c j stroud,166.6,163.4,2026,2026-07-28
sleeper,Ashton Jeanty,RB,,,,,1152.0,8.0,281.0,50.0,383.0,2.0,2.0,259.5,ashton jeanty,16.7,15.4,2026,2026-07-28
sleeper,James Cook,RB,,,,,1270.0,11.0,264.0,31.0,268.0,2.0,2.0,258.8,james cook,14.1,9.7,2026,2026-07-28
sleeper,Daniel Jones,QB,3388.0,20.0,11.0,484.0,190.0,2.0,48.0,,,,3.0,258.52,daniel jones,163.8,195.1,2026,2026-07-28
sleeper,Chase Brown,RB,,,,,945.0,8.0,220.0,57.0,417.0,3.0,2.0,255.2,chase brown,26.7,22.2,2026,2026-07-28
sleeper,Geno Smith,QB,3372.0,22.0,14.0,489.0,156.0,1.0,45.0,,,,4.0,252.48000000000002,geno smith,170.3,,2026,2026-07-28
sleeper,Bryce Young,QB,3079.0,20.0,11.0,474.0,251.0,2.0,52.0,,,,3.0,252.26,bryce young,168.5,194.2,2026,2026-07-28
sleeper,Cam Ward,QB,3516.0,19.0,13.0,541.0,182.0,2.0,46.0,,,,4.0,250.84000000000003,cam ward,167.1,165.9,2026,2026-07-28
sleeper,Justin Jefferson,WR,,,,,6.0,,1.0,90.0,1178.0,7.0,,250.4,justin jefferson,12.0,12.4,2026,2026-07-28
sleeper,De'Von Achane,RB,,,,,1070.0,6.0,212.0,56.0,430.0,2.0,2.0,250.0,de von achane,12.8,16.2,2026,2026-07-28
sleeper,Drake London,WR,,,,,6.0,,1.0,90.0,1156.0,7.0,,248.2,drake london,19.6,14.1,2026,2026-07-28
sleeper,Nico Collins,WR,,,,,17.0,,3.0,80.0,1201.0,7.0,,243.8,nico collins,26.5,21.1,2026,2026-07-28
sleeper,George Pickens,WR,,,,,6.0,,1.0,80.0,1211.0,7.0,,243.7,george pickens,27.7,23.1,2026,2026-07-28
sleeper,Omarion Hampton,RB,,,,,1015.0,8.0,232.0,48.0,364.0,2.0,2.0,241.9,omarion hampton,20.6,18.8,2026,2026-07-28
sleeper,Derrick Henry,RB,,,,,1406.0,12.0,281.0,15.0,121.0,1.0,2.0,241.7,derrick henry,20.0,24.6,2026,2026-07-28
sleeper,Saquon Barkley,RB,,,,,1220.0,8.0,271.0,35.0,265.0,2.0,1.0,241.5,saquon barkley,16.6,19.5,2026,2026-07-28
sleeper,A.J. Brown,WR,,,,,6.0,,1.0,80.0,1189.0,7.0,,241.5,a j brown,26.6,30.8,2026,2026-07-28
sleeper,Jeremiyah Love,RB,,,,,1003.0,6.0,230.0,53.0,397.0,2.0,1.0,239.0,jeremiyah love,17.6,19.7,2026,2026-07-28
sleeper,Trey McBride,TE,,,,,,,,99.0,999.0,7.0,1.0,238.9,trey mcbride,19.1,18.7,2026,2026-07-28
sleeper,Fernando Mendoza,QB,2894.0,19.0,11.0,434.0,234.0,2.0,53.0,,,,3.0,237.16,fernando mendoza,166.0,169.5,2026,2026-07-28
sleeper,Brock Bowers,TE,,,,,16.0,,4.0,93.0,979.0,7.0,1.0,232.5,brock bowers,23.4,20.2,2026,2026-07-28
sleeper,Garrett Wilson,WR,,,,,16.0,,3.0,86.0,1075.0,6.0,,231.1,garrett wilson,35.3,40.9,2026,2026-07-28
sleeper,Kenneth Walker,RB,,,,,1081.0,8.0,242.0,37.0,272.0,2.0,1.0,230.3,kenneth walker,28.6,14.6,2026,2026-07-28
sleeper,Chris Olave,WR,,,,,6.0,,1.0,80.0,1072.0,7.0,,229.8,chris olave,34.9,26.4,2026,2026-07-28
sleeper,Rashee Rice,WR,,,,,30.0,,6.0,89.0,976.0,7.0,1.0,229.60000000000002,rashee rice,23.6,32.7,2026,2026-07-28
sleeper,Zay Flowers,WR,,,,,29.0,,5.0,81.0,1103.0,6.0,1.0,228.20000000000002,zay flowers,43.1,43.8,2026,2026-07-28
sleeper,Emeka Egbuka,WR,,,,,21.0,,3.0,75.0,1009.0,7.0,,220.0,emeka egbuka,42.1,45.8,2026,2026-07-28
sleeper,DeVonta Smith,WR,,,,,6.0,,1.0,78.0,1035.0,6.0,,218.1,devonta smith,37.6,44.9,2026,2026-07-28
sleeper,Malik Nabers,WR,,,,,15.0,,3.0,76.0,978.0,7.0,,217.3,malik nabers,41.8,19.2,2026,2026-07-28
sleeper,Terry McLaurin,WR,,,,,7.0,,1.0,75.0,1045.0,6.0,,216.2,terry mclaurin,58.4,56.6,2026,2026-07-28
sleeper,Breece Hall,RB,,,,,1006.0,6.0,224.0,38.0,320.0,2.0,2.0,214.60000000000002,breece hall,32.6,32.3,2026,2026-07-28
sleeper,Tetairoa McMillan,WR,,,,,6.0,,1.0,74.0,1033.0,6.0,,213.9,tetairoa mcmillan,40.6,37.3,2026,2026-07-28
sleeper,Tee Higgins,WR,,,,,6.0,,1.0,71.0,998.0,7.0,,213.4,tee higgins,54.4,35.5,2026,2026-07-28
sleeper,Ladd McConkey,WR,,,,,11.0,,2.0,77.0,962.0,6.0,,210.3,ladd mcconkey,56.4,41.9,2026,2026-07-28
sleeper,Kyren Williams,RB,,,,,981.0,8.0,228.0,32.0,219.0,2.0,2.0,208.00000000000003,kyren williams,39.7,32.2,2026,2026-07-28
sleeper,Javonte Williams,RB,,,,,1004.0,7.0,239.0,37.0,239.0,1.0,1.0,207.3,javonte williams,37.4,38.3,2026,2026-07-28
sleeper,Colston Loveland,TE,,,,,4.0,,1.0,80.0,905.0,6.0,,206.9,colston loveland,45.1,41.2,2026,2026-07-28
sleeper,Jameson Williams,WR,,,,,44.0,,8.0,60.0,998.0,7.0,,206.20000000000002,jameson williams,66.8,51.6,2026,2026-07-28
sleeper,Travis Etienne,RB,,,,,950.0,6.0,226.0,36.0,287.0,2.0,1.0,205.7,travis etienne,46.6,36.7,2026,2026-07-28
sleeper,Mike Evans,WR,,,,,,,,66.0,900.0,8.0,,204.0,mike evans,86.8,57.8,2026,2026-07-28
sleeper,Aaron Rodgers,QB,2700.0,18.0,7.0,403.0,60.0,,21.0,,,,2.0,204.0,aaron rodgers,169.5,,2026,2026-07-28
sleeper,Luther Burden,WR,,,,,61.0,,10.0,72.0,886.0,6.0,,202.7,luther burden,76.1,41.1,2026,2026-07-28
sleeper,Cam Skattebo,RB,,,,,902.0,6.0,216.0,42.0,305.0,1.0,1.0,202.7,cam skattebo,43.5,48.7,2026,2026-07-28
sleeper,Josh Jacobs,RB,,,,,918.0,8.0,217.0,33.0,258.0,1.0,2.0,200.60000000000002,josh jacobs,26.2,27.6,2026,2026-07-28
sleeper,D'Andre Swift,RB,,,,,904.0,7.0,201.0,36.0,276.0,1.0,1.0,200.0,d andre swift,70.6,65.1,2026,2026-07-28
sleeper,Jaylen Waddle,WR,,,,,16.0,,3.0,70.0,911.0,6.0,,198.7,jaylen waddle,59.7,46.2,2026,2026-07-28
sleeper,Bucky Irving,RB,,,,,902.0,6.0,211.0,36.0,271.0,2.0,2.0,197.29999999999998,bucky irving,55.3,31.6,2026,2026-07-28
sleeper,Quinshon Judkins,RB,,,,,1019.0,6.0,244.0,32.0,228.0,1.0,1.0,196.70000000000002,quinshon judkins,54.1,55.0,2026,2026-07-28
sleeper,David Montgomery,RB,,,,,948.0,7.0,227.0,32.0,236.0,1.0,1.0,196.4,david montgomery,72.6,56.3,2026,2026-07-28
sleeper,Brian Thomas,WR,,,,,17.0,,3.0,62.0,897.0,7.0,,195.4,brian thomas,101.0,69.6,2026,2026-07-28
sleeper,Tyler Warren,TE,,,,,18.0,,5.0,80.0,829.0,5.0,,194.7,tyler warren,46.8,50.1,2026,2026-07-28
sleeper,Sam LaPorta,TE,,,,,3.0,,1.0,74.0,817.0,6.0,,192.0,sam laporta,71.1,76.4,2026,2026-07-28
sleeper,Carnell Tate,WR,,,,,11.0,,2.0,71.0,882.0,5.0,,190.3,carnell tate,66.0,62.9,2026,2026-07-28
sleeper,Parker Washington,WR,,,,,53.0,,9.0,65.0,824.0,6.0,,188.7,parker washington,102.1,89.1,2026,2026-07-28
sleeper,Christian Watson,WR,,,,,13.0,,2.0,57.0,941.0,6.0,,188.4,christian watson,96.8,68.4,2026,2026-07-28
sleeper,Rome Odunze,WR,,,,,6.0,,1.0,62.0,891.0,6.0,,187.70000000000002,rome odunze,72.1,64.2,2026,2026-07-28
sleeper,Davante Adams,WR,,,,,,,,61.0,772.0,8.0,,186.2,davante adams,45.8,46.9,2026,2026-07-28
sleeper,Alec Pierce,WR,,,,,7.0,,1.0,57.0,918.0,6.0,,185.5,alec pierce,92.2,83.6,2026,2026-07-28
sleeper,DK Metcalf,WR,,,,,10.0,,2.0,62.0,843.0,6.0,,183.3,dk metcalf,86.2,74.4,2026,2026-07-28
sleeper,Jacoby Brissett,QB,2400.0,15.0,7.0,355.0,110.0,1.0,35.0,,,,3.0,183.0,jacoby brissett,170.2,200.9,2026,2026-07-28
sleeper,Harold Fannin,TE,,,,,25.0,,6.0,74.0,739.0,5.0,,180.4,harold fannin,75.3,62.6,2026,2026-07-28
sleeper,TreVeyon Henderson,RB,,,,,785.0,6.0,179.0,35.0,260.0,1.0,1.0,179.5,treveyon henderson,64.9,47.8,2026,2026-07-28
sleeper,DJ Moore,WR,,,,,29.0,,5.0,63.0,851.0,5.0,1.0,179.0,dj moore,69.9,59.3,2026,2026-07-28
sleeper,Jordyn Tyson,WR,,,,,10.0,,2.0,66.0,816.0,5.0,,178.60000000000002,jordyn tyson,95.5,69.0,2026,2026-07-28
sleeper,Marvin Harrison,WR,,,,,,,,60.0,857.0,5.0,,175.7,marvin harrison,83.0,75.8,2026,2026-07-28
sleeper,Bhayshul Tuten,RB,,,,,794.0,6.0,184.0,32.0,234.0,1.0,1.0,174.8,bhayshul tuten,76.2,60.4,2026,2026-07-28
sleeper,Chris Godwin,WR,,,,,6.0,,1.0,68.0,750.0,5.0,,173.6,chris godwin,131.2,92.6,2026,2026-07-28
sleeper,Tucker Kraft,TE,,,,,,,,67.0,761.0,5.0,,173.10000000000002,tucker kraft,108.5,67.3,2026,2026-07-28
sleeper,Kyle Pitts,TE,,,,,,,,66.0,756.0,5.0,,171.60000000000002,kyle pitts,66.3,71.3,2026,2026-07-28
sleeper,Jaylen Warren,RB,,,,,759.0,5.0,172.0,36.0,267.0,1.0,2.0,170.60000000000002,jaylen warren,98.9,74.8,2026,2026-07-28
sleeper,Stefon Diggs,WR,,,,,6.0,,1.0,65.0,746.0,5.0,,170.2,stefon diggs,,125.9,2026,2026-07-28
sleeper,Jadarian Price,RB,,,,,912.0,7.0,212.0,19.0,138.0,1.0,1.0,170.0,jadarian price,72.7,80.3,2026,2026-07-28
sleeper,George Kittle,TE,,,,,,,,62.0,713.0,6.0,,169.3,george kittle,82.9,97.4,2026,2026-07-28
sleeper,Jakobi Meyers,WR,,,,,21.0,,4.0,64.0,732.0,5.0,,169.3,jakobi meyers,108.7,87.6,2026,2026-07-28
sleeper,Makai Lemon,WR,,,,,10.0,,2.0,60.0,775.0,5.0,,168.5,makai lemon,107.3,76.6,2026,2026-07-28
sleeper,Jordan Addison,WR,,,,,22.0,,4.0,58.0,782.0,5.0,,168.4,jordan addison,123.0,100.7,2026,2026-07-28
sleeper,Ricky Pearsall,WR,,,,,18.0,,3.0,57.0,794.0,5.0,,168.2,ricky pearsall,119.9,99.8,2026,2026-07-28
sleeper,Chuba Hubbard,RB,,,,,840.0,5.0,198.0,30.0,201.0,1.0,1.0,168.1,chuba hubbard,100.8,74.9,2026,2026-07-28
sleeper,Courtland Sutton,WR,,,,,,,,56.0,755.0,6.0,,167.5,courtland sutton,86.5,77.9,2026,2026-07-28
sleeper,Michael Pittman,WR,,,,,7.0,,1.0,68.0,748.0,4.0,,167.5,michael pittman,89.0,102.9,2026,2026-07-28
sleeper,Romeo Doubs,WR,,,,,,,,57.0,742.0,6.0,,167.2,romeo doubs,145.7,115.3,2026,2026-07-28
sleeper,Khalil Shakir,WR,,,,,10.0,,2.0,69.0,725.0,4.0,,166.5,khalil shakir,133.9,133.8,2026,2026-07-28
sleeper,Rhamondre Stevenson,RB,,,,,759.0,6.0,177.0,29.0,214.0,1.0,1.0,166.3,rhamondre stevenson,109.2,82.7,2026,2026-07-28
sleeper,Michael Wilson,WR,,,,,6.0,,1.0,59.0,764.0,5.0,,166.0,michael wilson,114.8,80.2,2026,2026-07-28
sleeper,Jayden Reed,WR,,,,,68.0,,12.0,58.0,730.0,5.0,1.0,165.8,jayden reed,138.3,116.0,2026,2026-07-28
sleeper,Josh Downs,WR,,,,,12.0,,2.0,67.0,734.0,4.0,,165.60000000000002,josh downs,135.0,125.1,2026,2026-07-28
sleeper,Travis Kelce,TE,,,,,,,,67.0,680.0,5.0,,165.0,travis kelce,98.3,107.1,2026,2026-07-28
sleeper,Quentin Johnston,WR,,,,,11.0,,2.0,58.0,748.0,5.0,,163.9,quentin johnston,142.6,102.6,2026,2026-07-28
sleeper,Jayden Higgins,WR,,,,,6.0,,1.0,57.0,761.0,5.0,,163.70000000000002,jayden higgins,158.9,131.1,2026,2026-07-28
sleeper,Jalen Coker,WR,,,,,6.0,,1.0,59.0,738.0,5.0,,163.4,jalen coker,160.6,136.3,2026,2026-07-28
sleeper,Xavier Worthy,WR,,,,,90.0,1.0,17.0,55.0,695.0,4.0,1.0,161.5,xavier worthy,137.1,134.9,2026,2026-07-28
sleeper,J.K. Dobbins,RB,,,,,732.0,6.0,171.0,26.0,190.0,1.0,,160.2,j k dobbins,116.5,92.5,2026,2026-07-28
sleeper,Tony Pollard,RB,,,,,794.0,5.0,189.0,28.0,187.0,1.0,1.0,160.1,tony pollard,87.8,85.6,2026,2026-07-28
sleeper,Wan'Dale Robinson,WR,,,,,15.0,,3.0,66.0,685.0,4.0,,160.0,wan dale robinson,112.3,103.0,2026,2026-07-28
sleeper,Jake Ferguson,TE,,,,,,,,70.0,618.0,5.0,1.0,159.8,jake ferguson,108.8,104.0,2026,2026-07-28
sleeper,Matthew Golden,WR,,,,,57.0,,9.0,53.0,701.0,5.0,,158.8,matthew golden,107.4,134.1,2026,2026-07-28
sleeper,Dalton Kincaid,TE,,,,,,,,63.0,701.0,4.0,,157.10000000000002,dalton kincaid,140.4,97.1,2026,2026-07-28
sleeper,KC Concepcion,WR,,,,,54.0,,9.0,58.0,710.0,4.0,1.0,156.4,kc concepcion,139.7,143.2,2026,2026-07-28
sleeper,Mark Andrews,TE,,,,,11.0,,6.0,57.0,622.0,6.0,,156.3,mark andrews,125.0,110.7,2026,2026-07-28
sleeper,Brenton Strange,TE,,,,,,,,60.0,648.0,5.0,,154.8,brenton strange,166.6,128.8,2026,2026-07-28
sleeper,Kyle Monangai,RB,,,,,751.0,6.0,166.0,23.0,165.0,1.0,1.0,154.60000000000002,kyle monangai,121.2,89.5,2026,2026-07-28
sleeper,Rico Dowdle,RB,,,,,646.0,4.0,151.0,36.0,260.0,1.0,1.0,154.60000000000002,rico dowdle,104.8,88.1,2026,2026-07-28
sleeper,Jordan Mason,RB,,,,,797.0,6.0,190.0,20.0,140.0,1.0,1.0,153.7,jordan mason,147.4,130.5,2026,2026-07-28
sleeper,Kenny Gainwell,RB,,,,,418.0,3.0,99.0,47.0,355.0,2.0,1.0,152.3,kenneth gainwell,118.1,106.9,2026,2026-07-28
sleeper,Isaiah Likely,TE,,,,,,,,59.0,622.0,5.0,,151.2,isaiah likely,127.3,117.3,2026,2026-07-28
sleeper,Oronde Gadsden,TE,,,,,,,,57.0,636.0,5.0,,150.6,oronde gadsden,168.2,94.7,2026,2026-07-28
sleeper,Aaron Jones,RB,,,,,625.0,3.0,146.0,38.0,276.0,1.0,1.0,150.1,aaron jones,113.3,108.8,2026,2026-07-28
sleeper,Tua Tagovailoa,QB,2141.0,14.0,8.0,308.0,43.0,,20.0,,,,4.0,149.94,tua tagovailoa,170.7,236.5,2026,2026-07-28
sleeper,Hunter Henry,TE,,,,,,,,55.0,624.0,5.0,,147.4,hunter henry,146.7,106.2,2026,2026-07-28
sleeper,RJ Harvey,RB,,,,,515.0,3.0,124.0,37.0,276.0,2.0,1.0,144.1,rj harvey,120.9,68.4,2026,2026-07-28
sleeper,Chig Okonkwo,TE,,,,,,,,61.0,591.0,4.0,,144.1,chig okonkwo,168.6,146.2,2026,2026-07-28
sleeper,AJ Barner,TE,,,,,14.0,1.0,10.0,58.0,530.0,4.0,,142.4,aj barner,169.2,150.1,2026,2026-07-28
sleeper,Dallas Goedert,TE,,,,,,,,53.0,590.0,5.0,,142.0,dallas goedert,101.7,109.1,2026,2026-07-28
sleeper,Jalen Nailor,WR,,,,,21.0,,3.0,50.0,650.0,4.0,,141.1,jalen nailor,169.7,166.5,2026,2026-07-28
sleeper,Kenyon Sadiq,TE,,,,,9.0,,2.0,55.0,570.0,4.0,,136.9,kenyon sadiq,138.0,118.2,2026,2026-07-28
sleeper,Juwan Johnson,TE,,,,,,,,54.0,586.0,4.0,,136.6,juwan johnson,164.4,135.3,2026,2026-07-28
sleeper,Blake Corum,RB,,,,,757.0,6.0,172.0,15.0,106.0,,1.0,135.3,blake corum,133.3,98.3,2026,2026-07-28
sleeper,Denzel Boston,WR,,,,,13.0,,2.0,50.0,597.0,4.0,,135.0,denzel boston,167.6,147.5,2026,2026-07-28
sleeper,Dalton Schultz,TE,,,,,,,,55.0,545.0,4.0,,133.5,dalton schultz,168.1,137.0,2026,2026-07-28
sleeper,Rashid Shaheed,WR,,,,,44.0,,8.0,43.0,633.0,4.0,1.0,132.7,rashid shaheed,157.9,152.2,2026,2026-07-28
sleeper,Jalen McMillan,WR,,,,,35.0,,6.0,46.0,591.0,4.0,,132.6,jalen mcmillan,165.9,163.7,2026,2026-07-28
sleeper,Chris Rodriguez,RB,,,,,728.0,6.0,171.0,15.0,107.0,,1.0,132.5,chris rodriguez,167.9,141.6,2026,2026-07-28
sleeper,T.J. Hockenson,TE,,,,,,,,57.0,565.0,3.0,,131.5,t j hockenson,136.5,141.2,2026,2026-07-28
sleeper,Brandon Aiyuk,WR,,,,,7.0,,1.0,45.0,591.0,4.0,,128.8,brandon aiyuk,,190.2,2026,2026-07-28
sleeper,Pat Freiermuth,TE,,,,,,,,51.0,534.0,4.0,,128.4,pat freiermuth,168.9,,2026,2026-07-28
sleeper,Cade Otton,TE,,,,,,,,56.0,540.0,3.0,,128.0,cade otton,170.4,162.7,2026,2026-07-28
sleeper,Jacory Croskey-Merritt,RB,,,,,614.0,5.0,141.0,19.0,135.0,1.0,1.0,127.9,jacory croskey merritt,138.6,114.9,2026,2026-07-28
sleeper,Omar Cooper,WR,,,,,14.0,,3.0,45.0,567.0,4.0,,127.1,omar cooper,166.9,149.3,2026,2026-07-28
sleeper,Deebo Samuel,WR,,,,,67.0,1.0,13.0,42.0,472.0,4.0,1.0,123.9,deebo samuel,,164.3,2026,2026-07-28
sleeper,Rachaad White,RB,,,,,446.0,3.0,109.0,32.0,241.0,1.0,1.0,122.69999999999999,rachaad white,118.6,127.2,2026,2026-07-28
sleeper,Michael Penix,QB,1567.0,10.0,5.0,221.0,67.0,1.0,20.0,,,,2.0,121.38000000000001,michael penix,170.0,227.9,2026,2026-07-28
sleeper,Ryan Flournoy,WR,,,,,13.0,,2.0,47.0,549.0,3.0,,121.2,ryan flournoy,170.3,227.6,2026,2026-07-28
sleeper,Jauan Jennings,WR,,,,,,,,43.0,541.0,4.0,,121.1,jauan jennings,169.3,146.3,2026,2026-07-28
sleeper,Gunnar Helm,TE,,,,,,,,52.0,503.0,3.0,,120.30000000000001,gunnar helm,169.8,200.8,2026,2026-07-28
sleeper,Jerry Jeudy,WR,,,,,5.0,,1.0,43.0,581.0,3.0,,119.6,jerry jeudy,163.8,173.5,2026,2026-07-28
sleeper,Tyjae Spears,RB,,,,,388.0,2.0,92.0,35.0,248.0,1.0,1.0,114.60000000000001,tyjae spears,162.6,151.9,2026,2026-07-28
sleeper,De'Zhaun Stribling,WR,,,,,,,,42.0,541.0,3.0,,114.1,de zhaun stribling,170.5,202.4,2026,2026-07-28
sleeper,Tre' Harris,WR,,,,,6.0,,1.0,39.0,493.0,4.0,,112.9,tre harris,170.5,194.5,2026,2026-07-28
sleeper,Deshaun Watson,QB,1374.0,8.0,6.0,215.0,131.0,2.0,30.0,,,,2.0,112.06,deshaun watson,170.1,,2026,2026-07-28
sleeper,Tre Tucker,WR,,,,,32.0,,6.0,40.0,506.0,3.0,,111.80000000000001,tre tucker,168.5,207.2,2026,2026-07-28
sleeper,Tyrone Tracy,RB,,,,,528.0,3.0,124.0,21.0,155.0,1.0,1.0,111.30000000000001,tyrone tracy,167.5,145.3,2026,2026-07-28
sleeper,Greg Dulcich,TE,,,,,,,,47.0,459.0,3.0,,110.9,greg dulcich,170.2,,2026,2026-07-28
sleeper,Shedeur Sanders,QB,1433.0,7.0,5.0,226.0,88.0,2.0,26.0,,,,2.0,106.11999999999999,shedeur sanders,169.4,225.8,2026,2026-07-28
sleeper,Isaac TeSlaa,WR,,,,,11.0,,2.0,33.0,473.0,4.0,,105.4,isaac teslaa,170.0,198.6,2026,2026-07-28
sleeper,Mike Gesicki,TE,,,,,,,,42.0,449.0,3.0,,104.9,mike gesicki,170.7,,2026,2026-07-28
sleeper,Malik Washington,WR,,,,,121.0,,22.0,37.0,396.0,2.0,,100.7,malik washington,170.2,,2026,2026-07-28
sleeper,Zachariah Branch,WR,,,,,,,,37.0,456.0,3.0,,100.6,zachariah branch,170.0,180.4,2026,2026-07-28
sleeper,Germie Bernard,WR,,,,,10.0,,2.0,36.0,439.0,3.0,,98.9,germie bernard,169.5,220.8,2026,2026-07-28
sleeper,Adonai Mitchell,WR,,,,,10.0,,1.0,35.0,443.0,3.0,,98.30000000000001,adonai mitchell,170.0,177.9,2026,2026-07-28
sleeper,Ted Hurst,WR,,,,,13.0,,2.0,36.0,426.0,3.0,,97.9,ted hurst,170.2,223.5,2026,2026-07-28
sleeper,Antonio Williams,WR,,,,,16.0,,2.0,35.0,424.0,3.0,,97.0,antonio williams,169.9,168.1,2026,2026-07-28
sleeper,Keaton Mitchell,RB,,,,,435.0,3.0,88.0,18.0,134.0,1.0,1.0,96.9,keaton mitchell,170.4,164.9,2026,2026-07-28
sleeper,Travis Hunter,WR,,,,,21.0,,4.0,35.0,415.0,3.0,,96.6,travis hunter,118.2,160.2,2026,2026-07-28
sleeper,Pat Bryant,WR,,,,,9.0,,2.0,35.0,425.0,3.0,,96.4,pat bryant,171.0,222.5,2026,2026-07-28
sleeper,Keenan Allen,WR,,,,,,,,38.0,390.0,3.0,,95.0,keenan allen,,233.2,2026,2026-07-28
sleeper,Kayshon Boutte,WR,,,,,,,,31.0,456.0,3.0,,94.6,kayshon boutte,170.6,178.7,2026,2026-07-28
sleeper,Tyreek Hill,WR,,,,,5.0,,1.0,33.0,422.0,3.0,,93.7,tyreek hill,,174.0,2026,2026-07-28
sleeper,Skyler Bell,WR,,,,,7.0,,1.0,32.0,415.0,3.0,,92.2,skyler bell,169.9,,2026,2026-07-28
sleeper,Tory Horton,WR,,,,,9.0,,1.0,31.0,421.0,3.0,,92.0,tory horton,170.7,228.7,2026,2026-07-28
sleeper,Andrei Iosivas,WR,,,,,10.0,,2.0,32.0,403.0,3.0,,91.30000000000001,andrei iosivas,170.1,,2026,2026-07-28
sleeper,Chris Bell,WR,,,,,4.0,,1.0,33.0,398.0,3.0,,91.2,chris bell,170.4,231.4,2026,2026-07-28
sleeper,Devaughn Vele,WR,,,,,8.0,,1.0,33.0,392.0,3.0,,91.0,devaughn vele,171.0,239.8,2026,2026-07-28
sleeper,Ja'Kobi Lane,WR,,,,,5.0,,1.0,32.0,396.0,3.0,,90.1,ja kobi lane,169.6,197.8,2026,2026-07-28
sleeper,Chimere Dike,WR,,,,,30.0,,6.0,38.0,384.0,2.0,1.0,89.4,chimere dike,170.9,229.4,2026,2026-07-28
sleeper,Jack Bech,WR,,,,,10.0,,1.0,35.0,412.0,2.0,,89.2,jack bech,171.0,238.2,2026,2026-07-28
sleeper,Elijah Sarratt,WR,,,,,5.0,,1.0,32.0,386.0,3.0,,89.1,elijah sarratt,170.1,229.2,2026,2026-07-28
sleeper,Darnell Washington,TE,,,,,,,,35.0,359.0,3.0,,88.9,darnell washington,169.8,,2026,2026-07-28
sleeper,Dylan Sampson,RB,,,,,321.0,2.0,78.0,23.0,176.0,1.0,1.0,88.69999999999999,dylan sampson,170.6,166.4,2026,2026-07-28
sleeper,Darius Slayton,WR,,,,,,,,28.0,406.0,3.0,,86.6,darius slayton,170.1,,2026,2026-07-28
sleeper,Cooper Kupp,WR,,,,,,,,32.0,364.0,3.0,,86.4,cooper kupp,168.9,235.2,2026,2026-07-28
sleeper,Darren Waller,TE,,,,,,,,32.0,356.0,3.0,,85.6,darren waller,,,2026,2026-07-28
sleeper,Troy Franklin,WR,,,,,17.0,,3.0,30.0,359.0,3.0,,85.6,troy franklin,170.7,184.7,2026,2026-07-28
sleeper,Chris Brazzell,WR,,,,,8.0,,2.0,28.0,380.0,3.0,,84.8,chris brazzell,170.2,230.8,2026,2026-07-28
sleeper,Rashod Bateman,WR,,,,,,,,28.0,381.0,3.0,,84.1,rashod bateman,170.6,232.7,2026,2026-07-28
sleeper,Woody Marks,RB,,,,,351.0,2.0,86.0,19.0,137.0,1.0,1.0,83.8,woody marks,147.8,141.2,2026,2026-07-28
sleeper,Colby Parkinson,TE,,,,,,,,33.0,327.0,3.0,,83.7,colby parkinson,170.8,200.2,2026,2026-07-28
sleeper,Jaylin Noel,WR,,,,,37.0,,7.0,31.0,362.0,2.0,,82.9,jaylin noel,170.8,213.7,2026,2026-07-28
sleeper,Malachi Fields,WR,,,,,5.0,,1.0,28.0,351.0,3.0,,81.6,malachi fields,169.9,242.4,2026,2026-07-28
sleeper,Eli Stowers,TE,,,,,5.0,,2.0,31.0,319.0,3.0,,81.4,eli stowers,170.2,173.9,2026,2026-07-28
sleeper,David Njoku,TE,,,,,,,,31.0,307.0,3.0,,79.7,david njoku,170.2,172.4,2026,2026-07-28
sleeper,Terrance Ferguson,TE,,,,,,,,28.0,314.0,3.0,,77.4,terrance ferguson,167.3,158.7,2026,2026-07-28
sleeper,Mason Taylor,TE,,,,,,,,33.0,323.0,2.0,,77.30000000000001,mason taylor,170.0,224.3,2026,2026-07-28
sleeper,Calvin Ridley,WR,,,,,6.0,,1.0,27.0,377.0,2.0,,77.30000000000001,calvin ridley,167.0,227.7,2026,2026-07-28
sleeper,Theo Johnson,TE,,,,,,,,31.0,340.0,2.0,,77.0,theo johnson,170.3,232.2,2026,2026-07-28
sleeper,Dawson Knox,TE,,,,,,,,28.0,304.0,3.0,,76.4,dawson knox,169.9,,2026,2026-07-28
sleeper,Olamide Zaccheaus,WR,,,,,12.0,,2.0,30.0,326.0,2.0,,75.8,olamide zaccheaus,170.0,,2026,2026-07-28
sleeper,Christian Kirk,WR,,,,,14.0,,2.0,29.0,328.0,2.0,,75.2,christian kirk,170.9,241.7,2026,2026-07-28
sleeper,Michael Mayer,TE,,,,,,,,31.0,316.0,2.0,,74.6,michael mayer,170.2,,2026,2026-07-28
sleeper,Elijah Arroyo,TE,,,,,,,,29.0,312.0,2.0,,72.2,elijah arroyo,170.1,,2026,2026-07-28
sleeper,Isaiah Bond,WR,,,,,22.0,,4.0,26.0,316.0,2.0,,71.8,isaiah bond,170.0,,2026,2026-07-28
sleeper,Tyler Allgeier,RB,,,,,421.0,3.0,100.0,8.0,57.0,,1.0,71.8,tyler allgeier,168.9,132.5,2026,2026-07-28
sleeper,KaVontae Turpin,WR,,,,,77.0,1.0,14.0,21.0,268.0,2.0,1.0,71.5,kavontae turpin,169.8,,2026,2026-07-28
sleeper,Kendrick Bourne,WR,,,,,,,,28.0,313.0,2.0,,71.3,kendrick bourne,170.0,,2026,2026-07-28
sleeper,Jake Tonges,TE,,,,,,,,30.0,288.0,2.0,,70.8,jake tonges,170.8,191.4,2026,2026-07-28
sleeper,Evan Engram,TE,,,,,,,,31.0,277.0,2.0,,70.7,evan engram,170.4,,2026,2026-07-28
sleeper,Dontayvion Wicks,WR,,,,,8.0,,1.0,26.0,316.0,2.0,,70.4,dontayvion wicks,170.4,,2026,2026-07-28
sleeper,Marvin Mims,WR,,,,,36.0,,6.0,27.0,293.0,2.0,1.0,69.9,marvin mims,170.0,219.5,2026,2026-07-28
sleeper,Brian Robinson,RB,,,,,358.0,2.0,87.0,13.0,91.0,,,69.9,brian robinson,168.8,123.8,2026,2026-07-28
sleeper,Tank Dell,WR,,,,,17.0,,3.0,24.0,317.0,2.0,,69.4,tank dell,170.2,206.7,2026,2026-07-28
sleeper,Cole Kmet,TE,,,,,,,,28.0,281.0,2.0,,68.1,cole kmet,169.8,,2026,2026-07-28
sleeper,Theo Wease,WR,,,,,,,,25.0,306.0,2.0,,67.6,theo wease,170.0,,2026,2026-07-28
sleeper,Marquise Brown,WR,,,,,,,,25.0,305.0,2.0,,67.5,marquise brown,170.0,,2026,2026-07-28
sleeper,Zach Charbonnet,RB,,,,,264.0,3.0,65.0,11.0,78.0,1.0,1.0,67.2,zach charbonnet,151.1,125.8,2026,2026-07-28
sleeper,Emmett Johnson,RB,,,,,286.0,2.0,67.0,12.0,86.0,1.0,1.0,65.2,emmett johnson,169.9,149.7,2026,2026-07-28
sleeper,Jaylin Lane,WR,,,,,23.0,,4.0,23.0,272.0,2.0,,64.5,jaylin lane,170.0,,2026,2026-07-28
sleeper,Jahan Dotson,WR,,,,,14.0,,2.0,23.0,275.0,2.0,,63.9,jahan dotson,170.2,,2026,2026-07-28
sleeper,Nicholas Singleton,RB,,,,,270.0,2.0,65.0,12.0,87.0,1.0,1.0,63.7,nicholas singleton,170.1,176.4,2026,2026-07-28
sleeper,Tyquan Thornton,WR,,,,,,,,20.0,306.0,2.0,,62.6,tyquan thornton,170.0,,2026,2026-07-28
sleeper,Mike Washington,RB,,,,,281.0,2.0,66.0,9.0,69.0,1.0,,62.0,mike washington,170.3,179.1,2026,2026-07-28
sleeper,Jonnu Smith,TE,,,,,16.0,,4.0,25.0,231.0,2.0,,61.7,jonnu smith,,,2026,2026-07-28
sleeper,Will Kacmarek,TE,,,,,,,,25.0,246.0,2.0,,61.6,will kacmarek,170.0,,2026,2026-07-28
sleeper,Chris Brooks,RB,,,,,225.0,2.0,56.0,16.0,111.0,,,61.6,chris brooks,170.2,,2026,2026-07-28
sleeper,Carson Beck,QB,778.0,5.0,4.0,124.0,38.0,1.0,12.0,,,,1.0,60.92,carson beck,169.9,,2026,2026-07-28
sleeper,Mack Hollins,WR,,,,,6.0,,1.0,21.0,263.0,2.0,,59.900000000000006,mack hollins,169.9,,2026,2026-07-28
sleeper,James Conner,RB,,,,,232.0,2.0,56.0,12.0,86.0,1.0,1.0,59.800000000000004,james conner,169.7,152.2,2026,2026-07-28
sleeper,Jordan James,RB,,,,,287.0,2.0,68.0,11.0,80.0,,,59.7,jordan james,170.2,,2026,2026-07-28
sleeper,Josh Cameron,WR,,,,,22.0,,4.0,21.0,244.0,2.0,,59.6,josh cameron,170.0,,2026,2026-07-28
sleeper,Jonah Coleman,RB,,,,,276.0,2.0,65.0,9.0,68.0,1.0,1.0,59.400000000000006,jonah coleman,170.0,145.0,2026,2026-07-28
sleeper,DeMario Douglas,WR,,,,,23.0,,3.0,20.0,250.0,2.0,,59.3,demario douglas,169.9,,2026,2026-07-28
sleeper,Noah Gray,TE,,,,,,,,24.0,231.0,2.0,,59.1,noah gray,170.0,,2026,2026-07-28
sleeper,Darnell Mooney,WR,,,,,3.0,,1.0,19.0,273.0,2.0,,58.6,darnell mooney,170.2,221.1,2026,2026-07-28
sleeper,Ray Davis,RB,,,,,304.0,2.0,71.0,9.0,66.0,,,58.00000000000001,ray davis,170.7,208.6,2026,2026-07-28
sleeper,Justin Joly,TE,,,,,,,,23.0,230.0,2.0,,58.0,justin joly,170.0,,2026,2026-07-28
sleeper,Joe Royer,TE,,,,,,,,23.0,228.0,2.0,,57.8,joe royer,170.0,,2026,2026-07-28
sleeper,Samaje Perine,RB,,,,,251.0,2.0,60.0,12.0,85.0,,,57.6,samaje perine,170.6,,2026,2026-07-28
sleeper,Zavion Thomas,WR,,,,,,,,20.0,252.0,2.0,,57.2,zavion thomas,169.9,,2026,2026-07-28
sleeper,Tank Bigsby,RB,,,,,336.0,2.0,78.0,8.0,56.0,,1.0,57.2,tank bigsby,168.2,187.7,2026,2026-07-28
sleeper,Elic Ayomanor,WR,,,,,,,,20.0,247.0,2.0,,56.7,elic ayomanor,170.0,199.8,2026,2026-07-28
sleeper,Emanuel Wilson,RB,,,,,249.0,2.0,61.0,11.0,86.0,,,56.50000000000001,emanuel wilson,170.8,203.3,2026,2026-07-28
sleeper,LeQuint Allen,RB,,,,,135.0,1.0,33.0,18.0,127.0,1.0,,56.2,lequint allen,170.3,,2026,2026-07-28
sleeper,Max Klare,TE,,,,,,,,22.0,221.0,2.0,,56.1,max klare,170.1,248.8,2026,2026-07-28
sleeper,Ty Johnson,RB,,,,,137.0,1.0,32.0,17.0,131.0,1.0,,55.800000000000004,ty johnson,170.3,,2026,2026-07-28
sleeper,Justice Hill,RB,,,,,107.0,1.0,25.0,18.0,133.0,1.0,,54.0,justice hill,170.4,,2026,2026-07-28
sleeper,Braelon Allen,RB,,,,,245.0,2.0,60.0,10.0,73.0,,,53.8,braelon allen,169.5,174.1,2026,2026-07-28
sleeper,Isiah Pacheco,RB,,,,,263.0,2.0,67.0,10.0,73.0,,1.0,53.599999999999994,isiah pacheco,154.8,167.2,2026,2026-07-28
sleeper,Jack Endries,TE,,,,,,,,21.0,203.0,2.0,,53.3,jack endries,170.0,,2026,2026-07-28
sleeper,Najee Harris,RB,,,,,234.0,2.0,60.0,10.0,71.0,,,52.50000000000001,najee harris,,212.3,2026,2026-07-28
sleeper,Sean Tucker,RB,,,,,288.0,2.0,66.0,8.0,57.0,,1.0,52.5,sean tucker,170.2,192.8,2026,2026-07-28
sleeper,MarShawn Lloyd,RB,,,,,244.0,2.0,59.0,6.0,41.0,,,46.50000000000001,marshawn lloyd,170.3,,2026,2026-07-28
sleeper,Alvin Kamara,RB,,,,,172.0,1.0,42.0,11.0,82.0,1.0,1.0,46.400000000000006,alvin kamara,153.6,157.7,2026,2026-07-28
sleeper,Kirk Cousins,QB,639.0,5.0,3.0,98.0,6.0,,5.0,,,,2.0,46.160000000000004,kirk cousins,170.0,,2026,2026-07-28
sleeper,Kaytron Allen,RB,,,,,220.0,2.0,53.0,8.0,59.0,,1.0,45.9,kaytron allen,170.1,181.2,2026,2026-07-28
sleeper,Jaydon Blue,RB,,,,,210.0,2.0,50.0,7.0,49.0,,,44.9,jaydon blue,169.9,236.6,2026,2026-07-28
sleeper,Jaylen Wright,RB,,,,,223.0,2.0,53.0,6.0,38.0,,,44.099999999999994,jaylen wright,170.2,215.1,2026,2026-07-28
sleeper,Calvin Austin,WR,,,,,13.0,,2.0,16.0,201.0,1.0,,43.400000000000006,calvin austin,170.0,,2026,2026-07-28
sleeper,Kaelon Black,RB,,,,,200.0,2.0,49.0,6.0,43.0,,,42.3,kaelon black,170.1,,2026,2026-07-28
sleeper,Elijah Higgins,TE,,,,,,,,18.0,179.0,1.0,,41.900000000000006,elijah higgins,170.0,,2026,2026-07-28
sleeper,Konata Mumpfield,WR,,,,,,,,16.0,197.0,1.0,,41.7,konata mumpfield,170.0,,2026,2026-07-28
sleeper,Jalen Royals,WR,,,,,8.0,,1.0,16.0,179.0,1.0,,40.7,jalen royals,170.0,,2026,2026-07-28
sleeper,Isaiah Davis,RB,,,,,189.0,1.0,45.0,9.0,68.0,,,40.7,isaiah davis,170.1,,2026,2026-07-28
sleeper,Luke Musgrave,TE,,,,,,,,17.0,176.0,1.0,,40.6,luke musgrave,169.9,,2026,2026-07-28
sleeper,Daniel Bellinger,TE,,,,,,,,17.0,171.0,1.0,,40.1,daniel bellinger,170.0,,2026,2026-07-28
sleeper,Xavier Legette,WR,,,,,6.0,,1.0,15.0,180.0,1.0,,39.6,xavier legette,170.1,,2026,2026-07-28
sleeper,Oscar Delp,TE,,,,,,,,17.0,164.0,1.0,,39.400000000000006,oscar delp,170.0,,2026,2026-07-28
sleeper,CJ Daniels,WR,,,,,6.0,,1.0,15.0,177.0,1.0,,39.3,cj daniels,170.0,,2026,2026-07-28
sleeper,Jerome Ford,RB,,,,,124.0,1.0,30.0,12.0,88.0,,,39.2,jerome ford,170.0,,2026,2026-07-28
sleeper,Brenen Thompson,WR,,,,,,,,14.0,190.0,1.0,,39.0,brenen thompson,170.0,,2026,2026-07-28
sleeper,Keon Coleman,WR,,,,,6.0,,1.0,14.0,182.0,1.0,,38.8,keon coleman,170.1,234.8,2026,2026-07-28
sleeper,Rasheen Ali,RB,,,,,120.0,1.0,29.0,12.0,87.0,,,38.7,rasheen ali,170.0,,2026,2026-07-28
sleeper,Bryce Lance,WR,,,,,,,,15.0,177.0,1.0,,38.7,bryce lance,170.0,,2026,2026-07-28
sleeper,Anthony Richardson,QB,386.0,2.0,2.0,56.0,91.0,1.0,16.0,,,,,38.54,anthony richardson,170.0,,2026,2026-07-28
sleeper,Tez Johnson,WR,,,,,10.0,,2.0,14.0,174.0,1.0,,38.400000000000006,tez johnson,170.0,,2026,2026-07-28
sleeper,Charlie Kolar,TE,,,,,2.0,,1.0,16.0,162.0,1.0,,38.4,charlie kolar,170.0,,2026,2026-07-28
sleeper,Ja'Tavion Sanders,TE,,,,,,,,17.0,148.0,1.0,,37.8,ja tavion sanders,170.1,,2026,2026-07-28
sleeper,John Metchie,WR,,,,,6.0,,1.0,15.0,159.0,1.0,,37.5,john metchie,170.0,,2026,2026-07-28
sleeper,Cyrus Allen,WR,,,,,,,,14.0,172.0,1.0,,37.2,cyrus allen,170.0,,2026,2026-07-28
sleeper,Justin Fields,QB,363.0,2.0,2.0,55.0,102.0,1.0,18.0,,,,1.0,36.72,justin fields,169.9,,2026,2026-07-28
sleeper,Kimani Vidal,RB,,,,,155.0,1.0,38.0,9.0,62.0,,,36.7,kimani vidal,170.3,181.1,2026,2026-07-28
sleeper,Zach Ertz,TE,,,,,,,,16.0,147.0,1.0,,36.7,zach ertz,,,2026,2026-07-28
sleeper,Noah Fant,TE,,,,,,,,15.0,156.0,1.0,,36.6,noah fant,170.0,,2026,2026-07-28
sleeper,KeAndre Lambert-Smith,WR,,,,,6.0,,1.0,13.0,159.0,1.0,,35.5,keandre lambert smith,170.0,,2026,2026-07-28
sleeper,Treylon Burks,WR,,,,,16.0,,3.0,12.0,152.0,1.0,,34.8,treylon burks,170.0,,2026,2026-07-28
sleeper,Jalen Tolbert,WR,,,,,,,,13.0,152.0,1.0,,34.2,jalen tolbert,170.3,,2026,2026-07-28
sleeper,Michael Trigg,TE,,,,,,,,14.0,138.0,1.0,,33.8,michael trigg,,249.7,2026,2026-07-28
sleeper,Will Shipley,RB,,,,,105.0,1.0,25.0,10.0,73.0,,,33.8,will shipley,170.1,,2026,2026-07-28
sleeper,Tutu Atwell,WR,,,,,12.0,,2.0,11.0,155.0,1.0,,33.7,tutu atwell,170.0,,2026,2026-07-28
sleeper,Emari Demercado,RB,,,,,104.0,1.0,25.0,10.0,72.0,,,33.6,emari demercado,170.2,,2026,2026-07-28
sleeper,Sam Roush,TE,,,,,,,,14.0,135.0,1.0,,33.5,sam roush,170.0,,2026,2026-07-28
sleeper,Austin Hooper,TE,,,,,,,,14.0,132.0,1.0,,33.2,austin hooper,170.0,,2026,2026-07-28
sleeper,Van Jefferson,WR,,,,,,,,12.0,152.0,1.0,,33.2,van jefferson,170.0,,2026,2026-07-28
sleeper,Cade Stover,TE,,,,,2.0,,2.0,14.0,130.0,1.0,,33.2,cade stover,170.0,,2026,2026-07-28
sleeper,Austin Ekeler,RB,,,,,118.0,1.0,28.0,9.0,63.0,,,33.1,austin ekeler,,,2026,2026-07-28
sleeper,Eli Raridon,TE,,,,,,,,14.0,130.0,1.0,,33.0,eli raridon,169.9,,2026,2026-07-28
sleeper,Tyler Higbee,TE,,,,,,,,14.0,129.0,1.0,,32.9,tyler higbee,169.9,,2026,2026-07-28
sleeper,Tanner Koziol,TE,,,,,,,,14.0,128.0,1.0,,32.8,tanner koziol,170.0,,2026,2026-07-28
sleeper,Joe Flacco,QB,448.0,3.0,2.0,69.0,8.0,,4.0,,,,,32.72,joe flacco,170.0,,2026,2026-07-28
sleeper,Joshua Palmer,WR,,,,,,,,12.0,146.0,1.0,,32.6,joshua palmer,170.0,,2026,2026-07-28
sleeper,Caleb Douglas,WR,,,,,,,,12.0,145.0,1.0,,32.5,caleb douglas,170.2,,2026,2026-07-28
sleeper,Xavier Hutchinson,WR,,,,,,,,12.0,145.0,1.0,,32.5,xavier hutchinson,170.0,,2026,2026-07-28
sleeper,Kevin Coleman,WR,,,,,,,,12.0,144.0,1.0,,32.4,kevin coleman,170.0,,2026,2026-07-28
sleeper,Seth McGowan,RB,,,,,160.0,1.0,38.0,6.0,43.0,,,32.3,seth mcgowan,170.2,,2026,2026-07-28
sleeper,Taylen Green,QB,335.0,2.0,2.0,53.0,69.0,1.0,15.0,,,,1.0,32.3,taylen green,,,2026,2026-07-28
sleeper,Kaleb Johnson,RB,,,,,174.0,1.0,42.0,5.0,36.0,,,32.0,kaleb johnson,170.1,217.5,2026,2026-07-28
sleeper,Gardner Minshew,QB,394.0,3.0,2.0,60.0,22.0,,6.0,,,,,31.959999999999997,gardner minshew,169.9,,2026,2026-07-28
sleeper,Mitchell Evans,TE,,,,,,,,13.0,129.0,1.0,,31.9,mitchell evans,170.0,,2026,2026-07-28
sleeper,Devin Neal,RB,,,,,160.0,1.0,39.0,7.0,49.0,,1.0,31.9,devin neal,170.0,211.9,2026,2026-07-28
sleeper,Jackson Hawes,TE,,,,,,,,13.0,129.0,1.0,,31.9,jackson hawes,170.0,,2026,2026-07-28
sleeper,Matt Hibner,TE,,,,,,,,13.0,128.0,1.0,,31.8,matt hibner,,,2026,2026-07-28
sleeper,Tommy Tremble,TE,,,,,,,,13.0,128.0,1.0,,31.8,tommy tremble,170.0,,2026,2026-07-28
sleeper,John Bates,TE,,,,,,,,13.0,128.0,1.0,,31.8,john bates,170.0,,2026,2026-07-28
sleeper,Miles Kitselman,TE,,,,,,,,13.0,126.0,1.0,,31.6,miles kitselman,,,2026,2026-07-28
sleeper,JuJu Smith-Schuster,WR,,,,,6.0,,1.0,12.0,130.0,1.0,,31.6,juju smith schuster,169.9,,2026,2026-07-28
sleeper,Lance Mason,TE,,,,,,,,13.0,126.0,1.0,,31.6,lance mason,,,2026,2026-07-28
sleeper,Jaren Kanak,TE,,,,,,,,13.0,126.0,1.0,,31.6,jaren kanak,,,2026,2026-07-28
sleeper,Drew Sample,TE,,,,,,,,13.0,126.0,1.0,,31.6,drew sample,170.0,,2026,2026-07-28
sleeper,Demarcus Robinson,WR,,,,,,,,11.0,145.0,1.0,,31.5,demarcus robinson,170.0,,2026,2026-07-28
sleeper,Luke Schoonmaker,TE,,,,,,,,13.0,124.0,1.0,,31.4,luke schoonmaker,169.9,,2026,2026-07-28
sleeper,Ben Sinnott,TE,,,,,,,,13.0,124.0,1.0,,31.4,ben sinnott,170.0,,2026,2026-07-28
sleeper,Josh Oliver,TE,,,,,,,,13.0,124.0,1.0,,31.4,josh oliver,170.0,,2026,2026-07-28
sleeper,Isaiah Williams,WR,,,,,18.0,,3.0,12.0,135.0,1.0,1.0,31.299999999999997,isaiah williams,170.0,,2026,2026-07-28
sleeper,Efton Chism,WR,,,,,6.0,,1.0,12.0,126.0,1.0,,31.200000000000003,efton chism,169.9,,2026,2026-07-28
sleeper,Kyle Williams,WR,,,,,4.0,,1.0,10.0,148.0,1.0,,31.200000000000003,kyle williams,169.9,222.1,2026,2026-07-28
sleeper,Derek Carr,QB,447.0,3.0,2.0,66.0,13.0,,4.0,,,,1.0,31.179999999999993,derek carr,,,2026,2026-07-28
sleeper,Trevor Etienne,RB,,,,,164.0,1.0,40.0,5.0,37.0,,,31.1,trevor etienne,170.1,,2026,2026-07-28
sleeper,Colbie Young,WR,,,,,,,,11.0,140.0,1.0,,31.0,colbie young,170.0,,2026,2026-07-28
sleeper,Kevin Austin,WR,,,,,5.0,,1.0,11.0,134.0,1.0,,30.9,kevin austin,,,2026,2026-07-28
sleeper,Mac Jones,QB,423.0,3.0,2.0,62.0,18.0,,5.0,,,,1.0,30.72,mac jones,170.0,,2026,2026-07-28
sleeper,J'Mari Taylor,RB,,,,,160.0,1.0,38.0,5.0,37.0,,,30.7,j mari taylor,,,2026,2026-07-28
sleeper,Aaron Anderson,WR,,,,,,,,11.0,132.0,1.0,,30.200000000000003,aaron anderson,,,2026,2026-07-28
sleeper,Adam Randall,RB,,,,,103.0,1.0,25.0,8.0,58.0,,,30.1,adam randall,170.2,,2026,2026-07-28
sleeper,Eric McAlister,WR,,,,,,,,11.0,131.0,1.0,,30.1,eric mcalister,,,2026,2026-07-28
sleeper,DJ Giddens,RB,,,,,137.0,1.0,33.0,6.0,43.0,,,30.000000000000004,dj giddens,170.2,,2026,2026-07-28
sleeper,Malik Davis,RB,,,,,155.0,1.0,38.0,5.0,34.0,,,29.9,malik davis,170.1,,2026,2026-07-28
sleeper,Demond Claiborne,RB,,,,,120.0,1.0,25.0,8.0,58.0,,1.0,29.8,demond claiborne,170.2,218.3,2026,2026-07-28
sleeper,Barion Brown,WR,,,,,,,,10.0,136.0,1.0,,29.6,barion brown,170.0,,2026,2026-07-28
sleeper,Marlin Klein,TE,,,,,,,,12.0,115.0,1.0,,29.5,marlin klein,170.0,,2026,2026-07-28
sleeper,Brevyn Spann-Ford,TE,,,,,,,,12.0,114.0,1.0,,29.4,brevyn spann ford,170.0,,2026,2026-07-28
sleeper,Eric Rivers,WR,,,,,,,,11.0,124.0,1.0,,29.4,eric rivers,,,2026,2026-07-28
sleeper,Dont'e Thornton,WR,,,,,,,,10.0,134.0,1.0,,29.4,dont e thornton,170.0,,2026,2026-07-28
sleeper,Tai Felton,WR,,,,,6.0,,1.0,10.0,126.0,1.0,,29.200000000000003,tai felton,170.0,,2026,2026-07-28
sleeper,Tyrell Shavers,WR,,,,,6.0,,1.0,10.0,126.0,1.0,,29.200000000000003,tyrell shavers,170.0,,2026,2026-07-28
sleeper,Brandin Cooks,WR,,,,,,,,10.0,128.0,1.0,,28.8,brandin cooks,,,2026,2026-07-28
sleeper,John Michael Gyllenborg,TE,,,,,,,,11.0,114.0,1.0,,28.4,john michael gyllenborg,,,2026,2026-07-28
sleeper,Tyler Lockett,WR,,,,,,,,11.0,113.0,1.0,,28.3,tyler lockett,,,2026,2026-07-28
sleeper,Odell Beckham,WR,,,,,,,,10.0,120.0,1.0,,28.0,odell beckham,169.3,,2026,2026-07-28
sleeper,Joe Mixon,RB,,,,,138.0,1.0,35.0,5.0,31.0,,,27.900000000000002,joe mixon,,204.6,2026,2026-07-28
sleeper,Nick Chubb,RB,,,,,138.0,1.0,35.0,5.0,31.0,,,27.900000000000002,nick chubb,,,2026,2026-07-28
sleeper,Josh Cuevas,TE,,,,,,,,11.0,108.0,1.0,,27.8,josh cuevas,170.0,,2026,2026-07-28
sleeper,Adam Trautman,TE,,,,,,,,11.0,108.0,1.0,,27.8,adam trautman,170.0,,2026,2026-07-28
sleeper,Kalif Raymond,WR,,,,,11.0,,2.0,9.0,116.0,1.0,,27.700000000000003,kalif raymond,169.9,,2026,2026-07-28
sleeper,Deion Burks,WR,,,,,2.0,,,10.0,114.0,1.0,,27.6,deion burks,,,2026,2026-07-28
sleeper,Jimmy Horn,WR,,,,,16.0,,3.0,9.0,108.0,1.0,,27.4,jimmy horn,170.0,,2026,2026-07-28
sleeper,Nate Boerkircher,TE,,,,,,,,11.0,104.0,1.0,,27.4,nate boerkircher,170.0,,2026,2026-07-28
sleeper,Brock Wright,TE,,,,,,,,11.0,103.0,1.0,,27.3,brock wright,169.9,,2026,2026-07-28
sleeper,Trey Benson,RB,,,,,120.0,1.0,30.0,3.0,22.0,1.0,1.0,27.2,trey benson,170.1,182.2,2026,2026-07-28
sleeper,Jawhar Jordan,RB,,,,,127.0,1.0,31.0,5.0,33.0,,,27.000000000000004,jawhar jordan,170.0,,2026,2026-07-28
sleeper,Will Dissly,TE,,,,,,,,11.0,100.0,1.0,,27.0,will dissly,,,2026,2026-07-28
sleeper,Marquez Valdes-Scantling,WR,,,,,6.0,,1.0,8.0,123.0,1.0,,26.9,marquez valdes scantling,,,2026,2026-07-28
sleeper,David Sills,WR,,,,,6.0,,1.0,9.0,113.0,1.0,,26.9,david sills,,,2026,2026-07-28
sleeper,Roman Wilson,WR,,,,,,,,9.0,118.0,1.0,,26.8,roman wilson,,,2026,2026-07-28
sleeper,Nick Westbrook-Ikhine,WR,,,,,,,,9.0,117.0,1.0,,26.700000000000003,nick westbrook ikhine,170.3,,2026,2026-07-28
sleeper,Jonathon Brooks,RB,,,,,131.0,1.0,32.0,4.0,32.0,,,26.3,jonathon brooks,130.8,138.0,2026,2026-07-28
sleeper,Jermaine Burton,WR,,,,,6.0,,1.0,8.0,114.0,1.0,,26.0,jermaine burton,,,2026,2026-07-28
sleeper,Cade Klubnik,QB,400.0,2.0,2.0,61.0,20.0,,5.0,,,,,26.0,cade klubnik,169.9,,2026,2026-07-28
sleeper,Jahdae Walker,WR,,,,,,,,9.0,109.0,1.0,,25.9,jahdae walker,169.9,,2026,2026-07-28
sleeper,Greg Dortch,WR,,,,,16.0,,3.0,10.0,101.0,1.0,1.0,25.700000000000003,greg dortch,170.0,,2026,2026-07-28
sleeper,Grant Calcaterra,TE,,,,,,,,10.0,96.0,1.0,,25.6,grant calcaterra,170.0,,2026,2026-07-28
sleeper,Desmond Reid,RB,,,,,122.0,1.0,29.0,4.0,31.0,,,25.300000000000004,desmond reid,,,2026,2026-07-28
sleeper,George Holani,RB,,,,,123.0,1.0,30.0,4.0,29.0,,,25.200000000000003,george holani,170.2,,2026,2026-07-28
sleeper,Will Howard,QB,410.0,2.0,2.0,64.0,21.0,,5.0,,,,1.0,24.5,will howard,169.9,,2026,2026-07-28
sleeper,Tahj Brooks,RB,,,,,132.0,1.0,33.0,3.0,22.0,,,24.400000000000002,tahj brooks,170.1,,2026,2026-07-28
sleeper,Kareem Hunt,RB,,,,,130.0,1.0,35.0,3.0,22.0,,,24.2,kareem hunt,,,2026,2026-07-28
sleeper,Xavier Smith,WR,,,,,16.0,,3.0,7.0,95.0,1.0,,24.1,xavier smith,170.0,,2026,2026-07-28
sleeper,Drew Allar,QB,398.0,2.0,2.0,62.0,21.0,,5.0,,,,1.0,24.020000000000003,drew allar,170.0,,2026,2026-07-28
sleeper,Lil'Jordan Humphrey,WR,,,,,,,,8.0,100.0,1.0,,24.0,lil jordan humphrey,,,2026,2026-07-28
sleeper,Jordan Whittington,WR,,,,,6.0,,1.0,8.0,87.0,1.0,,23.3,jordan whittington,169.9,,2026,2026-07-28
sleeper,Ollie Gordon,RB,,,,,120.0,1.0,30.0,3.0,22.0,,,23.2,ollie gordon,170.2,,2026,2026-07-28
sleeper,Audric Estime,RB,,,,,119.0,1.0,30.0,3.0,17.0,,,22.599999999999998,audric estime,170.0,237.4,2026,2026-07-28
sleeper,Noah Brown,WR,,,,,,,,7.0,88.0,1.0,,21.8,noah brown,,,2026,2026-07-28
sleeper,Dameon Pierce,RB,,,,,106.0,1.0,25.0,3.0,22.0,,,21.8,dameon pierce,170.0,,2026,2026-07-28
sleeper,Isaac Guerendo,RB,,,,,116.0,1.0,28.0,2.0,16.0,,,21.200000000000003,isaac guerendo,170.0,,2026,2026-07-28
sleeper,J.J. McCarthy,QB,213.0,1.0,1.0,32.0,21.0,1.0,5.0,,,,,20.619999999999997,j j mccarthy,169.8,224.2,2026,2026-07-28
sleeper,Jam Miller,RB,,,,,92.0,1.0,22.0,3.0,22.0,,,20.400000000000002,jam miller,170.0,,2026,2026-07-28
sleeper,Brashard Smith,RB,,,,,67.0,1.0,16.0,4.0,32.0,,,19.9,brashard smith,170.0,226.3,2026,2026-07-28
sleeper,Trey Lance,QB,183.0,1.0,1.0,29.0,43.0,,8.0,,,,,15.620000000000001,trey lance,170.0,,2026,2026-07-28
sleeper,Mo Alie-Cox,TE,,,,,,,,8.0,74.0,,,15.4,mo alie cox,170.0,,2026,2026-07-28
sleeper,Tip Reiman,TE,,,,,,,,8.0,74.0,,,15.4,tip reiman,170.0,,2026,2026-07-28
sleeper,Jalen Milroe,QB,164.0,1.0,1.0,26.0,43.0,,8.0,,,,,14.86,jalen milroe,170.0,,2026,2026-07-28
sleeper,Connor Heyward,TE,,,,,14.0,1.0,7.0,4.0,33.0,,,14.700000000000001,connor heyward,,,2026,2026-07-28
sleeper,Ty Simpson,QB,218.0,1.0,1.0,32.0,19.0,,5.0,,,,,14.620000000000001,ty simpson,169.9,241.8,2026,2026-07-28
sleeper,Marcus Mariota,QB,188.0,1.0,1.0,29.0,26.0,,4.0,,,,,14.12,marcus mariota,170.0,,2026,2026-07-28
sleeper,Tyrod Taylor,QB,205.0,1.0,1.0,32.0,17.0,,4.0,,,,,13.899999999999999,tyrod taylor,170.0,,2026,2026-07-28
sleeper,Jameis Winston,QB,214.0,1.0,1.0,32.0,13.0,,3.0,,,,,13.860000000000001,jameis winston,169.9,,2026,2026-07-28
sleeper,Will Levis,QB,205.0,1.0,1.0,32.0,15.0,,4.0,,,,,13.7,will levis,170.0,,2026,2026-07-28
sleeper,Tim Patrick,WR,,,,,,,,6.0,77.0,,,13.7,tim patrick,,,2026,2026-07-28
sleeper,Tyler Huntley,QB,182.0,1.0,1.0,28.0,24.0,,4.0,,,,,13.680000000000001,tyler huntley,169.9,,2026,2026-07-28
sleeper,Spencer Rattler,QB,202.0,1.0,1.0,32.0,16.0,,4.0,,,,,13.68,spencer rattler,169.9,,2026,2026-07-28
sleeper,Diego Pavia,QB,183.0,1.0,1.0,29.0,22.0,,4.0,,,,,13.52,diego pavia,,,2026,2026-07-28
sleeper,Tyson Bagent,QB,195.0,1.0,1.0,31.0,17.0,,4.0,,,,,13.5,tyson bagent,169.9,,2026,2026-07-28
sleeper,Carson Wentz,QB,221.0,1.0,1.0,32.0,6.0,,2.0,,,,,13.44,carson wentz,,,2026,2026-07-28
sleeper,Tanner McKee,QB,198.0,1.0,1.0,31.0,15.0,,4.0,,,,,13.42,tanner mckee,170.0,,2026,2026-07-28
sleeper,Clayton Tune,QB,195.0,1.0,1.0,31.0,16.0,,4.0,,,,,13.4,clayton tune,,,2026,2026-07-28
sleeper,Joe Milton,QB,195.0,1.0,1.0,31.0,16.0,,4.0,,,,,13.4,joe milton,170.0,,2026,2026-07-28
sleeper,Quinn Ewers,QB,195.0,1.0,1.0,31.0,16.0,,4.0,,,,,13.4,quinn ewers,169.9,,2026,2026-07-28
sleeper,Joshua Dobbs,QB,195.0,1.0,1.0,31.0,16.0,,4.0,,,,,13.4,joshua dobbs,,,2026,2026-07-28
sleeper,Tommy DeVito,QB,202.0,1.0,1.0,30.0,13.0,,4.0,,,,,13.38,tommy devito,169.9,,2026,2026-07-28
sleeper,Jimmy Garoppolo,QB,218.0,1.0,1.0,33.0,6.0,,2.0,,,,,13.32,jimmy garoppolo,,,2026,2026-07-28
sleeper,Jarrett Stidham,QB,198.0,1.0,1.0,31.0,13.0,,2.0,,,,,13.22,jarrett stidham,170.0,,2026,2026-07-28
sleeper,Savion Williams,WR,,,,,22.0,,4.0,5.0,59.0,,,13.100000000000001,savion williams,170.2,,2026,2026-07-28
sleeper,Davis Mills,QB,211.0,1.0,1.0,33.0,6.0,,2.0,,,,,13.04,davis mills,170.0,,2026,2026-07-28
sleeper,Nick Mullens,QB,211.0,1.0,1.0,33.0,6.0,,2.0,,,,,13.04,nick mullens,170.0,,2026,2026-07-28
sleeper,Kyle Allen,QB,195.0,1.0,1.0,31.0,12.0,,2.0,,,,,13.0,kyle allen,170.0,,2026,2026-07-28
sleeper,Mitchell Trubisky,QB,186.0,1.0,1.0,29.0,15.0,,4.0,,,,,12.940000000000001,mitchell trubisky,170.0,,2026,2026-07-28
sleeper,Dillon Gabriel,QB,189.0,1.0,1.0,30.0,13.0,,2.0,,,,,12.860000000000001,dillon gabriel,,,2026,2026-07-28
sleeper,Andy Dalton,QB,208.0,1.0,1.0,33.0,5.0,,2.0,,,,,12.82,andy dalton,170.0,,2026,2026-07-28
sleeper,Mason Rudolph,QB,202.0,1.0,1.0,32.0,6.0,,2.0,,,,,12.68,mason rudolph,170.0,,2026,2026-07-28
sleeper,Teddy Bridgewater,QB,202.0,1.0,1.0,32.0,5.0,,2.0,,,,,12.58,teddy bridgewater,169.9,,2026,2026-07-28
sleeper,Raheem Mostert,RB,,,,,42.0,,10.0,5.0,33.0,,,12.5,raheem mostert,,,2026,2026-07-28
sleeper,Josh Johnson,QB,176.0,1.0,1.0,28.0,13.0,,2.0,,,,,12.34,josh johnson,170.0,,2026,2026-07-28
sleeper,Devin Singletary,RB,,,,,41.0,,10.0,5.0,32.0,,,12.3,devin singletary,170.1,,2026,2026-07-28
sleeper,Devontez Walker,WR,,,,,6.0,,1.0,5.0,66.0,,,12.2,devontez walker,170.0,,2026,2026-07-28
sleeper,Ty Chandler,RB,,,,,21.0,,5.0,6.0,39.0,,,12.0,ty chandler,170.0,,2026,2026-07-28
sleeper,Jaydn Ott,RB,,,,,63.0,,15.0,3.0,19.0,,,11.200000000000001,jaydn ott,,,2026,2026-07-28
sleeper,Zavier Scott,RB,,,,,42.0,,10.0,4.0,29.0,,,11.1,zavier scott,170.0,,2026,2026-07-28
sleeper,Luke Farrell,TE,,,,,,,,5.0,51.0,,,10.100000000000001,luke farrell,170.0,,2026,2026-07-28
sleeper,Durham Smythe,TE,,,,,,,,5.0,49.0,,,9.9,durham smythe,170.0,,2026,2026-07-28
sleeper,Bo Melton,WR,,,,,6.0,,1.0,4.0,52.0,,,9.8,bo melton,170.0,,2026,2026-07-28
sleeper,Foster Moreau,TE,,,,,,,,5.0,48.0,,,9.8,foster moreau,170.0,,2026,2026-07-28
sleeper,Jamal Haynes,RB,,,,,63.0,,15.0,2.0,13.0,,,9.600000000000001,jamal haynes,,,2026,2026-07-28
sleeper,Riley Nowakowski,TE,,,,,,,,5.0,46.0,,,9.600000000000001,riley nowakowski,,,2026,2026-07-28
sleeper,Jarquez Hunter,RB,,,,,63.0,,15.0,2.0,13.0,,,9.600000000000001,jarquez hunter,170.0,240.6,2026,2026-07-28
sleeper,Taysom Hill,TE,,,,,20.0,,5.0,4.0,35.0,,,9.5,taysom hill,,,2026,2026-07-28
sleeper,Jeremy McNichols,RB,,,,,42.0,,10.0,3.0,22.0,,,9.4,jeremy mcnichols,,,2026,2026-07-28
sleeper,Elijah Mitchell,RB,,,,,59.0,,14.0,2.0,14.0,,,9.3,elijah mitchell,170.0,,2026,2026-07-28
sleeper,Luke McCaffrey,WR,,,,,,,,4.0,53.0,,,9.3,luke mccaffrey,169.9,,2026,2026-07-28
sleeper,Jeremy Ruckert,TE,,,,,,,,5.0,43.0,,,9.3,jeremy ruckert,170.0,,2026,2026-07-28
sleeper,Isaiah Hodgins,WR,,,,,,,,4.0,52.0,,,9.2,isaiah hodgins,,,2026,2026-07-28
sleeper,Cody White,WR,,,,,,,,4.0,45.0,,,8.5,cody white,,,2026,2026-07-28
sleeper,Tyler Badie,RB,,,,,16.0,,4.0,4.0,28.0,,,8.4,tyler badie,170.1,,2026,2026-07-28
sleeper,Dean Connors,RB,,,,,46.0,,11.0,2.0,18.0,,,8.4,dean connors,,,2026,2026-07-28
sleeper,Lucas Krull,TE,,,,,,,,4.0,41.0,,,8.100000000000001,lucas krull,170.0,,2026,2026-07-28
sleeper,Payne Durham,TE,,,,,,,,4.0,41.0,,,8.100000000000001,payne durham,170.0,,2026,2026-07-28
sleeper,Michael Carter,RB,,,,,29.0,,7.0,3.0,22.0,,,8.100000000000001,michael carter,,,2026,2026-07-28
sleeper,Quintin Morris,TE,,,,,,,,4.0,40.0,,,8.0,quintin morris,170.0,,2026,2026-07-28
sleeper,Seydou Traore,TE,,,,,,,,4.0,40.0,,,8.0,seydou traore,170.0,,2026,2026-07-28
sleeper,Charlie Woerner,TE,,,,,,,,4.0,40.0,,,8.0,charlie woerner,170.0,,2026,2026-07-28
sleeper,Pierre Strong,RB,,,,,41.0,,10.0,2.0,14.0,,,7.500000000000001,pierre strong,,,2026,2026-07-28
sleeper,Damien Martinez,RB,,,,,41.0,,10.0,2.0,14.0,,,7.500000000000001,damien martinez,,,2026,2026-07-28
sleeper,Dallin Holker,TE,,,,,,,,4.0,35.0,,,7.5,dallin holker,,,2026,2026-07-28
sleeper,Jack Stoll,TE,,,,,,,,4.0,35.0,,,7.5,jack stoll,170.0,,2026,2026-07-28
sleeper,Jaleel McLaughlin,RB,,,,,40.0,,10.0,2.0,15.0,,,7.5,jaleel mclaughlin,,,2026,2026-07-28
sleeper,Dare Ogunbowale,RB,,,,,8.0,,2.0,4.0,27.0,,,7.5,dare ogunbowale,,,2026,2026-07-28
sleeper,Tucker Fisk,TE,,,,,,,,4.0,35.0,,,7.5,tucker fisk,,,2026,2026-07-28
sleeper,Devin Culp,TE,,,,,,,,4.0,33.0,,,7.300000000000001,devin culp,170.0,,2026,2026-07-28
sleeper,Jack Velling,TE,,,,,,,,4.0,33.0,,,7.300000000000001,jack velling,,,2026,2026-07-28
sleeper,Dante Pettis,WR,,,,,6.0,,1.0,3.0,37.0,,,7.300000000000001,dante pettis,,,2026,2026-07-28
sleeper,Ronnie Rivers,RB,,,,,21.0,,5.0,3.0,20.0,,,7.1,ronnie rivers,,,2026,2026-07-28
sleeper,Arian Smith,WR,,,,,6.0,,1.0,3.0,35.0,,,7.1,arian smith,170.0,,2026,2026-07-28
sleeper,Xavier Weaver,WR,,,,,6.0,,1.0,3.0,35.0,,,7.1,xavier weaver,,,2026,2026-07-28
sleeper,Malachi Corley,WR,,,,,28.0,,5.0,2.0,20.0,,,6.800000000000001,malachi corley,170.0,,2026,2026-07-28
sleeper,Darius Cooper,WR,,,,,,,,3.0,37.0,,,6.7,darius cooper,170.0,,2026,2026-07-28
sleeper,Phil Mafah,RB,,,,5.0,32.0,,8.0,2.0,15.0,,,6.7,phil mafah,170.0,,2026,2026-07-28
sleeper,Reggie Virgil,WR,,,,,,,,3.0,36.0,,,6.6,reggie virgil,170.0,,2026,2026-07-28
sleeper,Dane Key,WR,,,,,,,,3.0,36.0,,,6.6,dane key,,,2026,2026-07-28
sleeper,Noah Thomas,WR,,,,,,,,3.0,36.0,,,6.6,noah thomas,,,2026,2026-07-28
sleeper,Trebor Pena,WR,,,,,,,,3.0,36.0,,,6.6,trebor pena,,,2026,2026-07-28
sleeper,Chase Roberts,WR,,,,,,,,3.0,36.0,,,6.6,chase roberts,,,2026,2026-07-28
sleeper,Cedric Tillman,WR,,,,,,,,3.0,36.0,,,6.6,cedric tillman,170.0,,2026,2026-07-28
sleeper,Josh Reynolds,WR,,,,,,,,3.0,35.0,,,6.5,josh reynolds,,,2026,2026-07-28
sleeper,Jalen Brooks,WR,,,,,,,,3.0,35.0,,,6.5,jalen brooks,170.0,,2026,2026-07-28
sleeper,Tyler Johnson,WR,,,,,,,,3.0,35.0,,,6.5,tyler johnson,,,2026,2026-07-28
sleeper,Allen Lazard,WR,,,,,,,,3.0,34.0,,,6.4,allen lazard,,,2026,2026-07-28
sleeper,Josh Whyle,TE,,,,,,,,3.0,32.0,,,6.2,josh whyle,170.0,,2026,2026-07-28
sleeper,Brevin Jordan,TE,,,,,,,,4.0,21.0,,,6.1,brevin jordan,,,2026,2026-07-28
sleeper,Davis Allen,TE,,,,,,,,3.0,29.0,,,5.9,davis allen,170.0,,2026,2026-07-28
sleeper,Tanner Hudson,TE,,,,,,,,3.0,28.0,,,5.800000000000001,tanner hudson,170.0,,2026,2026-07-28
sleeper,Eric Saubert,TE,,,,,,,,3.0,27.0,,,5.7,eric saubert,170.0,,2026,2026-07-28
sleeper,Nate Adkins,TE,,,,,,,,3.0,27.0,,,5.7,nate adkins,170.0,,2026,2026-07-28
sleeper,Stone Smartt,TE,,,,,,,,3.0,27.0,,,5.7,stone smartt,,,2026,2026-07-28
sleeper,Kendre Miller,RB,,,,,20.0,,5.0,2.0,16.0,,,5.6,kendre miller,170.0,224.8,2026,2026-07-28
sleeper,Julius Chestnut,RB,,,,,20.0,,5.0,2.0,16.0,,,5.6,julius chestnut,,,2026,2026-07-28
sleeper,Julian Hill,TE,,,,,,,,3.0,26.0,,,5.6,julian hill,170.0,,2026,2026-07-28
sleeper,Kalel Mullings,RB,,,,,20.0,,5.0,2.0,16.0,,,5.6,kalel mullings,,,2026,2026-07-28
sleeper,Drew Ogletree,TE,,,,,,,,3.0,24.0,,,5.4,drew ogletree,170.0,,2026,2026-07-28
sleeper,Curtis Samuel,WR,,,,,6.0,,1.0,2.0,27.0,,,5.300000000000001,curtis samuel,,,2026,2026-07-28
sleeper,Kenny McIntosh,RB,,,,,16.0,,4.0,2.0,16.0,,,5.2,kenny mcintosh,,,2026,2026-07-28
sleeper,Dylan Laube,RB,,,,,21.0,,5.0,2.0,10.0,,,5.1,dylan laube,170.0,,2026,2026-07-28
sleeper,Zamir White,RB,,,,,21.0,,5.0,2.0,10.0,,,5.1,zamir white,,,2026,2026-07-28
sleeper,Cam Akers,RB,,,,,16.0,,4.0,2.0,15.0,,,5.1,cam akers,,,2026,2026-07-28
sleeper,Dee Eskridge,WR,,,,,6.0,,1.0,2.0,23.0,,,4.9,dee eskridge,,,2026,2026-07-28
sleeper,Dyami Brown,WR,,,,,6.0,,1.0,2.0,23.0,,,4.9,dyami brown,170.2,,2026,2026-07-28
sleeper,Kameron Johnson,WR,,,,,,,,2.0,28.0,,,4.800000000000001,kameron johnson,170.0,,2026,2026-07-28
sleeper,Xavier Restrepo,WR,,,,,6.0,,1.0,2.0,22.0,,,4.800000000000001,xavier restrepo,,,2026,2026-07-28
sleeper,Ameer Abdullah,RB,,,,,13.0,,3.0,2.0,15.0,,,4.8,ameer abdullah,,,2026,2026-07-28
sleeper,Tyler Goodson,RB,,,,,13.0,,3.0,2.0,15.0,,,4.8,tyler goodson,,,2026,2026-07-28
sleeper,Raheim Sanders,RB,,,,,20.0,,5.0,2.0,7.0,,,4.7,raheim sanders,,,2026,2026-07-28
sleeper,Dareke Young,WR,,,,,,,,2.0,26.0,,,4.6,dareke young,170.0,,2026,2026-07-28
sleeper,Blake Whiteheart,TE,,,,,,,,2.0,24.0,,,4.4,blake whiteheart,170.0,,2026,2026-07-28
sleeper,Craig Reynolds,RB,,,,,8.0,,2.0,2.0,16.0,,,4.4,craig reynolds,,,2026,2026-07-28
sleeper,Jacardia Wright,RB,,,,,8.0,,2.0,2.0,15.0,,,4.3,jacardia wright,,,2026,2026-07-28
sleeper,Jake Bobo,WR,,,,,,,,2.0,22.0,,,4.2,jake bobo,,,2026,2026-07-28
sleeper,Tylan Wallace,WR,,,,,,,,2.0,22.0,,,4.2,tylan wallace,,,2026,2026-07-28
sleeper,Kaden Wetjen,WR,,,,,,,,2.0,22.0,,,4.2,kaden wetjen,170.0,,2026,2026-07-28
sleeper,Ricky White,WR,,,,,,,,2.0,22.0,,,4.2,ricky white,,,2026,2026-07-28
sleeper,Chris Moore,WR,,,,,,,,2.0,21.0,,,4.1,chris moore,,,2026,2026-07-28
sleeper,Ian Thomas,TE,,,,,,,,2.0,20.0,,,4.0,ian thomas,170.0,,2026,2026-07-28
sleeper,Cameron Latu,TE,,,,,,,,2.0,20.0,,,4.0,cameron latu,,,2026,2026-07-28
sleeper,Harrison Bryant,TE,,,,,,,,2.0,20.0,,,4.0,harrison bryant,,,2026,2026-07-28
sleeper,Ben Yurosek,TE,,,,,,,,2.0,20.0,,,4.0,ben yurosek,,,2026,2026-07-28
sleeper,Sione Vaki,RB,,,,,4.0,,1.0,2.0,16.0,,,4.0,sione vaki,,,2026,2026-07-28
sleeper,Kylen Granson,TE,,,,,,,,2.0,20.0,,,4.0,kylen granson,,,2026,2026-07-28
sleeper,Trent Sherfield,WR,,,,,,,,2.0,19.0,,,3.9000000000000004,trent sherfield,,,2026,2026-07-28
sleeper,Antonio Gibson,RB,,,,,4.0,,1.0,2.0,15.0,,,3.9,antonio gibson,,,2026,2026-07-28
sleeper,Max Bredeson,TE,,,,,3.0,,1.0,2.0,15.0,,,3.8,max bredeson,,,2026,2026-07-28
sleeper,Anthony Gould,WR,,,,,6.0,,1.0,1.0,16.0,,,3.2,anthony gould,170.0,,2026,2026-07-28
sleeper,Skyy Moore,WR,,,,,6.0,,1.0,1.0,14.0,,,3.0,skyy moore,170.0,,2026,2026-07-28
sleeper,Ashton Dulin,WR,,,,,6.0,,1.0,1.0,14.0,,,3.0,ashton dulin,170.0,,2026,2026-07-28
sleeper,DeAndre Hopkins,WR,,,,,,,,1.0,15.0,,,2.5,deandre hopkins,,,2026,2026-07-28
sleeper,Jordan Watkins,WR,,,,,,,,1.0,14.0,,,2.4000000000000004,jordan watkins,,,2026,2026-07-28
sleeper,Chris Manhertz,TE,,,,,,,,1.0,13.0,,,2.3,chris manhertz,170.0,,2026,2026-07-28
sleeper,Shane Zylstra,TE,,,,,,,,1.0,13.0,,,2.3,shane zylstra,,,2026,2026-07-28
sleeper,Ko Kieft,TE,,,,,,,,1.0,13.0,,,2.3,ko kieft,,,2026,2026-07-28
sleeper,Donovan Edwards,RB,,,,,21.0,,5.0,,,,,2.1,donovan edwards,170.0,,2026,2026-07-28
sleeper,Robert Tonyan,TE,,,,,,,,1.0,9.0,,,1.9,robert tonyan,,,2026,2026-07-28
sleeper,Feleipe Franks,TE,,,,,2.0,,1.0,1.0,7.0,,,1.9,feleipe franks,,,2026,2026-07-28
sleeper,Gage Larvadain,WR,,,,,,,,1.0,9.0,,,1.9,gage larvadain,170.0,,2026,2026-07-28
sleeper,DeAndre Carter,WR,,,,,11.0,,2.0,1.0,17.0,,1.0,1.8000000000000003,deandre carter,,,2026,2026-07-28
sleeper,David Moore,WR,,,,,,,,1.0,8.0,,,1.8,david moore,170.0,,2026,2026-07-28
sleeper,Tyler Conklin,TE,,,,,,,,1.0,7.0,,,1.7000000000000002,tyler conklin,170.0,,2026,2026-07-28
sleeper,Jacob Cowing,WR,,,,,,,,1.0,7.0,,,1.7000000000000002,jacob cowing,170.0,,2026,2026-07-28
sleeper,LaJohntay Wester,WR,,,,,6.0,,1.0,1.0,14.0,,1.0,1.0,lajohntay wester,170.0,,2026,2026-07-28
sleeper,Clyde Edwards-Helaire,RB,,,,,8.0,,2.0,,,,,0.8,clyde edwards helaire,,,2026,2026-07-28
sleeper,Ben Skowronek,WR,,,,,6.0,,1.0,,,,,0.6000000000000001,ben skowronek,170.0,,2026,2026-07-28
sleeper,Nikko Remigio,WR,,,,,6.0,,1.0,,,,,0.6000000000000001,nikko remigio,170.0,,2026,2026-07-28
sleeper,James Proche,WR,,,,,6.0,,1.0,,,,,0.6000000000000001,james proche,,,2026,2026-07-28
sleeper,Sterling Shepard,WR,,,,,6.0,,1.0,,,,,0.6000000000000001,sterling shepard,,,2026,2026-07-28
sleeper,Derius Davis,WR,,,,,11.0,,2.0,,,,1.0,-0.8999999999999999,derius davis,170.0,,2026,2026-07-28
sleeper,Devin Duvernay,WR,,,,,6.0,,1.0,,,,1.0,-1.4,devin duvernay,170.0,,2026,2026-07-28
