espn_id,full_name,position,pro_team_id,adp,adp_pct_change,pct_owned,pct_started,proj_total_espn_default,proj_rush_att,proj_rush_yds,proj_rush_td,proj_rec,proj_rec_yds,proj_rec_td,proj_pass_att,proj_pass_yds,proj_pass_td,proj_pass_int,proj_fg_made,proj_fg_att,proj_pat_made,nn
15755,Fozzy Whittaker,RB,0,,,,,,,,,,,,,,,,,,,fozzy whittaker
15758,Jeremy Kelley,WR,3,,,,,,,,,,,,,,,,,,,jeremy kelley
4242896,Curtis Hodges,TE,0,,,,,,,,,,,,,,,,,,,curtis hodges
4685261,Germie Bernard,WR,23,170.38,0.05,8.21,0.39,,2.143,11.653,0.082,47.117,593.672,3.204,,,,,,,,germie bernard
4029893,Antonio Gandy-Golden,TE,28,,,,,,,,,,,,,,,,,,,antonio gandy golden
15765,Austin Johnson,RB,27,,,,,,,,,,,,,,,,,,,austin johnson
15773,Darren Fells,TE,0,,,,,,,,,,,,,,,,,,,darren fells
4685279,Jaydon Blue,RB,6,169.99,0.05,2.2,0.28,,48.651,205.039,1.529,8.758,61.816,0.391,,,,,,,,jaydon blue
15775,Ifeanyi Momah,TE,0,,,,,,,,,,,,,,,,,,,ifeanyi momah
3128774,Kalen Ballage,RB,0,,,,,,,,,,,,,,,,,,,kalen ballage
4685278,Luther Burden III,WR,3,76.45,-0.25,90.56,29.04,,9.143,49.556,0.397,75.06,937.589,5.078,,,,,,,,luther burden
15776,Brandon Bogotay,K,27,,,,,,,,,,,,,,,,,,,brandon bogotay
15779,Havard Rugland,K,0,,,,,,,,,,,,,,,,,,,havard rugland
15780,Sederrik Cunningham,WR,9,,,,,,,,,,,,,,,,,,,sederrik cunningham
15783,Austin Signor,K,0,,,,,,,,,,,,,,,,,,,austin signor
15786,Tavon Austin,WR,0,,,,,,,,,,,,,,,,,,,tavon austin
4259305,Bo Melton,WR,9,169.92,0.01,0.14,0.02,,4.482,25.991,0.142,2.942,37.508,0.253,,,,,,,,bo melton
3915174,Terry Godwin,WR,0,,,,,,,,,,,,,,,,,,,terry godwin
4259308,Raheem Blackshear,RB,8,169.98,0.0,0.02,0.01,,,,,,,,,,,,,,,raheem blackshear
15788,Tyler Eifert,TE,0,,,,,,,,,,,,,,,,,,,tyler eifert
4029859,Bronson Rechsteiner,RB,0,,,,,,,,,,,,,,,,,,,bronson rechsteiner
3128724,Isaiah McKenzie,WR,0,,,,,,,,,,,,,,,,,,,isaiah mckenzie
15795,DeAndre Hopkins,WR,0,170.0,0.01,0.14,0.02,,,,,,,,,,,,,,,deandre hopkins
3128721,Sony Michel,RB,14,,,,,,,,,,,,,,,,,,,sony michel
3915165,Rodrigo Blankenship,K,0,,,,,,,,,,,,,,,,,,,rodrigo blankenship
3128720,Nick Chubb,RB,0,169.94,0.0,0.28,0.05,,,,,,,,,,,,,,,nick chubb
15803,EJ Manuel,QB,0,,,,,,,,,,,,,,,,,,,ej manuel
4259324,Travis Vokolek,TE,0,169.99,0.0,0.01,0.01,,,,,,,,,,,,,,,travis vokolek
15807,Cordarrelle Patterson,RB,0,170.01,0.01,0.05,0.01,,,,,,,,,,,,,,,cordarrelle patterson
4685307,Kevin Coleman Jr.,WR,15,170.0,-0.01,0.24,0.02,,,,,21.125,270.512,0.666,,,,,,,,kevin coleman
15818,Keenan Allen,WR,0,169.97,0.03,0.69,0.06,,,,,,,,,,,,,,,keenan allen
4685201,Tanner McKee,QB,21,169.94,0.0,0.15,0.02,,1.028,3.741,0.037,,,,21.642,153.126,0.955,0.493,,,,tanner mckee
15822,Stedman Bailey,WR,14,,,,,,,,,,,,,,,,,,,stedman bailey
15823,Montee Ball,RB,0,,,,,,,,,,,,,,,,,,,montee ball
15825,Le'Veon Bell,RB,27,,,,,,,,,,,,,,,,,,,le veon bell
4603275,Wayne Ruby,WR,0,,,,,,,,,,,,,,,,,,,wayne ruby
15826,Giovani Bernard,RB,0,,,,,,,,,,,,,,,,,,,giovani bernard
4373904,Cam Sutton,TE,0,,,,,,,,,,,,,,,,,,,cam sutton
4701592,Jordon Vaughn,RB,0,,,,,,,,,,,,,,,,,,,jordon vaughn
3128814,Manny Wilkins,QB,0,,,,,,,,,,,,,,,,,,,manny wilkins
15832,Knile Davis,RB,3,,,,,,,,,,,,,,,,,,,knile davis
15834,Aaron Dobson,WR,22,,,,,,,,,,,,,,,,,,,aaron dobson
15835,Zach Ertz,TE,0,169.99,0.01,0.2,0.04,,,,,,,,,,,,,,,zach ertz
15836,Gavin Escobar,TE,0,,,,,,,,,,,,,,,,,,,gavin escobar
15837,Mike Glennon,QB,0,,,,,,,,,,,,,,,,,,,mike glennon
4062711,Ethan Fernea,WR,0,,,,,,,,,,,,,,,,,,,ethan fernea
15839,Marquise Goodwin,WR,0,,,,,,,,,,,,,,,,,,,marquise goodwin
15845,Justin Hunter,WR,0,,,,,,,,,,,,,,,,,,,justin hunter
15847,Travis Kelce,TE,12,102.2,0.05,88.9,53.75,,,,,73.758,769.54,4.481,,,,,,,,travis kelce
4259240,Savon Scarver,WR,0,,,,,,,,,,,,,,,,,,,savon scarver
15848,Eddie Lacy,RB,0,,,,,,,,,,,,,,,,,,,eddie lacy
4881826,Cash Jones,RB,1,,,,,,,,,,,,,,,,,,,cash jones
4373934,Chevan Cordeiro,QB,0,,,,,,,,,,,,,,,,,,,chevan cordeiro
15853,Vance McDonald,TE,23,,,,,,,,,,,,,,,,,,,vance mcdonald
15855,Christine Michael,RB,0,,,,,,,,,,,,,,,,,,,christine michael
4373937,JoJo Ward,WR,0,,,,,,,,,,,,,,,,,,,jojo ward
3915230,C.J. Conrad,TE,0,,,,,,,,,,,,,,,,,,,c j conrad
15860,Jordan Reed,TE,25,,,,,,,,,,,,,,,,,,,jordan reed
15864,Geno Smith,QB,20,170.55,-0.04,2.73,0.32,,58.03,219.903,1.04,,,,530.616,3813.148,20.344,14.339,,,,geno smith
4242873,Eno Benjamin,RB,0,,,,,,,,,,,,,,,,,,,eno benjamin
4570561,Eric Gray,RB,19,169.99,-0.01,0.04,0.01,,,,,,,,,,,,,,,eric gray
4685247,Braelon Allen,RB,20,170.42,0.04,5.76,0.31,,82.541,347.635,2.902,12.723,89.515,0.423,,,,,,,,braelon allen
4685246,Kaytron Allen,RB,28,170.3,0.02,1.63,0.07,,12.246,50.654,0.433,4.228,28.889,0.175,,,,,,,,kaytron allen
15873,Markus Wheaton,WR,0,,,,,,,,,,,,,,,,,,,markus wheaton
15878,Terrance Williams,WR,0,,,,,,,,,,,,,,,,,,,terrance williams
15880,Robert Woods,WR,0,170.02,0.0,0.02,0.0,,,,,,,,,,,,,,,robert woods
15885,Charles Johnson,WR,0,,,,,,,,,,,,,,,,,,,charles johnson
15887,Ryan Griffin,TE,0,,,,,,,,,,,,,,,,,,,ryan griffin
15890,D.C. Jefferson,TE,29,,,,,,,,,,,,,,,,,,,d c jefferson
15891,Ryan Nassib,QB,30,,,,,,,,,,,,,,,,,,,ryan nassib
15893,Andre Ellington,RB,0,,,,,,,,,,,,,,,,,,,andre ellington
4832846,Demond Claiborne,RB,16,170.27,0.01,1.28,0.05,,26.321,110.126,0.782,4.5,29.44,0.167,,,,,,,,demond claiborne
15894,Sean Renfree,QB,1,,,,,,,,,,,,,,,,,,,sean renfree
15896,Brice Butler,WR,0,,,,,,,,,,,,,,,,,,,brice butler
4685397,Jordan James,RB,25,170.61,0.01,2.9,0.16,,75.184,321.188,2.149,8.172,63.035,0.342,,,,,,,,jordan james
15899,B.J. Daniels,WR,1,,,,,,,,,,,,,,,,,,,b j daniels
5144169,Brian Walker,TE,0,,,,,,,,,,,,,,,,,,,brian walker
4685409,Jordan Hudson,WR,6,,,,,,,,,,,,,,,,,,,jordan hudson
15904,Landry Jones,QB,0,,,,,,,,,,,,,,,,,,,landry jones
15907,Kevin Dorsey,WR,9,,,,,,,,,,,,,,,,,,,kevin dorsey
3915308,Jake Burt,TE,0,,,,,,,,,,,,,,,,,,,jake burt
4685416,Shaleak Knotts,WR,0,,,,,,,,,,,,,,,,,,,shaleak knotts
15910,Michael Williams,TE,17,,,,,,,,,,,,,,,,,,,michael williams
4685415,Travis Hunter,WR,30,116.09,0.35,72.46,4.24,217.5725808,2.008,10.779,0.073,41.622,496.163,3.3,,,,,,,,travis hunter
15911,Tavarres King,WR,0,,,,,,,,,,,,,,,,,,,tavarres king
4685413,Cade Klubnik,QB,20,169.94,0.0,0.25,0.02,,1.501,6.651,0.079,,,,21.799,143.329,0.765,0.829,,,,cade klubnik
4570738,Ke'Shawn Williams,WR,4,169.99,0.0,0.04,0.01,,,,,,,,,,,,,,,ke shawn williams
4685424,Dane Key,WR,7,,,,,,,,,,,,,,,,,,,dane key
15918,Caleb Sturgis,K,0,,,,,,,,,,,,,,,,,,,caleb sturgis
15920,Latavius Murray,RB,0,,,,,,,,,,,,,,,,,,,latavius murray
15921,Kenjon Barner,RB,0,,,,,,,,,,,,,,,,,,,kenjon barner
15923,Mychal Rivera,TE,30,,,,,,,,,,,,,,,,,,,mychal rivera
15925,Johnathan Franklin,RB,9,,,,,,,,,,,,,,,,,,,johnathan franklin
3128846,Napoleon Maxwell,RB,0,,,,,,,,,,,,,,,,,,,napoleon maxwell
15929,Michael Cox,RB,19,,,,,,,,,,,,,,,,,,,michael cox
3915296,Michael Walker,WR,21,,,,,,,,,,,,,,,,,,,michael walker
3128843,Alex McGough,QB,0,,,,,,,,,,,,,,,,,,,alex mcgough
4374141,Jordan Byrd,WR,0,,,,,,,,,,,,,,,,,,,jordan byrd
4685441,Kendrick Law,WR,8,169.99,0.0,0.03,0.01,,,,,,,,,,,,,,,kendrick law
15935,Zac Dysert,QB,22,,,,,,,,,,,,,,,,,,,zac dysert
4046356,Jose Borregales,K,0,,,,,,,,,,,,,,,,,,,jose borregales
15940,Chris Gragg,TE,20,,,,,,,,,,,,,,,,,,,chris gragg
15941,Tyler Wilson,QB,4,,,,,,,,,,,,,,,,,,,tyler wilson
4374147,Derrick Deese Jr.,TE,0,,,,,,,,,,,,,,,,,,,derrick deese
15947,Aaron Mellette,WR,33,,,,,,,,,,,,,,,,,,,aaron mellette
15948,Matt Barkley,QB,0,,,,,,,,,,,,,,,,,,,matt barkley
15951,Denard Robinson,RB,30,,,,,,,,,,,,,,,,,,,denard robinson
4374033,Jermar Jefferson,RB,0,169.94,0.01,0.03,0.02,,,,,,,,,,,,,,,jermar jefferson
4570636,Malick Meiga,WR,29,,,,,,,,,,,,,,,,,,,malick meiga
15952,Mike Gillislee,RB,0,,,,,,,,,,,,,,,,,,,mike gillislee
3915400,Eli Wolf,TE,0,,,,,,,,,,,,,,,,,,,eli wolf
3915399,Preston Williams,WR,0,,,,,,,,,,,,,,,,,,,preston williams
3931782,Chase Litton,QB,12,,,,,,,,,,,,,,,,,,,chase litton
15962,Nick Kasa,TE,13,,,,,,,,,,,,,,,,,,,nick kasa
4374045,Teagan Quitoriano,TE,22,169.99,0.0,0.02,0.01,,,,,,,,,,,,,,,teagan quitoriano
3915381,John Kelly Jr.,RB,0,170.0,0.0,0.01,0.01,,,,,,,,,,,,,,,john kelly
15965,Dustin Hopkins,K,0,169.97,0.0,0.16,0.13,,,,,,,,,,,,,,,dustin hopkins
4832806,Jonathan Brady,WR,0,,,,,,,,,,,,,,,,,,,jonathan brady
15966,Chris Thompson,RB,0,,,,,,,,,,,,,,,,,,,chris thompson
3931763,Michael Clark,WR,0,,,,,,,,,,,,,,,,,,,michael clark
15968,Mike James,RB,8,,,,,,,,,,,,,,,,,,,mike james
15970,Braden Wilson,RB,0,,,,,,,,,,,,,,,,,,,braden wilson
15971,Rex Burkhead,RB,0,,,,,,,,,,,,,,,,,,,rex burkhead
2326150,Eric Wallace,TE,0,,,,,,,,,,,,,,,,,,,eric wallace
15973,Tommy Bohanon,RB,0,,,,,,,,,,,,,,,,,,,tommy bohanon
3931761,Emanuel Byrd,TE,9,,,,,,,,,,,,,,,,,,,emanuel byrd
15974,Dion Sims,TE,0,,,,,,,,,,,,,,,,,,,dion sims
4685350,Trevor Etienne,RB,29,170.09,-0.03,0.66,0.11,,12.322,52.457,0.297,4.106,29.647,0.152,,,,,,,,trevor etienne
4832800,Denzel Boston,WR,5,167.22,0.25,13.25,0.48,,,,,51.605,638.111,2.763,,,,,,,,denzel boston
2981502,Deontay Greenberry,WR,26,,,,,,,,,,,,,,,,,,,deontay greenberry
15980,Levine Toilolo,TE,0,,,,,,,,,,,,,,,,,,,levine toilolo
15981,Stepfan Taylor,RB,22,,,,,,,,,,,,,,,,,,,stepfan taylor
4570674,Kevin Harris,RB,0,,,,,,,,,,,,,,,,,,,kevin harris
15983,Cobi Hamilton,WR,0,,,,,,,,,,,,,,,,,,,cobi hamilton
4242991,Chris Coleman,WR,0,,,,,,,,,,,,,,,,,,,chris coleman
3145312,DeShon Williams,TE,0,,,,,,,,,,,,,,,,,,,deshon williams
15987,Ryan Swope,WR,0,,,,,,,,,,,,,,,,,,,ryan swope
15991,Justice Cunningham,TE,14,,,,,,,,,,,,,,,,,,,justice cunningham
15994,Theo Riddick,RB,13,,,,,,,,,,,,,,,,,,,theo riddick
4243003,Ronnie Rivers,RB,14,169.96,0.01,0.09,0.01,,,,,,,,,,,,,,,ronnie rivers
4570688,Caden Davis,K,0,169.87,0.0,0.13,0.08,,,,,,,,,,,,,,,caden davis
15996,Zac Stacy,RB,20,,,,,,,,,,,,,,,,,,,zac stacy
4243004,Jordan Mims,RB,16,170.0,0.0,0.01,0.0,,,,,,,,,,,,,,,jordan mims
15998,Josh Boyce,WR,5,,,,,,,,,,,,,,,,,,,josh boyce
16002,Kyle Juszczyk,RB,25,169.98,0.02,0.63,0.13,,4.423,18.592,0.151,20.424,162.386,0.949,,,,,,,,kyle juszczyk
16003,Alan Bonner,WR,34,,,,,,,,,,,,,,,,,,,alan bonner
4685385,Anthony Hankerson,RB,15,,,,,,,,,,,,,,,,,,,anthony hankerson
4832827,Jack Velling,TE,1,,,,,,,,,,,,,,,,,,,jack velling
16007,Chris Harper,WR,19,,,,,,,,,,,,,,,,,,,chris harper
4685382,Omarion Hampton,RB,24,21.92,-0.25,99.02,93.61,279.63392425,270.365,1152.639,9.86,55.926,393.455,1.897,,,,,,,,omarion hampton
4685381,Emmanuel Henderson Jr.,WR,26,169.99,0.0,0.03,0.01,,,,,,,,,,,,,,,emmanuel henderson
16011,Justin Brown,WR,2,,,,,,,,,,,,,,,,,,,justin brown
4685522,Ty Simpson,QB,14,169.87,0.0,0.77,0.04,,1.098,4.825,0.062,,,,21.857,146.366,1.195,0.585,,,,ty simpson
16012,Marcus Lattimore,RB,25,,,,,,,,,,,,,,,,,,,marcus lattimore
16013,Joseph Randle,RB,0,,,,,,,,,,,,,,,,,,,joseph randle
16014,Corey Fuller,WR,18,,,,,,,,,,,,,,,,,,,corey fuller
3915459,James Gilbert,RB,14,,,,,,,,,,,,,,,,,,,james gilbert
16015,Brad Sorensen,QB,16,,,,,,,,,,,,,,,,,,,brad sorensen
4046532,Quinn Nordin,K,0,,,,,,,,,,,,,,,,,,,quinn nordin
16016,Kenny Stills,WR,0,,,,,,,,,,,,,,,,,,,kenny stills
16018,Jawan Jamison,RB,23,,,,,,,,,,,,,,,,,,,jawan jamison
16020,Spencer Ware,RB,0,,,,,,,,,,,,,,,,,,,spencer ware
4046530,Chris Evans,RB,0,,,,,,,,,,,,,,,,,,,chris evans
16022,Ace Sanders,WR,30,,,,,,,,,,,,,,,,,,,ace sanders
16023,Marquess Wilson,WR,21,,,,,,,,,,,,,,,,,,,marquess wilson
4685526,Adam Randall,RB,33,170.26,0.0,0.79,0.05,,29.262,121.21,0.912,3.618,28.805,0.196,,,,,,,,adam randall
16024,Kerwynn Williams,RB,0,,,,,,,,,,,,,,,,,,,kerwynn williams
4243160,Laviska Shenault Jr.,WR,0,169.99,0.0,0.01,0.0,,,,,,,,,,,,,,,laviska shenault
16026,Quinton Patton,WR,20,,,,,,,,,,,,,,,,,,,quinton patton
4259545,D'Andre Swift,RB,3,72.46,-0.35,91.08,50.56,,219.424,995.409,8.164,30.434,269.545,1.129,,,,,,,,d andre swift
5209803,Kyle Sheets,WR,0,,,,,,,,,,,,,,,,,,,kyle sheets
4046520,Nick Eubanks,TE,0,,,,,,,,,,,,,,,,,,,nick eubanks
4046519,Kekoa Crawford,WR,0,,,,,,,,,,,,,,,,,,,kekoa crawford
4046522,Devin Asiasi,TE,0,,,,,,,,,,,,,,,,,,,devin asiasi
4259550,Matt Landers,WR,0,,,,,,,,,,,,,,,,,,,matt landers
16033,Luke Wilson,TE,26,,,,,,,,,,,,,,,,,,,luke wilson
4259553,Stetson Bennett IV,QB,14,169.93,0.02,0.1,0.02,,,,,,,,,,,,,,,stetson bennett
3915436,Steven Montez,QB,0,,,,,,,,,,,,,,,,,,,steven montez
4423402,Joe Horn Jr.,WR,33,,,,,,,,,,,,,,,,,,,joe horn
16040,C.J. Anderson,RB,8,,,,,,,,,,,,,,,,,,,c j anderson
4243176,Brady Russell,RB,26,170.0,0.0,0.02,0.01,,,,,,,,,,,,,,,brady russell
4685540,Carsen Ryan,TE,5,170.0,0.0,0.01,0.0,,,,,,,,,,,,,,,carsen ryan
16043,Matt Austin,WR,0,,,,,,,,,,,,,,,,,,,matt austin
4685553,Brenen Thompson,WR,24,169.94,-0.02,0.35,0.02,,2.08,11.308,0.099,9.54,121.011,0.706,,,,,,,,brenen thompson
16045,Kemonte' Bateman,WR,0,,,,,,,,,,,,,,,,,,,kemonte bateman
4701936,Matthew Golden,WR,9,106.93,-0.11,83.68,5.83,,4.482,24.882,0.168,66.782,871.941,4.728,,,,,,,,matthew golden
3915427,Patrick Carr,RB,0,,,,,,,,,,,,,,,,,,,patrick carr
16052,Jasper Collins,WR,4,,,,,,,,,,,,,,,,,,,jasper collins
16053,Ben Cotton,TE,0,,,,,,,,,,,,,,,,,,,ben cotton
16055,Benny Cunningham,RB,0,,,,,,,,,,,,,,,,,,,benny cunningham
16056,Chris Denton,WR,0,,,,,,,,,,,,,,,,,,,chris denton
4685555,Nicholas Singleton,RB,10,170.2,0.0,2.47,0.08,,20.267,83.431,0.549,4.292,29.899,0.156,,,,,,,,nicholas singleton
16059,Reggie Dunn,WR,6,,,,,,,,,,,,,,,,,,,reggie dunn
16060,Michael Edwards,WR,0,,,,,,,,,,,,,,,,,,,michael edwards
3915411,Ty Johnson,RB,2,170.29,0.0,1.01,0.17,,50.751,219.183,2.121,21.631,208.002,1.301,,,,,,,,ty johnson
4701951,Omari Kelly,WR,3,,,,,,,,,,,,,,,,,,,omari kelly
4833029,Max Klare,TE,14,169.98,0.0,0.37,0.04,,,,,4.025,38.153,0.36,,,,,,,,max klare
16065,Courtney Gardner,WR,0,,,,,,,,,,,,,,,,,,,courtney gardner
3915416,DJ Moore,WR,2,70.95,-0.23,92.06,43.21,,6.921,35.917,0.387,67.166,945.773,7.015,,,,,,,,dj moore
16066,Kendall Gaskins,RB,25,,,,,,,,,,,,,,,,,,,kendall gaskins
3915403,Tim White,WR,0,,,,,,,,,,,,,,,,,,,tim white
4259592,Sean Clifford,QB,4,169.98,0.0,0.02,0.01,,,,,,,,,,,,,,,sean clifford
16074,Michael Hill,RB,6,,,,,,,,,,,,,,,,,,,michael hill
16075,Murphy Holloway,TE,0,,,,,,,,,,,,,,,,,,,murphy holloway
16081,Ryan Katz,QB,0,,,,,,,,,,,,,,,,,,,ryan katz
16085,Collin Klein,QB,0,,,,,,,,,,,,,,,,,,,collin klein
16086,John Laub,QB,0,,,,,,,,,,,,,,,,,,,john laub
3915522,KJ Hill Jr.,WR,0,,,,,,,,,,,,,,,,,,,kj hill
3948283,Stephen Carlson,TE,3,170.0,0.0,0.02,0.01,,,,,,,,,,,,,,,stephen carlson
4832914,Jimmy Kibble,WR,17,,,,,,,,,,,,,,,,,,,jimmy kibble
16091,Quincy McDuffie,WR,6,,,,,,,,,,,,,,,,,,,quincy mcduffie
16093,Curtis McNeal,RB,0,,,,,,,,,,,,,,,,,,,curtis mcneal
4685472,Tetairoa McMillan,WR,29,40.97,-0.15,98.07,85.52,,,,,83.388,1200.276,6.288,,,,,,,,tetairoa mcmillan
16094,Steven Miller,RB,8,,,,,,,,,,,,,,,,,,,steven miller
16095,Keavon Milton,TE,26,,,,,,,,,,,,,,,,,,,keavon milton
4685470,Le'Veon Moss,RB,15,,,,,,,,,,,,,,,,,,,le veon moss
16098,Angelo Pease,RB,0,,,,,,,,,,,,,,,,,,,angelo pease
3915511,Joe Burrow,QB,4,60.22,-0.05,96.21,83.08,511.18715375,51.765,189.191,2.078,,,,569.232,4122.404,33.008,10.872,,,,joe burrow
16102,Lucas Reed,TE,0,,,,,,,,,,,,,,,,,,,lucas reed
4685477,Jam Miller,RB,17,169.98,0.0,0.11,0.01,,,,,,,,,,,,,,,jam miller
16106,David Rolf,TE,0,,,,,,,,,,,,,,,,,,,david rolf
4259499,Shi Smith,WR,0,,,,,,,,,,,,,,,,,,,shi smith
4685489,Jaydn Ott,RB,12,,,,,,,,,,,,,,,,,,,jaydn ott
4374187,Deven Thompkins,WR,13,169.99,0.0,0.02,0.01,,,,,,,,,,,,,,,deven thompkins
16110,Travis Tannahill,TE,0,,,,,,,,,,,,,,,,,,,travis tannahill
16111,Luke Tasker,WR,0,,,,,,,,,,,,,,,,,,,luke tasker
16113,Lamaar Thomas,WR,30,,,,,,,,,,,,,,,,,,,lamaar thomas
3915486,Tyler Conklin,TE,8,169.98,0.0,0.09,0.02,,,,,3.682,38.006,0.253,,,,,,,,tyler conklin
4882093,Bhayshul Tuten,RB,30,78.66,-0.55,88.89,36.86,,236.976,991.465,6.683,33.728,249.911,1.423,,,,,,,,bhayshul tuten
16118,Dominique Whaley,RB,0,,,,,,,,,,,,,,,,,,,dominique whaley
16121,Luke Willson,TE,26,,,,,,,,,,,,,,,,,,,luke willson
16123,J.D. Woods,WR,0,,,,,,,,,,,,,,,,,,,j d woods
4685504,Sam Roush,TE,3,169.94,0.01,0.16,0.02,,,,,3.646,33.798,0.282,,,,,,,,sam roush
16130,Matt Brown,QB,0,,,,,,,,,,,,,,,,,,,matt brown
4832955,Emmett Johnson,RB,12,170.02,0.0,2.46,0.16,,49.448,205.293,1.577,8.389,59.164,0.389,,,,,,,,emmett johnson
3915468,Riley Neal,QB,0,,,,,,,,,,,,,,,,,,,riley neal
4685512,Jadarian Price,RB,26,80.42,-0.59,90.07,46.41,,222.596,922.53,7.901,27.066,212.391,1.253,,,,,,,,jadarian price
5209791,Patrick Murtagh,TE,0,,,,,,,,,,,,,,,,,,,patrick murtagh
16135,Michael Ford,RB,1,,,,,,,,,,,,,,,,,,,michael ford
16140,Ryan Griffin,QB,0,170.01,0.01,0.03,0.01,,,,,,,,,,,,,,,ryan griffin
16141,Mark Harrison,WR,12,,,,,,,,,,,,,,,,,,,mark harrison
16143,Josh Hill,TE,8,,,,,,,,,,,,,,,,,,,josh hill
4374361,Gerrit Prince,TE,0,,,,,,,,,,,,,,,,,,,gerrit prince
16156,Ryan Otten,TE,16,,,,,,,,,,,,,,,,,,,ryan otten
4603746,Malik Rutherford,WR,0,,,,,,,,,,,,,,,,,,,malik rutherford
16158,Jordan Rodgers,QB,27,,,,,,,,,,,,,,,,,,,jordan rodgers
16159,Da'Rick Rogers,WR,12,,,,,,,,,,,,,,,,,,,da rick rogers
16161,Matt Scott,QB,4,,,,,,,,,,,,,,,,,,,matt scott
3915575,Kelvin McKnight,WR,0,,,,,,,,,,,,,,,,,,,kelvin mcknight
16172,Jaron Brown,WR,0,,,,,,,,,,,,,,,,,,,jaron brown
4718457,Noah Thomas,WR,4,,,,,,,,,,,,,,,,,,,noah thomas
4243315,Salvon Ahmed,RB,3,170.0,0.0,0.05,0.01,,,,,,,,,,,,,,,salvon ahmed
16182,Seth Doege,QB,0,,,,,,,,,,,,,,,,,,,seth doege
4243318,Hunter Bryant,TE,0,,,,,,,,,,,,,,,,,,,hunter bryant
4243319,Terrell Bynum,WR,0,170.0,0.0,0.01,0.0,,,,,,,,,,,,,,,terrell bynum
4243322,Jake Haener,QB,0,169.98,0.01,0.02,0.01,,,,,,,,,,,,,,,jake haener
4243331,Cade Otton,TE,27,170.57,0.07,2.66,0.42,,,,,44.557,440.811,2.29,,,,,,,,cade otton
16196,Darius Johnson,WR,1,,,,,,,,,,,,,,,,,,,darius johnson
4685702,Quinshon Judkins,RB,5,54.18,-0.44,94.61,72.46,,316.287,1240.425,7.222,31.818,220.765,0.727,,,,,,,,quinshon judkins
3915536,Mike Weber,RB,0,,,,,,,,,,,,,,,,,,,mike weber
16203,Javone Lawson,WR,22,,,,,,,,,,,,,,,,,,,javone lawson
16204,Miguel Maysonet,RB,23,,,,,,,,,,,,,,,,,,,miguel maysonet
4259597,Mac Hippenhammer,WR,0,,,,,,,,,,,,,,,,,,,mac hippenhammer
16210,Chris Pantale,TE,15,,,,,,,,,,,,,,,,,,,chris pantale
4046715,Trishton Jackson,WR,0,170.0,0.0,0.0,0.0,,,,,,,,,,,,,,,trishton jackson
4374298,Devon Williams,WR,0,,,,,,,,,,,,,,,,,,,devon williams
4374302,Amon-Ra St. Brown,WR,8,8.3,-0.06,99.83,99.36,324.54994154,2.321,13.453,0.124,118.078,1430.388,10.415,,,,,,,,amon ra st brown
4374306,Markese Stepp,RB,0,,,,,,,,,,,,,,,,,,,markese stepp
16227,Russell Shepard,WR,0,,,,,,,,,,,,,,,,,,,russell shepard
16228,Drew Smith,RB,2,,,,,,,,,,,,,,,,,,,drew smith
4259619,Blake Grupe,K,11,170.12,0.06,1.12,0.76,,,,,,,,,,,,28.545,34.448,34.779,blake grupe
16230,Ryan Spadola,WR,8,,,,,,,,,,,,,,,,,,,ryan spadola
16236,Matthew Tucker,RB,20,,,,,,,,,,,,,,,,,,,matthew tucker
16237,Jeff Tuel,QB,30,,,,,,,,,,,,,,,,,,,jeff tuel
4046692,Chase Claypool,WR,0,,,,,,,,,,,,,,,,,,,chase claypool
16242,Ronnie Wingo Jr.,RB,1,,,,,,,,,,,,,,,,,,,ronnie wingo
16248,Conner Vernon,WR,8,,,,,,,,,,,,,,,,,,,conner vernon
4046686,Javon McKinley,WR,0,,,,,,,,,,,,,,,,,,,javon mckinley
5160748,JaQuae Jackson,WR,24,,,,,,,,,,,,,,,,,,,jaquae jackson
2998120,Josh Lambo,K,0,,,,,,,,,,,,,,,,,,,josh lambo
16252,Tyler Bray,QB,0,,,,,,,,,,,,,,,,,,,tyler bray
4390717,Josh Johnson,RB,0,169.99,0.0,0.01,0.0,,,,,,,,,,,,,,,josh johnson
4243261,Bryan Thompson,WR,0,,,,,,,,,,,,,,,,,,,bryan thompson
4046676,Tony Jones Jr.,RB,0,170.0,0.0,0.01,0.01,,,,,,,,,,,,,,,tony jones
4046678,Ian Book,QB,0,,,,,,,,,,,,,,,,,,,ian book
4259649,Erik Krommenhoek,TE,0,,,,,,,,,,,,,,,,,,,erik krommenhoek
16260,Frankie Hammond,WR,20,,,,,,,,,,,,,,,,,,,frankie hammond
4046668,Aleva Hifo,WR,0,,,,,,,,,,,,,,,,,,,aleva hifo
16265,Brian Leonhardt,TE,16,,,,,,,,,,,,,,,,,,,brian leonhardt
3129271,Nick Vogel,K,0,,,,,,,,,,,,,,,,,,,nick vogel
4685784,Tre Watson,TE,12,,,,,,,,,,,,,,,,,,,tre watson
16285,Tim Wright,TE,12,,,,,,,,,,,,,,,,,,,tim wright
4259805,Kylin Hill,RB,0,,,,,,,,,,,,,,,,,,,kylin hill
4374496,DeMichael Harris,WR,0,,,,,,,,,,,,,,,,,,,demichael harris
16313,Brandon Williams,TE,0,,,,,,,,,,,,,,,,,,,brandon williams
16316,C.J. Akins,WR,14,,,,,,,,,,,,,,,,,,,c j akins
16318,Demetrius Harris,TE,0,,,,,,,,,,,,,,,,,,,demetrius harris
16320,Quinn Sharp,K,4,,,,,,,,,,,,,,,,,,,quinn sharp
16323,MarQueis Gray,TE,0,,,,,,,,,,,,,,,,,,,marqueis gray
2310051,Glenn Winston,RB,5,,,,,,,,,,,,,,,,,,,glenn winston
16330,Joseph Fauria,TE,22,,,,,,,,,,,,,,,,,,,joseph fauria
16337,Skye Dawson,WR,8,,,,,,,,,,,,,,,,,,,skye dawson
16339,Brandon McManus,K,0,169.97,0.01,0.24,0.17,,,,,,,,,,,,,,,brandon mcmanus
3915772,Jared Pinkney,TE,0,,,,,,,,,,,,,,,,,,,jared pinkney
4685720,Bryce Young,QB,29,168.31,0.14,6.85,0.83,,57.801,272.461,2.144,,,,539.513,3641.774,20.343,12.129,,,,bryce young
16344,Dan Moore,RB,11,,,,,,,,,,,,,,,,,,,dan moore
16345,Nick Williams,WR,7,,,,,,,,,,,,,,,,,,,nick williams
3915776,Kyle Shurmur,QB,0,,,,,,,,,,,,,,,,,,,kyle shurmur
16353,Mike Hermann,QB,0,,,,,,,,,,,,,,,,,,,mike hermann
4685723,Roydell Williams,RB,11,,,,,,,,,,,,,,,,,,,roydell williams
16355,James Vandenberg,QB,0,,,,,,,,,,,,,,,,,,,james vandenberg
3932144,Jacob Harris,WR,0,,,,,,,,,,,,,,,,,,,jacob harris
4702120,Carson Towt,TE,11,,,,,,,,,,,,,,,,,,,carson towt
16358,Matt Furstenburg,TE,33,,,,,,,,,,,,,,,,,,,matt furstenburg
4243371,Riley Patterson,K,15,169.99,0.01,0.12,0.07,,,,,,,,,,,,,,,riley patterson
16366,Zach Line,RB,18,,,,,,,,,,,,,,,,,,,zach line
3129302,DeShone Kizer,QB,0,,,,,,,,,,,,,,,,,,,deshone kizer
16369,Chad Bumphis,WR,30,,,,,,,,,,,,,,,,,,,chad bumphis
16372,Lonnie Pryor,RB,27,,,,,,,,,,,,,,,,,,,lonnie pryor
16373,Rodney Smith,WR,0,,,,,,,,,,,,,,,,,,,rodney smith
16374,T.J. Moe,WR,14,,,,,,,,,,,,,,,,,,,t j moe
16381,Kenbrell Thompkins,WR,20,,,,,,,,,,,,,,,,,,,kenbrell thompkins
4243389,Calvin Austin III,WR,19,169.96,0.0,0.32,0.04,,,,,7.09,86.311,0.447,,,,,,,,calvin austin
4259775,Ryan McDaniel,WR,0,,,,,,,,,,,,,,,,,,,ryan mcdaniel
16400,Quentin Hines,RB,17,,,,,,,,,,,,,,,,,,,quentin hines
4243537,Gabe Davis,WR,0,169.99,0.0,0.03,0.01,,,,,,,,,,,,,,,gabe davis
4243543,Otis Anderson,RB,0,,,,,,,,,,,,,,,,,,,otis anderson
16418,Zach Sudfeld,TE,20,,,,,,,,,,,,,,,,,,,zach sudfeld
3047490,Janarion Grant,WR,0,,,,,,,,,,,,,,,,,,,janarion grant
3915821,Tony Brown,WR,0,170.0,0.0,0.01,0.0,,,,,,,,,,,,,,,tony brown
3047488,Matt Flanagan,TE,0,,,,,,,,,,,,,,,,,,,matt flanagan
16426,Colby Cameron,QB,0,,,,,,,,,,,,,,,,,,,colby cameron
3915823,Keke Coutee,WR,0,,,,,,,,,,,,,,,,,,,keke coutee
4604004,Keelan Marion,WR,1,,,,,,,,,,,,,,,,,,,keelan marion
4227184,Alex Gray,TE,1,,,,,,,,,,,,,,,,,,,alex gray
4685939,Shermari Jones,RB,0,,,,,,,,,,,,,,,,,,,shermari jones
16444,Michael Zordich,RB,18,,,,,,,,,,,,,,,,,,,michael zordich
3915802,Lucky Jackson,WR,8,,,,,,,,,,,,,,,,,,,lucky jackson
16453,Alex Debniak,RB,25,,,,,,,,,,,,,,,,,,,alex debniak
4259976,Josh Ali,WR,0,,,,,,,,,,,,,,,,,,,josh ali
16460,Adam Thielen,WR,23,170.01,0.01,0.08,0.02,,,,,,,,,,,,,,,adam thielen
16462,Chuck Jacobs,WR,33,,,,,,,,,,,,,,,,,,,chuck jacobs
4243475,Kris Leach,TE,0,,,,,,,,,,,,,,,,,,,kris leach
3047536,David Wells,TE,0,,,,,,,,,,,,,,,,,,,david wells
3129455,Donnie Ernsberger,TE,10,,,,,,,,,,,,,,,,,,,donnie ernsberger
3129453,Jarvion Franklin,RB,23,,,,,,,,,,,,,,,,,,,jarvion franklin
2981998,Bryce Williams,TE,0,,,,,,,,,,,,,,,,,,,bryce williams
16480,Eric Rogers,WR,25,,,,,,,,,,,,,,,,,,,eric rogers
3047558,Thomas Duarte,TE,0,,,,,,,,,,,,,,,,,,,thomas duarte
16482,Dalton Williams,QB,0,,,,,,,,,,,,,,,,,,,dalton williams
3047553,Darren Andrews,WR,17,,,,,,,,,,,,,,,,,,,darren andrews
16486,Brett Maher,K,0,,,,,,,,,,,,,,,,,,,brett maher
16488,George Winn,RB,11,,,,,,,,,,,,,,,,,,,george winn
16493,Jake Stoneburner,TE,14,,,,,,,,,,,,,,,,,,,jake stoneburner
16495,Dennis Johnson,RB,34,,,,,,,,,,,,,,,,,,,dennis johnson
16496,Cierre Wood,RB,2,,,,,,,,,,,,,,,,,,,cierre wood
16497,Ray Graham,RB,34,,,,,,,,,,,,,,,,,,,ray graham
3047504,Andre Patton,WR,0,,,,,,,,,,,,,,,,,,,andre patton
16503,Alec Lemon,WR,33,,,,,,,,,,,,,,,,,,,alec lemon
16504,Jack Doyle,TE,11,,,,,,,,,,,,,,,,,,,jack doyle
4259908,Braylon Sanders,WR,0,,,,,,,,,,,,,,,,,,,braylon sanders
3047519,Donnel Pumphrey,RB,0,,,,,,,,,,,,,,,,,,,donnel pumphrey
16520,Greg Jenkins,WR,30,,,,,,,,,,,,,,,,,,,greg jenkins
139,John Kasay,K,0,,,,,,,,,,,,,,,,,,,john kasay
3932355,Micah Simon,WR,0,,,,,,,,,,,,,,,,,,,micah simon
16530,Khiry Robinson,RB,20,,,,,,,,,,,,,,,,,,,khiry robinson
4260053,Dorren Miller,WR,21,,,,,,,,,,,,,,,,,,,dorren miller
16536,Caleb TerBush,QB,0,,,,,,,,,,,,,,,,,,,caleb terbush
16540,R.J. Webb,WR,29,,,,,,,,,,,,,,,,,,,r j webb
2310331,Tyler Johnson,WR,6,170.0,0.01,0.04,0.01,,,,,,,,,,,,,,,tyler johnson
16547,Maikon Bonani,K,10,,,,,,,,,,,,,,,,,,,maikon bonani
16553,Andy Cruse,WR,16,,,,,,,,,,,,,,,,,,,andy cruse
16566,Rashad Ross,WR,0,,,,,,,,,,,,,,,,,,,rashad ross
16569,Myles White,WR,20,,,,,,,,,,,,,,,,,,,myles white
16581,Marlon Brown,WR,3,,,,,,,,,,,,,,,,,,,marlon brown
16586,Tim Jenkins,QB,0,,,,,,,,,,,,,,,,,,,tim jenkins
3932423,Miles Boykin,WR,0,,,,,,,,,,,,,,,,,,,miles boykin
4259979,Lynn Bowden Jr.,WR,0,,,,,,,,,,,,,,,,,,,lynn bowden
16591,Jordan Gay,K,10,,,,,,,,,,,,,,,,,,,jordan gay
3932420,Josh Adams,RB,0,,,,,,,,,,,,,,,,,,,josh adams
16593,Matt McGloin,QB,12,,,,,,,,,,,,,,,,,,,matt mcgloin
16602,Charles Hawkins,WR,18,,,,,,,,,,,,,,,,,,,charles hawkins
2982151,Cole Wick,TE,0,,,,,,,,,,,,,,,,,,,cole wick
3916085,Ka'Raun White,WR,0,,,,,,,,,,,,,,,,,,,ka raun white
286,Jason Hanson,K,0,,,,,,,,,,,,,,,,,,,jason hanson
4702559,Oscar Delp,TE,18,169.98,0.01,0.35,0.03,,,,,3.922,36.484,0.237,,,,,,,,oscar delp
4702555,Jonah Coleman,RB,7,170.28,0.0,3.36,0.13,,24.546,101.884,0.782,13.097,94.111,0.595,,,,,,,,jonah coleman
16684,Patrick Murray,K,0,,,,,,,,,,,,,,,,,,,patrick murray
3916071,Gary Jennings,WR,0,,,,,,,,,,,,,,,,,,,gary jennings
3932449,Dexter Williams,RB,0,,,,,,,,,,,,,,,,,,,dexter williams
4243830,Jaelon Darden,WR,0,170.0,0.0,0.0,0.0,,,,,,,,,,,,,,,jaelon darden
4030747,Manasseh Bailey,WR,0,,,,,,,,,,,,,,,,,,,manasseh bailey
3932442,Equanimeous St. Brown,WR,0,169.98,0.01,0.03,0.01,,,,,,,,,,,,,,,equanimeous st brown
16705,Jordan Thompson,TE,8,,,,,,,,,,,,,,,,,,,jordan thompson
2998565,Mo Alie-Cox,TE,11,169.97,0.0,0.1,0.03,,,,,10.788,110.999,0.891,,,,,,,,mo alie cox
3932433,Alize Mack,TE,0,,,,,,,,,,,,,,,,,,,alize mack
3932429,Chris Finke,WR,0,,,,,,,,,,,,,,,,,,,chris finke
3932430,Jalen Guyton,WR,0,,,,,,,,,,,,,,,,,,,jalen guyton
4686093,E.J. Williams Jr.,WR,13,,,,,,,,,,,,,,,,,,,e j williams
16724,Blake Bortles,QB,0,,,,,,,,,,,,,,,,,,,blake bortles
16725,Sammy Watkins,WR,0,,,,,,,,,,,,,,,,,,,sammy watkins
4686104,Johnny Wilson,WR,21,169.99,0.0,0.03,0.0,,,,,,,,,,,,,,,johnny wilson
16728,Teddy Bridgewater,QB,8,169.93,0.0,0.14,0.02,,1.117,4.84,0.054,,,,21.585,150.809,1.038,0.741,,,,teddy bridgewater
16730,Kelvin Benjamin,TE,0,,,,,,,,,,,,,,,,,,,kelvin benjamin
16731,Brandin Cooks,WR,0,170.01,0.0,0.06,0.01,,,,,,,,,,,,,,,brandin cooks
16732,Eric Ebron,TE,0,,,,,,,,,,,,,,,,,,,eric ebron
16733,Odell Beckham Jr.,WR,19,169.19,0.05,3.47,0.37,,0.26,1.44,0.01,13.323,164.299,0.898,,,,,,,,odell beckham
3916148,Tony Pollard,RB,10,89.73,-0.47,87.45,17.76,,247.257,1075.99,5.587,29.71,180.947,0.491,,,,,,,,tony pollard
16736,Johnny Manziel,QB,0,,,,,,,,,,,,,,,,,,,johnny manziel
16737,Mike Evans,WR,25,92.18,-1.39,88.79,21.35,,,,,57.09,904.968,5.908,,,,,,,,mike evans
16749,Charles Sims,RB,0,,,,,,,,,,,,,,,,,,,charles sims
16755,Dri Archer,RB,2,,,,,,,,,,,,,,,,,,,dri archer
16757,Derek Carr,QB,18,169.98,0.02,0.06,0.01,,,,,,,,,,,,,,,derek carr
3916124,Dalton Schoen,WR,0,,,,,,,,,,,,,,,,,,,dalton schoen
16760,Jimmy Garoppolo,QB,14,169.96,0.01,0.06,0.01,,,,,,,,,,,,,,,jimmy garoppolo
3916129,Isaiah Zuber,WR,0,,,,,,,,,,,,,,,,,,,isaiah zuber
16763,Jordan Matthews,TE,0,170.02,0.01,0.02,0.01,,,,,,,,,,,,,,,jordan matthews
16766,C.J. Fiedorowicz,TE,0,,,,,,,,,,,,,,,,,,,c j fiedorowicz
387,Qadry Ismail,WR,33,,,,,,,,,,,,,,,,,,,qadry ismail
16775,Crockett Gillmore,TE,33,,,,,,,,,,,,,,,,,,,crockett gillmore
16777,Carlos Hyde,RB,30,,,,,,,,,,,,,,,,,,,carlos hyde
16779,Josh Huff,WR,18,,,,,,,,,,,,,,,,,,,josh huff
16781,Paul Richardson Jr.,WR,0,,,,,,,,,,,,,,,,,,,paul richardson
16782,Jerick McKinnon,RB,0,,,,,,,,,,,,,,,,,,,jerick mckinnon
16783,Terrance West,RB,0,,,,,,,,,,,,,,,,,,,terrance west
16784,Tre Mason,RB,14,,,,,,,,,,,,,,,,,,,tre mason
4030915,Briley Moore,TE,0,,,,,,,,,,,,,,,,,,,briley moore
16786,Richard Rodgers,TE,0,,,,,,,,,,,,,,,,,,,richard rodgers
16787,Marqise Lee,WR,25,,,,,,,,,,,,,,,,,,,marqise lee
16790,Jarvis Landry,WR,0,,,,,,,,,,,,,,,,,,,jarvis landry
16791,Donte Moncrief,WR,0,,,,,,,,,,,,,,,,,,,donte moncrief
16792,Jace Amaro,TE,12,,,,,,,,,,,,,,,,,,,jace amaro
16793,Cody Latimer,WR,0,,,,,,,,,,,,,,,,,,,cody latimer
16794,Bishop Sankey,RB,16,,,,,,,,,,,,,,,,,,,bishop sankey
16795,Austin Seferian-Jenkins,TE,0,,,,,,,,,,,,,,,,,,,austin seferian jenkins
3916214,Hunter Thedford,TE,0,,,,,,,,,,,,,,,,,,,hunter thedford
16797,Troy Niklas,TE,0,,,,,,,,,,,,,,,,,,,troy niklas
16799,Allen Robinson,WR,0,170.02,0.01,0.02,0.0,,,,,,,,,,,,,,,allen robinson
16800,Davante Adams,WR,14,46.93,-0.27,97.94,83.4,,,,,67.557,1016.198,10.639,,,,,,,,davante adams
3047876,KhaDarel Hodge,WR,25,170.02,0.01,0.01,0.0,,,,,,,,,,,,,,,khadarel hodge
16803,Jeremy Hill,RB,0,,,,,,,,,,,,,,,,,,,jeremy hill
16804,John Brown,WR,0,,,,,,,,,,,,,,,,,,,john brown
3916204,James Proche II,WR,0,170.0,0.0,0.01,0.0,,,,,,,,,,,,,,,james proche
3916209,Xavier Jones,RB,0,,,,,,,,,,,,,,,,,,,xavier jones
16809,Garrett Gilbert,QB,0,,,,,,,,,,,,,,,,,,,garrett gilbert
16810,AJ McCarron,QB,4,,,,,,,,,,,,,,,,,,,aj mccarron
16811,Shaq Evans,WR,6,,,,,,,,,,,,,,,,,,,shaq evans
16812,Tajh Boyd,QB,23,,,,,,,,,,,,,,,,,,,tajh boyd
16813,Logan Thomas,TE,25,,,,,,,,,,,,,,,,,,,logan thomas
16814,Zach Mettenberger,QB,23,,,,,,,,,,,,,,,,,,,zach mettenberger
16815,Devin Street,WR,34,,,,,,,,,,,,,,,,,,,devin street
16821,David Fales,QB,0,,,,,,,,,,,,,,,,,,,david fales
16823,Nate Freese,K,0,,,,,,,,,,,,,,,,,,,nate freese
16824,Tevin Reese,WR,4,,,,,,,,,,,,,,,,,,,tevin reese
16828,Jeremy Gallon,WR,17,,,,,,,,,,,,,,,,,,,jeremy gallon
445,Mark Brunell,QB,0,,,,,,,,,,,,,,,,,,,mark brunell
16832,Michael Campanaro,WR,0,,,,,,,,,,,,,,,,,,,michael campanaro
16836,Jared Abbrederis,WR,0,,,,,,,,,,,,,,,,,,,jared abbrederis
16838,Tyler Gaffney,RB,0,,,,,,,,,,,,,,,,,,,tyler gaffney
16841,Kevin Norwood,WR,19,,,,,,,,,,,,,,,,,,,kevin norwood
16844,Arthur Lynch,TE,1,,,,,,,,,,,,,,,,,,,arthur lynch
16845,Ryan Grant,WR,0,,,,,,,,,,,,,,,,,,,ryan grant
4047365,Josh Jacobs,RB,9,28.49,-0.18,99.11,91.47,,300.313,1238.772,13.046,36.005,280.668,1.64,,,,,,,,josh jacobs
4686248,Nate Boerkircher,TE,30,169.97,-0.01,0.1,0.02,,,,,7.814,73.509,0.557,,,,,,,,nate boerkircher
16870,Matt Hazel,WR,0,,,,,,,,,,,,,,,,,,,matt hazel
16871,Walter Powell,WR,2,,,,,,,,,,,,,,,,,,,walter powell
4424106,Gunner Olszewski,WR,19,169.98,0.0,0.05,0.01,,,,,,,,,,,,,,,gunner olszewski
4571557,Spencer Shrader,K,11,169.9,0.01,0.2,0.09,,,,,,,,,,,,,,,spencer shrader
16875,Jay Prosch,RB,0,,,,,,,,,,,,,,,,,,,jay prosch
4047337,Rakeem Boyd,RB,0,,,,,,,,,,,,,,,,,,,rakeem boyd
16880,TJ Jones,WR,19,,,,,,,,,,,,,,,,,,,tj jones
4030947,Drew Estrada,WR,0,,,,,,,,,,,,,,,,,,,drew estrada
16884,Storm Johnson,RB,15,,,,,,,,,,,,,,,,,,,storm johnson
16885,Lache Seastrunk,RB,20,,,,,,,,,,,,,,,,,,,lache seastrunk
16886,Martavis Bryant,WR,0,,,,,,,,,,,,,,,,,,,martavis bryant
16889,Andre Williams,RB,0,,,,,,,,,,,,,,,,,,,andre williams
3047912,Cole Hunt,TE,29,,,,,,,,,,,,,,,,,,,cole hunt
4686271,Robert Lewis,WR,0,,,,,,,,,,,,,,,,,,,robert lewis
4571579,Terique Owens,WR,0,,,,,,,,,,,,,,,,,,,terique owens
16899,Quincy Enunwa,WR,0,,,,,,,,,,,,,,,,,,,quincy enunwa
4587977,Sam Brown Jr.,WR,0,,,,,,,,,,,,,,,,,,,sam brown
4243910,Khalil McClain,WR,0,,,,,,,,,,,,,,,,,,,khalil mcclain
16903,Robert Herron,WR,13,,,,,,,,,,,,,,,,,,,robert herron
4030926,Isaiah Weston,WR,5,,,,,,,,,,,,,,,,,,,isaiah weston
16913,James White,RB,17,,,,,,,,,,,,,,,,,,,james white
4244049,Quintin Morris,TE,30,169.99,0.0,0.02,0.01,,,,,,,,,,,,,,,quintin morris
16915,Keith Wenning,QB,2,,,,,,,,,,,,,,,,,,,keith wenning
16916,Zach Hocker,K,27,,,,,,,,,,,,,,,,,,,zach hocker
4686422,Xavier Hutchinson,WR,34,169.97,0.01,0.16,0.03,,2.102,12.397,0.067,12.464,152.076,0.736,,,,,,,,xavier hutchinson
16921,Alfred Blue,RB,30,,,,,,,,,,,,,,,,,,,alfred blue
4047422,Tanner Conner,TE,19,170.0,0.0,0.01,0.01,,,,,,,,,,,,,,,tanner conner
16922,James Wright,WR,0,,,,,,,,,,,,,,,,,,,james wright
4031033,Cade Johnson,WR,0,,,,,,,,,,,,,,,,,,,cade johnson
16928,Jalen Saunders,WR,17,,,,,,,,,,,,,,,,,,,jalen saunders
2572861,J.D. McKissic,RB,0,,,,,,,,,,,,,,,,,,,j d mckissic
4244068,Dustin Crum,QB,0,,,,,,,,,,,,,,,,,,,dustin crum
4686438,Stevo Klotz,TE,0,,,,,,,,,,,,,,,,,,,stevo klotz
16939,Kiero Small,RB,33,,,,,,,,,,,,,,,,,,,kiero small
4571762,Hayden Hatten,WR,0,,,,,,,,,,,,,,,,,,,hayden hatten
16942,Ka'Deem Carey,RB,3,,,,,,,,,,,,,,,,,,,ka deem carey
16943,Tom Savage,QB,0,,,,,,,,,,,,,,,,,,,tom savage
16944,Devonta Freeman,RB,0,,,,,,,,,,,,,,,,,,,devonta freeman
16945,De'Anthony Thomas,WR,0,,,,,,,,,,,,,,,,,,,de anthony thomas
16946,Bruce Ellington,WR,0,,,,,,,,,,,,,,,,,,,bruce ellington
16950,Lorenzo Taliaferro,RB,33,,,,,,,,,,,,,,,,,,,lorenzo taliaferro
4031003,Mikey Daniel,RB,0,,,,,,,,,,,,,,,,,,,mikey daniel
2507284,R.J. Harris,WR,18,,,,,,,,,,,,,,,,,,,r j harris
16956,Marion Grice,RB,22,,,,,,,,,,,,,,,,,,,marion grice
16960,Jeff Janis,WR,0,,,,,,,,,,,,,,,,,,,jeff janis
3047969,Joel Bouagnon,RB,8,,,,,,,,,,,,,,,,,,,joel bouagnon
16964,Blake Annen,TE,2,,,,,,,,,,,,,,,,,,,blake annen
4686472,Marvin Mims Jr.,WR,7,170.1,-0.03,0.74,0.12,,8.182,45.072,0.312,24.156,272.431,1.605,,,,,,,,marvin mims
3047968,Chad Beebe,WR,0,,,,,,,,,,,,,,,,,,,chad beebe
16969,Kapri Bibbs,RB,9,,,,,,,,,,,,,,,,,,,kapri bibbs
4686468,Seth McGowan,RB,11,170.15,-0.02,0.5,0.04,,12.583,52.105,0.396,4.347,28.875,0.156,,,,,,,,seth mcgowan
16972,Isaiah Burse,WR,24,,,,,,,,,,,,,,,,,,,isaiah burse
16974,Trey Burton,TE,0,,,,,,,,,,,,,,,,,,,trey burton
16976,Chandler Catanzaro,K,0,,,,,,,,,,,,,,,,,,,chandler catanzaro
16977,Brelan Chancellor,WR,24,,,,,,,,,,,,,,,,,,,brelan chancellor
4686361,Cam Little,K,30,136.58,0.27,88.57,80.33,148.83665746,,,,,,,,,,,30.325,34.352,40.091,cam little
3916418,Jaylen Smith,WR,0,,,,,,,,,,,,,,,,,,,jaylen smith
16994,David Fluellen,RB,0,,,,,,,,,,,,,,,,,,,david fluellen
16995,Bennie Fowler,WR,0,,,,,,,,,,,,,,,,,,,bennie fowler
4031087,Cody Chrest,WR,0,,,,,,,,,,,,,,,,,,,cody chrest
4260392,Isaac Zico,WR,22,,,,,,,,,,,,,,,,,,,isaac zico
4260394,Aidan O'Connell,QB,13,169.98,0.0,0.05,0.01,,,,,,,,,,,,,,,aidan o connell
4260393,Terry Wright,WR,15,,,,,,,,,,,,,,,,,,,terry wright
17005,Javontee Herndon,WR,6,,,,,,,,,,,,,,,,,,,javontee herndon
3916387,Lamar Jackson,QB,33,39.73,0.2,99.57,91.55,625.30925362,122.157,670.79,3.682,,,,466.852,3885.975,25.97,9.749,,,,lamar jackson
2982484,Darion Clark,TE,0,,,,,,,,,,,,,,,,,,,darion clark
17010,Henry Josey,RB,16,,,,,,,,,,,,,,,,,,,henry josey
4260406,Zander Horvath,RB,0,,,,,,,,,,,,,,,,,,,zander horvath
17021,Aaron Murray,QB,12,,,,,,,,,,,,,,,,,,,aaron murray
17032,Bernard Reedy,WR,0,,,,,,,,,,,,,,,,,,,bernard reedy
3048030,Peter Pujals,QB,16,,,,,,,,,,,,,,,,,,,peter pujals
17033,Bryn Renner,QB,23,,,,,,,,,,,,,,,,,,,bryn renner
17041,Carey Spear,K,5,,,,,,,,,,,,,,,,,,,carey spear
17045,Juwan Thompson,RB,7,,,,,,,,,,,,,,,,,,,juwan thompson
17051,Albert Wilson,WR,0,,,,,,,,,,,,,,,,,,,albert wilson
17062,Donte Foster,WR,0,,,,,,,,,,,,,,,,,,,donte foster
3916451,Dontae Strickland,RB,22,,,,,,,,,,,,,,,,,,,dontae strickland
4047529,Travis Toivonen,WR,0,,,,,,,,,,,,,,,,,,,travis toivonen
4031140,Clint Ratkovich,RB,0,,,,,,,,,,,,,,,,,,,clint ratkovich
17075,Erik Lora,WR,30,,,,,,,,,,,,,,,,,,,erik lora
4047518,Kevin Kassis,WR,0,,,,,,,,,,,,,,,,,,,kevin kassis
17082,Cody Parkey,K,0,,,,,,,,,,,,,,,,,,,cody parkey
3916447,Eric Dungey,QB,0,,,,,,,,,,,,,,,,,,,eric dungey
17091,Erik Swoope,TE,0,,,,,,,,,,,,,,,,,,,erik swoope
3916430,Nyheim Hines,RB,0,170.0,0.0,0.02,0.01,,,,,,,,,,,,,,,nyheim hines
3998351,Skip Hicks,RB,28,,,,,,,,,,,,,,,,,,,skip hicks
4588298,Jameson Geers,TE,22,,,,,,,,,,,,,,,,,,,jameson geers
17094,Zurlon Tipton,RB,11,,,,,,,,,,,,,,,,,,,zurlon tipton
3916433,Jakobi Meyers,WR,30,116.6,-0.37,83.24,5.16,,6.025,31.923,0.286,69.815,766.384,5.179,,,,,,,,jakobi meyers
3932935,Deontay Burnett,WR,0,,,,,,,,,,,,,,,,,,,deontay burnett
3932936,Caleb Wilson,TE,0,,,,,,,,,,,,,,,,,,,caleb wilson
17101,Ray Agnew,RB,6,,,,,,,,,,,,,,,,,,,ray agnew
17105,Antonio Andrews,RB,10,,,,,,,,,,,,,,,,,,,antonio andrews
4031232,Kevin Davidson,QB,0,,,,,,,,,,,,,,,,,,,kevin davidson
17110,Alex Bayer,TE,14,,,,,,,,,,,,,,,,,,,alex bayer
4571801,Ayir Asante,WR,0,,,,,,,,,,,,,,,,,,,ayir asante
4031226,Graham Adomitis,TE,0,,,,,,,,,,,,,,,,,,,graham adomitis
17122,Jeremy Butler,WR,2,,,,,,,,,,,,,,,,,,,jeremy butler
17125,Asante Cleveland,TE,24,,,,,,,,,,,,,,,,,,,asante cleveland
17126,Terrance Cobb,RB,30,,,,,,,,,,,,,,,,,,,terrance cobb
17127,Brandon Coleman,WR,0,,,,,,,,,,,,,,,,,,,brandon coleman
17130,Travis Coons,K,0,,,,,,,,,,,,,,,,,,,travis coons
17131,Damian Copeland,WR,8,,,,,,,,,,,,,,,,,,,damian copeland
17133,Isaiah Crowell,RB,0,,,,,,,,,,,,,,,,,,,isaiah crowell
3932905,Diontae Johnson,WR,0,170.0,0.0,0.02,0.0,,,,,,,,,,,,,,,diontae johnson
4702913,RJ Maryland,WR,9,,,,,,,,,,,,,,,,,,,rj maryland
17149,Timothy Flanders,RB,5,,,,,,,,,,,,,,,,,,,timothy flanders
4702908,Omari Evans,WR,12,,,,,,,,,,,,,,,,,,,omari evans
17165,Je'Ron Hamm,TE,24,,,,,,,,,,,,,,,,,,,je ron hamm
17169,Ryan Hewitt,TE,0,,,,,,,,,,,,,,,,,,,ryan hewitt
17173,Harold Hoskins,TE,26,,,,,,,,,,,,,,,,,,,harold hoskins
17177,Allen Hurns,WR,0,,,,,,,,,,,,,,,,,,,allen hurns
17181,Nic Jacobs,TE,30,,,,,,,,,,,,,,,,,,,nic jacobs
17183,Marcel Jensen,TE,28,,,,,,,,,,,,,,,,,,,marcel jensen
3916588,Matt Seybert,TE,0,,,,,,,,,,,,,,,,,,,matt seybert
3916587,Tyler Mabry,TE,0,170.0,0.0,0.01,0.0,,,,,,,,,,,,,,,tyler mabry
17191,Seantavius Jones,WR,11,,,,,,,,,,,,,,,,,,,seantavius jones
17192,Reggie Jordan,TE,30,,,,,,,,,,,,,,,,,,,reggie jordan
17194,Jonathan Krause,WR,10,,,,,,,,,,,,,,,,,,,jonathan krause
3932963,Dax Raymond,TE,0,,,,,,,,,,,,,,,,,,,dax raymond
4047648,Tre Nixon,WR,0,,,,,,,,,,,,,,,,,,,tre nixon
3932960,Dominik Eberle,K,0,,,,,,,,,,,,,,,,,,,dominik eberle
17205,Freddie Martino,WR,0,,,,,,,,,,,,,,,,,,,freddie martino
4047650,DK Metcalf,WR,23,87.77,-0.12,90.16,25.27,,,,,64.708,941.367,6.16,,,,,,,,dk metcalf
2573079,Carson Wentz,QB,16,169.99,0.0,0.09,0.01,,,,,,,,,,,,,,,carson wentz
4047646,A.J. Brown,WR,17,27.15,-0.17,99.32,89.86,,,,,85.966,1215.076,6.928,,,,,,,,a j brown
3916566,K.J. Osborn,WR,10,170.0,0.0,0.04,0.01,,,,,,,,,,,,,,,k j osborn
3916564,Tyree Jackson,TE,0,170.0,0.0,0.01,0.0,,,,,,,,,,,,,,,tyree jackson
17220,Stephen Morris,QB,34,,,,,,,,,,,,,,,,,,,stephen morris
4686728,Gunnar Helm,TE,10,170.17,0.0,3.64,0.59,,,,,57.744,495.174,3.313,,,,,,,,gunnar helm
17223,Roosevelt Nix,RB,0,,,,,,,,,,,,,,,,,,,roosevelt nix
17228,Solomon Patton,WR,7,,,,,,,,,,,,,,,,,,,solomon patton
3933064,John Ursua,WR,0,,,,,,,,,,,,,,,,,,,john ursua
17231,Justin Perillo,TE,3,,,,,,,,,,,,,,,,,,,justin perillo
17232,LaDarius Perkins,RB,23,,,,,,,,,,,,,,,,,,,ladarius perkins
4686612,Tre' Harris,WR,24,170.87,-0.01,3.07,0.2,,,,,34.516,408.347,2.46,,,,,,,,tre harris
4571935,Jahmal Banks,WR,0,,,,,,,,,,,,,,,,,,,jahmal banks
17247,Connor Shaw,QB,3,,,,,,,,,,,,,,,,,,,connor shaw
4047728,Damon Hazelton,WR,0,,,,,,,,,,,,,,,,,,,damon hazelton
2474890,Mitch Mathews,WR,0,,,,,,,,,,,,,,,,,,,mitch mathews
17257,Kevin Smith,WR,26,,,,,,,,,,,,,,,,,,,kevin smith
17258,Willie Snead IV,WR,0,,,,,,,,,,,,,,,,,,,willie snead
17261,Josh Stewart,WR,10,,,,,,,,,,,,,,,,,,,josh stewart
17269,D.J. Tialavea,TE,1,,,,,,,,,,,,,,,,,,,d j tialavea
4686658,Mike Washington Jr.,RB,13,170.15,0.15,6.46,0.29,,88.617,365.037,2.242,8.348,59.855,0.273,,,,,,,,mike washington
17277,Eric Ward,WR,4,,,,,,,,,,,,,,,,,,,eric ward
2982761,Andy Jones,WR,0,,,,,,,,,,,,,,,,,,,andy jones
17279,Corey Washington,WR,6,,,,,,,,,,,,,,,,,,,corey washington
17282,Trey Watts,RB,14,,,,,,,,,,,,,,,,,,,trey watts
17284,Charcandrick West,RB,0,,,,,,,,,,,,,,,,,,,charcandrick west
17288,Nikita Whitlock,RB,19,,,,,,,,,,,,,,,,,,,nikita whitlock
17289,James Wilder Jr.,RB,2,,,,,,,,,,,,,,,,,,,james wilder
2982828,Tajae Sharpe,WR,0,,,,,,,,,,,,,,,,,,,tajae sharpe
17310,Jordan Najvar,TE,6,,,,,,,,,,,,,,,,,,,jordan najvar
17315,Keith Smith,RB,0,,,,,,,,,,,,,,,,,,,keith smith
3916721,LeVante Bellamy,RB,0,,,,,,,,,,,,,,,,,,,levante bellamy
17326,J.C. Copeland,RB,6,,,,,,,,,,,,,,,,,,,j c copeland
2982809,Carlton Agudosi,WR,0,,,,,,,,,,,,,,,,,,,carlton agudosi
2982804,Leonte Carroo,WR,0,,,,,,,,,,,,,,,,,,,leonte carroo
17331,Orleans Darkwa,RB,0,,,,,,,,,,,,,,,,,,,orleans darkwa
17337,Dustin Vaughan,QB,33,,,,,,,,,,,,,,,,,,,dustin vaughan
4047769,Malik Williams,RB,23,,,,,,,,,,,,,,,,,,,malik williams
17348,Xavier Grimble,TE,0,,,,,,,,,,,,,,,,,,,xavier grimble
17352,Silas Redd,RB,28,,,,,,,,,,,,,,,,,,,silas redd
17359,Damien Williams,RB,0,,,,,,,,,,,,,,,,,,,damien williams
2573300,Jay Ajayi,RB,0,,,,,,,,,,,,,,,,,,,jay ajayi
17372,Chris Boswell,K,23,162.18,0.26,38.58,33.27,,,,,,,,,,,,31.37,35.098,31.731,chris boswell
4391845,Cody Schrader,RB,7,170.0,0.0,0.03,0.01,,,,,,,,,,,,,,,cody schrader
17381,Mike Davis,WR,13,,,,,,,,,,,,,,,,,,,mike davis
17382,Marcus Lucas,TE,6,,,,,,,,,,,,,,,,,,,marcus lucas
2589699,Davante Adams,WR,14,,,,,,,,,,,,,,,,,,,davante adams
17391,Scott Simonson,TE,19,,,,,,,,,,,,,,,,,,,scott simonson
17392,Anthony Denham,TE,21,,,,,,,,,,,,,,,,,,,anthony denham
17396,George Atkinson III,RB,20,,,,,,,,,,,,,,,,,,,george atkinson
4047839,N'Keal Harry,TE,0,,,,,,,,,,,,,,,,,,,n keal harry
17397,Darrin Reaves,RB,12,,,,,,,,,,,,,,,,,,,darrin reaves
4686775,Montana Lemonious-Craig,WR,0,,,,,,,,,,,,,,,,,,,montana lemonious craig
17399,Corey Brown,WR,7,,,,,,,,,,,,,,,,,,,corey brown
4047836,Frank Darby,WR,0,,,,,,,,,,,,,,,,,,,frank darby
17402,Seth Roberts,WR,0,,,,,,,,,,,,,,,,,,,seth roberts
17403,Nathan Slaughter,WR,30,,,,,,,,,,,,,,,,,,,nathan slaughter
4686781,Brenden Rice,WR,0,169.98,0.0,0.03,0.01,,,,,,,,,,,,,,,brenden rice
3916749,Giovanni Ricci,TE,0,170.0,0.0,0.01,0.0,,,,,,,,,,,,,,,giovanni ricci
17421,Senorise Perry,RB,0,,,,,,,,,,,,,,,,,,,senorise perry
17423,RaShaun Allen,TE,34,,,,,,,,,,,,,,,,,,,rashaun allen
17427,Cairo Santos,K,3,166.83,0.1,32.36,29.28,,,,,,,,,,,,29.97,34.479,39.76,cairo santos
17437,Taylor Gabriel,WR,3,,,,,,,,,,,,,,,,,,,taylor gabriel
1056,Terrell Owens,WR,0,,,,,,,,,,,,,,,,,,,terrell owens
17452,Branden Oliver,RB,0,,,,,,,,,,,,,,,,,,,branden oliver
17453,Cameron Brate,TE,0,,,,,,,,,,,,,,,,,,,cameron brate
17463,Diontae Spencer,WR,20,,,,,,,,,,,,,,,,,,,diontae spencer
17465,Fitzgerald Toussaint,RB,0,,,,,,,,,,,,,,,,,,,fitzgerald toussaint
4457600,Brayden Lenius,TE,0,,,,,,,,,,,,,,,,,,,brayden lenius
2573343,Trevor Davis,WR,0,,,,,,,,,,,,,,,,,,,trevor davis
4916349,Nikola Kalinic,TE,3,170.0,0.0,0.02,0.0,,,,,,,,,,,,,,,nikola kalinic
4703367,Devon Garrison,TE,0,,,,,,,,,,,,,,,,,,,devon garrison
17480,Sergio Castillo,K,0,,,,,,,,,,,,,,,,,,,sergio castillo
1097,Adam Vinatieri,K,0,,,,,,,,,,,,,,,,,,,adam vinatieri
17492,Andrew Furney,K,20,,,,,,,,,,,,,,,,,,,andrew furney
3916925,Kerryon Johnson,RB,0,,,,,,,,,,,,,,,,,,,kerryon johnson
3916927,Will Hastings,WR,0,,,,,,,,,,,,,,,,,,,will hastings
17499,Jerry Rice Jr.,WR,28,,,,,,,,,,,,,,,,,,,jerry rice
3916911,La'Michael Pettway,TE,0,,,,,,,,,,,,,,,,,,,la michael pettway
2573401,Tyler Higbee,TE,14,169.85,0.01,0.48,0.1,,,,,15.293,154.383,1.255,,,,,,,,tyler higbee
4244688,Nathan Rourke,QB,0,169.97,0.0,0.02,0.01,,,,,,,,,,,,,,,nathan rourke
1170,Olindo Mare,K,0,,,,,,,,,,,,,,,,,,,olindo mare
4261077,Jamarius Way,WR,7,,,,,,,,,,,,,,,,,,,jamarius way
4572380,Quincy Skinner Jr.,WR,20,,,,,,,,,,,,,,,,,,,quincy skinner
4244727,Justin Hall,WR,0,,,,,,,,,,,,,,,,,,,justin hall
4244732,Caleb Huntley,RB,0,,,,,,,,,,,,,,,,,,,caleb huntley
3933327,Kahale Warring,TE,0,,,,,,,,,,,,,,,,,,,kahale warring
3916946,Ryan Davis,WR,17,,,,,,,,,,,,,,,,,,,ryan davis
3916945,Darius Slayton,WR,19,170.18,-0.03,1.57,0.31,,2.226,12.262,0.077,29.687,411.421,1.933,,,,,,,,darius slayton
1231,Tony Gonzalez,TE,1,,,,,,,,,,,,,,,,,,,tony gonzalez
4261020,Trenton Cannon,RB,0,,,,,,,,,,,,,,,,,,,trenton cannon
5145769,Jerome Kapp,WR,0,,,,,,,,,,,,,,,,,,,jerome kapp
4244651,D'vonte Price,RB,0,,,,,,,,,,,,,,,,,,,d vonte price
4048099,Samson Nacua,WR,0,,,,,,,,,,,,,,,,,,,samson nacua
3933408,Jalen Morton,QB,0,,,,,,,,,,,,,,,,,,,jalen morton
3048682,Andre Levrone,WR,29,,,,,,,,,,,,,,,,,,,andre levrone
3048680,Taquan Mizzell,RB,0,,,,,,,,,,,,,,,,,,,taquan mizzell
4883647,Elic Ayomanor,WR,10,170.0,0.0,0.42,0.05,,,,,5.89,75.905,0.408,,,,,,,,elic ayomanor
2508079,James O'Shaughnessy,TE,0,,,,,,,,,,,,,,,,,,,james o shaughnessy
3933497,Wendall Williams,WR,0,,,,,,,,,,,,,,,,,,,wendall williams
3966261,Anthony Dable,WR,0,,,,,,,,,,,,,,,,,,,anthony dable
4244834,Gunnar Oakes,TE,0,,,,,,,,,,,,,,,,,,,gunnar oakes
1328,Ryan Longwell,K,0,,,,,,,,,,,,,,,,,,,ryan longwell
4244856,Austin Trammell,WR,30,169.99,0.0,0.02,0.01,,,,,,,,,,,,,,,austin trammell
2983209,Chester Rogers,WR,0,,,,,,,,,,,,,,,,,,,chester rogers
3917067,Bisi Johnson,WR,0,,,,,,,,,,,,,,,,,,,bisi johnson
4048259,Avery Williams,RB,0,170.0,0.0,0.01,0.01,,,,,,,,,,,,,,,avery williams
3933568,Davion Davis,WR,0,,,,,,,,,,,,,,,,,,,davion davis
17757,Brian Gaither,QB,33,,,,,,,,,,,,,,,,,,,brian gaither
4048244,Alexander Mattison,RB,0,170.0,0.01,0.03,0.01,,,,,,,,,,,,,,,alexander mattison
4244768,Julian Hicks,WR,0,,,,,,,,,,,,,,,,,,,julian hicks
3917166,Omar Bayless,WR,0,,,,,,,,,,,,,,,,,,,omar bayless
1383,Jon Kitna,QB,6,,,,,,,,,,,,,,,,,,,jon kitna
4048228,John Bates,TE,28,169.97,0.0,0.07,0.02,,,,,14.704,133.579,1.086,,,,,,,,john bates
1417,Todd Bouman,QB,0,,,,,,,,,,,,,,,,,,,todd bouman
3884368,James Williams,RB,8,,,,,,,,,,,,,,,,,,,james williams
1428,Peyton Manning,QB,7,,,,,,,,,,,,,,,,,,,peyton manning
1433,Randy Moss,WR,0,,,,,,,,,,,,,,,,,,,randy moss
1440,Phil Dawson,K,0,,,,,,,,,,,,,,,,,,,phil dawson
3048897,Pharoh Cooper,WR,0,,,,,,,,,,,,,,,,,,,pharoh cooper
3048898,Elliott Fry,K,0,,,,,,,,,,,,,,,,,,,elliott fry
3917232,Tyler Bass,K,2,169.74,0.06,2.36,1.56,,,,,,,,,,,,25.829,30.602,47.396,tyler bass
2983319,Troymaine Pope,RB,0,,,,,,,,,,,,,,,,,,,troymaine pope
4572655,Jeremiah Webb,WR,17,,,,,,,,,,,,,,,,,,,jeremiah webb
2508176,David Johnson,RB,0,,,,,,,,,,,,,,,,,,,david johnson
4572680,Tucker Kraft,TE,9,98.86,0.46,86.89,38.31,171.06359292,2.241,8.459,0.135,67.734,775.205,4.207,,,,,,,,tucker kraft
3917200,Malik Henry,WR,0,,,,,,,,,,,,,,,,,,,malik henry
3917315,Kyler Murray,QB,16,150.25,-0.29,52.8,8.19,,70.927,443.787,3.154,,,,490.102,3347.092,19.479,9.936,,,,kyler murray
1490,Charlie Batch,QB,0,,,,,,,,,,,,,,,,,,,charlie batch
5096863,Kole Wilson,WR,5,,,,,,,,,,,,,,,,,,,kole wilson
3917292,Justin Johnson,TE,0,,,,,,,,,,,,,,,,,,,justin johnson
5277116,Lenny Krieg,K,0,,,,,,,,,,,,,,,,,,,lenny krieg
4081127,Antony Auclair,TE,0,,,,,,,,,,,,,,,,,,,antony auclair
5211569,Mike Rigerman,TE,0,,,,,,,,,,,,,,,,,,,mike rigerman
3917280,Nick Tiano,QB,0,,,,,,,,,,,,,,,,,,,nick tiano
2508256,MyCole Pruitt,TE,0,170.02,0.01,0.02,0.0,,,,,,,,,,,,,,,mycole pruitt
3048924,David Williams,RB,7,,,,,,,,,,,,,,,,,,,david williams
1575,Matt Hasselbeck,QB,11,,,,,,,,,,,,,,,,,,,matt hasselbeck
5178972,Jakobie Keeney-James,WR,23,169.95,0.0,0.03,0.01,,,,,,,,,,,,,,,jakobie keeney james
4572786,Dennis Houston,WR,27,169.99,0.0,0.02,0.0,,,,,,,,,,,,,,,dennis houston
3048976,Gannon Sinclair,TE,21,,,,,,,,,,,,,,,,,,,gannon sinclair
4687486,Matt Lauter,TE,0,,,,,,,,,,,,,,,,,,,matt lauter
2508328,Brian Parker,TE,18,,,,,,,,,,,,,,,,,,,brian parker
4687373,Jordan Bly,WR,0,,,,,,,,,,,,,,,,,,,jordan bly
4408854,Jody Fortson,TE,0,170.0,0.0,0.01,0.0,,,,,,,,,,,,,,,jody fortson
4605489,Damien Alford,WR,0,,,,,,,,,,,,,,,,,,,damien alford
2983509,Dare Ogunbowale,RB,13,170.0,0.01,0.03,0.01,,,,,,,,,,,,,,,dare ogunbowale
3049054,Jake Wieneke,WR,16,,,,,,,,,,,,,,,,,,,jake wieneke
2574010,Alonzo Harris,RB,9,,,,,,,,,,,,,,,,,,,alonzo harris
1686,Mike Sellers,RB,0,,,,,,,,,,,,,,,,,,,mike sellers
1693,Jake Delhomme,QB,0,,,,,,,,,,,,,,,,,,,jake delhomme
1716,David Akers,K,0,,,,,,,,,,,,,,,,,,,david akers
2573974,Tyler Ervin,RB,0,,,,,,,,,,,,,,,,,,,tyler ervin
4245242,Ronald Awatt,RB,0,,,,,,,,,,,,,,,,,,,ronald awatt
3065510,Michael Colubiale,TE,30,,,,,,,,,,,,,,,,,,,michael colubiale
4245131,Tim Jones,WR,30,169.99,0.0,0.02,0.01,,,,,,,,,,,,,,,tim jones
3917569,Ja'Marcus Bradley,WR,0,,,,,,,,,,,,,,,,,,,ja marcus bradley
4245144,Tay Martin,WR,8,169.99,0.0,0.01,0.0,,,,,,,,,,,,,,,tay martin
4687509,Caden Prieskorn,TE,29,,,,,,,,,,,,,,,,,,,caden prieskorn
1753,Donovan McNabb,QB,0,,,,,,,,,,,,,,,,,,,donovan mcnabb
4245146,Travell Harris,WR,0,,,,,,,,,,,,,,,,,,,travell harris
3917558,Brandon Wright,K,0,,,,,,,,,,,,,,,,,,,brandon wright
4032247,Raleigh Webb,WR,0,,,,,,,,,,,,,,,,,,,raleigh webb
4408988,Malik Taylor,WR,0,,,,,,,,,,,,,,,,,,,malik taylor
4408992,Sy Barnett,WR,0,,,,,,,,,,,,,,,,,,,sy barnett
1762,Daunte Culpepper,QB,0,,,,,,,,,,,,,,,,,,,daunte culpepper
5113502,Emeka Emezie,WR,0,,,,,,,,,,,,,,,,,,,emeka emezie
3917546,Penny Hart,WR,0,,,,,,,,,,,,,,,,,,,penny hart
4245174,Easop Winston Jr.,WR,0,,,,,,,,,,,,,,,,,,,easop winston
4589248,Tyreik McAllister,WR,0,169.99,0.0,0.01,0.0,,,,,,,,,,,,,,,tyreik mcallister
4589245,Michael Strachan,WR,0,,,,,,,,,,,,,,,,,,,michael strachan
1794,Reggie Kelly,TE,0,,,,,,,,,,,,,,,,,,,reggie kelly
1796,Jimmy Kleinsasser,TE,0,,,,,,,,,,,,,,,,,,,jimmy kleinsasser
1798,Kevin Faulk,RB,0,,,,,,,,,,,,,,,,,,,kevin faulk
3049290,Kevin Rader,TE,0,,,,,,,,,,,,,,,,,,,kevin rader
1822,Steve Heiden,TE,22,,,,,,,,,,,,,,,,,,,steve heiden
3917612,Ke'Shawn Vaughn,RB,0,169.97,0.02,0.02,0.01,,,,,,,,,,,,,,,ke shawn vaughn
4048681,Ron'quavion Tarver,WR,3,,,,,,,,,,,,,,,,,,,ron quavion tarver
4294520,Brandon Zylstra,WR,0,,,,,,,,,,,,,,,,,,,brandon zylstra
4360057,Chuck McClelland,RB,0,,,,,,,,,,,,,,,,,,,chuck mcclelland
4360056,Ben Bryant,QB,0,,,,,,,,,,,,,,,,,,,ben bryant
1858,Brandon Stokley,WR,33,,,,,,,,,,,,,,,,,,,brandon stokley
3049249,Lance Lenoir,WR,0,,,,,,,,,,,,,,,,,,,lance lenoir
3049329,Rashard Davis,WR,0,,,,,,,,,,,,,,,,,,,rashard davis
3049325,Khalid Abdullah,RB,0,,,,,,,,,,,,,,,,,,,khalid abdullah
3917668,Alec Ingold,RB,24,169.99,-0.01,0.12,0.02,,2.08,8.571,0.079,7.925,58.321,0.225,,,,,,,,alec ingold
4048717,Rico Gafford,WR,0,,,,,,,,,,,,,,,,,,,rico gafford
1932,Desmond Clark,TE,0,,,,,,,,,,,,,,,,,,,desmond clark
4360163,Austin Aune,QB,0,,,,,,,,,,,,,,,,,,,austin aune
4360174,Michael Woods II,WR,0,170.0,0.0,0.01,0.0,,,,,,,,,,,,,,,michael woods
1966,Donald Driver,WR,0,,,,,,,,,,,,,,,,,,,donald driver
4360175,Clayton Tune,QB,0,169.98,0.01,0.02,0.01,,,,,,,,,,,,,,,clayton tune
1981,Kris Brown,K,0,,,,,,,,,,,,,,,,,,,kris brown
4605951,CJ Daniels,WR,14,169.93,0.01,0.21,0.03,,,,,3.352,42.811,0.339,,,,,,,,cj daniels
1992,Chris Greisen,QB,0,,,,,,,,,,,,,,,,,,,chris greisen
4360199,Christian Trahan,TE,0,,,,,,,,,,,,,,,,,,,christian trahan
4605841,Nathan Carter,RB,1,169.97,0.0,0.03,0.01,,,,,,,,,,,,,,,nathan carter
4360078,Alec Pierce,WR,11,96.04,-0.36,86.53,7.78,,,,,67.452,1026.219,5.58,,,,,,,,alec pierce
4360082,Leonard Taylor,TE,0,,,,,,,,,,,,,,,,,,,leonard taylor
4360086,Josh Whyle,TE,9,169.96,0.0,0.06,0.01,,,,,,,,,,,,,,,josh whyle
3917814,Marcus Marshall,RB,0,,,,,,,,,,,,,,,,,,,marcus marshall
4605858,Rivaldo Fairweather,TE,22,,,,,,,,,,,,,,,,,,,rivaldo fairweather
3917812,Nathan Cottrell,RB,0,,,,,,,,,,,,,,,,,,,nathan cottrell
2026,Jeff Garcia,QB,0,,,,,,,,,,,,,,,,,,,jeff garcia
4032479,Andrew Vollert,TE,0,,,,,,,,,,,,,,,,,,,andrew vollert
4360115,Slade Bolden,WR,0,,,,,,,,,,,,,,,,,,,slade bolden
3917787,T.J. Rahming,WR,15,,,,,,,,,,,,,,,,,,,t j rahming
3917792,Daniel Jones,QB,11,160.37,0.05,25.75,2.06,,73.035,307.372,5.895,,,,526.785,3742.574,19.601,11.142,,,,daniel jones
4032473,Rashid Shaheed,WR,26,156.0,0.0,37.46,1.81,,13.802,86.724,0.509,42.847,646.582,3.497,,,,,,,,rashid shaheed
2048,Brian Finneran,WR,0,,,,,,,,,,,,,,,,,,,brian finneran
4360131,Holton Ahlers,QB,0,,,,,,,,,,,,,,,,,,,holton ahlers
2574386,Corey Knox,RB,2,,,,,,,,,,,,,,,,,,,corey knox
4360271,Tanner Mordecai,QB,0,,,,,,,,,,,,,,,,,,,tanner mordecai
4360275,TJ Pledger,RB,0,,,,,,,,,,,,,,,,,,,tj pledger
5097554,Kameron Johnson,WR,27,169.98,0.0,0.07,0.02,,2.183,12.094,0.106,,,,,,,,,,,kameron johnson
4360282,Drake Stoops,WR,0,,,,,,,,,,,,,,,,,,,drake stoops
4360290,Brayden Willis,TE,25,169.99,0.0,0.02,0.0,,,,,,,,,,,,,,,brayden willis
4360294,Antonio Gibson,RB,0,169.97,0.0,0.04,0.01,,,,,,,,,,,,,,,antonio gibson
2574404,Matt Weiser,TE,27,,,,,,,,,,,,,,,,,,,matt weiser
4360306,Justyn Ross,WR,0,170.0,0.0,0.0,0.0,,,,,,,,,,,,,,,justyn ross
4360310,Trevor Lawrence,QB,30,95.73,-0.22,87.05,44.07,12.9953857,73.452,334.315,4.791,,,,560.476,3928.855,24.769,12.995,,,,trevor lawrence
3917846,Mark Walton,RB,15,,,,,,,,,,,,,,,,,,,mark walton
4360317,B.T. Potter,K,27,,,,,,,,,,,,,,,,,,,b t potter
3917849,Lawrence Cager,TE,28,170.0,-0.01,0.01,0.01,,,,,,,,,,,,,,,lawrence cager
4360326,Pooka Williams Jr.,WR,0,,,,,,,,,,,,,,,,,,,pooka williams
4245639,Stanley Berryhill,WR,0,,,,,,,,,,,,,,,,,,,stanley berryhill
4360329,Stephon Robinson Jr.,WR,0,,,,,,,,,,,,,,,,,,,stephon robinson
3917958,Ryan Willis,QB,0,,,,,,,,,,,,,,,,,,,ryan willis
3917962,Jace Sternberger,TE,0,,,,,,,,,,,,,,,,,,,jace sternberger
4032644,Cyrus Holder,WR,0,,,,,,,,,,,,,,,,,,,cyrus holder
3917960,Steven Sims,WR,0,170.01,0.0,0.01,0.0,,,,,,,,,,,,,,,steven sims
4261912,Brenden Knox,RB,0,,,,,,,,,,,,,,,,,,,brenden knox
2138,Thomas Jones,RB,0,,,,,,,,,,,,,,,,,,,thomas jones
2139,Plaxico Burress,WR,23,,,,,,,,,,,,,,,,,,,plaxico burress
3917940,Hakeem Butler,WR,7,,,,,,,,,,,,,,,,,,,hakeem butler
2574474,Bronson Hill,RB,9,,,,,,,,,,,,,,,,,,,bronson hill
2148,Sebastian Janikowski,K,0,,,,,,,,,,,,,,,,,,,sebastian janikowski
4360230,Emory Jones,QB,0,,,,,,,,,,,,,,,,,,,emory jones
4032625,Ra'Shaun Henry,WR,0,,,,,,,,,,,,,,,,,,,ra shaun henry
4360233,Jacob Copeland,WR,0,,,,,,,,,,,,,,,,,,,jacob copeland
4360234,Evan McPherson,K,4,169.18,0.14,12.16,9.79,,,,,,,,,,,,28.024,32.436,44.406,evan mcpherson
4360231,Lucas Krull,TE,7,169.98,0.0,0.02,0.01,,,,,,,,,,,,,,,lucas krull
4360238,Dameon Pierce,RB,21,169.99,-0.01,0.07,0.01,,,,,,,,,,,,,,,dameon pierce
2158,Anthony Becht,TE,0,,,,,,,,,,,,,,,,,,,anthony becht
4360248,Kyle Pitts Sr.,TE,1,65.97,-0.05,94.92,83.66,104.66540262,,,,80.357,856.877,3.19,,,,,,,,kyle pitts
3917914,Olamide Zaccheaus,WR,1,170.04,0.0,0.26,0.05,,,,,14.269,142.213,0.633,,,,,,,,olamide zaccheaus
4573243,Chandler Brayboy,WR,30,170.0,0.0,0.01,0.0,,,,,,,,,,,,,,,chandler brayboy
5212228,Kevin Foelsch,TE,0,,,,,,,,,,,,,,,,,,,kevin foelsch
4360260,Gabe Brkic,K,0,,,,,,,,,,,,,,,,,,,gabe brkic
2574511,Brandon Allen,QB,19,170.01,0.0,0.04,0.01,,,,,,,,,,,,,,,brandon allen
3918026,Devante Mays,RB,0,,,,,,,,,,,,,,,,,,,devante mays
4360405,Jake Bobo,WR,26,169.93,-0.01,0.15,0.02,,,,,,,,,,,,,,,jake bobo
4360406,Mataeo Durant,RB,0,,,,,,,,,,,,,,,,,,,mataeo durant
5294310,Mark McNamee,K,0,,,,,,,,,,,,,,,,,,,mark mcnamee
4573398,Max Brosmer,QB,16,169.97,0.01,0.05,0.01,,,,,,,,,,,,,,,max brosmer
5081322,Cam Camper,WR,20,,,,,,,,,,,,,,,,,,,cam camper
2206,Chris Redman,QB,0,,,,,,,,,,,,,,,,,,,chris redman
3918003,Brycen Hopkins,TE,0,,,,,,,,,,,,,,,,,,,brycen hopkins
3066052,Chad Williams,WR,0,,,,,,,,,,,,,,,,,,,chad williams
4360423,Michael Penix Jr.,QB,1,169.99,-0.03,0.99,0.1,,19.346,76.857,0.901,,,,265.05,1886.286,9.533,5.078,,,,michael penix
4606194,Seth Henigan,QB,0,,,,,,,,,,,,,,,,,,,seth henigan
5081335,Drew Stevens,K,28,,,,,,,,,,,,,,,,,,,drew stevens
5081338,Kaden Wetjen,WR,23,169.96,0.01,0.11,0.02,,2.143,11.653,0.082,1.632,18.759,0.086,,,,,,,,kaden wetjen
4360438,Brandon Aiyuk,WR,25,171.07,-0.06,5.68,0.11,,,,,,,,,,,,,,,brandon aiyuk
4212989,Dan Arnold,TE,0,,,,,,,,,,,,,,,,,,,dan arnold
2574576,C.J. Uzomah,TE,0,170.02,0.01,0.02,0.01,,,,,,,,,,,,,,,c j uzomah
4245645,Gary Brightwell,RB,4,169.99,-0.01,0.04,0.01,,,,,,,,,,,,,,,gary brightwell
3115255,Brandon Powell,WR,0,170.01,0.01,0.01,0.01,,,,,,,,,,,,,,,brandon powell
3115252,Will Grier,QB,29,,,,,,,,,,,,,,,,,,,will grier
3115251,DeAndre Goolsby,TE,0,,,,,,,,,,,,,,,,,,,deandre goolsby
4278420,Marcus Santos-Silva,TE,0,,,,,,,,,,,,,,,,,,,marcus santos silva
4212884,Alex Armah,RB,0,,,,,,,,,,,,,,,,,,,alex armah
4245661,Lucas Havrisik,K,0,169.99,0.0,0.07,0.03,,,,,,,,,,,,,,,lucas havrisik
2574591,Nick Boyle,TE,0,,,,,,,,,,,,,,,,,,,nick boyle
4032749,Aaron Parker,WR,0,,,,,,,,,,,,,,,,,,,aaron parker
2574545,Quan Bray,WR,0,,,,,,,,,,,,,,,,,,,quan bray
3066074,Chad Hansen,WR,0,,,,,,,,,,,,,,,,,,,chad hansen
4212909,David Moore,WR,29,169.98,0.0,0.07,0.01,,,,,,,,,,,,,,,david moore
4917427,Tanner Koziol,TE,30,169.99,0.0,0.07,0.01,,,,,3.907,36.633,0.278,,,,,,,,tanner koziol
2287,Sammy Morris,RB,0,,,,,,,,,,,,,,,,,,,sammy morris
3918043,Jared Rice,TE,24,,,,,,,,,,,,,,,,,,,jared rice
2574549,Sammie Coates,WR,0,,,,,,,,,,,,,,,,,,,sammie coates
2300,Neil Rackers,K,0,,,,,,,,,,,,,,,,,,,neil rackers
3049698,Anthony Firkser,TE,8,170.01,0.01,0.02,0.01,,,,,,,,,,,,,,,anthony firkser
5081432,Antonio Williams,WR,28,170.54,-0.03,6.41,0.22,,4.082,22.312,0.201,40.482,519.006,3.182,,,,,,,,antonio williams
3115315,Duke Williams,WR,0,,,,,,,,,,,,,,,,,,,duke williams
3115314,Cam Sims,WR,0,,,,,,,,,,,,,,,,,,,cam sims
3066158,Tarik Cohen,RB,20,,,,,,,,,,,,,,,,,,,tarik cohen
2330,Tom Brady,QB,27,,,,,,,,,,,,,,,,,,,tom brady
3115330,Josh Malone,WR,0,,,,,,,,,,,,,,,,,,,josh malone
3115328,Jalen Hurd,WR,17,,,,,,,,,,,,,,,,,,,jalen hurd
4573559,Vincent Testaverde,QB,27,,,,,,,,,,,,,,,,,,,vincent testaverde
4360564,TaMerik Williams,RB,0,,,,,,,,,,,,,,,,,,,tamerik williams
4360569,Jordan Mason,RB,16,156.75,-0.64,53.36,1.68,,161.976,749.321,5.435,13.401,83.381,0.336,,,,,,,,jordan mason
2361,Brian Jennings,TE,0,,,,,,,,,,,,,,,,,,,brian jennings
3115306,Josh Reynolds,WR,0,170.01,0.01,0.02,0.01,,,,,,,,,,,,,,,josh reynolds
3066147,Jawill Davis,WR,9,,,,,,,,,,,,,,,,,,,jawill davis
4360575,Malachi Carter,WR,0,,,,,,,,,,,,,,,,,,,malachi carter
2574630,Jeff Driskel,QB,0,170.01,0.02,0.03,0.0,,,,,,,,,,,,,,,jeff driskel
3115293,Kyle Allen,QB,2,169.93,0.03,0.14,0.02,,1.058,2.929,0.042,,,,21.963,138.04,0.918,0.705,,,,kyle allen
5097854,Lance Mason,TE,0,,,,,,,,,,,,,,,,,,,lance mason
5081368,Squirrel White,WR,3,,,,,,,,,,,,,,,,,,,squirrel white
3115378,Russell Gage Jr.,WR,0,170.02,0.01,0.01,0.0,,,,,,,,,,,,,,,russell gage
3115375,Darrel Williams,RB,0,,,,,,,,,,,,,,,,,,,darrel williams
4819215,Josh Kattus,TE,4,,,,,,,,,,,,,,,,,,,josh kattus
3115394,DJ Chark,WR,0,170.01,0.01,0.02,0.01,,,,,,,,,,,,,,,dj chark
4819231,Kaleb Johnson,RB,23,170.03,-0.02,0.79,0.08,,8.57,35.828,0.217,,,,,,,,,,,kaleb johnson
3115349,Jakob Johnson,RB,0,169.99,0.02,0.02,0.01,,,,,,,,,,,,,,,jakob johnson
5081397,Dylan Sampson,RB,5,170.89,0.08,4.75,0.38,,54.517,227.489,1.036,29.556,206.637,1.206,,,,,,,,dylan sampson
4360506,Monte Pottebaum,RB,23,,,,,,,,,,,,,,,,,,,monte pottebaum
2476373,Jerome Cunningham,TE,0,,,,,,,,,,,,,,,,,,,jerome cunningham
4262205,Cade Brewer,TE,0,,,,,,,,,,,,,,,,,,,cade brewer
3115366,Malachi Dupre,WR,24,,,,,,,,,,,,,,,,,,,malachi dupre
3115365,Trey Quinn,WR,0,,,,,,,,,,,,,,,,,,,trey quinn
3115364,Leonard Fournette,RB,0,,,,,,,,,,,,,,,,,,,leonard fournette
3115360,Ethan Wolf,TE,0,,,,,,,,,,,,,,,,,,,ethan wolf
3115359,Daniel Helm,TE,0,,,,,,,,,,,,,,,,,,,daniel helm
4360516,Tyrone Tracy Jr.,RB,19,167.34,0.07,12.98,0.83,,111.304,473.54,1.611,15.996,116.78,0.557,,,,,,,,tyrone tracy
2440,Billy Volek,QB,0,,,,,,,,,,,,,,,,,,,billy volek
2442,Justin Snow,TE,0,,,,,,,,,,,,,,,,,,,justin snow
3115443,Cody Hollister,WR,0,,,,,,,,,,,,,,,,,,,cody hollister
3049899,Younghoe Koo,K,0,169.72,0.01,0.29,0.17,,,,,,,,,,,,,,,younghoe koo
3049916,Matt Breida,RB,0,,,,,,,,,,,,,,,,,,,matt breida
4360689,Tyler Shough,QB,18,154.36,-0.25,42.42,4.48,,65.586,284.696,4.296,,,,547.966,3890.96,20.406,11.114,,,,tyler shough
4360691,Travis Dye,RB,0,,,,,,,,,,,,,,,,,,,travis dye
3049872,Kyle Lauletta,QB,0,,,,,,,,,,,,,,,,,,,kyle lauletta
4360698,Joe Milton III,QB,6,169.9,0.0,0.28,0.02,,,,,,,,,,,,,,,joe milton
2489,Rian Lindell,K,27,,,,,,,,,,,,,,,,,,,rian lindell
4573697,Mason Tipton,WR,18,169.99,0.0,0.06,0.01,,,,,,,,,,,,,,,mason tipton
4360705,Jack Colletto,RB,0,,,,,,,,,,,,,,,,,,,jack colletto
3049891,Brian Brown,WR,8,,,,,,,,,,,,,,,,,,,brian brown
4688380,Cam Ward,QB,10,167.4,-0.02,9.65,0.97,,46.551,200.383,2.028,,,,558.268,3754.026,16.423,10.286,,,,cam ward
4049301,Anthony Johnson,WR,0,,,,,,,,,,,,,,,,,,,anthony johnson
4573699,Jackson Hawes,TE,2,169.94,-0.01,0.12,0.02,,,,,11.096,110.172,0.893,,,,,,,,jackson hawes
4049294,Antonio Nunn,WR,0,,,,,,,,,,,,,,,,,,,antonio nunn
3705353,Rodney Anderson,RB,0,,,,,,,,,,,,,,,,,,,rodney anderson
5278091,Jordan Petaia,TE,0,,,,,,,,,,,,,,,,,,,jordan petaia
3918323,Joseph Parker,WR,10,,,,,,,,,,,,,,,,,,,joseph parker
5081508,Eli Heidenreich,RB,23,169.96,0.0,0.35,0.03,,,,,,,,,,,,,,,eli heidenreich
3049987,Darius Victor,RB,22,,,,,,,,,,,,,,,,,,,darius victor
4049391,Josh Hokit,RB,0,,,,,,,,,,,,,,,,,,,josh hokit
5278103,Taylor Elgersma,QB,0,,,,,,,,,,,,,,,,,,,taylor elgersma
4262315,Pete Guerriero,RB,0,,,,,,,,,,,,,,,,,,,pete guerriero
2548,Jay Feely,K,0,,,,,,,,,,,,,,,,,,,jay feely
2549,Mike Vick,QB,23,,,,,,,,,,,,,,,,,,,mike vick
2574808,Robbie Chosen,WR,0,170.02,0.01,0.02,0.01,,,,,,,,,,,,,,,robbie chosen
2553,LaDainian Tomlinson,RB,0,,,,,,,,,,,,,,,,,,,ladainian tomlinson
4360637,Jeshaun Jones,WR,16,169.98,0.0,0.05,0.01,,,,,,,,,,,,,,,jeshaun jones
4360635,Chig Okonkwo,TE,28,168.48,0.0,8.71,1.54,,,,,53.389,551.303,2.193,,,,,,,,chig okonkwo
3918298,Josh Allen,QB,2,22.56,0.02,99.8,97.17,709.3591421,116.367,579.454,12.429,,,,508.907,3945.07,26.215,11.573,,,,josh allen
2564,Santana Moss,WR,28,,,,,,,,,,,,,,,,,,,santana moss
4360644,Daniel Arias,WR,0,,,,,,,,,,,,,,,,,,,daniel arias
4360649,Dimitri Stanley,WR,0,,,,,,,,,,,,,,,,,,,dimitri stanley
5392987,Reginald Virgil,WR,22,,,,,,,,,,,,,,,,,,,reginald virgil
5392988,Harrison Wallace,WR,22,,,,,,,,,,,,,,,,,,,harrison wallace
2578,Reggie Wayne,WR,0,,,,,,,,,,,,,,,,,,,reggie wayne
2579,Todd Heap,TE,0,,,,,,,,,,,,,,,,,,,todd heap
2580,Drew Brees,QB,18,,,,,,,,,,,,,,,,,,,drew brees
2583,Alge Crumpler,TE,0,,,,,,,,,,,,,,,,,,,alge crumpler
4426330,Jerrion Ealy,RB,0,,,,,,,,,,,,,,,,,,,jerrion ealy
2584,Chad Johnson,WR,0,,,,,,,,,,,,,,,,,,,chad johnson
4360794,Henry Pearson,TE,0,170.0,-0.01,0.01,0.0,,,,,,,,,,,,,,,henry pearson
4360797,Tutu Atwell,WR,15,169.97,0.01,0.34,0.07,,2.147,11.337,0.064,20.367,291.663,0.445,,,,,,,,tutu atwell
4426338,Bo Nix,QB,7,91.73,0.1,86.94,27.81,11.12935916,82.266,355.61,3.944,,,,564.736,3873.118,26.386,11.129,,,,bo nix
4360802,Javian Hawkins,RB,0,,,,,,,,,,,,,,,,,,,javian hawkins
4360799,Jordan Travis,QB,0,169.96,0.0,0.04,0.01,,,,,,,,,,,,,,,jordan travis
4426335,Graham Mertz,QB,34,169.98,0.01,0.02,0.01,,,,,,,,,,,,,,,graham mertz
4360805,Hassan Hall,RB,0,,,,,,,,,,,,,,,,,,,hassan hall
4360803,Marcus Riley,WR,0,,,,,,,,,,,,,,,,,,,marcus riley
4426339,Spencer Rattler,QB,18,169.96,0.01,0.15,0.02,,1.336,7.142,0.023,,,,22.941,153.633,0.806,0.512,,,,spencer rattler
2574918,Tommylee Lewis,WR,0,,,,,,,,,,,,,,,,,,,tommylee lewis
2600,Chris Chambers,WR,0,,,,,,,,,,,,,,,,,,,chris chambers
4426348,Jayden Daniels,QB,28,51.78,0.18,98.52,83.6,435.58909233,130.957,669.773,5.118,,,,520.256,3854.142,22.361,9.907,,,,jayden daniels
4426354,George Pickens,WR,6,28.16,-0.04,99.55,92.68,,,,,79.947,1114.204,8.152,,,,,,,,george pickens
4360818,Tyler Harrell,WR,0,,,,,,,,,,,,,,,,,,,tyler harrell
4426364,Baylor Cupp,TE,0,169.97,0.0,0.02,0.01,,,,,,,,,,,,,,,baylor cupp
2622,Steve Smith Sr.,WR,33,,,,,,,,,,,,,,,,,,,steve smith
4426370,Jadon Haselwood,WR,0,,,,,,,,,,,,,,,,,,,jadon haselwood
3050022,Charles Kanoff,QB,22,,,,,,,,,,,,,,,,,,,charles kanoff
4426367,Austin Stogner,TE,0,,,,,,,,,,,,,,,,,,,austin stogner
4688418,Michael Briscoe,WR,16,,,,,,,,,,,,,,,,,,,michael briscoe
2658,Sage Rosenfels,QB,0,,,,,,,,,,,,,,,,,,,sage rosenfels
4360739,Simi Fehoko,WR,22,169.98,0.0,0.02,0.01,,,,,,,,,,,,,,,simi fehoko
2664,Moran Norris,RB,0,,,,,,,,,,,,,,,,,,,moran norris
2670,Correll Buckhalter,RB,0,,,,,,,,,,,,,,,,,,,correll buckhalter
2678,Brandon Manumaleuna,TE,0,,,,,,,,,,,,,,,,,,,brandon manumaleuna
4360761,Michael Wilson,WR,22,104.14,-0.34,83.98,5.74,,,,,70.609,860.774,3.415,,,,,,,,michael wilson
2574931,Tim Semisch,TE,7,,,,,,,,,,,,,,,,,,,tim semisch
4360765,Camerun Peoples,RB,0,,,,,,,,,,,,,,,,,,,camerun peoples
4360763,Brycen Tremayne,WR,29,169.99,0.01,0.04,0.01,,,,,3.29,36.542,0.173,,,,,,,,brycen tremayne
4426310,Josh Caldwell,RB,3,,,,,,,,,,,,,,,,,,,josh caldwell
2696,Tony Stewart,TE,0,,,,,,,,,,,,,,,,,,,tony stewart
4426444,Connor Bazelak,QB,27,,,,,,,,,,,,,,,,,,,connor bazelak
2704,A.J. Feeley,QB,0,,,,,,,,,,,,,,,,,,,a j feeley
4590292,Thomas Fidone II,TE,19,169.99,0.0,0.02,0.01,,,,,,,,,,,,,,,thomas fidone
4688595,Kevorian Barnes,RB,19,,,,,,,,,,,,,,,,,,,kevorian barnes
2718,Cedrick Wilson,WR,8,,,,,,,,,,,,,,,,,,,cedrick wilson
4360932,DeAndre Torrey,RB,0,,,,,,,,,,,,,,,,,,,deandre torrey
4246250,Brian Burt,WR,13,,,,,,,,,,,,,,,,,,,brian burt
4360936,Zack Annexstad,QB,0,,,,,,,,,,,,,,,,,,,zack annexstad
3050138,Austin Duke,WR,29,,,,,,,,,,,,,,,,,,,austin duke
4360939,Rashod Bateman,WR,33,170.84,0.13,4.39,0.33,,,,,37.7,614.918,3.973,,,,,,,,rashod bateman
4426475,Tyrion Davis-Price,RB,0,169.99,0.01,0.01,0.0,,,,,,,,,,,,,,,tyrion davis price
4426479,Cornelius Johnson,WR,33,169.99,0.0,0.03,0.0,,,,,,,,,,,,,,,cornelius johnson
4606713,Brandon Hayes,WR,21,,,,,,,,,,,,,,,,,,,brandon hayes
4426485,Jonathan Mingo,WR,6,169.92,0.01,0.12,0.02,,,,,2.871,40.614,0.25,,,,,,,,jonathan mingo
4426484,Marcus Major Jr.,RB,0,,,,,,,,,,,,,,,,,,,marcus major
2968204,Cole Hikutini,TE,0,,,,,,,,,,,,,,,,,,,cole hikutini
2747,David Martin,TE,0,,,,,,,,,,,,,,,,,,,david martin
4426494,John Rhys Plumlee,QB,0,,,,,,,,,,,,,,,,,,,john rhys plumlee
2753,T.J. Houshmandzadeh,WR,0,,,,,,,,,,,,,,,,,,,t j houshmandzadeh
4426496,Cade Stover,TE,34,169.97,0.0,0.12,0.04,,4.204,9.634,0.103,15.469,134.11,0.74,,,,,,,,cade stover
4426502,Drake London,WR,1,19.02,-0.05,99.48,96.15,219.56116102,,,,101.958,1248.626,7.288,,,,,,,,drake london
2968226,De'Angelo Henderson,RB,0,,,,,,,,,,,,,,,,,,,de angelo henderson
2509475,DiAndre Campbell,WR,25,,,,,,,,,,,,,,,,,,,diandre campbell
4360967,Brevyn Spann-Ford,TE,6,169.95,-0.01,0.11,0.02,,,,,3.873,36.783,0.329,,,,,,,,brevyn spann ford
4426504,Milton Wright,WR,0,,,,,,,,,,,,,,,,,,,milton wright
2767,Chris Taylor,RB,0,,,,,,,,,,,,,,,,,,,chris taylor
4426386,Roschon Johnson,RB,3,169.94,0.01,0.17,0.02,,,,,,,,,,,,,,,roschon johnson
4426385,Zach Charbonnet,RB,26,149.08,0.08,64.61,1.01,,136.596,555.061,6.864,20.331,145.062,0.443,,,,,,,,zach charbonnet
4426388,Jameson Williams,WR,8,66.98,-0.24,93.66,47.03,,6.964,45.091,0.589,64.194,1028.977,5.697,,,,,,,,jameson williams
4573845,Devron Harper,WR,0,,,,,,,,,,,,,,,,,,,devron harper
4426399,Ramel Keyton,WR,0,169.99,0.0,0.01,0.0,,,,,,,,,,,,,,,ramel keyton
4688552,Keleki Latu,TE,2,169.99,0.0,0.01,0.0,,,,,,,,,,,,,,,keleki latu
4426407,Trey Palmer,WR,18,169.98,0.0,0.03,0.01,,,,,,,,,,,,,,,trey palmer
5278396,Sam Pitz,TE,0,,,,,,,,,,,,,,,,,,,sam pitz
2968282,Connor Davis,TE,0,,,,,,,,,,,,,,,,,,,connor davis
4426426,Joseph Ngata,WR,0,170.0,0.0,0.01,0.0,,,,,,,,,,,,,,,joseph ngata
4360900,Jason Bean,QB,0,,,,,,,,,,,,,,,,,,,jason bean
4361050,Isaiah Likely,TE,19,128.7,-0.13,81.1,21.55,,,,,63.731,684.435,4.154,,,,,,,,isaiah likely
3918639,Gerald Everett,TE,0,170.0,0.0,0.02,0.0,,,,,,,,,,,,,,,gerald everett
3672867,Jerome Washington,TE,22,,,,,,,,,,,,,,,,,,,jerome washington
3935018,Ahmad Wagner,WR,0,,,,,,,,,,,,,,,,,,,ahmad wagner
4361074,CJ Worton,WR,1,,,,,,,,,,,,,,,,,,,cj worton
4361088,Colson Yankoff,TE,28,169.99,-0.01,0.03,0.01,,,,,,,,,,,,,,,colson yankoff
5393270,Grant Finley,RB,19,,,,,,,,,,,,,,,,,,,grant finley
4361091,Jacob Sirmon,QB,0,,,,,,,,,,,,,,,,,,,jacob sirmon
5065495,Kaden Davis,WR,3,169.99,-0.01,0.02,0.01,,,,,,,,,,,,,,,kaden davis
2893,Dominic Rhodes,RB,0,,,,,,,,,,,,,,,,,,,dominic rhodes
4360972,Sean Ryan,WR,0,,,,,,,,,,,,,,,,,,,sean ryan
2575214,Josh Woodrum,QB,0,,,,,,,,,,,,,,,,,,,josh woodrum
3935107,Anthony Manzo-Lewis,RB,24,,,,,,,,,,,,,,,,,,,anthony manzo lewis
4360978,David Martin-Robinson,TE,10,170.0,0.0,0.01,0.0,,,,,,,,,,,,,,,david martin robinson
4360979,Jose Barbon,WR,0,,,,,,,,,,,,,,,,,,,jose barbon
4426515,Puka Nacua,WR,14,3.72,-0.06,99.83,99.49,356.56922112,15.921,105.688,1.181,122.965,1589.932,9.754,,,,,,,,puka nacua
3115913,Geronimo Allison,WR,0,,,,,,,,,,,,,,,,,,,geronimo allison
4426530,Kay'Ron Lynch-Adams,RB,0,,,,,,,,,,,,,,,,,,,kay ron lynch adams
4426528,Ife Adeyi,WR,0,,,,,,,,,,,,,,,,,,,ife adeyi
4426535,Theo Wease Jr.,WR,15,170.0,0.0,0.04,0.01,,,,,,,,,,,,,,,theo wease
4361008,Cole Fotheringham,TE,0,,,,,,,,,,,,,,,,,,,cole fotheringham
4426553,Davis Allen,TE,14,169.98,0.0,0.05,0.02,,,,,7.821,73.624,0.741,,,,,,,,davis allen
4361016,Siaosi Mariner,WR,0,,,,,,,,,,,,,,,,,,,siaosi mariner
4049750,Rico Bussey,WR,0,,,,,,,,,,,,,,,,,,,rico bussey
4361029,Jaivon Heiligh,WR,0,,,,,,,,,,,,,,,,,,,jaivon heiligh
3951441,Codey McElroy,TE,0,,,,,,,,,,,,,,,,,,,codey mcelroy
4361027,Thomas Yassmin,TE,9,,,,,,,,,,,,,,,,,,,thomas yassmin
4885466,Jeff Caldwell,WR,12,,,,,,,,,,,,,,,,,,,jeff caldwell
4361182,Adrian Martinez,QB,25,169.98,0.01,0.02,0.01,,,,,,,,,,,,,,,adrian martinez
3115966,Wilton Speight,QB,25,,,,,,,,,,,,,,,,,,,wilton speight
3115928,Malik Turner,WR,25,170.0,0.02,0.03,0.01,,,,,,,,,,,,,,,malik turner
4262900,Daylen Baldwin,WR,0,,,,,,,,,,,,,,,,,,,daylen baldwin
4262921,Justin Jefferson,WR,16,12.07,-0.05,99.78,98.86,293.7069773,2.025,10.629,0.098,110.728,1375.593,7.37,,,,,,,,justin jefferson
3050487,Anthony Miller,WR,0,170.0,0.01,0.02,0.01,,,,,,,,,,,,,,,anthony miller
4361100,Jack Westover,RB,17,169.98,0.0,0.03,0.01,,,,,,,,,,,,,,,jack westover
3050481,Tanner Hudson,TE,4,170.0,0.01,0.05,0.02,,,,,13.059,110.245,0.886,,,,,,,,tanner hudson
5081999,CJ Donaldson,RB,18,,,,,,,,,,,,,,,,,,,cj donaldson
3050478,Jake Elliott,K,21,168.67,0.12,7.15,4.84,,,,,,,,,,,,27.137,32.5,42.405,jake elliott
4361112,Devin Culp,TE,27,170.0,0.0,0.03,0.01,,,,,,,,,,,,,,,devin culp
5081997,Cortez Braham Jr.,WR,33,,,,,,,,,,,,,,,,,,,cortez braham
4426658,Noah Cain,RB,0,,,,,,,,,,,,,,,,,,,noah cain
4066292,Mark Vital,TE,0,,,,,,,,,,,,,,,,,,,mark vital
4688813,Josh Downs,WR,11,122.62,0.29,77.83,2.61,,2.097,10.767,0.087,78.833,760.233,2.874,,,,,,,,josh downs
4361142,Max Borghi,RB,0,,,,,,,,,,,,,,,,,,,max borghi
3115981,Ian Bunting,TE,0,,,,,,,,,,,,,,,,,,,ian bunting
4426689,Ulysses Bentley IV,RB,11,169.96,0.01,0.05,0.02,,,,,,,,,,,,,,,ulysses bentley
4426692,Luke Benson,TE,0,,,,,,,,,,,,,,,,,,,luke benson
2591718,Marken Michel,WR,0,,,,,,,,,,,,,,,,,,,marken michel
4361159,Greg Bell,RB,0,,,,,,,,,,,,,,,,,,,greg bell
4426696,Micah Bernard,RB,0,,,,,,,,,,,,,,,,,,,micah bernard
4590532,Silas Bolden,WR,0,,,,,,,,,,,,,,,,,,,silas bolden
4688835,Roman Hemby,RB,13,,,,,,,,,,,,,,,,,,,roman hemby
2575408,Rob Kelley,RB,0,,,,,,,,,,,,,,,,,,,rob kelley
2575416,Xavier Rush,WR,0,,,,,,,,,,,,,,,,,,,xavier rush
4361307,Trey McBride,TE,22,19.33,-0.1,99.75,99.15,442.10129725,,,,107.849,1023.929,5.362,,,,,,,,trey mcbride
4426844,Elijah Higgins,TE,22,169.93,0.01,0.17,0.04,,,,,20.908,182.191,0.683,,,,,,,,elijah higgins
4426857,Oscar Cardenas,TE,0,,,,,,,,,,,,,,,,,,,oscar cardenas
4361332,Shedrick Jackson,WR,13,169.99,0.0,0.02,0.0,,,,,,,,,,,,,,,shedrick jackson
2575381,Keyarris Garrett,WR,0,,,,,,,,,,,,,,,,,,,keyarris garrett
3116074,Rodney Smith,RB,0,,,,,,,,,,,,,,,,,,,rodney smith
4426875,Sam Howell,QB,6,169.96,0.0,0.08,0.01,,1.288,6.959,0.075,,,,22.004,144.75,1.046,0.722,,,,sam howell
4361354,Master Teague,RB,0,,,,,,,,,,,,,,,,,,,master teague
4361351,Jaelen Gill,WR,0,,,,,,,,,,,,,,,,,,,jaelen gill
3148929,Sammis Reyes,TE,0,,,,,,,,,,,,,,,,,,,sammis reyes
3116144,Clayton Thorson,QB,0,,,,,,,,,,,,,,,,,,,clayton thorson
4869132,Reggie Virgil,WR,22,169.96,0.01,0.08,0.01,,,,,3.363,39.274,0.143,,,,,,,,reggie virgil
3116165,Chris Godwin Jr.,WR,27,145.5,-0.6,77.31,3.6,,,,,60.402,701.449,4.571,,,,,,,,chris godwin
3116164,Mike Gesicki,TE,4,170.74,0.1,2.35,0.44,,,,,40.142,393.532,4.601,,,,,,,,mike gesicki
3722362,Brett Rypien,QB,0,170.01,0.01,0.02,0.01,,,,,,,,,,,,,,,brett rypien
3116158,Jason Cabinda,RB,0,,,,,,,,,,,,,,,,,,,jason cabinda
5082142,Noah Short,WR,0,,,,,,,,,,,,,,,,,,,noah short
3116155,Saeed Blacknall,WR,0,,,,,,,,,,,,,,,,,,,saeed blacknall
4361259,Zach Wilson,QB,18,169.96,0.0,0.07,0.02,,,,,,,,,,,,,,,zach wilson
4426800,Ahmarean Brown,WR,0,,,,,,,,,,,,,,,,,,,ahmarean brown
2575435,Chris Briggs,WR,11,,,,,,,,,,,,,,,,,,,chris briggs
4361264,Isaiah Bowser,RB,0,,,,,,,,,,,,,,,,,,,isaiah bowser
3116136,Justin Jackson,RB,8,,,,,,,,,,,,,,,,,,,justin jackson
3116132,Garrett Dickerson,TE,0,,,,,,,,,,,,,,,,,,,garrett dickerson
4361426,Justin Shorter,WR,13,169.99,0.0,0.02,0.0,,,,,,,,,,,,,,,justin shorter
4689114,Jaxson Dart,QB,19,75.13,-0.23,93.58,74.99,305.22505282,100.78,553.174,6.624,,,,503.843,3689.696,20.896,10.157,,,,jaxson dart
4361432,Romeo Doubs,WR,17,150.36,-0.29,67.42,2.24,,,,,56.017,714.405,5.616,,,,,,,,romeo doubs
2575553,Kenneth Farrow,RB,0,,,,,,,,,,,,,,,,,,,kenneth farrow
4361438,Cole Turner,TE,15,169.99,0.01,0.02,0.01,,,,,,,,,,,,,,,cole turner
4361435,Carson Strong,QB,0,,,,,,,,,,,,,,,,,,,carson strong
4361444,Toa Taua,RB,0,,,,,,,,,,,,,,,,,,,toa taua
4426990,Jalen Moreno-Cropper,WR,18,170.0,0.0,0.01,0.01,,,,,,,,,,,,,,,jalen moreno cropper
3116182,DeAndre Thompkins,WR,0,,,,,,,,,,,,,,,,,,,deandre thompkins
3116172,Trace McSorley,QB,0,,,,,,,,,,,,,,,,,,,trace mcsorley
3050661,Bryant Mitchell,WR,0,,,,,,,,,,,,,,,,,,,bryant mitchell
3116195,Cole Herdman,TE,0,,,,,,,,,,,,,,,,,,,cole herdman
3116188,David Blough,QB,0,,,,,,,,,,,,,,,,,,,david blough
4426893,Joshua Cephus,WR,0,169.99,0.0,0.01,0.0,,,,,,,,,,,,,,,joshua cephus
4426891,Isaiah Spiller,RB,0,,,,,,,,,,,,,,,,,,,isaiah spiller
4246674,Mik'Quan Deane,TE,5,,,,,,,,,,,,,,,,,,,mik quan deane
4361370,Chris Olave,WR,18,35.23,-0.14,98.33,87.12,,,,,90.498,1162.597,6.442,,,,,,,,chris olave
3919104,Kerrith Whyte,RB,0,,,,,,,,,,,,,,,,,,,kerrith whyte
4361372,Jeremy Ruckert,TE,20,169.96,-0.01,0.08,0.02,,,,,12.417,95.618,0.53,,,,,,,,jeremy ruckert
5082269,Dean Connors,RB,14,,,,,,,,,,,,,,,,,,,dean connors
5082289,Kelly Akharaiyi,WR,0,,,,,,,,,,,,,,,,,,,kelly akharaiyi
4689090,Brandon Frazier,TE,0,,,,,,,,,,,,,,,,,,,brandon frazier
4361409,Jahan Dotson,WR,1,170.15,-0.03,0.52,0.08,,,,,28.723,358.184,1.847,,,,,,,,jahan dotson
4361411,Pat Freiermuth,TE,23,168.93,0.06,7.94,1.7,,,,,59.883,600.885,2.785,,,,,,,,pat freiermuth
4426948,Luke McCaffrey,WR,28,169.92,0.02,0.36,0.07,,,,,17.456,200.739,1.168,,,,,,,,luke mccaffrey
4361417,Zack Kuntz,TE,6,169.98,0.0,0.02,0.01,,,,,,,,,,,,,,,zack kuntz
4361418,Will Levis,QB,10,169.98,0.0,0.08,0.02,,,,,,,,,,,,,,,will levis
4869461,Trey Smack,K,9,169.62,0.07,5.19,3.95,,,,,,,,,,,,29.784,35.391,41.324,trey smack
5033305,Anthony Turner,WR,0,,,,,,,,,,,,,,,,,,,anthony turner
2575660,Garrett Grayson,QB,7,,,,,,,,,,,,,,,,,,,garrett grayson
4361556,Aron Cruickshank,WR,0,,,,,,,,,,,,,,,,,,,aron cruickshank
4427095,DeMario Douglas,WR,17,169.93,-0.01,0.49,0.07,,4.133,21.39,0.154,22.732,271.059,1.502,,,,,,,,demario douglas
2985288,Marquez Williams,RB,0,,,,,,,,,,,,,,,,,,,marquez williams
3050824,Justice Liggins,WR,24,,,,,,,,,,,,,,,,,,,justice liggins
4427105,Max Duggan,QB,0,169.96,0.01,0.02,0.01,,,,,,,,,,,,,,,max duggan
4361577,Dyami Brown,WR,28,170.18,-0.01,0.44,0.07,,,,,29.577,392.125,2.667,,,,,,,,dyami brown
4361579,Javonte Williams,RB,6,38.83,-0.28,97.63,86.11,,287.481,1256.34,11.086,37.068,218.393,1.511,,,,,,,,javonte williams
3886377,Josh Rosen,QB,0,,,,,,,,,,,,,,,,,,,josh rosen
5082505,Latreal Jones,WR,0,,,,,,,,,,,,,,,,,,,latreal jones
4361606,Darwin Thompson,RB,0,,,,,,,,,,,,,,,,,,,darwin thompson
4361604,Blake Watson,RB,0,169.99,0.0,0.01,0.01,,,,,,,,,,,,,,,blake watson
4033806,James McCourt,K,0,,,,,,,,,,,,,,,,,,,james mccourt
4361607,Andrew Peasley,QB,0,,,,,,,,,,,,,,,,,,,andrew peasley
3116407,Mason Rudolph,QB,23,169.97,0.01,0.17,0.03,,,,,,,,,,,,,,,mason rudolph
3116406,Tyreek Hill,WR,0,169.9,0.0,12.64,0.37,,,,,,,,,,,,,,,tyreek hill
4361493,Jack Plummer,QB,0,,,,,,,,,,,,,,,,,,,jack plummer
3413,Lawrence Tynes,K,0,,,,,,,,,,,,,,,,,,,lawrence tynes
4427047,Luke Deal,TE,0,,,,,,,,,,,,,,,,,,,luke deal
5082424,Dominic Zvada,K,19,169.78,0.02,0.51,0.37,,,,,,,,,,,,29.361,34.479,35.523,dominic zvada
4361516,Daniel Bellinger,TE,10,169.96,0.0,0.1,0.02,,,,,12.667,111.646,0.494,,,,,,,,daniel bellinger
4361529,Isiah Pacheco,RB,8,157.76,-0.07,51.95,2.67,,148.561,640.078,4.535,17.171,114.472,0.791,,,,,,,,isiah pacheco
3116365,Mark Andrews,TE,33,122.77,-0.08,80.71,25.3,,9.754,34.728,0.672,57.992,618.11,7.126,,,,,,,,mark andrews
3116389,Samaje Perine,RB,4,170.81,0.03,2.21,0.27,,101.829,444.013,3.352,18.759,139.31,0.734,,,,,,,,samaje perine
3116385,Joe Mixon,RB,0,169.96,0.01,0.51,0.07,,,,,,,,,,,,,,,joe mixon
3116384,Carson Meier,TE,0,,,,,,,,,,,,,,,,,,,carson meier
4361679,Devin Carter,WR,0,,,,,,,,,,,,,,,,,,,devin carter
4050373,Quez Watkins,WR,21,169.98,0.0,0.05,0.01,,,,,,,,,,,,,,,quez watkins
4427225,Zakhari Franklin,WR,0,,,,,,,,,,,,,,,,,,,zakhari franklin
5082601,Jeff Weimer,WR,12,,,,,,,,,,,,,,,,,,,jeff weimer
4427238,Dillon Gabriel,QB,5,169.98,0.0,0.11,0.01,,,,,,,,,,,,,,,dillon gabriel
4427243,Brett Gabbert,QB,0,,,,,,,,,,,,,,,,,,,brett gabbert
3504,Shayne Graham,K,1,,,,,,,,,,,,,,,,,,,shayne graham
5066227,Ben Beise,TE,0,,,,,,,,,,,,,,,,,,,ben beise
5082633,Evan Svoboda,TE,24,,,,,,,,,,,,,,,,,,,evan svoboda
4574716,Harrison Mevis,K,14,133.14,0.22,91.42,85.31,160.99064157,,,,,,,,,,,29.95,34.448,54.846,harrison mevis
5082630,Jalen Royals,WR,12,169.95,0.0,0.25,0.03,,,,,6.815,77.966,0.628,,,,,,,,jalen royals
4574730,Isaiah Washington,WR,0,,,,,,,,,,,,,,,,,,,isaiah washington
4427267,Kaylon Geiger,WR,0,,,,,,,,,,,,,,,,,,,kaylon geiger
4328969,Ja'Quan Gardner,RB,25,,,,,,,,,,,,,,,,,,,ja quan gardner
3529,David Carr,QB,0,,,,,,,,,,,,,,,,,,,david carr
4361736,Joseph Scates,WR,0,,,,,,,,,,,,,,,,,,,joseph scates
3886598,Jauan Jennings,WR,16,169.86,0.09,9.55,0.45,,,,,46.475,486.292,3.335,,,,,,,,jauan jennings
3541,Donte' Stallworth,WR,0,,,,,,,,,,,,,,,,,,,donte stallworth
3542,Jeremy Shockey,TE,0,,,,,,,,,,,,,,,,,,,jeremy shockey
4869520,Octavian Smith Jr.,WR,33,,,,,,,,,,,,,,,,,,,octavian smith
3549,Daniel Graham,TE,0,,,,,,,,,,,,,,,,,,,daniel graham
4427164,Mason Fairchild,TE,0,,,,,,,,,,,,,,,,,,,mason fairchild
4361636,John Paddock,QB,0,,,,,,,,,,,,,,,,,,,john paddock
3561,Jabar Gaffney,WR,0,,,,,,,,,,,,,,,,,,,jabar gaffney
4361653,Devin Leary,QB,0,169.96,0.0,0.03,0.01,,,,,,,,,,,,,,,devin leary
4689338,Dillon Johnson,RB,0,,,,,,,,,,,,,,,,,,,dillon johnson
3575,Andre Davis,WR,0,,,,,,,,,,,,,,,,,,,andre davis
4689334,Malik Heath,WR,0,170.0,0.0,0.0,0.0,,,,,,,,,,,,,,,malik heath
4361655,Ricky Person Jr.,RB,0,,,,,,,,,,,,,,,,,,,ricky person
3579,Clinton Portis,RB,0,,,,,,,,,,,,,,,,,,,clinton portis
3582,Maurice Morris,RB,0,,,,,,,,,,,,,,,,,,,maurice morris
4361660,Trent Pennix,RB,0,,,,,,,,,,,,,,,,,,,trent pennix
4361665,Christopher Dunn,K,0,169.99,-0.01,0.03,0.02,,,,,,,,,,,,,,,christopher dunn
3584,Ladell Betts,RB,0,,,,,,,,,,,,,,,,,,,ladell betts
4607419,Key'Shawn Smith,WR,0,,,,,,,,,,,,,,,,,,,key shawn smith
3590,Antwaan Randle El,WR,0,,,,,,,,,,,,,,,,,,,antwaan randle el
4427209,Jeff Foreman,WR,0,,,,,,,,,,,,,,,,,,,jeff foreman
3593,Deion Branch,WR,0,,,,,,,,,,,,,,,,,,,deion branch
3116593,Dalvin Cook,RB,0,169.98,0.01,0.05,0.02,,,,,,,,,,,,,,,dalvin cook
3609,Josh McCown,QB,0,,,,,,,,,,,,,,,,,,,josh mccown
3616,Chris Baker,TE,0,,,,,,,,,,,,,,,,,,,chris baker
3619,Brian Westbrook,RB,0,,,,,,,,,,,,,,,,,,,brian westbrook
4427366,Breece Hall,RB,20,38.28,-0.4,98.05,88.51,,265.0,1163.092,7.551,52.138,435.908,2.68,,,,,,,,breece hall
3886636,Alex Barnes,RB,10,,,,,,,,,,,,,,,,,,,alex barnes
4361831,Alex Hale,K,0,,,,,,,,,,,,,,,,,,,alex hale
4869748,Zavion Thomas,WR,3,169.91,0.01,0.47,0.04,,,,,12.47,153.602,1.219,,,,,,,,zavion thomas
3631,Justin Peelle,TE,0,,,,,,,,,,,,,,,,,,,justin peelle
3116563,Shaun Wilson,RB,0,,,,,,,,,,,,,,,,,,,shaun wilson
3636,David Garrard,QB,0,,,,,,,,,,,,,,,,,,,david garrard
3116559,Johnathan Lloyd,WR,14,,,,,,,,,,,,,,,,,,,johnathan lloyd
4820592,Nate McCrary,RB,0,,,,,,,,,,,,,,,,,,,nate mccrary
3642,Randy McMichael,TE,0,,,,,,,,,,,,,,,,,,,randy mcmichael
2575891,Paul Quessenberry,TE,0,,,,,,,,,,,,,,,,,,,paul quessenberry
4427391,Kenny McIntosh,RB,0,170.0,0.0,0.02,0.01,,,,,,,,,,,,,,,kenny mcintosh
4689546,Danny Gray,WR,21,169.99,0.0,0.02,0.01,,,,,,,,,,,,,,,danny gray
2575910,Trevone Boykin,QB,0,,,,,,,,,,,,,,,,,,,trevone boykin
3116573,Davis Koppenhaver,TE,9,,,,,,,,,,,,,,,,,,,davis koppenhaver
4361741,Brock Purdy,QB,25,104.25,-0.34,86.56,31.53,309.66829445,65.411,277.277,3.512,,,,529.63,4180.69,27.073,13.892,,,,brock purdy
4427278,Xavier Gipson,WR,19,170.0,0.0,0.01,0.0,,,,,,,,,,,,,,,xavier gipson
5082648,Bryce Pierre,TE,0,,,,,,,,,,,,,,,,,,,bryce pierre
4361739,Josh Johnson,WR,0,,,,,,,,,,,,,,,,,,,josh johnson
3116661,Micky Crum,TE,23,,,,,,,,,,,,,,,,,,,micky crum
4869645,Caleb Douglas,WR,15,170.31,0.01,1.17,0.1,,,,,31.206,405.886,1.507,,,,,,,,caleb douglas
3116680,Austin Proehl,WR,0,,,,,,,,,,,,,,,,,,,austin proehl
5344782,Jack Strand,QB,1,,,,,,,,,,,,,,,,,,,jack strand
4361765,Brayden Narveson,K,0,169.97,-0.01,0.04,0.02,,,,,,,,,,,,,,,brayden narveson
3688,Robert Royal,TE,0,,,,,,,,,,,,,,,,,,,robert royal
4361777,Zamir White,RB,0,169.99,0.0,0.04,0.01,,,,,,,,,,,,,,,zamir white
4361778,Kearis Jackson,WR,0,170.0,0.0,0.0,0.0,,,,,,,,,,,,,,,kearis jackson
4574777,Dylan Leonard,TE,0,,,,,,,,,,,,,,,,,,,dylan leonard
2575965,Elijhaa Penny,RB,0,,,,,,,,,,,,,,,,,,,elijhaa penny
3116642,Reggie Bonnafon,RB,0,,,,,,,,,,,,,,,,,,,reggie bonnafon
3919557,Scotty Washington,TE,0,,,,,,,,,,,,,,,,,,,scotty washington
2576045,Kyle Brindza,K,20,,,,,,,,,,,,,,,,,,,kyle brindza
3116721,Jaylen Samuels,RB,0,,,,,,,,,,,,,,,,,,,jaylen samuels
4361945,Jarveon Howard,RB,0,,,,,,,,,,,,,,,,,,,jarveon howard
3116715,Jalan McClendon,QB,28,,,,,,,,,,,,,,,,,,,jalan mcclendon
3116745,Stephen Louis,WR,34,,,,,,,,,,,,,,,,,,,stephen louis
3745,J.T. O'Sullivan,QB,0,,,,,,,,,,,,,,,,,,,j t o sullivan
3919544,Matt Colburn,RB,0,,,,,,,,,,,,,,,,,,,matt colburn
2985659,Wil Lutz,K,7,170.36,0.09,4.21,3.18,,,,,,,,,,,,27.96,33.016,38.889,wil lutz
4361960,Tre Turner,WR,13,,,,,,,,,,,,,,,,,,,tre turner
2969241,Ben Braunecker,TE,0,,,,,,,,,,,,,,,,,,,ben braunecker
3761,Rock Cartwright,RB,0,,,,,,,,,,,,,,,,,,,rock cartwright
3116690,Elijah Hood,RB,30,,,,,,,,,,,,,,,,,,,elijah hood
2576019,Josh Doctson,WR,0,,,,,,,,,,,,,,,,,,,josh doctson
3919510,Alex Bachman,WR,0,170.0,0.0,0.02,0.0,,,,,,,,,,,,,,,alex bachman
3773,John Gilmore,TE,0,,,,,,,,,,,,,,,,,,,john gilmore
4361988,James Mitchell,TE,29,169.99,0.0,0.01,0.0,,,,,,,,,,,,,,,james mitchell
3784,Chester Taylor,RB,0,,,,,,,,,,,,,,,,,,,chester taylor
4361994,Sam Hartman,QB,28,,,,,,,,,,,,,,,,,,,sam hartman
4574860,Kyrese Rowan,WR,0,,,,,,,,,,,,,,,,,,,kyrese rowan
3886836,Travis Jonsen,WR,0,,,,,,,,,,,,,,,,,,,travis jonsen
3886841,Tony Brooks-James,RB,0,,,,,,,,,,,,,,,,,,,tony brooks james
3919609,Jalen McCleskey,WR,0,,,,,,,,,,,,,,,,,,,jalen mccleskey
3919596,Chris Carson,RB,0,,,,,,,,,,,,,,,,,,,chris carson
3919602,Matt Ammendola,K,0,,,,,,,,,,,,,,,,,,,matt ammendola
4869816,Vinny Anthony II,WR,1,,,,,,,,,,,,,,,,,,,vinny anthony
3886812,Jake Browning,QB,27,169.99,0.0,0.11,0.02,,1.264,5.497,0.086,,,,21.908,162.914,1.053,0.721,,,,jake browning
3886818,Myles Gaskin,RB,0,170.0,0.0,0.01,0.01,,,,,,,,,,,,,,,myles gaskin
2969294,Tyler Varga,RB,11,,,,,,,,,,,,,,,,,,,tyler varga
4361915,Sam Pinckney,WR,0,,,,,,,,,,,,,,,,,,,sam pinckney
3886809,Andre Baccellia,WR,0,170.01,0.0,0.01,0.01,,,,,,,,,,,,,,,andre baccellia
3051315,Jahad Thomas,RB,0,,,,,,,,,,,,,,,,,,,jahad thomas
4427600,Terrell Jennings,RB,17,169.97,0.0,0.07,0.01,,,,,,,,,,,,,,,terrell jennings
4869965,Kobe Prentice,WR,17,,,,,,,,,,,,,,,,,,,kobe prentice
2576179,Matt LaCosse,TE,0,,,,,,,,,,,,,,,,,,,matt lacosse
3051308,PJ Walker,QB,0,,,,,,,,,,,,,,,,,,,pj walker
4247386,Malik Flowers,WR,0,,,,,,,,,,,,,,,,,,,malik flowers
4362081,Cameron Dicker,K,24,107.72,0.36,99.02,95.36,163.68017714,,,,,,,,,,,33.953,37.81,41.328,cameron dicker
4362087,Keaontay Ingram,RB,0,170.0,0.0,0.01,0.0,,,,,,,,,,,,,,,keaontay ingram
2510611,Randall Telfer,TE,0,,,,,,,,,,,,,,,,,,,randall telfer
4362107,Brennan Eagles,WR,0,,,,,,,,,,,,,,,,,,,brennan eagles
5295981,Cameron Dorner,WR,17,,,,,,,,,,,,,,,,,,,cameron dorner
4034320,Earnest Edwards,WR,0,,,,,,,,,,,,,,,,,,,earnest edwards
4837248,Fernando Mendoza,QB,13,167.12,0.09,12.8,1.01,,52.11,226.274,1.91,,,,447.827,3052.427,14.18,10.48,,,,fernando mendoza
2576165,Josh Ferguson,RB,0,,,,,,,,,,,,,,,,,,,josh ferguson
4378381,Darius Prince,WR,21,,,,,,,,,,,,,,,,,,,darius prince
3051381,Mike White,QB,0,170.0,0.01,0.02,0.01,,,,,,,,,,,,,,,mike white
2576237,Thomas Rawls,RB,0,,,,,,,,,,,,,,,,,,,thomas rawls
2576236,Joe Kerridge,RB,5,,,,,,,,,,,,,,,,,,,joe kerridge
3051400,Jalin Marshall,WR,0,,,,,,,,,,,,,,,,,,,jalin marshall
4362018,Blake Whiteheart,TE,5,169.98,0.01,0.05,0.01,,,,,,,,,,,,,,,blake whiteheart
4362019,A.T. Perry,WR,23,169.99,0.0,0.03,0.01,,,,,,,,,,,,,,,a t perry
3051392,Ezekiel Elliott,RB,0,169.96,0.01,0.07,0.03,,,,,,,,,,,,,,,ezekiel elliott
4362020,Nick Sciba,K,0,,,,,,,,,,,,,,,,,,,nick sciba
3149687,Chris Brooks,RB,9,170.15,-0.03,0.7,0.07,,22.411,98.508,0.61,15.741,110.96,0.578,,,,,,,,chris brooks
2576261,Connor Cook,QB,0,,,,,,,,,,,,,,,,,,,connor cook
3051387,Marcus Baugh,TE,0,,,,,,,,,,,,,,,,,,,marcus baugh
4362029,Kai Locksley,WR,0,,,,,,,,,,,,,,,,,,,kai locksley
4427569,Giles Jackson,WR,0,,,,,,,,,,,,,,,,,,,giles jackson
4411193,Deonte Harty,WR,0,170.0,0.0,0.0,0.0,,,,,,,,,,,,,,,deonte harty
4411192,Brandon Dillon,TE,0,,,,,,,,,,,,,,,,,,,brandon dillon
4427575,Jha'Quan Jackson,WR,34,169.99,0.0,0.01,0.01,,,,,,,,,,,,,,,jha quan jackson
4869961,Chris Bell,WR,15,171.25,-0.06,4.06,0.13,,,,,34.228,448.863,1.657,,,,,,,,chris bell
2576303,David Cobb,RB,3,,,,,,,,,,,,,,,,,,,david cobb
4427728,Bam Knight,RB,22,170.12,-0.02,0.17,0.04,,,,,,,,,,,,,,,bam knight
3051439,Boston Scott,RB,0,,,,,,,,,,,,,,,,,,,boston scott
4362196,Leddie Brown,RB,0,,,,,,,,,,,,,,,,,,,leddie brown
4362208,Sam James,WR,0,,,,,,,,,,,,,,,,,,,sam james
3002265,Dwayne Washington,RB,0,,,,,,,,,,,,,,,,,,,dwayne washington
4362227,Bryce Ford-Wheaton,WR,0,169.99,0.01,0.01,0.0,,,,,,,,,,,,,,,bryce ford wheaton
4362238,Chase Brown,RB,4,26.28,-0.18,98.63,90.37,265.67152816,240.317,1046.354,7.399,64.149,434.6,2.818,,,,,,,,chase brown
4427773,Peter LeBlanc,WR,0,,,,,,,,,,,,,,,,,,,peter leblanc
4329471,J.J. Jones,WR,0,,,,,,,,,,,,,,,,,,,j j jones
4329472,Nick Keizer,TE,12,,,,,,,,,,,,,,,,,,,nick keizer
4362249,Jayden Reed,WR,9,139.47,-0.09,71.18,2.31,,8.965,64.905,0.414,63.444,728.781,4.404,,,,,,,,jayden reed
4362248,Anthony Torres,TE,0,,,,,,,,,,,,,,,,,,,anthony torres
4575116,Ty James,WR,0,,,,,,,,,,,,,,,,,,,ty james
4575131,Jacory Croskey-Merritt,RB,28,141.76,-0.06,71.17,2.27,,195.929,846.217,7.444,12.528,87.355,0.471,,,,,,,,jacory croskey merritt
5279633,Terrill Davis,WR,16,,,,,,,,,,,,,,,,,,,terrill davis
2576389,Jeff Heuerman,TE,0,,,,,,,,,,,,,,,,,,,jeff heuerman
2576336,Ameer Abdullah,RB,30,170.02,0.0,0.06,0.02,,,,,,,,,,,,,,,ameer abdullah
4362162,SaRodorick Thompson Jr.,RB,0,169.98,0.0,0.02,0.01,,,,,,,,,,,,,,,sarodorick thompson
4362170,Trey Wolff,K,0,,,,,,,,,,,,,,,,,,,trey wolff
5083076,Harold Fannin Jr.,TE,5,76.51,-0.29,92.28,81.51,104.1914965,8.501,21.142,0.321,82.985,817.315,3.19,,,,,,,,harold fannin
4362186,Erik Ezukanma,WR,21,169.99,0.0,0.01,0.0,,,,,,,,,,,,,,,erik ezukanma
2576434,Melvin Gordon III,RB,0,,,,,,,,,,,,,,,,,,,melvin gordon
2576450,Derek Watt,RB,0,,,,,,,,,,,,,,,,,,,derek watt
2576449,Austin Traylor,TE,8,,,,,,,,,,,,,,,,,,,austin traylor
4690013,Rasheen Ali,RB,33,170.04,-0.02,0.16,0.03,,,,,,,,,,,,,,,rasheen ali
4140,Corey McIntyre,RB,0,,,,,,,,,,,,,,,,,,,corey mcintyre
2576399,Nick Vannett,TE,26,170.02,0.01,0.03,0.01,,,,,,,,,,,,,,,nick vannett
2576396,Evan Spencer,WR,27,,,,,,,,,,,,,,,,,,,evan spencer
2576395,Devin Smith,WR,29,,,,,,,,,,,,,,,,,,,devin smith
4362352,Isaiah McKoy,WR,0,,,,,,,,,,,,,,,,,,,isaiah mckoy
2576408,Akeem Hunt,RB,0,,,,,,,,,,,,,,,,,,,akeem hunt
4575348,Da'Quan Felton,WR,0,,,,,,,,,,,,,,,,,,,da quan felton
4362360,Matthew Trickett,K,0,,,,,,,,,,,,,,,,,,,matthew trickett
2576414,Raheem Mostert,RB,0,170.01,0.0,0.06,0.02,,,,,,,,,,,,,,,raheem mostert
2576498,Charone Peake,WR,0,,,,,,,,,,,,,,,,,,,charone peake
4689936,Jake Bates,K,8,154.65,0.25,72.84,65.74,146.42924885,,,,,,,,,,,27.828,32.436,49.145,jake bates
2576491,Adam Humphries,WR,0,,,,,,,,,,,,,,,,,,,adam humphries
4329491,Jalen Tolliver,WR,0,,,,,,,,,,,,,,,,,,,jalen tolliver
4247574,Andrew Mevis,K,0,,,,,,,,,,,,,,,,,,,andrew mevis
4362260,Carter Bradley,QB,30,,,,,,,,,,,,,,,,,,,carter bradley
4247578,Hamze El-Zayat,WR,0,,,,,,,,,,,,,,,,,,,hamze el zayat
3821683,Austin Seibert,K,0,169.98,-0.01,0.05,0.03,,,,,,,,,,,,,,,austin seibert
4067445,Carson Williams,TE,0,,,,,,,,,,,,,,,,,,,carson williams
3051650,Darvin Kidsy,WR,0,,,,,,,,,,,,,,,,,,,darvin kidsy
4427819,Justin Lockhart,WR,0,,,,,,,,,,,,,,,,,,,justin lockhart
4427834,Erick All Jr.,TE,4,169.94,0.0,0.2,0.03,,,,,17.258,155.715,1.233,,,,,,,,erick all
3117131,Detrez Newsome,RB,0,,,,,,,,,,,,,,,,,,,detrez newsome
5279793,Tyler Kahmann,WR,0,,,,,,,,,,,,,,,,,,,tyler kahmann
4689988,Jason Brownlee,WR,12,169.99,0.0,0.02,0.0,,,,,,,,,,,,,,,jason brownlee
5083198,Darius Lassiter,WR,0,,,,,,,,,,,,,,,,,,,darius lassiter
4427985,Bub Means,WR,18,169.98,0.01,0.04,0.01,,,,,,,,,,,,,,,bub means
4245,Billy Cundiff,K,5,,,,,,,,,,,,,,,,,,,billy cundiff
4722893,Jaleel McLaughlin,RB,7,169.97,0.0,0.1,0.02,,,,,,,,,,,,,,,jaleel mclaughlin
4362452,Jaret Patterson,RB,24,170.0,-0.01,0.03,0.01,,,,,,,,,,,,,,,jaret patterson
3051719,Pharoah McKever,TE,9,,,,,,,,,,,,,,,,,,,pharoah mckever
3117256,Dalton Schultz,TE,34,167.36,0.07,9.56,1.78,,,,,59.456,555.465,3.089,,,,,,,,dalton schultz
4690143,LaJohntay Wester,WR,33,169.96,0.01,0.08,0.02,,,,,,,,,,,,,,,lajohntay wester
3117251,Christian McCaffrey,RB,25,6.56,-0.08,99.81,99.28,343.43929761,274.201,1130.872,9.169,79.084,685.259,4.776,,,,,,,,christian mccaffrey
3117250,Daniel Marx,RB,26,,,,,,,,,,,,,,,,,,,daniel marx
4260,Shaun Hill,QB,16,,,,,,,,,,,,,,,,,,,shaun hill
4722908,Drew Ogletree,TE,11,169.99,0.0,0.04,0.01,,,,,3.649,35.345,0.258,,,,,,,,drew ogletree
3051711,Matt Dayes,RB,0,,,,,,,,,,,,,,,,,,,matt dayes
2576581,Chris Moore,WR,33,170.01,0.01,0.03,0.01,,,,,,,,,,,,,,,chris moore
4362477,Derius Davis,WR,24,169.99,0.0,0.06,0.01,,2.08,11.0,0.064,3.491,37.885,0.27,,,,,,,,derius davis
4362478,Emari Demercado,RB,12,170.18,-0.01,0.66,0.11,,53.568,254.742,1.39,15.691,107.894,0.61,,,,,,,,emari demercado
4690170,DJ Thomas-Jones,TE,0,,,,,,,,,,,,,,,,,,,dj thomas jones
4362489,John Stephens Jr.,TE,0,170.0,0.0,0.01,0.01,,,,,,,,,,,,,,,john stephens
4362496,Lorenzo Lingard,RB,0,,,,,,,,,,,,,,,,,,,lorenzo lingard
4034704,Michael Bandy,WR,7,169.99,0.0,0.04,0.01,,,,,,,,,,,,,,,michael bandy
4247812,Lance McCutcheon,WR,10,,,,,,,,,,,,,,,,,,,lance mccutcheon
4362504,Brevin Jordan,TE,34,170.0,-0.01,0.02,0.01,,,,,,,,,,,,,,,brevin jordan
2576623,DeVante Parker,WR,21,,,,,,,,,,,,,,,,,,,devante parker
3051762,Ralph Webb,RB,23,,,,,,,,,,,,,,,,,,,ralph webb
4690070,Mitchell Tinsley,WR,4,169.92,0.0,0.13,0.02,,,,,6.572,84.088,0.774,,,,,,,,mitchell tinsley
5083297,Jacoby Jones,WR,28,170.0,0.0,0.01,0.0,,,,,,,,,,,,,,,jacoby jones
2511109,Trevor Siemian,QB,0,170.01,0.01,0.03,0.01,,,,,,,,,,,,,,,trevor siemian
2527492,Darius Davis,WR,25,,,,,,,,,,,,,,,,,,,darius davis
2576643,Eli Rogers,WR,0,,,,,,,,,,,,,,,,,,,eli rogers
4608177,Broc Rutter,QB,0,,,,,,,,,,,,,,,,,,,broc rutter
3051738,Marquez Valdes-Scantling,WR,6,169.94,0.02,0.12,0.02,,,,,,,,,,,,,,,marquez valdes scantling
4333,Matt Bryant,K,0,,,,,,,,,,,,,,,,,,,matt bryant
5083315,Kenyon Sadiq,TE,20,134.14,-0.37,71.06,12.65,,,,,67.247,692.185,4.304,,,,,,,,kenyon sadiq
4608171,DeAngelo Hardy,WR,0,,,,,,,,,,,,,,,,,,,deangelo hardy
4362421,Alec Holler,TE,0,,,,,,,,,,,,,,,,,,,alec holler
4051167,Parker Romo,K,0,169.98,-0.01,0.05,0.03,,,,,,,,,,,,,,,parker romo
4034779,Ko Kieft,TE,27,170.0,0.0,0.03,0.01,,,,,3.668,36.107,0.305,,,,,,,,ko kieft
4034782,Kobe McCrary,RB,16,,,,,,,,,,,,,,,,,,,kobe mccrary
4362430,Taye Barber,WR,0,,,,,,,,,,,,,,,,,,,taye barber
3051751,C.J. Duncan,WR,22,,,,,,,,,,,,,,,,,,,c j duncan
4034772,Seth Green,TE,0,,,,,,,,,,,,,,,,,,,seth green
4427971,Dontae McMillan,RB,33,,,,,,,,,,,,,,,,,,,dontae mcmillan
4362442,Pro Wells,TE,0,,,,,,,,,,,,,,,,,,,pro wells
4428116,Isaiah Neyor,WR,9,169.99,0.0,0.02,0.0,,,,,,,,,,,,,,,isaiah neyor
4428119,Lew Nichols,RB,23,169.99,0.0,0.02,0.01,,,,,,,,,,,,,,,lew nichols
4608362,Shane Zylstra,TE,2,169.99,-0.01,0.01,0.01,,,,,,,,,,,,,,,shane zylstra
2969915,Marvin Bracy,WR,26,,,,,,,,,,,,,,,,,,,marvin bracy
4034862,Jack Stoll,TE,5,169.97,0.01,0.04,0.01,,,,,3.569,30.323,0.161,,,,,,,,jack stoll
4051242,Justice Shelton-Mosley,WR,0,,,,,,,,,,,,,,,,,,,justice shelton mosley
4362603,Brenden Bates,TE,5,170.0,0.0,0.01,0.0,,,,,,,,,,,,,,,brenden bates
4399,Jeff Reed,K,0,,,,,,,,,,,,,,,,,,,jeff reed
4428143,Sone Ntoh,RB,0,,,,,,,,,,,,,,,,,,,sone ntoh
5083509,Rohan Jones,TE,14,,,,,,,,,,,,,,,,,,,rohan jones
4362617,Bryce Oliver,WR,10,169.99,0.0,0.02,0.01,,,,,,,,,,,,,,,bryce oliver
2969896,Max McCaffrey,WR,0,,,,,,,,,,,,,,,,,,,max mccaffrey
4362619,Chris Rodriguez Jr.,RB,30,169.0,0.06,16.97,0.44,,100.414,431.305,3.39,4.121,29.43,0.158,,,,,,,,chris rodriguez
4362630,Terrace Marshall Jr.,WR,15,169.99,0.0,0.03,0.01,,,,,,,,,,,,,,,terrace marshall
4421,Jason McKie,RB,0,,,,,,,,,,,,,,,,,,,jason mckie
4247942,Isaiah Winstead,WR,0,,,,,,,,,,,,,,,,,,,isaiah winstead
4362628,Ja'Marr Chase,WR,4,4.67,-0.07,99.82,99.49,336.37909627,4.073,21.084,0.143,119.456,1507.147,10.677,,,,,,,,ja marr chase
3051806,Ricky Seals-Jones,TE,0,,,,,,,,,,,,,,,,,,,ricky seals jones
5083515,Brevin Easton,WR,0,,,,,,,,,,,,,,,,,,,brevin easton
3936647,Ross Travis,TE,0,,,,,,,,,,,,,,,,,,,ross travis
4034952,La'Mical Perine,RB,0,,,,,,,,,,,,,,,,,,,la mical perine
4034948,Feleipe Franks,TE,29,170.0,0.0,0.01,0.0,,,,,,,,,,,,,,,feleipe franks
3051891,Jordan Wilkins,RB,0,,,,,,,,,,,,,,,,,,,jordan wilkins
4034950,Freddie Swain,WR,0,,,,,,,,,,,,,,,,,,,freddie swain
4034949,Eddy Pineiro,K,25,150.04,0.08,81.33,75.38,157.3838369,,,,,,,,,,,32.115,36.072,42.002,eddy pineiro
3051889,Laquon Treadwell,WR,11,170.0,0.01,0.04,0.01,,,,,3.505,36.86,0.192,,,,,,,,laquon treadwell
3871102,David Sills V,WR,27,169.99,0.0,0.03,0.01,,,,,,,,,,,,,,,david sills
4034944,Josh Hammond,WR,0,,,,,,,,,,,,,,,,,,,josh hammond
2969967,Malcolm Lewis,WR,15,,,,,,,,,,,,,,,,,,,malcolm lewis
4198676,Adam Shaheen,TE,0,,,,,,,,,,,,,,,,,,,adam shaheen
4034946,Kyle Trask,QB,0,169.99,0.01,0.02,0.0,,,,,,,,,,,,,,,kyle trask
4198679,Krishawn Hogan,WR,0,,,,,,,,,,,,,,,,,,,krishawn hogan
3068267,Austin Ekeler,RB,0,169.99,0.02,0.13,0.03,,,,,,,,,,,,,,,austin ekeler
4362523,Will Mallory,TE,11,169.99,0.0,0.01,0.0,,,,,,,,,,,,,,,will mallory
3051909,Daniel Carlson,K,0,169.99,0.01,0.09,0.05,,,,,,,,,,,,,,,daniel carlson
4428063,Tre Mosley,WR,0,,,,,,,,,,,,,,,,,,,tre mosley
4575529,James Turner,K,0,,,,,,,,,,,,,,,,,,,james turner
3051902,Peyton Barber,RB,0,,,,,,,,,,,,,,,,,,,peyton barber
4608294,Jalen Sample,WR,0,,,,,,,,,,,,,,,,,,,jalen sample
4459,Carson Palmer,QB,0,,,,,,,,,,,,,,,,,,,carson palmer
4461,Andre Johnson,WR,10,,,,,,,,,,,,,,,,,,,andre johnson
3051861,Jason Reese,TE,29,,,,,,,,,,,,,,,,,,,jason reese
2969939,Jameis Winston,QB,19,169.9,0.01,0.41,0.03,,0.739,2.664,0.028,,,,22.275,163.417,0.925,0.9,,,,jameis winston
4465,Byron Leftwich,QB,0,,,,,,,,,,,,,,,,,,,byron leftwich
2576716,Jamison Crowder,WR,0,170.02,0.01,0.02,0.0,,,,,,,,,,,,,,,jamison crowder
3051857,J'Mon Moore,WR,0,,,,,,,,,,,,,,,,,,,j mon moore
4428085,Luke Musgrave,TE,9,169.89,0.0,0.25,0.04,,,,,11.222,101.726,0.526,,,,,,,,luke musgrave
4475,Bryant Johnson,WR,0,,,,,,,,,,,,,,,,,,,bryant johnson
4477,Kyle Boller,QB,0,,,,,,,,,,,,,,,,,,,kyle boller
2969962,Duke Johnson,RB,0,,,,,,,,,,,,,,,,,,,duke johnson
4480,Rex Grossman,QB,1,,,,,,,,,,,,,,,,,,,rex grossman
4481,Willis McGahee,RB,5,,,,,,,,,,,,,,,,,,,willis mcgahee
4482,Dallas Clark,TE,33,,,,,,,,,,,,,,,,,,,dallas clark
3051876,Evan Engram,TE,7,170.56,0.08,3.06,0.54,,,,,47.318,463.482,2.175,,,,,,,,evan engram
4362560,Ty Scott,WR,0,,,,,,,,,,,,,,,,,,,ty scott
4485,Larry Johnson,RB,0,,,,,,,,,,,,,,,,,,,larry johnson
3051869,Quincy Adeboyejo,WR,0,,,,,,,,,,,,,,,,,,,quincy adeboyejo
4362569,Kobe Lewis,RB,26,,,,,,,,,,,,,,,,,,,kobe lewis
4362570,Joel Wilson,TE,10,,,,,,,,,,,,,,,,,,,joel wilson
4575558,Josh Kelly,WR,34,,,,,,,,,,,,,,,,,,,josh kelly
2576817,Karlos Williams,RB,23,,,,,,,,,,,,,,,,,,,karlos williams
4035015,Riley Ridley,WR,0,,,,,,,,,,,,,,,,,,,riley ridley
4035018,Tyler Simmons,WR,0,,,,,,,,,,,,,,,,,,,tyler simmons
4870612,Zachariah Branch,WR,1,170.2,0.01,4.38,0.22,,,,,38.341,471.318,2.319,,,,,,,,zachariah branch
4362706,Stephen Guidry,WR,0,,,,,,,,,,,,,,,,,,,stephen guidry
2970038,David Grinnage,TE,0,,,,,,,,,,,,,,,,,,,david grinnage
4035014,Isaac Nauta,TE,0,,,,,,,,,,,,,,,,,,,isaac nauta
2576822,Mike Bercovici,QB,22,,,,,,,,,,,,,,,,,,,mike bercovici
4035004,Mecole Hardman Jr.,WR,2,169.98,-0.01,0.08,0.01,,,,,,,,,,,,,,,mecole hardman
4035003,Jacob Eason,QB,0,,,,,,,,,,,,,,,,,,,jacob eason
4035006,Elijah Holyfield,RB,0,,,,,,,,,,,,,,,,,,,elijah holyfield
4035005,Brian Herrien,RB,0,,,,,,,,,,,,,,,,,,,brian herrien
4512,Anquan Boldin,WR,0,,,,,,,,,,,,,,,,,,,anquan boldin
4523,Kelley Washington,WR,0,,,,,,,,,,,,,,,,,,,kelley washington
2576785,Rashad Greene,WR,0,,,,,,,,,,,,,,,,,,,rashad greene
4527,Jason Witten,TE,13,,,,,,,,,,,,,,,,,,,jason witten
3051926,Gus Edwards,RB,0,170.0,0.01,0.02,0.01,,,,,,,,,,,,,,,gus edwards
4529,Nate Burleson,WR,5,,,,,,,,,,,,,,,,,,,nate burleson
3051923,Stacy Coley,WR,0,,,,,,,,,,,,,,,,,,,stacy coley
4532,Kevin Curtis,WR,0,,,,,,,,,,,,,,,,,,,kevin curtis
4248052,Tanner Taula,TE,0,,,,,,,,,,,,,,,,,,,tanner taula
4362748,Tyler Badie,RB,7,170.15,-0.03,0.24,0.04,,4.091,17.658,0.127,8.003,65.479,0.353,,,,,,,,tyler badie
4034964,Tyrie Cleveland,WR,0,,,,,,,,,,,,,,,,,,,tyrie cleveland
4248067,Tyler Adams,WR,0,,,,,,,,,,,,,,,,,,,tyler adams
4870653,KC Concepcion,WR,5,148.15,-0.88,70.2,1.82,,6.376,34.86,0.203,61.281,770.577,3.281,,,,,,,,kc concepcion
4248068,Aaron Shampklin,RB,0,169.98,0.0,0.02,0.01,,,,,,,,,,,,,,,aaron shampklin
4549,Visanthe Shiancoe,TE,10,,,,,,,,,,,,,,,,,,,visanthe shiancoe
2970017,James Summers,RB,23,,,,,,,,,,,,,,,,,,,james summers
2576804,Nick O'Leary,TE,0,,,,,,,,,,,,,,,,,,,nick o leary
4035072,Benny Snell Jr.,RB,0,,,,,,,,,,,,,,,,,,,benny snell
4264340,Romell Guerrier,WR,7,,,,,,,,,,,,,,,,,,,romell guerrier
4723086,Colston Loveland,TE,3,45.45,0.01,99.07,95.31,125.86871917,,,,80.197,897.86,6.023,,,,,,,,colston loveland
4035068,A.J. Rose,RB,0,,,,,,,,,,,,,,,,,,,a j rose
4568,Seneca Wallace,QB,9,,,,,,,,,,,,,,,,,,,seneca wallace
4362650,Jaray Jenkins,WR,0,,,,,,,,,,,,,,,,,,,jaray jenkins
4035069,Kayaune Ross,TE,4,,,,,,,,,,,,,,,,,,,kayaune ross
4035065,Justin Rigg,TE,0,,,,,,,,,,,,,,,,,,,justin rigg
5083552,Blayne Taylor,WR,0,,,,,,,,,,,,,,,,,,,blayne taylor
4051442,Felix Harper,QB,0,,,,,,,,,,,,,,,,,,,felix harper
4582,Brandon Lloyd,WR,25,,,,,,,,,,,,,,,,,,,brandon lloyd
4585,Sam Aiken,WR,0,,,,,,,,,,,,,,,,,,,sam aiken
4575665,Jacob Cowing,WR,25,169.98,0.0,0.06,0.01,,,,,,,,,,,,,,,jacob cowing
4592,Ovie Mughelli,RB,0,,,,,,,,,,,,,,,,,,,ovie mughelli
4428209,Ricky Pearsall,WR,25,170.09,-1.95,47.47,1.43,,,,,,,,,,,,,,,ricky pearsall
4428211,Nathaniel Peat,RB,0,,,,,,,,,,,,,,,,,,,nathaniel peat
2576854,Stephen Anderson,TE,0,,,,,,,,,,,,,,,,,,,stephen anderson
4575668,Gavin Hardison,QB,0,,,,,,,,,,,,,,,,,,,gavin hardison
4575667,Deion Hankins,RB,0,,,,,,,,,,,,,,,,,,,deion hankins
4601,Justin Gage,WR,0,,,,,,,,,,,,,,,,,,,justin gage
2970090,Trey Edmunds,RB,0,,,,,,,,,,,,,,,,,,,trey edmunds
2576873,Daniel Lasco,RB,18,,,,,,,,,,,,,,,,,,,daniel lasco
4614,Donald Lee,TE,0,,,,,,,,,,,,,,,,,,,donald lee
4035020,Charlie Woerner,TE,1,170.0,-0.01,0.05,0.01,,,,,3.925,32.688,0.179,,,,,,,,charlie woerner
4035019,Javon Wims,WR,0,,,,,,,,,,,,,,,,,,,javon wims
2576868,Maurice Harris,WR,18,,,,,,,,,,,,,,,,,,,maurice harris
4621,Brian St. Pierre,QB,0,,,,,,,,,,,,,,,,,,,brian st pierre
3052083,Devon Allen,WR,0,,,,,,,,,,,,,,,,,,,devon allen
4428367,Tayvion Robinson,WR,0,,,,,,,,,,,,,,,,,,,tayvion robinson
2576952,Nelson Spruce,WR,0,,,,,,,,,,,,,,,,,,,nelson spruce
4362841,Deshaun Fenwick,RB,0,,,,,,,,,,,,,,,,,,,deshaun fenwick
2970183,Brandon Radcliff,RB,15,,,,,,,,,,,,,,,,,,,brandon radcliff
4608607,Lincoln Pare,RB,0,,,,,,,,,,,,,,,,,,,lincoln pare
5083754,Ryan Flournoy,WR,6,169.91,0.07,3.02,0.29,,2.211,12.35,0.095,33.949,383.798,2.655,,,,,,,,ryan flournoy
3052102,Bryce Bobo,WR,7,,,,,,,,,,,,,,,,,,,bryce bobo
3052098,Darren Carrington,WR,6,,,,,,,,,,,,,,,,,,,darren carrington
3052096,Johnny Mundt,TE,21,170.01,0.01,0.05,0.01,,,,,3.447,35.388,0.208,,,,,,,,johnny mundt
3134013,Trevor Wood,TE,23,,,,,,,,,,,,,,,,,,,trevor wood
4035115,Albert Okwuegbunam Jr.,TE,13,169.98,-0.01,0.03,0.02,,,,,,,,,,,,,,,albert okwuegbunam
4362862,Josh Vann,WR,0,,,,,,,,,,,,,,,,,,,josh vann
4428396,Hayden Rucci,TE,25,170.0,0.0,0.01,0.0,,,,,,,,,,,,,,,hayden rucci
3052056,River Cracraft,WR,28,170.01,0.01,0.01,0.0,,,,,,,,,,,,,,,river cracraft
4655,Arnaz Battle,WR,0,,,,,,,,,,,,,,,,,,,arnaz battle
4362874,Matt Corral,QB,0,,,,,,,,,,,,,,,,,,,matt corral
4035102,Damarea Crockett,RB,0,,,,,,,,,,,,,,,,,,,damarea crockett
4575862,Trebor Pena,WR,30,,,,,,,,,,,,,,,,,,,trebor pena
4362878,Scottie Phillips,RB,0,,,,,,,,,,,,,,,,,,,scottie phillips
4035098,Tucker McCann,K,0,,,,,,,,,,,,,,,,,,,tucker mccann
2576925,Darren Waller,TE,0,170.01,0.0,0.11,0.02,,,,,,,,,,,,,,,darren waller
3052066,Vince Mayle,TE,0,,,,,,,,,,,,,,,,,,,vince mayle
3052061,Luke Falk,QB,20,,,,,,,,,,,,,,,,,,,luke falk
4680,Josh Brown,K,19,,,,,,,,,,,,,,,,,,,josh brown
4362887,Justin Fields,QB,12,169.9,-0.02,0.75,0.07,,2.765,15.291,0.157,,,,20.597,140.218,0.919,0.431,,,,justin fields
4362770,Messiah Swinson,TE,9,,,,,,,,,,,,,,,,,,,messiah swinson
3052143,Khalfani Muhammad,RB,0,,,,,,,,,,,,,,,,,,,khalfani muhammad
4608533,EJ Horton Jr.,WR,11,,,,,,,,,,,,,,,,,,,ej horton
4035198,Brandon Johnson,WR,13,169.99,0.0,0.01,0.0,,,,,,,,,,,,,,,brandon johnson
2577023,Terron Ward,RB,0,,,,,,,,,,,,,,,,,,,terron ward
3052166,Darrell Daniels,TE,0,,,,,,,,,,,,,,,,,,,darrell daniels
3052163,Lavon Coleman,RB,9,,,,,,,,,,,,,,,,,,,lavon coleman
4248099,Thyrick Pitts,WR,0,,,,,,,,,,,,,,,,,,,thyrick pitts
4248104,Nolan Henderson,QB,0,,,,,,,,,,,,,,,,,,,nolan henderson
4362794,Cam Johnson,WR,0,,,,,,,,,,,,,,,,,,,cam johnson
4713,Kevin Walter,WR,10,,,,,,,,,,,,,,,,,,,kevin walter
3052122,Devin Ross,WR,0,,,,,,,,,,,,,,,,,,,devin ross
4428331,Rashee Rice,WR,12,22.81,-0.15,99.0,93.21,224.04555459,8.241,42.639,0.592,96.277,1131.919,9.052,,,,,,,,rashee rice
3052117,Phillip Lindsay,RB,0,,,,,,,,,,,,,,,,,,,phillip lindsay
4035167,Jarrett Guarantano,QB,0,,,,,,,,,,,,,,,,,,,jarrett guarantano
4035170,Marquez Callaway,WR,0,170.0,0.0,0.01,0.0,,,,,,,,,,,,,,,marquez callaway
2576980,Marcus Mariota,QB,28,169.99,0.01,0.22,0.03,,1.755,9.797,0.056,,,,22.642,166.211,0.964,0.674,,,,marcus mariota
5165779,Peewee Jarrett,QB,0,,,,,,,,,,,,,,,,,,,peewee jarrett
4428501,Christian Sims,TE,0,,,,,,,,,,,,,,,,,,,christian sims
4035255,Kendrick Rogers,WR,6,,,,,,,,,,,,,,,,,,,kendrick rogers
4248286,Davis Cheek,QB,0,,,,,,,,,,,,,,,,,,,davis cheek
4428512,Kedon Slovis,QB,22,169.98,0.01,0.02,0.01,,,,,,,,,,,,,,,kedon slovis
3920560,Floyd Allen,WR,34,,,,,,,,,,,,,,,,,,,floyd allen
4780,Brandon Banks,WR,0,,,,,,,,,,,,,,,,,,,brandon banks
3052182,Damore'ea Stringfellow,WR,0,,,,,,,,,,,,,,,,,,,damore ea stringfellow
2970262,J.P. Holtz,RB,0,,,,,,,,,,,,,,,,,,,j p holtz
3052177,John Ross,WR,0,169.99,0.0,0.03,0.02,,,,,,,,,,,,,,,john ross
4428532,Ainias Smith,WR,29,170.0,0.0,0.01,0.0,,,,,,,,,,,,,,,ainias smith
4035222,Trayveon Williams,RB,0,170.0,0.0,0.02,0.0,,,,,,,,,,,,,,,trayveon williams
4035221,Quartney Davis,WR,0,,,,,,,,,,,,,,,,,,,quartney davis
4379401,John FitzPatrick,TE,0,169.99,0.0,0.01,0.01,,,,,,,,,,,,,,,john fitzpatrick
4379399,James Cook III,RB,2,13.03,-0.03,99.76,96.5,279.39836868,299.894,1399.578,10.965,35.931,302.13,1.615,,,,,,,,james cook
4362892,Geor'Quarius Spivey,TE,0,,,,,,,,,,,,,,,,,,,geor quarius spivey
2577134,Ty Montgomery II,RB,0,,,,,,,,,,,,,,,,,,,ty montgomery
2986739,John Crockett,RB,33,,,,,,,,,,,,,,,,,,,john crockett
4870808,Jeremiyah Love,RB,22,19.59,-0.11,98.75,93.63,273.04947381,254.778,1129.059,6.671,65.177,488.781,2.248,,,,,,,,jeremiyah love
4870795,Makai Lemon,WR,21,113.91,-0.93,84.22,7.15,,,,,58.561,836.402,5.24,,,,,,,,makai lemon
4428439,Collin Schlee,QB,0,,,,,,,,,,,,,,,,,,,collin schlee
4035312,Anthony Brown Jr.,QB,0,169.98,0.01,0.02,0.01,,,,,,,,,,,,,,,anthony brown
4608679,Will Sheppard,WR,9,,,,,,,,,,,,,,,,,,,will sheppard
4362921,Tyquan Thornton,WR,12,170.1,-0.03,0.68,0.13,,,,,23.802,358.618,2.948,,,,,,,,tyquan thornton
4608686,Kyle Monangai,RB,3,133.12,-0.6,81.15,4.82,,191.996,825.833,6.482,25.657,215.133,1.281,,,,,,,,kyle monangai
4035292,Shea Patterson,QB,0,,,,,,,,,,,,,,,,,,,shea patterson
4608691,Maximilian Mang,TE,0,,,,,,,,,,,,,,,,,,,maximilian mang
2577128,Kevin Hogan,QB,0,,,,,,,,,,,,,,,,,,,kevin hogan
4870847,Ja'Kobi Lane,WR,33,169.33,0.09,3.82,0.28,,,,,25.822,393.453,2.857,,,,,,,,ja kobi lane
2577123,Devon Cajuste,TE,0,,,,,,,,,,,,,,,,,,,devon cajuste
4035277,Kalija Lipscomb,WR,0,,,,,,,,,,,,,,,,,,,kalija lipscomb
3085107,Jake Kumerow,WR,0,,,,,,,,,,,,,,,,,,,jake kumerow
4608858,Dan Villari,TE,14,,,,,,,,,,,,,,,,,,,dan villari
4363098,Johnny Lumpkin,TE,0,,,,,,,,,,,,,,,,,,,johnny lumpkin
4035386,Osirus Mitchell,WR,0,,,,,,,,,,,,,,,,,,,osirus mitchell
4068152,Kawaan Baker,WR,0,,,,,,,,,,,,,,,,,,,kawaan baker
4035379,Jordan Thomas,TE,0,,,,,,,,,,,,,,,,,,,jordan thomas
4363104,Chris Smith,RB,0,,,,,,,,,,,,,,,,,,,chris smith
2511683,Justin Sinz,TE,11,,,,,,,,,,,,,,,,,,,justin sinz
4248425,Carlos Washington Jr.,RB,15,169.98,0.0,0.02,0.01,,,,,,,,,,,,,,,carlos washington
4379504,Mekhi Sargent,RB,0,,,,,,,,,,,,,,,,,,,mekhi sargent
4871023,Carnell Tate,WR,10,69.86,-0.38,93.53,49.04,,,,,77.93,1068.153,4.638,,,,,,,,carnell tate
2970410,Dontez Ford,WR,8,,,,,,,,,,,,,,,,,,,dontez ford
4428678,Jamari Thrash,WR,5,169.99,0.0,0.02,0.0,,,,,,,,,,,,,,,jamari thrash
2577190,Devin Lucien,WR,0,,,,,,,,,,,,,,,,,,,devin lucien
2577189,Brett Hundley,QB,0,,,,,,,,,,,,,,,,,,,brett hundley
4379405,Jaylen Johnson,WR,0,169.98,0.01,0.01,0.01,,,,,,,,,,,,,,,jaylen johnson
4428557,Tyjae Spears,RB,10,168.57,0.0,40.27,1.06,,97.281,410.93,2.708,49.566,333.473,1.597,,,,,,,,tyjae spears
4035465,Cornell Powell,WR,0,,,,,,,,,,,,,,,,,,,cornell powell
4379410,Jack Podlesny,K,0,,,,,,,,,,,,,,,,,,,jack podlesny
4950,Earnest Graham,RB,0,,,,,,,,,,,,,,,,,,,earnest graham
4035449,Jamal Pettigrew,TE,0,,,,,,,,,,,,,,,,,,,jamal pettigrew
4051829,Changa Hodge,WR,0,,,,,,,,,,,,,,,,,,,changa hodge
4002672,Moritz Bohringer,TE,4,,,,,,,,,,,,,,,,,,,moritz bohringer
4363045,Camren McDonald,TE,0,,,,,,,,,,,,,,,,,,,camren mcdonald
4363046,Tre'Shaun Harrison,WR,0,,,,,,,,,,,,,,,,,,,tre shaun harrison
4608810,Tez Johnson,WR,27,169.93,0.0,0.34,0.04,,4.365,23.291,0.213,6.661,77.615,0.606,,,,,,,,tez johnson
2577288,Kenny Hilliard,RB,28,,,,,,,,,,,,,,,,,,,kenny hilliard
2577286,Paul Turner,WR,0,,,,,,,,,,,,,,,,,,,paul turner
3052413,Matt McCrane,K,0,,,,,,,,,,,,,,,,,,,matt mccrane
2577283,Terrence Magee,RB,1,,,,,,,,,,,,,,,,,,,terrence magee
4972,Will Heller,TE,0,,,,,,,,,,,,,,,,,,,will heller
5215032,David Wallis,WR,0,,,,,,,,,,,,,,,,,,,david wallis
2970457,Keenan Reynolds,WR,0,,,,,,,,,,,,,,,,,,,keenan reynolds
4002656,Dez Stewart,WR,0,,,,,,,,,,,,,,,,,,,dez stewart
4035426,Stephen Sullivan,TE,0,170.0,0.0,0.01,0.0,,,,,,,,,,,,,,,stephen sullivan
2577239,Dreamius Smith,RB,24,,,,,,,,,,,,,,,,,,,dreamius smith
3134314,Austin Roberts,TE,0,,,,,,,,,,,,,,,,,,,austin roberts
2577245,Tre Madden,RB,0,,,,,,,,,,,,,,,,,,,tre madden
2577243,Cody Kessler,QB,0,,,,,,,,,,,,,,,,,,,cody kessler
3117919,Jake Powell,TE,19,,,,,,,,,,,,,,,,,,,jake powell
3134302,Jordan Lasley,WR,0,,,,,,,,,,,,,,,,,,,jordan lasley
2577253,Javorius Allen,RB,0,,,,,,,,,,,,,,,,,,,javorius allen
4035403,Denzel Mims,WR,6,,,,,,,,,,,,,,,,,,,denzel mims
2577327,Tyler Lockett,WR,0,170.01,0.0,0.07,0.02,,,,,,,,,,,,,,,tyler lockett
3052470,DeAngelo Yancey,WR,10,,,,,,,,,,,,,,,,,,,deangelo yancey
4035523,Spencer Nigh,RB,23,,,,,,,,,,,,,,,,,,,spencer nigh
4248528,Christian Watson,WR,9,101.0,-0.42,86.04,9.17,,2.241,13.112,0.129,54.936,867.861,7.092,,,,,,,,christian watson
4428753,Lincoln Victor,WR,0,,,,,,,,,,,,,,,,,,,lincoln victor
4035526,Chase Allen,TE,0,,,,,,,,,,,,,,,,,,,chase allen
4428763,Dayton Wade,WR,33,,,,,,,,,,,,,,,,,,,dayton wade
4248546,Noah Gindorff,TE,0,,,,,,,,,,,,,,,,,,,noah gindorff
4035500,Eli Stove,WR,0,,,,,,,,,,,,,,,,,,,eli stove
4035496,John Franklin,WR,0,,,,,,,,,,,,,,,,,,,john franklin
4248555,Josh Babicz,TE,0,,,,,,,,,,,,,,,,,,,josh babicz
4248557,E.J. Jenkins,TE,21,170.0,0.0,0.01,0.0,,,,,,,,,,,,,,,e j jenkins
2970515,Paul Lasike,RB,3,,,,,,,,,,,,,,,,,,,paul lasike
4690923,Ben Sinnott,TE,28,169.98,-0.01,0.15,0.02,,,,,11.578,104.98,0.758,,,,,,,,ben sinnott
3134353,Tim Patrick,WR,20,169.99,0.01,0.06,0.01,,,,,,,,,,,,,,,tim patrick
5051,Cleo Lemon,QB,0,,,,,,,,,,,,,,,,,,,cleo lemon
4887558,Emanuel Wilson,RB,26,170.26,0.08,1.24,0.1,,11.419,47.974,0.414,1.354,10.254,0.053,,,,,,,,emanuel wilson
4428796,Casey Washington,WR,29,170.0,0.0,0.02,0.0,,,,,,,,,,,,,,,casey washington
3052449,Dalyn Dawkins,RB,0,,,,,,,,,,,,,,,,,,,dalyn dawkins
3052450,Danny Etling,QB,0,,,,,,,,,,,,,,,,,,,danny etling
4428803,Jordan Waters,RB,14,,,,,,,,,,,,,,,,,,,jordan waters
3150744,Chase McLaughlin,K,27,169.1,0.09,17.56,14.73,,,,,,,,,,,,30.571,34.479,34.743,chase mclaughlin
4035470,Tavien Feaster,RB,0,,,,,,,,,,,,,,,,,,,tavien feaster
4035593,Cheyenne O'Grady,TE,0,,,,,,,,,,,,,,,,,,,cheyenne o grady
4035584,Cole Kelley,QB,0,,,,,,,,,,,,,,,,,,,cole kelley
4248470,JJ Howland,TE,0,,,,,,,,,,,,,,,,,,,jj howland
3052549,Nick Holley,RB,0,,,,,,,,,,,,,,,,,,,nick holley
4035573,Grayson Gunter,TE,0,,,,,,,,,,,,,,,,,,,grayson gunter
2577417,Dak Prescott,QB,6,87.91,0.14,89.46,51.68,11.9432425,51.189,185.933,2.152,,,,556.035,4120.38,29.76,11.943,,,,dak prescott
4428718,Tre Tucker,WR,13,167.91,-0.01,12.18,0.7,,10.459,57.719,0.317,48.207,656.461,2.52,,,,,,,,tre tucker
4035559,Dylan Soehner,TE,0,,,,,,,,,,,,,,,,,,,dylan soehner
4379569,Jesse Matthews,WR,0,,,,,,,,,,,,,,,,,,,jesse matthews
4035554,Landen Akers,WR,0,,,,,,,,,,,,,,,,,,,landen akers
4248503,Ed Lee,WR,0,,,,,,,,,,,,,,,,,,,ed lee
3052494,Jared Murphy,WR,4,,,,,,,,,,,,,,,,,,,jared murphy
4248504,Isaiah Coulter,WR,0,,,,,,,,,,,,,,,,,,,isaiah coulter
4035538,David Montgomery,RB,34,74.73,-0.4,90.93,38.76,,214.41,929.933,6.981,31.456,230.697,0.61,,,,,,,,david montgomery
4035537,Kene Nwangwu,RB,20,170.1,-0.03,0.11,0.02,,,,,,,,,,,,,,,kene nwangwu
4035656,Ben Skowronek,WR,23,169.94,0.0,0.12,0.02,,,,,5.385,51.034,0.213,,,,,,,,ben skowronek
4052042,James Robinson,RB,0,,,,,,,,,,,,,,,,,,,james robinson
3052600,Davis Webb,QB,0,,,,,,,,,,,,,,,,,,,davis webb
4035654,Riley Lees,WR,0,,,,,,,,,,,,,,,,,,,riley lees
3118131,T.J. Linta,QB,12,,,,,,,,,,,,,,,,,,,t j linta
3052587,Baker Mayfield,QB,27,148.74,0.06,42.27,5.93,,54.061,323.55,1.396,,,,526.417,3827.628,24.74,11.601,,,,baker mayfield
2577473,Kendal Thompson,WR,14,,,,,,,,,,,,,,,,,,,kendal thompson
2577467,Aaron Ripkowski,RB,0,,,,,,,,,,,,,,,,,,,aaron ripkowski
2577419,Josh Robinson,RB,11,,,,,,,,,,,,,,,,,,,josh robinson
4723820,Omar Cooper Jr.,WR,20,169.92,-0.01,21.64,0.51,,2.172,11.971,0.106,39.661,477.863,2.626,,,,,,,,omar cooper
4379769,Qadir Ismail,WR,3,,,,,,,,,,,,,,,,,,,qadir ismail
4035611,Gabe Nabers,RB,0,,,,,,,,,,,,,,,,,,,gabe nabers
3068939,Aldrick Rosas,K,0,,,,,,,,,,,,,,,,,,,aldrick rosas
3953687,Brandon Aubrey,K,6,85.11,0.19,99.66,98.39,173.65412833,,,,,,,,,,,35.483,39.644,46.0,brandon aubrey
4379775,Jalen Jackson,RB,0,,,,,,,,,,,,,,,,,,,jalen jackson
4035600,Devwah Whaley,RB,4,,,,,,,,,,,,,,,,,,,devwah whaley
3052576,Dylan Cantrell,TE,0,,,,,,,,,,,,,,,,,,,dylan cantrell
4428811,Xavier Weaver,WR,22,169.99,0.01,0.03,0.01,,,,,,,,,,,,,,,xavier weaver
5084180,Diego Pavia,QB,0,,,,,,,,,,,,,,,,,,,diego pavia
3052662,Keith Ford,RB,9,,,,,,,,,,,,,,,,,,,keith ford
5209,Tony Romo,QB,6,,,,,,,,,,,,,,,,,,,tony romo
4035703,Cary Angeline,TE,0,,,,,,,,,,,,,,,,,,,cary angeline
4690972,Ja'Quinden Jackson,RB,0,,,,,,,,,,,,,,,,,,,ja quinden jackson
4248611,Tyler Hoosman,RB,0,,,,,,,,,,,,,,,,,,,tyler hoosman
3052671,Jordan Smallwood,WR,24,,,,,,,,,,,,,,,,,,,jordan smallwood
4576297,AJ Barner,TE,26,168.49,0.02,5.24,0.97,,9.202,17.979,0.466,44.721,432.698,3.636,,,,,,,,aj barner
4035692,Tyler Vaughns,WR,0,,,,,,,,,,,,,,,,,,,tyler vaughns
4035693,Velus Jones Jr.,RB,26,170.0,-0.01,0.04,0.01,,,,,,,,,,,,,,,velus jones
2970712,K.J. Maye,WR,17,,,,,,,,,,,,,,,,,,,k j maye
4035687,Michael Pittman Jr.,WR,23,90.34,-0.27,88.93,19.34,,,,,88.361,860.153,3.885,,,,,,,,michael pittman
2511952,Jordan Leslie,WR,0,,,,,,,,,,,,,,,,,,,jordan leslie
4035689,Josh Imatorbhebhe,WR,0,,,,,,,,,,,,,,,,,,,josh imatorbhebhe
4428850,Dontayvion Wicks,WR,21,170.66,-0.01,1.61,0.17,,,,,24.268,310.033,1.789,,,,,,,,dontayvion wicks
3052624,Gerald Holmes,RB,26,,,,,,,,,,,,,,,,,,,gerald holmes
4035676,Zack Moss,RB,0,169.99,0.01,0.03,0.01,,,,,,,,,,,,,,,zack moss
4035671,Tyler Huntley,QB,33,169.95,0.02,0.13,0.02,,1.968,9.479,0.053,,,,19.531,128.616,0.86,0.512,,,,tyler huntley
2970726,Maxx Williams,TE,0,,,,,,,,,,,,,,,,,,,maxx williams
2511973,Eric Tomlinson,TE,0,170.02,0.01,0.03,0.01,,,,,,,,,,,,,,,eric tomlinson
4429006,Rakim Jarrett,WR,0,170.0,0.0,0.0,0.0,,,,,,,,,,,,,,,rakim jarrett
4035776,Kendric Pryor,WR,4,170.0,0.0,0.01,0.0,,,,,,,,,,,,,,,kendric pryor
4429013,Tank Bigsby,RB,21,168.04,0.09,12.8,0.5,,83.259,373.242,3.365,3.625,28.669,0.14,,,,,,,,tank bigsby
4429012,Kendall Milton,RB,4,169.99,0.0,0.02,0.01,,,,,,,,,,,,,,,kendall milton
4035773,Mason Stokke,RB,0,,,,,,,,,,,,,,,,,,,mason stokke
4429022,Kayshon Boutte,WR,17,170.71,0.03,3.05,0.28,,,,,26.916,366.427,2.374,,,,,,,,kayshon boutte
4035767,Garrett Groshek,RB,0,,,,,,,,,,,,,,,,,,,garrett groshek
4429020,DJ Uiagalelei,QB,24,,,,,,,,,,,,,,,,,,,dj uiagalelei
4429019,Marcus Rosemy-Jacksaint,WR,0,,,,,,,,,,,,,,,,,,,marcus rosemy jacksaint
4429025,Quentin Johnston,WR,24,142.54,-0.28,75.19,3.46,,2.08,10.801,0.085,52.792,773.834,5.606,,,,,,,,quentin johnston
4429023,MarShawn Lloyd,RB,9,171.0,-0.01,2.92,0.23,,67.234,286.377,2.099,12.052,85.068,0.558,,,,,,,,marshawn lloyd
3052735,Lucky Whitehead,WR,0,,,,,,,,,,,,,,,,,,,lucky whitehead
5286,Jerheme Urban,WR,0,,,,,,,,,,,,,,,,,,,jerheme urban
4429033,Jermaine Burton,WR,0,170.0,0.0,0.02,0.0,,,,,,,,,,,,,,,jermaine burton
4052137,Chris Rowland,WR,0,,,,,,,,,,,,,,,,,,,chris rowland
5084402,Ty Pezza,TE,33,,,,,,,,,,,,,,,,,,,ty pezza
4248822,Montrell Washington,WR,34,170.0,0.0,0.01,0.0,,,,,,,,,,,,,,,montrell washington
3052686,Mario Alford,WR,5,,,,,,,,,,,,,,,,,,,mario alford
4429053,AJ Henning,WR,15,,,,,,,,,,,,,,,,,,,aj henning
4429056,Kobe Hudson,WR,0,,,,,,,,,,,,,,,,,,,kobe hudson
4429059,Woody Marks,RB,34,150.83,-0.19,64.79,1.52,,142.94,579.179,2.951,24.137,201.019,1.345,,,,,,,,woody marks
4363528,Tanner Knue,WR,0,,,,,,,,,,,,,,,,,,,tanner knue
4363409,Austin Watkins Jr.,WR,0,,,,,,,,,,,,,,,,,,,austin watkins
4887705,John Jiles,WR,0,,,,,,,,,,,,,,,,,,,john jiles
2577645,Bradley Marquez,WR,0,,,,,,,,,,,,,,,,,,,bradley marquez
4428943,Jacardia Wright,RB,26,169.99,0.0,0.02,0.01,,,,,,,,,,,,,,,jacardia wright
2577654,DeAndre Washington,RB,0,,,,,,,,,,,,,,,,,,,deandre washington
4428952,Jalen Wydermyer,TE,0,,,,,,,,,,,,,,,,,,,jalen wydermyer
2577664,K.J. Brent,WR,27,,,,,,,,,,,,,,,,,,,k j brent
2577661,Rory Anderson,TE,2,,,,,,,,,,,,,,,,,,,rory anderson
4035826,Demetric Felton,RB,0,,,,,,,,,,,,,,,,,,,demetric felton
4428963,Cade York,K,20,169.92,0.0,0.13,0.07,,,,,,,,,,,,,,,cade york
4035822,JJ Molson,K,0,,,,,,,,,,,,,,,,,,,jj molson
2577667,Damiere Byrd,WR,0,,,,,,,,,,,,,,,,,,,damiere byrd
5362,Antonio Gates,TE,0,,,,,,,,,,,,,,,,,,,antonio gates
4691138,Aaron Anderson,WR,5,,,,,,,,,,,,,,,,,,,aaron anderson
4428993,Haynes King,QB,29,,,,,,,,,,,,,,,,,,,haynes king
5215426,Praise Olatoke,WR,0,,,,,,,,,,,,,,,,,,,praise olatoke
2577641,Jakeem Grant Sr.,WR,0,,,,,,,,,,,,,,,,,,,jakeem grant
4035793,Quintez Cephus,WR,0,,,,,,,,,,,,,,,,,,,quintez cephus
4429001,Jase McClellan,RB,0,170.0,0.0,0.01,0.0,,,,,,,,,,,,,,,jase mcclellan
4035912,Kwamie Lassiter II,WR,0,,,,,,,,,,,,,,,,,,,kwamie lassiter
4248909,Elijah Dotson,RB,0,170.0,0.0,0.01,0.0,,,,,,,,,,,,,,,elijah dotson
2512191,Mack Brown,RB,0,,,,,,,,,,,,,,,,,,,mack brown
4429148,Theo Johnson,TE,19,170.38,0.04,0.98,0.13,,,,,25.796,271.952,1.626,,,,,,,,theo johnson
2512192,Gerald Christian,TE,22,,,,,,,,,,,,,,,,,,,gerald christian
4429153,Tulu Griffin,WR,0,,,,,,,,,,,,,,,,,,,tulu griffin
5412,Greg Lewis,WR,0,,,,,,,,,,,,,,,,,,,greg lewis
2512197,Rod Smith,RB,0,,,,,,,,,,,,,,,,,,,rod smith
4035886,Khalil Herbert,RB,25,169.99,0.0,0.05,0.01,,,,,,,,,,,,,,,khalil herbert
4429160,De'Von Achane,RB,15,12.38,-0.1,99.71,98.22,292.7995705,257.66,1304.639,4.961,64.809,511.792,2.959,,,,,,,,de von achane
2577731,Alex Ellis,TE,0,,,,,,,,,,,,,,,,,,,alex ellis
4887918,Junior Bergen,WR,25,170.0,0.0,0.01,0.0,,,,,,,,,,,,,,,junior bergen
4429172,Traeshon Holden,WR,6,,,,,,,,,,,,,,,,,,,traeshon holden
2577684,Tanner McEvoy,WR,0,,,,,,,,,,,,,,,,,,,tanner mcevoy
4363639,Cedric Byrd II,WR,22,,,,,,,,,,,,,,,,,,,cedric byrd
5437,Kassim Osgood,WR,25,,,,,,,,,,,,,,,,,,,kassim osgood
3118374,Jack Heneghan,QB,25,,,,,,,,,,,,,,,,,,,jack heneghan
2577692,Brandon Wilds,RB,25,,,,,,,,,,,,,,,,,,,brandon wilds
4429184,Elijhah Badger,WR,0,,,,,,,,,,,,,,,,,,,elijhah badger
4035851,Demetris Robertson,WR,0,,,,,,,,,,,,,,,,,,,demetris robertson
4035853,Jordan Veasy,WR,0,,,,,,,,,,,,,,,,,,,jordan veasy
4429068,Ethan Garbers,QB,0,,,,,,,,,,,,,,,,,,,ethan garbers
4363538,Chad Ryland,K,22,169.87,0.02,0.44,0.27,,,,,,,,,,,,27.893,34.27,26.632,chad ryland
4429072,Lawrance Toafili,RB,0,,,,,,,,,,,,,,,,,,,lawrance toafili
4429086,Michael Mayer,TE,13,170.14,-0.02,0.81,0.16,,,,,36.881,363.074,1.312,,,,,,,,michael mayer
4429084,Anthony Richardson Sr.,QB,11,169.94,-0.01,0.38,0.04,,,,,,,,,,,,,,,anthony richardson
4838696,Dae'Quan Wright,TE,21,,,,,,,,,,,,,,,,,,,dae quan wright
4363554,Thomas Odukoya,TE,0,169.98,-0.01,0.02,0.01,,,,,,,,,,,,,,,thomas odukoya
4363551,Dylan Drummond,WR,1,169.99,0.0,0.04,0.01,,,,,,,,,,,,,,,dylan drummond
4429096,Blake Corum,RB,14,139.35,-0.4,77.74,2.78,,181.958,837.541,7.325,16.689,117.09,0.612,,,,,,,,blake corum
4429105,Arian Smith,WR,20,169.96,0.01,0.08,0.02,,4.344,23.659,0.194,,,,,,,,,,,arian smith
2512214,Brian Vogler,TE,1,,,,,,,,,,,,,,,,,,,brian vogler
3052876,William Fuller V,WR,0,,,,,,,,,,,,,,,,,,,william fuller
4429115,Gee Scott Jr.,TE,0,,,,,,,,,,,,,,,,,,,gee scott
4429121,Kalel Mullings,RB,10,169.99,0.0,0.04,0.01,,,,,,,,,,,,,,,kalel mullings
3052897,Durham Smythe,TE,33,169.98,0.01,0.09,0.02,,,,,9.834,94.104,0.736,,,,,,,,durham smythe
4429262,Jaheim Bell,TE,23,170.0,0.0,0.03,0.01,,,,,,,,,,,,,,,jaheim bell
2971062,Keith Marshall,RB,0,,,,,,,,,,,,,,,,,,,keith marshall
2987440,Garrett Griffin,TE,0,,,,,,,,,,,,,,,,,,,garrett griffin
4036032,Brittain Brown,RB,3,169.98,0.0,0.08,0.01,,,,,,,,,,,,,,,brittain brown
5526,Eli Manning,QB,19,,,,,,,,,,,,,,,,,,,eli manning
5528,Larry Fitzgerald,WR,0,,,,,,,,,,,,,,,,,,,larry fitzgerald
5529,Philip Rivers,QB,11,169.65,0.04,0.36,0.08,,,,,,,,,,,,,,,philip rivers
5531,Kellen Winslow,TE,20,,,,,,,,,,,,,,,,,,,kellen winslow
5532,Roy Williams,WR,0,,,,,,,,,,,,,,,,,,,roy williams
4036026,Dez Fitzpatrick,WR,0,170.0,0.0,0.01,0.0,,,,,,,,,,,,,,,dez fitzpatrick
5534,Reggie Williams,WR,0,,,,,,,,,,,,,,,,,,,reggie williams
4429275,Trey Benson,RB,22,169.92,0.01,0.74,0.07,,,,,,,,,,,,,,,trey benson
5536,Ben Roethlisberger,QB,23,,,,,,,,,,,,,,,,,,,ben roethlisberger
5538,Lee Evans,WR,0,,,,,,,,,,,,,,,,,,,lee evans
5540,Michael Clayton,WR,0,,,,,,,,,,,,,,,,,,,michael clayton
3052991,Troy Mangen,TE,1,,,,,,,,,,,,,,,,,,,troy mangen
4429284,Demeer Blankumsee,WR,0,,,,,,,,,,,,,,,,,,,demeer blankumsee
5547,J.P. Losman,QB,0,,,,,,,,,,,,,,,,,,,j p losman
5549,Steven Jackson,RB,14,,,,,,,,,,,,,,,,,,,steven jackson
2577808,Darius Jennings,WR,0,,,,,,,,,,,,,,,,,,,darius jennings
5554,Michael Jenkins,WR,0,,,,,,,,,,,,,,,,,,,michael jenkins
5555,Kevin Jones,RB,0,,,,,,,,,,,,,,,,,,,kevin jones
2971023,Ricardo Louis,WR,0,,,,,,,,,,,,,,,,,,,ricardo louis
5557,Ben Watson,TE,17,,,,,,,,,,,,,,,,,,,ben watson
3675550,Tommy Hudson,TE,0,,,,,,,,,,,,,,,,,,,tommy hudson
4429299,Tahj Brooks,RB,4,170.09,-0.03,0.36,0.05,,30.549,129.408,0.944,,,,,,,,,,,tahj brooks
4035996,Seth Dawkins,WR,0,,,,,,,,,,,,,,,,,,,seth dawkins
4249087,Matt Gay,K,13,169.42,0.03,1.18,0.74,,,,,,,,,,,,28.534,34.416,27.189,matt gay
5568,Julius Jones,RB,0,,,,,,,,,,,,,,,,,,,julius jones
4429313,Tyrone Broden,WR,0,,,,,,,,,,,,,,,,,,,tyrone broden
5575,Devery Henderson,WR,0,,,,,,,,,,,,,,,,,,,devery henderson
5580,Greg Jones,RB,18,,,,,,,,,,,,,,,,,,,greg jones
4429202,Israel Abanikanda,RB,6,169.96,0.01,0.06,0.01,,,,,,,,,,,,,,,israel abanikanda
5586,Keary Colbert,WR,0,,,,,,,,,,,,,,,,,,,keary colbert
5587,Kris Wilson,TE,0,,,,,,,,,,,,,,,,,,,kris wilson
4429205,Jordan Addison,WR,16,122.1,-0.12,80.8,3.79,,2.025,14.431,0.115,60.488,770.251,5.185,,,,,,,,jordan addison
5590,Nate Kaeding,K,0,,,,,,,,,,,,,,,,,,,nate kaeding
5593,Ben Hartsock,TE,29,,,,,,,,,,,,,,,,,,,ben hartsock
4248985,Shane Leatherbury,WR,0,,,,,,,,,,,,,,,,,,,shane leatherbury
4429207,Ajou Ajou,WR,0,,,,,,,,,,,,,,,,,,,ajou ajou
5603,Bernard Berrian,WR,0,,,,,,,,,,,,,,,,,,,bernard berrian
5606,Chris Cooley,TE,0,,,,,,,,,,,,,,,,,,,chris cooley
5615,Matt Schaub,QB,1,,,,,,,,,,,,,,,,,,,matt schaub
4036055,Maurice Ffrench,WR,0,,,,,,,,,,,,,,,,,,,maurice ffrench
5631,Luke McCown,QB,6,,,,,,,,,,,,,,,,,,,luke mccown
5346736,Ben Patterson,WR,0,,,,,,,,,,,,,,,,,,,ben patterson
5633,Jerricho Cotchery,WR,29,,,,,,,,,,,,,,,,,,,jerricho cotchery
4249030,D.J. Montgomery,WR,0,169.98,0.0,0.02,0.0,,,,,,,,,,,,,,,d j montgomery
2577892,Ryan Malleck,TE,23,,,,,,,,,,,,,,,,,,,ryan malleck
5644,Mewelde Moore,RB,0,,,,,,,,,,,,,,,,,,,mewelde moore
5645,Ernest Wilford,TE,0,,,,,,,,,,,,,,,,,,,ernest wilford
4036164,Dylan Parham,TE,0,,,,,,,,,,,,,,,,,,,dylan parham
4036163,Kelvin Harmon,WR,0,,,,,,,,,,,,,,,,,,,kelvin harmon
4576845,Isaiah Wooden,WR,0,,,,,,,,,,,,,,,,,,,isaiah wooden
2512449,Issac Blakeney,WR,23,,,,,,,,,,,,,,,,,,,issac blakeney
5662,Josh Scobee,K,18,,,,,,,,,,,,,,,,,,,josh scobee
4036149,Nate Stanley,QB,0,,,,,,,,,,,,,,,,,,,nate stanley
4036146,Caleb Shudak,K,0,,,,,,,,,,,,,,,,,,,caleb shudak
5679,Michael Turner,RB,0,,,,,,,,,,,,,,,,,,,michael turner
4036131,Noah Fant,TE,18,169.96,0.0,0.24,0.04,,,,,21.267,179.978,0.983,,,,,,,,noah fant
5681,Mike Karney,RB,0,,,,,,,,,,,,,,,,,,,mike karney
4036133,T.J. Hockenson,TE,16,133.08,0.05,69.57,12.95,,,,,77.691,639.395,2.82,,,,,,,,t j hockenson
4036129,Dominique Dafney,TE,0,,,,,,,,,,,,,,,,,,,dominique dafney
4036124,Shaun Beyer,TE,0,,,,,,,,,,,,,,,,,,,shaun beyer
4429435,Brady Cook,QB,20,169.95,0.01,0.06,0.01,,,,,,,,,,,,,,,brady cook
4036224,Jake Funk,RB,0,,,,,,,,,,,,,,,,,,,jake funk
5718,Jim Sorgi,QB,0,,,,,,,,,,,,,,,,,,,jim sorgi
2971271,Bralon Addison,WR,0,,,,,,,,,,,,,,,,,,,bralon addison
5150247,Malik Benson,WR,13,169.96,0.01,0.17,0.01,,,,,6.399,79.272,0.264,,,,,,,,malik benson
4036211,DJ Turner,WR,34,170.0,0.0,0.01,0.0,,,,,,,,,,,,,,,dj turner
5741,Patrick Crayton,WR,0,,,,,,,,,,,,,,,,,,,patrick crayton
4429362,Jalon Calhoun,WR,0,,,,,,,,,,,,,,,,,,,jalon calhoun
5745,Jeff Dugan,TE,0,,,,,,,,,,,,,,,,,,,jeff dugan
4036189,Thaddeus Moss,TE,0,,,,,,,,,,,,,,,,,,,thaddeus moss
5760,Derrick Ward,RB,0,,,,,,,,,,,,,,,,,,,derrick ward
2971233,Trey Griffey,WR,23,,,,,,,,,,,,,,,,,,,trey griffey
4708049,Gavin Bartholomew,TE,16,169.97,0.01,0.04,0.01,,,,,,,,,,,,,,,gavin bartholomew
4036275,Sean McKeon,TE,11,170.0,-0.01,0.01,0.0,,,,,,,,,,,,,,,sean mckeon
4691688,Robbie Ouzts,RB,26,169.98,0.01,0.03,0.01,,,,,,,,,,,,,,,robbie ouzts
5799,Terrance Copper,WR,0,,,,,,,,,,,,,,,,,,,terrance copper
3921586,Jake Dolegala,QB,0,,,,,,,,,,,,,,,,,,,jake dolegala
3675812,Bryce Perkins,QB,0,,,,,,,,,,,,,,,,,,,bryce perkins
2971289,Byron Marshall,RB,0,,,,,,,,,,,,,,,,,,,byron marshall
3921571,Nyqwan Murray,WR,26,,,,,,,,,,,,,,,,,,,nyqwan murray
2512523,Will Tye,TE,0,,,,,,,,,,,,,,,,,,,will tye
4036262,Brandon Peters,QB,0,,,,,,,,,,,,,,,,,,,brandon peters
2971280,Evan Baylis,TE,0,,,,,,,,,,,,,,,,,,,evan baylis
3921564,Auden Tate,WR,0,,,,,,,,,,,,,,,,,,,auden tate
2971281,Pharaoh Brown,TE,11,170.02,0.01,0.02,0.01,,,,,,,,,,,,,,,pharaoh brown
5817,Lousaka Polite,RB,0,,,,,,,,,,,,,,,,,,,lousaka polite
4036357,Collin Hill,QB,0,,,,,,,,,,,,,,,,,,,collin hill
4036348,Michael Gallup,WR,0,,,,,,,,,,,,,,,,,,,michael gallup
4429466,Drake Dabney,TE,9,169.99,0.0,0.02,0.01,,,,,,,,,,,,,,,drake dabney
3053315,Lamar Jordan,WR,1,,,,,,,,,,,,,,,,,,,lamar jordan
2971397,Fred Brown,WR,0,,,,,,,,,,,,,,,,,,,fred brown
3921645,Julian Williams,WR,1,,,,,,,,,,,,,,,,,,,julian williams
4036335,Cedrick Wilson Jr.,WR,8,169.95,0.01,0.05,0.01,,,,,,,,,,,,,,,cedrick wilson
4429479,Corey Crooms Jr.,WR,0,,,,,,,,,,,,,,,,,,,corey crooms
2512593,Clive Walford,TE,0,,,,,,,,,,,,,,,,,,,clive walford
4429501,Ray Davis,RB,2,170.9,0.08,4.9,0.31,,32.296,137.767,1.062,7.751,59.958,0.39,,,,,,,,ray davis
3118906,John Lovett,RB,0,,,,,,,,,,,,,,,,,,,john lovett
4036419,Skylar Thompson,QB,33,169.99,0.0,0.02,0.01,,,,,,,,,,,,,,,skylar thompson
4249426,Jalen Wayne,WR,0,,,,,,,,,,,,,,,,,,,jalen wayne
4036416,Byron Pringle,WR,0,,,,,,,,,,,,,,,,,,,byron pringle
4036418,Corey Sutton,WR,8,,,,,,,,,,,,,,,,,,,corey sutton
2971435,Russell Hansbrough,RB,28,,,,,,,,,,,,,,,,,,,russell hansbrough
3118892,Justin Watson,WR,34,169.99,0.02,0.06,0.02,,,,,3.085,41.553,0.223,,,,,,,,justin watson
5085024,CJ Williams,WR,30,170.0,0.0,0.03,0.0,,,,,,,,,,,,,,,cj williams
2512657,Jake McGee,TE,23,,,,,,,,,,,,,,,,,,,jake mcgee
4429676,Tyler Goodson,RB,1,169.98,0.0,0.05,0.01,,,,,,,,,,,,,,,tyler goodson
5941,Wes Welker,WR,14,,,,,,,,,,,,,,,,,,,wes welker
4429684,Anthony Gould,WR,11,169.98,0.01,0.07,0.02,,,,,6.964,74.469,0.334,,,,,,,,anthony gould
3921685,Josh Love,QB,0,,,,,,,,,,,,,,,,,,,josh love
4036378,Jordan Love,QB,9,159.19,0.09,24.41,3.54,,50.387,212.984,0.916,,,,531.175,3995.074,25.118,10.71,,,,jordan love
2971433,Dorial Green-Beckham,WR,21,,,,,,,,,,,,,,,,,,,dorial green beckham
3921690,Josh Oliver,TE,16,169.91,0.01,0.17,0.04,,,,,16.648,150.828,1.135,,,,,,,,josh oliver
2971426,Sean Culkin,TE,0,,,,,,,,,,,,,,,,,,,sean culkin
3921681,Bailey Gaither,WR,0,,,,,,,,,,,,,,,,,,,bailey gaither
4429582,Joe Fagnano,QB,33,,,,,,,,,,,,,,,,,,,joe fagnano
4036485,CJ Marable,RB,0,,,,,,,,,,,,,,,,,,,cj marable
4708127,Monaray Baldwin,WR,0,,,,,,,,,,,,,,,,,,,monaray baldwin
4429610,Daijun Edwards,RB,0,,,,,,,,,,,,,,,,,,,daijun edwards
3135321,Hunter Renfrow,WR,0,170.02,0.0,0.02,0.0,,,,,,,,,,,,,,,hunter renfrow
4429615,Zay Flowers,WR,33,43.08,0.13,97.83,84.47,,9.754,57.339,0.449,81.78,1172.848,5.523,,,,,,,,zay flowers
4036448,Jalen Virgil,WR,0,169.99,0.0,0.01,0.01,,,,,,,,,,,,,,,jalen virgil
4249400,Cephus Johnson III,WR,0,,,,,,,,,,,,,,,,,,,cephus johnson
3118954,Jaeden Graham,TE,0,,,,,,,,,,,,,,,,,,,jaeden graham
6016,Malcom Floyd,WR,24,,,,,,,,,,,,,,,,,,,malcom floyd
4036431,Darrynton Evans,RB,0,169.99,0.0,0.01,0.01,,,,,,,,,,,,,,,darrynton evans
4249417,Jalen Tolbert,WR,15,170.37,0.0,0.96,0.12,,,,,35.421,441.645,1.755,,,,,,,,jalen tolbert
2971574,Devin Lewis Fuller,WR,0,,,,,,,,,,,,,,,,,,,devin lewis fuller
2971573,Ka'imi Fairbairn,K,34,135.13,0.06,92.52,86.13,160.69976287,,,,,,,,,,,35.9,40.392,31.121,ka imi fairbairn
2578369,Marvin Hall,WR,0,,,,,,,,,,,,,,,,,,,marvin hall
2971588,Jordan Payton,WR,0,,,,,,,,,,,,,,,,,,,jordan payton
2971589,Paul Perkins,RB,0,,,,,,,,,,,,,,,,,,,paul perkins
2578377,Joshua Perkins,TE,0,,,,,,,,,,,,,,,,,,,joshua perkins
4429795,Jahmyr Gibbs,RB,8,1.83,0.03,99.85,99.43,365.48770519,283.195,1374.076,14.513,67.791,546.868,3.38,,,,,,,,jahmyr gibbs
2578322,Shane Wynn,WR,30,,,,,,,,,,,,,,,,,,,shane wynn
2971544,Kolby Listenbee,WR,0,,,,,,,,,,,,,,,,,,,kolby listenbee
4429805,Frank Gore Jr.,RB,2,169.94,0.01,0.08,0.02,,,,,,,,,,,,,,,frank gore
4429811,Patrick Herbert,TE,30,,,,,,,,,,,,,,,,,,,patrick herbert
4708354,Jeremiah Franklin,TE,15,,,,,,,,,,,,,,,,,,,jeremiah franklin
5085189,Jack Endries,TE,4,170.0,0.0,0.02,0.0,,,,,,,,,,,,,,,jack endries
4249496,Alexander Hollins,WR,0,,,,,,,,,,,,,,,,,,,alexander hollins
4036595,Josh Pederson,TE,0,,,,,,,,,,,,,,,,,,,josh pederson
2185222,Derrick Jones,WR,13,,,,,,,,,,,,,,,,,,,derrick jones
4691889,Greg Desrosiers Jr.,RB,24,,,,,,,,,,,,,,,,,,,greg desrosiers
2578394,Kasen Williams,WR,0,,,,,,,,,,,,,,,,,,,kasen williams
5150662,Hayden Large,TE,3,,,,,,,,,,,,,,,,,,,hayden large
4429760,Jaaron Hayek,WR,0,,,,,,,,,,,,,,,,,,,jaaron hayek
2971618,Nelson Agholor,WR,0,170.03,0.01,0.02,0.0,,,,,,,,,,,,,,,nelson agholor
2971719,Cayleb Jones,WR,16,,,,,,,,,,,,,,,,,,,cayleb jones
2971718,Marcus Johnson,WR,0,,,,,,,,,,,,,,,,,,,marcus johnson
3921970,Sutton Smith,RB,13,,,,,,,,,,,,,,,,,,,sutton smith
4429927,Neal Johnson,TE,0,,,,,,,,,,,,,,,,,,,neal johnson
2578446,Dom Williams,WR,0,,,,,,,,,,,,,,,,,,,dom williams
3921960,Daniel Crawford,TE,0,,,,,,,,,,,,,,,,,,,daniel crawford
4429939,Jawhar Jordan,RB,34,170.13,-0.03,0.15,0.02,,12.612,53.945,0.254,,,,,,,,,,,jawhar jordan
4708490,John Michael Gyllenborg,TE,12,,,,,,,,,,,,,,,,,,,john michael gyllenborg
4429955,Will Howard,QB,23,169.92,0.0,0.27,0.02,,,,,,,,,,,,,,,will howard
4708486,Jimmy Horn Jr.,WR,29,169.94,0.01,0.16,0.02,,6.161,36.752,0.17,6.642,76.628,0.442,,,,,,,,jimmy horn
4249736,Kody Case,WR,0,,,,,,,,,,,,,,,,,,,kody case
4429835,George Holani,RB,26,170.2,-0.01,4.13,0.25,,38.858,164.187,1.529,8.009,62.21,0.283,,,,,,,,george holani
4249616,Owen Wright,RB,0,170.0,0.0,0.01,0.01,,,,,,,,,,,,,,,owen wright
2578553,Malcolm Mitchell,WR,0,,,,,,,,,,,,,,,,,,,malcolm mitchell
4249623,Lachlan Pitts,TE,0,,,,,,,,,,,,,,,,,,,lachlan pitts
4249624,Nick Muse,TE,8,170.0,-0.01,0.01,0.0,,,,,,,,,,,,,,,nick muse
4429847,Garrett Greene,QB,27,,,,,,,,,,,,,,,,,,,garrett greene
2578570,Jacoby Brissett,QB,22,170.03,0.03,3.08,0.32,,47.202,210.294,1.313,,,,516.548,3359.054,15.029,9.181,,,,jacoby brissett
3119232,Kyle Lewis,WR,9,,,,,,,,,,,,,,,,,,,kyle lewis
2513030,Geremy Davis,WR,0,,,,,,,,,,,,,,,,,,,geremy davis
4429867,Tyler Hudson,WR,0,,,,,,,,,,,,,,,,,,,tyler hudson
2218064,L.J. Davis,RB,0,,,,,,,,,,,,,,,,,,,l j davis
2971728,Nick Rose,K,24,,,,,,,,,,,,,,,,,,,nick rose
4692022,Javon Baker,WR,0,169.99,0.0,0.01,0.01,,,,,,,,,,,,,,,javon baker
2578533,Chris Conley,WR,0,170.02,0.01,0.02,0.0,,,,,,,,,,,,,,,chris conley
2512996,Antwan Goodley,WR,9,,,,,,,,,,,,,,,,,,,antwan goodley
3119195,Chase Edmonds,RB,0,170.01,0.01,0.01,0.01,,,,,,,,,,,,,,,chase edmonds
4430027,Sam LaPorta,TE,8,67.24,0.14,93.99,80.71,110.51161316,,,,78.301,788.12,5.366,,,,,,,,sam laporta
4430034,Xavier Legette,WR,29,170.89,0.06,2.02,0.19,,2.054,10.761,0.058,41.722,500.496,3.211,,,,,,,,xavier legette
2971830,JoJo Natson,WR,0,,,,,,,,,,,,,,,,,,,jojo natson
6301,Vonta Leach,RB,33,,,,,,,,,,,,,,,,,,,vonta leach
3053760,Jeff Badet,WR,0,,,,,,,,,,,,,,,,,,,jeff badet
4249836,Pierre Strong Jr.,RB,9,169.98,0.0,0.07,0.01,,,,,,,,,,,,,,,pierre strong
3053732,Jordan Chunn,RB,0,,,,,,,,,,,,,,,,,,,jordan chunn
3135736,Trayone Gray,RB,5,,,,,,,,,,,,,,,,,,,trayone gray
3791110,Tommy Stevens,TE,0,,,,,,,,,,,,,,,,,,,tommy stevens
4888723,Wesley Grimes,WR,25,,,,,,,,,,,,,,,,,,,wesley grimes
2971888,Kenneth Dixon,RB,0,,,,,,,,,,,,,,,,,,,kenneth dixon
3135726,Jon Brown,K,0,,,,,,,,,,,,,,,,,,,jon brown
3119317,Nsimba Webster,WR,0,,,,,,,,,,,,,,,,,,,nsimba webster
4036835,Parker Houston,TE,0,,,,,,,,,,,,,,,,,,,parker houston
3053774,Austin MacGinnis,K,0,,,,,,,,,,,,,,,,,,,austin macginnis
4430022,Anthony Landphere,TE,0,,,,,,,,,,,,,,,,,,,anthony landphere
2513199,Algernon Brown,RB,0,,,,,,,,,,,,,,,,,,,algernon brown
4430185,Caullin Lacy,WR,20,,,,,,,,,,,,,,,,,,,caullin lacy
4430191,Skyy Moore,WR,9,169.93,0.01,0.14,0.02,,,,,,,,,,,,,,,skyy moore
2578718,Taylor Bertolet,K,0,,,,,,,,,,,,,,,,,,,taylor bertolet
6480,Herschel Walker,RB,6,,,,,,,,,,,,,,,,,,,herschel walker
4708621,Kyre Duplessis,WR,0,,,,,,,,,,,,,,,,,,,kyre duplessis
2447736,Andre Debose,WR,11,,,,,,,,,,,,,,,,,,,andre debose
3119471,Emmanuel Butler,WR,0,,,,,,,,,,,,,,,,,,,emmanuel butler
4282647,Jeff Cotton,WR,0,,,,,,,,,,,,,,,,,,,jeff cotton
4430104,Sincere McCormick,RB,25,169.99,0.0,0.02,0.0,,,,,,,,,,,,,,,sincere mccormick
4872477,Alex Bullock,WR,30,,,,,,,,,,,,,,,,,,,alex bullock
4036949,Connor Slomka,RB,0,,,,,,,,,,,,,,,,,,,connor slomka
4430288,Eli Pancol,WR,11,,,,,,,,,,,,,,,,,,,eli pancol
4069817,JaQuan Hardy,RB,0,,,,,,,,,,,,,,,,,,,jaquan hardy
2513351,Da'Ron Brown,WR,24,,,,,,,,,,,,,,,,,,,da ron brown
2972092,Kyle Sloter,QB,0,,,,,,,,,,,,,,,,,,,kyle sloter
2972091,Jalen Richard,RB,0,,,,,,,,,,,,,,,,,,,jalen richard
4069806,Jason Moore,WR,0,,,,,,,,,,,,,,,,,,,jason moore
4430325,Makai Polk,WR,0,,,,,,,,,,,,,,,,,,,makai polk
2972065,Jordan Williams-Lambert,WR,3,,,,,,,,,,,,,,,,,,,jordan williams lambert
3692942,George Campbell,WR,0,,,,,,,,,,,,,,,,,,,george campbell
2447781,Duron Carter,WR,11,,,,,,,,,,,,,,,,,,,duron carter
4037124,Sean Riley,WR,0,,,,,,,,,,,,,,,,,,,sean riley
5151145,Leon Johnson III,WR,0,,,,,,,,,,,,,,,,,,,leon johnson
4250013,Ramon Jefferson,RB,0,,,,,,,,,,,,,,,,,,,ramon jefferson
4430254,Jerjuan Newton,WR,0,,,,,,,,,,,,,,,,,,,jerjuan newton
3693033,Jacques Patrick,RB,0,,,,,,,,,,,,,,,,,,,jacques patrick
3054030,William Stanback,RB,0,,,,,,,,,,,,,,,,,,,william stanback
4430270,Ja'Mori Maclin,WR,2,,,,,,,,,,,,,,,,,,,ja mori maclin
4069839,Charles Holland,WR,4,,,,,,,,,,,,,,,,,,,charles holland
5151317,Robert Henry Jr.,RB,28,,,,,,,,,,,,,,,,,,,robert henry
4430431,Kurtis Rourke,QB,25,169.98,0.0,0.03,0.01,,,,,,,,,,,,,,,kurtis rourke
4692590,Jalin Hyatt,WR,19,169.99,0.0,0.05,0.01,,,,,,,,,,,,,,,jalin hyatt
4430470,TJ Sheffield,WR,0,,,,,,,,,,,,,,,,,,,tj sheffield
2972282,Trey Williams,RB,6,,,,,,,,,,,,,,,,,,,trey williams
4217370,Cyril Grayson Jr.,WR,0,,,,,,,,,,,,,,,,,,,cyril grayson
4037235,Greg Dortch,WR,8,169.93,0.01,0.18,0.03,,4.643,23.998,0.367,4.098,39.827,0.273,,,,,,,,greg dortch
3054212,Jonnu Smith,TE,0,170.02,0.01,0.09,0.02,,,,,,,,,,,,,,,jonnu smith
2972283,Tra Carson,RB,0,,,,,,,,,,,,,,,,,,,tra carson
4692530,Chandler Morris,QB,0,,,,,,,,,,,,,,,,,,,chandler morris
2972240,Jason Croom,TE,0,,,,,,,,,,,,,,,,,,,jason croom
2988624,Riley McCarron,WR,0,,,,,,,,,,,,,,,,,,,riley mccarron
4430388,DeWayne McBride,RB,0,169.95,0.01,0.02,0.01,,,,,,,,,,,,,,,dewayne mcbride
2972236,Nathan Peterman,QB,0,,,,,,,,,,,,,,,,,,,nathan peterman
4037213,Jamie Newman,QB,0,,,,,,,,,,,,,,,,,,,jamie newman
4430404,Aidan Robbins,RB,0,,,,,,,,,,,,,,,,,,,aidan robbins
4430539,Brenton Strange,TE,30,167.19,-0.1,13.02,2.39,,,,,59.067,598.11,3.977,,,,,,,,brenton strange
4037311,Jalen Camp,WR,0,,,,,,,,,,,,,,,,,,,jalen camp
2972331,Mason Schreck,TE,0,,,,,,,,,,,,,,,,,,,mason schreck
4430551,Titus Swen,RB,0,,,,,,,,,,,,,,,,,,,titus swen
4037295,Dedrick Mills,RB,0,,,,,,,,,,,,,,,,,,,dedrick mills
2972311,Jordan Johnson,RB,2,,,,,,,,,,,,,,,,,,,jordan johnson
4430577,Rashod Owens,WR,0,,,,,,,,,,,,,,,,,,,rashod owens
5085942,Treyvhon Saunders,WR,34,,,,,,,,,,,,,,,,,,,treyvhon saunders
4250360,Bailey Zappe,QB,20,169.98,0.0,0.03,0.01,,,,,,,,,,,,,,,bailey zappe
3676833,KaVontae Turpin,WR,6,169.87,-0.01,0.85,0.22,,17.691,102.45,0.429,18.207,229.916,1.718,,,,,,,,kavontae turpin
4430590,Payton Thorne,QB,0,,,,,,,,,,,,,,,,,,,payton thorne
4872957,Raylen Sharpe,WR,11,,,,,,,,,,,,,,,,,,,raylen sharpe
3676818,TreVontae Hights,WR,0,,,,,,,,,,,,,,,,,,,trevontae hights
4250253,Lujuan Winningham,WR,0,,,,,,,,,,,,,,,,,,,lujuan winningham
4594319,Brady Boyd,WR,30,,,,,,,,,,,,,,,,,,,brady boyd
4610703,Jalen White,RB,0,,,,,,,,,,,,,,,,,,,jalen white
4430482,Joshua Simon,TE,1,,,,,,,,,,,,,,,,,,,joshua simon
4594337,Liam Clifford,WR,11,,,,,,,,,,,,,,,,,,,liam clifford
3939146,Marvelle Ross,WR,0,,,,,,,,,,,,,,,,,,,marvelle ross
3136308,George Aston,RB,0,,,,,,,,,,,,,,,,,,,george aston
2972460,Breshad Perriman,WR,0,,,,,,,,,,,,,,,,,,,breshad perriman
4430681,Jared Wayne,WR,34,170.0,0.0,0.01,0.0,,,,,,,,,,,,,,,jared wayne
5086027,TJ Harden,RB,26,,,,,,,,,,,,,,,,,,,tj harden
4430684,Treyton Welch,TE,18,170.0,0.0,0.01,0.0,,,,,,,,,,,,,,,treyton welch
4037433,Jake Herslow,WR,0,,,,,,,,,,,,,,,,,,,jake herslow
4430689,Dominic Richardson,RB,6,,,,,,,,,,,,,,,,,,,dominic richardson
4578142,Julian Diaz,K,0,,,,,,,,,,,,,,,,,,,julian diaz
4692835,Jalen Brooks,WR,22,169.98,0.0,0.05,0.01,,,,,,,,,,,,,,,jalen brooks
4430723,Jared Wiley,TE,12,169.99,0.0,0.03,0.0,,,,,,,,,,,,,,,jared wiley
4594446,Roderick Daniels Jr.,WR,0,,,,,,,,,,,,,,,,,,,roderick daniels
4594444,Jordan Moore,WR,4,,,,,,,,,,,,,,,,,,,jordan moore
5151528,Ethan Conner,TE,30,,,,,,,,,,,,,,,,,,,ethan conner
4266790,Ramiz Ahmed,K,0,,,,,,,,,,,,,,,,,,,ramiz ahmed
3119996,Xavier Turner,RB,26,,,,,,,,,,,,,,,,,,,xavier turner
4037485,Bruno Labelle,TE,0,,,,,,,,,,,,,,,,,,,bruno labelle
4430637,Ja'Lynn Polk,WR,18,169.99,0.0,0.06,0.01,,,,,,,,,,,,,,,ja lynn polk
4037481,Devin Gray,WR,0,,,,,,,,,,,,,,,,,,,devin gray
5299008,Shane Watts,RB,0,,,,,,,,,,,,,,,,,,,shane watts
4037478,Gerrid Doaks,RB,0,,,,,,,,,,,,,,,,,,,gerrid doaks
2972515,Cooper Rush,QB,1,170.0,0.0,0.05,0.01,,,,,,,,,,,,,,,cooper rush
4430656,Myles Price,WR,16,169.94,0.01,0.11,0.03,,,,,,,,,,,,,,,myles price
4692796,Nick DeGennaro,WR,17,,,,,,,,,,,,,,,,,,,nick degennaro
2513770,Neal Sterling,TE,12,,,,,,,,,,,,,,,,,,,neal sterling
4037457,Travis Homer,RB,23,169.98,0.0,0.05,0.01,,,,,,,,,,,,,,,travis homer
4430802,Darnell Washington,TE,23,169.57,0.05,1.75,0.32,,,,,30.957,304.186,1.888,,,,,,,,darnell washington
4430800,Julian Fleming,WR,0,,,,,,,,,,,,,,,,,,,julian fleming
4430804,Chris Tyree,WR,0,,,,,,,,,,,,,,,,,,,chris tyree
4430807,Bijan Robinson,RB,1,2.64,-0.05,99.82,99.46,352.96794347,286.67,1374.078,8.452,75.666,707.118,3.382,,,,,,,,bijan robinson
4430825,EJ Smith,RB,12,,,,,,,,,,,,,,,,,,,ej smith
4430834,Jalen McMillan,WR,27,167.1,-0.02,19.12,0.52,,4.365,24.618,0.215,47.299,589.241,3.88,,,,,,,,jalen mcmillan
4692972,Jamoi Mayes,WR,0,,,,,,,,,,,,,,,,,,,jamoi mayes
4037532,Garrett Walston,TE,0,,,,,,,,,,,,,,,,,,,garrett walston
4430841,Carson Beck,QB,22,169.8,0.09,1.18,0.08,,6.552,29.239,0.28,,,,66.276,448.38,2.508,1.503,,,,carson beck
4430737,Kyren Williams,RB,14,42.24,-0.37,97.6,83.54,,236.545,1071.263,10.178,33.421,223.816,1.644,,,,,,,,kyren williams
4578233,Ryan Coe,K,0,,,,,,,,,,,,,,,,,,,ryan coe
4037591,Joe Reed,WR,0,,,,,,,,,,,,,,,,,,,joe reed
3955669,Jordan Jones,TE,0,,,,,,,,,,,,,,,,,,,jordan jones
4250570,Raphael Leonard,WR,30,,,,,,,,,,,,,,,,,,,raphael leonard
4611153,Taylor Russolino,K,0,,,,,,,,,,,,,,,,,,,taylor russolino
4054085,Dezmon Patmon,WR,0,,,,,,,,,,,,,,,,,,,dezmon patmon
4365395,Julian Hill,TE,17,169.99,0.01,0.05,0.01,,,,,,,,,,,,,,,julian hill
4430968,Kimani Vidal,RB,24,170.34,-0.01,1.91,0.14,,37.435,153.012,1.215,7.84,62.676,0.37,,,,,,,,kimani vidal
4578436,Coleman Owen,WR,11,170.0,0.0,0.01,0.0,,,,,,,,,,,,,,,coleman owen
4365325,Colby Suits,QB,0,,,,,,,,,,,,,,,,,,,colby suits
4709392,Anthony Tyus III,RB,29,,,,,,,,,,,,,,,,,,,anthony tyus
4430870,KeAndre Lambert-Smith,WR,24,169.94,0.0,0.13,0.02,,,,,9.628,121.003,0.852,,,,,,,,keandre lambert smith
4430871,Sean Tucker,RB,27,170.21,0.0,0.71,0.08,,43.654,182.653,2.44,1.985,14.422,0.082,,,,,,,,sean tucker
4430878,Jaxon Smith-Njigba,WR,26,5.78,-0.04,99.82,99.34,326.76750232,4.601,25.169,0.165,116.746,1569.192,8.537,,,,,,,,jaxon smith njigba
4430875,Daniel Jackson,WR,0,,,,,,,,,,,,,,,,,,,daniel jackson
4430893,Chip Trayanum,RB,20,,,,,,,,,,,,,,,,,,,chip trayanum
4594749,Michael Trigg,TE,6,169.96,0.0,0.13,0.04,,,,,,,,,,,,,,,michael trigg
2972765,Wes Saxton,TE,26,,,,,,,,,,,,,,,,,,,wes saxton
4431053,Mac Dalena,WR,2,,,,,,,,,,,,,,,,,,,mac dalena
4693208,Patrick Gurd,TE,13,,,,,,,,,,,,,,,,,,,patrick gurd
3120303,Ross Dwelley,TE,0,170.01,0.01,0.01,0.0,,,,,,,,,,,,,,,ross dwelley
5151948,Joey Aguilar,QB,30,,,,,,,,,,,,,,,,,,,joey aguilar
4431068,Moochie Dixon,WR,0,,,,,,,,,,,,,,,,,,,moochie dixon
5151965,Kadarius Calloway,RB,27,,,,,,,,,,,,,,,,,,,kadarius calloway
4250864,Dai'Jean Dixon,WR,0,,,,,,,,,,,,,,,,,,,dai jean dixon
2579604,Phillip Dorsett II,WR,13,170.0,0.01,0.04,0.01,,,,,,,,,,,,,,,phillip dorsett
2579623,Rashawn Scott,WR,0,,,,,,,,,,,,,,,,,,,rashawn scott
4250764,Stone Smartt,TE,21,169.98,0.0,0.02,0.01,,,,,,,,,,,,,,,stone smartt
4430992,Kentrel Bullock,RB,4,,,,,,,,,,,,,,,,,,,kentrel bullock
4578462,OJ Hiliare,WR,0,,,,,,,,,,,,,,,,,,,oj hiliare
3054850,Alvin Kamara,RB,18,156.35,0.08,53.72,1.86,,124.649,499.638,2.293,35.253,232.496,0.933,,,,,,,,alvin kamara
3054845,Robert Foster,WR,0,,,,,,,,,,,,,,,,,,,robert foster
2514129,Bud Sasser,WR,14,,,,,,,,,,,,,,,,,,,bud sasser
2514123,Marcus Murphy,RB,29,,,,,,,,,,,,,,,,,,,marcus murphy
4365503,Kevin Shaa,WR,0,,,,,,,,,,,,,,,,,,,kevin shaa
4431045,John Copenhaver,TE,0,,,,,,,,,,,,,,,,,,,john copenhaver
4431044,Jalin Conyers,TE,0,,,,,,,,,,,,,,,,,,,jalin conyers
2514150,Kenny Bell,WR,7,,,,,,,,,,,,,,,,,,,kenny bell
3120349,Jalen Greene,WR,14,,,,,,,,,,,,,,,,,,,jalen greene
3120348,JuJu Smith-Schuster,WR,19,169.92,0.01,0.22,0.04,,,,,0.692,6.412,0.038,,,,,,,,juju smith schuster
4250969,Rodney Williams,TE,0,170.0,0.0,0.01,0.01,,,,,,,,,,,,,,,rodney williams
4250970,Dresser Winn,QB,0,,,,,,,,,,,,,,,,,,,dresser winn
4693331,Cam Miller,QB,15,169.98,0.01,0.03,0.01,,,,,,,,,,,,,,,cam miller
4431197,Romello Brinson,WR,0,,,,,,,,,,,,,,,,,,,romello brinson
4431196,Jake Briningstool,TE,12,,,,,,,,,,,,,,,,,,,jake briningstool
4775270,Jaden Shirden,RB,0,,,,,,,,,,,,,,,,,,,jaden shirden
4431210,Beaux Collins,WR,19,170.0,0.0,0.01,0.0,,,,,,,,,,,,,,,beaux collins
4775266,Dymere Miller,WR,0,,,,,,,,,,,,,,,,,,,dymere miller
5152117,Michael Wortham,WR,30,,,,,,,,,,,,,,,,,,,michael wortham
4693370,Riley Nowakowski,RB,23,169.97,0.0,0.14,0.01,,,,,4.259,29.058,0.159,,,,,,,,riley nowakowski
3054860,ArDarius Stewart,WR,28,,,,,,,,,,,,,,,,,,,ardarius stewart
2514206,Blake Bell,TE,0,,,,,,,,,,,,,,,,,,,blake bell
3054970,Chris Thompson,WR,0,,,,,,,,,,,,,,,,,,,chris thompson
4873485,Johnny Pascuzzi,TE,24,,,,,,,,,,,,,,,,,,,johnny pascuzzi
4676889,Myles Montgomery,RB,17,,,,,,,,,,,,,,,,,,,myles montgomery
4431134,Eli Wilson,TE,0,,,,,,,,,,,,,,,,,,,eli wilson
4431142,Jimmy Holiday,WR,12,170.0,0.0,0.01,0.0,,,,,,,,,,,,,,,jimmy holiday
4775196,Tommy Mellott,WR,0,169.97,0.0,0.02,0.01,,,,,,,,,,,,,,,tommy mellott
2579846,Ben Koyack,TE,0,,,,,,,,,,,,,,,,,,,ben koyack
2973052,Daniel Braverman,WR,0,,,,,,,,,,,,,,,,,,,daniel braverman
4709678,Devonte Ross,WR,24,,,,,,,,,,,,,,,,,,,devonte ross
4431152,Jackson Acker,RB,2,,,,,,,,,,,,,,,,,,,jackson acker
4365616,Casey Bauman,QB,0,,,,,,,,,,,,,,,,,,,casey bauman
4889929,Quinn Ewers,QB,15,169.95,0.0,0.2,0.03,,0.976,4.01,0.02,,,,22.372,152.89,0.561,0.605,,,,quinn ewers
4250945,Colton Dowell,WR,0,169.99,0.0,0.02,0.0,,,,,,,,,,,,,,,colton dowell
5086529,Cody Hardy,TE,18,,,,,,,,,,,,,,,,,,,cody hardy
3087801,Nick Fitzgerald,QB,0,,,,,,,,,,,,,,,,,,,nick fitzgerald
3923397,Ryquell Armstead,RB,0,,,,,,,,,,,,,,,,,,,ryquell armstead
3120558,Micah Wright,WR,18,,,,,,,,,,,,,,,,,,,micah wright
3923392,Mitchell Wilcox,TE,0,170.0,-0.01,0.01,0.0,,,,,,,,,,,,,,,mitchell wilcox
4431325,Taylen Green,QB,5,169.97,0.0,0.13,0.01,,,,,,,,,,,,,,,taylen green
4431334,Chris Hilton Jr.,WR,28,,,,,,,,,,,,,,,,,,,chris hilton
4431342,Brennan Presley,WR,14,170.0,0.0,0.01,0.0,,,,,,,,,,,,,,,brennan presley
4431346,Mark Redman,TE,14,,,,,,,,,,,,,,,,,,,mark redman
4431353,Xavier Restrepo,WR,10,170.0,0.0,0.03,0.01,,,,,,,,,,,,,,,xavier restrepo
3120540,Drew Belcher,TE,22,,,,,,,,,,,,,,,,,,,drew belcher
4431268,Chimere Dike,WR,10,171.01,0.11,1.66,0.14,,10.133,50.18,0.567,7.105,73.704,0.516,,,,,,,,chimere dike
4431280,Troy Franklin,WR,7,171.15,0.07,1.85,0.09,,2.045,10.575,0.078,17.008,215.842,1.771,,,,,,,,troy franklin
3120590,Easton Stick,QB,11,170.01,0.01,0.02,0.01,,,,,,,,,,,,,,,easton stick
3120588,Darrius Shepherd,WR,0,,,,,,,,,,,,,,,,,,,darrius shepherd
3923415,Cortrelle Simpson,WR,27,,,,,,,,,,,,,,,,,,,cortrelle simpson
4431299,Rome Odunze,WR,3,71.87,-0.29,91.73,41.63,,,,,59.333,1029.445,8.435,,,,,,,,rome odunze
4431304,Kejon Owens,RB,0,,,,,,,,,,,,,,,,,,,kejon owens
4431453,Deuce Vaughn,RB,0,169.98,0.0,0.02,0.01,,,,,,,,,,,,,,,deuce vaughn
4431452,Drake Maye,QB,17,47.94,0.01,98.99,79.25,673.95128438,101.036,531.587,4.047,,,,519.702,4094.19,26.948,11.17,,,,drake maye
2989641,Reece Horn,WR,0,,,,,,,,,,,,,,,,,,,reece horn
4431461,Chamon Metayer,TE,29,,,,,,,,,,,,,,,,,,,chamon metayer
4431459,Tyler Warren,TE,11,47.21,-0.09,98.98,94.56,122.49856888,6.292,14.466,0.379,86.007,871.835,5.321,,,,,,,,tyler warren
4431466,Jordan Watkins,WR,25,170.0,0.0,0.04,0.0,,,,,,,,,,,,,,,jordan watkins
4431465,Behren Morton,QB,17,169.98,0.0,0.03,0.01,,,,,,,,,,,,,,,behren morton
5103197,Tyren Montgomery,WR,10,,,,,,,,,,,,,,,,,,,tyren montgomery
3120659,Daurice Fountain,WR,0,,,,,,,,,,,,,,,,,,,daurice fountain
4431479,Ricky White III,WR,26,169.99,0.0,0.02,0.0,,,,,,,,,,,,,,,ricky white
2514461,Ezell Ruffin,WR,11,,,,,,,,,,,,,,,,,,,ezell ruffin
4431487,Savion Williams,WR,9,170.08,-0.01,0.63,0.07,,8.965,47.003,0.319,23.917,271.478,1.988,,,,,,,,savion williams
4431492,Roman Wilson,WR,23,169.92,0.01,0.27,0.03,,,,,,,,,,,,,,,roman wilson
2514542,Dres Anderson,WR,6,,,,,,,,,,,,,,,,,,,dres anderson
4431389,Ketron Jackson Jr.,WR,0,,,,,,,,,,,,,,,,,,,ketron jackson
3071572,Keelan Cole Sr.,WR,0,,,,,,,,,,,,,,,,,,,keelan cole
2580052,David Morgan,TE,16,,,,,,,,,,,,,,,,,,,david morgan
4038220,Cole McDonald,QB,0,,,,,,,,,,,,,,,,,,,cole mcdonald
4431431,Corey Kiner,RB,22,169.99,0.01,0.02,0.01,,,,,,,,,,,,,,,corey kiner
4366031,Tank Dell,WR,34,168.55,0.21,12.07,0.36,,8.408,44.586,0.197,37.948,461.93,2.656,,,,,,,,tank dell
4431574,Eli Stowers,TE,21,169.94,0.03,1.52,0.13,,4.626,19.917,0.172,14.313,142.902,1.027,,,,,,,,eli stowers
4431580,Miller Moss,QB,3,,,,,,,,,,,,,,,,,,,miller moss
4071091,Dre Miller,WR,0,,,,,,,,,,,,,,,,,,,dre miller
4431588,Ja'Tavion Sanders,TE,29,169.98,0.01,0.57,0.17,,,,,35.055,303.81,2.087,,,,,,,,ja tavion sanders
4431597,Roc Taylor,WR,29,,,,,,,,,,,,,,,,,,,roc taylor
4890373,Bauer Sharp,TE,27,169.99,0.0,0.02,0.0,,,,,,,,,,,,,,,bauer sharp
4431611,Caleb Williams,QB,3,92.06,-0.12,89.49,40.47,243.45877286,71.108,382.019,2.286,,,,528.278,3822.771,25.315,9.921,,,,caleb williams
4431618,Mario Williams,WR,14,,,,,,,,,,,,,,,,,,,mario williams
4382466,Jalen Nailor,WR,13,169.72,0.01,6.42,0.36,,2.092,11.087,0.076,44.153,605.732,3.012,,,,,,,,jalen nailor
4382470,Elijah Collins,RB,0,,,,,,,,,,,,,,,,,,,elijah collins
4431506,Ja'Corey Brooks,WR,0,169.97,0.0,0.02,0.01,,,,,,,,,,,,,,,ja corey brooks
4595342,Oronde Gadsden,TE,24,169.61,-0.19,10.01,1.72,,,,,41.603,443.681,3.457,,,,,,,,oronde gadsden
4431509,Kaden Prather,WR,9,169.97,0.0,0.03,0.02,,,,,,,,,,,,,,,kaden prather
2580216,DeAndre Carter,WR,0,170.02,0.01,0.02,0.0,,,,,,,,,,,,,,,deandre carter
3120878,DeVonte Dedmon,WR,0,,,,,,,,,,,,,,,,,,,devonte dedmon
4595348,Malik Nabers,WR,19,37.58,-0.12,98.2,54.31,,4.192,21.615,0.139,81.377,1068.514,6.865,,,,,,,,malik nabers
4365981,Izaiah Gathings,WR,0,,,,,,,,,,,,,,,,,,,izaiah gathings
4431536,Donovan Edwards,RB,15,169.98,0.01,0.03,0.01,,,,,,,,,,,,,,,donovan edwards
4431545,Will Shipley,RB,21,170.05,-0.02,0.47,0.07,,9.251,39.616,0.3,11.288,83.461,0.394,,,,,,,,will shipley
4431562,Phil Mafah,RB,6,169.95,0.01,0.1,0.01,,,,,,,,,,,,,,,phil mafah
2973405,Kalif Raymond,WR,3,169.88,0.04,0.29,0.08,,4.571,27.189,0.16,19.176,186.965,0.898,,,,,,,,kalif raymond
4038460,Dillon Stoner,WR,0,,,,,,,,,,,,,,,,,,,dillon stoner
4038441,Justice Hill,RB,33,170.72,0.05,4.74,0.38,,48.77,223.189,1.357,39.466,349.149,1.678,,,,,,,,justice hill
4382578,Tyler Snead,WR,0,,,,,,,,,,,,,,,,,,,tyler snead
4693881,Kisean Johnson,WR,0,,,,,,,,,,,,,,,,,,,kisean johnson
4038533,Darius Anderson,RB,0,,,,,,,,,,,,,,,,,,,darius anderson
2580343,Jalen Simmons,RB,22,,,,,,,,,,,,,,,,,,,jalen simmons
4038524,Gardner Minshew II,QB,22,169.97,0.0,0.11,0.02,,0.891,2.554,0.031,,,,21.727,141.817,0.634,0.593,,,,gardner minshew
3121023,Dallas Goedert,TE,21,102.28,-0.14,88.93,57.49,176.88644231,,,,70.48,725.54,5.65,,,,,,,,dallas goedert
3120980,Keelan Doss,WR,0,,,,,,,,,,,,,,,,,,,keelan doss
2580330,Temarrick Hemingway,TE,0,,,,,,,,,,,,,,,,,,,temarrick hemingway
2973626,C.J. Board,WR,0,,,,,,,,,,,,,,,,,,,c j board
2465679,Brandon Wegher,RB,14,,,,,,,,,,,,,,,,,,,brandon wegher
4038570,Jake Verity,K,0,,,,,,,,,,,,,,,,,,,jake verity
4038556,Artayvious Lynn,TE,0,,,,,,,,,,,,,,,,,,,artayvious lynn
4038539,Sewo Olonilua,RB,0,,,,,,,,,,,,,,,,,,,sewo olonilua
4382625,Sirgeo Hoffman,RB,0,,,,,,,,,,,,,,,,,,,sirgeo hoffman
4611995,Jamal Haynes,RB,4,,,,,,,,,,,,,,,,,,,jamal haynes
3121110,Alex Wesley,WR,0,,,,,,,,,,,,,,,,,,,alex wesley
2973663,Malachi Jones,WR,3,,,,,,,,,,,,,,,,,,,malachi jones
4710341,Jarquez Hunter,RB,14,169.96,0.01,0.15,0.02,,,,,,,,,,,,,,,jarquez hunter
3121225,Reggie White Jr.,WR,0,,,,,,,,,,,,,,,,,,,reggie white
2531358,Chris Manhertz,TE,19,170.0,0.01,0.06,0.02,,,,,1.833,16.331,0.12,,,,,,,,chris manhertz
4808839,Isaiah Bond,WR,5,169.99,0.0,0.36,0.04,,4.25,23.52,0.118,9.909,130.053,0.775,,,,,,,,isaiah bond
4808830,Damien Martinez,RB,9,169.98,0.01,0.05,0.01,,,,,,,,,,,,,,,damien martinez
4055171,Anthony Gordon,QB,0,,,,,,,,,,,,,,,,,,,anthony gordon
4808759,Camden Brown,WR,6,,,,,,,,,,,,,,,,,,,camden brown
4694074,Coleman Bennett,RB,3,,,,,,,,,,,,,,,,,,,coleman bennett
4808766,Mason Taylor,TE,20,169.9,-0.03,0.6,0.12,,,,,27.58,231.569,1.141,,,,,,,,mason taylor
4579554,Ian Wheeler,RB,2,,,,,,,,,,,,,,,,,,,ian wheeler
4694237,Max Hurleman,RB,23,,,,,,,,,,,,,,,,,,,max hurleman
4038815,Rico Dowdle,RB,23,109.13,-0.48,85.85,15.67,,222.831,973.214,5.487,29.218,210.018,1.072,,,,,,,,rico dowdle
4038818,Bryan Edwards,WR,0,,,,,,,,,,,,,,,,,,,bryan edwards
3121398,De'Mornay Pierson-El,WR,0,,,,,,,,,,,,,,,,,,,de mornay pierson el
3121396,Tyler Hoppes,TE,16,,,,,,,,,,,,,,,,,,,tyler hoppes
4612246,Sahmir Hagans,WR,11,,,,,,,,,,,,,,,,,,,sahmir hagans
8416,Alex Smith,QB,28,,,,,,,,,,,,,,,,,,,alex smith
3121413,Johnnie Dixon,WR,0,,,,,,,,,,,,,,,,,,,johnnie dixon
8417,Ronnie Brown,RB,24,,,,,,,,,,,,,,,,,,,ronnie brown
8418,Braylon Edwards,WR,0,,,,,,,,,,,,,,,,,,,braylon edwards
8419,Cedric Benson,RB,0,,,,,,,,,,,,,,,,,,,cedric benson
3121410,Parris Campbell,WR,6,170.01,0.01,0.02,0.01,,,,,,,,,,,,,,,parris campbell
8420,Cadillac Williams,RB,0,,,,,,,,,,,,,,,,,,,cadillac williams
3121409,Noah Brown,WR,0,170.01,0.01,0.03,0.01,,,,,,,,,,,,,,,noah brown
3940587,Jesper Horsted,TE,0,,,,,,,,,,,,,,,,,,,jesper horsted
8425,Mike Williams,WR,0,,,,,,,,,,,,,,,,,,,mike williams
4251826,Tyshaun James,WR,0,,,,,,,,,,,,,,,,,,,tyshaun james
8437,Mark Clayton,WR,0,,,,,,,,,,,,,,,,,,,mark clayton
8439,Aaron Rodgers,QB,23,169.21,0.13,4.49,0.67,,28.123,99.547,0.885,,,,568.434,3767.926,20.054,11.149,,,,aaron rodgers
8440,Jason Campbell,QB,4,,,,,,,,,,,,,,,,,,,jason campbell
8442,Roddy White,WR,1,,,,,,,,,,,,,,,,,,,roddy white
2466005,Bryce Petty,QB,0,,,,,,,,,,,,,,,,,,,bryce petty
8444,Heath Miller,TE,23,,,,,,,,,,,,,,,,,,,heath miller
3121378,Matt Sokol,TE,0,,,,,,,,,,,,,,,,,,,matt sokol
8461,Mike Nugent,K,0,,,,,,,,,,,,,,,,,,,mike nugent
4432208,Caleb Lohner,TE,7,170.0,0.0,0.01,0.0,,,,,,,,,,,,,,,caleb lohner
8469,Roscoe Parrish,WR,0,,,,,,,,,,,,,,,,,,,roscoe parrish
4579667,Pat Conroy,TE,0,,,,,,,,,,,,,,,,,,,pat conroy
4432215,Stephen Gosnell,WR,2,,,,,,,,,,,,,,,,,,,stephen gosnell
8475,Vincent Jackson,WR,27,,,,,,,,,,,,,,,,,,,vincent jackson
8479,Frank Gore,RB,0,,,,,,,,,,,,,,,,,,,frank gore
4038966,Jack Sorenson,WR,0,,,,,,,,,,,,,,,,,,,jack sorenson
8482,Courtney Roby,WR,1,,,,,,,,,,,,,,,,,,,courtney roby
4890973,Ashton Jeanty,RB,13,17.64,-0.15,99.58,97.58,278.35119337,281.056,1136.453,7.109,64.95,494.59,2.018,,,,,,,,ashton jeanty
8485,Alex Smith,TE,28,,,,,,,,,,,,,,,,,,,alex smith
2515270,Michael Burton,RB,5,170.0,0.0,0.07,0.02,,4.25,17.647,0.1,4.184,26.457,0.146,,,,,,,,michael burton
4038952,Hunter Kampmoyer,TE,0,,,,,,,,,,,,,,,,,,,hunter kampmoyer
2973973,Montay Crockett,WR,13,,,,,,,,,,,,,,,,,,,montay crockett
3121427,Curtis Samuel,WR,0,170.01,0.01,0.04,0.01,,,,,,,,,,,,,,,curtis samuel
4678010,Kyron Drones,QB,9,,,,,,,,,,,,,,,,,,,kyron drones
4366710,Juwan Green,WR,0,,,,,,,,,,,,,,,,,,,juwan green
4678008,Jonathon Brooks,RB,29,127.89,-0.33,75.9,2.28,,176.609,741.584,3.986,32.607,249.901,1.327,,,,,,,,jonathon brooks
3121422,Terry McLaurin,WR,28,61.68,-0.37,94.66,63.19,,,,,80.17,1036.36,5.701,,,,,,,,terry mclaurin
4678006,Elijah Arroyo,TE,26,169.9,-0.02,0.6,0.08,,,,,24.101,264.237,1.716,,,,,,,,elijah arroyo
4038941,Justin Herbert,QB,24,108.98,-0.26,86.7,37.22,,78.31,405.898,2.32,,,,527.834,3846.225,25.513,11.005,,,,justin herbert
4038938,Dillon Mitchell,WR,0,,,,,,,,,,,,,,,,,,,dillon mitchell
3055912,DeAndre Smelter,WR,30,,,,,,,,,,,,,,,,,,,deandre smelter
4432260,Matthew Hibner,TE,33,169.98,-0.01,0.09,0.01,,,,,3.335,35.839,0.293,,,,,,,,matthew hibner
4366729,Thomas Greaney,TE,0,,,,,,,,,,,,,,,,,,,thomas greaney
8520,Kyle Orton,QB,2,,,,,,,,,,,,,,,,,,,kyle orton
3055899,Harrison Butker,K,12,149.78,0.48,73.1,64.31,150.3195551,,,,,,,,,,,30.832,35.669,40.849,harrison butker
8524,Brandon Jacobs,RB,19,,,,,,,,,,,,,,,,,,,brandon jacobs
4039050,Devin Duvernay,WR,22,169.98,0.01,0.05,0.01,,,,,,,,,,,,,,,devin duvernay
4039043,Collin Johnson,WR,0,170.0,0.0,0.01,0.0,,,,,,,,,,,,,,,collin johnson
4874509,DJ Giddens,RB,11,170.14,-0.02,0.58,0.1,,33.555,141.462,1.006,8.547,56.839,0.3,,,,,,,,dj giddens
4874510,Xavier Loyd,WR,12,,,,,,,,,,,,,,,,,,,xavier loyd
4039034,Shane Buechele,QB,2,169.99,0.0,0.03,0.01,,,,,,,,,,,,,,,shane buechele
4366625,Reggie Brown,WR,0,,,,,,,,,,,,,,,,,,,reggie brown
4694302,Marcus Yarns,RB,0,,,,,,,,,,,,,,,,,,,marcus yarns
8544,Darren Sproles,RB,21,,,,,,,,,,,,,,,,,,,darren sproles
4596010,Le'Meke Brockington,WR,1,,,,,,,,,,,,,,,,,,,le meke brockington
8550,Roydell Williams,WR,0,,,,,,,,,,,,,,,,,,,roydell williams
5153056,DT Sheffield,WR,20,,,,,,,,,,,,,,,,,,,dt sheffield
3924325,Johnathon Johnson,WR,0,,,,,,,,,,,,,,,,,,,johnathon johnson
8559,Dan Orlovsky,QB,14,,,,,,,,,,,,,,,,,,,dan orlovsky
3924327,Drew Lock,QB,26,169.92,0.01,0.14,0.02,,1.171,5.189,0.048,,,,21.157,134.319,0.805,0.575,,,,drew lock
3924318,Emanuel Hall,WR,28,,,,,,,,,,,,,,,,,,,emanuel hall
4710714,De'Zhaun Stribling,WR,25,169.34,-0.44,8.28,0.2,,,,,36.138,543.331,3.335,,,,,,,,de zhaun stribling
4710711,DJ Rogers,TE,6,,,,,,,,,,,,,,,,,,,dj rogers
4039000,Aaron Fuller,WR,0,,,,,,,,,,,,,,,,,,,aaron fuller
4366655,Dylan Stapleton,TE,34,,,,,,,,,,,,,,,,,,,dylan stapleton
4038994,Sam Sloman,K,0,,,,,,,,,,,,,,,,,,,sam sloman
4710727,Laith Marjan,K,23,,,,,,,,,,,,,,,,,,,laith marjan
4432338,Luke Lachey,TE,9,169.98,0.0,0.02,0.01,,,,,,,,,,,,,,,luke lachey
4612558,Anderson Castle,RB,11,,,,,,,,,,,,,,,,,,,anderson castle
8593,Bo Scaife,TE,0,,,,,,,,,,,,,,,,,,,bo scaife
3121583,Roc Thomas,RB,30,,,,,,,,,,,,,,,,,,,roc thomas
8612,Joel Dreessen,TE,7,,,,,,,,,,,,,,,,,,,joel dreessen
8616,Dave Rayner,K,0,,,,,,,,,,,,,,,,,,,dave rayner
3957156,Shawn Bane,WR,1,,,,,,,,,,,,,,,,,,,shawn bane
8627,Derek Anderson,QB,0,,,,,,,,,,,,,,,,,,,derek anderson
4432374,Ahmani Marshall,RB,5,,,,,,,,,,,,,,,,,,,ahmani marshall
8644,Matt Cassel,QB,0,,,,,,,,,,,,,,,,,,,matt cassel
3924365,Hayden Hurst,TE,0,170.0,0.0,0.01,0.0,,,,,,,,,,,,,,,hayden hurst
4039057,Lil'Jordan Humphrey,WR,7,169.91,0.0,0.11,0.03,,,,,,,,,,,,,,,lil jordan humphrey
4432387,Nate McCollum,WR,0,,,,,,,,,,,,,,,,,,,nate mccollum
3924367,Kyle Markway,TE,0,,,,,,,,,,,,,,,,,,,kyle markway
2974198,Marquis Bundy,WR,19,,,,,,,,,,,,,,,,,,,marquis bundy
8663,Billy Bajema,TE,33,,,,,,,,,,,,,,,,,,,billy bajema
3039725,Ryan Switzer,WR,0,,,,,,,,,,,,,,,,,,,ryan switzer
8664,Ryan Fitzpatrick,QB,28,,,,,,,,,,,,,,,,,,,ryan fitzpatrick
8665,Madison Hedgecock,RB,0,,,,,,,,,,,,,,,,,,,madison hedgecock
3039723,T.J. Logan,RB,0,,,,,,,,,,,,,,,,,,,t j logan
4039160,Kylen Granson,TE,10,170.0,-0.01,0.02,0.01,,,,,,,,,,,,,,,kylen granson
2974212,Jhurell Pressley,RB,0,,,,,,,,,,,,,,,,,,,jhurell pressley
4579752,Shaquan Davis,WR,0,,,,,,,,,,,,,,,,,,,shaquan davis
3121659,Moral Stephens,TE,7,,,,,,,,,,,,,,,,,,,moral stephens
3039705,Beau Sandland,TE,0,,,,,,,,,,,,,,,,,,,beau sandland
3121616,Jaelon Acklin,WR,33,,,,,,,,,,,,,,,,,,,jaelon acklin
2515416,Jeremy Langford,RB,1,,,,,,,,,,,,,,,,,,,jeremy langford
4383163,Taylor Grimes,WR,0,,,,,,,,,,,,,,,,,,,taylor grimes
3039720,Bug Howard,TE,0,,,,,,,,,,,,,,,,,,,bug howard
2515420,Keith Mumphery,WR,34,,,,,,,,,,,,,,,,,,,keith mumphery
4710855,Konata Mumpfield,WR,14,169.94,-0.01,0.16,0.02,,,,,9.879,126.682,1.148,,,,,,,,konata mumpfield
3039707,Mitchell Trubisky,QB,10,169.98,0.01,0.09,0.01,,1.127,2.49,0.048,,,,23.566,153.96,0.674,0.715,,,,mitchell trubisky
3957316,Clayton Wilson,TE,26,,,,,,,,,,,,,,,,,,,clayton wilson
3039793,Cam Serigne,TE,29,,,,,,,,,,,,,,,,,,,cam serigne
3039794,James Looney,TE,0,,,,,,,,,,,,,,,,,,,james looney
4039226,Justin Crawford,RB,1,,,,,,,,,,,,,,,,,,,justin crawford
4071979,Darius Clark,RB,0,,,,,,,,,,,,,,,,,,,darius clark
4039210,Drew Plitt,QB,0,,,,,,,,,,,,,,,,,,,drew plitt
4596334,Keaton Mitchell,RB,24,170.74,0.07,5.25,0.24,,62.392,293.716,1.791,12.029,92.612,0.463,,,,,,,,keaton mitchell
4366963,Dylan Laube,RB,13,170.07,-0.02,0.13,0.03,,,,,,,,,,,,,,,dylan laube
4039198,Nolan Givan,TE,0,,,,,,,,,,,,,,,,,,,nolan givan
4383351,Trey Lance,QB,24,169.95,0.0,0.12,0.02,,1.491,6.823,0.044,,,,22.451,147.337,0.978,0.57,,,,trey lance
4596347,Donaven McCulley,WR,15,,,,,,,,,,,,,,,,,,,donaven mcculley
4055563,Deontez Alexander,WR,0,,,,,,,,,,,,,,,,,,,deontez alexander
2974328,Brandon Reilly,WR,23,,,,,,,,,,,,,,,,,,,brandon reilly
4039300,D'Eriq King,QB,0,,,,,,,,,,,,,,,,,,,d eriq king
4907543,Marcus Sanders Jr.,WR,16,,,,,,,,,,,,,,,,,,,marcus sanders
2974317,Andy Janovich,RB,0,,,,,,,,,,,,,,,,,,,andy janovich
2974339,Austin Carr,WR,0,,,,,,,,,,,,,,,,,,,austin carr
4039271,Tony Poljan,TE,0,,,,,,,,,,,,,,,,,,,tony poljan
4039274,Jonathan Ward,RB,0,169.99,0.01,0.01,0.01,,,,,,,,,,,,,,,jonathan ward
4694583,Quali Conley,RB,0,,,,,,,,,,,,,,,,,,,quali conley
4366910,Shawn Bowman,TE,0,,,,,,,,,,,,,,,,,,,shawn bowman
4039253,Trevon Wesco,TE,0,,,,,,,,,,,,,,,,,,,trevon wesco
4039244,Marcus Simms,WR,0,,,,,,,,,,,,,,,,,,,marcus simms
4252364,Kyle Williams,WR,0,,,,,,,,,,,,,,,,,,,kyle williams
3039924,E.J. Bibbs,TE,28,,,,,,,,,,,,,,,,,,,e j bibbs
4383440,Nate Adkins,TE,7,170.0,0.0,0.03,0.01,,,,,7.836,68.573,0.671,,,,,,,,nate adkins
3957439,Nick Guggemos,TE,0,,,,,,,,,,,,,,,,,,,nick guggemos
4039359,Darrell Henderson Jr.,RB,0,,,,,,,,,,,,,,,,,,,darrell henderson
4612826,Ladd McConkey,WR,24,52.83,-0.24,95.24,70.56,,,,,79.619,1034.034,6.269,,,,,,,,ladd mcconkey
4596439,Dominic Lovett,WR,8,169.97,0.0,0.03,0.0,,,,,,,,,,,,,,,dominic lovett
4039358,Patrick Taylor Jr.,RB,25,170.0,0.0,0.03,0.01,,,,,,,,,,,,,,,patrick taylor
4596448,Bucky Irving,RB,27,55.38,-0.44,94.94,70.63,,244.464,993.6,5.341,36.83,294.454,1.745,,,,,,,,bucky irving
4039339,Mathew Sexton,WR,0,,,,,,,,,,,,,,,,,,,mathew sexton
4432620,Parker Washington,WR,30,102.75,-0.18,84.58,6.24,,8.033,38.855,0.266,63.745,849.929,5.151,,,,,,,,parker washington
2515609,Manasseh Garner,TE,12,,,,,,,,,,,,,,,,,,,manasseh garner
4596472,Jalon Daniels,QB,27,,,,,,,,,,,,,,,,,,,jalon daniels
4432631,Noah Whittington,RB,34,,,,,,,,,,,,,,,,,,,noah whittington
4039320,Sergio Bailey,WR,27,,,,,,,,,,,,,,,,,,,sergio bailey
4039307,Marquez Stevenson,WR,0,,,,,,,,,,,,,,,,,,,marquez stevenson
2974365,Danny Vitale,RB,0,,,,,,,,,,,,,,,,,,,danny vitale
4711055,Dorian Singer,WR,0,,,,,,,,,,,,,,,,,,,dorian singer
4432545,Jabari Small,RB,8,,,,,,,,,,,,,,,,,,,jabari small
4383396,Hunter Luepke,RB,6,169.96,0.0,0.22,0.03,,13.268,56.065,0.44,8.615,61.692,0.353,,,,,,,,hunter luepke
4694694,Dallas Daniels,WR,0,,,,,,,,,,,,,,,,,,,dallas daniels
2515662,Jordan Taylor,WR,0,,,,,,,,,,,,,,,,,,,jordan taylor
4432577,C.J. Stroud,QB,34,165.85,0.09,13.87,2.2,,57.061,248.938,1.046,,,,551.034,3945.704,21.377,12.057,,,,c j stroud
4383429,Jacob Saylors,RB,8,169.95,0.01,0.1,0.03,,,,,,,,,,,,,,,jacob saylors
3039970,Ben Johnson,TE,24,,,,,,,,,,,,,,,,,,,ben johnson
3039968,Ishmael Hyman,WR,0,,,,,,,,,,,,,,,,,,,ishmael hyman
4350798,Joshua Crockett,WR,0,,,,,,,,,,,,,,,,,,,joshua crockett
4367182,Michael Ezeike,TE,0,,,,,,,,,,,,,,,,,,,michael ezeike
2515759,J.J. Nelson,WR,0,,,,,,,,,,,,,,,,,,,j j nelson
4367180,Kazmeir Allen,WR,0,,,,,,,,,,,,,,,,,,,kazmeir allen
4432722,Athan Kaliakmanis,QB,28,169.98,0.0,0.03,0.01,,,,,,,,,,,,,,,athan kaliakmanis
4367186,Chase Cota,WR,0,170.0,0.0,0.01,0.0,,,,,,,,,,,,,,,chase cota
4432734,Jalen Milroe,QB,26,169.93,0.0,0.26,0.02,,,,,,,,,,,,,,,jalen milroe
3040071,Keith Towbridge,TE,2,,,,,,,,,,,,,,,,,,,keith towbridge
4842342,Donte Sylencieux,WR,0,,,,,,,,,,,,,,,,,,,donte sylencieux
4432731,Moliki Matavao,TE,18,170.0,0.0,0.01,0.0,,,,,,,,,,,,,,,moliki matavao
4039468,Andrew Parchment,WR,0,,,,,,,,,,,,,,,,,,,andrew parchment
4367209,Greg Dulcich,TE,15,170.46,0.01,3.16,0.56,,,,,51.758,580.99,1.643,,,,,,,,greg dulcich
4039467,Tre Harbison,RB,0,,,,,,,,,,,,,,,,,,,tre harbison
3957543,Billy Brown,TE,0,,,,,,,,,,,,,,,,,,,billy brown
3040026,Demarcus Ayers,WR,0,,,,,,,,,,,,,,,,,,,demarcus ayers
4596602,Brashard Smith,RB,12,170.08,-0.02,0.44,0.07,,,,,,,,,,,,,,,brashard smith
5153650,Davon Booth,RB,5,,,,,,,,,,,,,,,,,,,davon booth
4432762,Shedeur Sanders,QB,5,169.16,0.03,2.66,0.23,,21.174,119.272,0.622,,,,232.125,1623.226,7.145,5.557,,,,shedeur sanders
4596596,J.J. Jones,WR,0,,,,,,,,,,,,,,,,,,,j j jones
2974503,Reggie Begelton,WR,0,,,,,,,,,,,,,,,,,,,reggie begelton
3040035,Greg Ward,WR,0,,,,,,,,,,,,,,,,,,,greg ward
4432773,Brian Thomas Jr.,WR,30,104.76,-0.42,85.65,6.7,,4.017,23.102,0.163,57.085,860.103,5.032,,,,,,,,brian thomas
4432772,Jermaine Terry II,TE,0,,,,,,,,,,,,,,,,,,,jermaine terry
4039436,Malcolm Perry,WR,17,,,,,,,,,,,,,,,,,,,malcolm perry
4432775,Dont'e Thornton Jr.,WR,13,169.96,0.0,0.25,0.03,,,,,12.125,167.549,0.602,,,,,,,,dont e thornton
3728262,Ray-Ray McCloud III,WR,0,169.99,0.0,0.03,0.01,,,,,,,,,,,,,,,ray ray mccloud
2990959,Rico Gathers,TE,0,,,,,,,,,,,,,,,,,,,rico gathers
3728254,Deon Cain,WR,0,,,,,,,,,,,,,,,,,,,deon cain
4039553,Ryan Becker,TE,0,,,,,,,,,,,,,,,,,,,ryan becker
4432665,Brock Bowers,TE,13,23.61,-0.11,99.75,99.06,141.80023495,4.183,15.528,0.196,98.427,995.939,6.551,,,,,,,,brock bowers
3040137,Derrick Willies,WR,0,,,,,,,,,,,,,,,,,,,derrick willies
3040134,Nic Shimonek,QB,28,,,,,,,,,,,,,,,,,,,nic shimonek
2974590,Ed Eagan,WR,0,,,,,,,,,,,,,,,,,,,ed eagan
4596545,CJ Dippre,TE,17,169.99,-0.01,0.05,0.01,,,,,3.889,37.34,0.272,,,,,,,,cj dippre
4432705,Bryson Green,WR,22,,,,,,,,,,,,,,,,,,,bryson green
4432710,TreVeyon Henderson,RB,17,70.54,-0.61,92.11,46.95,,194.272,853.812,6.815,43.144,299.64,1.59,,,,,,,,treveyon henderson
4432708,Marvin Harrison Jr.,WR,22,91.61,-0.5,88.76,17.81,,,,,68.789,954.595,5.062,,,,,,,,marvin harrison
4039505,Reggie Gilliam,RB,17,169.96,0.0,0.12,0.02,,,,,4.109,29.793,0.148,,,,,,,,reggie gilliam
4367178,Dorian Thompson-Robinson,QB,0,169.97,0.0,0.02,0.01,,,,,,,,,,,,,,,dorian thompson robinson
4367175,Kyle Philips,WR,0,,,,,,,,,,,,,,,,,,,kyle philips
3056476,Victor Bolden,WR,0,,,,,,,,,,,,,,,,,,,victor bolden
3122103,Kendall Blanton,TE,0,,,,,,,,,,,,,,,,,,,kendall blanton
4613067,Zion Bowens,WR,0,,,,,,,,,,,,,,,,,,,zion bowens
3728307,Jackson Harris,TE,26,,,,,,,,,,,,,,,,,,,jackson harris
4367325,Aaron Dykes,RB,0,,,,,,,,,,,,,,,,,,,aaron dykes
4039607,J.J. Taylor,RB,0,169.97,0.01,0.02,0.01,,,,,,,,,,,,,,,j j taylor
4039604,Shawn Poindexter,WR,0,,,,,,,,,,,,,,,,,,,shawn poindexter
3056577,Da'Mari Scott,WR,0,,,,,,,,,,,,,,,,,,,da mari scott
4039602,Khalil Tate,WR,0,,,,,,,,,,,,,,,,,,,khalil tate
4613105,Miles Davis,RB,29,,,,,,,,,,,,,,,,,,,miles davis
3040151,George Kittle,TE,25,96.67,-0.56,89.87,26.12,177.55475222,,,,69.729,761.714,5.215,,,,,,,,george kittle
4383723,Jerreth Sterns,WR,0,,,,,,,,,,,,,,,,,,,jerreth sterns
4613104,Malachi Corley,WR,5,169.97,0.0,0.07,0.02,,6.376,43.83,0.207,1.659,16.458,0.052,,,,,,,,malachi corley
3040146,Akrum Wadley,RB,0,,,,,,,,,,,,,,,,,,,akrum wadley
3040143,LeShun Daniels Jr.,RB,0,,,,,,,,,,,,,,,,,,,leshun daniels
2974712,Lenard Tillery,RB,0,,,,,,,,,,,,,,,,,,,lenard tillery
3122168,Trent Sherfield,WR,2,169.99,0.02,0.04,0.01,,,,,,,,,,,,,,,trent sherfield
3122167,Caleb Scott,WR,0,,,,,,,,,,,,,,,,,,,caleb scott
4432784,Kyron Hudson,WR,3,,,,,,,,,,,,,,,,,,,kyron hudson
2515962,DeAndrew White,WR,0,,,,,,,,,,,,,,,,,,,deandrew white
4056052,Armani Rogers,TE,0,,,,,,,,,,,,,,,,,,,armani rogers
4039669,Corey Taylor,RB,0,,,,,,,,,,,,,,,,,,,corey taylor
4613032,Nate Noel,RB,0,,,,,,,,,,,,,,,,,,,nate noel
4613050,Quentin Skinner,WR,2,169.98,0.0,0.02,0.01,,,,,,,,,,,,,,,quentin skinner
2581464,Rannell Hall,WR,0,,,,,,,,,,,,,,,,,,,rannell hall
4285366,Naz Bohannon,TE,0,,,,,,,,,,,,,,,,,,,naz bohannon
3040206,Chris Streveler,QB,0,,,,,,,,,,,,,,,,,,,chris streveler
3040204,Ryan Santoso,K,0,,,,,,,,,,,,,,,,,,,ryan santoso
3122154,Khari Blasingame,RB,0,170.0,0.02,0.01,0.01,,,,,,,,,,,,,,,khari blasingame
2515934,Corey Grant,RB,0,,,,,,,,,,,,,,,,,,,corey grant
2515931,Jalston Fowler,RB,0,,,,,,,,,,,,,,,,,,,jalston fowler
4875197,Tiyon Evans,RB,0,,,,,,,,,,,,,,,,,,,tiyon evans
3122143,Cullen Gillaspia,RB,0,,,,,,,,,,,,,,,,,,,cullen gillaspia
4613202,Kyle Williams,WR,17,169.93,-0.02,0.47,0.05,,4.133,22.331,0.192,6.433,91.473,0.552,,,,,,,,kyle williams
4875350,Quentin Moore,TE,28,,,,,,,,,,,,,,,,,,,quentin moore
3056691,Dontez Byrd,WR,0,,,,,,,,,,,,,,,,,,,dontez byrd
9235,Rob Bironas,K,0,,,,,,,,,,,,,,,,,,,rob bironas
5088338,Elijah Sarratt,WR,33,170.13,-0.02,0.86,0.06,,,,,19.529,294.553,1.774,,,,,,,,elijah sarratt
5153868,Phil Lutz,WR,0,,,,,,,,,,,,,,,,,,,phil lutz
2466890,Mitch Ewald,K,7,,,,,,,,,,,,,,,,,,,mitch ewald
3892271,Rasheed Bailey,WR,29,,,,,,,,,,,,,,,,,,,rasheed bailey
9264,Stephen Spach,TE,0,,,,,,,,,,,,,,,,,,,stephen spach
4711533,Ollie Gordon II,RB,15,170.32,0.0,1.06,0.1,,49.385,202.791,1.211,3.938,27.755,0.122,,,,,,,,ollie gordon
9268,Rashied Davis,WR,0,,,,,,,,,,,,,,,,,,,rashied davis
9270,Joshua Cribbs,WR,11,,,,,,,,,,,,,,,,,,,joshua cribbs
9286,J.P. Foschi,TE,0,,,,,,,,,,,,,,,,,,,j p foschi
2516006,Michael Dyer,RB,13,,,,,,,,,,,,,,,,,,,michael dyer
9297,Leonard Weaver,RB,0,,,,,,,,,,,,,,,,,,,leonard weaver
4613132,Levi Wentz,WR,23,,,,,,,,,,,,,,,,,,,levi wentz
9307,Nate Washington,WR,17,,,,,,,,,,,,,,,,,,,nate washington
2974858,Kenny Golladay,WR,0,,,,,,,,,,,,,,,,,,,kenny golladay
9329,Nick Novak,K,0,,,,,,,,,,,,,,,,,,,nick novak
2581598,Terrell Watson,RB,0,,,,,,,,,,,,,,,,,,,terrell watson
2516059,Tyler Murphy,WR,15,,,,,,,,,,,,,,,,,,,tyler murphy
9354,Robbie Gould,K,0,,,,,,,,,,,,,,,,,,,robbie gould
3138744,Chris Myarick,TE,13,,,,,,,,,,,,,,,,,,,chris myarick
9361,Shaun Suisham,K,23,,,,,,,,,,,,,,,,,,,shaun suisham
4367567,Julius Chestnut,RB,10,169.98,0.0,0.05,0.02,,,,,,,,,,,,,,,julius chestnut
9362,Brandon Rideau,WR,0,,,,,,,,,,,,,,,,,,,brandon rideau
3138760,Ventell Bryant,WR,0,,,,,,,,,,,,,,,,,,,ventell bryant
3138759,Matthew Eaton,WR,27,,,,,,,,,,,,,,,,,,,matthew eaton
9392,Darius Williams,TE,14,,,,,,,,,,,,,,,,,,,darius williams
9400,Lance Moore,WR,1,,,,,,,,,,,,,,,,,,,lance moore
3843217,Chandler Cox,RB,0,,,,,,,,,,,,,,,,,,,chandler cox
3122424,Taylor Cornelius,QB,9,,,,,,,,,,,,,,,,,,,taylor cornelius
3122421,Keenen Brown,TE,14,,,,,,,,,,,,,,,,,,,keenen brown
3040499,Johnny Stanton IV,RB,0,,,,,,,,,,,,,,,,,,,johnny stanton
4367510,Dante Miller,RB,19,170.0,0.0,0.01,0.01,,,,,,,,,,,,,,,dante miller
4695193,Efton Chism III,WR,17,169.94,0.0,0.18,0.02,,,,,,,,,,,,,,,efton chism
9434,Tony Curtis,TE,0,,,,,,,,,,,,,,,,,,,tony curtis
3056906,Johnny Holton,WR,0,,,,,,,,,,,,,,,,,,,johnny holton
3155188,Vyncint Smith,WR,0,,,,,,,,,,,,,,,,,,,vyncint smith
3122430,Chris Lacy,WR,0,,,,,,,,,,,,,,,,,,,chris lacy
3040507,J.T. Barrett,QB,23,,,,,,,,,,,,,,,,,,,j t barrett
9450,Tory Humphrey,TE,0,,,,,,,,,,,,,,,,,,,tory humphrey
9451,Ruvell Martin,WR,0,,,,,,,,,,,,,,,,,,,ruvell martin
3040470,Cethan Carter,TE,15,,,,,,,,,,,,,,,,,,,cethan carter
9457,John Standeford,WR,0,,,,,,,,,,,,,,,,,,,john standeford
4695223,Chase Curtis,TE,20,,,,,,,,,,,,,,,,,,,chase curtis
9475,Ryan Grant,RB,0,,,,,,,,,,,,,,,,,,,ryan grant
3040569,Trent Taylor,WR,0,170.01,0.01,0.01,0.01,,,,,,,,,,,,,,,trent taylor
3040561,Carlos Henderson,WR,28,,,,,,,,,,,,,,,,,,,carlos henderson
9495,Greg Camarillo,WR,0,,,,,,,,,,,,,,,,,,,greg camarillo
4875613,Dean Patterson,WR,27,,,,,,,,,,,,,,,,,,,dean patterson
4695400,Mark Gronowski,QB,15,,,,,,,,,,,,,,,,,,,mark gronowski
3040535,Kurt Benkert,QB,0,,,,,,,,,,,,,,,,,,,kurt benkert
4695404,Isaiah Davis,RB,20,170.18,-0.02,0.52,0.06,,39.098,178.163,1.315,12.884,95.38,0.411,,,,,,,,isaiah davis
3122449,James Washington,WR,0,,,,,,,,,,,,,,,,,,,james washington
9530,John Kuhn,RB,0,,,,,,,,,,,,,,,,,,,john kuhn
2516344,Dylan Thompson,QB,14,,,,,,,,,,,,,,,,,,,dylan thompson
3040644,Jarveon Williams,RB,4,,,,,,,,,,,,,,,,,,,jarveon williams
3925357,Calvin Ridley,WR,10,167.02,0.02,22.44,0.67,,6.08,32.001,0.246,46.229,721.68,3.576,,,,,,,,calvin ridley
2467210,Josh Harris,RB,23,,,,,,,,,,,,,,,,,,,josh harris
3925348,Hale Hentges,TE,16,,,,,,,,,,,,,,,,,,,hale hentges
3925347,Damien Harris,RB,2,,,,,,,,,,,,,,,,,,,damien harris
9588,Reggie Bush,RB,2,,,,,,,,,,,,,,,,,,,reggie bush
9589,Vince Young,QB,9,,,,,,,,,,,,,,,,,,,vince young
3925346,Derrick Gore,RB,0,,,,,,,,,,,,,,,,,,,derrick gore
9592,Vernon Davis,TE,28,,,,,,,,,,,,,,,,,,,vernon davis
9596,Matt Leinart,QB,0,,,,,,,,,,,,,,,,,,,matt leinart
9597,Jay Cutler,QB,0,,,,,,,,,,,,,,,,,,,jay cutler
4695358,Johnny King,WR,0,,,,,,,,,,,,,,,,,,,johnny king
2516316,Malcolm Johnson,RB,0,,,,,,,,,,,,,,,,,,,malcolm johnson
3843406,Nick Brossette,RB,8,,,,,,,,,,,,,,,,,,,nick brossette
9607,Laurence Maroney,RB,0,,,,,,,,,,,,,,,,,,,laurence maroney
9611,Santonio Holmes,WR,3,,,,,,,,,,,,,,,,,,,santonio holmes
9613,DeAngelo Williams,RB,0,,,,,,,,,,,,,,,,,,,deangelo williams
9614,Marcedes Lewis,TE,0,170.02,0.01,0.04,0.01,,,,,,,,,,,,,,,marcedes lewis
9616,Joseph Addai,RB,0,,,,,,,,,,,,,,,,,,,joseph addai
3007919,Jevoni Robinson,TE,34,,,,,,,,,,,,,,,,,,,jevoni robinson
9622,Chad Jackson,WR,0,,,,,,,,,,,,,,,,,,,chad jackson
3122607,Shay Fields,WR,28,,,,,,,,,,,,,,,,,,,shay fields
9630,Sinorice Moss,WR,0,,,,,,,,,,,,,,,,,,,sinorice moss
9631,LenDale White,RB,0,,,,,,,,,,,,,,,,,,,lendale white
9635,Kellen Clemens,QB,0,,,,,,,,,,,,,,,,,,,kellen clemens
9638,Greg Jennings,WR,15,,,,,,,,,,,,,,,,,,,greg jennings
9639,Anthony Fasano,TE,0,,,,,,,,,,,,,,,,,,,anthony fasano
3909039,Jermiah Braswell,WR,0,,,,,,,,,,,,,,,,,,,jermiah braswell
9643,Devin Hester,WR,26,,,,,,,,,,,,,,,,,,,devin hester
9646,Maurice Jones-Drew,RB,13,,,,,,,,,,,,,,,,,,,maurice jones drew
9647,Tony Scheffler,TE,8,,,,,,,,,,,,,,,,,,,tony scheffler
4875767,Brock Lampe,RB,26,,,,,,,,,,,,,,,,,,,brock lampe
9650,Tarvaris Jackson,QB,26,,,,,,,,,,,,,,,,,,,tarvaris jackson
9658,Leonard Pope,TE,0,,,,,,,,,,,,,,,,,,,leonard pope
3909014,Luke Sellers,RB,0,,,,,,,,,,,,,,,,,,,luke sellers
4875786,Tru Edwards,WR,14,,,,,,,,,,,,,,,,,,,tru edwards
9665,Jerious Norwood,RB,0,,,,,,,,,,,,,,,,,,,jerious norwood
9667,Charlie Whitehurst,QB,5,,,,,,,,,,,,,,,,,,,charlie whitehurst
3843469,Derrick Dillon,WR,0,,,,,,,,,,,,,,,,,,,derrick dillon
9668,Derek Hagan,WR,10,,,,,,,,,,,,,,,,,,,derek hagan
3909004,Taryn Christion,QB,6,,,,,,,,,,,,,,,,,,,taryn christion
9671,Brodie Croyle,QB,0,,,,,,,,,,,,,,,,,,,brodie croyle
9672,David Thomas,TE,0,,,,,,,,,,,,,,,,,,,david thomas
9676,Maurice Stovall,TE,0,,,,,,,,,,,,,,,,,,,maurice stovall
3909123,Rashad Medaris,WR,0,,,,,,,,,,,,,,,,,,,rashad medaris
9679,Dominique Byrd,TE,0,,,,,,,,,,,,,,,,,,,dominique byrd
9684,Owen Daniels,TE,7,,,,,,,,,,,,,,,,,,,owen daniels
3122672,Royce Freeman,RB,0,,,,,,,,,,,,,,,,,,,royce freeman
9686,Michael Robinson,RB,26,,,,,,,,,,,,,,,,,,,michael robinson
9689,Brad Smith,WR,21,,,,,,,,,,,,,,,,,,,brad smith
9692,Garrett Mills,TE,0,,,,,,,,,,,,,,,,,,,garrett mills
9695,Jason Avant,WR,12,,,,,,,,,,,,,,,,,,,jason avant
9697,Demetrius Williams,WR,0,,,,,,,,,,,,,,,,,,,demetrius williams
9703,Leon Washington,RB,10,,,,,,,,,,,,,,,,,,,leon washington
9704,Stephen Gostkowski,K,0,,,,,,,,,,,,,,,,,,,stephen gostkowski
9705,Brandon Marshall,WR,0,,,,,,,,,,,,,,,,,,,brandon marshall
3139033,Mike Boone,RB,0,170.01,0.01,0.01,0.01,,,,,,,,,,,,,,,mike boone
4367790,Tim DeMorat,QB,0,,,,,,,,,,,,,,,,,,,tim demorat
4384171,Tanner McLachlan,TE,25,169.99,0.0,0.01,0.0,,,,,,,,,,,,,,,tanner mclachlan
9716,Domenik Hixon,WR,29,,,,,,,,,,,,,,,,,,,domenik hixon
9731,Jerome Harrison,RB,0,,,,,,,,,,,,,,,,,,,jerome harrison
9736,Jason Pociask,TE,0,,,,,,,,,,,,,,,,,,,jason pociask
9741,Jeff King,TE,22,,,,,,,,,,,,,,,,,,,jeff king
2991662,Mack Hollins,WR,17,169.95,-0.02,0.37,0.06,,,,,10.768,126.685,0.789,,,,,,,,mack hollins
9761,Delanie Walker,TE,10,,,,,,,,,,,,,,,,,,,delanie walker
9766,Lawrence Vickers,RB,0,,,,,,,,,,,,,,,,,,,lawrence vickers
3892775,Jarrett Stidham,QB,7,169.97,0.0,0.12,0.02,,1.65,6.773,0.049,,,,22.238,161.353,1.099,0.584,,,,jarrett stidham
9780,Bruce Gradkowski,QB,23,,,,,,,,,,,,,,,,,,,bruce gradkowski
3843603,Jazz Ferguson,WR,0,,,,,,,,,,,,,,,,,,,jazz ferguson
4875912,Tejhaun Palmer,WR,17,170.0,0.0,0.01,0.0,,,,,,,,,,,,,,,tejhaun palmer
4368003,Andrei Iosivas,WR,4,170.39,-0.1,0.71,0.15,,2.037,11.167,0.086,27.293,317.474,2.787,,,,,,,,andrei iosivas
3122716,Buddy Howell,RB,0,,,,,,,,,,,,,,,,,,,buddy howell
9804,Todd Watkins,WR,0,,,,,,,,,,,,,,,,,,,todd watkins
2582138,Kyle Carter,TE,2,,,,,,,,,,,,,,,,,,,kyle carter
3122799,Jonathan Hilliman,RB,0,,,,,,,,,,,,,,,,,,,jonathan hilliman
4875788,Jalen Walthall,WR,20,,,,,,,,,,,,,,,,,,,jalen walthall
9819,Devin Aromashodu,WR,0,,,,,,,,,,,,,,,,,,,devin aromashodu
2565755,De'Angelo Henderson,RB,16,,,,,,,,,,,,,,,,,,,de angelo henderson
2582139,Sam Ficken,K,0,,,,,,,,,,,,,,,,,,,sam ficken
3122818,Tommy Sweeney,TE,0,,,,,,,,,,,,,,,,,,,tommy sweeney
9832,Quinton Ganther,RB,0,,,,,,,,,,,,,,,,,,,quinton ganther
9835,Ben Obomanu,WR,20,,,,,,,,,,,,,,,,,,,ben obomanu
9837,David Anderson,WR,0,,,,,,,,,,,,,,,,,,,david anderson
9838,Marques Colston,WR,18,,,,,,,,,,,,,,,,,,,marques colston
4875825,Shae Wyatt,WR,0,,,,,,,,,,,,,,,,,,,shae wyatt
9859,Hank Baskett,WR,0,,,,,,,,,,,,,,,,,,,hank baskett
9864,Mike Bell,RB,0,,,,,,,,,,,,,,,,,,,mike bell
2975417,Patrick Ricard,RB,19,170.0,0.01,0.14,0.03,,,,,3.945,26.891,0.137,,,,,,,,patrick ricard
3122866,Devontae Booker,RB,0,,,,,,,,,,,,,,,,,,,devontae booker
4695765,Tyler Neville,TE,0,,,,,,,,,,,,,,,,,,,tyler neville
9882,CJ Brewer,WR,0,,,,,,,,,,,,,,,,,,,cj brewer
4876006,Zaire Mitchell-Paden,TE,18,169.99,0.0,0.01,0.0,,,,,,,,,,,,,,,zaire mitchell paden
3909300,Thomas Ives,WR,0,,,,,,,,,,,,,,,,,,,thomas ives
3122842,Adam Choice,RB,0,,,,,,,,,,,,,,,,,,,adam choice
2991767,Blake Jarwin,TE,6,,,,,,,,,,,,,,,,,,,blake jarwin
3843750,Derrius Guice,RB,0,,,,,,,,,,,,,,,,,,,derrius guice
9901,Brian Clark,WR,0,,,,,,,,,,,,,,,,,,,brian clark
3122840,Deshaun Watson,QB,5,169.98,-0.03,1.45,0.22,,42.017,211.086,0.962,,,,311.339,2042.46,8.384,7.033,,,,deshaun watson
9902,Patrick Cobbs,RB,0,,,,,,,,,,,,,,,,,,,patrick cobbs
3122839,Artavis Scott,WR,0,,,,,,,,,,,,,,,,,,,artavis scott
3122838,Trevion Thompson,WR,0,,,,,,,,,,,,,,,,,,,trevion thompson
4695800,JJ Galbreath,TE,23,,,,,,,,,,,,,,,,,,,jj galbreath
3892889,Dede Westbrook,WR,0,,,,,,,,,,,,,,,,,,,dede westbrook
4597500,Adonai Mitchell,WR,20,169.37,0.01,5.66,0.27,,2.172,11.164,0.108,41.528,610.834,3.523,,,,,,,,adonai mitchell
4876030,Lincoln Sefcik,TE,0,,,,,,,,,,,,,,,,,,,lincoln sefcik
3122935,Travis Rudolph,WR,0,,,,,,,,,,,,,,,,,,,travis rudolph
4695705,Marlin Klein,TE,34,169.99,0.0,0.1,0.01,,,,,3.956,36.255,0.223,,,,,,,,marlin klein
4040419,Bobby Holly,RB,0,,,,,,,,,,,,,,,,,,,bobby holly
3122899,Richie James,WR,0,,,,,,,,,,,,,,,,,,,richie james
4892333,Alfonzo Graham,RB,0,,,,,,,,,,,,,,,,,,,alfonzo graham
3909346,Isaiah Searight,TE,19,,,,,,,,,,,,,,,,,,,isaiah searight
3122920,Ryan Izzo,TE,0,,,,,,,,,,,,,,,,,,,ryan izzo
9985,Felton Huggins,WR,0,,,,,,,,,,,,,,,,,,,felton huggins
9986,Connor Hughes,K,0,,,,,,,,,,,,,,,,,,,connor hughes
4695883,Jalen Coker,WR,29,159.62,-0.13,39.44,0.87,,,,,61.227,697.897,3.165,,,,,,,,jalen coker
3041097,Tanner Lee,QB,0,,,,,,,,,,,,,,,,,,,tanner lee
4876132,Josh Cuevas,TE,33,169.98,-0.01,0.04,0.01,,,,,3.335,35.839,0.293,,,,,,,,josh cuevas
2221890,David Ralli,WR,17,,,,,,,,,,,,,,,,,,,david ralli
4384608,Sam Schnee,WR,0,,,,,,,,,,,,,,,,,,,sam schnee
4695910,Xavier Guillory,WR,33,,,,,,,,,,,,,,,,,,,xavier guillory
3909416,Jaylon Moore,WR,0,,,,,,,,,,,,,,,,,,,jaylon moore
3122976,Jeff Wilson Jr.,RB,0,170.01,0.01,0.01,0.01,,,,,,,,,,,,,,,jeff wilson
2582311,Kennard Backman,TE,8,,,,,,,,,,,,,,,,,,,kennard backman
10057,Montell Owens,RB,3,,,,,,,,,,,,,,,,,,,montell owens
3139447,Ryan Yurachek,RB,6,,,,,,,,,,,,,,,,,,,ryan yurachek
10063,Jamie Petrowski,TE,0,,,,,,,,,,,,,,,,,,,jamie petrowski
3123052,Michael Badgley,K,0,169.99,0.0,0.07,0.04,,,,,,,,,,,,,,,michael badgley
3139465,Clayton Hatfield,K,11,,,,,,,,,,,,,,,,,,,clayton hatfield
3123076,David Njoku,TE,24,169.72,0.1,3.99,0.59,,,,,28.997,298.696,2.79,,,,,,,,david njoku
3123075,Braxton Berrios,WR,19,169.99,0.0,0.08,0.03,,,,,,,,,,,,,,,braxton berrios
2582410,Tyler Kroft,TE,0,,,,,,,,,,,,,,,,,,,tyler kroft
3123074,Tyre Brady,WR,30,,,,,,,,,,,,,,,,,,,tyre brady
3139456,Cameron Batson,WR,0,,,,,,,,,,,,,,,,,,,cameron batson
2565969,Taylor Heinicke,QB,0,170.01,0.01,0.03,0.01,,,,,,,,,,,,,,,taylor heinicke
4368172,Jordan Murray,TE,0,,,,,,,,,,,,,,,,,,,jordan murray
3843945,Foster Moreau,TE,34,169.99,0.0,0.07,0.02,,,,,7.648,79.265,0.586,,,,,,,,foster moreau
3041102,Sherman Badie,RB,22,,,,,,,,,,,,,,,,,,,sherman badie
3123050,Chris Herndon,TE,0,,,,,,,,,,,,,,,,,,,chris herndon
3123048,Brad Kaaya,QB,4,,,,,,,,,,,,,,,,,,,brad kaaya
2975674,Robert Tonyan,TE,23,170.01,0.01,0.04,0.01,,,,,,,,,,,,,,,robert tonyan
4040640,Darius Bradwell,RB,0,,,,,,,,,,,,,,,,,,,darius bradwell
4368341,Je'Quan Burton,WR,0,,,,,,,,,,,,,,,,,,,je quan burton
5056465,Henry Litwin,WR,0,,,,,,,,,,,,,,,,,,,henry litwin
10137,Wallace Wright,WR,0,,,,,,,,,,,,,,,,,,,wallace wright
4368343,Austin Reed,QB,0,,,,,,,,,,,,,,,,,,,austin reed
4040628,Binjimen Victor,WR,0,,,,,,,,,,,,,,,,,,,binjimen victor
4040627,C.J. Saunders,WR,0,,,,,,,,,,,,,,,,,,,c j saunders
4040629,Antonio Williams,RB,0,,,,,,,,,,,,,,,,,,,antonio williams
10147,Miles Austin,WR,21,,,,,,,,,,,,,,,,,,,miles austin
3139522,Travis Fulgham,WR,0,,,,,,,,,,,,,,,,,,,travis fulgham
4040623,Austin Mack,WR,0,,,,,,,,,,,,,,,,,,,austin mack
4040616,Dwayne Haskins,QB,23,,,,,,,,,,,,,,,,,,,dwayne haskins
4433901,Corey Rucker,WR,13,,,,,,,,,,,,,,,,,,,corey rucker
4040617,Jake Hausmann,TE,0,,,,,,,,,,,,,,,,,,,jake hausmann
4040612,Luke Farrell,TE,25,169.98,0.0,0.06,0.02,,,,,4.214,40.727,0.285,,,,,,,,luke farrell
4433906,Trayvon Rudolph,WR,16,,,,,,,,,,,,,,,,,,,trayvon rudolph
3139477,Patrick Mahomes,QB,12,106.21,-0.33,87.03,19.13,300.4700097,53.07,326.432,3.241,,,,551.154,3992.552,26.14,11.671,,,,patrick mahomes
4696044,Kaelon Black,RB,25,170.26,-0.04,2.4,0.1,,35.381,146.559,1.034,4.076,31.416,0.181,,,,,,,,kaelon black
2566041,Tre McBride,WR,0,,,,,,,,,,,,,,,,,,,tre mcbride
2582424,Jake Rudock,QB,0,,,,,,,,,,,,,,,,,,,jake rudock
2582419,Marshall Koehn,K,19,,,,,,,,,,,,,,,,,,,marshall koehn
4696062,Antwane Wells Jr.,WR,1,,,,,,,,,,,,,,,,,,,antwane wells
4433921,Kole Taylor,TE,0,,,,,,,,,,,,,,,,,,,kole taylor
3139487,Vincent Testaverde,QB,27,,,,,,,,,,,,,,,,,,,vincent testaverde
3139485,Justin Stockton,RB,8,,,,,,,,,,,,,,,,,,,justin stockton
10188,Ahmard Hall,RB,0,,,,,,,,,,,,,,,,,,,ahmard hall
4040714,Miller Forristall,TE,0,,,,,,,,,,,,,,,,,,,miller forristall
2516976,Bryan Bennett,QB,11,,,,,,,,,,,,,,,,,,,bryan bennett
10194,Sam Hurd,WR,0,,,,,,,,,,,,,,,,,,,sam hurd
10195,Fred Jackson,RB,26,,,,,,,,,,,,,,,,,,,fred jackson
4401043,Brandon Lewis,WR,0,,,,,,,,,,,,,,,,,,,brandon lewis
4057082,Mason Kinsey,WR,10,169.97,0.01,0.04,0.02,,,,,,,,,,,,,,,mason kinsey
3139591,Quinton Flowers,RB,0,,,,,,,,,,,,,,,,,,,quinton flowers
3139590,Kano Dillon,TE,28,,,,,,,,,,,,,,,,,,,kano dillon
4368290,Jaxon Janke,WR,0,,,,,,,,,,,,,,,,,,,jaxon janke
4368287,Jadon Janke,WR,0,,,,,,,,,,,,,,,,,,,jadon janke
4433830,Luke Grimm,WR,24,,,,,,,,,,,,,,,,,,,luke grimm
4892576,Jamaal Pritchett,WR,20,,,,,,,,,,,,,,,,,,,jamaal pritchett
4597679,Luke Altmyer,QB,8,,,,,,,,,,,,,,,,,,,luke altmyer
4368315,Zach Heins,TE,0,,,,,,,,,,,,,,,,,,,zach heins
2516957,Kaelin Clay,WR,0,,,,,,,,,,,,,,,,,,,kaelin clay
4040655,Darnell Mooney,WR,19,170.56,0.05,7.45,0.66,,2.226,11.914,0.077,30.832,450.947,2.433,,,,,,,,darnell mooney
4597703,Tory Horton,WR,26,171.19,0.03,1.68,0.08,,,,,21.622,299.011,2.311,,,,,,,,tory horton
10246,Naufahu Tahi,RB,0,,,,,,,,,,,,,,,,,,,naufahu tahi
4040771,John Raine,TE,0,,,,,,,,,,,,,,,,,,,john raine
4876378,Damon Bankston,RB,19,,,,,,,,,,,,,,,,,,,damon bankston
4040774,Harrison Bryant,TE,0,170.0,0.0,0.01,0.0,,,,,,,,,,,,,,,harrison bryant
4384852,Dohnte Meyers,WR,4,,,,,,,,,,,,,,,,,,,dohnte meyers
10269,Shane Andrus,K,0,,,,,,,,,,,,,,,,,,,shane andrus
2975817,Paul McRoberts,WR,0,,,,,,,,,,,,,,,,,,,paul mcroberts
4040761,Devin Singletary,RB,19,170.1,-0.01,0.6,0.08,,22.261,89.153,0.621,4.21,26.335,0.092,,,,,,,,devin singletary
2975813,Blake Jackson,WR,0,,,,,,,,,,,,,,,,,,,blake jackson
3123226,Jonathan Duhart,WR,0,,,,,,,,,,,,,,,,,,,jonathan duhart
10287,Daniel Fells,TE,19,,,,,,,,,,,,,,,,,,,daniel fells
3139605,Marlon Mack,RB,0,,,,,,,,,,,,,,,,,,,marlon mack
2517017,Sean Mannion,QB,0,,,,,,,,,,,,,,,,,,,sean mannion
3139602,D'Ernest Johnson,RB,0,170.0,0.01,0.01,0.01,,,,,,,,,,,,,,,d ernest johnson
4040732,Raymond Calais,RB,0,,,,,,,,,,,,,,,,,,,raymond calais
2517011,Connor Hamlett,TE,0,,,,,,,,,,,,,,,,,,,connor hamlett
3123212,Ray Lawry,RB,12,,,,,,,,,,,,,,,,,,,ray lawry
4040728,Trey Ragas,RB,0,,,,,,,,,,,,,,,,,,,trey ragas
4040723,T.J. Simmons,WR,0,,,,,,,,,,,,,,,,,,,t j simmons
4040715,Jalen Hurts,QB,21,54.62,0.0,97.15,88.94,648.37594515,106.308,438.206,9.167,,,,498.972,3780.651,23.574,9.17,,,,jalen hurts
4712579,Dillon Bell,WR,16,,,,,,,,,,,,,,,,,,,dillon bell
2975863,Eric Saubert,TE,26,170.01,0.01,0.08,0.01,,,,,3.422,34.388,0.298,,,,,,,,eric saubert
4876311,Elijah Tau-Tolliver,RB,33,,,,,,,,,,,,,,,,,,,elijah tau tolliver
10327,Micheal Spurlock,WR,3,,,,,,,,,,,,,,,,,,,micheal spurlock
4433945,Elijah Young,RB,0,,,,,,,,,,,,,,,,,,,elijah young
4040826,Drew Anderson,QB,0,,,,,,,,,,,,,,,,,,,drew anderson
4433959,Ben Yurosek,TE,16,169.99,0.0,0.01,0.0,,,,,,,,,,,,,,,ben yurosek
4433970,J.J. McCarthy,QB,16,169.59,-0.01,1.25,0.13,,9.842,43.848,0.631,,,,85.749,598.804,3.352,2.263,,,,j j mccarthy
4433971,Kyle McCord,QB,9,169.99,0.01,0.03,0.01,,,,,,,,,,,,,,,kyle mccord
10363,Greg Estandia,TE,0,,,,,,,,,,,,,,,,,,,greg estandia
4040792,Jaleel Scott,WR,0,,,,,,,,,,,,,,,,,,,jaleel scott
4040790,Jason Huntley,RB,0,,,,,,,,,,,,,,,,,,,jason huntley
3057760,Joe Don Duncan,TE,7,,,,,,,,,,,,,,,,,,,joe don duncan
4040779,John Mitchell,TE,0,,,,,,,,,,,,,,,,,,,john mitchell
3057850,Jake Lampman,WR,0,,,,,,,,,,,,,,,,,,,jake lampman
3074230,Garrett Hudson,TE,28,,,,,,,,,,,,,,,,,,,garrett hudson
10387,Spencer Havner,TE,0,,,,,,,,,,,,,,,,,,,spencer havner
3057863,Jason Vander Laan,TE,0,,,,,,,,,,,,,,,,,,,jason vander laan
4434153,Tyson Bagent,QB,3,169.91,0.02,0.2,0.02,,1.507,5.918,0.076,,,,22.059,156.002,1.033,0.548,,,,tyson bagent
4040870,Kabion Ento,WR,0,,,,,,,,,,,,,,,,,,,kabion ento
10425,Troy Bergeron,WR,0,,,,,,,,,,,,,,,,,,,troy bergeron
5089535,Desmond Reid,RB,0,,,,,,,,,,,,,,,,,,,desmond reid
5089537,David White Jr.,WR,0,,,,,,,,,,,,,,,,,,,david white
10442,Marc Hickok,K,0,,,,,,,,,,,,,,,,,,,marc hickok
4040967,BJ Emmons,RB,0,,,,,,,,,,,,,,,,,,,bj emmons
10447,Calvin Johnson,WR,0,,,,,,,,,,,,,,,,,,,calvin johnson
10452,Adrian Peterson,RB,0,,,,,,,,,,,,,,,,,,,adrian peterson
10453,Ted Ginn Jr.,WR,0,,,,,,,,,,,,,,,,,,,ted ginn
2517237,Josh Harper,WR,13,,,,,,,,,,,,,,,,,,,josh harper
10456,Marshawn Lynch,RB,0,,,,,,,,,,,,,,,,,,,marshawn lynch
10466,Brady Quinn,QB,15,,,,,,,,,,,,,,,,,,,brady quinn
10467,Dwayne Bowe,WR,5,,,,,,,,,,,,,,,,,,,dwayne bowe
10471,Robert Meachem,WR,18,,,,,,,,,,,,,,,,,,,robert meachem
10474,Craig Davis,WR,0,,,,,,,,,,,,,,,,,,,craig davis
10475,Greg Olsen,TE,26,,,,,,,,,,,,,,,,,,,greg olsen
10476,Anthony Gonzalez,WR,0,,,,,,,,,,,,,,,,,,,anthony gonzalez
10480,Kevin Kolb,QB,2,,,,,,,,,,,,,,,,,,,kevin kolb
10482,Zach Miller,TE,26,,,,,,,,,,,,,,,,,,,zach miller
10484,John Beck,QB,0,,,,,,,,,,,,,,,,,,,john beck
10487,Drew Stanton,QB,0,,,,,,,,,,,,,,,,,,,drew stanton
4565172,Courtney Jackson,WR,10,,,,,,,,,,,,,,,,,,,courtney jackson
10488,Sidney Rice,WR,26,,,,,,,,,,,,,,,,,,,sidney rice
10489,Dwayne Jarrett,WR,0,,,,,,,,,,,,,,,,,,,dwayne jarrett
4384952,Jadakis Bonds,WR,0,,,,,,,,,,,,,,,,,,,jadakis bonds
5089453,Miles Kitselman,TE,8,,,,,,,,,,,,,,,,,,,miles kitselman
4565184,Jerand Bradley,TE,24,,,,,,,,,,,,,,,,,,,jerand bradley
10494,Chris Henry,RB,0,,,,,,,,,,,,,,,,,,,chris henry
4565185,Tai Felton,WR,16,169.92,0.0,0.18,0.03,,,,,3.715,37.06,0.236,,,,,,,,tai felton
10495,Steve Smith,WR,0,,,,,,,,,,,,,,,,,,,steve smith
10496,Brian Leonard,RB,18,,,,,,,,,,,,,,,,,,,brian leonard
3926231,Britain Covey,WR,21,170.0,0.0,0.05,0.01,,,,,,,,,,,,,,,britain covey
10507,Brandon Jackson,RB,0,,,,,,,,,,,,,,,,,,,brandon jackson
10515,Lorenzo Booker,RB,0,,,,,,,,,,,,,,,,,,,lorenzo booker
10517,Jacoby Jones,WR,23,,,,,,,,,,,,,,,,,,,jacoby jones
10518,Yamon Figurs,WR,0,,,,,,,,,,,,,,,,,,,yamon figurs
10519,Laurent Robinson,WR,0,,,,,,,,,,,,,,,,,,,laurent robinson
10520,Jason Hill,WR,0,,,,,,,,,,,,,,,,,,,jason hill
10521,Matt Spaeth,TE,23,,,,,,,,,,,,,,,,,,,matt spaeth
10522,James Jones,WR,24,,,,,,,,,,,,,,,,,,,james jones
10523,Mike Sims-Walker,WR,0,,,,,,,,,,,,,,,,,,,mike sims walker
10524,Paul Williams,WR,0,,,,,,,,,,,,,,,,,,,paul williams
3057987,DaeSean Hamilton,WR,0,,,,,,,,,,,,,,,,,,,daesean hamilton
3057986,Christian Hackenberg,QB,0,,,,,,,,,,,,,,,,,,,christian hackenberg
10536,Trent Edwards,QB,13,,,,,,,,,,,,,,,,,,,trent edwards
10537,Garrett Wolfe,RB,0,,,,,,,,,,,,,,,,,,,garrett wolfe
10543,Johnnie Lee Higgins,WR,0,,,,,,,,,,,,,,,,,,,johnnie lee higgins
10544,Michael Bush,RB,22,,,,,,,,,,,,,,,,,,,michael bush
2517262,Joey Iosefa,RB,17,,,,,,,,,,,,,,,,,,,joey iosefa
4565358,Hunter Dekkers,QB,18,,,,,,,,,,,,,,,,,,,hunter dekkers
10547,Isaiah Stanback,TE,0,,,,,,,,,,,,,,,,,,,isaiah stanback
4581750,Jaden Smith,WR,6,,,,,,,,,,,,,,,,,,,jaden smith
5155179,Jacob De Jesus,WR,12,,,,,,,,,,,,,,,,,,,jacob de jesus
4040980,Irv Smith Jr.,TE,0,170.0,0.0,0.01,0.0,,,,,,,,,,,,,,,irv smith
10572,Scott Chandler,TE,17,,,,,,,,,,,,,,,,,,,scott chandler
10580,Le'Ron McClain,RB,24,,,,,,,,,,,,,,,,,,,le ron mcclain
5155087,Gabriel Plascencia,K,0,,,,,,,,,,,,,,,,,,,gabriel plascencia
10585,Steve Breaston,WR,0,,,,,,,,,,,,,,,,,,,steve breaston
10589,Aundrae Allison,WR,0,,,,,,,,,,,,,,,,,,,aundrae allison
3893625,Nick Ralston,RB,0,,,,,,,,,,,,,,,,,,,nick ralston
10596,Kevin Boss,TE,0,,,,,,,,,,,,,,,,,,,kevin boss
10598,Dante Rosario,TE,3,,,,,,,,,,,,,,,,,,,dante rosario
10600,David Clowney,WR,0,,,,,,,,,,,,,,,,,,,david clowney
10603,Justin Medlock,K,0,,,,,,,,,,,,,,,,,,,justin medlock
10605,Brent Celek,TE,0,,,,,,,,,,,,,,,,,,,brent celek
3139927,John Baron II,K,3,,,,,,,,,,,,,,,,,,,john baron
4565297,Dontae Fleming,WR,16,,,,,,,,,,,,,,,,,,,dontae fleming
3139925,Rashaad Penny,RB,0,,,,,,,,,,,,,,,,,,,rashaad penny
3893609,Andrew Franks,K,0,,,,,,,,,,,,,,,,,,,andrew franks
3139923,Fred Trevillion,WR,24,,,,,,,,,,,,,,,,,,,fred trevillion
10615,Legedu Naanee,WR,0,,,,,,,,,,,,,,,,,,,legedu naanee
10617,Troy Smith,QB,0,,,,,,,,,,,,,,,,,,,troy smith
10618,Oren O'Neal,RB,0,,,,,,,,,,,,,,,,,,,oren o neal
4876613,Rushawn Baker,RB,0,,,,,,,,,,,,,,,,,,,rushawn baker
10621,Nick Folk,K,1,170.17,-0.02,4.06,3.13,,,,,,,,,,,,31.032,34.448,31.159,nick folk
5220680,Ted Hurst III,WR,27,170.29,-0.03,0.95,0.04,,,,,22.788,295.016,2.139,,,,,,,,ted hurst
10624,Reagan Maui'a,RB,0,,,,,,,,,,,,,,,,,,,reagan maui a
10629,Thomas Clayton,RB,0,,,,,,,,,,,,,,,,,,,thomas clayton
4565318,Terion Stewart,RB,12,,,,,,,,,,,,,,,,,,,terion stewart
10634,Korey Hall,RB,0,,,,,,,,,,,,,,,,,,,korey hall
10636,Mason Crosby,K,0,,,,,,,,,,,,,,,,,,,mason crosby
10638,Deon Anderson,RB,0,,,,,,,,,,,,,,,,,,,deon anderson
10648,Jordan Palmer,QB,10,,,,,,,,,,,,,,,,,,,jordan palmer
4876752,Gabriel Benyard,WR,0,,,,,,,,,,,,,,,,,,,gabriel benyard
10653,Jordan Kent,WR,0,,,,,,,,,,,,,,,,,,,jordan kent
10658,Ben Patrick,TE,0,,,,,,,,,,,,,,,,,,,ben patrick
10660,Tyler Thigpen,QB,5,,,,,,,,,,,,,,,,,,,tyler thigpen
10665,Derek Schouman,TE,0,,,,,,,,,,,,,,,,,,,derek schouman
10671,DeShawn Wynn,RB,0,,,,,,,,,,,,,,,,,,,deshawn wynn
10676,Chandler Williams,WR,0,,,,,,,,,,,,,,,,,,,chandler williams
10678,Chansi Stuckey,WR,0,,,,,,,,,,,,,,,,,,,chansi stuckey
10686,Clark Harris,TE,0,,,,,,,,,,,,,,,,,,,clark harris
10687,Jason Snelling,RB,1,,,,,,,,,,,,,,,,,,,jason snelling
10689,Kenneth Darby,RB,0,,,,,,,,,,,,,,,,,,,kenneth darby
10693,Ahmad Bradshaw,RB,11,,,,,,,,,,,,,,,,,,,ahmad bradshaw
2976250,Brandon Shippen,WR,10,,,,,,,,,,,,,,,,,,,brandon shippen
10708,Onrea Jones,WR,0,,,,,,,,,,,,,,,,,,,onrea jones
10713,Pierre Thomas,RB,28,,,,,,,,,,,,,,,,,,,pierre thomas
2566643,Ryan O'Malley,TE,19,,,,,,,,,,,,,,,,,,,ryan o malley
10715,Gary Russell,RB,0,,,,,,,,,,,,,,,,,,,gary russell
4368796,Josh Pearson,WR,0,,,,,,,,,,,,,,,,,,,josh pearson
10719,Tyler Palko,QB,0,,,,,,,,,,,,,,,,,,,tyler palko
3123714,Blake Mack,TE,12,,,,,,,,,,,,,,,,,,,blake mack
2566659,Seth DeValve,TE,0,,,,,,,,,,,,,,,,,,,seth devalve
2976215,Amba Etta-Tawo,WR,0,,,,,,,,,,,,,,,,,,,amba etta tawo
2976212,Stefon Diggs,WR,0,161.71,2.31,44.55,1.33,,,,,,,,,,,,,,,stefon diggs
10746,Jesse Holley,WR,0,,,,,,,,,,,,,,,,,,,jesse holley
3123675,Jalin Moore,RB,20,,,,,,,,,,,,,,,,,,,jalin moore
10764,Matt Gutierrez,QB,0,,,,,,,,,,,,,,,,,,,matt gutierrez
10768,D.J. Ware,RB,0,,,,,,,,,,,,,,,,,,,d j ware
10770,Eric Weems,WR,0,,,,,,,,,,,,,,,,,,,eric weems
3926590,Ellis Richardson,TE,3,,,,,,,,,,,,,,,,,,,ellis richardson
2976299,Cardale Jones,QB,0,,,,,,,,,,,,,,,,,,,cardale jones
4057659,Mark Thompson,RB,0,,,,,,,,,,,,,,,,,,,mark thompson
2976316,Michael Thomas,WR,0,,,,,,,,,,,,,,,,,,,michael thomas
2468368,Gabe Holmes,TE,0,,,,,,,,,,,,,,,,,,,gabe holmes
3025433,Mike Davis,RB,0,,,,,,,,,,,,,,,,,,,mike davis
10799,Brandon London,WR,0,,,,,,,,,,,,,,,,,,,brandon london
4876907,ShunDerrick Powell,RB,0,,,,,,,,,,,,,,,,,,,shunderrick powell
10806,Michael Matthews,TE,0,,,,,,,,,,,,,,,,,,,michael matthews
3910176,Kristian Wilkerson,WR,1,170.01,0.0,0.01,0.0,,,,,,,,,,,,,,,kristian wilkerson
4696700,Tip Reiman,TE,22,169.99,-0.01,0.06,0.01,,,,,3.826,34.462,0.196,,,,,,,,tip reiman
10837,Marcus Mason,RB,0,,,,,,,,,,,,,,,,,,,marcus mason
4565535,DK Kaufman,RB,0,,,,,,,,,,,,,,,,,,,dk kaufman
10848,Tim Castille,RB,0,,,,,,,,,,,,,,,,,,,tim castille
2517630,Jamel Johnson,WR,26,,,,,,,,,,,,,,,,,,,jamel johnson
3910265,Devin Phelps,WR,0,,,,,,,,,,,,,,,,,,,devin phelps
10850,Ricky Schmitt,K,0,,,,,,,,,,,,,,,,,,,ricky schmitt
3910249,Kenji Bahar,QB,0,,,,,,,,,,,,,,,,,,,kenji bahar
10866,Logan Payne,WR,0,,,,,,,,,,,,,,,,,,,logan payne
2550365,Michael Lutrell Clemons,RB,20,,,,,,,,,,,,,,,,,,,michael lutrell clemons
3975763,Greg Joseph,K,0,169.99,0.0,0.04,0.02,,,,,,,,,,,,,,,greg joseph
10884,Matt Willis,WR,0,,,,,,,,,,,,,,,,,,,matt willis
2517676,Brandon Doughty,QB,0,,,,,,,,,,,,,,,,,,,brandon doughty
4877034,Jaren Kanak,TE,10,170.0,0.0,0.02,0.0,,,,,,,,,,,,,,,jaren kanak
10914,Billy Latsko,RB,0,,,,,,,,,,,,,,,,,,,billy latsko
3123857,Austin Walter,RB,0,,,,,,,,,,,,,,,,,,,austin walter
10935,Daniel Coats,TE,0,,,,,,,,,,,,,,,,,,,daniel coats
4565761,Emani Bailey,RB,0,,,,,,,,,,,,,,,,,,,emani bailey
3910287,J.J. Koski,WR,0,,,,,,,,,,,,,,,,,,,j j koski
10956,Rhys Lloyd,K,0,,,,,,,,,,,,,,,,,,,rhys lloyd
4401805,Dareke Young,WR,13,169.99,0.0,0.04,0.01,,,,,,,,,,,,,,,dareke young
2976499,Amari Cooper,WR,13,170.01,0.01,0.07,0.02,,,,,,,,,,,,,,,amari cooper
4385430,Xavier Johnson,WR,4,,,,,,,,,,,,,,,,,,,xavier johnson
10965,Gijon Robinson,TE,0,,,,,,,,,,,,,,,,,,,gijon robinson
10967,Charles Ali,RB,0,,,,,,,,,,,,,,,,,,,charles ali
10971,Richard Bartel,QB,0,,,,,,,,,,,,,,,,,,,richard bartel
4385438,Sam Wiglusz,WR,0,,,,,,,,,,,,,,,,,,,sam wiglusz
4696736,Tanner Brown,K,18,169.96,0.0,0.07,0.04,,,,,,,,,,,,,,,tanner brown
2468609,Taysom Hill,TE,0,169.99,0.0,0.14,0.03,,,,,,,,,,,,,,,taysom hill
2976516,T.J. Yeldon,RB,0,,,,,,,,,,,,,,,,,,,t j yeldon
4713118,J'Mari Taylor,RB,30,,,,,,,,,,,,,,,,,,,j mari taylor
10980,Eldra Buckley,RB,0,,,,,,,,,,,,,,,,,,,eldra buckley
3123969,Ito Smith,RB,0,,,,,,,,,,,,,,,,,,,ito smith
3123968,Korey Robertson,WR,16,,,,,,,,,,,,,,,,,,,korey robertson
3123944,Qadree Ollison,RB,0,,,,,,,,,,,,,,,,,,,qadree ollison
4876995,Ja'seem Reed,WR,29,,,,,,,,,,,,,,,,,,,ja seem reed
3123935,Adonis Jennings,WR,9,,,,,,,,,,,,,,,,,,,adonis jennings
3124022,Jordan Ellis,RB,4,,,,,,,,,,,,,,,,,,,jordan ellis
4696907,Joaquin Davis,WR,23,,,,,,,,,,,,,,,,,,,joaquin davis
3124013,Jamal Custis,WR,0,,,,,,,,,,,,,,,,,,,jamal custis
2976557,Travin Dural,WR,18,,,,,,,,,,,,,,,,,,,travin dural
4746079,Zach Davidson,TE,0,170.0,0.0,0.0,0.0,,,,,,,,,,,,,,,zach davidson
4565859,Joe Royer,TE,5,169.96,-0.01,0.08,0.01,,,,,7.532,67.246,0.339,,,,,,,,joe royer
4746099,Kenny Fletcher Jr.,TE,27,,,,,,,,,,,,,,,,,,,kenny fletcher
3123992,Steve Ishmael,WR,0,,,,,,,,,,,,,,,,,,,steve ishmael
3123986,Mike Thomas,WR,0,,,,,,,,,,,,,,,,,,,mike thomas
11068,Brett Ratliff,QB,0,,,,,,,,,,,,,,,,,,,brett ratliff
3124007,Cole Murphy,K,22,,,,,,,,,,,,,,,,,,,cole murphy
2976546,Dillon Gordon,TE,0,,,,,,,,,,,,,,,,,,,dillon gordon
3123996,Ervin Philips,WR,27,,,,,,,,,,,,,,,,,,,ervin philips
3124084,Joey Slye,K,10,169.95,0.01,0.47,0.28,,,,,,,,,,,,27.225,32.404,29.094,joey slye
3124079,Cam Phillips,WR,29,,,,,,,,,,,,,,,,,,,cam phillips
11107,Dominique Zeigler,WR,0,,,,,,,,,,,,,,,,,,,dominique zeigler
3124092,John Wolford,QB,0,170.0,0.01,0.01,0.01,,,,,,,,,,,,,,,john wolford
4696882,Devontez Walker,WR,33,169.93,0.01,0.2,0.04,,,,,11.579,166.443,1.176,,,,,,,,devontez walker
11122,Matt Prater,K,0,169.87,0.0,0.41,0.35,,,,,,,,,,,,,,,matt prater
2976592,Sterling Shepard,WR,0,170.02,0.01,0.04,0.01,,,,,,,,,,,,,,,sterling shepard
11128,Matt Moore,QB,0,,,,,,,,,,,,,,,,,,,matt moore
3124074,Travon McMillian,RB,23,,,,,,,,,,,,,,,,,,,travon mcmillian
3124069,Isaiah Ford,WR,0,,,,,,,,,,,,,,,,,,,isaiah ford
4713277,Eric Rivers Jr.,WR,27,,,,,,,,,,,,,,,,,,,eric rivers
11142,Jake Nordin,TE,0,,,,,,,,,,,,,,,,,,,jake nordin
3140525,Martez Carter,RB,18,,,,,,,,,,,,,,,,,,,martez carter
11167,Titus Ryan,WR,0,,,,,,,,,,,,,,,,,,,titus ryan
4893659,Jelani Baker,WR,0,,,,,,,,,,,,,,,,,,,jelani baker
5155825,Carter Runyon,TE,13,170.0,0.0,0.01,0.0,,,,,,,,,,,,,,,carter runyon
11197,Jackie Battle,RB,10,,,,,,,,,,,,,,,,,,,jackie battle
3926936,Reid Sinnett,QB,0,,,,,,,,,,,,,,,,,,,reid sinnett
3910544,Joshua Kelley,RB,0,169.98,0.02,0.02,0.01,,,,,,,,,,,,,,,joshua kelley
4877203,Gage Larvadain,WR,5,169.99,0.01,0.03,0.01,,,,,,,,,,,,,,,gage larvadain
4565908,Tyler Scott,WR,14,169.99,0.0,0.02,0.01,,,,,,,,,,,,,,,tyler scott
4385690,Dalton Kincaid,TE,2,136.45,0.08,59.59,9.83,,,,,59.288,697.683,4.452,,,,,,,,dalton kincaid
4696981,Cam Skattebo,RB,19,42.72,-0.21,97.92,83.51,,249.321,1046.991,7.274,49.259,364.97,1.632,,,,,,,,cam skattebo
11237,Matt Ryan,QB,0,,,,,,,,,,,,,,,,,,,matt ryan
11238,Darren McFadden,RB,0,,,,,,,,,,,,,,,,,,,darren mcfadden
4402090,Riley Sharp,TE,0,,,,,,,,,,,,,,,,,,,riley sharp
3910630,Charlie Taumoepeau,TE,0,,,,,,,,,,,,,,,,,,,charlie taumoepeau
4041703,Matt Cole,WR,0,,,,,,,,,,,,,,,,,,,matt cole
11247,Jonathan Stewart,RB,0,,,,,,,,,,,,,,,,,,,jonathan stewart
11252,Joe Flacco,QB,4,169.93,0.01,0.4,0.04,,0.399,1.167,0.017,,,,24.627,164.458,1.317,0.688,,,,joe flacco
11256,Felix Jones,RB,23,,,,,,,,,,,,,,,,,,,felix jones
11257,Rashard Mendenhall,RB,22,,,,,,,,,,,,,,,,,,,rashard mendenhall
11258,Chris Johnson,RB,0,,,,,,,,,,,,,,,,,,,chris johnson
11264,Dustin Keller,TE,15,,,,,,,,,,,,,,,,,,,dustin keller
11267,Donnie Avery,WR,12,,,,,,,,,,,,,,,,,,,donnie avery
11268,Devin Thomas,WR,0,,,,,,,,,,,,,,,,,,,devin thomas
11270,Jordy Nelson,WR,0,,,,,,,,,,,,,,,,,,,jordy nelson
11272,John Carlson,TE,22,,,,,,,,,,,,,,,,,,,john carlson
11275,James Hardy,WR,0,,,,,,,,,,,,,,,,,,,james hardy
11276,Eddie Royal,WR,3,,,,,,,,,,,,,,,,,,,eddie royal
11278,Matt Forte,RB,0,,,,,,,,,,,,,,,,,,,matt forte
11280,Jerome Simpson,WR,25,,,,,,,,,,,,,,,,,,,jerome simpson
2567213,Hakeem Valles,TE,0,,,,,,,,,,,,,,,,,,,hakeem valles
11282,Fred Davis,TE,28,,,,,,,,,,,,,,,,,,,fred davis
11283,DeSean Jackson,WR,0,,,,,,,,,,,,,,,,,,,desean jackson
11285,Malcolm Kelly,WR,0,,,,,,,,,,,,,,,,,,,malcolm kelly
11287,Limas Sweed,WR,0,,,,,,,,,,,,,,,,,,,limas sweed
11289,Ray Rice,RB,0,,,,,,,,,,,,,,,,,,,ray rice
11290,Brian Brohm,QB,0,,,,,,,,,,,,,,,,,,,brian brohm
11291,Chad Henne,QB,12,,,,,,,,,,,,,,,,,,,chad henne
11292,Dexter Jackson,WR,0,,,,,,,,,,,,,,,,,,,dexter jackson
11295,Martellus Bennett,TE,0,,,,,,,,,,,,,,,,,,,martellus bennett
3042373,Robert Davis,WR,0,,,,,,,,,,,,,,,,,,,robert davis
11298,Kevin Smith,RB,0,,,,,,,,,,,,,,,,,,,kevin smith
11303,Jacob Hester,RB,0,,,,,,,,,,,,,,,,,,,jacob hester
11304,Earl Bennett,WR,3,,,,,,,,,,,,,,,,,,,earl bennett
11307,Jamaal Charles,RB,0,,,,,,,,,,,,,,,,,,,jamaal charles
11310,Brad Cottam,TE,0,,,,,,,,,,,,,,,,,,,brad cottam
11315,Early Doucet,WR,0,,,,,,,,,,,,,,,,,,,early doucet
11318,Harry Douglas,WR,0,,,,,,,,,,,,,,,,,,,harry douglas
11319,Craig Stevens,TE,10,,,,,,,,,,,,,,,,,,,craig stevens
11323,Steve Slaton,RB,0,,,,,,,,,,,,,,,,,,,steve slaton
11325,Jermichael Finley,TE,9,,,,,,,,,,,,,,,,,,,jermichael finley
11328,Kevin O'Connell,QB,0,,,,,,,,,,,,,,,,,,,kevin o connell
11329,Mario Manningham,WR,19,,,,,,,,,,,,,,,,,,,mario manningham
11331,Andre Jerome Caldwell,WR,8,,,,,,,,,,,,,,,,,,,andre jerome caldwell
3075100,Luke McNitt,RB,16,,,,,,,,,,,,,,,,,,,luke mcnitt
11340,Marcus Smith,WR,0,,,,,,,,,,,,,,,,,,,marcus smith
11345,Martin Rucker,TE,0,,,,,,,,,,,,,,,,,,,martin rucker
3042417,Shelton Gibson,WR,0,,,,,,,,,,,,,,,,,,,shelton gibson
11359,Tashard Choice,RB,11,,,,,,,,,,,,,,,,,,,tashard choice
3042435,Kevin White,WR,0,,,,,,,,,,,,,,,,,,,kevin white
11362,Ryan Torain,RB,0,,,,,,,,,,,,,,,,,,,ryan torain
11364,Gary Barnidge,TE,0,,,,,,,,,,,,,,,,,,,gary barnidge
3042434,Elijah Wellman,RB,9,,,,,,,,,,,,,,,,,,,elijah wellman
3042429,Wendell Smallwood,RB,0,,,,,,,,,,,,,,,,,,,wendell smallwood
11369,Jerome Felton,RB,2,,,,,,,,,,,,,,,,,,,jerome felton
11371,Lavelle Hawkins,WR,27,,,,,,,,,,,,,,,,,,,lavelle hawkins
11373,Jacob Tamme,TE,1,,,,,,,,,,,,,,,,,,,jacob tamme
4893748,Connor Hulstein,TE,20,,,,,,,,,,,,,,,,,,,connor hulstein
11383,Tim Hightower,RB,25,,,,,,,,,,,,,,,,,,,tim hightower
4369466,Ryan Miller,WR,19,170.0,0.0,0.01,0.0,,,,,,,,,,,,,,,ryan miller
11387,Matthew Slater,WR,17,,,,,,,,,,,,,,,,,,,matthew slater
11390,Dennis Dixon,QB,22,,,,,,,,,,,,,,,,,,,dennis dixon
11392,Kellen Davis,TE,20,,,,,,,,,,,,,,,,,,,kellen davis
11394,Josh Johnson,QB,4,170.0,0.01,0.07,0.02,,,,,,,,,,,,,,,josh johnson
11397,Owen Schmitt,RB,0,,,,,,,,,,,,,,,,,,,owen schmitt
11408,Josh Morgan,WR,18,,,,,,,,,,,,,,,,,,,josh morgan
11410,Jalen Parmele,RB,5,,,,,,,,,,,,,,,,,,,jalen parmele
11413,Xavier Omon,RB,0,,,,,,,,,,,,,,,,,,,xavier omon
11417,Spencer Larsen,RB,27,,,,,,,,,,,,,,,,,,,spencer larsen
11420,Colt Brennan,QB,0,,,,,,,,,,,,,,,,,,,colt brennan
11425,Paul Hubbard,WR,0,,,,,,,,,,,,,,,,,,,paul hubbard
11427,Jaymar Johnson,WR,0,,,,,,,,,,,,,,,,,,,jaymar johnson
3042494,Elijah McGuire,RB,12,,,,,,,,,,,,,,,,,,,elijah mcguire
11438,Lex Hilliard,RB,20,,,,,,,,,,,,,,,,,,,lex hilliard
11439,Pierre Garcon,WR,0,,,,,,,,,,,,,,,,,,,pierre garcon
11443,Matt Flynn,QB,18,,,,,,,,,,,,,,,,,,,matt flynn
3124369,A.J. Richardson,WR,0,,,,,,,,,,,,,,,,,,,a j richardson
11447,Chauncey Washington,RB,0,,,,,,,,,,,,,,,,,,,chauncey washington
11449,Justin Harper,WR,0,,,,,,,,,,,,,,,,,,,justin harper
11451,Brett Swain,WR,0,,,,,,,,,,,,,,,,,,,brett swain
11458,Stevie Johnson,WR,24,,,,,,,,,,,,,,,,,,,stevie johnson
11460,Chaz Schilens,WR,0,,,,,,,,,,,,,,,,,,,chaz schilens
11461,Peyton Hillis,RB,19,,,,,,,,,,,,,,,,,,,peyton hillis
11467,Justin Forsett,RB,7,,,,,,,,,,,,,,,,,,,justin forsett
11469,Brandon Coutu,K,0,,,,,,,,,,,,,,,,,,,brandon coutu
11471,Adrian Arrington,WR,0,,,,,,,,,,,,,,,,,,,adrian arrington
4566158,Ben Sauls,K,19,169.73,0.01,0.45,0.28,,,,,,,,,,,,,,,ben sauls
4566157,Luke Floriea,WR,5,,,,,,,,,,,,,,,,,,,luke floriea
5156010,Toriano Clinton,RB,0,,,,,,,,,,,,,,,,,,,toriano clinton
3042565,Brandon Silvers,QB,20,,,,,,,,,,,,,,,,,,,brandon silvers
4566192,Joshua Karty,K,0,169.97,0.01,0.05,0.02,,,,,,,,,,,,,,,joshua karty
3042519,Aaron Jones Sr.,RB,16,122.45,-0.33,83.55,8.11,,170.075,740.47,3.718,47.01,344.216,2.08,,,,,,,,aaron jones
4566195,Marshall Lang,TE,16,,,,,,,,,,,,,,,,,,,marshall lang
4566198,Lake McRee,TE,23,,,,,,,,,,,,,,,,,,,lake mcree
11517,Jed Collins,RB,8,,,,,,,,,,,,,,,,,,,jed collins
3124451,Julian Howsare,RB,20,,,,,,,,,,,,,,,,,,,julian howsare
3124538,Jamire Jordan,WR,12,,,,,,,,,,,,,,,,,,,jamire jordan
3124537,KeeSean Johnson,WR,0,,,,,,,,,,,,,,,,,,,keesean johnson
11540,Caleb Jeffrey Hanie,QB,6,,,,,,,,,,,,,,,,,,,caleb jeffrey hanie
11543,Garrett Hartley,K,23,,,,,,,,,,,,,,,,,,,garrett hartley
11575,Louis Rankin,RB,0,,,,,,,,,,,,,,,,,,,louis rankin
4877706,Jayden Higgins,WR,34,158.87,-0.14,36.52,0.88,,,,,54.505,666.528,3.429,,,,,,,,jayden higgins
4042112,Adrian Killins,RB,0,,,,,,,,,,,,,,,,,,,adrian killins
3124608,James Butler,RB,13,,,,,,,,,,,,,,,,,,,james butler
11634,Samuel Giguere,WR,0,,,,,,,,,,,,,,,,,,,samuel giguere
11635,Joey Haynos,TE,0,,,,,,,,,,,,,,,,,,,joey haynos
11644,Lance Long,WR,0,,,,,,,,,,,,,,,,,,,lance long
11654,Chad Simpson,RB,0,,,,,,,,,,,,,,,,,,,chad simpson
11658,Mike Tolbert,RB,0,,,,,,,,,,,,,,,,,,,mike tolbert
3042741,John Diarse,WR,7,,,,,,,,,,,,,,,,,,,john diarse
11674,Danny Amendola,WR,0,,,,,,,,,,,,,,,,,,,danny amendola
4369886,Chris Blair,WR,1,170.0,0.0,0.02,0.0,,,,,,,,,,,,,,,chris blair
11678,Davone Bess,WR,5,,,,,,,,,,,,,,,,,,,davone bess
3124679,Jason Sanders,K,20,169.81,0.0,1.6,1.26,,,,,,,,,,,,28.411,32.404,28.737,jason sanders
3042749,Logan Woodside,QB,0,,,,,,,,,,,,,,,,,,,logan woodside
11688,Dan Carpenter,K,2,,,,,,,,,,,,,,,,,,,dan carpenter
11694,J.J. Finley,TE,0,,,,,,,,,,,,,,,,,,,j j finley
11698,Lynell Hamilton,RB,0,,,,,,,,,,,,,,,,,,,lynell hamilton
11708,Matthew Mulligan,TE,8,,,,,,,,,,,,,,,,,,,matthew mulligan
3042728,J.D. Moore,RB,12,,,,,,,,,,,,,,,,,,,j d moore
2977187,Cooper Kupp,WR,26,168.88,0.15,8.07,0.9,,,,,37.857,471.717,2.822,,,,,,,,cooper kupp
11717,Marcel Reece,RB,26,,,,,,,,,,,,,,,,,,,marcel reece
3059104,David Marvin,K,1,,,,,,,,,,,,,,,,,,,david marvin
4877824,Zach Horton,TE,8,170.0,0.0,0.01,0.0,,,,,,,,,,,,,,,zach horton
4877717,Matthew Caldwell,QB,14,,,,,,,,,,,,,,,,,,,matthew caldwell
11737,Connor Barth,K,0,,,,,,,,,,,,,,,,,,,connor barth
4877738,Brock Rechsteiner,WR,18,,,,,,,,,,,,,,,,,,,brock rechsteiner
11745,Jehuu Caulcrick,RB,0,,,,,,,,,,,,,,,,,,,jehuu caulcrick
11747,Mike Cox,RB,0,,,,,,,,,,,,,,,,,,,mike cox
11754,BenJarvus Green-Ellis,RB,4,,,,,,,,,,,,,,,,,,,benjarvus green ellis
11756,Bruce Hall,RB,0,,,,,,,,,,,,,,,,,,,bruce hall
3042778,Corey Davis,WR,20,,,,,,,,,,,,,,,,,,,corey davis
4369840,Dom Wood-Anderson,TE,0,,,,,,,,,,,,,,,,,,,dom wood anderson
11766,Kregg Lumpkin,RB,0,,,,,,,,,,,,,,,,,,,kregg lumpkin
11783,Taj Smith,WR,0,,,,,,,,,,,,,,,,,,,taj smith
3059165,Brandon Barnes,TE,13,,,,,,,,,,,,,,,,,,,brandon barnes
11784,Jonathan Stupar,TE,0,,,,,,,,,,,,,,,,,,,jonathan stupar
4369863,Cedric Tillman,WR,5,169.95,0.0,0.25,0.05,,,,,2.97,33.159,0.177,,,,,,,,cedric tillman
4369864,Jacob Warren,TE,0,,,,,,,,,,,,,,,,,,,jacob warren
11788,Danny Woodhead,RB,0,,,,,,,,,,,,,,,,,,,danny woodhead
4812371,Darece Roberson,WR,0,,,,,,,,,,,,,,,,,,,darece roberson
3894852,Nate Wieting,TE,0,,,,,,,,,,,,,,,,,,,nate wieting
5123663,Isaac TeSlaa,WR,8,170.3,0.08,4.42,0.35,,,,,23.753,301.771,3.231,,,,,,,,isaac teslaa
11798,Nate Hughes,WR,0,,,,,,,,,,,,,,,,,,,nate hughes
11801,Matt Lawrence,RB,0,,,,,,,,,,,,,,,,,,,matt lawrence
11810,D.J. Hall,WR,0,,,,,,,,,,,,,,,,,,,d j hall
3042876,Ryan Finley,QB,34,,,,,,,,,,,,,,,,,,,ryan finley
11827,Darnell Jenkins,WR,0,,,,,,,,,,,,,,,,,,,darnell jenkins
3894912,Tyron Billy-Johnson,WR,0,,,,,,,,,,,,,,,,,,,tyron billy johnson
11870,Evan Moore,TE,0,,,,,,,,,,,,,,,,,,,evan moore
3042945,Don Jackson,RB,0,,,,,,,,,,,,,,,,,,,don jackson
3894883,Isaac Whitney,WR,0,,,,,,,,,,,,,,,,,,,isaac whitney
11912,Lance Ball,RB,0,,,,,,,,,,,,,,,,,,,lance ball
3042910,Rashard Higgins,WR,0,,,,,,,,,,,,,,,,,,,rashard higgins
4369991,Steven Stilianos,TE,0,,,,,,,,,,,,,,,,,,,steven stilianos
11923,Stephen Hauschka,K,0,,,,,,,,,,,,,,,,,,,stephen hauschka
4697815,Rachaad White,RB,28,126.47,-0.47,81.05,3.94,,134.701,566.708,5.074,46.67,293.174,1.859,,,,,,,,rachaad white
11933,Darius Reynaud,RB,3,,,,,,,,,,,,,,,,,,,darius reynaud
11940,Albert Young,RB,0,,,,,,,,,,,,,,,,,,,albert young
11946,Anthony Armstrong,WR,5,,,,,,,,,,,,,,,,,,,anthony armstrong
4239083,Michael Warren II,RB,0,,,,,,,,,,,,,,,,,,,michael warren
4239086,Desmond Ridder,QB,0,169.98,0.01,0.04,0.01,,,,,,,,,,,,,,,desmond ridder
4370162,T.J. Luther,WR,0,,,,,,,,,,,,,,,,,,,t j luther
3894952,Donteea Dye,WR,0,,,,,,,,,,,,,,,,,,,donteea dye
4386544,Xavier Smith,WR,14,169.93,0.0,0.13,0.02,,,,,3.587,44.395,0.325,,,,,,,,xavier smith
2518678,Justin Hardy,WR,0,,,,,,,,,,,,,,,,,,,justin hardy
4370170,Landon Parker,WR,0,,,,,,,,,,,,,,,,,,,landon parker
3124900,Jake Luton,QB,0,,,,,,,,,,,,,,,,,,,jake luton
4697745,Tyler Loop,K,33,163.09,-0.03,49.52,44.34,146.37744511,,,,,,,,,,,29.278,34.448,44.44,tyler loop
3124979,Larry Rose III,RB,14,,,,,,,,,,,,,,,,,,,larry rose
3043080,O.J. Howard,TE,0,,,,,,,,,,,,,,,,,,,o j howard
3043078,Derrick Henry,RB,33,21.02,-0.1,99.6,95.73,271.24510221,317.006,1482.057,13.114,21.404,210.532,1.206,,,,,,,,derrick henry
12021,Stefan Logan,RB,0,,,,,,,,,,,,,,,,,,,stefan logan
5222064,Mante Morrow,WR,24,,,,,,,,,,,,,,,,,,,mante morrow
3124964,Marcus Green,WR,0,,,,,,,,,,,,,,,,,,,marcus green
3043120,Kelvin Taylor,RB,0,,,,,,,,,,,,,,,,,,,kelvin taylor
3043116,Demarcus Robinson,WR,25,169.97,0.01,0.14,0.03,,,,,3.235,43.921,0.246,,,,,,,,demarcus robinson
2977609,Devin Funchess,TE,0,,,,,,,,,,,,,,,,,,,devin funchess
3043144,Brendan Langley,WR,0,,,,,,,,,,,,,,,,,,,brendan langley
3043134,Reggie Davis,WR,0,,,,,,,,,,,,,,,,,,,reggie davis
3043097,Cameron Artis-Payne,RB,0,,,,,,,,,,,,,,,,,,,cameron artis payne
2567965,Dezmin Lewis,WR,2,,,,,,,,,,,,,,,,,,,dezmin lewis
4714365,Carson Steele,RB,21,169.99,0.0,0.03,0.01,,,,,,,,,,,,,,,carson steele
3125107,Andrew Beck,RB,20,169.99,0.0,0.1,0.02,,,,,4.195,28.23,0.221,,,,,,,,andrew beck
2977644,Todd Gurley,RB,0,,,,,,,,,,,,,,,,,,,todd gurley
2977667,Zac Brooks,RB,0,,,,,,,,,,,,,,,,,,,zac brooks
2977665,Chad Kelly,QB,0,,,,,,,,,,,,,,,,,,,chad kelly
3125116,D'Onta Foreman,RB,0,170.01,0.0,0.01,0.01,,,,,,,,,,,,,,,d onta foreman
5041988,Zach Ojile,RB,0,,,,,,,,,,,,,,,,,,,zach ojile
2977631,Jehu Chesson,WR,0,,,,,,,,,,,,,,,,,,,jehu chesson
2977629,Amara Darboh,WR,0,,,,,,,,,,,,,,,,,,,amara darboh
4878293,Daniel Sobkowicz,WR,34,,,,,,,,,,,,,,,,,,,daniel sobkowicz
3043263,Jaelen Strong,WR,0,,,,,,,,,,,,,,,,,,,jaelen strong
3043225,Steven Mitchell Jr.,WR,0,,,,,,,,,,,,,,,,,,,steven mitchell
3043216,Justin Davis,RB,0,,,,,,,,,,,,,,,,,,,justin davis
4567048,Kenneth Walker III,RB,12,24.53,-0.01,99.27,90.73,277.01152226,276.082,1233.347,9.036,48.267,375.398,1.681,,,,,,,,kenneth walker
3043234,Zane Gonzalez,K,15,169.9,0.01,0.5,0.29,,,,,,,,,,,,29.603,34.206,24.057,zane gonzalez
2977698,Glenn Gronkowski,RB,0,,,,,,,,,,,,,,,,,,,glenn gronkowski
4567044,Taylor Morin,WR,0,,,,,,,,,,,,,,,,,,,taylor morin
2568174,Gus Johnson,RB,24,,,,,,,,,,,,,,,,,,,gus johnson
4714379,Seydou Traore,TE,15,169.99,-0.01,0.03,0.0,,,,,,,,,,,,,,,seydou traore
3125232,Nick Bawden,RB,0,,,,,,,,,,,,,,,,,,,nick bawden
4714388,Chase Roberts,WR,13,,,,,,,,,,,,,,,,,,,chase roberts
2977800,Alex Erickson,WR,0,170.02,0.01,0.01,0.0,,,,,,,,,,,,,,,alex erickson
3059722,Zay Jones,WR,0,170.0,0.01,0.02,0.01,,,,,,,,,,,,,,,zay jones
3059719,Davon Grayson,WR,12,,,,,,,,,,,,,,,,,,,davon grayson
3125253,Braedon Bowman,TE,0,,,,,,,,,,,,,,,,,,,braedon bowman
3043278,Francis Owusu,WR,15,,,,,,,,,,,,,,,,,,,francis owusu
3043275,Austin Hooper,TE,1,169.98,0.01,0.17,0.05,,,,,20.531,181.036,0.826,,,,,,,,austin hooper
4599739,Kendre Miller,RB,18,170.11,-0.03,0.29,0.04,,12.895,54.77,0.297,,,,,,,,,,,kendre miller
4370374,David Durden,WR,0,,,,,,,,,,,,,,,,,,,david durden
2519013,Daniel Brown,TE,0,,,,,,,,,,,,,,,,,,,daniel brown
4698191,Chris Collier,RB,13,169.99,0.01,0.05,0.02,,,,,,,,,,,,,,,chris collier
3059766,Deon Yelder,TE,0,,,,,,,,,,,,,,,,,,,deon yelder
3059760,Taywan Taylor,WR,0,,,,,,,,,,,,,,,,,,,taywan taylor
4042808,Artavis Pierce,RB,0,,,,,,,,,,,,,,,,,,,artavis pierce
4042807,Trevon Bradford,WR,0,,,,,,,,,,,,,,,,,,,trevon bradford
3125315,Devonte Boyd,WR,4,,,,,,,,,,,,,,,,,,,devonte boyd
3059773,Brogan Roback,QB,0,,,,,,,,,,,,,,,,,,,brogan roback
4567151,Trey Knox,TE,0,,,,,,,,,,,,,,,,,,,trey knox
4567156,Treylon Burks,WR,28,170.14,-0.02,0.24,0.03,,,,,28.297,393.631,2.291,,,,,,,,treylon burks
4370451,Rory Starkey,WR,0,,,,,,,,,,,,,,,,,,,rory starkey
3125383,Damoun Patterson,WR,17,,,,,,,,,,,,,,,,,,,damoun patterson
4337702,Paul Butler,TE,0,,,,,,,,,,,,,,,,,,,paul butler
2977881,Paxton Lynch,QB,0,,,,,,,,,,,,,,,,,,,paxton lynch
4239406,Blake Proehl,WR,0,,,,,,,,,,,,,,,,,,,blake proehl
4567096,John Metchie III,WR,29,169.97,0.0,0.14,0.01,,,,,,,,,,,,,,,john metchie
4567095,Keilan Robinson,RB,0,169.99,0.0,0.01,0.0,,,,,,,,,,,,,,,keilan robinson
2977874,Mose Frazier,WR,29,,,,,,,,,,,,,,,,,,,mose frazier
3125354,Hunter Sharp,WR,0,,,,,,,,,,,,,,,,,,,hunter sharp
4567104,Will Reichard,K,16,165.69,0.09,30.24,26.86,,,,,,,,,,,,30.685,34.511,34.036,will reichard
4567246,Snoop Conner,RB,0,,,,,,,,,,,,,,,,,,,snoop conner
3911853,Adam Trautman,TE,7,169.95,-0.01,0.12,0.03,,,,,11.706,112.984,0.965,,,,,,,,adam trautman
12459,David Buehler,K,0,,,,,,,,,,,,,,,,,,,david buehler
3125402,Austin Fort,TE,0,,,,,,,,,,,,,,,,,,,austin fort
12460,Graham Gano,K,0,169.91,0.01,0.27,0.25,,,,,,,,,,,,,,,graham gano
12462,Sam Swank,K,0,,,,,,,,,,,,,,,,,,,sam swank
12465,Rhett Bomar,QB,0,,,,,,,,,,,,,,,,,,,rhett bomar
12466,Tom Brandstater,QB,0,,,,,,,,,,,,,,,,,,,tom brandstater
12468,Hunter Cantwell,QB,0,,,,,,,,,,,,,,,,,,,hunter cantwell
4255988,B.J. Baylor,RB,0,,,,,,,,,,,,,,,,,,,b j baylor
12469,Rudy Carpenter,QB,0,,,,,,,,,,,,,,,,,,,rudy carpenter
4255990,Calvin Tyler Jr.,RB,0,,,,,,,,,,,,,,,,,,,calvin tyler
12471,Chase Daniel,QB,0,,,,,,,,,,,,,,,,,,,chase daniel
12472,Nate Davis,QB,0,,,,,,,,,,,,,,,,,,,nate davis
12473,Josh Freeman,QB,11,,,,,,,,,,,,,,,,,,,josh freeman
12475,Graham Harrell,QB,20,,,,,,,,,,,,,,,,,,,graham harrell
12477,Brian Hoyer,QB,13,,,,,,,,,,,,,,,,,,,brian hoyer
12478,Stephen McGee,QB,0,,,,,,,,,,,,,,,,,,,stephen mcgee
12479,Curtis Painter,QB,19,,,,,,,,,,,,,,,,,,,curtis painter
3125414,Tyree Mayfield,TE,25,,,,,,,,,,,,,,,,,,,tyree mayfield
12480,John Parker Wilson,QB,0,,,,,,,,,,,,,,,,,,,john parker wilson
12482,Mark Sanchez,QB,0,,,,,,,,,,,,,,,,,,,mark sanchez
12483,Matthew Stafford,QB,14,78.51,0.26,92.59,49.06,,27.043,39.416,0.587,,,,557.782,4281.855,34.926,9.685,,,,matthew stafford
12485,Pat White,QB,28,,,,,,,,,,,,,,,,,,,pat white
12486,Drew Willy,QB,0,,,,,,,,,,,,,,,,,,,drew willy
12488,Kahlil Bell,RB,9,,,,,,,,,,,,,,,,,,,kahlil bell
12489,Donald Brown,RB,17,,,,,,,,,,,,,,,,,,,donald brown
3125404,Jacob Hollister,TE,0,,,,,,,,,,,,,,,,,,,jacob hollister
12490,Andre Brown,RB,34,,,,,,,,,,,,,,,,,,,andre brown
3125403,Brian Hill,RB,0,,,,,,,,,,,,,,,,,,,brian hill
4043016,Dee Eskridge,WR,0,169.99,0.0,0.01,0.0,,,,,,,,,,,,,,,dee eskridge
12493,James Davis,RB,0,,,,,,,,,,,,,,,,,,,james davis
12494,Herb Donaldson,RB,0,,,,,,,,,,,,,,,,,,,herb donaldson
12496,Tony Fiammetta,RB,3,,,,,,,,,,,,,,,,,,,tony fiammetta
4698253,Lan Larison,RB,17,169.98,0.01,0.04,0.01,,,,,,,,,,,,,,,lan larison
12497,Arian Foster,RB,15,,,,,,,,,,,,,,,,,,,arian foster
12499,Mike Goodson,RB,20,,,,,,,,,,,,,,,,,,,mike goodson
12500,Shonn Greene,RB,10,,,,,,,,,,,,,,,,,,,shonn greene
12502,P.J. Hill,RB,0,,,,,,,,,,,,,,,,,,,p j hill
12503,Rashad Jennings,RB,19,,,,,,,,,,,,,,,,,,,rashad jennings
12504,Jeremiah Johnson,RB,0,,,,,,,,,,,,,,,,,,,jeremiah johnson
12505,Ian Johnson,RB,0,,,,,,,,,,,,,,,,,,,ian johnson
12506,David Johnson,TE,23,,,,,,,,,,,,,,,,,,,david johnson
12507,Gartrell Johnson,RB,0,,,,,,,,,,,,,,,,,,,gartrell johnson
12508,Quinn Johnson,RB,10,,,,,,,,,,,,,,,,,,,quinn johnson
12510,Jorvorskie Lane,RB,27,,,,,,,,,,,,,,,,,,,jorvorskie lane
12513,Marcus Mailei,RB,0,,,,,,,,,,,,,,,,,,,marcus mailei
12514,LeSean McCoy,RB,0,,,,,,,,,,,,,,,,,,,lesean mccoy
3911927,Justin Sumpter,WR,14,,,,,,,,,,,,,,,,,,,justin sumpter
12515,Devin Moore,RB,0,,,,,,,,,,,,,,,,,,,devin moore
12516,Knowshon Moreno,RB,0,,,,,,,,,,,,,,,,,,,knowshon moreno
12517,Chris Ogbonnaya,RB,19,,,,,,,,,,,,,,,,,,,chris ogbonnaya
12519,Cedric Peerman,RB,4,,,,,,,,,,,,,,,,,,,cedric peerman
12520,Javon Ringer,RB,0,,,,,,,,,,,,,,,,,,,javon ringer
12521,Kory Sheets,RB,13,,,,,,,,,,,,,,,,,,,kory sheets
12523,Tyrell Sutton,RB,0,,,,,,,,,,,,,,,,,,,tyrell sutton
4567216,D.J. Williams,RB,0,169.98,0.0,0.02,0.01,,,,,,,,,,,,,,,d j williams
12524,Marcus Thigpen,RB,2,,,,,,,,,,,,,,,,,,,marcus thigpen
12525,Beanie Wells,RB,0,,,,,,,,,,,,,,,,,,,beanie wells
12526,Javarris Williams,RB,0,,,,,,,,,,,,,,,,,,,javarris williams
12532,Travis Beckum,TE,18,,,,,,,,,,,,,,,,,,,travis beckum
12535,James Casey,TE,7,,,,,,,,,,,,,,,,,,,james casey
12536,Chase Coffman,TE,11,,,,,,,,,,,,,,,,,,,chase coffman
3059918,Rodney Adams,WR,0,,,,,,,,,,,,,,,,,,,rodney adams
12537,Jared Cook,TE,0,,,,,,,,,,,,,,,,,,,jared cook
3059915,Kareem Hunt,RB,0,169.98,0.02,0.25,0.04,,,,,,,,,,,,,,,kareem hunt
12538,Davon Drew,TE,0,,,,,,,,,,,,,,,,,,,davon drew
12539,Dan Gronkowski,TE,0,,,,,,,,,,,,,,,,,,,dan gronkowski
3059945,Michael Roberts,TE,0,,,,,,,,,,,,,,,,,,,michael roberts
12541,Anthony Hill,TE,0,,,,,,,,,,,,,,,,,,,anthony hill
12542,Cornelius Ingram,TE,0,,,,,,,,,,,,,,,,,,,cornelius ingram
4698301,Jermaine Jackson,WR,0,169.98,0.0,0.02,0.01,,,,,,,,,,,,,,,jermaine jackson
12545,Cameron Morrah,TE,7,,,,,,,,,,,,,,,,,,,cameron morrah
12546,Rob Myers,TE,0,,,,,,,,,,,,,,,,,,,rob myers
3911895,Michael Jacobson,TE,0,,,,,,,,,,,,,,,,,,,michael jacobson
12547,Shawn Nelson,TE,0,,,,,,,,,,,,,,,,,,,shawn nelson
4567240,Dontario Drummond,WR,0,,,,,,,,,,,,,,,,,,,dontario drummond
12548,Bear Pascoe,TE,17,,,,,,,,,,,,,,,,,,,bear pascoe
12549,Brandon Pettigrew,TE,8,,,,,,,,,,,,,,,,,,,brandon pettigrew
12550,John Phillips,TE,0,,,,,,,,,,,,,,,,,,,john phillips
12551,Ryan Purvis,TE,0,,,,,,,,,,,,,,,,,,,ryan purvis
12552,Richard Quinn,TE,18,,,,,,,,,,,,,,,,,,,richard quinn
12553,Kory Sperry,TE,16,,,,,,,,,,,,,,,,,,,kory sperry
12554,Eddie Williams,RB,0,,,,,,,,,,,,,,,,,,,eddie williams
12555,Ramses Barden,WR,30,,,,,,,,,,,,,,,,,,,ramses barden
4239691,Griffin Hebert,TE,0,,,,,,,,,,,,,,,,,,,griffin hebert
12556,Kenny Britt,WR,0,,,,,,,,,,,,,,,,,,,kenny britt
12557,Deon Butler,WR,0,,,,,,,,,,,,,,,,,,,deon butler
12558,Demetrius Byrd,WR,0,,,,,,,,,,,,,,,,,,,demetrius byrd
3060022,Jordan Howard,RB,0,,,,,,,,,,,,,,,,,,,jordan howard
12561,Austin Collie,WR,17,,,,,,,,,,,,,,,,,,,austin collie
12562,Quan Cosby,WR,0,,,,,,,,,,,,,,,,,,,quan cosby
12563,Michael Crabtree,WR,22,,,,,,,,,,,,,,,,,,,michael crabtree
12564,Jarett Dillard,WR,0,,,,,,,,,,,,,,,,,,,jarett dillard
12565,Dominique Edison,WR,0,,,,,,,,,,,,,,,,,,,dominique edison
12566,Brooks Foster,WR,0,,,,,,,,,,,,,,,,,,,brooks foster
12567,Brandon Gibson,WR,17,,,,,,,,,,,,,,,,,,,brandon gibson
12568,Brian Hartline,WR,5,,,,,,,,,,,,,,,,,,,brian hartline
12569,Percy Harvin,WR,0,,,,,,,,,,,,,,,,,,,percy harvin
12570,Darrius Heyward-Bey,WR,0,,,,,,,,,,,,,,,,,,,darrius heyward bey
12571,Juaquin Iglesias,WR,0,,,,,,,,,,,,,,,,,,,juaquin iglesias
12572,Manuel Johnson,WR,0,,,,,,,,,,,,,,,,,,,manuel johnson
12576,Brandon LaFell,WR,0,,,,,,,,,,,,,,,,,,,brandon lafell
3911993,Darnell Holland,RB,18,,,,,,,,,,,,,,,,,,,darnell holland
4878695,Max Bredeson,RB,16,169.98,0.0,0.07,0.01,,2.025,8.471,0.06,4.5,29.44,0.167,,,,,,,,max bredeson
12579,Jeremy Maclin,WR,0,,,,,,,,,,,,,,,,,,,jeremy maclin
4567400,Nay'Quan Wright,RB,0,,,,,,,,,,,,,,,,,,,nay quan wright
12581,Mohamed Massaquoi,WR,0,,,,,,,,,,,,,,,,,,,mohamed massaquoi
12585,Louis Murphy,WR,0,,,,,,,,,,,,,,,,,,,louis murphy
12586,Hakeem Nicks,WR,18,,,,,,,,,,,,,,,,,,,hakeem nicks
2978109,Zach Pascal,WR,0,170.02,0.01,0.01,0.0,,,,,,,,,,,,,,,zach pascal
12587,Jordan Norwood,WR,7,,,,,,,,,,,,,,,,,,,jordan norwood
12588,Kevin Ogletree,WR,19,,,,,,,,,,,,,,,,,,,kevin ogletree
12589,Greg Orton,WR,17,,,,,,,,,,,,,,,,,,,greg orton
3059989,Nick Mullens,QB,30,170.01,0.0,0.09,0.02,,1.098,3.387,0.028,,,,23.672,179.326,1.13,0.846,,,,nick mullens
12592,Brian Robiskie,WR,10,,,,,,,,,,,,,,,,,,,brian robiskie
12594,Jordan Shipley,WR,0,,,,,,,,,,,,,,,,,,,jordan shipley
12595,Sammie Stroughter,WR,0,,,,,,,,,,,,,,,,,,,sammie stroughter
12597,Brandon Tate,WR,0,,,,,,,,,,,,,,,,,,,brandon tate
12598,Mike Thomas,WR,34,,,,,,,,,,,,,,,,,,,mike thomas
12599,Patrick Turner,WR,0,,,,,,,,,,,,,,,,,,,patrick turner
12600,Tiquan Underwood,WR,29,,,,,,,,,,,,,,,,,,,tiquan underwood
12601,Mike Wallace,WR,0,,,,,,,,,,,,,,,,,,,mike wallace
3682593,Kalif Jackson,TE,0,,,,,,,,,,,,,,,,,,,kalif jackson
12602,Derrick Williams,WR,0,,,,,,,,,,,,,,,,,,,derrick williams
4370813,Wayne Taulapapa,RB,0,,,,,,,,,,,,,,,,,,,wayne taulapapa
4911488,Jared Bernhardt,WR,0,,,,,,,,,,,,,,,,,,,jared bernhardt
4714771,Drew Allar,QB,23,169.91,0.01,0.34,0.02,,1.295,5.645,0.054,,,,22.995,160.127,0.852,0.497,,,,drew allar
12635,Aaron Brown,RB,0,,,,,,,,,,,,,,,,,,,aaron brown
12637,Freddie Brown,WR,14,,,,,,,,,,,,,,,,,,,freddie brown
3912052,Joe Walker,WR,3,,,,,,,,,,,,,,,,,,,joe walker
4256040,Warren Jackson,WR,0,,,,,,,,,,,,,,,,,,,warren jackson
12649,Julian Edelman,WR,17,,,,,,,,,,,,,,,,,,,julian edelman
2978124,D.J. Foster,RB,0,,,,,,,,,,,,,,,,,,,d j foster
12678,Johnny Knox,WR,0,,,,,,,,,,,,,,,,,,,johnny knox
4567506,Tahj Washington,WR,15,170.0,0.0,0.03,0.01,,,,,,,,,,,,,,,tahj washington
4239830,Xavier Ubosi,WR,27,,,,,,,,,,,,,,,,,,,xavier ubosi
2978219,Bryce Treggs,WR,0,,,,,,,,,,,,,,,,,,,bryce treggs
12699,Zach Miller,TE,0,,,,,,,,,,,,,,,,,,,zach miller
2978244,Ricky Ortiz,RB,18,,,,,,,,,,,,,,,,,,,ricky ortiz
12705,Brandon Myers,TE,27,,,,,,,,,,,,,,,,,,,brandon myers
12706,John Nalbone,TE,0,,,,,,,,,,,,,,,,,,,john nalbone
12709,Keith Null,QB,0,,,,,,,,,,,,,,,,,,,keith null
12710,Jake O'Connell,TE,0,,,,,,,,,,,,,,,,,,,jake o connell
4043185,Landon Lenoir,WR,0,,,,,,,,,,,,,,,,,,,landon lenoir
4698597,Barion Brown,WR,18,169.95,0.02,0.16,0.01,,,,,3.275,39.898,0.188,,,,,,,,barion brown
2978201,Kenny Lawler,WR,0,,,,,,,,,,,,,,,,,,,kenny lawler
2978196,Chris Harper,WR,20,,,,,,,,,,,,,,,,,,,chris harper
4878842,Layne Pryor,TE,34,,,,,,,,,,,,,,,,,,,layne pryor
12724,Bernard Scott,RB,33,,,,,,,,,,,,,,,,,,,bernard scott
3912092,Donald Parham Jr.,TE,0,170.0,0.0,0.01,0.0,,,,,,,,,,,,,,,donald parham
12730,LaRod Stephens-Howling,RB,23,,,,,,,,,,,,,,,,,,,larod stephens howling
12731,Ryan Succop,K,0,,,,,,,,,,,,,,,,,,,ryan succop
2978216,Darius Powe,WR,0,,,,,,,,,,,,,,,,,,,darius powe
12733,Frank Summers,RB,2,,,,,,,,,,,,,,,,,,,frank summers
4043161,Antoine Wesley,WR,0,,,,,,,,,,,,,,,,,,,antoine wesley
4043158,T.J. Vasher,WR,0,,,,,,,,,,,,,,,,,,,t j vasher
3928461,De'Lance Turner,RB,0,,,,,,,,,,,,,,,,,,,de lance turner
12743,Fui Vakapuna,RB,0,,,,,,,,,,,,,,,,,,,fui vakapuna
3895806,Randy Gregory,RB,6,,,,,,,,,,,,,,,,,,,randy gregory
3125745,Roger Lewis,WR,11,,,,,,,,,,,,,,,,,,,roger lewis
4239768,Spencer Brown,RB,0,,,,,,,,,,,,,,,,,,,spencer brown
12763,Brock Bolen,RB,0,,,,,,,,,,,,,,,,,,,brock bolen
12764,Curtis Brinkley,RB,0,,,,,,,,,,,,,,,,,,,curtis brinkley
4567458,C.J. Johnson,WR,0,,,,,,,,,,,,,,,,,,,c j johnson
2978308,Jaydon Mickens,WR,0,,,,,,,,,,,,,,,,,,,jaydon mickens
3043841,Tanner Gentry,WR,0,,,,,,,,,,,,,,,,,,,tanner gentry
4911517,Mason Pline,TE,12,,,,,,,,,,,,,,,,,,,mason pline
3895789,Quadree Henderson,WR,23,,,,,,,,,,,,,,,,,,,quadree henderson
3895788,Darrin Hall,RB,0,,,,,,,,,,,,,,,,,,,darrin hall
5091739,Chris Brazzell II,WR,29,170.0,0.01,0.68,0.03,,,,,,,,,,,,,,,chris brazzell
3895785,Ben DiNucci,QB,0,,,,,,,,,,,,,,,,,,,ben dinucci
4370883,Garett Maag,WR,0,,,,,,,,,,,,,,,,,,,garett maag
12813,Charly Martin,WR,0,,,,,,,,,,,,,,,,,,,charly martin
3895857,Damion Ratley,WR,0,,,,,,,,,,,,,,,,,,,damion ratley
3895856,Christian Kirk,WR,25,171.0,0.13,2.31,0.17,,,,,16.206,220.001,1.407,,,,,,,,christian kirk
12850,Will Ta'ufo'ou,RB,30,,,,,,,,,,,,,,,,,,,will ta ufo ou
3895835,Jake Bargas,RB,0,,,,,,,,,,,,,,,,,,,jake bargas
4878956,Max Tomczak,WR,2,,,,,,,,,,,,,,,,,,,max tomczak
4239992,Amari Rodgers,WR,0,,,,,,,,,,,,,,,,,,,amari rodgers
4239993,Tee Higgins,WR,4,57.55,-0.35,96.0,72.37,,,,,73.102,955.277,8.331,,,,,,,,tee higgins
4239996,Travis Etienne Jr.,RB,18,49.58,-0.37,96.06,78.61,,257.894,1119.982,6.092,44.613,376.482,2.059,,,,,,,,travis etienne
3895828,Anthony Ratliff-Williams,WR,0,,,,,,,,,,,,,,,,,,,anthony ratliff williams
3895827,Ty'Son Williams,RB,0,,,,,,,,,,,,,,,,,,,ty son williams
3895833,Carl Tucker,RB,0,,,,,,,,,,,,,,,,,,,carl tucker
12874,Kevin Brock,TE,18,,,,,,,,,,,,,,,,,,,kevin brock
12886,Tyler Grisham,WR,0,,,,,,,,,,,,,,,,,,,tyler grisham
12897,Brit Miller,RB,0,,,,,,,,,,,,,,,,,,,brit miller
12898,Isaac Redman,RB,23,,,,,,,,,,,,,,,,,,,isaac redman
3125891,Alec Bloom,TE,22,,,,,,,,,,,,,,,,,,,alec bloom
4878878,Amar Johnson,RB,24,169.99,0.0,0.02,0.01,,,,,,,,,,,,,,,amar johnson
3060347,Daniel Williams,WR,0,,,,,,,,,,,,,,,,,,,daniel williams
4239934,AJ Dillon,RB,29,169.97,0.0,0.1,0.02,,,,,,,,,,,,,,,aj dillon
4239936,E.J. Perry,QB,0,,,,,,,,,,,,,,,,,,,e j perry
12930,Chris Pressley,RB,4,,,,,,,,,,,,,,,,,,,chris pressley
12934,Chris Williams,WR,3,,,,,,,,,,,,,,,,,,,chris williams
4239944,Hunter Long,TE,30,170.0,0.0,0.03,0.01,,,,,,,,,,,,,,,hunter long
4240075,Justin Marshall,WR,0,,,,,,,,,,,,,,,,,,,justin marshall
12943,Robert Agnone,TE,0,,,,,,,,,,,,,,,,,,,robert agnone
12953,Nick Miller,WR,0,,,,,,,,,,,,,,,,,,,nick miller
4567784,Jacolby George,WR,0,,,,,,,,,,,,,,,,,,,jacolby george
12965,Colin Cloherty,TE,0,,,,,,,,,,,,,,,,,,,colin cloherty
3125950,Jean Sifrin,TE,11,,,,,,,,,,,,,,,,,,,jean sifrin
12969,Britt Davis,WR,0,,,,,,,,,,,,,,,,,,,britt davis
4911851,LeQuint Allen Jr.,RB,30,170.28,-0.02,0.68,0.06,,8.033,33.91,0.193,21.68,148.01,0.844,,,,,,,,lequint allen
4240120,Emeka Emezie,WR,0,,,,,,,,,,,,,,,,,,,emeka emezie
12985,Kole Heckendorf,WR,0,,,,,,,,,,,,,,,,,,,kole heckendorf
4240121,Thayer Thomas,WR,0,,,,,,,,,,,,,,,,,,,thayer thomas
12999,John Matthews,WR,0,,,,,,,,,,,,,,,,,,,john matthews
13011,Zach Potter,TE,34,,,,,,,,,,,,,,,,,,,zach potter
3126002,Christian Blake,WR,0,,,,,,,,,,,,,,,,,,,christian blake
4240020,James Blackman,QB,0,,,,,,,,,,,,,,,,,,,james blackman
4240021,Cam Akers,RB,0,169.98,0.0,0.04,0.01,,,,,,,,,,,,,,,cam akers
3125999,Nate Becker,TE,0,,,,,,,,,,,,,,,,,,,nate becker
4240022,Khalan Laborn,RB,0,,,,,,,,,,,,,,,,,,,khalan laborn
4240023,Tre' McKitty,TE,0,,,,,,,,,,,,,,,,,,,tre mckitty
4240028,Tamorrion Terry,WR,0,,,,,,,,,,,,,,,,,,,tamorrion terry
13024,Swayze Waters,K,29,,,,,,,,,,,,,,,,,,,swayze waters
4240032,ZaQuandre White,RB,0,,,,,,,,,,,,,,,,,,,zaquandre white
4240033,Ontaria Wilson,WR,0,,,,,,,,,,,,,,,,,,,ontaria wilson
13027,Pat Williams,WR,0,,,,,,,,,,,,,,,,,,,pat williams
3125991,Ryan Smith,TE,9,,,,,,,,,,,,,,,,,,,ryan smith
13059,Kareem Huggins,RB,0,,,,,,,,,,,,,,,,,,,kareem huggins
4240069,Malik Cunningham,WR,8,170.0,0.0,0.02,0.0,,,,,,,,,,,,,,,malik cunningham
4567747,Garrett Nussmeier,QB,12,169.97,0.02,0.09,0.01,,,,,,,,,,,,,,,garrett nussmeier
4567750,Emeka Egbuka,WR,27,44.49,-0.36,97.01,79.75,,2.183,11.904,0.102,69.667,1128.323,7.494,,,,,,,,emeka egbuka
4879189,Hal Presley III,WR,0,,,,,,,,,,,,,,,,,,,hal presley
3126072,A.J. Ouellette,RB,5,,,,,,,,,,,,,,,,,,,a j ouellette
4879194,Josh Cameron,WR,30,169.98,0.0,0.06,0.01,,,,,,,,,,,,,,,josh cameron
4715355,Darius Cooper,WR,21,169.97,0.01,0.09,0.01,,,,,3.251,37.687,0.252,,,,,,,,darius cooper
3126080,Papi White,WR,10,,,,,,,,,,,,,,,,,,,papi white
13097,Darrel Young,RB,29,,,,,,,,,,,,,,,,,,,darrel young
3126075,Spencer Schnell,WR,0,,,,,,,,,,,,,,,,,,,spencer schnell
13102,Tom Crabtree,TE,27,,,,,,,,,,,,,,,,,,,tom crabtree
13112,Eron Riley,WR,0,,,,,,,,,,,,,,,,,,,eron riley
13117,Isaiah Williams,WR,10,,,,,,,,,,,,,,,,,,,isaiah williams
13134,Ed Gant,WR,0,,,,,,,,,,,,,,,,,,,ed gant
4682509,Malik McClain,WR,20,,,,,,,,,,,,,,,,,,,malik mcclain
3912574,Caleb Repp,TE,0,,,,,,,,,,,,,,,,,,,caleb repp
4600597,Montorie Foster Jr.,WR,26,,,,,,,,,,,,,,,,,,,montorie foster
3912576,Joe Williams,RB,0,,,,,,,,,,,,,,,,,,,joe williams
5157673,SaRodorick Thompson Jr.,RB,26,,,,,,,,,,,,,,,,,,,sarodorick thompson
3912558,De'Quan Hampton,WR,0,,,,,,,,,,,,,,,,,,,de quan hampton
13158,Antone Smith,RB,27,,,,,,,,,,,,,,,,,,,antone smith
3912550,Ronald Jones,RB,0,,,,,,,,,,,,,,,,,,,ronald jones
13166,Chris Jennings,RB,0,,,,,,,,,,,,,,,,,,,chris jennings
3912547,Sam Darnold,QB,26,163.33,0.18,15.0,2.01,,44.074,125.592,0.849,,,,512.68,4013.423,24.044,12.354,,,,sam darnold
13168,Tristan Davis,RB,0,,,,,,,,,,,,,,,,,,,tristan davis
13169,Julius Pruitt,WR,0,,,,,,,,,,,,,,,,,,,julius pruitt
3912551,Aca'Cedric Ware,RB,0,,,,,,,,,,,,,,,,,,,aca cedric ware
3928925,JaMycal Hasty,RB,0,169.98,0.0,0.02,0.01,,,,,,,,,,,,,,,jamycal hasty
3126095,Jon'Vea Johnson,WR,0,,,,,,,,,,,,,,,,,,,jon vea johnson
13183,Martell Mallett,RB,0,,,,,,,,,,,,,,,,,,,martell mallett
4043606,Willie Johnson,WR,0,,,,,,,,,,,,,,,,,,,willie johnson
3126115,Cody Thompson,WR,0,170.01,0.0,0.01,0.0,,,,,,,,,,,,,,,cody thompson
13188,Chad Hall,WR,30,,,,,,,,,,,,,,,,,,,chad hall
3126113,Terry Swanson,RB,34,,,,,,,,,,,,,,,,,,,terry swanson
13194,Clint Stitser,K,0,,,,,,,,,,,,,,,,,,,clint stitser
13195,Todd Carter,K,0,,,,,,,,,,,,,,,,,,,todd carter
13197,Sam Bradford,QB,0,,,,,,,,,,,,,,,,,,,sam bradford
13198,Jimmy Clausen,QB,33,,,,,,,,,,,,,,,,,,,jimmy clausen
13199,Colt McCoy,QB,0,,,,,,,,,,,,,,,,,,,colt mccoy
13200,Tim Tebow,TE,0,,,,,,,,,,,,,,,,,,,tim tebow
3126197,Steven Dunbar Jr.,WR,7,,,,,,,,,,,,,,,,,,,steven dunbar
13201,Tony Pike,QB,0,,,,,,,,,,,,,,,,,,,tony pike
3126196,Romello Brooker,TE,14,,,,,,,,,,,,,,,,,,,romello brooker
13202,Dan LeFevour,QB,27,,,,,,,,,,,,,,,,,,,dan lefevour
13203,C.J. Spiller,RB,0,,,,,,,,,,,,,,,,,,,c j spiller
4568024,Josh Williams,RB,27,169.96,-0.02,0.09,0.02,,,,,,,,,,,,,,,josh williams
13204,Ryan Mathews,RB,21,,,,,,,,,,,,,,,,,,,ryan mathews
13205,Jahvid Best,RB,0,,,,,,,,,,,,,,,,,,,jahvid best
13206,Jonathan Dwyer,RB,22,,,,,,,,,,,,,,,,,,,jonathan dwyer
13207,Dexter McCluster,RB,24,,,,,,,,,,,,,,,,,,,dexter mccluster
13208,Montario Hardesty,RB,5,,,,,,,,,,,,,,,,,,,montario hardesty
13209,Joe McKnight,RB,12,,,,,,,,,,,,,,,,,,,joe mcknight
13210,Ben Tate,RB,23,,,,,,,,,,,,,,,,,,,ben tate
4240346,Jared Scott,WR,0,,,,,,,,,,,,,,,,,,,jared scott
13211,Toby Gerhart,RB,30,,,,,,,,,,,,,,,,,,,toby gerhart
13212,Boobie Dixon,RB,2,,,,,,,,,,,,,,,,,,,boobie dixon
13213,LeGarrette Blount,RB,0,,,,,,,,,,,,,,,,,,,legarrette blount
13214,James Starks,RB,9,,,,,,,,,,,,,,,,,,,james starks
4240350,Xazavian Valladay,RB,0,170.0,0.0,0.01,0.01,,,,,,,,,,,,,,,xazavian valladay
13215,Dez Bryant,WR,0,,,,,,,,,,,,,,,,,,,dez bryant
13216,Demaryius Thomas,WR,20,,,,,,,,,,,,,,,,,,,demaryius thomas
13217,Golden Tate,WR,0,,,,,,,,,,,,,,,,,,,golden tate
13218,Arrelious Benn,WR,0,,,,,,,,,,,,,,,,,,,arrelious benn
13219,Damian Williams,WR,14,,,,,,,,,,,,,,,,,,,damian williams
4879326,Maddux Trujillo,K,0,,,,,,,,,,,,,,,,,,,maddux trujillo
13221,Mardy Gilyard,WR,0,,,,,,,,,,,,,,,,,,,mardy gilyard
13222,Carlton Mitchell,WR,1,,,,,,,,,,,,,,,,,,,carlton mitchell
13223,Taylor Price,WR,30,,,,,,,,,,,,,,,,,,,taylor price
13224,Marcus Easley,WR,2,,,,,,,,,,,,,,,,,,,marcus easley
13225,Riley Cooper,WR,21,,,,,,,,,,,,,,,,,,,riley cooper
13226,Andre Roberts,WR,0,,,,,,,,,,,,,,,,,,,andre roberts
13227,Dezmon Briscoe,WR,6,,,,,,,,,,,,,,,,,,,dezmon briscoe
13228,Jermaine Gresham,TE,0,,,,,,,,,,,,,,,,,,,jermaine gresham
13229,Rob Gronkowski,TE,0,,,,,,,,,,,,,,,,,,,rob gronkowski
13230,Aaron Hernandez,TE,0,,,,,,,,,,,,,,,,,,,aaron hernandez
13231,Dennis Pitta,TE,33,,,,,,,,,,,,,,,,,,,dennis pitta
13232,Jimmy Graham,TE,0,,,,,,,,,,,,,,,,,,,jimmy graham
4682745,Jaylen Wright,RB,15,170.22,-0.03,1.23,0.14,,55.826,233.063,1.071,7.472,55.962,0.193,,,,,,,,jaylen wright
3126158,Stephen Baggett,TE,5,,,,,,,,,,,,,,,,,,,stephen baggett
2978727,Jerell Adams,TE,0,,,,,,,,,,,,,,,,,,,jerell adams
4240380,KJ Hamler,WR,0,,,,,,,,,,,,,,,,,,,kj hamler
4568063,JaVonta Payton,WR,0,,,,,,,,,,,,,,,,,,,javonta payton
4682761,Luke Wysong,WR,0,,,,,,,,,,,,,,,,,,,luke wysong
4240391,Tommy DeVito,QB,17,169.9,-0.01,0.23,0.02,,1.867,9.496,0.067,,,,22.514,149.835,0.987,0.408,,,,tommy devito
3126263,Charles Jones,TE,0,,,,,,,,,,,,,,,,,,,charles jones
4682648,Malachi Fields,WR,19,169.92,0.02,1.2,0.07,,,,,13.216,157.513,0.891,,,,,,,,malachi fields
13271,Eric Decker,WR,0,,,,,,,,,,,,,,,,,,,eric decker
13272,Ed Dickson,TE,0,,,,,,,,,,,,,,,,,,,ed dickson
4879250,Cole Payton,QB,21,169.99,0.01,0.05,0.01,,,,,,,,,,,,,,,cole payton
13275,Armanti Edwards,WR,3,,,,,,,,,,,,,,,,,,,armanti edwards
4682652,Devin Neal,RB,18,169.96,0.01,0.25,0.03,,,,,,,,,,,,,,,devin neal
2470916,Matt Lengel,TE,11,,,,,,,,,,,,,,,,,,,matt lengel
13289,Tony Moeaki,TE,3,,,,,,,,,,,,,,,,,,,tony moeaki
4912052,Justin Joly,TE,7,169.99,0.0,0.21,0.01,,,,,4.02,37.74,0.299,,,,,,,,justin joly
13295,Emmanuel Sanders,WR,0,,,,,,,,,,,,,,,,,,,emmanuel sanders
4043745,Jequez Ezzard,WR,0,,,,,,,,,,,,,,,,,,,jequez ezzard
4879276,Bryce Lance,WR,18,169.95,0.0,0.34,0.03,,,,,16.363,204.38,0.939,,,,,,,,bryce lance
3126246,Dontrell Hilliard,RB,0,,,,,,,,,,,,,,,,,,,dontrell hilliard
13312,Terrence Austin,WR,0,,,,,,,,,,,,,,,,,,,terrence austin
13319,Levi Brown,QB,0,,,,,,,,,,,,,,,,,,,levi brown
3126329,Garrett Johnson,WR,3,,,,,,,,,,,,,,,,,,,garrett johnson
13326,Nate Arthur Byham,TE,27,,,,,,,,,,,,,,,,,,,nate arthur byham
5092436,Jude McAtamney,K,0,169.94,-0.01,0.06,0.02,,,,,,,,,,,,,,,jude mcatamney
3126325,Dorian Baker,WR,5,,,,,,,,,,,,,,,,,,,dorian baker
4912218,Cyrus Allen,WR,12,169.59,0.02,2.66,0.05,,,,,16.173,202.77,1.268,,,,,,,,cyrus allen
13331,Sean Canfield,QB,0,,,,,,,,,,,,,,,,,,,sean canfield
13335,Mike Caussin,TE,28,,,,,,,,,,,,,,,,,,,mike caussin
4240472,Noah Gray,TE,12,169.91,0.0,0.37,0.08,,,,,26.105,261.684,1.414,,,,,,,,noah gray
2978887,Roberto Aguayo,K,0,,,,,,,,,,,,,,,,,,,roberto aguayo
13341,John Conner,RB,2,,,,,,,,,,,,,,,,,,,john conner
13346,Jonathan Crompton,QB,0,,,,,,,,,,,,,,,,,,,jonathan crompton
13348,Ryan D'Imperio,RB,0,,,,,,,,,,,,,,,,,,,ryan d imperio
4027439,Talolo Limu-Jones,WR,0,,,,,,,,,,,,,,,,,,,talolo limu jones
13353,Dorin Dickerson,TE,10,,,,,,,,,,,,,,,,,,,dorin dickerson
13357,Jim Dray,TE,22,,,,,,,,,,,,,,,,,,,jim dray
13359,Brody Eldridge,TE,0,,,,,,,,,,,,,,,,,,,brody eldridge
13360,Dedrick Epps,TE,0,,,,,,,,,,,,,,,,,,,dedrick epps
4043814,Michael Dereus,WR,0,,,,,,,,,,,,,,,,,,,michael dereus
13363,Jacoby Ford,WR,10,,,,,,,,,,,,,,,,,,,jacoby ford
3929118,Jeff Smith,WR,0,,,,,,,,,,,,,,,,,,,jeff smith
13367,David Alexander Gettis,WR,27,,,,,,,,,,,,,,,,,,,david alexander gettis
13371,Garrett Graham,TE,7,,,,,,,,,,,,,,,,,,,garrett graham
13376,Clay Harbor,TE,18,,,,,,,,,,,,,,,,,,,clay harbor
13386,Trindon Holliday,WR,13,,,,,,,,,,,,,,,,,,,trindon holliday
13387,Michael Hoomanawanui,TE,0,,,,,,,,,,,,,,,,,,,michael hoomanawanui
13397,Mike Kafka,QB,16,,,,,,,,,,,,,,,,,,,mike kafka
13398,Deji Karim,RB,11,,,,,,,,,,,,,,,,,,,deji karim
2978929,Corey Coleman,WR,0,,,,,,,,,,,,,,,,,,,corey coleman
13401,Jameson Konz,TE,7,,,,,,,,,,,,,,,,,,,jameson konz
13407,Erik Lorig,RB,18,,,,,,,,,,,,,,,,,,,erik lorig
13409,Marc Mariani,WR,10,,,,,,,,,,,,,,,,,,,marc mariani
13414,Anthony McCoy,TE,26,,,,,,,,,,,,,,,,,,,anthony mccoy
13420,Kerry Meier,WR,0,,,,,,,,,,,,,,,,,,,kerry meier
3060823,Redford Jones,K,3,,,,,,,,,,,,,,,,,,,redford jones
4240429,Jaquarii Roberson,WR,0,,,,,,,,,,,,,,,,,,,jaquarii roberson
4240432,Sage Surratt,TE,0,,,,,,,,,,,,,,,,,,,sage surratt
13425,Dennis Morris,TE,0,,,,,,,,,,,,,,,,,,,dennis morris
13431,Fendi Onobun,TE,30,,,,,,,,,,,,,,,,,,,fendi onobun
4584500,Darius Hagans,RB,0,,,,,,,,,,,,,,,,,,,darius hagans
13440,Andrew Quarless,TE,8,,,,,,,,,,,,,,,,,,,andrew quarless
13442,David Reed,WR,25,,,,,,,,,,,,,,,,,,,david reed
13444,Zac Robinson,QB,4,,,,,,,,,,,,,,,,,,,zac robinson
3126367,Bo Scarbrough,RB,0,,,,,,,,,,,,,,,,,,,bo scarbrough
4240455,Deon Jackson,RB,0,,,,,,,,,,,,,,,,,,,deon jackson
13450,Charles Scott,RB,0,,,,,,,,,,,,,,,,,,,charles scott
3060919,Wes Hills,RB,0,,,,,,,,,,,,,,,,,,,wes hills
4240591,Nick Easley,WR,0,,,,,,,,,,,,,,,,,,,nick easley
13456,Mickey Charles Shuler,TE,1,,,,,,,,,,,,,,,,,,,mickey charles shuler
13458,John Skelton,QB,10,,,,,,,,,,,,,,,,,,,john skelton
13459,Rusty Smith,QB,10,,,,,,,,,,,,,,,,,,,rusty smith
4699354,Harrison Wallace III,WR,22,,,,,,,,,,,,,,,,,,,harrison wallace
3699902,Stanley Morgan Jr.,WR,0,,,,,,,,,,,,,,,,,,,stanley morgan
4240600,Kadarius Toney,WR,0,169.96,-0.01,0.04,0.01,,,,,,,,,,,,,,,kadarius toney
4240603,Malik Davis,RB,6,170.04,-0.01,0.63,0.09,,44.228,192.21,1.417,4.145,29.553,0.158,,,,,,,,malik davis
13474,Tim Toone,WR,0,,,,,,,,,,,,,,,,,,,tim toone
5125342,Keilahn Harris,WR,0,,,,,,,,,,,,,,,,,,,keilahn harris
5125339,Ronnie Brown,RB,0,,,,,,,,,,,,,,,,,,,ronnie brown
13484,Joe Webb,QB,0,,,,,,,,,,,,,,,,,,,joe webb
4420843,Damon Sheehy-Guiseppi,WR,5,,,,,,,,,,,,,,,,,,,damon sheehy guiseppi
13488,Kyle Williams,WR,20,,,,,,,,,,,,,,,,,,,kyle williams
13489,Mike Williams,WR,12,,,,,,,,,,,,,,,,,,,mike williams
4240625,Mike Harley Jr.,WR,0,,,,,,,,,,,,,,,,,,,mike harley
13490,Stephen Williams,WR,30,,,,,,,,,,,,,,,,,,,stephen williams
4240626,Jeff Thomas,WR,0,,,,,,,,,,,,,,,,,,,jeff thomas
4601080,Raheim Sanders,RB,5,169.97,0.01,0.08,0.01,,,,,,,,,,,,,,,raheim sanders
4240631,DeeJay Dallas,RB,30,169.99,0.0,0.07,0.02,,,,,,,,,,,,,,,deejay dallas
4240636,Robert Burns,RB,0,,,,,,,,,,,,,,,,,,,robert burns
13506,Jeremy Horne,WR,0,,,,,,,,,,,,,,,,,,,jeremy horne
13511,Tervaris Johnson,RB,0,,,,,,,,,,,,,,,,,,,tervaris johnson
13515,Greg Mathews,WR,0,,,,,,,,,,,,,,,,,,,greg mathews
13517,Brandon Minor,RB,0,,,,,,,,,,,,,,,,,,,brandon minor
13518,Antonio Robinson,WR,0,,,,,,,,,,,,,,,,,,,antonio robinson
13524,Seyi Ajirotutu,WR,21,,,,,,,,,,,,,,,,,,,seyi ajirotutu
4600981,Pat Bryant,WR,7,171.38,0.08,1.67,0.1,,,,,28.423,319.64,2.105,,,,,,,,pat bryant
4912274,Sione Vaki,RB,8,169.94,0.01,0.07,0.02,,,,,,,,,,,,,,,sione vaki
13530,Jake Ballard,TE,22,,,,,,,,,,,,,,,,,,,jake ballard
4682912,Lirim Hajrullahu,K,0,,,,,,,,,,,,,,,,,,,lirim hajrullahu
5125287,Alex Quevedo,K,0,,,,,,,,,,,,,,,,,,,alex quevedo
13536,Joique Bell,RB,8,,,,,,,,,,,,,,,,,,,joique bell
13538,Richie Brockel,TE,29,,,,,,,,,,,,,,,,,,,richie brockel
13540,Carlos Brown,RB,0,,,,,,,,,,,,,,,,,,,carlos brown
13543,Tim Buckley,WR,0,,,,,,,,,,,,,,,,,,,tim buckley
5092508,Colbie Young,WR,4,169.93,0.0,0.16,0.02,,,,,3.497,43.207,0.332,,,,,,,,colbie young
13545,Duke Calhoun,WR,0,,,,,,,,,,,,,,,,,,,duke calhoun
3126486,Deebo Samuel Sr.,WR,25,133.68,2.83,57.11,3.04,,22.113,109.352,1.143,55.106,734.661,4.333,,,,,,,,deebo samuel
3060950,Jace Billingsley,WR,0,,,,,,,,,,,,,,,,,,,jace billingsley
13553,Victor Cruz,WR,0,,,,,,,,,,,,,,,,,,,victor cruz
13555,Jeff Cumberland,TE,0,,,,,,,,,,,,,,,,,,,jeff cumberland
3699935,Devine Ozigbo,RB,0,,,,,,,,,,,,,,,,,,,devine ozigbo
4240573,Ihmir Smith-Marsette,WR,22,169.98,-0.01,0.02,0.01,,,,,,,,,,,,,,,ihmir smith marsette
4338875,Christian Scotland-Williamson,TE,0,,,,,,,,,,,,,,,,,,,christian scotland williamson
13568,Richard Goodman,WR,24,,,,,,,,,,,,,,,,,,,richard goodman
4240577,Brandon Smith,WR,23,169.99,0.0,0.02,0.01,,,,,,,,,,,,,,,brandon smith
4568263,Ryan Fitzgerald,K,29,169.75,0.03,0.74,0.5,,,,,,,,,,,,27.52,32.468,28.855,ryan fitzgerald
13574,Chris Gronkowski,RB,0,,,,,,,,,,,,,,,,,,,chris gronkowski
13576,Max Hall,QB,0,,,,,,,,,,,,,,,,,,,max hall
4044104,DeVontres Dukes,WR,0,,,,,,,,,,,,,,,,,,,devontres dukes
13587,Chris Ivory,RB,0,,,,,,,,,,,,,,,,,,,chris ivory
13590,Rashawn Jackson,RB,0,,,,,,,,,,,,,,,,,,,rashawn jackson
13594,Stafon Johnson,RB,0,,,,,,,,,,,,,,,,,,,stafon johnson
13597,Donald Jones,WR,0,,,,,,,,,,,,,,,,,,,donald jones
13599,Kevin Jurovich,WR,0,,,,,,,,,,,,,,,,,,,kevin jurovich
13602,Max Komar,WR,0,,,,,,,,,,,,,,,,,,,max komar
4683114,Will Pauling,WR,25,,,,,,,,,,,,,,,,,,,will pauling
13606,Thaddeus Lewis,QB,33,,,,,,,,,,,,,,,,,,,thaddeus lewis
4683111,Jaden Bradley,WR,28,,,,,,,,,,,,,,,,,,,jaden bradley
13607,Garrett Lindholm,K,0,,,,,,,,,,,,,,,,,,,garrett lindholm
13610,Jamie McCoy,TE,0,,,,,,,,,,,,,,,,,,,jamie mccoy
13613,Shawnbrey McNeal,RB,0,,,,,,,,,,,,,,,,,,,shawnbrey mcneal
4240750,Mohamed Ibrahim,RB,0,170.0,0.0,0.01,0.01,,,,,,,,,,,,,,,mohamed ibrahim
4683119,Tyler Moore,TE,0,,,,,,,,,,,,,,,,,,,tyler moore
13615,Lonyae Miller,RB,0,,,,,,,,,,,,,,,,,,,lonyae miller
13616,Marlon Moore,WR,5,,,,,,,,,,,,,,,,,,,marlon moore
13619,Dimitri Nance,RB,0,,,,,,,,,,,,,,,,,,,dimitri nance
4240756,Tanner Morgan,QB,0,,,,,,,,,,,,,,,,,,,tanner morgan
13621,David Nelson,WR,23,,,,,,,,,,,,,,,,,,,david nelson
4683123,John Hurst,WR,0,,,,,,,,,,,,,,,,,,,john hurst
13629,Michael Palmer,TE,23,,,,,,,,,,,,,,,,,,,michael palmer
13632,Aaron Pettrey,K,0,,,,,,,,,,,,,,,,,,,aaron pettrey
13637,Naaman Roosevelt,WR,2,,,,,,,,,,,,,,,,,,,naaman roosevelt
13642,Alfonso Smith,RB,25,,,,,,,,,,,,,,,,,,,alfonso smith
13646,Juamorris Stewart,WR,0,,,,,,,,,,,,,,,,,,,juamorris stewart
4240657,Michael Carter,RB,10,170.01,-0.01,0.13,0.03,,,,,,,,,,,,,,,michael carter
4371733,Kenny Gainwell,RB,27,121.96,-0.26,82.54,5.71,,117.867,522.465,4.609,52.136,342.456,2.049,,,,,,,,kenneth gainwell
13653,Keith Toston,RB,0,,,,,,,,,,,,,,,,,,,keith toston
4240661,Dazz Newsome,WR,0,,,,,,,,,,,,,,,,,,,dazz newsome
3044720,Joshua Dobbs,QB,0,169.98,0.02,0.04,0.01,,,,,,,,,,,,,,,joshua dobbs
13656,Verran Tucker,WR,0,,,,,,,,,,,,,,,,,,,verran tucker
3044716,Marquez North,WR,0,,,,,,,,,,,,,,,,,,,marquez north
4420894,Christian Wade,RB,0,,,,,,,,,,,,,,,,,,,christian wade
13661,Roberto Wallace,WR,0,,,,,,,,,,,,,,,,,,,roberto wallace
13662,Bryan Walters,WR,30,,,,,,,,,,,,,,,,,,,bryan walters
4044148,Dredrick Snelson,WR,30,,,,,,,,,,,,,,,,,,,dredrick snelson
2979206,Devon Johnson,RB,29,,,,,,,,,,,,,,,,,,,devon johnson
13667,Jeremy Williams,WR,0,,,,,,,,,,,,,,,,,,,jeremy williams
4044144,Kenny Yeboah,TE,22,170.0,-0.01,0.01,0.0,,,,,,,,,,,,,,,kenny yeboah
4879650,Grant DuBose,WR,0,169.99,0.0,0.01,0.0,,,,,,,,,,,,,,,grant dubose
3044693,Mark Chapman,WR,7,,,,,,,,,,,,,,,,,,,mark chapman
4240689,Jake Fromm,QB,0,,,,,,,,,,,,,,,,,,,jake fromm
13682,Jarrett Brown,QB,0,,,,,,,,,,,,,,,,,,,jarrett brown
13687,Shay Hodge,WR,0,,,,,,,,,,,,,,,,,,,shay hodge
4683062,Xavier Worthy,WR,12,134.91,-0.57,76.73,2.9,,12.362,75.917,0.593,55.5,787.816,4.587,,,,,,,,xavier worthy
4044123,Branden Mack,WR,7,,,,,,,,,,,,,,,,,,,branden mack
3044711,Corey Willis,WR,22,,,,,,,,,,,,,,,,,,,corey willis
4044121,Isaiah Wright,WR,0,,,,,,,,,,,,,,,,,,,isaiah wright
4240703,Kenny Pickett,QB,29,169.93,0.01,0.18,0.02,,1.315,3.746,0.041,,,,22.556,153.693,0.859,0.471,,,,kenny pickett
13698,Jeron Mastrud,TE,3,,,,,,,,,,,,,,,,,,,jeron mastrud
4044111,Chris Oladokun,QB,12,169.98,0.0,0.03,0.01,,,,,,,,,,,,,,,chris oladokun
13703,Preston Parker,WR,0,,,,,,,,,,,,,,,,,,,preston parker
4879682,Mason Shipley,K,0,,,,,,,,,,,,,,,,,,,mason shipley
13714,Jevan Snead,QB,0,,,,,,,,,,,,,,,,,,,jevan snead
4240858,Hendon Hooker,QB,10,169.98,-0.01,0.04,0.01,,,,,,,,,,,,,,,hendon hooker
4240861,Dalton Keene,TE,0,,,,,,,,,,,,,,,,,,,dalton keene
13726,Logan Paulsen,TE,34,,,,,,,,,,,,,,,,,,,logan paulsen
13727,Keiland Williams,RB,0,,,,,,,,,,,,,,,,,,,keiland williams
4240866,Kalil Pimpleton,WR,0,,,,,,,,,,,,,,,,,,,kalil pimpleton
4683227,Joseph Manjack IV,WR,7,,,,,,,,,,,,,,,,,,,joseph manjack
13739,Matt Clapp,RB,0,,,,,,,,,,,,,,,,,,,matt clapp
13740,Richard Dickson,TE,0,,,,,,,,,,,,,,,,,,,richard dickson
4371953,Stevie Scott,RB,0,,,,,,,,,,,,,,,,,,,stevie scott
4683243,Mitchell Evans,TE,29,169.96,0.0,0.12,0.02,,,,,15.029,144.203,0.947,,,,,,,,mitchell evans
13747,Brandon James,WR,0,,,,,,,,,,,,,,,,,,,brandon james
13748,Javarris James,RB,0,,,,,,,,,,,,,,,,,,,javarris james
4683263,Heinrich Haarberg,TE,0,,,,,,,,,,,,,,,,,,,heinrich haarberg
13759,Michael Moore,WR,0,,,,,,,,,,,,,,,,,,,michael moore
4240895,Jhamon Ausbon,WR,0,,,,,,,,,,,,,,,,,,,jhamon ausbon
13764,Quinn Porter,RB,0,,,,,,,,,,,,,,,,,,,quinn porter
4371974,Seth Williams,WR,0,,,,,,,,,,,,,,,,,,,seth williams
4240904,Kellen Mond,QB,0,,,,,,,,,,,,,,,,,,,kellen mond
13770,Brett Swenson,K,0,,,,,,,,,,,,,,,,,,,brett swenson
3044857,Fred Ross,WR,29,,,,,,,,,,,,,,,,,,,fred ross
4683153,Skyler Bell,WR,2,169.86,0.01,0.85,0.05,,,,,15.064,205.485,1.205,,,,,,,,skyler bell
4240781,Bryant Koback,RB,26,,,,,,,,,,,,,,,,,,,bryant koback
4683151,Deion Burks,WR,11,169.99,0.0,0.09,0.01,,,,,,,,,,,,,,,deion burks
13775,Chastin West,WR,0,,,,,,,,,,,,,,,,,,,chastin west
13776,Blair White,WR,0,,,,,,,,,,,,,,,,,,,blair white
4240787,Austin Allen,TE,0,,,,,,,,,,,,,,,,,,,austin allen
13780,Trent Guy,WR,0,,,,,,,,,,,,,,,,,,,trent guy
4683159,Lewis Bond,WR,34,170.0,0.0,0.04,0.0,,,,,,,,,,,,,,,lewis bond
13785,Nathan Overbay,TE,33,,,,,,,,,,,,,,,,,,,nathan overbay
4683165,Jaden Nixon,RB,9,,,,,,,,,,,,,,,,,,,jaden nixon
4240801,Tyjon Lindsey,WR,0,,,,,,,,,,,,,,,,,,,tyjon lindsey
4257188,Charlie Jones,WR,4,169.96,0.0,0.09,0.01,,,,,,,,,,,,,,,charlie jones
4257189,Kevin Marks Jr.,RB,0,,,,,,,,,,,,,,,,,,,kevin marks
4568490,RJ Harvey,RB,7,127.89,-0.64,81.45,4.34,,106.364,431.178,3.867,48.796,365.77,2.55,,,,,,,,rj harvey
4683174,Drew Biber,TE,9,,,,,,,,,,,,,,,,,,,drew biber
13803,Manase Tonga,RB,0,,,,,,,,,,,,,,,,,,,manase tonga
13805,Chris Brooks,WR,0,,,,,,,,,,,,,,,,,,,chris brooks
13806,Dominique Curry,TE,0,,,,,,,,,,,,,,,,,,,dominique curry
4240819,Kade Warner,WR,0,,,,,,,,,,,,,,,,,,,kade warner
4027873,Samori Toure,WR,21,170.0,0.0,0.02,0.01,,,,,,,,,,,,,,,samori toure
3880416,Chase Harrell,TE,0,,,,,,,,,,,,,,,,,,,chase harrell
4257364,Zavier Scott,RB,16,169.98,0.01,0.08,0.02,,,,,,,,,,,,,,,zavier scott
13846,Damola Adeniji,WR,0,,,,,,,,,,,,,,,,,,,damola adeniji
4568671,Jonathan Kim,K,0,,,,,,,,,,,,,,,,,,,jonathan kim
3929652,Brandon Polk,WR,0,,,,,,,,,,,,,,,,,,,brandon polk
4879972,Lucas Scott,RB,33,,,,,,,,,,,,,,,,,,,lucas scott
4372066,Jake Moody,K,28,169.73,0.02,0.72,0.41,,,,,,,,,,,,27.735,34.448,34.288,jake moody
4372063,Ronnie Bell,WR,18,169.99,0.0,0.02,0.0,,,,,,,,,,,,,,,ronnie bell
3929645,Juwan Johnson,TE,18,163.52,-0.02,23.19,3.83,,,,,63.506,637.002,2.747,,,,,,,,juwan johnson
4372070,Ben VanSumeren,RB,2,169.98,0.0,0.02,0.01,,,,,,,,,,,,,,,ben vansumeren
13863,Steve Maneri,TE,20,,,,,,,,,,,,,,,,,,,steve maneri
4372071,Hassan Haskins,RB,0,170.0,0.0,0.03,0.01,,,,,,,,,,,,,,,hassan haskins
3929637,Dan Chisena,WR,29,169.99,0.0,0.02,0.01,,,,,,,,,,,,,,,dan chisena
4241004,Thomas Hennigan,WR,0,,,,,,,,,,,,,,,,,,,thomas hennigan
4568687,Sincere Brown,WR,24,,,,,,,,,,,,,,,,,,,sincere brown
3929636,Irv Charles,WR,26,170.0,0.0,0.02,0.0,,,,,,,,,,,,,,,irv charles
13872,Andy Tanner,WR,18,,,,,,,,,,,,,,,,,,,andy tanner
3929630,Saquon Barkley,RB,21,17.13,-0.09,99.67,98.04,1734.03079008,300.658,1287.009,8.71,43.124,371.114,2.295,,,,,,,,saquon barkley
4241012,Malik Williams,WR,0,,,,,,,,,,,,,,,,,,,malik williams
3929633,Nick Bowers,TE,0,,,,,,,,,,,,,,,,,,,nick bowers
4372096,Luke Schoonmaker,TE,6,169.91,0.0,0.22,0.04,,,,,11.422,110.213,0.893,,,,,,,,luke schoonmaker
4240911,Jacob Kibodi,RB,0,169.97,0.0,0.03,0.02,,,,,,,,,,,,,,,jacob kibodi
4371986,Anthony Schwartz,WR,0,,,,,,,,,,,,,,,,,,,anthony schwartz
2520698,Cameron Meredith,WR,17,,,,,,,,,,,,,,,,,,,cameron meredith
13916,Harvey Unga,RB,30,,,,,,,,,,,,,,,,,,,harvey unga
4699678,Khalil Dinkins,TE,0,,,,,,,,,,,,,,,,,,,khalil dinkins
13930,Andre' Anderson,RB,0,,,,,,,,,,,,,,,,,,,andre anderson
13934,Antonio Brown,WR,0,,,,,,,,,,,,,,,,,,,antonio brown
13935,Danario Alexander,WR,24,,,,,,,,,,,,,,,,,,,danario alexander
4683308,Tanner Arkin,TE,17,,,,,,,,,,,,,,,,,,,tanner arkin
13938,Josh Vaughan,RB,1,,,,,,,,,,,,,,,,,,,josh vaughan
4372016,Jaylen Waddle,WR,7,59.6,-0.33,94.95,60.31,,2.045,12.139,0.081,76.653,991.179,6.003,,,,,,,,jaylen waddle
13940,James Develin,RB,17,,,,,,,,,,,,,,,,,,,james develin
13941,Rod Windsor,WR,0,,,,,,,,,,,,,,,,,,,rod windsor
4372019,Jerome Ford,RB,28,169.98,0.0,0.2,0.04,,,,,,,,,,,,,,,jerome ford
3929698,Damion Jeanpiere,WR,29,,,,,,,,,,,,,,,,,,,damion jeanpiere
4372026,Cameron Latu,TE,21,170.0,0.0,0.02,0.01,,,,,,,,,,,,,,,cameron latu
13945,Tyler Clutts,RB,6,,,,,,,,,,,,,,,,,,,tyler clutts
13946,Fabrizio Scaccia,K,0,,,,,,,,,,,,,,,,,,,fabrizio scaccia
13949,Chris Carter,WR,0,,,,,,,,,,,,,,,,,,,chris carter
13950,Caz Piurowski,TE,0,,,,,,,,,,,,,,,,,,,caz piurowski
13951,Andy Fantuz,WR,0,,,,,,,,,,,,,,,,,,,andy fantuz
13953,Wes Lyons,WR,0,,,,,,,,,,,,,,,,,,,wes lyons
13954,Emmanuel Arceneaux,WR,0,,,,,,,,,,,,,,,,,,,emmanuel arceneaux
13958,Andrew Hawkins,WR,5,,,,,,,,,,,,,,,,,,,andrew hawkins
4372041,Brian Cobbs,WR,0,,,,,,,,,,,,,,,,,,,brian cobbs
13960,Ryan Perrilloux,QB,0,,,,,,,,,,,,,,,,,,,ryan perrilloux
4372039,Dontay Demus Jr.,WR,0,,,,,,,,,,,,,,,,,,,dontay demus
3913295,Justin Rohrwasser,K,0,,,,,,,,,,,,,,,,,,,justin rohrwasser
13966,Christian Ponder,QB,25,,,,,,,,,,,,,,,,,,,christian ponder
2979507,Tevaun Smith,WR,30,,,,,,,,,,,,,,,,,,,tevaun smith
13969,Jake Locker,QB,10,,,,,,,,,,,,,,,,,,,jake locker
2979501,Nate Sudfeld,QB,0,,,,,,,,,,,,,,,,,,,nate sudfeld
13981,Mark Ingram II,RB,0,,,,,,,,,,,,,,,,,,,mark ingram
2520767,Reggie Bell,WR,18,,,,,,,,,,,,,,,,,,,reggie bell
13982,Julio Jones,WR,0,,,,,,,,,,,,,,,,,,,julio jones
13983,A.J. Green,WR,22,,,,,,,,,,,,,,,,,,,a j green
3929785,Nick Westbrook-Ikhine,WR,11,170.02,0.02,0.4,0.08,,,,,21.645,269.584,1.975,,,,,,,,nick westbrook ikhine
4683485,Sandro Platzgummer,RB,0,,,,,,,,,,,,,,,,,,,sandro platzgummer
13986,Jonathan Baldwin,WR,25,,,,,,,,,,,,,,,,,,,jonathan baldwin
13987,Blaine Gabbert,QB,0,,,,,,,,,,,,,,,,,,,blaine gabbert
2979520,C.J. Beathard,QB,0,,,,,,,,,,,,,,,,,,,c j beathard
13994,Cam Newton,QB,29,,,,,,,,,,,,,,,,,,,cam newton
4044452,Kaden Smith,TE,0,,,,,,,,,,,,,,,,,,,kaden smith
14001,Colin Kaepernick,QB,0,,,,,,,,,,,,,,,,,,,colin kaepernick
2979477,Tevin Coleman,RB,0,,,,,,,,,,,,,,,,,,,tevin coleman
14005,DeMarco Murray,RB,0,,,,,,,,,,,,,,,,,,,demarco murray
14007,Lance Kendricks,TE,0,,,,,,,,,,,,,,,,,,,lance kendricks
14009,Rob Housler,TE,17,,,,,,,,,,,,,,,,,,,rob housler
14012,Andy Dalton,QB,21,169.97,0.02,0.1,0.01,,,,,,,,,,,,,,,andy dalton
4044436,Scooter Harrington,TE,0,,,,,,,,,,,,,,,,,,,scooter harrington
14017,Shane Vereen,RB,0,,,,,,,,,,,,,,,,,,,shane vereen
4044431,KJ Costello,QB,0,,,,,,,,,,,,,,,,,,,kj costello
14021,Leonard Hankerson,WR,2,,,,,,,,,,,,,,,,,,,leonard hankerson
14024,Greg Little,WR,22,,,,,,,,,,,,,,,,,,,greg little
14027,Vincent Brown,WR,18,,,,,,,,,,,,,,,,,,,vincent brown
14028,Stevan Ridley,RB,0,,,,,,,,,,,,,,,,,,,stevan ridley
14032,Torrey Smith,WR,0,,,,,,,,,,,,,,,,,,,torrey smith
14034,Titus Young,WR,0,,,,,,,,,,,,,,,,,,,titus young
14035,Austin Pettis,WR,24,,,,,,,,,,,,,,,,,,,austin pettis
14037,Ryan Mallett,QB,0,,,,,,,,,,,,,,,,,,,ryan mallett
14040,Jerrel Jernigan,WR,19,,,,,,,,,,,,,,,,,,,jerrel jernigan
3929855,Chris Warren,RB,0,,,,,,,,,,,,,,,,,,,chris warren
3045127,Wayne Gallman,RB,0,,,,,,,,,,,,,,,,,,,wayne gallman
4241053,Jonathan Adams,WR,0,,,,,,,,,,,,,,,,,,,jonathan adams
4683423,Riley Leonard,QB,11,169.95,0.01,0.15,0.02,,1.237,5.422,0.078,,,,22.736,158.118,0.828,0.509,,,,riley leonard
2979590,Jesse James,TE,0,,,,,,,,,,,,,,,,,,,jesse james
4699803,John Hoyland,K,0,,,,,,,,,,,,,,,,,,,john hoyland
14051,Ryan Williams,RB,6,,,,,,,,,,,,,,,,,,,ryan williams
14052,Mikel Leshoure,RB,8,,,,,,,,,,,,,,,,,,,mikel leshoure
14053,Randall Cobb,WR,0,,,,,,,,,,,,,,,,,,,randall cobb
14054,Kyle Rudolph,TE,0,,,,,,,,,,,,,,,,,,,kyle rudolph
14055,Alex Green,RB,20,,,,,,,,,,,,,,,,,,,alex green
14056,Daniel Thomas,RB,15,,,,,,,,,,,,,,,,,,,daniel thomas
3045118,Jordan Leggett,TE,0,,,,,,,,,,,,,,,,,,,jordan leggett
14060,DeMarco Sampson,WR,2,,,,,,,,,,,,,,,,,,,demarco sampson
3929828,LJ Scott,RB,5,,,,,,,,,,,,,,,,,,,lj scott
3126997,Tom Kennedy,WR,8,169.98,0.0,0.08,0.02,,,,,,,,,,,,,,,tom kennedy
14065,Baron Batch,RB,0,,,,,,,,,,,,,,,,,,,baron batch
3929831,Darrell Stewart Jr.,WR,0,,,,,,,,,,,,,,,,,,,darrell stewart
14068,Gabe Miller,TE,28,,,,,,,,,,,,,,,,,,,gabe miller
3929824,Brian Lewerke,QB,0,,,,,,,,,,,,,,,,,,,brian lewerke
2979533,Aaron Burbridge,WR,0,,,,,,,,,,,,,,,,,,,aaron burbridge
14077,Delone Carter,RB,30,,,,,,,,,,,,,,,,,,,delone carter
14080,Ricky Stanzi,QB,19,,,,,,,,,,,,,,,,,,,ricky stanzi
3929817,Felton Davis III,WR,0,,,,,,,,,,,,,,,,,,,felton davis
5093062,Tre Stewart,RB,0,,,,,,,,,,,,,,,,,,,tre stewart
14083,Bruce Miller,RB,0,,,,,,,,,,,,,,,,,,,bruce miller
14085,Virgil Green,TE,0,,,,,,,,,,,,,,,,,,,virgil green
2979554,Josiah Price,TE,16,,,,,,,,,,,,,,,,,,,josiah price
14087,Da'Rel Scott,RB,19,,,,,,,,,,,,,,,,,,,da rel scott
14089,Jay Finley,RB,0,,,,,,,,,,,,,,,,,,,jay finley
3929924,Zach Gentry,TE,0,,,,,,,,,,,,,,,,,,,zach gentry
14094,Shaun Chapas,RB,33,,,,,,,,,,,,,,,,,,,shaun chapas
14095,Kris Durham,WR,0,,,,,,,,,,,,,,,,,,,kris durham
3929927,Karan Higdon,RB,0,,,,,,,,,,,,,,,,,,,karan higdon
14099,Luke Stocker,TE,0,,,,,,,,,,,,,,,,,,,luke stocker
3045169,Tim Boyle,QB,0,170.0,0.01,0.02,0.0,,,,,,,,,,,,,,,tim boyle
14100,Dwayne Harris,WR,0,,,,,,,,,,,,,,,,,,,dwayne harris
14101,Greg McElroy,QB,4,,,,,,,,,,,,,,,,,,,greg mcelroy
4241237,Parker White,K,0,,,,,,,,,,,,,,,,,,,parker white
14102,David Ausberry,TE,8,,,,,,,,,,,,,,,,,,,david ausberry
14104,Stanley Havili,RB,26,,,,,,,,,,,,,,,,,,,stanley havili
14105,Evan Royster,RB,1,,,,,,,,,,,,,,,,,,,evan royster
3045163,Scott Orndoff,TE,27,,,,,,,,,,,,,,,,,,,scott orndoff
14106,Greg Salas,WR,2,,,,,,,,,,,,,,,,,,,greg salas
3045164,Jester Weah,WR,0,,,,,,,,,,,,,,,,,,,jester weah
3929914,Adam Prentice,RB,7,170.0,0.0,0.09,0.01,,4.091,17.374,0.132,4.137,29.76,0.147,,,,,,,,adam prentice
4028212,Andre Lindsey,WR,12,,,,,,,,,,,,,,,,,,,andre lindsey
14114,T.J. Yates,QB,0,,,,,,,,,,,,,,,,,,,t j yates
14115,Johnny White,RB,0,,,,,,,,,,,,,,,,,,,johnny white
14120,Nathan Enderle,QB,0,,,,,,,,,,,,,,,,,,,nathan enderle
14121,Daniel Hardy,TE,0,,,,,,,,,,,,,,,,,,,daniel hardy
14123,Alex Henery,K,0,,,,,,,,,,,,,,,,,,,alex henery
3045144,Tyler Boyd,WR,0,170.01,0.01,0.02,0.0,,,,,,,,,,,,,,,tyler boyd
3045141,Chris Blewitt,K,0,,,,,,,,,,,,,,,,,,,chris blewitt
4241263,Charlie Kolar,TE,24,170.0,-0.01,0.07,0.02,,,,,14.668,148.007,1.124,,,,,,,,charlie kolar
14129,Bilal Powell,RB,0,,,,,,,,,,,,,,,,,,,bilal powell
14130,Owen Marecic,RB,25,,,,,,,,,,,,,,,,,,,owen marecic
14131,Ryan Whalen,WR,25,,,,,,,,,,,,,,,,,,,ryan whalen
3045138,Mike Williams,WR,24,170.01,0.01,0.04,0.01,,,,,,,,,,,,,,,mike williams
4880236,Will Kacmarek,TE,15,169.98,-0.01,0.14,0.03,,,,,18.119,174.632,0.755,,,,,,,,will kacmarek
14135,Anthony Sherman,RB,12,,,,,,,,,,,,,,,,,,,anthony sherman
4274040,Troy Hairston,RB,0,170.0,0.0,0.0,0.0,,,,,,,,,,,,,,,troy hairston
4241273,Roger Carter Jr.,TE,0,,,,,,,,,,,,,,,,,,,roger carter
3127051,Devlin Hodges,QB,14,,,,,,,,,,,,,,,,,,,devlin hodges
14142,Ronald Johnson,WR,0,,,,,,,,,,,,,,,,,,,ronald johnson
14145,Charles Clay,TE,0,,,,,,,,,,,,,,,,,,,charles clay
14150,Kealoha Pilares,WR,29,,,,,,,,,,,,,,,,,,,kealoha pilares
14151,Jeremy Kerley,WR,0,,,,,,,,,,,,,,,,,,,jeremy kerley
14153,Denarius Moore,WR,2,,,,,,,,,,,,,,,,,,,denarius moore
3045147,James Conner,RB,22,170.18,0.04,7.5,0.39,,,,,,,,,,,,,,,james conner
4421390,Valentine Holmes,RB,20,,,,,,,,,,,,,,,,,,,valentine holmes
14156,Niles Paul,TE,0,,,,,,,,,,,,,,,,,,,niles paul
14158,D.J. Williams,TE,28,,,,,,,,,,,,,,,,,,,d j williams
14159,Kendall Hunter,RB,18,,,,,,,,,,,,,,,,,,,kendall hunter
3045238,Godwin Igwebuike,RB,0,,,,,,,,,,,,,,,,,,,godwin igwebuike
14161,Scotty McKnight,WR,0,,,,,,,,,,,,,,,,,,,scotty mcknight
14163,Tyrod Taylor,QB,9,169.93,0.02,0.19,0.02,,2.262,12.364,0.07,,,,19.967,136.12,0.856,0.516,,,,tyrod taylor
14164,Aldrick Robinson,WR,0,,,,,,,,,,,,,,,,,,,aldrick robinson
2979695,Connor Jessop,QB,28,,,,,,,,,,,,,,,,,,,connor jessop
14166,Shane Bannon,RB,0,,,,,,,,,,,,,,,,,,,shane bannon
14167,Taiwan Jones,RB,0,,,,,,,,,,,,,,,,,,,taiwan jones
3061612,Jamal Agnew,WR,0,170.01,0.01,0.01,0.01,,,,,,,,,,,,,,,jamal agnew
14184,Cecil Shorts III,WR,27,,,,,,,,,,,,,,,,,,,cecil shorts
14186,Jordan Todman,RB,34,,,,,,,,,,,,,,,,,,,jordan todman
14188,Jamie Harper,RB,0,,,,,,,,,,,,,,,,,,,jamie harper
14189,Jordan Cameron,TE,0,,,,,,,,,,,,,,,,,,,jordan cameron
14190,Tandon Doss,WR,30,,,,,,,,,,,,,,,,,,,tandon doss
14192,Roy Helu Jr.,RB,13,,,,,,,,,,,,,,,,,,,roy helu
14193,Jacquizz Rodgers,RB,0,,,,,,,,,,,,,,,,,,,jacquizz rodgers
3045201,Henry Poggi,RB,17,,,,,,,,,,,,,,,,,,,henry poggi
3045199,De'Veon Smith,RB,0,,,,,,,,,,,,,,,,,,,de veon smith
4241205,Larry Rountree III,RB,0,,,,,,,,,,,,,,,,,,,larry rountree
14198,Dion Lewis,RB,0,,,,,,,,,,,,,,,,,,,dion lewis
4683571,Eni Falayi,TE,9,,,,,,,,,,,,,,,,,,,eni falayi
3045225,Jake Butt,TE,0,,,,,,,,,,,,,,,,,,,jake butt
14204,Julius Thomas,TE,0,,,,,,,,,,,,,,,,,,,julius thomas
4880198,Will Ferrin,K,0,,,,,,,,,,,,,,,,,,,will ferrin
3045222,Khalid Hill,RB,26,,,,,,,,,,,,,,,,,,,khalid hill
14209,Clyde Gates,WR,6,,,,,,,,,,,,,,,,,,,clyde gates
14210,Stephen Burton,WR,30,,,,,,,,,,,,,,,,,,,stephen burton
14211,Richard Gordon,TE,7,,,,,,,,,,,,,,,,,,,richard gordon
4421446,Craig Reynolds,RB,0,169.98,0.01,0.01,0.01,,,,,,,,,,,,,,,craig reynolds
14212,Anthony Allen,RB,33,,,,,,,,,,,,,,,,,,,anthony allen
14213,Ryan Taylor,TE,12,,,,,,,,,,,,,,,,,,,ryan taylor
14215,Lee Smith,TE,0,,,,,,,,,,,,,,,,,,,lee smith
4241224,Abram Smith,RB,0,,,,,,,,,,,,,,,,,,,abram smith
14217,Kyle Adams,TE,27,,,,,,,,,,,,,,,,,,,kyle adams
14221,Doug Baldwin,WR,0,,,,,,,,,,,,,,,,,,,doug baldwin
14223,Armon Binns,WR,12,,,,,,,,,,,,,,,,,,,armon binns
14224,Dorson Boyce,RB,0,,,,,,,,,,,,,,,,,,,dorson boyce
3127211,Patrick Laird,RB,0,,,,,,,,,,,,,,,,,,,patrick laird
14235,John Clay,RB,0,,,,,,,,,,,,,,,,,,,john clay
4241371,Kennedy Brooks,RB,0,,,,,,,,,,,,,,,,,,,kennedy brooks
4241372,Hollywood Brown,WR,21,169.96,0.01,0.75,0.1,,,,,18.605,233.137,1.519,,,,,,,,marquise brown
14237,Graig Cooper,RB,0,,,,,,,,,,,,,,,,,,,graig cooper
3930035,Nakia Griffin-Stewart,TE,0,,,,,,,,,,,,,,,,,,,nakia griffin stewart
4241374,Grant Calcaterra,TE,21,169.96,0.01,0.07,0.02,,,,,,,,,,,,,,,grant calcaterra
14240,Pat Devlin,QB,5,,,,,,,,,,,,,,,,,,,pat devlin
4700138,Sam Scott,RB,20,,,,,,,,,,,,,,,,,,,sam scott
4241380,Jeremiah Hall,RB,0,,,,,,,,,,,,,,,,,,,jeremiah hall
14246,Tommy Gallarda,TE,0,,,,,,,,,,,,,,,,,,,tommy gallarda
4241387,Ryan Jones,TE,0,,,,,,,,,,,,,,,,,,,ryan jones
4241389,CeeDee Lamb,WR,6,10.62,-0.03,99.8,99.02,294.34746089,2.211,12.585,0.105,103.895,1379.005,8.556,,,,,,,,ceedee lamb
14255,DuJuan Harris,RB,30,,,,,,,,,,,,,,,,,,,dujuan harris
4241397,Charleston Rambo,WR,0,,,,,,,,,,,,,,,,,,,charleston rambo
3045264,Troy Fumagalli,TE,0,,,,,,,,,,,,,,,,,,,troy fumagalli
4700149,Rashad Rochelle,WR,26,,,,,,,,,,,,,,,,,,,rashad rochelle
4241401,Trey Sermon,RB,0,170.01,0.0,0.01,0.0,,,,,,,,,,,,,,,trey sermon
14266,Robert Hughes,RB,5,,,,,,,,,,,,,,,,,,,robert hughes
3045260,Corey Clement,RB,0,,,,,,,,,,,,,,,,,,,corey clement
4241403,Marcelias Sutton,RB,26,,,,,,,,,,,,,,,,,,,marcelias sutton
5158921,Kansei Matsuzawa,K,13,,,,,,,,,,,,,,,,,,,kansei matsuzawa
14269,Dontrelle Inman,WR,0,,,,,,,,,,,,,,,,,,,dontrelle inman
4241407,Braydon Johnson,WR,0,,,,,,,,,,,,,,,,,,,braydon johnson
4241410,Jelani Woods,TE,20,169.99,0.0,0.03,0.01,,,,,,,,,,,,,,,jelani woods
14275,Jerrod Johnson,QB,6,,,,,,,,,,,,,,,,,,,jerrod johnson
4372485,Rondale Moore,WR,16,,,,,,,,,,,,,,,,,,,rondale moore
14280,Ricardo Lockette,WR,26,,,,,,,,,,,,,,,,,,,ricardo lockette
4241416,Chuba Hubbard,RB,29,113.65,-0.62,86.45,18.31,,193.037,775.545,4.225,41.146,304.045,1.497,,,,,,,,chuba hubbard
14284,Ryan Mahaffey,RB,0,,,,,,,,,,,,,,,,,,,ryan mahaffey
14285,Chris Matthews,WR,0,,,,,,,,,,,,,,,,,,,chris matthews
4880281,Jordyn Tyson,WR,18,98.22,-0.33,85.55,8.16,,,,,67.517,917.61,5.007,,,,,,,,jordyn tyson
14289,Kyle Miller,TE,24,,,,,,,,,,,,,,,,,,,kyle miller
14294,Richard Murphy,RB,0,,,,,,,,,,,,,,,,,,,richard murphy
2979825,Tion Green,RB,0,,,,,,,,,,,,,,,,,,,tion green
14295,Jamar Newsome,WR,6,,,,,,,,,,,,,,,,,,,jamar newsome
5289897,Mitch Van Vooren,TE,17,,,,,,,,,,,,,,,,,,,mitch van vooren
14299,Josh Portis,QB,0,,,,,,,,,,,,,,,,,,,josh portis
3127306,Dante Pettis,WR,2,170.01,0.01,0.01,0.0,,,,,,,,,,,,,,,dante pettis
4585376,Shemar Bridges,WR,0,,,,,,,,,,,,,,,,,,,shemar bridges
14304,Dane Sanzenbacher,WR,4,,,,,,,,,,,,,,,,,,,dane sanzenbacher
2979843,Kenyan Drake,RB,0,,,,,,,,,,,,,,,,,,,kenyan drake
3045379,Kermit Whitfield,WR,0,,,,,,,,,,,,,,,,,,,kermit whitfield
14306,Weslye Saunders,TE,11,,,,,,,,,,,,,,,,,,,weslye saunders
3045380,Bobo Wilson,WR,27,,,,,,,,,,,,,,,,,,,bobo wilson
14308,Andre Phillip Smith,TE,5,,,,,,,,,,,,,,,,,,,andre phillip smith
3045375,Freddie Stevenson,RB,0,,,,,,,,,,,,,,,,,,,freddie stevenson
4569001,Cameron Ross,WR,7,,,,,,,,,,,,,,,,,,,cameron ross
3930097,Farrod Green,TE,0,,,,,,,,,,,,,,,,,,,farrod green
3127292,Will Dissly,TE,0,170.02,0.0,0.02,0.01,,,,,,,,,,,,,,,will dissly
3930086,Dawson Knox,TE,2,169.78,-0.01,0.88,0.21,,,,,24.949,265.082,2.771,,,,,,,,dawson knox
14318,Jimmy Young,WR,0,,,,,,,,,,,,,,,,,,,jimmy young
14319,Kris Adams,WR,19,,,,,,,,,,,,,,,,,,,kris adams
14322,Dan Bailey,K,0,,,,,,,,,,,,,,,,,,,dan bailey
14323,Josh Baker,TE,20,,,,,,,,,,,,,,,,,,,josh baker
14332,Patrick DiMarco,RB,0,,,,,,,,,,,,,,,,,,,patrick dimarco
4372414,Elijah Moore,WR,21,169.97,0.0,0.07,0.01,,,,,,,,,,,,,,,elijah moore
14337,Vidal Hazelton,WR,20,,,,,,,,,,,,,,,,,,,vidal hazelton
3930066,Van Jefferson,WR,28,169.98,0.01,0.18,0.04,,,,,,,,,,,,,,,van jefferson
3930064,DaMarkus Lodge,WR,0,,,,,,,,,,,,,,,,,,,damarkus lodge
4372561,Isaac Guerendo,RB,25,170.14,-0.04,0.29,0.02,,,,,,,,,,,,,,,isaac guerendo
14353,Scott Tolzien,QB,0,,,,,,,,,,,,,,,,,,,scott tolzien
14354,Trevor Vittatoe,QB,0,,,,,,,,,,,,,,,,,,,trevor vittatoe
14358,Armando Allen,RB,0,,,,,,,,,,,,,,,,,,,armando allen
14360,Matt Asiata,RB,8,,,,,,,,,,,,,,,,,,,matt asiata
4814930,Hank Beatty,WR,10,,,,,,,,,,,,,,,,,,,hank beatty
4569173,Rhamondre Stevenson,RB,17,112.3,-0.29,83.88,7.34,,169.471,721.703,6.586,38.292,313.386,1.859,,,,,,,,rhamondre stevenson
14366,Dontavia Bogan,WR,0,,,,,,,,,,,,,,,,,,,dontavia bogan
2521161,Zach Zenner,RB,15,,,,,,,,,,,,,,,,,,,zach zenner
5011554,Kyle Dixon,WR,17,,,,,,,,,,,,,,,,,,,kyle dixon
14376,Mark Dell,WR,0,,,,,,,,,,,,,,,,,,,mark dell
14382,Mario Fannin,RB,0,,,,,,,,,,,,,,,,,,,mario fannin
3127313,Tristan Vizcaino,K,0,,,,,,,,,,,,,,,,,,,tristan vizcaino
4339828,Tim Wilson,WR,21,,,,,,,,,,,,,,,,,,,tim wilson
3127310,Drew Sample,TE,4,169.96,-0.01,0.12,0.03,,,,,17.277,146.267,1.154,,,,,,,,drew sample
4339834,Christopher Ezeala,RB,33,,,,,,,,,,,,,,,,,,,christopher ezeala
14393,D'Andre Goodwin,WR,0,,,,,,,,,,,,,,,,,,,d andre goodwin
14397,Jamel Hamler,WR,0,,,,,,,,,,,,,,,,,,,jamel hamler
3127335,Ryan Nall,RB,0,,,,,,,,,,,,,,,,,,,ryan nall
14400,Michael Higgins,TE,16,,,,,,,,,,,,,,,,,,,michael higgins
4585598,Colin Granger,TE,0,,,,,,,,,,,,,,,,,,,colin granger
14402,Chris Hogan,WR,18,,,,,,,,,,,,,,,,,,,chris hogan
14403,Andre Holmes,WR,7,,,,,,,,,,,,,,,,,,,andre holmes
4241424,Tylan Wallace,WR,5,169.99,0.0,0.03,0.01,,,,,,,,,,,,,,,tylan wallace
14419,Mossis Madu,RB,0,,,,,,,,,,,,,,,,,,,mossis madu
4372505,Payne Durham,TE,27,169.98,-0.01,0.06,0.02,,,,,7.238,70.648,0.632,,,,,,,,payne durham
14424,Joe Morgan,WR,33,,,,,,,,,,,,,,,,,,,joe morgan
14426,Kyle Nelson,TE,0,,,,,,,,,,,,,,,,,,,kyle nelson
14432,William Powell,RB,8,,,,,,,,,,,,,,,,,,,william powell
14433,Allen Reisner,TE,33,,,,,,,,,,,,,,,,,,,allen reisner
14434,Konrad Reuland,TE,11,,,,,,,,,,,,,,,,,,,konrad reuland
4372519,Jashaun Corbin,RB,0,,,,,,,,,,,,,,,,,,,jashaun corbin
3045466,Bucky Hodges,TE,20,,,,,,,,,,,,,,,,,,,bucky hodges
4372526,Deneric Prince,RB,0,169.99,0.0,0.01,0.0,,,,,,,,,,,,,,,deneric prince
2586703,Tevin Jones,WR,0,,,,,,,,,,,,,,,,,,,tevin jones
14449,Austin Sylvester,RB,0,,,,,,,,,,,,,,,,,,,austin sylvester
2586700,Alan Cross,TE,0,,,,,,,,,,,,,,,,,,,alan cross
4241457,Najee Harris,RB,0,169.97,0.0,0.3,0.04,,,,,,,,,,,,,,,najee harris
3913822,Case Cookus,QB,0,,,,,,,,,,,,,,,,,,,case cookus
3127376,Charles Scarff,TE,0,,,,,,,,,,,,,,,,,,,charles scarff
14455,Raymond Webber,WR,15,,,,,,,,,,,,,,,,,,,raymond webber
3127374,Robert Martin,RB,17,,,,,,,,,,,,,,,,,,,robert martin
4241463,Jerry Jeudy,WR,5,161.36,-0.01,26.88,0.74,,,,,51.366,708.584,2.711,,,,,,,,jerry jeudy
4241464,Mac Jones,QB,25,169.94,-0.01,0.42,0.04,,0.947,2.223,0.013,,,,22.362,145.7,0.945,0.564,,,,mac jones
14462,Jonathan Williams,RB,0,,,,,,,,,,,,,,,,,,,jonathan williams
4241474,Brian Robinson Jr.,RB,1,167.12,0.15,12.48,0.94,,134.648,561.185,3.688,8.733,59.086,0.29,,,,,,,,brian robinson
4241475,Henry Ruggs III,WR,0,,,,,,,,,,,,,,,,,,,henry ruggs
4241476,Tyrell Shavers,WR,2,169.95,0.01,0.1,0.01,,,,,4.027,52.165,0.296,,,,,,,,tyrell shavers
3045472,Sam Rogers,RB,0,,,,,,,,,,,,,,,,,,,sam rogers
4241478,DeVonta Smith,WR,21,39.09,-0.23,98.68,87.69,,,,,90.354,1129.444,6.016,,,,,,,,devonta smith
3700815,Kendall Hinton,WR,0,,,,,,,,,,,,,,,,,,,kendall hinton
4241479,Tua Tagovailoa,QB,1,170.11,0.09,2.06,0.26,,15.885,43.934,0.262,,,,301.743,2170.859,10.422,7.95,,,,tua tagovailoa
4569156,Michael Wiley,RB,0,169.98,0.0,0.02,0.01,,,,,,,,,,,,,,,michael wiley
14473,Michael Campbell,WR,20,,,,,,,,,,,,,,,,,,,michael campbell
14478,Drew Davis,WR,1,,,,,,,,,,,,,,,,,,,drew davis
14480,Collin Franklin,TE,0,,,,,,,,,,,,,,,,,,,collin franklin
14485,Chris Koepplin,K,0,,,,,,,,,,,,,,,,,,,chris koepplin
4290778,Luis Perez,QB,0,,,,,,,,,,,,,,,,,,,luis perez
3930298,Noah Togiai,TE,0,,,,,,,,,,,,,,,,,,,noah togiai
14500,Jeremy Ross,WR,22,,,,,,,,,,,,,,,,,,,jeremy ross
3045565,Jamaal Jones,WR,29,,,,,,,,,,,,,,,,,,,jamaal jones
4569330,Austin Jones,RB,0,,,,,,,,,,,,,,,,,,,austin jones
4372716,Nikko Remigio,WR,12,169.98,0.01,0.08,0.02,,,,,,,,,,,,,,,nikko remigio
3045523,Kendrick Bourne,WR,22,169.97,0.02,0.22,0.06,,,,,22.769,239.373,0.669,,,,,,,,kendrick bourne
14518,Shaun Draughn,RB,19,,,,,,,,,,,,,,,,,,,shaun draughn
2979985,Zach Conque,TE,11,,,,,,,,,,,,,,,,,,,zach conque
14520,Damien Berry,RB,0,,,,,,,,,,,,,,,,,,,damien berry
3930272,Tim Cook,RB,30,,,,,,,,,,,,,,,,,,,tim cook
4372741,McCallan Castles,TE,9,,,,,,,,,,,,,,,,,,,mccallan castles
4880638,Kye Robichaux,RB,8,,,,,,,,,,,,,,,,,,,kye robichaux
14535,Vai Taua,RB,0,,,,,,,,,,,,,,,,,,,vai taua
4241671,Jeremiah Haydel,WR,0,,,,,,,,,,,,,,,,,,,jeremiah haydel
14537,LaQuan Williams,WR,33,,,,,,,,,,,,,,,,,,,laquan williams
4569234,Keshunn Abram,WR,0,,,,,,,,,,,,,,,,,,,keshunn abram
14542,Brett Brackett,TE,10,,,,,,,,,,,,,,,,,,,brett brackett
4045062,Rysen John,TE,0,,,,,,,,,,,,,,,,,,,rysen john
4241555,Elijah Mitchell,RB,21,169.99,0.0,0.05,0.01,,,,,,,,,,,,,,,elijah mitchell
4241556,Levi Lewis,QB,26,,,,,,,,,,,,,,,,,,,levi lewis
4569239,Trevon Clark,WR,0,,,,,,,,,,,,,,,,,,,trevon clark
2980077,Jonathan Williams,RB,0,,,,,,,,,,,,,,,,,,,jonathan williams
2980105,Matt Jones,RB,0,,,,,,,,,,,,,,,,,,,matt jones
14561,Kerry Taylor,WR,6,,,,,,,,,,,,,,,,,,,kerry taylor
14565,Jake Rogers,K,15,,,,,,,,,,,,,,,,,,,jake rogers
14567,Zack Pianalto,TE,0,,,,,,,,,,,,,,,,,,,zack pianalto
14570,Lestar Jean,WR,34,,,,,,,,,,,,,,,,,,,lestar jean
14571,Terrence Toliver,WR,3,,,,,,,,,,,,,,,,,,,terrence toliver
4241588,Elijah Cooks,WR,29,170.0,0.0,0.01,0.0,,,,,,,,,,,,,,,elijah cooks
14583,Kamar Aiken,WR,0,,,,,,,,,,,,,,,,,,,kamar aiken
14587,Brandon Saine,RB,0,,,,,,,,,,,,,,,,,,,brandon saine
14590,Jeff Maehl,WR,21,,,,,,,,,,,,,,,,,,,jeff maehl
2980073,Jeremy Sprinkle,TE,0,,,,,,,,,,,,,,,,,,,jeremy sprinkle
2980068,Mekale McKay,WR,6,,,,,,,,,,,,,,,,,,,mekale mckay
14594,McLeod Bethel-Thompson,QB,21,,,,,,,,,,,,,,,,,,,mcleod bethel thompson
14600,Shaky Smithson,WR,0,,,,,,,,,,,,,,,,,,,shaky smithson
14601,Tori Gurley,WR,2,,,,,,,,,,,,,,,,,,,tori gurley
2980061,Keon Hatcher,WR,0,,,,,,,,,,,,,,,,,,,keon hatcher
4028745,Braxton Westfield,WR,0,,,,,,,,,,,,,,,,,,,braxton westfield
2980148,C.J. Prosise,RB,0,,,,,,,,,,,,,,,,,,,c j prosise
14608,Henry Hynoski,RB,19,,,,,,,,,,,,,,,,,,,henry hynoski
14610,Michael Preston,WR,15,,,,,,,,,,,,,,,,,,,michael preston
14625,Phillip Tanner,RB,25,,,,,,,,,,,,,,,,,,,phillip tanner
14631,Ben Guidugli,RB,0,,,,,,,,,,,,,,,,,,,ben guidugli
2980120,Colin Thompson,TE,0,,,,,,,,,,,,,,,,,,,colin thompson
14637,Mike McNeill,TE,29,,,,,,,,,,,,,,,,,,,mike mcneill
4569452,Winston Wright,WR,0,,,,,,,,,,,,,,,,,,,winston wright
5208436,Louis Rees-Zammit,RB,0,169.99,0.0,0.02,0.01,,,,,,,,,,,,,,,louis rees zammit
4258170,Tarik Black,WR,8,,,,,,,,,,,,,,,,,,,tarik black
4635009,J. Michael Sturdivant,WR,9,,,,,,,,,,,,,,,,,,,j michael sturdivant
4258173,Nico Collins,WR,34,27.78,-0.09,99.4,94.43,249.97627129,2.102,11.799,0.082,86.435,1210.591,6.719,,,,,,,,nico collins
4635008,Keon Coleman,WR,2,170.17,-0.03,2.06,0.23,,,,,19.403,265.974,2.249,,,,,,,,keon coleman
3127588,Sean Modster,WR,0,,,,,,,,,,,,,,,,,,,sean modster
14658,Colin Cochart,TE,0,,,,,,,,,,,,,,,,,,,colin cochart
3127586,Jeremy McNichols,RB,28,170.01,0.0,0.09,0.02,,,,,,,,,,,,,,,jeremy mcnichols
4258180,Joel Honigford,TE,0,,,,,,,,,,,,,,,,,,,joel honigford
4241802,Jalen Reagor,WR,15,169.98,0.0,0.02,0.01,,,,,,,,,,,,,,,jalen reagor
14669,Eddie Wide,RB,0,,,,,,,,,,,,,,,,,,,eddie wide
14670,Thomas Weber,K,0,,,,,,,,,,,,,,,,,,,thomas weber
14674,Landon Cox,WR,0,,,,,,,,,,,,,,,,,,,landon cox
4372758,Kevin Austin Jr.,WR,18,170.0,0.0,0.02,0.01,,,,,,,,,,,,,,,kevin austin
14681,David Gilreath,WR,26,,,,,,,,,,,,,,,,,,,david gilreath
14685,Darren Evans,RB,0,,,,,,,,,,,,,,,,,,,darren evans
4372769,Lawrence Keys III,WR,0,,,,,,,,,,,,,,,,,,,lawrence keys
4569372,Dalevon Campbell,WR,24,170.0,0.0,0.01,0.0,,,,,,,,,,,,,,,dalevon campbell
14688,Marcus Harris,WR,19,,,,,,,,,,,,,,,,,,,marcus harris
4569371,Isaiah Williams,WR,20,169.97,0.0,0.12,0.02,,2.172,12.698,0.105,3.77,35.822,0.135,,,,,,,,isaiah williams
3045763,Teo Redding,WR,9,,,,,,,,,,,,,,,,,,,teo redding
3144062,Khari Lee,TE,0,,,,,,,,,,,,,,,,,,,khari lee
4045163,Miles Sanders,RB,0,169.99,0.0,0.04,0.01,,,,,,,,,,,,,,,miles sanders
4569382,Jordan Whittington,WR,14,169.88,0.01,0.25,0.07,,2.274,12.094,0.117,15.029,171.943,1.223,,,,,,,,jordan whittington
4569391,Travis Koontz,TE,0,,,,,,,,,,,,,,,,,,,travis koontz
4372780,Tommy Tremble,TE,29,169.93,0.0,0.26,0.08,,,,,25.747,252.02,1.913,,,,,,,,tommy tremble
4569393,Xavier White,WR,0,,,,,,,,,,,,,,,,,,,xavier white
4569390,Jonathan Garibay,K,0,,,,,,,,,,,,,,,,,,,jonathan garibay
4241723,Damion Willis,WR,0,,,,,,,,,,,,,,,,,,,damion willis
2980197,Darius Jackson,RB,0,,,,,,,,,,,,,,,,,,,darius jackson
14724,John Griffin,RB,20,,,,,,,,,,,,,,,,,,,john griffin
14727,Raymond Radway,WR,0,,,,,,,,,,,,,,,,,,,raymond radway
4569547,Nick Kallerup,TE,26,170.0,0.0,0.01,0.0,,,,,,,,,,,,,,,nick kallerup
4569559,Devaughn Vele,WR,18,171.16,0.12,1.3,0.1,,,,,25.153,257.666,1.678,,,,,,,,devaughn vele
14741,Jeff Wolfert,K,0,,,,,,,,,,,,,,,,,,,jeff wolfert
-16001,Falcons D/ST,DEF,1,170.54,-0.01,1.91,1.23,,,,,,,,,,,,,,,falcons d st
-16002,Bills D/ST,DEF,2,169.05,0.06,4.65,2.71,,,,,,,,,,,,,,,bills d st
-16003,Bears D/ST,DEF,3,169.42,0.1,8.56,6.18,,,,,,,,,,,,,,,bears d st
-16004,Bengals D/ST,DEF,4,169.44,0.06,2.74,1.57,,,,,,,,,,,,,,,bengals d st
-16005,Browns D/ST,DEF,5,152.14,0.13,60.79,52.05,881.9240796,,,,,,,,,,,,,,browns d st
-16006,Cowboys D/ST,DEF,6,167.08,0.16,8.82,4.76,,,,,,,,,,,,,,,cowboys d st
-16007,Broncos D/ST,DEF,7,89.0,0.47,98.54,83.48,984.82916777,,,,,,,,,,,,,,broncos d st
-16008,Lions D/ST,DEF,8,151.42,0.21,61.07,50.9,878.99822373,,,,,,,,,,,,,,lions d st
-16009,Packers D/ST,DEF,9,167.76,0.19,13.0,9.06,,,,,,,,,,,,,,,packers d st
-16010,Titans D/ST,DEF,10,169.87,0.04,4.67,3.88,,,,,,,,,,,,,,,titans d st
-16011,Colts D/ST,DEF,11,170.0,0.16,3.72,2.31,,,,,,,,,,,,,,,colts d st
14752,Adi Kunalic,K,0,,,,,,,,,,,,,,,,,,,adi kunalic
4241888,Reggie Roberson Jr.,WR,0,,,,,,,,,,,,,,,,,,,reggie roberson
-16012,Chiefs D/ST,DEF,12,161.95,0.16,32.2,25.85,,,,,,,,,,,,,,,chiefs d st
-16013,Raiders D/ST,DEF,13,169.57,0.05,2.0,1.31,,,,,,,,,,,,,,,raiders d st
-16014,Rams D/ST,DEF,14,97.49,0.79,93.74,79.68,903.88748024,,,,,,,,,,,,,,rams d st
3914158,Kahlil Lewis,WR,26,,,,,,,,,,,,,,,,,,,kahlil lewis
-16015,Dolphins D/ST,DEF,15,169.48,0.01,0.85,0.56,,,,,,,,,,,,,,,dolphins d st
-16016,Vikings D/ST,DEF,16,168.95,0.03,31.31,25.91,,,,,,,,,,,,,,,vikings d st
-16017,Patriots D/ST,DEF,17,147.53,0.03,80.87,66.07,992.75550114,,,,,,,,,,,,,,patriots d st
-16018,Saints D/ST,DEF,18,170.0,0.06,5.38,4.28,,,,,,,,,,,,,,,saints d st
14759,Darvin Adams,WR,0,,,,,,,,,,,,,,,,,,,darvin adams
-16019,Giants D/ST,DEF,19,169.1,0.07,3.52,2.0,,,,,,,,,,,,,,,giants d st
-16020,Jets D/ST,DEF,20,169.93,-0.04,1.43,0.97,,,,,,,,,,,,,,,jets d st
14761,Armond Smith,RB,29,,,,,,,,,,,,,,,,,,,armond smith
-16021,Eagles D/ST,DEF,21,134.27,0.13,85.95,74.0,970.37309641,,,,,,,,,,,,,,eagles d st
-16022,Cardinals D/ST,DEF,22,169.74,0.02,0.52,0.32,,,,,,,,,,,,,,,cardinals d st
-16023,Steelers D/ST,DEF,23,117.3,0.17,93.32,84.44,907.76318051,,,,,,,,,,,,,,steelers d st
-16024,Chargers D/ST,DEF,24,162.4,-0.02,45.08,39.07,,,,,,,,,,,,,,,chargers d st
-16025,49ers D/ST,DEF,25,168.43,0.01,7.81,4.22,,,,,,,,,,,,,,,49ers d st
-16026,Seahawks D/ST,DEF,26,107.77,0.17,97.71,86.68,979.86601628,,,,,,,,,,,,,,seahawks d st
-16027,Buccaneers D/ST,DEF,27,169.34,0.07,8.4,5.81,,,,,,,,,,,,,,,buccaneers d st
-16028,Commanders D/ST,DEF,28,169.52,0.07,1.32,0.81,,,,,,,,,,,,,,,commanders d st
-16029,Panthers D/ST,DEF,29,169.66,0.04,1.97,1.12,,,,,,,,,,,,,,,panthers d st
3914151,Josiah Deguara,TE,25,170.0,0.0,0.01,0.0,,,,,,,,,,,,,,,josiah deguara
-16030,Jaguars D/ST,DEF,30,166.07,-0.11,57.98,51.84,,,,,,,,,,,,,,,jaguars d st
-16033,Ravens D/ST,DEF,33,132.57,0.32,86.54,74.21,955.3047681,,,,,,,,,,,,,,ravens d st
-16034,Texans D/ST,DEF,34,92.33,0.27,98.74,82.54,924.07161677,,,,,,,,,,,,,,texans d st
4569587,Wan'Dale Robinson,WR,10,116.35,-0.29,83.06,5.01,,4.053,22.421,0.149,78.851,817.403,1.909,,,,,,,,wan dale robinson
2980238,Alonzo Russell,WR,0,,,,,,,,,,,,,,,,,,,alonzo russell
14778,Derrick Jones,WR,0,,,,,,,,,,,,,,,,,,,derrick jones
14782,James McCluskey,RB,0,,,,,,,,,,,,,,,,,,,james mccluskey
4569609,Evan Hull,RB,22,169.99,0.0,0.02,0.01,,,,,,,,,,,,,,,evan hull
4569603,Malik Washington,WR,15,170.15,-0.03,3.67,0.4,,12.883,77.465,0.434,41.025,432.058,1.569,,,,,,,,malik washington
4258189,Oliver Martin,WR,0,,,,,,,,,,,,,,,,,,,oliver martin
4258190,Ben Mason,RB,0,,,,,,,,,,,,,,,,,,,ben mason
4258195,Donovan Peoples-Jones,WR,0,,,,,,,,,,,,,,,,,,,donovan peoples jones
3914240,Tyler Davis,TE,0,,,,,,,,,,,,,,,,,,,tyler davis
4241820,Sam Ehlinger,QB,7,169.99,0.0,0.02,0.01,,,,,,,,,,,,,,,sam ehlinger
4045305,Ian Thomas,TE,13,169.99,0.0,0.04,0.01,,,,,3.789,35.902,0.151,,,,,,,,ian thomas
4241822,Chris Naggar,K,0,,,,,,,,,,,,,,,,,,,chris naggar
14816,Kai Forbath,K,0,,,,,,,,,,,,,,,,,,,kai forbath
14818,Kevin Cone,WR,15,,,,,,,,,,,,,,,,,,,kevin cone
3078660,Joe Callahan,QB,0,,,,,,,,,,,,,,,,,,,joe callahan
14820,Chase Reynolds,RB,14,,,,,,,,,,,,,,,,,,,chase reynolds
4045291,Taysir Mack,WR,0,,,,,,,,,,,,,,,,,,,taysir mack
4569507,Cade McDonald,WR,0,,,,,,,,,,,,,,,,,,,cade mcdonald
4569510,John Jackson,WR,0,,,,,,,,,,,,,,,,,,,john jackson
4258235,Whop Philyor,WR,0,,,,,,,,,,,,,,,,,,,whop philyor
4569535,Jacob Clark,QB,13,,,,,,,,,,,,,,,,,,,jacob clark
4258238,Ty Fryfogle,WR,0,,,,,,,,,,,,,,,,,,,ty fryfogle
5208518,Charlie Smyth,K,18,170.06,0.0,1.74,1.34,,,,,,,,,,,,30.636,36.04,31.534,charlie smyth
14851,Terrelle Pryor Sr.,WR,0,,,,,,,,,,,,,,,,,,,terrelle pryor
14852,Caleb King,RB,0,,,,,,,,,,,,,,,,,,,caleb king
4258248,Peyton Hendershot,TE,0,170.0,0.0,0.01,0.0,,,,,,,,,,,,,,,peyton hendershot
4569682,Audric Estime,RB,18,169.99,0.0,0.1,0.01,,,,,,,,,,,,,,,audric estime
3914307,Maurice Alexander,WR,3,170.0,0.0,0.02,0.0,,,,,,,,,,,,,,,maurice alexander
4373077,Malik Knowles,WR,0,,,,,,,,,,,,,,,,,,,malik knowles
14870,Will Johnson,RB,19,,,,,,,,,,,,,,,,,,,will johnson
4242006,Blake Haubeil,K,0,,,,,,,,,,,,,,,,,,,blake haubeil
14871,Hayden Smith,TE,0,,,,,,,,,,,,,,,,,,,hayden smith
14872,Andre Hardy,TE,22,,,,,,,,,,,,,,,,,,,andre hardy
3914305,Anthony Jones,RB,0,,,,,,,,,,,,,,,,,,,anthony jones
14873,Les Brown,TE,0,,,,,,,,,,,,,,,,,,,les brown
14874,Andrew Luck,QB,0,,,,,,,,,,,,,,,,,,,andrew luck
14875,Robert Griffin III,QB,0,,,,,,,,,,,,,,,,,,,robert griffin
14876,Ryan Tannehill,QB,0,,,,,,,,,,,,,,,,,,,ryan tannehill
5061223,Kehinde Oginni Hassan,TE,0,,,,,,,,,,,,,,,,,,,kehinde oginni hassan
14877,Nick Foles,QB,0,,,,,,,,,,,,,,,,,,,nick foles
14878,Brandon Weeden,QB,0,,,,,,,,,,,,,,,,,,,brandon weeden
14879,Brock Osweiler,QB,0,,,,,,,,,,,,,,,,,,,brock osweiler
14880,Kirk Cousins,QB,13,170.0,0.03,1.73,0.33,,5.723,11.102,0.258,,,,118.08,832.62,4.163,2.667,,,,kirk cousins
14881,Russell Wilson,QB,0,169.97,0.02,0.09,0.02,,,,,,,,,,,,,,,russell wilson
14882,Kellen Moore,QB,6,,,,,,,,,,,,,,,,,,,kellen moore
14883,Ryan Lindley,QB,11,,,,,,,,,,,,,,,,,,,ryan lindley
14884,Trent Richardson,RB,33,,,,,,,,,,,,,,,,,,,trent richardson
14885,Doug Martin,RB,0,,,,,,,,,,,,,,,,,,,doug martin
14886,Lamar Miller,RB,0,,,,,,,,,,,,,,,,,,,lamar miller
14887,David Wilson,RB,19,,,,,,,,,,,,,,,,,,,david wilson
14888,Isaiah Pead,RB,15,,,,,,,,,,,,,,,,,,,isaiah pead
14889,Chris Polk,RB,34,,,,,,,,,,,,,,,,,,,chris polk
14890,LaMike James,RB,15,,,,,,,,,,,,,,,,,,,lamike james
14891,Bernard Pierce,RB,7,,,,,,,,,,,,,,,,,,,bernard pierce
14892,Edwin Baker,RB,18,,,,,,,,,,,,,,,,,,,edwin baker
14893,Tauren Poole,RB,33,,,,,,,,,,,,,,,,,,,tauren poole
2980378,Cody Core,WR,0,,,,,,,,,,,,,,,,,,,cody core
14894,Robert Turbin,RB,0,,,,,,,,,,,,,,,,,,,robert turbin
14895,Ronnie Hillman,RB,6,,,,,,,,,,,,,,,,,,,ronnie hillman
14896,Chris Rainey,RB,22,,,,,,,,,,,,,,,,,,,chris rainey
14897,Cyrus Gray,RB,1,,,,,,,,,,,,,,,,,,,cyrus gray
14898,Vick Ballard,RB,18,,,,,,,,,,,,,,,,,,,vick ballard
14899,Terrance Ganaway,RB,0,,,,,,,,,,,,,,,,,,,terrance ganaway
14900,Coby Fleener,TE,0,,,,,,,,,,,,,,,,,,,coby fleener
14901,Dwayne Allen,TE,0,,,,,,,,,,,,,,,,,,,dwayne allen
14902,Orson Charles,TE,7,,,,,,,,,,,,,,,,,,,orson charles
3914267,Taj McGowan,RB,0,,,,,,,,,,,,,,,,,,,taj mcgowan
14903,Michael Egnew,TE,18,,,,,,,,,,,,,,,,,,,michael egnew
14904,Ladarius Green,TE,23,,,,,,,,,,,,,,,,,,,ladarius green
14905,Adrien Robinson,TE,20,,,,,,,,,,,,,,,,,,,adrien robinson
14906,James Hanna,TE,0,,,,,,,,,,,,,,,,,,,james hanna
14907,Justin Blackmon,WR,30,,,,,,,,,,,,,,,,,,,justin blackmon
14908,Michael Floyd,WR,0,,,,,,,,,,,,,,,,,,,michael floyd
4569727,Louis Hansen,TE,0,,,,,,,,,,,,,,,,,,,louis hansen
14909,Kendall Wright,WR,0,,,,,,,,,,,,,,,,,,,kendall wright
14910,Stephen Hill,WR,29,,,,,,,,,,,,,,,,,,,stephen hill
14911,Rueben Randle,WR,3,,,,,,,,,,,,,,,,,,,rueben randle
14912,Alshon Jeffery,WR,0,,,,,,,,,,,,,,,,,,,alshon jeffery
14914,Brian Quick,WR,0,,,,,,,,,,,,,,,,,,,brian quick
14915,Marvin McNutt,WR,28,,,,,,,,,,,,,,,,,,,marvin mcnutt
14916,Keshawn Martin,WR,8,,,,,,,,,,,,,,,,,,,keshawn martin
14917,Joe Adams,WR,34,,,,,,,,,,,,,,,,,,,joe adams
14918,Jarius Wright,WR,0,,,,,,,,,,,,,,,,,,,jarius wright
14919,Ryan Broyles,WR,8,,,,,,,,,,,,,,,,,,,ryan broyles
4012556,C.J. Ham,RB,16,169.99,0.01,0.04,0.01,,,,,,,,,,,,,,,c j ham
14920,Trevor Graham,WR,29,,,,,,,,,,,,,,,,,,,trevor graham
14921,Nick Toon,WR,14,,,,,,,,,,,,,,,,,,,nick toon
14922,Mohamed Sanu,WR,0,,,,,,,,,,,,,,,,,,,mohamed sanu
14923,Devon Wylie,WR,13,,,,,,,,,,,,,,,,,,,devon wylie
14924,T.Y. Hilton,WR,0,,,,,,,,,,,,,,,,,,,t y hilton
4569615,Thomas Gordon,TE,8,,,,,,,,,,,,,,,,,,,thomas gordon
4569618,Garrett Wilson,WR,20,36.21,-0.38,98.2,87.74,248.4600467,2.172,10.775,0.094,100.067,1163.553,5.115,,,,,,,,garrett wilson
4241934,Tayon Fleet-Davis,RB,0,,,,,,,,,,,,,,,,,,,tayon fleet davis
4389393,Zimari Manning,WR,0,,,,,,,,,,,,,,,,,,,zimari manning
4241940,Javon Leake,RB,0,,,,,,,,,,,,,,,,,,,javon leake
4241941,Anthony McFarland Jr.,RB,0,,,,,,,,,,,,,,,,,,,anthony mcfarland
2980460,Gehrig Dieter,WR,0,,,,,,,,,,,,,,,,,,,gehrig dieter
5093923,Andrew Armstrong,WR,12,,,,,,,,,,,,,,,,,,,andrew armstrong
14947,A.J. Jenkins,WR,6,,,,,,,,,,,,,,,,,,,a j jenkins
4373030,Ben Sims,TE,15,169.99,-0.01,0.04,0.02,,,,,6.973,65.358,0.328,,,,,,,,ben sims
4700712,Cam Grandy,TE,4,169.99,0.0,0.01,0.01,,,,,,,,,,,,,,,cam grandy
4241961,Connor Heyward,RB,13,170.0,0.0,0.12,0.02,,4.183,17.554,0.121,3.954,28.894,0.159,,,,,,,,connor heyward
4241965,Rocky Lombardi,QB,0,,,,,,,,,,,,,,,,,,,rocky lombardi
14969,DeVier Posey,WR,33,,,,,,,,,,,,,,,,,,,devier posey
3914324,Marquis Young,RB,11,,,,,,,,,,,,,,,,,,,marquis young
4241983,Cody White,WR,26,169.98,-0.01,0.04,0.01,,,,,,,,,,,,,,,cody white
3914328,Andy Isabella,WR,0,,,,,,,,,,,,,,,,,,,andy isabella
4241985,J.K. Dobbins,RB,7,123.17,-0.4,83.02,5.99,,212.728,994.318,6.771,17.109,104.788,0.662,,,,,,,,j k dobbins
2980453,Jamaal Williams,RB,0,169.99,0.01,0.03,0.01,,,,,,,,,,,,,,,jamaal williams
4422214,Trinity Benson,WR,0,,,,,,,,,,,,,,,,,,,trinity benson
4241988,Trevon Grimes,WR,0,,,,,,,,,,,,,,,,,,,trevon grimes
4373062,Phillip Brooks,WR,0,,,,,,,,,,,,,,,,,,,phillip brooks
2980444,Bronson Kaufusi,TE,0,,,,,,,,,,,,,,,,,,,bronson kaufusi
4422215,Devontae Jackson,RB,7,,,,,,,,,,,,,,,,,,,devontae jackson
14991,Jordan White,WR,0,,,,,,,,,,,,,,,,,,,jordan white
4831959,Eli Raridon,TE,17,169.92,-0.02,0.47,0.04,,,,,15.557,150.62,1.088,,,,,,,,eli raridon
14993,Greg Zuerlein,K,0,169.96,-0.01,0.21,0.19,,,,,,,,,,,,,,,greg zuerlein
14996,Drake Dunsmore,TE,0,,,,,,,,,,,,,,,,,,,drake dunsmore
4012737,Marcus Tucker,WR,23,,,,,,,,,,,,,,,,,,,marcus tucker
15000,Evan Rodriguez,TE,27,,,,,,,,,,,,,,,,,,,evan rodriguez
15003,Rhett Ellison,TE,19,,,,,,,,,,,,,,,,,,,rhett ellison
15007,Chandler Harnish,QB,22,,,,,,,,,,,,,,,,,,,chandler harnish
15009,Alfred Morris,RB,0,,,,,,,,,,,,,,,,,,,alfred morris
15018,B.J. Coleman,QB,0,,,,,,,,,,,,,,,,,,,b j coleman
5192438,JJ Laap,WR,0,,,,,,,,,,,,,,,,,,,jj laap
3914397,Scotty Miller,WR,3,169.97,0.0,0.08,0.01,,,,,,,,,,,,,,,scotty miller
15029,Junior Hemingway,WR,12,,,,,,,,,,,,,,,,,,,junior hemingway
3914395,James Morgan,QB,0,,,,,,,,,,,,,,,,,,,james morgan
15033,LaVon Brazill,WR,11,,,,,,,,,,,,,,,,,,,lavon brazill
15034,Danny Coale,WR,23,,,,,,,,,,,,,,,,,,,danny coale
15037,B.J. Cunningham,WR,3,,,,,,,,,,,,,,,,,,,b j cunningham
15041,Daniel Herron,RB,2,,,,,,,,,,,,,,,,,,,daniel herron
15043,David Paulson,TE,24,,,,,,,,,,,,,,,,,,,david paulson
3914382,J'Mar Smith,QB,0,,,,,,,,,,,,,,,,,,,j mar smith
15044,Juron Criner,WR,19,,,,,,,,,,,,,,,,,,,juron criner
5192448,Cole Burgess,WR,23,,,,,,,,,,,,,,,,,,,cole burgess
15050,Bradie Ewing,RB,30,,,,,,,,,,,,,,,,,,,bradie ewing
15052,Jeremy Ebert,WR,1,,,,,,,,,,,,,,,,,,,jeremy ebert
2570993,George Farmer,RB,26,,,,,,,,,,,,,,,,,,,george farmer
5094042,Josh Pitsenberger,RB,34,,,,,,,,,,,,,,,,,,,josh pitsenberger
15055,Brad Smelley,TE,14,,,,,,,,,,,,,,,,,,,brad smelley
4061956,Ashton Dulin,WR,11,169.97,0.0,0.11,0.03,,4.194,26.443,0.175,20.281,248.893,1.139,,,,,,,,ashton dulin
15058,Blair Walsh,K,0,,,,,,,,,,,,,,,,,,,blair walsh
2570987,Braxton Miller,WR,0,,,,,,,,,,,,,,,,,,,braxton miller
15062,Travis Benjamin,WR,0,,,,,,,,,,,,,,,,,,,travis benjamin
15063,Tommy Streeter,WR,15,,,,,,,,,,,,,,,,,,,tommy streeter
15067,Taylor Thompson,TE,10,,,,,,,,,,,,,,,,,,,taylor thompson
15072,Marvin Jones Jr.,WR,0,,,,,,,,,,,,,,,,,,,marvin jones
15078,Chris Givens,WR,21,,,,,,,,,,,,,,,,,,,chris givens
15083,Greg Childs,WR,16,,,,,,,,,,,,,,,,,,,greg childs
15091,Randy Bullock,K,0,,,,,,,,,,,,,,,,,,,randy bullock
15092,Bryce Brown,RB,26,,,,,,,,,,,,,,,,,,,bryce brown
15102,Rishard Matthews,WR,0,,,,,,,,,,,,,,,,,,,rishard matthews
2570986,Malcolm Brown,RB,0,,,,,,,,,,,,,,,,,,,malcolm brown
15111,Daryl Richardson,RB,11,,,,,,,,,,,,,,,,,,,daryl richardson
4684625,Montrell Johnson Jr.,RB,0,,,,,,,,,,,,,,,,,,,montrell johnson
15118,Toney Clemons,WR,29,,,,,,,,,,,,,,,,,,,toney clemons
15120,Greg Scruggs,TE,17,,,,,,,,,,,,,,,,,,,greg scruggs
15121,John Potter,K,15,,,,,,,,,,,,,,,,,,,john potter
15127,Michael Smith,RB,20,,,,,,,,,,,,,,,,,,,michael smith
15130,Collin Mooney,RB,1,,,,,,,,,,,,,,,,,,,collin mooney
15131,James Rodgers,WR,0,,,,,,,,,,,,,,,,,,,james rodgers
4569951,Isaac Rex,TE,0,,,,,,,,,,,,,,,,,,,isaac rex
4242270,Kyric McGowan,WR,0,,,,,,,,,,,,,,,,,,,kyric mcgowan
15138,LaMark Brown,WR,0,,,,,,,,,,,,,,,,,,,lamark brown
15143,Adam Nissley,TE,1,,,,,,,,,,,,,,,,,,,adam nissley
3914534,Jeremy Cox,RB,7,,,,,,,,,,,,,,,,,,,jeremy cox
15148,Deangelo Peterson,TE,0,,,,,,,,,,,,,,,,,,,deangelo peterson
5159802,Dallen Bentley,TE,7,169.99,0.0,0.02,0.01,,,,,,,,,,,,,,,dallen bentley
15161,Marcus Jackson,WR,0,,,,,,,,,,,,,,,,,,,marcus jackson
15162,Dominique Davis,QB,11,,,,,,,,,,,,,,,,,,,dominique davis
2538273,Ray Gene Smith,RB,8,,,,,,,,,,,,,,,,,,,ray gene smith
3930901,Bruce Anderson,RB,0,,,,,,,,,,,,,,,,,,,bruce anderson
3930900,Ben Ellefson,TE,16,,,,,,,,,,,,,,,,,,,ben ellefson
15168,Case Keenum,QB,3,169.97,0.02,0.07,0.01,,,,,,,,,,,,,,,case keenum
4569987,Jaylen Warren,RB,23,103.89,-0.47,86.31,19.5,,179.979,789.608,4.45,46.071,318.923,1.455,,,,,,,,jaylen warren
15180,Kashif Moore,WR,12,,,,,,,,,,,,,,,,,,,kashif moore
15183,Aaron Corp,QB,15,,,,,,,,,,,,,,,,,,,aaron corp
15184,Devin Aguilar,WR,0,,,,,,,,,,,,,,,,,,,devin aguilar
4373266,Antoine Green,WR,0,170.0,0.0,0.0,0.0,,,,,,,,,,,,,,,antoine green
4045702,Benny LeMay,RB,0,,,,,,,,,,,,,,,,,,,benny lemay
15187,Austin Davis,QB,0,,,,,,,,,,,,,,,,,,,austin davis
15189,Nathan Palmer,WR,13,,,,,,,,,,,,,,,,,,,nathan palmer
4373273,British Brooks,RB,34,169.98,0.01,0.05,0.02,,4.204,17.99,0.098,,,,,,,,,,,british brooks
4258586,Avery Davis,WR,0,,,,,,,,,,,,,,,,,,,avery davis
15195,Brandon Barden,TE,6,,,,,,,,,,,,,,,,,,,brandon barden
15197,Josh Cooper,WR,5,,,,,,,,,,,,,,,,,,,josh cooper
4242209,Jontre Kirklin,WR,0,,,,,,,,,,,,,,,,,,,jontre kirklin
4258595,Cole Kmet,TE,3,169.64,0.07,0.85,0.25,,,,,21.688,219.277,1.676,,,,,,,,cole kmet
15204,Garrett Celek,TE,25,,,,,,,,,,,,,,,,,,,garrett celek
4242212,Tory Carter,RB,0,,,,,,,,,,,,,,,,,,,tory carter
4242214,Clyde Edwards-Helaire,RB,0,169.97,0.0,0.04,0.02,,,,,,,,,,,,,,,clyde edwards helaire
4258604,Michael Young Jr.,WR,0,,,,,,,,,,,,,,,,,,,michael young
15214,Gerell Robinson,WR,15,,,,,,,,,,,,,,,,,,,gerell robinson
15217,D.J. Woods,WR,0,,,,,,,,,,,,,,,,,,,d j woods
4602667,Jaylin Lane,WR,28,170.03,0.0,0.21,0.03,,,,,22.649,279.213,1.773,,,,,,,,jaylin lane
15220,Jewel Hampton,RB,25,,,,,,,,,,,,,,,,,,,jewel hampton
4242231,Racey McMath,WR,0,,,,,,,,,,,,,,,,,,,racey mcmath
15226,Cory Harkey,RB,14,,,,,,,,,,,,,,,,,,,cory harkey
4258620,Andre Szmyt,K,5,169.83,-0.02,0.46,0.34,,,,,,,,,,,,27.906,32.404,24.267,andre szmyt
4832070,Nick Williams,WR,0,,,,,,,,,,,,,,,,,,,nick williams
15230,Chris Owusu,WR,20,,,,,,,,,,,,,,,,,,,chris owusu
4242243,Keytaon Thompson,WR,0,,,,,,,,,,,,,,,,,,,keytaon thompson
4586312,Jaylin Noel,WR,34,171.51,-0.01,1.79,0.08,,4.204,22.156,0.125,28.751,322.596,1.813,,,,,,,,jaylin noel
4569923,Andy Borregales,K,17,170.28,0.08,3.67,2.98,,,,,,,,,,,,25.377,30.634,41.898,andy borregales
15245,Giorgio Tavecchio,K,0,,,,,,,,,,,,,,,,,,,giorgio tavecchio
15250,Justin Hilton,WR,0,,,,,,,,,,,,,,,,,,,justin hilton
15251,Taveon Rogers,WR,0,,,,,,,,,,,,,,,,,,,taveon rogers
15252,Brian Tyms,WR,11,,,,,,,,,,,,,,,,,,,brian tyms
3046320,Marcell Ateman,WR,0,,,,,,,,,,,,,,,,,,,marcell ateman
15255,Dale Moss,WR,3,,,,,,,,,,,,,,,,,,,dale moss
4242392,Brock Wright,TE,8,169.86,0.01,0.16,0.04,,,,,7.714,72.337,0.619,,,,,,,,brock wright
15257,Phillip Supernaw,TE,0,,,,,,,,,,,,,,,,,,,phillip supernaw
5225419,Kolbe Katsis,WR,7,,,,,,,,,,,,,,,,,,,kolbe katsis
4373470,Calvin Jackson,WR,0,,,,,,,,,,,,,,,,,,,calvin jackson
15269,Nick Stephens,QB,33,,,,,,,,,,,,,,,,,,,nick stephens
4242408,Chase Garbers,QB,0,,,,,,,,,,,,,,,,,,,chase garbers
3128251,Simmie Cobbs Jr.,WR,0,,,,,,,,,,,,,,,,,,,simmie cobbs
4242418,Jordan Ta'amu,QB,0,,,,,,,,,,,,,,,,,,,jordan ta amu
15284,Bradley Sowell,TE,0,,,,,,,,,,,,,,,,,,,bradley sowell
4570106,Myron Mitchell,WR,0,,,,,,,,,,,,,,,,,,,myron mitchell
15289,Brandon Carswell,WR,25,,,,,,,,,,,,,,,,,,,brandon carswell
4242431,Ty Chandler,RB,18,170.0,-0.01,0.05,0.01,,,,,,,,,,,,,,,ty chandler
5209094,Derek Slywka,WR,0,,,,,,,,,,,,,,,,,,,derek slywka
15296,Joe Banyard,RB,2,,,,,,,,,,,,,,,,,,,joe banyard
4242433,Joshua Palmer,WR,2,169.86,0.0,0.3,0.05,,,,,16.884,205.483,1.244,,,,,,,,joshua palmer
15298,Cody Johnson,RB,0,,,,,,,,,,,,,,,,,,,cody johnson
15299,G.J. Kinne,QB,19,,,,,,,,,,,,,,,,,,,g j kinne
3914638,Jibri Blount,TE,0,,,,,,,,,,,,,,,,,,,jibri blount
15303,Donavon Kemp,WR,0,,,,,,,,,,,,,,,,,,,donavon kemp
4242442,Princeton Fant,TE,6,169.98,0.0,0.02,0.01,,,,,,,,,,,,,,,princeton fant
4569995,Derek Wright,WR,0,,,,,,,,,,,,,,,,,,,derek wright
15318,Matt Veldman,TE,28,,,,,,,,,,,,,,,,,,,matt veldman
15320,Darius Hanks,WR,0,,,,,,,,,,,,,,,,,,,darius hanks
4242328,Tre Walker,WR,0,,,,,,,,,,,,,,,,,,,tre walker
15321,Marquis Maze,WR,0,,,,,,,,,,,,,,,,,,,marquis maze
4242330,Danny Davis,WR,0,,,,,,,,,,,,,,,,,,,danny davis
3046409,Alex Collins,RB,0,,,,,,,,,,,,,,,,,,,alex collins
4242331,Jack Coan,QB,0,,,,,,,,,,,,,,,,,,,jack coan
4570018,Leroy Watson IV,TE,0,,,,,,,,,,,,,,,,,,,leroy watson
4602783,Trent Battle,RB,0,,,,,,,,,,,,,,,,,,,trent battle
15327,Kevin Elliott,WR,2,,,,,,,,,,,,,,,,,,,kevin elliott
4242335,Jonathan Taylor,RB,11,8.17,-0.02,99.77,98.91,317.02034684,327.164,1510.33,11.613,51.309,380.54,1.408,,,,,,,,jonathan taylor
15329,Derek Moye,WR,10,,,,,,,,,,,,,,,,,,,derek moye
15331,Andrew Szczerba,TE,1,,,,,,,,,,,,,,,,,,,andrew szczerba
3046401,Keith Kirkwood,WR,0,,,,,,,,,,,,,,,,,,,keith kirkwood
3046399,Marcus Kemp,WR,0,,,,,,,,,,,,,,,,,,,marcus kemp
3128317,Juwann Winfree,WR,0,,,,,,,,,,,,,,,,,,,juwann winfree
4602788,Jackson Meeks,TE,8,170.0,0.0,0.01,0.0,,,,,,,,,,,,,,,jackson meeks
4242355,Jake Ferguson,TE,6,112.37,-0.24,86.95,40.1,,,,,73.204,599.142,5.839,,,,,,,,jake ferguson
15348,Jeff Fuller,WR,26,,,,,,,,,,,,,,,,,,,jeff fuller
15349,Cole Beasley,WR,0,,,,,,,,,,,,,,,,,,,cole beasley
15351,Derrick Coleman,RB,0,,,,,,,,,,,,,,,,,,,derrick coleman
15352,Nelson Rosario,TE,0,,,,,,,,,,,,,,,,,,,nelson rosario
3128267,Devine Redding,RB,27,,,,,,,,,,,,,,,,,,,devine redding
4570037,Terrance Ferguson,TE,14,166.9,0.13,11.18,1.76,,,,,45.96,580.084,5.404,,,,,,,,terrance ferguson
15355,Beau Brinkley,TE,0,,,,,,,,,,,,,,,,,,,beau brinkley
15358,Jarrett Boykin,WR,2,,,,,,,,,,,,,,,,,,,jarrett boykin
15360,Griff Whalen,WR,0,,,,,,,,,,,,,,,,,,,griff whalen
4242369,Matt Bushman,TE,12,,,,,,,,,,,,,,,,,,,matt bushman
15363,Tyler Urban,TE,0,,,,,,,,,,,,,,,,,,,tyler urban
15364,Jonas Gray,RB,30,,,,,,,,,,,,,,,,,,,jonas gray
15369,Lance Dunbar,RB,0,,,,,,,,,,,,,,,,,,,lance dunbar
4242377,Neil Pau'u,WR,0,,,,,,,,,,,,,,,,,,,neil pau u
4242512,Malik Willis,QB,15,167.0,-0.05,11.41,1.15,,105.594,545.204,3.366,,,,505.142,3554.225,13.038,10.384,,,,malik willis
15377,Tim Benford,WR,23,,,,,,,,,,,,,,,,,,,tim benford
15378,Jabin Sambrano,WR,1,,,,,,,,,,,,,,,,,,,jabin sambrano
2522169,Tyler McDonald,WR,15,,,,,,,,,,,,,,,,,,,tyler mcdonald
4602969,Bryson Nesbit,TE,16,,,,,,,,,,,,,,,,,,,bryson nesbit
15383,Dominique Jones,TE,15,,,,,,,,,,,,,,,,,,,dominique jones
4242519,Anders Carlson,K,0,170.0,0.0,0.03,0.02,,,,,,,,,,,,,,,anders carlson
15385,Eric Page,WR,27,,,,,,,,,,,,,,,,,,,eric page
15386,Kamar Jorden,WR,16,,,,,,,,,,,,,,,,,,,kamar jorden
4242526,John Samuel Shenker,TE,0,169.94,0.0,0.05,0.03,,,,,,,,,,,,,,,john samuel shenker
15391,Rod Streater,WR,0,,,,,,,,,,,,,,,,,,,rod streater
3128390,Allen Lazard,WR,0,170.01,0.01,0.03,0.01,,,,,,,,,,,,,,,allen lazard
15397,Saalim Hakim,WR,5,,,,,,,,,,,,,,,,,,,saalim hakim
4242536,Sal Cannella,TE,0,169.92,0.0,0.05,0.03,,,,,,,,,,,,,,,sal cannella
15403,Derek Carrier,TE,0,,,,,,,,,,,,,,,,,,,derek carrier
15404,Brian Hernandez,WR,0,,,,,,,,,,,,,,,,,,,brian hernandez
4242540,Isaiah Hodgins,WR,19,169.99,0.0,0.06,0.01,,,,,,,,,,,,,,,isaiah hodgins
15407,Matt Simms,QB,0,,,,,,,,,,,,,,,,,,,matt simms
4570219,Jared Smart,WR,0,,,,,,,,,,,,,,,,,,,jared smart
4242545,Connor Wedington,WR,0,,,,,,,,,,,,,,,,,,,connor wedington
15410,Marc Tyler,RB,0,,,,,,,,,,,,,,,,,,,marc tyler
4242546,Davis Mills,QB,34,169.96,0.01,0.12,0.02,,0.98,3.85,0.033,,,,23.452,146.382,0.793,0.554,,,,davis mills
3046413,A.J. Derby,TE,0,,,,,,,,,,,,,,,,,,,a j derby
15416,Danny Noble,TE,30,,,,,,,,,,,,,,,,,,,danny noble
4373626,Tyler Allgeier,RB,22,169.31,0.1,17.31,0.48,,97.415,385.114,3.323,18.1,125.871,0.393,,,,,,,,tyler allgeier
3046412,Austin Allen,QB,27,,,,,,,,,,,,,,,,,,,austin allen
3128362,Ishmael Zamora,WR,0,,,,,,,,,,,,,,,,,,,ishmael zamora
15420,Chris Givens,WR,18,,,,,,,,,,,,,,,,,,,chris givens
15421,Royce Pollard,WR,0,,,,,,,,,,,,,,,,,,,royce pollard
3046439,Hunter Henry,TE,17,142.26,-0.06,50.54,6.39,,,,,55.762,628.121,5.216,,,,,,,,hunter henry
4242557,Colby Parkinson,TE,14,171.11,0.08,1.81,0.27,,,,,24.015,249.11,2.677,,,,,,,,colby parkinson
4570242,Nick Nash,WR,28,169.99,0.0,0.01,0.0,,,,,,,,,,,,,,,nick nash
4242558,Tucker Fisk,TE,0,169.99,0.0,0.01,0.01,,,,,,,,,,,,,,,tucker fisk
3046438,Drew Morgan,WR,15,,,,,,,,,,,,,,,,,,,drew morgan
4373634,Dallin Holker,TE,0,169.99,0.0,0.01,0.01,,,,,,,,,,,,,,,dallin holker
15425,Eric Lair,TE,0,,,,,,,,,,,,,,,,,,,eric lair
15426,Jake Byrne,TE,24,,,,,,,,,,,,,,,,,,,jake byrne
4373632,Jaren Hall,QB,0,169.97,0.01,0.02,0.01,,,,,,,,,,,,,,,jaren hall
15427,Carson Wiggs,K,26,,,,,,,,,,,,,,,,,,,carson wiggs
15428,Jermaine Kearse,WR,0,,,,,,,,,,,,,,,,,,,jermaine kearse
4373642,Dax Milne,WR,0,,,,,,,,,,,,,,,,,,,dax milne
4570243,Kairee Robinson,RB,0,,,,,,,,,,,,,,,,,,,kairee robinson
3128348,KD Cannon,WR,0,,,,,,,,,,,,,,,,,,,kd cannon
3128439,Jordan Franks,TE,0,,,,,,,,,,,,,,,,,,,jordan franks
15440,Lavasier Tuinei,WR,0,,,,,,,,,,,,,,,,,,,lavasier tuinei
15446,Nick Johnson,WR,0,,,,,,,,,,,,,,,,,,,nick johnson
15448,Mike Brown,WR,29,,,,,,,,,,,,,,,,,,,mike brown
3128429,Courtland Sutton,WR,7,85.61,-0.22,89.29,20.1,,,,,69.266,892.694,7.583,,,,,,,,courtland sutton
15452,Nicholas Cooper,RB,0,,,,,,,,,,,,,,,,,,,nicholas cooper
15457,Travaris Cadet,RB,0,,,,,,,,,,,,,,,,,,,travaris cadet
3128452,Jordan Akins,TE,0,170.02,0.0,0.01,0.0,,,,,,,,,,,,,,,jordan akins
3128451,Tre'Quan Smith,WR,0,,,,,,,,,,,,,,,,,,,tre quan smith
3128444,Matthew Wright,K,0,170.01,0.0,0.03,0.02,,,,,,,,,,,,,,,matthew wright
15472,Brad Herman,TE,0,,,,,,,,,,,,,,,,,,,brad herman
15474,Patrick Edwards,WR,8,,,,,,,,,,,,,,,,,,,patrick edwards
2473037,Jason Myers,K,26,117.62,0.22,97.29,90.66,161.13331854,,,,,,,,,,,33.094,37.874,42.617,jason myers
15477,Derek Dimke,K,18,,,,,,,,,,,,,,,,,,,derek dimke
15478,Brandon Bolden,RB,0,,,,,,,,,,,,,,,,,,,brandon bolden
15480,Alex Gottlieb,TE,0,,,,,,,,,,,,,,,,,,,alex gottlieb
4242490,Braxton Burmeister,QB,0,,,,,,,,,,,,,,,,,,,braxton burmeister
15483,Austin Wells,TE,0,,,,,,,,,,,,,,,,,,,austin wells
4242492,CJ Verdell,RB,0,,,,,,,,,,,,,,,,,,,cj verdell
4242504,Johnny Johnson III,WR,0,,,,,,,,,,,,,,,,,,,johnny johnson
4242505,Daewood Davis,WR,0,,,,,,,,,,,,,,,,,,,daewood davis
15501,Bobby Rainey Jr.,RB,0,,,,,,,,,,,,,,,,,,,bobby rainey
15503,Deonte Thompson,WR,0,,,,,,,,,,,,,,,,,,,deonte thompson
2587819,Tyrell Williams,WR,0,,,,,,,,,,,,,,,,,,,tyrell williams
4685016,Ellis Merriweather,RB,0,170.0,0.0,0.01,0.0,,,,,,,,,,,,,,,ellis merriweather
15514,Jared Green,WR,13,,,,,,,,,,,,,,,,,,,jared green
15515,Sean McGrath,TE,0,,,,,,,,,,,,,,,,,,,sean mcgrath
15518,Julian Talley,WR,19,,,,,,,,,,,,,,,,,,,julian talley
4242661,Chris Pierce Jr.,WR,0,,,,,,,,,,,,,,,,,,,chris pierce
15527,Tarren Lloyd,TE,0,,,,,,,,,,,,,,,,,,,tarren lloyd
15528,David Douglas,WR,0,,,,,,,,,,,,,,,,,,,david douglas
3423412,Jarryd Hayne,RB,25,,,,,,,,,,,,,,,,,,,jarryd hayne
15531,Dorian Graham,WR,0,,,,,,,,,,,,,,,,,,,dorian graham
4685039,Michael Pratt,QB,0,169.95,0.01,0.04,0.02,,,,,,,,,,,,,,,michael pratt
15536,LaRon Byrd,WR,29,,,,,,,,,,,,,,,,,,,laron byrd
4685037,Duece Watts,WR,0,,,,,,,,,,,,,,,,,,,duece watts
4685035,Zach Evans,RB,0,170.0,0.0,0.0,0.0,,,,,,,,,,,,,,,zach evans
15547,Brenton Bersin,WR,0,,,,,,,,,,,,,,,,,,,brenton bersin
15548,Nate Eachus,RB,0,,,,,,,,,,,,,,,,,,,nate eachus
4685056,Reggie Brown,TE,0,,,,,,,,,,,,,,,,,,,reggie brown
15554,Phil Bates,WR,6,,,,,,,,,,,,,,,,,,,phil bates
15555,Josh Bellamy,WR,0,,,,,,,,,,,,,,,,,,,josh bellamy
5143805,John Hall,WR,0,,,,,,,,,,,,,,,,,,,john hall
3931398,Bryce Love,RB,0,,,,,,,,,,,,,,,,,,,bryce love
15564,Brittan Golden,WR,0,,,,,,,,,,,,,,,,,,,brittan golden
3931397,J.J. Arcega-Whiteside,WR,0,,,,,,,,,,,,,,,,,,,j j arcega whiteside
3931401,Cameron Scarlett,RB,0,,,,,,,,,,,,,,,,,,,cameron scarlett
4373653,Kenneth Almendares,K,0,,,,,,,,,,,,,,,,,,,kenneth almendares
15572,Jeremy Stewart,RB,7,,,,,,,,,,,,,,,,,,,jeremy stewart
15578,Tray Session,WR,0,,,,,,,,,,,,,,,,,,,tray session
3931391,Trenton Irwin,WR,25,170.0,0.0,0.01,0.0,,,,,,,,,,,,,,,trenton irwin
15579,Jared Crank,RB,0,,,,,,,,,,,,,,,,,,,jared crank
15583,Jarrett Lee,QB,0,,,,,,,,,,,,,,,,,,,jarrett lee
15584,Brandon Venson,TE,0,,,,,,,,,,,,,,,,,,,brandon venson
15587,Logan Brock,TE,0,,,,,,,,,,,,,,,,,,,logan brock
15590,Curenski Gilleylen,WR,0,,,,,,,,,,,,,,,,,,,curenski gilleylen
15591,Kyle Efaw,TE,0,,,,,,,,,,,,,,,,,,,kyle efaw
4373673,John Hightower,WR,0,,,,,,,,,,,,,,,,,,,john hightower
4570276,De'Montre Tuggle,RB,0,,,,,,,,,,,,,,,,,,,de montre tuggle
4373678,Khalil Shakir,WR,2,135.85,-0.11,75.58,2.72,,2.307,12.492,0.126,70.097,765.203,3.703,,,,,,,,khalil shakir
15598,Adonis Thomas,RB,0,,,,,,,,,,,,,,,,,,,adonis thomas
15600,Emil Igwenagu,TE,11,,,,,,,,,,,,,,,,,,,emil igwenagu
15603,Bruce Figgins,TE,0,,,,,,,,,,,,,,,,,,,bruce figgins
4570296,Dalen Cambre,WR,19,170.0,0.0,0.0,0.0,,,,,,,,,,,,,,,dalen cambre
15606,Matt Balasavage,TE,0,,,,,,,,,,,,,,,,,,,matt balasavage
4373684,Scott Matlock,RB,24,169.98,0.0,0.03,0.01,,,,,,,,,,,,,,,scott matlock
5160110,Jahdae Walker,WR,3,169.9,0.02,0.2,0.03,,,,,3.17,35.558,0.327,,,,,,,,jahdae walker
15613,Wallace Miles,WR,0,,,,,,,,,,,,,,,,,,,wallace miles
15624,Damaris Johnson,WR,10,,,,,,,,,,,,,,,,,,,damaris johnson
4259147,Jake Tonges,TE,25,170.99,0.03,3.41,0.92,,,,,13.213,134.97,1.04,,,,,,,,jake tonges
15628,Jerrell Jackson,WR,12,,,,,,,,,,,,,,,,,,,jerrell jackson
15630,Jason Ford,RB,0,,,,,,,,,,,,,,,,,,,jason ford
4570449,Keric Wheatfall,WR,0,,,,,,,,,,,,,,,,,,,keric wheatfall
15632,Jonathan Grimes,RB,30,,,,,,,,,,,,,,,,,,,jonathan grimes
15635,Eddy Carmona,K,13,,,,,,,,,,,,,,,,,,,eddy carmona
3046705,Tyrone Swoopes,TE,28,,,,,,,,,,,,,,,,,,,tyrone swoopes
2309428,Nick Truesdell,TE,20,,,,,,,,,,,,,,,,,,,nick truesdell
4685144,Moose Muhammad III,WR,0,,,,,,,,,,,,,,,,,,,moose muhammad
3046704,Geoff Swaim,TE,0,170.01,0.0,0.01,0.01,,,,,,,,,,,,,,,geoff swaim
15645,Matt Blanchard,QB,3,,,,,,,,,,,,,,,,,,,matt blanchard
15646,Jourdan Brooks,RB,4,,,,,,,,,,,,,,,,,,,jourdan brooks
15647,Chase Ford,TE,33,,,,,,,,,,,,,,,,,,,chase ford
4259169,Trestan Ebner,RB,0,,,,,,,,,,,,,,,,,,,trestan ebner
15652,Michael Willie,WR,33,,,,,,,,,,,,,,,,,,,michael willie
15653,Jamize Olawale,RB,0,,,,,,,,,,,,,,,,,,,jamize olawale
4259174,Gavin Holmes,WR,0,,,,,,,,,,,,,,,,,,,gavin holmes
15659,Joe Anderson,WR,3,,,,,,,,,,,,,,,,,,,joe anderson
4259180,John Lovett,RB,0,,,,,,,,,,,,,,,,,,,john lovett
4029728,Kameron Brown,WR,0,,,,,,,,,,,,,,,,,,,kameron brown
15670,Cooper Helfet,TE,13,,,,,,,,,,,,,,,,,,,cooper helfet
15674,Danny Hrapmann,K,15,,,,,,,,,,,,,,,,,,,danny hrapmann
3144999,Henry Krieger-Coble,TE,0,,,,,,,,,,,,,,,,,,,henry krieger coble
4685183,JP Richardson,WR,3,,,,,,,,,,,,,,,,,,,jp richardson
15683,Justin Tucker,K,0,169.52,-0.02,0.61,0.42,,,,,,,,,,,,,,,justin tucker
3144991,Parker Hesse,TE,0,170.02,0.0,0.01,0.0,,,,,,,,,,,,,,,parker hesse
15688,Brandon Bostick,TE,20,,,,,,,,,,,,,,,,,,,brandon bostick
4373895,Ben Wooldridge,QB,0,,,,,,,,,,,,,,,,,,,ben wooldridge
15693,Alex Tanney,QB,19,,,,,,,,,,,,,,,,,,,alex tanney
15696,Lamont Bryant,WR,29,,,,,,,,,,,,,,,,,,,lamont bryant
3915145,Kirk Merritt,RB,0,,,,,,,,,,,,,,,,,,,kirk merritt
3128692,Cole Hedlund,K,11,,,,,,,,,,,,,,,,,,,cole hedlund
4832523,Bernhard Seikovits,TE,0,,,,,,,,,,,,,,,,,,,bernhard seikovits
15705,Josh Gordon,WR,0,,,,,,,,,,,,,,,,,,,josh gordon
3915136,Jake Breeland,TE,0,,,,,,,,,,,,,,,,,,,jake breeland
15707,Larry Donnell,TE,33,,,,,,,,,,,,,,,,,,,larry donnell
15710,William Green,RB,0,,,,,,,,,,,,,,,,,,,william green
3915115,Jordan Scarlett,RB,0,,,,,,,,,,,,,,,,,,,jordan scarlett
4570409,David Bell,WR,5,169.99,0.0,0.01,0.0,,,,,,,,,,,,,,,david bell
3046779,Jared Goff,QB,8,140.05,0.18,59.53,9.39,,27.214,49.564,0.683,,,,543.98,4209.955,28.987,9.895,,,,jared goff
15722,Zach Brown,RB,0,,,,,,,,,,,,,,,,,,,zach brown
4046184,Brian Johnson,K,0,,,,,,,,,,,,,,,,,,,brian johnson
4603186,Jack Bech,WR,13,171.56,0.06,2.36,0.17,,,,,34.522,397.78,1.482,,,,,,,,jack bech
5143863,Zay Malone,WR,0,,,,,,,,,,,,,,,,,,,zay malone
4685110,Anthony Smith,WR,6,169.99,0.0,0.03,0.0,,,,,,,,,,,,,,,anthony smith
15736,Duane Bennett,RB,0,,,,,,,,,,,,,,,,,,,duane bennett
15741,Lance Lewis,WR,18,,,,,,,,,,,,,,,,,,,lance lewis
4046164,Alex Kessman,K,0,,,,,,,,,,,,,,,,,,,alex kessman
3915097,Antonio Callaway,WR,0,,,,,,,,,,,,,,,,,,,antonio callaway
4685116,DJ Herman,RB,15,,,,,,,,,,,,,,,,,,,dj herman
15749,Jeff Demps,RB,11,,,,,,,,,,,,,,,,,,,jeff demps
2981212,Shane Smith,RB,0,,,,,,,,,,,,,,,,,,,shane smith
