fp_page,page_type,ecr_type,player,id,pos,team,ecr,sd,best,worst,sportsdata_id,player_filename,yahoo_id,cbs_id,player_owned_avg,player_owned_espn,player_owned_yahoo,player_image_url,player_square_image_url,rank_delta,bye,mergename,scrape_date,tm
/nfl/rankings/best-ball-dst.php,best-dst,bp,Houston Texans,8120,DST,HOU,1.0,0.0,1,1,,houston-defense.php,,,96.2,,,,,,8.0,Houston Texans,2026-08-07,HOU
/nfl/rankings/best-ball-dst.php,best-dst,bp,Denver Broncos,8090,DST,DEN,2.0,0.0,2,2,,denver-defense.php,,,94.2,,,,,,10.0,Denver Broncos,2026-08-07,DEN
/nfl/rankings/best-ball-dst.php,best-dst,bp,Seattle Seahawks,8260,DST,SEA,3.0,0.0,3,3,,seattle-defense.php,,,95.6,,,,,,11.0,Seattle Seahawks,2026-08-07,SEA
/nfl/rankings/best-ball-dst.php,best-dst,bp,Los Angeles Rams,8280,DST,LAR,4.0,0.0,4,4,,los-angeles-rams-defense.php,,,84.5,,,,,,11.0,Los Angeles Rams,2026-08-07,LAR
/nfl/rankings/best-ball-dst.php,best-dst,bp,Philadelphia Eagles,8230,DST,PHI,5.5,1.12,5,8,,philadelphia-defense.php,,,83.8,,,,,,10.0,Philadelphia Eagles,2026-08-07,PHI
/nfl/rankings/best-ball-dst.php,best-dst,bp,Minnesota Vikings,8170,DST,MIN,6.0,0.0,6,6,,minnesota-defense.php,,,63.0,,,,,,6.0,Minnesota Vikings,2026-08-07,MIN
/nfl/rankings/best-ball-dst.php,best-dst,bp,New England Patriots,8180,DST,NE,7.5,0.76,7,9,,new-england-defense.php,,,79.7,,,,,,11.0,New England Patriots,2026-08-07,NEP
/nfl/rankings/best-ball-dst.php,best-dst,bp,Jacksonville Jaguars,8140,DST,JAC,8.5,1.12,8,11,,jacksonville-defense.php,,,67.7,,,,,,7.0,Jacksonville Jaguars,2026-08-07,JAC
/nfl/rankings/best-ball-dst.php,best-dst,bp,Los Angeles Chargers,8250,DST,LAC,9.17,0.37,9,10,,los-angeles-chargers-defense.php,,,48.4,,,,,,7.0,Los Angeles Chargers,2026-08-07,LAC
/nfl/rankings/best-ball-dst.php,best-dst,bp,Green Bay Packers,8110,DST,GB,10.67,1.49,10,14,,green-bay-defense.php,,,29.3,,,,,,11.0,Green Bay Packers,2026-08-07,GBP
/nfl/rankings/best-ball-dst.php,best-dst,bp,Pittsburgh Steelers,8240,DST,PIT,11.0,0.0,11,11,,pittsburgh-defense.php,,,70.5,,,,,,9.0,Pittsburgh Steelers,2026-08-07,PIT
/nfl/rankings/best-ball-dst.php,best-dst,bp,Cleveland Browns,8070,DST,CLE,12.17,0.37,12,13,,cleveland-defense.php,,,23.1,,,,,,11.0,Cleveland Browns,2026-08-07,CLE
/nfl/rankings/best-ball-dst.php,best-dst,bp,Detroit Lions,8100,DST,DET,12.83,0.37,12,13,,detroit-defense.php,,,55.3,,,,,,6.0,Detroit Lions,2026-08-07,DET
/nfl/rankings/best-ball-dst.php,best-dst,bp,Kansas City Chiefs,8150,DST,KC,14.33,0.75,14,16,,kansas-city-defense.php,,,24.4,,,,,,5.0,Kansas City Chiefs,2026-08-07,KCC
/nfl/rankings/best-ball-dst.php,best-dst,bp,Buffalo Bills,8030,DST,BUF,15.33,0.75,15,17,,buffalo-defense.php,,,30.2,,,,,,7.0,Buffalo Bills,2026-08-07,BUF
/nfl/rankings/best-ball-dst.php,best-dst,bp,Baltimore Ravens,8020,DST,BAL,16.17,0.37,16,17,,baltimore-defense.php,,,49.2,,,,,,13.0,Baltimore Ravens,2026-08-07,BAL
/nfl/rankings/best-ball-dst.php,best-dst,bp,Atlanta Falcons,8010,DST,ATL,17.5,0.96,16,19,,atlanta-defense.php,,,12.9,,,,,,11.0,Atlanta Falcons,2026-08-07,ATL
/nfl/rankings/best-ball-dst.php,best-dst,bp,New Orleans Saints,8190,DST,NO,17.83,0.37,17,18,,new-orleans-defense.php,,,19.5,,,,,,8.0,New Orleans Saints,2026-08-07,NOS
/nfl/rankings/best-ball-dst.php,best-dst,bp,Indianapolis Colts,8130,DST,IND,19.0,0.0,19,19,,indianapolis-defense.php,,,19.3,,,,,,13.0,Indianapolis Colts,2026-08-07,IND
/nfl/rankings/best-ball-dst.php,best-dst,bp,San Francisco 49ers,8270,DST,SF,21.17,0.37,21,22,,san-francisco-defense.php,,,21.8,,,,,,8.0,San Francisco 49ers,2026-08-07,SFO
/nfl/rankings/best-ball-dst.php,best-dst,bp,Dallas Cowboys,8080,DST,DAL,21.67,2.92,17,25,,dallas-defense.php,,,18.9,,,,,,14.0,Dallas Cowboys,2026-08-07,DAL
/nfl/rankings/best-ball-dst.php,best-dst,bp,Miami Dolphins,8160,DST,MIA,21.67,2.36,20,25,,miami-defense.php,,,9.5,,,,,3.0,6.0,Miami Dolphins,2026-08-07,MIA
/nfl/rankings/best-ball-dst.php,best-dst,bp,Chicago Bears,8050,DST,CHI,22.5,0.5,22,23,,chicago-defense.php,,,13.5,,,,,,10.0,Chicago Bears,2026-08-07,CHI
/nfl/rankings/best-ball-dst.php,best-dst,bp,Tampa Bay Buccaneers,8290,DST,TB,22.83,1.21,21,24,,tampa-bay-defense.php,,,17.7,,,,,,10.0,Tampa Bay Buccaneers,2026-08-07,TBB
/nfl/rankings/best-ball-dst.php,best-dst,bp,Carolina Panthers,8040,DST,CAR,24.17,1.46,22,26,,carolina-defense.php,,,4.8,,,,,,5.0,Carolina Panthers,2026-08-07,CAR
/nfl/rankings/best-ball-dst.php,best-dst,bp,New York Jets,8210,DST,NYJ,24.33,2.13,21,27,,new-york-jets-defense.php,,,8.4,,,,,,13.0,New York Jets,2026-08-07,NYJ
/nfl/rankings/best-ball-dst.php,best-dst,bp,Arizona Cardinals,8000,DST,ARI,24.8,7.65,10,32,,arizona-defense.php,,,4.9,,,,,,14.0,Arizona Cardinals,2026-08-07,ARI
/nfl/rankings/best-ball-dst.php,best-dst,bp,New York Giants,8200,DST,NYG,26.5,0.76,25,27,,new-york-giants-defense.php,,,24.2,,,,,,8.0,New York Giants,2026-08-07,NYG
/nfl/rankings/best-ball-dst.php,best-dst,bp,Tennessee Titans,8300,DST,TEN,26.75,1.3,25,28,,tennessee-defense.php,,,10.4,,,,,,9.0,Tennessee Titans,2026-08-07,TEN
/nfl/rankings/best-ball-dst.php,best-dst,bp,Cincinnati Bengals,8060,DST,CIN,28.0,1.0,27,29,,cincinnati-defense.php,,,3.7,,,,,,6.0,Cincinnati Bengals,2026-08-07,CIN
/nfl/rankings/best-ball-dst.php,best-dst,bp,Washington Commanders,8310,DST,WAS,28.0,0.0,28,28,,washington-defense.php,,,10.9,,,,,,7.0,Washington Commanders,2026-08-07,WAS
/nfl/rankings/best-ball-overall.php,best-overall,bo,Bijan Robinson,23133,RB,ATL,1.5,0.5,1,2,,bijan-robinson.php,,,99.4,,,,,,11.0,Bijan Robinson,2026-08-07,ATL
/nfl/rankings/best-ball-overall.php,best-overall,bo,Jahmyr Gibbs,22968,RB,DET,1.67,0.75,1,3,,jahmyr-gibbs.php,,,99.4,,,,,,6.0,Jahmyr Gibbs,2026-08-07,DET
/nfl/rankings/best-ball-overall.php,best-overall,bo,Ja'Marr Chase,19788,WR,CIN,3.17,0.69,2,4,,jamarr-chase.php,,,99.3,,,,,,6.0,JaMarr Chase,2026-08-07,CIN
/nfl/rankings/best-ball-overall.php,best-overall,bo,Puka Nacua,23180,WR,LAR,3.83,0.69,3,5,,puka-nacua.php,,,99.5,,,,,,11.0,Puka Nacua,2026-08-07,LAR
/nfl/rankings/best-ball-overall.php,best-overall,bo,Jaxon Smith-Njigba,23070,WR,SEA,5.67,0.75,5,7,,jaxon-smith-njigba.php,,,99.6,,,,,,11.0,Jaxon Smith-Njigba,2026-08-07,SEA
/nfl/rankings/best-ball-overall.php,best-overall,bo,Amon-Ra St. Brown,19799,WR,DET,7.17,0.69,6,8,,amonra-stbrown.php,,,99.3,,,,,,6.0,Amon-Ra St Brown,2026-08-07,DET
/nfl/rankings/best-ball-overall.php,best-overall,bo,Christian McCaffrey,16393,RB,SF,7.83,5.52,4,20,,christian-mccaffrey.php,,,99.5,,,,,,8.0,Christian McCaffrey,2026-08-07,SFO
/nfl/rankings/best-ball-overall.php,best-overall,bo,Jonathan Taylor,19217,RB,IND,9.67,2.62,6,14,,jonathan-taylor.php,,,99.3,,,,,,13.0,Jonathan Taylor,2026-08-07,IND
/nfl/rankings/best-ball-overall.php,best-overall,bo,James Cook III,22958,RB,BUF,10.33,3.3,6,15,,james-cook.php,,,99.5,,,,,,7.0,James Cook,2026-08-07,BUF
/nfl/rankings/best-ball-overall.php,best-overall,bo,CeeDee Lamb,19202,WR,DAL,12.0,3.27,9,17,,ceedee-lamb.php,,,99.4,,,,,,14.0,CeeDee Lamb,2026-08-07,DAL
/nfl/rankings/best-ball-overall.php,best-overall,bo,Chase Brown,25324,RB,CIN,12.17,2.91,9,16,,chase-brown.php,,,98.7,,,,,,6.0,Chase Brown,2026-08-07,CIN
/nfl/rankings/best-ball-overall.php,best-overall,bo,Justin Jefferson,19236,WR,MIN,14.5,7.21,8,30,,justin-jefferson.php,,,99.3,,,,,-1.0,6.0,Justin Jefferson,2026-08-07,MIN
/nfl/rankings/best-ball-overall.php,best-overall,bo,Omarion Hampton,25395,RB,LAC,14.67,1.7,13,18,,omarion-hampton.php,,,98.7,,,,,,7.0,Omarion Hampton,2026-08-07,LAC
/nfl/rankings/best-ball-overall.php,best-overall,bo,De'Von Achane,23136,RB,MIA,16.0,2.89,11,18,,devon-achane.php,,,99.2,,,,,,6.0,DeVon Achane,2026-08-07,MIA
/nfl/rankings/best-ball-overall.php,best-overall,bo,Ashton Jeanty,25989,RB,LV,16.17,7.99,9,31,,ashton-jeanty.php,,,99.2,,,,,,13.0,Ashton Jeanty,2026-08-07,LVR
/nfl/rankings/best-ball-overall.php,best-overall,bo,Drake London,23163,WR,ATL,17.0,5.1,12,27,,drake-london.php,,,99.2,,,,,,11.0,Drake London,2026-08-07,ATL
/nfl/rankings/best-ball-overall.php,best-overall,bo,Brock Bowers,22955,TE,LV,18.33,3.73,12,23,,brock-bowers.php,,,99.2,,,,,,13.0,Brock Bowers,2026-08-07,LVR
/nfl/rankings/best-ball-overall.php,best-overall,bo,Nico Collins,20130,WR,HOU,20.67,4.35,13,25,,nico-collins.php,,,99.2,,,,,,8.0,Nico Collins,2026-08-07,HOU
/nfl/rankings/best-ball-overall.php,best-overall,bo,Saquon Barkley,17240,RB,PHI,21.17,8.9,12,37,,saquon-barkley.php,,,99.4,,,,,,10.0,Saquon Barkley,2026-08-07,PHI
/nfl/rankings/best-ball-overall.php,best-overall,bo,A.J. Brown,18218,WR,NE,21.33,10.14,9,38,,aj-brown.php,,,99.2,,,,,,11.0,AJ Brown,2026-08-07,NEP
/nfl/rankings/best-ball-overall.php,best-overall,bo,George Pickens,22963,WR,DAL,22.67,3.3,19,27,,george-pickens.php,,,99.2,,,,,,14.0,George Pickens,2026-08-07,DAL
/nfl/rankings/best-ball-overall.php,best-overall,bo,Kenneth Walker III,23021,RB,KC,23.17,11.38,13,44,,kenneth-walker-rb.php,,,99.3,,,,,,5.0,Kenneth Walker,2026-08-07,KCC
/nfl/rankings/best-ball-overall.php,best-overall,bo,Derrick Henry,15514,RB,BAL,25.83,10.7,16,48,,derrick-henry.php,,,99.1,,,,,,13.0,Derrick Henry,2026-08-07,BAL
/nfl/rankings/best-ball-overall.php,best-overall,bo,DeVonta Smith,19222,WR,PHI,27.17,5.98,16,35,,devonta-smith.php,,,97.8,,,,,,10.0,DeVonta Smith,2026-08-07,PHI
/nfl/rankings/best-ball-overall.php,best-overall,bo,Breece Hall,22982,RB,NYJ,27.17,4.18,24,36,,breece-hall.php,,,97.6,,,,,,13.0,Breece Hall,2026-08-07,NYJ
/nfl/rankings/best-ball-overall.php,best-overall,bo,Trey McBride,22936,TE,ARI,27.5,3.64,22,34,,trey-mcbride.php,,,99.3,,,,,,14.0,Trey McBride,2026-08-07,ARI
/nfl/rankings/best-ball-overall.php,best-overall,bo,Javonte Williams,22739,RB,DAL,28.17,6.59,19,39,,javonte-williams.php,,,96.7,,,,,,14.0,Javonte Williams,2026-08-07,DAL
/nfl/rankings/best-ball-overall.php,best-overall,bo,Rashee Rice,23113,WR,KC,28.33,15.11,8,49,,rashee-rice.php,,,98.1,,,,,-2.0,5.0,Rashee Rice,2026-08-07,KCC
/nfl/rankings/best-ball-overall.php,best-overall,bo,Zay Flowers,22916,WR,BAL,30.0,7.07,18,39,,zay-flowers.php,,,97.1,,,,,,13.0,Zay Flowers,2026-08-07,BAL
/nfl/rankings/best-ball-overall.php,best-overall,bo,Chris Olave,20111,WR,NO,32.33,9.41,21,49,,chris-olave.php,,,98.1,,,,,,8.0,Chris Olave,2026-08-07,NOS
/nfl/rankings/best-ball-overall.php,best-overall,bo,Kyren Williams,23059,RB,LAR,32.67,9.23,20,45,,kyren-williams.php,,,98.1,,,,,,11.0,Kyren Williams,2026-08-07,LAR
/nfl/rankings/best-ball-overall.php,best-overall,bo,Josh Allen,17298,QB,BUF,33.33,4.71,26,38,,josh-allen-qb.php,,,99.5,,,,,,7.0,Josh Allen,2026-08-07,BUF
/nfl/rankings/best-ball-overall.php,best-overall,bo,Tetairoa McMillan,25417,WR,CAR,34.67,10.26,21,54,,tetairoa-mcmillan.php,,,97.8,,,,,,5.0,Tetairoa McMillan,2026-08-07,CAR
/nfl/rankings/best-ball-overall.php,best-overall,bo,Emeka Egbuka,23062,WR,TB,36.67,7.93,24,48,,emeka-egbuka.php,,,96.5,,,,,,10.0,Emeka Egbuka,2026-08-07,TBB
/nfl/rankings/best-ball-overall.php,best-overall,bo,Jeremiyah Love,25403,RB,ARI,37.0,11.36,23,57,,jeremiyah-love.php,,,98.2,,,,,,14.0,Jeremiyah Love,2026-08-07,ARI
/nfl/rankings/best-ball-overall.php,best-overall,bo,Malik Nabers,25409,WR,NYG,37.67,9.34,22,50,,malik-nabers.php,,,98.1,,,,,3.0,8.0,Malik Nabers,2026-08-07,NYG
/nfl/rankings/best-ball-overall.php,best-overall,bo,Tee Higgins,19211,WR,CIN,38.0,6.61,30,47,,tee-higgins.php,,,97.4,,,,,,6.0,Tee Higgins,2026-08-07,CIN
/nfl/rankings/best-ball-overall.php,best-overall,bo,Jaylen Waddle,19790,WR,DEN,39.33,6.7,25,45,,jaylen-waddle.php,,,95.7,,,,,2.0,10.0,Jaylen Waddle,2026-08-07,DEN
/nfl/rankings/best-ball-overall.php,best-overall,bo,Garrett Wilson,23072,WR,NYJ,40.5,5.59,33,51,,garrett-wilson.php,,,97.3,,,,,-3.0,13.0,Garrett Wilson,2026-08-07,NYJ
/nfl/rankings/best-ball-overall.php,best-overall,bo,Ladd McConkey,26122,WR,LAC,41.5,11.9,30,61,,ladd-mcconkey.php,,,95.7,,,,,,7.0,Ladd McConkey,2026-08-07,LAC
/nfl/rankings/best-ball-overall.php,best-overall,bo,Josh Jacobs,18269,RB,GB,41.67,12.04,24,56,,josh-jacobs.php,,,98.7,,,,,,11.0,Josh Jacobs,2026-08-07,GBP
/nfl/rankings/best-ball-overall.php,best-overall,bo,Terry McLaurin,18466,WR,WAS,42.5,5.8,33,52,,terry-mclaurin.php,,,95.1,,,,,,7.0,Terry McLaurin,2026-08-07,WAS
/nfl/rankings/best-ball-overall.php,best-overall,bo,Travis Etienne Jr.,19231,RB,NO,45.0,11.25,33,64,,travis-etienne.php,,,95.7,,,,,,8.0,Travis Etienne,2026-08-07,NOS
/nfl/rankings/best-ball-overall.php,best-overall,bo,Luther Burden III,27016,WR,CHI,46.33,4.92,38,52,,luther-burden-iii.php,,,93.4,,,,,,10.0,Luther Burden,2026-08-07,CHI
/nfl/rankings/best-ball-overall.php,best-overall,bo,DJ Moore,17265,WR,BUF,49.67,6.6,40,59,,dj-moore-wr.php,,,92.8,,,,,,7.0,DJ Moore,2026-08-07,BUF
/nfl/rankings/best-ball-overall.php,best-overall,bo,Mike Evans,12119,WR,SF,49.83,5.34,43,57,,mike-evans.php,,,92.6,,,,,,8.0,Mike Evans,2026-08-07,SFO
/nfl/rankings/best-ball-overall.php,best-overall,bo,Lamar Jackson,17233,QB,BAL,50.0,12.92,36,74,,lamar-jackson.php,,,99.1,,,,,,13.0,Lamar Jackson,2026-08-07,BAL
/nfl/rankings/best-ball-overall.php,best-overall,bo,Colston Loveland,26006,TE,CHI,51.0,25.27,26,102,,colston-loveland.php,,,98.6,,,,,,10.0,Colston Loveland,2026-08-07,CHI
/nfl/rankings/best-ball-overall.php,best-overall,bo,Jameson Williams,23677,WR,DET,51.17,18.1,19,74,,jameson-williams.php,,,94.7,,,,,,6.0,Jameson Williams,2026-08-07,DET
/nfl/rankings/best-ball-overall.php,best-overall,bo,Joe Burrow,19196,QB,CIN,51.67,15.18,27,67,,joe-burrow.php,,,98.0,,,,,,6.0,Joe Burrow,2026-08-07,CIN
/nfl/rankings/best-ball-overall.php,best-overall,bo,TreVeyon Henderson,23065,RB,NE,53.17,17.35,37,86,,treveyon-henderson.php,,,93.4,,,,,,11.0,TreVeyon Henderson,2026-08-07,NEP
/nfl/rankings/best-ball-overall.php,best-overall,bo,Drake Maye,23046,QB,NE,54.17,16.18,29,76,,drake-maye.php,,,98.6,,,,,,11.0,Drake Maye,2026-08-07,NEP
/nfl/rankings/best-ball-overall.php,best-overall,bo,David Montgomery,18239,RB,HOU,55.33,6.65,45,65,,david-montgomery.php,,,93.4,,,,,,8.0,David Montgomery,2026-08-07,HOU
/nfl/rankings/best-ball-overall.php,best-overall,bo,Davante Adams,12123,WR,LAR,55.67,12.05,43,79,,davante-adams.php,,,97.3,,,,,,11.0,Davante Adams,2026-08-07,LAR
/nfl/rankings/best-ball-overall.php,best-overall,bo,Carnell Tate,26009,WR,TEN,55.83,8.65,46,70,,carnell-tate.php,,,92.9,,,,,,9.0,Carnell Tate,2026-08-07,TEN
/nfl/rankings/best-ball-overall.php,best-overall,bo,Cam Skattebo,27166,RB,NYG,56.0,8.91,49,75,,cam-skattebo.php,,,96.5,,,,,,8.0,Cam Skattebo,2026-08-07,NYG
/nfl/rankings/best-ball-overall.php,best-overall,bo,Jayden Daniels,22902,QB,WAS,56.33,18.78,29,83,,jayden-daniels.php,,,97.4,,,,,,7.0,Jayden Daniels,2026-08-07,WAS
/nfl/rankings/best-ball-overall.php,best-overall,bo,Christian Watson,23886,WR,GB,58.5,12.19,41,78,,christian-watson.php,,,91.1,,,,,,11.0,Christian Watson,2026-08-07,GBP
/nfl/rankings/best-ball-overall.php,best-overall,bo,D'Andre Swift,19210,RB,CHI,58.67,7.36,49,72,,dandre-swift.php,,,93.8,,,,,,10.0,DAndre Swift,2026-08-07,CHI
/nfl/rankings/best-ball-overall.php,best-overall,bo,Bucky Irving,25981,RB,TB,59.17,9.82,51,80,,bucky-irving.php,,,95.5,,,,,,10.0,Bucky Irving,2026-08-07,TBB
/nfl/rankings/best-ball-overall.php,best-overall,bo,Jalen Hurts,19275,QB,PHI,61.17,15.07,32,74,,jalen-hurts.php,,,97.7,,,,,,10.0,Jalen Hurts,2026-08-07,PHI
/nfl/rankings/best-ball-overall.php,best-overall,bo,Bhayshul Tuten,27297,RB,JAC,61.17,22.38,43,109,,bhayshul-tuten.php,,,90.1,,,,,,7.0,Bhayshul Tuten,2026-08-07,JAC
/nfl/rankings/best-ball-overall.php,best-overall,bo,Tyler Warren,26434,TE,IND,62.67,6.45,56,71,,tyler-warren.php,,,98.3,,,,,,13.0,Tyler Warren,2026-08-07,IND
/nfl/rankings/best-ball-overall.php,best-overall,bo,Jadarian Price,27329,RB,SEA,63.67,14.82,35,85,,jadarian-price.php,,,91.0,,,,,,11.0,Jadarian Price,2026-08-07,SEA
/nfl/rankings/best-ball-overall.php,best-overall,bo,Quinshon Judkins,25391,RB,CLE,64.67,14.01,47,91,,quinshon-judkins.php,,,93.7,,,,,,11.0,Quinshon Judkins,2026-08-07,CLE
/nfl/rankings/best-ball-overall.php,best-overall,bo,Tucker Kraft,25298,TE,GB,65.5,11.94,42,80,,tucker-kraft.php,,,93.4,,,,,,11.0,Tucker Kraft,2026-08-07,GBP
/nfl/rankings/best-ball-overall.php,best-overall,bo,Jordyn Tyson,26035,WR,NO,67.0,4.32,62,74,,jordyn-tyson.php,,,88.6,,,,,,8.0,Jordyn Tyson,2026-08-07,NOS
/nfl/rankings/best-ball-overall.php,best-overall,bo,Rome Odunze,25411,WR,CHI,72.5,15.97,47,93,,rome-odunze.php,,,91.8,,,,,,10.0,Rome Odunze,2026-08-07,CHI
/nfl/rankings/best-ball-overall.php,best-overall,bo,Alec Pierce,23791,WR,IND,74.5,19.79,36,99,,alec-pierce.php,,,89.5,,,,,,13.0,Alec Pierce,2026-08-07,IND
/nfl/rankings/best-ball-overall.php,best-overall,bo,Parker Washington,23106,WR,JAC,74.67,15.58,58,101,,parker-washington.php,,,88.0,,,,,,7.0,Parker Washington,2026-08-07,JAC
/nfl/rankings/best-ball-overall.php,best-overall,bo,Trevor Lawrence,19780,QB,JAC,76.17,7.22,67,87,,trevor-lawrence.php,,,89.6,,,,,,7.0,Trevor Lawrence,2026-08-07,JAC
/nfl/rankings/best-ball-overall.php,best-overall,bo,Caleb Williams,23084,QB,CHI,76.33,11.9,62,97,,caleb-williams.php,,,93.0,,,,,2.0,10.0,Caleb Williams,2026-08-07,CHI
/nfl/rankings/best-ball-overall.php,best-overall,bo,Dak Prescott,15600,QB,DAL,76.83,16.62,58,108,,dak-prescott.php,,,93.3,,,,,,14.0,Dak Prescott,2026-08-07,DAL
/nfl/rankings/best-ball-overall.php,best-overall,bo,Justin Herbert,18635,QB,LAC,77.0,11.66,58,90,,justin-herbert.php,,,93.2,,,,,,7.0,Justin Herbert,2026-08-07,LAC
/nfl/rankings/best-ball-overall.php,best-overall,bo,Marvin Harrison Jr.,23064,WR,ARI,77.33,16.73,65,114,,marvin-harrison-jr.php,,,88.6,,,,,,14.0,Marvin Harrison,2026-08-07,ARI
/nfl/rankings/best-ball-overall.php,best-overall,bo,DK Metcalf,18219,WR,PIT,77.67,12.35,54,90,,dk-metcalf.php,,,91.8,,,,,,9.0,DK Metcalf,2026-08-07,PIT
/nfl/rankings/best-ball-overall.php,best-overall,bo,Tony Pollard,18705,RB,TEN,78.17,17.01,55,105,,tony-pollard.php,,,89.3,,,,,,9.0,Tony Pollard,2026-08-07,TEN
/nfl/rankings/best-ball-overall.php,best-overall,bo,Jaylen Warren,24209,RB,PIT,78.67,6.39,70,85,,jaylen-warren.php,,,90.5,,,,,,9.0,Jaylen Warren,2026-08-07,PIT
/nfl/rankings/best-ball-overall.php,best-overall,bo,Brian Thomas Jr.,23000,WR,JAC,78.83,20.92,55,106,,brian-thomas-jr.php,,,87.8,,,,,,7.0,Brian Thomas,2026-08-07,JAC
/nfl/rankings/best-ball-overall.php,best-overall,bo,Courtland Sutton,17253,WR,DEN,84.0,19.0,53,110,,courtland-sutton.php,,,88.0,,,,,,10.0,Courtland Sutton,2026-08-07,DEN
/nfl/rankings/best-ball-overall.php,best-overall,bo,Sam LaPorta,22978,TE,DET,84.83,6.52,75,93,,sam-laporta.php,,,95.6,,,,,,6.0,Sam LaPorta,2026-08-07,DET
/nfl/rankings/best-ball-overall.php,best-overall,bo,Rhamondre Stevenson,22726,RB,NE,85.5,12.59,72,111,,rhamondre-stevenson.php,,,86.4,,,,,,11.0,Rhamondre Stevenson,2026-08-07,NEP
/nfl/rankings/best-ball-overall.php,best-overall,bo,Chris Godwin Jr.,16406,WR,TB,86.83,13.45,66,110,,chris-godwin.php,,,85.2,,,,,,10.0,Chris Godwin,2026-08-07,TBB
/nfl/rankings/best-ball-overall.php,best-overall,bo,Makai Lemon,25420,WR,PHI,88.5,18.9,72,126,,makai-lemon.php,,,87.4,,,,,,10.0,Makai Lemon,2026-08-07,PHI
/nfl/rankings/best-ball-overall.php,best-overall,bo,Quentin Johnston,23123,WR,LAC,88.67,25.2,45,126,,quentin-johnston.php,,,81.9,,,,,4.0,7.0,Quentin Johnston,2026-08-07,LAC
/nfl/rankings/best-ball-overall.php,best-overall,bo,Jonathon Brooks,26148,RB,CAR,90.0,11.02,76,107,,jonathon-brooks.php,,,74.7,,,,,,5.0,Jonathon Brooks,2026-08-07,CAR
/nfl/rankings/best-ball-overall.php,best-overall,bo,Jaxson Dart,23160,QB,NYG,92.17,17.98,62,111,,jaxson-dart.php,,,94.0,,,,,,8.0,Jaxson Dart,2026-08-07,NYG
/nfl/rankings/best-ball-overall.php,best-overall,bo,Brock Purdy,19797,QB,SF,92.67,15.93,77,124,,brock-purdy.php,,,90.3,,,,,,8.0,Brock Purdy,2026-08-07,SFO
/nfl/rankings/best-ball-overall.php,best-overall,bo,Wan'Dale Robinson,22985,WR,TEN,93.0,13.01,78,113,,wandale-robinson.php,,,75.9,,,,,,9.0,WanDale Robinson,2026-08-07,TEN
/nfl/rankings/best-ball-overall.php,best-overall,bo,Rico Dowdle,19647,RB,PIT,93.17,13.53,73,117,,rico-dowdle.php,,,89.3,,,,,,9.0,Rico Dowdle,2026-08-07,PIT
/nfl/rankings/best-ball-overall.php,best-overall,bo,Josh Downs,24706,WR,IND,93.5,19.16,70,127,,josh-downs.php,,,81.4,,,,,,13.0,Josh Downs,2026-08-07,IND
/nfl/rankings/best-ball-overall.php,best-overall,bo,RJ Harvey,27142,RB,DEN,93.5,15.69,81,126,,rj-harvey.php,,,86.0,,,,,,10.0,RJ Harvey,2026-08-07,DEN
/nfl/rankings/best-ball-overall.php,best-overall,bo,Kyle Pitts Sr.,20164,TE,ATL,94.0,10.17,84,113,,kyle-pitts.php,,,94.9,,,,,,11.0,Kyle Pitts,2026-08-07,ATL
/nfl/rankings/best-ball-overall.php,best-overall,bo,Chuba Hubbard,19792,RB,CAR,94.33,15.81,66,119,,chuba-hubbard.php,,,88.1,,,,,,5.0,Chuba Hubbard,2026-08-07,CAR
/nfl/rankings/best-ball-overall.php,best-overall,bo,Michael Pittman Jr.,19278,WR,PIT,95.17,19.4,62,125,,michael-pittman.php,,,87.0,,,,,,9.0,Michael Pittman,2026-08-07,PIT
/nfl/rankings/best-ball-overall.php,best-overall,bo,Patrick Mahomes II,16413,QB,KC,95.5,10.36,78,107,,patrick-mahomes.php,,,90.8,,,,,,5.0,Patrick Mahomes,2026-08-07,KCC
/nfl/rankings/best-ball-overall.php,best-overall,bo,Michael Wilson,25333,WR,ARI,96.67,22.71,68,129,,michael-wilson.php,,,84.8,,,,,,14.0,Michael Wilson,2026-08-07,ARI
/nfl/rankings/best-ball-overall.php,best-overall,bo,Harold Fannin Jr.,27050,TE,CLE,97.33,14.14,76,114,,harold-fannin-jr.php,,,94.1,,,,,,11.0,Harold Fannin,2026-08-07,CLE
/nfl/rankings/best-ball-overall.php,best-overall,bo,Travis Kelce,11594,TE,KC,97.5,13.96,77,121,,travis-kelce.php,,,89.4,,,,,,5.0,Travis Kelce,2026-08-07,KCC
/nfl/rankings/best-ball-overall.php,best-overall,bo,Bo Nix,22910,QB,DEN,97.83,9.32,83,112,,bo-nix.php,,,87.5,,,,,,10.0,Bo Nix,2026-08-07,DEN
/nfl/rankings/best-ball-overall.php,best-overall,bo,Jordan Addison,23107,WR,MIN,98.17,22.55,56,119,,jordan-addison.php,,,83.4,,,,,,6.0,Jordan Addison,2026-08-07,MIN
/nfl/rankings/best-ball-overall.php,best-overall,bo,George Kittle,16499,TE,SF,100.0,20.11,60,120,,george-kittle.php,,,92.4,,,,,,8.0,George Kittle,2026-08-07,SFO
/nfl/rankings/best-ball-overall.php,best-overall,bo,Jakobi Meyers,18598,WR,JAC,103.83,22.81,71,137,,jakobi-meyers.php,,,81.3,,,,,,7.0,Jakobi Meyers,2026-08-07,JAC
/nfl/rankings/best-ball-overall.php,best-overall,bo,Xavier Worthy,23019,WR,KC,105.33,30.21,61,149,,xavier-worthy.php,,,71.8,,,,,,5.0,Xavier Worthy,2026-08-07,KCC
/nfl/rankings/best-ball-overall.php,best-overall,bo,Kyle Monangai,27131,RB,CHI,105.67,7.06,96,116,,kyle-monangai.php,,,84.1,,,,,,10.0,Kyle Monangai,2026-08-07,CHI
/nfl/rankings/best-ball-overall.php,best-overall,bo,Jared Goff,15501,QB,DET,106.17,11.82,88,127,,jared-goff.php,,,77.8,,,,,,6.0,Jared Goff,2026-08-07,DET
/nfl/rankings/best-ball-overall.php,best-overall,bo,Dalton Kincaid,25247,TE,BUF,107.67,20.59,79,142,,dalton-kincaid.php,,,78.8,,,,,,7.0,Dalton Kincaid,2026-08-07,BUF
/nfl/rankings/best-ball-overall.php,best-overall,bo,Matthew Stafford,9451,QB,LAR,108.67,18.99,69,124,,matthew-stafford.php,,,91.6,,,,,,11.0,Matthew Stafford,2026-08-07,LAR
/nfl/rankings/best-ball-overall.php,best-overall,bo,Blake Corum,23013,RB,LAR,110.5,17.56,92,144,,blake-corum.php,,,82.0,,,,,,11.0,Blake Corum,2026-08-07,LAR
/nfl/rankings/best-ball-overall.php,best-overall,bo,J.K. Dobbins,19245,RB,DEN,112.0,35.42,72,171,,jk-dobbins.php,,,86.7,,,,,,10.0,JK Dobbins,2026-08-07,DEN
/nfl/rankings/best-ball-overall.php,best-overall,bo,Jayden Higgins,27077,WR,HOU,112.17,18.69,79,136,,jayden-higgins.php,,,47.4,,,,,,8.0,Jayden Higgins,2026-08-07,HOU
/nfl/rankings/best-ball-overall.php,best-overall,bo,Kenny Gainwell,23310,RB,TB,112.5,15.54,82,131,,kenneth-gainwell.php,,,81.0,,,,,,10.0,Kenny Gainwell,2026-08-07,TBB
/nfl/rankings/best-ball-overall.php,best-overall,bo,Jayden Reed,23020,WR,GB,113.17,19.48,81,136,,jayden-reed.php,,,76.0,,,,,,11.0,Jayden Reed,2026-08-07,GBP
/nfl/rankings/best-ball-overall.php,best-overall,bo,Rachaad White,23891,RB,WAS,113.5,24.14,72,152,,rachaad-white.php,,,79.8,,,,,,7.0,Rachaad White,2026-08-07,WAS
/nfl/rankings/best-ball-overall.php,best-overall,bo,Kyler Murray,18600,QB,MIN,115.83,8.88,105,133,,kyler-murray.php,,,72.3,,,,,,6.0,Kyler Murray,2026-08-07,MIN
/nfl/rankings/best-ball-overall.php,best-overall,bo,Aaron Jones Sr.,16673,RB,MIN,117.5,22.26,87,159,,aaron-jones.php,,,83.4,,,,,,6.0,Aaron Jones,2026-08-07,MIN
/nfl/rankings/best-ball-overall.php,best-overall,bo,Romeo Doubs,23794,WR,NE,117.5,9.78,101,134,,romeo-doubs.php,,,65.9,,,,,,11.0,Romeo Doubs,2026-08-07,NEP
/nfl/rankings/best-ball-overall.php,best-overall,bo,Baker Mayfield,17237,QB,TB,117.67,8.83,100,128,,baker-mayfield.php,,,62.0,,,,,,10.0,Baker Mayfield,2026-08-07,TBB
/nfl/rankings/best-ball-overall.php,best-overall,bo,Jordan Love,19246,QB,GB,118.33,9.03,107,132,,jordan-love.php,,,58.6,,,,,,11.0,Jordan Love,2026-08-07,GBP
/nfl/rankings/best-ball-overall.php,best-overall,bo,Dallas Goedert,17270,TE,PHI,119.67,15.99,91,134,,dallas-goedert.php,,,86.4,,,,,3.0,10.0,Dallas Goedert,2026-08-07,PHI
/nfl/rankings/best-ball-overall.php,best-overall,bo,Tyler Shough,23096,QB,NO,123.83,15.61,103,146,,tyler-shough.php,,,51.2,,,,,,8.0,Tyler Shough,2026-08-07,NOS
/nfl/rankings/best-ball-overall.php,best-overall,bo,Jalen Coker,26403,WR,CAR,124.0,12.46,98,135,,jalen-coker.php,,,46.7,,,,,,5.0,Jalen Coker,2026-08-07,CAR
/nfl/rankings/best-ball-overall.php,best-overall,bo,Jacory Croskey-Merritt,27316,RB,WAS,124.33,15.69,92,138,,jacory-croskeymerritt.php,,,74.6,,,,,,7.0,Jacory Croskey-Merritt,2026-08-07,WAS
/nfl/rankings/best-ball-overall.php,best-overall,bo,Jake Ferguson,22718,TE,DAL,124.83,18.85,98,157,,jake-ferguson.php,,,88.8,,,,,,14.0,Jake Ferguson,2026-08-07,DAL
/nfl/rankings/best-ball-overall.php,best-overall,bo,Jordan Mason,22969,RB,MIN,127.5,25.66,103,182,,jordan-mason.php,,,70.5,,,,,,6.0,Jordan Mason,2026-08-07,MIN
/nfl/rankings/best-ball-overall.php,best-overall,bo,Mark Andrews,17269,TE,BAL,127.83,24.31,100,174,,mark-andrews.php,,,82.5,,,,,,13.0,Mark Andrews,2026-08-07,BAL
/nfl/rankings/best-ball-overall.php,best-overall,bo,Malik Willis,23499,QB,MIA,128.83,31.56,104,195,,malik-willis.php,,,44.9,,,,,-3.0,6.0,Malik Willis,2026-08-07,MIA
/nfl/rankings/best-ball-overall.php,best-overall,bo,Isaiah Likely,23781,TE,NYG,130.83,40.25,87,210,,isaiah-likely.php,,,85.7,,,,,-3.0,8.0,Isaiah Likely,2026-08-07,NYG
/nfl/rankings/best-ball-overall.php,best-overall,bo,Khalil Shakir,23748,WR,BUF,131.5,14.83,101,145,,khalil-shakir.php,,,65.4,,,,,,7.0,Khalil Shakir,2026-08-07,BUF
/nfl/rankings/best-ball-overall.php,best-overall,bo,Matthew Golden,26024,WR,GB,135.33,18.85,112,162,,matthew-golden.php,,,67.1,,,,,,11.0,Matthew Golden,2026-08-07,GBP
/nfl/rankings/best-ball-overall.php,best-overall,bo,C.J. Stroud,23071,QB,HOU,140.5,21.37,112,178,,cj-stroud.php,,,40.0,,,,,,8.0,CJ Stroud,2026-08-07,HOU
/nfl/rankings/best-ball-overall.php,best-overall,bo,KC Concepcion,27331,WR,CLE,102.0,11.45,91,120,,kevin-concepcion.php,,,66.0,,,,,,11.0,KC Concepcion,2026-08-07,CLE
/nfl/rankings/best-ball-overall.php,best-overall,bo,Rashid Shaheed,24687,WR,SEA,142.5,21.05,118,183,,rashid-shaheed.php,,,44.4,,,,,,11.0,Rashid Shaheed,2026-08-07,SEA
/nfl/rankings/best-ball-overall.php,best-overall,bo,Denzel Boston,27339,WR,CLE,144.67,10.75,122,153,,denzel-boston.php,,,36.1,,,,,,11.0,Denzel Boston,2026-08-07,CLE
/nfl/rankings/best-ball-overall.php,best-overall,bo,Juwan Johnson,19562,TE,NO,146.67,20.2,116,167,,juwan-johnson.php,,,46.2,,,,,,8.0,Juwan Johnson,2026-08-07,NOS
/nfl/rankings/best-ball-overall.php,best-overall,bo,Tyrone Tracy Jr.,22980,RB,NYG,148.67,19.68,130,188,,tyrone-tracy-jr.php,,,40.0,,,,,,8.0,Tyrone Tracy,2026-08-07,NYG
/nfl/rankings/best-ball-overall.php,best-overall,bo,Woody Marks,27520,RB,HOU,152.0,22.8,115,184,,woody-marks.php,,,53.9,,,,,,8.0,Woody Marks,2026-08-07,HOU
/nfl/rankings/best-ball-overall.php,best-overall,bo,Chig Okonkwo,23982,TE,WAS,152.17,31.04,110,203,,chigoziem-okonkwo.php,,,44.2,,,,,,7.0,Chigoziem Okonkwo,2026-08-07,WAS
/nfl/rankings/best-ball-overall.php,best-overall,bo,Tyler Allgeier,24172,RB,ARI,154.5,34.67,121,229,,tyler-allgeier.php,,,46.0,,,,,,14.0,Tyler Allgeier,2026-08-07,ARI
/nfl/rankings/best-ball-overall.php,best-overall,bo,Greg Dulcich,23153,TE,MIA,155.5,26.81,112,188,,greg-dulcich.php,,,21.0,,,,,,6.0,Greg Dulcich,2026-08-07,MIA
/nfl/rankings/best-ball-overall.php,best-overall,bo,Brenton Strange,25345,TE,JAC,155.67,21.42,128,194,,brenton-strange.php,,,49.9,,,,,,7.0,Brenton Strange,2026-08-07,JAC
/nfl/rankings/best-ball-overall.php,best-overall,bo,Alvin Kamara,16421,RB,NO,157.5,21.46,129,199,,alvin-kamara.php,,,52.4,,,,,,8.0,Alvin Kamara,2026-08-07,NOS
/nfl/rankings/best-ball-overall.php,best-overall,bo,Zach Charbonnet,23152,RB,SEA,157.67,18.39,140,192,,zach-charbonnet.php,,,70.4,,,,,,11.0,Zach Charbonnet,2026-08-07,SEA
/nfl/rankings/best-ball-overall.php,best-overall,bo,Keaton Mitchell,25360,RB,LAC,159.33,57.03,122,285,,keaton-mitchell.php,,,33.5,,,,,,7.0,Keaton Mitchell,2026-08-07,LAC
/nfl/rankings/best-ball-overall.php,best-overall,bo,Dylan Sampson,27102,RB,CLE,159.83,26.02,121,200,,dylan-sampson.php,,,24.1,,,,,,11.0,Dylan Sampson,2026-08-07,CLE
/nfl/rankings/best-ball-overall.php,best-overall,bo,Cam Ward,24755,QB,TEN,161.5,33.92,134,236,,cam-ward.php,,,28.9,,,,,,9.0,Cam Ward,2026-08-07,TEN
/nfl/rankings/best-ball-overall.php,best-overall,bo,Hunter Henry,15561,TE,NE,162.67,20.61,133,187,,hunter-henry.php,,,65.5,,,,,,11.0,Hunter Henry,2026-08-07,NEP
/nfl/rankings/best-ball-overall.php,best-overall,bo,Oronde Gadsden II,25997,TE,LAC,163.83,27.08,123,215,,oronde-gadsden-ii.php,,,49.1,,,,,,7.0,Oronde Gadsden,2026-08-07,LAC
/nfl/rankings/best-ball-overall.php,best-overall,bo,Jonah Coleman,27320,RB,DEN,164.0,34.63,137,239,,jonah-coleman.php,,,33.7,,,,,,10.0,Jonah Coleman,2026-08-07,DEN
/nfl/rankings/best-ball-overall.php,best-overall,bo,Kenyon Sadiq,26055,TE,NYJ,164.67,35.05,123,216,,kenyon-sadiq.php,,,63.9,,,,,,13.0,Kenyon Sadiq,2026-08-07,NYJ
/nfl/rankings/best-ball-overall.php,best-overall,bo,Dalton Schultz,17349,TE,HOU,164.83,21.78,143,210,,dalton-schultz.php,,,29.2,,,,,,8.0,Dalton Schultz,2026-08-07,HOU
/nfl/rankings/best-ball-overall.php,best-overall,bo,Isiah Pacheco,24333,RB,DET,167.33,14.08,149,189,,isiah-pacheco.php,,,51.9,,,,,,6.0,Isiah Pacheco,2026-08-07,DET
/nfl/rankings/best-ball-overall.php,best-overall,bo,Stefon Diggs,13981,WR,WAS,133.0,22.24,94,163,,stefon-diggs.php,,,55.5,,,,,,7.0,Stefon Diggs,2026-08-07,WAS
/nfl/rankings/best-ball-overall.php,best-overall,bo,Jerry Jeudy,19201,WR,CLE,170.0,15.0,144,194,,jerry-jeudy.php,,,34.7,,,,,,11.0,Jerry Jeudy,2026-08-07,CLE
/nfl/rankings/best-ball-overall.php,best-overall,bo,Omar Cooper Jr.,28127,WR,NYJ,137.6,10.13,122,153,,omar-cooper-jr.php,,,39.1,,,,,,13.0,Omar Cooper,2026-08-07,NYJ
/nfl/rankings/best-ball-overall.php,best-overall,bo,Sam Darnold,17236,QB,SEA,139.8,6.68,133,152,,sam-darnold.php,,,42.9,,,,,,11.0,Sam Darnold,2026-08-07,SEA
/nfl/rankings/best-ball-overall.php,best-overall,bo,Tank Bigsby,22908,RB,PHI,174.5,32.55,131,219,,tank-bigsby.php,,,31.3,,,,,,10.0,Tank Bigsby,2026-08-07,PHI
/nfl/rankings/best-ball-overall.php,best-overall,bo,T.J. Hockenson,18290,TE,MIN,174.83,21.82,143,202,,tj-hockenson.php,,,55.8,,,,,,6.0,TJ Hockenson,2026-08-07,MIN
/nfl/rankings/best-ball-overall.php,best-overall,bo,Tre Tucker,25337,WR,LV,175.83,61.21,110,295,,tre-tucker.php,,,22.1,,,,,,13.0,Tre Tucker,2026-08-07,LVR
/nfl/rankings/best-ball-overall.php,best-overall,bo,Daniel Jones,18232,QB,IND,144.0,4.77,138,152,,daniel-jones.php,,,40.7,,,,,,13.0,Daniel Jones,2026-08-07,IND
/nfl/rankings/best-ball-overall.php,best-overall,bo,AJ Barner,26335,TE,SEA,179.0,34.39,146,228,,aj-barner.php,,,27.2,,,,,,11.0,AJ Barner,2026-08-07,SEA
/nfl/rankings/best-ball-overall.php,best-overall,bo,Tyjae Spears,25323,RB,TEN,181.17,29.41,145,224,,tyjae-spears.php,,,46.9,,,,,,9.0,Tyjae Spears,2026-08-07,TEN
/nfl/rankings/best-ball-overall.php,best-overall,bo,Chris Rodriguez Jr.,22986,RB,JAC,151.6,36.27,121,211,,chris-rodriguez-jr.php,,,40.7,,,,,,7.0,Chris Rodriguez,2026-08-07,JAC
/nfl/rankings/best-ball-overall.php,best-overall,bo,De'Zhaun Stribling,28138,WR,SF,155.6,30.85,108,198,,dezhaun-stribling.php,,,24.1,,,,,,8.0,DeZhaun Stribling,2026-08-07,SFO
/nfl/rankings/best-ball-overall.php,best-overall,bo,Jalen Nailor,24177,WR,LV,160.4,29.04,117,208,,jalen-nailor.php,,,31.7,,,,,,13.0,Jalen Nailor,2026-08-07,LVR
/nfl/rankings/best-ball-overall.php,best-overall,bo,Antonio Williams,25418,WR,WAS,163.2,16.67,131,178,,antonio-williams-wr.php,,,28.4,,,,,,7.0,Antonio Williams,2026-08-07,WAS
/nfl/rankings/best-ball-overall.php,best-overall,bo,Cade Otton,23181,TE,TB,193.5,26.4,154,229,,cade-otton.php,,,23.0,,,,,,10.0,Cade Otton,2026-08-07,TBB
/nfl/rankings/best-ball-overall.php,best-overall,bo,Geno Smith,11687,QB,NYJ,165.6,10.25,158,185,,geno-smith.php,,,15.6,,,,,,13.0,Geno Smith,2026-08-07,NYJ
/nfl/rankings/best-ball-overall.php,best-overall,bo,MarShawn Lloyd,23118,RB,GB,195.17,43.8,147,278,,marshawn-lloyd.php,,,9.3,,,,,,11.0,MarShawn Lloyd,2026-08-07,GBP
/nfl/rankings/best-ball-overall.php,best-overall,bo,Brian Robinson Jr.,20094,RB,ATL,168.8,17.47,142,196,,brian-robinson-jr.php,,,37.5,,,,,,11.0,Brian Robinson,2026-08-07,ATL
/nfl/rankings/best-ball-overall.php,best-overall,bo,Jauan Jennings,19590,WR,MIN,169.2,20.0,147,206,,jauan-jennings.php,,,35.1,,,,,,6.0,Jauan Jennings,2026-08-07,MIN
/nfl/rankings/best-ball-overall.php,best-overall,bo,Aaron Rodgers,9001,QB,PIT,174.2,36.74,128,241,,aaron-rodgers.php,,,18.8,,,,,,9.0,Aaron Rodgers,2026-08-07,PIT
/nfl/rankings/best-ball-overall.php,best-overall,bo,Malik Washington,26314,WR,MIA,202.17,46.24,135,285,,malik-washington.php,,,16.9,,,,,,6.0,Malik Washington,2026-08-07,MIA
/nfl/rankings/best-ball-overall.php,best-overall,bo,Deebo Samuel Sr.,18244,WR,SF,134.25,25.85,102,163,,deebo-samuel.php,,,56.2,,,,,17.0,8.0,Deebo Samuel,2026-08-07,SFO
/nfl/rankings/best-ball-overall.php,best-overall,bo,Travis Hunter,26034,WR,JAC,176.4,39.14,143,243,,travis-hunter.php,,,66.7,,,,,,7.0,Travis Hunter,2026-08-07,JAC
/nfl/rankings/best-ball-overall.php,best-overall,bo,Terrance Ferguson,23091,TE,LAR,204.33,35.79,167,280,,terrance-ferguson.php,,,20.2,,,,,,11.0,Terrance Ferguson,2026-08-07,LAR
/nfl/rankings/best-ball-overall.php,best-overall,bo,Bryce Young,22900,QB,CAR,177.2,37.7,135,231,,bryce-young.php,,,32.0,,,,,,5.0,Bryce Young,2026-08-07,CAR
/nfl/rankings/best-ball-overall.php,best-overall,bo,Mike Gesicki,17272,TE,CIN,205.67,28.1,169,253,,mike-gesicki.php,,,10.5,,,,,,6.0,Mike Gesicki,2026-08-07,CIN
/nfl/rankings/best-ball-overall.php,best-overall,bo,Ray Davis,26191,RB,BUF,207.5,31.53,147,237,,ray-davis.php,,,15.4,,,,,,7.0,Ray Davis,2026-08-07,BUF
/nfl/rankings/best-ball-overall.php,best-overall,bo,Jalen McMillan,23179,WR,TB,182.8,24.94,141,207,,jalen-mcmillan.php,,,30.8,,,,,,10.0,Jalen McMillan,2026-08-07,TBB
/nfl/rankings/best-ball-overall.php,best-overall,bo,Jacoby Brissett,15642,QB,ARI,183.0,55.21,130,275,,jacoby-brissett.php,,,25.4,,,,,,14.0,Jacoby Brissett,2026-08-07,ARI
/nfl/rankings/best-ball-overall.php,best-overall,bo,Nicholas Singleton,24343,RB,TEN,209.83,57.36,144,302,,nick-singleton.php,,,25.3,,,,,,9.0,Nicholas Singleton,2026-08-07,TEN
/nfl/rankings/best-ball-overall.php,best-overall,bo,Adonai Mitchell,24357,WR,NYJ,184.2,17.15,170,217,,adonai-mitchell.php,,,18.3,,,,,,13.0,Adonai Mitchell,2026-08-07,NYJ
/nfl/rankings/best-ball-overall.php,best-overall,bo,Darnell Mooney,19810,WR,NYG,184.4,23.9,145,209,,darnell-mooney.php,,,17.4,,,,,,8.0,Darnell Mooney,2026-08-07,NYG
/nfl/rankings/best-ball-overall.php,best-overall,bo,Tre' Harris,26215,WR,LAC,184.6,31.02,148,230,,tre-harris.php,,,15.6,,,,,,7.0,Tre Harris,2026-08-07,LAC
/nfl/rankings/best-ball-overall.php,best-overall,bo,Germie Bernard,26039,WR,PIT,185.8,21.78,162,226,,germie-bernard.php,,,20.4,,,,,-11.0,9.0,Germie Bernard,2026-08-07,PIT
/nfl/rankings/best-ball-overall.php,best-overall,bo,Braelon Allen,24346,RB,NYJ,187.2,38.74,122,238,,braelon-allen.php,,,20.6,,,,,,13.0,Braelon Allen,2026-08-07,NYJ
/nfl/rankings/best-ball-overall.php,best-overall,bo,Calvin Ridley,17258,WR,TEN,190.2,18.73,164,221,,calvin-ridley.php,,,19.8,,,,,,9.0,Calvin Ridley,2026-08-07,TEN
/nfl/rankings/best-ball-overall.php,best-overall,bo,Pat Freiermuth,20163,TE,PIT,215.33,46.79,155,305,,pat-freiermuth.php,,,16.7,,,,,,9.0,Pat Freiermuth,2026-08-07,PIT
/nfl/rankings/best-ball-overall.php,best-overall,bo,Emmett Johnson,28107,RB,KC,192.0,45.69,148,275,,emmett-johnson.php,,,26.6,,,,,,5.0,Emmett Johnson,2026-08-07,KCC
/nfl/rankings/best-ball-overall.php,best-overall,bo,Kaytron Allen,24362,RB,WAS,195.4,45.5,151,282,,kaytron-allen.php,,,21.1,,,,,,7.0,Kaytron Allen,2026-08-07,WAS
/nfl/rankings/best-ball-overall.php,best-overall,bo,Mike Washington Jr.,28108,RB,LV,195.8,35.61,134,230,,mike-washington-jr.php,,,25.5,,,,,,13.0,Mike Washington,2026-08-07,LVR
/nfl/rankings/best-ball-overall.php,best-overall,bo,Jaylin Noel,27122,WR,HOU,196.2,12.07,173,206,,jaylin-noel.php,,,10.3,,,,,,8.0,Jaylin Noel,2026-08-07,HOU
/nfl/rankings/best-ball-overall.php,best-overall,bo,Kayshon Boutte,22989,WR,NE,196.8,24.62,150,219,,kayshon-boutte.php,,,21.4,,,,,,11.0,Kayshon Boutte,2026-08-07,NEP
/nfl/rankings/best-ball-overall.php,best-overall,bo,Isaac TeSlaa,27446,WR,DET,199.0,22.96,182,244,,isaac-teslaa.php,,,18.7,,,,,,6.0,Isaac TeSlaa,2026-08-07,DET
/nfl/rankings/best-ball-overall.php,best-overall,bo,Ryan Flournoy,26398,WR,DAL,199.8,67.43,139,330,,ryan-flournoy.php,,,14.8,,,,,,14.0,Ryan Flournoy,2026-08-07,DAL
/nfl/rankings/best-ball-overall.php,best-overall,bo,Houston Texans,8120,DST,HOU,169.25,26.68,150,215,,houston-defense.php,,,96.2,,,,,,8.0,Houston Texans,2026-08-07,HOU
/nfl/rankings/best-ball-overall.php,best-overall,bo,Rashod Bateman,19794,WR,BAL,204.2,28.76,148,225,,rashod-bateman.php,,,8.7,,,,,,13.0,Rashod Bateman,2026-08-07,BAL
/nfl/rankings/best-ball-overall.php,best-overall,bo,Gunnar Helm,27109,TE,TEN,205.0,25.88,169,235,,gunnar-helm.php,,,16.8,,,,,,9.0,Gunnar Helm,2026-08-07,TEN
/nfl/rankings/best-ball-overall.php,best-overall,bo,James Conner,16447,RB,ARI,205.6,58.17,147,306,,james-conner.php,,,28.5,,,,,,14.0,James Conner,2026-08-07,ARI
/nfl/rankings/best-ball-overall.php,best-overall,bo,Los Angeles Rams,8280,DST,LAR,174.5,28.52,150,223,,los-angeles-rams-defense.php,,,84.5,,,,,,11.0,Los Angeles Rams,2026-08-07,LAR
/nfl/rankings/best-ball-overall.php,best-overall,bo,Denver Broncos,8090,DST,DEN,177.5,25.2,160,221,,denver-defense.php,,,94.2,,,,,,10.0,Denver Broncos,2026-08-07,DEN
/nfl/rankings/best-ball-overall.php,best-overall,bo,Elijah Sarratt,27463,WR,BAL,210.8,26.44,192,263,,elijah-sarratt.php,,,16.3,,,,,,13.0,Elijah Sarratt,2026-08-07,BAL
/nfl/rankings/best-ball-overall.php,best-overall,bo,Ted Hurst III,28130,WR,TB,211.6,32.34,175,269,,ted-hurst.php,,,17.4,,,,,,10.0,Ted Hurst,2026-08-07,TBB
/nfl/rankings/best-ball-overall.php,best-overall,bo,Seattle Seahawks,8260,DST,SEA,180.0,24.38,163,222,,seattle-defense.php,,,95.6,,,,,,11.0,Seattle Seahawks,2026-08-07,SEA
/nfl/rankings/best-ball-overall.php,best-overall,bo,Pat Bryant,27211,WR,DEN,212.6,34.51,172,276,,pat-bryant.php,,,11.4,,,,,,10.0,Pat Bryant,2026-08-07,DEN
/nfl/rankings/best-ball-overall.php,best-overall,bo,Zachariah Branch,25419,WR,ATL,213.2,27.37,184,261,,zachariah-branch.php,,,23.2,,,,,,11.0,Zachariah Branch,2026-08-07,ATL
/nfl/rankings/best-ball-overall.php,best-overall,bo,Philadelphia Eagles,8230,DST,PHI,182.0,24.91,166,225,,philadelphia-defense.php,,,83.8,,,,,,10.0,Philadelphia Eagles,2026-08-07,PHI
/nfl/rankings/best-ball-overall.php,best-overall,bo,Evan Engram,16411,TE,DEN,217.2,29.37,171,255,,evan-engram.php,,,13.1,,,,,,10.0,Evan Engram,2026-08-07,DEN
/nfl/rankings/best-ball-overall.php,best-overall,bo,Tua Tagovailoa,19198,QB,ATL,218.6,38.81,164,284,,tua-tagovailoa.php,,,22.4,,,,,,11.0,Tua Tagovailoa,2026-08-07,ATL
/nfl/rankings/best-ball-overall.php,best-overall,bo,Fernando Mendoza,28013,QB,LV,219.8,62.65,164,335,,fernando-mendoza.php,,,33.6,,,,,,13.0,Fernando Mendoza,2026-08-07,LVR
/nfl/rankings/best-ball-overall.php,best-overall,bo,Chris Bell,26038,WR,MIA,221.6,23.42,205,268,,chris-bell.php,,,20.3,,,,,,6.0,Chris Bell,2026-08-07,MIA
/nfl/rankings/best-ball-overall.php,best-overall,bo,Sean Tucker,23679,RB,TB,223.2,29.15,175,265,,sean-tucker.php,,,19.0,,,,,,10.0,Sean Tucker,2026-08-07,TBB
/nfl/rankings/best-ball-overall.php,best-overall,bo,Dontayvion Wicks,24354,WR,PHI,195.25,15.25,179,220,,dontayvion-wicks.php,,,12.4,,,,,,10.0,Dontayvion Wicks,2026-08-07,PHI
/nfl/rankings/best-ball-overall.php,best-overall,bo,David Njoku,16399,TE,LAC,243.83,14.79,222,267,,david-njoku.php,,,24.8,,,,,,7.0,David Njoku,2026-08-07,LAC
/nfl/rankings/best-ball-overall.php,best-overall,bo,New England Patriots,8180,DST,NE,196.75,23.18,174,231,,new-england-defense.php,,,79.7,,,,,,11.0,New England Patriots,2026-08-07,NEP
/nfl/rankings/best-ball-overall.php,best-overall,bo,Jaylen Wright,25987,RB,MIA,226.2,58.02,159,304,,jaylen-wright.php,,,10.2,,,,,,6.0,Jaylen Wright,2026-08-07,MIA
/nfl/rankings/best-ball-overall.php,best-overall,bo,Pittsburgh Steelers,8240,DST,PIT,197.75,24.72,179,240,,pittsburgh-defense.php,,,70.5,,,,,,9.0,Pittsburgh Steelers,2026-08-07,PIT
/nfl/rankings/best-ball-overall.php,best-overall,bo,Jacksonville Jaguars,8140,DST,JAC,198.0,20.38,178,232,,jacksonville-defense.php,,,67.7,,,,,,7.0,Jacksonville Jaguars,2026-08-07,JAC
/nfl/rankings/best-ball-overall.php,best-overall,bo,Brandon Aubrey,26068,K,DAL,199.0,32.53,176,255,,brandon-aubrey.php,,,98.5,,,,,,14.0,Brandon Aubrey,2026-08-07,DAL
/nfl/rankings/best-ball-overall.php,best-overall,bo,Detroit Lions,8100,DST,DET,199.75,27.41,177,246,,detroit-defense.php,,,55.3,,,,,,6.0,Detroit Lions,2026-08-07,DET
/nfl/rankings/best-ball-overall.php,best-overall,bo,Malachi Fields,27994,WR,NYG,230.0,15.81,204,247,,malachi-fields.php,,,17.1,,,,,,8.0,Malachi Fields,2026-08-07,NYG
/nfl/rankings/best-ball-overall.php,best-overall,bo,Jordan James,27310,RB,SF,231.4,65.73,159,348,,jordan-james.php,,,9.9,,,,,,8.0,Jordan James,2026-08-07,SFO
/nfl/rankings/best-ball-overall.php,best-overall,bo,Minnesota Vikings,8170,DST,MIN,202.5,28.59,173,234,,minnesota-defense.php,,,63.0,,,,,,6.0,Minnesota Vikings,2026-08-07,MIN
/nfl/rankings/best-ball-overall.php,best-overall,bo,Samaje Perine,16423,RB,CIN,230.2,29.03,178,262,,samaje-perine.php,,,5.1,,,,,,6.0,Samaje Perine,2026-08-07,CIN
/nfl/rankings/best-ball-overall.php,best-overall,bo,Cam Little,26475,K,JAC,204.0,32.01,181,259,,cam-little.php,,,87.6,,,,,,7.0,Cam Little,2026-08-07,JAC
/nfl/rankings/best-ball-overall.php,best-overall,bo,Ka'imi Fairbairn,15756,K,HOU,204.0,30.74,183,257,,kaimi-fairbairn.php,,,89.6,,,,,,8.0,Kaimi Fairbairn,2026-08-07,HOU
/nfl/rankings/best-ball-overall.php,best-overall,bo,Darnell Washington,22967,TE,PIT,231.4,19.27,205,265,,darnell-washington.php,,,12.6,,,,,-4.0,9.0,Darnell Washington,2026-08-07,PIT
/nfl/rankings/best-ball-overall.php,best-overall,bo,Kimani Vidal,26355,RB,LAC,231.6,54.16,151,294,,kimani-vidal.php,,,14.2,,,,,,7.0,Kimani Vidal,2026-08-07,LAC
/nfl/rankings/best-ball-overall.php,best-overall,bo,Demond Claiborne,28084,RB,MIN,233.2,25.43,201,267,,demond-claiborne.php,,,16.0,,,,,,6.0,Demond Claiborne,2026-08-07,MIN
/nfl/rankings/best-ball-overall.php,best-overall,bo,Shedeur Sanders,25968,QB,CLE,234.0,16.09,207,254,,shedeur-sanders.php,,,14.5,,,,,,11.0,Shedeur Sanders,2026-08-07,CLE
/nfl/rankings/best-ball-overall.php,best-overall,bo,Cameron Dicker,23901,K,LAC,208.0,32.76,182,264,,cameron-dicker.php,,,95.5,,,,,,7.0,Cameron Dicker,2026-08-07,LAC
/nfl/rankings/best-ball-overall.php,best-overall,bo,Kansas City Chiefs,8150,DST,KC,209.0,23.7,187,249,,kansas-city-defense.php,,,24.4,,,,,,5.0,Kansas City Chiefs,2026-08-07,KCC
/nfl/rankings/best-ball-overall.php,best-overall,bo,Cooper Kupp,16433,WR,SEA,209.5,9.71,202,226,,cooper-kupp.php,,,17.1,,,,,,11.0,Cooper Kupp,2026-08-07,SEA
/nfl/rankings/best-ball-overall.php,best-overall,bo,Michael Penix Jr.,22973,QB,ATL,211.75,22.39,178,241,,michael-penix-jr.php,,,12.8,,,,,,11.0,Michael Penix,2026-08-07,ATL
/nfl/rankings/best-ball-overall.php,best-overall,bo,Evan McPherson,23297,K,CIN,212.0,32.06,186,266,,evan-mcpherson.php,,,39.3,,,,,,6.0,Evan McPherson,2026-08-07,CIN
/nfl/rankings/best-ball-overall.php,best-overall,bo,Kaelon Black,28401,RB,SF,212.75,36.58,155,255,,kaelon-black.php,,,12.9,,,,,,8.0,Kaelon Black,2026-08-07,SFO
/nfl/rankings/best-ball-overall.php,best-overall,bo,Baltimore Ravens,8020,DST,BAL,212.75,32.22,175,260,,baltimore-defense.php,,,49.2,,,,,,13.0,Baltimore Ravens,2026-08-07,BAL
/nfl/rankings/best-ball-overall.php,best-overall,bo,Ollie Gordon II,25984,RB,MIA,238.4,42.31,168,301,,ollie-gordon.php,,,4.2,,,,,,6.0,Ollie Gordon,2026-08-07,MIA
/nfl/rankings/best-ball-overall.php,best-overall,bo,Deshaun Watson,16398,QB,CLE,239.2,59.69,166,339,,deshaun-watson.php,,,16.9,,,,,,11.0,Deshaun Watson,2026-08-07,CLE
/nfl/rankings/best-ball-overall.php,best-overall,bo,Tyler Loop,27534,K,BAL,215.25,29.99,194,267,,tyler-loop.php,,,55.6,,,,,,13.0,Tyler Loop,2026-08-07,BAL
/nfl/rankings/best-ball-overall.php,best-overall,bo,Los Angeles Chargers,8250,DST,LAC,217.75,40.97,180,278,,los-angeles-chargers-defense.php,,,48.4,,,,,,7.0,Los Angeles Chargers,2026-08-07,LAC
/nfl/rankings/best-ball-overall.php,best-overall,bo,Brandon Aiyuk,19252,WR,SF,243.8,36.52,196,298,,brandon-aiyuk.php,,,25.3,,,,,,8.0,Brandon Aiyuk,2026-08-07,SFO
/nfl/rankings/best-ball-overall.php,best-overall,bo,Jake Tonges,24778,TE,SF,260.0,30.65,227,308,,jake-tonges.php,,,14.5,,,,,,8.0,Jake Tonges,2026-08-07,SFO
/nfl/rankings/best-ball-overall.php,best-overall,bo,Eddy Pineiro,17575,K,SF,220.0,31.02,192,272,,eddy-pineiro.php,,,59.4,,,,,,8.0,Eddy Pineiro,2026-08-07,SFO
/nfl/rankings/best-ball-overall.php,best-overall,bo,Jaydon Blue,24344,RB,DAL,220.25,52.4,165,305,,jaydon-blue.php,,,11.1,,,,,,14.0,Jaydon Blue,2026-08-07,DAL
/nfl/rankings/best-ball-overall.php,best-overall,bo,Jason Myers,14003,K,SEA,220.5,28.59,195,269,,jason-myers.php,,,92.3,,,,,,11.0,Jason Myers,2026-08-07,SEA
/nfl/rankings/best-ball-overall.php,best-overall,bo,Troy Franklin,23092,WR,DEN,221.75,18.97,195,247,,troy-franklin.php,,,12.9,,,,,,10.0,Troy Franklin,2026-08-07,DEN
/nfl/rankings/best-ball-overall.php,best-overall,bo,Emanuel Wilson,25885,RB,SEA,245.8,45.18,169,292,,emanuel-wilson.php,,,13.0,,,,,,11.0,Emanuel Wilson,2026-08-07,SEA
/nfl/rankings/best-ball-overall.php,best-overall,bo,Tank Dell,25361,WR,HOU,184.67,3.68,180,189,,nathaniel-dell.php,,,24.2,,,,,,8.0,Tank Dell,2026-08-07,HOU
/nfl/rankings/best-ball-overall.php,best-overall,bo,Ja'Kobi Lane,27337,WR,BAL,224.0,23.16,208,264,,jakobi-lane.php,,,19.8,,,,,,13.0,JaKobi Lane,2026-08-07,BAL
/nfl/rankings/best-ball-overall.php,best-overall,bo,Chase McLaughlin,19058,K,TB,227.75,26.81,203,273,,chase-mclaughlin.php,,,22.8,,,,,,10.0,Chase McLaughlin,2026-08-07,TBB
/nfl/rankings/best-ball-overall.php,best-overall,bo,Tyquan Thornton,22913,WR,KC,228.75,60.0,142,311,,tyquan-thornton.php,,,6.4,,,,,12.0,5.0,Tyquan Thornton,2026-08-07,KCC
/nfl/rankings/best-ball-overall.php,best-overall,bo,Darius Slayton,18706,WR,NYG,229.75,39.26,170,271,,darius-slayton.php,,,4.4,,,,,,8.0,Darius Slayton,2026-08-07,NYG
/nfl/rankings/best-ball-overall.php,best-overall,bo,Andy Borregales,27291,K,NE,230.5,27.68,199,271,,andres-borregales.php,,,28.9,,,,,,11.0,Andy Borregales,2026-08-07,NEP
/nfl/rankings/best-ball-overall.php,best-overall,bo,Cairo Santos,13731,K,CHI,230.5,26.84,209,276,,cairo-santos.php,,,25.5,,,,,,10.0,Cairo Santos,2026-08-07,CHI
/nfl/rankings/best-ball-overall.php,best-overall,bo,Buffalo Bills,8030,DST,BUF,230.75,35.72,189,279,,buffalo-defense.php,,,30.2,,,,,,7.0,Buffalo Bills,2026-08-07,BUF
/nfl/rankings/best-ball-overall.php,best-overall,bo,Jake Bates,26075,K,DET,232.5,33.47,190,282,,jake-bates.php,,,61.7,,,,,,6.0,Jake Bates,2026-08-07,DET
/nfl/rankings/best-ball-overall.php,best-overall,bo,Green Bay Packers,8110,DST,GB,199.33,24.53,181,234,,green-bay-defense.php,,,29.3,,,,,,11.0,Green Bay Packers,2026-08-07,GBP
/nfl/rankings/best-ball-overall.php,best-overall,bo,Harrison Mevis,26638,K,LAR,237.25,24.88,216,279,,harrison-mevis.php,,,53.1,,,,,,11.0,Harrison Mevis,2026-08-07,LAR
/nfl/rankings/best-ball-overall.php,best-overall,bo,Jalen Tolbert,23770,WR,MIA,237.5,48.28,156,278,,jalen-tolbert.php,,,4.9,,,,,12.0,6.0,Jalen Tolbert,2026-08-07,MIA
/nfl/rankings/best-ball-overall.php,best-overall,bo,Colby Parkinson,19372,TE,LAR,258.2,26.86,227,307,,colby-parkinson.php,,,20.1,,,,,,11.0,Colby Parkinson,2026-08-07,LAR
/nfl/rankings/best-ball-overall.php,best-overall,bo,Tory Horton,26022,WR,SEA,239.75,33.21,216,297,,tory-horton.php,,,10.7,,,,,,11.0,Tory Horton,2026-08-07,SEA
/nfl/rankings/best-ball-overall.php,best-overall,bo,Eli Stowers,23144,TE,PHI,240.75,42.03,199,296,,eli-stowers.php,,,23.6,,,,,,10.0,Eli Stowers,2026-08-07,PHI
/nfl/rankings/best-ball-overall.php,best-overall,bo,Chris Boswell,13029,K,PIT,240.75,30.87,202,285,,chris-boswell.php,,,37.3,,,,,,9.0,Chris Boswell,2026-08-07,PIT
/nfl/rankings/best-ball-overall.php,best-overall,bo,Skyler Bell,28126,WR,BUF,241.75,36.3,187,277,,skyler-bell.php,,,13.4,,,,,,7.0,Skyler Bell,2026-08-07,BUF
/nfl/rankings/best-ball-overall.php,best-overall,bo,Bryce Lance,28129,WR,NO,242.75,29.67,195,274,,bryce-lance.php,,,5.5,,,,,,8.0,Bryce Lance,2026-08-07,NOS
/nfl/rankings/best-ball-overall.php,best-overall,bo,Cleveland Browns,8070,DST,CLE,213.33,24.14,185,244,,cleveland-defense.php,,,23.1,,,,,,11.0,Cleveland Browns,2026-08-07,CLE
/nfl/rankings/best-ball-overall.php,best-overall,bo,Keon Coleman,26019,WR,BUF,245.5,35.08,208,298,,keon-coleman.php,,,9.3,,,,,,7.0,Keon Coleman,2026-08-07,BUF
/nfl/rankings/best-ball-overall.php,best-overall,bo,Wil Lutz,16026,K,DEN,246.5,25.55,222,286,,wil-lutz.php,,,7.1,,,,,,10.0,Wil Lutz,2026-08-07,DEN
/nfl/rankings/best-ball-overall.php,best-overall,bo,Chimere Dike,27315,WR,TEN,246.75,18.53,223,271,,chimere-dike.php,,,11.3,,,,,,9.0,Chimere Dike,2026-08-07,TEN
/nfl/rankings/best-ball-overall.php,best-overall,bo,Kirk Cousins,11177,QB,LV,248.0,48.76,176,307,,kirk-cousins.php,,,10.9,,,,,,13.0,Kirk Cousins,2026-08-07,LVR
/nfl/rankings/best-ball-overall.php,best-overall,bo,Justice Hill,18256,RB,BAL,249.0,24.87,213,278,,justice-hill.php,,,9.3,,,,,,13.0,Justice Hill,2026-08-07,BAL
/nfl/rankings/best-ball-overall.php,best-overall,bo,Cyrus Allen,28424,WR,KC,220.67,23.1,188,237,,cyrus-allen.php,,,4.0,,,,,,5.0,Cyrus Allen,2026-08-07,KCC
/nfl/rankings/best-ball-overall.php,best-overall,bo,Harrison Butker,16712,K,KC,251.5,37.95,198,293,,harrison-butker.php,,,39.1,,,,,,5.0,Harrison Butker,2026-08-07,KCC
/nfl/rankings/best-ball-overall.php,best-overall,bo,George Holani,22915,RB,SEA,254.25,39.68,211,319,,george-holani.php,,,7.8,,,,,,11.0,George Holani,2026-08-07,SEA
/nfl/rankings/best-ball-overall.php,best-overall,bo,Jack Bech,27224,WR,LV,255.0,13.91,240,273,,jack-bech.php,,,8.7,,,,,,13.0,Jack Bech,2026-08-07,LVR
/nfl/rankings/best-ball-overall.php,best-overall,bo,Christian Kirk,17268,WR,SF,228.33,16.13,207,246,,christian-kirk.php,,,13.0,,,,,-10.0,8.0,Christian Kirk,2026-08-07,SFO
/nfl/rankings/best-ball-overall.php,best-overall,bo,Jahan Dotson,23101,WR,ATL,236.33,68.27,140,290,,jahan-dotson.php,,,4.0,,,,,,11.0,Jahan Dotson,2026-08-07,ATL
/nfl/rankings/best-ball-overall.php,best-overall,bo,Chris Brazzell II,28047,WR,CAR,186.5,11.5,175,198,,chris-brazzell-ii.php,,,14.0,,,,,-30.0,5.0,Chris Brazzell,2026-08-07,CAR
/nfl/rankings/best-ball-overall.php,best-overall,bo,Tyreek Hill,15802,WR,FA,238.0,48.26,181,299,,tyreek-hill.php,,,28.8,,,,,-10.0,,Tyreek Hill,2026-08-07,FA
/nfl/rankings/best-ball-overall.php,best-overall,bo,Devin Singletary,18280,RB,NYG,264.75,31.22,212,293,,devin-singletary.php,,,1.3,,,,,,8.0,Devin Singletary,2026-08-07,NYG
/nfl/rankings/best-ball-overall.php,best-overall,bo,Atlanta Falcons,8010,DST,ATL,241.33,33.71,217,289,,atlanta-defense.php,,,12.9,,,,,,11.0,Atlanta Falcons,2026-08-07,ATL
/nfl/rankings/best-ball-overall.php,best-overall,bo,DJ Giddens,27097,RB,IND,269.5,44.35,227,344,,dj-giddens.php,,,2.9,,,,,,13.0,DJ Giddens,2026-08-07,IND
/nfl/rankings/best-ball-overall.php,best-overall,bo,Brenen Thompson,28133,WR,LAC,245.33,25.1,210,266,,brenen-thompson.php,,,3.9,,,,,,7.0,Brenen Thompson,2026-08-07,LAC
/nfl/rankings/best-ball-overall.php,best-overall,bo,New Orleans Saints,8190,DST,NO,246.0,29.47,219,287,,new-orleans-defense.php,,,19.5,,,,,,8.0,New Orleans Saints,2026-08-07,NOS
/nfl/rankings/best-ball-overall.php,best-overall,bo,Ty Johnson,18406,RB,BUF,248.0,9.09,236,258,,ty-johnson.php,,,3.2,,,,,,7.0,Ty Johnson,2026-08-07,BUF
/nfl/rankings/best-ball-overall.php,best-overall,bo,Elic Ayomanor,27059,WR,TEN,249.0,16.51,234,272,,elic-ayomanor.php,,,9.3,,,,,,9.0,Elic Ayomanor,2026-08-07,TEN
/nfl/rankings/best-ball-overall.php,best-overall,bo,Marvin Mims Jr.,23080,WR,DEN,249.67,35.78,201,286,,marvin-mims.php,,,10.5,,,,,,10.0,Marvin Mims,2026-08-07,DEN
/nfl/rankings/best-ball-overall.php,best-overall,bo,Devaughn Vele,26409,WR,NO,250.33,52.66,204,324,,devaughn-vele.php,,,9.0,,,,,,8.0,Devaughn Vele,2026-08-07,NOS
/nfl/rankings/best-ball-overall.php,best-overall,bo,Michael Mayer,23056,TE,LV,274.0,38.72,231,324,,michael-mayer.php,,,11.5,,,,,,13.0,Michael Mayer,2026-08-07,LVR
/nfl/rankings/best-ball-overall.php,best-overall,bo,Charlie Smyth,26444,K,NO,252.33,24.61,224,284,,charlie-smyth.php,,,2.8,,,,,,8.0,Charlie Smyth,2026-08-07,NOS
/nfl/rankings/best-ball-overall.php,best-overall,bo,Carson Beck,22953,QB,ARI,274.5,38.07,239,338,,carson-beck.php,,,12.2,,,,,,14.0,Carson Beck,2026-08-07,ARI
/nfl/rankings/best-ball-overall.php,best-overall,bo,Dallas Cowboys,8080,DST,DAL,208.5,23.5,185,232,,dallas-defense.php,,,18.9,,,,,,14.0,Dallas Cowboys,2026-08-07,DAL
/nfl/rankings/best-ball-overall.php,best-overall,bo,Theo Johnson,23104,TE,NYG,274.75,24.93,232,294,,theo-johnson.php,,,11.5,,,,,,8.0,Theo Johnson,2026-08-07,NYG
/nfl/rankings/best-ball-overall.php,best-overall,bo,Trey Benson,25388,RB,ARI,277.75,61.68,187,353,,trey-benson.php,,,12.1,,,,,,14.0,Trey Benson,2026-08-07,ARI
/nfl/rankings/best-ball-overall.php,best-overall,bo,Andrei Iosivas,25335,WR,CIN,257.0,44.64,197,304,,andrei-iosivas.php,,,4.4,,,,,,6.0,Andrei Iosivas,2026-08-07,CIN
/nfl/rankings/best-ball-overall.php,best-overall,bo,Malik Davis,24205,RB,DAL,258.0,29.02,236,299,,malik-davis.php,,,3.0,,,,,,14.0,Malik Davis,2026-08-07,DAL
/nfl/rankings/best-ball-overall.php,best-overall,bo,Nick Westbrook-Ikhine,19747,WR,IND,220.5,34.5,186,255,,nick-westbrook.php,,,1.0,,,,,,13.0,Nick Westbrook-Ikhine,2026-08-07,IND
/nfl/rankings/best-ball-overall.php,best-overall,bo,Joshua Palmer,22845,WR,BUF,222.5,0.5,222,223,,josh-palmer.php,,,1.1,,,,,,7.0,Josh Palmer,2026-08-07,BUF
/nfl/rankings/best-ball-overall.php,best-overall,bo,Caleb Douglas,28135,WR,MIA,266.33,18.26,251,292,,caleb-douglas.php,,,4.4,,,,,,6.0,Caleb Douglas,2026-08-07,MIA
/nfl/rankings/best-ball-overall.php,best-overall,bo,Eli Heidenreich,28297,RB,PIT,270.67,73.68,172,349,,eli-heidenreich.php,,,2.0,,,,,9.0,9.0,Eli Heidenreich,2026-08-07,PIT
/nfl/rankings/best-ball-overall.php,best-overall,bo,Kaleb Johnson,27165,RB,PIT,293.0,45.35,226,354,,kaleb-johnson-rb.php,,,8.2,,,,,,9.0,Kaleb Johnson,2026-08-07,PIT
/nfl/rankings/best-ball-overall.php,best-overall,bo,Olamide Zaccheaus,18864,WR,ATL,273.67,44.51,224,332,,olamide-zaccheaus.php,,,2.9,,,,,,11.0,Olamide Zaccheaus,2026-08-07,ATL
/nfl/rankings/best-ball-overall.php,best-overall,bo,Adam Randall,24367,RB,BAL,274.0,18.67,248,291,,adam-randall.php,,,5.3,,,,,,13.0,Adam Randall,2026-08-07,BAL
/nfl/rankings/best-ball-overall.php,best-overall,bo,Zavion Thomas,28132,WR,CHI,275.33,30.92,233,306,,zavion-thomas.php,,,5.1,,,,,,10.0,Zavion Thomas,2026-08-07,CHI
/nfl/rankings/best-ball-overall.php,best-overall,bo,Tutu Atwell,20126,WR,MIA,147.0,0.0,147,147,,tutu-atwell.php,,,1.5,,,,,,6.0,Tutu Atwell,2026-08-07,MIA
/nfl/rankings/best-ball-overall.php,best-overall,bo,Devin Neal,23682,RB,NO,286.33,60.78,217,365,,devin-neal.php,,,6.3,,,,,,8.0,Devin Neal,2026-08-07,NOS
/nfl/rankings/best-ball-overall.php,best-overall,bo,Keenan Allen,11616,WR,LAC,251.5,34.5,217,286,,keenan-allen.php,,,7.1,,,,,,7.0,Keenan Allen,2026-08-07,LAC
/nfl/rankings/best-ball-overall.php,best-overall,bo,Isaac Guerendo,26392,RB,SF,283.0,61.88,197,340,,isaac-guerendo.php,,,2.0,,,,,,8.0,Isaac Guerendo,2026-08-07,SFO
/nfl/rankings/best-ball-overall.php,best-overall,bo,Mack Hollins,16489,WR,NE,283.0,22.11,264,314,,mack-hollins.php,,,2.9,,,,,,11.0,Mack Hollins,2026-08-07,NEP
/nfl/rankings/best-ball-overall.php,best-overall,bo,Xavier Legette,26136,WR,CAR,255.5,62.5,193,318,,xavier-legette.php,,,3.1,,,,,,5.0,Xavier Legette,2026-08-07,CAR
/nfl/rankings/best-ball-overall.php,best-overall,bo,Kendrick Bourne,17066,WR,ARI,256.5,44.5,212,301,,kendrick-bourne.php,,,3.1,,,,,,14.0,Kendrick Bourne,2026-08-07,ARI
/nfl/rankings/best-ball-overall.php,best-overall,bo,Ja'Tavion Sanders,24334,TE,CAR,258.0,17.0,241,275,,jatavion-sanders.php,,,3.4,,,,,,5.0,JaTavion Sanders,2026-08-07,CAR
/nfl/rankings/best-ball-overall.php,best-overall,bo,Hollywood Brown,18226,WR,PHI,258.5,1.5,257,260,,marquise-brown.php,,,5.4,,,,,,10.0,Marquise Brown,2026-08-07,PHI
/nfl/rankings/best-ball-overall.php,best-overall,bo,Zane Gonzalez,16548,K,MIA,286.0,37.96,235,326,,zane-gonzalez.php,,,1.7,,,,,,6.0,Zane Gonzalez,2026-08-07,MIA
/nfl/rankings/best-ball-overall.php,best-overall,bo,Mason Taylor,26005,TE,NYJ,287.0,10.42,273,298,,mason-taylor.php,,,11.5,,,,,,13.0,Mason Taylor,2026-08-07,NYJ
/nfl/rankings/best-ball-overall.php,best-overall,bo,Cincinnati Bengals,8060,DST,CIN,184.0,0.0,184,184,,cincinnati-defense.php,,,3.7,,,,,,6.0,Cincinnati Bengals,2026-08-07,CIN
/nfl/rankings/best-ball-overall.php,best-overall,bo,Indianapolis Colts,8130,DST,IND,262.5,29.5,233,292,,indianapolis-defense.php,,,19.3,,,,,,13.0,Indianapolis Colts,2026-08-07,IND
/nfl/rankings/best-ball-overall.php,best-overall,bo,Justin Fields,19781,QB,KC,288.67,29.01,262,329,,justin-fields.php,,,8.0,,,,,,5.0,Justin Fields,2026-08-07,KCC
/nfl/rankings/best-ball-overall.php,best-overall,bo,LeQuint Allen Jr.,27285,RB,JAC,290.33,29.27,249,313,,lequint-allen-jr.php,,,5.0,,,,,,7.0,LeQuint Allen,2026-08-07,JAC
/nfl/rankings/best-ball-overall.php,best-overall,bo,KaVontae Turpin,18520,WR,DAL,190.0,0.0,190,190,,kavontae-turpin.php,,,3.5,,,,,,14.0,KaVontae Turpin,2026-08-07,DAL
/nfl/rankings/best-ball-overall.php,best-overall,bo,Seth McGowan,23079,RB,IND,266.5,36.5,230,303,,seth-mcgowan.php,,,4.5,,,,,,13.0,Seth McGowan,2026-08-07,IND
/nfl/rankings/best-ball-overall.php,best-overall,bo,Will Reichard,26341,K,MIN,196.0,0.0,196,196,,will-reichard.php,,,28.0,,,,,,6.0,Will Reichard,2026-08-07,MIN
/nfl/rankings/best-ball-overall.php,best-overall,bo,Elijah Arroyo,23004,TE,SEA,292.67,2.62,289,295,,elijah-arroyo.php,,,4.9,,,,,,11.0,Elijah Arroyo,2026-08-07,SEA
/nfl/rankings/best-ball-overall.php,best-overall,bo,Kalif Raymond,16081,WR,CHI,200.0,0.0,200,200,,kalif-raymond.php,,,0.8,,,,,,10.0,Kalif Raymond,2026-08-07,CHI
/nfl/rankings/best-ball-overall.php,best-overall,bo,Kevin Coleman Jr.,28067,WR,MIA,201.0,0.0,201,201,,kevin-coleman-jr.php,,,2.6,,,,,,6.0,Kevin Coleman,2026-08-07,MIA
/nfl/rankings/best-ball-overall.php,best-overall,bo,Emari Demercado,25654,RB,KC,294.33,40.19,238,329,,emari-demercado.php,,,2.4,,,,,,5.0,Emari Demercado,2026-08-07,KCC
/nfl/rankings/best-ball-overall.php,best-overall,bo,Chris Brooks,25823,RB,GB,295.0,15.58,277,315,,christopher-brooks.php,,,6.3,,,,,,11.0,Chris Brooks,2026-08-07,GBP
/nfl/rankings/best-ball-overall.php,best-overall,bo,San Francisco 49ers,8270,DST,SF,209.0,0.0,209,209,,san-francisco-defense.php,,,21.8,,,,,,8.0,San Francisco 49ers,2026-08-07,SFO
/nfl/rankings/best-ball-overall.php,best-overall,bo,Cole Kmet,19229,TE,CHI,275.0,25.0,250,300,,cole-kmet.php,,,7.3,,,,,,10.0,Cole Kmet,2026-08-07,CHI
/nfl/rankings/best-ball-overall.php,best-overall,bo,Marcus Mariota,13890,QB,WAS,277.5,50.5,227,328,,marcus-mariota.php,,,3.5,,,,,,7.0,Marcus Mariota,2026-08-07,WAS
/nfl/rankings/best-ball-overall.php,best-overall,bo,Treylon Burks,22905,WR,WAS,216.0,0.0,216,216,,treylon-burks.php,,,3.6,,,,,,7.0,Treylon Burks,2026-08-07,WAS
/nfl/rankings/best-ball-overall.php,best-overall,bo,Mitch Tinsley,24370,WR,CIN,218.0,0.0,218,218,,mitchell-tinsley.php,,,0.6,,,,,,6.0,Mitch Tinsley,2026-08-07,CIN
/nfl/rankings/best-ball-overall.php,best-overall,bo,Tahj Brooks,26212,RB,CIN,304.33,35.65,263,350,,tahj-brooks.php,,,1.5,,,,,,6.0,Tahj Brooks,2026-08-07,CIN
/nfl/rankings/best-ball-overall.php,best-overall,bo,Najee Harris,19302,RB,LAC,282.0,35.0,247,317,,najee-harris-rb.php,,,6.8,,,,,-8.0,7.0,Najee Harris,2026-08-07,LAC
/nfl/rankings/best-ball-overall.php,best-overall,bo,Erick All Jr.,23837,TE,CIN,282.5,31.5,251,314,,erick-all.php,,,1.3,,,,,,6.0,Erick All,2026-08-07,CIN
/nfl/rankings/best-ball-overall.php,best-overall,bo,Isaiah Davis,25977,RB,NYJ,283.5,33.5,250,317,,isaiah-davis.php,,,3.3,,,,,,13.0,Isaiah Davis,2026-08-07,NYJ
/nfl/rankings/best-ball-overall.php,best-overall,bo,Demarcus Robinson,15665,WR,SF,231.0,0.0,231,231,,demarcus-robinson.php,,,0.8,,,,,,8.0,Demarcus Robinson,2026-08-07,SFO
/nfl/rankings/best-ball-overall.php,best-overall,bo,Tampa Bay Buccaneers,8290,DST,TB,233.0,0.0,233,233,,tampa-bay-defense.php,,,17.7,,,,,,10.0,Tampa Bay Buccaneers,2026-08-07,TBB
/nfl/rankings/best-ball-overall.php,best-overall,bo,John Metchie III,22895,WR,CAR,233.0,0.0,233,233,,john-metchie.php,,,1.8,,,,,,5.0,John Metchie,2026-08-07,CAR
/nfl/rankings/best-ball-overall.php,best-overall,bo,Oscar Delp,25430,TE,NO,234.0,0.0,234,234,,oscar-delp.php,,,6.4,,,,,,8.0,Oscar Delp,2026-08-07,NOS
/nfl/rankings/best-ball-overall.php,best-overall,bo,Jake Elliott,16540,K,PHI,235.0,0.0,235,235,,jake-elliott.php,,,10.3,,,,,,10.0,Jake Elliott,2026-08-07,PHI
/nfl/rankings/best-ball-overall.php,best-overall,bo,Luke McCaffrey,26328,WR,WAS,235.0,0.0,235,235,,luke-mccaffrey.php,,,1.2,,,,,,7.0,Luke McCaffrey,2026-08-07,WAS
/nfl/rankings/best-ball-overall.php,best-overall,bo,Xavier Hutchinson,25332,WR,HOU,288.0,46.0,242,334,,xavier-hutchinson.php,,,0.9,,,,,,8.0,Xavier Hutchinson,2026-08-07,HOU
/nfl/rankings/best-ball-overall.php,best-overall,bo,Isaiah Bond,24371,WR,CLE,288.0,27.0,261,315,,isaiah-bond.php,,,2.6,,,,,,11.0,Isaiah Bond,2026-08-07,CLE
/nfl/rankings/best-ball-overall.php,best-overall,bo,Miami Dolphins,8160,DST,MIA,236.0,0.0,236,236,,miami-defense.php,,,9.5,,,,,3.0,6.0,Miami Dolphins,2026-08-07,MIA
/nfl/rankings/best-ball-overall.php,best-overall,bo,Eli Raridon,28154,TE,NE,289.0,44.0,245,333,,eli-raridon.php,,,5.1,,,,,,11.0,Eli Raridon,2026-08-07,NEP
/nfl/rankings/best-ball-overall.php,best-overall,bo,Justin Joly,28079,TE,DEN,289.5,28.5,261,318,,justin-joly.php,,,11.0,,,,,,10.0,Justin Joly,2026-08-07,DEN
/nfl/rankings/best-ball-overall.php,best-overall,bo,Brashard Smith,27259,RB,KC,289.5,21.5,268,311,,brashard-smith.php,,,4.8,,,,,,5.0,Brashard Smith,2026-08-07,KCC
/nfl/rankings/best-ball-overall.php,best-overall,bo,Jameis Winston,13891,QB,NYG,240.0,0.0,240,240,,jameis-winston.php,,,5.1,,,,,,8.0,Jameis Winston,2026-08-07,NYG
/nfl/rankings/best-ball-overall.php,best-overall,bo,Chicago Bears,8050,DST,CHI,242.0,0.0,242,242,,chicago-defense.php,,,13.5,,,,,,10.0,Chicago Bears,2026-08-07,CHI
/nfl/rankings/best-ball-overall.php,best-overall,bo,Kyle Williams,27487,WR,NE,291.5,10.5,281,302,,kyle-williams-wr-2025.php,,,5.6,,,,,,11.0,Kyle Williams,2026-08-07,NEP
/nfl/rankings/best-ball-overall.php,best-overall,bo,Tez Johnson,27147,WR,TB,292.0,35.0,257,327,,tez-johnson.php,,,1.8,,,,,,10.0,Tez Johnson,2026-08-07,TBB
/nfl/rankings/best-ball-overall.php,best-overall,bo,Dont'e Thornton Jr.,27288,WR,LV,292.5,38.5,254,331,,donte-thornton-jr.php,,,1.5,,,,,,13.0,Donte Thornton,2026-08-07,LVR
/nfl/rankings/best-ball-overall.php,best-overall,bo,Savion Williams,27144,WR,GB,245.0,0.0,245,245,,savion-williams.php,,,1.1,,,,,,11.0,Savion Williams,2026-08-07,GBP
/nfl/rankings/best-ball-overall.php,best-overall,bo,Dawson Knox,18631,TE,BUF,293.0,17.0,276,310,,dawson-knox.php,,,7.4,,,,,,7.0,Dawson Knox,2026-08-07,BUF
/nfl/rankings/best-ball-overall.php,best-overall,bo,CJ Daniels,28125,WR,LAR,293.5,27.5,266,321,,cj-daniels.php,,,1.9,,,,,,11.0,CJ Daniels,2026-08-07,LAR
/nfl/rankings/best-ball-overall.php,best-overall,bo,Carolina Panthers,8040,DST,CAR,248.0,0.0,248,248,,carolina-defense.php,,,4.8,,,,,,5.0,Carolina Panthers,2026-08-07,CAR
/nfl/rankings/best-ball-overall.php,best-overall,bo,Roman Wilson,28896,WR,PIT,248.0,0.0,248,248,,roman-wilson-wr.php,,,1.5,,,,,,9.0,Roman Wilson,2026-08-07,PIT
/nfl/rankings/best-ball-overall.php,best-overall,bo,Noah Gray,19539,TE,KC,294.5,24.5,270,319,,noah-gray.php,,,4.0,,,,,,5.0,Noah Gray,2026-08-07,KCC
/nfl/rankings/best-ball-overall.php,best-overall,bo,Tyler Higbee,15623,TE,LAR,295.0,37.0,258,332,,tyler-higbee.php,,,3.1,,,,,,11.0,Tyler Higbee,2026-08-07,LAR
/nfl/rankings/best-ball-overall.php,best-overall,bo,Max Klare,27993,TE,LAR,296.0,13.0,283,309,,max-klare.php,,,11.3,,,,,,11.0,Max Klare,2026-08-07,LAR
/nfl/rankings/best-ball-overall.php,best-overall,bo,Charlie Kolar,22756,TE,LAC,252.0,0.0,252,252,,charlie-kolar.php,,,2.0,,,,,,7.0,Charlie Kolar,2026-08-07,LAC
/nfl/rankings/best-ball-overall.php,best-overall,bo,DeMario Douglas,25304,WR,NE,253.0,0.0,253,253,,demario-douglas.php,,,5.5,,,,,,11.0,Demario Douglas,2026-08-07,NEP
/nfl/rankings/best-ball-overall.php,best-overall,bo,J.J. McCarthy,23018,QB,MIN,297.5,24.5,273,322,,jj-mccarthy.php,,,10.9,,,,,,6.0,JJ McCarthy,2026-08-07,MIN
/nfl/rankings/best-ball-overall.php,best-overall,bo,Dyami Brown,20113,WR,WAS,256.0,0.0,256,256,,dyami-brown.php,,,0.8,,,,,,7.0,Dyami Brown,2026-08-07,WAS
/nfl/rankings/best-ball-overall.php,best-overall,bo,Jarquez Hunter,24335,RB,LAR,256.0,0.0,256,256,,jarquez-hunter.php,,,3.5,,,,,,11.0,Jarquez Hunter,2026-08-07,LAR
/nfl/rankings/best-ball-overall.php,best-overall,bo,Devontez Walker,26011,WR,BAL,258.0,0.0,258,258,,devontez-walker.php,,,0.9,,,,,,13.0,Devontez Walker,2026-08-07,BAL
/nfl/rankings/best-ball-overall.php,best-overall,bo,Jordan Whittington,23135,WR,LAR,259.0,0.0,259,259,,jordan-whittington.php,,,0.8,,,,,,11.0,Jordan Whittington,2026-08-07,LAR
/nfl/rankings/best-ball-overall.php,best-overall,bo,Jonnu Smith,16460,TE,FA,263.0,0.0,263,263,,jonnu-smith.php,,,3.8,,,,,,,Jonnu Smith,2026-08-07,FA
/nfl/rankings/best-ball-overall.php,best-overall,bo,Cedric Tillman,25287,WR,CLE,302.0,23.0,279,325,,cedric-tillman.php,,,1.1,,,,,,11.0,Cedric Tillman,2026-08-07,CLE
/nfl/rankings/best-ball-overall.php,best-overall,bo,Calvin Austin III,23739,WR,NYG,269.0,0.0,269,269,,calvin-austin.php,,,2.4,,,,,,8.0,Calvin Austin,2026-08-07,NYG
/nfl/rankings/best-ball-overall.php,best-overall,bo,Reggie Virgil,28141,WR,ARI,272.0,0.0,272,272,,reggie-virgil.php,,,0.7,,,,,,14.0,Reggie Virgil,2026-08-07,ARI
/nfl/rankings/best-ball-overall.php,best-overall,bo,Deion Burks,27093,WR,IND,306.5,26.5,280,333,,deion-burks.php,,,2.1,,,,,,13.0,Deion Burks,2026-08-07,IND
/nfl/rankings/best-ball-overall.php,best-overall,bo,Malik Benson,26012,WR,LV,274.0,0.0,274,274,,malik-benson.php,,,1.5,,,,,,13.0,Malik Benson,2026-08-07,LVR
/nfl/rankings/best-ball-overall.php,best-overall,bo,Colbie Young,26037,WR,CIN,276.0,0.0,276,276,,colbie-young.php,,,1.5,,,,,,6.0,Colbie Young,2026-08-07,CIN
/nfl/rankings/best-ball-overall.php,best-overall,bo,Greg Dortch,18585,WR,DET,281.0,0.0,281,281,,greg-dortch.php,,,1.5,,,,,,6.0,Greg Dortch,2026-08-07,DET
/nfl/rankings/best-ball-overall.php,best-overall,bo,Kendre Miller,24360,RB,NO,323.0,41.0,282,364,,kendre-miller.php,,,5.6,,,,,,8.0,Kendre Miller,2026-08-07,NOS
/nfl/rankings/best-ball-overall.php,best-overall,bo,Will Shipley,22930,RB,PHI,317.0,34.0,283,351,,will-shipley.php,,,1.3,,,,,,10.0,Will Shipley,2026-08-07,PHI
/nfl/rankings/best-ball-overall.php,best-overall,bo,Jawhar Jordan,26329,RB,HOU,316.0,29.0,287,345,,jawhar-jordan.php,,,0.7,,,,,,8.0,Jawhar Jordan,2026-08-07,HOU
/nfl/rankings/best-ball-overall.php,best-overall,bo,Darren Waller,14104,TE,FA,288.0,0.0,288,288,,darren-waller.php,,,1.8,,,,,,,Darren Waller,2026-08-07,FA
/nfl/rankings/best-ball-overall.php,best-overall,bo,Konata Mumpfield,27449,WR,LAR,288.0,0.0,288,288,,konata-mumpfield.php,,,1.1,,,,,,11.0,Konata Mumpfield,2026-08-07,LAR
/nfl/rankings/best-ball-overall.php,best-overall,bo,Zach Ertz,11689,TE,FA,290.0,0.0,290,290,,zach-ertz.php,,,1.3,,,,,,,Zach Ertz,2026-08-07,FA
/nfl/rankings/best-ball-overall.php,best-overall,bo,Anthony Richardson Sr.,24347,QB,IND,295.0,0.0,295,295,,anthony-richardson.php,,,11.1,,,,,,13.0,Anthony Richardson,2026-08-07,IND
/nfl/rankings/best-ball-overall.php,best-overall,bo,Austin Hooper,15581,TE,ATL,297.0,0.0,297,297,,austin-hooper.php,,,1.4,,,,,,11.0,Austin Hooper,2026-08-07,ATL
/nfl/rankings/best-ball-overall.php,best-overall,bo,Trevor Etienne,25393,RB,CAR,320.0,17.0,303,337,,trevor-etienne.php,,,1.5,,,,,,5.0,Trevor Etienne,2026-08-07,CAR
/nfl/rankings/best-ball-overall.php,best-overall,bo,Elijah Moore,20114,WR,PHI,308.0,0.0,308,308,,elijah-moore.php,,,0.6,,,,,,10.0,Elijah Moore,2026-08-07,PHI
/nfl/rankings/best-ball-overall.php,best-overall,bo,Jerome Ford,22921,RB,WAS,325.5,12.5,313,338,,jerome-ford.php,,,3.4,,,,,,7.0,Jerome Ford,2026-08-07,WAS
/nfl/rankings/best-ball-overall.php,best-overall,bo,Daniel Bellinger,24238,TE,TEN,312.0,0.0,312,312,,daniel-bellinger.php,,,3.2,,,,,,9.0,Daniel Bellinger,2026-08-07,TEN
/nfl/rankings/best-ball-overall.php,best-overall,bo,Jackson Hawes,27469,TE,BUF,316.0,0.0,316,316,,jackson-hawes.php,,,0.6,,,,,,7.0,Jackson Hawes,2026-08-07,BUF
/nfl/rankings/best-ball-overall.php,best-overall,bo,Ben Sinnott,26310,TE,WAS,328.5,5.5,323,334,,ben-sinnott.php,,,1.7,,,,,,7.0,Ben Sinnott,2026-08-07,WAS
/nfl/rankings/best-ball-overall.php,best-overall,bo,Mac Jones,20156,QB,SF,320.0,0.0,320,320,,mac-jones.php,,,8.1,,,,,,8.0,Mac Jones,2026-08-07,SFO
/nfl/rankings/best-ball-overall.php,best-overall,bo,Elijah Higgins,23119,TE,ARI,320.0,0.0,320,320,,elijah-higgins.php,,,0.9,,,,,,14.0,Elijah Higgins,2026-08-07,ARI
/nfl/rankings/best-ball-overall.php,best-overall,bo,Luke Schoonmaker,25267,TE,DAL,321.0,0.0,321,321,,luke-schoonmaker.php,,,0.9,,,,,,14.0,Luke Schoonmaker,2026-08-07,DAL
/nfl/rankings/best-ball-overall.php,best-overall,bo,Joe Mixon,16420,RB,FA,322.0,0.0,322,322,,joe-mixon.php,,,10.4,,,,,,,Joe Mixon,2026-08-07,FA
/nfl/rankings/best-ball-overall.php,best-overall,bo,Raheim Sanders,24351,RB,CLE,323.0,0.0,323,323,,raheim-sanders.php,,,0.6,,,,,,11.0,Raheim Sanders,2026-08-07,CLE
/nfl/rankings/best-ball-overall.php,best-overall,bo,Tommy Tremble,22795,TE,CAR,325.0,0.0,325,325,,tommy-tremble.php,,,0.8,,,,,,5.0,Tommy Tremble,2026-08-07,CAR
/nfl/rankings/best-ball-overall.php,best-overall,bo,Durham Smythe,17508,TE,BAL,326.0,0.0,326,326,,durham-smythe.php,,,0.6,,,,,,13.0,Durham Smythe,2026-08-07,BAL
/nfl/rankings/best-ball-overall.php,best-overall,bo,Nick Chubb,17246,RB,FA,327.0,0.0,327,327,,nick-chubb.php,,,0.9,,,,,,,Nick Chubb,2026-08-07,FA
/nfl/rankings/best-ball-overall.php,best-overall,bo,Luke Musgrave,25282,TE,GB,328.0,0.0,328,328,,luke-musgrave.php,,,7.0,,,,,,11.0,Luke Musgrave,2026-08-07,GBP
/nfl/rankings/best-ball-overall.php,best-overall,bo,Noah Fant,17527,TE,NO,330.0,0.0,330,330,,noah-fant.php,,,2.2,,,,,,8.0,Noah Fant,2026-08-07,NOS
/nfl/rankings/best-ball-overall.php,best-overall,bo,Rasheen Ali,25983,RB,BAL,331.0,0.0,331,331,,rasheen-ali.php,,,1.1,,,,,,13.0,Rasheen Ali,2026-08-07,BAL
/nfl/rankings/best-ball-overall.php,best-overall,bo,Mitchell Evans,27138,TE,CAR,335.0,0.0,335,335,,mitchell-evans.php,,,0.7,,,,,,5.0,Mitchell Evans,2026-08-07,CAR
/nfl/rankings/best-ball-overall.php,best-overall,bo,Washington Commanders,8310,DST,WAS,336.0,0.0,336,336,,washington-defense.php,,,10.9,,,,,,7.0,Washington Commanders,2026-08-07,WAS
/nfl/rankings/best-ball-overall.php,best-overall,bo,Roschon Johnson,25322,RB,CHI,336.0,0.0,336,336,,roschon-johnson.php,,,0.6,,,,,,10.0,Roschon Johnson,2026-08-07,CHI
/nfl/rankings/best-ball-overall.php,best-overall,bo,Joe Flacco,9300,QB,CIN,337.0,0.0,337,337,,joe-flacco.php,,,3.5,,,,,,6.0,Joe Flacco,2026-08-07,CIN
/nfl/rankings/best-ball-overall.php,best-overall,bo,Jam Miller,27326,RB,NE,339.0,0.0,339,339,,jam-miller.php,,,1.3,,,,,,11.0,Jam Miller,2026-08-07,NEP
/nfl/rankings/best-ball-overall.php,best-overall,bo,Ty Simpson,25368,QB,LAR,340.0,0.0,340,340,,ty-simpson.php,,,14.9,,,,,,11.0,Ty Simpson,2026-08-07,LAR
/nfl/rankings/best-ball-overall.php,best-overall,bo,Michael Carter,22728,RB,TEN,341.0,0.0,341,341,,michael-carter-rb.php,,,0.6,,,,,,9.0,Michael Carter,2026-08-07,TEN
/nfl/rankings/best-ball-overall.php,best-overall,bo,Marlin Klein,28157,TE,HOU,342.0,0.0,342,342,,marlin-klein.php,,,1.2,,,,,,8.0,Marlin Klein,2026-08-07,HOU
/nfl/rankings/best-ball-overall.php,best-overall,bo,Tyler Conklin,17598,TE,DET,343.0,0.0,343,343,,tyler-conklin.php,,,0.6,,,,,,6.0,Tyler Conklin,2026-08-07,DET
/nfl/rankings/best-ball-overall.php,best-overall,bo,Zavier Scott,25748,RB,MIN,346.0,0.0,346,346,,zavier-scott.php,,,0.6,,,,,,6.0,Zavier Scott,2026-08-07,MIN
/nfl/rankings/best-ball-overall.php,best-overall,bo,Joe Royer,27312,TE,CLE,347.0,0.0,347,347,,joe-royer.php,,,1.6,,,,,,11.0,Joe Royer,2026-08-07,CLE
/nfl/rankings/best-ball-overall.php,best-overall,bo,Jaleel McLaughlin,25876,RB,DEN,352.0,0.0,352,352,,jaleel-mclaughlin.php,,,0.7,,,,,,10.0,Jaleel McLaughlin,2026-08-07,DEN
/nfl/rankings/best-ball-overall.php,best-overall,bo,Kyle Juszczyk,11798,RB,SF,355.0,0.0,355,355,,kyle-juszczyk.php,,,1.0,,,,,,8.0,Kyle Juszczyk,2026-08-07,SFO
/nfl/rankings/best-ball-overall.php,best-overall,bo,Josh Oliver,18487,TE,MIN,356.0,0.0,356,356,,josh-oliver.php,,,0.7,,,,,,6.0,Josh Oliver,2026-08-07,MIN
/nfl/rankings/best-ball-overall.php,best-overall,bo,Matt Hibner,28168,TE,BAL,357.0,0.0,357,357,,matthew-hibner.php,,,2.6,,,,,,13.0,Matt Hibner,2026-08-07,BAL
/nfl/rankings/best-ball-overall.php,best-overall,bo,Nate Boerkircher,28427,TE,JAC,358.0,0.0,358,358,,nate-boerkircher.php,,,0.9,,,,,,7.0,Nate Boerkircher,2026-08-07,JAC
/nfl/rankings/best-ball-overall.php,best-overall,bo,Seydou Traore,28163,TE,MIA,359.0,0.0,359,359,,seydou-traore.php,,,0.0,,,,,,6.0,Seydou Traore,2026-08-07,MIA
/nfl/rankings/best-ball-overall.php,best-overall,bo,Tanner Koziol,27499,TE,JAC,360.0,0.0,360,360,,tanner-koziol.php,,,1.9,,,,,,7.0,Tanner Koziol,2026-08-07,JAC
/nfl/rankings/best-ball-overall.php,best-overall,bo,Will Kacmarek,28403,TE,MIA,361.0,0.0,361,361,,will-kacmarek.php,,,5.4,,,,,,6.0,Will Kacmarek,2026-08-07,MIA
/nfl/rankings/best-ball-overall.php,best-overall,bo,Jack Endries,27501,TE,CIN,362.0,0.0,362,362,,jack-endries.php,,,5.8,,,,,,6.0,Jack Endries,2026-08-07,CIN
/nfl/rankings/best-ball-overall.php,best-overall,bo,Bauer Sharp,28165,TE,TB,363.0,0.0,363,363,,bauer-sharp.php,,,0.0,,,,,,10.0,Bauer Sharp,2026-08-07,TBB
/nfl/rankings/best-ball-qb.php,best-qb,bp,Josh Allen,17298,QB,BUF,1.17,0.37,1,2,,josh-allen-qb.php,,,99.5,,,,,,7.0,Josh Allen,2026-08-07,BUF
/nfl/rankings/best-ball-qb.php,best-qb,bp,Lamar Jackson,17233,QB,BAL,3.33,1.11,2,5,,lamar-jackson.php,,,99.1,,,,,,13.0,Lamar Jackson,2026-08-07,BAL
/nfl/rankings/best-ball-qb.php,best-qb,bp,Drake Maye,23046,QB,NE,3.67,1.7,1,6,,drake-maye.php,,,98.6,,,,,,11.0,Drake Maye,2026-08-07,NEP
/nfl/rankings/best-ball-qb.php,best-qb,bp,Joe Burrow,19196,QB,CIN,3.83,1.34,2,5,,joe-burrow.php,,,98.0,,,,,,6.0,Joe Burrow,2026-08-07,CIN
/nfl/rankings/best-ball-qb.php,best-qb,bp,Jayden Daniels,22902,QB,WAS,5.17,2.73,3,9,,jayden-daniels.php,,,97.4,,,,,,7.0,Jayden Daniels,2026-08-07,WAS
/nfl/rankings/best-ball-qb.php,best-qb,bp,Jalen Hurts,19275,QB,PHI,5.33,2.05,3,9,,jalen-hurts.php,,,97.7,,,,,,10.0,Jalen Hurts,2026-08-07,PHI
/nfl/rankings/best-ball-qb.php,best-qb,bp,Caleb Williams,23084,QB,CHI,8.67,1.89,7,12,,caleb-williams.php,,,93.0,,,,,2.0,10.0,Caleb Williams,2026-08-07,CHI
/nfl/rankings/best-ball-qb.php,best-qb,bp,Justin Herbert,18635,QB,LAC,8.83,1.77,6,11,,justin-herbert.php,,,93.2,,,,,,7.0,Justin Herbert,2026-08-07,LAC
/nfl/rankings/best-ball-qb.php,best-qb,bp,Dak Prescott,15600,QB,DAL,9.33,2.98,6,15,,dak-prescott.php,,,93.3,,,,,,14.0,Dak Prescott,2026-08-07,DAL
/nfl/rankings/best-ball-qb.php,best-qb,bp,Trevor Lawrence,19780,QB,JAC,9.5,1.12,8,11,,trevor-lawrence.php,,,89.6,,,,,,7.0,Trevor Lawrence,2026-08-07,JAC
/nfl/rankings/best-ball-qb.php,best-qb,bp,Brock Purdy,19797,QB,SF,12.0,3.87,6,19,,brock-purdy.php,,,90.3,,,,,,8.0,Brock Purdy,2026-08-07,SFO
/nfl/rankings/best-ball-qb.php,best-qb,bp,Patrick Mahomes II,16413,QB,KC,12.67,2.98,7,16,,patrick-mahomes.php,,,90.8,,,,,,5.0,Patrick Mahomes,2026-08-07,KCC
/nfl/rankings/best-ball-qb.php,best-qb,bp,Jaxson Dart,23160,QB,NYG,13.0,3.46,7,17,,jaxson-dart.php,,,94.0,,,,,,8.0,Jaxson Dart,2026-08-07,NYG
/nfl/rankings/best-ball-qb.php,best-qb,bp,Bo Nix,22910,QB,DEN,13.0,1.91,11,17,,bo-nix.php,,,87.5,,,,,,10.0,Bo Nix,2026-08-07,DEN
/nfl/rankings/best-ball-qb.php,best-qb,bp,Jared Goff,15501,QB,DET,15.0,2.71,12,20,,jared-goff.php,,,77.8,,,,,,6.0,Jared Goff,2026-08-07,DET
/nfl/rankings/best-ball-qb.php,best-qb,bp,Matthew Stafford,9451,QB,LAR,16.17,3.89,8,19,,matthew-stafford.php,,,91.6,,,,,,11.0,Matthew Stafford,2026-08-07,LAR
/nfl/rankings/best-ball-qb.php,best-qb,bp,Kyler Murray,18600,QB,MIN,17.83,2.48,15,21,,kyler-murray.php,,,72.3,,,,,,6.0,Kyler Murray,2026-08-07,MIN
/nfl/rankings/best-ball-qb.php,best-qb,bp,Baker Mayfield,17237,QB,TB,18.17,2.41,13,20,,baker-mayfield.php,,,62.0,,,,,,10.0,Baker Mayfield,2026-08-07,TBB
/nfl/rankings/best-ball-qb.php,best-qb,bp,Jordan Love,19246,QB,GB,18.83,2.73,16,24,,jordan-love.php,,,58.6,,,,,,11.0,Jordan Love,2026-08-07,GBP
/nfl/rankings/best-ball-qb.php,best-qb,bp,Tyler Shough,23096,QB,NO,19.33,3.64,14,24,,tyler-shough.php,,,51.2,,,,,,8.0,Tyler Shough,2026-08-07,NOS
/nfl/rankings/best-ball-qb.php,best-qb,bp,Malik Willis,23499,QB,MIA,19.33,4.03,15,27,,malik-willis.php,,,44.9,,,,,-3.0,6.0,Malik Willis,2026-08-07,MIA
/nfl/rankings/best-ball-qb.php,best-qb,bp,C.J. Stroud,23071,QB,HOU,22.17,3.02,17,26,,cj-stroud.php,,,40.0,,,,,,8.0,CJ Stroud,2026-08-07,HOU
/nfl/rankings/best-ball-qb.php,best-qb,bp,Sam Darnold,17236,QB,SEA,23.83,2.03,22,27,,sam-darnold.php,,,42.9,,,,,,11.0,Sam Darnold,2026-08-07,SEA
/nfl/rankings/best-ball-qb.php,best-qb,bp,Daniel Jones,18232,QB,IND,24.5,1.71,22,27,,daniel-jones.php,,,40.7,,,,,,13.0,Daniel Jones,2026-08-07,IND
/nfl/rankings/best-ball-qb.php,best-qb,bp,Cam Ward,24755,QB,TEN,25.0,3.42,21,31,,cam-ward.php,,,28.9,,,,,,9.0,Cam Ward,2026-08-07,TEN
/nfl/rankings/best-ball-qb.php,best-qb,bp,Bryce Young,22900,QB,CAR,26.33,1.89,24,30,,bryce-young.php,,,32.0,,,,,,5.0,Bryce Young,2026-08-07,CAR
/nfl/rankings/best-ball-qb.php,best-qb,bp,Aaron Rodgers,9001,QB,PIT,26.83,2.34,22,29,,aaron-rodgers.php,,,18.8,,,,,,9.0,Aaron Rodgers,2026-08-07,PIT
/nfl/rankings/best-ball-qb.php,best-qb,bp,Geno Smith,11687,QB,NYJ,27.0,2.0,25,29,,geno-smith.php,,,15.6,,,,,,13.0,Geno Smith,2026-08-07,NYJ
/nfl/rankings/best-ball-qb.php,best-qb,bp,Jacoby Brissett,15642,QB,ARI,27.33,4.11,21,32,,jacoby-brissett.php,,,25.4,,,,,,14.0,Jacoby Brissett,2026-08-07,ARI
/nfl/rankings/best-ball-qb.php,best-qb,bp,Tua Tagovailoa,19198,QB,ATL,30.67,0.94,29,32,,tua-tagovailoa.php,,,22.4,,,,,,11.0,Tua Tagovailoa,2026-08-07,ATL
/nfl/rankings/best-ball-qb.php,best-qb,bp,Fernando Mendoza,28013,QB,LV,31.33,3.45,27,37,,fernando-mendoza.php,,,33.6,,,,,,13.0,Fernando Mendoza,2026-08-07,LVR
/nfl/rankings/best-ball-qb.php,best-qb,bp,Shedeur Sanders,25968,QB,CLE,32.67,2.05,29,36,,shedeur-sanders.php,,,14.5,,,,,,11.0,Shedeur Sanders,2026-08-07,CLE
/nfl/rankings/best-ball-qb.php,best-qb,bp,Deshaun Watson,16398,QB,CLE,33.67,3.77,28,40,,deshaun-watson.php,,,16.9,,,,,,11.0,Deshaun Watson,2026-08-07,CLE
/nfl/rankings/best-ball-qb.php,best-qb,bp,Kirk Cousins,11177,QB,LV,34.5,1.89,32,37,,kirk-cousins.php,,,10.9,,,,,,13.0,Kirk Cousins,2026-08-07,LVR
/nfl/rankings/best-ball-qb.php,best-qb,bp,Michael Penix Jr.,22973,QB,ATL,32.4,2.06,30,35,,michael-penix-jr.php,,,12.8,,,,,,11.0,Michael Penix,2026-08-07,ATL
/nfl/rankings/best-ball-qb.php,best-qb,bp,Carson Beck,22953,QB,ARI,36.6,1.85,34,39,,carson-beck.php,,,12.2,,,,,,14.0,Carson Beck,2026-08-07,ARI
/nfl/rankings/best-ball-qb.php,best-qb,bp,Justin Fields,19781,QB,KC,37.6,1.85,36,41,,justin-fields.php,,,8.0,,,,,,5.0,Justin Fields,2026-08-07,KCC
/nfl/rankings/best-ball-qb.php,best-qb,bp,Ty Simpson,25368,QB,LAR,41.2,2.32,37,44,,ty-simpson.php,,,14.9,,,,,,11.0,Ty Simpson,2026-08-07,LAR
/nfl/rankings/best-ball-qb.php,best-qb,bp,J.J. McCarthy,23018,QB,MIN,37.25,2.38,34,40,,jj-mccarthy.php,,,10.9,,,,,,6.0,JJ McCarthy,2026-08-07,MIN
/nfl/rankings/best-ball-qb.php,best-qb,bp,Mac Jones,20156,QB,SF,41.75,6.8,33,52,,mac-jones.php,,,8.1,,,,,,8.0,Mac Jones,2026-08-07,SFO
/nfl/rankings/best-ball-qb.php,best-qb,bp,Marcus Mariota,13890,QB,WAS,41.75,6.83,35,50,,marcus-mariota.php,,,3.5,,,,,,7.0,Marcus Mariota,2026-08-07,WAS
/nfl/rankings/best-ball-qb.php,best-qb,bp,Joe Flacco,9300,QB,CIN,45.75,5.31,38,53,,joe-flacco.php,,,3.5,,,,,,6.0,Joe Flacco,2026-08-07,CIN
/nfl/rankings/best-ball-qb.php,best-qb,bp,Anthony Richardson Sr.,24347,QB,IND,39.33,0.47,39,40,,anthony-richardson.php,,,11.1,,,,,,13.0,Anthony Richardson,2026-08-07,IND
/nfl/rankings/best-ball-qb.php,best-qb,bp,Jameis Winston,13891,QB,NYG,41.67,5.44,34,46,,jameis-winston.php,,,5.1,,,,,,8.0,Jameis Winston,2026-08-07,NYG
/nfl/rankings/best-ball-qb.php,best-qb,bp,Gardner Minshew II,18562,QB,ARI,45.0,4.32,41,51,,gardner-minshew.php,,,1.7,,,,,,14.0,Gardner Minshew,2026-08-07,ARI
/nfl/rankings/best-ball-qb.php,best-qb,bp,Drew Allar,24345,QB,PIT,49.33,3.68,45,54,,drew-allar.php,,,2.0,,,,,,9.0,Drew Allar,2026-08-07,PIT
/nfl/rankings/best-ball-qb.php,best-qb,bp,Quinn Ewers,23680,QB,MIA,51.67,8.22,41,61,,quinn-ewers.php,,,3.4,,,,,,6.0,Quinn Ewers,2026-08-07,MIA
/nfl/rankings/best-ball-qb.php,best-qb,bp,Joe Milton III,25967,QB,DAL,52.0,4.32,48,58,,joe-milton.php,,,2.4,,,,,,14.0,Joe Milton,2026-08-07,DAL
/nfl/rankings/best-ball-qb.php,best-qb,bp,Riley Leonard,25373,QB,IND,52.33,8.5,44,64,,riley-leonard.php,,,2.8,,,,,,13.0,Riley Leonard,2026-08-07,IND
/nfl/rankings/best-ball-qb.php,best-qb,bp,Jimmy Garoppolo,12208,QB,LAR,56.33,6.85,51,66,,jimmy-garoppolo.php,,,0.8,,,,,,11.0,Jimmy Garoppolo,2026-08-07,LAR
/nfl/rankings/best-ball-qb.php,best-qb,bp,Garrett Nussmeier,22998,QB,KC,48.0,5.0,43,53,,garrett-nussmeier.php,,,7.4,,,,,,5.0,Garrett Nussmeier,2026-08-07,KCC
/nfl/rankings/best-ball-qb.php,best-qb,bp,Taylen Green,28094,QB,CLE,51.0,4.0,47,55,,taylen-green.php,,,3.9,,,,,,11.0,Taylen Green,2026-08-07,CLE
/nfl/rankings/best-ball-qb.php,best-qb,bp,Carson Wentz,15520,QB,MIN,53.0,4.0,49,57,,carson-wentz.php,,,0.8,,,,,,6.0,Carson Wentz,2026-08-07,MIN
/nfl/rankings/best-ball-qb.php,best-qb,bp,Cade Klubnik,24361,QB,NYJ,56.0,18.0,38,74,,cade-klubnik.php,,,6.7,,,,,,13.0,Cade Klubnik,2026-08-07,NYJ
/nfl/rankings/best-ball-qb.php,best-qb,bp,Spencer Rattler,23081,QB,NO,58.0,6.0,52,64,,spencer-rattler.php,,,1.2,,,,,,8.0,Spencer Rattler,2026-08-07,NOS
/nfl/rankings/best-ball-qb.php,best-qb,bp,Trey Lance,20082,QB,LAC,59.0,11.0,48,70,,trey-lance.php,,,1.0,,,,,,7.0,Trey Lance,2026-08-07,LAC
/nfl/rankings/best-ball-qb.php,best-qb,bp,Jalen Milroe,22884,QB,SEA,59.5,5.5,54,65,,jalen-milroe.php,,,3.0,,,,,,11.0,Jalen Milroe,2026-08-07,SEA
/nfl/rankings/best-ball-qb.php,best-qb,bp,Tanner McKee,24740,QB,PHI,59.5,0.5,59,60,,tanner-mckee.php,,,2.0,,,,,,10.0,Tanner McKee,2026-08-07,PHI
/nfl/rankings/best-ball-qb.php,best-qb,bp,Tyson Bagent,25321,QB,CHI,65.67,10.66,51,76,,tyson-bagent.php,,,2.1,,,,,,10.0,Tyson Bagent,2026-08-07,CHI
/nfl/rankings/best-ball-qb.php,best-qb,bp,Michael Pratt,25226,QB,FA,43.0,0.0,43,43,,michael-pratt.php,,,1.3,,,,,,,Michael Pratt,2026-08-07,FA
/nfl/rankings/best-ball-qb.php,best-qb,bp,Cole Payton,28302,QB,PHI,44.0,0.0,44,44,,cole-payton.php,,,0.7,,,,,,10.0,Cole Payton,2026-08-07,PHI
/nfl/rankings/best-ball-qb.php,best-qb,bp,Derek Carr,12092,QB,FA,45.0,0.0,45,45,,derek-carr.php,,,0.7,,,,,,,Derek Carr,2026-08-07,FA
/nfl/rankings/best-ball-qb.php,best-qb,bp,Will Howard,25972,QB,PIT,61.5,13.5,48,75,,will-howard.php,,,3.9,,,,,,9.0,Will Howard,2026-08-07,PIT
/nfl/rankings/best-ball-qb.php,best-qb,bp,Teddy Bridgewater,12088,QB,DET,47.0,0.0,47,47,,teddy-bridgewater.php,,,1.1,,,,,,6.0,Teddy Bridgewater,2026-08-07,DET
/nfl/rankings/best-ball-qb.php,best-qb,bp,Sam Howell,23045,QB,DAL,63.0,4.0,59,67,,sam-howell.php,,,0.6,,,,,,14.0,Sam Howell,2026-08-07,DAL
/nfl/rankings/best-ball-qb.php,best-qb,bp,Zach Wilson,22679,QB,NO,63.5,7.5,56,71,,zach-wilson.php,,,0.6,,,,,,8.0,Zach Wilson,2026-08-07,NOS
/nfl/rankings/best-ball-qb.php,best-qb,bp,Tyrod Taylor,10007,QB,GB,50.0,0.0,50,50,,tyrod-taylor.php,,,1.2,,,,,,11.0,Tyrod Taylor,2026-08-07,GBP
/nfl/rankings/best-ball-qb.php,best-qb,bp,Davis Mills,22799,QB,HOU,64.0,9.0,55,73,,davis-mills.php,,,1.4,,,,,,8.0,Davis Mills,2026-08-07,HOU
/nfl/rankings/best-ball-qb.php,best-qb,bp,Jake Browning,18557,QB,TB,65.0,3.0,62,68,,jake-browning.php,,,0.6,,,,,,10.0,Jake Browning,2026-08-07,TBB
/nfl/rankings/best-ball-qb.php,best-qb,bp,Kyle Allen,17869,QB,BUF,54.0,0.0,54,54,,kyle-allen.php,,,0.8,,,,,,7.0,Kyle Allen,2026-08-07,BUF
/nfl/rankings/best-ball-qb.php,best-qb,bp,Cooper Rush,16477,QB,ATL,66.0,3.0,63,69,,cooper-rush.php,,,0.7,,,,,,11.0,Cooper Rush,2026-08-07,ATL
/nfl/rankings/best-ball-qb.php,best-qb,bp,Jarrett Stidham,18604,QB,DEN,66.5,5.5,61,72,,jarrett-stidham.php,,,0.9,,,,,,10.0,Jarrett Stidham,2026-08-07,DEN
/nfl/rankings/best-ball-qb.php,best-qb,bp,Tyler Huntley,19297,QB,BAL,56.0,0.0,56,56,,tyler-huntley.php,,,3.1,,,,,,13.0,Tyler Huntley,2026-08-07,BAL
/nfl/rankings/best-ball-qb.php,best-qb,bp,Drew Lock,18225,QB,SEA,67.0,4.0,63,71,,drew-lock.php,,,0.9,,,,,,11.0,Drew Lock,2026-08-07,SEA
/nfl/rankings/best-ball-qb.php,best-qb,bp,Mason Rudolph,17234,QB,PIT,69.0,12.0,57,81,,mason-rudolph.php,,,0.7,,,,,,9.0,Mason Rudolph,2026-08-07,PIT
/nfl/rankings/best-ball-qb.php,best-qb,bp,Dillon Gabriel,23150,QB,CLE,58.0,0.0,58,58,,dillon-gabriel.php,,,0.6,,,,,,11.0,Dillon Gabriel,2026-08-07,CLE
/nfl/rankings/best-ball-qb.php,best-qb,bp,Brady Cook,27161,QB,NYJ,60.0,0.0,60,60,,brady-cook.php,,,0.6,,,,,,13.0,Brady Cook,2026-08-07,NYJ
/nfl/rankings/best-ball-qb.php,best-qb,bp,Aidan O'Connell,24330,QB,LV,62.0,0.0,62,62,,aidan-oconnell.php,,,0.6,,,,,,13.0,Aidan OConnell,2026-08-07,LVR
/nfl/rankings/best-ball-qb.php,best-qb,bp,Nick Mullens,16726,QB,JAC,70.5,2.5,68,73,,nick-mullens.php,,,0.9,,,,,-10.0,7.0,Nick Mullens,2026-08-07,JAC
/nfl/rankings/best-ball-qb.php,best-qb,bp,Rocky Lombardi,26655,QB,FA,65.0,0.0,65,65,,rocky-lombardi.php,,,0.0,,,,,,,Rocky Lombardi,2026-08-07,FA
/nfl/rankings/best-ball-qb.php,best-qb,bp,Joshua Dobbs,16417,QB,FA,71.5,5.5,66,77,,joshua-dobbs.php,,,0.6,,,,,-11.0,,Joshua Dobbs,2026-08-07,FA
/nfl/rankings/best-ball-qb.php,best-qb,bp,CJ Carr,28405,QB,FA,67.0,0.0,67,67,,cj-carr.php,,,0.0,,,,,,,CJ Carr,2026-08-07,FA
/nfl/rankings/best-ball-qb.php,best-qb,bp,Mitchell Trubisky,16381,QB,TEN,73.0,1.0,72,74,,mitch-trubisky.php,,,0.6,,,,,-12.0,9.0,Mitchell Trubisky,2026-08-07,TEN
/nfl/rankings/best-ball-qb.php,best-qb,bp,Kenny Pickett,22722,QB,CAR,73.5,4.5,69,78,,kenny-pickett.php,,,1.0,,,,,-12.0,5.0,Kenny Pickett,2026-08-07,CAR
/nfl/rankings/best-ball-qb.php,best-qb,bp,Diego Pavia,28082,QB,FA,75.0,0.0,75,75,,diego-pavia.php,,,1.1,,,,,,,Diego Pavia,2026-08-07,FA
/nfl/rankings/best-ball-qb.php,best-qb,bp,Brandon Allen,15745,QB,NYG,78.0,2.0,76,80,,brandon-allen.php,,,0.0,,,,,-13.0,8.0,Brandon Allen,2026-08-07,NYG
/nfl/rankings/best-ball-qb.php,best-qb,bp,Andy Dalton,9907,QB,PHI,78.0,1.0,77,79,,andy-dalton.php,,,0.7,,,,,-13.0,10.0,Andy Dalton,2026-08-07,PHI
/nfl/rankings/best-ball-rb.php,best-rb,bp,Jahmyr Gibbs,22968,RB,DET,1.5,0.5,1,2,,jahmyr-gibbs.php,,,99.4,,,,,,6.0,Jahmyr Gibbs,2026-08-07,DET
/nfl/rankings/best-ball-rb.php,best-rb,bp,Bijan Robinson,23133,RB,ATL,1.5,0.5,1,2,,bijan-robinson.php,,,99.4,,,,,,11.0,Bijan Robinson,2026-08-07,ATL
/nfl/rankings/best-ball-rb.php,best-rb,bp,Christian McCaffrey,16393,RB,SF,4.5,2.93,3,11,,christian-mccaffrey.php,,,99.5,,,,,,8.0,Christian McCaffrey,2026-08-07,SFO
/nfl/rankings/best-ball-rb.php,best-rb,bp,Jonathan Taylor,19217,RB,IND,4.5,0.76,4,6,,jonathan-taylor.php,,,99.3,,,,,,13.0,Jonathan Taylor,2026-08-07,IND
/nfl/rankings/best-ball-rb.php,best-rb,bp,James Cook III,22958,RB,BUF,5.5,1.89,3,8,,james-cook.php,,,99.5,,,,,,7.0,James Cook,2026-08-07,BUF
/nfl/rankings/best-ball-rb.php,best-rb,bp,Chase Brown,25324,RB,CIN,6.5,2.14,5,10,,chase-brown.php,,,98.7,,,,,,6.0,Chase Brown,2026-08-07,CIN
/nfl/rankings/best-ball-rb.php,best-rb,bp,Omarion Hampton,25395,RB,LAC,8.0,1.41,6,10,,omarion-hampton.php,,,98.7,,,,,,7.0,Omarion Hampton,2026-08-07,LAC
/nfl/rankings/best-ball-rb.php,best-rb,bp,Ashton Jeanty,25989,RB,LV,8.33,3.59,4,14,,ashton-jeanty.php,,,99.2,,,,,,13.0,Ashton Jeanty,2026-08-07,LVR
/nfl/rankings/best-ball-rb.php,best-rb,bp,De'Von Achane,23136,RB,MIA,8.67,1.7,7,12,,devon-achane.php,,,99.2,,,,,,6.0,DeVon Achane,2026-08-07,MIA
/nfl/rankings/best-ball-rb.php,best-rb,bp,Saquon Barkley,17240,RB,PHI,10.17,2.61,6,14,,saquon-barkley.php,,,99.4,,,,,,10.0,Saquon Barkley,2026-08-07,PHI
/nfl/rankings/best-ball-rb.php,best-rb,bp,Kenneth Walker III,23021,RB,KC,11.0,4.62,7,18,,kenneth-walker-rb.php,,,99.3,,,,,,5.0,Kenneth Walker,2026-08-07,KCC
/nfl/rankings/best-ball-rb.php,best-rb,bp,Derrick Henry,15514,RB,BAL,13.33,3.14,11,20,,derrick-henry.php,,,99.1,,,,,,13.0,Derrick Henry,2026-08-07,BAL
/nfl/rankings/best-ball-rb.php,best-rb,bp,Javonte Williams,22739,RB,DAL,13.5,2.93,10,18,,javonte-williams.php,,,96.7,,,,,,14.0,Javonte Williams,2026-08-07,DAL
/nfl/rankings/best-ball-rb.php,best-rb,bp,Breece Hall,22982,RB,NYJ,13.67,1.97,11,17,,breece-hall.php,,,97.6,,,,,,13.0,Breece Hall,2026-08-07,NYJ
/nfl/rankings/best-ball-rb.php,best-rb,bp,Kyren Williams,23059,RB,LAR,13.83,2.85,9,17,,kyren-williams.php,,,98.1,,,,,,11.0,Kyren Williams,2026-08-07,LAR
/nfl/rankings/best-ball-rb.php,best-rb,bp,Jeremiyah Love,25403,RB,ARI,16.17,3.24,13,23,,jeremiyah-love.php,,,98.2,,,,,,14.0,Jeremiyah Love,2026-08-07,ARI
/nfl/rankings/best-ball-rb.php,best-rb,bp,Josh Jacobs,18269,RB,GB,17.33,3.68,13,23,,josh-jacobs.php,,,98.7,,,,,,11.0,Josh Jacobs,2026-08-07,GBP
/nfl/rankings/best-ball-rb.php,best-rb,bp,Travis Etienne Jr.,19231,RB,NO,18.33,3.35,15,24,,travis-etienne.php,,,95.7,,,,,,8.0,Travis Etienne,2026-08-07,NOS
/nfl/rankings/best-ball-rb.php,best-rb,bp,Cam Skattebo,27166,RB,NYG,20.67,1.8,18,23,,cam-skattebo.php,,,96.5,,,,,,8.0,Cam Skattebo,2026-08-07,NYG
/nfl/rankings/best-ball-rb.php,best-rb,bp,David Montgomery,18239,RB,HOU,21.17,2.67,17,26,,david-montgomery.php,,,93.4,,,,,,8.0,David Montgomery,2026-08-07,HOU
/nfl/rankings/best-ball-rb.php,best-rb,bp,TreVeyon Henderson,23065,RB,NE,22.0,5.66,16,33,,treveyon-henderson.php,,,93.4,,,,,,11.0,TreVeyon Henderson,2026-08-07,NEP
/nfl/rankings/best-ball-rb.php,best-rb,bp,D'Andre Swift,19210,RB,CHI,22.17,2.19,18,24,,dandre-swift.php,,,93.8,,,,,,10.0,DAndre Swift,2026-08-07,CHI
/nfl/rankings/best-ball-rb.php,best-rb,bp,Bucky Irving,25981,RB,TB,22.33,3.35,19,29,,bucky-irving.php,,,95.5,,,,,,10.0,Bucky Irving,2026-08-07,TBB
/nfl/rankings/best-ball-rb.php,best-rb,bp,Bhayshul Tuten,27297,RB,JAC,22.83,4.95,17,32,,bhayshul-tuten.php,,,90.1,,,,,,7.0,Bhayshul Tuten,2026-08-07,JAC
/nfl/rankings/best-ball-rb.php,best-rb,bp,Jadarian Price,27329,RB,SEA,23.83,4.02,15,26,,jadarian-price.php,,,91.0,,,,,,11.0,Jadarian Price,2026-08-07,SEA
/nfl/rankings/best-ball-rb.php,best-rb,bp,Quinshon Judkins,25391,RB,CLE,24.17,2.91,19,28,,quinshon-judkins.php,,,93.7,,,,,,11.0,Quinshon Judkins,2026-08-07,CLE
/nfl/rankings/best-ball-rb.php,best-rb,bp,Tony Pollard,18705,RB,TEN,27.67,3.9,21,33,,tony-pollard.php,,,89.3,,,,,,9.0,Tony Pollard,2026-08-07,TEN
/nfl/rankings/best-ball-rb.php,best-rb,bp,Jaylen Warren,24209,RB,PIT,28.0,1.83,25,31,,jaylen-warren.php,,,90.5,,,,,,9.0,Jaylen Warren,2026-08-07,PIT
/nfl/rankings/best-ball-rb.php,best-rb,bp,Rhamondre Stevenson,22726,RB,NE,30.33,1.97,28,33,,rhamondre-stevenson.php,,,86.4,,,,,,11.0,Rhamondre Stevenson,2026-08-07,NEP
/nfl/rankings/best-ball-rb.php,best-rb,bp,Jonathon Brooks,26148,RB,CAR,31.0,1.53,29,34,,jonathon-brooks.php,,,74.7,,,,,,5.0,Jonathon Brooks,2026-08-07,CAR
/nfl/rankings/best-ball-rb.php,best-rb,bp,RJ Harvey,27142,RB,DEN,31.5,5.35,24,40,,rj-harvey.php,,,86.0,,,,,,10.0,RJ Harvey,2026-08-07,DEN
/nfl/rankings/best-ball-rb.php,best-rb,bp,Rico Dowdle,19647,RB,PIT,31.5,3.55,27,38,,rico-dowdle.php,,,89.3,,,,,,9.0,Rico Dowdle,2026-08-07,PIT
/nfl/rankings/best-ball-rb.php,best-rb,bp,Chuba Hubbard,19792,RB,CAR,32.33,2.69,27,35,,chuba-hubbard.php,,,88.1,,,,,,5.0,Chuba Hubbard,2026-08-07,CAR
/nfl/rankings/best-ball-rb.php,best-rb,bp,Kyle Monangai,27131,RB,CHI,35.17,3.39,29,39,,kyle-monangai.php,,,84.1,,,,,,10.0,Kyle Monangai,2026-08-07,CHI
/nfl/rankings/best-ball-rb.php,best-rb,bp,Blake Corum,23013,RB,LAR,35.5,1.5,33,37,,blake-corum.php,,,82.0,,,,,,11.0,Blake Corum,2026-08-07,LAR
/nfl/rankings/best-ball-rb.php,best-rb,bp,J.K. Dobbins,19245,RB,DEN,35.83,5.87,28,45,,jk-dobbins.php,,,86.7,,,,,,10.0,JK Dobbins,2026-08-07,DEN
/nfl/rankings/best-ball-rb.php,best-rb,bp,Rachaad White,23891,RB,WAS,36.33,4.61,27,41,,rachaad-white.php,,,79.8,,,,,,7.0,Rachaad White,2026-08-07,WAS
/nfl/rankings/best-ball-rb.php,best-rb,bp,Kenny Gainwell,23310,RB,TB,37.17,3.62,31,43,,kenneth-gainwell.php,,,81.0,,,,,,10.0,Kenny Gainwell,2026-08-07,TBB
/nfl/rankings/best-ball-rb.php,best-rb,bp,Aaron Jones Sr.,16673,RB,MIN,38.17,3.02,32,41,,aaron-jones.php,,,83.4,,,,,,6.0,Aaron Jones,2026-08-07,MIN
/nfl/rankings/best-ball-rb.php,best-rb,bp,Jordan Mason,22969,RB,MIN,39.5,2.81,36,44,,jordan-mason.php,,,70.5,,,,,,6.0,Jordan Mason,2026-08-07,MIN
/nfl/rankings/best-ball-rb.php,best-rb,bp,Jacory Croskey-Merritt,27316,RB,WAS,39.83,3.58,34,44,,jacory-croskeymerritt.php,,,74.6,,,,,,7.0,Jacory Croskey-Merritt,2026-08-07,WAS
/nfl/rankings/best-ball-rb.php,best-rb,bp,Tyrone Tracy Jr.,22980,RB,NYG,46.67,3.35,43,53,,tyrone-tracy-jr.php,,,40.0,,,,,,8.0,Tyrone Tracy,2026-08-07,NYG
/nfl/rankings/best-ball-rb.php,best-rb,bp,Tyler Allgeier,24172,RB,ARI,46.83,4.18,39,53,,tyler-allgeier.php,,,46.0,,,,,,14.0,Tyler Allgeier,2026-08-07,ARI
/nfl/rankings/best-ball-rb.php,best-rb,bp,Woody Marks,27520,RB,HOU,47.5,7.14,37,59,,woody-marks.php,,,53.9,,,,,,8.0,Woody Marks,2026-08-07,HOU
/nfl/rankings/best-ball-rb.php,best-rb,bp,Keaton Mitchell,25360,RB,LAC,48.17,9.06,42,68,,keaton-mitchell.php,,,33.5,,,,,,7.0,Keaton Mitchell,2026-08-07,LAC
/nfl/rankings/best-ball-rb.php,best-rb,bp,Dylan Sampson,27102,RB,CLE,48.33,7.34,41,63,,dylan-sampson.php,,,24.1,,,,,,11.0,Dylan Sampson,2026-08-07,CLE
/nfl/rankings/best-ball-rb.php,best-rb,bp,Alvin Kamara,16421,RB,NO,48.67,6.34,39,59,,alvin-kamara.php,,,52.4,,,,,,8.0,Alvin Kamara,2026-08-07,NOS
/nfl/rankings/best-ball-rb.php,best-rb,bp,Zach Charbonnet,23152,RB,SEA,49.0,2.31,46,52,,zach-charbonnet.php,,,70.4,,,,,,11.0,Zach Charbonnet,2026-08-07,SEA
/nfl/rankings/best-ball-rb.php,best-rb,bp,Chris Rodriguez Jr.,22986,RB,JAC,50.17,12.37,40,70,,chris-rodriguez-jr.php,,,40.7,,,,,,7.0,Chris Rodriguez,2026-08-07,JAC
/nfl/rankings/best-ball-rb.php,best-rb,bp,Jonah Coleman,27320,RB,DEN,50.33,5.19,43,56,,jonah-coleman.php,,,33.7,,,,,,10.0,Jonah Coleman,2026-08-07,DEN
/nfl/rankings/best-ball-rb.php,best-rb,bp,Isiah Pacheco,24333,RB,DET,53.0,3.74,48,59,,isiah-pacheco.php,,,51.9,,,,,,6.0,Isiah Pacheco,2026-08-07,DET
/nfl/rankings/best-ball-rb.php,best-rb,bp,Brian Robinson Jr.,20094,RB,ATL,53.0,3.56,48,58,,brian-robinson-jr.php,,,37.5,,,,,,11.0,Brian Robinson,2026-08-07,ATL
/nfl/rankings/best-ball-rb.php,best-rb,bp,Tank Bigsby,22908,RB,PHI,53.67,8.24,45,69,,tank-bigsby.php,,,31.3,,,,,,10.0,Tank Bigsby,2026-08-07,PHI
/nfl/rankings/best-ball-rb.php,best-rb,bp,Tyjae Spears,25323,RB,TEN,54.33,7.59,45,64,,tyjae-spears.php,,,46.9,,,,,,9.0,Tyjae Spears,2026-08-07,TEN
/nfl/rankings/best-ball-rb.php,best-rb,bp,Braelon Allen,24346,RB,NYJ,56.67,8.34,39,64,,braelon-allen.php,,,20.6,,,,,,13.0,Braelon Allen,2026-08-07,NYJ
/nfl/rankings/best-ball-rb.php,best-rb,bp,Emmett Johnson,28107,RB,KC,57.17,4.88,50,64,,emmett-johnson.php,,,26.6,,,,,,5.0,Emmett Johnson,2026-08-07,KCC
/nfl/rankings/best-ball-rb.php,best-rb,bp,MarShawn Lloyd,23118,RB,GB,58.67,6.26,51,67,,marshawn-lloyd.php,,,9.3,,,,,,11.0,MarShawn Lloyd,2026-08-07,GBP
/nfl/rankings/best-ball-rb.php,best-rb,bp,Kaytron Allen,24362,RB,WAS,59.0,4.69,52,66,,kaytron-allen.php,,,21.1,,,,,,7.0,Kaytron Allen,2026-08-07,WAS
/nfl/rankings/best-ball-rb.php,best-rb,bp,Mike Washington Jr.,28108,RB,LV,60.33,9.98,46,74,,mike-washington-jr.php,,,25.5,,,,,,13.0,Mike Washington,2026-08-07,LVR
/nfl/rankings/best-ball-rb.php,best-rb,bp,Ray Davis,26191,RB,BUF,60.5,7.85,50,71,,ray-davis.php,,,15.4,,,,,,7.0,Ray Davis,2026-08-07,BUF
/nfl/rankings/best-ball-rb.php,best-rb,bp,Nicholas Singleton,24343,RB,TEN,62.5,10.67,48,79,,nick-singleton.php,,,25.3,,,,,,9.0,Nicholas Singleton,2026-08-07,TEN
/nfl/rankings/best-ball-rb.php,best-rb,bp,Sean Tucker,23679,RB,TB,63.83,5.96,54,72,,sean-tucker.php,,,19.0,,,,,,10.0,Sean Tucker,2026-08-07,TBB
/nfl/rankings/best-ball-rb.php,best-rb,bp,James Conner,16447,RB,ARI,64.83,11.74,49,79,,james-conner.php,,,28.5,,,,,,14.0,James Conner,2026-08-07,ARI
/nfl/rankings/best-ball-rb.php,best-rb,bp,Kimani Vidal,26355,RB,LAC,66.0,8.25,52,79,,kimani-vidal.php,,,14.2,,,,,,7.0,Kimani Vidal,2026-08-07,LAC
/nfl/rankings/best-ball-rb.php,best-rb,bp,Samaje Perine,16423,RB,CIN,66.67,5.68,59,77,,samaje-perine.php,,,5.1,,,,,,6.0,Samaje Perine,2026-08-07,CIN
/nfl/rankings/best-ball-rb.php,best-rb,bp,Demond Claiborne,28084,RB,MIN,66.83,4.37,63,76,,demond-claiborne.php,,,16.0,,,,,,6.0,Demond Claiborne,2026-08-07,MIN
/nfl/rankings/best-ball-rb.php,best-rb,bp,Jaylen Wright,25987,RB,MIA,68.17,9.37,55,76,,jaylen-wright.php,,,10.2,,,,,,6.0,Jaylen Wright,2026-08-07,MIA
/nfl/rankings/best-ball-rb.php,best-rb,bp,Emanuel Wilson,25885,RB,SEA,68.17,8.51,57,82,,emanuel-wilson.php,,,13.0,,,,,,11.0,Emanuel Wilson,2026-08-07,SEA
/nfl/rankings/best-ball-rb.php,best-rb,bp,Ollie Gordon II,25984,RB,MIA,69.17,4.98,59,73,,ollie-gordon.php,,,4.2,,,,,,6.0,Ollie Gordon,2026-08-07,MIA
/nfl/rankings/best-ball-rb.php,best-rb,bp,Kaelon Black,28401,RB,SF,63.8,7.76,53,76,,kaelon-black.php,,,12.9,,,,,,8.0,Kaelon Black,2026-08-07,SFO
/nfl/rankings/best-ball-rb.php,best-rb,bp,Jaydon Blue,24344,RB,DAL,64.2,9.66,51,77,,jaydon-blue.php,,,11.1,,,,,,14.0,Jaydon Blue,2026-08-07,DAL
/nfl/rankings/best-ball-rb.php,best-rb,bp,Jordan James,27310,RB,SF,69.4,15.07,55,98,,jordan-james.php,,,9.9,,,,,,8.0,Jordan James,2026-08-07,SFO
/nfl/rankings/best-ball-rb.php,best-rb,bp,Justice Hill,18256,RB,BAL,70.4,8.14,57,78,,justice-hill.php,,,9.3,,,,,,13.0,Justice Hill,2026-08-07,BAL
/nfl/rankings/best-ball-rb.php,best-rb,bp,Adam Randall,24367,RB,BAL,79.17,6.15,67,85,,adam-randall.php,,,5.3,,,,,,13.0,Adam Randall,2026-08-07,BAL
/nfl/rankings/best-ball-rb.php,best-rb,bp,George Holani,22915,RB,SEA,73.4,7.28,63,83,,george-holani.php,,,7.8,,,,,,11.0,George Holani,2026-08-07,SEA
/nfl/rankings/best-ball-rb.php,best-rb,bp,DJ Giddens,27097,RB,IND,76.2,10.46,67,95,,dj-giddens.php,,,2.9,,,,,,13.0,DJ Giddens,2026-08-07,IND
/nfl/rankings/best-ball-rb.php,best-rb,bp,Trey Benson,25388,RB,ARI,82.33,13.06,63,103,,trey-benson.php,,,12.1,,,,,,14.0,Trey Benson,2026-08-07,ARI
/nfl/rankings/best-ball-rb.php,best-rb,bp,Kaleb Johnson,27165,RB,PIT,83.5,10.55,71,104,,kaleb-johnson-rb.php,,,8.2,,,,,,9.0,Kaleb Johnson,2026-08-07,PIT
/nfl/rankings/best-ball-rb.php,best-rb,bp,Devin Singletary,18280,RB,NYG,85.83,17.5,70,120,,devin-singletary.php,,,1.3,,,,,,8.0,Devin Singletary,2026-08-07,NYG
/nfl/rankings/best-ball-rb.php,best-rb,bp,Chris Brooks,25823,RB,GB,79.6,5.95,70,86,,christopher-brooks.php,,,6.3,,,,,,11.0,Chris Brooks,2026-08-07,GBP
/nfl/rankings/best-ball-rb.php,best-rb,bp,Eli Heidenreich,28297,RB,PIT,81.4,12.24,61,99,,eli-heidenreich.php,,,2.0,,,,,9.0,9.0,Eli Heidenreich,2026-08-07,PIT
/nfl/rankings/best-ball-rb.php,best-rb,bp,Ty Johnson,18406,RB,BUF,75.5,12.3,61,95,,ty-johnson.php,,,3.2,,,,,,7.0,Ty Johnson,2026-08-07,BUF
/nfl/rankings/best-ball-rb.php,best-rb,bp,Malik Davis,24205,RB,DAL,77.75,9.55,70,94,,malik-davis.php,,,3.0,,,,,,14.0,Malik Davis,2026-08-07,DAL
/nfl/rankings/best-ball-rb.php,best-rb,bp,Najee Harris,19302,RB,LAC,78.0,2.35,76,82,,najee-harris-rb.php,,,6.8,,,,,-8.0,7.0,Najee Harris,2026-08-07,LAC
/nfl/rankings/best-ball-rb.php,best-rb,bp,Seth McGowan,23079,RB,IND,79.25,8.41,68,90,,seth-mcgowan.php,,,4.5,,,,,,13.0,Seth McGowan,2026-08-07,IND
/nfl/rankings/best-ball-rb.php,best-rb,bp,LeQuint Allen Jr.,27285,RB,JAC,80.5,6.1,73,90,,lequint-allen-jr.php,,,5.0,,,,,,7.0,LeQuint Allen,2026-08-07,JAC
/nfl/rankings/best-ball-rb.php,best-rb,bp,Isaiah Davis,25977,RB,NYJ,81.5,14.12,58,95,,isaiah-davis.php,,,3.3,,,,,,13.0,Isaiah Davis,2026-08-07,NYJ
/nfl/rankings/best-ball-rb.php,best-rb,bp,Brashard Smith,27259,RB,KC,82.5,6.5,74,91,,brashard-smith.php,,,4.8,,,,,,5.0,Brashard Smith,2026-08-07,KCC
/nfl/rankings/best-ball-rb.php,best-rb,bp,Devin Neal,23682,RB,NO,88.2,11.36,73,107,,devin-neal.php,,,6.3,,,,,,8.0,Devin Neal,2026-08-07,NOS
/nfl/rankings/best-ball-rb.php,best-rb,bp,Emari Demercado,25654,RB,KC,84.25,7.29,74,94,,emari-demercado.php,,,2.4,,,,,,5.0,Emari Demercado,2026-08-07,KCC
/nfl/rankings/best-ball-rb.php,best-rb,bp,Isaac Guerendo,26392,RB,SF,85.5,12.42,64,93,,isaac-guerendo.php,,,2.0,,,,,,8.0,Isaac Guerendo,2026-08-07,SFO
/nfl/rankings/best-ball-rb.php,best-rb,bp,Kendre Miller,24360,RB,NO,93.0,12.99,77,110,,kendre-miller.php,,,5.6,,,,,,8.0,Kendre Miller,2026-08-07,NOS
/nfl/rankings/best-ball-rb.php,best-rb,bp,Jerome Ford,22921,RB,WAS,91.0,1.87,88,93,,jerome-ford.php,,,3.4,,,,,,7.0,Jerome Ford,2026-08-07,WAS
/nfl/rankings/best-ball-rb.php,best-rb,bp,Tahj Brooks,26212,RB,CIN,91.75,7.69,81,100,,tahj-brooks.php,,,1.5,,,,,,6.0,Tahj Brooks,2026-08-07,CIN
/nfl/rankings/best-ball-rb.php,best-rb,bp,Trevor Etienne,25393,RB,CAR,92.75,3.34,89,97,,trevor-etienne.php,,,1.5,,,,,,5.0,Trevor Etienne,2026-08-07,CAR
/nfl/rankings/best-ball-rb.php,best-rb,bp,Joe Mixon,16420,RB,FA,86.0,2.0,84,88,,joe-mixon.php,,,10.4,,,,,,,Joe Mixon,2026-08-07,FA
/nfl/rankings/best-ball-rb.php,best-rb,bp,Will Shipley,22930,RB,PHI,94.33,8.06,83,101,,will-shipley.php,,,1.3,,,,,,10.0,Will Shipley,2026-08-07,PHI
/nfl/rankings/best-ball-rb.php,best-rb,bp,Jarquez Hunter,24335,RB,LAR,95.67,14.7,75,108,,jarquez-hunter.php,,,3.5,,,,,,11.0,Jarquez Hunter,2026-08-07,LAR
/nfl/rankings/best-ball-rb.php,best-rb,bp,Jawhar Jordan,26329,RB,HOU,99.0,13.64,84,117,,jawhar-jordan.php,,,0.7,,,,,,8.0,Jawhar Jordan,2026-08-07,HOU
/nfl/rankings/best-ball-rb.php,best-rb,bp,Kareem Hunt,16425,RB,FA,92.0,5.0,87,97,,kareem-hunt.php,,,1.3,,,,,,,Kareem Hunt,2026-08-07,FA
/nfl/rankings/best-ball-rb.php,best-rb,bp,J'Mari Taylor,28109,RB,JAC,99.33,6.94,93,109,,jmari-taylor.php,,,3.9,,,,,,7.0,JMari Taylor,2026-08-07,JAC
/nfl/rankings/best-ball-rb.php,best-rb,bp,Nick Chubb,17246,RB,FA,94.5,8.5,86,103,,nick-chubb.php,,,0.9,,,,,,,Nick Chubb,2026-08-07,FA
/nfl/rankings/best-ball-rb.php,best-rb,bp,Rasheen Ali,25983,RB,BAL,95.0,7.0,88,102,,rasheen-ali.php,,,1.1,,,,,,13.0,Rasheen Ali,2026-08-07,BAL
/nfl/rankings/best-ball-rb.php,best-rb,bp,Bam Knight,24901,RB,ARI,99.5,16.5,83,116,,zonovan-bam-knight.php,,,0.7,,,,,,14.0,Bam Knight,2026-08-07,ARI
/nfl/rankings/best-ball-rb.php,best-rb,bp,Jaleel McLaughlin,25876,RB,DEN,104.33,11.15,92,119,,jaleel-mclaughlin.php,,,0.7,,,,,,10.0,Jaleel McLaughlin,2026-08-07,DEN
/nfl/rankings/best-ball-rb.php,best-rb,bp,Michael Carter,22728,RB,TEN,97.5,3.5,94,101,,michael-carter-rb.php,,,0.6,,,,,,9.0,Michael Carter,2026-08-07,TEN
/nfl/rankings/best-ball-rb.php,best-rb,bp,Raheim Sanders,24351,RB,CLE,107.0,22.0,85,129,,raheim-sanders.php,,,0.6,,,,,,11.0,Raheim Sanders,2026-08-07,CLE
/nfl/rankings/best-ball-rb.php,best-rb,bp,Roschon Johnson,25322,RB,CHI,110.5,21.5,89,132,,roschon-johnson.php,,,0.6,,,,,,10.0,Roschon Johnson,2026-08-07,CHI
/nfl/rankings/best-ball-rb.php,best-rb,bp,Jam Miller,27326,RB,NE,100.5,8.5,92,109,,jam-miller.php,,,1.3,,,,,,11.0,Jam Miller,2026-08-07,NEP
/nfl/rankings/best-ball-rb.php,best-rb,bp,Kyle Juszczyk,11798,RB,SF,101.5,3.5,98,105,,kyle-juszczyk.php,,,1.0,,,,,,8.0,Kyle Juszczyk,2026-08-07,SFO
/nfl/rankings/best-ball-rb.php,best-rb,bp,Jaydn Ott,25394,RB,KC,94.0,0.0,94,94,,jaydn-ott.php,,,1.0,,,,,,5.0,Jaydn Ott,2026-08-07,KCC
/nfl/rankings/best-ball-rb.php,best-rb,bp,Zavier Scott,25748,RB,MIN,112.5,15.5,97,128,,zavier-scott.php,,,0.6,,,,,,6.0,Zavier Scott,2026-08-07,MIN
/nfl/rankings/best-ball-rb.php,best-rb,bp,Kenny McIntosh,25329,RB,FA,100.0,0.0,100,100,,kenny-mcintosh.php,,,1.0,,,,,,,Kenny McIntosh,2026-08-07,FA
/nfl/rankings/best-ball-rb.php,best-rb,bp,Miles Sanders,18283,RB,FA,105.0,0.0,105,105,,miles-sanders.php,,,1.0,,,,,,,Miles Sanders,2026-08-07,FA
/nfl/rankings/best-ball-rb.php,best-rb,bp,Rahsul Faison,28112,RB,FA,106.0,0.0,106,106,,rahsul-faison.php,,,0.0,,,,,,,Rahsul Faison,2026-08-07,FA
/nfl/rankings/best-ball-rb.php,best-rb,bp,Nathan Carter,27667,RB,ATL,107.0,0.0,107,107,,nate-carter.php,,,1.0,,,,,,11.0,Nathan Carter,2026-08-07,ATL
/nfl/rankings/best-ball-rb.php,best-rb,bp,Roman Hemby,25387,RB,LV,108.0,0.0,108,108,,roman-hemby.php,,,0.0,,,,,,13.0,Roman Hemby,2026-08-07,LVR
/nfl/rankings/best-ball-rb.php,best-rb,bp,Audric Estime,23054,RB,NO,111.0,0.0,111,111,,audric-estime.php,,,3.6,,,,,,8.0,Audric Estime,2026-08-07,NOS
/nfl/rankings/best-ball-rb.php,best-rb,bp,Antonio Williams,19843,RB,FA,112.0,0.0,112,112,,antonio-williams.php,,,1.8,,,,,,,Antonio Williams,2026-08-07,FA
/nfl/rankings/best-ball-rb.php,best-rb,bp,Austin Ekeler,16483,RB,FA,113.0,0.0,113,113,,austin-ekeler.php,,,1.6,,,,,,,Austin Ekeler,2026-08-07,FA
/nfl/rankings/best-ball-rb.php,best-rb,bp,Desmond Reid,28110,RB,FA,114.0,0.0,114,114,,desmond-reid.php,,,0.0,,,,,,,Desmond Reid,2026-08-07,FA
/nfl/rankings/best-ball-rb.php,best-rb,bp,Phil Mafah,22928,RB,DAL,115.0,0.0,115,115,,phil-mafah.php,,,0.9,,,,,,14.0,Phil Mafah,2026-08-07,DAL
/nfl/rankings/best-ball-rb.php,best-rb,bp,Khalil Herbert,22763,RB,SF,118.0,0.0,118,118,,khalil-herbert.php,,,1.4,,,,,,8.0,Khalil Herbert,2026-08-07,SFO
/nfl/rankings/best-ball-rb.php,best-rb,bp,Noah Whittington,28115,RB,HOU,121.0,0.0,121,121,,noah-whittington.php,,,0.0,,,,,,8.0,Noah Whittington,2026-08-07,HOU
/nfl/rankings/best-ball-rb.php,best-rb,bp,Terion Stewart,28111,RB,KC,122.0,0.0,122,122,,terion-stewart.php,,,0.0,,,,,,5.0,Terion Stewart,2026-08-07,KCC
/nfl/rankings/best-ball-rb.php,best-rb,bp,CJ Donaldson,25396,RB,NO,123.0,0.0,123,123,,cj-donaldson.php,,,2.3,,,,,,8.0,CJ Donaldson,2026-08-07,NOS
/nfl/rankings/best-ball-rb.php,best-rb,bp,Antonio Gibson,19624,RB,FA,124.0,0.0,124,124,,antonio-gibson.php,,,1.3,,,,,,,Antonio Gibson,2026-08-07,FA
/nfl/rankings/best-ball-rb.php,best-rb,bp,Tyler Badie,23812,RB,DEN,125.0,0.0,125,125,,tyler-badie.php,,,1.0,,,,,-14.0,10.0,Tyler Badie,2026-08-07,DEN
/nfl/rankings/best-ball-rb.php,best-rb,bp,Damien Martinez,25976,RB,GB,126.0,0.0,126,126,,damien-martinez.php,,,0.7,,,,,,11.0,Damien Martinez,2026-08-07,GBP
/nfl/rankings/best-ball-rb.php,best-rb,bp,DeAndre Washington,15806,RB,FA,127.0,0.0,127,127,,deandre-washington.php,,,11.0,,,,,,,DeAndre Washington,2026-08-07,FA
/nfl/rankings/best-ball-rb.php,best-rb,bp,Ryan Travis,25131,RB,FA,130.0,0.0,130,130,,ryan-travis.php,,,0.0,,,,,,,Ryan Travis,2026-08-07,FA
/nfl/rankings/best-ball-rb.php,best-rb,bp,Zamir White,20095,RB,LV,131.0,0.0,131,131,,zamir-white.php,,,1.6,,,,,,13.0,Zamir White,2026-08-07,LVR
/nfl/rankings/best-ball-rb.php,best-rb,bp,Raheem Mostert,14338,RB,LV,133.0,0.0,133,133,,raheem-mostert.php,,,0.6,,,,,,13.0,Raheem Mostert,2026-08-07,LVR
/nfl/rankings/best-ball-rb.php,best-rb,bp,Hassan Haskins,23798,RB,LAC,134.0,0.0,134,134,,hassan-haskins.php,,,1.0,,,,,,7.0,Hassan Haskins,2026-08-07,LAC
/nfl/rankings/best-ball-rb.php,best-rb,bp,Dameon Pierce,22947,RB,PHI,135.0,0.0,135,135,,dameon-pierce.php,,,0.8,,,,,,10.0,Dameon Pierce,2026-08-07,PHI
/nfl/rankings/best-ball-rb.php,best-rb,bp,AJ Dillon,19358,RB,CAR,136.0,0.0,136,136,,aj-dillon.php,,,0.6,,,,,,5.0,AJ Dillon,2026-08-07,CAR
/nfl/rankings/best-ball-rb.php,best-rb,bp,Kalel Mullings,27045,RB,TEN,137.0,0.0,137,137,,kalel-mullings.php,,,1.0,,,,,,9.0,Kalel Mullings,2026-08-07,TEN
/nfl/rankings/best-ball-rb.php,best-rb,bp,Julius Chestnut,24689,RB,TEN,138.0,0.0,138,138,,julius-chestnut.php,,,0.7,,,,,,9.0,Julius Chestnut,2026-08-07,TEN
/nfl/rankings/best-ball-rb.php,best-rb,bp,Jeremy McNichols,16445,RB,WAS,139.0,0.0,139,139,,jeremy-mcnichols.php,,,0.6,,,,,-26.0,7.0,Jeremy McNichols,2026-08-07,WAS
/nfl/rankings/best-ball-rb.php,best-rb,bp,Tyler Goodson,22976,RB,ATL,140.0,0.0,140,140,,tyler-goodson.php,,,0.7,,,,,-25.0,11.0,Tyler Goodson,2026-08-07,ATL
/nfl/rankings/best-ball-rb.php,best-rb,bp,Alec Ingold,18571,RB,LAC,141.0,0.0,141,141,,alec-ingold.php,,,0.6,,,,,,7.0,Alec Ingold,2026-08-07,LAC
/nfl/rankings/best-ball-rb.php,best-rb,bp,Dare Ogunbowale,16879,RB,LV,142.0,0.0,142,142,,dare-ogunbowale.php,,,1.0,,,,,,13.0,Dare Ogunbowale,2026-08-07,LVR
/nfl/rankings/best-ball-rb.php,best-rb,bp,Patrick Ricard,17145,RB,NYG,143.0,0.0,143,143,,patrick-ricard.php,,,0.8,,,,,,8.0,Patrick Ricard,2026-08-07,NYG
/nfl/rankings/best-ball-rb.php,best-rb,bp,Dylan Laube,26194,RB,LV,144.0,0.0,144,144,,dylan-laube.php,,,0.6,,,,,,13.0,Dylan Laube,2026-08-07,LVR
/nfl/rankings/best-ball-rb.php,best-rb,bp,Hunter Luepke,25941,RB,DAL,145.0,0.0,145,145,,hunter-luepke.php,,,0.7,,,,,,14.0,Hunter Luepke,2026-08-07,DAL
/nfl/rankings/best-ball-rb.php,best-rb,bp,DeeJay Dallas,19521,RB,JAC,146.0,0.0,146,146,,deejay-dallas.php,,,0.1,,,,,,7.0,DeeJay Dallas,2026-08-07,JAC
/nfl/rankings/best-ball-rb.php,best-rb,bp,Eric Gray,23075,RB,NYG,147.0,0.0,147,147,,eric-gray.php,,,1.0,,,,,,8.0,Eric Gray,2026-08-07,NYG
/nfl/rankings/best-ball-rb.php,best-rb,bp,Pierre Strong Jr.,24173,RB,GB,148.0,0.0,148,148,,pierre-strong-jr.php,,,0.6,,,,,,11.0,Pierre Strong,2026-08-07,GBP
/nfl/rankings/best-ball-rb.php,best-rb,bp,Lan Larison,27498,RB,NE,149.0,0.0,149,149,,lan-larison.php,,,1.0,,,,,,11.0,Lan Larison,2026-08-07,NEP
/nfl/rankings/best-ball-rb.php,best-rb,bp,Travis Homer,18616,RB,PIT,150.0,0.0,150,150,,travis-homer.php,,,0.6,,,,,,9.0,Travis Homer,2026-08-07,PIT
/nfl/rankings/best-ball-rb.php,best-rb,bp,Carlos Washington Jr.,25644,RB,MIA,151.0,0.0,151,151,,carlos-washington-jr.php,,,0.0,,,,,,6.0,Carlos Washington,2026-08-07,MIA
/nfl/rankings/best-ball-rb.php,best-rb,bp,Cam Akers,19268,RB,FA,152.0,0.0,152,152,,cam-akers.php,,,1.0,,,,,,,Cam Akers,2026-08-07,FA
/nfl/rankings/best-ball-rb.php,best-rb,bp,Ronnie Rivers,23986,RB,LAR,153.0,0.0,153,153,,ronnie-rivers.php,,,0.6,,,,,,11.0,Ronnie Rivers,2026-08-07,LAR
/nfl/rankings/best-ball-rb.php,best-rb,bp,Sione Vaki,26309,RB,DET,154.0,0.0,154,154,,sione-vaki.php,,,0.6,,,,,,6.0,Sione Vaki,2026-08-07,DET
/nfl/rankings/best-ball-rb.php,best-rb,bp,Carson Steele,26372,RB,PHI,155.0,0.0,155,155,,carson-steele.php,,,1.1,,,,,,10.0,Carson Steele,2026-08-07,PHI
/nfl/rankings/best-ball-rb.php,best-rb,bp,Patrick Taylor Jr.,19544,RB,SF,156.0,0.0,156,156,,patrick-taylor.php,,,1.3,,,,,,8.0,Patrick Taylor,2026-08-07,SFO
/nfl/rankings/best-ball-te.php,best-te,bp,Brock Bowers,22955,TE,LV,1.0,0.0,1,1,,brock-bowers.php,,,99.2,,,,,,13.0,Brock Bowers,2026-08-07,LVR
/nfl/rankings/best-ball-te.php,best-te,bp,Trey McBride,22936,TE,ARI,2.17,0.37,2,3,,trey-mcbride.php,,,99.3,,,,,,14.0,Trey McBride,2026-08-07,ARI
/nfl/rankings/best-ball-te.php,best-te,bp,Colston Loveland,26006,TE,CHI,4.17,3.08,2,11,,colston-loveland.php,,,98.6,,,,,,10.0,Colston Loveland,2026-08-07,CHI
/nfl/rankings/best-ball-te.php,best-te,bp,Tyler Warren,26434,TE,IND,4.33,0.47,4,5,,tyler-warren.php,,,98.3,,,,,,13.0,Tyler Warren,2026-08-07,IND
/nfl/rankings/best-ball-te.php,best-te,bp,Tucker Kraft,25298,TE,GB,4.5,0.76,3,5,,tucker-kraft.php,,,93.4,,,,,,11.0,Tucker Kraft,2026-08-07,GBP
/nfl/rankings/best-ball-te.php,best-te,bp,Sam LaPorta,22978,TE,DET,7.0,0.82,6,8,,sam-laporta.php,,,95.6,,,,,,6.0,Sam LaPorta,2026-08-07,DET
/nfl/rankings/best-ball-te.php,best-te,bp,Kyle Pitts Sr.,20164,TE,ATL,8.5,2.06,7,13,,kyle-pitts.php,,,94.9,,,,,,11.0,Kyle Pitts,2026-08-07,ATL
/nfl/rankings/best-ball-te.php,best-te,bp,Travis Kelce,11594,TE,KC,8.67,2.13,6,12,,travis-kelce.php,,,89.4,,,,,,5.0,Travis Kelce,2026-08-07,KCC
/nfl/rankings/best-ball-te.php,best-te,bp,Harold Fannin Jr.,27050,TE,CLE,9.33,3.14,6,14,,harold-fannin-jr.php,,,94.1,,,,,,11.0,Harold Fannin,2026-08-07,CLE
/nfl/rankings/best-ball-te.php,best-te,bp,George Kittle,16499,TE,SF,9.67,2.98,4,14,,george-kittle.php,,,92.4,,,,,,8.0,George Kittle,2026-08-07,SFO
/nfl/rankings/best-ball-te.php,best-te,bp,Dalton Kincaid,25247,TE,BUF,11.17,3.29,7,17,,dalton-kincaid.php,,,78.8,,,,,,7.0,Dalton Kincaid,2026-08-07,BUF
/nfl/rankings/best-ball-te.php,best-te,bp,Dallas Goedert,17270,TE,PHI,13.67,3.04,9,18,,dallas-goedert.php,,,86.4,,,,,3.0,10.0,Dallas Goedert,2026-08-07,PHI
/nfl/rankings/best-ball-te.php,best-te,bp,Jake Ferguson,22718,TE,DAL,13.83,3.18,10,19,,jake-ferguson.php,,,88.8,,,,,,14.0,Jake Ferguson,2026-08-07,DAL
/nfl/rankings/best-ball-te.php,best-te,bp,Mark Andrews,17269,TE,BAL,14.17,3.72,10,21,,mark-andrews.php,,,82.5,,,,,,13.0,Mark Andrews,2026-08-07,BAL
/nfl/rankings/best-ball-te.php,best-te,bp,Isaiah Likely,23781,TE,NYG,14.67,6.02,8,27,,isaiah-likely.php,,,85.7,,,,,-3.0,8.0,Isaiah Likely,2026-08-07,NYG
/nfl/rankings/best-ball-te.php,best-te,bp,Chig Okonkwo,23982,TE,WAS,18.17,4.3,12,25,,chigoziem-okonkwo.php,,,44.2,,,,,,7.0,Chigoziem Okonkwo,2026-08-07,WAS
/nfl/rankings/best-ball-te.php,best-te,bp,Juwan Johnson,19562,TE,NO,18.67,2.87,15,23,,juwan-johnson.php,,,46.2,,,,,,8.0,Juwan Johnson,2026-08-07,NOS
/nfl/rankings/best-ball-te.php,best-te,bp,Brenton Strange,25345,TE,JAC,19.17,4.6,14,28,,brenton-strange.php,,,49.9,,,,,,7.0,Brenton Strange,2026-08-07,JAC
/nfl/rankings/best-ball-te.php,best-te,bp,Hunter Henry,15561,TE,NE,20.0,3.32,16,26,,hunter-henry.php,,,65.5,,,,,,11.0,Hunter Henry,2026-08-07,NEP
/nfl/rankings/best-ball-te.php,best-te,bp,Oronde Gadsden II,25997,TE,LAC,20.33,4.64,12,27,,oronde-gadsden-ii.php,,,49.1,,,,,,7.0,Oronde Gadsden,2026-08-07,LAC
/nfl/rankings/best-ball-te.php,best-te,bp,Kenyon Sadiq,26055,TE,NYJ,20.83,4.49,14,28,,kenyon-sadiq.php,,,63.9,,,,,,13.0,Kenyon Sadiq,2026-08-07,NYJ
/nfl/rankings/best-ball-te.php,best-te,bp,Greg Dulcich,23153,TE,MIA,21.0,5.13,13,27,,greg-dulcich.php,,,21.0,,,,,,6.0,Greg Dulcich,2026-08-07,MIA
/nfl/rankings/best-ball-te.php,best-te,bp,Dalton Schultz,17349,TE,HOU,21.17,3.29,17,26,,dalton-schultz.php,,,29.2,,,,,,8.0,Dalton Schultz,2026-08-07,HOU
/nfl/rankings/best-ball-te.php,best-te,bp,T.J. Hockenson,18290,TE,MIN,22.33,2.29,18,25,,tj-hockenson.php,,,55.8,,,,,,6.0,TJ Hockenson,2026-08-07,MIN
/nfl/rankings/best-ball-te.php,best-te,bp,AJ Barner,26335,TE,SEA,23.17,4.02,18,30,,aj-barner.php,,,27.2,,,,,,11.0,AJ Barner,2026-08-07,SEA
/nfl/rankings/best-ball-te.php,best-te,bp,Cade Otton,23181,TE,TB,26.0,4.08,18,31,,cade-otton.php,,,23.0,,,,,,10.0,Cade Otton,2026-08-07,TBB
/nfl/rankings/best-ball-te.php,best-te,bp,Terrance Ferguson,23091,TE,LAR,27.83,3.62,24,35,,terrance-ferguson.php,,,20.2,,,,,,11.0,Terrance Ferguson,2026-08-07,LAR
/nfl/rankings/best-ball-te.php,best-te,bp,Gunnar Helm,27109,TE,TEN,28.17,4.45,23,36,,gunnar-helm.php,,,16.8,,,,,,9.0,Gunnar Helm,2026-08-07,TEN
/nfl/rankings/best-ball-te.php,best-te,bp,Mike Gesicki,17272,TE,CIN,28.33,3.2,22,32,,mike-gesicki.php,,,10.5,,,,,,6.0,Mike Gesicki,2026-08-07,CIN
/nfl/rankings/best-ball-te.php,best-te,bp,Pat Freiermuth,20163,TE,PIT,29.5,4.99,22,39,,pat-freiermuth.php,,,16.7,,,,,,9.0,Pat Freiermuth,2026-08-07,PIT
/nfl/rankings/best-ball-te.php,best-te,bp,Evan Engram,16411,TE,DEN,30.67,4.89,21,36,,evan-engram.php,,,13.1,,,,,,10.0,Evan Engram,2026-08-07,DEN
/nfl/rankings/best-ball-te.php,best-te,bp,David Njoku,16399,TE,LAC,33.33,5.02,28,43,,david-njoku.php,,,24.8,,,,,,7.0,David Njoku,2026-08-07,LAC
/nfl/rankings/best-ball-te.php,best-te,bp,Eli Stowers,23144,TE,PHI,34.67,3.86,31,42,,eli-stowers.php,,,23.6,,,,,,10.0,Eli Stowers,2026-08-07,PHI
/nfl/rankings/best-ball-te.php,best-te,bp,Jake Tonges,24778,TE,SF,35.83,4.22,29,41,,jake-tonges.php,,,14.5,,,,,,8.0,Jake Tonges,2026-08-07,SFO
/nfl/rankings/best-ball-te.php,best-te,bp,Colby Parkinson,19372,TE,LAR,36.33,4.92,31,46,,colby-parkinson.php,,,20.1,,,,,,11.0,Colby Parkinson,2026-08-07,LAR
/nfl/rankings/best-ball-te.php,best-te,bp,Theo Johnson,23104,TE,NYG,36.83,2.11,34,40,,theo-johnson.php,,,11.5,,,,,,8.0,Theo Johnson,2026-08-07,NYG
/nfl/rankings/best-ball-te.php,best-te,bp,Mason Taylor,26005,TE,NYJ,40.83,4.3,34,47,,mason-taylor.php,,,11.5,,,,,,13.0,Mason Taylor,2026-08-07,NYJ
/nfl/rankings/best-ball-te.php,best-te,bp,Darnell Washington,22967,TE,PIT,33.4,2.06,31,37,,darnell-washington.php,,,12.6,,,,,-4.0,9.0,Darnell Washington,2026-08-07,PIT
/nfl/rankings/best-ball-te.php,best-te,bp,Michael Mayer,23056,TE,LV,40.0,8.1,33,55,,michael-mayer.php,,,11.5,,,,,,13.0,Michael Mayer,2026-08-07,LVR
/nfl/rankings/best-ball-te.php,best-te,bp,Elijah Arroyo,23004,TE,SEA,42.2,4.17,37,48,,elijah-arroyo.php,,,4.9,,,,,,11.0,Elijah Arroyo,2026-08-07,SEA
/nfl/rankings/best-ball-te.php,best-te,bp,Max Klare,27993,TE,LAR,44.0,4.3,38,49,,max-klare.php,,,11.3,,,,,,11.0,Max Klare,2026-08-07,LAR
/nfl/rankings/best-ball-te.php,best-te,bp,Noah Gray,19539,TE,KC,47.5,9.18,36,57,,noah-gray.php,,,4.0,,,,,,5.0,Noah Gray,2026-08-07,KCC
/nfl/rankings/best-ball-te.php,best-te,bp,Tyler Higbee,15623,TE,LAR,49.0,10.84,31,60,,tyler-higbee.php,,,3.1,,,,,,11.0,Tyler Higbee,2026-08-07,LAR
/nfl/rankings/best-ball-te.php,best-te,bp,Oscar Delp,25430,TE,NO,49.0,15.51,35,75,,oscar-delp.php,,,6.4,,,,,,8.0,Oscar Delp,2026-08-07,NOS
/nfl/rankings/best-ball-te.php,best-te,bp,Ja'Tavion Sanders,24334,TE,CAR,38.0,4.55,33,44,,jatavion-sanders.php,,,3.4,,,,,,5.0,JaTavion Sanders,2026-08-07,CAR
/nfl/rankings/best-ball-te.php,best-te,bp,Cole Kmet,19229,TE,CHI,44.33,4.11,39,49,,cole-kmet.php,,,7.3,,,,,,10.0,Cole Kmet,2026-08-07,CHI
/nfl/rankings/best-ball-te.php,best-te,bp,Eli Raridon,28154,TE,NE,46.0,10.61,38,61,,eli-raridon.php,,,5.1,,,,,,11.0,Eli Raridon,2026-08-07,NEP
/nfl/rankings/best-ball-te.php,best-te,bp,Dawson Knox,18631,TE,BUF,46.0,1.41,45,48,,dawson-knox.php,,,7.4,,,,,,7.0,Dawson Knox,2026-08-07,BUF
/nfl/rankings/best-ball-te.php,best-te,bp,Ben Sinnott,26310,TE,WAS,56.5,8.5,42,63,,ben-sinnott.php,,,1.7,,,,,,7.0,Ben Sinnott,2026-08-07,WAS
/nfl/rankings/best-ball-te.php,best-te,bp,Justin Joly,28079,TE,DEN,48.33,4.5,42,52,,justin-joly.php,,,11.0,,,,,,10.0,Justin Joly,2026-08-07,DEN
/nfl/rankings/best-ball-te.php,best-te,bp,Tommy Tremble,22795,TE,CAR,53.33,2.49,50,56,,tommy-tremble.php,,,0.8,,,,,,5.0,Tommy Tremble,2026-08-07,CAR
/nfl/rankings/best-ball-te.php,best-te,bp,Darren Waller,14104,TE,FA,54.33,13.07,38,70,,darren-waller.php,,,1.8,,,,,,,Darren Waller,2026-08-07,FA
/nfl/rankings/best-ball-te.php,best-te,bp,Charlie Kolar,22756,TE,LAC,54.33,16.78,41,78,,charlie-kolar.php,,,2.0,,,,,,7.0,Charlie Kolar,2026-08-07,LAC
/nfl/rankings/best-ball-te.php,best-te,bp,Noah Fant,17527,TE,NO,55.0,4.97,48,59,,noah-fant.php,,,2.2,,,,,,8.0,Noah Fant,2026-08-07,NOS
/nfl/rankings/best-ball-te.php,best-te,bp,Luke Musgrave,25282,TE,GB,57.67,2.87,54,61,,luke-musgrave.php,,,7.0,,,,,,11.0,Luke Musgrave,2026-08-07,GBP
/nfl/rankings/best-ball-te.php,best-te,bp,Erick All Jr.,23837,TE,CIN,45.0,5.0,40,50,,erick-all.php,,,1.3,,,,,,6.0,Erick All,2026-08-07,CIN
/nfl/rankings/best-ball-te.php,best-te,bp,Marlin Klein,28157,TE,HOU,58.33,8.01,47,64,,marlin-klein.php,,,1.2,,,,,,8.0,Marlin Klein,2026-08-07,HOU
/nfl/rankings/best-ball-te.php,best-te,bp,Jonnu Smith,16460,TE,FA,47.0,12.0,35,59,,jonnu-smith.php,,,3.8,,,,,,,Jonnu Smith,2026-08-07,FA
/nfl/rankings/best-ball-te.php,best-te,bp,Sam Roush,28161,TE,CHI,61.0,10.8,51,76,,sam-roush.php,,,1.5,,,,,,10.0,Sam Roush,2026-08-07,CHI
/nfl/rankings/best-ball-te.php,best-te,bp,Zach Ertz,11689,TE,FA,52.5,12.5,40,65,,zach-ertz.php,,,1.3,,,,,,,Zach Ertz,2026-08-07,FA
/nfl/rankings/best-ball-te.php,best-te,bp,Austin Hooper,15581,TE,ATL,52.5,9.5,43,62,,austin-hooper.php,,,1.4,,,,,,11.0,Austin Hooper,2026-08-07,ATL
/nfl/rankings/best-ball-te.php,best-te,bp,Elijah Higgins,23119,TE,ARI,56.5,3.5,53,60,,elijah-higgins.php,,,0.9,,,,,,14.0,Elijah Higgins,2026-08-07,ARI
/nfl/rankings/best-ball-te.php,best-te,bp,Daniel Bellinger,24238,TE,TEN,58.5,9.5,49,68,,daniel-bellinger.php,,,3.2,,,,,,9.0,Daniel Bellinger,2026-08-07,TEN
/nfl/rankings/best-ball-te.php,best-te,bp,Mitchell Evans,27138,TE,CAR,60.0,3.0,57,63,,mitchell-evans.php,,,0.7,,,,,,5.0,Mitchell Evans,2026-08-07,CAR
/nfl/rankings/best-ball-te.php,best-te,bp,Nate Boerkircher,28427,TE,JAC,60.5,8.5,52,69,,nate-boerkircher.php,,,0.9,,,,,,7.0,Nate Boerkircher,2026-08-07,JAC
/nfl/rankings/best-ball-te.php,best-te,bp,Will Kacmarek,28403,TE,MIA,61.0,11.0,50,72,,will-kacmarek.php,,,5.4,,,,,,6.0,Will Kacmarek,2026-08-07,MIA
/nfl/rankings/best-ball-te.php,best-te,bp,Michael Trigg,23167,TE,DAL,67.0,12.0,55,79,,michael-trigg.php,,,8.9,,,,,,14.0,Michael Trigg,2026-08-07,DAL
/nfl/rankings/best-ball-te.php,best-te,bp,Jared Wiley,26343,TE,KC,67.0,9.0,58,76,,jared-wiley.php,,,1.0,,,,,,5.0,Jared Wiley,2026-08-07,KCC
/nfl/rankings/best-ball-te.php,best-te,bp,Jackson Hawes,27469,TE,BUF,76.5,25.5,51,102,,jackson-hawes.php,,,0.6,,,,,,7.0,Jackson Hawes,2026-08-07,BUF
/nfl/rankings/best-ball-te.php,best-te,bp,Michael Jacobson,23552,TE,FA,53.0,0.0,53,53,,michael-jacobson.php,,,0.0,,,,,,,Michael Jacobson,2026-08-07,FA
/nfl/rankings/best-ball-te.php,best-te,bp,Luke Schoonmaker,25267,TE,DAL,69.0,15.0,54,84,,luke-schoonmaker.php,,,0.9,,,,,,14.0,Luke Schoonmaker,2026-08-07,DAL
/nfl/rankings/best-ball-te.php,best-te,bp,Tanner Koziol,27499,TE,JAC,69.0,2.0,67,71,,tanner-koziol.php,,,1.9,,,,,,7.0,Tanner Koziol,2026-08-07,JAC
/nfl/rankings/best-ball-te.php,best-te,bp,Durham Smythe,17508,TE,BAL,82.0,25.0,57,107,,durham-smythe.php,,,0.6,,,,,,13.0,Durham Smythe,2026-08-07,BAL
/nfl/rankings/best-ball-te.php,best-te,bp,Joe Royer,27312,TE,CLE,73.0,7.0,66,80,,joe-royer.php,,,1.6,,,,,,11.0,Joe Royer,2026-08-07,CLE
/nfl/rankings/best-ball-te.php,best-te,bp,Josh Oliver,18487,TE,MIN,74.0,7.0,67,81,,josh-oliver.php,,,0.7,,,,,,6.0,Josh Oliver,2026-08-07,MIN
/nfl/rankings/best-ball-te.php,best-te,bp,Tyler Conklin,17598,TE,DET,78.0,13.0,65,91,,tyler-conklin.php,,,0.6,,,,,,6.0,Tyler Conklin,2026-08-07,DET
/nfl/rankings/best-ball-te.php,best-te,bp,Mo Alie-Cox,16579,TE,IND,66.0,0.0,66,66,,mo-alie-cox.php,,,0.6,,,,,,13.0,Mo Alie-Cox,2026-08-07,IND
/nfl/rankings/best-ball-te.php,best-te,bp,Grant Calcaterra,24180,TE,PHI,75.0,6.0,69,81,,grant-calcaterra.php,,,0.7,,,,,,10.0,Grant Calcaterra,2026-08-07,PHI
/nfl/rankings/best-ball-te.php,best-te,bp,Matt Hibner,28168,TE,BAL,68.0,0.0,68,68,,matthew-hibner.php,,,2.6,,,,,,13.0,Matt Hibner,2026-08-07,BAL
/nfl/rankings/best-ball-te.php,best-te,bp,Seydou Traore,28163,TE,MIA,70.0,0.0,70,70,,seydou-traore.php,,,0.0,,,,,,6.0,Seydou Traore,2026-08-07,MIA
/nfl/rankings/best-ball-te.php,best-te,bp,Hunter Long,22783,TE,JAC,71.0,0.0,71,71,,hunter-long.php,,,1.0,,,,,,7.0,Hunter Long,2026-08-07,JAC
/nfl/rankings/best-ball-te.php,best-te,bp,Brenden Bates,26437,TE,CLE,72.0,0.0,72,72,,brenden-bates.php,,,0.0,,,,,,11.0,Brenden Bates,2026-08-07,CLE
/nfl/rankings/best-ball-te.php,best-te,bp,Ross Travis,14613,TE,FA,73.0,0.0,73,73,,ross-travis.php,,,0.0,,,,,,,Ross Travis,2026-08-07,FA
/nfl/rankings/best-ball-te.php,best-te,bp,Jack Endries,27501,TE,CIN,79.5,6.5,73,86,,jack-endries.php,,,5.8,,,,,,6.0,Jack Endries,2026-08-07,CIN
/nfl/rankings/best-ball-te.php,best-te,bp,Eric Saubert,16706,TE,SEA,74.0,0.0,74,74,,eric-saubert.php,,,0.9,,,,,,11.0,Eric Saubert,2026-08-07,SEA
/nfl/rankings/best-ball-te.php,best-te,bp,Bauer Sharp,28165,TE,TB,74.0,0.0,74,74,,bauer-sharp.php,,,0.0,,,,,,10.0,Bauer Sharp,2026-08-07,TBB
/nfl/rankings/best-ball-te.php,best-te,bp,Will Mallory,23821,TE,IND,75.0,0.0,75,75,,will-mallory.php,,,1.0,,,,,,13.0,Will Mallory,2026-08-07,IND
/nfl/rankings/best-ball-te.php,best-te,bp,Noah Togiai,19688,TE,FA,77.0,0.0,77,77,,noah-togiai.php,,,0.0,,,,,,,Noah Togiai,2026-08-07,FA
/nfl/rankings/best-ball-te.php,best-te,bp,Riley Nowakowski,28437,TE,PIT,77.0,0.0,77,77,,riley-nowakowski.php,,,0.7,,,,,,9.0,Riley Nowakowski,2026-08-07,PIT
/nfl/rankings/best-ball-te.php,best-te,bp,Devin Culp,26440,TE,TB,78.0,0.0,78,78,,devin-culp.php,,,1.2,,,,,,10.0,Devin Culp,2026-08-07,TBB
/nfl/rankings/best-ball-te.php,best-te,bp,Payne Durham,25346,TE,TB,79.0,0.0,79,79,,payne-durham.php,,,0.6,,,,,,10.0,Payne Durham,2026-08-07,TBB
/nfl/rankings/best-ball-te.php,best-te,bp,Jeremy Ruckert,23742,TE,NYJ,80.0,0.0,80,80,,jeremy-ruckert.php,,,0.6,,,,,,13.0,Jeremy Ruckert,2026-08-07,NYJ
/nfl/rankings/best-ball-te.php,best-te,bp,Cade Stover,25269,TE,HOU,82.5,0.5,82,83,,cade-stover.php,,,0.6,,,,,-15.0,8.0,Cade Stover,2026-08-07,HOU
/nfl/rankings/best-ball-te.php,best-te,bp,Johnny Mundt,16743,TE,PHI,89.0,7.0,82,96,,johnny-mundt.php,,,0.1,,,,,-15.0,10.0,Johnny Mundt,2026-08-07,PHI
/nfl/rankings/best-ball-te.php,best-te,bp,Will Dissly,18049,TE,FA,83.0,0.0,83,83,,will-dissly.php,,,1.0,,,,,,,Will Dissly,2026-08-07,FA
/nfl/rankings/best-ball-te.php,best-te,bp,Taysom Hill,17115,TE,FA,85.0,0.0,85,85,,taysom-hill.php,,,0.7,,,,,,,Taysom Hill,2026-08-07,FA
/nfl/rankings/best-ball-te.php,best-te,bp,John Bates,22833,TE,WAS,87.0,0.0,87,87,,john-bates.php,,,0.7,,,,,,7.0,John Bates,2026-08-07,WAS
/nfl/rankings/best-ball-te.php,best-te,bp,Davis Allen,23761,TE,LAR,88.0,0.0,88,88,,davis-allen.php,,,0.6,,,,,,11.0,Davis Allen,2026-08-07,LAR
/nfl/rankings/best-ball-te.php,best-te,bp,Dallen Bentley,28352,TE,DEN,89.0,0.0,89,89,,dallen-bentley.php,,,1.1,,,,,,10.0,Dallen Bentley,2026-08-07,DEN
/nfl/rankings/best-ball-te.php,best-te,bp,Shane Zylstra,23461,TE,BUF,90.0,0.0,90,90,,shane-zylstra.php,,,1.1,,,,,,7.0,Shane Zylstra,2026-08-07,BUF
/nfl/rankings/best-ball-te.php,best-te,bp,Foster Moreau,18397,TE,HOU,92.0,0.0,92,92,,foster-moreau.php,,,0.7,,,,,,8.0,Foster Moreau,2026-08-07,HOU
/nfl/rankings/best-ball-te.php,best-te,bp,Julian Hill,25824,TE,NE,93.0,0.0,93,93,,julian-hill.php,,,0.6,,,,,,11.0,Julian Hill,2026-08-07,NEP
/nfl/rankings/best-ball-te.php,best-te,bp,Adam Trautman,19423,TE,DEN,94.0,0.0,94,94,,adam-trautman.php,,,0.6,,,,,,10.0,Adam Trautman,2026-08-07,DEN
/nfl/rankings/best-ball-te.php,best-te,bp,Brevyn Spann-Ford,26003,TE,DAL,95.0,0.0,95,95,,brevyn-spann-ford.php,,,0.1,,,,,,14.0,Brevyn Spann-Ford,2026-08-07,DAL
/nfl/rankings/best-ball-te.php,best-te,bp,Drew Sample,18561,TE,CIN,97.0,0.0,97,97,,drew-sample.php,,,0.6,,,,,,6.0,Drew Sample,2026-08-07,CIN
/nfl/rankings/best-ball-te.php,best-te,bp,Charlie Woerner,19665,TE,ATL,98.0,0.0,98,98,,charlie-woerner.php,,,0.0,,,,,,11.0,Charlie Woerner,2026-08-07,ATL
/nfl/rankings/best-ball-te.php,best-te,bp,Brock Wright,23341,TE,DET,99.0,0.0,99,99,,brock-wright.php,,,0.7,,,,,,6.0,Brock Wright,2026-08-07,DET
/nfl/rankings/best-ball-te.php,best-te,bp,Luke Farrell,19501,TE,SF,100.0,0.0,100,100,,luke-farrell.php,,,0.6,,,,,,8.0,Luke Farrell,2026-08-07,SFO
/nfl/rankings/best-ball-te.php,best-te,bp,Tip Reiman,26432,TE,ARI,101.0,0.0,101,101,,tip-reiman.php,,,0.1,,,,,,14.0,Tip Reiman,2026-08-07,ARI
/nfl/rankings/best-ball-te.php,best-te,bp,Drew Ogletree,24561,TE,IND,103.0,0.0,103,103,,andrew-ogletree.php,,,1.0,,,,,,13.0,Andrew Ogletree,2026-08-07,IND
/nfl/rankings/best-ball-te.php,best-te,bp,Tucker Fisk,24921,TE,FA,104.0,0.0,104,104,,tucker-fisk.php,,,1.2,,,,,,,Tucker Fisk,2026-08-07,FA
/nfl/rankings/best-ball-te.php,best-te,bp,Jack Stoll,23193,TE,CLE,105.0,0.0,105,105,,jack-stoll.php,,,0.0,,,,,,11.0,Jack Stoll,2026-08-07,CLE
/nfl/rankings/best-ball-te.php,best-te,bp,Lucas Krull,24240,TE,DEN,106.0,0.0,106,106,,lucas-krull.php,,,1.8,,,,,,10.0,Lucas Krull,2026-08-07,DEN
/nfl/rankings/best-ball-te.php,best-te,bp,Josh Whyle,22923,TE,GB,108.0,0.0,108,108,,josh-whyle.php,,,0.6,,,,,,11.0,Josh Whyle,2026-08-07,GBP
/nfl/rankings/best-ball-te.php,best-te,bp,Stone Smartt,24621,TE,PHI,109.0,0.0,109,109,,stone-smartt.php,,,1.0,,,,,,10.0,Stone Smartt,2026-08-07,PHI
/nfl/rankings/best-ball-te.php,best-te,bp,Ian Thomas,17387,TE,LV,110.0,0.0,110,110,,ian-thomas.php,,,0.0,,,,,,13.0,Ian Thomas,2026-08-07,LVR
/nfl/rankings/best-ball-te.php,best-te,bp,Chris Manhertz,14014,TE,NYG,111.0,0.0,111,111,,chris-manhertz.php,,,0.1,,,,,,8.0,Chris Manhertz,2026-08-07,NYG
/nfl/rankings/best-ball-te.php,best-te,bp,Nick Vannett,15645,TE,SEA,112.0,0.0,112,112,,nick-vannett.php,,,0.0,,,,,,11.0,Nick Vannett,2026-08-07,SEA
/nfl/rankings/best-ball-te.php,best-te,bp,Quintin Morris,22820,TE,JAC,113.0,0.0,113,113,,quintin-morris.php,,,1.4,,,,,,7.0,Quintin Morris,2026-08-07,JAC
/nfl/rankings/best-ball-te.php,best-te,bp,Tanner Hudson,17826,TE,CIN,114.0,0.0,114,114,,tanner-hudson.php,,,1.2,,,,,,6.0,Tanner Hudson,2026-08-07,CIN
/nfl/rankings/best-ball-te.php,best-te,bp,Robert Tonyan,16502,TE,PIT,115.0,0.0,115,115,,robert-tonyan.php,,,0.1,,,,,,9.0,Robert Tonyan,2026-08-07,PIT
/nfl/rankings/best-ball-te.php,best-te,bp,Blake Whiteheart,25657,TE,CLE,116.0,0.0,116,116,,blake-whiteheart.php,,,0.1,,,,,,11.0,Blake Whiteheart,2026-08-07,CLE
/nfl/rankings/best-ball-te.php,best-te,bp,Harrison Bryant,19389,TE,FA,117.0,0.0,117,117,,harrison-bryant.php,,,0.0,,,,,,,Harrison Bryant,2026-08-07,FA
/nfl/rankings/best-ball-te.php,best-te,bp,Kylen Granson,22841,TE,TEN,118.0,0.0,118,118,,kylen-granson.php,,,1.2,,,,,,9.0,Kylen Granson,2026-08-07,TEN
/nfl/rankings/best-ball-wr.php,best-wr,bp,Ja'Marr Chase,19788,WR,CIN,1.33,0.47,1,2,,jamarr-chase.php,,,99.3,,,,,,6.0,JaMarr Chase,2026-08-07,CIN
/nfl/rankings/best-ball-wr.php,best-wr,bp,Puka Nacua,23180,WR,LAR,1.67,0.47,1,2,,puka-nacua.php,,,99.5,,,,,,11.0,Puka Nacua,2026-08-07,LAR
/nfl/rankings/best-ball-wr.php,best-wr,bp,Jaxon Smith-Njigba,23070,WR,SEA,3.0,0.0,3,3,,jaxon-smith-njigba.php,,,99.6,,,,,,11.0,Jaxon Smith-Njigba,2026-08-07,SEA
/nfl/rankings/best-ball-wr.php,best-wr,bp,Amon-Ra St. Brown,19799,WR,DET,4.0,0.0,4,4,,amonra-stbrown.php,,,99.3,,,,,,6.0,Amon-Ra St Brown,2026-08-07,DET
/nfl/rankings/best-ball-wr.php,best-wr,bp,CeeDee Lamb,19202,WR,DAL,6.17,0.9,5,8,,ceedee-lamb.php,,,99.4,,,,,,14.0,CeeDee Lamb,2026-08-07,DAL
/nfl/rankings/best-ball-wr.php,best-wr,bp,Justin Jefferson,19236,WR,MIN,7.0,2.77,5,13,,justin-jefferson.php,,,99.3,,,,,-1.0,6.0,Justin Jefferson,2026-08-07,MIN
/nfl/rankings/best-ball-wr.php,best-wr,bp,Drake London,23163,WR,ATL,8.17,1.77,7,12,,drake-london.php,,,99.2,,,,,,11.0,Drake London,2026-08-07,ATL
/nfl/rankings/best-ball-wr.php,best-wr,bp,A.J. Brown,18218,WR,NE,9.17,4.1,5,16,,aj-brown.php,,,99.2,,,,,,11.0,AJ Brown,2026-08-07,NEP
/nfl/rankings/best-ball-wr.php,best-wr,bp,Nico Collins,20130,WR,HOU,10.0,1.29,8,12,,nico-collins.php,,,99.2,,,,,,8.0,Nico Collins,2026-08-07,HOU
/nfl/rankings/best-ball-wr.php,best-wr,bp,George Pickens,22963,WR,DAL,10.83,1.46,9,13,,george-pickens.php,,,99.2,,,,,,14.0,George Pickens,2026-08-07,DAL
/nfl/rankings/best-ball-wr.php,best-wr,bp,DeVonta Smith,19222,WR,PHI,12.83,2.41,9,16,,devonta-smith.php,,,97.8,,,,,,10.0,DeVonta Smith,2026-08-07,PHI
/nfl/rankings/best-ball-wr.php,best-wr,bp,Zay Flowers,22916,WR,BAL,13.5,3.45,7,17,,zay-flowers.php,,,97.1,,,,,,13.0,Zay Flowers,2026-08-07,BAL
/nfl/rankings/best-ball-wr.php,best-wr,bp,Rashee Rice,23113,WR,KC,14.0,8.7,5,28,,rashee-rice.php,,,98.1,,,,,-2.0,5.0,Rashee Rice,2026-08-07,KCC
/nfl/rankings/best-ball-wr.php,best-wr,bp,Chris Olave,20111,WR,NO,15.0,4.16,10,22,,chris-olave.php,,,98.1,,,,,,8.0,Chris Olave,2026-08-07,NOS
/nfl/rankings/best-ball-wr.php,best-wr,bp,Tetairoa McMillan,25417,WR,CAR,16.33,5.25,10,26,,tetairoa-mcmillan.php,,,97.8,,,,,,5.0,Tetairoa McMillan,2026-08-07,CAR
/nfl/rankings/best-ball-wr.php,best-wr,bp,Malik Nabers,25409,WR,NYG,18.0,4.83,10,23,,malik-nabers.php,,,98.1,,,,,3.0,8.0,Malik Nabers,2026-08-07,NYG
/nfl/rankings/best-ball-wr.php,best-wr,bp,Tee Higgins,19211,WR,CIN,18.0,3.74,14,23,,tee-higgins.php,,,97.4,,,,,,6.0,Tee Higgins,2026-08-07,CIN
/nfl/rankings/best-ball-wr.php,best-wr,bp,Emeka Egbuka,23062,WR,TB,18.33,4.71,12,27,,emeka-egbuka.php,,,96.5,,,,,,10.0,Emeka Egbuka,2026-08-07,TBB
/nfl/rankings/best-ball-wr.php,best-wr,bp,Jaylen Waddle,19790,WR,DEN,18.67,3.68,11,23,,jaylen-waddle.php,,,95.7,,,,,2.0,10.0,Jaylen Waddle,2026-08-07,DEN
/nfl/rankings/best-ball-wr.php,best-wr,bp,Garrett Wilson,23072,WR,NYJ,19.5,4.65,14,29,,garrett-wilson.php,,,97.3,,,,,-3.0,13.0,Garrett Wilson,2026-08-07,NYJ
/nfl/rankings/best-ball-wr.php,best-wr,bp,Ladd McConkey,26122,WR,LAC,20.0,5.07,15,28,,ladd-mcconkey.php,,,95.7,,,,,,7.0,Ladd McConkey,2026-08-07,LAC
/nfl/rankings/best-ball-wr.php,best-wr,bp,Terry McLaurin,18466,WR,WAS,20.67,3.73,15,27,,terry-mclaurin.php,,,95.1,,,,,,7.0,Terry McLaurin,2026-08-07,WAS
/nfl/rankings/best-ball-wr.php,best-wr,bp,Luther Burden III,27016,WR,CHI,23.33,3.64,18,30,,luther-burden-iii.php,,,93.4,,,,,,10.0,Luther Burden,2026-08-07,CHI
/nfl/rankings/best-ball-wr.php,best-wr,bp,DJ Moore,17265,WR,BUF,23.5,3.04,19,27,,dj-moore-wr.php,,,92.8,,,,,,7.0,DJ Moore,2026-08-07,BUF
/nfl/rankings/best-ball-wr.php,best-wr,bp,Jameson Williams,23677,WR,DET,23.83,8.27,8,32,,jameson-williams.php,,,94.7,,,,,,6.0,Jameson Williams,2026-08-07,DET
/nfl/rankings/best-ball-wr.php,best-wr,bp,Mike Evans,12119,WR,SF,25.33,4.75,20,35,,mike-evans.php,,,92.6,,,,,,8.0,Mike Evans,2026-08-07,SFO
/nfl/rankings/best-ball-wr.php,best-wr,bp,Davante Adams,12123,WR,LAR,26.83,3.67,22,34,,davante-adams.php,,,97.3,,,,,,11.0,Davante Adams,2026-08-07,LAR
/nfl/rankings/best-ball-wr.php,best-wr,bp,Carnell Tate,26009,WR,TEN,27.0,2.52,24,31,,carnell-tate.php,,,92.9,,,,,,9.0,Carnell Tate,2026-08-07,TEN
/nfl/rankings/best-ball-wr.php,best-wr,bp,Christian Watson,23886,WR,GB,28.67,6.24,19,36,,christian-watson.php,,,91.1,,,,,,11.0,Christian Watson,2026-08-07,GBP
/nfl/rankings/best-ball-wr.php,best-wr,bp,Jordyn Tyson,26035,WR,NO,32.17,2.73,30,38,,jordyn-tyson.php,,,88.6,,,,,,8.0,Jordyn Tyson,2026-08-07,NOS
/nfl/rankings/best-ball-wr.php,best-wr,bp,Rome Odunze,25411,WR,CHI,33.0,4.86,26,39,,rome-odunze.php,,,91.8,,,,,,10.0,Rome Odunze,2026-08-07,CHI
/nfl/rankings/best-ball-wr.php,best-wr,bp,Alec Pierce,23791,WR,IND,33.83,9.21,17,45,,alec-pierce.php,,,89.5,,,,,,13.0,Alec Pierce,2026-08-07,IND
/nfl/rankings/best-ball-wr.php,best-wr,bp,Parker Washington,23106,WR,JAC,34.67,7.78,27,50,,parker-washington.php,,,88.0,,,,,,7.0,Parker Washington,2026-08-07,JAC
/nfl/rankings/best-ball-wr.php,best-wr,bp,DK Metcalf,18219,WR,PIT,35.67,2.36,32,38,,dk-metcalf.php,,,91.8,,,,,,9.0,DK Metcalf,2026-08-07,PIT
/nfl/rankings/best-ball-wr.php,best-wr,bp,Marvin Harrison Jr.,23064,WR,ARI,36.0,5.07,32,46,,marvin-harrison-jr.php,,,88.6,,,,,,14.0,Marvin Harrison,2026-08-07,ARI
/nfl/rankings/best-ball-wr.php,best-wr,bp,Brian Thomas Jr.,23000,WR,JAC,36.5,5.74,29,44,,brian-thomas-jr.php,,,87.8,,,,,,7.0,Brian Thomas,2026-08-07,JAC
/nfl/rankings/best-ball-wr.php,best-wr,bp,Courtland Sutton,17253,WR,DEN,38.33,6.42,30,49,,courtland-sutton.php,,,88.0,,,,,,10.0,Courtland Sutton,2026-08-07,DEN
/nfl/rankings/best-ball-wr.php,best-wr,bp,Quentin Johnston,23123,WR,LAC,39.17,8.71,24,51,,quentin-johnston.php,,,81.9,,,,,4.0,7.0,Quentin Johnston,2026-08-07,LAC
/nfl/rankings/best-ball-wr.php,best-wr,bp,Makai Lemon,25420,WR,PHI,39.33,7.95,34,56,,makai-lemon.php,,,87.4,,,,,,10.0,Makai Lemon,2026-08-07,PHI
/nfl/rankings/best-ball-wr.php,best-wr,bp,Chris Godwin Jr.,16406,WR,TB,39.83,2.79,35,44,,chris-godwin.php,,,85.2,,,,,,10.0,Chris Godwin,2026-08-07,TBB
/nfl/rankings/best-ball-wr.php,best-wr,bp,Wan'Dale Robinson,22985,WR,TEN,41.83,5.49,33,50,,wandale-robinson.php,,,75.9,,,,,,9.0,WanDale Robinson,2026-08-07,TEN
/nfl/rankings/best-ball-wr.php,best-wr,bp,Josh Downs,24706,WR,IND,42.33,4.96,35,51,,josh-downs.php,,,81.4,,,,,,13.0,Josh Downs,2026-08-07,IND
/nfl/rankings/best-ball-wr.php,best-wr,bp,Michael Pittman Jr.,19278,WR,PIT,42.67,5.31,37,52,,michael-pittman.php,,,87.0,,,,,,9.0,Michael Pittman,2026-08-07,PIT
/nfl/rankings/best-ball-wr.php,best-wr,bp,Jordan Addison,23107,WR,MIN,43.33,4.96,34,48,,jordan-addison.php,,,83.4,,,,,,6.0,Jordan Addison,2026-08-07,MIN
/nfl/rankings/best-ball-wr.php,best-wr,bp,Michael Wilson,25333,WR,ARI,43.5,6.45,33,52,,michael-wilson.php,,,84.8,,,,,,14.0,Michael Wilson,2026-08-07,ARI
/nfl/rankings/best-ball-wr.php,best-wr,bp,Xavier Worthy,23019,WR,KC,45.67,10.08,27,58,,xavier-worthy.php,,,71.8,,,,,,5.0,Xavier Worthy,2026-08-07,KCC
/nfl/rankings/best-ball-wr.php,best-wr,bp,Jakobi Meyers,18598,WR,JAC,46.5,6.16,36,56,,jakobi-meyers.php,,,81.3,,,,,,7.0,Jakobi Meyers,2026-08-07,JAC
/nfl/rankings/best-ball-wr.php,best-wr,bp,KC Concepcion,27331,WR,CLE,47.33,7.04,39,60,,kevin-concepcion.php,,,66.0,,,,,,11.0,KC Concepcion,2026-08-07,CLE
/nfl/rankings/best-ball-wr.php,best-wr,bp,Jayden Reed,23020,WR,GB,48.0,5.26,38,54,,jayden-reed.php,,,76.0,,,,,,11.0,Jayden Reed,2026-08-07,GBP
/nfl/rankings/best-ball-wr.php,best-wr,bp,Jayden Higgins,27077,WR,HOU,48.5,4.5,43,55,,jayden-higgins.php,,,47.4,,,,,,8.0,Jayden Higgins,2026-08-07,HOU
/nfl/rankings/best-ball-wr.php,best-wr,bp,Romeo Doubs,23794,WR,NE,49.83,3.98,42,55,,romeo-doubs.php,,,65.9,,,,,,11.0,Romeo Doubs,2026-08-07,NEP
/nfl/rankings/best-ball-wr.php,best-wr,bp,Jalen Coker,26403,WR,CAR,52.17,1.77,49,54,,jalen-coker.php,,,46.7,,,,,,5.0,Jalen Coker,2026-08-07,CAR
/nfl/rankings/best-ball-wr.php,best-wr,bp,Khalil Shakir,23748,WR,BUF,54.83,5.46,43,60,,khalil-shakir.php,,,65.4,,,,,,7.0,Khalil Shakir,2026-08-07,BUF
/nfl/rankings/best-ball-wr.php,best-wr,bp,Matthew Golden,26024,WR,GB,55.83,6.2,49,67,,matthew-golden.php,,,67.1,,,,,,11.0,Matthew Golden,2026-08-07,GBP
/nfl/rankings/best-ball-wr.php,best-wr,bp,Stefon Diggs,13981,WR,WAS,56.5,9.29,40,70,,stefon-diggs.php,,,55.5,,,,,,7.0,Stefon Diggs,2026-08-07,WAS
/nfl/rankings/best-ball-wr.php,best-wr,bp,Omar Cooper Jr.,28127,WR,NYJ,58.0,5.42,51,68,,omar-cooper-jr.php,,,39.1,,,,,,13.0,Omar Cooper,2026-08-07,NYJ
/nfl/rankings/best-ball-wr.php,best-wr,bp,Rashid Shaheed,24687,WR,SEA,58.5,5.06,54,69,,rashid-shaheed.php,,,44.4,,,,,,11.0,Rashid Shaheed,2026-08-07,SEA
/nfl/rankings/best-ball-wr.php,best-wr,bp,Denzel Boston,27339,WR,CLE,58.83,5.05,49,66,,denzel-boston.php,,,36.1,,,,,,11.0,Denzel Boston,2026-08-07,CLE
/nfl/rankings/best-ball-wr.php,best-wr,bp,Antonio Williams,25418,WR,WAS,66.17,5.87,54,71,,antonio-williams-wr.php,,,28.4,,,,,,7.0,Antonio Williams,2026-08-07,WAS
/nfl/rankings/best-ball-wr.php,best-wr,bp,Jalen Nailor,24177,WR,LV,66.67,9.99,53,80,,jalen-nailor.php,,,31.7,,,,,,13.0,Jalen Nailor,2026-08-07,LVR
/nfl/rankings/best-ball-wr.php,best-wr,bp,Jauan Jennings,19590,WR,MIN,66.67,5.53,62,78,,jauan-jennings.php,,,35.1,,,,,,6.0,Jauan Jennings,2026-08-07,MIN
/nfl/rankings/best-ball-wr.php,best-wr,bp,Jerry Jeudy,19201,WR,CLE,67.33,5.73,58,75,,jerry-jeudy.php,,,34.7,,,,,,11.0,Jerry Jeudy,2026-08-07,CLE
/nfl/rankings/best-ball-wr.php,best-wr,bp,De'Zhaun Stribling,28138,WR,SF,67.5,13.95,44,85,,dezhaun-stribling.php,,,24.1,,,,,,8.0,DeZhaun Stribling,2026-08-07,SFO
/nfl/rankings/best-ball-wr.php,best-wr,bp,Travis Hunter,26034,WR,JAC,68.83,12.54,58,87,,travis-hunter.php,,,66.7,,,,,,7.0,Travis Hunter,2026-08-07,JAC
/nfl/rankings/best-ball-wr.php,best-wr,bp,Tre Tucker,25337,WR,LV,69.5,18.84,47,105,,tre-tucker.php,,,22.1,,,,,,13.0,Tre Tucker,2026-08-07,LVR
/nfl/rankings/best-ball-wr.php,best-wr,bp,Adonai Mitchell,24357,WR,NYJ,71.83,4.52,65,78,,adonai-mitchell.php,,,18.3,,,,,,13.0,Adonai Mitchell,2026-08-07,NYJ
/nfl/rankings/best-ball-wr.php,best-wr,bp,Jalen McMillan,23179,WR,TB,73.33,11.23,58,94,,jalen-mcmillan.php,,,30.8,,,,,,10.0,Jalen McMillan,2026-08-07,TBB
/nfl/rankings/best-ball-wr.php,best-wr,bp,Darnell Mooney,19810,WR,NYG,73.33,8.38,62,87,,darnell-mooney.php,,,17.4,,,,,,8.0,Darnell Mooney,2026-08-07,NYG
/nfl/rankings/best-ball-wr.php,best-wr,bp,Deebo Samuel Sr.,18244,WR,SF,60.2,10.65,46,76,,deebo-samuel.php,,,56.2,,,,,17.0,8.0,Deebo Samuel,2026-08-07,SFO
/nfl/rankings/best-ball-wr.php,best-wr,bp,Isaac TeSlaa,27446,WR,DET,75.0,7.94,62,88,,isaac-teslaa.php,,,18.7,,,,,,6.0,Isaac TeSlaa,2026-08-07,DET
/nfl/rankings/best-ball-wr.php,best-wr,bp,Ryan Flournoy,26398,WR,DAL,75.5,20.32,59,120,,ryan-flournoy.php,,,14.8,,,,,,14.0,Ryan Flournoy,2026-08-07,DAL
/nfl/rankings/best-ball-wr.php,best-wr,bp,Calvin Ridley,17258,WR,TEN,76.17,13.63,61,105,,calvin-ridley.php,,,19.8,,,,,,9.0,Calvin Ridley,2026-08-07,TEN
/nfl/rankings/best-ball-wr.php,best-wr,bp,Tre' Harris,26215,WR,LAC,76.33,17.58,57,110,,tre-harris.php,,,15.6,,,,,,7.0,Tre Harris,2026-08-07,LAC
/nfl/rankings/best-ball-wr.php,best-wr,bp,Jaylin Noel,27122,WR,HOU,79.17,7.67,65,89,,jaylin-noel.php,,,10.3,,,,,,8.0,Jaylin Noel,2026-08-07,HOU
/nfl/rankings/best-ball-wr.php,best-wr,bp,Kayshon Boutte,22989,WR,NE,79.5,8.14,65,90,,kayshon-boutte.php,,,21.4,,,,,,11.0,Kayshon Boutte,2026-08-07,NEP
/nfl/rankings/best-ball-wr.php,best-wr,bp,Malik Washington,26314,WR,MIA,79.83,16.4,54,100,,malik-washington.php,,,16.9,,,,,,6.0,Malik Washington,2026-08-07,MIA
/nfl/rankings/best-ball-wr.php,best-wr,bp,Dontayvion Wicks,24354,WR,PHI,81.5,7.27,68,90,,dontayvion-wicks.php,,,12.4,,,,,,10.0,Dontayvion Wicks,2026-08-07,PHI
/nfl/rankings/best-ball-wr.php,best-wr,bp,Rashod Bateman,19794,WR,BAL,81.67,9.62,64,95,,rashod-bateman.php,,,8.7,,,,,,13.0,Rashod Bateman,2026-08-07,BAL
/nfl/rankings/best-ball-wr.php,best-wr,bp,Zachariah Branch,25419,WR,ATL,82.0,10.82,70,100,,zachariah-branch.php,,,23.2,,,,,,11.0,Zachariah Branch,2026-08-07,ATL
/nfl/rankings/best-ball-wr.php,best-wr,bp,Ted Hurst III,28130,WR,TB,84.0,12.36,67,104,,ted-hurst.php,,,17.4,,,,,,10.0,Ted Hurst,2026-08-07,TBB
/nfl/rankings/best-ball-wr.php,best-wr,bp,Germie Bernard,26039,WR,PIT,72.0,6.42,62,82,,germie-bernard.php,,,20.4,,,,,-11.0,9.0,Germie Bernard,2026-08-07,PIT
/nfl/rankings/best-ball-wr.php,best-wr,bp,Pat Bryant,27211,WR,DEN,85.17,9.72,68,99,,pat-bryant.php,,,11.4,,,,,,10.0,Pat Bryant,2026-08-07,DEN
/nfl/rankings/best-ball-wr.php,best-wr,bp,Chris Bell,26038,WR,MIA,86.17,14.36,67,109,,chris-bell.php,,,20.3,,,,,,6.0,Chris Bell,2026-08-07,MIA
/nfl/rankings/best-ball-wr.php,best-wr,bp,Troy Franklin,23092,WR,DEN,86.83,8.45,73,97,,troy-franklin.php,,,12.9,,,,,,10.0,Troy Franklin,2026-08-07,DEN
/nfl/rankings/best-ball-wr.php,best-wr,bp,Tank Dell,25361,WR,HOU,76.0,8.94,65,91,,nathaniel-dell.php,,,24.2,,,,,,8.0,Tank Dell,2026-08-07,HOU
/nfl/rankings/best-ball-wr.php,best-wr,bp,Elijah Sarratt,27463,WR,BAL,82.6,7.99,73,92,,elijah-sarratt.php,,,16.3,,,,,,13.0,Elijah Sarratt,2026-08-07,BAL
/nfl/rankings/best-ball-wr.php,best-wr,bp,Cooper Kupp,16433,WR,SEA,86.8,6.49,76,94,,cooper-kupp.php,,,17.1,,,,,,11.0,Cooper Kupp,2026-08-07,SEA
/nfl/rankings/best-ball-wr.php,best-wr,bp,Skyler Bell,28126,WR,BUF,98.0,23.24,70,138,,skyler-bell.php,,,13.4,,,,,,7.0,Skyler Bell,2026-08-07,BUF
/nfl/rankings/best-ball-wr.php,best-wr,bp,Tyquan Thornton,22913,WR,KC,91.2,16.58,61,112,,tyquan-thornton.php,,,6.4,,,,,12.0,5.0,Tyquan Thornton,2026-08-07,KCC
/nfl/rankings/best-ball-wr.php,best-wr,bp,Malachi Fields,27994,WR,NYG,94.0,14.67,81,121,,malachi-fields.php,,,17.1,,,,,,8.0,Malachi Fields,2026-08-07,NYG
/nfl/rankings/best-ball-wr.php,best-wr,bp,Darius Slayton,18706,WR,NYG,94.4,16.06,72,111,,darius-slayton.php,,,4.4,,,,,,8.0,Darius Slayton,2026-08-07,NYG
/nfl/rankings/best-ball-wr.php,best-wr,bp,Ja'Kobi Lane,27337,WR,BAL,94.8,9.56,85,111,,jakobi-lane.php,,,19.8,,,,,,13.0,JaKobi Lane,2026-08-07,BAL
/nfl/rankings/best-ball-wr.php,best-wr,bp,Brandon Aiyuk,19252,WR,SF,96.8,17.81,71,120,,brandon-aiyuk.php,,,25.3,,,,,,8.0,Brandon Aiyuk,2026-08-07,SFO
/nfl/rankings/best-ball-wr.php,best-wr,bp,Chimere Dike,27315,WR,TEN,97.0,6.66,88,107,,chimere-dike.php,,,11.3,,,,,,9.0,Chimere Dike,2026-08-07,TEN
/nfl/rankings/best-ball-wr.php,best-wr,bp,Keon Coleman,26019,WR,BUF,98.0,5.29,91,107,,keon-coleman.php,,,9.3,,,,,,7.0,Keon Coleman,2026-08-07,BUF
/nfl/rankings/best-ball-wr.php,best-wr,bp,Bryce Lance,28129,WR,NO,98.8,15.69,70,118,,bryce-lance.php,,,5.5,,,,,,8.0,Bryce Lance,2026-08-07,NOS
/nfl/rankings/best-ball-wr.php,best-wr,bp,Jalen Tolbert,23770,WR,MIA,100.6,20.16,68,128,,jalen-tolbert.php,,,4.9,,,,,12.0,6.0,Jalen Tolbert,2026-08-07,MIA
/nfl/rankings/best-ball-wr.php,best-wr,bp,Tory Horton,26022,WR,SEA,102.6,11.64,87,119,,tory-horton.php,,,10.7,,,,,,11.0,Tory Horton,2026-08-07,SEA
/nfl/rankings/best-ball-wr.php,best-wr,bp,Tyreek Hill,15802,WR,FA,93.25,10.43,76,104,,tyreek-hill.php,,,28.8,,,,,-10.0,,Tyreek Hill,2026-08-07,FA
/nfl/rankings/best-ball-wr.php,best-wr,bp,Elic Ayomanor,27059,WR,TEN,105.4,8.69,95,117,,elic-ayomanor.php,,,9.3,,,,,,9.0,Elic Ayomanor,2026-08-07,TEN
/nfl/rankings/best-ball-wr.php,best-wr,bp,Marvin Mims Jr.,23080,WR,DEN,96.0,7.18,88,105,,marvin-mims.php,,,10.5,,,,,,10.0,Marvin Mims,2026-08-07,DEN
/nfl/rankings/best-ball-wr.php,best-wr,bp,Devaughn Vele,26409,WR,NO,97.5,11.35,89,117,,devaughn-vele.php,,,9.0,,,,,,8.0,Devaughn Vele,2026-08-07,NOS
/nfl/rankings/best-ball-wr.php,best-wr,bp,Christian Kirk,17268,WR,SF,97.75,11.12,85,112,,christian-kirk.php,,,13.0,,,,,-10.0,8.0,Christian Kirk,2026-08-07,SFO
/nfl/rankings/best-ball-wr.php,best-wr,bp,Jack Bech,27224,WR,LV,108.0,15.61,86,131,,jack-bech.php,,,8.7,,,,,,13.0,Jack Bech,2026-08-07,LVR
/nfl/rankings/best-ball-wr.php,best-wr,bp,Andrei Iosivas,25335,WR,CIN,101.25,10.62,84,110,,andrei-iosivas.php,,,4.4,,,,,,6.0,Andrei Iosivas,2026-08-07,CIN
/nfl/rankings/best-ball-wr.php,best-wr,bp,Brenen Thompson,28133,WR,LAC,101.75,7.5,94,113,,brenen-thompson.php,,,3.9,,,,,,7.0,Brenen Thompson,2026-08-07,LAC
/nfl/rankings/best-ball-wr.php,best-wr,bp,Cyrus Allen,28424,WR,KC,102.5,21.82,72,129,,cyrus-allen.php,,,4.0,,,,,,5.0,Cyrus Allen,2026-08-07,KCC
/nfl/rankings/best-ball-wr.php,best-wr,bp,Jahan Dotson,23101,WR,ATL,92.67,23.61,60,115,,jahan-dotson.php,,,4.0,,,,,,11.0,Jahan Dotson,2026-08-07,ATL
/nfl/rankings/best-ball-wr.php,best-wr,bp,Kyle Williams,27487,WR,NE,115.8,17.22,99,146,,kyle-williams-wr-2025.php,,,5.6,,,,,,11.0,Kyle Williams,2026-08-07,NEP
/nfl/rankings/best-ball-wr.php,best-wr,bp,Kendrick Bourne,17066,WR,ARI,109.0,8.54,98,122,,kendrick-bourne.php,,,3.1,,,,,,14.0,Kendrick Bourne,2026-08-07,ARI
/nfl/rankings/best-ball-wr.php,best-wr,bp,Xavier Legette,26136,WR,CAR,110.25,17.25,81,125,,xavier-legette.php,,,3.1,,,,,,5.0,Xavier Legette,2026-08-07,CAR
/nfl/rankings/best-ball-wr.php,best-wr,bp,Chris Brazzell II,28047,WR,CAR,74.0,8.0,66,82,,chris-brazzell-ii.php,,,14.0,,,,,-30.0,5.0,Chris Brazzell,2026-08-07,CAR
/nfl/rankings/best-ball-wr.php,best-wr,bp,Hollywood Brown,18226,WR,PHI,114.0,14.51,90,129,,marquise-brown.php,,,5.4,,,,,,10.0,Marquise Brown,2026-08-07,PHI
/nfl/rankings/best-ball-wr.php,best-wr,bp,Mack Hollins,16489,WR,NE,114.25,11.88,104,134,,mack-hollins.php,,,2.9,,,,,,11.0,Mack Hollins,2026-08-07,NEP
/nfl/rankings/best-ball-wr.php,best-wr,bp,Kalif Raymond,16081,WR,CHI,114.75,16.13,87,126,,kalif-raymond.php,,,0.8,,,,,,10.0,Kalif Raymond,2026-08-07,CHI
/nfl/rankings/best-ball-wr.php,best-wr,bp,Tutu Atwell,20126,WR,MIA,104.67,32.4,63,142,,tutu-atwell.php,,,1.5,,,,,,6.0,Tutu Atwell,2026-08-07,MIA
/nfl/rankings/best-ball-wr.php,best-wr,bp,Kevin Coleman Jr.,28067,WR,MIA,105.67,26.14,73,137,,kevin-coleman-jr.php,,,2.6,,,,,,6.0,Kevin Coleman,2026-08-07,MIA
/nfl/rankings/best-ball-wr.php,best-wr,bp,DeMario Douglas,25304,WR,NE,116.5,13.57,93,125,,demario-douglas.php,,,5.5,,,,,,11.0,Demario Douglas,2026-08-07,NEP
/nfl/rankings/best-ball-wr.php,best-wr,bp,Keenan Allen,11616,WR,LAC,107.67,24.31,89,142,,keenan-allen.php,,,7.1,,,,,,7.0,Keenan Allen,2026-08-07,LAC
/nfl/rankings/best-ball-wr.php,best-wr,bp,Nick Westbrook-Ikhine,19747,WR,IND,88.5,10.5,78,99,,nick-westbrook.php,,,1.0,,,,,,13.0,Nick Westbrook-Ikhine,2026-08-07,IND
/nfl/rankings/best-ball-wr.php,best-wr,bp,Caleb Douglas,28135,WR,MIA,109.0,10.03,100,123,,caleb-douglas.php,,,4.4,,,,,,6.0,Caleb Douglas,2026-08-07,MIA
/nfl/rankings/best-ball-wr.php,best-wr,bp,Joshua Palmer,22845,WR,BUF,115.0,32.07,81,158,,josh-palmer.php,,,1.1,,,,,,7.0,Josh Palmer,2026-08-07,BUF
/nfl/rankings/best-ball-wr.php,best-wr,bp,Olamide Zaccheaus,18864,WR,ATL,112.33,6.85,107,122,,olamide-zaccheaus.php,,,2.9,,,,,,11.0,Olamide Zaccheaus,2026-08-07,ATL
/nfl/rankings/best-ball-wr.php,best-wr,bp,Treylon Burks,22905,WR,WAS,113.67,8.34,102,121,,treylon-burks.php,,,3.6,,,,,,7.0,Treylon Burks,2026-08-07,WAS
/nfl/rankings/best-ball-wr.php,best-wr,bp,Isaiah Bond,24371,WR,CLE,122.5,6.06,114,130,,isaiah-bond.php,,,2.6,,,,,,11.0,Isaiah Bond,2026-08-07,CLE
/nfl/rankings/best-ball-wr.php,best-wr,bp,Konata Mumpfield,27449,WR,LAR,117.0,22.64,100,149,,konata-mumpfield.php,,,1.1,,,,,,11.0,Konata Mumpfield,2026-08-07,LAR
/nfl/rankings/best-ball-wr.php,best-wr,bp,Tez Johnson,27147,WR,TB,124.0,3.08,119,127,,tez-johnson.php,,,1.8,,,,,,10.0,Tez Johnson,2026-08-07,TBB
/nfl/rankings/best-ball-wr.php,best-wr,bp,Zavion Thomas,28132,WR,CHI,116.67,19.6,96,143,,zavion-thomas.php,,,5.1,,,,,,10.0,Zavion Thomas,2026-08-07,CHI
/nfl/rankings/best-ball-wr.php,best-wr,bp,Savion Williams,27144,WR,GB,116.67,1.7,115,119,,savion-williams.php,,,1.1,,,,,,11.0,Savion Williams,2026-08-07,GBP
/nfl/rankings/best-ball-wr.php,best-wr,bp,CJ Daniels,28125,WR,LAR,125.0,11.45,112,140,,cj-daniels.php,,,1.9,,,,,,11.0,CJ Daniels,2026-08-07,LAR
/nfl/rankings/best-ball-wr.php,best-wr,bp,KaVontae Turpin,18520,WR,DAL,105.5,25.5,80,131,,kavontae-turpin.php,,,3.5,,,,,,14.0,KaVontae Turpin,2026-08-07,DAL
/nfl/rankings/best-ball-wr.php,best-wr,bp,Malik Benson,26012,WR,LV,119.67,23.1,87,136,,malik-benson.php,,,1.5,,,,,,13.0,Malik Benson,2026-08-07,LVR
/nfl/rankings/best-ball-wr.php,best-wr,bp,Cedric Tillman,25287,WR,CLE,128.0,10.51,117,139,,cedric-tillman.php,,,1.1,,,,,,11.0,Cedric Tillman,2026-08-07,CLE
/nfl/rankings/best-ball-wr.php,best-wr,bp,Luke McCaffrey,26328,WR,WAS,127.67,12.68,115,145,,luke-mccaffrey.php,,,1.2,,,,,,7.0,Luke McCaffrey,2026-08-07,WAS
/nfl/rankings/best-ball-wr.php,best-wr,bp,Xavier Hutchinson,25332,WR,HOU,132.0,16.51,117,155,,xavier-hutchinson.php,,,0.9,,,,,,8.0,Xavier Hutchinson,2026-08-07,HOU
/nfl/rankings/best-ball-wr.php,best-wr,bp,Jalen Royals,27076,WR,KC,122.0,6.0,116,128,,jalen-royals.php,,,1.5,,,,,,5.0,Jalen Royals,2026-08-07,KCC
/nfl/rankings/best-ball-wr.php,best-wr,bp,Calvin Austin III,23739,WR,NYG,130.67,2.62,127,133,,calvin-austin.php,,,2.4,,,,,,8.0,Calvin Austin,2026-08-07,NYG
/nfl/rankings/best-ball-wr.php,best-wr,bp,Dont'e Thornton Jr.,27288,WR,LV,134.0,15.64,121,156,,donte-thornton-jr.php,,,1.5,,,,,,13.0,Donte Thornton,2026-08-07,LVR
/nfl/rankings/best-ball-wr.php,best-wr,bp,Devontez Walker,26011,WR,BAL,102.0,0.0,102,102,,devontez-walker.php,,,0.9,,,,,,13.0,Devontez Walker,2026-08-07,BAL
/nfl/rankings/best-ball-wr.php,best-wr,bp,Deion Burks,27093,WR,IND,132.0,6.98,123,140,,deion-burks.php,,,2.1,,,,,,13.0,Deion Burks,2026-08-07,IND
/nfl/rankings/best-ball-wr.php,best-wr,bp,Mitch Tinsley,24370,WR,CIN,140.0,37.0,103,177,,mitchell-tinsley.php,,,0.6,,,,,,6.0,Mitch Tinsley,2026-08-07,CIN
/nfl/rankings/best-ball-wr.php,best-wr,bp,John Metchie III,22895,WR,CAR,127.0,14.0,113,141,,john-metchie.php,,,1.8,,,,,,5.0,John Metchie,2026-08-07,CAR
/nfl/rankings/best-ball-wr.php,best-wr,bp,Dyami Brown,20113,WR,WAS,128.0,2.0,126,130,,dyami-brown.php,,,0.8,,,,,,7.0,Dyami Brown,2026-08-07,WAS
/nfl/rankings/best-ball-wr.php,best-wr,bp,Demarcus Robinson,15665,WR,SF,140.0,29.0,111,169,,demarcus-robinson.php,,,0.8,,,,,,8.0,Demarcus Robinson,2026-08-07,SFO
/nfl/rankings/best-ball-wr.php,best-wr,bp,Jordan Whittington,23135,WR,LAR,131.5,3.5,128,135,,jordan-whittington.php,,,0.8,,,,,,11.0,Jordan Whittington,2026-08-07,LAR
/nfl/rankings/best-ball-wr.php,best-wr,bp,Jaylin Lane,27454,WR,WAS,132.5,10.5,122,143,,jaylin-lane.php,,,2.0,,,,,,7.0,Jaylin Lane,2026-08-07,WAS
/nfl/rankings/best-ball-wr.php,best-wr,bp,Roman Wilson,28896,WR,PIT,122.0,0.0,122,122,,roman-wilson-wr.php,,,1.5,,,,,,9.0,Roman Wilson,2026-08-07,PIT
/nfl/rankings/best-ball-wr.php,best-wr,bp,Odell Beckham Jr.,12127,WR,NYG,127.0,0.0,127,127,,odell-beckham.php,,,5.0,,,,,,8.0,Odell Beckham,2026-08-07,NYG
/nfl/rankings/best-ball-wr.php,best-wr,bp,Jahdae Walker,27810,WR,CHI,134.0,0.0,134,134,,jahdae-walker.php,,,0.9,,,,,,10.0,Jahdae Walker,2026-08-07,CHI
/nfl/rankings/best-ball-wr.php,best-wr,bp,Reggie Virgil,28141,WR,ARI,135.0,0.0,135,135,,reggie-virgil.php,,,0.7,,,,,,14.0,Reggie Virgil,2026-08-07,ARI
/nfl/rankings/best-ball-wr.php,best-wr,bp,Colbie Young,26037,WR,CIN,137.0,0.0,137,137,,colbie-young.php,,,1.5,,,,,,6.0,Colbie Young,2026-08-07,CIN
/nfl/rankings/best-ball-wr.php,best-wr,bp,Greg Dortch,18585,WR,DET,142.5,1.5,141,144,,greg-dortch.php,,,1.5,,,,,,6.0,Greg Dortch,2026-08-07,DET
/nfl/rankings/best-ball-wr.php,best-wr,bp,KeAndre Lambert-Smith,24372,WR,LAC,139.0,0.0,139,139,,keandre-lambert-smith.php,,,0.7,,,,,,7.0,KeAndre Lambert-Smith,2026-08-07,LAC
/nfl/rankings/best-ball-wr.php,best-wr,bp,Tai Felton,27182,WR,MIN,145.5,0.5,145,146,,tai-felton.php,,,0.6,,,,,,6.0,Tai Felton,2026-08-07,MIN
/nfl/rankings/best-ball-wr.php,best-wr,bp,Elijah Moore,20114,WR,PHI,147.0,3.0,144,150,,elijah-moore.php,,,0.6,,,,,,10.0,Elijah Moore,2026-08-07,PHI
/nfl/rankings/best-ball-wr.php,best-wr,bp,Eric McAlister,28134,WR,FA,147.0,0.0,147,147,,eric-mcalister.php,,,4.0,,,,,,,Eric McAlister,2026-08-07,FA
/nfl/rankings/best-ball-wr.php,best-wr,bp,Theo Wease Jr.,27222,WR,MIA,148.0,0.0,148,148,,theo-wease-jr.php,,,2.2,,,,,,6.0,Theo Wease,2026-08-07,MIA
/nfl/rankings/best-ball-wr.php,best-wr,bp,Darius Cooper,27866,WR,PHI,151.0,0.0,151,151,,darius-cooper.php,,,0.6,,,,,,10.0,Darius Cooper,2026-08-07,PHI
/nfl/rankings/best-ball-wr.php,best-wr,bp,Isaiah Williams,10977,WR,FA,152.0,0.0,152,152,,isaiah-williams.php,,,0.0,,,,,,,Isaiah Williams,2026-08-07,FA
/nfl/rankings/best-ball-wr.php,best-wr,bp,Tyrell Shavers,25813,WR,BUF,154.0,0.0,154,154,,tyrell-shavers.php,,,0.6,,,,,,7.0,Tyrell Shavers,2026-08-07,BUF
/nfl/rankings/best-ball-wr.php,best-wr,bp,Ashton Dulin,18656,WR,IND,157.0,0.0,157,157,,ashton-dulin.php,,,0.7,,,,,,13.0,Ashton Dulin,2026-08-07,IND
/nfl/rankings/best-ball-wr.php,best-wr,bp,Lewis Bond,28144,WR,HOU,159.0,0.0,159,159,,lewis-bond.php,,,1.1,,,,,,8.0,Lewis Bond,2026-08-07,HOU
/nfl/rankings/best-ball-wr.php,best-wr,bp,Jordan Watkins,27486,WR,SF,160.0,0.0,160,160,,jordan-watkins.php,,,1.0,,,,,,8.0,Jordan Watkins,2026-08-07,SFO
/nfl/rankings/best-ball-wr.php,best-wr,bp,Van Jefferson,19483,WR,WAS,161.0,0.0,161,161,,van-jefferson.php,,,0.9,,,,,,7.0,Van Jefferson,2026-08-07,WAS
/nfl/rankings/best-ball-wr.php,best-wr,bp,Brandin Cooks,12122,WR,FA,162.0,0.0,162,162,,brandin-cooks.php,,,0.6,,,,,,,Brandin Cooks,2026-08-07,FA
/nfl/rankings/best-ball-wr.php,best-wr,bp,Jimmy Horn Jr.,27294,WR,CAR,163.0,0.0,163,163,,jimmy-horn-jr.php,,,0.8,,,,,,5.0,Jimmy Horn,2026-08-07,CAR
/nfl/rankings/best-ball-wr.php,best-wr,bp,Josh Cameron,28137,WR,JAC,164.0,0.0,164,164,,josh-cameron.php,,,1.6,,,,,-17.0,7.0,Josh Cameron,2026-08-07,JAC
/nfl/rankings/best-ball-wr.php,best-wr,bp,Skyy Moore,23905,WR,GB,165.0,0.0,165,165,,skyy-moore.php,,,0.8,,,,,,11.0,Skyy Moore,2026-08-07,GBP
/nfl/rankings/best-ball-wr.php,best-wr,bp,Efton Chism III,27445,WR,NE,166.0,0.0,166,166,,efton-chismi.php,,,0.6,,,,,,11.0,Efton Chism,2026-08-07,NEP
/nfl/rankings/best-ball-wr.php,best-wr,bp,Justin Watson,17603,WR,HOU,167.0,0.0,167,167,,justin-watson.php,,,1.0,,,,,,8.0,Justin Watson,2026-08-07,HOU
/nfl/rankings/best-ball-wr.php,best-wr,bp,DeAndre Hopkins,11606,WR,BAL,168.0,0.0,168,168,,deandre-hopkins.php,,,0.6,,,,,-18.0,13.0,DeAndre Hopkins,2026-08-07,BAL
/nfl/rankings/best-ball-wr.php,best-wr,bp,Diontae Johnson,18615,WR,FA,170.0,0.0,170,170,,diontae-johnson.php,,,1.0,,,,,,,Diontae Johnson,2026-08-07,FA
/nfl/rankings/best-ball-wr.php,best-wr,bp,Aaron Anderson,27500,WR,CLE,171.0,0.0,171,171,,aaron-anderson.php,,,1.2,,,,,,11.0,Aaron Anderson,2026-08-07,CLE
/nfl/rankings/best-ball-wr.php,best-wr,bp,Brandon Smith,23351,WR,PIT,172.0,0.0,172,172,,brandon-smith-wr.php,,,0.0,,,,,,9.0,Brandon Smith,2026-08-07,PIT
/nfl/rankings/best-ball-wr.php,best-wr,bp,Lil'Jordan Humphrey,18590,WR,DEN,173.0,0.0,173,173,,liljordan-humphrey.php,,,1.1,,,,,,10.0,LilJordan Humphrey,2026-08-07,DEN
/nfl/rankings/best-ball-wr.php,best-wr,bp,Jake Bobo,25339,WR,SEA,174.0,0.0,174,174,,jake-bobo.php,,,0.6,,,,,,11.0,Jake Bobo,2026-08-07,SEA
/nfl/rankings/best-ball-wr.php,best-wr,bp,Jalin Hyatt,25251,WR,NYG,175.0,0.0,175,175,,jalin-hyatt.php,,,2.6,,,,,,8.0,Jalin Hyatt,2026-08-07,NYG
/nfl/rankings/best-ball-wr.php,best-wr,bp,Tim Patrick,16556,WR,NYJ,176.0,0.0,176,176,,tim-patrick.php,,,1.0,,,,,,13.0,Tim Patrick,2026-08-07,NYJ
/nfl/rankings/best-ball-wr.php,best-wr,bp,Isaiah Hodgins,19375,WR,NYG,178.0,0.0,178,178,,isaiah-hodgins.php,,,0.1,,,,,,8.0,Isaiah Hodgins,2026-08-07,NYG
/nfl/rankings/best-ball-wr.php,best-wr,bp,Sterling Shepard,15569,WR,FA,179.0,0.0,179,179,,sterling-shepard.php,,,1.8,,,,,,,Sterling Shepard,2026-08-07,FA
/nfl/rankings/best-ball-wr.php,best-wr,bp,JuJu Smith-Schuster,16427,WR,NYG,180.0,0.0,180,180,,juju-smith-schuster.php,,,1.1,,,,,-25.0,8.0,JuJu Smith-Schuster,2026-08-07,NYG
/nfl/rankings/best-ball-wr.php,best-wr,bp,Xavier Restrepo,27066,WR,TEN,181.0,0.0,181,181,,xavier-restrepo.php,,,1.1,,,,,,9.0,Xavier Restrepo,2026-08-07,TEN
/nfl/rankings/best-ball-wr.php,best-wr,bp,Jacob Cowing,25289,WR,SF,182.0,0.0,182,182,,jacob-cowing.php,,,0.6,,,,,,8.0,Jacob Cowing,2026-08-07,SFO
/nfl/rankings/best-ball-wr.php,best-wr,bp,Xavier Weaver,23957,WR,ARI,183.0,0.0,183,183,,xavier-weaver.php,,,0.0,,,,,,14.0,Xavier Weaver,2026-08-07,ARI
/nfl/rankings/best-ball-wr.php,best-wr,bp,Barion Brown,25416,WR,NO,184.0,0.0,184,184,,barion-brown.php,,,1.1,,,,,-33.0,8.0,Barion Brown,2026-08-07,NOS
/nfl/rankings/best-ball-wr.php,best-wr,bp,Kazmeir Allen,25596,WR,FA,185.0,0.0,185,185,,kazmeir-allen.php,,,1.0,,,,,,,Kazmeir Allen,2026-08-07,FA
/nfl/rankings/best-ball-wr.php,best-wr,bp,Eric Rivers Jr.,28128,WR,TB,186.0,0.0,186,186,,eric-rivers.php,,,1.0,,,,,,10.0,Eric Rivers,2026-08-07,TBB
/nfl/rankings/best-ball-wr.php,best-wr,bp,KJ Hill Jr.,19332,WR,FA,187.0,0.0,187,187,,kj-hill.php,,,0.0,,,,,,,KJ Hill,2026-08-07,FA
/nfl/rankings/best-ball-wr.php,best-wr,bp,Josh Reynolds,16439,WR,FA,188.0,0.0,188,188,,josh-reynolds.php,,,2.1,,,,,,,Josh Reynolds,2026-08-07,FA
/nfl/rankings/best-ball-wr.php,best-wr,bp,Noah Brown,16443,WR,FA,189.0,0.0,189,189,,noah-brown.php,,,1.3,,,,,-36.0,,Noah Brown,2026-08-07,FA
/nfl/rankings/best-ball-wr.php,best-wr,bp,Tylan Wallace,19801,WR,CLE,190.0,0.0,190,190,,tylan-wallace.php,,,1.0,,,,,,11.0,Tylan Wallace,2026-08-07,CLE
/nfl/rankings/best-ball-wr.php,best-wr,bp,Jamari Thrash,26162,WR,CLE,191.0,0.0,191,191,,jamari-thrash.php,,,1.1,,,,,,11.0,Jamari Thrash,2026-08-07,CLE
/nfl/rankings/best-ball-wr.php,best-wr,bp,KhaDarel Hodge,18166,WR,SF,192.0,0.0,192,192,,khadarel-hodge.php,,,1.2,,,,,,8.0,KhaDarel Hodge,2026-08-07,SFO
/nfl/rankings/best-ball-wr.php,best-wr,bp,David Moore,16757,WR,CAR,193.0,0.0,193,193,,david-moore.php,,,0.8,,,,,,5.0,David Moore,2026-08-07,CAR
/nfl/rankings/best-ball-wr.php,best-wr,bp,Zay Jones,16431,WR,FA,194.0,0.0,194,194,,zay-jones.php,,,1.0,,,,,-38.0,,Zay Jones,2026-08-07,FA
/nfl/rankings/best-ball-wr.php,best-wr,bp,Jonathan Mingo,23030,WR,DAL,195.0,0.0,195,195,,jonathan-mingo.php,,,0.6,,,,,,14.0,Jonathan Mingo,2026-08-07,DAL
/nfl/rankings/best-ball-wr.php,best-wr,bp,Casey Washington,26413,WR,CAR,196.0,0.0,196,196,,casey-washington.php,,,0.0,,,,,,5.0,Casey Washington,2026-08-07,CAR
/nfl/rankings/best-ball-wr.php,best-wr,bp,Marquez Valdes-Scantling,17528,WR,DAL,197.0,0.0,197,197,,marquez-valdesscantling.php,,,0.7,,,,,,14.0,Marquez Valdes-Scantling,2026-08-07,DAL
/nfl/rankings/best-ball-wr.php,best-wr,bp,Curtis Samuel,16434,WR,FA,198.0,0.0,198,198,,curtis-samuel.php,,,2.0,,,,,,,Curtis Samuel,2026-08-07,FA
/nfl/rankings/best-ball-wr.php,best-wr,bp,Arian Smith,22965,WR,NYJ,199.0,0.0,199,199,,arian-smith.php,,,0.7,,,,,-45.0,13.0,Arian Smith,2026-08-07,NYJ
/nfl/rankings/best-ball-wr.php,best-wr,bp,Tyler Johnson,18633,WR,DAL,200.0,0.0,200,200,,tyler-johnson.php,,,1.1,,,,,,14.0,Tyler Johnson,2026-08-07,DAL
/nfl/rankings/best-ball-wr.php,best-wr,bp,Trey Palmer,25331,WR,NO,201.0,0.0,201,201,,trey-palmer.php,,,3.6,,,,,,8.0,Trey Palmer,2026-08-07,NOS
/nfl/rankings/best-ball-wr.php,best-wr,bp,DeAndre Carter,14103,WR,FA,202.0,0.0,202,202,,deandre-carter.php,,,0.0,,,,,,,DeAndre Carter,2026-08-07,FA
/nfl/rankings/best-ball-wr.php,best-wr,bp,Myles Price,27805,WR,MIN,203.0,0.0,203,203,,myles-price.php,,,0.6,,,,,,6.0,Myles Price,2026-08-07,MIN
/nfl/rankings/best-ball-wr.php,best-wr,bp,Xavier Gipson,25758,WR,NYG,204.0,0.0,204,204,,xavier-gipson.php,,,1.1,,,,,,8.0,Xavier Gipson,2026-08-07,NYG
/nfl/rankings/best-ball-wr.php,best-wr,bp,Malik Heath,25668,WR,FA,205.0,0.0,205,205,,malik-heath.php,,,1.0,,,,,,,Malik Heath,2026-08-07,FA
/nfl/rankings/best-ball-wr.php,best-wr,bp,Derius Davis,25334,WR,LAC,206.0,0.0,206,206,,derius-davis.php,,,0.6,,,,,,7.0,Derius Davis,2026-08-07,LAC
/nfl/rankings/best-ball-wr.php,best-wr,bp,Malachi Corley,26023,WR,CLE,207.0,0.0,207,207,,malachi-corley.php,,,0.6,,,,,,11.0,Malachi Corley,2026-08-07,CLE
/nfl/rankings/best-ball-wr.php,best-wr,bp,Nick Nash,27263,WR,WAS,208.0,0.0,208,208,,nick-nash.php,,,1.0,,,,,,7.0,Nick Nash,2026-08-07,WAS
/nfl/rankings/best-ball-wr.php,best-wr,bp,Scotty Miller,18714,WR,CHI,209.0,0.0,209,209,,scott-miller.php,,,0.1,,,,,,10.0,Scott Miller,2026-08-07,CHI
/nfl/rankings/best-ball-wr.php,best-wr,bp,Dante Pettis,17264,WR,BUF,210.0,0.0,210,210,,dante-pettis.php,,,1.0,,,,,,7.0,Dante Pettis,2026-08-07,BUF
/nfl/rankings/best-ball-wr.php,best-wr,bp,Charlie Jones,25336,WR,CIN,211.0,0.0,211,211,,charlie-jones.php,,,0.7,,,,,,6.0,Charlie Jones,2026-08-07,CIN
/nfl/rankings/best-ball-wr.php,best-wr,bp,Anthony Gould,26404,WR,IND,212.0,0.0,212,212,,anthony-gould.php,,,0.6,,,,,,13.0,Anthony Gould,2026-08-07,IND
/nfl/rankings/best-ball-wr.php,best-wr,bp,Cedrick Wilson Jr.,17262,WR,DET,213.0,0.0,213,213,,cedrick-wilson.php,,,0.6,,,,,,6.0,Cedrick Wilson,2026-08-07,DET
/nfl/rankings/best-ball-wr.php,best-wr,bp,Xavier Smith,25627,WR,LAR,214.0,0.0,214,214,,xavier-smith.php,,,0.6,,,,,,11.0,Xavier Smith,2026-08-07,LAR
/nfl/rankings/best-ball-wr.php,best-wr,bp,Devin Duvernay,19270,WR,ARI,215.0,0.0,215,215,,devin-duvernay.php,,,0.6,,,,,,14.0,Devin Duvernay,2026-08-07,ARI
/nfl/rankings/best-ball-wr.php,best-wr,bp,LaJohntay Wester,27447,WR,BAL,216.0,0.0,216,216,,lajohntay-wester.php,,,0.7,,,,,,13.0,LaJohntay Wester,2026-08-07,BAL
/nfl/rankings/best-ball-wr.php,best-wr,bp,Braxton Berrios,17289,WR,NYG,217.0,0.0,217,217,,braxton-berrios.php,,,0.6,,,,,,8.0,Braxton Berrios,2026-08-07,NYG
/nfl/rankings/best-ball-wr.php,best-wr,bp,Nikko Remigio,25772,WR,KC,218.0,0.0,218,218,,nikko-remigio.php,,,0.6,,,,,,5.0,Nikko Remigio,2026-08-07,KCC
/nfl/rankings/best-ball-wr.php,best-wr,bp,Ihmir Smith-Marsette,20116,WR,ARI,219.0,0.0,219,219,,ihmir-smithmarsette.php,,,1.0,,,,,,14.0,Ihmir Smith-Marsette,2026-08-07,ARI
/nfl/rankings/best-ball-wr.php,best-wr,bp,Dee Eskridge,22785,WR,FA,220.0,0.0,220,220,,dwayne-eskridge.php,,,0.0,,,,,,,DWayne Eskridge,2026-08-07,FA
/nfl/rankings/dynasty-db.php,dynasty-db,dp,Kyle Hamilton,23494,DB,BAL,1.0,0.0,1,1,,kyle-hamilton.php,,,78.7,,,,,,13.0,Kyle Hamilton,2026-08-07,BAL
/nfl/rankings/dynasty-db.php,dynasty-db,dp,Brian Branch,25235,DB,DET,2.0,0.0,2,2,,brian-branch.php,,,50.4,,,,,1.0,6.0,Brian Branch,2026-08-07,DET
/nfl/rankings/dynasty-db.php,dynasty-db,dp,Nick Emmanwori,27053,DB,SEA,3.0,0.0,3,3,,nick-emmanwori.php,,,54.0,,,,,-1.0,11.0,Nick Emmanwori,2026-08-07,SEA
/nfl/rankings/dynasty-db.php,dynasty-db,dp,Derwin James Jr.,17310,DB,LAC,4.0,0.0,4,4,,derwin-james.php,,,63.9,,,,,,7.0,Derwin James,2026-08-07,LAC
/nfl/rankings/dynasty-db.php,dynasty-db,dp,Budda Baker,16733,DB,ARI,5.0,0.0,5,5,,budda-baker.php,,,56.7,,,,,,14.0,Budda Baker,2026-08-07,ARI
/nfl/rankings/dynasty-db.php,dynasty-db,dp,Antoine Winfield Jr.,19266,DB,TB,6.0,0.0,6,6,,antoine-winfield-s.php,,,33.4,,,,,5.0,10.0,Antoine Winfield,2026-08-07,TBB
/nfl/rankings/dynasty-db.php,dynasty-db,dp,Tykee Smith,23751,DB,TB,7.0,0.0,7,7,,tykee-smith.php,,,48.0,,,,,,10.0,Tykee Smith,2026-08-07,TBB
/nfl/rankings/dynasty-db.php,dynasty-db,dp,Xavier McKinney,19216,DB,GB,8.0,0.0,8,8,,xavier-mckinney.php,,,39.7,,,,,13.0,11.0,Xavier McKinney,2026-08-07,GBP
/nfl/rankings/dynasty-db.php,dynasty-db,dp,Tyler Nubin,26117,DB,NYG,9.0,0.0,9,9,,tyler-nubin.php,,,13.1,,,,,,8.0,Tyler Nubin,2026-08-07,NYG
/nfl/rankings/dynasty-db.php,dynasty-db,dp,Jessie Bates III,17544,DB,ATL,10.0,0.0,10,10,,jessie-bates-iii.php,,,30.5,,,,,-2.0,11.0,Jessie Bates,2026-08-07,ATL
/nfl/rankings/dynasty-db.php,dynasty-db,dp,Brandon Jones,19248,DB,DEN,11.0,0.0,11,11,,brandon-jones-s.php,,,15.9,,,,,20.0,10.0,Brandon Jones,2026-08-07,DEN
/nfl/rankings/dynasty-db.php,dynasty-db,dp,Xavier Watts,27067,DB,ATL,12.0,0.0,12,12,,xavier-watts.php,,,28.6,,,,,,11.0,Xavier Watts,2026-08-07,ATL
/nfl/rankings/dynasty-db.php,dynasty-db,dp,Talanoa Hufanga,22817,DB,DEN,13.0,0.0,13,13,,talanoa-hufanga.php,,,41.2,,,,,-3.0,10.0,Talanoa Hufanga,2026-08-07,DEN
/nfl/rankings/dynasty-db.php,dynasty-db,dp,Kevin Winston Jr.,27035,DB,TEN,14.0,0.0,14,14,,kevin-winston-jr.php,,,12.0,,,,,4.0,9.0,Kevin Winston,2026-08-07,TEN
/nfl/rankings/dynasty-db.php,dynasty-db,dp,Joshua Metellus,19580,DB,MIN,15.0,0.0,15,15,,josh-metellus.php,,,23.8,,,,,,6.0,Joshua Metellus,2026-08-07,MIN
/nfl/rankings/dynasty-db.php,dynasty-db,dp,Nick Cross,24198,DB,WAS,16.0,0.0,16,16,,nick-cross.php,,,54.7,,,,,-9.0,7.0,Nick Cross,2026-08-07,WAS
/nfl/rankings/dynasty-db.php,dynasty-db,dp,Jaquan Brisker,23719,DB,PIT,17.0,0.0,17,17,,jaquan-brisker.php,,,27.0,,,,,,9.0,Jaquan Brisker,2026-08-07,PIT
/nfl/rankings/dynasty-db.php,dynasty-db,dp,Kam Curl,19459,DB,LAR,18.0,0.0,18,18,,kamren-curl.php,,,54.2,,,,,-6.0,11.0,Kam Curl,2026-08-07,LAR
/nfl/rankings/dynasty-db.php,dynasty-db,dp,Malaki Starks,27017,DB,BAL,19.0,0.0,19,19,,malaki-starks.php,,,36.1,,,,,-5.0,13.0,Malaki Starks,2026-08-07,BAL
/nfl/rankings/dynasty-db.php,dynasty-db,dp,Jordan Battle,23471,DB,CIN,20.0,0.0,20,20,,jordan-battle.php,,,30.5,,,,,,6.0,Jordan Battle,2026-08-07,CIN
/nfl/rankings/dynasty-db.php,dynasty-db,dp,Quentin Lake,24302,DB,LAR,21.0,0.0,21,21,,quentin-lake.php,,,34.0,,,,,-6.0,11.0,Quentin Lake,2026-08-07,LAR
/nfl/rankings/dynasty-db.php,dynasty-db,dp,DeShon Elliott,17344,DB,PIT,22.0,0.0,22,22,,deshon-elliott.php,,,16.2,,,,,-5.0,9.0,DeShon Elliott,2026-08-07,PIT
/nfl/rankings/dynasty-db.php,dynasty-db,dp,Devon Witherspoon,25243,DB,SEA,23.0,0.0,23,23,,devon-witherspoon.php,,,39.4,,,,,,11.0,Devon Witherspoon,2026-08-07,SEA
/nfl/rankings/dynasty-db.php,dynasty-db,dp,Jeremy Chinn,19429,DB,LV,24.0,0.0,24,24,,jeremy-chinn.php,,,40.6,,,,,,13.0,Jeremy Chinn,2026-08-07,LVR
/nfl/rankings/dynasty-db.php,dynasty-db,dp,Chamarri Conner,25509,DB,KC,25.0,0.0,25,25,,chamarri-conner.php,,,42.8,,,,,,5.0,Chamarri Conner,2026-08-07,KCC
/nfl/rankings/dynasty-db.php,dynasty-db,dp,Tre'von Moehrig,22699,DB,CAR,26.0,0.0,26,26,,trevon-moehrig.php,,,34.5,,,,,,5.0,Trevon Moehrig,2026-08-07,CAR
/nfl/rankings/dynasty-db.php,dynasty-db,dp,Julian Love,18243,DB,SEA,27.0,0.0,27,27,,julian-love.php,,,42.3,,,,,,11.0,Julian Love,2026-08-07,SEA
/nfl/rankings/dynasty-db.php,dynasty-db,dp,Cooper DeJean,26103,DB,PHI,28.0,0.0,28,28,,cooper-dejean.php,,,47.0,,,,,,10.0,Cooper DeJean,2026-08-07,PHI
/nfl/rankings/dynasty-db.php,dynasty-db,dp,Malachi Moore,24708,DB,NYJ,29.0,0.0,29,29,,malachi-moore.php,,,19.0,,,,,,13.0,Malachi Moore,2026-08-07,NYJ
/nfl/rankings/dynasty-db.php,dynasty-db,dp,Cam Bynum,22757,DB,IND,30.0,0.0,30,30,,camryn-bynum.php,,,12.8,,,,,,13.0,Cam Bynum,2026-08-07,IND
/nfl/rankings/dynasty-db.php,dynasty-db,dp,Cole Bishop,26229,DB,BUF,31.0,0.0,31,31,,cole-bishop.php,,,16.9,,,,,,7.0,Cole Bishop,2026-08-07,BUF
/nfl/rankings/dynasty-db.php,dynasty-db,dp,Dadrion Taylor-Demerson,26346,DB,ARI,32.0,0.0,32,32,,dadrion-taylor-demerson.php,,,2.8,,,,,,14.0,Dadrion Taylor-Demerson,2026-08-07,ARI
/nfl/rankings/dynasty-db.php,dynasty-db,dp,Kyle Dugger,19337,DB,CIN,33.0,0.0,33,33,,kyle-dugger.php,,,2.8,,,,,,6.0,Kyle Dugger,2026-08-07,CIN
/nfl/rankings/dynasty-db.php,dynasty-db,dp,Caleb Downs,27950,DB,DAL,34.0,0.0,34,34,,caleb-downs.php,,,53.4,,,,,,14.0,Caleb Downs,2026-08-07,DAL
/nfl/rankings/dynasty-db.php,dynasty-db,dp,Jalen Thompson,19108,DB,DAL,35.0,0.0,35,35,,jalen-thompson.php,,,17.3,,,,,,14.0,Jalen Thompson,2026-08-07,DAL
/nfl/rankings/dynasty-db.php,dynasty-db,dp,Dillon Thieneman,27967,DB,CHI,36.0,0.0,36,36,,dillon-thieneman.php,,,32.4,,,,,,10.0,Dillon Thieneman,2026-08-07,CHI
/nfl/rankings/dynasty-db.php,dynasty-db,dp,Kerby Joseph,23800,DB,DET,37.0,0.0,37,37,,kerby-joseph.php,,,14.4,,,,,,6.0,Kerby Joseph,2026-08-07,DET
/nfl/rankings/dynasty-db.php,dynasty-db,dp,Jalen Pitre,23721,DB,HOU,38.0,0.0,38,38,,jalen-pitre.php,,,34.9,,,,,,8.0,Jalen Pitre,2026-08-07,HOU
/nfl/rankings/dynasty-db.php,dynasty-db,dp,AJ Haulcy,28069,DB,IND,39.0,0.0,39,39,,aj-haulcy.php,,,24.2,,,,,,13.0,AJ Haulcy,2026-08-07,IND
/nfl/rankings/dynasty-db.php,dynasty-db,dp,Marcus Jones,23890,DB,NE,40.0,0.0,40,40,,marcus-jones.php,,,38.0,,,,,,11.0,Marcus Jones,2026-08-07,NEP
/nfl/rankings/dynasty-db.php,dynasty-db,dp,Emmanuel McNeil-Warren,28081,DB,CLE,41.0,0.0,41,41,,emmanuel-mcneil-warren.php,,,23.4,,,,,,11.0,Emmanuel McNeil-Warren,2026-08-07,CLE
/nfl/rankings/dynasty-db.php,dynasty-db,dp,Jaylinn Hawkins,19769,DB,BAL,42.0,0.0,42,42,,jaylinn-hawkins.php,,,4.3,,,,,,13.0,Jaylinn Hawkins,2026-08-07,BAL
/nfl/rankings/dynasty-db.php,dynasty-db,dp,Andrew Mukuba,27081,DB,PHI,43.0,0.0,43,43,,andrew-mukuba.php,,,16.2,,,,,,10.0,Andrew Mukuba,2026-08-07,PHI
/nfl/rankings/dynasty-db.php,dynasty-db,dp,C.J. Gardner-Johnson,18649,DB,BUF,44.0,0.0,44,44,,chauncey-gardner-johnson.php,,,8.7,,,,,,7.0,CJ Gardner-Johnson,2026-08-07,BUF
/nfl/rankings/dynasty-db.php,dynasty-db,dp,Kamren Kinchens,26109,DB,LAR,45.0,0.0,45,45,,kamren-kinchens.php,,,5.9,,,,,,11.0,Kamren Kinchens,2026-08-07,LAR
/nfl/rankings/dynasty-db.php,dynasty-db,dp,Dante Trader Jr.,27090,DB,MIA,46.0,0.0,46,46,,dante-trader.php,,,6.3,,,,,,6.0,Dante Trader,2026-08-07,MIA
/nfl/rankings/dynasty-db.php,dynasty-db,dp,Zakee Wheatley,28184,DB,CAR,47.0,0.0,47,47,,zakee-wheatley.php,,,2.2,,,,,,5.0,Zakee Wheatley,2026-08-07,CAR
/nfl/rankings/dynasty-db.php,dynasty-db,dp,Reed Blankenship,22754,DB,HOU,48.0,0.0,48,48,,reed-blankenship.php,,,14.9,,,,,,8.0,Reed Blankenship,2026-08-07,HOU
/nfl/rankings/dynasty-db.php,dynasty-db,dp,Grant Delpit,19203,DB,CLE,49.0,0.0,49,49,,grant-delpit.php,,,19.4,,,,,,11.0,Grant Delpit,2026-08-07,CLE
/nfl/rankings/dynasty-db.php,dynasty-db,dp,Kevin Byard III,15635,DB,NE,50.0,0.0,50,50,,kevin-byard.php,,,39.0,,,,,,11.0,Kevin Byard,2026-08-07,NEP
/nfl/rankings/dynasty-dl.php,dynasty-dl,dp,Aidan Hutchinson,22738,DL,DET,1.0,0.0,1,1,,aidan-hutchinson.php,,,76.7,,,,,,6.0,Aidan Hutchinson,2026-08-07,DET
/nfl/rankings/dynasty-dl.php,dynasty-dl,dp,Will Anderson Jr.,24717,DL,HOU,2.0,0.0,2,2,,will-anderson.php,,,73.6,,,,,,8.0,Will Anderson,2026-08-07,HOU
/nfl/rankings/dynasty-dl.php,dynasty-dl,dp,Nick Bosa,18199,DL,SF,3.0,0.0,3,3,,nick-bosa.php,,,69.6,,,,,3.0,8.0,Nick Bosa,2026-08-07,SFO
/nfl/rankings/dynasty-dl.php,dynasty-dl,dp,Myles Garrett,16370,DL,LAR,4.0,0.0,4,4,,myles-garrett.php,,,88.0,,,,,-1.0,11.0,Myles Garrett,2026-08-07,LAR
/nfl/rankings/dynasty-dl.php,dynasty-dl,dp,Maxx Crosby,18702,DL,LV,5.0,0.0,5,5,,maxx-crosby.php,,,81.1,,,,,-1.0,13.0,Maxx Crosby,2026-08-07,LVR
/nfl/rankings/dynasty-dl.php,dynasty-dl,dp,Laiatu Latu,26096,DL,IND,6.0,0.0,6,6,,laiatu-latu.php,,,20.7,,,,,,13.0,Laiatu Latu,2026-08-07,IND
/nfl/rankings/dynasty-dl.php,dynasty-dl,dp,Jalen Carter,24703,DL,PHI,7.0,0.0,7,7,,jalen-carter.php,,,33.4,,,,,30.0,10.0,Jalen Carter,2026-08-07,PHI
/nfl/rankings/dynasty-dl.php,dynasty-dl,dp,Jeffery Simmons,18207,DL,TEN,8.0,0.0,8,8,,jeffery-simmons.php,,,66.3,,,,,5.0,9.0,Jeffery Simmons,2026-08-07,TEN
/nfl/rankings/dynasty-dl.php,dynasty-dl,dp,Greg Rousseau,19787,DL,BUF,9.0,0.0,9,9,,gregory-rousseau.php,,,23.2,,,,,8.0,7.0,Gregory Rousseau,2026-08-07,BUF
/nfl/rankings/dynasty-dl.php,dynasty-dl,dp,Dexter Lawrence II,18211,DL,CIN,10.0,0.0,10,10,,dexter-lawrence.php,,,22.4,,,,,15.0,6.0,Dexter Lawrence,2026-08-07,CIN
/nfl/rankings/dynasty-dl.php,dynasty-dl,dp,Quinnen Williams,18200,DL,DAL,11.0,0.0,11,11,,quinnen-williams.php,,,27.5,,,,,19.0,14.0,Quinnen Williams,2026-08-07,DAL
/nfl/rankings/dynasty-dl.php,dynasty-dl,dp,George Karlaftis III,23501,DL,KC,12.0,0.0,12,12,,george-karlaftis-iii.php,,,17.1,,,,,9.0,5.0,George Karlaftis,2026-08-07,KCC
/nfl/rankings/dynasty-dl.php,dynasty-dl,dp,Byron Murphy II,26221,DL,SEA,13.0,0.0,13,13,,byron-murphy-ii.php,,,12.8,,,,,10.0,11.0,Byron Murphy,2026-08-07,SEA
/nfl/rankings/dynasty-dl.php,dynasty-dl,dp,Zach Allen,18221,DL,DEN,14.0,0.0,14,14,,zach-allen.php,,,20.2,,,,,19.0,10.0,Zach Allen,2026-08-07,DEN
/nfl/rankings/dynasty-dl.php,dynasty-dl,dp,Micah Parsons,19784,LB,GB,15.0,0.0,15,15,,micah-parsons.php,,,54.8,,,,,-10.0,11.0,Micah Parsons,2026-08-07,GBP
/nfl/rankings/dynasty-dl.php,dynasty-dl,dp,DeForest Buckner,15494,DL,IND,16.0,0.0,16,16,,deforest-buckner.php,,,34.2,,,,,12.0,13.0,DeForest Buckner,2026-08-07,IND
/nfl/rankings/dynasty-dl.php,dynasty-dl,dp,Brian Burns,18223,DL,NYG,17.0,0.0,17,17,,brian-burns.php,,,70.7,,,,,-9.0,8.0,Brian Burns,2026-08-07,NYG
/nfl/rankings/dynasty-dl.php,dynasty-dl,dp,Nik Bonitto,23763,DL,DEN,18.0,0.0,18,18,,nik-bonitto.php,,,53.4,,,,,-9.0,10.0,Nik Bonitto,2026-08-07,DEN
/nfl/rankings/dynasty-dl.php,dynasty-dl,dp,Calijah Kancey,23865,DL,TB,19.0,0.0,19,19,,calijah-kancey.php,,,19.5,,,,,24.0,10.0,Calijah Kancey,2026-08-07,TBB
/nfl/rankings/dynasty-dl.php,dynasty-dl,dp,Kobie Turner,25283,DL,LAR,20.0,0.0,20,20,,kobie-turner.php,,,17.1,,,,,22.0,11.0,Kobie Turner,2026-08-07,LAR
/nfl/rankings/dynasty-dl.php,dynasty-dl,dp,Trey Hendrickson,16719,DL,BAL,21.0,0.0,21,21,,trey-hendrickson.php,,,45.8,,,,,5.0,13.0,Trey Hendrickson,2026-08-07,BAL
/nfl/rankings/dynasty-dl.php,dynasty-dl,dp,Jared Verse,25234,DL,CLE,22.0,0.0,22,22,,jared-verse.php,,,49.7,,,,,-12.0,11.0,Jared Verse,2026-08-07,CLE
/nfl/rankings/dynasty-dl.php,dynasty-dl,dp,Arvell Reese,28053,LB,NYG,23.0,0.0,23,23,,arvell-reese.php,,,43.9,,,,,12.0,8.0,Arvell Reese,2026-08-07,NYG
/nfl/rankings/dynasty-dl.php,dynasty-dl,dp,Abdul Carter,27022,DL,NYG,24.0,0.0,24,24,,abdul-carter.php,,,34.0,,,,,-13.0,8.0,Abdul Carter,2026-08-07,NYG
/nfl/rankings/dynasty-dl.php,dynasty-dl,dp,Byron Young,25449,DL,LAR,25.0,0.0,25,25,,byron-young-edge.php,,,45.4,,,,,-11.0,11.0,Byron Young,2026-08-07,LAR
/nfl/rankings/dynasty-dl.php,dynasty-dl,dp,T.J. Watt,16469,LB,PIT,26.0,0.0,26,26,,tj-watt.php,,,68.9,,,,,-14.0,9.0,TJ Watt,2026-08-07,PIT
/nfl/rankings/dynasty-dl.php,dynasty-dl,dp,Jalon Walker,27027,LB,ATL,27.0,0.0,27,27,,jalon-walker.php,,,11.6,,,,,-8.0,11.0,Jalon Walker,2026-08-07,ATL
/nfl/rankings/dynasty-dl.php,dynasty-dl,dp,Alex Highsmith,19316,LB,PIT,28.0,0.0,28,28,,alex-highsmith.php,,,38.8,,,,,-13.0,9.0,Alex Highsmith,2026-08-07,PIT
/nfl/rankings/dynasty-dl.php,dynasty-dl,dp,Montez Sweat,18213,DL,CHI,29.0,0.0,29,29,,montez-sweat.php,,,24.0,,,,,,10.0,Montez Sweat,2026-08-07,CHI
/nfl/rankings/dynasty-dl.php,dynasty-dl,dp,Josh Hines-Allen,18201,DL,JAC,30.0,0.0,30,30,,josh-allen-olb.php,,,39.6,,,,,-10.0,7.0,Josh Hines-Allen,2026-08-07,JAC
/nfl/rankings/dynasty-dl.php,dynasty-dl,dp,Will McDonald IV,25254,DL,NYJ,31.0,0.0,31,31,,will-mcdonald-iv.php,,,13.0,,,,,14.0,13.0,Will McDonald,2026-08-07,NYJ
/nfl/rankings/dynasty-dl.php,dynasty-dl,dp,Jermaine Johnson II,23733,DL,TEN,32.0,0.0,32,32,,jermaine-johnson.php,,,5.4,,,,,12.0,9.0,Jermaine Johnson,2026-08-07,TEN
/nfl/rankings/dynasty-dl.php,dynasty-dl,dp,Danielle Hunter,14036,DL,HOU,33.0,0.0,33,33,,danielle-hunter.php,,,53.4,,,,,-17.0,8.0,Danielle Hunter,2026-08-07,HOU
/nfl/rankings/dynasty-dl.php,dynasty-dl,dp,Chris Jones,15620,DL,KC,34.0,0.0,34,34,,chris-jones-dl.php,,,19.1,,,,,18.0,5.0,Chris Jones,2026-08-07,KCC
/nfl/rankings/dynasty-dl.php,dynasty-dl,dp,Derrick Brown,19205,DL,CAR,35.0,0.0,35,35,,derrick-brown.php,,,29.0,,,,,11.0,5.0,Derrick Brown,2026-08-07,CAR
/nfl/rankings/dynasty-dl.php,dynasty-dl,dp,Tuli Tuipulotu,25364,DL,LAC,36.0,0.0,36,36,,tuli-tuipulotu.php,,,46.0,,,,,-18.0,7.0,Tuli Tuipulotu,2026-08-07,LAC
/nfl/rankings/dynasty-dl.php,dynasty-dl,dp,Dallas Turner,26097,DL,MIN,37.0,0.0,37,37,,dallas-turner.php,,,29.7,,,,,-15.0,6.0,Dallas Turner,2026-08-07,MIN
/nfl/rankings/dynasty-dl.php,dynasty-dl,dp,Jaelan Phillips,22734,DL,CAR,38.0,0.0,38,38,,jaelan-phillips.php,,,13.7,,,,,-14.0,5.0,Jaelan Phillips,2026-08-07,CAR
/nfl/rankings/dynasty-dl.php,dynasty-dl,dp,Jonathan Greenard,19276,DL,PHI,39.0,0.0,39,39,,jonathan-greenard.php,,,32.2,,,,,-12.0,10.0,Jonathan Greenard,2026-08-07,PHI
/nfl/rankings/dynasty-dl.php,dynasty-dl,dp,Chop Robinson,26105,DL,MIA,40.0,0.0,40,40,,chop-robinson.php,,,11.1,,,,,-9.0,6.0,Chop Robinson,2026-08-07,MIA
/nfl/rankings/dynasty-dl.php,dynasty-dl,dp,James Pearce Jr.,27018,DL,ATL,41.0,0.0,41,41,,james-pearce-jr.php,,,8.8,,,,,-9.0,11.0,James Pearce,2026-08-07,ATL
/nfl/rankings/dynasty-dl.php,dynasty-dl,dp,Chase Young,19195,DL,NO,42.0,0.0,42,42,,chase-young.php,,,23.8,,,,,-8.0,8.0,Chase Young,2026-08-07,NOS
/nfl/rankings/dynasty-dl.php,dynasty-dl,dp,Andrew Van Ginkel,18573,LB,MIN,43.0,0.0,43,43,,andrew-van-ginkel.php,,,54.0,,,,,-7.0,6.0,Andrew Van Ginkel,2026-08-07,MIN
/nfl/rankings/dynasty-dl.php,dynasty-dl,dp,Jonathon Cooper,22821,DL,DEN,44.0,0.0,44,44,,jonathon-cooper.php,,,8.0,,,,,-6.0,10.0,Jonathon Cooper,2026-08-07,DEN
/nfl/rankings/dynasty-dl.php,dynasty-dl,dp,Mike Green,27042,LB,BAL,45.0,0.0,45,45,,mike-green-dt.php,,,5.7,,,,,-6.0,13.0,Mike Green,2026-08-07,BAL
/nfl/rankings/dynasty-dl.php,dynasty-dl,dp,Leonard Williams,13892,DL,SEA,46.0,0.0,46,46,,leonard-williams.php,,,21.8,,,,,-6.0,11.0,Leonard Williams,2026-08-07,SEA
/nfl/rankings/dynasty-dl.php,dynasty-dl,dp,Travon Walker,23724,DL,JAC,47.0,0.0,47,47,,travon-walker.php,,,25.4,,,,,-6.0,7.0,Travon Walker,2026-08-07,JAC
/nfl/rankings/dynasty-dl.php,dynasty-dl,dp,Austin Booker,26313,LB,CHI,48.0,0.0,48,48,,austin-booker.php,,,8.1,,,,,,10.0,Austin Booker,2026-08-07,CHI
/nfl/rankings/dynasty-dl.php,dynasty-dl,dp,Mason Graham,27010,DL,CLE,49.0,0.0,49,49,,mason-graham.php,,,8.3,,,,,,11.0,Mason Graham,2026-08-07,CLE
/nfl/rankings/dynasty-dl.php,dynasty-dl,dp,Kayvon Thibodeaux,23484,DL,NYG,50.0,0.0,50,50,,kayvon-thibodeaux.php,,,19.0,,,,,,8.0,Kayvon Thibodeaux,2026-08-07,NYG
/nfl/rankings/dynasty-dl.php,dynasty-dl,dp,Nick Herbig,25464,LB,PIT,51.0,0.0,51,51,,nick-herbig.php,,,13.8,,,,,,9.0,Nick Herbig,2026-08-07,PIT
/nfl/rankings/dynasty-dl.php,dynasty-dl,dp,Uchenna Nwosu,17448,LB,SEA,52.0,0.0,52,52,,uchenna-nwosu.php,,,3.8,,,,,,11.0,Uchenna Nwosu,2026-08-07,SEA
/nfl/rankings/dynasty-dl.php,dynasty-dl,dp,Josh Sweat,17363,DL,ARI,53.0,0.0,53,53,,josh-sweat.php,,,15.6,,,,,,14.0,Josh Sweat,2026-08-07,ARI
/nfl/rankings/dynasty-dst.php,dynasty-dst,dp,Denver Broncos,8090,DST,DEN,2.0,1.41,1,4,,denver-defense.php,,,94.2,,,,,1.0,10.0,Denver Broncos,2026-08-07,DEN
/nfl/rankings/dynasty-dst.php,dynasty-dst,dp,Houston Texans,8120,DST,HOU,2.0,0.82,1,3,,houston-defense.php,,,96.2,,,,,-1.0,8.0,Houston Texans,2026-08-07,HOU
/nfl/rankings/dynasty-dst.php,dynasty-dst,dp,Seattle Seahawks,8260,DST,SEA,3.33,1.89,2,6,,seattle-defense.php,,,95.6,,,,,,11.0,Seattle Seahawks,2026-08-07,SEA
/nfl/rankings/dynasty-dst.php,dynasty-dst,dp,Los Angeles Rams,8280,DST,LAR,3.67,0.94,3,5,,los-angeles-rams-defense.php,,,84.5,,,,,,11.0,Los Angeles Rams,2026-08-07,LAR
/nfl/rankings/dynasty-dst.php,dynasty-dst,dp,Philadelphia Eagles,8230,DST,PHI,4.33,0.47,4,5,,philadelphia-defense.php,,,83.8,,,,,,10.0,Philadelphia Eagles,2026-08-07,PHI
/nfl/rankings/dynasty-dst.php,dynasty-dst,dp,Minnesota Vikings,8170,DST,MIN,6.67,1.25,5,8,,minnesota-defense.php,,,63.0,,,,,,6.0,Minnesota Vikings,2026-08-07,MIN
/nfl/rankings/dynasty-dst.php,dynasty-dst,dp,Green Bay Packers,8110,DST,GB,7.0,0.82,6,8,,green-bay-defense.php,,,29.3,,,,,,11.0,Green Bay Packers,2026-08-07,GBP
/nfl/rankings/dynasty-dst.php,dynasty-dst,dp,Los Angeles Chargers,8250,DST,LAC,9.33,2.87,6,13,,los-angeles-chargers-defense.php,,,48.4,,,,,3.0,7.0,Los Angeles Chargers,2026-08-07,LAC
/nfl/rankings/dynasty-dst.php,dynasty-dst,dp,Pittsburgh Steelers,8240,DST,PIT,9.67,2.05,7,12,,pittsburgh-defense.php,,,70.5,,,,,,9.0,Pittsburgh Steelers,2026-08-07,PIT
/nfl/rankings/dynasty-dst.php,dynasty-dst,dp,New England Patriots,8180,DST,NE,10.67,1.25,9,12,,new-england-defense.php,,,79.7,,,,,,11.0,New England Patriots,2026-08-07,NEP
/nfl/rankings/dynasty-dst.php,dynasty-dst,dp,Kansas City Chiefs,8150,DST,KC,11.0,2.16,8,13,,kansas-city-defense.php,,,24.4,,,,,2.0,5.0,Kansas City Chiefs,2026-08-07,KCC
/nfl/rankings/dynasty-dst.php,dynasty-dst,dp,Detroit Lions,8100,DST,DET,12.0,2.94,9,16,,detroit-defense.php,,,55.3,,,,,3.0,6.0,Detroit Lions,2026-08-07,DET
/nfl/rankings/dynasty-dst.php,dynasty-dst,dp,Baltimore Ravens,8020,DST,BAL,13.0,2.16,10,15,,baltimore-defense.php,,,49.2,,,,,-4.0,13.0,Baltimore Ravens,2026-08-07,BAL
/nfl/rankings/dynasty-dst.php,dynasty-dst,dp,Jacksonville Jaguars,8140,DST,JAC,13.0,2.16,10,15,,jacksonville-defense.php,,,67.7,,,,,-2.0,7.0,Jacksonville Jaguars,2026-08-07,JAC
/nfl/rankings/dynasty-dst.php,dynasty-dst,dp,Cleveland Browns,8070,DST,CLE,14.0,2.94,11,18,,cleveland-defense.php,,,23.1,,,,,,11.0,Cleveland Browns,2026-08-07,CLE
/nfl/rankings/dynasty-dst.php,dynasty-dst,dp,Buffalo Bills,8030,DST,BUF,16.67,0.94,16,18,,buffalo-defense.php,,,30.2,,,,,,7.0,Buffalo Bills,2026-08-07,BUF
/nfl/rankings/dynasty-dst.php,dynasty-dst,dp,New Orleans Saints,8190,DST,NO,17.0,0.0,17,17,,new-orleans-defense.php,,,19.5,,,,,,8.0,New Orleans Saints,2026-08-07,NOS
/nfl/rankings/dynasty-dst.php,dynasty-dst,dp,San Francisco 49ers,8270,DST,SF,18.33,3.3,14,22,,san-francisco-defense.php,,,21.8,,,,,,8.0,San Francisco 49ers,2026-08-07,SFO
/nfl/rankings/dynasty-dst.php,dynasty-dst,dp,Indianapolis Colts,8130,DST,IND,20.0,4.08,15,25,,indianapolis-defense.php,,,19.3,,,,,,13.0,Indianapolis Colts,2026-08-07,IND
/nfl/rankings/dynasty-dst.php,dynasty-dst,dp,Carolina Panthers,8040,DST,CAR,21.0,2.16,19,24,,carolina-defense.php,,,4.8,,,,,5.0,5.0,Carolina Panthers,2026-08-07,CAR
/nfl/rankings/dynasty-dst.php,dynasty-dst,dp,Atlanta Falcons,8010,DST,ATL,21.33,2.05,19,24,,atlanta-defense.php,,,12.9,,,,,3.0,11.0,Atlanta Falcons,2026-08-07,ATL
/nfl/rankings/dynasty-dst.php,dynasty-dst,dp,Chicago Bears,8050,DST,CHI,22.0,3.74,18,27,,chicago-defense.php,,,13.5,,,,,,10.0,Chicago Bears,2026-08-07,CHI
/nfl/rankings/dynasty-dst.php,dynasty-dst,dp,New York Giants,8200,DST,NYG,22.33,1.7,20,24,,new-york-giants-defense.php,,,24.2,,,,,-6.0,8.0,New York Giants,2026-08-07,NYG
/nfl/rankings/dynasty-dst.php,dynasty-dst,dp,Tampa Bay Buccaneers,8290,DST,TB,24.0,3.56,21,29,,tampa-bay-defense.php,,,17.7,,,,,,10.0,Tampa Bay Buccaneers,2026-08-07,TBB
/nfl/rankings/dynasty-dst.php,dynasty-dst,dp,Tennessee Titans,8300,DST,TEN,24.67,2.05,22,27,,tennessee-defense.php,,,10.4,,,,,,9.0,Tennessee Titans,2026-08-07,TEN
/nfl/rankings/dynasty-dst.php,dynasty-dst,dp,Dallas Cowboys,8080,DST,DAL,24.67,1.25,23,26,,dallas-defense.php,,,18.9,,,,,-5.0,14.0,Dallas Cowboys,2026-08-07,DAL
/nfl/rankings/dynasty-dst.php,dynasty-dst,dp,Arizona Cardinals,8000,DST,ARI,27.33,1.89,26,30,,arizona-defense.php,,,4.9,,,,,,14.0,Arizona Cardinals,2026-08-07,ARI
/nfl/rankings/dynasty-dst.php,dynasty-dst,dp,Miami Dolphins,8160,DST,MIA,27.67,3.68,23,32,,miami-defense.php,,,9.5,,,,,,6.0,Miami Dolphins,2026-08-07,MIA
/nfl/rankings/dynasty-dst.php,dynasty-dst,dp,Washington Commanders,8310,DST,WAS,28.0,0.82,27,29,,washington-defense.php,,,10.9,,,,,,7.0,Washington Commanders,2026-08-07,WAS
/nfl/rankings/dynasty-dst.php,dynasty-dst,dp,Las Vegas Raiders,8220,DST,LV,30.0,1.41,28,31,,las-vegas-defense.php,,,8.1,,,,,,13.0,Las Vegas Raiders,2026-08-07,LVR
/nfl/rankings/dynasty-dst.php,dynasty-dst,dp,Cincinnati Bengals,8060,DST,CIN,30.0,0.82,29,31,,cincinnati-defense.php,,,3.7,,,,,,6.0,Cincinnati Bengals,2026-08-07,CIN
/nfl/rankings/dynasty-dst.php,dynasty-dst,dp,New York Jets,8210,DST,NYJ,31.33,0.94,30,32,,new-york-jets-defense.php,,,8.4,,,,,,13.0,New York Jets,2026-08-07,NYJ
/nfl/rankings/dynasty-idp.php,dynasty-idp,do,Aidan Hutchinson,22738,DL,DET,1.0,0.0,1,1,,aidan-hutchinson.php,,,76.7,,,,,,6.0,Aidan Hutchinson,2026-08-07,DET
/nfl/rankings/dynasty-idp.php,dynasty-idp,do,Will Anderson Jr.,24717,DL,HOU,2.0,0.0,2,2,,will-anderson.php,,,73.6,,,,,,8.0,Will Anderson,2026-08-07,HOU
/nfl/rankings/dynasty-idp.php,dynasty-idp,do,Jack Campbell,25435,LB,DET,3.0,0.0,3,3,,jack-campbell.php,,,88.0,,,,,,6.0,Jack Campbell,2026-08-07,DET
/nfl/rankings/dynasty-idp.php,dynasty-idp,do,Roquan Smith,17311,LB,BAL,4.0,0.0,4,4,,roquan-smith.php,,,73.3,,,,,,13.0,Roquan Smith,2026-08-07,BAL
/nfl/rankings/dynasty-idp.php,dynasty-idp,do,Fred Warner,17526,LB,SF,5.0,0.0,5,5,,fred-warner.php,,,79.4,,,,,,8.0,Fred Warner,2026-08-07,SFO
/nfl/rankings/dynasty-idp.php,dynasty-idp,do,Nick Bolton,22689,LB,KC,6.0,0.0,6,6,,nick-bolton.php,,,71.5,,,,,,5.0,Nick Bolton,2026-08-07,KCC
/nfl/rankings/dynasty-idp.php,dynasty-idp,do,Edgerrin Cooper,26137,LB,GB,7.0,0.0,7,7,,edgerrin-cooper.php,,,44.9,,,,,,11.0,Edgerrin Cooper,2026-08-07,GBP
/nfl/rankings/dynasty-idp.php,dynasty-idp,do,Jordyn Brooks,19292,LB,MIA,8.0,0.0,8,8,,jordyn-brooks.php,,,80.8,,,,,,6.0,Jordyn Brooks,2026-08-07,MIA
/nfl/rankings/dynasty-idp.php,dynasty-idp,do,Foyesade Oluokun,17607,LB,JAC,9.0,0.0,9,9,,foyesade-oluokun.php,,,73.6,,,,,,7.0,Foyesade Oluokun,2026-08-07,JAC
/nfl/rankings/dynasty-idp.php,dynasty-idp,do,Nick Bosa,18199,DL,SF,10.0,0.0,10,10,,nick-bosa.php,,,69.6,,,,,,8.0,Nick Bosa,2026-08-07,SFO
/nfl/rankings/dynasty-idp.php,dynasty-idp,do,Zack Baun,19238,LB,PHI,11.0,0.0,11,11,,zack-baun.php,,,63.3,,,,,,10.0,Zack Baun,2026-08-07,PHI
/nfl/rankings/dynasty-idp.php,dynasty-idp,do,Carson Schwesinger,27236,LB,CLE,12.0,0.0,12,12,,carson-schwesinger.php,,,78.9,,,,,,11.0,Carson Schwesinger,2026-08-07,CLE
/nfl/rankings/dynasty-idp.php,dynasty-idp,do,T.J. Edwards,18281,LB,CHI,13.0,0.0,13,13,,tj-edwards.php,,,28.6,,,,,,10.0,TJ Edwards,2026-08-07,CHI
/nfl/rankings/dynasty-idp.php,dynasty-idp,do,Zaire Franklin,17563,LB,GB,14.0,0.0,14,14,,zaire-franklin.php,,,45.0,,,,,,11.0,Zaire Franklin,2026-08-07,GBP
/nfl/rankings/dynasty-idp.php,dynasty-idp,do,Quincy Williams,18679,LB,CLE,15.0,0.0,15,15,,quincy-williams.php,,,25.1,,,,,,11.0,Quincy Williams,2026-08-07,CLE
/nfl/rankings/dynasty-idp.php,dynasty-idp,do,Kyle Hamilton,23494,DB,BAL,16.0,0.0,16,16,,kyle-hamilton.php,,,78.7,,,,,,13.0,Kyle Hamilton,2026-08-07,BAL
/nfl/rankings/dynasty-idp.php,dynasty-idp,do,Nakobe Dean,23702,LB,LV,17.0,0.0,17,17,,nakobe-dean.php,,,62.1,,,,,,13.0,Nakobe Dean,2026-08-07,LVR
/nfl/rankings/dynasty-idp.php,dynasty-idp,do,Blake Cashman,18421,LB,MIN,18.0,0.0,18,18,,blake-cashman.php,,,54.2,,,,,,6.0,Blake Cashman,2026-08-07,MIN
/nfl/rankings/dynasty-idp.php,dynasty-idp,do,Jamien Sherwood,23194,LB,NYJ,19.0,0.0,19,19,,jamien-sherwood.php,,,56.0,,,,,,13.0,Jamien Sherwood,2026-08-07,NYJ
/nfl/rankings/dynasty-idp.php,dynasty-idp,do,Dre Greenlaw,18310,LB,SF,20.0,0.0,20,20,,dre-greenlaw.php,,,12.8,,,,,,8.0,Dre Greenlaw,2026-08-07,SFO
/nfl/rankings/dynasty-idp.php,dynasty-idp,do,Myles Garrett,16370,DL,LAR,21.0,0.0,21,21,,myles-garrett.php,,,88.0,,,,,,11.0,Myles Garrett,2026-08-07,LAR
/nfl/rankings/dynasty-idp.php,dynasty-idp,do,Maxx Crosby,18702,DL,LV,22.0,0.0,22,22,,maxx-crosby.php,,,81.1,,,,,,13.0,Maxx Crosby,2026-08-07,LVR
/nfl/rankings/dynasty-idp.php,dynasty-idp,do,Brian Branch,25235,DB,DET,23.0,0.0,23,23,,brian-branch.php,,,50.4,,,,,,6.0,Brian Branch,2026-08-07,DET
/nfl/rankings/dynasty-idp.php,dynasty-idp,do,Laiatu Latu,26096,DL,IND,24.0,0.0,24,24,,laiatu-latu.php,,,20.7,,,,,,13.0,Laiatu Latu,2026-08-07,IND
/nfl/rankings/dynasty-idp.php,dynasty-idp,do,Tremaine Edmunds,17342,LB,NYG,25.0,0.0,25,25,,tremaine-edmunds.php,,,32.7,,,,,,8.0,Tremaine Edmunds,2026-08-07,NYG
/nfl/rankings/dynasty-idp.php,dynasty-idp,do,Payton Wilson,26183,LB,PIT,26.0,0.0,26,26,,payton-wilson.php,,,18.8,,,,,,9.0,Payton Wilson,2026-08-07,PIT
/nfl/rankings/dynasty-idp.php,dynasty-idp,do,Quay Walker,23729,LB,LV,27.0,0.0,27,27,,quay-walker.php,,,55.6,,,,,,13.0,Quay Walker,2026-08-07,LVR
/nfl/rankings/dynasty-idp.php,dynasty-idp,do,Ernest Jones IV,23245,LB,SEA,28.0,0.0,28,28,,ernest-jones.php,,,52.3,,,,,,11.0,Ernest Jones,2026-08-07,SEA
/nfl/rankings/dynasty-idp.php,dynasty-idp,do,Nate Landman,24674,LB,LAR,29.0,0.0,29,29,,nathan-landman.php,,,44.6,,,,,,11.0,Nate Landman,2026-08-07,LAR
/nfl/rankings/dynasty-idp.php,dynasty-idp,do,Nick Emmanwori,27053,DB,SEA,30.0,0.0,30,30,,nick-emmanwori.php,,,54.0,,,,,,11.0,Nick Emmanwori,2026-08-07,SEA
/nfl/rankings/dynasty-idp.php,dynasty-idp,do,Daiyan Henley,25436,LB,LAC,31.0,0.0,31,31,,daiyanhenley.php,,,43.1,,,,,,7.0,Daiyan Henley,2026-08-07,LAC
/nfl/rankings/dynasty-idp.php,dynasty-idp,do,Cedric Gray,26168,LB,TEN,32.0,0.0,32,32,,cedric-gray.php,,,54.6,,,,,,9.0,Cedric Gray,2026-08-07,TEN
/nfl/rankings/dynasty-idp.php,dynasty-idp,do,Azeez Al-Shaair,18361,LB,HOU,33.0,0.0,33,33,,azeez-al-shaair.php,,,23.8,,,,,,8.0,Azeez Al-Shaair,2026-08-07,HOU
/nfl/rankings/dynasty-idp.php,dynasty-idp,do,Derwin James Jr.,17310,DB,LAC,34.0,0.0,34,34,,derwin-james.php,,,63.9,,,,,,7.0,Derwin James,2026-08-07,LAC
/nfl/rankings/dynasty-idp.php,dynasty-idp,do,Jalen Carter,24703,DL,PHI,35.0,0.0,35,35,,jalen-carter.php,,,33.4,,,,,,10.0,Jalen Carter,2026-08-07,PHI
/nfl/rankings/dynasty-idp.php,dynasty-idp,do,DeMarvion Overshown,25314,LB,DAL,36.0,0.0,36,36,,demarvion-overshown.php,,,22.5,,,,,,14.0,DeMarvion Overshown,2026-08-07,DAL
/nfl/rankings/dynasty-idp.php,dynasty-idp,do,Jeffery Simmons,18207,DL,TEN,37.0,0.0,37,37,,jeffery-simmons.php,,,66.3,,,,,,9.0,Jeffery Simmons,2026-08-07,TEN
/nfl/rankings/dynasty-idp.php,dynasty-idp,do,Greg Rousseau,19787,DL,BUF,38.0,0.0,38,38,,gregory-rousseau.php,,,23.2,,,,,,7.0,Gregory Rousseau,2026-08-07,BUF
/nfl/rankings/dynasty-idp.php,dynasty-idp,do,Robert Spillane,18103,LB,NE,39.0,0.0,39,39,,robert-spillane.php,,,44.4,,,,,,11.0,Robert Spillane,2026-08-07,NEP
/nfl/rankings/dynasty-idp.php,dynasty-idp,do,Dexter Lawrence II,18211,DL,CIN,40.0,0.0,40,40,,dexter-lawrence.php,,,22.4,,,,,,6.0,Dexter Lawrence,2026-08-07,CIN
/nfl/rankings/dynasty-idp.php,dynasty-idp,do,Quinnen Williams,18200,DL,DAL,41.0,0.0,41,41,,quinnen-williams.php,,,27.5,,,,,,14.0,Quinnen Williams,2026-08-07,DAL
/nfl/rankings/dynasty-idp.php,dynasty-idp,do,Budda Baker,16733,DB,ARI,42.0,0.0,42,42,,budda-baker.php,,,56.7,,,,,,14.0,Budda Baker,2026-08-07,ARI
/nfl/rankings/dynasty-idp.php,dynasty-idp,do,Alex Singleton,14399,LB,DEN,43.0,0.0,43,43,,alex-singleton.php,,,41.8,,,,,,10.0,Alex Singleton,2026-08-07,DEN
/nfl/rankings/dynasty-idp.php,dynasty-idp,do,George Karlaftis III,23501,DL,KC,44.0,0.0,44,44,,george-karlaftis-iii.php,,,17.1,,,,,,5.0,George Karlaftis,2026-08-07,KCC
/nfl/rankings/dynasty-idp.php,dynasty-idp,do,Byron Murphy II,26221,DL,SEA,45.0,0.0,45,45,,byron-murphy-ii.php,,,12.8,,,,,,11.0,Byron Murphy,2026-08-07,SEA
/nfl/rankings/dynasty-idp.php,dynasty-idp,do,Antoine Winfield Jr.,19266,DB,TB,46.0,0.0,46,46,,antoine-winfield-s.php,,,33.4,,,,,,10.0,Antoine Winfield,2026-08-07,TBB
/nfl/rankings/dynasty-idp.php,dynasty-idp,do,Devin Lloyd,23710,LB,CAR,47.0,0.0,47,47,,devin-lloyd.php,,,44.5,,,,,,5.0,Devin Lloyd,2026-08-07,CAR
/nfl/rankings/dynasty-idp.php,dynasty-idp,do,Zach Allen,18221,DL,DEN,48.0,0.0,48,48,,zach-allen.php,,,20.2,,,,,,10.0,Zach Allen,2026-08-07,DEN
/nfl/rankings/dynasty-idp.php,dynasty-idp,do,Tykee Smith,23751,DB,TB,49.0,0.0,49,49,,tykee-smith.php,,,48.0,,,,,,10.0,Tykee Smith,2026-08-07,TBB
/nfl/rankings/dynasty-idp.php,dynasty-idp,do,Terrel Bernard,23772,LB,BUF,50.0,0.0,50,50,,terrel-bernard.php,,,36.1,,,,,,7.0,Terrel Bernard,2026-08-07,BUF
/nfl/rankings/dynasty-idp.php,dynasty-idp,do,Jihaad Campbell,27051,LB,PHI,51.0,0.0,51,51,,jihaad-campbell.php,,,24.3,,,,,,10.0,Jihaad Campbell,2026-08-07,PHI
/nfl/rankings/dynasty-idp.php,dynasty-idp,do,Xavier McKinney,19216,DB,GB,52.0,0.0,52,52,,xavier-mckinney.php,,,39.7,,,,,,11.0,Xavier McKinney,2026-08-07,GBP
/nfl/rankings/dynasty-idp.php,dynasty-idp,do,Tyler Nubin,26117,DB,NYG,53.0,0.0,53,53,,tyler-nubin.php,,,13.1,,,,,,8.0,Tyler Nubin,2026-08-07,NYG
/nfl/rankings/dynasty-idp.php,dynasty-idp,do,Micah Parsons,19784,LB,GB,54.0,0.0,54,54,,micah-parsons.php,,,54.8,,,,,,11.0,Micah Parsons,2026-08-07,GBP
/nfl/rankings/dynasty-idp.php,dynasty-idp,do,Demetrius Knight Jr.,27299,LB,CIN,55.0,0.0,55,55,,demetrius-knight-jr.php,,,24.5,,,,,,6.0,Demetrius Knight,2026-08-07,CIN
/nfl/rankings/dynasty-idp.php,dynasty-idp,do,DeForest Buckner,15494,DL,IND,56.0,0.0,56,56,,deforest-buckner.php,,,34.2,,,,,,13.0,DeForest Buckner,2026-08-07,IND
/nfl/rankings/dynasty-idp.php,dynasty-idp,do,Barrett Carter,26108,LB,CIN,57.0,0.0,57,57,,barrett-carter.php,,,19.3,,,,,,6.0,Barrett Carter,2026-08-07,CIN
/nfl/rankings/dynasty-idp.php,dynasty-idp,do,Jessie Bates III,17544,DB,ATL,58.0,0.0,58,58,,jessie-bates-iii.php,,,30.5,,,,,,11.0,Jessie Bates,2026-08-07,ATL
/nfl/rankings/dynasty-idp.php,dynasty-idp,do,Brian Burns,18223,DL,NYG,59.0,0.0,59,59,,brian-burns.php,,,70.7,,,,,,8.0,Brian Burns,2026-08-07,NYG
/nfl/rankings/dynasty-idp.php,dynasty-idp,do,Nik Bonitto,23763,DL,DEN,60.0,0.0,60,60,,nik-bonitto.php,,,53.4,,,,,,10.0,Nik Bonitto,2026-08-07,DEN
/nfl/rankings/dynasty-idp.php,dynasty-idp,do,Calijah Kancey,23865,DL,TB,61.0,0.0,61,61,,calijah-kancey.php,,,19.5,,,,,,10.0,Calijah Kancey,2026-08-07,TBB
/nfl/rankings/dynasty-idp.php,dynasty-idp,do,Brandon Jones,19248,DB,DEN,62.0,0.0,62,62,,brandon-jones-s.php,,,15.9,,,,,,10.0,Brandon Jones,2026-08-07,DEN
/nfl/rankings/dynasty-idp.php,dynasty-idp,do,Sonny Styles,27216,LB,WAS,63.0,0.0,63,63,,sonny-styles.php,,,59.6,,,,,,7.0,Sonny Styles,2026-08-07,WAS
/nfl/rankings/dynasty-idp.php,dynasty-idp,do,Kobie Turner,25283,DL,LAR,64.0,0.0,64,64,,kobie-turner.php,,,17.1,,,,,,11.0,Kobie Turner,2026-08-07,LAR
/nfl/rankings/dynasty-idp.php,dynasty-idp,do,CJ Allen,27970,LB,IND,65.0,0.0,65,65,,cj-allen.php,,,32.3,,,,,,13.0,CJ Allen,2026-08-07,IND
/nfl/rankings/dynasty-idp.php,dynasty-idp,do,Trey Hendrickson,16719,DL,BAL,66.0,0.0,66,66,,trey-hendrickson.php,,,45.8,,,,,,13.0,Trey Hendrickson,2026-08-07,BAL
/nfl/rankings/dynasty-idp.php,dynasty-idp,do,Jared Verse,25234,DL,CLE,67.0,0.0,67,67,,jared-verse.php,,,49.7,,,,,,11.0,Jared Verse,2026-08-07,CLE
/nfl/rankings/dynasty-idp.php,dynasty-idp,do,Arvell Reese,28053,LB,NYG,68.0,0.0,68,68,,arvell-reese.php,,,43.9,,,,,,8.0,Arvell Reese,2026-08-07,NYG
/nfl/rankings/dynasty-idp.php,dynasty-idp,do,Abdul Carter,27022,DL,NYG,69.0,0.0,69,69,,abdul-carter.php,,,34.0,,,,,,8.0,Abdul Carter,2026-08-07,NYG
/nfl/rankings/dynasty-idp.php,dynasty-idp,do,Byron Young,25449,DL,LAR,70.0,0.0,70,70,,byron-young-edge.php,,,45.4,,,,,,11.0,Byron Young,2026-08-07,LAR
/nfl/rankings/dynasty-idp.php,dynasty-idp,do,T.J. Watt,16469,LB,PIT,71.0,0.0,71,71,,tj-watt.php,,,68.9,,,,,,9.0,TJ Watt,2026-08-07,PIT
/nfl/rankings/dynasty-idp.php,dynasty-idp,do,Jacob Rodriguez,28195,LB,MIA,72.0,0.0,72,72,,jacob-rodriguez.php,,,13.5,,,,,,6.0,Jacob Rodriguez,2026-08-07,MIA
/nfl/rankings/dynasty-idp.php,dynasty-idp,do,Divine Deablo,23208,LB,ATL,73.0,0.0,73,73,,divine-deablo.php,,,33.1,,,,,,11.0,Divine Deablo,2026-08-07,ATL
/nfl/rankings/dynasty-idp.php,dynasty-idp,do,Xavier Watts,27067,DB,ATL,74.0,0.0,74,74,,xavier-watts.php,,,28.6,,,,,,11.0,Xavier Watts,2026-08-07,ATL
/nfl/rankings/dynasty-idp.php,dynasty-idp,do,Talanoa Hufanga,22817,DB,DEN,75.0,0.0,75,75,,talanoa-hufanga.php,,,41.2,,,,,,10.0,Talanoa Hufanga,2026-08-07,DEN
/nfl/rankings/dynasty-idp.php,dynasty-idp,do,Devin Bush Jr.,18237,LB,CHI,76.0,0.0,76,76,,devin-bush.php,,,40.4,,,,,,10.0,Devin Bush,2026-08-07,CHI
/nfl/rankings/dynasty-idp.php,dynasty-idp,do,Patrick Queen,19421,LB,PIT,77.0,0.0,77,77,,patrick-queen.php,,,37.0,,,,,,9.0,Patrick Queen,2026-08-07,PIT
/nfl/rankings/dynasty-idp.php,dynasty-idp,do,Kevin Winston Jr.,27035,DB,TEN,78.0,0.0,78,78,,kevin-winston-jr.php,,,12.0,,,,,,9.0,Kevin Winston,2026-08-07,TEN
/nfl/rankings/dynasty-idp.php,dynasty-idp,do,Frankie Luvu,17963,LB,WAS,79.0,0.0,79,79,,frankie-luvu.php,,,20.3,,,,,,7.0,Frankie Luvu,2026-08-07,WAS
/nfl/rankings/dynasty-idp.php,dynasty-idp,do,Joshua Metellus,19580,DB,MIN,80.0,0.0,80,80,,josh-metellus.php,,,23.8,,,,,,6.0,Joshua Metellus,2026-08-07,MIN
/nfl/rankings/dynasty-idp.php,dynasty-idp,do,Jalon Walker,27027,LB,ATL,81.0,0.0,81,81,,jalon-walker.php,,,11.6,,,,,,11.0,Jalon Walker,2026-08-07,ATL
/nfl/rankings/dynasty-idp.php,dynasty-idp,do,Alex Highsmith,19316,LB,PIT,82.0,0.0,82,82,,alex-highsmith.php,,,38.8,,,,,,9.0,Alex Highsmith,2026-08-07,PIT
/nfl/rankings/dynasty-idp.php,dynasty-idp,do,Josiah Trotter,28077,LB,TB,83.0,0.0,83,83,,josiah-trotter.php,,,24.5,,,,,,10.0,Josiah Trotter,2026-08-07,TBB
/nfl/rankings/dynasty-idp.php,dynasty-idp,do,Montez Sweat,18213,DL,CHI,84.0,0.0,84,84,,montez-sweat.php,,,24.0,,,,,,10.0,Montez Sweat,2026-08-07,CHI
/nfl/rankings/dynasty-idp.php,dynasty-idp,do,Kaleb Elarms-Orr,28440,LB,BUF,85.0,0.0,85,85,,kaleb-elarmsorr.php,,,6.6,,,,,,7.0,Kaleb Elarms-Orr,2026-08-07,BUF
/nfl/rankings/dynasty-idp.php,dynasty-idp,do,Nick Cross,24198,DB,WAS,86.0,0.0,86,86,,nick-cross.php,,,54.7,,,,,,7.0,Nick Cross,2026-08-07,WAS
/nfl/rankings/dynasty-idp.php,dynasty-idp,do,Josh Hines-Allen,18201,DL,JAC,87.0,0.0,87,87,,josh-allen-olb.php,,,39.6,,,,,,7.0,Josh Hines-Allen,2026-08-07,JAC
/nfl/rankings/dynasty-idp.php,dynasty-idp,do,Tyrel Dodson,18584,LB,MIA,88.0,0.0,88,88,,tyrel-dodson.php,,,31.1,,,,,,6.0,Tyrel Dodson,2026-08-07,MIA
/nfl/rankings/dynasty-idp.php,dynasty-idp,do,Will McDonald IV,25254,DL,NYJ,89.0,0.0,89,89,,will-mcdonald-iv.php,,,13.0,,,,,,13.0,Will McDonald,2026-08-07,NYJ
/nfl/rankings/dynasty-idp.php,dynasty-idp,do,Jaquan Brisker,23719,DB,PIT,90.0,0.0,90,90,,jaquan-brisker.php,,,27.0,,,,,,9.0,Jaquan Brisker,2026-08-07,PIT
/nfl/rankings/dynasty-idp.php,dynasty-idp,do,Jermaine Johnson II,23733,DL,TEN,91.0,0.0,91,91,,jermaine-johnson.php,,,5.4,,,,,,9.0,Jermaine Johnson,2026-08-07,TEN
/nfl/rankings/dynasty-idp.php,dynasty-idp,do,Anthony Hill Jr.,27954,LB,TEN,92.0,0.0,92,92,,anthony-hill-jr.php,,,26.8,,,,,,9.0,Anthony Hill,2026-08-07,TEN
/nfl/rankings/dynasty-idp.php,dynasty-idp,do,Kam Curl,19459,DB,LAR,93.0,0.0,93,93,,kamren-curl.php,,,54.2,,,,,,11.0,Kam Curl,2026-08-07,LAR
/nfl/rankings/dynasty-idp.php,dynasty-idp,do,Danielle Hunter,14036,DL,HOU,94.0,0.0,94,94,,danielle-hunter.php,,,53.4,,,,,,8.0,Danielle Hunter,2026-08-07,HOU
/nfl/rankings/dynasty-idp.php,dynasty-idp,do,Malaki Starks,27017,DB,BAL,95.0,0.0,95,95,,malaki-starks.php,,,36.1,,,,,,13.0,Malaki Starks,2026-08-07,BAL
/nfl/rankings/dynasty-idp.php,dynasty-idp,do,Kaden Elliss,18716,LB,NO,96.0,0.0,96,96,,kaden-elliss.php,,,23.9,,,,,,8.0,Kaden Elliss,2026-08-07,NOS
/nfl/rankings/dynasty-idp.php,dynasty-idp,do,Jordan Battle,23471,DB,CIN,97.0,0.0,97,97,,jordan-battle.php,,,30.5,,,,,,6.0,Jordan Battle,2026-08-07,CIN
/nfl/rankings/dynasty-idp.php,dynasty-idp,do,Jake Golday,28181,LB,MIN,98.0,0.0,98,98,,jake-golday.php,,,11.4,,,,,,6.0,Jake Golday,2026-08-07,MIN
/nfl/rankings/dynasty-idp.php,dynasty-idp,do,Chris Jones,15620,DL,KC,99.0,0.0,99,99,,chris-jones-dl.php,,,19.1,,,,,,5.0,Chris Jones,2026-08-07,KCC
/nfl/rankings/dynasty-idp.php,dynasty-idp,do,Derrick Brown,19205,DL,CAR,100.0,0.0,100,100,,derrick-brown.php,,,29.0,,,,,,5.0,Derrick Brown,2026-08-07,CAR
/nfl/rankings/dynasty-k.php,dynasty-k,dp,Brandon Aubrey,26068,K,DAL,1.4,0.49,1,2,,brandon-aubrey.php,,,98.5,,,,,,14.0,Brandon Aubrey,2026-08-07,DAL
/nfl/rankings/dynasty-k.php,dynasty-k,dp,Cam Little,26475,K,JAC,2.8,1.72,1,6,,cam-little.php,,,87.6,,,,,,7.0,Cam Little,2026-08-07,JAC
/nfl/rankings/dynasty-k.php,dynasty-k,dp,Cameron Dicker,23901,K,LAC,3.8,0.4,3,4,,cameron-dicker.php,,,95.5,,,,,,7.0,Cameron Dicker,2026-08-07,LAC
/nfl/rankings/dynasty-k.php,dynasty-k,dp,Ka'imi Fairbairn,15756,K,HOU,4.8,2.99,1,9,,kaimi-fairbairn.php,,,89.6,,,,,1.0,8.0,Kaimi Fairbairn,2026-08-07,HOU
/nfl/rankings/dynasty-k.php,dynasty-k,dp,Jason Myers,14003,K,SEA,5.4,3.01,3,11,,jason-myers.php,,,92.3,,,,,-1.0,11.0,Jason Myers,2026-08-07,SEA
/nfl/rankings/dynasty-k.php,dynasty-k,dp,Tyler Loop,27534,K,BAL,7.2,2.64,5,12,,tyler-loop.php,,,55.6,,,,,,13.0,Tyler Loop,2026-08-07,BAL
/nfl/rankings/dynasty-k.php,dynasty-k,dp,Chris Boswell,13029,K,PIT,8.8,3.49,5,13,,chris-boswell.php,,,37.3,,,,,,9.0,Chris Boswell,2026-08-07,PIT
/nfl/rankings/dynasty-k.php,dynasty-k,dp,Will Reichard,26341,K,MIN,9.4,6.12,3,21,,will-reichard.php,,,28.0,,,,,-2.0,6.0,Will Reichard,2026-08-07,MIN
/nfl/rankings/dynasty-k.php,dynasty-k,dp,Jake Bates,26075,K,DET,10.0,2.19,8,14,,jake-bates.php,,,61.7,,,,,,6.0,Jake Bates,2026-08-07,DET
/nfl/rankings/dynasty-k.php,dynasty-k,dp,Evan McPherson,23297,K,CIN,10.6,2.87,6,14,,evan-mcpherson.php,,,39.3,,,,,,6.0,Evan McPherson,2026-08-07,CIN
/nfl/rankings/dynasty-k.php,dynasty-k,dp,Chase McLaughlin,19058,K,TB,8.75,2.59,5,12,,chase-mclaughlin.php,,,22.8,,,,,,10.0,Chase McLaughlin,2026-08-07,TBB
/nfl/rankings/dynasty-k.php,dynasty-k,dp,Wil Lutz,16026,K,DEN,12.6,2.5,10,16,,wil-lutz.php,,,7.1,,,,,,10.0,Wil Lutz,2026-08-07,DEN
/nfl/rankings/dynasty-k.php,dynasty-k,dp,Harrison Butker,16712,K,KC,13.8,4.45,7,19,,harrison-butker.php,,,39.1,,,,,,5.0,Harrison Butker,2026-08-07,KCC
/nfl/rankings/dynasty-k.php,dynasty-k,dp,Andy Borregales,27291,K,NE,13.25,4.15,9,20,,andres-borregales.php,,,28.9,,,,,,11.0,Andy Borregales,2026-08-07,NEP
/nfl/rankings/dynasty-k.php,dynasty-k,dp,Eddy Pineiro,17575,K,SF,14.25,2.05,11,16,,eddy-pineiro.php,,,59.4,,,,,,8.0,Eddy Pineiro,2026-08-07,SFO
/nfl/rankings/dynasty-k.php,dynasty-k,dp,Harrison Mevis,26638,K,LAR,12.0,2.16,9,14,,harrison-mevis.php,,,53.1,,,,,,11.0,Harrison Mevis,2026-08-07,LAR
/nfl/rankings/dynasty-k.php,dynasty-k,dp,Cairo Santos,13731,K,CHI,17.25,3.34,12,21,,cairo-santos.php,,,25.5,,,,,,10.0,Cairo Santos,2026-08-07,CHI
/nfl/rankings/dynasty-k.php,dynasty-k,dp,Trey Smack,28507,K,GB,15.0,5.72,8,22,,trey-smack.php,,,6.4,,,,,,11.0,Trey Smack,2026-08-07,GBP
/nfl/rankings/dynasty-k.php,dynasty-k,dp,Jake Moody,24009,K,WAS,16.67,1.25,15,18,,jake-moody.php,,,2.4,,,,,,7.0,Jake Moody,2026-08-07,WAS
/nfl/rankings/dynasty-k.php,dynasty-k,dp,Jake Elliott,16540,K,PHI,18.33,0.47,18,19,,jake-elliott.php,,,10.3,,,,,,10.0,Jake Elliott,2026-08-07,PHI
/nfl/rankings/dynasty-k.php,dynasty-k,dp,Jason Sanders,17533,K,NYJ,19.67,2.49,17,23,,jason-sanders.php,,,1.5,,,,,5.0,13.0,Jason Sanders,2026-08-07,NYJ
/nfl/rankings/dynasty-k.php,dynasty-k,dp,Spencer Shrader,26763,K,IND,17.5,2.5,15,20,,spencer-shrader.php,,,1.2,,,,,,13.0,Spencer Shrader,2026-08-07,IND
/nfl/rankings/dynasty-k.php,dynasty-k,dp,Daniel Carlson,17420,K,LV,22.0,5.89,16,30,,daniel-carlson.php,,,0.7,,,,,,13.0,Daniel Carlson,2026-08-07,LVR
/nfl/rankings/dynasty-k.php,dynasty-k,dp,Ben Sauls,27798,K,NYG,12.0,0.0,12,12,,ben-sauls.php,,,1.3,,,,,,8.0,Ben Sauls,2026-08-07,NYG
/nfl/rankings/dynasty-k.php,dynasty-k,dp,Tyler Bass,19760,K,BUF,21.0,4.32,15,25,,tyler-bass.php,,,10.3,,,,,,7.0,Tyler Bass,2026-08-07,BUF
/nfl/rankings/dynasty-k.php,dynasty-k,dp,Joshua Karty,26478,K,FA,17.0,0.0,17,17,,joshua-karty.php,,,1.0,,,,,,,Joshua Karty,2026-08-07,FA
/nfl/rankings/dynasty-k.php,dynasty-k,dp,Blake Grupe,25533,K,IND,22.5,1.5,21,24,,blake-grupe.php,,,1.6,,,,,,13.0,Blake Grupe,2026-08-07,IND
/nfl/rankings/dynasty-k.php,dynasty-k,dp,Chad Ryland,25354,K,ARI,23.0,3.0,20,26,,chad-ryland.php,,,2.6,,,,,3.0,14.0,Chad Ryland,2026-08-07,ARI
/nfl/rankings/dynasty-k.php,dynasty-k,dp,Ryan Fitzgerald,27261,K,CAR,25.0,3.0,22,28,,ryan-fitzgerald.php,,,1.6,,,,,4.0,5.0,Ryan Fitzgerald,2026-08-07,CAR
/nfl/rankings/dynasty-k.php,dynasty-k,dp,Matt Gay,18545,K,LV,27.0,5.0,22,32,,matt-gay.php,,,2.8,,,,,,13.0,Matt Gay,2026-08-07,LVR
/nfl/rankings/dynasty-k.php,dynasty-k,dp,Brandon McManus,13274,K,FA,26.0,3.0,23,29,,brandon-mcmanus.php,,,0.7,,,,,,,Brandon McManus,2026-08-07,FA
/nfl/rankings/dynasty-k.php,dynasty-k,dp,Riley Patterson,23370,K,MIA,24.0,0.0,24,24,,riley-patterson.php,,,6.8,,,,,,6.0,Riley Patterson,2026-08-07,MIA
/nfl/rankings/dynasty-k.php,dynasty-k,dp,Charlie Smyth,26444,K,NO,27.0,0.0,27,27,,charlie-smyth.php,,,2.8,,,,,,8.0,Charlie Smyth,2026-08-07,NOS
/nfl/rankings/dynasty-k.php,dynasty-k,dp,Joey Slye,19028,K,TEN,31.0,0.0,31,31,,joey-slye.php,,,1.3,,,,,,9.0,Joey Slye,2026-08-07,TEN
/nfl/rankings/dynasty-k.php,dynasty-k,dp,Dustin Hopkins,11818,K,FA,33.0,0.0,33,33,,dustin-hopkins.php,,,0.6,,,,,,,Dustin Hopkins,2026-08-07,FA
/nfl/rankings/dynasty-k.php,dynasty-k,dp,Younghoe Koo,16910,K,FA,34.0,0.0,34,34,,younghoe-koo.php,,,0.7,,,,,,,Younghoe Koo,2026-08-07,FA
/nfl/rankings/dynasty-lb.php,dynasty-lb,dp,Jack Campbell,25435,LB,DET,1.0,0.0,1,1,,jack-campbell.php,,,88.0,,,,,,6.0,Jack Campbell,2026-08-07,DET
/nfl/rankings/dynasty-lb.php,dynasty-lb,dp,Roquan Smith,17311,LB,BAL,2.0,0.0,2,2,,roquan-smith.php,,,73.3,,,,,1.0,13.0,Roquan Smith,2026-08-07,BAL
/nfl/rankings/dynasty-lb.php,dynasty-lb,dp,Fred Warner,17526,LB,SF,3.0,0.0,3,3,,fred-warner.php,,,79.4,,,,,1.0,8.0,Fred Warner,2026-08-07,SFO
/nfl/rankings/dynasty-lb.php,dynasty-lb,dp,Nick Bolton,22689,LB,KC,4.0,0.0,4,4,,nick-bolton.php,,,71.5,,,,,3.0,5.0,Nick Bolton,2026-08-07,KCC
/nfl/rankings/dynasty-lb.php,dynasty-lb,dp,Edgerrin Cooper,26137,LB,GB,5.0,0.0,5,5,,edgerrin-cooper.php,,,44.9,,,,,,11.0,Edgerrin Cooper,2026-08-07,GBP
/nfl/rankings/dynasty-lb.php,dynasty-lb,dp,Jordyn Brooks,19292,LB,MIA,6.0,0.0,6,6,,jordyn-brooks.php,,,80.8,,,,,-1.0,6.0,Jordyn Brooks,2026-08-07,MIA
/nfl/rankings/dynasty-lb.php,dynasty-lb,dp,Foyesade Oluokun,17607,LB,JAC,7.0,0.0,7,7,,foyesade-oluokun.php,,,73.6,,,,,,7.0,Foyesade Oluokun,2026-08-07,JAC
/nfl/rankings/dynasty-lb.php,dynasty-lb,dp,Zack Baun,19238,LB,PHI,8.0,0.0,8,8,,zack-baun.php,,,63.3,,,,,2.0,10.0,Zack Baun,2026-08-07,PHI
/nfl/rankings/dynasty-lb.php,dynasty-lb,dp,Carson Schwesinger,27236,LB,CLE,9.0,0.0,9,9,,carson-schwesinger.php,,,78.9,,,,,-7.0,11.0,Carson Schwesinger,2026-08-07,CLE
/nfl/rankings/dynasty-lb.php,dynasty-lb,dp,T.J. Edwards,18281,LB,CHI,10.0,0.0,10,10,,tj-edwards.php,,,28.6,,,,,6.0,10.0,TJ Edwards,2026-08-07,CHI
/nfl/rankings/dynasty-lb.php,dynasty-lb,dp,Zaire Franklin,17563,LB,GB,11.0,0.0,11,11,,zaire-franklin.php,,,45.0,,,,,7.0,11.0,Zaire Franklin,2026-08-07,GBP
/nfl/rankings/dynasty-lb.php,dynasty-lb,dp,Quincy Williams,18679,LB,CLE,12.0,0.0,12,12,,quincy-williams.php,,,25.1,,,,,7.0,11.0,Quincy Williams,2026-08-07,CLE
/nfl/rankings/dynasty-lb.php,dynasty-lb,dp,Nakobe Dean,23702,LB,LV,13.0,0.0,13,13,,nakobe-dean.php,,,62.1,,,,,2.0,13.0,Nakobe Dean,2026-08-07,LVR
/nfl/rankings/dynasty-lb.php,dynasty-lb,dp,Blake Cashman,18421,LB,MIN,14.0,0.0,14,14,,blake-cashman.php,,,54.2,,,,,3.0,6.0,Blake Cashman,2026-08-07,MIN
/nfl/rankings/dynasty-lb.php,dynasty-lb,dp,Jamien Sherwood,23194,LB,NYJ,15.0,0.0,15,15,,jamien-sherwood.php,,,56.0,,,,,,13.0,Jamien Sherwood,2026-08-07,NYJ
/nfl/rankings/dynasty-lb.php,dynasty-lb,dp,Dre Greenlaw,18310,LB,SF,16.0,0.0,16,16,,dre-greenlaw.php,,,12.8,,,,,8.0,8.0,Dre Greenlaw,2026-08-07,SFO
/nfl/rankings/dynasty-lb.php,dynasty-lb,dp,Tremaine Edmunds,17342,LB,NYG,17.0,0.0,17,17,,tremaine-edmunds.php,,,32.7,,,,,3.0,8.0,Tremaine Edmunds,2026-08-07,NYG
/nfl/rankings/dynasty-lb.php,dynasty-lb,dp,Payton Wilson,26183,LB,PIT,18.0,0.0,18,18,,payton-wilson.php,,,18.8,,,,,5.0,9.0,Payton Wilson,2026-08-07,PIT
/nfl/rankings/dynasty-lb.php,dynasty-lb,dp,Quay Walker,23729,LB,LV,19.0,0.0,19,19,,quay-walker.php,,,55.6,,,,,-8.0,13.0,Quay Walker,2026-08-07,LVR
/nfl/rankings/dynasty-lb.php,dynasty-lb,dp,Ernest Jones IV,23245,LB,SEA,20.0,0.0,20,20,,ernest-jones.php,,,52.3,,,,,-11.0,11.0,Ernest Jones,2026-08-07,SEA
/nfl/rankings/dynasty-lb.php,dynasty-lb,dp,Nate Landman,24674,LB,LAR,21.0,0.0,21,21,,nathan-landman.php,,,44.6,,,,,-9.0,11.0,Nate Landman,2026-08-07,LAR
/nfl/rankings/dynasty-lb.php,dynasty-lb,dp,Daiyan Henley,25436,LB,LAC,22.0,0.0,22,22,,daiyanhenley.php,,,43.1,,,,,,7.0,Daiyan Henley,2026-08-07,LAC
/nfl/rankings/dynasty-lb.php,dynasty-lb,dp,Cedric Gray,26168,LB,TEN,23.0,0.0,23,23,,cedric-gray.php,,,54.6,,,,,-10.0,9.0,Cedric Gray,2026-08-07,TEN
/nfl/rankings/dynasty-lb.php,dynasty-lb,dp,Azeez Al-Shaair,18361,LB,HOU,24.0,0.0,24,24,,azeez-al-shaair.php,,,23.8,,,,,3.0,8.0,Azeez Al-Shaair,2026-08-07,HOU
/nfl/rankings/dynasty-lb.php,dynasty-lb,dp,DeMarvion Overshown,25314,LB,DAL,25.0,0.0,25,25,,demarvion-overshown.php,,,22.5,,,,,-3.0,14.0,DeMarvion Overshown,2026-08-07,DAL
/nfl/rankings/dynasty-lb.php,dynasty-lb,dp,Greg Rousseau,19787,DL,BUF,26.0,0.0,26,26,,gregory-rousseau.php,,,23.2,,,,,23.0,7.0,Gregory Rousseau,2026-08-07,BUF
/nfl/rankings/dynasty-lb.php,dynasty-lb,dp,Robert Spillane,18103,LB,NE,27.0,0.0,27,27,,robert-spillane.php,,,44.4,,,,,,11.0,Robert Spillane,2026-08-07,NEP
/nfl/rankings/dynasty-lb.php,dynasty-lb,dp,Alex Singleton,14399,LB,DEN,28.0,0.0,28,28,,alex-singleton.php,,,41.8,,,,,,10.0,Alex Singleton,2026-08-07,DEN
/nfl/rankings/dynasty-lb.php,dynasty-lb,dp,Devin Lloyd,23710,LB,CAR,29.0,0.0,29,29,,devin-lloyd.php,,,44.5,,,,,-3.0,5.0,Devin Lloyd,2026-08-07,CAR
/nfl/rankings/dynasty-lb.php,dynasty-lb,dp,Terrel Bernard,23772,LB,BUF,30.0,0.0,30,30,,terrel-bernard.php,,,36.1,,,,,,7.0,Terrel Bernard,2026-08-07,BUF
/nfl/rankings/dynasty-lb.php,dynasty-lb,dp,Jihaad Campbell,27051,LB,PHI,31.0,0.0,31,31,,jihaad-campbell.php,,,24.3,,,,,-6.0,10.0,Jihaad Campbell,2026-08-07,PHI
/nfl/rankings/dynasty-lb.php,dynasty-lb,dp,Micah Parsons,19784,LB,GB,32.0,0.0,32,32,,micah-parsons.php,,,54.8,,,,,,11.0,Micah Parsons,2026-08-07,GBP
/nfl/rankings/dynasty-lb.php,dynasty-lb,dp,Demetrius Knight Jr.,27299,LB,CIN,33.0,0.0,33,33,,demetrius-knight-jr.php,,,24.5,,,,,,6.0,Demetrius Knight,2026-08-07,CIN
/nfl/rankings/dynasty-lb.php,dynasty-lb,dp,Barrett Carter,26108,LB,CIN,34.0,0.0,34,34,,barrett-carter.php,,,19.3,,,,,,6.0,Barrett Carter,2026-08-07,CIN
/nfl/rankings/dynasty-lb.php,dynasty-lb,dp,Brian Burns,18223,DL,NYG,35.0,0.0,35,35,,brian-burns.php,,,70.7,,,,,,8.0,Brian Burns,2026-08-07,NYG
/nfl/rankings/dynasty-lb.php,dynasty-lb,dp,Nik Bonitto,23763,DL,DEN,36.0,0.0,36,36,,nik-bonitto.php,,,53.4,,,,,-4.0,10.0,Nik Bonitto,2026-08-07,DEN
/nfl/rankings/dynasty-lb.php,dynasty-lb,dp,Sonny Styles,27216,LB,WAS,37.0,0.0,37,37,,sonny-styles.php,,,59.6,,,,,,7.0,Sonny Styles,2026-08-07,WAS
/nfl/rankings/dynasty-lb.php,dynasty-lb,dp,CJ Allen,27970,LB,IND,38.0,0.0,38,38,,cj-allen.php,,,32.3,,,,,,13.0,CJ Allen,2026-08-07,IND
/nfl/rankings/dynasty-lb.php,dynasty-lb,dp,Trey Hendrickson,16719,DL,BAL,39.0,0.0,39,39,,trey-hendrickson.php,,,45.8,,,,,23.0,13.0,Trey Hendrickson,2026-08-07,BAL
/nfl/rankings/dynasty-lb.php,dynasty-lb,dp,Jared Verse,25234,DL,CLE,40.0,0.0,40,40,,jared-verse.php,,,49.7,,,,,,11.0,Jared Verse,2026-08-07,CLE
/nfl/rankings/dynasty-lb.php,dynasty-lb,dp,Arvell Reese,28053,LB,NYG,41.0,0.0,41,41,,arvell-reese.php,,,43.9,,,,,,8.0,Arvell Reese,2026-08-07,NYG
/nfl/rankings/dynasty-lb.php,dynasty-lb,dp,Abdul Carter,27022,DL,NYG,42.0,0.0,42,42,,abdul-carter.php,,,34.0,,,,,,8.0,Abdul Carter,2026-08-07,NYG
/nfl/rankings/dynasty-lb.php,dynasty-lb,dp,Byron Young,25449,DL,LAR,43.0,0.0,43,43,,byron-young-edge.php,,,45.4,,,,,,11.0,Byron Young,2026-08-07,LAR
/nfl/rankings/dynasty-lb.php,dynasty-lb,dp,T.J. Watt,16469,LB,PIT,44.0,0.0,44,44,,tj-watt.php,,,68.9,,,,,,9.0,TJ Watt,2026-08-07,PIT
/nfl/rankings/dynasty-lb.php,dynasty-lb,dp,Jacob Rodriguez,28195,LB,MIA,45.0,0.0,45,45,,jacob-rodriguez.php,,,13.5,,,,,,6.0,Jacob Rodriguez,2026-08-07,MIA
/nfl/rankings/dynasty-lb.php,dynasty-lb,dp,Divine Deablo,23208,LB,ATL,46.0,0.0,46,46,,divine-deablo.php,,,33.1,,,,,-9.0,11.0,Divine Deablo,2026-08-07,ATL
/nfl/rankings/dynasty-lb.php,dynasty-lb,dp,Devin Bush Jr.,18237,LB,CHI,47.0,0.0,47,47,,devin-bush.php,,,40.4,,,,,-13.0,10.0,Devin Bush,2026-08-07,CHI
/nfl/rankings/dynasty-lb.php,dynasty-lb,dp,Patrick Queen,19421,LB,PIT,48.0,0.0,48,48,,patrick-queen.php,,,37.0,,,,,,9.0,Patrick Queen,2026-08-07,PIT
/nfl/rankings/dynasty-lb.php,dynasty-lb,dp,Frankie Luvu,17963,LB,WAS,49.0,0.0,49,49,,frankie-luvu.php,,,20.3,,,,,8.0,7.0,Frankie Luvu,2026-08-07,WAS
/nfl/rankings/dynasty-lb.php,dynasty-lb,dp,Jalon Walker,27027,LB,ATL,50.0,0.0,50,50,,jalon-walker.php,,,11.6,,,,,,11.0,Jalon Walker,2026-08-07,ATL
/nfl/rankings/dynasty-lb.php,dynasty-lb,dp,Alex Highsmith,19316,LB,PIT,51.0,0.0,51,51,,alex-highsmith.php,,,38.8,,,,,,9.0,Alex Highsmith,2026-08-07,PIT
/nfl/rankings/dynasty-lb.php,dynasty-lb,dp,Josiah Trotter,28077,LB,TB,52.0,0.0,52,52,,josiah-trotter.php,,,24.5,,,,,,10.0,Josiah Trotter,2026-08-07,TBB
/nfl/rankings/dynasty-lb.php,dynasty-lb,dp,Kaleb Elarms-Orr,28440,LB,BUF,53.0,0.0,53,53,,kaleb-elarmsorr.php,,,6.6,,,,,,7.0,Kaleb Elarms-Orr,2026-08-07,BUF
/nfl/rankings/dynasty-lb.php,dynasty-lb,dp,Josh Hines-Allen,18201,DL,JAC,54.0,0.0,54,54,,josh-allen-olb.php,,,39.6,,,,,,7.0,Josh Hines-Allen,2026-08-07,JAC
/nfl/rankings/dynasty-lb.php,dynasty-lb,dp,Tyrel Dodson,18584,LB,MIA,55.0,0.0,55,55,,tyrel-dodson.php,,,31.1,,,,,-16.0,6.0,Tyrel Dodson,2026-08-07,MIA
/nfl/rankings/dynasty-lb.php,dynasty-lb,dp,Anthony Hill Jr.,27954,LB,TEN,56.0,0.0,56,56,,anthony-hill-jr.php,,,26.8,,,,,,9.0,Anthony Hill,2026-08-07,TEN
/nfl/rankings/dynasty-lb.php,dynasty-lb,dp,Danielle Hunter,14036,DL,HOU,57.0,0.0,57,57,,danielle-hunter.php,,,53.4,,,,,,8.0,Danielle Hunter,2026-08-07,HOU
/nfl/rankings/dynasty-lb.php,dynasty-lb,dp,Kaden Elliss,18716,LB,NO,58.0,0.0,58,58,,kaden-elliss.php,,,23.9,,,,,-12.0,8.0,Kaden Elliss,2026-08-07,NOS
/nfl/rankings/dynasty-lb.php,dynasty-lb,dp,Jake Golday,28181,LB,MIN,59.0,0.0,59,59,,jake-golday.php,,,11.4,,,,,,6.0,Jake Golday,2026-08-07,MIN
/nfl/rankings/dynasty-lb.php,dynasty-lb,dp,Leo Chenal,23808,LB,WAS,60.0,0.0,60,60,,leo-chenal.php,,,7.4,,,,,-12.0,7.0,Leo Chenal,2026-08-07,WAS
/nfl/rankings/dynasty-superflex.php,dynasty-op,dsf,Josh Allen,17298,QB,BUF,1.25,0.54,1,3,,josh-allen-qb.php,,,99.5,,,,,,7.0,Josh Allen,2026-08-07,BUF
/nfl/rankings/dynasty-superflex.php,dynasty-op,dsf,Drake Maye,23046,QB,NE,2.1,0.77,1,4,,drake-maye.php,,,98.6,,,,,,11.0,Drake Maye,2026-08-07,NEP
/nfl/rankings/dynasty-superflex.php,dynasty-op,dsf,Jayden Daniels,22902,QB,WAS,5.05,2.92,3,12,,jayden-daniels.php,,,97.4,,,,,,7.0,Jayden Daniels,2026-08-07,WAS
/nfl/rankings/dynasty-superflex.php,dynasty-op,dsf,Ja'Marr Chase,19788,WR,CIN,6.25,1.97,3,8,,jamarr-chase.php,,,99.3,,,,,,6.0,JaMarr Chase,2026-08-07,CIN
/nfl/rankings/dynasty-superflex.php,dynasty-op,dsf,Lamar Jackson,17233,QB,BAL,6.7,5.28,3,27,,lamar-jackson.php,,,99.1,,,,,,13.0,Lamar Jackson,2026-08-07,BAL
/nfl/rankings/dynasty-superflex.php,dynasty-op,dsf,Jaxon Smith-Njigba,23070,WR,SEA,8.6,2.62,2,14,,jaxon-smith-njigba.php,,,99.6,,,,,,11.0,Jaxon Smith-Njigba,2026-08-07,SEA
/nfl/rankings/dynasty-superflex.php,dynasty-op,dsf,Caleb Williams,23084,QB,CHI,9.8,8.14,4,42,,caleb-williams.php,,,93.0,,,,,,10.0,Caleb Williams,2026-08-07,CHI
/nfl/rankings/dynasty-superflex.php,dynasty-op,dsf,Joe Burrow,19196,QB,CIN,9.85,6.33,4,25,,joe-burrow.php,,,98.0,,,,,-1.0,6.0,Joe Burrow,2026-08-07,CIN
/nfl/rankings/dynasty-superflex.php,dynasty-op,dsf,Puka Nacua,23180,WR,LAR,10.55,3.71,6,18,,puka-nacua.php,,,99.5,,,,,,11.0,Puka Nacua,2026-08-07,LAR
/nfl/rankings/dynasty-superflex.php,dynasty-op,dsf,Bijan Robinson,23133,RB,ATL,11.15,5.31,4,19,,bijan-robinson.php,,,99.4,,,,,,11.0,Bijan Robinson,2026-08-07,ATL
/nfl/rankings/dynasty-superflex.php,dynasty-op,dsf,Jahmyr Gibbs,22968,RB,DET,12.55,5.12,5,19,,jahmyr-gibbs.php,,,99.4,,,,,,6.0,Jahmyr Gibbs,2026-08-07,DET
/nfl/rankings/dynasty-superflex.php,dynasty-op,dsf,Justin Herbert,18635,QB,LAC,13.85,7.77,6,31,,justin-herbert.php,,,93.2,,,,,,7.0,Justin Herbert,2026-08-07,LAC
/nfl/rankings/dynasty-superflex.php,dynasty-op,dsf,Patrick Mahomes II,16413,QB,KC,14.15,6.18,5,26,,patrick-mahomes.php,,,90.8,,,,,,5.0,Patrick Mahomes,2026-08-07,KCC
/nfl/rankings/dynasty-superflex.php,dynasty-op,dsf,Amon-Ra St. Brown,19799,WR,DET,16.15,5.26,7,26,,amonra-stbrown.php,,,99.3,,,,,,6.0,Amon-Ra St Brown,2026-08-07,DET
/nfl/rankings/dynasty-superflex.php,dynasty-op,dsf,Jalen Hurts,19275,QB,PHI,16.35,6.84,5,29,,jalen-hurts.php,,,97.7,,,,,,10.0,Jalen Hurts,2026-08-07,PHI
/nfl/rankings/dynasty-superflex.php,dynasty-op,dsf,Justin Jefferson,19236,WR,MIN,17.0,4.02,10,22,,justin-jefferson.php,,,99.3,,,,,,6.0,Justin Jefferson,2026-08-07,MIN
/nfl/rankings/dynasty-superflex.php,dynasty-op,dsf,Trevor Lawrence,19780,QB,JAC,18.85,8.84,11,43,,trevor-lawrence.php,,,89.6,,,,,,7.0,Trevor Lawrence,2026-08-07,JAC
/nfl/rankings/dynasty-superflex.php,dynasty-op,dsf,Ashton Jeanty,25989,RB,LV,19.7,4.34,12,27,,ashton-jeanty.php,,,99.2,,,,,,13.0,Ashton Jeanty,2026-08-07,LVR
/nfl/rankings/dynasty-superflex.php,dynasty-op,dsf,Malik Nabers,25409,WR,NYG,19.85,6.24,10,34,,malik-nabers.php,,,98.1,,,,,,8.0,Malik Nabers,2026-08-07,NYG
/nfl/rankings/dynasty-superflex.php,dynasty-op,dsf,CeeDee Lamb,19202,WR,DAL,20.4,4.65,14,32,,ceedee-lamb.php,,,99.4,,,,,,14.0,CeeDee Lamb,2026-08-07,DAL
/nfl/rankings/dynasty-superflex.php,dynasty-op,dsf,Drake London,23163,WR,ATL,23.7,4.87,13,29,,drake-london.php,,,99.2,,,,,,11.0,Drake London,2026-08-07,ATL
/nfl/rankings/dynasty-superflex.php,dynasty-op,dsf,Brock Purdy,19797,QB,SF,23.85,11.48,14,53,,brock-purdy.php,,,90.3,,,,,,8.0,Brock Purdy,2026-08-07,SFO
/nfl/rankings/dynasty-superflex.php,dynasty-op,dsf,Jaxson Dart,23160,QB,NYG,24.15,9.75,13,51,,jaxson-dart.php,,,94.0,,,,,,8.0,Jaxson Dart,2026-08-07,NYG
/nfl/rankings/dynasty-superflex.php,dynasty-op,dsf,Jeremiyah Love,25403,RB,ARI,24.25,4.66,13,30,,jeremiyah-love.php,,,98.2,,,,,,14.0,Jeremiyah Love,2026-08-07,ARI
/nfl/rankings/dynasty-superflex.php,dynasty-op,dsf,Bo Nix,22910,QB,DEN,24.85,10.66,13,49,,bo-nix.php,,,87.5,,,,,,10.0,Bo Nix,2026-08-07,DEN
/nfl/rankings/dynasty-superflex.php,dynasty-op,dsf,De'Von Achane,23136,RB,MIA,27.15,4.49,20,36,,devon-achane.php,,,99.2,,,,,,6.0,DeVon Achane,2026-08-07,MIA
/nfl/rankings/dynasty-superflex.php,dynasty-op,dsf,Brock Bowers,22955,TE,LV,27.85,9.9,11,43,,brock-bowers.php,,,99.2,,,,,,13.0,Brock Bowers,2026-08-07,LVR
/nfl/rankings/dynasty-superflex.php,dynasty-op,dsf,Omarion Hampton,25395,RB,LAC,27.95,5.63,18,38,,omarion-hampton.php,,,98.7,,,,,,7.0,Omarion Hampton,2026-08-07,LAC
/nfl/rankings/dynasty-superflex.php,dynasty-op,dsf,Tetairoa McMillan,25417,WR,CAR,30.15,3.75,23,39,,tetairoa-mcmillan.php,,,97.8,,,,,,5.0,Tetairoa McMillan,2026-08-07,CAR
/nfl/rankings/dynasty-superflex.php,dynasty-op,dsf,Dak Prescott,15600,QB,DAL,31.4,11.39,15,52,,dak-prescott.php,,,93.3,,,,,,14.0,Dak Prescott,2026-08-07,DAL
/nfl/rankings/dynasty-superflex.php,dynasty-op,dsf,James Cook III,22958,RB,BUF,32.2,4.65,21,43,,james-cook.php,,,99.5,,,,,,7.0,James Cook,2026-08-07,BUF
/nfl/rankings/dynasty-superflex.php,dynasty-op,dsf,Jordan Love,19246,QB,GB,33.1,14.8,17,67,,jordan-love.php,,,58.6,,,,,,11.0,Jordan Love,2026-08-07,GBP
/nfl/rankings/dynasty-superflex.php,dynasty-op,dsf,Nico Collins,20130,WR,HOU,33.4,4.92,22,41,,nico-collins.php,,,99.2,,,,,,8.0,Nico Collins,2026-08-07,HOU
/nfl/rankings/dynasty-superflex.php,dynasty-op,dsf,Emeka Egbuka,23062,WR,TB,34.5,4.66,27,51,,emeka-egbuka.php,,,96.5,,,,,,10.0,Emeka Egbuka,2026-08-07,TBB
/nfl/rankings/dynasty-superflex.php,dynasty-op,dsf,Jonathan Taylor,19217,RB,IND,34.9,6.2,25,49,,jonathan-taylor.php,,,99.3,,,,,,13.0,Jonathan Taylor,2026-08-07,IND
/nfl/rankings/dynasty-superflex.php,dynasty-op,dsf,George Pickens,22963,WR,DAL,34.95,5.57,23,47,,george-pickens.php,,,99.2,,,,,,14.0,George Pickens,2026-08-07,DAL
/nfl/rankings/dynasty-superflex.php,dynasty-op,dsf,Trey McBride,22936,TE,ARI,36.8,10.48,16,58,,trey-mcbride.php,,,99.3,,,,,,14.0,Trey McBride,2026-08-07,ARI
/nfl/rankings/dynasty-superflex.php,dynasty-op,dsf,Chris Olave,20111,WR,NO,39.65,5.36,24,51,,chris-olave.php,,,98.1,,,,,,8.0,Chris Olave,2026-08-07,NOS
/nfl/rankings/dynasty-superflex.php,dynasty-op,dsf,Carnell Tate,26009,WR,TEN,39.7,6.37,25,53,,carnell-tate.php,,,92.9,,,,,,9.0,Carnell Tate,2026-08-07,TEN
/nfl/rankings/dynasty-superflex.php,dynasty-op,dsf,Kenneth Walker III,23021,RB,KC,40.0,5.99,29,57,,kenneth-walker-rb.php,,,99.3,,,,,,5.0,Kenneth Walker,2026-08-07,KCC
/nfl/rankings/dynasty-superflex.php,dynasty-op,dsf,Garrett Wilson,23072,WR,NYJ,42.4,6.61,26,55,,garrett-wilson.php,,,97.3,,,,,,13.0,Garrett Wilson,2026-08-07,NYJ
/nfl/rankings/dynasty-superflex.php,dynasty-op,dsf,Ladd McConkey,26122,WR,LAC,44.4,5.85,33,59,,ladd-mcconkey.php,,,95.7,,,,,,7.0,Ladd McConkey,2026-08-07,LAC
/nfl/rankings/dynasty-superflex.php,dynasty-op,dsf,Luther Burden III,27016,WR,CHI,45.6,5.29,36,58,,luther-burden-iii.php,,,93.4,,,,,,10.0,Luther Burden,2026-08-07,CHI
/nfl/rankings/dynasty-superflex.php,dynasty-op,dsf,Zay Flowers,22916,WR,BAL,46.15,7.5,32,61,,zay-flowers.php,,,97.1,,,,,,13.0,Zay Flowers,2026-08-07,BAL
/nfl/rankings/dynasty-superflex.php,dynasty-op,dsf,DeVonta Smith,19222,WR,PHI,46.4,6.28,35,57,,devonta-smith.php,,,97.8,,,,,,10.0,DeVonta Smith,2026-08-07,PHI
/nfl/rankings/dynasty-superflex.php,dynasty-op,dsf,Breece Hall,22982,RB,NYJ,47.2,8.99,30,64,,breece-hall.php,,,97.6,,,,,,13.0,Breece Hall,2026-08-07,NYJ
/nfl/rankings/dynasty-superflex.php,dynasty-op,dsf,A.J. Brown,18218,WR,NE,47.7,8.73,34,65,,aj-brown.php,,,99.2,,,,,,11.0,AJ Brown,2026-08-07,NEP
/nfl/rankings/dynasty-superflex.php,dynasty-op,dsf,Jordyn Tyson,26035,WR,NO,49.05,8.66,32,77,,jordyn-tyson.php,,,88.6,,,,,,8.0,Jordyn Tyson,2026-08-07,NOS
/nfl/rankings/dynasty-superflex.php,dynasty-op,dsf,Colston Loveland,26006,TE,CHI,49.1,12.95,22,59,,colston-loveland.php,,,98.6,,,,,,10.0,Colston Loveland,2026-08-07,CHI
/nfl/rankings/dynasty-superflex.php,dynasty-op,dsf,Jared Goff,15501,QB,DET,49.3,20.25,25,87,,jared-goff.php,,,77.8,,,,,,6.0,Jared Goff,2026-08-07,DET
/nfl/rankings/dynasty-superflex.php,dynasty-op,dsf,Chase Brown,25324,RB,CIN,50.85,6.74,37,65,,chase-brown.php,,,98.7,,,,,,6.0,Chase Brown,2026-08-07,CIN
/nfl/rankings/dynasty-superflex.php,dynasty-op,dsf,Fernando Mendoza,28013,QB,LV,54.05,13.76,25,93,,fernando-mendoza.php,,,33.6,,,,,,13.0,Fernando Mendoza,2026-08-07,LVR
/nfl/rankings/dynasty-superflex.php,dynasty-op,dsf,Makai Lemon,25420,WR,PHI,54.8,6.32,47,76,,makai-lemon.php,,,87.4,,,,,,10.0,Makai Lemon,2026-08-07,PHI
/nfl/rankings/dynasty-superflex.php,dynasty-op,dsf,Jaylen Waddle,19790,WR,DEN,55.65,7.24,41,68,,jaylen-waddle.php,,,95.7,,,,,,10.0,Jaylen Waddle,2026-08-07,DEN
/nfl/rankings/dynasty-superflex.php,dynasty-op,dsf,Tee Higgins,19211,WR,CIN,56.3,8.22,43,77,,tee-higgins.php,,,97.4,,,,,,6.0,Tee Higgins,2026-08-07,CIN
/nfl/rankings/dynasty-superflex.php,dynasty-op,dsf,Rashee Rice,23113,WR,KC,56.45,14.46,33,90,,rashee-rice.php,,,98.1,,,,,,5.0,Rashee Rice,2026-08-07,KCC
/nfl/rankings/dynasty-superflex.php,dynasty-op,dsf,Baker Mayfield,17237,QB,TB,57.85,12.48,24,81,,baker-mayfield.php,,,62.0,,,,,,10.0,Baker Mayfield,2026-08-07,TBB
/nfl/rankings/dynasty-superflex.php,dynasty-op,dsf,Tyler Warren,26434,TE,IND,57.95,7.37,39,70,,tyler-warren.php,,,98.3,,,,,,13.0,Tyler Warren,2026-08-07,IND
/nfl/rankings/dynasty-superflex.php,dynasty-op,dsf,Rome Odunze,25411,WR,CHI,59.3,7.91,46,80,,rome-odunze.php,,,91.8,,,,,,10.0,Rome Odunze,2026-08-07,CHI
/nfl/rankings/dynasty-superflex.php,dynasty-op,dsf,Cam Ward,24755,QB,TEN,61.75,12.02,37,87,,cam-ward.php,,,28.9,,,,,,9.0,Cam Ward,2026-08-07,TEN
/nfl/rankings/dynasty-superflex.php,dynasty-op,dsf,TreVeyon Henderson,23065,RB,NE,62.4,8.29,48,78,,treveyon-henderson.php,,,93.4,,,,,,11.0,TreVeyon Henderson,2026-08-07,NEP
/nfl/rankings/dynasty-superflex.php,dynasty-op,dsf,Saquon Barkley,17240,RB,PHI,64.35,9.4,42,77,,saquon-barkley.php,,,99.4,,,,,,10.0,Saquon Barkley,2026-08-07,PHI
/nfl/rankings/dynasty-superflex.php,dynasty-op,dsf,C.J. Stroud,23071,QB,HOU,64.95,19.07,31,104,,cj-stroud.php,,,40.0,,,,,,8.0,CJ Stroud,2026-08-07,HOU
/nfl/rankings/dynasty-superflex.php,dynasty-op,dsf,Quinshon Judkins,25391,RB,CLE,65.35,10.51,44,88,,quinshon-judkins.php,,,93.7,,,,,,11.0,Quinshon Judkins,2026-08-07,CLE
/nfl/rankings/dynasty-superflex.php,dynasty-op,dsf,Marvin Harrison Jr.,23064,WR,ARI,65.8,9.06,49,81,,marvin-harrison-jr.php,,,88.6,,,,,,14.0,Marvin Harrison,2026-08-07,ARI
/nfl/rankings/dynasty-superflex.php,dynasty-op,dsf,Christian McCaffrey,16393,RB,SF,66.2,10.49,41,79,,christian-mccaffrey.php,,,99.5,,,,,,8.0,Christian McCaffrey,2026-08-07,SFO
/nfl/rankings/dynasty-superflex.php,dynasty-op,dsf,Tucker Kraft,25298,TE,GB,66.25,7.46,56,88,,tucker-kraft.php,,,93.4,,,,,,11.0,Tucker Kraft,2026-08-07,GBP
/nfl/rankings/dynasty-superflex.php,dynasty-op,dsf,Tyler Shough,23096,QB,NO,66.55,12.48,50,92,,tyler-shough.php,,,51.2,,,,,,8.0,Tyler Shough,2026-08-07,NOS
/nfl/rankings/dynasty-superflex.php,dynasty-op,dsf,Jameson Williams,23677,WR,DET,67.45,8.15,55,88,,jameson-williams.php,,,94.7,,,,,,6.0,Jameson Williams,2026-08-07,DET
/nfl/rankings/dynasty-superflex.php,dynasty-op,dsf,Harold Fannin Jr.,27050,TE,CLE,68.1,5.85,60,86,,harold-fannin-jr.php,,,94.1,,,,,,11.0,Harold Fannin,2026-08-07,CLE
/nfl/rankings/dynasty-superflex.php,dynasty-op,dsf,Kyren Williams,23059,RB,LAR,70.7,6.33,61,84,,kyren-williams.php,,,98.1,,,,,,11.0,Kyren Williams,2026-08-07,LAR
/nfl/rankings/dynasty-superflex.php,dynasty-op,dsf,Brian Thomas Jr.,23000,WR,JAC,73.05,8.85,54,85,,brian-thomas-jr.php,,,87.8,,,,,,7.0,Brian Thomas,2026-08-07,JAC
/nfl/rankings/dynasty-superflex.php,dynasty-op,dsf,Sam LaPorta,22978,TE,DET,73.4,5.85,65,89,,sam-laporta.php,,,95.6,,,,,,6.0,Sam LaPorta,2026-08-07,DET
/nfl/rankings/dynasty-superflex.php,dynasty-op,dsf,Kyler Murray,18600,QB,MIN,73.5,13.92,50,103,,kyler-murray.php,,,72.3,,,,,,6.0,Kyler Murray,2026-08-07,MIN
/nfl/rankings/dynasty-superflex.php,dynasty-op,dsf,Travis Etienne Jr.,19231,RB,NO,74.55,5.96,58,84,,travis-etienne.php,,,95.7,,,,,,8.0,Travis Etienne,2026-08-07,NOS
/nfl/rankings/dynasty-superflex.php,dynasty-op,dsf,Christian Watson,23886,WR,GB,76.95,13.33,57,108,,christian-watson.php,,,91.1,,,,,,11.0,Christian Watson,2026-08-07,GBP
/nfl/rankings/dynasty-superflex.php,dynasty-op,dsf,Kyle Pitts Sr.,20164,TE,ATL,77.2,10.15,65,102,,kyle-pitts.php,,,94.9,,,,,,11.0,Kyle Pitts,2026-08-07,ATL
/nfl/rankings/dynasty-superflex.php,dynasty-op,dsf,Cam Skattebo,27166,RB,NYG,78.05,7.07,59,95,,cam-skattebo.php,,,96.5,,,,,,8.0,Cam Skattebo,2026-08-07,NYG
/nfl/rankings/dynasty-superflex.php,dynasty-op,dsf,Jadarian Price,27329,RB,SEA,79.45,8.9,63,92,,jadarian-price.php,,,91.0,,,,,,11.0,Jadarian Price,2026-08-07,SEA
/nfl/rankings/dynasty-superflex.php,dynasty-op,dsf,Javonte Williams,22739,RB,DAL,80.05,9.79,62,100,,javonte-williams.php,,,96.7,,,,,,14.0,Javonte Williams,2026-08-07,DAL
/nfl/rankings/dynasty-superflex.php,dynasty-op,dsf,Sam Darnold,17236,QB,SEA,80.75,11.59,52,94,,sam-darnold.php,,,42.9,,,,,,11.0,Sam Darnold,2026-08-07,SEA
/nfl/rankings/dynasty-superflex.php,dynasty-op,dsf,Bucky Irving,25981,RB,TB,81.2,12.27,57,101,,bucky-irving.php,,,95.5,,,,,,10.0,Bucky Irving,2026-08-07,TBB
/nfl/rankings/dynasty-superflex.php,dynasty-op,dsf,KC Concepcion,27331,WR,CLE,81.4,9.24,57,101,,kevin-concepcion.php,,,66.0,,,,,,11.0,KC Concepcion,2026-08-07,CLE
/nfl/rankings/dynasty-superflex.php,dynasty-op,dsf,Alec Pierce,23791,WR,IND,85.2,10.12,68,111,,alec-pierce.php,,,89.5,,,,,,13.0,Alec Pierce,2026-08-07,IND
/nfl/rankings/dynasty-superflex.php,dynasty-op,dsf,Terry McLaurin,18466,WR,WAS,85.7,6.2,77,97,,terry-mclaurin.php,,,95.1,,,,,,7.0,Terry McLaurin,2026-08-07,WAS
/nfl/rankings/dynasty-superflex.php,dynasty-op,dsf,DJ Moore,17265,WR,BUF,85.75,9.4,68,107,,dj-moore-wr.php,,,92.8,,,,,,7.0,DJ Moore,2026-08-07,BUF
/nfl/rankings/dynasty-superflex.php,dynasty-op,dsf,Kenyon Sadiq,26055,TE,NYJ,85.95,10.76,74,121,,kenyon-sadiq.php,,,63.9,,,,,,13.0,Kenyon Sadiq,2026-08-07,NYJ
/nfl/rankings/dynasty-superflex.php,dynasty-op,dsf,Malik Willis,23499,QB,MIA,86.05,15.57,44,118,,malik-willis.php,,,44.9,,,,,,6.0,Malik Willis,2026-08-07,MIA
/nfl/rankings/dynasty-superflex.php,dynasty-op,dsf,Matthew Stafford,9451,QB,LAR,91.5,10.66,71,116,,matthew-stafford.php,,,91.6,,,,,,11.0,Matthew Stafford,2026-08-07,LAR
/nfl/rankings/dynasty-superflex.php,dynasty-op,dsf,Jordan Addison,23107,WR,MIN,92.95,9.91,78,112,,jordan-addison.php,,,83.4,,,,,,6.0,Jordan Addison,2026-08-07,MIN
/nfl/rankings/dynasty-superflex.php,dynasty-op,dsf,Derrick Henry,15514,RB,BAL,93.3,9.93,71,104,,derrick-henry.php,,,99.1,,,,,,13.0,Derrick Henry,2026-08-07,BAL
/nfl/rankings/dynasty-superflex.php,dynasty-op,dsf,Bhayshul Tuten,27297,RB,JAC,94.8,11.16,74,111,,bhayshul-tuten.php,,,90.1,,,,,,7.0,Bhayshul Tuten,2026-08-07,JAC
/nfl/rankings/dynasty-superflex.php,dynasty-op,dsf,Bryce Young,22900,QB,CAR,95.25,14.78,54,137,,bryce-young.php,,,32.0,,,,,,5.0,Bryce Young,2026-08-07,CAR
/nfl/rankings/dynasty-superflex.php,dynasty-op,dsf,Parker Washington,23106,WR,JAC,95.45,14.72,66,126,,parker-washington.php,,,88.0,,,,,,7.0,Parker Washington,2026-08-07,JAC
/nfl/rankings/dynasty-superflex.php,dynasty-op,dsf,Daniel Jones,18232,QB,IND,95.5,6.17,85,111,,daniel-jones.php,,,40.7,,,,,,13.0,Daniel Jones,2026-08-07,IND
/nfl/rankings/dynasty-superflex.php,dynasty-op,dsf,Eli Stowers,23144,TE,PHI,98.4,16.75,74,130,,eli-stowers.php,,,23.6,,,,,,10.0,Eli Stowers,2026-08-07,PHI
/nfl/rankings/dynasty-superflex.php,dynasty-op,dsf,DK Metcalf,18219,WR,PIT,98.6,7.0,81,110,,dk-metcalf.php,,,91.8,,,,,,9.0,DK Metcalf,2026-08-07,PIT
/nfl/rankings/dynasty-superflex.php,dynasty-op,dsf,Josh Jacobs,18269,RB,GB,99.25,15.22,66,130,,josh-jacobs.php,,,98.7,,,,,,11.0,Josh Jacobs,2026-08-07,GBP
/nfl/rankings/dynasty-superflex.php,dynasty-op,dsf,Omar Cooper Jr.,28127,WR,NYJ,99.3,12.98,79,125,,omar-cooper-jr.php,,,39.1,,,,,,13.0,Omar Cooper,2026-08-07,NYJ
/nfl/rankings/dynasty-superflex.php,dynasty-op,dsf,Michael Wilson,25333,WR,ARI,102.05,9.71,78,118,,michael-wilson.php,,,84.8,,,,,,14.0,Michael Wilson,2026-08-07,ARI
/nfl/rankings/dynasty-superflex.php,dynasty-op,dsf,D'Andre Swift,19210,RB,CHI,102.6,4.47,93,110,,dandre-swift.php,,,93.8,,,,,,10.0,DAndre Swift,2026-08-07,CHI
/nfl/rankings/dynasty-superflex.php,dynasty-op,dsf,Wan'Dale Robinson,22985,WR,TEN,105.3,8.6,85,127,,wandale-robinson.php,,,75.9,,,,,,9.0,WanDale Robinson,2026-08-07,TEN
/nfl/rankings/dynasty-superflex.php,dynasty-op,dsf,Oronde Gadsden II,25997,TE,LAC,105.35,17.73,82,141,,oronde-gadsden-ii.php,,,49.1,,,,,,7.0,Oronde Gadsden,2026-08-07,LAC
/nfl/rankings/dynasty-superflex.php,dynasty-op,dsf,Ty Simpson,25368,QB,LAR,105.95,12.69,91,137,,ty-simpson.php,,,14.9,,,,,,11.0,Ty Simpson,2026-08-07,LAR
/nfl/rankings/dynasty-superflex.php,dynasty-op,dsf,Dalton Kincaid,25247,TE,BUF,106.9,13.8,89,126,,dalton-kincaid.php,,,78.8,,,,,,7.0,Dalton Kincaid,2026-08-07,BUF
/nfl/rankings/dynasty-superflex.php,dynasty-op,dsf,Josh Downs,24706,WR,IND,108.3,9.59,87,133,,josh-downs.php,,,81.4,,,,,,13.0,Josh Downs,2026-08-07,IND
/nfl/rankings/dynasty-superflex.php,dynasty-op,dsf,David Montgomery,18239,RB,HOU,108.3,9.46,87,129,,david-montgomery.php,,,93.4,,,,,,8.0,David Montgomery,2026-08-07,HOU
/nfl/rankings/dynasty-superflex.php,dynasty-op,dsf,Jayden Higgins,27077,WR,HOU,109.6,10.64,96,140,,jayden-higgins.php,,,47.4,,,,,,8.0,Jayden Higgins,2026-08-07,HOU
/nfl/rankings/dynasty-superflex.php,dynasty-op,dsf,Denzel Boston,27339,WR,CLE,109.85,15.77,60,135,,denzel-boston.php,,,36.1,,,,,,11.0,Denzel Boston,2026-08-07,CLE
/nfl/rankings/dynasty-superflex.php,dynasty-op,dsf,Davante Adams,12123,WR,LAR,110.35,11.72,81,128,,davante-adams.php,,,97.3,,,,,,11.0,Davante Adams,2026-08-07,LAR
/nfl/rankings/dynasty-superflex.php,dynasty-op,dsf,Isaiah Likely,23781,TE,NYG,110.65,19.84,82,158,,isaiah-likely.php,,,85.7,,,,,,8.0,Isaiah Likely,2026-08-07,NYG
/nfl/rankings/dynasty-superflex.php,dynasty-op,dsf,Mike Evans,12119,WR,SF,112.3,6.96,99,125,,mike-evans.php,,,92.6,,,,,,8.0,Mike Evans,2026-08-07,SFO
/nfl/rankings/dynasty-superflex.php,dynasty-op,dsf,Courtland Sutton,17253,WR,DEN,112.85,8.63,91,131,,courtland-sutton.php,,,88.0,,,,,,10.0,Courtland Sutton,2026-08-07,DEN
/nfl/rankings/dynasty-superflex.php,dynasty-op,dsf,Michael Pittman Jr.,19278,WR,PIT,113.1,7.86,94,128,,michael-pittman.php,,,87.0,,,,,,9.0,Michael Pittman,2026-08-07,PIT
/nfl/rankings/dynasty-superflex.php,dynasty-op,dsf,Xavier Worthy,23019,WR,KC,117.55,12.42,86,149,,xavier-worthy.php,,,71.8,,,,,,5.0,Xavier Worthy,2026-08-07,KCC
/nfl/rankings/dynasty-superflex.php,dynasty-op,dsf,Quentin Johnston,23123,WR,LAC,117.55,10.08,96,132,,quentin-johnston.php,,,81.9,,,,,,7.0,Quentin Johnston,2026-08-07,LAC
/nfl/rankings/dynasty-superflex.php,dynasty-op,dsf,George Kittle,16499,TE,SF,118.45,12.44,94,134,,george-kittle.php,,,92.4,,,,,,8.0,George Kittle,2026-08-07,SFO
/nfl/rankings/dynasty-superflex.php,dynasty-op,dsf,Jayden Reed,23020,WR,GB,118.8,9.66,97,136,,jayden-reed.php,,,76.0,,,,,,11.0,Jayden Reed,2026-08-07,GBP
/nfl/rankings/dynasty-superflex.php,dynasty-op,dsf,Matthew Golden,26024,WR,GB,119.3,11.44,84,136,,matthew-golden.php,,,67.1,,,,,,11.0,Matthew Golden,2026-08-07,GBP
/nfl/rankings/dynasty-superflex.php,dynasty-op,dsf,RJ Harvey,27142,RB,DEN,120.05,12.63,98,150,,rj-harvey.php,,,86.0,,,,,,10.0,RJ Harvey,2026-08-07,DEN
/nfl/rankings/dynasty-superflex.php,dynasty-op,dsf,Ricky Pearsall,26214,WR,SF,121.8,21.21,85,170,,ricky-pearsall.php,,,54.0,,,,,-9.0,8.0,Ricky Pearsall,2026-08-07,SFO
/nfl/rankings/dynasty-superflex.php,dynasty-op,dsf,Jake Ferguson,22718,TE,DAL,121.95,10.24,98,139,,jake-ferguson.php,,,88.8,,,,,,14.0,Jake Ferguson,2026-08-07,DAL
/nfl/rankings/dynasty-superflex.php,dynasty-op,dsf,Jakobi Meyers,18598,WR,JAC,122.6,10.3,108,149,,jakobi-meyers.php,,,81.3,,,,,,7.0,Jakobi Meyers,2026-08-07,JAC
/nfl/rankings/dynasty-superflex.php,dynasty-op,dsf,Jaylen Warren,24209,RB,PIT,124.45,11.54,102,142,,jaylen-warren.php,,,90.5,,,,,,9.0,Jaylen Warren,2026-08-07,PIT
/nfl/rankings/dynasty-superflex.php,dynasty-op,dsf,Brenton Strange,25345,TE,JAC,124.55,11.12,89,143,,brenton-strange.php,,,49.9,,,,,,7.0,Brenton Strange,2026-08-07,JAC
/nfl/rankings/dynasty-superflex.php,dynasty-op,dsf,Chris Godwin Jr.,16406,WR,TB,125.3,8.46,105,141,,chris-godwin.php,,,85.2,,,,,,10.0,Chris Godwin,2026-08-07,TBB
/nfl/rankings/dynasty-superflex.php,dynasty-op,dsf,Kyle Monangai,27131,RB,CHI,128.5,14.31,107,156,,kyle-monangai.php,,,84.1,,,,,,10.0,Kyle Monangai,2026-08-07,CHI
/nfl/rankings/dynasty-superflex.php,dynasty-op,dsf,Blake Corum,23013,RB,LAR,130.5,14.27,101,151,,blake-corum.php,,,82.0,,,,,,11.0,Blake Corum,2026-08-07,LAR
/nfl/rankings/dynasty-superflex.php,dynasty-op,dsf,Antonio Williams,25418,WR,WAS,132.9,8.87,119,155,,antonio-williams-wr.php,,,28.4,,,,,,7.0,Antonio Williams,2026-08-07,WAS
/nfl/rankings/dynasty-superflex.php,dynasty-op,dsf,Zach Charbonnet,23152,RB,SEA,133.7,15.9,101,165,,zach-charbonnet.php,,,70.4,,,,,,11.0,Zach Charbonnet,2026-08-07,SEA
/nfl/rankings/dynasty-superflex.php,dynasty-op,dsf,Travis Hunter,26034,WR,JAC,134.2,15.95,101,164,,travis-hunter.php,,,66.7,,,,,,7.0,Travis Hunter,2026-08-07,JAC
/nfl/rankings/dynasty-superflex.php,dynasty-op,dsf,Jonathon Brooks,26148,RB,CAR,135.05,20.0,102,172,,jonathon-brooks.php,,,74.7,,,,,,5.0,Jonathon Brooks,2026-08-07,CAR
/nfl/rankings/dynasty-superflex.php,dynasty-op,dsf,Jalen Coker,26403,WR,CAR,135.05,10.07,113,160,,jalen-coker.php,,,46.7,,,,,,5.0,Jalen Coker,2026-08-07,CAR
/nfl/rankings/dynasty-superflex.php,dynasty-op,dsf,Romeo Doubs,23794,WR,NE,135.4,16.82,109,177,,romeo-doubs.php,,,65.9,,,,,,11.0,Romeo Doubs,2026-08-07,NEP
/nfl/rankings/dynasty-superflex.php,dynasty-op,dsf,Rhamondre Stevenson,22726,RB,NE,138.0,15.42,108,160,,rhamondre-stevenson.php,,,86.4,,,,,,11.0,Rhamondre Stevenson,2026-08-07,NEP
/nfl/rankings/dynasty-superflex.php,dynasty-op,dsf,Khalil Shakir,23748,WR,BUF,138.8,9.63,123,166,,khalil-shakir.php,,,65.4,,,,,,7.0,Khalil Shakir,2026-08-07,BUF
/nfl/rankings/dynasty-superflex.php,dynasty-op,dsf,Chuba Hubbard,19792,RB,CAR,141.05,15.85,112,167,,chuba-hubbard.php,,,88.1,,,,,,5.0,Chuba Hubbard,2026-08-07,CAR
/nfl/rankings/dynasty-superflex.php,dynasty-op,dsf,Chig Okonkwo,23982,TE,WAS,141.7,15.79,102,168,,chigoziem-okonkwo.php,,,44.2,,,,,,7.0,Chigoziem Okonkwo,2026-08-07,WAS
/nfl/rankings/dynasty-superflex.php,dynasty-op,dsf,Michael Penix Jr.,22973,QB,ATL,120.22,13.64,98,138,,michael-penix-jr.php,,,12.8,,,,,,11.0,Michael Penix,2026-08-07,ATL
/nfl/rankings/dynasty-superflex.php,dynasty-op,dsf,Mark Andrews,17269,TE,BAL,145.8,15.08,131,180,,mark-andrews.php,,,82.5,,,,,,13.0,Mark Andrews,2026-08-07,BAL
/nfl/rankings/dynasty-superflex.php,dynasty-op,dsf,Rico Dowdle,19647,RB,PIT,146.3,8.1,121,160,,rico-dowdle.php,,,89.3,,,,,,9.0,Rico Dowdle,2026-08-07,PIT
/nfl/rankings/dynasty-superflex.php,dynasty-op,dsf,De'Zhaun Stribling,28138,WR,SF,146.53,14.92,117,174,,dezhaun-stribling.php,,,24.1,,,,,,8.0,DeZhaun Stribling,2026-08-07,SFO
/nfl/rankings/dynasty-superflex.php,dynasty-op,dsf,Dallas Goedert,17270,TE,PHI,150.8,17.98,126,200,,dallas-goedert.php,,,86.4,,,,,,10.0,Dallas Goedert,2026-08-07,PHI
/nfl/rankings/dynasty-superflex.php,dynasty-op,dsf,Jonah Coleman,27320,RB,DEN,150.95,19.61,113,193,,jonah-coleman.php,,,33.7,,,,,,10.0,Jonah Coleman,2026-08-07,DEN
/nfl/rankings/dynasty-superflex.php,dynasty-op,dsf,Tony Pollard,18705,RB,TEN,152.0,10.68,133,170,,tony-pollard.php,,,89.3,,,,,,9.0,Tony Pollard,2026-08-07,TEN
/nfl/rankings/dynasty-superflex.php,dynasty-op,dsf,Tre' Harris,26215,WR,LAC,153.7,21.48,123,199,,tre-harris.php,,,15.6,,,,,,7.0,Tre Harris,2026-08-07,LAC
/nfl/rankings/dynasty-superflex.php,dynasty-op,dsf,Jalen McMillan,23179,WR,TB,155.0,22.26,131,215,,jalen-mcmillan.php,,,30.8,,,,,,10.0,Jalen McMillan,2026-08-07,TBB
/nfl/rankings/dynasty-superflex.php,dynasty-op,dsf,AJ Barner,26335,TE,SEA,155.5,21.14,127,194,,aj-barner.php,,,27.2,,,,,,11.0,AJ Barner,2026-08-07,SEA
/nfl/rankings/dynasty-superflex.php,dynasty-op,dsf,Kenny Gainwell,23310,RB,TB,155.55,12.57,126,183,,kenneth-gainwell.php,,,81.0,,,,,,10.0,Kenny Gainwell,2026-08-07,TBB
/nfl/rankings/dynasty-superflex.php,dynasty-op,dsf,Rachaad White,23891,RB,WAS,161.65,9.91,134,171,,rachaad-white.php,,,79.8,,,,,,7.0,Rachaad White,2026-08-07,WAS
/nfl/rankings/dynasty-superflex.php,dynasty-op,dsf,J.K. Dobbins,19245,RB,DEN,163.35,10.95,148,187,,jk-dobbins.php,,,86.7,,,,,,10.0,JK Dobbins,2026-08-07,DEN
/nfl/rankings/dynasty-superflex.php,dynasty-op,dsf,Tua Tagovailoa,19198,QB,ATL,143.44,20.68,111,208,,tua-tagovailoa.php,,,22.4,,,,,,11.0,Tua Tagovailoa,2026-08-07,ATL
/nfl/rankings/dynasty-superflex.php,dynasty-op,dsf,Germie Bernard,26039,WR,PIT,155.63,14.55,126,184,,germie-bernard.php,,,20.4,,,,,,9.0,Germie Bernard,2026-08-07,PIT
/nfl/rankings/dynasty-superflex.php,dynasty-op,dsf,Travis Kelce,11594,TE,KC,166.45,16.76,132,191,,travis-kelce.php,,,89.4,,,,,,5.0,Travis Kelce,2026-08-07,KCC
/nfl/rankings/dynasty-superflex.php,dynasty-op,dsf,Terrance Ferguson,23091,TE,LAR,167.15,18.96,132,215,,terrance-ferguson.php,,,20.2,,,,,,11.0,Terrance Ferguson,2026-08-07,LAR
/nfl/rankings/dynasty-superflex.php,dynasty-op,dsf,Juwan Johnson,19562,TE,NO,167.25,14.68,140,197,,juwan-johnson.php,,,46.2,,,,,,8.0,Juwan Johnson,2026-08-07,NOS
/nfl/rankings/dynasty-superflex.php,dynasty-op,dsf,Chris Bell,26038,WR,MIA,144.61,12.27,126,175,,chris-bell.php,,,20.3,,,,,,6.0,Chris Bell,2026-08-07,MIA
/nfl/rankings/dynasty-superflex.php,dynasty-op,dsf,Jacory Croskey-Merritt,27316,RB,WAS,168.7,14.87,136,196,,jacory-croskeymerritt.php,,,74.6,,,,,,7.0,Jacory Croskey-Merritt,2026-08-07,WAS
/nfl/rankings/dynasty-superflex.php,dynasty-op,dsf,T.J. Hockenson,18290,TE,MIN,168.8,18.47,133,196,,tj-hockenson.php,,,55.8,,,,,,6.0,TJ Hockenson,2026-08-07,MIN
/nfl/rankings/dynasty-superflex.php,dynasty-op,dsf,Tyler Allgeier,24172,RB,ARI,171.1,14.65,151,203,,tyler-allgeier.php,,,46.0,,,,,,14.0,Tyler Allgeier,2026-08-07,ARI
/nfl/rankings/dynasty-superflex.php,dynasty-op,dsf,Woody Marks,27520,RB,HOU,171.3,15.59,135,199,,woody-marks.php,,,53.9,,,,,,8.0,Woody Marks,2026-08-07,HOU
/nfl/rankings/dynasty-superflex.php,dynasty-op,dsf,Jauan Jennings,19590,WR,MIN,165.26,19.25,137,209,,jauan-jennings.php,,,35.1,,,,,,6.0,Jauan Jennings,2026-08-07,MIN
/nfl/rankings/dynasty-superflex.php,dynasty-op,dsf,Rashid Shaheed,24687,WR,SEA,154.22,13.26,130,192,,rashid-shaheed.php,,,44.4,,,,,,11.0,Rashid Shaheed,2026-08-07,SEA
/nfl/rankings/dynasty-superflex.php,dynasty-op,dsf,Nicholas Singleton,24343,RB,TEN,176.5,18.49,142,221,,nick-singleton.php,,,25.3,,,,,,9.0,Nicholas Singleton,2026-08-07,TEN
/nfl/rankings/dynasty-superflex.php,dynasty-op,dsf,Tyrone Tracy Jr.,22980,RB,NYG,178.05,13.73,152,202,,tyrone-tracy-jr.php,,,40.0,,,,,,8.0,Tyrone Tracy,2026-08-07,NYG
/nfl/rankings/dynasty-superflex.php,dynasty-op,dsf,Jordan Mason,22969,RB,MIN,178.15,14.1,156,202,,jordan-mason.php,,,70.5,,,,,,6.0,Jordan Mason,2026-08-07,MIN
/nfl/rankings/dynasty-superflex.php,dynasty-op,dsf,Gunnar Helm,27109,TE,TEN,180.35,19.17,147,221,,gunnar-helm.php,,,16.8,,,,,,9.0,Gunnar Helm,2026-08-07,TEN
/nfl/rankings/dynasty-superflex.php,dynasty-op,dsf,Hunter Henry,15561,TE,NE,182.2,17.67,153,222,,hunter-henry.php,,,65.5,,,,,,11.0,Hunter Henry,2026-08-07,NEP
/nfl/rankings/dynasty-superflex.php,dynasty-op,dsf,Emmett Johnson,28107,RB,KC,185.25,13.36,149,204,,emmett-johnson.php,,,26.6,,,,,,5.0,Emmett Johnson,2026-08-07,KCC
/nfl/rankings/dynasty-superflex.php,dynasty-op,dsf,Dylan Sampson,27102,RB,CLE,186.55,20.0,165,250,,dylan-sampson.php,,,24.1,,,,,,11.0,Dylan Sampson,2026-08-07,CLE
/nfl/rankings/dynasty-superflex.php,dynasty-op,dsf,Chris Rodriguez Jr.,22986,RB,JAC,188.8,20.91,151,232,,chris-rodriguez-jr.php,,,40.7,,,,,,7.0,Chris Rodriguez,2026-08-07,JAC
/nfl/rankings/dynasty-superflex.php,dynasty-op,dsf,Troy Franklin,23092,WR,DEN,190.0,25.46,155,243,,troy-franklin.php,,,12.9,,,,,,10.0,Troy Franklin,2026-08-07,DEN
/nfl/rankings/dynasty-superflex.php,dynasty-op,dsf,Stefon Diggs,13981,WR,WAS,170.33,21.32,135,212,,stefon-diggs.php,,,55.5,,,,,,7.0,Stefon Diggs,2026-08-07,WAS
/nfl/rankings/dynasty-superflex.php,dynasty-op,dsf,Jaylin Noel,27122,WR,HOU,170.78,26.26,128,239,,jaylin-noel.php,,,10.3,,,,,,8.0,Jaylin Noel,2026-08-07,HOU
/nfl/rankings/dynasty-superflex.php,dynasty-op,dsf,Elijah Sarratt,27463,WR,BAL,173.67,19.02,148,234,,elijah-sarratt.php,,,16.3,,,,,,13.0,Elijah Sarratt,2026-08-07,BAL
/nfl/rankings/dynasty-superflex.php,dynasty-op,dsf,Oscar Delp,25430,TE,NO,196.75,27.29,157,258,,oscar-delp.php,,,6.4,,,,,,8.0,Oscar Delp,2026-08-07,NOS
/nfl/rankings/dynasty-superflex.php,dynasty-op,dsf,Zachariah Branch,25419,WR,ATL,177.33,24.04,151,254,,zachariah-branch.php,,,23.2,,,,,,11.0,Zachariah Branch,2026-08-07,ATL
/nfl/rankings/dynasty-superflex.php,dynasty-op,dsf,Eli Raridon,28154,TE,NE,198.1,27.82,139,266,,eli-raridon.php,,,5.1,,,,,-3.0,11.0,Eli Raridon,2026-08-07,NEP
/nfl/rankings/dynasty-superflex.php,dynasty-op,dsf,Max Klare,27993,TE,LAR,199.7,21.61,155,253,,max-klare.php,,,11.3,,,,,,11.0,Max Klare,2026-08-07,LAR
/nfl/rankings/dynasty-superflex.php,dynasty-op,dsf,Ted Hurst III,28130,WR,TB,169.65,23.64,144,230,,ted-hurst.php,,,17.4,,,,,,10.0,Ted Hurst,2026-08-07,TBB
/nfl/rankings/dynasty-superflex.php,dynasty-op,dsf,J.J. McCarthy,23018,QB,MIN,144.2,17.81,106,181,,jj-mccarthy.php,,,10.9,,,,,,6.0,JJ McCarthy,2026-08-07,MIN
/nfl/rankings/dynasty-superflex.php,dynasty-op,dsf,Jerry Jeudy,19201,WR,CLE,182.67,16.26,167,240,,jerry-jeudy.php,,,34.7,,,,,,11.0,Jerry Jeudy,2026-08-07,CLE
/nfl/rankings/dynasty-superflex.php,dynasty-op,dsf,Mason Taylor,26005,TE,NYJ,203.5,29.8,155,266,,mason-taylor.php,,,11.5,,,,,,13.0,Mason Taylor,2026-08-07,NYJ
/nfl/rankings/dynasty-superflex.php,dynasty-op,dsf,Adonai Mitchell,24357,WR,NYJ,185.72,20.57,154,241,,adonai-mitchell.php,,,18.3,,,,,,13.0,Adonai Mitchell,2026-08-07,NYJ
/nfl/rankings/dynasty-superflex.php,dynasty-op,dsf,Kayshon Boutte,22989,WR,NE,185.78,16.31,161,225,,kayshon-boutte.php,,,21.4,,,,,,11.0,Kayshon Boutte,2026-08-07,NEP
/nfl/rankings/dynasty-superflex.php,dynasty-op,dsf,Tyjae Spears,25323,RB,TEN,206.45,22.03,176,247,,tyjae-spears.php,,,46.9,,,,,,9.0,Tyjae Spears,2026-08-07,TEN
/nfl/rankings/dynasty-superflex.php,dynasty-op,dsf,Aaron Jones Sr.,16673,RB,MIN,198.26,14.6,169,223,,aaron-jones.php,,,83.4,,,,,,6.0,Aaron Jones,2026-08-07,MIN
/nfl/rankings/dynasty-superflex.php,dynasty-op,dsf,Shedeur Sanders,25968,QB,CLE,154.27,25.59,138,242,,shedeur-sanders.php,,,14.5,,,,,,11.0,Shedeur Sanders,2026-08-07,CLE
/nfl/rankings/dynasty-superflex.php,dynasty-op,dsf,Pat Bryant,27211,WR,DEN,191.11,25.62,160,263,,pat-bryant.php,,,11.4,,,,,,10.0,Pat Bryant,2026-08-07,DEN
/nfl/rankings/dynasty-superflex.php,dynasty-op,dsf,Tank Bigsby,22908,RB,PHI,210.0,27.78,171,294,,tank-bigsby.php,,,31.3,,,,,,10.0,Tank Bigsby,2026-08-07,PHI
/nfl/rankings/dynasty-superflex.php,dynasty-op,dsf,Isaac TeSlaa,27446,WR,DET,192.06,19.98,158,228,,isaac-teslaa.php,,,18.7,,,,,,6.0,Isaac TeSlaa,2026-08-07,DET
/nfl/rankings/dynasty-superflex.php,dynasty-op,dsf,Isiah Pacheco,24333,RB,DET,210.35,23.41,171,274,,isiah-pacheco.php,,,51.9,,,,,,6.0,Isiah Pacheco,2026-08-07,DET
/nfl/rankings/dynasty-superflex.php,dynasty-op,dsf,Kaytron Allen,24362,RB,WAS,202.89,20.76,168,242,,kaytron-allen.php,,,21.1,,,,,,7.0,Kaytron Allen,2026-08-07,WAS
/nfl/rankings/dynasty-superflex.php,dynasty-op,dsf,Jalen Nailor,24177,WR,LV,194.83,26.27,150,254,,jalen-nailor.php,,,31.7,,,,,9.0,13.0,Jalen Nailor,2026-08-07,LVR
/nfl/rankings/dynasty-superflex.php,dynasty-op,dsf,Deebo Samuel Sr.,18244,WR,SF,195.06,29.15,141,257,,deebo-samuel.php,,,56.2,,,,,,8.0,Deebo Samuel,2026-08-07,SFO
/nfl/rankings/dynasty-superflex.php,dynasty-op,dsf,Jack Bech,27224,WR,LV,204.79,18.49,181,251,,jack-bech.php,,,8.7,,,,,,13.0,Jack Bech,2026-08-07,LVR
/nfl/rankings/dynasty-superflex.php,dynasty-op,dsf,Dalton Schultz,17349,TE,HOU,198.56,25.67,155,248,,dalton-schultz.php,,,29.2,,,,,,8.0,Dalton Schultz,2026-08-07,HOU
/nfl/rankings/dynasty-superflex.php,dynasty-op,dsf,Greg Dulcich,23153,TE,MIA,199.0,27.08,158,281,,greg-dulcich.php,,,21.0,,,,,,6.0,Greg Dulcich,2026-08-07,MIA
/nfl/rankings/dynasty-superflex.php,dynasty-op,dsf,Braelon Allen,24346,RB,NYJ,208.37,24.3,179,274,,braelon-allen.php,,,20.6,,,,,,13.0,Braelon Allen,2026-08-07,NYJ
/nfl/rankings/dynasty-superflex.php,dynasty-op,dsf,Malachi Fields,27994,WR,NYG,190.94,21.98,153,255,,malachi-fields.php,,,17.1,,,,,,8.0,Malachi Fields,2026-08-07,NYG
/nfl/rankings/dynasty-superflex.php,dynasty-op,dsf,Ja'Kobi Lane,27337,WR,BAL,201.56,24.7,153,251,,jakobi-lane.php,,,19.8,,,,,,13.0,JaKobi Lane,2026-08-07,BAL
/nfl/rankings/dynasty-superflex.php,dynasty-op,dsf,Keaton Mitchell,25360,RB,LAC,204.0,20.55,178,264,,keaton-mitchell.php,,,33.5,,,,,,7.0,Keaton Mitchell,2026-08-07,LAC
/nfl/rankings/dynasty-superflex.php,dynasty-op,dsf,Cade Otton,23181,TE,TB,213.89,19.02,182,254,,cade-otton.php,,,23.0,,,,,,10.0,Cade Otton,2026-08-07,TBB
/nfl/rankings/dynasty-superflex.php,dynasty-op,dsf,David Njoku,16399,TE,LAC,215.58,17.17,175,252,,david-njoku.php,,,24.8,,,,,,7.0,David Njoku,2026-08-07,LAC
/nfl/rankings/dynasty-superflex.php,dynasty-op,dsf,Elic Ayomanor,27059,WR,TEN,206.94,24.39,168,265,,elic-ayomanor.php,,,9.3,,,,,,9.0,Elic Ayomanor,2026-08-07,TEN
/nfl/rankings/dynasty-superflex.php,dynasty-op,dsf,Mike Washington Jr.,28108,RB,LV,207.22,26.35,172,275,,mike-washington-jr.php,,,25.5,,,,,,13.0,Mike Washington,2026-08-07,LVR
/nfl/rankings/dynasty-superflex.php,dynasty-op,dsf,Tank Dell,25361,WR,HOU,207.61,17.87,166,237,,nathaniel-dell.php,,,24.2,,,,,,8.0,Tank Dell,2026-08-07,HOU
/nfl/rankings/dynasty-superflex.php,dynasty-op,dsf,Chris Brazzell II,28047,WR,CAR,199.41,26.39,140,265,,chris-brazzell-ii.php,,,14.0,,,,,,5.0,Chris Brazzell,2026-08-07,CAR
/nfl/rankings/dynasty-superflex.php,dynasty-op,dsf,Tory Horton,26022,WR,SEA,209.5,41.55,153,345,,tory-horton.php,,,10.7,,,,,,11.0,Tory Horton,2026-08-07,SEA
/nfl/rankings/dynasty-superflex.php,dynasty-op,dsf,Pat Freiermuth,20163,TE,PIT,211.39,16.92,174,248,,pat-freiermuth.php,,,16.7,,,,,,9.0,Pat Freiermuth,2026-08-07,PIT
/nfl/rankings/dynasty-superflex.php,dynasty-op,dsf,Brian Robinson Jr.,20094,RB,ATL,221.68,17.7,186,262,,brian-robinson-jr.php,,,37.5,,,,,,11.0,Brian Robinson,2026-08-07,ATL
/nfl/rankings/dynasty-superflex.php,dynasty-op,dsf,Kaleb Johnson,27165,RB,PIT,222.11,23.78,181,268,,kaleb-johnson-rb.php,,,8.2,,,,,,9.0,Kaleb Johnson,2026-08-07,PIT
/nfl/rankings/dynasty-superflex.php,dynasty-op,dsf,Skyler Bell,28126,WR,BUF,194.63,24.62,160,246,,skyler-bell.php,,,13.4,,,,,,7.0,Skyler Bell,2026-08-07,BUF
/nfl/rankings/dynasty-superflex.php,dynasty-op,dsf,Malik Washington,26314,WR,MIA,225.05,18.34,185,251,,malik-washington.php,,,16.9,,,,,,6.0,Malik Washington,2026-08-07,MIA
/nfl/rankings/dynasty-superflex.php,dynasty-op,dsf,Jacoby Brissett,15642,QB,ARI,157.54,27.52,137,245,,jacoby-brissett.php,,,25.4,,,,,,14.0,Jacoby Brissett,2026-08-07,ARI
/nfl/rankings/dynasty-superflex.php,dynasty-op,dsf,Chimere Dike,27315,WR,TEN,211.29,12.37,191,234,,chimere-dike.php,,,11.3,,,,,-9.0,9.0,Chimere Dike,2026-08-07,TEN
/nfl/rankings/dynasty-superflex.php,dynasty-op,dsf,Tre Tucker,25337,WR,LV,220.22,24.09,164,248,,tre-tucker.php,,,22.1,,,,,,13.0,Tre Tucker,2026-08-07,LVR
/nfl/rankings/dynasty-superflex.php,dynasty-op,dsf,Ryan Flournoy,26398,WR,DAL,222.22,27.49,175,292,,ryan-flournoy.php,,,14.8,,,,,,14.0,Ryan Flournoy,2026-08-07,DAL
/nfl/rankings/dynasty-superflex.php,dynasty-op,dsf,Dontayvion Wicks,24354,WR,PHI,215.0,14.44,194,241,,dontayvion-wicks.php,,,12.4,,,,,,10.0,Dontayvion Wicks,2026-08-07,PHI
/nfl/rankings/dynasty-superflex.php,dynasty-op,dsf,Aaron Rodgers,9001,QB,PIT,167.69,31.89,146,250,,aaron-rodgers.php,,,18.8,,,,,,9.0,Aaron Rodgers,2026-08-07,PIT
/nfl/rankings/dynasty-superflex.php,dynasty-op,dsf,Keon Coleman,26019,WR,BUF,224.61,20.29,179,278,,keon-coleman.php,,,9.3,,,,,,7.0,Keon Coleman,2026-08-07,BUF
/nfl/rankings/dynasty-superflex.php,dynasty-op,dsf,Demond Claiborne,28084,RB,MIN,226.56,23.04,186,293,,demond-claiborne.php,,,16.0,,,,,,6.0,Demond Claiborne,2026-08-07,MIN
/nfl/rankings/dynasty-superflex.php,dynasty-op,dsf,Brandon Aiyuk,19252,WR,SF,198.67,24.61,156,242,,brandon-aiyuk.php,,,25.3,,,,,,8.0,Brandon Aiyuk,2026-08-07,SFO
/nfl/rankings/dynasty-superflex.php,dynasty-op,dsf,Geno Smith,11687,QB,NYJ,156.0,21.14,143,223,,geno-smith.php,,,15.6,,,,,,13.0,Geno Smith,2026-08-07,NYJ
/nfl/rankings/dynasty-superflex.php,dynasty-op,dsf,Kimani Vidal,26355,RB,LAC,229.06,18.64,196,274,,kimani-vidal.php,,,14.2,,,,,,7.0,Kimani Vidal,2026-08-07,LAC
/nfl/rankings/dynasty-superflex.php,dynasty-op,dsf,Alvin Kamara,16421,RB,NO,221.53,19.33,182,265,,alvin-kamara.php,,,52.4,,,,,,8.0,Alvin Kamara,2026-08-07,NOS
/nfl/rankings/dynasty-superflex.php,dynasty-op,dsf,Ollie Gordon II,25984,RB,MIA,238.47,22.86,220,311,,ollie-gordon.php,,,4.2,,,,,,6.0,Ollie Gordon,2026-08-07,MIA
/nfl/rankings/dynasty-superflex.php,dynasty-op,dsf,Kyle Williams,27487,WR,NE,224.76,13.09,198,244,,kyle-williams-wr-2025.php,,,5.6,,,,,,11.0,Kyle Williams,2026-08-07,NEP
/nfl/rankings/dynasty-superflex.php,dynasty-op,dsf,MarShawn Lloyd,23118,RB,GB,237.11,27.76,187,299,,marshawn-lloyd.php,,,9.3,,,,,,11.0,MarShawn Lloyd,2026-08-07,GBP
/nfl/rankings/dynasty-superflex.php,dynasty-op,dsf,Ray Davis,26191,RB,BUF,241.5,17.56,213,283,,ray-davis.php,,,15.4,,,,,,7.0,Ray Davis,2026-08-07,BUF
/nfl/rankings/dynasty-superflex.php,dynasty-op,dsf,Rashod Bateman,19794,WR,BAL,235.35,19.04,208,282,,rashod-bateman.php,,,8.7,,,,,,13.0,Rashod Bateman,2026-08-07,BAL
/nfl/rankings/dynasty-superflex.php,dynasty-op,dsf,Emanuel Wilson,25885,RB,SEA,243.83,19.23,211,286,,emanuel-wilson.php,,,13.0,,,,,,11.0,Emanuel Wilson,2026-08-07,SEA
/nfl/rankings/dynasty-superflex.php,dynasty-op,dsf,Trey Benson,25388,RB,ARI,244.17,24.62,189,289,,trey-benson.php,,,12.1,,,,,,14.0,Trey Benson,2026-08-07,ARI
/nfl/rankings/dynasty-superflex.php,dynasty-op,dsf,Calvin Ridley,17258,WR,TEN,228.44,21.62,197,295,,calvin-ridley.php,,,19.8,,,,,,9.0,Calvin Ridley,2026-08-07,TEN
/nfl/rankings/dynasty-superflex.php,dynasty-op,dsf,Sean Tucker,23679,RB,TB,244.44,18.87,205,273,,sean-tucker.php,,,19.0,,,,,,10.0,Sean Tucker,2026-08-07,TBB
/nfl/rankings/dynasty-superflex.php,dynasty-op,dsf,Darnell Mooney,19810,WR,NYG,228.81,15.63,199,262,,darnell-mooney.php,,,17.4,,,,,,8.0,Darnell Mooney,2026-08-07,NYG
/nfl/rankings/dynasty-superflex.php,dynasty-op,dsf,Marvin Mims Jr.,23080,WR,DEN,238.65,20.37,199,279,,marvin-mims.php,,,10.5,,,,,,10.0,Marvin Mims,2026-08-07,DEN
/nfl/rankings/dynasty-superflex.php,dynasty-op,dsf,Kaelon Black,28401,RB,SF,234.06,26.02,195,288,,kaelon-black.php,,,12.9,,,,,,8.0,Kaelon Black,2026-08-07,SFO
/nfl/rankings/dynasty-superflex.php,dynasty-op,dsf,Bryce Lance,28129,WR,NO,227.8,23.17,178,259,,bryce-lance.php,,,5.5,,,,,,8.0,Bryce Lance,2026-08-07,NOS
/nfl/rankings/dynasty-superflex.php,dynasty-op,dsf,Devin Neal,23682,RB,NO,252.06,22.81,202,295,,devin-neal.php,,,6.3,,,,,,8.0,Devin Neal,2026-08-07,NOS
/nfl/rankings/dynasty-superflex.php,dynasty-op,dsf,Tez Johnson,27147,WR,TB,247.59,23.05,224,323,,tez-johnson.php,,,1.8,,,,,,10.0,Tez Johnson,2026-08-07,TBB
/nfl/rankings/dynasty-superflex.php,dynasty-op,dsf,Tyreek Hill,15802,WR,FA,233.53,20.91,205,300,,tyreek-hill.php,,,28.8,,,,,,,Tyreek Hill,2026-08-07,FA
/nfl/rankings/dynasty-superflex.php,dynasty-op,dsf,James Conner,16447,RB,ARI,251.41,19.88,218,301,,james-conner.php,,,28.5,,,,,,14.0,James Conner,2026-08-07,ARI
/nfl/rankings/dynasty-superflex.php,dynasty-op,dsf,Jaylen Wright,25987,RB,MIA,252.06,22.49,211,315,,jaylen-wright.php,,,10.2,,,,,,6.0,Jaylen Wright,2026-08-07,MIA
/nfl/rankings/dynasty-superflex.php,dynasty-op,dsf,Christian Kirk,17268,WR,SF,245.56,26.0,207,295,,christian-kirk.php,,,13.0,,,,,,8.0,Christian Kirk,2026-08-07,SFO
/nfl/rankings/dynasty-superflex.php,dynasty-op,dsf,Jaydon Blue,24344,RB,DAL,253.82,17.99,211,283,,jaydon-blue.php,,,11.1,,,,,,14.0,Jaydon Blue,2026-08-07,DAL
/nfl/rankings/dynasty-superflex.php,dynasty-op,dsf,Elijah Arroyo,23004,TE,SEA,220.62,28.32,187,260,,elijah-arroyo.php,,,4.9,,,,,,11.0,Elijah Arroyo,2026-08-07,SEA
/nfl/rankings/dynasty-superflex.php,dynasty-op,dsf,Jordan James,27310,RB,SF,256.06,19.08,209,283,,jordan-james.php,,,9.9,,,,,,8.0,Jordan James,2026-08-07,SFO
/nfl/rankings/dynasty-superflex.php,dynasty-op,dsf,Xavier Legette,26136,WR,CAR,251.33,16.77,239,305,,xavier-legette.php,,,3.1,,,,,,5.0,Xavier Legette,2026-08-07,CAR
/nfl/rankings/dynasty-superflex.php,dynasty-op,dsf,Justin Joly,28079,TE,DEN,233.38,32.77,189,298,,justin-joly.php,,,11.0,,,,,,10.0,Justin Joly,2026-08-07,DEN
/nfl/rankings/dynasty-superflex.php,dynasty-op,dsf,Michael Mayer,23056,TE,LV,231.42,16.2,207,254,,michael-mayer.php,,,11.5,,,,,,13.0,Michael Mayer,2026-08-07,LVR
/nfl/rankings/dynasty-superflex.php,dynasty-op,dsf,Jarquez Hunter,24335,RB,LAR,272.82,22.52,240,317,,jarquez-hunter.php,,,3.5,,,,,,11.0,Jarquez Hunter,2026-08-07,LAR
/nfl/rankings/dynasty-superflex.php,dynasty-op,dsf,Theo Johnson,23104,TE,NYG,243.15,21.57,204,285,,theo-johnson.php,,,11.5,,,,,,8.0,Theo Johnson,2026-08-07,NYG
/nfl/rankings/dynasty-superflex.php,dynasty-op,dsf,Carson Beck,22953,QB,ARI,165.25,45.19,125,279,,carson-beck.php,,,12.2,,,,,,14.0,Carson Beck,2026-08-07,ARI
/nfl/rankings/dynasty-superflex.php,dynasty-op,dsf,Cedric Tillman,25287,WR,CLE,255.36,24.55,221,315,,cedric-tillman.php,,,1.1,,,,,,11.0,Cedric Tillman,2026-08-07,CLE
/nfl/rankings/dynasty-superflex.php,dynasty-op,dsf,Adam Randall,24367,RB,BAL,263.13,18.46,214,298,,adam-randall.php,,,5.3,,,,,,13.0,Adam Randall,2026-08-07,BAL
/nfl/rankings/dynasty-superflex.php,dynasty-op,dsf,DeMario Douglas,25304,WR,NE,255.5,25.09,227,306,,demario-douglas.php,,,5.5,,,,,,11.0,Demario Douglas,2026-08-07,NEP
/nfl/rankings/dynasty-superflex.php,dynasty-op,dsf,Brashard Smith,27259,RB,KC,276.35,21.23,253,331,,brashard-smith.php,,,4.8,,,,,,5.0,Brashard Smith,2026-08-07,KCC
/nfl/rankings/dynasty-superflex.php,dynasty-op,dsf,Cooper Kupp,16433,WR,SEA,264.27,31.65,229,326,,cooper-kupp.php,,,17.1,,,,,,11.0,Cooper Kupp,2026-08-07,SEA
/nfl/rankings/dynasty-superflex.php,dynasty-op,dsf,Isaiah Davis,25977,RB,NYJ,271.88,17.71,255,317,,isaiah-davis.php,,,3.3,,,,,,13.0,Isaiah Davis,2026-08-07,NYJ
/nfl/rankings/dynasty-superflex.php,dynasty-op,dsf,DJ Giddens,27097,RB,IND,271.94,17.37,254,307,,dj-giddens.php,,,2.9,,,,,,13.0,DJ Giddens,2026-08-07,IND
/nfl/rankings/dynasty-superflex.php,dynasty-op,dsf,Isaiah Bond,24371,WR,CLE,266.53,29.53,238,330,,isaiah-bond.php,,,2.6,,,,,,11.0,Isaiah Bond,2026-08-07,CLE
/nfl/rankings/dynasty-superflex.php,dynasty-op,dsf,Seth McGowan,23079,RB,IND,269.47,23.87,250,336,,seth-mcgowan.php,,,4.5,,,,,,13.0,Seth McGowan,2026-08-07,IND
/nfl/rankings/dynasty-superflex.php,dynasty-op,dsf,Devaughn Vele,26409,WR,NO,263.5,29.37,232,321,,devaughn-vele.php,,,9.0,,,,,,8.0,Devaughn Vele,2026-08-07,NOS
/nfl/rankings/dynasty-superflex.php,dynasty-op,dsf,Hollywood Brown,18226,WR,PHI,266.0,34.36,230,333,,marquise-brown.php,,,5.4,,,,,,10.0,Marquise Brown,2026-08-07,PHI
/nfl/rankings/dynasty-superflex.php,dynasty-op,dsf,Kendre Miller,24360,RB,NO,281.93,23.46,254,331,,kendre-miller.php,,,5.6,,,,,,8.0,Kendre Miller,2026-08-07,NOS
/nfl/rankings/dynasty-superflex.php,dynasty-op,dsf,Mac Jones,20156,QB,SF,180.0,35.33,137,232,,mac-jones.php,,,8.1,,,,,,8.0,Mac Jones,2026-08-07,SFO
/nfl/rankings/dynasty-superflex.php,dynasty-op,dsf,Trevor Etienne,25393,RB,CAR,279.07,16.61,250,306,,trevor-etienne.php,,,1.5,,,,,,5.0,Trevor Etienne,2026-08-07,CAR
/nfl/rankings/dynasty-superflex.php,dynasty-op,dsf,Evan Engram,16411,TE,DEN,264.83,16.28,234,293,,evan-engram.php,,,13.1,,,,,,10.0,Evan Engram,2026-08-07,DEN
/nfl/rankings/dynasty-superflex.php,dynasty-op,dsf,Tahj Brooks,26212,RB,CIN,280.93,17.29,262,321,,tahj-brooks.php,,,1.5,,,,,,6.0,Tahj Brooks,2026-08-07,CIN
/nfl/rankings/dynasty-superflex.php,dynasty-op,dsf,Eli Heidenreich,28297,RB,PIT,265.83,9.75,249,282,,eli-heidenreich.php,,,2.0,,,,,,9.0,Eli Heidenreich,2026-08-07,PIT
/nfl/rankings/dynasty-superflex.php,dynasty-op,dsf,Caleb Douglas,28135,WR,MIA,246.3,28.93,179,287,,caleb-douglas.php,,,4.4,,,,,,6.0,Caleb Douglas,2026-08-07,MIA
/nfl/rankings/dynasty-superflex.php,dynasty-op,dsf,Darnell Washington,22967,TE,PIT,258.73,35.19,204,318,,darnell-washington.php,,,12.6,,,,,,9.0,Darnell Washington,2026-08-07,PIT
/nfl/rankings/dynasty-superflex.php,dynasty-op,dsf,Isaac Guerendo,26392,RB,SF,289.53,25.71,261,346,,isaac-guerendo.php,,,2.0,,,,,,8.0,Isaac Guerendo,2026-08-07,SFO
/nfl/rankings/dynasty-superflex.php,dynasty-op,dsf,Chris Brooks,25823,RB,GB,277.69,29.54,235,368,,christopher-brooks.php,,,6.3,,,,,,11.0,Chris Brooks,2026-08-07,GBP
/nfl/rankings/dynasty-superflex.php,dynasty-op,dsf,Brenen Thompson,28133,WR,LAC,237.11,26.24,176,272,,brenen-thompson.php,,,3.9,,,,,,7.0,Brenen Thompson,2026-08-07,LAC
/nfl/rankings/dynasty-superflex.php,dynasty-op,dsf,Najee Harris,19302,RB,LAC,271.5,12.21,255,301,,najee-harris-rb.php,,,6.8,,,,,,7.0,Najee Harris,2026-08-07,LAC
/nfl/rankings/dynasty-superflex.php,dynasty-op,dsf,Mike Gesicki,17272,TE,CIN,263.18,23.28,218,301,,mike-gesicki.php,,,10.5,,,,,,6.0,Mike Gesicki,2026-08-07,CIN
/nfl/rankings/dynasty-superflex.php,dynasty-op,dsf,Ja'Tavion Sanders,24334,TE,CAR,273.42,15.49,247,303,,jatavion-sanders.php,,,3.4,,,,,,5.0,JaTavion Sanders,2026-08-07,CAR
/nfl/rankings/dynasty-superflex.php,dynasty-op,dsf,Jake Tonges,24778,TE,SF,265.18,25.0,221,304,,jake-tonges.php,,,14.5,,,,,,8.0,Jake Tonges,2026-08-07,SFO
/nfl/rankings/dynasty-superflex.php,dynasty-op,dsf,Ben Sinnott,26310,TE,WAS,265.55,22.56,239,311,,ben-sinnott.php,,,1.7,,,,,,7.0,Ben Sinnott,2026-08-07,WAS
/nfl/rankings/dynasty-superflex.php,dynasty-op,dsf,Kevin Coleman Jr.,28067,WR,MIA,243.89,20.39,196,265,,kevin-coleman-jr.php,,,2.6,,,,,,6.0,Kevin Coleman,2026-08-07,MIA
/nfl/rankings/dynasty-superflex.php,dynasty-op,dsf,Jalen Royals,27076,WR,KC,259.2,22.42,225,303,,jalen-royals.php,,,1.5,,,,,,5.0,Jalen Royals,2026-08-07,KCC
/nfl/rankings/dynasty-superflex.php,dynasty-op,dsf,LeQuint Allen Jr.,27285,RB,JAC,286.31,20.33,259,319,,lequint-allen-jr.php,,,5.0,,,,,,7.0,LeQuint Allen,2026-08-07,JAC
/nfl/rankings/dynasty-superflex.php,dynasty-op,dsf,Cole Kmet,19229,TE,CHI,264.9,23.85,237,317,,cole-kmet.php,,,7.3,,,,,,10.0,Cole Kmet,2026-08-07,CHI
/nfl/rankings/dynasty-superflex.php,dynasty-op,dsf,Colby Parkinson,19372,TE,LAR,254.11,26.28,208,287,,colby-parkinson.php,,,20.1,,,,,,11.0,Colby Parkinson,2026-08-07,LAR
/nfl/rankings/dynasty-superflex.php,dynasty-op,dsf,Cyrus Allen,28424,WR,KC,254.67,49.93,190,327,,cyrus-allen.php,,,4.0,,,,,19.0,5.0,Cyrus Allen,2026-08-07,KCC
/nfl/rankings/dynasty-superflex.php,dynasty-op,dsf,Anthony Richardson Sr.,24347,QB,IND,171.2,44.79,121,249,,anthony-richardson.php,,,11.1,,,,,,13.0,Anthony Richardson,2026-08-07,IND
/nfl/rankings/dynasty-superflex.php,dynasty-op,dsf,Jerome Ford,22921,RB,WAS,291.25,29.71,263,341,,jerome-ford.php,,,3.4,,,,,,7.0,Jerome Ford,2026-08-07,WAS
/nfl/rankings/dynasty-superflex.php,dynasty-op,dsf,Will Shipley,22930,RB,PHI,291.42,22.5,269,342,,will-shipley.php,,,1.3,,,,,,10.0,Will Shipley,2026-08-07,PHI
/nfl/rankings/dynasty-superflex.php,dynasty-op,dsf,Keenan Allen,11616,WR,LAC,277.1,32.03,229,328,,keenan-allen.php,,,7.1,,,,,,7.0,Keenan Allen,2026-08-07,LAC
/nfl/rankings/dynasty-superflex.php,dynasty-op,dsf,Deshaun Watson,16398,QB,CLE,189.6,52.75,137,282,,deshaun-watson.php,,,16.9,,,,,,11.0,Deshaun Watson,2026-08-07,CLE
/nfl/rankings/dynasty-superflex.php,dynasty-op,dsf,Tyquan Thornton,22913,WR,KC,265.5,19.91,245,303,,tyquan-thornton.php,,,6.4,,,,,,5.0,Tyquan Thornton,2026-08-07,KCC
/nfl/rankings/dynasty-superflex.php,dynasty-op,dsf,Andrei Iosivas,25335,WR,CIN,280.44,22.75,252,329,,andrei-iosivas.php,,,4.4,,,,,,6.0,Andrei Iosivas,2026-08-07,CIN
/nfl/rankings/dynasty-superflex.php,dynasty-op,dsf,Cade Klubnik,24361,QB,NYJ,209.2,64.7,153,317,,cade-klubnik.php,,,6.7,,,,,,13.0,Cade Klubnik,2026-08-07,NYJ
/nfl/rankings/dynasty-superflex.php,dynasty-op,dsf,Tanner Koziol,27499,TE,JAC,282.67,19.26,256,309,,tanner-koziol.php,,,1.9,,,,,,7.0,Tanner Koziol,2026-08-07,JAC
/nfl/rankings/dynasty-superflex.php,dynasty-op,dsf,Kirk Cousins,11177,QB,LV,215.0,51.71,156,299,,kirk-cousins.php,,,10.9,,,,,,13.0,Kirk Cousins,2026-08-07,LVR
/nfl/rankings/dynasty-superflex.php,dynasty-op,dsf,Sam Roush,28161,TE,CHI,275.38,23.05,238,314,,sam-roush.php,,,1.5,,,,,,10.0,Sam Roush,2026-08-07,CHI
/nfl/rankings/dynasty-superflex.php,dynasty-op,dsf,Devin Singletary,18280,RB,NYG,286.11,24.78,265,338,,devin-singletary.php,,,1.3,,,,,,8.0,Devin Singletary,2026-08-07,NYG
/nfl/rankings/dynasty-superflex.php,dynasty-op,dsf,Luke McCaffrey,26328,WR,WAS,288.33,33.49,242,330,,luke-mccaffrey.php,,,1.2,,,,,,7.0,Luke McCaffrey,2026-08-07,WAS
/nfl/rankings/dynasty-superflex.php,dynasty-op,dsf,Marlin Klein,28157,TE,HOU,284.5,19.35,247,308,,marlin-klein.php,,,1.2,,,,,,8.0,Marlin Klein,2026-08-07,HOU
/nfl/rankings/dynasty-superflex.php,dynasty-op,dsf,Justice Hill,18256,RB,BAL,295.78,22.12,269,325,,justice-hill.php,,,9.3,,,,,,13.0,Justice Hill,2026-08-07,BAL
/nfl/rankings/dynasty-superflex.php,dynasty-op,dsf,Darius Slayton,18706,WR,NYG,288.0,27.86,245,330,,darius-slayton.php,,,4.4,,,,,,8.0,Darius Slayton,2026-08-07,NYG
/nfl/rankings/dynasty-superflex.php,dynasty-op,dsf,George Holani,22915,RB,SEA,289.75,25.17,257,339,,george-holani.php,,,7.8,,,,,,11.0,George Holani,2026-08-07,SEA
/nfl/rankings/dynasty-superflex.php,dynasty-op,dsf,Justin Fields,19781,QB,KC,208.0,60.61,143,293,,justin-fields.php,,,8.0,,,,,,5.0,Justin Fields,2026-08-07,KCC
/nfl/rankings/dynasty-superflex.php,dynasty-op,dsf,Dont'e Thornton Jr.,27288,WR,LV,295.25,24.48,266,348,,donte-thornton-jr.php,,,1.5,,,,,,13.0,Donte Thornton,2026-08-07,LVR
/nfl/rankings/dynasty-superflex.php,dynasty-op,dsf,Jack Endries,27501,TE,CIN,295.5,21.95,257,321,,jack-endries.php,,,5.8,,,,,,6.0,Jack Endries,2026-08-07,CIN
/nfl/rankings/dynasty-superflex.php,dynasty-op,dsf,Jalen Tolbert,23770,WR,MIA,272.0,30.59,222,308,,jalen-tolbert.php,,,4.9,,,,,,6.0,Jalen Tolbert,2026-08-07,MIA
/nfl/rankings/dynasty-superflex.php,dynasty-op,dsf,Drew Allar,24345,QB,PIT,225.0,69.75,157,334,,drew-allar.php,,,2.0,,,,,,9.0,Drew Allar,2026-08-07,PIT
/nfl/rankings/dynasty-superflex.php,dynasty-op,dsf,Matt Hibner,28168,TE,BAL,288.43,29.2,223,320,,matthew-hibner.php,,,2.6,,,,,7.0,13.0,Matt Hibner,2026-08-07,BAL
/nfl/rankings/dynasty-superflex.php,dynasty-op,dsf,Zavion Thomas,28132,WR,CHI,293.43,28.61,245,340,,zavion-thomas.php,,,5.1,,,,,,10.0,Zavion Thomas,2026-08-07,CHI
/nfl/rankings/dynasty-superflex.php,dynasty-op,dsf,Joshua Palmer,22845,WR,BUF,303.88,33.77,239,354,,josh-palmer.php,,,1.1,,,,,,7.0,Josh Palmer,2026-08-07,BUF
/nfl/rankings/dynasty-superflex.php,dynasty-op,dsf,Deion Burks,27093,WR,IND,283.5,16.88,263,304,,deion-burks.php,,,2.1,,,,,,13.0,Deion Burks,2026-08-07,IND
/nfl/rankings/dynasty-superflex.php,dynasty-op,dsf,Emari Demercado,25654,RB,KC,306.63,32.93,252,345,,emari-demercado.php,,,2.4,,,,,,5.0,Emari Demercado,2026-08-07,KCC
/nfl/rankings/dynasty-superflex.php,dynasty-op,dsf,Jaylin Lane,27454,WR,WAS,291.17,23.76,253,321,,jaylin-lane.php,,,2.0,,,,,,7.0,Jaylin Lane,2026-08-07,WAS
/nfl/rankings/dynasty-superflex.php,dynasty-op,dsf,CJ Daniels,28125,WR,LAR,291.83,32.67,253,332,,cj-daniels.php,,,1.9,,,,,,11.0,CJ Daniels,2026-08-07,LAR
/nfl/rankings/dynasty-superflex.php,dynasty-op,dsf,Savion Williams,27144,WR,GB,294.17,14.78,280,324,,savion-williams.php,,,1.1,,,,,,11.0,Savion Williams,2026-08-07,GBP
/nfl/rankings/dynasty-superflex.php,dynasty-op,dsf,Jordan Whittington,23135,WR,LAR,320.33,22.19,284,351,,jordan-whittington.php,,,0.8,,,,,,11.0,Jordan Whittington,2026-08-07,LAR
/nfl/rankings/dynasty-superflex.php,dynasty-op,dsf,Charlie Kolar,22756,TE,LAC,283.8,45.21,231,343,,charlie-kolar.php,,,2.0,,,,,,7.0,Charlie Kolar,2026-08-07,LAC
/nfl/rankings/dynasty-superflex.php,dynasty-op,dsf,Michael Trigg,23167,TE,DAL,298.5,21.44,259,329,,michael-trigg.php,,,8.9,,,,,,14.0,Michael Trigg,2026-08-07,DAL
/nfl/rankings/dynasty-superflex.php,dynasty-op,dsf,Tyler Higbee,15623,TE,LAR,317.25,27.25,269,363,,tyler-higbee.php,,,3.1,,,,,,11.0,Tyler Higbee,2026-08-07,LAR
/nfl/rankings/dynasty-superflex.php,dynasty-op,dsf,J'Mari Taylor,28109,RB,JAC,300.33,25.13,264,339,,jmari-taylor.php,,,3.9,,,,,,7.0,JMari Taylor,2026-08-07,JAC
/nfl/rankings/dynasty-superflex.php,dynasty-op,dsf,Audric Estime,23054,RB,NO,301.33,31.48,270,345,,audric-estime.php,,,3.6,,,,,,8.0,Audric Estime,2026-08-07,NOS
/nfl/rankings/dynasty-superflex.php,dynasty-op,dsf,Konata Mumpfield,27449,WR,LAR,287.4,48.04,224,365,,konata-mumpfield.php,,,1.1,,,,,,11.0,Konata Mumpfield,2026-08-07,LAR
/nfl/rankings/dynasty-superflex.php,dynasty-op,dsf,Mitchell Evans,27138,TE,CAR,302.33,48.0,234,369,,mitchell-evans.php,,,0.7,,,,,,5.0,Mitchell Evans,2026-08-07,CAR
/nfl/rankings/dynasty-superflex.php,dynasty-op,dsf,Roman Hemby,25387,RB,LV,302.67,21.48,271,329,,roman-hemby.php,,,0.0,,,,,,13.0,Roman Hemby,2026-08-07,LVR
/nfl/rankings/dynasty-superflex.php,dynasty-op,dsf,Josh Cameron,28137,WR,JAC,303.33,23.54,265,344,,josh-cameron.php,,,1.6,,,,,,7.0,Josh Cameron,2026-08-07,JAC
/nfl/rankings/dynasty-superflex.php,dynasty-op,dsf,Calvin Austin III,23739,WR,NYG,289.8,25.48,250,323,,calvin-austin.php,,,2.4,,,,,,8.0,Calvin Austin,2026-08-07,NYG
/nfl/rankings/dynasty-superflex.php,dynasty-op,dsf,Tutu Atwell,20126,WR,MIA,304.0,33.63,264,371,,tutu-atwell.php,,,1.5,,,,,,6.0,Tutu Atwell,2026-08-07,MIA
/nfl/rankings/dynasty-superflex.php,dynasty-op,dsf,Jahan Dotson,23101,WR,ATL,291.2,30.7,231,313,,jahan-dotson.php,,,4.0,,,,,,11.0,Jahan Dotson,2026-08-07,ATL
/nfl/rankings/dynasty-superflex.php,dynasty-op,dsf,Malik Davis,24205,RB,DAL,292.8,52.94,210,352,,malik-davis.php,,,3.0,,,,,,14.0,Malik Davis,2026-08-07,DAL
/nfl/rankings/dynasty-superflex.php,dynasty-op,dsf,Malik Benson,26012,WR,LV,296.0,29.07,259,331,,malik-benson.php,,,1.5,,,,,,13.0,Malik Benson,2026-08-07,LVR
/nfl/rankings/dynasty-superflex.php,dynasty-op,dsf,Dawson Knox,18631,TE,BUF,309.5,25.5,287,361,,dawson-knox.php,,,7.4,,,,,,7.0,Dawson Knox,2026-08-07,BUF
/nfl/rankings/dynasty-superflex.php,dynasty-op,dsf,John Metchie III,22895,WR,CAR,310.17,27.96,261,346,,john-metchie.php,,,1.8,,,,,,5.0,John Metchie,2026-08-07,CAR
/nfl/rankings/dynasty-superflex.php,dynasty-op,dsf,Garrett Nussmeier,22998,QB,KC,250.67,69.86,167,338,,garrett-nussmeier.php,,,7.4,,,,,,5.0,Garrett Nussmeier,2026-08-07,KCC
/nfl/rankings/dynasty-superflex.php,dynasty-op,dsf,Taylen Green,28094,QB,CLE,256.0,60.51,177,324,,taylen-green.php,,,3.9,,,,,6.0,11.0,Taylen Green,2026-08-07,CLE
/nfl/rankings/dynasty-superflex.php,dynasty-op,dsf,Samaje Perine,16423,RB,CIN,287.0,48.68,207,337,,samaje-perine.php,,,5.1,,,,,,6.0,Samaje Perine,2026-08-07,CIN
/nfl/rankings/dynasty-superflex.php,dynasty-op,dsf,Erick All Jr.,23837,TE,CIN,317.17,31.66,287,370,,erick-all.php,,,1.3,,,,,,6.0,Erick All,2026-08-07,CIN
/nfl/rankings/dynasty-superflex.php,dynasty-op,dsf,Noah Gray,19539,TE,KC,317.5,17.8,289,347,,noah-gray.php,,,4.0,,,,,,5.0,Noah Gray,2026-08-07,KCC
/nfl/rankings/dynasty-superflex.php,dynasty-op,dsf,KeAndre Lambert-Smith,24372,WR,LAC,317.83,15.72,285,334,,keandre-lambert-smith.php,,,0.7,,,,,,7.0,KeAndre Lambert-Smith,2026-08-07,LAC
/nfl/rankings/dynasty-superflex.php,dynasty-op,dsf,Jam Miller,27326,RB,NE,291.5,27.5,265,336,,jam-miller.php,,,1.3,,,,,,11.0,Jam Miller,2026-08-07,NEP
/nfl/rankings/dynasty-superflex.php,dynasty-op,dsf,Jaleel McLaughlin,25876,RB,DEN,320.17,37.83,273,375,,jaleel-mclaughlin.php,,,0.7,,,,,,10.0,Jaleel McLaughlin,2026-08-07,DEN
/nfl/rankings/dynasty-superflex.php,dynasty-op,dsf,Will Howard,25972,QB,PIT,271.33,63.07,207,357,,will-howard.php,,,3.9,,,,,,9.0,Will Howard,2026-08-07,PIT
/nfl/rankings/dynasty-superflex.php,dynasty-op,dsf,Quinn Ewers,23680,QB,MIA,273.0,57.73,211,350,,quinn-ewers.php,,,3.4,,,,,,6.0,Quinn Ewers,2026-08-07,MIA
/nfl/rankings/dynasty-superflex.php,dynasty-op,dsf,Noah Fant,17527,TE,NO,313.4,33.42,283,360,,noah-fant.php,,,2.2,,,,,,8.0,Noah Fant,2026-08-07,NOS
/nfl/rankings/dynasty-superflex.php,dynasty-op,dsf,Jalen Milroe,22884,QB,SEA,277.0,73.49,182,361,,jalen-milroe.php,,,3.0,,,,,,11.0,Jalen Milroe,2026-08-07,SEA
/nfl/rankings/dynasty-superflex.php,dynasty-op,dsf,Jeff Caldwell,28425,WR,KC,324.5,19.87,305,360,,jeff-caldwell.php,,,2.1,,,,,,5.0,Jeff Caldwell,2026-08-07,KCC
/nfl/rankings/dynasty-superflex.php,dynasty-op,dsf,Devontez Walker,26011,WR,BAL,303.5,32.14,263,353,,devontez-walker.php,,,0.9,,,,,,13.0,Devontez Walker,2026-08-07,BAL
/nfl/rankings/dynasty-superflex.php,dynasty-op,dsf,Joe Royer,27312,TE,CLE,326.67,22.02,301,363,,joe-royer.php,,,1.6,,,,,,11.0,Joe Royer,2026-08-07,CLE
/nfl/rankings/dynasty-superflex.php,dynasty-op,dsf,Barion Brown,25416,WR,NO,320.4,26.69,279,358,,barion-brown.php,,,1.1,,,,,,8.0,Barion Brown,2026-08-07,NOS
/nfl/rankings/dynasty-superflex.php,dynasty-op,dsf,Tyson Bagent,25321,QB,CHI,247.0,69.0,178,316,,tyson-bagent.php,,,2.1,,,,,,10.0,Tyson Bagent,2026-08-07,CHI
/nfl/rankings/dynasty-superflex.php,dynasty-op,dsf,Luke Musgrave,25282,TE,GB,322.0,11.73,307,335,,luke-musgrave.php,,,7.0,,,,,,11.0,Luke Musgrave,2026-08-07,GBP
/nfl/rankings/dynasty-superflex.php,dynasty-op,dsf,Colbie Young,26037,WR,CIN,314.5,43.64,270,386,,colbie-young.php,,,1.5,,,,,,6.0,Colbie Young,2026-08-07,CIN
/nfl/rankings/dynasty-superflex.php,dynasty-op,dsf,Mack Hollins,16489,WR,NE,312.75,40.83,263,355,,mack-hollins.php,,,2.9,,,,,,11.0,Mack Hollins,2026-08-07,NEP
/nfl/rankings/dynasty-superflex.php,dynasty-op,dsf,Ja'Lynn Polk,26205,WR,FA,313.0,38.7,246,337,,jalynn-polk.php,,,0.6,,,,,,,JaLynn Polk,2026-08-07,FA
/nfl/rankings/dynasty-superflex.php,dynasty-op,dsf,Nate Boerkircher,28427,TE,JAC,327.8,21.23,306,366,,nate-boerkircher.php,,,0.9,,,,,,7.0,Nate Boerkircher,2026-08-07,JAC
/nfl/rankings/dynasty-superflex.php,dynasty-op,dsf,Eric Rivers Jr.,28128,WR,TB,319.0,26.1,302,364,,eric-rivers.php,,,1.0,,,,,,10.0,Eric Rivers,2026-08-07,TBB
/nfl/rankings/dynasty-superflex.php,dynasty-op,dsf,Treylon Burks,22905,WR,WAS,334.2,30.58,291,384,,treylon-burks.php,,,3.6,,,,,,7.0,Treylon Burks,2026-08-07,WAS
/nfl/rankings/dynasty-superflex.php,dynasty-op,dsf,Kendrick Law,26044,WR,DET,305.67,48.58,257,372,,kendrick-law.php,,,1.5,,,,,,6.0,Kendrick Law,2026-08-07,DET
/nfl/rankings/dynasty-superflex.php,dynasty-op,dsf,Joe Mixon,16420,RB,FA,305.67,21.67,280,333,,joe-mixon.php,,,10.4,,,,,,,Joe Mixon,2026-08-07,FA
/nfl/rankings/dynasty-superflex.php,dynasty-op,dsf,Ty Johnson,18406,RB,BUF,322.25,37.37,274,367,,ty-johnson.php,,,3.2,,,,,,7.0,Ty Johnson,2026-08-07,BUF
/nfl/rankings/dynasty-superflex.php,dynasty-op,dsf,Elijah Higgins,23119,TE,ARI,324.0,36.27,288,377,,elijah-higgins.php,,,0.9,,,,,,14.0,Elijah Higgins,2026-08-07,ARI
/nfl/rankings/dynasty-superflex.php,dynasty-op,dsf,Jameis Winston,13891,QB,NYG,278.0,95.0,183,373,,jameis-winston.php,,,5.1,,,,,-5.0,8.0,Jameis Winston,2026-08-07,NYG
/nfl/rankings/dynasty-superflex.php,dynasty-op,dsf,Marcus Mariota,13890,QB,WAS,278.0,93.0,185,371,,marcus-mariota.php,,,3.5,,,,,,7.0,Marcus Mariota,2026-08-07,WAS
/nfl/rankings/dynasty-superflex.php,dynasty-op,dsf,Joe Milton III,25967,QB,DAL,279.0,95.0,184,374,,joe-milton.php,,,2.4,,,,,,14.0,Joe Milton,2026-08-07,DAL
/nfl/rankings/dynasty-superflex.php,dynasty-op,dsf,Tyren Montgomery,28423,WR,TEN,334.8,20.26,312,370,,tyren-montgomery.php,,,0.0,,,,,,9.0,Tyren Montgomery,2026-08-07,TEN
/nfl/rankings/dynasty-superflex.php,dynasty-op,dsf,Dyami Brown,20113,WR,WAS,330.0,25.63,293,365,,dyami-brown.php,,,0.8,,,,,,7.0,Dyami Brown,2026-08-07,WAS
/nfl/rankings/dynasty-superflex.php,dynasty-op,dsf,Tai Felton,27182,WR,MIN,331.5,36.39,288,368,,tai-felton.php,,,0.6,,,,,,6.0,Tai Felton,2026-08-07,MIN
/nfl/rankings/dynasty-superflex.php,dynasty-op,dsf,Zach Ertz,11689,TE,FA,319.33,31.98,285,362,,zach-ertz.php,,,1.3,,,,,,,Zach Ertz,2026-08-07,FA
/nfl/rankings/dynasty-superflex.php,dynasty-op,dsf,Dae'Quan Wright,28159,TE,PHI,342.0,40.52,304,410,,daequan-wright.php,,,0.0,,,,,,10.0,DaeQuan Wright,2026-08-07,PHI
/nfl/rankings/dynasty-superflex.php,dynasty-op,dsf,KaVontae Turpin,18520,WR,DAL,321.0,49.52,251,358,,kavontae-turpin.php,,,3.5,,,,,,14.0,KaVontae Turpin,2026-08-07,DAL
/nfl/rankings/dynasty-superflex.php,dynasty-op,dsf,Phil Mafah,22928,RB,DAL,341.0,68.18,258,425,,phil-mafah.php,,,0.9,,,,,,14.0,Phil Mafah,2026-08-07,DAL
/nfl/rankings/dynasty-superflex.php,dynasty-op,dsf,Cole Payton,28302,QB,PHI,302.0,54.0,248,356,,cole-payton.php,,,0.7,,,,,,10.0,Cole Payton,2026-08-07,PHI
/nfl/rankings/dynasty-superflex.php,dynasty-op,dsf,Dallen Bentley,28352,TE,DEN,340.25,27.24,312,385,,dallen-bentley.php,,,1.1,,,,,,10.0,Dallen Bentley,2026-08-07,DEN
/nfl/rankings/dynasty-superflex.php,dynasty-op,dsf,Robert Henry Jr.,28404,RB,WAS,326.0,12.33,312,342,,robert-henry-jr.php,,,0.0,,,,,,7.0,Robert Henry,2026-08-07,WAS
/nfl/rankings/dynasty-superflex.php,dynasty-op,dsf,Riley Nowakowski,28437,TE,PIT,331.0,40.13,295,387,,riley-nowakowski.php,,,0.7,,,,,,9.0,Riley Nowakowski,2026-08-07,PIT
/nfl/rankings/dynasty-superflex.php,dynasty-op,dsf,Aaron Anderson,27500,WR,CLE,305.0,44.0,261,349,,aaron-anderson.php,,,1.2,,,,,,11.0,Aaron Anderson,2026-08-07,CLE
/nfl/rankings/dynasty-superflex.php,dynasty-op,dsf,Darren Waller,14104,TE,FA,306.0,63.0,243,369,,darren-waller.php,,,1.8,,,,,,,Darren Waller,2026-08-07,FA
/nfl/rankings/dynasty-superflex.php,dynasty-op,dsf,Spencer Rattler,23081,QB,NO,306.0,40.0,266,346,,spencer-rattler.php,,,1.2,,,,,,8.0,Spencer Rattler,2026-08-07,NOS
/nfl/rankings/dynasty-superflex.php,dynasty-op,dsf,Tyler Conklin,17598,TE,DET,326.0,86.0,240,412,,tyler-conklin.php,,,0.6,,,,,,6.0,Tyler Conklin,2026-08-07,DET
/nfl/rankings/dynasty-superflex.php,dynasty-op,dsf,Bam Knight,24901,RB,ARI,353.25,46.4,298,426,,zonovan-bam-knight.php,,,0.7,,,,,,14.0,Bam Knight,2026-08-07,ARI
/nfl/rankings/dynasty-superflex.php,dynasty-op,dsf,Jaren Kanak,28160,TE,TEN,337.0,39.05,300,391,,jaren-kanak.php,,,0.0,,,,,,9.0,Jaren Kanak,2026-08-07,TEN
/nfl/rankings/dynasty-superflex.php,dynasty-op,dsf,Will Kacmarek,28403,TE,MIA,333.33,34.7,291,376,,will-kacmarek.php,,,5.4,,,,,,6.0,Will Kacmarek,2026-08-07,MIA
/nfl/rankings/dynasty-superflex.php,dynasty-op,dsf,Carsen Ryan,28399,TE,CLE,337.33,35.98,308,388,,carsen-ryan.php,,,1.1,,,,,,11.0,Carsen Ryan,2026-08-07,CLE
/nfl/rankings/dynasty-superflex.php,dynasty-op,dsf,Jonnu Smith,16460,TE,FA,312.5,13.5,299,326,,jonnu-smith.php,,,3.8,,,,,-9.0,,Jonnu Smith,2026-08-07,FA
/nfl/rankings/dynasty-superflex.php,dynasty-op,dsf,Reggie Virgil,28141,WR,ARI,341.67,39.67,306,397,,reggie-virgil.php,,,0.7,,,,,,14.0,Reggie Virgil,2026-08-07,ARI
/nfl/rankings/dynasty-superflex.php,dynasty-op,dsf,Josh Cuevas,28155,TE,BAL,339.67,35.04,311,389,,josh-cuevas.php,,,0.6,,,,,,13.0,Josh Cuevas,2026-08-07,BAL
/nfl/rankings/dynasty-superflex.php,dynasty-op,dsf,Kaden Wetjen,28435,WR,PIT,343.67,38.78,310,398,,kaden-wetjen.php,,,0.7,,,,,,9.0,Kaden Wetjen,2026-08-07,PIT
/nfl/rankings/dynasty-superflex.php,dynasty-op,dsf,Roschon Johnson,25322,RB,CHI,338.0,67.0,271,405,,roschon-johnson.php,,,0.6,,,,,,10.0,Roschon Johnson,2026-08-07,CHI
/nfl/rankings/dynasty-superflex.php,dynasty-op,dsf,DeAndre Hopkins,11606,WR,BAL,351.75,25.66,328,392,,deandre-hopkins.php,,,0.6,,,,,,13.0,DeAndre Hopkins,2026-08-07,BAL
/nfl/rankings/dynasty-superflex.php,dynasty-op,dsf,Rasheen Ali,25983,RB,BAL,341.0,66.0,275,407,,rasheen-ali.php,,,1.1,,,,,,13.0,Rasheen Ali,2026-08-07,BAL
/nfl/rankings/dynasty-superflex.php,dynasty-op,dsf,Jeremy McNichols,16445,RB,WAS,341.5,64.5,277,406,,jeremy-mcnichols.php,,,0.6,,,,,13.0,7.0,Jeremy McNichols,2026-08-07,WAS
/nfl/rankings/dynasty-superflex.php,dynasty-op,dsf,Seydou Traore,28163,TE,MIA,343.0,65.0,278,408,,seydou-traore.php,,,0.0,,,,,,6.0,Seydou Traore,2026-08-07,MIA
/nfl/rankings/dynasty-superflex.php,dynasty-op,dsf,Jawhar Jordan,26329,RB,HOU,336.5,45.5,291,382,,jawhar-jordan.php,,,0.7,,,,,,8.0,Jawhar Jordan,2026-08-07,HOU
/nfl/rankings/dynasty-superflex.php,dynasty-op,dsf,Thomas Fidone II,23039,TE,NYG,361.33,40.6,325,418,,thomas-fidone.php,,,1.0,,,,,13.0,8.0,Thomas Fidone,2026-08-07,NYG
/nfl/rankings/dynasty-superflex.php,dynasty-op,dsf,Olamide Zaccheaus,18864,WR,ATL,353.33,26.39,329,390,,olamide-zaccheaus.php,,,2.9,,,,,,11.0,Olamide Zaccheaus,2026-08-07,ATL
/nfl/rankings/dynasty-superflex.php,dynasty-op,dsf,Austin Hooper,15581,TE,ATL,346.0,37.0,309,383,,austin-hooper.php,,,1.4,,,,,,11.0,Austin Hooper,2026-08-07,ATL
/nfl/rankings/dynasty-superflex.php,dynasty-op,dsf,Chase Roberts,28131,WR,LV,366.0,55.0,311,421,,chase-roberts.php,,,0.0,,,,,,13.0,Chase Roberts,2026-08-07,LVR
/nfl/rankings/dynasty-superflex.php,dynasty-op,dsf,Kendrick Bourne,17066,WR,ARI,346.0,34.0,312,380,,kendrick-bourne.php,,,3.1,,,,,,14.0,Kendrick Bourne,2026-08-07,ARI
/nfl/rankings/dynasty-superflex.php,dynasty-op,dsf,Eric McAlister,28134,WR,FA,356.5,43.5,313,400,,eric-mcalister.php,,,4.0,,,,,,,Eric McAlister,2026-08-07,FA
/nfl/rankings/dynasty-superflex.php,dynasty-op,dsf,Josh Oliver,18487,TE,MIN,358.0,44.0,314,402,,josh-oliver.php,,,0.7,,,,,,6.0,Josh Oliver,2026-08-07,MIN
/nfl/rankings/dynasty-superflex.php,dynasty-op,dsf,Jordan Watkins,27486,WR,SF,348.0,31.0,317,379,,jordan-watkins.php,,,1.0,,,,,,8.0,Jordan Watkins,2026-08-07,SFO
/nfl/rankings/dynasty-superflex.php,dynasty-op,dsf,John Michael Gyllenborg,28158,TE,KC,374.5,55.5,319,430,,john-michael-gyllenborg.php,,,1.8,,,,,,5.0,John Michael Gyllenborg,2026-08-07,KCC
/nfl/rankings/dynasty-superflex.php,dynasty-op,dsf,Dean Connors,28113,RB,LAR,376.5,57.5,319,434,,dean-connors.php,,,1.0,,,,,,11.0,Dean Connors,2026-08-07,LAR
/nfl/rankings/dynasty-superflex.php,dynasty-op,dsf,Kareem Hunt,16425,RB,FA,346.0,13.0,333,359,,kareem-hunt.php,,,1.3,,,,,,,Kareem Hunt,2026-08-07,FA
/nfl/rankings/dynasty-superflex.php,dynasty-op,dsf,Jared Wiley,26343,TE,KC,374.5,52.5,322,427,,jared-wiley.php,,,1.0,,,,,,5.0,Jared Wiley,2026-08-07,KCC
/nfl/rankings/dynasty-superflex.php,dynasty-op,dsf,Terion Stewart,28111,RB,KC,358.5,35.5,323,394,,terion-stewart.php,,,0.0,,,,,,5.0,Terion Stewart,2026-08-07,KCC
/nfl/rankings/dynasty-superflex.php,dynasty-op,dsf,Adam Trautman,19423,TE,DEN,359.0,34.0,325,393,,adam-trautman.php,,,0.6,,,,,,10.0,Adam Trautman,2026-08-07,DEN
/nfl/rankings/dynasty-superflex.php,dynasty-op,dsf,Jeremy Ruckert,23742,TE,NYJ,380.0,55.0,325,435,,jeremy-ruckert.php,,,0.6,,,,,-12.0,13.0,Jeremy Ruckert,2026-08-07,NYJ
/nfl/rankings/dynasty-superflex.php,dynasty-op,dsf,Jaydn Ott,25394,RB,KC,383.5,55.5,328,439,,jaydn-ott.php,,,1.0,,,,,,5.0,Jaydn Ott,2026-08-07,KCC
/nfl/rankings/dynasty-superflex.php,dynasty-op,dsf,Xavier Hutchinson,25332,WR,HOU,378.33,38.44,344,432,,xavier-hutchinson.php,,,0.9,,,,,,8.0,Xavier Hutchinson,2026-08-07,HOU
/nfl/rankings/dynasty-superflex.php,dynasty-op,dsf,Efton Chism III,27445,WR,NE,371.5,39.5,332,411,,efton-chismi.php,,,0.6,,,,,,11.0,Efton Chism,2026-08-07,NEP
/nfl/rankings/dynasty-superflex.php,dynasty-op,dsf,Nick Westbrook-Ikhine,19747,WR,IND,379.0,40.0,339,419,,nick-westbrook.php,,,1.0,,,,,,13.0,Nick Westbrook-Ikhine,2026-08-07,IND
/nfl/rankings/dynasty-superflex.php,dynasty-op,dsf,Elijah Moore,20114,WR,PHI,341.0,0.0,341,341,,elijah-moore.php,,,0.6,,,,,,10.0,Elijah Moore,2026-08-07,PHI
/nfl/rankings/dynasty-superflex.php,dynasty-op,dsf,Grant Calcaterra,24180,TE,PHI,393.0,50.0,343,443,,grant-calcaterra.php,,,0.7,,,,,,10.0,Grant Calcaterra,2026-08-07,PHI
/nfl/rankings/dynasty-superflex.php,dynasty-op,dsf,Jahdae Walker,27810,WR,CHI,393.5,50.5,343,444,,jahdae-walker.php,,,0.9,,,,,,10.0,Jahdae Walker,2026-08-07,CHI
/nfl/rankings/dynasty-superflex.php,dynasty-op,dsf,Austin Ekeler,16483,RB,FA,400.0,52.0,348,452,,austin-ekeler.php,,,1.6,,,,,,,Austin Ekeler,2026-08-07,FA
/nfl/rankings/dynasty-superflex.php,dynasty-op,dsf,Jimmy Horn Jr.,27294,WR,CAR,381.5,31.5,350,413,,jimmy-horn-jr.php,,,0.8,,,,,,5.0,Jimmy Horn,2026-08-07,CAR
/nfl/rankings/dynasty-superflex.php,dynasty-op,dsf,Roman Wilson,28896,WR,PIT,401.5,44.5,357,446,,roman-wilson-wr.php,,,1.5,,,,,,9.0,Roman Wilson,2026-08-07,PIT
/nfl/rankings/dynasty-superflex.php,dynasty-op,dsf,Daniel Bellinger,24238,TE,TEN,380.5,18.5,362,399,,daniel-bellinger.php,,,3.2,,,,,,9.0,Daniel Bellinger,2026-08-07,TEN
/nfl/rankings/dynasty-superflex.php,dynasty-op,dsf,Cade Stover,25269,TE,HOU,371.0,7.0,364,378,,cade-stover.php,,,0.6,,,,,,8.0,Cade Stover,2026-08-07,HOU
/nfl/rankings/dynasty-superflex.php,dynasty-op,dsf,Tommy Tremble,22795,TE,CAR,387.5,21.5,366,409,,tommy-tremble.php,,,0.8,,,,,,5.0,Tommy Tremble,2026-08-07,CAR
/nfl/rankings/dynasty-superflex.php,dynasty-op,dsf,Jalin Hyatt,25251,WR,NYG,381.0,0.0,381,381,,jalin-hyatt.php,,,2.6,,,,,,8.0,Jalin Hyatt,2026-08-07,NYG
/nfl/rankings/dynasty-superflex.php,dynasty-op,dsf,Curtis Samuel,16434,WR,FA,395.0,0.0,395,395,,curtis-samuel.php,,,2.0,,,,,,,Curtis Samuel,2026-08-07,FA
/nfl/rankings/dynasty-superflex.php,dynasty-op,dsf,Trey Palmer,25331,WR,NO,396.0,0.0,396,396,,trey-palmer.php,,,3.6,,,,,,8.0,Trey Palmer,2026-08-07,NOS
/nfl/rankings/dynasty-superflex.php,dynasty-op,dsf,Nick Chubb,17246,RB,FA,401.0,0.0,401,401,,nick-chubb.php,,,0.9,,,,,,,Nick Chubb,2026-08-07,FA
/nfl/rankings/dynasty-superflex.php,dynasty-op,dsf,Jacob Cowing,25289,WR,SF,403.0,0.0,403,403,,jacob-cowing.php,,,0.6,,,,,,8.0,Jacob Cowing,2026-08-07,SFO
/nfl/rankings/dynasty-superflex.php,dynasty-op,dsf,Demarcus Robinson,15665,WR,SF,404.0,0.0,404,404,,demarcus-robinson.php,,,0.8,,,,,,8.0,Demarcus Robinson,2026-08-07,SFO
/nfl/rankings/dynasty-superflex.php,dynasty-op,dsf,Taysom Hill,17115,TE,FA,414.0,0.0,414,414,,taysom-hill.php,,,0.7,,,,,-14.0,,Taysom Hill,2026-08-07,FA
/nfl/rankings/dynasty-superflex.php,dynasty-op,dsf,Isaiah Hodgins,19375,WR,NYG,415.0,0.0,415,415,,isaiah-hodgins.php,,,0.1,,,,,,8.0,Isaiah Hodgins,2026-08-07,NYG
/nfl/rankings/dynasty-superflex.php,dynasty-op,dsf,RJ Maryland,27341,TE,GB,416.0,0.0,416,416,,rj-maryland.php,,,0.0,,,,,,11.0,RJ Maryland,2026-08-07,GBP
/nfl/rankings/dynasty-superflex.php,dynasty-op,dsf,Foster Moreau,18397,TE,HOU,417.0,0.0,417,417,,foster-moreau.php,,,0.7,,,,,,8.0,Foster Moreau,2026-08-07,HOU
/nfl/rankings/dynasty-superflex.php,dynasty-op,dsf,Dameon Pierce,22947,RB,PHI,420.0,0.0,420,420,,dameon-pierce.php,,,0.8,,,,,,10.0,Dameon Pierce,2026-08-07,PHI
/nfl/rankings/dynasty-superflex.php,dynasty-op,dsf,Luke Schoonmaker,25267,TE,DAL,422.0,0.0,422,422,,luke-schoonmaker.php,,,0.9,,,,,,14.0,Luke Schoonmaker,2026-08-07,DAL
/nfl/rankings/dynasty-superflex.php,dynasty-op,dsf,Van Jefferson,19483,WR,WAS,423.0,0.0,423,423,,van-jefferson.php,,,0.9,,,,,,7.0,Van Jefferson,2026-08-07,WAS
/nfl/rankings/dynasty-superflex.php,dynasty-op,dsf,Brevin Jordan,20162,TE,HOU,424.0,0.0,424,424,,brevin-jordan.php,,,1.0,,,,,,8.0,Brevin Jordan,2026-08-07,HOU
/nfl/rankings/dynasty-superflex.php,dynasty-op,dsf,Dillon Gabriel,23150,QB,CLE,428.0,0.0,428,428,,dillon-gabriel.php,,,0.6,,,,,,11.0,Dillon Gabriel,2026-08-07,CLE
/nfl/rankings/dynasty-superflex.php,dynasty-op,dsf,Kalif Raymond,16081,WR,CHI,429.0,0.0,429,429,,kalif-raymond.php,,,0.8,,,,,,10.0,Kalif Raymond,2026-08-07,CHI
/nfl/rankings/dynasty-superflex.php,dynasty-op,dsf,Raheim Sanders,24351,RB,CLE,431.0,0.0,431,431,,raheim-sanders.php,,,0.6,,,,,,11.0,Raheim Sanders,2026-08-07,CLE
/nfl/rankings/dynasty-superflex.php,dynasty-op,dsf,Xavier Restrepo,27066,WR,TEN,433.0,0.0,433,433,,xavier-restrepo.php,,,1.1,,,,,,9.0,Xavier Restrepo,2026-08-07,TEN
/nfl/rankings/dynasty-superflex.php,dynasty-op,dsf,Antonio Gibson,19624,RB,FA,436.0,0.0,436,436,,antonio-gibson.php,,,1.3,,,,,,,Antonio Gibson,2026-08-07,FA
/nfl/rankings/dynasty-superflex.php,dynasty-op,dsf,Gabe Davis,19398,WR,FA,437.0,0.0,437,437,,gabriel-davis.php,,,1.0,,,,,,,Gabriel Davis,2026-08-07,FA
/nfl/rankings/dynasty-superflex.php,dynasty-op,dsf,Ty Chandler,19471,RB,NO,438.0,0.0,438,438,,ty-chandler.php,,,0.7,,,,,,8.0,Ty Chandler,2026-08-07,NOS
/nfl/rankings/dynasty-superflex.php,dynasty-op,dsf,Tyrell Shavers,25813,WR,BUF,440.0,0.0,440,440,,tyrell-shavers.php,,,0.6,,,,,,7.0,Tyrell Shavers,2026-08-07,BUF
/nfl/rankings/dynasty-superflex.php,dynasty-op,dsf,Theo Wease Jr.,27222,WR,MIA,441.0,0.0,441,441,,theo-wease-jr.php,,,2.2,,,,,,6.0,Theo Wease,2026-08-07,MIA
/nfl/rankings/dynasty-superflex.php,dynasty-op,dsf,Bo Melton,24049,WR,GB,442.0,0.0,442,442,,bo-melton.php,,,0.6,,,,,,11.0,Bo Melton,2026-08-07,GBP
/nfl/rankings/dynasty-superflex.php,dynasty-op,dsf,Miles Sanders,18283,RB,FA,445.0,0.0,445,445,,miles-sanders.php,,,1.0,,,,,,,Miles Sanders,2026-08-07,FA
/nfl/rankings/dynasty-superflex.php,dynasty-op,dsf,Tyler Lockett,13971,WR,LV,447.0,0.0,447,447,,tyler-lockett.php,,,0.6,,,,,,13.0,Tyler Lockett,2026-08-07,LVR
/nfl/rankings/dynasty-superflex.php,dynasty-op,dsf,Diontae Johnson,18615,WR,FA,448.0,0.0,448,448,,diontae-johnson.php,,,1.0,,,,,,,Diontae Johnson,2026-08-07,FA
/nfl/rankings/dynasty-superflex.php,dynasty-op,dsf,Davis Mills,22799,QB,HOU,449.0,0.0,449,449,,davis-mills.php,,,1.4,,,,,,8.0,Davis Mills,2026-08-07,HOU
/nfl/rankings/dynasty-superflex.php,dynasty-op,dsf,Brandin Cooks,12122,WR,FA,450.0,0.0,450,450,,brandin-cooks.php,,,0.6,,,,,,,Brandin Cooks,2026-08-07,FA
/nfl/rankings/dynasty-superflex.php,dynasty-op,dsf,Jermaine Burton,22956,WR,FA,451.0,0.0,451,451,,jermaine-burton.php,,,1.1,,,,,,,Jermaine Burton,2026-08-07,FA
/nfl/rankings/dynasty-superflex.php,dynasty-op,dsf,Elijah Mitchell,22813,RB,PHI,453.0,0.0,453,453,,elijah-mitchell-rb.php,,,0.7,,,,,,10.0,Elijah Mitchell,2026-08-07,PHI
/nfl/rankings/dynasty-superflex.php,dynasty-op,dsf,Zack Moss,19263,RB,FA,454.0,0.0,454,454,,zack-moss.php,,,1.6,,,,,,,Zack Moss,2026-08-07,FA
/nfl/rankings/dynasty-superflex.php,dynasty-op,dsf,Damien Martinez,25976,RB,GB,455.0,0.0,455,455,,damien-martinez.php,,,0.7,,,,,,11.0,Damien Martinez,2026-08-07,GBP
/nfl/rankings/dynasty-superflex.php,dynasty-op,dsf,Raheem Mostert,14338,RB,LV,456.0,0.0,456,456,,raheem-mostert.php,,,0.6,,,,,,13.0,Raheem Mostert,2026-08-07,LVR
/nfl/rankings/dynasty-superflex.php,dynasty-op,dsf,Alexander Mattison,18621,RB,FA,457.0,0.0,457,457,,alexander-mattison.php,,,1.0,,,,,,,Alexander Mattison,2026-08-07,FA
/nfl/rankings/dynasty-superflex.php,dynasty-op,dsf,Sincere McCormick,23172,RB,SF,458.0,0.0,458,458,,sincere-mccormick.php,,,1.0,,,,,,8.0,Sincere McCormick,2026-08-07,SFO
/nfl/rankings/dynasty-superflex.php,dynasty-op,dsf,Khalil Herbert,22763,RB,SF,459.0,0.0,459,459,,khalil-herbert.php,,,1.4,,,,,,8.0,Khalil Herbert,2026-08-07,SFO
/nfl/rankings/dynasty-superflex.php,dynasty-op,dsf,Dane Key,26015,WR,DEN,460.0,0.0,460,460,,dane-key.php,,,1.0,,,,,,10.0,Dane Key,2026-08-07,DEN
/nfl/rankings/dynasty-superflex.php,dynasty-op,dsf,Harrison Wallace III,28143,WR,ARI,461.0,0.0,461,461,,harrison-wallace-iii.php,,,0.0,,,,,,14.0,Harrison Wallace,2026-08-07,ARI
/nfl/rankings/dynasty-superflex.php,dynasty-op,dsf,Romello Brinson,28152,WR,FA,462.0,0.0,462,462,,romello-brinson.php,,,0.0,,,,,,,Romello Brinson,2026-08-07,FA
/nfl/rankings/dynasty-superflex.php,dynasty-op,dsf,Zamir White,20095,RB,LV,463.0,0.0,463,463,,zamir-white.php,,,1.6,,,,,,13.0,Zamir White,2026-08-07,LVR
/nfl/rankings/dynasty-superflex.php,dynasty-op,dsf,Noah Thomas,28136,WR,CIN,464.0,0.0,464,464,,noah-thomas.php,,,1.1,,,,,,6.0,Noah Thomas,2026-08-07,CIN
/nfl/rankings/dynasty-superflex.php,dynasty-op,dsf,CJ Donaldson,25396,RB,NO,465.0,0.0,465,465,,cj-donaldson.php,,,2.3,,,,,,8.0,CJ Donaldson,2026-08-07,NOS
/nfl/rankings/dynasty-superflex.php,dynasty-op,dsf,Noah Whittington,28115,RB,HOU,466.0,0.0,466,466,,noah-whittington.php,,,0.0,,,,,,8.0,Noah Whittington,2026-08-07,HOU
/nfl/rankings/dynasty-superflex.php,dynasty-op,dsf,Daylan Smothers,28085,RB,FA,467.0,0.0,467,467,,daylan-smothers.php,,,1.1,,,,,,,Daylan Smothers,2026-08-07,FA
/nfl/rankings/dynasty-superflex.php,dynasty-op,dsf,Desmond Reid,28110,RB,FA,468.0,0.0,468,468,,desmond-reid.php,,,0.0,,,,,,,Desmond Reid,2026-08-07,FA
/nfl/rankings/dynasty-superflex.php,dynasty-op,dsf,Rahsul Faison,28112,RB,FA,469.0,0.0,469,469,,rahsul-faison.php,,,0.0,,,,,,,Rahsul Faison,2026-08-07,FA
/nfl/rankings/dynasty-superflex.php,dynasty-op,dsf,Mark Fletcher,27325,RB,FA,470.0,0.0,470,470,,mark-fletcher.php,,,1.0,,,,,,,Mark Fletcher,2026-08-07,FA
/nfl/rankings/dynasty-superflex.php,dynasty-op,dsf,Trebor Pena,28139,WR,JAC,471.0,0.0,471,471,,trebor-pena.php,,,0.0,,,,,,7.0,Trebor Pena,2026-08-07,JAC
/nfl/rankings/dynasty-superflex.php,dynasty-op,dsf,Joe Flacco,9300,QB,CIN,472.0,0.0,472,472,,joe-flacco.php,,,3.5,,,,,,6.0,Joe Flacco,2026-08-07,CIN
/nfl/rankings/dynasty-superflex.php,dynasty-op,dsf,Chip Trayanum,28114,RB,NYJ,473.0,0.0,473,473,,chip-trayanum.php,,,1.2,,,,,,13.0,Chip Trayanum,2026-08-07,NYJ
/nfl/rankings/dynasty-superflex.php,dynasty-op,dsf,Malachi Corley,26023,WR,CLE,474.0,0.0,474,474,,malachi-corley.php,,,0.6,,,,,,11.0,Malachi Corley,2026-08-07,CLE
/nfl/rankings/dynasty-superflex.php,dynasty-op,dsf,Sam Howell,23045,QB,DAL,475.0,0.0,475,475,,sam-howell.php,,,0.6,,,,,,14.0,Sam Howell,2026-08-07,DAL
/nfl/rankings/dynasty-superflex.php,dynasty-op,dsf,Riley Leonard,25373,QB,IND,476.0,0.0,476,476,,riley-leonard.php,,,2.8,,,,,,13.0,Riley Leonard,2026-08-07,IND
/nfl/rankings/dynasty-superflex.php,dynasty-op,dsf,Tyler Huntley,19297,QB,BAL,477.0,0.0,477,477,,tyler-huntley.php,,,3.1,,,,,,13.0,Tyler Huntley,2026-08-07,BAL
/nfl/rankings/dynasty-superflex.php,dynasty-op,dsf,Zach Wilson,22679,QB,NO,478.0,0.0,478,478,,zach-wilson.php,,,0.6,,,,,,8.0,Zach Wilson,2026-08-07,NOS
/nfl/rankings/dynasty-superflex.php,dynasty-op,dsf,Tanner McKee,24740,QB,PHI,479.0,0.0,479,479,,tanner-mckee.php,,,2.0,,,,,,10.0,Tanner McKee,2026-08-07,PHI
/nfl/rankings/dynasty-superflex.php,dynasty-op,dsf,Kenny McIntosh,25329,RB,FA,480.0,0.0,480,480,,kenny-mcintosh.php,,,1.0,,,,,,,Kenny McIntosh,2026-08-07,FA
/nfl/rankings/dynasty-superflex.php,dynasty-op,dsf,Brock Wright,23341,TE,DET,481.0,0.0,481,481,,brock-wright.php,,,0.7,,,,,,6.0,Brock Wright,2026-08-07,DET
/nfl/rankings/dynasty-superflex.php,dynasty-op,dsf,Carson Wentz,15520,QB,MIN,482.0,0.0,482,482,,carson-wentz.php,,,0.8,,,,,,6.0,Carson Wentz,2026-08-07,MIN
/nfl/rankings/dynasty-superflex.php,dynasty-op,dsf,Davis Allen,23761,TE,LAR,483.0,0.0,483,483,,davis-allen.php,,,0.6,,,,,,11.0,Davis Allen,2026-08-07,LAR
/nfl/rankings/dynasty-superflex.php,dynasty-op,dsf,Aidan O'Connell,24330,QB,LV,484.0,0.0,484,484,,aidan-oconnell.php,,,0.6,,,,,,13.0,Aidan OConnell,2026-08-07,LVR
/nfl/rankings/dynasty-superflex.php,dynasty-op,dsf,Javon Baker,22885,WR,FA,485.0,0.0,485,485,,javon-baker.php,,,1.0,,,,,,,Javon Baker,2026-08-07,FA
/nfl/rankings/dynasty-superflex.php,dynasty-op,dsf,Trey Lance,20082,QB,LAC,486.0,0.0,486,486,,trey-lance.php,,,1.0,,,,,-6.0,7.0,Trey Lance,2026-08-07,LAC
/nfl/rankings/dynasty-superflex.php,dynasty-op,dsf,Will Dissly,18049,TE,FA,487.0,0.0,487,487,,will-dissly.php,,,1.0,,,,,,,Will Dissly,2026-08-07,FA
/nfl/rankings/dynasty-superflex.php,dynasty-op,dsf,Jackson Hawes,27469,TE,BUF,488.0,0.0,488,488,,jackson-hawes.php,,,0.6,,,,,,7.0,Jackson Hawes,2026-08-07,BUF
/nfl/rankings/dynasty-superflex.php,dynasty-op,dsf,Jake Bobo,25339,WR,SEA,489.0,0.0,489,489,,jake-bobo.php,,,0.6,,,,,,11.0,Jake Bobo,2026-08-07,SEA
/nfl/rankings/dynasty-superflex.php,dynasty-op,dsf,Will Levis,22987,QB,TEN,490.0,0.0,490,490,,will-levis.php,,,1.5,,,,,,9.0,Will Levis,2026-08-07,TEN
/nfl/rankings/dynasty-superflex.php,dynasty-op,dsf,Kenny Pickett,22722,QB,CAR,491.0,0.0,491,491,,kenny-pickett.php,,,1.0,,,,,,5.0,Kenny Pickett,2026-08-07,CAR
/nfl/rankings/dynasty-superflex.php,dynasty-op,dsf,Mason Rudolph,17234,QB,PIT,492.0,0.0,492,492,,mason-rudolph.php,,,0.7,,,,,,9.0,Mason Rudolph,2026-08-07,PIT
/nfl/rankings/dynasty-superflex.php,dynasty-op,dsf,Greg Dortch,18585,WR,DET,493.0,0.0,493,493,,greg-dortch.php,,,1.5,,,,,,6.0,Greg Dortch,2026-08-07,DET
/nfl/rankings/dynasty-superflex.php,dynasty-op,dsf,Ashton Dulin,18656,WR,IND,494.0,0.0,494,494,,ashton-dulin.php,,,0.7,,,,,,13.0,Ashton Dulin,2026-08-07,IND
/nfl/rankings/dynasty-superflex.php,dynasty-op,dsf,Gardner Minshew II,18562,QB,ARI,495.0,0.0,495,495,,gardner-minshew.php,,,1.7,,,,,,14.0,Gardner Minshew,2026-08-07,ARI
/nfl/rankings/dynasty-superflex.php,dynasty-op,dsf,Jake Browning,18557,QB,TB,496.0,0.0,496,496,,jake-browning.php,,,0.6,,,,,,10.0,Jake Browning,2026-08-07,TBB
/nfl/rankings/dynasty-superflex.php,dynasty-op,dsf,Joshua Dobbs,16417,QB,FA,497.0,0.0,497,497,,joshua-dobbs.php,,,0.6,,,,,,,Joshua Dobbs,2026-08-07,FA
/nfl/rankings/dynasty-superflex.php,dynasty-op,dsf,Hunter Long,22783,TE,JAC,498.0,0.0,498,498,,hunter-long.php,,,1.0,,,,,-10.0,7.0,Hunter Long,2026-08-07,JAC
/nfl/rankings/dynasty-superflex.php,dynasty-op,dsf,Julian Hill,25824,TE,NE,499.0,0.0,499,499,,julian-hill.php,,,0.6,,,,,,11.0,Julian Hill,2026-08-07,NEP
/nfl/rankings/dynasty-superflex.php,dynasty-op,dsf,Mitchell Trubisky,16381,QB,TEN,500.0,0.0,500,500,,mitch-trubisky.php,,,0.6,,,,,,9.0,Mitchell Trubisky,2026-08-07,TEN
/nfl/rankings/dynasty-superflex.php,dynasty-op,dsf,Isaiah Williams,10977,WR,FA,501.0,0.0,501,501,,isaiah-williams.php,,,0.0,,,,,,,Isaiah Williams,2026-08-07,FA
/nfl/rankings/dynasty-superflex.php,dynasty-op,dsf,Noah Brown,16443,WR,FA,502.0,0.0,502,502,,noah-brown.php,,,1.3,,,,,,,Noah Brown,2026-08-07,FA
/nfl/rankings/dynasty-superflex.php,dynasty-op,dsf,Josh Reynolds,16439,WR,FA,503.0,0.0,503,503,,josh-reynolds.php,,,2.1,,,,,,,Josh Reynolds,2026-08-07,FA
/nfl/rankings/dynasty-superflex.php,dynasty-op,dsf,JuJu Smith-Schuster,16427,WR,NYG,504.0,0.0,504,504,,juju-smith-schuster.php,,,1.1,,,,,,8.0,JuJu Smith-Schuster,2026-08-07,NYG
/nfl/rankings/dynasty-superflex.php,dynasty-op,dsf,Sterling Shepard,15569,WR,FA,505.0,0.0,505,505,,sterling-shepard.php,,,1.8,,,,,,,Sterling Shepard,2026-08-07,FA
/nfl/rankings/dynasty-superflex.php,dynasty-op,dsf,Dohnte Meyers,28178,WR,CIN,506.0,0.0,506,506,,dohnte-meyers.php,,,0.0,,,,,,6.0,Dohnte Meyers,2026-08-07,CIN
/nfl/rankings/dynasty-superflex.php,dynasty-op,dsf,Damien Alford,28451,WR,FA,507.0,0.0,507,507,,damien-alford.php,,,1.5,,,,,,,Damien Alford,2026-08-07,FA
/nfl/rankings/dynasty-superflex.php,dynasty-op,dsf,Jared Wayne,25495,WR,HOU,508.0,0.0,508,508,,jared-wayne.php,,,0.0,,,,,,8.0,Jared Wayne,2026-08-07,HOU
/nfl/rankings/dynasty-superflex.php,dynasty-op,dsf,Kevin Austin Jr.,23049,WR,NO,509.0,0.0,509,509,,kevin-austin.php,,,1.0,,,,,,8.0,Kevin Austin,2026-08-07,NOS
/nfl/rankings/dynasty-superflex.php,dynasty-op,dsf,Lil'Jordan Humphrey,18590,WR,DEN,510.0,0.0,510,510,,liljordan-humphrey.php,,,1.1,,,,,,10.0,LilJordan Humphrey,2026-08-07,DEN
/nfl/rankings/dynasty-superflex.php,dynasty-op,dsf,Jamari Thrash,26162,WR,CLE,511.0,0.0,511,511,,jamari-thrash.php,,,1.1,,,,,,11.0,Jamari Thrash,2026-08-07,CLE
/nfl/rankings/dynasty-superflex.php,dynasty-op,dsf,Marquez Valdes-Scantling,17528,WR,DAL,512.0,0.0,512,512,,marquez-valdesscantling.php,,,0.7,,,,,,14.0,Marquez Valdes-Scantling,2026-08-07,DAL
/nfl/rankings/dynasty-superflex.php,dynasty-op,dsf,Arian Smith,22965,WR,NYJ,513.0,0.0,513,513,,arian-smith.php,,,0.7,,,,,,13.0,Arian Smith,2026-08-07,NYJ
/nfl/rankings/dynasty-superflex.php,dynasty-op,dsf,Tim Patrick,16556,WR,NYJ,514.0,0.0,514,514,,tim-patrick.php,,,1.0,,,,,,13.0,Tim Patrick,2026-08-07,NYJ
/nfl/rankings/dynasty-superflex.php,dynasty-op,dsf,Mitch Tinsley,24370,WR,CIN,515.0,0.0,515,515,,mitchell-tinsley.php,,,0.6,,,,,,6.0,Mitch Tinsley,2026-08-07,CIN
/nfl/rankings/dynasty-superflex.php,dynasty-op,dsf,Tanner Hudson,17826,TE,CIN,516.0,0.0,516,516,,tanner-hudson.php,,,1.2,,,,,,6.0,Tanner Hudson,2026-08-07,CIN
/nfl/rankings/dynasty-superflex.php,dynasty-op,dsf,Zay Jones,16431,WR,FA,517.0,0.0,517,517,,zay-jones.php,,,1.0,,,,,,,Zay Jones,2026-08-07,FA
/nfl/rankings/dynasty-superflex.php,dynasty-op,dsf,Darius Cooper,27866,WR,PHI,518.0,0.0,518,518,,darius-cooper.php,,,0.6,,,,,,10.0,Darius Cooper,2026-08-07,PHI
/nfl/rankings/dynasty-superflex.php,dynasty-op,dsf,Jonathan Mingo,23030,WR,DAL,519.0,0.0,519,519,,jonathan-mingo.php,,,0.6,,,,,,14.0,Jonathan Mingo,2026-08-07,DAL
/nfl/rankings/dynasty-superflex.php,dynasty-op,dsf,Tyler Johnson,18633,WR,DAL,520.0,0.0,520,520,,tyler-johnson.php,,,1.1,,,,,,14.0,Tyler Johnson,2026-08-07,DAL
/nfl/rankings/dynasty-superflex.php,dynasty-op,dsf,Vinny Anthony II,28150,WR,ATL,521.0,0.0,521,521,,vinny-anthony-ii.php,,,0.0,,,,,,11.0,Vinny Anthony,2026-08-07,ATL
/nfl/rankings/dynasty-superflex.php,dynasty-op,dsf,Nick Nash,27263,WR,WAS,522.0,0.0,522,522,,nick-nash.php,,,1.0,,,,,,7.0,Nick Nash,2026-08-07,WAS
/nfl/rankings/dynasty-superflex.php,dynasty-op,dsf,Tyler Scott,25442,WR,LAR,523.0,0.0,523,523,,tyler-scott-wr.php,,,3.2,,,,,,11.0,Tyler Scott,2026-08-07,LAR
/nfl/rankings/dynasty-superflex.php,dynasty-op,dsf,David Moore,16757,WR,CAR,524.0,0.0,524,524,,david-moore.php,,,0.8,,,,,,5.0,David Moore,2026-08-07,CAR
/nfl/rankings/dynasty-superflex.php,dynasty-op,dsf,Allen Lazard,17301,WR,FA,525.0,0.0,525,525,,allen-lazard.php,,,1.0,,,,,,,Allen Lazard,2026-08-07,FA
/nfl/rankings/dynasty-superflex.php,dynasty-op,dsf,Cedrick Wilson Jr.,17262,WR,DET,526.0,0.0,526,526,,cedrick-wilson.php,,,0.6,,,,,,6.0,Cedrick Wilson,2026-08-07,DET
/nfl/rankings/dynasty-superflex.php,dynasty-op,dsf,Casey Washington,26413,WR,CAR,527.0,0.0,527,527,,casey-washington.php,,,0.0,,,,,,5.0,Casey Washington,2026-08-07,CAR
/nfl/rankings/dynasty-superflex.php,dynasty-op,dsf,Chris Moore,15654,WR,BAL,528.0,0.0,528,528,,chris-moore.php,,,0.0,,,,,,13.0,Chris Moore,2026-08-07,BAL
/nfl/rankings/dynasty-superflex.php,dynasty-op,dsf,Ricky White III,27186,WR,SEA,529.0,0.0,529,529,,ricky-white-iii.php,,,1.0,,,,,,11.0,Ricky White,2026-08-07,SEA
/nfl/rankings/dynasty-superflex.php,dynasty-op,dsf,Ray-Ray McCloud III,17530,WR,FA,530.0,0.0,530,530,,ray-ray-mccloud.php,,,1.0,,,,,,,Ray-Ray McCloud,2026-08-07,FA
/nfl/rankings/dynasty-superflex.php,dynasty-op,dsf,Dante Pettis,17264,WR,BUF,531.0,0.0,531,531,,dante-pettis.php,,,1.0,,,,,,7.0,Dante Pettis,2026-08-07,BUF
/nfl/rankings/dynasty-superflex.php,dynasty-op,dsf,Scotty Miller,18714,WR,CHI,532.0,0.0,532,532,,scott-miller.php,,,0.1,,,,,,10.0,Scott Miller,2026-08-07,CHI
/nfl/rankings/dynasty-superflex.php,dynasty-op,dsf,Ben Skowronek,22843,WR,PIT,533.0,0.0,533,533,,ben-skowronek.php,,,0.1,,,,,,9.0,Ben Skowronek,2026-08-07,PIT
/nfl/rankings/dynasty-superflex.php,dynasty-op,dsf,Michael Bandy,23531,WR,DEN,534.0,0.0,534,534,,michael-bandy.php,,,1.0,,,,,,10.0,Michael Bandy,2026-08-07,DEN
/nfl/rankings/dynasty-superflex.php,dynasty-op,dsf,Shedrick Jackson,25709,WR,LV,535.0,0.0,535,535,,shedrick-jackson.php,,,1.0,,,,,,13.0,Shedrick Jackson,2026-08-07,LVR
/nfl/rankings/dynasty-superflex.php,dynasty-op,dsf,Xavier Smith,25627,WR,LAR,536.0,0.0,536,536,,xavier-smith.php,,,0.6,,,,,,11.0,Xavier Smith,2026-08-07,LAR
/nfl/rankings/dynasty-superflex.php,dynasty-op,dsf,Johnny Wilson,25295,WR,PHI,537.0,0.0,537,537,,johnny-wilson.php,,,1.1,,,,,,10.0,Johnny Wilson,2026-08-07,PHI
/nfl/rankings/dynasty-superflex.php,dynasty-op,dsf,David Sills V,18566,WR,TB,538.0,0.0,538,538,,david-sills.php,,,0.0,,,,,,10.0,David Sills,2026-08-07,TBB
/nfl/rankings/dynasty-superflex.php,dynasty-op,dsf,Henry Ruggs III,19207,WR,FA,539.0,0.0,539,539,,henry-ruggs.php,,,7.6,,,,,,,Henry Ruggs,2026-08-07,FA
/nfl/rankings/dynasty-superflex.php,dynasty-op,dsf,Skyy Moore,23905,WR,GB,540.0,0.0,540,540,,skyy-moore.php,,,0.8,,,,,,11.0,Skyy Moore,2026-08-07,GBP
/nfl/rankings/dynasty-overall.php,dynasty-overall,do,Ja'Marr Chase,19788,WR,CIN,1.15,0.36,1,2,,jamarr-chase.php,,,99.3,,,,,,6.0,JaMarr Chase,2026-08-07,CIN
/nfl/rankings/dynasty-overall.php,dynasty-overall,do,Jaxon Smith-Njigba,23070,WR,SEA,3.1,1.45,2,6,,jaxon-smith-njigba.php,,,99.6,,,,,,11.0,Jaxon Smith-Njigba,2026-08-07,SEA
/nfl/rankings/dynasty-overall.php,dynasty-overall,do,Bijan Robinson,23133,RB,ATL,3.75,1.55,1,6,,bijan-robinson.php,,,99.4,,,,,,11.0,Bijan Robinson,2026-08-07,ATL
/nfl/rankings/dynasty-overall.php,dynasty-overall,do,Puka Nacua,23180,WR,LAR,4.0,1.38,2,7,,puka-nacua.php,,,99.5,,,,,,11.0,Puka Nacua,2026-08-07,LAR
/nfl/rankings/dynasty-overall.php,dynasty-overall,do,Jahmyr Gibbs,22968,RB,DET,4.5,1.07,3,6,,jahmyr-gibbs.php,,,99.4,,,,,,6.0,Jahmyr Gibbs,2026-08-07,DET
/nfl/rankings/dynasty-overall.php,dynasty-overall,do,Amon-Ra St. Brown,19799,WR,DET,6.75,2.17,4,10,,amonra-stbrown.php,,,99.3,,,,,,6.0,Amon-Ra St Brown,2026-08-07,DET
/nfl/rankings/dynasty-overall.php,dynasty-overall,do,Justin Jefferson,19236,WR,MIN,7.4,2.11,4,13,,justin-jefferson.php,,,99.3,,,,,,6.0,Justin Jefferson,2026-08-07,MIN
/nfl/rankings/dynasty-overall.php,dynasty-overall,do,Ashton Jeanty,25989,RB,LV,9.5,1.32,8,13,,ashton-jeanty.php,,,99.2,,,,,,13.0,Ashton Jeanty,2026-08-07,LVR
/nfl/rankings/dynasty-overall.php,dynasty-overall,do,Malik Nabers,25409,WR,NYG,10.3,4.01,4,19,,malik-nabers.php,,,98.1,,,,,,8.0,Malik Nabers,2026-08-07,NYG
/nfl/rankings/dynasty-overall.php,dynasty-overall,do,CeeDee Lamb,19202,WR,DAL,10.3,4.24,7,27,,ceedee-lamb.php,,,99.4,,,,,,14.0,CeeDee Lamb,2026-08-07,DAL
/nfl/rankings/dynasty-overall.php,dynasty-overall,do,Drake London,23163,WR,ATL,12.1,1.58,10,15,,drake-london.php,,,99.2,,,,,,11.0,Drake London,2026-08-07,ATL
/nfl/rankings/dynasty-overall.php,dynasty-overall,do,Jeremiyah Love,25403,RB,ARI,12.3,1.79,9,16,,jeremiyah-love.php,,,98.2,,,,,,14.0,Jeremiyah Love,2026-08-07,ARI
/nfl/rankings/dynasty-overall.php,dynasty-overall,do,De'Von Achane,23136,RB,MIA,15.1,2.91,11,22,,devon-achane.php,,,99.2,,,,,,6.0,DeVon Achane,2026-08-07,MIA
/nfl/rankings/dynasty-overall.php,dynasty-overall,do,Omarion Hampton,25395,RB,LAC,16.05,3.6,11,24,,omarion-hampton.php,,,98.7,,,,,,7.0,Omarion Hampton,2026-08-07,LAC
/nfl/rankings/dynasty-overall.php,dynasty-overall,do,Brock Bowers,22955,TE,LV,16.45,5.85,6,23,,brock-bowers.php,,,99.2,,,,,,13.0,Brock Bowers,2026-08-07,LVR
/nfl/rankings/dynasty-overall.php,dynasty-overall,do,Tetairoa McMillan,25417,WR,CAR,17.6,4.18,14,30,,tetairoa-mcmillan.php,,,97.8,,,,,,5.0,Tetairoa McMillan,2026-08-07,CAR
/nfl/rankings/dynasty-overall.php,dynasty-overall,do,James Cook III,22958,RB,BUF,19.4,4.72,15,29,,james-cook.php,,,99.5,,,,,,7.0,James Cook,2026-08-07,BUF
/nfl/rankings/dynasty-overall.php,dynasty-overall,do,Nico Collins,20130,WR,HOU,20.1,5.49,14,33,,nico-collins.php,,,99.2,,,,,,8.0,Nico Collins,2026-08-07,HOU
/nfl/rankings/dynasty-overall.php,dynasty-overall,do,Josh Allen,17298,QB,BUF,20.55,5.89,7,39,,josh-allen-qb.php,,,99.5,,,,,,7.0,Josh Allen,2026-08-07,BUF
/nfl/rankings/dynasty-overall.php,dynasty-overall,do,Jonathan Taylor,19217,RB,IND,21.55,6.29,10,37,,jonathan-taylor.php,,,99.3,,,,,,13.0,Jonathan Taylor,2026-08-07,IND
/nfl/rankings/dynasty-overall.php,dynasty-overall,do,Emeka Egbuka,23062,WR,TB,22.0,6.01,16,43,,emeka-egbuka.php,,,96.5,,,,,,10.0,Emeka Egbuka,2026-08-07,TBB
/nfl/rankings/dynasty-overall.php,dynasty-overall,do,George Pickens,22963,WR,DAL,22.4,5.42,14,39,,george-pickens.php,,,99.2,,,,,,14.0,George Pickens,2026-08-07,DAL
/nfl/rankings/dynasty-overall.php,dynasty-overall,do,Drake Maye,23046,QB,NE,24.65,6.34,10,42,,drake-maye.php,,,98.6,,,,,,11.0,Drake Maye,2026-08-07,NEP
/nfl/rankings/dynasty-overall.php,dynasty-overall,do,Trey McBride,22936,TE,ARI,25.75,7.77,9,44,,trey-mcbride.php,,,99.3,,,,,,14.0,Trey McBride,2026-08-07,ARI
/nfl/rankings/dynasty-overall.php,dynasty-overall,do,Kenneth Walker III,23021,RB,KC,27.05,6.18,21,49,,kenneth-walker-rb.php,,,99.3,,,,,,5.0,Kenneth Walker,2026-08-07,KCC
/nfl/rankings/dynasty-overall.php,dynasty-overall,do,Chris Olave,20111,WR,NO,27.2,4.96,19,38,,chris-olave.php,,,98.1,,,,,,8.0,Chris Olave,2026-08-07,NOS
/nfl/rankings/dynasty-overall.php,dynasty-overall,do,Carnell Tate,26009,WR,TEN,27.7,5.25,20,39,,carnell-tate.php,,,92.9,,,,,,9.0,Carnell Tate,2026-08-07,TEN
/nfl/rankings/dynasty-overall.php,dynasty-overall,do,Garrett Wilson,23072,WR,NYJ,29.85,5.73,20,40,,garrett-wilson.php,,,97.3,,,,,,13.0,Garrett Wilson,2026-08-07,NYJ
/nfl/rankings/dynasty-overall.php,dynasty-overall,do,Ladd McConkey,26122,WR,LAC,32.3,5.51,25,47,,ladd-mcconkey.php,,,95.7,,,,,,7.0,Ladd McConkey,2026-08-07,LAC
/nfl/rankings/dynasty-overall.php,dynasty-overall,do,Jayden Daniels,22902,QB,WAS,33.25,8.16,21,52,,jayden-daniels.php,,,97.4,,,,,,7.0,Jayden Daniels,2026-08-07,WAS
/nfl/rankings/dynasty-overall.php,dynasty-overall,do,Luther Burden III,27016,WR,CHI,33.5,6.05,22,50,,luther-burden-iii.php,,,93.4,,,,,,10.0,Luther Burden,2026-08-07,CHI
/nfl/rankings/dynasty-overall.php,dynasty-overall,do,DeVonta Smith,19222,WR,PHI,33.65,5.31,26,42,,devonta-smith.php,,,97.8,,,,,,10.0,DeVonta Smith,2026-08-07,PHI
/nfl/rankings/dynasty-overall.php,dynasty-overall,do,Zay Flowers,22916,WR,BAL,34.1,7.56,24,54,,zay-flowers.php,,,97.1,,,,,,13.0,Zay Flowers,2026-08-07,BAL
/nfl/rankings/dynasty-overall.php,dynasty-overall,do,Breece Hall,22982,RB,NYJ,35.1,8.82,22,52,,breece-hall.php,,,97.6,,,,,,13.0,Breece Hall,2026-08-07,NYJ
/nfl/rankings/dynasty-overall.php,dynasty-overall,do,A.J. Brown,18218,WR,NE,35.2,7.87,20,49,,aj-brown.php,,,99.2,,,,,,11.0,AJ Brown,2026-08-07,NEP
/nfl/rankings/dynasty-overall.php,dynasty-overall,do,Colston Loveland,26006,TE,CHI,36.2,10.9,15,50,,colston-loveland.php,,,98.6,,,,,,10.0,Colston Loveland,2026-08-07,CHI
/nfl/rankings/dynasty-overall.php,dynasty-overall,do,Jordyn Tyson,26035,WR,NO,36.85,8.82,22,67,,jordyn-tyson.php,,,88.6,,,,,,8.0,Jordyn Tyson,2026-08-07,NOS
/nfl/rankings/dynasty-overall.php,dynasty-overall,do,Lamar Jackson,17233,QB,BAL,37.2,10.08,20,67,,lamar-jackson.php,,,99.1,,,,,,13.0,Lamar Jackson,2026-08-07,BAL
/nfl/rankings/dynasty-overall.php,dynasty-overall,do,Chase Brown,25324,RB,CIN,38.55,5.65,24,50,,chase-brown.php,,,98.7,,,,,,6.0,Chase Brown,2026-08-07,CIN
/nfl/rankings/dynasty-overall.php,dynasty-overall,do,Makai Lemon,25420,WR,PHI,41.8,7.32,33,68,,makai-lemon.php,,,87.4,,,,,,10.0,Makai Lemon,2026-08-07,PHI
/nfl/rankings/dynasty-overall.php,dynasty-overall,do,Jaylen Waddle,19790,WR,DEN,43.0,7.11,33,58,,jaylen-waddle.php,,,95.7,,,,,,10.0,Jaylen Waddle,2026-08-07,DEN
/nfl/rankings/dynasty-overall.php,dynasty-overall,do,Tee Higgins,19211,WR,CIN,43.1,7.88,32,67,,tee-higgins.php,,,97.4,,,,,,6.0,Tee Higgins,2026-08-07,CIN
/nfl/rankings/dynasty-overall.php,dynasty-overall,do,Rashee Rice,23113,WR,KC,44.25,15.01,22,82,,rashee-rice.php,,,98.1,,,,,,5.0,Rashee Rice,2026-08-07,KCC
/nfl/rankings/dynasty-overall.php,dynasty-overall,do,Tyler Warren,26434,TE,IND,44.85,7.51,28,60,,tyler-warren.php,,,98.3,,,,,,13.0,Tyler Warren,2026-08-07,IND
/nfl/rankings/dynasty-overall.php,dynasty-overall,do,Joe Burrow,19196,QB,CIN,45.0,7.4,28,68,,joe-burrow.php,,,98.0,,,,,-1.0,6.0,Joe Burrow,2026-08-07,CIN
/nfl/rankings/dynasty-overall.php,dynasty-overall,do,Caleb Williams,23084,QB,CHI,46.0,16.09,16,96,,caleb-williams.php,,,93.0,,,,,,10.0,Caleb Williams,2026-08-07,CHI
/nfl/rankings/dynasty-overall.php,dynasty-overall,do,Rome Odunze,25411,WR,CHI,47.15,8.75,33,70,,rome-odunze.php,,,91.8,,,,,,10.0,Rome Odunze,2026-08-07,CHI
/nfl/rankings/dynasty-overall.php,dynasty-overall,do,TreVeyon Henderson,23065,RB,NE,50.2,9.13,39,68,,treveyon-henderson.php,,,93.4,,,,,,11.0,TreVeyon Henderson,2026-08-07,NEP
/nfl/rankings/dynasty-overall.php,dynasty-overall,do,Justin Herbert,18635,QB,LAC,50.85,12.03,36,87,,justin-herbert.php,,,93.2,,,,,,7.0,Justin Herbert,2026-08-07,LAC
/nfl/rankings/dynasty-overall.php,dynasty-overall,do,Patrick Mahomes II,16413,QB,KC,51.65,13.18,20,90,,patrick-mahomes.php,,,90.8,,,,,,5.0,Patrick Mahomes,2026-08-07,KCC
/nfl/rankings/dynasty-overall.php,dynasty-overall,do,Saquon Barkley,17240,RB,PHI,53.0,9.43,34,66,,saquon-barkley.php,,,99.4,,,,,,10.0,Saquon Barkley,2026-08-07,PHI
/nfl/rankings/dynasty-overall.php,dynasty-overall,do,Tucker Kraft,25298,TE,GB,53.75,8.17,43,79,,tucker-kraft.php,,,93.4,,,,,,11.0,Tucker Kraft,2026-08-07,GBP
/nfl/rankings/dynasty-overall.php,dynasty-overall,do,Quinshon Judkins,25391,RB,CLE,53.8,10.96,32,77,,quinshon-judkins.php,,,93.7,,,,,,11.0,Quinshon Judkins,2026-08-07,CLE
/nfl/rankings/dynasty-overall.php,dynasty-overall,do,Marvin Harrison Jr.,23064,WR,ARI,54.6,10.06,39,72,,marvin-harrison-jr.php,,,88.6,,,,,,14.0,Marvin Harrison,2026-08-07,ARI
/nfl/rankings/dynasty-overall.php,dynasty-overall,do,Christian McCaffrey,16393,RB,SF,55.25,10.5,31,68,,christian-mccaffrey.php,,,99.5,,,,,,8.0,Christian McCaffrey,2026-08-07,SFO
/nfl/rankings/dynasty-overall.php,dynasty-overall,do,Jameson Williams,23677,WR,DET,55.5,8.06,41,75,,jameson-williams.php,,,94.7,,,,,,6.0,Jameson Williams,2026-08-07,DET
/nfl/rankings/dynasty-overall.php,dynasty-overall,do,Jalen Hurts,19275,QB,PHI,56.4,11.56,28,84,,jalen-hurts.php,,,97.7,,,,,,10.0,Jalen Hurts,2026-08-07,PHI
/nfl/rankings/dynasty-overall.php,dynasty-overall,do,Harold Fannin Jr.,27050,TE,CLE,56.7,7.16,47,78,,harold-fannin-jr.php,,,94.1,,,,,,11.0,Harold Fannin,2026-08-07,CLE
/nfl/rankings/dynasty-overall.php,dynasty-overall,do,Trevor Lawrence,19780,QB,JAC,59.05,11.14,45,90,,trevor-lawrence.php,,,89.6,,,,,,7.0,Trevor Lawrence,2026-08-07,JAC
/nfl/rankings/dynasty-overall.php,dynasty-overall,do,Kyren Williams,23059,RB,LAR,59.7,7.58,46,74,,kyren-williams.php,,,98.1,,,,,,11.0,Kyren Williams,2026-08-07,LAR
/nfl/rankings/dynasty-overall.php,dynasty-overall,do,Brian Thomas Jr.,23000,WR,JAC,62.2,10.09,42,76,,brian-thomas-jr.php,,,87.8,,,,,,7.0,Brian Thomas,2026-08-07,JAC
/nfl/rankings/dynasty-overall.php,dynasty-overall,do,Sam LaPorta,22978,TE,DET,62.35,6.65,51,80,,sam-laporta.php,,,95.6,,,,,,6.0,Sam LaPorta,2026-08-07,DET
/nfl/rankings/dynasty-overall.php,dynasty-overall,do,Travis Etienne Jr.,19231,RB,NO,63.7,6.78,50,75,,travis-etienne.php,,,95.7,,,,,,8.0,Travis Etienne,2026-08-07,NOS
/nfl/rankings/dynasty-overall.php,dynasty-overall,do,Christian Watson,23886,WR,GB,65.2,12.09,44,87,,christian-watson.php,,,91.1,,,,,,11.0,Christian Watson,2026-08-07,GBP
/nfl/rankings/dynasty-overall.php,dynasty-overall,do,Kyle Pitts Sr.,20164,TE,ATL,65.75,9.09,53,91,,kyle-pitts.php,,,94.9,,,,,,11.0,Kyle Pitts,2026-08-07,ATL
/nfl/rankings/dynasty-overall.php,dynasty-overall,do,Cam Skattebo,27166,RB,NYG,67.1,6.35,52,81,,cam-skattebo.php,,,96.5,,,,,,8.0,Cam Skattebo,2026-08-07,NYG
/nfl/rankings/dynasty-overall.php,dynasty-overall,do,Jadarian Price,27329,RB,SEA,68.15,8.78,54,80,,jadarian-price.php,,,91.0,,,,,,11.0,Jadarian Price,2026-08-07,SEA
/nfl/rankings/dynasty-overall.php,dynasty-overall,do,Javonte Williams,22739,RB,DAL,68.85,9.5,52,86,,javonte-williams.php,,,96.7,,,,,,14.0,Javonte Williams,2026-08-07,DAL
/nfl/rankings/dynasty-overall.php,dynasty-overall,do,Brock Purdy,19797,QB,SF,69.6,14.02,58,108,,brock-purdy.php,,,90.3,,,,,,8.0,Brock Purdy,2026-08-07,SFO
/nfl/rankings/dynasty-overall.php,dynasty-overall,do,Bucky Irving,25981,RB,TB,69.75,12.36,45,87,,bucky-irving.php,,,95.5,,,,,,10.0,Bucky Irving,2026-08-07,TBB
/nfl/rankings/dynasty-overall.php,dynasty-overall,do,KC Concepcion,27331,WR,CLE,70.2,10.4,42,88,,kevin-concepcion.php,,,66.0,,,,,,11.0,KC Concepcion,2026-08-07,CLE
/nfl/rankings/dynasty-overall.php,dynasty-overall,do,Jaxson Dart,23160,QB,NYG,70.35,16.06,55,117,,jaxson-dart.php,,,94.0,,,,,,8.0,Jaxson Dart,2026-08-07,NYG
/nfl/rankings/dynasty-overall.php,dynasty-overall,do,Alec Pierce,23791,WR,IND,73.75,8.62,57,99,,alec-pierce.php,,,89.5,,,,,,13.0,Alec Pierce,2026-08-07,IND
/nfl/rankings/dynasty-overall.php,dynasty-overall,do,Terry McLaurin,18466,WR,WAS,74.4,4.24,68,83,,terry-mclaurin.php,,,95.1,,,,,,7.0,Terry McLaurin,2026-08-07,WAS
/nfl/rankings/dynasty-overall.php,dynasty-overall,do,DJ Moore,17265,WR,BUF,74.45,8.48,57,93,,dj-moore-wr.php,,,92.8,,,,,,7.0,DJ Moore,2026-08-07,BUF
/nfl/rankings/dynasty-overall.php,dynasty-overall,do,Bo Nix,22910,QB,DEN,74.6,12.63,56,99,,bo-nix.php,,,87.5,,,,,,10.0,Bo Nix,2026-08-07,DEN
/nfl/rankings/dynasty-overall.php,dynasty-overall,do,Kenyon Sadiq,26055,TE,NYJ,75.0,10.68,64,109,,kenyon-sadiq.php,,,63.9,,,,,,13.0,Kenyon Sadiq,2026-08-07,NYJ
/nfl/rankings/dynasty-overall.php,dynasty-overall,do,Derrick Henry,15514,RB,BAL,80.6,8.14,58,90,,derrick-henry.php,,,99.1,,,,,,13.0,Derrick Henry,2026-08-07,BAL
/nfl/rankings/dynasty-overall.php,dynasty-overall,do,Jordan Addison,23107,WR,MIN,80.85,9.84,64,99,,jordan-addison.php,,,83.4,,,,,,6.0,Jordan Addison,2026-08-07,MIN
/nfl/rankings/dynasty-overall.php,dynasty-overall,do,Bhayshul Tuten,27297,RB,JAC,82.7,10.45,61,98,,bhayshul-tuten.php,,,90.1,,,,,,7.0,Bhayshul Tuten,2026-08-07,JAC
/nfl/rankings/dynasty-overall.php,dynasty-overall,do,Parker Washington,23106,WR,JAC,83.35,14.8,56,118,,parker-washington.php,,,88.0,,,,,,7.0,Parker Washington,2026-08-07,JAC
/nfl/rankings/dynasty-overall.php,dynasty-overall,do,Dak Prescott,15600,QB,DAL,84.4,13.99,60,111,,dak-prescott.php,,,93.3,,,,,,14.0,Dak Prescott,2026-08-07,DAL
/nfl/rankings/dynasty-overall.php,dynasty-overall,do,DK Metcalf,18219,WR,PIT,85.85,7.54,71,99,,dk-metcalf.php,,,91.8,,,,,,9.0,DK Metcalf,2026-08-07,PIT
/nfl/rankings/dynasty-overall.php,dynasty-overall,do,Josh Jacobs,18269,RB,GB,86.65,15.85,55,124,,josh-jacobs.php,,,98.7,,,,,,11.0,Josh Jacobs,2026-08-07,GBP
/nfl/rankings/dynasty-overall.php,dynasty-overall,do,Omar Cooper Jr.,28127,WR,NYJ,87.0,12.74,70,115,,omar-cooper-jr.php,,,39.1,,,,,,13.0,Omar Cooper,2026-08-07,NYJ
/nfl/rankings/dynasty-overall.php,dynasty-overall,do,Eli Stowers,23144,TE,PHI,87.25,17.49,65,121,,eli-stowers.php,,,23.6,,,,,,10.0,Eli Stowers,2026-08-07,PHI
/nfl/rankings/dynasty-overall.php,dynasty-overall,do,Michael Wilson,25333,WR,ARI,88.7,9.64,69,106,,michael-wilson.php,,,84.8,,,,,,14.0,Michael Wilson,2026-08-07,ARI
/nfl/rankings/dynasty-overall.php,dynasty-overall,do,D'Andre Swift,19210,RB,CHI,88.85,4.93,80,98,,dandre-swift.php,,,93.8,,,,,,10.0,DAndre Swift,2026-08-07,CHI
/nfl/rankings/dynasty-overall.php,dynasty-overall,do,Jordan Love,19246,QB,GB,90.8,9.93,72,110,,jordan-love.php,,,58.6,,,,,,11.0,Jordan Love,2026-08-07,GBP
/nfl/rankings/dynasty-overall.php,dynasty-overall,do,Wan'Dale Robinson,22985,WR,TEN,92.5,9.48,74,118,,wandale-robinson.php,,,75.9,,,,,,9.0,WanDale Robinson,2026-08-07,TEN
/nfl/rankings/dynasty-overall.php,dynasty-overall,do,Oronde Gadsden II,25997,TE,LAC,93.25,19.07,66,134,,oronde-gadsden-ii.php,,,49.1,,,,,,7.0,Oronde Gadsden,2026-08-07,LAC
/nfl/rankings/dynasty-overall.php,dynasty-overall,do,Dalton Kincaid,25247,TE,BUF,94.7,13.92,78,117,,dalton-kincaid.php,,,78.8,,,,,,7.0,Dalton Kincaid,2026-08-07,BUF
/nfl/rankings/dynasty-overall.php,dynasty-overall,do,David Montgomery,18239,RB,HOU,95.2,9.67,78,120,,david-montgomery.php,,,93.4,,,,,,8.0,David Montgomery,2026-08-07,HOU
/nfl/rankings/dynasty-overall.php,dynasty-overall,do,Jayden Higgins,27077,WR,HOU,96.05,11.09,76,120,,jayden-higgins.php,,,47.4,,,,,,8.0,Jayden Higgins,2026-08-07,HOU
/nfl/rankings/dynasty-overall.php,dynasty-overall,do,Josh Downs,24706,WR,IND,96.1,11.24,78,132,,josh-downs.php,,,81.4,,,,,,13.0,Josh Downs,2026-08-07,IND
/nfl/rankings/dynasty-overall.php,dynasty-overall,do,Denzel Boston,27339,WR,CLE,97.65,16.57,51,125,,denzel-boston.php,,,36.1,,,,,,11.0,Denzel Boston,2026-08-07,CLE
/nfl/rankings/dynasty-overall.php,dynasty-overall,do,Davante Adams,12123,WR,LAR,97.8,12.74,70,118,,davante-adams.php,,,97.3,,,,,,11.0,Davante Adams,2026-08-07,LAR
/nfl/rankings/dynasty-overall.php,dynasty-overall,do,Isaiah Likely,23781,TE,NYG,98.1,19.93,74,144,,isaiah-likely.php,,,85.7,,,,,,8.0,Isaiah Likely,2026-08-07,NYG
/nfl/rankings/dynasty-overall.php,dynasty-overall,do,Mike Evans,12119,WR,SF,99.5,8.36,84,115,,mike-evans.php,,,92.6,,,,,,8.0,Mike Evans,2026-08-07,SFO
/nfl/rankings/dynasty-overall.php,dynasty-overall,do,Courtland Sutton,17253,WR,DEN,99.8,7.32,82,112,,courtland-sutton.php,,,88.0,,,,,,10.0,Courtland Sutton,2026-08-07,DEN
/nfl/rankings/dynasty-overall.php,dynasty-overall,do,Michael Pittman Jr.,19278,WR,PIT,100.5,9.98,79,118,,michael-pittman.php,,,87.0,,,,,,9.0,Michael Pittman,2026-08-07,PIT
/nfl/rankings/dynasty-overall.php,dynasty-overall,do,Quentin Johnston,23123,WR,LAC,105.55,10.74,82,122,,quentin-johnston.php,,,81.9,,,,,,7.0,Quentin Johnston,2026-08-07,LAC
/nfl/rankings/dynasty-overall.php,dynasty-overall,do,Jared Goff,15501,QB,DET,106.55,18.01,64,141,,jared-goff.php,,,77.8,,,,,,6.0,Jared Goff,2026-08-07,DET
/nfl/rankings/dynasty-overall.php,dynasty-overall,do,George Kittle,16499,TE,SF,106.55,13.17,81,124,,george-kittle.php,,,92.4,,,,,,8.0,George Kittle,2026-08-07,SFO
/nfl/rankings/dynasty-overall.php,dynasty-overall,do,Xavier Worthy,23019,WR,KC,106.75,14.26,73,145,,xavier-worthy.php,,,71.8,,,,,,5.0,Xavier Worthy,2026-08-07,KCC
/nfl/rankings/dynasty-overall.php,dynasty-overall,do,Jayden Reed,23020,WR,GB,107.75,11.38,85,126,,jayden-reed.php,,,76.0,,,,,,11.0,Jayden Reed,2026-08-07,GBP
/nfl/rankings/dynasty-overall.php,dynasty-overall,do,RJ Harvey,27142,RB,DEN,108.1,14.81,74,139,,rj-harvey.php,,,86.0,,,,,,10.0,RJ Harvey,2026-08-07,DEN
/nfl/rankings/dynasty-overall.php,dynasty-overall,do,Matthew Golden,26024,WR,GB,108.25,12.46,75,128,,matthew-golden.php,,,67.1,,,,,,11.0,Matthew Golden,2026-08-07,GBP
/nfl/rankings/dynasty-overall.php,dynasty-overall,do,Jakobi Meyers,18598,WR,JAC,110.35,10.12,96,133,,jakobi-meyers.php,,,81.3,,,,,,7.0,Jakobi Meyers,2026-08-07,JAC
/nfl/rankings/dynasty-overall.php,dynasty-overall,do,Jake Ferguson,22718,TE,DAL,110.75,12.43,86,130,,jake-ferguson.php,,,88.8,,,,,,14.0,Jake Ferguson,2026-08-07,DAL
/nfl/rankings/dynasty-overall.php,dynasty-overall,do,Ricky Pearsall,26214,WR,SF,111.3,24.46,76,169,,ricky-pearsall.php,,,54.0,,,,,-9.0,8.0,Ricky Pearsall,2026-08-07,SFO
/nfl/rankings/dynasty-overall.php,dynasty-overall,do,Fernando Mendoza,28013,QB,LV,112.7,14.79,91,147,,fernando-mendoza.php,,,33.6,,,,,,13.0,Fernando Mendoza,2026-08-07,LVR
/nfl/rankings/dynasty-overall.php,dynasty-overall,do,Jaylen Warren,24209,RB,PIT,112.9,13.63,90,132,,jaylen-warren.php,,,90.5,,,,,,9.0,Jaylen Warren,2026-08-07,PIT
/nfl/rankings/dynasty-overall.php,dynasty-overall,do,Baker Mayfield,17237,QB,TB,113.15,14.52,86,141,,baker-mayfield.php,,,62.0,,,,,,10.0,Baker Mayfield,2026-08-07,TBB
/nfl/rankings/dynasty-overall.php,dynasty-overall,do,Chris Godwin Jr.,16406,WR,TB,113.85,10.79,92,138,,chris-godwin.php,,,85.2,,,,,,10.0,Chris Godwin,2026-08-07,TBB
/nfl/rankings/dynasty-overall.php,dynasty-overall,do,Brenton Strange,25345,TE,JAC,114.05,12.33,78,133,,brenton-strange.php,,,49.9,,,,,,7.0,Brenton Strange,2026-08-07,JAC
/nfl/rankings/dynasty-overall.php,dynasty-overall,do,Kyle Monangai,27131,RB,CHI,116.45,15.2,96,146,,kyle-monangai.php,,,84.1,,,,,,10.0,Kyle Monangai,2026-08-07,CHI
/nfl/rankings/dynasty-overall.php,dynasty-overall,do,Blake Corum,23013,RB,LAR,119.2,14.06,89,141,,blake-corum.php,,,82.0,,,,,,11.0,Blake Corum,2026-08-07,LAR
/nfl/rankings/dynasty-overall.php,dynasty-overall,do,Tyler Shough,23096,QB,NO,122.65,10.97,110,142,,tyler-shough.php,,,51.2,,,,,,8.0,Tyler Shough,2026-08-07,NOS
/nfl/rankings/dynasty-overall.php,dynasty-overall,do,Zach Charbonnet,23152,RB,SEA,122.85,17.23,87,156,,zach-charbonnet.php,,,70.4,,,,,,11.0,Zach Charbonnet,2026-08-07,SEA
/nfl/rankings/dynasty-overall.php,dynasty-overall,do,Antonio Williams,25418,WR,WAS,123.3,11.39,106,148,,antonio-williams-wr.php,,,28.4,,,,,,7.0,Antonio Williams,2026-08-07,WAS
/nfl/rankings/dynasty-overall.php,dynasty-overall,do,Jonathon Brooks,26148,RB,CAR,124.45,22.78,88,165,,jonathon-brooks.php,,,74.7,,,,,,5.0,Jonathon Brooks,2026-08-07,CAR
/nfl/rankings/dynasty-overall.php,dynasty-overall,do,Travis Hunter,26034,WR,JAC,124.65,18.97,87,160,,travis-hunter.php,,,66.7,,,,,,7.0,Travis Hunter,2026-08-07,JAC
/nfl/rankings/dynasty-overall.php,dynasty-overall,do,Jalen Coker,26403,WR,CAR,124.7,12.49,101,152,,jalen-coker.php,,,46.7,,,,,,5.0,Jalen Coker,2026-08-07,CAR
/nfl/rankings/dynasty-overall.php,dynasty-overall,do,Romeo Doubs,23794,WR,NE,125.0,18.99,97,174,,romeo-doubs.php,,,65.9,,,,,,11.0,Romeo Doubs,2026-08-07,NEP
/nfl/rankings/dynasty-overall.php,dynasty-overall,do,C.J. Stroud,23071,QB,HOU,126.75,14.7,96,159,,cj-stroud.php,,,40.0,,,,,,8.0,CJ Stroud,2026-08-07,HOU
/nfl/rankings/dynasty-overall.php,dynasty-overall,do,Rhamondre Stevenson,22726,RB,NE,127.75,16.91,95,154,,rhamondre-stevenson.php,,,86.4,,,,,,11.0,Rhamondre Stevenson,2026-08-07,NEP
/nfl/rankings/dynasty-overall.php,dynasty-overall,do,Khalil Shakir,23748,WR,BUF,129.45,11.21,107,157,,khalil-shakir.php,,,65.4,,,,,,7.0,Khalil Shakir,2026-08-07,BUF
/nfl/rankings/dynasty-overall.php,dynasty-overall,do,Chuba Hubbard,19792,RB,CAR,130.2,17.51,100,162,,chuba-hubbard.php,,,88.1,,,,,,5.0,Chuba Hubbard,2026-08-07,CAR
/nfl/rankings/dynasty-overall.php,dynasty-overall,do,Kyler Murray,18600,QB,MIN,131.25,10.03,103,141,,kyler-murray.php,,,72.3,,,,,,6.0,Kyler Murray,2026-08-07,MIN
/nfl/rankings/dynasty-overall.php,dynasty-overall,do,Chig Okonkwo,23982,TE,WAS,132.3,18.18,88,162,,chigoziem-okonkwo.php,,,44.2,,,,,,7.0,Chigoziem Okonkwo,2026-08-07,WAS
/nfl/rankings/dynasty-overall.php,dynasty-overall,do,Cam Ward,24755,QB,TEN,118.95,10.21,109,141,,cam-ward.php,,,28.9,,,,,,9.0,Cam Ward,2026-08-07,TEN
/nfl/rankings/dynasty-overall.php,dynasty-overall,do,Sam Darnold,17236,QB,SEA,134.55,10.88,106,151,,sam-darnold.php,,,42.9,,,,,,11.0,Sam Darnold,2026-08-07,SEA
/nfl/rankings/dynasty-overall.php,dynasty-overall,do,Rico Dowdle,19647,RB,PIT,135.45,10.17,108,156,,rico-dowdle.php,,,89.3,,,,,,9.0,Rico Dowdle,2026-08-07,PIT
/nfl/rankings/dynasty-overall.php,dynasty-overall,do,Mark Andrews,17269,TE,BAL,136.35,16.13,114,174,,mark-andrews.php,,,82.5,,,,,,13.0,Mark Andrews,2026-08-07,BAL
/nfl/rankings/dynasty-overall.php,dynasty-overall,do,De'Zhaun Stribling,28138,WR,SF,137.06,17.45,99,172,,dezhaun-stribling.php,,,24.1,,,,,,8.0,DeZhaun Stribling,2026-08-07,SFO
/nfl/rankings/dynasty-overall.php,dynasty-overall,do,Dallas Goedert,17270,TE,PHI,141.45,18.43,114,184,,dallas-goedert.php,,,86.4,,,,,,10.0,Dallas Goedert,2026-08-07,PHI
/nfl/rankings/dynasty-overall.php,dynasty-overall,do,Matthew Stafford,9451,QB,LAR,142.65,11.6,112,168,,matthew-stafford.php,,,91.6,,,,,,11.0,Matthew Stafford,2026-08-07,LAR
/nfl/rankings/dynasty-overall.php,dynasty-overall,do,Jonah Coleman,27320,RB,DEN,142.8,22.4,100,190,,jonah-coleman.php,,,33.7,,,,,,10.0,Jonah Coleman,2026-08-07,DEN
/nfl/rankings/dynasty-overall.php,dynasty-overall,do,Tony Pollard,18705,RB,TEN,143.1,11.66,123,164,,tony-pollard.php,,,89.3,,,,,,9.0,Tony Pollard,2026-08-07,TEN
/nfl/rankings/dynasty-overall.php,dynasty-overall,do,Tre' Harris,26215,WR,LAC,144.1,20.66,112,196,,tre-harris.php,,,15.6,,,,,,7.0,Tre Harris,2026-08-07,LAC
/nfl/rankings/dynasty-overall.php,dynasty-overall,do,Jalen McMillan,23179,WR,TB,145.2,22.69,122,214,,jalen-mcmillan.php,,,30.8,,,,,,10.0,Jalen McMillan,2026-08-07,TBB
/nfl/rankings/dynasty-overall.php,dynasty-overall,do,Bryce Young,22900,QB,CAR,147.15,11.22,111,167,,bryce-young.php,,,32.0,,,,,,5.0,Bryce Young,2026-08-07,CAR
/nfl/rankings/dynasty-overall.php,dynasty-overall,do,Kenny Gainwell,23310,RB,TB,147.15,12.96,117,178,,kenneth-gainwell.php,,,81.0,,,,,,10.0,Kenny Gainwell,2026-08-07,TBB
/nfl/rankings/dynasty-overall.php,dynasty-overall,do,AJ Barner,26335,TE,SEA,148.25,22.62,117,188,,aj-barner.php,,,27.2,,,,,,11.0,AJ Barner,2026-08-07,SEA
/nfl/rankings/dynasty-overall.php,dynasty-overall,do,Daniel Jones,18232,QB,IND,149.9,11.0,139,191,,daniel-jones.php,,,40.7,,,,,,13.0,Daniel Jones,2026-08-07,IND
/nfl/rankings/dynasty-overall.php,dynasty-overall,do,Malik Willis,23499,QB,MIA,139.95,12.73,111,174,,malik-willis.php,,,44.9,,,,,,6.0,Malik Willis,2026-08-07,MIA
/nfl/rankings/dynasty-overall.php,dynasty-overall,do,Rachaad White,23891,RB,WAS,154.1,11.37,127,168,,rachaad-white.php,,,79.8,,,,,,7.0,Rachaad White,2026-08-07,WAS
/nfl/rankings/dynasty-overall.php,dynasty-overall,do,J.K. Dobbins,19245,RB,DEN,155.5,14.31,123,182,,jk-dobbins.php,,,86.7,,,,,,10.0,JK Dobbins,2026-08-07,DEN
/nfl/rankings/dynasty-overall.php,dynasty-overall,do,Travis Kelce,11594,TE,KC,159.2,16.65,122,186,,travis-kelce.php,,,89.4,,,,,,5.0,Travis Kelce,2026-08-07,KCC
/nfl/rankings/dynasty-overall.php,dynasty-overall,do,Germie Bernard,26039,WR,PIT,146.32,19.45,104,179,,germie-bernard.php,,,20.4,,,,,,9.0,Germie Bernard,2026-08-07,PIT
/nfl/rankings/dynasty-overall.php,dynasty-overall,do,Terrance Ferguson,23091,TE,LAR,159.55,19.42,122,202,,terrance-ferguson.php,,,20.2,,,,,,11.0,Terrance Ferguson,2026-08-07,LAR
/nfl/rankings/dynasty-overall.php,dynasty-overall,do,Juwan Johnson,19562,TE,NO,159.75,12.78,137,186,,juwan-johnson.php,,,46.2,,,,,,8.0,Juwan Johnson,2026-08-07,NOS
/nfl/rankings/dynasty-overall.php,dynasty-overall,do,Jacory Croskey-Merritt,27316,RB,WAS,160.95,15.05,128,185,,jacory-croskeymerritt.php,,,74.6,,,,,,7.0,Jacory Croskey-Merritt,2026-08-07,WAS
/nfl/rankings/dynasty-overall.php,dynasty-overall,do,T.J. Hockenson,18290,TE,MIN,161.55,19.99,121,188,,tj-hockenson.php,,,55.8,,,,,,6.0,TJ Hockenson,2026-08-07,MIN
/nfl/rankings/dynasty-overall.php,dynasty-overall,do,Chris Bell,26038,WR,MIA,135.06,15.6,115,172,,chris-bell.php,,,20.3,,,,,,6.0,Chris Bell,2026-08-07,MIA
/nfl/rankings/dynasty-overall.php,dynasty-overall,do,Woody Marks,27520,RB,HOU,164.85,17.57,128,197,,woody-marks.php,,,53.9,,,,,,8.0,Woody Marks,2026-08-07,HOU
/nfl/rankings/dynasty-overall.php,dynasty-overall,do,Tyler Allgeier,24172,RB,ARI,165.5,17.45,135,200,,tyler-allgeier.php,,,46.0,,,,,,14.0,Tyler Allgeier,2026-08-07,ARI
/nfl/rankings/dynasty-overall.php,dynasty-overall,do,Jauan Jennings,19590,WR,MIN,156.95,19.02,130,209,,jauan-jennings.php,,,35.1,,,,,,6.0,Jauan Jennings,2026-08-07,MIN
/nfl/rankings/dynasty-overall.php,dynasty-overall,do,Ty Simpson,25368,QB,LAR,157.53,8.74,148,184,,ty-simpson.php,,,14.9,,,,,,11.0,Ty Simpson,2026-08-07,LAR
/nfl/rankings/dynasty-overall.php,dynasty-overall,do,Nicholas Singleton,24343,RB,TEN,170.25,22.38,132,226,,nick-singleton.php,,,25.3,,,,,,9.0,Nicholas Singleton,2026-08-07,TEN
/nfl/rankings/dynasty-overall.php,dynasty-overall,do,Tyrone Tracy Jr.,22980,RB,NYG,171.0,15.51,143,203,,tyrone-tracy-jr.php,,,40.0,,,,,,8.0,Tyrone Tracy,2026-08-07,NYG
/nfl/rankings/dynasty-overall.php,dynasty-overall,do,Jordan Mason,22969,RB,MIN,171.45,15.79,146,197,,jordan-mason.php,,,70.5,,,,,,6.0,Jordan Mason,2026-08-07,MIN
/nfl/rankings/dynasty-overall.php,dynasty-overall,do,Rashid Shaheed,24687,WR,SEA,145.56,13.74,118,173,,rashid-shaheed.php,,,44.4,,,,,,11.0,Rashid Shaheed,2026-08-07,SEA
/nfl/rankings/dynasty-overall.php,dynasty-overall,do,Gunnar Helm,27109,TE,TEN,174.5,21.72,139,221,,gunnar-helm.php,,,16.8,,,,,,9.0,Gunnar Helm,2026-08-07,TEN
/nfl/rankings/dynasty-overall.php,dynasty-overall,do,Hunter Henry,15561,TE,NE,175.7,17.07,150,221,,hunter-henry.php,,,65.5,,,,,,11.0,Hunter Henry,2026-08-07,NEP
/nfl/rankings/dynasty-overall.php,dynasty-overall,do,Michael Penix Jr.,22973,QB,ATL,178.5,23.59,156,252,,michael-penix-jr.php,,,12.8,,,,,,11.0,Michael Penix,2026-08-07,ATL
/nfl/rankings/dynasty-overall.php,dynasty-overall,do,Emmett Johnson,28107,RB,KC,179.45,14.77,140,200,,emmett-johnson.php,,,26.6,,,,,,5.0,Emmett Johnson,2026-08-07,KCC
/nfl/rankings/dynasty-overall.php,dynasty-overall,do,Dylan Sampson,27102,RB,CLE,181.5,22.14,160,252,,dylan-sampson.php,,,24.1,,,,,,11.0,Dylan Sampson,2026-08-07,CLE
/nfl/rankings/dynasty-overall.php,dynasty-overall,do,Chris Rodriguez Jr.,22986,RB,JAC,183.0,24.12,130,220,,chris-rodriguez-jr.php,,,40.7,,,,,,7.0,Chris Rodriguez,2026-08-07,JAC
/nfl/rankings/dynasty-overall.php,dynasty-overall,do,Troy Franklin,23092,WR,DEN,183.95,25.73,145,237,,troy-franklin.php,,,12.9,,,,,,10.0,Troy Franklin,2026-08-07,DEN
/nfl/rankings/dynasty-overall.php,dynasty-overall,do,Stefon Diggs,13981,WR,WAS,162.94,23.28,128,208,,stefon-diggs.php,,,55.5,,,,,,7.0,Stefon Diggs,2026-08-07,WAS
/nfl/rankings/dynasty-overall.php,dynasty-overall,do,Jaylin Noel,27122,WR,HOU,163.0,26.37,118,241,,jaylin-noel.php,,,10.3,,,,,,8.0,Jaylin Noel,2026-08-07,HOU
/nfl/rankings/dynasty-overall.php,dynasty-overall,do,Elijah Sarratt,27463,WR,BAL,166.33,23.11,131,237,,elijah-sarratt.php,,,16.3,,,,,,13.0,Elijah Sarratt,2026-08-07,BAL
/nfl/rankings/dynasty-overall.php,dynasty-overall,do,Tua Tagovailoa,19198,QB,ATL,192.65,30.04,154,244,,tua-tagovailoa.php,,,22.4,,,,,,11.0,Tua Tagovailoa,2026-08-07,ATL
/nfl/rankings/dynasty-overall.php,dynasty-overall,do,Oscar Delp,25430,TE,NO,193.1,33.32,145,289,,oscar-delp.php,,,6.4,,,,,,8.0,Oscar Delp,2026-08-07,NOS
/nfl/rankings/dynasty-overall.php,dynasty-overall,do,Eli Raridon,28154,TE,NE,195.2,38.36,129,303,,eli-raridon.php,,,5.1,,,,,-3.0,11.0,Eli Raridon,2026-08-07,NEP
/nfl/rankings/dynasty-overall.php,dynasty-overall,do,Max Klare,27993,TE,LAR,195.55,26.28,148,283,,max-klare.php,,,11.3,,,,,,11.0,Max Klare,2026-08-07,LAR
/nfl/rankings/dynasty-overall.php,dynasty-overall,do,Zachariah Branch,25419,WR,ATL,172.94,30.37,143,276,,zachariah-branch.php,,,23.2,,,,,,11.0,Zachariah Branch,2026-08-07,ATL
/nfl/rankings/dynasty-overall.php,dynasty-overall,do,Ted Hurst III,28130,WR,TB,161.65,28.29,114,232,,ted-hurst.php,,,17.4,,,,,,10.0,Ted Hurst,2026-08-07,TBB
/nfl/rankings/dynasty-overall.php,dynasty-overall,do,Jerry Jeudy,19201,WR,CLE,175.67,8.39,168,199,,jerry-jeudy.php,,,34.7,,,,,,11.0,Jerry Jeudy,2026-08-07,CLE
/nfl/rankings/dynasty-overall.php,dynasty-overall,do,Mason Taylor,26005,TE,NYJ,199.75,29.28,152,263,,mason-taylor.php,,,11.5,,,,,,13.0,Mason Taylor,2026-08-07,NYJ
/nfl/rankings/dynasty-overall.php,dynasty-overall,do,Adonai Mitchell,24357,WR,NYJ,179.78,23.13,129,243,,adonai-mitchell.php,,,18.3,,,,,,13.0,Adonai Mitchell,2026-08-07,NYJ
/nfl/rankings/dynasty-overall.php,dynasty-overall,do,Kayshon Boutte,22989,WR,NE,179.83,12.26,161,208,,kayshon-boutte.php,,,21.4,,,,,,11.0,Kayshon Boutte,2026-08-07,NEP
/nfl/rankings/dynasty-overall.php,dynasty-overall,do,Tyjae Spears,25323,RB,TEN,202.95,26.21,173,271,,tyjae-spears.php,,,46.9,,,,,,9.0,Tyjae Spears,2026-08-07,TEN
/nfl/rankings/dynasty-overall.php,dynasty-overall,do,Aaron Jones Sr.,16673,RB,MIN,192.53,18.71,157,223,,aaron-jones.php,,,83.4,,,,,,6.0,Aaron Jones,2026-08-07,MIN
/nfl/rankings/dynasty-overall.php,dynasty-overall,do,Tank Bigsby,22908,RB,PHI,206.45,31.9,170,300,,tank-bigsby.php,,,31.3,,,,,,10.0,Tank Bigsby,2026-08-07,PHI
/nfl/rankings/dynasty-overall.php,dynasty-overall,do,Pat Bryant,27211,WR,DEN,185.61,28.06,152,266,,pat-bryant.php,,,11.4,,,,,,10.0,Pat Bryant,2026-08-07,DEN
/nfl/rankings/dynasty-overall.php,dynasty-overall,do,Isiah Pacheco,24333,RB,DET,207.8,34.38,162,320,,isiah-pacheco.php,,,51.9,,,,,,6.0,Isiah Pacheco,2026-08-07,DET
/nfl/rankings/dynasty-overall.php,dynasty-overall,do,Isaac TeSlaa,27446,WR,DET,185.89,21.24,146,236,,isaac-teslaa.php,,,18.7,,,,,,6.0,Isaac TeSlaa,2026-08-07,DET
/nfl/rankings/dynasty-overall.php,dynasty-overall,do,Jack Bech,27224,WR,LV,199.63,20.48,176,244,,jack-bech.php,,,8.7,,,,,,13.0,Jack Bech,2026-08-07,LVR
/nfl/rankings/dynasty-overall.php,dynasty-overall,do,Kaytron Allen,24362,RB,WAS,200.26,28.44,136,274,,kaytron-allen.php,,,21.1,,,,,,7.0,Kaytron Allen,2026-08-07,WAS
/nfl/rankings/dynasty-overall.php,dynasty-overall,do,Deebo Samuel Sr.,18244,WR,SF,189.06,31.47,134,260,,deebo-samuel.php,,,56.2,,,,,,8.0,Deebo Samuel,2026-08-07,SFO
/nfl/rankings/dynasty-overall.php,dynasty-overall,do,Jalen Nailor,24177,WR,LV,189.67,31.06,148,277,,jalen-nailor.php,,,31.7,,,,,9.0,13.0,Jalen Nailor,2026-08-07,LVR
/nfl/rankings/dynasty-overall.php,dynasty-overall,do,Dalton Schultz,17349,TE,HOU,195.22,26.39,153,255,,dalton-schultz.php,,,29.2,,,,,,8.0,Dalton Schultz,2026-08-07,HOU
/nfl/rankings/dynasty-overall.php,dynasty-overall,do,Braelon Allen,24346,RB,NYJ,206.42,35.49,164,311,,braelon-allen.php,,,20.6,,,,,,13.0,Braelon Allen,2026-08-07,NYJ
/nfl/rankings/dynasty-overall.php,dynasty-overall,do,Greg Dulcich,23153,TE,MIA,196.0,28.45,154,278,,greg-dulcich.php,,,21.0,,,,,,6.0,Greg Dulcich,2026-08-07,MIA
/nfl/rankings/dynasty-overall.php,dynasty-overall,do,Ja'Kobi Lane,27337,WR,BAL,196.72,31.35,143,272,,jakobi-lane.php,,,19.8,,,,,,13.0,JaKobi Lane,2026-08-07,BAL
/nfl/rankings/dynasty-overall.php,dynasty-overall,do,Malachi Fields,27994,WR,NYG,186.24,29.91,144,278,,malachi-fields.php,,,17.1,,,,,,8.0,Malachi Fields,2026-08-07,NYG
/nfl/rankings/dynasty-overall.php,dynasty-overall,do,David Njoku,16399,TE,LAC,211.95,19.81,171,264,,david-njoku.php,,,24.8,,,,,,7.0,David Njoku,2026-08-07,LAC
/nfl/rankings/dynasty-overall.php,dynasty-overall,do,Cade Otton,23181,TE,TB,212.05,23.86,170,284,,cade-otton.php,,,23.0,,,,,,10.0,Cade Otton,2026-08-07,TBB
/nfl/rankings/dynasty-overall.php,dynasty-overall,do,Keaton Mitchell,25360,RB,LAC,201.89,29.33,165,298,,keaton-mitchell.php,,,33.5,,,,,,7.0,Keaton Mitchell,2026-08-07,LAC
/nfl/rankings/dynasty-overall.php,dynasty-overall,do,Elic Ayomanor,27059,WR,TEN,203.28,29.42,157,277,,elic-ayomanor.php,,,9.3,,,,,,9.0,Elic Ayomanor,2026-08-07,TEN
/nfl/rankings/dynasty-overall.php,dynasty-overall,do,Tank Dell,25361,WR,HOU,203.5,24.66,138,246,,nathaniel-dell.php,,,24.2,,,,,,8.0,Tank Dell,2026-08-07,HOU
/nfl/rankings/dynasty-overall.php,dynasty-overall,do,Mike Washington Jr.,28108,RB,LV,205.22,38.31,163,324,,mike-washington-jr.php,,,25.5,,,,,,13.0,Mike Washington,2026-08-07,LVR
/nfl/rankings/dynasty-overall.php,dynasty-overall,do,Chris Brazzell II,28047,WR,CAR,194.71,35.55,131,302,,chris-brazzell-ii.php,,,14.0,,,,,,5.0,Chris Brazzell,2026-08-07,CAR
/nfl/rankings/dynasty-overall.php,dynasty-overall,do,Tory Horton,26022,WR,SEA,207.5,53.71,145,394,,tory-horton.php,,,10.7,,,,,,11.0,Tory Horton,2026-08-07,SEA
/nfl/rankings/dynasty-overall.php,dynasty-overall,do,Pat Freiermuth,20163,TE,PIT,207.5,20.74,163,264,,pat-freiermuth.php,,,16.7,,,,,,9.0,Pat Freiermuth,2026-08-07,PIT
/nfl/rankings/dynasty-overall.php,dynasty-overall,do,J.J. McCarthy,23018,QB,MIN,208.61,25.51,150,254,,jj-mccarthy.php,,,10.9,,,,,,6.0,JJ McCarthy,2026-08-07,MIN
/nfl/rankings/dynasty-overall.php,dynasty-overall,do,Shedeur Sanders,25968,QB,CLE,210.0,15.51,180,238,,shedeur-sanders.php,,,14.5,,,,,,11.0,Shedeur Sanders,2026-08-07,CLE
/nfl/rankings/dynasty-overall.php,dynasty-overall,do,Brian Robinson Jr.,20094,RB,ATL,221.0,29.99,182,298,,brian-robinson-jr.php,,,37.5,,,,,,11.0,Brian Robinson,2026-08-07,ATL
/nfl/rankings/dynasty-overall.php,dynasty-overall,do,Kaleb Johnson,27165,RB,PIT,223.89,35.98,160,306,,kaleb-johnson-rb.php,,,8.2,,,,,,9.0,Kaleb Johnson,2026-08-07,PIT
/nfl/rankings/dynasty-overall.php,dynasty-overall,do,Skyler Bell,28126,WR,BUF,190.13,24.17,156,236,,skyler-bell.php,,,13.4,,,,,,7.0,Skyler Bell,2026-08-07,BUF
/nfl/rankings/dynasty-overall.php,dynasty-overall,do,Malik Washington,26314,WR,MIA,225.05,27.76,149,278,,malik-washington.php,,,16.9,,,,,,6.0,Malik Washington,2026-08-07,MIA
/nfl/rankings/dynasty-overall.php,dynasty-overall,do,Chimere Dike,27315,WR,TEN,205.94,14.49,180,232,,chimere-dike.php,,,11.3,,,,,-9.0,9.0,Chimere Dike,2026-08-07,TEN
/nfl/rankings/dynasty-overall.php,dynasty-overall,do,Tre Tucker,25337,WR,LV,218.89,29.55,155,273,,tre-tucker.php,,,22.1,,,,,,13.0,Tre Tucker,2026-08-07,LVR
/nfl/rankings/dynasty-overall.php,dynasty-overall,do,Keon Coleman,26019,WR,BUF,221.94,23.31,174,270,,keon-coleman.php,,,9.3,,,,,,7.0,Keon Coleman,2026-08-07,BUF
/nfl/rankings/dynasty-overall.php,dynasty-overall,do,Dontayvion Wicks,24354,WR,PHI,211.41,15.44,179,236,,dontayvion-wicks.php,,,12.4,,,,,,10.0,Dontayvion Wicks,2026-08-07,PHI
/nfl/rankings/dynasty-overall.php,dynasty-overall,do,Geno Smith,11687,QB,NYJ,222.39,21.89,182,269,,geno-smith.php,,,15.6,,,,,,13.0,Geno Smith,2026-08-07,NYJ
/nfl/rankings/dynasty-overall.php,dynasty-overall,do,Ryan Flournoy,26398,WR,DAL,222.67,36.34,170,291,,ryan-flournoy.php,,,14.8,,,,,,14.0,Ryan Flournoy,2026-08-07,DAL
/nfl/rankings/dynasty-overall.php,dynasty-overall,do,Kimani Vidal,26355,RB,LAC,227.0,20.04,193,291,,kimani-vidal.php,,,14.2,,,,,,7.0,Kimani Vidal,2026-08-07,LAC
/nfl/rankings/dynasty-overall.php,dynasty-overall,do,Brandon Aiyuk,19252,WR,SF,192.27,24.56,151,232,,brandon-aiyuk.php,,,25.3,,,,,,8.0,Brandon Aiyuk,2026-08-07,SFO
/nfl/rankings/dynasty-overall.php,dynasty-overall,do,Demond Claiborne,28084,RB,MIN,228.78,36.97,181,338,,demond-claiborne.php,,,16.0,,,,,,6.0,Demond Claiborne,2026-08-07,MIN
/nfl/rankings/dynasty-overall.php,dynasty-overall,do,Jacoby Brissett,15642,QB,ARI,218.35,20.89,175,258,,jacoby-brissett.php,,,25.4,,,,,,14.0,Jacoby Brissett,2026-08-07,ARI
/nfl/rankings/dynasty-overall.php,dynasty-overall,do,Aaron Rodgers,9001,QB,PIT,230.72,24.46,167,267,,aaron-rodgers.php,,,18.8,,,,,,9.0,Aaron Rodgers,2026-08-07,PIT
/nfl/rankings/dynasty-overall.php,dynasty-overall,do,Alvin Kamara,16421,RB,NO,220.65,31.06,178,300,,alvin-kamara.php,,,52.4,,,,,,8.0,Alvin Kamara,2026-08-07,NOS
/nfl/rankings/dynasty-overall.php,dynasty-overall,do,Kyle Williams,27487,WR,NE,222.06,17.52,178,246,,kyle-williams-wr-2025.php,,,5.6,,,,,,11.0,Kyle Williams,2026-08-07,NEP
/nfl/rankings/dynasty-overall.php,dynasty-overall,do,Ollie Gordon II,25984,RB,MIA,242.05,35.59,203,358,,ollie-gordon.php,,,4.2,,,,,,6.0,Ollie Gordon,2026-08-07,MIA
/nfl/rankings/dynasty-overall.php,dynasty-overall,do,MarShawn Lloyd,23118,RB,GB,241.78,38.57,190,316,,marshawn-lloyd.php,,,9.3,,,,,,11.0,MarShawn Lloyd,2026-08-07,GBP
/nfl/rankings/dynasty-overall.php,dynasty-overall,do,Calvin Ridley,17258,WR,TEN,224.31,17.06,194,254,,calvin-ridley.php,,,19.8,,,,,,9.0,Calvin Ridley,2026-08-07,TEN
/nfl/rankings/dynasty-overall.php,dynasty-overall,do,Rashod Bateman,19794,WR,BAL,235.12,23.92,198,280,,rashod-bateman.php,,,8.7,,,,,,13.0,Rashod Bateman,2026-08-07,BAL
/nfl/rankings/dynasty-overall.php,dynasty-overall,do,Darnell Mooney,19810,WR,NYG,225.19,13.68,192,249,,darnell-mooney.php,,,17.4,,,,,,8.0,Darnell Mooney,2026-08-07,NYG
/nfl/rankings/dynasty-overall.php,dynasty-overall,do,Ray Davis,26191,RB,BUF,245.56,28.35,203,312,,ray-davis.php,,,15.4,,,,,,7.0,Ray Davis,2026-08-07,BUF
/nfl/rankings/dynasty-overall.php,dynasty-overall,do,Marvin Mims Jr.,23080,WR,DEN,239.65,21.19,194,276,,marvin-mims.php,,,10.5,,,,,,10.0,Marvin Mims,2026-08-07,DEN
/nfl/rankings/dynasty-overall.php,dynasty-overall,do,Emanuel Wilson,25885,RB,SEA,253.22,33.69,208,317,,emanuel-wilson.php,,,13.0,,,,,,11.0,Emanuel Wilson,2026-08-07,SEA
/nfl/rankings/dynasty-overall.php,dynasty-overall,do,Bryce Lance,28129,WR,NO,224.4,22.95,176,248,,bryce-lance.php,,,5.5,,,,,,8.0,Bryce Lance,2026-08-07,NOS
/nfl/rankings/dynasty-overall.php,dynasty-overall,do,Sean Tucker,23679,RB,TB,255.0,37.13,202,315,,sean-tucker.php,,,19.0,,,,,,10.0,Sean Tucker,2026-08-07,TBB
/nfl/rankings/dynasty-overall.php,dynasty-overall,do,Trey Benson,25388,RB,ARI,255.67,42.28,183,325,,trey-benson.php,,,12.1,,,,,,14.0,Trey Benson,2026-08-07,ARI
/nfl/rankings/dynasty-overall.php,dynasty-overall,do,Denver Broncos,8090,DST,DEN,228.8,11.27,192,248,,denver-defense.php,,,94.2,,,,,1.0,10.0,Denver Broncos,2026-08-07,DEN
/nfl/rankings/dynasty-overall.php,dynasty-overall,do,Kaelon Black,28401,RB,SF,241.5,42.3,189,320,,kaelon-black.php,,,12.9,,,,,,8.0,Kaelon Black,2026-08-07,SFO
/nfl/rankings/dynasty-overall.php,dynasty-overall,do,Tyreek Hill,15802,WR,FA,230.6,13.95,208,251,,tyreek-hill.php,,,28.8,,,,,,,Tyreek Hill,2026-08-07,FA
/nfl/rankings/dynasty-overall.php,dynasty-overall,do,Houston Texans,8120,DST,HOU,234.13,14.35,193,266,,houston-defense.php,,,96.2,,,,,-1.0,8.0,Houston Texans,2026-08-07,HOU
/nfl/rankings/dynasty-overall.php,dynasty-overall,do,Devin Neal,23682,RB,NO,265.0,36.37,197,333,,devin-neal.php,,,6.3,,,,,,8.0,Devin Neal,2026-08-07,NOS
/nfl/rankings/dynasty-overall.php,dynasty-overall,do,Tez Johnson,27147,WR,TB,257.59,34.53,224,371,,tez-johnson.php,,,1.8,,,,,,10.0,Tez Johnson,2026-08-07,TBB
/nfl/rankings/dynasty-overall.php,dynasty-overall,do,Philadelphia Eagles,8230,DST,PHI,243.53,17.82,194,278,,philadelphia-defense.php,,,83.8,,,,,,10.0,Philadelphia Eagles,2026-08-07,PHI
/nfl/rankings/dynasty-overall.php,dynasty-overall,do,Elijah Arroyo,23004,TE,SEA,218.92,31.9,188,293,,elijah-arroyo.php,,,4.9,,,,,,11.0,Elijah Arroyo,2026-08-07,SEA
/nfl/rankings/dynasty-overall.php,dynasty-overall,do,Jaylen Wright,25987,RB,MIA,263.65,35.08,210,362,,jaylen-wright.php,,,10.2,,,,,,6.0,Jaylen Wright,2026-08-07,MIA
/nfl/rankings/dynasty-overall.php,dynasty-overall,do,Christian Kirk,17268,WR,SF,255.44,41.59,211,352,,christian-kirk.php,,,13.0,,,,,,8.0,Christian Kirk,2026-08-07,SFO
/nfl/rankings/dynasty-overall.php,dynasty-overall,do,James Conner,16447,RB,ARI,264.53,35.58,216,363,,james-conner.php,,,28.5,,,,,,14.0,James Conner,2026-08-07,ARI
/nfl/rankings/dynasty-overall.php,dynasty-overall,do,Mac Jones,20156,QB,SF,220.85,35.64,166,270,,mac-jones.php,,,8.1,,,,,,8.0,Mac Jones,2026-08-07,SFO
/nfl/rankings/dynasty-overall.php,dynasty-overall,do,Los Angeles Rams,8280,DST,LAR,251.27,23.54,202,303,,los-angeles-rams-defense.php,,,84.5,,,,,,11.0,Los Angeles Rams,2026-08-07,LAR
/nfl/rankings/dynasty-overall.php,dynasty-overall,do,Jaydon Blue,24344,RB,DAL,273.12,31.82,216,336,,jaydon-blue.php,,,11.1,,,,,,14.0,Jaydon Blue,2026-08-07,DAL
/nfl/rankings/dynasty-overall.php,dynasty-overall,do,Brandon Aubrey,26068,K,DAL,244.64,15.63,197,276,,brandon-aubrey.php,,,98.5,,,,,,14.0,Brandon Aubrey,2026-08-07,DAL
/nfl/rankings/dynasty-overall.php,dynasty-overall,do,Seattle Seahawks,8260,DST,SEA,246.21,27.69,196,314,,seattle-defense.php,,,95.6,,,,,,11.0,Seattle Seahawks,2026-08-07,SEA
/nfl/rankings/dynasty-overall.php,dynasty-overall,do,Justin Joly,28079,TE,DEN,237.08,48.83,153,337,,justin-joly.php,,,11.0,,,,,,10.0,Justin Joly,2026-08-07,DEN
/nfl/rankings/dynasty-overall.php,dynasty-overall,do,Xavier Legette,26136,WR,CAR,260.13,21.19,209,312,,xavier-legette.php,,,3.1,,,,,,5.0,Xavier Legette,2026-08-07,CAR
/nfl/rankings/dynasty-overall.php,dynasty-overall,do,Deshaun Watson,16398,QB,CLE,250.71,25.59,191,283,,deshaun-watson.php,,,16.9,,,,,,11.0,Deshaun Watson,2026-08-07,CLE
/nfl/rankings/dynasty-overall.php,dynasty-overall,do,Jordan James,27310,RB,SF,272.94,36.23,203,322,,jordan-james.php,,,9.9,,,,,,8.0,Jordan James,2026-08-07,SFO
/nfl/rankings/dynasty-overall.php,dynasty-overall,do,Carson Beck,22953,QB,ARI,242.38,18.24,204,270,,carson-beck.php,,,12.2,,,,,,14.0,Carson Beck,2026-08-07,ARI
/nfl/rankings/dynasty-overall.php,dynasty-overall,do,Cam Little,26475,K,JAC,254.43,29.68,200,331,,cam-little.php,,,87.6,,,,,,7.0,Cam Little,2026-08-07,JAC
/nfl/rankings/dynasty-overall.php,dynasty-overall,do,Pittsburgh Steelers,8240,DST,PIT,266.67,26.98,203,318,,pittsburgh-defense.php,,,70.5,,,,,,9.0,Pittsburgh Steelers,2026-08-07,PIT
/nfl/rankings/dynasty-overall.php,dynasty-overall,do,Minnesota Vikings,8170,DST,MIN,267.4,27.55,217,330,,minnesota-defense.php,,,63.0,,,,,,6.0,Minnesota Vikings,2026-08-07,MIN
/nfl/rankings/dynasty-overall.php,dynasty-overall,do,Michael Mayer,23056,TE,LV,233.58,26.59,188,272,,michael-mayer.php,,,11.5,,,,,,13.0,Michael Mayer,2026-08-07,LVR
/nfl/rankings/dynasty-overall.php,dynasty-overall,do,DeMario Douglas,25304,WR,NE,259.71,29.86,214,313,,demario-douglas.php,,,5.5,,,,,,11.0,Demario Douglas,2026-08-07,NEP
/nfl/rankings/dynasty-overall.php,dynasty-overall,do,Theo Johnson,23104,TE,NYG,248.92,32.54,199,294,,theo-johnson.php,,,11.5,,,,,,8.0,Theo Johnson,2026-08-07,NYG
/nfl/rankings/dynasty-overall.php,dynasty-overall,do,Cameron Dicker,23901,K,LAC,261.79,32.9,201,334,,cameron-dicker.php,,,95.5,,,,,,7.0,Cameron Dicker,2026-08-07,LAC
/nfl/rankings/dynasty-overall.php,dynasty-overall,do,Anthony Richardson Sr.,24347,QB,IND,241.67,40.04,167,327,,anthony-richardson.php,,,11.1,,,,,,13.0,Anthony Richardson,2026-08-07,IND
/nfl/rankings/dynasty-overall.php,dynasty-overall,do,Cooper Kupp,16433,WR,SEA,275.8,48.22,229,387,,cooper-kupp.php,,,17.1,,,,,,11.0,Cooper Kupp,2026-08-07,SEA
/nfl/rankings/dynasty-overall.php,dynasty-overall,do,Cedric Tillman,25287,WR,CLE,269.21,31.63,221,343,,cedric-tillman.php,,,1.1,,,,,,11.0,Cedric Tillman,2026-08-07,CLE
/nfl/rankings/dynasty-overall.php,dynasty-overall,do,Green Bay Packers,8110,DST,GB,272.5,28.96,212,336,,green-bay-defense.php,,,29.3,,,,,,11.0,Green Bay Packers,2026-08-07,GBP
/nfl/rankings/dynasty-overall.php,dynasty-overall,do,Isaiah Bond,24371,WR,CLE,281.8,42.78,240,380,,isaiah-bond.php,,,2.6,,,,,,11.0,Isaiah Bond,2026-08-07,CLE
/nfl/rankings/dynasty-overall.php,dynasty-overall,do,Jason Myers,14003,K,SEA,273.71,37.88,199,353,,jason-myers.php,,,92.3,,,,,-1.0,11.0,Jason Myers,2026-08-07,SEA
/nfl/rankings/dynasty-overall.php,dynasty-overall,do,Jarquez Hunter,24335,RB,LAR,298.29,30.47,233,364,,jarquez-hunter.php,,,3.5,,,,,,11.0,Jarquez Hunter,2026-08-07,LAR
/nfl/rankings/dynasty-overall.php,dynasty-overall,do,Will Reichard,26341,K,MIN,264.92,30.81,206,345,,will-reichard.php,,,28.0,,,,,-2.0,6.0,Will Reichard,2026-08-07,MIN
/nfl/rankings/dynasty-overall.php,dynasty-overall,do,Adam Randall,24367,RB,BAL,284.8,33.69,210,344,,adam-randall.php,,,5.3,,,,,,13.0,Adam Randall,2026-08-07,BAL
/nfl/rankings/dynasty-overall.php,dynasty-overall,do,Ka'imi Fairbairn,15756,K,HOU,266.77,32.45,207,348,,kaimi-fairbairn.php,,,89.6,,,,,1.0,8.0,Kaimi Fairbairn,2026-08-07,HOU
/nfl/rankings/dynasty-overall.php,dynasty-overall,do,Hollywood Brown,18226,WR,PHI,279.43,48.18,229,399,,marquise-brown.php,,,5.4,,,,,,10.0,Marquise Brown,2026-08-07,PHI
/nfl/rankings/dynasty-overall.php,dynasty-overall,do,Detroit Lions,8100,DST,DET,288.4,35.78,215,347,,detroit-defense.php,,,55.3,,,,,3.0,6.0,Detroit Lions,2026-08-07,DET
/nfl/rankings/dynasty-overall.php,dynasty-overall,do,Chris Boswell,13029,K,PIT,280.57,32.72,209,358,,chris-boswell.php,,,37.3,,,,,,9.0,Chris Boswell,2026-08-07,PIT
/nfl/rankings/dynasty-overall.php,dynasty-overall,do,Isaiah Davis,25977,RB,NYJ,296.63,26.69,228,339,,isaiah-davis.php,,,3.3,,,,,,13.0,Isaiah Davis,2026-08-07,NYJ
/nfl/rankings/dynasty-overall.php,dynasty-overall,do,Devaughn Vele,26409,WR,NO,281.5,43.12,234,379,,devaughn-vele.php,,,9.0,,,,,,8.0,Devaughn Vele,2026-08-07,NOS
/nfl/rankings/dynasty-overall.php,dynasty-overall,do,Brashard Smith,27259,RB,KC,305.29,37.4,222,379,,brashard-smith.php,,,4.8,,,,,,5.0,Brashard Smith,2026-08-07,KCC
/nfl/rankings/dynasty-overall.php,dynasty-overall,do,DJ Giddens,27097,RB,IND,299.63,29.48,246,359,,dj-giddens.php,,,2.9,,,,,,13.0,DJ Giddens,2026-08-07,IND
/nfl/rankings/dynasty-overall.php,dynasty-overall,do,Kansas City Chiefs,8150,DST,KC,286.14,30.76,224,343,,kansas-city-defense.php,,,24.4,,,,,2.0,5.0,Kansas City Chiefs,2026-08-07,KCC
/nfl/rankings/dynasty-overall.php,dynasty-overall,do,Chase McLaughlin,19058,K,TB,286.21,30.49,208,347,,chase-mclaughlin.php,,,22.8,,,,,,10.0,Chase McLaughlin,2026-08-07,TBB
/nfl/rankings/dynasty-overall.php,dynasty-overall,do,Baltimore Ravens,8020,DST,BAL,294.53,33.58,220,345,,baltimore-defense.php,,,49.2,,,,,-4.0,13.0,Baltimore Ravens,2026-08-07,BAL
/nfl/rankings/dynasty-overall.php,dynasty-overall,do,Wil Lutz,16026,K,DEN,287.14,32.25,214,356,,wil-lutz.php,,,7.1,,,,,,10.0,Wil Lutz,2026-08-07,DEN
/nfl/rankings/dynasty-overall.php,dynasty-overall,do,Evan McPherson,23297,K,CIN,288.29,31.93,210,340,,evan-mcpherson.php,,,39.3,,,,,,6.0,Evan McPherson,2026-08-07,CIN
/nfl/rankings/dynasty-overall.php,dynasty-overall,do,Seth McGowan,23079,RB,IND,296.4,42.49,235,384,,seth-mcgowan.php,,,4.5,,,,,,13.0,Seth McGowan,2026-08-07,IND
/nfl/rankings/dynasty-overall.php,dynasty-overall,do,Tyler Loop,27534,K,BAL,270.17,28.97,205,335,,tyler-loop.php,,,55.6,,,,,,13.0,Tyler Loop,2026-08-07,BAL
/nfl/rankings/dynasty-overall.php,dynasty-overall,do,Kirk Cousins,11177,QB,LV,259.36,12.91,241,289,,kirk-cousins.php,,,10.9,,,,,,13.0,Kirk Cousins,2026-08-07,LVR
/nfl/rankings/dynasty-overall.php,dynasty-overall,do,Justin Fields,19781,QB,KC,261.45,11.15,246,286,,justin-fields.php,,,8.0,,,,,,5.0,Justin Fields,2026-08-07,KCC
/nfl/rankings/dynasty-overall.php,dynasty-overall,do,Jake Bates,26075,K,DET,284.62,30.91,221,352,,jake-bates.php,,,61.7,,,,,,6.0,Jake Bates,2026-08-07,DET
/nfl/rankings/dynasty-overall.php,dynasty-overall,do,Brenen Thompson,28133,WR,LAC,233.11,28.83,169,270,,brenen-thompson.php,,,3.9,,,,,,7.0,Brenen Thompson,2026-08-07,LAC
/nfl/rankings/dynasty-overall.php,dynasty-overall,do,Caleb Douglas,28135,WR,MIA,251.7,42.26,176,313,,caleb-douglas.php,,,4.4,,,,,,6.0,Caleb Douglas,2026-08-07,MIA
/nfl/rankings/dynasty-overall.php,dynasty-overall,do,Jacksonville Jaguars,8140,DST,JAC,290.38,37.63,198,354,,jacksonville-defense.php,,,67.7,,,,,-2.0,7.0,Jacksonville Jaguars,2026-08-07,JAC
/nfl/rankings/dynasty-overall.php,dynasty-overall,do,Evan Engram,16411,TE,DEN,280.92,33.92,208,348,,evan-engram.php,,,13.1,,,,,,10.0,Evan Engram,2026-08-07,DEN
/nfl/rankings/dynasty-overall.php,dynasty-overall,do,Jalen Milroe,22884,QB,SEA,269.64,24.08,243,332,,jalen-milroe.php,,,3.0,,,,,,11.0,Jalen Milroe,2026-08-07,SEA
/nfl/rankings/dynasty-overall.php,dynasty-overall,do,Darnell Washington,22967,TE,PIT,269.91,47.51,195,357,,darnell-washington.php,,,12.6,,,,,,9.0,Darnell Washington,2026-08-07,PIT
/nfl/rankings/dynasty-overall.php,dynasty-overall,do,Harrison Butker,16712,K,KC,281.83,40.69,213,364,,harrison-butker.php,,,39.1,,,,,,5.0,Harrison Butker,2026-08-07,KCC
/nfl/rankings/dynasty-overall.php,dynasty-overall,do,Kevin Coleman Jr.,28067,WR,MIA,241.67,27.42,194,279,,kevin-coleman-jr.php,,,2.6,,,,,,6.0,Kevin Coleman,2026-08-07,MIA
/nfl/rankings/dynasty-overall.php,dynasty-overall,do,Drew Allar,24345,QB,PIT,275.55,32.92,233,337,,drew-allar.php,,,2.0,,,,,,9.0,Drew Allar,2026-08-07,PIT
/nfl/rankings/dynasty-overall.php,dynasty-overall,do,Jake Tonges,24778,TE,SF,275.73,39.89,207,351,,jake-tonges.php,,,14.5,,,,,,8.0,Jake Tonges,2026-08-07,SFO
/nfl/rankings/dynasty-overall.php,dynasty-overall,do,Kendre Miller,24360,RB,NO,311.67,31.88,278,364,,kendre-miller.php,,,5.6,,,,,,8.0,Kendre Miller,2026-08-07,NOS
/nfl/rankings/dynasty-overall.php,dynasty-overall,do,Eli Heidenreich,28297,RB,PIT,289.5,29.45,213,331,,eli-heidenreich.php,,,2.0,,,,,,9.0,Eli Heidenreich,2026-08-07,PIT
/nfl/rankings/dynasty-overall.php,dynasty-overall,do,Mike Gesicki,17272,TE,CIN,282.45,42.02,206,359,,mike-gesicki.php,,,10.5,,,,,,6.0,Mike Gesicki,2026-08-07,CIN
/nfl/rankings/dynasty-overall.php,dynasty-overall,do,Ja'Tavion Sanders,24334,TE,CAR,294.17,28.88,242,348,,jatavion-sanders.php,,,3.4,,,,,,5.0,JaTavion Sanders,2026-08-07,CAR
/nfl/rankings/dynasty-overall.php,dynasty-overall,do,Cade Klubnik,24361,QB,NYJ,272.4,23.76,241,318,,cade-klubnik.php,,,6.7,,,,,,13.0,Cade Klubnik,2026-08-07,NYJ
/nfl/rankings/dynasty-overall.php,dynasty-overall,do,New England Patriots,8180,DST,NE,295.5,21.0,272,339,,new-england-defense.php,,,79.7,,,,,,11.0,New England Patriots,2026-08-07,NEP
/nfl/rankings/dynasty-overall.php,dynasty-overall,do,Ben Sinnott,26310,TE,WAS,286.0,34.12,206,344,,ben-sinnott.php,,,1.7,,,,,,7.0,Ben Sinnott,2026-08-07,WAS
/nfl/rankings/dynasty-overall.php,dynasty-overall,do,Jalen Royals,27076,WR,KC,275.1,35.97,225,350,,jalen-royals.php,,,1.5,,,,,,5.0,Jalen Royals,2026-08-07,KCC
/nfl/rankings/dynasty-overall.php,dynasty-overall,do,Trevor Etienne,25393,RB,CAR,313.0,28.84,272,368,,trevor-etienne.php,,,1.5,,,,,,5.0,Trevor Etienne,2026-08-07,CAR
/nfl/rankings/dynasty-overall.php,dynasty-overall,do,Najee Harris,19302,RB,LAC,298.0,17.75,278,334,,najee-harris-rb.php,,,6.8,,,,,,7.0,Najee Harris,2026-08-07,LAC
/nfl/rankings/dynasty-overall.php,dynasty-overall,do,Tahj Brooks,26212,RB,CIN,316.36,26.87,284,385,,tahj-brooks.php,,,1.5,,,,,,6.0,Tahj Brooks,2026-08-07,CIN
/nfl/rankings/dynasty-overall.php,dynasty-overall,do,Los Angeles Chargers,8250,DST,LAC,292.0,24.01,264,349,,los-angeles-chargers-defense.php,,,48.4,,,,,3.0,7.0,Los Angeles Chargers,2026-08-07,LAC
/nfl/rankings/dynasty-overall.php,dynasty-overall,do,Chris Brooks,25823,RB,GB,310.08,30.89,245,390,,christopher-brooks.php,,,6.3,,,,,,11.0,Chris Brooks,2026-08-07,GBP
/nfl/rankings/dynasty-overall.php,dynasty-overall,do,Cyrus Allen,28424,WR,KC,268.0,67.96,174,371,,cyrus-allen.php,,,4.0,,,,,19.0,5.0,Cyrus Allen,2026-08-07,KCC
/nfl/rankings/dynasty-overall.php,dynasty-overall,do,Cole Kmet,19229,TE,CHI,283.1,22.06,251,319,,cole-kmet.php,,,7.3,,,,,,10.0,Cole Kmet,2026-08-07,CHI
/nfl/rankings/dynasty-overall.php,dynasty-overall,do,Colby Parkinson,19372,TE,LAR,269.56,39.64,205,339,,colby-parkinson.php,,,20.1,,,,,,11.0,Colby Parkinson,2026-08-07,LAR
/nfl/rankings/dynasty-overall.php,dynasty-overall,do,Isaac Guerendo,26392,RB,SF,327.2,33.22,294,396,,isaac-guerendo.php,,,2.0,,,,,,8.0,Isaac Guerendo,2026-08-07,SFO
/nfl/rankings/dynasty-overall.php,dynasty-overall,do,Andy Borregales,27291,K,NE,288.6,32.67,218,353,,andres-borregales.php,,,28.9,,,,,,11.0,Andy Borregales,2026-08-07,NEP
/nfl/rankings/dynasty-overall.php,dynasty-overall,do,Keenan Allen,11616,WR,LAC,290.5,50.41,236,389,,keenan-allen.php,,,7.1,,,,,,7.0,Keenan Allen,2026-08-07,LAC
/nfl/rankings/dynasty-overall.php,dynasty-overall,do,LeQuint Allen Jr.,27285,RB,JAC,317.77,30.36,272,367,,lequint-allen-jr.php,,,5.0,,,,,,7.0,LeQuint Allen,2026-08-07,JAC
/nfl/rankings/dynasty-overall.php,dynasty-overall,do,Marcus Mariota,13890,QB,WAS,291.6,27.38,254,343,,marcus-mariota.php,,,3.5,,,,,,7.0,Marcus Mariota,2026-08-07,WAS
/nfl/rankings/dynasty-overall.php,dynasty-overall,do,Jake Moody,24009,K,WAS,291.7,40.67,219,369,,jake-moody.php,,,2.4,,,,,,7.0,Jake Moody,2026-08-07,WAS
/nfl/rankings/dynasty-overall.php,dynasty-overall,do,Jameis Winston,13891,QB,NYG,296.3,23.0,264,329,,jameis-winston.php,,,5.1,,,,,-5.0,8.0,Jameis Winston,2026-08-07,NYG
/nfl/rankings/dynasty-overall.php,dynasty-overall,do,Cleveland Browns,8070,DST,CLE,306.73,20.39,272,338,,cleveland-defense.php,,,23.1,,,,,,11.0,Cleveland Browns,2026-08-07,CLE
/nfl/rankings/dynasty-overall.php,dynasty-overall,do,Taylen Green,28094,QB,CLE,284.56,24.77,256,338,,taylen-green.php,,,3.9,,,,,6.0,11.0,Taylen Green,2026-08-07,CLE
/nfl/rankings/dynasty-overall.php,dynasty-overall,do,Buffalo Bills,8030,DST,BUF,298.9,18.62,274,343,,buffalo-defense.php,,,30.2,,,,,,7.0,Buffalo Bills,2026-08-07,BUF
/nfl/rankings/dynasty-overall.php,dynasty-overall,do,Will Howard,25972,QB,PIT,301.5,26.47,266,340,,will-howard.php,,,3.9,,,,,,9.0,Will Howard,2026-08-07,PIT
/nfl/rankings/dynasty-overall.php,dynasty-overall,do,Quinn Ewers,23680,QB,MIA,291.44,23.74,264,333,,quinn-ewers.php,,,3.4,,,,,,6.0,Quinn Ewers,2026-08-07,MIA
/nfl/rankings/dynasty-overall.php,dynasty-overall,do,Jerome Ford,22921,RB,WAS,320.75,43.05,246,402,,jerome-ford.php,,,3.4,,,,,,7.0,Jerome Ford,2026-08-07,WAS
/nfl/rankings/dynasty-overall.php,dynasty-overall,do,Tyquan Thornton,22913,WR,KC,278.75,21.46,243,310,,tyquan-thornton.php,,,6.4,,,,,,5.0,Tyquan Thornton,2026-08-07,KCC
/nfl/rankings/dynasty-overall.php,dynasty-overall,do,New Orleans Saints,8190,DST,NO,307.3,41.04,216,360,,new-orleans-defense.php,,,19.5,,,,,,8.0,New Orleans Saints,2026-08-07,NOS
/nfl/rankings/dynasty-overall.php,dynasty-overall,do,Andrei Iosivas,25335,WR,CIN,297.11,23.2,252,337,,andrei-iosivas.php,,,4.4,,,,,,6.0,Andrei Iosivas,2026-08-07,CIN
/nfl/rankings/dynasty-overall.php,dynasty-overall,do,Will Shipley,22930,RB,PHI,326.42,25.91,294,387,,will-shipley.php,,,1.3,,,,,,10.0,Will Shipley,2026-08-07,PHI
/nfl/rankings/dynasty-overall.php,dynasty-overall,do,Cole Payton,28302,QB,PHI,289.75,30.7,246,335,,cole-payton.php,,,0.7,,,,,,10.0,Cole Payton,2026-08-07,PHI
/nfl/rankings/dynasty-overall.php,dynasty-overall,do,Sam Roush,28161,TE,CHI,296.88,22.84,268,335,,sam-roush.php,,,1.5,,,,,,10.0,Sam Roush,2026-08-07,CHI
/nfl/rankings/dynasty-overall.php,dynasty-overall,do,Tanner Koziol,27499,TE,JAC,311.56,27.85,275,366,,tanner-koziol.php,,,1.9,,,,,,7.0,Tanner Koziol,2026-08-07,JAC
/nfl/rankings/dynasty-overall.php,dynasty-overall,do,Luke McCaffrey,26328,WR,WAS,312.44,42.69,255,375,,luke-mccaffrey.php,,,1.2,,,,,,7.0,Luke McCaffrey,2026-08-07,WAS
/nfl/rankings/dynasty-overall.php,dynasty-overall,do,Spencer Rattler,23081,QB,NO,302.75,29.41,261,342,,spencer-rattler.php,,,1.2,,,,,,8.0,Spencer Rattler,2026-08-07,NOS
/nfl/rankings/dynasty-overall.php,dynasty-overall,do,Jalen Tolbert,23770,WR,MIA,273.67,39.93,222,325,,jalen-tolbert.php,,,4.9,,,,,,6.0,Jalen Tolbert,2026-08-07,MIA
/nfl/rankings/dynasty-overall.php,dynasty-overall,do,Devin Singletary,18280,RB,NYG,320.67,19.71,300,351,,devin-singletary.php,,,1.3,,,,,,8.0,Devin Singletary,2026-08-07,NYG
/nfl/rankings/dynasty-overall.php,dynasty-overall,do,Riley Leonard,25373,QB,IND,312.0,20.05,276,334,,riley-leonard.php,,,2.8,,,,,,13.0,Riley Leonard,2026-08-07,IND
/nfl/rankings/dynasty-overall.php,dynasty-overall,do,Darius Slayton,18706,WR,NYG,312.13,45.6,259,391,,darius-slayton.php,,,4.4,,,,,,8.0,Darius Slayton,2026-08-07,NYG
/nfl/rankings/dynasty-overall.php,dynasty-overall,do,Marlin Klein,28157,TE,HOU,312.38,26.39,283,367,,marlin-klein.php,,,1.2,,,,,,8.0,Marlin Klein,2026-08-07,HOU
/nfl/rankings/dynasty-overall.php,dynasty-overall,do,Garrett Nussmeier,22998,QB,KC,302.14,24.17,258,334,,garrett-nussmeier.php,,,7.4,,,,,,5.0,Garrett Nussmeier,2026-08-07,KCC
/nfl/rankings/dynasty-overall.php,dynasty-overall,do,Eddy Pineiro,17575,K,SF,302.43,17.43,286,335,,eddy-pineiro.php,,,59.4,,,,,,8.0,Eddy Pineiro,2026-08-07,SFO
/nfl/rankings/dynasty-overall.php,dynasty-overall,do,Tyson Bagent,25321,QB,CHI,316.38,41.49,261,383,,tyson-bagent.php,,,2.1,,,,,,10.0,Tyson Bagent,2026-08-07,CHI
/nfl/rankings/dynasty-overall.php,dynasty-overall,do,Justice Hill,18256,RB,BAL,328.0,20.41,304,373,,justice-hill.php,,,9.3,,,,,,13.0,Justice Hill,2026-08-07,BAL
/nfl/rankings/dynasty-overall.php,dynasty-overall,do,Chicago Bears,8050,DST,CHI,269.6,61.36,200,361,,chicago-defense.php,,,13.5,,,,,,10.0,Chicago Bears,2026-08-07,CHI
/nfl/rankings/dynasty-overall.php,dynasty-overall,do,Joe Flacco,9300,QB,CIN,321.25,33.07,277,393,,joe-flacco.php,,,3.5,,,,,,6.0,Joe Flacco,2026-08-07,CIN
/nfl/rankings/dynasty-overall.php,dynasty-overall,do,Jack Endries,27501,TE,CIN,322.63,45.85,247,380,,jack-endries.php,,,5.8,,,,,,6.0,Jack Endries,2026-08-07,CIN
/nfl/rankings/dynasty-overall.php,dynasty-overall,do,Matt Hibner,28168,TE,BAL,311.29,41.64,221,360,,matthew-hibner.php,,,2.6,,,,,7.0,13.0,Matt Hibner,2026-08-07,BAL
/nfl/rankings/dynasty-overall.php,dynasty-overall,do,Dont'e Thornton Jr.,27288,WR,LV,324.88,38.57,269,398,,donte-thornton-jr.php,,,1.5,,,,,,13.0,Donte Thornton,2026-08-07,LVR
/nfl/rankings/dynasty-overall.php,dynasty-overall,do,George Holani,22915,RB,SEA,325.75,31.45,272,362,,george-holani.php,,,7.8,,,,,,11.0,George Holani,2026-08-07,SEA
/nfl/rankings/dynasty-overall.php,dynasty-overall,do,Joshua Karty,26478,K,FA,278.6,37.91,223,338,,joshua-karty.php,,,1.0,,,,,,,Joshua Karty,2026-08-07,FA
/nfl/rankings/dynasty-overall.php,dynasty-overall,do,Joe Milton III,25967,QB,DAL,301.0,26.03,265,330,,joe-milton.php,,,2.4,,,,,,14.0,Joe Milton,2026-08-07,DAL
/nfl/rankings/dynasty-overall.php,dynasty-overall,do,Tanner McKee,24740,QB,PHI,327.75,40.77,253,381,,tanner-mckee.php,,,2.0,,,,,,10.0,Tanner McKee,2026-08-07,PHI
/nfl/rankings/dynasty-overall.php,dynasty-overall,do,Daniel Carlson,17420,K,LV,280.8,55.87,218,368,,daniel-carlson.php,,,0.7,,,,,,13.0,Daniel Carlson,2026-08-07,LVR
/nfl/rankings/dynasty-overall.php,dynasty-overall,do,Harrison Mevis,26638,K,LAR,302.67,15.3,289,326,,harrison-mevis.php,,,53.1,,,,,,11.0,Harrison Mevis,2026-08-07,LAR
/nfl/rankings/dynasty-overall.php,dynasty-overall,do,Jason Sanders,17533,K,NYJ,286.6,52.1,222,342,,jason-sanders.php,,,1.5,,,,,5.0,13.0,Jason Sanders,2026-08-07,NYJ
/nfl/rankings/dynasty-overall.php,dynasty-overall,do,Charlie Kolar,22756,TE,LAC,288.2,70.29,218,388,,charlie-kolar.php,,,2.0,,,,,,7.0,Charlie Kolar,2026-08-07,LAC
/nfl/rankings/dynasty-overall.php,dynasty-overall,do,Zavion Thomas,28132,WR,CHI,322.43,45.59,247,373,,zavion-thomas.php,,,5.1,,,,,,10.0,Zavion Thomas,2026-08-07,CHI
/nfl/rankings/dynasty-overall.php,dynasty-overall,do,Deion Burks,27093,WR,IND,308.5,34.0,263,350,,deion-burks.php,,,2.1,,,,,,13.0,Deion Burks,2026-08-07,IND
/nfl/rankings/dynasty-overall.php,dynasty-overall,do,Dallas Cowboys,8080,DST,DAL,289.6,57.65,221,366,,dallas-defense.php,,,18.9,,,,,-5.0,14.0,Dallas Cowboys,2026-08-07,DAL
/nfl/rankings/dynasty-overall.php,dynasty-overall,do,San Francisco 49ers,8270,DST,SF,289.8,51.97,211,350,,san-francisco-defense.php,,,21.8,,,,,,8.0,San Francisco 49ers,2026-08-07,SFO
/nfl/rankings/dynasty-overall.php,dynasty-overall,do,Joshua Palmer,22845,WR,BUF,334.38,50.48,243,392,,josh-palmer.php,,,1.1,,,,,,7.0,Josh Palmer,2026-08-07,BUF
/nfl/rankings/dynasty-overall.php,dynasty-overall,do,Jaylin Lane,27454,WR,WAS,316.0,29.2,273,369,,jaylin-lane.php,,,2.0,,,,,,7.0,Jaylin Lane,2026-08-07,WAS
/nfl/rankings/dynasty-overall.php,dynasty-overall,do,Konata Mumpfield,27449,WR,LAR,300.6,57.25,223,387,,konata-mumpfield.php,,,1.1,,,,,,11.0,Konata Mumpfield,2026-08-07,LAR
/nfl/rankings/dynasty-overall.php,dynasty-overall,do,CJ Daniels,28125,WR,LAR,319.33,54.88,257,394,,cj-daniels.php,,,1.9,,,,,,11.0,CJ Daniels,2026-08-07,LAR
/nfl/rankings/dynasty-overall.php,dynasty-overall,do,Cairo Santos,13731,K,CHI,302.2,10.93,290,318,,cairo-santos.php,,,25.5,,,,,,10.0,Cairo Santos,2026-08-07,CHI
/nfl/rankings/dynasty-overall.php,dynasty-overall,do,New York Giants,8200,DST,NYG,277.25,58.61,223,367,,new-york-giants-defense.php,,,24.2,,,,,-6.0,8.0,New York Giants,2026-08-07,NYG
/nfl/rankings/dynasty-overall.php,dynasty-overall,do,Mitchell Evans,27138,TE,CAR,323.0,56.83,238,391,,mitchell-evans.php,,,0.7,,,,,,5.0,Mitchell Evans,2026-08-07,CAR
/nfl/rankings/dynasty-overall.php,dynasty-overall,do,Jordan Whittington,23135,WR,LAR,351.11,44.34,265,405,,jordan-whittington.php,,,0.8,,,,,,11.0,Jordan Whittington,2026-08-07,LAR
/nfl/rankings/dynasty-overall.php,dynasty-overall,do,Emari Demercado,25654,RB,KC,344.88,33.51,291,391,,emari-demercado.php,,,2.4,,,,,,5.0,Emari Demercado,2026-08-07,KCC
/nfl/rankings/dynasty-overall.php,dynasty-overall,do,Savion Williams,27144,WR,GB,326.67,7.95,315,337,,savion-williams.php,,,1.1,,,,,,11.0,Savion Williams,2026-08-07,GBP
/nfl/rankings/dynasty-overall.php,dynasty-overall,do,Malik Benson,26012,WR,LV,311.4,24.2,285,346,,malik-benson.php,,,1.5,,,,,,13.0,Malik Benson,2026-08-07,LVR
/nfl/rankings/dynasty-overall.php,dynasty-overall,do,Calvin Austin III,23739,WR,NYG,312.4,21.84,270,328,,calvin-austin.php,,,2.4,,,,,,8.0,Calvin Austin,2026-08-07,NYG
/nfl/rankings/dynasty-overall.php,dynasty-overall,do,Michael Trigg,23167,TE,DAL,328.17,39.66,263,390,,michael-trigg.php,,,8.9,,,,,,14.0,Michael Trigg,2026-08-07,DAL
/nfl/rankings/dynasty-overall.php,dynasty-overall,do,Jahan Dotson,23101,WR,ATL,314.4,44.25,232,359,,jahan-dotson.php,,,4.0,,,,,,11.0,Jahan Dotson,2026-08-07,ATL
/nfl/rankings/dynasty-overall.php,dynasty-overall,do,Malik Davis,24205,RB,DAL,316.6,59.24,209,366,,malik-davis.php,,,3.0,,,,,,14.0,Malik Davis,2026-08-07,DAL
/nfl/rankings/dynasty-overall.php,dynasty-overall,do,Tutu Atwell,20126,WR,MIA,332.67,33.52,294,395,,tutu-atwell.php,,,1.5,,,,,,6.0,Tutu Atwell,2026-08-07,MIA
/nfl/rankings/dynasty-overall.php,dynasty-overall,do,Audric Estime,23054,RB,NO,333.33,27.88,305,372,,audric-estime.php,,,3.6,,,,,,8.0,Audric Estime,2026-08-07,NOS
/nfl/rankings/dynasty-overall.php,dynasty-overall,do,Josh Cameron,28137,WR,JAC,334.83,27.07,300,364,,josh-cameron.php,,,1.6,,,,,,7.0,Josh Cameron,2026-08-07,JAC
/nfl/rankings/dynasty-overall.php,dynasty-overall,do,Samaje Perine,16423,RB,CIN,301.0,62.44,202,356,,samaje-perine.php,,,5.1,,,,,,6.0,Samaje Perine,2026-08-07,CIN
/nfl/rankings/dynasty-overall.php,dynasty-overall,do,Dillon Gabriel,23150,QB,CLE,336.67,24.34,303,384,,dillon-gabriel.php,,,0.6,,,,,,11.0,Dillon Gabriel,2026-08-07,CLE
/nfl/rankings/dynasty-overall.php,dynasty-overall,do,Tyler Higbee,15623,TE,LAR,354.63,35.49,296,389,,tyler-higbee.php,,,3.1,,,,,,11.0,Tyler Higbee,2026-08-07,LAR
/nfl/rankings/dynasty-overall.php,dynasty-overall,do,Trey Smack,28507,K,GB,302.75,16.89,293,332,,trey-smack.php,,,6.4,,,,,,11.0,Trey Smack,2026-08-07,GBP
/nfl/rankings/dynasty-overall.php,dynasty-overall,do,Roman Hemby,25387,RB,LV,337.83,32.92,298,391,,roman-hemby.php,,,0.0,,,,,,13.0,Roman Hemby,2026-08-07,LVR
/nfl/rankings/dynasty-overall.php,dynasty-overall,do,Jake Elliott,16540,K,PHI,324.2,30.8,285,370,,jake-elliott.php,,,10.3,,,,,,10.0,Jake Elliott,2026-08-07,PHI
/nfl/rankings/dynasty-overall.php,dynasty-overall,do,J'Mari Taylor,28109,RB,JAC,338.33,34.39,299,401,,jmari-taylor.php,,,3.9,,,,,,7.0,JMari Taylor,2026-08-07,JAC
/nfl/rankings/dynasty-overall.php,dynasty-overall,do,Washington Commanders,8310,DST,WAS,305.5,9.39,290,315,,washington-defense.php,,,10.9,,,,,,7.0,Washington Commanders,2026-08-07,WAS
/nfl/rankings/dynasty-overall.php,dynasty-overall,do,Jam Miller,27326,RB,NE,308.5,41.04,267,352,,jam-miller.php,,,1.3,,,,,,11.0,Jam Miller,2026-08-07,NEP
/nfl/rankings/dynasty-overall.php,dynasty-overall,do,John Metchie III,22895,WR,CAR,341.5,36.8,291,386,,john-metchie.php,,,1.8,,,,,,5.0,John Metchie,2026-08-07,CAR
/nfl/rankings/dynasty-overall.php,dynasty-overall,do,Blake Grupe,25533,K,IND,281.33,8.58,271,292,,blake-grupe.php,,,1.6,,,,,,13.0,Blake Grupe,2026-08-07,IND
/nfl/rankings/dynasty-overall.php,dynasty-overall,do,Noah Fant,17527,TE,NO,336.4,32.64,293,382,,noah-fant.php,,,2.2,,,,,,8.0,Noah Fant,2026-08-07,NOS
/nfl/rankings/dynasty-overall.php,dynasty-overall,do,Dawson Knox,18631,TE,BUF,348.33,24.14,319,383,,dawson-knox.php,,,7.4,,,,,,7.0,Dawson Knox,2026-08-07,BUF
/nfl/rankings/dynasty-overall.php,dynasty-overall,do,Tyler Bass,19760,K,BUF,323.75,31.81,283,365,,tyler-bass.php,,,10.3,,,,,,7.0,Tyler Bass,2026-08-07,BUF
/nfl/rankings/dynasty-overall.php,dynasty-overall,do,Trey Lance,20082,QB,LAC,340.4,32.53,290,378,,trey-lance.php,,,1.0,,,,,-6.0,7.0,Trey Lance,2026-08-07,LAC
/nfl/rankings/dynasty-overall.php,dynasty-overall,do,Erick All Jr.,23837,TE,CIN,355.33,24.19,322,392,,erick-all.php,,,1.3,,,,,,6.0,Erick All,2026-08-07,CIN
/nfl/rankings/dynasty-overall.php,dynasty-overall,do,KeAndre Lambert-Smith,24372,WR,LAC,355.83,27.97,315,396,,keandre-lambert-smith.php,,,0.7,,,,,,7.0,KeAndre Lambert-Smith,2026-08-07,LAC
/nfl/rankings/dynasty-overall.php,dynasty-overall,do,Devontez Walker,26011,WR,BAL,332.0,29.86,299,367,,devontez-walker.php,,,0.9,,,,,,13.0,Devontez Walker,2026-08-07,BAL
/nfl/rankings/dynasty-overall.php,dynasty-overall,do,Noah Gray,19539,TE,KC,357.0,15.38,338,385,,noah-gray.php,,,4.0,,,,,,5.0,Noah Gray,2026-08-07,KCC
/nfl/rankings/dynasty-overall.php,dynasty-overall,do,Mack Hollins,16489,WR,NE,334.75,40.07,274,376,,mack-hollins.php,,,2.9,,,,,,11.0,Mack Hollins,2026-08-07,NEP
/nfl/rankings/dynasty-overall.php,dynasty-overall,do,Jaleel McLaughlin,25876,RB,DEN,359.0,33.27,308,397,,jaleel-mclaughlin.php,,,0.7,,,,,,10.0,Jaleel McLaughlin,2026-08-07,DEN
/nfl/rankings/dynasty-overall.php,dynasty-overall,do,Ja'Lynn Polk,26205,WR,FA,336.0,45.17,261,382,,jalynn-polk.php,,,0.6,,,,,,,JaLynn Polk,2026-08-07,FA
/nfl/rankings/dynasty-overall.php,dynasty-overall,do,Will Levis,22987,QB,TEN,337.75,18.77,312,365,,will-levis.php,,,1.5,,,,,,9.0,Will Levis,2026-08-07,TEN
/nfl/rankings/dynasty-overall.php,dynasty-overall,do,Davis Mills,22799,QB,HOU,352.0,25.89,307,386,,davis-mills.php,,,1.4,,,,,,8.0,Davis Mills,2026-08-07,HOU
/nfl/rankings/dynasty-overall.php,dynasty-overall,do,Jeff Caldwell,28425,WR,KC,363.17,30.76,307,399,,jeff-caldwell.php,,,2.1,,,,,,5.0,Jeff Caldwell,2026-08-07,KCC
/nfl/rankings/dynasty-overall.php,dynasty-overall,do,Gardner Minshew II,18562,QB,ARI,354.8,23.76,318,385,,gardner-minshew.php,,,1.7,,,,,,14.0,Gardner Minshew,2026-08-07,ARI
/nfl/rankings/dynasty-overall.php,dynasty-overall,do,Colbie Young,26037,WR,CIN,343.5,39.37,298,394,,colbie-young.php,,,1.5,,,,,,6.0,Colbie Young,2026-08-07,CIN
/nfl/rankings/dynasty-overall.php,dynasty-overall,do,Jimmy Garoppolo,12208,QB,LAR,323.0,38.29,273,366,,jimmy-garoppolo.php,,,0.8,,,,,,11.0,Jimmy Garoppolo,2026-08-07,LAR
/nfl/rankings/dynasty-overall.php,dynasty-overall,do,Joe Royer,27312,TE,CLE,365.5,15.49,340,387,,joe-royer.php,,,1.6,,,,,,11.0,Joe Royer,2026-08-07,CLE
/nfl/rankings/dynasty-overall.php,dynasty-overall,do,Luke Musgrave,25282,TE,GB,358.0,11.58,346,375,,luke-musgrave.php,,,7.0,,,,,,11.0,Luke Musgrave,2026-08-07,GBP
/nfl/rankings/dynasty-overall.php,dynasty-overall,do,Eric Rivers Jr.,28128,WR,TB,346.0,24.32,308,375,,eric-rivers.php,,,1.0,,,,,,10.0,Eric Rivers,2026-08-07,TBB
/nfl/rankings/dynasty-overall.php,dynasty-overall,do,Joe Mixon,16420,RB,FA,326.33,17.99,305,349,,joe-mixon.php,,,10.4,,,,,,,Joe Mixon,2026-08-07,FA
/nfl/rankings/dynasty-overall.php,dynasty-overall,do,Brandon McManus,13274,K,FA,295.0,7.0,288,302,,brandon-mcmanus.php,,,0.7,,,,,,,Brandon McManus,2026-08-07,FA
/nfl/rankings/dynasty-overall.php,dynasty-overall,do,Barion Brown,25416,WR,NO,362.6,33.05,304,397,,barion-brown.php,,,1.1,,,,,,8.0,Barion Brown,2026-08-07,NOS
/nfl/rankings/dynasty-overall.php,dynasty-overall,do,Ty Johnson,18406,RB,BUF,352.25,20.54,323,378,,ty-johnson.php,,,3.2,,,,,,7.0,Ty Johnson,2026-08-07,BUF
/nfl/rankings/dynasty-overall.php,dynasty-overall,do,Treylon Burks,22905,WR,WAS,364.2,39.4,297,406,,treylon-burks.php,,,3.6,,,,,,7.0,Treylon Burks,2026-08-07,WAS
/nfl/rankings/dynasty-overall.php,dynasty-overall,do,Jake Browning,18557,QB,TB,336.33,37.26,286,375,,jake-browning.php,,,0.6,,,,,,10.0,Jake Browning,2026-08-07,TBB
/nfl/rankings/dynasty-overall.php,dynasty-overall,do,Zach Wilson,22679,QB,NO,337.33,53.02,267,395,,zach-wilson.php,,,0.6,,,,,,8.0,Zach Wilson,2026-08-07,NOS
/nfl/rankings/dynasty-overall.php,dynasty-overall,do,Haynes King,23141,QB,CAR,303.5,37.5,266,341,,haynes-king.php,,,0.0,,,,,,5.0,Haynes King,2026-08-07,CAR
/nfl/rankings/dynasty-overall.php,dynasty-overall,do,Nate Boerkircher,28427,TE,JAC,365.8,9.24,351,377,,nate-boerkircher.php,,,0.9,,,,,,7.0,Nate Boerkircher,2026-08-07,JAC
/nfl/rankings/dynasty-overall.php,dynasty-overall,do,Elijah Higgins,23119,TE,ARI,355.75,43.85,286,400,,elijah-higgins.php,,,0.9,,,,,,14.0,Elijah Higgins,2026-08-07,ARI
/nfl/rankings/dynasty-overall.php,dynasty-overall,do,Kendrick Law,26044,WR,DET,339.0,36.4,293,382,,kendrick-law.php,,,1.5,,,,,,6.0,Kendrick Law,2026-08-07,DET
/nfl/rankings/dynasty-overall.php,dynasty-overall,do,Zach Ertz,11689,TE,FA,340.0,23.62,319,373,,zach-ertz.php,,,1.3,,,,,,,Zach Ertz,2026-08-07,FA
/nfl/rankings/dynasty-overall.php,dynasty-overall,do,KaVontae Turpin,18520,WR,DAL,342.0,45.52,278,380,,kavontae-turpin.php,,,3.5,,,,,,14.0,KaVontae Turpin,2026-08-07,DAL
/nfl/rankings/dynasty-overall.php,dynasty-overall,do,Dyami Brown,20113,WR,WAS,358.5,34.47,299,383,,dyami-brown.php,,,0.8,,,,,,7.0,Dyami Brown,2026-08-07,WAS
/nfl/rankings/dynasty-overall.php,dynasty-overall,do,Darren Waller,14104,TE,FA,317.0,63.0,254,380,,darren-waller.php,,,1.8,,,,,,,Darren Waller,2026-08-07,FA
/nfl/rankings/dynasty-overall.php,dynasty-overall,do,Robert Henry Jr.,28404,RB,WAS,347.67,25.37,313,373,,robert-henry-jr.php,,,0.0,,,,,,7.0,Robert Henry,2026-08-07,WAS
/nfl/rankings/dynasty-overall.php,dynasty-overall,do,Spencer Shrader,26763,K,IND,318.5,4.5,314,323,,spencer-shrader.php,,,1.2,,,,,,13.0,Spencer Shrader,2026-08-07,IND
/nfl/rankings/dynasty-overall.php,dynasty-overall,do,Tyler Huntley,19297,QB,BAL,350.33,16.82,331,372,,tyler-huntley.php,,,3.1,,,,,,13.0,Tyler Huntley,2026-08-07,BAL
/nfl/rankings/dynasty-overall.php,dynasty-overall,do,Tyler Conklin,17598,TE,DET,333.0,87.0,246,420,,tyler-conklin.php,,,0.6,,,,,,6.0,Tyler Conklin,2026-08-07,DET
/nfl/rankings/dynasty-overall.php,dynasty-overall,do,Dae'Quan Wright,28159,TE,PHI,369.75,38.75,310,418,,daequan-wright.php,,,0.0,,,,,,10.0,DaeQuan Wright,2026-08-07,PHI
/nfl/rankings/dynasty-overall.php,dynasty-overall,do,Bam Knight,24901,RB,ARI,373.75,46.51,304,434,,zonovan-bam-knight.php,,,0.7,,,,,,14.0,Bam Knight,2026-08-07,ARI
/nfl/rankings/dynasty-overall.php,dynasty-overall,do,Aaron Anderson,27500,WR,CLE,328.5,35.5,293,364,,aaron-anderson.php,,,1.2,,,,,,11.0,Aaron Anderson,2026-08-07,CLE
/nfl/rankings/dynasty-overall.php,dynasty-overall,do,Jaren Kanak,28160,TE,TEN,355.67,32.17,322,399,,jaren-kanak.php,,,0.0,,,,,,9.0,Jaren Kanak,2026-08-07,TEN
/nfl/rankings/dynasty-overall.php,dynasty-overall,do,Tai Felton,27182,WR,MIN,368.75,16.53,346,389,,tai-felton.php,,,0.6,,,,,,6.0,Tai Felton,2026-08-07,MIN
/nfl/rankings/dynasty-overall.php,dynasty-overall,do,Will Kacmarek,28403,TE,MIA,356.33,47.12,290,395,,will-kacmarek.php,,,5.4,,,,,,6.0,Will Kacmarek,2026-08-07,MIA
/nfl/rankings/dynasty-overall.php,dynasty-overall,do,Phil Mafah,22928,RB,DAL,365.0,51.33,309,433,,phil-mafah.php,,,0.9,,,,,,14.0,Phil Mafah,2026-08-07,DAL
/nfl/rankings/dynasty-overall.php,dynasty-overall,do,Aidan O'Connell,24330,QB,LV,359.0,12.03,342,368,,aidan-oconnell.php,,,0.6,,,,,,13.0,Aidan OConnell,2026-08-07,LVR
/nfl/rankings/dynasty-overall.php,dynasty-overall,do,Mitchell Trubisky,16381,QB,TEN,339.5,54.5,285,394,,mitch-trubisky.php,,,0.6,,,,,,9.0,Mitchell Trubisky,2026-08-07,TEN
/nfl/rankings/dynasty-overall.php,dynasty-overall,do,Jonnu Smith,16460,TE,FA,341.0,0.0,341,341,,jonnu-smith.php,,,3.8,,,,,-9.0,,Jonnu Smith,2026-08-07,FA
/nfl/rankings/dynasty-overall.php,dynasty-overall,do,Tyrod Taylor,10007,QB,GB,342.0,2.0,340,344,,tyrod-taylor.php,,,1.2,,,,,,11.0,Tyrod Taylor,2026-08-07,GBP
/nfl/rankings/dynasty-overall.php,dynasty-overall,do,Tyren Montgomery,28423,WR,TEN,381.4,16.6,359,404,,tyren-montgomery.php,,,0.0,,,,,,9.0,Tyren Montgomery,2026-08-07,TEN
/nfl/rankings/dynasty-overall.php,dynasty-overall,do,Jeremy McNichols,16445,RB,WAS,347.5,66.5,281,414,,jeremy-mcnichols.php,,,0.6,,,,,13.0,7.0,Jeremy McNichols,2026-08-07,WAS
/nfl/rankings/dynasty-overall.php,dynasty-overall,do,Mason Rudolph,17234,QB,PIT,354.0,15.0,339,369,,mason-rudolph.php,,,0.7,,,,,,9.0,Mason Rudolph,2026-08-07,PIT
/nfl/rankings/dynasty-overall.php,dynasty-overall,do,Kendrick Bourne,17066,WR,ARI,354.5,33.5,321,388,,kendrick-bourne.php,,,3.1,,,,,,14.0,Kendrick Bourne,2026-08-07,ARI
/nfl/rankings/dynasty-overall.php,dynasty-overall,do,Riley Nowakowski,28437,TE,PIT,373.67,16.13,356,395,,riley-nowakowski.php,,,0.7,,,,,,9.0,Riley Nowakowski,2026-08-07,PIT
/nfl/rankings/dynasty-overall.php,dynasty-overall,do,DeAndre Hopkins,11606,WR,BAL,383.75,9.55,376,400,,deandre-hopkins.php,,,0.6,,,,,,13.0,DeAndre Hopkins,2026-08-07,BAL
/nfl/rankings/dynasty-overall.php,dynasty-overall,do,Roschon Johnson,25322,RB,CHI,364.5,48.5,316,413,,roschon-johnson.php,,,0.6,,,,,,10.0,Roschon Johnson,2026-08-07,CHI
/nfl/rankings/dynasty-overall.php,dynasty-overall,do,Andy Dalton,9907,QB,PHI,362.0,31.0,331,393,,andy-dalton.php,,,0.7,,,,,,10.0,Andy Dalton,2026-08-07,PHI
/nfl/rankings/dynasty-overall.php,dynasty-overall,do,Seydou Traore,28163,TE,MIA,366.5,49.5,317,416,,seydou-traore.php,,,0.0,,,,,,6.0,Seydou Traore,2026-08-07,MIA
/nfl/rankings/dynasty-overall.php,dynasty-overall,do,Olamide Zaccheaus,18864,WR,ATL,377.0,18.02,354,398,,olamide-zaccheaus.php,,,2.9,,,,,,11.0,Olamide Zaccheaus,2026-08-07,ATL
/nfl/rankings/dynasty-overall.php,dynasty-overall,do,Rasheen Ali,25983,RB,BAL,367.5,47.5,320,415,,rasheen-ali.php,,,1.1,,,,,,13.0,Rasheen Ali,2026-08-07,BAL
/nfl/rankings/dynasty-overall.php,dynasty-overall,do,John Michael Gyllenborg,28158,TE,KC,379.0,58.0,321,437,,john-michael-gyllenborg.php,,,1.8,,,,,,5.0,John Michael Gyllenborg,2026-08-07,KCC
/nfl/rankings/dynasty-overall.php,dynasty-overall,do,Eric McAlister,28134,WR,FA,365.0,43.0,322,408,,eric-mcalister.php,,,4.0,,,,,,,Eric McAlister,2026-08-07,FA
/nfl/rankings/dynasty-overall.php,dynasty-overall,do,Dallen Bentley,28352,TE,DEN,385.75,15.58,359,398,,dallen-bentley.php,,,1.1,,,,,,10.0,Dallen Bentley,2026-08-07,DEN
/nfl/rankings/dynasty-overall.php,dynasty-overall,do,Kenny Pickett,22722,QB,CAR,367.5,9.5,358,377,,kenny-pickett.php,,,1.0,,,,,,5.0,Kenny Pickett,2026-08-07,CAR
/nfl/rankings/dynasty-overall.php,dynasty-overall,do,Carsen Ryan,28399,TE,CLE,380.67,10.96,371,396,,carsen-ryan.php,,,1.1,,,,,,11.0,Carsen Ryan,2026-08-07,CLE
/nfl/rankings/dynasty-overall.php,dynasty-overall,do,Jawhar Jordan,26329,RB,HOU,368.0,22.0,346,390,,jawhar-jordan.php,,,0.7,,,,,,8.0,Jawhar Jordan,2026-08-07,HOU
/nfl/rankings/dynasty-overall.php,dynasty-overall,do,Josh Cuevas,28155,TE,BAL,383.0,10.03,374,397,,josh-cuevas.php,,,0.6,,,,,,13.0,Josh Cuevas,2026-08-07,BAL
/nfl/rankings/dynasty-overall.php,dynasty-overall,do,Austin Hooper,15581,TE,ATL,373.5,17.5,356,391,,austin-hooper.php,,,1.4,,,,,,11.0,Austin Hooper,2026-08-07,ATL
/nfl/rankings/dynasty-overall.php,dynasty-overall,do,Reggie Virgil,28141,WR,ARI,385.33,14.88,369,405,,reggie-virgil.php,,,0.7,,,,,,14.0,Reggie Virgil,2026-08-07,ARI
/nfl/rankings/dynasty-overall.php,dynasty-overall,do,Efton Chism III,27445,WR,NE,381.0,38.0,343,419,,efton-chismi.php,,,0.6,,,,,,11.0,Efton Chism,2026-08-07,NEP
/nfl/rankings/dynasty-overall.php,dynasty-overall,do,Jordan Watkins,27486,WR,SF,375.5,11.5,364,387,,jordan-watkins.php,,,1.0,,,,,,8.0,Jordan Watkins,2026-08-07,SFO
/nfl/rankings/dynasty-overall.php,dynasty-overall,do,Kareem Hunt,16425,RB,FA,376.0,5.0,371,381,,kareem-hunt.php,,,1.3,,,,,,,Kareem Hunt,2026-08-07,FA
/nfl/rankings/dynasty-overall.php,dynasty-overall,do,Kaden Wetjen,28435,WR,PIT,387.67,13.72,373,406,,kaden-wetjen.php,,,0.7,,,,,,9.0,Kaden Wetjen,2026-08-07,PIT
/nfl/rankings/dynasty-overall.php,dynasty-overall,do,Jahdae Walker,27810,WR,CHI,403.5,47.5,356,451,,jahdae-walker.php,,,0.9,,,,,,10.0,Jahdae Walker,2026-08-07,CHI
/nfl/rankings/dynasty-overall.php,dynasty-overall,do,Chase Roberts,28131,WR,LV,393.5,35.5,358,429,,chase-roberts.php,,,0.0,,,,,,13.0,Chase Roberts,2026-08-07,LVR
/nfl/rankings/dynasty-overall.php,dynasty-overall,do,Josh Oliver,18487,TE,MIN,385.5,24.5,361,410,,josh-oliver.php,,,0.7,,,,,,6.0,Josh Oliver,2026-08-07,MIN
/nfl/rankings/dynasty-overall.php,dynasty-overall,do,Austin Ekeler,16483,RB,FA,410.0,48.0,362,458,,austin-ekeler.php,,,1.6,,,,,,,Austin Ekeler,2026-08-07,FA
/nfl/rankings/dynasty-overall.php,dynasty-overall,do,Cade Stover,25269,TE,HOU,386.0,0.0,386,386,,cade-stover.php,,,0.6,,,,,,8.0,Cade Stover,2026-08-07,HOU
/nfl/rankings/dynasty-overall.php,dynasty-overall,do,Jimmy Horn Jr.,27294,WR,CAR,393.5,27.5,366,421,,jimmy-horn-jr.php,,,0.8,,,,,,5.0,Jimmy Horn,2026-08-07,CAR
/nfl/rankings/dynasty-overall.php,dynasty-overall,do,Terion Stewart,28111,RB,KC,387.0,15.0,372,402,,terion-stewart.php,,,0.0,,,,,,5.0,Terion Stewart,2026-08-07,KCC
/nfl/rankings/dynasty-overall.php,dynasty-overall,do,Adam Trautman,19423,TE,DEN,387.0,14.0,373,401,,adam-trautman.php,,,0.6,,,,,,10.0,Adam Trautman,2026-08-07,DEN
/nfl/rankings/dynasty-overall.php,dynasty-overall,do,Dean Connors,28113,RB,LAR,404.0,37.0,367,441,,dean-connors.php,,,1.0,,,,,,11.0,Dean Connors,2026-08-07,LAR
/nfl/rankings/dynasty-overall.php,dynasty-overall,do,Xavier Hutchinson,25332,WR,HOU,404.33,25.0,381,439,,xavier-hutchinson.php,,,0.9,,,,,,8.0,Xavier Hutchinson,2026-08-07,HOU
/nfl/rankings/dynasty-overall.php,dynasty-overall,do,Jared Wiley,26343,TE,KC,402.5,32.5,370,435,,jared-wiley.php,,,1.0,,,,,,5.0,Jared Wiley,2026-08-07,KCC
/nfl/rankings/dynasty-overall.php,dynasty-overall,do,Jeremy Ruckert,23742,TE,NYJ,408.0,34.0,374,442,,jeremy-ruckert.php,,,0.6,,,,,-12.0,13.0,Jeremy Ruckert,2026-08-07,NYJ
/nfl/rankings/dynasty-overall.php,dynasty-overall,do,Jaydn Ott,25394,RB,KC,411.5,34.5,377,446,,jaydn-ott.php,,,1.0,,,,,,5.0,Jaydn Ott,2026-08-07,KCC
/nfl/rankings/dynasty-overall.php,dynasty-overall,do,Roman Wilson,28896,WR,PIT,416.0,37.0,379,453,,roman-wilson-wr.php,,,1.5,,,,,,9.0,Roman Wilson,2026-08-07,PIT
/nfl/rankings/dynasty-overall.php,dynasty-overall,do,Daniel Bellinger,24238,TE,TEN,395.5,11.5,384,407,,daniel-bellinger.php,,,3.2,,,,,,9.0,Daniel Bellinger,2026-08-07,TEN
/nfl/rankings/dynasty-overall.php,dynasty-overall,do,Thomas Fidone II,23039,TE,NYG,406.33,14.88,390,426,,thomas-fidone.php,,,1.0,,,,,13.0,8.0,Thomas Fidone,2026-08-07,NYG
/nfl/rankings/dynasty-overall.php,dynasty-overall,do,Tommy Tremble,22795,TE,CAR,402.5,14.5,388,417,,tommy-tremble.php,,,0.8,,,,,,5.0,Tommy Tremble,2026-08-07,CAR
/nfl/rankings/dynasty-overall.php,dynasty-overall,do,Nick Westbrook-Ikhine,19747,WR,IND,407.5,19.5,388,427,,nick-westbrook.php,,,1.0,,,,,,13.0,Nick Westbrook-Ikhine,2026-08-07,IND
/nfl/rankings/dynasty-overall.php,dynasty-overall,do,Grant Calcaterra,24180,TE,PHI,421.0,29.0,392,450,,grant-calcaterra.php,,,0.7,,,,,,10.0,Grant Calcaterra,2026-08-07,PHI
/nfl/rankings/dynasty-qb.php,dynasty-qb,dp,Josh Allen,17298,QB,BUF,1.18,0.38,1,2,,josh-allen-qb.php,,,99.5,,,,,,7.0,Josh Allen,2026-08-07,BUF
/nfl/rankings/dynasty-qb.php,dynasty-qb,dp,Drake Maye,23046,QB,NE,1.88,0.47,1,3,,drake-maye.php,,,98.6,,,,,,11.0,Drake Maye,2026-08-07,NEP
/nfl/rankings/dynasty-qb.php,dynasty-qb,dp,Jayden Daniels,22902,QB,WAS,3.41,0.69,3,5,,jayden-daniels.php,,,97.4,,,,,,7.0,Jayden Daniels,2026-08-07,WAS
/nfl/rankings/dynasty-qb.php,dynasty-qb,dp,Lamar Jackson,17233,QB,BAL,4.24,0.94,3,7,,lamar-jackson.php,,,99.1,,,,,,13.0,Lamar Jackson,2026-08-07,BAL
/nfl/rankings/dynasty-qb.php,dynasty-qb,dp,Joe Burrow,19196,QB,CIN,5.59,0.91,4,7,,joe-burrow.php,,,98.0,,,,,-1.0,6.0,Joe Burrow,2026-08-07,CIN
/nfl/rankings/dynasty-qb.php,dynasty-qb,dp,Caleb Williams,23084,QB,CHI,5.71,1.36,4,8,,caleb-williams.php,,,93.0,,,,,,10.0,Caleb Williams,2026-08-07,CHI
/nfl/rankings/dynasty-qb.php,dynasty-qb,dp,Justin Herbert,18635,QB,LAC,7.53,1.19,6,10,,justin-herbert.php,,,93.2,,,,,,7.0,Justin Herbert,2026-08-07,LAC
/nfl/rankings/dynasty-qb.php,dynasty-qb,dp,Patrick Mahomes II,16413,QB,KC,7.82,1.2,5,10,,patrick-mahomes.php,,,90.8,,,,,,5.0,Patrick Mahomes,2026-08-07,KCC
/nfl/rankings/dynasty-qb.php,dynasty-qb,dp,Jalen Hurts,19275,QB,PHI,9.18,1.58,6,13,,jalen-hurts.php,,,97.7,,,,,,10.0,Jalen Hurts,2026-08-07,PHI
/nfl/rankings/dynasty-qb.php,dynasty-qb,dp,Trevor Lawrence,19780,QB,JAC,9.47,1.29,7,12,,trevor-lawrence.php,,,89.6,,,,,,7.0,Trevor Lawrence,2026-08-07,JAC
/nfl/rankings/dynasty-qb.php,dynasty-qb,dp,Jaxson Dart,23160,QB,NYG,11.76,1.16,10,14,,jaxson-dart.php,,,94.0,,,,,,8.0,Jaxson Dart,2026-08-07,NYG
/nfl/rankings/dynasty-qb.php,dynasty-qb,dp,Brock Purdy,19797,QB,SF,12.12,0.96,11,14,,brock-purdy.php,,,90.3,,,,,,8.0,Brock Purdy,2026-08-07,SFO
/nfl/rankings/dynasty-qb.php,dynasty-qb,dp,Bo Nix,22910,QB,DEN,12.24,1.31,10,14,,bo-nix.php,,,87.5,,,,,,10.0,Bo Nix,2026-08-07,DEN
/nfl/rankings/dynasty-qb.php,dynasty-qb,dp,Dak Prescott,15600,QB,DAL,13.94,1.83,10,18,,dak-prescott.php,,,93.3,,,,,,14.0,Dak Prescott,2026-08-07,DAL
/nfl/rankings/dynasty-qb.php,dynasty-qb,dp,Jordan Love,19246,QB,GB,14.88,1.13,13,18,,jordan-love.php,,,58.6,,,,,,11.0,Jordan Love,2026-08-07,GBP
/nfl/rankings/dynasty-qb.php,dynasty-qb,dp,Fernando Mendoza,28013,QB,LV,17.59,2.06,15,22,,fernando-mendoza.php,,,33.6,,,,,,13.0,Fernando Mendoza,2026-08-07,LVR
/nfl/rankings/dynasty-qb.php,dynasty-qb,dp,Jared Goff,15501,QB,DET,17.71,2.14,14,21,,jared-goff.php,,,77.8,,,,,,6.0,Jared Goff,2026-08-07,DET
/nfl/rankings/dynasty-qb.php,dynasty-qb,dp,Baker Mayfield,17237,QB,TB,18.24,2.24,15,23,,baker-mayfield.php,,,62.0,,,,,,10.0,Baker Mayfield,2026-08-07,TBB
/nfl/rankings/dynasty-qb.php,dynasty-qb,dp,Cam Ward,24755,QB,TEN,19.65,1.78,17,24,,cam-ward.php,,,28.9,,,,,,9.0,Cam Ward,2026-08-07,TEN
/nfl/rankings/dynasty-qb.php,dynasty-qb,dp,C.J. Stroud,23071,QB,HOU,20.12,2.25,16,24,,cj-stroud.php,,,40.0,,,,,,8.0,CJ Stroud,2026-08-07,HOU
/nfl/rankings/dynasty-qb.php,dynasty-qb,dp,Tyler Shough,23096,QB,NO,20.24,1.55,17,24,,tyler-shough.php,,,51.2,,,,,,8.0,Tyler Shough,2026-08-07,NOS
/nfl/rankings/dynasty-qb.php,dynasty-qb,dp,Kyler Murray,18600,QB,MIN,21.59,1.75,16,24,,kyler-murray.php,,,72.3,,,,,,6.0,Kyler Murray,2026-08-07,MIN
/nfl/rankings/dynasty-qb.php,dynasty-qb,dp,Sam Darnold,17236,QB,SEA,22.41,1.91,18,25,,sam-darnold.php,,,42.9,,,,,,11.0,Sam Darnold,2026-08-07,SEA
/nfl/rankings/dynasty-qb.php,dynasty-qb,dp,Malik Willis,23499,QB,MIA,23.94,1.98,20,28,,malik-willis.php,,,44.9,,,,,,6.0,Malik Willis,2026-08-07,MIA
/nfl/rankings/dynasty-qb.php,dynasty-qb,dp,Matthew Stafford,9451,QB,LAR,25.0,1.71,22,28,,matthew-stafford.php,,,91.6,,,,,,11.0,Matthew Stafford,2026-08-07,LAR
/nfl/rankings/dynasty-qb.php,dynasty-qb,dp,Bryce Young,22900,QB,CAR,25.35,2.19,19,28,,bryce-young.php,,,32.0,,,,,,5.0,Bryce Young,2026-08-07,CAR
/nfl/rankings/dynasty-qb.php,dynasty-qb,dp,Daniel Jones,18232,QB,IND,26.06,1.35,23,28,,daniel-jones.php,,,40.7,,,,,,13.0,Daniel Jones,2026-08-07,IND
/nfl/rankings/dynasty-qb.php,dynasty-qb,dp,Ty Simpson,25368,QB,LAR,28.06,0.87,26,30,,ty-simpson.php,,,14.9,,,,,,11.0,Ty Simpson,2026-08-07,LAR
/nfl/rankings/dynasty-qb.php,dynasty-qb,dp,Michael Penix Jr.,22973,QB,ATL,29.35,0.9,28,31,,michael-penix-jr.php,,,12.8,,,,,,11.0,Michael Penix,2026-08-07,ATL
/nfl/rankings/dynasty-qb.php,dynasty-qb,dp,Tua Tagovailoa,19198,QB,ATL,31.59,2.14,29,36,,tua-tagovailoa.php,,,22.4,,,,,,11.0,Tua Tagovailoa,2026-08-07,ATL
/nfl/rankings/dynasty-qb.php,dynasty-qb,dp,Shedeur Sanders,25968,QB,CLE,32.47,1.38,31,35,,shedeur-sanders.php,,,14.5,,,,,,11.0,Shedeur Sanders,2026-08-07,CLE
/nfl/rankings/dynasty-qb.php,dynasty-qb,dp,Jacoby Brissett,15642,QB,ARI,33.65,2.3,30,40,,jacoby-brissett.php,,,25.4,,,,,,14.0,Jacoby Brissett,2026-08-07,ARI
/nfl/rankings/dynasty-qb.php,dynasty-qb,dp,J.J. McCarthy,23018,QB,MIN,33.71,3.01,30,41,,jj-mccarthy.php,,,10.9,,,,,,6.0,JJ McCarthy,2026-08-07,MIN
/nfl/rankings/dynasty-qb.php,dynasty-qb,dp,Geno Smith,11687,QB,NYJ,34.24,2.39,32,40,,geno-smith.php,,,15.6,,,,,,13.0,Geno Smith,2026-08-07,NYJ
/nfl/rankings/dynasty-qb.php,dynasty-qb,dp,Aaron Rodgers,9001,QB,PIT,35.41,2.68,30,40,,aaron-rodgers.php,,,18.8,,,,,,9.0,Aaron Rodgers,2026-08-07,PIT
/nfl/rankings/dynasty-qb.php,dynasty-qb,dp,Mac Jones,20156,QB,SF,35.25,3.22,30,41,,mac-jones.php,,,8.1,,,,,,8.0,Mac Jones,2026-08-07,SFO
/nfl/rankings/dynasty-qb.php,dynasty-qb,dp,Carson Beck,22953,QB,ARI,37.0,4.1,30,46,,carson-beck.php,,,12.2,,,,,,14.0,Carson Beck,2026-08-07,ARI
/nfl/rankings/dynasty-qb.php,dynasty-qb,dp,Deshaun Watson,16398,QB,CLE,41.08,4.03,35,48,,deshaun-watson.php,,,16.9,,,,,,11.0,Deshaun Watson,2026-08-07,CLE
/nfl/rankings/dynasty-qb.php,dynasty-qb,dp,Justin Fields,19781,QB,KC,42.17,5.05,37,56,,justin-fields.php,,,8.0,,,,,,5.0,Justin Fields,2026-08-07,KCC
/nfl/rankings/dynasty-qb.php,dynasty-qb,dp,Anthony Richardson Sr.,24347,QB,IND,38.36,6.43,30,49,,anthony-richardson.php,,,11.1,,,,,,13.0,Anthony Richardson,2026-08-07,IND
/nfl/rankings/dynasty-qb.php,dynasty-qb,dp,Jalen Milroe,22884,QB,SEA,44.83,7.03,36,61,,jalen-milroe.php,,,3.0,,,,,,11.0,Jalen Milroe,2026-08-07,SEA
/nfl/rankings/dynasty-qb.php,dynasty-qb,dp,Kirk Cousins,11177,QB,LV,40.55,3.03,36,47,,kirk-cousins.php,,,10.9,,,,,,13.0,Kirk Cousins,2026-08-07,LVR
/nfl/rankings/dynasty-qb.php,dynasty-qb,dp,Drew Allar,24345,QB,PIT,43.9,6.67,35,56,,drew-allar.php,,,2.0,,,,,,9.0,Drew Allar,2026-08-07,PIT
/nfl/rankings/dynasty-qb.php,dynasty-qb,dp,Cade Klubnik,24361,QB,NYJ,44.2,4.77,35,53,,cade-klubnik.php,,,6.7,,,,,,13.0,Cade Klubnik,2026-08-07,NYJ
/nfl/rankings/dynasty-qb.php,dynasty-qb,dp,Taylen Green,28094,QB,CLE,48.78,7.02,41,63,,taylen-green.php,,,3.9,,,,,6.0,11.0,Taylen Green,2026-08-07,CLE
/nfl/rankings/dynasty-qb.php,dynasty-qb,dp,Quinn Ewers,23680,QB,MIA,50.22,7.51,44,70,,quinn-ewers.php,,,3.4,,,,,,6.0,Quinn Ewers,2026-08-07,MIA
/nfl/rankings/dynasty-qb.php,dynasty-qb,dp,Will Howard,25972,QB,PIT,50.56,4.67,44,58,,will-howard.php,,,3.9,,,,,,9.0,Will Howard,2026-08-07,PIT
/nfl/rankings/dynasty-qb.php,dynasty-qb,dp,Jameis Winston,13891,QB,NYG,49.25,4.32,43,55,,jameis-winston.php,,,5.1,,,,,-5.0,8.0,Jameis Winston,2026-08-07,NYG
/nfl/rankings/dynasty-qb.php,dynasty-qb,dp,Cole Payton,28302,QB,PHI,49.5,6.93,43,62,,cole-payton.php,,,0.7,,,,,,10.0,Cole Payton,2026-08-07,PHI
/nfl/rankings/dynasty-qb.php,dynasty-qb,dp,Tyson Bagent,25321,QB,CHI,51.13,5.82,42,61,,tyson-bagent.php,,,2.1,,,,,,10.0,Tyson Bagent,2026-08-07,CHI
/nfl/rankings/dynasty-qb.php,dynasty-qb,dp,Marcus Mariota,13890,QB,WAS,51.38,5.07,46,60,,marcus-mariota.php,,,3.5,,,,,,7.0,Marcus Mariota,2026-08-07,WAS
/nfl/rankings/dynasty-qb.php,dynasty-qb,dp,Garrett Nussmeier,22998,QB,KC,52.38,7.35,42,66,,garrett-nussmeier.php,,,7.4,,,,,,5.0,Garrett Nussmeier,2026-08-07,KCC
/nfl/rankings/dynasty-qb.php,dynasty-qb,dp,Spencer Rattler,23081,QB,NO,52.38,6.56,47,65,,spencer-rattler.php,,,1.2,,,,,,8.0,Spencer Rattler,2026-08-07,NOS
/nfl/rankings/dynasty-qb.php,dynasty-qb,dp,Riley Leonard,25373,QB,IND,54.86,4.67,48,62,,riley-leonard.php,,,2.8,,,,,,13.0,Riley Leonard,2026-08-07,IND
/nfl/rankings/dynasty-qb.php,dynasty-qb,dp,Dillon Gabriel,23150,QB,CLE,56.71,4.68,49,63,,dillon-gabriel.php,,,0.6,,,,,,11.0,Dillon Gabriel,2026-08-07,CLE
/nfl/rankings/dynasty-qb.php,dynasty-qb,dp,Joe Milton III,25967,QB,DAL,53.0,7.33,43,64,,joe-milton.php,,,2.4,,,,,,14.0,Joe Milton,2026-08-07,DAL
/nfl/rankings/dynasty-qb.php,dynasty-qb,dp,Gardner Minshew II,18562,QB,ARI,60.29,6.16,50,69,,gardner-minshew.php,,,1.7,,,,,,14.0,Gardner Minshew,2026-08-07,ARI
/nfl/rankings/dynasty-qb.php,dynasty-qb,dp,Joe Flacco,9300,QB,CIN,54.67,5.02,47,62,,joe-flacco.php,,,3.5,,,,,,6.0,Joe Flacco,2026-08-07,CIN
/nfl/rankings/dynasty-qb.php,dynasty-qb,dp,Tanner McKee,24740,QB,PHI,55.0,5.6,45,62,,tanner-mckee.php,,,2.0,,,,,,10.0,Tanner McKee,2026-08-07,PHI
/nfl/rankings/dynasty-qb.php,dynasty-qb,dp,Davis Mills,22799,QB,HOU,56.0,6.29,44,62,,davis-mills.php,,,1.4,,,,,,8.0,Davis Mills,2026-08-07,HOU
/nfl/rankings/dynasty-qb.php,dynasty-qb,dp,Trey Lance,20082,QB,LAC,58.2,5.27,51,65,,trey-lance.php,,,1.0,,,,,-6.0,7.0,Trey Lance,2026-08-07,LAC
/nfl/rankings/dynasty-qb.php,dynasty-qb,dp,Will Levis,22987,QB,TEN,61.0,6.96,53,72,,will-levis.php,,,1.5,,,,,,9.0,Will Levis,2026-08-07,TEN
/nfl/rankings/dynasty-qb.php,dynasty-qb,dp,Tyler Huntley,19297,QB,BAL,63.2,5.19,55,69,,tyler-huntley.php,,,3.1,,,,,,13.0,Tyler Huntley,2026-08-07,BAL
/nfl/rankings/dynasty-qb.php,dynasty-qb,dp,Carson Wentz,15520,QB,MIN,63.4,10.86,49,76,,carson-wentz.php,,,0.8,,,,,,6.0,Carson Wentz,2026-08-07,MIN
/nfl/rankings/dynasty-qb.php,dynasty-qb,dp,Aidan O'Connell,24330,QB,LV,63.6,4.22,59,71,,aidan-oconnell.php,,,0.6,,,,,,13.0,Aidan OConnell,2026-08-07,LVR
/nfl/rankings/dynasty-qb.php,dynasty-qb,dp,Kenny Pickett,22722,QB,CAR,64.8,3.49,59,69,,kenny-pickett.php,,,1.0,,,,,,5.0,Kenny Pickett,2026-08-07,CAR
/nfl/rankings/dynasty-qb.php,dynasty-qb,dp,Jimmy Garoppolo,12208,QB,LAR,66.4,8.48,55,77,,jimmy-garoppolo.php,,,0.8,,,,,,11.0,Jimmy Garoppolo,2026-08-07,LAR
/nfl/rankings/dynasty-qb.php,dynasty-qb,dp,Zach Wilson,22679,QB,NO,66.4,5.31,61,76,,zach-wilson.php,,,0.6,,,,,,8.0,Zach Wilson,2026-08-07,NOS
/nfl/rankings/dynasty-qb.php,dynasty-qb,dp,Tyrod Taylor,10007,QB,GB,67.2,3.82,61,73,,tyrod-taylor.php,,,1.2,,,,,,11.0,Tyrod Taylor,2026-08-07,GBP
/nfl/rankings/dynasty-qb.php,dynasty-qb,dp,Jarrett Stidham,18604,QB,DEN,69.4,4.5,63,74,,jarrett-stidham.php,,,0.9,,,,,,10.0,Jarrett Stidham,2026-08-07,DEN
/nfl/rankings/dynasty-qb.php,dynasty-qb,dp,Mitchell Trubisky,16381,QB,TEN,69.8,11.0,50,84,,mitch-trubisky.php,,,0.6,,,,,,9.0,Mitchell Trubisky,2026-08-07,TEN
/nfl/rankings/dynasty-qb.php,dynasty-qb,dp,Sam Howell,23045,QB,DAL,70.2,5.67,60,75,,sam-howell.php,,,0.6,,,,,,14.0,Sam Howell,2026-08-07,DAL
/nfl/rankings/dynasty-qb.php,dynasty-qb,dp,Mason Rudolph,17234,QB,PIT,70.6,1.62,68,73,,mason-rudolph.php,,,0.7,,,,,,9.0,Mason Rudolph,2026-08-07,PIT
/nfl/rankings/dynasty-qb.php,dynasty-qb,dp,Andy Dalton,9907,QB,PHI,73.4,10.09,55,81,,andy-dalton.php,,,0.7,,,,,,10.0,Andy Dalton,2026-08-07,PHI
/nfl/rankings/dynasty-qb.php,dynasty-qb,dp,Jake Browning,18557,QB,TB,73.6,4.32,67,78,,jake-browning.php,,,0.6,,,,,,10.0,Jake Browning,2026-08-07,TBB
/nfl/rankings/dynasty-qb.php,dynasty-qb,dp,Kyle McCord,23066,QB,GB,74.4,6.97,69,87,,kyle-mccord.php,,,1.0,,,,,,11.0,Kyle McCord,2026-08-07,GBP
/nfl/rankings/dynasty-qb.php,dynasty-qb,dp,Drew Lock,18225,QB,SEA,75.6,5.46,65,80,,drew-lock.php,,,0.9,,,,,,11.0,Drew Lock,2026-08-07,SEA
/nfl/rankings/dynasty-qb.php,dynasty-qb,dp,Brady Cook,27161,QB,NYJ,73.67,1.7,72,76,,brady-cook.php,,,0.6,,,,,,13.0,Brady Cook,2026-08-07,NYJ
/nfl/rankings/dynasty-qb.php,dynasty-qb,dp,Kurtis Rourke,27129,QB,SF,80.5,4.39,77,88,,kurtis-rourke.php,,,1.0,,,,,,8.0,Kurtis Rourke,2026-08-07,SFO
/nfl/rankings/dynasty-qb.php,dynasty-qb,dp,Haynes King,23141,QB,CAR,70.5,12.5,58,83,,haynes-king.php,,,0.0,,,,,,5.0,Haynes King,2026-08-07,CAR
/nfl/rankings/dynasty-qb.php,dynasty-qb,dp,Luke Altmyer,28093,QB,DET,73.5,0.5,73,74,,luke-altmyer.php,,,0.0,,,,,,6.0,Luke Altmyer,2026-08-07,DET
/nfl/rankings/dynasty-qb.php,dynasty-qb,dp,Max Brosmer,27580,QB,MIN,81.33,4.78,77,88,,max-brosmer.php,,,0.6,,,,,,6.0,Max Brosmer,2026-08-07,MIN
/nfl/rankings/dynasty-qb.php,dynasty-qb,dp,Joshua Dobbs,16417,QB,FA,76.5,5.5,71,82,,joshua-dobbs.php,,,0.6,,,,,,,Joshua Dobbs,2026-08-07,FA
/nfl/rankings/dynasty-qb.php,dynasty-qb,dp,Cooper Rush,16477,QB,ATL,76.5,1.5,75,78,,cooper-rush.php,,,0.7,,,,,,11.0,Cooper Rush,2026-08-07,ATL
/nfl/rankings/dynasty-qb.php,dynasty-qb,dp,Nick Mullens,16726,QB,JAC,78.5,4.5,74,83,,nick-mullens.php,,,0.9,,,,,,7.0,Nick Mullens,2026-08-07,JAC
/nfl/rankings/dynasty-qb.php,dynasty-qb,dp,Hendon Hooker,24332,QB,TEN,81.5,1.5,80,83,,hendon-hooker.php,,,1.3,,,,,,9.0,Hendon Hooker,2026-08-07,TEN
/nfl/rankings/dynasty-qb.php,dynasty-qb,dp,Kyle Allen,17869,QB,BUF,82.0,4.0,78,86,,kyle-allen.php,,,0.8,,,,,,7.0,Kyle Allen,2026-08-07,BUF
/nfl/rankings/dynasty-qb.php,dynasty-qb,dp,Stetson Bennett IV,23927,QB,LAR,82.5,7.5,75,90,,stetson-bennett.php,,,0.6,,,,,,11.0,Stetson Bennett,2026-08-07,LAR
/nfl/rankings/dynasty-qb.php,dynasty-qb,dp,Tommy DeVito,25746,QB,NE,89.33,8.18,79,99,,tommy-devito.php,,,0.9,,,,,,11.0,Tommy DeVito,2026-08-07,NEP
/nfl/rankings/dynasty-qb.php,dynasty-qb,dp,Bailey Zappe,24027,QB,NYJ,89.33,6.02,81,95,,bailey-zappe.php,,,1.1,,,,,,13.0,Bailey Zappe,2026-08-07,NYJ
/nfl/rankings/dynasty-qb.php,dynasty-qb,dp,Sam Ehlinger,19803,QB,DEN,87.5,3.5,84,91,,sam-ehlinger.php,,,1.0,,,,,,10.0,Sam Ehlinger,2026-08-07,DEN
/nfl/rankings/dynasty-qb.php,dynasty-qb,dp,Dorian Thompson-Robinson,20086,QB,FA,88.0,8.0,80,96,,dorian-thompson-robinson.php,,,1.5,,,,,,,Dorian Thompson-Robinson,2026-08-07,FA
/nfl/rankings/dynasty-qb.php,dynasty-qb,dp,Desmond Ridder,20080,QB,FA,90.5,6.5,84,97,,desmond-ridder.php,,,1.1,,,,,,,Desmond Ridder,2026-08-07,FA
/nfl/rankings/dynasty-qb.php,dynasty-qb,dp,Case Keenum,11425,QB,CHI,97.0,11.0,86,108,,case-keenum.php,,,0.6,,,,,,10.0,Case Keenum,2026-08-07,CHI
/nfl/rankings/dynasty-qb.php,dynasty-qb,dp,Josh Johnson,9326,QB,CIN,93.5,4.5,89,98,,josh-johnson.php,,,0.7,,,,,,6.0,Josh Johnson,2026-08-07,CIN
/nfl/rankings/dynasty-qb.php,dynasty-qb,dp,Sean Clifford,20073,QB,CIN,103.0,10.0,93,113,,sean-clifford.php,,,1.8,,,,,,6.0,Sean Clifford,2026-08-07,CIN
/nfl/rankings/dynasty-rb.php,dynasty-rb,dp,Bijan Robinson,23133,RB,ATL,1.17,0.37,1,2,,bijan-robinson.php,,,99.4,,,,,,11.0,Bijan Robinson,2026-08-07,ATL
/nfl/rankings/dynasty-rb.php,dynasty-rb,dp,Jahmyr Gibbs,22968,RB,DET,1.83,0.37,1,2,,jahmyr-gibbs.php,,,99.4,,,,,,6.0,Jahmyr Gibbs,2026-08-07,DET
/nfl/rankings/dynasty-rb.php,dynasty-rb,dp,Ashton Jeanty,25989,RB,LV,3.22,0.42,3,4,,ashton-jeanty.php,,,99.2,,,,,,13.0,Ashton Jeanty,2026-08-07,LVR
/nfl/rankings/dynasty-rb.php,dynasty-rb,dp,Jeremiyah Love,25403,RB,ARI,4.5,1.01,3,8,,jeremiyah-love.php,,,98.2,,,,,,14.0,Jeremiyah Love,2026-08-07,ARI
/nfl/rankings/dynasty-rb.php,dynasty-rb,dp,De'Von Achane,23136,RB,MIA,5.61,1.01,4,8,,devon-achane.php,,,99.2,,,,,,6.0,DeVon Achane,2026-08-07,MIA
/nfl/rankings/dynasty-rb.php,dynasty-rb,dp,Omarion Hampton,25395,RB,LAC,5.67,1.05,4,8,,omarion-hampton.php,,,98.7,,,,,,7.0,Omarion Hampton,2026-08-07,LAC
/nfl/rankings/dynasty-rb.php,dynasty-rb,dp,James Cook III,22958,RB,BUF,6.94,0.4,6,8,,james-cook.php,,,99.5,,,,,,7.0,James Cook,2026-08-07,BUF
/nfl/rankings/dynasty-rb.php,dynasty-rb,dp,Jonathan Taylor,19217,RB,IND,7.5,1.46,4,10,,jonathan-taylor.php,,,99.3,,,,,,13.0,Jonathan Taylor,2026-08-07,IND
/nfl/rankings/dynasty-rb.php,dynasty-rb,dp,Kenneth Walker III,23021,RB,KC,9.17,1.12,8,13,,kenneth-walker-rb.php,,,99.3,,,,,,5.0,Kenneth Walker,2026-08-07,KCC
/nfl/rankings/dynasty-rb.php,dynasty-rb,dp,Breece Hall,22982,RB,NYJ,10.44,1.26,8,13,,breece-hall.php,,,97.6,,,,,,13.0,Breece Hall,2026-08-07,NYJ
/nfl/rankings/dynasty-rb.php,dynasty-rb,dp,Chase Brown,25324,RB,CIN,10.83,0.9,9,12,,chase-brown.php,,,98.7,,,,,,6.0,Chase Brown,2026-08-07,CIN
/nfl/rankings/dynasty-rb.php,dynasty-rb,dp,TreVeyon Henderson,23065,RB,NE,13.28,2.08,11,19,,treveyon-henderson.php,,,93.4,,,,,,11.0,TreVeyon Henderson,2026-08-07,NEP
/nfl/rankings/dynasty-rb.php,dynasty-rb,dp,Saquon Barkley,17240,RB,PHI,14.0,1.76,12,18,,saquon-barkley.php,,,99.4,,,,,,10.0,Saquon Barkley,2026-08-07,PHI
/nfl/rankings/dynasty-rb.php,dynasty-rb,dp,Quinshon Judkins,25391,RB,CLE,14.56,2.27,11,20,,quinshon-judkins.php,,,93.7,,,,,,11.0,Quinshon Judkins,2026-08-07,CLE
/nfl/rankings/dynasty-rb.php,dynasty-rb,dp,Christian McCaffrey,16393,RB,SF,15.28,2.7,10,21,,christian-mccaffrey.php,,,99.5,,,,,,8.0,Christian McCaffrey,2026-08-07,SFO
/nfl/rankings/dynasty-rb.php,dynasty-rb,dp,Kyren Williams,23059,RB,LAR,15.94,2.09,12,21,,kyren-williams.php,,,98.1,,,,,,11.0,Kyren Williams,2026-08-07,LAR
/nfl/rankings/dynasty-rb.php,dynasty-rb,dp,Travis Etienne Jr.,19231,RB,NO,17.72,1.37,15,20,,travis-etienne.php,,,95.7,,,,,,8.0,Travis Etienne,2026-08-07,NOS
/nfl/rankings/dynasty-rb.php,dynasty-rb,dp,Cam Skattebo,27166,RB,NYG,18.33,1.83,16,23,,cam-skattebo.php,,,96.5,,,,,,8.0,Cam Skattebo,2026-08-07,NYG
/nfl/rankings/dynasty-rb.php,dynasty-rb,dp,Jadarian Price,27329,RB,SEA,18.72,2.62,14,22,,jadarian-price.php,,,91.0,,,,,,11.0,Jadarian Price,2026-08-07,SEA
/nfl/rankings/dynasty-rb.php,dynasty-rb,dp,Javonte Williams,22739,RB,DAL,18.89,2.73,12,22,,javonte-williams.php,,,96.7,,,,,,14.0,Javonte Williams,2026-08-07,DAL
/nfl/rankings/dynasty-rb.php,dynasty-rb,dp,Bucky Irving,25981,RB,TB,19.22,2.86,14,23,,bucky-irving.php,,,95.5,,,,,,10.0,Bucky Irving,2026-08-07,TBB
/nfl/rankings/dynasty-rb.php,dynasty-rb,dp,Derrick Henry,15514,RB,BAL,22.33,1.73,17,25,,derrick-henry.php,,,99.1,,,,,,13.0,Derrick Henry,2026-08-07,BAL
/nfl/rankings/dynasty-rb.php,dynasty-rb,dp,Bhayshul Tuten,27297,RB,JAC,22.94,2.2,19,26,,bhayshul-tuten.php,,,90.1,,,,,,7.0,Bhayshul Tuten,2026-08-07,JAC
/nfl/rankings/dynasty-rb.php,dynasty-rb,dp,Josh Jacobs,18269,RB,GB,23.78,3.19,18,31,,josh-jacobs.php,,,98.7,,,,,,11.0,Josh Jacobs,2026-08-07,GBP
/nfl/rankings/dynasty-rb.php,dynasty-rb,dp,D'Andre Swift,19210,RB,CHI,24.72,1.19,22,27,,dandre-swift.php,,,93.8,,,,,,10.0,DAndre Swift,2026-08-07,CHI
/nfl/rankings/dynasty-rb.php,dynasty-rb,dp,David Montgomery,18239,RB,HOU,26.39,1.38,25,30,,david-montgomery.php,,,93.4,,,,,,8.0,David Montgomery,2026-08-07,HOU
/nfl/rankings/dynasty-rb.php,dynasty-rb,dp,RJ Harvey,27142,RB,DEN,28.72,2.78,25,37,,rj-harvey.php,,,86.0,,,,,,10.0,RJ Harvey,2026-08-07,DEN
/nfl/rankings/dynasty-rb.php,dynasty-rb,dp,Jaylen Warren,24209,RB,PIT,29.44,2.06,25,33,,jaylen-warren.php,,,90.5,,,,,,9.0,Jaylen Warren,2026-08-07,PIT
/nfl/rankings/dynasty-rb.php,dynasty-rb,dp,Kyle Monangai,27131,RB,CHI,30.89,3.35,26,38,,kyle-monangai.php,,,84.1,,,,,,10.0,Kyle Monangai,2026-08-07,CHI
/nfl/rankings/dynasty-rb.php,dynasty-rb,dp,Blake Corum,23013,RB,LAR,31.0,2.83,27,37,,blake-corum.php,,,82.0,,,,,,11.0,Blake Corum,2026-08-07,LAR
/nfl/rankings/dynasty-rb.php,dynasty-rb,dp,Zach Charbonnet,23152,RB,SEA,31.39,3.04,27,38,,zach-charbonnet.php,,,70.4,,,,,,11.0,Zach Charbonnet,2026-08-07,SEA
/nfl/rankings/dynasty-rb.php,dynasty-rb,dp,Jonathon Brooks,26148,RB,CAR,32.39,4.31,26,43,,jonathon-brooks.php,,,74.7,,,,,,5.0,Jonathon Brooks,2026-08-07,CAR
/nfl/rankings/dynasty-rb.php,dynasty-rb,dp,Rhamondre Stevenson,22726,RB,NE,32.94,2.93,28,39,,rhamondre-stevenson.php,,,86.4,,,,,,11.0,Rhamondre Stevenson,2026-08-07,NEP
/nfl/rankings/dynasty-rb.php,dynasty-rb,dp,Chuba Hubbard,19792,RB,CAR,34.22,3.84,28,44,,chuba-hubbard.php,,,88.1,,,,,,5.0,Chuba Hubbard,2026-08-07,CAR
/nfl/rankings/dynasty-rb.php,dynasty-rb,dp,Rico Dowdle,19647,RB,PIT,34.33,1.76,31,38,,rico-dowdle.php,,,89.3,,,,,,9.0,Rico Dowdle,2026-08-07,PIT
/nfl/rankings/dynasty-rb.php,dynasty-rb,dp,Tony Pollard,18705,RB,TEN,36.22,2.7,31,41,,tony-pollard.php,,,89.3,,,,,,9.0,Tony Pollard,2026-08-07,TEN
/nfl/rankings/dynasty-rb.php,dynasty-rb,dp,Jonah Coleman,27320,RB,DEN,36.89,4.97,28,49,,jonah-coleman.php,,,33.7,,,,,,10.0,Jonah Coleman,2026-08-07,DEN
/nfl/rankings/dynasty-rb.php,dynasty-rb,dp,Kenny Gainwell,23310,RB,TB,38.39,3.0,35,45,,kenneth-gainwell.php,,,81.0,,,,,,10.0,Kenny Gainwell,2026-08-07,TBB
/nfl/rankings/dynasty-rb.php,dynasty-rb,dp,Rachaad White,23891,RB,WAS,39.89,3.0,31,43,,rachaad-white.php,,,79.8,,,,,,7.0,Rachaad White,2026-08-07,WAS
/nfl/rankings/dynasty-rb.php,dynasty-rb,dp,J.K. Dobbins,19245,RB,DEN,40.61,3.35,34,47,,jk-dobbins.php,,,86.7,,,,,,10.0,JK Dobbins,2026-08-07,DEN
/nfl/rankings/dynasty-rb.php,dynasty-rb,dp,Jacory Croskey-Merritt,27316,RB,WAS,42.22,4.44,33,49,,jacory-croskeymerritt.php,,,74.6,,,,,,7.0,Jacory Croskey-Merritt,2026-08-07,WAS
/nfl/rankings/dynasty-rb.php,dynasty-rb,dp,Tyler Allgeier,24172,RB,ARI,43.22,4.02,38,53,,tyler-allgeier.php,,,46.0,,,,,,14.0,Tyler Allgeier,2026-08-07,ARI
/nfl/rankings/dynasty-rb.php,dynasty-rb,dp,Woody Marks,27520,RB,HOU,43.67,4.71,34,52,,woody-marks.php,,,53.9,,,,,,8.0,Woody Marks,2026-08-07,HOU
/nfl/rankings/dynasty-rb.php,dynasty-rb,dp,Nicholas Singleton,24343,RB,TEN,44.89,5.16,36,54,,nick-singleton.php,,,25.3,,,,,,9.0,Nicholas Singleton,2026-08-07,TEN
/nfl/rankings/dynasty-rb.php,dynasty-rb,dp,Jordan Mason,22969,RB,MIN,45.28,3.98,40,53,,jordan-mason.php,,,70.5,,,,,,6.0,Jordan Mason,2026-08-07,MIN
/nfl/rankings/dynasty-rb.php,dynasty-rb,dp,Tyrone Tracy Jr.,22980,RB,NYG,45.78,3.84,38,55,,tyrone-tracy-jr.php,,,40.0,,,,,,8.0,Tyrone Tracy,2026-08-07,NYG
/nfl/rankings/dynasty-rb.php,dynasty-rb,dp,Dylan Sampson,27102,RB,CLE,47.67,4.19,42,57,,dylan-sampson.php,,,24.1,,,,,,11.0,Dylan Sampson,2026-08-07,CLE
/nfl/rankings/dynasty-rb.php,dynasty-rb,dp,Emmett Johnson,28107,RB,KC,48.61,3.06,43,53,,emmett-johnson.php,,,26.6,,,,,,5.0,Emmett Johnson,2026-08-07,KCC
/nfl/rankings/dynasty-rb.php,dynasty-rb,dp,Chris Rodriguez Jr.,22986,RB,JAC,49.33,5.35,39,59,,chris-rodriguez-jr.php,,,40.7,,,,,,7.0,Chris Rodriguez,2026-08-07,JAC
/nfl/rankings/dynasty-rb.php,dynasty-rb,dp,Aaron Jones Sr.,16673,RB,MIN,52.89,4.46,46,61,,aaron-jones.php,,,83.4,,,,,,6.0,Aaron Jones,2026-08-07,MIN
/nfl/rankings/dynasty-rb.php,dynasty-rb,dp,Tyjae Spears,25323,RB,TEN,54.06,5.94,44,64,,tyjae-spears.php,,,46.9,,,,,,9.0,Tyjae Spears,2026-08-07,TEN
/nfl/rankings/dynasty-rb.php,dynasty-rb,dp,Isiah Pacheco,24333,RB,DET,54.28,6.44,43,68,,isiah-pacheco.php,,,51.9,,,,,,6.0,Isiah Pacheco,2026-08-07,DET
/nfl/rankings/dynasty-rb.php,dynasty-rb,dp,Kaytron Allen,24362,RB,WAS,54.94,5.21,44,65,,kaytron-allen.php,,,21.1,,,,,,7.0,Kaytron Allen,2026-08-07,WAS
/nfl/rankings/dynasty-rb.php,dynasty-rb,dp,Tank Bigsby,22908,RB,PHI,55.78,6.33,46,69,,tank-bigsby.php,,,31.3,,,,,,10.0,Tank Bigsby,2026-08-07,PHI
/nfl/rankings/dynasty-rb.php,dynasty-rb,dp,Braelon Allen,24346,RB,NYJ,56.67,7.61,46,76,,braelon-allen.php,,,20.6,,,,,,13.0,Braelon Allen,2026-08-07,NYJ
/nfl/rankings/dynasty-rb.php,dynasty-rb,dp,Mike Washington Jr.,28108,RB,LV,57.61,8.13,47,80,,mike-washington-jr.php,,,25.5,,,,,,13.0,Mike Washington,2026-08-07,LVR
/nfl/rankings/dynasty-rb.php,dynasty-rb,dp,Keaton Mitchell,25360,RB,LAC,54.24,7.09,44,75,,keaton-mitchell.php,,,33.5,,,,,,7.0,Keaton Mitchell,2026-08-07,LAC
/nfl/rankings/dynasty-rb.php,dynasty-rb,dp,Alvin Kamara,16421,RB,NO,61.83,7.51,54,84,,alvin-kamara.php,,,52.4,,,,,,8.0,Alvin Kamara,2026-08-07,NOS
/nfl/rankings/dynasty-rb.php,dynasty-rb,dp,Kaleb Johnson,27165,RB,PIT,62.28,5.61,56,76,,kaleb-johnson-rb.php,,,8.2,,,,,,9.0,Kaleb Johnson,2026-08-07,PIT
/nfl/rankings/dynasty-rb.php,dynasty-rb,dp,Ollie Gordon II,25984,RB,MIA,64.72,5.95,57,81,,ollie-gordon.php,,,4.2,,,,,,6.0,Ollie Gordon,2026-08-07,MIA
/nfl/rankings/dynasty-rb.php,dynasty-rb,dp,Brian Robinson Jr.,20094,RB,ATL,60.94,5.0,53,72,,brian-robinson-jr.php,,,37.5,,,,,,11.0,Brian Robinson,2026-08-07,ATL
/nfl/rankings/dynasty-rb.php,dynasty-rb,dp,MarShawn Lloyd,23118,RB,GB,67.94,10.89,50,92,,marshawn-lloyd.php,,,9.3,,,,,,11.0,MarShawn Lloyd,2026-08-07,GBP
/nfl/rankings/dynasty-rb.php,dynasty-rb,dp,Kimani Vidal,26355,RB,LAC,61.94,5.96,51,76,,kimani-vidal.php,,,14.2,,,,,,7.0,Kimani Vidal,2026-08-07,LAC
/nfl/rankings/dynasty-rb.php,dynasty-rb,dp,Demond Claiborne,28084,RB,MIN,63.41,7.32,53,81,,demond-claiborne.php,,,16.0,,,,,,6.0,Demond Claiborne,2026-08-07,MIN
/nfl/rankings/dynasty-rb.php,dynasty-rb,dp,Ray Davis,26191,RB,BUF,65.0,6.59,55,81,,ray-davis.php,,,15.4,,,,,,7.0,Ray Davis,2026-08-07,BUF
/nfl/rankings/dynasty-rb.php,dynasty-rb,dp,Sean Tucker,23679,RB,TB,66.12,7.23,51,77,,sean-tucker.php,,,19.0,,,,,,10.0,Sean Tucker,2026-08-07,TBB
/nfl/rankings/dynasty-rb.php,dynasty-rb,dp,Trey Benson,25388,RB,ARI,66.41,8.12,51,81,,trey-benson.php,,,12.1,,,,,,14.0,Trey Benson,2026-08-07,ARI
/nfl/rankings/dynasty-rb.php,dynasty-rb,dp,Emanuel Wilson,25885,RB,SEA,67.29,7.65,57,84,,emanuel-wilson.php,,,13.0,,,,,,11.0,Emanuel Wilson,2026-08-07,SEA
/nfl/rankings/dynasty-rb.php,dynasty-rb,dp,Devin Neal,23682,RB,NO,68.82,6.69,52,78,,devin-neal.php,,,6.3,,,,,,8.0,Devin Neal,2026-08-07,NOS
/nfl/rankings/dynasty-rb.php,dynasty-rb,dp,Jaydon Blue,24344,RB,DAL,71.12,5.76,57,80,,jaydon-blue.php,,,11.1,,,,,,14.0,Jaydon Blue,2026-08-07,DAL
/nfl/rankings/dynasty-rb.php,dynasty-rb,dp,Jaylen Wright,25987,RB,MIA,69.81,6.67,56,83,,jaylen-wright.php,,,10.2,,,,,,6.0,Jaylen Wright,2026-08-07,MIA
/nfl/rankings/dynasty-rb.php,dynasty-rb,dp,James Conner,16447,RB,ARI,69.93,5.99,60,83,,james-conner.php,,,28.5,,,,,,14.0,James Conner,2026-08-07,ARI
/nfl/rankings/dynasty-rb.php,dynasty-rb,dp,Jarquez Hunter,24335,RB,LAR,77.0,5.66,67,89,,jarquez-hunter.php,,,3.5,,,,,,11.0,Jarquez Hunter,2026-08-07,LAR
/nfl/rankings/dynasty-rb.php,dynasty-rb,dp,Brashard Smith,27259,RB,KC,80.31,5.26,69,87,,brashard-smith.php,,,4.8,,,,,,5.0,Brashard Smith,2026-08-07,KCC
/nfl/rankings/dynasty-rb.php,dynasty-rb,dp,Kaelon Black,28401,RB,SF,66.43,8.68,53,77,,kaelon-black.php,,,12.9,,,,,,8.0,Kaelon Black,2026-08-07,SFO
/nfl/rankings/dynasty-rb.php,dynasty-rb,dp,Jordan James,27310,RB,SF,76.07,9.25,58,91,,jordan-james.php,,,9.9,,,,,,8.0,Jordan James,2026-08-07,SFO
/nfl/rankings/dynasty-rb.php,dynasty-rb,dp,DJ Giddens,27097,RB,IND,78.0,6.13,68,91,,dj-giddens.php,,,2.9,,,,,,13.0,DJ Giddens,2026-08-07,IND
/nfl/rankings/dynasty-rb.php,dynasty-rb,dp,Trevor Etienne,25393,RB,CAR,88.5,6.39,78,103,,trevor-etienne.php,,,1.5,,,,,,5.0,Trevor Etienne,2026-08-07,CAR
/nfl/rankings/dynasty-rb.php,dynasty-rb,dp,Seth McGowan,23079,RB,IND,76.71,8.04,67,95,,seth-mcgowan.php,,,4.5,,,,,,13.0,Seth McGowan,2026-08-07,IND
/nfl/rankings/dynasty-rb.php,dynasty-rb,dp,Isaiah Davis,25977,RB,NYJ,78.5,5.5,70,90,,isaiah-davis.php,,,3.3,,,,,,13.0,Isaiah Davis,2026-08-07,NYJ
/nfl/rankings/dynasty-rb.php,dynasty-rb,dp,Adam Randall,24367,RB,BAL,78.64,6.64,67,88,,adam-randall.php,,,5.3,,,,,,13.0,Adam Randall,2026-08-07,BAL
/nfl/rankings/dynasty-rb.php,dynasty-rb,dp,LeQuint Allen Jr.,27285,RB,JAC,86.27,5.73,77,96,,lequint-allen-jr.php,,,5.0,,,,,,7.0,LeQuint Allen,2026-08-07,JAC
/nfl/rankings/dynasty-rb.php,dynasty-rb,dp,Kendre Miller,24360,RB,NO,79.93,5.66,68,88,,kendre-miller.php,,,5.6,,,,,,8.0,Kendre Miller,2026-08-07,NOS
/nfl/rankings/dynasty-rb.php,dynasty-rb,dp,Eli Heidenreich,28297,RB,PIT,80.43,9.16,68,95,,eli-heidenreich.php,,,2.0,,,,,,9.0,Eli Heidenreich,2026-08-07,PIT
/nfl/rankings/dynasty-rb.php,dynasty-rb,dp,Isaac Guerendo,26392,RB,SF,86.0,5.11,77,93,,isaac-guerendo.php,,,2.0,,,,,,8.0,Isaac Guerendo,2026-08-07,SFO
/nfl/rankings/dynasty-rb.php,dynasty-rb,dp,Tahj Brooks,26212,RB,CIN,87.14,6.4,80,104,,tahj-brooks.php,,,1.5,,,,,,6.0,Tahj Brooks,2026-08-07,CIN
/nfl/rankings/dynasty-rb.php,dynasty-rb,dp,Najee Harris,19302,RB,LAC,80.54,6.83,70,94,,najee-harris-rb.php,,,6.8,,,,,,7.0,Najee Harris,2026-08-07,LAC
/nfl/rankings/dynasty-rb.php,dynasty-rb,dp,Jerome Ford,22921,RB,WAS,90.5,6.93,76,101,,jerome-ford.php,,,3.4,,,,,,7.0,Jerome Ford,2026-08-07,WAS
/nfl/rankings/dynasty-rb.php,dynasty-rb,dp,Devin Singletary,18280,RB,NYG,93.43,8.62,79,107,,devin-singletary.php,,,1.3,,,,,,8.0,Devin Singletary,2026-08-07,NYG
/nfl/rankings/dynasty-rb.php,dynasty-rb,dp,Will Shipley,22930,RB,PHI,89.69,7.59,80,112,,will-shipley.php,,,1.3,,,,,,10.0,Will Shipley,2026-08-07,PHI
/nfl/rankings/dynasty-rb.php,dynasty-rb,dp,Chris Brooks,25823,RB,GB,83.0,9.18,65,101,,christopher-brooks.php,,,6.3,,,,,,11.0,Chris Brooks,2026-08-07,GBP
/nfl/rankings/dynasty-rb.php,dynasty-rb,dp,Justice Hill,18256,RB,BAL,91.85,5.16,79,99,,justice-hill.php,,,9.3,,,,,,13.0,Justice Hill,2026-08-07,BAL
/nfl/rankings/dynasty-rb.php,dynasty-rb,dp,Audric Estime,23054,RB,NO,95.15,6.87,77,107,,audric-estime.php,,,3.6,,,,,,8.0,Audric Estime,2026-08-07,NOS
/nfl/rankings/dynasty-rb.php,dynasty-rb,dp,Emari Demercado,25654,RB,KC,90.67,8.4,75,109,,emari-demercado.php,,,2.4,,,,,,5.0,Emari Demercado,2026-08-07,KCC
/nfl/rankings/dynasty-rb.php,dynasty-rb,dp,George Holani,22915,RB,SEA,88.0,8.47,74,99,,george-holani.php,,,7.8,,,,,,11.0,George Holani,2026-08-07,SEA
/nfl/rankings/dynasty-rb.php,dynasty-rb,dp,Jaleel McLaughlin,25876,RB,DEN,97.17,6.68,85,112,,jaleel-mclaughlin.php,,,0.7,,,,,,10.0,Jaleel McLaughlin,2026-08-07,DEN
/nfl/rankings/dynasty-rb.php,dynasty-rb,dp,Ty Johnson,18406,RB,BUF,100.0,12.28,85,138,,ty-johnson.php,,,3.2,,,,,,7.0,Ty Johnson,2026-08-07,BUF
/nfl/rankings/dynasty-rb.php,dynasty-rb,dp,Samaje Perine,16423,RB,CIN,98.3,12.16,76,121,,samaje-perine.php,,,5.1,,,,,,6.0,Samaje Perine,2026-08-07,CIN
/nfl/rankings/dynasty-rb.php,dynasty-rb,dp,Kareem Hunt,16425,RB,FA,99.78,3.12,94,105,,kareem-hunt.php,,,1.3,,,,,,,Kareem Hunt,2026-08-07,FA
/nfl/rankings/dynasty-rb.php,dynasty-rb,dp,Joe Mixon,16420,RB,FA,99.78,4.16,95,108,,joe-mixon.php,,,10.4,,,,,,,Joe Mixon,2026-08-07,FA
/nfl/rankings/dynasty-rb.php,dynasty-rb,dp,Roman Hemby,25387,RB,LV,92.83,6.89,81,104,,roman-hemby.php,,,0.0,,,,,,13.0,Roman Hemby,2026-08-07,LVR
/nfl/rankings/dynasty-rb.php,dynasty-rb,dp,J'Mari Taylor,28109,RB,JAC,92.83,3.72,86,97,,jmari-taylor.php,,,3.9,,,,,,7.0,JMari Taylor,2026-08-07,JAC
/nfl/rankings/dynasty-rb.php,dynasty-rb,dp,Jam Miller,27326,RB,NE,89.4,8.11,74,97,,jam-miller.php,,,1.3,,,,,,11.0,Jam Miller,2026-08-07,NEP
/nfl/rankings/dynasty-rb.php,dynasty-rb,dp,Raheim Sanders,24351,RB,CLE,106.33,7.91,94,115,,raheim-sanders.php,,,0.6,,,,,,11.0,Raheim Sanders,2026-08-07,CLE
/nfl/rankings/dynasty-rb.php,dynasty-rb,dp,Roschon Johnson,25322,RB,CHI,108.83,9.82,92,118,,roschon-johnson.php,,,0.6,,,,,,10.0,Roschon Johnson,2026-08-07,CHI
/nfl/rankings/dynasty-rb.php,dynasty-rb,dp,Malik Davis,24205,RB,DAL,100.0,28.76,58,148,,malik-davis.php,,,3.0,,,,,,14.0,Malik Davis,2026-08-07,DAL
/nfl/rankings/dynasty-rb.php,dynasty-rb,dp,Robert Henry Jr.,28404,RB,WAS,103.4,5.5,98,113,,robert-henry-jr.php,,,0.0,,,,,,7.0,Robert Henry,2026-08-07,WAS
/nfl/rankings/dynasty-rb.php,dynasty-rb,dp,Bam Knight,24901,RB,ARI,103.6,13.34,85,117,,zonovan-bam-knight.php,,,0.7,,,,,,14.0,Bam Knight,2026-08-07,ARI
/nfl/rankings/dynasty-rb.php,dynasty-rb,dp,Nick Chubb,17246,RB,FA,106.2,8.49,95,120,,nick-chubb.php,,,0.9,,,,,,,Nick Chubb,2026-08-07,FA
/nfl/rankings/dynasty-rb.php,dynasty-rb,dp,Jeremy McNichols,16445,RB,WAS,107.6,16.01,77,124,,jeremy-mcnichols.php,,,0.6,,,,,13.0,7.0,Jeremy McNichols,2026-08-07,WAS
/nfl/rankings/dynasty-rb.php,dynasty-rb,dp,Dameon Pierce,22947,RB,PHI,109.4,9.35,93,121,,dameon-pierce.php,,,0.8,,,,,,10.0,Dameon Pierce,2026-08-07,PHI
/nfl/rankings/dynasty-rb.php,dynasty-rb,dp,Damien Martinez,25976,RB,GB,109.8,10.93,94,124,,damien-martinez.php,,,0.7,,,,,,11.0,Damien Martinez,2026-08-07,GBP
/nfl/rankings/dynasty-rb.php,dynasty-rb,dp,Jaydn Ott,25394,RB,KC,111.0,4.52,105,119,,jaydn-ott.php,,,1.0,,,,,,5.0,Jaydn Ott,2026-08-07,KCC
/nfl/rankings/dynasty-rb.php,dynasty-rb,dp,Jawhar Jordan,26329,RB,HOU,114.6,27.11,88,167,,jawhar-jordan.php,,,0.7,,,,,,8.0,Jawhar Jordan,2026-08-07,HOU
/nfl/rankings/dynasty-rb.php,dynasty-rb,dp,Phil Mafah,22928,RB,DAL,114.6,3.38,109,118,,phil-mafah.php,,,0.9,,,,,,14.0,Phil Mafah,2026-08-07,DAL
/nfl/rankings/dynasty-rb.php,dynasty-rb,dp,Michael Carter,22728,RB,TEN,116.4,12.74,98,138,,michael-carter-rb.php,,,0.6,,,,,,9.0,Michael Carter,2026-08-07,TEN
/nfl/rankings/dynasty-rb.php,dynasty-rb,dp,Terion Stewart,28111,RB,KC,106.25,9.36,91,116,,terion-stewart.php,,,0.0,,,,,,5.0,Terion Stewart,2026-08-07,KCC
/nfl/rankings/dynasty-rb.php,dynasty-rb,dp,Rasheen Ali,25983,RB,BAL,121.2,7.05,111,130,,rasheen-ali.php,,,1.1,,,,,,13.0,Rasheen Ali,2026-08-07,BAL
/nfl/rankings/dynasty-rb.php,dynasty-rb,dp,Raheem Mostert,14338,RB,LV,122.4,5.28,114,129,,raheem-mostert.php,,,0.6,,,,,,13.0,Raheem Mostert,2026-08-07,LVR
/nfl/rankings/dynasty-rb.php,dynasty-rb,dp,Dylan Laube,26194,RB,LV,128.0,14.38,109,152,,dylan-laube.php,,,0.6,,,,,,13.0,Dylan Laube,2026-08-07,LVR
/nfl/rankings/dynasty-rb.php,dynasty-rb,dp,Antonio Gibson,19624,RB,FA,117.25,4.71,110,123,,antonio-gibson.php,,,1.3,,,,,,,Antonio Gibson,2026-08-07,FA
/nfl/rankings/dynasty-rb.php,dynasty-rb,dp,Tyler Badie,23812,RB,DEN,118.25,14.69,103,141,,tyler-badie.php,,,1.0,,,,,,10.0,Tyler Badie,2026-08-07,DEN
/nfl/rankings/dynasty-rb.php,dynasty-rb,dp,Austin Ekeler,16483,RB,FA,121.25,11.63,109,140,,austin-ekeler.php,,,1.6,,,,,,,Austin Ekeler,2026-08-07,FA
/nfl/rankings/dynasty-rb.php,dynasty-rb,dp,Miles Sanders,18283,RB,FA,127.0,11.6,119,147,,miles-sanders.php,,,1.0,,,,,,,Miles Sanders,2026-08-07,FA
/nfl/rankings/dynasty-rb.php,dynasty-rb,dp,Desmond Reid,28110,RB,FA,112.0,14.99,99,133,,desmond-reid.php,,,0.0,,,,,,,Desmond Reid,2026-08-07,FA
/nfl/rankings/dynasty-rb.php,dynasty-rb,dp,Evan Hull,25325,RB,ARI,139.4,13.46,120,155,,evan-hull.php,,,2.9,,,,,,14.0,Evan Hull,2026-08-07,ARI
/nfl/rankings/dynasty-rb.php,dynasty-rb,dp,Kalel Mullings,27045,RB,TEN,130.0,10.12,121,147,,kalel-mullings.php,,,1.0,,,,,,9.0,Kalel Mullings,2026-08-07,TEN
/nfl/rankings/dynasty-rb.php,dynasty-rb,dp,Elijah Mitchell,22813,RB,PHI,130.5,7.89,122,143,,elijah-mitchell-rb.php,,,0.7,,,,,,10.0,Elijah Mitchell,2026-08-07,PHI
/nfl/rankings/dynasty-rb.php,dynasty-rb,dp,Ty Chandler,19471,RB,NO,116.0,14.76,97,133,,ty-chandler.php,,,0.7,,,,,,8.0,Ty Chandler,2026-08-07,NOS
/nfl/rankings/dynasty-rb.php,dynasty-rb,dp,Noah Whittington,28115,RB,HOU,116.33,10.87,105,131,,noah-whittington.php,,,0.0,,,,,,8.0,Noah Whittington,2026-08-07,HOU
/nfl/rankings/dynasty-rb.php,dynasty-rb,dp,Chip Trayanum,28114,RB,NYJ,117.33,13.6,104,136,,chip-trayanum.php,,,1.2,,,,,,13.0,Chip Trayanum,2026-08-07,NYJ
/nfl/rankings/dynasty-rb.php,dynasty-rb,dp,Zamir White,20095,RB,LV,123.0,5.35,116,129,,zamir-white.php,,,1.6,,,,,,13.0,Zamir White,2026-08-07,LVR
/nfl/rankings/dynasty-rb.php,dynasty-rb,dp,Alexander Mattison,18621,RB,FA,125.0,3.74,120,129,,alexander-mattison.php,,,1.0,,,,,,,Alexander Mattison,2026-08-07,FA
/nfl/rankings/dynasty-rb.php,dynasty-rb,dp,Khalil Herbert,22763,RB,SF,128.33,1.25,127,130,,khalil-herbert.php,,,1.4,,,,,,8.0,Khalil Herbert,2026-08-07,SFO
/nfl/rankings/dynasty-rb.php,dynasty-rb,dp,Dean Connors,28113,RB,LAR,103.0,13.0,90,116,,dean-connors.php,,,1.0,,,,,,11.0,Dean Connors,2026-08-07,LAR
/nfl/rankings/dynasty-rb.php,dynasty-rb,dp,AJ Dillon,19358,RB,CAR,129.67,13.89,117,149,,aj-dillon.php,,,0.6,,,,,,5.0,AJ Dillon,2026-08-07,CAR
/nfl/rankings/dynasty-rb.php,dynasty-rb,dp,Hassan Haskins,23798,RB,LAC,133.33,10.62,120,146,,hassan-haskins.php,,,1.0,,,,,,7.0,Hassan Haskins,2026-08-07,LAC
/nfl/rankings/dynasty-rb.php,dynasty-rb,dp,Cam Akers,19268,RB,FA,136.33,7.59,126,144,,cam-akers.php,,,1.0,,,,,,,Cam Akers,2026-08-07,FA
/nfl/rankings/dynasty-rb.php,dynasty-rb,dp,Kenny McIntosh,25329,RB,FA,136.33,2.49,133,139,,kenny-mcintosh.php,,,1.0,,,,,,,Kenny McIntosh,2026-08-07,FA
/nfl/rankings/dynasty-rb.php,dynasty-rb,dp,Zack Moss,19263,RB,FA,137.33,14.38,123,157,,zack-moss.php,,,1.6,,,,,,,Zack Moss,2026-08-07,FA
/nfl/rankings/dynasty-rb.php,dynasty-rb,dp,Ameer Abdullah,13924,RB,JAC,138.67,18.37,113,155,,ameer-abdullah.php,,,0.6,,,,,,7.0,Ameer Abdullah,2026-08-07,JAC
/nfl/rankings/dynasty-rb.php,dynasty-rb,dp,Sincere McCormick,23172,RB,SF,139.0,9.09,127,149,,sincere-mccormick.php,,,1.0,,,,,,8.0,Sincere McCormick,2026-08-07,SFO
/nfl/rankings/dynasty-rb.php,dynasty-rb,dp,CJ Donaldson,25396,RB,NO,120.5,9.5,111,130,,cj-donaldson.php,,,2.3,,,,,,8.0,CJ Donaldson,2026-08-07,NOS
/nfl/rankings/dynasty-rb.php,dynasty-rb,dp,Eric Gray,23075,RB,NYG,140.67,12.92,127,158,,eric-gray.php,,,1.0,,,,,,8.0,Eric Gray,2026-08-07,NYG
/nfl/rankings/dynasty-rb.php,dynasty-rb,dp,Gus Edwards,17687,RB,FA,141.0,13.44,122,151,,gus-edwards.php,,,1.0,,,,,,,Gus Edwards,2026-08-07,FA
/nfl/rankings/dynasty-rb.php,dynasty-rb,dp,Jaret Patterson,20155,RB,LAC,145.67,14.06,132,165,,jaret-patterson.php,,,1.1,,,,,,7.0,Jaret Patterson,2026-08-07,LAC
/nfl/rankings/dynasty-rb.php,dynasty-rb,dp,Carson Steele,26372,RB,PHI,148.0,9.42,135,157,,carson-steele.php,,,1.1,,,,,,10.0,Carson Steele,2026-08-07,PHI
/nfl/rankings/dynasty-rb.php,dynasty-rb,dp,Craig Reynolds,19074,RB,FA,149.33,9.39,138,161,,craig-reynolds.php,,,1.1,,,,,,,Craig Reynolds,2026-08-07,FA
/nfl/rankings/dynasty-rb.php,dynasty-rb,dp,Cody Schrader,26216,RB,DEN,149.67,14.61,129,160,,cody-schrader.php,,,1.0,,,,,,10.0,Cody Schrader,2026-08-07,DEN
/nfl/rankings/dynasty-rb.php,dynasty-rb,dp,Trey Sermon,19425,RB,FA,150.0,3.74,145,154,,trey-sermon.php,,,1.0,,,,,,,Trey Sermon,2026-08-07,FA
/nfl/rankings/dynasty-rb.php,dynasty-rb,dp,Marcus Yarns,27293,RB,FA,150.33,6.94,142,159,,marcus-yarns.php,,,1.0,,,,,,,Marcus Yarns,2026-08-07,FA
/nfl/rankings/dynasty-rb.php,dynasty-rb,dp,Donovan Edwards,23014,RB,MIA,137.0,19.0,118,156,,donovan-edwards.php,,,1.0,,,,,,6.0,Donovan Edwards,2026-08-07,MIA
/nfl/rankings/dynasty-rb.php,dynasty-rb,dp,Israel Abanikanda,24352,RB,DAL,151.33,18.41,128,173,,israel-abanikanda.php,,,1.7,,,,,,14.0,Israel Abanikanda,2026-08-07,DAL
/nfl/rankings/dynasty-rb.php,dynasty-rb,dp,Pierre Strong Jr.,24173,RB,GB,152.33,18.84,126,169,,pierre-strong-jr.php,,,0.6,,,,,,11.0,Pierre Strong,2026-08-07,GBP
/nfl/rankings/dynasty-rb.php,dynasty-rb,dp,Deuce Vaughn,22984,RB,FA,154.33,17.0,131,171,,deuce-vaughn.php,,,2.9,,,,,,,Deuce Vaughn,2026-08-07,FA
/nfl/rankings/dynasty-rb.php,dynasty-rb,dp,Dare Ogunbowale,16879,RB,LV,142.0,2.0,140,144,,dare-ogunbowale.php,,,1.0,,,,,,13.0,Dare Ogunbowale,2026-08-07,LVR
/nfl/rankings/dynasty-rb.php,dynasty-rb,dp,Tyler Goodson,22976,RB,ATL,142.0,1.0,141,143,,tyler-goodson.php,,,0.7,,,,,,11.0,Tyler Goodson,2026-08-07,ATL
/nfl/rankings/dynasty-rb.php,dynasty-rb,dp,DeeJay Dallas,19521,RB,JAC,157.67,16.36,137,177,,deejay-dallas.php,,,0.1,,,,,,7.0,DeeJay Dallas,2026-08-07,JAC
/nfl/rankings/dynasty-rb.php,dynasty-rb,dp,Keaontay Ingram,23162,RB,FA,159.0,18.06,142,184,,keaontay-ingram.php,,,1.0,,,,,,,Keaontay Ingram,2026-08-07,FA
/nfl/rankings/dynasty-rb.php,dynasty-rb,dp,Frank Gore Jr.,25980,RB,BUF,159.33,17.0,136,176,,frank-gore-jr.php,,,0.6,,,,,,7.0,Frank Gore,2026-08-07,BUF
/nfl/rankings/dynasty-rb.php,dynasty-rb,dp,Keilan Robinson,22896,RB,FA,162.0,18.02,139,183,,keilan-robinson.php,,,0.0,,,,,,,Keilan Robinson,2026-08-07,FA
/nfl/rankings/dynasty-rb.php,dynasty-rb,dp,Blake Watson,26391,RB,FA,162.0,9.42,153,175,,blake-watson.php,,,1.1,,,,,,,Blake Watson,2026-08-07,FA
/nfl/rankings/dynasty-rb.php,dynasty-rb,dp,Deneric Prince,25770,RB,FA,163.67,13.91,146,180,,deneric-prince.php,,,0.0,,,,,,,Deneric Prince,2026-08-07,FA
/nfl/rankings/dynasty-rb.php,dynasty-rb,dp,Clyde Edwards-Helaire,19325,RB,FA,164.0,6.68,155,171,,clyde-edwards-helaire.php,,,1.1,,,,,,,Clyde Edwards-Helaire,2026-08-07,FA
/nfl/rankings/dynasty-rb.php,dynasty-rb,dp,Cordarrelle Patterson,11613,RB,FA,164.67,5.44,157,169,,cordarrelle-patterson.php,,,0.6,,,,,,,Cordarrelle Patterson,2026-08-07,FA
/nfl/rankings/dynasty-rb.php,dynasty-rb,dp,D'Ernest Johnson,19111,RB,FA,165.0,13.49,146,176,,dernest-johnson.php,,,1.0,,,,,,,DErnest Johnson,2026-08-07,FA
/nfl/rankings/dynasty-rb.php,dynasty-rb,dp,Julius Chestnut,24689,RB,TEN,173.0,38.0,135,211,,julius-chestnut.php,,,0.7,,,,,,9.0,Julius Chestnut,2026-08-07,TEN
/nfl/rankings/dynasty-rb.php,dynasty-rb,dp,Darrynton Evans,19418,RB,FA,173.33,22.43,156,205,,darrynton-evans.php,,,0.0,,,,,,,Darrynton Evans,2026-08-07,FA
/nfl/rankings/dynasty-rb.php,dynasty-rb,dp,Jeff Wilson Jr.,18026,RB,FA,166.33,11.73,150,177,,jeffery-wilson.php,,,1.0,,,,,,,Jeff Wilson,2026-08-07,FA
/nfl/rankings/dynasty-rb.php,dynasty-rb,dp,D'Onta Foreman,16407,RB,FA,161.0,7.0,154,168,,donta-foreman.php,,,2.7,,,,,,,DOnta Foreman,2026-08-07,FA
/nfl/rankings/dynasty-rb.php,dynasty-rb,dp,Salvon Ahmed,19449,RB,CHI,170.0,27.0,143,197,,salvon-ahmed.php,,,0.1,,,,,,10.0,Salvon Ahmed,2026-08-07,CHI
/nfl/rankings/dynasty-rb.php,dynasty-rb,dp,Travis Homer,18616,RB,PIT,179.0,35.0,144,214,,travis-homer.php,,,0.6,,,,,,9.0,Travis Homer,2026-08-07,PIT
/nfl/rankings/dynasty-rb.php,dynasty-rb,dp,Kene Nwangwu,23249,RB,NYJ,174.5,29.5,145,204,,kene-nwangwu.php,,,0.1,,,,,,13.0,Kene Nwangwu,2026-08-07,NYJ
/nfl/rankings/dynasty-rb.php,dynasty-rb,dp,Trayveon Williams,18607,RB,FA,178.33,23.01,156,210,,trayveon-williams.php,,,0.0,,,,,,,Trayveon Williams,2026-08-07,FA
/nfl/rankings/dynasty-rb.php,dynasty-rb,dp,Kendall Milton,22962,RB,CIN,163.5,10.5,153,174,,kendall-milton.php,,,0.0,,,,,,6.0,Kendall Milton,2026-08-07,CIN
/nfl/rankings/dynasty-rb.php,dynasty-rb,dp,Chase Edmonds,17496,RB,WAS,172.0,14.35,152,185,,chase-edmonds.php,,,0.0,,,,,-27.0,7.0,Chase Edmonds,2026-08-07,WAS
/nfl/rankings/dynasty-rb.php,dynasty-rb,dp,Joshua Kelley,19445,RB,FA,166.5,12.5,154,179,,joshua-kelley.php,,,0.0,,,,,,,Joshua Kelley,2026-08-07,FA
/nfl/rankings/dynasty-rb.php,dynasty-rb,dp,Dillon Johnson,26226,RB,FA,168.0,2.0,166,170,,dillon-johnson.php,,,1.0,,,,,,,Dillon Johnson,2026-08-07,FA
/nfl/rankings/dynasty-rb.php,dynasty-rb,dp,JaMycal Hasty,19627,RB,FA,177.33,15.52,158,196,,jamycal-hasty.php,,,1.1,,,,,,,JaMycal Hasty,2026-08-07,FA
/nfl/rankings/dynasty-rb.php,dynasty-rb,dp,Dalvin Cook,16374,RB,FA,168.5,1.5,167,170,,dalvin-cook.php,,,0.6,,,,,,,Dalvin Cook,2026-08-07,FA
/nfl/rankings/dynasty-rb.php,dynasty-rb,dp,Daijun Edwards,25985,RB,FA,169.5,8.5,161,178,,daijun-edwards.php,,,0.0,,,,,,,Daijun Edwards,2026-08-07,FA
/nfl/rankings/dynasty-rb.php,dynasty-rb,dp,Chris Evans,22797,RB,FA,176.5,16.5,160,193,,chris-evans.php,,,0.0,,,,,,,Chris Evans,2026-08-07,FA
/nfl/rankings/dynasty-rb.php,dynasty-rb,dp,Emani Bailey,26330,RB,FA,189.0,27.0,162,216,,emani-bailey.php,,,0.0,,,,,,,Emani Bailey,2026-08-07,FA
/nfl/rankings/dynasty-rb.php,dynasty-rb,dp,Ronnie Rivers,23986,RB,LAR,172.0,9.0,163,181,,ronnie-rivers.php,,,0.6,,,,,,11.0,Ronnie Rivers,2026-08-07,LAR
/nfl/rankings/dynasty-rb.php,dynasty-rb,dp,Jerick McKinnon,12209,RB,FA,175.0,12.0,163,187,,jerick-mckinnon.php,,,0.0,,,,,,,Jerick McKinnon,2026-08-07,FA
/nfl/rankings/dynasty-rb.php,dynasty-rb,dp,Jase McClellan,22894,RB,FA,177.5,13.5,164,191,,jase-mcclellan.php,,,1.0,,,,,,,Jase McClellan,2026-08-07,FA
/nfl/rankings/dynasty-rb.php,dynasty-rb,dp,Tyrion Davis-Price,22992,RB,FA,181.0,14.0,167,195,,tyrion-davis-price.php,,,1.0,,,,,,,Tyrion Davis-Price,2026-08-07,FA
/nfl/rankings/dynasty-rb.php,dynasty-rb,dp,Gary Brightwell,23293,RB,CIN,188.0,20.0,168,208,,gary-brightwell.php,,,0.0,,,,,,6.0,Gary Brightwell,2026-08-07,CIN
/nfl/rankings/dynasty-rb.php,dynasty-rb,dp,Jashaun Corbin,22948,RB,FA,199.0,29.0,170,228,,jashaun-corbin.php,,,0.0,,,,,,,Jashaun Corbin,2026-08-07,FA
/nfl/rankings/dynasty-rb.php,dynasty-rb,dp,Nyheim Miller-Hines,17297,RB,FA,185.5,14.5,171,200,,nyheim-hines.php,,,0.0,,,,,,,Nyheim Miller-Hines,2026-08-07,FA
/nfl/rankings/dynasty-rb.php,dynasty-rb,dp,Kevin Harris,23117,RB,FA,179.0,7.0,172,186,,kevin-harris.php,,,1.0,,,,,,,Kevin Harris,2026-08-07,FA
/nfl/rankings/dynasty-rb.php,dynasty-rb,dp,Matt Breida,17058,RB,FA,185.5,12.5,173,198,,matt-breida.php,,,0.0,,,,,,,Matt Breida,2026-08-07,FA
/nfl/rankings/dynasty-rb.php,dynasty-rb,dp,DeWayne McBride,25265,RB,FA,182.0,8.0,174,190,,dewayne-mcbride.php,,,2.7,,,,,,,DeWayne McBride,2026-08-07,FA
/nfl/rankings/dynasty-rb.php,dynasty-rb,dp,Michael Wiley,26380,RB,FA,187.5,13.5,174,201,,michael-wiley-rb.php,,,0.0,,,,,,,Michael Wiley,2026-08-07,FA
/nfl/rankings/dynasty-rb.php,dynasty-rb,dp,Royce Freeman,17245,RB,FA,187.0,12.0,175,199,,royce-freeman.php,,,0.0,,,,,,,Royce Freeman,2026-08-07,FA
/nfl/rankings/dynasty-rb.php,dynasty-rb,dp,Lew Nichols III,25443,RB,PIT,197.0,22.0,175,219,,lew-nichols.php,,,3.7,,,,,,9.0,Lew Nichols,2026-08-07,PIT
/nfl/rankings/rookies.php,dynasty-rk,drk,Jeremiyah Love,25403,RB,ARI,1.0,0.0,1,1,,jeremiyah-love.php,,,98.2,,,,,,14.0,Jeremiyah Love,2026-08-07,ARI
/nfl/rankings/rookies.php,dynasty-rk,drk,Carnell Tate,26009,WR,TEN,2.31,0.46,2,3,,carnell-tate.php,,,92.9,,,,,,9.0,Carnell Tate,2026-08-07,TEN
/nfl/rankings/rookies.php,dynasty-rk,drk,Jordyn Tyson,26035,WR,NO,3.54,0.84,2,5,,jordyn-tyson.php,,,88.6,,,,,,8.0,Jordyn Tyson,2026-08-07,NOS
/nfl/rankings/rookies.php,dynasty-rk,drk,Makai Lemon,25420,WR,PHI,4.15,0.86,3,6,,makai-lemon.php,,,87.4,,,,,,10.0,Makai Lemon,2026-08-07,PHI
/nfl/rankings/rookies.php,dynasty-rk,drk,KC Concepcion,27331,WR,CLE,5.69,1.26,4,8,,kevin-concepcion.php,,,66.0,,,,,,11.0,KC Concepcion,2026-08-07,CLE
/nfl/rankings/rookies.php,dynasty-rk,drk,Jadarian Price,27329,RB,SEA,5.92,0.73,4,7,,jadarian-price.php,,,91.0,,,,,,11.0,Jadarian Price,2026-08-07,SEA
/nfl/rankings/rookies.php,dynasty-rk,drk,Kenyon Sadiq,26055,TE,NYJ,8.0,1.24,6,10,,kenyon-sadiq.php,,,63.9,,,,,,13.0,Kenyon Sadiq,2026-08-07,NYJ
/nfl/rankings/rookies.php,dynasty-rk,drk,Omar Cooper Jr.,28127,WR,NYJ,8.54,1.22,6,10,,omar-cooper-jr.php,,,39.1,,,,,,13.0,Omar Cooper,2026-08-07,NYJ
/nfl/rankings/rookies.php,dynasty-rk,drk,Fernando Mendoza,28013,QB,LV,10.08,2.92,4,13,,fernando-mendoza.php,,,33.6,,,,,,13.0,Fernando Mendoza,2026-08-07,LVR
/nfl/rankings/rookies.php,dynasty-rk,drk,Eli Stowers,23144,TE,PHI,10.23,2.42,8,16,,eli-stowers.php,,,23.6,,,,,,10.0,Eli Stowers,2026-08-07,PHI
/nfl/rankings/rookies.php,dynasty-rk,drk,Denzel Boston,27339,WR,CLE,10.38,1.82,8,14,,denzel-boston.php,,,36.1,,,,,,11.0,Denzel Boston,2026-08-07,CLE
/nfl/rankings/rookies.php,dynasty-rk,drk,Jonah Coleman,27320,RB,DEN,12.31,2.33,7,16,,jonah-coleman.php,,,33.7,,,,,,10.0,Jonah Coleman,2026-08-07,DEN
/nfl/rankings/rookies.php,dynasty-rk,drk,Antonio Williams,25418,WR,WAS,15.0,2.94,11,21,,antonio-williams-wr.php,,,28.4,,,,,,7.0,Antonio Williams,2026-08-07,WAS
/nfl/rankings/rookies.php,dynasty-rk,drk,Chris Bell,26038,WR,MIA,15.92,3.47,12,22,,chris-bell.php,,,20.3,,,,,,6.0,Chris Bell,2026-08-07,MIA
/nfl/rankings/rookies.php,dynasty-rk,drk,Nicholas Singleton,24343,RB,TEN,16.38,3.29,12,23,,nick-singleton.php,,,25.3,,,,,,9.0,Nicholas Singleton,2026-08-07,TEN
/nfl/rankings/rookies.php,dynasty-rk,drk,Germie Bernard,26039,WR,PIT,17.0,4.0,13,27,,germie-bernard.php,,,20.4,,,,,,9.0,Germie Bernard,2026-08-07,PIT
/nfl/rankings/rookies.php,dynasty-rk,drk,Emmett Johnson,28107,RB,KC,17.69,3.52,12,24,,emmett-johnson.php,,,26.6,,,,,,5.0,Emmett Johnson,2026-08-07,KCC
/nfl/rankings/rookies.php,dynasty-rk,drk,De'Zhaun Stribling,28138,WR,SF,19.08,3.22,12,26,,dezhaun-stribling.php,,,24.1,,,,,,8.0,DeZhaun Stribling,2026-08-07,SFO
/nfl/rankings/rookies.php,dynasty-rk,drk,Elijah Sarratt,27463,WR,BAL,20.38,3.05,15,24,,elijah-sarratt.php,,,16.3,,,,,,13.0,Elijah Sarratt,2026-08-07,BAL
/nfl/rankings/rookies.php,dynasty-rk,drk,Chris Brazzell II,28047,WR,CAR,21.77,4.54,13,27,,chris-brazzell-ii.php,,,14.0,,,,,,5.0,Chris Brazzell,2026-08-07,CAR
/nfl/rankings/rookies.php,dynasty-rk,drk,Kaytron Allen,24362,RB,WAS,21.92,3.77,16,29,,kaytron-allen.php,,,21.1,,,,,,7.0,Kaytron Allen,2026-08-07,WAS
/nfl/rankings/rookies.php,dynasty-rk,drk,Ted Hurst III,28130,WR,TB,22.0,4.79,15,34,,ted-hurst.php,,,17.4,,,,,,10.0,Ted Hurst,2026-08-07,TBB
/nfl/rankings/rookies.php,dynasty-rk,drk,Ty Simpson,25368,QB,LAR,23.85,4.61,16,32,,ty-simpson.php,,,14.9,,,,,,11.0,Ty Simpson,2026-08-07,LAR
/nfl/rankings/rookies.php,dynasty-rk,drk,Malachi Fields,27994,WR,NYG,24.77,4.26,20,31,,malachi-fields.php,,,17.1,,,,,,8.0,Malachi Fields,2026-08-07,NYG
/nfl/rankings/rookies.php,dynasty-rk,drk,Zachariah Branch,25419,WR,ATL,25.38,5.7,17,36,,zachariah-branch.php,,,23.2,,,,,,11.0,Zachariah Branch,2026-08-07,ATL
/nfl/rankings/rookies.php,dynasty-rk,drk,Oscar Delp,25430,TE,NO,27.23,3.68,19,32,,oscar-delp.php,,,6.4,,,,,,8.0,Oscar Delp,2026-08-07,NOS
/nfl/rankings/rookies.php,dynasty-rk,drk,Demond Claiborne,28084,RB,MIN,28.31,4.3,22,35,,demond-claiborne.php,,,16.0,,,,,,6.0,Demond Claiborne,2026-08-07,MIN
/nfl/rankings/rookies.php,dynasty-rk,drk,Mike Washington Jr.,28108,RB,LV,28.85,3.68,20,36,,mike-washington-jr.php,,,25.5,,,,,,13.0,Mike Washington,2026-08-07,LVR
/nfl/rankings/rookies.php,dynasty-rk,drk,Eli Raridon,28154,TE,NE,30.15,4.24,22,35,,eli-raridon.php,,,5.1,,,,,,11.0,Eli Raridon,2026-08-07,NEP
/nfl/rankings/rookies.php,dynasty-rk,drk,Kaelon Black,28401,RB,SF,30.62,3.41,23,35,,kaelon-black.php,,,12.9,,,,,,8.0,Kaelon Black,2026-08-07,SFO
/nfl/rankings/rookies.php,dynasty-rk,drk,Skyler Bell,28126,WR,BUF,30.77,5.52,20,39,,skyler-bell.php,,,13.4,,,,,,7.0,Skyler Bell,2026-08-07,BUF
/nfl/rankings/rookies.php,dynasty-rk,drk,Ja'Kobi Lane,27337,WR,BAL,30.92,7.09,18,44,,jakobi-lane.php,,,19.8,,,,,,13.0,JaKobi Lane,2026-08-07,BAL
/nfl/rankings/rookies.php,dynasty-rk,drk,Max Klare,27993,TE,LAR,32.23,3.66,25,38,,max-klare.php,,,11.3,,,,,,11.0,Max Klare,2026-08-07,LAR
/nfl/rankings/rookies.php,dynasty-rk,drk,Adam Randall,24367,RB,BAL,34.85,4.74,25,41,,adam-randall.php,,,5.3,,,,,,13.0,Adam Randall,2026-08-07,BAL
/nfl/rankings/rookies.php,dynasty-rk,drk,Bryce Lance,28129,WR,NO,35.54,4.99,25,43,,bryce-lance.php,,,5.5,,,,,,8.0,Bryce Lance,2026-08-07,NOS
/nfl/rankings/rookies.php,dynasty-rk,drk,Carson Beck,22953,QB,ARI,35.62,9.08,21,51,,carson-beck.php,,,12.2,,,,,,14.0,Carson Beck,2026-08-07,ARI
/nfl/rankings/rookies.php,dynasty-rk,drk,Eli Heidenreich,28297,RB,PIT,38.77,3.31,33,44,,eli-heidenreich.php,,,2.0,,,,,,9.0,Eli Heidenreich,2026-08-07,PIT
/nfl/rankings/rookies.php,dynasty-rk,drk,Seth McGowan,23079,RB,IND,39.46,4.34,31,46,,seth-mcgowan.php,,,4.5,,,,,,13.0,Seth McGowan,2026-08-07,IND
/nfl/rankings/rookies.php,dynasty-rk,drk,Kevin Coleman Jr.,28067,WR,MIA,40.08,5.94,31,51,,kevin-coleman-jr.php,,,2.6,,,,,,6.0,Kevin Coleman,2026-08-07,MIA
/nfl/rankings/rookies.php,dynasty-rk,drk,Justin Joly,28079,TE,DEN,40.69,4.7,34,50,,justin-joly.php,,,11.0,,,,,,10.0,Justin Joly,2026-08-07,DEN
/nfl/rankings/rookies.php,dynasty-rk,drk,Brenen Thompson,28133,WR,LAC,41.77,5.74,35,54,,brenen-thompson.php,,,3.9,,,,,,7.0,Brenen Thompson,2026-08-07,LAC
/nfl/rankings/rookies.php,dynasty-rk,drk,Drew Allar,24345,QB,PIT,43.77,6.87,29,53,,drew-allar.php,,,2.0,,,,,,9.0,Drew Allar,2026-08-07,PIT
/nfl/rankings/rookies.php,dynasty-rk,drk,Cole Payton,28302,QB,PHI,44.08,3.38,39,51,,cole-payton.php,,,0.7,,,,,,10.0,Cole Payton,2026-08-07,PHI
/nfl/rankings/rookies.php,dynasty-rk,drk,Cade Klubnik,24361,QB,NYJ,47.38,5.46,38,60,,cade-klubnik.php,,,6.7,,,,,,13.0,Cade Klubnik,2026-08-07,NYJ
/nfl/rankings/rookies.php,dynasty-rk,drk,Jam Miller,27326,RB,NE,48.54,9.21,36,72,,jam-miller.php,,,1.3,,,,,,11.0,Jam Miller,2026-08-07,NEP
/nfl/rankings/rookies.php,dynasty-rk,drk,Marlin Klein,28157,TE,HOU,48.92,11.57,36,83,,marlin-klein.php,,,1.2,,,,,,8.0,Marlin Klein,2026-08-07,HOU
/nfl/rankings/rookies.php,dynasty-rk,drk,Caleb Douglas,28135,WR,MIA,50.08,9.86,32,66,,caleb-douglas.php,,,4.4,,,,,,6.0,Caleb Douglas,2026-08-07,MIA
/nfl/rankings/rookies.php,dynasty-rk,drk,J'Mari Taylor,28109,RB,JAC,50.46,6.85,38,61,,jmari-taylor.php,,,3.9,,,,,,7.0,JMari Taylor,2026-08-07,JAC
/nfl/rankings/rookies.php,dynasty-rk,drk,Sam Roush,28161,TE,CHI,51.85,9.57,43,72,,sam-roush.php,,,1.5,,,,,,10.0,Sam Roush,2026-08-07,CHI
/nfl/rankings/rookies.php,dynasty-rk,drk,Taylen Green,28094,QB,CLE,52.85,7.04,46,66,,taylen-green.php,,,3.9,,,,,,11.0,Taylen Green,2026-08-07,CLE
/nfl/rankings/rookies.php,dynasty-rk,drk,Tanner Koziol,27499,TE,JAC,54.31,12.97,39,81,,tanner-koziol.php,,,1.9,,,,,,7.0,Tanner Koziol,2026-08-07,JAC
/nfl/rankings/rookies.php,dynasty-rk,drk,Garrett Nussmeier,22998,QB,KC,55.0,7.44,47,76,,garrett-nussmeier.php,,,7.4,,,,,,5.0,Garrett Nussmeier,2026-08-07,KCC
/nfl/rankings/rookies.php,dynasty-rk,drk,Zavion Thomas,28132,WR,CHI,55.23,9.65,40,79,,zavion-thomas.php,,,5.1,,,,,,10.0,Zavion Thomas,2026-08-07,CHI
/nfl/rankings/rookies.php,dynasty-rk,drk,Jaydn Ott,25394,RB,KC,55.23,7.64,44,70,,jaydn-ott.php,,,1.0,,,,,,5.0,Jaydn Ott,2026-08-07,KCC
/nfl/rankings/rookies.php,dynasty-rk,drk,Cyrus Allen,28424,WR,KC,55.77,12.5,33,72,,cyrus-allen.php,,,4.0,,,,,,5.0,Cyrus Allen,2026-08-07,KCC
/nfl/rankings/rookies.php,dynasty-rk,drk,Roman Hemby,25387,RB,LV,57.92,9.64,41,83,,roman-hemby.php,,,0.0,,,,,,13.0,Roman Hemby,2026-08-07,LVR
/nfl/rankings/rookies.php,dynasty-rk,drk,Deion Burks,27093,WR,IND,58.23,6.58,44,67,,deion-burks.php,,,2.1,,,,,,13.0,Deion Burks,2026-08-07,IND
/nfl/rankings/rookies.php,dynasty-rk,drk,Robert Henry Jr.,28404,RB,WAS,58.69,7.54,48,74,,robert-henry-jr.php,,,0.0,,,,,,7.0,Robert Henry,2026-08-07,WAS
/nfl/rankings/rookies.php,dynasty-rk,drk,CJ Daniels,28125,WR,LAR,59.31,7.46,45,70,,cj-daniels.php,,,1.9,,,,,,11.0,CJ Daniels,2026-08-07,LAR
/nfl/rankings/rookies.php,dynasty-rk,drk,Reggie Virgil,28141,WR,ARI,63.23,6.28,53,74,,reggie-virgil.php,,,0.7,,,,,,14.0,Reggie Virgil,2026-08-07,ARI
/nfl/rankings/rookies.php,dynasty-rk,drk,Barion Brown,25416,WR,NO,61.75,8.41,49,80,,barion-brown.php,,,1.1,,,,,,8.0,Barion Brown,2026-08-07,NOS
/nfl/rankings/rookies.php,dynasty-rk,drk,Malik Benson,26012,WR,LV,61.09,11.07,36,77,,malik-benson.php,,,1.5,,,,,,13.0,Malik Benson,2026-08-07,LVR
/nfl/rankings/rookies.php,dynasty-rk,drk,Nate Boerkircher,28427,TE,JAC,66.36,11.26,53,87,,nate-boerkircher.php,,,0.9,,,,,,7.0,Nate Boerkircher,2026-08-07,JAC
/nfl/rankings/rookies.php,dynasty-rk,drk,Dean Connors,28113,RB,LAR,67.27,10.14,52,89,,dean-connors.php,,,1.0,,,,,,11.0,Dean Connors,2026-08-07,LAR
/nfl/rankings/rookies.php,dynasty-rk,drk,Jack Endries,27501,TE,CIN,68.36,8.33,55,88,,jack-endries.php,,,5.8,,,,,,6.0,Jack Endries,2026-08-07,CIN
/nfl/rankings/rookies.php,dynasty-rk,drk,Noah Whittington,28115,RB,HOU,69.73,10.31,59,91,,noah-whittington.php,,,0.0,,,,,,8.0,Noah Whittington,2026-08-07,HOU
/nfl/rankings/rookies.php,dynasty-rk,drk,Colbie Young,26037,WR,CIN,70.36,12.88,45,86,,colbie-young.php,,,1.5,,,,,,6.0,Colbie Young,2026-08-07,CIN
/nfl/rankings/rookies.php,dynasty-rk,drk,Josh Cameron,28137,WR,JAC,70.55,8.63,58,86,,josh-cameron.php,,,1.6,,,,,,7.0,Josh Cameron,2026-08-07,JAC
/nfl/rankings/rookies.php,dynasty-rk,drk,Jeff Caldwell,28425,WR,KC,72.36,7.01,60,83,,jeff-caldwell.php,,,2.1,,,,,,5.0,Jeff Caldwell,2026-08-07,KCC
/nfl/rankings/rookies.php,dynasty-rk,drk,Desmond Reid,28110,RB,FA,68.0,9.83,55,87,,desmond-reid.php,,,0.0,,,,,,,Desmond Reid,2026-08-07,FA
/nfl/rankings/rookies.php,dynasty-rk,drk,Matt Hibner,28168,TE,BAL,63.22,15.1,49,96,,matthew-hibner.php,,,2.6,,,,,,13.0,Matt Hibner,2026-08-07,BAL
/nfl/rankings/rookies.php,dynasty-rk,drk,Kendrick Law,26044,WR,DET,70.5,6.67,59,82,,kendrick-law.php,,,1.5,,,,,,6.0,Kendrick Law,2026-08-07,DET
/nfl/rankings/rookies.php,dynasty-rk,drk,Terion Stewart,28111,RB,KC,66.11,8.63,56,86,,terion-stewart.php,,,0.0,,,,,,5.0,Terion Stewart,2026-08-07,KCC
/nfl/rankings/rookies.php,dynasty-rk,drk,Michael Trigg,23167,TE,DAL,72.8,12.81,56,97,,michael-trigg.php,,,8.9,,,,,,14.0,Michael Trigg,2026-08-07,DAL
/nfl/rankings/rookies.php,dynasty-rk,drk,Eric Rivers Jr.,28128,WR,TB,79.09,5.68,67,88,,eric-rivers.php,,,1.0,,,,,,10.0,Eric Rivers,2026-08-07,TBB
/nfl/rankings/rookies.php,dynasty-rk,drk,CJ Donaldson,25396,RB,NO,76.0,11.36,58,100,,cj-donaldson.php,,,2.3,,,,,,8.0,CJ Donaldson,2026-08-07,NOS
/nfl/rankings/rookies.php,dynasty-rk,drk,Chip Trayanum,28114,RB,NYJ,74.0,8.88,61,88,,chip-trayanum.php,,,1.2,,,,,,13.0,Chip Trayanum,2026-08-07,NYJ
/nfl/rankings/rookies.php,dynasty-rk,drk,Joe Royer,27312,TE,CLE,82.09,9.83,69,98,,joe-royer.php,,,1.6,,,,,,11.0,Joe Royer,2026-08-07,CLE
/nfl/rankings/rookies.php,dynasty-rk,drk,Lewis Bond,28144,WR,HOU,80.3,8.52,65,93,,lewis-bond.php,,,1.1,,,,,,8.0,Lewis Bond,2026-08-07,HOU
/nfl/rankings/rookies.php,dynasty-rk,drk,Jamal Haynes,27328,RB,CIN,76.13,10.53,62,89,,jamal-haynes.php,,,0.0,,,,,,6.0,Jamal Haynes,2026-08-07,CIN
/nfl/rankings/rookies.php,dynasty-rk,drk,Tyren Montgomery,28423,WR,TEN,77.75,4.32,73,86,,tyren-montgomery.php,,,0.0,,,,,,9.0,Tyren Montgomery,2026-08-07,TEN
/nfl/rankings/rookies.php,dynasty-rk,drk,Aaron Anderson,27500,WR,CLE,85.89,4.89,75,94,,aaron-anderson.php,,,1.2,,,,,,11.0,Aaron Anderson,2026-08-07,CLE
/nfl/rankings/rookies.php,dynasty-rk,drk,Eric McAlister,28134,WR,FA,82.88,9.79,69,103,,eric-mcalister.php,,,4.0,,,,,,,Eric McAlister,2026-08-07,FA
/nfl/rankings/rookies.php,dynasty-rk,drk,Kaden Wetjen,28435,WR,PIT,80.29,3.81,73,85,,kaden-wetjen.php,,,0.7,,,,,,9.0,Kaden Wetjen,2026-08-07,PIT
/nfl/rankings/rookies.php,dynasty-rk,drk,Brendan Sorsby,28083,QB,FA,69.6,10.65,52,81,,brendan-sorsby.php,,,0.0,,,,,,,Brendan Sorsby,2026-08-07,FA
/nfl/rankings/rookies.php,dynasty-rk,drk,John Michael Gyllenborg,28158,TE,KC,83.86,7.3,72,93,,john-michael-gyllenborg.php,,,1.8,,,,,,5.0,John Michael Gyllenborg,2026-08-07,KCC
/nfl/rankings/rookies.php,dynasty-rk,drk,Josh Cuevas,28155,TE,BAL,88.25,10.65,68,100,,josh-cuevas.php,,,0.6,,,,,,13.0,Josh Cuevas,2026-08-07,BAL
/nfl/rankings/rookies.php,dynasty-rk,drk,Dane Key,26015,WR,DEN,87.0,4.38,82,93,,dane-key.php,,,1.0,,,,,,10.0,Dane Key,2026-08-07,DEN
/nfl/rankings/rookies.php,dynasty-rk,drk,Rahsul Faison,28112,RB,FA,88.57,7.84,77,101,,rahsul-faison.php,,,0.0,,,,,,,Rahsul Faison,2026-08-07,FA
/nfl/rankings/rookies.php,dynasty-rk,drk,Diego Pavia,28082,QB,FA,77.8,12.61,57,90,,diego-pavia.php,,,1.1,,,,,,,Diego Pavia,2026-08-07,FA
/nfl/rankings/rookies.php,dynasty-rk,drk,J. Michael Sturdivant,26139,WR,GB,92.14,7.62,75,99,,jmichael-sturdivant.php,,,0.0,,,,,,11.0,J Michael Sturdivant,2026-08-07,GBP
/nfl/rankings/rookies.php,dynasty-rk,drk,Trebor Pena,28139,WR,JAC,92.71,7.61,79,105,,trebor-pena.php,,,0.0,,,,,,7.0,Trebor Pena,2026-08-07,JAC
/nfl/rankings/rookies.php,dynasty-rk,drk,Haynes King,23141,QB,CAR,83.4,15.7,57,101,,haynes-king.php,,,0.0,,,,,,5.0,Haynes King,2026-08-07,CAR
/nfl/rankings/rookies.php,dynasty-rk,drk,Riley Nowakowski,28437,TE,PIT,83.4,11.04,62,94,,riley-nowakowski.php,,,0.7,,,,,,9.0,Riley Nowakowski,2026-08-07,PIT
/nfl/rankings/rookies.php,dynasty-rk,drk,Dallen Bentley,28352,TE,DEN,89.33,5.34,81,96,,dallen-bentley.php,,,1.1,,,,,,10.0,Dallen Bentley,2026-08-07,DEN
/nfl/rankings/rookies.php,dynasty-rk,drk,Dae'Quan Wright,28159,TE,PHI,90.0,8.16,78,99,,daequan-wright.php,,,0.0,,,,,,10.0,DaeQuan Wright,2026-08-07,PHI
/nfl/rankings/rookies.php,dynasty-rk,drk,TJ Harden,25992,RB,SEA,85.4,9.05,70,97,,tj-harden.php,,,0.0,,,,,,11.0,TJ Harden,2026-08-07,SEA
/nfl/rankings/rookies.php,dynasty-rk,drk,Will Kacmarek,28403,TE,MIA,91.67,6.57,83,100,,will-kacmarek.php,,,5.4,,,,,,6.0,Will Kacmarek,2026-08-07,MIA
/nfl/rankings/rookies.php,dynasty-rk,drk,Noah Thomas,28136,WR,CIN,93.5,6.99,81,103,,noah-thomas.php,,,1.1,,,,,,6.0,Noah Thomas,2026-08-07,CIN
/nfl/rankings/rookies.php,dynasty-rk,drk,Max Bredeson,28434,RB,MIN,89.2,5.84,78,94,,max-bredeson.php,,,0.1,,,,,,6.0,Max Bredeson,2026-08-07,MIN
/nfl/rankings/rookies.php,dynasty-rk,drk,Harrison Wallace III,28143,WR,ARI,94.5,5.85,87,105,,harrison-wallace-iii.php,,,0.0,,,,,,14.0,Harrison Wallace,2026-08-07,ARI
/nfl/rankings/rookies.php,dynasty-rk,drk,Chase Roberts,28131,WR,LV,90.6,11.71,69,102,,chase-roberts.php,,,0.0,,,,,,13.0,Chase Roberts,2026-08-07,LVR
/nfl/rankings/rookies.php,dynasty-rk,drk,Luke Altmyer,28093,QB,DET,95.0,7.37,85,106,,luke-altmyer.php,,,0.0,,,,,,6.0,Luke Altmyer,2026-08-07,DET
/nfl/rankings/rookies.php,dynasty-rk,drk,Joey Aguilar,28299,QB,JAC,92.0,10.2,78,109,,joey-aguilar.php,,,0.0,,,,,,7.0,Joey Aguilar,2026-08-07,JAC
/nfl/rankings/rookies.php,dynasty-rk,drk,Jalon Daniels,26060,QB,TB,92.8,12.7,77,106,,jalon-daniels.php,,,0.0,,,,,,10.0,Jalon Daniels,2026-08-07,TBB
/nfl/rankings/rookies.php,dynasty-rk,drk,Joe Fagnano,28400,QB,BAL,80.0,16.39,61,101,,joe-fagnano.php,,,0.0,,,,,,13.0,Joe Fagnano,2026-08-07,BAL
/nfl/rankings/rookies.php,dynasty-rk,drk,Sawyer Robertson,23035,QB,FA,97.6,14.09,73,112,,sawyer-robertson.php,,,0.0,,,,,,,Sawyer Robertson,2026-08-07,FA
/nfl/rankings/rookies.php,dynasty-rk,drk,Kentrel Bullock,28122,RB,CIN,97.8,10.83,86,111,,kentrel-bullock.php,,,0.0,,,,,,6.0,Kentrel Bullock,2026-08-07,CIN
/nfl/rankings/rookies.php,dynasty-rk,drk,Emmanuel Henderson Jr.,24379,WR,SEA,93.25,18.61,63,110,,emmanuel-henderson.php,,,1.0,,,,,,11.0,Emmanuel Henderson,2026-08-07,SEA
/nfl/rankings/rookies.php,dynasty-rk,drk,Miller Moss,23165,QB,CHI,93.75,12.58,78,108,,miller-moss.php,,,0.0,,,,,,10.0,Miller Moss,2026-08-07,CHI
/nfl/rankings/rookies.php,dynasty-rk,drk,Rueben Owens II,25402,RB,FA,95.25,12.44,78,111,,rueben-owens-ii.php,,,0.0,,,,,,,Rueben Owens,2026-08-07,FA
/nfl/rankings/rookies.php,dynasty-rk,drk,Jack Velling,26008,TE,ATL,99.25,12.75,79,112,,jack-velling.php,,,0.0,,,,,,11.0,Jack Velling,2026-08-07,ATL
/nfl/rankings/rookies.php,dynasty-rk,drk,Athan Kaliakmanis,28098,QB,WAS,98.33,16.68,75,113,,athan-kaliakmanis.php,,,0.0,,,,,,7.0,Athan Kaliakmanis,2026-08-07,WAS
/nfl/rankings/rookies.php,dynasty-rk,drk,Behren Morton,23146,QB,NE,103.0,14.85,82,114,,behren-morton.php,,,0.0,,,,,,11.0,Behren Morton,2026-08-07,NEP
/nfl/rankings/rookies.php,dynasty-rk,drk,Caullin Lacy,27311,WR,NYJ,103.0,8.52,96,115,,caullin-lacy.php,,,0.0,,,,,,13.0,Caullin Lacy,2026-08-07,NYJ
/nfl/rankings/rookies.php,dynasty-rk,drk,Vinny Anthony II,28150,WR,ATL,106.67,11.81,90,116,,vinny-anthony-ii.php,,,0.0,,,,,,11.0,Vinny Anthony,2026-08-07,ATL
/nfl/rankings/dynasty-te.php,dynasty-te,dp,Brock Bowers,22955,TE,LV,1.06,0.23,1,2,,brock-bowers.php,,,99.2,,,,,,13.0,Brock Bowers,2026-08-07,LVR
/nfl/rankings/dynasty-te.php,dynasty-te,dp,Trey McBride,22936,TE,ARI,2.06,0.4,1,3,,trey-mcbride.php,,,99.3,,,,,,14.0,Trey McBride,2026-08-07,ARI
/nfl/rankings/dynasty-te.php,dynasty-te,dp,Colston Loveland,26006,TE,CHI,2.94,0.23,2,3,,colston-loveland.php,,,98.6,,,,,,10.0,Colston Loveland,2026-08-07,CHI
/nfl/rankings/dynasty-te.php,dynasty-te,dp,Tyler Warren,26434,TE,IND,4.11,0.31,4,5,,tyler-warren.php,,,98.3,,,,,,13.0,Tyler Warren,2026-08-07,IND
/nfl/rankings/dynasty-te.php,dynasty-te,dp,Tucker Kraft,25298,TE,GB,5.44,0.6,5,7,,tucker-kraft.php,,,93.4,,,,,,11.0,Tucker Kraft,2026-08-07,GBP
/nfl/rankings/dynasty-te.php,dynasty-te,dp,Harold Fannin Jr.,27050,TE,CLE,5.94,1.08,4,9,,harold-fannin-jr.php,,,94.1,,,,,,11.0,Harold Fannin,2026-08-07,CLE
/nfl/rankings/dynasty-te.php,dynasty-te,dp,Sam LaPorta,22978,TE,DET,7.06,0.7,6,8,,sam-laporta.php,,,95.6,,,,,,6.0,Sam LaPorta,2026-08-07,DET
/nfl/rankings/dynasty-te.php,dynasty-te,dp,Kyle Pitts Sr.,20164,TE,ATL,8.0,1.05,6,10,,kyle-pitts.php,,,94.9,,,,,,11.0,Kyle Pitts,2026-08-07,ATL
/nfl/rankings/dynasty-te.php,dynasty-te,dp,Kenyon Sadiq,26055,TE,NYJ,9.5,1.38,8,14,,kenyon-sadiq.php,,,63.9,,,,,,13.0,Kenyon Sadiq,2026-08-07,NYJ
/nfl/rankings/dynasty-te.php,dynasty-te,dp,Eli Stowers,23144,TE,PHI,11.44,2.39,8,17,,eli-stowers.php,,,23.6,,,,,,10.0,Eli Stowers,2026-08-07,PHI
/nfl/rankings/dynasty-te.php,dynasty-te,dp,Dalton Kincaid,25247,TE,BUF,11.83,1.42,9,14,,dalton-kincaid.php,,,78.8,,,,,,7.0,Dalton Kincaid,2026-08-07,BUF
/nfl/rankings/dynasty-te.php,dynasty-te,dp,Oronde Gadsden II,25997,TE,LAC,12.5,2.65,8,19,,oronde-gadsden-ii.php,,,49.1,,,,,,7.0,Oronde Gadsden,2026-08-07,LAC
/nfl/rankings/dynasty-te.php,dynasty-te,dp,Isaiah Likely,23781,TE,NYG,12.89,2.77,9,20,,isaiah-likely.php,,,85.7,,,,,,8.0,Isaiah Likely,2026-08-07,NYG
/nfl/rankings/dynasty-te.php,dynasty-te,dp,George Kittle,16499,TE,SF,14.11,1.88,11,18,,george-kittle.php,,,92.4,,,,,,8.0,George Kittle,2026-08-07,SFO
/nfl/rankings/dynasty-te.php,dynasty-te,dp,Jake Ferguson,22718,TE,DAL,14.67,1.33,12,17,,jake-ferguson.php,,,88.8,,,,,,14.0,Jake Ferguson,2026-08-07,DAL
/nfl/rankings/dynasty-te.php,dynasty-te,dp,Brenton Strange,25345,TE,JAC,14.94,1.93,11,17,,brenton-strange.php,,,49.9,,,,,,7.0,Brenton Strange,2026-08-07,JAC
/nfl/rankings/dynasty-te.php,dynasty-te,dp,Chig Okonkwo,23982,TE,WAS,18.56,3.17,12,25,,chigoziem-okonkwo.php,,,44.2,,,,,,7.0,Chigoziem Okonkwo,2026-08-07,WAS
/nfl/rankings/dynasty-te.php,dynasty-te,dp,Mark Andrews,17269,TE,BAL,19.22,2.04,15,23,,mark-andrews.php,,,82.5,,,,,,13.0,Mark Andrews,2026-08-07,BAL
/nfl/rankings/dynasty-te.php,dynasty-te,dp,Dallas Goedert,17270,TE,PHI,20.11,2.81,15,27,,dallas-goedert.php,,,86.4,,,,,,10.0,Dallas Goedert,2026-08-07,PHI
/nfl/rankings/dynasty-te.php,dynasty-te,dp,AJ Barner,26335,TE,SEA,20.78,3.68,15,29,,aj-barner.php,,,27.2,,,,,,11.0,AJ Barner,2026-08-07,SEA
/nfl/rankings/dynasty-te.php,dynasty-te,dp,Travis Kelce,11594,TE,KC,22.67,2.94,17,27,,travis-kelce.php,,,89.4,,,,,,5.0,Travis Kelce,2026-08-07,KCC
/nfl/rankings/dynasty-te.php,dynasty-te,dp,Terrance Ferguson,23091,TE,LAR,22.78,2.95,17,28,,terrance-ferguson.php,,,20.2,,,,,,11.0,Terrance Ferguson,2026-08-07,LAR
/nfl/rankings/dynasty-te.php,dynasty-te,dp,Juwan Johnson,19562,TE,NO,23.06,2.66,19,29,,juwan-johnson.php,,,46.2,,,,,,8.0,Juwan Johnson,2026-08-07,NOS
/nfl/rankings/dynasty-te.php,dynasty-te,dp,T.J. Hockenson,18290,TE,MIN,23.44,3.0,18,29,,tj-hockenson.php,,,55.8,,,,,,6.0,TJ Hockenson,2026-08-07,MIN
/nfl/rankings/dynasty-te.php,dynasty-te,dp,Hunter Henry,15561,TE,NE,25.94,2.15,21,29,,hunter-henry.php,,,65.5,,,,,,11.0,Hunter Henry,2026-08-07,NEP
/nfl/rankings/dynasty-te.php,dynasty-te,dp,Gunnar Helm,27109,TE,TEN,26.0,3.94,20,35,,gunnar-helm.php,,,16.8,,,,,,9.0,Gunnar Helm,2026-08-07,TEN
/nfl/rankings/dynasty-te.php,dynasty-te,dp,Oscar Delp,25430,TE,NO,30.06,6.03,20,44,,oscar-delp.php,,,6.4,,,,,,8.0,Oscar Delp,2026-08-07,NOS
/nfl/rankings/dynasty-te.php,dynasty-te,dp,Max Klare,27993,TE,LAR,30.56,4.98,21,43,,max-klare.php,,,11.3,,,,,,11.0,Max Klare,2026-08-07,LAR
/nfl/rankings/dynasty-te.php,dynasty-te,dp,Mason Taylor,26005,TE,NYJ,30.94,4.97,23,40,,mason-taylor.php,,,11.5,,,,,,13.0,Mason Taylor,2026-08-07,NYJ
/nfl/rankings/dynasty-te.php,dynasty-te,dp,Eli Raridon,28154,TE,NE,31.06,6.56,19,47,,eli-raridon.php,,,5.1,,,,,-3.0,11.0,Eli Raridon,2026-08-07,NEP
/nfl/rankings/dynasty-te.php,dynasty-te,dp,Cade Otton,23181,TE,TB,34.0,3.48,29,43,,cade-otton.php,,,23.0,,,,,,10.0,Cade Otton,2026-08-07,TBB
/nfl/rankings/dynasty-te.php,dynasty-te,dp,Dalton Schultz,17349,TE,HOU,29.94,4.77,22,39,,dalton-schultz.php,,,29.2,,,,,,8.0,Dalton Schultz,2026-08-07,HOU
/nfl/rankings/dynasty-te.php,dynasty-te,dp,Pat Freiermuth,20163,TE,PIT,33.29,3.97,24,41,,pat-freiermuth.php,,,16.7,,,,,,9.0,Pat Freiermuth,2026-08-07,PIT
/nfl/rankings/dynasty-te.php,dynasty-te,dp,David Njoku,16399,TE,LAC,34.53,3.4,30,41,,david-njoku.php,,,24.8,,,,,,7.0,David Njoku,2026-08-07,LAC
/nfl/rankings/dynasty-te.php,dynasty-te,dp,Greg Dulcich,23153,TE,MIA,29.75,4.32,23,37,,greg-dulcich.php,,,21.0,,,,,,6.0,Greg Dulcich,2026-08-07,MIA
/nfl/rankings/dynasty-te.php,dynasty-te,dp,Elijah Arroyo,23004,TE,SEA,34.77,5.39,29,45,,elijah-arroyo.php,,,4.9,,,,,,11.0,Elijah Arroyo,2026-08-07,SEA
/nfl/rankings/dynasty-te.php,dynasty-te,dp,Michael Mayer,23056,TE,LV,38.67,4.9,33,51,,michael-mayer.php,,,11.5,,,,,,13.0,Michael Mayer,2026-08-07,LVR
/nfl/rankings/dynasty-te.php,dynasty-te,dp,Theo Johnson,23104,TE,NYG,39.67,4.42,32,48,,theo-johnson.php,,,11.5,,,,,,8.0,Theo Johnson,2026-08-07,NYG
/nfl/rankings/dynasty-te.php,dynasty-te,dp,Evan Engram,16411,TE,DEN,42.75,3.56,34,47,,evan-engram.php,,,13.1,,,,,,10.0,Evan Engram,2026-08-07,DEN
/nfl/rankings/dynasty-te.php,dynasty-te,dp,Justin Joly,28079,TE,DEN,38.82,6.85,30,52,,justin-joly.php,,,11.0,,,,,,10.0,Justin Joly,2026-08-07,DEN
/nfl/rankings/dynasty-te.php,dynasty-te,dp,Cole Kmet,19229,TE,CHI,44.55,4.96,39,55,,cole-kmet.php,,,7.3,,,,,,10.0,Cole Kmet,2026-08-07,CHI
/nfl/rankings/dynasty-te.php,dynasty-te,dp,Mike Gesicki,17272,TE,CIN,45.82,6.07,37,60,,mike-gesicki.php,,,10.5,,,,,,6.0,Mike Gesicki,2026-08-07,CIN
/nfl/rankings/dynasty-te.php,dynasty-te,dp,Ben Sinnott,26310,TE,WAS,45.82,7.25,38,65,,ben-sinnott.php,,,1.7,,,,,,7.0,Ben Sinnott,2026-08-07,WAS
/nfl/rankings/dynasty-te.php,dynasty-te,dp,Ja'Tavion Sanders,24334,TE,CAR,46.09,3.55,40,54,,jatavion-sanders.php,,,3.4,,,,,,5.0,JaTavion Sanders,2026-08-07,CAR
/nfl/rankings/dynasty-te.php,dynasty-te,dp,Darnell Washington,22967,TE,PIT,42.2,5.88,31,49,,darnell-washington.php,,,12.6,,,,,,9.0,Darnell Washington,2026-08-07,PIT
/nfl/rankings/dynasty-te.php,dynasty-te,dp,Jake Tonges,24778,TE,SF,45.3,6.8,34,61,,jake-tonges.php,,,14.5,,,,,,8.0,Jake Tonges,2026-08-07,SFO
/nfl/rankings/dynasty-te.php,dynasty-te,dp,Colby Parkinson,19372,TE,LAR,41.33,5.77,32,53,,colby-parkinson.php,,,20.1,,,,,,11.0,Colby Parkinson,2026-08-07,LAR
/nfl/rankings/dynasty-te.php,dynasty-te,dp,Sam Roush,28161,TE,CHI,46.89,5.22,39,56,,sam-roush.php,,,1.5,,,,,,10.0,Sam Roush,2026-08-07,CHI
/nfl/rankings/dynasty-te.php,dynasty-te,dp,Tanner Koziol,27499,TE,JAC,48.33,4.35,42,58,,tanner-koziol.php,,,1.9,,,,,,7.0,Tanner Koziol,2026-08-07,JAC
/nfl/rankings/dynasty-te.php,dynasty-te,dp,Marlin Klein,28157,TE,HOU,49.63,2.34,46,53,,marlin-klein.php,,,1.2,,,,,,8.0,Marlin Klein,2026-08-07,HOU
/nfl/rankings/dynasty-te.php,dynasty-te,dp,Tyler Higbee,15623,TE,LAR,57.25,6.08,48,66,,tyler-higbee.php,,,3.1,,,,,,11.0,Tyler Higbee,2026-08-07,LAR
/nfl/rankings/dynasty-te.php,dynasty-te,dp,Matt Hibner,28168,TE,BAL,51.29,9.28,36,70,,matthew-hibner.php,,,2.6,,,,,7.0,13.0,Matt Hibner,2026-08-07,BAL
/nfl/rankings/dynasty-te.php,dynasty-te,dp,Mitchell Evans,27138,TE,CAR,61.0,13.25,41,80,,mitchell-evans.php,,,0.7,,,,,,5.0,Mitchell Evans,2026-08-07,CAR
/nfl/rankings/dynasty-te.php,dynasty-te,dp,Jack Endries,27501,TE,CIN,55.0,5.26,46,63,,jack-endries.php,,,5.8,,,,,,6.0,Jack Endries,2026-08-07,CIN
/nfl/rankings/dynasty-te.php,dynasty-te,dp,Noah Gray,19539,TE,KC,58.0,5.35,53,69,,noah-gray.php,,,4.0,,,,,,5.0,Noah Gray,2026-08-07,KCC
/nfl/rankings/dynasty-te.php,dynasty-te,dp,Michael Trigg,23167,TE,DAL,59.71,8.12,51,73,,michael-trigg.php,,,8.9,,,,,,14.0,Michael Trigg,2026-08-07,DAL
/nfl/rankings/dynasty-te.php,dynasty-te,dp,Dawson Knox,18631,TE,BUF,55.0,4.12,48,61,,dawson-knox.php,,,7.4,,,,,,7.0,Dawson Knox,2026-08-07,BUF
/nfl/rankings/dynasty-te.php,dynasty-te,dp,Erick All Jr.,23837,TE,CIN,58.83,8.11,49,75,,erick-all.php,,,1.3,,,,,,6.0,Erick All,2026-08-07,CIN
/nfl/rankings/dynasty-te.php,dynasty-te,dp,Noah Fant,17527,TE,NO,61.0,8.76,48,74,,noah-fant.php,,,2.2,,,,,,8.0,Noah Fant,2026-08-07,NOS
/nfl/rankings/dynasty-te.php,dynasty-te,dp,Charlie Kolar,22756,TE,LAC,62.67,16.23,42,91,,charlie-kolar.php,,,2.0,,,,,,7.0,Charlie Kolar,2026-08-07,LAC
/nfl/rankings/dynasty-te.php,dynasty-te,dp,Luke Musgrave,25282,TE,GB,58.8,3.87,52,63,,luke-musgrave.php,,,7.0,,,,,,11.0,Luke Musgrave,2026-08-07,GBP
/nfl/rankings/dynasty-te.php,dynasty-te,dp,Joe Royer,27312,TE,CLE,60.6,3.61,55,65,,joe-royer.php,,,1.6,,,,,,11.0,Joe Royer,2026-08-07,CLE
/nfl/rankings/dynasty-te.php,dynasty-te,dp,Cade Stover,25269,TE,HOU,72.67,4.92,68,83,,cade-stover.php,,,0.6,,,,,,8.0,Cade Stover,2026-08-07,HOU
/nfl/rankings/dynasty-te.php,dynasty-te,dp,Nate Boerkircher,28427,TE,JAC,62.8,5.23,55,70,,nate-boerkircher.php,,,0.9,,,,,,7.0,Nate Boerkircher,2026-08-07,JAC
/nfl/rankings/dynasty-te.php,dynasty-te,dp,Elijah Higgins,23119,TE,ARI,63.0,7.27,53,72,,elijah-higgins.php,,,0.9,,,,,,14.0,Elijah Higgins,2026-08-07,ARI
/nfl/rankings/dynasty-te.php,dynasty-te,dp,Dallen Bentley,28352,TE,DEN,66.8,4.66,59,72,,dallen-bentley.php,,,1.1,,,,,,10.0,Dallen Bentley,2026-08-07,DEN
/nfl/rankings/dynasty-te.php,dynasty-te,dp,Darren Waller,14104,TE,FA,67.6,10.82,48,78,,darren-waller.php,,,1.8,,,,,,,Darren Waller,2026-08-07,FA
/nfl/rankings/dynasty-te.php,dynasty-te,dp,Zach Ertz,11689,TE,FA,67.6,12.72,54,86,,zach-ertz.php,,,1.3,,,,,,,Zach Ertz,2026-08-07,FA
/nfl/rankings/dynasty-te.php,dynasty-te,dp,Will Kacmarek,28403,TE,MIA,68.6,2.06,66,71,,will-kacmarek.php,,,5.4,,,,,,6.0,Will Kacmarek,2026-08-07,MIA
/nfl/rankings/dynasty-te.php,dynasty-te,dp,Tyler Conklin,17598,TE,DET,70.2,14.41,45,82,,tyler-conklin.php,,,0.6,,,,,,6.0,Tyler Conklin,2026-08-07,DET
/nfl/rankings/dynasty-te.php,dynasty-te,dp,Dae'Quan Wright,28159,TE,PHI,72.0,7.13,64,81,,daequan-wright.php,,,0.0,,,,,,10.0,DaeQuan Wright,2026-08-07,PHI
/nfl/rankings/dynasty-te.php,dynasty-te,dp,Jonnu Smith,16460,TE,FA,61.0,7.78,52,73,,jonnu-smith.php,,,3.8,,,,,-9.0,,Jonnu Smith,2026-08-07,FA
/nfl/rankings/dynasty-te.php,dynasty-te,dp,Thomas Fidone II,23039,TE,NYG,74.6,9.73,66,87,,thomas-fidone.php,,,1.0,,,,,13.0,8.0,Thomas Fidone,2026-08-07,NYG
/nfl/rankings/dynasty-te.php,dynasty-te,dp,Tommy Tremble,22795,TE,CAR,75.2,6.73,64,82,,tommy-tremble.php,,,0.8,,,,,,5.0,Tommy Tremble,2026-08-07,CAR
/nfl/rankings/dynasty-te.php,dynasty-te,dp,Josh Cuevas,28155,TE,BAL,65.75,5.76,59,74,,josh-cuevas.php,,,0.6,,,,,,13.0,Josh Cuevas,2026-08-07,BAL
/nfl/rankings/dynasty-te.php,dynasty-te,dp,Luke Schoonmaker,25267,TE,DAL,79.4,11.83,57,91,,luke-schoonmaker.php,,,0.9,,,,,,14.0,Luke Schoonmaker,2026-08-07,DAL
/nfl/rankings/dynasty-te.php,dynasty-te,dp,Daniel Bellinger,24238,TE,TEN,79.8,10.7,68,100,,daniel-bellinger.php,,,3.2,,,,,,9.0,Daniel Bellinger,2026-08-07,TEN
/nfl/rankings/dynasty-te.php,dynasty-te,dp,John Michael Gyllenborg,28158,TE,KC,81.2,8.23,69,90,,john-michael-gyllenborg.php,,,1.8,,,,,,5.0,John Michael Gyllenborg,2026-08-07,KCC
/nfl/rankings/dynasty-te.php,dynasty-te,dp,Austin Hooper,15581,TE,ATL,81.2,8.01,70,93,,austin-hooper.php,,,1.4,,,,,,11.0,Austin Hooper,2026-08-07,ATL
/nfl/rankings/dynasty-te.php,dynasty-te,dp,Josh Oliver,18487,TE,MIN,82.8,7.44,72,92,,josh-oliver.php,,,0.7,,,,,,6.0,Josh Oliver,2026-08-07,MIN
/nfl/rankings/dynasty-te.php,dynasty-te,dp,Jaren Kanak,28160,TE,TEN,73.5,9.23,60,86,,jaren-kanak.php,,,0.0,,,,,,9.0,Jaren Kanak,2026-08-07,TEN
/nfl/rankings/dynasty-te.php,dynasty-te,dp,Jeremy Ruckert,23742,TE,NYJ,85.6,5.75,76,92,,jeremy-ruckert.php,,,0.6,,,,,-12.0,13.0,Jeremy Ruckert,2026-08-07,NYJ
/nfl/rankings/dynasty-te.php,dynasty-te,dp,Foster Moreau,18397,TE,HOU,85.8,4.21,78,90,,foster-moreau.php,,,0.7,,,,,,8.0,Foster Moreau,2026-08-07,HOU
/nfl/rankings/dynasty-te.php,dynasty-te,dp,Jared Wiley,26343,TE,KC,76.5,11.5,61,89,,jared-wiley.php,,,1.0,,,,,,5.0,Jared Wiley,2026-08-07,KCC
/nfl/rankings/dynasty-te.php,dynasty-te,dp,Taysom Hill,17115,TE,FA,76.5,5.41,68,83,,taysom-hill.php,,,0.7,,,,,-14.0,,Taysom Hill,2026-08-07,FA
/nfl/rankings/dynasty-te.php,dynasty-te,dp,Riley Nowakowski,28437,TE,PIT,61.0,8.04,53,72,,riley-nowakowski.php,,,0.7,,,,,,9.0,Riley Nowakowski,2026-08-07,PIT
/nfl/rankings/dynasty-te.php,dynasty-te,dp,Carsen Ryan,28399,TE,CLE,63.33,7.13,56,73,,carsen-ryan.php,,,1.1,,,,,,11.0,Carsen Ryan,2026-08-07,CLE
/nfl/rankings/dynasty-te.php,dynasty-te,dp,Grant Calcaterra,24180,TE,PHI,81.5,9.07,67,92,,grant-calcaterra.php,,,0.7,,,,,,10.0,Grant Calcaterra,2026-08-07,PHI
/nfl/rankings/dynasty-te.php,dynasty-te,dp,Stone Smartt,24621,TE,PHI,90.6,7.86,79,100,,stone-smartt.php,,,1.0,,,,,,10.0,Stone Smartt,2026-08-07,PHI
/nfl/rankings/dynasty-te.php,dynasty-te,dp,Adam Trautman,19423,TE,DEN,77.0,12.68,62,93,,adam-trautman.php,,,0.6,,,,,,10.0,Adam Trautman,2026-08-07,DEN
/nfl/rankings/dynasty-te.php,dynasty-te,dp,Davis Allen,23761,TE,LAR,90.25,8.76,77,101,,davis-allen.php,,,0.6,,,,,,11.0,Davis Allen,2026-08-07,LAR
/nfl/rankings/dynasty-te.php,dynasty-te,dp,Jake Briningstool,22924,TE,KC,91.0,10.05,80,106,,jake-briningstool.php,,,0.0,,,,,,5.0,Jake Briningstool,2026-08-07,KCC
/nfl/rankings/dynasty-te.php,dynasty-te,dp,RJ Maryland,27341,TE,GB,81.0,4.24,75,84,,rj-maryland.php,,,0.0,,,,,,11.0,RJ Maryland,2026-08-07,GBP
/nfl/rankings/dynasty-te.php,dynasty-te,dp,Seydou Traore,28163,TE,MIA,64.5,14.5,50,79,,seydou-traore.php,,,0.0,,,,,,6.0,Seydou Traore,2026-08-07,MIA
/nfl/rankings/dynasty-te.php,dynasty-te,dp,Kylen Granson,22841,TE,TEN,88.33,8.96,82,101,,kylen-granson.php,,,1.2,,,,,,9.0,Kylen Granson,2026-08-07,TEN
/nfl/rankings/dynasty-te.php,dynasty-te,dp,Will Dissly,18049,TE,FA,89.0,9.2,76,96,,will-dissly.php,,,1.0,,,,,,,Will Dissly,2026-08-07,FA
/nfl/rankings/dynasty-te.php,dynasty-te,dp,Brevin Jordan,20162,TE,HOU,89.0,0.82,88,90,,brevin-jordan.php,,,1.0,,,,,,8.0,Brevin Jordan,2026-08-07,HOU
/nfl/rankings/dynasty-te.php,dynasty-te,dp,Jalin Conyers,22901,TE,FA,91.33,23.63,58,110,,jalin-conyers.php,,,1.2,,,,,13.0,,Jalin Conyers,2026-08-07,FA
/nfl/rankings/dynasty-te.php,dynasty-te,dp,Jackson Hawes,27469,TE,BUF,91.67,12.23,75,104,,jackson-hawes.php,,,0.6,,,,,,7.0,Jackson Hawes,2026-08-07,BUF
/nfl/rankings/dynasty-te.php,dynasty-te,dp,Harrison Bryant,19389,TE,FA,92.33,13.12,74,104,,harrison-bryant.php,,,0.0,,,,,,,Harrison Bryant,2026-08-07,FA
/nfl/rankings/dynasty-te.php,dynasty-te,dp,Tanner Hudson,17826,TE,CIN,92.33,6.8,83,99,,tanner-hudson.php,,,1.2,,,,,,6.0,Tanner Hudson,2026-08-07,CIN
/nfl/rankings/dynasty-te.php,dynasty-te,dp,Jelani Woods,23829,TE,NYJ,92.67,13.2,74,102,,jelani-woods.php,,,3.9,,,,,,13.0,Jelani Woods,2026-08-07,NYJ
/nfl/rankings/dynasty-te.php,dynasty-te,dp,Jaheim Bell,24747,TE,PIT,93.0,8.49,87,105,,jaheim-bell.php,,,1.0,,,,,,9.0,Jaheim Bell,2026-08-07,PIT
/nfl/rankings/dynasty-te.php,dynasty-te,dp,Brock Wright,23341,TE,DET,95.0,12.33,81,111,,brock-wright.php,,,0.7,,,,,,6.0,Brock Wright,2026-08-07,DET
/nfl/rankings/dynasty-te.php,dynasty-te,dp,Hunter Long,22783,TE,JAC,86.5,10.5,76,97,,hunter-long.php,,,1.0,,,,,-10.0,7.0,Hunter Long,2026-08-07,JAC
/nfl/rankings/dynasty-te.php,dynasty-te,dp,Luke Lachey,22977,TE,GB,90.5,17.5,73,108,,luke-lachey.php,,,1.0,,,,,,11.0,Luke Lachey,2026-08-07,GBP
/nfl/rankings/dynasty-te.php,dynasty-te,dp,Tip Reiman,26432,TE,ARI,102.33,4.78,98,109,,tip-reiman.php,,,0.1,,,,,,14.0,Tip Reiman,2026-08-07,ARI
/nfl/rankings/dynasty-te.php,dynasty-te,dp,Will Mallory,23821,TE,IND,103.33,10.53,89,114,,will-mallory.php,,,1.0,,,,,,13.0,Will Mallory,2026-08-07,IND
/nfl/rankings/dynasty-te.php,dynasty-te,dp,Gavin Bartholomew,26002,TE,MIN,95.0,16.0,79,111,,gavin-bartholomew.php,,,0.0,,,,,,6.0,Gavin Bartholomew,2026-08-07,MIN
/nfl/rankings/dynasty-te.php,dynasty-te,dp,Luke Farrell,19501,TE,SF,102.5,10.5,92,113,,luke-farrell.php,,,0.6,,,,,,8.0,Luke Farrell,2026-08-07,SFO
/nfl/rankings/dynasty-te.php,dynasty-te,dp,Josh Whyle,22923,TE,GB,103.0,9.0,94,112,,josh-whyle.php,,,0.6,,,,,,11.0,Josh Whyle,2026-08-07,GBP
/nfl/rankings/dynasty-te.php,dynasty-te,dp,Brevyn Spann-Ford,26003,TE,DAL,110.67,10.08,97,121,,brevyn-spann-ford.php,,,0.1,,,,,,14.0,Brevyn Spann-Ford,2026-08-07,DAL
/nfl/rankings/dynasty-te.php,dynasty-te,dp,Julian Hill,25824,TE,NE,105.5,7.5,98,113,,julian-hill.php,,,0.6,,,,,,11.0,Julian Hill,2026-08-07,NEP
/nfl/rankings/dynasty-te.php,dynasty-te,dp,Devin Culp,26440,TE,TB,107.0,12.0,95,119,,devin-culp.php,,,1.2,,,,,,10.0,Devin Culp,2026-08-07,TBB
/nfl/rankings/dynasty-te.php,dynasty-te,dp,John Bates,22833,TE,WAS,107.5,4.5,103,112,,john-bates.php,,,0.7,,,,,-16.0,7.0,John Bates,2026-08-07,WAS
/nfl/rankings/dynasty-te.php,dynasty-te,dp,Gerald Everett,16459,TE,FA,108.0,12.0,96,120,,gerald-everett.php,,,1.4,,,,,,,Gerald Everett,2026-08-07,FA
/nfl/rankings/dynasty-te.php,dynasty-te,dp,Lucas Krull,24240,TE,DEN,108.5,15.5,93,124,,lucas-krull.php,,,1.8,,,,,,10.0,Lucas Krull,2026-08-07,DEN
/nfl/rankings/dynasty-te.php,dynasty-te,dp,Moliki Matavao,23093,TE,NO,109.0,12.0,97,121,,moliki-matavao.php,,,1.0,,,,,,8.0,Moliki Matavao,2026-08-07,NOS
/nfl/rankings/dynasty-te.php,dynasty-te,dp,Irv Smith Jr.,18610,TE,FA,109.5,15.5,94,125,,irv-smith-jr.php,,,0.0,,,,,,,Irv Smith,2026-08-07,FA
/nfl/rankings/dynasty-te.php,dynasty-te,dp,Drew Ogletree,24561,TE,IND,111.5,6.5,105,118,,andrew-ogletree.php,,,1.0,,,,,,13.0,Andrew Ogletree,2026-08-07,IND
/nfl/rankings/dynasty-te.php,dynasty-te,dp,Johnny Mundt,16743,TE,PHI,112.0,4.0,108,116,,johnny-mundt.php,,,0.1,,,,,,10.0,Johnny Mundt,2026-08-07,PHI
/nfl/rankings/dynasty-te.php,dynasty-te,dp,Payne Durham,25346,TE,TB,113.0,10.0,103,123,,payne-durham.php,,,0.6,,,,,,10.0,Payne Durham,2026-08-07,TBB
/nfl/rankings/dynasty-te.php,dynasty-te,dp,Donald Parham Jr.,18835,TE,FA,117.67,11.81,101,127,,donald-parham.php,,,1.0,,,,,,,Donald Parham,2026-08-07,FA
/nfl/rankings/dynasty-te.php,dynasty-te,dp,Drew Sample,18561,TE,CIN,115.5,0.5,115,116,,drew-sample.php,,,0.6,,,,,,6.0,Drew Sample,2026-08-07,CIN
/nfl/rankings/dynasty-te.php,dynasty-te,dp,Mo Alie-Cox,16579,TE,IND,117.5,0.5,117,118,,mo-alie-cox.php,,,0.6,,,,,,13.0,Mo Alie-Cox,2026-08-07,IND
/nfl/rankings/dynasty-te.php,dynasty-te,dp,Eric Saubert,16706,TE,SEA,119.0,10.0,109,129,,eric-saubert.php,,,0.9,,,,,,11.0,Eric Saubert,2026-08-07,SEA
/nfl/rankings/dynasty-te.php,dynasty-te,dp,Jack Stoll,23193,TE,CLE,120.5,5.5,115,126,,jack-stoll.php,,,0.0,,,,,,11.0,Jack Stoll,2026-08-07,CLE
/nfl/rankings/dynasty-te.php,dynasty-te,dp,Durham Smythe,17508,TE,BAL,122.5,5.5,117,128,,durham-smythe.php,,,0.6,,,,,,13.0,Durham Smythe,2026-08-07,BAL
/nfl/rankings/dynasty-te.php,dynasty-te,dp,James Mitchell,23174,TE,CAR,124.5,5.5,119,130,,james-mitchell.php,,,0.0,,,,,,5.0,James Mitchell,2026-08-07,CAR
/nfl/rankings/dynasty-te.php,dynasty-te,dp,Connor Heyward,24562,TE,LV,125.5,5.5,120,131,,connor-heyward.php,,,0.1,,,,,,13.0,Connor Heyward,2026-08-07,LVR
/nfl/rankings/dynasty-te.php,dynasty-te,dp,Shane Zylstra,23461,TE,BUF,127.0,5.0,122,132,,shane-zylstra.php,,,1.1,,,,,,7.0,Shane Zylstra,2026-08-07,BUF
/nfl/rankings/dynasty-te.php,dynasty-te,dp,Ian Thomas,17387,TE,LV,128.0,5.0,123,133,,ian-thomas.php,,,0.0,,,,,,13.0,Ian Thomas,2026-08-07,LVR
/nfl/rankings/dynasty-te.php,dynasty-te,dp,Teagan Quitoriano,24182,TE,ARI,129.0,5.0,124,134,,teagan-quitoriano.php,,,0.0,,,,,,14.0,Teagan Quitoriano,2026-08-07,ARI
/nfl/rankings/dynasty-wr.php,dynasty-wr,dp,Ja'Marr Chase,19788,WR,CIN,1.05,0.22,1,2,,jamarr-chase.php,,,99.3,,,,,,6.0,JaMarr Chase,2026-08-07,CIN
/nfl/rankings/dynasty-wr.php,dynasty-wr,dp,Jaxon Smith-Njigba,23070,WR,SEA,2.4,0.58,2,4,,jaxon-smith-njigba.php,,,99.6,,,,,,11.0,Jaxon Smith-Njigba,2026-08-07,SEA
/nfl/rankings/dynasty-wr.php,dynasty-wr,dp,Puka Nacua,23180,WR,LAR,2.9,0.7,2,5,,puka-nacua.php,,,99.5,,,,,,11.0,Puka Nacua,2026-08-07,LAR
/nfl/rankings/dynasty-wr.php,dynasty-wr,dp,Amon-Ra St. Brown,19799,WR,DET,4.8,1.17,3,7,,amonra-stbrown.php,,,99.3,,,,,,6.0,Amon-Ra St Brown,2026-08-07,DET
/nfl/rankings/dynasty-wr.php,dynasty-wr,dp,Justin Jefferson,19236,WR,MIN,5.0,1.1,3,7,,justin-jefferson.php,,,99.3,,,,,,6.0,Justin Jefferson,2026-08-07,MIN
/nfl/rankings/dynasty-wr.php,dynasty-wr,dp,Malik Nabers,25409,WR,NYG,6.45,1.91,4,11,,malik-nabers.php,,,98.1,,,,,,8.0,Malik Nabers,2026-08-07,NYG
/nfl/rankings/dynasty-wr.php,dynasty-wr,dp,CeeDee Lamb,19202,WR,DAL,6.6,1.32,5,10,,ceedee-lamb.php,,,99.4,,,,,,14.0,CeeDee Lamb,2026-08-07,DAL
/nfl/rankings/dynasty-wr.php,dynasty-wr,dp,Drake London,23163,WR,ATL,7.35,0.79,6,8,,drake-london.php,,,99.2,,,,,,11.0,Drake London,2026-08-07,ATL
/nfl/rankings/dynasty-wr.php,dynasty-wr,dp,Tetairoa McMillan,25417,WR,CAR,10.1,1.87,9,17,,tetairoa-mcmillan.php,,,97.8,,,,,,5.0,Tetairoa McMillan,2026-08-07,CAR
/nfl/rankings/dynasty-wr.php,dynasty-wr,dp,Nico Collins,20130,WR,HOU,11.1,1.95,8,15,,nico-collins.php,,,99.2,,,,,,8.0,Nico Collins,2026-08-07,HOU
/nfl/rankings/dynasty-wr.php,dynasty-wr,dp,Emeka Egbuka,23062,WR,TB,11.9,2.81,8,22,,emeka-egbuka.php,,,96.5,,,,,,10.0,Emeka Egbuka,2026-08-07,TBB
/nfl/rankings/dynasty-wr.php,dynasty-wr,dp,George Pickens,22963,WR,DAL,11.95,2.62,9,20,,george-pickens.php,,,99.2,,,,,,14.0,George Pickens,2026-08-07,DAL
/nfl/rankings/dynasty-wr.php,dynasty-wr,dp,Chris Olave,20111,WR,NO,14.45,2.06,12,19,,chris-olave.php,,,98.1,,,,,,8.0,Chris Olave,2026-08-07,NOS
/nfl/rankings/dynasty-wr.php,dynasty-wr,dp,Carnell Tate,26009,WR,TEN,14.8,2.99,11,21,,carnell-tate.php,,,92.9,,,,,,9.0,Carnell Tate,2026-08-07,TEN
/nfl/rankings/dynasty-wr.php,dynasty-wr,dp,Garrett Wilson,23072,WR,NYJ,16.5,3.06,11,21,,garrett-wilson.php,,,97.3,,,,,,13.0,Garrett Wilson,2026-08-07,NYJ
/nfl/rankings/dynasty-wr.php,dynasty-wr,dp,Ladd McConkey,26122,WR,LAC,17.3,3.21,12,24,,ladd-mcconkey.php,,,95.7,,,,,,7.0,Ladd McConkey,2026-08-07,LAC
/nfl/rankings/dynasty-wr.php,dynasty-wr,dp,Luther Burden III,27016,WR,CHI,18.15,2.87,12,24,,luther-burden-iii.php,,,93.4,,,,,,10.0,Luther Burden,2026-08-07,CHI
/nfl/rankings/dynasty-wr.php,dynasty-wr,dp,DeVonta Smith,19222,WR,PHI,18.35,3.0,14,24,,devonta-smith.php,,,97.8,,,,,,10.0,DeVonta Smith,2026-08-07,PHI
/nfl/rankings/dynasty-wr.php,dynasty-wr,dp,Zay Flowers,22916,WR,BAL,18.45,3.25,14,25,,zay-flowers.php,,,97.1,,,,,,13.0,Zay Flowers,2026-08-07,BAL
/nfl/rankings/dynasty-wr.php,dynasty-wr,dp,A.J. Brown,18218,WR,NE,19.25,3.7,12,26,,aj-brown.php,,,99.2,,,,,,11.0,AJ Brown,2026-08-07,NEP
/nfl/rankings/dynasty-wr.php,dynasty-wr,dp,Jordyn Tyson,26035,WR,NO,20.4,3.47,14,29,,jordyn-tyson.php,,,88.6,,,,,,8.0,Jordyn Tyson,2026-08-07,NOS
/nfl/rankings/dynasty-wr.php,dynasty-wr,dp,Makai Lemon,25420,WR,PHI,22.8,3.26,16,33,,makai-lemon.php,,,87.4,,,,,,10.0,Makai Lemon,2026-08-07,PHI
/nfl/rankings/dynasty-wr.php,dynasty-wr,dp,Jaylen Waddle,19790,WR,DEN,23.15,2.5,19,27,,jaylen-waddle.php,,,95.7,,,,,,10.0,Jaylen Waddle,2026-08-07,DEN
/nfl/rankings/dynasty-wr.php,dynasty-wr,dp,Rashee Rice,23113,WR,KC,23.25,5.87,13,36,,rashee-rice.php,,,98.1,,,,,,5.0,Rashee Rice,2026-08-07,KCC
/nfl/rankings/dynasty-wr.php,dynasty-wr,dp,Tee Higgins,19211,WR,CIN,23.35,3.1,16,29,,tee-higgins.php,,,97.4,,,,,,6.0,Tee Higgins,2026-08-07,CIN
/nfl/rankings/dynasty-wr.php,dynasty-wr,dp,Rome Odunze,25411,WR,CHI,24.65,3.61,17,31,,rome-odunze.php,,,91.8,,,,,,10.0,Rome Odunze,2026-08-07,CHI
/nfl/rankings/dynasty-wr.php,dynasty-wr,dp,Marvin Harrison Jr.,23064,WR,ARI,27.0,2.41,22,32,,marvin-harrison-jr.php,,,88.6,,,,,,14.0,Marvin Harrison,2026-08-07,ARI
/nfl/rankings/dynasty-wr.php,dynasty-wr,dp,Jameson Williams,23677,WR,DET,27.3,2.83,21,34,,jameson-williams.php,,,94.7,,,,,,6.0,Jameson Williams,2026-08-07,DET
/nfl/rankings/dynasty-wr.php,dynasty-wr,dp,Brian Thomas Jr.,23000,WR,JAC,29.4,2.94,23,34,,brian-thomas-jr.php,,,87.8,,,,,,7.0,Brian Thomas,2026-08-07,JAC
/nfl/rankings/dynasty-wr.php,dynasty-wr,dp,Christian Watson,23886,WR,GB,30.25,4.29,24,41,,christian-watson.php,,,91.1,,,,,,11.0,Christian Watson,2026-08-07,GBP
/nfl/rankings/dynasty-wr.php,dynasty-wr,dp,KC Concepcion,27331,WR,CLE,32.05,4.31,23,43,,kevin-concepcion.php,,,66.0,,,,,,11.0,KC Concepcion,2026-08-07,CLE
/nfl/rankings/dynasty-wr.php,dynasty-wr,dp,Terry McLaurin,18466,WR,WAS,33.4,2.46,28,37,,terry-mclaurin.php,,,95.1,,,,,,7.0,Terry McLaurin,2026-08-07,WAS
/nfl/rankings/dynasty-wr.php,dynasty-wr,dp,DJ Moore,17265,WR,BUF,33.8,2.84,27,40,,dj-moore-wr.php,,,92.8,,,,,,7.0,DJ Moore,2026-08-07,BUF
/nfl/rankings/dynasty-wr.php,dynasty-wr,dp,Alec Pierce,23791,WR,IND,34.0,4.34,27,44,,alec-pierce.php,,,89.5,,,,,,13.0,Alec Pierce,2026-08-07,IND
/nfl/rankings/dynasty-wr.php,dynasty-wr,dp,Jordan Addison,23107,WR,MIN,36.0,3.77,31,44,,jordan-addison.php,,,83.4,,,,,,6.0,Jordan Addison,2026-08-07,MIN
/nfl/rankings/dynasty-wr.php,dynasty-wr,dp,Parker Washington,23106,WR,JAC,37.65,6.27,30,53,,parker-washington.php,,,88.0,,,,,,7.0,Parker Washington,2026-08-07,JAC
/nfl/rankings/dynasty-wr.php,dynasty-wr,dp,DK Metcalf,18219,WR,PIT,38.5,2.82,33,44,,dk-metcalf.php,,,91.8,,,,,,9.0,DK Metcalf,2026-08-07,PIT
/nfl/rankings/dynasty-wr.php,dynasty-wr,dp,Omar Cooper Jr.,28127,WR,NYJ,39.6,6.37,30,53,,omar-cooper-jr.php,,,39.1,,,,,,13.0,Omar Cooper,2026-08-07,NYJ
/nfl/rankings/dynasty-wr.php,dynasty-wr,dp,Michael Wilson,25333,WR,ARI,40.3,4.12,31,49,,michael-wilson.php,,,84.8,,,,,,14.0,Michael Wilson,2026-08-07,ARI
/nfl/rankings/dynasty-wr.php,dynasty-wr,dp,Wan'Dale Robinson,22985,WR,TEN,41.6,4.32,35,54,,wandale-robinson.php,,,75.9,,,,,,9.0,WanDale Robinson,2026-08-07,TEN
/nfl/rankings/dynasty-wr.php,dynasty-wr,dp,Josh Downs,24706,WR,IND,43.3,4.75,36,57,,josh-downs.php,,,81.4,,,,,,13.0,Josh Downs,2026-08-07,IND
/nfl/rankings/dynasty-wr.php,dynasty-wr,dp,Jayden Higgins,27077,WR,HOU,43.8,5.17,36,55,,jayden-higgins.php,,,47.4,,,,,,8.0,Jayden Higgins,2026-08-07,HOU
/nfl/rankings/dynasty-wr.php,dynasty-wr,dp,Davante Adams,12123,WR,LAR,44.65,5.66,34,53,,davante-adams.php,,,97.3,,,,,,11.0,Davante Adams,2026-08-07,LAR
/nfl/rankings/dynasty-wr.php,dynasty-wr,dp,Denzel Boston,27339,WR,CLE,44.8,6.77,29,58,,denzel-boston.php,,,36.1,,,,,,11.0,Denzel Boston,2026-08-07,CLE
/nfl/rankings/dynasty-wr.php,dynasty-wr,dp,Mike Evans,12119,WR,SF,45.6,3.44,38,51,,mike-evans.php,,,92.6,,,,,,8.0,Mike Evans,2026-08-07,SFO
/nfl/rankings/dynasty-wr.php,dynasty-wr,dp,Michael Pittman Jr.,19278,WR,PIT,45.95,4.27,38,54,,michael-pittman.php,,,87.0,,,,,,9.0,Michael Pittman,2026-08-07,PIT
/nfl/rankings/dynasty-wr.php,dynasty-wr,dp,Courtland Sutton,17253,WR,DEN,46.05,4.15,37,56,,courtland-sutton.php,,,88.0,,,,,,10.0,Courtland Sutton,2026-08-07,DEN
/nfl/rankings/dynasty-wr.php,dynasty-wr,dp,Xavier Worthy,23019,WR,KC,48.4,6.64,32,65,,xavier-worthy.php,,,71.8,,,,,,5.0,Xavier Worthy,2026-08-07,KCC
/nfl/rankings/dynasty-wr.php,dynasty-wr,dp,Quentin Johnston,23123,WR,LAC,48.5,5.54,36,56,,quentin-johnston.php,,,81.9,,,,,,7.0,Quentin Johnston,2026-08-07,LAC
/nfl/rankings/dynasty-wr.php,dynasty-wr,dp,Jayden Reed,23020,WR,GB,49.35,5.09,38,59,,jayden-reed.php,,,76.0,,,,,,11.0,Jayden Reed,2026-08-07,GBP
/nfl/rankings/dynasty-wr.php,dynasty-wr,dp,Ricky Pearsall,26214,WR,SF,49.85,10.21,34,74,,ricky-pearsall.php,,,54.0,,,,,-9.0,8.0,Ricky Pearsall,2026-08-07,SFO
/nfl/rankings/dynasty-wr.php,dynasty-wr,dp,Matthew Golden,26024,WR,GB,50.15,5.46,37,59,,matthew-golden.php,,,67.1,,,,,,11.0,Matthew Golden,2026-08-07,GBP
/nfl/rankings/dynasty-wr.php,dynasty-wr,dp,Jakobi Meyers,18598,WR,JAC,51.0,5.14,43,59,,jakobi-meyers.php,,,81.3,,,,,,7.0,Jakobi Meyers,2026-08-07,JAC
/nfl/rankings/dynasty-wr.php,dynasty-wr,dp,Chris Godwin Jr.,16406,WR,TB,52.2,4.52,39,59,,chris-godwin.php,,,85.2,,,,,,10.0,Chris Godwin,2026-08-07,TBB
/nfl/rankings/dynasty-wr.php,dynasty-wr,dp,Antonio Williams,25418,WR,WAS,56.35,4.48,49,66,,antonio-williams-wr.php,,,28.4,,,,,,7.0,Antonio Williams,2026-08-07,WAS
/nfl/rankings/dynasty-wr.php,dynasty-wr,dp,Travis Hunter,26034,WR,JAC,56.8,7.0,41,68,,travis-hunter.php,,,66.7,,,,,,7.0,Travis Hunter,2026-08-07,JAC
/nfl/rankings/dynasty-wr.php,dynasty-wr,dp,Romeo Doubs,23794,WR,NE,57.0,7.5,44,76,,romeo-doubs.php,,,65.9,,,,,,11.0,Romeo Doubs,2026-08-07,NEP
/nfl/rankings/dynasty-wr.php,dynasty-wr,dp,Jalen Coker,26403,WR,CAR,57.1,4.4,46,65,,jalen-coker.php,,,46.7,,,,,,5.0,Jalen Coker,2026-08-07,CAR
/nfl/rankings/dynasty-wr.php,dynasty-wr,dp,Khalil Shakir,23748,WR,BUF,59.05,3.58,52,68,,khalil-shakir.php,,,65.4,,,,,,7.0,Khalil Shakir,2026-08-07,BUF
/nfl/rankings/dynasty-wr.php,dynasty-wr,dp,De'Zhaun Stribling,28138,WR,SF,64.0,10.31,50,100,,dezhaun-stribling.php,,,24.1,,,,,,8.0,DeZhaun Stribling,2026-08-07,SFO
/nfl/rankings/dynasty-wr.php,dynasty-wr,dp,Tre' Harris,26215,WR,LAC,64.05,7.77,51,84,,tre-harris.php,,,15.6,,,,,,7.0,Tre Harris,2026-08-07,LAC
/nfl/rankings/dynasty-wr.php,dynasty-wr,dp,Chris Bell,26038,WR,MIA,64.75,14.57,53,124,,chris-bell.php,,,20.3,,,,,,6.0,Chris Bell,2026-08-07,MIA
/nfl/rankings/dynasty-wr.php,dynasty-wr,dp,Jalen McMillan,23179,WR,TB,64.95,8.52,56,92,,jalen-mcmillan.php,,,30.8,,,,,,10.0,Jalen McMillan,2026-08-07,TBB
/nfl/rankings/dynasty-wr.php,dynasty-wr,dp,Rashid Shaheed,24687,WR,SEA,66.2,7.03,55,91,,rashid-shaheed.php,,,44.4,,,,,,11.0,Rashid Shaheed,2026-08-07,SEA
/nfl/rankings/dynasty-wr.php,dynasty-wr,dp,Germie Bernard,26039,WR,PIT,65.79,6.8,53,79,,germie-bernard.php,,,20.4,,,,,,9.0,Germie Bernard,2026-08-07,PIT
/nfl/rankings/dynasty-wr.php,dynasty-wr,dp,Jauan Jennings,19590,WR,MIN,68.79,6.95,59,88,,jauan-jennings.php,,,35.1,,,,,,6.0,Jauan Jennings,2026-08-07,MIN
/nfl/rankings/dynasty-wr.php,dynasty-wr,dp,Troy Franklin,23092,WR,DEN,78.65,10.06,63,99,,troy-franklin.php,,,12.9,,,,,,10.0,Troy Franklin,2026-08-07,DEN
/nfl/rankings/dynasty-wr.php,dynasty-wr,dp,Jaylin Noel,27122,WR,HOU,71.05,10.25,54,102,,jaylin-noel.php,,,10.3,,,,,,8.0,Jaylin Noel,2026-08-07,HOU
/nfl/rankings/dynasty-wr.php,dynasty-wr,dp,Elijah Sarratt,27463,WR,BAL,71.47,7.8,62,99,,elijah-sarratt.php,,,16.3,,,,,,13.0,Elijah Sarratt,2026-08-07,BAL
/nfl/rankings/dynasty-wr.php,dynasty-wr,dp,Zachariah Branch,25419,WR,ATL,74.0,11.19,64,112,,zachariah-branch.php,,,23.2,,,,,,11.0,Zachariah Branch,2026-08-07,ATL
/nfl/rankings/dynasty-wr.php,dynasty-wr,dp,Jerry Jeudy,19201,WR,CLE,75.84,6.25,68,96,,jerry-jeudy.php,,,34.7,,,,,,11.0,Jerry Jeudy,2026-08-07,CLE
/nfl/rankings/dynasty-wr.php,dynasty-wr,dp,Adonai Mitchell,24357,WR,NYJ,76.32,8.34,66,104,,adonai-mitchell.php,,,18.3,,,,,,13.0,Adonai Mitchell,2026-08-07,NYJ
/nfl/rankings/dynasty-wr.php,dynasty-wr,dp,Kayshon Boutte,22989,WR,NE,77.84,5.78,67,88,,kayshon-boutte.php,,,21.4,,,,,,11.0,Kayshon Boutte,2026-08-07,NEP
/nfl/rankings/dynasty-wr.php,dynasty-wr,dp,Stefon Diggs,13981,WR,WAS,70.89,7.53,59,87,,stefon-diggs.php,,,55.5,,,,,,7.0,Stefon Diggs,2026-08-07,WAS
/nfl/rankings/dynasty-wr.php,dynasty-wr,dp,Pat Bryant,27211,WR,DEN,79.21,10.91,68,115,,pat-bryant.php,,,11.4,,,,,,10.0,Pat Bryant,2026-08-07,DEN
/nfl/rankings/dynasty-wr.php,dynasty-wr,dp,Isaac TeSlaa,27446,WR,DET,80.0,8.27,66,98,,isaac-teslaa.php,,,18.7,,,,,,6.0,Isaac TeSlaa,2026-08-07,DET
/nfl/rankings/dynasty-wr.php,dynasty-wr,dp,Ted Hurst III,28130,WR,TB,72.28,12.76,61,106,,ted-hurst.php,,,17.4,,,,,,10.0,Ted Hurst,2026-08-07,TBB
/nfl/rankings/dynasty-wr.php,dynasty-wr,dp,Jalen Nailor,24177,WR,LV,81.16,10.56,63,111,,jalen-nailor.php,,,31.7,,,,,9.0,13.0,Jalen Nailor,2026-08-07,LVR
/nfl/rankings/dynasty-wr.php,dynasty-wr,dp,Tory Horton,26022,WR,SEA,88.45,16.25,65,140,,tory-horton.php,,,10.7,,,,,,11.0,Tory Horton,2026-08-07,SEA
/nfl/rankings/dynasty-wr.php,dynasty-wr,dp,Ja'Kobi Lane,27337,WR,BAL,84.42,10.4,64,108,,jakobi-lane.php,,,19.8,,,,,,13.0,JaKobi Lane,2026-08-07,BAL
/nfl/rankings/dynasty-wr.php,dynasty-wr,dp,Tank Dell,25361,WR,HOU,85.74,8.85,70,103,,nathaniel-dell.php,,,24.2,,,,,,8.0,Tank Dell,2026-08-07,HOU
/nfl/rankings/dynasty-wr.php,dynasty-wr,dp,Jack Bech,27224,WR,LV,86.0,7.16,78,103,,jack-bech.php,,,8.7,,,,,,13.0,Jack Bech,2026-08-07,LVR
/nfl/rankings/dynasty-wr.php,dynasty-wr,dp,Chris Brazzell II,28047,WR,CAR,86.26,15.91,60,133,,chris-brazzell-ii.php,,,14.0,,,,,,5.0,Chris Brazzell,2026-08-07,CAR
/nfl/rankings/dynasty-wr.php,dynasty-wr,dp,Elic Ayomanor,27059,WR,TEN,86.47,9.04,70,111,,elic-ayomanor.php,,,9.3,,,,,,9.0,Elic Ayomanor,2026-08-07,TEN
/nfl/rankings/dynasty-wr.php,dynasty-wr,dp,Malachi Fields,27994,WR,NYG,81.0,10.53,65,113,,malachi-fields.php,,,17.1,,,,,,8.0,Malachi Fields,2026-08-07,NYG
/nfl/rankings/dynasty-wr.php,dynasty-wr,dp,Deebo Samuel Sr.,18244,WR,SF,81.5,11.32,61,107,,deebo-samuel.php,,,56.2,,,,,,8.0,Deebo Samuel,2026-08-07,SFO
/nfl/rankings/dynasty-wr.php,dynasty-wr,dp,Dontayvion Wicks,24354,WR,PHI,89.95,7.31,79,110,,dontayvion-wicks.php,,,12.4,,,,,,10.0,Dontayvion Wicks,2026-08-07,PHI
/nfl/rankings/dynasty-wr.php,dynasty-wr,dp,Keon Coleman,26019,WR,BUF,92.11,9.07,76,110,,keon-coleman.php,,,9.3,,,,,,7.0,Keon Coleman,2026-08-07,BUF
/nfl/rankings/dynasty-wr.php,dynasty-wr,dp,Ryan Flournoy,26398,WR,DAL,92.16,12.39,74,114,,ryan-flournoy.php,,,14.8,,,,,,14.0,Ryan Flournoy,2026-08-07,DAL
/nfl/rankings/dynasty-wr.php,dynasty-wr,dp,Tre Tucker,25337,WR,LV,92.37,10.35,69,111,,tre-tucker.php,,,22.1,,,,,,13.0,Tre Tucker,2026-08-07,LVR
/nfl/rankings/dynasty-wr.php,dynasty-wr,dp,Chimere Dike,27315,WR,TEN,86.61,5.25,75,96,,chimere-dike.php,,,11.3,,,,,-9.0,9.0,Chimere Dike,2026-08-07,TEN
/nfl/rankings/dynasty-wr.php,dynasty-wr,dp,Malik Washington,26314,WR,MIA,94.32,9.27,75,113,,malik-washington.php,,,16.9,,,,,,6.0,Malik Washington,2026-08-07,MIA
/nfl/rankings/dynasty-wr.php,dynasty-wr,dp,Marvin Mims Jr.,23080,WR,DEN,99.68,7.82,83,118,,marvin-mims.php,,,10.5,,,,,,10.0,Marvin Mims,2026-08-07,DEN
/nfl/rankings/dynasty-wr.php,dynasty-wr,dp,Calvin Ridley,17258,WR,TEN,93.83,7.2,83,109,,calvin-ridley.php,,,19.8,,,,,,9.0,Calvin Ridley,2026-08-07,TEN
/nfl/rankings/dynasty-wr.php,dynasty-wr,dp,Kyle Williams,27487,WR,NE,95.0,6.03,84,108,,kyle-williams-wr-2025.php,,,5.6,,,,,,11.0,Kyle Williams,2026-08-07,NEP
/nfl/rankings/dynasty-wr.php,dynasty-wr,dp,Skyler Bell,28126,WR,BUF,79.94,10.11,65,98,,skyler-bell.php,,,13.4,,,,,,7.0,Skyler Bell,2026-08-07,BUF
/nfl/rankings/dynasty-wr.php,dynasty-wr,dp,Christian Kirk,17268,WR,SF,103.63,10.43,88,124,,christian-kirk.php,,,13.0,,,,,,8.0,Christian Kirk,2026-08-07,SFO
/nfl/rankings/dynasty-wr.php,dynasty-wr,dp,Darnell Mooney,19810,WR,NYG,97.39,8.6,82,122,,darnell-mooney.php,,,17.4,,,,,,8.0,Darnell Mooney,2026-08-07,NYG
/nfl/rankings/dynasty-wr.php,dynasty-wr,dp,Brandon Aiyuk,19252,WR,SF,83.19,11.65,64,103,,brandon-aiyuk.php,,,25.3,,,,,,8.0,Brandon Aiyuk,2026-08-07,SFO
/nfl/rankings/dynasty-wr.php,dynasty-wr,dp,Bryce Lance,28129,WR,NO,98.06,10.71,77,123,,bryce-lance.php,,,5.5,,,,,,8.0,Bryce Lance,2026-08-07,NOS
/nfl/rankings/dynasty-wr.php,dynasty-wr,dp,Rashod Bateman,19794,WR,BAL,98.18,8.07,85,111,,rashod-bateman.php,,,8.7,,,,,,13.0,Rashod Bateman,2026-08-07,BAL
/nfl/rankings/dynasty-wr.php,dynasty-wr,dp,DeMario Douglas,25304,WR,NE,110.5,15.82,91,148,,demario-douglas.php,,,5.5,,,,,,11.0,Demario Douglas,2026-08-07,NEP
/nfl/rankings/dynasty-wr.php,dynasty-wr,dp,Tez Johnson,27147,WR,TB,104.71,8.9,88,130,,tez-johnson.php,,,1.8,,,,,,10.0,Tez Johnson,2026-08-07,TBB
/nfl/rankings/dynasty-wr.php,dynasty-wr,dp,Xavier Legette,26136,WR,CAR,110.24,11.89,97,149,,xavier-legette.php,,,3.1,,,,,,5.0,Xavier Legette,2026-08-07,CAR
/nfl/rankings/dynasty-wr.php,dynasty-wr,dp,Hollywood Brown,18226,WR,PHI,110.35,11.98,95,142,,marquise-brown.php,,,5.4,,,,,,10.0,Marquise Brown,2026-08-07,PHI
/nfl/rankings/dynasty-wr.php,dynasty-wr,dp,Cooper Kupp,16433,WR,SEA,111.06,11.78,95,137,,cooper-kupp.php,,,17.1,,,,,,11.0,Cooper Kupp,2026-08-07,SEA
/nfl/rankings/dynasty-wr.php,dynasty-wr,dp,Tyreek Hill,15802,WR,FA,97.4,7.27,87,112,,tyreek-hill.php,,,28.8,,,,,,,Tyreek Hill,2026-08-07,FA
/nfl/rankings/dynasty-wr.php,dynasty-wr,dp,Isaiah Bond,24371,WR,CLE,112.35,10.03,101,141,,isaiah-bond.php,,,2.6,,,,,,11.0,Isaiah Bond,2026-08-07,CLE
/nfl/rankings/dynasty-wr.php,dynasty-wr,dp,Cedric Tillman,25287,WR,CLE,109.19,10.48,87,126,,cedric-tillman.php,,,1.1,,,,,,11.0,Cedric Tillman,2026-08-07,CLE
/nfl/rankings/dynasty-wr.php,dynasty-wr,dp,Devaughn Vele,26409,WR,NO,114.6,12.07,99,145,,devaughn-vele.php,,,9.0,,,,,,8.0,Devaughn Vele,2026-08-07,NOS
/nfl/rankings/dynasty-wr.php,dynasty-wr,dp,Caleb Douglas,28135,WR,MIA,105.45,12.74,78,123,,caleb-douglas.php,,,4.4,,,,,,6.0,Caleb Douglas,2026-08-07,MIA
/nfl/rankings/dynasty-wr.php,dynasty-wr,dp,Brenen Thompson,28133,WR,LAC,100.0,11.93,75,121,,brenen-thompson.php,,,3.9,,,,,,7.0,Brenen Thompson,2026-08-07,LAC
/nfl/rankings/dynasty-wr.php,dynasty-wr,dp,Jalen Royals,27076,WR,KC,113.36,15.75,95,154,,jalen-royals.php,,,1.5,,,,,,5.0,Jalen Royals,2026-08-07,KCC
/nfl/rankings/dynasty-wr.php,dynasty-wr,dp,Kevin Coleman Jr.,28067,WR,MIA,103.7,11.84,83,129,,kevin-coleman-jr.php,,,2.6,,,,,,6.0,Kevin Coleman,2026-08-07,MIA
/nfl/rankings/dynasty-wr.php,dynasty-wr,dp,Keenan Allen,11616,WR,LAC,114.73,11.23,98,136,,keenan-allen.php,,,7.1,,,,,,7.0,Keenan Allen,2026-08-07,LAC
/nfl/rankings/dynasty-wr.php,dynasty-wr,dp,Cyrus Allen,28424,WR,KC,110.3,22.82,76,147,,cyrus-allen.php,,,4.0,,,,,19.0,5.0,Cyrus Allen,2026-08-07,KCC
/nfl/rankings/dynasty-wr.php,dynasty-wr,dp,Andrei Iosivas,25335,WR,CIN,122.36,15.25,111,167,,andrei-iosivas.php,,,4.4,,,,,,6.0,Andrei Iosivas,2026-08-07,CIN
/nfl/rankings/dynasty-wr.php,dynasty-wr,dp,Jalen Tolbert,23770,WR,MIA,122.64,17.96,93,152,,jalen-tolbert.php,,,4.9,,,,,,6.0,Jalen Tolbert,2026-08-07,MIA
/nfl/rankings/dynasty-wr.php,dynasty-wr,dp,Darius Slayton,18706,WR,NYG,117.9,10.54,102,137,,darius-slayton.php,,,4.4,,,,,,8.0,Darius Slayton,2026-08-07,NYG
/nfl/rankings/dynasty-wr.php,dynasty-wr,dp,Jordan Whittington,23135,WR,LAR,131.0,9.83,113,144,,jordan-whittington.php,,,0.8,,,,,,11.0,Jordan Whittington,2026-08-07,LAR
/nfl/rankings/dynasty-wr.php,dynasty-wr,dp,Luke McCaffrey,26328,WR,WAS,123.7,12.17,104,141,,luke-mccaffrey.php,,,1.2,,,,,,7.0,Luke McCaffrey,2026-08-07,WAS
/nfl/rankings/dynasty-wr.php,dynasty-wr,dp,Tyquan Thornton,22913,WR,KC,113.22,5.83,102,120,,tyquan-thornton.php,,,6.4,,,,,,5.0,Tyquan Thornton,2026-08-07,KCC
/nfl/rankings/dynasty-wr.php,dynasty-wr,dp,Dont'e Thornton Jr.,27288,WR,LV,125.2,10.77,111,144,,donte-thornton-jr.php,,,1.5,,,,,,13.0,Donte Thornton,2026-08-07,LVR
/nfl/rankings/dynasty-wr.php,dynasty-wr,dp,Jaylin Lane,27454,WR,WAS,128.2,13.15,111,154,,jaylin-lane.php,,,2.0,,,,,,7.0,Jaylin Lane,2026-08-07,WAS
/nfl/rankings/dynasty-wr.php,dynasty-wr,dp,Joshua Palmer,22845,WR,BUF,125.89,11.39,102,142,,josh-palmer.php,,,1.1,,,,,,7.0,Josh Palmer,2026-08-07,BUF
/nfl/rankings/dynasty-wr.php,dynasty-wr,dp,Zavion Thomas,28132,WR,CHI,123.5,11.81,103,137,,zavion-thomas.php,,,5.1,,,,,,10.0,Zavion Thomas,2026-08-07,CHI
/nfl/rankings/dynasty-wr.php,dynasty-wr,dp,Deion Burks,27093,WR,IND,125.63,13.24,104,152,,deion-burks.php,,,2.1,,,,,,13.0,Deion Burks,2026-08-07,IND
/nfl/rankings/dynasty-wr.php,dynasty-wr,dp,Tutu Atwell,20126,WR,MIA,128.75,11.04,116,150,,tutu-atwell.php,,,1.5,,,,,,6.0,Tutu Atwell,2026-08-07,MIA
/nfl/rankings/dynasty-wr.php,dynasty-wr,dp,Jahan Dotson,23101,WR,ATL,141.0,18.4,123,183,,jahan-dotson.php,,,4.0,,,,,,11.0,Jahan Dotson,2026-08-07,ATL
/nfl/rankings/dynasty-wr.php,dynasty-wr,dp,Savion Williams,27144,WR,GB,131.0,13.86,119,156,,savion-williams.php,,,1.1,,,,,,11.0,Savion Williams,2026-08-07,GBP
/nfl/rankings/dynasty-wr.php,dynasty-wr,dp,Calvin Austin III,23739,WR,NYG,131.63,14.35,109,151,,calvin-austin.php,,,2.4,,,,,,8.0,Calvin Austin,2026-08-07,NYG
/nfl/rankings/dynasty-wr.php,dynasty-wr,dp,John Metchie III,22895,WR,CAR,135.5,12.11,117,161,,john-metchie.php,,,1.8,,,,,,5.0,John Metchie,2026-08-07,CAR
/nfl/rankings/dynasty-wr.php,dynasty-wr,dp,Treylon Burks,22905,WR,WAS,137.0,16.96,99,154,,treylon-burks.php,,,3.6,,,,,,7.0,Treylon Burks,2026-08-07,WAS
/nfl/rankings/dynasty-wr.php,dynasty-wr,dp,KeAndre Lambert-Smith,24372,WR,LAC,138.0,11.79,120,163,,keandre-lambert-smith.php,,,0.7,,,,,,7.0,KeAndre Lambert-Smith,2026-08-07,LAC
/nfl/rankings/dynasty-wr.php,dynasty-wr,dp,CJ Daniels,28125,WR,LAR,125.86,15.86,105,148,,cj-daniels.php,,,1.9,,,,,,11.0,CJ Daniels,2026-08-07,LAR
/nfl/rankings/dynasty-wr.php,dynasty-wr,dp,Konata Mumpfield,27449,WR,LAR,126.86,22.1,95,164,,konata-mumpfield.php,,,1.1,,,,,,11.0,Konata Mumpfield,2026-08-07,LAR
/nfl/rankings/dynasty-wr.php,dynasty-wr,dp,Josh Cameron,28137,WR,JAC,129.43,11.3,118,152,,josh-cameron.php,,,1.6,,,,,,7.0,Josh Cameron,2026-08-07,JAC
/nfl/rankings/dynasty-wr.php,dynasty-wr,dp,Devontez Walker,26011,WR,BAL,136.29,10.7,120,152,,devontez-walker.php,,,0.9,,,,,,13.0,Devontez Walker,2026-08-07,BAL
/nfl/rankings/dynasty-wr.php,dynasty-wr,dp,Mack Hollins,16489,WR,NE,139.14,13.73,116,157,,mack-hollins.php,,,2.9,,,,,,11.0,Mack Hollins,2026-08-07,NEP
/nfl/rankings/dynasty-wr.php,dynasty-wr,dp,Malik Benson,26012,WR,LV,125.83,8.97,113,135,,malik-benson.php,,,1.5,,,,,,13.0,Malik Benson,2026-08-07,LVR
/nfl/rankings/dynasty-wr.php,dynasty-wr,dp,Dyami Brown,20113,WR,WAS,145.29,10.32,128,159,,dyami-brown.php,,,0.8,,,,,,7.0,Dyami Brown,2026-08-07,WAS
/nfl/rankings/dynasty-wr.php,dynasty-wr,dp,Olamide Zaccheaus,18864,WR,ATL,147.14,8.22,137,160,,olamide-zaccheaus.php,,,2.9,,,,,,11.0,Olamide Zaccheaus,2026-08-07,ATL
/nfl/rankings/dynasty-wr.php,dynasty-wr,dp,Jeff Caldwell,28425,WR,KC,134.67,7.91,124,145,,jeff-caldwell.php,,,2.1,,,,,,5.0,Jeff Caldwell,2026-08-07,KCC
/nfl/rankings/dynasty-wr.php,dynasty-wr,dp,KaVontae Turpin,18520,WR,DAL,149.86,7.88,138,161,,kavontae-turpin.php,,,3.5,,,,,,14.0,KaVontae Turpin,2026-08-07,DAL
/nfl/rankings/dynasty-wr.php,dynasty-wr,dp,Kendrick Bourne,17066,WR,ARI,151.86,8.48,135,160,,kendrick-bourne.php,,,3.1,,,,,,14.0,Kendrick Bourne,2026-08-07,ARI
/nfl/rankings/dynasty-wr.php,dynasty-wr,dp,Barion Brown,25416,WR,NO,140.67,6.32,130,151,,barion-brown.php,,,1.1,,,,,,8.0,Barion Brown,2026-08-07,NOS
/nfl/rankings/dynasty-wr.php,dynasty-wr,dp,Xavier Hutchinson,25332,WR,HOU,154.71,13.19,139,175,,xavier-hutchinson.php,,,0.9,,,,,,8.0,Xavier Hutchinson,2026-08-07,HOU
/nfl/rankings/dynasty-wr.php,dynasty-wr,dp,Ja'Lynn Polk,26205,WR,FA,131.8,13.36,106,145,,jalynn-polk.php,,,0.6,,,,,,,JaLynn Polk,2026-08-07,FA
/nfl/rankings/dynasty-wr.php,dynasty-wr,dp,Tai Felton,27182,WR,MIN,147.33,12.16,126,168,,tai-felton.php,,,0.6,,,,,,6.0,Tai Felton,2026-08-07,MIN
/nfl/rankings/dynasty-wr.php,dynasty-wr,dp,Jimmy Horn Jr.,27294,WR,CAR,153.17,9.6,140,166,,jimmy-horn-jr.php,,,0.8,,,,,,5.0,Jimmy Horn,2026-08-07,CAR
/nfl/rankings/dynasty-wr.php,dynasty-wr,dp,Greg Dortch,18585,WR,DET,164.57,14.17,147,192,,greg-dortch.php,,,1.5,,,,,,6.0,Greg Dortch,2026-08-07,DET
/nfl/rankings/dynasty-wr.php,dynasty-wr,dp,Aaron Anderson,27500,WR,CLE,142.8,16.12,115,162,,aaron-anderson.php,,,1.2,,,,,,11.0,Aaron Anderson,2026-08-07,CLE
/nfl/rankings/dynasty-wr.php,dynasty-wr,dp,Eric Rivers Jr.,28128,WR,TB,142.8,10.15,131,156,,eric-rivers.php,,,1.0,,,,,,10.0,Eric Rivers,2026-08-07,TBB
/nfl/rankings/dynasty-wr.php,dynasty-wr,dp,Tyren Montgomery,28423,WR,TEN,142.8,5.49,134,149,,tyren-montgomery.php,,,0.0,,,,,,9.0,Tyren Montgomery,2026-08-07,TEN
/nfl/rankings/dynasty-wr.php,dynasty-wr,dp,Efton Chism III,27445,WR,NE,156.33,7.11,143,165,,efton-chismi.php,,,0.6,,,,,,11.0,Efton Chism,2026-08-07,NEP
/nfl/rankings/dynasty-wr.php,dynasty-wr,dp,Kaden Wetjen,28435,WR,PIT,144.2,11.91,131,161,,kaden-wetjen.php,,,0.7,,,,,,9.0,Kaden Wetjen,2026-08-07,PIT
/nfl/rankings/dynasty-wr.php,dynasty-wr,dp,Jordan Watkins,27486,WR,SF,157.67,13.1,136,174,,jordan-watkins.php,,,1.0,,,,,,8.0,Jordan Watkins,2026-08-07,SFO
/nfl/rankings/dynasty-wr.php,dynasty-wr,dp,DeAndre Hopkins,11606,WR,BAL,158.67,12.64,142,176,,deandre-hopkins.php,,,0.6,,,,,,13.0,DeAndre Hopkins,2026-08-07,BAL
/nfl/rankings/dynasty-wr.php,dynasty-wr,dp,Colbie Young,26037,WR,CIN,132.25,13.59,119,155,,colbie-young.php,,,1.5,,,,,,6.0,Colbie Young,2026-08-07,CIN
/nfl/rankings/dynasty-wr.php,dynasty-wr,dp,Reggie Virgil,28141,WR,ARI,152.2,10.81,132,161,,reggie-virgil.php,,,0.7,,,,,,14.0,Reggie Virgil,2026-08-07,ARI
/nfl/rankings/dynasty-wr.php,dynasty-wr,dp,Eric McAlister,28134,WR,FA,152.8,10.5,136,165,,eric-mcalister.php,,,4.0,,,,,,,Eric McAlister,2026-08-07,FA
/nfl/rankings/dynasty-wr.php,dynasty-wr,dp,Demarcus Robinson,15665,WR,SF,165.17,10.75,144,177,,demarcus-robinson.php,,,0.8,,,,,,8.0,Demarcus Robinson,2026-08-07,SFO
/nfl/rankings/dynasty-wr.php,dynasty-wr,dp,Kendrick Law,26044,WR,DET,138.5,19.88,116,165,,kendrick-law.php,,,1.5,,,,,,6.0,Kendrick Law,2026-08-07,DET
/nfl/rankings/dynasty-wr.php,dynasty-wr,dp,Jake Bobo,25339,WR,SEA,149.75,26.01,119,191,,jake-bobo.php,,,0.6,,,,,,11.0,Jake Bobo,2026-08-07,SEA
/nfl/rankings/dynasty-wr.php,dynasty-wr,dp,Elijah Moore,20114,WR,PHI,150.25,8.9,138,161,,elijah-moore.php,,,0.6,,,,,,10.0,Elijah Moore,2026-08-07,PHI
/nfl/rankings/dynasty-wr.php,dynasty-wr,dp,Jalin Hyatt,25251,WR,NYG,165.2,9.81,153,178,,jalin-hyatt.php,,,2.6,,,,,,8.0,Jalin Hyatt,2026-08-07,NYG
/nfl/rankings/dynasty-wr.php,dynasty-wr,dp,Xavier Restrepo,27066,WR,TEN,165.8,7.88,151,173,,xavier-restrepo.php,,,1.1,,,,,,9.0,Xavier Restrepo,2026-08-07,TEN
/nfl/rankings/dynasty-wr.php,dynasty-wr,dp,Jacob Cowing,25289,WR,SF,168.0,8.53,155,179,,jacob-cowing.php,,,0.6,,,,,,8.0,Jacob Cowing,2026-08-07,SFO
/nfl/rankings/dynasty-wr.php,dynasty-wr,dp,Nick Westbrook-Ikhine,19747,WR,IND,154.75,11.69,138,168,,nick-westbrook.php,,,1.0,,,,,,13.0,Nick Westbrook-Ikhine,2026-08-07,IND
/nfl/rankings/dynasty-wr.php,dynasty-wr,dp,Kalif Raymond,16081,WR,CHI,155.75,23.4,117,177,,kalif-raymond.php,,,0.8,,,,,,10.0,Kalif Raymond,2026-08-07,CHI
/nfl/rankings/dynasty-wr.php,dynasty-wr,dp,Malachi Corley,26023,WR,CLE,170.0,12.99,155,189,,malachi-corley.php,,,0.6,,,,,,11.0,Malachi Corley,2026-08-07,CLE
/nfl/rankings/dynasty-wr.php,dynasty-wr,dp,Arian Smith,22965,WR,NYJ,174.2,16.25,160,206,,arian-smith.php,,,0.7,,,,,,13.0,Arian Smith,2026-08-07,NYJ
/nfl/rankings/dynasty-wr.php,dynasty-wr,dp,Van Jefferson,19483,WR,WAS,174.8,6.85,170,188,,van-jefferson.php,,,0.9,,,,,,7.0,Van Jefferson,2026-08-07,WAS
/nfl/rankings/dynasty-wr.php,dynasty-wr,dp,Marquez Valdes-Scantling,17528,WR,DAL,176.6,17.19,151,205,,marquez-valdesscantling.php,,,0.7,,,,,,14.0,Marquez Valdes-Scantling,2026-08-07,DAL
/nfl/rankings/dynasty-wr.php,dynasty-wr,dp,Chase Roberts,28131,WR,LV,146.67,15.92,133,169,,chase-roberts.php,,,0.0,,,,,,13.0,Chase Roberts,2026-08-07,LVR
/nfl/rankings/dynasty-wr.php,dynasty-wr,dp,Jahdae Walker,27810,WR,CHI,147.0,22.55,125,178,,jahdae-walker.php,,,0.9,,,,,,10.0,Jahdae Walker,2026-08-07,CHI
/nfl/rankings/dynasty-wr.php,dynasty-wr,dp,Dane Key,26015,WR,DEN,167.5,10.92,154,184,,dane-key.php,,,1.0,,,,,,10.0,Dane Key,2026-08-07,DEN
/nfl/rankings/dynasty-wr.php,dynasty-wr,dp,Roman Wilson,28896,WR,PIT,157.67,15.17,145,179,,roman-wilson-wr.php,,,1.5,,,,,,9.0,Roman Wilson,2026-08-07,PIT
/nfl/rankings/dynasty-wr.php,dynasty-wr,dp,Jamari Thrash,26162,WR,CLE,185.6,15.77,164,204,,jamari-thrash.php,,,1.1,,,,,,11.0,Jamari Thrash,2026-08-07,CLE
/nfl/rankings/dynasty-wr.php,dynasty-wr,dp,Jonathan Mingo,23030,WR,DAL,187.0,12.95,174,211,,jonathan-mingo.php,,,0.6,,,,,,14.0,Jonathan Mingo,2026-08-07,DAL
/nfl/rankings/dynasty-wr.php,dynasty-wr,dp,Brandin Cooks,12122,WR,FA,163.67,14.34,147,182,,brandin-cooks.php,,,0.6,,,,,,,Brandin Cooks,2026-08-07,FA
/nfl/rankings/dynasty-wr.php,dynasty-wr,dp,Nick Nash,27263,WR,WAS,179.75,19.89,165,214,,nick-nash.php,,,1.0,,,,,,7.0,Nick Nash,2026-08-07,WAS
/nfl/rankings/dynasty-wr.php,dynasty-wr,dp,Tyler Lockett,13971,WR,LV,169.0,8.98,158,180,,tyler-lockett.php,,,0.6,,,,,,13.0,Tyler Lockett,2026-08-07,LVR
/nfl/rankings/dynasty-wr.php,dynasty-wr,dp,JuJu Smith-Schuster,16427,WR,NYG,171.67,18.8,152,197,,juju-smith-schuster.php,,,1.1,,,,,,8.0,JuJu Smith-Schuster,2026-08-07,NYG
/nfl/rankings/dynasty-wr.php,dynasty-wr,dp,Sterling Shepard,15569,WR,FA,177.67,14.66,164,198,,sterling-shepard.php,,,1.8,,,,,,,Sterling Shepard,2026-08-07,FA
/nfl/rankings/dynasty-wr.php,dynasty-wr,dp,Vinny Anthony II,28150,WR,ATL,178.0,25.02,156,213,,vinny-anthony-ii.php,,,0.0,,,,,,11.0,Vinny Anthony,2026-08-07,ATL
/nfl/rankings/dynasty-wr.php,dynasty-wr,dp,Noah Brown,16443,WR,FA,179.33,13.07,163,195,,noah-brown.php,,,1.3,,,,,,,Noah Brown,2026-08-07,FA
/nfl/rankings/dynasty-wr.php,dynasty-wr,dp,Isaiah Hodgins,19375,WR,NYG,180.0,14.35,167,200,,isaiah-hodgins.php,,,0.1,,,,,,8.0,Isaiah Hodgins,2026-08-07,NYG
/nfl/rankings/dynasty-wr.php,dynasty-wr,dp,J. Michael Sturdivant,26139,WR,GB,158.5,4.5,154,163,,jmichael-sturdivant.php,,,0.0,,,,,,11.0,J Michael Sturdivant,2026-08-07,GBP
/nfl/rankings/dynasty-wr.php,dynasty-wr,dp,Bo Melton,24049,WR,GB,184.0,7.87,177,195,,bo-melton.php,,,0.6,,,,,,11.0,Bo Melton,2026-08-07,GBP
/nfl/rankings/dynasty-wr.php,dynasty-wr,dp,Chris Hilton Jr.,22995,WR,WAS,164.5,3.5,161,168,,chris-hilton.php,,,0.0,,,,,,7.0,Chris Hilton,2026-08-07,WAS
/nfl/rankings/dynasty-wr.php,dynasty-wr,dp,Curtis Samuel,16434,WR,FA,184.67,19.7,158,205,,curtis-samuel.php,,,2.0,,,,,,,Curtis Samuel,2026-08-07,FA
/nfl/rankings/dynasty-wr.php,dynasty-wr,dp,Theo Wease Jr.,27222,WR,MIA,166.5,9.5,157,176,,theo-wease-jr.php,,,2.2,,,,,,6.0,Theo Wease,2026-08-07,MIA
/nfl/rankings/dynasty-wr.php,dynasty-wr,dp,Trey Palmer,25331,WR,NO,166.5,7.5,159,174,,trey-palmer.php,,,3.6,,,,,,8.0,Trey Palmer,2026-08-07,NOS
/nfl/rankings/dynasty-wr.php,dynasty-wr,dp,Noah Thomas,28136,WR,CIN,170.0,17.0,153,187,,noah-thomas.php,,,1.1,,,,,,6.0,Noah Thomas,2026-08-07,CIN
/nfl/rankings/dynasty-wr.php,dynasty-wr,dp,Trebor Pena,28139,WR,JAC,172.5,15.5,157,188,,trebor-pena.php,,,0.0,,,,,,7.0,Trebor Pena,2026-08-07,JAC
/nfl/rankings/dynasty-wr.php,dynasty-wr,dp,Josh Reynolds,16439,WR,FA,190.33,18.8,165,210,,josh-reynolds.php,,,2.1,,,,,,,Josh Reynolds,2026-08-07,FA
/nfl/rankings/dynasty-wr.php,dynasty-wr,dp,Mitch Tinsley,24370,WR,CIN,180.0,28.0,152,208,,mitchell-tinsley.php,,,0.6,,,,,,6.0,Mitch Tinsley,2026-08-07,CIN
/nfl/rankings/dynasty-wr.php,dynasty-wr,dp,Tim Patrick,16556,WR,NYJ,194.67,17.44,170,207,,tim-patrick.php,,,1.0,,,,,,13.0,Tim Patrick,2026-08-07,NYJ
/nfl/rankings/dynasty-wr.php,dynasty-wr,dp,Jermaine Burton,22956,WR,FA,195.0,10.23,183,208,,jermaine-burton.php,,,1.1,,,,,,,Jermaine Burton,2026-08-07,FA
/nfl/rankings/dynasty-wr.php,dynasty-wr,dp,Javon Baker,22885,WR,FA,195.33,7.54,190,206,,javon-baker.php,,,1.0,,,,,,,Javon Baker,2026-08-07,FA
/nfl/rankings/dynasty-wr.php,dynasty-wr,dp,Darius Cooper,27866,WR,PHI,181.5,28.5,153,210,,darius-cooper.php,,,0.6,,,,,,10.0,Darius Cooper,2026-08-07,PHI
/nfl/rankings/dynasty-wr.php,dynasty-wr,dp,Diontae Johnson,18615,WR,FA,197.33,14.38,181,216,,diontae-johnson.php,,,1.0,,,,,,,Diontae Johnson,2026-08-07,FA
/nfl/rankings/dynasty-wr.php,dynasty-wr,dp,Johnny Wilson,25295,WR,PHI,199.0,21.97,177,229,,johnny-wilson.php,,,1.1,,,,,,10.0,Johnny Wilson,2026-08-07,PHI
/nfl/rankings/dynasty-wr.php,dynasty-wr,dp,Skyy Moore,23905,WR,GB,201.33,21.75,184,232,,skyy-moore.php,,,0.8,,,,,,11.0,Skyy Moore,2026-08-07,GBP
/nfl/rankings/dynasty-wr.php,dynasty-wr,dp,Gabe Davis,19398,WR,FA,188.5,14.5,174,203,,gabriel-davis.php,,,1.0,,,,,,,Gabriel Davis,2026-08-07,FA
/nfl/rankings/dynasty-wr.php,dynasty-wr,dp,Ainias Smith,23142,WR,FA,203.67,22.81,179,234,,ainias-smith.php,,,1.0,,,,,,,Ainias Smith,2026-08-07,FA
/nfl/rankings/dynasty-wr.php,dynasty-wr,dp,Ashton Dulin,18656,WR,IND,189.5,3.5,186,193,,ashton-dulin.php,,,0.7,,,,,,13.0,Ashton Dulin,2026-08-07,IND
/nfl/rankings/dynasty-wr.php,dynasty-wr,dp,Zay Jones,16431,WR,FA,201.33,14.52,181,214,,zay-jones.php,,,1.0,,,,,,,Zay Jones,2026-08-07,FA
/nfl/rankings/dynasty-wr.php,dynasty-wr,dp,Charlie Jones,25336,WR,CIN,205.67,21.91,185,236,,charlie-jones.php,,,0.7,,,,,,6.0,Charlie Jones,2026-08-07,CIN
/nfl/rankings/dynasty-wr.php,dynasty-wr,dp,Justin Watson,17603,WR,HOU,206.0,21.65,183,235,,justin-watson.php,,,1.0,,,,,,8.0,Justin Watson,2026-08-07,HOU
/nfl/rankings/dynasty-wr.php,dynasty-wr,dp,Ricky White III,27186,WR,SEA,193.5,27.5,166,221,,ricky-white-iii.php,,,1.0,,,,,,11.0,Ricky White,2026-08-07,SEA
/nfl/rankings/dynasty-wr.php,dynasty-wr,dp,Henry Ruggs III,19207,WR,FA,197.5,33.5,164,231,,henry-ruggs.php,,,7.6,,,,,,,Henry Ruggs,2026-08-07,FA
/nfl/rankings/dynasty-wr.php,dynasty-wr,dp,Tyler Scott,25442,WR,LAR,204.0,8.98,193,215,,tyler-scott-wr.php,,,3.2,,,,,,11.0,Tyler Scott,2026-08-07,LAR
/nfl/rankings/dynasty-wr.php,dynasty-wr,dp,Bub Means,26354,WR,NO,208.33,24.12,178,237,,bub-means.php,,,1.0,,,,,,8.0,Bub Means,2026-08-07,NOS
/nfl/rankings/dynasty-wr.php,dynasty-wr,dp,K.J. Osborn,19708,WR,TEN,209.67,22.54,186,240,,kj-osborn.php,,,2.6,,,,,,9.0,KJ Osborn,2026-08-07,TEN
/nfl/rankings/dynasty-wr.php,dynasty-wr,dp,Ray-Ray McCloud III,17530,WR,FA,206.33,11.95,193,222,,ray-ray-mccloud.php,,,1.0,,,,,,,Ray-Ray McCloud,2026-08-07,FA
/nfl/rankings/dynasty-wr.php,dynasty-wr,dp,Allen Lazard,17301,WR,FA,206.67,10.66,192,217,,allen-lazard.php,,,1.0,,,,,,,Allen Lazard,2026-08-07,FA
/nfl/rankings/dynasty-wr.php,dynasty-wr,dp,Dominic Lovett,26013,WR,DET,207.0,31.0,176,238,,dominic-lovett.php,,,1.0,,,,,,6.0,Dominic Lovett,2026-08-07,DET
/nfl/rankings/dynasty-wr.php,dynasty-wr,dp,David Moore,16757,WR,CAR,201.5,14.5,187,216,,david-moore.php,,,0.8,,,,,,5.0,David Moore,2026-08-07,CAR
/nfl/rankings/dynasty-wr.php,dynasty-wr,dp,Tahj Washington,26397,WR,MIA,216.33,19.77,199,244,,tahj-washington.php,,,1.0,,,,,,6.0,Tahj Washington,2026-08-07,MIA
/nfl/rankings/dynasty-wr.php,dynasty-wr,dp,Tylan Wallace,19801,WR,CLE,212.0,30.0,182,242,,tylan-wallace.php,,,1.0,,,,,-29.0,11.0,Tylan Wallace,2026-08-07,CLE
/nfl/rankings/dynasty-wr.php,dynasty-wr,dp,Casey Washington,26413,WR,CAR,204.0,15.0,189,219,,casey-washington.php,,,0.0,,,,,,5.0,Casey Washington,2026-08-07,CAR
/nfl/rankings/dynasty-wr.php,dynasty-wr,dp,Derius Davis,25334,WR,LAC,213.5,29.5,184,243,,derius-davis.php,,,0.6,,,,,,7.0,Derius Davis,2026-08-07,LAC
/nfl/rankings/dynasty-wr.php,dynasty-wr,dp,Quez Watkins,19715,WR,PHI,218.67,21.79,194,247,,quez-watkins.php,,,0.1,,,,,,10.0,Quez Watkins,2026-08-07,PHI
/nfl/rankings/dynasty-wr.php,dynasty-wr,dp,Mecole Hardman Jr.,18587,WR,BUF,219.67,22.31,197,250,,mecole-hardman.php,,,0.6,,,,,,7.0,Mecole Hardman,2026-08-07,BUF
/nfl/rankings/dynasty-wr.php,dynasty-wr,dp,Odell Beckham Jr.,12127,WR,NYG,227.0,42.0,185,269,,odell-beckham.php,,,5.0,,,,,,8.0,Odell Beckham,2026-08-07,NYG
/nfl/rankings/dynasty-wr.php,dynasty-wr,dp,A.T. Perry,24353,WR,PIT,216.0,29.0,187,245,,at-perry.php,,,1.6,,,,,-23.0,9.0,AT Perry,2026-08-07,PIT
/nfl/rankings/dynasty-wr.php,dynasty-wr,dp,Hunter Renfrow,18345,WR,FA,216.67,17.59,196,239,,hunter-renfrow.php,,,1.5,,,,,,,Hunter Renfrow,2026-08-07,FA
/nfl/rankings/dynasty-wr.php,dynasty-wr,dp,Tyler Johnson,18633,WR,DAL,206.5,5.5,201,212,,tyler-johnson.php,,,1.1,,,,,,14.0,Tyler Johnson,2026-08-07,DAL
/nfl/rankings/dynasty-wr.php,dynasty-wr,dp,Brenden Rice,26213,WR,FA,219.5,29.5,190,249,,brenden-rice.php,,,1.0,,,,,,,Brenden Rice,2026-08-07,FA
/nfl/rankings/dynasty-wr.php,dynasty-wr,dp,Cedrick Wilson Jr.,17262,WR,DET,210.0,8.0,202,218,,cedrick-wilson.php,,,0.6,,,,,,6.0,Cedrick Wilson,2026-08-07,DET
/nfl/rankings/dynasty-wr.php,dynasty-wr,dp,Braxton Berrios,17289,WR,NYG,221.5,24.5,197,246,,braxton-berrios.php,,,0.6,,,,,,8.0,Braxton Berrios,2026-08-07,NYG
/nfl/rankings/dynasty-wr.php,dynasty-wr,dp,Velus Jones Jr.,24214,WR,SEA,225.0,26.0,199,251,,velus-jonesjr.php,,,1.6,,,,,,11.0,Velus Jones,2026-08-07,SEA
/nfl/rankings/dynasty-wr.php,dynasty-wr,dp,Terrace Marshall Jr.,23242,WR,MIA,230.0,29.0,201,259,,terrace-marshall.php,,,1.0,,,,,-31.0,6.0,Terrace Marshall,2026-08-07,MIA
/nfl/rankings/dynasty-wr.php,dynasty-wr,dp,Xavier Gipson,25758,WR,NYG,228.5,23.5,205,252,,xavier-gipson.php,,,1.1,,,,,,8.0,Xavier Gipson,2026-08-07,NYG
/nfl/rankings/dynasty-wr.php,dynasty-wr,dp,Devin Duvernay,19270,WR,ARI,230.0,23.0,207,253,,devin-duvernay.php,,,0.6,,,,,,14.0,Devin Duvernay,2026-08-07,ARI
/nfl/rankings/dynasty-wr.php,dynasty-wr,dp,Jason Brownlee,25754,WR,KC,231.5,23.5,208,255,,jason-brownlee.php,,,0.0,,,,,,5.0,Jason Brownlee,2026-08-07,KCC
/nfl/rankings/dynasty-wr.php,dynasty-wr,dp,Ben Skowronek,22843,WR,PIT,217.0,8.0,209,225,,ben-skowronek.php,,,0.1,,,,,,9.0,Ben Skowronek,2026-08-07,PIT
/nfl/rankings/dynasty-wr.php,dynasty-wr,dp,Scotty Miller,18714,WR,CHI,217.5,6.5,211,224,,scott-miller.php,,,0.1,,,,,,10.0,Scott Miller,2026-08-07,CHI
/nfl/rankings/dynasty-wr.php,dynasty-wr,dp,Trenton Irwin,18726,WR,SF,235.0,23.0,212,258,,trenton-irwin.php,,,0.0,,,,,,8.0,Trenton Irwin,2026-08-07,SFO
/nfl/rankings/dynasty-wr.php,dynasty-wr,dp,Nelson Agholor,13969,WR,FA,236.5,23.5,213,260,,nelson-agholor.php,,,1.0,,,,,,,Nelson Agholor,2026-08-07,FA
/nfl/rankings/dynasty-wr.php,dynasty-wr,dp,Tejhaun Palmer,26411,WR,NE,237.0,24.0,213,261,,tejhaun-palmer.php,,,0.0,,,,,,11.0,Tejhaun Palmer,2026-08-07,NEP
/nfl/rankings/dynasty-wr.php,dynasty-wr,dp,Danny Gray,24178,WR,PHI,238.5,24.5,214,263,,danny-gray.php,,,0.0,,,,,,10.0,Danny Gray,2026-08-07,PHI
/nfl/rankings/dynasty-wr.php,dynasty-wr,dp,Jalen Reagor,19219,WR,MIA,239.5,22.5,217,262,,jalen-reagor.php,,,0.0,,,,,,6.0,Jalen Reagor,2026-08-07,MIA
/nfl/rankings/dynasty-wr.php,dynasty-wr,dp,Donovan Peoples-Jones,19298,WR,FA,241.0,23.0,218,264,,donovan-peoples-jones.php,,,0.0,,,,,,,Donovan Peoples-Jones,2026-08-07,FA
/nfl/rankings/dynasty-wr.php,dynasty-wr,dp,Kyle Philips,23896,WR,FA,242.0,23.0,219,265,,kyle-philips.php,,,0.0,,,,,,,Kyle Philips,2026-08-07,FA
/nfl/rankings/dynasty-wr.php,dynasty-wr,dp,Zach Pascal,16972,WR,FA,243.5,23.5,220,267,,zach-pascal.php,,,0.0,,,,,,,Zach Pascal,2026-08-07,FA
/nfl/rankings/dynasty-wr.php,dynasty-wr,dp,Justyn Ross,19798,WR,FA,244.5,23.5,221,268,,justyn-ross.php,,,0.0,,,,,,,Justyn Ross,2026-08-07,FA
/nfl/rankings/dynasty-wr.php,dynasty-wr,dp,Michael Thomas,15528,WR,FA,246.0,24.0,222,270,,michael-thomas-wr.php,,,0.7,,,,,,,Michael Thomas,2026-08-07,FA
/nfl/rankings/dynasty-wr.php,dynasty-wr,dp,Chase Claypool,18627,WR,FA,247.0,24.0,223,271,,chase-claypool.php,,,1.1,,,,,,,Chase Claypool,2026-08-07,FA
/nfl/rankings/db-cheatsheets.php,redraft-db,rp,Derwin James Jr.,17310,DB,LAC,2.11,1.91,1,7,,derwin-james.php,,,63.9,,,,,,7.0,Derwin James,2026-08-07,LAC
/nfl/rankings/db-cheatsheets.php,redraft-db,rp,Kyle Hamilton,23494,DB,BAL,2.44,0.83,1,4,,kyle-hamilton.php,,,78.7,,,,,,13.0,Kyle Hamilton,2026-08-07,BAL
/nfl/rankings/db-cheatsheets.php,redraft-db,rp,Nick Emmanwori,27053,DB,SEA,4.22,3.42,2,13,,nick-emmanwori.php,,,54.0,,,,,,11.0,Nick Emmanwori,2026-08-07,SEA
/nfl/rankings/db-cheatsheets.php,redraft-db,rp,Nick Cross,24198,DB,WAS,4.44,1.17,2,6,,nick-cross.php,,,54.7,,,,,1.0,7.0,Nick Cross,2026-08-07,WAS
/nfl/rankings/db-cheatsheets.php,redraft-db,rp,Jessie Bates III,17544,DB,ATL,5.78,1.69,3,9,,jessie-bates-iii.php,,,30.5,,,,,-1.0,11.0,Jessie Bates,2026-08-07,ATL
/nfl/rankings/db-cheatsheets.php,redraft-db,rp,Budda Baker,16733,DB,ARI,6.67,2.11,4,11,,budda-baker.php,,,56.7,,,,,,14.0,Budda Baker,2026-08-07,ARI
/nfl/rankings/db-cheatsheets.php,redraft-db,rp,Tykee Smith,23751,DB,TB,6.67,1.41,4,8,,tykee-smith.php,,,48.0,,,,,,10.0,Tykee Smith,2026-08-07,TBB
/nfl/rankings/db-cheatsheets.php,redraft-db,rp,Jeremy Chinn,19429,DB,LV,9.11,1.45,8,12,,jeremy-chinn.php,,,40.6,,,,,,13.0,Jeremy Chinn,2026-08-07,LVR
/nfl/rankings/db-cheatsheets.php,redraft-db,rp,Kam Curl,19459,DB,LAR,9.33,2.87,6,14,,kamren-curl.php,,,54.2,,,,,,11.0,Kam Curl,2026-08-07,LAR
/nfl/rankings/db-cheatsheets.php,redraft-db,rp,Jordan Battle,23471,DB,CIN,12.33,3.16,5,15,,jordan-battle.php,,,30.5,,,,,,6.0,Jordan Battle,2026-08-07,CIN
/nfl/rankings/db-cheatsheets.php,redraft-db,rp,Tre'von Moehrig,22699,DB,CAR,12.56,1.77,10,15,,trevon-moehrig.php,,,34.5,,,,,,5.0,Trevon Moehrig,2026-08-07,CAR
/nfl/rankings/db-cheatsheets.php,redraft-db,rp,Quentin Lake,24302,DB,LAR,13.56,4.42,9,23,,quentin-lake.php,,,34.0,,,,,3.0,11.0,Quentin Lake,2026-08-07,LAR
/nfl/rankings/db-cheatsheets.php,redraft-db,rp,Talanoa Hufanga,22817,DB,DEN,14.22,2.78,10,17,,talanoa-hufanga.php,,,41.2,,,,,,10.0,Talanoa Hufanga,2026-08-07,DEN
/nfl/rankings/db-cheatsheets.php,redraft-db,rp,Xavier McKinney,19216,DB,GB,14.33,3.33,9,18,,xavier-mckinney.php,,,39.7,,,,,,11.0,Xavier McKinney,2026-08-07,GBP
/nfl/rankings/db-cheatsheets.php,redraft-db,rp,Kevin Byard III,15635,DB,NE,15.89,3.03,12,22,,kevin-byard.php,,,39.0,,,,,,11.0,Kevin Byard,2026-08-07,NEP
/nfl/rankings/db-cheatsheets.php,redraft-db,rp,Antoine Winfield Jr.,19266,DB,TB,15.89,2.33,12,19,,antoine-winfield-s.php,,,33.4,,,,,,10.0,Antoine Winfield,2026-08-07,TBB
/nfl/rankings/db-cheatsheets.php,redraft-db,rp,Chamarri Conner,25509,DB,KC,17.44,3.27,11,22,,chamarri-conner.php,,,42.8,,,,,,5.0,Chamarri Conner,2026-08-07,KCC
/nfl/rankings/db-cheatsheets.php,redraft-db,rp,DeShon Elliott,17344,DB,PIT,18.56,4.6,10,27,,deshon-elliott.php,,,16.2,,,,,,9.0,DeShon Elliott,2026-08-07,PIT
/nfl/rankings/db-cheatsheets.php,redraft-db,rp,Brian Branch,25235,DB,DET,19.67,9.96,10,41,,brian-branch.php,,,50.4,,,,,-3.0,6.0,Brian Branch,2026-08-07,DET
/nfl/rankings/db-cheatsheets.php,redraft-db,rp,Xavier Watts,27067,DB,ATL,20.0,3.68,15,29,,xavier-watts.php,,,28.6,,,,,,11.0,Xavier Watts,2026-08-07,ATL
/nfl/rankings/db-cheatsheets.php,redraft-db,rp,Cooper DeJean,26103,DB,PHI,20.56,5.14,12,29,,cooper-dejean.php,,,47.0,,,,,,10.0,Cooper DeJean,2026-08-07,PHI
/nfl/rankings/db-cheatsheets.php,redraft-db,rp,Jalen Pitre,23721,DB,HOU,21.67,1.94,18,25,,jalen-pitre.php,,,34.9,,,,,,8.0,Jalen Pitre,2026-08-07,HOU
/nfl/rankings/db-cheatsheets.php,redraft-db,rp,Julian Love,18243,DB,SEA,24.89,2.08,21,28,,julian-love.php,,,42.3,,,,,,11.0,Julian Love,2026-08-07,SEA
/nfl/rankings/db-cheatsheets.php,redraft-db,rp,Caleb Downs,27950,DB,DAL,25.22,3.71,19,30,,caleb-downs.php,,,53.4,,,,,6.0,14.0,Caleb Downs,2026-08-07,DAL
/nfl/rankings/db-cheatsheets.php,redraft-db,rp,Jaquan Brisker,23719,DB,PIT,27.11,2.38,23,30,,jaquan-brisker.php,,,27.0,,,,,,9.0,Jaquan Brisker,2026-08-07,PIT
/nfl/rankings/db-cheatsheets.php,redraft-db,rp,Dillon Thieneman,27967,DB,CHI,27.56,2.99,23,32,,dillon-thieneman.php,,,32.4,,,,,,10.0,Dillon Thieneman,2026-08-07,CHI
/nfl/rankings/db-cheatsheets.php,redraft-db,rp,Joshua Metellus,19580,DB,MIN,28.44,4.37,21,34,,josh-metellus.php,,,23.8,,,,,,6.0,Joshua Metellus,2026-08-07,MIN
/nfl/rankings/db-cheatsheets.php,redraft-db,rp,Devon Witherspoon,25243,DB,SEA,29.22,3.01,24,33,,devon-witherspoon.php,,,39.4,,,,,3.0,11.0,Devon Witherspoon,2026-08-07,SEA
/nfl/rankings/db-cheatsheets.php,redraft-db,rp,Kevin Winston Jr.,27035,DB,TEN,30.22,9.21,20,50,,kevin-winston-jr.php,,,12.0,,,,,8.0,9.0,Kevin Winston,2026-08-07,TEN
/nfl/rankings/db-cheatsheets.php,redraft-db,rp,Paulson Adebo,19237,DB,NYG,30.22,1.55,28,33,,paulson-adebo.php,,,18.3,,,,,,8.0,Paulson Adebo,2026-08-07,NYG
/nfl/rankings/db-cheatsheets.php,redraft-db,rp,AJ Haulcy,28069,DB,IND,31.56,10.02,21,45,,aj-haulcy.php,,,24.2,,,,,,13.0,AJ Haulcy,2026-08-07,IND
/nfl/rankings/db-cheatsheets.php,redraft-db,rp,Brandon Jones,19248,DB,DEN,31.56,3.24,26,35,,brandon-jones-s.php,,,15.9,,,,,6.0,10.0,Brandon Jones,2026-08-07,DEN
/nfl/rankings/db-cheatsheets.php,redraft-db,rp,Tyler Nubin,26117,DB,NYG,31.78,3.82,27,38,,tyler-nubin.php,,,13.1,,,,,-3.0,8.0,Tyler Nubin,2026-08-07,NYG
/nfl/rankings/db-cheatsheets.php,redraft-db,rp,Kamari Lassiter,26118,DB,HOU,34.56,5.89,24,42,,kamari-lassiter.php,,,37.1,,,,,,8.0,Kamari Lassiter,2026-08-07,HOU
/nfl/rankings/db-cheatsheets.php,redraft-db,rp,Jalen Thompson,19108,DB,DAL,34.67,4.27,25,39,,jalen-thompson.php,,,17.3,,,,,-5.0,14.0,Jalen Thompson,2026-08-07,DAL
/nfl/rankings/db-cheatsheets.php,redraft-db,rp,Alontae Taylor,23747,DB,TEN,34.67,5.25,28,43,,alontae-taylor.php,,,22.1,,,,,-6.0,9.0,Alontae Taylor,2026-08-07,TEN
/nfl/rankings/db-cheatsheets.php,redraft-db,rp,Cam Bynum,22757,DB,IND,35.11,4.36,26,41,,camryn-bynum.php,,,12.8,,,,,,13.0,Cam Bynum,2026-08-07,IND
/nfl/rankings/db-cheatsheets.php,redraft-db,rp,Grant Delpit,19203,DB,CLE,38.89,3.54,32,45,,grant-delpit.php,,,19.4,,,,,,11.0,Grant Delpit,2026-08-07,CLE
/nfl/rankings/db-cheatsheets.php,redraft-db,rp,Cole Bishop,26229,DB,BUF,39.33,3.2,34,44,,cole-bishop.php,,,16.9,,,,,,7.0,Cole Bishop,2026-08-07,BUF
/nfl/rankings/db-cheatsheets.php,redraft-db,rp,Minkah Fitzpatrick,17278,DB,NYJ,40.44,5.6,33,47,,minkah-fitzpatrick.php,,,16.9,,,,,5.0,13.0,Minkah Fitzpatrick,2026-08-07,NYJ
/nfl/rankings/db-cheatsheets.php,redraft-db,rp,C.J. Gardner-Johnson,18649,DB,BUF,42.0,4.22,33,48,,chauncey-gardner-johnson.php,,,8.7,,,,,,7.0,CJ Gardner-Johnson,2026-08-07,BUF
/nfl/rankings/db-cheatsheets.php,redraft-db,rp,Malik Mustapha,26326,DB,SF,42.89,5.74,35,50,,malik-mustapha.php,,,13.6,,,,,,8.0,Malik Mustapha,2026-08-07,SFO
/nfl/rankings/db-cheatsheets.php,redraft-db,rp,Amani Hooker,18589,DB,TEN,45.0,8.98,31,58,,amani-hooker.php,,,10.5,,,,,-9.0,9.0,Amani Hooker,2026-08-07,TEN
/nfl/rankings/db-cheatsheets.php,redraft-db,rp,Evan Williams,26131,DB,GB,45.89,3.21,39,49,,evan-williams.php,,,8.8,,,,,,11.0,Evan Williams,2026-08-07,GBP
/nfl/rankings/db-cheatsheets.php,redraft-db,rp,Jalen Ramsey,15491,DB,PIT,48.44,9.42,35,69,,jalen-ramsey.php,,,16.4,,,,,,9.0,Jalen Ramsey,2026-08-07,PIT
/nfl/rankings/db-cheatsheets.php,redraft-db,rp,Mike Sainristil,26126,DB,WAS,50.78,2.97,47,56,,mike-sainristil.php,,,10.0,,,,,,7.0,Mike Sainristil,2026-08-07,WAS
/nfl/rankings/db-cheatsheets.php,redraft-db,rp,Malaki Starks,27017,DB,BAL,57.0,10.83,39,76,,malaki-starks.php,,,36.1,,,,,,13.0,Malaki Starks,2026-08-07,BAL
/nfl/rankings/db-cheatsheets.php,redraft-db,rp,Jevon Holland,22690,DB,NYG,69.67,23.35,41,107,,jevon-holland.php,,,6.2,,,,,,8.0,Jevon Holland,2026-08-07,NYG
/nfl/rankings/db-cheatsheets.php,redraft-db,rp,Dadrion Taylor-Demerson,26346,DB,ARI,42.0,5.52,35,50,,dadrion-taylor-demerson.php,,,2.8,,,,,,14.0,Dadrion Taylor-Demerson,2026-08-07,ARI
/nfl/rankings/db-cheatsheets.php,redraft-db,rp,Reed Blankenship,22754,DB,HOU,44.25,2.73,38,47,,reed-blankenship.php,,,14.9,,,,,,8.0,Reed Blankenship,2026-08-07,HOU
/nfl/rankings/db-cheatsheets.php,redraft-db,rp,Riley Moss,25459,DB,DEN,48.43,3.96,41,53,,riley-moss.php,,,9.2,,,,,,10.0,Riley Moss,2026-08-07,DEN
/nfl/rankings/db-cheatsheets.php,redraft-db,rp,Kamren Kinchens,26109,DB,LAR,59.86,16.74,40,95,,kamren-kinchens.php,,,5.9,,,,,,11.0,Kamren Kinchens,2026-08-07,LAR
/nfl/rankings/db-cheatsheets.php,redraft-db,rp,Kerby Joseph,23800,DB,DET,54.5,4.89,51,65,,kerby-joseph.php,,,14.4,,,,,,6.0,Kerby Joseph,2026-08-07,DET
/nfl/rankings/db-cheatsheets.php,redraft-db,rp,Dax Hill,24197,DB,CIN,60.67,7.74,54,72,,daxton-hill.php,,,12.3,,,,,7.0,6.0,Daxton Hill,2026-08-07,CIN
/nfl/rankings/db-cheatsheets.php,redraft-db,rp,Andrew Mukuba,27081,DB,PHI,79.0,9.61,59,89,,andrew-mukuba.php,,,16.2,,,,,32.0,10.0,Andrew Mukuba,2026-08-07,PHI
/nfl/rankings/db-cheatsheets.php,redraft-db,rp,DaRon Bland,24551,DB,DAL,54.8,2.4,52,59,,daron-bland.php,,,19.6,,,,,16.0,14.0,DaRon Bland,2026-08-07,DAL
/nfl/rankings/db-cheatsheets.php,redraft-db,rp,Byron Murphy Jr.,18220,DB,MIN,59.6,3.67,56,66,,byron-murphy.php,,,7.8,,,,,17.0,6.0,Byron Murphy,2026-08-07,MIN
/nfl/rankings/db-cheatsheets.php,redraft-db,rp,Trent McDuffie,23492,DB,LAR,60.6,7.12,47,68,,trent-mcduffie.php,,,26.6,,,,,18.0,11.0,Trent McDuffie,2026-08-07,LAR
/nfl/rankings/db-cheatsheets.php,redraft-db,rp,Dante Trader Jr.,27090,DB,MIA,60.8,16.56,42,84,,dante-trader.php,,,6.3,,,,,9.0,6.0,Dante Trader,2026-08-07,MIA
/nfl/rankings/db-cheatsheets.php,redraft-db,rp,Justin Reid,17320,DB,NO,60.8,6.27,50,68,,justin-reid.php,,,6.5,,,,,,8.0,Justin Reid,2026-08-07,NOS
/nfl/rankings/db-cheatsheets.php,redraft-db,rp,Antonio Johnson,24719,DB,JAC,60.8,11.46,51,83,,antonio-johnson-cb.php,,,5.5,,,,,,7.0,Antonio Johnson,2026-08-07,JAC
/nfl/rankings/db-cheatsheets.php,redraft-db,rp,Isaiah Pola-Mao,23939,DB,LV,61.8,11.0,51,83,,isaiah-pola-mao.php,,,20.7,,,,,,13.0,Isaiah Pola-Mao,2026-08-07,LVR
/nfl/rankings/db-cheatsheets.php,redraft-db,rp,Ronnie Hickman Jr.,25796,DB,CLE,62.8,24.3,17,83,,ronnie-hickman.php,,,5.4,,,,,7.0,11.0,Ronnie Hickman,2026-08-07,CLE
/nfl/rankings/db-cheatsheets.php,redraft-db,rp,Kyler Gordon,23765,DB,CHI,65.0,20.69,48,105,,kyler-gordon.php,,,6.8,,,,,,10.0,Kyler Gordon,2026-08-07,CHI
/nfl/rankings/db-cheatsheets.php,redraft-db,rp,Jonas Sanker,27210,DB,NO,65.2,8.18,49,71,,jonas-sanker.php,,,13.9,,,,,-9.0,8.0,Jonas Sanker,2026-08-07,NOS
/nfl/rankings/db-cheatsheets.php,redraft-db,rp,Calen Bullock,26111,DB,HOU,66.2,9.74,48,73,,calen-bullock.php,,,6.6,,,,,,8.0,Calen Bullock,2026-08-07,HOU
/nfl/rankings/db-cheatsheets.php,redraft-db,rp,Nick Scott,18476,DB,CAR,66.4,23.26,23,87,,nick-scott.php,,,8.9,,,,,-7.0,5.0,Nick Scott,2026-08-07,CAR
/nfl/rankings/db-cheatsheets.php,redraft-db,rp,Craig Woodson,27242,DB,NE,66.8,10.93,56,81,,craig-woodson.php,,,8.5,,,,,-9.0,11.0,Craig Woodson,2026-08-07,NEP
/nfl/rankings/db-cheatsheets.php,redraft-db,rp,Upton Stout,27246,DB,SF,72.0,20.77,41,106,,upton-stout.php,,,3.2,,,,,,8.0,Upton Stout,2026-08-07,SFO
/nfl/rankings/db-cheatsheets.php,redraft-db,rp,Will Harris,18682,DB,WAS,72.2,18.59,46,90,,will-harris.php,,,2.2,,,,,,7.0,Will Harris,2026-08-07,WAS
/nfl/rankings/db-cheatsheets.php,redraft-db,rp,Alohi Gilman,19379,DB,KC,73.0,16.55,44,87,,alohi-gilman.php,,,12.0,,,,,,5.0,Alohi Gilman,2026-08-07,KCC
/nfl/rankings/db-cheatsheets.php,redraft-db,rp,Julian Blackmon,19394,DB,NO,73.2,5.19,65,80,,julian-blackmon.php,,,3.5,,,,,-17.0,8.0,Julian Blackmon,2026-08-07,NOS
/nfl/rankings/db-cheatsheets.php,redraft-db,rp,Jacob Parrish,27257,DB,TB,74.0,21.47,44,111,,jacob-parrish.php,,,3.8,,,,,24.0,10.0,Jacob Parrish,2026-08-07,TBB
/nfl/rankings/db-cheatsheets.php,redraft-db,rp,Marcus Jones,23890,DB,NE,74.4,21.43,43,110,,marcus-jones.php,,,38.0,,,,,22.0,11.0,Marcus Jones,2026-08-07,NEP
/nfl/rankings/db-cheatsheets.php,redraft-db,rp,Coby Bryant,23734,DB,CHI,76.6,9.5,61,84,,coby-bryant.php,,,12.1,,,,,-17.0,10.0,Coby Bryant,2026-08-07,CHI
/nfl/rankings/db-cheatsheets.php,redraft-db,rp,Ji'Ayir Brown,25258,DB,SF,77.8,21.05,61,116,,jiayir-brown.php,,,4.8,,,,,11.0,8.0,JiAyir Brown,2026-08-07,SFO
/nfl/rankings/db-cheatsheets.php,redraft-db,rp,Jourdan Lewis,16632,DB,JAC,80.6,14.28,54,96,,jourdan-lewis.php,,,3.0,,,,,24.0,7.0,Jourdan Lewis,2026-08-07,JAC
/nfl/rankings/db-cheatsheets.php,redraft-db,rp,Taron Johnson,17431,DB,LV,81.0,19.4,53,114,,taron-johnson.php,,,6.7,,,,,,13.0,Taron Johnson,2026-08-07,LVR
/nfl/rankings/db-cheatsheets.php,redraft-db,rp,Eric Murray,15653,DB,JAC,81.2,17.01,53,96,,eric-murray.php,,,6.3,,,,,,7.0,Eric Murray,2026-08-07,JAC
/nfl/rankings/db-cheatsheets.php,redraft-db,rp,Bryan Cook,23854,DB,CIN,83.4,6.62,71,91,,bryan-cook.php,,,7.0,,,,,-16.0,6.0,Bryan Cook,2026-08-07,CIN
/nfl/rankings/db-cheatsheets.php,redraft-db,rp,Dru Phillips,26164,DB,NYG,84.4,23.67,60,129,,andru-phillips.php,,,3.8,,,,,,8.0,Andru Phillips,2026-08-07,NYG
/nfl/rankings/db-cheatsheets.php,redraft-db,rp,Andre Cisco,22715,DB,NYJ,97.0,6.72,87,107,,andre-cisco.php,,,2.4,,,,,18.0,13.0,Andre Cisco,2026-08-07,NYJ
/nfl/rankings/db-cheatsheets.php,redraft-db,rp,Geno Stone,19390,DB,BUF,97.8,50.49,66,198,,geno-stone.php,,,18.8,,,,,-17.0,7.0,Geno Stone,2026-08-07,BUF
/nfl/rankings/db-cheatsheets.php,redraft-db,rp,Lathan Ransom,24724,DB,CAR,106.2,50.47,47,200,,lathan-ransom.php,,,3.9,,,,,26.0,5.0,Lathan Ransom,2026-08-07,CAR
/nfl/rankings/db-cheatsheets.php,redraft-db,rp,Marlon Humphrey,16390,DB,BAL,41.5,2.29,38,44,,marlon-humphrey.php,,,16.8,,,,,-23.0,13.0,Marlon Humphrey,2026-08-07,BAL
/nfl/rankings/db-cheatsheets.php,redraft-db,rp,Mike Jackson Sr.,18637,DB,CAR,64.75,2.49,61,67,,michael-jackson-cb.php,,,9.9,,,,,-9.0,5.0,Mike Jackson,2026-08-07,CAR
/nfl/rankings/db-cheatsheets.php,redraft-db,rp,Christian Gonzalez,25238,DB,NE,65.75,4.15,62,72,,christian-gonzalez.php,,,28.7,,,,,,11.0,Christian Gonzalez,2026-08-07,NEP
/nfl/rankings/db-cheatsheets.php,redraft-db,rp,Tyson Campbell,22706,DB,CLE,68.0,4.9,60,72,,tyson-campbell.php,,,19.4,,,,,-9.0,11.0,Tyson Campbell,2026-08-07,CLE
/nfl/rankings/db-cheatsheets.php,redraft-db,rp,Zyon McCollum,24498,DB,TB,71.5,7.89,58,77,,zyon-mccollum.php,,,8.2,,,,,,10.0,Zyon McCollum,2026-08-07,TBB
/nfl/rankings/db-cheatsheets.php,redraft-db,rp,Keisean Nixon,18495,DB,GB,76.0,3.24,72,81,,keisean-nixon.php,,,13.5,,,,,,11.0,Keisean Nixon,2026-08-07,GBP
/nfl/rankings/db-cheatsheets.php,redraft-db,rp,Kool-Aid McKinstry,26098,DB,NO,76.75,20.44,42,92,,kool-aid-mckinstry.php,,,8.8,,,,,-10.0,8.0,Kool-Aid McKinstry,2026-08-07,NOS
/nfl/rankings/db-cheatsheets.php,redraft-db,rp,Nahshon Wright,23243,DB,NYJ,81.75,15.11,56,93,,nahshon-wright.php,,,7.0,,,,,,13.0,Nahshon Wright,2026-08-07,NYJ
/nfl/rankings/db-cheatsheets.php,redraft-db,rp,Elijah Molden,22742,DB,LAC,85.75,5.67,80,94,,elijah-molden.php,,,1.6,,,,,,7.0,Elijah Molden,2026-08-07,LAC
/nfl/rankings/db-cheatsheets.php,redraft-db,rp,Nate Wiggins,26100,DB,BAL,91.75,7.08,80,99,,nate-wiggins.php,,,11.5,,,,,,13.0,Nate Wiggins,2026-08-07,BAL
/nfl/rankings/db-cheatsheets.php,redraft-db,rp,Tyrique Stevenson,25263,DB,CHI,93.75,22.39,78,132,,tyrique-stevenson.php,,,5.1,,,,,10.0,10.0,Tyrique Stevenson,2026-08-07,CHI
/nfl/rankings/db-cheatsheets.php,redraft-db,rp,Tony Jefferson II,11769,DB,LAC,96.25,10.66,78,105,,tony-jefferson.php,,,3.9,,,,,,7.0,Tony Jefferson,2026-08-07,LAC
/nfl/rankings/db-cheatsheets.php,redraft-db,rp,D.J. Reed Jr.,17375,DB,DET,97.25,1.48,95,99,,dj-reed.php,,,7.1,,,,,12.0,6.0,DJ Reed,2026-08-07,DET
/nfl/rankings/db-cheatsheets.php,redraft-db,rp,Ty Okada,25688,DB,SEA,99.5,10.33,91,117,,ty-okada.php,,,8.4,,,,,,11.0,Ty Okada,2026-08-07,SEA
/nfl/rankings/db-cheatsheets.php,redraft-db,rp,Marcus Epps,18575,DB,PHI,111.0,17.25,97,140,,marcus-epps.php,,,8.8,,,,,12.0,10.0,Marcus Epps,2026-08-07,PHI
/nfl/rankings/db-cheatsheets.php,redraft-db,rp,Billy Bowman Jr.,27187,DB,ATL,114.75,24.04,97,156,,billy-bowman-jr.php,,,6.8,,,,,12.0,11.0,Billy Bowman,2026-08-07,ATL
/nfl/rankings/db-cheatsheets.php,redraft-db,rp,Theo Jackson,24001,DB,MIN,118.0,47.97,88,201,,theo-jackson.php,,,3.5,,,,,,6.0,Theo Jackson,2026-08-07,MIN
/nfl/rankings/db-cheatsheets.php,redraft-db,rp,Javon Bullard,26121,DB,GB,108.0,33.44,61,136,,javon-bullard.php,,,5.1,,,,,,11.0,Javon Bullard,2026-08-07,GBP
/nfl/rankings/db-cheatsheets.php,redraft-db,rp,D'Angelo Ponds,27992,DB,NYJ,129.0,49.52,59,166,,dangelo-ponds.php,,,7.7,,,,,-10.0,13.0,DAngelo Ponds,2026-08-07,NYJ
/nfl/rankings/db-cheatsheets.php,redraft-db,rp,Andrew Wingard,18576,DB,ARI,137.67,65.49,46,195,,andrew-wingard.php,,,2.2,,,,,-19.0,14.0,Andrew Wingard,2026-08-07,ARI
/nfl/rankings/db-cheatsheets.php,redraft-db,rp,Jaden Hicks,26231,DB,KC,138.0,57.52,57,185,,jaden-hicks.php,,,2.7,,,,,-14.0,5.0,Jaden Hicks,2026-08-07,KCC
/nfl/rankings/db-cheatsheets.php,redraft-db,rp,Kyle Dugger,19337,DB,CIN,157.67,67.66,62,207,,kyle-dugger.php,,,2.8,,,,,-12.0,6.0,Kyle Dugger,2026-08-07,CIN
/nfl/rankings/db-cheatsheets.php,redraft-db,rp,A.J. Terrell Jr.,19224,DB,ATL,70.5,25.5,45,96,,aj-terrell.php,,,11.3,,,,,,11.0,AJ Terrell,2026-08-07,ATL
/nfl/rankings/db-cheatsheets.php,redraft-db,rp,Pat Surtain II,23609,DB,DEN,72.5,20.5,52,93,,patrick-surtain-ii.php,,,15.8,,,,,,10.0,Patrick Surtain,2026-08-07,DEN
/nfl/rankings/db-cheatsheets.php,redraft-db,rp,Jaylon Carlies,26465,LB,IND,192.33,95.01,58,262,,jaylon-carlies.php,,,3.7,,,,,-17.0,13.0,Jaylon Carlies,2026-08-07,IND
/nfl/rankings/db-cheatsheets.php,redraft-db,rp,Mike Hughes,17335,DB,ATL,81.5,18.5,63,100,,mike-hughes.php,,,2.3,,,,,,11.0,Mike Hughes,2026-08-07,ATL
/nfl/rankings/db-cheatsheets.php,redraft-db,rp,Jaylen Watson,24291,DB,LAR,82.5,18.5,64,101,,jaylen-watson.php,,,4.0,,,,,,11.0,Jaylen Watson,2026-08-07,LAR
/nfl/rankings/db-cheatsheets.php,redraft-db,rp,Emmanuel McNeil-Warren,28081,DB,CLE,195.33,86.5,73,257,,emmanuel-mcneil-warren.php,,,23.4,,,,,-39.0,11.0,Emmanuel McNeil-Warren,2026-08-07,CLE
/nfl/rankings/db-cheatsheets.php,redraft-db,rp,Charvarius Ward,17763,DB,IND,87.5,14.5,73,102,,charvarius-ward.php,,,2.8,,,,,,13.0,Charvarius Ward,2026-08-07,IND
/nfl/rankings/db-cheatsheets.php,redraft-db,rp,Carlton Davis III,17318,DB,NE,89.0,20.0,69,109,,carlton-davis.php,,,3.7,,,,,,11.0,Carlton Davis,2026-08-07,NEP
/nfl/rankings/db-cheatsheets.php,redraft-db,rp,Deommodore Lenoir,19282,DB,SF,92.5,21.5,71,114,,deommodore-lenoir.php,,,3.3,,,,,,8.0,Deommodore Lenoir,2026-08-07,SFO
/nfl/rankings/db-cheatsheets.php,redraft-db,rp,Renardo Green,26451,DB,SF,95.5,21.5,74,117,,renardo-green.php,,,2.5,,,,,,8.0,Renardo Green,2026-08-07,SFO
/nfl/rankings/db-cheatsheets.php,redraft-db,rp,Montaric Brown,23932,DB,JAC,97.0,15.0,82,112,,montaric-brown.php,,,2.6,,,,,,7.0,Montaric Brown,2026-08-07,JAC
/nfl/rankings/db-cheatsheets.php,redraft-db,rp,Jaycee Horn,22701,DB,CAR,98.0,6.0,92,104,,jaycee-horn.php,,,3.8,,,,,,5.0,Jaycee Horn,2026-08-07,CAR
/nfl/rankings/db-cheatsheets.php,redraft-db,rp,Joey Porter Jr.,24705,DB,PIT,99.0,11.0,88,110,,joey-porter-jr.php,,,7.2,,,,,,9.0,Joey Porter,2026-08-07,PIT
/nfl/rankings/db-cheatsheets.php,redraft-db,rp,Sauce Gardner,23472,DB,IND,99.5,13.5,86,113,,ahmad-gardner.php,,,9.8,,,,,,13.0,Ahmad Gardner,2026-08-07,IND
/nfl/rankings/db-cheatsheets.php,redraft-db,rp,Derek Stingley Jr.,23498,DB,HOU,105.5,15.5,90,121,,derek-stingley-jr.php,,,11.9,,,,,,8.0,Derek Stingley,2026-08-07,HOU
/nfl/rankings/db-cheatsheets.php,redraft-db,rp,Christian Benford,24565,DB,BUF,105.5,14.5,91,120,,christian-benford.php,,,4.9,,,,,,7.0,Christian Benford,2026-08-07,BUF
/nfl/rankings/db-cheatsheets.php,redraft-db,rp,Dee Alford,23703,DB,BUF,107.0,20.0,87,127,,dee-alford.php,,,5.6,,,,,,7.0,Dee Alford,2026-08-07,BUF
/nfl/rankings/db-cheatsheets.php,redraft-db,rp,Brandon Stephens,14469,DB,NYJ,107.0,9.0,98,116,,brandon-stephens.php,,,3.4,,,,,,13.0,Brandon Stephens,2026-08-07,NYJ
/nfl/rankings/db-cheatsheets.php,redraft-db,rp,Jason Marshall Jr.,26151,DB,MIA,108.5,6.5,102,115,,jason-marshall-jr.php,,,1.4,,,,,,6.0,Jason Marshall,2026-08-07,MIA
/nfl/rankings/db-cheatsheets.php,redraft-db,rp,Lonnie Johnson Jr.,18388,DB,MIA,111.0,8.0,103,119,,lonnie-johnson.php,,,1.8,,,,,,6.0,Lonnie Johnson,2026-08-07,MIA
/nfl/rankings/db-cheatsheets.php,redraft-db,rp,Tarheeb Still,26467,DB,LAC,111.5,10.5,101,122,,tarheeb-still.php,,,2.2,,,,,,7.0,Tarheeb Still,2026-08-07,LAC
/nfl/rankings/db-cheatsheets.php,redraft-db,rp,Malik Hooker,16373,DB,DAL,117.0,9.0,108,126,,malik-hooker.php,,,3.5,,,,,,14.0,Malik Hooker,2026-08-07,DAL
/nfl/rankings/db-cheatsheets.php,redraft-db,rp,Jay Ward,25277,DB,MIN,117.0,8.0,109,125,,jay-ward.php,,,1.5,,,,,,6.0,Jay Ward,2026-08-07,MIN
/nfl/rankings/db-cheatsheets.php,redraft-db,rp,Denzel Burke,26107,DB,ARI,121.0,8.0,113,129,,denzel-burke.php,,,1.6,,,,,,14.0,Denzel Burke,2026-08-07,ARI
/nfl/rankings/db-cheatsheets.php,redraft-db,rp,Denzel Ward,17314,DB,CLE,121.5,9.5,112,131,,denzel-ward.php,,,3.8,,,,,,11.0,Denzel Ward,2026-08-07,CLE
/nfl/rankings/db-cheatsheets.php,redraft-db,rp,Cor'Dale Flott,24541,DB,TEN,122.5,1.5,121,124,,cordale-flott.php,,,2.8,,,,,,9.0,CorDale Flott,2026-08-07,TEN
/nfl/rankings/db-cheatsheets.php,redraft-db,rp,Isaiah Rodgers Sr.,19821,DB,MIN,124.0,4.0,120,128,,isaiah-rodgers.php,,,4.1,,,,,,6.0,Isaiah Rodgers,2026-08-07,MIN
/nfl/rankings/db-cheatsheets.php,redraft-db,rp,Will Johnson,27009,DB,ARI,125.0,7.0,118,132,,will-johnson-cb.php,,,3.0,,,,,,14.0,Will Johnson,2026-08-07,ARI
/nfl/rankings/db-cheatsheets.php,redraft-db,rp,Jamel Dean,18583,DB,PIT,126.0,4.0,122,130,,jamel-dean.php,,,4.6,,,,,,9.0,Jamel Dean,2026-08-07,PIT
/nfl/rankings/db-cheatsheets.php,redraft-db,rp,Eric Stokes,22708,DB,LV,128.0,5.0,123,133,,eric-stokes.php,,,1.5,,,,,,13.0,Eric Stokes,2026-08-07,LVR
/nfl/rankings/db-cheatsheets.php,redraft-db,rp,JuJu Brents,25285,DB,MIA,130.0,4.0,126,134,,julius-brents.php,,,1.3,,,,,,6.0,Julius Brents,2026-08-07,MIA
/nfl/rankings/db-cheatsheets.php,redraft-db,rp,Justin Walley,27313,DB,IND,131.5,6.5,125,138,,justin-walley.php,,,0.8,,,,,,13.0,Justin Walley,2026-08-07,IND
/nfl/rankings/db-cheatsheets.php,redraft-db,rp,Ja'Quan McMillian,24819,DB,DEN,131.5,3.5,128,135,,jaquan-mcmillian.php,,,5.0,,,,,,10.0,JaQuan McMillian,2026-08-07,DEN
/nfl/rankings/db-cheatsheets.php,redraft-db,rp,Jaylon Johnson,19254,DB,CHI,132.5,9.5,123,142,,jaylon-johnson.php,,,3.7,,,,,,10.0,Jaylon Johnson,2026-08-07,CHI
/nfl/rankings/db-cheatsheets.php,redraft-db,rp,DJ Turner II,25262,DB,CIN,134.0,3.0,131,137,,dj-turner-cb.php,,,3.1,,,,,,6.0,DJ Turner,2026-08-07,CIN
/nfl/rankings/db-cheatsheets.php,redraft-db,rp,Thomas Harper,26519,DB,DET,136.0,6.0,130,142,,thomas-harper.php,,,1.3,,,,,,6.0,Thomas Harper,2026-08-07,DET
/nfl/rankings/db-cheatsheets.php,redraft-db,rp,Roger McCreary,23713,DB,DET,136.0,3.0,133,139,,roger-mccreary.php,,,3.1,,,,,,6.0,Roger McCreary,2026-08-07,DET
/nfl/rankings/db-cheatsheets.php,redraft-db,rp,Maxwell Hairston,27070,DB,BUF,137.0,18.0,119,155,,maxwell-hairston.php,,,3.6,,,,,,7.0,Maxwell Hairston,2026-08-07,BUF
/nfl/rankings/db-cheatsheets.php,redraft-db,rp,Cam Hart,26233,DB,LAC,137.0,3.0,134,140,,cam-hart.php,,,1.3,,,,,,7.0,Cam Hart,2026-08-07,LAC
/nfl/rankings/db-cheatsheets.php,redraft-db,rp,Trey Amos,27150,DB,WAS,138.5,2.5,136,141,,trey-amos.php,,,1.9,,,,,,7.0,Trey Amos,2026-08-07,WAS
/nfl/rankings/db-cheatsheets.php,redraft-db,rp,Quinyon Mitchell,26106,DB,PHI,139.0,4.0,135,143,,quinyon-mitchell.php,,,6.9,,,,,,10.0,Quinyon Mitchell,2026-08-07,PHI
/nfl/rankings/db-cheatsheets.php,redraft-db,rp,Josh Jobe,22720,DB,SEA,143.0,2.0,141,145,,josh-jobe.php,,,2.9,,,,,,11.0,Josh Jobe,2026-08-07,SEA
/nfl/rankings/db-cheatsheets.php,redraft-db,rp,Jalen Davis,17648,DB,CIN,143.5,4.5,139,148,,jalen-davis.php,,,1.1,,,,,,6.0,Jalen Davis,2026-08-07,CIN
/nfl/rankings/db-cheatsheets.php,redraft-db,rp,Chau Smith-Wade,26235,DB,CAR,144.0,7.0,137,151,,chau-smithwade.php,,,1.1,,,,,,5.0,Chau Smith-Wade,2026-08-07,CAR
/nfl/rankings/db-cheatsheets.php,redraft-db,rp,Quincy Riley,27061,DB,NO,147.5,4.5,143,152,,quincy-riley.php,,,1.7,,,,,,8.0,Quincy Riley,2026-08-07,NOS
/nfl/rankings/db-cheatsheets.php,redraft-db,rp,Amik Robertson,19364,DB,WAS,148.0,1.0,147,149,,amik-robertson.php,,,2.6,,,,,,7.0,Amik Robertson,2026-08-07,WAS
/nfl/rankings/db-cheatsheets.php,redraft-db,rp,Mansoor Delane,27047,DB,KC,148.5,10.5,138,159,,mansoor-delane.php,,,24.8,,,,,,5.0,Mansoor Delane,2026-08-07,KCC
/nfl/rankings/db-cheatsheets.php,redraft-db,rp,James Pierre,19659,DB,MIN,149.0,4.0,145,153,,james-pierre.php,,,1.9,,,,,,6.0,James Pierre,2026-08-07,MIN
/nfl/rankings/db-cheatsheets.php,redraft-db,rp,Kader Kohou,24898,DB,KC,149.5,2.5,147,152,,kader-kohou.php,,,2.8,,,,,,5.0,Kader Kohou,2026-08-07,KCC
/nfl/rankings/db-cheatsheets.php,redraft-db,rp,Greg Newsome II,23238,DB,NYG,150.0,4.0,146,154,,greg-newsome-db.php,,,1.7,,,,,,8.0,Greg Newsome,2026-08-07,NYG
/nfl/rankings/db-cheatsheets.php,redraft-db,rp,Benjamin Morrison,27019,DB,TB,151.5,1.5,150,153,,benjamin-morrison.php,,,2.2,,,,,,10.0,Benjamin Morrison,2026-08-07,TBB
/nfl/rankings/db-cheatsheets.php,redraft-db,rp,Riq Woolen,23881,DB,PHI,153.0,4.0,149,157,,tariq-woolen.php,,,3.7,,,,,,10.0,Tariq Woolen,2026-08-07,PHI
/nfl/rankings/db-cheatsheets.php,redraft-db,rp,Jarvis Brownlee Jr.,26450,DB,NYJ,155.0,5.0,150,160,,jarvis-brownlee.php,,,0.8,,,,,,13.0,Jarvis Brownlee,2026-08-07,NYJ
/nfl/rankings/db-cheatsheets.php,redraft-db,rp,Jarrian Jones,26334,DB,JAC,157.0,13.0,144,170,,jarrian-jones.php,,,1.2,,,,,,7.0,Jarrian Jones,2026-08-07,JAC
/nfl/rankings/db-cheatsheets.php,redraft-db,rp,Darien Porter,27195,DB,LV,157.0,1.0,156,158,,darien-porter.php,,,1.2,,,,,,13.0,Darien Porter,2026-08-07,LVR
/nfl/rankings/db-cheatsheets.php,redraft-db,rp,Chidobe Awuzie,16635,DB,BAL,157.5,3.5,154,161,,chidobe-awuzie.php,,,3.5,,,,,,13.0,Chidobe Awuzie,2026-08-07,BAL
/nfl/rankings/db-cheatsheets.php,redraft-db,rp,Myles Harden,26347,DB,CLE,158.5,3.5,155,162,,myles-harden.php,,,2.0,,,,,,11.0,Myles Harden,2026-08-07,CLE
/nfl/rankings/db-cheatsheets.php,redraft-db,rp,Juanyeh Thomas,24865,DB,IND,160.0,57.0,103,217,,juanyeh-thomas.php,,,19.7,,,,,,13.0,Juanyeh Thomas,2026-08-07,IND
/nfl/rankings/db-cheatsheets.php,redraft-db,rp,Cobie Durant,24546,DB,DAL,160.0,3.0,157,163,,decobie-durant.php,,,3.2,,,,,,14.0,Cobie Durant,2026-08-07,DAL
/nfl/rankings/db-cheatsheets.php,redraft-db,rp,Deonte Banks,25365,DB,NYG,161.5,2.5,159,164,,deonte-banks.php,,,22.8,,,,,,8.0,Deonte Banks,2026-08-07,NYG
/nfl/rankings/db-cheatsheets.php,redraft-db,rp,Carrington Valentine,25493,DB,GB,162.5,2.5,160,165,,carrington-valentine.php,,,1.6,,,,,,11.0,Carrington Valentine,2026-08-07,GBP
/nfl/rankings/db-cheatsheets.php,redraft-db,rp,Isaac Yiadom,17570,DB,NO,164.5,3.5,161,168,,isaac-yiadom.php,,,1.2,,,,,,8.0,Isaac Yiadom,2026-08-07,NOS
/nfl/rankings/db-cheatsheets.php,redraft-db,rp,Emmanuel Forbes Jr.,25278,DB,LAR,165.0,2.0,163,167,,emmanuel-forbes.php,,,1.7,,,,,,11.0,Emmanuel Forbes,2026-08-07,LAR
/nfl/rankings/db-cheatsheets.php,redraft-db,rp,Bud Clark,28212,DB,SEA,167.0,98.0,69,265,,bud-clark.php,,,3.4,,,,,-75.0,11.0,Bud Clark,2026-08-07,SEA
/nfl/rankings/db-cheatsheets.php,redraft-db,rp,Shemar Jean-Charles,23308,DB,SEA,167.0,16.0,151,183,,shemar-jean-charles.php,,,1.5,,,,,,11.0,Shemar Jean-Charles,2026-08-07,SEA
/nfl/rankings/db-cheatsheets.php,redraft-db,rp,Donte Jackson,17507,DB,LAC,167.0,2.0,165,169,,donte-jackson.php,,,1.6,,,,,,7.0,Donte Jackson,2026-08-07,LAC
/nfl/rankings/db-cheatsheets.php,redraft-db,rp,Garrett Williams,23855,DB,ARI,168.5,2.5,166,171,,garrett-williams.php,,,3.0,,,,,,14.0,Garrett Williams,2026-08-07,ARI
/nfl/rankings/db-cheatsheets.php,redraft-db,rp,Marques Sigle,27477,DB,SF,171.0,13.0,158,184,,marques-sigle.php,,,1.0,,,,,-88.0,8.0,Marques Sigle,2026-08-07,SFO
/nfl/rankings/db-cheatsheets.php,redraft-db,rp,Benjamin St-Juste,22826,DB,GB,172.0,3.0,169,175,,benjamin-stjuste.php,,,1.0,,,,,,11.0,Benjamin St-Juste,2026-08-07,GBP
/nfl/rankings/db-cheatsheets.php,redraft-db,rp,Cam Lewis,18724,DB,CHI,174.0,10.0,164,184,,cam-lewis.php,,,1.6,,,,,,10.0,Cam Lewis,2026-08-07,CHI
/nfl/rankings/db-cheatsheets.php,redraft-db,rp,Jalen Huskey,28354,DB,JAC,174.0,4.0,170,178,,jalen-huskey.php,,,2.7,,,,,,7.0,Jalen Huskey,2026-08-07,JAC
/nfl/rankings/db-cheatsheets.php,redraft-db,rp,Ronnie Harrison Jr.,17319,DB,MIA,175.0,132.0,43,307,,ronnie-harrison.php,,,0.9,,,,,,6.0,Ronnie Harrison,2026-08-07,MIA
/nfl/rankings/db-cheatsheets.php,redraft-db,rp,Cole Wisniewski,28244,DB,PHI,175.0,1.0,174,176,,cole-wisniewski.php,,,1.1,,,,,,10.0,Cole Wisniewski,2026-08-07,PHI
/nfl/rankings/db-cheatsheets.php,redraft-db,rp,Jonathan Jones,15692,DB,PHI,177.5,4.5,173,182,,jonathan-jones.php,,,2.8,,,,,,10.0,Jonathan Jones,2026-08-07,PHI
/nfl/rankings/db-cheatsheets.php,redraft-db,rp,Jordan Hancock,27125,DB,BUF,177.5,2.5,175,180,,jordan-hancock.php,,,0.9,,,,,,7.0,Jordan Hancock,2026-08-07,BUF
/nfl/rankings/db-cheatsheets.php,redraft-db,rp,Brandon Cisse,28075,DB,GB,177.5,1.5,176,179,,brandon-cisse.php,,,13.8,,,,,,11.0,Brandon Cisse,2026-08-07,GBP
/nfl/rankings/db-cheatsheets.php,redraft-db,rp,Myles Bryant,19596,DB,CLE,179.0,8.0,171,187,,myles-bryant.php,,,1.4,,,,,,11.0,Myles Bryant,2026-08-07,CLE
/nfl/rankings/db-cheatsheets.php,redraft-db,rp,Max Melton,25366,DB,ARI,179.5,1.5,178,181,,max-melton.php,,,0.9,,,,,,14.0,Max Melton,2026-08-07,ARI
/nfl/rankings/db-cheatsheets.php,redraft-db,rp,Rock Ya-Sin,18524,DB,DET,183.0,16.0,167,199,,rock-ya-sin.php,,,1.6,,,,,,6.0,Rock Ya-Sin,2026-08-07,DET
/nfl/rankings/db-cheatsheets.php,redraft-db,rp,Josh Wallace,26373,DB,LAR,184.0,4.0,180,188,,josh-wallace.php,,,0.7,,,,,,11.0,Josh Wallace,2026-08-07,LAR
/nfl/rankings/db-cheatsheets.php,redraft-db,rp,Avieon Terrell,27981,DB,ATL,185.0,67.0,118,252,,avieon-terrell.php,,,26.9,,,,,,11.0,Avieon Terrell,2026-08-07,ATL
/nfl/rankings/db-cheatsheets.php,redraft-db,rp,Reddy Steward,26652,DB,DAL,185.0,6.0,179,191,,reddy-steward.php,,,3.1,,,,,,14.0,Reddy Steward,2026-08-07,DAL
/nfl/rankings/db-cheatsheets.php,redraft-db,rp,Avonte Maddox,17580,DB,DET,185.5,17.5,168,203,,avonte-maddox.php,,,1.5,,,,,,6.0,Avonte Maddox,2026-08-07,DET
/nfl/rankings/db-cheatsheets.php,redraft-db,rp,Kelee Ringo,24707,DB,PHI,186.0,3.0,183,189,,kelee-ringo.php,,,0.7,,,,,,10.0,Kelee Ringo,2026-08-07,PHI
/nfl/rankings/db-cheatsheets.php,redraft-db,rp,Davison Igbinosun,27174,DB,BUF,186.5,5.5,181,192,,davison-igbinosun.php,,,2.8,,,,,,7.0,Davison Igbinosun,2026-08-07,BUF
/nfl/rankings/db-cheatsheets.php,redraft-db,rp,Shavon Revel Jr.,27024,DB,DAL,189.0,7.0,182,196,,shavon-revel-jr.php,,,1.5,,,,,,14.0,Shavon Revel,2026-08-07,DAL
/nfl/rankings/db-cheatsheets.php,redraft-db,rp,Tremon Smith,17573,DB,HOU,190.0,3.0,187,193,,tremon-smith.php,,,1.0,,,,,,8.0,Tremon Smith,2026-08-07,HOU
/nfl/rankings/db-cheatsheets.php,redraft-db,rp,Nohl Williams,27214,DB,KC,190.5,46.5,144,237,,nohl-williams.php,,,2.1,,,,,,5.0,Nohl Williams,2026-08-07,KCC
/nfl/rankings/db-cheatsheets.php,redraft-db,rp,Jermod McCoy,27956,DB,LV,191.0,5.0,186,196,,jermod-mccoy.php,,,20.1,,,,,,13.0,Jermod McCoy,2026-08-07,LVR
/nfl/rankings/db-cheatsheets.php,redraft-db,rp,Kendal Daniels,28290,DB,ATL,193.5,0.5,193,194,,kendal-daniels.php,,,3.4,,,,,,11.0,Kendal Daniels,2026-08-07,ATL
/nfl/rankings/db-cheatsheets.php,redraft-db,rp,Samuel Womack III,24553,DB,NYJ,197.5,7.5,190,205,,samuel-womack.php,,,3.7,,,,,,13.0,Samuel Womack,2026-08-07,NYJ
/nfl/rankings/db-cheatsheets.php,redraft-db,rp,Malik Muhammad II,27978,DB,CHI,198.5,10.5,188,209,,malik-muhammad.php,,,3.4,,,,,,10.0,Malik Muhammad,2026-08-07,CHI
/nfl/rankings/db-cheatsheets.php,redraft-db,rp,Azareye'h Thomas,27085,DB,NYJ,198.5,7.5,191,206,,azareyeh-thomas.php,,,1.0,,,,,,13.0,Azareyeh Thomas,2026-08-07,NYJ
/nfl/rankings/db-cheatsheets.php,redraft-db,rp,Chandler Rivers,28020,DB,BAL,198.5,0.5,198,199,,chandler-rivers.php,,,1.1,,,,,,13.0,Chandler Rivers,2026-08-07,BAL
/nfl/rankings/db-cheatsheets.php,redraft-db,rp,Noah Igbinoghene,19621,DB,SEA,200.0,3.0,197,203,,noah-igbinoghene.php,,,1.5,,,,,,11.0,Noah Igbinoghene,2026-08-07,SEA
/nfl/rankings/db-cheatsheets.php,redraft-db,rp,Qwan'tez Stiggers,26449,DB,NYJ,201.0,9.0,192,210,,qwantez-stiggers.php,,,0.9,,,,,,13.0,Qwantez Stiggers,2026-08-07,NYJ
/nfl/rankings/db-cheatsheets.php,redraft-db,rp,Tony Adams,24902,DB,TEN,203.5,1.5,202,205,,tony-adams-s.php,,,3.3,,,,,,9.0,Tony Adams,2026-08-07,TEN
/nfl/rankings/db-cheatsheets.php,redraft-db,rp,Julian Neal,28188,DB,SEA,204.0,4.0,200,208,,julian-neal.php,,,7.0,,,,,,11.0,Julian Neal,2026-08-07,SEA
/nfl/rankings/db-cheatsheets.php,redraft-db,rp,Rashad Wisdom,26203,DB,TB,205.0,1.0,204,206,,rashad-wisdom.php,,,0.7,,,,,,10.0,Rashad Wisdom,2026-08-07,TBB
/nfl/rankings/db-cheatsheets.php,redraft-db,rp,Keionte Scott,28185,DB,TB,208.5,18.5,190,227,,keionte-scott.php,,,10.9,,,,,,10.0,Keionte Scott,2026-08-07,TBB
/nfl/rankings/db-cheatsheets.php,redraft-db,rp,Erick Hallett II,25503,DB,TEN,209.0,1.0,208,210,,erick-hallett.php,,,2.2,,,,,,9.0,Erick Hallett,2026-08-07,TEN
/nfl/rankings/db-cheatsheets.php,redraft-db,rp,Christian Braswell,25502,DB,JAC,211.0,9.0,202,220,,christian-braswell.php,,,0.8,,,,,,7.0,Christian Braswell,2026-08-07,JAC
/nfl/rankings/db-cheatsheets.php,redraft-db,rp,Caleb Ransaw,27267,DB,JAC,212.0,1.0,211,213,,caleb-ransaw.php,,,1.9,,,,,,7.0,Caleb Ransaw,2026-08-07,JAC
/nfl/rankings/db-cheatsheets.php,redraft-db,rp,Brandon Codrington,26837,DB,HOU,212.5,0.5,212,213,,brandon-codrington.php,,,1.2,,,,,,8.0,Brandon Codrington,2026-08-07,HOU
/nfl/rankings/db-cheatsheets.php,redraft-db,rp,Zakee Wheatley,28184,DB,CAR,213.0,2.0,211,215,,zakee-wheatley.php,,,2.2,,,,,,5.0,Zakee Wheatley,2026-08-07,CAR
/nfl/rankings/db-cheatsheets.php,redraft-db,rp,Devin Moore,28189,DB,DAL,214.0,5.0,209,219,,devin-moore.php,,,1.4,,,,,,14.0,Devin Moore,2026-08-07,DAL
/nfl/rankings/db-cheatsheets.php,redraft-db,rp,Kindle Vildor,19594,DB,NE,215.0,1.0,214,216,,kindle-vildor.php,,,0.7,,,,,,11.0,Kindle Vildor,2026-08-07,NEP
/nfl/rankings/db-cheatsheets.php,redraft-db,rp,Karon Prunty,28470,DB,NE,218.5,1.5,217,220,,karon-prunty.php,,,1.0,,,,,,11.0,Karon Prunty,2026-08-07,NEP
/nfl/rankings/db-cheatsheets.php,redraft-db,rp,Jeremy Reaves,17766,DB,WAS,222.0,4.0,218,226,,jeremy-reaves.php,,,0.9,,,,,,7.0,Jeremy Reaves,2026-08-07,WAS
/nfl/rankings/db-cheatsheets.php,redraft-db,rp,Jakobe Thomas,28464,DB,MIN,222.5,0.5,222,223,,jakobe-thomas.php,,,2.2,,,,,,6.0,Jakobe Thomas,2026-08-07,MIN
/nfl/rankings/db-cheatsheets.php,redraft-db,rp,Micah Robinson,27551,DB,TEN,224.0,2.0,222,226,,micah-robinson.php,,,0.9,,,,,,9.0,Micah Robinson,2026-08-07,TEN
/nfl/rankings/db-cheatsheets.php,redraft-db,rp,Josh Butler,26071,DB,DAL,224.5,6.5,218,231,,josh-butler.php,,,0.9,,,,,,14.0,Josh Butler,2026-08-07,DAL
/nfl/rankings/db-cheatsheets.php,redraft-db,rp,Jason Pinnock,23289,DB,NYG,225.0,0.0,225,225,,jason-pinnock.php,,,1.2,,,,,,8.0,Jason Pinnock,2026-08-07,NYG
/nfl/rankings/db-cheatsheets.php,redraft-db,rp,Michael Taaffe,27277,DB,MIA,228.0,33.0,195,261,,michael-taaffe.php,,,1.7,,,,,,6.0,Michael Taaffe,2026-08-07,MIA
/nfl/rankings/db-cheatsheets.php,redraft-db,rp,Kaiir Elam,23478,DB,KC,228.5,16.5,212,245,,kaiir-elam.php,,,1.4,,,,,,5.0,Kaiir Elam,2026-08-07,KCC
/nfl/rankings/db-cheatsheets.php,redraft-db,rp,D'Angelo Ross,19039,DB,CLE,229.5,5.5,224,235,,dangelo-ross.php,,,1.0,,,,,,11.0,DAngelo Ross,2026-08-07,CLE
/nfl/rankings/db-cheatsheets.php,redraft-db,rp,Jaylinn Hawkins,19769,DB,BAL,229.5,1.5,228,231,,jaylinn-hawkins.php,,,4.3,,,,,,13.0,Jaylinn Hawkins,2026-08-07,BAL
/nfl/rankings/db-cheatsheets.php,redraft-db,rp,Jakorian Bennett,25266,DB,PHI,231.0,1.0,230,232,,jakorian-bennett.php,,,0.7,,,,,,10.0,Jakorian Bennett,2026-08-07,PHI
/nfl/rankings/db-cheatsheets.php,redraft-db,rp,Tacario Davis,27037,DB,CIN,231.5,12.5,219,244,,tacario-davis.php,,,1.8,,,,,,6.0,Tacario Davis,2026-08-07,CIN
/nfl/rankings/db-cheatsheets.php,redraft-db,rp,Charles Demmings,28217,DB,MIN,232.5,2.5,230,235,,charles-demmings.php,,,1.4,,,,,,6.0,Charles Demmings,2026-08-07,MIN
/nfl/rankings/db-cheatsheets.php,redraft-db,rp,Dell Pettus,26710,DB,NE,234.0,6.0,228,240,,dell-pettus.php,,,12.6,,,,,,11.0,Dell Pettus,2026-08-07,NEP
/nfl/rankings/db-cheatsheets.php,redraft-db,rp,Mekhi Blackmon,25513,DB,IND,235.5,6.5,229,242,,mekhi-blackmon.php,,,1.8,,,,,,13.0,Mekhi Blackmon,2026-08-07,IND
/nfl/rankings/db-cheatsheets.php,redraft-db,rp,Keondre Jackson,27871,DB,BAL,237.0,1.0,236,238,,keondre-jackson.php,,,8.7,,,,,,13.0,Keondre Jackson,2026-08-07,BAL
/nfl/rankings/db-cheatsheets.php,redraft-db,rp,Chris Roland-Wallace,26776,DB,KC,237.5,16.5,221,254,,christian-roland-wallace.php,,,0.7,,,,,,5.0,Christian Roland-Wallace,2026-08-07,KCC
/nfl/rankings/db-cheatsheets.php,redraft-db,rp,Jack Jones,22716,DB,SF,237.5,3.5,234,241,,jack-jones.php,,,2.7,,,,,,8.0,Jack Jones,2026-08-07,SFO
/nfl/rankings/db-cheatsheets.php,redraft-db,rp,Kristian Fulton,19209,DB,KC,238.0,15.0,223,253,,kristian-fulton.php,,,3.1,,,,,,5.0,Kristian Fulton,2026-08-07,KCC
/nfl/rankings/db-cheatsheets.php,redraft-db,rp,Cam Lampkin,26795,DB,LAR,238.5,0.5,238,239,,cam-lampkin.php,,,1.0,,,,,,11.0,Cam Lampkin,2026-08-07,LAR
/nfl/rankings/db-cheatsheets.php,redraft-db,rp,Quan Martin,25461,DB,WAS,239.0,2.0,237,241,,jartavius-martin.php,,,5.8,,,,,,7.0,Jartavius Martin,2026-08-07,WAS
/nfl/rankings/db-cheatsheets.php,redraft-db,rp,Jalon Kilgore,27963,DB,BUF,242.5,0.5,242,243,,jalon-kilgore.php,,,3.1,,,,,,7.0,Jalon Kilgore,2026-08-07,BUF
/nfl/rankings/db-cheatsheets.php,redraft-db,rp,Jadon Canady,28241,DB,KC,243.5,14.5,229,258,,jadon-canady.php,,,1.1,,,,,,5.0,Jadon Canady,2026-08-07,KCC
/nfl/rankings/db-cheatsheets.php,redraft-db,rp,Keyon Martin,27888,DB,BAL,244.0,1.0,243,245,,keyon-martin.php,,,1.1,,,,,,13.0,Keyon Martin,2026-08-07,BAL
/nfl/rankings/db-cheatsheets.php,redraft-db,rp,Cam Taylor-Britt,24032,DB,IND,244.5,8.5,236,253,,cam-taylor-britt.php,,,1.8,,,,,,13.0,Cam Taylor-Britt,2026-08-07,IND
/nfl/rankings/db-cheatsheets.php,redraft-db,rp,Hunter Wohler,27240,DB,IND,245.0,13.0,232,258,,hunter-wohler.php,,,1.0,,,,,,13.0,Hunter Wohler,2026-08-07,IND
/nfl/rankings/db-cheatsheets.php,redraft-db,rp,Kenny Moore II,16801,DB,FA,311.67,165.71,78,444,,kenny-moore.php,,,2.4,,,,,-134.0,,Kenny Moore,2026-08-07,FA
/nfl/rankings/db-cheatsheets.php,redraft-db,rp,Harrison Smith,11260,DB,FA,312.0,166.65,77,445,,harrison-smith.php,,,3.4,,,,,-137.0,,Harrison Smith,2026-08-07,FA
/nfl/rankings/db-cheatsheets.php,redraft-db,rp,Donovan Wilson,18704,DB,FA,312.33,167.59,76,446,,donovan--wilson.php,,,0.8,,,,,-140.0,,Donovan Wilson,2026-08-07,FA
/nfl/rankings/db-cheatsheets.php,redraft-db,rp,Nate Hobbs,23299,DB,SF,246.0,6.0,240,252,,nate-hobbs.php,,,1.0,,,,,,8.0,Nate Hobbs,2026-08-07,SFO
/nfl/rankings/db-cheatsheets.php,redraft-db,rp,Martin Emerson Jr.,23795,DB,NO,246.5,2.5,244,249,,martin-emerson.php,,,2.3,,,,,,8.0,Martin Emerson,2026-08-07,NOS
/nfl/rankings/db-cheatsheets.php,redraft-db,rp,Nikko Reed,27632,DB,LAC,246.5,0.5,246,247,,nikko-reed.php,,,0.6,,,,,,7.0,Nikko Reed,2026-08-07,LAC
/nfl/rankings/db-cheatsheets.php,redraft-db,rp,Jaylin Smith,27221,DB,HOU,248.5,2.5,246,251,,jaylin-smith.php,,,0.8,,,,,,8.0,Jaylin Smith,2026-08-07,HOU
/nfl/rankings/db-cheatsheets.php,redraft-db,rp,Daijahn Anthony,26173,DB,CIN,249.0,1.0,248,250,,daijahn-anthony.php,,,0.8,,,,,,6.0,Daijahn Anthony,2026-08-07,CIN
/nfl/rankings/db-cheatsheets.php,redraft-db,rp,Chase Lucas,23956,DB,TB,249.5,16.5,233,266,,chase-lucas.php,,,1.4,,,,,,10.0,Chase Lucas,2026-08-07,TBB
/nfl/rankings/db-cheatsheets.php,redraft-db,rp,James Williams Sr.,26308,DB,TEN,250.0,43.0,207,293,,james-williams-s.php,,,1.1,,,,,,9.0,James Williams,2026-08-07,TEN
/nfl/rankings/db-cheatsheets.php,redraft-db,rp,Daniel Thomas,19823,DB,CLE,252.0,2.0,250,254,,daniel-thomas-db.php,,,1.0,,,,,,11.0,Daniel Thomas,2026-08-07,CLE
/nfl/rankings/db-cheatsheets.php,redraft-db,rp,Decamerion Richardson,26459,DB,LV,256.0,8.0,248,264,,decamerion-richardson.php,,,0.8,,,,,,13.0,Decamerion Richardson,2026-08-07,LVR
/nfl/rankings/db-cheatsheets.php,redraft-db,rp,Marte Mapu,25528,LB,HOU,259.0,8.0,251,267,,marte-mapu.php,,,1.2,,,,,,8.0,Marte Mapu,2026-08-07,HOU
/nfl/rankings/db-cheatsheets.php,redraft-db,rp,Ephesians Prysock,28466,DB,SF,262.5,3.5,259,266,,ephesians-prysock.php,,,1.7,,,,,,8.0,Ephesians Prysock,2026-08-07,SFO
/nfl/rankings/db-cheatsheets.php,redraft-db,rp,Devon Key,23432,DB,DEN,262.5,0.5,262,263,,devon-key.php,,,2.0,,,,,,10.0,Devon Key,2026-08-07,DEN
/nfl/rankings/db-cheatsheets.php,redraft-db,rp,Kris Abrams-Draine,24744,DB,DEN,264.0,1.0,263,265,,kris-abrams-draine.php,,,1.0,,,,,,10.0,Kris Abrams-Draine,2026-08-07,DEN
/nfl/rankings/db-cheatsheets.php,redraft-db,rp,Kitan Crawford,27474,DB,ARI,265.0,18.0,247,283,,kitan-crawford.php,,,7.4,,,,,,14.0,Kitan Crawford,2026-08-07,ARI
/nfl/rankings/db-cheatsheets.php,redraft-db,rp,Cameron Mitchell,25280,DB,FA,266.5,6.5,260,273,,cameron-mitchell.php,,,1.0,,,,,,,Cameron Mitchell,2026-08-07,FA
/nfl/rankings/db-cheatsheets.php,redraft-db,rp,Kemon Hall,18449,DB,TB,267.0,70.0,197,337,,kemon-hall.php,,,1.5,,,,,,10.0,Kemon Hall,2026-08-07,TBB
/nfl/rankings/db-cheatsheets.php,redraft-db,rp,Josh Newton,26129,DB,CIN,267.0,12.0,255,279,,josh-newton.php,,,1.1,,,,,,6.0,Josh Newton,2026-08-07,CIN
/nfl/rankings/db-cheatsheets.php,redraft-db,rp,Treydan Stukes,28201,DB,LV,267.5,0.5,267,268,,treydan-stukes.php,,,9.3,,,,,,13.0,Treydan Stukes,2026-08-07,LVR
/nfl/rankings/db-cheatsheets.php,redraft-db,rp,Deane Leonard,24578,DB,LAC,268.5,0.5,268,269,,deane-leonard.php,,,0.0,,,,,,7.0,Deane Leonard,2026-08-07,LAC
/nfl/rankings/db-cheatsheets.php,redraft-db,rp,Brandin Echols,23283,DB,PIT,269.0,10.0,259,279,,brandin-echols.php,,,0.9,,,,,,9.0,Brandin Echols,2026-08-07,PIT
/nfl/rankings/db-cheatsheets.php,redraft-db,rp,T.J. Tampa Jr.,26147,DB,BAL,270.0,0.0,270,270,,tj-tampa.php,,,0.8,,,,,,13.0,TJ Tampa,2026-08-07,BAL
/nfl/rankings/db-cheatsheets.php,redraft-db,rp,Elijah Hicks,24577,DB,CHI,272.5,1.5,271,274,,elijah-hicks.php,,,1.0,,,,,,10.0,Elijah Hicks,2026-08-07,CHI
/nfl/rankings/db-cheatsheets.php,redraft-db,rp,Brandon Johnson,27655,DB,FA,273.5,58.5,215,332,,brandon-johnson-db.php,,,2.2,,,,,,,Brandon Johnson,2026-08-07,FA
/nfl/rankings/db-cheatsheets.php,redraft-db,rp,JL Skinner,25257,DB,DEN,273.5,1.5,272,275,,jl-skinner.php,,,0.9,,,,,,10.0,JL Skinner,2026-08-07,DEN
/nfl/rankings/db-cheatsheets.php,redraft-db,rp,Asante Samuel Jr.,23240,DB,PIT,274.5,10.5,264,285,,asante-samuel-jr.php,,,1.0,,,,,,9.0,Asante Samuel,2026-08-07,PIT
/nfl/rankings/db-cheatsheets.php,redraft-db,rp,Jahdae Barron,27063,DB,DEN,274.5,1.5,273,276,,jahdae-barron.php,,,1.8,,,,,,10.0,Jahdae Barron,2026-08-07,DEN
/nfl/rankings/db-cheatsheets.php,redraft-db,rp,Sebastian Castro,27074,DB,PIT,275.0,101.0,174,376,,sebastian-castro.php,,,1.1,,,,,,9.0,Sebastian Castro,2026-08-07,PIT
/nfl/rankings/db-cheatsheets.php,redraft-db,rp,Charles Woods,26192,DB,NE,276.5,0.5,276,277,,charles-woods.php,,,0.8,,,,,,11.0,Charles Woods,2026-08-07,NEP
/nfl/rankings/db-cheatsheets.php,redraft-db,rp,Josh Blackwell,24780,DB,CHI,278.0,6.0,272,284,,josh-blackwell.php,,,19.1,,,,,,10.0,Josh Blackwell,2026-08-07,CHI
/nfl/rankings/db-cheatsheets.php,redraft-db,rp,Sean Murphy-Bunting,18648,DB,ARI,278.5,1.5,277,280,,sean-bunting.php,,,1.1,,,,,,14.0,Sean Murphy-Bunting,2026-08-07,ARI
/nfl/rankings/db-cheatsheets.php,redraft-db,rp,Dalton Johnson,28477,DB,LV,279.0,1.0,278,280,,dalton-johnson.php,,,1.4,,,,,,13.0,Dalton Johnson,2026-08-07,LVR
/nfl/rankings/db-cheatsheets.php,redraft-db,rp,Zayne Anderson,23429,LB,MIA,279.5,23.5,256,303,,zayne-anderson.php,,,0.0,,,,,,6.0,Zayne Anderson,2026-08-07,MIA
/nfl/rankings/db-cheatsheets.php,redraft-db,rp,Trey Washington,27626,DB,IND,280.0,11.0,269,291,,trey-washington.php,,,0.8,,,,,,13.0,Trey Washington,2026-08-07,IND
/nfl/rankings/db-cheatsheets.php,redraft-db,rp,Jordan Clark,27691,DB,NYJ,280.5,64.5,216,345,,jordan-clark.php,,,6.6,,,,,,13.0,Jordan Clark,2026-08-07,NYJ
/nfl/rankings/db-cheatsheets.php,redraft-db,rp,Ar'Darius Washington,22712,DB,NYG,281.0,0.0,281,281,,ardarius-washington.php,,,2.4,,,,,,8.0,ArDarius Washington,2026-08-07,NYG
/nfl/rankings/db-cheatsheets.php,redraft-db,rp,Terrion Arnold,26133,DB,FA,287.0,141.0,146,428,,terrion-arnold.php,,,3.7,,,,,,,Terrion Arnold,2026-08-07,FA
/nfl/rankings/db-cheatsheets.php,redraft-db,rp,Brenden Schooler,24788,DB,NE,281.5,26.5,255,308,,brenden-schooler.php,,,1.5,,,,,,11.0,Brenden Schooler,2026-08-07,NEP
/nfl/rankings/db-cheatsheets.php,redraft-db,rp,Terell Smith,25457,DB,CHI,283.5,5.5,278,289,,terell-smith.php,,,1.9,,,,,,10.0,Terell Smith,2026-08-07,CHI
/nfl/rankings/db-cheatsheets.php,redraft-db,rp,Darnay Holmes,19342,DB,ATL,284.0,9.0,275,293,,darnay-holmes.php,,,1.1,,,,,,11.0,Darnay Holmes,2026-08-07,ATL
/nfl/rankings/db-cheatsheets.php,redraft-db,rp,Sydney Brown,25439,DB,ATL,286.0,0.0,286,286,,sydney-brown-s.php,,,0.8,,,,,,11.0,Sydney Brown,2026-08-07,ATL
/nfl/rankings/db-cheatsheets.php,redraft-db,rp,Derion Kendrick,22695,DB,DAL,287.0,53.0,234,340,,derion-kendrick.php,,,1.8,,,,,,14.0,Derion Kendrick,2026-08-07,DAL
/nfl/rankings/db-cheatsheets.php,redraft-db,rp,Josh Hayes,25585,DB,TB,287.0,13.0,274,300,,josh-hayes.php,,,1.2,,,,,,10.0,Josh Hayes,2026-08-07,TBB
/nfl/rankings/db-cheatsheets.php,redraft-db,rp,Darrell Baker Jr.,24294,DB,MIA,287.0,4.0,283,291,,darrell-baker-jr.php,,,1.5,,,,,,6.0,Darrell Baker,2026-08-07,MIA
/nfl/rankings/db-cheatsheets.php,redraft-db,rp,Michael Dansby,28482,DB,SEA,288.0,87.0,201,375,,michael-dansby.php,,,3.5,,,,,,11.0,Michael Dansby,2026-08-07,SEA
/nfl/rankings/db-cheatsheets.php,redraft-db,rp,DJ Ivey,25485,DB,CIN,290.0,6.0,284,296,,dj-ivey.php,,,0.8,,,,,,6.0,DJ Ivey,2026-08-07,CIN
/nfl/rankings/db-cheatsheets.php,redraft-db,rp,Daylen Everette,27092,DB,PIT,290.5,5.5,285,296,,daylen-everette.php,,,2.4,,,,,,9.0,Daylen Everette,2026-08-07,PIT
/nfl/rankings/db-cheatsheets.php,redraft-db,rp,Miles Battle,26765,DB,MIA,291.0,3.0,288,294,,miles-battle.php,,,1.2,,,,,,6.0,Miles Battle,2026-08-07,MIA
/nfl/rankings/db-cheatsheets.php,redraft-db,rp,Ennis Rakestraw Jr.,26220,DB,DET,292.0,10.0,282,302,,ennis-rakestraw-jr.php,,,0.9,,,,,,6.0,Ennis Rakestraw,2026-08-07,DET
/nfl/rankings/db-cheatsheets.php,redraft-db,rp,Chuck Clark,16558,DB,DET,292.0,0.0,292,292,,chuck-clark.php,,,3.8,,,,,,6.0,Chuck Clark,2026-08-07,DET
/nfl/rankings/db-cheatsheets.php,redraft-db,rp,Toriano Pride Jr.,27194,DB,FA,293.0,60.0,233,353,,toriano-pride-jr.php,,,0.0,,,,,,,Toriano Pride,2026-08-07,FA
/nfl/rankings/db-cheatsheets.php,redraft-db,rp,Keith Taylor Jr.,23295,DB,FA,301.0,128.0,173,429,,keith-taylor.php,,,0.8,,,,,,,Keith Taylor,2026-08-07,FA
/nfl/rankings/db-cheatsheets.php,redraft-db,rp,Natrone Brooks,25913,DB,ATL,296.0,6.0,290,302,,natrone-brooks.php,,,1.1,,,,,,11.0,Natrone Brooks,2026-08-07,ATL
/nfl/rankings/db-cheatsheets.php,redraft-db,rp,Ethan Robinson,27650,DB,MIA,296.0,2.0,294,298,,ethan-robinson.php,,,1.3,,,,,,6.0,Ethan Robinson,2026-08-07,MIA
/nfl/rankings/db-cheatsheets.php,redraft-db,rp,RJ Mickens,27479,DB,LAC,296.0,1.0,295,297,,rj-mickens.php,,,3.2,,,,,,7.0,RJ Mickens,2026-08-07,LAC
/nfl/rankings/db-cheatsheets.php,redraft-db,rp,Dorian Strong,27099,DB,BUF,303.5,126.5,177,430,,dorian-strong.php,,,0.8,,,,,,7.0,Dorian Strong,2026-08-07,BUF
/nfl/rankings/db-cheatsheets.php,redraft-db,rp,Dwight McGlothern,26325,DB,MIN,302.0,3.0,299,305,,dwight-mcglothern.php,,,1.9,,,,,,6.0,Dwight McGlothern,2026-08-07,MIN
/nfl/rankings/db-cheatsheets.php,redraft-db,rp,Joshua Williams,23928,DB,TEN,302.0,2.0,300,304,,joshua-williams.php,,,2.9,,,,,,9.0,Joshua Williams,2026-08-07,TEN
/nfl/rankings/db-cheatsheets.php,redraft-db,rp,Colton Hood,28051,DB,NYG,302.0,1.0,301,303,,colton-hood.php,,,10.6,,,,,,8.0,Colton Hood,2026-08-07,NYG
/nfl/rankings/db-cheatsheets.php,redraft-db,rp,Christian Izien,25867,DB,DET,304.0,3.0,301,307,,christian-izien.php,,,1.0,,,,,,6.0,Christian Izien,2026-08-07,DET
/nfl/rankings/db-cheatsheets.php,redraft-db,rp,Jaylon Jones,24736,DB,CHI,304.5,22.5,282,327,,jaylon-jones.php,,,1.0,,,,,,10.0,Jaylon Jones,2026-08-07,CHI
/nfl/rankings/db-cheatsheets.php,redraft-db,rp,Genesis Smith,28194,DB,LAC,307.0,2.0,305,309,,genesis-smith.php,,,11.0,,,,,,7.0,Genesis Smith,2026-08-07,LAC
/nfl/rankings/db-cheatsheets.php,redraft-db,rp,Tristin McCollum,24591,DB,LV,308.0,2.0,306,310,,tristin-mccollum.php,,,0.9,,,,,,13.0,Tristin McCollum,2026-08-07,LVR
/nfl/rankings/db-cheatsheets.php,redraft-db,rp,Ja'Sir Taylor,24110,DB,CIN,308.5,69.5,239,378,,jasir-taylor.php,,,1.7,,,,,,6.0,JaSir Taylor,2026-08-07,CIN
/nfl/rankings/db-cheatsheets.php,redraft-db,rp,Mac McWilliams,27480,DB,PHI,310.0,49.0,261,359,,mac-mcwilliams.php,,,0.6,,,,,,10.0,Mac McWilliams,2026-08-07,PHI
/nfl/rankings/db-cheatsheets.php,redraft-db,rp,Kevin Knowles II,27612,DB,KC,311.0,3.0,308,314,,kevin-knowles-ii.php,,,0.8,,,,,,5.0,Kevin Knowles,2026-08-07,KCC
/nfl/rankings/db-cheatsheets.php,redraft-db,rp,Isaiah Simmons,19200,LB,CAR,311.5,0.5,311,312,,isaiah-simmons.php,,,1.6,,,,,,5.0,Isaiah Simmons,2026-08-07,CAR
/nfl/rankings/db-cheatsheets.php,redraft-db,rp,Clark Phillips III,24696,DB,ATL,312.5,8.5,304,321,,clark-phillips.php,,,0.8,,,,,,11.0,Clark Phillips,2026-08-07,ATL
/nfl/rankings/db-cheatsheets.php,redraft-db,rp,Miles Killebrew,15588,DB,TB,312.5,3.5,309,316,,miles-killebrew.php,,,2.5,,,,,,10.0,Miles Killebrew,2026-08-07,TBB
/nfl/rankings/db-cheatsheets.php,redraft-db,rp,Jalen Graham,25577,DB,SF,313.0,14.0,299,327,,jalen-graham.php,,,1.5,,,,,,8.0,Jalen Graham,2026-08-07,SFO
/nfl/rankings/db-cheatsheets.php,redraft-db,rp,Reese Taylor,25775,DB,DEN,314.0,1.0,313,315,,reese-taylor.php,,,1.2,,,,,,10.0,Reese Taylor,2026-08-07,DEN
/nfl/rankings/db-cheatsheets.php,redraft-db,rp,Elijah Campbell,17673,DB,NYG,315.0,2.0,313,317,,elijah-campbell.php,,,1.9,,,,,,8.0,Elijah Campbell,2026-08-07,NYG
/nfl/rankings/db-cheatsheets.php,redraft-db,rp,Keonta Jenkins,27569,LB,BUF,315.5,3.5,312,319,,keonta-jenkins.php,,,0.8,,,,,,7.0,Keonta Jenkins,2026-08-07,BUF
/nfl/rankings/db-cheatsheets.php,redraft-db,rp,Siran Neal,17531,DB,SF,315.5,0.5,315,316,,siran-neal.php,,,1.1,,,,,,8.0,Siran Neal,2026-08-07,SFO
/nfl/rankings/db-cheatsheets.php,redraft-db,rp,Donovan McMillon,27584,DB,CLE,317.5,0.5,317,318,,donovan-mcmillon.php,,,5.0,,,,,,11.0,Donovan McMillon,2026-08-07,CLE
/nfl/rankings/db-cheatsheets.php,redraft-db,rp,Kahlef Hailassie,25925,DB,MIN,318.5,0.5,318,319,,kahlef-hailassie.php,,,3.2,,,,,,6.0,Kahlef Hailassie,2026-08-07,MIN
/nfl/rankings/db-cheatsheets.php,redraft-db,rp,Mike Brown,24585,DB,NE,319.5,24.5,295,344,,mike-brown-s-2.php,,,0.7,,,,,,11.0,Mike Brown,2026-08-07,NEP
/nfl/rankings/db-cheatsheets.php,redraft-db,rp,Alijah Clark,27080,DB,DAL,327.5,103.5,224,431,,alijah-clark.php,,,9.4,,,,,,14.0,Alijah Clark,2026-08-07,DAL
/nfl/rankings/db-cheatsheets.php,redraft-db,rp,Cam'Ron Silmon-Craig,27681,DB,JAC,320.5,0.5,320,321,,camron-silmon-craig.php,,,0.9,,,,,,7.0,CamRon Silmon-Craig,2026-08-07,JAC
/nfl/rankings/db-cheatsheets.php,redraft-db,rp,Tycen Anderson,23912,DB,DEN,321.0,1.0,320,322,,tycen-anderson.php,,,2.7,,,,,,10.0,Tycen Anderson,2026-08-07,DEN
/nfl/rankings/db-cheatsheets.php,redraft-db,rp,Nehemiah Pritchett,26322,DB,SEA,321.5,33.5,288,355,,nehemiah-pritchett.php,,,1.5,,,,,,11.0,Nehemiah Pritchett,2026-08-07,SEA
/nfl/rankings/db-cheatsheets.php,redraft-db,rp,Demani Richardson,25274,DB,CAR,323.5,25.5,298,349,,demani-richardson.php,,,1.9,,,,,,5.0,Demani Richardson,2026-08-07,CAR
/nfl/rankings/db-cheatsheets.php,redraft-db,rp,Ja'Marcus Ingram,24940,DB,HOU,323.5,0.5,323,324,,jamarcus-ingram.php,,,3.7,,,,,,8.0,JaMarcus Ingram,2026-08-07,HOU
/nfl/rankings/db-cheatsheets.php,redraft-db,rp,Nick Whiteside II,25636,DB,DET,324.0,53.0,271,377,,nick-whiteside.php,,,1.5,,,,,,6.0,Nick Whiteside,2026-08-07,DET
/nfl/rankings/db-cheatsheets.php,redraft-db,rp,Percy Butler,24199,DB,WAS,324.5,1.5,323,326,,percy-butler.php,,,2.8,,,,,,7.0,Percy Butler,2026-08-07,WAS
/nfl/rankings/db-cheatsheets.php,redraft-db,rp,DeMarcco Hellams,25476,DB,ATL,327.5,2.5,325,330,,demarcco-hellams.php,,,4.8,,,,,,11.0,DeMarcco Hellams,2026-08-07,ATL
/nfl/rankings/db-cheatsheets.php,redraft-db,rp,Cobee Bryant,27087,DB,ATL,328.5,41.5,287,370,,cobee-bryant.php,,,1.2,,,,,,11.0,Cobee Bryant,2026-08-07,ATL
/nfl/rankings/db-cheatsheets.php,redraft-db,rp,Hezekiah Masses,28206,DB,LV,329.0,80.0,249,409,,hezekiah-masses.php,,,1.4,,,,,,13.0,Hezekiah Masses,2026-08-07,LVR
/nfl/rankings/db-cheatsheets.php,redraft-db,rp,Skyler Thomas,24624,DB,CHI,329.0,0.0,329,329,,skyler-thomas.php,,,2.2,,,,,,10.0,Skyler Thomas,2026-08-07,CHI
/nfl/rankings/db-cheatsheets.php,redraft-db,rp,Rico Payton,26548,DB,NYG,330.0,8.0,322,338,,rico-payton.php,,,1.9,,,,,,8.0,Rico Payton,2026-08-07,NYG
/nfl/rankings/db-cheatsheets.php,redraft-db,rp,Darren Hall,23253,DB,ATL,330.5,40.5,290,371,,darren-hall.php,,,1.5,,,,,,11.0,Darren Hall,2026-08-07,ATL
/nfl/rankings/db-cheatsheets.php,redraft-db,rp,Jonathan Owens,17903,DB,IND,331.0,20.0,311,351,,jonathan-owens.php,,,1.6,,,,,,13.0,Jonathan Owens,2026-08-07,IND
/nfl/rankings/db-cheatsheets.php,redraft-db,rp,Corey Thornton,27702,DB,CAR,332.5,8.5,324,341,,corey-thornton.php,,,1.0,,,,,,5.0,Corey Thornton,2026-08-07,CAR
/nfl/rankings/db-cheatsheets.php,redraft-db,rp,Kamal Hadden,26171,DB,GB,333.0,0.0,333,333,,kamal-hadden.php,,,2.0,,,,,,11.0,Kamal Hadden,2026-08-07,GBP
/nfl/rankings/db-cheatsheets.php,redraft-db,rp,Kei'Trel Clark,25472,DB,ARI,334.5,0.5,334,335,,keitrel-clark.php,,,1.5,,,,,,14.0,KeiTrel Clark,2026-08-07,ARI
/nfl/rankings/db-cheatsheets.php,redraft-db,rp,Tre Hawkins III,25545,DB,FA,337.5,77.5,260,415,,tre-hawkins.php,,,1.0,,,,,,,Tre Hawkins,2026-08-07,FA
/nfl/rankings/db-cheatsheets.php,redraft-db,rp,Greedy Vance Jr.,27767,DB,LV,339.5,8.5,331,348,,greedy-vance-jr.php,,,1.1,,,,,,13.0,Greedy Vance,2026-08-07,LVR
/nfl/rankings/db-cheatsheets.php,redraft-db,rp,Antonio Hamilton Sr.,16102,DB,WAS,340.0,14.0,326,354,,antonio-hamilton.php,,,1.1,,,,,,7.0,Antonio Hamilton,2026-08-07,WAS
/nfl/rankings/db-cheatsheets.php,redraft-db,rp,John Saunders Jr.,27651,DB,NE,340.0,8.0,332,348,,john-saunders-jr.php,,,1.1,,,,,,11.0,John Saunders,2026-08-07,NEP
/nfl/rankings/db-cheatsheets.php,redraft-db,rp,Eric Rogers,27634,DB,LAC,340.0,2.0,338,342,,eric-rogers-db.php,,,1.0,,,,,,7.0,Eric Rogers,2026-08-07,LAC
/nfl/rankings/db-cheatsheets.php,redraft-db,rp,Dallis Flowers,24883,DB,CHI,340.5,1.5,339,342,,dallis-flowers.php,,,3.0,,,,,,10.0,Dallis Flowers,2026-08-07,CHI
/nfl/rankings/db-cheatsheets.php,redraft-db,rp,Alex Austin,25479,DB,MIA,341.0,52.0,289,393,,alex-austin.php,,,0.6,,,,,,6.0,Alex Austin,2026-08-07,MIA
/nfl/rankings/db-cheatsheets.php,redraft-db,rp,Avery Smith,28294,DB,LAC,342.0,2.0,340,344,,avery-smith.php,,,1.9,,,,,,7.0,Avery Smith,2026-08-07,LAC
/nfl/rankings/db-cheatsheets.php,redraft-db,rp,Alijah Huzzie,27484,DB,HOU,342.0,1.0,341,343,,alijah-huzzie.php,,,0.7,,,,,,8.0,Alijah Huzzie,2026-08-07,HOU
/nfl/rankings/db-cheatsheets.php,redraft-db,rp,Tre Brown,22862,DB,NYJ,342.5,6.5,336,349,,tre-brown.php,,,1.5,,,,,,13.0,Tre Brown,2026-08-07,NYJ
/nfl/rankings/db-cheatsheets.php,redraft-db,rp,Chigozie Anusiem,26574,DB,LV,343.5,8.5,335,352,,chigozie-anusiem.php,,,1.1,,,,,,13.0,Chigozie Anusiem,2026-08-07,LVR
/nfl/rankings/db-cheatsheets.php,redraft-db,rp,Jaden Davis,24041,DB,FA,344.5,1.5,343,346,,jaden-davis.php,,,1.9,,,,,,,Jaden Davis,2026-08-07,FA
/nfl/rankings/db-cheatsheets.php,redraft-db,rp,Tre Avery,25208,DB,CLE,345.5,8.5,337,354,,tre-avery.php,,,3.7,,,,,,11.0,Tre Avery,2026-08-07,CLE
/nfl/rankings/db-cheatsheets.php,redraft-db,rp,Domani Jackson,27098,DB,GB,346.0,1.0,345,347,,domani-jackson.php,,,1.0,,,,,,11.0,Domani Jackson,2026-08-07,GBP
/nfl/rankings/db-cheatsheets.php,redraft-db,rp,Tyler Owens,26568,DB,WAS,349.5,39.5,310,389,,tyler-owens.php,,,2.5,,,,,,7.0,Tyler Owens,2026-08-07,WAS
/nfl/rankings/db-cheatsheets.php,redraft-db,rp,Storm Duck,26368,DB,MIA,350.0,53.0,297,403,,storm-duck.php,,,2.0,,,,,,6.0,Storm Duck,2026-08-07,MIA
/nfl/rankings/db-cheatsheets.php,redraft-db,rp,Trikweze Bridges,27553,DB,DAL,350.0,3.0,347,353,,trikweze-bridges.php,,,1.5,,,,,,14.0,Trikweze Bridges,2026-08-07,DAL
/nfl/rankings/db-cheatsheets.php,redraft-db,rp,Loren Strickland,26732,DB,DET,350.0,0.0,350,350,,loren-strickland.php,,,1.0,,,,,,6.0,Loren Strickland,2026-08-07,DET
/nfl/rankings/db-cheatsheets.php,redraft-db,rp,Dom Jones,27586,DB,FA,350.5,63.5,287,414,,dom-jones.php,,,0.7,,,,,,,Dom Jones,2026-08-07,FA
/nfl/rankings/db-cheatsheets.php,redraft-db,rp,PJ Jules,26664,DB,CIN,354.0,2.0,352,356,,pj-jules.php,,,8.6,,,,,,6.0,PJ Jules,2026-08-07,CIN
/nfl/rankings/db-cheatsheets.php,redraft-db,rp,Elijah Jones,26442,DB,ARI,356.5,1.5,355,358,,elijah-jones-cb.php,,,2.1,,,,,,14.0,Elijah Jones,2026-08-07,ARI
/nfl/rankings/db-cheatsheets.php,redraft-db,rp,Amani Oruwariye,18233,DB,BAL,358.5,1.5,357,360,,amani-oruwariye.php,,,1.2,,,,,,13.0,Amani Oruwariye,2026-08-07,BAL
/nfl/rankings/db-cheatsheets.php,redraft-db,rp,Tavierre Thomas,17898,DB,MIN,360.5,4.5,356,365,,tavierre-thomas.php,,,0.7,,,,,,6.0,Tavierre Thomas,2026-08-07,MIN
/nfl/rankings/db-cheatsheets.php,redraft-db,rp,Donte Kent,27549,DB,PIT,361.0,33.0,328,394,,donte-kent.php,,,1.1,,,,,,9.0,Donte Kent,2026-08-07,PIT
/nfl/rankings/db-cheatsheets.php,redraft-db,rp,Jerrick Reed II,25576,DB,TEN,362.5,5.5,357,368,,jerrick-reed.php,,,13.0,,,,,,9.0,Jerrick Reed,2026-08-07,TEN
/nfl/rankings/db-cheatsheets.php,redraft-db,rp,Khalil Dorsey,19872,DB,DET,363.5,17.5,346,381,,khalil-dorsey.php,,,1.5,,,,,,6.0,Khalil Dorsey,2026-08-07,DET
/nfl/rankings/db-cheatsheets.php,redraft-db,rp,Kapena Gushiken,28696,DB,PHI,364.0,4.0,360,368,,kapena-gushiken.php,,,1.0,,,,,,10.0,Kapena Gushiken,2026-08-07,PHI
/nfl/rankings/db-cheatsheets.php,redraft-db,rp,Caelen Carson,26228,DB,DAL,364.5,5.5,359,370,,caelen-carson.php,,,0.9,,,,,,14.0,Caelen Carson,2026-08-07,DAL
/nfl/rankings/db-cheatsheets.php,redraft-db,rp,Bilhal Kone,27309,DB,BAL,365.0,1.0,364,366,,bilhal-kone.php,,,1.0,,,,,,13.0,Bilhal Kone,2026-08-07,BAL
/nfl/rankings/db-cheatsheets.php,redraft-db,rp,Robert Longerbeam,27476,DB,BAL,366.0,1.0,365,367,,robert-longerbeam.php,,,1.0,,,,,,13.0,Robert Longerbeam,2026-08-07,BAL
/nfl/rankings/db-cheatsheets.php,redraft-db,rp,Raheem Layne,24622,DB,NYG,366.5,4.5,362,371,,raheem-layne.php,,,1.5,,,,,,8.0,Raheem Layne,2026-08-07,NYG
/nfl/rankings/db-cheatsheets.php,redraft-db,rp,Daniel Scott,25273,DB,IND,368.0,4.0,364,372,,daniel-scott.php,,,1.9,,,,,,13.0,Daniel Scott,2026-08-07,IND
/nfl/rankings/db-cheatsheets.php,redraft-db,rp,C.J. Henderson,19218,DB,ATL,370.0,9.0,361,379,,cj-henderson.php,,,1.1,,,,,,11.0,CJ Henderson,2026-08-07,ATL
/nfl/rankings/db-cheatsheets.php,redraft-db,rp,Akayleb Evans,23744,DB,CAR,370.0,9.0,361,379,,akayleb-evans.php,,,1.4,,,,,,5.0,Akayleb Evans,2026-08-07,CAR
/nfl/rankings/db-cheatsheets.php,redraft-db,rp,Andre Fuller,28493,DB,SEA,370.5,3.5,367,374,,andre-fuller.php,,,1.1,,,,,,11.0,Andre Fuller,2026-08-07,SEA
/nfl/rankings/db-cheatsheets.php,redraft-db,rp,Jordan Colbert,26945,DB,FA,378.5,53.5,325,432,,jordan-colbert.php,,,1.1,,,,,,,Jordan Colbert,2026-08-07,FA
/nfl/rankings/db-cheatsheets.php,redraft-db,rp,Omar Brown,26798,DB,MIA,375.0,47.0,328,422,,omar-brown-cb.php,,,0.7,,,,,,6.0,Omar Brown,2026-08-07,MIA
/nfl/rankings/db-cheatsheets.php,redraft-db,rp,Sanoussi Kane,26497,DB,TEN,373.5,7.5,366,381,,sanoussi-kane.php,,,1.9,,,,,,9.0,Sanoussi Kane,2026-08-07,TEN
/nfl/rankings/db-cheatsheets.php,redraft-db,rp,Rejzohn Wright,25785,DB,NO,376.0,40.0,336,416,,rejzohn-wright.php,,,1.2,,,,,,8.0,Rejzohn Wright,2026-08-07,NOS
/nfl/rankings/db-cheatsheets.php,redraft-db,rp,Jarrick Bernard-Converse,23993,DB,NYG,376.0,1.0,375,377,,jarrick-bernard-converse.php,,,1.5,,,,,,8.0,Jarrick Bernard-Converse,2026-08-07,NYG
/nfl/rankings/db-cheatsheets.php,redraft-db,rp,Sam Franklin Jr.,19957,LB,BUF,376.5,3.5,373,380,,sam-franklin-jr.php,,,0.0,,,,,,7.0,Sam Franklin,2026-08-07,BUF
/nfl/rankings/db-cheatsheets.php,redraft-db,rp,TJ Hall,28353,DB,NO,378.0,39.0,339,417,,tj-hall.php,,,1.7,,,,,,8.0,TJ Hall,2026-08-07,NOS
/nfl/rankings/db-cheatsheets.php,redraft-db,rp,Beau Brade,26159,DB,NYG,379.0,5.0,374,384,,beau-brade.php,,,1.2,,,,,,8.0,Beau Brade,2026-08-07,NYG
/nfl/rankings/db-cheatsheets.php,redraft-db,rp,Damar Hamlin,23189,DB,BUF,381.5,3.5,378,385,,damar-hamlin.php,,,0.8,,,,,,7.0,Damar Hamlin,2026-08-07,BUF
/nfl/rankings/db-cheatsheets.php,redraft-db,rp,Kobee Minor,27541,DB,NE,383.0,3.0,380,386,,kobee-minor.php,,,0.0,,,,,,11.0,Kobee Minor,2026-08-07,NEP
/nfl/rankings/db-cheatsheets.php,redraft-db,rp,Tanner McCalister,25797,DB,KC,384.5,33.5,351,418,,tanner-mccalister.php,,,0.7,,,,,,5.0,Tanner McCalister,2026-08-07,KCC
/nfl/rankings/db-cheatsheets.php,redraft-db,rp,Zemaiah Vaughn,27158,DB,MIN,386.5,4.5,382,391,,zemaiah-vaughn.php,,,1.0,,,,,,6.0,Zemaiah Vaughn,2026-08-07,MIN
/nfl/rankings/db-cheatsheets.php,redraft-db,rp,Jalen Kimber,27796,DB,CIN,387.0,0.0,387,387,,jalen-kimber.php,,,1.9,,,,,,6.0,Jalen Kimber,2026-08-07,CIN
/nfl/rankings/db-cheatsheets.php,redraft-db,rp,Johnathan Edwards,27841,DB,IND,387.5,2.5,385,390,,johnathan-edwards.php,,,1.3,,,,,,13.0,Johnathan Edwards,2026-08-07,IND
/nfl/rankings/db-cheatsheets.php,redraft-db,rp,Bralyn Lux,27808,DB,CIN,388.0,0.0,388,388,,bralyn-lux.php,,,0.7,,,,,,6.0,Bralyn Lux,2026-08-07,CIN
/nfl/rankings/db-cheatsheets.php,redraft-db,rp,Jalen McMurray,28580,DB,TEN,389.5,6.5,383,396,,jalen-mcmurray.php,,,1.5,,,,,,9.0,Jalen McMurray,2026-08-07,TEN
/nfl/rankings/db-cheatsheets.php,redraft-db,rp,K'Von Wallace,19319,DB,BAL,389.5,3.5,386,393,,kvon-wallace.php,,,1.9,,,,,,13.0,KVon Wallace,2026-08-07,BAL
/nfl/rankings/db-cheatsheets.php,redraft-db,rp,Corey Ballentine,18556,DB,JAC,398.0,35.0,363,433,,corey-ballentine.php,,,1.1,,,,,,7.0,Corey Ballentine,2026-08-07,JAC
/nfl/rankings/db-cheatsheets.php,redraft-db,rp,Mike Ford Jr.,18117,DB,ATL,395.0,26.0,369,421,,mike-ford.php,,,1.5,,,,,,11.0,Mike Ford,2026-08-07,ATL
/nfl/rankings/db-cheatsheets.php,redraft-db,rp,Jaden Robinson,27581,DB,DEN,393.0,4.0,389,397,,jaden-robinson.php,,,2.5,,,,,,10.0,Jaden Robinson,2026-08-07,DEN
/nfl/rankings/db-cheatsheets.php,redraft-db,rp,Melvin Smith Jr.,27840,DB,KC,399.5,23.5,376,423,,melvin-smith-jr.php,,,1.0,,,,,,5.0,Melvin Smith,2026-08-07,KCC
/nfl/rankings/db-cheatsheets.php,redraft-db,rp,Jakob Robinson,27562,DB,SF,398.0,3.0,395,401,,jakob-robinson.php,,,1.1,,,,,,8.0,Jakob Robinson,2026-08-07,SFO
/nfl/rankings/db-cheatsheets.php,redraft-db,rp,Latrell McCutchin Sr.,28444,DB,FA,404.0,20.0,384,424,,latrell-mccutchin-sr.php,,,1.2,,,,,,,Latrell McCutchin,2026-08-07,FA
/nfl/rankings/db-cheatsheets.php,redraft-db,rp,Robert Rochell,22848,DB,CAR,402.5,4.5,398,407,,robert-rochell.php,,,1.1,,,,,,5.0,Robert Rochell,2026-08-07,CAR
/nfl/rankings/db-cheatsheets.php,redraft-db,rp,Kendall Williamson,25481,DB,LAC,403.0,7.0,396,410,,kendall-williamson.php,,,1.0,,,,,,7.0,Kendall Williamson,2026-08-07,LAC
/nfl/rankings/db-cheatsheets.php,redraft-db,rp,Ahmari Harvey,28836,DB,FA,412.0,22.0,390,434,,ahmari-harvey.php,,,0.0,,,,,,,Ahmari Harvey,2026-08-07,FA
/nfl/rankings/db-cheatsheets.php,redraft-db,rp,Jammie Robinson,24753,DB,ATL,408.5,17.5,391,426,,jammie-robinson.php,,,0.7,,,,,,11.0,Jammie Robinson,2026-08-07,ATL
/nfl/rankings/db-cheatsheets.php,redraft-db,rp,Dan Jackson,27543,DB,DET,404.0,7.0,397,411,,dan-jackson.php,,,1.1,,,,,,6.0,Dan Jackson,2026-08-07,DET
/nfl/rankings/db-cheatsheets.php,redraft-db,rp,Marco Wilson,22729,DB,MIA,409.5,17.5,392,427,,marco-wilson.php,,,0.8,,,,,,6.0,Marco Wilson,2026-08-07,MIA
/nfl/rankings/db-cheatsheets.php,redraft-db,rp,Tyrek Funderburk,26614,DB,CAR,404.5,3.5,401,408,,tyrek-funderburk.php,,,1.0,,,,,,5.0,Tyrek Funderburk,2026-08-07,CAR
/nfl/rankings/db-cheatsheets.php,redraft-db,rp,Nic Jones,25510,DB,NYG,405.5,6.5,399,412,,nic-jones.php,,,1.5,,,,,,8.0,Nic Jones,2026-08-07,NYG
/nfl/rankings/db-cheatsheets.php,redraft-db,rp,Mike Reid,27706,DB,NO,405.5,3.5,402,409,,mike-reid.php,,,1.0,,,,,,8.0,Mike Reid,2026-08-07,NOS
/nfl/rankings/db-cheatsheets.php,redraft-db,rp,Korie Black,27262,DB,NYG,406.5,6.5,400,413,,korie-black.php,,,0.8,,,,,,8.0,Korie Black,2026-08-07,NYG
/nfl/rankings/db-cheatsheets.php,redraft-db,rp,Jaylen Reed,27481,DB,HOU,419.0,16.0,403,435,,jaylen-reed.php,,,0.8,,,,,,8.0,Jaylen Reed,2026-08-07,HOU
/nfl/rankings/db-cheatsheets.php,redraft-db,rp,Dominique Hampton,26464,DB,TEN,420.0,16.0,404,436,,dominique-hampton.php,,,5.8,,,,,,9.0,Dominique Hampton,2026-08-07,TEN
/nfl/rankings/db-cheatsheets.php,redraft-db,rp,Darrick Forrest,23280,DB,SF,421.0,16.0,405,437,,darrick-forrest.php,,,0.8,,,,,,8.0,Darrick Forrest,2026-08-07,SFO
/nfl/rankings/db-cheatsheets.php,redraft-db,rp,Malik Verdon,27483,DB,ATL,422.0,16.0,406,438,,malik-verdon.php,,,1.5,,,,,,11.0,Malik Verdon,2026-08-07,ATL
/nfl/rankings/db-cheatsheets.php,redraft-db,rp,Joey Blount,24308,DB,ARI,423.0,16.0,407,439,,joey-blount.php,,,1.5,,,,,,14.0,Joey Blount,2026-08-07,ARI
/nfl/rankings/db-cheatsheets.php,redraft-db,rp,Miles Scott,28492,DB,DEN,424.0,16.0,408,440,,miles-scott.php,,,2.6,,,,,,10.0,Miles Scott,2026-08-07,DEN
/nfl/rankings/db-cheatsheets.php,redraft-db,rp,Shemar Bartholomew,26799,DB,GB,425.5,15.5,410,441,,shemar-bartholomew.php,,,0.6,,,,,,11.0,Shemar Bartholomew,2026-08-07,GBP
/nfl/rankings/db-cheatsheets.php,redraft-db,rp,Christopher Edmonds,26549,DB,CLE,426.5,15.5,411,442,,chris-edmonds-db.php,,,5.6,,,,,,11.0,Christopher Edmonds,2026-08-07,CLE
/nfl/rankings/db-cheatsheets.php,redraft-db,rp,Kalen King,26101,DB,ARI,427.5,15.5,412,443,,kalen-king.php,,,1.0,,,,,,14.0,Kalen King,2026-08-07,ARI
/nfl/rankings/dl-cheatsheets.php,redraft-dl,rp,Myles Garrett,16370,DL,LAR,1.18,0.39,1,2,,myles-garrett.php,,,88.0,,,,,,11.0,Myles Garrett,2026-08-07,LAR
/nfl/rankings/dl-cheatsheets.php,redraft-dl,rp,Aidan Hutchinson,22738,DL,DET,2.27,0.75,1,4,,aidan-hutchinson.php,,,76.7,,,,,,6.0,Aidan Hutchinson,2026-08-07,DET
/nfl/rankings/dl-cheatsheets.php,redraft-dl,rp,Will Anderson Jr.,24717,DL,HOU,3.45,0.99,2,6,,will-anderson.php,,,73.6,,,,,1.0,8.0,Will Anderson,2026-08-07,HOU
/nfl/rankings/dl-cheatsheets.php,redraft-dl,rp,Maxx Crosby,18702,DL,LV,3.55,0.5,3,4,,maxx-crosby.php,,,81.1,,,,,-1.0,13.0,Maxx Crosby,2026-08-07,LVR
/nfl/rankings/dl-cheatsheets.php,redraft-dl,rp,Nick Bosa,18199,DL,SF,5.45,0.66,5,7,,nick-bosa.php,,,69.6,,,,,,8.0,Nick Bosa,2026-08-07,SFO
/nfl/rankings/dl-cheatsheets.php,redraft-dl,rp,Danielle Hunter,14036,DL,HOU,7.45,1.08,5,9,,danielle-hunter.php,,,53.4,,,,,,8.0,Danielle Hunter,2026-08-07,HOU
/nfl/rankings/dl-cheatsheets.php,redraft-dl,rp,T.J. Watt,16469,LB,PIT,7.91,1.78,5,11,,tj-watt.php,,,68.9,,,,,,9.0,TJ Watt,2026-08-07,PIT
/nfl/rankings/dl-cheatsheets.php,redraft-dl,rp,Brian Burns,18223,DL,NYG,8.0,1.71,6,11,,brian-burns.php,,,70.7,,,,,,8.0,Brian Burns,2026-08-07,NYG
/nfl/rankings/dl-cheatsheets.php,redraft-dl,rp,Byron Young,25449,DL,LAR,12.09,1.83,10,15,,byron-young-edge.php,,,45.4,,,,,,11.0,Byron Young,2026-08-07,LAR
/nfl/rankings/dl-cheatsheets.php,redraft-dl,rp,Andrew Van Ginkel,18573,LB,MIN,12.64,5.09,7,27,,andrew-van-ginkel.php,,,54.0,,,,,,6.0,Andrew Van Ginkel,2026-08-07,MIN
/nfl/rankings/dl-cheatsheets.php,redraft-dl,rp,Josh Hines-Allen,18201,DL,JAC,13.91,3.09,11,21,,josh-allen-olb.php,,,39.6,,,,,7.0,7.0,Josh Hines-Allen,2026-08-07,JAC
/nfl/rankings/dl-cheatsheets.php,redraft-dl,rp,Nik Bonitto,23763,DL,DEN,14.0,5.1,8,26,,nik-bonitto.php,,,53.4,,,,,14.0,10.0,Nik Bonitto,2026-08-07,DEN
/nfl/rankings/dl-cheatsheets.php,redraft-dl,rp,Jeffery Simmons,18207,DL,TEN,14.64,8.74,6,38,,jeffery-simmons.php,,,66.3,,,,,-3.0,9.0,Jeffery Simmons,2026-08-07,TEN
/nfl/rankings/dl-cheatsheets.php,redraft-dl,rp,Tuli Tuipulotu,25364,DL,LAC,16.09,2.75,11,21,,tuli-tuipulotu.php,,,46.0,,,,,3.0,7.0,Tuli Tuipulotu,2026-08-07,LAC
/nfl/rankings/dl-cheatsheets.php,redraft-dl,rp,Laiatu Latu,26096,DL,IND,16.27,3.36,12,21,,laiatu-latu.php,,,20.7,,,,,,13.0,Laiatu Latu,2026-08-07,IND
/nfl/rankings/dl-cheatsheets.php,redraft-dl,rp,Jared Verse,25234,DL,CLE,16.45,5.05,8,28,,jared-verse.php,,,49.7,,,,,9.0,11.0,Jared Verse,2026-08-07,CLE
/nfl/rankings/dl-cheatsheets.php,redraft-dl,rp,Alex Highsmith,19316,LB,PIT,17.82,2.21,13,21,,alex-highsmith.php,,,38.8,,,,,,9.0,Alex Highsmith,2026-08-07,PIT
/nfl/rankings/dl-cheatsheets.php,redraft-dl,rp,Abdul Carter,27022,DL,NYG,18.45,3.75,13,25,,abdul-carter.php,,,34.0,,,,,4.0,8.0,Abdul Carter,2026-08-07,NYG
/nfl/rankings/dl-cheatsheets.php,redraft-dl,rp,Trey Hendrickson,16719,DL,BAL,20.0,4.55,12,30,,trey-hendrickson.php,,,45.8,,,,,12.0,13.0,Trey Hendrickson,2026-08-07,BAL
/nfl/rankings/dl-cheatsheets.php,redraft-dl,rp,Montez Sweat,18213,DL,CHI,21.36,2.1,17,24,,montez-sweat.php,,,24.0,,,,,-5.0,10.0,Montez Sweat,2026-08-07,CHI
/nfl/rankings/dl-cheatsheets.php,redraft-dl,rp,Jaelan Phillips,22734,DL,CAR,22.0,2.66,17,25,,jaelan-phillips.php,,,13.7,,,,,-6.0,5.0,Jaelan Phillips,2026-08-07,CAR
/nfl/rankings/dl-cheatsheets.php,redraft-dl,rp,DeForest Buckner,15494,DL,IND,23.45,11.19,11,44,,deforest-buckner.php,,,34.2,,,,,-6.0,13.0,DeForest Buckner,2026-08-07,IND
/nfl/rankings/dl-cheatsheets.php,redraft-dl,rp,Dallas Turner,26097,DL,MIN,23.91,6.36,15,35,,dallas-turner.php,,,29.7,,,,,3.0,6.0,Dallas Turner,2026-08-07,MIN
/nfl/rankings/dl-cheatsheets.php,redraft-dl,rp,George Karlaftis III,23501,DL,KC,26.55,3.89,18,31,,george-karlaftis-iii.php,,,17.1,,,,,-3.0,5.0,George Karlaftis,2026-08-07,KCC
/nfl/rankings/dl-cheatsheets.php,redraft-dl,rp,Greg Rousseau,19787,DL,BUF,27.18,3.49,20,32,,gregory-rousseau.php,,,23.2,,,,,-8.0,7.0,Gregory Rousseau,2026-08-07,BUF
/nfl/rankings/dl-cheatsheets.php,redraft-dl,rp,Chase Young,19195,DL,NO,27.55,4.83,18,35,,chase-young.php,,,23.8,,,,,-3.0,8.0,Chase Young,2026-08-07,NOS
/nfl/rankings/dl-cheatsheets.php,redraft-dl,rp,Leonard Williams,13892,DL,SEA,27.64,6.79,18,39,,leonard-williams.php,,,21.8,,,,,-8.0,11.0,Leonard Williams,2026-08-07,SEA
/nfl/rankings/dl-cheatsheets.php,redraft-dl,rp,Jonathan Greenard,19276,DL,PHI,29.36,6.29,22,40,,jonathan-greenard.php,,,32.2,,,,,,10.0,Jonathan Greenard,2026-08-07,PHI
/nfl/rankings/dl-cheatsheets.php,redraft-dl,rp,Micah Parsons,19784,LB,GB,30.73,4.24,22,36,,micah-parsons.php,,,54.8,,,,,,11.0,Micah Parsons,2026-08-07,GBP
/nfl/rankings/dl-cheatsheets.php,redraft-dl,rp,Bradley Chubb,17277,LB,BUF,31.0,3.33,26,37,,bradley-chubb.php,,,11.9,,,,,,7.0,Bradley Chubb,2026-08-07,BUF
/nfl/rankings/dl-cheatsheets.php,redraft-dl,rp,Travon Walker,23724,DL,JAC,31.73,4.2,26,42,,travon-walker.php,,,25.4,,,,,,7.0,Travon Walker,2026-08-07,JAC
/nfl/rankings/dl-cheatsheets.php,redraft-dl,rp,Arvell Reese,28053,LB,NYG,28.9,17.54,6,57,,arvell-reese.php,,,0.0,,,,,,8.0,Arvell Reese,2026-08-07,NYG
/nfl/rankings/dl-cheatsheets.php,redraft-dl,rp,Cameron Heyward,9862,DL,PIT,36.55,10.52,24,60,,cameron-heyward.php,,,22.5,,,,,-9.0,9.0,Cameron Heyward,2026-08-07,PIT
/nfl/rankings/dl-cheatsheets.php,redraft-dl,rp,Rashan Gary,18209,LB,DAL,38.27,6.14,28,51,,rashan-gary.php,,,25.9,,,,,,14.0,Rashan Gary,2026-08-07,DAL
/nfl/rankings/dl-cheatsheets.php,redraft-dl,rp,Josh Sweat,17363,DL,ARI,41.45,26.61,24,117,,josh-sweat.php,,,15.6,,,,,-5.0,14.0,Josh Sweat,2026-08-07,ARI
/nfl/rankings/dl-cheatsheets.php,redraft-dl,rp,Harold Landry III,17330,LB,NE,44.45,33.09,28,148,,harold-landry.php,,,21.2,,,,,,11.0,Harold Landry,2026-08-07,NEP
/nfl/rankings/dl-cheatsheets.php,redraft-dl,rp,Derrick Brown,19205,DL,CAR,41.09,8.9,31,61,,derrick-brown.php,,,29.0,,,,,,5.0,Derrick Brown,2026-08-07,CAR
/nfl/rankings/dl-cheatsheets.php,redraft-dl,rp,Jonathon Cooper,22821,DL,DEN,42.55,9.39,29,63,,jonathon-cooper.php,,,8.0,,,,,,10.0,Jonathon Cooper,2026-08-07,DEN
/nfl/rankings/dl-cheatsheets.php,redraft-dl,rp,Jermaine Johnson II,23733,DL,TEN,42.64,3.44,36,48,,jermaine-johnson.php,,,5.4,,,,,,9.0,Jermaine Johnson,2026-08-07,TEN
/nfl/rankings/dl-cheatsheets.php,redraft-dl,rp,Quinnen Williams,18200,DL,DAL,42.73,5.54,37,54,,quinnen-williams.php,,,27.5,,,,,,14.0,Quinnen Williams,2026-08-07,DAL
/nfl/rankings/dl-cheatsheets.php,redraft-dl,rp,Odafe Oweh,22714,DL,WAS,48.27,18.03,31,93,,odafe-oweh.php,,,10.6,,,,,,7.0,Odafe Oweh,2026-08-07,WAS
/nfl/rankings/dl-cheatsheets.php,redraft-dl,rp,Zach Allen,18221,DL,DEN,43.6,12.44,23,65,,zach-allen.php,,,20.2,,,,,,10.0,Zach Allen,2026-08-07,DEN
/nfl/rankings/dl-cheatsheets.php,redraft-dl,rp,Chop Robinson,26105,DL,MIA,49.0,11.26,41,74,,chop-robinson.php,,,11.1,,,,,,6.0,Chop Robinson,2026-08-07,MIA
/nfl/rankings/dl-cheatsheets.php,redraft-dl,rp,DeMarcus Lawrence,12217,DL,SEA,49.18,8.92,37,65,,demarcus-lawrence.php,,,19.2,,,,,,11.0,DeMarcus Lawrence,2026-08-07,SEA
/nfl/rankings/dl-cheatsheets.php,redraft-dl,rp,Jalen Carter,24703,DL,PHI,50.18,9.23,33,64,,jalen-carter.php,,,33.4,,,,,7.0,10.0,Jalen Carter,2026-08-07,PHI
/nfl/rankings/dl-cheatsheets.php,redraft-dl,rp,Austin Booker,26313,LB,CHI,50.45,13.33,32,78,,austin-booker.php,,,8.1,,,,,,10.0,Austin Booker,2026-08-07,CHI
/nfl/rankings/dl-cheatsheets.php,redraft-dl,rp,Alex Wright,24540,DL,CLE,50.64,11.14,36,68,,alex-wright.php,,,6.8,,,,,-5.0,11.0,Alex Wright,2026-08-07,CLE
/nfl/rankings/dl-cheatsheets.php,redraft-dl,rp,Carl Granderson,18295,DL,NO,54.82,7.02,48,68,,carl-granderson.php,,,30.6,,,,,,8.0,Carl Granderson,2026-08-07,NOS
/nfl/rankings/dl-cheatsheets.php,redraft-dl,rp,Zach Sieler,17548,DL,MIA,50.6,9.97,31,69,,zach-sieler.php,,,10.8,,,,,,6.0,Zach Sieler,2026-08-07,MIA
/nfl/rankings/dl-cheatsheets.php,redraft-dl,rp,Khalil Mack,12169,LB,LAC,51.8,9.68,40,66,,khalil-mack.php,,,15.5,,,,,,7.0,Khalil Mack,2026-08-07,LAC
/nfl/rankings/dl-cheatsheets.php,redraft-dl,rp,Yaya Diaby,25264,DL,TB,51.11,18.21,32,90,,yaya-diaby.php,,,21.6,,,,,,10.0,YaYa Diaby,2026-08-07,TBB
/nfl/rankings/dl-cheatsheets.php,redraft-dl,rp,Kobie Turner,25283,DL,LAR,51.11,7.16,44,67,,kobie-turner.php,,,17.1,,,,,-5.0,11.0,Kobie Turner,2026-08-07,LAR
/nfl/rankings/dl-cheatsheets.php,redraft-dl,rp,Rueben Bain Jr.,28772,DL,TB,55.33,30.7,36,140,,rueben-bain.php,,,37.2,,,,,,10.0,Rueben Bain,2026-08-07,TBB
/nfl/rankings/dl-cheatsheets.php,redraft-dl,rp,Myles Murphy,24709,DL,CIN,58.0,12.11,38,80,,myles-murphy.php,,,4.6,,,,,,6.0,Myles Murphy,2026-08-07,CIN
/nfl/rankings/dl-cheatsheets.php,redraft-dl,rp,Kayvon Thibodeaux,23484,DL,NYG,88.11,78.33,40,306,,kayvon-thibodeaux.php,,,19.0,,,,,11.0,8.0,Kayvon Thibodeaux,2026-08-07,NYG
/nfl/rankings/dl-cheatsheets.php,redraft-dl,rp,Dexter Lawrence II,18211,DL,CIN,57.0,19.69,34,101,,dexter-lawrence.php,,,22.4,,,,,,6.0,Dexter Lawrence,2026-08-07,CIN
/nfl/rankings/dl-cheatsheets.php,redraft-dl,rp,Donovan Ezeiruaku,27033,DL,DAL,70.78,23.76,52,135,,donovan-ezeiruaku.php,,,6.9,,,,,,14.0,Donovan Ezeiruaku,2026-08-07,DAL
/nfl/rankings/dl-cheatsheets.php,redraft-dl,rp,Nick Herbig,25464,LB,PIT,81.75,64.8,34,250,,nick-herbig.php,,,13.8,,,,,,9.0,Nick Herbig,2026-08-07,PIT
/nfl/rankings/dl-cheatsheets.php,redraft-dl,rp,David Bailey,27191,DL,NYJ,67.0,44.53,39,166,,david-bailey-edge.php,,,33.3,,,,,,13.0,David Bailey,2026-08-07,NYJ
/nfl/rankings/dl-cheatsheets.php,redraft-dl,rp,Chris Jones,15620,DL,KC,65.14,17.13,54,105,,chris-jones-dl.php,,,19.1,,,,,,5.0,Chris Jones,2026-08-07,KCC
/nfl/rankings/dl-cheatsheets.php,redraft-dl,rp,Nnamdi Madubuike,19272,DL,BAL,59.83,12.9,38,81,,justin-madubuike.php,,,19.7,,,,,,13.0,Nnamdi Madubuike,2026-08-07,BAL
/nfl/rankings/dl-cheatsheets.php,redraft-dl,rp,Ed Oliver,18202,DL,BUF,52.0,3.46,47,56,,ed-oliver.php,,,20.8,,,,,,7.0,Ed Oliver,2026-08-07,BUF
/nfl/rankings/dl-cheatsheets.php,redraft-dl,rp,Jalen Redmond,25777,DL,MIN,53.6,4.08,50,61,,jalen-redmond.php,,,16.2,,,,,,6.0,Jalen Redmond,2026-08-07,MIN
/nfl/rankings/dl-cheatsheets.php,redraft-dl,rp,Will McDonald IV,25254,DL,NYJ,95.33,90.8,46,298,,will-mcdonald-iv.php,,,13.0,,,,,,13.0,Will McDonald,2026-08-07,NYJ
/nfl/rankings/dl-cheatsheets.php,redraft-dl,rp,Byron Murphy II,26221,DL,SEA,55.0,5.18,49,63,,byron-murphy-ii.php,,,12.8,,,,,,11.0,Byron Murphy,2026-08-07,SEA
/nfl/rankings/dl-cheatsheets.php,redraft-dl,rp,Nolan Smith Jr.,24711,DL,PHI,86.83,68.07,47,238,,nolan-smith.php,,,10.7,,,,,-6.0,10.0,Nolan Smith,2026-08-07,PHI
/nfl/rankings/dl-cheatsheets.php,redraft-dl,rp,James Pearce Jr.,27018,DL,ATL,71.57,24.65,34,112,,james-pearce-jr.php,,,8.8,,,,,,11.0,James Pearce,2026-08-07,ATL
/nfl/rankings/dl-cheatsheets.php,redraft-dl,rp,Jalyx Hunt,26337,LB,PHI,72.17,7.38,60,82,,jalyx-hunt.php,,,10.0,,,,,,10.0,Jalyx Hunt,2026-08-07,PHI
/nfl/rankings/dl-cheatsheets.php,redraft-dl,rp,Boye Mafe,23736,DL,CIN,76.83,23.84,49,124,,boye-mafe.php,,,17.2,,,,,,6.0,Boye Mafe,2026-08-07,CIN
/nfl/rankings/dl-cheatsheets.php,redraft-dl,rp,Calijah Kancey,23865,DL,TB,67.8,13.61,51,85,,calijah-kancey.php,,,19.5,,,,,22.0,10.0,Calijah Kancey,2026-08-07,TBB
/nfl/rankings/dl-cheatsheets.php,redraft-dl,rp,Josh Uche,19257,DL,MIA,69.0,11.63,52,86,,josh-uche.php,,,4.3,,,,,,6.0,Josh Uche,2026-08-07,MIA
/nfl/rankings/dl-cheatsheets.php,redraft-dl,rp,Dorance Armstrong Jr.,17315,DL,WAS,94.8,64.25,58,223,,dorance-armstrong-jr.php,,,19.2,,,,,,7.0,Dorance Armstrong,2026-08-07,WAS
/nfl/rankings/dl-cheatsheets.php,redraft-dl,rp,Uchenna Nwosu,17448,LB,SEA,76.2,25.93,62,128,,uchenna-nwosu.php,,,3.8,,,,,,11.0,Uchenna Nwosu,2026-08-07,SEA
/nfl/rankings/dl-cheatsheets.php,redraft-dl,rp,K'Lavon Chaisson,19228,DL,WAS,71.6,21.64,37,92,,klavon-chaisson.php,,,4.6,,,,,13.0,7.0,KLavon Chaisson,2026-08-07,WAS
/nfl/rankings/dl-cheatsheets.php,redraft-dl,rp,Mike Green,27042,LB,BAL,105.0,81.38,51,267,,mike-green-dt.php,,,5.7,,,,,,13.0,Mike Green,2026-08-07,BAL
/nfl/rankings/dl-cheatsheets.php,redraft-dl,rp,Vita Vea,17322,DL,TB,73.4,17.82,40,92,,tevita-tuliakiono-tuipulotu-mosese-vahae-fehoko-faletau-vea.php,,,4.3,,,,,,10.0,Vita Vea,2026-08-07,TBB
/nfl/rankings/dl-cheatsheets.php,redraft-dl,rp,Mason Graham,27010,DL,CLE,74.0,12.57,52,85,,mason-graham.php,,,8.3,,,,,,11.0,Mason Graham,2026-08-07,CLE
/nfl/rankings/dl-cheatsheets.php,redraft-dl,rp,Zach Harrison,23485,DL,ATL,69.75,26.43,29,101,,zach-harrison.php,,,10.3,,,,,,11.0,Zach Harrison,2026-08-07,ATL
/nfl/rankings/dl-cheatsheets.php,redraft-dl,rp,Arden Key,17279,DL,IND,76.4,5.85,68,83,,arden-key.php,,,2.1,,,,,,13.0,Arden Key,2026-08-07,IND
/nfl/rankings/dl-cheatsheets.php,redraft-dl,rp,Dre'Mont Jones,18212,DL,NE,73.0,28.22,28,97,,dremont-jones.php,,,4.7,,,,,,11.0,DreMont Jones,2026-08-07,NEP
/nfl/rankings/dl-cheatsheets.php,redraft-dl,rp,Devonte Wyatt,23757,DL,GB,63.67,15.37,42,76,,devonte-wyatt.php,,,5.8,,,,,,11.0,Devonte Wyatt,2026-08-07,GBP
/nfl/rankings/dl-cheatsheets.php,redraft-dl,rp,Zaven Collins,22698,LB,ARI,88.0,27.78,69,143,,zaven-collins.php,,,4.0,,,,,,14.0,Zaven Collins,2026-08-07,ARI
/nfl/rankings/dl-cheatsheets.php,redraft-dl,rp,Walter Nolen III,27030,DL,ARI,74.5,12.5,54,86,,walter-nolen.php,,,4.1,,,,,,14.0,Walter Nolen,2026-08-07,ARI
/nfl/rankings/dl-cheatsheets.php,redraft-dl,rp,Lukas Van Ness,25291,DL,GB,80.4,14.19,57,95,,lukas-van-ness.php,,,5.3,,,,,,11.0,Lukas Van Ness,2026-08-07,GBP
/nfl/rankings/dl-cheatsheets.php,redraft-dl,rp,Cameron Jordan,9886,DL,NO,66.0,13.14,53,84,,cameron-jordan.php,,,7.9,,,,,,8.0,Cameron Jordan,2026-08-07,NOS
/nfl/rankings/dl-cheatsheets.php,redraft-dl,rp,John Franklin-Myers,17623,DL,TEN,76.25,20.44,41,90,,john-franklin-meyers.php,,,4.3,,,,,,9.0,John Franklin-Myers,2026-08-07,TEN
/nfl/rankings/dl-cheatsheets.php,redraft-dl,rp,Jonathan Allen,16371,DL,CIN,67.67,13.96,48,79,,jonathan-allen.php,,,10.0,,,,,,6.0,Jonathan Allen,2026-08-07,CIN
/nfl/rankings/dl-cheatsheets.php,redraft-dl,rp,Keldric Faulk,27951,DL,TEN,114.6,75.21,75,265,,keldric-faulk.php,,,24.4,,,,,,9.0,Keldric Faulk,2026-08-07,TEN
/nfl/rankings/dl-cheatsheets.php,redraft-dl,rp,Milton Williams,23209,DL,NE,77.5,12.3,58,89,,milton-williams.php,,,10.1,,,,,,11.0,Milton Williams,2026-08-07,NEP
/nfl/rankings/dl-cheatsheets.php,redraft-dl,rp,Jordan Davis,22761,DL,PHI,83.2,9.5,71,94,,jordan-davis.php,,,16.0,,,,,,10.0,Jordan Davis,2026-08-07,PHI
/nfl/rankings/dl-cheatsheets.php,redraft-dl,rp,Tavius Robinson,25478,DL,BAL,55.5,20.5,35,76,,tavius-robinson.php,,,2.7,,,,,,13.0,Tavius Robinson,2026-08-07,BAL
/nfl/rankings/dl-cheatsheets.php,redraft-dl,rp,Braden Fiske,26195,DL,LAR,97.67,50.94,49,168,,braden-fiske.php,,,2.5,,,,,,11.0,Braden Fiske,2026-08-07,LAR
/nfl/rankings/dl-cheatsheets.php,redraft-dl,rp,DJ Wonnum,19355,DL,DET,83.75,4.49,79,90,,dj-wonnum.php,,,4.4,,,,,,6.0,DJ Wonnum,2026-08-07,DET
/nfl/rankings/dl-cheatsheets.php,redraft-dl,rp,Mykel Williams,27013,DL,SF,90.2,10.83,80,111,,mykel-williams.php,,,4.6,,,,,,8.0,Mykel Williams,2026-08-07,SFO
/nfl/rankings/dl-cheatsheets.php,redraft-dl,rp,Brandon Dorlus,26184,DL,ATL,85.25,17.58,56,99,,brandon-dorlus.php,,,1.6,,,,,,11.0,Brandon Dorlus,2026-08-07,ATL
/nfl/rankings/dl-cheatsheets.php,redraft-dl,rp,Daron Payne,17281,DL,WAS,85.75,7.95,72,91,,daron-payne.php,,,3.6,,,,,,7.0,DaRon Payne,2026-08-07,WAS
/nfl/rankings/dl-cheatsheets.php,redraft-dl,rp,A'Shawn Robinson,15503,DL,TB,81.0,24.91,46,102,,a-shawn-robinson.php,,,5.2,,,,,,10.0,AShawn Robinson,2026-08-07,TBB
/nfl/rankings/dl-cheatsheets.php,redraft-dl,rp,Kwity Paye,22682,DL,LV,91.4,9.37,85,110,,kwity-paye.php,,,2.5,,,,,,13.0,Kwity Paye,2026-08-07,LVR
/nfl/rankings/dl-cheatsheets.php,redraft-dl,rp,Jaishawn Barham,28200,LB,DAL,158.0,120.0,38,278,,jaishawn-barham.php,,,7.7,,,,,,14.0,Jaishawn Barham,2026-08-07,DAL
/nfl/rankings/dl-cheatsheets.php,redraft-dl,rp,Joseph Ossai,22696,DL,NYJ,88.0,6.75,79,95,,joseph-ossai.php,,,1.9,,,,,,13.0,Joseph Ossai,2026-08-07,NYJ
/nfl/rankings/dl-cheatsheets.php,redraft-dl,rp,Derrick Harmon,27029,DL,PIT,93.75,19.1,77,126,,derrick-harmon.php,,,2.2,,,,,,9.0,Derrick Harmon,2026-08-07,PIT
/nfl/rankings/dl-cheatsheets.php,redraft-dl,rp,Akheem Mesidor,27078,DL,LAC,138.0,92.01,68,268,,akheem-mesidor.php,,,25.1,,,,,,7.0,Akheem Mesidor,2026-08-07,LAC
/nfl/rankings/dl-cheatsheets.php,redraft-dl,rp,Malachi Lawrence,28203,DL,DAL,156.0,111.02,77,313,,malachi-lawrence.php,,,13.0,,,,,,14.0,Malachi Lawrence,2026-08-07,DAL
/nfl/rankings/dl-cheatsheets.php,redraft-dl,rp,Osa Odighizuwa,22816,DL,SF,78.5,12.5,66,91,,osa-odighizuwa.php,,,3.3,,,,,,8.0,Osa Odighizuwa,2026-08-07,SFO
/nfl/rankings/dl-cheatsheets.php,redraft-dl,rp,T'Vondre Sweat,26206,DL,NYJ,100.25,24.77,74,141,,tvondre-sweat.php,,,2.2,,,,,,13.0,TVondre Sweat,2026-08-07,NYJ
/nfl/rankings/dl-cheatsheets.php,redraft-dl,rp,Calais Campbell,10585,DL,BAL,107.0,40.27,70,163,,calais-campbell.php,,,8.4,,,,,,13.0,Calais Campbell,2026-08-07,BAL
/nfl/rankings/dl-cheatsheets.php,redraft-dl,rp,Gervon Dexter Sr.,25246,DL,CHI,87.67,14.61,67,98,,gervon-dexter-sr.php,,,4.3,,,,,,10.0,Gervon Dexter,2026-08-07,CHI
/nfl/rankings/dl-cheatsheets.php,redraft-dl,rp,Travis Jones,23799,DL,BAL,88.0,16.97,64,100,,travis-jones.php,,,5.8,,,,,,13.0,Travis Jones,2026-08-07,BAL
/nfl/rankings/dl-cheatsheets.php,redraft-dl,rp,Zion Young,28091,DL,BAL,147.0,91.48,74,276,,zion-young.php,,,2.0,,,,,,13.0,Zion Young,2026-08-07,BAL
/nfl/rankings/dl-cheatsheets.php,redraft-dl,rp,Tyree Wilson,25237,DL,NO,160.0,109.94,72,315,,tyree-wilson.php,,,2.1,,,,,,8.0,Tyree Wilson,2026-08-07,NOS
/nfl/rankings/dl-cheatsheets.php,redraft-dl,rp,Dayo Odeyingbo,22883,DL,CHI,153.67,98.35,72,292,,dayo-odeyingbo.php,,,1.9,,,,,,10.0,Dayo Odeyingbo,2026-08-07,CHI
/nfl/rankings/dl-cheatsheets.php,redraft-dl,rp,A.J. Epenesa,19204,DL,PHI,134.33,66.59,79,228,,aj-epenesa.php,,,1.1,,,,,,10.0,AJ Epenesa,2026-08-07,PHI
/nfl/rankings/dl-cheatsheets.php,redraft-dl,rp,Christian Barmore,22691,DL,NE,98.0,2.83,96,102,,christian-barmore.php,,,1.6,,,,,,11.0,Christian Barmore,2026-08-07,NEP
/nfl/rankings/dl-cheatsheets.php,redraft-dl,rp,Princely Umanmielen,26130,DL,CAR,171.0,83.0,88,254,,princely-umanmielen.php,,,1.4,,,,,,5.0,Princely Umanmielen,2026-08-07,CAR
/nfl/rankings/dst-cheatsheets.php,redraft-dst,rp,Houston Texans,8120,DST,HOU,1.33,0.58,1,3,,houston-defense.php,,,96.2,,,,,,8.0,Houston Texans,2026-08-07,HOU
/nfl/rankings/dst-cheatsheets.php,redraft-dst,rp,Denver Broncos,8090,DST,DEN,2.81,1.1,1,5,,denver-defense.php,,,94.2,,,,,,10.0,Denver Broncos,2026-08-07,DEN
/nfl/rankings/dst-cheatsheets.php,redraft-dst,rp,Los Angeles Rams,8280,DST,LAR,3.25,1.8,1,11,,los-angeles-rams-defense.php,,,84.5,,,,,,11.0,Los Angeles Rams,2026-08-07,LAR
/nfl/rankings/dst-cheatsheets.php,redraft-dst,rp,Seattle Seahawks,8260,DST,SEA,3.33,0.97,2,7,,seattle-defense.php,,,95.6,,,,,,11.0,Seattle Seahawks,2026-08-07,SEA
/nfl/rankings/dst-cheatsheets.php,redraft-dst,rp,Philadelphia Eagles,8230,DST,PHI,5.39,1.28,4,11,,philadelphia-defense.php,,,83.8,,,,,,10.0,Philadelphia Eagles,2026-08-07,PHI
/nfl/rankings/dst-cheatsheets.php,redraft-dst,rp,New England Patriots,8180,DST,NE,8.14,4.09,5,28,,new-england-defense.php,,,79.7,,,,,,11.0,New England Patriots,2026-08-07,NEP
/nfl/rankings/dst-cheatsheets.php,redraft-dst,rp,Minnesota Vikings,8170,DST,MIN,8.25,3.34,4,23,,minnesota-defense.php,,,63.0,,,,,,6.0,Minnesota Vikings,2026-08-07,MIN
/nfl/rankings/dst-cheatsheets.php,redraft-dst,rp,Jacksonville Jaguars,8140,DST,JAC,8.56,2.27,6,16,,jacksonville-defense.php,,,67.7,,,,,,7.0,Jacksonville Jaguars,2026-08-07,JAC
/nfl/rankings/dst-cheatsheets.php,redraft-dst,rp,Pittsburgh Steelers,8240,DST,PIT,9.0,2.44,5,18,,pittsburgh-defense.php,,,70.5,,,,,,9.0,Pittsburgh Steelers,2026-08-07,PIT
/nfl/rankings/dst-cheatsheets.php,redraft-dst,rp,Baltimore Ravens,8020,DST,BAL,10.72,2.88,6,19,,baltimore-defense.php,,,49.2,,,,,,13.0,Baltimore Ravens,2026-08-07,BAL
/nfl/rankings/dst-cheatsheets.php,redraft-dst,rp,Los Angeles Chargers,8250,DST,LAC,10.75,2.44,6,17,,los-angeles-chargers-defense.php,,,48.4,,,,,,7.0,Los Angeles Chargers,2026-08-07,LAC
/nfl/rankings/dst-cheatsheets.php,redraft-dst,rp,Green Bay Packers,8110,DST,GB,13.08,2.71,9,19,,green-bay-defense.php,,,29.3,,,,,,11.0,Green Bay Packers,2026-08-07,GBP
/nfl/rankings/dst-cheatsheets.php,redraft-dst,rp,Kansas City Chiefs,8150,DST,KC,14.19,2.04,10,21,,kansas-city-defense.php,,,24.4,,,,,,5.0,Kansas City Chiefs,2026-08-07,KCC
/nfl/rankings/dst-cheatsheets.php,redraft-dst,rp,Detroit Lions,8100,DST,DET,14.29,2.16,9,19,,detroit-defense.php,,,55.3,,,,,,6.0,Detroit Lions,2026-08-07,DET
/nfl/rankings/dst-cheatsheets.php,redraft-dst,rp,Cleveland Browns,8070,DST,CLE,14.97,4.57,5,25,,cleveland-defense.php,,,23.1,,,,,,11.0,Cleveland Browns,2026-08-07,CLE
/nfl/rankings/dst-cheatsheets.php,redraft-dst,rp,Buffalo Bills,8030,DST,BUF,15.72,2.29,12,22,,buffalo-defense.php,,,30.2,,,,,,7.0,Buffalo Bills,2026-08-07,BUF
/nfl/rankings/dst-cheatsheets.php,redraft-dst,rp,San Francisco 49ers,8270,DST,SF,17.89,3.01,10,27,,san-francisco-defense.php,,,21.8,,,,,,8.0,San Francisco 49ers,2026-08-07,SFO
/nfl/rankings/dst-cheatsheets.php,redraft-dst,rp,New Orleans Saints,8190,DST,NO,18.67,3.89,9,26,,new-orleans-defense.php,,,19.5,,,,,,8.0,New Orleans Saints,2026-08-07,NOS
/nfl/rankings/dst-cheatsheets.php,redraft-dst,rp,Atlanta Falcons,8010,DST,ATL,18.6,2.86,11,25,,atlanta-defense.php,,,12.9,,,,,,11.0,Atlanta Falcons,2026-08-07,ATL
/nfl/rankings/dst-cheatsheets.php,redraft-dst,rp,Indianapolis Colts,8130,DST,IND,20.22,2.57,14,25,,indianapolis-defense.php,,,19.3,,,,,,13.0,Indianapolis Colts,2026-08-07,IND
/nfl/rankings/dst-cheatsheets.php,redraft-dst,rp,Chicago Bears,8050,DST,CHI,19.94,3.67,14,31,,chicago-defense.php,,,13.5,,,,,,10.0,Chicago Bears,2026-08-07,CHI
/nfl/rankings/dst-cheatsheets.php,redraft-dst,rp,Dallas Cowboys,8080,DST,DAL,22.03,4.71,6,32,,dallas-defense.php,,,18.9,,,,,,14.0,Dallas Cowboys,2026-08-07,DAL
/nfl/rankings/dst-cheatsheets.php,redraft-dst,rp,Carolina Panthers,8040,DST,CAR,22.78,3.05,15,30,,carolina-defense.php,,,4.8,,,,,,5.0,Carolina Panthers,2026-08-07,CAR
/nfl/rankings/dst-cheatsheets.php,redraft-dst,rp,New York Giants,8200,DST,NYG,22.94,2.6,16,27,,new-york-giants-defense.php,,,24.2,,,,,,8.0,New York Giants,2026-08-07,NYG
/nfl/rankings/dst-cheatsheets.php,redraft-dst,rp,Tampa Bay Buccaneers,8290,DST,TB,23.47,3.0,16,27,,tampa-bay-defense.php,,,17.7,,,,,,10.0,Tampa Bay Buccaneers,2026-08-07,TBB
/nfl/rankings/dst-cheatsheets.php,redraft-dst,rp,Tennessee Titans,8300,DST,TEN,26.33,2.8,14,31,,tennessee-defense.php,,,10.4,,,,,,9.0,Tennessee Titans,2026-08-07,TEN
/nfl/rankings/dst-cheatsheets.php,redraft-dst,rp,Cincinnati Bengals,8060,DST,CIN,25.67,3.6,17,31,,cincinnati-defense.php,,,3.7,,,,,,6.0,Cincinnati Bengals,2026-08-07,CIN
/nfl/rankings/dst-cheatsheets.php,redraft-dst,rp,Washington Commanders,8310,DST,WAS,27.21,2.41,19,31,,washington-defense.php,,,10.9,,,,,,7.0,Washington Commanders,2026-08-07,WAS
/nfl/rankings/dst-cheatsheets.php,redraft-dst,rp,Miami Dolphins,8160,DST,MIA,27.34,2.52,21,31,,miami-defense.php,,,9.5,,,,,,6.0,Miami Dolphins,2026-08-07,MIA
/nfl/rankings/dst-cheatsheets.php,redraft-dst,rp,Las Vegas Raiders,8220,DST,LV,28.88,2.12,21,31,,las-vegas-defense.php,,,8.1,,,,,,13.0,Las Vegas Raiders,2026-08-07,LVR
/nfl/rankings/dst-cheatsheets.php,redraft-dst,rp,New York Jets,8210,DST,NYJ,30.54,1.41,27,32,,new-york-jets-defense.php,,,8.4,,,,,,13.0,New York Jets,2026-08-07,NYJ
/nfl/rankings/dst-cheatsheets.php,redraft-dst,rp,Arizona Cardinals,8000,DST,ARI,31.64,0.57,30,32,,arizona-defense.php,,,4.9,,,,,,14.0,Arizona Cardinals,2026-08-07,ARI
/nfl/rankings/idp-cheatsheets.php,redraft-idp,ro,Jordyn Brooks,19292,LB,MIA,1.44,0.68,1,3,,jordyn-brooks.php,,,80.8,,,,,,6.0,Jordyn Brooks,2026-08-07,MIA
/nfl/rankings/idp-cheatsheets.php,redraft-idp,ro,Jack Campbell,25435,LB,DET,2.44,0.83,1,4,,jack-campbell.php,,,88.0,,,,,,6.0,Jack Campbell,2026-08-07,DET
/nfl/rankings/idp-cheatsheets.php,redraft-idp,ro,Carson Schwesinger,27236,LB,CLE,3.0,0.82,2,4,,carson-schwesinger.php,,,78.9,,,,,-1.0,11.0,Carson Schwesinger,2026-08-07,CLE
/nfl/rankings/idp-cheatsheets.php,redraft-idp,ro,Roquan Smith,17311,LB,BAL,3.78,1.03,2,6,,roquan-smith.php,,,73.3,,,,,1.0,13.0,Roquan Smith,2026-08-07,BAL
/nfl/rankings/idp-cheatsheets.php,redraft-idp,ro,Ernest Jones IV,23245,LB,SEA,6.67,0.94,5,8,,ernest-jones.php,,,52.3,,,,,,11.0,Ernest Jones,2026-08-07,SEA
/nfl/rankings/idp-cheatsheets.php,redraft-idp,ro,Foyesade Oluokun,17607,LB,JAC,7.44,2.06,5,11,,foyesade-oluokun.php,,,73.6,,,,,,7.0,Foyesade Oluokun,2026-08-07,JAC
/nfl/rankings/idp-cheatsheets.php,redraft-idp,ro,Fred Warner,17526,LB,SF,8.22,1.62,6,12,,fred-warner.php,,,79.4,,,,,,8.0,Fred Warner,2026-08-07,SFO
/nfl/rankings/idp-cheatsheets.php,redraft-idp,ro,Blake Cashman,18421,LB,MIN,9.11,2.88,5,14,,blake-cashman.php,,,54.2,,,,,,6.0,Blake Cashman,2026-08-07,MIN
/nfl/rankings/idp-cheatsheets.php,redraft-idp,ro,Zack Baun,19238,LB,PHI,12.0,3.4,8,17,,zack-baun.php,,,63.3,,,,,,10.0,Zack Baun,2026-08-07,PHI
/nfl/rankings/idp-cheatsheets.php,redraft-idp,ro,Jamien Sherwood,23194,LB,NYJ,12.0,2.62,9,16,,jamien-sherwood.php,,,56.0,,,,,,13.0,Jamien Sherwood,2026-08-07,NYJ
/nfl/rankings/idp-cheatsheets.php,redraft-idp,ro,Nick Bolton,22689,LB,KC,13.11,3.0,7,16,,nick-bolton.php,,,71.5,,,,,,5.0,Nick Bolton,2026-08-07,KCC
/nfl/rankings/idp-cheatsheets.php,redraft-idp,ro,Nate Landman,24674,LB,LAR,13.11,1.45,11,15,,nathan-landman.php,,,44.6,,,,,,11.0,Nate Landman,2026-08-07,LAR
/nfl/rankings/idp-cheatsheets.php,redraft-idp,ro,Quay Walker,23729,LB,LV,13.44,3.4,11,22,,quay-walker.php,,,55.6,,,,,-3.0,13.0,Quay Walker,2026-08-07,LVR
/nfl/rankings/idp-cheatsheets.php,redraft-idp,ro,Myles Garrett,16370,DL,LAR,14.33,11.66,5,46,,myles-garrett.php,,,88.0,,,,,,11.0,Myles Garrett,2026-08-07,LAR
/nfl/rankings/idp-cheatsheets.php,redraft-idp,ro,Aidan Hutchinson,22738,DL,DET,19.22,12.66,6,53,,aidan-hutchinson.php,,,76.7,,,,,,6.0,Aidan Hutchinson,2026-08-07,DET
/nfl/rankings/idp-cheatsheets.php,redraft-idp,ro,Zaire Franklin,17563,LB,GB,19.89,2.88,16,26,,zaire-franklin.php,,,45.0,,,,,,11.0,Zaire Franklin,2026-08-07,GBP
/nfl/rankings/idp-cheatsheets.php,redraft-idp,ro,Cedric Gray,26168,LB,TEN,22.33,13.25,8,55,,cedric-gray.php,,,54.6,,,,,,9.0,Cedric Gray,2026-08-07,TEN
/nfl/rankings/idp-cheatsheets.php,redraft-idp,ro,Alex Singleton,14399,LB,DEN,22.67,8.81,15,42,,alex-singleton.php,,,41.8,,,,,,10.0,Alex Singleton,2026-08-07,DEN
/nfl/rankings/idp-cheatsheets.php,redraft-idp,ro,Sonny Styles,27216,LB,WAS,23.11,5.19,16,33,,sonny-styles.php,,,59.6,,,,,4.0,7.0,Sonny Styles,2026-08-07,WAS
/nfl/rankings/idp-cheatsheets.php,redraft-idp,ro,Tremaine Edmunds,17342,LB,NYG,24.22,8.53,12,42,,tremaine-edmunds.php,,,32.7,,,,,,8.0,Tremaine Edmunds,2026-08-07,NYG
/nfl/rankings/idp-cheatsheets.php,redraft-idp,ro,Edgerrin Cooper,26137,LB,GB,24.56,5.23,17,32,,edgerrin-cooper.php,,,44.9,,,,,2.0,11.0,Edgerrin Cooper,2026-08-07,GBP
/nfl/rankings/idp-cheatsheets.php,redraft-idp,ro,Maxx Crosby,18702,DL,LV,27.44,9.41,14,49,,maxx-crosby.php,,,81.1,,,,,6.0,13.0,Maxx Crosby,2026-08-07,LVR
/nfl/rankings/idp-cheatsheets.php,redraft-idp,ro,Robert Spillane,18103,LB,NE,29.11,10.06,19,49,,robert-spillane.php,,,44.4,,,,,-3.0,11.0,Robert Spillane,2026-08-07,NEP
/nfl/rankings/idp-cheatsheets.php,redraft-idp,ro,Will Anderson Jr.,24717,DL,HOU,30.11,22.81,10,85,,will-anderson.php,,,73.6,,,,,8.0,8.0,Will Anderson,2026-08-07,HOU
/nfl/rankings/idp-cheatsheets.php,redraft-idp,ro,T.J. Edwards,18281,LB,CHI,32.22,8.71,22,50,,tj-edwards.php,,,28.6,,,,,,10.0,TJ Edwards,2026-08-07,CHI
/nfl/rankings/idp-cheatsheets.php,redraft-idp,ro,Kyle Hamilton,23494,DB,BAL,32.78,12.53,19,58,,kyle-hamilton.php,,,78.7,,,,,,13.0,Kyle Hamilton,2026-08-07,BAL
/nfl/rankings/idp-cheatsheets.php,redraft-idp,ro,Kaden Elliss,18716,LB,NO,35.0,7.26,24,46,,kaden-elliss.php,,,23.9,,,,,4.0,8.0,Kaden Elliss,2026-08-07,NOS
/nfl/rankings/idp-cheatsheets.php,redraft-idp,ro,CJ Allen,27970,LB,IND,35.33,10.83,17,54,,cj-allen.php,,,32.3,,,,,7.0,13.0,CJ Allen,2026-08-07,IND
/nfl/rankings/idp-cheatsheets.php,redraft-idp,ro,Azeez Al-Shaair,18361,LB,HOU,38.44,12.82,22,66,,azeez-al-shaair.php,,,23.8,,,,,10.0,8.0,Azeez Al-Shaair,2026-08-07,HOU
/nfl/rankings/idp-cheatsheets.php,redraft-idp,ro,Daiyan Henley,25436,LB,LAC,39.22,8.38,27,54,,daiyanhenley.php,,,43.1,,,,,4.0,7.0,Daiyan Henley,2026-08-07,LAC
/nfl/rankings/idp-cheatsheets.php,redraft-idp,ro,Devin Lloyd,23710,LB,CAR,40.11,16.78,24,83,,devin-lloyd.php,,,44.5,,,,,11.0,5.0,Devin Lloyd,2026-08-07,CAR
/nfl/rankings/idp-cheatsheets.php,redraft-idp,ro,Devin Bush Jr.,18237,LB,CHI,40.11,10.73,29,67,,devin-bush.php,,,40.4,,,,,5.0,10.0,Devin Bush,2026-08-07,CHI
/nfl/rankings/idp-cheatsheets.php,redraft-idp,ro,Derwin James Jr.,17310,DB,LAC,29.25,12.59,18,60,,derwin-james.php,,,63.9,,,,,-16.0,7.0,Derwin James,2026-08-07,LAC
/nfl/rankings/idp-cheatsheets.php,redraft-idp,ro,Nick Emmanwori,27053,DB,SEA,59.67,86.34,20,303,,nick-emmanwori.php,,,54.0,,,,,-11.0,11.0,Nick Emmanwori,2026-08-07,SEA
/nfl/rankings/idp-cheatsheets.php,redraft-idp,ro,Nakobe Dean,23702,LB,LV,46.56,9.33,29,61,,nakobe-dean.php,,,62.1,,,,,16.0,13.0,Nakobe Dean,2026-08-07,LVR
/nfl/rankings/idp-cheatsheets.php,redraft-idp,ro,Nick Cross,24198,DB,WAS,31.25,3.07,27,37,,nick-cross.php,,,54.7,,,,,-9.0,7.0,Nick Cross,2026-08-07,WAS
/nfl/rankings/idp-cheatsheets.php,redraft-idp,ro,Terrel Bernard,23772,LB,BUF,47.33,11.74,31,73,,terrel-bernard.php,,,36.1,,,,,6.0,7.0,Terrel Bernard,2026-08-07,BUF
/nfl/rankings/idp-cheatsheets.php,redraft-idp,ro,Divine Deablo,23208,LB,ATL,49.44,13.52,28,76,,divine-deablo.php,,,33.1,,,,,5.0,11.0,Divine Deablo,2026-08-07,ATL
/nfl/rankings/idp-cheatsheets.php,redraft-idp,ro,Jessie Bates III,17544,DB,ATL,35.0,10.12,23,59,,jessie-bates-iii.php,,,30.5,,,,,-14.0,11.0,Jessie Bates,2026-08-07,ATL
/nfl/rankings/idp-cheatsheets.php,redraft-idp,ro,Tykee Smith,23751,DB,TB,37.13,6.25,30,52,,tykee-smith.php,,,48.0,,,,,-10.0,10.0,Tykee Smith,2026-08-07,TBB
/nfl/rankings/idp-cheatsheets.php,redraft-idp,ro,Budda Baker,16733,DB,ARI,37.38,10.4,25,60,,budda-baker.php,,,56.7,,,,,-8.0,14.0,Budda Baker,2026-08-07,ARI
/nfl/rankings/idp-cheatsheets.php,redraft-idp,ro,Patrick Queen,19421,LB,PIT,52.44,11.77,40,72,,patrick-queen.php,,,37.0,,,,,,9.0,Patrick Queen,2026-08-07,PIT
/nfl/rankings/idp-cheatsheets.php,redraft-idp,ro,Jeremy Chinn,19429,DB,LV,42.88,8.51,37,64,,jeremy-chinn.php,,,40.6,,,,,-9.0,13.0,Jeremy Chinn,2026-08-07,LVR
/nfl/rankings/idp-cheatsheets.php,redraft-idp,ro,Kam Curl,19459,DB,LAR,43.5,8.59,34,63,,kamren-curl.php,,,54.2,,,,,-8.0,11.0,Kam Curl,2026-08-07,LAR
/nfl/rankings/idp-cheatsheets.php,redraft-idp,ro,Barrett Carter,26108,LB,CIN,57.89,8.6,46,73,,barrett-carter.php,,,19.3,,,,,13.0,6.0,Barrett Carter,2026-08-07,CIN
/nfl/rankings/idp-cheatsheets.php,redraft-idp,ro,Nick Bosa,18199,DL,SF,44.25,17.03,21,76,,nick-bosa.php,,,69.6,,,,,13.0,8.0,Nick Bosa,2026-08-07,SFO
/nfl/rankings/idp-cheatsheets.php,redraft-idp,ro,Quincy Williams,18679,LB,CLE,59.67,16.1,45,90,,quincy-williams.php,,,25.1,,,,,6.0,11.0,Quincy Williams,2026-08-07,CLE
/nfl/rankings/idp-cheatsheets.php,redraft-idp,ro,Demario Davis,11293,LB,NYJ,63.89,14.83,43,92,,demario-davis.php,,,25.5,,,,,,13.0,Demario Davis,2026-08-07,NYJ
/nfl/rankings/idp-cheatsheets.php,redraft-idp,ro,Alex Anzalone,16720,LB,TB,66.44,19.33,38,99,,alex-anzalone.php,,,25.4,,,,,8.0,10.0,Alex Anzalone,2026-08-07,TBB
/nfl/rankings/idp-cheatsheets.php,redraft-idp,ro,Jordan Battle,23471,DB,CIN,54.0,16.36,29,91,,jordan-battle.php,,,30.5,,,,,-9.0,6.0,Jordan Battle,2026-08-07,CIN
/nfl/rankings/idp-cheatsheets.php,redraft-idp,ro,Tre'von Moehrig,22699,DB,CAR,54.88,10.42,39,78,,trevon-moehrig.php,,,34.5,,,,,-8.0,5.0,Trevon Moehrig,2026-08-07,CAR
/nfl/rankings/idp-cheatsheets.php,redraft-idp,ro,Mack Wilson Sr.,18251,LB,ARI,67.89,17.28,48,105,,mack-wilson.php,,,12.7,,,,,8.0,14.0,Mack Wilson,2026-08-07,ARI
/nfl/rankings/idp-cheatsheets.php,redraft-idp,ro,Brian Branch,25235,DB,DET,71.11,47.53,31,194,,brian-branch.php,,,50.4,,,,,,6.0,Brian Branch,2026-08-07,DET
/nfl/rankings/idp-cheatsheets.php,redraft-idp,ro,Xavier McKinney,19216,DB,GB,56.63,11.32,38,71,,xavier-mckinney.php,,,39.7,,,,,-9.0,11.0,Xavier McKinney,2026-08-07,GBP
/nfl/rankings/idp-cheatsheets.php,redraft-idp,ro,Talanoa Hufanga,22817,DB,DEN,56.75,12.15,44,85,,talanoa-hufanga.php,,,41.2,,,,,-8.0,10.0,Talanoa Hufanga,2026-08-07,DEN
/nfl/rankings/idp-cheatsheets.php,redraft-idp,ro,Antoine Winfield Jr.,19266,DB,TB,58.0,9.71,48,80,,antoine-winfield-s.php,,,33.4,,,,,,10.0,Antoine Winfield,2026-08-07,TBB
/nfl/rankings/idp-cheatsheets.php,redraft-idp,ro,Quentin Lake,24302,DB,LAR,59.38,20.81,39,100,,quentin-lake.php,,,34.0,,,,,-6.0,11.0,Quentin Lake,2026-08-07,LAR
/nfl/rankings/idp-cheatsheets.php,redraft-idp,ro,Kevin Byard III,15635,DB,NE,59.63,14.05,52,96,,kevin-byard.php,,,39.0,,,,,-8.0,11.0,Kevin Byard,2026-08-07,NEP
/nfl/rankings/idp-cheatsheets.php,redraft-idp,ro,Dee Winters,25579,LB,DAL,72.33,19.4,50,116,,dee-winters.php,,,15.4,,,,,,14.0,Dee Winters,2026-08-07,DAL
/nfl/rankings/idp-cheatsheets.php,redraft-idp,ro,Tyrel Dodson,18584,LB,MIA,72.56,19.46,47,111,,tyrel-dodson.php,,,31.1,,,,,,6.0,Tyrel Dodson,2026-08-07,MIA
/nfl/rankings/idp-cheatsheets.php,redraft-idp,ro,DeShon Elliott,17344,DB,PIT,70.88,23.39,46,112,,deshon-elliott.php,,,16.2,,,,,,9.0,DeShon Elliott,2026-08-07,PIT
/nfl/rankings/idp-cheatsheets.php,redraft-idp,ro,Danielle Hunter,14036,DL,HOU,59.0,16.11,40,87,,danielle-hunter.php,,,53.4,,,,,,8.0,Danielle Hunter,2026-08-07,HOU
/nfl/rankings/idp-cheatsheets.php,redraft-idp,ro,Cooper DeJean,26103,DB,PHI,73.38,15.91,56,97,,cooper-dejean.php,,,47.0,,,,,,10.0,Cooper DeJean,2026-08-07,PHI
/nfl/rankings/idp-cheatsheets.php,redraft-idp,ro,Chamarri Conner,25509,DB,KC,61.86,5.17,51,68,,chamarri-conner.php,,,42.8,,,,,-7.0,5.0,Chamarri Conner,2026-08-07,KCC
/nfl/rankings/idp-cheatsheets.php,redraft-idp,ro,Brian Burns,18223,DL,NYG,65.14,24.91,28,103,,brian-burns.php,,,70.7,,,,,15.0,8.0,Brian Burns,2026-08-07,NYG
/nfl/rankings/idp-cheatsheets.php,redraft-idp,ro,Jalen Pitre,23721,DB,HOU,79.38,15.43,61,114,,jalen-pitre.php,,,34.9,,,,,,8.0,Jalen Pitre,2026-08-07,HOU
/nfl/rankings/idp-cheatsheets.php,redraft-idp,ro,DeMarvion Overshown,25314,LB,DAL,70.86,17.79,39,92,,demarvion-overshown.php,,,22.5,,,,,11.0,14.0,DeMarvion Overshown,2026-08-07,DAL
/nfl/rankings/idp-cheatsheets.php,redraft-idp,ro,Jeffery Simmons,18207,DL,TEN,54.17,5.64,44,62,,jeffery-simmons.php,,,66.3,,,,,-6.0,9.0,Jeffery Simmons,2026-08-07,TEN
/nfl/rankings/idp-cheatsheets.php,redraft-idp,ro,Xavier Watts,27067,DB,ATL,72.86,19.0,57,118,,xavier-watts.php,,,28.6,,,,,-9.0,11.0,Xavier Watts,2026-08-07,ATL
/nfl/rankings/idp-cheatsheets.php,redraft-idp,ro,Julian Love,18243,DB,SEA,85.5,12.21,71,111,,julian-love.php,,,42.3,,,,,10.0,11.0,Julian Love,2026-08-07,SEA
/nfl/rankings/idp-cheatsheets.php,redraft-idp,ro,Payton Wilson,26183,LB,PIT,85.88,19.53,66,131,,payton-wilson.php,,,18.8,,,,,21.0,9.0,Payton Wilson,2026-08-07,PIT
/nfl/rankings/idp-cheatsheets.php,redraft-idp,ro,Eric Wilson,16691,LB,MIN,78.29,21.74,52,119,,eric-wilson.php,,,20.7,,,,,,6.0,Eric Wilson,2026-08-07,MIN
/nfl/rankings/idp-cheatsheets.php,redraft-idp,ro,Caleb Downs,27950,DB,DAL,97.38,39.08,72,199,,caleb-downs.php,,,53.4,,,,,,14.0,Caleb Downs,2026-08-07,DAL
/nfl/rankings/idp-cheatsheets.php,redraft-idp,ro,Andrew Van Ginkel,18573,LB,MIN,69.5,13.34,48,88,,andrew-van-ginkel.php,,,54.0,,,,,,6.0,Andrew Van Ginkel,2026-08-07,MIN
/nfl/rankings/idp-cheatsheets.php,redraft-idp,ro,T.J. Watt,16469,LB,PIT,70.67,31.87,26,122,,tj-watt.php,,,68.9,,,,,,9.0,TJ Watt,2026-08-07,PIT
/nfl/rankings/idp-cheatsheets.php,redraft-idp,ro,Jaquan Brisker,23719,DB,PIT,89.43,18.28,72,125,,jaquan-brisker.php,,,27.0,,,,,,9.0,Jaquan Brisker,2026-08-07,PIT
/nfl/rankings/idp-cheatsheets.php,redraft-idp,ro,Drue Tranquill,18459,LB,KC,90.71,21.93,67,139,,drue-tranquill.php,,,17.6,,,,,12.0,5.0,Drue Tranquill,2026-08-07,KCC
/nfl/rankings/idp-cheatsheets.php,redraft-idp,ro,Byron Young,25449,DL,LAR,77.33,21.75,44,102,,byron-young-edge.php,,,45.4,,,,,16.0,11.0,Byron Young,2026-08-07,LAR
/nfl/rankings/idp-cheatsheets.php,redraft-idp,ro,Dillon Thieneman,27967,DB,CHI,109.63,48.05,78,231,,dillon-thieneman.php,,,32.4,,,,,14.0,10.0,Dillon Thieneman,2026-08-07,CHI
/nfl/rankings/idp-cheatsheets.php,redraft-idp,ro,Jihaad Campbell,27051,LB,PHI,102.86,60.75,45,244,,jihaad-campbell.php,,,24.3,,,,,32.0,10.0,Jihaad Campbell,2026-08-07,PHI
/nfl/rankings/idp-cheatsheets.php,redraft-idp,ro,Paulson Adebo,19237,DB,NYG,95.57,15.93,80,130,,paulson-adebo.php,,,18.3,,,,,,8.0,Paulson Adebo,2026-08-07,NYG
/nfl/rankings/idp-cheatsheets.php,redraft-idp,ro,Demetrius Knight Jr.,27299,LB,CIN,88.17,16.32,75,122,,demetrius-knight-jr.php,,,24.5,,,,,,6.0,Demetrius Knight,2026-08-07,CIN
/nfl/rankings/idp-cheatsheets.php,redraft-idp,ro,Josh Hines-Allen,18201,DL,JAC,72.0,20.36,39,95,,josh-allen-olb.php,,,39.6,,,,,-12.0,7.0,Josh Hines-Allen,2026-08-07,JAC
/nfl/rankings/idp-cheatsheets.php,redraft-idp,ro,Drake Thomas,25905,LB,SEA,90.33,21.72,48,115,,drake-thomas.php,,,12.4,,,,,18.0,11.0,Drake Thomas,2026-08-07,SEA
/nfl/rankings/idp-cheatsheets.php,redraft-idp,ro,Cody Simon,27264,LB,ARI,92.83,23.16,62,135,,cody-simon.php,,,6.1,,,,,,14.0,Cody Simon,2026-08-07,ARI
/nfl/rankings/idp-cheatsheets.php,redraft-idp,ro,Laiatu Latu,26096,DL,IND,79.2,11.41,65,100,,laiatu-latu.php,,,20.7,,,,,,13.0,Laiatu Latu,2026-08-07,IND
/nfl/rankings/idp-cheatsheets.php,redraft-idp,ro,Tuli Tuipulotu,25364,DL,LAC,80.4,18.71,57,113,,tuli-tuipulotu.php,,,46.0,,,,,,7.0,Tuli Tuipulotu,2026-08-07,LAC
/nfl/rankings/idp-cheatsheets.php,redraft-idp,ro,Frankie Luvu,17963,LB,WAS,152.86,140.98,72,495,,frankie-luvu.php,,,20.3,,,,,12.0,7.0,Frankie Luvu,2026-08-07,WAS
/nfl/rankings/idp-cheatsheets.php,redraft-idp,ro,Abdul Carter,27022,DL,NYG,105.6,88.38,45,280,,abdul-carter.php,,,34.0,,,,,,8.0,Abdul Carter,2026-08-07,NYG
/nfl/rankings/idp-cheatsheets.php,redraft-idp,ro,Anthony Hill Jr.,27954,LB,TEN,84.6,17.81,63,116,,anthony-hill-jr.php,,,26.8,,,,,,9.0,Anthony Hill,2026-08-07,TEN
/nfl/rankings/idp-cheatsheets.php,redraft-idp,ro,Nik Bonitto,23763,DL,DEN,94.6,61.75,35,212,,nik-bonitto.php,,,53.4,,,,,-16.0,10.0,Nik Bonitto,2026-08-07,DEN
/nfl/rankings/idp-cheatsheets.php,redraft-idp,ro,DeForest Buckner,15494,DL,IND,86.8,18.61,74,123,,deforest-buckner.php,,,34.2,,,,,-11.0,13.0,DeForest Buckner,2026-08-07,IND
/nfl/rankings/idp-cheatsheets.php,redraft-idp,ro,Arvell Reese,28053,LB,NYG,88.4,39.43,57,166,,arvell-reese.php,,,43.9,,,,,,8.0,Arvell Reese,2026-08-07,NYG
/nfl/rankings/idp-cheatsheets.php,redraft-idp,ro,AJ Haulcy,28069,DB,IND,102.33,36.0,70,164,,aj-haulcy.php,,,24.2,,,,,,13.0,AJ Haulcy,2026-08-07,IND
/nfl/rankings/idp-cheatsheets.php,redraft-idp,ro,Alex Highsmith,19316,LB,PIT,89.6,23.58,62,130,,alex-highsmith.php,,,38.8,,,,,,9.0,Alex Highsmith,2026-08-07,PIT
/nfl/rankings/idp-cheatsheets.php,redraft-idp,ro,Dallas Turner,26097,DL,MIN,97.8,59.65,45,213,,dallas-turner.php,,,29.7,,,,,,6.0,Dallas Turner,2026-08-07,MIN
/nfl/rankings/idp-cheatsheets.php,redraft-idp,ro,Dre Greenlaw,18310,LB,SF,202.83,250.21,81,762,,dre-greenlaw.php,,,12.8,,,,,-12.0,8.0,Dre Greenlaw,2026-08-07,SFO
/nfl/rankings/idp-cheatsheets.php,redraft-idp,ro,Jared Verse,25234,DL,CLE,93.0,46.52,43,179,,jared-verse.php,,,49.7,,,,,-16.0,11.0,Jared Verse,2026-08-07,CLE
/nfl/rankings/idp-cheatsheets.php,redraft-idp,ro,Joshua Metellus,19580,DB,MIN,92.2,14.47,83,121,,josh-metellus.php,,,23.8,,,,,,6.0,Joshua Metellus,2026-08-07,MIN
/nfl/rankings/idp-cheatsheets.php,redraft-idp,ro,Kamari Lassiter,26118,DB,HOU,93.8,24.03,71,134,,kamari-lassiter.php,,,37.1,,,,,-26.0,8.0,Kamari Lassiter,2026-08-07,HOU
/nfl/rankings/idp-cheatsheets.php,redraft-idp,ro,Trey Hendrickson,16719,DL,BAL,102.4,57.43,58,215,,trey-hendrickson.php,,,45.8,,,,,,13.0,Trey Hendrickson,2026-08-07,BAL
/nfl/rankings/idp-cheatsheets.php,redraft-idp,ro,Alontae Taylor,23747,DB,TEN,95.4,21.1,74,133,,alontae-taylor.php,,,22.1,,,,,-11.0,9.0,Alontae Taylor,2026-08-07,TEN
/nfl/rankings/idp-cheatsheets.php,redraft-idp,ro,Ventrell Miller,23477,LB,JAC,119.6,86.92,49,291,,ventrell-miller.php,,,13.0,,,,,,7.0,Ventrell Miller,2026-08-07,JAC
/nfl/rankings/idp-cheatsheets.php,redraft-idp,ro,Micah Parsons,19784,LB,GB,139.0,126.61,27,384,,micah-parsons.php,,,54.8,,,,,,11.0,Micah Parsons,2026-08-07,GBP
/nfl/rankings/idp-cheatsheets.php,redraft-idp,ro,Montez Sweat,18213,DL,CHI,97.2,23.21,69,139,,montez-sweat.php,,,24.0,,,,,,10.0,Montez Sweat,2026-08-07,CHI
/nfl/rankings/idp-cheatsheets.php,redraft-idp,ro,Kevin Winston Jr.,27035,DB,TEN,108.6,43.75,74,195,,kevin-winston-jr.php,,,12.0,,,,,,9.0,Kevin Winston,2026-08-07,TEN
/nfl/rankings/idp-cheatsheets.php,redraft-idp,ro,Devon Witherspoon,25243,DB,SEA,106.4,14.76,92,132,,devon-witherspoon.php,,,39.4,,,,,14.0,11.0,Devon Witherspoon,2026-08-07,SEA
/nfl/rankings/idp-cheatsheets.php,redraft-idp,ro,Henry To'oTo'o,23766,LB,HOU,90.75,9.73,79,106,,henry-too-too.php,,,19.4,,,,,,8.0,Henry TooToo,2026-08-07,HOU
/nfl/rankings/idp-cheatsheets.php,redraft-idp,ro,Tyler Nubin,26117,DB,NYG,118.83,22.09,96,153,,tyler-nubin.php,,,13.1,,,,,12.0,8.0,Tyler Nubin,2026-08-07,NYG
/nfl/rankings/idp-cheatsheets.php,redraft-idp,ro,George Karlaftis III,23501,DL,KC,94.5,44.33,31,155,,george-karlaftis-iii.php,,,17.1,,,,,,5.0,George Karlaftis,2026-08-07,KCC
/nfl/rankings/idp-cheatsheets.php,redraft-idp,ro,Jaelan Phillips,22734,DL,CAR,95.0,27.63,72,141,,jaelan-phillips.php,,,13.7,,,,,,5.0,Jaelan Phillips,2026-08-07,CAR
/nfl/rankings/idp-cheatsheets.php,redraft-idp,ro,Brandon Jones,19248,DB,DEN,97.5,16.22,73,118,,brandon-jones-s.php,,,15.9,,,,,,10.0,Brandon Jones,2026-08-07,DEN
/nfl/rankings/idp-cheatsheets.php,redraft-idp,ro,Akeem Davis-Gaither,19261,LB,IND,99.25,24.28,76,134,,akeem-davis-gaither.php,,,12.2,,,,,,13.0,Akeem Davis-Gaither,2026-08-07,IND
/nfl/rankings/idp-cheatsheets.php,redraft-idp,ro,Josh Sweat,17363,DL,ARI,151.8,96.94,81,341,,josh-sweat.php,,,15.6,,,,,,14.0,Josh Sweat,2026-08-07,ARI
/nfl/rankings/idp-cheatsheets.php,redraft-idp,ro,Jonathan Greenard,19276,DL,PHI,119.5,59.01,80,221,,jonathan-greenard.php,,,32.2,,,,,,10.0,Jonathan Greenard,2026-08-07,PHI
/nfl/rankings/idp-cheatsheets.php,redraft-idp,ro,Chase Young,19195,DL,NO,111.5,43.69,74,185,,chase-young.php,,,23.8,,,,,,8.0,Chase Young,2026-08-07,NOS
/nfl/rankings/idp-cheatsheets.php,redraft-idp,ro,Trevin Wallace,26182,LB,CAR,108.5,30.63,74,157,,trevin-wallace.php,,,7.6,,,,,,5.0,Trevin Wallace,2026-08-07,CAR
/nfl/rankings/idp-cheatsheets.php,redraft-idp,ro,Jalen Thompson,19108,DB,DAL,88.67,36.81,40,129,,jalen-thompson.php,,,17.3,,,,,-24.0,14.0,Jalen Thompson,2026-08-07,DAL
/nfl/rankings/idp-cheatsheets.php,redraft-idp,ro,Bradley Chubb,17277,LB,BUF,119.5,44.53,77,192,,bradley-chubb.php,,,11.9,,,,,,7.0,Bradley Chubb,2026-08-07,BUF
/nfl/rankings/idp-cheatsheets.php,redraft-idp,ro,Harold Landry III,17330,LB,NE,169.25,123.56,88,383,,harold-landry.php,,,21.2,,,,,,11.0,Harold Landry,2026-08-07,NEP
/nfl/rankings/idp-cheatsheets.php,redraft-idp,ro,Malik Mustapha,26326,DB,SF,81.5,45.5,36,127,,malik-mustapha.php,,,13.6,,,,,,8.0,Malik Mustapha,2026-08-07,SFO
/nfl/rankings/idp-cheatsheets.php,redraft-idp,ro,Cam Bynum,22757,DB,IND,114.0,31.5,70,142,,camryn-bynum.php,,,12.8,,,,,-11.0,13.0,Cam Bynum,2026-08-07,IND
/nfl/rankings/idp-cheatsheets.php,redraft-idp,ro,Christian Harris,23470,LB,ATL,114.0,18.38,91,136,,christian-harris.php,,,7.8,,,,,,11.0,Christian Harris,2026-08-07,ATL
/nfl/rankings/idp-cheatsheets.php,redraft-idp,ro,Minkah Fitzpatrick,17278,DB,NYJ,116.0,36.78,64,143,,minkah-fitzpatrick.php,,,16.9,,,,,-16.0,13.0,Minkah Fitzpatrick,2026-08-07,NYJ
/nfl/rankings/idp-cheatsheets.php,redraft-idp,ro,Greg Rousseau,19787,DL,BUF,133.5,34.57,93,183,,gregory-rousseau.php,,,23.2,,,,,,7.0,Gregory Rousseau,2026-08-07,BUF
/nfl/rankings/idp-cheatsheets.php,redraft-idp,ro,Derrick Barnes,23210,LB,DET,121.33,19.62,98,146,,derrick-barnes.php,,,6.9,,,,,,6.0,Derrick Barnes,2026-08-07,DET
/nfl/rankings/idp-cheatsheets.php,redraft-idp,ro,Cole Bishop,26229,DB,BUF,97.0,34.0,63,131,,cole-bishop.php,,,16.9,,,,,,7.0,Cole Bishop,2026-08-07,BUF
/nfl/rankings/idp-cheatsheets.php,redraft-idp,ro,Jalen Ramsey,15491,DB,PIT,97.5,28.5,69,126,,jalen-ramsey.php,,,16.4,,,,,,9.0,Jalen Ramsey,2026-08-07,PIT
/nfl/rankings/idp-cheatsheets.php,redraft-idp,ro,Leo Chenal,23808,LB,WAS,123.67,51.65,53,175,,leo-chenal.php,,,7.4,,,,,-27.0,7.0,Leo Chenal,2026-08-07,WAS
/nfl/rankings/idp-cheatsheets.php,redraft-idp,ro,Leonard Williams,13892,DL,SEA,101.5,31.5,70,133,,leonard-williams.php,,,21.8,,,,,,11.0,Leonard Williams,2026-08-07,SEA
/nfl/rankings/idp-cheatsheets.php,redraft-idp,ro,Derrick Brown,19205,DL,CAR,104.0,25.0,79,129,,derrick-brown.php,,,29.0,,,,,,5.0,Derrick Brown,2026-08-07,CAR
/nfl/rankings/idp-cheatsheets.php,redraft-idp,ro,Cody Barton,18542,LB,TEN,276.5,230.5,46,507,,cody-barton.php,,,10.5,,,,,,9.0,Cody Barton,2026-08-07,TEN
/nfl/rankings/idp-cheatsheets.php,redraft-idp,ro,Austin Booker,26313,LB,CHI,110.0,11.0,99,121,,austin-booker.php,,,8.1,,,,,,10.0,Austin Booker,2026-08-07,CHI
/nfl/rankings/idp-cheatsheets.php,redraft-idp,ro,Pete Werner,22809,LB,NO,132.33,20.29,117,161,,pete-werner.php,,,5.1,,,,,,8.0,Pete Werner,2026-08-07,NOS
/nfl/rankings/idp-cheatsheets.php,redraft-idp,ro,Grant Delpit,19203,DB,CLE,113.5,26.5,87,140,,grant-delpit.php,,,19.4,,,,,,11.0,Grant Delpit,2026-08-07,CLE
/nfl/rankings/idp-cheatsheets.php,redraft-idp,ro,Zach Allen,18221,DL,DEN,143.0,85.0,58,228,,zach-allen.php,,,20.2,,,,,,10.0,Zach Allen,2026-08-07,DEN
/nfl/rankings/idp-cheatsheets.php,redraft-idp,ro,Zach Sieler,17548,DL,MIA,116.0,34.0,82,150,,zach-sieler.php,,,10.8,,,,,,6.0,Zach Sieler,2026-08-07,MIA
/nfl/rankings/idp-cheatsheets.php,redraft-idp,ro,Christian Elliss,23367,LB,NE,117.0,5.0,112,122,,christian-elliss.php,,,9.0,,,,,,11.0,Christian Elliss,2026-08-07,NEP
/nfl/rankings/idp-cheatsheets.php,redraft-idp,ro,Reed Blankenship,22754,DB,HOU,118.5,27.5,91,146,,reed-blankenship.php,,,14.9,,,,,,8.0,Reed Blankenship,2026-08-07,HOU
/nfl/rankings/idp-cheatsheets.php,redraft-idp,ro,Denzel Perryman,14047,LB,LAC,118.5,4.5,114,123,,denzel-perryman.php,,,4.9,,,,,,7.0,Denzel Perryman,2026-08-07,LAC
/nfl/rankings/idp-cheatsheets.php,redraft-idp,ro,Chris Jones,15620,DL,KC,199.5,124.5,75,324,,chris-jones-dl.php,,,19.1,,,,,,5.0,Chris Jones,2026-08-07,KCC
/nfl/rankings/idp-cheatsheets.php,redraft-idp,ro,Odafe Oweh,22714,DL,WAS,194.5,110.5,84,305,,odafe-oweh.php,,,10.6,,,,,,7.0,Odafe Oweh,2026-08-07,WAS
/nfl/rankings/idp-cheatsheets.php,redraft-idp,ro,Quinnen Williams,18200,DL,DAL,128.5,8.5,120,137,,quinnen-williams.php,,,27.5,,,,,,14.0,Quinnen Williams,2026-08-07,DAL
/nfl/rankings/idp-cheatsheets.php,redraft-idp,ro,Jalen Carter,24703,DL,PHI,132.0,44.0,88,176,,jalen-carter.php,,,33.4,,,,,,10.0,Jalen Carter,2026-08-07,PHI
/nfl/rankings/idp-cheatsheets.php,redraft-idp,ro,Dexter Lawrence II,18211,DL,CIN,204.5,109.5,95,314,,dexter-lawrence.php,,,22.4,,,,,,6.0,Dexter Lawrence,2026-08-07,CIN
/nfl/rankings/idp-cheatsheets.php,redraft-idp,ro,Boye Mafe,23736,DL,CIN,224.5,126.5,98,351,,boye-mafe.php,,,17.2,,,,,,6.0,Boye Mafe,2026-08-07,CIN
/nfl/rankings/idp-cheatsheets.php,redraft-idp,ro,Jaishawn Barham,28200,LB,DAL,367.5,261.5,106,629,,jaishawn-barham.php,,,7.7,,,,,,14.0,Jaishawn Barham,2026-08-07,DAL
/nfl/rankings/idp-cheatsheets.php,redraft-idp,ro,Kaleb Elarms-Orr,28440,LB,BUF,338.5,230.5,108,569,,kaleb-elarmsorr.php,,,6.6,,,,,,7.0,Kaleb Elarms-Orr,2026-08-07,BUF
/nfl/rankings/idp-cheatsheets.php,redraft-idp,ro,Will McDonald IV,25254,DL,NYJ,395.0,286.0,109,681,,will-mcdonald-iv.php,,,13.0,,,,,,13.0,Will McDonald,2026-08-07,NYJ
/nfl/rankings/idp-cheatsheets.php,redraft-idp,ro,Jermaine Johnson II,23733,DL,TEN,158.5,48.5,110,207,,jermaine-johnson.php,,,5.4,,,,,,9.0,Jermaine Johnson,2026-08-07,TEN
/nfl/rankings/idp-cheatsheets.php,redraft-idp,ro,Tatum Bethune,26489,LB,SF,254.5,142.5,112,397,,tatum-bethune.php,,,5.0,,,,,,8.0,Tatum Bethune,2026-08-07,SFO
/nfl/rankings/idp-cheatsheets.php,redraft-idp,ro,Chop Robinson,26105,DL,MIA,188.5,75.5,113,264,,chop-robinson.php,,,11.1,,,,,,6.0,Chop Robinson,2026-08-07,MIA
/nfl/rankings/idp-cheatsheets.php,redraft-idp,ro,Dax Hill,24197,DB,CIN,143.0,22.0,121,165,,daxton-hill.php,,,12.3,,,,,,6.0,Daxton Hill,2026-08-07,CIN
/nfl/rankings/idp-cheatsheets.php,redraft-idp,ro,James Pearce Jr.,27018,DL,ATL,223.5,108.5,115,332,,james-pearce-jr.php,,,8.8,,,,,,11.0,James Pearce,2026-08-07,ATL
/nfl/rankings/idp-cheatsheets.php,redraft-idp,ro,Josiah Trotter,28077,LB,TB,154.0,37.0,117,191,,josiah-trotter.php,,,24.5,,,,,,10.0,Josiah Trotter,2026-08-07,TBB
/nfl/rankings/idp-cheatsheets.php,redraft-idp,ro,Bryce Boettcher,28255,LB,IND,281.0,157.0,124,438,,bryce-boettcher.php,,,5.8,,,,,,13.0,Bryce Boettcher,2026-08-07,IND
/nfl/rankings/idp-cheatsheets.php,redraft-idp,ro,Yaya Diaby,25264,DL,TB,212.5,87.5,125,300,,yaya-diaby.php,,,21.6,,,,,,10.0,YaYa Diaby,2026-08-07,TBB
/nfl/rankings/idp-cheatsheets.php,redraft-idp,ro,Antonio Johnson,24719,DB,JAC,149.5,13.5,136,163,,antonio-johnson-cb.php,,,5.5,,,,,,7.0,Antonio Johnson,2026-08-07,JAC
/nfl/rankings/idp-cheatsheets.php,redraft-idp,ro,Jacob Rodriguez,28195,LB,MIA,240.0,113.0,127,353,,jacob-rodriguez.php,,,13.5,,,,,,6.0,Jacob Rodriguez,2026-08-07,MIA
/nfl/rankings/idp-cheatsheets.php,redraft-idp,ro,Coby Bryant,23734,DB,CHI,150.0,3.0,147,153,,coby-bryant.php,,,12.1,,,,,,10.0,Coby Bryant,2026-08-07,CHI
/nfl/rankings/idp-cheatsheets.php,redraft-idp,ro,Danny Stutsman,27031,LB,NO,346.5,218.5,128,565,,danny-stutsman.php,,,2.4,,,,,,8.0,Danny Stutsman,2026-08-07,NOS
/nfl/rankings/idp-cheatsheets.php,redraft-idp,ro,Trenton Simpson,24716,LB,BAL,274.0,142.0,132,416,,trenton-simpson.php,,,5.6,,,,,,13.0,Trenton Simpson,2026-08-07,BAL
/nfl/rankings/idp-cheatsheets.php,redraft-idp,ro,Trent McDuffie,23492,DB,LAR,156.5,12.5,144,169,,trent-mcduffie.php,,,26.6,,,,,,11.0,Trent McDuffie,2026-08-07,LAR
/nfl/rankings/idp-cheatsheets.php,redraft-idp,ro,Christian Rozeboom,19713,LB,TB,287.0,142.0,145,429,,christian-rozeboom.php,,,12.9,,,,,-25.0,10.0,Christian Rozeboom,2026-08-07,TBB
/nfl/rankings/idp-cheatsheets.php,redraft-idp,ro,Jalyx Hunt,26337,LB,PHI,201.5,53.5,148,255,,jalyx-hunt.php,,,10.0,,,,,,10.0,Jalyx Hunt,2026-08-07,PHI
/nfl/rankings/idp-cheatsheets.php,redraft-idp,ro,Andrew Mukuba,27081,DB,PHI,160.5,11.5,149,172,,andrew-mukuba.php,,,16.2,,,,,,10.0,Andrew Mukuba,2026-08-07,PHI
/nfl/rankings/idp-cheatsheets.php,redraft-idp,ro,Jeffrey Bassa,27295,LB,KC,221.5,71.5,150,293,,jeffrey-bassa.php,,,1.2,,,,,,5.0,Jeffrey Bassa,2026-08-07,KCC
/nfl/rankings/idp-cheatsheets.php,redraft-idp,ro,Braden Fiske,26195,DL,LAR,286.0,135.0,151,421,,braden-fiske.php,,,2.5,,,,,,11.0,Braden Fiske,2026-08-07,LAR
/nfl/rankings/idp-cheatsheets.php,redraft-idp,ro,Byron Murphy II,26221,DL,SEA,169.0,17.0,152,186,,byron-murphy-ii.php,,,12.8,,,,,,11.0,Byron Murphy,2026-08-07,SEA
/nfl/rankings/idp-cheatsheets.php,redraft-idp,ro,Calijah Kancey,23865,DL,TB,200.5,46.5,154,247,,calijah-kancey.php,,,19.5,,,,,,10.0,Calijah Kancey,2026-08-07,TBB
/nfl/rankings/idp-cheatsheets.php,redraft-idp,ro,Carl Granderson,18295,DL,NO,204.5,49.5,155,254,,carl-granderson.php,,,30.6,,,,,,8.0,Carl Granderson,2026-08-07,NOS
/nfl/rankings/idp-cheatsheets.php,redraft-idp,ro,Travon Walker,23724,DL,JAC,164.0,3.0,161,167,,travon-walker.php,,,25.4,,,,,,7.0,Travon Walker,2026-08-07,JAC
/nfl/rankings/idp-cheatsheets.php,redraft-idp,ro,Donovan Ezeiruaku,27033,DL,DAL,260.0,104.0,156,364,,donovan-ezeiruaku.php,,,6.9,,,,,,14.0,Donovan Ezeiruaku,2026-08-07,DAL
/nfl/rankings/idp-cheatsheets.php,redraft-idp,ro,Omar Speights,26730,LB,LAR,168.0,9.0,159,177,,omar-speights.php,,,9.0,,,,,,11.0,Omar Speights,2026-08-07,LAR
/nfl/rankings/idp-cheatsheets.php,redraft-idp,ro,David Bailey,27191,DL,NYJ,288.5,128.5,160,417,,david-bailey-edge.php,,,33.3,,,,,,13.0,David Bailey,2026-08-07,NYJ
/nfl/rankings/idp-cheatsheets.php,redraft-idp,ro,Teddye Buchanan,27146,LB,BAL,249.5,87.5,162,337,,teddye-buchanan.php,,,10.7,,,,,,13.0,Teddye Buchanan,2026-08-07,BAL
/nfl/rankings/idp-cheatsheets.php,redraft-idp,ro,Jake Golday,28181,LB,MIN,352.5,189.5,163,542,,jake-golday.php,,,11.4,,,,,,6.0,Jake Golday,2026-08-07,MIN
/nfl/rankings/idp-cheatsheets.php,redraft-idp,ro,K'Lavon Chaisson,19228,DL,WAS,220.0,56.0,164,276,,klavon-chaisson.php,,,4.6,,,,,,7.0,KLavon Chaisson,2026-08-07,WAS
/nfl/rankings/idp-cheatsheets.php,redraft-idp,ro,Nnamdi Madubuike,19272,DL,BAL,186.0,20.0,166,206,,justin-madubuike.php,,,19.7,,,,,,13.0,Nnamdi Madubuike,2026-08-07,BAL
/nfl/rankings/idp-cheatsheets.php,redraft-idp,ro,Andrew Wingard,18576,DB,ARI,328.0,160.0,168,488,,andrew-wingard.php,,,2.2,,,,,,14.0,Andrew Wingard,2026-08-07,ARI
/nfl/rankings/idp-cheatsheets.php,redraft-idp,ro,Jack Sanborn,23841,LB,CHI,520.5,350.5,170,871,,jack-sanborn.php,,,12.0,,,,,,10.0,Jack Sanborn,2026-08-07,CHI
/nfl/rankings/idp-cheatsheets.php,redraft-idp,ro,Myles Murphy,24709,DL,CIN,201.5,30.5,171,232,,myles-murphy.php,,,4.6,,,,,,6.0,Myles Murphy,2026-08-07,CIN
/nfl/rankings/k-cheatsheets.php,redraft-k,rp,Brandon Aubrey,26068,K,DAL,1.13,0.41,1,3,,brandon-aubrey.php,,,98.5,,,,,,14.0,Brandon Aubrey,2026-08-07,DAL
/nfl/rankings/k-cheatsheets.php,redraft-k,rp,Ka'imi Fairbairn,15756,K,HOU,2.94,3.01,1,19,,kaimi-fairbairn.php,,,89.6,,,,,,8.0,Kaimi Fairbairn,2026-08-07,HOU
/nfl/rankings/k-cheatsheets.php,redraft-k,rp,Cameron Dicker,23901,K,LAC,3.63,2.32,2,16,,cameron-dicker.php,,,95.5,,,,,,7.0,Cameron Dicker,2026-08-07,LAC
/nfl/rankings/k-cheatsheets.php,redraft-k,rp,Jason Myers,14003,K,SEA,4.81,1.86,2,12,,jason-myers.php,,,92.3,,,,,,11.0,Jason Myers,2026-08-07,SEA
/nfl/rankings/k-cheatsheets.php,redraft-k,rp,Cam Little,26475,K,JAC,5.28,2.98,2,17,,cam-little.php,,,87.6,,,,,,7.0,Cam Little,2026-08-07,JAC
/nfl/rankings/k-cheatsheets.php,redraft-k,rp,Eddy Pineiro,17575,K,SF,7.13,1.87,5,14,,eddy-pineiro.php,,,59.4,,,,,,8.0,Eddy Pineiro,2026-08-07,SFO
/nfl/rankings/k-cheatsheets.php,redraft-k,rp,Tyler Loop,27534,K,BAL,7.88,2.09,4,14,,tyler-loop.php,,,55.6,,,,,,13.0,Tyler Loop,2026-08-07,BAL
/nfl/rankings/k-cheatsheets.php,redraft-k,rp,Evan McPherson,23297,K,CIN,10.34,3.34,6,21,,evan-mcpherson.php,,,39.3,,,,,2.0,6.0,Evan McPherson,2026-08-07,CIN
/nfl/rankings/k-cheatsheets.php,redraft-k,rp,Cairo Santos,13731,K,CHI,9.87,2.24,6,17,,cairo-santos.php,,,25.5,,,,,,10.0,Cairo Santos,2026-08-07,CHI
/nfl/rankings/k-cheatsheets.php,redraft-k,rp,Jake Bates,26075,K,DET,10.94,2.71,5,16,,jake-bates.php,,,61.7,,,,,,6.0,Jake Bates,2026-08-07,DET
/nfl/rankings/k-cheatsheets.php,redraft-k,rp,Harrison Mevis,26638,K,LAR,11.66,3.65,6,22,,harrison-mevis.php,,,53.1,,,,,,11.0,Harrison Mevis,2026-08-07,LAR
/nfl/rankings/k-cheatsheets.php,redraft-k,rp,Andy Borregales,27291,K,NE,11.94,3.3,7,21,,andres-borregales.php,,,28.9,,,,,,11.0,Andy Borregales,2026-08-07,NEP
/nfl/rankings/k-cheatsheets.php,redraft-k,rp,Chase McLaughlin,19058,K,TB,12.26,2.64,7,18,,chase-mclaughlin.php,,,22.8,,,,,,10.0,Chase McLaughlin,2026-08-07,TBB
/nfl/rankings/k-cheatsheets.php,redraft-k,rp,Chris Boswell,13029,K,PIT,13.66,2.88,7,21,,chris-boswell.php,,,37.3,,,,,-2.0,9.0,Chris Boswell,2026-08-07,PIT
/nfl/rankings/k-cheatsheets.php,redraft-k,rp,Harrison Butker,16712,K,KC,14.38,2.93,8,20,,harrison-butker.php,,,39.1,,,,,,5.0,Harrison Butker,2026-08-07,KCC
/nfl/rankings/k-cheatsheets.php,redraft-k,rp,Will Reichard,26341,K,MIN,14.84,3.42,8,19,,will-reichard.php,,,28.0,,,,,,6.0,Will Reichard,2026-08-07,MIN
/nfl/rankings/k-cheatsheets.php,redraft-k,rp,Wil Lutz,16026,K,DEN,16.16,1.66,12,20,,wil-lutz.php,,,7.1,,,,,,10.0,Wil Lutz,2026-08-07,DEN
/nfl/rankings/k-cheatsheets.php,redraft-k,rp,Charlie Smyth,26444,K,NO,18.34,2.09,13,22,,charlie-smyth.php,,,2.8,,,,,,8.0,Charlie Smyth,2026-08-07,NOS
/nfl/rankings/k-cheatsheets.php,redraft-k,rp,Jake Elliott,16540,K,PHI,18.88,2.51,11,24,,jake-elliott.php,,,10.3,,,,,,10.0,Jake Elliott,2026-08-07,PHI
/nfl/rankings/k-cheatsheets.php,redraft-k,rp,Tyler Bass,19760,K,BUF,20.71,3.25,16,30,,tyler-bass.php,,,10.3,,,,,,7.0,Tyler Bass,2026-08-07,BUF
/nfl/rankings/k-cheatsheets.php,redraft-k,rp,Blake Grupe,25533,K,IND,22.7,3.92,11,33,,blake-grupe.php,,,1.6,,,,,,13.0,Blake Grupe,2026-08-07,IND
/nfl/rankings/k-cheatsheets.php,redraft-k,rp,Chad Ryland,25354,K,ARI,23.0,3.51,19,30,,chad-ryland.php,,,2.6,,,,,,14.0,Chad Ryland,2026-08-07,ARI
/nfl/rankings/k-cheatsheets.php,redraft-k,rp,Nick Folk,9491,K,ATL,24.03,3.73,13,29,,nick-folk.php,,,4.5,,,,,,11.0,Nick Folk,2026-08-07,ATL
/nfl/rankings/k-cheatsheets.php,redraft-k,rp,Joey Slye,19028,K,TEN,24.42,2.81,18,31,,joey-slye.php,,,1.3,,,,,,9.0,Joey Slye,2026-08-07,TEN
/nfl/rankings/k-cheatsheets.php,redraft-k,rp,Ryan Fitzgerald,27261,K,CAR,25.26,2.23,21,31,,ryan-fitzgerald.php,,,1.6,,,,,,5.0,Ryan Fitzgerald,2026-08-07,CAR
/nfl/rankings/k-cheatsheets.php,redraft-k,rp,Zane Gonzalez,16548,K,MIA,25.65,3.84,19,34,,zane-gonzalez.php,,,1.7,,,,,,6.0,Zane Gonzalez,2026-08-07,MIA
/nfl/rankings/k-cheatsheets.php,redraft-k,rp,Trey Smack,28507,K,GB,24.27,4.81,11,32,,trey-smack.php,,,6.4,,,,,,11.0,Trey Smack,2026-08-07,GBP
/nfl/rankings/k-cheatsheets.php,redraft-k,rp,Daniel Carlson,17420,K,LV,26.79,3.34,19,35,,daniel-carlson.php,,,0.7,,,,,,13.0,Daniel Carlson,2026-08-07,LVR
/nfl/rankings/k-cheatsheets.php,redraft-k,rp,Ben Sauls,27798,K,NYG,27.2,3.2,19,31,,ben-sauls.php,,,1.3,,,,,,8.0,Ben Sauls,2026-08-07,NYG
/nfl/rankings/k-cheatsheets.php,redraft-k,rp,Jake Moody,24009,K,WAS,27.0,3.9,17,31,,jake-moody.php,,,2.4,,,,,,7.0,Jake Moody,2026-08-07,WAS
/nfl/rankings/k-cheatsheets.php,redraft-k,rp,Brandon McManus,13274,K,FA,28.0,3.64,20,33,,brandon-mcmanus.php,,,0.7,,,,,,,Brandon McManus,2026-08-07,FA
/nfl/rankings/k-cheatsheets.php,redraft-k,rp,Jason Sanders,17533,K,NYJ,30.15,2.07,26,33,,jason-sanders.php,,,1.5,,,,,,13.0,Jason Sanders,2026-08-07,NYJ
/nfl/rankings/k-cheatsheets.php,redraft-k,rp,Spencer Shrader,26763,K,IND,27.67,4.47,23,36,,spencer-shrader.php,,,1.2,,,,,,13.0,Spencer Shrader,2026-08-07,IND
/nfl/rankings/k-cheatsheets.php,redraft-k,rp,Andre Szmyt,25713,K,CLE,31.67,2.05,27,34,,andre-szmyt.php,,,1.4,,,,,,11.0,Andre Szmyt,2026-08-07,CLE
/nfl/rankings/k-cheatsheets.php,redraft-k,rp,Matt Gay,18545,K,LV,30.86,2.03,29,35,,matt-gay.php,,,2.8,,,,,,13.0,Matt Gay,2026-08-07,LVR
/nfl/rankings/k-cheatsheets.php,redraft-k,rp,Riley Patterson,23370,K,MIA,32.33,6.6,23,37,,riley-patterson.php,,,6.8,,,,,,6.0,Riley Patterson,2026-08-07,MIA
/nfl/rankings/k-cheatsheets.php,redraft-k,rp,Cade York,24549,K,NYJ,35.2,0.75,34,36,,cade-york.php,,,7.7,,,,,,13.0,Cade York,2026-08-07,NYJ
/nfl/rankings/k-cheatsheets.php,redraft-k,rp,B.T. Potter,25554,K,TB,37.75,0.43,37,38,,bt-potter.php,,,1.0,,,,,,10.0,BT Potter,2026-08-07,TBB
/nfl/rankings/lb-cheatsheets.php,redraft-lb,rp,Jordyn Brooks,19292,LB,MIA,1.3,0.64,1,3,,jordyn-brooks.php,,,80.8,,,,,,6.0,Jordyn Brooks,2026-08-07,MIA
/nfl/rankings/lb-cheatsheets.php,redraft-lb,rp,Jack Campbell,25435,LB,DET,2.3,0.78,1,4,,jack-campbell.php,,,88.0,,,,,,6.0,Jack Campbell,2026-08-07,DET
/nfl/rankings/lb-cheatsheets.php,redraft-lb,rp,Carson Schwesinger,27236,LB,CLE,3.0,0.77,2,4,,carson-schwesinger.php,,,78.9,,,,,,11.0,Carson Schwesinger,2026-08-07,CLE
/nfl/rankings/lb-cheatsheets.php,redraft-lb,rp,Roquan Smith,17311,LB,BAL,3.5,0.67,2,4,,roquan-smith.php,,,73.3,,,,,,13.0,Roquan Smith,2026-08-07,BAL
/nfl/rankings/lb-cheatsheets.php,redraft-lb,rp,Ernest Jones IV,23245,LB,SEA,6.2,0.98,5,8,,ernest-jones.php,,,52.3,,,,,,11.0,Ernest Jones,2026-08-07,SEA
/nfl/rankings/lb-cheatsheets.php,redraft-lb,rp,Foyesade Oluokun,17607,LB,JAC,6.4,1.28,5,9,,foyesade-oluokun.php,,,73.6,,,,,,7.0,Foyesade Oluokun,2026-08-07,JAC
/nfl/rankings/lb-cheatsheets.php,redraft-lb,rp,Fred Warner,17526,LB,SF,7.5,0.81,6,8,,fred-warner.php,,,79.4,,,,,,8.0,Fred Warner,2026-08-07,SFO
/nfl/rankings/lb-cheatsheets.php,redraft-lb,rp,Blake Cashman,18421,LB,MIN,8.0,2.19,5,13,,blake-cashman.php,,,54.2,,,,,,6.0,Blake Cashman,2026-08-07,MIN
/nfl/rankings/lb-cheatsheets.php,redraft-lb,rp,Jamien Sherwood,23194,LB,NYJ,10.6,1.8,9,15,,jamien-sherwood.php,,,56.0,,,,,,13.0,Jamien Sherwood,2026-08-07,NYJ
/nfl/rankings/lb-cheatsheets.php,redraft-lb,rp,Zack Baun,19238,LB,PHI,11.0,2.76,7,17,,zack-baun.php,,,63.3,,,,,,10.0,Zack Baun,2026-08-07,PHI
/nfl/rankings/lb-cheatsheets.php,redraft-lb,rp,Nick Bolton,22689,LB,KC,11.8,2.36,7,15,,nick-bolton.php,,,71.5,,,,,,5.0,Nick Bolton,2026-08-07,KCC
/nfl/rankings/lb-cheatsheets.php,redraft-lb,rp,Quay Walker,23729,LB,LV,11.8,1.72,9,15,,quay-walker.php,,,55.6,,,,,,13.0,Quay Walker,2026-08-07,LVR
/nfl/rankings/lb-cheatsheets.php,redraft-lb,rp,Nate Landman,24674,LB,LAR,12.2,2.23,10,18,,nathan-landman.php,,,44.6,,,,,,11.0,Nate Landman,2026-08-07,LAR
/nfl/rankings/lb-cheatsheets.php,redraft-lb,rp,Zaire Franklin,17563,LB,GB,16.5,1.5,14,19,,zaire-franklin.php,,,45.0,,,,,,11.0,Zaire Franklin,2026-08-07,GBP
/nfl/rankings/lb-cheatsheets.php,redraft-lb,rp,Alex Singleton,14399,LB,DEN,16.9,3.73,14,25,,alex-singleton.php,,,41.8,,,,,,10.0,Alex Singleton,2026-08-07,DEN
/nfl/rankings/lb-cheatsheets.php,redraft-lb,rp,Cedric Gray,26168,LB,TEN,17.0,7.89,8,35,,cedric-gray.php,,,54.6,,,,,,9.0,Cedric Gray,2026-08-07,TEN
/nfl/rankings/lb-cheatsheets.php,redraft-lb,rp,Tremaine Edmunds,17342,LB,NYG,18.5,4.86,12,27,,tremaine-edmunds.php,,,32.7,,,,,,8.0,Tremaine Edmunds,2026-08-07,NYG
/nfl/rankings/lb-cheatsheets.php,redraft-lb,rp,Sonny Styles,27216,LB,WAS,18.7,2.1,16,23,,sonny-styles.php,,,59.6,,,,,2.0,7.0,Sonny Styles,2026-08-07,WAS
/nfl/rankings/lb-cheatsheets.php,redraft-lb,rp,Edgerrin Cooper,26137,LB,GB,19.0,2.24,16,22,,edgerrin-cooper.php,,,44.9,,,,,,11.0,Edgerrin Cooper,2026-08-07,GBP
/nfl/rankings/lb-cheatsheets.php,redraft-lb,rp,Robert Spillane,18103,LB,NE,21.1,5.13,16,33,,robert-spillane.php,,,44.4,,,,,-3.0,11.0,Robert Spillane,2026-08-07,NEP
/nfl/rankings/lb-cheatsheets.php,redraft-lb,rp,T.J. Edwards,18281,LB,CHI,23.6,4.08,20,33,,tj-edwards.php,,,28.6,,,,,,10.0,TJ Edwards,2026-08-07,CHI
/nfl/rankings/lb-cheatsheets.php,redraft-lb,rp,CJ Allen,27970,LB,IND,24.9,5.19,17,35,,cj-allen.php,,,32.3,,,,,,13.0,CJ Allen,2026-08-07,IND
/nfl/rankings/lb-cheatsheets.php,redraft-lb,rp,Azeez Al-Shaair,18361,LB,HOU,25.3,4.84,20,36,,azeez-al-shaair.php,,,23.8,,,,,,8.0,Azeez Al-Shaair,2026-08-07,HOU
/nfl/rankings/lb-cheatsheets.php,redraft-lb,rp,Devin Bush Jr.,18237,LB,CHI,25.4,3.1,21,31,,devin-bush.php,,,40.4,,,,,,10.0,Devin Bush,2026-08-07,CHI
/nfl/rankings/lb-cheatsheets.php,redraft-lb,rp,Devin Lloyd,23710,LB,CAR,25.7,5.2,16,34,,devin-lloyd.php,,,44.5,,,,,,5.0,Devin Lloyd,2026-08-07,CAR
/nfl/rankings/lb-cheatsheets.php,redraft-lb,rp,Kaden Elliss,18716,LB,NO,25.9,4.53,18,33,,kaden-elliss.php,,,23.9,,,,,,8.0,Kaden Elliss,2026-08-07,NOS
/nfl/rankings/lb-cheatsheets.php,redraft-lb,rp,Daiyan Henley,25436,LB,LAC,27.2,2.89,23,32,,daiyanhenley.php,,,43.1,,,,,-4.0,7.0,Daiyan Henley,2026-08-07,LAC
/nfl/rankings/lb-cheatsheets.php,redraft-lb,rp,Terrel Bernard,23772,LB,BUF,30.8,4.07,27,38,,terrel-bernard.php,,,36.1,,,,,,7.0,Terrel Bernard,2026-08-07,BUF
/nfl/rankings/lb-cheatsheets.php,redraft-lb,rp,Nakobe Dean,23702,LB,LV,31.7,3.35,25,36,,nakobe-dean.php,,,62.1,,,,,4.0,13.0,Nakobe Dean,2026-08-07,LVR
/nfl/rankings/lb-cheatsheets.php,redraft-lb,rp,Divine Deablo,23208,LB,ATL,32.8,6.82,25,49,,divine-deablo.php,,,33.1,,,,,,11.0,Divine Deablo,2026-08-07,ATL
/nfl/rankings/lb-cheatsheets.php,redraft-lb,rp,Patrick Queen,19421,LB,PIT,33.6,7.05,26,47,,patrick-queen.php,,,37.0,,,,,,9.0,Patrick Queen,2026-08-07,PIT
/nfl/rankings/lb-cheatsheets.php,redraft-lb,rp,Barrett Carter,26108,LB,CIN,35.2,3.54,29,40,,barrett-carter.php,,,19.3,,,,,4.0,6.0,Barrett Carter,2026-08-07,CIN
/nfl/rankings/lb-cheatsheets.php,redraft-lb,rp,Quincy Williams,18679,LB,CLE,36.5,5.54,31,50,,quincy-williams.php,,,25.1,,,,,,11.0,Quincy Williams,2026-08-07,CLE
/nfl/rankings/lb-cheatsheets.php,redraft-lb,rp,Dee Winters,25579,LB,DAL,39.6,7.47,25,52,,dee-winters.php,,,15.4,,,,,,14.0,Dee Winters,2026-08-07,DAL
/nfl/rankings/lb-cheatsheets.php,redraft-lb,rp,Alex Anzalone,16720,LB,TB,39.9,7.62,32,58,,alex-anzalone.php,,,25.4,,,,,,10.0,Alex Anzalone,2026-08-07,TBB
/nfl/rankings/lb-cheatsheets.php,redraft-lb,rp,Mack Wilson Sr.,18251,LB,ARI,40.2,6.63,32,55,,mack-wilson.php,,,12.7,,,,,,14.0,Mack Wilson,2026-08-07,ARI
/nfl/rankings/lb-cheatsheets.php,redraft-lb,rp,Demario Davis,11293,LB,NYJ,40.3,6.74,29,54,,demario-davis.php,,,25.5,,,,,,13.0,Demario Davis,2026-08-07,NYJ
/nfl/rankings/lb-cheatsheets.php,redraft-lb,rp,Tyrel Dodson,18584,LB,MIA,41.6,7.85,29,59,,tyrel-dodson.php,,,31.1,,,,,,6.0,Tyrel Dodson,2026-08-07,MIA
/nfl/rankings/lb-cheatsheets.php,redraft-lb,rp,DeMarvion Overshown,25314,LB,DAL,44.4,7.47,32,54,,demarvion-overshown.php,,,22.5,,,,,,14.0,DeMarvion Overshown,2026-08-07,DAL
/nfl/rankings/lb-cheatsheets.php,redraft-lb,rp,Eric Wilson,16691,LB,MIN,44.7,8.39,33,60,,eric-wilson.php,,,20.7,,,,,,6.0,Eric Wilson,2026-08-07,MIN
/nfl/rankings/lb-cheatsheets.php,redraft-lb,rp,Payton Wilson,26183,LB,PIT,48.9,7.02,42,61,,payton-wilson.php,,,18.8,,,,,,9.0,Payton Wilson,2026-08-07,PIT
/nfl/rankings/lb-cheatsheets.php,redraft-lb,rp,Demetrius Knight Jr.,27299,LB,CIN,50.4,9.23,39,74,,demetrius-knight-jr.php,,,24.5,,,,,,6.0,Demetrius Knight,2026-08-07,CIN
/nfl/rankings/lb-cheatsheets.php,redraft-lb,rp,Drue Tranquill,18459,LB,KC,51.2,7.07,43,65,,drue-tranquill.php,,,17.6,,,,,,5.0,Drue Tranquill,2026-08-07,KCC
/nfl/rankings/lb-cheatsheets.php,redraft-lb,rp,Anthony Hill Jr.,27954,LB,TEN,55.2,9.45,42,72,,anthony-hill-jr.php,,,26.8,,,,,7.0,9.0,Anthony Hill,2026-08-07,TEN
/nfl/rankings/lb-cheatsheets.php,redraft-lb,rp,Drake Thomas,25905,LB,SEA,55.2,7.65,43,66,,drake-thomas.php,,,12.4,,,,,,11.0,Drake Thomas,2026-08-07,SEA
/nfl/rankings/lb-cheatsheets.php,redraft-lb,rp,Frankie Luvu,17963,LB,WAS,58.3,9.94,46,80,,frankie-luvu.php,,,20.3,,,,,19.0,7.0,Frankie Luvu,2026-08-07,WAS
/nfl/rankings/lb-cheatsheets.php,redraft-lb,rp,Akeem Davis-Gaither,19261,LB,IND,59.7,15.07,47,100,,akeem-davis-gaither.php,,,12.2,,,,,8.0,13.0,Akeem Davis-Gaither,2026-08-07,IND
/nfl/rankings/lb-cheatsheets.php,redraft-lb,rp,Dre Greenlaw,18310,LB,SF,72.3,60.92,32,252,,dre-greenlaw.php,,,12.8,,,,,7.0,8.0,Dre Greenlaw,2026-08-07,SFO
/nfl/rankings/lb-cheatsheets.php,redraft-lb,rp,Arvell Reese,28053,LB,NYG,48.56,9.93,36,67,,arvell-reese.php,,,43.9,,,,,-5.0,8.0,Arvell Reese,2026-08-07,NYG
/nfl/rankings/lb-cheatsheets.php,redraft-lb,rp,Jihaad Campbell,27051,LB,PHI,52.0,16.3,30,86,,jihaad-campbell.php,,,24.3,,,,,,10.0,Jihaad Campbell,2026-08-07,PHI
/nfl/rankings/lb-cheatsheets.php,redraft-lb,rp,Henry To'oTo'o,23766,LB,HOU,55.78,7.36,47,68,,henry-too-too.php,,,19.4,,,,,10.0,8.0,Henry TooToo,2026-08-07,HOU
/nfl/rankings/lb-cheatsheets.php,redraft-lb,rp,Cody Simon,27264,LB,ARI,56.33,12.45,37,79,,cody-simon.php,,,6.1,,,,,10.0,14.0,Cody Simon,2026-08-07,ARI
/nfl/rankings/lb-cheatsheets.php,redraft-lb,rp,Trevin Wallace,26182,LB,CAR,68.33,12.53,56,90,,trevin-wallace.php,,,7.6,,,,,11.0,5.0,Trevin Wallace,2026-08-07,CAR
/nfl/rankings/lb-cheatsheets.php,redraft-lb,rp,Pete Werner,22809,LB,NO,68.78,13.49,50,94,,pete-werner.php,,,5.1,,,,,17.0,8.0,Pete Werner,2026-08-07,NOS
/nfl/rankings/lb-cheatsheets.php,redraft-lb,rp,Brian Burns,18223,DL,NYG,42.0,13.9,18,61,,brian-burns.php,,,70.7,,,,,,8.0,Brian Burns,2026-08-07,NYG
/nfl/rankings/lb-cheatsheets.php,redraft-lb,rp,Christian Harris,23470,LB,ATL,61.0,8.53,49,73,,christian-harris.php,,,7.8,,,,,10.0,11.0,Christian Harris,2026-08-07,ATL
/nfl/rankings/lb-cheatsheets.php,redraft-lb,rp,Ventrell Miller,23477,LB,JAC,61.25,15.34,44,98,,ventrell-miller.php,,,13.0,,,,,8.0,7.0,Ventrell Miller,2026-08-07,JAC
/nfl/rankings/lb-cheatsheets.php,redraft-lb,rp,Christian Elliss,23367,LB,NE,68.13,9.32,55,83,,christian-elliss.php,,,9.0,,,,,,11.0,Christian Elliss,2026-08-07,NEP
/nfl/rankings/lb-cheatsheets.php,redraft-lb,rp,Josiah Trotter,28077,LB,TB,68.38,13.52,50,88,,josiah-trotter.php,,,24.5,,,,,10.0,10.0,Josiah Trotter,2026-08-07,TBB
/nfl/rankings/lb-cheatsheets.php,redraft-lb,rp,Omar Speights,26730,LB,LAR,73.88,10.87,61,92,,omar-speights.php,,,9.0,,,,,,11.0,Omar Speights,2026-08-07,LAR
/nfl/rankings/lb-cheatsheets.php,redraft-lb,rp,Teddye Buchanan,27146,LB,BAL,76.63,15.6,57,107,,teddye-buchanan.php,,,10.7,,,,,13.0,13.0,Teddye Buchanan,2026-08-07,BAL
/nfl/rankings/lb-cheatsheets.php,redraft-lb,rp,Jacob Rodriguez,28195,LB,MIA,77.25,14.44,62,112,,jacob-rodriguez.php,,,13.5,,,,,14.0,6.0,Jacob Rodriguez,2026-08-07,MIA
/nfl/rankings/lb-cheatsheets.php,redraft-lb,rp,Danielle Hunter,14036,DL,HOU,37.71,8.43,27,54,,danielle-hunter.php,,,53.4,,,,,-15.0,8.0,Danielle Hunter,2026-08-07,HOU
/nfl/rankings/lb-cheatsheets.php,redraft-lb,rp,Christian Rozeboom,19713,LB,TB,78.63,20.24,63,130,,christian-rozeboom.php,,,12.9,,,,,11.0,10.0,Christian Rozeboom,2026-08-07,TBB
/nfl/rankings/lb-cheatsheets.php,redraft-lb,rp,Leo Chenal,23808,LB,WAS,74.71,8.21,64,85,,leo-chenal.php,,,7.4,,,,,,7.0,Leo Chenal,2026-08-07,WAS
/nfl/rankings/lb-cheatsheets.php,redraft-lb,rp,Denzel Perryman,14047,LB,LAC,74.86,15.93,60,109,,denzel-perryman.php,,,4.9,,,,,,7.0,Denzel Perryman,2026-08-07,LAC
/nfl/rankings/lb-cheatsheets.php,redraft-lb,rp,Cody Barton,18542,LB,TEN,86.71,30.9,59,156,,cody-barton.php,,,10.5,,,,,8.0,9.0,Cody Barton,2026-08-07,TEN
/nfl/rankings/lb-cheatsheets.php,redraft-lb,rp,T.J. Watt,16469,LB,PIT,42.0,14.54,21,59,,tj-watt.php,,,68.9,,,,,-13.0,9.0,TJ Watt,2026-08-07,PIT
/nfl/rankings/lb-cheatsheets.php,redraft-lb,rp,Andrew Van Ginkel,18573,LB,MIN,42.67,7.87,32,55,,andrew-van-ginkel.php,,,54.0,,,,,-19.0,6.0,Andrew Van Ginkel,2026-08-07,MIN
/nfl/rankings/lb-cheatsheets.php,redraft-lb,rp,Bryce Boettcher,28255,LB,IND,91.0,18.74,75,133,,bryce-boettcher.php,,,5.8,,,,,17.0,13.0,Bryce Boettcher,2026-08-07,IND
/nfl/rankings/lb-cheatsheets.php,redraft-lb,rp,Byron Young,25449,DL,LAR,47.0,9.92,34,61,,byron-young-edge.php,,,45.4,,,,,,11.0,Byron Young,2026-08-07,LAR
/nfl/rankings/lb-cheatsheets.php,redraft-lb,rp,Josh Hines-Allen,18201,DL,JAC,47.67,11.67,30,65,,josh-allen-olb.php,,,39.6,,,,,-19.0,7.0,Josh Hines-Allen,2026-08-07,JAC
/nfl/rankings/lb-cheatsheets.php,redraft-lb,rp,Tuli Tuipulotu,25364,DL,LAC,50.17,7.78,38,62,,tuli-tuipulotu.php,,,46.0,,,,,-18.0,7.0,Tuli Tuipulotu,2026-08-07,LAC
/nfl/rankings/lb-cheatsheets.php,redraft-lb,rp,Nik Bonitto,23763,DL,DEN,54.5,19.48,28,80,,nik-bonitto.php,,,53.4,,,,,-16.0,10.0,Nik Bonitto,2026-08-07,DEN
/nfl/rankings/lb-cheatsheets.php,redraft-lb,rp,Jared Verse,25234,DL,CLE,55.33,18.6,28,84,,jared-verse.php,,,49.7,,,,,-14.0,11.0,Jared Verse,2026-08-07,CLE
/nfl/rankings/lb-cheatsheets.php,redraft-lb,rp,Alex Highsmith,19316,LB,PIT,55.67,9.14,43,70,,alex-highsmith.php,,,38.8,,,,,-14.0,9.0,Alex Highsmith,2026-08-07,PIT
/nfl/rankings/lb-cheatsheets.php,redraft-lb,rp,Dallas Turner,26097,DL,MIN,61.83,14.95,39,81,,dallas-turner.php,,,29.7,,,,,-14.0,6.0,Dallas Turner,2026-08-07,MIN
/nfl/rankings/lb-cheatsheets.php,redraft-lb,rp,Abdul Carter,27022,DL,NYG,63.83,22.14,37,96,,abdul-carter.php,,,34.0,,,,,-14.0,8.0,Abdul Carter,2026-08-07,NYG
/nfl/rankings/lb-cheatsheets.php,redraft-lb,rp,Junior Colson,26127,LB,LAC,106.14,45.77,71,213,,junior-colson.php,,,3.5,,,,,,7.0,Junior Colson,2026-08-07,LAC
/nfl/rankings/lb-cheatsheets.php,redraft-lb,rp,Trey Hendrickson,16719,DL,BAL,64.33,14.64,46,85,,trey-hendrickson.php,,,45.8,,,,,,13.0,Trey Hendrickson,2026-08-07,BAL
/nfl/rankings/lb-cheatsheets.php,redraft-lb,rp,Derrick Barnes,23210,LB,DET,71.17,8.97,60,87,,derrick-barnes.php,,,6.9,,,,,,6.0,Derrick Barnes,2026-08-07,DET
/nfl/rankings/lb-cheatsheets.php,redraft-lb,rp,Justin Strnad,19520,LB,DEN,72.83,6.09,62,81,,justin-strnad.php,,,5.9,,,,,,10.0,Justin Strnad,2026-08-07,DEN
/nfl/rankings/lb-cheatsheets.php,redraft-lb,rp,Dorian Williams,25453,LB,BUF,76.5,6.85,63,85,,dorian-williams.php,,,6.8,,,,,,7.0,Dorian Williams,2026-08-07,BUF
/nfl/rankings/lb-cheatsheets.php,redraft-lb,rp,Josh Sweat,17363,DL,ARI,78.83,17.69,58,108,,josh-sweat.php,,,15.6,,,,,,14.0,Josh Sweat,2026-08-07,ARI
/nfl/rankings/lb-cheatsheets.php,redraft-lb,rp,Jack Sanborn,23841,LB,CHI,124.0,68.5,72,288,,jack-sanborn.php,,,12.0,,,,,,10.0,Jack Sanborn,2026-08-07,CHI
/nfl/rankings/lb-cheatsheets.php,redraft-lb,rp,Tatum Bethune,26489,LB,SF,85.33,18.0,70,121,,tatum-bethune.php,,,5.0,,,,,14.0,8.0,Tatum Bethune,2026-08-07,SFO
/nfl/rankings/lb-cheatsheets.php,redraft-lb,rp,Trenton Simpson,24716,LB,BAL,91.5,15.14,78,124,,trenton-simpson.php,,,5.6,,,,,,13.0,Trenton Simpson,2026-08-07,BAL
/nfl/rankings/lb-cheatsheets.php,redraft-lb,rp,Kaleb Elarms-Orr,28440,LB,BUF,105.17,34.83,70,179,,kaleb-elarmsorr.php,,,6.6,,,,,,7.0,Kaleb Elarms-Orr,2026-08-07,BUF
/nfl/rankings/lb-cheatsheets.php,redraft-lb,rp,Jaelan Phillips,22734,DL,CAR,63.0,20.04,46,101,,jaelan-phillips.php,,,13.7,,,,,,5.0,Jaelan Phillips,2026-08-07,CAR
/nfl/rankings/lb-cheatsheets.php,redraft-lb,rp,Jonathan Greenard,19276,DL,PHI,73.2,27.87,47,124,,jonathan-greenard.php,,,32.2,,,,,,10.0,Jonathan Greenard,2026-08-07,PHI
/nfl/rankings/lb-cheatsheets.php,redraft-lb,rp,Bradley Chubb,17277,LB,BUF,75.8,27.05,51,126,,bradley-chubb.php,,,11.9,,,,,,7.0,Bradley Chubb,2026-08-07,BUF
/nfl/rankings/lb-cheatsheets.php,redraft-lb,rp,Malcolm Rodriguez,23822,LB,DET,77.8,12.69,66,102,,malcolm-rodriguez.php,,,4.5,,,,,,6.0,Malcolm Rodriguez,2026-08-07,DET
/nfl/rankings/lb-cheatsheets.php,redraft-lb,rp,Greg Rousseau,19787,DL,BUF,79.8,21.2,56,118,,gregory-rousseau.php,,,23.2,,,,,,7.0,Gregory Rousseau,2026-08-07,BUF
/nfl/rankings/lb-cheatsheets.php,redraft-lb,rp,Harold Landry III,17330,LB,NE,81.4,27.85,51,118,,harold-landry.php,,,21.2,,,,,,11.0,Harold Landry,2026-08-07,NEP
/nfl/rankings/lb-cheatsheets.php,redraft-lb,rp,Micah Parsons,19784,LB,GB,92.6,43.29,45,163,,micah-parsons.php,,,54.8,,,,,,11.0,Micah Parsons,2026-08-07,GBP
/nfl/rankings/lb-cheatsheets.php,redraft-lb,rp,SirVocea Dennis,23990,LB,TB,94.4,26.9,64,141,,sirvocea-dennis.php,,,16.4,,,,,-24.0,10.0,SirVocea Dennis,2026-08-07,TBB
/nfl/rankings/lb-cheatsheets.php,redraft-lb,rp,Isaiah McDuffie,23292,LB,GB,99.2,22.83,75,142,,isaiah-mcduffie.php,,,3.6,,,,,15.0,11.0,Isaiah McDuffie,2026-08-07,GBP
/nfl/rankings/lb-cheatsheets.php,redraft-lb,rp,Jack Gibbens,24690,LB,ARI,99.4,13.47,82,123,,jack-gibbens.php,,,2.8,,,,,18.0,14.0,Jack Gibbens,2026-08-07,ARI
/nfl/rankings/lb-cheatsheets.php,redraft-lb,rp,Cole Holcomb,18709,LB,PIT,101.0,16.43,84,132,,cole-holcomb.php,,,1.9,,,,,,9.0,Cole Holcomb,2026-08-07,PIT
/nfl/rankings/lb-cheatsheets.php,redraft-lb,rp,Tyrice Knight,24112,LB,SEA,101.6,18.46,73,131,,tyrice-knight.php,,,5.6,,,,,,11.0,Tyrice Knight,2026-08-07,SEA
/nfl/rankings/lb-cheatsheets.php,redraft-lb,rp,Danny Stutsman,27031,LB,NO,106.8,36.14,77,178,,danny-stutsman.php,,,2.4,,,,,,8.0,Danny Stutsman,2026-08-07,NOS
/nfl/rankings/lb-cheatsheets.php,redraft-lb,rp,Jake Golday,28181,LB,MIN,108.4,29.84,91,168,,jake-golday.php,,,11.4,,,,,,6.0,Jake Golday,2026-08-07,MIN
/nfl/rankings/lb-cheatsheets.php,redraft-lb,rp,Kyle Louis,28227,LB,MIA,108.6,19.18,78,138,,kyle-louis.php,,,2.9,,,,,,6.0,Kyle Louis,2026-08-07,MIA
/nfl/rankings/lb-cheatsheets.php,redraft-lb,rp,Jeremiah Trotter Jr.,20632,LB,PHI,113.8,23.12,85,152,,jeremiah-trotter.php,,,1.4,,,,,,10.0,Jeremiah Trotter,2026-08-07,PHI
/nfl/rankings/lb-cheatsheets.php,redraft-lb,rp,Troy Andersen,24391,LB,ATL,115.2,51.32,79,216,,troy-andersen.php,,,4.3,,,,,,11.0,Troy Andersen,2026-08-07,ATL
/nfl/rankings/lb-cheatsheets.php,redraft-lb,rp,Shemar James,27260,LB,DAL,119.0,33.28,86,183,,shemar-james.php,,,3.6,,,,,,14.0,Shemar James,2026-08-07,DAL
/nfl/rankings/lb-cheatsheets.php,redraft-lb,rp,Micah McFadden,23872,LB,NYG,120.8,59.54,52,232,,micah-mcfadden.php,,,8.2,,,,,-11.0,8.0,Micah McFadden,2026-08-07,NYG
/nfl/rankings/lb-cheatsheets.php,redraft-lb,rp,Bobby Wagner,11252,LB,FA,129.4,119.46,63,368,,bobby-wagner.php,,,18.1,,,,,,,Bobby Wagner,2026-08-07,FA
/nfl/rankings/lb-cheatsheets.php,redraft-lb,rp,Bobby Okereke,18678,LB,FA,138.8,116.26,64,369,,bobby-okereke.php,,,20.1,,,,,13.0,,Bobby Okereke,2026-08-07,FA
/nfl/rankings/lb-cheatsheets.php,redraft-lb,rp,D'Marco Jackson,23806,LB,CHI,85.0,12.73,73,105,,dmarco-jackson.php,,,4.6,,,,,-15.0,10.0,DMarco Jackson,2026-08-07,CHI
/nfl/rankings/lb-cheatsheets.php,redraft-lb,rp,Ivan Pace Jr.,25452,LB,MIN,95.5,23.61,77,136,,ivan-pace-jr.php,,,6.9,,,,,,6.0,Ivan Pace,2026-08-07,MIN
/nfl/rankings/lb-cheatsheets.php,redraft-lb,rp,Yaya Diaby,25264,DL,TB,97.75,33.17,61,150,,yaya-diaby.php,,,21.6,,,,,-15.0,10.0,YaYa Diaby,2026-08-07,TBB
/nfl/rankings/lb-cheatsheets.php,redraft-lb,rp,Oren Burks,17590,LB,CIN,102.75,7.22,95,113,,oren-burks.php,,,2.4,,,,,,6.0,Oren Burks,2026-08-07,CIN
/nfl/rankings/lb-cheatsheets.php,redraft-lb,rp,Troy Dye,19269,LB,LAC,110.75,26.68,65,130,,troy-dye.php,,,2.5,,,,,,7.0,Troy Dye,2026-08-07,LAC
/nfl/rankings/lb-cheatsheets.php,redraft-lb,rp,Shaun Dolac,27248,LB,LAR,125.5,17.27,112,155,,shaun-dolac.php,,,1.4,,,,,,11.0,Shaun Dolac,2026-08-07,LAR
/nfl/rankings/lb-cheatsheets.php,redraft-lb,rp,Justin Jefferson,28472,LB,CLE,135.25,42.12,106,208,,justin-jefferson-lb.php,,,5.3,,,,,,11.0,Justin Jefferson,2026-08-07,CLE
/nfl/rankings/lb-cheatsheets.php,redraft-lb,rp,Kiko Mauigoa,27282,LB,NYJ,138.0,48.75,103,222,,francisco-mauigoa.php,,,0.9,,,,,,13.0,Kiko Mauigoa,2026-08-07,NYJ
/nfl/rankings/lb-cheatsheets.php,redraft-lb,rp,Willie Gay Jr.,19480,LB,MIA,142.0,70.18,67,257,,willie-gay.php,,,1.5,,,,,-15.0,6.0,Willie Gay,2026-08-07,MIA
/nfl/rankings/lb-cheatsheets.php,redraft-lb,rp,Austin Booker,26313,LB,CHI,74.0,20.02,50,99,,austin-booker.php,,,8.1,,,,,,10.0,Austin Booker,2026-08-07,CHI
/nfl/rankings/lb-cheatsheets.php,redraft-lb,rp,Jack Kiser,27243,LB,JAC,151.5,80.57,102,291,,jack-kiser.php,,,2.2,,,,,,7.0,Jack Kiser,2026-08-07,JAC
/nfl/rankings/lb-cheatsheets.php,redraft-lb,rp,Travon Walker,23724,DL,JAC,91.0,18.24,66,109,,travon-walker.php,,,25.4,,,,,,7.0,Travon Walker,2026-08-07,JAC
/nfl/rankings/lb-cheatsheets.php,redraft-lb,rp,Odafe Oweh,22714,DL,WAS,98.0,33.95,55,138,,odafe-oweh.php,,,10.6,,,,,,7.0,Odafe Oweh,2026-08-07,WAS
/nfl/rankings/lb-cheatsheets.php,redraft-lb,rp,Devin White,18204,LB,DET,99.67,16.98,76,115,,devin-white.php,,,19.5,,,,,,6.0,Devin White,2026-08-07,DET
/nfl/rankings/lb-cheatsheets.php,redraft-lb,rp,Chop Robinson,26105,DL,MIA,101.0,31.27,68,143,,chop-robinson.php,,,11.1,,,,,,6.0,Chop Robinson,2026-08-07,MIA
/nfl/rankings/lb-cheatsheets.php,redraft-lb,rp,Rashan Gary,18209,LB,DAL,103.33,24.09,82,137,,rashan-gary.php,,,25.9,,,,,-25.0,14.0,Rashan Gary,2026-08-07,DAL
/nfl/rankings/lb-cheatsheets.php,redraft-lb,rp,Carl Granderson,18295,DL,NO,105.33,25.22,87,141,,carl-granderson.php,,,30.6,,,,,,8.0,Carl Granderson,2026-08-07,NOS
/nfl/rankings/lb-cheatsheets.php,redraft-lb,rp,Khalil Mack,12169,LB,LAC,105.67,24.44,85,140,,khalil-mack.php,,,15.5,,,,,-25.0,7.0,Khalil Mack,2026-08-07,LAC
/nfl/rankings/lb-cheatsheets.php,redraft-lb,rp,K'Lavon Chaisson,19228,DL,WAS,107.33,16.78,94,131,,klavon-chaisson.php,,,4.6,,,,,,7.0,KLavon Chaisson,2026-08-07,WAS
/nfl/rankings/lb-cheatsheets.php,redraft-lb,rp,James Pearce Jr.,27018,DL,ATL,108.33,34.02,69,152,,james-pearce-jr.php,,,8.8,,,,,,11.0,James Pearce,2026-08-07,ATL
/nfl/rankings/lb-cheatsheets.php,redraft-lb,rp,Boye Mafe,23736,DL,CIN,109.0,39.22,60,156,,boye-mafe.php,,,17.2,,,,,,6.0,Boye Mafe,2026-08-07,CIN
/nfl/rankings/lb-cheatsheets.php,redraft-lb,rp,Jeffrey Bassa,27295,LB,KC,111.0,25.92,87,147,,jeffrey-bassa.php,,,1.2,,,,,,5.0,Jeffrey Bassa,2026-08-07,KCC
/nfl/rankings/lb-cheatsheets.php,redraft-lb,rp,Germaine Pratt,18291,LB,FA,179.5,112.03,87,371,,germaine-pratt.php,,,7.9,,,,,,,Germaine Pratt,2026-08-07,FA
/nfl/rankings/lb-cheatsheets.php,redraft-lb,rp,Jalyx Hunt,26337,LB,PHI,118.67,44.79,86,182,,jalyx-hunt.php,,,10.0,,,,,,10.0,Jalyx Hunt,2026-08-07,PHI
/nfl/rankings/lb-cheatsheets.php,redraft-lb,rp,Donovan Ezeiruaku,27033,DL,DAL,120.67,28.96,89,159,,donovan-ezeiruaku.php,,,6.9,,,,,,14.0,Donovan Ezeiruaku,2026-08-07,DAL
/nfl/rankings/lb-cheatsheets.php,redraft-lb,rp,Mohamoud Diabate,25437,LB,TEN,121.0,4.97,117,128,,mohamoud-diabate.php,,,1.0,,,,,,9.0,Mohamoud Diabate,2026-08-07,TEN
/nfl/rankings/lb-cheatsheets.php,redraft-lb,rp,K.J. Britt,22871,LB,NE,124.67,11.32,113,140,,kj-britt.php,,,1.5,,,,,,11.0,KJ Britt,2026-08-07,NEP
/nfl/rankings/lb-cheatsheets.php,redraft-lb,rp,Malik Harrison,19293,LB,PIT,126.33,4.5,121,132,,malik-harrison.php,,,1.7,,,,,,9.0,Malik Harrison,2026-08-07,PIT
/nfl/rankings/lb-cheatsheets.php,redraft-lb,rp,David Bailey,27191,DL,NYJ,128.33,30.3,93,167,,david-bailey-edge.php,,,33.3,,,,,,13.0,David Bailey,2026-08-07,NYJ
/nfl/rankings/lb-cheatsheets.php,redraft-lb,rp,Claudin Cherelus,25751,LB,CAR,131.67,18.21,115,157,,claudin-cherelus.php,,,1.1,,,,,,5.0,Claudin Cherelus,2026-08-07,CAR
/nfl/rankings/lb-cheatsheets.php,redraft-lb,rp,Darius Muasau,26482,LB,NYG,148.33,27.78,123,187,,darius-muasau.php,,,1.3,,,,,,8.0,Darius Muasau,2026-08-07,NYG
/nfl/rankings/lb-cheatsheets.php,redraft-lb,rp,Nick Martin,27139,LB,SF,155.0,44.03,119,217,,nick-martin-lb.php,,,3.7,,,,,,8.0,Nick Martin,2026-08-07,SFO
/nfl/rankings/lb-cheatsheets.php,redraft-lb,rp,Tommy Eichenberg,26181,LB,LV,162.67,59.75,116,247,,tommy-eichenberg.php,,,1.0,,,,,,13.0,Tommy Eichenberg,2026-08-07,LVR
/nfl/rankings/lb-cheatsheets.php,redraft-lb,rp,Jaishawn Barham,28200,LB,DAL,166.67,73.25,64,230,,jaishawn-barham.php,,,7.7,,,,,,14.0,Jaishawn Barham,2026-08-07,DAL
/nfl/rankings/lb-cheatsheets.php,redraft-lb,rp,Drew Sanders,25240,LB,DEN,174.67,99.97,101,316,,drew-sanders.php,,,1.4,,,,,,10.0,Drew Sanders,2026-08-07,DEN
/nfl/rankings/lb-cheatsheets.php,redraft-lb,rp,Tavius Robinson,25478,DL,BAL,89.0,17.0,72,106,,tavius-robinson.php,,,2.7,,,,,,13.0,Tavius Robinson,2026-08-07,BAL
/nfl/rankings/lb-cheatsheets.php,redraft-lb,rp,Noah Sewell,24710,LB,CHI,180.0,74.38,122,285,,noah-sewell.php,,,1.5,,,,,,10.0,Noah Sewell,2026-08-07,CHI
/nfl/rankings/lb-cheatsheets.php,redraft-lb,rp,Marte Mapu,25528,LB,HOU,186.0,69.69,88,244,,marte-mapu.php,,,1.2,,,,,,8.0,Marte Mapu,2026-08-07,HOU
/nfl/rankings/lb-cheatsheets.php,redraft-lb,rp,Dennis Gardeck,17906,LB,JAC,107.0,3.0,104,110,,dennis-gardeck.php,,,1.2,,,,,,7.0,Dennis Gardeck,2026-08-07,JAC
/nfl/rankings/lb-cheatsheets.php,redraft-lb,rp,Jonathon Cooper,22821,DL,DEN,108.5,25.5,83,134,,jonathon-cooper.php,,,8.0,,,,,,10.0,Jonathon Cooper,2026-08-07,DEN
/nfl/rankings/lb-cheatsheets.php,redraft-lb,rp,Josh Uche,19257,DL,MIA,111.5,27.5,84,139,,josh-uche.php,,,4.3,,,,,,6.0,Josh Uche,2026-08-07,MIA
/nfl/rankings/lb-cheatsheets.php,redraft-lb,rp,Matt Milano,16510,LB,FA,115.0,4.0,111,119,,matt-milano.php,,,3.7,,,,,,,Matt Milano,2026-08-07,FA
/nfl/rankings/lb-cheatsheets.php,redraft-lb,rp,E.J. Speed,18693,LB,HOU,196.33,112.08,89,351,,ej-speed.php,,,1.8,,,,,,8.0,EJ Speed,2026-08-07,HOU
/nfl/rankings/lb-cheatsheets.php,redraft-lb,rp,Dre'Mont Jones,18212,DL,NE,117.5,28.5,89,146,,dremont-jones.php,,,4.7,,,,,,11.0,DreMont Jones,2026-08-07,NEP
/nfl/rankings/lb-cheatsheets.php,redraft-lb,rp,Lukas Van Ness,25291,DL,GB,117.5,26.5,91,144,,lukas-van-ness.php,,,5.3,,,,,,11.0,Lukas Van Ness,2026-08-07,GBP
/nfl/rankings/lb-cheatsheets.php,redraft-lb,rp,DeMarcus Lawrence,12217,DL,SEA,118.5,23.5,95,142,,demarcus-lawrence.php,,,19.2,,,,,,11.0,DeMarcus Lawrence,2026-08-07,SEA
/nfl/rankings/lb-cheatsheets.php,redraft-lb,rp,Arden Key,17279,DL,IND,120.5,27.5,93,148,,arden-key.php,,,2.1,,,,,,13.0,Arden Key,2026-08-07,IND
/nfl/rankings/lb-cheatsheets.php,redraft-lb,rp,Dante Booker,18894,LB,FA,129.5,24.5,105,154,,dante-booker.php,,,1.0,,,,,,,Dante Booker,2026-08-07,FA
/nfl/rankings/lb-cheatsheets.php,redraft-lb,rp,Mykel Williams,27013,DL,SF,130.5,27.5,103,158,,mykel-williams.php,,,4.6,,,,,,8.0,Mykel Williams,2026-08-07,SFO
/nfl/rankings/lb-cheatsheets.php,redraft-lb,rp,Uchenna Nwosu,17448,LB,SEA,134.0,21.0,113,155,,uchenna-nwosu.php,,,3.8,,,,,,11.0,Uchenna Nwosu,2026-08-07,SEA
/nfl/rankings/lb-cheatsheets.php,redraft-lb,rp,Rueben Bain Jr.,28772,DL,TB,137.5,22.5,115,160,,rueben-bain.php,,,37.2,,,,,,10.0,Rueben Bain,2026-08-07,TBB
/nfl/rankings/lb-cheatsheets.php,redraft-lb,rp,Zaven Collins,22698,LB,ARI,139.0,23.0,116,162,,zaven-collins.php,,,4.0,,,,,,14.0,Zaven Collins,2026-08-07,ARI
/nfl/rankings/lb-cheatsheets.php,redraft-lb,rp,Jalen McLeod,27531,DL,JAC,143.0,23.0,120,166,,jalen-mcleod.php,,,1.1,,,,,,7.0,Jalen McLeod,2026-08-07,JAC
/nfl/rankings/lb-cheatsheets.php,redraft-lb,rp,Damone Clark,23801,LB,DET,143.5,21.5,122,165,,damone-clark.php,,,2.0,,,,,,6.0,Damone Clark,2026-08-07,DET
/nfl/rankings/lb-cheatsheets.php,redraft-lb,rp,DJ Wonnum,19355,DL,DET,144.5,47.5,97,192,,dj-wonnum.php,,,4.4,,,,,,6.0,DJ Wonnum,2026-08-07,DET
/nfl/rankings/lb-cheatsheets.php,redraft-lb,rp,Dondrea Tillman,26979,DL,DEN,148.0,21.0,127,169,,dondrea-tillman.php,,,1.2,,,,,,10.0,Dondrea Tillman,2026-08-07,DEN
/nfl/rankings/lb-cheatsheets.php,redraft-lb,rp,Cooper McDonald,27890,LB,KC,148.5,19.5,129,168,,cooper-mcdonald.php,,,1.2,,,,,,5.0,Cooper McDonald,2026-08-07,KCC
/nfl/rankings/lb-cheatsheets.php,redraft-lb,rp,Austin Ajiake,25480,LB,IND,150.0,47.0,103,197,,austin-ajiake.php,,,1.9,,,,,,13.0,Austin Ajiake,2026-08-07,IND
/nfl/rankings/lb-cheatsheets.php,redraft-lb,rp,Shaka Heyward,25705,LB,CIN,152.0,1.0,151,153,,shaka-heyward.php,,,0.8,,,,,,6.0,Shaka Heyward,2026-08-07,CIN
/nfl/rankings/lb-cheatsheets.php,redraft-lb,rp,Owen Pappoe,25313,LB,ARI,152.5,18.5,134,171,,owen-pappoe.php,,,1.3,,,,,,14.0,Owen Pappoe,2026-08-07,ARI
/nfl/rankings/lb-cheatsheets.php,redraft-lb,rp,Jordan Magee,26461,LB,WAS,153.5,10.5,143,164,,jordan-magee.php,,,1.2,,,,,,7.0,Jordan Magee,2026-08-07,WAS
/nfl/rankings/lb-cheatsheets.php,redraft-lb,rp,Elijah Ponder,23405,DL,FA,157.0,20.0,137,177,,elijah-ponder.php,,,1.2,,,,,,,Elijah Ponder,2026-08-07,FA
/nfl/rankings/lb-cheatsheets.php,redraft-lb,rp,L.J. Collier,18518,LB,ARI,157.5,18.5,139,176,,lj-collier.php,,,9.1,,,,,,14.0,LJ Collier,2026-08-07,ARI
/nfl/rankings/lb-cheatsheets.php,redraft-lb,rp,Jonah Elliss,26157,LB,DEN,159.0,13.0,146,172,,jonah-elliss.php,,,1.3,,,,,,10.0,Jonah Elliss,2026-08-07,DEN
/nfl/rankings/lb-cheatsheets.php,redraft-lb,rp,Bam Martin-Scott,27701,LB,CAR,159.5,14.5,145,174,,bam-martin-scott.php,,,0.6,,,,,,5.0,Bam Martin-Scott,2026-08-07,CAR
/nfl/rankings/lb-cheatsheets.php,redraft-lb,rp,Kendal Daniels,28290,DB,ATL,161.0,12.0,149,173,,kendal-daniels.php,,,3.4,,,,,,11.0,Kendal Daniels,2026-08-07,ATL
/nfl/rankings/lb-cheatsheets.php,redraft-lb,rp,Nolan Smith Jr.,24711,DL,PHI,161.0,10.0,151,171,,nolan-smith.php,,,10.7,,,,,,10.0,Nolan Smith,2026-08-07,PHI
/nfl/rankings/lb-cheatsheets.php,redraft-lb,rp,Azeez Ojulari,22730,LB,ATL,161.5,13.5,148,175,,azeez-ojulari.php,,,0.8,,,,,,11.0,Azeez Ojulari,2026-08-07,ATL
/nfl/rankings/lb-cheatsheets.php,redraft-lb,rp,Garret Wallow,23206,LB,SF,162.0,27.0,135,189,,garret-wallow.php,,,0.9,,,,,,8.0,Garret Wallow,2026-08-07,SFO
/nfl/rankings/lb-cheatsheets.php,redraft-lb,rp,Keion White,25281,DL,SF,165.0,18.0,147,183,,keion-white.php,,,1.5,,,,,,8.0,Keion White,2026-08-07,SFO
/nfl/rankings/lb-cheatsheets.php,redraft-lb,rp,Namdi Obiazor,28484,LB,NE,167.0,17.0,150,184,,namdi-obiazor.php,,,1.4,,,,,,11.0,Namdi Obiazor,2026-08-07,NEP
/nfl/rankings/lb-cheatsheets.php,redraft-lb,rp,Oluwafemi Oladejo,27283,DL,TEN,169.0,12.0,157,181,,oluwafemi-oladejo.php,,,0.9,,,,,,9.0,Oluwafemi Oladejo,2026-08-07,TEN
/nfl/rankings/lb-cheatsheets.php,redraft-lb,rp,Arnold Ebiketie,23720,DL,PHI,169.5,9.5,160,179,,arnold-ebiketie.php,,,2.8,,,,,,10.0,Arnold Ebiketie,2026-08-07,PHI
/nfl/rankings/lb-cheatsheets.php,redraft-lb,rp,Jack Sawyer,26115,DL,PIT,171.0,10.0,161,181,,jack-sawyer.php,,,1.2,,,,,,9.0,Jack Sawyer,2026-08-07,PIT
/nfl/rankings/lb-cheatsheets.php,redraft-lb,rp,Ronnie Harrison Jr.,17319,DB,MIA,171.5,118.5,53,290,,ronnie-harrison.php,,,0.9,,,,,,6.0,Ronnie Harrison,2026-08-07,MIA
/nfl/rankings/lb-cheatsheets.php,redraft-lb,rp,Brenton Cox Jr.,22748,LB,GB,172.0,8.0,164,180,,brenton-cox.php,,,1.4,,,,,,11.0,Brenton Cox,2026-08-07,GBP
/nfl/rankings/lb-cheatsheets.php,redraft-lb,rp,BJ Ojulari,24691,DL,ARI,174.5,11.5,163,186,,bj-ojulari.php,,,1.0,,,,,,14.0,BJ Ojulari,2026-08-07,ARI
/nfl/rankings/lb-cheatsheets.php,redraft-lb,rp,Joe Andreessen,26949,LB,BUF,175.0,16.0,159,191,,joe-andreessen.php,,,1.3,,,,,,7.0,Joe Andreessen,2026-08-07,BUF
/nfl/rankings/lb-cheatsheets.php,redraft-lb,rp,Anthony Nelson,18644,DL,TB,176.0,14.0,162,190,,anthony-nelson.php,,,1.2,,,,,,10.0,Anthony Nelson,2026-08-07,TBB
/nfl/rankings/lb-cheatsheets.php,redraft-lb,rp,Bud Dupree,14063,LB,LAC,176.5,10.5,166,187,,bud-dupree.php,,,2.1,,,,,,7.0,Bud Dupree,2026-08-07,LAC
/nfl/rankings/lb-cheatsheets.php,redraft-lb,rp,David Ojabo,23701,DL,MIA,178.0,33.0,145,211,,david-ojabo.php,,,3.2,,,,,,6.0,David Ojabo,2026-08-07,MIA
/nfl/rankings/lb-cheatsheets.php,redraft-lb,rp,Dante Fowler Jr.,14020,DL,SEA,178.5,9.5,169,188,,dante-fowler.php,,,1.4,,,,,,11.0,Dante Fowler,2026-08-07,SEA
/nfl/rankings/lb-cheatsheets.php,redraft-lb,rp,Karene Reid,27582,LB,DEN,182.5,10.5,172,193,,karene-reid.php,,,0.8,,,,,,10.0,Karene Reid,2026-08-07,DEN
/nfl/rankings/lb-cheatsheets.php,redraft-lb,rp,Derick Hall,24697,DL,SEA,184.0,11.0,173,195,,derick-hall.php,,,3.2,,,,,,11.0,Derick Hall,2026-08-07,SEA
/nfl/rankings/lb-cheatsheets.php,redraft-lb,rp,Keyshaun Elliott,28433,LB,CHI,184.0,10.0,174,194,,keyshaun-elliott.php,,,1.5,,,,,,10.0,Keyshaun Elliott,2026-08-07,CHI
/nfl/rankings/lb-cheatsheets.php,redraft-lb,rp,Yasir Abdullah,25455,LB,JAC,184.5,17.5,167,202,,yasir-abdullah.php,,,1.2,,,,,,7.0,Yasir Abdullah,2026-08-07,JAC
/nfl/rankings/lb-cheatsheets.php,redraft-lb,rp,Jordan Turner,27923,LB,DEN,186.0,10.0,176,196,,jordan-turner.php,,,1.5,,,,,,10.0,Jordan Turner,2026-08-07,DEN
/nfl/rankings/lb-cheatsheets.php,redraft-lb,rp,Samson Ebukam,16734,LB,ATL,187.0,12.0,175,199,,samson-ebukam.php,,,4.4,,,,,,11.0,Samson Ebukam,2026-08-07,ATL
/nfl/rankings/lb-cheatsheets.php,redraft-lb,rp,Dorian Mausi,27715,LB,TEN,187.0,10.0,177,197,,dorian-mausi.php,,,0.8,,,,,,9.0,Dorian Mausi,2026-08-07,TEN
/nfl/rankings/lb-cheatsheets.php,redraft-lb,rp,Nick Herbig,25464,LB,PIT,191.0,7.0,184,198,,nick-herbig.php,,,13.8,,,,,,9.0,Nick Herbig,2026-08-07,PIT
/nfl/rankings/lb-cheatsheets.php,redraft-lb,rp,Jimmy Rolder,28355,LB,DET,191.5,9.5,182,201,,jimmy-rolder.php,,,2.8,,,,,,6.0,Jimmy Rolder,2026-08-07,DET
/nfl/rankings/lb-cheatsheets.php,redraft-lb,rp,Baron Browning,22724,LB,ARI,196.0,8.0,188,204,,baron-browning.php,,,1.4,,,,,,14.0,Baron Browning,2026-08-07,ARI
/nfl/rankings/lb-cheatsheets.php,redraft-lb,rp,Patrick O'Connell,25687,LB,SEA,198.0,8.0,190,206,,patrick-oconnell.php,,,1.0,,,,,,11.0,Patrick OConnell,2026-08-07,SEA
/nfl/rankings/lb-cheatsheets.php,redraft-lb,rp,Ty'Ron Hopper,26204,LB,GB,198.0,5.0,193,203,,tyron-hopper.php,,,0.9,,,,,,11.0,TyRon Hopper,2026-08-07,GBP
/nfl/rankings/lb-cheatsheets.php,redraft-lb,rp,Princely Umanmielen,26130,DL,CAR,198.5,12.5,186,211,,princely-umanmielen.php,,,1.4,,,,,,5.0,Princely Umanmielen,2026-08-07,CAR
/nfl/rankings/lb-cheatsheets.php,redraft-lb,rp,Jacob Martin,17629,LB,TEN,201.5,47.5,154,249,,jake-martin.php,,,3.3,,,,,,9.0,Jacob Martin,2026-08-07,TEN
/nfl/rankings/lb-cheatsheets.php,redraft-lb,rp,Trevor Nowaske,25793,LB,DET,202.0,10.0,192,212,,trevor-nowaske.php,,,1.5,,,,,,6.0,Trevor Nowaske,2026-08-07,DET
/nfl/rankings/lb-cheatsheets.php,redraft-lb,rp,Julian Okwara,19223,DL,CLE,203.0,42.0,161,245,,julian-okwara.php,,,1.1,,,,,,11.0,Julian Okwara,2026-08-07,CLE
/nfl/rankings/lb-cheatsheets.php,redraft-lb,rp,Mike Green,27042,LB,BAL,205.0,10.0,195,215,,mike-green-dt.php,,,5.7,,,,,,13.0,Mike Green,2026-08-07,BAL
/nfl/rankings/lb-cheatsheets.php,redraft-lb,rp,Akheem Mesidor,27078,DL,LAC,205.0,9.0,196,214,,akheem-mesidor.php,,,25.1,,,,,,7.0,Akheem Mesidor,2026-08-07,LAC
/nfl/rankings/lb-cheatsheets.php,redraft-lb,rp,Trey Moore,27208,DL,MIA,205.0,4.0,201,209,,trey-moore.php,,,1.3,,,,,,6.0,Trey Moore,2026-08-07,MIA
/nfl/rankings/lb-cheatsheets.php,redraft-lb,rp,Jaylen Harrell,26495,DL,TEN,205.5,47.5,158,253,,jaylen-harrell.php,,,1.9,,,,,,9.0,Jaylen Harrell,2026-08-07,TEN
/nfl/rankings/lb-cheatsheets.php,redraft-lb,rp,Jake Hummel,24804,LB,HOU,206.0,17.0,189,223,,jake-hummel.php,,,2.2,,,,,,8.0,Jacob Hummel,2026-08-07,HOU
/nfl/rankings/lb-cheatsheets.php,redraft-lb,rp,Smael Mondon Jr.,26114,LB,PHI,207.0,22.0,185,229,,smael-mondon-jr.php,,,0.9,,,,,,10.0,Smael Mondon,2026-08-07,PHI
/nfl/rankings/lb-cheatsheets.php,redraft-lb,rp,Kam Arnold,27893,LB,KC,208.0,8.0,200,216,,kam-arnold.php,,,1.2,,,,,,5.0,Kam Arnold,2026-08-07,KCC
/nfl/rankings/lb-cheatsheets.php,redraft-lb,rp,Winston Reid,26680,LB,CLE,211.0,20.0,191,231,,winston-reid.php,,,0.8,,,,,,11.0,Winston Reid,2026-08-07,CLE
/nfl/rankings/lb-cheatsheets.php,redraft-lb,rp,Patrick Jones II,23254,DL,CAR,211.0,8.0,203,219,,patrick-jones-de.php,,,1.8,,,,,,5.0,Patrick Jones,2026-08-07,CAR
/nfl/rankings/lb-cheatsheets.php,redraft-lb,rp,Zion Young,28091,DL,BAL,211.0,7.0,204,218,,zion-young.php,,,2.0,,,,,,13.0,Zion Young,2026-08-07,BAL
/nfl/rankings/lb-cheatsheets.php,redraft-lb,rp,James Williams Sr.,26308,DB,TEN,212.5,47.5,165,260,,james-williams-s.php,,,1.1,,,,,,9.0,James Williams,2026-08-07,TEN
/nfl/rankings/lb-cheatsheets.php,redraft-lb,rp,Josaiah Stewart,27034,DL,LAR,213.5,5.5,208,219,,josaiah-stewart.php,,,1.0,,,,,,11.0,Josaiah Stewart,2026-08-07,LAR
/nfl/rankings/lb-cheatsheets.php,redraft-lb,rp,Grant Stuard,23316,LB,LAR,214.0,4.0,210,218,,grant-stuard.php,,,0.9,,,,,,11.0,Grant Stuard,2026-08-07,LAR
/nfl/rankings/lb-cheatsheets.php,redraft-lb,rp,Cole Christiansen,19733,LB,KC,215.5,5.5,210,221,,cole-christiansen.php,,,0.8,,,,,,5.0,Cole Christiansen,2026-08-07,KCC
/nfl/rankings/lb-cheatsheets.php,redraft-lb,rp,Al-Quadin Muhammad,16715,DL,TB,216.5,72.5,144,289,,al-quadin-muhammad.php,,,1.9,,,,,,10.0,Al-Quadin Muhammad,2026-08-07,TBB
/nfl/rankings/lb-cheatsheets.php,redraft-lb,rp,Jaden Dugger,28473,LB,SF,216.5,18.5,198,235,,jaden-dugger.php,,,1.9,,,,,,8.0,Jaden Dugger,2026-08-07,SFO
/nfl/rankings/lb-cheatsheets.php,redraft-lb,rp,Gabe Jacas,27959,LB,NE,216.5,11.5,205,228,,gabe-jacas.php,,,3.3,,,,,,11.0,Gabe Jacas,2026-08-07,NEP
/nfl/rankings/lb-cheatsheets.php,redraft-lb,rp,Mike Morris,25454,LB,SEA,218.0,4.0,214,222,,mike-morris.php,,,1.1,,,,,,11.0,Mike Morris,2026-08-07,SEA
/nfl/rankings/lb-cheatsheets.php,redraft-lb,rp,Michael Hoecht,20024,DL,BUF,219.5,7.5,212,227,,michael-hoecht.php,,,1.3,,,,,,7.0,Michael Hoecht,2026-08-07,BUF
/nfl/rankings/lb-cheatsheets.php,redraft-lb,rp,Cameron Goode,23964,LB,MIA,224.5,24.5,200,249,,cameron-goode.php,,,0.9,,,,,,6.0,Cameron Goode,2026-08-07,MIA
/nfl/rankings/lb-cheatsheets.php,redraft-lb,rp,Marcelino McCrary-Ball,24642,LB,NYJ,225.0,1.0,224,226,,marcelino-mccrary-ball.php,,,1.4,,,,,,13.0,Marcelino McCrary-Ball,2026-08-07,NYJ
/nfl/rankings/lb-cheatsheets.php,redraft-lb,rp,Durell Nchami,25276,DL,IND,226.5,6.5,220,233,,durell-nchami.php,,,3.2,,,,,,13.0,Durell Nchami,2026-08-07,IND
/nfl/rankings/lb-cheatsheets.php,redraft-lb,rp,Cody Lindenberg,27231,LB,LV,227.5,4.5,223,232,,cody-lindenberg.php,,,1.5,,,,,,13.0,Cody Lindenberg,2026-08-07,LVR
/nfl/rankings/lb-cheatsheets.php,redraft-lb,rp,D.J. Johnson,25290,LB,WAS,230.0,31.0,199,261,,dj-johnson-edge.php,,,1.1,,,,,,7.0,DJ Johnson,2026-08-07,WAS
/nfl/rankings/lb-cheatsheets.php,redraft-lb,rp,Romello Height,28052,DL,SF,231.5,26.5,205,258,,romello-height.php,,,6.3,,,,,,8.0,Romello Height,2026-08-07,SFO
/nfl/rankings/lb-cheatsheets.php,redraft-lb,rp,Chris Braswell,26193,DL,TB,233.5,55.5,178,289,,chris-braswell.php,,,0.8,,,,,,10.0,Chris Braswell,2026-08-07,TBB
/nfl/rankings/lb-cheatsheets.php,redraft-lb,rp,Kingsley Enagbare,23487,DL,NYJ,234.5,1.5,233,236,,kingsley-enagbare.php,,,1.5,,,,,,13.0,Kingsley Enagbare,2026-08-07,NYJ
/nfl/rankings/lb-cheatsheets.php,redraft-lb,rp,Jaylon Carlies,26465,LB,IND,235.5,4.5,231,240,,jaylon-carlies.php,,,3.7,,,,,,13.0,Jaylon Carlies,2026-08-07,IND
/nfl/rankings/lb-cheatsheets.php,redraft-lb,rp,Swayze Bozeman,26817,LB,CIN,236.0,1.0,235,237,,swayze-bozeman.php,,,1.0,,,,,,6.0,Swayze Bozeman,2026-08-07,CIN
/nfl/rankings/lb-cheatsheets.php,redraft-lb,rp,Kayvon Thibodeaux,23484,DL,NYG,236.5,2.5,234,239,,kayvon-thibodeaux.php,,,19.0,,,,,,8.0,Kayvon Thibodeaux,2026-08-07,NYG
/nfl/rankings/lb-cheatsheets.php,redraft-lb,rp,Liam Anderson,25732,LB,CIN,237.0,13.0,224,250,,liam-anderson.php,,,1.5,,,,,,6.0,Liam Anderson,2026-08-07,CIN
/nfl/rankings/lb-cheatsheets.php,redraft-lb,rp,Daniel Hardy,24580,LB,CHI,238.5,2.5,236,241,,daniel-hardy-lb.php,,,0.9,,,,,,10.0,Daniel Hardy,2026-08-07,CHI
/nfl/rankings/lb-cheatsheets.php,redraft-lb,rp,Bo Richter,26563,DL,MIN,240.0,2.0,238,242,,bo-richter.php,,,0.8,,,,,,6.0,Bo Richter,2026-08-07,MIN
/nfl/rankings/lb-cheatsheets.php,redraft-lb,rp,T.J. Maguranyanga,27491,DL,WAS,242.5,14.5,228,257,,tj-maguranyanga.php,,,8.4,,,,,,7.0,TJ Maguranyanga,2026-08-07,WAS
/nfl/rankings/lb-cheatsheets.php,redraft-lb,rp,Ruben Hyppolite II,27518,LB,CHI,243.0,3.0,240,246,,ruben-hyppolite.php,,,0.9,,,,,,10.0,Ruben Hyppolite,2026-08-07,CHI
/nfl/rankings/lb-cheatsheets.php,redraft-lb,rp,Isaiah Stalbird,26542,LB,NO,243.0,2.0,241,245,,isaiah-stalbird.php,,,1.0,,,,,,8.0,Isaiah Stalbird,2026-08-07,NOS
/nfl/rankings/lb-cheatsheets.php,redraft-lb,rp,Anfernee Jennings,19288,LB,NO,243.0,0.0,243,243,,anfernee-jennings.php,,,1.7,,,,,,8.0,Anfernee Jennings,2026-08-07,NOS
/nfl/rankings/lb-cheatsheets.php,redraft-lb,rp,Joshua Josephs,27984,LB,WAS,243.5,22.5,221,266,,joshua-josephs.php,,,12.9,,,,,,7.0,Joshua Josephs,2026-08-07,WAS
/nfl/rankings/lb-cheatsheets.php,redraft-lb,rp,Nathaniel Watson,26479,LB,CLE,244.5,37.5,207,282,,nathaniel-watson.php,,,1.5,,,,,,11.0,Nathaniel Watson,2026-08-07,CLE
/nfl/rankings/lb-cheatsheets.php,redraft-lb,rp,Malachi Lawrence,28203,DL,DAL,244.5,5.5,239,250,,malachi-lawrence.php,,,13.0,,,,,,14.0,Malachi Lawrence,2026-08-07,DAL
/nfl/rankings/lb-cheatsheets.php,redraft-lb,rp,Nick Jackson,23960,LB,TB,245.5,38.5,207,284,,nick-jackson.php,,,1.9,,,,,,10.0,Nick Jackson,2026-08-07,TBB
/nfl/rankings/lb-cheatsheets.php,redraft-lb,rp,Jake Hansen,24004,LB,HOU,245.5,8.5,237,254,,jake-hansen.php,,,1.4,,,,,,8.0,Jake Hansen,2026-08-07,HOU
/nfl/rankings/lb-cheatsheets.php,redraft-lb,rp,Joe Giles-Harris,18765,LB,CIN,246.0,21.0,225,267,,joe-giles-harris.php,,,1.2,,,,,,6.0,Joe Giles-Harris,2026-08-07,CIN
/nfl/rankings/lb-cheatsheets.php,redraft-lb,rp,Ali Gaye,23849,DL,HOU,248.5,2.5,246,251,,ali-gaye.php,,,1.1,,,,,,8.0,Ali Gaye,2026-08-07,HOU
/nfl/rankings/lb-cheatsheets.php,redraft-lb,rp,Zayne Anderson,23429,LB,MIA,249.5,15.5,234,265,,zayne-anderson.php,,,2.6,,,,,,6.0,Zayne Anderson,2026-08-07,MIA
/nfl/rankings/lb-cheatsheets.php,redraft-lb,rp,Cedric Johnson,26174,LB,CIN,253.0,2.0,251,255,,cedric-johnson.php,,,0.8,,,,,,6.0,Cedric Johnson,2026-08-07,CIN
/nfl/rankings/lb-cheatsheets.php,redraft-lb,rp,Eric Watts,26361,LB,FA,253.5,1.5,252,255,,eric-watts.php,,,1.0,,,,,,,Eric Watts,2026-08-07,FA
/nfl/rankings/lb-cheatsheets.php,redraft-lb,rp,Jordan Burch,26145,DL,ARI,254.0,74.0,180,328,,jordan-burch.php,,,1.2,,,,,,14.0,Jordan Burch,2026-08-07,ARI
/nfl/rankings/lb-cheatsheets.php,redraft-lb,rp,Khalid Kareem,19326,DL,NYG,254.5,52.5,202,307,,khalid-kareem.php,,,1.9,,,,,,8.0,Khalid Kareem,2026-08-07,NYG
/nfl/rankings/lb-cheatsheets.php,redraft-lb,rp,James Houston,24564,LB,DAL,255.5,85.5,170,341,,james-houston.php,,,2.6,,,,,,14.0,James Houston,2026-08-07,DAL
/nfl/rankings/lb-cheatsheets.php,redraft-lb,rp,Edefuan Ulofoshio,26332,LB,CLE,256.0,8.0,248,264,,edefuan-ulofoshio.php,,,0.8,,,,,,11.0,Edefuan Ulofoshio,2026-08-07,CLE
/nfl/rankings/lb-cheatsheets.php,redraft-lb,rp,Keyron Crawford,28226,DL,LV,256.0,3.0,253,259,,keyron-crawford.php,,,6.0,,,,,,13.0,Keyron Crawford,2026-08-07,LVR
/nfl/rankings/lb-cheatsheets.php,redraft-lb,rp,Jack Kelly,27113,LB,NYG,256.5,47.5,209,304,,jack-kelly.php,,,1.4,,,,,,8.0,Jack Kelly,2026-08-07,NYG
/nfl/rankings/lb-cheatsheets.php,redraft-lb,rp,Sam Kamara,23282,DL,CLE,258.0,4.0,254,262,,sam-kamara.php,,,2.4,,,,,,11.0,Sam Kamara,2026-08-07,CLE
/nfl/rankings/lb-cheatsheets.php,redraft-lb,rp,Myles Cole,26369,LB,NO,259.5,3.5,256,263,,myles-cole.php,,,1.2,,,,,,8.0,Myles Cole,2026-08-07,NOS
/nfl/rankings/lb-cheatsheets.php,redraft-lb,rp,Jahlani Tavai,18373,LB,JAC,261.0,91.0,170,352,,jahlani-tavai.php,,,0.7,,,,,,7.0,Jahlani Tavai,2026-08-07,JAC
/nfl/rankings/lb-cheatsheets.php,redraft-lb,rp,Austin Keys,27720,LB,ARI,262.5,2.5,260,265,,austin-keys.php,,,0.6,,,,,,14.0,Austin Keys,2026-08-07,ARI
/nfl/rankings/lb-cheatsheets.php,redraft-lb,rp,Del'Shawn Phillips,18858,LB,LAC,263.5,4.5,259,268,,delshawn-phillips.php,,,1.5,,,,,,7.0,DelShawn Phillips,2026-08-07,LAC
/nfl/rankings/lb-cheatsheets.php,redraft-lb,rp,Cameron Thomas,23737,DL,ATL,266.0,8.0,258,274,,cameron-thomas.php,,,1.4,,,,,,11.0,Cameron Thomas,2026-08-07,ATL
/nfl/rankings/lb-cheatsheets.php,redraft-lb,rp,JD Bertrand,26357,LB,ATL,266.0,3.0,263,269,,jd-bertrand.php,,,1.6,,,,,,11.0,JD Bertrand,2026-08-07,ATL
/nfl/rankings/lb-cheatsheets.php,redraft-lb,rp,Tyreke Smith,23762,DL,KC,266.5,4.5,262,271,,tyreke-smith.php,,,2.6,,,,,,5.0,Tyreke Smith,2026-08-07,KCC
/nfl/rankings/lb-cheatsheets.php,redraft-lb,rp,Jack Cochrane,24776,LB,KC,267.0,3.0,264,270,,jack-cochrane.php,,,1.6,,,,,,5.0,Jack Cochrane,2026-08-07,KCC
/nfl/rankings/lb-cheatsheets.php,redraft-lb,rp,Marist Liufau,26312,LB,DAL,269.0,21.0,248,290,,marist-liufau.php,,,1.5,,,,,,14.0,Marist Liufau,2026-08-07,DAL
/nfl/rankings/lb-cheatsheets.php,redraft-lb,rp,Caleb Murphy,25590,DL,NYG,270.0,45.0,225,315,,caleb-murphy.php,,,1.5,,,,,,8.0,Caleb Murphy,2026-08-07,NYG
/nfl/rankings/lb-cheatsheets.php,redraft-lb,rp,Jaylan Ford,26153,LB,NO,270.0,2.0,268,272,,jaylan-ford.php,,,0.8,,,,,,8.0,Jaylan Ford,2026-08-07,NOS
/nfl/rankings/lb-cheatsheets.php,redraft-lb,rp,Demetrius Flannigan-Fowles,18880,LB,BUF,271.0,5.0,266,276,,demetrius-flannigan-fowles.php,,,1.1,,,,,,7.0,Demetrius Flannigan-Fowles,2026-08-07,BUF
/nfl/rankings/lb-cheatsheets.php,redraft-lb,rp,Zaire Barnes,25548,LB,NYG,271.0,4.0,267,275,,zaire-barnes.php,,,0.9,,,,,,8.0,Zaire Barnes,2026-08-07,NYG
/nfl/rankings/lb-cheatsheets.php,redraft-lb,rp,Segun Olubi,24644,LB,LV,271.5,1.5,270,273,,segun-olubi.php,,,0.8,,,,,,13.0,Segun Olubi,2026-08-07,LVR
/nfl/rankings/lb-cheatsheets.php,redraft-lb,rp,Mykal Walker,19566,LB,NYJ,273.0,4.0,269,277,,mykal-walker.php,,,1.0,,,,,,13.0,Mykal Walker,2026-08-07,NYJ
/nfl/rankings/lb-cheatsheets.php,redraft-lb,rp,Chad Muma,23738,LB,NE,274.5,3.5,271,278,,chad-muma.php,,,1.5,,,,,,11.0,Chad Muma,2026-08-07,NEP
/nfl/rankings/lb-cheatsheets.php,redraft-lb,rp,Wade Woodaz,28323,LB,HOU,275.5,60.5,215,336,,wade-woodaz.php,,,1.5,,,,,,8.0,Wade Woodaz,2026-08-07,HOU
/nfl/rankings/lb-cheatsheets.php,redraft-lb,rp,DeAngelo Malone,23876,DL,ATL,276.0,4.0,272,280,,deangelo-malone.php,,,2.5,,,,,,11.0,DeAngelo Malone,2026-08-07,ATL
/nfl/rankings/lb-cheatsheets.php,redraft-lb,rp,Marlowe Wax,27630,LB,LAC,276.0,3.0,273,279,,marlowe-wax.php,,,0.6,,,,,,7.0,Marlowe Wax,2026-08-07,LAC
/nfl/rankings/lb-cheatsheets.php,redraft-lb,rp,Jamal Hill,26480,LB,HOU,277.0,30.0,247,307,,jamal-hill.php,,,1.9,,,,,,8.0,Jamal Hill,2026-08-07,HOU
/nfl/rankings/lb-cheatsheets.php,redraft-lb,rp,Andre Jones Jr.,25594,DL,BUF,277.5,60.5,217,338,,andre-jones.php,,,3.6,,,,,,7.0,Andre Jones,2026-08-07,BUF
/nfl/rankings/lb-cheatsheets.php,redraft-lb,rp,Chazz Surratt,22717,LB,SEA,279.5,1.5,278,281,,chazz-surratt.php,,,0.8,,,,,,11.0,Chazz Surratt,2026-08-07,SEA
/nfl/rankings/lb-cheatsheets.php,redraft-lb,rp,Sam Williams,23746,DL,DAL,280.0,50.0,230,330,,sam-williams-dt.php,,,2.0,,,,,,14.0,Sam Williams,2026-08-07,DAL
/nfl/rankings/lb-cheatsheets.php,redraft-lb,rp,Justin Barron,27642,LB,DAL,280.0,5.0,275,285,,justin-barron.php,,,1.3,,,,,,14.0,Justin Barron,2026-08-07,DAL
/nfl/rankings/lb-cheatsheets.php,redraft-lb,rp,Carl Jones Jr.,26643,DL,BAL,280.0,3.0,277,283,,carl-jones-jr.php,,,1.9,,,,,,13.0,Carl Jones,2026-08-07,BAL
/nfl/rankings/lb-cheatsheets.php,redraft-lb,rp,Aiden Fisher,28243,LB,HOU,281.0,5.0,276,286,,aiden-fisher.php,,,1.2,,,,,,8.0,Aiden Fisher,2026-08-07,HOU
/nfl/rankings/lb-cheatsheets.php,redraft-lb,rp,Wesley Bailey,28668,DL,LAR,281.5,61.5,220,343,,wesley-bailey.php,,,1.6,,,,,,11.0,Wesley Bailey,2026-08-07,LAR
/nfl/rankings/lb-cheatsheets.php,redraft-lb,rp,Jon Rhattigan,23406,LB,CHI,281.5,2.5,279,284,,jon-rhattigan.php,,,2.5,,,,,,10.0,Jon Rhattigan,2026-08-07,CHI
/nfl/rankings/lb-cheatsheets.php,redraft-lb,rp,Justin Houston,9873,DL,FA,283.0,70.0,213,353,,justin-houston.php,,,1.5,,,,,,,Justin Houston,2026-08-07,FA
/nfl/rankings/lb-cheatsheets.php,redraft-lb,rp,Erick Hunter,28635,LB,DET,283.5,3.5,280,287,,erick-hunter.php,,,2.2,,,,,,6.0,Erick Hunter,2026-08-07,DET
/nfl/rankings/lb-cheatsheets.php,redraft-lb,rp,Nick Niemann,23271,LB,GB,284.5,3.5,281,288,,nick-niemann.php,,,1.5,,,,,,11.0,Nick Niemann,2026-08-07,GBP
/nfl/rankings/lb-cheatsheets.php,redraft-lb,rp,TJ Parker,27948,LB,BUF,285.5,47.5,238,333,,tj-parker.php,,,3.2,,,,,,7.0,TJ Parker,2026-08-07,BUF
/nfl/rankings/lb-cheatsheets.php,redraft-lb,rp,Javon Solomon,26166,LB,BUF,287.0,4.0,283,291,,javon-solomon.php,,,0.8,,,,,,7.0,Javon Solomon,2026-08-07,BUF
/nfl/rankings/lb-cheatsheets.php,redraft-lb,rp,Otis Reese,25886,LB,BUF,288.0,6.0,282,294,,otis-reese-iv.php,,,0.6,,,,,,7.0,Otis Reese,2026-08-07,BUF
/nfl/rankings/lb-cheatsheets.php,redraft-lb,rp,Levelle Bailey,26705,LB,DEN,289.5,2.5,287,292,,levelle-bailey.php,,,1.9,,,,,,10.0,Levelle Bailey,2026-08-07,DEN
/nfl/rankings/lb-cheatsheets.php,redraft-lb,rp,Jalen Graham,25577,DB,SF,291.0,30.0,261,321,,jalen-graham.php,,,1.5,,,,,,8.0,Jalen Graham,2026-08-07,SFO
/nfl/rankings/lb-cheatsheets.php,redraft-lb,rp,Ale Kaho,27892,LB,WAS,291.5,62.5,229,354,,ale-kaho.php,,,1.9,,,,,,7.0,Ale Kaho,2026-08-07,WAS
/nfl/rankings/lb-cheatsheets.php,redraft-lb,rp,Mike Danna,19550,DL,BUF,293.5,37.5,256,331,,mike-danna.php,,,1.2,,,,,,7.0,Michael Danna,2026-08-07,BUF
/nfl/rankings/lb-cheatsheets.php,redraft-lb,rp,Cameron McGrone,22741,LB,LV,294.5,50.5,244,345,,cameron-mcgrone.php,,,0.8,,,,,,13.0,Cameron McGrone,2026-08-07,LVR
/nfl/rankings/lb-cheatsheets.php,redraft-lb,rp,Karson Sharar,28498,LB,ARI,294.5,2.5,292,297,,karson-sharar.php,,,1.3,,,,,,14.0,Karson Sharar,2026-08-07,ARI
/nfl/rankings/lb-cheatsheets.php,redraft-lb,rp,Isaiah Simmons,19200,LB,CAR,296.0,3.0,293,299,,isaiah-simmons.php,,,1.6,,,,,,5.0,Isaiah Simmons,2026-08-07,CAR
/nfl/rankings/lb-cheatsheets.php,redraft-lb,rp,Kristian Welch,19878,LB,GB,296.0,0.0,296,296,,kristian-welch.php,,,1.2,,,,,,11.0,Kristian Welch,2026-08-07,GBP
/nfl/rankings/lb-cheatsheets.php,redraft-lb,rp,Channing Tindall,23769,LB,ATL,296.5,22.5,274,319,,channing-tindall.php,,,1.9,,,,,,11.0,Channing Tindall,2026-08-07,ATL
/nfl/rankings/lb-cheatsheets.php,redraft-lb,rp,Curtis Robinson,23447,LB,DAL,296.5,1.5,295,298,,curtis-robinson.php,,,1.6,,,,,,14.0,Curtis Robinson,2026-08-07,DAL
/nfl/rankings/lb-cheatsheets.php,redraft-lb,rp,Carson Bruener,27546,LB,PIT,299.0,1.0,298,300,,carson-bruener.php,,,1.1,,,,,,9.0,Carson Bruener,2026-08-07,PIT
/nfl/rankings/lb-cheatsheets.php,redraft-lb,rp,Keonta Jenkins,27569,LB,BUF,299.5,5.5,294,305,,keonta-jenkins.php,,,0.8,,,,,,7.0,Keonta Jenkins,2026-08-07,BUF
/nfl/rankings/lb-cheatsheets.php,redraft-lb,rp,Nick Hampton,25270,LB,CAR,299.5,2.5,297,302,,nick-hampton.php,,,1.0,,,,,,5.0,Nick Hampton,2026-08-07,CAR
/nfl/rankings/lb-cheatsheets.php,redraft-lb,rp,Josh Ross,23758,LB,MIN,300.5,0.5,300,301,,josh-ross.php,,,1.2,,,,,,6.0,Josh Ross,2026-08-07,MIN
/nfl/rankings/lb-cheatsheets.php,redraft-lb,rp,Easton Mascarenas-Arnold,27877,LB,CLE,304.0,5.0,299,309,,easton-mascarenas-arnold.php,,,0.9,,,,,,11.0,Easton Mascarenas-Arnold,2026-08-07,CLE
/nfl/rankings/lb-cheatsheets.php,redraft-lb,rp,Jacob Roberts,26669,LB,MIN,306.0,2.0,304,308,,jacob-roberts.php,,,1.0,,,,,,6.0,Jacob Roberts,2026-08-07,MIN
/nfl/rankings/lb-cheatsheets.php,redraft-lb,rp,Chaz Chambliss,27656,DL,MIN,306.0,0.0,306,306,,chaz-chambliss.php,,,1.0,,,,,,6.0,Chaz Chambliss,2026-08-07,MIN
/nfl/rankings/lb-cheatsheets.php,redraft-lb,rp,Luke Gifford,18943,LB,SF,307.0,6.0,301,313,,luke-gifford.php,,,1.1,,,,,,8.0,Luke Gifford,2026-08-07,SFO
/nfl/rankings/lb-cheatsheets.php,redraft-lb,rp,Kain Medrano,27533,LB,WAS,309.0,23.0,286,332,,kain-medrano.php,,,0.9,,,,,,7.0,Kain Medrano,2026-08-07,WAS
/nfl/rankings/lb-cheatsheets.php,redraft-lb,rp,Fadil Diggs,27296,DL,NO,309.0,1.0,308,310,,fadil-diggs.php,,,1.6,,,,,,8.0,Fadil Diggs,2026-08-07,NOS
/nfl/rankings/lb-cheatsheets.php,redraft-lb,rp,Thomas Incoom,25878,LB,CAR,311.0,1.0,310,312,,thomas-incoom.php,,,0.6,,,,,,5.0,Thomas Incoom,2026-08-07,CAR
/nfl/rankings/lb-cheatsheets.php,redraft-lb,rp,Kyle Kennard,27130,LB,LAC,311.0,0.0,311,311,,kyle-kennard.php,,,4.1,,,,,,7.0,Kyle Kennard,2026-08-07,LAC
/nfl/rankings/lb-cheatsheets.php,redraft-lb,rp,Bralen Trice,25241,DL,ATL,315.0,2.0,313,317,,bralen-trice.php,,,1.2,,,,,,11.0,Bralen Trice,2026-08-07,ATL
/nfl/rankings/lb-cheatsheets.php,redraft-lb,rp,Trevis Gipson,19310,DL,CAR,315.0,1.0,314,316,,trevis-gipson.php,,,1.2,,,,,,5.0,Trevis Gipson,2026-08-07,CAR
/nfl/rankings/lb-cheatsheets.php,redraft-lb,rp,Tyler Batty,27212,DL,MIN,315.5,1.5,314,317,,tyler-batty.php,,,0.7,,,,,,6.0,Tyler Batty,2026-08-07,MIN
/nfl/rankings/lb-cheatsheets.php,redraft-lb,rp,Joe Bachie,19331,LB,DET,317.5,2.5,315,320,,joe-bachie.php,,,1.0,,,,,,6.0,Joe Bachie,2026-08-07,DET
/nfl/rankings/lb-cheatsheets.php,redraft-lb,rp,Jared Bartlett,27861,LB,FA,319.5,26.5,293,346,,jared-bartlett.php,,,1.0,,,,,,,Jared Bartlett,2026-08-07,FA
/nfl/rankings/lb-cheatsheets.php,redraft-lb,rp,David Walker,27091,LB,TB,319.5,16.5,303,336,,david-walker.php,,,1.5,,,,,,10.0,David Walker,2026-08-07,TBB
/nfl/rankings/lb-cheatsheets.php,redraft-lb,rp,Eku Leota,25781,LB,ARI,320.0,2.0,318,322,,eku-leota.php,,,1.5,,,,,,14.0,Eku Leota,2026-08-07,ARI
/nfl/rankings/lb-cheatsheets.php,redraft-lb,rp,Kaimon Rucker,27926,LB,BAL,320.0,1.0,319,321,,kaimon-rucker.php,,,2.1,,,,,,13.0,Kaimon Rucker,2026-08-07,BAL
/nfl/rankings/lb-cheatsheets.php,redraft-lb,rp,Maema Njongmeta,26649,LB,CAR,321.0,26.0,295,347,,maema-njongmeta.php,,,1.2,,,,,,5.0,Maema Njongmeta,2026-08-07,CAR
/nfl/rankings/lb-cheatsheets.php,redraft-lb,rp,Tyler Baron,27154,DL,NYJ,321.0,3.0,318,324,,tyler-baron.php,,,0.8,,,,,,13.0,Tyler Baron,2026-08-07,NYJ
/nfl/rankings/lb-cheatsheets.php,redraft-lb,rp,Connor O'Toole,27785,DL,SEA,323.5,3.5,320,327,,connor-otoole.php,,,0.7,,,,,,11.0,Connor OToole,2026-08-07,SEA
/nfl/rankings/lb-cheatsheets.php,redraft-lb,rp,Brennan Jackson,26327,LB,LV,324.0,1.0,323,325,,brennan-jackson.php,,,1.5,,,,,,13.0,Brennan Jackson,2026-08-07,LVR
/nfl/rankings/lb-cheatsheets.php,redraft-lb,rp,Bradyn Swinson,27086,DL,NE,324.5,1.5,323,326,,bradyn-swinson.php,,,0.8,,,,,,11.0,Bradyn Swinson,2026-08-07,NEP
/nfl/rankings/lb-cheatsheets.php,redraft-lb,rp,Adisa Isaac,26154,LB,BAL,324.5,0.5,324,325,,adisa-isaac.php,,,1.1,,,,,,13.0,Adisa Isaac,2026-08-07,BAL
/nfl/rankings/lb-cheatsheets.php,redraft-lb,rp,Branson Combs,27685,LB,JAC,325.5,16.5,309,342,,branson-combs.php,,,1.1,,,,,,7.0,Branson Combs,2026-08-07,JAC
/nfl/rankings/lb-cheatsheets.php,redraft-lb,rp,Jared Ivey,27119,DL,SEA,325.5,3.5,322,329,,jared-ivey.php,,,5.7,,,,,,11.0,Jared Ivey,2026-08-07,SEA
/nfl/rankings/lb-cheatsheets.php,redraft-lb,rp,Que Robinson,27519,LB,DEN,328.5,1.5,327,330,,quandarrius-robinson.php,,,1.3,,,,,,10.0,Que Robinson,2026-08-07,DEN
/nfl/rankings/lb-cheatsheets.php,redraft-lb,rp,Braiden McGregor,26339,LB,NYJ,328.5,0.5,328,329,,braiden-mcgregor.php,,,1.0,,,,,,13.0,Braiden McGregor,2026-08-07,NYJ
/nfl/rankings/lb-cheatsheets.php,redraft-lb,rp,Nephi Sewell,23923,LB,CHI,332.5,0.5,332,333,,nephi-sewell.php,,,1.9,,,,,,10.0,Nephi Sewell,2026-08-07,CHI
/nfl/rankings/lb-cheatsheets.php,redraft-lb,rp,Dani Dennis-Sutton,28180,DL,GB,334.5,0.5,334,335,,dani-dennissutton.php,,,2.6,,,,,,11.0,Dani Dennis-Sutton,2026-08-07,GBP
/nfl/rankings/lb-cheatsheets.php,redraft-lb,rp,Quintayvious Hutchins,28505,DL,NE,335.5,1.5,334,337,,quintayvious-hutchins.php,,,4.4,,,,,,11.0,Quintayvious Hutchins,2026-08-07,NEP
/nfl/rankings/lb-cheatsheets.php,redraft-lb,rp,Collin Oliver,27064,LB,GB,336.0,1.0,335,337,,collin-oliver.php,,,0.8,,,,,,11.0,Collin Oliver,2026-08-07,GBP
/nfl/rankings/lb-cheatsheets.php,redraft-lb,rp,Mani Powell,28746,LB,TEN,337.5,6.5,331,344,,mani-powell.php,,,3.0,,,,,,9.0,Mani Powell,2026-08-07,TEN
/nfl/rankings/lb-cheatsheets.php,redraft-lb,rp,Keyshawn James-Newby,28490,DL,PHI,338.5,0.5,338,339,,keyshawn-james-newby.php,,,3.0,,,,,,10.0,Keyshawn James-Newby,2026-08-07,PHI
/nfl/rankings/lb-cheatsheets.php,redraft-lb,rp,Nate Evans,19702,LB,FA,340.0,1.0,339,341,,nate-evans.php,,,1.0,,,,,,,Nate Evans,2026-08-07,FA
/nfl/rankings/lb-cheatsheets.php,redraft-lb,rp,Sam Franklin Jr.,19957,LB,BUF,341.0,1.0,340,342,,sam-franklin-jr.php,,,0.8,,,,,,7.0,Sam Franklin,2026-08-07,BUF
/nfl/rankings/lb-cheatsheets.php,redraft-lb,rp,Caden Curry,28187,LB,IND,349.0,6.0,343,355,,caden-curry.php,,,13.0,,,,,,13.0,Caden Curry,2026-08-07,IND
/nfl/rankings/lb-cheatsheets.php,redraft-lb,rp,Dominique Hampton,26464,DB,TEN,350.0,6.0,344,356,,dominique-hampton.php,,,5.8,,,,,,9.0,Dominique Hampton,2026-08-07,TEN
/nfl/rankings/lb-cheatsheets.php,redraft-lb,rp,Keir Thomas II,24807,DL,LAR,351.5,5.5,346,357,,keir-thomas.php,,,1.6,,,,,,11.0,Keir Thomas,2026-08-07,LAR
/nfl/rankings/lb-cheatsheets.php,redraft-lb,rp,Kobe King,27225,LB,NYJ,352.5,5.5,347,358,,kobe-king.php,,,0.9,,,,,,13.0,Kobe King,2026-08-07,NYJ
/nfl/rankings/lb-cheatsheets.php,redraft-lb,rp,Parker Hughes,28489,LB,JAC,353.5,5.5,348,359,,parker-hughes.php,,,1.5,,,,,,7.0,Parker Hughes,2026-08-07,JAC
/nfl/rankings/lb-cheatsheets.php,redraft-lb,rp,Malik Verdon,27483,DB,ATL,354.5,5.5,349,360,,malik-verdon.php,,,1.5,,,,,,11.0,Malik Verdon,2026-08-07,ATL
/nfl/rankings/lb-cheatsheets.php,redraft-lb,rp,Harold Perkins Jr.,27021,LB,ATL,355.5,5.5,350,361,,harold-perkins-jr.php,,,2.4,,,,,,11.0,Harold Perkins,2026-08-07,ATL
/nfl/rankings/lb-cheatsheets.php,redraft-lb,rp,Jimmy Ciarlo,26672,LB,BUF,356.5,5.5,351,362,,jimmy-ciarlo.php,,,1.2,,,,,,7.0,Jimmy Ciarlo,2026-08-07,BUF
/nfl/rankings/lb-cheatsheets.php,redraft-lb,rp,Jackson Kuwatch,28494,LB,CAR,357.5,5.5,352,363,,jackson-kuwatch.php,,,1.6,,,,,,5.0,Jackson Kuwatch,2026-08-07,CAR
/nfl/rankings/lb-cheatsheets.php,redraft-lb,rp,Red Murdock,28209,LB,DEN,358.5,5.5,353,364,,red-murdock.php,,,3.3,,,,,,10.0,Red Murdock,2026-08-07,DEN
/nfl/rankings/lb-cheatsheets.php,redraft-lb,rp,Jesse Luketa,24285,LB,NE,359.5,5.5,354,365,,jesse-luketa.php,,,1.9,,,,,,11.0,Jesse Luketa,2026-08-07,NEP
/nfl/rankings/lb-cheatsheets.php,redraft-lb,rp,Elliott Brown,27167,LB,ARI,360.5,5.5,355,366,,elliott-brown.php,,,1.1,,,,,,14.0,Elliott Brown,2026-08-07,ARI
/nfl/rankings/lb-cheatsheets.php,redraft-lb,rp,Johnny Walker Jr.,27578,DL,DEN,361.5,5.5,356,367,,johnny-walker-jr.php,,,6.8,,,,,,10.0,Johnny Walker,2026-08-07,DEN
/nfl/rankings/lb-cheatsheets.php,redraft-lb,rp,Lawrence Wilson,9997,LB,FA,363.5,6.5,357,370,,lawrence-wilson.php,,,0.0,,,,,,,Lawrence Wilson,2026-08-07,FA
/nfl/rankings/lb-cheatsheets.php,redraft-lb,rp,Kenneth Murray Jr.,19212,LB,FA,365.0,7.0,358,372,,kenneth-murray.php,,,8.3,,,,,,,Kenneth Murray,2026-08-07,FA
/nfl/rankings/ppr-superflex-cheatsheets.php,redraft-op,rsf,Josh Allen,17298,QB,BUF,1.02,0.15,1,2,,josh-allen-qb.php,,,99.5,,,,,,7.0,Josh Allen,2026-08-07,BUF
/nfl/rankings/ppr-superflex-cheatsheets.php,redraft-op,rsf,Lamar Jackson,17233,QB,BAL,2.53,1.06,1,8,,lamar-jackson.php,,,99.1,,,,,,13.0,Lamar Jackson,2026-08-07,BAL
/nfl/rankings/ppr-superflex-cheatsheets.php,redraft-op,rsf,Drake Maye,23046,QB,NE,3.54,1.08,2,7,,drake-maye.php,,,98.6,,,,,,11.0,Drake Maye,2026-08-07,NEP
/nfl/rankings/ppr-superflex-cheatsheets.php,redraft-op,rsf,Joe Burrow,19196,QB,CIN,5.16,2.75,2,19,,joe-burrow.php,,,98.0,,,,,,6.0,Joe Burrow,2026-08-07,CIN
/nfl/rankings/ppr-superflex-cheatsheets.php,redraft-op,rsf,Jayden Daniels,22902,QB,WAS,6.08,3.39,3,18,,jayden-daniels.php,,,97.4,,,,,,7.0,Jayden Daniels,2026-08-07,WAS
/nfl/rankings/ppr-superflex-cheatsheets.php,redraft-op,rsf,Jalen Hurts,19275,QB,PHI,7.02,2.96,2,17,,jalen-hurts.php,,,97.7,,,,,,10.0,Jalen Hurts,2026-08-07,PHI
/nfl/rankings/ppr-superflex-cheatsheets.php,redraft-op,rsf,Ja'Marr Chase,19788,WR,CIN,7.84,2.49,6,12,,jamarr-chase.php,,,99.3,,,,,,6.0,JaMarr Chase,2026-08-07,CIN
/nfl/rankings/ppr-superflex-cheatsheets.php,redraft-op,rsf,Puka Nacua,23180,WR,LAR,10.65,2.52,6,20,,puka-nacua.php,,,99.5,,,,,,11.0,Puka Nacua,2026-08-07,LAR
/nfl/rankings/ppr-superflex-cheatsheets.php,redraft-op,rsf,Caleb Williams,23084,QB,CHI,10.99,5.15,2,26,,caleb-williams.php,,,93.0,,,,,,10.0,Caleb Williams,2026-08-07,CHI
/nfl/rankings/ppr-superflex-cheatsheets.php,redraft-op,rsf,Justin Herbert,18635,QB,LAC,11.0,5.54,3,32,,justin-herbert.php,,,93.2,,,,,,7.0,Justin Herbert,2026-08-07,LAC
/nfl/rankings/ppr-superflex-cheatsheets.php,redraft-op,rsf,Bijan Robinson,23133,RB,ATL,11.24,2.56,3,25,,bijan-robinson.php,,,99.4,,,,,,11.0,Bijan Robinson,2026-08-07,ATL
/nfl/rankings/ppr-superflex-cheatsheets.php,redraft-op,rsf,Jahmyr Gibbs,22968,RB,DET,11.35,3.95,2,37,,jahmyr-gibbs.php,,,99.4,,,,,,6.0,Jahmyr Gibbs,2026-08-07,DET
/nfl/rankings/ppr-superflex-cheatsheets.php,redraft-op,rsf,Jaxon Smith-Njigba,23070,WR,SEA,12.66,2.46,6,23,,jaxon-smith-njigba.php,,,99.6,,,,,,11.0,Jaxon Smith-Njigba,2026-08-07,SEA
/nfl/rankings/ppr-superflex-cheatsheets.php,redraft-op,rsf,Trevor Lawrence,19780,QB,JAC,14.76,5.21,6,30,,trevor-lawrence.php,,,89.6,,,,,,7.0,Trevor Lawrence,2026-08-07,JAC
/nfl/rankings/ppr-superflex-cheatsheets.php,redraft-op,rsf,Amon-Ra St. Brown,19799,WR,DET,14.83,3.98,11,41,,amonra-stbrown.php,,,99.3,,,,,,6.0,Amon-Ra St Brown,2026-08-07,DET
/nfl/rankings/ppr-superflex-cheatsheets.php,redraft-op,rsf,Dak Prescott,15600,QB,DAL,15.53,5.37,7,32,,dak-prescott.php,,,93.3,,,,,,14.0,Dak Prescott,2026-08-07,DAL
/nfl/rankings/ppr-superflex-cheatsheets.php,redraft-op,rsf,Christian McCaffrey,16393,RB,SF,18.77,8.26,10,46,,christian-mccaffrey.php,,,99.5,,,,,,8.0,Christian McCaffrey,2026-08-07,SFO
/nfl/rankings/ppr-superflex-cheatsheets.php,redraft-op,rsf,CeeDee Lamb,19202,WR,DAL,20.75,4.23,14,46,,ceedee-lamb.php,,,99.4,,,,,,14.0,CeeDee Lamb,2026-08-07,DAL
/nfl/rankings/ppr-superflex-cheatsheets.php,redraft-op,rsf,Jaxson Dart,23160,QB,NYG,21.35,7.23,5,39,,jaxson-dart.php,,,94.0,,,,,,8.0,Jaxson Dart,2026-08-07,NYG
/nfl/rankings/ppr-superflex-cheatsheets.php,redraft-op,rsf,Justin Jefferson,19236,WR,MIN,21.35,5.12,12,47,,justin-jefferson.php,,,99.3,,,,,,6.0,Justin Jefferson,2026-08-07,MIN
/nfl/rankings/ppr-superflex-cheatsheets.php,redraft-op,rsf,Brock Purdy,19797,QB,SF,21.69,6.59,8,50,,brock-purdy.php,,,90.3,,,,,,8.0,Brock Purdy,2026-08-07,SFO
/nfl/rankings/ppr-superflex-cheatsheets.php,redraft-op,rsf,Jonathan Taylor,19217,RB,IND,24.83,7.84,15,48,,jonathan-taylor.php,,,99.3,,,,,,13.0,Jonathan Taylor,2026-08-07,IND
/nfl/rankings/ppr-superflex-cheatsheets.php,redraft-op,rsf,Drake London,23163,WR,ATL,26.31,6.82,20,49,,drake-london.php,,,99.2,,,,,,11.0,Drake London,2026-08-07,ATL
/nfl/rankings/ppr-superflex-cheatsheets.php,redraft-op,rsf,Bo Nix,22910,QB,DEN,26.49,7.21,14,50,,bo-nix.php,,,87.5,,,,,,10.0,Bo Nix,2026-08-07,DEN
/nfl/rankings/ppr-superflex-cheatsheets.php,redraft-op,rsf,Patrick Mahomes II,16413,QB,KC,26.95,6.11,15,41,,patrick-mahomes.php,,,90.8,,,,,,5.0,Patrick Mahomes,2026-08-07,KCC
/nfl/rankings/ppr-superflex-cheatsheets.php,redraft-op,rsf,A.J. Brown,18218,WR,NE,28.81,7.64,20,52,,aj-brown.php,,,99.2,,,,,,11.0,AJ Brown,2026-08-07,NEP
/nfl/rankings/ppr-superflex-cheatsheets.php,redraft-op,rsf,Matthew Stafford,9451,QB,LAR,30.67,9.57,8,55,,matthew-stafford.php,,,91.6,,,,,,11.0,Matthew Stafford,2026-08-07,LAR
/nfl/rankings/ppr-superflex-cheatsheets.php,redraft-op,rsf,Ashton Jeanty,25989,RB,LV,31.12,8.73,15,58,,ashton-jeanty.php,,,99.2,,,,,,13.0,Ashton Jeanty,2026-08-07,LVR
/nfl/rankings/ppr-superflex-cheatsheets.php,redraft-op,rsf,Nico Collins,20130,WR,HOU,31.13,6.97,24,56,,nico-collins.php,,,99.2,,,,,,8.0,Nico Collins,2026-08-07,HOU
/nfl/rankings/ppr-superflex-cheatsheets.php,redraft-op,rsf,Chase Brown,25324,RB,CIN,33.72,7.85,22,54,,chase-brown.php,,,98.7,,,,,,6.0,Chase Brown,2026-08-07,CIN
/nfl/rankings/ppr-superflex-cheatsheets.php,redraft-op,rsf,Jared Goff,15501,QB,DET,34.1,9.94,8,55,,jared-goff.php,,,77.8,,,,,,6.0,Jared Goff,2026-08-07,DET
/nfl/rankings/ppr-superflex-cheatsheets.php,redraft-op,rsf,James Cook III,22958,RB,BUF,34.46,9.79,15,61,,james-cook.php,,,99.5,,,,,,7.0,James Cook,2026-08-07,BUF
/nfl/rankings/ppr-superflex-cheatsheets.php,redraft-op,rsf,Trey McBride,22936,TE,ARI,34.86,6.04,25,54,,trey-mcbride.php,,,99.3,,,,,,14.0,Trey McBride,2026-08-07,ARI
/nfl/rankings/ppr-superflex-cheatsheets.php,redraft-op,rsf,George Pickens,22963,WR,DAL,34.93,7.19,21,57,,george-pickens.php,,,99.2,,,,,,14.0,George Pickens,2026-08-07,DAL
/nfl/rankings/ppr-superflex-cheatsheets.php,redraft-op,rsf,Rashee Rice,23113,WR,KC,35.71,9.88,21,63,,rashee-rice.php,,,98.1,,,,,,5.0,Rashee Rice,2026-08-07,KCC
/nfl/rankings/ppr-superflex-cheatsheets.php,redraft-op,rsf,De'Von Achane,23136,RB,MIA,36.94,8.6,22,66,,devon-achane.php,,,99.2,,,,,,6.0,DeVon Achane,2026-08-07,MIA
/nfl/rankings/ppr-superflex-cheatsheets.php,redraft-op,rsf,Brock Bowers,22955,TE,LV,37.11,4.39,23,51,,brock-bowers.php,,,99.2,,,,,,13.0,Brock Bowers,2026-08-07,LVR
/nfl/rankings/ppr-superflex-cheatsheets.php,redraft-op,rsf,Chris Olave,20111,WR,NO,37.47,9.35,23,68,,chris-olave.php,,,98.1,,,,,,8.0,Chris Olave,2026-08-07,NOS
/nfl/rankings/ppr-superflex-cheatsheets.php,redraft-op,rsf,Kyler Murray,18600,QB,MIN,38.07,10.99,13,64,,kyler-murray.php,,,72.3,,,,,,6.0,Kyler Murray,2026-08-07,MIN
/nfl/rankings/ppr-superflex-cheatsheets.php,redraft-op,rsf,DeVonta Smith,19222,WR,PHI,40.77,7.83,27,62,,devonta-smith.php,,,97.8,,,,,,10.0,DeVonta Smith,2026-08-07,PHI
/nfl/rankings/ppr-superflex-cheatsheets.php,redraft-op,rsf,Omarion Hampton,25395,RB,LAC,41.23,8.6,23,67,,omarion-hampton.php,,,98.7,,,,,,7.0,Omarion Hampton,2026-08-07,LAC
/nfl/rankings/ppr-superflex-cheatsheets.php,redraft-op,rsf,Saquon Barkley,17240,RB,PHI,41.37,8.37,22,65,,saquon-barkley.php,,,99.4,,,,,,10.0,Saquon Barkley,2026-08-07,PHI
/nfl/rankings/ppr-superflex-cheatsheets.php,redraft-op,rsf,Baker Mayfield,17237,QB,TB,44.23,10.63,18,60,,baker-mayfield.php,,,62.0,,,,,,10.0,Baker Mayfield,2026-08-07,TBB
/nfl/rankings/ppr-superflex-cheatsheets.php,redraft-op,rsf,Kenneth Walker III,23021,RB,KC,45.8,9.18,27,74,,kenneth-walker-rb.php,,,99.3,,,,,,5.0,Kenneth Walker,2026-08-07,KCC
/nfl/rankings/ppr-superflex-cheatsheets.php,redraft-op,rsf,Jordan Love,19246,QB,GB,46.06,10.04,19,64,,jordan-love.php,,,58.6,,,,,,11.0,Jordan Love,2026-08-07,GBP
/nfl/rankings/ppr-superflex-cheatsheets.php,redraft-op,rsf,Zay Flowers,22916,WR,BAL,46.76,11.25,24,69,,zay-flowers.php,,,97.1,,,,,,13.0,Zay Flowers,2026-08-07,BAL
/nfl/rankings/ppr-superflex-cheatsheets.php,redraft-op,rsf,Tyler Shough,23096,QB,NO,47.41,10.64,18,66,,tyler-shough.php,,,51.2,,,,,,8.0,Tyler Shough,2026-08-07,NOS
/nfl/rankings/ppr-superflex-cheatsheets.php,redraft-op,rsf,Garrett Wilson,23072,WR,NYJ,47.94,8.65,28,75,,garrett-wilson.php,,,97.3,,,,,,13.0,Garrett Wilson,2026-08-07,NYJ
/nfl/rankings/ppr-superflex-cheatsheets.php,redraft-op,rsf,Malik Nabers,25409,WR,NYG,50.46,14.73,23,84,,malik-nabers.php,,,98.1,,,,,4.0,8.0,Malik Nabers,2026-08-07,NYG
/nfl/rankings/ppr-superflex-cheatsheets.php,redraft-op,rsf,Tetairoa McMillan,25417,WR,CAR,50.52,9.87,28,72,,tetairoa-mcmillan.php,,,97.8,,,,,,5.0,Tetairoa McMillan,2026-08-07,CAR
/nfl/rankings/ppr-superflex-cheatsheets.php,redraft-op,rsf,Tee Higgins,19211,WR,CIN,52.33,8.85,35,73,,tee-higgins.php,,,97.4,,,,,,6.0,Tee Higgins,2026-08-07,CIN
/nfl/rankings/ppr-superflex-cheatsheets.php,redraft-op,rsf,Ladd McConkey,26122,WR,LAC,53.11,9.38,28,73,,ladd-mcconkey.php,,,95.7,,,,,,7.0,Ladd McConkey,2026-08-07,LAC
/nfl/rankings/ppr-superflex-cheatsheets.php,redraft-op,rsf,Malik Willis,23499,QB,MIA,53.61,13.29,18,94,,malik-willis.php,,,44.9,,,,,,6.0,Malik Willis,2026-08-07,MIA
/nfl/rankings/ppr-superflex-cheatsheets.php,redraft-op,rsf,Colston Loveland,26006,TE,CHI,54.01,14.38,39,104,,colston-loveland.php,,,98.6,,,,,,10.0,Colston Loveland,2026-08-07,CHI
/nfl/rankings/ppr-superflex-cheatsheets.php,redraft-op,rsf,Jaylen Waddle,19790,WR,DEN,54.92,9.84,34,82,,jaylen-waddle.php,,,95.7,,,,,,10.0,Jaylen Waddle,2026-08-07,DEN
/nfl/rankings/ppr-superflex-cheatsheets.php,redraft-op,rsf,Derrick Henry,15514,RB,BAL,55.04,10.54,22,72,,derrick-henry.php,,,99.1,,,,,,13.0,Derrick Henry,2026-08-07,BAL
/nfl/rankings/ppr-superflex-cheatsheets.php,redraft-op,rsf,Jeremiyah Love,25403,RB,ARI,55.24,9.0,44,79,,jeremiyah-love.php,,,98.2,,,,,,14.0,Jeremiyah Love,2026-08-07,ARI
/nfl/rankings/ppr-superflex-cheatsheets.php,redraft-op,rsf,Emeka Egbuka,23062,WR,TB,55.27,9.72,27,79,,emeka-egbuka.php,,,96.5,,,,,,10.0,Emeka Egbuka,2026-08-07,TBB
/nfl/rankings/ppr-superflex-cheatsheets.php,redraft-op,rsf,Breece Hall,22982,RB,NYJ,57.51,7.37,42,80,,breece-hall.php,,,97.6,,,,,,13.0,Breece Hall,2026-08-07,NYJ
/nfl/rankings/ppr-superflex-cheatsheets.php,redraft-op,rsf,Kyren Williams,23059,RB,LAR,61.16,8.17,42,77,,kyren-williams.php,,,98.1,,,,,,11.0,Kyren Williams,2026-08-07,LAR
/nfl/rankings/ppr-superflex-cheatsheets.php,redraft-op,rsf,Terry McLaurin,18466,WR,WAS,62.45,8.12,44,82,,terry-mclaurin.php,,,95.1,,,,,,7.0,Terry McLaurin,2026-08-07,WAS
/nfl/rankings/ppr-superflex-cheatsheets.php,redraft-op,rsf,Sam Darnold,17236,QB,SEA,62.76,6.99,25,76,,sam-darnold.php,,,42.9,,,,,,11.0,Sam Darnold,2026-08-07,SEA
/nfl/rankings/ppr-superflex-cheatsheets.php,redraft-op,rsf,Josh Jacobs,18269,RB,GB,62.78,9.77,42,85,,josh-jacobs.php,,,98.7,,,,,,11.0,Josh Jacobs,2026-08-07,GBP
/nfl/rankings/ppr-superflex-cheatsheets.php,redraft-op,rsf,C.J. Stroud,23071,QB,HOU,62.81,8.32,23,83,,cj-stroud.php,,,40.0,,,,,,8.0,CJ Stroud,2026-08-07,HOU
/nfl/rankings/ppr-superflex-cheatsheets.php,redraft-op,rsf,Luther Burden III,27016,WR,CHI,64.66,7.65,45,84,,luther-burden-iii.php,,,93.4,,,,,,10.0,Luther Burden,2026-08-07,CHI
/nfl/rankings/ppr-superflex-cheatsheets.php,redraft-op,rsf,Javonte Williams,22739,RB,DAL,65.23,7.78,43,80,,javonte-williams.php,,,96.7,,,,,,14.0,Javonte Williams,2026-08-07,DAL
/nfl/rankings/ppr-superflex-cheatsheets.php,redraft-op,rsf,Cam Ward,24755,QB,TEN,68.05,8.42,33,92,,cam-ward.php,,,28.9,,,,,,9.0,Cam Ward,2026-08-07,TEN
/nfl/rankings/ppr-superflex-cheatsheets.php,redraft-op,rsf,Davante Adams,12123,WR,LAR,68.98,8.45,52,95,,davante-adams.php,,,97.3,,,,,,11.0,Davante Adams,2026-08-07,LAR
/nfl/rankings/ppr-superflex-cheatsheets.php,redraft-op,rsf,Travis Etienne Jr.,19231,RB,NO,69.57,11.03,42,95,,travis-etienne.php,,,95.7,,,,,,8.0,Travis Etienne,2026-08-07,NOS
/nfl/rankings/ppr-superflex-cheatsheets.php,redraft-op,rsf,Mike Evans,12119,WR,SF,71.88,11.39,44,110,,mike-evans.php,,,92.6,,,,,,8.0,Mike Evans,2026-08-07,SFO
/nfl/rankings/ppr-superflex-cheatsheets.php,redraft-op,rsf,Daniel Jones,18232,QB,IND,68.85,12.82,29,127,,daniel-jones.php,,,40.7,,,,,,13.0,Daniel Jones,2026-08-07,IND
/nfl/rankings/ppr-superflex-cheatsheets.php,redraft-op,rsf,DJ Moore,17265,WR,BUF,73.46,13.18,35,116,,dj-moore-wr.php,,,92.8,,,,,,7.0,DJ Moore,2026-08-07,BUF
/nfl/rankings/ppr-superflex-cheatsheets.php,redraft-op,rsf,Cam Skattebo,27166,RB,NYG,74.34,9.53,54,98,,cam-skattebo.php,,,96.5,,,,,,8.0,Cam Skattebo,2026-08-07,NYG
/nfl/rankings/ppr-superflex-cheatsheets.php,redraft-op,rsf,Tyler Warren,26434,TE,IND,74.67,11.03,39,93,,tyler-warren.php,,,98.3,,,,,,13.0,Tyler Warren,2026-08-07,IND
/nfl/rankings/ppr-superflex-cheatsheets.php,redraft-op,rsf,Jameson Williams,23677,WR,DET,75.86,9.29,59,110,,jameson-williams.php,,,94.7,,,,,,6.0,Jameson Williams,2026-08-07,DET
/nfl/rankings/ppr-superflex-cheatsheets.php,redraft-op,rsf,Bryce Young,22900,QB,CAR,74.32,10.84,31,127,,bryce-young.php,,,32.0,,,,,,5.0,Bryce Young,2026-08-07,CAR
/nfl/rankings/ppr-superflex-cheatsheets.php,redraft-op,rsf,Christian Watson,23886,WR,GB,78.13,11.57,57,124,,christian-watson.php,,,91.1,,,,,,11.0,Christian Watson,2026-08-07,GBP
/nfl/rankings/ppr-superflex-cheatsheets.php,redraft-op,rsf,Rome Odunze,25411,WR,CHI,79.9,10.16,59,114,,rome-odunze.php,,,91.8,,,,,,10.0,Rome Odunze,2026-08-07,CHI
/nfl/rankings/ppr-superflex-cheatsheets.php,redraft-op,rsf,Bucky Irving,25981,RB,TB,80.64,9.69,53,104,,bucky-irving.php,,,95.5,,,,,,10.0,Bucky Irving,2026-08-07,TBB
/nfl/rankings/ppr-superflex-cheatsheets.php,redraft-op,rsf,D'Andre Swift,19210,RB,CHI,80.71,6.96,65,98,,dandre-swift.php,,,93.8,,,,,,10.0,DAndre Swift,2026-08-07,CHI
/nfl/rankings/ppr-superflex-cheatsheets.php,redraft-op,rsf,Quinshon Judkins,25391,RB,CLE,81.41,8.03,57,99,,quinshon-judkins.php,,,93.7,,,,,,11.0,Quinshon Judkins,2026-08-07,CLE
/nfl/rankings/ppr-superflex-cheatsheets.php,redraft-op,rsf,Jacoby Brissett,15642,QB,ARI,82.69,16.49,27,127,,jacoby-brissett.php,,,25.4,,,,,,14.0,Jacoby Brissett,2026-08-07,ARI
/nfl/rankings/ppr-superflex-cheatsheets.php,redraft-op,rsf,David Montgomery,18239,RB,HOU,83.54,9.36,63,117,,david-montgomery.php,,,93.4,,,,,,8.0,David Montgomery,2026-08-07,HOU
/nfl/rankings/ppr-superflex-cheatsheets.php,redraft-op,rsf,TreVeyon Henderson,23065,RB,NE,84.75,10.16,54,116,,treveyon-henderson.php,,,93.4,,,,,,11.0,TreVeyon Henderson,2026-08-07,NEP
/nfl/rankings/ppr-superflex-cheatsheets.php,redraft-op,rsf,Carnell Tate,26009,WR,TEN,86.65,20.42,59,190,,carnell-tate.php,,,92.9,,,,,,9.0,Carnell Tate,2026-08-07,TEN
/nfl/rankings/ppr-superflex-cheatsheets.php,redraft-op,rsf,Bhayshul Tuten,27297,RB,JAC,90.27,12.29,67,139,,bhayshul-tuten.php,,,90.1,,,,,,7.0,Bhayshul Tuten,2026-08-07,JAC
/nfl/rankings/ppr-superflex-cheatsheets.php,redraft-op,rsf,Marvin Harrison Jr.,23064,WR,ARI,90.28,13.52,65,128,,marvin-harrison-jr.php,,,88.6,,,,,,14.0,Marvin Harrison,2026-08-07,ARI
/nfl/rankings/ppr-superflex-cheatsheets.php,redraft-op,rsf,Harold Fannin Jr.,27050,TE,CLE,94.39,9.99,77,127,,harold-fannin-jr.php,,,94.1,,,,,,11.0,Harold Fannin,2026-08-07,CLE
/nfl/rankings/ppr-superflex-cheatsheets.php,redraft-op,rsf,Jaylen Warren,24209,RB,PIT,95.07,6.83,79,116,,jaylen-warren.php,,,90.5,,,,,,9.0,Jaylen Warren,2026-08-07,PIT
/nfl/rankings/ppr-superflex-cheatsheets.php,redraft-op,rsf,Tucker Kraft,25298,TE,GB,95.18,11.56,47,126,,tucker-kraft.php,,,93.4,,,,,,11.0,Tucker Kraft,2026-08-07,GBP
/nfl/rankings/ppr-superflex-cheatsheets.php,redraft-op,rsf,Jadarian Price,27329,RB,SEA,96.28,7.72,74,111,,jadarian-price.php,,,91.0,,,,,,11.0,Jadarian Price,2026-08-07,SEA
/nfl/rankings/ppr-superflex-cheatsheets.php,redraft-op,rsf,Brian Thomas Jr.,23000,WR,JAC,96.64,12.65,69,133,,brian-thomas-jr.php,,,87.8,,,,,,7.0,Brian Thomas,2026-08-07,JAC
/nfl/rankings/ppr-superflex-cheatsheets.php,redraft-op,rsf,DK Metcalf,18219,WR,PIT,97.7,11.37,72,123,,dk-metcalf.php,,,91.8,,,,,,9.0,DK Metcalf,2026-08-07,PIT
/nfl/rankings/ppr-superflex-cheatsheets.php,redraft-op,rsf,Parker Washington,23106,WR,JAC,97.96,15.88,68,135,,parker-washington.php,,,88.0,,,,,,7.0,Parker Washington,2026-08-07,JAC
/nfl/rankings/ppr-superflex-cheatsheets.php,redraft-op,rsf,Chris Godwin Jr.,16406,WR,TB,98.63,12.17,59,123,,chris-godwin.php,,,85.2,,,,,,10.0,Chris Godwin,2026-08-07,TBB
/nfl/rankings/ppr-superflex-cheatsheets.php,redraft-op,rsf,Kyle Pitts Sr.,20164,TE,ATL,99.43,9.05,86,121,,kyle-pitts.php,,,94.9,,,,,,11.0,Kyle Pitts,2026-08-07,ATL
/nfl/rankings/ppr-superflex-cheatsheets.php,redraft-op,rsf,Michael Pittman Jr.,19278,WR,PIT,100.94,12.89,59,131,,michael-pittman.php,,,87.0,,,,,,9.0,Michael Pittman,2026-08-07,PIT
/nfl/rankings/ppr-superflex-cheatsheets.php,redraft-op,rsf,Courtland Sutton,17253,WR,DEN,101.02,13.27,69,128,,courtland-sutton.php,,,88.0,,,,,,10.0,Courtland Sutton,2026-08-07,DEN
/nfl/rankings/ppr-superflex-cheatsheets.php,redraft-op,rsf,Alec Pierce,23791,WR,IND,101.25,14.56,72,132,,alec-pierce.php,,,89.5,,,,,-4.0,13.0,Alec Pierce,2026-08-07,IND
/nfl/rankings/ppr-superflex-cheatsheets.php,redraft-op,rsf,Rhamondre Stevenson,22726,RB,NE,101.88,8.39,80,131,,rhamondre-stevenson.php,,,86.4,,,,,,11.0,Rhamondre Stevenson,2026-08-07,NEP
/nfl/rankings/ppr-superflex-cheatsheets.php,redraft-op,rsf,Tony Pollard,18705,RB,TEN,102.58,8.28,85,130,,tony-pollard.php,,,89.3,,,,,,9.0,Tony Pollard,2026-08-07,TEN
/nfl/rankings/ppr-superflex-cheatsheets.php,redraft-op,rsf,Geno Smith,11687,QB,NYJ,97.62,21.26,30,171,,geno-smith.php,,,15.6,,,,,,13.0,Geno Smith,2026-08-07,NYJ
/nfl/rankings/ppr-superflex-cheatsheets.php,redraft-op,rsf,Sam LaPorta,22978,TE,DET,103.87,9.84,78,121,,sam-laporta.php,,,95.6,,,,,,6.0,Sam LaPorta,2026-08-07,DET
/nfl/rankings/ppr-superflex-cheatsheets.php,redraft-op,rsf,Chuba Hubbard,19792,RB,CAR,104.54,11.82,78,141,,chuba-hubbard.php,,,88.1,,,,,,5.0,Chuba Hubbard,2026-08-07,CAR
/nfl/rankings/ppr-superflex-cheatsheets.php,redraft-op,rsf,Wan'Dale Robinson,22985,WR,TEN,105.45,14.42,63,144,,wandale-robinson.php,,,75.9,,,,,,9.0,WanDale Robinson,2026-08-07,TEN
/nfl/rankings/ppr-superflex-cheatsheets.php,redraft-op,rsf,Josh Downs,24706,WR,IND,105.93,14.73,72,140,,josh-downs.php,,,81.4,,,,,,13.0,Josh Downs,2026-08-07,IND
/nfl/rankings/ppr-superflex-cheatsheets.php,redraft-op,rsf,Jordyn Tyson,26035,WR,NO,106.81,22.1,72,216,,jordyn-tyson.php,,,88.6,,,,,,8.0,Jordyn Tyson,2026-08-07,NOS
/nfl/rankings/ppr-superflex-cheatsheets.php,redraft-op,rsf,Rico Dowdle,19647,RB,PIT,106.86,10.22,88,138,,rico-dowdle.php,,,89.3,,,,,,9.0,Rico Dowdle,2026-08-07,PIT
/nfl/rankings/ppr-superflex-cheatsheets.php,redraft-op,rsf,Michael Wilson,25333,WR,ARI,107.43,12.39,76,139,,michael-wilson.php,,,84.8,,,,,,14.0,Michael Wilson,2026-08-07,ARI
/nfl/rankings/ppr-superflex-cheatsheets.php,redraft-op,rsf,RJ Harvey,27142,RB,DEN,111.47,16.02,81,153,,rj-harvey.php,,,86.0,,,,,,10.0,RJ Harvey,2026-08-07,DEN
/nfl/rankings/ppr-superflex-cheatsheets.php,redraft-op,rsf,Aaron Rodgers,9001,QB,PIT,97.03,25.23,29,177,,aaron-rodgers.php,,,18.8,,,,,,9.0,Aaron Rodgers,2026-08-07,PIT
/nfl/rankings/ppr-superflex-cheatsheets.php,redraft-op,rsf,Travis Kelce,11594,TE,KC,114.58,9.89,93,147,,travis-kelce.php,,,89.4,,,,,,5.0,Travis Kelce,2026-08-07,KCC
/nfl/rankings/ppr-superflex-cheatsheets.php,redraft-op,rsf,Jakobi Meyers,18598,WR,JAC,115.23,14.93,82,158,,jakobi-meyers.php,,,81.3,,,,,,7.0,Jakobi Meyers,2026-08-07,JAC
/nfl/rankings/ppr-superflex-cheatsheets.php,redraft-op,rsf,Quentin Johnston,23123,WR,LAC,116.57,12.41,84,144,,quentin-johnston.php,,,81.9,,,,,,7.0,Quentin Johnston,2026-08-07,LAC
/nfl/rankings/ppr-superflex-cheatsheets.php,redraft-op,rsf,Kenny Gainwell,23310,RB,TB,117.08,12.57,95,153,,kenneth-gainwell.php,,,81.0,,,,,,10.0,Kenny Gainwell,2026-08-07,TBB
/nfl/rankings/ppr-superflex-cheatsheets.php,redraft-op,rsf,J.K. Dobbins,19245,RB,DEN,117.75,12.42,92,152,,jk-dobbins.php,,,86.7,,,,,,10.0,JK Dobbins,2026-08-07,DEN
/nfl/rankings/ppr-superflex-cheatsheets.php,redraft-op,rsf,Makai Lemon,25420,WR,PHI,118.25,19.36,84,209,,makai-lemon.php,,,87.4,,,,,,10.0,Makai Lemon,2026-08-07,PHI
/nfl/rankings/ppr-superflex-cheatsheets.php,redraft-op,rsf,Kyle Monangai,27131,RB,CHI,120.2,9.89,98,145,,kyle-monangai.php,,,84.1,,,,,,10.0,Kyle Monangai,2026-08-07,CHI
/nfl/rankings/ppr-superflex-cheatsheets.php,redraft-op,rsf,Jordan Addison,23107,WR,MIN,121.18,12.29,90,173,,jordan-addison.php,,,83.4,,,,,,6.0,Jordan Addison,2026-08-07,MIN
/nfl/rankings/ppr-superflex-cheatsheets.php,redraft-op,rsf,Rachaad White,23891,RB,WAS,121.42,12.51,88,150,,rachaad-white.php,,,79.8,,,,,,7.0,Rachaad White,2026-08-07,WAS
/nfl/rankings/ppr-superflex-cheatsheets.php,redraft-op,rsf,George Kittle,16499,TE,SF,122.07,13.37,97,161,,george-kittle.php,,,92.4,,,,,,8.0,George Kittle,2026-08-07,SFO
/nfl/rankings/ppr-superflex-cheatsheets.php,redraft-op,rsf,Jayden Reed,23020,WR,GB,122.77,10.92,100,147,,jayden-reed.php,,,76.0,,,,,,11.0,Jayden Reed,2026-08-07,GBP
/nfl/rankings/ppr-superflex-cheatsheets.php,redraft-op,rsf,Blake Corum,23013,RB,LAR,124.54,10.06,103,152,,blake-corum.php,,,82.0,,,,,,11.0,Blake Corum,2026-08-07,LAR
/nfl/rankings/ppr-superflex-cheatsheets.php,redraft-op,rsf,Jake Ferguson,22718,TE,DAL,124.96,11.97,93,153,,jake-ferguson.php,,,88.8,,,,,,14.0,Jake Ferguson,2026-08-07,DAL
/nfl/rankings/ppr-superflex-cheatsheets.php,redraft-op,rsf,Aaron Jones Sr.,16673,RB,MIN,125.46,11.8,98,150,,aaron-jones.php,,,83.4,,,,,,6.0,Aaron Jones,2026-08-07,MIN
/nfl/rankings/ppr-superflex-cheatsheets.php,redraft-op,rsf,Dalton Kincaid,25247,TE,BUF,128.41,12.55,109,164,,dalton-kincaid.php,,,78.8,,,,,,7.0,Dalton Kincaid,2026-08-07,BUF
/nfl/rankings/ppr-superflex-cheatsheets.php,redraft-op,rsf,Jonathon Brooks,26148,RB,CAR,129.17,29.97,88,307,,jonathon-brooks.php,,,74.7,,,,,,5.0,Jonathon Brooks,2026-08-07,CAR
/nfl/rankings/ppr-superflex-cheatsheets.php,redraft-op,rsf,Jayden Higgins,27077,WR,HOU,132.92,11.0,109,165,,jayden-higgins.php,,,47.4,,,,,,8.0,Jayden Higgins,2026-08-07,HOU
/nfl/rankings/ppr-superflex-cheatsheets.php,redraft-op,rsf,Khalil Shakir,23748,WR,BUF,134.17,11.89,106,166,,khalil-shakir.php,,,65.4,,,,,,7.0,Khalil Shakir,2026-08-07,BUF
/nfl/rankings/ppr-superflex-cheatsheets.php,redraft-op,rsf,Dallas Goedert,17270,TE,PHI,134.27,16.79,112,189,,dallas-goedert.php,,,86.4,,,,,,10.0,Dallas Goedert,2026-08-07,PHI
/nfl/rankings/ppr-superflex-cheatsheets.php,redraft-op,rsf,Isaiah Likely,23781,TE,NYG,134.47,24.55,106,225,,isaiah-likely.php,,,85.7,,,,,,8.0,Isaiah Likely,2026-08-07,NYG
/nfl/rankings/ppr-superflex-cheatsheets.php,redraft-op,rsf,Xavier Worthy,23019,WR,KC,134.93,11.02,106,167,,xavier-worthy.php,,,71.8,,,,,,5.0,Xavier Worthy,2026-08-07,KCC
/nfl/rankings/ppr-superflex-cheatsheets.php,redraft-op,rsf,Jacory Croskey-Merritt,27316,RB,WAS,135.67,8.97,111,156,,jacory-croskeymerritt.php,,,74.6,,,,,,7.0,Jacory Croskey-Merritt,2026-08-07,WAS
/nfl/rankings/ppr-superflex-cheatsheets.php,redraft-op,rsf,Jordan Mason,22969,RB,MIN,136.49,11.29,108,164,,jordan-mason.php,,,70.5,,,,,,6.0,Jordan Mason,2026-08-07,MIN
/nfl/rankings/ppr-superflex-cheatsheets.php,redraft-op,rsf,Mark Andrews,17269,TE,BAL,137.08,15.97,110,191,,mark-andrews.php,,,82.5,,,,,,13.0,Mark Andrews,2026-08-07,BAL
/nfl/rankings/ppr-superflex-cheatsheets.php,redraft-op,rsf,Jalen Coker,26403,WR,CAR,139.61,11.78,114,180,,jalen-coker.php,,,46.7,,,,,,5.0,Jalen Coker,2026-08-07,CAR
/nfl/rankings/ppr-superflex-cheatsheets.php,redraft-op,rsf,Romeo Doubs,23794,WR,NE,139.8,11.89,110,175,,romeo-doubs.php,,,65.9,,,,,,11.0,Romeo Doubs,2026-08-07,NEP
/nfl/rankings/ppr-superflex-cheatsheets.php,redraft-op,rsf,Fernando Mendoza,28013,QB,LV,120.57,33.42,38,189,,fernando-mendoza.php,,,33.6,,,,,,13.0,Fernando Mendoza,2026-08-07,LVR
/nfl/rankings/ppr-superflex-cheatsheets.php,redraft-op,rsf,KC Concepcion,27331,WR,CLE,143.07,27.17,101,265,,kevin-concepcion.php,,,66.0,,,,,,11.0,KC Concepcion,2026-08-07,CLE
/nfl/rankings/ppr-superflex-cheatsheets.php,redraft-op,rsf,Tyrone Tracy Jr.,22980,RB,NYG,143.94,8.63,118,169,,tyrone-tracy-jr.php,,,40.0,,,,,,8.0,Tyrone Tracy,2026-08-07,NYG
/nfl/rankings/ppr-superflex-cheatsheets.php,redraft-op,rsf,Matthew Golden,26024,WR,GB,145.57,14.69,114,190,,matthew-golden.php,,,67.1,,,,,,11.0,Matthew Golden,2026-08-07,GBP
/nfl/rankings/ppr-superflex-cheatsheets.php,redraft-op,rsf,Woody Marks,27520,RB,HOU,148.19,11.67,116,186,,woody-marks.php,,,53.9,,,,,,8.0,Woody Marks,2026-08-07,HOU
/nfl/rankings/ppr-superflex-cheatsheets.php,redraft-op,rsf,Tyler Allgeier,24172,RB,ARI,149.59,12.27,119,193,,tyler-allgeier.php,,,46.0,,,,,,14.0,Tyler Allgeier,2026-08-07,ARI
/nfl/rankings/ppr-superflex-cheatsheets.php,redraft-op,rsf,Tyjae Spears,25323,RB,TEN,151.31,11.74,120,188,,tyjae-spears.php,,,46.9,,,,,,9.0,Tyjae Spears,2026-08-07,TEN
/nfl/rankings/ppr-superflex-cheatsheets.php,redraft-op,rsf,Tua Tagovailoa,19198,QB,ATL,127.34,30.57,34,184,,tua-tagovailoa.php,,,22.4,,,,,,11.0,Tua Tagovailoa,2026-08-07,ATL
/nfl/rankings/ppr-superflex-cheatsheets.php,redraft-op,rsf,Chris Rodriguez Jr.,22986,RB,JAC,151.96,13.37,130,199,,chris-rodriguez-jr.php,,,40.7,,,,,,7.0,Chris Rodriguez,2026-08-07,JAC
/nfl/rankings/ppr-superflex-cheatsheets.php,redraft-op,rsf,Alvin Kamara,16421,RB,NO,152.89,12.55,116,185,,alvin-kamara.php,,,52.4,,,,,,8.0,Alvin Kamara,2026-08-07,NOS
/nfl/rankings/ppr-superflex-cheatsheets.php,redraft-op,rsf,Zach Charbonnet,23152,RB,SEA,151.12,17.5,105,217,,zach-charbonnet.php,,,70.4,,,,,,11.0,Zach Charbonnet,2026-08-07,SEA
/nfl/rankings/ppr-superflex-cheatsheets.php,redraft-op,rsf,Juwan Johnson,19562,TE,NO,154.87,16.58,121,194,,juwan-johnson.php,,,46.2,,,,,,8.0,Juwan Johnson,2026-08-07,NOS
/nfl/rankings/ppr-superflex-cheatsheets.php,redraft-op,rsf,Rashid Shaheed,24687,WR,SEA,155.55,9.94,133,180,,rashid-shaheed.php,,,44.4,,,,,,11.0,Rashid Shaheed,2026-08-07,SEA
/nfl/rankings/ppr-superflex-cheatsheets.php,redraft-op,rsf,Dylan Sampson,27102,RB,CLE,156.0,10.38,138,202,,dylan-sampson.php,,,24.1,,,,,,11.0,Dylan Sampson,2026-08-07,CLE
/nfl/rankings/ppr-superflex-cheatsheets.php,redraft-op,rsf,Chig Okonkwo,23982,TE,WAS,158.24,21.57,120,230,,chigoziem-okonkwo.php,,,44.2,,,,,,7.0,Chigoziem Okonkwo,2026-08-07,WAS
/nfl/rankings/ppr-superflex-cheatsheets.php,redraft-op,rsf,Isiah Pacheco,24333,RB,DET,157.13,10.14,131,198,,isiah-pacheco.php,,,51.9,,,,,,6.0,Isiah Pacheco,2026-08-07,DET
/nfl/rankings/ppr-superflex-cheatsheets.php,redraft-op,rsf,Brenton Strange,25345,TE,JAC,159.49,17.53,119,215,,brenton-strange.php,,,49.9,,,,,,7.0,Brenton Strange,2026-08-07,JAC
/nfl/rankings/ppr-superflex-cheatsheets.php,redraft-op,rsf,Jauan Jennings,19590,WR,MIN,159.28,20.18,110,247,,jauan-jennings.php,,,35.1,,,,,,6.0,Jauan Jennings,2026-08-07,MIN
/nfl/rankings/ppr-superflex-cheatsheets.php,redraft-op,rsf,Jerry Jeudy,19201,WR,CLE,163.52,16.7,136,224,,jerry-jeudy.php,,,34.7,,,,,,11.0,Jerry Jeudy,2026-08-07,CLE
/nfl/rankings/ppr-superflex-cheatsheets.php,redraft-op,rsf,Keaton Mitchell,25360,RB,LAC,161.3,17.71,130,220,,keaton-mitchell.php,,,33.5,,,,,,7.0,Keaton Mitchell,2026-08-07,LAC
/nfl/rankings/ppr-superflex-cheatsheets.php,redraft-op,rsf,Deebo Samuel Sr.,18244,WR,SF,153.36,27.72,98,218,,deebo-samuel.php,,,56.2,,,,,10.0,8.0,Deebo Samuel,2026-08-07,SFO
/nfl/rankings/ppr-superflex-cheatsheets.php,redraft-op,rsf,Hunter Henry,15561,TE,NE,166.01,16.98,121,212,,hunter-henry.php,,,65.5,,,,,,11.0,Hunter Henry,2026-08-07,NEP
/nfl/rankings/ppr-superflex-cheatsheets.php,redraft-op,rsf,Denzel Boston,27339,WR,CLE,164.28,25.04,129,272,,denzel-boston.php,,,36.1,,,,,,11.0,Denzel Boston,2026-08-07,CLE
/nfl/rankings/ppr-superflex-cheatsheets.php,redraft-op,rsf,Omar Cooper Jr.,28127,WR,NYJ,167.67,23.8,132,266,,omar-cooper-jr.php,,,39.1,,,,,,13.0,Omar Cooper,2026-08-07,NYJ
/nfl/rankings/ppr-superflex-cheatsheets.php,redraft-op,rsf,Adonai Mitchell,24357,WR,NYJ,170.35,19.69,137,250,,adonai-mitchell.php,,,18.3,,,,,,13.0,Adonai Mitchell,2026-08-07,NYJ
/nfl/rankings/ppr-superflex-cheatsheets.php,redraft-op,rsf,Jalen McMillan,23179,WR,TB,170.52,19.78,137,258,,jalen-mcmillan.php,,,30.8,,,,,,10.0,Jalen McMillan,2026-08-07,TBB
/nfl/rankings/ppr-superflex-cheatsheets.php,redraft-op,rsf,Jonah Coleman,27320,RB,DEN,168.99,28.17,132,312,,jonah-coleman.php,,,33.7,,,,,,10.0,Jonah Coleman,2026-08-07,DEN
/nfl/rankings/ppr-superflex-cheatsheets.php,redraft-op,rsf,Brian Robinson Jr.,20094,RB,ATL,171.37,12.27,145,220,,brian-robinson-jr.php,,,37.5,,,,,,11.0,Brian Robinson,2026-08-07,ATL
/nfl/rankings/ppr-superflex-cheatsheets.php,redraft-op,rsf,Oronde Gadsden II,25997,TE,LAC,171.87,26.24,115,227,,oronde-gadsden-ii.php,,,49.1,,,,,,7.0,Oronde Gadsden,2026-08-07,LAC
/nfl/rankings/ppr-superflex-cheatsheets.php,redraft-op,rsf,Tank Bigsby,22908,RB,PHI,172.8,17.74,142,217,,tank-bigsby.php,,,31.3,,,,,,10.0,Tank Bigsby,2026-08-07,PHI
/nfl/rankings/ppr-superflex-cheatsheets.php,redraft-op,rsf,Tre Tucker,25337,WR,LV,172.93,19.2,129,241,,tre-tucker.php,,,22.1,,,,,,13.0,Tre Tucker,2026-08-07,LVR
/nfl/rankings/ppr-superflex-cheatsheets.php,redraft-op,rsf,Stefon Diggs,13981,WR,WAS,150.58,38.34,95,269,,stefon-diggs.php,,,55.5,,,,,,7.0,Stefon Diggs,2026-08-07,WAS
/nfl/rankings/ppr-superflex-cheatsheets.php,redraft-op,rsf,Travis Hunter,26034,WR,JAC,172.12,22.69,114,254,,travis-hunter.php,,,66.7,,,,,,7.0,Travis Hunter,2026-08-07,JAC
/nfl/rankings/ppr-superflex-cheatsheets.php,redraft-op,rsf,Dalton Schultz,17349,TE,HOU,179.12,14.32,142,215,,dalton-schultz.php,,,29.2,,,,,,8.0,Dalton Schultz,2026-08-07,HOU
/nfl/rankings/ppr-superflex-cheatsheets.php,redraft-op,rsf,Tre' Harris,26215,WR,LAC,180.13,19.58,146,260,,tre-harris.php,,,15.6,,,,,,7.0,Tre Harris,2026-08-07,LAC
/nfl/rankings/ppr-superflex-cheatsheets.php,redraft-op,rsf,Braelon Allen,24346,RB,NYJ,178.78,21.05,143,246,,braelon-allen.php,,,20.6,,,,,,13.0,Braelon Allen,2026-08-07,NYJ
/nfl/rankings/ppr-superflex-cheatsheets.php,redraft-op,rsf,T.J. Hockenson,18290,TE,MIN,185.25,14.79,136,223,,tj-hockenson.php,,,55.8,,,,,,6.0,TJ Hockenson,2026-08-07,MIN
/nfl/rankings/ppr-superflex-cheatsheets.php,redraft-op,rsf,Ryan Flournoy,26398,WR,DAL,182.9,19.31,157,291,,ryan-flournoy.php,,,14.8,,,,,,14.0,Ryan Flournoy,2026-08-07,DAL
/nfl/rankings/ppr-superflex-cheatsheets.php,redraft-op,rsf,De'Zhaun Stribling,28138,WR,SF,190.12,40.65,133,346,,dezhaun-stribling.php,,,24.1,,,,,,8.0,DeZhaun Stribling,2026-08-07,SFO
/nfl/rankings/ppr-superflex-cheatsheets.php,redraft-op,rsf,Kayshon Boutte,22989,WR,NE,186.27,17.51,144,242,,kayshon-boutte.php,,,21.4,,,,,,11.0,Kayshon Boutte,2026-08-07,NEP
/nfl/rankings/ppr-superflex-cheatsheets.php,redraft-op,rsf,James Conner,16447,RB,ARI,182.81,29.38,117,284,,james-conner.php,,,28.5,,,,,,14.0,James Conner,2026-08-07,ARI
/nfl/rankings/ppr-superflex-cheatsheets.php,redraft-op,rsf,Troy Franklin,23092,WR,DEN,188.81,25.69,135,285,,troy-franklin.php,,,12.9,,,,,,10.0,Troy Franklin,2026-08-07,DEN
/nfl/rankings/ppr-superflex-cheatsheets.php,redraft-op,rsf,Kimani Vidal,26355,RB,LAC,189.16,21.69,156,251,,kimani-vidal.php,,,14.2,,,,,,7.0,Kimani Vidal,2026-08-07,LAC
/nfl/rankings/ppr-superflex-cheatsheets.php,redraft-op,rsf,Calvin Ridley,17258,WR,TEN,191.49,22.36,147,288,,calvin-ridley.php,,,19.8,,,,,,9.0,Calvin Ridley,2026-08-07,TEN
/nfl/rankings/ppr-superflex-cheatsheets.php,redraft-op,rsf,Jaylin Noel,27122,WR,HOU,187.95,22.25,140,265,,jaylin-noel.php,,,10.3,,,,,-8.0,8.0,Jaylin Noel,2026-08-07,HOU
/nfl/rankings/ppr-superflex-cheatsheets.php,redraft-op,rsf,Jalen Nailor,24177,WR,LV,188.66,29.56,124,269,,jalen-nailor.php,,,31.7,,,,,,13.0,Jalen Nailor,2026-08-07,LVR
/nfl/rankings/ppr-superflex-cheatsheets.php,redraft-op,rsf,AJ Barner,26335,TE,SEA,196.59,14.97,152,228,,aj-barner.php,,,27.2,,,,,,11.0,AJ Barner,2026-08-07,SEA
/nfl/rankings/ppr-superflex-cheatsheets.php,redraft-op,rsf,Michael Penix Jr.,22973,QB,ATL,153.42,30.41,87,267,,michael-penix-jr.php,,,12.8,,,,,,11.0,Michael Penix,2026-08-07,ATL
/nfl/rankings/ppr-superflex-cheatsheets.php,redraft-op,rsf,Sean Tucker,23679,RB,TB,191.68,26.87,151,317,,sean-tucker.php,,,19.0,,,,,,10.0,Sean Tucker,2026-08-07,TBB
/nfl/rankings/ppr-superflex-cheatsheets.php,redraft-op,rsf,Dontayvion Wicks,24354,WR,PHI,193.8,16.3,147,240,,dontayvion-wicks.php,,,12.4,,,,,,10.0,Dontayvion Wicks,2026-08-07,PHI
/nfl/rankings/ppr-superflex-cheatsheets.php,redraft-op,rsf,Malik Washington,26314,WR,MIA,193.91,26.44,144,261,,malik-washington.php,,,16.9,,,,,,6.0,Malik Washington,2026-08-07,MIA
/nfl/rankings/ppr-superflex-cheatsheets.php,redraft-op,rsf,Ray Davis,26191,RB,BUF,191.98,22.44,153,274,,ray-davis.php,,,15.4,,,,,,7.0,Ray Davis,2026-08-07,BUF
/nfl/rankings/ppr-superflex-cheatsheets.php,redraft-op,rsf,Kenyon Sadiq,26055,TE,NYJ,199.12,29.58,148,350,,kenyon-sadiq.php,,,63.9,,,,,,13.0,Kenyon Sadiq,2026-08-07,NYJ
/nfl/rankings/ppr-superflex-cheatsheets.php,redraft-op,rsf,Deshaun Watson,16398,QB,CLE,156.6,37.57,35,281,,deshaun-watson.php,,,16.9,,,,,,11.0,Deshaun Watson,2026-08-07,CLE
/nfl/rankings/ppr-superflex-cheatsheets.php,redraft-op,rsf,Emmett Johnson,28107,RB,KC,191.95,28.94,156,323,,emmett-johnson.php,,,26.6,,,,,,5.0,Emmett Johnson,2026-08-07,KCC
/nfl/rankings/ppr-superflex-cheatsheets.php,redraft-op,rsf,Darnell Mooney,19810,WR,NYG,196.28,16.43,157,253,,darnell-mooney.php,,,17.4,,,,,,8.0,Darnell Mooney,2026-08-07,NYG
/nfl/rankings/ppr-superflex-cheatsheets.php,redraft-op,rsf,Isaac TeSlaa,27446,WR,DET,193.18,17.09,167,260,,isaac-teslaa.php,,,18.7,,,,,,6.0,Isaac TeSlaa,2026-08-07,DET
/nfl/rankings/ppr-superflex-cheatsheets.php,redraft-op,rsf,Pat Bryant,27211,WR,DEN,197.38,18.23,166,256,,pat-bryant.php,,,11.4,,,,,,10.0,Pat Bryant,2026-08-07,DEN
/nfl/rankings/ppr-superflex-cheatsheets.php,redraft-op,rsf,Gunnar Helm,27109,TE,TEN,203.84,21.25,163,295,,gunnar-helm.php,,,16.8,,,,,,9.0,Gunnar Helm,2026-08-07,TEN
/nfl/rankings/ppr-superflex-cheatsheets.php,redraft-op,rsf,Antonio Williams,25418,WR,WAS,194.42,32.27,140,281,,antonio-williams-wr.php,,,28.4,,,,,,7.0,Antonio Williams,2026-08-07,WAS
/nfl/rankings/ppr-superflex-cheatsheets.php,redraft-op,rsf,Kirk Cousins,11177,QB,LV,156.21,38.52,36,277,,kirk-cousins.php,,,10.9,,,,,,13.0,Kirk Cousins,2026-08-07,LVR
/nfl/rankings/ppr-superflex-cheatsheets.php,redraft-op,rsf,Mike Washington Jr.,28108,RB,LV,198.88,27.52,159,326,,mike-washington-jr.php,,,25.5,,,,,,13.0,Mike Washington,2026-08-07,LVR
/nfl/rankings/ppr-superflex-cheatsheets.php,redraft-op,rsf,Emanuel Wilson,25885,RB,SEA,198.96,23.59,153,253,,emanuel-wilson.php,,,13.0,,,,,,11.0,Emanuel Wilson,2026-08-07,SEA
/nfl/rankings/ppr-superflex-cheatsheets.php,redraft-op,rsf,Cooper Kupp,16433,WR,SEA,205.62,21.03,149,264,,cooper-kupp.php,,,17.1,,,,,,11.0,Cooper Kupp,2026-08-07,SEA
/nfl/rankings/ppr-superflex-cheatsheets.php,redraft-op,rsf,Rashod Bateman,19794,WR,BAL,207.65,20.52,169,262,,rashod-bateman.php,,,8.7,,,,,,13.0,Rashod Bateman,2026-08-07,BAL
/nfl/rankings/ppr-superflex-cheatsheets.php,redraft-op,rsf,Nicholas Singleton,24343,RB,TEN,202.37,30.13,152,308,,nick-singleton.php,,,25.3,,,,,,9.0,Nicholas Singleton,2026-08-07,TEN
/nfl/rankings/ppr-superflex-cheatsheets.php,redraft-op,rsf,Tank Dell,25361,WR,HOU,204.92,19.47,169,275,,nathaniel-dell.php,,,24.2,,,,,,8.0,Tank Dell,2026-08-07,HOU
/nfl/rankings/ppr-superflex-cheatsheets.php,redraft-op,rsf,Shedeur Sanders,25968,QB,CLE,163.1,35.14,39,276,,shedeur-sanders.php,,,14.5,,,,,,11.0,Shedeur Sanders,2026-08-07,CLE
/nfl/rankings/ppr-superflex-cheatsheets.php,redraft-op,rsf,Kaytron Allen,24362,RB,WAS,207.53,27.56,161,286,,kaytron-allen.php,,,21.1,,,,,,7.0,Kaytron Allen,2026-08-07,WAS
/nfl/rankings/ppr-superflex-cheatsheets.php,redraft-op,rsf,Pat Freiermuth,20163,TE,PIT,218.28,18.89,161,279,,pat-freiermuth.php,,,16.7,,,,,,9.0,Pat Freiermuth,2026-08-07,PIT
/nfl/rankings/ppr-superflex-cheatsheets.php,redraft-op,rsf,Zachariah Branch,25419,WR,ATL,212.14,25.15,151,260,,zachariah-branch.php,,,23.2,,,,,,11.0,Zachariah Branch,2026-08-07,ATL
/nfl/rankings/ppr-superflex-cheatsheets.php,redraft-op,rsf,Chimere Dike,27315,WR,TEN,211.95,28.31,148,278,,chimere-dike.php,,,11.3,,,,,,9.0,Chimere Dike,2026-08-07,TEN
/nfl/rankings/ppr-superflex-cheatsheets.php,redraft-op,rsf,Cade Otton,23181,TE,TB,220.72,16.8,186,289,,cade-otton.php,,,23.0,,,,,,10.0,Cade Otton,2026-08-07,TBB
/nfl/rankings/ppr-superflex-cheatsheets.php,redraft-op,rsf,Jaylen Wright,25987,RB,MIA,211.36,18.88,162,268,,jaylen-wright.php,,,10.2,,,,,,6.0,Jaylen Wright,2026-08-07,MIA
/nfl/rankings/ppr-superflex-cheatsheets.php,redraft-op,rsf,Germie Bernard,26039,WR,PIT,212.49,22.03,177,280,,germie-bernard.php,,,20.4,,,,,,9.0,Germie Bernard,2026-08-07,PIT
/nfl/rankings/ppr-superflex-cheatsheets.php,redraft-op,rsf,MarShawn Lloyd,23118,RB,GB,216.42,36.94,154,290,,marshawn-lloyd.php,,,9.3,,,,,,11.0,MarShawn Lloyd,2026-08-07,GBP
/nfl/rankings/ppr-superflex-cheatsheets.php,redraft-op,rsf,Terrance Ferguson,23091,TE,LAR,218.54,22.69,161,345,,terrance-ferguson.php,,,20.2,,,,,,11.0,Terrance Ferguson,2026-08-07,LAR
/nfl/rankings/ppr-superflex-cheatsheets.php,redraft-op,rsf,Jaydon Blue,24344,RB,DAL,216.77,31.76,162,283,,jaydon-blue.php,,,11.1,,,,,,14.0,Jaydon Blue,2026-08-07,DAL
/nfl/rankings/ppr-superflex-cheatsheets.php,redraft-op,rsf,David Njoku,16399,TE,LAC,220.95,16.7,174,260,,david-njoku.php,,,24.8,,,,,,7.0,David Njoku,2026-08-07,LAC
/nfl/rankings/ppr-superflex-cheatsheets.php,redraft-op,rsf,Jack Bech,27224,WR,LV,219.25,22.55,157,292,,jack-bech.php,,,8.7,,,,,,13.0,Jack Bech,2026-08-07,LVR
/nfl/rankings/ppr-superflex-cheatsheets.php,redraft-op,rsf,Evan Engram,16411,TE,DEN,229.44,16.36,181,262,,evan-engram.php,,,13.1,,,,,,10.0,Evan Engram,2026-08-07,DEN
/nfl/rankings/ppr-superflex-cheatsheets.php,redraft-op,rsf,Ollie Gordon II,25984,RB,MIA,221.74,18.62,174,270,,ollie-gordon.php,,,4.2,,,,,,6.0,Ollie Gordon,2026-08-07,MIA
/nfl/rankings/ppr-superflex-cheatsheets.php,redraft-op,rsf,Greg Dulcich,23153,TE,MIA,196.59,30.29,128,271,,greg-dulcich.php,,,21.0,,,,,,6.0,Greg Dulcich,2026-08-07,MIA
/nfl/rankings/ppr-superflex-cheatsheets.php,redraft-op,rsf,Keon Coleman,26019,WR,BUF,221.79,25.13,149,274,,keon-coleman.php,,,9.3,,,,,,7.0,Keon Coleman,2026-08-07,BUF
/nfl/rankings/ppr-superflex-cheatsheets.php,redraft-op,rsf,Elic Ayomanor,27059,WR,TEN,221.11,26.5,167,295,,elic-ayomanor.php,,,9.3,,,,,,9.0,Elic Ayomanor,2026-08-07,TEN
/nfl/rankings/ppr-superflex-cheatsheets.php,redraft-op,rsf,Justice Hill,18256,RB,BAL,217.79,28.42,155,276,,justice-hill.php,,,9.3,,,,,,13.0,Justice Hill,2026-08-07,BAL
/nfl/rankings/ppr-superflex-cheatsheets.php,redraft-op,rsf,Colby Parkinson,19372,TE,LAR,232.09,18.02,183,313,,colby-parkinson.php,,,20.1,,,,,,11.0,Colby Parkinson,2026-08-07,LAR
/nfl/rankings/ppr-superflex-cheatsheets.php,redraft-op,rsf,Isaiah Davis,25977,RB,NYJ,225.41,24.21,172,293,,isaiah-davis.php,,,3.3,,,,,,13.0,Isaiah Davis,2026-08-07,NYJ
/nfl/rankings/ppr-superflex-cheatsheets.php,redraft-op,rsf,Tory Horton,26022,WR,SEA,229.19,21.26,179,280,,tory-horton.php,,,10.7,,,,,,11.0,Tory Horton,2026-08-07,SEA
/nfl/rankings/ppr-superflex-cheatsheets.php,redraft-op,rsf,Christian Kirk,17268,WR,SF,227.37,22.28,175,287,,christian-kirk.php,,,13.0,,,,,,8.0,Christian Kirk,2026-08-07,SFO
/nfl/rankings/ppr-superflex-cheatsheets.php,redraft-op,rsf,Chris Bell,26038,WR,MIA,222.0,24.62,158,269,,chris-bell.php,,,20.3,,,,,,6.0,Chris Bell,2026-08-07,MIA
/nfl/rankings/ppr-superflex-cheatsheets.php,redraft-op,rsf,George Holani,22915,RB,SEA,232.93,34.03,166,349,,george-holani.php,,,7.8,,,,,,11.0,George Holani,2026-08-07,SEA
/nfl/rankings/ppr-superflex-cheatsheets.php,redraft-op,rsf,Elijah Sarratt,27463,WR,BAL,228.69,19.2,186,297,,elijah-sarratt.php,,,16.3,,,,,,13.0,Elijah Sarratt,2026-08-07,BAL
/nfl/rankings/ppr-superflex-cheatsheets.php,redraft-op,rsf,Eli Stowers,23144,TE,PHI,240.36,28.49,161,319,,eli-stowers.php,,,23.6,,,,,,10.0,Eli Stowers,2026-08-07,PHI
/nfl/rankings/ppr-superflex-cheatsheets.php,redraft-op,rsf,Ty Johnson,18406,RB,BUF,230.56,22.95,172,326,,ty-johnson.php,,,3.2,,,,,,7.0,Ty Johnson,2026-08-07,BUF
/nfl/rankings/ppr-superflex-cheatsheets.php,redraft-op,rsf,Malachi Fields,27994,WR,NYG,230.75,27.16,188,325,,malachi-fields.php,,,17.1,,,,,,8.0,Malachi Fields,2026-08-07,NYG
/nfl/rankings/ppr-superflex-cheatsheets.php,redraft-op,rsf,Demond Claiborne,28084,RB,MIN,231.39,30.48,165,327,,demond-claiborne.php,,,16.0,,,,,,6.0,Demond Claiborne,2026-08-07,MIN
/nfl/rankings/ppr-superflex-cheatsheets.php,redraft-op,rsf,Darius Slayton,18706,WR,NYG,236.95,27.37,180,341,,darius-slayton.php,,,4.4,,,,,,8.0,Darius Slayton,2026-08-07,NYG
/nfl/rankings/ppr-superflex-cheatsheets.php,redraft-op,rsf,Brandon Aiyuk,19252,WR,SF,210.71,36.7,137,310,,brandon-aiyuk.php,,,25.3,,,,,,8.0,Brandon Aiyuk,2026-08-07,SFO
/nfl/rankings/ppr-superflex-cheatsheets.php,redraft-op,rsf,Mason Taylor,26005,TE,NYJ,242.82,21.52,189,298,,mason-taylor.php,,,11.5,,,,,,13.0,Mason Taylor,2026-08-07,NYJ
/nfl/rankings/ppr-superflex-cheatsheets.php,redraft-op,rsf,Ted Hurst III,28130,WR,TB,230.35,27.97,187,342,,ted-hurst.php,,,17.4,,,,,,10.0,Ted Hurst,2026-08-07,TBB
/nfl/rankings/ppr-superflex-cheatsheets.php,redraft-op,rsf,DJ Giddens,27097,RB,IND,239.58,19.79,192,291,,dj-giddens.php,,,2.9,,,,,,13.0,DJ Giddens,2026-08-07,IND
/nfl/rankings/ppr-superflex-cheatsheets.php,redraft-op,rsf,Tyquan Thornton,22913,WR,KC,239.7,27.28,173,328,,tyquan-thornton.php,,,6.4,,,,,,5.0,Tyquan Thornton,2026-08-07,KCC
/nfl/rankings/ppr-superflex-cheatsheets.php,redraft-op,rsf,Marvin Mims Jr.,23080,WR,DEN,233.16,23.83,189,350,,marvin-mims.php,,,10.5,,,,,,10.0,Marvin Mims,2026-08-07,DEN
/nfl/rankings/ppr-superflex-cheatsheets.php,redraft-op,rsf,Xavier Legette,26136,WR,CAR,233.65,26.01,174,288,,xavier-legette.php,,,3.1,,,,,,5.0,Xavier Legette,2026-08-07,CAR
/nfl/rankings/ppr-superflex-cheatsheets.php,redraft-op,rsf,Chris Brooks,25823,RB,GB,238.15,23.03,163,280,,christopher-brooks.php,,,6.3,,,,,,11.0,Chris Brooks,2026-08-07,GBP
/nfl/rankings/ppr-superflex-cheatsheets.php,redraft-op,rsf,Jordan James,27310,RB,SF,243.53,29.74,159,338,,jordan-james.php,,,9.9,,,,,,8.0,Jordan James,2026-08-07,SFO
/nfl/rankings/ppr-superflex-cheatsheets.php,redraft-op,rsf,Theo Johnson,23104,TE,NYG,247.07,20.62,194,306,,theo-johnson.php,,,11.5,,,,,,8.0,Theo Johnson,2026-08-07,NYG
/nfl/rankings/ppr-superflex-cheatsheets.php,redraft-op,rsf,LeQuint Allen Jr.,27285,RB,JAC,238.13,25.11,163,298,,lequint-allen-jr.php,,,5.0,,,,,,7.0,LeQuint Allen,2026-08-07,JAC
/nfl/rankings/ppr-superflex-cheatsheets.php,redraft-op,rsf,Samaje Perine,16423,RB,CIN,244.22,32.73,162,344,,samaje-perine.php,,,5.1,,,,,,6.0,Samaje Perine,2026-08-07,CIN
/nfl/rankings/ppr-superflex-cheatsheets.php,redraft-op,rsf,Trey Benson,25388,RB,ARI,238.31,34.65,136,318,,trey-benson.php,,,12.1,,,,,,14.0,Trey Benson,2026-08-07,ARI
/nfl/rankings/ppr-superflex-cheatsheets.php,redraft-op,rsf,Devaughn Vele,26409,WR,NO,242.61,20.61,195,326,,devaughn-vele.php,,,9.0,,,,,,8.0,Devaughn Vele,2026-08-07,NOS
/nfl/rankings/ppr-superflex-cheatsheets.php,redraft-op,rsf,Devin Neal,23682,RB,NO,244.18,27.8,186,336,,devin-neal.php,,,6.3,,,,,,8.0,Devin Neal,2026-08-07,NOS
/nfl/rankings/ppr-superflex-cheatsheets.php,redraft-op,rsf,Kaleb Johnson,27165,RB,PIT,241.7,28.07,168,322,,kaleb-johnson-rb.php,,,8.2,,,,,,9.0,Kaleb Johnson,2026-08-07,PIT
/nfl/rankings/ppr-superflex-cheatsheets.php,redraft-op,rsf,Kaelon Black,28401,RB,SF,244.04,36.32,163,299,,kaelon-black.php,,,12.9,,,,,,8.0,Kaelon Black,2026-08-07,SFO
/nfl/rankings/ppr-superflex-cheatsheets.php,redraft-op,rsf,Malik Davis,24205,RB,DAL,251.55,23.24,176,296,,malik-davis.php,,,3.0,,,,,,14.0,Malik Davis,2026-08-07,DAL
/nfl/rankings/ppr-superflex-cheatsheets.php,redraft-op,rsf,Oscar Delp,25430,TE,NO,268.46,29.17,227,330,,oscar-delp.php,,,6.4,,,,,,8.0,Oscar Delp,2026-08-07,NOS
/nfl/rankings/ppr-superflex-cheatsheets.php,redraft-op,rsf,Hollywood Brown,18226,WR,PHI,250.34,22.04,191,308,,marquise-brown.php,,,5.4,,,,,,10.0,Marquise Brown,2026-08-07,PHI
/nfl/rankings/ppr-superflex-cheatsheets.php,redraft-op,rsf,Keenan Allen,11616,WR,LAC,239.54,21.62,179,265,,keenan-allen.php,,,7.1,,,,,,7.0,Keenan Allen,2026-08-07,LAC
/nfl/rankings/ppr-superflex-cheatsheets.php,redraft-op,rsf,Emari Demercado,25654,RB,KC,256.65,31.61,154,316,,emari-demercado.php,,,2.4,,,,,,5.0,Emari Demercado,2026-08-07,KCC
/nfl/rankings/ppr-superflex-cheatsheets.php,redraft-op,rsf,Kyle Williams,27487,WR,NE,242.46,26.15,187,333,,kyle-williams-wr-2025.php,,,5.6,,,,,,11.0,Kyle Williams,2026-08-07,NEP
/nfl/rankings/ppr-superflex-cheatsheets.php,redraft-op,rsf,Mack Hollins,16489,WR,NE,244.97,32.1,170,333,,mack-hollins.php,,,2.9,,,,,,11.0,Mack Hollins,2026-08-07,NEP
/nfl/rankings/ppr-superflex-cheatsheets.php,redraft-op,rsf,Mike Gesicki,17272,TE,CIN,240.19,19.25,206,306,,mike-gesicki.php,,,10.5,,,,,,6.0,Mike Gesicki,2026-08-07,CIN
/nfl/rankings/ppr-superflex-cheatsheets.php,redraft-op,rsf,Kendre Miller,24360,RB,NO,251.78,31.38,166,327,,kendre-miller.php,,,5.6,,,,,,8.0,Kendre Miller,2026-08-07,NOS
/nfl/rankings/ppr-superflex-cheatsheets.php,redraft-op,rsf,Tyreek Hill,15802,WR,FA,223.82,34.48,143,294,,tyreek-hill.php,,,28.8,,,,,,,Tyreek Hill,2026-08-07,FA
/nfl/rankings/ppr-superflex-cheatsheets.php,redraft-op,rsf,Brashard Smith,27259,RB,KC,250.49,23.05,209,315,,brashard-smith.php,,,4.8,,,,,,5.0,Brashard Smith,2026-08-07,KCC
/nfl/rankings/ppr-superflex-cheatsheets.php,redraft-op,rsf,Devin Singletary,18280,RB,NYG,259.68,15.73,214,294,,devin-singletary.php,,,1.3,,,,,,8.0,Devin Singletary,2026-08-07,NYG
/nfl/rankings/ppr-superflex-cheatsheets.php,redraft-op,rsf,Adam Randall,24367,RB,BAL,259.46,22.75,212,300,,adam-randall.php,,,5.3,,,,,,13.0,Adam Randall,2026-08-07,BAL
/nfl/rankings/ppr-superflex-cheatsheets.php,redraft-op,rsf,Jerome Ford,22921,RB,WAS,256.6,24.21,178,293,,jerome-ford.php,,,3.4,,,,,,7.0,Jerome Ford,2026-08-07,WAS
/nfl/rankings/ppr-superflex-cheatsheets.php,redraft-op,rsf,Ja'Kobi Lane,27337,WR,BAL,253.59,25.26,204,348,,jakobi-lane.php,,,19.8,,,,,,13.0,JaKobi Lane,2026-08-07,BAL
/nfl/rankings/ppr-superflex-cheatsheets.php,redraft-op,rsf,Skyler Bell,28126,WR,BUF,255.6,26.87,198,340,,skyler-bell.php,,,13.4,,,,,,7.0,Skyler Bell,2026-08-07,BUF
/nfl/rankings/ppr-superflex-cheatsheets.php,redraft-op,rsf,Isaiah Bond,24371,WR,CLE,260.1,22.68,212,343,,isaiah-bond.php,,,2.6,,,,,,11.0,Isaiah Bond,2026-08-07,CLE
/nfl/rankings/ppr-superflex-cheatsheets.php,redraft-op,rsf,Tahj Brooks,26212,RB,CIN,265.05,25.92,184,322,,tahj-brooks.php,,,1.5,,,,,,6.0,Tahj Brooks,2026-08-07,CIN
/nfl/rankings/ppr-superflex-cheatsheets.php,redraft-op,rsf,Najee Harris,19302,RB,LAC,252.72,21.34,208,299,,najee-harris-rb.php,,,6.8,,,,,,7.0,Najee Harris,2026-08-07,LAC
/nfl/rankings/ppr-superflex-cheatsheets.php,redraft-op,rsf,Jake Tonges,24778,TE,SF,257.57,21.85,211,309,,jake-tonges.php,,,14.5,,,,,,8.0,Jake Tonges,2026-08-07,SFO
/nfl/rankings/ppr-superflex-cheatsheets.php,redraft-op,rsf,Seth McGowan,23079,RB,IND,266.64,20.8,220,314,,seth-mcgowan.php,,,4.5,,,,,,13.0,Seth McGowan,2026-08-07,IND
/nfl/rankings/ppr-superflex-cheatsheets.php,redraft-op,rsf,Trevor Etienne,25393,RB,CAR,275.32,15.26,232,321,,trevor-etienne.php,,,1.5,,,,,,5.0,Trevor Etienne,2026-08-07,CAR
/nfl/rankings/ppr-superflex-cheatsheets.php,redraft-op,rsf,Jaleel McLaughlin,25876,RB,DEN,264.17,19.79,214,299,,jaleel-mclaughlin.php,,,0.7,,,,,,10.0,Jaleel McLaughlin,2026-08-07,DEN
/nfl/rankings/ppr-superflex-cheatsheets.php,redraft-op,rsf,Jarquez Hunter,24335,RB,LAR,271.89,17.94,231,319,,jarquez-hunter.php,,,3.5,,,,,,11.0,Jarquez Hunter,2026-08-07,LAR
/nfl/rankings/ppr-superflex-cheatsheets.php,redraft-op,rsf,Andrei Iosivas,25335,WR,CIN,245.48,31.04,176,322,,andrei-iosivas.php,,,4.4,,,,,,6.0,Andrei Iosivas,2026-08-07,CIN
/nfl/rankings/ppr-superflex-cheatsheets.php,redraft-op,rsf,Isaac Guerendo,26392,RB,SF,274.04,20.12,226,338,,isaac-guerendo.php,,,2.0,,,,,,8.0,Isaac Guerendo,2026-08-07,SFO
/nfl/rankings/ppr-superflex-cheatsheets.php,redraft-op,rsf,Darnell Washington,22967,TE,PIT,260.6,28.08,190,329,,darnell-washington.php,,,12.6,,,,,,9.0,Darnell Washington,2026-08-07,PIT
/nfl/rankings/ppr-superflex-cheatsheets.php,redraft-op,rsf,Chris Brazzell II,28047,WR,CAR,251.61,29.1,211,331,,chris-brazzell-ii.php,,,14.0,,,,,,5.0,Chris Brazzell,2026-08-07,CAR
/nfl/rankings/ppr-superflex-cheatsheets.php,redraft-op,rsf,Audric Estime,23054,RB,NO,276.08,19.88,225,320,,audric-estime.php,,,3.6,,,,,,8.0,Audric Estime,2026-08-07,NOS
/nfl/rankings/ppr-superflex-cheatsheets.php,redraft-op,rsf,Caleb Douglas,28135,WR,MIA,257.68,42.52,181,330,,caleb-douglas.php,,,4.4,,,,,,6.0,Caleb Douglas,2026-08-07,MIA
/nfl/rankings/ppr-superflex-cheatsheets.php,redraft-op,rsf,Cedric Tillman,25287,WR,CLE,267.92,24.46,221,337,,cedric-tillman.php,,,1.1,,,,,,11.0,Cedric Tillman,2026-08-07,CLE
/nfl/rankings/ppr-superflex-cheatsheets.php,redraft-op,rsf,Joe Mixon,16420,RB,FA,270.03,28.43,178,317,,joe-mixon.php,,,10.4,,,,,,,Joe Mixon,2026-08-07,FA
/nfl/rankings/ppr-superflex-cheatsheets.php,redraft-op,rsf,Will Shipley,22930,RB,PHI,283.44,18.12,234,318,,will-shipley.php,,,1.3,,,,,,10.0,Will Shipley,2026-08-07,PHI
/nfl/rankings/ppr-superflex-cheatsheets.php,redraft-op,rsf,Jalen Tolbert,23770,WR,MIA,261.5,42.09,177,328,,jalen-tolbert.php,,,4.9,,,,,,6.0,Jalen Tolbert,2026-08-07,MIA
/nfl/rankings/ppr-superflex-cheatsheets.php,redraft-op,rsf,Luke McCaffrey,26328,WR,WAS,272.71,27.02,190,335,,luke-mccaffrey.php,,,1.2,,,,,,7.0,Luke McCaffrey,2026-08-07,WAS
/nfl/rankings/ppr-superflex-cheatsheets.php,redraft-op,rsf,Kareem Hunt,16425,RB,FA,279.0,26.15,170,351,,kareem-hunt.php,,,1.3,,,,,,,Kareem Hunt,2026-08-07,FA
/nfl/rankings/ppr-superflex-cheatsheets.php,redraft-op,rsf,Tez Johnson,27147,WR,TB,273.32,22.36,219,324,,tez-johnson.php,,,1.8,,,,,,10.0,Tez Johnson,2026-08-07,TBB
/nfl/rankings/ppr-superflex-cheatsheets.php,redraft-op,rsf,Cyrus Allen,28424,WR,KC,245.89,55.04,160,366,,cyrus-allen.php,,,4.0,,,,,17.0,5.0,Cyrus Allen,2026-08-07,KCC
/nfl/rankings/ppr-superflex-cheatsheets.php,redraft-op,rsf,Konata Mumpfield,27449,WR,LAR,263.06,25.86,218,328,,konata-mumpfield.php,,,1.1,,,,,,11.0,Konata Mumpfield,2026-08-07,LAR
/nfl/rankings/ppr-superflex-cheatsheets.php,redraft-op,rsf,Jahan Dotson,23101,WR,ATL,262.39,30.57,190,309,,jahan-dotson.php,,,4.0,,,,,,11.0,Jahan Dotson,2026-08-07,ATL
/nfl/rankings/ppr-superflex-cheatsheets.php,redraft-op,rsf,Jalen Royals,27076,WR,KC,277.11,23.21,239,335,,jalen-royals.php,,,1.5,,,,,,5.0,Jalen Royals,2026-08-07,KCC
/nfl/rankings/ppr-superflex-cheatsheets.php,redraft-op,rsf,Max Klare,27993,TE,LAR,280.18,20.27,242,316,,max-klare.php,,,11.3,,,,,,11.0,Max Klare,2026-08-07,LAR
/nfl/rankings/ppr-superflex-cheatsheets.php,redraft-op,rsf,Elijah Arroyo,23004,TE,SEA,282.19,20.13,246,317,,elijah-arroyo.php,,,4.9,,,,,,11.0,Elijah Arroyo,2026-08-07,SEA
/nfl/rankings/ppr-superflex-cheatsheets.php,redraft-op,rsf,Tyler Higbee,15623,TE,LAR,276.82,28.63,206,323,,tyler-higbee.php,,,3.1,,,,,,11.0,Tyler Higbee,2026-08-07,LAR
/nfl/rankings/ppr-superflex-cheatsheets.php,redraft-op,rsf,Calvin Austin III,23739,WR,NYG,279.15,35.78,219,349,,calvin-austin.php,,,2.4,,,,,,8.0,Calvin Austin,2026-08-07,NYG
/nfl/rankings/ppr-superflex-cheatsheets.php,redraft-op,rsf,Olamide Zaccheaus,18864,WR,ATL,276.41,27.42,212,328,,olamide-zaccheaus.php,,,2.9,,,,,,11.0,Olamide Zaccheaus,2026-08-07,ATL
/nfl/rankings/ppr-superflex-cheatsheets.php,redraft-op,rsf,Michael Mayer,23056,TE,LV,279.39,23.42,240,327,,michael-mayer.php,,,11.5,,,,,,13.0,Michael Mayer,2026-08-07,LVR
/nfl/rankings/ppr-superflex-cheatsheets.php,redraft-op,rsf,DeMario Douglas,25304,WR,NE,283.5,33.14,200,352,,demario-douglas.php,,,5.5,,,,,,11.0,Demario Douglas,2026-08-07,NEP
/nfl/rankings/ppr-superflex-cheatsheets.php,redraft-op,rsf,Cole Kmet,19229,TE,CHI,285.88,22.66,231,319,,cole-kmet.php,,,7.3,,,,,,10.0,Cole Kmet,2026-08-07,CHI
/nfl/rankings/ppr-superflex-cheatsheets.php,redraft-op,rsf,J.J. McCarthy,23018,QB,MIN,182.85,32.18,127,283,,jj-mccarthy.php,,,10.9,,,,,,6.0,JJ McCarthy,2026-08-07,MIN
/nfl/rankings/ppr-superflex-cheatsheets.php,redraft-op,rsf,Ja'Tavion Sanders,24334,TE,CAR,281.47,27.23,227,333,,jatavion-sanders.php,,,3.4,,,,,,5.0,JaTavion Sanders,2026-08-07,CAR
/nfl/rankings/ppr-superflex-cheatsheets.php,redraft-op,rsf,Joshua Palmer,22845,WR,BUF,268.29,44.61,181,339,,josh-palmer.php,,,1.1,,,,,,7.0,Josh Palmer,2026-08-07,BUF
/nfl/rankings/ppr-superflex-cheatsheets.php,redraft-op,rsf,Bam Knight,24901,RB,ARI,280.64,27.26,220,332,,zonovan-bam-knight.php,,,0.7,,,,,,14.0,Bam Knight,2026-08-07,ARI
/nfl/rankings/ppr-superflex-cheatsheets.php,redraft-op,rsf,Noah Gray,19539,TE,KC,290.03,17.88,257,324,,noah-gray.php,,,4.0,,,,,,5.0,Noah Gray,2026-08-07,KCC
/nfl/rankings/ppr-superflex-cheatsheets.php,redraft-op,rsf,Treylon Burks,22905,WR,WAS,279.22,34.95,203,333,,treylon-burks.php,,,3.6,,,,,,7.0,Treylon Burks,2026-08-07,WAS
/nfl/rankings/ppr-superflex-cheatsheets.php,redraft-op,rsf,Eli Heidenreich,28297,RB,PIT,279.89,25.24,220,323,,eli-heidenreich.php,,,2.0,,,,,,9.0,Eli Heidenreich,2026-08-07,PIT
/nfl/rankings/ppr-superflex-cheatsheets.php,redraft-op,rsf,Dawson Knox,18631,TE,BUF,291.32,26.74,234,349,,dawson-knox.php,,,7.4,,,,,,7.0,Dawson Knox,2026-08-07,BUF
/nfl/rankings/ppr-superflex-cheatsheets.php,redraft-op,rsf,Bryce Lance,28129,WR,NO,280.6,29.75,199,327,,bryce-lance.php,,,5.5,,,,,,8.0,Bryce Lance,2026-08-07,NOS
/nfl/rankings/ppr-superflex-cheatsheets.php,redraft-op,rsf,Kendrick Bourne,17066,WR,ARI,272.86,49.7,198,373,,kendrick-bourne.php,,,3.1,,,,,,14.0,Kendrick Bourne,2026-08-07,ARI
/nfl/rankings/ppr-superflex-cheatsheets.php,redraft-op,rsf,Erick All Jr.,23837,TE,CIN,287.23,25.11,245,344,,erick-all.php,,,1.3,,,,,,6.0,Erick All,2026-08-07,CIN
/nfl/rankings/ppr-superflex-cheatsheets.php,redraft-op,rsf,Brenen Thompson,28133,WR,LAC,275.5,33.3,218,352,,brenen-thompson.php,,,3.9,,,,,,7.0,Brenen Thompson,2026-08-07,LAC
/nfl/rankings/ppr-superflex-cheatsheets.php,redraft-op,rsf,Michael Carter,22728,RB,TEN,284.5,35.28,175,346,,michael-carter-rb.php,,,0.6,,,,,,9.0,Michael Carter,2026-08-07,TEN
/nfl/rankings/ppr-superflex-cheatsheets.php,redraft-op,rsf,Dont'e Thornton Jr.,27288,WR,LV,284.24,31.33,234,336,,donte-thornton-jr.php,,,1.5,,,,,,13.0,Donte Thornton,2026-08-07,LVR
/nfl/rankings/ppr-superflex-cheatsheets.php,redraft-op,rsf,Eli Raridon,28154,TE,NE,294.79,32.9,240,374,,eli-raridon.php,,,5.1,,,,,,11.0,Eli Raridon,2026-08-07,NEP
/nfl/rankings/ppr-superflex-cheatsheets.php,redraft-op,rsf,John Metchie III,22895,WR,CAR,283.25,30.64,241,347,,john-metchie.php,,,1.8,,,,,,5.0,John Metchie,2026-08-07,CAR
/nfl/rankings/ppr-superflex-cheatsheets.php,redraft-op,rsf,J'Mari Taylor,28109,RB,JAC,290.95,19.68,257,335,,jmari-taylor.php,,,3.9,,,,,,7.0,JMari Taylor,2026-08-07,JAC
/nfl/rankings/ppr-superflex-cheatsheets.php,redraft-op,rsf,Justin Joly,28079,TE,DEN,301.0,22.59,246,337,,justin-joly.php,,,11.0,,,,,,10.0,Justin Joly,2026-08-07,DEN
/nfl/rankings/ppr-superflex-cheatsheets.php,redraft-op,rsf,Raheim Sanders,24351,RB,CLE,280.28,37.64,192,343,,raheim-sanders.php,,,0.6,,,,,,11.0,Raheim Sanders,2026-08-07,CLE
/nfl/rankings/ppr-superflex-cheatsheets.php,redraft-op,rsf,Jawhar Jordan,26329,RB,HOU,284.89,46.19,166,342,,jawhar-jordan.php,,,0.7,,,,,,8.0,Jawhar Jordan,2026-08-07,HOU
/nfl/rankings/ppr-superflex-cheatsheets.php,redraft-op,rsf,Nick Chubb,17246,RB,FA,289.74,38.51,186,335,,nick-chubb.php,,,0.9,,,,,,,Nick Chubb,2026-08-07,FA
/nfl/rankings/ppr-superflex-cheatsheets.php,redraft-op,rsf,Noah Fant,17527,TE,NO,301.17,24.01,253,342,,noah-fant.php,,,2.2,,,,,,8.0,Noah Fant,2026-08-07,NOS
/nfl/rankings/ppr-superflex-cheatsheets.php,redraft-op,rsf,Tutu Atwell,20126,WR,MIA,287.0,44.55,210,353,,tutu-atwell.php,,,1.5,,,,,,6.0,Tutu Atwell,2026-08-07,MIA
/nfl/rankings/ppr-superflex-cheatsheets.php,redraft-op,rsf,Xavier Hutchinson,25332,WR,HOU,291.53,24.52,246,337,,xavier-hutchinson.php,,,0.9,,,,,,8.0,Xavier Hutchinson,2026-08-07,HOU
/nfl/rankings/ppr-superflex-cheatsheets.php,redraft-op,rsf,Carson Beck,22953,QB,ARI,121.2,71.76,36,213,,carson-beck.php,,,12.2,,,,,,14.0,Carson Beck,2026-08-07,ARI
/nfl/rankings/ppr-superflex-cheatsheets.php,redraft-op,rsf,Jaylin Lane,27454,WR,WAS,303.57,26.83,245,342,,jaylin-lane.php,,,2.0,,,,,,7.0,Jaylin Lane,2026-08-07,WAS
/nfl/rankings/ppr-superflex-cheatsheets.php,redraft-op,rsf,Kyle Juszczyk,11798,RB,SF,259.0,47.57,196,324,,kyle-juszczyk.php,,,1.0,,,,,,8.0,Kyle Juszczyk,2026-08-07,SFO
/nfl/rankings/ppr-superflex-cheatsheets.php,redraft-op,rsf,Kalif Raymond,16081,WR,CHI,275.15,33.87,212,337,,kalif-raymond.php,,,0.8,,,,,,10.0,Kalif Raymond,2026-08-07,CHI
/nfl/rankings/ppr-superflex-cheatsheets.php,redraft-op,rsf,Savion Williams,27144,WR,GB,306.95,26.23,258,371,,savion-williams.php,,,1.1,,,,,,11.0,Savion Williams,2026-08-07,GBP
/nfl/rankings/ppr-superflex-cheatsheets.php,redraft-op,rsf,Mac Jones,20156,QB,SF,172.6,79.38,37,286,,mac-jones.php,,,8.1,,,,,,8.0,Mac Jones,2026-08-07,SFO
/nfl/rankings/ppr-superflex-cheatsheets.php,redraft-op,rsf,Luke Musgrave,25282,TE,GB,310.19,19.27,256,339,,luke-musgrave.php,,,7.0,,,,,,11.0,Luke Musgrave,2026-08-07,GBP
/nfl/rankings/ppr-superflex-cheatsheets.php,redraft-op,rsf,Kevin Coleman Jr.,28067,WR,MIA,293.13,37.4,218,350,,kevin-coleman-jr.php,,,2.6,,,,,,6.0,Kevin Coleman,2026-08-07,MIA
/nfl/rankings/ppr-superflex-cheatsheets.php,redraft-op,rsf,Nick Westbrook-Ikhine,19747,WR,IND,284.77,39.97,227,343,,nick-westbrook.php,,,1.0,,,,,,13.0,Nick Westbrook-Ikhine,2026-08-07,IND
/nfl/rankings/ppr-superflex-cheatsheets.php,redraft-op,rsf,KaVontae Turpin,18520,WR,DAL,276.18,46.54,224,361,,kavontae-turpin.php,,,3.5,,,,,,14.0,KaVontae Turpin,2026-08-07,DAL
/nfl/rankings/ppr-superflex-cheatsheets.php,redraft-op,rsf,Phil Mafah,22928,RB,DAL,288.45,36.49,198,337,,phil-mafah.php,,,0.9,,,,,,14.0,Phil Mafah,2026-08-07,DAL
/nfl/rankings/ppr-superflex-cheatsheets.php,redraft-op,rsf,Tommy Tremble,22795,TE,CAR,305.79,28.78,248,342,,tommy-tremble.php,,,0.8,,,,,,5.0,Tommy Tremble,2026-08-07,CAR
/nfl/rankings/ppr-superflex-cheatsheets.php,redraft-op,rsf,Ben Sinnott,26310,TE,WAS,310.67,19.58,272,345,,ben-sinnott.php,,,1.7,,,,,,7.0,Ben Sinnott,2026-08-07,WAS
/nfl/rankings/ppr-superflex-cheatsheets.php,redraft-op,rsf,John Bates,22833,TE,WAS,296.0,34.61,257,358,,john-bates.php,,,0.7,,,,,,7.0,John Bates,2026-08-07,WAS
/nfl/rankings/ppr-superflex-cheatsheets.php,redraft-op,rsf,Ty Simpson,25368,QB,LAR,197.25,25.84,182,242,,ty-simpson.php,,,14.9,,,,,,11.0,Ty Simpson,2026-08-07,LAR
/nfl/rankings/ppr-superflex-cheatsheets.php,redraft-op,rsf,Jordan Whittington,23135,WR,LAR,298.0,42.06,235,370,,jordan-whittington.php,,,0.8,,,,,,11.0,Jordan Whittington,2026-08-07,LAR
/nfl/rankings/ppr-superflex-cheatsheets.php,redraft-op,rsf,Devontez Walker,26011,WR,BAL,288.44,51.64,219,378,,devontez-walker.php,,,0.9,,,,,,13.0,Devontez Walker,2026-08-07,BAL
/nfl/rankings/ppr-superflex-cheatsheets.php,redraft-op,rsf,Austin Ekeler,16483,RB,FA,308.08,28.35,246,346,,austin-ekeler.php,,,1.6,,,,,,,Austin Ekeler,2026-08-07,FA
/nfl/rankings/ppr-superflex-cheatsheets.php,redraft-op,rsf,Deion Burks,27093,WR,IND,309.83,30.0,272,380,,deion-burks.php,,,2.1,,,,,,13.0,Deion Burks,2026-08-07,IND
/nfl/rankings/ppr-superflex-cheatsheets.php,redraft-op,rsf,Rasheen Ali,25983,RB,BAL,294.22,30.02,232,348,,rasheen-ali.php,,,1.1,,,,,,13.0,Rasheen Ali,2026-08-07,BAL
/nfl/rankings/ppr-superflex-cheatsheets.php,redraft-op,rsf,Jam Miller,27326,RB,NE,295.89,35.31,232,329,,jam-miller.php,,,1.3,,,,,,11.0,Jam Miller,2026-08-07,NEP
/nfl/rankings/ppr-superflex-cheatsheets.php,redraft-op,rsf,Sione Vaki,26309,RB,DET,291.0,24.8,259,349,,sione-vaki.php,,,0.6,,,,,,6.0,Sione Vaki,2026-08-07,DET
/nfl/rankings/ppr-superflex-cheatsheets.php,redraft-op,rsf,Jeremy McNichols,16445,RB,WAS,255.2,42.31,208,312,,jeremy-mcnichols.php,,,0.6,,,,,,7.0,Jeremy McNichols,2026-08-07,WAS
/nfl/rankings/ppr-superflex-cheatsheets.php,redraft-op,rsf,Zavion Thomas,28132,WR,CHI,306.1,35.63,258,369,,zavion-thomas.php,,,5.1,,,,,,10.0,Zavion Thomas,2026-08-07,CHI
/nfl/rankings/ppr-superflex-cheatsheets.php,redraft-op,rsf,Dyami Brown,20113,WR,WAS,307.8,37.84,260,381,,dyami-brown.php,,,0.8,,,,,,7.0,Dyami Brown,2026-08-07,WAS
/nfl/rankings/ppr-superflex-cheatsheets.php,redraft-op,rsf,Dameon Pierce,22947,RB,PHI,310.45,23.91,277,341,,dameon-pierce.php,,,0.8,,,,,,10.0,Dameon Pierce,2026-08-07,PHI
/nfl/rankings/ppr-superflex-cheatsheets.php,redraft-op,rsf,Mitchell Evans,27138,TE,CAR,317.92,18.62,283,343,,mitchell-evans.php,,,0.7,,,,,,5.0,Mitchell Evans,2026-08-07,CAR
/nfl/rankings/ppr-superflex-cheatsheets.php,redraft-op,rsf,Charlie Kolar,22756,TE,LAC,296.38,40.61,217,345,,charlie-kolar.php,,,2.0,,,,,7.0,7.0,Charlie Kolar,2026-08-07,LAC
/nfl/rankings/ppr-superflex-cheatsheets.php,redraft-op,rsf,Darren Waller,14104,TE,FA,300.88,14.91,270,316,,darren-waller.php,,,1.8,,,,,,,Darren Waller,2026-08-07,FA
/nfl/rankings/ppr-superflex-cheatsheets.php,redraft-op,rsf,Anthony Richardson Sr.,24347,QB,IND,215.33,53.63,173,291,,anthony-richardson.php,,,11.1,,,,,,13.0,Anthony Richardson,2026-08-07,IND
/nfl/rankings/ppr-superflex-cheatsheets.php,redraft-op,rsf,Terrell Jennings,26964,RB,NE,302.63,32.88,249,344,,terrell-jennings.php,,,0.6,,,,,,11.0,Terrell Jennings,2026-08-07,NEP
/nfl/rankings/ppr-superflex-cheatsheets.php,redraft-op,rsf,Justin Fields,19781,QB,KC,219.33,53.51,181,295,,justin-fields.php,,,8.0,,,,,,5.0,Justin Fields,2026-08-07,KCC
/nfl/rankings/ppr-superflex-cheatsheets.php,redraft-op,rsf,Austin Hooper,15581,TE,ATL,304.38,27.74,270,348,,austin-hooper.php,,,1.4,,,,,,11.0,Austin Hooper,2026-08-07,ATL
/nfl/rankings/ppr-superflex-cheatsheets.php,redraft-op,rsf,Greg Dortch,18585,WR,DET,289.17,36.02,244,345,,greg-dortch.php,,,1.5,,,,,,6.0,Greg Dortch,2026-08-07,DET
/nfl/rankings/ppr-superflex-cheatsheets.php,redraft-op,rsf,Ashton Dulin,18656,WR,IND,290.5,18.33,278,330,,ashton-dulin.php,,,0.7,,,,,,13.0,Ashton Dulin,2026-08-07,IND
/nfl/rankings/ppr-superflex-cheatsheets.php,redraft-op,rsf,Roschon Johnson,25322,RB,CHI,306.13,22.26,264,331,,roschon-johnson.php,,,0.6,,,,,,10.0,Roschon Johnson,2026-08-07,CHI
/nfl/rankings/ppr-superflex-cheatsheets.php,redraft-op,rsf,Hunter Luepke,25941,RB,DAL,264.25,20.61,232,285,,hunter-luepke.php,,,0.7,,,,,,14.0,Hunter Luepke,2026-08-07,DAL
/nfl/rankings/ppr-superflex-cheatsheets.php,redraft-op,rsf,Zach Ertz,11689,TE,FA,303.0,26.81,268,339,,zach-ertz.php,,,1.3,,,,,,,Zach Ertz,2026-08-07,FA
/nfl/rankings/ppr-superflex-cheatsheets.php,redraft-op,rsf,Marcus Mariota,13890,QB,WAS,181.0,3.0,178,184,,marcus-mariota.php,,,3.5,,,,,,7.0,Marcus Mariota,2026-08-07,WAS
/nfl/rankings/ppr-superflex-cheatsheets.php,redraft-op,rsf,Mitch Tinsley,24370,WR,CIN,286.8,36.8,244,329,,mitchell-tinsley.php,,,0.6,,,,,,6.0,Mitch Tinsley,2026-08-07,CIN
/nfl/rankings/ppr-superflex-cheatsheets.php,redraft-op,rsf,Daniel Bellinger,24238,TE,TEN,320.8,19.97,277,350,,daniel-bellinger.php,,,3.2,,,,,,9.0,Daniel Bellinger,2026-08-07,TEN
/nfl/rankings/ppr-superflex-cheatsheets.php,redraft-op,rsf,Jonnu Smith,16460,TE,FA,308.43,27.03,274,357,,jonnu-smith.php,,,3.8,,,,,,,Jonnu Smith,2026-08-07,FA
/nfl/rankings/ppr-superflex-cheatsheets.php,redraft-op,rsf,CJ Daniels,28125,WR,LAR,318.44,20.52,276,348,,cj-daniels.php,,,1.9,,,,,,11.0,CJ Daniels,2026-08-07,LAR
/nfl/rankings/ppr-superflex-cheatsheets.php,redraft-op,rsf,Marlin Klein,28157,TE,HOU,292.2,16.2,276,321,,marlin-klein.php,,,1.2,,,,,,8.0,Marlin Klein,2026-08-07,HOU
/nfl/rankings/ppr-superflex-cheatsheets.php,redraft-op,rsf,Dylan Laube,26194,RB,LV,278.0,33.05,226,317,,dylan-laube.php,,,0.6,,,,,,13.0,Dylan Laube,2026-08-07,LVR
/nfl/rankings/ppr-superflex-cheatsheets.php,redraft-op,rsf,Jaret Patterson,20155,RB,LAC,278.5,51.25,222,343,,jaret-patterson.php,,,1.1,,,,,,7.0,Jaret Patterson,2026-08-07,LAC
/nfl/rankings/ppr-superflex-cheatsheets.php,redraft-op,rsf,Ty Chandler,19471,RB,NO,278.75,27.29,242,319,,ty-chandler.php,,,0.7,,,,,,8.0,Ty Chandler,2026-08-07,NOS
/nfl/rankings/ppr-superflex-cheatsheets.php,redraft-op,rsf,Tommy Myers,25167,TE,FA,295.2,49.28,227,354,,tommy-myers.php,,,0.0,,,,,,,Tommy Myers,2026-08-07,FA
/nfl/rankings/ppr-superflex-cheatsheets.php,redraft-op,rsf,Scotty Miller,18714,WR,CHI,281.25,42.38,227,334,,scott-miller.php,,,0.1,,,,,,10.0,Scott Miller,2026-08-07,CHI
/nfl/rankings/ppr-superflex-cheatsheets.php,redraft-op,rsf,Cash Jones,28124,RB,ATL,284.5,26.1,243,314,,cash-jones.php,,,0.0,,,,,,11.0,Cash Jones,2026-08-07,ATL
/nfl/rankings/ppr-superflex-cheatsheets.php,redraft-op,rsf,Elijah Higgins,23119,TE,ARI,323.78,15.3,305,356,,elijah-higgins.php,,,0.9,,,,,,14.0,Elijah Higgins,2026-08-07,ARI
/nfl/rankings/ppr-superflex-cheatsheets.php,redraft-op,rsf,Jaydn Ott,25394,RB,KC,300.8,34.01,237,336,,jaydn-ott.php,,,1.0,,,,,,5.0,Jaydn Ott,2026-08-07,KCC
/nfl/rankings/ppr-superflex-cheatsheets.php,redraft-op,rsf,Ronnie Rivers,23986,RB,LAR,288.0,27.04,247,323,,ronnie-rivers.php,,,0.6,,,,,,11.0,Ronnie Rivers,2026-08-07,LAR
/nfl/rankings/ppr-superflex-cheatsheets.php,redraft-op,rsf,Malik Benson,26012,WR,LV,312.17,37.62,260,363,,malik-benson.php,,,1.5,,,,,,13.0,Malik Benson,2026-08-07,LVR
/nfl/rankings/ppr-superflex-cheatsheets.php,redraft-op,rsf,Mo Alie-Cox,16579,TE,IND,303.6,25.1,260,334,,mo-alie-cox.php,,,0.6,,,,,,13.0,Mo Alie-Cox,2026-08-07,IND
/nfl/rankings/ppr-superflex-cheatsheets.php,redraft-op,rsf,Khalil Herbert,22763,RB,SF,272.0,33.95,229,312,,khalil-herbert.php,,,1.4,,,,,,8.0,Khalil Herbert,2026-08-07,SFO
/nfl/rankings/ppr-superflex-cheatsheets.php,redraft-op,rsf,Jake Bobo,25339,WR,SEA,234.0,13.0,221,247,,jake-bobo.php,,,0.6,,,,,,11.0,Jake Bobo,2026-08-07,SEA
/nfl/rankings/ppr-superflex-cheatsheets.php,redraft-op,rsf,Tai Felton,27182,WR,MIN,302.25,51.3,244,382,,tai-felton.php,,,0.6,,,,,,6.0,Tai Felton,2026-08-07,MIN
/nfl/rankings/ppr-superflex-cheatsheets.php,redraft-op,rsf,Joe Milton III,25967,QB,DAL,238.5,58.5,180,297,,joe-milton.php,,,2.4,,,,,,14.0,Joe Milton,2026-08-07,DAL
/nfl/rankings/ppr-superflex-cheatsheets.php,redraft-op,rsf,Roman Wilson,28896,WR,PIT,296.0,18.34,278,326,,roman-wilson-wr.php,,,1.5,,,,,,9.0,Roman Wilson,2026-08-07,PIT
/nfl/rankings/ppr-superflex-cheatsheets.php,redraft-op,rsf,Tyler Goodson,22976,RB,ATL,277.67,33.11,236,317,,tyler-goodson.php,,,0.7,,,,,,11.0,Tyler Goodson,2026-08-07,ATL
/nfl/rankings/ppr-superflex-cheatsheets.php,redraft-op,rsf,Zavier Scott,25748,RB,MIN,308.0,18.36,281,333,,zavier-scott.php,,,0.6,,,,,,6.0,Zavier Scott,2026-08-07,MIN
/nfl/rankings/ppr-superflex-cheatsheets.php,redraft-op,rsf,Damien Martinez,25976,RB,GB,315.67,15.55,294,342,,damien-martinez.php,,,0.7,,,,,,11.0,Damien Martinez,2026-08-07,GBP
/nfl/rankings/ppr-superflex-cheatsheets.php,redraft-op,rsf,Josh Oliver,18487,TE,MIN,309.0,14.04,284,325,,josh-oliver.php,,,0.7,,,,,,6.0,Josh Oliver,2026-08-07,MIN
/nfl/rankings/ppr-superflex-cheatsheets.php,redraft-op,rsf,Joe Flacco,9300,QB,CIN,243.5,50.5,193,294,,joe-flacco.php,,,3.5,,,,,,6.0,Joe Flacco,2026-08-07,CIN
/nfl/rankings/ppr-superflex-cheatsheets.php,redraft-op,rsf,Roman Hemby,25387,RB,LV,299.25,32.62,251,333,,roman-hemby.php,,,0.0,,,,,,13.0,Roman Hemby,2026-08-07,LVR
/nfl/rankings/ppr-superflex-cheatsheets.php,redraft-op,rsf,Robert Henry Jr.,28404,RB,WAS,311.2,34.57,244,337,,robert-henry-jr.php,,,0.0,,,,,,7.0,Robert Henry,2026-08-07,WAS
/nfl/rankings/ppr-superflex-cheatsheets.php,redraft-op,rsf,Colbie Young,26037,WR,CIN,311.6,18.77,284,338,,colbie-young.php,,,1.5,,,,,,6.0,Colbie Young,2026-08-07,CIN
/nfl/rankings/ppr-superflex-cheatsheets.php,redraft-op,rsf,Tyler Lockett,13971,WR,LV,284.67,69.5,187,343,,tyler-lockett.php,,,0.6,,,,,,13.0,Tyler Lockett,2026-08-07,LVR
/nfl/rankings/ppr-superflex-cheatsheets.php,redraft-op,rsf,Tim Patrick,16556,WR,NYJ,252.5,27.5,225,280,,tim-patrick.php,,,1.0,,,,,,13.0,Tim Patrick,2026-08-07,NYJ
/nfl/rankings/ppr-superflex-cheatsheets.php,redraft-op,rsf,Jakobie Keeney-James,27705,WR,PIT,252.5,10.5,242,263,,jakobie-keeney-james.php,,,0.0,,,,,,9.0,Jakobie Keeney-James,2026-08-07,PIT
/nfl/rankings/ppr-superflex-cheatsheets.php,redraft-op,rsf,Jacob Saylors,25693,RB,DET,286.0,31.87,246,324,,jacob-saylors.php,,,0.1,,,,,,6.0,Jacob Saylors,2026-08-07,DET
/nfl/rankings/ppr-superflex-cheatsheets.php,redraft-op,rsf,Antonio Gibson,19624,RB,FA,314.8,44.4,234,362,,antonio-gibson.php,,,1.3,,,,,,,Antonio Gibson,2026-08-07,FA
/nfl/rankings/ppr-superflex-cheatsheets.php,redraft-op,rsf,Marquez Valdes-Scantling,17528,WR,DAL,305.25,60.26,203,359,,marquez-valdesscantling.php,,,0.7,,,,,,14.0,Marquez Valdes-Scantling,2026-08-07,DAL
/nfl/rankings/ppr-superflex-cheatsheets.php,redraft-op,rsf,Jahdae Walker,27810,WR,CHI,304.75,20.49,288,339,,jahdae-walker.php,,,0.9,,,,,,10.0,Jahdae Walker,2026-08-07,CHI
/nfl/rankings/ppr-superflex-cheatsheets.php,redraft-op,rsf,Miles Sanders,18283,RB,FA,310.75,48.26,248,372,,miles-sanders.php,,,1.0,,,,,,,Miles Sanders,2026-08-07,FA
/nfl/rankings/ppr-superflex-cheatsheets.php,redraft-op,rsf,Kevin Austin Jr.,23049,WR,NO,260.0,41.0,219,301,,kevin-austin.php,,,1.0,,,,,,8.0,Kevin Austin,2026-08-07,NOS
/nfl/rankings/ppr-superflex-cheatsheets.php,redraft-op,rsf,Myles Montgomery,28450,RB,NE,307.0,35.01,253,338,,myles-montgomery.php,,,0.0,,,,,,11.0,Myles Montgomery,2026-08-07,NEP
/nfl/rankings/ppr-superflex-cheatsheets.php,redraft-op,rsf,Adam Trautman,19423,TE,DEN,322.33,17.09,296,348,,adam-trautman.php,,,0.6,,,,,,10.0,Adam Trautman,2026-08-07,DEN
/nfl/rankings/ppr-superflex-cheatsheets.php,redraft-op,rsf,Tanner Koziol,27499,TE,JAC,307.5,17.18,279,324,,tanner-koziol.php,,,1.9,,,,,12.0,7.0,Tanner Koziol,2026-08-07,JAC
/nfl/rankings/ppr-superflex-cheatsheets.php,redraft-op,rsf,Jordan Waters,26395,RB,LAR,262.5,39.5,223,302,,jordan-waters.php,,,0.0,,,,,,11.0,Jordan Waters,2026-08-07,LAR
/nfl/rankings/ppr-superflex-cheatsheets.php,redraft-op,rsf,Jake Browning,18557,QB,TB,177.0,0.0,177,177,,jake-browning.php,,,0.6,,,,,,10.0,Jake Browning,2026-08-07,TBB
/nfl/rankings/ppr-superflex-cheatsheets.php,redraft-op,rsf,Elijah Tau-Tolliver,28757,RB,BAL,294.33,37.15,249,340,,elijah-tau-tolliver.php,,,0.0,,,,,,13.0,Elijah Tau-Tolliver,2026-08-07,BAL
/nfl/rankings/ppr-superflex-cheatsheets.php,redraft-op,rsf,Nate Boerkircher,28427,TE,JAC,294.33,9.81,282,306,,nate-boerkircher.php,,,0.9,,,,,,7.0,Nate Boerkircher,2026-08-07,JAC
/nfl/rankings/ppr-superflex-cheatsheets.php,redraft-op,rsf,Luke Schoonmaker,25267,TE,DAL,317.8,19.18,281,335,,luke-schoonmaker.php,,,0.9,,,,,,14.0,Luke Schoonmaker,2026-08-07,DAL
/nfl/rankings/ppr-superflex-cheatsheets.php,redraft-op,rsf,Sterling Shepard,15569,WR,FA,180.0,0.0,180,180,,sterling-shepard.php,,,1.8,,,,,-25.0,,Sterling Shepard,2026-08-07,FA
/nfl/rankings/ppr-superflex-cheatsheets.php,redraft-op,rsf,Riley Leonard,25373,QB,IND,181.0,0.0,181,181,,riley-leonard.php,,,2.8,,,,,,13.0,Riley Leonard,2026-08-07,IND
/nfl/rankings/ppr-superflex-cheatsheets.php,redraft-op,rsf,Xavier Smith,25627,WR,LAR,267.0,4.0,263,271,,xavier-smith.php,,,0.6,,,,,,11.0,Xavier Smith,2026-08-07,LAR
/nfl/rankings/ppr-superflex-cheatsheets.php,redraft-op,rsf,Raheem Mostert,14338,RB,LV,270.0,9.0,261,279,,raheem-mostert.php,,,0.6,,,,,,13.0,Raheem Mostert,2026-08-07,LVR
/nfl/rankings/ppr-superflex-cheatsheets.php,redraft-op,rsf,Donovan Edwards,23014,RB,MIA,298.67,37.75,250,342,,donovan-edwards.php,,,1.0,,,,,,6.0,Donovan Edwards,2026-08-07,MIA
/nfl/rankings/ppr-superflex-cheatsheets.php,redraft-op,rsf,Sam Roush,28161,TE,CHI,301.67,6.34,293,308,,sam-roush.php,,,1.5,,,,,,10.0,Sam Roush,2026-08-07,CHI
/nfl/rankings/ppr-superflex-cheatsheets.php,redraft-op,rsf,Zay Jones,16431,WR,FA,200.0,0.0,200,200,,zay-jones.php,,,1.0,,,,,,,Zay Jones,2026-08-07,FA
/nfl/rankings/ppr-superflex-cheatsheets.php,redraft-op,rsf,Graig Cooper,10084,RB,FA,202.0,0.0,202,202,,graig-cooper.php,,,0.0,,,,,,,Graig Cooper,2026-08-07,FA
/nfl/rankings/ppr-superflex-cheatsheets.php,redraft-op,rsf,Frank Gore Jr.,25980,RB,BUF,302.67,44.68,240,341,,frank-gore-jr.php,,,0.6,,,,,,7.0,Frank Gore,2026-08-07,BUF
/nfl/rankings/ppr-superflex-cheatsheets.php,redraft-op,rsf,Demarcus Robinson,15665,WR,SF,322.8,25.29,274,345,,demarcus-robinson.php,,,0.8,,,,,,8.0,Demarcus Robinson,2026-08-07,SFO
/nfl/rankings/ppr-superflex-cheatsheets.php,redraft-op,rsf,Drew Sample,18561,TE,CIN,303.33,20.42,278,328,,drew-sample.php,,,0.6,,,,,,6.0,Drew Sample,2026-08-07,CIN
/nfl/rankings/ppr-superflex-cheatsheets.php,redraft-op,rsf,Derius Davis,25334,WR,LAC,281.5,52.5,229,334,,derius-davis.php,,,0.6,,,,,,7.0,Derius Davis,2026-08-07,LAC
/nfl/rankings/ppr-superflex-cheatsheets.php,redraft-op,rsf,Mecole Hardman Jr.,18587,WR,BUF,286.0,25.0,261,311,,mecole-hardman.php,,,0.6,,,,,,7.0,Mecole Hardman,2026-08-07,BUF
/nfl/rankings/ppr-superflex-cheatsheets.php,redraft-op,rsf,Elijah Mitchell,22813,RB,PHI,323.0,61.6,239,385,,elijah-mitchell-rb.php,,,0.7,,,,,,10.0,Elijah Mitchell,2026-08-07,PHI
/nfl/rankings/ppr-superflex-cheatsheets.php,redraft-op,rsf,Salvon Ahmed,19449,RB,CHI,235.0,0.0,235,235,,salvon-ahmed.php,,,0.1,,,,,,10.0,Salvon Ahmed,2026-08-07,CHI
/nfl/rankings/ppr-superflex-cheatsheets.php,redraft-op,rsf,Reggie Gilliam,19844,RB,NE,294.0,23.0,271,317,,reggie-gilliam.php,,,0.1,,,,,,11.0,Reggie Gilliam,2026-08-07,NEP
/nfl/rankings/ppr-superflex-cheatsheets.php,redraft-op,rsf,Jackson Hawes,27469,TE,BUF,324.0,7.87,312,334,,jackson-hawes.php,,,0.6,,,,,,7.0,Jackson Hawes,2026-08-07,BUF
/nfl/rankings/ppr-superflex-cheatsheets.php,redraft-op,rsf,Alec Ingold,18571,RB,LAC,238.0,0.0,238,238,,alec-ingold.php,,,0.6,,,,,,7.0,Alec Ingold,2026-08-07,LAC
/nfl/rankings/ppr-superflex-cheatsheets.php,redraft-op,rsf,Xavier Restrepo,27066,WR,TEN,295.5,3.5,292,299,,xavier-restrepo.php,,,1.1,,,,,,9.0,Xavier Restrepo,2026-08-07,TEN
/nfl/rankings/ppr-superflex-cheatsheets.php,redraft-op,rsf,Will Kacmarek,28403,TE,MIA,296.0,16.0,280,312,,will-kacmarek.php,,,5.4,,,,,,6.0,Will Kacmarek,2026-08-07,MIA
/nfl/rankings/ppr-superflex-cheatsheets.php,redraft-op,rsf,Michael Woods II,23893,WR,DEN,296.0,5.0,291,301,,michael-woods.php,,,1.0,,,,,,10.0,Mike Woods,2026-08-07,DEN
/nfl/rankings/ppr-superflex-cheatsheets.php,redraft-op,rsf,Jack Endries,27501,TE,CIN,297.0,16.0,281,313,,jack-endries.php,,,5.8,,,,,,6.0,Jack Endries,2026-08-07,CIN
/nfl/rankings/ppr-superflex-cheatsheets.php,redraft-op,rsf,Albert Okwuegbunam Jr.,18246,TE,LV,243.0,0.0,243,243,,albert-okwuegbunam.php,,,0.0,,,,,,13.0,Albert Okwuegbunam,2026-08-07,LVR
/nfl/rankings/ppr-superflex-cheatsheets.php,redraft-op,rsf,Dohnte Meyers,28178,WR,CIN,243.0,0.0,243,243,,dohnte-meyers.php,,,0.0,,,,,,6.0,Dohnte Meyers,2026-08-07,CIN
/nfl/rankings/ppr-superflex-cheatsheets.php,redraft-op,rsf,Kendric Pryor,24839,WR,CIN,298.0,4.0,294,302,,kendric-pryor.php,,,1.0,,,,,,6.0,Kendric Pryor,2026-08-07,CIN
/nfl/rankings/ppr-superflex-cheatsheets.php,redraft-op,rsf,Jared Wiley,26343,TE,KC,298.5,8.5,290,307,,jared-wiley.php,,,1.0,,,,,,5.0,Jared Wiley,2026-08-07,KCC
/nfl/rankings/ppr-superflex-cheatsheets.php,redraft-op,rsf,Reggie Virgil,28141,WR,ARI,299.0,36.0,263,335,,reggie-virgil.php,,,0.7,,,,,,14.0,Reggie Virgil,2026-08-07,ARI
/nfl/rankings/ppr-superflex-cheatsheets.php,redraft-op,rsf,Michael Trigg,23167,TE,DAL,319.67,30.29,287,360,,michael-trigg.php,,,8.9,,,,,-13.0,14.0,Michael Trigg,2026-08-07,DAL
/nfl/rankings/ppr-superflex-cheatsheets.php,redraft-op,rsf,Patrick Ricard,17145,RB,NYG,247.0,0.0,247,247,,patrick-ricard.php,,,0.8,,,,,,8.0,Patrick Ricard,2026-08-07,NYG
/nfl/rankings/ppr-superflex-cheatsheets.php,redraft-op,rsf,Durham Smythe,17508,TE,BAL,300.0,9.0,291,309,,durham-smythe.php,,,0.6,,,,,9.0,13.0,Durham Smythe,2026-08-07,BAL
/nfl/rankings/ppr-superflex-cheatsheets.php,redraft-op,rsf,Brandin Cooks,12122,WR,FA,248.0,0.0,248,248,,brandin-cooks.php,,,0.6,,,,,-19.0,,Brandin Cooks,2026-08-07,FA
/nfl/rankings/ppr-superflex-cheatsheets.php,redraft-op,rsf,Thomas Fidone II,23039,TE,NYG,323.0,34.24,285,368,,thomas-fidone.php,,,1.0,,,,,,8.0,Thomas Fidone,2026-08-07,NYG
/nfl/rankings/ppr-superflex-cheatsheets.php,redraft-op,rsf,KeAndre Lambert-Smith,24372,WR,LAC,302.0,39.0,263,341,,keandre-lambert-smith.php,,,0.7,,,,,,7.0,KeAndre Lambert-Smith,2026-08-07,LAC
/nfl/rankings/ppr-superflex-cheatsheets.php,redraft-op,rsf,Jacardia Wright,27781,RB,SEA,302.0,34.0,268,336,,jacardia-wright.php,,,0.0,,,,,,11.0,Jacardia Wright,2026-08-07,SEA
/nfl/rankings/ppr-superflex-cheatsheets.php,redraft-op,rsf,Anthony Gould,26404,WR,IND,302.0,29.0,273,331,,anthony-gould.php,,,0.6,,,,,,13.0,Anthony Gould,2026-08-07,IND
/nfl/rankings/ppr-superflex-cheatsheets.php,redraft-op,rsf,Noah Whittington,28115,RB,HOU,302.0,11.0,291,313,,noah-whittington.php,,,0.0,,,,,,8.0,Noah Whittington,2026-08-07,HOU
/nfl/rankings/ppr-superflex-cheatsheets.php,redraft-op,rsf,Ameer Abdullah,13924,RB,JAC,252.0,0.0,252,252,,ameer-abdullah.php,,,0.6,,,,,,7.0,Ameer Abdullah,2026-08-07,JAC
/nfl/rankings/ppr-superflex-cheatsheets.php,redraft-op,rsf,AJ Dillon,19358,RB,CAR,256.0,0.0,256,256,,aj-dillon.php,,,0.6,,,,,,5.0,AJ Dillon,2026-08-07,CAR
/nfl/rankings/ppr-superflex-cheatsheets.php,redraft-op,rsf,Sincere McCormick,23172,RB,SF,258.0,0.0,258,258,,sincere-mccormick.php,,,1.0,,,,,,8.0,Sincere McCormick,2026-08-07,SFO
/nfl/rankings/ppr-superflex-cheatsheets.php,redraft-op,rsf,Russell Gage Jr.,17606,WR,FA,262.0,0.0,262,262,,russell-gage.php,,,0.0,,,,,-20.0,,Russell Gage,2026-08-07,FA
/nfl/rankings/ppr-superflex-cheatsheets.php,redraft-op,rsf,Elijah Moore,20114,WR,PHI,308.0,43.0,265,351,,elijah-moore.php,,,0.6,,,,,,10.0,Elijah Moore,2026-08-07,PHI
/nfl/rankings/ppr-superflex-cheatsheets.php,redraft-op,rsf,Theo Wease Jr.,27222,WR,MIA,308.0,41.0,267,349,,theo-wease-jr.php,,,2.2,,,,,,6.0,Theo Wease,2026-08-07,MIA
/nfl/rankings/ppr-superflex-cheatsheets.php,redraft-op,rsf,Max Bredeson,28434,RB,MIN,264.0,0.0,264,264,,max-bredeson.php,,,0.1,,,,,,6.0,Max Bredeson,2026-08-07,MIN
/nfl/rankings/ppr-superflex-cheatsheets.php,redraft-op,rsf,Tyler Conklin,17598,TE,DET,308.5,11.5,297,320,,tyler-conklin.php,,,0.6,,,,,,6.0,Tyler Conklin,2026-08-07,DET
/nfl/rankings/ppr-superflex-cheatsheets.php,redraft-op,rsf,Isaiah Williams,10977,WR,FA,265.0,0.0,265,265,,isaiah-williams.php,,,0.0,,,,,,,Isaiah Williams,2026-08-07,FA
/nfl/rankings/ppr-superflex-cheatsheets.php,redraft-op,rsf,Moliki Matavao,23093,TE,NO,309.0,20.0,289,329,,moliki-matavao.php,,,1.0,,,,,,8.0,Moliki Matavao,2026-08-07,NOS
/nfl/rankings/ppr-superflex-cheatsheets.php,redraft-op,rsf,Tanner Hudson,17826,TE,CIN,309.0,11.0,298,320,,tanner-hudson.php,,,1.2,,,,,,6.0,Tanner Hudson,2026-08-07,CIN
/nfl/rankings/ppr-superflex-cheatsheets.php,redraft-op,rsf,Jabari Small,24369,RB,DET,266.0,0.0,266,266,,jabari-small.php,,,0.0,,,,,,6.0,Jabari Small,2026-08-07,DET
/nfl/rankings/ppr-superflex-cheatsheets.php,redraft-op,rsf,Josh Reynolds,16439,WR,FA,267.0,0.0,267,267,,josh-reynolds.php,,,2.1,,,,,-26.0,,Josh Reynolds,2026-08-07,FA
/nfl/rankings/ppr-superflex-cheatsheets.php,redraft-op,rsf,Kendrick Law,26044,WR,DET,270.0,0.0,270,270,,kendrick-law.php,,,1.5,,,,,,6.0,Kendrick Law,2026-08-07,DET
/nfl/rankings/ppr-superflex-cheatsheets.php,redraft-op,rsf,Van Jefferson,19483,WR,WAS,311.5,19.5,292,331,,van-jefferson.php,,,0.9,,,,,,7.0,Van Jefferson,2026-08-07,WAS
/nfl/rankings/ppr-superflex-cheatsheets.php,redraft-op,rsf,Jaheim Bell,24747,TE,PIT,272.0,0.0,272,272,,jaheim-bell.php,,,1.0,,,,,22.0,9.0,Jaheim Bell,2026-08-07,PIT
/nfl/rankings/ppr-superflex-cheatsheets.php,redraft-op,rsf,Bub Means,26354,WR,NO,273.0,0.0,273,273,,bub-means.php,,,1.0,,,,,,8.0,Bub Means,2026-08-07,NOS
/nfl/rankings/ppr-superflex-cheatsheets.php,redraft-op,rsf,Mason Tipton,26546,WR,NO,276.0,0.0,276,276,,mason-tipton.php,,,0.7,,,,,24.0,8.0,Mason Tipton,2026-08-07,NOS
/nfl/rankings/ppr-superflex-cheatsheets.php,redraft-op,rsf,Ben Skowronek,22843,WR,PIT,277.0,0.0,277,277,,ben-skowronek.php,,,0.1,,,,,,9.0,Ben Skowronek,2026-08-07,PIT
/nfl/rankings/ppr-superflex-cheatsheets.php,redraft-op,rsf,Adam Prentice,23451,RB,DEN,277.0,0.0,277,277,,adam-prentice.php,,,0.6,,,,,,10.0,Adam Prentice,2026-08-07,DEN
/nfl/rankings/ppr-superflex-cheatsheets.php,redraft-op,rsf,Terrace Marshall Jr.,23242,WR,MIA,281.0,0.0,281,281,,terrace-marshall.php,,,1.0,,,,,,6.0,Terrace Marshall,2026-08-07,MIA
/nfl/rankings/ppr-superflex-cheatsheets.php,redraft-op,rsf,Nathan Carter,27667,RB,ATL,282.0,0.0,282,282,,nate-carter.php,,,1.0,,,,,,11.0,Nathan Carter,2026-08-07,ATL
/nfl/rankings/ppr-superflex-cheatsheets.php,redraft-op,rsf,Odell Beckham Jr.,12127,WR,NYG,318.0,7.0,311,325,,odell-beckham.php,,,5.0,,,,,,8.0,Odell Beckham,2026-08-07,NYG
/nfl/rankings/ppr-superflex-cheatsheets.php,redraft-op,rsf,Coleman Owen,27621,WR,IND,286.0,0.0,286,286,,coleman-owen.php,,,0.0,,,,,,13.0,Coleman Owen,2026-08-07,IND
/nfl/rankings/ppr-superflex-cheatsheets.php,redraft-op,rsf,Jeshaun Jones,26423,WR,MIN,319.5,29.5,290,349,,jeshaun-jones.php,,,0.0,,,,,38.0,6.0,Jeshaun Jones,2026-08-07,MIN
/nfl/rankings/ppr-superflex-cheatsheets.php,redraft-op,rsf,Taysom Hill,17115,TE,FA,326.5,40.5,286,367,,taysom-hill.php,,,0.7,,,,,-16.0,,Taysom Hill,2026-08-07,FA
/nfl/rankings/ppr-superflex-cheatsheets.php,redraft-op,rsf,Evan Hull,25325,RB,ARI,287.0,0.0,287,287,,evan-hull.php,,,2.9,,,,,,14.0,Evan Hull,2026-08-07,ARI
/nfl/rankings/ppr-superflex-cheatsheets.php,redraft-op,rsf,Cade Stover,25269,TE,HOU,320.5,26.5,294,347,,cade-stover.php,,,0.6,,,,,,8.0,Cade Stover,2026-08-07,HOU
/nfl/rankings/ppr-superflex-cheatsheets.php,redraft-op,rsf,Alexander Mattison,18621,RB,FA,289.0,0.0,289,289,,alexander-mattison.php,,,1.0,,,,,-20.0,,Alexander Mattison,2026-08-07,FA
/nfl/rankings/ppr-superflex-cheatsheets.php,redraft-op,rsf,Quez Watkins,19715,WR,PHI,289.0,0.0,289,289,,quez-watkins.php,,,0.1,,,,,,10.0,Quez Watkins,2026-08-07,PHI
/nfl/rankings/ppr-superflex-cheatsheets.php,redraft-op,rsf,Kalel Mullings,27045,RB,TEN,289.0,0.0,289,289,,kalel-mullings.php,,,1.0,,,,,,9.0,Kalel Mullings,2026-08-07,TEN
/nfl/rankings/ppr-superflex-cheatsheets.php,redraft-op,rsf,Kye Robichaux,27704,RB,DET,289.0,0.0,289,289,,kye-robichaux.php,,,0.0,,,,,,6.0,Kye Robichaux,2026-08-07,DET
/nfl/rankings/ppr-superflex-cheatsheets.php,redraft-op,rsf,Dean Connors,28113,RB,LAR,290.0,0.0,290,290,,dean-connors.php,,,1.0,,,,,,11.0,Dean Connors,2026-08-07,LAR
/nfl/rankings/ppr-superflex-cheatsheets.php,redraft-op,rsf,Ronnie Bell,23012,WR,NO,292.0,0.0,292,292,,ronnie-bell.php,,,0.0,,,,,,8.0,Ronnie Bell,2026-08-07,NOS
/nfl/rankings/ppr-superflex-cheatsheets.php,redraft-op,rsf,Dontae McMillan,28717,RB,BAL,292.0,0.0,292,292,,dontae-mcmillan.php,,,0.0,,,,,,13.0,Dontae McMillan,2026-08-07,BAL
/nfl/rankings/ppr-superflex-cheatsheets.php,redraft-op,rsf,Will Dissly,18049,TE,FA,323.5,31.5,292,355,,will-dissly.php,,,1.0,,,,,-12.0,,Will Dissly,2026-08-07,FA
/nfl/rankings/ppr-superflex-cheatsheets.php,redraft-op,rsf,Jimmy Horn Jr.,27294,WR,CAR,323.0,13.0,310,336,,jimmy-horn-jr.php,,,0.8,,,,,,5.0,Jimmy Horn,2026-08-07,CAR
/nfl/rankings/ppr-superflex-cheatsheets.php,redraft-op,rsf,Tahj Washington,26397,WR,MIA,294.0,0.0,294,294,,tahj-washington.php,,,1.0,,,,,,6.0,Tahj Washington,2026-08-07,MIA
/nfl/rankings/ppr-superflex-cheatsheets.php,redraft-op,rsf,Myles Price,27805,WR,MIN,295.0,0.0,295,295,,myles-price.php,,,0.6,,,,,,6.0,Myles Price,2026-08-07,MIN
/nfl/rankings/ppr-superflex-cheatsheets.php,redraft-op,rsf,Jameis Winston,13891,QB,NYG,296.0,0.0,296,296,,jameis-winston.php,,,5.1,,,,,,8.0,Jameis Winston,2026-08-07,NYG
/nfl/rankings/ppr-superflex-cheatsheets.php,redraft-op,rsf,David Sills V,18566,WR,TB,324.5,13.5,311,338,,david-sills.php,,,0.0,,,,,,10.0,David Sills,2026-08-07,TBB
/nfl/rankings/ppr-superflex-cheatsheets.php,redraft-op,rsf,Brock Wright,23341,TE,DET,324.5,10.5,314,335,,brock-wright.php,,,0.7,,,,,,6.0,Brock Wright,2026-08-07,DET
/nfl/rankings/ppr-superflex-cheatsheets.php,redraft-op,rsf,Montorie Foster Jr.,27910,WR,SEA,299.0,0.0,299,299,,montorie-foster-jr.php,,,0.0,,,,,,11.0,Montorie Foster,2026-08-07,SEA
/nfl/rankings/ppr-superflex-cheatsheets.php,redraft-op,rsf,Barion Brown,25416,WR,NO,300.0,0.0,300,300,,barion-brown.php,,,1.1,,,,,,8.0,Barion Brown,2026-08-07,NOS
/nfl/rankings/ppr-superflex-cheatsheets.php,redraft-op,rsf,Miles Davis,28906,RB,CAR,300.0,0.0,300,300,,miles-davis.php,,,0.0,,,,,,5.0,Miles Davis,2026-08-07,CAR
/nfl/rankings/ppr-superflex-cheatsheets.php,redraft-op,rsf,Cedrick Wilson Jr.,17262,WR,DET,302.0,0.0,302,302,,cedrick-wilson.php,,,0.6,,,,,,6.0,Cedrick Wilson,2026-08-07,DET
/nfl/rankings/ppr-superflex-cheatsheets.php,redraft-op,rsf,Pierre Strong Jr.,24173,RB,GB,304.0,0.0,304,304,,pierre-strong-jr.php,,,0.6,,,,,,11.0,Pierre Strong,2026-08-07,GBP
/nfl/rankings/ppr-superflex-cheatsheets.php,redraft-op,rsf,British Brooks,26748,RB,HOU,304.0,0.0,304,304,,british-brooks.php,,,0.0,,,,,,8.0,British Brooks,2026-08-07,HOU
/nfl/rankings/ppr-superflex-cheatsheets.php,redraft-op,rsf,Michael Briscoe,28743,WR,MIN,306.0,0.0,306,306,,michael-briscoe.php,,,0.0,,,,,-23.0,6.0,Michael Briscoe,2026-08-07,MIN
/nfl/rankings/ppr-superflex-cheatsheets.php,redraft-op,rsf,Lil'Jordan Humphrey,18590,WR,DEN,307.0,0.0,307,307,,liljordan-humphrey.php,,,1.1,,,,,,10.0,LilJordan Humphrey,2026-08-07,DEN
/nfl/rankings/ppr-superflex-cheatsheets.php,redraft-op,rsf,Jared Wayne,25495,WR,HOU,307.0,0.0,307,307,,jared-wayne.php,,,0.0,,,,,,8.0,Jared Wayne,2026-08-07,HOU
/nfl/rankings/ppr-superflex-cheatsheets.php,redraft-op,rsf,Michael Bandy,23531,WR,DEN,308.0,0.0,308,308,,michael-bandy.php,,,1.0,,,,,,10.0,Michael Bandy,2026-08-07,DEN
/nfl/rankings/ppr-superflex-cheatsheets.php,redraft-op,rsf,Maurice Alexander,25205,WR,CHI,308.0,0.0,308,308,,maurice-alexander-wr.php,,,1.1,,,,,,10.0,Maurice Alexander,2026-08-07,CHI
/nfl/rankings/ppr-superflex-cheatsheets.php,redraft-op,rsf,Diontae Johnson,18615,WR,FA,310.0,0.0,310,310,,diontae-johnson.php,,,1.0,,,,,-33.0,,Diontae Johnson,2026-08-07,FA
/nfl/rankings/ppr-superflex-cheatsheets.php,redraft-op,rsf,Skyy Moore,23905,WR,GB,334.0,6.0,328,340,,skyy-moore.php,,,0.8,,,,,,11.0,Skyy Moore,2026-08-07,GBP
/nfl/rankings/ppr-superflex-cheatsheets.php,redraft-op,rsf,Lew Nichols III,25443,RB,PIT,316.0,0.0,316,316,,lew-nichols.php,,,3.7,,,,,,9.0,Lew Nichols,2026-08-07,PIT
/nfl/rankings/ppr-superflex-cheatsheets.php,redraft-op,rsf,Tyler Scott,25442,WR,LAR,317.0,0.0,317,317,,tyler-scott-wr.php,,,3.2,,,,,,11.0,Tyler Scott,2026-08-07,LAR
/nfl/rankings/ppr-superflex-cheatsheets.php,redraft-op,rsf,Will Mallory,23821,TE,IND,318.0,0.0,318,318,,will-mallory.php,,,1.0,,,,,,13.0,Will Mallory,2026-08-07,IND
/nfl/rankings/ppr-superflex-cheatsheets.php,redraft-op,rsf,Chip Trayanum,28114,RB,NYJ,319.0,0.0,319,319,,chip-trayanum.php,,,1.2,,,,,20.0,13.0,Chip Trayanum,2026-08-07,NYJ
/nfl/rankings/ppr-superflex-cheatsheets.php,redraft-op,rsf,Michael Wortham,28526,WR,JAC,319.0,0.0,319,319,,michael-wortham.php,,,0.0,,,,,,7.0,Michael Wortham,2026-08-07,JAC
/nfl/rankings/ppr-superflex-cheatsheets.php,redraft-op,rsf,Velus Jones Jr.,24214,WR,SEA,320.0,0.0,320,320,,velus-jonesjr.php,,,1.6,,,,,-25.0,11.0,Velus Jones,2026-08-07,SEA
/nfl/rankings/ppr-superflex-cheatsheets.php,redraft-op,rsf,EJ Smith,23120,RB,KC,321.0,0.0,321,321,,ej-smith.php,,,0.0,,,,,,5.0,EJ Smith,2026-08-07,KCC
/nfl/rankings/ppr-superflex-cheatsheets.php,redraft-op,rsf,Travis Homer,18616,RB,PIT,322.0,0.0,322,322,,travis-homer.php,,,0.6,,,,,,9.0,Travis Homer,2026-08-07,PIT
/nfl/rankings/ppr-superflex-cheatsheets.php,redraft-op,rsf,Zamir White,20095,RB,LV,322.0,0.0,322,322,,zamir-white.php,,,1.6,,,,,,13.0,Zamir White,2026-08-07,LVR
/nfl/rankings/ppr-superflex-cheatsheets.php,redraft-op,rsf,Jordan Akins,17415,TE,FA,325.0,0.0,325,325,,jordan-akins.php,,,1.0,,,,,,,Jordan Akins,2026-08-07,FA
/nfl/rankings/ppr-superflex-cheatsheets.php,redraft-op,rsf,Jordan Watkins,27486,WR,SF,339.0,4.0,335,343,,jordan-watkins.php,,,1.0,,,,,25.0,8.0,Jordan Watkins,2026-08-07,SFO
/nfl/rankings/ppr-superflex-cheatsheets.php,redraft-op,rsf,K.J. Osborn,19708,WR,TEN,327.0,0.0,327,327,,kj-osborn.php,,,2.6,,,,,,9.0,KJ Osborn,2026-08-07,TEN
/nfl/rankings/ppr-superflex-cheatsheets.php,redraft-op,rsf,Nate Adkins,25881,TE,DEN,327.0,0.0,327,327,,nate-adkins.php,,,1.0,,,,,,10.0,Nate Adkins,2026-08-07,DEN
/nfl/rankings/ppr-superflex-cheatsheets.php,redraft-op,rsf,Dominic Lovett,26013,WR,DET,330.0,0.0,330,330,,dominic-lovett.php,,,1.0,,,,,,6.0,Dominic Lovett,2026-08-07,DET
/nfl/rankings/ppr-superflex-cheatsheets.php,redraft-op,rsf,Michael Burton,14191,RB,CLE,332.0,0.0,332,332,,michael-burton.php,,,0.6,,,,,,11.0,Michael Burton,2026-08-07,CLE
/nfl/rankings/ppr-superflex-cheatsheets.php,redraft-op,rsf,DeAndre Hopkins,11606,WR,BAL,354.5,22.5,332,377,,deandre-hopkins.php,,,0.6,,,,,,13.0,DeAndre Hopkins,2026-08-07,BAL
/nfl/rankings/ppr-superflex-cheatsheets.php,redraft-op,rsf,Jalen Reagor,19219,WR,MIA,333.0,0.0,333,333,,jalen-reagor.php,,,0.0,,,,,,6.0,Jalen Reagor,2026-08-07,MIA
/nfl/rankings/ppr-superflex-cheatsheets.php,redraft-op,rsf,Arian Smith,22965,WR,NYJ,333.0,0.0,333,333,,arian-smith.php,,,0.7,,,,,,13.0,Arian Smith,2026-08-07,NYJ
/nfl/rankings/ppr-superflex-cheatsheets.php,redraft-op,rsf,Josh Cameron,28137,WR,JAC,333.0,0.0,333,333,,josh-cameron.php,,,1.6,,,,,,7.0,Josh Cameron,2026-08-07,JAC
/nfl/rankings/ppr-superflex-cheatsheets.php,redraft-op,rsf,Miles Kitselman,28156,TE,DET,334.0,0.0,334,334,,miles-kitselman.php,,,0.0,,,,,,6.0,Miles Kitselman,2026-08-07,DET
/nfl/rankings/ppr-superflex-cheatsheets.php,redraft-op,rsf,Jermaine Burton,22956,WR,FA,358.5,24.5,334,383,,jermaine-burton.php,,,1.1,,,,,,,Jermaine Burton,2026-08-07,FA
/nfl/rankings/ppr-superflex-cheatsheets.php,redraft-op,rsf,Jermar Jefferson,20088,RB,FA,339.0,0.0,339,339,,jermar-jefferson.php,,,1.0,,,,,,,Jermar Jefferson,2026-08-07,FA
/nfl/rankings/ppr-superflex-cheatsheets.php,redraft-op,rsf,Tyler Badie,23812,RB,DEN,340.0,0.0,340,340,,tyler-badie.php,,,1.0,,,,,21.0,10.0,Tyler Badie,2026-08-07,DEN
/nfl/rankings/ppr-superflex-cheatsheets.php,redraft-op,rsf,Jacob Cowing,25289,WR,SF,358.5,17.5,341,376,,jacob-cowing.php,,,0.6,,,,,,8.0,Jacob Cowing,2026-08-07,SFO
/nfl/rankings/ppr-superflex-cheatsheets.php,redraft-op,rsf,Justin Watson,17603,WR,HOU,344.0,0.0,344,344,,justin-watson.php,,,1.0,,,,,,8.0,Justin Watson,2026-08-07,HOU
/nfl/rankings/ppr-superflex-cheatsheets.php,redraft-op,rsf,Corey Kiner,22997,RB,ARI,344.0,0.0,344,344,,corey-kiner.php,,,1.0,,,,,,14.0,Corey Kiner,2026-08-07,ARI
/nfl/rankings/ppr-superflex-cheatsheets.php,redraft-op,rsf,Anthony Hankerson,28119,RB,MIA,346.0,0.0,346,346,,anthony-hankerson.php,,,0.0,,,,,,6.0,Anthony Hankerson,2026-08-07,MIA
/nfl/rankings/ppr-superflex-cheatsheets.php,redraft-op,rsf,Kendall Milton,22962,RB,CIN,347.0,0.0,347,347,,kendall-milton.php,,,0.0,,,,,,6.0,Kendall Milton,2026-08-07,CIN
/nfl/rankings/ppr-superflex-cheatsheets.php,redraft-op,rsf,Joshua Pitsenberger,28776,RB,HOU,348.0,0.0,348,348,,josh-pitsenberger.php,,,0.0,,,,,,8.0,Joshua Pitsenberger,2026-08-07,HOU
/nfl/rankings/ppr-superflex-cheatsheets.php,redraft-op,rsf,Khalil Dinkins,28436,TE,FA,350.0,0.0,350,350,,khalil-dinkins.php,,,0.0,,,,,,,Khalil Dinkins,2026-08-07,FA
/nfl/rankings/ppr-superflex-cheatsheets.php,redraft-op,rsf,Gus Edwards,17687,RB,FA,364.0,0.0,364,364,,gus-edwards.php,,,1.0,,,,,,,Gus Edwards,2026-08-07,FA
/nfl/rankings/ppr-superflex-cheatsheets.php,redraft-op,rsf,Cam Akers,19268,RB,FA,365.0,0.0,365,365,,cam-akers.php,,,1.0,,,,,,,Cam Akers,2026-08-07,FA
/nfl/rankings/ppr-superflex-cheatsheets.php,redraft-op,rsf,Curtis Samuel,16434,WR,FA,375.0,0.0,375,375,,curtis-samuel.php,,,2.0,,,,,,,Curtis Samuel,2026-08-07,FA
/nfl/rankings/ppr-superflex-cheatsheets.php,redraft-op,rsf,Gabe Davis,19398,WR,FA,379.0,0.0,379,379,,gabriel-davis.php,,,1.0,,,,,,,Gabriel Davis,2026-08-07,FA
/nfl/rankings/ppr-superflex-cheatsheets.php,redraft-op,rsf,Juice Wells Jr.,27218,WR,ATL,384.0,0.0,384,384,,antwane-wells-jr.php,,,1.1,,,,,,11.0,Juice Wells,2026-08-07,ATL
/nfl/rankings/ppr-superflex-cheatsheets.php,redraft-op,rsf,Trey Sermon,19425,RB,FA,386.0,0.0,386,386,,trey-sermon.php,,,1.0,,,,,,,Trey Sermon,2026-08-07,FA
/nfl/rankings/ppr-superflex-cheatsheets.php,redraft-op,rsf,Ja'Quinden Jackson,23170,RB,FA,387.0,0.0,387,387,,jaquinden-jackson.php,,,1.0,,,,,,,JaQuinden Jackson,2026-08-07,FA
/nfl/rankings/ppr-cheatsheets.php,redraft-overall,ro,Ja'Marr Chase,19788,WR,CIN,1.8,1.08,1,4,,jamarr-chase.php,,,99.3,,,,,,6.0,JaMarr Chase,2026-08-07,CIN
/nfl/rankings/ppr-cheatsheets.php,redraft-overall,ro,Puka Nacua,23180,WR,LAR,3.08,1.28,1,7,,puka-nacua.php,,,99.5,,,,,,11.0,Puka Nacua,2026-08-07,LAR
/nfl/rankings/ppr-cheatsheets.php,redraft-overall,ro,Bijan Robinson,23133,RB,ATL,3.28,1.52,1,7,,bijan-robinson.php,,,99.4,,,,,,11.0,Bijan Robinson,2026-08-07,ATL
/nfl/rankings/ppr-cheatsheets.php,redraft-overall,ro,Jahmyr Gibbs,22968,RB,DET,3.33,1.75,1,7,,jahmyr-gibbs.php,,,99.4,,,,,,6.0,Jahmyr Gibbs,2026-08-07,DET
/nfl/rankings/ppr-cheatsheets.php,redraft-overall,ro,Jaxon Smith-Njigba,23070,WR,SEA,4.51,1.39,1,9,,jaxon-smith-njigba.php,,,99.6,,,,,,11.0,Jaxon Smith-Njigba,2026-08-07,SEA
/nfl/rankings/ppr-cheatsheets.php,redraft-overall,ro,Amon-Ra St. Brown,19799,WR,DET,5.86,1.3,4,9,,amonra-stbrown.php,,,99.3,,,,,,6.0,Amon-Ra St Brown,2026-08-07,DET
/nfl/rankings/ppr-cheatsheets.php,redraft-overall,ro,Christian McCaffrey,16393,RB,SF,8.64,4.87,2,31,,christian-mccaffrey.php,,,99.5,,,,,,8.0,Christian McCaffrey,2026-08-07,SFO
/nfl/rankings/ppr-cheatsheets.php,redraft-overall,ro,CeeDee Lamb,19202,WR,DAL,8.8,1.81,6,17,,ceedee-lamb.php,,,99.4,,,,,,14.0,CeeDee Lamb,2026-08-07,DAL
/nfl/rankings/ppr-cheatsheets.php,redraft-overall,ro,Justin Jefferson,19236,WR,MIN,9.2,2.27,4,20,,justin-jefferson.php,,,99.3,,,,,,6.0,Justin Jefferson,2026-08-07,MIN
/nfl/rankings/ppr-cheatsheets.php,redraft-overall,ro,Jonathan Taylor,19217,RB,IND,11.85,4.81,7,33,,jonathan-taylor.php,,,99.3,,,,,,13.0,Jonathan Taylor,2026-08-07,IND
/nfl/rankings/ppr-cheatsheets.php,redraft-overall,ro,Drake London,23163,WR,ATL,12.88,4.24,8,28,,drake-london.php,,,99.2,,,,,,11.0,Drake London,2026-08-07,ATL
/nfl/rankings/ppr-cheatsheets.php,redraft-overall,ro,A.J. Brown,18218,WR,NE,15.17,5.6,8,36,,aj-brown.php,,,99.2,,,,,,11.0,AJ Brown,2026-08-07,NEP
/nfl/rankings/ppr-cheatsheets.php,redraft-overall,ro,Nico Collins,20130,WR,HOU,16.64,4.58,12,38,,nico-collins.php,,,99.2,,,,,,8.0,Nico Collins,2026-08-07,HOU
/nfl/rankings/ppr-cheatsheets.php,redraft-overall,ro,Ashton Jeanty,25989,RB,LV,16.81,6.16,7,39,,ashton-jeanty.php,,,99.2,,,,,,13.0,Ashton Jeanty,2026-08-07,LVR
/nfl/rankings/ppr-cheatsheets.php,redraft-overall,ro,Chase Brown,25324,RB,CIN,18.55,5.93,10,39,,chase-brown.php,,,98.7,,,,,,6.0,Chase Brown,2026-08-07,CIN
/nfl/rankings/ppr-cheatsheets.php,redraft-overall,ro,James Cook III,22958,RB,BUF,19.06,6.63,7,34,,james-cook.php,,,99.5,,,,,,7.0,James Cook,2026-08-07,BUF
/nfl/rankings/ppr-cheatsheets.php,redraft-overall,ro,Trey McBride,22936,TE,ARI,19.12,5.08,15,32,,trey-mcbride.php,,,99.3,,,,,,14.0,Trey McBride,2026-08-07,ARI
/nfl/rankings/ppr-cheatsheets.php,redraft-overall,ro,George Pickens,22963,WR,DAL,19.15,5.24,9,40,,george-pickens.php,,,99.2,,,,,,14.0,George Pickens,2026-08-07,DAL
/nfl/rankings/ppr-cheatsheets.php,redraft-overall,ro,Rashee Rice,23113,WR,KC,20.08,8.13,8,45,,rashee-rice.php,,,98.1,,,,,,5.0,Rashee Rice,2026-08-07,KCC
/nfl/rankings/ppr-cheatsheets.php,redraft-overall,ro,Brock Bowers,22955,TE,LV,20.37,3.16,11,32,,brock-bowers.php,,,99.2,,,,,,13.0,Brock Bowers,2026-08-07,LVR
/nfl/rankings/ppr-cheatsheets.php,redraft-overall,ro,De'Von Achane,23136,RB,MIA,21.0,6.53,10,33,,devon-achane.php,,,99.2,,,,,,6.0,DeVon Achane,2026-08-07,MIA
/nfl/rankings/ppr-cheatsheets.php,redraft-overall,ro,Chris Olave,20111,WR,NO,21.67,7.18,11,44,,chris-olave.php,,,98.1,,,,,,8.0,Chris Olave,2026-08-07,NOS
/nfl/rankings/ppr-cheatsheets.php,redraft-overall,ro,DeVonta Smith,19222,WR,PHI,24.37,7.19,11,44,,devonta-smith.php,,,97.8,,,,,,10.0,DeVonta Smith,2026-08-07,PHI
/nfl/rankings/ppr-cheatsheets.php,redraft-overall,ro,Omarion Hampton,25395,RB,LAC,24.73,7.69,11,47,,omarion-hampton.php,,,98.7,,,,,,7.0,Omarion Hampton,2026-08-07,LAC
/nfl/rankings/ppr-cheatsheets.php,redraft-overall,ro,Saquon Barkley,17240,RB,PHI,25.2,7.33,10,41,,saquon-barkley.php,,,99.4,,,,,,10.0,Saquon Barkley,2026-08-07,PHI
/nfl/rankings/ppr-cheatsheets.php,redraft-overall,ro,Josh Allen,17298,QB,BUF,25.85,2.26,21,34,,josh-allen-qb.php,,,99.5,,,,,,7.0,Josh Allen,2026-08-07,BUF
/nfl/rankings/ppr-cheatsheets.php,redraft-overall,ro,Kenneth Walker III,23021,RB,KC,29.64,8.6,14,53,,kenneth-walker-rb.php,,,99.3,,,,,,5.0,Kenneth Walker,2026-08-07,KCC
/nfl/rankings/ppr-cheatsheets.php,redraft-overall,ro,Zay Flowers,22916,WR,BAL,29.87,9.61,12,49,,zay-flowers.php,,,97.1,,,,,,13.0,Zay Flowers,2026-08-07,BAL
/nfl/rankings/ppr-cheatsheets.php,redraft-overall,ro,Garrett Wilson,23072,WR,NYJ,30.72,7.67,15,52,,garrett-wilson.php,,,97.3,,,,,,13.0,Garrett Wilson,2026-08-07,NYJ
/nfl/rankings/ppr-cheatsheets.php,redraft-overall,ro,Lamar Jackson,17233,QB,BAL,32.28,9.25,25,63,,lamar-jackson.php,,,99.1,,,,,,13.0,Lamar Jackson,2026-08-07,BAL
/nfl/rankings/ppr-cheatsheets.php,redraft-overall,ro,Malik Nabers,25409,WR,NYG,33.37,12.49,11,64,,malik-nabers.php,,,98.1,,,,,4.0,8.0,Malik Nabers,2026-08-07,NYG
/nfl/rankings/ppr-cheatsheets.php,redraft-overall,ro,Tetairoa McMillan,25417,WR,CAR,33.45,8.49,15,51,,tetairoa-mcmillan.php,,,97.8,,,,,,5.0,Tetairoa McMillan,2026-08-07,CAR
/nfl/rankings/ppr-cheatsheets.php,redraft-overall,ro,Tee Higgins,19211,WR,CIN,35.33,7.59,19,52,,tee-higgins.php,,,97.4,,,,,,6.0,Tee Higgins,2026-08-07,CIN
/nfl/rankings/ppr-cheatsheets.php,redraft-overall,ro,Ladd McConkey,26122,WR,LAC,35.92,7.92,15,51,,ladd-mcconkey.php,,,95.7,,,,,,7.0,Ladd McConkey,2026-08-07,LAC
/nfl/rankings/ppr-cheatsheets.php,redraft-overall,ro,Colston Loveland,26006,TE,CHI,37.31,12.48,22,85,,colston-loveland.php,,,98.6,,,,,,10.0,Colston Loveland,2026-08-07,CHI
/nfl/rankings/ppr-cheatsheets.php,redraft-overall,ro,Jaylen Waddle,19790,WR,DEN,37.35,8.28,18,62,,jaylen-waddle.php,,,95.7,,,,,,10.0,Jaylen Waddle,2026-08-07,DEN
/nfl/rankings/ppr-cheatsheets.php,redraft-overall,ro,Derrick Henry,15514,RB,BAL,37.56,8.71,10,50,,derrick-henry.php,,,99.1,,,,,,13.0,Derrick Henry,2026-08-07,BAL
/nfl/rankings/ppr-cheatsheets.php,redraft-overall,ro,Emeka Egbuka,23062,WR,TB,37.74,8.68,14,60,,emeka-egbuka.php,,,96.5,,,,,,10.0,Emeka Egbuka,2026-08-07,TBB
/nfl/rankings/ppr-cheatsheets.php,redraft-overall,ro,Drake Maye,23046,QB,NE,38.26,11.48,26,70,,drake-maye.php,,,98.6,,,,,,11.0,Drake Maye,2026-08-07,NEP
/nfl/rankings/ppr-cheatsheets.php,redraft-overall,ro,Jeremiyah Love,25403,RB,ARI,38.37,7.46,26,65,,jeremiyah-love.php,,,98.2,,,,,,14.0,Jeremiyah Love,2026-08-07,ARI
/nfl/rankings/ppr-cheatsheets.php,redraft-overall,ro,Breece Hall,22982,RB,NYJ,40.09,5.31,24,58,,breece-hall.php,,,97.6,,,,,,13.0,Breece Hall,2026-08-07,NYJ
/nfl/rankings/ppr-cheatsheets.php,redraft-overall,ro,Kyren Williams,23059,RB,LAR,42.05,7.06,23,54,,kyren-williams.php,,,98.1,,,,,,11.0,Kyren Williams,2026-08-07,LAR
/nfl/rankings/ppr-cheatsheets.php,redraft-overall,ro,Terry McLaurin,18466,WR,WAS,43.73,6.21,28,62,,terry-mclaurin.php,,,95.1,,,,,,7.0,Terry McLaurin,2026-08-07,WAS
/nfl/rankings/ppr-cheatsheets.php,redraft-overall,ro,Josh Jacobs,18269,RB,GB,43.94,7.93,24,65,,josh-jacobs.php,,,98.7,,,,,,11.0,Josh Jacobs,2026-08-07,GBP
/nfl/rankings/ppr-cheatsheets.php,redraft-overall,ro,Luther Burden III,27016,WR,CHI,45.31,6.91,29,69,,luther-burden-iii.php,,,93.4,,,,,,10.0,Luther Burden,2026-08-07,CHI
/nfl/rankings/ppr-cheatsheets.php,redraft-overall,ro,Javonte Williams,22739,RB,DAL,45.7,6.37,25,58,,javonte-williams.php,,,96.7,,,,,,14.0,Javonte Williams,2026-08-07,DAL
/nfl/rankings/ppr-cheatsheets.php,redraft-overall,ro,Joe Burrow,19196,QB,CIN,46.37,13.19,27,98,,joe-burrow.php,,,98.0,,,,,,6.0,Joe Burrow,2026-08-07,CIN
/nfl/rankings/ppr-cheatsheets.php,redraft-overall,ro,Davante Adams,12123,WR,LAR,49.13,7.03,34,81,,davante-adams.php,,,97.3,,,,,,11.0,Davante Adams,2026-08-07,LAR
/nfl/rankings/ppr-cheatsheets.php,redraft-overall,ro,Travis Etienne Jr.,19231,RB,NO,49.72,9.57,24,75,,travis-etienne.php,,,95.7,,,,,,8.0,Travis Etienne,2026-08-07,NOS
/nfl/rankings/ppr-cheatsheets.php,redraft-overall,ro,Jayden Daniels,22902,QB,WAS,51.02,15.07,30,92,,jayden-daniels.php,,,97.4,,,,,,7.0,Jayden Daniels,2026-08-07,WAS
/nfl/rankings/ppr-cheatsheets.php,redraft-overall,ro,Mike Evans,12119,WR,SF,51.72,10.39,28,91,,mike-evans.php,,,92.6,,,,,,8.0,Mike Evans,2026-08-07,SFO
/nfl/rankings/ppr-cheatsheets.php,redraft-overall,ro,DJ Moore,17265,WR,BUF,53.56,13.23,19,100,,dj-moore-wr.php,,,92.8,,,,,,7.0,DJ Moore,2026-08-07,BUF
/nfl/rankings/ppr-cheatsheets.php,redraft-overall,ro,Cam Skattebo,27166,RB,NYG,53.57,8.4,36,78,,cam-skattebo.php,,,96.5,,,,,,8.0,Cam Skattebo,2026-08-07,NYG
/nfl/rankings/ppr-cheatsheets.php,redraft-overall,ro,Tyler Warren,26434,TE,IND,53.69,10.05,22,73,,tyler-warren.php,,,98.3,,,,,,13.0,Tyler Warren,2026-08-07,IND
/nfl/rankings/ppr-cheatsheets.php,redraft-overall,ro,Jameson Williams,23677,WR,DET,55.41,8.78,42,91,,jameson-williams.php,,,94.7,,,,,,6.0,Jameson Williams,2026-08-07,DET
/nfl/rankings/ppr-cheatsheets.php,redraft-overall,ro,Christian Watson,23886,WR,GB,57.65,11.63,40,110,,christian-watson.php,,,91.1,,,,,,11.0,Christian Watson,2026-08-07,GBP
/nfl/rankings/ppr-cheatsheets.php,redraft-overall,ro,Jalen Hurts,19275,QB,PHI,58.36,11.52,27,92,,jalen-hurts.php,,,97.7,,,,,,10.0,Jalen Hurts,2026-08-07,PHI
/nfl/rankings/ppr-cheatsheets.php,redraft-overall,ro,Rome Odunze,25411,WR,CHI,59.43,9.98,42,96,,rome-odunze.php,,,91.8,,,,,,10.0,Rome Odunze,2026-08-07,CHI
/nfl/rankings/ppr-cheatsheets.php,redraft-overall,ro,Bucky Irving,25981,RB,TB,60.0,9.13,35,80,,bucky-irving.php,,,95.5,,,,,,10.0,Bucky Irving,2026-08-07,TBB
/nfl/rankings/ppr-cheatsheets.php,redraft-overall,ro,D'Andre Swift,19210,RB,CHI,60.1,7.15,46,77,,dandre-swift.php,,,93.8,,,,,,10.0,DAndre Swift,2026-08-07,CHI
/nfl/rankings/ppr-cheatsheets.php,redraft-overall,ro,Quinshon Judkins,25391,RB,CLE,60.83,8.5,37,80,,quinshon-judkins.php,,,93.7,,,,,,11.0,Quinshon Judkins,2026-08-07,CLE
/nfl/rankings/ppr-cheatsheets.php,redraft-overall,ro,David Montgomery,18239,RB,HOU,62.48,9.94,43,102,,david-montgomery.php,,,93.4,,,,,,8.0,David Montgomery,2026-08-07,HOU
/nfl/rankings/ppr-cheatsheets.php,redraft-overall,ro,TreVeyon Henderson,23065,RB,NE,64.06,9.88,39,99,,treveyon-henderson.php,,,93.4,,,,,,11.0,TreVeyon Henderson,2026-08-07,NEP
/nfl/rankings/ppr-cheatsheets.php,redraft-overall,ro,Carnell Tate,26009,WR,TEN,66.77,22.69,42,192,,carnell-tate.php,,,92.9,,,,,,9.0,Carnell Tate,2026-08-07,TEN
/nfl/rankings/ppr-cheatsheets.php,redraft-overall,ro,Caleb Williams,23084,QB,CHI,68.57,13.54,29,101,,caleb-williams.php,,,93.0,,,,,,10.0,Caleb Williams,2026-08-07,CHI
/nfl/rankings/ppr-cheatsheets.php,redraft-overall,ro,Justin Herbert,18635,QB,LAC,69.6,14.02,30,108,,justin-herbert.php,,,93.2,,,,,,7.0,Justin Herbert,2026-08-07,LAC
/nfl/rankings/ppr-cheatsheets.php,redraft-overall,ro,Bhayshul Tuten,27297,RB,JAC,69.87,13.66,47,127,,bhayshul-tuten.php,,,90.1,,,,,,7.0,Bhayshul Tuten,2026-08-07,JAC
/nfl/rankings/ppr-cheatsheets.php,redraft-overall,ro,Marvin Harrison Jr.,23064,WR,ARI,70.22,14.39,45,115,,marvin-harrison-jr.php,,,88.6,,,,,,14.0,Marvin Harrison,2026-08-07,ARI
/nfl/rankings/ppr-cheatsheets.php,redraft-overall,ro,Harold Fannin Jr.,27050,TE,CLE,75.06,10.88,54,112,,harold-fannin-jr.php,,,94.1,,,,,,11.0,Harold Fannin,2026-08-07,CLE
/nfl/rankings/ppr-cheatsheets.php,redraft-overall,ro,Jaylen Warren,24209,RB,PIT,75.34,7.35,59,99,,jaylen-warren.php,,,90.5,,,,,,9.0,Jaylen Warren,2026-08-07,PIT
/nfl/rankings/ppr-cheatsheets.php,redraft-overall,ro,Tucker Kraft,25298,TE,GB,75.56,12.48,32,112,,tucker-kraft.php,,,93.4,,,,,,11.0,Tucker Kraft,2026-08-07,GBP
/nfl/rankings/ppr-cheatsheets.php,redraft-overall,ro,Jadarian Price,27329,RB,SEA,76.65,9.62,50,117,,jadarian-price.php,,,91.0,,,,,,11.0,Jadarian Price,2026-08-07,SEA
/nfl/rankings/ppr-cheatsheets.php,redraft-overall,ro,Trevor Lawrence,19780,QB,JAC,77.27,12.16,58,105,,trevor-lawrence.php,,,89.6,,,,,,7.0,Trevor Lawrence,2026-08-07,JAC
/nfl/rankings/ppr-cheatsheets.php,redraft-overall,ro,Brian Thomas Jr.,23000,WR,JAC,77.3,14.41,49,116,,brian-thomas-jr.php,,,87.8,,,,,,7.0,Brian Thomas,2026-08-07,JAC
/nfl/rankings/ppr-cheatsheets.php,redraft-overall,ro,DK Metcalf,18219,WR,PIT,77.99,12.56,51,109,,dk-metcalf.php,,,91.8,,,,,,9.0,DK Metcalf,2026-08-07,PIT
/nfl/rankings/ppr-cheatsheets.php,redraft-overall,ro,Parker Washington,23106,WR,JAC,78.26,18.06,48,123,,parker-washington.php,,,88.0,,,,,,7.0,Parker Washington,2026-08-07,JAC
/nfl/rankings/ppr-cheatsheets.php,redraft-overall,ro,Chris Godwin Jr.,16406,WR,TB,79.72,12.93,42,109,,chris-godwin.php,,,85.2,,,,,,10.0,Chris Godwin,2026-08-07,TBB
/nfl/rankings/ppr-cheatsheets.php,redraft-overall,ro,Dak Prescott,15600,QB,DAL,79.95,11.54,57,108,,dak-prescott.php,,,93.3,,,,,,14.0,Dak Prescott,2026-08-07,DAL
/nfl/rankings/ppr-cheatsheets.php,redraft-overall,ro,Kyle Pitts Sr.,20164,TE,ATL,80.43,9.97,63,106,,kyle-pitts.php,,,94.9,,,,,,11.0,Kyle Pitts,2026-08-07,ATL
/nfl/rankings/ppr-cheatsheets.php,redraft-overall,ro,Rhamondre Stevenson,22726,RB,NE,82.43,9.41,65,118,,rhamondre-stevenson.php,,,86.4,,,,,,11.0,Rhamondre Stevenson,2026-08-07,NEP
/nfl/rankings/ppr-cheatsheets.php,redraft-overall,ro,Michael Pittman Jr.,19278,WR,PIT,82.5,14.11,42,117,,michael-pittman.php,,,87.0,,,,,,9.0,Michael Pittman,2026-08-07,PIT
/nfl/rankings/ppr-cheatsheets.php,redraft-overall,ro,Courtland Sutton,17253,WR,DEN,82.67,14.86,49,110,,courtland-sutton.php,,,88.0,,,,,,10.0,Courtland Sutton,2026-08-07,DEN
/nfl/rankings/ppr-cheatsheets.php,redraft-overall,ro,Alec Pierce,23791,WR,IND,82.73,16.69,51,121,,alec-pierce.php,,,89.5,,,,,-4.0,13.0,Alec Pierce,2026-08-07,IND
/nfl/rankings/ppr-cheatsheets.php,redraft-overall,ro,Tony Pollard,18705,RB,TEN,83.65,9.44,65,117,,tony-pollard.php,,,89.3,,,,,,9.0,Tony Pollard,2026-08-07,TEN
/nfl/rankings/ppr-cheatsheets.php,redraft-overall,ro,Sam LaPorta,22978,TE,DET,84.6,11.09,57,106,,sam-laporta.php,,,95.6,,,,,,6.0,Sam LaPorta,2026-08-07,DET
/nfl/rankings/ppr-cheatsheets.php,redraft-overall,ro,Chuba Hubbard,19792,RB,CAR,85.85,13.39,64,130,,chuba-hubbard.php,,,88.1,,,,,,5.0,Chuba Hubbard,2026-08-07,CAR
/nfl/rankings/ppr-cheatsheets.php,redraft-overall,ro,Wan'Dale Robinson,22985,WR,TEN,87.27,15.9,45,136,,wandale-robinson.php,,,75.9,,,,,,9.0,WanDale Robinson,2026-08-07,TEN
/nfl/rankings/ppr-cheatsheets.php,redraft-overall,ro,Josh Downs,24706,WR,IND,87.84,16.91,51,128,,josh-downs.php,,,81.4,,,,,,13.0,Josh Downs,2026-08-07,IND
/nfl/rankings/ppr-cheatsheets.php,redraft-overall,ro,Rico Dowdle,19647,RB,PIT,88.8,11.89,66,127,,rico-dowdle.php,,,89.3,,,,,,9.0,Rico Dowdle,2026-08-07,PIT
/nfl/rankings/ppr-cheatsheets.php,redraft-overall,ro,Jordyn Tyson,26035,WR,NO,88.84,27.91,51,241,,jordyn-tyson.php,,,88.6,,,,,,8.0,Jordyn Tyson,2026-08-07,NOS
/nfl/rankings/ppr-cheatsheets.php,redraft-overall,ro,Michael Wilson,25333,WR,ARI,89.16,14.39,53,128,,michael-wilson.php,,,84.8,,,,,,14.0,Michael Wilson,2026-08-07,ARI
/nfl/rankings/ppr-cheatsheets.php,redraft-overall,ro,Jaxson Dart,23160,QB,NYG,93.16,13.44,54,114,,jaxson-dart.php,,,94.0,,,,,,8.0,Jaxson Dart,2026-08-07,NYG
/nfl/rankings/ppr-cheatsheets.php,redraft-overall,ro,RJ Harvey,27142,RB,DEN,94.42,19.31,61,145,,rj-harvey.php,,,86.0,,,,,,10.0,RJ Harvey,2026-08-07,DEN
/nfl/rankings/ppr-cheatsheets.php,redraft-overall,ro,Brock Purdy,19797,QB,SF,95.28,9.9,63,119,,brock-purdy.php,,,90.3,,,,,,8.0,Brock Purdy,2026-08-07,SFO
/nfl/rankings/ppr-cheatsheets.php,redraft-overall,ro,Travis Kelce,11594,TE,KC,98.06,12.31,66,138,,travis-kelce.php,,,89.4,,,,,,5.0,Travis Kelce,2026-08-07,KCC
/nfl/rankings/ppr-cheatsheets.php,redraft-overall,ro,Jakobi Meyers,18598,WR,JAC,99.48,17.99,62,149,,jakobi-meyers.php,,,81.3,,,,,,7.0,Jakobi Meyers,2026-08-07,JAC
/nfl/rankings/ppr-cheatsheets.php,redraft-overall,ro,Quentin Johnston,23123,WR,LAC,100.22,14.88,64,133,,quentin-johnston.php,,,81.9,,,,,,7.0,Quentin Johnston,2026-08-07,LAC
/nfl/rankings/ppr-cheatsheets.php,redraft-overall,ro,Kenny Gainwell,23310,RB,TB,100.31,15.5,75,146,,kenneth-gainwell.php,,,81.0,,,,,,10.0,Kenny Gainwell,2026-08-07,TBB
/nfl/rankings/ppr-cheatsheets.php,redraft-overall,ro,Bo Nix,22910,QB,DEN,101.27,8.81,74,121,,bo-nix.php,,,87.5,,,,,,10.0,Bo Nix,2026-08-07,DEN
/nfl/rankings/ppr-cheatsheets.php,redraft-overall,ro,J.K. Dobbins,19245,RB,DEN,101.36,15.42,72,143,,jk-dobbins.php,,,86.7,,,,,,10.0,JK Dobbins,2026-08-07,DEN
/nfl/rankings/ppr-cheatsheets.php,redraft-overall,ro,Patrick Mahomes II,16413,QB,KC,101.91,9.42,63,129,,patrick-mahomes.php,,,90.8,,,,,,5.0,Patrick Mahomes,2026-08-07,KCC
/nfl/rankings/ppr-cheatsheets.php,redraft-overall,ro,Makai Lemon,25420,WR,PHI,101.92,24.54,64,232,,makai-lemon.php,,,87.4,,,,,,10.0,Makai Lemon,2026-08-07,PHI
/nfl/rankings/ppr-cheatsheets.php,redraft-overall,ro,Matthew Stafford,9451,QB,LAR,104.13,12.25,63,134,,matthew-stafford.php,,,91.6,,,,,,11.0,Matthew Stafford,2026-08-07,LAR
/nfl/rankings/ppr-cheatsheets.php,redraft-overall,ro,Kyle Monangai,27131,RB,CHI,104.29,12.29,78,135,,kyle-monangai.php,,,84.1,,,,,,10.0,Kyle Monangai,2026-08-07,CHI
/nfl/rankings/ppr-cheatsheets.php,redraft-overall,ro,Rachaad White,23891,RB,WAS,106.17,14.85,72,141,,rachaad-white.php,,,79.8,,,,,,7.0,Rachaad White,2026-08-07,WAS
/nfl/rankings/ppr-cheatsheets.php,redraft-overall,ro,George Kittle,16499,TE,SF,106.2,17.23,73,155,,george-kittle.php,,,92.4,,,,,,8.0,George Kittle,2026-08-07,SFO
/nfl/rankings/ppr-cheatsheets.php,redraft-overall,ro,Jordan Addison,23107,WR,MIN,106.33,14.97,69,170,,jordan-addison.php,,,83.4,,,,,,6.0,Jordan Addison,2026-08-07,MIN
/nfl/rankings/ppr-cheatsheets.php,redraft-overall,ro,Jared Goff,15501,QB,DET,108.12,11.56,63,125,,jared-goff.php,,,77.8,,,,,,6.0,Jared Goff,2026-08-07,DET
/nfl/rankings/ppr-cheatsheets.php,redraft-overall,ro,Jayden Reed,23020,WR,GB,108.19,13.88,81,142,,jayden-reed.php,,,76.0,,,,,,11.0,Jayden Reed,2026-08-07,GBP
/nfl/rankings/ppr-cheatsheets.php,redraft-overall,ro,Blake Corum,23013,RB,LAR,110.08,12.8,84,143,,blake-corum.php,,,82.0,,,,,,11.0,Blake Corum,2026-08-07,LAR
/nfl/rankings/ppr-cheatsheets.php,redraft-overall,ro,Jake Ferguson,22718,TE,DAL,110.84,15.27,73,157,,jake-ferguson.php,,,88.8,,,,,,14.0,Jake Ferguson,2026-08-07,DAL
/nfl/rankings/ppr-cheatsheets.php,redraft-overall,ro,Aaron Jones Sr.,16673,RB,MIN,111.1,15.09,77,141,,aaron-jones.php,,,83.4,,,,,,6.0,Aaron Jones,2026-08-07,MIN
/nfl/rankings/ppr-cheatsheets.php,redraft-overall,ro,Kyler Murray,18600,QB,MIN,111.8,11.06,74,139,,kyler-murray.php,,,72.3,,,,,,6.0,Kyler Murray,2026-08-07,MIN
/nfl/rankings/ppr-cheatsheets.php,redraft-overall,ro,Dalton Kincaid,25247,TE,BUF,114.69,16.11,95,158,,dalton-kincaid.php,,,78.8,,,,,,7.0,Dalton Kincaid,2026-08-07,BUF
/nfl/rankings/ppr-cheatsheets.php,redraft-overall,ro,Jonathon Brooks,26148,RB,CAR,115.41,38.15,67,347,,jonathon-brooks.php,,,74.7,,,,,,5.0,Jonathon Brooks,2026-08-07,CAR
/nfl/rankings/ppr-cheatsheets.php,redraft-overall,ro,Baker Mayfield,17237,QB,TB,118.23,8.79,96,139,,baker-mayfield.php,,,62.0,,,,,,10.0,Baker Mayfield,2026-08-07,TBB
/nfl/rankings/ppr-cheatsheets.php,redraft-overall,ro,Jordan Love,19246,QB,GB,119.69,8.78,98,145,,jordan-love.php,,,58.6,,,,,,11.0,Jordan Love,2026-08-07,GBP
/nfl/rankings/ppr-cheatsheets.php,redraft-overall,ro,Jayden Higgins,27077,WR,HOU,120.76,13.31,90,163,,jayden-higgins.php,,,47.4,,,,,,8.0,Jayden Higgins,2026-08-07,HOU
/nfl/rankings/ppr-cheatsheets.php,redraft-overall,ro,Tyler Shough,23096,QB,NO,121.86,11.85,101,169,,tyler-shough.php,,,51.2,,,,,,8.0,Tyler Shough,2026-08-07,NOS
/nfl/rankings/ppr-cheatsheets.php,redraft-overall,ro,Khalil Shakir,23748,WR,BUF,122.0,15.12,88,163,,khalil-shakir.php,,,65.4,,,,,,7.0,Khalil Shakir,2026-08-07,BUF
/nfl/rankings/ppr-cheatsheets.php,redraft-overall,ro,Dallas Goedert,17270,TE,PHI,122.42,20.89,95,196,,dallas-goedert.php,,,86.4,,,,,,10.0,Dallas Goedert,2026-08-07,PHI
/nfl/rankings/ppr-cheatsheets.php,redraft-overall,ro,Isaiah Likely,23781,TE,NYG,122.59,32.45,87,254,,isaiah-likely.php,,,85.7,,,,,,8.0,Isaiah Likely,2026-08-07,NYG
/nfl/rankings/ppr-cheatsheets.php,redraft-overall,ro,Xavier Worthy,23019,WR,KC,123.28,13.47,86,163,,xavier-worthy.php,,,71.8,,,,,,5.0,Xavier Worthy,2026-08-07,KCC
/nfl/rankings/ppr-cheatsheets.php,redraft-overall,ro,Jacory Croskey-Merritt,27316,RB,WAS,123.41,12.02,91,148,,jacory-croskeymerritt.php,,,74.6,,,,,,7.0,Jacory Croskey-Merritt,2026-08-07,WAS
/nfl/rankings/ppr-cheatsheets.php,redraft-overall,ro,Jordan Mason,22969,RB,MIN,124.86,13.72,89,162,,jordan-mason.php,,,70.5,,,,,,6.0,Jordan Mason,2026-08-07,MIN
/nfl/rankings/ppr-cheatsheets.php,redraft-overall,ro,Mark Andrews,17269,TE,BAL,125.73,20.2,95,203,,mark-andrews.php,,,82.5,,,,,,13.0,Mark Andrews,2026-08-07,BAL
/nfl/rankings/ppr-cheatsheets.php,redraft-overall,ro,Jalen Coker,26403,WR,CAR,127.95,14.95,96,178,,jalen-coker.php,,,46.7,,,,,,5.0,Jalen Coker,2026-08-07,CAR
/nfl/rankings/ppr-cheatsheets.php,redraft-overall,ro,Romeo Doubs,23794,WR,NE,129.09,14.6,91,174,,romeo-doubs.php,,,65.9,,,,,,11.0,Romeo Doubs,2026-08-07,NEP
/nfl/rankings/ppr-cheatsheets.php,redraft-overall,ro,Malik Willis,23499,QB,MIA,131.5,23.4,92,236,,malik-willis.php,,,44.9,,,,,,6.0,Malik Willis,2026-08-07,MIA
/nfl/rankings/ppr-cheatsheets.php,redraft-overall,ro,KC Concepcion,27331,WR,CLE,133.02,34.8,82,298,,kevin-concepcion.php,,,66.0,,,,,,11.0,KC Concepcion,2026-08-07,CLE
/nfl/rankings/ppr-cheatsheets.php,redraft-overall,ro,Tyrone Tracy Jr.,22980,RB,NYG,134.08,10.02,109,162,,tyrone-tracy-jr.php,,,40.0,,,,,,8.0,Tyrone Tracy,2026-08-07,NYG
/nfl/rankings/ppr-cheatsheets.php,redraft-overall,ro,Matthew Golden,26024,WR,GB,136.05,18.95,90,197,,matthew-golden.php,,,67.1,,,,,,11.0,Matthew Golden,2026-08-07,GBP
/nfl/rankings/ppr-cheatsheets.php,redraft-overall,ro,Woody Marks,27520,RB,HOU,139.19,13.97,99,182,,woody-marks.php,,,53.9,,,,,,8.0,Woody Marks,2026-08-07,HOU
/nfl/rankings/ppr-cheatsheets.php,redraft-overall,ro,Tyler Allgeier,24172,RB,ARI,140.47,15.02,102,201,,tyler-allgeier.php,,,46.0,,,,,,14.0,Tyler Allgeier,2026-08-07,ARI
/nfl/rankings/ppr-cheatsheets.php,redraft-overall,ro,C.J. Stroud,23071,QB,HOU,142.27,14.81,119,200,,cj-stroud.php,,,40.0,,,,,,8.0,CJ Stroud,2026-08-07,HOU
/nfl/rankings/ppr-cheatsheets.php,redraft-overall,ro,Sam Darnold,17236,QB,SEA,142.8,15.96,125,242,,sam-darnold.php,,,42.9,,,,,,11.0,Sam Darnold,2026-08-07,SEA
/nfl/rankings/ppr-cheatsheets.php,redraft-overall,ro,Tyjae Spears,25323,RB,TEN,143.24,15.19,110,210,,tyjae-spears.php,,,46.9,,,,,,9.0,Tyjae Spears,2026-08-07,TEN
/nfl/rankings/ppr-cheatsheets.php,redraft-overall,ro,Chris Rodriguez Jr.,22986,RB,JAC,143.66,17.68,116,231,,chris-rodriguez-jr.php,,,40.7,,,,,,7.0,Chris Rodriguez,2026-08-07,JAC
/nfl/rankings/ppr-cheatsheets.php,redraft-overall,ro,Alvin Kamara,16421,RB,NO,145.71,16.66,99,201,,alvin-kamara.php,,,52.4,,,,,,8.0,Alvin Kamara,2026-08-07,NOS
/nfl/rankings/ppr-cheatsheets.php,redraft-overall,ro,Rashid Shaheed,24687,WR,SEA,147.41,13.15,117,178,,rashid-shaheed.php,,,44.4,,,,,,11.0,Rashid Shaheed,2026-08-07,SEA
/nfl/rankings/ppr-cheatsheets.php,redraft-overall,ro,Zach Charbonnet,23152,RB,SEA,144.26,24.79,86,238,,zach-charbonnet.php,,,70.4,,,,,,11.0,Zach Charbonnet,2026-08-07,SEA
/nfl/rankings/ppr-cheatsheets.php,redraft-overall,ro,Dylan Sampson,27102,RB,CLE,148.29,14.83,127,222,,dylan-sampson.php,,,24.1,,,,,,11.0,Dylan Sampson,2026-08-07,CLE
/nfl/rankings/ppr-cheatsheets.php,redraft-overall,ro,Juwan Johnson,19562,TE,NO,148.3,22.07,106,203,,juwan-johnson.php,,,46.2,,,,,,8.0,Juwan Johnson,2026-08-07,NOS
/nfl/rankings/ppr-cheatsheets.php,redraft-overall,ro,Chig Okonkwo,23982,TE,WAS,151.71,30.14,97,261,,chigoziem-okonkwo.php,,,44.2,,,,,,7.0,Chigoziem Okonkwo,2026-08-07,WAS
/nfl/rankings/ppr-cheatsheets.php,redraft-overall,ro,Cam Ward,24755,QB,TEN,154.13,23.28,125,246,,cam-ward.php,,,28.9,,,,,,9.0,Cam Ward,2026-08-07,TEN
/nfl/rankings/ppr-cheatsheets.php,redraft-overall,ro,Isiah Pacheco,24333,RB,DET,151.19,14.19,118,219,,isiah-pacheco.php,,,51.9,,,,,,6.0,Isiah Pacheco,2026-08-07,DET
/nfl/rankings/ppr-cheatsheets.php,redraft-overall,ro,Brenton Strange,25345,TE,JAC,154.4,23.99,106,236,,brenton-strange.php,,,49.9,,,,,,7.0,Brenton Strange,2026-08-07,JAC
/nfl/rankings/ppr-cheatsheets.php,redraft-overall,ro,Daniel Jones,18232,QB,IND,156.31,27.44,113,276,,daniel-jones.php,,,40.7,,,,,,13.0,Daniel Jones,2026-08-07,IND
/nfl/rankings/ppr-cheatsheets.php,redraft-overall,ro,Jauan Jennings,19590,WR,MIN,154.81,27.57,91,276,,jauan-jennings.php,,,35.1,,,,,,6.0,Jauan Jennings,2026-08-07,MIN
/nfl/rankings/ppr-cheatsheets.php,redraft-overall,ro,Keaton Mitchell,25360,RB,LAC,155.84,24.19,117,243,,keaton-mitchell.php,,,33.5,,,,,,7.0,Keaton Mitchell,2026-08-07,LAC
/nfl/rankings/ppr-cheatsheets.php,redraft-overall,ro,Jerry Jeudy,19201,WR,CLE,159.55,22.73,126,247,,jerry-jeudy.php,,,34.7,,,,,,11.0,Jerry Jeudy,2026-08-07,CLE
/nfl/rankings/ppr-cheatsheets.php,redraft-overall,ro,Denzel Boston,27339,WR,CLE,159.92,32.68,116,309,,denzel-boston.php,,,36.1,,,,,,11.0,Denzel Boston,2026-08-07,CLE
/nfl/rankings/ppr-cheatsheets.php,redraft-overall,ro,Hunter Henry,15561,TE,NE,163.87,24.52,106,230,,hunter-henry.php,,,65.5,,,,,,11.0,Hunter Henry,2026-08-07,NEP
/nfl/rankings/ppr-cheatsheets.php,redraft-overall,ro,Deebo Samuel Sr.,18244,WR,SF,148.94,38.09,71,239,,deebo-samuel.php,,,56.2,,,,,10.0,8.0,Deebo Samuel,2026-08-07,SFO
/nfl/rankings/ppr-cheatsheets.php,redraft-overall,ro,Bryce Young,22900,QB,CAR,165.62,23.38,129,276,,bryce-young.php,,,32.0,,,,,,5.0,Bryce Young,2026-08-07,CAR
/nfl/rankings/ppr-cheatsheets.php,redraft-overall,ro,Omar Cooper Jr.,28127,WR,NYJ,164.41,31.89,128,299,,omar-cooper-jr.php,,,39.1,,,,,,13.0,Omar Cooper,2026-08-07,NYJ
/nfl/rankings/ppr-cheatsheets.php,redraft-overall,ro,Jalen McMillan,23179,WR,TB,167.67,28.4,126,291,,jalen-mcmillan.php,,,30.8,,,,,,10.0,Jalen McMillan,2026-08-07,TBB
/nfl/rankings/ppr-cheatsheets.php,redraft-overall,ro,Jonah Coleman,27320,RB,DEN,165.62,38.02,120,352,,jonah-coleman.php,,,33.7,,,,,,10.0,Jonah Coleman,2026-08-07,DEN
/nfl/rankings/ppr-cheatsheets.php,redraft-overall,ro,Adonai Mitchell,24357,WR,NYJ,168.64,28.02,126,284,,adonai-mitchell.php,,,18.3,,,,,,13.0,Adonai Mitchell,2026-08-07,NYJ
/nfl/rankings/ppr-cheatsheets.php,redraft-overall,ro,Brian Robinson Jr.,20094,RB,ATL,169.3,18.25,135,238,,brian-robinson-jr.php,,,37.5,,,,,,11.0,Brian Robinson,2026-08-07,ATL
/nfl/rankings/ppr-cheatsheets.php,redraft-overall,ro,Tank Bigsby,22908,RB,PHI,171.22,25.32,133,238,,tank-bigsby.php,,,31.3,,,,,,10.0,Tank Bigsby,2026-08-07,PHI
/nfl/rankings/ppr-cheatsheets.php,redraft-overall,ro,Houston Texans,8120,DST,HOU,153.56,6.36,146,183,,houston-defense.php,,,96.2,,,,,,8.0,Houston Texans,2026-08-07,HOU
/nfl/rankings/ppr-cheatsheets.php,redraft-overall,ro,Tre Tucker,25337,WR,LV,173.76,30.03,119,287,,tre-tucker.php,,,22.1,,,,,,13.0,Tre Tucker,2026-08-07,LVR
/nfl/rankings/ppr-cheatsheets.php,redraft-overall,ro,Oronde Gadsden II,25997,TE,LAC,174.14,37.67,97,254,,oronde-gadsden-ii.php,,,49.1,,,,,,7.0,Oronde Gadsden,2026-08-07,LAC
/nfl/rankings/ppr-cheatsheets.php,redraft-overall,ro,Stefon Diggs,13981,WR,WAS,144.43,51.63,76,302,,stefon-diggs.php,,,55.5,,,,,,7.0,Stefon Diggs,2026-08-07,WAS
/nfl/rankings/ppr-cheatsheets.php,redraft-overall,ro,Travis Hunter,26034,WR,JAC,170.81,31.9,96,289,,travis-hunter.php,,,66.7,,,,,,7.0,Travis Hunter,2026-08-07,JAC
/nfl/rankings/ppr-cheatsheets.php,redraft-overall,ro,Dalton Schultz,17349,TE,HOU,180.98,22.23,131,236,,dalton-schultz.php,,,29.2,,,,,,8.0,Dalton Schultz,2026-08-07,HOU
/nfl/rankings/ppr-cheatsheets.php,redraft-overall,ro,Tre' Harris,26215,WR,LAC,182.19,28.67,136,293,,tre-harris.php,,,15.6,,,,,,7.0,Tre Harris,2026-08-07,LAC
/nfl/rankings/ppr-cheatsheets.php,redraft-overall,ro,Denver Broncos,8090,DST,DEN,162.91,6.94,150,201,,denver-defense.php,,,94.2,,,,,,10.0,Denver Broncos,2026-08-07,DEN
/nfl/rankings/ppr-cheatsheets.php,redraft-overall,ro,Jacoby Brissett,15642,QB,ARI,189.3,37.64,129,285,,jacoby-brissett.php,,,25.4,,,,,,14.0,Jacoby Brissett,2026-08-07,ARI
/nfl/rankings/ppr-cheatsheets.php,redraft-overall,ro,Braelon Allen,24346,RB,NYJ,181.01,30.62,132,278,,braelon-allen.php,,,20.6,,,,,,13.0,Braelon Allen,2026-08-07,NYJ
/nfl/rankings/ppr-cheatsheets.php,redraft-overall,ro,Ryan Flournoy,26398,WR,DAL,184.77,27.21,149,319,,ryan-flournoy.php,,,14.8,,,,,,14.0,Ryan Flournoy,2026-08-07,DAL
/nfl/rankings/ppr-cheatsheets.php,redraft-overall,ro,Seattle Seahawks,8260,DST,SEA,167.42,4.81,151,189,,seattle-defense.php,,,95.6,,,,,,11.0,Seattle Seahawks,2026-08-07,SEA
/nfl/rankings/ppr-cheatsheets.php,redraft-overall,ro,T.J. Hockenson,18290,TE,MIN,191.53,23.32,124,246,,tj-hockenson.php,,,55.8,,,,,,6.0,TJ Hockenson,2026-08-07,MIN
/nfl/rankings/ppr-cheatsheets.php,redraft-overall,ro,Los Angeles Rams,8280,DST,LAR,168.83,7.31,150,190,,los-angeles-rams-defense.php,,,84.5,,,,,,11.0,Los Angeles Rams,2026-08-07,LAR
/nfl/rankings/ppr-cheatsheets.php,redraft-overall,ro,Philadelphia Eagles,8230,DST,PHI,174.77,9.41,161,235,,philadelphia-defense.php,,,83.8,,,,,,10.0,Philadelphia Eagles,2026-08-07,PHI
/nfl/rankings/ppr-cheatsheets.php,redraft-overall,ro,De'Zhaun Stribling,28138,WR,SF,195.51,55.01,121,391,,dezhaun-stribling.php,,,24.1,,,,,,8.0,DeZhaun Stribling,2026-08-07,SFO
/nfl/rankings/ppr-cheatsheets.php,redraft-overall,ro,Kayshon Boutte,22989,WR,NE,192.3,28.21,133,270,,kayshon-boutte.php,,,21.4,,,,,,11.0,Kayshon Boutte,2026-08-07,NEP
/nfl/rankings/ppr-cheatsheets.php,redraft-overall,ro,James Conner,16447,RB,ARI,186.68,41.55,99,318,,james-conner.php,,,28.5,,,,,,14.0,James Conner,2026-08-07,ARI
/nfl/rankings/ppr-cheatsheets.php,redraft-overall,ro,Kimani Vidal,26355,RB,LAC,196.01,32.89,148,284,,kimani-vidal.php,,,14.2,,,,,,7.0,Kimani Vidal,2026-08-07,LAC
/nfl/rankings/ppr-cheatsheets.php,redraft-overall,ro,Brandon Aubrey,26068,K,DAL,186.61,1.94,177,193,,brandon-aubrey.php,,,98.5,,,,,,14.0,Brandon Aubrey,2026-08-07,DAL
/nfl/rankings/ppr-cheatsheets.php,redraft-overall,ro,Jalen Nailor,24177,WR,LV,195.23,41.71,110,305,,jalen-nailor.php,,,31.7,,,,,,13.0,Jalen Nailor,2026-08-07,LVR
/nfl/rankings/ppr-cheatsheets.php,redraft-overall,ro,Calvin Ridley,17258,WR,TEN,200.67,34.03,137,323,,calvin-ridley.php,,,19.8,,,,,,9.0,Calvin Ridley,2026-08-07,TEN
/nfl/rankings/ppr-cheatsheets.php,redraft-overall,ro,Troy Franklin,23092,WR,DEN,195.62,37.63,126,319,,troy-franklin.php,,,12.9,,,,,,10.0,Troy Franklin,2026-08-07,DEN
/nfl/rankings/ppr-cheatsheets.php,redraft-overall,ro,Sean Tucker,23679,RB,TB,198.95,37.11,145,358,,sean-tucker.php,,,19.0,,,,,,10.0,Sean Tucker,2026-08-07,TBB
/nfl/rankings/ppr-cheatsheets.php,redraft-overall,ro,Ray Davis,26191,RB,BUF,199.4,34.11,145,311,,ray-davis.php,,,15.4,,,,,,7.0,Ray Davis,2026-08-07,BUF
/nfl/rankings/ppr-cheatsheets.php,redraft-overall,ro,AJ Barner,26335,TE,SEA,207.21,23.88,138,256,,aj-barner.php,,,27.2,,,,,,11.0,AJ Barner,2026-08-07,SEA
/nfl/rankings/ppr-cheatsheets.php,redraft-overall,ro,Emmett Johnson,28107,RB,KC,197.01,40.86,148,363,,emmett-johnson.php,,,26.6,,,,,,5.0,Emmett Johnson,2026-08-07,KCC
/nfl/rankings/ppr-cheatsheets.php,redraft-overall,ro,Dontayvion Wicks,24354,WR,PHI,202.38,26.26,140,268,,dontayvion-wicks.php,,,12.4,,,,,,10.0,Dontayvion Wicks,2026-08-07,PHI
/nfl/rankings/ppr-cheatsheets.php,redraft-overall,ro,Jaylin Noel,27122,WR,HOU,195.28,33.5,128,298,,jaylin-noel.php,,,10.3,,,,,-8.0,8.0,Jaylin Noel,2026-08-07,HOU
/nfl/rankings/ppr-cheatsheets.php,redraft-overall,ro,Malik Washington,26314,WR,MIA,200.98,38.64,133,297,,malik-washington.php,,,16.9,,,,,,6.0,Malik Washington,2026-08-07,MIA
/nfl/rankings/ppr-cheatsheets.php,redraft-overall,ro,Pittsburgh Steelers,8240,DST,PIT,187.83,7.89,171,240,,pittsburgh-defense.php,,,70.5,,,,,,9.0,Pittsburgh Steelers,2026-08-07,PIT
/nfl/rankings/ppr-cheatsheets.php,redraft-overall,ro,Jacksonville Jaguars,8140,DST,JAC,188.55,11.02,171,256,,jacksonville-defense.php,,,67.7,,,,,,7.0,Jacksonville Jaguars,2026-08-07,JAC
/nfl/rankings/ppr-cheatsheets.php,redraft-overall,ro,Minnesota Vikings,8170,DST,MIN,185.78,11.44,171,255,,minnesota-defense.php,,,63.0,,,,,,6.0,Minnesota Vikings,2026-08-07,MIN
/nfl/rankings/ppr-cheatsheets.php,redraft-overall,ro,New England Patriots,8180,DST,NE,186.34,12.86,167,279,,new-england-defense.php,,,79.7,,,,,,11.0,New England Patriots,2026-08-07,NEP
/nfl/rankings/ppr-cheatsheets.php,redraft-overall,ro,Kenyon Sadiq,26055,TE,NYJ,211.05,41.29,138,395,,kenyon-sadiq.php,,,63.9,,,,,,13.0,Kenyon Sadiq,2026-08-07,NYJ
/nfl/rankings/ppr-cheatsheets.php,redraft-overall,ro,Los Angeles Chargers,8250,DST,LAC,192.68,14.67,172,279,,los-angeles-chargers-defense.php,,,48.4,,,,,,7.0,Los Angeles Chargers,2026-08-07,LAC
/nfl/rankings/ppr-cheatsheets.php,redraft-overall,ro,Isaac TeSlaa,27446,WR,DET,201.35,25.52,161,293,,isaac-teslaa.php,,,18.7,,,,,,6.0,Isaac TeSlaa,2026-08-07,DET
/nfl/rankings/ppr-cheatsheets.php,redraft-overall,ro,Darnell Mooney,19810,WR,NYG,207.3,25.85,149,297,,darnell-mooney.php,,,17.4,,,,,,8.0,Darnell Mooney,2026-08-07,NYG
/nfl/rankings/ppr-cheatsheets.php,redraft-overall,ro,Pat Bryant,27211,WR,DEN,208.58,27.01,165,291,,pat-bryant.php,,,11.4,,,,,,10.0,Pat Bryant,2026-08-07,DEN
/nfl/rankings/ppr-cheatsheets.php,redraft-overall,ro,Cameron Dicker,23901,K,LAC,195.04,8.03,186,253,,cameron-dicker.php,,,95.5,,,,,,7.0,Cameron Dicker,2026-08-07,LAC
/nfl/rankings/ppr-cheatsheets.php,redraft-overall,ro,Ka'imi Fairbairn,15756,K,HOU,192.4,2.9,181,204,,kaimi-fairbairn.php,,,89.6,,,,,,8.0,Kaimi Fairbairn,2026-08-07,HOU
/nfl/rankings/ppr-cheatsheets.php,redraft-overall,ro,Gunnar Helm,27109,TE,TEN,217.94,30.65,157,334,,gunnar-helm.php,,,16.8,,,,,,9.0,Gunnar Helm,2026-08-07,TEN
/nfl/rankings/ppr-cheatsheets.php,redraft-overall,ro,Antonio Williams,25418,WR,WAS,203.81,45.23,128,318,,antonio-williams-wr.php,,,28.4,,,,,,7.0,Antonio Williams,2026-08-07,WAS
/nfl/rankings/ppr-cheatsheets.php,redraft-overall,ro,Cam Little,26475,K,JAC,199.18,11.69,182,282,,cam-little.php,,,87.6,,,,,,7.0,Cam Little,2026-08-07,JAC
/nfl/rankings/ppr-cheatsheets.php,redraft-overall,ro,Baltimore Ravens,8020,DST,BAL,199.56,17.11,161,280,,baltimore-defense.php,,,49.2,,,,,,13.0,Baltimore Ravens,2026-08-07,BAL
/nfl/rankings/ppr-cheatsheets.php,redraft-overall,ro,Jason Myers,14003,K,SEA,200.76,8.56,188,253,,jason-myers.php,,,92.3,,,,,,11.0,Jason Myers,2026-08-07,SEA
/nfl/rankings/ppr-cheatsheets.php,redraft-overall,ro,Mike Washington Jr.,28108,RB,LV,209.41,38.91,152,366,,mike-washington-jr.php,,,25.5,,,,,,13.0,Mike Washington,2026-08-07,LVR
/nfl/rankings/ppr-cheatsheets.php,redraft-overall,ro,Emanuel Wilson,25885,RB,SEA,210.86,35.81,141,298,,emanuel-wilson.php,,,13.0,,,,,,11.0,Emanuel Wilson,2026-08-07,SEA
/nfl/rankings/ppr-cheatsheets.php,redraft-overall,ro,Rashod Bateman,19794,WR,BAL,223.39,29.38,165,295,,rashod-bateman.php,,,8.7,,,,,,13.0,Rashod Bateman,2026-08-07,BAL
/nfl/rankings/ppr-cheatsheets.php,redraft-overall,ro,Nicholas Singleton,24343,RB,TEN,214.84,42.8,143,348,,nick-singleton.php,,,25.3,,,,,,9.0,Nicholas Singleton,2026-08-07,TEN
/nfl/rankings/ppr-cheatsheets.php,redraft-overall,ro,Geno Smith,11687,QB,NYJ,226.91,30.86,147,285,,geno-smith.php,,,15.6,,,,,,13.0,Geno Smith,2026-08-07,NYJ
/nfl/rankings/ppr-cheatsheets.php,redraft-overall,ro,Eddy Pineiro,17575,K,SF,207.36,6.81,195,241,,eddy-pineiro.php,,,59.4,,,,,,8.0,Eddy Pineiro,2026-08-07,SFO
/nfl/rankings/ppr-cheatsheets.php,redraft-overall,ro,Tyler Loop,27534,K,BAL,208.92,12.0,187,260,,tyler-loop.php,,,55.6,,,,,,13.0,Tyler Loop,2026-08-07,BAL
/nfl/rankings/ppr-cheatsheets.php,redraft-overall,ro,Aaron Rodgers,9001,QB,PIT,224.07,45.01,129,343,,aaron-rodgers.php,,,18.8,,,,,,9.0,Aaron Rodgers,2026-08-07,PIT
/nfl/rankings/ppr-cheatsheets.php,redraft-overall,ro,Green Bay Packers,8110,DST,GB,201.13,20.72,179,280,,green-bay-defense.php,,,29.3,,,,,,11.0,Green Bay Packers,2026-08-07,GBP
/nfl/rankings/ppr-cheatsheets.php,redraft-overall,ro,Cooper Kupp,16433,WR,SEA,222.3,30.86,140,298,,cooper-kupp.php,,,17.1,,,,,,11.0,Cooper Kupp,2026-08-07,SEA
/nfl/rankings/ppr-cheatsheets.php,redraft-overall,ro,Tank Dell,25361,WR,HOU,220.83,29.19,165,312,,nathaniel-dell.php,,,24.2,,,,,,8.0,Tank Dell,2026-08-07,HOU
/nfl/rankings/ppr-cheatsheets.php,redraft-overall,ro,Kaytron Allen,24362,RB,WAS,222.16,38.37,155,322,,kaytron-allen.php,,,21.1,,,,,,7.0,Kaytron Allen,2026-08-07,WAS
/nfl/rankings/ppr-cheatsheets.php,redraft-overall,ro,Kansas City Chiefs,8150,DST,KC,212.08,16.92,179,279,,kansas-city-defense.php,,,24.4,,,,,,5.0,Kansas City Chiefs,2026-08-07,KCC
/nfl/rankings/ppr-cheatsheets.php,redraft-overall,ro,Cairo Santos,13731,K,CHI,215.88,12.03,197,282,,cairo-santos.php,,,25.5,,,,,,10.0,Cairo Santos,2026-08-07,CHI
/nfl/rankings/ppr-cheatsheets.php,redraft-overall,ro,Zachariah Branch,25419,WR,ATL,228.72,36.31,142,295,,zachariah-branch.php,,,23.2,,,,,,11.0,Zachariah Branch,2026-08-07,ATL
/nfl/rankings/ppr-cheatsheets.php,redraft-overall,ro,Andy Borregales,27291,K,NE,219.14,16.12,183,284,,andres-borregales.php,,,28.9,,,,,,11.0,Andy Borregales,2026-08-07,NEP
/nfl/rankings/ppr-cheatsheets.php,redraft-overall,ro,Detroit Lions,8100,DST,DET,219.14,20.81,185,280,,detroit-defense.php,,,55.3,,,,,,6.0,Detroit Lions,2026-08-07,DET
/nfl/rankings/ppr-cheatsheets.php,redraft-overall,ro,Jake Bates,26075,K,DET,224.42,15.51,192,258,,jake-bates.php,,,61.7,,,,,,6.0,Jake Bates,2026-08-07,DET
/nfl/rankings/ppr-cheatsheets.php,redraft-overall,ro,Evan McPherson,23297,K,CIN,214.48,13.25,187,258,,evan-mcpherson.php,,,39.3,,,,,,6.0,Evan McPherson,2026-08-07,CIN
/nfl/rankings/ppr-cheatsheets.php,redraft-overall,ro,Pat Freiermuth,20163,TE,PIT,240.12,25.68,155,306,,pat-freiermuth.php,,,16.7,,,,,,9.0,Pat Freiermuth,2026-08-07,PIT
/nfl/rankings/ppr-cheatsheets.php,redraft-overall,ro,MarShawn Lloyd,23118,RB,GB,231.31,49.09,147,325,,marshawn-lloyd.php,,,9.3,,,,,,11.0,MarShawn Lloyd,2026-08-07,GBP
/nfl/rankings/ppr-cheatsheets.php,redraft-overall,ro,Germie Bernard,26039,WR,PIT,229.57,31.22,176,316,,germie-bernard.php,,,20.4,,,,,,9.0,Germie Bernard,2026-08-07,PIT
/nfl/rankings/ppr-cheatsheets.php,redraft-overall,ro,Cade Otton,23181,TE,TB,243.29,22.8,196,325,,cade-otton.php,,,23.0,,,,,,10.0,Cade Otton,2026-08-07,TBB
/nfl/rankings/ppr-cheatsheets.php,redraft-overall,ro,Jaydon Blue,24344,RB,DAL,232.55,44.05,143,319,,jaydon-blue.php,,,11.1,,,,,,14.0,Jaydon Blue,2026-08-07,DAL
/nfl/rankings/ppr-cheatsheets.php,redraft-overall,ro,Chimere Dike,27315,WR,TEN,228.62,39.42,142,312,,chimere-dike.php,,,11.3,,,,,,9.0,Chimere Dike,2026-08-07,TEN
/nfl/rankings/ppr-cheatsheets.php,redraft-overall,ro,Jaylen Wright,25987,RB,MIA,229.96,27.0,156,301,,jaylen-wright.php,,,10.2,,,,,,6.0,Jaylen Wright,2026-08-07,MIA
/nfl/rankings/ppr-cheatsheets.php,redraft-overall,ro,Cleveland Browns,8070,DST,CLE,214.17,36.03,167,356,,cleveland-defense.php,,,23.1,,,,,,11.0,Cleveland Browns,2026-08-07,CLE
/nfl/rankings/ppr-cheatsheets.php,redraft-overall,ro,Terrance Ferguson,23091,TE,LAR,239.33,28.75,155,390,,terrance-ferguson.php,,,20.2,,,,,,11.0,Terrance Ferguson,2026-08-07,LAR
/nfl/rankings/ppr-cheatsheets.php,redraft-overall,ro,Chase McLaughlin,19058,K,TB,225.33,18.19,196,287,,chase-mclaughlin.php,,,22.8,,,,,,10.0,Chase McLaughlin,2026-08-07,TBB
/nfl/rankings/ppr-cheatsheets.php,redraft-overall,ro,Buffalo Bills,8030,DST,BUF,227.49,18.66,190,280,,buffalo-defense.php,,,30.2,,,,,,7.0,Buffalo Bills,2026-08-07,BUF
/nfl/rankings/ppr-cheatsheets.php,redraft-overall,ro,Harrison Mevis,26638,K,LAR,233.14,23.37,196,314,,harrison-mevis.php,,,53.1,,,,,,11.0,Harrison Mevis,2026-08-07,LAR
/nfl/rankings/ppr-cheatsheets.php,redraft-overall,ro,Jack Bech,27224,WR,LV,239.54,31.03,149,328,,jack-bech.php,,,8.7,,,,,,13.0,Jack Bech,2026-08-07,LVR
/nfl/rankings/ppr-cheatsheets.php,redraft-overall,ro,Ollie Gordon II,25984,RB,MIA,240.81,26.55,169,301,,ollie-gordon.php,,,4.2,,,,,,6.0,Ollie Gordon,2026-08-07,MIA
/nfl/rankings/ppr-cheatsheets.php,redraft-overall,ro,David Njoku,16399,TE,LAC,244.21,23.53,173,295,,david-njoku.php,,,24.8,,,,,,7.0,David Njoku,2026-08-07,LAC
/nfl/rankings/ppr-cheatsheets.php,redraft-overall,ro,Greg Dulcich,23153,TE,MIA,207.33,41.06,124,281,,greg-dulcich.php,,,21.0,,,,,,6.0,Greg Dulcich,2026-08-07,MIA
/nfl/rankings/ppr-cheatsheets.php,redraft-overall,ro,Keon Coleman,26019,WR,BUF,242.96,33.87,140,307,,keon-coleman.php,,,9.3,,,,,,7.0,Keon Coleman,2026-08-07,BUF
/nfl/rankings/ppr-cheatsheets.php,redraft-overall,ro,Harrison Butker,16712,K,KC,240.35,24.24,187,315,,harrison-butker.php,,,39.1,,,,,,5.0,Harrison Butker,2026-08-07,KCC
/nfl/rankings/ppr-cheatsheets.php,redraft-overall,ro,Justice Hill,18256,RB,BAL,235.97,39.69,146,310,,justice-hill.php,,,9.3,,,,,,13.0,Justice Hill,2026-08-07,BAL
/nfl/rankings/ppr-cheatsheets.php,redraft-overall,ro,Fernando Mendoza,28013,QB,LV,256.12,37.54,159,345,,fernando-mendoza.php,,,33.6,,,,,,13.0,Fernando Mendoza,2026-08-07,LVR
/nfl/rankings/ppr-cheatsheets.php,redraft-overall,ro,Elic Ayomanor,27059,WR,TEN,241.47,35.84,165,331,,elic-ayomanor.php,,,9.3,,,,,,9.0,Elic Ayomanor,2026-08-07,TEN
/nfl/rankings/ppr-cheatsheets.php,redraft-overall,ro,Evan Engram,16411,TE,DEN,255.01,21.22,196,295,,evan-engram.php,,,13.1,,,,,,10.0,Evan Engram,2026-08-07,DEN
/nfl/rankings/ppr-cheatsheets.php,redraft-overall,ro,Chris Boswell,13029,K,PIT,241.88,16.58,198,282,,chris-boswell.php,,,37.3,,,,,,9.0,Chris Boswell,2026-08-07,PIT
/nfl/rankings/ppr-cheatsheets.php,redraft-overall,ro,Colby Parkinson,19372,TE,LAR,257.38,23.28,181,353,,colby-parkinson.php,,,20.1,,,,,,11.0,Colby Parkinson,2026-08-07,LAR
/nfl/rankings/ppr-cheatsheets.php,redraft-overall,ro,Tua Tagovailoa,19198,QB,ATL,263.26,37.15,139,346,,tua-tagovailoa.php,,,22.4,,,,,,11.0,Tua Tagovailoa,2026-08-07,ATL
/nfl/rankings/ppr-cheatsheets.php,redraft-overall,ro,Isaiah Davis,25977,RB,NYJ,247.33,32.2,171,322,,isaiah-davis.php,,,3.3,,,,,,13.0,Isaiah Davis,2026-08-07,NYJ
/nfl/rankings/ppr-cheatsheets.php,redraft-overall,ro,Tory Horton,26022,WR,SEA,252.51,27.67,184,328,,tory-horton.php,,,10.7,,,,,,11.0,Tory Horton,2026-08-07,SEA
/nfl/rankings/ppr-cheatsheets.php,redraft-overall,ro,George Holani,22915,RB,SEA,254.95,43.86,162,394,,george-holani.php,,,7.8,,,,,,11.0,George Holani,2026-08-07,SEA
/nfl/rankings/ppr-cheatsheets.php,redraft-overall,ro,Elijah Sarratt,27463,WR,BAL,252.05,24.75,198,334,,elijah-sarratt.php,,,16.3,,,,,,13.0,Elijah Sarratt,2026-08-07,BAL
/nfl/rankings/ppr-cheatsheets.php,redraft-overall,ro,Chris Bell,26038,WR,MIA,243.17,33.44,150,302,,chris-bell.php,,,20.3,,,,,,6.0,Chris Bell,2026-08-07,MIA
/nfl/rankings/ppr-cheatsheets.php,redraft-overall,ro,Malachi Fields,27994,WR,NYG,252.76,35.05,196,368,,malachi-fields.php,,,17.1,,,,,,8.0,Malachi Fields,2026-08-07,NYG
/nfl/rankings/ppr-cheatsheets.php,redraft-overall,ro,Demond Claiborne,28084,RB,MIN,252.81,41.65,157,367,,demond-claiborne.php,,,16.0,,,,,,6.0,Demond Claiborne,2026-08-07,MIN
/nfl/rankings/ppr-cheatsheets.php,redraft-overall,ro,Christian Kirk,17268,WR,SF,250.53,30.45,174,324,,christian-kirk.php,,,13.0,,,,,,8.0,Christian Kirk,2026-08-07,SFO
/nfl/rankings/ppr-cheatsheets.php,redraft-overall,ro,Eli Stowers,23144,TE,PHI,267.75,35.62,158,361,,eli-stowers.php,,,23.6,,,,,,10.0,Eli Stowers,2026-08-07,PHI
/nfl/rankings/ppr-cheatsheets.php,redraft-overall,ro,Ty Johnson,18406,RB,BUF,254.89,31.54,169,385,,ty-johnson.php,,,3.2,,,,,,7.0,Ty Johnson,2026-08-07,BUF
/nfl/rankings/ppr-cheatsheets.php,redraft-overall,ro,Darius Slayton,18706,WR,NYG,261.76,35.0,180,379,,darius-slayton.php,,,4.4,,,,,,8.0,Darius Slayton,2026-08-07,NYG
/nfl/rankings/ppr-cheatsheets.php,redraft-overall,ro,Ted Hurst III,28130,WR,TB,253.27,34.65,198,385,,ted-hurst.php,,,17.4,,,,,,10.0,Ted Hurst,2026-08-07,TBB
/nfl/rankings/ppr-cheatsheets.php,redraft-overall,ro,DJ Giddens,27097,RB,IND,264.87,25.17,195,328,,dj-giddens.php,,,2.9,,,,,,13.0,DJ Giddens,2026-08-07,IND
/nfl/rankings/ppr-cheatsheets.php,redraft-overall,ro,Wil Lutz,16026,K,DEN,265.13,29.02,204,333,,wil-lutz.php,,,7.1,,,,,,10.0,Wil Lutz,2026-08-07,DEN
/nfl/rankings/ppr-cheatsheets.php,redraft-overall,ro,Mason Taylor,26005,TE,NYJ,269.92,27.8,196,336,,mason-taylor.php,,,11.5,,,,,,13.0,Mason Taylor,2026-08-07,NYJ
/nfl/rankings/ppr-cheatsheets.php,redraft-overall,ro,Jordan James,27310,RB,SF,268.22,39.6,164,401,,jordan-james.php,,,9.9,,,,,,8.0,Jordan James,2026-08-07,SFO
/nfl/rankings/ppr-cheatsheets.php,redraft-overall,ro,Tyquan Thornton,22913,WR,KC,264.59,34.42,170,338,,tyquan-thornton.php,,,6.4,,,,,,5.0,Tyquan Thornton,2026-08-07,KCC
/nfl/rankings/ppr-cheatsheets.php,redraft-overall,ro,Brandon Aiyuk,19252,WR,SF,226.77,49.32,126,350,,brandon-aiyuk.php,,,25.3,,,,,,8.0,Brandon Aiyuk,2026-08-07,SFO
/nfl/rankings/ppr-cheatsheets.php,redraft-overall,ro,Marvin Mims Jr.,23080,WR,DEN,257.97,28.46,204,397,,marvin-mims.php,,,10.5,,,,,,10.0,Marvin Mims,2026-08-07,DEN
/nfl/rankings/ppr-cheatsheets.php,redraft-overall,ro,Chris Brooks,25823,RB,GB,263.26,29.88,157,315,,christopher-brooks.php,,,6.3,,,,,,11.0,Chris Brooks,2026-08-07,GBP
/nfl/rankings/ppr-cheatsheets.php,redraft-overall,ro,Xavier Legette,26136,WR,CAR,258.64,33.31,185,328,,xavier-legette.php,,,3.1,,,,,,5.0,Xavier Legette,2026-08-07,CAR
/nfl/rankings/ppr-cheatsheets.php,redraft-overall,ro,LeQuint Allen Jr.,27285,RB,JAC,263.71,33.41,157,338,,lequint-allen-jr.php,,,5.0,,,,,,7.0,LeQuint Allen,2026-08-07,JAC
/nfl/rankings/ppr-cheatsheets.php,redraft-overall,ro,Samaje Perine,16423,RB,CIN,269.77,44.09,156,414,,samaje-perine.php,,,5.1,,,,,,6.0,Samaje Perine,2026-08-07,CIN
/nfl/rankings/ppr-cheatsheets.php,redraft-overall,ro,Will Reichard,26341,K,MIN,259.91,35.76,193,333,,will-reichard.php,,,28.0,,,,,,6.0,Will Reichard,2026-08-07,MIN
/nfl/rankings/ppr-cheatsheets.php,redraft-overall,ro,Theo Johnson,23104,TE,NYG,274.66,27.06,195,345,,theo-johnson.php,,,11.5,,,,,,8.0,Theo Johnson,2026-08-07,NYG
/nfl/rankings/ppr-cheatsheets.php,redraft-overall,ro,Trey Benson,25388,RB,ARI,263.66,45.76,127,360,,trey-benson.php,,,12.1,,,,,,14.0,Trey Benson,2026-08-07,ARI
/nfl/rankings/ppr-cheatsheets.php,redraft-overall,ro,Devaughn Vele,26409,WR,NO,268.57,26.45,210,364,,devaughn-vele.php,,,9.0,,,,,,8.0,Devaughn Vele,2026-08-07,NOS
/nfl/rankings/ppr-cheatsheets.php,redraft-overall,ro,San Francisco 49ers,8270,DST,SF,257.43,35.89,167,356,,san-francisco-defense.php,,,21.8,,,,,,8.0,San Francisco 49ers,2026-08-07,SFO
/nfl/rankings/ppr-cheatsheets.php,redraft-overall,ro,Devin Neal,23682,RB,NO,269.92,34.53,189,377,,devin-neal.php,,,6.3,,,,,,8.0,Devin Neal,2026-08-07,NOS
/nfl/rankings/ppr-cheatsheets.php,redraft-overall,ro,Kaelon Black,28401,RB,SF,268.79,48.01,159,337,,kaelon-black.php,,,12.9,,,,,,8.0,Kaelon Black,2026-08-07,SFO
/nfl/rankings/ppr-cheatsheets.php,redraft-overall,ro,Atlanta Falcons,8010,DST,ATL,262.88,32.04,186,356,,atlanta-defense.php,,,12.9,,,,,,11.0,Atlanta Falcons,2026-08-07,ATL
/nfl/rankings/ppr-cheatsheets.php,redraft-overall,ro,Michael Penix Jr.,22973,QB,ATL,287.37,24.25,218,347,,michael-penix-jr.php,,,12.8,,,,,,11.0,Michael Penix,2026-08-07,ATL
/nfl/rankings/ppr-cheatsheets.php,redraft-overall,ro,Malik Davis,24205,RB,DAL,278.26,31.01,175,332,,malik-davis.php,,,3.0,,,,,,14.0,Malik Davis,2026-08-07,DAL
/nfl/rankings/ppr-cheatsheets.php,redraft-overall,ro,Oscar Delp,25430,TE,NO,300.0,35.35,229,375,,oscar-delp.php,,,6.4,,,,,,8.0,Oscar Delp,2026-08-07,NOS
/nfl/rankings/ppr-cheatsheets.php,redraft-overall,ro,Kaleb Johnson,27165,RB,PIT,268.28,34.15,164,364,,kaleb-johnson-rb.php,,,8.2,,,,,,9.0,Kaleb Johnson,2026-08-07,PIT
/nfl/rankings/ppr-cheatsheets.php,redraft-overall,ro,Deshaun Watson,16398,QB,CLE,287.92,29.09,214,348,,deshaun-watson.php,,,16.9,,,,,,11.0,Deshaun Watson,2026-08-07,CLE
/nfl/rankings/ppr-cheatsheets.php,redraft-overall,ro,Kirk Cousins,11177,QB,LV,292.1,31.57,195,359,,kirk-cousins.php,,,10.9,,,,,,13.0,Kirk Cousins,2026-08-07,LVR
/nfl/rankings/ppr-cheatsheets.php,redraft-overall,ro,Hollywood Brown,18226,WR,PHI,278.34,29.37,199,347,,marquise-brown.php,,,5.4,,,,,,10.0,Marquise Brown,2026-08-07,PHI
/nfl/rankings/ppr-cheatsheets.php,redraft-overall,ro,Emari Demercado,25654,RB,KC,284.35,42.24,145,383,,emari-demercado.php,,,2.4,,,,,,5.0,Emari Demercado,2026-08-07,KCC
/nfl/rankings/ppr-cheatsheets.php,redraft-overall,ro,Keenan Allen,11616,WR,LAC,266.16,28.74,178,298,,keenan-allen.php,,,7.1,,,,,,7.0,Keenan Allen,2026-08-07,LAC
/nfl/rankings/ppr-cheatsheets.php,redraft-overall,ro,Shedeur Sanders,25968,QB,CLE,294.25,29.97,212,350,,shedeur-sanders.php,,,14.5,,,,,,11.0,Shedeur Sanders,2026-08-07,CLE
/nfl/rankings/ppr-cheatsheets.php,redraft-overall,ro,Kendre Miller,24360,RB,NO,279.35,38.73,166,368,,kendre-miller.php,,,5.6,,,,,,8.0,Kendre Miller,2026-08-07,NOS
/nfl/rankings/ppr-cheatsheets.php,redraft-overall,ro,Mack Hollins,16489,WR,NE,271.48,40.32,170,376,,mack-hollins.php,,,2.9,,,,,,11.0,Mack Hollins,2026-08-07,NEP
/nfl/rankings/ppr-cheatsheets.php,redraft-overall,ro,Kyle Williams,27487,WR,NE,269.3,32.62,197,376,,kyle-williams-wr-2025.php,,,5.6,,,,,,11.0,Kyle Williams,2026-08-07,NEP
/nfl/rankings/ppr-cheatsheets.php,redraft-overall,ro,Devin Singletary,18280,RB,NYG,289.1,21.31,234,330,,devin-singletary.php,,,1.3,,,,,,8.0,Devin Singletary,2026-08-07,NYG
/nfl/rankings/ppr-cheatsheets.php,redraft-overall,ro,Mike Gesicki,17272,TE,CIN,267.93,23.32,226,346,,mike-gesicki.php,,,10.5,,,,,,6.0,Mike Gesicki,2026-08-07,CIN
/nfl/rankings/ppr-cheatsheets.php,redraft-overall,ro,Brashard Smith,27259,RB,KC,280.43,27.78,234,355,,brashard-smith.php,,,4.8,,,,,,5.0,Brashard Smith,2026-08-07,KCC
/nfl/rankings/ppr-cheatsheets.php,redraft-overall,ro,Tyreek Hill,15802,WR,FA,244.38,46.58,136,335,,tyreek-hill.php,,,28.8,,,,,,,Tyreek Hill,2026-08-07,FA
/nfl/rankings/ppr-cheatsheets.php,redraft-overall,ro,Adam Randall,24367,RB,BAL,288.51,31.16,205,338,,adam-randall.php,,,5.3,,,,,,13.0,Adam Randall,2026-08-07,BAL
/nfl/rankings/ppr-cheatsheets.php,redraft-overall,ro,Ja'Kobi Lane,27337,WR,BAL,280.8,28.58,220,339,,jakobi-lane.php,,,19.8,,,,,,13.0,JaKobi Lane,2026-08-07,BAL
/nfl/rankings/ppr-cheatsheets.php,redraft-overall,ro,Skyler Bell,28126,WR,BUF,281.62,36.31,199,385,,skyler-bell.php,,,13.4,,,,,,7.0,Skyler Bell,2026-08-07,BUF
/nfl/rankings/ppr-cheatsheets.php,redraft-overall,ro,Jerome Ford,22921,RB,WAS,285.72,29.01,177,318,,jerome-ford.php,,,3.4,,,,,,7.0,Jerome Ford,2026-08-07,WAS
/nfl/rankings/ppr-cheatsheets.php,redraft-overall,ro,Tahj Brooks,26212,RB,CIN,294.11,32.95,189,360,,tahj-brooks.php,,,1.5,,,,,,6.0,Tahj Brooks,2026-08-07,CIN
/nfl/rankings/ppr-cheatsheets.php,redraft-overall,ro,Isaiah Bond,24371,WR,CLE,290.39,27.22,223,388,,isaiah-bond.php,,,2.6,,,,,,11.0,Isaiah Bond,2026-08-07,CLE
/nfl/rankings/ppr-cheatsheets.php,redraft-overall,ro,Najee Harris,19302,RB,LAC,281.02,27.82,215,337,,najee-harris-rb.php,,,6.8,,,,,,7.0,Najee Harris,2026-08-07,LAC
/nfl/rankings/ppr-cheatsheets.php,redraft-overall,ro,New Orleans Saints,8190,DST,NO,268.49,44.15,172,356,,new-orleans-defense.php,,,19.5,,,,,,8.0,New Orleans Saints,2026-08-07,NOS
/nfl/rankings/ppr-cheatsheets.php,redraft-overall,ro,Seth McGowan,23079,RB,IND,295.23,25.81,237,354,,seth-mcgowan.php,,,4.5,,,,,,13.0,Seth McGowan,2026-08-07,IND
/nfl/rankings/ppr-cheatsheets.php,redraft-overall,ro,Charlie Smyth,26444,K,NO,283.17,42.18,192,366,,charlie-smyth.php,,,2.8,,,,,,8.0,Charlie Smyth,2026-08-07,NOS
/nfl/rankings/ppr-cheatsheets.php,redraft-overall,ro,Trevor Etienne,25393,RB,CAR,308.29,18.39,260,365,,trevor-etienne.php,,,1.5,,,,,,5.0,Trevor Etienne,2026-08-07,CAR
/nfl/rankings/ppr-cheatsheets.php,redraft-overall,ro,Jake Tonges,24778,TE,SF,287.28,27.71,228,349,,jake-tonges.php,,,14.5,,,,,,8.0,Jake Tonges,2026-08-07,SFO
/nfl/rankings/ppr-cheatsheets.php,redraft-overall,ro,Indianapolis Colts,8130,DST,IND,277.17,32.89,204,357,,indianapolis-defense.php,,,19.3,,,,,,13.0,Indianapolis Colts,2026-08-07,IND
/nfl/rankings/ppr-cheatsheets.php,redraft-overall,ro,Jaleel McLaughlin,25876,RB,DEN,294.3,23.31,234,337,,jaleel-mclaughlin.php,,,0.7,,,,,,10.0,Jaleel McLaughlin,2026-08-07,DEN
/nfl/rankings/ppr-cheatsheets.php,redraft-overall,ro,Jarquez Hunter,24335,RB,LAR,304.74,19.66,251,343,,jarquez-hunter.php,,,3.5,,,,,,11.0,Jarquez Hunter,2026-08-07,LAR
/nfl/rankings/ppr-cheatsheets.php,redraft-overall,ro,Isaac Guerendo,26392,RB,SF,305.98,22.62,251,383,,isaac-guerendo.php,,,2.0,,,,,,8.0,Isaac Guerendo,2026-08-07,SFO
/nfl/rankings/ppr-cheatsheets.php,redraft-overall,ro,Chicago Bears,8050,DST,CHI,274.09,45.86,185,350,,chicago-defense.php,,,13.5,,,,,,10.0,Chicago Bears,2026-08-07,CHI
/nfl/rankings/ppr-cheatsheets.php,redraft-overall,ro,Andrei Iosivas,25335,WR,CIN,271.98,37.37,170,365,,andrei-iosivas.php,,,4.4,,,,,,6.0,Andrei Iosivas,2026-08-07,CIN
/nfl/rankings/ppr-cheatsheets.php,redraft-overall,ro,Darnell Washington,22967,TE,PIT,291.33,32.9,206,389,,darnell-washington.php,,,12.6,,,,,,9.0,Darnell Washington,2026-08-07,PIT
/nfl/rankings/ppr-cheatsheets.php,redraft-overall,ro,Chris Brazzell II,28047,WR,CAR,281.45,34.66,232,374,,chris-brazzell-ii.php,,,14.0,,,,,,5.0,Chris Brazzell,2026-08-07,CAR
/nfl/rankings/ppr-cheatsheets.php,redraft-overall,ro,Audric Estime,23054,RB,NO,307.69,23.64,238,370,,audric-estime.php,,,3.6,,,,,,8.0,Audric Estime,2026-08-07,NOS
/nfl/rankings/ppr-cheatsheets.php,redraft-overall,ro,Caleb Douglas,28135,WR,MIA,286.18,52.2,184,391,,caleb-douglas.php,,,4.4,,,,,,6.0,Caleb Douglas,2026-08-07,MIA
/nfl/rankings/ppr-cheatsheets.php,redraft-overall,ro,Will Shipley,22930,RB,PHI,317.04,20.47,257,360,,will-shipley.php,,,1.3,,,,,,10.0,Will Shipley,2026-08-07,PHI
/nfl/rankings/ppr-cheatsheets.php,redraft-overall,ro,Cedric Tillman,25287,WR,CLE,298.53,28.41,240,380,,cedric-tillman.php,,,1.1,,,,,,11.0,Cedric Tillman,2026-08-07,CLE
/nfl/rankings/ppr-cheatsheets.php,redraft-overall,ro,Jalen Tolbert,23770,WR,MIA,289.06,57.01,175,388,,jalen-tolbert.php,,,4.9,,,,,,6.0,Jalen Tolbert,2026-08-07,MIA
/nfl/rankings/ppr-cheatsheets.php,redraft-overall,ro,Cyrus Allen,28424,WR,KC,268.0,69.46,154,439,,cyrus-allen.php,,,4.0,,,,,17.0,5.0,Cyrus Allen,2026-08-07,KCC
/nfl/rankings/ppr-cheatsheets.php,redraft-overall,ro,Kareem Hunt,16425,RB,FA,311.48,34.75,162,422,,kareem-hunt.php,,,1.3,,,,,,,Kareem Hunt,2026-08-07,FA
/nfl/rankings/ppr-cheatsheets.php,redraft-overall,ro,Joe Mixon,16420,RB,FA,303.23,35.29,177,358,,joe-mixon.php,,,10.4,,,,,,,Joe Mixon,2026-08-07,FA
/nfl/rankings/ppr-cheatsheets.php,redraft-overall,ro,Tez Johnson,27147,WR,TB,303.26,29.42,219,362,,tez-johnson.php,,,1.8,,,,,,10.0,Tez Johnson,2026-08-07,TBB
/nfl/rankings/ppr-cheatsheets.php,redraft-overall,ro,Luke McCaffrey,26328,WR,WAS,305.84,32.39,201,373,,luke-mccaffrey.php,,,1.2,,,,,,7.0,Luke McCaffrey,2026-08-07,WAS
/nfl/rankings/ppr-cheatsheets.php,redraft-overall,ro,Konata Mumpfield,27449,WR,LAR,294.41,29.73,232,369,,konata-mumpfield.php,,,1.1,,,,,,11.0,Konata Mumpfield,2026-08-07,LAR
/nfl/rankings/ppr-cheatsheets.php,redraft-overall,ro,Jahan Dotson,23101,WR,ATL,288.22,41.2,197,359,,jahan-dotson.php,,,4.0,,,,,,11.0,Jahan Dotson,2026-08-07,ATL
/nfl/rankings/ppr-cheatsheets.php,redraft-overall,ro,Jalen Royals,27076,WR,KC,309.62,28.46,259,378,,jalen-royals.php,,,1.5,,,,,,5.0,Jalen Royals,2026-08-07,KCC
/nfl/rankings/ppr-cheatsheets.php,redraft-overall,ro,Max Klare,27993,TE,LAR,312.92,25.08,269,357,,max-klare.php,,,11.3,,,,,,11.0,Max Klare,2026-08-07,LAR
/nfl/rankings/ppr-cheatsheets.php,redraft-overall,ro,J.J. McCarthy,23018,QB,MIN,321.2,20.63,276,359,,jj-mccarthy.php,,,10.9,,,,,,6.0,JJ McCarthy,2026-08-07,MIN
/nfl/rankings/ppr-cheatsheets.php,redraft-overall,ro,Elijah Arroyo,23004,TE,SEA,315.65,23.81,274,361,,elijah-arroyo.php,,,4.9,,,,,,11.0,Elijah Arroyo,2026-08-07,SEA
/nfl/rankings/ppr-cheatsheets.php,redraft-overall,ro,Calvin Austin III,23739,WR,NYG,310.91,42.14,229,411,,calvin-austin.php,,,2.4,,,,,,8.0,Calvin Austin,2026-08-07,NYG
/nfl/rankings/ppr-cheatsheets.php,redraft-overall,ro,Tyler Higbee,15623,TE,LAR,310.48,34.29,229,367,,tyler-higbee.php,,,3.1,,,,,,11.0,Tyler Higbee,2026-08-07,LAR
/nfl/rankings/ppr-cheatsheets.php,redraft-overall,ro,Olamide Zaccheaus,18864,WR,ATL,308.16,34.55,232,371,,olamide-zaccheaus.php,,,2.9,,,,,,11.0,Olamide Zaccheaus,2026-08-07,ATL
/nfl/rankings/ppr-cheatsheets.php,redraft-overall,ro,Michael Mayer,23056,TE,LV,313.03,28.04,261,370,,michael-mayer.php,,,11.5,,,,,,13.0,Michael Mayer,2026-08-07,LVR
/nfl/rankings/ppr-cheatsheets.php,redraft-overall,ro,DeMario Douglas,25304,WR,NE,317.39,43.21,218,424,,demario-douglas.php,,,5.5,,,,,,11.0,Demario Douglas,2026-08-07,NEP
/nfl/rankings/ppr-cheatsheets.php,redraft-overall,ro,Carolina Panthers,8040,DST,CAR,287.64,52.2,185,367,,carolina-defense.php,,,4.8,,,,,,5.0,Carolina Panthers,2026-08-07,CAR
/nfl/rankings/ppr-cheatsheets.php,redraft-overall,ro,Cole Kmet,19229,TE,CHI,321.91,26.25,259,384,,cole-kmet.php,,,7.3,,,,,,10.0,Cole Kmet,2026-08-07,CHI
/nfl/rankings/ppr-cheatsheets.php,redraft-overall,ro,Ja'Tavion Sanders,24334,TE,CAR,316.77,31.97,254,402,,jatavion-sanders.php,,,3.4,,,,,,5.0,JaTavion Sanders,2026-08-07,CAR
/nfl/rankings/ppr-cheatsheets.php,redraft-overall,ro,Bam Knight,24901,RB,ARI,311.36,29.97,243,370,,zonovan-bam-knight.php,,,0.7,,,,,,14.0,Bam Knight,2026-08-07,ARI
/nfl/rankings/ppr-cheatsheets.php,redraft-overall,ro,Noah Gray,19539,TE,KC,325.38,20.88,290,366,,noah-gray.php,,,4.0,,,,,,5.0,Noah Gray,2026-08-07,KCC
/nfl/rankings/ppr-cheatsheets.php,redraft-overall,ro,Treylon Burks,22905,WR,WAS,312.04,45.63,214,397,,treylon-burks.php,,,3.6,,,,,,7.0,Treylon Burks,2026-08-07,WAS
/nfl/rankings/ppr-cheatsheets.php,redraft-overall,ro,Joshua Palmer,22845,WR,BUF,295.17,52.52,180,372,,josh-palmer.php,,,1.1,,,,,,7.0,Josh Palmer,2026-08-07,BUF
/nfl/rankings/ppr-cheatsheets.php,redraft-overall,ro,Eli Heidenreich,28297,RB,PIT,313.11,31.33,248,373,,eli-heidenreich.php,,,2.0,,,,,,9.0,Eli Heidenreich,2026-08-07,PIT
/nfl/rankings/ppr-cheatsheets.php,redraft-overall,ro,Dawson Knox,18631,TE,BUF,328.58,31.78,262,418,,dawson-knox.php,,,7.4,,,,,,7.0,Dawson Knox,2026-08-07,BUF
/nfl/rankings/ppr-cheatsheets.php,redraft-overall,ro,Jake Elliott,16540,K,PHI,284.1,49.63,197,383,,jake-elliott.php,,,10.3,,,,,,10.0,Jake Elliott,2026-08-07,PHI
/nfl/rankings/ppr-cheatsheets.php,redraft-overall,ro,Erick All Jr.,23837,TE,CIN,320.78,33.68,267,413,,erick-all.php,,,1.3,,,,,,6.0,Erick All,2026-08-07,CIN
/nfl/rankings/ppr-cheatsheets.php,redraft-overall,ro,Dallas Cowboys,8080,DST,DAL,263.29,63.56,183,366,,dallas-defense.php,,,18.9,,,,,,14.0,Dallas Cowboys,2026-08-07,DAL
/nfl/rankings/ppr-cheatsheets.php,redraft-overall,ro,Mac Jones,20156,QB,SF,340.15,28.0,298,444,,mac-jones.php,,,8.1,,,,,,8.0,Mac Jones,2026-08-07,SFO
/nfl/rankings/ppr-cheatsheets.php,redraft-overall,ro,Bryce Lance,28129,WR,NO,314.28,40.38,218,386,,bryce-lance.php,,,5.5,,,,,,8.0,Bryce Lance,2026-08-07,NOS
/nfl/rankings/ppr-cheatsheets.php,redraft-overall,ro,Carson Beck,22953,QB,ARI,328.93,23.28,280,375,,carson-beck.php,,,12.2,,,,,,14.0,Carson Beck,2026-08-07,ARI
/nfl/rankings/ppr-cheatsheets.php,redraft-overall,ro,Brenen Thompson,28133,WR,LAC,309.0,41.72,245,397,,brenen-thompson.php,,,3.9,,,,,,7.0,Brenen Thompson,2026-08-07,LAC
/nfl/rankings/ppr-cheatsheets.php,redraft-overall,ro,Kendrick Bourne,17066,WR,ARI,305.68,62.17,221,447,,kendrick-bourne.php,,,3.1,,,,,,14.0,Kendrick Bourne,2026-08-07,ARI
/nfl/rankings/ppr-cheatsheets.php,redraft-overall,ro,Michael Carter,22728,RB,TEN,318.79,49.09,168,416,,michael-carter-rb.php,,,0.6,,,,,,9.0,Michael Carter,2026-08-07,TEN
/nfl/rankings/ppr-cheatsheets.php,redraft-overall,ro,Justin Fields,19781,QB,KC,345.87,23.76,301,392,,justin-fields.php,,,8.0,,,,,,5.0,Justin Fields,2026-08-07,KCC
/nfl/rankings/ppr-cheatsheets.php,redraft-overall,ro,Ty Simpson,25368,QB,LAR,341.11,26.29,286,390,,ty-simpson.php,,,14.9,,,,,,11.0,Ty Simpson,2026-08-07,LAR
/nfl/rankings/ppr-cheatsheets.php,redraft-overall,ro,Eli Raridon,28154,TE,NE,332.71,42.76,268,448,,eli-raridon.php,,,5.1,,,,,,11.0,Eli Raridon,2026-08-07,NEP
/nfl/rankings/ppr-cheatsheets.php,redraft-overall,ro,Justin Joly,28079,TE,DEN,339.08,28.62,274,382,,justin-joly.php,,,11.0,,,,,,10.0,Justin Joly,2026-08-07,DEN
/nfl/rankings/ppr-cheatsheets.php,redraft-overall,ro,Dont'e Thornton Jr.,27288,WR,LV,320.0,35.65,262,379,,donte-thornton-jr.php,,,1.5,,,,,,13.0,Donte Thornton,2026-08-07,LVR
/nfl/rankings/ppr-cheatsheets.php,redraft-overall,ro,Raheim Sanders,24351,RB,CLE,310.79,44.17,201,387,,raheim-sanders.php,,,0.6,,,,,,11.0,Raheim Sanders,2026-08-07,CLE
/nfl/rankings/ppr-cheatsheets.php,redraft-overall,ro,Jawhar Jordan,26329,RB,HOU,316.25,58.45,162,411,,jawhar-jordan.php,,,0.7,,,,,,8.0,Jawhar Jordan,2026-08-07,HOU
/nfl/rankings/ppr-cheatsheets.php,redraft-overall,ro,New York Giants,8200,DST,NYG,261.23,62.83,171,387,,new-york-giants-defense.php,,,24.2,,,,,,8.0,New York Giants,2026-08-07,NYG
/nfl/rankings/ppr-cheatsheets.php,redraft-overall,ro,J'Mari Taylor,28109,RB,JAC,327.55,22.37,292,376,,jmari-taylor.php,,,3.9,,,,,,7.0,JMari Taylor,2026-08-07,JAC
/nfl/rankings/ppr-cheatsheets.php,redraft-overall,ro,John Metchie III,22895,WR,CAR,318.55,42.27,244,417,,john-metchie.php,,,1.8,,,,,,5.0,John Metchie,2026-08-07,CAR
/nfl/rankings/ppr-cheatsheets.php,redraft-overall,ro,Noah Fant,17527,TE,NO,337.43,28.58,263,387,,noah-fant.php,,,2.2,,,,,,8.0,Noah Fant,2026-08-07,NOS
/nfl/rankings/ppr-cheatsheets.php,redraft-overall,ro,Tampa Bay Buccaneers,8290,DST,TB,279.38,55.58,188,365,,tampa-bay-defense.php,,,17.7,,,,,,10.0,Tampa Bay Buccaneers,2026-08-07,TBB
/nfl/rankings/ppr-cheatsheets.php,redraft-overall,ro,Nick Chubb,17246,RB,FA,325.16,47.97,190,404,,nick-chubb.php,,,0.9,,,,,,,Nick Chubb,2026-08-07,FA
/nfl/rankings/ppr-cheatsheets.php,redraft-overall,ro,Anthony Richardson Sr.,24347,QB,IND,339.05,15.42,306,367,,anthony-richardson.php,,,11.1,,,,,,13.0,Anthony Richardson,2026-08-07,IND
/nfl/rankings/ppr-cheatsheets.php,redraft-overall,ro,Jaylin Lane,27454,WR,WAS,343.09,32.44,275,399,,jaylin-lane.php,,,2.0,,,,,,7.0,Jaylin Lane,2026-08-07,WAS
/nfl/rankings/ppr-cheatsheets.php,redraft-overall,ro,Xavier Hutchinson,25332,WR,HOU,327.68,29.71,270,379,,xavier-hutchinson.php,,,0.9,,,,,,8.0,Xavier Hutchinson,2026-08-07,HOU
/nfl/rankings/ppr-cheatsheets.php,redraft-overall,ro,Tutu Atwell,20126,WR,MIA,324.94,54.73,230,425,,tutu-atwell.php,,,1.5,,,,,,6.0,Tutu Atwell,2026-08-07,MIA
/nfl/rankings/ppr-cheatsheets.php,redraft-overall,ro,Nick Folk,9491,K,ATL,250.8,52.19,183,368,,nick-folk.php,,,4.5,,,,,,11.0,Nick Folk,2026-08-07,ATL
/nfl/rankings/ppr-cheatsheets.php,redraft-overall,ro,Tennessee Titans,8300,DST,TEN,233.67,61.77,161,358,,tennessee-defense.php,,,10.4,,,,,,9.0,Tennessee Titans,2026-08-07,TEN
/nfl/rankings/ppr-cheatsheets.php,redraft-overall,ro,Savion Williams,27144,WR,GB,345.0,35.79,290,445,,savion-williams.php,,,1.1,,,,,,11.0,Savion Williams,2026-08-07,GBP
/nfl/rankings/ppr-cheatsheets.php,redraft-overall,ro,Zane Gonzalez,16548,K,MIA,301.08,62.18,193,408,,zane-gonzalez.php,,,1.7,,,,,,6.0,Zane Gonzalez,2026-08-07,MIA
/nfl/rankings/ppr-cheatsheets.php,redraft-overall,ro,Tyler Bass,19760,K,BUF,292.33,47.74,223,410,,tyler-bass.php,,,10.3,,,,,,7.0,Tyler Bass,2026-08-07,BUF
/nfl/rankings/ppr-cheatsheets.php,redraft-overall,ro,Kalif Raymond,16081,WR,CHI,311.21,42.16,232,406,,kalif-raymond.php,,,0.8,,,,,,10.0,Kalif Raymond,2026-08-07,CHI
/nfl/rankings/ppr-cheatsheets.php,redraft-overall,ro,Luke Musgrave,25282,TE,GB,349.19,22.58,293,384,,luke-musgrave.php,,,7.0,,,,,,11.0,Luke Musgrave,2026-08-07,GBP
/nfl/rankings/ppr-cheatsheets.php,redraft-overall,ro,Kyle Juszczyk,11798,RB,SF,287.18,58.64,203,366,,kyle-juszczyk.php,,,1.0,,,,,,8.0,Kyle Juszczyk,2026-08-07,SFO
/nfl/rankings/ppr-cheatsheets.php,redraft-overall,ro,Kevin Coleman Jr.,28067,WR,MIA,329.19,46.06,258,421,,kevin-coleman-jr.php,,,2.6,,,,,,6.0,Kevin Coleman,2026-08-07,MIA
/nfl/rankings/ppr-cheatsheets.php,redraft-overall,ro,Washington Commanders,8310,DST,WAS,273.56,83.88,161,403,,washington-defense.php,,,10.9,,,,,,7.0,Washington Commanders,2026-08-07,WAS
/nfl/rankings/ppr-cheatsheets.php,redraft-overall,ro,Nick Westbrook-Ikhine,19747,WR,IND,321.85,48.13,255,412,,nick-westbrook.php,,,1.0,,,,,,13.0,Nick Westbrook-Ikhine,2026-08-07,IND
/nfl/rankings/ppr-cheatsheets.php,redraft-overall,ro,Phil Mafah,22928,RB,DAL,314.42,50.57,206,400,,phil-mafah.php,,,0.9,,,,,,14.0,Phil Mafah,2026-08-07,DAL
/nfl/rankings/ppr-cheatsheets.php,redraft-overall,ro,KaVontae Turpin,18520,WR,DAL,311.0,60.74,223,434,,kavontae-turpin.php,,,3.5,,,,,,14.0,KaVontae Turpin,2026-08-07,DAL
/nfl/rankings/ppr-cheatsheets.php,redraft-overall,ro,Ryan Fitzgerald,27261,K,CAR,274.88,78.06,184,409,,ryan-fitzgerald.php,,,1.6,,,,,,5.0,Ryan Fitzgerald,2026-08-07,CAR
/nfl/rankings/ppr-cheatsheets.php,redraft-overall,ro,Trey Smack,28507,K,GB,279.75,53.12,215,375,,trey-smack.php,,,6.4,,,,,,11.0,Trey Smack,2026-08-07,GBP
/nfl/rankings/ppr-cheatsheets.php,redraft-overall,ro,Blake Grupe,25533,K,IND,262.0,55.29,199,356,,blake-grupe.php,,,1.6,,,,,,13.0,Blake Grupe,2026-08-07,IND
/nfl/rankings/ppr-cheatsheets.php,redraft-overall,ro,Ben Sinnott,26310,TE,WAS,347.67,22.51,321,390,,ben-sinnott.php,,,1.7,,,,,,7.0,Ben Sinnott,2026-08-07,WAS
/nfl/rankings/ppr-cheatsheets.php,redraft-overall,ro,Miami Dolphins,8160,DST,MIA,292.0,76.23,186,393,,miami-defense.php,,,9.5,,,,,,6.0,Miami Dolphins,2026-08-07,MIA
/nfl/rankings/ppr-cheatsheets.php,redraft-overall,ro,Tommy Tremble,22795,TE,CAR,346.86,31.51,281,405,,tommy-tremble.php,,,0.8,,,,,,5.0,Tommy Tremble,2026-08-07,CAR
/nfl/rankings/ppr-cheatsheets.php,redraft-overall,ro,Ben Sauls,27798,K,NYG,298.25,77.64,212,454,,ben-sauls.php,,,1.3,,,,,,8.0,Ben Sauls,2026-08-07,NYG
/nfl/rankings/ppr-cheatsheets.php,redraft-overall,ro,Devontez Walker,26011,WR,BAL,324.2,61.5,244,452,,devontez-walker.php,,,0.9,,,,,,13.0,Devontez Walker,2026-08-07,BAL
/nfl/rankings/ppr-cheatsheets.php,redraft-overall,ro,John Bates,22833,TE,WAS,332.73,39.22,290,430,,john-bates.php,,,0.7,,,,,,7.0,John Bates,2026-08-07,WAS
/nfl/rankings/ppr-cheatsheets.php,redraft-overall,ro,Joe Flacco,9300,QB,CIN,351.79,21.87,319,388,,joe-flacco.php,,,3.5,,,,,,6.0,Joe Flacco,2026-08-07,CIN
/nfl/rankings/ppr-cheatsheets.php,redraft-overall,ro,Austin Ekeler,16483,RB,FA,346.92,33.75,275,392,,austin-ekeler.php,,,1.6,,,,,,,Austin Ekeler,2026-08-07,FA
/nfl/rankings/ppr-cheatsheets.php,redraft-overall,ro,Deion Burks,27093,WR,IND,346.42,44.8,289,455,,deion-burks.php,,,2.1,,,,,,13.0,Deion Burks,2026-08-07,IND
/nfl/rankings/ppr-cheatsheets.php,redraft-overall,ro,Cincinnati Bengals,8060,DST,CIN,290.0,58.42,212,357,,cincinnati-defense.php,,,3.7,,,,,,6.0,Cincinnati Bengals,2026-08-07,CIN
/nfl/rankings/ppr-cheatsheets.php,redraft-overall,ro,Jordan Whittington,23135,WR,LAR,341.64,53.89,265,443,,jordan-whittington.php,,,0.8,,,,,,11.0,Jordan Whittington,2026-08-07,LAR
/nfl/rankings/ppr-cheatsheets.php,redraft-overall,ro,Sione Vaki,26309,RB,DET,323.0,29.55,286,394,,sione-vaki.php,,,0.6,,,,,,6.0,Sione Vaki,2026-08-07,DET
/nfl/rankings/ppr-cheatsheets.php,redraft-overall,ro,Dameon Pierce,22947,RB,PHI,342.64,23.84,311,381,,dameon-pierce.php,,,0.8,,,,,,10.0,Dameon Pierce,2026-08-07,PHI
/nfl/rankings/ppr-cheatsheets.php,redraft-overall,ro,Rasheen Ali,25983,RB,BAL,331.78,34.39,260,393,,rasheen-ali.php,,,1.1,,,,,,13.0,Rasheen Ali,2026-08-07,BAL
/nfl/rankings/ppr-cheatsheets.php,redraft-overall,ro,Mitchell Evans,27138,TE,CAR,359.54,22.72,319,390,,mitchell-evans.php,,,0.7,,,,,,5.0,Mitchell Evans,2026-08-07,CAR
/nfl/rankings/ppr-cheatsheets.php,redraft-overall,ro,Chad Ryland,25354,K,ARI,308.29,71.59,192,394,,chad-ryland.php,,,2.6,,,,,,14.0,Chad Ryland,2026-08-07,ARI
/nfl/rankings/ppr-cheatsheets.php,redraft-overall,ro,Zavion Thomas,28132,WR,CHI,344.8,48.46,283,442,,zavion-thomas.php,,,5.1,,,,,,10.0,Zavion Thomas,2026-08-07,CHI
/nfl/rankings/ppr-cheatsheets.php,redraft-overall,ro,Jam Miller,27326,RB,NE,335.0,41.85,260,378,,jam-miller.php,,,1.3,,,,,,11.0,Jam Miller,2026-08-07,NEP
/nfl/rankings/ppr-cheatsheets.php,redraft-overall,ro,Dyami Brown,20113,WR,WAS,350.4,47.07,300,456,,dyami-brown.php,,,0.8,,,,,,7.0,Dyami Brown,2026-08-07,WAS
/nfl/rankings/ppr-cheatsheets.php,redraft-overall,ro,Marcus Mariota,13890,QB,WAS,349.2,23.14,324,396,,marcus-mariota.php,,,3.5,,,,,,7.0,Marcus Mariota,2026-08-07,WAS
/nfl/rankings/ppr-cheatsheets.php,redraft-overall,ro,Ashton Dulin,18656,WR,IND,322.0,22.26,296,372,,ashton-dulin.php,,,0.7,,,,,,13.0,Ashton Dulin,2026-08-07,IND
/nfl/rankings/ppr-cheatsheets.php,redraft-overall,ro,Daniel Carlson,17420,K,LV,283.8,79.61,209,405,,daniel-carlson.php,,,0.7,,,,,,13.0,Daniel Carlson,2026-08-07,LVR
/nfl/rankings/ppr-cheatsheets.php,redraft-overall,ro,Jeremy McNichols,16445,RB,WAS,285.2,50.36,228,353,,jeremy-mcnichols.php,,,0.6,,,,,,7.0,Jeremy McNichols,2026-08-07,WAS
/nfl/rankings/ppr-cheatsheets.php,redraft-overall,ro,Joe Milton III,25967,QB,DAL,353.1,21.31,317,388,,joe-milton.php,,,2.4,,,,,,14.0,Joe Milton,2026-08-07,DAL
/nfl/rankings/ppr-cheatsheets.php,redraft-overall,ro,Darren Waller,14104,TE,FA,341.13,14.74,324,367,,darren-waller.php,,,1.8,,,,,,,Darren Waller,2026-08-07,FA
/nfl/rankings/ppr-cheatsheets.php,redraft-overall,ro,Joey Slye,19028,K,TEN,315.17,71.14,205,404,,joey-slye.php,,,1.3,,,,,,9.0,Joey Slye,2026-08-07,TEN
/nfl/rankings/ppr-cheatsheets.php,redraft-overall,ro,Charlie Kolar,22756,TE,LAC,341.75,42.48,257,392,,charlie-kolar.php,,,2.0,,,,,7.0,7.0,Charlie Kolar,2026-08-07,LAC
/nfl/rankings/ppr-cheatsheets.php,redraft-overall,ro,Brandon McManus,13274,K,FA,296.6,73.24,210,395,,brandon-mcmanus.php,,,0.7,,,,,,,Brandon McManus,2026-08-07,FA
/nfl/rankings/ppr-cheatsheets.php,redraft-overall,ro,Spencer Shrader,26763,K,IND,268.25,42.33,215,329,,spencer-shrader.php,,,1.2,,,,,,13.0,Spencer Shrader,2026-08-07,IND
/nfl/rankings/ppr-cheatsheets.php,redraft-overall,ro,Jameis Winston,13891,QB,NYG,353.11,20.45,325,386,,jameis-winston.php,,,5.1,,,,,,8.0,Jameis Winston,2026-08-07,NYG
/nfl/rankings/ppr-cheatsheets.php,redraft-overall,ro,Terrell Jennings,26964,RB,NE,345.25,40.7,284,407,,terrell-jennings.php,,,0.6,,,,,,11.0,Terrell Jennings,2026-08-07,NEP
/nfl/rankings/ppr-cheatsheets.php,redraft-overall,ro,Austin Hooper,15581,TE,ATL,347.13,30.29,306,395,,austin-hooper.php,,,1.4,,,,,,11.0,Austin Hooper,2026-08-07,ATL
/nfl/rankings/ppr-cheatsheets.php,redraft-overall,ro,Daniel Bellinger,24238,TE,TEN,361.7,18.64,340,397,,daniel-bellinger.php,,,3.2,,,,,,9.0,Daniel Bellinger,2026-08-07,TEN
/nfl/rankings/ppr-cheatsheets.php,redraft-overall,ro,Zach Ertz,11689,TE,FA,337.29,42.65,256,402,,zach-ertz.php,,,1.3,,,,,,,Zach Ertz,2026-08-07,FA
/nfl/rankings/ppr-cheatsheets.php,redraft-overall,ro,Roschon Johnson,25322,RB,CHI,347.88,28.6,297,391,,roschon-johnson.php,,,0.6,,,,,,10.0,Roschon Johnson,2026-08-07,CHI
/nfl/rankings/ppr-cheatsheets.php,redraft-overall,ro,CJ Daniels,28125,WR,LAR,358.22,31.93,303,419,,cj-daniels.php,,,1.9,,,,,,11.0,CJ Daniels,2026-08-07,LAR
/nfl/rankings/ppr-cheatsheets.php,redraft-overall,ro,Greg Dortch,18585,WR,DET,331.0,46.85,277,414,,greg-dortch.php,,,1.5,,,,,,6.0,Greg Dortch,2026-08-07,DET
/nfl/rankings/ppr-cheatsheets.php,redraft-overall,ro,Elijah Higgins,23119,TE,ARI,362.67,24.87,337,428,,elijah-higgins.php,,,0.9,,,,,,14.0,Elijah Higgins,2026-08-07,ARI
/nfl/rankings/ppr-cheatsheets.php,redraft-overall,ro,Las Vegas Raiders,8220,DST,LV,289.25,80.68,161,363,,las-vegas-defense.php,,,8.1,,,,,,13.0,Las Vegas Raiders,2026-08-07,LVR
/nfl/rankings/ppr-cheatsheets.php,redraft-overall,ro,Hunter Luepke,25941,RB,DAL,297.0,24.16,259,322,,hunter-luepke.php,,,0.7,,,,,,14.0,Hunter Luepke,2026-08-07,DAL
/nfl/rankings/ppr-cheatsheets.php,redraft-overall,ro,Jonnu Smith,16460,TE,FA,352.43,44.61,284,429,,jonnu-smith.php,,,3.8,,,,,,,Jonnu Smith,2026-08-07,FA
/nfl/rankings/ppr-cheatsheets.php,redraft-overall,ro,Mitch Tinsley,24370,WR,CIN,324.0,42.46,272,374,,mitchell-tinsley.php,,,0.6,,,,,,6.0,Mitch Tinsley,2026-08-07,CIN
/nfl/rankings/ppr-cheatsheets.php,redraft-overall,ro,Dylan Laube,26194,RB,LV,304.0,30.45,252,326,,dylan-laube.php,,,0.6,,,,,,13.0,Dylan Laube,2026-08-07,LVR
/nfl/rankings/ppr-cheatsheets.php,redraft-overall,ro,Marlin Klein,28157,TE,HOU,334.0,25.78,289,363,,marlin-klein.php,,,1.2,,,,,,8.0,Marlin Klein,2026-08-07,HOU
/nfl/rankings/ppr-cheatsheets.php,redraft-overall,ro,Jaret Patterson,20155,RB,LAC,312.75,59.12,248,387,,jaret-patterson.php,,,1.1,,,,,,7.0,Jaret Patterson,2026-08-07,LAC
/nfl/rankings/ppr-cheatsheets.php,redraft-overall,ro,Ty Chandler,19471,RB,NO,314.25,31.49,271,360,,ty-chandler.php,,,0.7,,,,,,8.0,Ty Chandler,2026-08-07,NOS
/nfl/rankings/ppr-cheatsheets.php,redraft-overall,ro,Jaydn Ott,25394,RB,KC,337.6,38.65,264,374,,jaydn-ott.php,,,1.0,,,,,,5.0,Jaydn Ott,2026-08-07,KCC
/nfl/rankings/ppr-cheatsheets.php,redraft-overall,ro,Scotty Miller,18714,WR,CHI,317.5,48.19,253,375,,scott-miller.php,,,0.1,,,,,,10.0,Scott Miller,2026-08-07,CHI
/nfl/rankings/ppr-cheatsheets.php,redraft-overall,ro,Malik Benson,26012,WR,LV,354.33,51.42,282,436,,malik-benson.php,,,1.5,,,,,,13.0,Malik Benson,2026-08-07,LVR
/nfl/rankings/ppr-cheatsheets.php,redraft-overall,ro,Cash Jones,28124,RB,ATL,320.75,30.36,272,354,,cash-jones.php,,,0.0,,,,,,11.0,Cash Jones,2026-08-07,ATL
/nfl/rankings/ppr-cheatsheets.php,redraft-overall,ro,Tommy Myers,25167,TE,FA,342.6,61.65,254,426,,tommy-myers.php,,,0.0,,,,,,,Tommy Myers,2026-08-07,FA
/nfl/rankings/ppr-cheatsheets.php,redraft-overall,ro,Jake Moody,24009,K,WAS,289.33,39.53,245,341,,jake-moody.php,,,2.4,,,,,,7.0,Jake Moody,2026-08-07,WAS
/nfl/rankings/ppr-cheatsheets.php,redraft-overall,ro,Damien Martinez,25976,RB,GB,354.83,28.6,327,412,,damien-martinez.php,,,0.7,,,,,,11.0,Damien Martinez,2026-08-07,GBP
/nfl/rankings/ppr-cheatsheets.php,redraft-overall,ro,Ronnie Rivers,23986,RB,LAR,325.75,30.23,280,365,,ronnie-rivers.php,,,0.6,,,,,,11.0,Ronnie Rivers,2026-08-07,LAR
/nfl/rankings/ppr-cheatsheets.php,redraft-overall,ro,Antonio Gibson,19624,RB,FA,350.0,57.26,263,435,,antonio-gibson.php,,,1.3,,,,,,,Antonio Gibson,2026-08-07,FA
/nfl/rankings/ppr-cheatsheets.php,redraft-overall,ro,Roman Wilson,28896,WR,PIT,329.0,25.56,300,369,,roman-wilson-wr.php,,,1.5,,,,,,9.0,Roman Wilson,2026-08-07,PIT
/nfl/rankings/ppr-cheatsheets.php,redraft-overall,ro,Zavier Scott,25748,RB,MIN,347.6,21.64,317,378,,zavier-scott.php,,,0.6,,,,,,6.0,Zavier Scott,2026-08-07,MIN
/nfl/rankings/ppr-cheatsheets.php,redraft-overall,ro,Colbie Young,26037,WR,CIN,347.8,28.11,299,381,,colbie-young.php,,,1.5,,,,,,6.0,Colbie Young,2026-08-07,CIN
/nfl/rankings/ppr-cheatsheets.php,redraft-overall,ro,Robert Henry Jr.,28404,RB,WAS,348.0,42.0,276,399,,robert-henry-jr.php,,,0.0,,,,,,7.0,Robert Henry,2026-08-07,WAS
/nfl/rankings/ppr-cheatsheets.php,redraft-overall,ro,Tai Felton,27182,WR,MIN,340.25,76.95,244,457,,tai-felton.php,,,0.6,,,,,,6.0,Tai Felton,2026-08-07,MIN
/nfl/rankings/ppr-cheatsheets.php,redraft-overall,ro,Mo Alie-Cox,16579,TE,IND,349.6,27.31,298,377,,mo-alie-cox.php,,,0.6,,,,,,13.0,Mo Alie-Cox,2026-08-07,IND
/nfl/rankings/ppr-cheatsheets.php,redraft-overall,ro,Marquez Valdes-Scantling,17528,WR,DAL,336.0,76.51,223,431,,marquez-valdesscantling.php,,,0.7,,,,,,14.0,Marquez Valdes-Scantling,2026-08-07,DAL
/nfl/rankings/ppr-cheatsheets.php,redraft-overall,ro,Khalil Herbert,22763,RB,SF,307.67,38.0,260,353,,khalil-herbert.php,,,1.4,,,,,,8.0,Khalil Herbert,2026-08-07,SFO
/nfl/rankings/ppr-cheatsheets.php,redraft-overall,ro,Tyler Lockett,13971,WR,LV,308.0,88.28,197,413,,tyler-lockett.php,,,0.6,,,,,,13.0,Tyler Lockett,2026-08-07,LVR
/nfl/rankings/ppr-cheatsheets.php,redraft-overall,ro,Roman Hemby,25387,RB,LV,337.5,35.15,285,371,,roman-hemby.php,,,0.0,,,,,,13.0,Roman Hemby,2026-08-07,LVR
/nfl/rankings/ppr-cheatsheets.php,redraft-overall,ro,Tyler Goodson,22976,RB,ATL,311.67,38.82,263,358,,tyler-goodson.php,,,0.7,,,,,,11.0,Tyler Goodson,2026-08-07,ATL
/nfl/rankings/ppr-cheatsheets.php,redraft-overall,ro,Josh Oliver,18487,TE,MIN,355.2,8.01,344,367,,josh-oliver.php,,,0.7,,,,,,6.0,Josh Oliver,2026-08-07,MIN
/nfl/rankings/ppr-cheatsheets.php,redraft-overall,ro,Jake Bobo,25339,WR,SEA,262.0,18.0,244,280,,jake-bobo.php,,,0.6,,,,,,11.0,Jake Bobo,2026-08-07,SEA
/nfl/rankings/ppr-cheatsheets.php,redraft-overall,ro,Jakobie Keeney-James,27705,WR,PIT,262.0,11.0,251,273,,jakobie-keeney-james.php,,,0.0,,,,,,9.0,Jakobie Keeney-James,2026-08-07,PIT
/nfl/rankings/ppr-cheatsheets.php,redraft-overall,ro,Tanner Koziol,27499,TE,JAC,341.0,28.96,292,367,,tanner-koziol.php,,,1.9,,,,,12.0,7.0,Tanner Koziol,2026-08-07,JAC
/nfl/rankings/ppr-cheatsheets.php,redraft-overall,ro,Kevin Austin Jr.,23049,WR,NO,267.5,22.5,245,290,,kevin-austin.php,,,1.0,,,,,,8.0,Kevin Austin,2026-08-07,NOS
/nfl/rankings/ppr-cheatsheets.php,redraft-overall,ro,Jahdae Walker,27810,WR,CHI,344.0,24.01,323,384,,jahdae-walker.php,,,0.9,,,,,,10.0,Jahdae Walker,2026-08-07,CHI
/nfl/rankings/ppr-cheatsheets.php,redraft-overall,ro,Jacob Saylors,25693,RB,DET,323.67,35.56,279,366,,jacob-saylors.php,,,0.1,,,,,,6.0,Jacob Saylors,2026-08-07,DET
/nfl/rankings/ppr-cheatsheets.php,redraft-overall,ro,Adam Trautman,19423,TE,DEN,371.83,22.61,350,417,,adam-trautman.php,,,0.6,,,,,,10.0,Adam Trautman,2026-08-07,DEN
/nfl/rankings/ppr-cheatsheets.php,redraft-overall,ro,Cade Klubnik,24361,QB,NYJ,348.25,30.05,323,398,,cade-klubnik.php,,,6.7,,,,,,13.0,Cade Klubnik,2026-08-07,NYJ
/nfl/rankings/ppr-cheatsheets.php,redraft-overall,ro,Demarcus Robinson,15665,WR,SF,363.0,37.0,307,415,,demarcus-robinson.php,,,0.8,,,,,,8.0,Demarcus Robinson,2026-08-07,SFO
/nfl/rankings/ppr-cheatsheets.php,redraft-overall,ro,Miles Sanders,18283,RB,FA,357.0,63.04,281,446,,miles-sanders.php,,,1.0,,,,,,,Miles Sanders,2026-08-07,FA
/nfl/rankings/ppr-cheatsheets.php,redraft-overall,ro,Tim Patrick,16556,WR,NYJ,284.0,31.0,253,315,,tim-patrick.php,,,1.0,,,,,,13.0,Tim Patrick,2026-08-07,NYJ
/nfl/rankings/ppr-cheatsheets.php,redraft-overall,ro,New York Jets,8210,DST,NYJ,356.0,55.01,277,432,,new-york-jets-defense.php,,,8.4,,,,,,13.0,New York Jets,2026-08-07,NYJ
/nfl/rankings/ppr-cheatsheets.php,redraft-overall,ro,Myles Montgomery,28450,RB,NE,353.5,45.14,288,407,,myles-montgomery.php,,,0.0,,,,,,11.0,Myles Montgomery,2026-08-07,NEP
/nfl/rankings/ppr-cheatsheets.php,redraft-overall,ro,Elijah Tau-Tolliver,28757,RB,BAL,332.67,40.83,283,383,,elijah-tau-tolliver.php,,,0.0,,,,,,13.0,Elijah Tau-Tolliver,2026-08-07,BAL
/nfl/rankings/ppr-cheatsheets.php,redraft-overall,ro,Luke Schoonmaker,25267,TE,DAL,368.6,13.54,345,382,,luke-schoonmaker.php,,,0.9,,,,,,14.0,Luke Schoonmaker,2026-08-07,DAL
/nfl/rankings/ppr-cheatsheets.php,redraft-overall,ro,Riley Leonard,25373,QB,IND,357.75,35.53,307,398,,riley-leonard.php,,,2.8,,,,,,13.0,Riley Leonard,2026-08-07,IND
/nfl/rankings/ppr-cheatsheets.php,redraft-overall,ro,Jordan Waters,26395,RB,LAR,297.0,46.0,251,343,,jordan-waters.php,,,0.0,,,,,,11.0,Jordan Waters,2026-08-07,LAR
/nfl/rankings/ppr-cheatsheets.php,redraft-overall,ro,Donovan Edwards,23014,RB,MIA,339.33,43.05,284,389,,donovan-edwards.php,,,1.0,,,,,,6.0,Donovan Edwards,2026-08-07,MIA
/nfl/rankings/ppr-cheatsheets.php,redraft-overall,ro,Nate Boerkircher,28427,TE,JAC,339.67,31.59,295,363,,nate-boerkircher.php,,,0.9,,,,,,7.0,Nate Boerkircher,2026-08-07,JAC
/nfl/rankings/ppr-cheatsheets.php,redraft-overall,ro,Elijah Mitchell,22813,RB,PHI,354.0,80.22,266,460,,elijah-mitchell-rb.php,,,0.7,,,,,,10.0,Elijah Mitchell,2026-08-07,PHI
/nfl/rankings/ppr-cheatsheets.php,redraft-overall,ro,Xavier Smith,25627,WR,LAR,301.5,5.5,296,307,,xavier-smith.php,,,0.6,,,,,,11.0,Xavier Smith,2026-08-07,LAR
/nfl/rankings/ppr-cheatsheets.php,redraft-overall,ro,Frank Gore Jr.,25980,RB,BUF,341.67,52.55,268,387,,frank-gore-jr.php,,,0.6,,,,,,7.0,Frank Gore,2026-08-07,BUF
/nfl/rankings/ppr-cheatsheets.php,redraft-overall,ro,Raheem Mostert,14338,RB,LV,305.5,8.5,297,314,,raheem-mostert.php,,,0.6,,,,,,13.0,Raheem Mostert,2026-08-07,LVR
/nfl/rankings/ppr-cheatsheets.php,redraft-overall,ro,Quinn Ewers,23680,QB,MIA,344.33,32.36,303,382,,quinn-ewers.php,,,3.4,,,,,,6.0,Quinn Ewers,2026-08-07,MIA
/nfl/rankings/ppr-cheatsheets.php,redraft-overall,ro,Xavier Restrepo,27066,WR,TEN,309.0,21.0,288,330,,xavier-restrepo.php,,,1.1,,,,,,9.0,Xavier Restrepo,2026-08-07,TEN
/nfl/rankings/ppr-cheatsheets.php,redraft-overall,ro,Kendric Pryor,24839,WR,CIN,312.0,21.0,291,333,,kendric-pryor.php,,,1.0,,,,,,6.0,Kendric Pryor,2026-08-07,CIN
/nfl/rankings/ppr-cheatsheets.php,redraft-overall,ro,Michael Woods II,23893,WR,DEN,312.5,32.5,280,345,,michael-woods.php,,,1.0,,,,,,10.0,Mike Woods,2026-08-07,DEN
/nfl/rankings/ppr-cheatsheets.php,redraft-overall,ro,Jackson Hawes,27469,TE,BUF,366.75,9.28,353,379,,jackson-hawes.php,,,0.6,,,,,,7.0,Jackson Hawes,2026-08-07,BUF
/nfl/rankings/ppr-cheatsheets.php,redraft-overall,ro,Derius Davis,25334,WR,LAC,317.0,62.0,255,379,,derius-davis.php,,,0.6,,,,,,7.0,Derius Davis,2026-08-07,LAC
/nfl/rankings/ppr-cheatsheets.php,redraft-overall,ro,Drew Sample,18561,TE,CIN,352.67,13.02,342,371,,drew-sample.php,,,0.6,,,,,,6.0,Drew Sample,2026-08-07,CIN
/nfl/rankings/ppr-cheatsheets.php,redraft-overall,ro,Will Kacmarek,28403,TE,MIA,322.5,29.5,293,352,,will-kacmarek.php,,,5.4,,,,,,6.0,Will Kacmarek,2026-08-07,MIA
/nfl/rankings/ppr-cheatsheets.php,redraft-overall,ro,Jack Endries,27501,TE,CIN,322.5,28.5,294,351,,jack-endries.php,,,5.8,,,,,,6.0,Jack Endries,2026-08-07,CIN
/nfl/rankings/ppr-cheatsheets.php,redraft-overall,ro,Sam Roush,28161,TE,CHI,355.0,6.48,346,361,,sam-roush.php,,,1.5,,,,,,10.0,Sam Roush,2026-08-07,CHI
/nfl/rankings/ppr-cheatsheets.php,redraft-overall,ro,Reggie Gilliam,19844,RB,NE,331.0,27.0,304,358,,reggie-gilliam.php,,,0.1,,,,,,11.0,Reggie Gilliam,2026-08-07,NEP
/nfl/rankings/ppr-cheatsheets.php,redraft-overall,ro,Odell Beckham Jr.,12127,WR,NYG,333.0,18.0,315,351,,odell-beckham.php,,,5.0,,,,,,8.0,Odell Beckham,2026-08-07,NYG
/nfl/rankings/ppr-cheatsheets.php,redraft-overall,ro,KeAndre Lambert-Smith,24372,WR,LAC,334.5,49.5,285,384,,keandre-lambert-smith.php,,,0.7,,,,,,7.0,KeAndre Lambert-Smith,2026-08-07,LAC
/nfl/rankings/ppr-cheatsheets.php,redraft-overall,ro,Theo Wease Jr.,27222,WR,MIA,337.5,82.5,255,420,,theo-wease-jr.php,,,2.2,,,,,,6.0,Theo Wease,2026-08-07,MIA
/nfl/rankings/ppr-cheatsheets.php,redraft-overall,ro,Jeshaun Jones,26423,WR,MIN,337.5,58.5,279,396,,jeshaun-jones.php,,,0.0,,,,,38.0,6.0,Jeshaun Jones,2026-08-07,MIN
/nfl/rankings/ppr-cheatsheets.php,redraft-overall,ro,Mecole Hardman Jr.,18587,WR,BUF,337.5,39.5,298,377,,mecole-hardman.php,,,0.6,,,,,,7.0,Mecole Hardman,2026-08-07,BUF
/nfl/rankings/ppr-cheatsheets.php,redraft-overall,ro,Reggie Virgil,28141,WR,ARI,338.0,40.0,298,378,,reggie-virgil.php,,,0.7,,,,,,14.0,Reggie Virgil,2026-08-07,ARI
/nfl/rankings/ppr-cheatsheets.php,redraft-overall,ro,Noah Whittington,28115,RB,HOU,340.0,13.0,327,353,,noah-whittington.php,,,0.0,,,,,,8.0,Noah Whittington,2026-08-07,HOU
/nfl/rankings/ppr-cheatsheets.php,redraft-overall,ro,David Sills V,18566,WR,TB,340.0,11.0,329,351,,david-sills.php,,,0.0,,,,,,10.0,David Sills,2026-08-07,TBB
/nfl/rankings/ppr-cheatsheets.php,redraft-overall,ro,Jacardia Wright,27781,RB,SEA,342.5,38.5,304,381,,jacardia-wright.php,,,0.0,,,,,,11.0,Jacardia Wright,2026-08-07,SEA
/nfl/rankings/ppr-cheatsheets.php,redraft-overall,ro,Anthony Gould,26404,WR,IND,342.5,31.5,311,374,,anthony-gould.php,,,0.6,,,,,,13.0,Anthony Gould,2026-08-07,IND
/nfl/rankings/ppr-cheatsheets.php,redraft-overall,ro,Elijah Moore,20114,WR,PHI,347.5,48.5,299,396,,elijah-moore.php,,,0.6,,,,,,10.0,Elijah Moore,2026-08-07,PHI
/nfl/rankings/ppr-cheatsheets.php,redraft-overall,ro,Tanner Hudson,17826,TE,CIN,349.5,12.5,337,362,,tanner-hudson.php,,,1.2,,,,,,6.0,Tanner Hudson,2026-08-07,CIN
/nfl/rankings/ppr-cheatsheets.php,redraft-overall,ro,Van Jefferson,19483,WR,WAS,351.0,23.0,328,374,,van-jefferson.php,,,0.9,,,,,,7.0,Van Jefferson,2026-08-07,WAS
/nfl/rankings/ppr-cheatsheets.php,redraft-overall,ro,Michael Trigg,23167,TE,DAL,379.33,38.0,350,433,,michael-trigg.php,,,8.9,,,,,-13.0,14.0,Michael Trigg,2026-08-07,DAL
/nfl/rankings/ppr-cheatsheets.php,redraft-overall,ro,Thomas Fidone II,23039,TE,NYG,382.33,41.49,352,441,,thomas-fidone.php,,,1.0,,,,,,8.0,Thomas Fidone,2026-08-07,NYG
/nfl/rankings/ppr-cheatsheets.php,redraft-overall,ro,Durham Smythe,17508,TE,BAL,354.0,5.0,349,359,,durham-smythe.php,,,0.6,,,,,9.0,13.0,Durham Smythe,2026-08-07,BAL
/nfl/rankings/ppr-cheatsheets.php,redraft-overall,ro,Jordan Watkins,27486,WR,SF,357.0,23.0,334,380,,jordan-watkins.php,,,1.0,,,,,25.0,8.0,Jordan Watkins,2026-08-07,SFO
/nfl/rankings/ppr-cheatsheets.php,redraft-overall,ro,Gardner Minshew II,18562,QB,ARI,358.5,10.5,348,369,,gardner-minshew.php,,,1.7,,,,,,14.0,Gardner Minshew,2026-08-07,ARI
/nfl/rankings/ppr-cheatsheets.php,redraft-overall,ro,Jared Wiley,26343,TE,KC,360.0,2.0,358,362,,jared-wiley.php,,,1.0,,,,,,5.0,Jared Wiley,2026-08-07,KCC
/nfl/rankings/ppr-cheatsheets.php,redraft-overall,ro,Jason Sanders,17533,K,NYJ,382.67,17.0,366,406,,jason-sanders.php,,,1.5,,,,,,13.0,Jason Sanders,2026-08-07,NYJ
/nfl/rankings/ppr-cheatsheets.php,redraft-overall,ro,Jimmy Horn Jr.,27294,WR,CAR,365.5,15.5,350,381,,jimmy-horn-jr.php,,,0.8,,,,,,5.0,Jimmy Horn,2026-08-07,CAR
/nfl/rankings/ppr-cheatsheets.php,redraft-overall,ro,Brock Wright,23341,TE,DET,367.0,13.0,354,380,,brock-wright.php,,,0.7,,,,,,6.0,Brock Wright,2026-08-07,DET
/nfl/rankings/ppr-cheatsheets.php,redraft-overall,ro,Tyler Conklin,17598,TE,DET,370.5,5.5,365,376,,tyler-conklin.php,,,0.6,,,,,,6.0,Tyler Conklin,2026-08-07,DET
/nfl/rankings/ppr-cheatsheets.php,redraft-overall,ro,DeAndre Hopkins,11606,WR,BAL,386.5,64.5,322,451,,deandre-hopkins.php,,,0.6,,,,,,13.0,DeAndre Hopkins,2026-08-07,BAL
/nfl/rankings/ppr-cheatsheets.php,redraft-overall,ro,Jermaine Burton,22956,WR,FA,391.0,67.0,324,458,,jermaine-burton.php,,,1.1,,,,,,,Jermaine Burton,2026-08-07,FA
/nfl/rankings/ppr-cheatsheets.php,redraft-overall,ro,Cade Stover,25269,TE,HOU,377.0,15.0,362,392,,cade-stover.php,,,0.6,,,,,,8.0,Cade Stover,2026-08-07,HOU
/nfl/rankings/ppr-cheatsheets.php,redraft-overall,ro,Moliki Matavao,23093,TE,NO,377.5,20.5,357,398,,moliki-matavao.php,,,1.0,,,,,,8.0,Moliki Matavao,2026-08-07,NOS
/nfl/rankings/ppr-cheatsheets.php,redraft-overall,ro,Skyy Moore,23905,WR,GB,378.0,7.0,371,385,,skyy-moore.php,,,0.8,,,,,,11.0,Skyy Moore,2026-08-07,GBP
/nfl/rankings/ppr-cheatsheets.php,redraft-overall,ro,Taysom Hill,17115,TE,FA,397.0,43.0,354,440,,taysom-hill.php,,,0.7,,,,,-16.0,,Taysom Hill,2026-08-07,FA
/nfl/rankings/ppr-cheatsheets.php,redraft-overall,ro,Will Dissly,18049,TE,FA,393.5,33.5,360,427,,will-dissly.php,,,1.0,,,,,-12.0,,Will Dissly,2026-08-07,FA
/nfl/rankings/ppr-cheatsheets.php,redraft-overall,ro,Jacob Cowing,25289,WR,SF,416.0,34.0,382,450,,jacob-cowing.php,,,0.6,,,,,,8.0,Jacob Cowing,2026-08-07,SFO
/nfl/rankings/qb-cheatsheets.php,redraft-qb,rp,Josh Allen,17298,QB,BUF,1.02,0.15,1,2,,josh-allen-qb.php,,,99.5,,,,,,7.0,Josh Allen,2026-08-07,BUF
/nfl/rankings/qb-cheatsheets.php,redraft-qb,rp,Lamar Jackson,17233,QB,BAL,2.51,1.02,1,7,,lamar-jackson.php,,,99.1,,,,,,13.0,Lamar Jackson,2026-08-07,BAL
/nfl/rankings/qb-cheatsheets.php,redraft-qb,rp,Drake Maye,23046,QB,NE,3.51,1.05,2,6,,drake-maye.php,,,98.6,,,,,,11.0,Drake Maye,2026-08-07,NEP
/nfl/rankings/qb-cheatsheets.php,redraft-qb,rp,Joe Burrow,19196,QB,CIN,4.62,1.55,2,12,,joe-burrow.php,,,98.0,,,,,,6.0,Joe Burrow,2026-08-07,CIN
/nfl/rankings/qb-cheatsheets.php,redraft-qb,rp,Jayden Daniels,22902,QB,WAS,5.06,1.9,3,11,,jayden-daniels.php,,,97.4,,,,,,7.0,Jayden Daniels,2026-08-07,WAS
/nfl/rankings/qb-cheatsheets.php,redraft-qb,rp,Jalen Hurts,19275,QB,PHI,6.1,1.59,2,11,,jalen-hurts.php,,,97.7,,,,,,10.0,Jalen Hurts,2026-08-07,PHI
/nfl/rankings/qb-cheatsheets.php,redraft-qb,rp,Caleb Williams,23084,QB,CHI,7.76,2.12,2,13,,caleb-williams.php,,,93.0,,,,,,10.0,Caleb Williams,2026-08-07,CHI
/nfl/rankings/qb-cheatsheets.php,redraft-qb,rp,Justin Herbert,18635,QB,LAC,7.82,2.02,3,15,,justin-herbert.php,,,93.2,,,,,,7.0,Justin Herbert,2026-08-07,LAC
/nfl/rankings/qb-cheatsheets.php,redraft-qb,rp,Trevor Lawrence,19780,QB,JAC,9.19,1.82,6,15,,trevor-lawrence.php,,,89.6,,,,,,7.0,Trevor Lawrence,2026-08-07,JAC
/nfl/rankings/qb-cheatsheets.php,redraft-qb,rp,Dak Prescott,15600,QB,DAL,9.81,1.91,5,16,,dak-prescott.php,,,93.3,,,,,,14.0,Dak Prescott,2026-08-07,DAL
/nfl/rankings/qb-cheatsheets.php,redraft-qb,rp,Brock Purdy,19797,QB,SF,12.07,1.95,7,19,,brock-purdy.php,,,90.3,,,,,,8.0,Brock Purdy,2026-08-07,SFO
/nfl/rankings/qb-cheatsheets.php,redraft-qb,rp,Jaxson Dart,23160,QB,NYG,12.08,2.56,6,18,,jaxson-dart.php,,,94.0,,,,,,8.0,Jaxson Dart,2026-08-07,NYG
/nfl/rankings/qb-cheatsheets.php,redraft-qb,rp,Bo Nix,22910,QB,DEN,13.75,2.13,9,19,,bo-nix.php,,,87.5,,,,,,10.0,Bo Nix,2026-08-07,DEN
/nfl/rankings/qb-cheatsheets.php,redraft-qb,rp,Patrick Mahomes II,16413,QB,KC,13.85,2.07,8,18,,patrick-mahomes.php,,,90.8,,,,,,5.0,Patrick Mahomes,2026-08-07,KCC
/nfl/rankings/qb-cheatsheets.php,redraft-qb,rp,Matthew Stafford,9451,QB,LAR,14.67,2.77,7,20,,matthew-stafford.php,,,91.6,,,,,,11.0,Matthew Stafford,2026-08-07,LAR
/nfl/rankings/qb-cheatsheets.php,redraft-qb,rp,Jared Goff,15501,QB,DET,15.85,2.6,7,20,,jared-goff.php,,,77.8,,,,,,6.0,Jared Goff,2026-08-07,DET
/nfl/rankings/qb-cheatsheets.php,redraft-qb,rp,Kyler Murray,18600,QB,MIN,16.65,2.51,9,22,,kyler-murray.php,,,72.3,,,,,,6.0,Kyler Murray,2026-08-07,MIN
/nfl/rankings/qb-cheatsheets.php,redraft-qb,rp,Baker Mayfield,17237,QB,TB,18.36,2.12,12,22,,baker-mayfield.php,,,62.0,,,,,,10.0,Baker Mayfield,2026-08-07,TBB
/nfl/rankings/qb-cheatsheets.php,redraft-qb,rp,Jordan Love,19246,QB,GB,18.52,2.2,11,23,,jordan-love.php,,,58.6,,,,,,11.0,Jordan Love,2026-08-07,GBP
/nfl/rankings/qb-cheatsheets.php,redraft-qb,rp,Tyler Shough,23096,QB,NO,19.14,2.41,13,24,,tyler-shough.php,,,51.2,,,,,,8.0,Tyler Shough,2026-08-07,NOS
/nfl/rankings/qb-cheatsheets.php,redraft-qb,rp,Malik Willis,23499,QB,MIA,20.46,2.7,15,28,,malik-willis.php,,,44.9,,,,,,6.0,Malik Willis,2026-08-07,MIA
/nfl/rankings/qb-cheatsheets.php,redraft-qb,rp,C.J. Stroud,23071,QB,HOU,22.88,1.8,16,27,,cj-stroud.php,,,40.0,,,,,,8.0,CJ Stroud,2026-08-07,HOU
/nfl/rankings/qb-cheatsheets.php,redraft-qb,rp,Sam Darnold,17236,QB,SEA,23.0,1.37,20,27,,sam-darnold.php,,,42.9,,,,,,11.0,Sam Darnold,2026-08-07,SEA
/nfl/rankings/qb-cheatsheets.php,redraft-qb,rp,Daniel Jones,18232,QB,IND,24.24,2.03,17,28,,daniel-jones.php,,,40.7,,,,,,13.0,Daniel Jones,2026-08-07,IND
/nfl/rankings/qb-cheatsheets.php,redraft-qb,rp,Cam Ward,24755,QB,TEN,24.33,1.67,21,29,,cam-ward.php,,,28.9,,,,,,9.0,Cam Ward,2026-08-07,TEN
/nfl/rankings/qb-cheatsheets.php,redraft-qb,rp,Bryce Young,22900,QB,CAR,25.67,1.39,21,29,,bryce-young.php,,,32.0,,,,,,5.0,Bryce Young,2026-08-07,CAR
/nfl/rankings/qb-cheatsheets.php,redraft-qb,rp,Jacoby Brissett,15642,QB,ARI,27.05,1.84,21,31,,jacoby-brissett.php,,,25.4,,,,,,14.0,Jacoby Brissett,2026-08-07,ARI
/nfl/rankings/qb-cheatsheets.php,redraft-qb,rp,Aaron Rodgers,9001,QB,PIT,28.48,2.28,21,33,,aaron-rodgers.php,,,18.8,,,,,,9.0,Aaron Rodgers,2026-08-07,PIT
/nfl/rankings/qb-cheatsheets.php,redraft-qb,rp,Geno Smith,11687,QB,NYJ,28.65,1.49,24,32,,geno-smith.php,,,15.6,,,,,,13.0,Geno Smith,2026-08-07,NYJ
/nfl/rankings/qb-cheatsheets.php,redraft-qb,rp,Fernando Mendoza,28013,QB,LV,30.49,2.27,26,37,,fernando-mendoza.php,,,33.6,,,,,,13.0,Fernando Mendoza,2026-08-07,LVR
/nfl/rankings/qb-cheatsheets.php,redraft-qb,rp,Tua Tagovailoa,19198,QB,ATL,30.95,1.85,26,36,,tua-tagovailoa.php,,,22.4,,,,,,11.0,Tua Tagovailoa,2026-08-07,ATL
/nfl/rankings/qb-cheatsheets.php,redraft-qb,rp,Michael Penix Jr.,22973,QB,ATL,32.85,1.73,29,36,,michael-penix-jr.php,,,12.8,,,,,,11.0,Michael Penix,2026-08-07,ATL
/nfl/rankings/qb-cheatsheets.php,redraft-qb,rp,Kirk Cousins,11177,QB,LV,33.01,2.1,28,39,,kirk-cousins.php,,,10.9,,,,,,13.0,Kirk Cousins,2026-08-07,LVR
/nfl/rankings/qb-cheatsheets.php,redraft-qb,rp,Shedeur Sanders,25968,QB,CLE,33.76,3.84,28,63,,shedeur-sanders.php,,,14.5,,,,,,11.0,Shedeur Sanders,2026-08-07,CLE
/nfl/rankings/qb-cheatsheets.php,redraft-qb,rp,Deshaun Watson,16398,QB,CLE,33.08,2.1,28,40,,deshaun-watson.php,,,16.9,,,,,,11.0,Deshaun Watson,2026-08-07,CLE
/nfl/rankings/qb-cheatsheets.php,redraft-qb,rp,J.J. McCarthy,23018,QB,MIN,36.23,1.54,33,40,,jj-mccarthy.php,,,10.9,,,,,,6.0,JJ McCarthy,2026-08-07,MIN
/nfl/rankings/qb-cheatsheets.php,redraft-qb,rp,Carson Beck,22953,QB,ARI,39.32,8.0,35,84,,carson-beck.php,,,12.2,,,,,,14.0,Carson Beck,2026-08-07,ARI
/nfl/rankings/qb-cheatsheets.php,redraft-qb,rp,Mac Jones,20156,QB,SF,38.69,3.17,35,51,,mac-jones.php,,,8.1,,,,,,8.0,Mac Jones,2026-08-07,SFO
/nfl/rankings/qb-cheatsheets.php,redraft-qb,rp,Justin Fields,19781,QB,KC,39.88,2.98,34,52,,justin-fields.php,,,8.0,,,,,,5.0,Justin Fields,2026-08-07,KCC
/nfl/rankings/qb-cheatsheets.php,redraft-qb,rp,Ty Simpson,25368,QB,LAR,39.94,3.09,35,49,,ty-simpson.php,,,14.9,,,,,,11.0,Ty Simpson,2026-08-07,LAR
/nfl/rankings/qb-cheatsheets.php,redraft-qb,rp,Anthony Richardson Sr.,24347,QB,IND,40.04,5.39,36,65,,anthony-richardson.php,,,11.1,,,,,,13.0,Anthony Richardson,2026-08-07,IND
/nfl/rankings/qb-cheatsheets.php,redraft-qb,rp,Joe Flacco,9300,QB,CIN,42.41,2.95,38,47,,joe-flacco.php,,,3.5,,,,,,6.0,Joe Flacco,2026-08-07,CIN
/nfl/rankings/qb-cheatsheets.php,redraft-qb,rp,Marcus Mariota,13890,QB,WAS,42.83,5.06,35,58,,marcus-mariota.php,,,3.5,,,,,,7.0,Marcus Mariota,2026-08-07,WAS
/nfl/rankings/qb-cheatsheets.php,redraft-qb,rp,Jameis Winston,13891,QB,NYG,43.06,2.82,37,48,,jameis-winston.php,,,5.1,,,,,,8.0,Jameis Winston,2026-08-07,NYG
/nfl/rankings/qb-cheatsheets.php,redraft-qb,rp,Joe Milton III,25967,QB,DAL,43.94,2.88,39,49,,joe-milton.php,,,2.4,,,,,,14.0,Joe Milton,2026-08-07,DAL
/nfl/rankings/qb-cheatsheets.php,redraft-qb,rp,Quinn Ewers,23680,QB,MIA,48.92,6.46,41,66,,quinn-ewers.php,,,3.4,,,,,,6.0,Quinn Ewers,2026-08-07,MIA
/nfl/rankings/qb-cheatsheets.php,redraft-qb,rp,Cade Klubnik,24361,QB,NYJ,45.0,6.19,38,58,,cade-klubnik.php,,,6.7,,,,,,13.0,Cade Klubnik,2026-08-07,NYJ
/nfl/rankings/qb-cheatsheets.php,redraft-qb,rp,Riley Leonard,25373,QB,IND,45.73,3.28,42,51,,riley-leonard.php,,,2.8,,,,,,13.0,Riley Leonard,2026-08-07,IND
/nfl/rankings/qb-cheatsheets.php,redraft-qb,rp,Gardner Minshew II,18562,QB,ARI,50.58,7.82,40,67,,gardner-minshew.php,,,1.7,,,,,,14.0,Gardner Minshew,2026-08-07,ARI
/nfl/rankings/qb-cheatsheets.php,redraft-qb,rp,Tyrod Taylor,10007,QB,GB,50.0,2.71,46,55,,tyrod-taylor.php,,,1.2,,,,,,11.0,Tyrod Taylor,2026-08-07,GBP
/nfl/rankings/qb-cheatsheets.php,redraft-qb,rp,Tyson Bagent,25321,QB,CHI,54.5,5.83,45,65,,tyson-bagent.php,,,2.1,,,,,,10.0,Tyson Bagent,2026-08-07,CHI
/nfl/rankings/qb-cheatsheets.php,redraft-qb,rp,Spencer Rattler,23081,QB,NO,55.0,4.53,49,64,,spencer-rattler.php,,,1.2,,,,,,8.0,Spencer Rattler,2026-08-07,NOS
/nfl/rankings/qb-cheatsheets.php,redraft-qb,rp,Trey Lance,20082,QB,LAC,49.71,3.88,44,55,,trey-lance.php,,,1.0,,,,,,7.0,Trey Lance,2026-08-07,LAC
/nfl/rankings/qb-cheatsheets.php,redraft-qb,rp,Kenny Pickett,22722,QB,CAR,57.86,4.7,50,65,,kenny-pickett.php,,,1.0,,,,,,5.0,Kenny Pickett,2026-08-07,CAR
/nfl/rankings/qb-cheatsheets.php,redraft-qb,rp,Mitchell Trubisky,16381,QB,TEN,58.29,5.36,55,71,,mitch-trubisky.php,,,0.6,,,,,13.0,9.0,Mitchell Trubisky,2026-08-07,TEN
/nfl/rankings/qb-cheatsheets.php,redraft-qb,rp,Jake Browning,18557,QB,TB,57.0,7.02,45,64,,jake-browning.php,,,0.6,,,,,,10.0,Jake Browning,2026-08-07,TBB
/nfl/rankings/qb-cheatsheets.php,redraft-qb,rp,Jalen Milroe,22884,QB,SEA,59.5,8.92,49,77,,jalen-milroe.php,,,3.0,,,,,7.0,11.0,Jalen Milroe,2026-08-07,SEA
/nfl/rankings/qb-cheatsheets.php,redraft-qb,rp,Sam Howell,23045,QB,DAL,66.86,6.96,54,76,,sam-howell.php,,,0.6,,,,,13.0,14.0,Sam Howell,2026-08-07,DAL
/nfl/rankings/qb-cheatsheets.php,redraft-qb,rp,Tyler Huntley,19297,QB,BAL,54.4,2.5,51,57,,tyler-huntley.php,,,3.1,,,,,,13.0,Tyler Huntley,2026-08-07,BAL
/nfl/rankings/qb-cheatsheets.php,redraft-qb,rp,Jarrett Stidham,18604,QB,DEN,54.8,4.49,48,62,,jarrett-stidham.php,,,0.9,,,,,,10.0,Jarrett Stidham,2026-08-07,DEN
/nfl/rankings/qb-cheatsheets.php,redraft-qb,rp,Drew Allar,24345,QB,PIT,55.2,3.19,52,61,,drew-allar.php,,,2.0,,,,,15.0,9.0,Drew Allar,2026-08-07,PIT
/nfl/rankings/qb-cheatsheets.php,redraft-qb,rp,Davis Mills,22799,QB,HOU,55.4,3.93,49,60,,davis-mills.php,,,1.4,,,,,-7.0,8.0,Davis Mills,2026-08-07,HOU
/nfl/rankings/qb-cheatsheets.php,redraft-qb,rp,Jimmy Garoppolo,12208,QB,LAR,55.8,9.24,45,73,,jimmy-garoppolo.php,,,0.8,,,,,-13.0,11.0,Jimmy Garoppolo,2026-08-07,LAR
/nfl/rankings/qb-cheatsheets.php,redraft-qb,rp,Mason Rudolph,17234,QB,PIT,57.0,8.27,42,67,,mason-rudolph.php,,,0.7,,,,,14.0,9.0,Mason Rudolph,2026-08-07,PIT
/nfl/rankings/qb-cheatsheets.php,redraft-qb,rp,Will Howard,25972,QB,PIT,57.4,9.73,45,72,,will-howard.php,,,3.9,,,,,-11.0,9.0,Will Howard,2026-08-07,PIT
/nfl/rankings/qb-cheatsheets.php,redraft-qb,rp,Teddy Bridgewater,12088,QB,DET,58.8,11.29,44,68,,teddy-bridgewater.php,,,1.1,,,,,,6.0,Teddy Bridgewater,2026-08-07,DET
/nfl/rankings/qb-cheatsheets.php,redraft-qb,rp,Kyle Allen,17869,QB,BUF,59.0,7.62,50,69,,kyle-allen.php,,,0.8,,,,,-8.0,7.0,Kyle Allen,2026-08-07,BUF
/nfl/rankings/qb-cheatsheets.php,redraft-qb,rp,Drew Lock,18225,QB,SEA,59.2,4.17,53,66,,drew-lock.php,,,0.9,,,,,-8.0,11.0,Drew Lock,2026-08-07,SEA
/nfl/rankings/qb-cheatsheets.php,redraft-qb,rp,Taylen Green,28094,QB,CLE,59.6,15.3,36,77,,taylen-green.php,,,3.9,,,,,,11.0,Taylen Green,2026-08-07,CLE
/nfl/rankings/qb-cheatsheets.php,redraft-qb,rp,Tanner McKee,24740,QB,PHI,61.8,8.21,50,70,,tanner-mckee.php,,,2.0,,,,,12.0,10.0,Tanner McKee,2026-08-07,PHI
/nfl/rankings/qb-cheatsheets.php,redraft-qb,rp,Andy Dalton,9907,QB,PHI,62.2,6.31,57,74,,andy-dalton.php,,,0.7,,,,,,10.0,Andy Dalton,2026-08-07,PHI
/nfl/rankings/qb-cheatsheets.php,redraft-qb,rp,Nick Mullens,16726,QB,JAC,63.2,3.87,59,70,,nick-mullens.php,,,0.9,,,,,,7.0,Nick Mullens,2026-08-07,JAC
/nfl/rankings/qb-cheatsheets.php,redraft-qb,rp,Carson Wentz,15520,QB,MIN,74.29,16.5,54,102,,carson-wentz.php,,,0.8,,,,,,6.0,Carson Wentz,2026-08-07,MIN
/nfl/rankings/qb-cheatsheets.php,redraft-qb,rp,Tommy DeVito,25746,QB,NE,64.8,6.68,55,74,,tommy-devito.php,,,0.9,,,,,-11.0,11.0,Tommy DeVito,2026-08-07,NEP
/nfl/rankings/qb-cheatsheets.php,redraft-qb,rp,Will Levis,22987,QB,TEN,70.83,9.08,56,83,,will-levis.php,,,1.5,,,,,-7.0,9.0,Will Levis,2026-08-07,TEN
/nfl/rankings/qb-cheatsheets.php,redraft-qb,rp,Garrett Nussmeier,22998,QB,KC,71.83,6.82,61,79,,garrett-nussmeier.php,,,7.4,,,,,,5.0,Garrett Nussmeier,2026-08-07,KCC
/nfl/rankings/qb-cheatsheets.php,redraft-qb,rp,Aidan O'Connell,24330,QB,LV,70.0,13.64,48,82,,aidan-oconnell.php,,,0.6,,,,,,13.0,Aidan OConnell,2026-08-07,LVR
/nfl/rankings/qb-cheatsheets.php,redraft-qb,rp,Zach Wilson,22679,QB,NO,70.8,7.65,59,83,,zach-wilson.php,,,0.6,,,,,,8.0,Zach Wilson,2026-08-07,NOS
/nfl/rankings/qb-cheatsheets.php,redraft-qb,rp,Dillon Gabriel,23150,QB,CLE,72.0,10.83,61,91,,dillon-gabriel.php,,,0.6,,,,,,11.0,Dillon Gabriel,2026-08-07,CLE
/nfl/rankings/qb-cheatsheets.php,redraft-qb,rp,Brady Cook,27161,QB,NYJ,76.0,12.39,61,93,,brady-cook.php,,,0.6,,,,,,13.0,Brady Cook,2026-08-07,NYJ
/nfl/rankings/qb-cheatsheets.php,redraft-qb,rp,Josh Johnson,9326,QB,CIN,78.25,2.17,75,81,,josh-johnson.php,,,0.7,,,,,,6.0,Josh Johnson,2026-08-07,CIN
/nfl/rankings/qb-cheatsheets.php,redraft-qb,rp,Brandon Allen,15745,QB,NYG,81.0,11.68,64,97,,brandon-allen.php,,,0.0,,,,,,8.0,Brandon Allen,2026-08-07,NYG
/nfl/rankings/qb-cheatsheets.php,redraft-qb,rp,Hendon Hooker,24332,QB,TEN,82.0,21.65,55,108,,hendon-hooker.php,,,1.3,,,,,,9.0,Hendon Hooker,2026-08-07,TEN
/nfl/rankings/qb-cheatsheets.php,redraft-qb,rp,Sam Ehlinger,19803,QB,DEN,79.67,6.85,70,85,,sam-ehlinger.php,,,1.0,,,,,,10.0,Sam Ehlinger,2026-08-07,DEN
/nfl/rankings/qb-cheatsheets.php,redraft-qb,rp,Kyle McCord,23066,QB,GB,80.33,5.91,72,85,,kyle-mccord.php,,,1.0,,,,,,11.0,Kyle McCord,2026-08-07,GBP
/nfl/rankings/qb-cheatsheets.php,redraft-qb,rp,Luke Altmyer,28093,QB,DET,81.33,7.32,71,87,,luke-altmyer.php,,,0.0,,,,,,6.0,Luke Altmyer,2026-08-07,DET
/nfl/rankings/qb-cheatsheets.php,redraft-qb,rp,Shane Buechele,19376,QB,BUF,84.0,9.27,71,92,,shane-buechele.php,,,0.0,,,,,,7.0,Shane Buechele,2026-08-07,BUF
/nfl/rankings/qb-cheatsheets.php,redraft-qb,rp,Kurtis Rourke,27129,QB,SF,84.33,8.01,73,90,,kurtis-rourke.php,,,1.0,,,,,,8.0,Kurtis Rourke,2026-08-07,SFO
/nfl/rankings/qb-cheatsheets.php,redraft-qb,rp,Adrian Martinez,23040,QB,SF,88.67,18.41,67,112,,adrian-martinez.php,,,0.0,,,,,,8.0,Adrian Martinez,2026-08-07,SFO
/nfl/rankings/qb-cheatsheets.php,redraft-qb,rp,Behren Morton,23146,QB,NE,84.67,6.34,76,91,,behren-morton.php,,,0.0,,,,,,11.0,Behren Morton,2026-08-07,NEP
/nfl/rankings/qb-cheatsheets.php,redraft-qb,rp,Skylar Thompson,24170,QB,BAL,85.33,13.2,68,100,,skylar-thompson.php,,,1.0,,,,,-10.0,13.0,Skylar Thompson,2026-08-07,BAL
/nfl/rankings/qb-cheatsheets.php,redraft-qb,rp,Case Keenum,11425,QB,CHI,86.67,4.11,82,92,,case-keenum.php,,,0.6,,,,,,10.0,Case Keenum,2026-08-07,CHI
/nfl/rankings/qb-cheatsheets.php,redraft-qb,rp,Cam Miller,27289,QB,MIA,89.67,6.94,80,96,,cam-miller.php,,,1.0,,,,,,6.0,Cam Miller,2026-08-07,MIA
/nfl/rankings/qb-cheatsheets.php,redraft-qb,rp,Athan Kaliakmanis,28098,QB,WAS,91.0,2.45,88,94,,athan-kaliakmanis.php,,,0.0,,,,,,7.0,Athan Kaliakmanis,2026-08-07,WAS
/nfl/rankings/qb-cheatsheets.php,redraft-qb,rp,DJ Uiagalelei,22932,QB,LAC,91.33,2.62,89,95,,dj-uiagalelei.php,,,0.0,,,,,,7.0,DJ Uiagalelei,2026-08-07,LAC
/nfl/rankings/qb-cheatsheets.php,redraft-qb,rp,Max Brosmer,27580,QB,MIN,101.67,10.96,92,117,,max-brosmer.php,,,0.6,,,,,,6.0,Max Brosmer,2026-08-07,MIN
/nfl/rankings/qb-cheatsheets.php,redraft-qb,rp,Sam Hartman,24340,QB,WAS,101.33,9.1,93,114,,sam-hartman.php,,,0.0,,,,,,7.0,Sam Hartman,2026-08-07,WAS
/nfl/rankings/qb-cheatsheets.php,redraft-qb,rp,Bailey Zappe,24027,QB,NYJ,103.5,5.5,98,109,,bailey-zappe.php,,,1.1,,,,,,13.0,Bailey Zappe,2026-08-07,NYJ
/nfl/rankings/ppr-rb-cheatsheets.php,redraft-rb,rp,Jahmyr Gibbs,22968,RB,DET,1.54,0.57,1,3,,jahmyr-gibbs.php,,,99.4,,,,,,6.0,Jahmyr Gibbs,2026-08-07,DET
/nfl/rankings/ppr-rb-cheatsheets.php,redraft-rb,rp,Bijan Robinson,23133,RB,ATL,1.54,0.52,1,3,,bijan-robinson.php,,,99.4,,,,,,11.0,Bijan Robinson,2026-08-07,ATL
/nfl/rankings/ppr-rb-cheatsheets.php,redraft-rb,rp,Christian McCaffrey,16393,RB,SF,3.51,1.45,1,10,,christian-mccaffrey.php,,,99.5,,,,,,8.0,Christian McCaffrey,2026-08-07,SFO
/nfl/rankings/ppr-rb-cheatsheets.php,redraft-rb,rp,Jonathan Taylor,19217,RB,IND,4.59,1.49,3,11,,jonathan-taylor.php,,,99.3,,,,,,13.0,Jonathan Taylor,2026-08-07,IND
/nfl/rankings/ppr-rb-cheatsheets.php,redraft-rb,rp,Ashton Jeanty,25989,RB,LV,6.35,2.01,3,13,,ashton-jeanty.php,,,99.2,,,,,,13.0,Ashton Jeanty,2026-08-07,LVR
/nfl/rankings/ppr-rb-cheatsheets.php,redraft-rb,rp,Chase Brown,25324,RB,CIN,6.84,1.8,4,12,,chase-brown.php,,,98.7,,,,,,6.0,Chase Brown,2026-08-07,CIN
/nfl/rankings/ppr-rb-cheatsheets.php,redraft-rb,rp,James Cook III,22958,RB,BUF,7.15,1.99,3,12,,james-cook.php,,,99.5,,,,,,7.0,James Cook,2026-08-07,BUF
/nfl/rankings/ppr-rb-cheatsheets.php,redraft-rb,rp,De'Von Achane,23136,RB,MIA,7.79,2.05,4,12,,devon-achane.php,,,99.2,,,,,,6.0,DeVon Achane,2026-08-07,MIA
/nfl/rankings/ppr-rb-cheatsheets.php,redraft-rb,rp,Omarion Hampton,25395,RB,LAC,8.91,2.43,5,17,,omarion-hampton.php,,,98.7,,,,,,7.0,Omarion Hampton,2026-08-07,LAC
/nfl/rankings/ppr-rb-cheatsheets.php,redraft-rb,rp,Saquon Barkley,17240,RB,PHI,9.26,2.12,4,14,,saquon-barkley.php,,,99.4,,,,,,10.0,Saquon Barkley,2026-08-07,PHI
/nfl/rankings/ppr-rb-cheatsheets.php,redraft-rb,rp,Kenneth Walker III,23021,RB,KC,10.54,2.66,6,19,,kenneth-walker-rb.php,,,99.3,,,,,,5.0,Kenneth Walker,2026-08-07,KCC
/nfl/rankings/ppr-rb-cheatsheets.php,redraft-rb,rp,Derrick Henry,15514,RB,BAL,13.44,2.46,4,18,,derrick-henry.php,,,99.1,,,,,,13.0,Derrick Henry,2026-08-07,BAL
/nfl/rankings/ppr-rb-cheatsheets.php,redraft-rb,rp,Jeremiyah Love,25403,RB,ARI,13.56,2.65,10,23,,jeremiyah-love.php,,,98.2,,,,,,14.0,Jeremiyah Love,2026-08-07,ARI
/nfl/rankings/ppr-rb-cheatsheets.php,redraft-rb,rp,Breece Hall,22982,RB,NYJ,14.1,1.75,12,19,,breece-hall.php,,,97.6,,,,,,13.0,Breece Hall,2026-08-07,NYJ
/nfl/rankings/ppr-rb-cheatsheets.php,redraft-rb,rp,Kyren Williams,23059,RB,LAR,15.01,2.39,8,19,,kyren-williams.php,,,98.1,,,,,,11.0,Kyren Williams,2026-08-07,LAR
/nfl/rankings/ppr-rb-cheatsheets.php,redraft-rb,rp,Josh Jacobs,18269,RB,GB,16.0,2.58,9,23,,josh-jacobs.php,,,98.7,,,,,,11.0,Josh Jacobs,2026-08-07,GBP
/nfl/rankings/ppr-rb-cheatsheets.php,redraft-rb,rp,Javonte Williams,22739,RB,DAL,16.51,2.31,10,21,,javonte-williams.php,,,96.7,,,,,,14.0,Javonte Williams,2026-08-07,DAL
/nfl/rankings/ppr-rb-cheatsheets.php,redraft-rb,rp,Travis Etienne Jr.,19231,RB,NO,17.73,3.1,9,26,,travis-etienne.php,,,95.7,,,,,,8.0,Travis Etienne,2026-08-07,NOS
/nfl/rankings/ppr-rb-cheatsheets.php,redraft-rb,rp,Cam Skattebo,27166,RB,NYG,19.26,2.8,13,25,,cam-skattebo.php,,,96.5,,,,,,8.0,Cam Skattebo,2026-08-07,NYG
/nfl/rankings/ppr-rb-cheatsheets.php,redraft-rb,rp,D'Andre Swift,19210,RB,CHI,21.7,2.13,17,26,,dandre-swift.php,,,93.8,,,,,,10.0,DAndre Swift,2026-08-07,CHI
/nfl/rankings/ppr-rb-cheatsheets.php,redraft-rb,rp,Bucky Irving,25981,RB,TB,21.87,2.97,15,29,,bucky-irving.php,,,95.5,,,,,,10.0,Bucky Irving,2026-08-07,TBB
/nfl/rankings/ppr-rb-cheatsheets.php,redraft-rb,rp,Quinshon Judkins,25391,RB,CLE,21.89,2.68,15,29,,quinshon-judkins.php,,,93.7,,,,,,11.0,Quinshon Judkins,2026-08-07,CLE
/nfl/rankings/ppr-rb-cheatsheets.php,redraft-rb,rp,David Montgomery,18239,RB,HOU,22.3,2.92,16,30,,david-montgomery.php,,,93.4,,,,,,8.0,David Montgomery,2026-08-07,HOU
/nfl/rankings/ppr-rb-cheatsheets.php,redraft-rb,rp,TreVeyon Henderson,23065,RB,NE,23.02,3.12,14,31,,treveyon-henderson.php,,,93.4,,,,,,11.0,TreVeyon Henderson,2026-08-07,NEP
/nfl/rankings/ppr-rb-cheatsheets.php,redraft-rb,rp,Bhayshul Tuten,27297,RB,JAC,24.65,3.99,17,34,,bhayshul-tuten.php,,,90.1,,,,,,7.0,Bhayshul Tuten,2026-08-07,JAC
/nfl/rankings/ppr-rb-cheatsheets.php,redraft-rb,rp,Jaylen Warren,24209,RB,PIT,26.82,2.51,23,34,,jaylen-warren.php,,,90.5,,,,,,9.0,Jaylen Warren,2026-08-07,PIT
/nfl/rankings/ppr-rb-cheatsheets.php,redraft-rb,rp,Jadarian Price,27329,RB,SEA,28.16,4.77,18,51,,jadarian-price.php,,,91.0,,,,,,11.0,Jadarian Price,2026-08-07,SEA
/nfl/rankings/ppr-rb-cheatsheets.php,redraft-rb,rp,Rhamondre Stevenson,22726,RB,NE,29.33,2.91,23,38,,rhamondre-stevenson.php,,,86.4,,,,,,11.0,Rhamondre Stevenson,2026-08-07,NEP
/nfl/rankings/ppr-rb-cheatsheets.php,redraft-rb,rp,Tony Pollard,18705,RB,TEN,29.46,2.85,23,37,,tony-pollard.php,,,89.3,,,,,,9.0,Tony Pollard,2026-08-07,TEN
/nfl/rankings/ppr-rb-cheatsheets.php,redraft-rb,rp,Chuba Hubbard,19792,RB,CAR,30.16,3.55,24,39,,chuba-hubbard.php,,,88.1,,,,,,5.0,Chuba Hubbard,2026-08-07,CAR
/nfl/rankings/ppr-rb-cheatsheets.php,redraft-rb,rp,Rico Dowdle,19647,RB,PIT,31.37,3.29,24,41,,rico-dowdle.php,,,89.3,,,,,,9.0,Rico Dowdle,2026-08-07,PIT
/nfl/rankings/ppr-rb-cheatsheets.php,redraft-rb,rp,RJ Harvey,27142,RB,DEN,32.62,5.32,22,46,,rj-harvey.php,,,86.0,,,,,,10.0,RJ Harvey,2026-08-07,DEN
/nfl/rankings/ppr-rb-cheatsheets.php,redraft-rb,rp,J.K. Dobbins,19245,RB,DEN,34.37,3.77,25,46,,jk-dobbins.php,,,86.7,,,,,,10.0,JK Dobbins,2026-08-07,DEN
/nfl/rankings/ppr-rb-cheatsheets.php,redraft-rb,rp,Kenny Gainwell,23310,RB,TB,34.37,3.82,26,48,,kenneth-gainwell.php,,,81.0,,,,,,10.0,Kenny Gainwell,2026-08-07,TBB
/nfl/rankings/ppr-rb-cheatsheets.php,redraft-rb,rp,Kyle Monangai,27131,RB,CHI,35.61,3.12,28,44,,kyle-monangai.php,,,84.1,,,,,,10.0,Kyle Monangai,2026-08-07,CHI
/nfl/rankings/ppr-rb-cheatsheets.php,redraft-rb,rp,Rachaad White,23891,RB,WAS,35.71,3.76,25,45,,rachaad-white.php,,,79.8,,,,,,7.0,Rachaad White,2026-08-07,WAS
/nfl/rankings/ppr-rb-cheatsheets.php,redraft-rb,rp,Blake Corum,23013,RB,LAR,36.87,3.02,30,46,,blake-corum.php,,,82.0,,,,,,11.0,Blake Corum,2026-08-07,LAR
/nfl/rankings/ppr-rb-cheatsheets.php,redraft-rb,rp,Aaron Jones Sr.,16673,RB,MIN,37.09,3.66,27,45,,aaron-jones.php,,,83.4,,,,,,6.0,Aaron Jones,2026-08-07,MIN
/nfl/rankings/ppr-rb-cheatsheets.php,redraft-rb,rp,Jonathon Brooks,26148,RB,CAR,37.9,10.34,24,104,,jonathon-brooks.php,,,74.7,,,,,,5.0,Jonathon Brooks,2026-08-07,CAR
/nfl/rankings/ppr-rb-cheatsheets.php,redraft-rb,rp,Jacory Croskey-Merritt,27316,RB,WAS,40.33,3.29,33,49,,jacory-croskeymerritt.php,,,74.6,,,,,,7.0,Jacory Croskey-Merritt,2026-08-07,WAS
/nfl/rankings/ppr-rb-cheatsheets.php,redraft-rb,rp,Jordan Mason,22969,RB,MIN,40.72,3.86,32,54,,jordan-mason.php,,,70.5,,,,,,6.0,Jordan Mason,2026-08-07,MIN
/nfl/rankings/ppr-rb-cheatsheets.php,redraft-rb,rp,Tyrone Tracy Jr.,22980,RB,NYG,43.62,3.47,33,54,,tyrone-tracy-jr.php,,,40.0,,,,,,8.0,Tyrone Tracy,2026-08-07,NYG
/nfl/rankings/ppr-rb-cheatsheets.php,redraft-rb,rp,Woody Marks,27520,RB,HOU,45.57,4.67,34,59,,woody-marks.php,,,53.9,,,,,,8.0,Woody Marks,2026-08-07,HOU
/nfl/rankings/ppr-rb-cheatsheets.php,redraft-rb,rp,Tyler Allgeier,24172,RB,ARI,45.6,4.47,35,61,,tyler-allgeier.php,,,46.0,,,,,,14.0,Tyler Allgeier,2026-08-07,ARI
/nfl/rankings/ppr-rb-cheatsheets.php,redraft-rb,rp,Chris Rodriguez Jr.,22986,RB,JAC,46.77,5.1,38,60,,chris-rodriguez-jr.php,,,40.7,,,,,,7.0,Chris Rodriguez,2026-08-07,JAC
/nfl/rankings/ppr-rb-cheatsheets.php,redraft-rb,rp,Tyjae Spears,25323,RB,TEN,47.01,4.98,36,60,,tyjae-spears.php,,,46.9,,,,,,9.0,Tyjae Spears,2026-08-07,TEN
/nfl/rankings/ppr-rb-cheatsheets.php,redraft-rb,rp,Alvin Kamara,16421,RB,NO,47.83,5.34,34,61,,alvin-kamara.php,,,52.4,,,,,,8.0,Alvin Kamara,2026-08-07,NOS
/nfl/rankings/ppr-rb-cheatsheets.php,redraft-rb,rp,Zach Charbonnet,23152,RB,SEA,46.95,6.46,35,69,,zach-charbonnet.php,,,70.4,,,,,,11.0,Zach Charbonnet,2026-08-07,SEA
/nfl/rankings/ppr-rb-cheatsheets.php,redraft-rb,rp,Dylan Sampson,27102,RB,CLE,48.56,4.4,41,63,,dylan-sampson.php,,,24.1,,,,,,11.0,Dylan Sampson,2026-08-07,CLE
/nfl/rankings/ppr-rb-cheatsheets.php,redraft-rb,rp,Isiah Pacheco,24333,RB,DET,49.49,4.46,38,62,,isiah-pacheco.php,,,51.9,,,,,,6.0,Isiah Pacheco,2026-08-07,DET
/nfl/rankings/ppr-rb-cheatsheets.php,redraft-rb,rp,Keaton Mitchell,25360,RB,LAC,51.44,11.18,38,135,,keaton-mitchell.php,,,33.5,,,,,,7.0,Keaton Mitchell,2026-08-07,LAC
/nfl/rankings/ppr-rb-cheatsheets.php,redraft-rb,rp,Jonah Coleman,27320,RB,DEN,53.81,10.12,42,107,,jonah-coleman.php,,,33.7,,,,,,10.0,Jonah Coleman,2026-08-07,DEN
/nfl/rankings/ppr-rb-cheatsheets.php,redraft-rb,rp,Tank Bigsby,22908,RB,PHI,55.11,5.71,45,69,,tank-bigsby.php,,,31.3,,,,,,10.0,Tank Bigsby,2026-08-07,PHI
/nfl/rankings/ppr-rb-cheatsheets.php,redraft-rb,rp,Brian Robinson Jr.,20094,RB,ATL,55.17,4.15,44,69,,brian-robinson-jr.php,,,37.5,,,,,,11.0,Brian Robinson,2026-08-07,ATL
/nfl/rankings/ppr-rb-cheatsheets.php,redraft-rb,rp,Braelon Allen,24346,RB,NYJ,57.62,6.63,43,79,,braelon-allen.php,,,20.6,,,,,,13.0,Braelon Allen,2026-08-07,NYJ
/nfl/rankings/ppr-rb-cheatsheets.php,redraft-rb,rp,Ray Davis,26191,RB,BUF,60.83,7.08,50,89,,ray-davis.php,,,15.4,,,,,,7.0,Ray Davis,2026-08-07,BUF
/nfl/rankings/ppr-rb-cheatsheets.php,redraft-rb,rp,Kimani Vidal,26355,RB,LAC,60.42,5.89,49,80,,kimani-vidal.php,,,14.2,,,,,,7.0,Kimani Vidal,2026-08-07,LAC
/nfl/rankings/ppr-rb-cheatsheets.php,redraft-rb,rp,Sean Tucker,23679,RB,TB,60.76,9.14,47,111,,sean-tucker.php,,,19.0,,,,,,10.0,Sean Tucker,2026-08-07,TBB
/nfl/rankings/ppr-rb-cheatsheets.php,redraft-rb,rp,James Conner,16447,RB,ARI,58.57,9.38,34,93,,james-conner.php,,,28.5,,,,,,14.0,James Conner,2026-08-07,ARI
/nfl/rankings/ppr-rb-cheatsheets.php,redraft-rb,rp,Emmett Johnson,28107,RB,KC,60.5,9.0,49,113,,emmett-johnson.php,,,26.6,,,,,,5.0,Emmett Johnson,2026-08-07,KCC
/nfl/rankings/ppr-rb-cheatsheets.php,redraft-rb,rp,Mike Washington Jr.,28108,RB,LV,63.38,8.77,50,114,,mike-washington-jr.php,,,25.5,,,,,,13.0,Mike Washington,2026-08-07,LVR
/nfl/rankings/ppr-rb-cheatsheets.php,redraft-rb,rp,Emanuel Wilson,25885,RB,SEA,63.61,7.8,45,87,,emanuel-wilson.php,,,13.0,,,,,,11.0,Emanuel Wilson,2026-08-07,SEA
/nfl/rankings/ppr-rb-cheatsheets.php,redraft-rb,rp,Nicholas Singleton,24343,RB,TEN,64.18,10.0,46,105,,nick-singleton.php,,,25.3,,,,,,9.0,Nicholas Singleton,2026-08-07,TEN
/nfl/rankings/ppr-rb-cheatsheets.php,redraft-rb,rp,Kaytron Allen,24362,RB,WAS,66.31,10.58,51,116,,kaytron-allen.php,,,21.1,,,,,,7.0,Kaytron Allen,2026-08-07,WAS
/nfl/rankings/ppr-rb-cheatsheets.php,redraft-rb,rp,MarShawn Lloyd,23118,RB,GB,69.26,14.78,46,136,,marshawn-lloyd.php,,,9.3,,,,,,11.0,MarShawn Lloyd,2026-08-07,GBP
/nfl/rankings/ppr-rb-cheatsheets.php,redraft-rb,rp,Jaydon Blue,24344,RB,DAL,69.07,10.9,49,95,,jaydon-blue.php,,,11.1,,,,,,14.0,Jaydon Blue,2026-08-07,DAL
/nfl/rankings/ppr-rb-cheatsheets.php,redraft-rb,rp,Jaylen Wright,25987,RB,MIA,66.84,6.41,51,86,,jaylen-wright.php,,,10.2,,,,,,6.0,Jaylen Wright,2026-08-07,MIA
/nfl/rankings/ppr-rb-cheatsheets.php,redraft-rb,rp,Ollie Gordon II,25984,RB,MIA,70.47,6.39,56,86,,ollie-gordon.php,,,4.2,,,,,,6.0,Ollie Gordon,2026-08-07,MIA
/nfl/rankings/ppr-rb-cheatsheets.php,redraft-rb,rp,Justice Hill,18256,RB,BAL,69.83,9.24,49,95,,justice-hill.php,,,9.3,,,,,,13.0,Justice Hill,2026-08-07,BAL
/nfl/rankings/ppr-rb-cheatsheets.php,redraft-rb,rp,Isaiah Davis,25977,RB,NYJ,71.96,7.92,57,95,,isaiah-davis.php,,,3.3,,,,,,13.0,Isaiah Davis,2026-08-07,NYJ
/nfl/rankings/ppr-rb-cheatsheets.php,redraft-rb,rp,George Holani,22915,RB,SEA,74.72,12.7,54,128,,george-holani.php,,,7.8,,,,,,11.0,George Holani,2026-08-07,SEA
/nfl/rankings/ppr-rb-cheatsheets.php,redraft-rb,rp,Demond Claiborne,28084,RB,MIN,73.65,10.81,53,115,,demond-claiborne.php,,,16.0,,,,,,6.0,Demond Claiborne,2026-08-07,MIN
/nfl/rankings/ppr-rb-cheatsheets.php,redraft-rb,rp,DJ Giddens,27097,RB,IND,76.64,6.75,63,97,,dj-giddens.php,,,2.9,,,,,,13.0,DJ Giddens,2026-08-07,IND
/nfl/rankings/ppr-rb-cheatsheets.php,redraft-rb,rp,Jordan James,27310,RB,SF,78.6,11.41,59,116,,jordan-james.php,,,9.9,,,,,,8.0,Jordan James,2026-08-07,SFO
/nfl/rankings/ppr-rb-cheatsheets.php,redraft-rb,rp,Ty Johnson,18406,RB,BUF,74.35,8.15,56,110,,ty-johnson.php,,,3.2,,,,,,7.0,Ty Johnson,2026-08-07,BUF
/nfl/rankings/ppr-rb-cheatsheets.php,redraft-rb,rp,Chris Brooks,25823,RB,GB,76.9,10.86,52,139,,christopher-brooks.php,,,6.3,,,,,,11.0,Chris Brooks,2026-08-07,GBP
/nfl/rankings/ppr-rb-cheatsheets.php,redraft-rb,rp,Samaje Perine,16423,RB,CIN,79.37,11.56,51,119,,samaje-perine.php,,,5.1,,,,,,6.0,Samaje Perine,2026-08-07,CIN
/nfl/rankings/ppr-rb-cheatsheets.php,redraft-rb,rp,LeQuint Allen Jr.,27285,RB,JAC,76.19,8.52,52,101,,lequint-allen-jr.php,,,5.0,,,,,,7.0,LeQuint Allen,2026-08-07,JAC
/nfl/rankings/ppr-rb-cheatsheets.php,redraft-rb,rp,Devin Neal,23682,RB,NO,79.87,11.9,61,138,,devin-neal.php,,,6.3,,,,,,8.0,Devin Neal,2026-08-07,NOS
/nfl/rankings/ppr-rb-cheatsheets.php,redraft-rb,rp,Trey Benson,25388,RB,ARI,78.79,15.15,45,158,,trey-benson.php,,,12.1,,,,,,14.0,Trey Benson,2026-08-07,ARI
/nfl/rankings/ppr-rb-cheatsheets.php,redraft-rb,rp,Malik Davis,24205,RB,DAL,81.8,9.53,57,99,,malik-davis.php,,,3.0,,,,,,14.0,Malik Davis,2026-08-07,DAL
/nfl/rankings/ppr-rb-cheatsheets.php,redraft-rb,rp,Kaelon Black,28401,RB,SF,80.12,14.37,53,100,,kaelon-black.php,,,12.9,,,,,,8.0,Kaelon Black,2026-08-07,SFO
/nfl/rankings/ppr-rb-cheatsheets.php,redraft-rb,rp,Kaleb Johnson,27165,RB,PIT,78.52,10.27,64,112,,kaleb-johnson-rb.php,,,8.2,,,,,,9.0,Kaleb Johnson,2026-08-07,PIT
/nfl/rankings/ppr-rb-cheatsheets.php,redraft-rb,rp,Emari Demercado,25654,RB,KC,84.72,12.28,47,124,,emari-demercado.php,,,2.4,,,,,,5.0,Emari Demercado,2026-08-07,KCC
/nfl/rankings/ppr-rb-cheatsheets.php,redraft-rb,rp,Kendre Miller,24360,RB,NO,82.16,10.74,55,109,,kendre-miller.php,,,5.6,,,,,,8.0,Kendre Miller,2026-08-07,NOS
/nfl/rankings/ppr-rb-cheatsheets.php,redraft-rb,rp,Devin Singletary,18280,RB,NYG,84.56,6.66,67,98,,devin-singletary.php,,,1.3,,,,,,8.0,Devin Singletary,2026-08-07,NYG
/nfl/rankings/ppr-rb-cheatsheets.php,redraft-rb,rp,Brashard Smith,27259,RB,KC,83.1,12.73,68,156,,brashard-smith.php,,,4.8,,,,,,5.0,Brashard Smith,2026-08-07,KCC
/nfl/rankings/ppr-rb-cheatsheets.php,redraft-rb,rp,Adam Randall,24367,RB,BAL,84.85,9.33,67,101,,adam-randall.php,,,5.3,,,,,,13.0,Adam Randall,2026-08-07,BAL
/nfl/rankings/ppr-rb-cheatsheets.php,redraft-rb,rp,Jerome Ford,22921,RB,WAS,84.68,10.62,58,133,,jerome-ford.php,,,3.4,,,,,,7.0,Jerome Ford,2026-08-07,WAS
/nfl/rankings/ppr-rb-cheatsheets.php,redraft-rb,rp,Tahj Brooks,26212,RB,CIN,88.27,13.07,60,149,,tahj-brooks.php,,,1.5,,,,,,6.0,Tahj Brooks,2026-08-07,CIN
/nfl/rankings/ppr-rb-cheatsheets.php,redraft-rb,rp,Seth McGowan,23079,RB,IND,87.51,9.08,68,103,,seth-mcgowan.php,,,4.5,,,,,,13.0,Seth McGowan,2026-08-07,IND
/nfl/rankings/ppr-rb-cheatsheets.php,redraft-rb,rp,Najee Harris,19302,RB,LAC,82.48,8.8,64,100,,najee-harris-rb.php,,,6.8,,,,,,7.0,Najee Harris,2026-08-07,LAC
/nfl/rankings/ppr-rb-cheatsheets.php,redraft-rb,rp,Trevor Etienne,25393,RB,CAR,92.92,8.44,74,140,,trevor-etienne.php,,,1.5,,,,,,5.0,Trevor Etienne,2026-08-07,CAR
/nfl/rankings/ppr-rb-cheatsheets.php,redraft-rb,rp,Jarquez Hunter,24335,RB,LAR,91.11,8.87,70,120,,jarquez-hunter.php,,,3.5,,,,,,11.0,Jarquez Hunter,2026-08-07,LAR
/nfl/rankings/ppr-rb-cheatsheets.php,redraft-rb,rp,Jaleel McLaughlin,25876,RB,DEN,86.9,7.35,67,100,,jaleel-mclaughlin.php,,,0.7,,,,,,10.0,Jaleel McLaughlin,2026-08-07,DEN
/nfl/rankings/ppr-rb-cheatsheets.php,redraft-rb,rp,Isaac Guerendo,26392,RB,SF,92.49,9.48,72,134,,isaac-guerendo.php,,,2.0,,,,,,8.0,Isaac Guerendo,2026-08-07,SFO
/nfl/rankings/ppr-rb-cheatsheets.php,redraft-rb,rp,Audric Estime,23054,RB,NO,92.66,7.65,71,105,,audric-estime.php,,,3.6,,,,,,8.0,Audric Estime,2026-08-07,NOS
/nfl/rankings/ppr-rb-cheatsheets.php,redraft-rb,rp,Will Shipley,22930,RB,PHI,96.78,6.97,73,121,,will-shipley.php,,,1.3,,,,,,10.0,Will Shipley,2026-08-07,PHI
/nfl/rankings/ppr-rb-cheatsheets.php,redraft-rb,rp,Kareem Hunt,16425,RB,FA,94.88,9.71,53,121,,kareem-hunt.php,,,1.3,,,,,,,Kareem Hunt,2026-08-07,FA
/nfl/rankings/ppr-rb-cheatsheets.php,redraft-rb,rp,Joe Mixon,16420,RB,FA,91.89,10.13,65,106,,joe-mixon.php,,,10.4,,,,,,,Joe Mixon,2026-08-07,FA
/nfl/rankings/ppr-rb-cheatsheets.php,redraft-rb,rp,Eli Heidenreich,28297,RB,PIT,94.56,11.98,71,131,,eli-heidenreich.php,,,2.0,,,,,,9.0,Eli Heidenreich,2026-08-07,PIT
/nfl/rankings/ppr-rb-cheatsheets.php,redraft-rb,rp,Bam Knight,24901,RB,ARI,95.11,9.38,70,112,,zonovan-bam-knight.php,,,0.7,,,,,,14.0,Bam Knight,2026-08-07,ARI
/nfl/rankings/ppr-rb-cheatsheets.php,redraft-rb,rp,Michael Carter,22728,RB,TEN,98.65,17.06,55,151,,michael-carter-rb.php,,,0.6,,,,,,9.0,Michael Carter,2026-08-07,TEN
/nfl/rankings/ppr-rb-cheatsheets.php,redraft-rb,rp,Jawhar Jordan,26329,RB,HOU,94.95,17.02,54,124,,jawhar-jordan.php,,,0.7,,,,,,8.0,Jawhar Jordan,2026-08-07,HOU
/nfl/rankings/ppr-rb-cheatsheets.php,redraft-rb,rp,J'Mari Taylor,28109,RB,JAC,101.05,12.43,90,152,,jmari-taylor.php,,,3.9,,,,,,7.0,JMari Taylor,2026-08-07,JAC
/nfl/rankings/ppr-rb-cheatsheets.php,redraft-rb,rp,Nick Chubb,17246,RB,FA,96.0,13.5,58,109,,nick-chubb.php,,,0.9,,,,,,,Nick Chubb,2026-08-07,FA
/nfl/rankings/ppr-rb-cheatsheets.php,redraft-rb,rp,Raheim Sanders,24351,RB,CLE,94.5,16.01,61,131,,raheim-sanders.php,,,0.6,,,,,,11.0,Raheim Sanders,2026-08-07,CLE
/nfl/rankings/ppr-rb-cheatsheets.php,redraft-rb,rp,Phil Mafah,22928,RB,DAL,97.57,15.09,61,117,,phil-mafah.php,,,0.9,,,,,,14.0,Phil Mafah,2026-08-07,DAL
/nfl/rankings/ppr-rb-cheatsheets.php,redraft-rb,rp,Kyle Juszczyk,11798,RB,SF,84.64,17.55,60,108,,kyle-juszczyk.php,,,1.0,,,,,,8.0,Kyle Juszczyk,2026-08-07,SFO
/nfl/rankings/ppr-rb-cheatsheets.php,redraft-rb,rp,Austin Ekeler,16483,RB,FA,103.92,8.99,78,113,,austin-ekeler.php,,,1.6,,,,,,,Austin Ekeler,2026-08-07,FA
/nfl/rankings/ppr-rb-cheatsheets.php,redraft-rb,rp,Dameon Pierce,22947,RB,PHI,107.17,10.37,91,132,,dameon-pierce.php,,,0.8,,,,,,10.0,Dameon Pierce,2026-08-07,PHI
/nfl/rankings/ppr-rb-cheatsheets.php,redraft-rb,rp,Jam Miller,27326,RB,NE,103.82,12.71,74,125,,jam-miller.php,,,1.3,,,,,,11.0,Jam Miller,2026-08-07,NEP
/nfl/rankings/ppr-rb-cheatsheets.php,redraft-rb,rp,Roschon Johnson,25322,RB,CHI,108.18,14.29,85,140,,roschon-johnson.php,,,0.6,,,,,,10.0,Roschon Johnson,2026-08-07,CHI
/nfl/rankings/ppr-rb-cheatsheets.php,redraft-rb,rp,Sione Vaki,26309,RB,DET,101.0,9.25,91,119,,sione-vaki.php,,,0.6,,,,,,6.0,Sione Vaki,2026-08-07,DET
/nfl/rankings/ppr-rb-cheatsheets.php,redraft-rb,rp,Rasheen Ali,25983,RB,BAL,107.4,21.23,74,161,,rasheen-ali.php,,,1.1,,,,,,13.0,Rasheen Ali,2026-08-07,BAL
/nfl/rankings/ppr-rb-cheatsheets.php,redraft-rb,rp,Terrell Jennings,26964,RB,NE,106.56,12.64,81,125,,terrell-jennings.php,,,0.6,,,,,,11.0,Terrell Jennings,2026-08-07,NEP
/nfl/rankings/ppr-rb-cheatsheets.php,redraft-rb,rp,Damien Martinez,25976,RB,GB,111.44,9.56,101,129,,damien-martinez.php,,,0.7,,,,,,11.0,Damien Martinez,2026-08-07,GBP
/nfl/rankings/ppr-rb-cheatsheets.php,redraft-rb,rp,Jeremy McNichols,16445,RB,WAS,102.43,21.91,70,132,,jeremy-mcnichols.php,,,0.6,,,,,,7.0,Jeremy McNichols,2026-08-07,WAS
/nfl/rankings/ppr-rb-cheatsheets.php,redraft-rb,rp,Zavier Scott,25748,RB,MIN,109.25,9.74,92,121,,zavier-scott.php,,,0.6,,,,,,6.0,Zavier Scott,2026-08-07,MIN
/nfl/rankings/ppr-rb-cheatsheets.php,redraft-rb,rp,Robert Henry Jr.,28404,RB,WAS,116.44,7.7,104,126,,robert-henry-jr.php,,,0.0,,,,,,7.0,Robert Henry,2026-08-07,WAS
/nfl/rankings/ppr-rb-cheatsheets.php,redraft-rb,rp,Hunter Luepke,25941,RB,DAL,107.0,18.33,84,130,,hunter-luepke.php,,,0.7,,,,,,14.0,Hunter Luepke,2026-08-07,DAL
/nfl/rankings/ppr-rb-cheatsheets.php,redraft-rb,rp,Jaret Patterson,20155,RB,LAC,110.5,19.44,74,138,,jaret-patterson.php,,,1.1,,,,,,7.0,Jaret Patterson,2026-08-07,LAC
/nfl/rankings/ppr-rb-cheatsheets.php,redraft-rb,rp,Tyler Goodson,22976,RB,ATL,111.67,15.78,91,138,,tyler-goodson.php,,,0.7,,,,,,11.0,Tyler Goodson,2026-08-07,ATL
/nfl/rankings/ppr-rb-cheatsheets.php,redraft-rb,rp,Ty Chandler,19471,RB,NO,111.83,16.23,90,128,,ty-chandler.php,,,0.7,,,,,,8.0,Ty Chandler,2026-08-07,NOS
/nfl/rankings/ppr-rb-cheatsheets.php,redraft-rb,rp,Antonio Gibson,19624,RB,FA,104.6,16.21,75,122,,antonio-gibson.php,,,1.3,,,,,,,Antonio Gibson,2026-08-07,FA
/nfl/rankings/ppr-rb-cheatsheets.php,redraft-rb,rp,Khalil Herbert,22763,RB,SF,105.6,22.76,74,134,,khalil-herbert.php,,,1.4,,,,,,8.0,Khalil Herbert,2026-08-07,SFO
/nfl/rankings/ppr-rb-cheatsheets.php,redraft-rb,rp,Dylan Laube,26194,RB,LV,106.0,12.7,90,122,,dylan-laube.php,,,0.6,,,,,,13.0,Dylan Laube,2026-08-07,LVR
/nfl/rankings/ppr-rb-cheatsheets.php,redraft-rb,rp,Miles Sanders,18283,RB,FA,109.2,18.53,84,133,,miles-sanders.php,,,1.0,,,,,,,Miles Sanders,2026-08-07,FA
/nfl/rankings/ppr-rb-cheatsheets.php,redraft-rb,rp,Roman Hemby,25387,RB,LV,119.0,16.36,96,141,,roman-hemby.php,,,0.0,,,,,,13.0,Roman Hemby,2026-08-07,LVR
/nfl/rankings/ppr-rb-cheatsheets.php,redraft-rb,rp,Jaydn Ott,25394,RB,KC,111.6,9.65,101,129,,jaydn-ott.php,,,1.0,,,,,,5.0,Jaydn Ott,2026-08-07,KCC
/nfl/rankings/ppr-rb-cheatsheets.php,redraft-rb,rp,Cash Jones,28124,RB,ATL,101.5,15.24,80,123,,cash-jones.php,,,0.0,,,,,,11.0,Cash Jones,2026-08-07,ATL
/nfl/rankings/ppr-rb-cheatsheets.php,redraft-rb,rp,Myles Montgomery,28450,RB,NE,114.6,9.79,102,130,,myles-montgomery.php,,,0.0,,,,,,11.0,Myles Montgomery,2026-08-07,NEP
/nfl/rankings/ppr-rb-cheatsheets.php,redraft-rb,rp,Raheem Mostert,14338,RB,LV,115.4,22.47,85,135,,raheem-mostert.php,,,0.6,,,,,,13.0,Raheem Mostert,2026-08-07,LVR
/nfl/rankings/ppr-rb-cheatsheets.php,redraft-rb,rp,Ronnie Rivers,23986,RB,LAR,119.4,14.51,98,136,,ronnie-rivers.php,,,0.6,,,,,,11.0,Ronnie Rivers,2026-08-07,LAR
/nfl/rankings/ppr-rb-cheatsheets.php,redraft-rb,rp,Frank Gore Jr.,25980,RB,BUF,121.0,25.85,78,153,,frank-gore-jr.php,,,0.6,,,,,,7.0,Frank Gore,2026-08-07,BUF
/nfl/rankings/ppr-rb-cheatsheets.php,redraft-rb,rp,Reggie Gilliam,19844,RB,NE,113.5,19.7,87,139,,reggie-gilliam.php,,,0.1,,,,,,11.0,Reggie Gilliam,2026-08-07,NEP
/nfl/rankings/ppr-rb-cheatsheets.php,redraft-rb,rp,Noah Whittington,28115,RB,HOU,123.8,12.53,108,143,,noah-whittington.php,,,0.0,,,,,,8.0,Noah Whittington,2026-08-07,HOU
/nfl/rankings/ppr-rb-cheatsheets.php,redraft-rb,rp,Donovan Edwards,23014,RB,MIA,124.4,26.77,86,157,,donovan-edwards.php,,,1.0,,,,,,6.0,Donovan Edwards,2026-08-07,MIA
/nfl/rankings/ppr-rb-cheatsheets.php,redraft-rb,rp,Elijah Tau-Tolliver,28757,RB,BAL,120.75,24.56,85,145,,elijah-tau-tolliver.php,,,0.0,,,,,,13.0,Elijah Tau-Tolliver,2026-08-07,BAL
/nfl/rankings/ppr-rb-cheatsheets.php,redraft-rb,rp,Jacob Saylors,25693,RB,DET,111.33,25.42,82,144,,jacob-saylors.php,,,0.1,,,,,,6.0,Jacob Saylors,2026-08-07,DET
/nfl/rankings/ppr-rb-cheatsheets.php,redraft-rb,rp,AJ Dillon,19358,RB,CAR,130.4,24.03,83,148,,aj-dillon.php,,,0.6,,,,,,5.0,AJ Dillon,2026-08-07,CAR
/nfl/rankings/ppr-rb-cheatsheets.php,redraft-rb,rp,Kalel Mullings,27045,RB,TEN,130.8,20.29,96,149,,kalel-mullings.php,,,1.0,,,,,,9.0,Kalel Mullings,2026-08-07,TEN
/nfl/rankings/ppr-rb-cheatsheets.php,redraft-rb,rp,Miles Davis,28906,RB,CAR,124.5,15.27,102,140,,miles-davis.php,,,0.0,,,,,,5.0,Miles Davis,2026-08-07,CAR
/nfl/rankings/ppr-rb-cheatsheets.php,redraft-rb,rp,Salvon Ahmed,19449,RB,CHI,124.75,28.49,76,148,,salvon-ahmed.php,,,0.1,,,,,,10.0,Salvon Ahmed,2026-08-07,CHI
/nfl/rankings/ppr-rb-cheatsheets.php,redraft-rb,rp,Alec Ingold,18571,RB,LAC,125.0,29.04,76,149,,alec-ingold.php,,,0.6,,,,,,7.0,Alec Ingold,2026-08-07,LAC
/nfl/rankings/ppr-rb-cheatsheets.php,redraft-rb,rp,Pierre Strong Jr.,24173,RB,GB,125.75,13.4,103,136,,pierre-strong-jr.php,,,0.6,,,,,,11.0,Pierre Strong,2026-08-07,GBP
/nfl/rankings/ppr-rb-cheatsheets.php,redraft-rb,rp,Elijah Mitchell,22813,RB,PHI,133.8,15.83,112,159,,elijah-mitchell-rb.php,,,0.7,,,,,,10.0,Elijah Mitchell,2026-08-07,PHI
/nfl/rankings/ppr-rb-cheatsheets.php,redraft-rb,rp,Jordan Waters,26395,RB,LAR,123.0,36.58,72,156,,jordan-waters.php,,,0.0,,,,,,11.0,Jordan Waters,2026-08-07,LAR
/nfl/rankings/ppr-rb-cheatsheets.php,redraft-rb,rp,Tyler Badie,23812,RB,DEN,124.0,13.74,111,143,,tyler-badie.php,,,1.0,,,,,21.0,10.0,Tyler Badie,2026-08-07,DEN
/nfl/rankings/ppr-rb-cheatsheets.php,redraft-rb,rp,Chip Trayanum,28114,RB,NYJ,132.5,15.56,110,147,,chip-trayanum.php,,,1.2,,,,,20.0,13.0,Chip Trayanum,2026-08-07,NYJ
/nfl/rankings/ppr-rb-cheatsheets.php,redraft-rb,rp,Sincere McCormick,23172,RB,SF,125.33,29.23,84,146,,sincere-mccormick.php,,,1.0,,,,,,8.0,Sincere McCormick,2026-08-07,SFO
/nfl/rankings/ppr-rb-cheatsheets.php,redraft-rb,rp,Patrick Ricard,17145,RB,NYG,110.0,32.0,78,142,,patrick-ricard.php,,,0.8,,,,,,8.0,Patrick Ricard,2026-08-07,NYG
/nfl/rankings/ppr-rb-cheatsheets.php,redraft-rb,rp,British Brooks,26748,RB,HOU,110.5,8.5,102,119,,british-brooks.php,,,0.0,,,,,,8.0,British Brooks,2026-08-07,HOU
/nfl/rankings/ppr-rb-cheatsheets.php,redraft-rb,rp,Adam Prentice,23451,RB,DEN,133.75,25.88,89,151,,adam-prentice.php,,,0.6,,,,,,10.0,Adam Prentice,2026-08-07,DEN
/nfl/rankings/ppr-rb-cheatsheets.php,redraft-rb,rp,Jacardia Wright,27781,RB,SEA,112.5,25.5,87,138,,jacardia-wright.php,,,0.0,,,,,,11.0,Jacardia Wright,2026-08-07,SEA
/nfl/rankings/ppr-rb-cheatsheets.php,redraft-rb,rp,Cam Akers,19268,RB,FA,135.5,10.23,124,152,,cam-akers.php,,,1.0,,,,,,,Cam Akers,2026-08-07,FA
/nfl/rankings/ppr-rb-cheatsheets.php,redraft-rb,rp,Alexander Mattison,18621,RB,FA,115.5,20.5,95,136,,alexander-mattison.php,,,1.0,,,,,-20.0,,Alexander Mattison,2026-08-07,FA
/nfl/rankings/ppr-rb-cheatsheets.php,redraft-rb,rp,Corey Kiner,22997,RB,ARI,115.5,2.5,113,118,,corey-kiner.php,,,1.0,,,,,,14.0,Corey Kiner,2026-08-07,ARI
/nfl/rankings/ppr-rb-cheatsheets.php,redraft-rb,rp,Ameer Abdullah,13924,RB,JAC,116.0,34.0,82,150,,ameer-abdullah.php,,,0.6,,,,,,7.0,Ameer Abdullah,2026-08-07,JAC
/nfl/rankings/ppr-rb-cheatsheets.php,redraft-rb,rp,Zamir White,20095,RB,LV,130.0,18.38,108,153,,zamir-white.php,,,1.6,,,,,,13.0,Zamir White,2026-08-07,LVR
/nfl/rankings/ppr-rb-cheatsheets.php,redraft-rb,rp,CJ Donaldson,25396,RB,NO,123.5,1.5,122,125,,cj-donaldson.php,,,2.3,,,,,,8.0,CJ Donaldson,2026-08-07,NOS
/nfl/rankings/ppr-rb-cheatsheets.php,redraft-rb,rp,Michael Burton,14191,RB,CLE,125.0,17.0,108,142,,michael-burton.php,,,0.6,,,,,,11.0,Michael Burton,2026-08-07,CLE
/nfl/rankings/ppr-rb-cheatsheets.php,redraft-rb,rp,Amar Johnson,27696,RB,LAC,125.5,0.5,125,126,,amar-johnson.php,,,0.0,,,,,,7.0,Amar Johnson,2026-08-07,LAC
/nfl/rankings/ppr-rb-cheatsheets.php,redraft-rb,rp,Jamal Haynes,27328,RB,CIN,127.0,7.0,120,134,,jamal-haynes.php,,,0.0,,,,,,6.0,Jamal Haynes,2026-08-07,CIN
/nfl/rankings/ppr-rb-cheatsheets.php,redraft-rb,rp,Dontae McMillan,28717,RB,BAL,129.0,11.0,118,140,,dontae-mcmillan.php,,,0.0,,,,,,13.0,Dontae McMillan,2026-08-07,BAL
/nfl/rankings/ppr-rb-cheatsheets.php,redraft-rb,rp,Terion Stewart,28111,RB,KC,133.5,20.5,113,154,,terion-stewart.php,,,0.0,,,,,,5.0,Terion Stewart,2026-08-07,KCC
/nfl/rankings/ppr-rb-cheatsheets.php,redraft-rb,rp,Josh Williams,27444,RB,TB,134.0,12.0,122,146,,josh-williams-rb.php,,,0.1,,,,,,10.0,Josh Williams,2026-08-07,TBB
/nfl/rankings/ppr-rb-cheatsheets.php,redraft-rb,rp,Julius Chestnut,24689,RB,TEN,135.5,11.5,124,147,,julius-chestnut.php,,,0.7,,,,,,9.0,Julius Chestnut,2026-08-07,TEN
/nfl/rankings/ppr-rb-cheatsheets.php,redraft-rb,rp,Kentrel Bullock,28122,RB,CIN,135.5,5.5,130,141,,kentrel-bullock.php,,,0.0,,,,,,6.0,Kentrel Bullock,2026-08-07,CIN
/nfl/rankings/ppr-rb-cheatsheets.php,redraft-rb,rp,DeeJay Dallas,19521,RB,JAC,139.5,2.5,137,142,,deejay-dallas.php,,,0.1,,,,,,7.0,DeeJay Dallas,2026-08-07,JAC
/nfl/rankings/ppr-rb-cheatsheets.php,redraft-rb,rp,Brittain Brown,24572,RB,CHI,140.0,5.0,135,145,,brittain-brown.php,,,1.4,,,,,-23.0,10.0,Brittain Brown,2026-08-07,CHI
/nfl/rankings/ppr-rb-cheatsheets.php,redraft-rb,rp,Clyde Edwards-Helaire,19325,RB,FA,142.0,2.0,140,144,,clyde-edwards-helaire.php,,,1.1,,,,,-17.0,,Clyde Edwards-Helaire,2026-08-07,FA
/nfl/rankings/ppr-rb-cheatsheets.php,redraft-rb,rp,Patrick Taylor Jr.,19544,RB,SF,143.0,12.0,131,155,,patrick-taylor.php,,,1.3,,,,,,8.0,Patrick Taylor,2026-08-07,SFO
/nfl/rankings/ppr-rb-cheatsheets.php,redraft-rb,rp,Dante Miller,26446,RB,NYG,148.5,5.5,143,154,,dante-miller.php,,,0.0,,,,,,8.0,Dante Miller,2026-08-07,NYG
/nfl/rankings/ppr-rb-cheatsheets.php,redraft-rb,rp,Eric Gray,23075,RB,NYG,151.5,1.5,150,153,,eric-gray.php,,,1.0,,,,,,8.0,Eric Gray,2026-08-07,NYG
/nfl/rankings/ppr-te-cheatsheets.php,redraft-te,rp,Trey McBride,22936,TE,ARI,1.44,0.63,1,3,,trey-mcbride.php,,,99.3,,,,,,14.0,Trey McBride,2026-08-07,ARI
/nfl/rankings/ppr-te-cheatsheets.php,redraft-te,rp,Brock Bowers,22955,TE,LV,1.67,0.5,1,3,,brock-bowers.php,,,99.2,,,,,,13.0,Brock Bowers,2026-08-07,LVR
/nfl/rankings/ppr-te-cheatsheets.php,redraft-te,rp,Colston Loveland,26006,TE,CHI,3.24,0.82,2,7,,colston-loveland.php,,,98.6,,,,,,10.0,Colston Loveland,2026-08-07,CHI
/nfl/rankings/ppr-te-cheatsheets.php,redraft-te,rp,Tyler Warren,26434,TE,IND,3.94,0.58,2,6,,tyler-warren.php,,,98.3,,,,,,13.0,Tyler Warren,2026-08-07,IND
/nfl/rankings/ppr-te-cheatsheets.php,redraft-te,rp,Harold Fannin Jr.,27050,TE,CLE,6.0,1.15,4,9,,harold-fannin-jr.php,,,94.1,,,,,,11.0,Harold Fannin,2026-08-07,CLE
/nfl/rankings/ppr-te-cheatsheets.php,redraft-te,rp,Tucker Kraft,25298,TE,GB,6.53,1.79,3,13,,tucker-kraft.php,,,93.4,,,,,,11.0,Tucker Kraft,2026-08-07,GBP
/nfl/rankings/ppr-te-cheatsheets.php,redraft-te,rp,Kyle Pitts Sr.,20164,TE,ATL,6.96,1.47,5,12,,kyle-pitts.php,,,94.9,,,,,,11.0,Kyle Pitts,2026-08-07,ATL
/nfl/rankings/ppr-te-cheatsheets.php,redraft-te,rp,Sam LaPorta,22978,TE,DET,7.63,1.59,4,11,,sam-laporta.php,,,95.6,,,,,,6.0,Sam LaPorta,2026-08-07,DET
/nfl/rankings/ppr-te-cheatsheets.php,redraft-te,rp,Travis Kelce,11594,TE,KC,9.58,2.08,5,16,,travis-kelce.php,,,89.4,,,,,,5.0,Travis Kelce,2026-08-07,KCC
/nfl/rankings/ppr-te-cheatsheets.php,redraft-te,rp,George Kittle,16499,TE,SF,11.21,2.67,6,21,,george-kittle.php,,,92.4,,,,,,8.0,George Kittle,2026-08-07,SFO
/nfl/rankings/ppr-te-cheatsheets.php,redraft-te,rp,Jake Ferguson,22718,TE,DAL,12.14,2.31,6,17,,jake-ferguson.php,,,88.8,,,,,,14.0,Jake Ferguson,2026-08-07,DAL
/nfl/rankings/ppr-te-cheatsheets.php,redraft-te,rp,Dalton Kincaid,25247,TE,BUF,12.6,2.52,9,19,,dalton-kincaid.php,,,78.8,,,,,,7.0,Dalton Kincaid,2026-08-07,BUF
/nfl/rankings/ppr-te-cheatsheets.php,redraft-te,rp,Isaiah Likely,23781,TE,NYG,13.46,4.06,8,29,,isaiah-likely.php,,,85.7,,,,,,8.0,Isaiah Likely,2026-08-07,NYG
/nfl/rankings/ppr-te-cheatsheets.php,redraft-te,rp,Dallas Goedert,17270,TE,PHI,13.76,2.9,9,23,,dallas-goedert.php,,,86.4,,,,,,10.0,Dallas Goedert,2026-08-07,PHI
/nfl/rankings/ppr-te-cheatsheets.php,redraft-te,rp,Mark Andrews,17269,TE,BAL,13.88,2.79,8,23,,mark-andrews.php,,,82.5,,,,,,13.0,Mark Andrews,2026-08-07,BAL
/nfl/rankings/ppr-te-cheatsheets.php,redraft-te,rp,Juwan Johnson,19562,TE,NO,17.27,2.65,11,23,,juwan-johnson.php,,,46.2,,,,,,8.0,Juwan Johnson,2026-08-07,NOS
/nfl/rankings/ppr-te-cheatsheets.php,redraft-te,rp,Chig Okonkwo,23982,TE,WAS,17.28,3.34,10,32,,chigoziem-okonkwo.php,,,44.2,,,,,,7.0,Chigoziem Okonkwo,2026-08-07,WAS
/nfl/rankings/ppr-te-cheatsheets.php,redraft-te,rp,Brenton Strange,25345,TE,JAC,18.01,2.74,11,27,,brenton-strange.php,,,49.9,,,,,,7.0,Brenton Strange,2026-08-07,JAC
/nfl/rankings/ppr-te-cheatsheets.php,redraft-te,rp,Hunter Henry,15561,TE,NE,19.29,2.69,13,27,,hunter-henry.php,,,65.5,,,,,,11.0,Hunter Henry,2026-08-07,NEP
/nfl/rankings/ppr-te-cheatsheets.php,redraft-te,rp,Oronde Gadsden II,25997,TE,LAC,20.4,4.03,12,32,,oronde-gadsden-ii.php,,,49.1,,,,,,7.0,Oronde Gadsden,2026-08-07,LAC
/nfl/rankings/ppr-te-cheatsheets.php,redraft-te,rp,Dalton Schultz,17349,TE,HOU,21.19,2.24,15,27,,dalton-schultz.php,,,29.2,,,,,,8.0,Dalton Schultz,2026-08-07,HOU
/nfl/rankings/ppr-te-cheatsheets.php,redraft-te,rp,T.J. Hockenson,18290,TE,MIN,22.23,2.66,14,29,,tj-hockenson.php,,,55.8,,,,,,6.0,TJ Hockenson,2026-08-07,MIN
/nfl/rankings/ppr-te-cheatsheets.php,redraft-te,rp,AJ Barner,26335,TE,SEA,23.71,2.74,16,32,,aj-barner.php,,,27.2,,,,,,11.0,AJ Barner,2026-08-07,SEA
/nfl/rankings/ppr-te-cheatsheets.php,redraft-te,rp,Kenyon Sadiq,26055,TE,NYJ,24.54,5.95,16,60,,kenyon-sadiq.php,,,63.9,,,,,,13.0,Kenyon Sadiq,2026-08-07,NYJ
/nfl/rankings/ppr-te-cheatsheets.php,redraft-te,rp,Gunnar Helm,27109,TE,TEN,25.45,4.26,19,43,,gunnar-helm.php,,,16.8,,,,,,9.0,Gunnar Helm,2026-08-07,TEN
/nfl/rankings/ppr-te-cheatsheets.php,redraft-te,rp,Pat Freiermuth,20163,TE,PIT,28.14,3.39,18,38,,pat-freiermuth.php,,,16.7,,,,,,9.0,Pat Freiermuth,2026-08-07,PIT
/nfl/rankings/ppr-te-cheatsheets.php,redraft-te,rp,Cade Otton,23181,TE,TB,28.62,3.27,22,42,,cade-otton.php,,,23.0,,,,,,10.0,Cade Otton,2026-08-07,TBB
/nfl/rankings/ppr-te-cheatsheets.php,redraft-te,rp,Terrance Ferguson,23091,TE,LAR,28.09,4.67,18,58,,terrance-ferguson.php,,,20.2,,,,,,11.0,Terrance Ferguson,2026-08-07,LAR
/nfl/rankings/ppr-te-cheatsheets.php,redraft-te,rp,David Njoku,16399,TE,LAC,29.28,3.28,21,38,,david-njoku.php,,,24.8,,,,,,7.0,David Njoku,2026-08-07,LAC
/nfl/rankings/ppr-te-cheatsheets.php,redraft-te,rp,Evan Engram,16411,TE,DEN,31.18,3.19,22,37,,evan-engram.php,,,13.1,,,,,,10.0,Evan Engram,2026-08-07,DEN
/nfl/rankings/ppr-te-cheatsheets.php,redraft-te,rp,Colby Parkinson,19372,TE,LAR,31.75,3.65,21,48,,colby-parkinson.php,,,20.1,,,,,,11.0,Colby Parkinson,2026-08-07,LAR
/nfl/rankings/ppr-te-cheatsheets.php,redraft-te,rp,Oscar Delp,25430,TE,NO,39.04,6.34,29,55,,oscar-delp.php,,,6.4,,,,,,8.0,Oscar Delp,2026-08-07,NOS
/nfl/rankings/ppr-te-cheatsheets.php,redraft-te,rp,Eli Stowers,23144,TE,PHI,33.58,5.43,19,51,,eli-stowers.php,,,23.6,,,,,,10.0,Eli Stowers,2026-08-07,PHI
/nfl/rankings/ppr-te-cheatsheets.php,redraft-te,rp,Mason Taylor,26005,TE,NYJ,34.18,3.8,24,43,,mason-taylor.php,,,11.5,,,,,,13.0,Mason Taylor,2026-08-07,NYJ
/nfl/rankings/ppr-te-cheatsheets.php,redraft-te,rp,Theo Johnson,23104,TE,NYG,35.23,3.96,23,46,,theo-johnson.php,,,11.5,,,,,,8.0,Theo Johnson,2026-08-07,NYG
/nfl/rankings/ppr-te-cheatsheets.php,redraft-te,rp,Greg Dulcich,23153,TE,MIA,24.63,5.27,14,37,,greg-dulcich.php,,,21.0,,,,,,6.0,Greg Dulcich,2026-08-07,MIA
/nfl/rankings/ppr-te-cheatsheets.php,redraft-te,rp,Mike Gesicki,17272,TE,CIN,33.35,3.95,25,46,,mike-gesicki.php,,,10.5,,,,,,6.0,Mike Gesicki,2026-08-07,CIN
/nfl/rankings/ppr-te-cheatsheets.php,redraft-te,rp,Jake Tonges,24778,TE,SF,36.61,4.22,27,46,,jake-tonges.php,,,14.5,,,,,,8.0,Jake Tonges,2026-08-07,SFO
/nfl/rankings/ppr-te-cheatsheets.php,redraft-te,rp,Darnell Washington,22967,TE,PIT,37.59,5.6,26,54,,darnell-washington.php,,,12.6,,,,,,9.0,Darnell Washington,2026-08-07,PIT
/nfl/rankings/ppr-te-cheatsheets.php,redraft-te,rp,Max Klare,27993,TE,LAR,43.51,8.31,34,86,,max-klare.php,,,11.3,,,,,,11.0,Max Klare,2026-08-07,LAR
/nfl/rankings/ppr-te-cheatsheets.php,redraft-te,rp,Elijah Arroyo,23004,TE,SEA,41.97,3.95,34,55,,elijah-arroyo.php,,,4.9,,,,,,11.0,Elijah Arroyo,2026-08-07,SEA
/nfl/rankings/ppr-te-cheatsheets.php,redraft-te,rp,Tyler Higbee,15623,TE,LAR,42.81,7.26,29,66,,tyler-higbee.php,,,3.1,,,,,,11.0,Tyler Higbee,2026-08-07,LAR
/nfl/rankings/ppr-te-cheatsheets.php,redraft-te,rp,Cole Kmet,19229,TE,CHI,43.03,4.45,32,51,,cole-kmet.php,,,7.3,,,,,,10.0,Cole Kmet,2026-08-07,CHI
/nfl/rankings/ppr-te-cheatsheets.php,redraft-te,rp,Michael Mayer,23056,TE,LV,41.9,4.75,33,54,,michael-mayer.php,,,11.5,,,,,,13.0,Michael Mayer,2026-08-07,LVR
/nfl/rankings/ppr-te-cheatsheets.php,redraft-te,rp,Ja'Tavion Sanders,24334,TE,CAR,42.19,5.86,29,52,,jatavion-sanders.php,,,3.4,,,,,,5.0,JaTavion Sanders,2026-08-07,CAR
/nfl/rankings/ppr-te-cheatsheets.php,redraft-te,rp,Dawson Knox,18631,TE,BUF,45.67,6.0,34,58,,dawson-knox.php,,,7.4,,,,,,7.0,Dawson Knox,2026-08-07,BUF
/nfl/rankings/ppr-te-cheatsheets.php,redraft-te,rp,Noah Gray,19539,TE,KC,44.38,5.01,36,58,,noah-gray.php,,,4.0,,,,,,5.0,Noah Gray,2026-08-07,KCC
/nfl/rankings/ppr-te-cheatsheets.php,redraft-te,rp,Erick All Jr.,23837,TE,CIN,43.59,6.58,30,60,,erick-all.php,,,1.3,,,,,,6.0,Erick All,2026-08-07,CIN
/nfl/rankings/ppr-te-cheatsheets.php,redraft-te,rp,Justin Joly,28079,TE,DEN,48.85,7.11,34,68,,justin-joly.php,,,11.0,,,,,,10.0,Justin Joly,2026-08-07,DEN
/nfl/rankings/ppr-te-cheatsheets.php,redraft-te,rp,Eli Raridon,28154,TE,NE,47.81,8.31,33,65,,eli-raridon.php,,,5.1,,,,,,11.0,Eli Raridon,2026-08-07,NEP
/nfl/rankings/ppr-te-cheatsheets.php,redraft-te,rp,Noah Fant,17527,TE,NO,49.5,5.69,38,61,,noah-fant.php,,,2.2,,,,,,8.0,Noah Fant,2026-08-07,NOS
/nfl/rankings/ppr-te-cheatsheets.php,redraft-te,rp,Luke Musgrave,25282,TE,GB,52.83,4.86,44,66,,luke-musgrave.php,,,7.0,,,,,,11.0,Luke Musgrave,2026-08-07,GBP
/nfl/rankings/ppr-te-cheatsheets.php,redraft-te,rp,Ben Sinnott,26310,TE,WAS,55.11,7.48,45,75,,ben-sinnott.php,,,1.7,,,,,,7.0,Ben Sinnott,2026-08-07,WAS
/nfl/rankings/ppr-te-cheatsheets.php,redraft-te,rp,Mitchell Evans,27138,TE,CAR,54.25,7.07,38,67,,mitchell-evans.php,,,0.7,,,,,,5.0,Mitchell Evans,2026-08-07,CAR
/nfl/rankings/ppr-te-cheatsheets.php,redraft-te,rp,Tommy Tremble,22795,TE,CAR,53.2,5.83,44,65,,tommy-tremble.php,,,0.8,,,,,,5.0,Tommy Tremble,2026-08-07,CAR
/nfl/rankings/ppr-te-cheatsheets.php,redraft-te,rp,John Bates,22833,TE,WAS,53.77,11.8,37,74,,john-bates.php,,,0.7,,,,,,7.0,John Bates,2026-08-07,WAS
/nfl/rankings/ppr-te-cheatsheets.php,redraft-te,rp,Darren Waller,14104,TE,FA,50.09,8.31,38,63,,darren-waller.php,,,1.8,,,,,,,Darren Waller,2026-08-07,FA
/nfl/rankings/ppr-te-cheatsheets.php,redraft-te,rp,Elijah Higgins,23119,TE,ARI,55.64,4.42,49,62,,elijah-higgins.php,,,0.9,,,,,,14.0,Elijah Higgins,2026-08-07,ARI
/nfl/rankings/ppr-te-cheatsheets.php,redraft-te,rp,Daniel Bellinger,24238,TE,TEN,57.45,6.17,46,72,,daniel-bellinger.php,,,3.2,,,,,,9.0,Daniel Bellinger,2026-08-07,TEN
/nfl/rankings/ppr-te-cheatsheets.php,redraft-te,rp,Marlin Klein,28157,TE,HOU,59.09,6.96,46,67,,marlin-klein.php,,,1.2,,,,,,8.0,Marlin Klein,2026-08-07,HOU
/nfl/rankings/ppr-te-cheatsheets.php,redraft-te,rp,Charlie Kolar,22756,TE,LAC,60.64,32.18,29,156,,charlie-kolar.php,,,2.0,,,,,7.0,7.0,Charlie Kolar,2026-08-07,LAC
/nfl/rankings/ppr-te-cheatsheets.php,redraft-te,rp,Zach Ertz,11689,TE,FA,53.6,8.94,39,70,,zach-ertz.php,,,1.3,,,,,,,Zach Ertz,2026-08-07,FA
/nfl/rankings/ppr-te-cheatsheets.php,redraft-te,rp,Austin Hooper,15581,TE,ATL,54.8,10.19,40,67,,austin-hooper.php,,,1.4,,,,,,11.0,Austin Hooper,2026-08-07,ATL
/nfl/rankings/ppr-te-cheatsheets.php,redraft-te,rp,Nate Boerkircher,28427,TE,JAC,69.4,8.51,55,82,,nate-boerkircher.php,,,0.9,,,,,,7.0,Nate Boerkircher,2026-08-07,JAC
/nfl/rankings/ppr-te-cheatsheets.php,redraft-te,rp,Josh Oliver,18487,TE,MIN,64.11,7.8,51,72,,josh-oliver.php,,,0.7,,,,,,6.0,Josh Oliver,2026-08-07,MIN
/nfl/rankings/ppr-te-cheatsheets.php,redraft-te,rp,Jackson Hawes,27469,TE,BUF,66.22,9.16,53,84,,jackson-hawes.php,,,0.6,,,,,,7.0,Jackson Hawes,2026-08-07,BUF
/nfl/rankings/ppr-te-cheatsheets.php,redraft-te,rp,Adam Trautman,19423,TE,DEN,62.13,7.41,52,72,,adam-trautman.php,,,0.6,,,,,,10.0,Adam Trautman,2026-08-07,DEN
/nfl/rankings/ppr-te-cheatsheets.php,redraft-te,rp,Jonnu Smith,16460,TE,FA,49.71,7.17,41,60,,jonnu-smith.php,,,3.8,,,,,,,Jonnu Smith,2026-08-07,FA
/nfl/rankings/ppr-te-cheatsheets.php,redraft-te,rp,Luke Schoonmaker,25267,TE,DAL,64.63,5.45,55,74,,luke-schoonmaker.php,,,0.9,,,,,,14.0,Luke Schoonmaker,2026-08-07,DAL
/nfl/rankings/ppr-te-cheatsheets.php,redraft-te,rp,Tanner Koziol,27499,TE,JAC,67.38,11.98,48,89,,tanner-koziol.php,,,1.9,,,,,12.0,7.0,Tanner Koziol,2026-08-07,JAC
/nfl/rankings/ppr-te-cheatsheets.php,redraft-te,rp,Mo Alie-Cox,16579,TE,IND,63.57,10.49,51,80,,mo-alie-cox.php,,,0.6,,,,,,13.0,Mo Alie-Cox,2026-08-07,IND
/nfl/rankings/ppr-te-cheatsheets.php,redraft-te,rp,Durham Smythe,17508,TE,BAL,69.17,6.34,62,79,,durham-smythe.php,,,0.6,,,,,9.0,13.0,Durham Smythe,2026-08-07,BAL
/nfl/rankings/ppr-te-cheatsheets.php,redraft-te,rp,Tyler Conklin,17598,TE,DET,81.71,21.02,64,131,,tyler-conklin.php,,,0.6,,,,,,6.0,Tyler Conklin,2026-08-07,DET
/nfl/rankings/ppr-te-cheatsheets.php,redraft-te,rp,Will Kacmarek,28403,TE,MIA,71.0,11.22,48,81,,will-kacmarek.php,,,5.4,,,,,,6.0,Will Kacmarek,2026-08-07,MIA
/nfl/rankings/ppr-te-cheatsheets.php,redraft-te,rp,Sam Roush,28161,TE,CHI,75.67,10.29,56,91,,sam-roush.php,,,1.5,,,,,,10.0,Sam Roush,2026-08-07,CHI
/nfl/rankings/ppr-te-cheatsheets.php,redraft-te,rp,Tanner Hudson,17826,TE,CIN,62.6,13.4,44,83,,tanner-hudson.php,,,1.2,,,,,,6.0,Tanner Hudson,2026-08-07,CIN
/nfl/rankings/ppr-te-cheatsheets.php,redraft-te,rp,Tommy Myers,25167,TE,FA,63.8,7.73,56,75,,tommy-myers.php,,,0.0,,,,,,,Tommy Myers,2026-08-07,FA
/nfl/rankings/ppr-te-cheatsheets.php,redraft-te,rp,Brock Wright,23341,TE,DET,67.6,10.19,53,79,,brock-wright.php,,,0.7,,,,,,6.0,Brock Wright,2026-08-07,DET
/nfl/rankings/ppr-te-cheatsheets.php,redraft-te,rp,Drew Sample,18561,TE,CIN,67.8,8.54,56,78,,drew-sample.php,,,0.6,,,,,,6.0,Drew Sample,2026-08-07,CIN
/nfl/rankings/ppr-te-cheatsheets.php,redraft-te,rp,Cade Stover,25269,TE,HOU,72.8,8.73,59,85,,cade-stover.php,,,0.6,,,,,,8.0,Cade Stover,2026-08-07,HOU
/nfl/rankings/ppr-te-cheatsheets.php,redraft-te,rp,Jack Endries,27501,TE,CIN,89.0,32.08,58,157,,jack-endries.php,,,5.8,,,,,,6.0,Jack Endries,2026-08-07,CIN
/nfl/rankings/ppr-te-cheatsheets.php,redraft-te,rp,Joe Royer,27312,TE,CLE,78.0,12.05,66,99,,joe-royer.php,,,1.6,,,,,9.0,11.0,Joe Royer,2026-08-07,CLE
/nfl/rankings/ppr-te-cheatsheets.php,redraft-te,rp,Josh Whyle,22923,TE,GB,80.4,17.79,61,111,,josh-whyle.php,,,0.6,,,,,9.0,11.0,Josh Whyle,2026-08-07,GBP
/nfl/rankings/ppr-te-cheatsheets.php,redraft-te,rp,Bauer Sharp,28165,TE,TB,81.4,13.32,66,103,,bauer-sharp.php,,,0.0,,,,,20.0,10.0,Bauer Sharp,2026-08-07,TBB
/nfl/rankings/ppr-te-cheatsheets.php,redraft-te,rp,Matt Hibner,28168,TE,BAL,84.0,19.65,67,121,,matthew-hibner.php,,,2.6,,,,,,13.0,Matt Hibner,2026-08-07,BAL
/nfl/rankings/ppr-te-cheatsheets.php,redraft-te,rp,Michael Trigg,23167,TE,DAL,86.2,26.08,62,136,,michael-trigg.php,,,8.9,,,,,-13.0,14.0,Michael Trigg,2026-08-07,DAL
/nfl/rankings/ppr-te-cheatsheets.php,redraft-te,rp,Jared Wiley,26343,TE,KC,88.4,11.99,74,109,,jared-wiley.php,,,1.0,,,,,,5.0,Jared Wiley,2026-08-07,KCC
/nfl/rankings/ppr-te-cheatsheets.php,redraft-te,rp,Nate Adkins,25881,TE,DEN,89.6,24.87,50,128,,nate-adkins.php,,,1.0,,,,,,10.0,Nate Adkins,2026-08-07,DEN
/nfl/rankings/ppr-te-cheatsheets.php,redraft-te,rp,Thomas Fidone II,23039,TE,NYG,91.4,23.57,64,128,,thomas-fidone.php,,,1.0,,,,,,8.0,Thomas Fidone,2026-08-07,NYG
/nfl/rankings/ppr-te-cheatsheets.php,redraft-te,rp,Will Dissly,18049,TE,FA,76.25,14.74,58,99,,will-dissly.php,,,1.0,,,,,-12.0,,Will Dissly,2026-08-07,FA
/nfl/rankings/ppr-te-cheatsheets.php,redraft-te,rp,Seydou Traore,28163,TE,MIA,93.0,23.02,71,134,,seydou-traore.php,,,0.0,,,,,,6.0,Seydou Traore,2026-08-07,MIA
/nfl/rankings/ppr-te-cheatsheets.php,redraft-te,rp,Moliki Matavao,23093,TE,NO,93.4,34.87,51,155,,moliki-matavao.php,,,1.0,,,,,,8.0,Moliki Matavao,2026-08-07,NOS
/nfl/rankings/ppr-te-cheatsheets.php,redraft-te,rp,Taysom Hill,17115,TE,FA,79.25,18.18,63,110,,taysom-hill.php,,,0.7,,,,,-16.0,,Taysom Hill,2026-08-07,FA
/nfl/rankings/ppr-te-cheatsheets.php,redraft-te,rp,Jeremy Ruckert,23742,TE,NYJ,81.5,13.61,63,101,,jeremy-ruckert.php,,,0.6,,,,,-11.0,13.0,Jeremy Ruckert,2026-08-07,NYJ
/nfl/rankings/ppr-te-cheatsheets.php,redraft-te,rp,Albert Okwuegbunam Jr.,18246,TE,LV,82.0,29.67,34,113,,albert-okwuegbunam.php,,,0.0,,,,,,13.0,Albert Okwuegbunam,2026-08-07,LVR
/nfl/rankings/ppr-te-cheatsheets.php,redraft-te,rp,Tip Reiman,26432,TE,ARI,84.25,16.77,67,110,,tip-reiman.php,,,0.1,,,,,,14.0,Tip Reiman,2026-08-07,ARI
/nfl/rankings/ppr-te-cheatsheets.php,redraft-te,rp,Foster Moreau,18397,TE,HOU,86.5,13.43,68,104,,foster-moreau.php,,,0.7,,,,,,8.0,Foster Moreau,2026-08-07,HOU
/nfl/rankings/ppr-te-cheatsheets.php,redraft-te,rp,Will Mallory,23821,TE,IND,89.0,20.02,56,106,,will-mallory.php,,,1.0,,,,,,13.0,Will Mallory,2026-08-07,IND
/nfl/rankings/ppr-te-cheatsheets.php,redraft-te,rp,Davis Allen,23761,TE,LAR,90.75,9.93,80,103,,davis-allen.php,,,0.6,,,,,-12.0,11.0,Davis Allen,2026-08-07,LAR
/nfl/rankings/ppr-te-cheatsheets.php,redraft-te,rp,Charlie Woerner,19665,TE,ATL,94.0,8.22,83,106,,charlie-woerner.php,,,0.0,,,,,,11.0,Charlie Woerner,2026-08-07,ATL
/nfl/rankings/ppr-te-cheatsheets.php,redraft-te,rp,Brevyn Spann-Ford,26003,TE,DAL,94.25,14.53,73,112,,brevyn-spann-ford.php,,,0.1,,,,,,14.0,Brevyn Spann-Ford,2026-08-07,DAL
/nfl/rankings/ppr-te-cheatsheets.php,redraft-te,rp,Josh Cuevas,28155,TE,BAL,94.75,18.36,63,107,,josh-cuevas.php,,,0.6,,,,,,13.0,Josh Cuevas,2026-08-07,BAL
/nfl/rankings/ppr-te-cheatsheets.php,redraft-te,rp,Ben Sims,25349,TE,MIA,95.5,15.14,79,113,,ben-sims.php,,,0.1,,,,,,6.0,Ben Sims,2026-08-07,MIA
/nfl/rankings/ppr-te-cheatsheets.php,redraft-te,rp,Payne Durham,25346,TE,TB,95.75,13.14,83,117,,payne-durham.php,,,0.6,,,,,,10.0,Payne Durham,2026-08-07,TBB
/nfl/rankings/ppr-te-cheatsheets.php,redraft-te,rp,Kylen Granson,22841,TE,TEN,98.75,14.15,89,123,,kylen-granson.php,,,1.2,,,,,,9.0,Kylen Granson,2026-08-07,TEN
/nfl/rankings/ppr-te-cheatsheets.php,redraft-te,rp,Jaheim Bell,24747,TE,PIT,81.67,30.27,40,111,,jaheim-bell.php,,,1.0,,,,,22.0,9.0,Jaheim Bell,2026-08-07,PIT
/nfl/rankings/ppr-te-cheatsheets.php,redraft-te,rp,Eric Saubert,16706,TE,SEA,99.75,11.1,88,118,,eric-saubert.php,,,0.9,,,,,,11.0,Eric Saubert,2026-08-07,SEA
/nfl/rankings/ppr-te-cheatsheets.php,redraft-te,rp,Miles Kitselman,28156,TE,DET,84.67,22.69,53,105,,miles-kitselman.php,,,0.0,,,,,,6.0,Miles Kitselman,2026-08-07,DET
/nfl/rankings/ppr-te-cheatsheets.php,redraft-te,rp,Khalil Dinkins,28436,TE,FA,102.25,33.74,59,150,,khalil-dinkins.php,,,0.0,,,,,,,Khalil Dinkins,2026-08-07,FA
/nfl/rankings/ppr-te-cheatsheets.php,redraft-te,rp,Luke Farrell,19501,TE,SF,104.0,16.81,78,125,,luke-farrell.php,,,0.6,,,,,,8.0,Luke Farrell,2026-08-07,SFO
/nfl/rankings/ppr-te-cheatsheets.php,redraft-te,rp,Jordan Akins,17415,TE,FA,87.67,21.85,59,112,,jordan-akins.php,,,1.0,,,,,,,Jordan Akins,2026-08-07,FA
/nfl/rankings/ppr-te-cheatsheets.php,redraft-te,rp,Julian Hill,25824,TE,NE,90.0,19.03,64,109,,julian-hill.php,,,0.6,,,,,-12.0,11.0,Julian Hill,2026-08-07,NEP
/nfl/rankings/ppr-te-cheatsheets.php,redraft-te,rp,Devin Culp,26440,TE,TB,106.75,13.08,92,125,,devin-culp.php,,,1.2,,,,,,10.0,Devin Culp,2026-08-07,TBB
/nfl/rankings/ppr-te-cheatsheets.php,redraft-te,rp,Grant Calcaterra,24180,TE,PHI,110.25,12.79,91,127,,grant-calcaterra.php,,,0.7,,,,,,10.0,Grant Calcaterra,2026-08-07,PHI
/nfl/rankings/ppr-te-cheatsheets.php,redraft-te,rp,Connor Heyward,24562,TE,LV,99.33,27.11,61,119,,connor-heyward.php,,,0.1,,,,,,13.0,Connor Heyward,2026-08-07,LVR
/nfl/rankings/ppr-te-cheatsheets.php,redraft-te,rp,Ben Yurosek,27843,TE,MIN,114.25,18.55,86,138,,ben-yurosek.php,,,0.0,,,,,,6.0,Ben Yurosek,2026-08-07,MIN
/nfl/rankings/ppr-te-cheatsheets.php,redraft-te,rp,Jack Stoll,23193,TE,CLE,101.33,22.22,70,119,,jack-stoll.php,,,0.0,,,,,,11.0,Jack Stoll,2026-08-07,CLE
/nfl/rankings/ppr-te-cheatsheets.php,redraft-te,rp,Stone Smartt,24621,TE,PHI,102.0,12.25,87,117,,stone-smartt.php,,,1.0,,,,,-18.0,10.0,Stone Smartt,2026-08-07,PHI
/nfl/rankings/ppr-te-cheatsheets.php,redraft-te,rp,Johnny Mundt,16743,TE,PHI,108.67,12.04,92,120,,johnny-mundt.php,,,0.1,,,,,,10.0,Johnny Mundt,2026-08-07,PHI
/nfl/rankings/ppr-te-cheatsheets.php,redraft-te,rp,Tanner Conner,24216,TE,NYG,110.0,11.43,94,120,,tanner-conner.php,,,1.1,,,,,,8.0,Tanner Conner,2026-08-07,NYG
/nfl/rankings/ppr-te-cheatsheets.php,redraft-te,rp,Andrew Beck,18748,TE,NYJ,112.0,10.2,98,122,,andrew-beck.php,,,0.1,,,,,,13.0,Andrew Beck,2026-08-07,NYJ
/nfl/rankings/ppr-te-cheatsheets.php,redraft-te,rp,Teagan Quitoriano,24182,TE,ARI,115.0,17.28,91,131,,teagan-quitoriano.php,,,0.0,,,,,,14.0,Teagan Quitoriano,2026-08-07,ARI
/nfl/rankings/ppr-te-cheatsheets.php,redraft-te,rp,Anthony Firkser,16787,TE,DET,115.0,10.68,100,124,,anthony-firkser.php,,,0.0,,,,,,6.0,Anthony Firkser,2026-08-07,DET
/nfl/rankings/ppr-te-cheatsheets.php,redraft-te,rp,Chris Manhertz,14014,TE,NYG,118.0,12.19,101,129,,chris-manhertz.php,,,0.1,,,,,,8.0,Chris Manhertz,2026-08-07,NYG
/nfl/rankings/ppr-te-cheatsheets.php,redraft-te,rp,Drew Ogletree,24561,TE,IND,120.67,4.19,115,125,,andrew-ogletree.php,,,1.0,,,,,,13.0,Andrew Ogletree,2026-08-07,IND
/nfl/rankings/ppr-te-cheatsheets.php,redraft-te,rp,Joel Wilson,25541,TE,TEN,122.0,15.3,101,137,,joel-wilson.php,,,0.0,,,,,,9.0,Joel Wilson,2026-08-07,TEN
/nfl/rankings/ppr-te-cheatsheets.php,redraft-te,rp,Lucas Krull,24240,TE,DEN,122.0,8.64,110,130,,lucas-krull.php,,,1.8,,,,,,10.0,Lucas Krull,2026-08-07,DEN
/nfl/rankings/ppr-te-cheatsheets.php,redraft-te,rp,Blake Whiteheart,25657,TE,CLE,122.67,9.88,109,132,,blake-whiteheart.php,,,0.1,,,,,,11.0,Blake Whiteheart,2026-08-07,CLE
/nfl/rankings/ppr-te-cheatsheets.php,redraft-te,rp,Sean McKeon,19726,TE,IND,125.33,12.92,108,139,,sean-mckeon.php,,,0.0,,,,,,13.0,Sean McKeon,2026-08-07,IND
/nfl/rankings/ppr-te-cheatsheets.php,redraft-te,rp,Irv Smith Jr.,18610,TE,FA,112.5,25.5,87,138,,irv-smith-jr.php,,,0.0,,,,,,,Irv Smith,2026-08-07,FA
/nfl/rankings/ppr-te-cheatsheets.php,redraft-te,rp,Ko Kieft,24568,TE,TB,127.67,8.73,116,137,,ko-kieft.php,,,0.0,,,,,,10.0,Ko Kieft,2026-08-07,TBB
/nfl/rankings/ppr-te-cheatsheets.php,redraft-te,rp,Gavin Bartholomew,26002,TE,MIN,130.33,3.3,126,134,,gavin-bartholomew.php,,,0.0,,,,,,6.0,Gavin Bartholomew,2026-08-07,MIN
/nfl/rankings/ppr-te-cheatsheets.php,redraft-te,rp,Harrison Bryant,19389,TE,FA,119.5,24.5,95,144,,harrison-bryant.php,,,0.0,,,,,-29.0,,Harrison Bryant,2026-08-07,FA
/nfl/rankings/ppr-te-cheatsheets.php,redraft-te,rp,CJ Dippre,27251,TE,NE,131.67,7.76,122,141,,cj-dippre.php,,,0.1,,,,,,11.0,CJ Dippre,2026-08-07,NEP
/nfl/rankings/ppr-te-cheatsheets.php,redraft-te,rp,Jake Briningstool,22924,TE,KC,125.5,8.5,117,134,,jake-briningstool.php,,,0.0,,,,,,5.0,Jake Briningstool,2026-08-07,KCC
/nfl/rankings/ppr-te-cheatsheets.php,redraft-te,rp,Cam Grandy,26429,TE,CIN,127.0,20.0,107,147,,cam-grandy.php,,,0.0,,,,,,6.0,Cam Grandy,2026-08-07,CIN
/nfl/rankings/ppr-te-cheatsheets.php,redraft-te,rp,John Michael Gyllenborg,28158,TE,KC,127.0,19.0,108,146,,john-michael-gyllenborg.php,,,1.8,,,,,,5.0,John Michael Gyllenborg,2026-08-07,KCC
/nfl/rankings/ppr-te-cheatsheets.php,redraft-te,rp,Carsen Ryan,28399,TE,CLE,136.67,8.99,126,148,,carsen-ryan.php,,,1.1,,,,,,11.0,Carsen Ryan,2026-08-07,CLE
/nfl/rankings/ppr-te-cheatsheets.php,redraft-te,rp,Ian Thomas,17387,TE,LV,137.0,5.66,133,145,,ian-thomas.php,,,0.0,,,,,,13.0,Ian Thomas,2026-08-07,LVR
/nfl/rankings/ppr-te-cheatsheets.php,redraft-te,rp,Brevin Jordan,20162,TE,HOU,130.0,9.0,121,139,,brevin-jordan.php,,,1.0,,,,,,8.0,Brevin Jordan,2026-08-07,HOU
/nfl/rankings/ppr-te-cheatsheets.php,redraft-te,rp,Cole Turner,23727,TE,MIA,132.5,2.5,130,135,,cole-turner.php,,,1.0,,,,,,6.0,Cole Turner,2026-08-07,MIA
/nfl/rankings/ppr-te-cheatsheets.php,redraft-te,rp,Quintin Morris,22820,TE,JAC,140.67,4.92,135,147,,quintin-morris.php,,,1.4,,,,,,7.0,Quintin Morris,2026-08-07,JAC
/nfl/rankings/ppr-te-cheatsheets.php,redraft-te,rp,Hunter Long,22783,TE,JAC,140.67,5.91,136,149,,hunter-long.php,,,1.0,,,,,,7.0,Hunter Long,2026-08-07,JAC
/nfl/rankings/ppr-te-cheatsheets.php,redraft-te,rp,Brayden Willis,25469,TE,SF,142.0,1.41,140,143,,brayden-willis.php,,,0.0,,,,,,8.0,Brayden Willis,2026-08-07,SFO
/nfl/rankings/ppr-te-cheatsheets.php,redraft-te,rp,Jelani Woods,23829,TE,NYJ,145.67,4.11,141,151,,jelani-woods.php,,,3.9,,,,,,13.0,Jelani Woods,2026-08-07,NYJ
/nfl/rankings/ppr-te-cheatsheets.php,redraft-te,rp,Kenny Yeboah,22815,TE,ARI,146.67,4.11,142,152,,kenny-yeboah.php,,,0.0,,,,,,14.0,Kenny Yeboah,2026-08-07,ARI
/nfl/rankings/ppr-te-cheatsheets.php,redraft-te,rp,Nick Boyle,13963,TE,FA,143.5,1.5,142,145,,nick-boyle.php,,,0.0,,,,,-32.0,,Nick Boyle,2026-08-07,FA
/nfl/rankings/ppr-te-cheatsheets.php,redraft-te,rp,Luke Lachey,22977,TE,GB,145.0,2.0,143,147,,luke-lachey.php,,,1.0,,,,,,11.0,Luke Lachey,2026-08-07,GBP
/nfl/rankings/ppr-te-cheatsheets.php,redraft-te,rp,Chris Myarick,19098,TE,LV,145.0,1.0,144,146,,chris-myarick.php,,,0.0,,,,,,13.0,Chris Myarick,2026-08-07,LVR
/nfl/rankings/ppr-wr-cheatsheets.php,redraft-wr,rp,Ja'Marr Chase,19788,WR,CIN,1.3,0.58,1,3,,jamarr-chase.php,,,99.3,,,,,,6.0,JaMarr Chase,2026-08-07,CIN
/nfl/rankings/ppr-wr-cheatsheets.php,redraft-wr,rp,Puka Nacua,23180,WR,LAR,2.01,0.72,1,5,,puka-nacua.php,,,99.5,,,,,,11.0,Puka Nacua,2026-08-07,LAR
/nfl/rankings/ppr-wr-cheatsheets.php,redraft-wr,rp,Jaxon Smith-Njigba,23070,WR,SEA,3.11,0.84,1,6,,jaxon-smith-njigba.php,,,99.6,,,,,,11.0,Jaxon Smith-Njigba,2026-08-07,SEA
/nfl/rankings/ppr-wr-cheatsheets.php,redraft-wr,rp,Amon-Ra St. Brown,19799,WR,DET,3.83,0.71,2,6,,amonra-stbrown.php,,,99.3,,,,,,6.0,Amon-Ra St Brown,2026-08-07,DET
/nfl/rankings/ppr-wr-cheatsheets.php,redraft-wr,rp,CeeDee Lamb,19202,WR,DAL,5.54,0.99,4,9,,ceedee-lamb.php,,,99.4,,,,,,14.0,CeeDee Lamb,2026-08-07,DAL
/nfl/rankings/ppr-wr-cheatsheets.php,redraft-wr,rp,Justin Jefferson,19236,WR,MIN,5.82,1.33,4,13,,justin-jefferson.php,,,99.3,,,,,,6.0,Justin Jefferson,2026-08-07,MIN
/nfl/rankings/ppr-wr-cheatsheets.php,redraft-wr,rp,Drake London,23163,WR,ATL,7.72,1.86,5,14,,drake-london.php,,,99.2,,,,,,11.0,Drake London,2026-08-07,ATL
/nfl/rankings/ppr-wr-cheatsheets.php,redraft-wr,rp,A.J. Brown,18218,WR,NE,9.13,2.51,5,18,,aj-brown.php,,,99.2,,,,,,11.0,AJ Brown,2026-08-07,NEP
/nfl/rankings/ppr-wr-cheatsheets.php,redraft-wr,rp,Nico Collins,20130,WR,HOU,9.99,1.89,7,18,,nico-collins.php,,,99.2,,,,,,8.0,Nico Collins,2026-08-07,HOU
/nfl/rankings/ppr-wr-cheatsheets.php,redraft-wr,rp,George Pickens,22963,WR,DAL,11.24,2.21,6,20,,george-pickens.php,,,99.2,,,,,,14.0,George Pickens,2026-08-07,DAL
/nfl/rankings/ppr-wr-cheatsheets.php,redraft-wr,rp,Rashee Rice,23113,WR,KC,11.53,3.56,5,23,,rashee-rice.php,,,98.1,,,,,,5.0,Rashee Rice,2026-08-07,KCC
/nfl/rankings/ppr-wr-cheatsheets.php,redraft-wr,rp,Chris Olave,20111,WR,NO,12.42,2.83,7,22,,chris-olave.php,,,98.1,,,,,,8.0,Chris Olave,2026-08-07,NOS
/nfl/rankings/ppr-wr-cheatsheets.php,redraft-wr,rp,DeVonta Smith,19222,WR,PHI,13.4,2.87,7,22,,devonta-smith.php,,,97.8,,,,,,10.0,DeVonta Smith,2026-08-07,PHI
/nfl/rankings/ppr-wr-cheatsheets.php,redraft-wr,rp,Zay Flowers,22916,WR,BAL,15.8,4.04,8,25,,zay-flowers.php,,,97.1,,,,,,13.0,Zay Flowers,2026-08-07,BAL
/nfl/rankings/ppr-wr-cheatsheets.php,redraft-wr,rp,Garrett Wilson,23072,WR,NYJ,16.23,3.16,10,25,,garrett-wilson.php,,,97.3,,,,,,13.0,Garrett Wilson,2026-08-07,NYJ
/nfl/rankings/ppr-wr-cheatsheets.php,redraft-wr,rp,Malik Nabers,25409,WR,NYG,17.17,5.34,7,31,,malik-nabers.php,,,98.1,,,,,4.0,8.0,Malik Nabers,2026-08-07,NYG
/nfl/rankings/ppr-wr-cheatsheets.php,redraft-wr,rp,Tetairoa McMillan,25417,WR,CAR,17.27,3.49,10,26,,tetairoa-mcmillan.php,,,97.8,,,,,,5.0,Tetairoa McMillan,2026-08-07,CAR
/nfl/rankings/ppr-wr-cheatsheets.php,redraft-wr,rp,Tee Higgins,19211,WR,CIN,18.01,3.3,12,27,,tee-higgins.php,,,97.4,,,,,,6.0,Tee Higgins,2026-08-07,CIN
/nfl/rankings/ppr-wr-cheatsheets.php,redraft-wr,rp,Ladd McConkey,26122,WR,LAC,18.27,3.22,10,26,,ladd-mcconkey.php,,,95.7,,,,,,7.0,Ladd McConkey,2026-08-07,LAC
/nfl/rankings/ppr-wr-cheatsheets.php,redraft-wr,rp,Jaylen Waddle,19790,WR,DEN,18.88,3.69,11,28,,jaylen-waddle.php,,,95.7,,,,,,10.0,Jaylen Waddle,2026-08-07,DEN
/nfl/rankings/ppr-wr-cheatsheets.php,redraft-wr,rp,Emeka Egbuka,23062,WR,TB,19.02,4.0,9,29,,emeka-egbuka.php,,,96.5,,,,,,10.0,Emeka Egbuka,2026-08-07,TBB
/nfl/rankings/ppr-wr-cheatsheets.php,redraft-wr,rp,Terry McLaurin,18466,WR,WAS,21.82,3.0,15,30,,terry-mclaurin.php,,,95.1,,,,,,7.0,Terry McLaurin,2026-08-07,WAS
/nfl/rankings/ppr-wr-cheatsheets.php,redraft-wr,rp,Luther Burden III,27016,WR,CHI,22.73,3.09,16,31,,luther-burden-iii.php,,,93.4,,,,,,10.0,Luther Burden,2026-08-07,CHI
/nfl/rankings/ppr-wr-cheatsheets.php,redraft-wr,rp,Davante Adams,12123,WR,LAR,24.75,3.32,14,36,,davante-adams.php,,,97.3,,,,,,11.0,Davante Adams,2026-08-07,LAR
/nfl/rankings/ppr-wr-cheatsheets.php,redraft-wr,rp,Mike Evans,12119,WR,SF,25.73,4.26,15,41,,mike-evans.php,,,92.6,,,,,,8.0,Mike Evans,2026-08-07,SFO
/nfl/rankings/ppr-wr-cheatsheets.php,redraft-wr,rp,DJ Moore,17265,WR,BUF,26.57,5.52,12,44,,dj-moore-wr.php,,,92.8,,,,,,7.0,DJ Moore,2026-08-07,BUF
/nfl/rankings/ppr-wr-cheatsheets.php,redraft-wr,rp,Jameson Williams,23677,WR,DET,27.61,3.58,18,41,,jameson-williams.php,,,94.7,,,,,,6.0,Jameson Williams,2026-08-07,DET
/nfl/rankings/ppr-wr-cheatsheets.php,redraft-wr,rp,Christian Watson,23886,WR,GB,28.22,4.56,19,47,,christian-watson.php,,,91.1,,,,,,11.0,Christian Watson,2026-08-07,GBP
/nfl/rankings/ppr-wr-cheatsheets.php,redraft-wr,rp,Rome Odunze,25411,WR,CHI,28.98,3.75,21,43,,rome-odunze.php,,,91.8,,,,,,10.0,Rome Odunze,2026-08-07,CHI
/nfl/rankings/ppr-wr-cheatsheets.php,redraft-wr,rp,Carnell Tate,26009,WR,TEN,31.33,8.21,21,77,,carnell-tate.php,,,92.9,,,,,,9.0,Carnell Tate,2026-08-07,TEN
/nfl/rankings/ppr-wr-cheatsheets.php,redraft-wr,rp,Marvin Harrison Jr.,23064,WR,ARI,33.0,5.27,23,48,,marvin-harrison-jr.php,,,88.6,,,,,,14.0,Marvin Harrison,2026-08-07,ARI
/nfl/rankings/ppr-wr-cheatsheets.php,redraft-wr,rp,DK Metcalf,18219,WR,PIT,35.66,4.45,26,46,,dk-metcalf.php,,,91.8,,,,,,9.0,DK Metcalf,2026-08-07,PIT
/nfl/rankings/ppr-wr-cheatsheets.php,redraft-wr,rp,Brian Thomas Jr.,23000,WR,JAC,35.69,5.07,25,49,,brian-thomas-jr.php,,,87.8,,,,,,7.0,Brian Thomas,2026-08-07,JAC
/nfl/rankings/ppr-wr-cheatsheets.php,redraft-wr,rp,Parker Washington,23106,WR,JAC,35.73,6.45,24,51,,parker-washington.php,,,88.0,,,,,,7.0,Parker Washington,2026-08-07,JAC
/nfl/rankings/ppr-wr-cheatsheets.php,redraft-wr,rp,Chris Godwin Jr.,16406,WR,TB,36.54,4.81,21,47,,chris-godwin.php,,,85.2,,,,,,10.0,Chris Godwin,2026-08-07,TBB
/nfl/rankings/ppr-wr-cheatsheets.php,redraft-wr,rp,Michael Pittman Jr.,19278,WR,PIT,37.33,5.17,21,50,,michael-pittman.php,,,87.0,,,,,,9.0,Michael Pittman,2026-08-07,PIT
/nfl/rankings/ppr-wr-cheatsheets.php,redraft-wr,rp,Alec Pierce,23791,WR,IND,37.47,5.67,27,50,,alec-pierce.php,,,89.5,,,,,-4.0,13.0,Alec Pierce,2026-08-07,IND
/nfl/rankings/ppr-wr-cheatsheets.php,redraft-wr,rp,Courtland Sutton,17253,WR,DEN,37.66,5.31,25,47,,courtland-sutton.php,,,88.0,,,,,,10.0,Courtland Sutton,2026-08-07,DEN
/nfl/rankings/ppr-wr-cheatsheets.php,redraft-wr,rp,Wan'Dale Robinson,22985,WR,TEN,38.92,5.58,23,54,,wandale-robinson.php,,,75.9,,,,,,9.0,WanDale Robinson,2026-08-07,TEN
/nfl/rankings/ppr-wr-cheatsheets.php,redraft-wr,rp,Josh Downs,24706,WR,IND,39.02,5.66,26,53,,josh-downs.php,,,81.4,,,,,,13.0,Josh Downs,2026-08-07,IND
/nfl/rankings/ppr-wr-cheatsheets.php,redraft-wr,rp,Jordyn Tyson,26035,WR,NO,39.34,9.36,26,88,,jordyn-tyson.php,,,88.6,,,,,,8.0,Jordyn Tyson,2026-08-07,NOS
/nfl/rankings/ppr-wr-cheatsheets.php,redraft-wr,rp,Michael Wilson,25333,WR,ARI,40.07,4.86,29,53,,michael-wilson.php,,,84.8,,,,,,14.0,Michael Wilson,2026-08-07,ARI
/nfl/rankings/ppr-wr-cheatsheets.php,redraft-wr,rp,Quentin Johnston,23123,WR,LAC,43.33,4.91,31,54,,quentin-johnston.php,,,81.9,,,,,,7.0,Quentin Johnston,2026-08-07,LAC
/nfl/rankings/ppr-wr-cheatsheets.php,redraft-wr,rp,Jakobi Meyers,18598,WR,JAC,43.51,5.88,30,59,,jakobi-meyers.php,,,81.3,,,,,,7.0,Jakobi Meyers,2026-08-07,JAC
/nfl/rankings/ppr-wr-cheatsheets.php,redraft-wr,rp,Makai Lemon,25420,WR,PHI,44.18,8.31,31,86,,makai-lemon.php,,,87.4,,,,,,10.0,Makai Lemon,2026-08-07,PHI
/nfl/rankings/ppr-wr-cheatsheets.php,redraft-wr,rp,Jordan Addison,23107,WR,MIN,45.52,4.94,33,66,,jordan-addison.php,,,83.4,,,,,,6.0,Jordan Addison,2026-08-07,MIN
/nfl/rankings/ppr-wr-cheatsheets.php,redraft-wr,rp,Jayden Reed,23020,WR,GB,46.07,4.52,36,56,,jayden-reed.php,,,76.0,,,,,,11.0,Jayden Reed,2026-08-07,GBP
/nfl/rankings/ppr-wr-cheatsheets.php,redraft-wr,rp,Jayden Higgins,27077,WR,HOU,50.31,4.23,40,62,,jayden-higgins.php,,,47.4,,,,,,8.0,Jayden Higgins,2026-08-07,HOU
/nfl/rankings/ppr-wr-cheatsheets.php,redraft-wr,rp,Khalil Shakir,23748,WR,BUF,50.93,4.94,39,63,,khalil-shakir.php,,,65.4,,,,,,7.0,Khalil Shakir,2026-08-07,BUF
/nfl/rankings/ppr-wr-cheatsheets.php,redraft-wr,rp,Xavier Worthy,23019,WR,KC,51.08,4.34,40,62,,xavier-worthy.php,,,71.8,,,,,,5.0,Xavier Worthy,2026-08-07,KCC
/nfl/rankings/ppr-wr-cheatsheets.php,redraft-wr,rp,Jalen Coker,26403,WR,CAR,52.25,4.37,43,64,,jalen-coker.php,,,46.7,,,,,,5.0,Jalen Coker,2026-08-07,CAR
/nfl/rankings/ppr-wr-cheatsheets.php,redraft-wr,rp,Romeo Doubs,23794,WR,NE,52.96,4.81,41,67,,romeo-doubs.php,,,65.9,,,,,,11.0,Romeo Doubs,2026-08-07,NEP
/nfl/rankings/ppr-wr-cheatsheets.php,redraft-wr,rp,KC Concepcion,27331,WR,CLE,53.82,11.53,37,108,,kevin-concepcion.php,,,66.0,,,,,,11.0,KC Concepcion,2026-08-07,CLE
/nfl/rankings/ppr-wr-cheatsheets.php,redraft-wr,rp,Matthew Golden,26024,WR,GB,54.89,5.48,40,72,,matthew-golden.php,,,67.1,,,,,,11.0,Matthew Golden,2026-08-07,GBP
/nfl/rankings/ppr-wr-cheatsheets.php,redraft-wr,rp,Rashid Shaheed,24687,WR,SEA,58.8,3.78,50,69,,rashid-shaheed.php,,,44.4,,,,,,11.0,Rashid Shaheed,2026-08-07,SEA
/nfl/rankings/ppr-wr-cheatsheets.php,redraft-wr,rp,Jerry Jeudy,19201,WR,CLE,62.83,7.52,50,91,,jerry-jeudy.php,,,34.7,,,,,,11.0,Jerry Jeudy,2026-08-07,CLE
/nfl/rankings/ppr-wr-cheatsheets.php,redraft-wr,rp,Jauan Jennings,19590,WR,MIN,60.89,8.56,41,101,,jauan-jennings.php,,,35.1,,,,,,6.0,Jauan Jennings,2026-08-07,MIN
/nfl/rankings/ppr-wr-cheatsheets.php,redraft-wr,rp,Omar Cooper Jr.,28127,WR,NYJ,64.04,10.59,53,109,,omar-cooper-jr.php,,,39.1,,,,,,13.0,Omar Cooper,2026-08-07,NYJ
/nfl/rankings/ppr-wr-cheatsheets.php,redraft-wr,rp,Jalen McMillan,23179,WR,TB,64.78,9.1,52,105,,jalen-mcmillan.php,,,30.8,,,,,,10.0,Jalen McMillan,2026-08-07,TBB
/nfl/rankings/ppr-wr-cheatsheets.php,redraft-wr,rp,Denzel Boston,27339,WR,CLE,62.93,11.38,49,114,,denzel-boston.php,,,36.1,,,,,,11.0,Denzel Boston,2026-08-07,CLE
/nfl/rankings/ppr-wr-cheatsheets.php,redraft-wr,rp,Adonai Mitchell,24357,WR,NYJ,65.05,9.11,52,109,,adonai-mitchell.php,,,18.3,,,,,,13.0,Adonai Mitchell,2026-08-07,NYJ
/nfl/rankings/ppr-wr-cheatsheets.php,redraft-wr,rp,Tre Tucker,25337,WR,LV,66.67,9.36,48,103,,tre-tucker.php,,,22.1,,,,,,13.0,Tre Tucker,2026-08-07,LVR
/nfl/rankings/ppr-wr-cheatsheets.php,redraft-wr,rp,Deebo Samuel Sr.,18244,WR,SF,58.71,11.81,34,87,,deebo-samuel.php,,,56.2,,,,,10.0,8.0,Deebo Samuel,2026-08-07,SFO
/nfl/rankings/ppr-wr-cheatsheets.php,redraft-wr,rp,Tre' Harris,26215,WR,LAC,69.31,8.99,55,106,,tre-harris.php,,,15.6,,,,,,7.0,Tre Harris,2026-08-07,LAC
/nfl/rankings/ppr-wr-cheatsheets.php,redraft-wr,rp,Travis Hunter,26034,WR,JAC,65.88,10.06,43,104,,travis-hunter.php,,,66.7,,,,,,7.0,Travis Hunter,2026-08-07,JAC
/nfl/rankings/ppr-wr-cheatsheets.php,redraft-wr,rp,Ryan Flournoy,26398,WR,DAL,70.44,9.17,59,117,,ryan-flournoy.php,,,14.8,,,,,,14.0,Ryan Flournoy,2026-08-07,DAL
/nfl/rankings/ppr-wr-cheatsheets.php,redraft-wr,rp,De'Zhaun Stribling,28138,WR,SF,73.65,18.43,50,140,,dezhaun-stribling.php,,,24.1,,,,,,8.0,DeZhaun Stribling,2026-08-07,SFO
/nfl/rankings/ppr-wr-cheatsheets.php,redraft-wr,rp,Kayshon Boutte,22989,WR,NE,72.91,8.59,54,98,,kayshon-boutte.php,,,21.4,,,,,,11.0,Kayshon Boutte,2026-08-07,NEP
/nfl/rankings/ppr-wr-cheatsheets.php,redraft-wr,rp,Calvin Ridley,17258,WR,TEN,75.56,11.17,56,118,,calvin-ridley.php,,,19.8,,,,,,9.0,Calvin Ridley,2026-08-07,TEN
/nfl/rankings/ppr-wr-cheatsheets.php,redraft-wr,rp,Stefon Diggs,13981,WR,WAS,57.48,16.9,35,110,,stefon-diggs.php,,,55.5,,,,,,7.0,Stefon Diggs,2026-08-07,WAS
/nfl/rankings/ppr-wr-cheatsheets.php,redraft-wr,rp,Dontayvion Wicks,24354,WR,PHI,75.67,8.07,57,97,,dontayvion-wicks.php,,,12.4,,,,,,10.0,Dontayvion Wicks,2026-08-07,PHI
/nfl/rankings/ppr-wr-cheatsheets.php,redraft-wr,rp,Jalen Nailor,24177,WR,LV,73.46,13.78,47,113,,jalen-nailor.php,,,31.7,,,,,,13.0,Jalen Nailor,2026-08-07,LVR
/nfl/rankings/ppr-wr-cheatsheets.php,redraft-wr,rp,Malik Washington,26314,WR,MIA,75.36,12.29,54,105,,malik-washington.php,,,16.9,,,,,,6.0,Malik Washington,2026-08-07,MIA
/nfl/rankings/ppr-wr-cheatsheets.php,redraft-wr,rp,Troy Franklin,23092,WR,DEN,73.87,12.25,52,117,,troy-franklin.php,,,12.9,,,,,,10.0,Troy Franklin,2026-08-07,DEN
/nfl/rankings/ppr-wr-cheatsheets.php,redraft-wr,rp,Darnell Mooney,19810,WR,NYG,77.05,8.29,59,104,,darnell-mooney.php,,,17.4,,,,,,8.0,Darnell Mooney,2026-08-07,NYG
/nfl/rankings/ppr-wr-cheatsheets.php,redraft-wr,rp,Rashod Bateman,19794,WR,BAL,82.39,9.57,63,108,,rashod-bateman.php,,,8.7,,,,,,13.0,Rashod Bateman,2026-08-07,BAL
/nfl/rankings/ppr-wr-cheatsheets.php,redraft-wr,rp,Jaylin Noel,27122,WR,HOU,73.64,10.59,53,108,,jaylin-noel.php,,,10.3,,,,,-8.0,8.0,Jaylin Noel,2026-08-07,HOU
/nfl/rankings/ppr-wr-cheatsheets.php,redraft-wr,rp,Pat Bryant,27211,WR,DEN,77.84,9.11,63,117,,pat-bryant.php,,,11.4,,,,,,10.0,Pat Bryant,2026-08-07,DEN
/nfl/rankings/ppr-wr-cheatsheets.php,redraft-wr,rp,Isaac TeSlaa,27446,WR,DET,75.42,8.28,62,106,,isaac-teslaa.php,,,18.7,,,,,,6.0,Isaac TeSlaa,2026-08-07,DET
/nfl/rankings/ppr-wr-cheatsheets.php,redraft-wr,rp,Antonio Williams,25418,WR,WAS,76.67,14.88,53,118,,antonio-williams-wr.php,,,28.4,,,,,,7.0,Antonio Williams,2026-08-07,WAS
/nfl/rankings/ppr-wr-cheatsheets.php,redraft-wr,rp,Cooper Kupp,16433,WR,SEA,82.56,10.16,57,108,,cooper-kupp.php,,,17.1,,,,,,11.0,Cooper Kupp,2026-08-07,SEA
/nfl/rankings/ppr-wr-cheatsheets.php,redraft-wr,rp,Tank Dell,25361,WR,HOU,81.72,9.21,63,114,,nathaniel-dell.php,,,24.2,,,,,,8.0,Tank Dell,2026-08-07,HOU
/nfl/rankings/ppr-wr-cheatsheets.php,redraft-wr,rp,Zachariah Branch,25419,WR,ATL,84.41,12.27,58,122,,zachariah-branch.php,,,23.2,,,,,,11.0,Zachariah Branch,2026-08-07,ATL
/nfl/rankings/ppr-wr-cheatsheets.php,redraft-wr,rp,Germie Bernard,26039,WR,PIT,84.76,10.54,68,117,,germie-bernard.php,,,20.4,,,,,,9.0,Germie Bernard,2026-08-07,PIT
/nfl/rankings/ppr-wr-cheatsheets.php,redraft-wr,rp,Keon Coleman,26019,WR,BUF,89.38,11.08,57,113,,keon-coleman.php,,,9.3,,,,,,7.0,Keon Coleman,2026-08-07,BUF
/nfl/rankings/ppr-wr-cheatsheets.php,redraft-wr,rp,Chimere Dike,27315,WR,TEN,85.23,13.51,58,132,,chimere-dike.php,,,11.3,,,,,,9.0,Chimere Dike,2026-08-07,TEN
/nfl/rankings/ppr-wr-cheatsheets.php,redraft-wr,rp,Jack Bech,27224,WR,LV,88.0,10.06,59,119,,jack-bech.php,,,8.7,,,,,,13.0,Jack Bech,2026-08-07,LVR
/nfl/rankings/ppr-wr-cheatsheets.php,redraft-wr,rp,Elic Ayomanor,27059,WR,TEN,89.69,12.15,63,120,,elic-ayomanor.php,,,9.3,,,,,,9.0,Elic Ayomanor,2026-08-07,TEN
/nfl/rankings/ppr-wr-cheatsheets.php,redraft-wr,rp,Tory Horton,26022,WR,SEA,92.82,10.23,71,133,,tory-horton.php,,,10.7,,,,,,11.0,Tory Horton,2026-08-07,SEA
/nfl/rankings/ppr-wr-cheatsheets.php,redraft-wr,rp,Malachi Fields,27994,WR,NYG,94.0,14.74,73,163,,malachi-fields.php,,,17.1,,,,,,8.0,Malachi Fields,2026-08-07,NYG
/nfl/rankings/ppr-wr-cheatsheets.php,redraft-wr,rp,Elijah Sarratt,27463,WR,BAL,94.07,14.1,73,187,,elijah-sarratt.php,,,16.3,,,,,,13.0,Elijah Sarratt,2026-08-07,BAL
/nfl/rankings/ppr-wr-cheatsheets.php,redraft-wr,rp,Christian Kirk,17268,WR,SF,92.27,10.32,67,117,,christian-kirk.php,,,13.0,,,,,,8.0,Christian Kirk,2026-08-07,SFO
/nfl/rankings/ppr-wr-cheatsheets.php,redraft-wr,rp,Darius Slayton,18706,WR,NYG,95.94,10.82,70,128,,darius-slayton.php,,,4.4,,,,,,8.0,Darius Slayton,2026-08-07,NYG
/nfl/rankings/ppr-wr-cheatsheets.php,redraft-wr,rp,Ted Hurst III,28130,WR,TB,92.87,12.15,75,139,,ted-hurst.php,,,17.4,,,,,,10.0,Ted Hurst,2026-08-07,TBB
/nfl/rankings/ppr-wr-cheatsheets.php,redraft-wr,rp,Chris Bell,26038,WR,MIA,89.38,11.51,60,117,,chris-bell.php,,,20.3,,,,,,6.0,Chris Bell,2026-08-07,MIA
/nfl/rankings/ppr-wr-cheatsheets.php,redraft-wr,rp,Tyquan Thornton,22913,WR,KC,97.13,11.79,66,132,,tyquan-thornton.php,,,6.4,,,,,,5.0,Tyquan Thornton,2026-08-07,KCC
/nfl/rankings/ppr-wr-cheatsheets.php,redraft-wr,rp,Marvin Mims Jr.,23080,WR,DEN,94.86,9.91,76,142,,marvin-mims.php,,,10.5,,,,,,10.0,Marvin Mims,2026-08-07,DEN
/nfl/rankings/ppr-wr-cheatsheets.php,redraft-wr,rp,Devaughn Vele,26409,WR,NO,98.11,8.16,78,117,,devaughn-vele.php,,,9.0,,,,,,8.0,Devaughn Vele,2026-08-07,NOS
/nfl/rankings/ppr-wr-cheatsheets.php,redraft-wr,rp,Xavier Legette,26136,WR,CAR,95.13,11.92,69,126,,xavier-legette.php,,,3.1,,,,,,5.0,Xavier Legette,2026-08-07,CAR
/nfl/rankings/ppr-wr-cheatsheets.php,redraft-wr,rp,Hollywood Brown,18226,WR,PHI,101.79,9.36,74,126,,marquise-brown.php,,,5.4,,,,,,10.0,Marquise Brown,2026-08-07,PHI
/nfl/rankings/ppr-wr-cheatsheets.php,redraft-wr,rp,Brandon Aiyuk,19252,WR,SF,86.02,18.46,52,156,,brandon-aiyuk.php,,,25.3,,,,,,8.0,Brandon Aiyuk,2026-08-07,SFO
/nfl/rankings/ppr-wr-cheatsheets.php,redraft-wr,rp,Keenan Allen,11616,WR,LAC,99.35,14.85,69,168,,keenan-allen.php,,,7.1,,,,,,7.0,Keenan Allen,2026-08-07,LAC
/nfl/rankings/ppr-wr-cheatsheets.php,redraft-wr,rp,Ja'Kobi Lane,27337,WR,BAL,103.44,11.76,81,140,,jakobi-lane.php,,,19.8,,,,,,13.0,JaKobi Lane,2026-08-07,BAL
/nfl/rankings/ppr-wr-cheatsheets.php,redraft-wr,rp,Skyler Bell,28126,WR,BUF,104.35,14.51,74,146,,skyler-bell.php,,,13.4,,,,,,7.0,Skyler Bell,2026-08-07,BUF
/nfl/rankings/ppr-wr-cheatsheets.php,redraft-wr,rp,Mack Hollins,16489,WR,NE,101.12,14.47,66,143,,mack-hollins.php,,,2.9,,,,,,11.0,Mack Hollins,2026-08-07,NEP
/nfl/rankings/ppr-wr-cheatsheets.php,redraft-wr,rp,Kyle Williams,27487,WR,NE,101.5,15.14,73,148,,kyle-williams-wr-2025.php,,,5.6,,,,,,11.0,Kyle Williams,2026-08-07,NEP
/nfl/rankings/ppr-wr-cheatsheets.php,redraft-wr,rp,Isaiah Bond,24371,WR,CLE,109.1,15.12,87,184,,isaiah-bond.php,,,2.6,,,,,,11.0,Isaiah Bond,2026-08-07,CLE
/nfl/rankings/ppr-wr-cheatsheets.php,redraft-wr,rp,Tyreek Hill,15802,WR,FA,92.04,17.64,55,158,,tyreek-hill.php,,,28.8,,,,,,,Tyreek Hill,2026-08-07,FA
/nfl/rankings/ppr-wr-cheatsheets.php,redraft-wr,rp,Andrei Iosivas,25335,WR,CIN,99.91,13.58,66,130,,andrei-iosivas.php,,,4.4,,,,,,6.0,Andrei Iosivas,2026-08-07,CIN
/nfl/rankings/ppr-wr-cheatsheets.php,redraft-wr,rp,Chris Brazzell II,28047,WR,CAR,105.73,17.03,86,167,,chris-brazzell-ii.php,,,14.0,,,,,,5.0,Chris Brazzell,2026-08-07,CAR
/nfl/rankings/ppr-wr-cheatsheets.php,redraft-wr,rp,Caleb Douglas,28135,WR,MIA,105.15,19.02,70,144,,caleb-douglas.php,,,4.4,,,,,,6.0,Caleb Douglas,2026-08-07,MIA
/nfl/rankings/ppr-wr-cheatsheets.php,redraft-wr,rp,Luke McCaffrey,26328,WR,WAS,113.26,12.33,75,148,,luke-mccaffrey.php,,,1.2,,,,,,7.0,Luke McCaffrey,2026-08-07,WAS
/nfl/rankings/ppr-wr-cheatsheets.php,redraft-wr,rp,Cedric Tillman,25287,WR,CLE,113.54,17.93,91,197,,cedric-tillman.php,,,1.1,,,,,,11.0,Cedric Tillman,2026-08-07,CLE
/nfl/rankings/ppr-wr-cheatsheets.php,redraft-wr,rp,Jalen Tolbert,23770,WR,MIA,107.33,19.44,67,149,,jalen-tolbert.php,,,4.9,,,,,,6.0,Jalen Tolbert,2026-08-07,MIA
/nfl/rankings/ppr-wr-cheatsheets.php,redraft-wr,rp,Tez Johnson,27147,WR,TB,113.0,8.24,91,128,,tez-johnson.php,,,1.8,,,,,,10.0,Tez Johnson,2026-08-07,TBB
/nfl/rankings/ppr-wr-cheatsheets.php,redraft-wr,rp,Cyrus Allen,28424,WR,KC,100.55,25.15,61,150,,cyrus-allen.php,,,4.0,,,,,17.0,5.0,Cyrus Allen,2026-08-07,KCC
/nfl/rankings/ppr-wr-cheatsheets.php,redraft-wr,rp,Konata Mumpfield,27449,WR,LAR,108.74,13.05,91,151,,konata-mumpfield.php,,,1.1,,,,,,11.0,Konata Mumpfield,2026-08-07,LAR
/nfl/rankings/ppr-wr-cheatsheets.php,redraft-wr,rp,Jalen Royals,27076,WR,KC,115.06,9.91,97,149,,jalen-royals.php,,,1.5,,,,,,5.0,Jalen Royals,2026-08-07,KCC
/nfl/rankings/ppr-wr-cheatsheets.php,redraft-wr,rp,Calvin Austin III,23739,WR,NYG,115.34,14.98,90,146,,calvin-austin.php,,,2.4,,,,,,8.0,Calvin Austin,2026-08-07,NYG
/nfl/rankings/ppr-wr-cheatsheets.php,redraft-wr,rp,Jahan Dotson,23101,WR,ATL,107.5,15.95,73,152,,jahan-dotson.php,,,4.0,,,,,,11.0,Jahan Dotson,2026-08-07,ATL
/nfl/rankings/ppr-wr-cheatsheets.php,redraft-wr,rp,Olamide Zaccheaus,18864,WR,ATL,114.29,11.54,86,136,,olamide-zaccheaus.php,,,2.9,,,,,,11.0,Olamide Zaccheaus,2026-08-07,ATL
/nfl/rankings/ppr-wr-cheatsheets.php,redraft-wr,rp,DeMario Douglas,25304,WR,NE,117.12,12.91,81,142,,demario-douglas.php,,,5.5,,,,,,11.0,Demario Douglas,2026-08-07,NEP
/nfl/rankings/ppr-wr-cheatsheets.php,redraft-wr,rp,Treylon Burks,22905,WR,WAS,116.57,15.92,81,154,,treylon-burks.php,,,3.6,,,,,,7.0,Treylon Burks,2026-08-07,WAS
/nfl/rankings/ppr-wr-cheatsheets.php,redraft-wr,rp,Bryce Lance,28129,WR,NO,120.18,18.67,79,181,,bryce-lance.php,,,5.5,,,,,,8.0,Bryce Lance,2026-08-07,NOS
/nfl/rankings/ppr-wr-cheatsheets.php,redraft-wr,rp,Brenen Thompson,28133,WR,LAC,116.0,17.86,90,157,,brenen-thompson.php,,,3.9,,,,,,7.0,Brenen Thompson,2026-08-07,LAC
/nfl/rankings/ppr-wr-cheatsheets.php,redraft-wr,rp,Joshua Palmer,22845,WR,BUF,108.42,18.68,70,138,,josh-palmer.php,,,1.1,,,,,,7.0,Josh Palmer,2026-08-07,BUF
/nfl/rankings/ppr-wr-cheatsheets.php,redraft-wr,rp,Kendrick Bourne,17066,WR,ARI,110.92,19.11,80,150,,kendrick-bourne.php,,,3.1,,,,,,14.0,Kendrick Bourne,2026-08-07,ARI
/nfl/rankings/ppr-wr-cheatsheets.php,redraft-wr,rp,Jaylin Lane,27454,WR,WAS,125.56,11.09,105,156,,jaylin-lane.php,,,2.0,,,,,,7.0,Jaylin Lane,2026-08-07,WAS
/nfl/rankings/ppr-wr-cheatsheets.php,redraft-wr,rp,Dont'e Thornton Jr.,27288,WR,LV,119.96,16.64,95,160,,donte-thornton-jr.php,,,1.5,,,,,,13.0,Donte Thornton,2026-08-07,LVR
/nfl/rankings/ppr-wr-cheatsheets.php,redraft-wr,rp,John Metchie III,22895,WR,CAR,119.59,16.55,100,174,,john-metchie.php,,,1.8,,,,,,5.0,John Metchie,2026-08-07,CAR
/nfl/rankings/ppr-wr-cheatsheets.php,redraft-wr,rp,Savion Williams,27144,WR,GB,126.39,12.33,105,161,,savion-williams.php,,,1.1,,,,,,11.0,Savion Williams,2026-08-07,GBP
/nfl/rankings/ppr-wr-cheatsheets.php,redraft-wr,rp,Xavier Hutchinson,25332,WR,HOU,124.86,13.67,105,159,,xavier-hutchinson.php,,,0.9,,,,,,8.0,Xavier Hutchinson,2026-08-07,HOU
/nfl/rankings/ppr-wr-cheatsheets.php,redraft-wr,rp,Tutu Atwell,20126,WR,MIA,119.21,19.58,85,158,,tutu-atwell.php,,,1.5,,,,,,6.0,Tutu Atwell,2026-08-07,MIA
/nfl/rankings/ppr-wr-cheatsheets.php,redraft-wr,rp,Kevin Coleman Jr.,28067,WR,MIA,123.94,17.31,92,163,,kevin-coleman-jr.php,,,2.6,,,,,,6.0,Kevin Coleman,2026-08-07,MIA
/nfl/rankings/ppr-wr-cheatsheets.php,redraft-wr,rp,Kalif Raymond,16081,WR,CHI,117.19,18.5,86,162,,kalif-raymond.php,,,0.8,,,,,,10.0,Kalif Raymond,2026-08-07,CHI
/nfl/rankings/ppr-wr-cheatsheets.php,redraft-wr,rp,Nick Westbrook-Ikhine,19747,WR,IND,121.31,19.36,95,165,,nick-westbrook.php,,,1.0,,,,,,13.0,Nick Westbrook-Ikhine,2026-08-07,IND
/nfl/rankings/ppr-wr-cheatsheets.php,redraft-wr,rp,KaVontae Turpin,18520,WR,DAL,122.4,23.09,92,166,,kavontae-turpin.php,,,3.5,,,,,,14.0,KaVontae Turpin,2026-08-07,DAL
/nfl/rankings/ppr-wr-cheatsheets.php,redraft-wr,rp,Zavion Thomas,28132,WR,CHI,132.75,15.88,109,164,,zavion-thomas.php,,,5.1,,,,,,10.0,Zavion Thomas,2026-08-07,CHI
/nfl/rankings/ppr-wr-cheatsheets.php,redraft-wr,rp,Jordan Whittington,23135,WR,LAR,126.5,18.25,95,168,,jordan-whittington.php,,,0.8,,,,,,11.0,Jordan Whittington,2026-08-07,LAR
/nfl/rankings/ppr-wr-cheatsheets.php,redraft-wr,rp,Deion Burks,27093,WR,IND,130.64,14.54,112,167,,deion-burks.php,,,2.1,,,,,,13.0,Deion Burks,2026-08-07,IND
/nfl/rankings/ppr-wr-cheatsheets.php,redraft-wr,rp,CJ Daniels,28125,WR,LAR,138.47,21.43,110,192,,cj-daniels.php,,,1.9,,,,,,11.0,CJ Daniels,2026-08-07,LAR
/nfl/rankings/ppr-wr-cheatsheets.php,redraft-wr,rp,Devontez Walker,26011,WR,BAL,126.23,24.4,89,170,,devontez-walker.php,,,0.9,,,,,,13.0,Devontez Walker,2026-08-07,BAL
/nfl/rankings/ppr-wr-cheatsheets.php,redraft-wr,rp,Dyami Brown,20113,WR,WAS,132.23,13.83,110,157,,dyami-brown.php,,,0.8,,,,,,7.0,Dyami Brown,2026-08-07,WAS
/nfl/rankings/ppr-wr-cheatsheets.php,redraft-wr,rp,Malik Benson,26012,WR,LV,139.33,20.55,111,171,,malik-benson.php,,,1.5,,,,,,13.0,Malik Benson,2026-08-07,LVR
/nfl/rankings/ppr-wr-cheatsheets.php,redraft-wr,rp,Demarcus Robinson,15665,WR,SF,140.67,15.39,113,174,,demarcus-robinson.php,,,0.8,,,,,,8.0,Demarcus Robinson,2026-08-07,SFO
/nfl/rankings/ppr-wr-cheatsheets.php,redraft-wr,rp,Ashton Dulin,18656,WR,IND,130.3,18.66,114,173,,ashton-dulin.php,,,0.7,,,,,,13.0,Ashton Dulin,2026-08-07,IND
/nfl/rankings/ppr-wr-cheatsheets.php,redraft-wr,rp,Colbie Young,26037,WR,CIN,144.0,15.33,125,172,,colbie-young.php,,,1.5,,,,,,6.0,Colbie Young,2026-08-07,CIN
/nfl/rankings/ppr-wr-cheatsheets.php,redraft-wr,rp,Greg Dortch,18585,WR,DET,129.75,22.4,105,176,,greg-dortch.php,,,1.5,,,,,,6.0,Greg Dortch,2026-08-07,DET
/nfl/rankings/ppr-wr-cheatsheets.php,redraft-wr,rp,Roman Wilson,28896,WR,PIT,144.44,14.58,123,175,,roman-wilson-wr.php,,,1.5,,,,,,9.0,Roman Wilson,2026-08-07,PIT
/nfl/rankings/ppr-wr-cheatsheets.php,redraft-wr,rp,Mitch Tinsley,24370,WR,CIN,138.5,21.56,102,178,,mitchell-tinsley.php,,,0.6,,,,,,6.0,Mitch Tinsley,2026-08-07,CIN
/nfl/rankings/ppr-wr-cheatsheets.php,redraft-wr,rp,Tim Patrick,16556,WR,NYJ,150.5,16.29,115,177,,tim-patrick.php,,,1.0,,,,,,13.0,Tim Patrick,2026-08-07,NYJ
/nfl/rankings/ppr-wr-cheatsheets.php,redraft-wr,rp,Tai Felton,27182,WR,MIN,152.0,16.76,126,180,,tai-felton.php,,,0.6,,,,,,6.0,Tai Felton,2026-08-07,MIN
/nfl/rankings/ppr-wr-cheatsheets.php,redraft-wr,rp,Marquez Valdes-Scantling,17528,WR,DAL,147.57,11.35,132,167,,marquez-valdesscantling.php,,,0.7,,,,,,14.0,Marquez Valdes-Scantling,2026-08-07,DAL
/nfl/rankings/ppr-wr-cheatsheets.php,redraft-wr,rp,Scotty Miller,18714,WR,CHI,144.5,22.28,119,189,,scott-miller.php,,,0.1,,,,,,10.0,Scott Miller,2026-08-07,CHI
/nfl/rankings/ppr-wr-cheatsheets.php,redraft-wr,rp,Jake Bobo,25339,WR,SEA,153.0,22.01,111,182,,jake-bobo.php,,,0.6,,,,,,11.0,Jake Bobo,2026-08-07,SEA
/nfl/rankings/ppr-wr-cheatsheets.php,redraft-wr,rp,Odell Beckham Jr.,12127,WR,NYG,140.8,18.43,121,169,,odell-beckham.php,,,5.0,,,,,,8.0,Odell Beckham,2026-08-07,NYG
/nfl/rankings/ppr-wr-cheatsheets.php,redraft-wr,rp,Tyler Lockett,13971,WR,LV,120.75,28.23,73,146,,tyler-lockett.php,,,0.6,,,,,,13.0,Tyler Lockett,2026-08-07,LVR
/nfl/rankings/ppr-wr-cheatsheets.php,redraft-wr,rp,Xavier Smith,25627,WR,LAR,142.0,29.43,107,187,,xavier-smith.php,,,0.6,,,,,,11.0,Xavier Smith,2026-08-07,LAR
/nfl/rankings/ppr-wr-cheatsheets.php,redraft-wr,rp,Jahdae Walker,27810,WR,CHI,144.0,26.0,119,192,,jahdae-walker.php,,,0.9,,,,,,10.0,Jahdae Walker,2026-08-07,CHI
/nfl/rankings/ppr-wr-cheatsheets.php,redraft-wr,rp,KeAndre Lambert-Smith,24372,WR,LAC,157.83,16.72,138,190,,keandre-lambert-smith.php,,,0.7,,,,,,7.0,KeAndre Lambert-Smith,2026-08-07,LAC
/nfl/rankings/ppr-wr-cheatsheets.php,redraft-wr,rp,Lil'Jordan Humphrey,18590,WR,DEN,160.17,11.71,148,184,,liljordan-humphrey.php,,,1.1,,,,,,10.0,LilJordan Humphrey,2026-08-07,DEN
/nfl/rankings/ppr-wr-cheatsheets.php,redraft-wr,rp,Kevin Austin Jr.,23049,WR,NO,138.5,34.28,90,176,,kevin-austin.php,,,1.0,,,,,,8.0,Kevin Austin,2026-08-07,NOS
/nfl/rankings/ppr-wr-cheatsheets.php,redraft-wr,rp,Elijah Moore,20114,WR,PHI,162.2,22.73,141,201,,elijah-moore.php,,,0.6,,,,,,10.0,Elijah Moore,2026-08-07,PHI
/nfl/rankings/ppr-wr-cheatsheets.php,redraft-wr,rp,Jakobie Keeney-James,27705,WR,PIT,123.33,27.54,100,162,,jakobie-keeney-james.php,,,0.0,,,,,,9.0,Jakobie Keeney-James,2026-08-07,PIT
/nfl/rankings/ppr-wr-cheatsheets.php,redraft-wr,rp,Derius Davis,25334,WR,LAC,163.4,15.81,136,179,,derius-davis.php,,,0.6,,,,,,7.0,Derius Davis,2026-08-07,LAC
/nfl/rankings/ppr-wr-cheatsheets.php,redraft-wr,rp,Reggie Virgil,28141,WR,ARI,163.8,26.23,137,206,,reggie-virgil.php,,,0.7,,,,,,14.0,Reggie Virgil,2026-08-07,ARI
/nfl/rankings/ppr-wr-cheatsheets.php,redraft-wr,rp,DeAndre Hopkins,11606,WR,BAL,149.25,10.5,134,163,,deandre-hopkins.php,,,0.6,,,,,,13.0,DeAndre Hopkins,2026-08-07,BAL
/nfl/rankings/ppr-wr-cheatsheets.php,redraft-wr,rp,Theo Wease Jr.,27222,WR,MIA,164.2,16.47,139,190,,theo-wease-jr.php,,,2.2,,,,,,6.0,Theo Wease,2026-08-07,MIA
/nfl/rankings/ppr-wr-cheatsheets.php,redraft-wr,rp,Myles Price,27805,WR,MIN,164.6,25.9,119,197,,myles-price.php,,,0.6,,,,,,6.0,Myles Price,2026-08-07,MIN
/nfl/rankings/ppr-wr-cheatsheets.php,redraft-wr,rp,Skyy Moore,23905,WR,GB,165.2,26.84,131,198,,skyy-moore.php,,,0.8,,,,,,11.0,Skyy Moore,2026-08-07,GBP
/nfl/rankings/ppr-wr-cheatsheets.php,redraft-wr,rp,Jimmy Horn Jr.,27294,WR,CAR,165.8,16.2,140,186,,jimmy-horn-jr.php,,,0.8,,,,,,5.0,Jimmy Horn,2026-08-07,CAR
/nfl/rankings/ppr-wr-cheatsheets.php,redraft-wr,rp,Josh Cameron,28137,WR,JAC,166.4,34.93,135,220,,josh-cameron.php,,,1.6,,,,,,7.0,Josh Cameron,2026-08-07,JAC
/nfl/rankings/ppr-wr-cheatsheets.php,redraft-wr,rp,Anthony Gould,26404,WR,IND,166.8,18.47,137,189,,anthony-gould.php,,,0.6,,,,,,13.0,Anthony Gould,2026-08-07,IND
/nfl/rankings/ppr-wr-cheatsheets.php,redraft-wr,rp,Xavier Restrepo,27066,WR,TEN,131.67,15.84,119,154,,xavier-restrepo.php,,,1.1,,,,,,9.0,Xavier Restrepo,2026-08-07,TEN
/nfl/rankings/ppr-wr-cheatsheets.php,redraft-wr,rp,Michael Woods II,23893,WR,DEN,134.67,20.76,119,164,,michael-woods.php,,,1.0,,,,,,10.0,Mike Woods,2026-08-07,DEN
/nfl/rankings/ppr-wr-cheatsheets.php,redraft-wr,rp,Xavier Weaver,23957,WR,ARI,171.0,15.14,154,195,,xavier-weaver.php,,,0.0,,,,,,14.0,Xavier Weaver,2026-08-07,ARI
/nfl/rankings/ppr-wr-cheatsheets.php,redraft-wr,rp,Mecole Hardman Jr.,18587,WR,BUF,171.2,23.86,127,190,,mecole-hardman.php,,,0.6,,,,,,7.0,Mecole Hardman,2026-08-07,BUF
/nfl/rankings/ppr-wr-cheatsheets.php,redraft-wr,rp,Kendric Pryor,24839,WR,CIN,139.33,23.84,121,173,,kendric-pryor.php,,,1.0,,,,,,6.0,Kendric Pryor,2026-08-07,CIN
/nfl/rankings/ppr-wr-cheatsheets.php,redraft-wr,rp,Isaiah Williams,10977,WR,FA,160.5,36.14,108,203,,isaiah-williams.php,,,0.0,,,,,,,Isaiah Williams,2026-08-07,FA
/nfl/rankings/ppr-wr-cheatsheets.php,redraft-wr,rp,Van Jefferson,19483,WR,WAS,160.5,33.72,119,202,,van-jefferson.php,,,0.9,,,,,,7.0,Van Jefferson,2026-08-07,WAS
/nfl/rankings/ppr-wr-cheatsheets.php,redraft-wr,rp,Efton Chism III,27445,WR,NE,173.0,20.64,148,197,,efton-chismi.php,,,0.6,,,,,29.0,11.0,Efton Chism,2026-08-07,NEP
/nfl/rankings/ppr-wr-cheatsheets.php,redraft-wr,rp,Ben Skowronek,22843,WR,PIT,161.25,19.52,141,193,,ben-skowronek.php,,,0.1,,,,,,9.0,Ben Skowronek,2026-08-07,PIT
/nfl/rankings/ppr-wr-cheatsheets.php,redraft-wr,rp,Justin Watson,17603,WR,HOU,161.75,23.57,140,199,,justin-watson.php,,,1.0,,,,,,8.0,Justin Watson,2026-08-07,HOU
/nfl/rankings/ppr-wr-cheatsheets.php,redraft-wr,rp,Jeshaun Jones,26423,WR,MIN,142.33,20.43,118,168,,jeshaun-jones.php,,,0.0,,,,,38.0,6.0,Jeshaun Jones,2026-08-07,MIN
/nfl/rankings/ppr-wr-cheatsheets.php,redraft-wr,rp,Kendrick Law,26044,WR,DET,163.25,37.56,112,204,,kendrick-law.php,,,1.5,,,,,,6.0,Kendrick Law,2026-08-07,DET
/nfl/rankings/ppr-wr-cheatsheets.php,redraft-wr,rp,Jordan Watkins,27486,WR,SF,163.25,28.45,137,207,,jordan-watkins.php,,,1.0,,,,,25.0,8.0,Jordan Watkins,2026-08-07,SFO
/nfl/rankings/ppr-wr-cheatsheets.php,redraft-wr,rp,David Sills V,18566,WR,TB,145.33,18.52,128,171,,david-sills.php,,,0.0,,,,,,10.0,David Sills,2026-08-07,TBB
/nfl/rankings/ppr-wr-cheatsheets.php,redraft-wr,rp,Zay Jones,16431,WR,FA,166.75,51.53,81,208,,zay-jones.php,,,1.0,,,,,,,Zay Jones,2026-08-07,FA
/nfl/rankings/ppr-wr-cheatsheets.php,redraft-wr,rp,Mason Tipton,26546,WR,NO,167.0,19.46,140,186,,mason-tipton.php,,,0.7,,,,,24.0,8.0,Mason Tipton,2026-08-07,NOS
/nfl/rankings/ppr-wr-cheatsheets.php,redraft-wr,rp,Sterling Shepard,15569,WR,FA,152.67,61.92,70,219,,sterling-shepard.php,,,1.8,,,,,-25.0,,Sterling Shepard,2026-08-07,FA
/nfl/rankings/ppr-wr-cheatsheets.php,redraft-wr,rp,Coleman Owen,27621,WR,IND,170.25,36.57,117,208,,coleman-owen.php,,,0.0,,,,,,13.0,Coleman Owen,2026-08-07,IND
/nfl/rankings/ppr-wr-cheatsheets.php,redraft-wr,rp,Montorie Foster Jr.,27910,WR,SEA,175.25,34.29,120,214,,montorie-foster-jr.php,,,0.0,,,,,,11.0,Montorie Foster,2026-08-07,SEA
/nfl/rankings/ppr-wr-cheatsheets.php,redraft-wr,rp,Jacob Cowing,25289,WR,SF,160.33,20.07,141,188,,jacob-cowing.php,,,0.6,,,,,,8.0,Jacob Cowing,2026-08-07,SFO
/nfl/rankings/ppr-wr-cheatsheets.php,redraft-wr,rp,Arian Smith,22965,WR,NYJ,176.0,29.22,134,208,,arian-smith.php,,,0.7,,,,,,13.0,Arian Smith,2026-08-07,NYJ
/nfl/rankings/ppr-wr-cheatsheets.php,redraft-wr,rp,Barion Brown,25416,WR,NO,176.5,32.35,123,207,,barion-brown.php,,,1.1,,,,,,8.0,Barion Brown,2026-08-07,NOS
/nfl/rankings/ppr-wr-cheatsheets.php,redraft-wr,rp,Emmanuel Henderson Jr.,24379,WR,SEA,177.0,21.04,155,204,,emmanuel-henderson.php,,,1.0,,,,,,11.0,Emmanuel Henderson,2026-08-07,SEA
/nfl/rankings/ppr-wr-cheatsheets.php,redraft-wr,rp,Ronnie Bell,23012,WR,NO,178.0,34.04,120,205,,ronnie-bell.php,,,0.0,,,,,,8.0,Ronnie Bell,2026-08-07,NOS
/nfl/rankings/ppr-wr-cheatsheets.php,redraft-wr,rp,Curtis Samuel,16434,WR,FA,178.0,23.91,151,211,,curtis-samuel.php,,,2.0,,,,,,,Curtis Samuel,2026-08-07,FA
/nfl/rankings/ppr-wr-cheatsheets.php,redraft-wr,rp,Brandin Cooks,12122,WR,FA,138.0,38.0,100,176,,brandin-cooks.php,,,0.6,,,,,-19.0,,Brandin Cooks,2026-08-07,FA
/nfl/rankings/ppr-wr-cheatsheets.php,redraft-wr,rp,Jermaine Burton,22956,WR,FA,166.67,28.69,136,205,,jermaine-burton.php,,,1.1,,,,,,,Jermaine Burton,2026-08-07,FA
/nfl/rankings/ppr-wr-cheatsheets.php,redraft-wr,rp,Dohnte Meyers,28178,WR,CIN,180.75,46.71,100,210,,dohnte-meyers.php,,,0.0,,,,,,6.0,Dohnte Meyers,2026-08-07,CIN
/nfl/rankings/ppr-wr-cheatsheets.php,redraft-wr,rp,J. Michael Sturdivant,26139,WR,GB,181.5,15.19,162,200,,jmichael-sturdivant.php,,,0.0,,,,,,11.0,J Michael Sturdivant,2026-08-07,GBP
/nfl/rankings/ppr-wr-cheatsheets.php,redraft-wr,rp,Darius Cooper,27866,WR,PHI,170.67,32.79,146,217,,darius-cooper.php,,,0.6,,,,,,10.0,Darius Cooper,2026-08-07,PHI
/nfl/rankings/ppr-wr-cheatsheets.php,redraft-wr,rp,JuJu Smith-Schuster,16427,WR,NYG,184.5,32.18,151,221,,juju-smith-schuster.php,,,1.1,,,,,,8.0,JuJu Smith-Schuster,2026-08-07,NYG
/nfl/rankings/ppr-wr-cheatsheets.php,redraft-wr,rp,Bub Means,26354,WR,NO,172.33,42.15,113,207,,bub-means.php,,,1.0,,,,,,8.0,Bub Means,2026-08-07,NOS
/nfl/rankings/ppr-wr-cheatsheets.php,redraft-wr,rp,Russell Gage Jr.,17606,WR,FA,147.5,39.5,108,187,,russell-gage.php,,,0.0,,,,,-20.0,,Russell Gage,2026-08-07,FA
/nfl/rankings/ppr-wr-cheatsheets.php,redraft-wr,rp,Michael Bandy,23531,WR,DEN,185.25,35.43,124,209,,michael-bandy.php,,,1.0,,,,,,10.0,Michael Bandy,2026-08-07,DEN
/nfl/rankings/ppr-wr-cheatsheets.php,redraft-wr,rp,Josh Reynolds,16439,WR,FA,148.0,37.0,111,185,,josh-reynolds.php,,,2.1,,,,,-26.0,,Josh Reynolds,2026-08-07,FA
/nfl/rankings/ppr-wr-cheatsheets.php,redraft-wr,rp,Jonathan Mingo,23030,WR,DAL,175.33,28.8,153,216,,jonathan-mingo.php,,,0.6,,,,,,14.0,Jonathan Mingo,2026-08-07,DAL
/nfl/rankings/ppr-wr-cheatsheets.php,redraft-wr,rp,Kaden Wetjen,28435,WR,PIT,187.75,28.7,153,219,,kaden-wetjen.php,,,0.7,,,,,,9.0,Kaden Wetjen,2026-08-07,PIT
/nfl/rankings/ppr-wr-cheatsheets.php,redraft-wr,rp,Terrace Marshall Jr.,23242,WR,MIA,176.33,43.1,116,214,,terrace-marshall.php,,,1.0,,,,,,6.0,Terrace Marshall,2026-08-07,MIA
/nfl/rankings/ppr-wr-cheatsheets.php,redraft-wr,rp,Bryce Oliver,26588,WR,TEN,155.5,5.5,150,161,,bryce-oliver.php,,,0.0,,,,,,9.0,Bryce Oliver,2026-08-07,TEN
/nfl/rankings/ppr-wr-cheatsheets.php,redraft-wr,rp,Quez Watkins,19715,WR,PHI,178.0,42.17,119,215,,quez-watkins.php,,,0.1,,,,,,10.0,Quez Watkins,2026-08-07,PHI
/nfl/rankings/ppr-wr-cheatsheets.php,redraft-wr,rp,Nikko Remigio,25772,WR,KC,178.67,28.0,155,218,,nikko-remigio.php,,,0.6,,,,,,5.0,Nikko Remigio,2026-08-07,KCC
/nfl/rankings/ppr-wr-cheatsheets.php,redraft-wr,rp,Michael Briscoe,28743,WR,MIN,158.0,35.0,123,193,,michael-briscoe.php,,,0.0,,,,,-23.0,6.0,Michael Briscoe,2026-08-07,MIN
/nfl/rankings/ppr-wr-cheatsheets.php,redraft-wr,rp,Cedrick Wilson Jr.,17262,WR,DET,159.0,36.0,123,195,,cedrick-wilson.php,,,0.6,,,,,,6.0,Cedrick Wilson,2026-08-07,DET
/nfl/rankings/ppr-wr-cheatsheets.php,redraft-wr,rp,Dylan Drummond,25912,WR,ATL,163.0,1.0,162,164,,dylan-drummond.php,,,0.0,,,,,,11.0,Dylan Drummond,2026-08-07,ATL
/nfl/rankings/ppr-wr-cheatsheets.php,redraft-wr,rp,Ainias Smith,23142,WR,FA,193.0,30.55,142,221,,ainias-smith.php,,,1.0,,,,,,,Ainias Smith,2026-08-07,FA
/nfl/rankings/ppr-wr-cheatsheets.php,redraft-wr,rp,Tahj Washington,26397,WR,MIA,164.5,44.5,120,209,,tahj-washington.php,,,1.0,,,,,,6.0,Tahj Washington,2026-08-07,MIA
/nfl/rankings/ppr-wr-cheatsheets.php,redraft-wr,rp,Diontae Johnson,18615,WR,FA,164.5,39.5,125,204,,diontae-johnson.php,,,1.0,,,,,-33.0,,Diontae Johnson,2026-08-07,FA
/nfl/rankings/ppr-wr-cheatsheets.php,redraft-wr,rp,Velus Jones Jr.,24214,WR,SEA,165.0,36.0,129,201,,velus-jonesjr.php,,,1.6,,,,,-25.0,11.0,Velus Jones,2026-08-07,SEA
/nfl/rankings/ppr-wr-cheatsheets.php,redraft-wr,rp,Michael Wortham,28526,WR,JAC,166.5,35.5,131,202,,michael-wortham.php,,,0.0,,,,,,7.0,Michael Wortham,2026-08-07,JAC
/nfl/rankings/ppr-wr-cheatsheets.php,redraft-wr,rp,Jared Wayne,25495,WR,HOU,169.0,43.0,126,212,,jared-wayne.php,,,0.0,,,,,,8.0,Jared Wayne,2026-08-07,HOU
/nfl/rankings/ppr-wr-cheatsheets.php,redraft-wr,rp,Tom Kennedy,19052,WR,DET,187.33,23.89,168,221,,tom-kennedy.php,,,0.1,,,,,,6.0,Tom Kennedy,2026-08-07,DET
/nfl/rankings/ppr-wr-cheatsheets.php,redraft-wr,rp,Maurice Alexander,25205,WR,CHI,171.0,44.0,127,215,,maurice-alexander-wr.php,,,1.1,,,,,,10.0,Maurice Alexander,2026-08-07,CHI
/nfl/rankings/ppr-wr-cheatsheets.php,redraft-wr,rp,Eli Pancol,27678,WR,IND,171.0,6.0,165,177,,eli-pancol.php,,,0.0,,,,,,13.0,Eli Pancol,2026-08-07,IND
/nfl/rankings/ppr-wr-cheatsheets.php,redraft-wr,rp,K.J. Osborn,19708,WR,TEN,174.0,43.0,131,217,,kj-osborn.php,,,2.6,,,,,,9.0,KJ Osborn,2026-08-07,TEN
/nfl/rankings/ppr-wr-cheatsheets.php,redraft-wr,rp,Jalen Reagor,19219,WR,MIA,175.5,40.5,135,216,,jalen-reagor.php,,,0.0,,,,,,6.0,Jalen Reagor,2026-08-07,MIA
/nfl/rankings/ppr-wr-cheatsheets.php,redraft-wr,rp,Isaiah Neyor,26021,WR,GB,177.0,6.0,171,183,,isaiah-neyor.php,,,1.0,,,,,,11.0,Isaiah Neyor,2026-08-07,GBP
/nfl/rankings/ppr-wr-cheatsheets.php,redraft-wr,rp,Chris Blair,22684,WR,ATL,180.0,33.0,147,213,,chris-blair.php,,,0.0,,,,,,11.0,Chris Blair,2026-08-07,ATL
/nfl/rankings/ppr-wr-cheatsheets.php,redraft-wr,rp,Brandon Johnson,24233,WR,LV,185.5,32.5,153,218,,brandon-johnson-wr.php,,,1.0,,,,,,13.0,Brandon Johnson,2026-08-07,LVR
/nfl/rankings/ppr-wr-cheatsheets.php,redraft-wr,rp,Joshua Cephus,26366,WR,FA,185.5,20.5,165,206,,joshua-cephus.php,,,0.0,,,,,,,Joshua Cephus,2026-08-07,FA
/nfl/rankings/ppr-wr-cheatsheets.php,redraft-wr,rp,Brennan Presley,27769,WR,LAR,186.5,6.5,180,193,,brennan-presley.php,,,0.0,,,,,,11.0,Brennan Presley,2026-08-07,LAR
/nfl/rankings/ppr-wr-cheatsheets.php,redraft-wr,rp,Isaiah Hodgins,19375,WR,NYG,187.0,23.0,164,210,,isaiah-hodgins.php,,,0.1,,,,,,8.0,Isaiah Hodgins,2026-08-07,NYG
/nfl/rankings/ppr-wr-cheatsheets.php,redraft-wr,rp,Noah Brown,16443,WR,FA,187.5,21.5,166,209,,noah-brown.php,,,1.3,,,,,,,Noah Brown,2026-08-07,FA
/nfl/rankings/ppr-wr-cheatsheets.php,redraft-wr,rp,Omari Kelly,28796,WR,CHI,188.0,12.0,176,200,,omari-kelly.php,,,0.0,,,,,,10.0,Omari Kelly,2026-08-07,CHI
/nfl/rankings/ppr-wr-cheatsheets.php,redraft-wr,rp,JP Richardson,27557,WR,CHI,190.5,8.5,182,199,,jp-richardson.php,,,0.0,,,,,,10.0,JP Richardson,2026-08-07,CHI
/nfl/rankings/ppr-wr-cheatsheets.php,redraft-wr,rp,Anthony Smith,28500,WR,DAL,194.5,20.5,174,215,,anthony-smith.php,,,0.0,,,,,,14.0,Anthony Smith,2026-08-07,DAL
/nfl/rankings/ppr-wr-cheatsheets.php,redraft-wr,rp,Kameron Johnson,26626,WR,TB,195.5,24.5,171,220,,kameron-johnson.php,,,0.1,,,,,,10.0,Kameron Johnson,2026-08-07,TBB
/nfl/rankings/ppr-wr-cheatsheets.php,redraft-wr,rp,Xavier Loyd,28768,WR,KC,199.0,5.0,194,204,,xavier-loyd.php,,,0.0,,,,,,5.0,Xavier Loyd,2026-08-07,KCC
/nfl/rankings/ppr-wr-cheatsheets.php,redraft-wr,rp,Stephen Gosnell,27570,WR,BUF,207.5,12.5,195,220,,stephen-gosnell.php,,,0.0,,,,,,7.0,Stephen Gosnell,2026-08-07,BUF
