sleeper_id,full_name,position,team,status,injury_status,injury_body_part,injury_start_date,injury_notes,news_updated,depth_chart_position,depth_chart_order,adp_ppr,adp_std,adp_half_ppr,adp_2qb,proj_pts_ppr,proj_pts_std,proj_rush_yds,proj_rush_att,proj_rec,proj_rec_yds,proj_rec_td,proj_fumbles_lost,proj_rush_td,proj_pass_yds,proj_pass_td,proj_pass_int,proj_pass_att,nn
6462,Ellis Richardson,TE,,Active,,,,,,,,999.0,999.0,999.0,999.0,,,,,,,,,,,,,,ellis richardson
7926,Carl Tucker,TE,,Active,,,,,1631568053348.0,,,999.0,999.0,999.0,999.0,,,,,,,,,,,,,,carl tucker
1408,Le'Veon Bell,RB,TB,Active,,,,,1784559344501.0,,,999.0,999.0,999.0,999.0,,,,,,,,,,,,,,le veon bell
8074,Matt Seybert,TE,,Active,,,,,1629836727949.0,,,999.0,999.0,999.0,999.0,,,,,,,,,,,,,,matt seybert
13175,Kinkead Dent,QB,,Inactive,,,,,,,,999.0,999.0,999.0,999.0,,,,,,,,,,,,,,kinkead dent
11533,Brandon Aubrey,K,DAL,Active,,,,,1784989202366.0,K,1.0,171.1,109.5,148.1,158.2,116.0,116.0,,,,,,,,,,,,brandon aubrey
2801,DeAndrew White,WR,,Inactive,,,,,1598920530064.0,,,999.0,999.0,999.0,999.0,,,,,,,,,,,,,,deandrew white
7918,A.J. Rose,RB,,Active,,,,,1661021115529.0,,,999.0,999.0,999.0,999.0,,,,,,,,,,,,,,a j rose
5428,Ricky Jeune,WR,,Active,,,,,1535476203701.0,,,999.0,999.0,999.0,999.0,,,,,,,,,,,,,,ricky jeune
13221,Brett Gabbert,QB,,Active,,,,,1754250907948.0,,,999.0,999.0,999.0,999.0,,,,,,,,,,,,,,brett gabbert
11522,Jerome Kapp,WR,,Active,,,,,1693334405078.0,,,999.0,999.0,999.0,999.0,,,,,,,,,,,,,,jerome kapp
2474,Nick Boyle,TE,,Active,,,,,1673388617497.0,,,999.0,999.0,999.0,999.0,,,,,,,,,,,,,,nick boyle
8809,Aaron Shampklin,RB,,Active,,,,,1756225808845.0,,,999.0,999.0,999.0,999.0,,,,,,,,,,,,,,aaron shampklin
9487,Parker Washington,WR,JAX,Active,,,,,1786035949777.0,SWR,2.0,83.2,83.3,81.1,103.0,212.4,140.4,58.0,10.0,72.0,906.0,7.0,,,,,,,parker washington
3342,Jakeem Grant,WR,,Active,,,,,1734242151808.0,,,999.0,999.0,999.0,999.0,,,,,,,,,,,,,,jakeem grant
1684,Jaron Brown,WR,,Active,,,,,1602620149319.0,,,999.0,999.0,999.0,999.0,,,,,,,,,,,,,,jaron brown
6918,Salvon Ahmed,RB,CHI,Active,,,,,1779338441131.0,RB,5.0,999.0,999.0,999.0,999.0,,,,,,,,,,,,,,salvon ahmed
6137,Tommy Sweeney,TE,,Active,,,,,1729806320462.0,,,999.0,999.0,999.0,999.0,,,,,,,,,,,,,,tommy sweeney
3561,Bryce Williams,TE,,Active,,,,,1523486701657.0,,,999.0,999.0,999.0,999.0,,,,,,,,,,,,,,bryce williams
6786,CeeDee Lamb,WR,DAL,Active,,,,,1785364813311.0,RWR,1.0,10.6,14.3,10.3,15.6,270.5,174.5,16.0,3.0,96.0,1249.0,8.0,1.0,,,,,,ceedee lamb
5038,Michael Gallup,WR,,Active,,,,,1756160704849.0,,,999.0,999.0,999.0,999.0,,,,,,,,,,,,,,michael gallup
11584,Bucky Irving,RB,TB,Active,,,,,1785528933822.0,RB,1.0,34.4,32.3,40.5,42.1,197.3,161.3,902.0,211.0,36.0,271.0,2.0,2.0,6.0,,,,,bucky irving
2023,De'Anthony Thomas,WR,,Inactive,,,,,1648441845359.0,,,999.0,999.0,999.0,999.0,,,,,,,,,,,,,,de anthony thomas
11649,Kendall Milton,RB,CIN,Active,,,,,1771617656337.0,RB,5.0,999.0,999.0,999.0,999.0,,,,,,,,,,,,,,kendall milton
6783,Jerry Jeudy,WR,CLE,Active,,,,,1785937836873.0,RWR,1.0,173.5,159.5,168.2,185.0,119.6,76.6,5.0,1.0,43.0,581.0,3.0,,,,,,,jerry jeudy
13600,Tyren Montgomery,WR,TEN,Active,,,,,1777593025492.0,SWR,,999.0,999.0,999.0,999.0,,,,,,,,,,,,,,tyren montgomery
11616,Jacob Cowing,WR,SF,Active,Questionable,Hip,,,1785989143371.0,SWR,9.0,999.0,999.0,999.0,999.0,1.7,0.7,,,1.0,7.0,,,,,,,,jacob cowing
5965,Miles Boykin,WR,,Active,,,,,1770940215825.0,,,999.0,999.0,999.0,999.0,,,,,,,,,,,,,,miles boykin
13064,Dorian Singer,WR,,Active,,,,,1756503628936.0,,,999.0,999.0,999.0,999.0,,,,,,,,,,,,,,dorian singer
4992,Dante Pettis,WR,BUF,Active,,,,,1785468325907.0,SWR,8.0,999.0,999.0,999.0,999.0,7.3,4.3,6.0,1.0,3.0,37.0,,,,,,,,dante pettis
11155,Christian Sims,TE,,Active,,,,,1693254649926.0,,,999.0,999.0,999.0,999.0,,,,,,,,,,,,,,christian sims
9504,Kayshon Boutte,WR,NE,Active,,,,,1785862219282.0,LWR,3.0,178.7,164.2,173.3,189.7,94.6,63.6,,,31.0,456.0,3.0,,,,,,,kayshon boutte
4828,Rashard Davis,WR,,Active,,,,,1660682432289.0,,,999.0,999.0,999.0,999.0,,,,,,,,,,,,,,rashard davis
4396,Drew Morgan,WR,,Active,,,,,1515031201931.0,,,999.0,999.0,999.0,999.0,,,,,,,,,,,,,,drew morgan
4038,John Ross,WR,,Active,,,,,1733328318057.0,,,999.0,999.0,999.0,999.0,,,,,,,,,,,,,,john ross
12507,Omarion Hampton,RB,LAC,Active,,,,,1785954038916.0,RB,1.0,18.8,12.2,14.7,27.9,242.9,194.9,1025.0,232.0,48.0,364.0,2.0,2.0,8.0,,,,,omarion hampton
11439,Jaleel McLaughlin,RB,DEN,Active,,,,,1784044832373.0,RB,5.0,999.0,999.0,999.0,999.0,7.5,5.5,40.0,10.0,2.0,15.0,,,,,,,,jaleel mclaughlin
11282,Johnny King,WR,,Active,,,,,1693347910321.0,,,999.0,999.0,999.0,999.0,,,,,,,,,,,,,,johnny king
3730,Tevin Jones,WR,,Active,,,,,1627875617715.0,,,999.0,999.0,999.0,999.0,,,,,,,,,,,,,,tevin jones
13302,Adam Randall,RB,BAL,Active,,,,,1784743816268.0,RB,3.0,999.0,999.0,999.0,999.0,30.1,22.1,103.0,25.0,8.0,58.0,,,1.0,,,,,adam randall
5718,Ryan Yurachek,TE,,Active,,,,,1578677115320.0,,,999.0,999.0,999.0,999.0,,,,,,,,,,,,,,ryan yurachek
3916,David Watford,WR,,Active,,,,,,,,999.0,999.0,999.0,999.0,,,,,,,,,,,,,,david watford
5530,Evan Berry,WR,,Active,,,,,1535493306660.0,,,999.0,999.0,999.0,999.0,,,,,,,,,,,,,,evan berry
11445,Taylor Grimes,WR,,Active,,,,,1693323303780.0,,,999.0,999.0,999.0,999.0,,,,,,,,,,,,,,taylor grimes
5619,Dalyn Dawkins,RB,,Active,,,,,1608771051119.0,,,999.0,999.0,999.0,999.0,,,,,,,,,,,,,,dalyn dawkins
5122,Boston Scott,RB,,Active,,,,,1773865543815.0,,,999.0,999.0,999.0,999.0,,,,,,,,,,,,,,boston scott
11629,Devontez Walker,WR,BAL,Active,,,,,1782240621352.0,RWR,5.0,999.0,999.0,999.0,999.0,12.2,7.2,6.0,1.0,5.0,66.0,,,,,,,,devontez walker
13295,Behren Morton,QB,NE,Active,,,,,1779920431712.0,QB,3.0,999.0,999.0,999.0,999.0,,,,,,,,,,,,,,behren morton
2320,Melvin Gordon,RB,,Active,,,,,1705709157893.0,,,999.0,999.0,999.0,999.0,,,,,,,,,,,,,,melvin gordon
1895,AJ McCarron,QB,,Active,,,,,1707938117372.0,,,999.0,999.0,999.0,999.0,,,,,,,,,,,,,,aj mccarron
11906,Ty James,WR,,Active,,,,,1724094948013.0,,,999.0,999.0,999.0,999.0,,,,,,,,,,,,,,ty james
12493,Oronde Gadsden,TE,LAC,Active,,,,,1785556237367.0,TE,1.0,94.7,83.1,102.2,106.3,141.8,85.8,,,56.0,618.0,4.0,,,,,,,oronde gadsden
12028,TaMerik Williams,RB,,Active,,,,,1719267625699.0,,,999.0,999.0,999.0,999.0,,,,,,,,,,,,,,tamerik williams
12699,LaJohntay Wester,WR,BAL,Active,,,,,1782249624074.0,SWR,7.0,999.0,999.0,999.0,999.0,1.0,0.0,6.0,1.0,1.0,14.0,,1.0,,,,,,lajohntay wester
3488,D.J. Foster,RB,,Inactive,,,,,1626825947122.0,,,999.0,999.0,999.0,999.0,,,,,,,,,,,,,,d j foster
13323,Rahsul Faison,RB,,Active,,,,,1777188327314.0,,,999.0,999.0,999.0,999.0,,,,,,,,,,,,,,rahsul faison
12244,DeAngelo Hardy,WR,,Active,,,,,,,,999.0,999.0,999.0,999.0,,,,,,,,,,,,,,deangelo hardy
1387,Rex Burkhead,RB,,Active,,,,,1707181202163.0,,,999.0,999.0,999.0,999.0,,,,,,,,,,,,,,rex burkhead
7553,Kyle Pitts,TE,ATL,Active,,,,,1785872407290.0,TE,1.0,71.3,72.9,76.2,91.1,171.6,105.6,,,66.0,756.0,5.0,,,,,,,kyle pitts
5143,Demario Richard,RB,,Active,,,,,1528911901374.0,,,999.0,999.0,999.0,999.0,,,,,,,,,,,,,,demario richard
8410,Jequez Ezzard,WR,,Active,,,,,1660695619393.0,,,999.0,999.0,999.0,999.0,,,,,,,,,,,,,,jequez ezzard
5845,Dwayne Haskins,QB,PIT,Active,,,,,1649518240714.0,,,,,,,,,,,,,,,,,,,,dwayne haskins
2025,Albert Wilson,WR,,Active,,,,,1715474753352.0,,,999.0,999.0,999.0,999.0,,,,,,,,,,,,,,albert wilson
5838,Phillip Andersen,K,,Active,,,,,1556575558059.0,,,999.0,999.0,999.0,999.0,,,,,,,,,,,,,,phillip andersen
12300,Joshua Lingenfelter,TE,,Active,,,,,,,,999.0,999.0,999.0,999.0,,,,,,,,,,,,,,joshua lingenfelter
11304,E.J. Jenkins,TE,PHI,Active,,,,,1768343419420.0,TE,7.0,999.0,999.0,999.0,999.0,,,,,,,,,,,,,,e j jenkins
19,Joe Flacco,QB,CIN,Active,,,,,1781961641331.0,QB,2.0,999.0,999.0,999.0,999.0,28.72,28.72,8.0,4.0,,,,,,448.0,3.0,2.0,69.0,joe flacco
13352,Lincoln Pare,RB,,Active,Questionable,Undisclosed,,,1785196250374.0,,,999.0,999.0,999.0,999.0,,,,,,,,,,,,,,lincoln pare
12967,Jacolby George,WR,,Active,,,,,1756225208608.0,,,999.0,999.0,999.0,999.0,,,,,,,,,,,,,,jacolby george
14017,Brett Weaver,TE,,Active,,,,,,,,999.0,999.0,999.0,999.0,,,,,,,,,,,,,,brett weaver
13228,Ife Adeyi,WR,,Active,,,,,1756223707719.0,,,999.0,999.0,999.0,999.0,,,,,,,,,,,,,,ife adeyi
6459,Sean Modster,WR,,Active,,,,,1589321104807.0,,,999.0,999.0,999.0,999.0,,,,,,,,,,,,,,sean modster
12264,Cole Beck,WR,,Active,,,,,,,,999.0,999.0,999.0,999.0,,,,,,,,,,,,,,cole beck
801,Charles Clay,TE,,Active,,,,,1615999520566.0,,,999.0,999.0,999.0,999.0,,,,,,,,,,,,,,charles clay
6374,Drew Belcher,TE,,Active,,,,,1568813121831.0,,,999.0,999.0,999.0,999.0,,,,,,,,,,,,,,drew belcher
4054,Mo Alie-Cox,TE,IND,Active,,,,,1780438849460.0,TE,3.0,999.0,999.0,999.0,999.0,15.4,7.4,,,8.0,74.0,,,,,,,,mo alie cox
7944,Michael Strachan,WR,,Active,,,,,1755195643451.0,,,999.0,999.0,999.0,999.0,,,,,,,,,,,,,,michael strachan
1550,Ryan Griffin,QB,,Active,,,,,1711038060009.0,,,999.0,999.0,999.0,999.0,,,,,,,,,,,,,,ryan griffin
13108,Julian Fleming,WR,,Active,,,,,,,,999.0,999.0,999.0,999.0,,,,,,,,,,,,,,julian fleming
3423,Robbie Chosen,WR,,Active,,,,,1764712237230.0,,,999.0,999.0,999.0,999.0,,,,,,,,,,,,,,robbie chosen
12121,Deshaun Fenwick,RB,,Active,,,,,1735077624270.0,,,999.0,999.0,999.0,999.0,,,,,,,,,,,,,,deshaun fenwick
3496,Stephen Anderson,TE,,Active,,,,,1702689617868.0,,,999.0,999.0,999.0,999.0,,,,,,,,,,,,,,stephen anderson
4813,Marvin Bracy,WR,,Active,,,,,1534799108225.0,,,999.0,999.0,999.0,999.0,,,,,,,,,,,,,,marvin bracy
1800,Jordan Matthews,TE,,Active,,,,,1747072235199.0,,,999.0,999.0,999.0,999.0,,,,,,,,,,,,,,jordan matthews
5100,Jordan Wilkins,RB,,Active,,,,,1698776426729.0,,,999.0,999.0,999.0,999.0,,,,,,,,,,,,,,jordan wilkins
7938,Hunter Kampmoyer,TE,,Active,,,,,1724801157061.0,,,999.0,999.0,999.0,999.0,,,,,,,,,,,,,,hunter kampmoyer
12848,Josh Kelly,WR,HOU,Active,,,,,1769839821071.0,LWR,,999.0,999.0,999.0,999.0,,,,,,,,,,,,,,josh kelly
8698,Jake Tonges,TE,SF,Active,,,,,1785182147831.0,TE,2.0,191.4,177.5,213.2,202.4,70.8,40.8,,,30.0,288.0,2.0,,,,,,,jake tonges
3453,Josh Ferguson,RB,,Active,,,,,1596496205763.0,,,999.0,999.0,999.0,999.0,,,,,,,,,,,,,,josh ferguson
4385,Kalif Phillips,RB,,Active,,,,,,,,999.0,999.0,999.0,999.0,,,,,,,,,,,,,,kalif phillips
7013,Steven Montez,QB,,Active,,,,,1671732612175.0,,,999.0,999.0,999.0,999.0,,,,,,,,,,,,,,steven montez
7862,T.J. Vasher,WR,,Active,,,,,1661730315770.0,,,999.0,999.0,999.0,999.0,,,,,,,,,,,,,,t j vasher
10233,Max Duggan,QB,,Active,,,,,1724099748571.0,,,999.0,999.0,999.0,999.0,,,,,,,,,,,,,,max duggan
1517,Theo Riddick,RB,,Injured Reserve,,,,,1627678204988.0,,,999.0,999.0,999.0,999.0,,,,,,,,,,,,,,theo riddick
6279,Brandon Dillon,TE,,Inactive,,,,,1693345810018.0,,,999.0,999.0,999.0,999.0,,,,,,,,,,,,,,brandon dillon
6501,C.J. Conrad,TE,,Active,,,,,1588119320291.0,,,999.0,999.0,999.0,999.0,,,,,,,,,,,,,,c j conrad
5776,Mark Chapman,WR,,Active,,,,,,,,999.0,999.0,999.0,999.0,,,,,,,,,,,,,,mark chapman
2948,Brandon Cottom,RB,,Active,,,,,,,,999.0,999.0,999.0,999.0,,,,,,,,,,,,,,brandon cottom
12971,Ke'Shawn Williams,WR,CIN,Active,,,,,1765923046526.0,LWR,8.0,999.0,999.0,999.0,999.0,,,,,,,,,,,,,,ke shawn williams
6381,Alexander Hollins,WR,,Active,,,,,1640139630813.0,,,999.0,999.0,999.0,999.0,,,,,,,,,,,,,,alexander hollins
6016,Dax Raymond,TE,PIT,Active,,,,,1634094904503.0,,,999.0,999.0,999.0,999.0,,,,,,,,,,,,,,dax raymond
11157,Brycen Tremayne,WR,CAR,Active,,,,,1776728135079.0,RWR,8.0,999.0,999.0,999.0,999.0,,,,,,,,,,,,,,brycen tremayne
6908,La'Mical Perine,RB,,Active,,,,,1730236511786.0,,,999.0,999.0,999.0,999.0,,,,,,,,,,,,,,la mical perine
4569,Brian Brown,WR,,Active,,,,,1535833508123.0,,,999.0,999.0,999.0,999.0,,,,,,,,,,,,,,brian brown
5007,Keke Coutee,WR,,Active,,,,,1708912503938.0,,,999.0,999.0,999.0,999.0,,,,,,,,,,,,,,keke coutee
8116,Pierre Strong,RB,GB,Active,,,,,1780024825732.0,RB,4.0,999.0,999.0,999.0,999.0,7.5,5.5,41.0,10.0,2.0,14.0,,,,,,,,pierre strong
6823,Jacob Eason,QB,,Active,,,,,1722894007856.0,,,999.0,999.0,999.0,999.0,,,,,,,,,,,,,,jacob eason
3648,Matt Weiser,TE,,Active,,,,,1534906519684.0,,,999.0,999.0,999.0,999.0,,,,,,,,,,,,,,matt weiser
7619,Mathew Sexton,WR,,Active,,,,,1718750442705.0,,,999.0,999.0,999.0,999.0,,,,,,,,,,,,,,mathew sexton
7555,Jamie Newman,QB,,Inactive,,,,,1623297314824.0,,,999.0,999.0,999.0,999.0,,,,,,,,,,,,,,jamie newman
13409,Donaven McCulley,WR,MIA,Active,,,,,1778265040554.0,SWR,,999.0,999.0,999.0,999.0,,,,,,,,,,,,,,donaven mcculley
7585,Davis Mills,QB,HOU,Active,,,,,1784337923253.0,QB,2.0,999.0,999.0,999.0,999.0,12.04,12.04,6.0,2.0,,,,,,211.0,1.0,1.0,33.0,davis mills
12399,Caleb Chapman,WR,,Active,,,,,,,,999.0,999.0,999.0,999.0,,,,,,,,,,,,,,caleb chapman
8931,Josh Ali,WR,,Active,,,,,1724620534786.0,,,999.0,999.0,999.0,999.0,,,,,,,,,,,,,,josh ali
8633,Stephon Robinson,WR,,Active,,,,,1652745645050.0,,,999.0,999.0,999.0,999.0,,,,,,,,,,,,,,stephon robinson
2359,Ameer Abdullah,RB,JAX,Active,,,,,1780024825137.0,RB,5.0,999.0,999.0,999.0,999.0,4.8,2.8,13.0,3.0,2.0,15.0,,,,,,,,ameer abdullah
788,Dion Lewis,RB,,Injured Reserve,,,,,1628866223071.0,,,999.0,999.0,999.0,999.0,,,,,,,,,,,,,,dion lewis
8241,Anthony Brown,QB,,Active,,,,,1737509716304.0,,,999.0,999.0,999.0,999.0,,,,,,,,,,,,,,anthony brown
5854,Drew Lock,QB,SEA,Active,,,,,1779920430745.0,QB,2.0,999.0,999.0,999.0,999.0,,,,,,,,,,,,,,drew lock
2936,Rasheed Williams,RB,,Active,,,,,,,,999.0,999.0,999.0,999.0,,,,,,,,,,,,,,rasheed williams
3211,Paul Perkins,RB,,Active,,,,,1620069937103.0,,,999.0,999.0,999.0,999.0,,,,,,,,,,,,,,paul perkins
7593,Trey Sermon,RB,,Active,,,,,1765994151281.0,,,999.0,999.0,999.0,999.0,,,,,,,,,,,,,,trey sermon
6489,Taryn Christion,QB,,Active,,,,,1574811036172.0,,,999.0,999.0,999.0,999.0,,,,,,,,,,,,,,taryn christion
7614,Darius Clark,RB,,Active,,,,,1631031954828.0,,,999.0,999.0,999.0,999.0,,,,,,,,,,,,,,darius clark
12832,Blayne Taylor,WR,,Active,,,,,1756185308010.0,,,999.0,999.0,999.0,999.0,,,,,,,,,,,,,,blayne taylor
12809,Mac Dalena,WR,BUF,Active,,,,,1780380645029.0,SWR,,999.0,999.0,999.0,999.0,,,,,,,,,,,,,,mac dalena
6966,Javon Leake,RB,,Active,,,,,1629761455183.0,,,999.0,999.0,999.0,999.0,,,,,,,,,,,,,,javon leake
4548,Joel Bouagnon,RB,,Active,,,,,1544553632151.0,,,999.0,999.0,999.0,999.0,,,,,,,,,,,,,,joel bouagnon
12354,Easton Dean,TE,,Active,,,,,,,,999.0,999.0,999.0,999.0,,,,,,,,,,,,,,easton dean
3021,Devin Gardner,WR,,Active,,,,,,,,999.0,999.0,999.0,999.0,,,,,,,,,,,,,,devin gardner
11579,Audric Estime,RB,NO,Active,,,,,1783450831333.0,RB,6.0,237.4,189.8,218.6,247.1,22.6,19.6,119.0,30.0,3.0,17.0,,,1.0,,,,,audric estime
HOU,Texans,DEF,HOU,,,,,,,,,119.0,114.4,123.6,142.4,104.0,104.0,,,,,,,,,,,,texans
3294,Dak Prescott,QB,DAL,Active,,,,,1785962742679.0,QB,1.0,90.3,97.7,97.8,44.1,303.88,303.88,152.0,44.0,,,,2.0,1.0,4292.0,31.0,13.0,580.0,dak prescott
4031,Travis Wilson,TE,,Active,,,,,,,,999.0,999.0,999.0,999.0,,,,,,,,,,,,,,travis wilson
13301,Antonio Williams,WR,WAS,Active,,,,,1785865507005.0,SWR,3.0,168.1,155.5,163.9,179.8,75.2,47.2,13.0,2.0,28.0,339.0,2.0,,,,,,,antonio williams
7274,Tyler Simmons,WR,,Active,,,,,1629839427901.0,,,999.0,999.0,999.0,999.0,,,,,,,,,,,,,,tyler simmons
5359,Dorren Miller,WR,,Active,,,,,1557852330059.0,,,999.0,999.0,999.0,999.0,,,,,,,,,,,,,,dorren miller
12180,Alex McNulty,K,,Active,,,,,,,,999.0,999.0,999.0,999.0,,,,,,,,,,,,,,alex mcnulty
3609,Chris King,WR,,Active,,,,,,,,999.0,999.0,999.0,999.0,,,,,,,,,,,,,,chris king
421,Matthew Stafford,QB,LAR,Active,,,,,1785011703922.0,QB,1.0,115.2,117.6,116.7,88.4,280.22,280.22,19.0,27.0,,,,2.0,,4033.0,32.0,11.0,528.0,matthew stafford
11636,Johnny Wilson,WR,PHI,Active,,,,,1782256824855.0,LWR,9.0,999.0,999.0,999.0,999.0,,,,,,,,,,,,,,johnny wilson
8134,Khalil Shakir,WR,BUF,Active,,,,,1784828712780.0,SWR,2.0,133.8,120.2,130.4,140.0,166.5,97.5,10.0,2.0,69.0,725.0,4.0,,,,,,,khalil shakir
5398,Justin Crawford,RB,,Active,,,,,1535850062877.0,,,999.0,999.0,999.0,999.0,,,,,,,,,,,,,,justin crawford
7828,Noah Gray,TE,KC,Active,,,,,1785088811338.0,TE,2.0,999.0,999.0,999.0,999.0,59.1,35.1,,,24.0,231.0,2.0,,,,,,,noah gray
10861,Xazavian Valladay,RB,,Active,,,,,1758670803290.0,,,999.0,999.0,999.0,999.0,,,,,,,,,,,,,,xazavian valladay
NE,Patriots,DEF,NE,,,,,,,,,149.4,145.5,145.5,175.7,92.0,92.0,,,,,,,,,,,,patriots
4814,De'Quan Hampton,WR,,Active,,,,,1632865848667.0,,,999.0,999.0,999.0,999.0,,,,,,,,,,,,,,de quan hampton
7397,Parker Houston,TE,,Active,,,,,1599693372829.0,,,999.0,999.0,999.0,999.0,,,,,,,,,,,,,,parker houston
11557,Joe Milton,QB,DAL,Active,,,,,1781102426657.0,QB,2.0,999.0,999.0,999.0,298.0,12.4,12.4,16.0,4.0,,,,,,195.0,1.0,1.0,31.0,joe milton
5052,Ronald Jones,RB,,Active,,,,,1695221737152.0,,,999.0,999.0,999.0,999.0,,,,,,,,,,,,,,ronald jones
4128,Chad Williams,WR,,Active,,,,,1654805457745.0,,,999.0,999.0,999.0,999.0,,,,,,,,,,,,,,chad williams
6626,Isaac Zico,WR,,Active,,,,,1564789517539.0,,,999.0,999.0,999.0,999.0,,,,,,,,,,,,,,isaac zico
13898,Corey Rucker,WR,LV,Inactive,IR,Undisclosed,,,1781124916279.0,,,999.0,999.0,999.0,999.0,,,,,,,,,,,,,,corey rucker
13304,O'Mega Blake,WR,,Active,,,,,,,,999.0,999.0,999.0,999.0,,,,,,,,,,,,,,o mega blake
5995,Justice Hill,RB,BAL,Active,,,,,1785092111691.0,RB,2.0,999.0,999.0,999.0,999.0,67.7,43.7,141.0,33.0,24.0,176.0,1.0,,1.0,,,,,justice hill
3524,Marquise Williams,QB,,Active,,,,,,,,999.0,999.0,999.0,999.0,,,,,,,,,,,,,,marquise williams
4421,Jacob Hollister,TE,,Active,,,,,1724783153128.0,,,999.0,999.0,999.0,999.0,,,,,,,,,,,,,,jacob hollister
12925,Jamaal Pritchett,WR,NYJ,Active,,,,,1767668409315.0,SWR,,999.0,999.0,999.0,999.0,,,,,,,,,,,,,,jamaal pritchett
12517,Colston Loveland,TE,CHI,Active,,,,,1784684409471.0,TE,1.0,41.2,49.5,42.1,58.4,215.4,131.4,4.0,1.0,84.0,950.0,6.0,,,,,,,colston loveland
6081,Kendall Blanton,TE,,Active,,,,,1693357805252.0,,,999.0,999.0,999.0,999.0,,,,,,,,,,,,,,kendall blanton
4479,Thomas Sperbeck,WR,,Active,,,,,1527103801505.0,,,999.0,999.0,999.0,999.0,,,,,,,,,,,,,,thomas sperbeck
3318,Kevin Hogan,QB,,Active,,,,,1673413221455.0,,,999.0,999.0,999.0,999.0,,,,,,,,,,,,,,kevin hogan
5269,Codey McElroy,TE,,Active,,,,,1658867424146.0,,,999.0,999.0,999.0,999.0,,,,,,,,,,,,,,codey mcelroy
2553,Rory Anderson,TE,,Active,,,,,,,,999.0,999.0,999.0,999.0,,,,,,,,,,,,,,rory anderson
4585,Anthony Nash,WR,,Active,,,,,,,,999.0,999.0,999.0,999.0,,,,,,,,,,,,,,anthony nash
11229,Calvin Tyler,RB,,Active,,,,,1693406109259.0,,,999.0,999.0,999.0,999.0,,,,,,,,,,,,,,calvin tyler
89,Chad Henne,QB,,Active,,,,,1676318159596.0,,,999.0,999.0,999.0,999.0,,,,,,,,,,,,,,chad henne
8138,James Cook,RB,BUF,Active,,,,,1785373213670.0,RB,1.0,12.7,5.1,8.6,13.8,260.8,229.8,1270.0,264.0,31.0,268.0,2.0,2.0,11.0,,,,,james cook
13906,Jaden Nixon,RB,GB,Active,,,,,1777664434513.0,RB,,999.0,999.0,999.0,999.0,,,,,,,,,,,,,,jaden nixon
2770,Harold Spears,TE,,Active,,,,,,,,999.0,999.0,999.0,999.0,,,,,,,,,,,,,,harold spears
13988,Stone Eby,TE,,Active,,,,,,,,999.0,999.0,999.0,999.0,,,,,,,,,,,,,,stone eby
7159,Reid Sinnett,QB,,Active,,,,,1696274140719.0,,,999.0,999.0,999.0,999.0,,,,,,,,,,,,,,reid sinnett
9231,Jaren Hall,QB,,Active,,,,,1745971234121.0,,,999.0,999.0,999.0,999.0,,,,,,,,,,,,,,jaren hall
7262,Jalen Morton,QB,IND,Active,,,,,1628264742884.0,,,999.0,999.0,999.0,999.0,,,,,,,,,,,,,,jalen morton
8442,Jarrett Guarantano,QB,,Active,,,,,1690322116300.0,,,999.0,999.0,999.0,999.0,,,,,,,,,,,,,,jarrett guarantano
8119,Jahan Dotson,WR,ATL,Active,,,,,1785446423333.0,RWR,3.0,999.0,999.0,999.0,999.0,63.9,40.9,14.0,2.0,23.0,275.0,2.0,,,,,,,jahan dotson
8194,Jashaun Corbin,RB,,Active,,,,,1767130520726.0,,,999.0,999.0,999.0,999.0,,,,,,,,,,,,,,jashaun corbin
7863,JaQuan Hardy,RB,,Active,,,,,1661794846826.0,,,999.0,999.0,999.0,999.0,,,,,,,,,,,,,,jaquan hardy
5231,Cole Hunt,TE,,Active,,,,,1567196755092.0,,,999.0,999.0,999.0,999.0,,,,,,,,,,,,,,cole hunt
7407,Isaiah Wright,WR,,Active,,,,,1649344522561.0,,,999.0,999.0,999.0,999.0,,,,,,,,,,,,,,isaiah wright
5268,Ben Johnson,TE,,Active,,,,,1673322310448.0,,,999.0,999.0,999.0,999.0,,,,,,,,,,,,,,ben johnson
6075,Jesper Horsted,TE,,Active,,,,,1724793955021.0,,,999.0,999.0,999.0,999.0,,,,,,,,,,,,,,jesper horsted
13838,Will Ferrin,K,,Active,,,,,1778800235809.0,,,999.0,999.0,999.0,999.0,6.0,6.0,,,,,,,,,,,,will ferrin
11145,Tanner Brown,K,NO,Active,,,,,1781769316017.0,K,2.0,999.0,999.0,999.0,999.0,,,,,,,,,,,,,,tanner brown
4697,Khalid Abdullah,RB,,Active,,,,,,,,999.0,999.0,999.0,999.0,,,,,,,,,,,,,,khalid abdullah
12831,Tyler Kahmann,WR,,Active,,,,,1756457425717.0,,,999.0,999.0,999.0,999.0,,,,,,,,,,,,,,tyler kahmann
12220,Brevin Easton,WR,,Active,,,,,1724182826001.0,,,999.0,999.0,999.0,999.0,,,,,,,,,,,,,,brevin easton
13418,Robert Henry,RB,WAS,Active,,,,,1777464033051.0,RB,,999.0,999.0,999.0,999.0,,,,,,,,,,,,,,robert henry
5550,John David Moore,RB,,Active,,,,,1557540020337.0,,,999.0,999.0,999.0,999.0,,,,,,,,,,,,,,john david moore
12542,Efton Chism,WR,NE,Active,,,,,1781227248848.0,SWR,7.0,999.0,999.0,999.0,999.0,31.2,19.2,6.0,1.0,12.0,126.0,1.0,,,,,,,efton chism
7552,Blake Proehl,WR,,Active,,,,,1693347610423.0,,,999.0,999.0,999.0,999.0,,,,,,,,,,,,,,blake proehl
4733,Alex Gray,TE,,Inactive,,,,,1578978327171.0,,,999.0,999.0,999.0,999.0,,,,,,,,,,,,,,alex gray
3540,Jamaal Jones,WR,,Active,,,,,1515534301464.0,,,999.0,999.0,999.0,999.0,,,,,,,,,,,,,,jamaal jones
7049,Jauan Jennings,WR,MIN,Active,,,,,1784902854795.0,SWR,3.0,146.3,123.2,148.1,141.0,105.7,66.7,,,39.0,487.0,3.0,,,,,,,jauan jennings
8136,Rachaad White,RB,WAS,Active,,,,,1785090311473.0,RB,2.0,127.2,124.8,119.0,169.1,128.1,94.1,468.0,114.0,34.0,253.0,1.0,1.0,3.0,,,,,rachaad white
6496,Cole Hedlund,K,,Active,,,,,,,,999.0,999.0,999.0,999.0,,,,,,,,,,,,,,cole hedlund
11610,Malik Washington,WR,MIA,Active,,,,,1785874207498.0,SWR,2.0,999.0,999.0,999.0,999.0,100.7,63.7,121.0,22.0,37.0,396.0,2.0,,,,,,,malik washington
5024,James Washington,WR,,Active,,,,,1724020539939.0,,,999.0,999.0,999.0,999.0,,,,,,,,,,,,,,james washington
13599,Kyron Drones,QB,GB,Active,,,,,1777662934154.0,QB,,999.0,999.0,999.0,999.0,,,,,,,,,,,,,,kyron drones
12413,Hamze El-Zayat,WR,,Active,,,,,1723592706258.0,,,999.0,999.0,999.0,999.0,,,,,,,,,,,,,,hamze el zayat
2304,Jerome Cunningham,TE,,Active,,,,,1571180450562.0,,,999.0,999.0,999.0,999.0,,,,,,,,,,,,,,jerome cunningham
8070,Travis Toivonen,WR,,Active,,,,,1664924744591.0,,,999.0,999.0,999.0,999.0,,,,,,,,,,,,,,travis toivonen
6519,Darrius Shepherd,WR,,Active,,,,,1693611328575.0,,,999.0,999.0,999.0,999.0,,,,,,,,,,,,,,darrius shepherd
11918,Ahmarean Brown,WR,,Active,,,,,1729191040387.0,,,999.0,999.0,999.0,999.0,,,,,,,,,,,,,,ahmarean brown
2565,Jean Sifrin,TE,,Active,,,,,,,,999.0,999.0,999.0,999.0,,,,,,,,,,,,,,jean sifrin
4943,Sam Darnold,QB,SEA,Active,,,,,1785808511304.0,QB,1.0,165.3,168.4,157.6,80.8,262.74,262.74,157.0,44.0,,,,3.0,2.0,3676.0,26.0,12.0,478.0,sam darnold
5809,Ja'Quan Gardner,RB,,Active,,,,,1580253960021.0,,,999.0,999.0,999.0,999.0,,,,,,,,,,,,,,ja quan gardner
10228,Charlie Jones,WR,CIN,Active,,,,,1785368714100.0,SWR,7.0,999.0,999.0,999.0,999.0,,,,,,,,,,,,,,charlie jones
4026,DeShone Kizer,QB,,Active,,,,,1638249637441.0,,,999.0,999.0,999.0,999.0,,,,,,,,,,,,,,deshone kizer
1169,Robert Griffin,QB,,Inactive,,,,,1656976233480.0,,,999.0,999.0,999.0,999.0,,,,,,,,,,,,,,robert griffin
11598,Tanner McLachlan,TE,SF,Inactive,IR,Undisclosed,,,1785617445992.0,TE,7.0,999.0,999.0,999.0,999.0,,,,,,,,,,,,,,tanner mclachlan
11995,Zack Annexstad,QB,,Active,,,,,1723593306329.0,,,999.0,999.0,999.0,999.0,,,,,,,,,,,,,,zack annexstad
11998,Emani Bailey,RB,,Active,,,,,1756166706065.0,,,999.0,999.0,999.0,999.0,,,,,,,,,,,,,,emani bailey
829,Andy Dalton,QB,PHI,Active,,,,,1785477030105.0,QB,3.0,999.0,999.0,999.0,999.0,11.82,11.82,5.0,2.0,,,,,,208.0,1.0,1.0,33.0,andy dalton
10222,Jayden Reed,WR,GB,Active,,,,,1785442222521.0,SWR,2.0,116.0,118.6,110.5,137.3,197.6,127.6,83.0,14.0,70.0,853.0,6.0,1.0,,,,,,jayden reed
7534,Seth Williams,WR,,Inactive,,,,,1755126655025.0,,,999.0,999.0,999.0,999.0,,,,,,,,,,,,,,seth williams
2754,Michael Johnson,WR,,Active,,,,,,,,999.0,999.0,999.0,999.0,,,,,,,,,,,,,,michael johnson
6388,Romello Brooker,TE,,Active,,,,,,,,999.0,999.0,999.0,999.0,,,,,,,,,,,,,,romello brooker
2684,Corbin Louks,WR,,Active,,,,,,,,999.0,999.0,999.0,999.0,,,,,,,,,,,,,,corbin louks
1266,Greg Zuerlein,K,,Active,Questionable,Knee,,,1747434624752.0,,,999.0,999.0,999.0,999.0,,,,,,,,,,,,,,greg zuerlein
7905,Dylan Soehner,TE,,Active,,,,,1670369106944.0,,,999.0,999.0,999.0,999.0,,,,,,,,,,,,,,dylan soehner
12284,Michael Herzog,RB,,Active,,,,,,,,999.0,999.0,999.0,999.0,,,,,,,,,,,,,,michael herzog
11311,Jason Brownlee,WR,KC,Active,,,,,1769474135133.0,LWR,7.0,999.0,999.0,999.0,999.0,,,,,,,,,,,,,,jason brownlee
4330,JoJo Natson,WR,,Active,,,,,1640731803047.0,,,999.0,999.0,999.0,999.0,,,,,,,,,,,,,,jojo natson
6072,Bruce Anderson,RB,,Inactive,,,,,1601415946331.0,,,999.0,999.0,999.0,999.0,,,,,,,,,,,,,,bruce anderson
12532,Ja'Corey Brooks,WR,,Active,Questionable,Undisclosed,,,1780442449640.0,,,999.0,999.0,999.0,999.0,,,,,,,,,,,,,,ja corey brooks
11008,Anders Carlson,K,,Active,,,,,1763501144160.0,,,999.0,999.0,999.0,999.0,,,,,,,,,,,,,,anders carlson
3278,Pharoh Cooper,WR,,Active,,,,,1718085626166.0,,,999.0,999.0,999.0,999.0,,,,,,,,,,,,,,pharoh cooper
12981,Gee Scott,TE,,Inactive,Questionable,Undisclosed,,,1785880209281.0,,,999.0,999.0,999.0,999.0,,,,,,,,,,,,,,gee scott
2581,Jahwan Edwards,RB,,Active,,,,,,,,999.0,999.0,999.0,999.0,,,,,,,,,,,,,,jahwan edwards
4544,Daikiel Shorts,WR,,Active,,,,,,,,999.0,999.0,999.0,999.0,,,,,,,,,,,,,,daikiel shorts
11370,Chris Brooks,RB,GB,Active,PUP,Undisclosed,,,1785370513950.0,RB,2.0,999.0,999.0,999.0,999.0,56.3,42.3,203.0,50.0,14.0,100.0,,,2.0,,,,,chris brooks
6196,Christian Wade,RB,,Inactive,,,,,1648846521288.0,,,999.0,999.0,999.0,999.0,,,,,,,,,,,,,,christian wade
7794,Chris Evans,RB,,Active,,,,,1746431406775.0,,,999.0,999.0,999.0,999.0,,,,,,,,,,,,,,chris evans
11574,Dylan Laube,RB,LV,Active,,,,,1780024826090.0,RB,5.0,999.0,999.0,999.0,999.0,5.1,3.1,21.0,5.0,2.0,10.0,,,,,,,,dylan laube
6323,Andrew Beck,RB,NYJ,Active,,,,,1781216403497.0,RB,4.0,999.0,999.0,999.0,999.0,,,,,,,,,,,,,,andrew beck
7606,Kadarius Toney,WR,,Active,,,,,1739399431162.0,,,999.0,999.0,999.0,999.0,,,,,,,,,,,,,,kadarius toney
6927,Quez Watkins,WR,PHI,Active,,,,,1769195722976.0,SWR,6.0,999.0,999.0,999.0,999.0,,,,,,,,,,,,,,quez watkins
3615,Sione Houma,RB,,Active,,,,,,,,999.0,999.0,999.0,999.0,,,,,,,,,,,,,,sione houma
2561,Anthony Boone,QB,,Active,,,,,,,,999.0,999.0,999.0,999.0,,,,,,,,,,,,,,anthony boone
13246,Jaden Smith,WR,DAL,Active,,,,,1780551607952.0,SWR,,999.0,999.0,999.0,999.0,,,,,,,,,,,,,,jaden smith
8111,Cade Otton,TE,TB,Active,,,,,1784838014948.0,TE,1.0,162.7,147.5,157.2,173.0,128.0,72.0,,,56.0,540.0,3.0,,,,,,,cade otton
2929,Adrian Coxson,WR,,Active,,,,,,,,999.0,999.0,999.0,999.0,,,,,,,,,,,,,,adrian coxson
6742,Marquis Young,RB,,Active,,,,,,,,999.0,999.0,999.0,999.0,,,,,,,,,,,,,,marquis young
8245,Derrick Deese,TE,,Active,,,,,1690995334260.0,,,999.0,999.0,999.0,999.0,,,,,,,,,,,,,,derrick deese
4061,Davis Webb,QB,,Active,,,,,1771993846270.0,,,999.0,999.0,999.0,999.0,,,,,,,,,,,,,,davis webb
13957,Kenny Fletcher,TE,TB,Active,,,,,1778285142778.0,TE,,999.0,999.0,999.0,999.0,,,,,,,,,,,,,,kenny fletcher
3269,Chris Moore,WR,BAL,Active,,,,,1784930457850.0,SWR,6.0,999.0,999.0,999.0,999.0,4.1,2.1,,,2.0,21.0,,,,,,,,chris moore
6970,Stephen Sullivan,TE,,Active,,,,,1733266211551.0,,,999.0,999.0,999.0,999.0,,,,,,,,,,,,,,stephen sullivan
8092,Corey Taylor,RB,,Active,,,,,1629473115815.0,,,999.0,999.0,999.0,999.0,,,,,,,,,,,,,,corey taylor
6259,Darnell Holland,RB,,Active,,,,,,,,999.0,999.0,999.0,999.0,,,,,,,,,,,,,,darnell holland
12374,Brenden Bates,TE,CLE,Active,,,,,1775518219106.0,TE,5.0,999.0,999.0,999.0,999.0,,,,,,,,,,,,,,brenden bates
2957,Ernst Brun,TE,,Active,,,,,,,,999.0,999.0,999.0,999.0,,,,,,,,,,,,,,ernst brun
13554,CJ Williams,WR,JAX,Active,,,,,1777153225262.0,LWR,,999.0,999.0,999.0,999.0,,,,,,,,,,,,,,cj williams
12866,Jalin Conyers,TE,,Active,,,,,1779430246636.0,,,999.0,999.0,999.0,999.0,,,,,,,,,,,,,,jalin conyers
6522,T.J. Linta,QB,,Active,,,,,1569027932836.0,,,999.0,999.0,999.0,999.0,,,,,,,,,,,,,,t j linta
1911,Willie Snead,WR,,Inactive,,,,,1753751417759.0,,,999.0,999.0,999.0,999.0,,,,,,,,,,,,,,willie snead
1034,Brandon Bolden,RB,,Active,,,,,1705418708388.0,,,999.0,999.0,999.0,999.0,,,,,,,,,,,,,,brandon bolden
4798,C.J. Germany,WR,,Active,,,,,,,,999.0,999.0,999.0,999.0,,,,,,,,,,,,,,c j germany
13270,CJ Daniels,WR,LAR,Active,,,,,1781875212160.0,RWR,6.0,999.0,999.0,999.0,999.0,39.3,24.3,6.0,1.0,15.0,177.0,1.0,,,,,,,cj daniels
13805,E.J. Williams,WR,LV,Active,,,,,1777608027652.0,SWR,,999.0,999.0,999.0,999.0,,,,,,,,,,,,,,e j williams
5808,Connor Jessop,QB,,Active,,,,,,,,999.0,999.0,999.0,999.0,,,,,,,,,,,,,,connor jessop
5242,Dontez Byrd,WR,,Active,,,,,,,,999.0,999.0,999.0,999.0,,,,,,,,,,,,,,dontez byrd
5026,Tre'Quan Smith,WR,,Inactive,,,,,1753480553621.0,,,999.0,999.0,999.0,999.0,,,,,,,,,,,,,,tre quan smith
11647,Kimani Vidal,RB,LAC,Active,,,,,1784818811974.0,RB,3.0,181.1,140.7,187.5,193.0,60.0,46.0,243.0,60.0,14.0,97.0,,,2.0,,,,,kimani vidal
6045,Gary Jennings,WR,,Active,,,,,1693070112853.0,,,999.0,999.0,999.0,999.0,,,,,,,,,,,,,,gary jennings
4821,Jamari Staples,WR,,Active,,,,,,,,999.0,999.0,999.0,999.0,,,,,,,,,,,,,,jamari staples
13273,Josh Cuevas,TE,BAL,Active,,,,,1777587956806.0,TE,4.0,999.0,999.0,999.0,999.0,27.8,16.8,,,11.0,108.0,1.0,,,,,,,josh cuevas
13608,Jerand Bradley,WR,LAC,Active,,,,,1777233633322.0,TE,,999.0,999.0,999.0,999.0,,,,,,,,,,,,,,jerand bradley
13282,Jack Endries,TE,CIN,Active,,,,,1781876112160.0,TE,4.0,999.0,999.0,999.0,999.0,53.3,32.3,,,21.0,203.0,2.0,,,,,,,jack endries
6395,Trinity Benson,WR,,Active,,,,,1700535356532.0,,,999.0,999.0,999.0,999.0,,,,,,,,,,,,,,trinity benson
11478,Gavin Holmes,WR,,Active,,,,,1693170040856.0,,,999.0,999.0,999.0,999.0,,,,,,,,,,,,,,gavin holmes
8549,Trevon Clark,WR,,Active,,,,,1659550528067.0,,,999.0,999.0,999.0,999.0,,,,,,,,,,,,,,trevon clark
11266,Thyrick Pitts,WR,,Inactive,,,,,1715217614583.0,,,999.0,999.0,999.0,999.0,,,,,,,,,,,,,,thyrick pitts
7608,Khalil Herbert,RB,SF,Active,,,,,1785720358965.0,RB,7.0,999.0,999.0,999.0,999.0,,,,,,,,,,,,,,khalil herbert
4227,Harrison Butker,K,KC,Active,,,,,1784822422465.0,K,1.0,224.0,155.2,169.8,215.5,100.0,100.0,,,,,,,,,,,,harrison butker
6402,Steven Sims,WR,,Active,,,,,1767665709226.0,,,999.0,999.0,999.0,999.0,,,,,,,,,,,,,,steven sims
5251,Tyler Davis,K,,Active,,,,,1738304760107.0,,,999.0,999.0,999.0,999.0,3.0,3.0,,,,,,,,,,,,tyler davis
8484,Ko Kieft,TE,TB,Active,,,,,1785447923809.0,TE,5.0,999.0,999.0,999.0,999.0,2.3,1.3,,,1.0,13.0,,,,,,,,ko kieft
8213,Dai'Jean Dixon,WR,,Active,,,,,1663105209998.0,,,999.0,999.0,999.0,999.0,,,,,,,,,,,,,,dai jean dixon
11226,Tyjon Lindsey,WR,,Active,,,,,1699398048078.0,,,999.0,999.0,999.0,999.0,,,,,,,,,,,,,,tyjon lindsey
1587,Vance McDonald,TE,,Injured Reserve,,,,,1611334209698.0,,,999.0,999.0,999.0,999.0,,,,,,,,,,,,,,vance mcdonald
7412,Sandro Platzgummer,RB,,Active,,,,,1662560408908.0,,,999.0,999.0,999.0,999.0,,,,,,,,,,,,,,sandro platzgummer
7499,Paul Quessenberry,TE,,Active,,,,,1662560408908.0,,,999.0,999.0,999.0,999.0,,,,,,,,,,,,,,paul quessenberry
9488,Jaxon Smith-Njigba,WR,SEA,Active,,,,,1785249657668.0,LWR,1.0,5.4,9.2,7.3,7.2,284.6,185.6,33.0,6.0,99.0,1343.0,8.0,1.0,,,,,,jaxon smith njigba
9510,Lew Nichols,RB,PIT,Active,,,,,1769841921570.0,RB,5.0,999.0,999.0,999.0,999.0,,,,,,,,,,,,,,lew nichols
11571,Isaiah Davis,RB,NYJ,Active,Questionable,Knee,,,1786077611553.0,RB,3.0,999.0,999.0,999.0,999.0,60.5,47.5,261.0,62.0,13.0,94.0,,,2.0,,,,,isaiah davis
7526,Jaylen Waddle,WR,DEN,Active,Questionable,Undisclosed,,,1786058118152.0,RWR,2.0,46.2,42.3,45.5,55.3,221.0,144.0,18.0,3.0,77.0,1002.0,7.0,,,,,,,jaylen waddle
4949,Derrius Guice,RB,,Active,,,,,1648480213623.0,,,999.0,999.0,999.0,999.0,,,,,,,,,,,,,,derrius guice
13079,Jahdae Walker,WR,CHI,Active,,,,,1781299233596.0,LWR,3.0,999.0,999.0,999.0,999.0,25.9,16.9,,,9.0,109.0,1.0,,,,,,,jahdae walker
8115,Jalen Wydermyer,TE,,Active,,,,,1683216311559.0,,,999.0,999.0,999.0,999.0,,,,,,,,,,,,,,jalen wydermyer
6248,Trevion Thompson,WR,,Active,,,,,1595795116047.0,,,999.0,999.0,999.0,999.0,,,,,,,,,,,,,,trevion thompson
13047,Jacardia Wright,RB,SEA,Active,,,,,1771308629747.0,RB,5.0,999.0,999.0,999.0,999.0,4.3,2.3,8.0,2.0,2.0,15.0,,,,,,,,jacardia wright
4508,Gabe Marks,WR,,Active,,,,,,,,999.0,999.0,999.0,999.0,,,,,,,,,,,,,,gabe marks
12820,Landon Parker,WR,,Active,,,,,1756249220417.0,,,999.0,999.0,999.0,999.0,,,,,,,,,,,,,,landon parker
11505,David Durden,WR,,Active,,,,,1725315645396.0,,,999.0,999.0,999.0,999.0,,,,,,,,,,,,,,david durden
13318,Noah Thomas,WR,CIN,Active,,,,,1778283943099.0,SWR,6.0,999.0,999.0,999.0,999.0,6.6,3.6,,,3.0,36.0,,,,,,,,noah thomas
2911,Justin Manton,K,,Active,,,,,,,,999.0,999.0,999.0,999.0,,,,,,,,,,,,,,justin manton
5911,Jalen Hurd,WR,,Active,,,,,1690929610716.0,,,999.0,999.0,999.0,999.0,,,,,,,,,,,,,,jalen hurd
BAL,Ravens,DEF,BAL,,,,,,,,,142.2,138.8,138.8,168.0,95.0,95.0,,,,,,,,,,,,ravens
13380,Brenen Thompson,WR,LAC,Active,,,,,1784770506032.0,RWR,4.0,999.0,999.0,999.0,999.0,39.0,25.0,,,14.0,190.0,1.0,,,,,,,brenen thompson
13939,Gabriel Benyard,WR,,Active,,,,,1785916829282.0,,,999.0,999.0,999.0,999.0,,,,,,,,,,,,,,gabriel benyard
2944,Matt LaCosse,TE,NE,Active,,,,,1657731046065.0,,,999.0,999.0,999.0,999.0,,,,,,,,,,,,,,matt lacosse
3036,Matt Lengel,TE,,Active,,,,,1595984403999.0,,,999.0,999.0,999.0,999.0,,,,,,,,,,,,,,matt lengel
6343,Manny Wilkins,QB,,Active,,,,,1588023962396.0,,,999.0,999.0,999.0,999.0,,,,,,,,,,,,,,manny wilkins
5132,Steven Mitchell,WR,,Inactive,,,,,1618261809879.0,,,999.0,999.0,999.0,999.0,,,,,,,,,,,,,,steven mitchell
6993,Dominick Wood-Anderson,TE,,Active,,,,,1629681048901.0,,,999.0,999.0,999.0,999.0,,,,,,,,,,,,,,dominick wood anderson
345,Brian Hoyer,QB,,Active,,,,,1709955955225.0,,,999.0,999.0,999.0,999.0,,,,,,,,,,,,,,brian hoyer
6820,Clyde Edwards-Helaire,RB,,Active,,,,,1785882609630.0,,,999.0,999.0,999.0,999.0,0.8,0.8,8.0,2.0,,,,,,,,,,clyde edwards helaire
7008,Brian Lewerke,QB,,Active,,,,,1652894760308.0,,,999.0,999.0,999.0,999.0,,,,,,,,,,,,,,brian lewerke
14001,Julius Davis,RB,,Active,,,,,,,,999.0,999.0,999.0,999.0,,,,,,,,,,,,,,julius davis
13400,Justin Joly,TE,DEN,Active,,,,,1777335620117.0,TE,6.0,999.0,999.0,999.0,999.0,58.0,35.0,,,23.0,230.0,2.0,,,,,,,justin joly
5169,Malik Earl,WR,,Active,,,,,1527628501601.0,,,999.0,999.0,999.0,999.0,,,,,,,,,,,,,,malik earl
11931,Austin Reed,QB,,Active,,,,,1756151704533.0,,,999.0,999.0,999.0,999.0,,,,,,,,,,,,,,austin reed
7713,Jaelon Darden,WR,,Active,,,,,1741844718963.0,,,999.0,999.0,999.0,999.0,,,,,,,,,,,,,,jaelon darden
12333,Dakereon Joyner,WR,,Active,,,,,,,,999.0,999.0,999.0,999.0,,,,,,,,,,,,,,dakereon joyner
4666,Younghoe Koo,K,,Active,,,,,1780521062245.0,,,339.0,314.0,338.0,366.0,22.0,22.0,,,,,,,,,,,,younghoe koo
5092,Troy Fumagalli,TE,,Active,,,,,1697070328450.0,,,999.0,999.0,999.0,999.0,,,,,,,,,,,,,,troy fumagalli
2197,Brandin Cooks,WR,,Active,,,,,1783704920093.0,,,999.0,999.0,999.0,999.0,28.8,18.8,,,10.0,128.0,1.0,,,,,,,brandin cooks
1718,Derek Carrier,TE,,Active,,,,,1642207524730.0,,,999.0,999.0,999.0,999.0,,,,,,,,,,,,,,derek carrier
6236,Travon McMillian,RB,,Active,,,,,,,,999.0,999.0,999.0,999.0,,,,,,,,,,,,,,travon mcmillian
5870,Daniel Jones,QB,IND,Active,,,,,1786028148734.0,QB,1.0,195.1,197.1,170.1,93.0,223.54,223.54,191.0,47.0,,,,3.0,2.0,3286.0,19.0,11.0,469.0,daniel jones
8905,Travis Koontz,TE,,Active,,,,,1654724710601.0,,,999.0,999.0,999.0,999.0,,,,,,,,,,,,,,travis koontz
12373,Peter LeBlanc,WR,,Active,,,,,1724714446037.0,,,999.0,999.0,999.0,999.0,,,,,,,,,,,,,,peter leblanc
5290,Deontay Burnett,WR,,Active,,,,,1724708145724.0,,,999.0,999.0,999.0,999.0,,,,,,,,,,,,,,deontay burnett
2463,Jesse James,TE,,Active,,,,,1700618129922.0,,,999.0,999.0,999.0,999.0,,,,,,,,,,,,,,jesse james
13421,Eli Raridon,TE,NE,Active,,,,,1785519032521.0,TE,2.0,999.0,999.0,999.0,999.0,33.0,19.0,,,14.0,130.0,1.0,,,,,,,eli raridon
12250,Riley Sharp,TE,,Active,,,,,1724718046739.0,,,999.0,999.0,999.0,999.0,,,,,,,,,,,,,,riley sharp
4555,Andy Phillips,K,,Active,,,,,,,,999.0,999.0,999.0,999.0,,,,,,,,,,,,,,andy phillips
3568,Marken Michel,WR,,Active,,,,,1662131448660.0,,,999.0,999.0,999.0,999.0,,,,,,,,,,,,,,marken michel
5322,James Looney,TE,,Active,,,,,1597529709965.0,,,999.0,999.0,999.0,999.0,,,,,,,,,,,,,,james looney
8878,Jared Scott,TE,,Active,,,,,1663691454607.0,,,999.0,999.0,999.0,999.0,,,,,,,,,,,,,,jared scott
4214,Shelton Gibson,WR,,Active,,,,,1607991918645.0,,,999.0,999.0,999.0,999.0,,,,,,,,,,,,,,shelton gibson
2391,David Johnson,RB,,Active,,,,,1716216954705.0,,,999.0,999.0,999.0,999.0,,,,,,,,,,,,,,david johnson
7064,Darrynton Evans,RB,,Inactive,,,,,1761696621449.0,,,999.0,999.0,999.0,999.0,,,,,,,,,,,,,,darrynton evans
14044,Miles Davis,RB,CAR,Active,,,,,1779807018748.0,RB,,999.0,999.0,999.0,999.0,,,,,,,,,,,,,,miles davis
7088,Xavier Jones,RB,,Active,,,,,1662496217027.0,,,999.0,999.0,999.0,999.0,,,,,,,,,,,,,,xavier jones
5844,T.J. Hockenson,TE,MIN,Active,,,,,1784839814228.0,TE,1.0,141.2,127.7,159.0,148.0,155.0,89.0,,,66.0,650.0,4.0,,,,,,,t j hockenson
3920,Harvey Binford,WR,,Inactive,,,,,,,,999.0,999.0,999.0,999.0,,,,,,,,,,,,,,harvey binford
12961,Ryan Fitzgerald,K,CAR,Active,,,,,1784087436830.0,K,1.0,347.0,327.0,348.0,350.0,92.0,92.0,,,,,,,,,,,,ryan fitzgerald
11947,Austin Jones,RB,,Active,,,,,1724806560134.0,,,999.0,999.0,999.0,999.0,,,,,,,,,,,,,,austin jones
10955,Chad Ryland,K,ARI,Active,,,,,1780620339342.0,K,1.0,350.0,324.0,358.0,378.0,89.0,89.0,,,,,,,,,,,,chad ryland
4710,Gio Pascascio,WR,,Active,,,,,,,,999.0,999.0,999.0,999.0,,,,,,,,,,,,,,gio pascascio
12529,TreVeyon Henderson,RB,NE,Active,,,,,1785862819313.0,RB,1.0,47.8,36.5,41.3,61.5,179.5,144.5,785.0,176.0,35.0,260.0,1.0,1.0,6.0,,,,,treveyon henderson
3664,J.D. McKissic,RB,,Inactive,,,,,1678847454291.0,,,999.0,999.0,999.0,999.0,,,,,,,,,,,,,,j d mckissic
6193,Cole Murphy,K,,Active,,,,,1556845509191.0,,,999.0,999.0,999.0,999.0,,,,,,,,,,,,,,cole murphy
7933,Alex Kessman,K,CAR,Active,,,,,1640634949942.0,,,346.0,322.0,344.0,343.0,,,,,,,,,,,,,,alex kessman
4127,C.J. Beathard,QB,,Active,,,,,1757005846325.0,,,999.0,999.0,999.0,999.0,,,,,,,,,,,,,,c j beathard
13431,Miles Kitselman,TE,DET,Inactive,IR,Leg,,,1785993646091.0,TE,,999.0,999.0,999.0,999.0,31.6,18.6,,,13.0,126.0,1.0,,,,,,,miles kitselman
13310,Miller Moss,QB,CHI,Active,,,,,1778270141112.0,QB,,999.0,999.0,999.0,999.0,,,,,,,,,,,,,,miller moss
12913,J.J. Jones,WR,,Active,,,,,,,,999.0,999.0,999.0,999.0,,,,,,,,,,,,,,j j jones
5957,Isaac Nauta,TE,GB,Inactive,,,,,1629945307384.0,,,999.0,999.0,999.0,999.0,,,,,,,,,,,,,,isaac nauta
7601,Rondale Moore,WR,,Active,,,,,1771770009313.0,,,999.0,999.0,999.0,999.0,,,,,,,,,,,,,,rondale moore
13290,Jalen Moss,WR,,Active,,,,,,,,999.0,999.0,999.0,999.0,,,,,,,,,,,,,,jalen moss
367,Jared Cook,TE,,Active,,,,,1642086608615.0,,,999.0,999.0,999.0,999.0,,,,,,,,,,,,,,jared cook
13154,Marcus Major,RB,,Active,,,,,1785544837545.0,,,999.0,999.0,999.0,999.0,,,,,,,,,,,,,,marcus major
4630,I'Tavius Mathers,RB,,Active,,,,,1519413301760.0,,,999.0,999.0,999.0,999.0,,,,,,,,,,,,,,i tavius mathers
5196,Ethan Wolf,TE,,Active,,,,,1658794242779.0,,,999.0,999.0,999.0,999.0,,,,,,,,,,,,,,ethan wolf
13268,Elijah Sarratt,WR,BAL,Active,,,,,1784829913063.0,LWR,4.0,229.2,200.6,218.7,238.5,89.1,57.1,5.0,1.0,32.0,386.0,3.0,,,,,,,elijah sarratt
12535,Isaac TeSlaa,WR,DET,Active,,,,,1784899854663.0,LWR,3.0,198.6,183.7,193.5,209.0,105.4,72.4,11.0,2.0,33.0,473.0,4.0,,,,,,,isaac teslaa
5170,Phillip Lindsay,RB,,Active,,,,,1668100549144.0,,,999.0,999.0,999.0,999.0,,,,,,,,,,,,,,phillip lindsay
6790,D'Andre Swift,RB,CHI,Active,,,,,1786109712286.0,RB,1.0,65.1,47.1,58.6,75.3,205.7,168.7,940.0,209.0,37.0,287.0,1.0,1.0,7.0,,,,,d andre swift
6146,Kaden Smith,TE,,Inactive,,,,,1697493918350.0,,,999.0,999.0,999.0,999.0,,,,,,,,,,,,,,kaden smith
1373,Geno Smith,QB,NYJ,Active,,,,,1786065907796.0,QB,1.0,999.0,999.0,999.0,186.5,222.48,222.48,156.0,45.0,,,,4.0,1.0,3372.0,22.0,14.0,489.0,geno smith
7162,Ryan Becker,TE,,Active,,,,,1652633434590.0,,,999.0,999.0,999.0,999.0,,,,,,,,,,,,,,ryan becker
12491,Corey Kiner,RB,ARI,Active,,,,,1786087209827.0,RB,6.0,999.0,999.0,999.0,999.0,,,,,,,,,,,,,,corey kiner
6358,Kahlil Lewis,WR,,Active,,,,,1567482354190.0,,,999.0,999.0,999.0,999.0,,,,,,,,,,,,,,kahlil lewis
6768,Tua Tagovailoa,QB,ATL,Active,Questionable,Back,,,1785878409415.0,QB,1.0,236.5,238.8,237.7,146.0,137.94,137.94,43.0,20.0,,,,4.0,,2141.0,14.0,8.0,308.0,tua tagovailoa
6130,Devin Singletary,RB,NYG,Active,,,,,1782743126896.0,RB,3.0,999.0,999.0,999.0,999.0,12.3,7.3,41.0,10.0,5.0,32.0,,,,,,,,devin singletary
3531,Marshaun Coprich,RB,,Active,,,,,,,,999.0,999.0,999.0,999.0,,,,,,,,,,,,,,marshaun coprich
12276,RJ Mobley,WR,,Active,,,,,,,,999.0,999.0,999.0,999.0,,,,,,,,,,,,,,rj mobley
5004,Ito Smith,RB,DAL,Active,,,,,1647118812936.0,,,999.0,999.0,999.0,999.0,,,,,,,,,,,,,,ito smith
4923,Rushel Shell,RB,,Active,,,,,,,,999.0,999.0,999.0,999.0,,,,,,,,,,,,,,rushel shell
12356,Jabari Small,RB,DET,Active,,,,,1767735615929.0,RB,4.0,999.0,999.0,999.0,999.0,,,,,,,,,,,,,,jabari small
13826,Caullin Lacy,WR,NYJ,Active,,,,,1778273741761.0,SWR,,999.0,999.0,999.0,999.0,,,,,,,,,,,,,,caullin lacy
6904,Jalen Hurts,QB,PHI,Active,,,,,1785988543305.0,QB,1.0,67.2,69.4,68.4,25.3,310.54,310.54,515.0,120.0,,,,3.0,9.0,3326.0,21.0,8.0,462.0,jalen hurts
2450,Brett Hundley,QB,,Active,,,,,1673322011554.0,,,999.0,999.0,999.0,999.0,,,,,,,,,,,,,,brett hundley
4797,Josh Rounds,RB,,Active,,,,,1521156601387.0,,,999.0,999.0,999.0,999.0,,,,,,,,,,,,,,josh rounds
13905,Omari Evans,WR,KC,Active,,,,,1777668635298.0,SWR,,999.0,999.0,999.0,999.0,,,,,,,,,,,,,,omari evans
7515,Sergio Castillo,K,,Active,,,,,1608166802697.0,,,999.0,999.0,999.0,999.0,,,,,,,,,,,,,,sergio castillo
13284,Dylan Devezin,RB,,Active,,,,,,,,999.0,999.0,999.0,999.0,,,,,,,,,,,,,,dylan devezin
7105,Ramiz Ahmed,K,,Active,,,,,1723584904951.0,,,999.0,999.0,999.0,999.0,,,,,,,,,,,,,,ramiz ahmed
7538,Zach Wilson,QB,NO,Active,,,,,1779920430877.0,QB,3.0,999.0,999.0,999.0,999.0,,,,,,,,,,,,,,zach wilson
7561,Elijah Mitchell,RB,PHI,Active,,,,,1780444250119.0,RB,3.0,999.0,999.0,999.0,999.0,9.3,7.3,59.0,14.0,2.0,14.0,,,,,,,,elijah mitchell
7376,Case Cookus,QB,,Active,,,,,1669226460370.0,,,999.0,999.0,999.0,999.0,,,,,,,,,,,,,,case cookus
5129,Adonis Jennings,WR,,Active,,,,,,,,999.0,999.0,999.0,999.0,,,,,,,,,,,,,,adonis jennings
5828,Diontae Spencer,WR,,Inactive,,,,,1730239511401.0,,,999.0,999.0,999.0,999.0,,,,,,,,,,,,,,diontae spencer
3209,Devontae Booker,RB,,Active,,,,,1659135339587.0,,,999.0,999.0,999.0,999.0,,,,,,,,,,,,,,devontae booker
13440,Damien Alford,WR,,Active,Questionable,Undisclosed,,,1782172514074.0,,,999.0,999.0,999.0,999.0,,,,,,,,,,,,,,damien alford
8409,Tyler Snead,WR,,Active,,,,,1652742044443.0,,,999.0,999.0,999.0,999.0,,,,,,,,,,,,,,tyler snead
12898,Seth Henigan,QB,,Active,,,,,1780368343289.0,,,999.0,999.0,999.0,999.0,,,,,,,,,,,,,,seth henigan
1348,Dustin Hopkins,K,,Active,,,,,1756238110574.0,,,999.0,999.0,999.0,999.0,,,,,,,,,,,,,,dustin hopkins
12950,Robert Lewis,WR,,Active,,,,,1756067149709.0,,,999.0,999.0,999.0,999.0,,,,,,,,,,,,,,robert lewis
7458,Isaiah Zuber,WR,,Inactive,,,,,1693947937988.0,,,999.0,999.0,999.0,999.0,,,,,,,,,,,,,,isaiah zuber
11635,Ladd McConkey,WR,LAC,Active,,,,,1785264059168.0,SWR,1.0,41.9,46.8,41.0,57.3,228.2,147.2,12.0,2.0,81.0,1040.0,7.0,,,,,,,ladd mcconkey
13347,Demond Claiborne,RB,MIN,Active,,,,,1785829816746.0,RB,3.0,218.3,175.7,201.7,225.8,33.5,24.5,138.0,29.0,9.0,67.0,,1.0,1.0,,,,,demond claiborne
12475,Ricky White,WR,SEA,Active,,,,,1771308629758.0,SWR,7.0,999.0,999.0,999.0,999.0,4.2,2.2,,,2.0,22.0,,,,,,,,ricky white
8154,Brian Robinson,RB,ATL,Active,,,,,1784817011616.0,RB,2.0,123.8,80.1,136.9,122.2,69.9,56.9,358.0,87.0,13.0,91.0,,,2.0,,,,,brian robinson
11060,Robert Burns,RB,,Active,,,,,1741393849925.0,,,999.0,999.0,999.0,999.0,,,,,,,,,,,,,,robert burns
7427,Tyler Mabry,TE,,Inactive,Questionable,Undisclosed,,,1756171206536.0,,,999.0,999.0,999.0,999.0,,,,,,,,,,,,,,tyler mabry
515,Rob Gronkowski,TE,,Active,,,,,1740582920801.0,,,999.0,999.0,999.0,999.0,,,,,,,,,,,,,,rob gronkowski
13331,Dae'Quan Wright,TE,PHI,Active,,,,,1777184727476.0,TE,,999.0,999.0,999.0,999.0,,,,,,,,,,,,,,dae quan wright
11806,Casey Washington,WR,CAR,Active,,,,,1785360913291.0,SWR,9.0,999.0,999.0,999.0,999.0,,,,,,,,,,,,,,casey washington
5941,Felton Davis,WR,,Active,,,,,1591453563652.0,,,999.0,999.0,999.0,999.0,,,,,,,,,,,,,,felton davis
6068,Devine Ozigbo,RB,,Active,,,,,1699977631455.0,,,999.0,999.0,999.0,999.0,,,,,,,,,,,,,,devine ozigbo
6111,Jake Browning,QB,TB,Active,,,,,1779920430709.0,QB,2.0,999.0,999.0,999.0,999.0,,,,,,,,,,,,,,jake browning
12965,Ethan Garbers,QB,,Active,,,,,1753329334313.0,,,999.0,999.0,999.0,999.0,,,,,,,,,,,,,,ethan garbers
5733,Clayton Wilson,TE,,Active,,,,,1534800307482.0,,,999.0,999.0,999.0,999.0,,,,,,,,,,,,,,clayton wilson
6018,Zach Gentry,TE,,Active,,,,,1724872504572.0,,,999.0,999.0,999.0,999.0,,,,,,,,,,,,,,zach gentry
4289,Ishmael Zamora,WR,,Active,,,,,,,,999.0,999.0,999.0,999.0,,,,,,,,,,,,,,ishmael zamora
6586,Moral Stephens,TE,,Active,,,,,1564256404047.0,,,999.0,999.0,999.0,999.0,,,,,,,,,,,,,,moral stephens
5138,Martez Carter,RB,,Active,,,,,1557525014740.0,,,999.0,999.0,999.0,999.0,,,,,,,,,,,,,,martez carter
14049,Brandon Hayes,WR,PHI,Active,,,,,1785994246808.0,SWR,,999.0,999.0,999.0,999.0,,,,,,,,,,,,,,brandon hayes
13080,Deion Hankins,RB,,Active,,,,,1779406843171.0,,,999.0,999.0,999.0,999.0,,,,,,,,,,,,,,deion hankins
1149,Alshon Jeffery,WR,,Active,,,,,1616132128838.0,,,999.0,999.0,999.0,999.0,,,,,,,,,,,,,,alshon jeffery
6663,Micah Wright,WR,,Active,,,,,1558564864001.0,,,999.0,999.0,999.0,999.0,,,,,,,,,,,,,,micah wright
7583,Sam Ehlinger,QB,DEN,Active,,,,,1784660407278.0,QB,3.0,999.0,999.0,999.0,999.0,,,,,,,,,,,,,,sam ehlinger
6637,Nico Evans,RB,,Active,,,,,,,,999.0,999.0,999.0,999.0,,,,,,,,,,,,,,nico evans
2903,Shane Carden,QB,,Active,,,,,,,,999.0,999.0,999.0,999.0,,,,,,,,,,,,,,shane carden
7156,J'Mar Smith,QB,,Active,,,,,1599693359828.0,,,999.0,999.0,999.0,999.0,,,,,,,,,,,,,,j mar smith
5284,Jeff Wilson,RB,,Active,,,,,1767666909236.0,,,999.0,999.0,999.0,999.0,,,,,,,,,,,,,,jeff wilson
13129,Jermaine Terry,TE,,Active,,,,,1785992744449.0,,,999.0,999.0,999.0,999.0,,,,,,,,,,,,,,jermaine terry
13438,DeaMonte Trayanum,RB,NYJ,Active,,,,,,RB,6.0,999.0,999.0,999.0,999.0,,,,,,,,,,,,,,deamonte trayanum
4445,Keon Hatcher,WR,,Active,,,,,1588719302802.0,,,999.0,999.0,999.0,999.0,,,,,,,,,,,,,,keon hatcher
6380,Davion Davis,WR,,Active,,,,,1724832059477.0,,,999.0,999.0,999.0,999.0,,,,,,,,,,,,,,davion davis
3762,Brandon Shippen,WR,,Active,,,,,1528985101937.0,,,999.0,999.0,999.0,999.0,,,,,,,,,,,,,,brandon shippen
4744,Barrett Burns,TE,BAL,Active,,,,,,,,999.0,999.0,999.0,999.0,,,,,,,,,,,,,,barrett burns
11620,Rome Odunze,WR,CHI,Active,,,,,1785458724707.0,LWR,1.0,64.2,67.6,62.6,85.8,207.9,139.9,6.0,1.0,68.0,973.0,7.0,,,,,,,rome odunze
5289,Cameron Batson,WR,,Active,,,,,1672703434235.0,,,999.0,999.0,999.0,999.0,,,,,,,,,,,,,,cameron batson
6019,Johnnie Dixon,WR,,Active,,,,,1630447552675.0,,,999.0,999.0,999.0,999.0,,,,,,,,,,,,,,johnnie dixon
2583,Tyrell Williams,WR,,Active,,,,,1636158312624.0,,,999.0,999.0,999.0,999.0,,,,,,,,,,,,,,tyrell williams
10232,Michael Wilson,WR,ARI,Active,,,,,1785533734437.0,RWR,2.0,80.2,75.2,82.6,96.5,166.0,107.0,6.0,1.0,59.0,764.0,5.0,,,,,,,michael wilson
8575,Erik Krommenhoek,TE,,Active,,,,,1661894451237.0,,,999.0,999.0,999.0,999.0,,,,,,,,,,,,,,erik krommenhoek
12810,Elijhah Badger,WR,,Active,,,,,1756268122632.0,,,999.0,999.0,999.0,999.0,,,,,,,,,,,,,,elijhah badger
PIT,Steelers,DEF,PIT,,,,,,,,,181.2,178.4,178.4,215.5,88.0,88.0,,,,,,,,,,,,steelers
1071,Mohamed Sanu,WR,,Active,,,,,1661792747409.0,,,999.0,999.0,999.0,999.0,,,,,,,,,,,,,,mohamed sanu
12435,Geor'Quarius Spivey,TE,,Active,,,,,1756269022657.0,,,999.0,999.0,999.0,999.0,,,,,,,,,,,,,,geor quarius spivey
13916,Xavier Loyd,WR,KC,Active,,,,,1778068844164.0,SWR,,999.0,999.0,999.0,999.0,,,,,,,,,,,,,,xavier loyd
4200,DeAngelo Yancey,WR,,Active,,,,,1567220158216.0,,,999.0,999.0,999.0,999.0,,,,,,,,,,,,,,deangelo yancey
6804,Jordan Love,QB,GB,Active,,,,,1785162017997.0,QB,1.0,124.8,126.8,133.3,50.0,278.52,278.52,202.0,51.0,,,,3.0,2.0,3808.0,27.0,10.0,501.0,jordan love
3225,Tyler Boyd,WR,,Active,,,,,1751387156597.0,,,999.0,999.0,999.0,999.0,,,,,,,,,,,,,,tyler boyd
12549,Jordan Petaia,TE,,Active,,,,,1755301807300.0,,,999.0,999.0,999.0,999.0,,,,,,,,,,,,,,jordan petaia
6260,Jake Powell,TE,,Active,,,,,1565735428197.0,,,999.0,999.0,999.0,999.0,,,,,,,,,,,,,,jake powell
13973,Keelan Marion,WR,ATL,Active,,,,,,SWR,,999.0,999.0,999.0,999.0,,,,,,,,,,,,,,keelan marion
13592,Chandler Morris,QB,,Active,,,,,,,,999.0,999.0,999.0,999.0,,,,,,,,,,,,,,chandler morris
7874,Jeremiah Haydel,WR,,Active,,,,,1630351536550.0,,,999.0,999.0,999.0,999.0,,,,,,,,,,,,,,jeremiah haydel
2119,James Franklin,QB,,Active,,,,,,,,999.0,999.0,999.0,999.0,,,,,,,,,,,,,,james franklin
11191,Justin Marshall,WR,,Active,,,,,1693179341919.0,,,999.0,999.0,999.0,999.0,,,,,,,,,,,,,,justin marshall
5121,Braxton Berrios,WR,NYG,Active,,,,,1780356040995.0,SWR,9.0,999.0,999.0,999.0,999.0,,,,,,,,,,,,,,braxton berrios
7093,Adrian Killins,RB,DEN,Inactive,,,,,1647224412229.0,,,999.0,999.0,999.0,999.0,,,,,,,,,,,,,,adrian killins
12360,Latreal Jones,WR,,Active,,,,,1724625035511.0,,,999.0,999.0,999.0,999.0,,,,,,,,,,,,,,latreal jones
24,Matt Ryan,QB,,Active,,,,,1768061404936.0,,,999.0,999.0,999.0,999.0,,,,,,,,,,,,,,matt ryan
2257,Carlos Hyde,RB,,Active,,,,,1647023446331.0,,,999.0,999.0,999.0,999.0,,,,,,,,,,,,,,carlos hyde
6083,Matt Gay,K,LV,Active,,,,,1785527133633.0,K,1.0,263.3,239.0,258.5,285.2,75.0,75.0,,,,,,,,,,,,matt gay
IND,Colts,DEF,IND,,,,,,,,,219.0,215.0,215.0,245.5,84.0,84.0,,,,,,,,,,,,colts
8236,Jerreth Sterns,WR,,Active,,,,,1678490739852.0,,,999.0,999.0,999.0,999.0,,,,,,,,,,,,,,jerreth sterns
11099,Kearis Jackson,WR,,Active,,,,,1742340026845.0,,,999.0,999.0,999.0,999.0,,,,,,,,,,,,,,kearis jackson
5263,Chase Litton,QB,,Active,,,,,1571715017013.0,,,999.0,999.0,999.0,999.0,,,,,,,,,,,,,,chase litton
8147,John Metchie,WR,CAR,Active,,,,,1786116013874.0,LWR,2.0,999.0,999.0,999.0,999.0,48.8,28.8,8.0,1.0,20.0,220.0,1.0,,,,,,,john metchie
9483,Zack Kuntz,TE,DAL,Active,,,,,1786077910234.0,TE,5.0,999.0,999.0,999.0,999.0,,,,,,,,,,,,,,zack kuntz
13342,John Michael Gyllenborg,TE,KC,Inactive,IR,Knee,,,1785276001616.0,TE,3.0,999.0,999.0,999.0,999.0,40.4,29.4,,,11.0,114.0,1.0,,,,,,,john michael gyllenborg
5283,Ka'Raun White,WR,,Active,,,,,1557850830189.0,,,999.0,999.0,999.0,999.0,,,,,,,,,,,,,,ka raun white
7956,Cade Johnson,WR,,Active,,,,,1693446020376.0,,,999.0,999.0,999.0,999.0,,,,,,,,,,,,,,cade johnson
13136,Redd Douglas,WR,,Active,,,,,,,,999.0,999.0,999.0,999.0,,,,,,,,,,,,,,redd douglas
11592,Erick All,TE,CIN,Active,,,,,1785445823666.0,TE,2.0,999.0,999.0,999.0,999.0,,,,,,,,,,,,,,erick all
7496,Nick Westbrook-Ikhine,WR,IND,Active,,,,,1781295632825.0,RWR,4.0,999.0,999.0,999.0,999.0,26.7,17.7,,,9.0,117.0,1.0,,,,,,,nick westbrook ikhine
11224,Griffin Hebert,TE,,Active,,,,,1726002953744.0,,,999.0,999.0,999.0,999.0,,,,,,,,,,,,,,griffin hebert
13604,Sincere Brown,WR,LAC,Active,,,,,1777233932695.0,SWR,,999.0,999.0,999.0,999.0,,,,,,,,,,,,,,sincere brown
3634,Kalif Raymond,WR,CHI,Active,,,,,1785444323048.0,SWR,4.0,999.0,999.0,999.0,999.0,27.7,18.7,11.0,2.0,9.0,116.0,1.0,,,,,,,kalif raymond
12018,Sam Pinckney,WR,,Active,,,,,1733266811969.0,,,999.0,999.0,999.0,999.0,,,,,,,,,,,,,,sam pinckney
5773,KhaDarel Hodge,WR,SF,Active,,,,,1785969041829.0,SWR,8.0,999.0,999.0,999.0,999.0,,,,,,,,,,,,,,khadarel hodge
11520,Lucky Jackson,WR,DET,Active,,,,,1781728512065.0,SWR,6.0,999.0,999.0,999.0,999.0,,,,,,,,,,,,,,lucky jackson
2940,Des Lawrence,WR,,Active,,,,,1523056801513.0,,,999.0,999.0,999.0,999.0,,,,,,,,,,,,,,des lawrence
13833,Dominic Zvada,K,NYG,Active,,,,,1784086536846.0,K,2.0,355.3,330.4,363.3,381.3,56.0,56.0,,,,,,,,,,,,dominic zvada
4574,Cooper Rush,QB,ATL,Active,,,,,1785331808435.0,QB,3.0,999.0,999.0,999.0,999.0,,,,,,,,,,,,,,cooper rush
5663,Shane Wimann,RB,,Inactive,,,,,1533863168194.0,,,999.0,999.0,999.0,999.0,,,,,,,,,,,,,,shane wimann
14047,Heinrich Haarberg,TE,,Active,,,,,1780984837562.0,,,999.0,999.0,999.0,999.0,,,,,,,,,,,,,,heinrich haarberg
6205,Brandon Silvers,QB,,Active,,,,,1557174324089.0,,,999.0,999.0,999.0,999.0,,,,,,,,,,,,,,brandon silvers
9998,Hendon Hooker,QB,TEN,Active,,,,,1780608036672.0,QB,4.0,999.0,999.0,999.0,999.0,,,,,,,,,,,,,,hendon hooker
8500,John FitzPatrick,TE,,Active,Questionable,Achilles,,Surgery,1766443825172.0,,,999.0,999.0,999.0,999.0,,,,,,,,,,,,,,john fitzpatrick
4037,Chris Godwin,WR,TB,Active,,,,,1785960339782.0,SWR,2.0,92.6,88.4,93.0,111.4,173.6,105.6,6.0,1.0,68.0,750.0,5.0,,,,,,,chris godwin
5244,Devin Gray,WR,,Active,,,,,1660683032461.0,,,999.0,999.0,999.0,999.0,,,,,,,,,,,,,,devin gray
11606,Dallin Holker,TE,,Active,,,,,1753227621986.0,,,999.0,999.0,999.0,999.0,7.5,3.5,,,4.0,35.0,,,,,,,,dallin holker
5137,Richie James,WR,,Active,,,,,1752937807820.0,,,999.0,999.0,999.0,999.0,,,,,,,,,,,,,,richie james
7243,Kevin Davidson,QB,,Inactive,,,,,1599693357448.0,,,999.0,999.0,999.0,999.0,,,,,,,,,,,,,,kevin davidson
8553,Tre Ford,QB,,Active,,,,,,,,999.0,999.0,999.0,999.0,,,,,,,,,,,,,,tre ford
12270,Andrew Peasley,QB,,Active,,,,,1724811363646.0,,,999.0,999.0,999.0,999.0,,,,,,,,,,,,,,andrew peasley
12753,Jamoi Mayes,WR,,Active,,,,,1756262421831.0,,,999.0,999.0,999.0,999.0,,,,,,,,,,,,,,jamoi mayes
6375,Jerome Washington,TE,,Active,,,,,1557795921342.0,,,999.0,999.0,999.0,999.0,,,,,,,,,,,,,,jerome washington
5013,Anthony Miller,WR,,Active,,,,,1756423221086.0,,,999.0,999.0,999.0,999.0,,,,,,,,,,,,,,anthony miller
6017,DaMarkus Lodge,WR,,Active,,,,,1599409559842.0,,,999.0,999.0,999.0,999.0,,,,,,,,,,,,,,damarkus lodge
4874,Chris Bazile,TE,,Active,,,,,1534987204453.0,,,999.0,999.0,999.0,999.0,,,,,,,,,,,,,,chris bazile
7858,Brenden Knox,RB,,Active,,,,,1652217331784.0,,,999.0,999.0,999.0,999.0,,,,,,,,,,,,,,brenden knox
2146,Richard Rodgers,TE,,Inactive,,,,,1670710845846.0,,,999.0,999.0,999.0,999.0,,,,,,,,,,,,,,richard rodgers
13516,Max Bredeson,TE,MIN,Active,,,,,1780615238081.0,RB,4.0,999.0,999.0,999.0,999.0,3.8,1.8,3.0,1.0,2.0,15.0,,,,,,,,max bredeson
11561,Michael Pratt,QB,,Active,,,,,1766527814105.0,,,999.0,999.0,999.0,999.0,,,,,,,,,,,,,,michael pratt
5906,Dawson Knox,TE,BUF,Active,,,,,1785014404173.0,TE,2.0,999.0,999.0,999.0,999.0,76.4,48.4,,,28.0,304.0,3.0,,,,,,,dawson knox
7812,Simi Fehoko,WR,ARI,Active,,,,,1786087510023.0,RWR,6.0,999.0,999.0,999.0,999.0,,,,,,,,,,,,,,simi fehoko
12908,Chandler Brayboy,WR,JAX,Active,,,,,1768269025225.0,SWR,3.0,999.0,999.0,999.0,999.0,,,,,,,,,,,,,,chandler brayboy
2114,Senorise Perry,RB,,Inactive,,,,,1605746443749.0,,,999.0,999.0,999.0,999.0,,,,,,,,,,,,,,senorise perry
5217,Jason Reese,TE,,Active,,,,,1534694141743.0,,,999.0,999.0,999.0,999.0,,,,,,,,,,,,,,jason reese
12403,Valentino Ambrosio,K,,Active,,,,,,,,999.0,999.0,999.0,999.0,,,,,,,,,,,,,,valentino ambrosio
7066,K.J. Osborn,WR,TEN,Active,,,,,1775059247260.0,RWR,8.0,999.0,999.0,999.0,999.0,,,,,,,,,,,,,,k j osborn
1979,Blake Bortles,QB,NO,Active,,,,,1664980259619.0,,,999.0,999.0,999.0,999.0,,,,,,,,,,,,,,blake bortles
8008,Josh Imatorbhebhe,WR,,Active,,,,,1635795024579.0,,,999.0,999.0,999.0,999.0,,,,,,,,,,,,,,josh imatorbhebhe
8475,Montrell Washington,WR,HOU,Active,,,,,1785917429520.0,SWR,8.0,999.0,999.0,999.0,999.0,,,,,,,,,,,,,,montrell washington
6762,Darion Clark,TE,,Inactive,,,,,1623638116035.0,,,999.0,999.0,999.0,999.0,,,,,,,,,,,,,,darion clark
11921,Xavier Weaver,WR,ARI,Active,Questionable,Concussion,,,1781310034139.0,SWR,4.0,999.0,999.0,999.0,999.0,7.1,4.1,6.0,1.0,3.0,35.0,,,,,,,,xavier weaver
260,Josh Johnson,QB,CIN,Active,,,,,1780608036172.0,QB,3.0,999.0,999.0,999.0,999.0,11.34,11.34,13.0,2.0,,,,,,176.0,1.0,1.0,28.0,josh johnson
2711,Taylor Heinicke,QB,,Active,,,,,1778247038594.0,,,999.0,999.0,999.0,999.0,,,,,,,,,,,,,,taylor heinicke
6857,Collin Johnson,WR,,Active,,,,,1779405643182.0,,,999.0,999.0,999.0,999.0,,,,,,,,,,,,,,collin johnson
13557,Athan Kaliakmanis,QB,WAS,Active,,,,,1779924031805.0,QB,4.0,999.0,999.0,999.0,999.0,,,,,,,,,,,,,,athan kaliakmanis
13846,Jack Velling,TE,ATL,Active,,,,,1778205305248.0,TE,,999.0,999.0,999.0,999.0,7.3,3.3,,,4.0,33.0,,,,,,,,jack velling
8182,Chase Allen,TE,,Active,,,,,,,,999.0,999.0,999.0,999.0,,,,,,,,,,,,,,chase allen
4157,Tarik Cohen,RB,,Active,,,,,1722537349744.0,,,999.0,999.0,999.0,999.0,,,,,,,,,,,,,,tarik cohen
2003,Bennie Fowler,WR,,Active,,,,,1627861216950.0,,,999.0,999.0,999.0,999.0,,,,,,,,,,,,,,bennie fowler
12285,Cade Peterson,QB,,Active,,,,,,,,999.0,999.0,999.0,999.0,,,,,,,,,,,,,,cade peterson
7533,Anthony Schwartz,WR,,Active,,,,,1724617234475.0,,,999.0,999.0,999.0,999.0,,,,,,,,,,,,,,anthony schwartz
7460,Jake Burt,TE,,Active,,,,,1606619436287.0,,,999.0,999.0,999.0,999.0,,,,,,,,,,,,,,jake burt
1837,Jimmy Garoppolo,QB,,Active,,,,,1784766605926.0,,,999.0,999.0,999.0,999.0,12.32,12.32,6.0,2.0,,,,,,218.0,1.0,1.0,33.0,jimmy garoppolo
4528,Trevor Knight,QB,,Active,,,,,1508283421608.0,,,999.0,999.0,999.0,999.0,,,,,,,,,,,,,,trevor knight
8259,Cameron Dicker,K,LAC,Active,,,,,1785251157254.0,K,1.0,172.2,129.2,148.8,163.5,106.0,106.0,,,,,,,,,,,,cameron dicker
10220,Will Mallory,TE,IND,Active,,,,,1780529160072.0,TE,2.0,999.0,999.0,999.0,999.0,,,,,,,,,,,,,,will mallory
12063,Rocky Lombardi,QB,,Active,,,,,1724444112016.0,,,999.0,999.0,999.0,999.0,,,,,,,,,,,,,,rocky lombardi
13249,Thomas Gordon,TE,DET,Active,,,,,1769732109617.0,TE,,999.0,999.0,999.0,999.0,,,,,,,,,,,,,,thomas gordon
13128,Rushawn Baker,RB,,Active,,,,,1764368139641.0,,,999.0,999.0,999.0,999.0,,,,,,,,,,,,,,rushawn baker
9507,Titus Swen,RB,,Active,,,,,1683575736705.0,,,999.0,999.0,999.0,999.0,,,,,,,,,,,,,,titus swen
1939,Derel Walker,WR,,Active,,,,,,,,999.0,999.0,999.0,999.0,,,,,,,,,,,,,,derel walker
12434,Kairee Robinson,RB,,Active,,,,,1724813760623.0,,,999.0,999.0,999.0,999.0,,,,,,,,,,,,,,kairee robinson
8205,Isiah Pacheco,RB,DET,Active,,,,,1785507031045.0,RB,2.0,167.2,151.4,175.3,201.4,53.6,43.6,263.0,67.0,10.0,73.0,,1.0,2.0,,,,,isiah pacheco
2713,Josh Harper,WR,,Active,,,,,,,,999.0,999.0,999.0,999.0,,,,,,,,,,,,,,josh harper
6342,Stephen Louis,WR,,Active,,,,,1566253808494.0,,,999.0,999.0,999.0,999.0,,,,,,,,,,,,,,stephen louis
1166,Kirk Cousins,QB,LV,Active,,,,,1785270060063.0,QB,2.0,999.0,999.0,999.0,237.7,39.16,39.16,6.0,5.0,,,,2.0,,639.0,5.0,3.0,98.0,kirk cousins
8108,DeVonte Dedmon,WR,,Active,,,,,1660661742003.0,,,999.0,999.0,999.0,999.0,,,,,,,,,,,,,,devonte dedmon
2767,Jawon Chisholm,RB,,Active,,,,,,,,999.0,999.0,999.0,999.0,,,,,,,,,,,,,,jawon chisholm
5185,Allen Lazard,WR,,Active,,,,,1765900843116.0,,,999.0,999.0,999.0,999.0,6.4,3.4,,,3.0,34.0,,,,,,,,allen lazard
8110,Jake Ferguson,TE,DAL,Active,,,,,1785657651916.0,TE,1.0,104.0,96.9,105.3,117.1,159.8,89.8,,,70.0,618.0,5.0,1.0,,,,,,jake ferguson
12197,John Paddock,QB,,Active,,,,,1724619034655.0,,,999.0,999.0,999.0,999.0,,,,,,,,,,,,,,john paddock
8251,Calvin Jackson,WR,,Active,,,,,1672449059967.0,,,999.0,999.0,999.0,999.0,,,,,,,,,,,,,,calvin jackson
2620,Jake Heaps,QB,,Active,,,,,,,,999.0,999.0,999.0,999.0,,,,,,,,,,,,,,jake heaps
11225,Noah Gindorff,TE,,Active,,,,,1698188432343.0,,,999.0,999.0,999.0,999.0,,,,,,,,,,,,,,noah gindorff
4491,Marcus Kemp,WR,,Active,,,,,1693265127620.0,,,999.0,999.0,999.0,999.0,,,,,,,,,,,,,,marcus kemp
7842,Luke Farrell,TE,SF,Active,,,,,1780442450172.0,TE,4.0,999.0,999.0,999.0,999.0,10.1,5.1,,,5.0,51.0,,,,,,,,luke farrell
5136,Josh Adams,RB,,Active,,,,,1652291437432.0,,,999.0,999.0,999.0,999.0,,,,,,,,,,,,,,josh adams
3500,Devon Cajuste,WR,,Active,,,,,1535758616735.0,,,999.0,999.0,999.0,999.0,,,,,,,,,,,,,,devon cajuste
6737,Micky Crum,TE,,Active,,,,,,,,999.0,999.0,999.0,999.0,,,,,,,,,,,,,,micky crum
11232,Isaiah Winstead,WR,,Active,,,,,1724812860328.0,,,999.0,999.0,999.0,999.0,,,,,,,,,,,,,,isaiah winstead
13975,Le'Meke Brockington,WR,ATL,Active,,,,,,SWR,,999.0,999.0,999.0,999.0,,,,,,,,,,,,,,le meke brockington
12239,Peewee Jarrett,QB,,Active,,,,,1715038859033.0,,,999.0,999.0,999.0,999.0,,,,,,,,,,,,,,peewee jarrett
4785,Kermit Whitfield,WR,,Active,,,,,1546401315643.0,,,999.0,999.0,999.0,999.0,,,,,,,,,,,,,,kermit whitfield
11046,Colton Dowell,WR,SF,Active,,,,,1786085111948.0,,,999.0,999.0,999.0,999.0,,,,,,,,,,,,,,colton dowell
6288,Marcus Green,WR,,Active,,,,,1599188454818.0,,,999.0,999.0,999.0,999.0,,,,,,,,,,,,,,marcus green
6320,Jonathan Duhart,WR,,Active,,,,,1586992538062.0,,,999.0,999.0,999.0,999.0,,,,,,,,,,,,,,jonathan duhart
4082,Curtis Samuel,WR,,Active,,,,,1782842407489.0,,,999.0,999.0,999.0,999.0,5.3,3.3,6.0,1.0,2.0,27.0,,,,,,,,curtis samuel
7048,Benny LeMay,RB,CLE,Active,,,,,1641490817822.0,,,999.0,999.0,999.0,999.0,,,,,,,,,,,,,,benny lemay
1049,Ryan Tannehill,QB,,Active,,,,,1742657741871.0,,,999.0,999.0,999.0,999.0,,,,,,,,,,,,,,ryan tannehill
6686,Joe Horn,WR,,Active,,,,,,,,999.0,999.0,999.0,999.0,,,,,,,,,,,,,,joe horn
12350,Anthony Grant,RB,,Active,,,,,,,,999.0,999.0,999.0,999.0,,,,,,,,,,,,,,anthony grant
5703,Deontez Alexander,WR,,Active,,,,,1660699219475.0,,,999.0,999.0,999.0,999.0,,,,,,,,,,,,,,deontez alexander
12976,DeMeer Blankumsee,WR,,Active,,,,,1753953337874.0,,,999.0,999.0,999.0,999.0,,,,,,,,,,,,,,demeer blankumsee
3239,Bronson Kaufusi,TE,GB,Active,,,,,1630520460191.0,,,999.0,999.0,999.0,999.0,,,,,,,,,,,,,,bronson kaufusi
12311,Daniel George,WR,,Active,,,,,,,,999.0,999.0,999.0,999.0,,,,,,,,,,,,,,daniel george
1339,Zach Ertz,TE,,Active,,,,,1785900328443.0,,,999.0,999.0,999.0,999.0,36.7,20.7,,,16.0,147.0,1.0,,,,,,,zach ertz
5155,Corey Willis,WR,,Active,,,,,,,,999.0,999.0,999.0,999.0,,,,,,,,,,,,,,corey willis
4184,Bucky Hodges,TE,,Active,,,,,1573600255184.0,,,999.0,999.0,999.0,999.0,,,,,,,,,,,,,,bucky hodges
8770,Malik Williams,WR,,Active,,,,,1654274742041.0,,,999.0,999.0,999.0,999.0,,,,,,,,,,,,,,malik williams
11280,Brady Russell,TE,SEA,Active,,,,,1781216404114.0,RB,7.0,999.0,999.0,999.0,999.0,,,,,,,,,,,,,,brady russell
11589,Trey Benson,RB,ARI,Active,,,,,1785894008978.0,RB,5.0,182.2,114.3,179.0,161.0,27.2,24.2,120.0,30.0,3.0,22.0,1.0,1.0,1.0,,,,,trey benson
13237,Mark McNamee,K,,Active,,,,,1760475032425.0,,,999.0,999.0,999.0,999.0,,,,,,,,,,,,,,mark mcnamee
5878,N'Keal Harry,TE,,Active,,,,,1733257527730.0,,,999.0,999.0,999.0,999.0,,,,,,,,,,,,,,n keal harry
3816,Brandon Brown-Dukes,RB,,Active,,,,,,,,999.0,999.0,999.0,999.0,,,,,,,,,,,,,,brandon brown dukes
13173,Jimmy Holiday,WR,KC,Active,,,,,1767665109116.0,RWR,,999.0,999.0,999.0,999.0,,,,,,,,,,,,,,jimmy holiday
7143,Ben DiNucci,QB,,Active,,,,,1768802130873.0,,,999.0,999.0,999.0,999.0,,,,,,,,,,,,,,ben dinucci
13749,Kole Wilson,WR,CLE,Active,,,,,1778266240649.0,SWR,,999.0,999.0,999.0,999.0,,,,,,,,,,,,,,kole wilson
10867,Jake Bobo,WR,SEA,Active,Questionable,Leg,,,1786060207117.0,LWR,6.0,999.0,999.0,999.0,999.0,4.2,2.2,,,2.0,22.0,,,,,,,,jake bobo
8131,Isaiah Likely,TE,NYG,Active,,,,,1785765605224.0,TE,1.0,117.3,113.2,120.5,132.9,157.3,95.3,,,62.0,653.0,5.0,,,,,,,isaiah likely
4046,Patrick Mahomes,QB,KC,Active,Questionable,Knee - ACL,,Surgery,1785340809579.0,QB,1.0,100.1,102.3,101.0,26.1,286.68,286.68,202.0,47.0,,,,2.0,1.0,3962.0,29.0,12.0,555.0,patrick mahomes
ARI,Cardinals,DEF,ARI,,,,,,,,,273.0,269.0,270.0,289.5,66.0,66.0,,,,,,,,,,,,cardinals
8938,Nathan Rourke,QB,,Active,,,,,1723408540508.0,,,999.0,999.0,999.0,999.0,,,,,,,,,,,,,,nathan rourke
3286,Demarcus Robinson,WR,SF,Active,,,,,1781223647081.0,RWR,7.0,999.0,999.0,999.0,999.0,38.1,24.1,,,14.0,181.0,1.0,,,,,,,demarcus robinson
7609,Demetric Felton,RB,,Active,,,,,1779308443282.0,,,999.0,999.0,999.0,999.0,,,,,,,,,,,,,,demetric felton
11608,Isaiah Williams,WR,NYJ,Active,,,,,1781223647799.0,SWR,5.0,999.0,999.0,999.0,999.0,31.3,19.3,18.0,3.0,12.0,135.0,1.0,1.0,,,,,,isaiah williams
2315,Todd Gurley,RB,,Active,,,,,1630347335122.0,,,999.0,999.0,999.0,999.0,,,,,,,,,,,,,,todd gurley
4551,Tanner Gentry,WR,,Active,,,,,1673987122360.0,,,999.0,999.0,999.0,999.0,,,,,,,,,,,,,,tanner gentry
12524,Shedeur Sanders,QB,CLE,Active,,,,,1785959139942.0,QB,1.0,225.8,227.4,226.8,162.0,97.12,97.12,88.0,26.0,,,,2.0,2.0,1433.0,7.0,5.0,226.0,shedeur sanders
6171,Cody Thompson,WR,,Active,,,,,1754959513568.0,,,999.0,999.0,999.0,999.0,,,,,,,,,,,,,,cody thompson
11344,Keytaon Thompson,WR,,Active,,,,,1685058617468.0,,,999.0,999.0,999.0,999.0,,,,,,,,,,,,,,keytaon thompson
956,Mark Ingram,RB,,Inactive,,,,,1688742925996.0,,,999.0,999.0,999.0,999.0,,,,,,,,,,,,,,mark ingram
SEA,Seahawks,DEF,SEA,,,,,,,,,124.2,118.0,125.5,144.4,103.0,103.0,,,,,,,,,,,,seahawks
3514,Jake McGee,TE,,Active,,,,,1553142317848.0,,,999.0,999.0,999.0,999.0,,,,,,,,,,,,,,jake mcgee
7564,Ja'Marr Chase,WR,CIN,Active,,,,,1784921756228.0,LWR,1.0,3.4,6.6,3.7,5.2,311.1,202.1,16.0,3.0,109.0,1345.0,11.0,1.0,,,,,,ja marr chase
8174,Kevin Harris,RB,,Active,,,,,1756248620594.0,,,999.0,999.0,999.0,999.0,,,,,,,,,,,,,,kevin harris
5462,Christopher Ezeala,RB,,Active,,,,,1546977330539.0,,,999.0,999.0,999.0,999.0,,,,,,,,,,,,,,christopher ezeala
12235,Marcus Riley,WR,,Active,,,,,1746748507322.0,,,999.0,999.0,999.0,999.0,,,,,,,,,,,,,,marcus riley
4593,Brandon Barnes,TE,,Active,,,,,1565384707604.0,,,999.0,999.0,999.0,999.0,,,,,,,,,,,,,,brandon barnes
5403,Peter Pujals,QB,,Active,,,,,,,,999.0,999.0,999.0,999.0,,,,,,,,,,,,,,peter pujals
13658,Brady Boyd,WR,JAX,Active,,,,,1777246838144.0,SWR,,999.0,999.0,999.0,999.0,,,,,,,,,,,,,,brady boyd
8177,Grant Calcaterra,TE,PHI,Active,,,,,1780438849804.0,TE,3.0,999.0,999.0,999.0,999.0,25.6,15.6,,,10.0,96.0,1.0,,,,,,,grant calcaterra
13657,Alex Bullock,WR,,Active,NA,Undisclosed,,,1779173118823.0,,,999.0,999.0,999.0,999.0,,,,,,,,,,,,,,alex bullock
5293,Jordan Veasy,WR,,Active,,,,,1660169747302.0,,,999.0,999.0,999.0,999.0,,,,,,,,,,,,,,jordan veasy
8125,Calvin Austin,WR,NYG,Active,,,,,1784565645183.0,SWR,4.0,999.0,999.0,999.0,999.0,43.4,27.4,13.0,2.0,16.0,201.0,1.0,,,,,,,calvin austin
7746,Austin Trammell,WR,JAX,Active,,,,,1768269625591.0,SWR,6.0,999.0,999.0,999.0,999.0,,,,,,,,,,,,,,austin trammell
7587,Dyami Brown,WR,WAS,Active,,,,,1785205851219.0,LWR,4.0,999.0,999.0,999.0,999.0,4.9,2.9,6.0,1.0,2.0,23.0,,,,,,,,dyami brown
13422,Jaren Kanak,TE,TEN,Active,,,,,1780438850364.0,TE,3.0,999.0,999.0,999.0,999.0,31.6,18.6,,,13.0,126.0,1.0,,,,,,,jaren kanak
LV,Raiders,DEF,LV,,,,,,,,,279.3,275.0,278.0,300.0,65.0,65.0,,,,,,,,,,,,raiders
7839,Evan McPherson,K,CIN,Active,,,,,1783659316199.0,K,1.0,224.2,207.4,206.4,258.0,106.0,106.0,,,,,,,,,,,,evan mcpherson
13802,Jacob Clark,QB,LV,Active,,,,,1777605627334.0,QB,,999.0,999.0,999.0,999.0,,,,,,,,,,,,,,jacob clark
12410,John Jackson,WR,,Active,,,,,1755042347684.0,,,999.0,999.0,999.0,999.0,,,,,,,,,,,,,,john jackson
11897,Jermaine Jackson,WR,,Active,,,,,1732050033273.0,,,999.0,999.0,999.0,999.0,,,,,,,,,,,,,,jermaine jackson
8095,Graham Adomitis,TE,,Active,,,,,1629223546106.0,,,999.0,999.0,999.0,999.0,,,,,,,,,,,,,,graham adomitis
11382,Dontay Demus,WR,,Active,,,,,1696368331868.0,,,999.0,999.0,999.0,999.0,,,,,,,,,,,,,,dontay demus
4794,Tommy Armstrong Jr.,QB,,Inactive,,,,,,,,999.0,999.0,999.0,999.0,,,,,,,,,,,,,,tommy armstrong
2452,Jay Ajayi,RB,,Injured Reserve,,,,,1577139357921.0,,,999.0,999.0,999.0,999.0,,,,,,,,,,,,,,jay ajayi
1211,Rhett Ellison,TE,,Injured Reserve,,,,,1583777740563.0,,,999.0,999.0,999.0,999.0,,,,,,,,,,,,,,rhett ellison
8117,Jalen Tolbert,WR,MIA,Active,,,,,1785770405229.0,LWR,5.0,999.0,999.0,999.0,999.0,34.2,21.2,,,13.0,152.0,1.0,,,,,,,jalen tolbert
7483,Farrod Green,TE,,Active,,,,,1652223932434.0,,,999.0,999.0,999.0,999.0,,,,,,,,,,,,,,farrod green
6797,Justin Herbert,QB,LAC,Active,,,,,1785867907287.0,QB,1.0,83.7,86.3,85.7,24.9,295.48,295.48,338.0,70.0,,,,3.0,3.0,3842.0,26.0,10.0,533.0,justin herbert
6849,Denzel Mims,WR,DAL,Active,,,,,1781818224794.0,SWR,8.0,999.0,999.0,999.0,999.0,,,,,,,,,,,,,,denzel mims
12438,Alex Hale,K,,Active,,,,,1753135527917.0,,,999.0,999.0,999.0,999.0,,,,,,,,,,,,,,alex hale
3774,Jason Vander Laan,TE,,Inactive,,,,,1613169623821.0,,,999.0,999.0,999.0,999.0,,,,,,,,,,,,,,jason vander laan
13041,Jahmal Banks,WR,,Active,,,,,1762305625205.0,,,999.0,999.0,999.0,999.0,,,,,,,,,,,,,,jahmal banks
5884,Kelvin Harmon,WR,,Active,,,,,1753850427655.0,,,999.0,999.0,999.0,999.0,,,,,,,,,,,,,,kelvin harmon
13764,Chris Freeman,K,,Active,,,,,,,,999.0,999.0,999.0,999.0,,,,,,,,,,,,,,chris freeman
5781,Malik Turner,WR,SF,Active,,,,,1769754040879.0,RWR,,999.0,999.0,999.0,999.0,,,,,,,,,,,,,,malik turner
11262,Damien Caffrey,TE,,Active,,,,,1683557735072.0,,,999.0,999.0,999.0,999.0,,,,,,,,,,,,,,damien caffrey
6801,Tee Higgins,WR,CIN,Active,,,,,1784920856526.0,RWR,2.0,35.5,35.8,37.6,46.5,224.4,149.4,6.0,1.0,75.0,1048.0,7.0,,,,,,,tee higgins
4669,Andre Patton,WR,,Active,,,,,1630381216325.0,,,999.0,999.0,999.0,999.0,,,,,,,,,,,,,,andre patton
1555,Kenny Stills,WR,,Active,,,,,1642371643797.0,,,999.0,999.0,999.0,999.0,,,,,,,,,,,,,,kenny stills
12149,Gavin Hardison,QB,,Active,,,,,1722111950707.0,,,999.0,999.0,999.0,999.0,,,,,,,,,,,,,,gavin hardison
10859,Sam LaPorta,TE,DET,Active,,,,,1785627346913.0,TE,1.0,76.4,79.4,78.4,101.0,196.5,120.5,3.0,1.0,76.0,842.0,6.0,,,,,,,sam laporta
11567,Jordan Travis,QB,,Active,,,,,1746042034368.0,,,999.0,999.0,999.0,999.0,,,,,,,,,,,,,,jordan travis
8660,Leroy Watson,TE,,Active,,,,,1763502044433.0,,,999.0,999.0,999.0,999.0,,,,,,,,,,,,,,leroy watson
6506,Trayone Gray,RB,,Active,,,,,1565030739005.0,,,999.0,999.0,999.0,999.0,,,,,,,,,,,,,,trayone gray
8699,Cyrus Holder,WR,,Active,,,,,1654805643670.0,,,999.0,999.0,999.0,999.0,,,,,,,,,,,,,,cyrus holder
12792,Garrett Greene,QB,TB,Active,,,,,1767740414738.0,SWR,,999.0,999.0,999.0,999.0,,,,,,,,,,,,,,garrett greene
812,Lee Smith,TE,ATL,Active,,,,,1643165135105.0,,,999.0,999.0,999.0,999.0,,,,,,,,,,,,,,lee smith
5609,Stephen Baggett,TE,,Active,,,,,,,,999.0,999.0,999.0,999.0,,,,,,,,,,,,,,stephen baggett
8921,Maurice Alexander,WR,CHI,Active,,,,,1768955410655.0,LWR,5.0,999.0,999.0,999.0,999.0,,,,,,,,,,,,,,maurice alexander
12546,Marcus Yarns,RB,,Active,,,,,1756222507467.0,,,999.0,999.0,999.0,999.0,,,,,,,,,,,,,,marcus yarns
6661,Joseph Parker,WR,,Active,,,,,1564596618134.0,,,999.0,999.0,999.0,999.0,,,,,,,,,,,,,,joseph parker
11633,Jamari Thrash,WR,CLE,Active,,,,,1782253224219.0,SWR,8.0,999.0,999.0,999.0,999.0,,,,,,,,,,,,,,jamari thrash
13964,Myles Montgomery,RB,NE,Active,,,,,1778287243392.0,RB,,999.0,999.0,999.0,999.0,,,,,,,,,,,,,,myles montgomery
8628,Jontre Kirklin,WR,,Active,,,,,1724704845161.0,,,999.0,999.0,999.0,999.0,,,,,,,,,,,,,,jontre kirklin
7359,Nakia Griffin-Stewart,TE,,Active,,,,,1666042535491.0,,,999.0,999.0,999.0,999.0,,,,,,,,,,,,,,nakia griffin stewart
6712,Marcus Simms,WR,,Inactive,,,,,1730238611448.0,,,999.0,999.0,999.0,999.0,,,,,,,,,,,,,,marcus simms
12246,Mike Rigerman,TE,,Active,,,,,1724705745105.0,,,999.0,999.0,999.0,999.0,,,,,,,,,,,,,,mike rigerman
6629,Brian Burt,WR,,Active,,,,,1564703162356.0,,,999.0,999.0,999.0,999.0,,,,,,,,,,,,,,brian burt
3433,Alex Erickson,WR,,Active,,,,,1736968813697.0,,,999.0,999.0,999.0,999.0,,,,,,,,,,,,,,alex erickson
13189,Luke Floriea,WR,CLE,Active,,,,,1767685510848.0,SWR,,999.0,999.0,999.0,999.0,,,,,,,,,,,,,,luke floriea
8638,Grayson Gunter,TE,,Active,,,,,1661208609501.0,,,999.0,999.0,999.0,999.0,,,,,,,,,,,,,,grayson gunter
13744,Cameron Ross,WR,DEN,Active,,,,,,SWR,,999.0,999.0,999.0,999.0,,,,,,,,,,,,,,cameron ross
12868,Montrell Johnson,RB,,Inactive,Questionable,Undisclosed,,,1779313243647.0,,,999.0,999.0,999.0,999.0,,,,,,,,,,,,,,montrell johnson
4111,D'Onta Foreman,RB,,Active,,,,,1736044831162.0,,,999.0,999.0,999.0,999.0,,,,,,,,,,,,,,d onta foreman
6386,Alex Bachman,WR,,Active,,,,,1785391217668.0,,,999.0,999.0,999.0,999.0,,,,,,,,,,,,,,alex bachman
12259,Taulia Tagovailoa,QB,,Active,,,,,,,,999.0,999.0,999.0,999.0,,,,,,,,,,,,,,taulia tagovailoa
11524,Izaiah Gathings,TE,,Active,,,,,1722633023332.0,,,999.0,999.0,999.0,999.0,,,,,,,,,,,,,,izaiah gathings
2785,Gus Johnson,RB,,Active,,,,,,,,999.0,999.0,999.0,999.0,,,,,,,,,,,,,,gus johnson
4443,Pharaoh Brown,TE,IND,Active,,,,,1786078510296.0,,,999.0,999.0,999.0,999.0,,,,,,,,,,,,,,pharaoh brown
11237,Jacob Saylors,RB,DET,Active,,,,,1780611637584.0,RB,4.0,999.0,999.0,999.0,999.0,,,,,,,,,,,,,,jacob saylors
13088,Quali Conley,RB,,Active,,,,,1756165806562.0,,,999.0,999.0,999.0,999.0,,,,,,,,,,,,,,quali conley
7078,Tony Brown,WR,,Active,,,,,1742520330417.0,,,999.0,999.0,999.0,999.0,,,,,,,,,,,,,,tony brown
6448,Darrin Hall,RB,,Active,,,,,1588111521074.0,,,999.0,999.0,999.0,999.0,,,,,,,,,,,,,,darrin hall
2399,Ty Montgomery,RB,,Active,,,,,1702082713911.0,,,999.0,999.0,999.0,999.0,,,,,,,,,,,,,,ty montgomery
8414,Britain Covey,WR,PHI,Active,Questionable,Hamstring,,,1785968441487.0,SWR,7.0,999.0,999.0,999.0,999.0,,,,,,,,,,,,,,britain covey
8523,Nick Muse,TE,DET,Active,,,,,1785774006431.0,TE,5.0,999.0,999.0,999.0,999.0,,,,,,,,,,,,,,nick muse
11957,Sam Schnee,WR,,Active,,,,,1724712046151.0,,,999.0,999.0,999.0,999.0,,,,,,,,,,,,,,sam schnee
5775,Jared Murphy,WR,,Active,,,,,,,,999.0,999.0,999.0,999.0,,,,,,,,,,,,,,jared murphy
6621,John Baron,K,,Active,,,,,,,,999.0,999.0,999.0,999.0,,,,,,,,,,,,,,john baron
5539,Derrick Willies,WR,,Inactive,,,,,1645048821297.0,,,999.0,999.0,999.0,999.0,,,,,,,,,,,,,,derrick willies
9501,DeMario Douglas,WR,NE,Active,,,,,1785354611440.0,SWR,4.0,999.0,999.0,999.0,999.0,59.3,39.3,23.0,3.0,20.0,250.0,2.0,,,,,,,demario douglas
7539,Gerrid Doaks,RB,,Active,,,,,1715609407791.0,,,999.0,999.0,999.0,999.0,,,,,,,,,,,,,,gerrid doaks
8180,Jalen Nailor,WR,LV,Active,,,,,1785873307471.0,SWR,2.0,166.5,197.3,214.4,233.1,130.6,84.6,19.0,3.0,46.0,587.0,4.0,,,,,,,jalen nailor
4994,Kalen Ballage,RB,,Active,,,,,1641828037079.0,,,999.0,999.0,999.0,999.0,,,,,,,,,,,,,,kalen ballage
1737,Case Keenum,QB,CHI,Active,,,,,1780608036183.0,QB,3.0,999.0,999.0,999.0,999.0,,,,,,,,,,,,,,case keenum
6469,Davis Koppenhaver,TE,,Active,,,,,1559249457444.0,,,999.0,999.0,999.0,999.0,,,,,,,,,,,,,,davis koppenhaver
7624,Carson Williams,TE,,Inactive,,,,,1622758243993.0,,,999.0,999.0,999.0,999.0,,,,,,,,,,,,,,carson williams
6247,Jason Moore,WR,,Active,,,,,1693170640906.0,,,999.0,999.0,999.0,999.0,,,,,,,,,,,,,,jason moore
14063,Liam Clifford,WR,IND,Active,,,,,1785449424093.0,,,999.0,999.0,999.0,999.0,,,,,,,,,,,,,,liam clifford
11495,Bryan Thompson,WR,,Inactive,,,,,1727739621137.0,,,999.0,999.0,999.0,999.0,,,,,,,,,,,,,,bryan thompson
12519,Luther Burden,WR,CHI,Active,,,,,1785864606752.0,RWR,2.0,41.1,39.7,44.9,52.8,218.0,142.0,64.0,11.0,76.0,936.0,7.0,,,,,,,luther burden
7425,Patrick Carr,RB,,Active,,,,,1599693359878.0,,,999.0,999.0,999.0,999.0,,,,,,,,,,,,,,patrick carr
7854,Miller Forristall,TE,,Active,,,,,1731712805639.0,,,999.0,999.0,999.0,999.0,,,,,,,,,,,,,,miller forristall
5253,Jordan Franks,TE,,Inactive,,,,,1677256222365.0,,,999.0,999.0,999.0,999.0,,,,,,,,,,,,,,jordan franks
9486,Dontayvion Wicks,WR,PHI,Active,,,,,1785980442829.0,LWR,3.0,999.0,999.0,999.0,999.0,70.4,44.4,8.0,1.0,26.0,316.0,2.0,,,,,,,dontayvion wicks
1346,Marquise Goodwin,WR,,Active,,,,,1707058547663.0,,,999.0,999.0,999.0,999.0,,,,,,,,,,,,,,marquise goodwin
2949,Synjyn Days,RB,,Active,,,,,,,,999.0,999.0,999.0,999.0,,,,,,,,,,,,,,synjyn days
NYJ,Jets,DEF,NYJ,,,,,,,,,282.2,278.0,281.0,300.2,64.0,64.0,,,,,,,,,,,,jets
200,Vernon Davis,TE,,Injured Reserve,,,,,1580678429304.0,,,999.0,999.0,999.0,999.0,,,,,,,,,,,,,,vernon davis
8650,Lujuan Winningham,WR,,Active,,,,,1661209209619.0,,,999.0,999.0,999.0,999.0,,,,,,,,,,,,,,lujuan winningham
13199,Montorie Foster,WR,SEA,Active,,,,,1771307729276.0,SWR,,999.0,999.0,999.0,999.0,,,,,,,,,,,,,,montorie foster
12455,Brashard Smith,RB,KC,Active,,,,,1785959139953.0,RB,3.0,226.3,182.4,209.4,234.7,19.9,15.9,67.0,16.0,4.0,32.0,,,1.0,,,,,brashard smith
4881,Lamar Jackson,QB,BAL,Active,,,,,1785595242665.0,QB,1.0,37.9,23.4,38.5,11.1,326.0,326.0,668.0,119.0,,,,4.0,5.0,3380.0,27.0,8.0,415.0,lamar jackson
10937,Jake Moody,K,WAS,Active,,,,,1779391249082.0,K,1.0,333.0,309.0,325.2,363.0,91.0,91.0,,,,,,,,,,,,jake moody
12112,Camden Lewis,K,,Active,,,,,,,,999.0,999.0,999.0,999.0,,,,,,,,,,,,,,camden lewis
13632,Devonte Ross,WR,LAC,Active,,,,,1777236035552.0,SWR,,999.0,999.0,999.0,999.0,,,,,,,,,,,,,,devonte ross
13428,Joey Aguilar,QB,JAX,Active,,,,,1777235434443.0,QB,,999.0,999.0,999.0,999.0,,,,,,,,,,,,,,joey aguilar
10870,Deneric Prince,RB,,Active,,,,,1773266450271.0,,,999.0,999.0,999.0,999.0,,,,,,,,,,,,,,deneric prince
7860,Osirus Mitchell,WR,,Active,,,,,1663622423903.0,,,999.0,999.0,999.0,999.0,,,,,,,,,,,,,,osirus mitchell
13349,Eli Stowers,TE,PHI,Active,,,,,1785592842352.0,TE,2.0,173.9,139.8,176.4,165.2,81.4,50.4,5.0,2.0,31.0,319.0,3.0,,,,,,,eli stowers
11618,Jalen McMillan,WR,TB,Active,Questionable,Calf,,,1786058406819.0,RWR,3.0,163.7,165.4,161.9,192.0,127.4,83.4,33.0,6.0,44.0,561.0,4.0,,,,,,,jalen mcmillan
13430,RJ Maryland,TE,GB,Inactive,IR,Hamstring,,,1785980442829.0,,,999.0,999.0,999.0,999.0,,,,,,,,,,,,,,rj maryland
7446,Tucker McCann,K,,Active,,,,,1698279046240.0,,,999.0,999.0,999.0,999.0,,,,,,,,,,,,,,tucker mccann
49,Robbie Gould,K,,Active,,,,,1701970258455.0,,,999.0,999.0,999.0,999.0,,,,,,,,,,,,,,robbie gould
167,Tom Brady,QB,,Active,,,,,1736815542351.0,,,999.0,999.0,999.0,999.0,,,,,,,,,,,,,,tom brady
4219,Jeremy McNichols,RB,WAS,Active,,,,,1778970052537.0,RB,4.0,999.0,999.0,999.0,999.0,9.4,6.4,42.0,10.0,3.0,22.0,,,,,,,,jeremy mcnichols
13202,Dalevon Campbell,WR,LAC,Active,,,,,1768357259024.0,SWR,,999.0,999.0,999.0,999.0,,,,,,,,,,,,,,dalevon campbell
12963,Kayron Lynch-Adams,RB,,Active,,,,,1756167306111.0,,,999.0,999.0,999.0,999.0,,,,,,,,,,,,,,kayron lynch adams
10983,Sean Clifford,QB,CIN,Active,,,,,1767733215277.0,QB,4.0,999.0,999.0,999.0,999.0,,,,,,,,,,,,,,sean clifford
3555,Canaan Severin,WR,,Active,,,,,1525711201736.0,,,999.0,999.0,999.0,999.0,,,,,,,,,,,,,,canaan severin
7272,Dylan Stapleton,TE,,Inactive,,,,,1599693359805.0,,,999.0,999.0,999.0,999.0,,,,,,,,,,,,,,dylan stapleton
2133,Davante Adams,WR,LAR,Active,,,,,1785546636169.0,LWR,2.0,46.9,45.6,55.0,56.5,192.5,129.5,,,63.0,795.0,8.0,,,,,,,davante adams
96,Aaron Rodgers,QB,PIT,Active,,,,,1785962742657.0,QB,1.0,999.0,999.0,999.0,219.9,177.0,177.0,60.0,21.0,,,,2.0,,2700.0,18.0,7.0,403.0,aaron rodgers
5872,Deebo Samuel,WR,SF,Active,,,,,1785633347675.0,SWR,2.0,164.3,149.6,158.7,173.4,155.7,99.7,89.0,17.0,56.0,628.0,4.0,1.0,1.0,,,,,deebo samuel
8820,Troy Hairston,RB,,Active,,,,,1754272811028.0,,,999.0,999.0,999.0,999.0,,,,,,,,,,,,,,troy hairston
6492,Terry Wright,WR,,Active,,,,,1587251737778.0,,,999.0,999.0,999.0,999.0,,,,,,,,,,,,,,terry wright
4042,Joe Williams,RB,,Active,,,,,1535761340202.0,,,999.0,999.0,999.0,999.0,,,,,,,,,,,,,,joe williams
12408,Michael Hiers,QB,,Active,,,,,,,,999.0,999.0,999.0,999.0,,,,,,,,,,,,,,michael hiers
12941,Bryson Nesbit,TE,MIN,Active,,,,,1767664808996.0,TE,,999.0,999.0,999.0,999.0,,,,,,,,,,,,,,bryson nesbit
4420,Cody Hollister,WR,,Active,,,,,1678897259189.0,,,999.0,999.0,999.0,999.0,,,,,,,,,,,,,,cody hollister
9480,Brenton Strange,TE,JAX,Active,,,,,1785515132125.0,TE,1.0,128.8,103.7,128.3,125.0,161.0,98.0,,,63.0,680.0,5.0,,,,,,,brenton strange
12545,Tyler Shough,QB,NO,Active,,,,,1785696355806.0,QB,1.0,144.4,147.5,139.1,78.9,270.94,270.94,343.0,84.0,,,,3.0,3.0,3666.0,22.0,12.0,539.0,tyler shough
8536,Caleb Shudak,K,,Active,,,,,1692726040749.0,,,999.0,999.0,999.0,999.0,,,,,,,,,,,,,,caleb shudak
8198,Charleston Rambo,WR,,Inactive,,,,,1694557524957.0,,,999.0,999.0,999.0,999.0,,,,,,,,,,,,,,charleston rambo
827,Tyrod Taylor,QB,GB,Active,,,,,1779916830172.0,QB,2.0,999.0,999.0,999.0,999.0,12.9,12.9,17.0,4.0,,,,,,205.0,1.0,1.0,32.0,tyrod taylor
6650,Chase McLaughlin,K,TB,Active,,,,,1784682309241.0,K,1.0,240.2,199.2,198.0,252.5,105.0,105.0,,,,,,,,,,,,chase mclaughlin
13667,Marcus Burke,WR,,Active,,,,,,,,999.0,999.0,999.0,999.0,,,,,,,,,,,,,,marcus burke
6352,Matt Colburn,RB,,Active,,,,,1659880848744.0,,,999.0,999.0,999.0,999.0,,,,,,,,,,,,,,matt colburn
2822,Adam Humphries,WR,,Active,,,,,1693356305783.0,,,999.0,999.0,999.0,999.0,,,,,,,,,,,,,,adam humphries
13647,Ben Patterson,WR,,Active,,,,,1785800410627.0,,,999.0,999.0,999.0,999.0,,,,,,,,,,,,,,ben patterson
6985,Dezmon Patmon,WR,,Active,,,,,1694541622583.0,,,999.0,999.0,999.0,999.0,,,,,,,,,,,,,,dezmon patmon
6107,Emmanuel Butler,WR,,Inactive,,,,,1599361558444.0,,,999.0,999.0,999.0,999.0,,,,,,,,,,,,,,emmanuel butler
2787,David Porter,WR,,Active,,,,,,,,999.0,999.0,999.0,999.0,,,,,,,,,,,,,,david porter
4892,Baker Mayfield,QB,TB,Active,,,,,1786074608562.0,QB,1.0,140.9,143.6,142.2,64.0,274.88,274.88,306.0,63.0,,,,4.0,2.0,3682.0,26.0,13.0,526.0,baker mayfield
4137,James Conner,RB,ARI,Active,Questionable,Foot,,,1785380416587.0,RB,3.0,152.2,92.4,152.2,136.9,57.2,46.2,220.0,53.0,11.0,82.0,1.0,1.0,2.0,,,,,james conner
12277,John Matocha,QB,,Active,,,,,,,,999.0,999.0,999.0,999.0,,,,,,,,,,,,,,john matocha
5608,Devonte Boyd,WR,,Active,,,,,1532875518592.0,,,999.0,999.0,999.0,999.0,,,,,,,,,,,,,,devonte boyd
13432,Khalil Dinkins,TE,,Active,Questionable,Undisclosed,,,1785012904502.0,,,999.0,999.0,999.0,999.0,,,,,,,,,,,,,,khalil dinkins
10862,Dorian Thompson-Robinson,QB,,Active,,,,,1756067749891.0,,,999.0,999.0,999.0,999.0,,,,,,,,,,,,,,dorian thompson robinson
3640,Soma Vainuku,RB,,Active,,,,,,,,999.0,999.0,999.0,999.0,,,,,,,,,,,,,,soma vainuku
8145,Jeremy Ruckert,TE,NYJ,Active,,,,,1780442450236.0,TE,3.0,999.0,999.0,999.0,999.0,9.3,4.3,,,5.0,43.0,,,,,,,,jeremy ruckert
12068,Mason Pline,TE,KC,Active,,,,,1781733612499.0,TE,5.0,999.0,999.0,999.0,999.0,,,,,,,,,,,,,,mason pline
4696,Trey Edmunds,RB,,Active,,,,,1658788840987.0,,,999.0,999.0,999.0,999.0,,,,,,,,,,,,,,trey edmunds
11961,Emory Jones,QB,,Active,,,,,1771365633208.0,,,999.0,999.0,999.0,999.0,,,,,,,,,,,,,,emory jones
12518,Tyler Warren,TE,IND,Active,,,,,1785247856855.0,TE,1.0,50.1,56.8,51.2,67.4,201.1,118.1,19.0,5.0,83.0,862.0,5.0,,,,,,,tyler warren
8203,Jeremiah Hall,TE,,Active,,,,,1660666255788.0,,,999.0,999.0,999.0,999.0,,,,,,,,,,,,,,jeremiah hall
11261,Andre Szmyt,K,CLE,Active,,,,,1779402043023.0,K,1.0,342.0,319.0,348.0,371.0,84.0,84.0,,,,,,,,,,,,andre szmyt
13816,Mark Gronowski,QB,MIA,Active,,,,,1778264140456.0,QB,,999.0,999.0,999.0,999.0,,,,,,,,,,,,,,mark gronowski
13264,Dohnte Meyers,WR,CIN,Active,,,,,1767903052049.0,SWR,,999.0,999.0,999.0,999.0,,,,,,,,,,,,,,dohnte meyers
8893,Nick Sciba,K,,Active,,,,,1667947834429.0,,,999.0,999.0,999.0,999.0,,,,,,,,,,,,,,nick sciba
59,Mason Crosby,K,,Active,,,,,1738692034444.0,,,999.0,999.0,999.0,999.0,,,,,,,,,,,,,,mason crosby
7106,Lawrence Cager,TE,WAS,Active,,,,,1767810056000.0,TE,4.0,999.0,999.0,999.0,999.0,,,,,,,,,,,,,,lawrence cager
775,Stephen Hauschka,K,,Injured Reserve,,,,,1607128217024.0,,,999.0,999.0,999.0,999.0,,,,,,,,,,,,,,stephen hauschka
12191,Trent Pennix,TE,,Active,,,,,1729528236153.0,,,999.0,999.0,999.0,999.0,,,,,,,,,,,,,,trent pennix
5997,Jazz Ferguson,WR,,Active,,,,,1567386642219.0,,,999.0,999.0,999.0,999.0,,,,,,,,,,,,,,jazz ferguson
7063,Shea Patterson,QB,,Active,,,,,1594685134844.0,,,999.0,999.0,999.0,999.0,,,,,,,,,,,,,,shea patterson
1678,Uzoma Nwachukwu,WR,,Active,,,,,,,,999.0,999.0,999.0,999.0,,,,,,,,,,,,,,uzoma nwachukwu
928,Randall Cobb,WR,,Active,,,,,1721326538482.0,,,999.0,999.0,999.0,999.0,,,,,,,,,,,,,,randall cobb
5347,Nyheim Miller-Hines,RB,,Active,,,,,1767667208987.0,,,999.0,999.0,999.0,999.0,,,,,,,,,,,,,,nyheim miller hines
4456,K.D. Cannon,WR,,Active,,,,,1514941501396.0,,,999.0,999.0,999.0,999.0,,,,,,,,,,,,,,k d cannon
13330,Kenyon Sadiq,TE,NYJ,Active,Questionable,Abdomen,,Surgery,1786037451289.0,TE,1.0,118.2,108.5,131.9,128.2,131.1,79.1,9.0,2.0,52.0,542.0,4.0,,,,,,,kenyon sadiq
12755,Kelly Akharaiyi,WR,,Active,,,,,1755642643685.0,,,999.0,999.0,999.0,999.0,,,,,,,,,,,,,,kelly akharaiyi
7317,Jared Rice,TE,,Active,,,,,1599693360060.0,,,999.0,999.0,999.0,999.0,,,,,,,,,,,,,,jared rice
9506,Sean Tucker,RB,TB,Active,,,,,1785554737137.0,RB,3.0,192.8,154.5,190.9,204.0,52.5,44.5,288.0,66.0,8.0,57.0,,1.0,2.0,,,,,sean tucker
7607,Michael Carter,RB,TEN,Active,,,,,1784223958645.0,RB,4.0,999.0,999.0,999.0,999.0,8.1,5.1,29.0,7.0,3.0,22.0,,,,,,,,michael carter
8167,Christian Watson,WR,GB,Active,,,,,1785956739440.0,LWR,1.0,68.4,64.2,63.3,81.2,207.6,144.6,14.0,2.0,63.0,1012.0,7.0,,,,,,,christian watson
8211,Tyrion Davis-Price,RB,,Active,,,,,1756262722750.0,,,999.0,999.0,999.0,999.0,,,,,,,,,,,,,,tyrion davis price
5777,Malachi Jones,WR,,Active,,,,,,,,999.0,999.0,999.0,999.0,,,,,,,,,,,,,,malachi jones
5798,Darren Carrington,WR,,Inactive,NA,,,,,,,999.0,999.0,999.0,999.0,,,,,,,,,,,,,,darren carrington
3456,Joel Stave,QB,,Injured Reserve,,,,,1525726201361.0,,,999.0,999.0,999.0,999.0,,,,,,,,,,,,,,joel stave
5432,Cam Sims,WR,,Active,,,,,1722992114066.0,,,999.0,999.0,999.0,999.0,,,,,,,,,,,,,,cam sims
7599,Jermar Jefferson,RB,,Active,,,,,1785882609645.0,,,999.0,999.0,999.0,999.0,,,,,,,,,,,,,,jermar jefferson
2346,Devin Funchess,TE,,Active,,,,,1661811012350.0,,,999.0,999.0,999.0,999.0,,,,,,,,,,,,,,devin funchess
2703,Ezell Ruffin,WR,,Active,,,,,,,,999.0,999.0,999.0,999.0,,,,,,,,,,,,,,ezell ruffin
12897,Nathan Carter,RB,ATL,Active,,,,,1784224258573.0,RB,4.0,999.0,999.0,999.0,999.0,,,,,,,,,,,,,,nathan carter
3505,Dom Williams,WR,,Active,,,,,1533311411740.0,,,999.0,999.0,999.0,999.0,,,,,,,,,,,,,,dom williams
5223,Caleb Scott,WR,TEN,Active,,,,,1640842239083.0,,,999.0,999.0,999.0,999.0,,,,,,,,,,,,,,caleb scott
642,Golden Tate,WR,,Active,,,,,1655310047768.0,,,999.0,999.0,999.0,999.0,,,,,,,,,,,,,,golden tate
9999,Will Levis,QB,TEN,Active,,,,,1785630347184.0,QB,2.0,999.0,999.0,999.0,999.0,12.7,12.7,15.0,4.0,,,,,,205.0,1.0,1.0,32.0,will levis
13344,Preston Fox,WR,,Active,,,,,,,,999.0,999.0,999.0,999.0,,,,,,,,,,,,,,preston fox
6420,Jon'Vea Johnson,WR,,Active,,,,,1636156213710.0,,,999.0,999.0,999.0,999.0,,,,,,,,,,,,,,jon vea johnson
12509,Tre' Harris,WR,LAC,Active,,,,,1785953139058.0,RWR,3.0,194.5,178.7,188.5,204.8,112.9,73.9,6.0,1.0,39.0,493.0,4.0,,,,,,,tre harris
6373,A.J. Richardson,WR,,Active,,,,,1630344935604.0,,,999.0,999.0,999.0,999.0,,,,,,,,,,,,,,a j richardson
7990,Garrett Groshek,RB,,Active,,,,,1637707843320.0,,,999.0,999.0,999.0,999.0,,,,,,,,,,,,,,garrett groshek
1612,Tyler Bray,QB,,Inactive,,,,,1642034107147.0,,,999.0,999.0,999.0,999.0,,,,,,,,,,,,,,tyler bray
7279,DeMichael Harris,WR,,Active,,,,,1666720227476.0,,,999.0,999.0,999.0,999.0,,,,,,,,,,,,,,demichael harris
5947,Jakobi Meyers,WR,JAX,Active,,,,,1784829313035.0,RWR,3.0,87.6,77.2,95.9,98.2,169.3,105.3,21.0,4.0,64.0,732.0,5.0,,,,,,,jakobi meyers
11529,Ed Lee,WR,,Active,,,,,1691012736125.0,,,999.0,999.0,999.0,999.0,,,,,,,,,,,,,,ed lee
12690,Tommy Mellott,WR,,Active,,,,,1759870257996.0,,,999.0,999.0,999.0,999.0,,,,,,,,,,,,,,tommy mellott
2580,Titus Davis,WR,,Active,,,,,,,,999.0,999.0,999.0,999.0,,,,,,,,,,,,,,titus davis
12778,Jerjuan Newton,WR,,Active,,,,,1756181707776.0,,,999.0,999.0,999.0,999.0,,,,,,,,,,,,,,jerjuan newton
11521,Jadakis Bonds,WR,,Active,,,,,1693350010234.0,,,999.0,999.0,999.0,999.0,,,,,,,,,,,,,,jadakis bonds
12946,Dontae Fleming,WR,MIN,Active,,,,,1767664209041.0,SWR,,999.0,999.0,999.0,999.0,,,,,,,,,,,,,,dontae fleming
2790,Nigel King,WR,,Active,,,,,,,,999.0,999.0,999.0,999.0,,,,,,,,,,,,,,nigel king
8158,Carson Strong,QB,,Active,,,,,1671578155291.0,,,999.0,999.0,999.0,999.0,,,,,,,,,,,,,,carson strong
11651,Isaac Guerendo,RB,SF,Active,PUP,Pectoral,,Surgery,1785699356154.0,RB,5.0,999.0,999.0,999.0,999.0,21.2,19.2,116.0,28.0,2.0,16.0,,,1.0,,,,,isaac guerendo
8613,Taysir Mack,WR,,Active,,,,,1661059220311.0,,,999.0,999.0,999.0,999.0,,,,,,,,,,,,,,taysir mack
2462,J.J. Nelson,WR,,Active,,,,,1669562144726.0,,,999.0,999.0,999.0,999.0,,,,,,,,,,,,,,j j nelson
12385,Jude McAtamney,K,,Active,,,,,1764143430432.0,,,999.0,999.0,999.0,999.0,,,,,,,,,,,,,,jude mcatamney
14020,Dean Patterson,WR,TB,Active,,,,,1778531743473.0,SWR,,999.0,999.0,999.0,999.0,,,,,,,,,,,,,,dean patterson
7353,Bryce Sterk,TE,,Inactive,,,,,1599193855149.0,,,999.0,999.0,999.0,999.0,,,,,,,,,,,,,,bryce sterk
6246,Jeremy Cox,RB,,Inactive,,,,,1620082845280.0,,,999.0,999.0,999.0,999.0,,,,,,,,,,,,,,jeremy cox
6237,Wilton Speight,QB,,Active,,,,,,,,999.0,999.0,999.0,999.0,,,,,,,,,,,,,,wilton speight
3846,Duke Williams,WR,,Active,,,,,1630014314184.0,,,999.0,999.0,999.0,999.0,,,,,,,,,,,,,,duke williams
6392,Johnathan Lloyd,WR,,Active,,,,,,,,999.0,999.0,999.0,999.0,,,,,,,,,,,,,,johnathan lloyd
13272,Carson Beck,QB,ARI,Active,,,,,1786086009567.0,QB,2.0,999.0,999.0,999.0,310.1,54.92,54.92,38.0,12.0,,,,1.0,1.0,778.0,5.0,4.0,124.0,carson beck
8831,Ethan Fernea,WR,,Active,,,,,1730229056217.0,,,999.0,999.0,999.0,999.0,,,,,,,,,,,,,,ethan fernea
8751,Dylan Parham,TE,,Active,,,,,1663104910278.0,,,999.0,999.0,999.0,999.0,,,,,,,,,,,,,,dylan parham
11189,Zay Malone,WR,,Active,,,,,1696968936807.0,,,999.0,999.0,999.0,999.0,,,,,,,,,,,,,,zay malone
3593,Anthony Kelly,WR,,Active,,,,,,,,999.0,999.0,999.0,999.0,,,,,,,,,,,,,,anthony kelly
2360,Maxx Williams,TE,,Active,,,,,1671411039223.0,,,999.0,999.0,999.0,999.0,,,,,,,,,,,,,,maxx williams
830,A.J. Green,WR,,Active,,,,,1675728052154.0,,,999.0,999.0,999.0,999.0,,,,,,,,,,,,,,a j green
8932,Lucas Havrisik,K,,Active,,,,,1785288603463.0,,,999.0,999.0,999.0,999.0,,,,,,,,,,,,,,lucas havrisik
11960,Steven Stilianos,TE,,Active,,,,,1756254921142.0,,,999.0,999.0,999.0,999.0,,,,,,,,,,,,,,steven stilianos
12453,Ontaria Wilson,WR,,Active,,,,,,,,999.0,999.0,999.0,999.0,,,,,,,,,,,,,,ontaria wilson
12700,Gavin Bartholomew,TE,MIN,Active,Questionable,Back,,,1767389140662.0,TE,4.0,999.0,999.0,999.0,999.0,,,,,,,,,,,,,,gavin bartholomew
8068,C.J. Saunders,WR,,Active,,,,,1697068229137.0,,,999.0,999.0,999.0,999.0,,,,,,,,,,,,,,c j saunders
13673,Trent Battle,RB,,Active,,,,,,,,999.0,999.0,999.0,999.0,,,,,,,,,,,,,,trent battle
5977,Terry Godwin,WR,,Active,,,,,1661200208798.0,,,999.0,999.0,999.0,999.0,,,,,,,,,,,,,,terry godwin
3271,Tyler Higbee,TE,LAR,Active,,,,,1785695455629.0,TE,3.0,999.0,999.0,999.0,999.0,32.9,18.9,,,14.0,129.0,1.0,,,,,,,tyler higbee
11267,Aron Cruickshank,WR,,Active,,,,,1693163422977.0,,,999.0,999.0,999.0,999.0,,,,,,,,,,,,,,aron cruickshank
2906,Bell Braylon,WR,,Active,,,,,,,,999.0,999.0,999.0,999.0,,,,,,,,,,,,,,bell braylon
8260,Gabe Brkic,K,,Active,,,,,1674086434401.0,,,999.0,999.0,999.0,999.0,,,,,,,,,,,,,,gabe brkic
1502,Chris Thompson,RB,,Active,,,,,1636011655304.0,,,999.0,999.0,999.0,999.0,,,,,,,,,,,,,,chris thompson
1099,Randy Bullock,K,,Active,,,,,1726528853855.0,,,999.0,999.0,999.0,999.0,,,,,,,,,,,,,,randy bullock
12761,Jordan Moore,WR,CIN,Active,,,,,,SWR,,999.0,999.0,999.0,999.0,,,,,,,,,,,,,,jordan moore
7457,Michael Dereus,WR,,Active,,,,,1629870042753.0,,,999.0,999.0,999.0,999.0,,,,,,,,,,,,,,michael dereus
7174,Juwan Green,WR,,Active,,,,,1693439718784.0,,,999.0,999.0,999.0,999.0,,,,,,,,,,,,,,juwan green
12940,Tre Stewart,RB,,Active,,,,,1756066549798.0,,,999.0,999.0,999.0,999.0,,,,,,,,,,,,,,tre stewart
2342,Devin Smith,WR,,Active,,,,,1635884440668.0,,,999.0,999.0,999.0,999.0,,,,,,,,,,,,,,devin smith
3208,Kenneth Dixon,RB,,Active,,,,,1597845927646.0,,,999.0,999.0,999.0,999.0,,,,,,,,,,,,,,kenneth dixon
4988,Nick Chubb,RB,,Active,,,,,1782135909343.0,,,999.0,999.0,999.0,999.0,27.9,22.9,138.0,35.0,5.0,31.0,,,1.0,,,,,nick chubb
1535,Cordarrelle Patterson,RB,,Active,,,,,1753826424768.0,,,999.0,999.0,999.0,999.0,,,,,,,,,,,,,,cordarrelle patterson
11638,Ricky Pearsall,WR,SF,Inactive,IR,Knee - PCL,,,1785875407724.0,,3.0,400.0,400.0,400.0,400.0,,,,,,,,,,,,,,ricky pearsall
12514,Emeka Egbuka,WR,TB,Active,,,,,1786027548640.0,LWR,1.0,45.8,54.1,43.0,63.7,224.0,147.0,21.0,3.0,77.0,1029.0,7.0,,,,,,,emeka egbuka
7605,Kyle Trask,QB,,Active,,,,,1785338710919.0,,,999.0,999.0,999.0,999.0,,,,,,,,,,,,,,kyle trask
8218,Max Borghi,RB,,Active,,,,,1661877623906.0,,,999.0,999.0,999.0,999.0,,,,,,,,,,,,,,max borghi
13292,Lake McRee,TE,PIT,Active,,,,,1777169725986.0,TE,,999.0,999.0,999.0,999.0,,,,,,,,,,,,,,lake mcree
12791,Ryan Coe,K,,Active,,,,,1755127254958.0,,,999.0,999.0,999.0,999.0,,,,,,,,,,,,,,ryan coe
7435,Cameron Scarlett,RB,,Active,,,,,1629150943666.0,,,999.0,999.0,999.0,999.0,,,,,,,,,,,,,,cameron scarlett
11077,Jack Podlesny,K,,Active,,,,,1718831751372.0,,,999.0,999.0,999.0,999.0,,,,,,,,,,,,,,jack podlesny
13255,Shane Watts,RB,,Active,,,,,1755937837966.0,,,999.0,999.0,999.0,999.0,,,,,,,,,,,,,,shane watts
6317,Jacob Dolegala,QB,,Active,,,,,1637251839258.0,,,999.0,999.0,999.0,999.0,,,,,,,,,,,,,,jacob dolegala
7569,Nico Collins,WR,HOU,Active,,,,,1786045250648.0,LWR,1.0,25.2,26.7,18.5,32.7,251.5,169.5,18.0,3.0,82.0,1237.0,7.0,,,,,,,nico collins
13582,Anthony Smith,WR,DAL,Active,,,,,1782253224675.0,RWR,8.0,999.0,999.0,999.0,999.0,,,,,,,,,,,,,,anthony smith
6659,Craig Reynolds,RB,,Active,Questionable,Undisclosed,,,1765405542539.0,,,999.0,999.0,999.0,999.0,4.4,2.4,8.0,2.0,2.0,16.0,,,,,,,,craig reynolds
8090,Daniel Crawford,TE,,Active,,,,,1629750054036.0,,,999.0,999.0,999.0,999.0,,,,,,,,,,,,,,daniel crawford
9228,Bryce Young,QB,CAR,Active,,,,,1786077611535.0,QB,1.0,194.2,197.9,172.2,87.3,235.58,235.58,245.0,51.0,,,,3.0,3.0,3202.0,20.0,11.0,493.0,bryce young
12487,Terrance Ferguson,TE,LAR,Active,,,,,1785610844748.0,TE,1.0,158.7,141.1,152.6,167.0,87.5,55.5,,,32.0,375.0,3.0,,,,,,,terrance ferguson
8694,Henry Litwin,WR,,Active,,,,,1654805643668.0,,,999.0,999.0,999.0,999.0,,,,,,,,,,,,,,henry litwin
DAL,Cowboys,DEF,DAL,,,,,,,,,205.5,200.5,200.5,233.1,86.0,86.0,,,,,,,,,,,,cowboys
10221,Ronnie Bell,WR,NO,Active,,,,,1767581705434.0,RWR,9.0,999.0,999.0,999.0,999.0,,,,,,,,,,,,,,ronnie bell
658,Mike Nugent,K,,Inactive,,,,,1609294537762.0,,,999.0,999.0,999.0,999.0,,,,,,,,,,,,,,mike nugent
6195,Damon Sheehy-Guiseppi,WR,,Active,,,,,1566082237614.0,,,999.0,999.0,999.0,999.0,,,,,,,,,,,,,,damon sheehy guiseppi
4131,Kenny Golladay,WR,,Active,,,,,1694041547000.0,,,999.0,999.0,999.0,999.0,,,,,,,,,,,,,,kenny golladay
5973,Josh Oliver,TE,MIN,Active,,,,,1785795010082.0,TE,2.0,999.0,999.0,999.0,999.0,31.4,18.4,,,13.0,124.0,1.0,,,,,,,josh oliver
11367,Daewood Davis,WR,,Inactive,,,,,1723239353271.0,,,999.0,999.0,999.0,999.0,,,,,,,,,,,,,,daewood davis
6870,Bryan Edwards,WR,,Active,,,,,1692747935047.0,,,999.0,999.0,999.0,999.0,,,,,,,,,,,,,,bryan edwards
8408,Jordan Mason,RB,MIN,Active,,,,,1784828112992.0,RB,2.0,130.5,111.7,124.6,155.4,153.7,133.7,797.0,190.0,20.0,140.0,1.0,1.0,6.0,,,,,jordan mason
12884,Quincy Skinner,WR,NYJ,Active,,,,,1785448223825.0,SWR,,999.0,999.0,999.0,999.0,,,,,,,,,,,,,,quincy skinner
8226,Greg Bell,RB,,Active,,,,,1696367432262.0,,,999.0,999.0,999.0,999.0,,,,,,,,,,,,,,greg bell
5128,Logan Woodside,QB,,Active,,,,,1766598929844.0,,,999.0,999.0,999.0,999.0,,,,,,,,,,,,,,logan woodside
13603,Gregory Desrosiers,RB,LAC,Active,,,,,1777234832947.0,RB,,999.0,999.0,999.0,999.0,,,,,,,,,,,,,,gregory desrosiers
10869,Matt Landers,WR,,Active,,,,,1761264024648.0,,,999.0,999.0,999.0,999.0,,,,,,,,,,,,,,matt landers
11650,Luke McCaffrey,WR,WAS,Active,,,,,1785938136777.0,SWR,7.0,999.0,999.0,999.0,999.0,9.3,5.3,,,4.0,53.0,,,,,,,,luke mccaffrey
11457,Trey Wolff,K,,Active,,,,,1692726040744.0,,,999.0,999.0,999.0,999.0,,,,,,,,,,,,,,trey wolff
7235,Aleva Hifo,WR,,Active,,,,,1629165040246.0,,,999.0,999.0,999.0,999.0,,,,,,,,,,,,,,aleva hifo
8798,Felix Harper,QB,,Active,,,,,1653340512464.0,,,999.0,999.0,999.0,999.0,,,,,,,,,,,,,,felix harper
6168,John Ursua,WR,,Inactive,,,,,1727214328464.0,,,999.0,999.0,999.0,999.0,,,,,,,,,,,,,,john ursua
6988,Raymond Calais,RB,,Active,,,,,1661020515479.0,,,999.0,999.0,999.0,999.0,,,,,,,,,,,,,,raymond calais
4195,Jake Elliott,K,PHI,Active,,,,,1784768106107.0,K,1.0,240.9,231.9,221.0,263.3,90.0,90.0,,,,,,,,,,,,jake elliott
2635,Vernon Johnson,WR,,Active,,,,,,,,999.0,999.0,999.0,999.0,,,,,,,,,,,,,,vernon johnson
13296,Caleb Douglas,WR,MIA,Active,,,,,1785809711742.0,RWR,3.0,999.0,999.0,999.0,999.0,32.5,20.5,,,12.0,145.0,1.0,,,,,,,caleb douglas
6263,Trevor Wood,TE,,Active,,,,,1567197955816.0,,,999.0,999.0,999.0,999.0,,,,,,,,,,,,,,trevor wood
7021,Rico Dowdle,RB,PIT,Active,,,,,1785975041543.0,RB,1.0,88.1,65.2,83.2,105.9,161.1,123.1,678.0,159.0,38.0,273.0,1.0,1.0,4.0,,,,,rico dowdle
11301,Braxton Westfield,WR,,Active,,,,,1683576336974.0,,,999.0,999.0,999.0,999.0,,,,,,,,,,,,,,braxton westfield
11895,Mason Tipton,WR,NO,Active,PUP,Groin,,,1785357912864.0,RWR,7.0,999.0,999.0,999.0,999.0,,,,,,,,,,,,,,mason tipton
13852,Dontae McMillan,RB,BAL,Active,,,,,1777666535216.0,RB,,999.0,999.0,999.0,999.0,,,,,,,,,,,,,,dontae mcmillan
7228,Ahmad Wagner,WR,,Inactive,,,,,1599693359959.0,,,999.0,999.0,999.0,999.0,,,,,,,,,,,,,,ahmad wagner
5260,Vyncint Smith,WR,,Active,,,,,1693332604696.0,,,999.0,999.0,999.0,999.0,,,,,,,,,,,,,,vyncint smith
1701,Eric Rogers,WR,,Active,,,,,,,,999.0,999.0,999.0,999.0,,,,,,,,,,,,,,eric rogers
11630,Roman Wilson,WR,PIT,Active,,,,,1785657952626.0,LWR,4.0,999.0,999.0,999.0,999.0,26.8,17.8,,,9.0,118.0,1.0,,,,,,,roman wilson
7083,Tyler Huntley,QB,BAL,Active,,,,,1779920430824.0,QB,2.0,999.0,999.0,999.0,999.0,12.68,12.68,24.0,4.0,,,,,,182.0,1.0,1.0,28.0,tyler huntley
12735,Caleb Lohner,TE,DEN,Active,Questionable,Lower Body,,Surgery,1785799210387.0,TE,7.0,999.0,999.0,999.0,999.0,,,,,,,,,,,,,,caleb lohner
12288,Mathieu Severance,RB,,Active,,,,,,,,999.0,999.0,999.0,999.0,,,,,,,,,,,,,,mathieu severance
2636,Jarred Haggins,WR,,Active,,,,,,,,999.0,999.0,999.0,999.0,,,,,,,,,,,,,,jarred haggins
8137,George Pickens,WR,DAL,Active,,,,,1786048851186.0,LWR,2.0,23.1,28.6,27.1,35.9,245.7,165.7,6.0,1.0,80.0,1211.0,7.0,,,,,,,george pickens
5987,Alexander Mattison,RB,,Active,,,,,1785450324163.0,,,999.0,999.0,999.0,999.0,,,,,,,,,,,,,,alexander mattison
12046,Chevan Cordeiro,QB,,Active,,,,,1715218214992.0,,,999.0,999.0,999.0,999.0,,,,,,,,,,,,,,chevan cordeiro
6396,Austin Fort,TE,,Active,,,,,1651545682304.0,,,999.0,999.0,999.0,999.0,,,,,,,,,,,,,,austin fort
3909,Sam Ficken,K,,Active,,,,,1665529231099.0,,,999.0,999.0,999.0,999.0,,,,,,,,,,,,,,sam ficken
8179,Snoop Conner,RB,,Active,,,,,1724807160239.0,,,999.0,999.0,999.0,999.0,,,,,,,,,,,,,,snoop conner
12066,Elijah Collins,RB,,Active,,,,,1724797554849.0,,,999.0,999.0,999.0,999.0,,,,,,,,,,,,,,elijah collins
11504,Jose Barbon,WR,,Active,,,,,1693353603628.0,,,999.0,999.0,999.0,999.0,,,,,,,,,,,,,,jose barbon
5962,KeeSean Johnson,WR,,Active,,,,,1693359905726.0,,,999.0,999.0,999.0,999.0,,,,,,,,,,,,,,keesean johnson
8135,Treylon Burks,WR,WAS,Active,,,,,1785799210387.0,RWR,6.0,999.0,999.0,999.0,999.0,34.8,22.8,16.0,3.0,12.0,152.0,1.0,,,,,,,treylon burks
7694,Tommy Tremble,TE,CAR,Active,,,,,1785776106417.0,TE,2.0,999.0,999.0,999.0,999.0,31.8,18.8,,,13.0,128.0,1.0,,,,,,,tommy tremble
8656,Tyshaun James,WR,,Active,,,,,1660765554497.0,,,999.0,999.0,999.0,999.0,,,,,,,,,,,,,,tyshaun james
7418,Broc Rutter,QB,,Active,,,,,1599693359936.0,,,999.0,999.0,999.0,999.0,,,,,,,,,,,,,,broc rutter
6153,Dexter Williams,RB,,Active,,,,,1661869518328.0,,,999.0,999.0,999.0,999.0,,,,,,,,,,,,,,dexter williams
13053,Daniel Jackson,WR,,Active,,,,,1756231509409.0,,,999.0,999.0,999.0,999.0,,,,,,,,,,,,,,daniel jackson
9484,Tucker Kraft,TE,GB,Active,Questionable,Knee - ACL,,Surgery,1785949541132.0,TE,1.0,67.3,70.7,68.0,89.5,174.4,107.4,,,67.0,774.0,5.0,,,,,,,tucker kraft
10215,Jake Haener,QB,,Active,,,,,1777921513823.0,,,999.0,999.0,999.0,999.0,,,,,,,,,,,,,,jake haener
11597,Theo Johnson,TE,NYG,Active,,,,,1785899725755.0,TE,2.0,232.2,144.2,154.3,170.6,77.0,46.0,,,31.0,340.0,2.0,,,,,,,theo johnson
11270,Hassan Hall,RB,,Active,,,,,1735697426706.0,,,999.0,999.0,999.0,999.0,,,,,,,,,,,,,,hassan hall
5076,John Kelly,RB,,Active,,,,,1753142727987.0,,,999.0,999.0,999.0,999.0,,,,,,,,,,,,,,john kelly
11576,Braelon Allen,RB,NYJ,Active,,,,,1784685309795.0,RB,2.0,174.1,134.7,158.3,185.4,52.2,42.2,233.0,57.0,10.0,69.0,,,2.0,,,,,braelon allen
3556,Christian Powell,RB,,Active,,,,,,,,999.0,999.0,999.0,999.0,,,,,,,,,,,,,,christian powell
8169,Tre Turner,WR,,Active,,,,,1652751045236.0,,,999.0,999.0,999.0,999.0,,,,,,,,,,,,,,tre turner
6371,Drew Anderson,QB,,Active,,,,,1595791812274.0,,,999.0,999.0,999.0,999.0,,,,,,,,,,,,,,drew anderson
13325,Jordan Hudson,WR,DAL,Active,,,,,1777665334449.0,SWR,,999.0,999.0,999.0,999.0,,,,,,,,,,,,,,jordan hudson
7596,Elijah Moore,WR,PHI,Active,,,,,1782256824371.0,RWR,5.0,999.0,999.0,999.0,999.0,,,,,,,,,,,,,,elijah moore
8799,Zaire Mitchell-Paden,TE,NO,Active,,,,,1781656826746.0,TE,3.0,999.0,999.0,999.0,999.0,,,,,,,,,,,,,,zaire mitchell paden
8146,Garrett Wilson,WR,NYJ,Active,,,,,1785683153959.0,RWR,1.0,40.9,38.4,37.9,51.4,224.9,141.9,16.0,3.0,83.0,1043.0,6.0,,,,,,,garrett wilson
6040,Tyree Jackson,TE,,Active,Questionable,Undisclosed,,,1754165759355.0,,,999.0,999.0,999.0,999.0,,,,,,,,,,,,,,tyree jackson
8543,Drew Estrada,WR,,Active,,,,,1683235512834.0,,,999.0,999.0,999.0,999.0,,,,,,,,,,,,,,drew estrada
5209,Mike Boone,RB,,Active,,,,,1756008944139.0,,,999.0,999.0,999.0,999.0,,,,,,,,,,,,,,mike boone
4663,Austin Ekeler,RB,,Active,,,,,1778469604486.0,,,999.0,999.0,999.0,999.0,33.1,24.1,118.0,28.0,9.0,63.0,,,1.0,,,,,austin ekeler
7286,Marvelle Ross,WR,,Inactive,,,,,1599693362265.0,,,999.0,999.0,999.0,999.0,,,,,,,,,,,,,,marvelle ross
9511,Keaton Mitchell,RB,LAC,Active,,,,,1785860118655.0,RB,2.0,164.9,148.2,164.9,199.2,96.9,78.9,435.0,88.0,18.0,134.0,1.0,1.0,3.0,,,,,keaton mitchell
943,Kyle Rudolph,TE,,Active,,,,,1693841454292.0,,,999.0,999.0,999.0,999.0,,,,,,,,,,,,,,kyle rudolph
13311,Chris Bell,WR,MIA,Active,PUP,Knee - ACL,,Surgery,1785917429560.0,LWR,4.0,231.4,202.9,220.7,241.9,91.2,58.2,4.0,1.0,33.0,398.0,3.0,,,,,,,chris bell
7521,Chris Blair,WR,ATL,Active,,,,,1767685510813.0,LWR,5.0,999.0,999.0,999.0,999.0,,,,,,,,,,,,,,chris blair
5902,Penny Hart,WR,,Inactive,,,,,1696894524939.0,,,999.0,999.0,999.0,999.0,,,,,,,,,,,,,,penny hart
7352,Matt Cole,WR,,Active,,,,,1661890551350.0,,,999.0,999.0,999.0,999.0,,,,,,,,,,,,,,matt cole
12543,Tahj Brooks,RB,CIN,Active,,,,,1784566245517.0,RB,3.0,999.0,999.0,999.0,999.0,24.4,21.4,132.0,33.0,3.0,22.0,,,1.0,,,,,tahj brooks
7438,Kristian Wilkerson,WR,ATL,Active,,,,,1768335018074.0,SWR,5.0,999.0,999.0,999.0,999.0,,,,,,,,,,,,,,kristian wilkerson
13299,Nate Boerkircher,TE,JAX,Active,,,,,1783648814954.0,TE,2.0,999.0,999.0,999.0,999.0,27.4,16.4,,,11.0,104.0,1.0,,,,,,,nate boerkircher
8186,Devon Williams,WR,,Active,,,,,1660453854994.0,,,999.0,999.0,999.0,999.0,,,,,,,,,,,,,,devon williams
4233,Zane Gonzalez,K,MIA,Active,,,,,1779394849321.0,K,1.0,999.0,999.0,999.0,999.0,60.0,60.0,,,,,,,,,,,,zane gonzalez
11146,Christopher Dunn,K,,Active,,,,,1686866128017.0,,,999.0,999.0,999.0,999.0,,,,,,,,,,,,,,christopher dunn
8208,Tyler Badie,RB,DEN,Active,,,,,1778512808501.0,RB,4.0,999.0,999.0,999.0,999.0,8.4,4.4,16.0,4.0,4.0,28.0,,,,,,,,tyler badie
1855,Shaquelle Evans,WR,,Active,,,,,,,,999.0,999.0,999.0,999.0,,,,,,,,,,,,,,shaquelle evans
1604,Nick Williams,WR,DEN,Active,,,,,1693172141154.0,,,999.0,999.0,999.0,999.0,,,,,,,,,,,,,,nick williams
3817,Marcus Tucker,WR,,Inactive,,,,,1539130805966.0,,,999.0,999.0,999.0,999.0,,,,,,,,,,,,,,marcus tucker
WAS,Commanders,DEF,WAS,,,,,,,,,999.0,999.0,999.0,999.0,75.0,75.0,,,,,,,,,,,,commanders
8908,Brandon Lewis,WR,,Active,,,,,1660438853208.0,,,999.0,999.0,999.0,999.0,,,,,,,,,,,,,,brandon lewis
11586,Blake Corum,RB,LAR,Active,,,,,1786050351364.0,RB,2.0,98.3,68.1,90.8,108.0,135.3,120.3,757.0,172.0,15.0,106.0,,1.0,6.0,,,,,blake corum
11139,Elijah Cooks,WR,CAR,Active,,,,,1785916829252.0,SWR,9.0,999.0,999.0,999.0,999.0,,,,,,,,,,,,,,elijah cooks
6389,Keenen Brown,TE,,Active,,,,,1571531727711.0,,,999.0,999.0,999.0,999.0,,,,,,,,,,,,,,keenen brown
7339,J.J. Koski,WR,,Active,,,,,1693172741549.0,,,999.0,999.0,999.0,999.0,,,,,,,,,,,,,,j j koski
8225,Daniel Bellinger,TE,TEN,Active,,,,,1783389617483.0,TE,2.0,999.0,999.0,999.0,999.0,40.1,23.1,,,17.0,171.0,1.0,,,,,,,daniel bellinger
13909,Elijah Tau-Tolliver,RB,BAL,Active,,,,,1777668035564.0,RB,,999.0,999.0,999.0,999.0,,,,,,,,,,,,,,elijah tau tolliver
12959,Bryce Pierre,TE,,Inactive,,,,,1786062607554.0,,,999.0,999.0,999.0,999.0,,,,,,,,,,,,,,bryce pierre
5938,Lil'Jordan Humphrey,WR,DEN,Active,,,,,1781299232809.0,LWR,6.0,999.0,999.0,999.0,999.0,24.0,16.0,,,8.0,100.0,1.0,,,,,,,lil jordan humphrey
8252,Travell Harris,WR,,Active,,,,,1660758353494.0,,,999.0,999.0,999.0,999.0,,,,,,,,,,,,,,travell harris
13619,Marcus Sanders,WR,MIN,Active,,,,,,SWR,,999.0,999.0,999.0,999.0,,,,,,,,,,,,,,marcus sanders
4322,Dalton Crossan,RB,,Inactive,,,,,1533942328160.0,,,999.0,999.0,999.0,999.0,,,,,,,,,,,,,,dalton crossan
12504,Kaleb Johnson,RB,PIT,Active,,,,,1785511231607.0,RB,4.0,217.5,172.7,200.4,224.7,32.0,27.0,174.0,42.0,5.0,36.0,,,1.0,,,,,kaleb johnson
12079,Treyton Welch,TE,NO,Active,,,,,1767473747258.0,TE,7.0,999.0,999.0,999.0,999.0,,,,,,,,,,,,,,treyton welch
11925,Terique Owens,WR,,Active,,,,,1756286723986.0,,,999.0,999.0,999.0,999.0,,,,,,,,,,,,,,terique owens
7065,Eli Wolf,TE,,Inactive,,,,,1736213106335.0,,,999.0,999.0,999.0,999.0,,,,,,,,,,,,,,eli wolf
5950,Nyqwan Murray,WR,,Active,,,,,1567355135511.0,,,999.0,999.0,999.0,999.0,,,,,,,,,,,,,,nyqwan murray
3476,Johnny Holton,WR,,Active,,,,,1601930748348.0,,,999.0,999.0,999.0,999.0,,,,,,,,,,,,,,johnny holton
12474,Woody Marks,RB,HOU,Active,,,,,1785440122361.0,RB,2.0,141.2,104.9,138.6,148.8,83.8,64.8,351.0,86.0,19.0,137.0,1.0,1.0,2.0,,,,,woody marks
4545,Keith Towbridge,TE,,Active,,,,,1567182058527.0,,,999.0,999.0,999.0,999.0,,,,,,,,,,,,,,keith towbridge
5637,Garrett Johnson,WR,,Active,,,,,,,,999.0,999.0,999.0,999.0,,,,,,,,,,,,,,garrett johnson
2142,Rajion Neal,RB,,Active,,,,,,,,999.0,999.0,999.0,999.0,,,,,,,,,,,,,,rajion neal
5750,Garrett Hudson,TE,,Active,,,,,,,,999.0,999.0,999.0,999.0,,,,,,,,,,,,,,garrett hudson
11644,Cody Schrader,RB,DEN,Active,,,,,1769752840766.0,RB,7.0,999.0,999.0,999.0,999.0,,,,,,,,,,,,,,cody schrader
6465,Thomas Ives,WR,CHI,Inactive,,,,,1629505856455.0,,,999.0,999.0,999.0,999.0,,,,,,,,,,,,,,thomas ives
4040,JuJu Smith-Schuster,WR,NYG,Active,,,,,1785995746168.0,SWR,8.0,999.0,999.0,999.0,999.0,31.6,19.6,6.0,1.0,12.0,130.0,1.0,,,,,,,juju smith schuster
8206,Skylar Thompson,QB,BAL,Active,,,,,1777922415895.0,QB,3.0,999.0,999.0,999.0,999.0,,,,,,,,,,,,,,skylar thompson
7316,Darius Bradwell,RB,,Active,,,,,1660501236960.0,,,999.0,999.0,999.0,999.0,,,,,,,,,,,,,,darius bradwell
12171,British Brooks,RB,HOU,Active,Questionable,Hand,,,1785971141540.0,RB,4.0,999.0,999.0,999.0,999.0,,,,,,,,,,,,,,british brooks
14061,Jeremiah Franklin,TE,MIA,Active,,,,,1785975042151.0,,,999.0,999.0,999.0,999.0,,,,,,,,,,,,,,jeremiah franklin
11214,Tanner Morgan,QB,,Active,,,,,1699665649882.0,,,999.0,999.0,999.0,999.0,,,,,,,,,,,,,,tanner morgan
5110,Russell Gage,WR,,Active,,,,,1763604056396.0,,,999.0,999.0,999.0,999.0,,,,,,,,,,,,,,russell gage
6363,Michael Walker,WR,,Active,,,,,1633473327914.0,,,999.0,999.0,999.0,999.0,,,,,,,,,,,,,,michael walker
3321,Tyreek Hill,WR,,Active,Questionable,Knee - ACL,,Surgery,1784815513985.0,,,174.0,145.9,156.6,171.0,93.7,60.7,5.0,1.0,33.0,422.0,3.0,,,,,,,tyreek hill
8013,Tim Jones,WR,JAX,Active,,,,,1768268725292.0,SWR,6.0,999.0,999.0,999.0,999.0,,,,,,,,,,,,,,tim jones
4571,Blake Jarwin,TE,,Active,,,,,1672184708392.0,,,999.0,999.0,999.0,999.0,,,,,,,,,,,,,,blake jarwin
13074,Isaiah Neyor,WR,GB,Active,,,,,1768339218793.0,SWR,7.0,999.0,999.0,999.0,999.0,,,,,,,,,,,,,,isaiah neyor
12198,Wayne Ruby,WR,,Active,,,,,1721186426831.0,,,999.0,999.0,999.0,999.0,,,,,,,,,,,,,,wayne ruby
13415,Haynes King,QB,CAR,Active,,,,,,QB,,999.0,999.0,999.0,999.0,,,,,,,,,,,,,,haynes king
6185,Easton Stick,QB,IND,Active,,,,,1780367444393.0,QB,4.0,999.0,999.0,999.0,999.0,,,,,,,,,,,,,,easton stick
12224,David White,WR,,Active,,,,,1753565159996.0,,,999.0,999.0,999.0,999.0,,,,,,,,,,,,,,david white
6361,Raphael Leonard,WR,,Active,,,,,1567197955814.0,,,999.0,999.0,999.0,999.0,,,,,,,,,,,,,,raphael leonard
4153,Jordan Leggett,TE,,Inactive,,,,,1612323960376.0,,,999.0,999.0,999.0,999.0,,,,,,,,,,,,,,jordan leggett
LAC,Chargers,DEF,LAC,,,,,,,,,197.6,192.5,192.5,225.5,86.0,86.0,,,,,,,,,,,,chargers
11081,Cephus Johnson,WR,,Active,,,,,1724624735345.0,,,999.0,999.0,999.0,999.0,,,,,,,,,,,,,,cephus johnson
8197,Peyton Hendershot,TE,,Active,,,,,1741821016345.0,,,999.0,999.0,999.0,999.0,,,,,,,,,,,,,,peyton hendershot
6664,A.J. Ouellette,RB,,Active,,,,,1564432515445.0,,,999.0,999.0,999.0,999.0,,,,,,,,,,,,,,a j ouellette
2216,Mike Evans,WR,SF,Active,Questionable,Quadriceps,,,1785954639219.0,LWR,1.0,57.8,59.5,57.0,73.1,222.2,152.2,,,70.0,1022.0,8.0,,,,,,,mike evans
7562,Tutu Atwell,WR,MIA,Active,,,,,1785869407117.0,RWR,6.0,999.0,999.0,999.0,999.0,33.7,22.7,12.0,2.0,11.0,155.0,1.0,,,,,,,tutu atwell
6959,LeVante Bellamy,RB,,Active,,,,,1643154334844.0,,,999.0,999.0,999.0,999.0,,,,,,,,,,,,,,levante bellamy
2674,Paul Browning,WR,,Active,,,,,,,,999.0,999.0,999.0,999.0,,,,,,,,,,,,,,paul browning
11357,Tyler Adams,WR,,Active,,,,,1693157121693.0,,,999.0,999.0,999.0,999.0,,,,,,,,,,,,,,tyler adams
7149,Tommy Stevens,TE,NYG,Active,,,,,1641327609095.0,,,999.0,999.0,999.0,999.0,,,,,,,,,,,,,,tommy stevens
8817,Nolan Givan,TE,,Active,,,,,1660588229322.0,,,999.0,999.0,999.0,999.0,,,,,,,,,,,,,,nolan givan
8132,Tyler Allgeier,RB,ARI,Active,,,,,1785694855568.0,RB,2.0,132.5,89.4,120.9,134.3,69.4,61.4,400.0,95.0,8.0,54.0,,1.0,3.0,,,,,tyler allgeier
5762,Josh Smith,WR,,Inactive,,,,,1533517805735.0,,,999.0,999.0,999.0,999.0,,,,,,,,,,,,,,josh smith
12523,Jimmy Horn,WR,CAR,Active,,,,,1782136509263.0,SWR,6.0,999.0,999.0,999.0,999.0,30.2,20.2,18.0,3.0,10.0,124.0,1.0,,,,,,,jimmy horn
3157,William Fuller,WR,,Active,,,,,1659394520089.0,,,999.0,999.0,999.0,999.0,,,,,,,,,,,,,,william fuller
13401,Michael Trigg,TE,DAL,Active,,,,,1784148650511.0,TE,2.0,249.7,212.3,235.3,254.9,33.8,19.8,,,14.0,138.0,1.0,,,,,,,michael trigg
8254,Julius Chestnut,RB,TEN,Active,,,,,1780024825668.0,RB,6.0,999.0,999.0,999.0,999.0,5.6,3.6,20.0,5.0,2.0,16.0,,,,,,,,julius chestnut
5288,Donnie Ernsberger,TE,TEN,Inactive,Questionable,,,,1628987137889.0,,,,,,,,,,,,,,,,,,,,donnie ernsberger
13261,Layne Pryor,TE,HOU,Active,,,,,1785451824458.0,TE,5.0,999.0,999.0,999.0,999.0,,,,,,,,,,,,,,layne pryor
8107,Nikola Kalinic,TE,CHI,Active,,,,,1768956610721.0,TE,4.0,999.0,999.0,999.0,999.0,,,,,,,,,,,,,,nikola kalinic
11172,Shae Wyatt,WR,,Active,,,,,1686084352906.0,,,999.0,999.0,999.0,999.0,,,,,,,,,,,,,,shae wyatt
12489,RJ Harvey,RB,DEN,Active,,,,,1785613244987.0,RB,2.0,68.4,40.1,69.3,68.3,144.1,107.1,515.0,124.0,37.0,276.0,2.0,1.0,3.0,,,,,rj harvey
4324,Trey Griffey,WR,,Active,,,,,1546394714657.0,,,999.0,999.0,999.0,999.0,,,,,,,,,,,,,,trey griffey
10858,Alex Quevedo,K,,Active,,,,,1685568908150.0,,,999.0,999.0,999.0,999.0,,,,,,,,,,,,,,alex quevedo
963,Luke Stocker,TE,,Active,,,,,1636053961194.0,,,999.0,999.0,999.0,999.0,,,,,,,,,,,,,,luke stocker
7244,Ja'Marcus Bradley,WR,,Inactive,,,,,1692309930627.0,,,999.0,999.0,999.0,999.0,,,,,,,,,,,,,,ja marcus bradley
3398,Kenny Lawler,WR,,Active,,,,,,,,999.0,999.0,999.0,999.0,,,,,,,,,,,,,,kenny lawler
5294,Mikah Holder,WR,,Active,,,,,,,,999.0,999.0,999.0,999.0,,,,,,,,,,,,,,mikah holder
4519,Devine Redding,RB,,Active,,,,,1535741503027.0,,,999.0,999.0,999.0,999.0,,,,,,,,,,,,,,devine redding
1333,Russell Shepard,WR,,Active,,,,,1580850605663.0,,,999.0,999.0,999.0,999.0,,,,,,,,,,,,,,russell shepard
2106,David Fales,QB,,Active,,,,,1603927829429.0,,,999.0,999.0,999.0,999.0,,,,,,,,,,,,,,david fales
7107,Jason Huntley,RB,,Active,,,,,1694543422423.0,,,999.0,999.0,999.0,999.0,,,,,,,,,,,,,,jason huntley
12283,Dylan McDuffie,RB,,Active,,,,,,,,999.0,999.0,999.0,999.0,,,,,,,,,,,,,,dylan mcduffie
7121,Justin Rohrwasser,K,,Inactive,,,,,1616546721439.0,,,999.0,999.0,999.0,999.0,,,,,,,,,,,,,,justin rohrwasser
2161,Jerick McKinnon,RB,,Active,,,,,1722885307143.0,,,999.0,999.0,999.0,999.0,,,,,,,,,,,,,,jerick mckinnon
8157,Bailey Zappe,QB,NYJ,Active,,,,,1780357241554.0,QB,4.0,999.0,999.0,999.0,999.0,,,,,,,,,,,,,,bailey zappe
8223,Velus Jones,WR,SEA,Active,,,,,1771308029599.0,RB,6.0,999.0,999.0,999.0,999.0,,,,,,,,,,,,,,velus jones
7094,Lirim Hajrullahu,K,,Active,,,,,1661283031791.0,,,999.0,999.0,999.0,999.0,,,,,,,,,,,,,,lirim hajrullahu
7001,Brian Herrien,RB,,Active,,,,,1596499806349.0,,,999.0,999.0,999.0,999.0,,,,,,,,,,,,,,brian herrien
232,Frank Gore,RB,,Active,,,,,1648999831283.0,,,999.0,999.0,999.0,999.0,,,,,,,,,,,,,,frank gore
5786,Marcus Peterson,WR,,Active,,,,,,,,999.0,999.0,999.0,999.0,,,,,,,,,,,,,,marcus peterson
6159,Mike Weber,RB,,Inactive,,,,,1628898926718.0,,,999.0,999.0,999.0,999.0,,,,,,,,,,,,,,mike weber
2820,Dominique Brown,RB,,Active,,,,,,,,999.0,999.0,999.0,999.0,,,,,,,,,,,,,,dominique brown
7960,T.J. Simmons,WR,,Active,,,,,1629655539275.0,,,999.0,999.0,999.0,999.0,,,,,,,,,,,,,,t j simmons
8663,Jared Bernhardt,WR,,Active,,,,,1712086258476.0,,,999.0,999.0,999.0,999.0,,,,,,,,,,,,,,jared bernhardt
7867,Spencer Brown,RB,,Active,,,,,1724893206864.0,,,999.0,999.0,999.0,999.0,,,,,,,,,,,,,,spencer brown
7535,Hunter Long,TE,JAX,Active,,,,,1781220047236.0,TE,3.0,999.0,999.0,999.0,999.0,,,,,,,,,,,,,,hunter long
12482,Savion Williams,WR,GB,Active,,,,,1784999703527.0,LWR,4.0,999.0,999.0,999.0,999.0,32.0,22.0,42.0,6.0,10.0,118.0,1.0,,,,,,,savion williams
13190,Taylor Elgersma,QB,,Active,,,,,1756231509453.0,,,999.0,999.0,999.0,999.0,,,,,,,,,,,,,,taylor elgersma
8088,Kalif Jackson,TE,MIA,Active,,,,,,,,999.0,999.0,999.0,999.0,,,,,,,,,,,,,,kalif jackson
8812,Jonathan Garibay,K,,Active,,,,,1660068632494.0,,,999.0,999.0,999.0,999.0,,,,,,,,,,,,,,jonathan garibay
5142,Kurt Benkert,QB,,Active,,,,,1668536411456.0,,,999.0,999.0,999.0,999.0,,,,,,,,,,,,,,kurt benkert
1546,Kenjon Barner,RB,,Inactive,,,,,1670975421639.0,,,999.0,999.0,999.0,999.0,,,,,,,,,,,,,,kenjon barner
11384,Owen Wright,RB,,Active,,,,,1785446724923.0,,,999.0,999.0,999.0,999.0,,,,,,,,,,,,,,owen wright
13972,Brandon Frazier,TE,,Active,,,,,,,,999.0,999.0,999.0,999.0,,,,,,,,,,,,,,brandon frazier
13423,Eli Heidenreich,RB,PIT,Active,,,,,1785973841854.0,RB,3.0,999.0,999.0,999.0,999.0,,,,,,,,,,,,,,eli heidenreich
5772,Aaron Lacombe,WR,,Inactive,,,,,,,,999.0,999.0,999.0,999.0,,,,,,,,,,,,,,aaron lacombe
5929,Anthony Johnson,WR,,Active,,,,,1630194058844.0,,,999.0,999.0,999.0,999.0,,,,,,,,,,,,,,anthony johnson
5163,Ryan Nall,RB,,Inactive,,,,,1717462833007.0,,,999.0,999.0,999.0,999.0,,,,,,,,,,,,,,ryan nall
11959,Bryce Oliver,WR,TEN,Active,,,,,1773247548320.0,RWR,7.0,999.0,999.0,999.0,999.0,,,,,,,,,,,,,,bryce oliver
11511,John Stephens,TE,,Inactive,,,,,1785688856879.0,,,999.0,999.0,999.0,999.0,,,,,,,,,,,,,,john stephens
4835,Darrius Sims,RB,,Active,,,,,,,,999.0,999.0,999.0,999.0,,,,,,,,,,,,,,darrius sims
7530,Frank Darby,WR,,Active,,,,,1755041446830.0,,,999.0,999.0,999.0,999.0,,,,,,,,,,,,,,frank darby
13119,Collin Schlee,QB,,Active,,,,,,,,999.0,999.0,999.0,999.0,,,,,,,,,,,,,,collin schlee
6909,Lynn Bowden,WR,,Active,,,,,1710364558204.0,,,999.0,999.0,999.0,999.0,,,,,,,,,,,,,,lynn bowden
13424,Seth McGowan,RB,IND,Active,,,,,1786110312405.0,RB,3.0,999.0,999.0,999.0,999.0,36.3,29.3,184.0,44.0,7.0,49.0,,,1.0,,,,,seth mcgowan
3445,Marcus Johnson,WR,,Active,,,,,1675396517446.0,,,999.0,999.0,999.0,999.0,,,,,,,,,,,,,,marcus johnson
3178,Josh Doctson,WR,,Active,,,,,1634092203869.0,,,999.0,999.0,999.0,999.0,,,,,,,,,,,,,,josh doctson
7378,Kyle Markway,TE,,Active,,,,,1659995146485.0,,,999.0,999.0,999.0,999.0,,,,,,,,,,,,,,kyle markway
8253,Deven Thompkins,WR,LV,Active,,,,,1785391818278.0,SWR,8.0,999.0,999.0,999.0,999.0,,,,,,,,,,,,,,deven thompkins
745,Marshawn Lynch,RB,,Injured Reserve,,,,,1588660243022.0,,,999.0,999.0,999.0,999.0,,,,,,,,,,,,,,marshawn lynch
11526,Malachi Carter,WR,,Active,,,,,1693405507953.0,,,999.0,999.0,999.0,999.0,,,,,,,,,,,,,,malachi carter
7465,Nick Tiano,QB,,Active,,,,,1599693362200.0,,,999.0,999.0,999.0,999.0,,,,,,,,,,,,,,nick tiano
6421,Jalen Guyton,WR,,Active,,,,,1731968424073.0,,,999.0,999.0,999.0,999.0,,,,,,,,,,,,,,jalen guyton
4468,Antony Auclair,TE,,Active,,,,,1669068042297.0,,,999.0,999.0,999.0,999.0,,,,,,,,,,,,,,antony auclair
11964,Dayton Wade,WR,BAL,Active,Questionable,Undisclosed,,,1786032049373.0,SWR,9.0,999.0,999.0,999.0,999.0,,,,,,,,,,,,,,dayton wade
3695,J.P. Holtz,TE,,Active,,,,,1698188132625.0,,,999.0,999.0,999.0,999.0,,,,,,,,,,,,,,j p holtz
7623,Darece Roberson,WR,,Active,,,,,1630456253513.0,,,999.0,999.0,999.0,999.0,,,,,,,,,,,,,,darece roberson
8861,Irv Charles,WR,SEA,Active,,,,,1779909629050.0,LWR,9.0,999.0,999.0,999.0,999.0,,,,,,,,,,,,,,irv charles
13258,Phil Lutz,WR,,Active,,,,,1755885031139.0,,,999.0,999.0,999.0,999.0,,,,,,,,,,,,,,phil lutz
6697,Floyd Allen,WR,,Active,,,,,,,,999.0,999.0,999.0,999.0,,,,,,,,,,,,,,floyd allen
3170,Paxton Lynch,QB,,Inactive,,,,,1627264259358.0,,,999.0,999.0,999.0,999.0,,,,,,,,,,,,,,paxton lynch
3407,Beau Sandland,TE,,Active,,,,,1532128801452.0,,,999.0,999.0,999.0,999.0,,,,,,,,,,,,,,beau sandland
7703,Jacob Harris,WR,,Active,,,,,1756056047924.0,,,999.0,999.0,999.0,999.0,,,,,,,,,,,,,,jacob harris
5558,Marcus Martin,RB,,Active,,,,,1535836858823.0,,,999.0,999.0,999.0,999.0,,,,,,,,,,,,,,marcus martin
4351,Tim Patrick,WR,NYJ,Active,,,,,1785287702682.0,LWR,4.0,999.0,999.0,999.0,999.0,13.7,7.7,,,6.0,77.0,,,,,,,,tim patrick
11276,Joseph Ngata,WR,,Active,,,,,1736905208009.0,,,999.0,999.0,999.0,999.0,,,,,,,,,,,,,,joseph ngata
12355,Treveyon Pratt,WR,,Active,,,,,,,,999.0,999.0,999.0,999.0,,,,,,,,,,,,,,treveyon pratt
2846,Marquez Clark,WR,,Active,,,,,,,,999.0,999.0,999.0,999.0,,,,,,,,,,,,,,marquez clark
13835,Mekhi Mews,WR,,Active,,,,,,,,999.0,999.0,999.0,999.0,,,,,,,,,,,,,,mekhi mews
4863,Josh Rosen,QB,,Active,,,,,1671562853417.0,,,999.0,999.0,999.0,999.0,,,,,,,,,,,,,,josh rosen
13250,Nay'Quan Wright,RB,,Active,,,,,1756250420602.0,,,999.0,999.0,999.0,999.0,,,,,,,,,,,,,,nay quan wright
11190,Keilahn Harris,WR,,Inactive,,,,,1716932150188.0,,,999.0,999.0,999.0,999.0,,,,,,,,,,,,,,keilahn harris
12909,Eli Pancol,WR,IND,Active,,,,,1767644406233.0,SWR,,999.0,999.0,999.0,999.0,,,,,,,,,,,,,,eli pancol
5108,Luke Falk,QB,,Active,,,,,1570899936186.0,,,999.0,999.0,999.0,999.0,,,,,,,,,,,,,,luke falk
13335,Cole Payton,QB,PHI,Active,,,,,1781877612357.0,QB,4.0,999.0,999.0,999.0,999.0,,,,,,,,,,,,,,cole payton
6490,Mik'Quan Deane,TE,,Active,,,,,1566400511923.0,,,999.0,999.0,999.0,999.0,,,,,,,,,,,,,,mik quan deane
4108,Carlos Henderson,WR,,Active,,,,,1546976730040.0,,,999.0,999.0,999.0,999.0,,,,,,,,,,,,,,carlos henderson
2410,Jamison Crowder,WR,,Active,,,,,1738077041448.0,,,999.0,999.0,999.0,999.0,,,,,,,,,,,,,,jamison crowder
9220,Evan Hull,RB,ARI,Active,,,,,1785829216395.0,RB,,999.0,999.0,999.0,999.0,,,,,,,,,,,,,,evan hull
6984,Tony Jones,RB,,Active,,,,,1736214607955.0,,,999.0,999.0,999.0,999.0,,,,,,,,,,,,,,tony jones
11596,Ben Sinnott,TE,WAS,Active,,,,,1785536734807.0,TE,3.0,999.0,999.0,999.0,999.0,27.5,16.5,,,11.0,105.0,1.0,,,,,,,ben sinnott
1706,Jack Doyle,TE,IND,Active,,,,,1646685355679.0,,,999.0,999.0,999.0,999.0,,,,,,,,,,,,,,jack doyle
3198,Derrick Henry,RB,BAL,Active,,,,,1785985843497.0,RB,1.0,24.6,7.4,22.0,45.7,246.9,229.9,1406.0,281.0,17.0,133.0,1.0,2.0,12.0,,,,,derrick henry
3588,Michael Miller,TE,,Active,,,,,,,,999.0,999.0,999.0,999.0,,,,,,,,,,,,,,michael miller
4926,Nick Schuessler,QB,PIT,Active,,,,,,,,999.0,999.0,999.0,999.0,,,,,,,,,,,,,,nick schuessler
4829,Daniel Williams,WR,,Active,,,,,1564619447093.0,,,999.0,999.0,999.0,999.0,,,,,,,,,,,,,,daniel williams
2495,Nick O'Leary,TE,,Active,,,,,1592942754230.0,,,999.0,999.0,999.0,999.0,,,,,,,,,,,,,,nick o leary
12522,Cam Ward,QB,TEN,Active,,,,,1785697255866.0,QB,1.0,165.9,191.2,167.0,72.0,227.84,227.84,182.0,46.0,,,,4.0,2.0,3516.0,19.0,13.0,541.0,cam ward
6885,Ke'Shawn Vaughn,RB,,Active,,,,,1756223408615.0,,,999.0,999.0,999.0,999.0,,,,,,,,,,,,,,ke shawn vaughn
11387,Sean Ryan,WR,,Active,,,,,,,,999.0,999.0,999.0,999.0,,,,,,,,,,,,,,sean ryan
2262,Trey Millard,RB,,Active,,,,,,,,999.0,999.0,999.0,999.0,,,,,,,,,,,,,,trey millard
7426,Seth Dawkins,WR,,Inactive,,,,,1599186654818.0,,,999.0,999.0,999.0,999.0,,,,,,,,,,,,,,seth dawkins
8143,Jerome Ford,RB,WAS,Active,,,,,1781984743790.0,RB,3.0,999.0,999.0,999.0,999.0,26.3,20.3,99.0,24.0,6.0,44.0,,,1.0,,,,,jerome ford
6694,D'Ernest Johnson,RB,,Active,,,,,1770773756103.0,,,999.0,999.0,999.0,999.0,,,,,,,,,,,,,,d ernest johnson
12496,Tai Felton,WR,MIN,Active,,,,,1781227248781.0,LWR,4.0,999.0,999.0,999.0,999.0,29.2,19.2,6.0,1.0,10.0,126.0,1.0,,,,,,,tai felton
1974,Cody Parkey,K,,Active,,,,,1663115411187.0,,,999.0,999.0,999.0,999.0,,,,,,,,,,,,,,cody parkey
5386,Matt McCrane,K,,Active,,,,,1728348029283.0,,,999.0,999.0,999.0,999.0,,,,,,,,,,,,,,matt mccrane
3599,Dez Stewart,WR,,Inactive,,,,,,,,999.0,999.0,999.0,999.0,,,,,,,,,,,,,,dez stewart
11652,Louis Rees-Zammit,RB,,Active,,,,,1754129157245.0,,,999.0,999.0,999.0,999.0,,,,,,,,,,,,,,louis rees zammit
7734,Bruno Labelle,TE,,Active,,,,,1631663105768.0,,,999.0,999.0,999.0,999.0,,,,,,,,,,,,,,bruno labelle
5247,David Marvin,K,,Active,,,,,1533999006812.0,,,999.0,999.0,999.0,999.0,,,,,,,,,,,,,,david marvin
12656,Robbie Ouzts,RB,SEA,Active,Questionable,Undisclosed,,,1785801910568.0,RB,8.0,999.0,999.0,999.0,999.0,,,,,,,,,,,,,,robbie ouzts
6847,Devin Duvernay,WR,ARI,Active,,,,,1782260424474.0,SWR,6.0,999.0,999.0,999.0,999.0,-1.4,-1.4,6.0,1.0,,,,1.0,,,,,,devin duvernay
5211,Jake Wieneke,WR,,Active,,,,,1535838085359.0,,,999.0,999.0,999.0,999.0,,,,,,,,,,,,,,jake wieneke
5257,Tim Boyle,QB,,Active,,,,,1754957113220.0,,,999.0,999.0,999.0,999.0,,,,,,,,,,,,,,tim boyle
2750,DeAndre Carter,WR,,Active,,,,,1786062007630.0,,,999.0,999.0,999.0,999.0,1.8,0.8,11.0,2.0,1.0,17.0,,1.0,,,,,,deandre carter
9493,Puka Nacua,WR,LAR,Active,,,,,1785856218308.0,RWR,1.0,4.9,8.9,4.8,6.4,312.5,205.5,55.0,10.0,107.0,1400.0,10.0,1.0,,,,,,puka nacua
13149,Caden Davis,K,,Active,,,,,1755733216835.0,,,999.0,999.0,999.0,999.0,,,,,,,,,,,,,,caden davis
13321,Dan Villari,TE,LAR,Active,,,,,1777174827878.0,TE,,999.0,999.0,999.0,999.0,,,,,,,,,,,,,,dan villari
12019,Devin Carter,WR,,Active,,,,,1725663616833.0,,,999.0,999.0,999.0,999.0,,,,,,,,,,,,,,devin carter
13968,Drew Stevens,K,WAS,Active,,,,,,K,2.0,999.0,999.0,999.0,999.0,22.0,22.0,,,,,,,,,,,,drew stevens
10226,Andrei Iosivas,WR,CIN,Active,,,,,1785897309372.0,SWR,3.0,999.0,999.0,999.0,999.0,91.3,59.3,10.0,2.0,32.0,403.0,3.0,,,,,,,andrei iosivas
4285,Robert Davis,WR,,Active,,,,,1607771713848.0,,,999.0,999.0,999.0,999.0,,,,,,,,,,,,,,robert davis
8248,Kalil Pimpleton,WR,,Active,,,,,1693322103400.0,,,999.0,999.0,999.0,999.0,,,,,,,,,,,,,,kalil pimpleton
5431,Shay Fields,WR,,Active,,,,,1535839809940.0,,,999.0,999.0,999.0,999.0,,,,,,,,,,,,,,shay fields
2397,Jeff Heuerman,TE,,Active,,,,,1596228318298.0,,,999.0,999.0,999.0,999.0,,,,,,,,,,,,,,jeff heuerman
5167,Dalton Sturm,QB,,Active,,,,,1534989618360.0,,,999.0,999.0,999.0,999.0,,,,,,,,,,,,,,dalton sturm
13116,Tre Watson,TE,KC,Active,,,,,1756230309328.0,TE,,999.0,999.0,999.0,999.0,,,,,,,,,,,,,,tre watson
8189,Trestan Ebner,RB,,Active,,,,,1693522226180.0,,,999.0,999.0,999.0,999.0,,,,,,,,,,,,,,trestan ebner
3312,Jonathan Williams,RB,,Active,,,,,1703268642554.0,,,999.0,999.0,999.0,999.0,,,,,,,,,,,,,,jonathan williams
6996,JaMycal Hasty,RB,,Active,,,,,1756415420583.0,,,999.0,999.0,999.0,999.0,,,,,,,,,,,,,,jamycal hasty
7191,Jaylon Moore,WR,,Inactive,,,,,1741665958787.0,,,999.0,999.0,999.0,999.0,,,,,,,,,,,,,,jaylon moore
5976,Karan Higdon,RB,,Inactive,,,,,1599353162101.0,,,999.0,999.0,999.0,999.0,,,,,,,,,,,,,,karan higdon
6906,Antonio Gandy-Golden,TE,,Active,,,,,1659030602845.0,,,999.0,999.0,999.0,999.0,,,,,,,,,,,,,,antonio gandy golden
12245,Jelani Baker,WR,,Active,,,,,1715039759218.0,,,999.0,999.0,999.0,999.0,,,,,,,,,,,,,,jelani baker
12765,Keleki Latu,TE,BUF,Active,,,,,1766871304018.0,TE,4.0,999.0,999.0,999.0,999.0,,,,,,,,,,,,,,keleki latu
12095,Jjay Mcafee,TE,,Active,,,,,,,,999.0,999.0,999.0,999.0,,,,,,,,,,,,,,jjay mcafee
11617,Malachi Corley,WR,CLE,Active,,,,,1781310034068.0,SWR,6.0,999.0,999.0,999.0,999.0,6.8,4.8,28.0,5.0,2.0,20.0,,,,,,,,malachi corley
2673,Damiere Byrd,WR,,Active,,,,,1724625033921.0,,,999.0,999.0,999.0,999.0,,,,,,,,,,,,,,damiere byrd
TB,Buccaneers,DEF,TB,,,,,,,,,232.4,228.5,228.5,258.5,81.0,81.0,,,,,,,,,,,,buccaneers
6710,Josh Caldwell,RB,,Active,,,,,1567138252692.0,,,999.0,999.0,999.0,999.0,,,,,,,,,,,,,,josh caldwell
4981,Calvin Ridley,WR,TEN,Active,,,,,1785612344847.0,RWR,3.0,227.7,180.2,214.0,205.3,77.3,50.3,6.0,1.0,27.0,377.0,2.0,,,,,,,calvin ridley
4171,Josh Reynolds,WR,,Active,Questionable,Hip,,,1770920407678.0,,,999.0,999.0,999.0,999.0,6.5,3.5,,,3.0,35.0,,,,,,,,josh reynolds
6926,Brycen Hopkins,TE,,Active,,,,,1713753612446.0,,,999.0,999.0,999.0,999.0,,,,,,,,,,,,,,brycen hopkins
7893,Dedrick Mills,RB,,Active,,,,,1630443652148.0,,,999.0,999.0,999.0,999.0,,,,,,,,,,,,,,dedrick mills
7946,Jack Stoll,TE,CLE,Active,,,,,1780442450160.0,TE,4.0,999.0,999.0,999.0,999.0,7.5,3.5,,,4.0,35.0,,,,,,,,jack stoll
7729,Dez Fitzpatrick,WR,,Inactive,Questionable,Undisclosed,,,1755823531409.0,,,999.0,999.0,999.0,999.0,,,,,,,,,,,,,,dez fitzpatrick
7439,Tommy Hudson,TE,,Inactive,,,,,1723155334714.0,,,999.0,999.0,999.0,999.0,,,,,,,,,,,,,,tommy hudson
13417,De'Zhaun Stribling,WR,SF,Active,Questionable,Hamstring,,Soreness,1786042850847.0,LWR,4.0,202.4,213.9,150.0,263.6,128.4,82.4,,,46.0,584.0,4.0,,,,,,,de zhaun stribling
8077,Otis Anderson,RB,,Active,,,,,1632183912371.0,,,999.0,999.0,999.0,999.0,,,,,,,,,,,,,,otis anderson
2935,Ricky Collins,WR,,Active,,,,,,,,999.0,999.0,999.0,999.0,,,,,,,,,,,,,,ricky collins
5722,Darvin Kidsy,WR,,Active,,,,,1628204738578.0,,,999.0,999.0,999.0,999.0,,,,,,,,,,,,,,darvin kidsy
3328,Rashard Higgins,WR,,Active,,,,,1713277830376.0,,,999.0,999.0,999.0,999.0,,,,,,,,,,,,,,rashard higgins
10224,Brayden Willis,TE,SF,Active,,,,,1768433758233.0,TE,6.0,999.0,999.0,999.0,999.0,,,,,,,,,,,,,,brayden willis
2373,Clive Walford,TE,,Active,,,,,1577557809708.0,,,999.0,999.0,999.0,999.0,,,,,,,,,,,,,,clive walford
12906,Cam Camper,WR,NYJ,Active,,,,,1785556238887.0,SWR,,999.0,999.0,999.0,999.0,,,,,,,,,,,,,,cam camper
8160,Kenny Pickett,QB,CAR,Active,,,,,1786071309541.0,QB,2.0,999.0,999.0,999.0,999.0,,,,,,,,,,,,,,kenny pickett
9479,Darnell Washington,TE,PIT,Active,,,,,1785897910483.0,TE,2.0,999.0,999.0,999.0,999.0,88.9,53.9,,,35.0,359.0,3.0,,,,,,,darnell washington
7752,Kawaan Baker,WR,,Active,,,,,1756165806574.0,,,999.0,999.0,999.0,999.0,,,,,,,,,,,,,,kawaan baker
11577,Will Shipley,RB,PHI,Active,,,,,1785681053779.0,RB,5.0,999.0,999.0,999.0,999.0,33.8,23.8,105.0,25.0,10.0,73.0,,,1.0,,,,,will shipley
12540,Chimere Dike,WR,TEN,Active,,,,,1786067707640.0,SWR,5.0,229.4,174.6,215.0,199.0,89.4,51.4,30.0,6.0,38.0,384.0,2.0,1.0,,,,,,chimere dike
CLE,Browns,DEF,CLE,,,,,,,,,266.6,260.0,260.4,280.2,74.0,74.0,,,,,,,,,,,,browns
13307,Marlin Klein,TE,HOU,Active,,,,,1785269160420.0,TE,2.0,999.0,999.0,999.0,999.0,29.5,17.5,,,12.0,115.0,1.0,,,,,,,marlin klein
3978,Jacob Huesman,QB,,Active,,,,,,,,999.0,999.0,999.0,999.0,,,,,,,,,,,,,,jacob huesman
5859,A.J. Brown,WR,NE,Active,,,,,1785781206773.0,LWR,1.0,19.4,33.2,18.2,30.3,247.2,168.2,6.0,1.0,79.0,1176.0,8.0,,,,,,,a j brown
4034,Christian McCaffrey,RB,SF,Active,,,,,1785438022302.0,RB,1.0,5.0,4.9,5.7,9.7,291.0,221.0,984.0,240.0,70.0,606.0,4.0,2.0,7.0,,,,,christian mccaffrey
6699,Gunner Olszewski,WR,NYG,Inactive,IR,Achilles,,Surgery,1780359341535.0,,10.0,999.0,999.0,999.0,999.0,,,,,,,,,,,,,,gunner olszewski
4738,Colby Pearson,WR,,Active,,,,,1535129405952.0,,,999.0,999.0,999.0,999.0,,,,,,,,,,,,,,colby pearson
2487,Geremy Davis,WR,,Active,,,,,1599002733604.0,,,999.0,999.0,999.0,999.0,,,,,,,,,,,,,,geremy davis
5937,Diontae Johnson,WR,,Active,,,,,1761691222417.0,,,999.0,999.0,999.0,999.0,,,,,,,,,,,,,,diontae johnson
11102,Charles McClelland,RB,,Active,,,,,1689883855784.0,,,999.0,999.0,999.0,999.0,,,,,,,,,,,,,,charles mcclelland
7056,Darrell Stewart,WR,,Inactive,,,,,1599408959975.0,,,999.0,999.0,999.0,999.0,,,,,,,,,,,,,,darrell stewart
4263,Elijah McGuire,RB,KC,Active,,,,,1642633817596.0,,,999.0,999.0,999.0,999.0,,,,,,,,,,,,,,elijah mcguire
12721,Kaden Prather,WR,GB,Active,,,,,1785555338647.0,SWR,7.0,999.0,999.0,999.0,999.0,,,,,,,,,,,,,,kaden prather
11940,JaQuae Jackson,WR,LAC,Active,,,,,1768359659290.0,SWR,,999.0,999.0,999.0,999.0,,,,,,,,,,,,,,jaquae jackson
3883,Romar Morris,RB,,Active,,,,,,,,999.0,999.0,999.0,999.0,,,,,,,,,,,,,,romar morris
4162,Ryan Switzer,WR,,Active,,,,,1658166640601.0,,,999.0,999.0,999.0,999.0,,,,,,,,,,,,,,ryan switzer
11148,Tyler Hudson,WR,,Active,,,,,1693255249957.0,,,999.0,999.0,999.0,999.0,,,,,,,,,,,,,,tyler hudson
6967,Aaron Fuller,WR,,Active,,,,,1661945155838.0,,,999.0,999.0,999.0,999.0,,,,,,,,,,,,,,aaron fuller
4678,Tyrone Swoopes,TE,,Active,,,,,1644963613102.0,,,999.0,999.0,999.0,999.0,,,,,,,,,,,,,,tyrone swoopes
11351,Thomas Greaney,TE,,Active,,,,,1693165822939.0,,,999.0,999.0,999.0,999.0,,,,,,,,,,,,,,thomas greaney
11163,Tim DeMorat,QB,,Active,,,,,1690322116303.0,,,999.0,999.0,999.0,999.0,,,,,,,,,,,,,,tim demorat
14056,Kyre Duplessis,WR,,Active,,,,,1785917429587.0,,,999.0,999.0,999.0,999.0,,,,,,,,,,,,,,kyre duplessis
4455,Matt Breida,RB,,Active,,,,,1755202845059.0,,,999.0,999.0,999.0,999.0,,,,,,,,,,,,,,matt breida
2291,Dontrelle Inman,WR,,Active,,,,,1677792034775.0,,,999.0,999.0,999.0,999.0,,,,,,,,,,,,,,dontrelle inman
8240,BJ Baylor,RB,,Active,,,,,1690320916222.0,,,999.0,999.0,999.0,999.0,,,,,,,,,,,,,,bj baylor
7591,Justin Fields,QB,KC,Active,,,,,1785447923379.0,QB,2.0,999.0,999.0,999.0,216.0,34.72,34.72,102.0,18.0,,,,1.0,1.0,363.0,2.0,2.0,55.0,justin fields
8824,Samson Nacua,WR,,Active,,,,,1724815557709.0,,,999.0,999.0,999.0,999.0,,,,,,,,,,,,,,samson nacua
6460,Cole Herdman,TE,,Active,,,,,1595794816784.0,,,999.0,999.0,999.0,999.0,,,,,,,,,,,,,,cole herdman
5714,Tim Wilson,WR,,Active,,,,,,,,999.0,999.0,999.0,999.0,,,,,,,,,,,,,,tim wilson
12173,Jaxon Janke,WR,,Active,,,,,1735684524674.0,,,999.0,999.0,999.0,999.0,,,,,,,,,,,,,,jaxon janke
5134,Keith Kirkwood,WR,,Active,,,,,1767665709235.0,,,999.0,999.0,999.0,999.0,,,,,,,,,,,,,,keith kirkwood
3447,Cayleb Jones,WR,,Active,,,,,1535761331202.0,,,999.0,999.0,999.0,999.0,,,,,,,,,,,,,,cayleb jones
8258,Cade York,K,NYJ,Active,,,,,1785432621921.0,K,2.0,350.0,350.0,368.0,386.0,13.0,13.0,,,,,,,,,,,,cade york
2309,Amari Cooper,WR,,Active,,,,,1757094635853.0,,,999.0,999.0,999.0,999.0,,,,,,,,,,,,,,amari cooper
7771,Jake Funk,RB,,Active,,,,,1730846412788.0,,,999.0,999.0,999.0,999.0,,,,,,,,,,,,,,jake funk
3397,Keith Marshall,RB,,Active,,,,,1532568901707.0,,,999.0,999.0,999.0,999.0,,,,,,,,,,,,,,keith marshall
4599,Michael Rector,WR,,Active,,,,,,,,999.0,999.0,999.0,999.0,,,,,,,,,,,,,,michael rector
4406,Wes Lunt,QB,,Active,,,,,,,,999.0,999.0,999.0,999.0,,,,,,,,,,,,,,wes lunt
2378,Tevin Coleman,RB,,Active,,,,,1675116903848.0,,,999.0,999.0,999.0,999.0,,,,,,,,,,,,,,tevin coleman
4866,Saquon Barkley,RB,PHI,Active,,,,,1785504030788.0,RB,1.0,16.6,13.4,13.5,29.3,246.7,209.7,1220.0,271.0,37.0,277.0,2.0,1.0,8.0,,,,,saquon barkley
8778,Justin Rigg,TE,,Active,,,,,1693164022537.0,,,999.0,999.0,999.0,999.0,,,,,,,,,,,,,,justin rigg
1500,Jordan Reed,TE,,Injured Reserve,,,,,1618933203460.0,,,999.0,999.0,999.0,999.0,,,,,,,,,,,,,,jordan reed
13217,Hunter Dekkers,QB,NO,Active,,,,,1781769316026.0,QB,,999.0,999.0,999.0,999.0,,,,,,,,,,,,,,hunter dekkers
2921,Taylor Sloat,TE,,Active,,,,,,,,999.0,999.0,999.0,999.0,,,,,,,,,,,,,,taylor sloat
8424,Kevin Marks,RB,,Active,,,,,1661894451239.0,,,999.0,999.0,999.0,999.0,,,,,,,,,,,,,,kevin marks
8152,Kennedy Brooks,RB,,Active,,,,,1693347910320.0,,,999.0,999.0,999.0,999.0,,,,,,,,,,,,,,kennedy brooks
4068,Mike Williams,WR,,Active,DNR,Undisclosed,,,1752776146055.0,,,999.0,999.0,999.0,999.0,,,,,,,,,,,,,,mike williams
12370,Praise Olatoke,WR,,Active,,,,,1725347751103.0,,,999.0,999.0,999.0,999.0,,,,,,,,,,,,,,praise olatoke
8170,James Mitchell,TE,CAR,Active,,,,,1773250548514.0,TE,4.0,999.0,999.0,999.0,999.0,,,,,,,,,,,,,,james mitchell
12488,Kobe Hudson,WR,,Active,,,,,1756167606204.0,,,999.0,999.0,999.0,999.0,,,,,,,,,,,,,,kobe hudson
1833,Damien Williams,RB,,Inactive,,,,,1699626644086.0,,,999.0,999.0,999.0,999.0,,,,,,,,,,,,,,damien williams
5787,Bryce Bobo,WR,,Active,,,,,1535763393991.0,,,999.0,999.0,999.0,999.0,,,,,,,,,,,,,,bryce bobo
4791,Darius Victor,RB,,Active,,,,,1658237747770.0,,,999.0,999.0,999.0,999.0,,,,,,,,,,,,,,darius victor
13110,Zach Horton,TE,DET,Active,,,,,1785863119683.0,TE,,999.0,999.0,999.0,999.0,,,,,,,,,,,,,,zach horton
12144,Je'Quan Burton,WR,,Active,,,,,1724805058012.0,,,999.0,999.0,999.0,999.0,,,,,,,,,,,,,,je quan burton
6662,Parker Hesse,TE,,Active,,,,,1730607044141.0,,,999.0,999.0,999.0,999.0,,,,,,,,,,,,,,parker hesse
12036,Ian Wheeler,RB,BUF,Active,,,,,1781818522733.0,RB,5.0,999.0,999.0,999.0,999.0,,,,,,,,,,,,,,ian wheeler
5140,Jaelon Acklin,WR,,Active,,,,,1598590847619.0,,,999.0,999.0,999.0,999.0,,,,,,,,,,,,,,jaelon acklin
3579,Marshall Morgan,K,,Active,,,,,,,,999.0,999.0,999.0,999.0,,,,,,,,,,,,,,marshall morgan
4929,Ahmad Fulwood,WR,,Active,,,,,,,,999.0,999.0,999.0,999.0,,,,,,,,,,,,,,ahmad fulwood
1244,Josh Gordon,WR,,Active,,,,,1666029034219.0,,,999.0,999.0,999.0,999.0,,,,,,,,,,,,,,josh gordon
5119,Jason Sanders,K,NYJ,Active,,,,,1784831713624.0,K,1.0,999.0,999.0,999.0,999.0,91.0,91.0,,,,,,,,,,,,jason sanders
5967,Tony Pollard,RB,TEN,Active,,,,,1785809411623.0,RB,1.0,85.6,63.4,82.1,104.5,160.1,132.1,794.0,189.0,28.0,187.0,1.0,1.0,5.0,,,,,tony pollard
5384,Jonah Trinnaman,WR,,Inactive,,,,,1535665807659.0,,,999.0,999.0,999.0,999.0,,,,,,,,,,,,,,jonah trinnaman
8076,Michael Bandy,WR,DEN,Active,,,,,1771539649017.0,SWR,8.0,999.0,999.0,999.0,999.0,,,,,,,,,,,,,,michael bandy
695,Ted Ginn,WR,,Injured Reserve,,,,,1626478844327.0,,,999.0,999.0,999.0,999.0,,,,,,,,,,,,,,ted ginn
12756,Stephen Gosnell,WR,BUF,Active,,,,,1769841321433.0,SWR,,999.0,999.0,999.0,999.0,,,,,,,,,,,,,,stephen gosnell
12048,George Holani,RB,SEA,Active,,,,,1785611444664.0,RB,4.0,999.0,999.0,999.0,999.0,25.2,21.2,123.0,30.0,4.0,29.0,,,1.0,,,,,george holani
10217,Clayton Tune,QB,,Active,,,,,1767807057135.0,,,999.0,999.0,999.0,999.0,12.4,12.4,16.0,4.0,,,,,,195.0,1.0,1.0,31.0,clayton tune
12888,Dalen Cambre,WR,NYG,Active,,,,,1766432124061.0,SWR,13.0,999.0,999.0,999.0,999.0,,,,,,,,,,,,,,dalen cambre
13353,Chris Brazzell,WR,CAR,Inactive,IR,Knee,,,1785555638825.0,,5.0,400.0,400.0,400.0,400.0,,,,,,,,,,,,,,chris brazzell
12641,Jaylin Lane,WR,WAS,Active,,,,,1779910829192.0,SWR,8.0,999.0,999.0,999.0,999.0,37.7,23.7,14.0,2.0,14.0,163.0,1.0,,,,,,,jaylin lane
3454,Danny Anthrop,WR,,Active,,,,,,,,999.0,999.0,999.0,999.0,,,,,,,,,,,,,,danny anthrop
11496,Braydon Johnson,WR,,Active,,,,,1685656541955.0,,,999.0,999.0,999.0,999.0,,,,,,,,,,,,,,braydon johnson
7379,Rysen John,TE,,Active,,,,,1660666255314.0,,,999.0,999.0,999.0,999.0,,,,,,,,,,,,,,rysen john
10213,Tre Tucker,WR,LV,Active,,,,,1785630047099.0,RWR,1.0,207.2,187.5,199.1,214.2,111.8,71.8,32.0,6.0,40.0,506.0,3.0,,,,,,,tre tucker
13696,Ja'Mori Maclin,WR,BUF,Active,,,,,1778272841183.0,SWR,,999.0,999.0,999.0,999.0,,,,,,,,,,,,,,ja mori maclin
5916,Darrell Henderson,RB,,Active,,,,,1703621720262.0,,,999.0,999.0,999.0,999.0,,,,,,,,,,,,,,darrell henderson
6069,Stanley Morgan,WR,,Active,,,,,1744910749848.0,,,999.0,999.0,999.0,999.0,,,,,,,,,,,,,,stanley morgan
3908,Eric Wallace,TE,,Active,,,,,,,,999.0,999.0,999.0,999.0,,,,,,,,,,,,,,eric wallace
12165,Spencer Sanders,QB,,Active,,,,,,,,999.0,999.0,999.0,999.0,,,,,,,,,,,,,,spencer sanders
8130,Trey McBride,TE,ARI,Active,,,,,1785636347955.0,TE,1.0,18.7,21.7,17.1,22.3,234.9,138.9,,,96.0,969.0,7.0,1.0,,,,,,trey mcbride
13286,Jadarian Price,RB,SEA,Active,,,,,1785609944567.0,RB,1.0,80.3,101.1,63.0,143.0,170.0,151.0,912.0,212.0,19.0,138.0,1.0,1.0,7.0,,,,,jadarian price
10211,Camerun Peoples,RB,,Active,,,,,1693069512469.0,,,999.0,999.0,999.0,999.0,,,,,,,,,,,,,,camerun peoples
7536,Quintin Morris,TE,JAX,Active,,,,,1780442450154.0,TE,5.0,999.0,999.0,999.0,999.0,8.0,4.0,,,4.0,40.0,,,,,,,,quintin morris
6163,Alex Wesley,WR,,Inactive,,,,,1599183054646.0,,,999.0,999.0,999.0,999.0,,,,,,,,,,,,,,alex wesley
6491,Adam Choice,RB,,Active,,,,,1588630831740.0,,,999.0,999.0,999.0,999.0,,,,,,,,,,,,,,adam choice
13339,Davon Booth,RB,CLE,Active,,,,,1778265340584.0,RB,,999.0,999.0,999.0,999.0,,,,,,,,,,,,,,davon booth
8142,Alec Pierce,WR,IND,Active,PUP,Ankle,,Surgery,1786105514176.0,LWR,1.0,83.6,87.6,81.8,110.9,177.9,123.9,7.0,1.0,54.0,872.0,6.0,,,,,,,alec pierce
11298,Ryan Jones,TE,,Active,,,,,,,,999.0,999.0,999.0,999.0,,,,,,,,,,,,,,ryan jones
2465,Kenny Bell,WR,,Inactive,,,,,1533697228439.0,,,999.0,999.0,999.0,999.0,,,,,,,,,,,,,,kenny bell
7045,Joshua Kelley,RB,,Active,,,,,1739911512774.0,,,999.0,999.0,999.0,999.0,,,,,,,,,,,,,,joshua kelley
7086,John Hightower,WR,,Active,,,,,1693321503490.0,,,999.0,999.0,999.0,999.0,,,,,,,,,,,,,,john hightower
7616,Kai Locksley,WR,,Active,,,,,,,,999.0,999.0,999.0,999.0,,,,,,,,,,,,,,kai locksley
6548,Marcus Marshall,RB,,Inactive,,,,,1599603025587.0,,,999.0,999.0,999.0,999.0,,,,,,,,,,,,,,marcus marshall
13309,Aaron Anderson,WR,CLE,Inactive,IR,Undisclosed,,,1785976242120.0,,,999.0,999.0,999.0,999.0,30.2,19.2,,,11.0,132.0,1.0,,,,,,,aaron anderson
7210,Kendall Hinton,WR,,Active,,,,,1693230946948.0,,,999.0,999.0,999.0,999.0,,,,,,,,,,,,,,kendall hinton
2875,Tony Creecy,RB,,Active,,,,,,,,999.0,999.0,999.0,999.0,,,,,,,,,,,,,,tony creecy
11532,Matthew Trickett,K,,Active,,,,,1690840850255.0,,,999.0,999.0,999.0,999.0,,,,,,,,,,,,,,matthew trickett
6964,Sean McKeon,TE,IND,Inactive,IR,Undisclosed,,,1786078510286.0,TE,5.0,999.0,999.0,999.0,999.0,,,,,,,,,,,,,,sean mckeon
11648,Kedon Slovis,QB,ARI,Active,,,,,1786086609900.0,QB,3.0,999.0,999.0,999.0,999.0,,,,,,,,,,,,,,kedon slovis
3214,Hunter Henry,TE,NE,Active,,,,,1785256858442.0,TE,1.0,106.2,91.9,119.2,113.6,153.5,95.5,,,58.0,655.0,5.0,,,,,,,hunter henry
7336,James Gilbert,RB,,Active,,,,,1599693357491.0,,,999.0,999.0,999.0,999.0,,,,,,,,,,,,,,james gilbert
12254,Phillip Brooks,WR,,Active,,,,,1724714446038.0,,,999.0,999.0,999.0,999.0,,,,,,,,,,,,,,phillip brooks
5277,Deon Yelder,TE,,Active,,,,,1660932629249.0,,,999.0,999.0,999.0,999.0,,,,,,,,,,,,,,deon yelder
2925,Darius Davis,WR,,Active,,,,,1682788821385.0,,,999.0,999.0,999.0,999.0,,,,,,,,,,,,,,darius davis
3976,Mitchell Trubisky,QB,TEN,Active,,,,,1785431421990.0,QB,3.0,999.0,999.0,999.0,999.0,11.94,11.94,15.0,4.0,,,,,,186.0,1.0,1.0,29.0,mitchell trubisky
13416,Roman Hemby,RB,LV,Active,,,,,1783538141327.0,RB,,999.0,999.0,999.0,999.0,,,,,,,,,,,,,,roman hemby
12215,Kevin Foelsch,TE,,Active,,,,,1755894932422.0,,,999.0,999.0,999.0,999.0,,,,,,,,,,,,,,kevin foelsch
7584,Brennan Eagles,WR,,Active,,,,,1629259548861.0,,,999.0,999.0,999.0,999.0,,,,,,,,,,,,,,brennan eagles
13356,Trebor Pena,WR,JAX,Active,,,,,1777237836050.0,SWR,5.0,999.0,999.0,999.0,999.0,6.6,3.6,,,3.0,36.0,,,,,,,,trebor pena
7523,Trevor Lawrence,QB,JAX,Active,,,,,1785594642606.0,QB,1.0,92.3,94.6,93.8,32.0,303.42,303.42,339.0,79.0,,,,3.0,5.0,3788.0,26.0,12.0,522.0,trevor lawrence
8164,Matt Corral,QB,,Active,,,,,1724697944431.0,,,999.0,999.0,999.0,999.0,,,,,,,,,,,,,,matt corral
12508,Jaxson Dart,QB,NYG,Active,,,,,1785882308308.0,QB,1.0,80.6,83.6,88.8,23.2,296.54,296.54,539.0,106.0,,,,3.0,6.0,3366.0,22.0,12.0,495.0,jaxson dart
13674,Chris Hilton,WR,WAS,Active,,,,,1778201104146.0,RWR,,999.0,999.0,999.0,999.0,,,,,,,,,,,,,,chris hilton
11605,Jaheim Bell,TE,PIT,Active,,,,,1777963221246.0,TE,3.0,999.0,999.0,999.0,999.0,,,,,,,,,,,,,,jaheim bell
13839,Chase Curtis,TE,NYJ,Active,,,,,1778282742544.0,TE,,999.0,999.0,999.0,999.0,,,,,,,,,,,,,,chase curtis
5207,Marchie Murdock,WR,,Active,,,,,1534816806150.0,,,999.0,999.0,999.0,999.0,,,,,,,,,,,,,,marchie murdock
7897,Roland Rivers,QB,,Inactive,,,,,,,,999.0,999.0,999.0,999.0,,,,,,,,,,,,,,roland rivers
8700,Savon Scarver,WR,,Active,,,,,1654805644353.0,,,999.0,999.0,999.0,999.0,,,,,,,,,,,,,,savon scarver
4066,Evan Engram,TE,DEN,Active,,,,,1785521132806.0,TE,1.0,999.0,999.0,999.0,999.0,70.7,39.7,,,31.0,277.0,2.0,,,,,,,evan engram
11329,Josh Vann,WR,,Active,,,,,1693324503859.0,,,999.0,999.0,999.0,999.0,,,,,,,,,,,,,,josh vann
13670,Harrison Wallace,WR,ARI,Active,,,,,1777520722496.0,SWR,,999.0,999.0,999.0,999.0,,,,,,,,,,,,,,harrison wallace
12533,Jacory Croskey-Merritt,RB,WAS,Active,,,,,1786050951460.0,RB,1.0,114.9,94.8,108.0,138.5,127.9,108.9,614.0,141.0,19.0,135.0,1.0,1.0,5.0,,,,,jacory croskey merritt
6524,Jamire Jordan,WR,,Active,,,,,1558277108110.0,,,999.0,999.0,999.0,999.0,,,,,,,,,,,,,,jamire jordan
3048,Chris Manhertz,TE,NYG,Active,,,,,1780442449780.0,TE,5.0,999.0,999.0,999.0,999.0,2.3,1.3,,,1.0,13.0,,,,,,,,chris manhertz
3164,Ezekiel Elliott,RB,,Active,,,,,1736546446084.0,,,999.0,999.0,999.0,999.0,,,,,,,,,,,,,,ezekiel elliott
6227,Nick Easley,WR,,Active,,,,,1597589111997.0,,,999.0,999.0,999.0,999.0,,,,,,,,,,,,,,nick easley
8087,K.J. Costello,QB,,Active,,,,,1661106920597.0,,,999.0,999.0,999.0,999.0,,,,,,,,,,,,,,k j costello
3052,Kendrick Ings,WR,,Active,,,,,,,,999.0,999.0,999.0,999.0,,,,,,,,,,,,,,kendrick ings
5903,Will Grier,QB,,Active,NA,Undisclosed,,,1784149850621.0,,,999.0,999.0,999.0,999.0,,,,,,,,,,,,,,will grier
6886,Chase Claypool,WR,,Inactive,,,,,1785463225187.0,,,999.0,999.0,999.0,999.0,,,,,,,,,,,,,,chase claypool
6945,Antonio Gibson,RB,,Active,Questionable,Knee - ACL,,Surgery,1771883438783.0,,,999.0,999.0,999.0,999.0,3.9,1.9,4.0,1.0,2.0,15.0,,,,,,,,antonio gibson
954,Cam Newton,QB,,Active,,,,,1681140324752.0,,,999.0,999.0,999.0,999.0,,,,,,,,,,,,,,cam newton
4704,Tyler Ferguson,QB,,Active,,,,,1526321701569.0,,,999.0,999.0,999.0,999.0,,,,,,,,,,,,,,tyler ferguson
12787,Josh Williams,RB,TB,Active,,,,,1780615237697.0,RB,4.0,999.0,999.0,999.0,999.0,,,,,,,,,,,,,,josh williams
6932,Charlie Taumoepeau,TE,,Active,,,,,1647537605983.0,,,999.0,999.0,999.0,999.0,,,,,,,,,,,,,,charlie taumoepeau
17,Matt Prater,K,,Active,,,,,1768510806675.0,,,999.0,999.0,999.0,999.0,22.0,22.0,,,,,,,,,,,,matt prater
5144,Malik Williams,RB,,Active,,,,,1549755607815.0,,,999.0,999.0,999.0,999.0,,,,,,,,,,,,,,malik williams
8227,Teagan Quitoriano,TE,ARI,Active,,,,,1781220047448.0,TE,3.0,999.0,999.0,999.0,999.0,,,,,,,,,,,,,,teagan quitoriano
9223,Tiyon Evans,RB,,Active,,,,,1690566931555.0,,,999.0,999.0,999.0,999.0,,,,,,,,,,,,,,tiyon evans
8232,Jaquarii Roberson,WR,,Active,,,,,1678490739852.0,,,999.0,999.0,999.0,999.0,,,,,,,,,,,,,,jaquarii roberson
11111,Sy Barnett,WR,,Active,,,,,1684253149963.0,,,999.0,999.0,999.0,999.0,,,,,,,,,,,,,,sy barnett
3148,Anthony Dable,WR,,Active,,,,,,,,999.0,999.0,999.0,999.0,,,,,,,,,,,,,,anthony dable
2898,Cameron Clear,TE,,Active,,,,,,,,999.0,999.0,999.0,999.0,,,,,,,,,,,,,,cameron clear
6362,Dredrick Snelson,WR,,Inactive,,,,,1563906314225.0,,,999.0,999.0,999.0,999.0,,,,,,,,,,,,,,dredrick snelson
11565,J.J. McCarthy,QB,MIN,Active,,,,,1785262859527.0,QB,2.0,224.2,227.1,225.7,151.5,19.62,19.62,21.0,5.0,,,,,1.0,213.0,1.0,1.0,32.0,j j mccarthy
11859,John Rhys Plumlee,QB,,Active,,,,,1777396224875.0,,,999.0,999.0,999.0,999.0,,,,,,,,,,,,,,john rhys plumlee
8171,Kyle Philips,WR,,Active,,,,,1754287812627.0,,,999.0,999.0,999.0,999.0,,,,,,,,,,,,,,kyle philips
6385,Matt Colburn,RB,,Active,,,,,1660588529360.0,,,999.0,999.0,999.0,999.0,,,,,,,,,,,,,,matt colburn
8220,Sincere McCormick,RB,SF,Active,,,,,1781127916737.0,RB,8.0,999.0,999.0,999.0,999.0,,,,,,,,,,,,,,sincere mccormick
12039,TD Ayo-Durojaiye,RB,,Active,,,,,,,,999.0,999.0,999.0,999.0,,,,,,,,,,,,,,td ayo durojaiye
490,Chase Daniel,QB,,Active,,,,,1693925402100.0,,,999.0,999.0,999.0,999.0,,,,,,,,,,,,,,chase daniel
8676,Rashid Shaheed,WR,SEA,Active,,,,,1785375013978.0,RWR,2.0,152.2,161.9,150.0,187.2,138.1,93.1,46.0,8.0,45.0,665.0,4.0,1.0,,,,,,rashid shaheed
13285,Malachi Fields,WR,NYG,Active,,,,,1786115713468.0,LWR,6.0,242.4,210.2,230.2,252.0,81.6,53.6,5.0,1.0,28.0,351.0,3.0,,,,,,,malachi fields
6271,Olamide Zaccheaus,WR,ATL,Active,,,,,1784693410572.0,SWR,4.0,999.0,999.0,999.0,999.0,75.8,45.8,12.0,2.0,30.0,326.0,2.0,,,,,,,olamide zaccheaus
5756,Garrett Dickerson,TE,,Active,,,,,1599338457451.0,,,999.0,999.0,999.0,999.0,,,,,,,,,,,,,,garrett dickerson
13392,Jeff Caldwell,WR,KC,Active,,,,,1777164924417.0,SWR,,999.0,999.0,999.0,999.0,,,,,,,,,,,,,,jeff caldwell
11848,Casey Bauman,QB,,Active,,,,,1723509050667.0,,,999.0,999.0,999.0,999.0,,,,,,,,,,,,,,casey bauman
11885,Ramel Keyton,WR,,Active,,,,,1754250907973.0,,,999.0,999.0,999.0,999.0,,,,,,,,,,,,,,ramel keyton
6866,KJ Hill,WR,LAC,Active,,,,,1635006055579.0,,,999.0,999.0,999.0,999.0,,,,,,,,,,,,,,kj hill
2756,Andrew Gleichert,TE,,Active,,,,,,,,999.0,999.0,999.0,999.0,,,,,,,,,,,,,,andrew gleichert
6219,Austin Seibert,K,,Active,,,,,1732729858600.0,,,999.0,999.0,999.0,999.0,,,,,,,,,,,,,,austin seibert
4416,Austin Carr,WR,,Inactive,,,,,1610838650402.0,,,999.0,999.0,999.0,999.0,,,,,,,,,,,,,,austin carr
12086,Cam Johnson,WR,,Active,,,,,1731439539209.0,,,999.0,999.0,999.0,999.0,,,,,,,,,,,,,,cam johnson
2651,Phillip Sims,QB,,Active,,,,,,,,999.0,999.0,999.0,999.0,,,,,,,,,,,,,,phillip sims
4660,Sean Culkin,TE,,Inactive,,,,,1620681617407.0,,,999.0,999.0,999.0,999.0,,,,,,,,,,,,,,sean culkin
11792,Will Reichard,K,MIN,Active,,,,,1784822713492.0,K,1.0,204.4,174.0,188.2,240.0,109.0,109.0,,,,,,,,,,,,will reichard
13300,Le'Veon Moss,RB,,Active,NA,Undisclosed,,,1778697028344.0,,,999.0,999.0,999.0,999.0,,,,,,,,,,,,,,le veon moss
6920,Isaiah Hodgins,WR,NYG,Active,,,,,1781310033629.0,RWR,7.0,999.0,999.0,999.0,999.0,9.2,5.2,,,4.0,52.0,,,,,,,,isaiah hodgins
12527,Ashton Jeanty,RB,LV,Active,,,,,1785765904808.0,RB,1.0,15.4,11.5,11.9,20.5,259.5,209.5,1152.0,281.0,50.0,383.0,2.0,2.0,8.0,,,,,ashton jeanty
10225,Jonathan Mingo,WR,DAL,Active,,,,,1785362413055.0,LWR,6.0,999.0,999.0,999.0,999.0,,,,,,,,,,,,,,jonathan mingo
3516,Mitch Mathews,WR,,Active,,,,,,,,999.0,999.0,999.0,999.0,,,,,,,,,,,,,,mitch mathews
12470,Riley Leonard,QB,IND,Active,,,,,1785463526979.0,QB,3.0,999.0,999.0,999.0,277.0,12.44,12.44,16.0,4.0,,,,,,196.0,1.0,1.0,29.0,riley leonard
12118,Jacob Warren,TE,,Active,,,,,1724703944885.0,,,999.0,999.0,999.0,999.0,,,,,,,,,,,,,,jacob warren
4827,Germone Hopper,WR,,Active,,,,,,,,999.0,999.0,999.0,999.0,,,,,,,,,,,,,,germone hopper
12473,Mitchell Evans,TE,CAR,Active,,,,,1785796811515.0,TE,3.0,999.0,999.0,999.0,999.0,31.9,18.9,,,13.0,129.0,1.0,,,,,,,mitchell evans
8428,Zander Horvath,RB,,Active,,,,,1724804158070.0,,,999.0,999.0,999.0,999.0,,,,,,,,,,,,,,zander horvath
13780,Terion Stewart,RB,KC,Active,,,,,,,,999.0,999.0,999.0,999.0,,,,,,,,,,,,,,terion stewart
12880,Silas Bolden,WR,,Active,,,,,1758059720694.0,,,999.0,999.0,999.0,999.0,,,,,,,,,,,,,,silas bolden
ATL,Falcons,DEF,ATL,,,,,,,,,228.4,224.2,224.2,252.2,83.0,83.0,,,,,,,,,,,,falcons
10219,Chris Rodriguez,RB,JAX,Active,,,,,1786037749638.0,RB,2.0,141.6,142.5,140.6,193.8,132.5,117.5,728.0,171.0,15.0,107.0,,1.0,6.0,,,,,chris rodriguez
4051,Chad Kelly,QB,,Active,,,,,1620702318073.0,,,999.0,999.0,999.0,999.0,,,,,,,,,,,,,,chad kelly
4563,Taylor McNamara,TE,,Active,,,,,,,,999.0,999.0,999.0,999.0,,,,,,,,,,,,,,taylor mcnamara
5271,Buddy Howell,RB,,Active,,,,,1643332220230.0,,,999.0,999.0,999.0,999.0,,,,,,,,,,,,,,buddy howell
4985,Rashaad Penny,RB,,Active,,,,,1722353402700.0,,,999.0,999.0,999.0,999.0,,,,,,,,,,,,,,rashaad penny
4725,Phazahn Odom,TE,,Active,,,,,,,,999.0,999.0,999.0,999.0,,,,,,,,,,,,,,phazahn odom
13277,CJ Donaldson,RB,NO,Active,,,,,1777271437512.0,RB,,999.0,999.0,999.0,999.0,,,,,,,,,,,,,,cj donaldson
5917,Mecole Hardman,WR,BUF,Active,,,,,1782253223567.0,SWR,9.0,999.0,999.0,999.0,999.0,,,,,,,,,,,,,,mecole hardman
2945,Lee Ward,RB,,Active,,,,,,,,999.0,999.0,999.0,999.0,,,,,,,,,,,,,,lee ward
4983,DJ Moore,WR,BUF,Active,,,,,1785939937126.0,LWR,1.0,59.3,58.5,53.9,69.9,179.0,116.0,29.0,5.0,63.0,851.0,5.0,1.0,,,,,,dj moore
12460,Antwane Wells,WR,ATL,Active,,,,,1781730614267.0,SWR,5.0,999.0,999.0,999.0,999.0,,,,,,,,,,,,,,antwane wells
5022,Dallas Goedert,TE,PHI,Active,,,,,1785957339694.0,TE,1.0,109.1,93.6,116.7,114.3,136.0,83.0,,,53.0,590.0,4.0,,,,,,,dallas goedert
12849,Traeshon Holden,WR,DAL,Active,,,,,1767740414734.0,RWR,,999.0,999.0,999.0,999.0,,,,,,,,,,,,,,traeshon holden
616,Jimmy Graham,TE,,Active,,,,,1753261526098.0,,,999.0,999.0,999.0,999.0,,,,,,,,,,,,,,jimmy graham
13334,C.J. Charleston,WR,,Active,,,,,,,,999.0,999.0,999.0,999.0,,,,,,,,,,,,,,c j charleston
CAR,Panthers,DEF,CAR,,,,,,,,,238.4,233.2,233.2,260.0,81.0,81.0,,,,,,,,,,,,panthers
7436,Mason Kinsey,WR,TEN,Active,,,,,1767849948396.0,SWR,9.0,999.0,999.0,999.0,999.0,,,,,,,,,,,,,,mason kinsey
4434,Brisly Estime,WR,,Active,,,,,1523925001661.0,,,999.0,999.0,999.0,999.0,,,,,,,,,,,,,,brisly estime
3045,Gannon Sinclair,TE,,Active,,,,,1536619505752.0,,,999.0,999.0,999.0,999.0,,,,,,,,,,,,,,gannon sinclair
2923,Connor Neighbors,RB,,Active,,,,,,,,999.0,999.0,999.0,999.0,,,,,,,,,,,,,,connor neighbors
5176,Davon Grayson,WR,,Active,,,,,1570232733069.0,,,999.0,999.0,999.0,999.0,,,,,,,,,,,,,,davon grayson
14031,Kyron Hudson,WR,CHI,Active,,,,,1778540744956.0,SWR,,999.0,999.0,999.0,999.0,,,,,,,,,,,,,,kyron hudson
1943,Lacoltan Bester,WR,,Active,,,,,,,,999.0,999.0,999.0,999.0,,,,,,,,,,,,,,lacoltan bester
6701,Fred Trevillion,WR,,Inactive,,,,,1564705565765.0,,,999.0,999.0,999.0,999.0,,,,,,,,,,,,,,fred trevillion
6031,Alex Barnes,RB,,Active,,,,,1567191054464.0,,,999.0,999.0,999.0,999.0,,,,,,,,,,,,,,alex barnes
11182,Ronald Awatt,RB,,Active,,,,,1691518221420.0,,,999.0,999.0,999.0,999.0,,,,,,,,,,,,,,ronald awatt
13042,Xavier Guillory,WR,BAL,Active,,,,,1776750639489.0,RWR,,999.0,999.0,999.0,999.0,,,,,,,,,,,,,,xavier guillory
7556,Marquez Stevenson,WR,,Active,,,,,1696978537827.0,,,999.0,999.0,999.0,999.0,,,,,,,,,,,,,,marquez stevenson
3462,Jared Dangerfield,WR,,Active,,,,,,,,999.0,999.0,999.0,999.0,,,,,,,,,,,,,,jared dangerfield
4273,Chris Carson,RB,,Active,,,,,1658860823953.0,,,999.0,999.0,999.0,999.0,,,,,,,,,,,,,,chris carson
4708,KeVonn Mabon,WR,,Active,,,,,,,,999.0,999.0,999.0,999.0,,,,,,,,,,,,,,kevonn mabon
3205,Cody Kessler,QB,,Active,,,,,1598495442564.0,,,999.0,999.0,999.0,999.0,,,,,,,,,,,,,,cody kessler
6692,Joe Horn,WR,,Active,,,,,,,,999.0,999.0,999.0,999.0,,,,,,,,,,,,,,joe horn
13043,Chris Tyree,WR,,Active,,,,,1765925445522.0,,,999.0,999.0,999.0,999.0,,,,,,,,,,,,,,chris tyree
13160,Reggie Brown,TE,,Active,,,,,,,,999.0,999.0,999.0,999.0,,,,,,,,,,,,,,reggie brown
2886,Justin Sinz,TE,,Active,,,,,,,,999.0,999.0,999.0,999.0,,,,,,,,,,,,,,justin sinz
5799,Darius Prince,WR,,Active,,,,,,,,999.0,999.0,999.0,999.0,,,,,,,,,,,,,,darius prince
8705,Landon Lenoir,WR,,Active,,,,,1654805643668.0,,,999.0,999.0,999.0,999.0,,,,,,,,,,,,,,landon lenoir
13414,Kaelon Black,RB,SF,Active,Questionable,Thigh,,,1785783007680.0,RB,3.0,999.0,999.0,999.0,999.0,42.3,36.3,200.0,49.0,6.0,43.0,,,2.0,,,,,kaelon black
1689,Adam Thielen,WR,,Active,NA,Undisclosed,,,1768415702261.0,,,999.0,999.0,999.0,999.0,,,,,,,,,,,,,,adam thielen
12231,JJ Laap,WR,,Active,,,,,1724619935193.0,,,999.0,999.0,999.0,999.0,,,,,,,,,,,,,,jj laap
11082,Ben Sims,TE,MIA,Active,,,,,1773270951957.0,TE,3.0,999.0,999.0,999.0,999.0,,,,,,,,,,,,,,ben sims
12085,Alec Holler,TE,,Active,,,,,1724708445412.0,,,999.0,999.0,999.0,999.0,,,,,,,,,,,,,,alec holler
12033,OJ Hiliare,WR,,Active,,,,,,,,999.0,999.0,999.0,999.0,,,,,,,,,,,,,,oj hiliare
8233,Mataeo Durant,RB,,Active,,,,,1661285431422.0,,,999.0,999.0,999.0,999.0,,,,,,,,,,,,,,mataeo durant
8755,Kaden Davis,WR,CHI,Active,,,,,1781619922399.0,SWR,8.0,999.0,999.0,999.0,999.0,,,,,,,,,,,,,,kaden davis
12392,Tre Mosley,WR,,Active,,,,,1723063524816.0,,,999.0,999.0,999.0,999.0,,,,,,,,,,,,,,tre mosley
5292,Devin Ross,WR,,Active,,,,,1693608628595.0,,,999.0,999.0,999.0,999.0,,,,,,,,,,,,,,devin ross
11949,Brayden Narveson,K,,Active,,,,,1735003219092.0,,,999.0,999.0,999.0,999.0,,,,,,,,,,,,,,brayden narveson
8056,Jake Verity,K,,Active,,,,,1686174001997.0,,,999.0,999.0,999.0,999.0,,,,,,,,,,,,,,jake verity
6955,James Robinson,RB,,Active,,,,,1785724861129.0,,,999.0,999.0,999.0,999.0,,,,,,,,,,,,,,james robinson
6606,Nick Fitzgerald,QB,,Active,,,,,1575419158405.0,,,999.0,999.0,999.0,999.0,,,,,,,,,,,,,,nick fitzgerald
5068,Kerryon Johnson,RB,,Active,,,,,1641860161572.0,,,999.0,999.0,999.0,999.0,,,,,,,,,,,,,,kerryon johnson
2121,T.J. Jones,WR,,Active,,,,,1570493156558.0,,,999.0,999.0,999.0,999.0,,,,,,,,,,,,,,t j jones
7387,George Campbell,WR,,Inactive,,,,,1599693362225.0,,,999.0,999.0,999.0,999.0,,,,,,,,,,,,,,george campbell
11941,Isaiah Wooden,WR,,Active,,,,,1779237036710.0,,,999.0,999.0,999.0,999.0,,,,,,,,,,,,,,isaiah wooden
14055,Louis Hansen,TE,,Active,,,,,1785454825390.0,,,999.0,999.0,999.0,999.0,,,,,,,,,,,,,,louis hansen
12495,Ollie Gordon,RB,MIA,Active,,,,,1785784507878.0,RB,3.0,999.0,999.0,999.0,999.0,23.2,20.2,120.0,30.0,3.0,22.0,,,1.0,,,,,ollie gordon
1170,Alfred Morris,RB,,Active,,,,,1629211244340.0,,,999.0,999.0,999.0,999.0,,,,,,,,,,,,,,alfred morris
5102,Daurice Fountain,WR,,Active,,,,,1724814360061.0,,,999.0,999.0,999.0,999.0,,,,,,,,,,,,,,daurice fountain
5261,Jester Weah,WR,,Active,,,,,1629134141114.0,,,999.0,999.0,999.0,999.0,,,,,,,,,,,,,,jester weah
6187,Aca'Cedric Ware,RB,,Active,,,,,1604451946986.0,,,999.0,999.0,999.0,999.0,,,,,,,,,,,,,,aca cedric ware
127,Matt Bryant,K,,Active,,,,,1572369314641.0,,,999.0,999.0,999.0,999.0,,,,,,,,,,,,,,matt bryant
4602,Robert Tonyan,TE,PIT,Active,,,,,1780622139428.0,TE,4.0,999.0,999.0,999.0,999.0,1.9,0.9,,,1.0,9.0,,,,,,,,robert tonyan
7586,Dazz Newsome,WR,,Active,,,,,1692729041230.0,,,999.0,999.0,999.0,999.0,,,,,,,,,,,,,,dazz newsome
4125,Taywan Taylor,WR,,Active,,,,,1659491116931.0,,,999.0,999.0,999.0,999.0,,,,,,,,,,,,,,taywan taylor
4189,Eric Saubert,TE,SEA,Active,,,,,1785031207335.0,TE,4.0,999.0,999.0,999.0,999.0,5.7,2.7,,,3.0,27.0,,,,,,,,eric saubert
1269,Bradley Sowell,TE,,Active,,,,,1574615130819.0,,,999.0,999.0,999.0,999.0,,,,,,,,,,,,,,bradley sowell
5919,Elijah Holyfield,RB,,Active,,,,,1696977937447.0,,,999.0,999.0,999.0,999.0,,,,,,,,,,,,,,elijah holyfield
4364,Karel Hamilton,WR,,Active,,,,,,,,999.0,999.0,999.0,999.0,,,,,,,,,,,,,,karel hamilton
3727,Dennis Parks,WR,,Active,,,,,,,,999.0,999.0,999.0,999.0,,,,,,,,,,,,,,dennis parks
11544,Avery Davis,WR,,Active,,,,,1693171841055.0,,,999.0,999.0,999.0,999.0,,,,,,,,,,,,,,avery davis
4497,Tony Stevens,WR,,Active,,,,,,,,999.0,999.0,999.0,999.0,,,,,,,,,,,,,,tony stevens
5005,Jaleel Scott,WR,,Inactive,,,,,1620415556016.0,,,999.0,999.0,999.0,999.0,,,,,,,,,,,,,,jaleel scott
1794,David Fluellen,RB,,Active,,,,,1570223732943.0,,,999.0,999.0,999.0,999.0,,,,,,,,,,,,,,david fluellen
13354,Eric McAlister,WR,,Active,Questionable,Foot,,Fracture,1785186349948.0,,,999.0,999.0,999.0,999.0,30.1,19.1,,,11.0,131.0,1.0,,,,,,,eric mcalister
8825,Kekoa Crawford,WR,,Active,,,,,1692652208856.0,,,999.0,999.0,999.0,999.0,,,,,,,,,,,,,,kekoa crawford
5695,Brandon Powell,WR,,Active,,,,,1737648333293.0,,,999.0,999.0,999.0,999.0,,,,,,,,,,,,,,brandon powell
12260,Mason Fairchild,TE,,Active,,,,,1724802657142.0,,,999.0,999.0,999.0,999.0,,,,,,,,,,,,,,mason fairchild
12863,Andrew Armstrong,WR,KC,Active,,,,,1785769505169.0,SWR,,999.0,999.0,999.0,999.0,,,,,,,,,,,,,,andrew armstrong
12372,Vincent Blanchard,K,,Active,,,,,,,,999.0,999.0,999.0,999.0,,,,,,,,,,,,,,vincent blanchard
5133,Tyler Conklin,TE,DET,Active,,,,,1785991844519.0,TE,3.0,999.0,999.0,999.0,999.0,1.7,0.7,,,1.0,7.0,,,,,,,,tyler conklin
12852,Monaray Baldwin,WR,,Active,,,,,1754960113400.0,,,999.0,999.0,999.0,999.0,,,,,,,,,,,,,,monaray baldwin
13100,Eli Wilson,TE,,Active,,,,,1747083611550.0,,,999.0,999.0,999.0,999.0,,,,,,,,,,,,,,eli wilson
5734,C.J. Duncan,WR,,Active,,,,,,,,999.0,999.0,999.0,999.0,,,,,,,,,,,,,,c j duncan
6370,Damion Jeanpiere,WR,,Active,,,,,1596329712066.0,,,999.0,999.0,999.0,999.0,,,,,,,,,,,,,,damion jeanpiere
11140,Leonard Taylor,TE,,Inactive,,,,,1701817238481.0,,,999.0,999.0,999.0,999.0,,,,,,,,,,,,,,leonard taylor
11176,Khalan Laborn,RB,,Active,,,,,1692481807747.0,,,999.0,999.0,999.0,999.0,,,,,,,,,,,,,,khalan laborn
8221,Keaontay Ingram,RB,,Active,,,,,1773270050683.0,,,999.0,999.0,999.0,999.0,,,,,,,,,,,,,,keaontay ingram
8917,KaVontae Turpin,WR,DAL,Active,,,,,1785075610267.0,SWR,4.0,999.0,999.0,999.0,999.0,71.5,50.5,77.0,14.0,21.0,268.0,2.0,1.0,1.0,,,,,kavontae turpin
7885,Bailey Gaither,WR,,Active,,,,,1665435920234.0,,,999.0,999.0,999.0,999.0,,,,,,,,,,,,,,bailey gaither
12320,Treyton Pickering,TE,,Active,,,,,,,,999.0,999.0,999.0,999.0,,,,,,,,,,,,,,treyton pickering
11655,Tyrone Tracy,RB,NYG,Active,,,,,1786046750874.0,RB,2.0,145.3,109.5,131.4,154.4,111.3,90.3,528.0,124.0,21.0,155.0,1.0,1.0,3.0,,,,,tyrone tracy
3646,Quayvon Hicks,RB,,Active,,,,,,,,999.0,999.0,999.0,999.0,,,,,,,,,,,,,,quayvon hicks
12775,Max Brosmer,QB,MIN,Active,,,,,1784656806637.0,QB,4.0,999.0,999.0,999.0,999.0,,,,,,,,,,,,,,max brosmer
12901,Patrick Herbert,TE,JAX,Active,,,,,1768269625589.0,TE,,999.0,999.0,999.0,999.0,,,,,,,,,,,,,,patrick herbert
12291,Dakota Caton,WR,,Active,,,,,,,,999.0,999.0,999.0,999.0,,,,,,,,,,,,,,dakota caton
7901,Rico Bussey,WR,,Active,,,,,1652742644567.0,,,999.0,999.0,999.0,999.0,,,,,,,,,,,,,,rico bussey
2374,Tyler Lockett,WR,,Active,,,,,1767991860280.0,,,999.0,999.0,999.0,999.0,28.3,17.3,,,11.0,113.0,1.0,,,,,,,tyler lockett
6957,James Proche,WR,,Active,,,,,1780983937383.0,,,999.0,999.0,999.0,999.0,0.6,0.6,6.0,1.0,,,,,,,,,,james proche
3357,Brandon Allen,QB,NYG,Active,,,,,1780608036229.0,QB,3.0,999.0,999.0,999.0,999.0,,,,,,,,,,,,,,brandon allen
7573,Damon Hazelton,WR,,Active,,,,,1654032943764.0,,,999.0,999.0,999.0,999.0,,,,,,,,,,,,,,damon hazelton
6268,Matthew Wright,K,,Active,,,,,1767757517323.0,,,999.0,999.0,999.0,999.0,,,,,,,,,,,,,,matthew wright
10229,Rashee Rice,WR,KC,Active,,,,,1785950140956.0,SWR,1.0,22.7,34.2,23.0,44.0,229.3,141.3,29.0,6.0,88.0,964.0,7.0,1.0,,,,,,rashee rice
8881,Willie Johnson,WR,,Active,,,,,1681333242634.0,,,999.0,999.0,999.0,999.0,,,,,,,,,,,,,,willie johnson
7466,Nathan Cottrell,RB,,Active,,,,,1660695019345.0,,,999.0,999.0,999.0,999.0,,,,,,,,,,,,,,nathan cottrell
3050,Myles White,WR,NYJ,Active,,,,,,SWR,4.0,,,,,,,,,,,,,,,,,,myles white
1451,C.J. Anderson,RB,,Active,,,,,1600451741317.0,,,999.0,999.0,999.0,999.0,,,,,,,,,,,,,,c j anderson
7161,Shane Leatherbury,WR,,Active,,,,,1599693360002.0,,,999.0,999.0,999.0,999.0,,,,,,,,,,,,,,shane leatherbury
4208,Rodney Adams,WR,,Active,,,,,1678490140608.0,,,999.0,999.0,999.0,999.0,,,,,,,,,,,,,,rodney adams
12776,Connor Bazelak,QB,TB,Active,,,,,1772650834617.0,QB,3.0,999.0,999.0,999.0,999.0,,,,,,,,,,,,,,connor bazelak
JAX,Jaguars,DEF,JAX,,,,,,,,,177.2,170.1,170.1,201.2,91.0,91.0,,,,,,,,,,,,jaguars
6685,Jalen Greene,WR,,Active,,,,,,,,999.0,999.0,999.0,999.0,,,,,,,,,,,,,,jalen greene
6956,Devin Asiasi,TE,,Active,,,,,1724286037293.0,,,999.0,999.0,999.0,999.0,,,,,,,,,,,,,,devin asiasi
9226,De'Von Achane,RB,MIA,Active,,,,,1785350110759.0,RB,1.0,12.5,8.0,13.6,21.2,245.4,190.4,1040.0,212.0,55.0,424.0,2.0,2.0,6.0,,,,,de von achane
5536,Dontrell Hilliard,RB,,Inactive,,,,,1689597659895.0,,,999.0,999.0,999.0,999.0,,,,,,,,,,,,,,dontrell hilliard
9494,Marvin Mims,WR,DEN,Active,,,,,1786023948086.0,SWR,5.0,219.5,192.2,209.1,226.8,69.9,42.9,36.0,6.0,27.0,293.0,2.0,1.0,,,,,,marvin mims
5243,Detrich Clark,WR,,Active,,,,,1526151602109.0,,,999.0,999.0,999.0,999.0,,,,,,,,,,,,,,detrich clark
4362,Cethan Carter,TE,,Inactive,,,,,1678226112554.0,,,999.0,999.0,999.0,999.0,,,,,,,,,,,,,,cethan carter
4973,Hayden Hurst,TE,,Active,,,,,1773112536999.0,,,999.0,999.0,999.0,999.0,,,,,,,,,,,,,,hayden hurst
12905,John Copenhaver,TE,,Active,,,,,1756249521068.0,,,999.0,999.0,999.0,999.0,,,,,,,,,,,,,,john copenhaver
4535,Steven Wroblewski,TE,,Active,,,,,,,,999.0,999.0,999.0,999.0,,,,,,,,,,,,,,steven wroblewski
2382,Duke Johnson,RB,,Active,,,,,1714942559688.0,,,999.0,999.0,999.0,999.0,,,,,,,,,,,,,,duke johnson
11559,Michael Penix,QB,ATL,Active,Questionable,Knee - ACL,,Surgery,1785535534672.0,QB,2.0,227.9,230.6,229.5,150.4,108.38,108.38,67.0,20.0,,,,2.0,1.0,1567.0,10.0,5.0,221.0,michael penix
6878,Anthony McFarland,RB,,Active,,,,,1724971205181.0,,,999.0,999.0,999.0,999.0,,,,,,,,,,,,,,anthony mcfarland
7993,Trey Ragas,RB,,Active,,,,,1663877729210.0,,,999.0,999.0,999.0,999.0,,,,,,,,,,,,,,trey ragas
8184,D'Vonte Price,RB,,Inactive,,,,,1673920516567.0,,,999.0,999.0,999.0,999.0,,,,,,,,,,,,,,d vonte price
13279,Carnell Tate,WR,TEN,Active,,,,,1786026048501.0,LWR,1.0,62.9,60.8,62.5,74.2,190.3,119.3,11.0,2.0,71.0,882.0,5.0,,,,,,,carnell tate
4665,Eli Jenkins,QB,,Active,,,,,,,,999.0,999.0,999.0,999.0,,,,,,,,,,,,,,eli jenkins
4993,Mike Gesicki,TE,CIN,Active,,,,,1784742016429.0,TE,1.0,999.0,999.0,999.0,999.0,104.9,62.9,,,42.0,449.0,3.0,,,,,,,mike gesicki
LAR,Rams,DEF,LAR,,,,,,,,,115.5,110.1,120.5,140.1,106.0,106.0,,,,,,,,,,,,rams
12070,McCallan Castles,TE,GB,Active,,,,,1785915329069.0,TE,5.0,999.0,999.0,999.0,999.0,,,,,,,,,,,,,,mccallan castles
4613,Shaq Hill,WR,,Active,,,,,,,,999.0,999.0,999.0,999.0,,,,,,,,,,,,,,shaq hill
4367,Monty Madaris,WR,,Active,,,,,,,,999.0,999.0,999.0,999.0,,,,,,,,,,,,,,monty madaris
6394,Romell Guerrier,WR,,Inactive,,,,,1563637825629.0,,,999.0,999.0,999.0,999.0,,,,,,,,,,,,,,romell guerrier
12928,Amar Johnson,RB,LAC,Active,,,,,1752949810943.0,RB,7.0,999.0,999.0,999.0,999.0,,,,,,,,,,,,,,amar johnson
7848,Scooter Harrington,TE,,Active,,,,,1630472755798.0,,,999.0,999.0,999.0,999.0,,,,,,,,,,,,,,scooter harrington
12113,Thomas Yassmin,TE,GB,Active,,,,,1785270962912.0,TE,,999.0,999.0,999.0,999.0,,,,,,,,,,,,,,thomas yassmin
5248,Gus Edwards,RB,,Active,,,,,1741418752564.0,,,999.0,999.0,999.0,999.0,,,,,,,,,,,,,,gus edwards
11627,Troy Franklin,WR,DEN,Active,,,,,1785695755733.0,SWR,3.0,184.7,170.5,202.0,195.2,85.6,55.6,17.0,3.0,30.0,359.0,3.0,,,,,,,troy franklin
2755,Eric Tomlinson,TE,,Active,,,,,1734399610910.0,,,999.0,999.0,999.0,999.0,,,,,,,,,,,,,,eric tomlinson
7735,Cary Angeline,TE,,Active,,,,,1630299627810.0,,,999.0,999.0,999.0,999.0,,,,,,,,,,,,,,cary angeline
1273,Francis Owusu,WR,,Active,,,,,1543428932545.0,,,999.0,999.0,999.0,999.0,,,,,,,,,,,,,,francis owusu
5955,Hunter Renfrow,WR,,Active,,,,,1767903952195.0,,,999.0,999.0,999.0,999.0,,,,,,,,,,,,,,hunter renfrow
13403,Jam Miller,RB,NE,Active,,,,,1785771606268.0,RB,4.0,999.0,999.0,999.0,999.0,20.4,17.4,92.0,22.0,3.0,22.0,,,1.0,,,,,jam miller
2191,Marcus Lucas,WR,,Active,,,,,1567196155795.0,,,999.0,999.0,999.0,999.0,,,,,,,,,,,,,,marcus lucas
6493,Justin Johnson,TE,,Active,,,,,1603835754902.0,,,999.0,999.0,999.0,999.0,,,,,,,,,,,,,,justin johnson
1592,Darren Fells,TE,TB,Active,,,,,1641878430945.0,,,999.0,999.0,999.0,999.0,,,,,,,,,,,,,,darren fells
3868,Jalen Richard,RB,LV,Active,,,,,1659801014055.0,,,999.0,999.0,999.0,999.0,,,,,,,,,,,,,,jalen richard
5323,Equanimeous St. Brown,WR,,Inactive,Questionable,Foot,,,1755642044035.0,,,999.0,999.0,999.0,999.0,,,,,,,,,,,,,,equanimeous st brown
13151,Nick Kallerup,TE,SEA,Active,,,,,1767197424526.0,TE,4.0,999.0,999.0,999.0,999.0,,,,,,,,,,,,,,nick kallerup
5166,Da'Mari Scott,WR,,Inactive,,,,,1613166323683.0,,,999.0,999.0,999.0,999.0,,,,,,,,,,,,,,da mari scott
13287,Jeremiyah Love,RB,ARI,Active,,,,,1785949541117.0,RB,1.0,19.7,15.2,22.5,31.0,238.5,185.5,1003.0,230.0,53.0,392.0,2.0,1.0,6.0,,,,,jeremiyah love
13946,Jamal Haynes,RB,CIN,Active,,,,,1779560456621.0,RB,4.0,999.0,999.0,999.0,999.0,9.6,7.6,63.0,15.0,2.0,13.0,,,,,,,,jamal haynes
6982,Cheyenne O'Grady,TE,,Active,,,,,1629684648908.0,,,999.0,999.0,999.0,999.0,,,,,,,,,,,,,,cheyenne o grady
533,Colt McCoy,QB,,Active,,,,,1724134523043.0,,,999.0,999.0,999.0,999.0,,,,,,,,,,,,,,colt mccoy
13212,Cade McDonald,WR,,Active,,,,,1761088819324.0,,,999.0,999.0,999.0,999.0,,,,,,,,,,,,,,cade mcdonald
4641,Keeon Johnson,WR,,Active,,,,,1528127101362.0,,,999.0,999.0,999.0,999.0,,,,,,,,,,,,,,keeon johnson
1388,Tyler Eifert,TE,,Inactive,,,,,1614048614834.0,,,999.0,999.0,999.0,999.0,,,,,,,,,,,,,,tyler eifert
344,Julian Edelman,WR,,Injured Reserve,,,,,1621617329758.0,,,999.0,999.0,999.0,999.0,,,,,,,,,,,,,,julian edelman
13427,Diego Pavia,QB,,Active,,,,,1785009606442.0,,,999.0,999.0,999.0,999.0,12.52,12.52,22.0,4.0,,,,,,183.0,1.0,1.0,29.0,diego pavia
11654,Dante Miller,RB,NYG,Active,,,,,1767546301470.0,RB,6.0,999.0,999.0,999.0,999.0,,,,,,,,,,,,,,dante miller
4175,Chad Hansen,WR,,Active,,,,,1652710539836.0,,,999.0,999.0,999.0,999.0,,,,,,,,,,,,,,chad hansen
6108,Jacques Patrick,RB,,Active,,,,,1715643049222.0,,,999.0,999.0,999.0,999.0,,,,,,,,,,,,,,jacques patrick
13017,Hajj-Malik Williams,QB,,Active,,,,,,,,999.0,999.0,999.0,999.0,,,,,,,,,,,,,,hajj malik williams
13256,Roderick Daniels,WR,,Active,,,,,1756142103539.0,,,999.0,999.0,999.0,999.0,,,,,,,,,,,,,,roderick daniels
6869,Adam Trautman,TE,DEN,Active,,,,,1780438849629.0,TE,2.0,999.0,999.0,999.0,999.0,27.8,16.8,,,11.0,108.0,1.0,,,,,,,adam trautman
13830,Kyle Dixon,WR,NE,Active,,,,,1777906212099.0,SWR,,999.0,999.0,999.0,999.0,,,,,,,,,,,,,,kyle dixon
4480,Bobo Wilson,WR,,Active,,,,,1576091451231.0,,,999.0,999.0,999.0,999.0,,,,,,,,,,,,,,bobo wilson
13923,Joshua Pitsenberger,RB,HOU,Active,,,,,1778266540869.0,RB,,999.0,999.0,999.0,999.0,,,,,,,,,,,,,,joshua pitsenberger
6115,Wes Hills,RB,,Inactive,,,,,1599366358748.0,,,999.0,999.0,999.0,999.0,,,,,,,,,,,,,,wes hills
6234,Deonte Harty,WR,,Active,Questionable,Knee,,,1737565223020.0,,,999.0,999.0,999.0,999.0,,,,,,,,,,,,,,deonte harty
9509,Bijan Robinson,RB,ATL,Active,,,,,1785852317777.0,RB,1.0,1.8,1.2,1.9,2.4,324.9,260.9,1372.0,280.0,64.0,537.0,3.0,2.0,9.0,,,,,bijan robinson
7525,DeVonta Smith,WR,PHI,Active,Questionable,Hamstring,,,1786114814462.0,RWR,1.0,44.9,53.2,39.0,63.0,229.2,149.2,6.0,1.0,80.0,1066.0,7.0,,,,,,,devonta smith
12530,Travis Hunter,WR,JAX,Active,,,,,1785862219425.0,SWR,4.0,160.2,157.4,145.2,180.4,100.6,65.6,21.0,4.0,35.0,415.0,3.0,,,,,,,travis hunter
2918,Demetrius Wilson,WR,,Active,,,,,,,,999.0,999.0,999.0,999.0,,,,,,,,,,,,,,demetrius wilson
2573,DaVaris Daniels,WR,,Active,,,,,,,,999.0,999.0,999.0,999.0,,,,,,,,,,,,,,davaris daniels
11292,Tommy DeVito,QB,NE,Active,,,,,1779920431123.0,QB,2.0,999.0,999.0,999.0,999.0,12.38,12.38,13.0,4.0,,,,,,202.0,1.0,1.0,30.0,tommy devito
8433,Cade Brewer,TE,,Active,,,,,1661710807153.0,,,999.0,999.0,999.0,999.0,,,,,,,,,,,,,,cade brewer
12476,Devin Neal,RB,NO,Active,,,,,1785351611846.0,RB,4.0,211.9,168.5,268.2,220.1,31.9,24.9,160.0,39.0,7.0,49.0,,1.0,1.0,,,,,devin neal
8595,Kyric McGowan,WR,,Active,,,,,1724805657688.0,,,999.0,999.0,999.0,999.0,,,,,,,,,,,,,,kyric mcgowan
3894,Garrett Griffin,TE,,Active,,,,,1672118760320.0,,,999.0,999.0,999.0,999.0,,,,,,,,,,,,,,garrett griffin
12511,Will Howard,QB,PIT,Active,,,,,1784955059354.0,QB,4.0,999.0,999.0,999.0,240.9,22.5,22.5,21.0,5.0,,,,1.0,,410.0,2.0,2.0,64.0,will howard
8002,Shane Buechele,QB,BUF,Active,,,,,1770773156122.0,QB,2.0,999.0,999.0,999.0,999.0,,,,,,,,,,,,,,shane buechele
11554,Chase Cota,WR,,Active,,,,,,,,999.0,999.0,999.0,999.0,,,,,,,,,,,,,,chase cota
7540,Amari Rodgers,WR,,Active,,,,,1753175132416.0,,,999.0,999.0,999.0,999.0,,,,,,,,,,,,,,amari rodgers
8118,David Bell,WR,,Active,,,,,1760483739678.0,,,999.0,999.0,999.0,999.0,,,,,,,,,,,,,,david bell
13355,DJ Rogers,TE,DAL,Active,,,,,1777164625618.0,TE,,999.0,999.0,999.0,999.0,,,,,,,,,,,,,,dj rogers
4864,Jevoni Robinson,TE,,Inactive,,,,,1536796203715.0,,,999.0,999.0,999.0,999.0,,,,,,,,,,,,,,jevoni robinson
2632,Desmond Martin,RB,,Active,,,,,,,,999.0,999.0,999.0,999.0,,,,,,,,,,,,,,desmond martin
3343,Nate Sudfeld,QB,,Active,,,,,1755820825060.0,,,999.0,999.0,999.0,999.0,,,,,,,,,,,,,,nate sudfeld
6165,Antoine Wesley,WR,,Active,,,,,1693947337859.0,,,999.0,999.0,999.0,999.0,,,,,,,,,,,,,,antoine wesley
8207,Tyler Goodson,RB,ATL,Active,,,,,1780024825699.0,RB,3.0,999.0,999.0,999.0,999.0,4.8,2.8,13.0,3.0,2.0,15.0,,,,,,,,tyler goodson
8769,Josh Bist,TE,,Active,,,,,,,,999.0,999.0,999.0,999.0,,,,,,,,,,,,,,josh bist
11123,Tyler Hoosman,RB,,Active,,,,,1693356605507.0,,,999.0,999.0,999.0,999.0,,,,,,,,,,,,,,tyler hoosman
12490,Bhayshul Tuten,RB,JAX,Active,,,,,1785806710859.0,RB,1.0,60.4,43.6,54.1,71.2,174.8,142.8,794.0,184.0,32.0,234.0,1.0,1.0,6.0,,,,,bhayshul tuten
1945,Chris Boswell,K,PIT,Active,,,,,1779171617507.0,K,1.0,239.4,151.4,183.9,229.4,107.0,107.0,,,,,,,,,,,,chris boswell
13211,John Hoyland,K,,Active,,,,,1754212505140.0,,,999.0,999.0,999.0,999.0,,,,,,,,,,,,,,john hoyland
12478,Nick Nash,WR,WAS,Active,,,,,1767734414227.0,SWR,9.0,999.0,999.0,999.0,999.0,,,,,,,,,,,,,,nick nash
12457,Jaydon Blue,RB,DAL,Active,,,,,1785524433490.0,RB,3.0,236.6,188.8,217.2,246.4,44.9,37.9,210.0,50.0,7.0,49.0,,,2.0,,,,,jaydon blue
7578,Myron Mitchell,WR,,Active,,,,,1661792747411.0,,,999.0,999.0,999.0,999.0,,,,,,,,,,,,,,myron mitchell
7548,Tyler Vaughns,WR,,Active,,,,,1642544408184.0,,,999.0,999.0,999.0,999.0,,,,,,,,,,,,,,tyler vaughns
13859,Jalen Walthall,WR,NYJ,Inactive,IR,Undisclosed,,,1785546336580.0,,,999.0,999.0,999.0,999.0,,,,,,,,,,,,,,jalen walthall
12548,Lenny Krieg,K,,Active,,,,,1785555338607.0,,,999.0,999.0,999.0,999.0,6.0,6.0,,,,,,,,,,,,lenny krieg
4373,Stanley Williams,RB,,Active,,,,,,,,999.0,999.0,999.0,999.0,,,,,,,,,,,,,,stanley williams
3475,Keyarris Garrett,WR,,Active,,,,,,,,999.0,999.0,999.0,999.0,,,,,,,,,,,,,,keyarris garrett
6049,Tyre Brady,WR,,Active,,,,,1566570631867.0,,,999.0,999.0,999.0,999.0,,,,,,,,,,,,,,tyre brady
8212,Dustin Crum,QB,,Active,,,,,1661632857616.0,,,999.0,999.0,999.0,999.0,,,,,,,,,,,,,,dustin crum
4699,Kevin Snead,WR,,Active,,,,,,,,999.0,999.0,999.0,999.0,,,,,,,,,,,,,,kevin snead
12966,Moose Muhammad,WR,,Active,,,,,1752540925579.0,,,999.0,999.0,999.0,999.0,,,,,,,,,,,,,,moose muhammad
7039,Cody White,WR,SEA,Active,,,,,1781310033665.0,RWR,5.0,999.0,999.0,999.0,999.0,8.5,4.5,,,4.0,45.0,,,,,,,,cody white
2238,John Brown,WR,,Active,,,,,1673911215174.0,,,999.0,999.0,999.0,999.0,,,,,,,,,,,,,,john brown
6954,Cole McDonald,QB,,Inactive,,,,,1622144110561.0,,,999.0,999.0,999.0,999.0,,,,,,,,,,,,,,cole mcdonald
1992,Allen Robinson,WR,,Active,,,,,1737954031691.0,,,999.0,999.0,999.0,999.0,,,,,,,,,,,,,,allen robinson
2028,Derek Carr,QB,,Active,NA,Personal,,,1783810504992.0,,,999.0,999.0,999.0,999.0,27.18,27.18,13.0,4.0,,,,1.0,,447.0,3.0,2.0,66.0,derek carr
12168,Zach Mathis,WR,,Active,,,,,,,,999.0,999.0,999.0,999.0,,,,,,,,,,,,,,zach mathis
13113,Dante Wright,WR,,Inactive,,,,,,,,999.0,999.0,999.0,999.0,,,,,,,,,,,,,,dante wright
8438,Corey Sutton,WR,,Injured Reserve,,,,,1659385819756.0,,,999.0,999.0,999.0,999.0,,,,,,,,,,,,,,corey sutton
13001,Mario Williams,WR,LAR,Active,,,,,1768541417282.0,SWR,,999.0,999.0,999.0,999.0,,,,,,,,,,,,,,mario williams
6021,Nick Brossette,RB,,Active,,,,,1569357642679.0,,,999.0,999.0,999.0,999.0,,,,,,,,,,,,,,nick brossette
9512,DeWayne McBride,RB,,Active,,,,,1724999107702.0,,,999.0,999.0,999.0,999.0,,,,,,,,,,,,,,dewayne mcbride
2749,Raheem Mostert,RB,,Active,Questionable,Knee,,,1778970052337.0,,,999.0,999.0,999.0,999.0,12.5,7.5,42.0,10.0,5.0,33.0,,,,,,,,raheem mostert
8435,Kwamie Lassiter,WR,,Active,,,,,1724442614871.0,,,999.0,999.0,999.0,999.0,,,,,,,,,,,,,,kwamie lassiter
4358,Austin Duke,WR,,Active,,,,,1515534001591.0,,,999.0,999.0,999.0,999.0,,,,,,,,,,,,,,austin duke
8112,Drake London,WR,ATL,Active,,,,,1785421220074.0,LWR,1.0,14.1,19.1,15.5,18.6,250.2,160.2,6.0,1.0,90.0,1156.0,7.0,,,,,,,drake london
11632,Malik Nabers,WR,NYG,Active,Questionable,Knee - ACL,,Surgery,1786058406387.0,LWR,1.0,27.3,34.3,38.2,42.4,227.3,145.3,16.0,3.0,82.0,1057.0,6.0,,,,,,,malik nabers
4177,Mack Hollins,WR,NE,Active,,,,,1785208851629.0,RWR,5.0,999.0,999.0,999.0,999.0,59.9,38.9,6.0,1.0,21.0,263.0,2.0,,,,,,,mack hollins
12757,Hal Presley,WR,,Active,,,,,1778287842898.0,,,999.0,999.0,999.0,999.0,,,,,,,,,,,,,,hal presley
13850,Octavian Smith,WR,BAL,Active,,,,,1777667435655.0,SWR,,999.0,999.0,999.0,999.0,,,,,,,,,,,,,,octavian smith
13825,Malik McClain,WR,NYJ,Active,,,,,1778273741762.0,LWR,,999.0,999.0,999.0,999.0,,,,,,,,,,,,,,malik mcclain
6723,Vincent Testaverde,QB,,Active,,,,,1566687059129.0,,,999.0,999.0,999.0,999.0,,,,,,,,,,,,,,vincent testaverde
1854,Quincy Enunwa,WR,,Active,,,,,1596486905590.0,,,999.0,999.0,999.0,999.0,,,,,,,,,,,,,,quincy enunwa
5848,Marquise Brown,WR,PHI,Active,,,,,1785960040045.0,SWR,4.0,999.0,999.0,999.0,999.0,67.5,42.5,,,25.0,305.0,2.0,,,,,,,marquise brown
11169,Dresser Winn,QB,,Active,,,,,1756082751397.0,,,999.0,999.0,999.0,999.0,,,,,,,,,,,,,,dresser winn
8246,Bryant Koback,RB,,Inactive,,,,,1712697006614.0,,,999.0,999.0,999.0,999.0,,,,,,,,,,,,,,bryant koback
12824,Maddux Trujillo,K,,Active,,,,,1778696428711.0,,,999.0,999.0,999.0,999.0,,,,,,,,,,,,,,maddux trujillo
11371,Julian Hill,TE,NE,Inactive,IR,Knee,,,1780442450470.0,TE,4.0,999.0,999.0,999.0,999.0,5.6,2.6,,,3.0,26.0,,,,,,,,julian hill
8250,Tay Martin,WR,DET,Active,,,,,1781769316038.0,SWR,8.0,999.0,999.0,999.0,999.0,,,,,,,,,,,,,,tay martin
6598,Trenton Irwin,WR,SF,Active,,,,,1785544236312.0,SWR,9.0,999.0,999.0,999.0,999.0,,,,,,,,,,,,,,trenton irwin
12090,Corey Crooms,WR,,Active,,,,,1723153834723.0,,,999.0,999.0,999.0,999.0,,,,,,,,,,,,,,corey crooms
13662,Will Pauling,WR,SF,Active,,,,,1777377625006.0,SWR,,999.0,999.0,999.0,999.0,,,,,,,,,,,,,,will pauling
7101,Rodney Smith,RB,,Active,,,,,1641694858814.0,,,999.0,999.0,999.0,999.0,,,,,,,,,,,,,,rodney smith
12715,Thomas Fidone,TE,NYG,Active,,,,,1785289204488.0,TE,4.0,999.0,999.0,999.0,999.0,,,,,,,,,,,,,,thomas fidone
4650,Billy Brown,TE,,Active,,,,,1588110020009.0,,,999.0,999.0,999.0,999.0,,,,,,,,,,,,,,billy brown
13328,Anthony Hankerson,RB,MIA,Active,,,,,1778265040544.0,RB,,999.0,999.0,999.0,999.0,,,,,,,,,,,,,,anthony hankerson
10857,Stetson Bennett,QB,LAR,Active,,,,,1785435022654.0,QB,3.0,999.0,999.0,999.0,999.0,,,,,,,,,,,,,,stetson bennett
2733,Kasey Closs,WR,,Active,,,,,,,,999.0,999.0,999.0,999.0,,,,,,,,,,,,,,kasey closs
12312,Noah Rauschenberg,K,,Active,,,,,,,,999.0,999.0,999.0,999.0,,,,,,,,,,,,,,noah rauschenberg
9229,Anthony Richardson,QB,IND,Active,,,,,1786028748685.0,QB,2.0,999.0,999.0,999.0,182.2,21.32,21.32,46.0,8.0,,,,,1.0,193.0,1.0,1.0,28.0,anthony richardson
6770,Joe Burrow,QB,CIN,Active,,,,,1786043152095.0,QB,1.0,57.1,60.4,58.2,10.4,306.12,306.12,138.0,46.0,,,,3.0,2.0,4008.0,33.0,10.0,549.0,joe burrow
11624,Xavier Worthy,WR,KC,Active,Questionable,Shoulder,,,1785954641831.0,RWR,2.0,134.9,121.5,119.8,141.0,161.5,106.5,90.0,17.0,55.0,695.0,4.0,1.0,1.0,,,,,xavier worthy
11994,Kameron Johnson,WR,TB,Active,,,,,1782249623954.0,SWR,8.0,999.0,999.0,999.0,999.0,4.8,2.8,,,2.0,28.0,,,,,,,,kameron johnson
8624,Changa Hodge,WR,,Active,,,,,1652745344828.0,,,999.0,999.0,999.0,999.0,,,,,,,,,,,,,,changa hodge
7915,Landen Akers,WR,,Active,,,,,1661899852395.0,,,999.0,999.0,999.0,999.0,,,,,,,,,,,,,,landen akers
11543,Lachlan Pitts,TE,,Active,,,,,1693349110351.0,,,999.0,999.0,999.0,999.0,,,,,,,,,,,,,,lachlan pitts
13139,Taylor Morin,WR,,Active,,,,,1756233608746.0,,,999.0,999.0,999.0,999.0,,,,,,,,,,,,,,taylor morin
10227,Payne Durham,TE,TB,Active,,,,,1780442450327.0,TE,4.0,999.0,999.0,999.0,999.0,8.1,4.1,,,4.0,41.0,,,,,,,,payne durham
10214,Davis Allen,TE,LAR,Active,Questionable,Quadriceps,,,1785829816767.0,TE,4.0,999.0,999.0,999.0,999.0,5.9,2.9,,,3.0,29.0,,,,,,,,davis allen
8153,Isaiah Spiller,RB,,Active,,,,,1745616019609.0,,,999.0,999.0,999.0,999.0,,,,,,,,,,,,,,isaiah spiller
7308,Nick Bowers,TE,,Active,,,,,1693608328560.0,,,999.0,999.0,999.0,999.0,,,,,,,,,,,,,,nick bowers
5107,Jaylen Samuels,RB,,Active,,,,,1654044024482.0,,,999.0,999.0,999.0,999.0,,,,,,,,,,,,,,jaylen samuels
4179,Joshua Dobbs,QB,,Active,,,,,1774304734904.0,,,999.0,999.0,999.0,999.0,12.4,12.4,16.0,4.0,,,,,,195.0,1.0,1.0,31.0,joshua dobbs
13888,DeShawn Hanika,TE,,Active,,,,,,,,999.0,999.0,999.0,999.0,,,,,,,,,,,,,,deshawn hanika
11216,Holton Ahlers,QB,,Active,,,,,1697678440443.0,,,999.0,999.0,999.0,999.0,,,,,,,,,,,,,,holton ahlers
10866,Aidan O'Connell,QB,LV,Active,,,,,1779924031748.0,QB,3.0,999.0,999.0,999.0,999.0,,,,,,,,,,,,,,aidan o connell
4301,Josh Magee,WR,,Inactive,,,,,,,,999.0,999.0,999.0,999.0,,,,,,,,,,,,,,josh magee
6037,Brett Rypien,QB,,Active,,,,,1767546601327.0,,,999.0,999.0,999.0,999.0,,,,,,,,,,,,,,brett rypien
3859,Jalen Simmons,RB,,Active,,,,,1539882645710.0,,,999.0,999.0,999.0,999.0,,,,,,,,,,,,,,jalen simmons
12499,Elic Ayomanor,WR,TEN,Active,Questionable,Shoulder,,,1786039551327.0,LWR,4.0,199.8,184.8,244.1,210.0,56.7,36.7,,,20.0,247.0,2.0,,,,,,,elic ayomanor
9503,Jacob Copeland,WR,,Active,,,,,1724697044053.0,,,999.0,999.0,999.0,999.0,,,,,,,,,,,,,,jacob copeland
4775,David Olson,QB,,Inactive,,,,,,,,999.0,999.0,999.0,999.0,,,,,,,,,,,,,,david olson
4055,O.J. Howard,TE,,Active,,,,,1700520953976.0,,,999.0,999.0,999.0,999.0,,,,,,,,,,,,,,o j howard
6142,Caleb Wilson,TE,,Active,,,,,1640137230265.0,,,999.0,999.0,999.0,999.0,,,,,,,,,,,,,,caleb wilson
13013,Mark Redman,TE,LAR,Active,,,,,1769475635354.0,TE,,999.0,999.0,999.0,999.0,,,,,,,,,,,,,,mark redman
13967,Jimmy Kibble,WR,NE,Inactive,IR,Undisclosed,,,1785104413170.0,,,999.0,999.0,999.0,999.0,,,,,,,,,,,,,,jimmy kibble
11201,Blake Whiteheart,TE,CLE,Active,,,,,1780442450453.0,TE,3.0,999.0,999.0,999.0,999.0,4.4,2.4,,,2.0,24.0,,,,,,,,blake whiteheart
12528,Ajou Ajou,WR,,Active,,,,,1756263021976.0,,,999.0,999.0,999.0,999.0,,,,,,,,,,,,,,ajou ajou
12222,Joseph Scates,WR,,Active,,,,,1724613334114.0,,,999.0,999.0,999.0,999.0,,,,,,,,,,,,,,joseph scates
606,Joe Webb,QB,,Active,,,,,1621371024679.0,,,999.0,999.0,999.0,999.0,,,,,,,,,,,,,,joe webb
13595,Cash Jones,RB,ATL,Active,,,,,1779406242725.0,RB,,999.0,999.0,999.0,999.0,,,,,,,,,,,,,,cash jones
11299,Zavier Scott,RB,MIN,Active,,,,,1779294042553.0,RB,5.0,999.0,999.0,999.0,999.0,11.1,7.1,42.0,10.0,4.0,29.0,,,,,,,,zavier scott
11901,Kyle Sheets,WR,,Active,,,,,1724714746306.0,,,999.0,999.0,999.0,999.0,,,,,,,,,,,,,,kyle sheets
14068,Drew Biber,TE,GB,Active,,,,,1785882008741.0,,,999.0,999.0,999.0,999.0,,,,,,,,,,,,,,drew biber
9221,Jahmyr Gibbs,RB,DET,Active,Questionable,Back,,,1786053051674.0,RB,1.0,1.6,2.7,2.3,4.5,331.4,268.4,1251.0,255.0,63.0,533.0,3.0,1.0,12.0,,,,,jahmyr gibbs
3486,Chris Brown,WR,,Active,,,,,,,,999.0,999.0,999.0,999.0,,,,,,,,,,,,,,chris brown
964,Lance Kendricks,TE,,Active,,,,,1578156929198.0,,,999.0,999.0,999.0,999.0,,,,,,,,,,,,,,lance kendricks
8747,Roger Carter,TE,,Active,,,,,1678490440151.0,,,999.0,999.0,999.0,999.0,,,,,,,,,,,,,,roger carter
13779,Al-Jay Henderson,RB,,Active,,,,,,,,999.0,999.0,999.0,999.0,,,,,,,,,,,,,,al jay henderson
7983,Collin Hill,QB,,Inactive,,,,,,,,999.0,999.0,999.0,999.0,,,,,,,,,,,,,,collin hill
455,Michael Crabtree,WR,,Active,,,,,1569278135566.0,,,999.0,999.0,999.0,999.0,,,,,,,,,,,,,,michael crabtree
8690,Jake Herslow,WR,,Active,,,,,1652627134082.0,,,999.0,999.0,999.0,999.0,,,,,,,,,,,,,,jake herslow
6895,Quintez Cephus,WR,,Active,,,,,1758730509063.0,,,999.0,999.0,999.0,999.0,,,,,,,,,,,,,,quintez cephus
11380,Johnny Lumpkin,TE,,Active,,,,,1756217407027.0,,,999.0,999.0,999.0,999.0,,,,,,,,,,,,,,johnny lumpkin
3163,Jared Goff,QB,DET,Active,,,,,1784837113989.0,QB,1.0,122.0,132.9,125.8,65.1,283.46,283.46,53.0,29.0,,,,3.0,1.0,4104.0,30.0,10.0,533.0,jared goff
12891,Jordan Bly,WR,,Active,,,,,1755903634389.0,,,999.0,999.0,999.0,999.0,,,,,,,,,,,,,,jordan bly
8858,Keshunn Abram,WR,,Active,,,,,1660603504698.0,,,999.0,999.0,999.0,999.0,,,,,,,,,,,,,,keshunn abram
7951,B.J. Emmons,RB,,Active,,,,,1660600803553.0,,,999.0,999.0,999.0,999.0,,,,,,,,,,,,,,b j emmons
12151,Julian Hicks,WR,,Active,,,,,1767735914167.0,,,999.0,999.0,999.0,999.0,,,,,,,,,,,,,,julian hicks
4832,Andrew Price,TE,,Active,,,,,,,,999.0,999.0,999.0,999.0,,,,,,,,,,,,,,andrew price
13240,Toa Taua,RB,,Active,,,,,1755802823061.0,,,999.0,999.0,999.0,999.0,,,,,,,,,,,,,,toa taua
3770,Quenton Bundrage,WR,,Active,,,,,,,,999.0,999.0,999.0,999.0,,,,,,,,,,,,,,quenton bundrage
4039,Cooper Kupp,WR,SEA,Active,,,,,1785164718119.0,SWR,3.0,235.2,206.4,224.8,245.5,86.4,54.4,,,32.0,364.0,3.0,,,,,,,cooper kupp
3688,Tra Carson,RB,,Active,,,,,1588001757701.0,,,999.0,999.0,999.0,999.0,,,,,,,,,,,,,,tra carson
7462,Stephen Guidry,WR,,Active,,,,,1626744655453.0,,,999.0,999.0,999.0,999.0,,,,,,,,,,,,,,stephen guidry
11410,Braxton Burmeister,WR,,Active,,,,,1693255549842.0,,,999.0,999.0,999.0,999.0,,,,,,,,,,,,,,braxton burmeister
7610,Trey Lance,QB,LAC,Active,,,,,1779916830515.0,QB,2.0,999.0,999.0,999.0,999.0,14.62,14.62,43.0,8.0,,,,,,183.0,1.0,1.0,29.0,trey lance
4777,De'Chavon Hayes,RB,,Active,,,,,,,,999.0,999.0,999.0,999.0,,,,,,,,,,,,,,de chavon hayes
6846,Hunter Bryant,TE,,Active,,,,,1651122316624.0,,,999.0,999.0,999.0,999.0,,,,,,,,,,,,,,hunter bryant
12483,Jack Bech,WR,LV,Active,,,,,1786041050079.0,LWR,3.0,238.2,207.7,226.8,248.9,89.2,54.2,10.0,1.0,35.0,412.0,2.0,,,,,,,jack bech
6223,Juwann Winfree,WR,,Inactive,,,,,1756746653550.0,,,999.0,999.0,999.0,999.0,,,,,,,,,,,,,,juwann winfree
13849,Cortez Braham,WR,BAL,Active,,,,,1777666234829.0,SWR,,999.0,999.0,999.0,999.0,,,,,,,,,,,,,,cortez braham
12800,Oscar Cardenas,TE,,Active,,,,,1756167906012.0,,,999.0,999.0,999.0,999.0,,,,,,,,,,,,,,oscar cardenas
12013,Jaden Shirden,RB,,Active,,,,,1724780752864.0,,,999.0,999.0,999.0,999.0,,,,,,,,,,,,,,jaden shirden
5885,Ryan Finley,QB,,Inactive,,,,,1621883129876.0,,,999.0,999.0,999.0,999.0,,,,,,,,,,,,,,ryan finley
NO,Saints,DEF,NO,,,,,,,,,244.6,240.2,240.2,270.0,77.0,77.0,,,,,,,,,,,,saints
13313,Emmanuel Henderson,WR,SEA,Active,,,,,1777584057382.0,SWR,8.0,999.0,999.0,999.0,999.0,,,,,,,,,,,,,,emmanuel henderson
7568,Brevin Jordan,TE,HOU,Active,,,,,1785289802771.0,TE,5.0,999.0,999.0,999.0,999.0,6.1,2.1,,,4.0,21.0,,,,,,,,brevin jordan
13776,Hank Beatty,WR,TEN,Active,,,,,1777593325811.0,SWR,,999.0,999.0,999.0,999.0,,,,,,,,,,,,,,hank beatty
14041,Anderson Castle,RB,IND,Active,,,,,1779139214071.0,RB,,999.0,999.0,999.0,999.0,,,,,,,,,,,,,,anderson castle
2578,John Harris,WR,,Active,,,,,,,,999.0,999.0,999.0,999.0,,,,,,,,,,,,,,john harris
5985,Foster Moreau,TE,HOU,Active,,,,,1780442450020.0,TE,4.0,999.0,999.0,999.0,999.0,9.8,4.8,,,5.0,48.0,,,,,,,,foster moreau
11158,Jalen Sample,WR,,Active,,,,,1692552316999.0,,,999.0,999.0,999.0,999.0,,,,,,,,,,,,,,jalen sample
3340,Jerell Adams,TE,,Active,,,,,1630347336031.0,,,999.0,999.0,999.0,999.0,,,,,,,,,,,,,,jerell adams
2819,Mike Meyer,K,,Active,,,,,1510693201668.0,,,999.0,999.0,999.0,999.0,,,,,,,,,,,,,,mike meyer
5425,John Diarse,WR,,Active,,,,,,,,999.0,999.0,999.0,999.0,,,,,,,,,,,,,,john diarse
13410,Chase Roberts,WR,LV,Active,,,,,1777606527128.0,SWR,6.0,999.0,999.0,999.0,999.0,6.6,3.6,,,3.0,36.0,,,,,,,,chase roberts
4463,Tyler McCloskey,RB,,Active,,,,,,,,999.0,999.0,999.0,999.0,,,,,,,,,,,,,,tyler mccloskey
11601,Trey Knox,TE,,Active,,,,,1725315945686.0,,,999.0,999.0,999.0,999.0,,,,,,,,,,,,,,trey knox
14040,Terrill Davis,WR,MIN,Active,,,,,1778802936472.0,SWR,,999.0,999.0,999.0,999.0,,,,,,,,,,,,,,terrill davis
GB,Packers,DEF,GB,,,,,,,,,203.4,199.5,199.5,230.5,86.0,86.0,,,,,,,,,,,,packers
12953,Jalen White,RB,,Active,,,,,1759853149217.0,,,999.0,999.0,999.0,999.0,,,,,,,,,,,,,,jalen white
7563,Javian Hawkins,RB,,Active,,,,,1651692013321.0,,,999.0,999.0,999.0,999.0,,,,,,,,,,,,,,javian hawkins
13429,Seydou Traore,TE,MIA,Active,,,,,1780641041514.0,TE,4.0,999.0,999.0,999.0,999.0,8.0,4.0,,,4.0,40.0,,,,,,,,seydou traore
7503,Connor Davis,TE,,Active,,,,,1658798745042.0,,,999.0,999.0,999.0,999.0,,,,,,,,,,,,,,connor davis
8190,Abram Smith,RB,,Active,,,,,1693249549283.0,,,999.0,999.0,999.0,999.0,,,,,,,,,,,,,,abram smith
13904,Jacob De Jesus,WR,KC,Active,,,,,1777668335826.0,SWR,,999.0,999.0,999.0,999.0,,,,,,,,,,,,,,jacob de jesus
5162,Reggie Bonnafon,RB,,Active,,,,,1673327111943.0,,,999.0,999.0,999.0,999.0,,,,,,,,,,,,,,reggie bonnafon
536,Antonio Brown,WR,,Active,,,,,1762467001689.0,,,999.0,999.0,999.0,999.0,,,,,,,,,,,,,,antonio brown
7989,DJ Turner,WR,HOU,Active,IR,Undisclosed,,,1785916829212.0,,7.0,999.0,999.0,999.0,999.0,,,,,,,,,,,,,,dj turner
3702,Andy Jones,WR,NYG,Inactive,,,,,1628571344765.0,,,,,,,,,,,,,,,,,,,,andy jones
23,Jason Witten,TE,,Injured Reserve,,,,,1611786015933.0,,,999.0,999.0,999.0,999.0,,,,,,,,,,,,,,jason witten
4622,Keelan Cole,WR,,Active,,,,,1704767440438.0,,,999.0,999.0,999.0,999.0,,,,,,,,,,,,,,keelan cole
3041,Ross Travis,TE,,Active,,,,,1641940857759.0,,,999.0,999.0,999.0,999.0,,,,,,,,,,,,,,ross travis
10234,Derius Davis,WR,LAC,Active,,,,,1782253224110.0,SWR,6.0,999.0,999.0,999.0,999.0,-0.9,-0.9,11.0,2.0,,,,1.0,,,,,,derius davis
818,Bilal Powell,RB,,Active,,,,,1651004101377.0,,,999.0,999.0,999.0,999.0,,,,,,,,,,,,,,bilal powell
7414,Johnathon Johnson,WR,,Active,,,,,1599693359978.0,,,999.0,999.0,999.0,999.0,,,,,,,,,,,,,,johnathon johnson
7531,Feleipe Franks,TE,CAR,Active,,,,,1774205754255.0,TE,5.0,999.0,999.0,999.0,999.0,1.9,0.9,2.0,1.0,1.0,7.0,,,,,,,,feleipe franks
11204,Duece Watts,WR,,Active,,,,,1724799357115.0,,,999.0,999.0,999.0,999.0,,,,,,,,,,,,,,duece watts
13426,Sawyer Robertson,QB,,Active,,,,,1777464032635.0,,,999.0,999.0,999.0,999.0,,,,,,,,,,,,,,sawyer robertson
11975,Jordan Terrell,RB,,Active,,,,,,,,999.0,999.0,999.0,999.0,,,,,,,,,,,,,,jordan terrell
147,DeSean Jackson,WR,,Active,,,,,1701277256442.0,,,999.0,999.0,999.0,999.0,,,,,,,,,,,,,,desean jackson
7237,Scotty Washington,WR,,Active,,,,,1762304125016.0,,,999.0,999.0,999.0,999.0,,,,,,,,,,,,,,scotty washington
7949,Trevon Grimes,WR,,Inactive,,,,,1624426803708.0,,,999.0,999.0,999.0,999.0,,,,,,,,,,,,,,trevon grimes
7978,Tre Walker,WR,,Inactive,,,,,1622064605734.0,,,999.0,999.0,999.0,999.0,,,,,,,,,,,,,,tre walker
4605,Evan Baylis,TE,,Active,,,,,1630077921162.0,,,999.0,999.0,999.0,999.0,,,,,,,,,,,,,,evan baylis
7370,JoJo Ward,WR,,Active,,,,,1629517257304.0,,,999.0,999.0,999.0,999.0,,,,,,,,,,,,,,jojo ward
11786,Cam Little,K,JAX,Active,,,,,1785471026185.0,K,1.0,201.0,153.4,156.6,204.0,112.0,112.0,,,,,,,,,,,,cam little
574,Dez Bryant,WR,,Inactive,,,,,1614139521661.0,,,999.0,999.0,999.0,999.0,,,,,,,,,,,,,,dez bryant
8247,Gerrit Prince,TE,,Active,,,,,1753154130139.0,,,999.0,999.0,999.0,999.0,,,,,,,,,,,,,,gerrit prince
7541,Cornell Powell,WR,,Active,,,,,1764708054988.0,,,999.0,999.0,999.0,999.0,,,,,,,,,,,,,,cornell powell
4408,Terrell Newby,RB,,Active,,,,,,,,999.0,999.0,999.0,999.0,,,,,,,,,,,,,,terrell newby
5233,Marcus Baugh,TE,,Active,,,,,1630186857480.0,,,999.0,999.0,999.0,999.0,,,,,,,,,,,,,,marcus baugh
8148,Jameson Williams,WR,DET,Active,,,,,1785597343036.0,RWR,2.0,51.6,52.6,52.2,60.9,206.2,146.2,44.0,8.0,60.0,998.0,7.0,,,,,,,jameson williams
10444,Cedric Tillman,WR,CLE,Active,,,,,1783433122235.0,LWR,4.0,999.0,999.0,999.0,999.0,6.6,3.6,,,3.0,36.0,,,,,,,,cedric tillman
7090,Darnell Mooney,WR,NYG,Active,,,,,1784993402679.0,RWR,2.0,221.1,194.4,210.3,229.7,58.6,39.6,3.0,1.0,19.0,273.0,2.0,,,,,,,darnell mooney
2200,Timothy Flanders,RB,,Active,,,,,,,,999.0,999.0,999.0,999.0,,,,,,,,,,,,,,timothy flanders
1144,Cole Beasley,WR,,Inactive,,,,,1697814958307.0,,,999.0,999.0,999.0,999.0,,,,,,,,,,,,,,cole beasley
13085,Kole Taylor,TE,,Active,,,,,1753995041393.0,,,999.0,999.0,999.0,999.0,,,,,,,,,,,,,,kole taylor
6539,Devontae Jackson,RB,,Active,,,,,1567273204866.0,,,999.0,999.0,999.0,999.0,,,,,,,,,,,,,,devontae jackson
1825,Jarvis Landry,WR,,Inactive,,,,,1722603619578.0,,,999.0,999.0,999.0,999.0,,,,,,,,,,,,,,jarvis landry
6203,Valentine Holmes,RB,,Active,,,,,1574455216616.0,,,999.0,999.0,999.0,999.0,,,,,,,,,,,,,,valentine holmes
6238,Tyree Mayfield,TE,,Active,,,,,1567191654559.0,,,999.0,999.0,999.0,999.0,,,,,,,,,,,,,,tyree mayfield
6677,Joe Forson,WR,KC,Practice Squad,NA,,,,,SWR,3.0,,,,,,,,,,,,,,,,,,joe forson
7612,Dee Eskridge,WR,,Active,,,,,1785391217649.0,,,999.0,999.0,999.0,999.0,4.9,2.9,6.0,1.0,2.0,23.0,,,,,,,,dee eskridge
8040,Quinn Nordin,K,,Active,,,,,1676499054007.0,,,999.0,999.0,999.0,999.0,,,,,,,,,,,,,,quinn nordin
4217,George Kittle,TE,SF,Active,PUP,Achilles,,Surgery,1785005703725.0,TE,1.0,97.4,99.2,99.2,121.1,169.3,107.3,,,62.0,713.0,6.0,,,,,,,george kittle
12100,Chris Autman-Bell,WR,,Active,,,,,,,,999.0,999.0,999.0,999.0,,,,,,,,,,,,,,chris autman bell
3319,Trevor Davis,WR,,Active,,,,,1630459853865.0,,,999.0,999.0,999.0,999.0,,,,,,,,,,,,,,trevor davis
12480,Moliki Matavao,TE,NO,Active,,,,,1781220048089.0,TE,5.0,999.0,999.0,999.0,999.0,,,,,,,,,,,,,,moliki matavao
4283,Khalfani Muhammad,RB,,Active,,,,,1628464549814.0,,,999.0,999.0,999.0,999.0,,,,,,,,,,,,,,khalfani muhammad
8215,Austin Allen,TE,,Active,,,,,,,,999.0,999.0,999.0,999.0,,,,,,,,,,,,,,austin allen
4955,Ronald Jones,RB,,Active,,,,,,,,999.0,999.0,999.0,999.0,,,,,,,,,,,,,,ronald jones
7529,Gary Brightwell,RB,CIN,Active,,,,,1780611637230.0,RB,5.0,999.0,999.0,999.0,999.0,,,,,,,,,,,,,,gary brightwell
11628,Marvin Harrison,WR,ARI,Active,,,,,1785285602333.0,LWR,1.0,75.8,82.6,76.9,103.1,186.2,124.2,,,62.0,882.0,6.0,,,,,,,marvin harrison
8061,Jake Hausmann,TE,,Active,,,,,1661891450930.0,,,999.0,999.0,999.0,999.0,,,,,,,,,,,,,,jake hausmann
10210,Cameron Latu,TE,PHI,Active,,,,,1770920707786.0,TE,6.0,999.0,999.0,999.0,999.0,4.0,2.0,,,2.0,20.0,,,,,,,,cameron latu
2306,Jameis Winston,QB,NYG,Active,,,,,1780095941477.0,QB,2.0,999.0,999.0,999.0,295.8,12.86,12.86,13.0,3.0,,,,,,214.0,1.0,1.0,32.0,jameis winston
4924,Zach Terrell,QB,BAL,Active,,,,,,,,999.0,999.0,999.0,999.0,,,,,,,,,,,,,,zach terrell
13032,Marshall Lang,TE,MIN,Active,,,,,1781654126486.0,TE,,999.0,999.0,999.0,999.0,,,,,,,,,,,,,,marshall lang
1479,Keenan Allen,WR,,Active,,,,,1785245456753.0,,,233.2,204.9,222.7,243.3,95.0,57.0,,,38.0,390.0,3.0,,,,,,,keenan allen
5699,Matt Fleming,WR,,Active,,,,,1532646901698.0,,,999.0,999.0,999.0,999.0,,,,,,,,,,,,,,matt fleming
3258,Nick Vannett,TE,SEA,Active,,,,,1784927758313.0,TE,3.0,999.0,999.0,999.0,999.0,,,,,,,,,,,,,,nick vannett
6164,Kahale Warring,TE,,Active,,,,,1659139541005.0,,,999.0,999.0,999.0,999.0,,,,,,,,,,,,,,kahale warring
184,Adrian Peterson,RB,,Active,,,,,1684937110078.0,,,999.0,999.0,999.0,999.0,,,,,,,,,,,,,,adrian peterson
2587,Dres Anderson,WR,,Active,,,,,1534359014078.0,,,999.0,999.0,999.0,999.0,,,,,,,,,,,,,,dres anderson
5547,Ryan Smith,TE,,Active,,,,,,,,999.0,999.0,999.0,999.0,,,,,,,,,,,,,,ryan smith
5549,Darrel Williams,RB,,Active,,,,,1693414209959.0,,,999.0,999.0,999.0,999.0,,,,,,,,,,,,,,darrel williams
7211,Zimari Manning,WR,,Active,,,,,1599693359862.0,,,999.0,999.0,999.0,999.0,,,,,,,,,,,,,,zimari manning
3410,Jake Coker,QB,,Active,,,,,,,,999.0,999.0,999.0,999.0,,,,,,,,,,,,,,jake coker
1264,Justin Tucker,K,,Active,,,,,1785456025482.0,,,999.0,999.0,999.0,999.0,,,,,,,,,,,,,,justin tucker
11556,Devin Leary,QB,,Active,,,,,1756286723949.0,,,999.0,999.0,999.0,999.0,,,,,,,,,,,,,,devin leary
12188,Justin Strong,RB,,Active,,,,,,,,999.0,999.0,999.0,999.0,,,,,,,,,,,,,,justin strong
973,Anthony Sherman,RB,,Injured Reserve,,,,,1614900324211.0,,,999.0,999.0,999.0,999.0,,,,,,,,,,,,,,anthony sherman
4381,Taysom Hill,TE,,Active,,,,,1785807911113.0,,,999.0,999.0,999.0,999.0,9.5,5.5,20.0,5.0,4.0,35.0,,,,,,,,taysom hill
12477,Kurtis Rourke,QB,SF,Active,,,,,1778196303586.0,QB,4.0,999.0,999.0,999.0,999.0,,,,,,,,,,,,,,kurtis rourke
4169,Jehu Chesson,WR,,Inactive,,,,,1599341157695.0,,,999.0,999.0,999.0,999.0,,,,,,,,,,,,,,jehu chesson
7899,Isaiah McKoy,WR,,Active,,,,,1638821156018.0,,,999.0,999.0,999.0,999.0,,,,,,,,,,,,,,isaiah mckoy
7204,Reggie Gilliam,RB,NE,Active,,,,,1781216403641.0,RB,6.0,999.0,999.0,999.0,999.0,,,,,,,,,,,,,,reggie gilliam
5117,Jordan Thomas,TE,,Active,,,,,1724619334893.0,,,999.0,999.0,999.0,999.0,,,,,,,,,,,,,,jordan thomas
7454,Travis Jonsen,WR,,Active,,,,,1695770738075.0,,,999.0,999.0,999.0,999.0,,,,,,,,,,,,,,travis jonsen
1793,Trey Burton,TE,,Inactive,,,,,1632505524632.0,,,999.0,999.0,999.0,999.0,,,,,,,,,,,,,,trey burton
8741,Jamal Pettigrew,TE,,Active,,,,,1660674656733.0,,,999.0,999.0,999.0,999.0,,,,,,,,,,,,,,jamal pettigrew
4962,Sony Michel,RB,,Active,,,,,1690752644603.0,,,999.0,999.0,999.0,999.0,,,,,,,,,,,,,,sony michel
13394,Josh Cameron,WR,JAX,Active,,,,,1781878212392.0,RWR,7.0,999.0,999.0,999.0,999.0,59.6,38.6,22.0,4.0,21.0,244.0,2.0,,,,,,,josh cameron
6167,Jordan Scarlett,RB,MIA,Inactive,,,,,1640749804791.0,,,999.0,999.0,999.0,999.0,,,,,,,,,,,,,,jordan scarlett
11595,Jared Wiley,TE,KC,Active,,,,,1781220047811.0,TE,4.0,999.0,999.0,999.0,999.0,,,,,,,,,,,,,,jared wiley
12531,Trevor Etienne,RB,CAR,Active,,,,,1786075210292.0,RB,4.0,999.0,999.0,999.0,999.0,31.1,26.1,164.0,40.0,5.0,37.0,,,1.0,,,,,trevor etienne
4790,Robert Wheelwright,WR,,Active,,,,,,,,999.0,999.0,999.0,999.0,,,,,,,,,,,,,,robert wheelwright
5123,Trenton Cannon,RB,,Inactive,,,,,1733445628925.0,,,999.0,999.0,999.0,999.0,,,,,,,,,,,,,,trenton cannon
4183,Nathan Peterman,QB,,Active,,,,,1725412557476.0,,,999.0,999.0,999.0,999.0,,,,,,,,,,,,,,nathan peterman
5264,Blake Mack,TE,,Active,,,,,,,,999.0,999.0,999.0,999.0,,,,,,,,,,,,,,blake mack
7320,Dalton Schoen,WR,,Active,,,,,1640752205100.0,,,999.0,999.0,999.0,999.0,,,,,,,,,,,,,,dalton schoen
8238,Emeka Emezie,WR,,Inactive,,,,,,,,999.0,999.0,999.0,999.0,,,,,,,,,,,,,,emeka emezie
7335,Bryce Perkins,QB,,Active,,,,,1756166706057.0,,,999.0,999.0,999.0,999.0,,,,,,,,,,,,,,bryce perkins
8420,Jack Sorenson,WR,,Active,,,,,1661205009220.0,,,999.0,999.0,999.0,999.0,,,,,,,,,,,,,,jack sorenson
4221,Jeremy Sprinkle,TE,,Inactive,,,,,1661550011761.0,,,999.0,999.0,999.0,999.0,,,,,,,,,,,,,,jeremy sprinkle
6554,Shawn Poindexter,WR,,Inactive,,,,,1632272151939.0,,,999.0,999.0,999.0,999.0,,,,,,,,,,,,,,shawn poindexter
4531,Ricky Seals-Jones,TE,,Inactive,,,,,1694048448889.0,,,999.0,999.0,999.0,999.0,,,,,,,,,,,,,,ricky seals jones
6963,Patrick Taylor,RB,SF,Active,,,,,1781216403609.0,RB,6.0,999.0,999.0,999.0,999.0,,,,,,,,,,,,,,patrick taylor
4676,Darreus Rogers,WR,,Active,,,,,1507754701637.0,,,999.0,999.0,999.0,999.0,,,,,,,,,,,,,,darreus rogers
8057,Kenji Bahar,QB,,Active,,,,,1640735703130.0,,,999.0,999.0,999.0,999.0,,,,,,,,,,,,,,kenji bahar
5101,Deon Cain,WR,,Active,,,,,1756250720592.0,,,999.0,999.0,999.0,999.0,,,,,,,,,,,,,,deon cain
12431,Rory Starkey,WR,,Active,,,,,1723242953629.0,,,999.0,999.0,999.0,999.0,,,,,,,,,,,,,,rory starkey
13705,Ty Pezza,TE,BAL,Active,,,,,,TE,,999.0,999.0,999.0,999.0,,,,,,,,,,,,,,ty pezza
12973,DJ Thomas-Jones,TE,,Active,,,,,1755055848581.0,,,999.0,999.0,999.0,999.0,,,,,,,,,,,,,,dj thomas jones
1619,Demetrius Harris,TE,,Active,,,,,1642115712088.0,,,999.0,999.0,999.0,999.0,,,,,,,,,,,,,,demetrius harris
13545,Trey Smack,K,GB,Active,,,,,1785531334704.0,K,1.0,353.2,330.0,351.1,363.2,70.0,70.0,,,,,,,,,,,,trey smack
13117,Qualan Jones,RB,,Inactive,,,,,,,,999.0,999.0,999.0,999.0,,,,,,,,,,,,,,qualan jones
4839,Mitch Leidner,QB,,Active,,,,,,,,999.0,999.0,999.0,999.0,,,,,,,,,,,,,,mitch leidner
11808,Jha'Quan Jackson,WR,HOU,Active,,,,,1779822618764.0,SWR,8.0,999.0,999.0,999.0,999.0,,,,,,,,,,,,,,jha quan jackson
4831,Justice Liggins,WR,,Active,,,,,1547612131589.0,,,999.0,999.0,999.0,999.0,,,,,,,,,,,,,,justice liggins
12539,Arian Smith,WR,NYJ,Active,,,,,1781310034279.0,RWR,6.0,999.0,999.0,999.0,999.0,7.1,4.1,6.0,1.0,3.0,35.0,,,,,,,,arian smith
7357,Dan Chisena,WR,CAR,Inactive,IR,Undisclosed,,,1785360612731.0,,8.0,999.0,999.0,999.0,999.0,,,,,,,,,,,,,,dan chisena
8568,John Lovett,RB,,Active,,,,,1692124217376.0,,,999.0,999.0,999.0,999.0,,,,,,,,,,,,,,john lovett
12281,Dimitri Stanley,WR,,Active,,,,,1724801757478.0,,,999.0,999.0,999.0,999.0,,,,,,,,,,,,,,dimitri stanley
6843,Albert Okwuegbunam,TE,LV,Active,,,,,1781220047124.0,TE,4.0,999.0,999.0,999.0,999.0,,,,,,,,,,,,,,albert okwuegbunam
11136,Oliver Martin,WR,,Active,,,,,1693437618770.0,,,999.0,999.0,999.0,999.0,,,,,,,,,,,,,,oliver martin
6898,Anthony Gordon,QB,,Active,,,,,1652217931742.0,,,999.0,999.0,999.0,999.0,,,,,,,,,,,,,,anthony gordon
12777,Joaquin Davis,WR,PIT,Active,,,,,1781219747227.0,SWR,,999.0,999.0,999.0,999.0,,,,,,,,,,,,,,joaquin davis
8864,Ben Beise,TE,,Active,,,,,1660607704569.0,,,999.0,999.0,999.0,999.0,,,,,,,,,,,,,,ben beise
14039,Mante Morrow,WR,LAC,Active,,,,,1779807018789.0,SWR,,999.0,999.0,999.0,999.0,,,,,,,,,,,,,,mante morrow
3660,Valdez Showers,WR,,Active,,,,,,,,999.0,999.0,999.0,999.0,,,,,,,,,,,,,,valdez showers
5009,Chris Herndon,TE,,Active,,,,,1661288432368.0,,,999.0,999.0,999.0,999.0,,,,,,,,,,,,,,chris herndon
3606,Amir Carlisle,WR,,Active,,,,,,,,999.0,999.0,999.0,999.0,,,,,,,,,,,,,,amir carlisle
6147,Clayton Thorson,QB,NYG,Active,,,,,1641678956950.0,,,999.0,999.0,999.0,999.0,,,,,,,,,,,,,,clayton thorson
7789,Jalen Camp,WR,,Active,,,,,1723010719908.0,,,999.0,999.0,999.0,999.0,,,,,,,,,,,,,,jalen camp
8749,Tyreik McAllister,RB,,Active,,,,,1747078535363.0,,,999.0,999.0,999.0,999.0,,,,,,,,,,,,,,tyreik mcallister
14008,Rodney Hammond,RB,DEN,Active,,,,,,,,999.0,999.0,999.0,999.0,,,,,,,,,,,,,,rodney hammond
13275,Ty Simpson,QB,LAR,Active,,,,,1785597943075.0,QB,2.0,241.8,243.2,242.1,120.2,13.62,13.62,19.0,5.0,,,,,,218.0,1.0,1.0,32.0,ty simpson
7087,Jonathan Ward,RB,,Active,,,,,1764695734226.0,,,999.0,999.0,999.0,999.0,,,,,,,,,,,,,,jonathan ward
12969,Lan Larison,RB,NE,Active,,,,,1785970241491.0,RB,5.0,999.0,999.0,999.0,999.0,,,,,,,,,,,,,,lan larison
8423,Brittain Brown,RB,CHI,Active,,,,,1780608036597.0,RB,4.0,999.0,999.0,999.0,999.0,,,,,,,,,,,,,,brittain brown
10865,Travis Dye,RB,,Active,,,,,1693411209262.0,,,999.0,999.0,999.0,999.0,,,,,,,,,,,,,,travis dye
12815,Stevo Klotz,TE,,Active,,,,,1756258521626.0,,,999.0,999.0,999.0,999.0,,,,,,,,,,,,,,stevo klotz
4309,Scott Orndoff,TE,,Active,,,,,1576543226959.0,,,999.0,999.0,999.0,999.0,,,,,,,,,,,,,,scott orndoff
11653,Charlie Smyth,K,NO,Active,,,,,1784064034329.0,K,1.0,269.0,242.0,267.0,291.0,93.0,93.0,,,,,,,,,,,,charlie smyth
8183,Brock Purdy,QB,SF,Active,,,,,1785603343722.0,QB,1.0,103.5,106.2,105.8,36.2,303.2,303.2,242.0,64.0,,,,3.0,3.0,3900.0,30.0,13.0,494.0,brock purdy
13920,Jonathan Brady,WR,,Active,,,,,1785391818263.0,,,999.0,999.0,999.0,999.0,,,,,,,,,,,,,,jonathan brady
12080,Aidan Robbins,RB,,Active,,,,,1735662922556.0,,,999.0,999.0,999.0,999.0,,,,,,,,,,,,,,aidan robbins
14067,Jeff Weimer,WR,KC,Active,,,,,1785801011089.0,,,999.0,999.0,999.0,999.0,,,,,,,,,,,,,,jeff weimer
14037,Rashad Rochelle,WR,SEA,Active,,,,,1779807018776.0,SWR,,999.0,999.0,999.0,999.0,,,,,,,,,,,,,,rashad rochelle
12007,Nathaniel Peat,RB,,Active,,,,,1724773853165.0,,,999.0,999.0,999.0,999.0,,,,,,,,,,,,,,nathaniel peat
7084,Jake Luton,QB,,Active,,,,,1733859609021.0,,,999.0,999.0,999.0,999.0,,,,,,,,,,,,,,jake luton
11133,Jaray Jenkins,WR,,Active,,,,,1728942915697.0,,,999.0,999.0,999.0,999.0,,,,,,,,,,,,,,jaray jenkins
7201,Nick Vogel,K,,Active,,,,,1595893229566.0,,,999.0,999.0,999.0,999.0,,,,,,,,,,,,,,nick vogel
8055,Brian Johnson,K,,Active,,,,,1655147435697.0,,,999.0,999.0,999.0,999.0,,,,,,,,,,,,,,brian johnson
13320,Zachariah Branch,WR,ATL,Active,,,,,1786108812304.0,SWR,2.0,180.4,185.1,198.3,212.8,100.6,63.6,,,37.0,456.0,3.0,,,,,,,zachariah branch
1234,Russell Wilson,QB,,Active,,,,,1780529759960.0,,,999.0,999.0,999.0,999.0,,,,,,,,,,,,,,russell wilson
2900,Terrence Franks,RB,,Active,,,,,,,,999.0,999.0,999.0,999.0,,,,,,,,,,,,,,terrence franks
12541,Dont'e Thornton,WR,LV,Active,,,,,1781921436400.0,LWR,4.0,999.0,999.0,999.0,999.0,29.4,19.4,,,10.0,134.0,1.0,,,,,,,dont e thornton
2913,Gavin Lutman,WR,,Active,,,,,,,,999.0,999.0,999.0,999.0,,,,,,,,,,,,,,gavin lutman
12306,La'Damian Webb,RB,,Active,,,,,,,,999.0,999.0,999.0,999.0,,,,,,,,,,,,,,la damian webb
11491,Austin Aune,QB,,Active,,,,,1686955533956.0,,,999.0,999.0,999.0,999.0,,,,,,,,,,,,,,austin aune
12732,Dominic Lovett,WR,DET,Active,,,,,1765394760152.0,SWR,7.0,999.0,999.0,999.0,999.0,,,,,,,,,,,,,,dominic lovett
12296,Kaylon Horton,WR,,Active,,,,,,,,999.0,999.0,999.0,999.0,,,,,,,,,,,,,,kaylon horton
13781,Ken Seals,QB,,Active,,,,,,,,999.0,999.0,999.0,999.0,,,,,,,,,,,,,,ken seals
7891,Brock Wright,TE,DET,Active,,,,,1785517232782.0,TE,2.0,999.0,999.0,999.0,999.0,27.3,16.3,,,11.0,103.0,1.0,,,,,,,brock wright
7996,Dillon Stoner,WR,,Inactive,,,,,1673921116541.0,,,999.0,999.0,999.0,999.0,,,,,,,,,,,,,,dillon stoner
13269,Fernando Mendoza,QB,LV,Active,,,,,1785768305146.0,QB,1.0,169.5,188.5,170.2,39.5,212.16,212.16,234.0,53.0,,,,3.0,2.0,2894.0,19.0,11.0,434.0,fernando mendoza
1338,Matt Barkley,QB,,Active,,,,,1703628021049.0,,,999.0,999.0,999.0,999.0,,,,,,,,,,,,,,matt barkley
13420,Bryce Lance,WR,NO,Active,,,,,1784742316480.0,LWR,5.0,999.0,999.0,999.0,999.0,38.7,23.7,,,15.0,177.0,1.0,,,,,,,bryce lance
8634,Chris Pierce,TE,,Active,,,,,1715378144995.0,,,999.0,999.0,999.0,999.0,,,,,,,,,,,,,,chris pierce
4187,Brian Hill,RB,,Active,,,,,1693851654132.0,,,999.0,999.0,999.0,999.0,,,,,,,,,,,,,,brian hill
11593,Brevyn Spann-Ford,TE,DAL,Active,,,,,1784767205726.0,TE,4.0,999.0,999.0,999.0,999.0,29.4,17.4,,,12.0,114.0,1.0,,,,,,,brevyn spann ford
2279,Paul Richardson,WR,,Active,,,,,1599357357141.0,,,999.0,999.0,999.0,999.0,,,,,,,,,,,,,,paul richardson
12512,Quinshon Judkins,RB,CLE,Active,,,,,1785520232777.0,RB,1.0,55.0,44.8,49.6,77.3,196.0,164.0,1012.0,244.0,32.0,228.0,1.0,1.0,6.0,,,,,quinshon judkins
1476,Latavius Murray,RB,,Active,,,,,1753988440500.0,,,999.0,999.0,999.0,999.0,,,,,,,,,,,,,,latavius murray
5080,Damion Ratley,WR,,Active,,,,,1640738103677.0,,,999.0,999.0,999.0,999.0,,,,,,,,,,,,,,damion ratley
12634,Jordan Watkins,WR,SF,Active,,,,,1782249624099.0,SWR,8.0,999.0,999.0,999.0,999.0,2.4,1.4,,,1.0,14.0,,,,,,,,jordan watkins
6625,Clayton Hatfield,K,,Active,,,,,,,,999.0,999.0,999.0,999.0,,,,,,,,,,,,,,clayton hatfield
8884,JJ Howland,TE,,Active,,,,,1663105209998.0,,,999.0,999.0,999.0,999.0,,,,,,,,,,,,,,jj howland
12107,Dylan Leonard,TE,,Active,,,,,1732583146998.0,,,999.0,999.0,999.0,999.0,,,,,,,,,,,,,,dylan leonard
4151,Jake Butt,TE,,Injured Reserve,,,,,1627528547561.0,,,999.0,999.0,999.0,999.0,,,,,,,,,,,,,,jake butt
13124,Jeremiah Webb,WR,NE,Inactive,IR,Arm,,,1785104414293.0,LWR,,999.0,999.0,999.0,999.0,,,,,,,,,,,,,,jeremiah webb
5195,Akrum Wadley,RB,,Active,,,,,1535847008044.0,,,999.0,999.0,999.0,999.0,,,,,,,,,,,,,,akrum wadley
1110,T.Y. Hilton,WR,,Active,,,,,1773880546292.0,,,999.0,999.0,999.0,999.0,,,,,,,,,,,,,,t y hilton
5710,Nick Holley,WR,,Active,,,,,,,,999.0,999.0,999.0,999.0,,,,,,,,,,,,,,nick holley
7565,Terrace Marshall,WR,MIA,Active,,,,,1770243326277.0,LWR,8.0,999.0,999.0,999.0,999.0,,,,,,,,,,,,,,terrace marshall
11374,James Blackman,QB,,Active,,,,,1693255850055.0,,,999.0,999.0,999.0,999.0,,,,,,,,,,,,,,james blackman
11257,Shedrick Jackson,WR,LV,Active,,,,,1770860102890.0,RWR,8.0,999.0,999.0,999.0,999.0,,,,,,,,,,,,,,shedrick jackson
7103,Tavien Feaster,RB,ARI,Active,,,,,1640840438408.0,,,999.0,999.0,999.0,999.0,,,,,,,,,,,,,,tavien feaster
8589,Marcus Santos-Silva,TE,,Active,,,,,1661258431820.0,,,999.0,999.0,999.0,999.0,,,,,,,,,,,,,,marcus santos silva
1352,Robert Woods,WR,,Active,NA,Undisclosed,,,1771372535235.0,,,999.0,999.0,999.0,999.0,,,,,,,,,,,,,,robert woods
4930,Franko House,TE,CHI,Active,,,,,,,,999.0,999.0,999.0,999.0,,,,,,,,,,,,,,franko house
8419,Stanley Berryhill,WR,,Active,,,,,1696370132496.0,,,999.0,999.0,999.0,999.0,,,,,,,,,,,,,,stanley berryhill
7005,Scottie Phillips,RB,,Active,,,,,1662427838616.0,,,999.0,999.0,999.0,999.0,,,,,,,,,,,,,,scottie phillips
13405,Kaytron Allen,RB,WAS,Active,,,,,1785872407292.0,RB,5.0,181.2,156.6,180.8,206.7,45.9,37.9,220.0,53.0,8.0,59.0,,1.0,2.0,,,,,kaytron allen
6144,Trayveon Williams,RB,,Active,,,,,1767615308147.0,,,999.0,999.0,999.0,999.0,,,,,,,,,,,,,,trayveon williams
3542,DeAndre Reaves,WR,,Active,,,,,,,,999.0,999.0,999.0,999.0,,,,,,,,,,,,,,deandre reaves
3495,Mike Bercovici,QB,,Active,,,,,1512070802706.0,,,999.0,999.0,999.0,999.0,,,,,,,,,,,,,,mike bercovici
8181,Connor Heyward,TE,LV,Active,,,,,1780611637341.0,RB,3.0,999.0,999.0,999.0,999.0,14.7,10.7,14.0,7.0,4.0,33.0,,,1.0,,,,,connor heyward
11385,Brian Walker,TE,,Active,,,,,1686694206782.0,,,999.0,999.0,999.0,999.0,,,,,,,,,,,,,,brian walker
6334,Damarea Crockett,RB,,Active,,,,,1692284428650.0,,,999.0,999.0,999.0,999.0,,,,,,,,,,,,,,damarea crockett
13166,Kisean Johnson,WR,,Active,,,,,1767736214271.0,,,999.0,999.0,999.0,999.0,,,,,,,,,,,,,,kisean johnson
10230,Jalen Wayne,WR,,Active,,,,,1726001753612.0,,,999.0,999.0,999.0,999.0,,,,,,,,,,,,,,jalen wayne
6951,Eno Benjamin,RB,,Active,,,,,1724113219604.0,,,999.0,999.0,999.0,999.0,,,,,,,,,,,,,,eno benjamin
13810,Rohan Jones,TE,LAR,Active,,,,,1777442130844.0,TE,,999.0,999.0,999.0,999.0,,,,,,,,,,,,,,rohan jones
4335,P.J. Walker,QB,,Active,,,,,1777590654502.0,,,999.0,999.0,999.0,999.0,,,,,,,,,,,,,,p j walker
4392,Malcolm Lewis,WR,,Active,,,,,1515030301634.0,,,999.0,999.0,999.0,999.0,,,,,,,,,,,,,,malcolm lewis
11472,Alfonzo Graham,RB,,Inactive,,,,,1712267430973.0,,,999.0,999.0,999.0,999.0,,,,,,,,,,,,,,alfonzo graham
6919,Thaddeus Moss,TE,,Active,,,,,1662395742683.0,,,999.0,999.0,999.0,999.0,,,,,,,,,,,,,,thaddeus moss
8151,Kenneth Walker,RB,KC,Active,,,,,1785469226090.0,RB,1.0,22.9,22.7,20.6,27.4,244.0,207.0,1158.0,259.0,37.0,272.0,2.0,1.0,9.0,,,,,kenneth walker
13773,Isaiah Jacobs,RB,,Active,,,,,,,,999.0,999.0,999.0,999.0,,,,,,,,,,,,,,isaiah jacobs
10236,Dalton Kincaid,TE,BUF,Active,,,,,1785778207698.0,TE,1.0,97.1,81.1,97.5,102.8,163.6,97.6,,,66.0,736.0,4.0,,,,,,,dalton kincaid
2078,Odell Beckham,WR,NYG,Active,,,,,1785962740377.0,LWR,5.0,999.0,999.0,999.0,999.0,28.0,18.0,,,10.0,120.0,1.0,,,,,,,odell beckham
12003,Gunnar Watson,QB,,Active,,,,,,,,999.0,999.0,999.0,999.0,,,,,,,,,,,,,,gunnar watson
12383,John Jiles,WR,,Active,Questionable,Undisclosed,,,1777331719938.0,,,999.0,999.0,999.0,999.0,,,,,,,,,,,,,,john jiles
12352,Jeremy Moussa,QB,,Active,,,,,,,,999.0,999.0,999.0,999.0,,,,,,,,,,,,,,jeremy moussa
4752,Fred Brown,WR,,Active,,,,,1630457453654.0,,,999.0,999.0,999.0,999.0,,,,,,,,,,,,,,fred brown
12062,Cam Grandy,TE,CIN,Active,,,,,1767658508601.0,TE,6.0,999.0,999.0,999.0,999.0,,,,,,,,,,,,,,cam grandy
11247,Mac Hippenhammer,WR,,Active,,,,,1693405507955.0,,,999.0,999.0,999.0,999.0,,,,,,,,,,,,,,mac hippenhammer
4338,Levern Jacobs,WR,,Inactive,,,,,,,,999.0,999.0,999.0,999.0,,,,,,,,,,,,,,levern jacobs
12462,Damien Martinez,RB,GB,Active,,,,,1780024826255.0,RB,5.0,999.0,999.0,999.0,999.0,7.5,5.5,41.0,10.0,2.0,14.0,,,,,,,,damien martinez
6487,Charles Scarff,TE,,Inactive,,,,,1598920530072.0,,,999.0,999.0,999.0,999.0,,,,,,,,,,,,,,charles scarff
12893,Nate McCollum,WR,,Active,,,,,1756168206688.0,,,999.0,999.0,999.0,999.0,,,,,,,,,,,,,,nate mccollum
5295,De'Mornay Pierson-El,WR,,Active,,,,,1640187028484.0,,,999.0,999.0,999.0,999.0,,,,,,,,,,,,,,de mornay pierson el
4485,William Stanback,RB,,Active,,,,,1598218512756.0,,,999.0,999.0,999.0,999.0,,,,,,,,,,,,,,william stanback
3732,Richard Mullaney,WR,,Active,,,,,,,,999.0,999.0,999.0,999.0,,,,,,,,,,,,,,richard mullaney
8026,Landon Rice,TE,,Inactive,,,,,,,,999.0,999.0,999.0,999.0,,,,,,,,,,,,,,landon rice
6089,Daniel Helm,TE,,Active,,,,,1693093515325.0,,,999.0,999.0,999.0,999.0,,,,,,,,,,,,,,daniel helm
7547,Amon-Ra St. Brown,WR,DET,Active,,,,,1785693655414.0,SWR,1.0,8.1,16.8,8.2,16.3,280.5,174.5,16.0,3.0,106.0,1249.0,8.0,1.0,,,,,,amon ra st brown
11900,Jacob Kibodi,RB,,Active,,,,,1736215507942.0,,,999.0,999.0,999.0,999.0,,,,,,,,,,,,,,jacob kibodi
8413,Chris Oladokun,QB,KC,Active,,,,,1780608036596.0,QB,3.0,999.0,999.0,999.0,999.0,,,,,,,,,,,,,,chris oladokun
11474,Dylan Drummond,WR,ATL,Active,,,,,1767892851047.0,RWR,4.0,999.0,999.0,999.0,999.0,,,,,,,,,,,,,,dylan drummond
13063,Darius Lassiter,WR,,Active,,,,,1756250720634.0,,,999.0,999.0,999.0,999.0,,,,,,,,,,,,,,darius lassiter
3504,Steven Scheu,TE,,Active,,,,,,,,999.0,999.0,999.0,999.0,,,,,,,,,,,,,,steven scheu
8928,Daylen Baldwin,WR,,Active,,,,,1724715646741.0,,,999.0,999.0,999.0,999.0,,,,,,,,,,,,,,daylen baldwin
12834,Jimmy Bell,TE,,Active,,,,,,,,999.0,999.0,999.0,999.0,,,,,,,,,,,,,,jimmy bell
8105,Brayden Lenius,TE,,Active,,,,,1659040231348.0,,,999.0,999.0,999.0,999.0,,,,,,,,,,,,,,brayden lenius
5751,Austin Roberts,TE,,Active,,,,,1557447911603.0,,,999.0,999.0,999.0,999.0,,,,,,,,,,,,,,austin roberts
7009,Trishton Jackson,WR,,Inactive,,,,,1767135319997.0,,,999.0,999.0,999.0,999.0,,,,,,,,,,,,,,trishton jackson
4409,Josiah Price,TE,,Active,,,,,1552510855731.0,,,999.0,999.0,999.0,999.0,,,,,,,,,,,,,,josiah price
6364,Papi White,WR,,Active,,,,,1602033936172.0,,,999.0,999.0,999.0,999.0,,,,,,,,,,,,,,papi white
13413,Cyrus Allen,WR,KC,Active,,,,,1786116628667.0,SWR,5.0,999.0,999.0,999.0,999.0,37.2,23.2,,,14.0,172.0,1.0,,,,,,,cyrus allen
6059,Travis Fulgham,WR,,Active,,,,,1663872951482.0,,,999.0,999.0,999.0,999.0,,,,,,,,,,,,,,travis fulgham
12829,Coleman Owen,WR,IND,Active,,,,,1767643506170.0,SWR,,999.0,999.0,999.0,999.0,,,,,,,,,,,,,,coleman owen
13677,Noah Short,WR,,Active,,,,,1778532343643.0,,,999.0,999.0,999.0,999.0,,,,,,,,,,,,,,noah short
8828,Michael Young,WR,,Active,,,,,1668554755317.0,,,999.0,999.0,999.0,999.0,,,,,,,,,,,,,,michael young
12773,DJ Uiagalelei,QB,LAC,Active,,,,,1768360259109.0,QB,3.0,999.0,999.0,999.0,999.0,,,,,,,,,,,,,,dj uiagalelei
7176,Caleb Repp,TE,,Active,,,,,1596396917521.0,,,999.0,999.0,999.0,999.0,,,,,,,,,,,,,,caleb repp
2206,Logan Kilgore,QB,,Active,,,,,,,,999.0,999.0,999.0,999.0,,,,,,,,,,,,,,logan kilgore
12718,Konata Mumpfield,WR,LAR,Active,,,,,1777573224836.0,LWR,4.0,999.0,999.0,999.0,999.0,41.7,25.7,,,16.0,197.0,1.0,,,,,,,konata mumpfield
9481,Luke Musgrave,TE,GB,Active,PUP,Undisclosed,,,1785354311466.0,TE,2.0,999.0,999.0,999.0,999.0,40.6,23.6,,,17.0,176.0,1.0,,,,,,,luke musgrave
11213,Camren McDonald,TE,,Active,,,,,1693254649931.0,,,999.0,999.0,999.0,999.0,,,,,,,,,,,,,,camren mcdonald
13419,Jaydn Ott,RB,KC,Active,,,,,1779294042885.0,RB,5.0,999.0,999.0,999.0,999.0,11.2,8.2,63.0,15.0,3.0,19.0,,,,,,,,jaydn ott
5224,Taj Williams,WR,,Active,,,,,1534818323418.0,,,999.0,999.0,999.0,999.0,,,,,,,,,,,,,,taj williams
4600,Noel Thomas,WR,,Active,,,,,,,,999.0,999.0,999.0,999.0,,,,,,,,,,,,,,noel thomas
5131,Justin Jackson,RB,,Active,,,,,1691693422249.0,,,999.0,999.0,999.0,999.0,,,,,,,,,,,,,,justin jackson
12939,Anthony Tyus,RB,CAR,Active,,,,,1769061344113.0,RB,,999.0,999.0,999.0,999.0,,,,,,,,,,,,,,anthony tyus
11548,Aaron Dykes,RB,,Active,,,,,1693347010221.0,,,999.0,999.0,999.0,999.0,,,,,,,,,,,,,,aaron dykes
4326,Bug Howard,TE,,Inactive,,,,,1661950556448.0,,,999.0,999.0,999.0,999.0,,,,,,,,,,,,,,bug howard
7109,Malcolm Perry,WR,,Active,,,,,1658593523911.0,,,999.0,999.0,999.0,999.0,,,,,,,,,,,,,,malcolm perry
12226,Lorenzo Lingard,RB,,Active,,,,,1724610933543.0,,,999.0,999.0,999.0,999.0,,,,,,,,,,,,,,lorenzo lingard
8129,Dameon Pierce,RB,PHI,Active,,,,,1778602851886.0,RB,4.0,999.0,999.0,999.0,999.0,21.8,18.8,106.0,25.0,3.0,22.0,,,1.0,,,,,dameon pierce
3467,Taylor Bertolet,K,,Inactive,,,,,1674522320550.0,,,999.0,999.0,999.0,999.0,,,,,,,,,,,,,,taylor bertolet
5272,Greg Joseph,K,,Active,,,,,1764720625268.0,,,999.0,999.0,999.0,999.0,,,,,,,,,,,,,,greg joseph
8685,John Mitchell,TE,,Active,,,,,1652627434414.0,,,999.0,999.0,999.0,999.0,,,,,,,,,,,,,,john mitchell
13281,Jordyn Tyson,WR,NO,Active,,,,,1785591642178.0,RWR,2.0,69.0,69.8,71.6,86.9,178.6,112.6,10.0,2.0,66.0,816.0,5.0,,,,,,,jordyn tyson
8437,Thomas Hennigan,WR,,Active,,,,,1679433321840.0,,,999.0,999.0,999.0,999.0,,,,,,,,,,,,,,thomas hennigan
6595,Devlin Hodges,QB,,Active,,,,,1650857451003.0,,,999.0,999.0,999.0,999.0,,,,,,,,,,,,,,devlin hodges
8173,ZaQuandre White,RB,,Active,,,,,1666041635061.0,,,999.0,999.0,999.0,999.0,,,,,,,,,,,,,,zaquandre white
8243,DeAndre Torrey,RB,,Active,,,,,1661288732015.0,,,999.0,999.0,999.0,999.0,,,,,,,,,,,,,,deandre torrey
11581,MarShawn Lloyd,RB,GB,Active,,,,,1786058706848.0,RB,3.0,999.0,999.0,999.0,999.0,51.8,44.8,281.0,68.0,7.0,47.0,,,2.0,,,,,marshawn lloyd
13303,Cade Klubnik,QB,NYJ,Active,,,,,1785375914332.0,QB,2.0,999.0,999.0,999.0,275.6,24.0,24.0,20.0,5.0,,,,,,400.0,2.0,2.0,61.0,cade klubnik
559,Tim Tebow,TE,,Inactive,,,,,1629216944801.0,,,999.0,999.0,999.0,999.0,,,,,,,,,,,,,,tim tebow
5754,Jaeden Graham,TE,,Inactive,,,,,1662176716765.0,,,999.0,999.0,999.0,999.0,,,,,,,,,,,,,,jaeden graham
8201,Jack Coan,QB,,Active,,,,,1661793046960.0,,,999.0,999.0,999.0,999.0,,,,,,,,,,,,,,jack coan
13962,Cameron Dorner,WR,NE,Active,,,,,1778286643226.0,SWR,,999.0,999.0,999.0,999.0,,,,,,,,,,,,,,cameron dorner
5032,Jordan Akins,TE,,Active,,,,,1760396425347.0,,,999.0,999.0,999.0,999.0,,,,,,,,,,,,,,jordan akins
4080,Zay Jones,WR,,Active,,,,,1785201650832.0,,,999.0,999.0,999.0,999.0,,,,,,,,,,,,,,zay jones
4147,Samaje Perine,RB,CIN,Active,,,,,1784988002368.0,RB,2.0,999.0,999.0,999.0,999.0,57.6,45.6,251.0,60.0,12.0,85.0,,,2.0,,,,,samaje perine
5837,Redford Jones,K,,Active,,,,,1557100507499.0,,,999.0,999.0,999.0,999.0,,,,,,,,,,,,,,redford jones
14058,Malick Meiga,WR,CAR,Active,,,,,1780954832521.0,SWR,,999.0,999.0,999.0,999.0,,,,,,,,,,,,,,malick meiga
4997,Mark Walton,RB,,Active,,,,,1589386810022.0,,,999.0,999.0,999.0,999.0,,,,,,,,,,,,,,mark walton
3418,Mekale McKay,WR,,Active,,,,,1555509960789.0,,,999.0,999.0,999.0,999.0,,,,,,,,,,,,,,mekale mckay
4728,Bart Houston,QB,,Active,,,,,,,,999.0,999.0,999.0,999.0,,,,,,,,,,,,,,bart houston
11312,T.J. Luther,WR,,Active,,,,,1756168206686.0,,,999.0,999.0,999.0,999.0,,,,,,,,,,,,,,t j luther
12538,Brady Cook,QB,NYJ,Active,,,,,1779995442109.0,QB,3.0,999.0,999.0,999.0,999.0,,,,,,,,,,,,,,brady cook
4050,Cyril Grayson,WR,,Active,,,,,1668546607394.0,,,999.0,999.0,999.0,999.0,,,,,,,,,,,,,,cyril grayson
13010,Jordan Waters,RB,LAR,Active,,,,,1770342314438.0,RB,,999.0,999.0,999.0,999.0,,,,,,,,,,,,,,jordan waters
7720,Kene Nwangwu,RB,NYJ,Active,,,,,1780024825593.0,RB,5.0,999.0,999.0,999.0,999.0,,,,,,,,,,,,,,kene nwangwu
11867,Jaelen Gill,WR,,Active,,,,,1753236022605.0,,,999.0,999.0,999.0,999.0,,,,,,,,,,,,,,jaelen gill
8416,Jalen Virgil,WR,,Active,Questionable,Undisclosed,,,1785448824297.0,,,999.0,999.0,999.0,999.0,,,,,,,,,,,,,,jalen virgil
8621,Garrett Walston,TE,,Active,,,,,1652811948193.0,,,999.0,999.0,999.0,999.0,,,,,,,,,,,,,,garrett walston
5126,Austin Proehl,WR,,Active,,,,,1660857954849.0,,,999.0,999.0,999.0,999.0,,,,,,,,,,,,,,austin proehl
13193,Ketron Jackson,WR,,Active,,,,,1756174206697.0,,,999.0,999.0,999.0,999.0,,,,,,,,,,,,,,ketron jackson
13726,Camden Brown,WR,DAL,Active,,,,,1777665034401.0,SWR,,999.0,999.0,999.0,999.0,,,,,,,,,,,,,,camden brown
6973,J.J. Taylor,RB,,Active,,,,,1755706513537.0,,,999.0,999.0,999.0,999.0,,,,,,,,,,,,,,j j taylor
5548,Elijah Marks,WR,,Active,,,,,1532652601533.0,,,999.0,999.0,999.0,999.0,,,,,,,,,,,,,,elijah marks
6585,Tony Brooks-James,RB,,Active,,,,,1630193758813.0,,,999.0,999.0,999.0,999.0,,,,,,,,,,,,,,tony brooks james
12536,Jaylin Noel,WR,HOU,Active,Questionable,Finger,,,1786111812909.0,SWR,4.0,213.7,190.1,204.7,222.4,82.9,51.9,37.0,7.0,31.0,362.0,2.0,,,,,,,jaylin noel
12314,Beau Corrales,WR,,Active,,,,,,,,999.0,999.0,999.0,999.0,,,,,,,,,,,,,,beau corrales
10223,Eric Gray,RB,NYG,Active,,,,,1780024825899.0,RB,5.0,999.0,999.0,999.0,999.0,,,,,,,,,,,,,,eric gray
7597,Kenny Yeboah,TE,ARI,Active,Questionable,Hamstring,,,1786069808808.0,TE,5.0,999.0,999.0,999.0,999.0,,,,,,,,,,,,,,kenny yeboah
12492,Pat Bryant,WR,DEN,Active,,,,,1785893409197.0,SWR,4.0,222.5,171.6,206.0,196.1,96.4,61.4,9.0,2.0,35.0,425.0,3.0,,,,,,,pat bryant
7287,Josh Hammond,WR,,Active,,,,,1693321503489.0,,,999.0,999.0,999.0,999.0,,,,,,,,,,,,,,josh hammond
6826,Cole Kmet,TE,CHI,Active,,,,,1785206751253.0,TE,2.0,999.0,999.0,999.0,999.0,79.7,45.7,,,34.0,337.0,2.0,,,,,,,cole kmet
6161,L.J. Scott,RB,,Active,,,,,1557968110365.0,,,999.0,999.0,999.0,999.0,,,,,,,,,,,,,,l j scott
12134,Sam Wiglusz,WR,,Active,,,,,1730401824719.0,,,999.0,999.0,999.0,999.0,,,,,,,,,,,,,,sam wiglusz
5250,Robert Foster,WR,,Active,,,,,1671135604607.0,,,999.0,999.0,999.0,999.0,,,,,,,,,,,,,,robert foster
12526,Tetairoa McMillan,WR,CAR,Active,,,,,1784912155607.0,LWR,1.0,37.3,37.5,37.2,47.2,223.0,146.0,6.0,1.0,77.0,1074.0,6.0,,,,,,,tetairoa mcmillan
2528,Ben Koyack,TE,,Active,,,,,1580275801751.0,,,999.0,999.0,999.0,999.0,,,,,,,,,,,,,,ben koyack
13225,Sam Brown,WR,,Active,,,,,,,,999.0,999.0,999.0,999.0,,,,,,,,,,,,,,sam brown
5199,Byron Pringle,WR,,Active,,,,,1725715535914.0,,,999.0,999.0,999.0,999.0,,,,,,,,,,,,,,byron pringle
8224,Cole Kelley,QB,,Active,,,,,1659903056236.0,,,999.0,999.0,999.0,999.0,,,,,,,,,,,,,,cole kelley
7622,Sammis Reyes,TE,,Active,,,,,1724887205956.0,,,999.0,999.0,999.0,999.0,,,,,,,,,,,,,,sammis reyes
7236,Devwah Whaley,RB,,Active,,,,,1599693357437.0,,,999.0,999.0,999.0,999.0,,,,,,,,,,,,,,devwah whaley
6401,T.J. Rahming,WR,,Active,,,,,1584576325740.0,,,999.0,999.0,999.0,999.0,,,,,,,,,,,,,,t j rahming
11058,Blake Grupe,K,IND,Active,,,,,1785972041801.0,K,1.0,999.0,999.0,999.0,999.0,99.0,99.0,,,,,,,,,,,,blake grupe
2394,Sean Mannion,QB,,Active,,,,,1783439730029.0,,,999.0,999.0,999.0,999.0,,,,,,,,,,,,,,sean mannion
8209,Makai Polk,WR,,Active,,,,,1753993841258.0,,,999.0,999.0,999.0,999.0,,,,,,,,,,,,,,makai polk
5156,Andrew Vollert,TE,,Active,,,,,1631248848463.0,,,999.0,999.0,999.0,999.0,,,,,,,,,,,,,,andrew vollert
13276,Omar Cooper,WR,NYJ,Active,,,,,1786025148403.0,SWR,3.0,149.3,150.9,146.0,174.5,127.1,82.1,14.0,3.0,45.0,567.0,4.0,,,,,,,omar cooper
12818,Elijah Young,RB,,Active,,,,,1756139103812.0,,,999.0,999.0,999.0,999.0,,,,,,,,,,,,,,elijah young
8051,Josh Johnson,RB,,Inactive,,,,,1662680163253.0,,,999.0,999.0,999.0,999.0,,,,,,,,,,,,,,josh johnson
7245,Nate Wieting,TE,,Inactive,,,,,1621176003216.0,,,999.0,999.0,999.0,999.0,,,,,,,,,,,,,,nate wieting
11210,Malik Heath,WR,ATL,Active,,,,,1784787910657.0,,,999.0,999.0,999.0,999.0,,,,,,,,,,,,,,malik heath
4636,Lenard Tillery,RB,,Active,,,,,1535389509313.0,,,999.0,999.0,999.0,999.0,,,,,,,,,,,,,,lenard tillery
13963,Nick DeGennaro,WR,NE,Active,,,,,1778286343276.0,RWR,,999.0,999.0,999.0,999.0,,,,,,,,,,,,,,nick degennaro
8089,Sal Cannella,TE,,Active,,,,,1778479506441.0,,,999.0,999.0,999.0,999.0,,,,,,,,,,,,,,sal cannella
3594,Peyton Barber,RB,,Active,,,,,1641912637092.0,,,999.0,999.0,999.0,999.0,,,,,,,,,,,,,,peyton barber
7859,Nick Eubanks,TE,,Active,,,,,1693160122271.0,,,999.0,999.0,999.0,999.0,,,,,,,,,,,,,,nick eubanks
3652,Mike Thomas,WR,,Active,,,,,1690348218807.0,,,999.0,999.0,999.0,999.0,,,,,,,,,,,,,,mike thomas
8890,Naz Bohannon,TE,,Active,,,,,1659224119638.0,,,999.0,999.0,999.0,999.0,,,,,,,,,,,,,,naz bohannon
111,Marcedes Lewis,TE,,Active,,,,,1767822644938.0,,,999.0,999.0,999.0,999.0,,,,,,,,,,,,,,marcedes lewis
7550,Warren Jackson,WR,,Active,,,,,1661950256282.0,,,999.0,999.0,999.0,999.0,,,,,,,,,,,,,,warren jackson
13152,Justin Lockhart,WR,,Active,,,,,1747353039121.0,,,999.0,999.0,999.0,999.0,,,,,,,,,,,,,,justin lockhart
13003,Tru Edwards,WR,LAR,Active,,,,,1769475035189.0,SWR,,999.0,999.0,999.0,999.0,,,,,,,,,,,,,,tru edwards
13121,Ben Yurosek,TE,MIN,Active,,,,,1781220048029.0,TE,3.0,999.0,999.0,999.0,999.0,4.0,2.0,,,2.0,20.0,,,,,,,,ben yurosek
6943,Gabe Davis,WR,,Active,Questionable,Knee - ACL,,Surgery,1768327817472.0,,,999.0,999.0,999.0,999.0,,,,,,,,,,,,,,gabe davis
3678,Wil Lutz,K,DEN,Active,,,,,1783726856575.0,K,1.0,253.3,177.2,201.2,242.4,100.0,100.0,,,,,,,,,,,,wil lutz
1984,Allen Hurns,WR,MIA,Active,,,,,1648138821772.0,,,999.0,999.0,999.0,999.0,,,,,,,,,,,,,,allen hurns
13760,Jaden Bradley,WR,WAS,Active,,,,,1778202305141.0,SWR,,999.0,999.0,999.0,999.0,,,,,,,,,,,,,,jaden bradley
12170,Jaaron Hayek,WR,,Active,,,,,1724370956303.0,,,999.0,999.0,999.0,999.0,,,,,,,,,,,,,,jaaron hayek
8539,Seth Green,TE,,Active,,,,,1756225809046.0,,,999.0,999.0,999.0,999.0,,,,,,,,,,,,,,seth green
6605,Cortrelle Simpson,WR,,Inactive,,,,,1567827024616.0,,,999.0,999.0,999.0,999.0,,,,,,,,,,,,,,cortrelle simpson
7551,Deon Jackson,RB,,Active,,,,,1756253121171.0,,,999.0,999.0,999.0,999.0,,,,,,,,,,,,,,deon jackson
2880,Zach Laskey,RB,,Active,,,,,,,,999.0,999.0,999.0,999.0,,,,,,,,,,,,,,zach laskey
7299,Justice Shelton-Mosley,WR,,Inactive,,,,,1588363242033.0,,,999.0,999.0,999.0,999.0,,,,,,,,,,,,,,justice shelton mosley
7954,Connor Wedington,WR,,Active,,,,,1681758346182.0,,,999.0,999.0,999.0,999.0,,,,,,,,,,,,,,connor wedington
7032,Tyrie Cleveland,WR,,Active,,,,,1724610333209.0,,,999.0,999.0,999.0,999.0,,,,,,,,,,,,,,tyrie cleveland
11802,Tejhaun Palmer,WR,NE,Active,,,,,1785916829232.0,SWR,,999.0,999.0,999.0,999.0,,,,,,,,,,,,,,tejhaun palmer
11563,Bo Nix,QB,DEN,Active,,,,,1785677453405.0,QB,1.0,118.7,121.1,114.1,33.4,295.72,295.72,330.0,76.0,,,,3.0,4.0,3768.0,26.0,12.0,555.0,bo nix
2449,Stefon Diggs,WR,WAS,Active,,,,,1786041350153.0,SWR,2.0,125.9,115.5,134.4,133.0,163.0,101.0,6.0,1.0,62.0,704.0,5.0,,,,,,,stefon diggs
7522,Hunter Thedford,TE,,Active,,,,,1685982004711.0,,,999.0,999.0,999.0,999.0,,,,,,,,,,,,,,hunter thedford
7567,Kenny Gainwell,RB,TB,Active,,,,,1786112412687.0,RB,2.0,106.9,86.1,109.8,131.2,152.3,105.3,418.0,99.0,47.0,355.0,2.0,1.0,3.0,,,,,kenneth gainwell
6540,DeAndre Thompkins,WR,GB,Inactive,,,,,1629945607116.0,,,999.0,999.0,999.0,999.0,,,,,,,,,,,,,,deandre thompkins
7543,Travis Etienne,RB,NO,Active,,,,,1785887409839.0,RB,1.0,36.7,29.7,39.5,54.0,207.7,171.7,950.0,226.0,36.0,287.0,2.0,1.0,6.0,,,,,travis etienne
12217,Shawn Bowman,TE,,Active,,,,,1756247710638.0,,,999.0,999.0,999.0,999.0,,,,,,,,,,,,,,shawn bowman
13804,Kansei Matsuzawa,K,LV,Active,,,,,,K,,999.0,999.0,999.0,999.0,,,,,,,,,,,,,,kansei matsuzawa
7793,Racey McMath,WR,,Active,,,,,1724808659455.0,,,999.0,999.0,999.0,999.0,,,,,,,,,,,,,,racey mcmath
8192,Curtis Hodges,TE,,Active,,,,,1723592706240.0,,,999.0,999.0,999.0,999.0,,,,,,,,,,,,,,curtis hodges
11502,Brian Cobbs,WR,,Active,,,,,1693326004102.0,,,999.0,999.0,999.0,999.0,,,,,,,,,,,,,,brian cobbs
5139,Trey Quinn,WR,,Active,,,,,1696969536823.0,,,999.0,999.0,999.0,999.0,,,,,,,,,,,,,,trey quinn
6001,Drew Sample,TE,CIN,Active,,,,,1780438849568.0,TE,3.0,999.0,999.0,999.0,999.0,31.6,18.6,,,13.0,126.0,1.0,,,,,,,drew sample
1841,Stephen Houston,RB,,Active,,,,,,,,999.0,999.0,999.0,999.0,,,,,,,,,,,,,,stephen houston
5590,Jordan Smallwood,WR,,Active,,,,,1564341612769.0,,,999.0,999.0,999.0,999.0,,,,,,,,,,,,,,jordan smallwood
7572,Kylin Hill,RB,,Active,,,,,1692825044155.0,,,999.0,999.0,999.0,999.0,,,,,,,,,,,,,,kylin hill
5745,Nick Stevens,QB,,Inactive,,,,,1529012401454.0,QB,4.0,999.0,999.0,999.0,999.0,,,,,,,,,,,,,,nick stevens
1817,Sammy Watkins,WR,,Active,,,,,1699305031226.0,,,999.0,999.0,999.0,999.0,,,,,,,,,,,,,,sammy watkins
5801,Kobe McCrary,RB,,Active,,,,,1535838644036.0,,,999.0,999.0,999.0,999.0,,,,,,,,,,,,,,kobe mccrary
3824,Alex Ellis,TE,,Active,,,,,1658882425419.0,,,999.0,999.0,999.0,999.0,,,,,,,,,,,,,,alex ellis
7757,Ben Skowronek,WR,PIT,Active,,,,,1782253223792.0,RWR,5.0,999.0,999.0,999.0,999.0,0.6,0.6,6.0,1.0,,,,,,,,,,ben skowronek
7904,Stevie Scott,RB,,Active,,,,,1693351504247.0,,,999.0,999.0,999.0,999.0,,,,,,,,,,,,,,stevie scott
12404,Colton Theaker,K,,Active,,,,,,,,999.0,999.0,999.0,999.0,,,,,,,,,,,,,,colton theaker
8583,Stone Smartt,TE,PHI,Active,,,,,1780442450292.0,TE,5.0,999.0,999.0,999.0,999.0,5.7,2.7,,,3.0,27.0,,,,,,,,stone smartt
14062,Tyler Moore,TE,NYG,Active,,,,,1786057807236.0,,,999.0,999.0,999.0,999.0,,,,,,,,,,,,,,tyler moore
4323,Darrell Daniels,TE,,Active,,,,,1697922358217.0,,,999.0,999.0,999.0,999.0,,,,,,,,,,,,,,darrell daniels
13343,Vinny Anthony,WR,ATL,Active,,,,,1778204705508.0,SWR,,999.0,999.0,999.0,999.0,,,,,,,,,,,,,,vinny anthony
1386,Giovani Bernard,RB,,Active,,,,,1682710817762.0,,,999.0,999.0,999.0,999.0,,,,,,,,,,,,,,giovani bernard
6824,Donovan Peoples-Jones,WR,,Active,,,,,1755808224310.0,,,999.0,999.0,999.0,999.0,,,,,,,,,,,,,,donovan peoples jones
2817,Daniel Rodriguez,WR,,Active,,,,,,,,999.0,999.0,999.0,999.0,,,,,,,,,,,,,,daniel rodriguez
2532,Da'Ron Brown,WR,,Active,,,,,,,,999.0,999.0,999.0,999.0,,,,,,,,,,,,,,da ron brown
268,Alex Smith,QB,,Injured Reserve,,,,,1618934403490.0,,,999.0,999.0,999.0,999.0,,,,,,,,,,,,,,alex smith
6192,Chris Blewitt,K,,Active,,,,,1651519571350.0,,,999.0,999.0,999.0,999.0,,,,,,,,,,,,,,chris blewitt
7076,Jeff Thomas,WR,,Inactive,,,,,1599312656175.0,,,999.0,999.0,999.0,999.0,,,,,,,,,,,,,,jeff thomas
11159,Zion Bowens,WR,,Active,,,,,1693240848010.0,,,999.0,999.0,999.0,999.0,,,,,,,,,,,,,,zion bowens
4803,Nate Iese,TE,,Active,,,,,,,,999.0,999.0,999.0,999.0,,,,,,,,,,,,,,nate iese
5863,J.J. Arcega-Whiteside,WR,,Active,,,,,1693347909286.0,,,999.0,999.0,999.0,999.0,,,,,,,,,,,,,,j j arcega whiteside
13844,Coleman Bennett,RB,CHI,Active,,,,,1778268940974.0,RB,,999.0,999.0,999.0,999.0,,,,,,,,,,,,,,coleman bennett
6873,Austin Mack,WR,,Active,,,,,1723510551739.0,,,999.0,999.0,999.0,999.0,,,,,,,,,,,,,,austin mack
208,Josh McCown,QB,,Active,,,,,1643473821775.0,,,999.0,999.0,999.0,999.0,,,,,,,,,,,,,,josh mccown
8560,Davis Cheek,QB,,Active,,,,,1670363406668.0,,,999.0,999.0,999.0,999.0,,,,,,,,,,,,,,davis cheek
12984,CJ Dippre,TE,NE,Active,,,,,1786000246843.0,TE,3.0,999.0,999.0,999.0,999.0,,,,,,,,,,,,,,cj dippre
1029,Nick Foles,QB,,Active,,,,,1723207839633.0,,,999.0,999.0,999.0,999.0,,,,,,,,,,,,,,nick foles
11874,Jaylen Johnson,WR,,Active,,,,,1761686420906.0,,,999.0,999.0,999.0,999.0,,,,,,,,,,,,,,jaylen johnson
9508,Tyjae Spears,RB,TEN,Active,,,,,1785436221910.0,RB,2.0,151.9,122.1,145.6,168.0,114.6,79.6,388.0,92.0,35.0,248.0,1.0,1.0,2.0,,,,,tyjae spears
11570,Rasheen Ali,RB,BAL,Active,,,,,1784955659600.0,RB,4.0,999.0,999.0,999.0,999.0,38.7,26.7,120.0,29.0,12.0,87.0,,,1.0,,,,,rasheen ali
12534,Kyle Monangai,RB,CHI,Active,,,,,1785900328501.0,RB,2.0,89.5,61.2,78.8,100.7,154.6,131.6,751.0,166.0,23.0,165.0,1.0,1.0,6.0,,,,,kyle monangai
4344,C.J. Board,WR,,Active,,,,,1671303620877.0,,,999.0,999.0,999.0,999.0,,,,,,,,,,,,,,c j board
12150,Jarveon Howard,RB,,Inactive,,,,,1785450624255.0,,,999.0,999.0,999.0,999.0,,,,,,,,,,,,,,jarveon howard
8195,Ronnie Rivers,RB,LAR,Active,,,,,1779560456797.0,RB,4.0,999.0,999.0,999.0,999.0,7.1,4.1,21.0,5.0,3.0,20.0,,,,,,,,ronnie rivers
6892,Nate Stanley,QB,,Active,,,,,1658253348736.0,,,999.0,999.0,999.0,999.0,,,,,,,,,,,,,,nate stanley
13890,Michael Briscoe,WR,MIN,Active,,,,,1780617637210.0,LWR,,999.0,999.0,999.0,999.0,,,,,,,,,,,,,,michael briscoe
4218,Trent Taylor,WR,,Active,,,,,1783882213393.0,,,999.0,999.0,999.0,999.0,,,,,,,,,,,,,,trent taylor
6178,Darwin Thompson,RB,,Active,,,,,1693177242567.0,,,999.0,999.0,999.0,999.0,,,,,,,,,,,,,,darwin thompson
12154,Messiah Swinson,TE,GB,Active,,,,,1769063444126.0,TE,,999.0,999.0,999.0,999.0,,,,,,,,,,,,,,messiah swinson
1642,Levine Toilolo,TE,NYG,Inactive,,,,,1628556643817.0,,,999.0,999.0,999.0,999.0,,,,,,,,,,,,,,levine toilolo
13597,Matthew Caldwell,QB,LAR,Active,,,,,1777422627133.0,QB,,999.0,999.0,999.0,999.0,,,,,,,,,,,,,,matthew caldwell
8849,Tanner Conner,TE,NYG,Active,,,,,1767665709227.0,TE,3.0,999.0,999.0,999.0,999.0,,,,,,,,,,,,,,tanner conner
8159,Desmond Ridder,QB,,Active,,,,,1777922415911.0,,,999.0,999.0,999.0,999.0,,,,,,,,,,,,,,desmond ridder
2751,Daniel Brown,TE,,Inactive,,,,,1641339329131.0,,,999.0,999.0,999.0,999.0,,,,,,,,,,,,,,daniel brown
2938,Cam Worthy,WR,,Active,,,,,,,,999.0,999.0,999.0,999.0,,,,,,,,,,,,,,cam worthy
4895,Lamar Atkins,WR,,Active,,,,,1529019001783.0,,,999.0,999.0,999.0,999.0,,,,,,,,,,,,,,lamar atkins
3554,David Reeves,TE,,Active,,,,,,,,999.0,999.0,999.0,999.0,,,,,,,,,,,,,,david reeves
2152,Teddy Bridgewater,QB,DET,Active,,,,,1779920430403.0,QB,2.0,999.0,999.0,999.0,999.0,11.58,11.58,5.0,2.0,,,,,,202.0,1.0,1.0,32.0,teddy bridgewater
8018,Shaun Beyer,TE,,Active,,,,,1666735514850.0,,,999.0,999.0,999.0,999.0,,,,,,,,,,,,,,shaun beyer
13931,E.J. Horton,WR,IND,Active,,,,,1778218806390.0,SWR,,999.0,999.0,999.0,999.0,,,,,,,,,,,,,,e j horton
5392,Jack Heneghan,QB,,Active,,,,,1535841111210.0,,,999.0,999.0,999.0,999.0,,,,,,,,,,,,,,jack heneghan
13533,Barion Brown,WR,NO,Active,,,,,1786038949883.0,SWR,8.0,999.0,999.0,999.0,999.0,29.6,19.6,,,10.0,136.0,1.0,,,,,,,barion brown
5189,Eddy Pineiro,K,SF,Active,,,,,1779168017134.0,K,1.0,204.0,178.7,164.1,210.0,101.0,101.0,,,,,,,,,,,,eddy pineiro
868,Virgil Green,TE,,Inactive,,,,,1604010934911.0,,,999.0,999.0,999.0,999.0,,,,,,,,,,,,,,virgil green
2600,Ricky Seale,RB,,Active,,,,,,,,999.0,999.0,999.0,999.0,,,,,,,,,,,,,,ricky seale
7190,Bronson Rechsteiner,RB,,Active,,,,,1599693369572.0,,,999.0,999.0,999.0,999.0,,,,,,,,,,,,,,bronson rechsteiner
13337,Emmett Johnson,RB,KC,Active,,,,,1784772306296.0,RB,4.0,149.7,112.5,153.3,157.6,65.2,53.2,286.0,67.0,12.0,86.0,1.0,1.0,2.0,,,,,emmett johnson
13101,Gage Larvadain,WR,CLE,Active,,,,,1767794419288.0,SWR,9.0,999.0,999.0,999.0,999.0,1.9,0.9,,,1.0,9.0,,,,,,,,gage larvadain
12061,Noah Cain,RB,,Active,,,,,1724442915932.0,,,999.0,999.0,999.0,999.0,,,,,,,,,,,,,,noah cain
3582,Chester Rogers,WR,,Active,,,,,1669665058896.0,,,999.0,999.0,999.0,999.0,,,,,,,,,,,,,,chester rogers
11631,Brian Thomas,WR,JAX,Active,,,,,1785854417891.0,LWR,1.0,69.6,78.9,65.6,100.0,195.4,133.4,17.0,3.0,62.0,897.0,7.0,,,,,,,brian thomas
5358,Anthony Manzo-Lewis,TE,,Active,,,,,,,,999.0,999.0,999.0,999.0,,,,,,,,,,,,,,anthony manzo lewis
11523,Cody Chrest,WR,,Active,,,,,1693318804174.0,,,999.0,999.0,999.0,999.0,,,,,,,,,,,,,,cody chrest
12212,Austin Stogner,TE,,Active,,,,,1724620534790.0,,,999.0,999.0,999.0,999.0,,,,,,,,,,,,,,austin stogner
5892,David Montgomery,RB,HOU,Active,,,,,1786043450449.0,RB,1.0,56.3,48.3,53.5,82.7,202.1,169.1,986.0,236.0,33.0,245.0,1.0,1.0,7.0,,,,,david montgomery
8572,Andrew Parchment,WR,,Active,,,,,1660254927320.0,,,999.0,999.0,999.0,999.0,,,,,,,,,,,,,,andrew parchment
13681,Kaidon Salter,QB,,Active,,,,,1777377625453.0,,,999.0,999.0,999.0,999.0,,,,,,,,,,,,,,kaidon salter
13941,Omari Kelly,WR,CHI,Active,,,,,1778269541043.0,SWR,,999.0,999.0,999.0,999.0,,,,,,,,,,,,,,omari kelly
6007,Ryquell Armstead,RB,,Active,,,,,1661804449685.0,,,999.0,999.0,999.0,999.0,,,,,,,,,,,,,,ryquell armstead
4327,Colin Jeter,TE,,Inactive,,,,,1580257260474.0,,,999.0,999.0,999.0,999.0,,,,,,,,,,,,,,colin jeter
1287,Kai Forbath,K,,Inactive,,,,,1609905013400.0,,,999.0,999.0,999.0,999.0,,,,,,,,,,,,,,kai forbath
5210,Korey Robertson,WR,,Active,,,,,1535753142467.0,,,999.0,999.0,999.0,999.0,,,,,,,,,,,,,,korey robertson
3355,Cody Core,WR,,Active,,,,,1658868024160.0,,,999.0,999.0,999.0,999.0,,,,,,,,,,,,,,cody core
13162,Maximilian Mang,TE,,Active,,,,,,,,999.0,999.0,999.0,999.0,,,,,,,,,,,,,,maximilian mang
2118,Eric Ebron,TE,PIT,Inactive,,,,,1733342417170.0,,,999.0,999.0,999.0,999.0,,,,,,,,,,,,,,eric ebron
7095,Austin MacGinnis,K,,Active,,,,,1629142241805.0,,,999.0,999.0,999.0,999.0,,,,,,,,,,,,,,austin macginnis
7081,James Morgan,QB,,Active,,,,,1673192754336.0,,,999.0,999.0,999.0,999.0,,,,,,,,,,,,,,james morgan
6755,Tavonn Salter,WR,,Inactive,NA,,,,,,,999.0,999.0,999.0,999.0,,,,,,,,,,,,,,tavonn salter
6290,Scotty Miller,WR,CHI,Active,,,,,1778351456478.0,RWR,7.0,999.0,999.0,999.0,999.0,,,,,,,,,,,,,,scotty miller
13150,Darius Cooper,WR,PHI,Active,,,,,1785980143825.0,RWR,6.0,999.0,999.0,999.0,999.0,6.7,3.7,,,3.0,37.0,,,,,,,,darius cooper
5692,Ryan Santoso,K,,Active,,,,,1661787310944.0,,,999.0,999.0,999.0,999.0,,,,,,,,,,,,,,ryan santoso
11186,Carlos Washington,RB,MIA,Active,,,,,1779430246653.0,RB,4.0,999.0,999.0,999.0,999.0,,,,,,,,,,,,,,carlos washington
11583,Jonathon Brooks,RB,CAR,Active,,,,,1785861918850.0,RB,2.0,138.0,143.7,91.0,194.1,120.0,97.0,524.0,122.0,23.0,166.0,1.0,1.0,4.0,,,,,jonathon brooks
13710,Gabriel Plascencia,K,,Active,,,,,1781653526219.0,,,999.0,999.0,999.0,999.0,,,,,,,,,,,,,,gabriel plascencia
7396,Devin Phelps,WR,,Active,,,,,1599693362228.0,,,999.0,999.0,999.0,999.0,,,,,,,,,,,,,,devin phelps
5127,Kyle Allen,QB,BUF,Active,,,,,1779920430620.0,QB,3.0,999.0,999.0,999.0,999.0,12.0,12.0,12.0,2.0,,,,,,195.0,1.0,1.0,31.0,kyle allen
11447,Kris Leach,TE,,Active,,,,,1684252849958.0,,,999.0,999.0,999.0,999.0,,,,,,,,,,,,,,kris leach
12497,Tory Horton,WR,SEA,Active,,,,,1785593442508.0,RWR,4.0,228.7,199.4,217.5,236.8,92.0,61.0,9.0,1.0,31.0,421.0,3.0,,,,,,,tory horton
5408,Sergio Bailey,WR,,Active,,,,,1580256060302.0,,,999.0,999.0,999.0,999.0,,,,,,,,,,,,,,sergio bailey
12469,Dylan Sampson,RB,CLE,Active,,,,,1786040450086.0,RB,2.0,166.4,128.5,151.5,175.8,88.7,65.7,321.0,78.0,23.0,176.0,1.0,1.0,2.0,,,,,dylan sampson
3020,Dan Light,TE,,Active,,,,,,,,999.0,999.0,999.0,999.0,,,,,,,,,,,,,,dan light
2879,Isiah Ferguson,WR,,Active,,,,,,,,999.0,999.0,999.0,999.0,,,,,,,,,,,,,,isiah ferguson
5285,Ross Dwelley,TE,,Active,,,,,1767114335552.0,,,999.0,999.0,999.0,999.0,,,,,,,,,,,,,,ross dwelley
1603,Luke Willson,TE,,Injured Reserve,,,,,1629924305166.0,,,999.0,999.0,999.0,999.0,,,,,,,,,,,,,,luke willson
2930,Justin Tukes,TE,,Active,,,,,,,,999.0,999.0,999.0,999.0,,,,,,,,,,,,,,justin tukes
4931,Austin Appleby,QB,,Active,,,,,,,,999.0,999.0,999.0,999.0,,,,,,,,,,,,,,austin appleby
8697,Kevin Shaa,WR,,Active,,,,,1661797548355.0,,,999.0,999.0,999.0,999.0,,,,,,,,,,,,,,kevin shaa
13291,Kejon Owens,RB,,Active,Questionable,Illness,,,1785728161705.0,,,999.0,999.0,999.0,999.0,,,,,,,,,,,,,,kejon owens
13336,Dane Key,WR,DEN,Active,,,,,1778288143268.0,RWR,7.0,999.0,999.0,999.0,999.0,6.6,3.6,,,3.0,36.0,,,,,,,,dane key
12933,Caden Prieskorn,TE,CAR,Active,,,,,1784840715907.0,TE,,999.0,999.0,999.0,999.0,,,,,,,,,,,,,,caden prieskorn
4274,David Moore,WR,CAR,Active,,,,,1773178542060.0,SWR,7.0,999.0,999.0,999.0,999.0,4.3,2.3,,,2.0,23.0,,,,,,,,david moore
13179,Ja'seem Reed,WR,CAR,Active,,,,,1769060743863.0,SWR,,999.0,999.0,999.0,999.0,,,,,,,,,,,,,,ja seem reed
8217,Leddie Brown,RB,,Active,,,,,1661902852444.0,,,999.0,999.0,999.0,999.0,,,,,,,,,,,,,,leddie brown
6845,Zack Moss,RB,,Active,Questionable,Neck,,,1753890931286.0,,,999.0,999.0,999.0,999.0,,,,,,,,,,,,,,zack moss
11366,Chris Coleman,WR,,Active,,,,,1693250749445.0,,,999.0,999.0,999.0,999.0,,,,,,,,,,,,,,chris coleman
13834,Cody Hardy,TE,NO,Active,,,,,1785546636628.0,TE,,999.0,999.0,999.0,999.0,,,,,,,,,,,,,,cody hardy
6535,Nate Becker,TE,,Inactive,,,,,1662174916719.0,,,999.0,999.0,999.0,999.0,,,,,,,,,,,,,,nate becker
13425,Jalon Daniels,QB,TB,Active,,,,,1778697028355.0,QB,3.0,999.0,999.0,999.0,999.0,,,,,,,,,,,,,,jalon daniels
4305,Tyler Renew,RB,,Active,,,,,,,,999.0,999.0,999.0,999.0,,,,,,,,,,,,,,tyler renew
246,Darren Sproles,RB,,Injured Reserve,,,,,1576956354416.0,,,999.0,999.0,999.0,999.0,,,,,,,,,,,,,,darren sproles
178,Matt Schaub,QB,,Injured Reserve,,,,,1609813846649.0,,,999.0,999.0,999.0,999.0,,,,,,,,,,,,,,matt schaub
8187,CJ Verdell,RB,,Active,,,,,1661266856339.0,,,999.0,999.0,999.0,999.0,,,,,,,,,,,,,,cj verdell
8219,Jelani Woods,TE,NYJ,Active,,,,,1786056059392.0,TE,4.0,999.0,999.0,999.0,999.0,,,,,,,,,,,,,,jelani woods
4489,Gehrig Dieter,WR,,Active,,,,,1654699207547.0,,,999.0,999.0,999.0,999.0,,,,,,,,,,,,,,gehrig dieter
7603,Shi Smith,WR,,Active,,,,,1728519335422.0,,,999.0,999.0,999.0,999.0,,,,,,,,,,,,,,shi smith
MIA,Dolphins,DEF,MIA,,,,,,,,,299.0,299.0,299.0,300.5,62.0,62.0,,,,,,,,,,,,dolphins
7751,Dax Milne,WR,,Active,,,,,1747072235189.0,,,999.0,999.0,999.0,999.0,,,,,,,,,,,,,,dax milne
8052,Donte Sylencieux,WR,,Inactive,,,,,1624427703804.0,,,999.0,999.0,999.0,999.0,,,,,,,,,,,,,,donte sylencieux
8731,Shemar Bridges,WR,,Active,,,,,1696368632175.0,,,999.0,999.0,999.0,999.0,,,,,,,,,,,,,,shemar bridges
5463,Mark Thompson,RB,,Active,,,,,1689693008989.0,,,999.0,999.0,999.0,999.0,,,,,,,,,,,,,,mark thompson
7935,Eli Stove,WR,,Inactive,,,,,,,,999.0,999.0,999.0,999.0,,,,,,,,,,,,,,eli stove
13297,Reggie Virgil,WR,ARI,Active,,,,,1786078209626.0,LWR,5.0,999.0,999.0,999.0,999.0,6.6,3.6,,,3.0,36.0,,,,,,,,reggie virgil
6618,Isaiah Searight,TE,,Active,,,,,1582683328855.0,,,999.0,999.0,999.0,999.0,,,,,,,,,,,,,,isaiah searight
5046,Royce Freeman,RB,,Active,,,,,1766520614664.0,,,999.0,999.0,999.0,999.0,,,,,,,,,,,,,,royce freeman
4621,Caleb Bluiett,TE,,Active,,,,,,,,999.0,999.0,999.0,999.0,,,,,,,,,,,,,,caleb bluiett
7075,Charlie Woerner,TE,ATL,Active,,,,,1780442450084.0,TE,3.0,999.0,999.0,999.0,999.0,8.0,4.0,,,4.0,40.0,,,,,,,,charlie woerner
1329,Chris Hogan,WR,,Injured Reserve,,,,,1635029137349.0,,,999.0,999.0,999.0,999.0,,,,,,,,,,,,,,chris hogan
12502,Gunnar Helm,TE,TEN,Active,,,,,1784907355232.0,TE,1.0,200.8,152.6,161.4,176.4,130.3,73.3,,,57.0,553.0,3.0,,,,,,,gunnar helm
7571,Rashod Bateman,WR,BAL,Active,,,,,1785698155956.0,LWR,2.0,232.7,203.3,221.4,242.8,84.1,56.1,,,28.0,381.0,3.0,,,,,,,rashod bateman
8783,Kendric Pryor,WR,CIN,Active,,,,,1771453522314.0,RWR,6.0,999.0,999.0,999.0,999.0,,,,,,,,,,,,,,kendric pryor
6728,Jackson Harris,TE,,Active,,,,,,,,999.0,999.0,999.0,999.0,,,,,,,,,,,,,,jackson harris
5465,Nick Keizer,TE,,Injured Reserve,,,,,1628477729712.0,,,999.0,999.0,999.0,999.0,,,,,,,,,,,,,,nick keizer
4854,River Cracraft,WR,WAS,Active,,,,,1785390617649.0,SWR,8.0,999.0,999.0,999.0,999.0,,,,,,,,,,,,,,river cracraft
1601,Spencer Ware,RB,,Inactive,,,,,1608683445050.0,,,999.0,999.0,999.0,999.0,,,,,,,,,,,,,,spencer ware
2783,Kenzel Doe,WR,,Active,,,,,,,,999.0,999.0,999.0,999.0,,,,,,,,,,,,,,kenzel doe
5197,Rico Gafford,WR,,Active,,,,,1643234712361.0,,,999.0,999.0,999.0,999.0,,,,,,,,,,,,,,rico gafford
13120,Jacoby Jones,WR,WAS,Active,,,,,1767662408847.0,SWR,11.0,999.0,999.0,999.0,999.0,,,,,,,,,,,,,,jacoby jones
11590,Jase McClellan,RB,,Active,,,,,1756056948110.0,,,999.0,999.0,999.0,999.0,,,,,,,,,,,,,,jase mcclellan
12210,Cole Burgess,WR,PIT,Inactive,IR,Undisclosed,,,1785977142507.0,,,999.0,999.0,999.0,999.0,,,,,,,,,,,,,,cole burgess
13577,Dallen Bentley,TE,DEN,Active,,,,,1777576824694.0,TE,4.0,999.0,999.0,999.0,999.0,,,,,,,,,,,,,,dallen bentley
13357,Lance Mason,TE,SEA,Active,,,,,1786077910243.0,,,999.0,999.0,999.0,999.0,31.6,18.6,,,13.0,126.0,1.0,,,,,,,lance mason
4878,Brandon Zylstra,WR,,Active,,,,,1667865357157.0,,,999.0,999.0,999.0,999.0,,,,,,,,,,,,,,brandon zylstra
2040,Scott Simonson,TE,,Active,,,,,1582605935285.0,,,999.0,999.0,999.0,999.0,,,,,,,,,,,,,,scott simonson
5975,Alize Mack,TE,,Active,,,,,1693863955991.0,,,999.0,999.0,999.0,999.0,,,,,,,,,,,,,,alize mack
8924,Thomas Odukoya,TE,,Active,Questionable,Undisclosed,,,1784787910638.0,,,999.0,999.0,999.0,999.0,,,,,,,,,,,,,,thomas odukoya
627,Andre Roberts,WR,,Active,,,,,1694530521128.0,,,999.0,999.0,999.0,999.0,,,,,,,,,,,,,,andre roberts
11615,Ainias Smith,WR,CAR,Inactive,Questionable,Undisclosed,,,1786078810366.0,,,999.0,999.0,999.0,999.0,,,,,,,,,,,,,,ainias smith
6705,Taj McGowan,RB,,Active,,,,,1587431721676.0,,,999.0,999.0,999.0,999.0,,,,,,,,,,,,,,taj mcgowan
11418,Taye Barber,WR,,Active,,,,,1693234247273.0,,,999.0,999.0,999.0,999.0,,,,,,,,,,,,,,taye barber
11306,Xavier Gipson,WR,NYG,Active,,,,,1767483648221.0,SWR,13.0,999.0,999.0,999.0,999.0,,,,,,,,,,,,,,xavier gipson
5927,Terry McLaurin,WR,WAS,Active,,,,,1785961840529.0,LWR,1.0,56.6,55.6,45.0,67.0,216.2,141.2,7.0,1.0,75.0,1045.0,6.0,,,,,,,terry mclaurin
7554,Tre' McKitty,TE,,Active,,,,,1755732016571.0,,,999.0,999.0,999.0,999.0,,,,,,,,,,,,,,tre mckitty
12308,Samson Evans,RB,,Active,,,,,,,,999.0,999.0,999.0,999.0,,,,,,,,,,,,,,samson evans
6209,Ishmael Hyman,WR,,Inactive,,,,,1662606919142.0,,,999.0,999.0,999.0,999.0,,,,,,,,,,,,,,ishmael hyman
5974,Trace McSorley,QB,,Active,,,,,1724806859816.0,,,999.0,999.0,999.0,999.0,,,,,,,,,,,,,,trace mcsorley
14029,Johnny Pascuzzi,TE,LAC,Active,,,,,1778537444533.0,TE,,999.0,999.0,999.0,999.0,,,,,,,,,,,,,,johnny pascuzzi
5618,Larry Rose,RB,,Inactive,NA,,,,,,,999.0,999.0,999.0,999.0,,,,,,,,,,,,,,larry rose
4199,Aaron Jones,RB,MIN,Active,,,,,1785356711581.0,RB,1.0,108.8,84.7,107.4,130.8,137.1,103.1,563.0,131.0,34.0,248.0,1.0,1.0,3.0,,,,,aaron jones
4515,B.J. Johnson,WR,,Active,,,,,,,,999.0,999.0,999.0,999.0,,,,,,,,,,,,,,b j johnson
2595,Tim Semisch,TE,,Active,,,,,1543366220718.0,,,999.0,999.0,999.0,999.0,,,,,,,,,,,,,,tim semisch
6449,Dorian Baker,WR,,Active,,,,,,,,999.0,999.0,999.0,999.0,,,,,,,,,,,,,,dorian baker
6156,Benny Snell,RB,,Active,,,,,1693349709206.0,,,999.0,999.0,999.0,999.0,,,,,,,,,,,,,,benny snell
4950,Christian Kirk,WR,SF,Active,Questionable,Undisclosed,,,1785808511311.0,SWR,5.0,241.7,209.5,229.4,251.1,46.4,27.4,9.0,1.0,19.0,205.0,1.0,,,,,,,christian kirk
3150,Xavier Rush,WR,,Active,,,,,,,,999.0,999.0,999.0,999.0,,,,,,,,,,,,,,xavier rush
6399,Kano Dillon,TE,,Active,,,,,,,,999.0,999.0,999.0,999.0,,,,,,,,,,,,,,kano dillon
1777,Josh Hill,TE,,Injured Reserve,,,,,1620406254929.0,,,999.0,999.0,999.0,999.0,,,,,,,,,,,,,,josh hill
12472,Raheim Sanders,RB,CLE,Active,,,,,1780024826251.0,RB,3.0,999.0,999.0,999.0,999.0,4.7,2.7,20.0,5.0,2.0,7.0,,,,,,,,raheim sanders
12865,AJ Henning,WR,MIA,Active,,,,,1767735314127.0,SWR,,999.0,999.0,999.0,999.0,,,,,,,,,,,,,,aj henning
11646,Jalen Coker,WR,CAR,Active,,,,,1785548436400.0,SWR,3.0,136.3,131.8,137.8,153.2,165.9,105.9,6.0,1.0,60.0,753.0,5.0,,,,,,,jalen coker
13316,Eric Rivers,WR,TB,Active,,,,,1777170326354.0,SWR,5.0,999.0,999.0,999.0,999.0,29.4,18.4,,,11.0,124.0,1.0,,,,,,,eric rivers
4004,Chris Briggs,TE,,Inactive,,,,,,,,999.0,999.0,999.0,999.0,,,,,,,,,,,,,,chris briggs
4454,Kendrick Bourne,WR,ARI,Active,,,,,1785011104215.0,SWR,3.0,999.0,999.0,999.0,999.0,71.3,43.3,,,28.0,313.0,2.0,,,,,,,kendrick bourne
284,Delanie Walker,TE,,Active,,,,,1666112442960.0,,,999.0,999.0,999.0,999.0,,,,,,,,,,,,,,delanie walker
12498,Mason Taylor,TE,NYJ,Active,,,,,1785874807838.0,TE,2.0,224.3,137.5,218.2,163.4,77.3,44.3,,,33.0,323.0,2.0,,,,,,,mason taylor
13242,Lawrance Toafili,RB,,Active,,,,,1759539042598.0,,,999.0,999.0,999.0,999.0,,,,,,,,,,,,,,lawrance toafili
4085,Adam Shaheen,TE,,Inactive,,,,,1698723019253.0,,,999.0,999.0,999.0,999.0,,,,,,,,,,,,,,adam shaheen
12481,Cam Skattebo,RB,NYG,Active,,,,,1785764104551.0,RB,1.0,48.7,41.3,39.2,70.8,209.5,165.5,938.0,225.0,44.0,317.0,1.0,1.0,6.0,,,,,cam skattebo
3621,Jordan Williams-Lambert,WR,,Active,,,,,1587864347872.0,,,999.0,999.0,999.0,999.0,,,,,,,,,,,,,,jordan williams lambert
3880,M.J. McFarland,TE,,Active,,,,,,,,999.0,999.0,999.0,999.0,,,,,,,,,,,,,,m j mcfarland
10218,Xavier Hutchinson,WR,HOU,Active,,,,,1783732256679.0,LWR,5.0,999.0,999.0,999.0,999.0,32.5,20.5,,,12.0,145.0,1.0,,,,,,,xavier hutchinson
8019,Devontres Dukes,WR,,Active,,,,,1630083622027.0,,,999.0,999.0,999.0,999.0,,,,,,,,,,,,,,devontres dukes
12169,Reggie Brown,WR,,Active,,,,,1715115005685.0,,,999.0,999.0,999.0,999.0,,,,,,,,,,,,,,reggie brown
12850,Tyler Neville,TE,,Active,,,,,1756143904238.0,,,999.0,999.0,999.0,999.0,,,,,,,,,,,,,,tyler neville
6154,David Sills,WR,TB,Active,,,,,1781295632750.0,RWR,6.0,999.0,999.0,999.0,999.0,26.9,17.9,6.0,1.0,9.0,113.0,1.0,,,,,,,david sills
6931,DeeJay Dallas,RB,JAX,Active,,,,,1780024825472.0,RB,6.0,999.0,999.0,999.0,999.0,,,,,,,,,,,,,,deejay dallas
2597,Michael Dyer,RB,,Active,,,,,,,,999.0,999.0,999.0,999.0,,,,,,,,,,,,,,michael dyer
5886,Hakeem Butler,TE,DEN,Active,,,,,1781537459843.0,SWR,,999.0,999.0,999.0,999.0,,,,,,,,,,,,,,hakeem butler
11623,Jordan Whittington,WR,LAR,Active,,,,,1785441322760.0,SWR,3.0,999.0,999.0,999.0,999.0,23.3,15.3,6.0,1.0,8.0,87.0,1.0,,,,,,,jordan whittington
5915,Andy Isabella,WR,,Active,Questionable,Ankle,,,1754437826663.0,,,999.0,999.0,999.0,999.0,,,,,,,,,,,,,,andy isabella
6097,Jamal Custis,WR,,Inactive,,,,,1588111219962.0,,,999.0,999.0,999.0,999.0,,,,,,,,,,,,,,jamal custis
7158,Riley Neal,QB,,Active,,,,,1599693359878.0,,,999.0,999.0,999.0,999.0,,,,,,,,,,,,,,riley neal
6450,David Blough,QB,,Active,,,,,1768004700516.0,,,999.0,999.0,999.0,999.0,,,,,,,,,,,,,,david blough
2004,Cody Latimer,WR,,Inactive,,,,,1598209215126.0,,,999.0,999.0,999.0,999.0,,,,,,,,,,,,,,cody latimer
2549,Trevor Siemian,QB,,Active,Questionable,Undisclosed,,,1785391217697.0,,,999.0,999.0,999.0,999.0,,,,,,,,,,,,,,trevor siemian
8863,Kaylon Geiger,WR,,Active,,,,,1693229146726.0,,,999.0,999.0,999.0,999.0,,,,,,,,,,,,,,kaylon geiger
4995,Ian Thomas,TE,LV,Active,,,,,1780442449953.0,TE,3.0,999.0,999.0,999.0,999.0,4.0,2.0,,,2.0,20.0,,,,,,,,ian thomas
6365,Carson Meier,TE,,Active,,,,,1629149443465.0,,,999.0,999.0,999.0,999.0,,,,,,,,,,,,,,carson meier
2082,Xavier Grimble,TE,,Active,,,,,1605911703542.0,,,999.0,999.0,999.0,999.0,,,,,,,,,,,,,,xavier grimble
9225,Tank Bigsby,RB,PHI,Active,,,,,1785428721006.0,RB,2.0,187.7,146.5,171.1,197.7,65.2,57.2,353.0,82.0,8.0,59.0,,1.0,3.0,,,,,tank bigsby
7218,Cam Sutton,TE,,Active,,,,,1711052401493.0,,,999.0,999.0,999.0,999.0,,,,,,,,,,,,,,cam sutton
DET,Lions,DEF,DET,,,,,,,,,162.2,157.9,157.9,187.7,92.0,92.0,,,,,,,,,,,,lions
7589,Ian Book,QB,,Active,,,,,1736453740304.0,,,999.0,999.0,999.0,999.0,,,,,,,,,,,,,,ian book
6063,Tyron Billy-Johnson,WR,,Active,,,,,1724703044586.0,,,999.0,999.0,999.0,999.0,,,,,,,,,,,,,,tyron billy johnson
4018,Joe Mixon,RB,,Active,Questionable,Foot,,,1784826620401.0,,,204.6,163.9,242.0,211.2,,,,,,,,,,,,,,joe mixon
13227,Mitch Van Vooren,WR,NE,Active,,,,,1784765405641.0,TE,,999.0,999.0,999.0,999.0,,,,,,,,,,,,,,mitch van vooren
13411,Zavion Thomas,WR,CHI,Active,,,,,1784830513253.0,SWR,5.0,999.0,999.0,999.0,999.0,57.2,37.2,,,20.0,252.0,2.0,,,,,,,zavion thomas
2319,DeVante Parker,WR,,Active,,,,,1716252358496.0,,,999.0,999.0,999.0,999.0,,,,,,,,,,,,,,devante parker
11603,AJ Barner,TE,SEA,Active,,,,,1785958539635.0,TE,1.0,150.1,125.9,132.6,143.0,142.4,84.4,14.0,10.0,58.0,530.0,4.0,,1.0,,,,,aj barner
13407,Carson Towt,TE,IND,Active,,,,,1773780034965.0,TE,,999.0,999.0,999.0,999.0,,,,,,,,,,,,,,carson towt
4533,James Summers,RB,,Active,,,,,1535992879541.0,,,999.0,999.0,999.0,999.0,,,,,,,,,,,,,,james summers
4721,Shakeir Ryan,WR,,Active,,,,,,,,999.0,999.0,999.0,999.0,,,,,,,,,,,,,,shakeir ryan
8094,Michael Jacobson,TE,,Active,,,,,1756226409071.0,,,999.0,999.0,999.0,999.0,,,,,,,,,,,,,,michael jacobson
13348,J'Mari Taylor,RB,JAX,Active,,,,,1781832923278.0,RB,3.0,999.0,999.0,999.0,999.0,30.7,25.7,160.0,38.0,5.0,37.0,,,1.0,,,,,j mari taylor
4229,Mason Schreck,TE,,Active,,,,,1693254350049.0,,,999.0,999.0,999.0,999.0,,,,,,,,,,,,,,mason schreck
11863,Leon Johnson,WR,,Active,,,,,1724106640604.0,,,999.0,999.0,999.0,999.0,,,,,,,,,,,,,,leon johnson
12190,Jason Bean,QB,,Active,,,,,1756246810386.0,,,999.0,999.0,999.0,999.0,,,,,,,,,,,,,,jason bean
6438,Kelvin McKnight,WR,,Active,,,,,1595981703995.0,,,999.0,999.0,999.0,999.0,,,,,,,,,,,,,,kelvin mcknight
BUF,Bills,DEF,BUF,,,,,,,,,225.2,220.0,220.0,250.0,84.0,84.0,,,,,,,,,,,,bills
7071,JJ Molson,K,,Active,,,,,1653077422082.0,,,999.0,999.0,999.0,999.0,,,,,,,,,,,,,,jj molson
2039,Seth Roberts,WR,,Inactive,,,,,1603764941599.0,,,999.0,999.0,999.0,999.0,,,,,,,,,,,,,,seth roberts
5249,Andre Levrone,WR,,Active,,,,,1567197355020.0,,,999.0,999.0,999.0,999.0,,,,,,,,,,,,,,andre levrone
3548,Jamal Robinson,WR,,Active,,,,,,,,999.0,999.0,999.0,999.0,,,,,,,,,,,,,,jamal robinson
9757,Kendre Miller,RB,NO,Active,Questionable,Back,,,1786065307246.0,RB,5.0,224.8,179.6,207.2,233.0,5.6,3.6,20.0,5.0,2.0,16.0,,,,,,,,kendre miller
7670,Joshua Palmer,WR,BUF,Active,,,,,1785087911247.0,RWR,4.0,999.0,999.0,999.0,999.0,32.6,20.6,,,12.0,146.0,1.0,,,,,,,joshua palmer
7035,Kendrick Rogers,WR,,Active,,,,,1596992449775.0,,,999.0,999.0,999.0,999.0,,,,,,,,,,,,,,kendrick rogers
13205,Luke Deal,TE,,Active,Questionable,Undisclosed,,,1753796421725.0,,,999.0,999.0,999.0,999.0,,,,,,,,,,,,,,luke deal
2229,Garrett Gilbert,QB,,Active,,,,,1666054837828.0,,,999.0,999.0,999.0,999.0,,,,,,,,,,,,,,garrett gilbert
4626,Amba Etta-Tawo,WR,,Active,,,,,1565735129261.0,,,999.0,999.0,999.0,999.0,,,,,,,,,,,,,,amba etta tawo
5796,Austin Wolf,WR,,Inactive,,,,,1534987852092.0,,,999.0,999.0,999.0,999.0,,,,,,,,,,,,,,austin wolf
5275,Jeff Badet,WR,,Active,,,,,1638669034865.0,,,999.0,999.0,999.0,999.0,,,,,,,,,,,,,,jeff badet
7611,Rhamondre Stevenson,RB,NE,Active,,,,,1786034749323.0,RB,2.0,82.7,57.5,73.7,95.9,166.3,137.3,759.0,177.0,29.0,214.0,1.0,1.0,6.0,,,,,rhamondre stevenson
12547,Kyle Williams,WR,NE,Active,,,,,1785508231128.0,SWR,6.0,222.1,195.2,211.9,230.1,31.2,21.2,4.0,1.0,10.0,148.0,1.0,,,,,,,kyle williams
5125,Damoun Patterson,WR,,Active,,,,,1549406105396.0,,,999.0,999.0,999.0,999.0,,,,,,,,,,,,,,damoun patterson
8101,Mark Vital,TE,,Active,,,,,1659044431915.0,,,999.0,999.0,999.0,999.0,,,,,,,,,,,,,,mark vital
3333,Temarrick Hemingway,TE,WAS,Active,,,,,1641879031265.0,,,999.0,999.0,999.0,999.0,,,,,,,,,,,,,,temarrick hemingway
4747,Stevie Donatell,TE,,Active,,,,,,,,999.0,999.0,999.0,999.0,,,,,,,,,,,,,,stevie donatell
3297,Tajae Sharpe,WR,,Inactive,,,,,1669255504461.0,,,999.0,999.0,999.0,999.0,,,,,,,,,,,,,,tajae sharpe
5276,Tyler Hoppes,TE,,Active,,,,,,,,999.0,999.0,999.0,999.0,,,,,,,,,,,,,,tyler hoppes
11857,Daijun Edwards,RB,,Active,,,,,1724717146297.0,,,999.0,999.0,999.0,999.0,,,,,,,,,,,,,,daijun edwards
538,Emmanuel Sanders,WR,,Active,,,,,1662576910501.0,,,999.0,999.0,999.0,999.0,,,,,,,,,,,,,,emmanuel sanders
4197,Isaiah McKenzie,WR,,Active,,,,,1734502231070.0,,,999.0,999.0,999.0,999.0,,,,,,,,,,,,,,isaiah mckenzie
5890,Damien Harris,RB,,Active,,,,,1711490757103.0,,,999.0,999.0,999.0,999.0,,,,,,,,,,,,,,damien harris
8005,Tarik Black,WR,DET,Active,,,,,1785993646075.0,SWR,,999.0,999.0,999.0,999.0,,,,,,,,,,,,,,tarik black
8150,Kyren Williams,RB,LAR,Active,,,,,1785609344534.0,RB,1.0,32.2,12.8,26.6,50.6,208.0,176.0,981.0,228.0,32.0,219.0,2.0,2.0,8.0,,,,,kyren williams
PHI,Eagles,DEF,PHI,,,,,,,,,129.0,125.0,130.5,155.0,98.0,98.0,,,,,,,,,,,,eagles
12187,Malcolm Epps,TE,,Active,,,,,,,,999.0,999.0,999.0,999.0,,,,,,,,,,,,,,malcolm epps
8121,Romeo Doubs,WR,NE,Active,,,,,1786113012720.0,SWR,2.0,115.3,116.6,112.7,135.8,161.2,104.2,,,57.0,742.0,5.0,,,,,,,romeo doubs
8123,Hassan Haskins,RB,,Active,,,,,1785882609604.0,,,999.0,999.0,999.0,999.0,,,,,,,,,,,,,,hassan haskins
8033,Bernhard Seikovits,TE,,Active,,,,,1745972435874.0,,,999.0,999.0,999.0,999.0,,,,,,,,,,,,,,bernhard seikovits
7961,Jose Borregales,K,,Active,,,,,1661878524044.0,,,999.0,999.0,999.0,999.0,,,,,,,,,,,,,,jose borregales
3161,Carson Wentz,QB,MIN,Active,,,,,1779916830289.0,QB,3.0,999.0,999.0,999.0,999.0,12.44,12.44,6.0,2.0,,,,,,221.0,1.0,1.0,32.0,carson wentz
5111,Javon Wims,WR,,Active,,,,,1693323903631.0,,,999.0,999.0,999.0,999.0,,,,,,,,,,,,,,javon wims
5791,Gerald Holmes,RB,,Active,,,,,1534541731493.0,,,999.0,999.0,999.0,999.0,,,,,,,,,,,,,,gerald holmes
12705,Graham Mertz,QB,HOU,Active,,,,,1780608036909.0,QB,3.0,999.0,999.0,999.0,999.0,,,,,,,,,,,,,,graham mertz
7600,Pat Freiermuth,TE,PIT,Active,,,,,1785696955824.0,TE,1.0,999.0,999.0,999.0,999.0,128.4,77.4,,,51.0,534.0,4.0,,,,,,,pat freiermuth
8527,Dareke Young,WR,LV,Active,,,,,1782249623537.0,SWR,7.0,999.0,999.0,999.0,999.0,4.6,2.6,,,2.0,26.0,,,,,,,,dareke young
13026,Moochie Dixon,WR,,Active,,,,,1756225808864.0,,,999.0,999.0,999.0,999.0,,,,,,,,,,,,,,moochie dixon
11199,Emari Demercado,RB,KC,Active,,,,,1778170852374.0,RB,2.0,999.0,999.0,999.0,999.0,38.3,26.3,120.0,29.0,12.0,83.0,,,1.0,,,,,emari demercado
6002,Qadree Ollison,RB,,Active,,,,,1702329946964.0,,,999.0,999.0,999.0,999.0,,,,,,,,,,,,,,qadree ollison
8602,Danny Davis,WR,,Active,,,,,1669163156107.0,,,999.0,999.0,999.0,999.0,,,,,,,,,,,,,,danny davis
11645,Javon Baker,WR,,Active,,,,,1768542017360.0,,,999.0,999.0,999.0,999.0,,,,,,,,,,,,,,javon baker
2672,Damarr Aultman,WR,,Active,,,,,,,,999.0,999.0,999.0,999.0,,,,,,,,,,,,,,damarr aultman
12860,Theo Wease,WR,MIA,Active,,,,,1777569624694.0,RWR,1.0,999.0,999.0,999.0,999.0,67.6,42.6,,,25.0,306.0,2.0,,,,,,,theo wease
223,Larry Fitzgerald,WR,,Inactive,,,,,1649276454719.0,,,999.0,999.0,999.0,999.0,,,,,,,,,,,,,,larry fitzgerald
331,Philip Rivers,QB,,Active,,,,,1769440504298.0,,,999.0,999.0,999.0,999.0,,,,,,,,,,,,,,philip rivers
11104,SaRodorick Thompson,RB,,Active,,,,,1724619935192.0,,,999.0,999.0,999.0,999.0,,,,,,,,,,,,,,sarodorick thompson
5168,Jordan Chunn,RB,,Inactive,,,,,1621176003216.0,,,999.0,999.0,999.0,999.0,,,,,,,,,,,,,,jordan chunn
12688,Cam Miller,QB,MIA,Active,,,,,1767294333153.0,QB,3.0,999.0,999.0,999.0,999.0,,,,,,,,,,,,,,cam miller
4922,Garrett Scantling,WR,ATL,Active,,,,,,,,999.0,999.0,999.0,999.0,,,,,,,,,,,,,,garrett scantling
12486,Dillon Gabriel,QB,CLE,Active,,,,,1785866707261.0,QB,4.0,999.0,999.0,999.0,999.0,11.86,11.86,13.0,2.0,,,,,,189.0,1.0,1.0,30.0,dillon gabriel
5831,Bryant Mitchell,WR,,Inactive,,,,,1599275454959.0,,,999.0,999.0,999.0,999.0,,,,,,,,,,,,,,bryant mitchell
10212,Josh Whyle,TE,GB,Active,,,,,1782498035775.0,TE,4.0,999.0,999.0,999.0,999.0,6.2,3.2,,,3.0,32.0,,,,,,,,josh whyle
11381,Travis Vokolek,TE,ARI,Active,,,,,1784788210744.0,,,999.0,999.0,999.0,999.0,,,,,,,,,,,,,,travis vokolek
8937,Parker White,K,,Active,,,,,1684789825891.0,,,999.0,999.0,999.0,999.0,,,,,,,,,,,,,,parker white
8161,Malik Willis,QB,MIA,Active,,,,,1786041950231.0,QB,1.0,137.8,139.9,139.7,94.0,270.12,270.12,712.0,125.0,,,,2.0,5.0,2848.0,17.0,9.0,419.0,malik willis
5201,Terry Swanson,RB,,Active,,,,,1535742407291.0,,,999.0,999.0,999.0,999.0,,,,,,,,,,,,,,terry swanson
1559,Mike Glennon,QB,,Active,,,,,1673325011837.0,,,999.0,999.0,999.0,999.0,,,,,,,,,,,,,,mike glennon
7558,Whop Philyor,WR,,Active,,,,,1630453253152.0,,,999.0,999.0,999.0,999.0,,,,,,,,,,,,,,whop philyor
4951,DJ Chark,WR,,Active,,,,,1774054541755.0,,,999.0,999.0,999.0,999.0,,,,,,,,,,,,,,dj chark
11729,Sione Vaki,RB,DET,Active,Questionable,Eye,,,1785863419889.0,RB,3.0,999.0,999.0,999.0,999.0,4.0,2.0,4.0,1.0,2.0,16.0,,,,,,,,sione vaki
11483,Ellis Merriweather,RB,,Active,,,,,1735077624671.0,,,999.0,999.0,999.0,999.0,,,,,,,,,,,,,,ellis merriweather
8228,Jaylen Warren,RB,PIT,Active,,,,,1785965440580.0,RB,2.0,74.8,51.9,66.6,83.7,170.6,134.6,759.0,172.0,36.0,267.0,1.0,2.0,5.0,,,,,jaylen warren
120,Adam Vinatieri,K,,Injured Reserve,,,,,1622061304799.0,,,999.0,999.0,999.0,999.0,,,,,,,,,,,,,,adam vinatieri
4786,Jhajuan Seales,WR,,Active,,,,,1508894461535.0,,,999.0,999.0,999.0,999.0,,,,,,,,,,,,,,jhajuan seales
5774,Cam Serigne,TE,,Active,,,,,,,,999.0,999.0,999.0,999.0,,,,,,,,,,,,,,cam serigne
8229,Isaiah Weston,WR,,Injured Reserve,,,,,1685048416914.0,,,999.0,999.0,999.0,999.0,,,,,,,,,,,,,,isaiah weston
11562,Spencer Rattler,QB,NO,Active,,,,,1786039849945.0,QB,2.0,999.0,999.0,999.0,999.0,12.68,12.68,16.0,4.0,,,,,,202.0,1.0,1.0,32.0,spencer rattler
8230,Ty Chandler,RB,NO,Active,,,,,1779294042663.0,RB,3.0,999.0,999.0,999.0,999.0,12.0,6.0,21.0,5.0,6.0,39.0,,,,,,,,ty chandler
6011,Gardner Minshew,QB,ARI,Active,,,,,1785169219350.0,QB,3.0,999.0,999.0,999.0,999.0,27.96,27.96,22.0,6.0,,,,,,394.0,3.0,2.0,60.0,gardner minshew
5089,Mike White,QB,,Active,,,,,1762894541308.0,,,999.0,999.0,999.0,999.0,,,,,,,,,,,,,,mike white
3296,Seth DeValve,TE,,Inactive,,,,,1608938141494.0,,,999.0,999.0,999.0,999.0,,,,,,,,,,,,,,seth devalve
SF,49ers,DEF,SF,,,,,,,,,214.0,208.4,208.4,238.3,84.0,84.0,,,,,,,,,,,,49ers
4453,Victor Bolden,WR,,Active,,,,,1692044761305.0,,,999.0,999.0,999.0,999.0,,,,,,,,,,,,,,victor bolden
12268,Colby Suits,QB,,Active,,,,,1716405922108.0,,,999.0,999.0,999.0,999.0,,,,,,,,,,,,,,colby suits
4680,Larry Clark,WR,,Active,,,,,,,,999.0,999.0,999.0,999.0,,,,,,,,,,,,,,larry clark
8732,Raleigh Webb,WR,,Active,,,,,1724602832370.0,,,999.0,999.0,999.0,999.0,,,,,,,,,,,,,,raleigh webb
3921,Nick Truesdell,TE,,Active,,,,,1565730006323.0,,,999.0,999.0,999.0,999.0,,,,,,,,,,,,,,nick truesdell
7581,Kellen Mond,QB,,Active,,,,,1715220016326.0,,,999.0,999.0,999.0,999.0,,,,,,,,,,,,,,kellen mond
6136,Jarrett Stidham,QB,DEN,Active,,,,,1783966223845.0,QB,2.0,999.0,999.0,999.0,999.0,12.22,12.22,13.0,2.0,,,,,,198.0,1.0,1.0,31.0,jarrett stidham
13644,Mason Shipley,K,,Active,,,,,1781769916236.0,,,999.0,999.0,999.0,999.0,,,,,,,,,,,,,,mason shipley
4749,Cameron Posey,WR,,Active,,,,,,,,999.0,999.0,999.0,999.0,,,,,,,,,,,,,,cameron posey
6590,Michael Colubiale,TE,,Inactive,,,,,1565659243102.0,,,999.0,999.0,999.0,999.0,,,,,,,,,,,,,,michael colubiale
7173,Jalen McCleskey,WR,,Active,,,,,1652711439898.0,,,999.0,999.0,999.0,999.0,,,,,,,,,,,,,,jalen mccleskey
13280,Chamon Metayer,TE,CAR,Active,,,,,1785555638812.0,TE,,999.0,999.0,999.0,999.0,,,,,,,,,,,,,,chamon metayer
5171,Kevin Rader,TE,,Inactive,,,,,1725315345596.0,,,999.0,999.0,999.0,999.0,,,,,,,,,,,,,,kevin rader
12494,Kyle McCord,QB,GB,Active,,,,,1768976457557.0,QB,3.0,999.0,999.0,999.0,999.0,,,,,,,,,,,,,,kyle mccord
8042,Chris Naggar,K,,Active,,,,,1652480422480.0,,,999.0,999.0,999.0,999.0,,,,,,,,,,,,,,chris naggar
13929,Sahmir Hagans,WR,IND,Active,,,,,1778218806390.0,SWR,,999.0,999.0,999.0,999.0,,,,,,,,,,,,,,sahmir hagans
4942,Marcell Ateman,WR,,Active,,,,,1696366832007.0,,,999.0,999.0,999.0,999.0,,,,,,,,,,,,,,marcell ateman
11626,Xavier Legette,WR,CAR,Active,,,,,1786077608835.0,RWR,4.0,999.0,999.0,999.0,999.0,66.0,42.0,10.0,1.0,24.0,290.0,2.0,,,,,,,xavier legette
4146,Dede Westbrook,WR,,Active,,,,,1670963420148.0,,,999.0,999.0,999.0,999.0,,,,,,,,,,,,,,dede westbrook
11582,Carson Steele,RB,PHI,Active,,,,,1768372260265.0,RB,6.0,999.0,999.0,999.0,999.0,,,,,,,,,,,,,,carson steele
11637,Keon Coleman,WR,BUF,Active,,,,,1785867307201.0,LWR,3.0,234.8,205.5,223.8,244.0,38.8,24.8,6.0,1.0,14.0,182.0,1.0,,,,,,,keon coleman
7744,Antonio Nunn,WR,,Active,,,,,1630459853869.0,,,999.0,999.0,999.0,999.0,,,,,,,,,,,,,,antonio nunn
9489,Justin Shorter,WR,LV,Inactive,IR,Undisclosed,,,1777937415977.0,,9.0,999.0,999.0,999.0,999.0,,,,,,,,,,,,,,justin shorter
8559,Josh Babicz,TE,,Active,,,,,1669442727260.0,,,999.0,999.0,999.0,999.0,,,,,,,,,,,,,,josh babicz
11864,Zach Heins,TE,,Active,,,,,1724796654735.0,,,999.0,999.0,999.0,999.0,,,,,,,,,,,,,,zach heins
11573,Frank Gore,RB,BUF,Active,,,,,1780608036786.0,RB,3.0,999.0,999.0,999.0,999.0,,,,,,,,,,,,,,frank gore
13408,Tanner Koziol,TE,JAX,Active,,,,,1782157811986.0,TE,4.0,999.0,999.0,999.0,999.0,32.8,18.8,,,14.0,128.0,1.0,,,,,,,tanner koziol
12817,Jake Briningstool,TE,KC,Active,,,,,1785443423180.0,TE,5.0,999.0,999.0,999.0,999.0,,,,,,,,,,,,,,jake briningstool
5700,Robert Martin,RB,,Active,,,,,1566883833659.0,,,999.0,999.0,999.0,999.0,,,,,,,,,,,,,,robert martin
7288,Ben Ellefson,TE,,Active,,,,,1685649041285.0,,,999.0,999.0,999.0,999.0,,,,,,,,,,,,,,ben ellefson
5857,Noah Fant,TE,NO,Active,,,,,1782072654493.0,TE,2.0,999.0,999.0,999.0,999.0,36.6,21.6,,,15.0,156.0,1.0,,,,,,,noah fant
13066,Ben Sauls,K,NYG,Active,,,,,1784085636663.0,K,1.0,369.0,326.2,365.5,383.0,41.0,41.0,,,,,,,,,,,,ben sauls
12725,Luke Lachey,TE,GB,Inactive,IR,Foot,,,1785980143824.0,,,999.0,999.0,999.0,999.0,,,,,,,,,,,,,,luke lachey
12500,Quinn Ewers,QB,MIA,Active,,,,,1782049551628.0,QB,2.0,999.0,999.0,999.0,258.6,12.4,12.4,16.0,4.0,,,,,,195.0,1.0,1.0,31.0,quinn ewers
6730,Jordan Ta'amu,QB,,Active,,,,,1693267527668.0,,,999.0,999.0,999.0,999.0,,,,,,,,,,,,,,jordan ta amu
7395,Rashad Medaris,WR,,Active,,,,,1599693382057.0,,,999.0,999.0,999.0,999.0,,,,,,,,,,,,,,rashad medaris
8103,Ryan Willis,QB,,Active,,,,,1654805552663.0,,,999.0,999.0,999.0,999.0,,,,,,,,,,,,,,ryan willis
13065,Ben Wooldridge,QB,,Active,,,,,1755938437493.0,,,999.0,999.0,999.0,999.0,,,,,,,,,,,,,,ben wooldridge
491,Danny Amendola,WR,,Active,,,,,1658804144420.0,,,999.0,999.0,999.0,999.0,,,,,,,,,,,,,,danny amendola
5154,Trent Sherfield,WR,BUF,Active,,,,,1774558238469.0,RWR,7.0,999.0,999.0,999.0,999.0,3.9,1.9,,,2.0,19.0,,,,,,,,trent sherfield
3347,Jake Rudock,QB,,Injured Reserve,,,,,1627860616853.0,,,999.0,999.0,999.0,999.0,,,,,,,,,,,,,,jake rudock
9224,Chase Brown,RB,CIN,Active,,,,,1785941137249.0,RB,1.0,19.0,17.8,16.4,34.5,255.2,198.2,945.0,220.0,57.0,417.0,3.0,2.0,8.0,,,,,chase brown
13889,Levi Wentz,WR,PIT,Active,,,,,1781849427452.0,SWR,,999.0,999.0,999.0,999.0,,,,,,,,,,,,,,levi wentz
12520,Xavier Restrepo,WR,TEN,Active,,,,,1767686710786.0,SWR,6.0,999.0,999.0,999.0,999.0,4.8,2.8,6.0,1.0,2.0,22.0,,,,,,,,xavier restrepo
13624,Shaleak Knotts,WR,,Active,,,,,,,,999.0,999.0,999.0,999.0,,,,,,,,,,,,,,shaleak knotts
8204,Bo Melton,WR,GB,Active,,,,,1781306433753.0,RWR,5.0,999.0,999.0,999.0,999.0,9.8,5.8,6.0,1.0,4.0,52.0,,,,,,,,bo melton
11073,Thayer Thomas,WR,,Active,,,,,1760838612080.0,,,999.0,999.0,999.0,999.0,,,,,,,,,,,,,,thayer thomas
13477,Colbie Young,WR,CIN,Active,,,,,1782322531629.0,LWR,5.0,999.0,999.0,999.0,999.0,31.0,20.0,,,11.0,140.0,1.0,,,,,,,colbie young
12521,Elijah Arroyo,TE,SEA,Active,,,,,1785690654989.0,TE,2.0,999.0,999.0,999.0,999.0,72.2,43.2,,,29.0,312.0,2.0,,,,,,,elijah arroyo
6357,Shawn Bane,WR,,Active,,,,,1566707457860.0,,,999.0,999.0,999.0,999.0,,,,,,,,,,,,,,shawn bane
5094,Ryan Izzo,TE,,Active,,,,,1660769154687.0,,,999.0,999.0,999.0,999.0,,,,,,,,,,,,,,ryan izzo
4914,Glen Coffee,RB,SF,Active,,,,,,,,,,,,,,,,,,,,,,,,,glen coffee
12479,Ja'Quinden Jackson,RB,,Active,,,,,1778530843503.0,,,999.0,999.0,999.0,999.0,,,,,,,,,,,,,,ja quinden jackson
5265,Nic Shimonek,QB,,Active,,,,,1535987767364.0,,,999.0,999.0,999.0,999.0,,,,,,,,,,,,,,nic shimonek
5012,Mark Andrews,TE,BAL,Active,,,,,1786068307894.0,TE,1.0,110.7,95.9,115.0,117.0,162.5,102.5,12.0,6.0,60.0,653.0,6.0,,,,,,,mark andrews
8027,Tre Harbison,RB,,Active,,,,,1652628934611.0,,,999.0,999.0,999.0,999.0,,,,,,,,,,,,,,tre harbison
12484,Jayden Higgins,WR,HOU,Active,,,,,1786066807465.0,RWR,2.0,131.1,126.3,129.3,146.7,165.4,108.4,6.0,1.0,57.0,778.0,5.0,,,,,,,jayden higgins
8234,Jaivon Heiligh,WR,,Active,,,,,1661204709252.0,,,999.0,999.0,999.0,999.0,,,,,,,,,,,,,,jaivon heiligh
7595,Tylan Wallace,WR,CLE,Active,,,,,1782249623411.0,RWR,7.0,999.0,999.0,999.0,999.0,4.2,2.2,,,2.0,22.0,,,,,,,,tylan wallace
13645,Michael Wortham,WR,JAX,Active,,,,,1777239638391.0,SWR,,999.0,999.0,999.0,999.0,,,,,,,,,,,,,,michael wortham
6074,Donald Parham,TE,,Active,,,,,1785688856913.0,,,999.0,999.0,999.0,999.0,,,,,,,,,,,,,,donald parham
13404,Garrett Nussmeier,QB,KC,Active,,,,,1781834723577.0,QB,4.0,999.0,999.0,999.0,216.2,,,,,,,,,,,,,,garrett nussmeier
2593,Antwan Goodley,WR,,Inactive,,,,,,,,999.0,999.0,999.0,999.0,,,,,,,,,,,,,,antwan goodley
6308,Ian Bunting,TE,,Active,,,,,1682374505867.0,,,999.0,999.0,999.0,999.0,,,,,,,,,,,,,,ian bunting
11815,Cornelius Johnson,WR,BAL,Active,,,,,1767668109198.0,LWR,5.0,999.0,999.0,999.0,999.0,,,,,,,,,,,,,,cornelius johnson
4934,Jalen Williams,WR,,Inactive,,,,,,,,999.0,999.0,999.0,999.0,,,,,,,,,,,,,,jalen williams
12077,Lincoln Victor,WR,,Active,,,,,1715641849075.0,,,999.0,999.0,999.0,999.0,,,,,,,,,,,,,,lincoln victor
2093,Ryan Grant,WR,,Active,,,,,1612386604735.0,,,999.0,999.0,999.0,999.0,,,,,,,,,,,,,,ryan grant
5282,Duplicate Player,WR,CHI,Inactive,,,,,,,,,,,,,,,,,,,,,,,,,duplicate player
7518,Taylor Russolino,K,,Active,,,,,1608600654642.0,,,999.0,999.0,999.0,999.0,,,,,,,,,,,,,,taylor russolino
11942,Colson Yankoff,TE,WAS,Active,,,,,1781220047876.0,TE,5.0,999.0,999.0,999.0,999.0,,,,,,,,,,,,,,colson yankoff
13436,Kentrel Bullock,RB,CIN,Active,,,,,1778281842193.0,RB,,999.0,999.0,999.0,999.0,,,,,,,,,,,,,,kentrel bullock
3202,Austin Hooper,TE,ATL,Active,,,,,1780438849368.0,TE,2.0,999.0,999.0,999.0,999.0,33.2,19.2,,,14.0,132.0,1.0,,,,,,,austin hooper
3336,Moritz Bohringer,TE,,Active,,,,,1596496505949.0,,,999.0,999.0,999.0,999.0,,,,,,,,,,,,,,moritz bohringer
6794,Justin Jefferson,WR,MIN,Active,,,,,1785602743639.0,LWR,1.0,12.4,18.5,11.4,17.6,250.4,160.4,6.0,1.0,90.0,1178.0,7.0,,,,,,,justin jefferson
391,Ryan Succop,K,,Active,,,,,1679665861767.0,,,999.0,999.0,999.0,999.0,,,,,,,,,,,,,,ryan succop
12750,Jonathan Kim,K,,Active,,,,,1755042947819.0,,,999.0,999.0,999.0,999.0,,,,,,,,,,,,,,jonathan kim
11347,Chase Cota,WR,,Active,,,,,1756239309309.0,,,999.0,999.0,999.0,999.0,,,,,,,,,,,,,,chase cota
11089,Jordan Byrd,WR,,Active,,,,,1693357205834.0,,,999.0,999.0,999.0,999.0,,,,,,,,,,,,,,jordan byrd
11377,Tyrell Shavers,WR,BUF,Active,PUP,Knee - ACL,,Surgery,1785275101335.0,LWR,6.0,999.0,999.0,999.0,999.0,29.2,19.2,6.0,1.0,10.0,126.0,1.0,,,,,,,tyrell shavers
11184,Daniel Arias,WR,,Active,,,,,1724268633805.0,,,999.0,999.0,999.0,999.0,,,,,,,,,,,,,,daniel arias
7400,Manasseh Bailey,WR,,Active,,,,,1629840627914.0,,,999.0,999.0,999.0,999.0,,,,,,,,,,,,,,manasseh bailey
7988,Riley Lees,WR,,Active,,,,,1629218145672.0,,,999.0,999.0,999.0,999.0,,,,,,,,,,,,,,riley lees
6322,Xavier Ubosi,WR,,Inactive,,,,,1564358416945.0,,,999.0,999.0,999.0,999.0,,,,,,,,,,,,,,xavier ubosi
8411,Devon Allen,WR,,Active,,,,,1703791536862.0,,,999.0,999.0,999.0,999.0,,,,,,,,,,,,,,devon allen
2943,Mark Weisman,RB,,Active,,,,,,,,999.0,999.0,999.0,999.0,,,,,,,,,,,,,,mark weisman
7992,Matt Bushman,TE,,Active,,,,,1694212823478.0,,,999.0,999.0,999.0,999.0,,,,,,,,,,,,,,matt bushman
8202,Michael Woods,WR,DEN,Inactive,Questionable,Leg,,,1782443431262.0,,,999.0,999.0,999.0,999.0,,,,,,,,,,,,,,michael woods
1067,Marvin Jones,WR,,Active,,,,,1698246360814.0,,,999.0,999.0,999.0,999.0,,,,,,,,,,,,,,marvin jones
2381,Chris Conley,WR,,Active,,,,,1749342052398.0,,,999.0,999.0,999.0,999.0,,,,,,,,,,,,,,chris conley
11600,Ja'Tavion Sanders,TE,CAR,Active,,,,,1786075210324.0,TE,1.0,999.0,999.0,999.0,999.0,37.8,20.8,,,17.0,148.0,1.0,,,,,,,ja tavion sanders
4475,Sefo Liufau,QB,,Inactive,,,,,,,,999.0,999.0,999.0,999.0,,,,,,,,,,,,,,sefo liufau
2917,Brian Vogler,TE,,Active,,,,,,,,999.0,999.0,999.0,999.0,,,,,,,,,,,,,,brian vogler
676,LeSean McCoy,RB,,Injured Reserve,,,,,1633054827877.0,,,999.0,999.0,999.0,999.0,,,,,,,,,,,,,,lesean mccoy
12126,Isaac Rex,TE,,Active,,,,,1724796955191.0,,,999.0,999.0,999.0,999.0,,,,,,,,,,,,,,isaac rex
12713,Andy Borregales,K,NE,Active,,,,,1783982725766.0,K,1.0,184.0,157.2,153.7,177.2,96.0,96.0,,,,,,,,,,,,andy borregales
6553,Austin Walter,RB,,Active,,,,,1691097947383.0,,,999.0,999.0,999.0,999.0,,,,,,,,,,,,,,austin walter
5980,Myles Gaskin,RB,,Active,,,,,1765673711768.0,,,999.0,999.0,999.0,999.0,,,,,,,,,,,,,,myles gaskin
1903,Taylor Gabriel,WR,,Injured Reserve,,,,,1745798767013.0,,,999.0,999.0,999.0,999.0,,,,,,,,,,,,,,taylor gabriel
9230,Tanner McKee,QB,PHI,Active,,,,,1781189423239.0,QB,2.0,999.0,999.0,999.0,999.0,12.42,12.42,15.0,4.0,,,,,,198.0,1.0,1.0,31.0,tanner mckee
5008,Durham Smythe,TE,BAL,Active,,,,,1780442449933.0,TE,3.0,999.0,999.0,999.0,999.0,9.9,4.9,,,5.0,49.0,,,,,,,,durham smythe
5785,James Butler,RB,,Active,,,,,1571082642904.0,,,999.0,999.0,999.0,999.0,,,,,,,,,,,,,,james butler
6628,Ventell Bryant,WR,,Active,,,,,1632276052489.0,,,999.0,999.0,999.0,999.0,,,,,,,,,,,,,,ventell bryant
8665,Armani Rogers,TE,,Active,,,,,1744993836875.0,,,999.0,999.0,999.0,999.0,,,,,,,,,,,,,,armani rogers
10651,Mohamed Ibrahim,RB,,Active,,,,,1724698544558.0,,,999.0,999.0,999.0,999.0,,,,,,,,,,,,,,mohamed ibrahim
4160,Josh Malone,WR,,Active,,,,,1669758353644.0,,,999.0,999.0,999.0,999.0,,,,,,,,,,,,,,josh malone
6269,Kyle Shurmur,QB,,Active,,,,,1641342629516.0,,,999.0,999.0,999.0,999.0,,,,,,,,,,,,,,kyle shurmur
2939,Javess Blue,WR,,Active,,,,,,,,999.0,999.0,999.0,999.0,,,,,,,,,,,,,,javess blue
7314,Dominik Eberle,K,,Active,,,,,1664915443750.0,,,999.0,999.0,999.0,999.0,,,,,,,,,,,,,,dominik eberle
9754,Quentin Johnston,WR,LAC,Active,,,,,1785255057882.0,LWR,2.0,102.6,110.1,102.5,129.2,163.9,105.9,11.0,2.0,58.0,748.0,5.0,,,,,,,quentin johnston
5760,Josh Crockett,WR,,Active,,,,,1556985040628.0,,,999.0,999.0,999.0,999.0,,,,,,,,,,,,,,josh crockett
14018,Jordan Nubin,RB,,Active,,,,,,,,999.0,999.0,999.0,999.0,,,,,,,,,,,,,,jordan nubin
5112,Bo Scarbrough,RB,,Active,,,,,1629162040185.0,,,999.0,999.0,999.0,999.0,,,,,,,,,,,,,,bo scarbrough
NYG,Giants,DEF,NYG,,,,,,,,,192.5,188.9,188.9,220.2,86.0,86.0,,,,,,,,,,,,giants
2431,Mike Davis,RB,,Active,,,,,1708376155833.0,,,999.0,999.0,999.0,999.0,,,,,,,,,,,,,,mike davis
13288,Nicholas Singleton,RB,TEN,Active,,,,,1785896409339.0,RB,3.0,176.4,166.7,170.9,218.9,63.7,51.7,270.0,65.0,12.0,87.0,1.0,1.0,2.0,,,,,nicholas singleton
2752,Trent Steelman,WR,,Active,,,,,,,,999.0,999.0,999.0,999.0,,,,,,,,,,,,,,trent steelman
5800,Justin Stockton,RB,,Active,,,,,1566829820700.0,,,999.0,999.0,999.0,999.0,,,,,,,,,,,,,,justin stockton
4607,Zach Conque,QB,,Active,,,,,1565555425590.0,,,999.0,999.0,999.0,999.0,,,,,,,,,,,,,,zach conque
12363,Xavier Wade,WR,,Active,,,,,,,,999.0,999.0,999.0,999.0,,,,,,,,,,,,,,xavier wade
13867,Sean Brown,WR,,Active,,,,,,,,999.0,999.0,999.0,999.0,,,,,,,,,,,,,,sean brown
11126,Michael Ezeike,TE,,Active,,,,,1724812860332.0,,,999.0,999.0,999.0,999.0,,,,,,,,,,,,,,michael ezeike
6453,D.J. Montgomery,WR,,Active,,,,,1773269450634.0,,,999.0,999.0,999.0,999.0,,,,,,,,,,,,,,d j montgomery
5587,Chris Warren,RB,,Active,,,,,1564349114465.0,,,999.0,999.0,999.0,999.0,,,,,,,,,,,,,,chris warren
12503,Isaiah Bond,WR,CLE,Active,,,,,1784150450768.0,SWR,5.0,999.0,999.0,999.0,999.0,71.8,45.8,22.0,4.0,26.0,316.0,2.0,,,,,,,isaiah bond
5235,David Wells,TE,,Active,,,,,1724625936172.0,,,999.0,999.0,999.0,999.0,,,,,,,,,,,,,,david wells
TEN,Titans,DEF,TEN,,,,,,,,,270.2,266.0,266.7,285.5,67.0,67.0,,,,,,,,,,,,titans
5705,John Franklin,WR,,Inactive,,,,,1726441215550.0,,,999.0,999.0,999.0,999.0,,,,,,,,,,,,,,john franklin
11607,Hayden Hatten,WR,,Active,,,,,1729031122898.0,,,999.0,999.0,999.0,999.0,,,,,,,,,,,,,,hayden hatten
11580,Dillon Johnson,RB,,Active,,,,,1755642344121.0,,,999.0,999.0,999.0,999.0,,,,,,,,,,,,,,dillon johnson
3177,Corey Coleman,WR,,Active,,,,,1664922044923.0,,,999.0,999.0,999.0,999.0,,,,,,,,,,,,,,corey coleman
4537,Jordan Johnson,RB,,Active,,,,,,,,999.0,999.0,999.0,999.0,,,,,,,,,,,,,,jordan johnson
5570,Chad Beebe,WR,,Active,,,,,1660605304236.0,,,999.0,999.0,999.0,999.0,,,,,,,,,,,,,,chad beebe
13238,Winston Wright,WR,,Active,,,,,1755073550752.0,,,999.0,999.0,999.0,999.0,,,,,,,,,,,,,,winston wright
13731,Luke Drzewiecki,K,,Active,,,,,,,,999.0,999.0,999.0,999.0,,,,,,,,,,,,,,luke drzewiecki
13433,Riley Nowakowski,TE,PIT,Active,,,,,1781216404734.0,RB,5.0,999.0,999.0,999.0,999.0,9.6,4.6,,,5.0,46.0,,,,,,,,riley nowakowski
13210,Drake Dabney,TE,GB,Active,,,,,1769062544331.0,TE,3.0,999.0,999.0,999.0,999.0,,,,,,,,,,,,,,drake dabney
233,Matt Moore,QB,,Inactive,,,,,1612840526668.0,,,999.0,999.0,999.0,999.0,,,,,,,,,,,,,,matt moore
6446,Jon Hilliman,RB,,Active,,,,,1596395417324.0,,,999.0,999.0,999.0,999.0,,,,,,,,,,,,,,jon hilliman
6894,Mitchell Wilcox,TE,,Active,,,,,1736029530789.0,,,999.0,999.0,999.0,999.0,,,,,,,,,,,,,,mitchell wilcox
12786,Anthony Landphere,TE,,Active,,,,,1747237231781.0,,,999.0,999.0,999.0,999.0,,,,,,,,,,,,,,anthony landphere
3440,Josh Woodrum,QB,,Active,,,,,1565671244786.0,,,999.0,999.0,999.0,999.0,,,,,,,,,,,,,,josh woodrum
4806,Brandon Radcliff,RB,,Active,,,,,1514938801672.0,,,999.0,999.0,999.0,999.0,,,,,,,,,,,,,,brandon radcliff
7618,Micah Simon,WR,CAR,Active,,,,,1629420311214.0,,,999.0,999.0,999.0,999.0,,,,,,,,,,,,,,micah simon
11625,Adonai Mitchell,WR,NYJ,Active,,,,,1785680453611.0,LWR,2.0,177.9,162.2,172.9,188.2,98.3,63.3,10.0,1.0,35.0,443.0,3.0,,,,,,,adonai mitchell
12389,Hayden Rucci,TE,SF,Active,,,,,1769128213892.0,TE,3.0,999.0,999.0,999.0,999.0,,,,,,,,,,,,,,hayden rucci
4610,Deante' Gray,WR,,Active,,,,,1522115101387.0,,,999.0,999.0,999.0,999.0,,,,,,,,,,,,,,deante gray
5747,Kayaune Ross,WR,,Active,,,,,1533405320530.0,,,999.0,999.0,999.0,999.0,,,,,,,,,,,,,,kayaune ross
11540,La'Michael Pettway,TE,,Active,,,,,1724702144642.0,,,999.0,999.0,999.0,999.0,,,,,,,,,,,,,,la michael pettway
2922,Devin Mahina,TE,,Active,,,,,,,,999.0,999.0,999.0,999.0,,,,,,,,,,,,,,devin mahina
6938,Cam Akers,RB,,Active,,,,,1777323918937.0,,,999.0,999.0,999.0,999.0,5.1,3.1,16.0,4.0,2.0,15.0,,,,,,,,cam akers
7367,Will Hastings,WR,,Inactive,,,,,1599693357324.0,,,999.0,999.0,999.0,999.0,,,,,,,,,,,,,,will hastings
11080,Malik Knowles,WR,,Active,,,,,1756068349202.0,,,999.0,999.0,999.0,999.0,,,,,,,,,,,,,,malik knowles
7972,Tony Poljan,TE,,Active,,,,,1641865529499.0,,,999.0,999.0,999.0,999.0,,,,,,,,,,,,,,tony poljan
4198,Jamal Agnew,WR,,Active,Questionable,Undisclosed,,,1766526013946.0,,,999.0,999.0,999.0,999.0,,,,,,,,,,,,,,jamal agnew
4938,Speedy Noil,WR,,Active,,,,,,,,999.0,999.0,999.0,999.0,,,,,,,,,,,,,,speedy noil
13274,Germie Bernard,WR,PIT,Active,,,,,1785517832351.0,SWR,3.0,220.8,193.6,210.4,228.4,98.9,62.9,10.0,2.0,36.0,439.0,3.0,,,,,,,germie bernard
6552,Malik Henry,WR,,Active,,,,,1601508912139.0,,,999.0,999.0,999.0,999.0,,,,,,,,,,,,,,malik henry
11821,Tahj Washington,WR,MIA,Active,,,,,1767721512702.0,SWR,9.0,999.0,999.0,999.0,999.0,,,,,,,,,,,,,,tahj washington
3655,Reggie Diggs,WR,,Active,,,,,,,,999.0,999.0,999.0,999.0,,,,,,,,,,,,,,reggie diggs
8407,T.J. Pledger,RB,,Active,,,,,1661211310021.0,,,999.0,999.0,999.0,999.0,,,,,,,,,,,,,,t j pledger
2800,Mario Hull,WR,,Active,,,,,,,,999.0,999.0,999.0,999.0,,,,,,,,,,,,,,mario hull
7537,Jaret Patterson,RB,LAC,Active,,,,,1781216403687.0,RB,4.0,999.0,999.0,999.0,999.0,,,,,,,,,,,,,,jaret patterson
12471,DJ Giddens,RB,IND,Active,,,,,1785917429533.0,RB,2.0,999.0,999.0,999.0,999.0,30.0,24.0,137.0,33.0,6.0,43.0,,,1.0,,,,,dj giddens
12467,Jordan James,RB,SF,Active,Questionable,Ribs,,Fracture,1785528935726.0,RB,2.0,999.0,999.0,999.0,999.0,59.7,48.7,287.0,68.0,11.0,80.0,,,2.0,,,,,jordan james
2909,Beau Gardner,TE,,Active,,,,,,,,999.0,999.0,999.0,999.0,,,,,,,,,,,,,,beau gardner
5889,Bryce Love,RB,,Inactive,,,,,1618933803497.0,,,999.0,999.0,999.0,999.0,,,,,,,,,,,,,,bryce love
2577,Devante Davis,WR,,Active,,,,,,,,999.0,999.0,999.0,999.0,,,,,,,,,,,,,,devante davis
5661,Chris Lacy,WR,,Active,,,,,1693863655591.0,,,999.0,999.0,999.0,999.0,,,,,,,,,,,,,,chris lacy
6439,Hale Hentges,TE,,Injured Reserve,,,,,1607571339978.0,,,999.0,999.0,999.0,999.0,,,,,,,,,,,,,,hale hentges
8114,Erik Ezukanma,WR,PHI,Active,,,,,1781619622337.0,SWR,8.0,999.0,999.0,999.0,999.0,,,,,,,,,,,,,,erik ezukanma
3503,Geronimo Allison,WR,,Active,,,,,1669157152692.0,,,999.0,999.0,999.0,999.0,,,,,,,,,,,,,,geronimo allison
8144,Chris Olave,WR,NO,Active,,,,,1786037749634.0,LWR,1.0,26.4,31.2,31.8,39.0,231.8,151.8,6.0,1.0,80.0,1072.0,7.0,,,,,,,chris olave
13305,Mike Washington,RB,LV,Active,,,,,1784736015620.0,RB,2.0,179.1,138.5,163.3,190.6,62.0,53.0,281.0,66.0,9.0,69.0,1.0,,2.0,,,,,mike washington
11621,Brenden Rice,WR,,Active,Questionable,Undisclosed,,,1785554738377.0,,,999.0,999.0,999.0,999.0,,,,,,,,,,,,,,brenden rice
6529,Chris Myarick,TE,LV,Active,,,,,1785975342231.0,TE,,999.0,999.0,999.0,999.0,,,,,,,,,,,,,,chris myarick
4984,Josh Allen,QB,BUF,Active,,,,,1786045850807.0,QB,1.0,28.2,15.0,24.2,1.2,361.5,361.5,535.0,110.0,,,,3.0,11.0,3650.0,27.0,10.0,474.0,josh allen
11053,Antoine Green,WR,,Active,,,,,1745972435877.0,,,999.0,999.0,999.0,999.0,,,,,,,,,,,,,,antoine green
7234,Maurice Ffrench,WR,,Active,,,,,1660599932439.0,,,999.0,999.0,999.0,999.0,,,,,,,,,,,,,,maurice ffrench
1848,James White,RB,,Active,,,,,1660234223244.0,,,999.0,999.0,999.0,999.0,,,,,,,,,,,,,,james white
12938,Jackson Meeks,WR,DET,Active,,,,,1781975142927.0,SWR,,999.0,999.0,999.0,999.0,,,,,,,,,,,,,,jackson meeks
7579,Austin Watkins,WR,,Active,,,,,1724703644508.0,,,999.0,999.0,999.0,999.0,,,,,,,,,,,,,,austin watkins
14005,Tommy Thomas,WR,,Active,,,,,,,,999.0,999.0,999.0,999.0,,,,,,,,,,,,,,tommy thomas
12029,Tyler Harrell,WR,,Active,,,,,1724808959646.0,,,999.0,999.0,999.0,999.0,,,,,,,,,,,,,,tyler harrell
7580,Khalil McClain,WR,,Active,,,,,1629149443462.0,,,999.0,999.0,999.0,999.0,,,,,,,,,,,,,,khalil mcclain
4937,Al Riles,WR,IND,Active,,,,,,,,999.0,999.0,999.0,999.0,,,,,,,,,,,,,,al riles
12907,Quentin Skinner,WR,BUF,Active,,,,,1784062534250.0,SWR,,999.0,999.0,999.0,999.0,,,,,,,,,,,,,,quentin skinner
650,Nick Folk,K,ATL,Active,,,,,1779380447368.0,K,1.0,285.5,249.0,268.3,300.0,95.0,95.0,,,,,,,,,,,,nick folk
4328,Jerome Lane,WR,,Active,,,,,,,,999.0,999.0,999.0,999.0,,,,,,,,,,,,,,jerome lane
947,Julio Jones,WR,,Active,,,,,1743925218895.0,,,999.0,999.0,999.0,999.0,,,,,,,,,,,,,,julio jones
6261,Reggie White,WR,,Active,,,,,1588717502922.0,,,999.0,999.0,999.0,999.0,,,,,,,,,,,,,,reggie white
7582,Jhamon Ausbon,WR,,Active,,,,,1629687049340.0,,,999.0,999.0,999.0,999.0,,,,,,,,,,,,,,jhamon ausbon
9500,Josh Downs,WR,IND,Active,,,,,1786043750877.0,SWR,2.0,125.1,133.4,121.0,156.2,180.4,106.4,14.0,2.0,74.0,810.0,4.0,,,,,,,josh downs
11762,Anthony Gould,WR,IND,Active,,,,,1782249623935.0,SWR,6.0,999.0,999.0,999.0,999.0,3.2,2.2,6.0,1.0,1.0,16.0,,,,,,,,anthony gould
7602,Kylen Granson,TE,TEN,Active,,,,,1780442450107.0,TE,4.0,999.0,999.0,999.0,999.0,4.0,2.0,,,2.0,20.0,,,,,,,,kylen granson
12516,Kalel Mullings,RB,TEN,Active,,,,,1780024826163.0,RB,5.0,999.0,999.0,999.0,999.0,5.6,3.6,20.0,5.0,2.0,16.0,,,,,,,,kalel mullings
12357,David Martin-Robinson,TE,TEN,Active,,,,,1768025102697.0,TE,5.0,999.0,999.0,999.0,999.0,,,,,,,,,,,,,,david martin robinson
3668,Joshua Perkins,TE,NYJ,Active,,,,,1640841938739.0,,,999.0,999.0,999.0,999.0,,,,,,,,,,,,,,joshua perkins
11231,Christian Trahan,TE,,Active,,,,,1693406109254.0,,,999.0,999.0,999.0,999.0,,,,,,,,,,,,,,christian trahan
11130,Pokey Wilson,WR,,Active,,,,,1756081250519.0,,,999.0,999.0,999.0,999.0,,,,,,,,,,,,,,pokey wilson
3805,Jon Brown,K,,Active,,,,,1604952627758.0,,,999.0,999.0,999.0,999.0,,,,,,,,,,,,,,jon brown
6318,Jordan Ellis,RB,,Active,,,,,1569357943677.0,,,999.0,999.0,999.0,999.0,,,,,,,,,,,,,,jordan ellis
13315,Dean Connors,RB,LAR,Active,,,,,1778170852584.0,RB,5.0,999.0,999.0,999.0,999.0,8.4,6.4,46.0,11.0,2.0,18.0,,,,,,,,dean connors
1048,Lamar Miller,RB,,Active,,,,,1639491610971.0,,,999.0,999.0,999.0,999.0,,,,,,,,,,,,,,lamar miller
5010,Will Dissly,TE,,Active,Questionable,Undisclosed,,,1772660433138.0,,,999.0,999.0,999.0,999.0,27.0,16.0,,,11.0,100.0,1.0,,,,,,,will dissly
6039,Ty Johnson,RB,BUF,Active,,,,,1785077110204.0,RB,2.0,999.0,999.0,999.0,999.0,55.8,38.8,137.0,32.0,17.0,131.0,1.0,,1.0,,,,,ty johnson
6803,Brandon Aiyuk,WR,SF,Active,DNR,Knee - ACL + MCL,,Surgery,1785970541391.0,,6.0,190.2,176.7,194.0,200.0,49.6,33.6,3.0,,16.0,213.0,2.0,,,,,,,brandon aiyuk
14069,Connor Hulstein,TE,NYJ,Active,,,,,1785969341628.0,,,999.0,999.0,999.0,999.0,,,,,,,,,,,,,,connor hulstein
12544,LeQuint Allen,RB,JAX,Active,,,,,1785436521962.0,RB,4.0,999.0,999.0,999.0,999.0,56.2,38.2,135.0,33.0,18.0,127.0,1.0,,1.0,,,,,lequint allen
11249,Chris Smith,RB,,Active,,,,,1685648741267.0,,,999.0,999.0,999.0,999.0,,,,,,,,,,,,,,chris smith
9997,Zay Flowers,WR,BAL,Active,,,,,1785948038079.0,SWR,1.0,43.8,50.8,43.5,60.0,228.2,147.2,29.0,5.0,81.0,1103.0,6.0,1.0,,,,,,zay flowers
5407,Ervin Philips,RB,,Active,,,,,,,,999.0,999.0,999.0,999.0,,,,,,,,,,,,,,ervin philips
6032,Keelan Doss,WR,,Active,,,,,1723673761515.0,,,999.0,999.0,999.0,999.0,,,,,,,,,,,,,,keelan doss
13943,Squirrel White,WR,,Active,NA,Undisclosed,,,1778538644675.0,,,999.0,999.0,999.0,999.0,,,,,,,,,,,,,,squirrel white
8172,Greg Dulcich,TE,MIA,Active,Questionable,Undisclosed,,,1786038949892.0,TE,1.0,999.0,999.0,999.0,999.0,110.9,63.9,,,47.0,459.0,3.0,,,,,,,greg dulcich
4730,Sam Cotton,TE,,Active,,,,,,,,999.0,999.0,999.0,999.0,,,,,,,,,,,,,,sam cotton
11359,Kody Case,WR,,Active,,,,,1693159822316.0,,,999.0,999.0,999.0,999.0,,,,,,,,,,,,,,kody case
7092,Chris Finke,WR,,Active,,,,,1661883329049.0,,,999.0,999.0,999.0,999.0,,,,,,,,,,,,,,chris finke
2916,Ify Umodu,WR,,Active,,,,,,,,999.0,999.0,999.0,999.0,,,,,,,,,,,,,,ify umodu
12398,Jadon Janke,WR,,Active,,,,,1748908817160.0,,,999.0,999.0,999.0,999.0,,,,,,,,,,,,,,jadon janke
9222,Zach Evans,RB,,Active,,,,,1753825824567.0,,,999.0,999.0,999.0,999.0,,,,,,,,,,,,,,zach evans
7576,Sage Surratt,TE,,Active,,,,,1725314745424.0,,,999.0,999.0,999.0,999.0,,,,,,,,,,,,,,sage surratt
14034,Brock Rechsteiner,WR,NO,Active,Sus,Suspension,,,1786074008352.0,,,999.0,999.0,999.0,999.0,,,,,,,,,,,,,,brock rechsteiner
12506,Harold Fannin,TE,CLE,Active,,,,,1785520234130.0,TE,1.0,62.6,62.6,66.7,79.7,180.4,106.4,25.0,6.0,74.0,739.0,5.0,,,,,,,harold fannin
7613,Jonathan Adams,WR,,Active,,,,,1624427703806.0,,,999.0,999.0,999.0,999.0,,,,,,,,,,,,,,jonathan adams
8222,Josh Johnson,WR,,Active,,,,,,,,999.0,999.0,999.0,999.0,,,,,,,,,,,,,,josh johnson
13990,Paul Geelen,K,,Active,,,,,,,,999.0,999.0,999.0,999.0,,,,,,,,,,,,,,paul geelen
2331,Breshad Perriman,WR,,Active,,,,,1693238149214.0,,,999.0,999.0,999.0,999.0,,,,,,,,,,,,,,breshad perriman
12093,Geordon Porter,WR,,Active,,,,,,,,999.0,999.0,999.0,999.0,,,,,,,,,,,,,,geordon porter
8193,E.J. Perry,QB,,Active,,,,,1725001508195.0,,,999.0,999.0,999.0,999.0,,,,,,,,,,,,,,e j perry
13870,Quentin Moore,TE,WAS,Active,,,,,1778201104143.0,TE,,999.0,999.0,999.0,999.0,,,,,,,,,,,,,,quentin moore
11421,Ryan Miller,WR,NYG,Active,,,,,1775571624307.0,SWR,12.0,999.0,999.0,999.0,999.0,,,,,,,,,,,,,,ryan miller
6778,Chris Streveler,QB,,Inactive,,,,,1704384060419.0,,,999.0,999.0,999.0,999.0,,,,,,,,,,,,,,chris streveler
7050,Josiah Deguara,TE,SF,Active,,,,,1785543936229.0,TE,5.0,999.0,999.0,999.0,999.0,,,,,,,,,,,,,,josiah deguara
7903,Briley Moore,TE,,Active,,,,,1660767354564.0,,,999.0,999.0,999.0,999.0,,,,,,,,,,,,,,briley moore
5395,Shaun Wilson,RB,,Active,,,,,1595795416080.0,,,999.0,999.0,999.0,999.0,,,,,,,,,,,,,,shaun wilson
8706,Kehinde Oginni,TE,,Active,,,,,1715289020713.0,,,999.0,999.0,999.0,999.0,,,,,,,,,,,,,,kehinde oginni
5464,De'Lance Turner,RB,,Active,,,,,1589760325995.0,,,999.0,999.0,999.0,999.0,,,,,,,,,,,,,,de lance turner
4144,Jonnu Smith,TE,,Active,,,,,1777335619530.0,,,999.0,999.0,999.0,999.0,35.9,20.9,10.0,2.0,15.0,139.0,1.0,,,,,,,jonnu smith
12009,Jack Plummer,QB,,Active,,,,,1785274802398.0,,,999.0,999.0,999.0,999.0,,,,,,,,,,,,,,jack plummer
13346,Denzel Boston,WR,CLE,Active,,,,,1786044350484.0,LWR,3.0,147.5,153.3,144.4,177.9,123.9,75.9,12.0,2.0,48.0,567.0,3.0,,,,,,,denzel boston
8126,Wan'Dale Robinson,WR,TEN,Active,,,,,1785528933822.0,SWR,2.0,103.0,105.4,102.0,125.0,164.1,96.1,15.0,3.0,68.0,706.0,4.0,,,,,,,wan dale robinson
11773,Keilan Robinson,RB,,Active,Questionable,Undisclosed,,,1758236422656.0,,,999.0,999.0,999.0,999.0,,,,,,,,,,,,,,keilan robinson
3551,Max Wittek,QB,,Active,,,,,,,,999.0,999.0,999.0,999.0,,,,,,,,,,,,,,max wittek
8249,Lucas Krull,TE,DEN,Active,,,,,1781220047482.0,TE,5.0,999.0,999.0,999.0,999.0,8.1,4.1,,,4.0,41.0,,,,,,,,lucas krull
13712,Hayden Large,TE,CHI,Active,,,,,1778269541076.0,TE,,999.0,999.0,999.0,999.0,,,,,,,,,,,,,,hayden large
2914,Luke Lundy,RB,,Active,,,,,,,,999.0,999.0,999.0,999.0,,,,,,,,,,,,,,luke lundy
13345,Jonah Coleman,RB,DEN,Active,,,,,1785957039629.0,RB,3.0,145.0,117.5,130.2,164.1,63.9,53.9,304.0,72.0,10.0,75.0,1.0,1.0,2.0,,,,,jonah coleman
11168,Xavier Smith,WR,LAR,Active,,,,,1781299233276.0,SWR,5.0,999.0,999.0,999.0,999.0,24.1,17.1,16.0,3.0,7.0,95.0,1.0,,,,,,,xavier smith
6853,Van Jefferson,WR,WAS,Active,,,,,1781223647296.0,LWR,5.0,999.0,999.0,999.0,999.0,6.8,3.8,,,3.0,38.0,,,,,,,,van jefferson
8775,Andrew Mevis,K,,Active,,,,,1659127839978.0,,,999.0,999.0,999.0,999.0,,,,,,,,,,,,,,andrew mevis
6557,Jeff Smith,WR,,Active,,,,,1723588205716.0,,,999.0,999.0,999.0,999.0,,,,,,,,,,,,,,jeff smith
13293,Ja'Kobi Lane,WR,BAL,Active,,,,,1785946537907.0,RWR,3.0,197.8,181.9,191.7,207.3,90.1,58.1,5.0,1.0,32.0,396.0,3.0,,,,,,,ja kobi lane
11537,Wayne Taulapapa,RB,,Active,,,,,1693179642055.0,,,999.0,999.0,999.0,999.0,,,,,,,,,,,,,,wayne taulapapa
2771,Jimmie Hunt,WR,,Active,,,,,,,,999.0,999.0,999.0,999.0,,,,,,,,,,,,,,jimmie hunt
8489,Drew Ogletree,TE,IND,Active,,,,,1780442450276.0,TE,4.0,999.0,999.0,999.0,999.0,5.4,2.4,,,3.0,24.0,,,,,,,,drew ogletree
5239,Lamar Jordan,QB,,Active,,,,,,,,999.0,999.0,999.0,999.0,,,,,,,,,,,,,,lamar jordan
8801,Dennis Houston,WR,TB,Active,,,,,1767667809216.0,LWR,7.0,999.0,999.0,999.0,999.0,,,,,,,,,,,,,,dennis houston
12954,Kye Robichaux,RB,DET,Active,Questionable,Undisclosed,,,1754442627080.0,RB,6.0,999.0,999.0,999.0,999.0,,,,,,,,,,,,,,kye robichaux
8571,Ra'Shaun Henry,WR,,Inactive,,,,,1718171133423.0,,,999.0,999.0,999.0,999.0,,,,,,,,,,,,,,ra shaun henry
2430,Javorius Allen,RB,,Active,,,,,1578066924398.0,,,999.0,999.0,999.0,999.0,,,,,,,,,,,,,,javorius allen
11943,Michael Wiley,RB,,Active,Questionable,Undisclosed,,,1778373356787.0,,,999.0,999.0,999.0,999.0,,,,,,,,,,,,,,michael wiley
6239,Malik Taylor,WR,,Active,,,,,1756251921062.0,,,999.0,999.0,999.0,999.0,,,,,,,,,,,,,,malik taylor
11438,Dallas Daniels,WR,,Active,,,,,1684252849958.0,,,999.0,999.0,999.0,999.0,,,,,,,,,,,,,,dallas daniels
4451,Isaac Whitney,WR,ARI,Inactive,,,,,1628544033963.0,,,,,,,,,,,,,,,,,,,,isaac whitney
5286,Austin Allen,QB,,Active,,,,,1694549723425.0,,,999.0,999.0,999.0,999.0,,,,,,,,,,,,,,austin allen
8120,Jerrion Ealy,RB,,Active,,,,,1693352703668.0,,,999.0,999.0,999.0,999.0,,,,,,,,,,,,,,jerrion ealy
5752,Sherman Badie,RB,,Active,,,,,,,,999.0,999.0,999.0,999.0,,,,,,,,,,,,,,sherman badie
6789,Henry Ruggs,WR,,Active,,,,,1781208023541.0,,,999.0,999.0,999.0,999.0,,,,,,,,,,,,,,henry ruggs
11851,Carter Bradley,QB,JAX,Active,,,,,1768270225330.0,QB,3.0,999.0,999.0,999.0,999.0,,,,,,,,,,,,,,carter bradley
8670,Parker Romo,K,,Active,,,,,1763445337492.0,,,999.0,999.0,999.0,999.0,,,,,,,,,,,,,,parker romo
6528,Joey Slye,K,TEN,Active,,,,,1779402043488.0,K,1.0,351.0,325.0,359.0,380.0,84.0,84.0,,,,,,,,,,,,joey slye
8235,Samori Toure,WR,PHI,Active,,,,,1780379745012.0,SWR,9.0,999.0,999.0,999.0,999.0,,,,,,,,,,,,,,samori toure
13122,Carter Runyon,TE,LV,Active,,,,,1770860702937.0,TE,4.0,999.0,999.0,999.0,999.0,,,,,,,,,,,,,,carter runyon
8168,Skyy Moore,WR,GB,Active,,,,,1782249623564.0,SWR,6.0,999.0,999.0,999.0,999.0,3.0,2.0,6.0,1.0,1.0,14.0,,,,,,,,skyy moore
2446,MyCole Pruitt,TE,,Active,,,,,1739909412764.0,,,999.0,999.0,999.0,999.0,,,,,,,,,,,,,,mycole pruitt
2567,Bryan Bennett,QB,,Active,,,,,,,,999.0,999.0,999.0,999.0,,,,,,,,,,,,,,bryan bennett
11528,Garett Maag,WR,,Active,,,,,1693249549287.0,,,999.0,999.0,999.0,999.0,,,,,,,,,,,,,,garett maag
11946,Marcus Rosemy-Jacksaint,WR,,Active,,,,,1753758018852.0,,,999.0,999.0,999.0,999.0,,,,,,,,,,,,,,marcus rosemy jacksaint
4823,Keevan Lucas,WR,,Active,,,,,,,,999.0,999.0,999.0,999.0,,,,,,,,,,,,,,keevan lucas
5045,Courtland Sutton,WR,DEN,Active,,,,,1786057208443.0,LWR,1.0,77.9,71.9,83.1,90.9,174.3,115.3,,,59.0,793.0,6.0,,,,,,,courtland sutton
11388,Nolan Henderson,QB,,Active,,,,,1686084352904.0,,,999.0,999.0,999.0,999.0,,,,,,,,,,,,,,nolan henderson
9497,Jalin Hyatt,WR,NYG,Active,,,,,1782253224021.0,SWR,11.0,999.0,999.0,999.0,999.0,,,,,,,,,,,,,,jalin hyatt
CHI,Bears,DEF,CHI,,,,,,,,,209.2,204.4,204.4,237.4,85.0,85.0,,,,,,,,,,,,bears
6591,Charles Jones,TE,,Inactive,,,,,1620078937712.0,,,999.0,999.0,999.0,999.0,,,,,,,,,,,,,,charles jones
7175,Chris Rowland,WR,,Active,,,,,1637710843577.0,,,999.0,999.0,999.0,999.0,,,,,,,,,,,,,,chris rowland
9492,Trey Palmer,WR,NO,Active,,,,,1781219446706.0,SWR,10.0,999.0,999.0,999.0,999.0,,,,,,,,,,,,,,trey palmer
4774,De'Mard Llorens,RB,,Active,,,,,,,,999.0,999.0,999.0,999.0,,,,,,,,,,,,,,de mard llorens
3934,Troymaine Pope,RB,,Active,,,,,1630694721105.0,,,999.0,999.0,999.0,999.0,,,,,,,,,,,,,,troymaine pope
6665,Jody Fortson,TE,,Active,,,,,1773984953058.0,,,999.0,999.0,999.0,999.0,,,,,,,,,,,,,,jody fortson
12772,Courtney Jackson,WR,TEN,Active,,,,,1778287543079.0,SWR,,999.0,999.0,999.0,999.0,,,,,,,,,,,,,,courtney jackson
8570,Derek Wright,WR,,Active,,,,,1700859338698.0,,,999.0,999.0,999.0,999.0,,,,,,,,,,,,,,derek wright
8122,Zonovan Knight,RB,ARI,Active,,,,,1786077909551.0,RB,4.0,999.0,999.0,999.0,999.0,,,,,,,,,,,,,,zonovan knight
7594,Chuba Hubbard,RB,CAR,Active,,,,,1785519332659.0,RB,1.0,74.9,66.3,73.0,107.9,162.9,133.9,806.0,190.0,29.0,193.0,1.0,1.0,5.0,,,,,chuba hubbard
5120,Danny Etling,QB,,Active,,,,,1691354407648.0,,,999.0,999.0,999.0,999.0,,,,,,,,,,,,,,danny etling
4853,Jerod Evans,QB,,Active,,,,,1513719301197.0,,,999.0,999.0,999.0,999.0,,,,,,,,,,,,,,jerod evans
4536,Jason Croom,TE,,Active,,,,,1663687854809.0,,,999.0,999.0,999.0,999.0,,,,,,,,,,,,,,jason croom
4940,DeSean Smith,TE,,Active,,,,,,,,999.0,999.0,999.0,999.0,,,,,,,,,,,,,,desean smith
6879,Quartney Davis,WR,,Active,,,,,1629337504326.0,,,999.0,999.0,999.0,999.0,,,,,,,,,,,,,,quartney davis
11508,Princeton Fant,TE,DAL,Inactive,IR,Knee - ACL + MCL,,Surgery,1786078510328.0,TE,4.0,999.0,999.0,999.0,999.0,,,,,,,,,,,,,,princeton fant
5427,LaQuvionte Gonzalez,WR,,Active,,,,,1532473801543.0,,,999.0,999.0,999.0,999.0,,,,,,,,,,,,,,laquvionte gonzalez
3852,Jaydon Mickens,WR,,Active,,,,,1703046659491.0,,,999.0,999.0,999.0,999.0,,,,,,,,,,,,,,jaydon mickens
11834,Devaughn Vele,WR,NO,Active,,,,,1784771106337.0,SWR,4.0,239.8,208.6,227.3,249.1,91.0,58.0,8.0,1.0,33.0,392.0,3.0,,,,,,,devaughn vele
2981,Ross Scheuerman,RB,,Active,,,,,,,,999.0,999.0,999.0,999.0,,,,,,,,,,,,,,ross scheuerman
11789,Joshua Karty,K,,Active,,,,,1780619739622.0,,,999.0,999.0,999.0,999.0,,,,,,,,,,,,,,joshua karty
13208,Kyrese Rowan,WR,,Active,,,,,1765319753443.0,,,999.0,999.0,999.0,999.0,,,,,,,,,,,,,,kyrese rowan
7452,Josh Pearson,WR,,Active,,,,,1629077737024.0,,,999.0,999.0,999.0,999.0,,,,,,,,,,,,,,josh pearson
5252,Ray Lawry,RB,,Active,,,,,1534190709177.0,,,999.0,999.0,999.0,999.0,,,,,,,,,,,,,,ray lawry
11493,Jordan Murray,TE,,Inactive,,,,,1762301724759.0,,,999.0,999.0,999.0,999.0,,,,,,,,,,,,,,jordan murray
12341,Markese Stepp,RB,,Active,,,,,1717200920521.0,,,999.0,999.0,999.0,999.0,,,,,,,,,,,,,,markese stepp
5246,Jake Roh,TE,,Active,,,,,,,,999.0,999.0,999.0,999.0,,,,,,,,,,,,,,jake roh
13326,DT Sheffield,WR,NYJ,Active,,,,,1778274341346.0,SWR,,999.0,999.0,999.0,999.0,,,,,,,,,,,,,,dt sheffield
5254,Jimmy Williams,WR,,Active,,,,,1553119812550.0,,,999.0,999.0,999.0,999.0,,,,,,,,,,,,,,jimmy williams
3348,Kolby Listenbee,WR,,Inactive,,,,,1528412101303.0,,,999.0,999.0,999.0,999.0,,,,,,,,,,,,,,kolby listenbee
6850,Harrison Bryant,TE,,Active,Questionable,Undisclosed,,,1784677210358.0,,,999.0,999.0,999.0,999.0,4.0,2.0,,,2.0,20.0,,,,,,,,harrison bryant
5096,Ray-Ray McCloud,WR,,Active,,,,,1765414556318.0,,,999.0,999.0,999.0,999.0,,,,,,,,,,,,,,ray ray mccloud
5823,Tristan Vizcaino,K,,Active,,,,,1691437807742.0,,,999.0,999.0,999.0,999.0,,,,,,,,,,,,,,tristan vizcaino
3811,Alstevis Squirewell,RB,,Active,,,,,,,,999.0,999.0,999.0,999.0,,,,,,,,,,,,,,alstevis squirewell
7100,Derrick Dillon,WR,,Active,,,,,1660601103657.0,,,999.0,999.0,999.0,999.0,,,,,,,,,,,,,,derrick dillon
4098,Kareem Hunt,RB,,Active,,,,,1778602852051.0,,,999.0,999.0,999.0,999.0,24.2,21.2,130.0,35.0,3.0,22.0,,,1.0,,,,,kareem hunt
13402,Skyler Bell,WR,BUF,Active,,,,,1785898825373.0,SWR,5.0,999.0,999.0,999.0,999.0,92.2,60.2,7.0,1.0,32.0,415.0,3.0,,,,,,,skyler bell
8127,Charlie Kolar,TE,LAC,Active,,,,,1783973124234.0,TE,3.0,999.0,999.0,999.0,999.0,38.4,22.4,2.0,1.0,16.0,162.0,1.0,,,,,,,charlie kolar
12001,Lawrence Keys,WR,DET,Inactive,Questionable,Leg,,,1786060507176.0,,,999.0,999.0,999.0,999.0,,,,,,,,,,,,,,lawrence keys
12883,Joshua Simon,TE,ATL,Active,,,,,1769036459066.0,TE,4.0,999.0,999.0,999.0,999.0,,,,,,,,,,,,,,joshua simon
12156,James Turner,K,,Active,,,,,1722381333913.0,,,999.0,999.0,999.0,999.0,,,,,,,,,,,,,,james turner
3574,John Lunsford,K,,Active,,,,,,,,999.0,999.0,999.0,999.0,,,,,,,,,,,,,,john lunsford
5103,Dylan Cantrell,TE,,Active,,,,,1622914248528.0,,,999.0,999.0,999.0,999.0,,,,,,,,,,,,,,dylan cantrell
3200,Sterling Shepard,WR,,Active,,,,,1784926558286.0,,,999.0,999.0,999.0,999.0,0.6,0.6,6.0,1.0,,,,,,,,,,sterling shepard
4089,Gerald Everett,TE,,Active,,,,,1740182424166.0,,,999.0,999.0,999.0,999.0,,,,,,,,,,,,,,gerald everett
8760,Dre Miller,TE,,Active,,,,,1693350310331.0,,,999.0,999.0,999.0,999.0,,,,,,,,,,,,,,dre miller
2671,Josh Lambo,K,,Active,,,,,1679079313732.0,,,999.0,999.0,999.0,999.0,,,,,,,,,,,,,,josh lambo
8418,Jared Smart,WR,,Active,,,,,1658592923988.0,,,999.0,999.0,999.0,999.0,,,,,,,,,,,,,,jared smart
6175,Kerrith Whyte,RB,GB,Active,,,,,1640840438409.0,,,999.0,999.0,999.0,999.0,,,,,,,,,,,,,,kerrith whyte
13989,E.J. Warner,QB,,Active,,,,,1785688856898.0,,,999.0,999.0,999.0,999.0,,,,,,,,,,,,,,e j warner
2390,Tyler Kroft,TE,,Active,,,,,1705335356680.0,,,999.0,999.0,999.0,999.0,,,,,,,,,,,,,,tyler kroft
2341,T.J. Yeldon,RB,,Inactive,,,,,1632169510145.0,,,999.0,999.0,999.0,999.0,,,,,,,,,,,,,,t j yeldon
3393,Devin Fuller,WR,,Active,,,,,1530304801510.0,,,999.0,999.0,999.0,999.0,,,,,,,,,,,,,,devin fuller
8888,Kameron Brown,WR,,Active,,,,,1660663255289.0,,,999.0,999.0,999.0,999.0,,,,,,,,,,,,,,kameron brown
4718,Dare Ogunbowale,RB,LV,Active,,,,,1786027549235.0,RB,4.0,999.0,999.0,999.0,999.0,7.5,3.5,8.0,2.0,4.0,27.0,,,,,,,,dare ogunbowale
7855,Blake Haubeil,K,,Active,,,,,1641341729481.0,,,999.0,999.0,999.0,999.0,,,,,,,,,,,,,,blake haubeil
8431,Chase Garbers,QB,,Active,,,,,1693176942051.0,,,999.0,999.0,999.0,999.0,,,,,,,,,,,,,,chase garbers
7559,Ihmir Smith-Marsette,WR,ARI,Active,,,,,1768541417261.0,SWR,7.0,999.0,999.0,999.0,999.0,,,,,,,,,,,,,,ihmir smith marsette
11536,Milton Wright,WR,,Active,,,,,1694122225658.0,,,999.0,999.0,999.0,999.0,,,,,,,,,,,,,,milton wright
3520,Jay Lee,WR,,Active,,,,,,,,999.0,999.0,999.0,999.0,,,,,,,,,,,,,,jay lee
2588,Malcolm Brown,RB,,Active,,,,,1673646643602.0,,,999.0,999.0,999.0,999.0,,,,,,,,,,,,,,malcolm brown
11748,Bub Means,WR,NO,Active,,,,,1785442823078.0,SWR,3.0,999.0,999.0,999.0,999.0,,,,,,,,,,,,,,bub means
5744,Eldridge Massington,WR,NO,Active,,,,,1533507902281.0,,,999.0,999.0,999.0,999.0,,,,,,,,,,,,,,eldridge massington
12412,Terrell Jennings,RB,NE,Active,,,,,1785951338917.0,RB,3.0,999.0,999.0,999.0,999.0,,,,,,,,,,,,,,terrell jennings
8200,Kevin Austin,WR,NO,Active,,,,,1781227248160.0,LWR,6.0,999.0,999.0,999.0,999.0,30.9,19.9,5.0,1.0,11.0,134.0,1.0,,,,,,,kevin austin
886,Taiwan Jones,RB,,Active,,,,,1696358150213.0,,,999.0,999.0,999.0,999.0,,,,,,,,,,,,,,taiwan jones
7528,Najee Harris,RB,,Active,Questionable,Achilles,,,1785207951580.0,,,212.3,169.8,245.0,221.2,26.3,21.3,117.0,30.0,5.0,36.0,,,1.0,,,,,najee harris
CIN,Bengals,DEF,CIN,,,,,,,,,241.2,236.6,236.6,262.1,79.0,79.0,,,,,,,,,,,,bengals
13725,Dominic Richardson,RB,DAL,Active,,,,,1777665635908.0,RB,,999.0,999.0,999.0,999.0,,,,,,,,,,,,,,dominic richardson
8745,Lance McCutcheon,WR,TEN,Active,,,,,1775096417045.0,SWR,9.0,999.0,999.0,999.0,999.0,,,,,,,,,,,,,,lance mccutcheon
12711,Tyler Loop,K,BAL,Active,,,,,1783391417676.0,K,1.0,238.4,150.4,174.6,224.4,106.0,106.0,,,,,,,,,,,,tyler loop
7319,Jeff Cotton,WR,,Inactive,,,,,1692222623840.0,,,999.0,999.0,999.0,999.0,,,,,,,,,,,,,,jeff cotton
8255,Raheem Blackshear,RB,DET,Active,,,,,1785900328515.0,RB,4.0,999.0,999.0,999.0,999.0,,,,,,,,,,,,,,raheem blackshear
8915,Drew Plitt,QB,,Active,,,,,1700497850576.0,,,999.0,999.0,999.0,999.0,,,,,,,,,,,,,,drew plitt
9482,Michael Mayer,TE,LV,Active,,,,,1786040750040.0,TE,2.0,999.0,999.0,999.0,999.0,80.8,46.8,,,34.0,348.0,2.0,,,,,,,michael mayer
2639,Tony Jones,WR,,Active,,,,,1587870049323.0,,,999.0,999.0,999.0,999.0,,,,,,,,,,,,,,tony jones
8191,Slade Bolden,WR,,Active,,,,,1693429517490.0,,,999.0,999.0,999.0,999.0,,,,,,,,,,,,,,slade bolden
138,Ben Roethlisberger,QB,PIT,Active,,,,,1643296817250.0,,,999.0,999.0,999.0,999.0,,,,,,,,,,,,,,ben roethlisberger
4526,Krishawn Hogan,WR,,Active,,,,,1629761155575.0,,,999.0,999.0,999.0,999.0,,,,,,,,,,,,,,krishawn hogan
11924,Tanner Mordecai,QB,,Active,,,,,1759539942572.0,,,999.0,999.0,999.0,999.0,,,,,,,,,,,,,,tanner mordecai
2020,Cairo Santos,K,CHI,Active,,,,,1783658416322.0,K,1.0,222.2,190.3,190.0,249.4,100.0,100.0,,,,,,,,,,,,cairo santos
3412,Devon Johnson,RB,,Active,,,,,,,,999.0,999.0,999.0,999.0,,,,,,,,,,,,,,devon johnson
11862,Luke Benson,TE,,Active,,,,,1727211028104.0,,,999.0,999.0,999.0,999.0,,,,,,,,,,,,,,luke benson
6617,Andre Lindsey,WR,,Active,,,,,,,,999.0,999.0,999.0,999.0,,,,,,,,,,,,,,andre lindsey
6727,Joe Walker,WR,,Active,,,,,,,,999.0,999.0,999.0,999.0,,,,,,,,,,,,,,joe walker
7042,Tyler Bass,K,BUF,Active,,,,,1785449123462.0,K,1.0,299.0,288.0,288.4,303.3,103.0,103.0,,,,,,,,,,,,tyler bass
1842,Derrick Johnson,WR,,Active,,,,,,,,999.0,999.0,999.0,999.0,,,,,,,,,,,,,,derrick johnson
3204,C.J. Prosise,RB,,Active,,,,,1630454753832.0,,,999.0,999.0,999.0,999.0,,,,,,,,,,,,,,c j prosise
8800,Malik Davis,RB,DAL,Active,,,,,1784820012019.0,RB,2.0,999.0,999.0,999.0,999.0,33.7,27.7,178.0,44.0,6.0,39.0,,,1.0,,,,,malik davis
7941,Nick Ralston,RB,,Active,,,,,1659023126918.0,,,999.0,999.0,999.0,999.0,,,,,,,,,,,,,,nick ralston
7337,Easop Winston,WR,,Active,,,,,1746811824944.0,,,999.0,999.0,999.0,999.0,,,,,,,,,,,,,,easop winston
14038,Trayvon Rudolph,WR,MIN,Active,,,,,1780617937336.0,RWR,,999.0,999.0,999.0,999.0,,,,,,,,,,,,,,trayvon rudolph
4435,Anthony Firkser,TE,DET,Inactive,IR,Leg,,,1785863419901.0,TE,4.0,999.0,999.0,999.0,999.0,,,,,,,,,,,,,,anthony firkser
13278,Max Klare,TE,LAR,Active,,,,,1782482134332.0,TE,5.0,248.8,211.5,234.3,253.8,56.1,34.1,,,22.0,221.0,2.0,,,,,,,max klare
12803,Luke Grimm,WR,LAC,Active,,,,,1768357859561.0,SWR,,999.0,999.0,999.0,999.0,,,,,,,,,,,,,,luke grimm
7532,Rakeem Boyd,RB,,Inactive,,,,,1641948658473.0,,,999.0,999.0,999.0,999.0,,,,,,,,,,,,,,rakeem boyd
11558,Sam Hartman,QB,WAS,Active,,,,,1767558602528.0,QB,3.0,999.0,999.0,999.0,999.0,,,,,,,,,,,,,,sam hartman
8573,Talolo Limi-Jones,WR,,Active,,,,,,,,999.0,999.0,999.0,999.0,,,,,,,,,,,,,,talolo limi jones
8239,Ricky Person,RB,,Active,,,,,1755558933865.0,,,999.0,999.0,999.0,999.0,,,,,,,,,,,,,,ricky person
10863,A.T. Perry,WR,PIT,Active,,,,,1769754040855.0,LWR,7.0,999.0,999.0,999.0,999.0,,,,,,,,,,,,,,a t perry
11969,Xavier Johnson,WR,CIN,Active,,,,,1767658508611.0,SWR,,999.0,999.0,999.0,999.0,,,,,,,,,,,,,,xavier johnson
1290,Jermaine Kearse,WR,,Injured Reserve,,,,,1565449514216.0,,,999.0,999.0,999.0,999.0,,,,,,,,,,,,,,jermaine kearse
10235,Roschon Johnson,RB,CHI,Active,,,,,1784307040428.0,RB,3.0,999.0,999.0,999.0,999.0,,,,,,,,,,,,,,roschon johnson
12743,Junior Bergen,WR,SF,Active,,,,,1769753441115.0,SWR,,999.0,999.0,999.0,999.0,,,,,,,,,,,,,,junior bergen
3451,Ka'imi Fairbairn,K,HOU,Active,,,,,1785077110229.0,K,1.0,192.0,156.5,155.1,201.5,113.0,113.0,,,,,,,,,,,,ka imi fairbairn
3155,Laquon Treadwell,WR,IND,Active,Questionable,Hamstring,,,1786070109012.0,LWR,7.0,999.0,999.0,999.0,999.0,,,,,,,,,,,,,,laquon treadwell
12278,Jacob Sirmon,QB,,Active,,,,,1716248756620.0,,,999.0,999.0,999.0,999.0,,,,,,,,,,,,,,jacob sirmon
8162,Sam Howell,QB,DAL,Active,,,,,1781102426645.0,QB,3.0,999.0,999.0,999.0,999.0,,,,,,,,,,,,,,sam howell
11560,Caleb Williams,QB,CHI,Active,,,,,1785342309782.0,QB,1.0,82.9,91.7,86.5,14.2,299.34,299.34,373.0,75.0,,,,3.0,3.0,3651.0,28.0,10.0,514.0,caleb williams
13434,Will Kacmarek,TE,MIA,Active,,,,,1777335620167.0,TE,2.0,999.0,999.0,999.0,999.0,61.6,36.6,,,25.0,246.0,2.0,,,,,,,will kacmarek
8196,Ty Fryfogle,WR,,Active,,,,,1693358405616.0,,,999.0,999.0,999.0,999.0,,,,,,,,,,,,,,ty fryfogle
2927,Keshawn Hill,RB,,Active,,,,,,,,999.0,999.0,999.0,999.0,,,,,,,,,,,,,,keshawn hill
6012,Travis Homer,RB,PIT,Active,,,,,1780024825369.0,RB,6.0,999.0,999.0,999.0,999.0,,,,,,,,,,,,,,travis homer
9490,Tyler Scott,WR,LAR,Active,,,,,1769476235271.0,SWR,7.0,999.0,999.0,999.0,999.0,,,,,,,,,,,,,,tyler scott
8149,Master Teague,RB,,Active,,,,,1684770902593.0,,,999.0,999.0,999.0,999.0,,,,,,,,,,,,,,master teague
2476,James O'Shaughnessy,TE,,Active,,,,,1668456662382.0,,,999.0,999.0,999.0,999.0,,,,,,,,,,,,,,james o shaughnessy
5130,Auden Tate,WR,,Active,,,,,1686604861170.0,,,999.0,999.0,999.0,999.0,,,,,,,,,,,,,,auden tate
181,Drew Stanton,QB,,Active,,,,,1612840526670.0,,,999.0,999.0,999.0,999.0,,,,,,,,,,,,,,drew stanton
4349,Taquan Mizzell,RB,NYG,Inactive,,,,,1627665303950.0,,,999.0,999.0,999.0,999.0,,,,,,,,,,,,,,taquan mizzell
2821,Jake Kumerow,WR,,Inactive,,,,,1674846906421.0,,,999.0,999.0,999.0,999.0,,,,,,,,,,,,,,jake kumerow
6798,Jalen Reagor,WR,MIA,Active,,,,,1780446050009.0,SWR,4.0,999.0,999.0,999.0,999.0,,,,,,,,,,,,,,jalen reagor
4861,Kent Taylor,TE,,Active,,,,,1525231801303.0,,,999.0,999.0,999.0,999.0,,,,,,,,,,,,,,kent taylor
8441,Justin Hall,WR,,Active,,,,,1724699144265.0,,,999.0,999.0,999.0,999.0,,,,,,,,,,,,,,justin hall
6593,Spencer Schnell,WR,,Inactive,,,,,1599275155735.0,,,999.0,999.0,999.0,999.0,,,,,,,,,,,,,,spencer schnell
6359,C.J. Worton,WR,,Active,,,,,,,,999.0,999.0,999.0,999.0,,,,,,,,,,,,,,c j worton
7351,Kirk Merritt,WR,,Active,,,,,1695770138324.0,,,999.0,999.0,999.0,999.0,,,,,,,,,,,,,,kirk merritt
13698,Max Tomczak,WR,BUF,Active,,,,,1781223647137.0,SWR,,999.0,999.0,999.0,999.0,,,,,,,,,,,,,,max tomczak
2905,Josh Reese,WR,,Active,,,,,,,,999.0,999.0,999.0,999.0,,,,,,,,,,,,,,josh reese
12402,Ramon Jefferson,RB,,Active,,,,,1724611533618.0,,,999.0,999.0,999.0,999.0,,,,,,,,,,,,,,ramon jefferson
7455,John Hurst,WR,,Inactive,,,,,1660085134557.0,,,999.0,999.0,999.0,999.0,,,,,,,,,,,,,,john hurst
8041,Shane Zylstra,TE,BUF,Active,,,,,1781220047312.0,TE,5.0,999.0,999.0,999.0,999.0,2.3,1.3,,,1.0,13.0,,,,,,,,shane zylstra
4035,Alvin Kamara,RB,NO,Active,,,,,1786109113834.0,RB,2.0,157.7,119.3,156.8,166.1,63.0,43.0,185.0,45.0,20.0,145.0,1.0,1.0,1.0,,,,,alvin kamara
11989,D.J. Williams,RB,,Inactive,Questionable,Undisclosed,,,1754355018531.0,,,999.0,999.0,999.0,999.0,,,,,,,,,,,,,,d j williams
2557,Jerry Lovelocke,QB,,Active,,,,,,,,999.0,999.0,999.0,999.0,,,,,,,,,,,,,,jerry lovelocke
8756,Brandon Johnson,WR,LV,Active,,,,,1781124616444.0,SWR,,999.0,999.0,999.0,999.0,,,,,,,,,,,,,,brandon johnson
6036,Ryan Davis,WR,,Active,,,,,1567351834831.0,,,999.0,999.0,999.0,999.0,,,,,,,,,,,,,,ryan davis
6596,Jalan McClendon,QB,,Active,,,,,1565709650531.0,,,999.0,999.0,999.0,999.0,,,,,,,,,,,,,,jalan mcclendon
3464,Marquez North,WR,,Active,,,,,,,,999.0,999.0,999.0,999.0,,,,,,,,,,,,,,marquez north
7546,Tre Nixon,WR,,Active,,,,,1720548639800.0,,,999.0,999.0,999.0,999.0,,,,,,,,,,,,,,tre nixon
2836,Kenny Cook,WR,,Active,,,,,,,,999.0,999.0,999.0,999.0,,,,,,,,,,,,,,kenny cook
11569,Jarquez Hunter,RB,LAR,Active,,,,,1782912320714.0,RB,3.0,240.6,191.4,221.5,250.6,9.6,7.6,63.0,15.0,2.0,13.0,,,,,,,,jarquez hunter
5401,Armanti Foreman,WR,,Active,,,,,,,,999.0,999.0,999.0,999.0,,,,,,,,,,,,,,armanti foreman
12114,Joshua Cephus,WR,,Active,,,,,1773269450644.0,,,999.0,999.0,999.0,999.0,,,,,,,,,,,,,,joshua cephus
4805,Pig Howard,WR,,Active,,,,,,,,999.0,999.0,999.0,999.0,,,,,,,,,,,,,,pig howard
11538,Toriano Clinton,RB,,Active,,,,,1691278207052.0,,,999.0,999.0,999.0,999.0,,,,,,,,,,,,,,toriano clinton
3803,Elijhaa Penny,RB,,Active,,,,,1646932536560.0,,,999.0,999.0,999.0,999.0,,,,,,,,,,,,,,elijhaa penny
7079,Pete Guerriero,RB,,Active,,,,,1629840027891.0,,,999.0,999.0,999.0,999.0,,,,,,,,,,,,,,pete guerriero
5709,Luis Perez,QB,,Active,,,,,1724787654122.0,,,999.0,999.0,999.0,999.0,,,,,,,,,,,,,,luis perez
7015,Jacob Breeland,TE,,Active,,,,,1663709123253.0,,,999.0,999.0,999.0,999.0,,,,,,,,,,,,,,jacob breeland
11320,Nikko Remigio,WR,KC,Active,,,,,1782253224042.0,SWR,6.0,999.0,999.0,999.0,999.0,0.6,0.6,6.0,1.0,,,,,,,,,,nikko remigio
13308,Bauer Sharp,TE,TB,Active,,,,,1780442450830.0,TE,3.0,999.0,999.0,999.0,999.0,,,,,,,,,,,,,,bauer sharp
12097,Ayir Asante,WR,,Active,,,,,1724611233209.0,,,999.0,999.0,999.0,999.0,,,,,,,,,,,,,,ayir asante
11716,Tip Reiman,TE,ARI,Active,PUP,Ankle,,,1784866251623.0,TE,5.0,999.0,999.0,999.0,999.0,15.4,7.4,,,8.0,74.0,,,,,,,,tip reiman
6753,Derrick Gore,RB,,Active,,,,,1704808846291.0,,,999.0,999.0,999.0,999.0,,,,,,,,,,,,,,derrick gore
13319,Oscar Delp,TE,NO,Active,,,,,1781768715975.0,TE,4.0,999.0,999.0,999.0,999.0,39.4,22.4,,,17.0,164.0,1.0,,,,,,,oscar delp
6763,Reggie Begelton,WR,,Active,,,,,1630429250253.0,,,999.0,999.0,999.0,999.0,,,,,,,,,,,,,,reggie begelton
12166,Trey Potts,RB,,Active,,,,,,,,999.0,999.0,999.0,999.0,,,,,,,,,,,,,,trey potts
6443,Eric Dungey,QB,,Active,,,,,1629684055897.0,,,999.0,999.0,999.0,999.0,,,,,,,,,,,,,,eric dungey
503,Graham Gano,K,,Active,Questionable,Neck,,Soreness,1774912523407.0,,,999.0,999.0,999.0,999.0,22.0,22.0,,,,,,,,,,,,graham gano
8102,DeShon Williams,TE,,Active,,,,,,,,999.0,999.0,999.0,999.0,,,,,,,,,,,,,,deshon williams
5113,Cedrick Wilson,WR,DET,Active,,,,,1779311445534.0,LWR,6.0,999.0,999.0,999.0,999.0,,,,,,,,,,,,,,cedrick wilson
11783,Ryan Flournoy,WR,DAL,Active,,,,,1785443422868.0,SWR,3.0,227.6,198.5,216.7,235.5,121.2,74.2,13.0,2.0,47.0,549.0,3.0,,,,,,,ryan flournoy
13862,Treyvhon Saunders,WR,HOU,Active,,,,,1778267140733.0,SWR,,999.0,999.0,999.0,999.0,,,,,,,,,,,,,,treyvhon saunders
11197,Joel Honigford,TE,,Active,,,,,1693352403393.0,,,999.0,999.0,999.0,999.0,,,,,,,,,,,,,,joel honigford
8813,Anthony Turner,WR,,Active,,,,,,,,999.0,999.0,999.0,999.0,,,,,,,,,,,,,,anthony turner
8421,Mike Harley,WR,,Active,,,,,1724806258944.0,,,999.0,999.0,999.0,999.0,,,,,,,,,,,,,,mike harley
2570,Donatella Luckett,WR,,Active,,,,,,,,999.0,999.0,999.0,999.0,,,,,,,,,,,,,,donatella luckett
3570,Brandon Ross,RB,,Active,,,,,,,,999.0,999.0,999.0,999.0,,,,,,,,,,,,,,brandon ross
3827,Aldrick Rosas,K,,Active,,,,,1663711823561.0,,,999.0,999.0,999.0,999.0,,,,,,,,,,,,,,aldrick rosas
12551,Colin Granger,TE,,Active,,,,,1765320353448.0,,,999.0,999.0,999.0,999.0,,,,,,,,,,,,,,colin granger
11850,Jeff Foreman,WR,,Active,,,,,1746836726184.0,,,999.0,999.0,999.0,999.0,,,,,,,,,,,,,,jeff foreman
6822,Jake Fromm,QB,,Active,,,,,1745452831543.0,,,999.0,999.0,999.0,999.0,,,,,,,,,,,,,,jake fromm
11419,Kade Warner,WR,,Active,,,,,1693454120247.0,,,999.0,999.0,999.0,999.0,,,,,,,,,,,,,,kade warner
8892,Keric Wheatfall,WR,,Active,,,,,1660698920076.0,,,999.0,999.0,999.0,999.0,,,,,,,,,,,,,,keric wheatfall
8140,Justyn Ross,WR,,Active,,,,,1781769916223.0,,,999.0,999.0,999.0,999.0,,,,,,,,,,,,,,justyn ross
11024,Grant DuBose,WR,,Active,Questionable,Shoulder,,,1756330824041.0,,,999.0,999.0,999.0,999.0,,,,,,,,,,,,,,grant dubose
3362,Jeff Driskel,QB,,Active,,,,,1766598329609.0,,,999.0,999.0,999.0,999.0,,,,,,,,,,,,,,jeff driskel
13022,Sone Ntoh,RB,,Active,,,,,1750295434732.0,,,999.0,999.0,999.0,999.0,,,,,,,,,,,,,,sone ntoh
4588,Kyle Sloter,QB,,Active,,,,,1660071933194.0,,,999.0,999.0,999.0,999.0,,,,,,,,,,,,,,kyle sloter
4683,Aaron Bailey,QB,BAL,Active,,,,,,QB,4.0,999.0,999.0,999.0,999.0,,,,,,,,,,,,,,aaron bailey
13842,Ethan Sanchez,K,,Active,,,,,,,,999.0,999.0,999.0,999.0,,,,,,,,,,,,,,ethan sanchez
10871,Luke Schoonmaker,TE,DAL,Active,,,,,1780438849885.0,TE,3.0,999.0,999.0,999.0,999.0,31.4,18.4,,,13.0,124.0,1.0,,,,,,,luke schoonmaker
7309,Siaosi Mariner,WR,,Active,,,,,1630372815267.0,,,999.0,999.0,999.0,999.0,,,,,,,,,,,,,,siaosi mariner
6155,Jaylen Smith,WR,,Active,,,,,1671329124176.0,,,999.0,999.0,999.0,999.0,,,,,,,,,,,,,,jaylen smith
13222,Montana Lemonious-Craig,WR,,Active,Questionable,Lower Body,,,1754248507441.0,,,999.0,999.0,999.0,999.0,,,,,,,,,,,,,,montana lemonious craig
1223,Garrett Celek,TE,,Injured Reserve,,,,,1576187457870.0,,,999.0,999.0,999.0,999.0,,,,,,,,,,,,,,garrett celek
3460,Ross Martin,K,,Active,,,,,1535493930353.0,,,999.0,999.0,999.0,999.0,,,,,,,,,,,,,,ross martin
11435,Emanuel Wilson,RB,SEA,Active,,,,,1785693055368.0,RB,3.0,203.3,160.6,200.5,210.4,56.5,45.5,249.0,61.0,11.0,86.0,,,2.0,,,,,emanuel wilson
333,Ryan Fitzpatrick,QB,,Active,,,,,1654192837410.0,,,999.0,999.0,999.0,999.0,,,,,,,,,,,,,,ryan fitzpatrick
12746,JP Richardson,WR,CHI,Active,,,,,1768957211037.0,SWR,6.0,999.0,999.0,999.0,999.0,,,,,,,,,,,,,,jp richardson
2747,Jason Myers,K,SEA,Active,,,,,1785093311779.0,K,1.0,175.5,131.9,149.0,267.6,111.0,111.0,,,,,,,,,,,,jason myers
12443,Devon Garrison,TE,,Active,,,,,1724813160893.0,,,999.0,999.0,999.0,999.0,,,,,,,,,,,,,,devon garrison
3257,Jacoby Brissett,QB,ARI,Active,,,,,1785170421497.0,QB,1.0,200.9,203.4,202.4,159.6,160.0,160.0,110.0,35.0,,,,3.0,1.0,2400.0,15.0,7.0,355.0,jacoby brissett
11413,Ronnie Brown,RB,,Active,,,,,,,,999.0,999.0,999.0,999.0,,,,,,,,,,,,,,ronnie brown
5230,Michael Badgley,K,,Active,,,,,1767040226794.0,,,999.0,999.0,999.0,999.0,22.0,22.0,,,,,,,,,,,,michael badgley
1425,Ryan Griffin,TE,,Active,,,,,1673227860505.0,,,999.0,999.0,999.0,999.0,,,,,,,,,,,,,,ryan griffin
5918,Rodney Anderson,RB,,Inactive,,,,,1597695337116.0,,,999.0,999.0,999.0,999.0,,,,,,,,,,,,,,rodney anderson
8242,Shermari Jones,RB,,Active,,,,,,,,999.0,999.0,999.0,999.0,,,,,,,,,,,,,,shermari jones
1232,Robert Turbin,RB,,Active,,,,,1578950424892.0,,,999.0,999.0,999.0,999.0,,,,,,,,,,,,,,robert turbin
9758,C.J. Stroud,QB,HOU,Active,,,,,1785372013823.0,QB,1.0,163.4,166.3,165.6,76.4,238.2,238.2,220.0,54.0,,,,3.0,2.0,3405.0,21.0,12.0,481.0,c j stroud
3199,Michael Thomas,WR,,Active,,,,,1726102201613.0,,,999.0,999.0,999.0,999.0,,,,,,,,,,,,,,michael thomas
13351,Junior Vandeross,WR,,Active,,,,,,,,999.0,999.0,999.0,999.0,,,,,,,,,,,,,,junior vandeross
10231,Elijah Higgins,TE,ARI,Active,,,,,1777335619911.0,TE,2.0,999.0,999.0,999.0,999.0,41.9,23.9,,,18.0,179.0,1.0,,,,,,,elijah higgins
7085,Isaiah Coulter,WR,,Active,,,,,1693165823631.0,,,999.0,999.0,999.0,999.0,,,,,,,,,,,,,,isaiah coulter
8707,Tayon Fleet-Davis,RB,,Active,,,,,1661632857619.0,,,999.0,999.0,999.0,999.0,,,,,,,,,,,,,,tayon fleet davis
4186,T.J. Logan,RB,,Active,,,,,1634592058918.0,,,999.0,999.0,999.0,999.0,,,,,,,,,,,,,,t j logan
14021,Kadarius Calloway,RB,TB,Active,,,,,1778537144592.0,RB,,999.0,999.0,999.0,999.0,,,,,,,,,,,,,,kadarius calloway
4972,Mason Rudolph,QB,PIT,Active,,,,,1785365713529.0,QB,2.0,999.0,999.0,999.0,999.0,11.68,11.68,6.0,2.0,,,,,,202.0,1.0,1.0,32.0,mason rudolph
12026,Kobe Lewis,RB,,Active,,,,,1724813460065.0,,,999.0,999.0,999.0,999.0,,,,,,,,,,,,,,kobe lewis
13153,Giles Jackson,WR,,Active,,,,,1755732016559.0,,,999.0,999.0,999.0,999.0,,,,,,,,,,,,,,giles jackson
11105,Shaquan Davis,WR,,Active,,,,,1726606810095.0,,,999.0,999.0,999.0,999.0,,,,,,,,,,,,,,shaquan davis
8021,Branden Mack,WR,,Active,,,,,1629827724981.0,,,999.0,999.0,999.0,999.0,,,,,,,,,,,,,,branden mack
3078,Jamel Johnson,WR,,Active,,,,,,,,999.0,999.0,999.0,999.0,,,,,,,,,,,,,,jamel johnson
312,Matthew Slater,WR,,Active,,,,,1708454103734.0,,,999.0,999.0,999.0,999.0,,,,,,,,,,,,,,matthew slater
7227,Artavis Pierce,RB,,Active,,,,,1658761557763.0,,,999.0,999.0,999.0,999.0,,,,,,,,,,,,,,artavis pierce
9227,Israel Abanikanda,RB,DAL,Active,,,,,1767740414726.0,RB,5.0,999.0,999.0,999.0,999.0,,,,,,,,,,,,,,israel abanikanda
11222,Marcus Cooper,RB,,Active,,,,,,,,999.0,999.0,999.0,999.0,,,,,,,,,,,,,,marcus cooper
13831,Kevorian Barnes,RB,,Active,,,,,,,,999.0,999.0,999.0,999.0,,,,,,,,,,,,,,kevorian barnes
6592,Dontae Strickland,RB,,Active,,,,,1562127942117.0,,,999.0,999.0,999.0,999.0,,,,,,,,,,,,,,dontae strickland
12237,Lincoln Sefcik,TE,,Active,,,,,1724811659474.0,,,999.0,999.0,999.0,999.0,,,,,,,,,,,,,,lincoln sefcik
6834,Jared Pinkney,TE,,Inactive,,,,,1693364706206.0,,,999.0,999.0,999.0,999.0,,,,,,,,,,,,,,jared pinkney
3380,Devin Lucien,WR,,Active,,,,,1535831708976.0,,,999.0,999.0,999.0,999.0,,,,,,,,,,,,,,devin lucien
8577,James McCourt,K,,Active,,,,,1698786028285.0,,,999.0,999.0,999.0,999.0,,,,,,,,,,,,,,james mccourt
8185,Johnny Johnson,WR,,Inactive,,,,,1765925445509.0,,,999.0,999.0,999.0,999.0,,,,,,,,,,,,,,johnny johnson
6384,Justin Sumpter,WR,,Active,,,,,1557958864386.0,,,999.0,999.0,999.0,999.0,,,,,,,,,,,,,,justin sumpter
11113,Joel Wilson,TE,TEN,Active,,,,,1767734415490.0,TE,4.0,999.0,999.0,999.0,999.0,,,,,,,,,,,,,,joel wilson
12133,Drake Stoops,WR,,Active,,,,,1758066621128.0,,,999.0,999.0,999.0,999.0,,,,,,,,,,,,,,drake stoops
5970,Greg Dortch,WR,DET,Active,,,,,1781299232784.0,SWR,4.0,999.0,999.0,999.0,999.0,25.7,15.7,16.0,3.0,10.0,101.0,1.0,1.0,,,,,,greg dortch
1652,Terrell Sinkfield,WR,,Active,,,,,1536720002155.0,SWR,3.0,999.0,999.0,999.0,999.0,,,,,,,,,,,,,,terrell sinkfield
5924,Emanuel Hall,WR,,Inactive,,,,,1617994254916.0,,,999.0,999.0,999.0,999.0,,,,,,,,,,,,,,emanuel hall
2931,Deshon Foxx,WR,,Active,,,,,,,,999.0,999.0,999.0,999.0,,,,,,,,,,,,,,deshon foxx
5273,Kamryn Pettway,RB,,Active,,,,,1525721101055.0,,,999.0,999.0,999.0,999.0,,,,,,,,,,,,,,kamryn pettway
7481,Chase Harrell,TE,,Active,,,,,1641873630453.0,,,999.0,999.0,999.0,999.0,,,,,,,,,,,,,,chase harrell
5228,J.T. Barrett,QB,,Active,,,,,1596406225215.0,,,999.0,999.0,999.0,999.0,,,,,,,,,,,,,,j t barrett
3465,Ben Braunecker,TE,,Active,,,,,1595546747920.0,,,999.0,999.0,999.0,999.0,,,,,,,,,,,,,,ben braunecker
12892,Da'Quan Felton,WR,NYJ,Active,Questionable,Undisclosed,,,1780551607939.0,,,999.0,999.0,999.0,999.0,,,,,,,,,,,,,,da quan felton
13075,Myles Price,WR,MIN,Active,,,,,1785442823069.0,SWR,6.0,999.0,999.0,999.0,999.0,,,,,,,,,,,,,,myles price
2753,Rasheed Bailey,WR,,Active,,,,,1515465602185.0,,,999.0,999.0,999.0,999.0,,,,,,,,,,,,,,rasheed bailey
13996,Trent Howland,RB,,Active,,,,,,,,999.0,999.0,999.0,999.0,,,,,,,,,,,,,,trent howland
2412,Justin Hardy,WR,,Active,,,,,1629220546358.0,,,999.0,999.0,999.0,999.0,,,,,,,,,,,,,,justin hardy
2932,Eric Frohnapfel,TE,,Active,,,,,,,,999.0,999.0,999.0,999.0,,,,,,,,,,,,,,eric frohnapfel
2312,Kevin White,WR,,Active,,,,,1673922016469.0,,,999.0,999.0,999.0,999.0,,,,,,,,,,,,,,kevin white
DEN,Broncos,DEF,DEN,,,,,,,,,132.8,128.2,135.5,158.0,96.0,96.0,,,,,,,,,,,,broncos
6805,KJ Hamler,WR,,Active,,,,,1785187550402.0,,,999.0,999.0,999.0,999.0,,,,,,,,,,,,,,kj hamler
11433,Nate Adkins,TE,DEN,Active,,,,,1780442450400.0,TE,3.0,999.0,999.0,999.0,999.0,5.7,2.7,,,3.0,27.0,,,,,,,,nate adkins
7733,Josh Pederson,TE,,Inactive,,,,,1723243553890.0,,,999.0,999.0,999.0,999.0,,,,,,,,,,,,,,josh pederson
13930,Jordon Vaughn,RB,,Active,,,,,1779172519028.0,,,999.0,999.0,999.0,999.0,,,,,,,,,,,,,,jordon vaughn
9502,Tank Dell,WR,HOU,Active,Questionable,Knee - ACL + MCL,,Surgery,1785945639995.0,SWR,3.0,206.7,186.8,199.7,213.9,69.4,45.4,17.0,3.0,24.0,317.0,2.0,,,,,,,tank dell
110,Stephen Gostkowski,K,,Inactive,,,,,1610046958339.0,,,999.0,999.0,999.0,999.0,,,,,,,,,,,,,,stephen gostkowski
11456,Tre'Shaun Harrison,WR,,Inactive,,,,,1732057847649.0,,,999.0,999.0,999.0,999.0,,,,,,,,,,,,,,tre shaun harrison
5397,Trevor Moore,K,,Active,,,,,1533679820226.0,,,999.0,999.0,999.0,999.0,,,,,,,,,,,,,,trevor moore
8199,D'Eriq King,QB,,Active,,,,,1669161954097.0,,,999.0,999.0,999.0,999.0,,,,,,,,,,,,,,d eriq king
13014,Pat Conroy,TE,,Active,,,,,1754287812639.0,,,999.0,999.0,999.0,999.0,,,,,,,,,,,,,,pat conroy
11886,Tulu Griffin,WR,,Active,,,,,1746476709963.0,,,999.0,999.0,999.0,999.0,,,,,,,,,,,,,,tulu griffin
2307,Marcus Mariota,QB,WAS,Active,,,,,1779916830223.0,QB,2.0,999.0,999.0,999.0,276.1,13.12,13.12,26.0,4.0,,,,,,188.0,1.0,1.0,29.0,marcus mariota
8178,Braylon Sanders,WR,,Active,,,,,1756197006340.0,,,999.0,999.0,999.0,999.0,,,,,,,,,,,,,,braylon sanders
3969,Leonard Fournette,RB,,Active,,,,,1731345930151.0,,,999.0,999.0,999.0,999.0,,,,,,,,,,,,,,leonard fournette
11539,Jake Bates,K,DET,Active,,,,,1779164417295.0,K,1.0,233.0,175.9,173.1,219.2,105.0,105.0,,,,,,,,,,,,jake bates
11056,Jared Wayne,WR,HOU,Active,,,,,1768958411063.0,,,999.0,999.0,999.0,999.0,,,,,,,,,,,,,,jared wayne
1466,Travis Kelce,TE,KC,Active,,,,,1785441622858.0,TE,1.0,107.1,106.1,112.6,126.1,171.4,101.4,,,70.0,714.0,5.0,,,,,,,travis kelce
11932,Mike DiLiello,QB,,Active,,,,,,,,999.0,999.0,999.0,999.0,,,,,,,,,,,,,,mike diliello
12975,JJ Galbreath,TE,PIT,Active,,,,,1769327151363.0,TE,,999.0,999.0,999.0,999.0,,,,,,,,,,,,,,jj galbreath
5612,Anthony Mahoungou,WR,,Active,,,,,,,,999.0,999.0,999.0,999.0,,,,,,,,,,,,,,anthony mahoungou
12340,Alex Larson,TE,,Active,,,,,,,,999.0,999.0,999.0,999.0,,,,,,,,,,,,,,alex larson
11378,Jordan Mims,RB,MIN,Active,,,,,1785262259244.0,RB,,999.0,999.0,999.0,999.0,,,,,,,,,,,,,,jordan mims
6149,Darius Slayton,WR,NYG,Active,,,,,1785424520472.0,RWR,3.0,999.0,999.0,999.0,999.0,86.6,58.6,,,28.0,406.0,3.0,,,,,,,darius slayton
6047,Dillon Mitchell,WR,,Inactive,,,,,1578973826114.0,,,999.0,999.0,999.0,999.0,,,,,,,,,,,,,,dillon mitchell
3515,K.J. Maye,WR,,Active,,,,,1535397649384.0,,,999.0,999.0,999.0,999.0,,,,,,,,,,,,,,k j maye
8214,Cole Turner,TE,MIA,Active,,,,,1767992460376.0,TE,5.0,999.0,999.0,999.0,999.0,,,,,,,,,,,,,,cole turner
13145,ShunDerrick Powell,RB,,Active,,,,,1777506918456.0,,,999.0,999.0,999.0,999.0,,,,,,,,,,,,,,shunderrick powell
8039,Jibri Blount,TE,,Active,,,,,1627354261911.0,,,999.0,999.0,999.0,999.0,,,,,,,,,,,,,,jibri blount
4815,Brian Riley,WR,,Active,,,,,,,,999.0,999.0,999.0,999.0,,,,,,,,,,,,,,brian riley
4149,Jamaal Williams,RB,,Active,,,,,1760480140566.0,,,999.0,999.0,999.0,999.0,,,,,,,,,,,,,,jamaal williams
2214,Cameron Brate,TE,,Active,,,,,1679074212655.0,,,999.0,999.0,999.0,999.0,,,,,,,,,,,,,,cameron brate
4017,Deshaun Watson,QB,CLE,Active,,,,,1785960040042.0,QB,2.0,999.0,999.0,999.0,260.4,102.06,102.06,131.0,30.0,,,,2.0,2.0,1374.0,8.0,6.0,215.0,deshaun watson
4464,Nick Mullens,QB,JAX,Active,,,,,1779920430584.0,QB,2.0,999.0,999.0,999.0,999.0,12.04,12.04,6.0,2.0,,,,,,211.0,1.0,1.0,33.0,nick mullens
13011,Brennan Presley,WR,LAR,Active,,,,,1769475635348.0,SWR,,999.0,999.0,999.0,999.0,,,,,,,,,,,,,,brennan presley
5310,Antonio Callaway,WR,,Active,,,,,1685994047570.0,,,999.0,999.0,999.0,999.0,,,,,,,,,,,,,,antonio callaway
2044,Brelan Chancellor,WR,,Active,,,,,,,,999.0,999.0,999.0,999.0,,,,,,,,,,,,,,brelan chancellor
13329,Malik Benson,WR,LV,Active,,,,,1785870008332.0,RWR,5.0,999.0,999.0,999.0,999.0,,,,,,,,,,,,,,malik benson
4768,Adam Zaruba,TE,,Inactive,,,,,1536116407908.0,,,999.0,999.0,999.0,999.0,,,,,,,,,,,,,,adam zaruba
8139,Zamir White,RB,,Active,,,,,1781664327081.0,,,999.0,999.0,999.0,999.0,5.1,3.1,21.0,5.0,2.0,10.0,,,,,,,,zamir white
11588,Jawhar Jordan,RB,HOU,Active,,,,,1784136342328.0,RB,3.0,999.0,999.0,999.0,999.0,27.0,22.0,127.0,31.0,5.0,33.0,,,1.0,,,,,jawhar jordan
5095,Daniel Carlson,K,,Active,,,,,1779391248681.0,,,999.0,999.0,999.0,999.0,52.0,52.0,,,,,,,,,,,,daniel carlson
902,Dwayne Harris,WR,,Inactive,,,,,1605829814050.0,,,999.0,999.0,999.0,999.0,,,,,,,,,,,,,,dwayne harris
7098,Ty'Son Williams,RB,,Active,,,,,1693330505030.0,,,999.0,999.0,999.0,999.0,,,,,,,,,,,,,,ty son williams
8632,JaVonta Payton,WR,,Active,,,,,1663279821862.0,,,999.0,999.0,999.0,999.0,,,,,,,,,,,,,,javonta payton
7809,Avery Williams,RB,,Active,,,,,1760476832831.0,,,999.0,999.0,999.0,999.0,,,,,,,,,,,,,,avery williams
3890,Devon Bell,K,,Active,,,,,,,,999.0,999.0,999.0,999.0,,,,,,,,,,,,,,devon bell
13630,Evan Svoboda,TE,LAC,Active,,,,,1777236635068.0,TE,,999.0,999.0,999.0,999.0,,,,,,,,,,,,,,evan svoboda
13778,EJ Smith,RB,KC,Active,,,,,1777669235917.0,RB,,999.0,999.0,999.0,999.0,,,,,,,,,,,,,,ej smith
12510,Jalen Milroe,QB,SEA,Active,,,,,1781982943866.0,QB,3.0,999.0,999.0,999.0,227.2,13.86,13.86,43.0,8.0,,,,,,164.0,1.0,1.0,26.0,jalen milroe
13772,Eni Falayi,TE,,Active,,,,,1784911856944.0,,,999.0,999.0,999.0,999.0,,,,,,,,,,,,,,eni falayi
8579,Brandon Peters,QB,,Active,,,,,1660596930480.0,,,999.0,999.0,999.0,999.0,,,,,,,,,,,,,,brandon peters
2505,Darren Waller,TE,,Active,Questionable,Groin,,,1777335619497.0,,,999.0,999.0,999.0,999.0,85.6,53.6,,,32.0,356.0,3.0,,,,,,,darren waller
2422,Blake Bell,TE,,Active,,,,,1705517161388.0,,,999.0,999.0,999.0,999.0,,,,,,,,,,,,,,blake bell
11963,Chris Collier,RB,LV,Inactive,IR,Undisclosed,,,1785714958620.0,,,999.0,999.0,999.0,999.0,,,,,,,,,,,,,,chris collier
13327,Desmond Reid,RB,,Inactive,Questionable,Undisclosed,,,1782172814162.0,,,999.0,999.0,999.0,999.0,25.3,21.3,122.0,29.0,4.0,31.0,,,1.0,,,,,desmond reid
1426,DeAndre Hopkins,WR,,Active,,,,,1785962742998.0,,,999.0,999.0,999.0,999.0,2.5,1.5,,,1.0,15.0,,,,,,,,deandre hopkins
3614,Tommylee Lewis,WR,,Active,,,,,1640748904723.0,,,999.0,999.0,999.0,999.0,,,,,,,,,,,,,,tommylee lewis
12218,Jalen Jackson,RB,,Active,,,,,1727819432263.0,,,999.0,999.0,999.0,999.0,,,,,,,,,,,,,,jalen jackson
11114,Elijah Dotson,RB,,Active,,,,,1755999644002.0,,,999.0,999.0,999.0,999.0,,,,,,,,,,,,,,elijah dotson
5220,Godwin Igwebuike,RB,,Active,,,,,1701886847948.0,,,999.0,999.0,999.0,999.0,,,,,,,,,,,,,,godwin igwebuike
4651,Corey Clement,RB,,Active,,,,,1704734735249.0,,,999.0,999.0,999.0,999.0,,,,,,,,,,,,,,corey clement
11034,Jalen Brooks,WR,ARI,Active,,,,,1786074609546.0,SWR,8.0,999.0,999.0,999.0,999.0,6.5,3.5,,,3.0,35.0,,,,,,,,jalen brooks
12045,Jack Westover,TE,NE,Active,,,,,1781216404291.0,TE,5.0,999.0,999.0,999.0,999.0,,,,,,,,,,,,,,jack westover
13191,TJ Sheffield,WR,,Active,,,,,1756159805411.0,,,999.0,999.0,999.0,999.0,,,,,,,,,,,,,,tj sheffield
4807,Mike Estes,TE,,Active,,,,,,,,999.0,999.0,999.0,999.0,,,,,,,,,,,,,,mike estes
6451,Stephen Carlson,TE,CHI,Active,,,,,1768956310745.0,TE,3.0,999.0,999.0,999.0,999.0,,,,,,,,,,,,,,stephen carlson
8210,Chig Okonkwo,TE,WAS,Active,,,,,1785936937113.0,TE,1.0,146.2,136.9,152.5,161.0,144.1,83.1,,,61.0,591.0,4.0,,,,,,,chig okonkwo
6151,Miles Sanders,RB,,Active,,,,,1785174319179.0,,,999.0,999.0,999.0,999.0,,,,,,,,,,,,,,miles sanders
12670,KeAndre Lambert-Smith,WR,LAC,Active,,,,,1781223647980.0,LWR,5.0,999.0,999.0,999.0,999.0,35.5,22.5,6.0,1.0,13.0,159.0,1.0,,,,,,,keandre lambert smith
4750,Lance Lenoir,WR,,Active,,,,,1671740713414.0,,,999.0,999.0,999.0,999.0,,,,,,,,,,,,,,lance lenoir
11431,Isaiah Bowser,RB,,Active,,,,,1686061551463.0,,,999.0,999.0,999.0,999.0,,,,,,,,,,,,,,isaiah bowser
5236,Kyle Lewis,WR,,Active,,,,,1532571901714.0,,,999.0,999.0,999.0,999.0,,,,,,,,,,,,,,kyle lewis
7943,Zach Davidson,TE,,Active,,,,,1767058528845.0,,,999.0,999.0,999.0,999.0,,,,,,,,,,,,,,zach davidson
13306,Taylen Green,QB,CLE,Active,,,,,1781876411978.0,QB,3.0,999.0,999.0,999.0,999.0,30.3,30.3,69.0,15.0,,,,1.0,1.0,335.0,2.0,2.0,53.0,taylen green
13034,Tyrone Broden,WR,,Active,Questionable,Undisclosed,,,1785009606455.0,,,999.0,999.0,999.0,999.0,,,,,,,,,,,,,,tyrone broden
4996,Kyle Lauletta,QB,,Active,,,,,1641337528950.0,,,999.0,999.0,999.0,999.0,,,,,,,,,,,,,,kyle lauletta
11256,Tyson Bagent,QB,CHI,Active,,,,,1779920431193.0,QB,2.0,999.0,999.0,999.0,298.5,12.5,12.5,17.0,4.0,,,,,,195.0,1.0,1.0,31.0,tyson bagent
4958,Brett Maher,K,,Active,,,,,1705377002667.0,,,999.0,999.0,999.0,999.0,,,,,,,,,,,,,,brett maher
13770,J. Michael Sturdivant,WR,GB,Active,,,,,1777377625329.0,SWR,,999.0,999.0,999.0,999.0,,,,,,,,,,,,,,j michael sturdivant
6148,Preston Williams,WR,,Active,,,,,1685028915056.0,,,999.0,999.0,999.0,999.0,,,,,,,,,,,,,,preston williams
5961,Jalin Moore,RB,,Inactive,,,,,1596305109646.0,,,999.0,999.0,999.0,999.0,,,,,,,,,,,,,,jalin moore
3584,Marcus Leak,WR,,Active,,,,,,,,999.0,999.0,999.0,999.0,,,,,,,,,,,,,,marcus leak
5086,Marquez Valdes-Scantling,WR,DAL,Active,,,,,1781295632677.0,LWR,5.0,999.0,999.0,999.0,999.0,26.9,18.9,6.0,1.0,8.0,123.0,1.0,,,,,,,marquez valdes scantling
11568,Blake Watson,RB,,Active,Questionable,Undisclosed,,,1777596928487.0,,,999.0,999.0,999.0,999.0,,,,,,,,,,,,,,blake watson
13702,Malik Rutherford,WR,,Active,,,,,1777377625545.0,,,999.0,999.0,999.0,999.0,,,,,,,,,,,,,,malik rutherford
12851,Rivaldo Fairweather,TE,ARI,Active,,,,,1767131120781.0,TE,4.0,999.0,999.0,999.0,999.0,,,,,,,,,,,,,,rivaldo fairweather
11911,Jeshaun Jones,WR,MIN,Active,,,,,1767664809011.0,RWR,5.0,999.0,999.0,999.0,999.0,,,,,,,,,,,,,,jeshaun jones
1433,Brandon McManus,K,,Active,,,,,1778261440179.0,,,999.0,999.0,999.0,999.0,46.0,46.0,,,,,,,,,,,,brandon mcmanus
4490,Wyatt Houston,TE,CAR,Active,,,,,,TE,40.0,999.0,999.0,999.0,999.0,,,,,,,,,,,,,,wyatt houston
13161,Zakhari Franklin,WR,,Active,,,,,1753226421926.0,,,999.0,999.0,999.0,999.0,,,,,,,,,,,,,,zakhari franklin
2937,Damond Powell,WR,,Active,,,,,,,,999.0,999.0,999.0,999.0,,,,,,,,,,,,,,damond powell
2802,Corey Acosta,K,,Active,,,,,,,,999.0,999.0,999.0,999.0,,,,,,,,,,,,,,corey acosta
289,Drew Brees,QB,,Injured Reserve,,,,,1652804146823.0,,,999.0,999.0,999.0,999.0,,,,,,,,,,,,,,drew brees
9499,Bryce Ford-Wheaton,WR,,Active,Questionable,Achilles,,,1778606453510.0,,,999.0,999.0,999.0,999.0,,,,,,,,,,,,,,bryce ford wheaton
6311,Patrick Laird,RB,,Active,,,,,1716415523155.0,,,999.0,999.0,999.0,999.0,,,,,,,,,,,,,,patrick laird
2947,Clay Burton,TE,,Active,,,,,,,,999.0,999.0,999.0,999.0,,,,,,,,,,,,,,clay burton
3391,Dwayne Washington,RB,,Active,,,,,1703975402036.0,,,999.0,999.0,999.0,999.0,,,,,,,,,,,,,,dwayne washington
1262,Alex Tanney,QB,,Injured Reserve,,,,,1612923345249.0,,,999.0,999.0,999.0,999.0,,,,,,,,,,,,,,alex tanney
13317,Ted Hurst,WR,TB,Active,,,,,1786026948394.0,LWR,4.0,223.5,196.2,213.3,231.3,97.9,61.9,13.0,2.0,36.0,426.0,3.0,,,,,,,ted hurst
8891,Ryan McDaniel,WR,,Active,,,,,1660601704567.0,,,999.0,999.0,999.0,999.0,,,,,,,,,,,,,,ryan mcdaniel
7404,Noah Togiai,TE,,Active,,,,,1715626818625.0,,,999.0,999.0,999.0,999.0,,,,,,,,,,,,,,noah togiai
12135,Neal Johnson,TE,,Active,,,,,1756080350107.0,,,999.0,999.0,999.0,999.0,,,,,,,,,,,,,,neal johnson
13435,Joe Royer,TE,CLE,Active,,,,,1777335620147.0,TE,2.0,999.0,999.0,999.0,999.0,57.8,34.8,,,23.0,228.0,2.0,,,,,,,joe royer
4150,Wayne Gallman,RB,,Active,,,,,1672157403655.0,,,999.0,999.0,999.0,999.0,,,,,,,,,,,,,,wayne gallman
8085,Mekhi Sargent,RB,,Active,,,,,1680551112418.0,,,999.0,999.0,999.0,999.0,,,,,,,,,,,,,,mekhi sargent
2996,Logan Stokes,TE,,Active,,,,,,,,999.0,999.0,999.0,999.0,,,,,,,,,,,,,,logan stokes
13158,Sam Pitz,TE,,Active,,,,,1754211305000.0,,,999.0,999.0,999.0,999.0,,,,,,,,,,,,,,sam pitz
7865,Brandon Smith,WR,PIT,Active,,,,,1768541417272.0,SWR,,999.0,999.0,999.0,999.0,,,,,,,,,,,,,,brandon smith
11092,B.T. Potter,K,TB,Active,,,,,1780984837549.0,K,,999.0,999.0,999.0,999.0,,,,,,,,,,,,,,b t potter
3780,Cedric O'Neal,RB,,Active,,,,,,,,999.0,999.0,999.0,999.0,,,,,,,,,,,,,,cedric o neal
4384,Aaron Peck,TE,,Active,,,,,,,,999.0,999.0,999.0,999.0,,,,,,,,,,,,,,aaron peck
3280,Tyler Ervin,RB,,Inactive,,,,,1612979149228.0,,,999.0,999.0,999.0,999.0,,,,,,,,,,,,,,tyler ervin
6989,Marquez Callaway,WR,,Active,,,,,1756197906317.0,,,999.0,999.0,999.0,999.0,,,,,,,,,,,,,,marquez callaway
13580,Carsen Ryan,TE,CLE,Active,,,,,1780442450838.0,TE,6.0,999.0,999.0,999.0,999.0,,,,,,,,,,,,,,carsen ryan
9498,Jadon Haselwood,WR,,Active,,,,,1693348510069.0,,,999.0,999.0,999.0,999.0,,,,,,,,,,,,,,jadon haselwood
13661,Ethan Conner,TE,JAX,Active,,,,,1777291239470.0,TE,,999.0,999.0,999.0,999.0,,,,,,,,,,,,,,ethan conner
8436,Neil Pau'u,WR,,Active,,,,,1661783709487.0,,,999.0,999.0,999.0,999.0,,,,,,,,,,,,,,neil pau u
5850,Josh Jacobs,RB,GB,Active,Questionable,Groin,,,1786042251820.0,RB,1.0,27.6,20.2,25.2,40.1,202.6,169.6,918.0,217.0,33.0,258.0,1.0,2.0,8.0,,,,,josh jacobs
5804,Julian Williams,WR,,Active,,,,,1537304705874.0,,,999.0,999.0,999.0,999.0,,,,,,,,,,,,,,julian williams
9753,Zach Charbonnet,RB,SEA,Active,PUP,Knee - ACL,,Surgery,1785268259768.0,RB,2.0,125.8,100.9,123.3,145.0,67.2,56.2,264.0,65.0,11.0,78.0,1.0,1.0,3.0,,,,,zach charbonnet
2838,Trevor Harman,WR,,Active,,,,,,,,999.0,999.0,999.0,999.0,,,,,,,,,,,,,,trevor harman
12267,Qadir Ismail,WR,CHI,Active,,,,,1769189422295.0,TE,,999.0,999.0,999.0,999.0,,,,,,,,,,,,,,qadir ismail
899,Dan Bailey,K,,Active,,,,,1615333556406.0,,,999.0,999.0,999.0,999.0,,,,,,,,,,,,,,dan bailey
2502,Bud Sasser,WR,,Active,,,,,,,,999.0,999.0,999.0,999.0,,,,,,,,,,,,,,bud sasser
7864,Artayvious Lynn,TE,,Active,,,,,1630447252274.0,,,999.0,999.0,999.0,999.0,,,,,,,,,,,,,,artayvious lynn
11065,Adrian Martinez,QB,SF,Active,,,,,1769754040910.0,QB,3.0,999.0,999.0,999.0,999.0,,,,,,,,,,,,,,adrian martinez
5880,Parris Campbell,WR,,Active,NA,Undisclosed,,,1779919232638.0,,,999.0,999.0,999.0,999.0,,,,,,,,,,,,,,parris campbell
2933,Corey Knox,RB,,Active,,,,,,,,999.0,999.0,999.0,999.0,,,,,,,,,,,,,,corey knox
13685,Jake Retzlaff,QB,,Active,,,,,1777377625246.0,,,999.0,999.0,999.0,999.0,,,,,,,,,,,,,,jake retzlaff
4314,Johnny Mundt,TE,PHI,Active,,,,,1780442449892.0,TE,4.0,999.0,999.0,999.0,999.0,,,,,,,,,,,,,,johnny mundt
7527,Mac Jones,QB,SF,Active,,,,,1785443422865.0,QB,2.0,999.0,999.0,999.0,181.0,26.72,26.72,18.0,5.0,,,,1.0,,423.0,3.0,2.0,62.0,mac jones
6293,Cullen Gillaspia,RB,,Inactive,,,,,1668296436334.0,,,999.0,999.0,999.0,999.0,,,,,,,,,,,,,,cullen gillaspia
2768,Braylon Heard,RB,,Active,,,,,,,,999.0,999.0,999.0,999.0,,,,,,,,,,,,,,braylon heard
13806,Matt Lauter,TE,,Active,,,,,1777779355527.0,,,999.0,999.0,999.0,999.0,,,,,,,,,,,,,,matt lauter
12421,David Wallis,WR,,Active,,,,,1724785553598.0,,,999.0,999.0,999.0,999.0,,,,,,,,,,,,,,david wallis
11452,Jesse Matthews,WR,,Active,,,,,1755999944161.0,,,999.0,999.0,999.0,999.0,,,,,,,,,,,,,,jesse matthews
13350,Joe Fagnano,QB,BAL,Active,,,,,1777477532069.0,QB,,999.0,999.0,999.0,999.0,,,,,,,,,,,,,,joe fagnano
9505,Deuce Vaughn,RB,,Active,,,,,1778696428725.0,,,999.0,999.0,999.0,999.0,,,,,,,,,,,,,,deuce vaughn
862,Blaine Gabbert,QB,,Active,,,,,1704696929145.0,,,999.0,999.0,999.0,999.0,,,,,,,,,,,,,,blaine gabbert
13818,Romello Brinson,WR,,Active,,,,,1781821523993.0,,,999.0,999.0,999.0,999.0,,,,,,,,,,,,,,romello brinson
2892,Rodney Smith,RB,,Active,,,,,1629254448378.0,,,999.0,999.0,999.0,999.0,,,,,,,,,,,,,,rodney smith
6208,Elliott Fry,K,,Active,,,,,1695768937629.0,,,999.0,999.0,999.0,999.0,,,,,,,,,,,,,,elliott fry
2168,Devonta Freeman,RB,,Active,,,,,1642179319366.0,,,999.0,999.0,999.0,999.0,,,,,,,,,,,,,,devonta freeman
2545,Geoff Swaim,TE,,Active,,,,,1739599220925.0,,,999.0,999.0,999.0,999.0,,,,,,,,,,,,,,geoff swaim
4623,Tim Cook,RB,,Active,,,,,1516723201203.0,,,999.0,999.0,999.0,999.0,,,,,,,,,,,,,,tim cook
13491,Kaden Wetjen,WR,PIT,Active,,,,,1778479806565.0,SWR,6.0,999.0,999.0,999.0,999.0,4.2,2.2,,,2.0,22.0,,,,,,,,kaden wetjen
7157,Josh Love,QB,,Active,,,,,1636492230785.0,,,999.0,999.0,999.0,999.0,,,,,,,,,,,,,,josh love
13289,Drew Allar,QB,PIT,Active,,,,,1785691555073.0,QB,3.0,999.0,999.0,999.0,999.0,22.02,22.02,21.0,5.0,,,,1.0,,398.0,2.0,2.0,62.0,drew allar
6126,Irv Smith,TE,,Inactive,Questionable,Ankle,,Sprain,1759181743096.0,,,999.0,999.0,999.0,999.0,,,,,,,,,,,,,,irv smith
7082,Dalton Keene,TE,,Active,,,,,1762364430734.0,,,999.0,999.0,999.0,999.0,,,,,,,,,,,,,,dalton keene
11604,Brock Bowers,TE,LV,Active,,,,,1785771005520.0,TE,1.0,20.2,30.2,18.0,37.4,253.5,151.5,18.0,4.0,102.0,1077.0,7.0,1.0,,,,,,brock bowers
12826,Ulysses Bentley,RB,IND,Active,,,,,1767642006132.0,RB,,999.0,999.0,999.0,999.0,,,,,,,,,,,,,,ulysses bentley
11566,Jayden Daniels,QB,WAS,Active,,,,,1785281403181.0,QB,1.0,62.1,65.7,64.1,8.0,314.52,314.52,686.0,126.0,,,,3.0,6.0,3373.0,22.0,9.0,479.0,jayden daniels
4319,Zach Pascal,WR,,Active,,,,,1755916233871.0,,,999.0,999.0,999.0,999.0,,,,,,,,,,,,,,zach pascal
6588,Tom Kennedy,WR,DET,Active,,,,,1782256824213.0,RWR,5.0,999.0,999.0,999.0,999.0,,,,,,,,,,,,,,tom kennedy
7617,Matt Ammendola,K,,Active,,,,,1702418738467.0,,,999.0,999.0,999.0,999.0,,,,,,,,,,,,,,matt ammendola
13338,Kevin Coleman,WR,MIA,Active,Questionable,Undisclosed,,,1786116013867.0,SWR,7.0,999.0,999.0,999.0,999.0,32.4,20.4,,,12.0,144.0,1.0,,,,,,,kevin coleman
13251,Gunnar Oakes,TE,,Active,,,,,1756254621462.0,,,999.0,999.0,999.0,999.0,,,,,,,,,,,,,,gunnar oakes
13322,Sam Roush,TE,CHI,Active,,,,,1783829708775.0,TE,3.0,999.0,999.0,999.0,999.0,33.5,19.5,,,14.0,135.0,1.0,,,,,,,sam roush
12015,Harrison Mevis,K,LAR,Active,,,,,1779160816573.0,K,1.0,181.0,154.2,149.7,171.2,106.0,106.0,,,,,,,,,,,,harrison mevis
2569,Jake Waters,QB,,Active,,,,,,,,999.0,999.0,999.0,999.0,,,,,,,,,,,,,,jake waters
2920,Jeret Smith,WR,,Active,,,,,,,,999.0,999.0,999.0,999.0,,,,,,,,,,,,,,jeret smith
1916,Martavis Bryant,WR,,Active,,,,,1724801753756.0,,,999.0,999.0,999.0,999.0,,,,,,,,,,,,,,martavis bryant
5984,Anthony Ratliff-Williams,WR,,Active,,,,,1629151543964.0,,,999.0,999.0,999.0,999.0,,,,,,,,,,,,,,anthony ratliff williams
7394,Jermiah Braswell,WR,,Active,,,,,1599693389697.0,,,999.0,999.0,999.0,999.0,,,,,,,,,,,,,,jermiah braswell
12185,Spencer Shrader,K,IND,Active,,,,,1785521433245.0,K,2.0,378.0,355.0,369.4,388.0,,,,,,,,,,,,,,spencer shrader
5468,Christian Scotland-Williamson,TE,,Active,,,,,1595382657162.0,,,999.0,999.0,999.0,999.0,,,,,,,,,,,,,,christian scotland williamson
9495,Rakim Jarrett,WR,,Active,,,,,1758066621150.0,,,999.0,999.0,999.0,999.0,,,,,,,,,,,,,,rakim jarrett
13314,Luke Altmyer,QB,DET,Active,,,,,1777167924784.0,QB,3.0,999.0,999.0,999.0,999.0,,,,,,,,,,,,,,luke altmyer
10860,Malik Cunningham,WR,DET,Active,,,,,1767686710750.0,SWR,8.0,999.0,999.0,999.0,999.0,,,,,,,,,,,,,,malik cunningham
1312,Josh Bellamy,WR,,Active,,,,,1599772819021.0,,,999.0,999.0,999.0,999.0,,,,,,,,,,,,,,josh bellamy
2460,C.J. Uzomah,TE,,Active,,,,,1739139660554.0,,,999.0,999.0,999.0,999.0,,,,,,,,,,,,,,c j uzomah
8429,Levi Lewis,QB,,Active,,,,,1653079808390.0,,,999.0,999.0,999.0,999.0,,,,,,,,,,,,,,levi lewis
7368,Sean Riley,WR,,Active,,,,,1599693357462.0,,,999.0,999.0,999.0,999.0,,,,,,,,,,,,,,sean riley
2560,Zach Zenner,RB,,Active,,,,,1576018846783.0,,,999.0,999.0,999.0,999.0,,,,,,,,,,,,,,zach zenner
8176,Danny Gray,WR,PHI,Active,,,,,1769195122694.0,LWR,8.0,999.0,999.0,999.0,999.0,,,,,,,,,,,,,,danny gray
4520,Travin Dural,WR,,Active,,,,,1564529107962.0,,,999.0,999.0,999.0,999.0,,,,,,,,,,,,,,travin dural
1971,Donte Moncrief,WR,,Active,,,,,1627441801461.0,,,999.0,999.0,999.0,999.0,,,,,,,,,,,,,,donte moncrief
6088,Bisi Johnson,WR,,Inactive,,,,,1661790346750.0,,,999.0,999.0,999.0,999.0,,,,,,,,,,,,,,bisi johnson
5255,Teo Redding,WR,,Active,,,,,1567185953780.0,,,999.0,999.0,999.0,999.0,,,,,,,,,,,,,,teo redding
12395,Tanner Knue,WR,,Active,,,,,1745971834055.0,,,999.0,999.0,999.0,999.0,,,,,,,,,,,,,,tanner knue
5001,Dalton Schultz,TE,HOU,Active,,,,,1784903454707.0,TE,1.0,137.0,97.6,149.2,118.6,133.5,78.5,,,55.0,545.0,4.0,,,,,,,dalton schultz
11643,Jaylen Wright,RB,MIA,Active,,,,,1785957939465.0,RB,2.0,215.1,173.8,199.6,223.3,44.1,38.1,223.0,53.0,6.0,38.0,,,2.0,,,,,jaylen wright
6181,Trevon Wesco,TE,,Active,,,,,1732058747662.0,,,999.0,999.0,999.0,999.0,,,,,,,,,,,,,,trevon wesco
4036,Corey Davis,WR,,Active,,,,,1723936825867.0,,,999.0,999.0,999.0,999.0,,,,,,,,,,,,,,corey davis
13827,Tanner Arkin,TE,NE,Active,,,,,1778285742728.0,TE,,999.0,999.0,999.0,999.0,,,,,,,,,,,,,,tanner arkin
12658,Jackson Hawes,TE,BUF,Active,,,,,1780438850187.0,TE,3.0,999.0,999.0,999.0,999.0,31.9,18.9,,,13.0,129.0,1.0,,,,,,,jackson hawes
5806,John Wolford,QB,,Active,,,,,1767546301461.0,,,999.0,999.0,999.0,999.0,,,,,,,,,,,,,,john wolford
8439,Demetris Robertson,WR,,Active,,,,,1652627734253.0,,,999.0,999.0,999.0,999.0,,,,,,,,,,,,,,demetris robertson
11467,John Samuel Shenker,TE,,Active,,,,,1736225408577.0,,,999.0,999.0,999.0,999.0,,,,,,,,,,,,,,john samuel shenker
7131,Tyler Davis,TE,,Active,,,,,1754441126935.0,,,999.0,999.0,999.0,999.0,,,,,,,,,,,,,,tyler davis
13602,Jack Strand,QB,ATL,Active,,,,,1785513933480.0,QB,,999.0,999.0,999.0,999.0,,,,,,,,,,,,,,jack strand
12324,William Thompson,QB,,Active,,,,,,,,999.0,999.0,999.0,999.0,,,,,,,,,,,,,,william thompson
12788,Will Sheppard,WR,GB,Active,,,,,1769062544243.0,SWR,,999.0,999.0,999.0,999.0,,,,,,,,,,,,,,will sheppard
13708,Kobe Prentice,WR,NE,Active,,,,,1785017104751.0,SWR,,999.0,999.0,999.0,999.0,,,,,,,,,,,,,,kobe prentice
13768,Josh Pitsenburger,RB,,Active,,,,,,,,999.0,999.0,999.0,999.0,,,,,,,,,,,,,,josh pitsenburger
5245,Troy Mangen,TE,,Active,,,,,,,,999.0,999.0,999.0,999.0,,,,,,,,,,,,,,troy mangen
7340,Brandon Polk,WR,,Active,,,,,1599693360082.0,,,999.0,999.0,999.0,999.0,,,,,,,,,,,,,,brandon polk
13617,Luke Wysong,WR,,Active,,,,,1785186950153.0,,,999.0,999.0,999.0,999.0,,,,,,,,,,,,,,luke wysong
11506,Jalen Moreno-Cropper,WR,NO,Active,,,,,1781769316004.0,SWR,,999.0,999.0,999.0,999.0,,,,,,,,,,,,,,jalen moreno cropper
4029,Dalvin Cook,RB,,Active,,,,,1731196820719.0,,,999.0,999.0,999.0,999.0,,,,,,,,,,,,,,dalvin cook
12797,Ahmani Marshall,RB,CLE,Active,,,,,1767685510839.0,RB,,999.0,999.0,999.0,999.0,,,,,,,,,,,,,,ahmani marshall
13813,Laith Marjan,K,PIT,Active,,,,,1777344020764.0,K,,999.0,999.0,999.0,999.0,,,,,,,,,,,,,,laith marjan
7890,Javon McKinley,WR,,Inactive,,,,,1668463863058.0,,,999.0,999.0,999.0,999.0,,,,,,,,,,,,,,javon mckinley
13750,TJ Harden,RB,SEA,Active,,,,,1785993646065.0,RB,,999.0,999.0,999.0,999.0,,,,,,,,,,,,,,tj harden
5374,Justin Watson,WR,HOU,Active,,,,,1782256824043.0,RWR,6.0,999.0,999.0,999.0,999.0,,,,,,,,,,,,,,justin watson
11619,Ja'Lynn Polk,WR,,Active,NA,Undisclosed,,,1785722759191.0,,,999.0,999.0,999.0,999.0,,,,,,,,,,,,,,ja lynn polk
11982,Isaiah Washington,WR,,Active,,,,,1725572726579.0,,,999.0,999.0,999.0,999.0,,,,,,,,,,,,,,isaiah washington
9756,Jordan Addison,WR,MIN,Active,Questionable,Thumb,,,1785955839395.0,RWR,2.0,100.7,98.9,98.4,119.8,171.7,111.7,22.0,4.0,60.0,795.0,5.0,,,,,,,jordan addison
7574,Larry Rountree,RB,,Active,,,,,1694541022349.0,,,999.0,999.0,999.0,999.0,,,,,,,,,,,,,,larry rountree
4033,David Njoku,TE,LAC,Active,,,,,1785768905141.0,TE,2.0,172.4,130.6,172.0,152.8,79.7,48.7,,,31.0,307.0,3.0,,,,,,,david njoku
13621,Dillon Bell,WR,MIN,Active,,,,,,SWR,,999.0,999.0,999.0,999.0,,,,,,,,,,,,,,dillon bell
4152,Marlon Mack,RB,,Active,,,,,1691619017047.0,,,999.0,999.0,999.0,999.0,,,,,,,,,,,,,,marlon mack
12799,Bryson Green,WR,ARI,Active,,,,,1786088109813.0,SWR,,999.0,999.0,999.0,999.0,,,,,,,,,,,,,,bryson green
13324,Matt Hibner,TE,BAL,Active,,,,,1777749351743.0,TE,2.0,999.0,999.0,999.0,999.0,31.8,18.8,,,13.0,128.0,1.0,,,,,,,matt hibner
3497,Darion Griswold,TE,,Active,,,,,,,,999.0,999.0,999.0,999.0,,,,,,,,,,,,,,darion griswold
4595,Dontez Ford,WR,,Active,,,,,1514946901675.0,,,999.0,999.0,999.0,999.0,,,,,,,,,,,,,,dontez ford
4360,Fred Ross,WR,,Inactive,,,,,1537906806963.0,,,999.0,999.0,999.0,999.0,,,,,,,,,,,,,,fred ross
4670,Artavis Scott,WR,,Active,,,,,1605747343974.0,,,999.0,999.0,999.0,999.0,,,,,,,,,,,,,,artavis scott
13298,KC Concepcion,WR,CLE,Active,,,,,1785961239877.0,SWR,2.0,143.2,129.3,116.0,149.9,156.4,98.4,54.0,9.0,58.0,710.0,4.0,1.0,,,,,,kc concepcion
13873,Sam Scott,RB,NYJ,Active,,,,,1778282142125.0,RB,,999.0,999.0,999.0,999.0,,,,,,,,,,,,,,sam scott
13861,Daniel Sobkowicz,WR,HOU,Active,,,,,1778267740719.0,SWR,,999.0,999.0,999.0,999.0,,,,,,,,,,,,,,daniel sobkowicz
13777,Ademola Faleye,TE,,Active,,,,,,,,999.0,999.0,999.0,999.0,,,,,,,,,,,,,,ademola faleye
9491,Ty Scott,WR,,Active,,,,,1726259119270.0,,,999.0,999.0,999.0,999.0,,,,,,,,,,,,,,ty scott
7502,Dominique Dafney,TE,,Active,,,,,1756163405792.0,,,999.0,999.0,999.0,999.0,,,,,,,,,,,,,,dominique dafney
7464,Connor Slomka,RB,,Active,,,,,1599693362272.0,,,999.0,999.0,999.0,999.0,,,,,,,,,,,,,,connor slomka
2582,Cole Stoudt,QB,,Active,,,,,,,,999.0,999.0,999.0,999.0,,,,,,,,,,,,,,cole stoudt
7549,CJ Marable,RB,,Active,,,,,1693173341674.0,,,999.0,999.0,999.0,999.0,,,,,,,,,,,,,,cj marable
5849,Kyler Murray,QB,MIN,Active,,,,,1786037149635.0,QB,1.0,142.2,154.5,153.2,84.7,265.2,265.2,488.0,83.0,,,,3.0,3.0,3285.0,20.0,9.0,465.0,kyler murray
13783,Raylen Sharpe,WR,IND,Active,,,,,1778213107531.0,SWR,,999.0,999.0,999.0,999.0,,,,,,,,,,,,,,raylen sharpe
5409,Tanner Hudson,TE,CIN,Active,,,,,1780442449965.0,TE,5.0,999.0,999.0,999.0,999.0,5.8,2.8,,,3.0,28.0,,,,,,,,tanner hudson
13663,Wesley Grimes,WR,SF,Active,,,,,1777250436596.0,SWR,,999.0,999.0,999.0,999.0,,,,,,,,,,,,,,wesley grimes
12361,Aeneas Dennis,QB,,Active,,,,,,,,999.0,999.0,999.0,999.0,,,,,,,,,,,,,,aeneas dennis
12889,Beaux Collins,WR,NYG,Inactive,IR,Concussion,,,1786061707449.0,,,999.0,999.0,999.0,999.0,,,,,,,,,,,,,,beaux collins
12256,Baylor Cupp,TE,,Active,,,,,1756197906362.0,,,999.0,999.0,999.0,999.0,,,,,,,,,,,,,,baylor cupp
7233,Andre Baccellia,WR,,Active,Questionable,Neck,,,1778196603677.0,,,999.0,999.0,999.0,999.0,,,,,,,,,,,,,,andre baccellia
587,Logan Paulsen,TE,,Active,,,,,1584623131225.0,,,999.0,999.0,999.0,999.0,,,,,,,,,,,,,,logan paulsen
7985,Pro Wells,TE,,Active,,,,,1629083137161.0,,,999.0,999.0,999.0,999.0,,,,,,,,,,,,,,pro wells
6960,Tyler Johnson,WR,DAL,Active,,,,,1782246022752.0,SWR,7.0,999.0,999.0,999.0,999.0,6.5,3.5,,,3.0,35.0,,,,,,,,tyler johnson
11068,Mitch Tinsley,WR,CIN,Active,,,,,1767686710796.0,RWR,4.0,999.0,999.0,999.0,999.0,,,,,,,,,,,,,,mitch tinsley
1215,Jarius Wright,WR,,Active,,,,,1582693530037.0,,,999.0,999.0,999.0,999.0,,,,,,,,,,,,,,jarius wright
4252,Isaiah Ford,WR,,Inactive,,,,,1729730115203.0,,,999.0,999.0,999.0,999.0,,,,,,,,,,,,,,isaiah ford
6819,Michael Pittman,WR,PIT,Active,,,,,1785634247794.0,RWR,2.0,102.9,107.5,98.0,127.0,170.9,101.9,7.0,1.0,69.0,772.0,4.0,,,,,,,michael pittman
3300,DeAndre Washington,RB,,Inactive,,,,,1609692944268.0,,,999.0,999.0,999.0,999.0,,,,,,,,,,,,,,deandre washington
11575,Ray Davis,RB,BUF,Active,,,,,1785851717838.0,RB,4.0,208.6,167.3,192.6,217.1,65.1,56.1,313.0,73.0,9.0,68.0,,,3.0,,,,,ray davis
7334,Earnest Edwards,WR,,Inactive,,,,,1599693360074.0,,,999.0,999.0,999.0,999.0,,,,,,,,,,,,,,earnest edwards
3917,Kendal Thompson,WR,,Inactive,,,,,1543975262282.0,,,999.0,999.0,999.0,999.0,,,,,,,,,,,,,,kendal thompson
11245,Patrick Murtagh,TE,,Active,,,,,1756457725011.0,,,999.0,999.0,999.0,999.0,,,,,,,,,,,,,,patrick murtagh
7002,Juwan Johnson,TE,NO,Active,,,,,1785596742851.0,TE,1.0,135.3,102.6,143.1,123.6,136.6,82.6,,,54.0,586.0,4.0,,,,,,,juwan johnson
12485,Tez Johnson,WR,TB,Active,Questionable,Groin,,Strain,1785943237686.0,RWR,7.0,999.0,999.0,999.0,999.0,38.4,24.4,10.0,2.0,14.0,174.0,1.0,,,,,,,tez johnson
8885,Tucker Fisk,TE,,Active,,,,,1768504505290.0,,,999.0,999.0,999.0,999.0,7.5,3.5,,,4.0,35.0,,,,,,,,tucker fisk
13981,Kolbe Katsis,WR,DEN,Active,,,,,1778288443056.0,SWR,,999.0,999.0,999.0,999.0,,,,,,,,,,,,,,kolbe katsis
6549,Damion Willis,WR,,Active,,,,,1641603948646.0,,,999.0,999.0,999.0,999.0,,,,,,,,,,,,,,damion willis
3895,Marvin Hall,WR,,Active,,,,,1661211010618.0,,,999.0,999.0,999.0,999.0,,,,,,,,,,,,,,marvin hall
11640,Jermaine Burton,WR,,Active,,,,,1777241433682.0,,,999.0,999.0,999.0,999.0,26.0,18.0,6.0,1.0,8.0,114.0,1.0,,,,,,,jermaine burton
13541,Lewis Bond,WR,HOU,Active,,,,,1782322831900.0,SWR,8.0,999.0,999.0,999.0,999.0,,,,,,,,,,,,,,lewis bond
11284,Cody Chrest,WR,,Active,,,,,1693350610669.0,,,999.0,999.0,999.0,999.0,,,,,,,,,,,,,,cody chrest
13913,Patrick Gurd,TE,LV,Active,,,,,1777790456750.0,TE,,999.0,999.0,999.0,999.0,,,,,,,,,,,,,,patrick gurd
12738,Phil Mafah,RB,DAL,Active,,,,,1786049751216.0,RB,4.0,999.0,999.0,999.0,999.0,6.7,4.7,32.0,8.0,2.0,15.0,,,,,,,5.0,phil mafah
6387,Nsimba Webster,WR,,Active,,,,,1724521220730.0,,,999.0,999.0,999.0,999.0,,,,,,,,,,,,,,nsimba webster
3402,Zac Brooks,RB,,Active,,,,,,,,999.0,999.0,999.0,999.0,,,,,,,,,,,,,,zac brooks
9496,Sam James,WR,,Active,,,,,1687381538715.0,,,999.0,999.0,999.0,999.0,,,,,,,,,,,,,,sam james
4139,Amara Darboh,WR,,Active,,,,,1628273443428.0,,,999.0,999.0,999.0,999.0,,,,,,,,,,,,,,amara darboh
7217,Trevontae Hights,WR,,Active,,,,,1597008351314.0,,,999.0,999.0,999.0,999.0,,,,,,,,,,,,,,trevontae hights
7475,Napoleon Maxwell,RB,,Inactive,,,,,1599693364540.0,,,999.0,999.0,999.0,999.0,,,,,,,,,,,,,,napoleon maxwell
3596,Kivon Cartwright,TE,,Active,,,,,,,,999.0,999.0,999.0,999.0,,,,,,,,,,,,,,kivon cartwright
11070,Kazmeir Allen,WR,,Active,,,,,1756251320641.0,,,999.0,999.0,999.0,999.0,,,,,,,,,,,,,,kazmeir allen
5846,DK Metcalf,WR,PIT,Active,,,,,1785255358101.0,LWR,1.0,74.4,73.3,78.1,94.0,183.3,121.3,10.0,2.0,62.0,843.0,6.0,,,,,,,dk metcalf
6468,Matthew Eaton,WR,,Active,,,,,1564615546584.0,,,999.0,999.0,999.0,999.0,,,,,,,,,,,,,,matthew eaton
8155,Breece Hall,RB,NYJ,Active,,,,,1784834113567.0,RB,1.0,32.3,27.1,33.0,48.4,214.6,176.6,1006.0,224.0,38.0,320.0,2.0,2.0,6.0,,,,,breece hall
8175,Reggie Roberson,WR,,Active,,,,,1693357205843.0,,,999.0,999.0,999.0,999.0,,,,,,,,,,,,,,reggie roberson
2934,Jonathon Rumph,WR,,Active,,,,,,,,999.0,999.0,999.0,999.0,,,,,,,,,,,,,,jonathon rumph
6814,Laviska Shenault,WR,,Active,,,,,1756217706982.0,,,999.0,999.0,999.0,999.0,,,,,,,,,,,,,,laviska shenault
6939,Binjimen Victor,WR,,Active,,,,,1673909714981.0,,,999.0,999.0,999.0,999.0,,,,,,,,,,,,,,binjimen victor
7172,Mikey Daniel,RB,,Active,,,,,1628797816883.0,,,999.0,999.0,999.0,999.0,,,,,,,,,,,,,,mikey daniel
13879,Jameson Geers,TE,ARI,Active,,,,,1777765853789.0,TE,,999.0,999.0,999.0,999.0,,,,,,,,,,,,,,jameson geers
12760,Rashod Owens,WR,,Active,,,,,1756166105983.0,,,999.0,999.0,999.0,999.0,,,,,,,,,,,,,,rashod owens
4320,James Quick,WR,,Active,,,,,,,,999.0,999.0,999.0,999.0,,,,,,,,,,,,,,james quick
13437,Noah Whittington,RB,HOU,Active,,,,,1780611637970.0,RB,5.0,999.0,999.0,999.0,999.0,,,,,,,,,,,,,,noah whittington
2576,Cody Fajardo,QB,,Active,,,,,,,,999.0,999.0,999.0,999.0,,,,,,,,,,,,,,cody fajardo
2870,Ray Hamilton,TE,,Active,,,,,,,,999.0,999.0,999.0,999.0,,,,,,,,,,,,,,ray hamilton
3893,Reece Horn,WR,,Active,,,,,1629217845461.0,,,999.0,999.0,999.0,999.0,,,,,,,,,,,,,,reece horn
4411,R.J. Shelton,WR,,Inactive,,,,,1510100701743.0,,,999.0,999.0,999.0,999.0,,,,,,,,,,,,,,r j shelton
12935,Jakobie Keeney-James,WR,PIT,Active,,,,,1785915329148.0,SWR,,999.0,999.0,999.0,999.0,,,,,,,,,,,,,,jakobie keeney james
KC,Chiefs,DEF,KC,,,,,,,,,189.2,183.2,183.2,218.5,87.0,87.0,,,,,,,,,,,,chiefs
11913,Devron Harper,WR,,Active,,,,,1718664633180.0,,,999.0,999.0,999.0,999.0,,,,,,,,,,,,,,devron harper
6992,Michael Warren,RB,DET,Inactive,,,,,1629159044233.0,,,999.0,999.0,999.0,999.0,,,,,,,,,,,,,,michael warren
12972,Roc Taylor,WR,CAR,Active,,,,,1785916829262.0,SWR,,999.0,999.0,999.0,999.0,,,,,,,,,,,,,,roc taylor
7716,John Bates,TE,WAS,Active,Questionable,Hamstring,,,1785700856341.0,TE,2.0,999.0,999.0,999.0,999.0,31.8,18.8,,,13.0,128.0,1.0,,,,,,,john bates
2325,Nelson Agholor,WR,,Active,,,,,1739589920170.0,,,999.0,999.0,999.0,999.0,,,,,,,,,,,,,,nelson agholor
1567,Tavon Austin,WR,,Active,,,,,1723594805033.0,,,999.0,999.0,999.0,999.0,,,,,,,,,,,,,,tavon austin
5597,Brogan Roback,QB,,Active,,,,,1557850830183.0,,,999.0,999.0,999.0,999.0,,,,,,,,,,,,,,brogan roback
7135,Freddie Swain,WR,,Inactive,,,,,1724524521641.0,,,999.0,999.0,999.0,999.0,,,,,,,,,,,,,,freddie swain
6139,Jace Sternberger,TE,,Active,,,,,1693169122642.0,,,999.0,999.0,999.0,999.0,,,,,,,,,,,,,,jace sternberger
7401,Khalil Tate,WR,,Inactive,,,,,1623297614855.0,,,999.0,999.0,999.0,999.0,,,,,,,,,,,,,,khalil tate
3630,Durron Neal,WR,,Active,,,,,,,,999.0,999.0,999.0,999.0,,,,,,,,,,,,,,durron neal
12762,Payton Thorne,QB,,Active,,,,,1756166105987.0,,,999.0,999.0,999.0,999.0,,,,,,,,,,,,,,payton thorne
13333,Deion Burks,WR,IND,Active,,,,,1777584057525.0,RWR,5.0,999.0,999.0,999.0,999.0,27.6,17.6,2.0,,10.0,114.0,1.0,,,,,,,deion burks
13949,Damon Bankston,RB,NYG,Active,,,,,1778271641083.0,RB,,999.0,999.0,999.0,999.0,,,,,,,,,,,,,,damon bankston
14064,Roydell Williams,RB,IND,Active,,,,,1785539735670.0,,,999.0,999.0,999.0,999.0,,,,,,,,,,,,,,roydell williams
2730,Kenneth Harper,RB,,Active,,,,,,,,999.0,999.0,999.0,999.0,,,,,,,,,,,,,,kenneth harper
2962,Zach D'Orazio,WR,,Active,,,,,,,,999.0,999.0,999.0,999.0,,,,,,,,,,,,,,zach d orazio
5638,Shaq Roland,WR,CHI,Active,,,,,1529018101361.0,,,999.0,999.0,999.0,999.0,,,,,,,,,,,,,,shaq roland
8038,Nick Guggemos,TE,,Active,,,,,1690319715998.0,,,999.0,999.0,999.0,999.0,,,,,,,,,,,,,,nick guggemos
12433,Ben Bryant,QB,,Active,,,,,1722091248684.0,,,999.0,999.0,999.0,999.0,,,,,,,,,,,,,,ben bryant
13125,Micah Bernard,RB,,Active,,,,,1755937838082.0,,,999.0,999.0,999.0,999.0,,,,,,,,,,,,,,micah bernard
4647,Colin Thompson,TE,,Active,,,,,1693249849271.0,,,999.0,999.0,999.0,999.0,,,,,,,,,,,,,,colin thompson
8166,Dontario Drummond,WR,,Active,,,,,1693353904353.0,,,999.0,999.0,999.0,999.0,,,,,,,,,,,,,,dontario drummond
6427,Ashton Dulin,WR,IND,Active,,,,,1786110912218.0,LWR,3.0,999.0,999.0,999.0,999.0,3.0,2.0,6.0,1.0,1.0,14.0,,,,,,,,ashton dulin
13005,Anthony Torres,TE,,Active,Questionable,Ankle,,,1755649544353.0,,,999.0,999.0,999.0,999.0,,,,,,,,,,,,,,anthony torres
6806,J.K. Dobbins,RB,DEN,Active,,,,,1784994603023.0,RB,1.0,92.5,74.7,90.6,115.9,160.2,134.2,732.0,171.0,26.0,190.0,1.0,,6.0,,,,,j k dobbins
5278,Jarvion Franklin,RB,,Active,,,,,1535991932832.0,,,999.0,999.0,999.0,999.0,,,,,,,,,,,,,,jarvion franklin
11962,Tayvion Robinson,WR,,Active,,,,,1724718646940.0,,,999.0,999.0,999.0,999.0,,,,,,,,,,,,,,tayvion robinson
7560,Pooka Williams,RB,,Active,,,,,1660500636702.0,,,999.0,999.0,999.0,999.0,,,,,,,,,,,,,,pooka williams
6813,Jonathan Taylor,RB,IND,Active,,,,,1786022147692.0,RB,1.0,7.7,3.8,6.4,12.5,272.3,236.3,1385.0,287.0,36.0,278.0,1.0,2.0,11.0,,,,,jonathan taylor
11564,Drake Maye,QB,NE,Active,,,,,1785534334591.0,QB,1.0,51.2,49.6,54.0,3.5,320.76,320.76,416.0,85.0,,,,3.0,4.0,3854.0,29.0,11.0,505.0,drake maye
13194,Key'Shawn Smith,WR,,Active,,,,,1756269022641.0,,,999.0,999.0,999.0,999.0,,,,,,,,,,,,,,key shawn smith
3306,Jordan Howard,RB,,Active,,,,,1668604227540.0,,,999.0,999.0,999.0,999.0,,,,,,,,,,,,,,jordan howard
13312,Josh Kattus,TE,CIN,Active,,,,,1786085111978.0,TE,,999.0,999.0,999.0,999.0,,,,,,,,,,,,,,josh kattus
8581,Trevon Bradford,WR,,Active,,,,,1661893851174.0,,,999.0,999.0,999.0,999.0,,,,,,,,,,,,,,trevon bradford
4779,Bra'Lon Cherry,WR,,Active,,,,,,,,999.0,999.0,999.0,999.0,,,,,,,,,,,,,,bra lon cherry
6828,AJ Dillon,RB,CAR,Active,,,,,1786078209633.0,RB,3.0,999.0,999.0,999.0,999.0,,,,,,,,,,,,,,aj dillon
8840,Cole Fotheringham,TE,,Active,,,,,1755937838039.0,,,999.0,999.0,999.0,999.0,,,,,,,,,,,,,,cole fotheringham
7545,Marlon Williams,WR,,Inactive,,,,,1620062736674.0,,,999.0,999.0,999.0,999.0,,,,,,,,,,,,,,marlon williams
5873,Riley Ridley,WR,,Active,,,,,1630439750326.0,,,999.0,999.0,999.0,999.0,,,,,,,,,,,,,,riley ridley
4494,Alonzo Moore,WR,,Inactive,,,,,,,,999.0,999.0,999.0,999.0,,,,,,,,,,,,,,alonzo moore
7424,Anthony Jones,RB,,Active,,,,,1599693359926.0,,,999.0,999.0,999.0,999.0,,,,,,,,,,,,,,anthony jones
5124,Alex McGough,QB,,Active,,,,,1732142115385.0,,,999.0,999.0,999.0,999.0,,,,,,,,,,,,,,alex mcgough
4741,Dan Arnold,TE,,Active,,,,,1693169123858.0,,,999.0,999.0,999.0,999.0,,,,,,,,,,,,,,dan arnold
7080,Omar Bayless,WR,,Active,,,,,1660575647954.0,,,999.0,999.0,999.0,999.0,,,,,,,,,,,,,,omar bayless
6713,Jamarius Way,WR,,Active,,,,,1564975506239.0,,,999.0,999.0,999.0,999.0,,,,,,,,,,,,,,jamarius way
11415,Tanner Taula,TE,,Active,,,,,1756426221535.0,,,999.0,999.0,999.0,999.0,,,,,,,,,,,,,,tanner taula
12074,Talik Keaton,WR,,Active,,,,,,,,999.0,999.0,999.0,999.0,,,,,,,,,,,,,,talik keaton
13143,Dymere Miller,WR,,Active,,,,,1756080650274.0,,,999.0,999.0,999.0,999.0,,,,,,,,,,,,,,dymere miller
6913,Joe Reed,WR,,Active,,,,,1693492822625.0,,,999.0,999.0,999.0,999.0,,,,,,,,,,,,,,joe reed
12129,Jalon Calhoun,WR,,Active,,,,,1724816160832.0,,,999.0,999.0,999.0,999.0,,,,,,,,,,,,,,jalon calhoun
11820,Devin Culp,TE,TB,Active,,,,,1785170421526.0,TE,2.0,999.0,999.0,999.0,999.0,7.3,3.3,,,4.0,33.0,,,,,,,,devin culp
13743,Joseph Manjack,WR,DEN,Active,,,,,1785799210397.0,LWR,,999.0,999.0,999.0,999.0,,,,,,,,,,,,,,joseph manjack
7588,Javonte Williams,RB,DAL,Active,,,,,1785697555890.0,RB,1.0,38.3,32.1,35.7,54.8,207.3,170.3,1004.0,239.0,37.0,239.0,1.0,1.0,7.0,,,,,javonte williams
5000,Chase Edmonds,RB,,Active,,,,,1765391759799.0,,,999.0,999.0,999.0,999.0,,,,,,,,,,,,,,chase edmonds
4727,Mitchell Paige,WR,,Active,,,,,,,,999.0,999.0,999.0,999.0,,,,,,,,,,,,,,mitchell paige
8757,Rodney Williams,TE,,Active,,,,,1730845813323.0,,,999.0,999.0,999.0,999.0,,,,,,,,,,,,,,rodney williams
7741,Caleb Huntley,RB,,Active,,,,,1703034057314.0,,,999.0,999.0,999.0,999.0,,,,,,,,,,,,,,caleb huntley
11115,Terrell Bynum,WR,,Active,,,,,1724802957294.0,,,999.0,999.0,999.0,999.0,,,,,,,,,,,,,,terrell bynum
4998,DaeSean Hamilton,WR,,Active,,,,,1700592919473.0,,,999.0,999.0,999.0,999.0,,,,,,,,,,,,,,daesean hamilton
MIN,Vikings,DEF,MIN,,,,,,,,,160.0,154.4,154.0,178.5,92.0,92.0,,,,,,,,,,,,vikings
11599,Cade Stover,TE,HOU,Active,,,,,1780438850031.0,TE,3.0,999.0,999.0,999.0,999.0,33.2,19.2,2.0,2.0,14.0,130.0,1.0,,,,,,,cade stover
8188,Tyquan Thornton,WR,KC,Active,,,,,1784829313030.0,LWR,3.0,999.0,999.0,999.0,999.0,62.6,42.6,,,20.0,306.0,2.0,,,,,,,tyquan thornton
5241,Christian Blake,WR,,Active,,,,,1661285131638.0,,,999.0,999.0,999.0,999.0,,,,,,,,,,,,,,christian blake
5460,Kaare Vedvik,K,,Active,,,,,1631108104037.0,,,999.0,999.0,999.0,999.0,,,,,,,,,,,,,,kaare vedvik
2602,Darius Jennings,WR,,Active,,,,,1629761455179.0,,,999.0,999.0,999.0,999.0,,,,,,,,,,,,,,darius jennings
4936,Skyler Howard,QB,SEA,Active,,,,,,,,999.0,999.0,999.0,999.0,,,,,,,,,,,,,,skyler howard
7091,Aaron Parker,WR,,Active,,,,,1661648159915.0,,,999.0,999.0,999.0,999.0,,,,,,,,,,,,,,aaron parker
9759,C.J. Johnson,WR,,Active,,,,,1686000047730.0,,,999.0,999.0,999.0,999.0,,,,,,,,,,,,,,c j johnson
2334,Phillip Dorsett,WR,LV,Active,,,,,1767686710776.0,LWR,6.0,999.0,999.0,999.0,999.0,,,,,,,,,,,,,,phillip dorsett
1987,Marqise Lee,WR,,Inactive,,,,,1636498531560.0,,,999.0,999.0,999.0,999.0,,,,,,,,,,,,,,marqise lee
12189,Xavier White,WR,,Active,,,,,1721857513928.0,,,999.0,999.0,999.0,999.0,,,,,,,,,,,,,,xavier white
11192,Malik Flowers,WR,,Active,,,,,1697577630327.0,,,999.0,999.0,999.0,999.0,,,,,,,,,,,,,,malik flowers
6865,Colby Parkinson,TE,LAR,Active,,,,,1785607544236.0,TE,2.0,200.2,135.7,196.0,158.1,78.8,48.8,,,30.0,308.0,3.0,,,,,,,colby parkinson
3957,Blake Sims,QB,,Active,,,,,,,,999.0,999.0,999.0,999.0,,,,,,,,,,,,,,blake sims
13294,Makai Lemon,WR,PHI,Active,Questionable,Undisclosed,,,1786115412814.0,SWR,2.0,76.6,76.5,77.9,97.6,168.5,108.5,10.0,2.0,60.0,775.0,5.0,,,,,,,makai lemon
8876,Kevin Kassis,WR,,Active,,,,,1668555355564.0,,,999.0,999.0,999.0,999.0,,,,,,,,,,,,,,kevin kassis
12515,Donovan Edwards,RB,MIA,Active,,,,,1767379839184.0,RB,5.0,999.0,999.0,999.0,999.0,2.1,2.1,21.0,5.0,,,,,,,,,,donovan edwards
6233,Matt Sokol,TE,,Active,,,,,1758130525434.0,,,999.0,999.0,999.0,999.0,,,,,,,,,,,,,,matt sokol
11530,Nick Williams,WR,,Active,,,,,,,,999.0,999.0,999.0,999.0,,,,,,,,,,,,,,nick williams
10216,Kenny McIntosh,RB,,Active,,,,,1785724861096.0,,,999.0,999.0,999.0,999.0,5.2,3.2,16.0,4.0,2.0,16.0,,,,,,,,kenny mcintosh
7062,Rodrigo Blankenship,K,,Active,,,,,1692670211690.0,,,999.0,999.0,999.0,999.0,,,,,,,,,,,,,,rodrigo blankenship
7922,Riley Patterson,K,MIA,Active,,,,,1781378439023.0,K,2.0,267.0,241.0,263.0,289.0,37.0,37.0,,,,,,,,,,,,riley patterson
12859,Nate Noel,RB,,Active,,,,,1756185008259.0,,,999.0,999.0,999.0,999.0,,,,,,,,,,,,,,nate noel
2910,Tyler Rutenbeck,WR,,Active,,,,,,,,999.0,999.0,999.0,999.0,,,,,,,,,,,,,,tyler rutenbeck
6231,John Lovett,QB,,Active,,,,,1691877048594.0,,,999.0,999.0,999.0,999.0,,,,,,,,,,,,,,john lovett
12505,Jalen Royals,WR,KC,Active,,,,,1781223647950.0,LWR,4.0,999.0,999.0,999.0,999.0,40.7,24.7,8.0,1.0,16.0,179.0,1.0,,,,,,,jalen royals
4917,Daryl Virgies,RB,,Active,,,,,,,,999.0,999.0,999.0,999.0,,,,,,,,,,,,,,daryl virgies
12501,Matthew Golden,WR,GB,Active,,,,,1785721859214.0,RWR,3.0,134.1,158.4,132.2,184.0,170.1,112.1,51.0,8.0,58.0,770.0,5.0,,,,,,,matthew golden
3309,Wendell Smallwood,RB,WAS,Active,,,,,1641276961310.0,,,999.0,999.0,999.0,999.0,,,,,,,,,,,,,,wendell smallwood
3242,Kenyan Drake,RB,,Active,,,,,1721490054474.0,,,999.0,999.0,999.0,999.0,,,,,,,,,,,,,,kenyan drake
8721,De'Montre Tuggle,RB,,Active,,,,,1661878223913.0,,,999.0,999.0,999.0,999.0,,,,,,,,,,,,,,de montre tuggle
5697,Zach Olstad,RB,,Inactive,,,,,1534639510426.0,,,999.0,999.0,999.0,999.0,,,,,,,,,,,,,,zach olstad
13412,Kendrick Law,WR,DET,Inactive,IR,Knee - ACL,,,1781769316050.0,PR,8.0,999.0,999.0,999.0,999.0,,,,,,,,,,,,,,kendrick law
4787,Jordan Westerkamp,WR,,Active,,,,,,,,999.0,999.0,999.0,999.0,,,,,,,,,,,,,,jordan westerkamp
6700,Marcelias Sutton,RB,,Active,,,,,1564015532496.0,,,999.0,999.0,999.0,999.0,,,,,,,,,,,,,,marcelias sutton
7152,Sam Sloman,K,,Active,,,,,1666130445742.0,,,999.0,999.0,999.0,999.0,,,,,,,,,,,,,,sam sloman
6832,Kalija Lipscomb,WR,,Active,,,,,1628815218411.0,,,999.0,999.0,999.0,999.0,,,,,,,,,,,,,,kalija lipscomb
7038,Darius Anderson,RB,,Inactive,,,,,1660167603307.0,,,999.0,999.0,999.0,999.0,,,,,,,,,,,,,,darius anderson
4401,Damore'ea Stringfellow,WR,,Active,,,,,1536282602776.0,,,999.0,999.0,999.0,999.0,,,,,,,,,,,,,,damore ea stringfellow
11283,Darius Hagans,RB,,Active,,,,,1693241149135.0,,,999.0,999.0,999.0,999.0,,,,,,,,,,,,,,darius hagans
6372,Xavier Turner,RB,,Active,,,,,1576090851176.0,,,999.0,999.0,999.0,999.0,,,,,,,,,,,,,,xavier turner
8058,Nate McCrary,RB,,Active,,,,,1725664216941.0,,,999.0,999.0,999.0,999.0,,,,,,,,,,,,,,nate mccrary
1077,Travis Benjamin,WR,,Active,,,,,1635697526973.0,,,999.0,999.0,999.0,999.0,,,,,,,,,,,,,,travis benjamin
3371,Darius Jackson,RB,,Active,,,,,1641448515299.0,,,999.0,999.0,999.0,999.0,,,,,,,,,,,,,,darius jackson
2251,Logan Thomas,TE,,Active,,,,,1724808659481.0,,,999.0,999.0,999.0,999.0,,,,,,,,,,,,,,logan thomas
4234,Noah Brown,WR,,Active,Questionable,Ribs,,,1765903843330.0,,,999.0,999.0,999.0,999.0,21.8,14.8,,,7.0,88.0,1.0,,,,,,,noah brown
11223,John Hall,WR,,Active,,,,,1693352703652.0,,,999.0,999.0,999.0,999.0,,,,,,,,,,,,,,john hall
4504,John Robinson-Woodgett,RB,,Active,,,,,,,,999.0,999.0,999.0,999.0,,,,,,,,,,,,,,john robinson woodgett
5385,Alec Bloom,TE,,Active,,,,,,,,999.0,999.0,999.0,999.0,,,,,,,,,,,,,,alec bloom
663,Benjamin Watson,TE,,Injured Reserve,,,,,1584377415560.0,,,999.0,999.0,999.0,999.0,,,,,,,,,,,,,,benjamin watson
4910,Quincy McDuffie,WR,,Active,,,,,,,,999.0,999.0,999.0,999.0,,,,,,,,,,,,,,quincy mcduffie
6744,Greg Ward,WR,,Active,,,,,1724611232252.0,,,999.0,999.0,999.0,999.0,,,,,,,,,,,,,,greg ward
